$MeshFormat
2.2 0 8
$EndMeshFormat
$PhysicalNames
4
1 1 "inlets"
1 2 "outlets"
1 3 "walls"
2 10 "fluid"
$EndPhysicalNames
$Nodes
2056
1 0.08400000000000001 0 0
2 0.08600000000000001 0 0
3 0.08799999999999999 0 0
4 0.09 0 0
5 0.092 0 0
6 0.08400000000000001 0.002 0
7 0.08600000000000001 0.002 0
8 0.08799999999999999 0.002 0
9 0.09 0.002 0
10 0.092 0.002 0
11 0.08400000000000001 0.004 0
12 0.08600000000000001 0.004 0
13 0.08799999999999999 0.004 0
14 0.09 0.004 0
15 0.092 0.004 0
16 0.08400000000000001 0.006 0
17 0.08600000000000001 0.006 0
18 0.08799999999999999 0.006 0
19 0.09 0.006 0
20 0.092 0.006 0
21 0.08400000000000001 0.008 0
22 0.08600000000000001 0.008 0
23 0.08799999999999999 0.008 0
24 0.09 0.008 0
25 0.092 0.008 0
26 0.08400000000000001 0.01 0
27 0.08600000000000001 0.01 0
28 0.08799999999999999 0.01 0
29 0.09 0.01 0
30 0.092 0.01 0
31 0.08400000000000001 0.012 0
32 0.08600000000000001 0.012 0
33 0.08799999999999999 0.012 0
34 0.09 0.012 0
35 0.092 0.012 0
36 0.08400000000000001 0.014 0
37 0.08600000000000001 0.014 0
38 0.08799999999999999 0.014 0
39 0.09 0.014 0
40 0.092 0.014 0
41 0.094 0.014 0
42 0.08400000000000001 0.016 0
43 0.08600000000000001 0.016 0
44 0.08799999999999999 0.016 0
45 0.09 0.016 0
46 0.092 0.016 0
47 0.094 0.016 0
48 0.096 0.016 0
49 0.08400000000000001 0.018 0
50 0.08600000000000001 0.018 0
51 0.08799999999999999 0.018 0
52 0.09 0.018 0
53 0.092 0.018 0
54 0.094 0.018 0
55 0.096 0.018 0
56 0.098 0.018 0
57 -0.016 0.02 0
58 -0.014 0.02 0
59 -0.012 0.02 0
60 -0.01 0.02 0
61 -0.008 0.02 0
62 -0.006 0.02 0
63 -0.004 0.02 0
64 -0.002 0.02 0
65 0 0.02 0
66 0.002 0.02 0
67 0.004 0.02 0
68 0.006 0.02 0
69 0.008 0.02 0
70 0.01 0.02 0
71 0.012 0.02 0
72 0.08400000000000001 0.02 0
73 0.08600000000000001 0.02 0
74 0.08799999999999999 0.02 0
75 0.09 0.02 0
76 0.092 0.02 0
77 0.094 0.02 0
78 0.096 0.02 0
79 0.098 0.02 0
80 0.1 0.02 0
81 0.102 0.02 0
82 0.104 0.02 0
83 0.106 0.02 0
84 0.108 0.02 0
85 0.11 0.02 0
86 0.112 0.02 0
87 0.114 0.02 0
88 0.116 0.02 0
89 0.118 0.02 0
90 0.12 0.02 0
91 0.122 0.02 0
92 0.124 0.02 0
93 0.126 0.02 0
94 0.128 0.02 0
95 0.13 0.02 0
96 0.132 0.02 0
97 0.134 0.02 0
98 0.136 0.02 0
99 0.138 0.02 0
100 0.14 0.02 0
101 0.142 0.02 0
102 0.144 0.02 0
103 -0.016 0.022 0
104 -0.014 0.022 0
105 -0.012 0.022 0
106 -0.01 0.022 0
107 -0.008 0.022 0
108 -0.006 0.022 0
109 -0.004 0.022 0
110 -0.002 0.022 0
111 0 0.022 0
112 0.002 0.022 0
113 0.004 0.022 0
114 0.006 0.022 0
115 0.008 0.022 0
116 0.01 0.022 0
117 0.012 0.022 0
118 0.08400000000000001 0.022 0
119 0.08600000000000001 0.022 0
120 0.08799999999999999 0.022 0
121 0.09 0.022 0
122 0.092 0.022 0
123 0.094 0.022 0
124 0.096 0.022 0
125 0.098 0.022 0
126 0.1 0.022 0
127 0.102 0.022 0
128 0.104 0.022 0
129 0.106 0.022 0
130 0.108 0.022 0
131 0.11 0.022 0
132 0.112 0.022 0
133 0.114 0.022 0
134 0.116 0.022 0
135 0.118 0.022 0
136 0.12 0.022 0
137 0.122 0.022 0
138 0.124 0.022 0
139 0.126 0.022 0
140 0.128 0.022 0
141 0.13 0.022 0
142 0.132 0.022 0
143 0.134 0.022 0
144 0.136 0.022 0
145 0.138 0.022 0
146 0.14 0.022 0
147 0.142 0.022 0
148 0.144 0.022 0
149 -0.016 0.024 0
150 -0.014 0.024 0
151 -0.012 0.024 0
152 -0.01 0.024 0
153 -0.008 0.024 0
154 -0.006 0.024 0
155 -0.004 0.024 0
156 -0.002 0.024 0
157 0 0.024 0
158 0.002 0.024 0
159 0.004 0.024 0
160 0.006 0.024 0
161 0.008 0.024 0
162 0.01 0.024 0
163 0.012 0.024 0
164 0.08400000000000001 0.024 0
165 0.08600000000000001 0.024 0
166 0.08799999999999999 0.024 0
167 0.09 0.024 0
168 0.092 0.024 0
169 0.094 0.024 0
170 0.096 0.024 0
171 0.098 0.024 0
172 0.1 0.024 0
173 0.102 0.024 0
174 0.104 0.024 0
175 0.106 0.024 0
176 0.108 0.024 0
177 0.11 0.024 0
178 0.112 0.024 0
179 0.114 0.024 0
180 0.116 0.024 0
181 0.118 0.024 0
182 0.12 0.024 0
183 0.122 0.024 0
184 0.124 0.024 0
185 0.126 0.024 0
186 0.128 0.024 0
187 0.13 0.024 0
188 0.132 0.024 0
189 0.134 0.024 0
190 0.136 0.024 0
191 0.138 0.024 0
192 0.14 0.024 0
193 0.142 0.024 0
194 0.144 0.024 0
195 -0.016 0.026 0
196 -0.014 0.026 0
197 -0.012 0.026 0
198 -0.01 0.026 0
199 -0.008 0.026 0
200 -0.006 0.026 0
201 -0.004 0.026 0
202 -0.002 0.026 0
203 0 0.026 0
204 0.002 0.026 0
205 0.004 0.026 0
206 0.006 0.026 0
207 0.008 0.026 0
208 0.01 0.026 0
209 0.012 0.026 0
210 0.08400000000000001 0.026 0
211 0.08600000000000001 0.026 0
212 0.08799999999999999 0.026 0
213 0.09 0.026 0
214 0.092 0.026 0
215 0.094 0.026 0
216 0.096 0.026 0
217 0.098 0.026 0
218 0.1 0.026 0
219 0.102 0.026 0
220 0.104 0.026 0
221 0.106 0.026 0
222 0.108 0.026 0
223 0.11 0.026 0
224 0.112 0.026 0
225 0.114 0.026 0
226 0.116 0.026 0
227 0.118 0.026 0
228 0.12 0.026 0
229 0.122 0.026 0
230 0.124 0.026 0
231 0.126 0.026 0
232 0.128 0.026 0
233 0.13 0.026 0
234 0.132 0.026 0
235 0.134 0.026 0
236 0.136 0.026 0
237 0.138 0.026 0
238 0.14 0.026 0
239 0.142 0.026 0
240 0.144 0.026 0
241 -0.016 0.028 0
242 -0.014 0.028 0
243 -0.012 0.028 0
244 -0.01 0.028 0
245 -0.008 0.028 0
246 -0.006 0.028 0
247 -0.004 0.028 0
248 -0.002 0.028 0
249 0 0.028 0
250 0.002 0.028 0
251 0.004 0.028 0
252 0.006 0.028 0
253 0.008 0.028 0
254 0.01 0.028 0
255 0.012 0.028 0
256 0.08400000000000001 0.028 0
257 0.08600000000000001 0.028 0
258 0.08799999999999999 0.028 0
259 0.09 0.028 0
260 0.092 0.028 0
261 0.094 0.028 0
262 0.096 0.028 0
263 0.098 0.028 0
264 0.1 0.028 0
265 0.102 0.028 0
266 0.104 0.028 0
267 0.106 0.028 0
268 0.108 0.028 0
269 0.11 0.028 0
270 0.112 0.028 0
271 0.114 0.028 0
272 0.116 0.028 0
273 0.118 0.028 0
274 0.12 0.028 0
275 0.122 0.028 0
276 0.124 0.028 0
277 0.126 0.028 0
278 0.128 0.028 0
279 0.13 0.028 0
280 0.132 0.028 0
281 0.134 0.028 0
282 0.136 0.028 0
283 0.138 0.028 0
284 0.14 0.028 0
285 0.142 0.028 0
286 0.144 0.028 0
287 0 0.03 0
288 0.002 0.03 0
289 0.004 0.03 0
290 0.006 0.03 0
291 0.008 0.03 0
292 0.01 0.03 0
293 0.012 0.03 0
294 0.014 0.03 0
295 0.082 0.03 0
296 0.08400000000000001 0.03 0
297 0.08600000000000001 0.03 0
298 0.08799999999999999 0.03 0
299 0.09 0.03 0
300 0.092 0.03 0
301 0.094 0.03 0
302 0.096 0.03 0
303 0.098 0.03 0
304 0.1 0.03 0
305 0.102 0.03 0
306 0.104 0.03 0
307 0.106 0.03 0
308 0.108 0.03 0
309 0.11 0.03 0
310 0.112 0.03 0
311 0.114 0.03 0
312 0 0.032 0
313 0.002 0.032 0
314 0.004 0.032 0
315 0.006 0.032 0
316 0.008 0.032 0
317 0.01 0.032 0
318 0.012 0.032 0
319 0.014 0.032 0
320 0.016 0.032 0
321 0.08 0.032 0
322 0.082 0.032 0
323 0.08400000000000001 0.032 0
324 0.08600000000000001 0.032 0
325 0.08799999999999999 0.032 0
326 0.09 0.032 0
327 0.092 0.032 0
328 0.094 0.032 0
329 0.096 0.032 0
330 0.098 0.032 0
331 0.1 0.032 0
332 0.102 0.032 0
333 0.104 0.032 0
334 0.106 0.032 0
335 0.108 0.032 0
336 0.11 0.032 0
337 0.112 0.032 0
338 0 0.034 0
339 0.002 0.034 0
340 0.004 0.034 0
341 0.006 0.034 0
342 0.008 0.034 0
343 0.01 0.034 0
344 0.012 0.034 0
345 0.014 0.034 0
346 0.016 0.034 0
347 0.018 0.034 0
348 0.078 0.034 0
349 0.08 0.034 0
350 0.082 0.034 0
351 0.08400000000000001 0.034 0
352 0.08600000000000001 0.034 0
353 0.08799999999999999 0.034 0
354 0.09 0.034 0
355 0.092 0.034 0
356 0.094 0.034 0
357 0.096 0.034 0
358 0.098 0.034 0
359 0.1 0.034 0
360 0.102 0.034 0
361 0.104 0.034 0
362 0.106 0.034 0
363 0.108 0.034 0
364 0.11 0.034 0
365 0 0.036 0
366 0.002 0.036 0
367 0.004 0.036 0
368 0.006 0.036 0
369 0.008 0.036 0
370 0.01 0.036 0
371 0.012 0.036 0
372 0.014 0.036 0
373 0.016 0.036 0
374 0.018 0.036 0
375 0.02 0.036 0
376 0.022 0.036 0
377 0.024 0.036 0
378 0.026 0.036 0
379 0.028 0.036 0
380 0.03 0.036 0
381 0.032 0.036 0
382 0.034 0.036 0
383 0.036 0.036 0
384 0.038 0.036 0
385 0.04 0.036 0
386 0.042 0.036 0
387 0.044 0.036 0
388 0.046 0.036 0
389 0.048 0.036 0
390 0.05 0.036 0
391 0.052 0.036 0
392 0.054 0.036 0
393 0.056 0.036 0
394 0.058 0.036 0
395 0.06 0.036 0
396 0.062 0.036 0
397 0.064 0.036 0
398 0.066 0.036 0
399 0.068 0.036 0
400 0.07000000000000001 0.036 0
401 0.07200000000000001 0.036 0
402 0.074 0.036 0
403 0.076 0.036 0
404 0.078 0.036 0
405 0.08 0.036 0
406 0.082 0.036 0
407 0.08400000000000001 0.036 0
408 0.08600000000000001 0.036 0
409 0.08799999999999999 0.036 0
410 0.09 0.036 0
411 0.092 0.036 0
412 0.094 0.036 0
413 0.096 0.036 0
414 0.098 0.036 0
415 0.1 0.036 0
416 0.102 0.036 0
417 0.104 0.036 0
418 0.106 0.036 0
419 0.108 0.036 0
420 0 0.038 0
421 0.002 0.038 0
422 0.004 0.038 0
423 0.006 0.038 0
424 0.008 0.038 0
425 0.01 0.038 0
426 0.012 0.038 0
427 0.014 0.038 0
428 0.016 0.038 0
429 0.018 0.038 0
430 0.02 0.038 0
431 0.022 0.038 0
432 0.024 0.038 0
433 0.026 0.038 0
434 0.028 0.038 0
435 0.03 0.038 0
436 0.032 0.038 0
437 0.034 0.038 0
438 0.036 0.038 0
439 0.038 0.038 0
440 0.04 0.038 0
441 0.042 0.038 0
442 0.044 0.038 0
443 0.046 0.038 0
444 0.048 0.038 0
445 0.05 0.038 0
446 0.052 0.038 0
447 0.054 0.038 0
448 0.056 0.038 0
449 0.058 0.038 0
450 0.06 0.038 0
451 0.062 0.038 0
452 0.064 0.038 0
453 0.066 0.038 0
454 0.068 0.038 0
455 0.07000000000000001 0.038 0
456 0.07200000000000001 0.038 0
457 0.074 0.038 0
458 0.076 0.038 0
459 0.078 0.038 0
460 0.08 0.038 0
461 0.082 0.038 0
462 0.08400000000000001 0.038 0
463 0.08600000000000001 0.038 0
464 0.08799999999999999 0.038 0
465 0.09 0.038 0
466 0.092 0.038 0
467 0.094 0.038 0
468 0.096 0.038 0
469 0.098 0.038 0
470 0.1 0.038 0
471 0.102 0.038 0
472 0.104 0.038 0
473 0.106 0.038 0
474 0.108 0.038 0
475 0 0.04 0
476 0.002 0.04 0
477 0.004 0.04 0
478 0.006 0.04 0
479 0.008 0.04 0
480 0.01 0.04 0
481 0.012 0.04 0
482 0.014 0.04 0
483 0.016 0.04 0
484 0.018 0.04 0
485 0.02 0.04 0
486 0.022 0.04 0
487 0.024 0.04 0
488 0.026 0.04 0
489 0.028 0.04 0
490 0.03 0.04 0
491 0.032 0.04 0
492 0.034 0.04 0
493 0.036 0.04 0
494 0.038 0.04 0
495 0.04 0.04 0
496 0.042 0.04 0
497 0.044 0.04 0
498 0.046 0.04 0
499 0.048 0.04 0
500 0.05 0.04 0
501 0.052 0.04 0
502 0.054 0.04 0
503 0.056 0.04 0
504 0.058 0.04 0
505 0.06 0.04 0
506 0.062 0.04 0
507 0.064 0.04 0
508 0.066 0.04 0
509 0.068 0.04 0
510 0.07000000000000001 0.04 0
511 0.07200000000000001 0.04 0
512 0.074 0.04 0
513 0.076 0.04 0
514 0.078 0.04 0
515 0.08 0.04 0
516 0.082 0.04 0
517 0.08400000000000001 0.04 0
518 0.08600000000000001 0.04 0
519 0.08799999999999999 0.04 0
520 0.09 0.04 0
521 0.092 0.04 0
522 0.094 0.04 0
523 0.096 0.04 0
524 0.098 0.04 0
525 0.1 0.04 0
526 0.102 0.04 0
527 0.104 0.04 0
528 0.106 0.04 0
529 0.108 0.04 0
530 0 0.042 0
531 0.002 0.042 0
532 0.004 0.042 0
533 0.006 0.042 0
534 0.008 0.042 0
535 0.01 0.042 0
536 0.012 0.042 0
537 0.014 0.042 0
538 0.016 0.042 0
539 0.018 0.042 0
540 0.02 0.042 0
541 0.022 0.042 0
542 0.024 0.042 0
543 0.026 0.042 0
544 0.028 0.042 0
545 0.03 0.042 0
546 0.032 0.042 0
547 0.034 0.042 0
548 0.036 0.042 0
549 0.038 0.042 0
550 0.04 0.042 0
551 0.042 0.042 0
552 0.044 0.042 0
553 0.046 0.042 0
554 0.048 0.042 0
555 0.05 0.042 0
556 0.052 0.042 0
557 0.054 0.042 0
558 0.056 0.042 0
559 0.058 0.042 0
560 0.06 0.042 0
561 0.062 0.042 0
562 0.064 0.042 0
563 0.066 0.042 0
564 0.068 0.042 0
565 0.07000000000000001 0.042 0
566 0.07200000000000001 0.042 0
567 0.074 0.042 0
568 0.076 0.042 0
569 0.078 0.042 0
570 0.08 0.042 0
571 0.082 0.042 0
572 0.08400000000000001 0.042 0
573 0.08600000000000001 0.042 0
574 0.08799999999999999 0.042 0
575 0.09 0.042 0
576 0.092 0.042 0
577 0.094 0.042 0
578 0.096 0.042 0
579 0.098 0.042 0
580 0.1 0.042 0
581 0.102 0.042 0
582 0.104 0.042 0
583 0.106 0.042 0
584 0.108 0.042 0
585 0 0.044 0
586 0.002 0.044 0
587 0.004 0.044 0
588 0.006 0.044 0
589 0.008 0.044 0
590 0.01 0.044 0
591 0.012 0.044 0
592 0.014 0.044 0
593 0.016 0.044 0
594 0.018 0.044 0
595 0.02 0.044 0
596 0.022 0.044 0
597 0.024 0.044 0
598 0.026 0.044 0
599 0.028 0.044 0
600 0.03 0.044 0
601 0.032 0.044 0
602 0.034 0.044 0
603 0.036 0.044 0
604 0.038 0.044 0
605 0.04 0.044 0
606 0.042 0.044 0
607 0.044 0.044 0
608 0.046 0.044 0
609 0.048 0.044 0
610 0.05 0.044 0
611 0.052 0.044 0
612 0.054 0.044 0
613 0.056 0.044 0
614 0.058 0.044 0
615 0.06 0.044 0
616 0.062 0.044 0
617 0.064 0.044 0
618 0.066 0.044 0
619 0.068 0.044 0
620 0.07000000000000001 0.044 0
621 0.07200000000000001 0.044 0
622 0.074 0.044 0
623 0.076 0.044 0
624 0.078 0.044 0
625 0.08 0.044 0
626 0.082 0.044 0
627 0.08400000000000001 0.044 0
628 0.08600000000000001 0.044 0
629 0.08799999999999999 0.044 0
630 0.09 0.044 0
631 0.092 0.044 0
632 0.094 0.044 0
633 0.096 0.044 0
634 0.098 0.044 0
635 0.1 0.044 0
636 0.102 0.044 0
637 0.104 0.044 0
638 0.106 0.044 0
639 0.108 0.044 0
640 0 0.046 0
641 0.002 0.046 0
642 0.004 0.046 0
643 0.006 0.046 0
644 0.008 0.046 0
645 0.01 0.046 0
646 0.012 0.046 0
647 0.014 0.046 0
648 0.016 0.046 0
649 0.018 0.046 0
650 0.03 0.046 0
651 0.032 0.046 0
652 0.034 0.046 0
653 0.036 0.046 0
654 0.038 0.046 0
655 0.04 0.046 0
656 0.042 0.046 0
657 0.044 0.046 0
658 0.046 0.046 0
659 0.048 0.046 0
660 0.05 0.046 0
661 0.062 0.046 0
662 0.064 0.046 0
663 0.066 0.046 0
664 0.068 0.046 0
665 0.07000000000000001 0.046 0
666 0.07200000000000001 0.046 0
667 0.074 0.046 0
668 0.076 0.046 0
669 0.078 0.046 0
670 0.08 0.046 0
671 0.082 0.046 0
672 0.08400000000000001 0.046 0
673 0.08600000000000001 0.046 0
674 0.08799999999999999 0.046 0
675 0.09 0.046 0
676 0.092 0.046 0
677 0.094 0.046 0
678 0.096 0.046 0
679 0.098 0.046 0
680 0.1 0.046 0
681 0.102 0.046 0
682 0.104 0.046 0
683 0.106 0.046 0
684 0.108 0.046 0
685 0 0.048 0
686 0.002 0.048 0
687 0.004 0.048 0
688 0.006 0.048 0
689 0.008 0.048 0
690 0.01 0.048 0
691 0.012 0.048 0
692 0.014 0.048 0
693 0.016 0.048 0
694 0.032 0.048 0
695 0.034 0.048 0
696 0.036 0.048 0
697 0.038 0.048 0
698 0.04 0.048 0
699 0.042 0.048 0
700 0.044 0.048 0
701 0.046 0.048 0
702 0.048 0.048 0
703 0.064 0.048 0
704 0.066 0.048 0
705 0.068 0.048 0
706 0.07000000000000001 0.048 0
707 0.07200000000000001 0.048 0
708 0.074 0.048 0
709 0.076 0.048 0
710 0.078 0.048 0
711 0.08 0.048 0
712 0.082 0.048 0
713 0.08400000000000001 0.048 0
714 0.08600000000000001 0.048 0
715 0.08799999999999999 0.048 0
716 0.09 0.048 0
717 0.092 0.048 0
718 0.094 0.048 0
719 0.096 0.048 0
720 0.098 0.048 0
721 0.1 0.048 0
722 0.102 0.048 0
723 0.104 0.048 0
724 0.106 0.048 0
725 0.108 0.048 0
726 0 0.05 0
727 0.002 0.05 0
728 0.004 0.05 0
729 0.006 0.05 0
730 0.008 0.05 0
731 0.01 0.05 0
732 0.012 0.05 0
733 0.014 0.05 0
734 0.034 0.05 0
735 0.036 0.05 0
736 0.038 0.05 0
737 0.04 0.05 0
738 0.042 0.05 0
739 0.044 0.05 0
740 0.046 0.05 0
741 0.066 0.05 0
742 0.068 0.05 0
743 0.07000000000000001 0.05 0
744 0.07200000000000001 0.05 0
745 0.074 0.05 0
746 0.076 0.05 0
747 0.078 0.05 0
748 0.08 0.05 0
749 0.082 0.05 0
750 0.08400000000000001 0.05 0
751 0.08600000000000001 0.05 0
752 0.08799999999999999 0.05 0
753 0.09 0.05 0
754 0.092 0.05 0
755 0.094 0.05 0
756 0.096 0.05 0
757 0.098 0.05 0
758 0.1 0.05 0
759 0.102 0.05 0
760 0.104 0.05 0
761 0.106 0.05 0
762 0.108 0.05 0
763 0 0.052 0
764 0.002 0.052 0
765 0.004 0.052 0
766 0.006 0.052 0
767 0.008 0.052 0
768 0.01 0.052 0
769 0.012 0.052 0
770 0.036 0.052 0
771 0.038 0.052 0
772 0.04 0.052 0
773 0.042 0.052 0
774 0.044 0.052 0
775 0.068 0.052 0
776 0.07000000000000001 0.052 0
777 0.07200000000000001 0.052 0
778 0.074 0.052 0
779 0.076 0.052 0
780 0.078 0.052 0
781 0.08 0.052 0
782 0.082 0.052 0
783 0.08400000000000001 0.052 0
784 0.08600000000000001 0.052 0
785 0.08799999999999999 0.052 0
786 0.09 0.052 0
787 0.092 0.052 0
788 0.094 0.052 0
789 0.096 0.052 0
790 0.098 0.052 0
791 0.1 0.052 0
792 0.102 0.052 0
793 0.104 0.052 0
794 0.106 0.052 0
795 0.108 0.052 0
796 0 0.054 0
797 0.002 0.054 0
798 0.004 0.054 0
799 0.006 0.054 0
800 0.008 0.054 0
801 0.01 0.054 0
802 0.012 0.054 0
803 0.036 0.054 0
804 0.038 0.054 0
805 0.04 0.054 0
806 0.042 0.054 0
807 0.044 0.054 0
808 0.068 0.054 0
809 0.07000000000000001 0.054 0
810 0.07200000000000001 0.054 0
811 0.074 0.054 0
812 0.076 0.054 0
813 0.078 0.054 0
814 0.08 0.054 0
815 0.082 0.054 0
816 0.08400000000000001 0.054 0
817 0.08600000000000001 0.054 0
818 0.08799999999999999 0.054 0
819 0.09 0.054 0
820 0.092 0.054 0
821 0.094 0.054 0
822 0.096 0.054 0
823 0.098 0.054 0
824 0.1 0.054 0
825 0.102 0.054 0
826 0.104 0.054 0
827 0.106 0.054 0
828 0.108 0.054 0
829 0 0.056 0
830 0.002 0.056 0
831 0.004 0.056 0
832 0.006 0.056 0
833 0.008 0.056 0
834 0.01 0.056 0
835 0.012 0.056 0
836 0.036 0.056 0
837 0.038 0.056 0
838 0.04 0.056 0
839 0.042 0.056 0
840 0.044 0.056 0
841 0.068 0.056 0
842 0.07000000000000001 0.056 0
843 0.07200000000000001 0.056 0
844 0.074 0.056 0
845 0.076 0.056 0
846 0.078 0.056 0
847 0.08 0.056 0
848 0.082 0.056 0
849 0.08400000000000001 0.056 0
850 0.08600000000000001 0.056 0
851 0.08799999999999999 0.056 0
852 0.09 0.056 0
853 0.092 0.056 0
854 0.094 0.056 0
855 0.096 0.056 0
856 0.098 0.056 0
857 0.1 0.056 0
858 0.102 0.056 0
859 0.104 0.056 0
860 0.106 0.056 0
861 0.108 0.056 0
862 0 0.058 0
863 0.002 0.058 0
864 0.004 0.058 0
865 0.006 0.058 0
866 0.008 0.058 0
867 0.01 0.058 0
868 0.012 0.058 0
869 0.036 0.058 0
870 0.038 0.058 0
871 0.04 0.058 0
872 0.042 0.058 0
873 0.044 0.058 0
874 0.068 0.058 0
875 0.07000000000000001 0.058 0
876 0.07200000000000001 0.058 0
877 0.074 0.058 0
878 0.076 0.058 0
879 0.078 0.058 0
880 0.08 0.058 0
881 0.082 0.058 0
882 0.08400000000000001 0.058 0
883 0.08600000000000001 0.058 0
884 0.08799999999999999 0.058 0
885 0.09 0.058 0
886 0.092 0.058 0
887 0.094 0.058 0
888 0.096 0.058 0
889 0.098 0.058 0
890 0.1 0.058 0
891 0.102 0.058 0
892 0.104 0.058 0
893 0.106 0.058 0
894 0.108 0.058 0
895 0 0.06 0
896 0.002 0.06 0
897 0.004 0.06 0
898 0.006 0.06 0
899 0.008 0.06 0
900 0.01 0.06 0
901 0.012 0.06 0
902 0.036 0.06 0
903 0.038 0.06 0
904 0.04 0.06 0
905 0.042 0.06 0
906 0.044 0.06 0
907 0.068 0.06 0
908 0.07000000000000001 0.06 0
909 0.07200000000000001 0.06 0
910 0.074 0.06 0
911 0.076 0.06 0
912 0.078 0.06 0
913 0.08 0.06 0
914 0.082 0.06 0
915 0.08400000000000001 0.06 0
916 0.08600000000000001 0.06 0
917 0.08799999999999999 0.06 0
918 0.09 0.06 0
919 0.092 0.06 0
920 0.094 0.06 0
921 0.096 0.06 0
922 0.098 0.06 0
923 0.1 0.06 0
924 0.102 0.06 0
925 0.104 0.06 0
926 0.106 0.06 0
927 0.108 0.06 0
928 0 0.062 0
929 0.002 0.062 0
930 0.004 0.062 0
931 0.006 0.062 0
932 0.008 0.062 0
933 0.01 0.062 0
934 0.012 0.062 0
935 0.036 0.062 0
936 0.038 0.062 0
937 0.04 0.062 0
938 0.042 0.062 0
939 0.044 0.062 0
940 0.046 0.062 0
941 0.066 0.062 0
942 0.068 0.062 0
943 0.07000000000000001 0.062 0
944 0.07200000000000001 0.062 0
945 0.074 0.062 0
946 0.076 0.062 0
947 0.078 0.062 0
948 0.08 0.062 0
949 0.082 0.062 0
950 0.08400000000000001 0.062 0
951 0.08600000000000001 0.062 0
952 0.08799999999999999 0.062 0
953 0.09 0.062 0
954 0.092 0.062 0
955 0.094 0.062 0
956 0.096 0.062 0
957 0.098 0.062 0
958 0 0.064 0
959 0.002 0.064 0
960 0.004 0.064 0
961 0.006 0.064 0
962 0.008 0.064 0
963 0.01 0.064 0
964 0.012 0.064 0
965 0.036 0.064 0
966 0.038 0.064 0
967 0.04 0.064 0
968 0.042 0.064 0
969 0.044 0.064 0
970 0.046 0.064 0
971 0.048 0.064 0
972 0.064 0.064 0
973 0.066 0.064 0
974 0.068 0.064 0
975 0.07000000000000001 0.064 0
976 0.07200000000000001 0.064 0
977 0.074 0.064 0
978 0.076 0.064 0
979 0.078 0.064 0
980 0.08 0.064 0
981 0.082 0.064 0
982 0.08400000000000001 0.064 0
983 0.08600000000000001 0.064 0
984 0.08799999999999999 0.064 0
985 0.09 0.064 0
986 0.092 0.064 0
987 0.094 0.064 0
988 0.096 0.064 0
989 0 0.066 0
990 0.002 0.066 0
991 0.004 0.066 0
992 0.006 0.066 0
993 0.008 0.066 0
994 0.01 0.066 0
995 0.012 0.066 0
996 0.036 0.066 0
997 0.038 0.066 0
998 0.04 0.066 0
999 0.042 0.066 0
1000 0.044 0.066 0
1001 0.046 0.066 0
1002 0.048 0.066 0
1003 0.05 0.066 0
1004 0.062 0.066 0
1005 0.064 0.066 0
1006 0.066 0.066 0
1007 0.068 0.066 0
1008 0.07000000000000001 0.066 0
1009 0.07200000000000001 0.066 0
1010 0.074 0.066 0
1011 0.076 0.066 0
1012 0.078 0.066 0
1013 0.08 0.066 0
1014 0.082 0.066 0
1015 0.08400000000000001 0.066 0
1016 0.08600000000000001 0.066 0
1017 0.08799999999999999 0.066 0
1018 0.09 0.066 0
1019 0.092 0.066 0
1020 0.094 0.066 0
1021 0 0.068 0
1022 0.002 0.068 0
1023 0.004 0.068 0
1024 0.006 0.068 0
1025 0.008 0.068 0
1026 0.01 0.068 0
1027 0.012 0.068 0
1028 0.036 0.068 0
1029 0.038 0.068 0
1030 0.04 0.068 0
1031 0.042 0.068 0
1032 0.044 0.068 0
1033 0.046 0.068 0
1034 0.048 0.068 0
1035 0.05 0.068 0
1036 0.052 0.068 0
1037 0.054 0.068 0
1038 0.056 0.068 0
1039 0.058 0.068 0
1040 0.06 0.068 0
1041 0.062 0.068 0
1042 0.064 0.068 0
1043 0.066 0.068 0
1044 0.068 0.068 0
1045 0.07000000000000001 0.068 0
1046 0.07200000000000001 0.068 0
1047 0.074 0.068 0
1048 0.076 0.068 0
1049 0.078 0.068 0
1050 0.08 0.068 0
1051 0.082 0.068 0
1052 0.08400000000000001 0.068 0
1053 0.08600000000000001 0.068 0
1054 0.08799999999999999 0.068 0
1055 0.09 0.068 0
1056 0.092 0.068 0
1057 0 0.07000000000000001 0
1058 0.002 0.07000000000000001 0
1059 0.004 0.07000000000000001 0
1060 0.006 0.07000000000000001 0
1061 0.008 0.07000000000000001 0
1062 0.01 0.07000000000000001 0
1063 0.012 0.07000000000000001 0
1064 0.036 0.07000000000000001 0
1065 0.038 0.07000000000000001 0
1066 0.04 0.07000000000000001 0
1067 0.042 0.07000000000000001 0
1068 0.044 0.07000000000000001 0
1069 0.046 0.07000000000000001 0
1070 0.048 0.07000000000000001 0
1071 0.05 0.07000000000000001 0
1072 0.052 0.07000000000000001 0
1073 0.054 0.07000000000000001 0
1074 0.056 0.07000000000000001 0
1075 0.058 0.07000000000000001 0
1076 0.06 0.07000000000000001 0
1077 0.062 0.07000000000000001 0
1078 0.064 0.07000000000000001 0
1079 0.066 0.07000000000000001 0
1080 0.068 0.07000000000000001 0
1081 0.07000000000000001 0.07000000000000001 0
1082 0.07200000000000001 0.07000000000000001 0
1083 0.074 0.07000000000000001 0
1084 0.076 0.07000000000000001 0
1085 0.078 0.07000000000000001 0
1086 0.08 0.07000000000000001 0
1087 0.082 0.07000000000000001 0
1088 0.08400000000000001 0.07000000000000001 0
1089 0.08600000000000001 0.07000000000000001 0
1090 0.08799999999999999 0.07000000000000001 0
1091 0.09 0.07000000000000001 0
1092 0.092 0.07000000000000001 0
1093 0 0.07200000000000001 0
1094 0.002 0.07200000000000001 0
1095 0.004 0.07200000000000001 0
1096 0.006 0.07200000000000001 0
1097 0.008 0.07200000000000001 0
1098 0.01 0.07200000000000001 0
1099 0.012 0.07200000000000001 0
1100 0.036 0.07200000000000001 0
1101 0.038 0.07200000000000001 0
1102 0.04 0.07200000000000001 0
1103 0.042 0.07200000000000001 0
1104 0.044 0.07200000000000001 0
1105 0.046 0.07200000000000001 0
1106 0.048 0.07200000000000001 0
1107 0.05 0.07200000000000001 0
1108 0.052 0.07200000000000001 0
1109 0.054 0.07200000000000001 0
1110 0.056 0.07200000000000001 0
1111 0.058 0.07200000000000001 0
1112 0.06 0.07200000000000001 0
1113 0.062 0.07200000000000001 0
1114 0.064 0.07200000000000001 0
1115 0.066 0.07200000000000001 0
1116 0.068 0.07200000000000001 0
1117 0.07000000000000001 0.07200000000000001 0
1118 0.07200000000000001 0.07200000000000001 0
1119 0.074 0.07200000000000001 0
1120 0.076 0.07200000000000001 0
1121 0.078 0.07200000000000001 0
1122 0.08 0.07200000000000001 0
1123 0.082 0.07200000000000001 0
1124 0.08400000000000001 0.07200000000000001 0
1125 0.08600000000000001 0.07200000000000001 0
1126 0.08799999999999999 0.07200000000000001 0
1127 0.09 0.07200000000000001 0
1128 0.092 0.07200000000000001 0
1129 0 0.074 0
1130 0.002 0.074 0
1131 0.004 0.074 0
1132 0.006 0.074 0
1133 0.008 0.074 0
1134 0.01 0.074 0
1135 0.012 0.074 0
1136 0.036 0.074 0
1137 0.038 0.074 0
1138 0.04 0.074 0
1139 0.042 0.074 0
1140 0.044 0.074 0
1141 0.046 0.074 0
1142 0.048 0.074 0
1143 0.05 0.074 0
1144 0.052 0.074 0
1145 0.054 0.074 0
1146 0.056 0.074 0
1147 0.058 0.074 0
1148 0.06 0.074 0
1149 0.062 0.074 0
1150 0.064 0.074 0
1151 0.066 0.074 0
1152 0.068 0.074 0
1153 0.07000000000000001 0.074 0
1154 0.07200000000000001 0.074 0
1155 0.074 0.074 0
1156 0.076 0.074 0
1157 0.078 0.074 0
1158 0.08 0.074 0
1159 0.082 0.074 0
1160 0.08400000000000001 0.074 0
1161 0.08600000000000001 0.074 0
1162 0.08799999999999999 0.074 0
1163 0.09 0.074 0
1164 0.092 0.074 0
1165 0 0.076 0
1166 0.002 0.076 0
1167 0.004 0.076 0
1168 0.006 0.076 0
1169 0.008 0.076 0
1170 0.01 0.076 0
1171 0.012 0.076 0
1172 0.036 0.076 0
1173 0.038 0.076 0
1174 0.04 0.076 0
1175 0.042 0.076 0
1176 0.044 0.076 0
1177 0.046 0.076 0
1178 0.048 0.076 0
1179 0.05 0.076 0
1180 0.052 0.076 0
1181 0.054 0.076 0
1182 0.056 0.076 0
1183 0.058 0.076 0
1184 0.06 0.076 0
1185 0.062 0.076 0
1186 0.064 0.076 0
1187 0.066 0.076 0
1188 0.068 0.076 0
1189 0.07000000000000001 0.076 0
1190 0.07200000000000001 0.076 0
1191 0.074 0.076 0
1192 0.076 0.076 0
1193 0.078 0.076 0
1194 0.08 0.076 0
1195 0.082 0.076 0
1196 0.08400000000000001 0.076 0
1197 0.08600000000000001 0.076 0
1198 0.08799999999999999 0.076 0
1199 0.09 0.076 0
1200 0.092 0.076 0
1201 0.034 0.078 0
1202 0.036 0.078 0
1203 0.038 0.078 0
1204 0.04 0.078 0
1205 0.042 0.078 0
1206 0.044 0.078 0
1207 0.046 0.078 0
1208 0.048 0.078 0
1209 0.05 0.078 0
1210 0.052 0.078 0
1211 0.054 0.078 0
1212 0.056 0.078 0
1213 0.058 0.078 0
1214 0.06 0.078 0
1215 0.062 0.078 0
1216 0.064 0.078 0
1217 0.066 0.078 0
1218 0.068 0.078 0
1219 0.07000000000000001 0.078 0
1220 0.07200000000000001 0.078 0
1221 0.074 0.078 0
1222 0.076 0.078 0
1223 0.078 0.078 0
1224 0.08 0.078 0
1225 0.082 0.078 0
1226 0.08400000000000001 0.078 0
1227 0.08600000000000001 0.078 0
1228 0.08799999999999999 0.078 0
1229 0.09 0.078 0
1230 0.092 0.078 0
1231 0.094 0.078 0
1232 0.032 0.08 0
1233 0.034 0.08 0
1234 0.036 0.08 0
1235 0.038 0.08 0
1236 0.04 0.08 0
1237 0.042 0.08 0
1238 0.044 0.08 0
1239 0.046 0.08 0
1240 0.048 0.08 0
1241 0.05 0.08 0
1242 0.052 0.08 0
1243 0.054 0.08 0
1244 0.056 0.08 0
1245 0.058 0.08 0
1246 0.06 0.08 0
1247 0.062 0.08 0
1248 0.064 0.08 0
1249 0.066 0.08 0
1250 0.068 0.08 0
1251 0.07000000000000001 0.08 0
1252 0.07200000000000001 0.08 0
1253 0.074 0.08 0
1254 0.076 0.08 0
1255 0.078 0.08 0
1256 0.08 0.08 0
1257 0.082 0.08 0
1258 0.08400000000000001 0.08 0
1259 0.08600000000000001 0.08 0
1260 0.08799999999999999 0.08 0
1261 0.09 0.08 0
1262 0.092 0.08 0
1263 0.094 0.08 0
1264 0.096 0.08 0
1265 0.03 0.082 0
1266 0.032 0.082 0
1267 0.034 0.082 0
1268 0.036 0.082 0
1269 0.038 0.082 0
1270 0.04 0.082 0
1271 0.042 0.082 0
1272 0.044 0.082 0
1273 0.046 0.082 0
1274 0.048 0.082 0
1275 0.05 0.082 0
1276 0.052 0.082 0
1277 0.054 0.082 0
1278 0.056 0.082 0
1279 0.058 0.082 0
1280 0.06 0.082 0
1281 0.062 0.082 0
1282 0.064 0.082 0
1283 0.066 0.082 0
1284 0.068 0.082 0
1285 0.07000000000000001 0.082 0
1286 0.07200000000000001 0.082 0
1287 0.074 0.082 0
1288 0.076 0.082 0
1289 0.078 0.082 0
1290 0.08 0.082 0
1291 0.082 0.082 0
1292 0.08400000000000001 0.082 0
1293 0.08600000000000001 0.082 0
1294 0.08799999999999999 0.082 0
1295 0.09 0.082 0
1296 0.092 0.082 0
1297 0.094 0.082 0
1298 0.096 0.082 0
1299 0.098 0.082 0
1300 0.02 0.08400000000000001 0
1301 0.022 0.08400000000000001 0
1302 0.024 0.08400000000000001 0
1303 0.026 0.08400000000000001 0
1304 0.028 0.08400000000000001 0
1305 0.03 0.08400000000000001 0
1306 0.032 0.08400000000000001 0
1307 0.034 0.08400000000000001 0
1308 0.036 0.08400000000000001 0
1309 0.038 0.08400000000000001 0
1310 0.04 0.08400000000000001 0
1311 0.042 0.08400000000000001 0
1312 0.044 0.08400000000000001 0
1313 0.046 0.08400000000000001 0
1314 0.048 0.08400000000000001 0
1315 0.05 0.08400000000000001 0
1316 0.052 0.08400000000000001 0
1317 0.054 0.08400000000000001 0
1318 0.056 0.08400000000000001 0
1319 0.058 0.08400000000000001 0
1320 0.06 0.08400000000000001 0
1321 0.062 0.08400000000000001 0
1322 0.064 0.08400000000000001 0
1323 0.066 0.08400000000000001 0
1324 0.068 0.08400000000000001 0
1325 0.07000000000000001 0.08400000000000001 0
1326 0.07200000000000001 0.08400000000000001 0
1327 0.074 0.08400000000000001 0
1328 0.076 0.08400000000000001 0
1329 0.078 0.08400000000000001 0
1330 0.08 0.08400000000000001 0
1331 0.082 0.08400000000000001 0
1332 0.08400000000000001 0.08400000000000001 0
1333 0.08600000000000001 0.08400000000000001 0
1334 0.08799999999999999 0.08400000000000001 0
1335 0.09 0.08400000000000001 0
1336 0.092 0.08400000000000001 0
1337 0.094 0.08400000000000001 0
1338 0.096 0.08400000000000001 0
1339 0.098 0.08400000000000001 0
1340 0.1 0.08400000000000001 0
1341 0.102 0.08400000000000001 0
1342 0.104 0.08400000000000001 0
1343 0.106 0.08400000000000001 0
1344 0.108 0.08400000000000001 0
1345 0.02 0.08600000000000001 0
1346 0.022 0.08600000000000001 0
1347 0.024 0.08600000000000001 0
1348 0.026 0.08600000000000001 0
1349 0.028 0.08600000000000001 0
1350 0.03 0.08600000000000001 0
1351 0.032 0.08600000000000001 0
1352 0.034 0.08600000000000001 0
1353 0.036 0.08600000000000001 0
1354 0.038 0.08600000000000001 0
1355 0.04 0.08600000000000001 0
1356 0.042 0.08600000000000001 0
1357 0.044 0.08600000000000001 0
1358 0.046 0.08600000000000001 0
1359 0.048 0.08600000000000001 0
1360 0.05 0.08600000000000001 0
1361 0.052 0.08600000000000001 0
1362 0.054 0.08600000000000001 0
1363 0.056 0.08600000000000001 0
1364 0.058 0.08600000000000001 0
1365 0.06 0.08600000000000001 0
1366 0.062 0.08600000000000001 0
1367 0.064 0.08600000000000001 0
1368 0.066 0.08600000000000001 0
1369 0.068 0.08600000000000001 0
1370 0.07000000000000001 0.08600000000000001 0
1371 0.07200000000000001 0.08600000000000001 0
1372 0.074 0.08600000000000001 0
1373 0.076 0.08600000000000001 0
1374 0.078 0.08600000000000001 0
1375 0.08 0.08600000000000001 0
1376 0.082 0.08600000000000001 0
1377 0.08400000000000001 0.08600000000000001 0
1378 0.08600000000000001 0.08600000000000001 0
1379 0.08799999999999999 0.08600000000000001 0
1380 0.09 0.08600000000000001 0
1381 0.092 0.08600000000000001 0
1382 0.094 0.08600000000000001 0
1383 0.096 0.08600000000000001 0
1384 0.098 0.08600000000000001 0
1385 0.1 0.08600000000000001 0
1386 0.102 0.08600000000000001 0
1387 0.104 0.08600000000000001 0
1388 0.106 0.08600000000000001 0
1389 0.108 0.08600000000000001 0
1390 0.02 0.08799999999999999 0
1391 0.022 0.08799999999999999 0
1392 0.024 0.08799999999999999 0
1393 0.026 0.08799999999999999 0
1394 0.028 0.08799999999999999 0
1395 0.03 0.08799999999999999 0
1396 0.032 0.08799999999999999 0
1397 0.034 0.08799999999999999 0
1398 0.036 0.08799999999999999 0
1399 0.038 0.08799999999999999 0
1400 0.04 0.08799999999999999 0
1401 0.042 0.08799999999999999 0
1402 0.044 0.08799999999999999 0
1403 0.046 0.08799999999999999 0
1404 0.048 0.08799999999999999 0
1405 0.05 0.08799999999999999 0
1406 0.052 0.08799999999999999 0
1407 0.054 0.08799999999999999 0
1408 0.056 0.08799999999999999 0
1409 0.058 0.08799999999999999 0
1410 0.06 0.08799999999999999 0
1411 0.062 0.08799999999999999 0
1412 0.064 0.08799999999999999 0
1413 0.066 0.08799999999999999 0
1414 0.068 0.08799999999999999 0
1415 0.07000000000000001 0.08799999999999999 0
1416 0.07200000000000001 0.08799999999999999 0
1417 0.074 0.08799999999999999 0
1418 0.076 0.08799999999999999 0
1419 0.078 0.08799999999999999 0
1420 0.08 0.08799999999999999 0
1421 0.082 0.08799999999999999 0
1422 0.08400000000000001 0.08799999999999999 0
1423 0.08600000000000001 0.08799999999999999 0
1424 0.08799999999999999 0.08799999999999999 0
1425 0.09 0.08799999999999999 0
1426 0.092 0.08799999999999999 0
1427 0.094 0.08799999999999999 0
1428 0.096 0.08799999999999999 0
1429 0.098 0.08799999999999999 0
1430 0.1 0.08799999999999999 0
1431 0.102 0.08799999999999999 0
1432 0.104 0.08799999999999999 0
1433 0.106 0.08799999999999999 0
1434 0.108 0.08799999999999999 0
1435 0.02 0.09 0
1436 0.022 0.09 0
1437 0.024 0.09 0
1438 0.026 0.09 0
1439 0.028 0.09 0
1440 0.03 0.09 0
1441 0.032 0.09 0
1442 0.034 0.09 0
1443 0.036 0.09 0
1444 0.038 0.09 0
1445 0.04 0.09 0
1446 0.042 0.09 0
1447 0.044 0.09 0
1448 0.046 0.09 0
1449 0.048 0.09 0
1450 0.05 0.09 0
1451 0.052 0.09 0
1452 0.054 0.09 0
1453 0.056 0.09 0
1454 0.058 0.09 0
1455 0.06 0.09 0
1456 0.062 0.09 0
1457 0.064 0.09 0
1458 0.066 0.09 0
1459 0.068 0.09 0
1460 0.07000000000000001 0.09 0
1461 0.07200000000000001 0.09 0
1462 0.074 0.09 0
1463 0.076 0.09 0
1464 0.078 0.09 0
1465 0.08 0.09 0
1466 0.082 0.09 0
1467 0.08400000000000001 0.09 0
1468 0.08600000000000001 0.09 0
1469 0.08799999999999999 0.09 0
1470 0.09 0.09 0
1471 0.092 0.09 0
1472 0.094 0.09 0
1473 0.096 0.09 0
1474 0.098 0.09 0
1475 0.1 0.09 0
1476 0.102 0.09 0
1477 0.104 0.09 0
1478 0.106 0.09 0
1479 0.108 0.09 0
1480 0.02 0.092 0
1481 0.022 0.092 0
1482 0.024 0.092 0
1483 0.026 0.092 0
1484 0.028 0.092 0
1485 0.03 0.092 0
1486 0.032 0.092 0
1487 0.034 0.092 0
1488 0.036 0.092 0
1489 0.038 0.092 0
1490 0.04 0.092 0
1491 0.042 0.092 0
1492 0.044 0.092 0
1493 0.046 0.092 0
1494 0.048 0.092 0
1495 0.05 0.092 0
1496 0.052 0.092 0
1497 0.054 0.092 0
1498 0.056 0.092 0
1499 0.058 0.092 0
1500 0.06 0.092 0
1501 0.062 0.092 0
1502 0.064 0.092 0
1503 0.066 0.092 0
1504 0.068 0.092 0
1505 0.07000000000000001 0.092 0
1506 0.07200000000000001 0.092 0
1507 0.074 0.092 0
1508 0.076 0.092 0
1509 0.078 0.092 0
1510 0.08 0.092 0
1511 0.082 0.092 0
1512 0.08400000000000001 0.092 0
1513 0.08600000000000001 0.092 0
1514 0.08799999999999999 0.092 0
1515 0.09 0.092 0
1516 0.092 0.092 0
1517 0.094 0.092 0
1518 0.096 0.092 0
1519 0.098 0.092 0
1520 0.1 0.092 0
1521 0.102 0.092 0
1522 0.104 0.092 0
1523 0.106 0.092 0
1524 0.108 0.092 0
1525 0.018 0.094 0
1526 0.02 0.094 0
1527 0.022 0.094 0
1528 0.024 0.094 0
1529 0.026 0.094 0
1530 0.028 0.094 0
1531 0.03 0.094 0
1532 0.032 0.094 0
1533 0.034 0.094 0
1534 0.036 0.094 0
1535 0.038 0.094 0
1536 0.04 0.094 0
1537 0.042 0.094 0
1538 0.044 0.094 0
1539 0.046 0.094 0
1540 0.048 0.094 0
1541 0.05 0.094 0
1542 0.052 0.094 0
1543 0.054 0.094 0
1544 0.056 0.094 0
1545 0.058 0.094 0
1546 0.06 0.094 0
1547 0.062 0.094 0
1548 0.064 0.094 0
1549 0.066 0.094 0
1550 0.068 0.094 0
1551 0.07000000000000001 0.094 0
1552 0.07200000000000001 0.094 0
1553 0.074 0.094 0
1554 0.076 0.094 0
1555 0.078 0.094 0
1556 0.08 0.094 0
1557 0.082 0.094 0
1558 0.094 0.094 0
1559 0.096 0.094 0
1560 0.098 0.094 0
1561 0.1 0.094 0
1562 0.102 0.094 0
1563 0.104 0.094 0
1564 0.106 0.094 0
1565 0.108 0.094 0
1566 0.11 0.094 0
1567 0.016 0.096 0
1568 0.018 0.096 0
1569 0.02 0.096 0
1570 0.022 0.096 0
1571 0.024 0.096 0
1572 0.026 0.096 0
1573 0.028 0.096 0
1574 0.03 0.096 0
1575 0.032 0.096 0
1576 0.034 0.096 0
1577 0.036 0.096 0
1578 0.038 0.096 0
1579 0.04 0.096 0
1580 0.042 0.096 0
1581 0.044 0.096 0
1582 0.046 0.096 0
1583 0.048 0.096 0
1584 0.05 0.096 0
1585 0.052 0.096 0
1586 0.054 0.096 0
1587 0.056 0.096 0
1588 0.058 0.096 0
1589 0.06 0.096 0
1590 0.062 0.096 0
1591 0.064 0.096 0
1592 0.066 0.096 0
1593 0.068 0.096 0
1594 0.07000000000000001 0.096 0
1595 0.07200000000000001 0.096 0
1596 0.074 0.096 0
1597 0.076 0.096 0
1598 0.078 0.096 0
1599 0.08 0.096 0
1600 0.096 0.096 0
1601 0.098 0.096 0
1602 0.1 0.096 0
1603 0.102 0.096 0
1604 0.104 0.096 0
1605 0.106 0.096 0
1606 0.108 0.096 0
1607 0.11 0.096 0
1608 0.112 0.096 0
1609 0.014 0.098 0
1610 0.016 0.098 0
1611 0.018 0.098 0
1612 0.02 0.098 0
1613 0.022 0.098 0
1614 0.024 0.098 0
1615 0.026 0.098 0
1616 0.028 0.098 0
1617 0.03 0.098 0
1618 0.032 0.098 0
1619 0.034 0.098 0
1620 0.036 0.098 0
1621 0.038 0.098 0
1622 0.04 0.098 0
1623 0.042 0.098 0
1624 0.044 0.098 0
1625 0.046 0.098 0
1626 0.048 0.098 0
1627 0.05 0.098 0
1628 0.052 0.098 0
1629 0.054 0.098 0
1630 0.056 0.098 0
1631 0.058 0.098 0
1632 0.06 0.098 0
1633 0.062 0.098 0
1634 0.064 0.098 0
1635 0.066 0.098 0
1636 0.068 0.098 0
1637 0.07000000000000001 0.098 0
1638 0.07200000000000001 0.098 0
1639 0.074 0.098 0
1640 0.076 0.098 0
1641 0.078 0.098 0
1642 0.098 0.098 0
1643 0.1 0.098 0
1644 0.102 0.098 0
1645 0.104 0.098 0
1646 0.106 0.098 0
1647 0.108 0.098 0
1648 0.11 0.098 0
1649 0.112 0.098 0
1650 0.114 0.098 0
1651 -0.016 0.1 0
1652 -0.014 0.1 0
1653 -0.012 0.1 0
1654 -0.01 0.1 0
1655 -0.008 0.1 0
1656 -0.006 0.1 0
1657 -0.004 0.1 0
1658 -0.002 0.1 0
1659 0 0.1 0
1660 0.002 0.1 0
1661 0.004 0.1 0
1662 0.006 0.1 0
1663 0.008 0.1 0
1664 0.01 0.1 0
1665 0.012 0.1 0
1666 0.014 0.1 0
1667 0.016 0.1 0
1668 0.018 0.1 0
1669 0.02 0.1 0
1670 0.022 0.1 0
1671 0.024 0.1 0
1672 0.026 0.1 0
1673 0.028 0.1 0
1674 0.03 0.1 0
1675 0.032 0.1 0
1676 0.034 0.1 0
1677 0.036 0.1 0
1678 0.038 0.1 0
1679 0.04 0.1 0
1680 0.042 0.1 0
1681 0.044 0.1 0
1682 0.046 0.1 0
1683 0.048 0.1 0
1684 0.05 0.1 0
1685 0.052 0.1 0
1686 0.054 0.1 0
1687 0.056 0.1 0
1688 0.058 0.1 0
1689 0.06 0.1 0
1690 0.062 0.1 0
1691 0.064 0.1 0
1692 0.066 0.1 0
1693 0.068 0.1 0
1694 0.07000000000000001 0.1 0
1695 0.07200000000000001 0.1 0
1696 0.074 0.1 0
1697 0.076 0.1 0
1698 0.1 0.1 0
1699 0.102 0.1 0
1700 0.104 0.1 0
1701 0.106 0.1 0
1702 0.108 0.1 0
1703 0.11 0.1 0
1704 0.112 0.1 0
1705 0.114 0.1 0
1706 0.116 0.1 0
1707 0.118 0.1 0
1708 0.12 0.1 0
1709 0.122 0.1 0
1710 0.124 0.1 0
1711 0.126 0.1 0
1712 0.128 0.1 0
1713 0.13 0.1 0
1714 0.132 0.1 0
1715 0.134 0.1 0
1716 0.136 0.1 0
1717 0.138 0.1 0
1718 0.14 0.1 0
1719 0.142 0.1 0
1720 0.144 0.1 0
1721 -0.016 0.102 0
1722 -0.014 0.102 0
1723 -0.012 0.102 0
1724 -0.01 0.102 0
1725 -0.008 0.102 0
1726 -0.006 0.102 0
1727 -0.004 0.102 0
1728 -0.002 0.102 0
1729 0 0.102 0
1730 0.002 0.102 0
1731 0.004 0.102 0
1732 0.006 0.102 0
1733 0.008 0.102 0
1734 0.01 0.102 0
1735 0.012 0.102 0
1736 0.014 0.102 0
1737 0.016 0.102 0
1738 0.018 0.102 0
1739 0.02 0.102 0
1740 0.022 0.102 0
1741 0.024 0.102 0
1742 0.026 0.102 0
1743 0.028 0.102 0
1744 0.03 0.102 0
1745 0.032 0.102 0
1746 0.034 0.102 0
1747 0.036 0.102 0
1748 0.038 0.102 0
1749 0.04 0.102 0
1750 0.042 0.102 0
1751 0.044 0.102 0
1752 0.046 0.102 0
1753 0.048 0.102 0
1754 0.05 0.102 0
1755 0.052 0.102 0
1756 0.054 0.102 0
1757 0.056 0.102 0
1758 0.058 0.102 0
1759 0.06 0.102 0
1760 0.062 0.102 0
1761 0.064 0.102 0
1762 0.066 0.102 0
1763 0.068 0.102 0
1764 0.07000000000000001 0.102 0
1765 0.07200000000000001 0.102 0
1766 0.074 0.102 0
1767 0.076 0.102 0
1768 0.1 0.102 0
1769 0.102 0.102 0
1770 0.104 0.102 0
1771 0.106 0.102 0
1772 0.108 0.102 0
1773 0.11 0.102 0
1774 0.112 0.102 0
1775 0.114 0.102 0
1776 0.116 0.102 0
1777 0.118 0.102 0
1778 0.12 0.102 0
1779 0.122 0.102 0
1780 0.124 0.102 0
1781 0.126 0.102 0
1782 0.128 0.102 0
1783 0.13 0.102 0
1784 0.132 0.102 0
1785 0.134 0.102 0
1786 0.136 0.102 0
1787 0.138 0.102 0
1788 0.14 0.102 0
1789 0.142 0.102 0
1790 0.144 0.102 0
1791 -0.016 0.104 0
1792 -0.014 0.104 0
1793 -0.012 0.104 0
1794 -0.01 0.104 0
1795 -0.008 0.104 0
1796 -0.006 0.104 0
1797 -0.004 0.104 0
1798 -0.002 0.104 0
1799 0 0.104 0
1800 0.002 0.104 0
1801 0.004 0.104 0
1802 0.006 0.104 0
1803 0.008 0.104 0
1804 0.01 0.104 0
1805 0.012 0.104 0
1806 0.014 0.104 0
1807 0.016 0.104 0
1808 0.018 0.104 0
1809 0.02 0.104 0
1810 0.022 0.104 0
1811 0.024 0.104 0
1812 0.026 0.104 0
1813 0.028 0.104 0
1814 0.03 0.104 0
1815 0.032 0.104 0
1816 0.034 0.104 0
1817 0.036 0.104 0
1818 0.038 0.104 0
1819 0.04 0.104 0
1820 0.042 0.104 0
1821 0.044 0.104 0
1822 0.046 0.104 0
1823 0.048 0.104 0
1824 0.05 0.104 0
1825 0.052 0.104 0
1826 0.054 0.104 0
1827 0.056 0.104 0
1828 0.058 0.104 0
1829 0.06 0.104 0
1830 0.062 0.104 0
1831 0.064 0.104 0
1832 0.066 0.104 0
1833 0.068 0.104 0
1834 0.07000000000000001 0.104 0
1835 0.07200000000000001 0.104 0
1836 0.074 0.104 0
1837 0.076 0.104 0
1838 0.1 0.104 0
1839 0.102 0.104 0
1840 0.104 0.104 0
1841 0.106 0.104 0
1842 0.108 0.104 0
1843 0.11 0.104 0
1844 0.112 0.104 0
1845 0.114 0.104 0
1846 0.116 0.104 0
1847 0.118 0.104 0
1848 0.12 0.104 0
1849 0.122 0.104 0
1850 0.124 0.104 0
1851 0.126 0.104 0
1852 0.128 0.104 0
1853 0.13 0.104 0
1854 0.132 0.104 0
1855 0.134 0.104 0
1856 0.136 0.104 0
1857 0.138 0.104 0
1858 0.14 0.104 0
1859 0.142 0.104 0
1860 0.144 0.104 0
1861 -0.016 0.106 0
1862 -0.014 0.106 0
1863 -0.012 0.106 0
1864 -0.01 0.106 0
1865 -0.008 0.106 0
1866 -0.006 0.106 0
1867 -0.004 0.106 0
1868 -0.002 0.106 0
1869 0 0.106 0
1870 0.002 0.106 0
1871 0.004 0.106 0
1872 0.006 0.106 0
1873 0.008 0.106 0
1874 0.01 0.106 0
1875 0.012 0.106 0
1876 0.014 0.106 0
1877 0.016 0.106 0
1878 0.018 0.106 0
1879 0.02 0.106 0
1880 0.022 0.106 0
1881 0.024 0.106 0
1882 0.026 0.106 0
1883 0.028 0.106 0
1884 0.03 0.106 0
1885 0.032 0.106 0
1886 0.034 0.106 0
1887 0.036 0.106 0
1888 0.038 0.106 0
1889 0.04 0.106 0
1890 0.042 0.106 0
1891 0.044 0.106 0
1892 0.046 0.106 0
1893 0.048 0.106 0
1894 0.05 0.106 0
1895 0.052 0.106 0
1896 0.054 0.106 0
1897 0.056 0.106 0
1898 0.058 0.106 0
1899 0.06 0.106 0
1900 0.062 0.106 0
1901 0.064 0.106 0
1902 0.066 0.106 0
1903 0.068 0.106 0
1904 0.07000000000000001 0.106 0
1905 0.07200000000000001 0.106 0
1906 0.074 0.106 0
1907 0.076 0.106 0
1908 0.1 0.106 0
1909 0.102 0.106 0
1910 0.104 0.106 0
1911 0.106 0.106 0
1912 0.108 0.106 0
1913 0.11 0.106 0
1914 0.112 0.106 0
1915 0.114 0.106 0
1916 0.116 0.106 0
1917 0.118 0.106 0
1918 0.12 0.106 0
1919 0.122 0.106 0
1920 0.124 0.106 0
1921 0.126 0.106 0
1922 0.128 0.106 0
1923 0.13 0.106 0
1924 0.132 0.106 0
1925 0.134 0.106 0
1926 0.136 0.106 0
1927 0.138 0.106 0
1928 0.14 0.106 0
1929 0.142 0.106 0
1930 0.144 0.106 0
1931 -0.016 0.108 0
1932 -0.014 0.108 0
1933 -0.012 0.108 0
1934 -0.01 0.108 0
1935 -0.008 0.108 0
1936 -0.006 0.108 0
1937 -0.004 0.108 0
1938 -0.002 0.108 0
1939 0 0.108 0
1940 0.002 0.108 0
1941 0.004 0.108 0
1942 0.006 0.108 0
1943 0.008 0.108 0
1944 0.01 0.108 0
1945 0.012 0.108 0
1946 0.014 0.108 0
1947 0.016 0.108 0
1948 0.018 0.108 0
1949 0.02 0.108 0
1950 0.022 0.108 0
1951 0.024 0.108 0
1952 0.026 0.108 0
1953 0.028 0.108 0
1954 0.03 0.108 0
1955 0.032 0.108 0
1956 0.034 0.108 0
1957 0.036 0.108 0
1958 0.038 0.108 0
1959 0.04 0.108 0
1960 0.042 0.108 0
1961 0.044 0.108 0
1962 0.046 0.108 0
1963 0.048 0.108 0
1964 0.05 0.108 0
1965 0.052 0.108 0
1966 0.054 0.108 0
1967 0.056 0.108 0
1968 0.058 0.108 0
1969 0.06 0.108 0
1970 0.062 0.108 0
1971 0.064 0.108 0
1972 0.066 0.108 0
1973 0.068 0.108 0
1974 0.07000000000000001 0.108 0
1975 0.07200000000000001 0.108 0
1976 0.074 0.108 0
1977 0.076 0.108 0
1978 0.1 0.108 0
1979 0.102 0.108 0
1980 0.104 0.108 0
1981 0.106 0.108 0
1982 0.108 0.108 0
1983 0.11 0.108 0
1984 0.112 0.108 0
1985 0.114 0.108 0
1986 0.116 0.108 0
1987 0.118 0.108 0
1988 0.12 0.108 0
1989 0.122 0.108 0
1990 0.124 0.108 0
1991 0.126 0.108 0
1992 0.128 0.108 0
1993 0.13 0.108 0
1994 0.132 0.108 0
1995 0.134 0.108 0
1996 0.136 0.108 0
1997 0.138 0.108 0
1998 0.14 0.108 0
1999 0.142 0.108 0
2000 0.144 0.108 0
2001 0.062 0.11 0
2002 0.064 0.11 0
2003 0.066 0.11 0
2004 0.068 0.11 0
2005 0.07000000000000001 0.11 0
2006 0.07200000000000001 0.11 0
2007 0.074 0.11 0
2008 0.076 0.11 0
2009 0.064 0.112 0
2010 0.066 0.112 0
2011 0.068 0.112 0
2012 0.07000000000000001 0.112 0
2013 0.07200000000000001 0.112 0
2014 0.074 0.112 0
2015 0.076 0.112 0
2016 0.066 0.114 0
2017 0.068 0.114 0
2018 0.07000000000000001 0.114 0
2019 0.07200000000000001 0.114 0
2020 0.074 0.114 0
2021 0.076 0.114 0
2022 0.068 0.116 0
2023 0.07000000000000001 0.116 0
2024 0.07200000000000001 0.116 0
2025 0.074 0.116 0
2026 0.076 0.116 0
2027 0.068 0.118 0
2028 0.07000000000000001 0.118 0
2029 0.07200000000000001 0.118 0
2030 0.074 0.118 0
2031 0.076 0.118 0
2032 0.068 0.12 0
2033 0.07000000000000001 0.12 0
2034 0.07200000000000001 0.12 0
2035 0.074 0.12 0
2036 0.076 0.12 0
2037 0.068 0.122 0
2038 0.07000000000000001 0.122 0
2039 0.07200000000000001 0.122 0
2040 0.074 0.122 0
2041 0.076 0.122 0
2042 0.068 0.124 0
2043 0.07000000000000001 0.124 0
2044 0.07200000000000001 0.124 0
2045 0.074 0.124 0
2046 0.076 0.124 0
2047 0.068 0.126 0
2048 0.07000000000000001 0.126 0
2049 0.07200000000000001 0.126 0
2050 0.074 0.126 0
2051 0.076 0.126 0
2052 0.068 0.128 0
2053 0.07000000000000001 0.128 0
2054 0.07200000000000001 0.128 0
2055 0.074 0.128 0
2056 0.076 0.128 0
$EndNodes
$Elements
4112
1 1 2 3 3 1 2
2 1 2 3 3 1 6
3 1 2 3 3 2 3
4 1 2 3 3 3 4
5 1 2 3 3 4 5
6 1 2 3 3 5 10
7 1 2 3 3 6 11
8 1 2 3 3 10 15
9 1 2 3 3 11 16
10 1 2 3 3 15 20
11 1 2 3 3 16 21
12 1 2 3 3 20 25
13 1 2 3 3 21 26
14 1 2 3 3 25 30
15 1 2 3 3 26 31
16 1 2 3 3 30 35
17 1 2 3 3 31 36
18 1 2 3 3 35 40
19 1 2 3 3 36 42
20 1 2 3 3 40 41
21 1 2 3 3 41 47
22 1 2 3 3 42 49
23 1 2 3 3 47 48
24 1 2 3 3 48 55
25 1 2 3 3 49 72
26 1 2 3 3 55 56
27 1 2 3 3 56 79
28 1 2 3 3 57 58
29 1 2 1 1 57 103
30 1 2 3 3 58 59
31 1 2 3 3 59 60
32 1 2 3 3 60 61
33 1 2 3 3 61 62
34 1 2 3 3 62 63
35 1 2 3 3 63 64
36 1 2 3 3 64 65
37 1 2 3 3 65 66
38 1 2 3 3 66 67
39 1 2 3 3 67 68
40 1 2 3 3 68 69
41 1 2 3 3 69 70
42 1 2 3 3 70 71
43 1 2 3 3 71 117
44 1 2 3 3 72 118
45 1 2 3 3 79 80
46 1 2 3 3 80 81
47 1 2 3 3 81 82
48 1 2 3 3 82 83
49 1 2 3 3 83 84
50 1 2 3 3 84 85
51 1 2 3 3 85 86
52 1 2 3 3 86 87
53 1 2 3 3 87 88
54 1 2 3 3 88 89
55 1 2 3 3 89 90
56 1 2 3 3 90 91
57 1 2 3 3 91 92
58 1 2 3 3 92 93
59 1 2 3 3 93 94
60 1 2 3 3 94 95
61 1 2 3 3 95 96
62 1 2 3 3 96 97
63 1 2 3 3 97 98
64 1 2 3 3 98 99
65 1 2 3 3 99 100
66 1 2 3 3 100 101
67 1 2 3 3 101 102
68 1 2 2 2 102 148
69 1 2 1 1 103 149
70 1 2 3 3 117 163
71 1 2 3 3 118 164
72 1 2 2 2 148 194
73 1 2 1 1 149 195
74 1 2 3 3 163 209
75 1 2 3 3 164 210
76 1 2 2 2 194 240
77 1 2 3 3 241 242
78 1 2 1 1 195 241
79 1 2 3 3 242 243
80 1 2 3 3 243 244
81 1 2 3 3 244 245
82 1 2 3 3 245 246
83 1 2 3 3 246 247
84 1 2 3 3 247 248
85 1 2 3 3 248 249
86 1 2 3 3 209 255
87 1 2 3 3 210 256
88 1 2 3 3 271 272
89 1 2 3 3 272 273
90 1 2 3 3 273 274
91 1 2 3 3 274 275
92 1 2 3 3 275 276
93 1 2 3 3 276 277
94 1 2 3 3 277 278
95 1 2 3 3 278 279
96 1 2 3 3 279 280
97 1 2 3 3 280 281
98 1 2 3 3 281 282
99 1 2 3 3 282 283
100 1 2 3 3 283 284
101 1 2 3 3 284 285
102 1 2 2 2 240 286
103 1 2 3 3 285 286
104 1 2 3 3 249 287
105 1 2 3 3 255 293
106 1 2 3 3 256 296
107 1 2 3 3 271 311
108 1 2 3 3 310 311
109 1 2 3 3 287 312
110 1 2 3 3 293 294
111 1 2 3 3 294 319
112 1 2 3 3 295 296
113 1 2 3 3 295 322
114 1 2 3 3 310 337
115 1 2 3 3 336 337
116 1 2 3 3 312 338
117 1 2 3 3 319 320
118 1 2 3 3 320 346
119 1 2 3 3 321 322
120 1 2 3 3 321 349
121 1 2 3 3 336 364
122 1 2 3 3 363 364
123 1 2 3 3 338 365
124 1 2 3 3 346 347
125 1 2 3 3 347 374
126 1 2 3 3 348 349
127 1 2 3 3 348 404
128 1 2 3 3 363 419
129 1 2 3 3 365 420
130 1 2 3 3 374 375
131 1 2 3 3 375 376
132 1 2 3 3 376 377
133 1 2 3 3 377 378
134 1 2 3 3 378 379
135 1 2 3 3 379 380
136 1 2 3 3 380 381
137 1 2 3 3 381 382
138 1 2 3 3 382 383
139 1 2 3 3 383 384
140 1 2 3 3 384 385
141 1 2 3 3 385 386
142 1 2 3 3 386 387
143 1 2 3 3 387 388
144 1 2 3 3 388 389
145 1 2 3 3 389 390
146 1 2 3 3 390 391
147 1 2 3 3 391 392
148 1 2 3 3 392 393
149 1 2 3 3 393 394
150 1 2 3 3 394 395
151 1 2 3 3 395 396
152 1 2 3 3 396 397
153 1 2 3 3 397 398
154 1 2 3 3 398 399
155 1 2 3 3 399 400
156 1 2 3 3 400 401
157 1 2 3 3 401 402
158 1 2 3 3 402 403
159 1 2 3 3 403 404
160 1 2 3 3 419 474
161 1 2 3 3 420 475
162 1 2 3 3 474 529
163 1 2 3 3 475 530
164 1 2 3 3 529 584
165 1 2 3 3 530 585
166 1 2 3 3 594 595
167 1 2 3 3 595 596
168 1 2 3 3 596 597
169 1 2 3 3 597 598
170 1 2 3 3 598 599
171 1 2 3 3 599 600
172 1 2 3 3 610 611
173 1 2 3 3 611 612
174 1 2 3 3 612 613
175 1 2 3 3 613 614
176 1 2 3 3 614 615
177 1 2 3 3 615 616
178 1 2 3 3 584 639
179 1 2 3 3 585 640
180 1 2 3 3 594 649
181 1 2 3 3 648 649
182 1 2 3 3 650 651
183 1 2 3 3 600 650
184 1 2 3 3 610 660
185 1 2 3 3 659 660
186 1 2 3 3 661 662
187 1 2 3 3 616 661
188 1 2 3 3 639 684
189 1 2 3 3 640 685
190 1 2 3 3 648 693
191 1 2 3 3 692 693
192 1 2 3 3 694 695
193 1 2 3 3 651 694
194 1 2 3 3 659 702
195 1 2 3 3 701 702
196 1 2 3 3 703 704
197 1 2 3 3 662 703
198 1 2 3 3 684 725
199 1 2 3 3 685 726
200 1 2 3 3 692 733
201 1 2 3 3 732 733
202 1 2 3 3 734 735
203 1 2 3 3 695 734
204 1 2 3 3 701 740
205 1 2 3 3 739 740
206 1 2 3 3 741 742
207 1 2 3 3 704 741
208 1 2 3 3 725 762
209 1 2 3 3 726 763
210 1 2 3 3 732 769
211 1 2 3 3 735 770
212 1 2 3 3 739 774
213 1 2 3 3 742 775
214 1 2 3 3 762 795
215 1 2 3 3 763 796
216 1 2 3 3 769 802
217 1 2 3 3 770 803
218 1 2 3 3 774 807
219 1 2 3 3 775 808
220 1 2 3 3 795 828
221 1 2 3 3 796 829
222 1 2 3 3 802 835
223 1 2 3 3 803 836
224 1 2 3 3 807 840
225 1 2 3 3 808 841
226 1 2 3 3 828 861
227 1 2 3 3 829 862
228 1 2 3 3 835 868
229 1 2 3 3 836 869
230 1 2 3 3 840 873
231 1 2 3 3 841 874
232 1 2 3 3 861 894
233 1 2 3 3 862 895
234 1 2 3 3 868 901
235 1 2 3 3 869 902
236 1 2 3 3 873 906
237 1 2 3 3 874 907
238 1 2 3 3 922 923
239 1 2 3 3 923 924
240 1 2 3 3 924 925
241 1 2 3 3 925 926
242 1 2 3 3 894 927
243 1 2 3 3 926 927
244 1 2 3 3 895 928
245 1 2 3 3 901 934
246 1 2 3 3 902 935
247 1 2 3 3 906 939
248 1 2 3 3 907 942
249 1 2 3 3 922 957
250 1 2 3 3 956 957
251 1 2 3 3 928 958
252 1 2 3 3 934 964
253 1 2 3 3 935 965
254 1 2 3 3 939 940
255 1 2 3 3 940 970
256 1 2 3 3 941 942
257 1 2 3 3 941 973
258 1 2 3 3 956 988
259 1 2 3 3 987 988
260 1 2 3 3 958 989
261 1 2 3 3 964 995
262 1 2 3 3 965 996
263 1 2 3 3 970 971
264 1 2 3 3 971 1002
265 1 2 3 3 972 973
266 1 2 3 3 972 1005
267 1 2 3 3 987 1020
268 1 2 3 3 1019 1020
269 1 2 3 3 989 1021
270 1 2 3 3 995 1027
271 1 2 3 3 996 1028
272 1 2 3 3 1002 1003
273 1 2 3 3 1003 1035
274 1 2 3 3 1004 1005
275 1 2 3 3 1004 1041
276 1 2 3 3 1019 1056
277 1 2 3 3 1021 1057
278 1 2 3 3 1027 1063
279 1 2 3 3 1028 1064
280 1 2 3 3 1035 1036
281 1 2 3 3 1036 1037
282 1 2 3 3 1037 1038
283 1 2 3 3 1038 1039
284 1 2 3 3 1039 1040
285 1 2 3 3 1040 1041
286 1 2 3 3 1056 1092
287 1 2 3 3 1057 1093
288 1 2 3 3 1063 1099
289 1 2 3 3 1064 1100
290 1 2 3 3 1092 1128
291 1 2 3 3 1093 1129
292 1 2 3 3 1099 1135
293 1 2 3 3 1100 1136
294 1 2 3 3 1128 1164
295 1 2 3 3 1165 1166
296 1 2 3 3 1129 1165
297 1 2 3 3 1166 1167
298 1 2 3 3 1167 1168
299 1 2 3 3 1168 1169
300 1 2 3 3 1169 1170
301 1 2 3 3 1135 1171
302 1 2 3 3 1170 1171
303 1 2 3 3 1136 1172
304 1 2 3 3 1164 1200
305 1 2 3 3 1172 1202
306 1 2 3 3 1200 1230
307 1 2 3 3 1201 1202
308 1 2 3 3 1201 1233
309 1 2 3 3 1230 1231
310 1 2 3 3 1231 1263
311 1 2 3 3 1232 1233
312 1 2 3 3 1232 1266
313 1 2 3 3 1263 1264
314 1 2 3 3 1264 1298
315 1 2 3 3 1265 1266
316 1 2 3 3 1265 1305
317 1 2 3 3 1298 1299
318 1 2 3 3 1299 1339
319 1 2 3 3 1300 1301
320 1 2 3 3 1300 1345
321 1 2 3 3 1301 1302
322 1 2 3 3 1302 1303
323 1 2 3 3 1303 1304
324 1 2 3 3 1304 1305
325 1 2 3 3 1339 1340
326 1 2 3 3 1340 1341
327 1 2 3 3 1341 1342
328 1 2 3 3 1342 1343
329 1 2 3 3 1343 1344
330 1 2 3 3 1344 1389
331 1 2 3 3 1345 1390
332 1 2 3 3 1389 1434
333 1 2 3 3 1390 1435
334 1 2 3 3 1434 1479
335 1 2 3 3 1435 1480
336 1 2 3 3 1511 1512
337 1 2 3 3 1512 1513
338 1 2 3 3 1513 1514
339 1 2 3 3 1514 1515
340 1 2 3 3 1515 1516
341 1 2 3 3 1516 1517
342 1 2 3 3 1479 1524
343 1 2 3 3 1480 1526
344 1 2 3 3 1511 1557
345 1 2 3 3 1556 1557
346 1 2 3 3 1558 1559
347 1 2 3 3 1517 1558
348 1 2 3 3 1524 1565
349 1 2 3 3 1525 1526
350 1 2 3 3 1525 1568
351 1 2 3 3 1556 1599
352 1 2 3 3 1598 1599
353 1 2 3 3 1600 1601
354 1 2 3 3 1559 1600
355 1 2 3 3 1565 1566
356 1 2 3 3 1566 1607
357 1 2 3 3 1567 1568
358 1 2 3 3 1567 1610
359 1 2 3 3 1598 1641
360 1 2 3 3 1640 1641
361 1 2 3 3 1642 1643
362 1 2 3 3 1601 1642
363 1 2 3 3 1607 1608
364 1 2 3 3 1608 1649
365 1 2 3 3 1609 1610
366 1 2 3 3 1609 1666
367 1 2 3 3 1640 1697
368 1 2 3 3 1643 1698
369 1 2 3 3 1649 1650
370 1 2 3 3 1650 1705
371 1 2 3 3 1651 1652
372 1 2 1 1 1651 1721
373 1 2 3 3 1652 1653
374 1 2 3 3 1653 1654
375 1 2 3 3 1654 1655
376 1 2 3 3 1655 1656
377 1 2 3 3 1656 1657
378 1 2 3 3 1657 1658
379 1 2 3 3 1658 1659
380 1 2 3 3 1659 1660
381 1 2 3 3 1660 1661
382 1 2 3 3 1661 1662
383 1 2 3 3 1662 1663
384 1 2 3 3 1663 1664
385 1 2 3 3 1664 1665
386 1 2 3 3 1665 1666
387 1 2 3 3 1697 1767
388 1 2 3 3 1698 1768
389 1 2 3 3 1705 1706
390 1 2 3 3 1706 1707
391 1 2 3 3 1707 1708
392 1 2 3 3 1708 1709
393 1 2 3 3 1709 1710
394 1 2 3 3 1710 1711
395 1 2 3 3 1711 1712
396 1 2 3 3 1712 1713
397 1 2 3 3 1713 1714
398 1 2 3 3 1714 1715
399 1 2 3 3 1715 1716
400 1 2 3 3 1716 1717
401 1 2 3 3 1717 1718
402 1 2 3 3 1718 1719
403 1 2 3 3 1719 1720
404 1 2 2 2 1720 1790
405 1 2 1 1 1721 1791
406 1 2 3 3 1767 1837
407 1 2 3 3 1768 1838
408 1 2 2 2 1790 1860
409 1 2 1 1 1791 1861
410 1 2 3 3 1837 1907
411 1 2 3 3 1838 1908
412 1 2 2 2 1860 1930
413 1 2 3 3 1931 1932
414 1 2 1 1 1861 1931
415 1 2 3 3 1932 1933
416 1 2 3 3 1933 1934
417 1 2 3 3 1934 1935
418 1 2 3 3 1935 1936
419 1 2 3 3 1936 1937
420 1 2 3 3 1937 1938
421 1 2 3 3 1938 1939
422 1 2 3 3 1939 1940
423 1 2 3 3 1940 1941
424 1 2 3 3 1941 1942
425 1 2 3 3 1942 1943
426 1 2 3 3 1943 1944
427 1 2 3 3 1944 1945
428 1 2 3 3 1945 1946
429 1 2 3 3 1946 1947
430 1 2 3 3 1947 1948
431 1 2 3 3 1948 1949
432 1 2 3 3 1949 1950
433 1 2 3 3 1950 1951
434 1 2 3 3 1951 1952
435 1 2 3 3 1952 1953
436 1 2 3 3 1953 1954
437 1 2 3 3 1954 1955
438 1 2 3 3 1955 1956
439 1 2 3 3 1956 1957
440 1 2 3 3 1957 1958
441 1 2 3 3 1958 1959
442 1 2 3 3 1959 1960
443 1 2 3 3 1960 1961
444 1 2 3 3 1961 1962
445 1 2 3 3 1962 1963
446 1 2 3 3 1963 1964
447 1 2 3 3 1964 1965
448 1 2 3 3 1965 1966
449 1 2 3 3 1966 1967
450 1 2 3 3 1967 1968
451 1 2 3 3 1968 1969
452 1 2 3 3 1969 1970
453 1 2 3 3 1907 1977
454 1 2 3 3 1978 1979
455 1 2 3 3 1908 1978
456 1 2 3 3 1979 1980
457 1 2 3 3 1980 1981
458 1 2 3 3 1981 1982
459 1 2 3 3 1982 1983
460 1 2 3 3 1983 1984
461 1 2 3 3 1984 1985
462 1 2 3 3 1985 1986
463 1 2 3 3 1986 1987
464 1 2 3 3 1987 1988
465 1 2 3 3 1988 1989
466 1 2 3 3 1989 1990
467 1 2 3 3 1990 1991
468 1 2 3 3 1991 1992
469 1 2 3 3 1992 1993
470 1 2 3 3 1993 1994
471 1 2 3 3 1994 1995
472 1 2 3 3 1995 1996
473 1 2 3 3 1996 1997
474 1 2 3 3 1997 1998
475 1 2 3 3 1998 1999
476 1 2 2 2 1930 2000
477 1 2 3 3 1999 2000
478 1 2 3 3 2001 2002
479 1 2 3 3 1970 2001
480 1 2 3 3 1977 2008
481 1 2 3 3 2009 2010
482 1 2 3 3 2002 2009
483 1 2 3 3 2008 2015
484 1 2 3 3 2016 2017
485 1 2 3 3 2010 2016
486 1 2 3 3 2015 2021
487 1 2 3 3 2017 2022
488 1 2 3 3 2021 2026
489 1 2 3 3 2022 2027
490 1 2 3 3 2026 2031
491 1 2 3 3 2027 2032
492 1 2 3 3 2031 2036
493 1 2 3 3 2032 2037
494 1 2 3 3 2036 2041
495 1 2 3 3 2037 2042
496 1 2 3 3 2041 2046
497 1 2 3 3 2042 2047
498 1 2 3 3 2046 2051
499 1 2 3 3 2052 2053
500 1 2 3 3 2047 2052
501 1 2 3 3 2053 2054
502 1 2 3 3 2054 2055
503 1 2 3 3 2051 2056
504 1 2 3 3 2055 2056
505 2 2 10 10 1 2 7
506 2 2 10 10 1 7 6
507 2 2 10 10 2 3 8
508 2 2 10 10 2 8 7
509 2 2 10 10 3 4 9
510 2 2 10 10 3 9 8
511 2 2 10 10 4 5 10
512 2 2 10 10 4 10 9
513 2 2 10 10 6 7 12
514 2 2 10 10 6 12 11
515 2 2 10 10 7 8 13
516 2 2 10 10 7 13 12
517 2 2 10 10 8 9 14
518 2 2 10 10 8 14 13
519 2 2 10 10 9 10 15
520 2 2 10 10 9 15 14
521 2 2 10 10 11 12 17
522 2 2 10 10 11 17 16
523 2 2 10 10 12 13 18
524 2 2 10 10 12 18 17
525 2 2 10 10 13 14 19
526 2 2 10 10 13 19 18
527 2 2 10 10 14 15 20
528 2 2 10 10 14 20 19
529 2 2 10 10 16 17 22
530 2 2 10 10 16 22 21
531 2 2 10 10 17 18 23
532 2 2 10 10 17 23 22
533 2 2 10 10 18 19 24
534 2 2 10 10 18 24 23
535 2 2 10 10 19 20 25
536 2 2 10 10 19 25 24
537 2 2 10 10 21 22 27
538 2 2 10 10 21 27 26
539 2 2 10 10 22 23 28
540 2 2 10 10 22 28 27
541 2 2 10 10 23 24 29
542 2 2 10 10 23 29 28
543 2 2 10 10 24 25 30
544 2 2 10 10 24 30 29
545 2 2 10 10 26 27 32
546 2 2 10 10 26 32 31
547 2 2 10 10 27 28 33
548 2 2 10 10 27 33 32
549 2 2 10 10 28 29 34
550 2 2 10 10 28 34 33
551 2 2 10 10 29 30 35
552 2 2 10 10 29 35 34
553 2 2 10 10 31 32 37
554 2 2 10 10 31 37 36
555 2 2 10 10 32 33 38
556 2 2 10 10 32 38 37
557 2 2 10 10 33 34 39
558 2 2 10 10 33 39 38
559 2 2 10 10 34 35 40
560 2 2 10 10 34 40 39
561 2 2 10 10 36 37 43
562 2 2 10 10 36 43 42
563 2 2 10 10 37 38 44
564 2 2 10 10 37 44 43
565 2 2 10 10 38 39 45
566 2 2 10 10 38 45 44
567 2 2 10 10 39 40 46
568 2 2 10 10 39 46 45
569 2 2 10 10 40 41 47
570 2 2 10 10 40 47 46
571 2 2 10 10 42 43 50
572 2 2 10 10 42 50 49
573 2 2 10 10 43 44 51
574 2 2 10 10 43 51 50
575 2 2 10 10 44 45 52
576 2 2 10 10 44 52 51
577 2 2 10 10 45 46 53
578 2 2 10 10 45 53 52
579 2 2 10 10 46 47 54
580 2 2 10 10 46 54 53
581 2 2 10 10 47 48 55
582 2 2 10 10 47 55 54
583 2 2 10 10 49 50 73
584 2 2 10 10 49 73 72
585 2 2 10 10 50 51 74
586 2 2 10 10 50 74 73
587 2 2 10 10 51 52 75
588 2 2 10 10 51 75 74
589 2 2 10 10 52 53 76
590 2 2 10 10 52 76 75
591 2 2 10 10 53 54 77
592 2 2 10 10 53 77 76
593 2 2 10 10 54 55 78
594 2 2 10 10 54 78 77
595 2 2 10 10 55 56 79
596 2 2 10 10 55 79 78
597 2 2 10 10 57 58 104
598 2 2 10 10 57 104 103
599 2 2 10 10 58 59 105
600 2 2 10 10 58 105 104
601 2 2 10 10 59 60 106
602 2 2 10 10 59 106 105
603 2 2 10 10 60 61 107
604 2 2 10 10 60 107 106
605 2 2 10 10 61 62 108
606 2 2 10 10 61 108 107
607 2 2 10 10 62 63 109
608 2 2 10 10 62 109 108
609 2 2 10 10 63 64 110
610 2 2 10 10 63 110 109
611 2 2 10 10 64 65 111
612 2 2 10 10 64 111 110
613 2 2 10 10 65 66 112
614 2 2 10 10 65 112 111
615 2 2 10 10 66 67 113
616 2 2 10 10 66 113 112
617 2 2 10 10 67 68 114
618 2 2 10 10 67 114 113
619 2 2 10 10 68 69 115
620 2 2 10 10 68 115 114
621 2 2 10 10 69 70 116
622 2 2 10 10 69 116 115
623 2 2 10 10 70 71 117
624 2 2 10 10 70 117 116
625 2 2 10 10 72 73 119
626 2 2 10 10 72 119 118
627 2 2 10 10 73 74 120
628 2 2 10 10 73 120 119
629 2 2 10 10 74 75 121
630 2 2 10 10 74 121 120
631 2 2 10 10 75 76 122
632 2 2 10 10 75 122 121
633 2 2 10 10 76 77 123
634 2 2 10 10 76 123 122
635 2 2 10 10 77 78 124
636 2 2 10 10 77 124 123
637 2 2 10 10 78 79 125
638 2 2 10 10 78 125 124
639 2 2 10 10 79 80 126
640 2 2 10 10 79 126 125
641 2 2 10 10 80 81 127
642 2 2 10 10 80 127 126
643 2 2 10 10 81 82 128
644 2 2 10 10 81 128 127
645 2 2 10 10 82 83 129
646 2 2 10 10 82 129 128
647 2 2 10 10 83 84 130
648 2 2 10 10 83 130 129
649 2 2 10 10 84 85 131
650 2 2 10 10 84 131 130
651 2 2 10 10 85 86 132
652 2 2 10 10 85 132 131
653 2 2 10 10 86 87 133
654 2 2 10 10 86 133 132
655 2 2 10 10 87 88 134
656 2 2 10 10 87 134 133
657 2 2 10 10 88 89 135
658 2 2 10 10 88 135 134
659 2 2 10 10 89 90 136
660 2 2 10 10 89 136 135
661 2 2 10 10 90 91 137
662 2 2 10 10 90 137 136
663 2 2 10 10 91 92 138
664 2 2 10 10 91 138 137
665 2 2 10 10 92 93 139
666 2 2 10 10 92 139 138
667 2 2 10 10 93 94 140
668 2 2 10 10 93 140 139
669 2 2 10 10 94 95 141
670 2 2 10 10 94 141 140
671 2 2 10 10 95 96 142
672 2 2 10 10 95 142 141
673 2 2 10 10 96 97 143
674 2 2 10 10 96 143 142
675 2 2 10 10 97 98 144
676 2 2 10 10 97 144 143
677 2 2 10 10 98 99 145
678 2 2 10 10 98 145 144
679 2 2 10 10 99 100 146
680 2 2 10 10 99 146 145
681 2 2 10 10 100 101 147
682 2 2 10 10 100 147 146
683 2 2 10 10 101 102 148
684 2 2 10 10 101 148 147
685 2 2 10 10 103 104 150
686 2 2 10 10 103 150 149
687 2 2 10 10 104 105 151
688 2 2 10 10 104 151 150
689 2 2 10 10 105 106 152
690 2 2 10 10 105 152 151
691 2 2 10 10 106 107 153
692 2 2 10 10 106 153 152
693 2 2 10 10 107 108 154
694 2 2 10 10 107 154 153
695 2 2 10 10 108 109 155
696 2 2 10 10 108 155 154
697 2 2 10 10 109 110 156
698 2 2 10 10 109 156 155
699 2 2 10 10 110 111 157
700 2 2 10 10 110 157 156
701 2 2 10 10 111 112 158
702 2 2 10 10 111 158 157
703 2 2 10 10 112 113 159
704 2 2 10 10 112 159 158
705 2 2 10 10 113 114 160
706 2 2 10 10 113 160 159
707 2 2 10 10 114 115 161
708 2 2 10 10 114 161 160
709 2 2 10 10 115 116 162
710 2 2 10 10 115 162 161
711 2 2 10 10 116 117 163
712 2 2 10 10 116 163 162
713 2 2 10 10 118 119 165
714 2 2 10 10 118 165 164
715 2 2 10 10 119 120 166
716 2 2 10 10 119 166 165
717 2 2 10 10 120 121 167
718 2 2 10 10 120 167 166
719 2 2 10 10 121 122 168
720 2 2 10 10 121 168 167
721 2 2 10 10 122 123 169
722 2 2 10 10 122 169 168
723 2 2 10 10 123 124 170
724 2 2 10 10 123 170 169
725 2 2 10 10 124 125 171
726 2 2 10 10 124 171 170
727 2 2 10 10 125 126 172
728 2 2 10 10 125 172 171
729 2 2 10 10 126 127 173
730 2 2 10 10 126 173 172
731 2 2 10 10 127 128 174
732 2 2 10 10 127 174 173
733 2 2 10 10 128 129 175
734 2 2 10 10 128 175 174
735 2 2 10 10 129 130 176
736 2 2 10 10 129 176 175
737 2 2 10 10 130 131 177
738 2 2 10 10 130 177 176
739 2 2 10 10 131 132 178
740 2 2 10 10 131 178 177
741 2 2 10 10 132 133 179
742 2 2 10 10 132 179 178
743 2 2 10 10 133 134 180
744 2 2 10 10 133 180 179
745 2 2 10 10 134 135 181
746 2 2 10 10 134 181 180
747 2 2 10 10 135 136 182
748 2 2 10 10 135 182 181
749 2 2 10 10 136 137 183
750 2 2 10 10 136 183 182
751 2 2 10 10 137 138 184
752 2 2 10 10 137 184 183
753 2 2 10 10 138 139 185
754 2 2 10 10 138 185 184
755 2 2 10 10 139 140 186
756 2 2 10 10 139 186 185
757 2 2 10 10 140 141 187
758 2 2 10 10 140 187 186
759 2 2 10 10 141 142 188
760 2 2 10 10 141 188 187
761 2 2 10 10 142 143 189
762 2 2 10 10 142 189 188
763 2 2 10 10 143 144 190
764 2 2 10 10 143 190 189
765 2 2 10 10 144 145 191
766 2 2 10 10 144 191 190
767 2 2 10 10 145 146 192
768 2 2 10 10 145 192 191
769 2 2 10 10 146 147 193
770 2 2 10 10 146 193 192
771 2 2 10 10 147 148 194
772 2 2 10 10 147 194 193
773 2 2 10 10 149 150 196
774 2 2 10 10 149 196 195
775 2 2 10 10 150 151 197
776 2 2 10 10 150 197 196
777 2 2 10 10 151 152 198
778 2 2 10 10 151 198 197
779 2 2 10 10 152 153 199
780 2 2 10 10 152 199 198
781 2 2 10 10 153 154 200
782 2 2 10 10 153 200 199
783 2 2 10 10 154 155 201
784 2 2 10 10 154 201 200
785 2 2 10 10 155 156 202
786 2 2 10 10 155 202 201
787 2 2 10 10 156 157 203
788 2 2 10 10 156 203 202
789 2 2 10 10 157 158 204
790 2 2 10 10 157 204 203
791 2 2 10 10 158 159 205
792 2 2 10 10 158 205 204
793 2 2 10 10 159 160 206
794 2 2 10 10 159 206 205
795 2 2 10 10 160 161 207
796 2 2 10 10 160 207 206
797 2 2 10 10 161 162 208
798 2 2 10 10 161 208 207
799 2 2 10 10 162 163 209
800 2 2 10 10 162 209 208
801 2 2 10 10 164 165 211
802 2 2 10 10 164 211 210
803 2 2 10 10 165 166 212
804 2 2 10 10 165 212 211
805 2 2 10 10 166 167 213
806 2 2 10 10 166 213 212
807 2 2 10 10 167 168 214
808 2 2 10 10 167 214 213
809 2 2 10 10 168 169 215
810 2 2 10 10 168 215 214
811 2 2 10 10 169 170 216
812 2 2 10 10 169 216 215
813 2 2 10 10 170 171 217
814 2 2 10 10 170 217 216
815 2 2 10 10 171 172 218
816 2 2 10 10 171 218 217
817 2 2 10 10 172 173 219
818 2 2 10 10 172 219 218
819 2 2 10 10 173 174 220
820 2 2 10 10 173 220 219
821 2 2 10 10 174 175 221
822 2 2 10 10 174 221 220
823 2 2 10 10 175 176 222
824 2 2 10 10 175 222 221
825 2 2 10 10 176 177 223
826 2 2 10 10 176 223 222
827 2 2 10 10 177 178 224
828 2 2 10 10 177 224 223
829 2 2 10 10 178 179 225
830 2 2 10 10 178 225 224
831 2 2 10 10 179 180 226
832 2 2 10 10 179 226 225
833 2 2 10 10 180 181 227
834 2 2 10 10 180 227 226
835 2 2 10 10 181 182 228
836 2 2 10 10 181 228 227
837 2 2 10 10 182 183 229
838 2 2 10 10 182 229 228
839 2 2 10 10 183 184 230
840 2 2 10 10 183 230 229
841 2 2 10 10 184 185 231
842 2 2 10 10 184 231 230
843 2 2 10 10 185 186 232
844 2 2 10 10 185 232 231
845 2 2 10 10 186 187 233
846 2 2 10 10 186 233 232
847 2 2 10 10 187 188 234
848 2 2 10 10 187 234 233
849 2 2 10 10 188 189 235
850 2 2 10 10 188 235 234
851 2 2 10 10 189 190 236
852 2 2 10 10 189 236 235
853 2 2 10 10 190 191 237
854 2 2 10 10 190 237 236
855 2 2 10 10 191 192 238
856 2 2 10 10 191 238 237
857 2 2 10 10 192 193 239
858 2 2 10 10 192 239 238
859 2 2 10 10 193 194 240
860 2 2 10 10 193 240 239
861 2 2 10 10 195 196 242
862 2 2 10 10 195 242 241
863 2 2 10 10 196 197 243
864 2 2 10 10 196 243 242
865 2 2 10 10 197 198 244
866 2 2 10 10 197 244 243
867 2 2 10 10 198 199 245
868 2 2 10 10 198 245 244
869 2 2 10 10 199 200 246
870 2 2 10 10 199 246 245
871 2 2 10 10 200 201 247
872 2 2 10 10 200 247 246
873 2 2 10 10 201 202 248
874 2 2 10 10 201 248 247
875 2 2 10 10 202 203 249
876 2 2 10 10 202 249 248
877 2 2 10 10 203 204 250
878 2 2 10 10 203 250 249
879 2 2 10 10 204 205 251
880 2 2 10 10 204 251 250
881 2 2 10 10 205 206 252
882 2 2 10 10 205 252 251
883 2 2 10 10 206 207 253
884 2 2 10 10 206 253 252
885 2 2 10 10 207 208 254
886 2 2 10 10 207 254 253
887 2 2 10 10 208 209 255
888 2 2 10 10 208 255 254
889 2 2 10 10 210 211 257
890 2 2 10 10 210 257 256
891 2 2 10 10 211 212 258
892 2 2 10 10 211 258 257
893 2 2 10 10 212 213 259
894 2 2 10 10 212 259 258
895 2 2 10 10 213 214 260
896 2 2 10 10 213 260 259
897 2 2 10 10 214 215 261
898 2 2 10 10 214 261 260
899 2 2 10 10 215 216 262
900 2 2 10 10 215 262 261
901 2 2 10 10 216 217 263
902 2 2 10 10 216 263 262
903 2 2 10 10 217 218 264
904 2 2 10 10 217 264 263
905 2 2 10 10 218 219 265
906 2 2 10 10 218 265 264
907 2 2 10 10 219 220 266
908 2 2 10 10 219 266 265
909 2 2 10 10 220 221 267
910 2 2 10 10 220 267 266
911 2 2 10 10 221 222 268
912 2 2 10 10 221 268 267
913 2 2 10 10 222 223 269
914 2 2 10 10 222 269 268
915 2 2 10 10 223 224 270
916 2 2 10 10 223 270 269
917 2 2 10 10 224 225 271
918 2 2 10 10 224 271 270
919 2 2 10 10 225 226 272
920 2 2 10 10 225 272 271
921 2 2 10 10 226 227 273
922 2 2 10 10 226 273 272
923 2 2 10 10 227 228 274
924 2 2 10 10 227 274 273
925 2 2 10 10 228 229 275
926 2 2 10 10 228 275 274
927 2 2 10 10 229 230 276
928 2 2 10 10 229 276 275
929 2 2 10 10 230 231 277
930 2 2 10 10 230 277 276
931 2 2 10 10 231 232 278
932 2 2 10 10 231 278 277
933 2 2 10 10 232 233 279
934 2 2 10 10 232 279 278
935 2 2 10 10 233 234 280
936 2 2 10 10 233 280 279
937 2 2 10 10 234 235 281
938 2 2 10 10 234 281 280
939 2 2 10 10 235 236 282
940 2 2 10 10 235 282 281
941 2 2 10 10 236 237 283
942 2 2 10 10 236 283 282
943 2 2 10 10 237 238 284
944 2 2 10 10 237 284 283
945 2 2 10 10 238 239 285
946 2 2 10 10 238 285 284
947 2 2 10 10 239 240 286
948 2 2 10 10 239 286 285
949 2 2 10 10 249 250 288
950 2 2 10 10 249 288 287
951 2 2 10 10 250 251 289
952 2 2 10 10 250 289 288
953 2 2 10 10 251 252 290
954 2 2 10 10 251 290 289
955 2 2 10 10 252 253 291
956 2 2 10 10 252 291 290
957 2 2 10 10 253 254 292
958 2 2 10 10 253 292 291
959 2 2 10 10 254 255 293
960 2 2 10 10 254 293 292
961 2 2 10 10 256 257 297
962 2 2 10 10 256 297 296
963 2 2 10 10 257 258 298
964 2 2 10 10 257 298 297
965 2 2 10 10 258 259 299
966 2 2 10 10 258 299 298
967 2 2 10 10 259 260 300
968 2 2 10 10 259 300 299
969 2 2 10 10 260 261 301
970 2 2 10 10 260 301 300
971 2 2 10 10 261 262 302
972 2 2 10 10 261 302 301
973 2 2 10 10 262 263 303
974 2 2 10 10 262 303 302
975 2 2 10 10 263 264 304
976 2 2 10 10 263 304 303
977 2 2 10 10 264 265 305
978 2 2 10 10 264 305 304
979 2 2 10 10 265 266 306
980 2 2 10 10 265 306 305
981 2 2 10 10 266 267 307
982 2 2 10 10 266 307 306
983 2 2 10 10 267 268 308
984 2 2 10 10 267 308 307
985 2 2 10 10 268 269 309
986 2 2 10 10 268 309 308
987 2 2 10 10 269 270 310
988 2 2 10 10 269 310 309
989 2 2 10 10 270 271 311
990 2 2 10 10 270 311 310
991 2 2 10 10 287 288 313
992 2 2 10 10 287 313 312
993 2 2 10 10 288 289 314
994 2 2 10 10 288 314 313
995 2 2 10 10 289 290 315
996 2 2 10 10 289 315 314
997 2 2 10 10 290 291 316
998 2 2 10 10 290 316 315
999 2 2 10 10 291 292 317
1000 2 2 10 10 291 317 316
1001 2 2 10 10 292 293 318
1002 2 2 10 10 292 318 317
1003 2 2 10 10 293 294 319
1004 2 2 10 10 293 319 318
1005 2 2 10 10 295 296 323
1006 2 2 10 10 295 323 322
1007 2 2 10 10 296 297 324
1008 2 2 10 10 296 324 323
1009 2 2 10 10 297 298 325
1010 2 2 10 10 297 325 324
1011 2 2 10 10 298 299 326
1012 2 2 10 10 298 326 325
1013 2 2 10 10 299 300 327
1014 2 2 10 10 299 327 326
1015 2 2 10 10 300 301 328
1016 2 2 10 10 300 328 327
1017 2 2 10 10 301 302 329
1018 2 2 10 10 301 329 328
1019 2 2 10 10 302 303 330
1020 2 2 10 10 302 330 329
1021 2 2 10 10 303 304 331
1022 2 2 10 10 303 331 330
1023 2 2 10 10 304 305 332
1024 2 2 10 10 304 332 331
1025 2 2 10 10 305 306 333
1026 2 2 10 10 305 333 332
1027 2 2 10 10 306 307 334
1028 2 2 10 10 306 334 333
1029 2 2 10 10 307 308 335
1030 2 2 10 10 307 335 334
1031 2 2 10 10 308 309 336
1032 2 2 10 10 308 336 335
1033 2 2 10 10 309 310 337
1034 2 2 10 10 309 337 336
1035 2 2 10 10 312 313 339
1036 2 2 10 10 312 339 338
1037 2 2 10 10 313 314 340
1038 2 2 10 10 313 340 339
1039 2 2 10 10 314 315 341
1040 2 2 10 10 314 341 340
1041 2 2 10 10 315 316 342
1042 2 2 10 10 315 342 341
1043 2 2 10 10 316 317 343
1044 2 2 10 10 316 343 342
1045 2 2 10 10 317 318 344
1046 2 2 10 10 317 344 343
1047 2 2 10 10 318 319 345
1048 2 2 10 10 318 345 344
1049 2 2 10 10 319 320 346
1050 2 2 10 10 319 346 345
1051 2 2 10 10 321 322 350
1052 2 2 10 10 321 350 349
1053 2 2 10 10 322 323 351
1054 2 2 10 10 322 351 350
1055 2 2 10 10 323 324 352
1056 2 2 10 10 323 352 351
1057 2 2 10 10 324 325 353
1058 2 2 10 10 324 353 352
1059 2 2 10 10 325 326 354
1060 2 2 10 10 325 354 353
1061 2 2 10 10 326 327 355
1062 2 2 10 10 326 355 354
1063 2 2 10 10 327 328 356
1064 2 2 10 10 327 356 355
1065 2 2 10 10 328 329 357
1066 2 2 10 10 328 357 356
1067 2 2 10 10 329 330 358
1068 2 2 10 10 329 358 357
1069 2 2 10 10 330 331 359
1070 2 2 10 10 330 359 358
1071 2 2 10 10 331 332 360
1072 2 2 10 10 331 360 359
1073 2 2 10 10 332 333 361
1074 2 2 10 10 332 361 360
1075 2 2 10 10 333 334 362
1076 2 2 10 10 333 362 361
1077 2 2 10 10 334 335 363
1078 2 2 10 10 334 363 362
1079 2 2 10 10 335 336 364
1080 2 2 10 10 335 364 363
1081 2 2 10 10 338 339 366
1082 2 2 10 10 338 366 365
1083 2 2 10 10 339 340 367
1084 2 2 10 10 339 367 366
1085 2 2 10 10 340 341 368
1086 2 2 10 10 340 368 367
1087 2 2 10 10 341 342 369
1088 2 2 10 10 341 369 368
1089 2 2 10 10 342 343 370
1090 2 2 10 10 342 370 369
1091 2 2 10 10 343 344 371
1092 2 2 10 10 343 371 370
1093 2 2 10 10 344 345 372
1094 2 2 10 10 344 372 371
1095 2 2 10 10 345 346 373
1096 2 2 10 10 345 373 372
1097 2 2 10 10 346 347 374
1098 2 2 10 10 346 374 373
1099 2 2 10 10 348 349 405
1100 2 2 10 10 348 405 404
1101 2 2 10 10 349 350 406
1102 2 2 10 10 349 406 405
1103 2 2 10 10 350 351 407
1104 2 2 10 10 350 407 406
1105 2 2 10 10 351 352 408
1106 2 2 10 10 351 408 407
1107 2 2 10 10 352 353 409
1108 2 2 10 10 352 409 408
1109 2 2 10 10 353 354 410
1110 2 2 10 10 353 410 409
1111 2 2 10 10 354 355 411
1112 2 2 10 10 354 411 410
1113 2 2 10 10 355 356 412
1114 2 2 10 10 355 412 411
1115 2 2 10 10 356 357 413
1116 2 2 10 10 356 413 412
1117 2 2 10 10 357 358 414
1118 2 2 10 10 357 414 413
1119 2 2 10 10 358 359 415
1120 2 2 10 10 358 415 414
1121 2 2 10 10 359 360 416
1122 2 2 10 10 359 416 415
1123 2 2 10 10 360 361 417
1124 2 2 10 10 360 417 416
1125 2 2 10 10 361 362 418
1126 2 2 10 10 361 418 417
1127 2 2 10 10 362 363 419
1128 2 2 10 10 362 419 418
1129 2 2 10 10 365 366 421
1130 2 2 10 10 365 421 420
1131 2 2 10 10 366 367 422
1132 2 2 10 10 366 422 421
1133 2 2 10 10 367 368 423
1134 2 2 10 10 367 423 422
1135 2 2 10 10 368 369 424
1136 2 2 10 10 368 424 423
1137 2 2 10 10 369 370 425
1138 2 2 10 10 369 425 424
1139 2 2 10 10 370 371 426
1140 2 2 10 10 370 426 425
1141 2 2 10 10 371 372 427
1142 2 2 10 10 371 427 426
1143 2 2 10 10 372 373 428
1144 2 2 10 10 372 428 427
1145 2 2 10 10 373 374 429
1146 2 2 10 10 373 429 428
1147 2 2 10 10 374 375 430
1148 2 2 10 10 374 430 429
1149 2 2 10 10 375 376 431
1150 2 2 10 10 375 431 430
1151 2 2 10 10 376 377 432
1152 2 2 10 10 376 432 431
1153 2 2 10 10 377 378 433
1154 2 2 10 10 377 433 432
1155 2 2 10 10 378 379 434
1156 2 2 10 10 378 434 433
1157 2 2 10 10 379 380 435
1158 2 2 10 10 379 435 434
1159 2 2 10 10 380 381 436
1160 2 2 10 10 380 436 435
1161 2 2 10 10 381 382 437
1162 2 2 10 10 381 437 436
1163 2 2 10 10 382 383 438
1164 2 2 10 10 382 438 437
1165 2 2 10 10 383 384 439
1166 2 2 10 10 383 439 438
1167 2 2 10 10 384 385 440
1168 2 2 10 10 384 440 439
1169 2 2 10 10 385 386 441
1170 2 2 10 10 385 441 440
1171 2 2 10 10 386 387 442
1172 2 2 10 10 386 442 441
1173 2 2 10 10 387 388 443
1174 2 2 10 10 387 443 442
1175 2 2 10 10 388 389 444
1176 2 2 10 10 388 444 443
1177 2 2 10 10 389 390 445
1178 2 2 10 10 389 445 444
1179 2 2 10 10 390 391 446
1180 2 2 10 10 390 446 445
1181 2 2 10 10 391 392 447
1182 2 2 10 10 391 447 446
1183 2 2 10 10 392 393 448
1184 2 2 10 10 392 448 447
1185 2 2 10 10 393 394 449
1186 2 2 10 10 393 449 448
1187 2 2 10 10 394 395 450
1188 2 2 10 10 394 450 449
1189 2 2 10 10 395 396 451
1190 2 2 10 10 395 451 450
1191 2 2 10 10 396 397 452
1192 2 2 10 10 396 452 451
1193 2 2 10 10 397 398 453
1194 2 2 10 10 397 453 452
1195 2 2 10 10 398 399 454
1196 2 2 10 10 398 454 453
1197 2 2 10 10 399 400 455
1198 2 2 10 10 399 455 454
1199 2 2 10 10 400 401 456
1200 2 2 10 10 400 456 455
1201 2 2 10 10 401 402 457
1202 2 2 10 10 401 457 456
1203 2 2 10 10 402 403 458
1204 2 2 10 10 402 458 457
1205 2 2 10 10 403 404 459
1206 2 2 10 10 403 459 458
1207 2 2 10 10 404 405 460
1208 2 2 10 10 404 460 459
1209 2 2 10 10 405 406 461
1210 2 2 10 10 405 461 460
1211 2 2 10 10 406 407 462
1212 2 2 10 10 406 462 461
1213 2 2 10 10 407 408 463
1214 2 2 10 10 407 463 462
1215 2 2 10 10 408 409 464
1216 2 2 10 10 408 464 463
1217 2 2 10 10 409 410 465
1218 2 2 10 10 409 465 464
1219 2 2 10 10 410 411 466
1220 2 2 10 10 410 466 465
1221 2 2 10 10 411 412 467
1222 2 2 10 10 411 467 466
1223 2 2 10 10 412 413 468
1224 2 2 10 10 412 468 467
1225 2 2 10 10 413 414 469
1226 2 2 10 10 413 469 468
1227 2 2 10 10 414 415 470
1228 2 2 10 10 414 470 469
1229 2 2 10 10 415 416 471
1230 2 2 10 10 415 471 470
1231 2 2 10 10 416 417 472
1232 2 2 10 10 416 472 471
1233 2 2 10 10 417 418 473
1234 2 2 10 10 417 473 472
1235 2 2 10 10 418 419 474
1236 2 2 10 10 418 474 473
1237 2 2 10 10 420 421 476
1238 2 2 10 10 420 476 475
1239 2 2 10 10 421 422 477
1240 2 2 10 10 421 477 476
1241 2 2 10 10 422 423 478
1242 2 2 10 10 422 478 477
1243 2 2 10 10 423 424 479
1244 2 2 10 10 423 479 478
1245 2 2 10 10 424 425 480
1246 2 2 10 10 424 480 479
1247 2 2 10 10 425 426 481
1248 2 2 10 10 425 481 480
1249 2 2 10 10 426 427 482
1250 2 2 10 10 426 482 481
1251 2 2 10 10 427 428 483
1252 2 2 10 10 427 483 482
1253 2 2 10 10 428 429 484
1254 2 2 10 10 428 484 483
1255 2 2 10 10 429 430 485
1256 2 2 10 10 429 485 484
1257 2 2 10 10 430 431 486
1258 2 2 10 10 430 486 485
1259 2 2 10 10 431 432 487
1260 2 2 10 10 431 487 486
1261 2 2 10 10 432 433 488
1262 2 2 10 10 432 488 487
1263 2 2 10 10 433 434 489
1264 2 2 10 10 433 489 488
1265 2 2 10 10 434 435 490
1266 2 2 10 10 434 490 489
1267 2 2 10 10 435 436 491
1268 2 2 10 10 435 491 490
1269 2 2 10 10 436 437 492
1270 2 2 10 10 436 492 491
1271 2 2 10 10 437 438 493
1272 2 2 10 10 437 493 492
1273 2 2 10 10 438 439 494
1274 2 2 10 10 438 494 493
1275 2 2 10 10 439 440 495
1276 2 2 10 10 439 495 494
1277 2 2 10 10 440 441 496
1278 2 2 10 10 440 496 495
1279 2 2 10 10 441 442 497
1280 2 2 10 10 441 497 496
1281 2 2 10 10 442 443 498
1282 2 2 10 10 442 498 497
1283 2 2 10 10 443 444 499
1284 2 2 10 10 443 499 498
1285 2 2 10 10 444 445 500
1286 2 2 10 10 444 500 499
1287 2 2 10 10 445 446 501
1288 2 2 10 10 445 501 500
1289 2 2 10 10 446 447 502
1290 2 2 10 10 446 502 501
1291 2 2 10 10 447 448 503
1292 2 2 10 10 447 503 502
1293 2 2 10 10 448 449 504
1294 2 2 10 10 448 504 503
1295 2 2 10 10 449 450 505
1296 2 2 10 10 449 505 504
1297 2 2 10 10 450 451 506
1298 2 2 10 10 450 506 505
1299 2 2 10 10 451 452 507
1300 2 2 10 10 451 507 506
1301 2 2 10 10 452 453 508
1302 2 2 10 10 452 508 507
1303 2 2 10 10 453 454 509
1304 2 2 10 10 453 509 508
1305 2 2 10 10 454 455 510
1306 2 2 10 10 454 510 509
1307 2 2 10 10 455 456 511
1308 2 2 10 10 455 511 510
1309 2 2 10 10 456 457 512
1310 2 2 10 10 456 512 511
1311 2 2 10 10 457 458 513
1312 2 2 10 10 457 513 512
1313 2 2 10 10 458 459 514
1314 2 2 10 10 458 514 513
1315 2 2 10 10 459 460 515
1316 2 2 10 10 459 515 514
1317 2 2 10 10 460 461 516
1318 2 2 10 10 460 516 515
1319 2 2 10 10 461 462 517
1320 2 2 10 10 461 517 516
1321 2 2 10 10 462 463 518
1322 2 2 10 10 462 518 517
1323 2 2 10 10 463 464 519
1324 2 2 10 10 463 519 518
1325 2 2 10 10 464 465 520
1326 2 2 10 10 464 520 519
1327 2 2 10 10 465 466 521
1328 2 2 10 10 465 521 520
1329 2 2 10 10 466 467 522
1330 2 2 10 10 466 522 521
1331 2 2 10 10 467 468 523
1332 2 2 10 10 467 523 522
1333 2 2 10 10 468 469 524
1334 2 2 10 10 468 524 523
1335 2 2 10 10 469 470 525
1336 2 2 10 10 469 525 524
1337 2 2 10 10 470 471 526
1338 2 2 10 10 470 526 525
1339 2 2 10 10 471 472 527
1340 2 2 10 10 471 527 526
1341 2 2 10 10 472 473 528
1342 2 2 10 10 472 528 527
1343 2 2 10 10 473 474 529
1344 2 2 10 10 473 529 528
1345 2 2 10 10 475 476 531
1346 2 2 10 10 475 531 530
1347 2 2 10 10 476 477 532
1348 2 2 10 10 476 532 531
1349 2 2 10 10 477 478 533
1350 2 2 10 10 477 533 532
1351 2 2 10 10 478 479 534
1352 2 2 10 10 478 534 533
1353 2 2 10 10 479 480 535
1354 2 2 10 10 479 535 534
1355 2 2 10 10 480 481 536
1356 2 2 10 10 480 536 535
1357 2 2 10 10 481 482 537
1358 2 2 10 10 481 537 536
1359 2 2 10 10 482 483 538
1360 2 2 10 10 482 538 537
1361 2 2 10 10 483 484 539
1362 2 2 10 10 483 539 538
1363 2 2 10 10 484 485 540
1364 2 2 10 10 484 540 539
1365 2 2 10 10 485 486 541
1366 2 2 10 10 485 541 540
1367 2 2 10 10 486 487 542
1368 2 2 10 10 486 542 541
1369 2 2 10 10 487 488 543
1370 2 2 10 10 487 543 542
1371 2 2 10 10 488 489 544
1372 2 2 10 10 488 544 543
1373 2 2 10 10 489 490 545
1374 2 2 10 10 489 545 544
1375 2 2 10 10 490 491 546
1376 2 2 10 10 490 546 545
1377 2 2 10 10 491 492 547
1378 2 2 10 10 491 547 546
1379 2 2 10 10 492 493 548
1380 2 2 10 10 492 548 547
1381 2 2 10 10 493 494 549
1382 2 2 10 10 493 549 548
1383 2 2 10 10 494 495 550
1384 2 2 10 10 494 550 549
1385 2 2 10 10 495 496 551
1386 2 2 10 10 495 551 550
1387 2 2 10 10 496 497 552
1388 2 2 10 10 496 552 551
1389 2 2 10 10 497 498 553
1390 2 2 10 10 497 553 552
1391 2 2 10 10 498 499 554
1392 2 2 10 10 498 554 553
1393 2 2 10 10 499 500 555
1394 2 2 10 10 499 555 554
1395 2 2 10 10 500 501 556
1396 2 2 10 10 500 556 555
1397 2 2 10 10 501 502 557
1398 2 2 10 10 501 557 556
1399 2 2 10 10 502 503 558
1400 2 2 10 10 502 558 557
1401 2 2 10 10 503 504 559
1402 2 2 10 10 503 559 558
1403 2 2 10 10 504 505 560
1404 2 2 10 10 504 560 559
1405 2 2 10 10 505 506 561
1406 2 2 10 10 505 561 560
1407 2 2 10 10 506 507 562
1408 2 2 10 10 506 562 561
1409 2 2 10 10 507 508 563
1410 2 2 10 10 507 563 562
1411 2 2 10 10 508 509 564
1412 2 2 10 10 508 564 563
1413 2 2 10 10 509 510 565
1414 2 2 10 10 509 565 564
1415 2 2 10 10 510 511 566
1416 2 2 10 10 510 566 565
1417 2 2 10 10 511 512 567
1418 2 2 10 10 511 567 566
1419 2 2 10 10 512 513 568
1420 2 2 10 10 512 568 567
1421 2 2 10 10 513 514 569
1422 2 2 10 10 513 569 568
1423 2 2 10 10 514 515 570
1424 2 2 10 10 514 570 569
1425 2 2 10 10 515 516 571
1426 2 2 10 10 515 571 570
1427 2 2 10 10 516 517 572
1428 2 2 10 10 516 572 571
1429 2 2 10 10 517 518 573
1430 2 2 10 10 517 573 572
1431 2 2 10 10 518 519 574
1432 2 2 10 10 518 574 573
1433 2 2 10 10 519 520 575
1434 2 2 10 10 519 575 574
1435 2 2 10 10 520 521 576
1436 2 2 10 10 520 576 575
1437 2 2 10 10 521 522 577
1438 2 2 10 10 521 577 576
1439 2 2 10 10 522 523 578
1440 2 2 10 10 522 578 577
1441 2 2 10 10 523 524 579
1442 2 2 10 10 523 579 578
1443 2 2 10 10 524 525 580
1444 2 2 10 10 524 580 579
1445 2 2 10 10 525 526 581
1446 2 2 10 10 525 581 580
1447 2 2 10 10 526 527 582
1448 2 2 10 10 526 582 581
1449 2 2 10 10 527 528 583
1450 2 2 10 10 527 583 582
1451 2 2 10 10 528 529 584
1452 2 2 10 10 528 584 583
1453 2 2 10 10 530 531 586
1454 2 2 10 10 530 586 585
1455 2 2 10 10 531 532 587
1456 2 2 10 10 531 587 586
1457 2 2 10 10 532 533 588
1458 2 2 10 10 532 588 587
1459 2 2 10 10 533 534 589
1460 2 2 10 10 533 589 588
1461 2 2 10 10 534 535 590
1462 2 2 10 10 534 590 589
1463 2 2 10 10 535 536 591
1464 2 2 10 10 535 591 590
1465 2 2 10 10 536 537 592
1466 2 2 10 10 536 592 591
1467 2 2 10 10 537 538 593
1468 2 2 10 10 537 593 592
1469 2 2 10 10 538 539 594
1470 2 2 10 10 538 594 593
1471 2 2 10 10 539 540 595
1472 2 2 10 10 539 595 594
1473 2 2 10 10 540 541 596
1474 2 2 10 10 540 596 595
1475 2 2 10 10 541 542 597
1476 2 2 10 10 541 597 596
1477 2 2 10 10 542 543 598
1478 2 2 10 10 542 598 597
1479 2 2 10 10 543 544 599
1480 2 2 10 10 543 599 598
1481 2 2 10 10 544 545 600
1482 2 2 10 10 544 600 599
1483 2 2 10 10 545 546 601
1484 2 2 10 10 545 601 600
1485 2 2 10 10 546 547 602
1486 2 2 10 10 546 602 601
1487 2 2 10 10 547 548 603
1488 2 2 10 10 547 603 602
1489 2 2 10 10 548 549 604
1490 2 2 10 10 548 604 603
1491 2 2 10 10 549 550 605
1492 2 2 10 10 549 605 604
1493 2 2 10 10 550 551 606
1494 2 2 10 10 550 606 605
1495 2 2 10 10 551 552 607
1496 2 2 10 10 551 607 606
1497 2 2 10 10 552 553 608
1498 2 2 10 10 552 608 607
1499 2 2 10 10 553 554 609
1500 2 2 10 10 553 609 608
1501 2 2 10 10 554 555 610
1502 2 2 10 10 554 610 609
1503 2 2 10 10 555 556 611
1504 2 2 10 10 555 611 610
1505 2 2 10 10 556 557 612
1506 2 2 10 10 556 612 611
1507 2 2 10 10 557 558 613
1508 2 2 10 10 557 613 612
1509 2 2 10 10 558 559 614
1510 2 2 10 10 558 614 613
1511 2 2 10 10 559 560 615
1512 2 2 10 10 559 615 614
1513 2 2 10 10 560 561 616
1514 2 2 10 10 560 616 615
1515 2 2 10 10 561 562 617
1516 2 2 10 10 561 617 616
1517 2 2 10 10 562 563 618
1518 2 2 10 10 562 618 617
1519 2 2 10 10 563 564 619
1520 2 2 10 10 563 619 618
1521 2 2 10 10 564 565 620
1522 2 2 10 10 564 620 619
1523 2 2 10 10 565 566 621
1524 2 2 10 10 565 621 620
1525 2 2 10 10 566 567 622
1526 2 2 10 10 566 622 621
1527 2 2 10 10 567 568 623
1528 2 2 10 10 567 623 622
1529 2 2 10 10 568 569 624
1530 2 2 10 10 568 624 623
1531 2 2 10 10 569 570 625
1532 2 2 10 10 569 625 624
1533 2 2 10 10 570 571 626
1534 2 2 10 10 570 626 625
1535 2 2 10 10 571 572 627
1536 2 2 10 10 571 627 626
1537 2 2 10 10 572 573 628
1538 2 2 10 10 572 628 627
1539 2 2 10 10 573 574 629
1540 2 2 10 10 573 629 628
1541 2 2 10 10 574 575 630
1542 2 2 10 10 574 630 629
1543 2 2 10 10 575 576 631
1544 2 2 10 10 575 631 630
1545 2 2 10 10 576 577 632
1546 2 2 10 10 576 632 631
1547 2 2 10 10 577 578 633
1548 2 2 10 10 577 633 632
1549 2 2 10 10 578 579 634
1550 2 2 10 10 578 634 633
1551 2 2 10 10 579 580 635
1552 2 2 10 10 579 635 634
1553 2 2 10 10 580 581 636
1554 2 2 10 10 580 636 635
1555 2 2 10 10 581 582 637
1556 2 2 10 10 581 637 636
1557 2 2 10 10 582 583 638
1558 2 2 10 10 582 638 637
1559 2 2 10 10 583 584 639
1560 2 2 10 10 583 639 638
1561 2 2 10 10 585 586 641
1562 2 2 10 10 585 641 640
1563 2 2 10 10 586 587 642
1564 2 2 10 10 586 642 641
1565 2 2 10 10 587 588 643
1566 2 2 10 10 587 643 642
1567 2 2 10 10 588 589 644
1568 2 2 10 10 588 644 643
1569 2 2 10 10 589 590 645
1570 2 2 10 10 589 645 644
1571 2 2 10 10 590 591 646
1572 2 2 10 10 590 646 645
1573 2 2 10 10 591 592 647
1574 2 2 10 10 591 647 646
1575 2 2 10 10 592 593 648
1576 2 2 10 10 592 648 647
1577 2 2 10 10 593 594 649
1578 2 2 10 10 593 649 648
1579 2 2 10 10 600 601 651
1580 2 2 10 10 600 651 650
1581 2 2 10 10 601 602 652
1582 2 2 10 10 601 652 651
1583 2 2 10 10 602 603 653
1584 2 2 10 10 602 653 652
1585 2 2 10 10 603 604 654
1586 2 2 10 10 603 654 653
1587 2 2 10 10 604 605 655
1588 2 2 10 10 604 655 654
1589 2 2 10 10 605 606 656
1590 2 2 10 10 605 656 655
1591 2 2 10 10 606 607 657
1592 2 2 10 10 606 657 656
1593 2 2 10 10 607 608 658
1594 2 2 10 10 607 658 657
1595 2 2 10 10 608 609 659
1596 2 2 10 10 608 659 658
1597 2 2 10 10 609 610 660
1598 2 2 10 10 609 660 659
1599 2 2 10 10 616 617 662
1600 2 2 10 10 616 662 661
1601 2 2 10 10 617 618 663
1602 2 2 10 10 617 663 662
1603 2 2 10 10 618 619 664
1604 2 2 10 10 618 664 663
1605 2 2 10 10 619 620 665
1606 2 2 10 10 619 665 664
1607 2 2 10 10 620 621 666
1608 2 2 10 10 620 666 665
1609 2 2 10 10 621 622 667
1610 2 2 10 10 621 667 666
1611 2 2 10 10 622 623 668
1612 2 2 10 10 622 668 667
1613 2 2 10 10 623 624 669
1614 2 2 10 10 623 669 668
1615 2 2 10 10 624 625 670
1616 2 2 10 10 624 670 669
1617 2 2 10 10 625 626 671
1618 2 2 10 10 625 671 670
1619 2 2 10 10 626 627 672
1620 2 2 10 10 626 672 671
1621 2 2 10 10 627 628 673
1622 2 2 10 10 627 673 672
1623 2 2 10 10 628 629 674
1624 2 2 10 10 628 674 673
1625 2 2 10 10 629 630 675
1626 2 2 10 10 629 675 674
1627 2 2 10 10 630 631 676
1628 2 2 10 10 630 676 675
1629 2 2 10 10 631 632 677
1630 2 2 10 10 631 677 676
1631 2 2 10 10 632 633 678
1632 2 2 10 10 632 678 677
1633 2 2 10 10 633 634 679
1634 2 2 10 10 633 679 678
1635 2 2 10 10 634 635 680
1636 2 2 10 10 634 680 679
1637 2 2 10 10 635 636 681
1638 2 2 10 10 635 681 680
1639 2 2 10 10 636 637 682
1640 2 2 10 10 636 682 681
1641 2 2 10 10 637 638 683
1642 2 2 10 10 637 683 682
1643 2 2 10 10 638 639 684
1644 2 2 10 10 638 684 683
1645 2 2 10 10 640 641 686
1646 2 2 10 10 640 686 685
1647 2 2 10 10 641 642 687
1648 2 2 10 10 641 687 686
1649 2 2 10 10 642 643 688
1650 2 2 10 10 642 688 687
1651 2 2 10 10 643 644 689
1652 2 2 10 10 643 689 688
1653 2 2 10 10 644 645 690
1654 2 2 10 10 644 690 689
1655 2 2 10 10 645 646 691
1656 2 2 10 10 645 691 690
1657 2 2 10 10 646 647 692
1658 2 2 10 10 646 692 691
1659 2 2 10 10 647 648 693
1660 2 2 10 10 647 693 692
1661 2 2 10 10 651 652 695
1662 2 2 10 10 651 695 694
1663 2 2 10 10 652 653 696
1664 2 2 10 10 652 696 695
1665 2 2 10 10 653 654 697
1666 2 2 10 10 653 697 696
1667 2 2 10 10 654 655 698
1668 2 2 10 10 654 698 697
1669 2 2 10 10 655 656 699
1670 2 2 10 10 655 699 698
1671 2 2 10 10 656 657 700
1672 2 2 10 10 656 700 699
1673 2 2 10 10 657 658 701
1674 2 2 10 10 657 701 700
1675 2 2 10 10 658 659 702
1676 2 2 10 10 658 702 701
1677 2 2 10 10 662 663 704
1678 2 2 10 10 662 704 703
1679 2 2 10 10 663 664 705
1680 2 2 10 10 663 705 704
1681 2 2 10 10 664 665 706
1682 2 2 10 10 664 706 705
1683 2 2 10 10 665 666 707
1684 2 2 10 10 665 707 706
1685 2 2 10 10 666 667 708
1686 2 2 10 10 666 708 707
1687 2 2 10 10 667 668 709
1688 2 2 10 10 667 709 708
1689 2 2 10 10 668 669 710
1690 2 2 10 10 668 710 709
1691 2 2 10 10 669 670 711
1692 2 2 10 10 669 711 710
1693 2 2 10 10 670 671 712
1694 2 2 10 10 670 712 711
1695 2 2 10 10 671 672 713
1696 2 2 10 10 671 713 712
1697 2 2 10 10 672 673 714
1698 2 2 10 10 672 714 713
1699 2 2 10 10 673 674 715
1700 2 2 10 10 673 715 714
1701 2 2 10 10 674 675 716
1702 2 2 10 10 674 716 715
1703 2 2 10 10 675 676 717
1704 2 2 10 10 675 717 716
1705 2 2 10 10 676 677 718
1706 2 2 10 10 676 718 717
1707 2 2 10 10 677 678 719
1708 2 2 10 10 677 719 718
1709 2 2 10 10 678 679 720
1710 2 2 10 10 678 720 719
1711 2 2 10 10 679 680 721
1712 2 2 10 10 679 721 720
1713 2 2 10 10 680 681 722
1714 2 2 10 10 680 722 721
1715 2 2 10 10 681 682 723
1716 2 2 10 10 681 723 722
1717 2 2 10 10 682 683 724
1718 2 2 10 10 682 724 723
1719 2 2 10 10 683 684 725
1720 2 2 10 10 683 725 724
1721 2 2 10 10 685 686 727
1722 2 2 10 10 685 727 726
1723 2 2 10 10 686 687 728
1724 2 2 10 10 686 728 727
1725 2 2 10 10 687 688 729
1726 2 2 10 10 687 729 728
1727 2 2 10 10 688 689 730
1728 2 2 10 10 688 730 729
1729 2 2 10 10 689 690 731
1730 2 2 10 10 689 731 730
1731 2 2 10 10 690 691 732
1732 2 2 10 10 690 732 731
1733 2 2 10 10 691 692 733
1734 2 2 10 10 691 733 732
1735 2 2 10 10 695 696 735
1736 2 2 10 10 695 735 734
1737 2 2 10 10 696 697 736
1738 2 2 10 10 696 736 735
1739 2 2 10 10 697 698 737
1740 2 2 10 10 697 737 736
1741 2 2 10 10 698 699 738
1742 2 2 10 10 698 738 737
1743 2 2 10 10 699 700 739
1744 2 2 10 10 699 739 738
1745 2 2 10 10 700 701 740
1746 2 2 10 10 700 740 739
1747 2 2 10 10 704 705 742
1748 2 2 10 10 704 742 741
1749 2 2 10 10 705 706 743
1750 2 2 10 10 705 743 742
1751 2 2 10 10 706 707 744
1752 2 2 10 10 706 744 743
1753 2 2 10 10 707 708 745
1754 2 2 10 10 707 745 744
1755 2 2 10 10 708 709 746
1756 2 2 10 10 708 746 745
1757 2 2 10 10 709 710 747
1758 2 2 10 10 709 747 746
1759 2 2 10 10 710 711 748
1760 2 2 10 10 710 748 747
1761 2 2 10 10 711 712 749
1762 2 2 10 10 711 749 748
1763 2 2 10 10 712 713 750
1764 2 2 10 10 712 750 749
1765 2 2 10 10 713 714 751
1766 2 2 10 10 713 751 750
1767 2 2 10 10 714 715 752
1768 2 2 10 10 714 752 751
1769 2 2 10 10 715 716 753
1770 2 2 10 10 715 753 752
1771 2 2 10 10 716 717 754
1772 2 2 10 10 716 754 753
1773 2 2 10 10 717 718 755
1774 2 2 10 10 717 755 754
1775 2 2 10 10 718 719 756
1776 2 2 10 10 718 756 755
1777 2 2 10 10 719 720 757
1778 2 2 10 10 719 757 756
1779 2 2 10 10 720 721 758
1780 2 2 10 10 720 758 757
1781 2 2 10 10 721 722 759
1782 2 2 10 10 721 759 758
1783 2 2 10 10 722 723 760
1784 2 2 10 10 722 760 759
1785 2 2 10 10 723 724 761
1786 2 2 10 10 723 761 760
1787 2 2 10 10 724 725 762
1788 2 2 10 10 724 762 761
1789 2 2 10 10 726 727 764
1790 2 2 10 10 726 764 763
1791 2 2 10 10 727 728 765
1792 2 2 10 10 727 765 764
1793 2 2 10 10 728 729 766
1794 2 2 10 10 728 766 765
1795 2 2 10 10 729 730 767
1796 2 2 10 10 729 767 766
1797 2 2 10 10 730 731 768
1798 2 2 10 10 730 768 767
1799 2 2 10 10 731 732 769
1800 2 2 10 10 731 769 768
1801 2 2 10 10 735 736 771
1802 2 2 10 10 735 771 770
1803 2 2 10 10 736 737 772
1804 2 2 10 10 736 772 771
1805 2 2 10 10 737 738 773
1806 2 2 10 10 737 773 772
1807 2 2 10 10 738 739 774
1808 2 2 10 10 738 774 773
1809 2 2 10 10 742 743 776
1810 2 2 10 10 742 776 775
1811 2 2 10 10 743 744 777
1812 2 2 10 10 743 777 776
1813 2 2 10 10 744 745 778
1814 2 2 10 10 744 778 777
1815 2 2 10 10 745 746 779
1816 2 2 10 10 745 779 778
1817 2 2 10 10 746 747 780
1818 2 2 10 10 746 780 779
1819 2 2 10 10 747 748 781
1820 2 2 10 10 747 781 780
1821 2 2 10 10 748 749 782
1822 2 2 10 10 748 782 781
1823 2 2 10 10 749 750 783
1824 2 2 10 10 749 783 782
1825 2 2 10 10 750 751 784
1826 2 2 10 10 750 784 783
1827 2 2 10 10 751 752 785
1828 2 2 10 10 751 785 784
1829 2 2 10 10 752 753 786
1830 2 2 10 10 752 786 785
1831 2 2 10 10 753 754 787
1832 2 2 10 10 753 787 786
1833 2 2 10 10 754 755 788
1834 2 2 10 10 754 788 787
1835 2 2 10 10 755 756 789
1836 2 2 10 10 755 789 788
1837 2 2 10 10 756 757 790
1838 2 2 10 10 756 790 789
1839 2 2 10 10 757 758 791
1840 2 2 10 10 757 791 790
1841 2 2 10 10 758 759 792
1842 2 2 10 10 758 792 791
1843 2 2 10 10 759 760 793
1844 2 2 10 10 759 793 792
1845 2 2 10 10 760 761 794
1846 2 2 10 10 760 794 793
1847 2 2 10 10 761 762 795
1848 2 2 10 10 761 795 794
1849 2 2 10 10 763 764 797
1850 2 2 10 10 763 797 796
1851 2 2 10 10 764 765 798
1852 2 2 10 10 764 798 797
1853 2 2 10 10 765 766 799
1854 2 2 10 10 765 799 798
1855 2 2 10 10 766 767 800
1856 2 2 10 10 766 800 799
1857 2 2 10 10 767 768 801
1858 2 2 10 10 767 801 800
1859 2 2 10 10 768 769 802
1860 2 2 10 10 768 802 801
1861 2 2 10 10 770 771 804
1862 2 2 10 10 770 804 803
1863 2 2 10 10 771 772 805
1864 2 2 10 10 771 805 804
1865 2 2 10 10 772 773 806
1866 2 2 10 10 772 806 805
1867 2 2 10 10 773 774 807
1868 2 2 10 10 773 807 806
1869 2 2 10 10 775 776 809
1870 2 2 10 10 775 809 808
1871 2 2 10 10 776 777 810
1872 2 2 10 10 776 810 809
1873 2 2 10 10 777 778 811
1874 2 2 10 10 777 811 810
1875 2 2 10 10 778 779 812
1876 2 2 10 10 778 812 811
1877 2 2 10 10 779 780 813
1878 2 2 10 10 779 813 812
1879 2 2 10 10 780 781 814
1880 2 2 10 10 780 814 813
1881 2 2 10 10 781 782 815
1882 2 2 10 10 781 815 814
1883 2 2 10 10 782 783 816
1884 2 2 10 10 782 816 815
1885 2 2 10 10 783 784 817
1886 2 2 10 10 783 817 816
1887 2 2 10 10 784 785 818
1888 2 2 10 10 784 818 817
1889 2 2 10 10 785 786 819
1890 2 2 10 10 785 819 818
1891 2 2 10 10 786 787 820
1892 2 2 10 10 786 820 819
1893 2 2 10 10 787 788 821
1894 2 2 10 10 787 821 820
1895 2 2 10 10 788 789 822
1896 2 2 10 10 788 822 821
1897 2 2 10 10 789 790 823
1898 2 2 10 10 789 823 822
1899 2 2 10 10 790 791 824
1900 2 2 10 10 790 824 823
1901 2 2 10 10 791 792 825
1902 2 2 10 10 791 825 824
1903 2 2 10 10 792 793 826
1904 2 2 10 10 792 826 825
1905 2 2 10 10 793 794 827
1906 2 2 10 10 793 827 826
1907 2 2 10 10 794 795 828
1908 2 2 10 10 794 828 827
1909 2 2 10 10 796 797 830
1910 2 2 10 10 796 830 829
1911 2 2 10 10 797 798 831
1912 2 2 10 10 797 831 830
1913 2 2 10 10 798 799 832
1914 2 2 10 10 798 832 831
1915 2 2 10 10 799 800 833
1916 2 2 10 10 799 833 832
1917 2 2 10 10 800 801 834
1918 2 2 10 10 800 834 833
1919 2 2 10 10 801 802 835
1920 2 2 10 10 801 835 834
1921 2 2 10 10 803 804 837
1922 2 2 10 10 803 837 836
1923 2 2 10 10 804 805 838
1924 2 2 10 10 804 838 837
1925 2 2 10 10 805 806 839
1926 2 2 10 10 805 839 838
1927 2 2 10 10 806 807 840
1928 2 2 10 10 806 840 839
1929 2 2 10 10 808 809 842
1930 2 2 10 10 808 842 841
1931 2 2 10 10 809 810 843
1932 2 2 10 10 809 843 842
1933 2 2 10 10 810 811 844
1934 2 2 10 10 810 844 843
1935 2 2 10 10 811 812 845
1936 2 2 10 10 811 845 844
1937 2 2 10 10 812 813 846
1938 2 2 10 10 812 846 845
1939 2 2 10 10 813 814 847
1940 2 2 10 10 813 847 846
1941 2 2 10 10 814 815 848
1942 2 2 10 10 814 848 847
1943 2 2 10 10 815 816 849
1944 2 2 10 10 815 849 848
1945 2 2 10 10 816 817 850
1946 2 2 10 10 816 850 849
1947 2 2 10 10 817 818 851
1948 2 2 10 10 817 851 850
1949 2 2 10 10 818 819 852
1950 2 2 10 10 818 852 851
1951 2 2 10 10 819 820 853
1952 2 2 10 10 819 853 852
1953 2 2 10 10 820 821 854
1954 2 2 10 10 820 854 853
1955 2 2 10 10 821 822 855
1956 2 2 10 10 821 855 854
1957 2 2 10 10 822 823 856
1958 2 2 10 10 822 856 855
1959 2 2 10 10 823 824 857
1960 2 2 10 10 823 857 856
1961 2 2 10 10 824 825 858
1962 2 2 10 10 824 858 857
1963 2 2 10 10 825 826 859
1964 2 2 10 10 825 859 858
1965 2 2 10 10 826 827 860
1966 2 2 10 10 826 860 859
1967 2 2 10 10 827 828 861
1968 2 2 10 10 827 861 860
1969 2 2 10 10 829 830 863
1970 2 2 10 10 829 863 862
1971 2 2 10 10 830 831 864
1972 2 2 10 10 830 864 863
1973 2 2 10 10 831 832 865
1974 2 2 10 10 831 865 864
1975 2 2 10 10 832 833 866
1976 2 2 10 10 832 866 865
1977 2 2 10 10 833 834 867
1978 2 2 10 10 833 867 866
1979 2 2 10 10 834 835 868
1980 2 2 10 10 834 868 867
1981 2 2 10 10 836 837 870
1982 2 2 10 10 836 870 869
1983 2 2 10 10 837 838 871
1984 2 2 10 10 837 871 870
1985 2 2 10 10 838 839 872
1986 2 2 10 10 838 872 871
1987 2 2 10 10 839 840 873
1988 2 2 10 10 839 873 872
1989 2 2 10 10 841 842 875
1990 2 2 10 10 841 875 874
1991 2 2 10 10 842 843 876
1992 2 2 10 10 842 876 875
1993 2 2 10 10 843 844 877
1994 2 2 10 10 843 877 876
1995 2 2 10 10 844 845 878
1996 2 2 10 10 844 878 877
1997 2 2 10 10 845 846 879
1998 2 2 10 10 845 879 878
1999 2 2 10 10 846 847 880
2000 2 2 10 10 846 880 879
2001 2 2 10 10 847 848 881
2002 2 2 10 10 847 881 880
2003 2 2 10 10 848 849 882
2004 2 2 10 10 848 882 881
2005 2 2 10 10 849 850 883
2006 2 2 10 10 849 883 882
2007 2 2 10 10 850 851 884
2008 2 2 10 10 850 884 883
2009 2 2 10 10 851 852 885
2010 2 2 10 10 851 885 884
2011 2 2 10 10 852 853 886
2012 2 2 10 10 852 886 885
2013 2 2 10 10 853 854 887
2014 2 2 10 10 853 887 886
2015 2 2 10 10 854 855 888
2016 2 2 10 10 854 888 887
2017 2 2 10 10 855 856 889
2018 2 2 10 10 855 889 888
2019 2 2 10 10 856 857 890
2020 2 2 10 10 856 890 889
2021 2 2 10 10 857 858 891
2022 2 2 10 10 857 891 890
2023 2 2 10 10 858 859 892
2024 2 2 10 10 858 892 891
2025 2 2 10 10 859 860 893
2026 2 2 10 10 859 893 892
2027 2 2 10 10 860 861 894
2028 2 2 10 10 860 894 893
2029 2 2 10 10 862 863 896
2030 2 2 10 10 862 896 895
2031 2 2 10 10 863 864 897
2032 2 2 10 10 863 897 896
2033 2 2 10 10 864 865 898
2034 2 2 10 10 864 898 897
2035 2 2 10 10 865 866 899
2036 2 2 10 10 865 899 898
2037 2 2 10 10 866 867 900
2038 2 2 10 10 866 900 899
2039 2 2 10 10 867 868 901
2040 2 2 10 10 867 901 900
2041 2 2 10 10 869 870 903
2042 2 2 10 10 869 903 902
2043 2 2 10 10 870 871 904
2044 2 2 10 10 870 904 903
2045 2 2 10 10 871 872 905
2046 2 2 10 10 871 905 904
2047 2 2 10 10 872 873 906
2048 2 2 10 10 872 906 905
2049 2 2 10 10 874 875 908
2050 2 2 10 10 874 908 907
2051 2 2 10 10 875 876 909
2052 2 2 10 10 875 909 908
2053 2 2 10 10 876 877 910
2054 2 2 10 10 876 910 909
2055 2 2 10 10 877 878 911
2056 2 2 10 10 877 911 910
2057 2 2 10 10 878 879 912
2058 2 2 10 10 878 912 911
2059 2 2 10 10 879 880 913
2060 2 2 10 10 879 913 912
2061 2 2 10 10 880 881 914
2062 2 2 10 10 880 914 913
2063 2 2 10 10 881 882 915
2064 2 2 10 10 881 915 914
2065 2 2 10 10 882 883 916
2066 2 2 10 10 882 916 915
2067 2 2 10 10 883 884 917
2068 2 2 10 10 883 917 916
2069 2 2 10 10 884 885 918
2070 2 2 10 10 884 918 917
2071 2 2 10 10 885 886 919
2072 2 2 10 10 885 919 918
2073 2 2 10 10 886 887 920
2074 2 2 10 10 886 920 919
2075 2 2 10 10 887 888 921
2076 2 2 10 10 887 921 920
2077 2 2 10 10 888 889 922
2078 2 2 10 10 888 922 921
2079 2 2 10 10 889 890 923
2080 2 2 10 10 889 923 922
2081 2 2 10 10 890 891 924
2082 2 2 10 10 890 924 923
2083 2 2 10 10 891 892 925
2084 2 2 10 10 891 925 924
2085 2 2 10 10 892 893 926
2086 2 2 10 10 892 926 925
2087 2 2 10 10 893 894 927
2088 2 2 10 10 893 927 926
2089 2 2 10 10 895 896 929
2090 2 2 10 10 895 929 928
2091 2 2 10 10 896 897 930
2092 2 2 10 10 896 930 929
2093 2 2 10 10 897 898 931
2094 2 2 10 10 897 931 930
2095 2 2 10 10 898 899 932
2096 2 2 10 10 898 932 931
2097 2 2 10 10 899 900 933
2098 2 2 10 10 899 933 932
2099 2 2 10 10 900 901 934
2100 2 2 10 10 900 934 933
2101 2 2 10 10 902 903 936
2102 2 2 10 10 902 936 935
2103 2 2 10 10 903 904 937
2104 2 2 10 10 903 937 936
2105 2 2 10 10 904 905 938
2106 2 2 10 10 904 938 937
2107 2 2 10 10 905 906 939
2108 2 2 10 10 905 939 938
2109 2 2 10 10 907 908 943
2110 2 2 10 10 907 943 942
2111 2 2 10 10 908 909 944
2112 2 2 10 10 908 944 943
2113 2 2 10 10 909 910 945
2114 2 2 10 10 909 945 944
2115 2 2 10 10 910 911 946
2116 2 2 10 10 910 946 945
2117 2 2 10 10 911 912 947
2118 2 2 10 10 911 947 946
2119 2 2 10 10 912 913 948
2120 2 2 10 10 912 948 947
2121 2 2 10 10 913 914 949
2122 2 2 10 10 913 949 948
2123 2 2 10 10 914 915 950
2124 2 2 10 10 914 950 949
2125 2 2 10 10 915 916 951
2126 2 2 10 10 915 951 950
2127 2 2 10 10 916 917 952
2128 2 2 10 10 916 952 951
2129 2 2 10 10 917 918 953
2130 2 2 10 10 917 953 952
2131 2 2 10 10 918 919 954
2132 2 2 10 10 918 954 953
2133 2 2 10 10 919 920 955
2134 2 2 10 10 919 955 954
2135 2 2 10 10 920 921 956
2136 2 2 10 10 920 956 955
2137 2 2 10 10 921 922 957
2138 2 2 10 10 921 957 956
2139 2 2 10 10 928 929 959
2140 2 2 10 10 928 959 958
2141 2 2 10 10 929 930 960
2142 2 2 10 10 929 960 959
2143 2 2 10 10 930 931 961
2144 2 2 10 10 930 961 960
2145 2 2 10 10 931 932 962
2146 2 2 10 10 931 962 961
2147 2 2 10 10 932 933 963
2148 2 2 10 10 932 963 962
2149 2 2 10 10 933 934 964
2150 2 2 10 10 933 964 963
2151 2 2 10 10 935 936 966
2152 2 2 10 10 935 966 965
2153 2 2 10 10 936 937 967
2154 2 2 10 10 936 967 966
2155 2 2 10 10 937 938 968
2156 2 2 10 10 937 968 967
2157 2 2 10 10 938 939 969
2158 2 2 10 10 938 969 968
2159 2 2 10 10 939 940 970
2160 2 2 10 10 939 970 969
2161 2 2 10 10 941 942 974
2162 2 2 10 10 941 974 973
2163 2 2 10 10 942 943 975
2164 2 2 10 10 942 975 974
2165 2 2 10 10 943 944 976
2166 2 2 10 10 943 976 975
2167 2 2 10 10 944 945 977
2168 2 2 10 10 944 977 976
2169 2 2 10 10 945 946 978
2170 2 2 10 10 945 978 977
2171 2 2 10 10 946 947 979
2172 2 2 10 10 946 979 978
2173 2 2 10 10 947 948 980
2174 2 2 10 10 947 980 979
2175 2 2 10 10 948 949 981
2176 2 2 10 10 948 981 980
2177 2 2 10 10 949 950 982
2178 2 2 10 10 949 982 981
2179 2 2 10 10 950 951 983
2180 2 2 10 10 950 983 982
2181 2 2 10 10 951 952 984
2182 2 2 10 10 951 984 983
2183 2 2 10 10 952 953 985
2184 2 2 10 10 952 985 984
2185 2 2 10 10 953 954 986
2186 2 2 10 10 953 986 985
2187 2 2 10 10 954 955 987
2188 2 2 10 10 954 987 986
2189 2 2 10 10 955 956 988
2190 2 2 10 10 955 988 987
2191 2 2 10 10 958 959 990
2192 2 2 10 10 958 990 989
2193 2 2 10 10 959 960 991
2194 2 2 10 10 959 991 990
2195 2 2 10 10 960 961 992
2196 2 2 10 10 960 992 991
2197 2 2 10 10 961 962 993
2198 2 2 10 10 961 993 992
2199 2 2 10 10 962 963 994
2200 2 2 10 10 962 994 993
2201 2 2 10 10 963 964 995
2202 2 2 10 10 963 995 994
2203 2 2 10 10 965 966 997
2204 2 2 10 10 965 997 996
2205 2 2 10 10 966 967 998
2206 2 2 10 10 966 998 997
2207 2 2 10 10 967 968 999
2208 2 2 10 10 967 999 998
2209 2 2 10 10 968 969 1000
2210 2 2 10 10 968 1000 999
2211 2 2 10 10 969 970 1001
2212 2 2 10 10 969 1001 1000
2213 2 2 10 10 970 971 1002
2214 2 2 10 10 970 1002 1001
2215 2 2 10 10 972 973 1006
2216 2 2 10 10 972 1006 1005
2217 2 2 10 10 973 974 1007
2218 2 2 10 10 973 1007 1006
2219 2 2 10 10 974 975 1008
2220 2 2 10 10 974 1008 1007
2221 2 2 10 10 975 976 1009
2222 2 2 10 10 975 1009 1008
2223 2 2 10 10 976 977 1010
2224 2 2 10 10 976 1010 1009
2225 2 2 10 10 977 978 1011
2226 2 2 10 10 977 1011 1010
2227 2 2 10 10 978 979 1012
2228 2 2 10 10 978 1012 1011
2229 2 2 10 10 979 980 1013
2230 2 2 10 10 979 1013 1012
2231 2 2 10 10 980 981 1014
2232 2 2 10 10 980 1014 1013
2233 2 2 10 10 981 982 1015
2234 2 2 10 10 981 1015 1014
2235 2 2 10 10 982 983 1016
2236 2 2 10 10 982 1016 1015
2237 2 2 10 10 983 984 1017
2238 2 2 10 10 983 1017 1016
2239 2 2 10 10 984 985 1018
2240 2 2 10 10 984 1018 1017
2241 2 2 10 10 985 986 1019
2242 2 2 10 10 985 1019 1018
2243 2 2 10 10 986 987 1020
2244 2 2 10 10 986 1020 1019
2245 2 2 10 10 989 990 1022
2246 2 2 10 10 989 1022 1021
2247 2 2 10 10 990 991 1023
2248 2 2 10 10 990 1023 1022
2249 2 2 10 10 991 992 1024
2250 2 2 10 10 991 1024 1023
2251 2 2 10 10 992 993 1025
2252 2 2 10 10 992 1025 1024
2253 2 2 10 10 993 994 1026
2254 2 2 10 10 993 1026 1025
2255 2 2 10 10 994 995 1027
2256 2 2 10 10 994 1027 1026
2257 2 2 10 10 996 997 1029
2258 2 2 10 10 996 1029 1028
2259 2 2 10 10 997 998 1030
2260 2 2 10 10 997 1030 1029
2261 2 2 10 10 998 999 1031
2262 2 2 10 10 998 1031 1030
2263 2 2 10 10 999 1000 1032
2264 2 2 10 10 999 1032 1031
2265 2 2 10 10 1000 1001 1033
2266 2 2 10 10 1000 1033 1032
2267 2 2 10 10 1001 1002 1034
2268 2 2 10 10 1001 1034 1033
2269 2 2 10 10 1002 1003 1035
2270 2 2 10 10 1002 1035 1034
2271 2 2 10 10 1004 1005 1042
2272 2 2 10 10 1004 1042 1041
2273 2 2 10 10 1005 1006 1043
2274 2 2 10 10 1005 1043 1042
2275 2 2 10 10 1006 1007 1044
2276 2 2 10 10 1006 1044 1043
2277 2 2 10 10 1007 1008 1045
2278 2 2 10 10 1007 1045 1044
2279 2 2 10 10 1008 1009 1046
2280 2 2 10 10 1008 1046 1045
2281 2 2 10 10 1009 1010 1047
2282 2 2 10 10 1009 1047 1046
2283 2 2 10 10 1010 1011 1048
2284 2 2 10 10 1010 1048 1047
2285 2 2 10 10 1011 1012 1049
2286 2 2 10 10 1011 1049 1048
2287 2 2 10 10 1012 1013 1050
2288 2 2 10 10 1012 1050 1049
2289 2 2 10 10 1013 1014 1051
2290 2 2 10 10 1013 1051 1050
2291 2 2 10 10 1014 1015 1052
2292 2 2 10 10 1014 1052 1051
2293 2 2 10 10 1015 1016 1053
2294 2 2 10 10 1015 1053 1052
2295 2 2 10 10 1016 1017 1054
2296 2 2 10 10 1016 1054 1053
2297 2 2 10 10 1017 1018 1055
2298 2 2 10 10 1017 1055 1054
2299 2 2 10 10 1018 1019 1056
2300 2 2 10 10 1018 1056 1055
2301 2 2 10 10 1021 1022 1058
2302 2 2 10 10 1021 1058 1057
2303 2 2 10 10 1022 1023 1059
2304 2 2 10 10 1022 1059 1058
2305 2 2 10 10 1023 1024 1060
2306 2 2 10 10 1023 1060 1059
2307 2 2 10 10 1024 1025 1061
2308 2 2 10 10 1024 1061 1060
2309 2 2 10 10 1025 1026 1062
2310 2 2 10 10 1025 1062 1061
2311 2 2 10 10 1026 1027 1063
2312 2 2 10 10 1026 1063 1062
2313 2 2 10 10 1028 1029 1065
2314 2 2 10 10 1028 1065 1064
2315 2 2 10 10 1029 1030 1066
2316 2 2 10 10 1029 1066 1065
2317 2 2 10 10 1030 1031 1067
2318 2 2 10 10 1030 1067 1066
2319 2 2 10 10 1031 1032 1068
2320 2 2 10 10 1031 1068 1067
2321 2 2 10 10 1032 1033 1069
2322 2 2 10 10 1032 1069 1068
2323 2 2 10 10 1033 1034 1070
2324 2 2 10 10 1033 1070 1069
2325 2 2 10 10 1034 1035 1071
2326 2 2 10 10 1034 1071 1070
2327 2 2 10 10 1035 1036 1072
2328 2 2 10 10 1035 1072 1071
2329 2 2 10 10 1036 1037 1073
2330 2 2 10 10 1036 1073 1072
2331 2 2 10 10 1037 1038 1074
2332 2 2 10 10 1037 1074 1073
2333 2 2 10 10 1038 1039 1075
2334 2 2 10 10 1038 1075 1074
2335 2 2 10 10 1039 1040 1076
2336 2 2 10 10 1039 1076 1075
2337 2 2 10 10 1040 1041 1077
2338 2 2 10 10 1040 1077 1076
2339 2 2 10 10 1041 1042 1078
2340 2 2 10 10 1041 1078 1077
2341 2 2 10 10 1042 1043 1079
2342 2 2 10 10 1042 1079 1078
2343 2 2 10 10 1043 1044 1080
2344 2 2 10 10 1043 1080 1079
2345 2 2 10 10 1044 1045 1081
2346 2 2 10 10 1044 1081 1080
2347 2 2 10 10 1045 1046 1082
2348 2 2 10 10 1045 1082 1081
2349 2 2 10 10 1046 1047 1083
2350 2 2 10 10 1046 1083 1082
2351 2 2 10 10 1047 1048 1084
2352 2 2 10 10 1047 1084 1083
2353 2 2 10 10 1048 1049 1085
2354 2 2 10 10 1048 1085 1084
2355 2 2 10 10 1049 1050 1086
2356 2 2 10 10 1049 1086 1085
2357 2 2 10 10 1050 1051 1087
2358 2 2 10 10 1050 1087 1086
2359 2 2 10 10 1051 1052 1088
2360 2 2 10 10 1051 1088 1087
2361 2 2 10 10 1052 1053 1089
2362 2 2 10 10 1052 1089 1088
2363 2 2 10 10 1053 1054 1090
2364 2 2 10 10 1053 1090 1089
2365 2 2 10 10 1054 1055 1091
2366 2 2 10 10 1054 1091 1090
2367 2 2 10 10 1055 1056 1092
2368 2 2 10 10 1055 1092 1091
2369 2 2 10 10 1057 1058 1094
2370 2 2 10 10 1057 1094 1093
2371 2 2 10 10 1058 1059 1095
2372 2 2 10 10 1058 1095 1094
2373 2 2 10 10 1059 1060 1096
2374 2 2 10 10 1059 1096 1095
2375 2 2 10 10 1060 1061 1097
2376 2 2 10 10 1060 1097 1096
2377 2 2 10 10 1061 1062 1098
2378 2 2 10 10 1061 1098 1097
2379 2 2 10 10 1062 1063 1099
2380 2 2 10 10 1062 1099 1098
2381 2 2 10 10 1064 1065 1101
2382 2 2 10 10 1064 1101 1100
2383 2 2 10 10 1065 1066 1102
2384 2 2 10 10 1065 1102 1101
2385 2 2 10 10 1066 1067 1103
2386 2 2 10 10 1066 1103 1102
2387 2 2 10 10 1067 1068 1104
2388 2 2 10 10 1067 1104 1103
2389 2 2 10 10 1068 1069 1105
2390 2 2 10 10 1068 1105 1104
2391 2 2 10 10 1069 1070 1106
2392 2 2 10 10 1069 1106 1105
2393 2 2 10 10 1070 1071 1107
2394 2 2 10 10 1070 1107 1106
2395 2 2 10 10 1071 1072 1108
2396 2 2 10 10 1071 1108 1107
2397 2 2 10 10 1072 1073 1109
2398 2 2 10 10 1072 1109 1108
2399 2 2 10 10 1073 1074 1110
2400 2 2 10 10 1073 1110 1109
2401 2 2 10 10 1074 1075 1111
2402 2 2 10 10 1074 1111 1110
2403 2 2 10 10 1075 1076 1112
2404 2 2 10 10 1075 1112 1111
2405 2 2 10 10 1076 1077 1113
2406 2 2 10 10 1076 1113 1112
2407 2 2 10 10 1077 1078 1114
2408 2 2 10 10 1077 1114 1113
2409 2 2 10 10 1078 1079 1115
2410 2 2 10 10 1078 1115 1114
2411 2 2 10 10 1079 1080 1116
2412 2 2 10 10 1079 1116 1115
2413 2 2 10 10 1080 1081 1117
2414 2 2 10 10 1080 1117 1116
2415 2 2 10 10 1081 1082 1118
2416 2 2 10 10 1081 1118 1117
2417 2 2 10 10 1082 1083 1119
2418 2 2 10 10 1082 1119 1118
2419 2 2 10 10 1083 1084 1120
2420 2 2 10 10 1083 1120 1119
2421 2 2 10 10 1084 1085 1121
2422 2 2 10 10 1084 1121 1120
2423 2 2 10 10 1085 1086 1122
2424 2 2 10 10 1085 1122 1121
2425 2 2 10 10 1086 1087 1123
2426 2 2 10 10 1086 1123 1122
2427 2 2 10 10 1087 1088 1124
2428 2 2 10 10 1087 1124 1123
2429 2 2 10 10 1088 1089 1125
2430 2 2 10 10 1088 1125 1124
2431 2 2 10 10 1089 1090 1126
2432 2 2 10 10 1089 1126 1125
2433 2 2 10 10 1090 1091 1127
2434 2 2 10 10 1090 1127 1126
2435 2 2 10 10 1091 1092 1128
2436 2 2 10 10 1091 1128 1127
2437 2 2 10 10 1093 1094 1130
2438 2 2 10 10 1093 1130 1129
2439 2 2 10 10 1094 1095 1131
2440 2 2 10 10 1094 1131 1130
2441 2 2 10 10 1095 1096 1132
2442 2 2 10 10 1095 1132 1131
2443 2 2 10 10 1096 1097 1133
2444 2 2 10 10 1096 1133 1132
2445 2 2 10 10 1097 1098 1134
2446 2 2 10 10 1097 1134 1133
2447 2 2 10 10 1098 1099 1135
2448 2 2 10 10 1098 1135 1134
2449 2 2 10 10 1100 1101 1137
2450 2 2 10 10 1100 1137 1136
2451 2 2 10 10 1101 1102 1138
2452 2 2 10 10 1101 1138 1137
2453 2 2 10 10 1102 1103 1139
2454 2 2 10 10 1102 1139 1138
2455 2 2 10 10 1103 1104 1140
2456 2 2 10 10 1103 1140 1139
2457 2 2 10 10 1104 1105 1141
2458 2 2 10 10 1104 1141 1140
2459 2 2 10 10 1105 1106 1142
2460 2 2 10 10 1105 1142 1141
2461 2 2 10 10 1106 1107 1143
2462 2 2 10 10 1106 1143 1142
2463 2 2 10 10 1107 1108 1144
2464 2 2 10 10 1107 1144 1143
2465 2 2 10 10 1108 1109 1145
2466 2 2 10 10 1108 1145 1144
2467 2 2 10 10 1109 1110 1146
2468 2 2 10 10 1109 1146 1145
2469 2 2 10 10 1110 1111 1147
2470 2 2 10 10 1110 1147 1146
2471 2 2 10 10 1111 1112 1148
2472 2 2 10 10 1111 1148 1147
2473 2 2 10 10 1112 1113 1149
2474 2 2 10 10 1112 1149 1148
2475 2 2 10 10 1113 1114 1150
2476 2 2 10 10 1113 1150 1149
2477 2 2 10 10 1114 1115 1151
2478 2 2 10 10 1114 1151 1150
2479 2 2 10 10 1115 1116 1152
2480 2 2 10 10 1115 1152 1151
2481 2 2 10 10 1116 1117 1153
2482 2 2 10 10 1116 1153 1152
2483 2 2 10 10 1117 1118 1154
2484 2 2 10 10 1117 1154 1153
2485 2 2 10 10 1118 1119 1155
2486 2 2 10 10 1118 1155 1154
2487 2 2 10 10 1119 1120 1156
2488 2 2 10 10 1119 1156 1155
2489 2 2 10 10 1120 1121 1157
2490 2 2 10 10 1120 1157 1156
2491 2 2 10 10 1121 1122 1158
2492 2 2 10 10 1121 1158 1157
2493 2 2 10 10 1122 1123 1159
2494 2 2 10 10 1122 1159 1158
2495 2 2 10 10 1123 1124 1160
2496 2 2 10 10 1123 1160 1159
2497 2 2 10 10 1124 1125 1161
2498 2 2 10 10 1124 1161 1160
2499 2 2 10 10 1125 1126 1162
2500 2 2 10 10 1125 1162 1161
2501 2 2 10 10 1126 1127 1163
2502 2 2 10 10 1126 1163 1162
2503 2 2 10 10 1127 1128 1164
2504 2 2 10 10 1127 1164 1163
2505 2 2 10 10 1129 1130 1166
2506 2 2 10 10 1129 1166 1165
2507 2 2 10 10 1130 1131 1167
2508 2 2 10 10 1130 1167 1166
2509 2 2 10 10 1131 1132 1168
2510 2 2 10 10 1131 1168 1167
2511 2 2 10 10 1132 1133 1169
2512 2 2 10 10 1132 1169 1168
2513 2 2 10 10 1133 1134 1170
2514 2 2 10 10 1133 1170 1169
2515 2 2 10 10 1134 1135 1171
2516 2 2 10 10 1134 1171 1170
2517 2 2 10 10 1136 1137 1173
2518 2 2 10 10 1136 1173 1172
2519 2 2 10 10 1137 1138 1174
2520 2 2 10 10 1137 1174 1173
2521 2 2 10 10 1138 1139 1175
2522 2 2 10 10 1138 1175 1174
2523 2 2 10 10 1139 1140 1176
2524 2 2 10 10 1139 1176 1175
2525 2 2 10 10 1140 1141 1177
2526 2 2 10 10 1140 1177 1176
2527 2 2 10 10 1141 1142 1178
2528 2 2 10 10 1141 1178 1177
2529 2 2 10 10 1142 1143 1179
2530 2 2 10 10 1142 1179 1178
2531 2 2 10 10 1143 1144 1180
2532 2 2 10 10 1143 1180 1179
2533 2 2 10 10 1144 1145 1181
2534 2 2 10 10 1144 1181 1180
2535 2 2 10 10 1145 1146 1182
2536 2 2 10 10 1145 1182 1181
2537 2 2 10 10 1146 1147 1183
2538 2 2 10 10 1146 1183 1182
2539 2 2 10 10 1147 1148 1184
2540 2 2 10 10 1147 1184 1183
2541 2 2 10 10 1148 1149 1185
2542 2 2 10 10 1148 1185 1184
2543 2 2 10 10 1149 1150 1186
2544 2 2 10 10 1149 1186 1185
2545 2 2 10 10 1150 1151 1187
2546 2 2 10 10 1150 1187 1186
2547 2 2 10 10 1151 1152 1188
2548 2 2 10 10 1151 1188 1187
2549 2 2 10 10 1152 1153 1189
2550 2 2 10 10 1152 1189 1188
2551 2 2 10 10 1153 1154 1190
2552 2 2 10 10 1153 1190 1189
2553 2 2 10 10 1154 1155 1191
2554 2 2 10 10 1154 1191 1190
2555 2 2 10 10 1155 1156 1192
2556 2 2 10 10 1155 1192 1191
2557 2 2 10 10 1156 1157 1193
2558 2 2 10 10 1156 1193 1192
2559 2 2 10 10 1157 1158 1194
2560 2 2 10 10 1157 1194 1193
2561 2 2 10 10 1158 1159 1195
2562 2 2 10 10 1158 1195 1194
2563 2 2 10 10 1159 1160 1196
2564 2 2 10 10 1159 1196 1195
2565 2 2 10 10 1160 1161 1197
2566 2 2 10 10 1160 1197 1196
2567 2 2 10 10 1161 1162 1198
2568 2 2 10 10 1161 1198 1197
2569 2 2 10 10 1162 1163 1199
2570 2 2 10 10 1162 1199 1198
2571 2 2 10 10 1163 1164 1200
2572 2 2 10 10 1163 1200 1199
2573 2 2 10 10 1172 1173 1203
2574 2 2 10 10 1172 1203 1202
2575 2 2 10 10 1173 1174 1204
2576 2 2 10 10 1173 1204 1203
2577 2 2 10 10 1174 1175 1205
2578 2 2 10 10 1174 1205 1204
2579 2 2 10 10 1175 1176 1206
2580 2 2 10 10 1175 1206 1205
2581 2 2 10 10 1176 1177 1207
2582 2 2 10 10 1176 1207 1206
2583 2 2 10 10 1177 1178 1208
2584 2 2 10 10 1177 1208 1207
2585 2 2 10 10 1178 1179 1209
2586 2 2 10 10 1178 1209 1208
2587 2 2 10 10 1179 1180 1210
2588 2 2 10 10 1179 1210 1209
2589 2 2 10 10 1180 1181 1211
2590 2 2 10 10 1180 1211 1210
2591 2 2 10 10 1181 1182 1212
2592 2 2 10 10 1181 1212 1211
2593 2 2 10 10 1182 1183 1213
2594 2 2 10 10 1182 1213 1212
2595 2 2 10 10 1183 1184 1214
2596 2 2 10 10 1183 1214 1213
2597 2 2 10 10 1184 1185 1215
2598 2 2 10 10 1184 1215 1214
2599 2 2 10 10 1185 1186 1216
2600 2 2 10 10 1185 1216 1215
2601 2 2 10 10 1186 1187 1217
2602 2 2 10 10 1186 1217 1216
2603 2 2 10 10 1187 1188 1218
2604 2 2 10 10 1187 1218 1217
2605 2 2 10 10 1188 1189 1219
2606 2 2 10 10 1188 1219 1218
2607 2 2 10 10 1189 1190 1220
2608 2 2 10 10 1189 1220 1219
2609 2 2 10 10 1190 1191 1221
2610 2 2 10 10 1190 1221 1220
2611 2 2 10 10 1191 1192 1222
2612 2 2 10 10 1191 1222 1221
2613 2 2 10 10 1192 1193 1223
2614 2 2 10 10 1192 1223 1222
2615 2 2 10 10 1193 1194 1224
2616 2 2 10 10 1193 1224 1223
2617 2 2 10 10 1194 1195 1225
2618 2 2 10 10 1194 1225 1224
2619 2 2 10 10 1195 1196 1226
2620 2 2 10 10 1195 1226 1225
2621 2 2 10 10 1196 1197 1227
2622 2 2 10 10 1196 1227 1226
2623 2 2 10 10 1197 1198 1228
2624 2 2 10 10 1197 1228 1227
2625 2 2 10 10 1198 1199 1229
2626 2 2 10 10 1198 1229 1228
2627 2 2 10 10 1199 1200 1230
2628 2 2 10 10 1199 1230 1229
2629 2 2 10 10 1201 1202 1234
2630 2 2 10 10 1201 1234 1233
2631 2 2 10 10 1202 1203 1235
2632 2 2 10 10 1202 1235 1234
2633 2 2 10 10 1203 1204 1236
2634 2 2 10 10 1203 1236 1235
2635 2 2 10 10 1204 1205 1237
2636 2 2 10 10 1204 1237 1236
2637 2 2 10 10 1205 1206 1238
2638 2 2 10 10 1205 1238 1237
2639 2 2 10 10 1206 1207 1239
2640 2 2 10 10 1206 1239 1238
2641 2 2 10 10 1207 1208 1240
2642 2 2 10 10 1207 1240 1239
2643 2 2 10 10 1208 1209 1241
2644 2 2 10 10 1208 1241 1240
2645 2 2 10 10 1209 1210 1242
2646 2 2 10 10 1209 1242 1241
2647 2 2 10 10 1210 1211 1243
2648 2 2 10 10 1210 1243 1242
2649 2 2 10 10 1211 1212 1244
2650 2 2 10 10 1211 1244 1243
2651 2 2 10 10 1212 1213 1245
2652 2 2 10 10 1212 1245 1244
2653 2 2 10 10 1213 1214 1246
2654 2 2 10 10 1213 1246 1245
2655 2 2 10 10 1214 1215 1247
2656 2 2 10 10 1214 1247 1246
2657 2 2 10 10 1215 1216 1248
2658 2 2 10 10 1215 1248 1247
2659 2 2 10 10 1216 1217 1249
2660 2 2 10 10 1216 1249 1248
2661 2 2 10 10 1217 1218 1250
2662 2 2 10 10 1217 1250 1249
2663 2 2 10 10 1218 1219 1251
2664 2 2 10 10 1218 1251 1250
2665 2 2 10 10 1219 1220 1252
2666 2 2 10 10 1219 1252 1251
2667 2 2 10 10 1220 1221 1253
2668 2 2 10 10 1220 1253 1252
2669 2 2 10 10 1221 1222 1254
2670 2 2 10 10 1221 1254 1253
2671 2 2 10 10 1222 1223 1255
2672 2 2 10 10 1222 1255 1254
2673 2 2 10 10 1223 1224 1256
2674 2 2 10 10 1223 1256 1255
2675 2 2 10 10 1224 1225 1257
2676 2 2 10 10 1224 1257 1256
2677 2 2 10 10 1225 1226 1258
2678 2 2 10 10 1225 1258 1257
2679 2 2 10 10 1226 1227 1259
2680 2 2 10 10 1226 1259 1258
2681 2 2 10 10 1227 1228 1260
2682 2 2 10 10 1227 1260 1259
2683 2 2 10 10 1228 1229 1261
2684 2 2 10 10 1228 1261 1260
2685 2 2 10 10 1229 1230 1262
2686 2 2 10 10 1229 1262 1261
2687 2 2 10 10 1230 1231 1263
2688 2 2 10 10 1230 1263 1262
2689 2 2 10 10 1232 1233 1267
2690 2 2 10 10 1232 1267 1266
2691 2 2 10 10 1233 1234 1268
2692 2 2 10 10 1233 1268 1267
2693 2 2 10 10 1234 1235 1269
2694 2 2 10 10 1234 1269 1268
2695 2 2 10 10 1235 1236 1270
2696 2 2 10 10 1235 1270 1269
2697 2 2 10 10 1236 1237 1271
2698 2 2 10 10 1236 1271 1270
2699 2 2 10 10 1237 1238 1272
2700 2 2 10 10 1237 1272 1271
2701 2 2 10 10 1238 1239 1273
2702 2 2 10 10 1238 1273 1272
2703 2 2 10 10 1239 1240 1274
2704 2 2 10 10 1239 1274 1273
2705 2 2 10 10 1240 1241 1275
2706 2 2 10 10 1240 1275 1274
2707 2 2 10 10 1241 1242 1276
2708 2 2 10 10 1241 1276 1275
2709 2 2 10 10 1242 1243 1277
2710 2 2 10 10 1242 1277 1276
2711 2 2 10 10 1243 1244 1278
2712 2 2 10 10 1243 1278 1277
2713 2 2 10 10 1244 1245 1279
2714 2 2 10 10 1244 1279 1278
2715 2 2 10 10 1245 1246 1280
2716 2 2 10 10 1245 1280 1279
2717 2 2 10 10 1246 1247 1281
2718 2 2 10 10 1246 1281 1280
2719 2 2 10 10 1247 1248 1282
2720 2 2 10 10 1247 1282 1281
2721 2 2 10 10 1248 1249 1283
2722 2 2 10 10 1248 1283 1282
2723 2 2 10 10 1249 1250 1284
2724 2 2 10 10 1249 1284 1283
2725 2 2 10 10 1250 1251 1285
2726 2 2 10 10 1250 1285 1284
2727 2 2 10 10 1251 1252 1286
2728 2 2 10 10 1251 1286 1285
2729 2 2 10 10 1252 1253 1287
2730 2 2 10 10 1252 1287 1286
2731 2 2 10 10 1253 1254 1288
2732 2 2 10 10 1253 1288 1287
2733 2 2 10 10 1254 1255 1289
2734 2 2 10 10 1254 1289 1288
2735 2 2 10 10 1255 1256 1290
2736 2 2 10 10 1255 1290 1289
2737 2 2 10 10 1256 1257 1291
2738 2 2 10 10 1256 1291 1290
2739 2 2 10 10 1257 1258 1292
2740 2 2 10 10 1257 1292 1291
2741 2 2 10 10 1258 1259 1293
2742 2 2 10 10 1258 1293 1292
2743 2 2 10 10 1259 1260 1294
2744 2 2 10 10 1259 1294 1293
2745 2 2 10 10 1260 1261 1295
2746 2 2 10 10 1260 1295 1294
2747 2 2 10 10 1261 1262 1296
2748 2 2 10 10 1261 1296 1295
2749 2 2 10 10 1262 1263 1297
2750 2 2 10 10 1262 1297 1296
2751 2 2 10 10 1263 1264 1298
2752 2 2 10 10 1263 1298 1297
2753 2 2 10 10 1265 1266 1306
2754 2 2 10 10 1265 1306 1305
2755 2 2 10 10 1266 1267 1307
2756 2 2 10 10 1266 1307 1306
2757 2 2 10 10 1267 1268 1308
2758 2 2 10 10 1267 1308 1307
2759 2 2 10 10 1268 1269 1309
2760 2 2 10 10 1268 1309 1308
2761 2 2 10 10 1269 1270 1310
2762 2 2 10 10 1269 1310 1309
2763 2 2 10 10 1270 1271 1311
2764 2 2 10 10 1270 1311 1310
2765 2 2 10 10 1271 1272 1312
2766 2 2 10 10 1271 1312 1311
2767 2 2 10 10 1272 1273 1313
2768 2 2 10 10 1272 1313 1312
2769 2 2 10 10 1273 1274 1314
2770 2 2 10 10 1273 1314 1313
2771 2 2 10 10 1274 1275 1315
2772 2 2 10 10 1274 1315 1314
2773 2 2 10 10 1275 1276 1316
2774 2 2 10 10 1275 1316 1315
2775 2 2 10 10 1276 1277 1317
2776 2 2 10 10 1276 1317 1316
2777 2 2 10 10 1277 1278 1318
2778 2 2 10 10 1277 1318 1317
2779 2 2 10 10 1278 1279 1319
2780 2 2 10 10 1278 1319 1318
2781 2 2 10 10 1279 1280 1320
2782 2 2 10 10 1279 1320 1319
2783 2 2 10 10 1280 1281 1321
2784 2 2 10 10 1280 1321 1320
2785 2 2 10 10 1281 1282 1322
2786 2 2 10 10 1281 1322 1321
2787 2 2 10 10 1282 1283 1323
2788 2 2 10 10 1282 1323 1322
2789 2 2 10 10 1283 1284 1324
2790 2 2 10 10 1283 1324 1323
2791 2 2 10 10 1284 1285 1325
2792 2 2 10 10 1284 1325 1324
2793 2 2 10 10 1285 1286 1326
2794 2 2 10 10 1285 1326 1325
2795 2 2 10 10 1286 1287 1327
2796 2 2 10 10 1286 1327 1326
2797 2 2 10 10 1287 1288 1328
2798 2 2 10 10 1287 1328 1327
2799 2 2 10 10 1288 1289 1329
2800 2 2 10 10 1288 1329 1328
2801 2 2 10 10 1289 1290 1330
2802 2 2 10 10 1289 1330 1329
2803 2 2 10 10 1290 1291 1331
2804 2 2 10 10 1290 1331 1330
2805 2 2 10 10 1291 1292 1332
2806 2 2 10 10 1291 1332 1331
2807 2 2 10 10 1292 1293 1333
2808 2 2 10 10 1292 1333 1332
2809 2 2 10 10 1293 1294 1334
2810 2 2 10 10 1293 1334 1333
2811 2 2 10 10 1294 1295 1335
2812 2 2 10 10 1294 1335 1334
2813 2 2 10 10 1295 1296 1336
2814 2 2 10 10 1295 1336 1335
2815 2 2 10 10 1296 1297 1337
2816 2 2 10 10 1296 1337 1336
2817 2 2 10 10 1297 1298 1338
2818 2 2 10 10 1297 1338 1337
2819 2 2 10 10 1298 1299 1339
2820 2 2 10 10 1298 1339 1338
2821 2 2 10 10 1300 1301 1346
2822 2 2 10 10 1300 1346 1345
2823 2 2 10 10 1301 1302 1347
2824 2 2 10 10 1301 1347 1346
2825 2 2 10 10 1302 1303 1348
2826 2 2 10 10 1302 1348 1347
2827 2 2 10 10 1303 1304 1349
2828 2 2 10 10 1303 1349 1348
2829 2 2 10 10 1304 1305 1350
2830 2 2 10 10 1304 1350 1349
2831 2 2 10 10 1305 1306 1351
2832 2 2 10 10 1305 1351 1350
2833 2 2 10 10 1306 1307 1352
2834 2 2 10 10 1306 1352 1351
2835 2 2 10 10 1307 1308 1353
2836 2 2 10 10 1307 1353 1352
2837 2 2 10 10 1308 1309 1354
2838 2 2 10 10 1308 1354 1353
2839 2 2 10 10 1309 1310 1355
2840 2 2 10 10 1309 1355 1354
2841 2 2 10 10 1310 1311 1356
2842 2 2 10 10 1310 1356 1355
2843 2 2 10 10 1311 1312 1357
2844 2 2 10 10 1311 1357 1356
2845 2 2 10 10 1312 1313 1358
2846 2 2 10 10 1312 1358 1357
2847 2 2 10 10 1313 1314 1359
2848 2 2 10 10 1313 1359 1358
2849 2 2 10 10 1314 1315 1360
2850 2 2 10 10 1314 1360 1359
2851 2 2 10 10 1315 1316 1361
2852 2 2 10 10 1315 1361 1360
2853 2 2 10 10 1316 1317 1362
2854 2 2 10 10 1316 1362 1361
2855 2 2 10 10 1317 1318 1363
2856 2 2 10 10 1317 1363 1362
2857 2 2 10 10 1318 1319 1364
2858 2 2 10 10 1318 1364 1363
2859 2 2 10 10 1319 1320 1365
2860 2 2 10 10 1319 1365 1364
2861 2 2 10 10 1320 1321 1366
2862 2 2 10 10 1320 1366 1365
2863 2 2 10 10 1321 1322 1367
2864 2 2 10 10 1321 1367 1366
2865 2 2 10 10 1322 1323 1368
2866 2 2 10 10 1322 1368 1367
2867 2 2 10 10 1323 1324 1369
2868 2 2 10 10 1323 1369 1368
2869 2 2 10 10 1324 1325 1370
2870 2 2 10 10 1324 1370 1369
2871 2 2 10 10 1325 1326 1371
2872 2 2 10 10 1325 1371 1370
2873 2 2 10 10 1326 1327 1372
2874 2 2 10 10 1326 1372 1371
2875 2 2 10 10 1327 1328 1373
2876 2 2 10 10 1327 1373 1372
2877 2 2 10 10 1328 1329 1374
2878 2 2 10 10 1328 1374 1373
2879 2 2 10 10 1329 1330 1375
2880 2 2 10 10 1329 1375 1374
2881 2 2 10 10 1330 1331 1376
2882 2 2 10 10 1330 1376 1375
2883 2 2 10 10 1331 1332 1377
2884 2 2 10 10 1331 1377 1376
2885 2 2 10 10 1332 1333 1378
2886 2 2 10 10 1332 1378 1377
2887 2 2 10 10 1333 1334 1379
2888 2 2 10 10 1333 1379 1378
2889 2 2 10 10 1334 1335 1380
2890 2 2 10 10 1334 1380 1379
2891 2 2 10 10 1335 1336 1381
2892 2 2 10 10 1335 1381 1380
2893 2 2 10 10 1336 1337 1382
2894 2 2 10 10 1336 1382 1381
2895 2 2 10 10 1337 1338 1383
2896 2 2 10 10 1337 1383 1382
2897 2 2 10 10 1338 1339 1384
2898 2 2 10 10 1338 1384 1383
2899 2 2 10 10 1339 1340 1385
2900 2 2 10 10 1339 1385 1384
2901 2 2 10 10 1340 1341 1386
2902 2 2 10 10 1340 1386 1385
2903 2 2 10 10 1341 1342 1387
2904 2 2 10 10 1341 1387 1386
2905 2 2 10 10 1342 1343 1388
2906 2 2 10 10 1342 1388 1387
2907 2 2 10 10 1343 1344 1389
2908 2 2 10 10 1343 1389 1388
2909 2 2 10 10 1345 1346 1391
2910 2 2 10 10 1345 1391 1390
2911 2 2 10 10 1346 1347 1392
2912 2 2 10 10 1346 1392 1391
2913 2 2 10 10 1347 1348 1393
2914 2 2 10 10 1347 1393 1392
2915 2 2 10 10 1348 1349 1394
2916 2 2 10 10 1348 1394 1393
2917 2 2 10 10 1349 1350 1395
2918 2 2 10 10 1349 1395 1394
2919 2 2 10 10 1350 1351 1396
2920 2 2 10 10 1350 1396 1395
2921 2 2 10 10 1351 1352 1397
2922 2 2 10 10 1351 1397 1396
2923 2 2 10 10 1352 1353 1398
2924 2 2 10 10 1352 1398 1397
2925 2 2 10 10 1353 1354 1399
2926 2 2 10 10 1353 1399 1398
2927 2 2 10 10 1354 1355 1400
2928 2 2 10 10 1354 1400 1399
2929 2 2 10 10 1355 1356 1401
2930 2 2 10 10 1355 1401 1400
2931 2 2 10 10 1356 1357 1402
2932 2 2 10 10 1356 1402 1401
2933 2 2 10 10 1357 1358 1403
2934 2 2 10 10 1357 1403 1402
2935 2 2 10 10 1358 1359 1404
2936 2 2 10 10 1358 1404 1403
2937 2 2 10 10 1359 1360 1405
2938 2 2 10 10 1359 1405 1404
2939 2 2 10 10 1360 1361 1406
2940 2 2 10 10 1360 1406 1405
2941 2 2 10 10 1361 1362 1407
2942 2 2 10 10 1361 1407 1406
2943 2 2 10 10 1362 1363 1408
2944 2 2 10 10 1362 1408 1407
2945 2 2 10 10 1363 1364 1409
2946 2 2 10 10 1363 1409 1408
2947 2 2 10 10 1364 1365 1410
2948 2 2 10 10 1364 1410 1409
2949 2 2 10 10 1365 1366 1411
2950 2 2 10 10 1365 1411 1410
2951 2 2 10 10 1366 1367 1412
2952 2 2 10 10 1366 1412 1411
2953 2 2 10 10 1367 1368 1413
2954 2 2 10 10 1367 1413 1412
2955 2 2 10 10 1368 1369 1414
2956 2 2 10 10 1368 1414 1413
2957 2 2 10 10 1369 1370 1415
2958 2 2 10 10 1369 1415 1414
2959 2 2 10 10 1370 1371 1416
2960 2 2 10 10 1370 1416 1415
2961 2 2 10 10 1371 1372 1417
2962 2 2 10 10 1371 1417 1416
2963 2 2 10 10 1372 1373 1418
2964 2 2 10 10 1372 1418 1417
2965 2 2 10 10 1373 1374 1419
2966 2 2 10 10 1373 1419 1418
2967 2 2 10 10 1374 1375 1420
2968 2 2 10 10 1374 1420 1419
2969 2 2 10 10 1375 1376 1421
2970 2 2 10 10 1375 1421 1420
2971 2 2 10 10 1376 1377 1422
2972 2 2 10 10 1376 1422 1421
2973 2 2 10 10 1377 1378 1423
2974 2 2 10 10 1377 1423 1422
2975 2 2 10 10 1378 1379 1424
2976 2 2 10 10 1378 1424 1423
2977 2 2 10 10 1379 1380 1425
2978 2 2 10 10 1379 1425 1424
2979 2 2 10 10 1380 1381 1426
2980 2 2 10 10 1380 1426 1425
2981 2 2 10 10 1381 1382 1427
2982 2 2 10 10 1381 1427 1426
2983 2 2 10 10 1382 1383 1428
2984 2 2 10 10 1382 1428 1427
2985 2 2 10 10 1383 1384 1429
2986 2 2 10 10 1383 1429 1428
2987 2 2 10 10 1384 1385 1430
2988 2 2 10 10 1384 1430 1429
2989 2 2 10 10 1385 1386 1431
2990 2 2 10 10 1385 1431 1430
2991 2 2 10 10 1386 1387 1432
2992 2 2 10 10 1386 1432 1431
2993 2 2 10 10 1387 1388 1433
2994 2 2 10 10 1387 1433 1432
2995 2 2 10 10 1388 1389 1434
2996 2 2 10 10 1388 1434 1433
2997 2 2 10 10 1390 1391 1436
2998 2 2 10 10 1390 1436 1435
2999 2 2 10 10 1391 1392 1437
3000 2 2 10 10 1391 1437 1436
3001 2 2 10 10 1392 1393 1438
3002 2 2 10 10 1392 1438 1437
3003 2 2 10 10 1393 1394 1439
3004 2 2 10 10 1393 1439 1438
3005 2 2 10 10 1394 1395 1440
3006 2 2 10 10 1394 1440 1439
3007 2 2 10 10 1395 1396 1441
3008 2 2 10 10 1395 1441 1440
3009 2 2 10 10 1396 1397 1442
3010 2 2 10 10 1396 1442 1441
3011 2 2 10 10 1397 1398 1443
3012 2 2 10 10 1397 1443 1442
3013 2 2 10 10 1398 1399 1444
3014 2 2 10 10 1398 1444 1443
3015 2 2 10 10 1399 1400 1445
3016 2 2 10 10 1399 1445 1444
3017 2 2 10 10 1400 1401 1446
3018 2 2 10 10 1400 1446 1445
3019 2 2 10 10 1401 1402 1447
3020 2 2 10 10 1401 1447 1446
3021 2 2 10 10 1402 1403 1448
3022 2 2 10 10 1402 1448 1447
3023 2 2 10 10 1403 1404 1449
3024 2 2 10 10 1403 1449 1448
3025 2 2 10 10 1404 1405 1450
3026 2 2 10 10 1404 1450 1449
3027 2 2 10 10 1405 1406 1451
3028 2 2 10 10 1405 1451 1450
3029 2 2 10 10 1406 1407 1452
3030 2 2 10 10 1406 1452 1451
3031 2 2 10 10 1407 1408 1453
3032 2 2 10 10 1407 1453 1452
3033 2 2 10 10 1408 1409 1454
3034 2 2 10 10 1408 1454 1453
3035 2 2 10 10 1409 1410 1455
3036 2 2 10 10 1409 1455 1454
3037 2 2 10 10 1410 1411 1456
3038 2 2 10 10 1410 1456 1455
3039 2 2 10 10 1411 1412 1457
3040 2 2 10 10 1411 1457 1456
3041 2 2 10 10 1412 1413 1458
3042 2 2 10 10 1412 1458 1457
3043 2 2 10 10 1413 1414 1459
3044 2 2 10 10 1413 1459 1458
3045 2 2 10 10 1414 1415 1460
3046 2 2 10 10 1414 1460 1459
3047 2 2 10 10 1415 1416 1461
3048 2 2 10 10 1415 1461 1460
3049 2 2 10 10 1416 1417 1462
3050 2 2 10 10 1416 1462 1461
3051 2 2 10 10 1417 1418 1463
3052 2 2 10 10 1417 1463 1462
3053 2 2 10 10 1418 1419 1464
3054 2 2 10 10 1418 1464 1463
3055 2 2 10 10 1419 1420 1465
3056 2 2 10 10 1419 1465 1464
3057 2 2 10 10 1420 1421 1466
3058 2 2 10 10 1420 1466 1465
3059 2 2 10 10 1421 1422 1467
3060 2 2 10 10 1421 1467 1466
3061 2 2 10 10 1422 1423 1468
3062 2 2 10 10 1422 1468 1467
3063 2 2 10 10 1423 1424 1469
3064 2 2 10 10 1423 1469 1468
3065 2 2 10 10 1424 1425 1470
3066 2 2 10 10 1424 1470 1469
3067 2 2 10 10 1425 1426 1471
3068 2 2 10 10 1425 1471 1470
3069 2 2 10 10 1426 1427 1472
3070 2 2 10 10 1426 1472 1471
3071 2 2 10 10 1427 1428 1473
3072 2 2 10 10 1427 1473 1472
3073 2 2 10 10 1428 1429 1474
3074 2 2 10 10 1428 1474 1473
3075 2 2 10 10 1429 1430 1475
3076 2 2 10 10 1429 1475 1474
3077 2 2 10 10 1430 1431 1476
3078 2 2 10 10 1430 1476 1475
3079 2 2 10 10 1431 1432 1477
3080 2 2 10 10 1431 1477 1476
3081 2 2 10 10 1432 1433 1478
3082 2 2 10 10 1432 1478 1477
3083 2 2 10 10 1433 1434 1479
3084 2 2 10 10 1433 1479 1478
3085 2 2 10 10 1435 1436 1481
3086 2 2 10 10 1435 1481 1480
3087 2 2 10 10 1436 1437 1482
3088 2 2 10 10 1436 1482 1481
3089 2 2 10 10 1437 1438 1483
3090 2 2 10 10 1437 1483 1482
3091 2 2 10 10 1438 1439 1484
3092 2 2 10 10 1438 1484 1483
3093 2 2 10 10 1439 1440 1485
3094 2 2 10 10 1439 1485 1484
3095 2 2 10 10 1440 1441 1486
3096 2 2 10 10 1440 1486 1485
3097 2 2 10 10 1441 1442 1487
3098 2 2 10 10 1441 1487 1486
3099 2 2 10 10 1442 1443 1488
3100 2 2 10 10 1442 1488 1487
3101 2 2 10 10 1443 1444 1489
3102 2 2 10 10 1443 1489 1488
3103 2 2 10 10 1444 1445 1490
3104 2 2 10 10 1444 1490 1489
3105 2 2 10 10 1445 1446 1491
3106 2 2 10 10 1445 1491 1490
3107 2 2 10 10 1446 1447 1492
3108 2 2 10 10 1446 1492 1491
3109 2 2 10 10 1447 1448 1493
3110 2 2 10 10 1447 1493 1492
3111 2 2 10 10 1448 1449 1494
3112 2 2 10 10 1448 1494 1493
3113 2 2 10 10 1449 1450 1495
3114 2 2 10 10 1449 1495 1494
3115 2 2 10 10 1450 1451 1496
3116 2 2 10 10 1450 1496 1495
3117 2 2 10 10 1451 1452 1497
3118 2 2 10 10 1451 1497 1496
3119 2 2 10 10 1452 1453 1498
3120 2 2 10 10 1452 1498 1497
3121 2 2 10 10 1453 1454 1499
3122 2 2 10 10 1453 1499 1498
3123 2 2 10 10 1454 1455 1500
3124 2 2 10 10 1454 1500 1499
3125 2 2 10 10 1455 1456 1501
3126 2 2 10 10 1455 1501 1500
3127 2 2 10 10 1456 1457 1502
3128 2 2 10 10 1456 1502 1501
3129 2 2 10 10 1457 1458 1503
3130 2 2 10 10 1457 1503 1502
3131 2 2 10 10 1458 1459 1504
3132 2 2 10 10 1458 1504 1503
3133 2 2 10 10 1459 1460 1505
3134 2 2 10 10 1459 1505 1504
3135 2 2 10 10 1460 1461 1506
3136 2 2 10 10 1460 1506 1505
3137 2 2 10 10 1461 1462 1507
3138 2 2 10 10 1461 1507 1506
3139 2 2 10 10 1462 1463 1508
3140 2 2 10 10 1462 1508 1507
3141 2 2 10 10 1463 1464 1509
3142 2 2 10 10 1463 1509 1508
3143 2 2 10 10 1464 1465 1510
3144 2 2 10 10 1464 1510 1509
3145 2 2 10 10 1465 1466 1511
3146 2 2 10 10 1465 1511 1510
3147 2 2 10 10 1466 1467 1512
3148 2 2 10 10 1466 1512 1511
3149 2 2 10 10 1467 1468 1513
3150 2 2 10 10 1467 1513 1512
3151 2 2 10 10 1468 1469 1514
3152 2 2 10 10 1468 1514 1513
3153 2 2 10 10 1469 1470 1515
3154 2 2 10 10 1469 1515 1514
3155 2 2 10 10 1470 1471 1516
3156 2 2 10 10 1470 1516 1515
3157 2 2 10 10 1471 1472 1517
3158 2 2 10 10 1471 1517 1516
3159 2 2 10 10 1472 1473 1518
3160 2 2 10 10 1472 1518 1517
3161 2 2 10 10 1473 1474 1519
3162 2 2 10 10 1473 1519 1518
3163 2 2 10 10 1474 1475 1520
3164 2 2 10 10 1474 1520 1519
3165 2 2 10 10 1475 1476 1521
3166 2 2 10 10 1475 1521 1520
3167 2 2 10 10 1476 1477 1522
3168 2 2 10 10 1476 1522 1521
3169 2 2 10 10 1477 1478 1523
3170 2 2 10 10 1477 1523 1522
3171 2 2 10 10 1478 1479 1524
3172 2 2 10 10 1478 1524 1523
3173 2 2 10 10 1480 1481 1527
3174 2 2 10 10 1480 1527 1526
3175 2 2 10 10 1481 1482 1528
3176 2 2 10 10 1481 1528 1527
3177 2 2 10 10 1482 1483 1529
3178 2 2 10 10 1482 1529 1528
3179 2 2 10 10 1483 1484 1530
3180 2 2 10 10 1483 1530 1529
3181 2 2 10 10 1484 1485 1531
3182 2 2 10 10 1484 1531 1530
3183 2 2 10 10 1485 1486 1532
3184 2 2 10 10 1485 1532 1531
3185 2 2 10 10 1486 1487 1533
3186 2 2 10 10 1486 1533 1532
3187 2 2 10 10 1487 1488 1534
3188 2 2 10 10 1487 1534 1533
3189 2 2 10 10 1488 1489 1535
3190 2 2 10 10 1488 1535 1534
3191 2 2 10 10 1489 1490 1536
3192 2 2 10 10 1489 1536 1535
3193 2 2 10 10 1490 1491 1537
3194 2 2 10 10 1490 1537 1536
3195 2 2 10 10 1491 1492 1538
3196 2 2 10 10 1491 1538 1537
3197 2 2 10 10 1492 1493 1539
3198 2 2 10 10 1492 1539 1538
3199 2 2 10 10 1493 1494 1540
3200 2 2 10 10 1493 1540 1539
3201 2 2 10 10 1494 1495 1541
3202 2 2 10 10 1494 1541 1540
3203 2 2 10 10 1495 1496 1542
3204 2 2 10 10 1495 1542 1541
3205 2 2 10 10 1496 1497 1543
3206 2 2 10 10 1496 1543 1542
3207 2 2 10 10 1497 1498 1544
3208 2 2 10 10 1497 1544 1543
3209 2 2 10 10 1498 1499 1545
3210 2 2 10 10 1498 1545 1544
3211 2 2 10 10 1499 1500 1546
3212 2 2 10 10 1499 1546 1545
3213 2 2 10 10 1500 1501 1547
3214 2 2 10 10 1500 1547 1546
3215 2 2 10 10 1501 1502 1548
3216 2 2 10 10 1501 1548 1547
3217 2 2 10 10 1502 1503 1549
3218 2 2 10 10 1502 1549 1548
3219 2 2 10 10 1503 1504 1550
3220 2 2 10 10 1503 1550 1549
3221 2 2 10 10 1504 1505 1551
3222 2 2 10 10 1504 1551 1550
3223 2 2 10 10 1505 1506 1552
3224 2 2 10 10 1505 1552 1551
3225 2 2 10 10 1506 1507 1553
3226 2 2 10 10 1506 1553 1552
3227 2 2 10 10 1507 1508 1554
3228 2 2 10 10 1507 1554 1553
3229 2 2 10 10 1508 1509 1555
3230 2 2 10 10 1508 1555 1554
3231 2 2 10 10 1509 1510 1556
3232 2 2 10 10 1509 1556 1555
3233 2 2 10 10 1510 1511 1557
3234 2 2 10 10 1510 1557 1556
3235 2 2 10 10 1517 1518 1559
3236 2 2 10 10 1517 1559 1558
3237 2 2 10 10 1518 1519 1560
3238 2 2 10 10 1518 1560 1559
3239 2 2 10 10 1519 1520 1561
3240 2 2 10 10 1519 1561 1560
3241 2 2 10 10 1520 1521 1562
3242 2 2 10 10 1520 1562 1561
3243 2 2 10 10 1521 1522 1563
3244 2 2 10 10 1521 1563 1562
3245 2 2 10 10 1522 1523 1564
3246 2 2 10 10 1522 1564 1563
3247 2 2 10 10 1523 1524 1565
3248 2 2 10 10 1523 1565 1564
3249 2 2 10 10 1525 1526 1569
3250 2 2 10 10 1525 1569 1568
3251 2 2 10 10 1526 1527 1570
3252 2 2 10 10 1526 1570 1569
3253 2 2 10 10 1527 1528 1571
3254 2 2 10 10 1527 1571 1570
3255 2 2 10 10 1528 1529 1572
3256 2 2 10 10 1528 1572 1571
3257 2 2 10 10 1529 1530 1573
3258 2 2 10 10 1529 1573 1572
3259 2 2 10 10 1530 1531 1574
3260 2 2 10 10 1530 1574 1573
3261 2 2 10 10 1531 1532 1575
3262 2 2 10 10 1531 1575 1574
3263 2 2 10 10 1532 1533 1576
3264 2 2 10 10 1532 1576 1575
3265 2 2 10 10 1533 1534 1577
3266 2 2 10 10 1533 1577 1576
3267 2 2 10 10 1534 1535 1578
3268 2 2 10 10 1534 1578 1577
3269 2 2 10 10 1535 1536 1579
3270 2 2 10 10 1535 1579 1578
3271 2 2 10 10 1536 1537 1580
3272 2 2 10 10 1536 1580 1579
3273 2 2 10 10 1537 1538 1581
3274 2 2 10 10 1537 1581 1580
3275 2 2 10 10 1538 1539 1582
3276 2 2 10 10 1538 1582 1581
3277 2 2 10 10 1539 1540 1583
3278 2 2 10 10 1539 1583 1582
3279 2 2 10 10 1540 1541 1584
3280 2 2 10 10 1540 1584 1583
3281 2 2 10 10 1541 1542 1585
3282 2 2 10 10 1541 1585 1584
3283 2 2 10 10 1542 1543 1586
3284 2 2 10 10 1542 1586 1585
3285 2 2 10 10 1543 1544 1587
3286 2 2 10 10 1543 1587 1586
3287 2 2 10 10 1544 1545 1588
3288 2 2 10 10 1544 1588 1587
3289 2 2 10 10 1545 1546 1589
3290 2 2 10 10 1545 1589 1588
3291 2 2 10 10 1546 1547 1590
3292 2 2 10 10 1546 1590 1589
3293 2 2 10 10 1547 1548 1591
3294 2 2 10 10 1547 1591 1590
3295 2 2 10 10 1548 1549 1592
3296 2 2 10 10 1548 1592 1591
3297 2 2 10 10 1549 1550 1593
3298 2 2 10 10 1549 1593 1592
3299 2 2 10 10 1550 1551 1594
3300 2 2 10 10 1550 1594 1593
3301 2 2 10 10 1551 1552 1595
3302 2 2 10 10 1551 1595 1594
3303 2 2 10 10 1552 1553 1596
3304 2 2 10 10 1552 1596 1595
3305 2 2 10 10 1553 1554 1597
3306 2 2 10 10 1553 1597 1596
3307 2 2 10 10 1554 1555 1598
3308 2 2 10 10 1554 1598 1597
3309 2 2 10 10 1555 1556 1599
3310 2 2 10 10 1555 1599 1598
3311 2 2 10 10 1559 1560 1601
3312 2 2 10 10 1559 1601 1600
3313 2 2 10 10 1560 1561 1602
3314 2 2 10 10 1560 1602 1601
3315 2 2 10 10 1561 1562 1603
3316 2 2 10 10 1561 1603 1602
3317 2 2 10 10 1562 1563 1604
3318 2 2 10 10 1562 1604 1603
3319 2 2 10 10 1563 1564 1605
3320 2 2 10 10 1563 1605 1604
3321 2 2 10 10 1564 1565 1606
3322 2 2 10 10 1564 1606 1605
3323 2 2 10 10 1565 1566 1607
3324 2 2 10 10 1565 1607 1606
3325 2 2 10 10 1567 1568 1611
3326 2 2 10 10 1567 1611 1610
3327 2 2 10 10 1568 1569 1612
3328 2 2 10 10 1568 1612 1611
3329 2 2 10 10 1569 1570 1613
3330 2 2 10 10 1569 1613 1612
3331 2 2 10 10 1570 1571 1614
3332 2 2 10 10 1570 1614 1613
3333 2 2 10 10 1571 1572 1615
3334 2 2 10 10 1571 1615 1614
3335 2 2 10 10 1572 1573 1616
3336 2 2 10 10 1572 1616 1615
3337 2 2 10 10 1573 1574 1617
3338 2 2 10 10 1573 1617 1616
3339 2 2 10 10 1574 1575 1618
3340 2 2 10 10 1574 1618 1617
3341 2 2 10 10 1575 1576 1619
3342 2 2 10 10 1575 1619 1618
3343 2 2 10 10 1576 1577 1620
3344 2 2 10 10 1576 1620 1619
3345 2 2 10 10 1577 1578 1621
3346 2 2 10 10 1577 1621 1620
3347 2 2 10 10 1578 1579 1622
3348 2 2 10 10 1578 1622 1621
3349 2 2 10 10 1579 1580 1623
3350 2 2 10 10 1579 1623 1622
3351 2 2 10 10 1580 1581 1624
3352 2 2 10 10 1580 1624 1623
3353 2 2 10 10 1581 1582 1625
3354 2 2 10 10 1581 1625 1624
3355 2 2 10 10 1582 1583 1626
3356 2 2 10 10 1582 1626 1625
3357 2 2 10 10 1583 1584 1627
3358 2 2 10 10 1583 1627 1626
3359 2 2 10 10 1584 1585 1628
3360 2 2 10 10 1584 1628 1627
3361 2 2 10 10 1585 1586 1629
3362 2 2 10 10 1585 1629 1628
3363 2 2 10 10 1586 1587 1630
3364 2 2 10 10 1586 1630 1629
3365 2 2 10 10 1587 1588 1631
3366 2 2 10 10 1587 1631 1630
3367 2 2 10 10 1588 1589 1632
3368 2 2 10 10 1588 1632 1631
3369 2 2 10 10 1589 1590 1633
3370 2 2 10 10 1589 1633 1632
3371 2 2 10 10 1590 1591 1634
3372 2 2 10 10 1590 1634 1633
3373 2 2 10 10 1591 1592 1635
3374 2 2 10 10 1591 1635 1634
3375 2 2 10 10 1592 1593 1636
3376 2 2 10 10 1592 1636 1635
3377 2 2 10 10 1593 1594 1637
3378 2 2 10 10 1593 1637 1636
3379 2 2 10 10 1594 1595 1638
3380 2 2 10 10 1594 1638 1637
3381 2 2 10 10 1595 1596 1639
3382 2 2 10 10 1595 1639 1638
3383 2 2 10 10 1596 1597 1640
3384 2 2 10 10 1596 1640 1639
3385 2 2 10 10 1597 1598 1641
3386 2 2 10 10 1597 1641 1640
3387 2 2 10 10 1601 1602 1643
3388 2 2 10 10 1601 1643 1642
3389 2 2 10 10 1602 1603 1644
3390 2 2 10 10 1602 1644 1643
3391 2 2 10 10 1603 1604 1645
3392 2 2 10 10 1603 1645 1644
3393 2 2 10 10 1604 1605 1646
3394 2 2 10 10 1604 1646 1645
3395 2 2 10 10 1605 1606 1647
3396 2 2 10 10 1605 1647 1646
3397 2 2 10 10 1606 1607 1648
3398 2 2 10 10 1606 1648 1647
3399 2 2 10 10 1607 1608 1649
3400 2 2 10 10 1607 1649 1648
3401 2 2 10 10 1609 1610 1667
3402 2 2 10 10 1609 1667 1666
3403 2 2 10 10 1610 1611 1668
3404 2 2 10 10 1610 1668 1667
3405 2 2 10 10 1611 1612 1669
3406 2 2 10 10 1611 1669 1668
3407 2 2 10 10 1612 1613 1670
3408 2 2 10 10 1612 1670 1669
3409 2 2 10 10 1613 1614 1671
3410 2 2 10 10 1613 1671 1670
3411 2 2 10 10 1614 1615 1672
3412 2 2 10 10 1614 1672 1671
3413 2 2 10 10 1615 1616 1673
3414 2 2 10 10 1615 1673 1672
3415 2 2 10 10 1616 1617 1674
3416 2 2 10 10 1616 1674 1673
3417 2 2 10 10 1617 1618 1675
3418 2 2 10 10 1617 1675 1674
3419 2 2 10 10 1618 1619 1676
3420 2 2 10 10 1618 1676 1675
3421 2 2 10 10 1619 1620 1677
3422 2 2 10 10 1619 1677 1676
3423 2 2 10 10 1620 1621 1678
3424 2 2 10 10 1620 1678 1677
3425 2 2 10 10 1621 1622 1679
3426 2 2 10 10 1621 1679 1678
3427 2 2 10 10 1622 1623 1680
3428 2 2 10 10 1622 1680 1679
3429 2 2 10 10 1623 1624 1681
3430 2 2 10 10 1623 1681 1680
3431 2 2 10 10 1624 1625 1682
3432 2 2 10 10 1624 1682 1681
3433 2 2 10 10 1625 1626 1683
3434 2 2 10 10 1625 1683 1682
3435 2 2 10 10 1626 1627 1684
3436 2 2 10 10 1626 1684 1683
3437 2 2 10 10 1627 1628 1685
3438 2 2 10 10 1627 1685 1684
3439 2 2 10 10 1628 1629 1686
3440 2 2 10 10 1628 1686 1685
3441 2 2 10 10 1629 1630 1687
3442 2 2 10 10 1629 1687 1686
3443 2 2 10 10 1630 1631 1688
3444 2 2 10 10 1630 1688 1687
3445 2 2 10 10 1631 1632 1689
3446 2 2 10 10 1631 1689 1688
3447 2 2 10 10 1632 1633 1690
3448 2 2 10 10 1632 1690 1689
3449 2 2 10 10 1633 1634 1691
3450 2 2 10 10 1633 1691 1690
3451 2 2 10 10 1634 1635 1692
3452 2 2 10 10 1634 1692 1691
3453 2 2 10 10 1635 1636 1693
3454 2 2 10 10 1635 1693 1692
3455 2 2 10 10 1636 1637 1694
3456 2 2 10 10 1636 1694 1693
3457 2 2 10 10 1637 1638 1695
3458 2 2 10 10 1637 1695 1694
3459 2 2 10 10 1638 1639 1696
3460 2 2 10 10 1638 1696 1695
3461 2 2 10 10 1639 1640 1697
3462 2 2 10 10 1639 1697 1696
3463 2 2 10 10 1643 1644 1699
3464 2 2 10 10 1643 1699 1698
3465 2 2 10 10 1644 1645 1700
3466 2 2 10 10 1644 1700 1699
3467 2 2 10 10 1645 1646 1701
3468 2 2 10 10 1645 1701 1700
3469 2 2 10 10 1646 1647 1702
3470 2 2 10 10 1646 1702 1701
3471 2 2 10 10 1647 1648 1703
3472 2 2 10 10 1647 1703 1702
3473 2 2 10 10 1648 1649 1704
3474 2 2 10 10 1648 1704 1703
3475 2 2 10 10 1649 1650 1705
3476 2 2 10 10 1649 1705 1704
3477 2 2 10 10 1651 1652 1722
3478 2 2 10 10 1651 1722 1721
3479 2 2 10 10 1652 1653 1723
3480 2 2 10 10 1652 1723 1722
3481 2 2 10 10 1653 1654 1724
3482 2 2 10 10 1653 1724 1723
3483 2 2 10 10 1654 1655 1725
3484 2 2 10 10 1654 1725 1724
3485 2 2 10 10 1655 1656 1726
3486 2 2 10 10 1655 1726 1725
3487 2 2 10 10 1656 1657 1727
3488 2 2 10 10 1656 1727 1726
3489 2 2 10 10 1657 1658 1728
3490 2 2 10 10 1657 1728 1727
3491 2 2 10 10 1658 1659 1729
3492 2 2 10 10 1658 1729 1728
3493 2 2 10 10 1659 1660 1730
3494 2 2 10 10 1659 1730 1729
3495 2 2 10 10 1660 1661 1731
3496 2 2 10 10 1660 1731 1730
3497 2 2 10 10 1661 1662 1732
3498 2 2 10 10 1661 1732 1731
3499 2 2 10 10 1662 1663 1733
3500 2 2 10 10 1662 1733 1732
3501 2 2 10 10 1663 1664 1734
3502 2 2 10 10 1663 1734 1733
3503 2 2 10 10 1664 1665 1735
3504 2 2 10 10 1664 1735 1734
3505 2 2 10 10 1665 1666 1736
3506 2 2 10 10 1665 1736 1735
3507 2 2 10 10 1666 1667 1737
3508 2 2 10 10 1666 1737 1736
3509 2 2 10 10 1667 1668 1738
3510 2 2 10 10 1667 1738 1737
3511 2 2 10 10 1668 1669 1739
3512 2 2 10 10 1668 1739 1738
3513 2 2 10 10 1669 1670 1740
3514 2 2 10 10 1669 1740 1739
3515 2 2 10 10 1670 1671 1741
3516 2 2 10 10 1670 1741 1740
3517 2 2 10 10 1671 1672 1742
3518 2 2 10 10 1671 1742 1741
3519 2 2 10 10 1672 1673 1743
3520 2 2 10 10 1672 1743 1742
3521 2 2 10 10 1673 1674 1744
3522 2 2 10 10 1673 1744 1743
3523 2 2 10 10 1674 1675 1745
3524 2 2 10 10 1674 1745 1744
3525 2 2 10 10 1675 1676 1746
3526 2 2 10 10 1675 1746 1745
3527 2 2 10 10 1676 1677 1747
3528 2 2 10 10 1676 1747 1746
3529 2 2 10 10 1677 1678 1748
3530 2 2 10 10 1677 1748 1747
3531 2 2 10 10 1678 1679 1749
3532 2 2 10 10 1678 1749 1748
3533 2 2 10 10 1679 1680 1750
3534 2 2 10 10 1679 1750 1749
3535 2 2 10 10 1680 1681 1751
3536 2 2 10 10 1680 1751 1750
3537 2 2 10 10 1681 1682 1752
3538 2 2 10 10 1681 1752 1751
3539 2 2 10 10 1682 1683 1753
3540 2 2 10 10 1682 1753 1752
3541 2 2 10 10 1683 1684 1754
3542 2 2 10 10 1683 1754 1753
3543 2 2 10 10 1684 1685 1755
3544 2 2 10 10 1684 1755 1754
3545 2 2 10 10 1685 1686 1756
3546 2 2 10 10 1685 1756 1755
3547 2 2 10 10 1686 1687 1757
3548 2 2 10 10 1686 1757 1756
3549 2 2 10 10 1687 1688 1758
3550 2 2 10 10 1687 1758 1757
3551 2 2 10 10 1688 1689 1759
3552 2 2 10 10 1688 1759 1758
3553 2 2 10 10 1689 1690 1760
3554 2 2 10 10 1689 1760 1759
3555 2 2 10 10 1690 1691 1761
3556 2 2 10 10 1690 1761 1760
3557 2 2 10 10 1691 1692 1762
3558 2 2 10 10 1691 1762 1761
3559 2 2 10 10 1692 1693 1763
3560 2 2 10 10 1692 1763 1762
3561 2 2 10 10 1693 1694 1764
3562 2 2 10 10 1693 1764 1763
3563 2 2 10 10 1694 1695 1765
3564 2 2 10 10 1694 1765 1764
3565 2 2 10 10 1695 1696 1766
3566 2 2 10 10 1695 1766 1765
3567 2 2 10 10 1696 1697 1767
3568 2 2 10 10 1696 1767 1766
3569 2 2 10 10 1698 1699 1769
3570 2 2 10 10 1698 1769 1768
3571 2 2 10 10 1699 1700 1770
3572 2 2 10 10 1699 1770 1769
3573 2 2 10 10 1700 1701 1771
3574 2 2 10 10 1700 1771 1770
3575 2 2 10 10 1701 1702 1772
3576 2 2 10 10 1701 1772 1771
3577 2 2 10 10 1702 1703 1773
3578 2 2 10 10 1702 1773 1772
3579 2 2 10 10 1703 1704 1774
3580 2 2 10 10 1703 1774 1773
3581 2 2 10 10 1704 1705 1775
3582 2 2 10 10 1704 1775 1774
3583 2 2 10 10 1705 1706 1776
3584 2 2 10 10 1705 1776 1775
3585 2 2 10 10 1706 1707 1777
3586 2 2 10 10 1706 1777 1776
3587 2 2 10 10 1707 1708 1778
3588 2 2 10 10 1707 1778 1777
3589 2 2 10 10 1708 1709 1779
3590 2 2 10 10 1708 1779 1778
3591 2 2 10 10 1709 1710 1780
3592 2 2 10 10 1709 1780 1779
3593 2 2 10 10 1710 1711 1781
3594 2 2 10 10 1710 1781 1780
3595 2 2 10 10 1711 1712 1782
3596 2 2 10 10 1711 1782 1781
3597 2 2 10 10 1712 1713 1783
3598 2 2 10 10 1712 1783 1782
3599 2 2 10 10 1713 1714 1784
3600 2 2 10 10 1713 1784 1783
3601 2 2 10 10 1714 1715 1785
3602 2 2 10 10 1714 1785 1784
3603 2 2 10 10 1715 1716 1786
3604 2 2 10 10 1715 1786 1785
3605 2 2 10 10 1716 1717 1787
3606 2 2 10 10 1716 1787 1786
3607 2 2 10 10 1717 1718 1788
3608 2 2 10 10 1717 1788 1787
3609 2 2 10 10 1718 1719 1789
3610 2 2 10 10 1718 1789 1788
3611 2 2 10 10 1719 1720 1790
3612 2 2 10 10 1719 1790 1789
3613 2 2 10 10 1721 1722 1792
3614 2 2 10 10 1721 1792 1791
3615 2 2 10 10 1722 1723 1793
3616 2 2 10 10 1722 1793 1792
3617 2 2 10 10 1723 1724 1794
3618 2 2 10 10 1723 1794 1793
3619 2 2 10 10 1724 1725 1795
3620 2 2 10 10 1724 1795 1794
3621 2 2 10 10 1725 1726 1796
3622 2 2 10 10 1725 1796 1795
3623 2 2 10 10 1726 1727 1797
3624 2 2 10 10 1726 1797 1796
3625 2 2 10 10 1727 1728 1798
3626 2 2 10 10 1727 1798 1797
3627 2 2 10 10 1728 1729 1799
3628 2 2 10 10 1728 1799 1798
3629 2 2 10 10 1729 1730 1800
3630 2 2 10 10 1729 1800 1799
3631 2 2 10 10 1730 1731 1801
3632 2 2 10 10 1730 1801 1800
3633 2 2 10 10 1731 1732 1802
3634 2 2 10 10 1731 1802 1801
3635 2 2 10 10 1732 1733 1803
3636 2 2 10 10 1732 1803 1802
3637 2 2 10 10 1733 1734 1804
3638 2 2 10 10 1733 1804 1803
3639 2 2 10 10 1734 1735 1805
3640 2 2 10 10 1734 1805 1804
3641 2 2 10 10 1735 1736 1806
3642 2 2 10 10 1735 1806 1805
3643 2 2 10 10 1736 1737 1807
3644 2 2 10 10 1736 1807 1806
3645 2 2 10 10 1737 1738 1808
3646 2 2 10 10 1737 1808 1807
3647 2 2 10 10 1738 1739 1809
3648 2 2 10 10 1738 1809 1808
3649 2 2 10 10 1739 1740 1810
3650 2 2 10 10 1739 1810 1809
3651 2 2 10 10 1740 1741 1811
3652 2 2 10 10 1740 1811 1810
3653 2 2 10 10 1741 1742 1812
3654 2 2 10 10 1741 1812 1811
3655 2 2 10 10 1742 1743 1813
3656 2 2 10 10 1742 1813 1812
3657 2 2 10 10 1743 1744 1814
3658 2 2 10 10 1743 1814 1813
3659 2 2 10 10 1744 1745 1815
3660 2 2 10 10 1744 1815 1814
3661 2 2 10 10 1745 1746 1816
3662 2 2 10 10 1745 1816 1815
3663 2 2 10 10 1746 1747 1817
3664 2 2 10 10 1746 1817 1816
3665 2 2 10 10 1747 1748 1818
3666 2 2 10 10 1747 1818 1817
3667 2 2 10 10 1748 1749 1819
3668 2 2 10 10 1748 1819 1818
3669 2 2 10 10 1749 1750 1820
3670 2 2 10 10 1749 1820 1819
3671 2 2 10 10 1750 1751 1821
3672 2 2 10 10 1750 1821 1820
3673 2 2 10 10 1751 1752 1822
3674 2 2 10 10 1751 1822 1821
3675 2 2 10 10 1752 1753 1823
3676 2 2 10 10 1752 1823 1822
3677 2 2 10 10 1753 1754 1824
3678 2 2 10 10 1753 1824 1823
3679 2 2 10 10 1754 1755 1825
3680 2 2 10 10 1754 1825 1824
3681 2 2 10 10 1755 1756 1826
3682 2 2 10 10 1755 1826 1825
3683 2 2 10 10 1756 1757 1827
3684 2 2 10 10 1756 1827 1826
3685 2 2 10 10 1757 1758 1828
3686 2 2 10 10 1757 1828 1827
3687 2 2 10 10 1758 1759 1829
3688 2 2 10 10 1758 1829 1828
3689 2 2 10 10 1759 1760 1830
3690 2 2 10 10 1759 1830 1829
3691 2 2 10 10 1760 1761 1831
3692 2 2 10 10 1760 1831 1830
3693 2 2 10 10 1761 1762 1832
3694 2 2 10 10 1761 1832 1831
3695 2 2 10 10 1762 1763 1833
3696 2 2 10 10 1762 1833 1832
3697 2 2 10 10 1763 1764 1834
3698 2 2 10 10 1763 1834 1833
3699 2 2 10 10 1764 1765 1835
3700 2 2 10 10 1764 1835 1834
3701 2 2 10 10 1765 1766 1836
3702 2 2 10 10 1765 1836 1835
3703 2 2 10 10 1766 1767 1837
3704 2 2 10 10 1766 1837 1836
3705 2 2 10 10 1768 1769 1839
3706 2 2 10 10 1768 1839 1838
3707 2 2 10 10 1769 1770 1840
3708 2 2 10 10 1769 1840 1839
3709 2 2 10 10 1770 1771 1841
3710 2 2 10 10 1770 1841 1840
3711 2 2 10 10 1771 1772 1842
3712 2 2 10 10 1771 1842 1841
3713 2 2 10 10 1772 1773 1843
3714 2 2 10 10 1772 1843 1842
3715 2 2 10 10 1773 1774 1844
3716 2 2 10 10 1773 1844 1843
3717 2 2 10 10 1774 1775 1845
3718 2 2 10 10 1774 1845 1844
3719 2 2 10 10 1775 1776 1846
3720 2 2 10 10 1775 1846 1845
3721 2 2 10 10 1776 1777 1847
3722 2 2 10 10 1776 1847 1846
3723 2 2 10 10 1777 1778 1848
3724 2 2 10 10 1777 1848 1847
3725 2 2 10 10 1778 1779 1849
3726 2 2 10 10 1778 1849 1848
3727 2 2 10 10 1779 1780 1850
3728 2 2 10 10 1779 1850 1849
3729 2 2 10 10 1780 1781 1851
3730 2 2 10 10 1780 1851 1850
3731 2 2 10 10 1781 1782 1852
3732 2 2 10 10 1781 1852 1851
3733 2 2 10 10 1782 1783 1853
3734 2 2 10 10 1782 1853 1852
3735 2 2 10 10 1783 1784 1854
3736 2 2 10 10 1783 1854 1853
3737 2 2 10 10 1784 1785 1855
3738 2 2 10 10 1784 1855 1854
3739 2 2 10 10 1785 1786 1856
3740 2 2 10 10 1785 1856 1855
3741 2 2 10 10 1786 1787 1857
3742 2 2 10 10 1786 1857 1856
3743 2 2 10 10 1787 1788 1858
3744 2 2 10 10 1787 1858 1857
3745 2 2 10 10 1788 1789 1859
3746 2 2 10 10 1788 1859 1858
3747 2 2 10 10 1789 1790 1860
3748 2 2 10 10 1789 1860 1859
3749 2 2 10 10 1791 1792 1862
3750 2 2 10 10 1791 1862 1861
3751 2 2 10 10 1792 1793 1863
3752 2 2 10 10 1792 1863 1862
3753 2 2 10 10 1793 1794 1864
3754 2 2 10 10 1793 1864 1863
3755 2 2 10 10 1794 1795 1865
3756 2 2 10 10 1794 1865 1864
3757 2 2 10 10 1795 1796 1866
3758 2 2 10 10 1795 1866 1865
3759 2 2 10 10 1796 1797 1867
3760 2 2 10 10 1796 1867 1866
3761 2 2 10 10 1797 1798 1868
3762 2 2 10 10 1797 1868 1867
3763 2 2 10 10 1798 1799 1869
3764 2 2 10 10 1798 1869 1868
3765 2 2 10 10 1799 1800 1870
3766 2 2 10 10 1799 1870 1869
3767 2 2 10 10 1800 1801 1871
3768 2 2 10 10 1800 1871 1870
3769 2 2 10 10 1801 1802 1872
3770 2 2 10 10 1801 1872 1871
3771 2 2 10 10 1802 1803 1873
3772 2 2 10 10 1802 1873 1872
3773 2 2 10 10 1803 1804 1874
3774 2 2 10 10 1803 1874 1873
3775 2 2 10 10 1804 1805 1875
3776 2 2 10 10 1804 1875 1874
3777 2 2 10 10 1805 1806 1876
3778 2 2 10 10 1805 1876 1875
3779 2 2 10 10 1806 1807 1877
3780 2 2 10 10 1806 1877 1876
3781 2 2 10 10 1807 1808 1878
3782 2 2 10 10 1807 1878 1877
3783 2 2 10 10 1808 1809 1879
3784 2 2 10 10 1808 1879 1878
3785 2 2 10 10 1809 1810 1880
3786 2 2 10 10 1809 1880 1879
3787 2 2 10 10 1810 1811 1881
3788 2 2 10 10 1810 1881 1880
3789 2 2 10 10 1811 1812 1882
3790 2 2 10 10 1811 1882 1881
3791 2 2 10 10 1812 1813 1883
3792 2 2 10 10 1812 1883 1882
3793 2 2 10 10 1813 1814 1884
3794 2 2 10 10 1813 1884 1883
3795 2 2 10 10 1814 1815 1885
3796 2 2 10 10 1814 1885 1884
3797 2 2 10 10 1815 1816 1886
3798 2 2 10 10 1815 1886 1885
3799 2 2 10 10 1816 1817 1887
3800 2 2 10 10 1816 1887 1886
3801 2 2 10 10 1817 1818 1888
3802 2 2 10 10 1817 1888 1887
3803 2 2 10 10 1818 1819 1889
3804 2 2 10 10 1818 1889 1888
3805 2 2 10 10 1819 1820 1890
3806 2 2 10 10 1819 1890 1889
3807 2 2 10 10 1820 1821 1891
3808 2 2 10 10 1820 1891 1890
3809 2 2 10 10 1821 1822 1892
3810 2 2 10 10 1821 1892 1891
3811 2 2 10 10 1822 1823 1893
3812 2 2 10 10 1822 1893 1892
3813 2 2 10 10 1823 1824 1894
3814 2 2 10 10 1823 1894 1893
3815 2 2 10 10 1824 1825 1895
3816 2 2 10 10 1824 1895 1894
3817 2 2 10 10 1825 1826 1896
3818 2 2 10 10 1825 1896 1895
3819 2 2 10 10 1826 1827 1897
3820 2 2 10 10 1826 1897 1896
3821 2 2 10 10 1827 1828 1898
3822 2 2 10 10 1827 1898 1897
3823 2 2 10 10 1828 1829 1899
3824 2 2 10 10 1828 1899 1898
3825 2 2 10 10 1829 1830 1900
3826 2 2 10 10 1829 1900 1899
3827 2 2 10 10 1830 1831 1901
3828 2 2 10 10 1830 1901 1900
3829 2 2 10 10 1831 1832 1902
3830 2 2 10 10 1831 1902 1901
3831 2 2 10 10 1832 1833 1903
3832 2 2 10 10 1832 1903 1902
3833 2 2 10 10 1833 1834 1904
3834 2 2 10 10 1833 1904 1903
3835 2 2 10 10 1834 1835 1905
3836 2 2 10 10 1834 1905 1904
3837 2 2 10 10 1835 1836 1906
3838 2 2 10 10 1835 1906 1905
3839 2 2 10 10 1836 1837 1907
3840 2 2 10 10 1836 1907 1906
3841 2 2 10 10 1838 1839 1909
3842 2 2 10 10 1838 1909 1908
3843 2 2 10 10 1839 1840 1910
3844 2 2 10 10 1839 1910 1909
3845 2 2 10 10 1840 1841 1911
3846 2 2 10 10 1840 1911 1910
3847 2 2 10 10 1841 1842 1912
3848 2 2 10 10 1841 1912 1911
3849 2 2 10 10 1842 1843 1913
3850 2 2 10 10 1842 1913 1912
3851 2 2 10 10 1843 1844 1914
3852 2 2 10 10 1843 1914 1913
3853 2 2 10 10 1844 1845 1915
3854 2 2 10 10 1844 1915 1914
3855 2 2 10 10 1845 1846 1916
3856 2 2 10 10 1845 1916 1915
3857 2 2 10 10 1846 1847 1917
3858 2 2 10 10 1846 1917 1916
3859 2 2 10 10 1847 1848 1918
3860 2 2 10 10 1847 1918 1917
3861 2 2 10 10 1848 1849 1919
3862 2 2 10 10 1848 1919 1918
3863 2 2 10 10 1849 1850 1920
3864 2 2 10 10 1849 1920 1919
3865 2 2 10 10 1850 1851 1921
3866 2 2 10 10 1850 1921 1920
3867 2 2 10 10 1851 1852 1922
3868 2 2 10 10 1851 1922 1921
3869 2 2 10 10 1852 1853 1923
3870 2 2 10 10 1852 1923 1922
3871 2 2 10 10 1853 1854 1924
3872 2 2 10 10 1853 1924 1923
3873 2 2 10 10 1854 1855 1925
3874 2 2 10 10 1854 1925 1924
3875 2 2 10 10 1855 1856 1926
3876 2 2 10 10 1855 1926 1925
3877 2 2 10 10 1856 1857 1927
3878 2 2 10 10 1856 1927 1926
3879 2 2 10 10 1857 1858 1928
3880 2 2 10 10 1857 1928 1927
3881 2 2 10 10 1858 1859 1929
3882 2 2 10 10 1858 1929 1928
3883 2 2 10 10 1859 1860 1930
3884 2 2 10 10 1859 1930 1929
3885 2 2 10 10 1861 1862 1932
3886 2 2 10 10 1861 1932 1931
3887 2 2 10 10 1862 1863 1933
3888 2 2 10 10 1862 1933 1932
3889 2 2 10 10 1863 1864 1934
3890 2 2 10 10 1863 1934 1933
3891 2 2 10 10 1864 1865 1935
3892 2 2 10 10 1864 1935 1934
3893 2 2 10 10 1865 1866 1936
3894 2 2 10 10 1865 1936 1935
3895 2 2 10 10 1866 1867 1937
3896 2 2 10 10 1866 1937 1936
3897 2 2 10 10 1867 1868 1938
3898 2 2 10 10 1867 1938 1937
3899 2 2 10 10 1868 1869 1939
3900 2 2 10 10 1868 1939 1938
3901 2 2 10 10 1869 1870 1940
3902 2 2 10 10 1869 1940 1939
3903 2 2 10 10 1870 1871 1941
3904 2 2 10 10 1870 1941 1940
3905 2 2 10 10 1871 1872 1942
3906 2 2 10 10 1871 1942 1941
3907 2 2 10 10 1872 1873 1943
3908 2 2 10 10 1872 1943 1942
3909 2 2 10 10 1873 1874 1944
3910 2 2 10 10 1873 1944 1943
3911 2 2 10 10 1874 1875 1945
3912 2 2 10 10 1874 1945 1944
3913 2 2 10 10 1875 1876 1946
3914 2 2 10 10 1875 1946 1945
3915 2 2 10 10 1876 1877 1947
3916 2 2 10 10 1876 1947 1946
3917 2 2 10 10 1877 1878 1948
3918 2 2 10 10 1877 1948 1947
3919 2 2 10 10 1878 1879 1949
3920 2 2 10 10 1878 1949 1948
3921 2 2 10 10 1879 1880 1950
3922 2 2 10 10 1879 1950 1949
3923 2 2 10 10 1880 1881 1951
3924 2 2 10 10 1880 1951 1950
3925 2 2 10 10 1881 1882 1952
3926 2 2 10 10 1881 1952 1951
3927 2 2 10 10 1882 1883 1953
3928 2 2 10 10 1882 1953 1952
3929 2 2 10 10 1883 1884 1954
3930 2 2 10 10 1883 1954 1953
3931 2 2 10 10 1884 1885 1955
3932 2 2 10 10 1884 1955 1954
3933 2 2 10 10 1885 1886 1956
3934 2 2 10 10 1885 1956 1955
3935 2 2 10 10 1886 1887 1957
3936 2 2 10 10 1886 1957 1956
3937 2 2 10 10 1887 1888 1958
3938 2 2 10 10 1887 1958 1957
3939 2 2 10 10 1888 1889 1959
3940 2 2 10 10 1888 1959 1958
3941 2 2 10 10 1889 1890 1960
3942 2 2 10 10 1889 1960 1959
3943 2 2 10 10 1890 1891 1961
3944 2 2 10 10 1890 1961 1960
3945 2 2 10 10 1891 1892 1962
3946 2 2 10 10 1891 1962 1961
3947 2 2 10 10 1892 1893 1963
3948 2 2 10 10 1892 1963 1962
3949 2 2 10 10 1893 1894 1964
3950 2 2 10 10 1893 1964 1963
3951 2 2 10 10 1894 1895 1965
3952 2 2 10 10 1894 1965 1964
3953 2 2 10 10 1895 1896 1966
3954 2 2 10 10 1895 1966 1965
3955 2 2 10 10 1896 1897 1967
3956 2 2 10 10 1896 1967 1966
3957 2 2 10 10 1897 1898 1968
3958 2 2 10 10 1897 1968 1967
3959 2 2 10 10 1898 1899 1969
3960 2 2 10 10 1898 1969 1968
3961 2 2 10 10 1899 1900 1970
3962 2 2 10 10 1899 1970 1969
3963 2 2 10 10 1900 1901 1971
3964 2 2 10 10 1900 1971 1970
3965 2 2 10 10 1901 1902 1972
3966 2 2 10 10 1901 1972 1971
3967 2 2 10 10 1902 1903 1973
3968 2 2 10 10 1902 1973 1972
3969 2 2 10 10 1903 1904 1974
3970 2 2 10 10 1903 1974 1973
3971 2 2 10 10 1904 1905 1975
3972 2 2 10 10 1904 1975 1974
3973 2 2 10 10 1905 1906 1976
3974 2 2 10 10 1905 1976 1975
3975 2 2 10 10 1906 1907 1977
3976 2 2 10 10 1906 1977 1976
3977 2 2 10 10 1908 1909 1979
3978 2 2 10 10 1908 1979 1978
3979 2 2 10 10 1909 1910 1980
3980 2 2 10 10 1909 1980 1979
3981 2 2 10 10 1910 1911 1981
3982 2 2 10 10 1910 1981 1980
3983 2 2 10 10 1911 1912 1982
3984 2 2 10 10 1911 1982 1981
3985 2 2 10 10 1912 1913 1983
3986 2 2 10 10 1912 1983 1982
3987 2 2 10 10 1913 1914 1984
3988 2 2 10 10 1913 1984 1983
3989 2 2 10 10 1914 1915 1985
3990 2 2 10 10 1914 1985 1984
3991 2 2 10 10 1915 1916 1986
3992 2 2 10 10 1915 1986 1985
3993 2 2 10 10 1916 1917 1987
3994 2 2 10 10 1916 1987 1986
3995 2 2 10 10 1917 1918 1988
3996 2 2 10 10 1917 1988 1987
3997 2 2 10 10 1918 1919 1989
3998 2 2 10 10 1918 1989 1988
3999 2 2 10 10 1919 1920 1990
4000 2 2 10 10 1919 1990 1989
4001 2 2 10 10 1920 1921 1991
4002 2 2 10 10 1920 1991 1990
4003 2 2 10 10 1921 1922 1992
4004 2 2 10 10 1921 1992 1991
4005 2 2 10 10 1922 1923 1993
4006 2 2 10 10 1922 1993 1992
4007 2 2 10 10 1923 1924 1994
4008 2 2 10 10 1923 1994 1993
4009 2 2 10 10 1924 1925 1995
4010 2 2 10 10 1924 1995 1994
4011 2 2 10 10 1925 1926 1996
4012 2 2 10 10 1925 1996 1995
4013 2 2 10 10 1926 1927 1997
4014 2 2 10 10 1926 1997 1996
4015 2 2 10 10 1927 1928 1998
4016 2 2 10 10 1927 1998 1997
4017 2 2 10 10 1928 1929 1999
4018 2 2 10 10 1928 1999 1998
4019 2 2 10 10 1929 1930 2000
4020 2 2 10 10 1929 2000 1999
4021 2 2 10 10 1970 1971 2002
4022 2 2 10 10 1970 2002 2001
4023 2 2 10 10 1971 1972 2003
4024 2 2 10 10 1971 2003 2002
4025 2 2 10 10 1972 1973 2004
4026 2 2 10 10 1972 2004 2003
4027 2 2 10 10 1973 1974 2005
4028 2 2 10 10 1973 2005 2004
4029 2 2 10 10 1974 1975 2006
4030 2 2 10 10 1974 2006 2005
4031 2 2 10 10 1975 1976 2007
4032 2 2 10 10 1975 2007 2006
4033 2 2 10 10 1976 1977 2008
4034 2 2 10 10 1976 2008 2007
4035 2 2 10 10 2002 2003 2010
4036 2 2 10 10 2002 2010 2009
4037 2 2 10 10 2003 2004 2011
4038 2 2 10 10 2003 2011 2010
4039 2 2 10 10 2004 2005 2012
4040 2 2 10 10 2004 2012 2011
4041 2 2 10 10 2005 2006 2013
4042 2 2 10 10 2005 2013 2012
4043 2 2 10 10 2006 2007 2014
4044 2 2 10 10 2006 2014 2013
4045 2 2 10 10 2007 2008 2015
4046 2 2 10 10 2007 2015 2014
4047 2 2 10 10 2010 2011 2017
4048 2 2 10 10 2010 2017 2016
4049 2 2 10 10 2011 2012 2018
4050 2 2 10 10 2011 2018 2017
4051 2 2 10 10 2012 2013 2019
4052 2 2 10 10 2012 2019 2018
4053 2 2 10 10 2013 2014 2020
4054 2 2 10 10 2013 2020 2019
4055 2 2 10 10 2014 2015 2021
4056 2 2 10 10 2014 2021 2020
4057 2 2 10 10 2017 2018 2023
4058 2 2 10 10 2017 2023 2022
4059 2 2 10 10 2018 2019 2024
4060 2 2 10 10 2018 2024 2023
4061 2 2 10 10 2019 2020 2025
4062 2 2 10 10 2019 2025 2024
4063 2 2 10 10 2020 2021 2026
4064 2 2 10 10 2020 2026 2025
4065 2 2 10 10 2022 2023 2028
4066 2 2 10 10 2022 2028 2027
4067 2 2 10 10 2023 2024 2029
4068 2 2 10 10 2023 2029 2028
4069 2 2 10 10 2024 2025 2030
4070 2 2 10 10 2024 2030 2029
4071 2 2 10 10 2025 2026 2031
4072 2 2 10 10 2025 2031 2030
4073 2 2 10 10 2027 2028 2033
4074 2 2 10 10 2027 2033 2032
4075 2 2 10 10 2028 2029 2034
4076 2 2 10 10 2028 2034 2033
4077 2 2 10 10 2029 2030 2035
4078 2 2 10 10 2029 2035 2034
4079 2 2 10 10 2030 2031 2036
4080 2 2 10 10 2030 2036 2035
4081 2 2 10 10 2032 2033 2038
4082 2 2 10 10 2032 2038 2037
4083 2 2 10 10 2033 2034 2039
4084 2 2 10 10 2033 2039 2038
4085 2 2 10 10 2034 2035 2040
4086 2 2 10 10 2034 2040 2039
4087 2 2 10 10 2035 2036 2041
4088 2 2 10 10 2035 2041 2040
4089 2 2 10 10 2037 2038 2043
4090 2 2 10 10 2037 2043 2042
4091 2 2 10 10 2038 2039 2044
4092 2 2 10 10 2038 2044 2043
4093 2 2 10 10 2039 2040 2045
4094 2 2 10 10 2039 2045 2044
4095 2 2 10 10 2040 2041 2046
4096 2 2 10 10 2040 2046 2045
4097 2 2 10 10 2042 2043 2048
4098 2 2 10 10 2042 2048 2047
4099 2 2 10 10 2043 2044 2049
4100 2 2 10 10 2043 2049 2048
4101 2 2 10 10 2044 2045 2050
4102 2 2 10 10 2044 2050 2049
4103 2 2 10 10 2045 2046 2051
4104 2 2 10 10 2045 2051 2050
4105 2 2 10 10 2047 2048 2053
4106 2 2 10 10 2047 2053 2052
4107 2 2 10 10 2048 2049 2054
4108 2 2 10 10 2048 2054 2053
4109 2 2 10 10 2049 2050 2055
4110 2 2 10 10 2049 2055 2054
4111 2 2 10 10 2050 2051 2056
4112 2 2 10 10 2050 2056 2055
$EndElements
