/*--------------------------------*- C++ -*----------------------------------*\
| =========                 |                                                 |
| \\      /  F ield         | OpenFOAM: The Open Source CFD Toolbox           |
|  \\    /   O peration     | Version:  2506                                  |
|   \\  /    A nd           | Website:  www.openfoam.com                      |
|    \\/     M anipulation  |                                                 |
\*---------------------------------------------------------------------------*/
FoamFile
{
    version     2.0;
    format      ascii;
    arch        "LSB;label=32;scalar=64";
    class       volVectorField;
    location    "5000";
    object      U;
}
// * * * * * * * * * * * * * * * * * * * * * * * * * * * * * * * * * * * * * //

dimensions      [0 1 -1 0 0 0 0];

internalField   nonuniform List<vector> 
4096
(
(-8.756338986195839e-09 -1.798404514202366e-07 8.951939419093004e-23)
(-2.779252069500318e-08 -4.26856674452553e-07 8.598516361430438e-23)
(-4.920352129097853e-08 -6.045393731034688e-07 -3.744257769731214e-22)
(-7.040754675677677e-08 -7.32405065129746e-07 -4.858441818126936e-21)
(-8.612106641801148e-08 -8.239672251574449e-07 -9.864317494709446e-20)
(-8.993442528887341e-08 -8.897476522135342e-07 3.261474898701443e-18)
(-7.577205744140406e-08 -9.384291539709559e-07 4.871924271648709e-18)
(-3.90322233904776e-08 -9.775066907513012e-07 -2.625423490908317e-19)
(2.26661871086456e-08 -1.013572007821194e-06 3.275846039032331e-18)
(1.091250234119606e-07 -1.052368431034978e-06 -1.24712260176715e-19)
(2.175586730861472e-07 -1.098723523994998e-06 9.039488783834137e-20)
(3.428825284545762e-07 -1.156436523671255e-06 1.378099847129439e-20)
(4.782330698970862e-07 -1.22817171044096e-06 -3.287913687776476e-21)
(6.156423219866487e-07 -1.315389220834677e-06 -2.097780347636379e-21)
(7.467831299920978e-07 -1.418331736481701e-06 -4.440908441302489e-22)
(8.636989395085191e-07 -1.536074215328795e-06 2.908016816206645e-21)
(9.594377991936284e-07 -1.666633540172682e-06 6.957095385214943e-20)
(1.028525682466447e-06 -1.807130195942099e-06 1.349291947904758e-18)
(1.067233633285456e-06 -1.953983161140241e-06 6.915132156706879e-20)
(1.073619238192713e-06 -2.103118205802829e-06 2.824873262232914e-21)
(1.047348960666033e-06 -2.250167349174747e-06 -1.732579879061816e-21)
(9.893327705258297e-07 -2.39063849917154e-06 -5.42943625620648e-21)
(9.012235824637244e-07 -2.520038048906253e-06 -1.937636376708764e-20)
(7.848493459380749e-07 -2.633935472189498e-06 1.014690124631441e-18)
(6.416539671522505e-07 -2.727966722388178e-06 -1.826424463628403e-20)
(4.722255012561008e-07 -2.79778247224159e-06 -2.09078219377483e-21)
(2.759849750684739e-07 -2.838958728439373e-06 -4.952280053841424e-22)
(5.110023766494642e-08 -2.846897717471574e-06 4.463880331722918e-23)
(-2.053230655414706e-07 -2.816762419212339e-06 -4.853796914655579e-23)
(-4.967381076053669e-07 -2.743495685901109e-06 -3.713727630957165e-23)
(-8.263302458598422e-07 -2.621981489988961e-06 -9.226827258078491e-24)
(-1.195898084274921e-06 -2.447394411547298e-06 -1.257155574550572e-24)
(-1.604540254943152e-06 -2.215742868301072e-06 -2.499699820391528e-24)
(-2.047335430869959e-06 -1.924539210975014e-06 9.808542714450603e-24)
(-2.514284851260103e-06 -1.57344697662541e-06 5.540452610450703e-22)
(-2.989809254957325e-06 -1.164714457176314e-06 9.093323231851886e-21)
(-3.453017264451312e-06 -7.032539337871479e-07 8.761665558543036e-20)
(-3.878809277953806e-06 -1.963591640842663e-07 9.381766800457816e-21)
(-4.239731396159198e-06 3.468245538162029e-07 8.11962675995745e-22)
(-4.508411492520903e-06 9.159385210401132e-07 2.568188345818341e-22)
(-4.660341942617965e-06 1.500052999421255e-06 1.818248780391491e-23)
(-4.676633498542151e-06 2.088162970553472e-06 1.851762913237441e-21)
(-4.54623011043355e-06 2.669297807979731e-06 2.355584239092153e-20)
(-4.26716915219276e-06 3.232109078643998e-06 1.890447149945121e-19)
(-3.846751016219757e-06 3.764131744874192e-06 -2.970693525355852e-20)
(-3.300754914679731e-06 4.251223604344605e-06 -1.934741713320333e-18)
(-2.651992085109592e-06 4.677736973636112e-06 -4.902470028388394e-20)
(-1.928471057461266e-06 5.02765164623047e-06 1.514152603825617e-19)
(-1.161331690706108e-06 5.286362436434018e-06 3.324949569651231e-20)
(-3.826861374614608e-07 5.44250438830969e-06 -2.242743467291066e-20)
(3.763949759558703e-07 5.489367943857472e-06 -4.930992974056101e-20)
(1.087475033305536e-06 5.425774169258901e-06 -2.218459456383043e-20)
(1.725701082326472e-06 5.256417687789173e-06 -6.483640282007735e-21)
(2.270019641571752e-06 4.991487478994894e-06 -1.655686510439709e-21)
(2.70280503794542e-06 4.645467838720733e-06 -6.493457818309883e-22)
(3.009309772937334e-06 4.235406800195095e-06 3.070512062486736e-22)
(3.177452404693609e-06 3.779142997111364e-06 3.213700871395721e-22)
(3.198247733844986e-06 3.29382024119476e-06 -2.09146866804628e-22)
(3.066837888837659e-06 2.794677486625151e-06 1.984320813770193e-22)
(2.783821972641119e-06 2.293848603439526e-06 2.489809846509623e-22)
(2.356512499876971e-06 1.798848967931232e-06 -1.229703470225334e-21)
(1.79975627364725e-06 1.310451266611182e-06 1.382116198630876e-21)
(1.135769392074555e-06 8.196776242378563e-07 3.39050511696643e-21)
(3.846664576707091e-07 3.023363831650139e-07 6.557228239891658e-22)
(-2.332963313625338e-08 -5.226401225861556e-07 -1.014024027803143e-22)
(-7.092399942126501e-08 -1.236294576276078e-06 -2.991869418226728e-22)
(-1.183760261517456e-07 -1.748283371375177e-06 8.160664224494433e-23)
(-1.599888637435036e-07 -2.116230031738264e-06 4.321389518856698e-20)
(-1.854943647615695e-07 -2.379280734248076e-06 8.160712604855395e-19)
(-1.82672903068816e-07 -2.567910307809253e-06 2.564466253213278e-18)
(-1.399634246442277e-07 -2.707280993073441e-06 7.356390985553954e-19)
(-4.863451143546915e-08 -2.819102971684281e-06 8.795145464989344e-20)
(9.568937813105548e-08 -2.922451302350671e-06 7.27379492267968e-19)
(2.922108152580082e-07 -3.033929634267403e-06 1.379982460654876e-19)
(5.348381882576848e-07 -3.167484239172623e-06 -5.801217646940325e-18)
(8.126924907589546e-07 -3.334084795389479e-06 5.329769100245423e-20)
(1.111127044000574e-06 -3.541417978859124e-06 -2.623232619990236e-20)
(1.413102042270055e-06 -3.793686396698142e-06 -1.209714201970243e-20)
(1.700733632319269e-06 -4.091568232326981e-06 -2.52939608035706e-21)
(1.956828552540819e-06 -4.432359697961697e-06 5.37421790776933e-21)
(2.166229433317891e-06 -4.810294319037894e-06 6.085742049636116e-20)
(2.316827210533615e-06 -5.21701016504471e-06 5.634858600511516e-19)
(2.400143364360372e-06 -5.642116861663614e-06 5.420953824107565e-20)
(2.411438201089904e-06 -6.07380127895361e-06 8.443535000733045e-21)
(2.34935858503928e-06 -6.499407672516493e-06 -1.856043902058231e-21)
(2.215192023743984e-06 -6.905931177192295e-06 -4.467783684997563e-21)
(2.011839359936703e-06 -7.280374570193355e-06 -2.199529450628384e-20)
(1.742650433380331e-06 -7.609936944505923e-06 -2.380788602666425e-19)
(1.410284568946344e-06 -7.882024372841707e-06 -2.457001659387235e-20)
(1.015760007527834e-06 -8.084100899697234e-06 -2.063876765710394e-21)
(5.578414793044916e-07 -8.203429598489841e-06 -3.185757050492499e-21)
(3.288993043280147e-08 -8.226783726673686e-06 -1.044387256788406e-21)
(-5.647358065733756e-07 -8.140246188258378e-06 -5.93639204008894e-22)
(-1.241674471060624e-06 -7.929238239632718e-06 -2.998767687578495e-22)
(-2.003946538440659e-06 -7.578938759508552e-06 -7.965391605768146e-23)
(-2.854771665469801e-06 -7.075227969420301e-06 -1.719891013230353e-23)
(-3.791943212121856e-06 -6.406193423103956e-06 -3.146462036565131e-23)
(-4.805011722201855e-06 -5.564049766806781e-06 3.621987895531117e-23)
(-5.872706566067021e-06 -4.547085788548719e-06 4.600455196988663e-21)
(-6.961195400867568e-06 -3.361091148137551e-06 9.603300922777823e-20)
(-8.023830038047424e-06 -2.019794632574824e-06 -1.735673536450695e-18)
(-9.002855414634234e-06 -5.442072620112648e-07 9.709509985872925e-20)
(-9.833226969966366e-06 1.038827579113392e-06 6.153642388591332e-21)
(-1.044836960865632e-05 2.698461094745482e-06 1.60666901358296e-21)
(-1.078745707946104e-05 4.401786286467048e-06 -3.53492825609666e-21)
(-1.080328859139057e-05 6.115541837274868e-06 7.089875827525808e-21)
(-1.04691123849936e-05 7.806730652360947e-06 2.142115155303451e-19)
(-9.782815414368685e-06 9.441620799389549e-06 -3.34262206915059e-18)
(-8.767551090829891e-06 1.098364723950591e-05 1.952563655839364e-18)
(-7.468764618301892e-06 1.239169188987639e-05 -4.60761298023395e-20)
(-5.948522851786583e-06 1.362044194808966e-05 3.835165634200478e-21)
(-4.278642095833021e-06 1.462365715665967e-05 4.501764107721565e-20)
(-2.53400371708068e-06 1.535956105433705e-05 3.793620809952001e-21)
(-7.869026081362522e-07 1.579632063323285e-05 -1.510588692741505e-19)
(8.970441855398045e-07 1.591600222101085e-05 -1.381024156508e-19)
(2.461019294553628e-06 1.571675731868491e-05 -4.594507099077925e-20)
(3.857003722347856e-06 1.521355091114865e-05 -1.561740709873319e-20)
(5.044124089254119e-06 1.443679187991694e-05 -5.260491702287351e-21)
(5.986552317124687e-06 1.342863525973718e-05 -6.213927839412512e-21)
(6.652313338541098e-06 1.223799811725964e-05 1.30503368922854e-21)
(7.013859638512442e-06 1.091572730733742e-05 2.080756783482392e-21)
(7.050317208360038e-06 9.510672381660449e-06 -1.527741728761968e-21)
(6.750661537056717e-06 8.066428251818272e-06 -1.297052390510903e-22)
(6.116938921897283e-06 6.617932568391428e-06 -1.003448602167137e-20)
(5.166838961036084e-06 5.187053391398537e-06 -7.654401670705298e-20)
(3.935119085188808e-06 3.776404181416023e-06 2.059460008392882e-21)
(2.473352008832471e-06 2.360657496228115e-06 4.115868839574904e-20)
(8.39329243796272e-07 8.700887275498673e-07 6.882422900780293e-21)
(-3.382522471173004e-08 -8.021349466267322e-07 -3.450667794561312e-21)
(-1.008063737868107e-07 -1.898614314285382e-06 -3.557422835330767e-21)
(-1.629049538271008e-07 -2.684251560436954e-06 -9.866807926590202e-21)
(-2.123266255324788e-07 -3.247549436553821e-06 -9.595262606404661e-20)
(-2.369926837353722e-07 -3.649072062968974e-06 -6.396757746066282e-19)
(-2.229924964229635e-07 -3.93609846374406e-06 -1.020918879721955e-18)
(-1.572664414116638e-07 -4.14765845448313e-06 -2.163725250642382e-19)
(-3.001285030397594e-08 -4.31734237527309e-06 -3.164010416236987e-20)
(1.634948037095257e-07 -4.474566134892626e-06 8.87060551497867e-20)
(4.218394927832467e-07 -4.644863320154343e-06 5.725756326498309e-21)
(7.372024877401202e-07 -4.849641928541485e-06 7.365376778097656e-20)
(1.095886112588255e-06 -5.10572128242391e-06 -7.387469131052839e-20)
(1.479499889902019e-06 -5.424870807803979e-06 -8.280937853405901e-20)
(1.866620069637236e-06 -5.813499835733696e-06 -3.343600023034178e-20)
(2.234693333381423e-06 -6.27259065849638e-06 -1.544994399246477e-20)
(2.561942192504454e-06 -6.797913961800132e-06 5.551533197499996e-22)
(2.82904761420618e-06 -7.380520858124833e-06 1.025359397023701e-20)
(3.020424140824304e-06 -8.007463814661679e-06 4.50082518720011e-20)
(3.124962861778772e-06 -8.662674632407981e-06 -7.207012457088424e-20)
(3.13618594286651e-06 -9.327903186714601e-06 6.214926595114278e-20)
(3.05182907063507e-06 -9.983617190394687e-06 -1.33740170931749e-20)
(2.872936194538243e-06 -1.06097681243473e-05 -1.184247071019812e-20)
(2.602608250684506e-06 -1.118634575394527e-05 -5.246341097667486e-21)
(2.244586234853617e-06 -1.169367404742108e-05 -2.258404879096399e-20)
(1.80187138934911e-06 -1.211243112447628e-05 -4.993372535250233e-21)
(1.275582674244542e-06 -1.24234251388806e-05 -1.261563430892325e-18)
(6.642291827911183e-07 -1.260719886941181e-05 -2.27685401721171e-21)
(-3.646388761871814e-08 -1.264358438833797e-05 -3.005159419746609e-20)
(-8.330880396768912e-07 -1.251136857490019e-05 -5.678092124441269e-21)
(-1.733406996545263e-06 -1.218827090764983e-05 -1.570913468288037e-21)
(-2.744542343881447e-06 -1.165145375757936e-05 -3.66753875771134e-22)
(-3.870522044289635e-06 -1.087876537345816e-05 -8.302420650057102e-23)
(-5.109244558441309e-06 -9.850822821184501e-06 -1.795244107155473e-22)
(-6.448973742386463e-06 -8.553835032234017e-06 -8.24480479982273e-22)
(-7.864660314663304e-06 -6.982742470639652e-06 1.565531878126985e-22)
(-9.314721990511823e-06 -5.143913423436919e-06 4.828823083274285e-20)
(-1.073927925862789e-05 -3.056546082564346e-06 8.879293202016592e-20)
(-1.20609591722999e-05 -7.523194544617126e-07 1.862920842675682e-20)
(-1.318906093235274e-05 1.726422817292751e-06 5.036335924587013e-21)
(-1.402735604099595e-05 4.329298780513858e-06 2.633946659733201e-20)
(-1.448535860783728e-05 7.001100038881824e-06 -6.344783794854365e-20)
(-1.449187372225096e-05 9.685405879577126e-06 -1.075715119268232e-19)
(-1.400729880070457e-05 1.232657851226631e-05 4.176127271403977e-20)
(-1.303141055505972e-05 1.486890952137653e-05 4.255296410193985e-19)
(-1.160460801585394e-05 1.725372996745373e-05 8.700864680314078e-20)
(-9.802161202971706e-06 1.941675533071634e-05 -5.100059036562235e-21)
(-7.722926404179868e-06 2.12883089431553e-05 1.123954449282345e-19)
(-5.475688321267616e-06 2.279815621249008e-05 7.307928735606267e-20)
(-3.166719861883837e-06 2.388432708090452e-05 4.117396259939881e-20)
(-8.908598873049421e-07 2.450224924973937e-05 -7.730156939095801e-19)
(1.273150602397292e-06 2.463023053746204e-05 -9.15499002034537e-20)
(3.262887155117838e-06 2.427123131744022e-05 1.666562532617637e-19)
(5.02837189038461e-06 2.345291864601015e-05 1.102731802861747e-20)
(6.526231207611404e-06 2.222465228362723e-05 -1.465622519497932e-20)
(7.715100265023866e-06 2.065131172173762e-05 -1.326192850183106e-19)
(8.55447317416741e-06 1.880611527992331e-05 -8.776312344172548e-20)
(9.007264486166587e-06 1.676439720804624e-05 -4.541671155011652e-20)
(9.044638157276741e-06 1.459873896627814e-05 -1.165233325770523e-20)
(8.651312890291078e-06 1.237456514283563e-05 -1.101456688321673e-20)
(7.830074070416804e-06 1.014495335133897e-05 -1.413952876819461e-19)
(6.604860566004206e-06 7.943605552068831e-06 1.781693485868097e-18)
(5.022144070210115e-06 5.775167072566683e-06 -6.087986265989174e-20)
(3.150294871330853e-06 3.602113723007909e-06 3.487927658110318e-19)
(1.069741136018902e-06 1.321132710452094e-06 4.517815183111538e-20)
(-3.971393474917328e-08 -9.928118033929612e-07 -2.336030900512586e-20)
(-1.166641245282495e-07 -2.347713005497291e-06 -8.504072414008848e-21)
(-1.838516381857079e-07 -3.315991810426151e-06 -6.313316937777594e-21)
(-2.324884743206378e-07 -4.007792227643612e-06 -1.854788463732439e-20)
(-2.508109069568505e-07 -4.498830920468414e-06 -1.037848508613435e-19)
(-2.258694565271391e-07 -4.848338102429305e-06 -1.209759824841536e-19)
(-1.456427297732727e-07 -5.105138674360013e-06 -4.164304575027511e-20)
(-1.169588406701484e-09 -5.311080035131114e-06 1.616176381129926e-19)
(2.116656492301958e-07 -5.502638293419966e-06 1.433395426330004e-19)
(4.909695798334846e-07 -5.711363205328701e-06 -1.622246369689561e-18)
(8.284588715805168e-07 -5.963651880640285e-06 2.075698508956273e-20)
(1.209888409495555e-06 -6.28021823991182e-06 4.783947197815753e-18)
(1.616188482446088e-06 -6.675534066818587e-06 -9.643761890553545e-20)
(2.025120090483248e-06 -7.157440191979478e-06 -4.654730562463883e-20)
(2.41320753310327e-06 -7.727053788225951e-06 -1.867747632067788e-19)
(2.757692671121782e-06 -8.379028098983408e-06 -2.321737966792474e-20)
(3.0382732179343e-06 -9.102160489628513e-06 -3.325134814999202e-18)
(3.23843007897116e-06 -9.88029024740259e-06 -8.419832560130776e-20)
(3.346209616768812e-06 -1.069339334221968e-05 -6.883401984105129e-19)
(3.354401728627044e-06 -1.151875542647774e-05 1.30985108945305e-18)
(3.260130295223984e-06 -1.233209746550885e-05 -4.482394120619613e-20)
(3.063944563411192e-06 -1.31085347082002e-05 -9.759480617889514e-20)
(2.768558881721607e-06 -1.382327376214928e-05 -1.71164471328916e-20)
(2.377427501803347e-06 -1.445198647330795e-05 -2.598447280602919e-21)
(1.893363016497197e-06 -1.49708409792281e-05 -2.243184053754132e-20)
(1.31739873495723e-06 -1.535623169884436e-05 -1.04213455028991e-19)
(6.480683546138371e-07 -1.558429538482675e-05 -4.232580029207047e-20)
(-1.18771582836673e-07 -1.563035421670066e-05 -4.057085391842655e-19)
(-9.895094006465968e-07 -1.546846328105483e-05 -4.044802722425184e-20)
(-1.971729113352618e-06 -1.507128007149049e-05 -5.331901443645349e-21)
(-3.072579624506744e-06 -1.441048124976039e-05 -9.263507447060768e-22)
(-4.296599160891841e-06 -1.345794533963267e-05 -1.848080971707837e-22)
(-5.642976422361244e-06 -1.218787772912146e-05 -3.926257479725174e-22)
(-7.102162584506392e-06 -1.057993174140076e-05 -1.243642539754853e-21)
(-8.651770957038805e-06 -8.623120381033838e-06 2.831530068951597e-20)
(-1.025202448849704e-05 -6.319874514337537e-06 9.773166171463939e-19)
(-1.184169172287165e-05 -3.689179254682141e-06 -1.200097738706189e-18)
(-1.333622417956626e-05 -7.677470029356787e-07 -4.430895150647272e-20)
(-1.463002093168939e-05 2.390928111400568e-06 2.952907666736213e-20)
(-1.560433760066553e-05 5.718920590017671e-06 8.967599381794164e-19)
(-1.614202207716911e-05 9.137900288786111e-06 2.726463767274923e-18)
(-1.614871825142547e-05 1.256630297856724e-05 1.659301537391717e-18)
(-1.557230367273251e-05 1.592408836835805e-05 1.087336458534425e-19)
(-1.441485518230336e-05 1.913291036167129e-05 -3.378872808328913e-18)
(-1.273448683120418e-05 2.211351664282513e-05 2.061210344348687e-19)
(-1.063658944652074e-05 2.478315214640703e-05 -4.176855102772415e-20)
(-8.256106273022389e-06 2.705573697752827e-05 -3.930039057936456e-18)
(-5.735141378392268e-06 2.88473284861656e-05 -4.648077656896829e-18)
(-3.20242761921944e-06 3.008758130528671e-05 7.862359432144932e-19)
(-7.603873975262077e-07 3.073275442594565e-05 2.160692887743589e-19)
(1.518580032018341e-06 3.077100918823803e-05 6.189808548316289e-19)
(3.587128073597265e-06 3.021904517968438e-05 2.130902553449317e-18)
(5.411112103583665e-06 2.911976632367138e-05 2.020555535831282e-19)
(6.957288487939844e-06 2.753739257459111e-05 -1.22440184090583e-19)
(8.186774319044951e-06 2.555004049249136e-05 3.812943607355024e-18)
(9.055913055517478e-06 2.324285684339933e-05 -2.678851623290074e-18)
(9.522322654166929e-06 2.070300539642371e-05 -1.936530860949024e-18)
(9.552563254798183e-06 1.801557223293478e-05 6.542461062882694e-18)
(9.128925280929741e-06 1.525877883879053e-05 -5.065678998378319e-20)
(8.254313782426331e-06 1.249732154485388e-05 2.945941329255053e-18)
(6.955086159790569e-06 9.773117109217969e-06 -1.66196309682817e-19)
(5.281922740085505e-06 7.092988200432717e-06 -2.351135442190487e-19)
(3.308692824408131e-06 4.412769036945749e-06 8.168674070339984e-20)
(1.12372476585975e-06 1.610279409472101e-06 -1.436326849292604e-18)
(-4.078033823779956e-08 -1.073347872031401e-06 -7.092175552076824e-20)
(-1.183488633192155e-07 -2.534270682770252e-06 1.159847082536829e-19)
(-1.824528471088167e-07 -3.574931289723835e-06 6.480150972578568e-20)
(-2.244460306412982e-07 -4.31530623493841e-06 -2.528104242927242e-21)
(-2.343258682243297e-07 -4.838242534792227e-06 -8.100516795037352e-21)
(-2.016222048052772e-07 -5.208683896782123e-06 1.145864874330584e-22)
(-1.166895118190434e-07 -5.480015107773521e-06 1.541839771911287e-19)
(2.764182816937955e-08 -5.697721031890264e-06 -3.669807119527003e-18)
(2.344709053246879e-07 -5.901221229891824e-06 -5.2247941915645e-18)
(5.016836903155983e-07 -6.124482604644762e-06 2.315061266510448e-19)
(8.215024265821342e-07 -6.395871268208373e-06 5.694978659317358e-19)
(1.180785377547216e-06 -6.737624800036077e-06 1.164919188645305e-20)
(1.561995353951788e-06 -7.16525700698422e-06 -1.94590808872157e-19)
(1.944663364334635e-06 -7.687127865264095e-06 6.399745537962801e-18)
(2.307126282284112e-06 -8.304329379827443e-06 3.505636006338672e-18)
(2.628302201398199e-06 -9.010956379908478e-06 -3.028565443503176e-19)
(2.889281780348463e-06 -9.794759686757113e-06 -2.849276017435316e-20)
(3.074553321936926e-06 -1.063812303292986e-05 3.291053874594016e-18)
(3.172733495726467e-06 -1.151925488209306e-05 -8.894730338555022e-20)
(3.176746489588593e-06 -1.241346762626341e-05 4.990242525149154e-20)
(3.0834680996713e-06 -1.329440796290398e-05 -1.039743488185413e-19)
(2.892917505105093e-06 -1.413510575003956e-05 -6.745585816331381e-19)
(2.60713219036446e-06 -1.49087415495801e-05 -8.621942516504304e-20)
(2.228898765249297e-06 -1.558905677792209e-05 4.149634208596127e-21)
(1.760527175741683e-06 -1.615039615520796e-05 -1.002207328789381e-19)
(1.202845712482121e-06 -1.65674245882182e-05 -7.958674096465754e-19)
(5.545652732427328e-07 -1.681461217316674e-05 -3.605016540212645e-20)
(-1.878867722592101e-07 -1.686562293143129e-05 -2.213812725297281e-20)
(-1.030020023915857e-06 -1.66927869286993e-05 -4.199366345446863e-21)
(-1.978441027153085e-06 -1.626684468042285e-05 -1.392802221508124e-21)
(-3.039587548004345e-06 -1.555714909420077e-05 -2.509427927034765e-22)
(-4.218103119537763e-06 -1.453250109627975e-05 -1.070123824683425e-24)
(-5.514852036512662e-06 -1.316278873197182e-05 -1.132788899721022e-22)
(-6.924396054698047e-06 -1.142160462270104e-05 -5.133895295815725e-22)
(-8.431508474187818e-06 -9.289984232903944e-06 3.451117126927502e-21)
(-1.000624911188912e-05 -6.761165107298153e-06 1.004005841535585e-19)
(-1.159765562658266e-05 -3.845712187216035e-06 1.170262661046846e-18)
(-1.312752595446426e-05 -5.757151755663922e-07 7.083380807548351e-20)
(-1.448731818365898e-05 2.992812273824863e-06 8.5039248097031e-21)
(-1.554201905197181e-05 6.778840372464361e-06 2.673036485353855e-20)
(-1.614635971747247e-05 1.067855837436288e-05 -6.354795852404247e-20)
(-1.61800182877632e-05 1.458115723956753e-05 -1.100631323795277e-19)
(-1.557707915988363e-05 1.83782979980493e-05 1.502629378244941e-20)
(-1.434134937381868e-05 2.196586569592216e-05 2.097864403630165e-19)
(-1.254744585584477e-05 2.524298321944507e-05 -1.35946550572983e-19)
(-1.032917533860551e-05 2.811157341697703e-05 -3.069932881278571e-18)
(-7.856444718667803e-06 3.047807232468315e-05 -5.279604692826458e-20)
(-5.303543705905724e-06 3.22592193277545e-05 1.31774670231909e-20)
(-2.816692272992506e-06 3.339462520274977e-05 -6.432514855354121e-19)
(-4.935298251267616e-07 3.386374472703988e-05 4.838448624496197e-19)
(1.61820382636518e-06 3.368928898167707e-05 1.60484019052441e-19)
(3.504817995615727e-06 3.291319902572459e-05 2.200189469522838e-19)
(5.160471265533038e-06 3.159192161784636e-05 2.358187028640684e-20)
(6.567608786224415e-06 2.979334654969884e-05 -1.196404636693729e-20)
(7.692065978286318e-06 2.75927868747354e-05 -1.320844167636572e-19)
(8.48941583747858e-06 2.50706670971261e-05 -8.762649685165469e-20)
(8.915466321939361e-06 2.231113586880808e-05 -4.536002076768972e-20)
(8.935782723028599e-06 1.939940294861872e-05 -1.186929271577939e-20)
(8.532495032669701e-06 1.641649943204086e-05 -9.543519731017338e-21)
(7.708468089484208e-06 1.34311838931628e-05 -6.568808325716903e-20)
(6.489340681315771e-06 1.048907020259225e-05 -1.993560353189776e-20)
(4.923695010216039e-06 7.598829056030577e-06 -2.257228999934449e-20)
(3.081492172530642e-06 4.715187367253411e-06 1.519530141755877e-20)
(1.046913504943988e-06 1.711837835407983e-06 1.102799451242303e-20)
(-3.723549841020118e-08 -1.033247409003984e-06 1.290382275439288e-19)
(-1.068378532008158e-07 -2.436659170291025e-06 -5.068433144526158e-18)
(-1.613202013452976e-07 -3.433524027551121e-06 2.183276909526234e-18)
(-1.932173973478481e-07 -4.139883006621606e-06 7.560537241068873e-20)
(-1.951230680667312e-07 -4.636478937132711e-06 5.528230443625697e-21)
(-1.595843700317578e-07 -4.986811072723099e-06 5.71951413338724e-21)
(-7.965795129408464e-08 -5.242859858336363e-06 3.124583142429676e-20)
(4.984666443551364e-08 -5.44860338430272e-06 3.251760832357057e-19)
(2.31005675655033e-07 -5.641939686478826e-06 1.430995115704802e-18)
(4.617687833362479e-07 -5.855421078946373e-06 2.545087274620388e-19)
(7.355265013967056e-07 -6.116196312432477e-06 -4.726700804122297e-18)
(1.04130372728683e-06 -6.44553670511405e-06 -9.788058598094608e-20)
(1.364510852244196e-06 -6.858266071630868e-06 3.647525792649552e-18)
(1.68811199882787e-06 -7.362334062787973e-06 -1.852806434276865e-19)
(1.994033919451837e-06 -7.958691465687626e-06 -6.820869977333823e-18)
(2.264620377770074e-06 -8.641539339969157e-06 5.372686574846699e-18)
(2.483947364637865e-06 -9.398952534858587e-06 -1.401667714274861e-19)
(2.638844008541127e-06 -1.021382290134886e-05 -4.177221100822642e-20)
(2.71951094413421e-06 -1.10650207071311e-05 -2.025449064616704e-20)
(2.719680684426127e-06 -1.192863454934322e-05 -1.220580064787271e-20)
(2.636338470864271e-06 -1.277917028037973e-05 -1.029022347293218e-19)
(2.469073198521523e-06 -1.359057392995517e-05 2.774335244199786e-18)
(2.21917119528508e-06 -1.433698287641805e-05 -8.091334035645581e-20)
(1.888597340360823e-06 -1.499312498039326e-05 5.513211259074237e-20)
(1.479013949313849e-06 -1.553436743562901e-05 -8.30176561293818e-21)
(9.909790019076744e-07 -1.593645546722755e-05 -8.003817320069554e-20)
(4.234365850828026e-07 -1.617501964605843e-05 -2.958112736875916e-18)
(-2.264248985173656e-07 -1.622498401976889e-05 6.835693383683529e-20)
(-9.629252571192895e-07 -1.606002510416964e-05 7.295725271940123e-21)
(-1.791288869872467e-06 -1.565222621599787e-05 5.755716352791098e-22)
(-2.71676723212836e-06 -1.497205027594251e-05 7.110708091964388e-22)
(-3.743594538762509e-06 -1.398871943968354e-05 4.36494045081608e-22)
(-4.87386883157116e-06 -1.267106273589603e-05 1.25230249233411e-22)
(-6.106311320044043e-06 -1.098893747435896e-05 -3.509479555329297e-22)
(-7.434470010986793e-06 -8.915483634993129e-06 -7.621260629400826e-22)
(-8.843303544847918e-06 -6.430729094217269e-06 2.750957371592726e-20)
(-1.030256710144698e-05 -3.527073016759003e-06 9.373447867373692e-19)
(-1.175622587654558e-05 -2.166113741036181e-07 3.023630128131349e-20)
(-1.310973326242672e-05 3.459808375353996e-06 2.9578634071608e-21)
(-1.422033159984208e-05 7.419422274421422e-06 2.459800974817769e-21)
(-1.490398782097819e-05 1.152446597534789e-05 -4.086930663960763e-21)
(-1.500680292865478e-05 1.562589125358126e-05 -6.710378700680207e-21)
(-1.444843285439856e-05 1.958028161298656e-05 1.758684051134089e-21)
(-1.32350024080538e-05 2.325202272084916e-05 1.473906808007899e-20)
(-1.145496875420244e-05 2.651404412384352e-05 -7.892622463500382e-21)
(-9.264607074447283e-06 2.925150042600629e-05 -1.639383612729066e-19)
(-6.863447449490835e-06 3.136825249317084e-05 -1.464620654647554e-20)
(-4.457178379867546e-06 3.279647435609594e-05 -7.816780441455243e-20)
(-2.210168449426168e-06 3.351194597881607e-05 -7.981595575964093e-19)
(-2.067650378533709e-07 3.355547341841233e-05 -5.167516975564808e-18)
(1.547116798850286e-06 3.303557017822652e-05 -1.283017182813419e-19)
(3.08656701750057e-06 3.20261261953711e-05 -2.984665795154553e-20)
(4.437861840510563e-06 3.057967416855017e-05 -6.645592682521684e-21)
(5.59588771952696e-06 2.874332155098584e-05 -2.7258592465209e-21)
(6.528719334542021e-06 2.656702139096009e-05 -5.708145966842957e-21)
(7.192667089932388e-06 2.410888873938255e-05 1.842801422721124e-21)
(7.545852317642106e-06 2.143671999790039e-05 2.502471703102645e-21)
(7.557025327645413e-06 1.862503545255537e-05 -1.528135053730586e-21)
(7.210646161131228e-06 1.574837015556364e-05 -1.004359953907552e-21)
(6.509695075826785e-06 1.287192155944618e-05 -7.440413080151778e-21)
(5.47683405216319e-06 1.004004868743321e-05 -1.94798324417221e-21)
(4.153925007919015e-06 7.262415099765825e-06 -1.38059665447842e-21)
(2.599883030065782e-06 4.497236581300999e-06 2.233144505517571e-21)
(8.849154006457336e-07 1.625829446594632e-06 1.40735782594176e-21)
(-2.98920309646202e-08 -8.752104648929171e-07 -8.825916861445224e-20)
(-8.473443031600933e-08 -2.06591053356249e-06 2.827167685703989e-20)
(-1.252195774988866e-07 -2.911226751811744e-06 2.996187397482797e-18)
(-1.459195566760364e-07 -3.508761089823266e-06 1.527217013300398e-19)
(-1.422508855125192e-07 -3.927661949584046e-06 -5.977643406129569e-20)
(-1.094817348469817e-07 -4.222593382121557e-06 1.677419132891458e-20)
(-4.298070747671846e-08 -4.438099626000863e-06 5.932319401323494e-21)
(6.073210988505394e-08 -4.611661948883362e-06 -6.71273972541532e-20)
(2.029007906425261e-07 -4.775460142819078e-06 -2.029896749588889e-18)
(3.817740410445121e-07 -4.95708009669131e-06 -1.708031176876309e-19)
(5.922823715350054e-07 -5.179508907155253e-06 4.657315744238488e-18)
(8.26163771340668e-07 -5.46075136271325e-06 -4.875603116999843e-20)
(1.072491314922522e-06 -5.813347474743769e-06 -6.000737455777556e-18)
(1.318510557223821e-06 -6.244002316592966e-06 4.570327753598175e-20)
(1.550661296343975e-06 -6.753466404689577e-06 6.2939132375332e-21)
(1.755645171526432e-06 -7.336736591082547e-06 -1.29190595844164e-19)
(1.92140003443201e-06 -7.983578838860559e-06 -1.431752687790086e-20)
(2.037863188036979e-06 -8.679328120213877e-06 2.556564568854064e-20)
(2.097442504649192e-06 -9.405894750265289e-06 -1.257181193645939e-21)
(2.095143938307372e-06 -1.014282483694905e-05 -1.254487246207918e-20)
(2.028375436181873e-06 -1.086833268156874e-05 -9.452342633164809e-20)
(1.896479281231385e-06 -1.15601826902352e-05 2.043190554155275e-18)
(1.700078638624123e-06 -1.219633026619538e-05 -1.297389643827422e-19)
(1.440344803560663e-06 -1.275526442190943e-05 -4.698449353438701e-19)
(1.118293095727903e-06 -1.321605369924549e-05 -1.062128141169409e-19)
(7.342081208939555e-07 -1.355813517547357e-05 -3.038241006475987e-19)
(2.872759005187052e-07 -1.376089630256757e-05 2.225734962109105e-20)
(-2.245251335351026e-07 -1.380317643443103e-05 9.366698142555231e-21)
(-8.042668817827403e-07 -1.366278565604739e-05 -1.106687889804728e-21)
(-1.455682312426562e-06 -1.331614251492193e-05 9.222836801078828e-22)
(-2.182620102600887e-06 -1.273809431307383e-05 7.675281504666684e-21)
(-2.988463029291035e-06 -1.19019230853815e-05 2.394214536846112e-21)
(-3.875681250909281e-06 -1.077945410961172e-05 1.374940180131994e-22)
(-4.84572381583649e-06 -9.341115159595785e-06 -2.939664063260221e-21)
(-5.899309835246942e-06 -7.555819797762028e-06 -8.147194699581462e-21)
(-7.036476286371323e-06 -5.390946961969859e-06 2.127367527322485e-20)
(-8.253969023544732e-06 -2.813531826845531e-06 7.126467578255513e-20)
(-9.535402026898069e-06 2.049106113208993e-07 3.476036777599803e-20)
(-1.082920178195317e-05 3.674907330803324e-06 1.775923660212746e-20)
(-1.200834635940479e-05 7.547954729676936e-06 9.17672793723288e-21)
(-1.281177551109669e-05 1.161911023319457e-05 2.540065071609738e-21)
(-1.303777999028268e-05 1.56802404488027e-05 -4.440807422159432e-22)
(-1.259669540594976e-05 1.954460869465471e-05 -7.942369693850575e-22)
(-1.150237704663245e-05 2.304043906298323e-05 -8.815592979192113e-22)
(-9.854750913837137e-06 2.600915160953787e-05 3.363784206740307e-21)
(-7.8220557994408e-06 2.83118850811807e-05 -4.215686677244987e-21)
(-5.619719549719397e-06 2.98426150600415e-05 3.413441121072312e-22)
(-3.477779015816258e-06 3.054946094649055e-05 -6.985314796633504e-21)
(-1.585111879193538e-06 3.047006446007909e-05 -6.693031962590713e-18)
(-1.086403604924624e-08 2.977877088963278e-05 7.732981187435115e-20)
(1.29217532830175e-06 2.880018166099944e-05 -2.266396136195488e-18)
(2.41654244608787e-06 2.760467408906286e-05 -1.114919438185836e-19)
(3.412889443639997e-06 2.618308066712483e-05 -5.270530417083889e-21)
(4.278634799896163e-06 2.452087127095479e-05 2.332827688160622e-22)
(4.981640369327266e-06 2.262015561709657e-05 -1.79225674816713e-21)
(5.482742099204366e-06 2.050534697948907e-05 2.982210757993212e-21)
(5.747680951859527e-06 1.822046049025985e-05 2.118239905598095e-21)
(5.752339832351856e-06 1.582220658744807e-05 5.090196402122972e-22)
(5.485389375718686e-06 1.337113418762009e-05 8.616867977487971e-23)
(4.949961524459198e-06 1.092201018425797e-05 -1.103525143429411e-21)
(4.164381408224092e-06 8.513275564306973e-06 3.625782967922431e-23)
(3.161411780838817e-06 6.154866217858695e-06 2.998078714711032e-22)
(1.985034539502039e-06 3.812735151506033e-06 -6.004560541987272e-23)
(6.82746234467453e-07 1.381910904408061e-06 -1.198177843716022e-22)
(-2.019365758160543e-08 -6.168846696501945e-07 -1.046552712051429e-19)
(-5.630763463913141e-08 -1.468520917438654e-06 -3.809339110118044e-20)
(-8.10747538054421e-08 -2.076415908798014e-06 1.32035273030445e-19)
(-9.171086018519223e-08 -2.50687066931073e-06 -1.033749804178561e-19)
(-8.601522604313565e-08 -2.809073369544265e-06 4.047087801916879e-18)
(-6.114233076347925e-08 -3.022209442081827e-06 -3.663761501243715e-20)
(-1.415290313012941e-08 -3.178283553698048e-06 3.009197064170599e-20)
(5.70793673017149e-08 -3.304263049688132e-06 6.14970749375857e-20)
(1.53187388329595e-07 -3.423284344625656e-06 -4.774489273546564e-18)
(2.728854437137381e-07 -3.555149300908471e-06 -1.164005861388528e-19)
(4.127910387127049e-07 -3.716336975751085e-06 6.242767334762286e-18)
(5.675041254433588e-07 -3.919747524063497e-06 4.050421636744667e-20)
(7.299301756030861e-07 -4.174366866224266e-06 3.800603368179829e-20)
(8.917997308774839e-07 -4.485001779816998e-06 1.230953209498199e-19)
(1.044308892355012e-06 -4.852189379478747e-06 -1.270091582297998e-19)
(1.178792264022299e-06 -5.272327685836107e-06 -1.105409289001426e-19)
(1.287344038992163e-06 -5.738042465472035e-06 2.292515382489463e-20)
(1.363307946220058e-06 -6.238755023558855e-06 2.056091663932106e-19)
(1.40158587228368e-06 -6.761419592225641e-06 -2.615139318050202e-20)
(1.398726961939325e-06 -7.291296083934695e-06 -5.517292779460526e-20)
(1.352811319750135e-06 -7.812700666310832e-06 -8.140207520599412e-20)
(1.263161233684164e-06 -8.309640782433805e-06 -5.797729788601855e-20)
(1.129936230385612e-06 -8.766268688315849e-06 -4.266789443664478e-22)
(9.536782809109863e-07 -9.167125608272944e-06 -3.453893145265224e-20)
(7.348746844521297e-07 -9.497177671558693e-06 1.276034044101988e-19)
(4.735999263951764e-07 -9.741668067340774e-06 -4.409673443158146e-20)
(1.69285783545081e-07 -9.885827168753039e-06 -1.696519177250806e-20)
(-1.793509350123353e-07 -9.914522223340716e-06 -7.848369869882713e-20)
(-5.742213971320033e-07 -9.811905798030526e-06 -1.973659967182669e-20)
(-1.017645696730588e-06 -9.561122816826098e-06 1.333805024857693e-20)
(-1.512059696239985e-06 -9.144098437702426e-06 1.396602225672298e-19)
(-2.059744991469544e-06 -8.541365179249617e-06 1.684889135322307e-20)
(-2.662747230199546e-06 -7.731771139492076e-06 -5.383324762886995e-21)
(-3.323305600068534e-06 -6.691715761736848e-06 -2.350963201446871e-20)
(-4.045413560381679e-06 -5.393196969447067e-06 -7.708078782731753e-20)
(-4.838375082477945e-06 -3.79948056881789e-06 -1.700280452773694e-20)
(-5.722379473431841e-06 -1.856710467242929e-06 -1.597754999386261e-18)
(-6.73226746239204e-06 5.192102489814596e-07 1.829928124963233e-20)
(-7.909077185966313e-06 3.454824645695003e-06 2.051744203056884e-19)
(-9.237504673972581e-06 7.07269024477486e-06 1.743820135566929e-20)
(-1.023793653689596e-05 1.096325320230906e-05 1.501888548910285e-20)
(-1.064684246716721e-05 1.481788097126239e-05 1.325449853207295e-21)
(-1.038853454036082e-05 1.840943825105751e-05 2.688936200395334e-20)
(-9.499325784772909e-06 2.153632551596093e-05 -1.597499936227839e-20)
(-8.090865924685348e-06 2.400992024166517e-05 2.0239734771649e-20)
(-6.331560545263138e-06 2.565900842421177e-05 5.314913068975829e-21)
(-4.431765652072829e-06 2.634374502838085e-05 -2.607277835932512e-21)
(-2.622880887486953e-06 2.598636503704441e-05 -1.602667106789364e-20)
(-1.117387408107462e-06 2.465216026191139e-05 1.374614001197481e-20)
(2.484598502633384e-08 2.278040667500619e-05 1.235556544106437e-20)
(8.796669949955472e-07 2.132381022735413e-05 -1.014933755383349e-19)
(1.602941264509575e-06 2.010369742042398e-05 -3.255354368747974e-21)
(2.254605367871861e-06 1.892005275916202e-05 5.687866685523794e-21)
(2.82738892646954e-06 1.765618431073465e-05 2.845716139396455e-21)
(3.292995576797443e-06 1.626219031804731e-05 -3.091453584493606e-20)
(3.623620369240695e-06 1.473244712662559e-05 1.160086836968685e-20)
(3.797168041670684e-06 1.308821288439899e-05 -9.717069014764642e-21)
(3.798614135550743e-06 1.1365471411247e-05 1.961277946060575e-21)
(3.621274378700409e-06 9.605597564020171e-06 1.358608651019626e-21)
(3.268065893118934e-06 7.847475985411304e-06 -4.895862351947927e-21)
(2.752346347536117e-06 6.119995462163831e-06 4.629383336629845e-21)
(2.098038152001163e-06 4.434440248704237e-06 -6.759372336328755e-22)
(1.336915254038142e-06 2.773956714159035e-06 -2.717255877658266e-21)
(4.919438914632868e-07 1.05801641736927e-06 -2.662970498060321e-21)
(0.06883468782127961 0.01182661058034264 2.186936877398736e-18)
(0.0698626654692113 0.006724377025326868 2.266274047044808e-18)
(0.06899743097148435 0.002823756280018069 -6.955647987515373e-19)
(0.06782586740663551 0.0005762352262391455 -3.50924890294016e-18)
(0.06695858738214099 -1.313058161118682e-06 3.863961006444428e-18)
(0.06655337641956592 -3.868016755239094e-06 2.712078732644527e-18)
(0.06637529622093824 9.518722148995034e-06 2.711019761339552e-18)
(0.06630103767103038 -2.148147288793688e-05 6.882015246626347e-18)
(0.06628247046894059 -5.841669927392117e-05 -2.795222025834371e-18)
(0.066299245126319 -8.412174756581583e-05 2.884582692901292e-18)
(0.06633345220180804 -9.443962927365259e-05 -1.306620195630027e-18)
(0.06635833714702175 -7.811397546252032e-05 -1.255576777373308e-18)
(0.06632711078780351 -6.606534718879131e-06 5.100708576175007e-18)
(0.06615808456015732 0.0001707417165567135 2.994261141791371e-18)
(0.06571614802695239 0.0005215703618213783 8.496022767465196e-18)
(0.06480022111177333 0.001096383007838841 9.073570661090935e-19)
(0.06318199197890294 0.001855489696488984 6.990629225885817e-19)
(0.06073650241718367 0.002628111331927491 -2.177811149034158e-18)
(0.05756756044990736 0.003205850379473022 -7.546437031316617e-19)
(0.0539486667153789 0.003494665882156784 9.982194653243712e-19)
(0.05016845164802866 0.003518601057091608 6.102324277591097e-18)
(0.04645053405921652 0.00335901701275225 -3.620756746814572e-18)
(0.04293311650798568 0.003104090058728382 -3.678040956553677e-18)
(0.03967767679062405 0.002824320386895393 -3.697820124851651e-18)
(0.03668847457730604 0.002566741233139784 -4.312876079111369e-18)
(0.03393252571563479 0.002358641593264205 1.842707485249125e-18)
(0.03135555329393144 0.002213276833445646 2.713617889729871e-18)
(0.02889357708207067 0.002134508380619126 1.163473805701232e-18)
(0.02648127666979302 0.002119528625048247 2.393606303676618e-18)
(0.02405866629948904 0.00215983092110604 2.060570281336594e-18)
(0.02157741741053418 0.002240949869697821 -1.838931165206307e-18)
(0.01900773916352287 0.002341596523928255 2.684489545076782e-18)
(0.01634616108558947 0.002432712780164388 2.861297239902719e-18)
(0.01362395197098018 0.002476275624720006 2.930965204018479e-18)
(0.01091145165306398 0.002424604861408093 2.578890673175141e-18)
(0.008318167861921124 0.002225049458614591 2.976838597152892e-18)
(0.005957616142027752 0.001867157467902423 4.928251671125418e-18)
(0.004072399607078603 0.001498506661250472 3.017777288544749e-18)
(0.002733502276518576 0.001194534400956162 3.462009234850058e-19)
(0.002212938585696169 0.001168807869079834 1.712935738391366e-18)
(-7.524726093439786e-06 9.650857013895116e-06 4.107325971726112e-21)
(-8.164636150844416e-06 1.321682332742786e-05 3.783988032922177e-20)
(-8.130148422318129e-06 1.642329736357398e-05 1.010327435996393e-18)
(-7.506457985093432e-06 1.906924171467088e-05 -4.521528343823704e-20)
(-6.418382086650735e-06 2.095186798419142e-05 -1.540972763762836e-18)
(-5.024655417797466e-06 2.186933086302609e-05 2.047438015927925e-20)
(-3.511932820701095e-06 2.162284529022909e-05 -1.45109992814888e-20)
(-2.083052135632129e-06 2.001989339359307e-05 -8.359994660931335e-20)
(0.008681103271912204 -0.007462612804655318 5.726967510535342e-19)
(0.01168467410683495 -0.007517928542790608 3.500000869155239e-19)
(0.01964306428018228 -0.008434544393443155 6.564660920784106e-19)
(0.02928627059534045 -0.009416762808121587 8.840427359451657e-19)
(0.04012542529738818 -0.009918213299878213 9.316314645612741e-19)
(0.0505208974582498 -0.009327961792448469 9.090392613590463e-19)
(0.05970807528473682 -0.007706541270225669 1.998250522052807e-18)
(0.06687322203714485 -0.00549545286449757 -7.445015824540633e-19)
(0.07170119780165371 -0.003303039379214829 4.690093209990573e-19)
(0.07449030976839068 -0.001620374450759774 8.858133743500972e-19)
(0.07587703107489747 -0.0005917484628857324 4.186112578567106e-19)
(0.07645674516664777 -8.914071394243049e-05 -1.237355705154952e-19)
(0.0766332866968924 9.838883828937187e-05 5.568146741100411e-20)
(0.07663661171199145 0.0001528500395924244 1.955603150497606e-19)
(0.07677857417713882 0.0001846226427815625 4.196974651514912e-19)
(0.07639039169861679 0.0002203589196166275 2.782368135226518e-19)
(0.101645878535685 0.021474977231298 2.170061724862534e-18)
(0.1057036511851851 0.01055101596432338 2.703381804041522e-18)
(0.1006843895591065 0.000689702872849071 1.46061079031863e-20)
(0.09794762732903914 -0.00106607762821224 -1.753149731785991e-17)
(0.09663983787333882 -0.0004904706556238488 -8.246901464261314e-19)
(0.09606729610881279 -9.899414286081445e-05 2.814104759173333e-18)
(0.09577570483666012 -4.710200118862405e-05 2.321940627882256e-18)
(0.09562938853605736 -8.644307470249632e-05 1.322054449474394e-18)
(0.09557785300645019 -0.000117477717950208 -1.825251049951056e-17)
(0.0955897646064362 -0.0001370037079964897 -1.516325244202096e-18)
(0.09563561546207627 -0.0001541992841386538 3.885719291476566e-19)
(0.09567686717686982 -0.0001633593297633765 2.618190035809682e-18)
(0.0956496448174655 -0.0001387108304376605 3.170359647525167e-18)
(0.0954409396487635 -2.463492823936823e-05 1.360383772999433e-17)
(0.09486644720220956 0.0002672668762477836 4.324119997723818e-18)
(0.09363648925620505 0.000841098454231759 2.781367240927974e-18)
(0.09136431592266921 0.001702368546766831 1.31310600817493e-18)
(0.08776281072242864 0.002625239706743322 -1.084709685334096e-17)
(0.08303532912282316 0.003235908043165924 -6.725323007450943e-19)
(0.07767959558075585 0.003489419304720452 1.615386578479994e-18)
(0.07211555961728142 0.003439772690738438 6.628091625060096e-19)
(0.06667628798099515 0.003206970632875597 -1.113239934019667e-17)
(0.06155492472855092 0.002896249508555043 -3.520215775186398e-18)
(0.05683295535529524 0.002581217215412084 -1.070590218226197e-17)
(0.05250973487924076 0.002305227467869391 -2.992228539085247e-19)
(0.04853263352067965 0.002090353712178829 1.516854555082025e-18)
(0.04481992967291491 0.001945565874752434 2.448208096488263e-18)
(0.04127703612025618 0.001872065512741121 2.560366149731019e-18)
(0.03780805701084743 0.001866024422486831 2.000648558494146e-18)
(0.03432501563167805 0.001919177194143818 9.152221961279462e-19)
(0.03075677909278538 0.00201804826355943 1.756226503832769e-18)
(0.0270587627192672 0.00214257655831187 1.918643637223905e-18)
(0.02322400635690201 0.002264988895372394 2.05286636578143e-18)
(0.01929634648248967 0.002348710450395587 2.489641009736973e-18)
(0.01537796256242491 0.002344439487060283 2.028459974082442e-18)
(0.01164695218675472 0.002171048230252073 1.913086734740006e-18)
(0.008250746711885979 0.001738245196232893 1.76238416074181e-17)
(0.005551991814817367 0.001004614093035018 4.107421009377046e-18)
(0.002853826157271652 0.0007699942139623306 2.712147173708138e-18)
(0.002237237562290708 0.001798473511678319 3.837120824931807e-18)
(-5.050602198300707e-06 7.943378815292775e-06 -1.359593270452871e-19)
(-5.885278251437261e-06 1.116178308013327e-05 2.993952384086006e-21)
(-6.060066813662682e-06 1.391287122526254e-05 8.045752436971644e-20)
(-5.717123379739286e-06 1.603829155932845e-05 -1.086735006246107e-20)
(-4.984690396335131e-06 1.734596118202437e-05 3.279865037811032e-20)
(-3.999508834403621e-06 1.762695779024097e-05 1.165846268472089e-20)
(-2.906691357898884e-06 1.664341611915324e-05 1.527083495542e-20)
(-1.84322252609441e-06 1.405878070309674e-05 -3.576898290429029e-20)
(0.008638915553910083 -0.01059865544825759 5.594573359134725e-20)
(0.009280535284863367 -0.006843913554164348 7.970482930095746e-20)
(0.02805922003735008 -0.0065409703724237 7.861005279930736e-19)
(0.04189110019825892 -0.009261890654172798 1.066635847861393e-18)
(0.05782605363858287 -0.01025892800788694 1.027989102926973e-18)
(0.07314084747000735 -0.009586792670188748 9.136892039996922e-19)
(0.08675511193295346 -0.007709329851406681 9.012416891338475e-19)
(0.09726160369446127 -0.005079864473558581 7.157979069915499e-19)
(0.1040636156696574 -0.002574630335668235 7.151073957232982e-19)
(0.1078015726240438 -0.000867515179574569 8.726665755882908e-19)
(0.1095903230326873 -1.205138185998722e-06 3.763172400853229e-19)
(0.1103091955879869 0.0002971892784631677 -2.473018068022467e-19)
(0.1105085371284801 0.0002992327066831171 -7.322571305245727e-20)
(0.1104737389962644 0.0002265633051647081 3.037572660183549e-19)
(0.1104325271681676 0.0003004340016313053 3.637191787724186e-19)
(0.110312656149598 0.0003756852738798884 1.643910400745547e-19)
(0.1038639003406876 0.01454181443016161 1.847944580897501e-17)
(0.1131181791791671 0.01173805463224061 2.203489055226447e-17)
(0.1142512532706057 0.005823796080685502 1.531849008183072e-18)
(0.1142652267355126 0.002733313809064837 -2.881935153132366e-18)
(0.1142054413709093 0.001467232208286592 1.801092772874857e-17)
(0.1143597666724389 0.0008476902625552965 2.214768102927325e-17)
(0.1145298852649411 0.0004510629032756428 2.098543318639974e-17)
(0.1146687240289219 0.0001822040763563343 1.303577076104057e-17)
(0.1147932269140247 6.083988183243356e-06 -6.41545108652949e-19)
(0.1149276542685888 -9.953360925881463e-05 1.790541997523456e-17)
(0.1150819420366839 -0.0001322315965440545 1.945565576961361e-18)
(0.1152448820615644 -5.099656844022199e-05 1.153388827226432e-17)
(0.1153720988349029 0.0002355171672904275 1.967740580537517e-17)
(0.1153584155879101 0.0008844816440248806 5.203037772536593e-18)
(0.1150061705175679 0.002115651154154396 1.775521555031118e-18)
(0.1139287848504126 0.004173938959517069 1.944723045863647e-17)
(0.1114844926786118 0.007040685722180046 1.44537618648941e-17)
(0.1071091408737947 0.01005168442029044 8.819246783759513e-19)
(0.1011501274386399 0.01215044199137809 1.101291641896742e-17)
(0.09445312252529256 0.01317718232226645 1.314698082319462e-17)
(0.08760406962988088 0.01326003161080262 1.272496561243415e-17)
(0.08103271663550447 0.01270761095484688 1.089281602798673e-18)
(0.07495024437040675 0.01182490152482001 -3.484798869340587e-19)
(0.06942118672634924 0.01085107624228146 -6.974040434370247e-19)
(0.06441215789989142 0.009947605528996881 1.106487587292449e-17)
(0.05983416857839598 0.009210925164200181 1.220818765031249e-17)
(0.05557028318677582 0.008690263096065279 2.100075056543902e-17)
(0.05149291017403054 0.008401887689988435 1.469813521977754e-17)
(0.04747484893570759 0.00833771392168518 1.256803482265334e-17)
(0.04339804549756297 0.008468331733644592 2.539732346970042e-18)
(0.03916246115854601 0.008742135951939921 1.082563826155442e-17)
(0.03469727679296565 0.009082334567558643 1.25178067346134e-17)
(0.02997540320952725 0.00938417346621079 1.296829278862478e-17)
(0.02503330054252328 0.009515784167701616 1.411259159700846e-17)
(0.01998418367499624 0.009328963061874041 1.219353478583653e-17)
(0.01505105027424444 0.008683678303850258 1.443946083753369e-18)
(0.01041699403613833 0.00754075528670156 4.404122736533525e-18)
(0.006680528745262636 0.00601508121881921 1.379289823621262e-17)
(0.002354915455159555 0.005047664962843346 1.219668618781137e-17)
(0.0023619775372952 0.00356339515371859 4.529980677598988e-18)
(-3.276061325058286e-06 6.305568407087092e-06 3.668978680193579e-18)
(-4.048125484947505e-06 8.993002092774847e-06 6.542175580833818e-18)
(-4.337057181190429e-06 1.12220048653351e-05 4.645947124601515e-19)
(-4.234489253379659e-06 1.283886756755809e-05 -7.889191776167002e-19)
(-3.833931089091205e-06 1.367326935894288e-05 1.119113675825528e-19)
(-3.230096669347773e-06 1.355022370402685e-05 1.836652254928333e-19)
(-2.509397102626754e-06 1.229254932455948e-05 -4.672775082425301e-19)
(-1.729153193533173e-06 9.711539773184837e-06 4.673417937442915e-19)
(0.009161214856509023 -0.0189285086208896 -7.276285625894027e-19)
(0.007834332759962287 -0.02741005915727216 -5.172908441698635e-19)
(0.03215110573686409 -0.03247778371012074 3.62194743541064e-18)
(0.05004406972642675 -0.03670639852925032 2.172414335673198e-18)
(0.07068603242779771 -0.03772400059621652 3.932957504994747e-18)
(0.09043947703376286 -0.03512239667690465 4.76665244049572e-18)
(0.1079026676364123 -0.02918350931231972 3.294534630017455e-18)
(0.1209335109399822 -0.02083003401331182 3.012628215126927e-18)
(0.1285609055021642 -0.01259183038733741 2.482300635551223e-18)
(0.1320371414193346 -0.006521574732631943 5.243997924305183e-18)
(0.1332638678169249 -0.002876925620574577 2.591342571295146e-18)
(0.1334837595170149 -0.0009986611807243856 -2.226350310751127e-18)
(0.1333245385221813 -0.0001831906866736372 -5.365878998680393e-19)
(0.1330729231038247 9.986411921869605e-05 2.233528026297372e-18)
(0.132904210620378 0.0002068533742697936 2.460339612414275e-18)
(0.1328767836620224 0.0002164766446778639 5.614283018490622e-19)
(0.1033160822721065 0.004329706046199012 4.122152037952128e-18)
(0.1142115038227006 0.003986278244726396 4.830448630698408e-18)
(0.1191744727547222 0.002115020730461996 -1.771523193480197e-17)
(0.1216358533582019 0.0009391447730871258 -2.083822414541708e-17)
(0.1227495434904068 0.0004125525188781695 -2.207419623873261e-19)
(0.1234297477630302 0.0001618943652325135 4.056538905012743e-18)
(0.1238516020898347 2.198234880924763e-06 4.081951645076524e-18)
(0.1241160997023562 -0.000123032416075651 2.056308895877724e-18)
(0.1242944914223268 -0.000230150079769965 -1.138328422755608e-17)
(0.124439739922408 -0.0003186640429219794 -1.535014830692858e-18)
(0.1245842731196833 -0.0003636362064719437 -1.771394835364489e-17)
(0.1247406991384785 -0.0002981763173305082 -9.777662658764224e-19)
(0.1248990297322247 8.868602937688028e-06 -8.039168045562658e-18)
(0.1250072908514365 0.0007900639683524979 -1.506762838706801e-18)
(0.1249555554166161 0.002415585816866931 1.569991970855234e-18)
(0.1243580680562941 0.005433230998446443 2.812712590606284e-18)
(0.1222465561572549 0.01000984673354303 2.517635878164397e-18)
(0.1175639348139222 0.01495971289136892 -1.65562917457183e-17)
(0.1108857436586801 0.01816974308198481 3.796341785443077e-20)
(0.1035923617134388 0.01955961738299933 2.060303199059229e-18)
(0.09633986182338435 0.01947059563408161 1.95359902435275e-18)
(0.08955571939351077 0.01846008897687154 2.682063014765847e-19)
(0.08338517076774792 0.01701996472490199 -8.069032209632933e-20)
(0.07782997753264975 0.01550654682103439 -5.603748226181605e-20)
(0.07281123964246242 0.01414592292328769 1.657994390312234e-18)
(0.06821242814690824 0.01306538101618228 -6.656485664741656e-18)
(0.06390131959755484 0.0123260375035104 9.582940833464524e-19)
(0.05974077725762439 0.01194569125803291 2.486157311406738e-18)
(0.05559460468016893 0.01191130702490548 2.808467721420423e-18)
(0.05133271555928394 0.01218242338648783 1.166813981975861e-18)
(0.04683717109671861 0.0126883646400857 2.696997618659483e-18)
(0.04201206947014102 0.01332152501528834 3.253619548453504e-18)
(0.03679743601334518 0.01392943410197918 3.440459642855908e-18)
(0.03119189599380088 0.01431099569476221 3.850891906958735e-18)
(0.02527231566201362 0.01422792657601036 2.561873252174923e-18)
(0.01925932226835895 0.0134453594152883 -1.365240184430238e-17)
(0.01336461082680895 0.01186369595676653 1.017826243619395e-17)
(0.008595464648429564 0.009617789954443321 4.670371387567678e-18)
(0.002941186211458819 0.007928304176869955 2.382011353354764e-18)
(0.002700023386805439 0.00576903209331838 3.389687513557056e-18)
(-2.073501874020104e-06 4.84074435314996e-06 -1.720670705228098e-19)
(-2.685372772907695e-06 6.932063706320459e-06 -7.160579284031858e-20)
(-3.008311741648645e-06 8.627995428669814e-06 3.231783742797619e-20)
(-3.076428125022707e-06 9.790828657357115e-06 2.474257893809772e-18)
(-2.9346338178797e-06 1.028527156824344e-05 4.662958938450172e-20)
(-2.625190811639949e-06 9.989952466194093e-06 1.065453251408094e-20)
(-2.172836331727768e-06 8.809842236949389e-06 1.70534699517096e-20)
(-1.574505353969455e-06 6.692064114066774e-06 -2.203553694498065e-20)
(0.009867231505803395 -0.02846221806799438 -2.112591987207364e-18)
(0.01028317207574113 -0.04060941764841472 -2.834306696685836e-18)
(0.03556445650636627 -0.04978588476084818 -7.93389757287048e-19)
(0.05507191993225646 -0.05584720560684671 1.111741282023879e-18)
(0.07816148315159265 -0.05724169398666486 7.932173008806481e-20)
(0.1004918909088818 -0.05320854219286382 1.526555601403441e-18)
(0.1203809704786554 -0.043835511917263 1.611211731237225e-18)
(0.1346654328117131 -0.03012910658102161 1.432376008600243e-18)
(0.1417601539289129 -0.01683748754084179 6.072745689953724e-19)
(0.1439707091164899 -0.007736278460169048 2.259056574823854e-18)
(0.1442910451282787 -0.00282371871959604 -1.135915569856076e-18)
(0.1441260346617567 -0.0005710385243931147 -1.964873054533602e-18)
(0.1438880503113033 0.0002570260621431922 7.64310089056038e-20)
(0.1436956310800791 0.0004266773162586753 3.031911703878069e-19)
(0.1436094892208643 0.0003573818668457245 3.39081834285925e-19)
(0.1436722492745375 0.0002398791864206242 1.950534511036714e-19)
(0.103315286183663 -0.00437596085068204 1.848870210981003e-17)
(0.1142061526807099 -0.00409189234341554 2.198025395535671e-17)
(0.1191638326500806 -0.002237932525142806 1.411531706552755e-18)
(0.1216128310742072 -0.001079962781614891 -3.810610007558885e-18)
(0.1227108873614715 -0.0005869820225348258 1.479827876737511e-17)
(0.1233705708447697 -0.0003930471131117554 1.308309377929249e-17)
(0.1237639972584704 -0.0003177111692440092 1.33857230706077e-17)
(0.1239882321626643 -0.0003079043334300174 3.992705891706868e-18)
(0.1241108706213517 -0.0003442748372556206 -1.760472892931894e-18)
(0.1241832307762695 -0.0004044675707825732 1.447628964371154e-18)
(0.1242413080611691 -0.0004458645033542872 -1.806205504061996e-18)
(0.1243107848103961 -0.0003851202170696189 -3.560149769258127e-19)
(0.1244156215061487 -7.28286479374124e-05 -7.762498335341895e-19)
(0.1245819576180897 0.0007609974672533992 1.717395910557589e-18)
(0.1249106238545151 0.002630453258786269 1.149249427446563e-17)
(0.125172401907192 0.006624615729692244 3.098563492142908e-18)
(0.1239794319403493 0.01344229428645076 -1.317102669735926e-19)
(0.1194244806316183 0.02110970984612615 -2.007438978346862e-17)
(0.1123984349287896 0.02553140873352773 6.060398670362727e-18)
(0.1052126645557194 0.02710105877277559 2.059538825985893e-18)
(0.09841142332797428 0.02661454978862144 3.320783044213178e-19)
(0.09230316711010676 0.02497409210862786 -7.735919329683302e-19)
(0.08688450455670074 0.02287584260121132 -7.014852321331066e-19)
(0.08205685997260766 0.02077735724998449 -8.437219538189568e-19)
(0.07768959954028265 0.0189491036662716 3.154109353857471e-19)
(0.07364956865535244 0.01753463732831381 8.768218446574263e-18)
(0.06980774132779462 0.01659989992434254 1.783813165001782e-18)
(0.06603731256031568 0.01616304390552205 7.547934972893733e-19)
(0.0622111452268436 0.01620880107625803 9.868787212562854e-18)
(0.05820108869226128 0.01669076581729076 2.429351458560842e-18)
(0.05387949243596485 0.01752579507964919 1.058158761262944e-17)
(0.04912503926303161 0.0185827643759018 1.272473657820734e-17)
(0.04383272439484315 0.01966822775772674 1.947534794653354e-17)
(0.03793447861535621 0.02051353874710638 1.285433532515561e-17)
(0.03142146801913424 0.02077529109560254 1.334496666849148e-17)
(0.02444214141227884 0.02006962595061938 1.880318989037564e-17)
(0.01715846440061328 0.0181106989155982 1.358555158210517e-17)
(0.01099446342737428 0.01490779704724959 1.173090918476502e-17)
(0.003216050438432034 0.01192869961657699 1.855724929823802e-18)
(0.003244283650585666 0.008762075362457808 1.631556632354698e-18)
(-1.289772903000357e-06 3.581765760765458e-06 -1.478592537424999e-19)
(-1.738777922393429e-06 5.108435584757261e-06 -6.047828078333347e-19)
(-2.043888206050559e-06 6.31817065098678e-06 9.051022968604835e-20)
(-2.204181951473427e-06 7.107932822903243e-06 1.5043133207112e-18)
(-2.223752241875543e-06 7.384605984556408e-06 9.361742668415905e-19)
(-2.100604929196684e-06 7.07566649298455e-06 1.472031305003015e-19)
(-1.817854450223561e-06 6.139402122720596e-06 -8.810347449360355e-21)
(-1.350032560703922e-06 4.57603250246302e-06 -2.928040452609089e-20)
(0.01023866107436409 -0.03902862225413068 -4.396953302456022e-18)
(0.01102664905908796 -0.05581984669043055 -1.26107560426051e-17)
(0.03622527020015183 -0.07010780059677947 -4.545023420627223e-18)
(0.05630594394939722 -0.07897068151609393 1.895447462453508e-18)
(0.08029426124792027 -0.08121165847690569 6.618352050337048e-19)
(0.1037724151109892 -0.07573801094665479 4.054457147454548e-18)
(0.1251679901351872 -0.06221605112687636 4.91611323785959e-18)
(0.1396838360089932 -0.04106413818339705 5.78147019357713e-18)
(0.1447265798667914 -0.02093018827344577 1.584375670115689e-19)
(0.1444361193044683 -0.008474560984975392 3.309439867417708e-18)
(0.1434163207418318 -0.002700249359236647 -1.545291947338521e-18)
(0.142916960373021 -0.0003963266282020092 -3.840946771517926e-18)
(0.1427527349389402 0.0003426095133210984 5.778315522741439e-19)
(0.142734586272396 0.000428632156086089 6.610597973736167e-19)
(0.1428042801900254 0.0002646019084877848 4.368330234754687e-19)
(0.1429936014619568 0.0001109883666898757 7.507778061636608e-19)
(0.1038480892253408 -0.01455259747853391 1.978116925703669e-18)
(0.1130984307375399 -0.01181326021893765 2.510650184690346e-18)
(0.1142212655416577 -0.005912055306682612 -1.988622581862777e-19)
(0.1142033236889969 -0.002839333678817239 -1.781582593797518e-17)
(0.114103078142829 -0.001607871232222621 -4.054663427378945e-18)
(0.1142041911249625 -0.00104323160432927 -5.967479564537674e-19)
(0.1143002508000427 -0.0007243254756774612 -1.244176969152529e-17)
(0.114333616897418 -0.0005591664102405498 1.007841059234988e-17)
(0.1143108903679933 -0.0005119079786645858 -5.182114789554493e-18)
(0.1142505998370875 -0.0005443225928500939 1.785017539313635e-17)
(0.1141696179387517 -0.0006069806911596108 -5.188050419876065e-18)
(0.1140839945502473 -0.0006213186452937122 2.738092637847583e-19)
(0.1140193803662863 -0.0004691304155925114 5.35218809833358e-19)
(0.1140390370032447 3.594074623236034e-05 2.203012444806588e-17)
(0.1145492057187732 0.001404344054184605 1.643842257867673e-17)
(0.1156883478452317 0.005659796015595174 9.640594695731282e-18)
(0.1157593175513555 0.01497395047180746 -3.770534469235619e-18)
(0.1119596202013304 0.02664562730044369 -1.539395582522187e-17)
(0.105138349873649 0.03225737725073694 -2.699639885350975e-18)
(0.09915426277953876 0.03362551557009662 -7.556521046207116e-19)
(0.09396465858040708 0.03246590874455292 -3.124260962203404e-19)
(0.08958550124950736 0.03009637446352319 -1.07555901376777e-17)
(0.08581150238973292 0.02738165122815311 -1.041793333115326e-17)
(0.08244783154153935 0.02481711926396212 -9.30952235414197e-18)
(0.07934123257119315 0.022666212207972 9.588439929520775e-20)
(0.07637607113571419 0.02105630921869147 1.138111959294867e-18)
(0.07345849980172492 0.02004373165666661 -2.080363775536125e-18)
(0.07049936015039826 0.01964491804175892 -4.660088506249866e-19)
(0.06740333070142186 0.01984852634131471 1.233449944891876e-18)
(0.06406246719437364 0.02061444032217373 6.015338055739e-19)
(0.06035370855952049 0.02186475964729589 1.700789915619993e-18)
(0.05613920521436989 0.02346855639929061 2.238548062680741e-18)
(0.05126847616807998 0.02522100230524067 2.116907385150936e-18)
(0.04558932232321438 0.02681855551807535 2.163196690748039e-18)
(0.03895899686237444 0.02783585026912808 2.447389610923003e-18)
(0.03134759970468459 0.02772323889927158 2.311347654983215e-18)
(0.0226955951093565 0.02588495845450498 2.314200521521732e-18)
(0.01459651370868664 0.02195677391180075 1.825614156155375e-18)
(0.00312477890960214 0.01705071343426158 5.295233854369554e-19)
(0.004740024963177525 0.01279279161078635 1.014287563297755e-18)
(-7.99278267817863e-07 2.535779748887978e-06 -1.303460108832813e-19)
(-1.115703774674272e-06 3.583361728649349e-06 3.378977047289552e-18)
(-1.372455076000673e-06 4.391373451109086e-06 -6.254556131926159e-18)
(-1.554495018995378e-06 4.897063771661797e-06 2.483955786342171e-19)
(-1.643098995036951e-06 5.046310262622755e-06 6.5612188957547e-19)
(-1.612697156715831e-06 4.799854192358115e-06 6.692175000877818e-20)
(-1.431516345658593e-06 4.137782345823952e-06 -9.141557621324825e-20)
(-1.075671949521753e-06 3.064395627345225e-06 1.912208434829713e-19)
(0.01051126999793344 -0.04943626115786959 -2.993397226691114e-18)
(0.009900830576481277 -0.07028324100553986 -6.475883856000798e-18)
(0.03458518784959229 -0.08989978797856013 -3.909676537544114e-18)
(0.05411842768849772 -0.1015848070688459 -1.181738129886904e-18)
(0.07690332096860815 -0.1047639965639732 1.465817250147918e-18)
(0.09931517536661404 -0.09808374409171849 4.578423874498905e-18)
(0.1209447703138564 -0.08012010273394433 6.039439217673019e-18)
(0.1343832591331254 -0.04887808100902021 -5.318794894099287e-19)
(0.1361160804551802 -0.02075014700867222 -2.292346085496872e-18)
(0.1327048564857793 -0.006160168632251576 -3.209829286119191e-18)
(0.1305317063646363 -0.001174844663631767 -5.528512120911744e-18)
(0.1301201441306059 0.0003145616846840237 -4.259307045044196e-18)
(0.1302860137726392 0.0006628068489165713 -4.193571963838981e-19)
(0.1305382901520105 0.000586994908499597 -4.184013989235922e-20)
(0.1307929224641247 0.0002950123687671171 5.863339924571245e-20)
(0.1310919531429351 7.293395268284601e-05 1.426714037455561e-19)
(0.1016191643313989 -0.02160724436918715 3.275573043876062e-19)
(0.1056360293787438 -0.01072206693348213 2.922981364433821e-19)
(0.1006079435483742 -0.0008101911931818128 -3.456029568973052e-19)
(0.09782809469247936 0.0009792804169062369 -2.022828423503163e-18)
(0.09646683266059271 0.0004176296833206812 -2.499132327813962e-18)
(0.09582250264567239 3.344597955461285e-05 5.606108530395319e-18)
(0.0954316404532343 -1.237827997001274e-05 9.467861251064456e-19)
(0.09514691745121134 3.128709973308229e-05 9.907520606027438e-18)
(0.0949051889525401 6.254976197366513e-05 2.464810123688334e-18)
(0.09466503940894698 8.166711962833366e-05 3.318663788636567e-18)
(0.09439714841320755 0.0001299808254589975 -1.406458525844395e-17)
(0.09407843224839961 0.0002999204671020694 -6.484255913420891e-19)
(0.09368500898248056 0.0007096255292165414 -9.752944799660842e-18)
(0.09319467869619705 0.001359892394209496 2.431233259761517e-18)
(0.09326086722075372 0.002484712526263368 8.703328243423032e-19)
(0.09430183312775609 0.007274462004232708 -1.034547976946528e-17)
(0.09521372871080436 0.02006053710320065 -1.170337714696267e-17)
(0.09452111943771734 0.03366207089147893 1.703430960723286e-18)
(0.08904349547556703 0.03851568935099255 -3.824408623157051e-18)
(0.08590221322188278 0.0384687667988988 -2.282107960777293e-18)
(0.08376582483111771 0.03621184423966432 -5.869894375584118e-19)
(0.08221579538362592 0.03312160436259018 -2.365091103578867e-18)
(0.08090437511694777 0.02999425159055997 6.714263669147602e-18)
(0.07961440636151919 0.02722430991164126 6.232201822033711e-18)
(0.07823842979760687 0.02499736162120798 1.032977395049763e-17)
(0.07673275916335387 0.02339433477284502 8.224512179458276e-19)
(0.0750809369156783 0.02245425638083088 -2.133329241782685e-17)
(0.07326122487075518 0.02219618215738265 -4.532421140667944e-18)
(0.07123300095375326 0.02262387930078182 -3.193469380936966e-19)
(0.06892895064927779 0.02371848658178279 7.580952517838964e-20)
(0.06625100184077683 0.0254268517940653 2.583718408018743e-19)
(0.06306692245939684 0.0276451568128582 3.405479713407585e-19)
(0.0592042867739212 0.03019608142997049 3.298622115491936e-19)
(0.0544458991127665 0.0327973537412558 3.293715088795361e-19)
(0.04851568964100363 0.03501809894004345 3.558919968934873e-19)
(0.04114004451380078 0.03622823639749548 4.607840624109011e-19)
(0.03187373580214653 0.03554376807024082 9.928129636950808e-19)
(0.02183171490121437 0.03201183877437013 5.703415794647948e-19)
(0.005665683467207303 0.02486307575563634 2.872695582688448e-19)
(0.009966764049256061 0.0182415202894924 6.378453098689086e-19)
(-4.998158524246229e-07 1.693990827835237e-06 7.348660548861977e-19)
(-7.152746476207089e-07 2.366506990125836e-06 3.72032136395258e-18)
(-9.082791523045558e-07 2.869643989149946e-06 -3.484451103899293e-18)
(-1.062359571063487e-06 3.173272442099674e-06 2.455010467510592e-19)
(-1.153663528874471e-06 3.251616461558138e-06 9.526631653490971e-20)
(-1.153560271886442e-06 3.084268683272232e-06 -2.195802682381672e-21)
(-1.034493410394591e-06 2.657473214370126e-06 1.442930132432455e-18)
(-7.822575134232984e-07 1.968239276839423e-06 1.364986981778669e-19)
(0.01356010650028536 -0.05942503990599014 -2.232266570497214e-20)
(0.009766153208048743 -0.0848276362976054 -4.843301464974522e-19)
(0.03333329473416544 -0.1092727005530068 4.454763260396682e-18)
(0.05054350010568774 -0.1226404151098256 9.048472185933362e-19)
(0.06880200461832454 -0.1265060998919959 1.566791408635866e-18)
(0.08638727499874289 -0.1199848958965516 2.162853387302805e-18)
(0.1056339013880216 -0.1002586706099494 -2.889483814340477e-18)
(0.1136824511935939 -0.06068498831470324 -4.977629656619499e-18)
(0.1121237777793455 -0.01946459001367182 -4.450141148437663e-18)
(0.1079836500894307 -0.003456280891271372 -3.331137383613817e-18)
(0.1062839553874785 -0.00122844915360665 -5.892746022676483e-18)
(0.1065787882077495 -0.001243747147027716 -3.437385110885921e-18)
(0.1070696747924079 -0.001053628600614623 -5.208499613004965e-19)
(0.107443950559927 -0.0008344496778145537 -8.355916908102104e-20)
(0.1077246716266975 -0.0008643976814798866 -3.41773268932693e-21)
(0.1077103036412164 -0.0008469707023977176 2.325434709500996e-20)
(0.0688141834178377 -0.01167342190244573 6.258103633677742e-19)
(0.06982513664858206 -0.006809238985992427 1.517784309705229e-19)
(0.06894585684464262 -0.002899824369903487 -1.00777957246955e-18)
(0.06774882760140444 -0.0006410247110175136 -2.04963871926631e-18)
(0.06684637425684931 -5.827572891778073e-05 -1.189743969616012e-18)
(0.06639287763576239 -5.778662728829964e-05 4.638655045062723e-19)
(0.06614846775045374 -7.842429910802167e-05 1.937712166894551e-18)
(0.06598267699212926 -5.928579522594202e-05 2.603332528291233e-18)
(0.06584040817253317 -3.714617499416927e-05 9.940191661469155e-18)
(0.0656971883672967 -1.861066719103101e-05 1.460122913428381e-18)
(0.06553796407401016 2.424357025297566e-05 -7.201331748243931e-18)
(0.06535157349168141 0.0001421440397498977 -2.292925688388895e-18)
(0.06515513398633196 0.0004016746743920748 -2.901164294821652e-18)
(0.06504359545328244 0.0009970790112723074 4.561533805648192e-19)
(0.06521008109522082 0.002599282092361748 -4.735877001861453e-19)
(0.06180030897918282 0.007835507375153093 -3.501485918275734e-18)
(0.05060733977310881 0.01140628779280087 -7.784111166310641e-18)
(0.05955545094529566 0.03268907451805848 -1.234743658469525e-17)
(0.06218952576565787 0.03924337406999079 -1.333473012752934e-17)
(0.0658488813831616 0.03858612986448036 -2.766269149383506e-18)
(0.06899691965025169 0.0359913633273325 -6.217816506557074e-19)
(0.07144377837197512 0.03289088483755142 -1.134332543693388e-17)
(0.0732406784587487 0.02995994978479238 -2.975950604785258e-18)
(0.07440353200357087 0.0274762254622553 -1.732688689174314e-17)
(0.07500550884406326 0.02554822489570141 -5.426820028788166e-19)
(0.07514990420240927 0.0242164209149318 -3.10982846584014e-19)
(0.07494154204009167 0.02351871854436561 -3.445312990146539e-18)
(0.07445406051677762 0.02349635960796013 -6.902558501565687e-19)
(0.0737189655682924 0.02418398324214785 5.781381139081571e-20)
(0.07272739850210828 0.0255990852333225 1.040039227132787e-19)
(0.0714296253451365 0.02772852811870395 2.08078826796302e-19)
(0.06973355987687688 0.03051539053113141 2.366215246612082e-19)
(0.06749741252491426 0.03384104919367247 2.123856798352708e-19)
(0.06451801135469795 0.03749919920229867 1.802512107915138e-19)
(0.06050314857017484 0.04115299683981156 9.236009734517708e-20)
(0.05508415848613105 0.04426661540597689 6.982674540966091e-19)
(0.04763851310267497 0.04591818759941479 1.040720930246119e-17)
(0.03836696924975769 0.04464961035606458 2.174633818016983e-18)
(0.0225361229818867 0.03620706799356318 6.912982661842382e-19)
(0.02816575836591025 0.02322143364830533 2.053944197406176e-18)
(-3.078879133623647e-07 1.030305990235708e-06 6.785504688263499e-20)
(-4.442741735688829e-07 1.424473581996405e-06 -1.279876635147883e-19)
(-5.696088672558358e-07 1.710690106164307e-06 2.384071766583385e-19)
(-6.717208657506038e-07 1.878053555789765e-06 5.245918509811967e-20)
(-7.327824130048607e-07 1.91651794422508e-06 4.995685534102184e-20)
(-7.329452508583051e-07 1.815415241976717e-06 9.476291450439817e-21)
(-6.56211008026944e-07 1.564383196159605e-06 8.360869849163994e-21)
(-4.97839411828585e-07 1.158324380173131e-06 -6.757284605071297e-22)
(0.02954924529722483 -0.06352027384338882 1.924201467735209e-18)
(0.02346371121996919 -0.09969903283629855 7.894930809829542e-18)
(0.03963578690859768 -0.1261031183351299 7.315110816720927e-18)
(0.04946190341586101 -0.1378391566401616 1.869955572979713e-18)
(0.0568152346700365 -0.1400656483852713 6.513279547188771e-19)
(0.06129294890576073 -0.1323133909207957 -1.938678257418388e-19)
(0.066977006172766 -0.1073894138775069 -1.251547408051361e-18)
(0.05993428880996998 -0.04995075648332424 -7.045163822039495e-20)
(0.0723960405137111 -0.02411114939630261 -2.334945717984274e-18)
(0.07572782306592724 -0.006529820107882454 -2.811658176204039e-18)
(0.07459374530727862 -0.001859738555661751 -2.968351516761806e-18)
(0.07430026716427597 -0.0007154310363924957 -2.120160021650048e-18)
(0.07444279720350996 -0.000489366493550759 -8.978611275369144e-19)
(0.07465790004195041 -0.0004190681109650445 -2.192755333096733e-19)
(0.07499896639826473 -0.0004136021318642709 -2.018987198145053e-20)
(0.0747254533241871 -0.0004416968101464197 3.992934654567616e-20)
(-2.665139198303711e-07 9.451646859857943e-07 1.115762327693671e-19)
(-7.922797859967814e-07 2.30355489164516e-06 7.930807488585433e-20)
(-1.297308912785391e-06 3.2832338913635e-06 -1.056810948570313e-19)
(-1.771431202610314e-06 3.949512946026419e-06 5.552665448258505e-18)
(-2.20374482638795e-06 4.351508156276267e-06 -1.097312017226156e-19)
(-2.580954787480868e-06 4.529944961082118e-06 -5.823263663911695e-20)
(-2.888325607780528e-06 4.52004458815808e-06 1.193461726878759e-19)
(-3.111277848297949e-06 4.354022828153463e-06 1.001109129166574e-18)
(-3.23686543017294e-06 4.062648114020774e-06 -5.00309830812403e-18)
(-3.255182155912934e-06 3.675957230899222e-06 1.095477830652288e-19)
(-3.160642860401295e-06 3.223214395577578e-06 -6.20354432700123e-18)
(-2.952988816398196e-06 2.732210558614896e-06 1.014643254785036e-19)
(-2.637843874645721e-06 2.228034449540395e-06 9.532130060158788e-20)
(-2.226697177439181e-06 1.731482215909172e-06 3.731627181519132e-20)
(-1.736282924978162e-06 1.257278013119638e-06 6.615670973336765e-20)
(-1.187540709656019e-06 8.124403739137587e-07 1.430208542543855e-19)
(0.02543361617797953 0.01572829894273744 -6.979943483526936e-18)
(0.02066156050113057 0.02443476635192622 -1.410544922650158e-17)
(0.03636953707464002 0.03087689933147609 -3.49738471224857e-18)
(0.04573649872355116 0.03169725486168432 6.63151679513008e-19)
(0.05374338894606688 0.03064944457334784 8.381896865495941e-19)
(0.05984659240994869 0.02887003518523429 -1.945179289140938e-18)
(0.06450418541006771 0.02703672993122896 -7.804808312906791e-19)
(0.06793852001121327 0.02546007824360884 -1.228654016601987e-17)
(0.07038627838046491 0.02425264223664699 -2.521909750442821e-18)
(0.07209697581086019 0.02345831706509036 -1.355740530663896e-19)
(0.07330295829846963 0.02314936088738696 1.138394487892089e-18)
(0.07417187444023944 0.0234173455384796 1.284012824400249e-18)
(0.07480900341097939 0.02434820615768913 1.338443004887339e-18)
(0.075268930781715 0.02600435177823112 5.560454200879567e-19)
(0.07556598360181094 0.02841520800309329 1.18164490921724e-18)
(0.07568111374253111 0.03156749879318054 1.319971374213564e-18)
(0.07556370137753157 0.03539307864110552 1.206389651883636e-18)
(0.07513421204597004 0.0397484578160501 1.048851355171853e-18)
(0.07428460333218721 0.04437598760824196 -3.100697059302797e-19)
(0.07290724683249557 0.04882926984394403 1.232488069393621e-19)
(0.07086072914463162 0.05222446492762609 1.192883989548571e-17)
(0.06805308687312855 0.05278195474774286 3.801127911537147e-18)
(0.06676213854158652 0.04444641867806261 2.073916976363485e-18)
(0.05708109282877449 0.01722003295130672 5.798620017024429e-18)
(0.07026394428886293 0.01026739367059701 6.027224301903424e-18)
(0.07400721831813556 0.002993004309582127 6.491396737607978e-18)
(0.07355622332403194 0.000791177412229356 5.781487963159445e-18)
(0.07345695434075059 -7.288560557369646e-05 3.901780265836816e-18)
(0.0735958480730589 -0.0006449428916348094 2.428224530049392e-18)
(0.07417133480424863 -0.001942070205185949 1.279703705354415e-18)
(0.07552418187508682 -0.006585355595759159 6.170504080501201e-19)
(0.07236028483170485 -0.02385857758937352 -6.638645272916993e-18)
(0.05985995478477138 -0.04924849080995222 1.727563837007415e-18)
(0.06716160411662747 -0.1058591370104985 1.904153073970018e-19)
(0.06153910689444248 -0.1310407613795901 1.588334061495779e-18)
(0.05709948411059316 -0.1395901787619047 2.888450778124048e-18)
(0.04968247995458178 -0.1382674079558553 3.057403241840588e-18)
(0.03983811224745701 -0.1273395885827563 2.338867085142129e-18)
(0.02340440432468888 -0.1012378673712783 2.216477887982173e-18)
(0.02953759884977182 -0.06439822418702601 9.647043588389721e-19)
(-1.72630997996321e-06 -5.815661321961763e-07 3.256029806300457e-18)
(-2.34461558667326e-06 -9.578852004175215e-07 -1.532860030642914e-20)
(-2.702638161047053e-06 -1.368492118604403e-06 -1.319812926143566e-22)
(-2.763326063488954e-06 -1.740657095013025e-06 -1.597305619564441e-21)
(-2.525944808810581e-06 -1.980185418260991e-06 2.808694035186291e-21)
(-2.023442329719379e-06 -1.982814813538021e-06 -3.062526732805866e-20)
(-1.3164621241932e-06 -1.640860802678071e-06 -2.570795325233721e-21)
(-4.804511498408695e-07 -8.239853748672615e-07 4.354932854779557e-20)
(-4.030178540419916e-07 1.383838628872709e-06 -3.930704741515922e-18)
(-1.199919942758865e-06 3.349462087772273e-06 5.41367095660625e-19)
(-1.968925008628375e-06 4.761121676619129e-06 7.576137164762986e-20)
(-2.69354498915581e-06 5.720188931477091e-06 -2.975025466119299e-20)
(-3.355827041380067e-06 6.298503010241166e-06 -5.084423314157808e-18)
(-3.935224309510902e-06 6.555029568929005e-06 4.572293338258136e-18)
(-4.409131337187502e-06 6.540466114600234e-06 -8.957561349010555e-19)
(-4.754804697940107e-06 6.300932825266349e-06 -5.929009853290335e-18)
(-4.951719818446711e-06 5.880404380923703e-06 2.011839184033927e-19)
(-4.983932389775268e-06 5.321859214570124e-06 -3.156184691425639e-18)
(-4.842207626863963e-06 4.667273355109681e-06 4.375252588924661e-21)
(-4.525684742203492e-06 3.956638681084854e-06 -6.583682377375902e-21)
(-4.042854586676272e-06 3.226215486217682e-06 -6.496878384640671e-18)
(-3.41166400522671e-06 2.506243373359002e-06 -4.319196942772484e-20)
(-2.658636301451633e-06 1.818449863285297e-06 3.77794728341634e-20)
(-1.816535584690283e-06 1.173638204710796e-06 4.713240335542824e-19)
(0.009481685842469936 0.01020549301744698 -4.12323676963952e-18)
(0.005659021361898671 0.01338156871405793 -2.893594115211812e-18)
(0.02200206934953828 0.01844535920026133 9.576196063039618e-18)
(0.03210624392090798 0.02111378693677323 1.171949027310587e-17)
(0.04184887337069625 0.02213299934465008 1.099663087054464e-17)
(0.0497855346653197 0.02219139009071846 -3.427381715918832e-20)
(0.05620709868161317 0.02190467050779 7.017861132656129e-18)
(0.06121480074977179 0.02161058658836453 -1.661416719256488e-17)
(0.06502527886434328 0.02140119288450967 -1.902784573596612e-18)
(0.06796156837293713 0.02130522175374457 6.589347563076189e-19)
(0.07035471920839388 0.02144672311700226 1.15560411660623e-17)
(0.07243900213388413 0.02199217140109283 1.235057795843154e-17)
(0.07436862864219027 0.0230884612533254 1.194706908440851e-17)
(0.07624779368733069 0.02484333415786323 2.092992106118991e-18)
(0.07815128388474085 0.02731709412105909 1.057387764727648e-17)
(0.08013685899131975 0.03051774966492887 1.215322661453174e-17)
(0.0822561227400654 0.03438775284711527 1.193113194125117e-17)
(0.08457055502526957 0.03877601854947289 1.217238764005133e-17)
(0.08717624820469633 0.04338466668307253 -7.628680473995385e-18)
(0.09025209476562417 0.04767236773722603 -4.804753861478618e-18)
(0.09412328714552956 0.0506410806026351 2.467336567627112e-18)
(0.0990813020759899 0.05057628599937344 4.548722679607577e-18)
(0.1067859933299893 0.04432789676369436 1.220730322652754e-17)
(0.1084847850468491 0.02652589537179225 1.281365144672786e-17)
(0.1073844092530121 0.00884494326499799 1.241804791643149e-17)
(0.1056288981428922 0.002216031829239727 1.188236104929948e-17)
(0.1051337732386295 0.0007046150561815108 1.290482364651349e-17)
(0.105333318733373 -0.0002643940258270614 3.561545098291143e-18)
(0.1054153962768151 -0.000988872752450596 1.83187379942544e-18)
(0.1056297725902342 -0.00128474433170207 7.725918605164221e-19)
(0.1077160850669456 -0.003583029905425866 2.449670627075404e-19)
(0.1120877550178894 -0.01926087136719979 -2.879150586878768e-19)
(0.1137468993275725 -0.0598439103810525 -1.124681769334405e-18)
(0.1059148371379689 -0.09895800151145687 -8.399238313443519e-19)
(0.08693563281712008 -0.1188550342151774 8.185831471440198e-18)
(0.06946548938202481 -0.1260339588912383 7.166372919977712e-18)
(0.05117021244561531 -0.1229963007612347 8.171642490722403e-18)
(0.03392252368320335 -0.1103685492710941 8.245904851960533e-18)
(0.00985828185183169 -0.08616186502415774 6.747269860745011e-18)
(0.01363685893240052 -0.06026159465446156 1.940676625306265e-18)
(-2.778604618545381e-06 -7.301099271272982e-07 -1.659431729395194e-18)
(-3.775391092308844e-06 -1.252560331021363e-06 3.304348430243844e-18)
(-4.344114894842648e-06 -1.843608430458429e-06 -4.913548534284185e-22)
(-4.431086337105053e-06 -2.392532205771139e-06 -8.170691200362144e-19)
(-4.040530338014683e-06 -2.758736335531017e-06 -1.637530585951613e-18)
(-3.226541562459644e-06 -2.785729366496827e-06 1.470417152392462e-18)
(-2.082168477316121e-06 -2.30729139373987e-06 -3.968499274701552e-19)
(-7.231803850900028e-07 -1.128406491558709e-06 6.981187347350264e-19)
(-5.410440068902072e-07 1.72406382968962e-06 4.335756518503864e-18)
(-1.61258836718658e-06 4.175591241178337e-06 -1.958975405114336e-19)
(-2.65056259291332e-06 5.939120829356014e-06 5.020688772198608e-20)
(-3.63283428483495e-06 7.140997023637793e-06 3.565755231405711e-19)
(-4.534054018126175e-06 7.869587638536981e-06 8.548551216958941e-20)
(-5.32542426459452e-06 8.197213170682213e-06 -1.030395346077338e-19)
(-5.975575873691313e-06 8.186339187963611e-06 -1.281399342673256e-20)
(-6.452845083675508e-06 7.893950813108071e-06 1.437699922370885e-19)
(-6.728380801770007e-06 7.374415655922104e-06 6.559015585975687e-19)
(-6.779466853640542e-06 6.680877525087545e-06 -1.476861588022992e-18)
(-6.592585658189189e-06 5.865283007023495e-06 -4.249188562933601e-18)
(-6.165844430939919e-06 4.977225889147424e-06 2.549189975561128e-19)
(-5.510441616471927e-06 4.061858105362023e-06 9.259346814541369e-20)
(-4.650885007013994e-06 3.157166100139878e-06 -3.212144730015576e-20)
(-3.623619620695372e-06 2.290960893158939e-06 9.666782222950498e-20)
(-2.473871296244153e-06 1.4781026093421e-06 4.038119120521353e-20)
(0.004809402943042313 0.004626586673221226 -4.539089562792318e-18)
(0.003207628765067451 0.005387733958445819 -1.110333249953459e-17)
(0.0157216488255641 0.008160887513361517 -6.966531135423172e-20)
(0.02418657041818295 0.01103538860468964 4.049748808452817e-19)
(0.03351975085742582 0.01308636694791203 -2.896358856307341e-19)
(0.04177978564783984 0.01449762082670841 -1.011662054868865e-17)
(0.04890243928764281 0.01561343938872119 -8.125768991938718e-18)
(0.05470707559530748 0.0166457387318171 -9.042857441595598e-19)
(0.05926490361313747 0.01751403093082803 -3.416712984451853e-19)
(0.06294320651170235 0.01812979467802513 -9.715339874265532e-19)
(0.0661661351224577 0.01866997471276178 1.589918593337906e-18)
(0.06919809241395564 0.01940110596459204 3.866468693653754e-19)
(0.07220142427869861 0.02053615755079614 1.425760199837207e-18)
(0.07530134970589794 0.02221849704838523 5.713078470678309e-19)
(0.07860949757508391 0.02452406839399468 1.68656118763929e-18)
(0.08223603625325338 0.02746362519691248 1.280112637835371e-18)
(0.08629644218992011 0.03096813500545046 1.568280545198596e-18)
(0.09091860152142459 0.03485550798493313 4.681876937712786e-19)
(0.09625086370383443 0.03876879271087885 -1.511674519885663e-18)
(0.1024619004435106 0.04207640562446488 -1.249020386460054e-17)
(0.109729703295177 0.04371823770116769 1.456202433920057e-17)
(0.1179142697991829 0.04207053502527174 -1.710840209877102e-18)
(0.127056545673924 0.03510413079095585 4.238378589241866e-18)
(0.1324069472838094 0.02034092838855324 1.346130271847199e-18)
(0.132462834395402 0.007985055976929679 -2.514595893212094e-19)
(0.1307518329562012 0.002310739028816688 6.788135944275146e-18)
(0.1298295419540545 0.0005576621382646998 4.603379751055393e-18)
(0.1295805446354256 -0.0001206411214889289 2.842573185702073e-18)
(0.1295994967916261 -0.0007093993313650507 1.013564220838618e-17)
(0.1302205008665549 -0.002152788394540095 3.842954036517686e-18)
(0.1325368210396322 -0.006852609006218174 1.721438532326314e-18)
(0.1360377667610641 -0.02088744594445826 1.236487036374135e-18)
(0.1344409705745116 -0.04832636578639049 -4.472820898262679e-18)
(0.1212586425650065 -0.07911974762574904 -1.070579486181228e-18)
(0.09991352799846082 -0.0971967213389217 2.062539594110794e-18)
(0.07767218837544203 -0.1043819529778753 3.308229669832693e-18)
(0.05486765865888218 -0.1018858181997903 -4.927234941127908e-19)
(0.0352993432138486 -0.09081006565616533 -4.034158458586486e-18)
(0.009945727391448616 -0.07134037479394892 -3.856755934897971e-18)
(0.01058932087616273 -0.05012300739732363 -5.976330940564449e-19)
(-4.018606423576883e-06 -6.894765978600337e-07 -6.266766982911569e-20)
(-5.447153291893939e-06 -1.286402805696432e-06 -3.128215394379292e-21)
(-6.245030275599077e-06 -2.001977402795591e-06 1.235599034367444e-21)
(-6.348689711418824e-06 -2.692443790188945e-06 4.379536250562115e-20)
(-5.774214796729071e-06 -3.177395479217124e-06 7.124454334614757e-19)
(-4.602406390837033e-06 -3.257486525812259e-06 -4.601808142276835e-20)
(-2.964062361177251e-06 -2.722809965731779e-06 4.855208201184152e-20)
(-1.022572789209446e-06 -1.336485512181892e-06 4.601103087236837e-20)
(-6.791437573521169e-07 1.947866343471327e-06 -6.451422861125705e-20)
(-2.02578335107553e-06 4.733861450412994e-06 -2.937780486755345e-20)
(-3.334089601334835e-06 6.747293602549697e-06 1.965516866776477e-19)
(-4.576902128754137e-06 8.126874149720501e-06 1.59743013370975e-18)
(-5.721633741229181e-06 8.97014956336567e-06 2.469041651039197e-19)
(-6.730795023247795e-06 9.357344421381374e-06 8.875442650892147e-20)
(-7.563578792744183e-06 9.358239223575086e-06 2.437981049445622e-18)
(-8.178784733705116e-06 9.036863339669313e-06 7.238875525926365e-20)
(-8.538693439058337e-06 8.454468570492923e-06 6.740402192527819e-18)
(-8.613301036465484e-06 7.670967463182469e-06 -4.249993914569156e-20)
(-8.384310731665828e-06 6.744955340200112e-06 -2.732703062054809e-18)
(-7.848346390261496e-06 5.732487380568242e-06 -5.861028280132869e-18)
(-7.01892394946611e-06 4.684845274309773e-06 2.483829716716158e-19)
(-5.926766966435088e-06 3.645610484733332e-06 4.975580946198224e-18)
(-4.618213252794833e-06 2.647426703255456e-06 -1.738200702551409e-18)
(-3.151488314645512e-06 1.708775283825858e-06 1.432626363448171e-19)
(0.003421253268741305 0.0002698873309114414 -3.47801722360036e-18)
(0.003161845161625071 -0.0003104028729182619 -1.06609241490317e-17)
(0.01256661452087591 0.0004136912862544494 -1.430617838349893e-18)
(0.01933990092307378 0.002493743920054413 -1.775752709849798e-17)
(0.02755306687859561 0.004655267580598723 -1.599167303026837e-18)
(0.03536152222747005 0.00678926453292973 8.721581147004601e-18)
(0.04248624291628128 0.008979311259678399 1.19724861278923e-17)
(0.04846191526169129 0.01125947459817106 1.069826131460095e-17)
(0.0531633394102857 0.01319169911755928 7.661534277397006e-19)
(0.05705390365746893 0.01441904476049578 -1.049382523859361e-17)
(0.06069602745626959 0.01520554409019033 -3.807342124306026e-18)
(0.06433976353886701 0.01597413450498599 -1.831449096662981e-17)
(0.06809981333257495 0.01700440148727165 -2.289648347689587e-18)
(0.07208902667517153 0.01845706763277252 -3.508213968467728e-19)
(0.07643136155574821 0.02040637521871181 -5.858564246923224e-19)
(0.08126307421127642 0.02285663347423316 -9.924785981842848e-18)
(0.08672572618877065 0.0257317042206036 -2.714609580712843e-18)
(0.09295855392951238 0.02884497776320905 -1.111050757290165e-17)
(0.1000845095055786 0.03184891114972579 -3.160400923080923e-18)
(0.1081718067533578 0.03417119829332439 -2.338433140476472e-18)
(0.1171729551845733 0.03495722330389288 1.834536100482887e-17)
(0.1266407640924948 0.0330886385033833 2.804555010618835e-18)
(0.1358856005051906 0.02760255014404054 1.461843692825003e-18)
(0.1420452162263715 0.01789119072536521 -8.645701594247111e-18)
(0.1437589505316595 0.008970035799053342 -3.284493970949555e-18)
(0.1433865774258157 0.003732851819522199 -2.433516512245695e-18)
(0.142918051739892 0.001284230283325856 -7.384612588033803e-18)
(0.1427318274805469 3.842421525306251e-06 -4.619374203040131e-19)
(0.1427948084256004 -0.001201471051934241 1.429468002988918e-18)
(0.1432368181708854 -0.00355961651761152 1.010006377306973e-17)
(0.1442079978870321 -0.009100220181232613 1.155481510191748e-17)
(0.1444963473962854 -0.02109222113418895 2.3862008601735e-18)
(0.1395870881867266 -0.04069387847946652 -4.181251745796892e-18)
(0.1253521122240434 -0.06151151937512361 9.877423913618192e-19)
(0.1042431990156665 -0.07509128433816536 4.902423331642125e-18)
(0.08095061323160858 -0.08092408526926849 5.440811506316238e-18)
(0.05694606709188373 -0.07919504503027766 -9.295552271988737e-18)
(0.0368594654031356 -0.07079233293467468 -1.116269302441519e-17)
(0.0109021986819643 -0.05659932623201148 -7.138366507830105e-18)
(0.01023425273367588 -0.03956045382678058 -3.42486142560861e-18)
(-5.488676589553154e-06 -3.708243691332574e-07 -1.760565217542156e-19)
(-7.389581951311799e-06 -9.55236324567954e-07 -3.894814027886449e-20)
(-8.419844399212839e-06 -1.736456036257814e-06 6.601684447647336e-18)
(-8.520003994897003e-06 -2.537807830095724e-06 -2.680006736937059e-20)
(-7.724954485724585e-06 -3.14339475698637e-06 2.696296386224126e-18)
(-6.145320459726399e-06 -3.319413449105572e-06 -1.193512942255031e-18)
(-3.952763549060559e-06 -2.826079615733321e-06 1.271498426282648e-18)
(-1.361576873038449e-06 -1.40456805554183e-06 5.524752273731783e-20)
(-8.154841732859754e-07 2.051088222441706e-06 -1.80467863479241e-21)
(-2.43379831095427e-06 5.008345084464181e-06 8.10354600483357e-21)
(-4.009377977293258e-06 7.158825939484938e-06 7.246693790793841e-20)
(-5.510416181891053e-06 8.641962237350984e-06 -6.065301712778959e-18)
(-6.897436973802478e-06 9.557247070644641e-06 -6.319858677171126e-18)
(-8.124369233518522e-06 9.987491119898152e-06 2.198665004291457e-21)
(-9.140863379878452e-06 1.000539129109327e-05 -1.758902958908766e-19)
(-9.896011858617402e-06 9.678080089199539e-06 -4.51252506389744e-20)
(-1.034305205013732e-05 9.069977227730598e-06 -6.251838532649514e-18)
(-1.044447927355083e-05 8.244149658890015e-06 -6.472750729217294e-18)
(-1.017691385745952e-05 7.262316747680886e-06 2.538699681841244e-18)
(-9.535068348568744e-06 6.18364579205795e-06 3.974108460318343e-19)
(-8.534225237105588e-06 5.06255417578828e-06 3.316022783507294e-18)
(-7.21080238685369e-06 3.945790766390509e-06 6.44687126616378e-19)
(-5.620653494498983e-06 2.869076006277189e-06 6.666253001173629e-19)
(-3.834966971094644e-06 1.853524785823315e-06 -5.640478604588371e-18)
(0.002829014254280156 -0.003101647210816082 -5.485417633459663e-18)
(0.002856692364719846 -0.004906752337611993 7.176011754912182e-18)
(0.01029393779503035 -0.005677368332812133 1.349944860803614e-17)
(0.01575293595546269 -0.004627701516385367 -1.250402493951341e-17)
(0.02274340790470642 -0.002838615898428226 -3.382556728213607e-18)
(0.02977538339950727 -0.0004701560717981814 2.069811498433521e-18)
(0.03653104800032271 0.00246820379788411 1.239585228555283e-17)
(0.04225566135466133 0.005936270612487493 -1.269769297313658e-17)
(0.04658071520407901 0.008906942343980416 -3.066930447540871e-18)
(0.05018458189734382 0.01053701440617531 -3.640901521388324e-18)
(0.05385722755022806 0.01130631721582403 -9.400355781798181e-18)
(0.0577662783429197 0.0119146239944648 -3.197653955363522e-18)
(0.06190846102899711 0.01269397049285053 4.592071348904072e-19)
(0.06636027952765687 0.01378496044332202 -8.619398337207185e-19)
(0.07124259185546973 0.01523814190615959 -9.786055652671762e-18)
(0.07669722424754215 0.01704786484859384 -3.57897574959122e-18)
(0.08286402839314118 0.01914321389192716 1.496722246769065e-19)
(0.08986112132779067 0.02136345827528002 -9.172249197436191e-19)
(0.09775472934265581 0.02342411911347585 -4.42082013292689e-19)
(0.1065054791175254 0.02488331604499397 7.558761402786949e-20)
(0.1158995713125374 0.02513751543454487 1.215251526518056e-17)
(0.1253697598527738 0.02349315920322146 4.750915233187412e-18)
(0.1340868319834421 0.01952950952852377 2.18465295608519e-18)
(0.1403205038737585 0.01329155182298651 1.118673242756158e-18)
(0.1432219553218278 0.007380159922556142 8.340643396437004e-18)
(0.1440925401911364 0.003466493131273942 -1.350527996708693e-18)
(0.1442716957187102 0.001312505143433915 -1.094843182864149e-18)
(0.144294922260701 2.712866646756941e-05 -1.722679295951146e-18)
(0.1442967516956231 -0.001262719333300355 7.654609295878444e-18)
(0.144231670165757 -0.00358620296450634 1.231383769985545e-17)
(0.1437282067354173 -0.008314807664250346 3.005031440856584e-18)
(0.1414378611289724 -0.0170635848453454 -8.57038612848078e-19)
(0.1344246779969432 -0.02996739640701787 2.679838229247818e-18)
(0.1203684756145035 -0.04342800107642317 -6.559161855339306e-18)
(0.1007287995745654 -0.05281544586388482 -1.006604280647636e-17)
(0.07856988717269395 -0.05708040774199769 -5.81578018847813e-18)
(0.0554648093345052 -0.0560417743600245 -2.561260423769896e-18)
(0.03599657857834226 -0.05031140862083486 2.411553339735515e-18)
(0.009945650442085629 -0.04121750251365559 -2.343683109910578e-18)
(0.009715730376687952 -0.02888980593074347 8.758812594426985e-19)
(-7.260246708820292e-06 3.444267062984374e-07 -1.189923868745431e-18)
(-9.644134343967867e-06 -1.484634538312466e-07 6.480712347875359e-18)
(-1.088351663449099e-05 -9.605747294358542e-07 -2.070624128210894e-19)
(-1.094374621067509e-05 -1.868079206770838e-06 4.243596182692431e-18)
(-9.883310584787516e-06 -2.617911579208716e-06 6.824570035580892e-18)
(-7.843381855891958e-06 -2.949317633414716e-06 -3.544561096809862e-18)
(-5.037866661580011e-06 -2.606759514954884e-06 2.38044103090866e-19)
(-1.73382304141244e-06 -1.32897924910811e-06 1.405755115606649e-21)
(-9.48195168468482e-07 2.040185653653205e-06 4.716291528834425e-21)
(-2.830782148520645e-06 5.009297972620298e-06 -7.951838855798937e-21)
(-4.665954441371257e-06 7.183632078528422e-06 -1.978559958251596e-19)
(-6.41744273109212e-06 8.693744785664287e-06 1.970945303391538e-18)
(-8.03931863481433e-06 9.634817526426448e-06 1.331322090625843e-19)
(-9.477466206641628e-06 1.008755928364781e-05 1.385692266394321e-19)
(-1.067249710537134e-05 1.012369325832391e-05 3.010593908296946e-18)
(-1.156422105937321e-05 9.809891749804804e-06 4.700273493492957e-20)
(-1.209715667878689e-05 9.210285221858232e-06 1.875134047927991e-19)
(-1.222647167315708e-05 8.387667601105799e-06 6.590047811478376e-18)
(-1.192365674445336e-05 7.403491417060917e-06 8.724237114578035e-19)
(-1.118119379403342e-05 6.316772901395471e-06 8.570576572098584e-20)
(-1.001559242383974e-05 5.182061854180258e-06 2.208755719494033e-19)
(-8.468250178691973e-06 4.04666768404993e-06 9.396217301806947e-20)
(-6.603807004731694e-06 2.94734098459223e-06 1.009686390090509e-19)
(-4.505873664964726e-06 1.9065692593728e-06 8.499808003554154e-20)
(0.002257336709244531 -0.005765600902643481 -3.912372359648833e-18)
(0.002259441420448426 -0.008662714628835689 -2.13916182301896e-18)
(0.0081537206331352 -0.01056369407298398 -1.119830102346571e-17)
(0.01246568617963822 -0.01048357670005751 -1.425740484368727e-17)
(0.01818050501710488 -0.009262702744787091 -1.068395744266278e-17)
(0.02421499543967218 -0.006969786544915037 -4.666999620858413e-18)
(0.030384094470854 -0.003470354347794119 1.19962905562116e-17)
(0.03558306702147847 0.001419738694987112 1.014532912994054e-18)
(0.03917463283988199 0.005609814117102187 -1.935141730748416e-17)
(0.04214117818865425 0.007460329966816008 -1.358439682777449e-17)
(0.04555247885785919 0.007984694300506153 5.745524855180166e-18)
(0.0494066670413208 0.008359621690315412 2.130969056992583e-18)
(0.05351992453140633 0.00890090741652318 4.857177295928377e-18)
(0.05794155205359205 0.009668722103752228 -1.05953671596388e-17)
(0.06279165831977353 0.01067294884726204 4.233337868195285e-18)
(0.06820802315193331 0.01189984237504866 1.462715112113499e-18)
(0.07431493246079866 0.01329238263038945 1.031763232315785e-17)
(0.08120058155080878 0.01473048641217665 1.053373512629029e-17)
(0.0888825530781597 0.01601230643973391 9.957533163596041e-18)
(0.09725560965383256 0.01684135004899544 3.666416264617862e-18)
(0.1060356621999209 0.01684173166172172 5.218546851878934e-18)
(0.114667503133444 0.01562676042079953 3.168157022539068e-18)
(0.122407394705253 0.01303439451992017 1.850216686753846e-18)
(0.1281855135193819 0.009238383040873242 8.068254179581675e-18)
(0.1314995604966742 0.005541411001696015 2.038201544634716e-18)
(0.1330399365672976 0.002844197580556732 -8.818050618473813e-18)
(0.1336633538430888 0.001131397142743115 -4.710824826328348e-19)
(0.1338533036482751 -5.735615169653434e-05 -7.180187479052985e-18)
(0.1337635525250538 -0.001299361013815509 -1.090967421063248e-17)
(0.1332516542542797 -0.00329096998565244 1.035462316012532e-18)
(0.1317800016379947 -0.006845186901430057 -3.229975155986223e-18)
(0.1281742064085674 -0.01270156215653805 1.926240988151339e-18)
(0.12057391172919 -0.02069721002269505 -2.513431308585093e-19)
(0.1077029881535417 -0.02888799141539226 2.692712086714584e-18)
(0.09043370099608262 -0.03481518173171898 3.698286872305955e-18)
(0.07082273991191262 -0.03754571763296871 -4.954974180164053e-18)
(0.05015995575510138 -0.03675589026670024 -2.576026859522565e-18)
(0.03232867093989315 -0.03276218953918355 -8.781215667785119e-19)
(0.007215433856274588 -0.02786391724039163 -5.522851301271683e-18)
(0.008847354199995064 -0.01931858842290209 -2.112030915271179e-18)
(-9.475568188227479e-06 1.644514097783522e-06 9.899984169276227e-19)
(-1.228714214455019e-05 1.253061724460283e-06 1.139053226053356e-19)
(-1.366803987167052e-05 3.79381903686739e-07 -4.728869715726579e-20)
(-1.362628493178962e-05 -6.754966118539645e-07 -1.039432926803216e-19)
(-1.224253459459167e-05 -1.620337288746766e-06 -6.309497738651816e-18)
(-9.685517576802326e-06 -2.178658689838166e-06 2.615358666237352e-19)
(-6.210008515650841e-06 -2.095328679003854e-06 -1.160217170739417e-19)
(-2.135312988346726e-06 -1.125832426920187e-06 -1.486415538815821e-18)
(-1.075560698399994e-06 1.929814916030558e-06 2.156782513216971e-20)
(-3.211355661656627e-06 4.767621313152813e-06 1.301423498937322e-19)
(-5.294140195498637e-06 6.861360615988281e-06 -6.095889050655443e-18)
(-7.283177844271608e-06 8.325605613517017e-06 1.709986851526854e-19)
(-9.126587285111798e-06 9.246433456196147e-06 -3.106174396978618e-20)
(-1.076305933624832e-05 9.698752783357067e-06 -3.092524348374796e-19)
(-1.212518276127834e-05 9.750202753981132e-06 -4.954865108053625e-19)
(-1.314448877774905e-05 9.464105579617575e-06 3.10966518201777e-20)
(-1.375764007270413e-05 8.901431233155482e-06 -3.436809669389934e-18)
(-1.391309432844517e-05 8.121774514361106e-06 2.132925336222109e-19)
(-1.357749043380042e-05 7.183356317500044e-06 6.897894566472612e-20)
(-1.274098720154026e-05 6.142101229687769e-06 4.130983430297673e-21)
(-1.142083515891625e-05 5.049874907197497e-06 1.299808559442802e-20)
(-9.662614478036938e-06 3.951993820318226e-06 3.040764476089317e-20)
(-7.538783468116631e-06 2.884135144042748e-06 1.429827833799954e-19)
(-5.144427398933414e-06 1.868763875379105e-06 -1.558014784782022e-20)
(0.001627702983837325 -0.007802925159191784 -3.494309682686232e-18)
(0.001580906770826736 -0.01157605477006029 -3.72067173708631e-18)
(0.005959087111852789 -0.01433271377288815 -3.060448287400582e-18)
(0.009085315795969063 -0.01509006739787601 -9.159362889623433e-18)
(0.01335998417745479 -0.0145580859670107 -4.557346813812174e-18)
(0.01810843365970642 -0.01275611130177669 1.754492438891052e-17)
(0.02348902053525148 -0.009325527641450587 3.450027146275358e-18)
(0.02782161688115958 -0.003703991721541726 1.061094262146273e-18)
(0.03074022957453843 0.001630009769820218 -3.551920206625661e-18)
(0.03320382688593806 0.002976628286150151 -5.331800940242265e-18)
(0.03616941048089473 0.002541172410549151 -1.683777853085067e-17)
(0.03959451060516851 0.002288966003625941 1.12948857242254e-18)
(0.0431931651934503 0.002331495820482563 2.132702667810514e-17)
(0.04704658312038278 0.002501223052133665 -1.795049054666293e-17)
(0.0512638272071786 0.00274457224968564 3.179813195761444e-18)
(0.05594944117871264 0.003062527963192913 1.434653966000505e-18)
(0.06118760227507477 0.003449226995372951 2.393313637953807e-18)
(0.06702577252583275 0.003876135933955275 1.506215285900005e-18)
(0.07344653710377522 0.004286879883686407 1.015237063763496e-17)
(0.08033003583468727 0.004589182860453789 4.675875026635094e-18)
(0.08741967188927105 0.004653615067577513 1.18756296895026e-17)
(0.09428424444711082 0.004330482004416744 4.019555112932402e-19)
(0.1003853771698678 0.003553011364947175 -1.23550026140182e-17)
(0.105084343972368 0.002371901082962947 -3.38794494996294e-18)
(0.1080848489401973 0.001254075506461209 -1.794518161925308e-19)
(0.1097239495574801 0.0005190120255459063 -1.128141254184149e-18)
(0.1104851200671472 0.0001640488535692596 2.822389583178214e-19)
(0.1106832392524044 2.970566841312298e-05 -4.982232924845305e-18)
(0.1104125929999158 -7.868878642933245e-05 -2.789607135806631e-18)
(0.1095192785252559 -0.0004009003370649805 1.486050339459438e-17)
(0.1075531691941828 -0.001239110761279731 8.054087546675002e-18)
(0.1037034310034828 -0.002886644454455713 9.254869372628552e-18)
(0.09689256917969763 -0.00532434707036563 2.472536203012041e-18)
(0.08647088064142555 -0.007908718972634572 -1.243701999840583e-18)
(0.07297585503728955 -0.00978576596045511 1.75689869231925e-18)
(0.05775426982996081 -0.01049606735816486 -1.685756866555481e-18)
(0.0417916993161636 -0.009578648177098751 -1.519535484172756e-18)
(0.02797448158790807 -0.006992973348071656 -5.643532885955766e-19)
(0.008125240601824473 -0.007843130242087753 -7.387058356693356e-19)
(0.008130383143924537 -0.01109468026499248 6.637579801574642e-19)
(-1.240581733609643e-05 3.824232512942422e-06 -1.647347820576683e-18)
(-1.544173594354194e-05 3.346422185639304e-06 -1.748414188506283e-18)
(-1.682272701397755e-05 2.273288421182455e-06 -3.671784202034544e-18)
(-1.657974098067056e-05 9.783121108233005e-07 1.518304638476684e-19)
(-1.479689345034027e-05 -2.320433147990882e-07 8.389331074831148e-20)
(-1.166011994004502e-05 -1.08816664136e-06 1.551283524666622e-18)
(-7.459273019177169e-06 -1.355356156112607e-06 -1.27851262524346e-18)
(-2.562179213126225e-06 -8.244213858454516e-07 -1.330932556145943e-19)
(-1.196114277966667e-06 1.740395507136773e-06 9.384476852796486e-21)
(-3.570933671948669e-06 4.329010249765086e-06 3.916323058850999e-20)
(-5.885704038039038e-06 6.253429661331046e-06 1.04796430916722e-19)
(-8.095052838792379e-06 7.607785088557038e-06 2.635141748181219e-20)
(-1.014166241897191e-05 8.46592394172606e-06 -3.159463333759196e-20)
(-1.195809608358544e-05 8.894431511496958e-06 -1.399111740808121e-19)
(-1.347030456222669e-05 8.954680719959604e-06 -1.851357724293868e-19)
(-1.460301308015704e-05 8.704571141362181e-06 -2.570261755451778e-19)
(-1.528637732644417e-05 8.199798776231757e-06 1.415032527087195e-19)
(-1.546320537511542e-05 7.494533245032907e-06 -2.841493174374897e-21)
(-1.50959436048734e-05 6.641418294928879e-06 -1.164227051198206e-19)
(-1.417259768354872e-05 5.690864694568912e-06 -1.033994642764525e-20)
(-1.271083291170641e-05 4.689634642489164e-06 1.131021829583063e-20)
(-1.075963883237897e-05 3.678760452319836e-06 2.513728392638876e-19)
(-8.398178958666635e-06 2.690867532520501e-06 1.14475734229221e-18)
(-5.731712410320111e-06 1.746977349306907e-06 3.884416869566899e-18)
(0.001000460882085503 -0.009206204513351921 -5.551234707116585e-18)
(0.0008892698324927811 -0.01357390783405863 -1.203306098730172e-17)
(0.003706716816279251 -0.01686086131265965 -1.453134763715413e-18)
(0.005475800790437922 -0.01817888953874061 1.757136290013948e-18)
(0.007865974989094872 -0.01816044666467119 1.261146162580411e-17)
(0.01037512738031578 -0.01680390458248192 2.530023317347224e-18)
(0.01318069155840884 -0.01319374930984141 2.459357936908466e-18)
(0.01511205754670491 -0.00539331849656251 2.939741784679281e-18)
(0.01980130980683451 -0.0003000817174715511 -3.159772697100229e-18)
(0.02342750738388722 0.002065153672448797 -5.340031220794436e-18)
(0.02548096274785928 0.002385751607224509 -3.928276732152586e-18)
(0.02776433873764296 0.002400103139308775 8.864999113570481e-19)
(0.03024159674741232 0.002468948058955957 3.853540884756546e-18)
(0.03291727303351525 0.002645670806626471 -1.471718460098093e-18)
(0.03584437336277609 0.002905864095185918 -1.472165086924503e-18)
(0.03909109733066081 0.00323371753900057 8.655940334798154e-19)
(0.04271340212061576 0.003612464036541912 7.745794485127733e-19)
(0.04673989062659335 0.004008401212613902 -2.454303689119241e-18)
(0.0511524432690578 0.004362484437468704 4.432654391040583e-18)
(0.0558618839302634 0.004586855683957915 3.9644604212881e-18)
(0.0606842541677035 0.004572135907838339 1.000143134224804e-17)
(0.06532978961891264 0.004216881563342833 -3.179716105502371e-19)
(0.06942705753042674 0.003489576165025501 -3.494679898483301e-18)
(0.07261899301097618 0.00250566964905453 -1.585468092289254e-18)
(0.07475604414574075 0.001529881188281654 -2.510380212534912e-18)
(0.07598081567849346 0.0007855547492696231 -1.076153060415497e-18)
(0.07656714108201423 0.0003156138071820156 -1.588702000997684e-18)
(0.07672696715588463 1.44812722119078e-05 -1.730186304894338e-18)
(0.07652372373031889 -0.000296337073322013 1.714829205101096e-18)
(0.07584035250262045 -0.0008379471322445811 8.079086829196652e-19)
(0.07434569497834369 -0.001848523786578021 4.121729148481832e-18)
(0.07148931934760792 -0.003481074788711282 3.529369545698951e-18)
(0.06665579809319833 -0.005617030022132129 1.544986748665119e-18)
(0.05953897740149446 -0.007790599198020508 -3.064570753932884e-18)
(0.05042014888694776 -0.009410221006814946 -2.986316010302467e-19)
(0.04007466525137331 -0.01003777487168551 -1.04399413987091e-18)
(0.0292100819174417 -0.009622188815787769 -1.23129302123137e-18)
(0.0194627326008118 -0.008749980957320127 -9.993129175634345e-19)
(0.01122493522160352 -0.007998535523697985 -9.837980049033735e-19)
(0.008130799784034477 -0.007980851357883416 -1.417161625592344e-18)
(-1.643958221141106e-05 7.161917703935733e-06 -5.914324371131056e-21)
(-1.92155802808229e-05 6.09090428417558e-06 -3.718638585959902e-20)
(-2.037513135848311e-05 4.59310326407069e-06 1.531119134221502e-19)
(-1.980082945863366e-05 2.94488975936336e-06 8.061018892458826e-21)
(-1.75304127509721e-05 1.403625968174078e-06 3.709284463884562e-21)
(-1.374889743062304e-05 1.990054224647124e-07 -4.185643399642289e-21)
(-8.771948453885933e-06 -4.758891304498195e-07 -1.429849694164363e-19)
(-3.009381939242275e-06 -4.630204393410008e-07 -1.293849259244932e-20)
(-1.30866543638072e-06 1.495517202715129e-06 1.253891986512936e-20)
(-3.905831734157009e-06 3.747720257431405e-06 -2.427932107530114e-20)
(-6.434131707390416e-06 5.434333482901249e-06 -8.918598237509226e-23)
(-8.84326270209447e-06 6.627206715662155e-06 3.412328628349744e-20)
(-1.107096255999814e-05 7.386502794151894e-06 -5.667404956219887e-21)
(-1.304482738218412e-05 7.769163858172066e-06 -4.950541610507036e-20)
(-1.468577146967071e-05 7.829065913831219e-06 -1.225792200218625e-19)
(-1.591349611472325e-05 7.617459234594408e-06 -2.752700179205246e-19)
(-1.665336990965352e-05 7.183455633823093e-06 1.571280170480193e-18)
(-1.684400045934645e-05 6.574347112929757e-06 -2.040444666276537e-19)
(-1.644465551714906e-05 5.835584310229908e-06 3.91083857086333e-18)
(-1.544166968331598e-05 5.010294985210474e-06 -1.393382806971985e-19)
(-1.38530268077872e-05 4.138269668588993e-06 9.183238420389975e-20)
(-1.173046197264313e-05 3.254391365383521e-06 2.649392359471401e-18)
(-9.158666416692008e-06 2.386526119419786e-06 -3.056691539441431e-19)
(-6.251504097842982e-06 1.552926371853509e-06 -1.342705815116477e-18)
(0.0004671488645806047 -0.01000780760697338 1.960572481965435e-18)
(0.0002953439724024212 -0.01464768145793363 -1.0968411318542e-17)
(0.001728613724621419 -0.01806353499437849 -1.265880718548674e-18)
(0.002264729723685503 -0.01946688558562732 7.585570602144791e-19)
(0.002857958338494803 -0.01934714313958722 9.55159582000423e-18)
(0.003131026844262768 -0.01772224199343227 -5.883579135063579e-18)
(0.00179767599943966 -0.01407517799589187 1.097453406552263e-17)
(0.004778762603009432 -0.00854139118251882 1.03770878685717e-17)
(-9.799677423778428e-07 -9.017068221183963e-07 -1.341449740575577e-19)
(-1.354402281036188e-06 -1.450676478196872e-06 -1.006995537514717e-19)
(-1.585450633733907e-06 -2.078645198643186e-06 -8.418360759056835e-20)
(-1.628586156200988e-06 -2.76491133167087e-06 -3.880927187997768e-20)
(-1.450970198039699e-06 -3.473699210063477e-06 7.851535855025396e-20)
(-1.034506853115377e-06 -4.159219018443246e-06 -5.318143340780315e-18)
(-3.767065876414356e-07 -4.770519608217859e-06 1.789827006939518e-19)
(5.096227794963671e-07 -5.255884221984711e-06 2.298416004592748e-19)
(1.59743616016478e-06 -5.566638216966506e-06 3.173421544507432e-20)
(2.847106490875602e-06 -5.660322834703628e-06 1.261302038517132e-19)
(4.208554069409464e-06 -5.503226373510667e-06 1.476355726810078e-19)
(5.623709133845893e-06 -5.072279796166333e-06 -3.362366317001602e-20)
(7.02916781001651e-06 -4.356340986685567e-06 5.750918327241667e-18)
(8.35891419385601e-06 -3.356913322260201e-06 -7.036492801669111e-21)
(9.547030712456824e-06 -2.088346691087213e-06 -5.523953763158382e-20)
(1.053034033862655e-05 -5.775780025588789e-07 2.182266631051291e-19)
(1.125096714826379e-05 1.136553472949435e-06 -4.10373582751775e-20)
(1.165888015408146e-05 3.00443170032005e-06 3.212670912811902e-21)
(1.17141584138258e-05 4.967284148893253e-06 1.247134868727161e-21)
(1.138891995079499e-05 6.959238085776746e-06 2.779819313830259e-20)
(1.066872806739687e-05 8.909755736052601e-06 -7.358891666426458e-20)
(9.553492547925008e-06 1.074637260144173e-05 -1.296904202177245e-18)
(8.057574836115022e-06 1.239764179886919e-05 -7.17781077986452e-20)
(6.209115158238923e-06 1.379629829328932e-05 -9.191264588306389e-21)
(4.048147746816069e-06 1.488263892568918e-05 -8.255969983868459e-21)
(1.623093596229801e-06 1.56081122240307e-05 -1.14615439706272e-19)
(-1.015334829437223e-06 1.593960354293565e-05 -2.170573360137892e-19)
(-3.825103580141695e-06 1.586443373233215e-05 1.550694110748444e-20)
(-6.793174346996395e-06 1.539675062098116e-05 -1.445840117179648e-20)
(-9.969815612984566e-06 1.458727059357526e-05 2.628771798206956e-21)
(-1.349820527336929e-05 1.353735229470132e-05 1.707082974115181e-21)
(-1.749999218778747e-05 1.238566472661767e-05 -3.856200635232907e-21)
(-2.105376699756099e-05 1.089747332027116e-05 -1.400207217945156e-20)
(-2.345973051093124e-05 9.073124391171042e-06 6.808357309922702e-20)
(-2.426132674182482e-05 7.042647453858394e-06 1.249044647344064e-20)
(-2.324452392009606e-05 4.986091268892844e-06 7.370886221041458e-21)
(-2.040448195974719e-05 3.091103434463456e-06 1.225101201243531e-19)
(-1.592048074598458e-05 1.529085721110879e-06 -4.348808945301357e-21)
(-1.012731538090549e-05 4.379476822664787e-07 -2.471497268535062e-20)
(-3.469673408471554e-06 -8.471350379418209e-08 -3.871953204932787e-20)
(-1.412276427192157e-06 1.219313216830296e-06 4.842408621908371e-20)
(-4.213211833725957e-06 3.080267066112312e-06 -1.707969887449301e-18)
(-6.934588451172513e-06 4.482772959955037e-06 -1.938183650111048e-19)
(-9.520809817710723e-06 5.47694667211193e-06 1.648889724863086e-19)
(-1.190510057534069e-05 6.109328187980283e-06 2.63011010613224e-20)
(-1.401123333058724e-05 6.426994433274708e-06 -6.324199572498928e-20)
(-1.575674191769901e-05 6.475963170906267e-06 -4.219168477548884e-19)
(-1.705822576076791e-05 6.30038225161631e-06 4.9542913269467e-18)
(-1.783820383685256e-05 5.942221824080743e-06 -2.097101951129962e-19)
(-1.803280625175657e-05 5.441198255438776e-06 -9.604678377941285e-19)
(-1.759944715290261e-05 4.834694428000781e-06 -2.162264574438623e-19)
(-1.652357891592659e-05 4.157491213602855e-06 -8.045332274622256e-20)
(-1.482366841546747e-05 3.441173835340514e-06 -2.074292463358562e-20)
(-1.255369695998842e-05 2.71313932441084e-06 1.072037474477509e-19)
(-9.802740933079809e-06 1.995177199672548e-06 1.254694586223067e-20)
(-6.69151484760874e-06 1.30163792217699e-06 -6.237114385916295e-18)
(0.0001056281188789879 -0.0103434397812554 -1.439334830559237e-18)
(-5.608868015842014e-05 -0.01502961113871195 -1.760739535830129e-19)
(0.0004613369793998626 -0.01831837247544025 1.315834758170422e-19)
(0.0003632565202785488 -0.01954855409346174 1.739494701134388e-18)
(0.0001972211413260086 -0.01904970441647122 1.128151370160516e-17)
(-0.0001079250521193129 -0.01687896512193099 1.230205514657732e-17)
(-0.001677787834164327 -0.01330320631206887 1.8692838009263e-17)
(0.0001830045487906638 -0.009430747618706894 3.015323296889419e-18)
(-1.54501765515006e-06 -1.212207289758439e-06 -3.116341054049714e-19)
(-2.150605644532164e-06 -1.961431133870551e-06 6.314649049768876e-18)
(-2.533085003350154e-06 -2.822990746789928e-06 -8.426981365120771e-20)
(-2.623232308956351e-06 -3.76566208381765e-06 -1.709646497985301e-20)
(-2.37058056559063e-06 -4.73780716230476e-06 3.454468755430664e-21)
(-1.747318634116131e-06 -5.674323368254266e-06 1.361363565827381e-19)
(-7.497240203664223e-07 -6.503209563350331e-06 1.441059624534655e-19)
(6.022492275682082e-07 -7.151624475370232e-06 -5.526017357699104e-18)
(2.266665834226088e-06 -7.551234615710712e-06 1.414304983131101e-19)
(4.182239657810397e-06 -7.642719893829857e-06 1.193405913271735e-19)
(6.271660585677923e-06 -7.379385972231239e-06 -5.598644003219434e-18)
(8.445404740686324e-06 -6.729874292616192e-06 2.238500162414678e-19)
(1.060582906959001e-05 -5.679989533359086e-06 -1.211538356235052e-19)
(1.265136887667164e-05 -4.233694886248123e-06 -4.025831972180405e-18)
(1.448074585209654e-05 -2.413313454820848e-06 3.083017406702088e-19)
(1.599706284028529e-05 -2.590115603623259e-07 -3.293005674636359e-18)
(1.711175708780585e-05 2.172380498693689e-06 -6.852056674929382e-19)
(1.774838728878583e-05 4.809185236881973e-06 -5.038788299946296e-20)
(1.784604999646331e-05 7.567300648811718e-06 -1.540329186776206e-20)
(1.736226673709415e-05 1.03531505165665e-05 3.461304860724714e-21)
(1.627524374317024e-05 1.306716008692859e-05 6.117610808623431e-21)
(1.458532703236658e-05 1.560759799104682e-05 -5.440615176968456e-20)
(1.231545551911607e-05 1.787471743602744e-05 -3.510183129519914e-20)
(9.510510566005173e-06 1.977518619495147e-05 2.199158382749585e-20)
(6.235261175671636e-06 2.122671297713572e-05 2.143469943419463e-20)
(2.570652451258301e-06 2.216288617579686e-05 1.400876792649723e-21)
(-1.392111667530491e-06 2.253829817157934e-05 9.921152020426352e-21)
(-5.560227480271972e-06 2.233370315257374e-05 1.71963599599788e-20)
(-9.849594371400113e-06 2.156157239375286e-05 6.117941660010737e-21)
(-1.418948324923789e-05 2.027246118028146e-05 7.537573535023543e-21)
(-1.84982098527034e-05 1.855807280402941e-05 2.128603245286608e-21)
(-2.258171742614001e-05 1.65281517462432e-05 -2.457895185170478e-20)
(-2.59211124113562e-05 1.422586459083174e-05 -6.063434800975736e-19)
(-2.798640175627216e-05 1.175486479875181e-05 1.167492091173572e-18)
(-2.836399261793663e-05 9.239665905411837e-06 7.216992827107011e-20)
(-2.682657425594377e-05 6.813932232619703e-06 1.283953040091755e-19)
(-2.33545612760397e-05 4.608264691612941e-06 -3.916887732499612e-18)
(-1.81272923134375e-05 2.735767628712134e-06 1.085995154659202e-19)
(-1.149575491001041e-05 1.27663313511479e-06 -6.360622374333082e-20)
(-3.932965434678222e-06 2.67153729806421e-07 -1.558682052537907e-18)
(-1.506205331497263e-06 9.340120755564445e-07 1.794171581947714e-18)
(-4.490914627012453e-06 2.379551486483486e-06 -4.954717961014044e-18)
(-7.383653534575056e-06 3.473336196086309e-06 -1.455749053462367e-18)
(-1.012316472653304e-05 4.246264976374243e-06 -1.24221930545607e-19)
(-1.263850952662395e-05 4.732552286004874e-06 -1.844883662042512e-21)
(-1.485066796932071e-05 4.970076289247084e-06 -2.088975941088528e-21)
(-1.667535636718957e-05 4.997337339422367e-06 -8.217965572295933e-20)
(-1.802796307609202e-05 4.851557428196156e-06 -6.748905661866888e-18)
(-1.883014911268924e-05 4.567633887696916e-06 2.208126374231251e-18)
(-1.901743563465536e-05 4.177660274809502e-06 -2.043158985181564e-19)
(-1.854692681979147e-05 3.71075159737882e-06 1.658120603367081e-18)
(-1.740423927395671e-05 3.192951898727545e-06 -9.660722976643419e-21)
(-1.560874322223838e-05 2.647051706643894e-06 -1.419470621912464e-20)
(-1.321637600701798e-05 2.092198741828529e-06 -1.384360345619205e-20)
(-1.03195484436998e-05 1.543237639494571e-06 2.217765826728973e-20)
(-7.044001458600705e-06 1.009756872167428e-06 -8.332026274267479e-20)
(-7.975034231907371e-05 -0.01040247670502699 -4.869205146561287e-19)
(-0.0001942154759660992 -0.01504999640994079 7.609682508268033e-18)
(-0.0001571641167305146 -0.01817749223606719 9.716774915408215e-19)
(-0.0004315549705617442 -0.01931301961356138 1.757010414550096e-18)
(-0.0006818345415495596 -0.01870219418106762 2.191398930943679e-18)
(-0.0007734330159278222 -0.01647475366098295 1.0505508718642e-17)
(-0.001306611444841579 -0.01318096119061618 1.282987284101611e-18)
(-0.0005932135089560064 -0.009341912824679019 1.997167032745968e-18)
(-2.149334158049005e-06 -1.362402777806094e-06 3.719284856104562e-18)
(-3.007873085718923e-06 -2.213338537883369e-06 -2.230098029788874e-19)
(-3.560261244623482e-06 -3.194854759242427e-06 -4.806126984129584e-20)
(-3.710311100213167e-06 -4.268333233404392e-06 -2.536306387703966e-20)
(-3.389135953739929e-06 -5.37094101183311e-06 -9.005224076333229e-21)
(-2.559158586149055e-06 -6.424296725738481e-06 -1.448293586592374e-20)
(-1.215711027174578e-06 -7.342284842049062e-06 -5.761992249608113e-20)
(6.135345859735811e-07 -8.038187096573403e-06 6.298122482452596e-18)
(2.870874684492782e-06 -8.431043777956237e-06 -5.280055557717545e-20)
(5.472202988927931e-06 -8.451095762754528e-06 1.999423942675804e-20)
(8.311605160580253e-06 -8.044196176515373e-06 2.515725299986852e-19)
(1.126661196216292e-05 -7.175133927773709e-06 -5.388354829425728e-18)
(1.420383732968753e-05 -5.829858187383083e-06 5.387140130740513e-18)
(1.698476507511724e-05 -4.016635764189039e-06 -5.818023428204941e-20)
(1.947154958884499e-05 -1.766165487047727e-06 2.101417213062443e-19)
(2.153263810092398e-05 8.692535949479056e-07 3.310691646312387e-18)
(2.304816600611024e-05 3.817436608712435e-06 -1.917287210106545e-18)
(2.391501686043428e-05 6.988830059750299e-06 1.526821254752973e-18)
(2.405139073692088e-05 1.02797453044142e-05 7.569169120590643e-20)
(2.340070590340672e-05 1.357619595092612e-05 3.818904830145685e-20)
(2.19346724238392e-05 1.675828928206051e-05 1.128631426335523e-19)
(1.965535113660627e-05 1.970497709212742e-05 -2.003922255054362e-20)
(1.659606076635615e-05 2.229910274410048e-05 -3.36839275950848e-19)
(1.282095211171865e-05 2.443269757661367e-05 -3.027594468043281e-20)
(8.423121494026235e-06 2.601236880900781e-05 3.922564824191886e-21)
(3.521229380575551e-06 2.696488283089084e-05 5.619308471242196e-21)
(-1.745447313025207e-06 2.724272696452007e-05 4.306863314263849e-21)
(-7.222546868627727e-06 2.682980533615185e-05 5.699659496268803e-21)
(-1.274396987108596e-05 2.57473207748043e-05 6.577559145215858e-21)
(-1.812699918231223e-05 2.405891028803937e-05 3.544630019721007e-20)
(-2.315074329048601e-05 2.187014840636641e-05 5.371898802166835e-21)
(-2.751380017812066e-05 1.931312350065151e-05 -2.610102041749543e-22)
(-3.079954416172759e-05 1.652021516754601e-05 -2.115536479027363e-20)
(-3.258317784929615e-05 1.363880638633515e-05 6.774437788179975e-20)
(-3.252297689027017e-05 1.080728097573209e-05 8.442615048590072e-21)
(-3.042673824957612e-05 8.142930189078586e-06 8.359408175246189e-21)
(-2.629027519266726e-05 5.739146851035069e-06 1.223209411140558e-19)
(-2.030484278123376e-05 3.661443025081753e-06 -2.131912273500258e-21)
(-1.283813567688643e-05 1.938901950607457e-06 -2.05611858004643e-20)
(-4.386107455096628e-06 5.535460249729909e-07 -4.055846073307008e-20)
(-1.589830271381074e-06 6.578951295661091e-07 7.772756218906042e-20)
(-4.737223527709409e-06 1.689933245639977e-06 4.370093058608921e-20)
(-7.778905461892753e-06 2.469476654817239e-06 -1.686642877935613e-18)
(-1.064765699389388e-05 3.012119201093485e-06 -1.11185220158744e-20)
(-1.326864122237791e-05 3.341906538143076e-06 1.461637399307431e-20)
(-1.556089311378916e-05 3.488793126701201e-06 -6.84147165393918e-22)
(-1.743966143055064e-05 3.484579491955285e-06 -1.634922417915522e-18)
(-1.882083527425724e-05 3.360171317549334e-06 4.829563591624695e-20)
(-1.962711024724233e-05 3.143909267998399e-06 4.646381412443061e-19)
(-1.97952713594925e-05 2.860708111630133e-06 -4.79426422633278e-19)
(-1.928375976373721e-05 2.53175520471252e-06 1.936300536540106e-18)
(-1.807958490745109e-05 2.174545692047508e-06 7.919596272988389e-20)
(-1.62036624248525e-05 1.803069718133159e-06 -6.641000506708106e-18)
(-1.371380505858224e-05 1.428012090264053e-06 -6.697643469574857e-18)
(-1.070485618860282e-05 1.056867044769354e-06 1.601223007741805e-18)
(-7.305795532640724e-06 6.939195795649627e-07 5.284598186311373e-18)
(-0.0001419660558720815 -0.01033799114894922 -4.453878369559366e-18)
(-0.0002077841343978264 -0.01492361880195174 -1.769088430092379e-17)
(-0.0003671404015411927 -0.0179344633647147 -2.729848758870485e-19)
(-0.0006230389750128052 -0.01908579545837012 9.507144441443859e-18)
(-0.0007841165624997805 -0.01856984448826508 4.46715895564779e-19)
(-0.0006898474419029344 -0.0165456644632478 -2.144535408179144e-18)
(-0.0006649241764823939 -0.01347851229062468 -1.641782074423023e-17)
(-0.0005060605079589507 -0.009406370890842026 -2.432666148461881e-18)
(-2.755439547449555e-06 -1.320321500153235e-06 -2.624449446175508e-19)
(-3.869292872148069e-06 -2.155740205533581e-06 -8.609462078221156e-20)
(-4.593691983057879e-06 -3.122729163160015e-06 -1.257417188107534e-19)
(-4.805053831484279e-06 -4.178745252642231e-06 -4.858866674064733e-20)
(-4.415943687949633e-06 -5.25582354519191e-06 1.548500638085043e-18)
(-3.379208898289694e-06 -6.269833711293189e-06 -1.83731399081732e-20)
(-1.689553845206056e-06 -7.128848965057397e-06 -2.375695518042031e-20)
(6.172680841827396e-07 -7.740767496429153e-06 -6.960785917632474e-20)
(3.467349019439596e-06 -8.020161758010057e-06 -1.554613827595917e-20)
(6.753217097777656e-06 -7.894219733336767e-06 6.583866932515576e-22)
(1.03397076793016e-05 -7.30762446697065e-06 3.268810237018685e-20)
(1.407071668475075e-05 -6.226254235567133e-06 1.376790986549962e-19)
(1.777646910539575e-05 -4.639641411166775e-06 -1.620111583054816e-19)
(2.128101637854929e-05 -2.562169698736569e-06 -7.09983678968014e-20)
(2.440971102739145e-05 -3.303076319624847e-08 1.417091626598088e-19)
(2.699645535190814e-05 2.884984648546639e-06 2.193008428210475e-19)
(2.889059557893616e-05 6.107774379458683e-06 -9.42821848737521e-20)
(2.99633094202334e-05 9.533167646478004e-06 6.282225551229794e-18)
(3.011332007564482e-05 1.304497327956375e-05 2.348094268154735e-18)
(2.927175602455197e-05 1.651766459160925e-05 3.367422438202605e-19)
(2.740597767566123e-05 1.982153691918224e-05 -1.654293807783678e-18)
(2.452220153081972e-05 2.282815783731149e-05 1.299310512361738e-19)
(2.066678353793497e-05 2.541597843768199e-05 -1.262879044410612e-19)
(1.592605896388096e-05 2.747601359098903e-05 -1.746054394751082e-20)
(1.042474330651289e-05 2.891754587322937e-05 1.634851905201174e-21)
(4.322921261773645e-06 2.967379245109192e-05 6.786481332013895e-21)
(-2.187873864318429e-06 2.970755836839543e-05 2.867569171012239e-21)
(-8.888367283730854e-06 2.90168196321217e-05 2.518800716421549e-21)
(-1.553308568206786e-05 2.763970706098169e-05 3.345242873244592e-20)
(-2.184748616476532e-05 2.565703911434523e-05 3.265587185579395e-19)
(-2.752059770602232e-05 2.318862268868994e-05 3.426251121077436e-20)
(-3.219769524960298e-05 2.038057171635716e-05 2.535746458904762e-21)
(-3.549070153377899e-05 1.738816708408194e-05 -3.798085786538435e-23)
(-3.70349148341104e-05 1.43655546310361e-05 4.265253366781435e-21)
(-3.655079042434468e-05 1.144827287459602e-05 4.640840748772301e-22)
(-3.389550003533165e-05 8.739604667777449e-06 -2.695677996764082e-22)
(-2.9098292216455e-05 6.30631190603765e-06 2.164370832951677e-21)
(-2.237311994421516e-05 4.177946311217061e-06 -6.920010548819624e-21)
(-1.410649187895039e-05 2.343663829789452e-06 -1.386851490542776e-20)
(-4.8130959061643e-06 7.438002193357711e-07 -5.777029502781461e-21)
(-1.662568227896307e-06 4.03854966969674e-07 1.089385706992228e-20)
(-4.950603370860638e-06 1.043708066229615e-06 1.3076363751999e-19)
(-8.118435372192825e-06 1.518432233919278e-06 -4.016310518620288e-18)
(-1.109271372329925e-05 1.832946639993395e-06 1.276703837133363e-19)
(-1.379489760601889e-05 2.003711321060526e-06 9.434351260615055e-21)
(-1.614270307906304e-05 2.054323078747489e-06 1.19941080186119e-20)
(-1.805196693447839e-05 2.010922681057199e-06 -2.205474348080312e-20)
(-1.944049937600221e-05 1.898918960200214e-06 -1.884542195688117e-19)
(-2.023369524939277e-05 1.74085172675181e-06 5.12391330483908e-18)
(-2.037134808131522e-05 1.55519782664708e-06 -2.742654129427396e-19)
(-1.981486744629199e-05 1.355922515437389e-06 6.201799648061916e-20)
(-1.855396995865434e-05 1.15258767766622e-06 1.879553785591597e-20)
(-1.661191619429538e-05 9.508471948641711e-07 -8.76375769721572e-20)
(-1.404850372586051e-05 7.53182909010784e-07 -5.102396780617996e-19)
(-1.096028218086219e-05 5.597673460694093e-07 -3.345906129631334e-20)
(-7.477805644778683e-06 3.693682897927422e-07 -1.741115750443606e-19)
(-0.0001412024990907068 -0.01023838270812455 -5.899076996572806e-18)
(-0.0001737944229126089 -0.01476503833873522 -1.88060164796463e-17)
(-0.0003782239868765197 -0.01770962416168022 -1.115516854630415e-18)
(-0.0005676373470078123 -0.01892750138773632 8.979662050763438e-18)
(-0.0006523941566863901 -0.0185575810955196 6.977052440110104e-18)
(-0.0005108730747787921 -0.01673667810779364 -1.054059678495208e-17)
(-0.0003897951209551592 -0.01375334696973074 -2.53930314156589e-18)
(-0.0003260440351508556 -0.009546303616312625 -1.927115013202365e-18)
(-3.314177661747214e-06 -1.077573275250625e-06 1.290343938603599e-19)
(-4.662340247493053e-06 -1.775632966614753e-06 -9.069298763609703e-20)
(-5.541621388245078e-06 -2.589719289938482e-06 6.156334105938755e-18)
(-5.802545611282347e-06 -3.477024898438665e-06 -2.014606900340899e-19)
(-5.340059387282147e-06 -4.370853677767325e-06 -4.894853255974868e-19)
(-4.097932622352174e-06 -5.189284505191711e-06 -9.211500708350159e-20)
(-2.070417768814618e-06 -5.843211268889161e-06 -4.504924568860012e-21)
(6.987235144110746e-07 -6.243814378115902e-06 -7.437290322250832e-21)
(4.119612205907299e-06 -6.309392765976776e-06 -4.83884645943948e-21)
(8.061718865170478e-06 -5.971392666228974e-06 -7.653338352036973e-21)
(1.236096739518262e-05 -5.179435449371777e-06 8.54783680173454e-21)
(1.682799992789967e-05 -3.905165655429923e-06 3.873341073695157e-21)
(2.125714666327918e-05 -2.144788605487917e-06 -5.803387395024757e-20)
(2.543572040290517e-05 7.978783849089434e-08 -4.235294441801048e-20)
(2.91532747709552e-05 2.721219217960533e-06 8.5473589471004e-19)
(3.221058069792027e-05 5.708360950948919e-06 1.823979899337362e-19)
(3.442809471735243e-05 8.949170804757448e-06 1.722750924204027e-18)
(3.565371009850958e-05 1.233470445632251e-05 -6.839467406332886e-18)
(3.576958517976635e-05 1.574397157070402e-05 -1.291066475119527e-18)
(3.469785357139692e-05 1.904938538535952e-05 5.446506613071521e-20)
(3.24050450196036e-05 2.212254023234602e-05 1.61149360154079e-19)
(2.890507960134989e-05 2.484007903651376e-05 -9.566400049010773e-19)
(2.426074935380548e-05 2.708947898165085e-05 1.70928061751911e-20)
(1.858368215073257e-05 2.877465620932653e-05 -2.349506746750044e-22)
(1.203280468519904e-05 2.982132577170364e-05 -1.314446857008329e-21)
(4.811540060043959e-06 3.018211044095382e-05 -5.923418458765667e-21)
(-2.83582205458377e-06 2.984131938782789e-05 -3.194390262571873e-21)
(-1.062792271593386e-05 2.881905183698026e-05 -6.69688037401157e-21)
(-1.824971406464565e-05 2.717365825812825e-05 1.986292663729502e-21)
(-2.535565191079175e-05 2.500076019448186e-05 3.298218197389317e-20)
(-3.157472910836085e-05 2.242676668749635e-05 4.33593776705273e-21)
(-3.652117674758475e-05 1.959670343812701e-05 2.422238849957103e-22)
(-3.981820726850233e-05 1.665925968143307e-05 -2.14830041419052e-22)
(-4.113958219724087e-05 1.375321069895766e-05 1.983830285926711e-22)
(-4.025504167171415e-05 1.099386447855595e-05 3.471095828976486e-22)
(-3.706958434362886e-05 8.461904766605792e-06 4.269805647468391e-23)
(-3.165113639005176e-05 6.198369406966182e-06 -7.020478871253416e-22)
(-2.424140408667334e-05 4.204228733851144e-06 -2.782941317935731e-21)
(-1.524648010415241e-05 2.43986109998897e-06 -5.381429732277688e-21)
(-5.195845711058198e-06 8.187909595826388e-07 -4.489995851440073e-21)
(-1.72380040459686e-06 1.786874259989747e-07 2.128131154641521e-21)
(-5.129452343397614e-06 4.592993141406014e-07 1.193474393438891e-20)
(-8.400361611822884e-06 6.485277190746135e-07 1.223294942663849e-19)
(-1.145706166085029e-05 7.452566392094706e-07 1.108516925336768e-20)
(-1.421746035731484e-05 7.609253233550883e-07 1.109106862079007e-21)
(-1.659835672221496e-05 7.14309230049736e-07 -6.047241499906959e-23)
(-1.851690024053237e-05 6.268979740228211e-07 -1.667922320023867e-20)
(-1.989388351292468e-05 5.19409552192005e-07 -1.390874847008277e-19)
(-2.065874451461167e-05 4.093671199296598e-07 -2.176471556944364e-19)
(-2.075579364305868e-05 3.09642612869262e-07 -4.759133170288516e-20)
(-2.015091217204149e-05 2.27855248195177e-07 8.080657337484173e-21)
(-1.883782000165074e-05 1.665010068417107e-07 -2.778844247267648e-20)
(-1.684299882621747e-05 1.236821676950384e-07 -1.897395281181298e-18)
(-1.422848317863732e-05 9.430319253007219e-08 -3.11689556442294e-18)
(-1.109198219193631e-05 7.160836416490518e-08 -1.65630374271093e-19)
(-7.564140729459157e-06 4.894482646023053e-08 -3.213565234535396e-20)
(-0.0001181041312002777 -0.01014367852764906 -4.296919071337309e-18)
(-0.0001335116459430548 -0.01462259708756663 -3.219114091653051e-18)
(-0.0003168699037530736 -0.01753572704667957 -5.342283139790873e-19)
(-0.0004449588250031578 -0.01882514263391539 5.100556216135325e-19)
(-0.0004897696990739663 -0.01858094682304993 5.044813794167696e-19)
(-0.0003662702489735238 -0.01690154938281405 -1.07741388939727e-18)
(-0.0002940327662273463 -0.01394811794503968 8.591276741931057e-19)
(-0.0002225814168142162 -0.009672280869067688 3.644432793272311e-19)
(-3.773895962403111e-06 -6.500673313021043e-07 -5.063380574115514e-18)
(-5.311790265191858e-06 -1.098717235112334e-06 1.920842211699296e-19)
(-6.310340583501328e-06 -1.633629157346897e-06 -8.53169393713576e-19)
(-6.597221773591575e-06 -2.215627028990218e-06 -1.038463081931373e-19)
(-6.051584515170613e-06 -2.785459548786226e-06 -8.959210632403998e-20)
(-4.608853380657718e-06 -3.270930131390841e-06 -4.088986928617394e-21)
(-2.262729646547446e-06 -3.593793906180682e-06 7.733084098738569e-20)
(9.356993516060081e-07 -3.676450619709499e-06 1.324439416972128e-20)
(4.881645525891946e-06 -3.448284385820094e-06 -1.415525638647382e-20)
(9.422809866141254e-06 -2.851416275873476e-06 -8.689171348530692e-20)
(1.436762584286163e-05 -1.845609587301095e-06 7.755538907965548e-20)
(1.949501077405809e-05 -4.120810739953722e-07 2.622420532804468e-20)
(2.456508632191668e-05 1.443998973806732e-06 1.626688477709437e-19)
(2.933033826500861e-05 3.692476511835867e-06 -5.03503599445923e-18)
(3.354679298742981e-05 6.278750221959178e-06 3.089942392747955e-18)
(3.698483600684957e-05 9.125877963242057e-06 1.789085407612699e-19)
(3.943933936373422e-05 1.213813706756788e-05 2.863822159882849e-20)
(4.073879073854519e-05 1.520579346742405e-05 -4.175315710203984e-20)
(4.075315310522222e-05 1.821073217094557e-05 -1.050906802951239e-19)
(3.940024076565067e-05 2.103255496850066e-05 -1.973305729880659e-18)
(3.66504693852434e-05 2.355476829872023e-05 1.121910733662413e-20)
(3.252990523700157e-05 2.567075078428738e-05 3.580436115754069e-20)
(2.712163428782947e-05 2.728929349051553e-05 -1.306728962267428e-20)
(2.056546778929271e-05 2.833957619847961e-05 1.368175753725946e-20)
(1.305612479785175e-05 2.877553518746984e-05 -8.02070812267883e-21)
(4.840059089226013e-06 2.857955349466019e-05 -3.595010044715107e-20)
(-3.788878634090626e-06 2.7765271510933e-05 -1.522394727732553e-20)
(-1.249488875264227e-05 2.63790045223599e-05 -2.737332577905198e-20)
(-2.090708277617027e-05 2.449885255826484e-05 -6.790394015203557e-21)
(-2.862887620545167e-05 2.223036249735964e-05 1.008533596793984e-21)
(-3.525146911161417e-05 1.969813373363643e-05 -5.650971933565155e-24)
(-4.037342798508207e-05 1.703414769166855e-05 -7.072806570040908e-22)
(-4.362840608156029e-05 1.436496530297959e-05 4.67116127794162e-22)
(-4.472024573896893e-05 1.180016079190547e-05 2.900549557057534e-22)
(-4.34589593882569e-05 9.422576071136139e-06 3.438290519037676e-21)
(-3.979125478254485e-05 7.281191686873446e-06 1.007762151349719e-21)
(-3.382114413273251e-05 5.388010059946633e-06 3.670019690758462e-22)
(-2.581697692012998e-05 3.718572303055851e-06 -5.229990979178352e-22)
(-1.620203353903536e-05 2.213232451333397e-06 -6.190609537976403e-21)
(-5.515644498802624e-06 7.730007382999657e-07 -6.433974523179368e-20)
(-1.772814058070352e-06 -1.683163867300091e-08 1.011150138160447e-20)
(-5.271900259160104e-06 -5.87133179945072e-08 -2.398454499300347e-21)
(-8.622410761331185e-06 -1.30961352013553e-07 4.809088265751302e-21)
(-1.17390012987244e-05 -2.367428462948145e-07 9.246880134890916e-22)
(-1.453617984340969e-05 -3.675026538202376e-07 3.055099906655662e-22)
(-1.693003637061221e-05 -5.080698549501418e-07 5.413721342342756e-22)
(-1.883943611933708e-05 -6.408549797780501e-07 -9.720477615582848e-20)
(-2.018883722387327e-05 -7.492370896110484e-07 -9.239819055484514e-19)
(-2.091269419005882e-05 -8.200883250047628e-07 -6.851321763692914e-20)
(-2.096102956852651e-05 -8.454072586136291e-07 -1.806187772158865e-21)
(-2.030547613640984e-05 -8.230626295468958e-07 1.205517240806123e-19)
(-1.894493413476229e-05 -7.566839616358402e-07 2.074602685383879e-19)
(-1.690996738343124e-05 -6.547733494406899e-07 -4.400451693453151e-18)
(-1.426517843911051e-05 -5.29142136082236e-07 -2.293432367369125e-20)
(-1.110904433553866e-05 -3.928033443160019e-07 -9.93657844876004e-21)
(-7.571028134460215e-06 -2.574602743461783e-07 -2.755650461970949e-20)
(-9.261859440178044e-05 -0.0100672674284239 -3.866593892528931e-18)
(-0.0001009541111997318 -0.01451041748042021 -1.676897948566762e-17)
(-0.0002428882401966972 -0.01741226793488797 -1.186588394604326e-18)
(-0.0003253393862675297 -0.01875963307161179 -3.819717435814512e-20)
(-0.0003505673201889115 -0.01860561610030135 1.735684813926995e-19)
(-0.0002564432865069348 -0.01701447390531918 1.005245558137845e-18)
(-0.00023622663970234 -0.01407790291558346 1.634220564341899e-17)
(-0.0001660095087709206 -0.009761666463710189 2.74102192346325e-18)
(-4.088536795066695e-06 -7.588460413300539e-08 3.164478489657369e-19)
(-5.751287933049168e-06 -1.858542163352659e-07 2.251421939875098e-18)
(-6.81849191174074e-06 -3.414999467703456e-07 -6.094011139520256e-18)
(-7.099216035991174e-06 -5.110825772501821e-07 7.373110485695009e-20)
(-6.45918304663113e-06 -6.483147511329376e-07 1.451046861191637e-20)
(-4.826206747396856e-06 -6.971877658356728e-07 4.880143814757624e-21)
(-2.192904429581394e-06 -5.970769315901889e-07 4.697796857947194e-19)
(1.383724874517815e-06 -2.881289915277266e-07 5.168338118621776e-20)
(5.785951468082991e-06 2.832973083383324e-07 -9.144163734142012e-20)
(1.084199128274571e-05 1.159456459714353e-06 4.68789162521895e-18)
(1.633524563679381e-05 2.366638207677418e-06 -6.190825917613377e-18)
(2.201550231012406e-05 3.91151441862499e-06 8.661446969566067e-20)
(2.761141146961389e-05 5.778720404040361e-06 4.329433078038139e-20)
(3.284362652830348e-05 7.929957443932132e-06 2.095370525651598e-19)
(3.743804012106824e-05 1.030482575404505e-05 1.903775019217328e-19)
(4.113858814638926e-05 1.282344799829332e-05 9.610976108153891e-21)
(4.371911898353115e-05 1.539073248089115e-05 4.948106997865293e-21)
(4.499387294445815e-05 1.790191581925102e-05 -1.62457051445898e-20)
(4.482621428414119e-05 2.024888547797583e-05 -1.75426855806485e-20)
(4.313539375780731e-05 2.23267445920527e-05 -5.150826650899117e-20)
(3.990125938671801e-05 2.404013387640564e-05 -1.369940771584898e-18)
(3.516694969610441e-05 2.530893796043982e-05 -7.465326130506953e-20)
(2.903967323797385e-05 2.607311890734615e-05 -5.996494673033918e-19)
(2.168969463299097e-05 2.629653329495711e-05 -7.741271256825068e-19)
(1.334766981518631e-05 2.596965040832294e-05 -5.692587233128254e-20)
(4.300390159645093e-06 2.51110539552222e-05 1.958279559894524e-19)
(-5.115142090623536e-06 2.376748623371221e-05 -5.07000463043733e-21)
(-1.451963593486938e-05 2.201201012193895e-05 -7.305538138141022e-21)
(-2.350203506101757e-05 1.993977804122526e-05 -1.901752883187969e-21)
(-3.163370363462137e-05 1.766105040377185e-05 5.036065221059742e-22)
(-3.848689688873592e-05 1.52918043442047e-05 -1.453492909469746e-21)
(-4.365818872295547e-05 1.29430521777882e-05 -2.079997607527505e-21)
(-4.679657577097429e-05 1.071057476299537e-05 -3.251681322086044e-19)
(-4.763433530901575e-05 8.666614399391391e-06 4.217637045273392e-21)
(-4.601663541613536e-05 6.854201692916531e-06 2.52325621238072e-20)
(-4.192561815525827e-05 5.284447763768485e-06 -6.890406900651162e-21)
(-3.54954792293311e-05 3.936982552877125e-06 9.419477263362101e-22)
(-2.701587889687371e-05 2.762988990158335e-06 -2.166785796924007e-21)
(-1.692162900209524e-05 1.688939354697015e-06 -6.896135344557554e-20)
(-5.755195054031712e-06 6.153246339510483e-07 -1.310884127777666e-18)
(-1.808768473545249e-06 -1.871225086162785e-07 1.660059099951905e-19)
(-5.375679633612824e-06 -5.178129668568197e-07 -6.002331180043534e-20)
(-8.781619870864486e-06 -8.274959469335426e-07 -8.735441723477653e-21)
(-1.193584789887381e-05 -1.118608610855111e-06 -2.756343830800609e-23)
(-1.474966953639274e-05 -1.384102165712358e-06 1.075078065256261e-20)
(-1.713853842704702e-05 -1.611740991977787e-06 1.877988502740569e-19)
(-1.902316780645966e-05 -1.787516491856284e-06 6.342489192583991e-20)
(-2.033201345669359e-05 -1.898675857798886e-06 3.60961351130297e-19)
(-2.100514317195663e-05 -1.936177665395216e-06 4.362032032179972e-19)
(-2.099913229931435e-05 -1.896409622045413e-06 1.585283341669491e-19)
(-2.029234974634063e-05 -1.782047084872165e-06 2.334862333105896e-18)
(-1.88898436553162e-05 -1.601989955675269e-06 -5.993215384263846e-18)
(-1.682701280885645e-05 -1.370381563738554e-06 2.143613010414617e-19)
(-1.417135937457624e-05 -1.104778261054406e-06 1.95317847012781e-21)
(-1.102184548001505e-05 -8.235953356463426e-07 -2.213097697004242e-19)
(-7.505692108330604e-06 -5.429906106777654e-07 -7.848378143555919e-20)
(-7.185679148991212e-05 -0.01001018248749741 -1.646655853690847e-18)
(-7.78347642705895e-05 -0.01442760142791368 -1.153968363943022e-18)
(-0.00017977109101148 -0.01732922324453418 -2.502550132301955e-19)
(-0.0002308075648444973 -0.01871886370149829 2.923180195848377e-20)
(-0.000244801757271238 -0.01862554841604515 2.157423327099087e-19)
(-0.0001740945819619762 -0.01708865169915793 2.945459979245903e-19)
(-0.0001840664380292849 -0.01416392708540187 1.142090734619307e-18)
(-0.0001261716068692378 -0.009821241044623744 1.490957421075431e-18)
(-4.224282562860092e-06 5.888738906745274e-07 9.669978282247326e-20)
(-5.932763408845847e-06 8.73680246729798e-07 2.440837768564349e-19)
(-7.008478344509806e-06 1.160168286657663e-06 1.155449156966381e-18)
(-7.247006263585076e-06 1.46942530527465e-06 1.594178103430131e-19)
(-6.503237414398622e-06 1.830371219553985e-06 6.210367625151179e-20)
(-4.697848095837169e-06 2.277856940327908e-06 -1.998239913913919e-18)
(-1.821225459300367e-06 2.849851201835226e-06 7.988657460394874e-20)
(2.065955724045573e-06 3.583758091057088e-06 -1.930249514042998e-19)
(6.83589466343902e-06 4.512187399257923e-06 -5.438215035341108e-20)
(1.23005054382952e-05 5.658586853629893e-06 -1.402431943396648e-19)
(1.822148979784542e-05 7.033127847051127e-06 -7.675799187785833e-19)
(2.432290757622383e-05 8.629242249490882e-06 -3.227538326027379e-20)
(3.030546767234812e-05 1.042126198603621e-05 1.531669144774776e-19)
(3.586178960470442e-05 1.236363621253973e-05 -6.522643695948554e-18)
(4.06918935217911e-05 1.439209659320458e-05 3.132543324414832e-20)
(4.451815477179944e-05 1.642686972343514e-05 1.273673807618004e-20)
(4.709896570811696e-05 1.837768501199979e-05 1.646421393728679e-18)
(4.824045658482655e-05 2.015003948567084e-05 5.678904590936611e-21)
(4.78058369135009e-05 2.165204283896994e-05 -5.396882416068366e-20)
(4.572216534621913e-05 2.280117491591365e-05 2.030404273585427e-18)
(4.19845694191413e-05 2.353039329784114e-05 -2.024216287778339e-19)
(3.665808722131281e-05 2.379317725789633e-05 3.714711097647451e-21)
(2.987733278343382e-05 2.356722149268763e-05 -1.58053163539909e-18)
(2.184420626484898e-05 2.28566253659677e-05 3.788681720858537e-20)
(1.282377232950799e-05 2.169246762831435e-05 5.028920719124459e-21)
(3.138285904768362e-06 2.013165803008143e-05 5.33618595535699e-21)
(-6.840852496680597e-06 1.825392086775898e-05 -1.223007613842106e-21)
(-1.670362201484931e-05 1.615676632890639e-05 -1.32600064349459e-21)
(-2.601497836115038e-05 1.394842900093868e-05 4.402381874642124e-22)
(-3.433203568758915e-05 1.173908928817167e-05 1.606267131552047e-20)
(-4.122492034449774e-05 9.63120674627848e-06 -1.417660909741088e-20)
(-4.630106699492556e-05 7.710183670787529e-06 -2.519661295612097e-20)
(-4.923187935174317e-05 6.036730335432384e-06 6.326888081355595e-19)
(-4.977976266682619e-05 4.642002729392898e-06 -1.41904227430385e-21)
(-4.782265728342418e-05 3.526005229919586e-06 1.265625919366727e-19)
(-4.337301613841155e-05 2.659294523118421e-06 -1.739866684834155e-19)
(-3.658858758815407e-05 1.987622247481792e-06 -1.006865907329964e-20)
(-2.777299527688924e-05 1.438661721819574e-06 -9.756678054551502e-23)
(-1.736467106358682e-05 9.292588439165604e-07 -2.482402137497384e-21)
(-5.900768204862388e-06 3.683643204459297e-07 -6.403469467063215e-20)
(-1.830690415740537e-06 -3.403532132395407e-07 -3.153144666646402e-18)
(-5.43808871251525e-06 -9.342962614184347e-07 -6.577908184282347e-19)
(-8.87420174148243e-06 -1.460903306676234e-06 -6.207394180577084e-20)
(-1.2043615180391e-05 -1.920673571373409e-06 -1.209432029958751e-20)
(-1.485472627641348e-05 -2.307661563807402e-06 4.543046423782079e-22)
(-1.722236840522777e-05 -2.61258687776658e-06 3.123738166936717e-18)
(-1.906904738586412e-05 -2.825237423781238e-06 2.262416216590596e-19)
(-2.032726324546168e-05 -2.936953950928274e-06 1.922165256892545e-19)
(-2.094294951005568e-05 -2.942876191088786e-06 8.528948459494522e-20)
(-2.087971263827584e-05 -2.84365267878763e-06 2.068523876541355e-20)
(-2.012330128859909e-05 -2.64637146834987e-06 1.152390357945349e-19)
(-1.868559493817235e-05 -2.36454898708033e-06 1.140282521852942e-19)
(-1.660738401295593e-05 -2.017108718718941e-06 1.39675057390072e-19)
(-1.395931771824423e-05 -1.626378963973145e-06 -1.999933489276379e-19)
(-1.08406066402939e-05 -1.215224367080085e-06 3.3730981291204e-18)
(-7.375357634936486e-06 -8.034880143874311e-07 -3.334320013031781e-19)
(-5.72956531855087e-05 -0.009968557048191792 -4.836191028037625e-19)
(-6.240616808378539e-05 -0.01436754561336663 -1.314025902019957e-19)
(-0.0001348933431165863 -0.01727497455890775 4.449286369283099e-20)
(-0.0001654185196168088 -0.01869497018761355 3.295369626169205e-19)
(-0.0001714482597830321 -0.01864213976600437 1.428908211159697e-18)
(-0.0001155119733777624 -0.01713858001823656 3.388359995179705e-19)
(-0.0001385075638808189 -0.01421951816645827 2.251266167189938e-19)
(-9.434856143097492e-05 -0.009860264525012655 5.935542037002502e-19)
(-4.164395634861809e-06 1.275704644314784e-06 -9.905561759669726e-20)
(-5.833170381126644e-06 1.971147577131408e-06 5.67267552881962e-21)
(-6.854384070117871e-06 2.718170959950647e-06 -5.682953545592975e-20)
(-7.015839736079907e-06 3.525121670738254e-06 1.306863983724547e-19)
(-6.164205931642199e-06 4.400724721457324e-06 1.01727917874304e-18)
(-4.213028009806695e-06 5.355526516439245e-06 5.827078710761262e-18)
(-1.148534059459386e-06 6.401755159096125e-06 2.487097325809353e-18)
(2.968051446397329e-06 7.551636133785577e-06 -1.495970254831185e-18)
(8.002551656121062e-06 8.814594129171859e-06 -1.936335473333308e-19)
(1.375445714453581e-05 1.01938655979409e-05 7.637335345365857e-20)
(1.996764293018486e-05 1.168291367184288e-05 4.829398205500587e-18)
(2.634428702757096e-05 1.326209813657829e-05 8.508681155793325e-20)
(3.256109529726245e-05 1.489627822353094e-05 -3.835076591452617e-18)
(3.828692178006461e-05 1.653413552857568e-05 -1.382661407886822e-20)
(4.320077567200424e-05 1.810977426822602e-05 -1.870093229793971e-20)
(4.700907737190726e-05 1.954663795949605e-05 -1.328538599472629e-20)
(4.94610637096736e-05 2.076326746115677e-05 6.99535659885982e-21)
(5.036150177131771e-05 2.168012750989787e-05 -5.922679721231354e-21)
(4.958025124533706e-05 2.222667024808639e-05 3.734371427875811e-22)
(4.705858041940307e-05 2.23478990846767e-05 -4.843030827078367e-20)
(4.281240678435895e-05 2.200985380476221e-05 -1.757143955892216e-20)
(3.693277607631383e-05 2.120359607349234e-05 2.817331550366704e-20)
(2.95839064218522e-05 1.994741159565207e-05 2.801008551603268e-20)
(2.099909142666556e-05 1.828706537348101e-05 1.124813795289632e-20)
(1.14746088573296e-05 1.629401500278203e-05 4.515956486154855e-20)
(1.36161430260213e-06 1.406155055938335e-05 6.796340872103259e-20)
(-8.944176345474127e-06 1.169890631155888e-05 -1.914705599569663e-21)
(-1.901530740066888e-05 9.32353606135361e-06 -1.912079982264319e-21)
(-2.840829818164877e-05 7.051959147442999e-06 -2.472860189156557e-22)
(-3.668223619694613e-05 4.989952710050122e-06 8.978545844285187e-22)
(-4.342007144843415e-05 3.223127192964175e-06 3.472034842216681e-21)
(-4.8251914596272e-05 1.809094151726098e-06 4.164794879734123e-20)
(-5.087911285751303e-05 7.723491803651901e-07 -2.561021643077335e-20)
(-5.109735131403727e-05 1.026533760055143e-07 -4.922285744275853e-22)
(-4.881662190157204e-05 -2.427806419940965e-07 2.498402530097218e-20)
(-4.407583342317376e-05 -3.334605887816175e-07 6.420721183100715e-21)
(-3.705010819134548e-05 -2.567425438321051e-07 1.732757282429279e-21)
(-2.804926644384598e-05 -1.069222065013106e-07 4.612891899006513e-21)
(-1.750645046668233e-05 2.628823335252585e-08 7.959995975839843e-20)
(-5.943944912678329e-06 6.604411652766026e-08 2.340630902363662e-21)
(-1.837501981261892e-06 -4.865595703955858e-07 -5.240363580395914e-18)
(-5.456057769915747e-06 -1.329004619477978e-06 8.601178110507443e-19)
(-8.895600070090028e-06 -2.057572893577674e-06 2.182973112926049e-19)
(-1.205699307454491e-05 -2.671342334552079e-06 -1.669501924412092e-19)
(-1.484616124862502e-05 -3.166119035230691e-06 3.531318391102951e-18)
(-1.717736543715699e-05 -3.536325794016847e-06 -8.998262185396089e-20)
(-1.897476386968696e-05 -3.776317546121545e-06 -6.582325293193951e-18)
(-2.017475356480407e-05 -3.882224083373304e-06 -5.905463038140874e-18)
(-2.072910315725296e-05 -3.853886222664134e-06 1.419607291219936e-19)
(-2.060858677597231e-05 -3.696472042630895e-06 6.533932675652306e-20)
(-1.980661439936715e-05 -3.421423965767638e-06 -1.071815239716437e-19)
(-1.834224091343695e-05 -3.046485335772559e-06 1.267808591149075e-19)
(-1.62619316531323e-05 -2.594673412893884e-06 -5.385932214642711e-18)
(-1.363956362273024e-05 -2.092189175344151e-06 1.143157208519102e-19)
(-1.057433468443926e-05 -1.565365656661365e-06 1.439115492616104e-18)
(-7.186511166128626e-06 -1.036840534503634e-06 -6.186357860889759e-20)
(-4.882571041043203e-05 -0.00993686217198822 1.064242605667069e-18)
(-5.299906896551583e-05 -0.01432195351810058 4.491982643029512e-19)
(-0.0001102181956170243 -0.01723877688099829 4.816024333861786e-19)
(-0.0001286254669421369 -0.01868248456827658 1.41425371358782e-18)
(-0.0001281336975837851 -0.01865853765862306 9.814227785062098e-18)
(-7.782933473345236e-05 -0.01717602617668663 1.03510547165569e-18)
(-0.0001010164470920497 -0.0142544163095224 -1.53039313146912e-20)
(-7.055045104326698e-05 -0.009886290264618399 -4.157878308330061e-19)
(-3.912039683766052e-06 1.910355872350753e-06 3.903726170661282e-18)
(-5.458243836787527e-06 2.988765465229789e-06 -3.422596174347359e-19)
(-6.366081253757682e-06 4.167156991740316e-06 3.258918716634651e-18)
(-6.421675895613944e-06 5.440722250704558e-06 -1.612987281100777e-19)
(-5.466032597828603e-06 6.797198700114315e-06 2.61096176759419e-19)
(-3.404993976267813e-06 8.221768985057802e-06 5.056093900098405e-21)
(-2.177588584572482e-07 9.699851158068672e-06 -4.474684967317091e-18)
(4.037976646366863e-06 1.121763209927526e-05 -1.234965883630798e-19)
(9.226016437547866e-06 1.276086275646209e-05 9.99458044847587e-20)
(1.513762735343247e-05 1.431263256905556e-05 2.365171596234166e-18)
(2.150278936499824e-05 1.585034200542786e-05 -1.598950890140743e-18)
(2.800557559345441e-05 1.734234307394647e-05 -9.695473045024711e-20)
(3.430260291677483e-05 1.874538066249168e-05 -5.751626987395348e-19)
(4.004341676114818e-05 2.00041308604966e-05 4.11667503047283e-18)
(4.489131939147944e-05 2.105347610305069e-05 -1.717389491390686e-19)
(4.854295313204762e-05 2.182325565459886e-05 -1.709172479382583e-20)
(5.074518401617604e-05 2.224465348109935e-05 1.600099144166503e-22)
(5.130836322258039e-05 2.225723719249213e-05 8.619960354938254e-20)
(5.011560862733071e-05 2.181576864193646e-05 3.302929507571811e-20)
(4.712818146897094e-05 2.089608971571669e-05 8.360782177381488e-21)
(4.238729535968599e-05 1.949955851691197e-05 2.57136078930376e-20)
(3.60128044661779e-05 1.765564913197841e-05 -3.152631776291263e-18)
(2.81992133657513e-05 1.542244943893937e-05 2.716915743761529e-20)
(1.920937972622536e-05 1.288490430391117e-05 3.968431668914962e-20)
(9.366134802850324e-06 1.015075929799384e-05 -9.32831224697608e-19)
(-9.581048466577365e-07 7.344292805161468e-06 -6.684205458175828e-19)
(-1.135377371587064e-05 4.598097133761726e-06 1.597466492470219e-18)
(-2.138877149976333e-05 2.043377701061583e-06 -8.616323931343715e-21)
(-3.062526865002697e-05 -2.004881814645504e-07 -5.390122377417209e-22)
(-3.863847732686225e-05 -2.036139466790945e-06 3.018536433368894e-21)
(-4.503698204752623e-05 -3.397042907424177e-06 5.148492198872769e-20)
(-4.948382754479301e-05 -4.25378970189379e-06 7.946173377962113e-19)
(-5.171724602032082e-05 -4.616931944881331e-06 6.104919288483163e-20)
(-5.156961453859081e-05 -4.535759114684262e-06 8.072076745925306e-22)
(-4.898304904734567e-05 -4.092845144569373e-06 1.652976761935625e-20)
(-4.402004605703305e-05 -3.394636143046323e-06 -1.455990960479164e-18)
(-3.686778244462374e-05 -2.558752266792856e-06 2.287958651202926e-20)
(-2.783500095710585e-05 -1.699016837744901e-06 7.744523030638648e-20)
(-1.734072038379658e-05 -9.094885935953794e-07 -1.790241195477951e-18)
(-5.882573044186182e-06 -2.503621967527665e-07 7.424480158162745e-20)
(-1.828081340982815e-06 -6.35574388245771e-07 1.163714464801205e-19)
(-5.42632169479145e-06 -1.722597538570349e-06 3.480655410940903e-19)
(-8.84074443448807e-06 -2.643999718677763e-06 3.057961274285024e-18)
(-1.196964235140456e-05 -3.39959543812725e-06 2.000565039032124e-19)
(-1.471708325532497e-05 -3.988570191400178e-06 1.58719272751041e-18)
(-1.699692140368244e-05 -4.410456579241736e-06 -7.118901122940828e-19)
(-1.873485033209177e-05 -4.665435026074676e-06 5.485579007658929e-18)
(-1.987092590684823e-05 -4.755528053843183e-06 9.218828295260524e-20)
(-2.036251599159174e-05 -4.686170757693008e-06 9.118324707324904e-20)
(-2.018739794407852e-05 -4.467659172544398e-06 2.994807523459978e-19)
(-1.93465631960443e-05 -4.116049047145549e-06 -2.825031947775662e-18)
(-1.786621157315551e-05 -3.653187765684051e-06 -1.732251599131581e-19)
(-1.579843284389758e-05 -3.105696539557171e-06 1.080745872395395e-19)
(-1.322017391790272e-05 -2.502861943041773e-06 1.667902099072118e-20)
(-1.023026500570999e-05 -1.873524731528466e-06 1.142821391780046e-20)
(-6.944499194749302e-06 -1.242153732569629e-06 -4.09487985632767e-20)
(-4.646815108953313e-05 -0.009908930469474117 3.64736897168549e-18)
(-4.903398503801724e-05 -0.01428192729707372 2.941724117038888e-18)
(-0.0001072638394966248 -0.01721060924027533 2.72796837624138e-18)
(-0.0001211838837695165 -0.01867702343615153 2.095104390137719e-18)
(-0.0001156796624538304 -0.01867859750710509 1.615505125492424e-18)
(-6.101455272753774e-05 -0.01721228909920693 -9.981292268895988e-19)
(-7.488157509720185e-05 -0.01427759776219729 -1.158290740800099e-18)
(-5.940435167982137e-05 -0.009905571041506335 -1.285529526013272e-18)
(-3.490933429876723e-06 2.42019303580874e-06 -1.596542858358503e-19)
(-4.843152428532342e-06 3.811052812764939e-06 -3.075434623619515e-19)
(-5.589496072626516e-06 5.345077552695599e-06 -3.471810960806393e-18)
(-5.520758302256993e-06 7.006101267517857e-06 -9.478974006694468e-20)
(-4.474877926601776e-06 8.762662823088348e-06 1.408809408200027e-18)
(-2.348834708601201e-06 1.057594610494512e-05 -7.804311733025317e-21)
(8.892138363833041e-07 1.240551501954313e-05 5.947940166669645e-20)
(5.190245380943832e-06 1.421220008959376e-05 -2.43314219625877e-20)
(1.042075650889548e-05 1.59586449821347e-05 8.284994434619726e-21)
(1.636767591713909e-05 1.760863970592681e-05 1.424417208663064e-19)
(2.275034923282428e-05 1.912472211060409e-05 2.373554803500196e-20)
(2.92378129785381e-05 2.04644937891762e-05 -1.108489615890986e-19)
(3.547012509219996e-05 2.157789628055981e-05 5.271526830985635e-18)
(4.108211522821522e-05 2.240736436794327e-05 -2.930117461813775e-19)
(4.572720777273258e-05 2.289114221895681e-05 -3.434306123701766e-20)
(4.909900700091584e-05 2.296885832761379e-05 2.206688556377279e-21)
(5.09490484933697e-05 2.258815027575195e-05 4.978040780356015e-20)
(5.109996356911879e-05 2.171131888021563e-05 -1.796570886807862e-18)
(4.945394040967296e-05 2.032126899955246e-05 1.961133081756107e-19)
(4.599674975949968e-05 1.842619650389322e-05 3.496217864403958e-20)
(4.079780119939239e-05 1.60626018808684e-05 3.627598846470024e-20)
(3.40067744281484e-05 1.329630075774427e-05 -3.934974666700478e-19)
(2.584735744059975e-05 1.022118718666312e-05 -3.403721078948368e-20)
(1.660856082804198e-05 6.955623837536862e-06 1.810096679936065e-21)
(6.63396237451843e-06 3.636478639489158e-06 8.55781152305421e-20)
(-3.690875940548705e-06 4.110174417256557e-07 -8.924653942878789e-19)
(-1.395263901499599e-05 -2.572907957847526e-06 3.519763835661212e-20)
(-2.372606730525841e-05 -5.177718352894402e-06 1.917424015400317e-21)
(-3.259100636227316e-05 -7.287064794009052e-06 7.110409226332001e-21)
(-4.015041521160346e-05 -8.815834514958563e-06 9.672012539548194e-21)
(-4.604878775043176e-05 -9.718071994805223e-06 6.102950487910022e-20)
(-4.999026297093775e-05 -9.991775573561963e-06 9.319234772921648e-20)
(-5.175552556575195e-05 -9.679758764055777e-06 7.328287342306866e-19)
(-5.121646052141091e-05 -8.866099306246555e-06 4.142847999269977e-20)
(-4.834745993422321e-05 -7.66808808704781e-06 5.928419114810772e-21)
(-4.32323220544837e-05 -6.22398124986291e-06 2.294878097775736e-20)
(-3.606583148053281e-05 -4.677207189573681e-06 2.288467558116236e-20)
(-2.714931990190658e-05 -3.157951298611225e-06 3.294835980473719e-18)
(-1.687969643051349e-05 -1.763212375466825e-06 1.612820458774323e-22)
(-5.720830886508772e-06 -5.373728903177973e-07 -8.829302934870417e-22)
(-1.80135420723811e-06 -7.950259670899912e-07 9.969635656944622e-20)
(-5.345692865941511e-06 -2.130975023627302e-06 -5.689493875774261e-18)
(-8.704496699471893e-06 -3.240520497323576e-06 2.710405333253215e-19)
(-1.177479719632012e-05 -4.127704133560062e-06 2.783635220833865e-20)
(-1.445962708058142e-05 -4.797484374718179e-06 3.351282706245197e-20)
(-1.667279147618474e-05 -5.256395679805644e-06 -1.677068902804996e-19)
(-1.834152304330887e-05 -5.512040151338503e-06 -5.985415727813231e-20)
(-1.940930640772633e-05 -5.57370997089526e-06 5.193181550432278e-19)
(-1.98387487349227e-05 -5.45357985379595e-06 1.106587790803278e-19)
(-1.961421673926239e-05 -5.167927801970661e-06 1.636935731603449e-19)
(-1.874385948125225e-05 -4.737916726369395e-06 3.078360162131373e-20)
(-1.726060245829027e-05 -4.189585358556328e-06 6.194142227110418e-18)
(-1.522173671657061e-05 -3.552838136146243e-06 -1.831300985108259e-19)
(-1.270682885707588e-05 -2.859373361083933e-06 3.880409933513576e-20)
(-9.813835502853801e-06 -2.139624938844557e-06 2.257444440996744e-19)
(-6.653486607626483e-06 -1.418900932451464e-06 -1.860631192190628e-20)
(-5.085130154992741e-05 -0.009877969773154619 6.021192251710064e-18)
(-5.11949724821637e-05 -0.01423769039416455 1.479775297311136e-17)
(-0.0001288038777826327 -0.01717970041674682 1.350509520768717e-17)
(-0.0001473274669737502 -0.01867344364272653 1.233184486518251e-17)
(-0.0001406412443365565 -0.01870541204697434 8.222506784225701e-18)
(-7.195667693329578e-05 -0.01725793199345712 -1.6189073838632e-17)
(-7.900471255009429e-05 -0.01429729333747439 -9.458618577708171e-18)
(-7.149691977392802e-05 -0.009922583758323335 -2.006037892461603e-18)
(-2.94363374530839e-06 2.741994625725321e-06 -3.815817487391896e-20)
(-4.049965821179653e-06 4.336715807849132e-06 -6.375305434134134e-19)
(-4.60321534683937e-06 6.108906275003234e-06 4.957506356702855e-18)
(-4.405290583545964e-06 8.03547031662185e-06 -1.869462733584286e-18)
(-3.293912575501234e-06 1.007087059007203e-05 -4.222485482140251e-20)
(-1.155533073942259e-06 1.215679779595997e-05 5.163853814824528e-18)
(2.058261465226355e-06 1.423022055431781e-05 -1.775325239335608e-19)
(6.31368186699839e-06 1.622837977166319e-05 -8.312470185202824e-20)
(1.148431992393454e-05 1.809118309981919e-05 -2.033504014317455e-20)
(1.735518083301885e-05 1.976352768636e-05 -2.881138803368876e-20)
(2.363644700574519e-05 2.119371705197517e-05 2.257337115433224e-19)
(2.998381418806086e-05 2.232907904926515e-05 -4.690294364500701e-20)
(3.602392636533518e-05 2.311353988354646e-05 -1.891621854980751e-18)
(4.138204415594731e-05 2.348913319038344e-05 -3.947935228478832e-20)
(4.570845185757283e-05 2.3400554938738e-05 6.074938668333619e-20)
(4.870108130174524e-05 2.280111306107117e-05 5.562330008285649e-20)
(5.012314866701317e-05 2.165881024784357e-05 -4.532900103608182e-19)
(4.981549855148475e-05 1.996181616748991e-05 3.334618890618614e-18)
(4.770381027871745e-05 1.772288633062301e-05 2.188653743440605e-20)
(4.380104613717741e-05 1.498239628772071e-05 7.249459574876516e-20)
(3.820564711295234e-05 1.180968705240184e-05 -2.137042705434219e-18)
(3.109605367256725e-05 8.302437902140292e-06 3.947449213596604e-20)
(2.272215928116332e-05 4.583854077188089e-06 5.638027089446246e-21)
(1.339427408360056e-05 7.975616585425638e-07 -5.292828330397928e-21)
(3.470121696350255e-06 -2.899711988096736e-06 8.93427318542844e-21)
(-6.659667452071211e-06 -6.347368374594363e-06 8.757401823489642e-20)
(-1.658720734380156e-05 -9.391544775126139e-06 -8.640089748859765e-20)
(-2.590374060182223e-05 -1.189629715289339e-05 3.567193314554067e-21)
(-3.421633135515279e-05 -1.375438472063593e-05 6.506229646707007e-20)
(-4.116444710518588e-05 -1.489659773699047e-05 6.739952498437147e-20)
(-4.643589824101119e-05 -1.529856774654679e-05 5.215670273254279e-19)
(-4.978155060829782e-05 -1.498413070719897e-05 4.775031226337903e-21)
(-5.102817377578624e-05 -1.402454707917023e-05 -1.698131149868183e-19)
(-5.008875565499127e-05 -1.253318850633891e-05 -4.43599174100789e-21)
(-4.696962038920475e-05 -1.065564184763237e-05 1.178357348931807e-20)
(-4.177374564378738e-05 -8.555516776497397e-06 1.718442675745694e-20)
(-3.469978468207828e-05 -6.396533372947464e-06 5.817679751827717e-20)
(-2.60364296071868e-05 -4.321677660299459e-06 -1.779981206481461e-19)
(-1.61518531287478e-05 -2.430324242606386e-06 1.95887800484183e-18)
(-5.468507255748015e-06 -7.549368175509968e-07 -4.482408092339601e-20)
(-1.756411085388476e-06 -9.686551823666475e-07 -9.135843268488734e-20)
(-5.211418796084781e-06 -2.561430990639111e-06 6.249456167810457e-18)
(-8.482260899837803e-06 -3.856052826148022e-06 -3.78179885194704e-20)
(-1.146613359839728e-05 -4.865113897955115e-06 9.451276887218269e-21)
(-1.406606960385072e-05 -5.6021707990769e-06 6.46435827201744e-20)
(-1.619642373377016e-05 -6.08287697648812e-06 5.82160381009247e-18)
(-1.778616678195706e-05 -6.323970496547262e-06 -2.228481964859643e-19)
(-1.87820709550451e-05 -6.343466743368125e-06 6.21205961576449e-18)
(-1.915157127320395e-05 -6.16149813550848e-06 -1.300367107094725e-19)
(-1.888501441155534e-05 -5.801263847423796e-06 1.67236373260023e-19)
(-1.799696952483828e-05 -5.289626963005611e-06 -3.550885863870904e-18)
(-1.652628617562643e-05 -4.657010576360635e-06 -2.243052151288502e-20)
(-1.453464694180074e-05 -3.936382260029834e-06 5.212003303380114e-18)
(-1.210346772553191e-05 -3.16126074910447e-06 -6.504854868671376e-18)
(-9.329138103969306e-06 -2.362811422540028e-06 -3.220399815754899e-18)
(-6.316738280210455e-06 -1.566201102068583e-06 2.610762448239639e-19)
(-6.294826487069499e-05 -0.009836478445653964 2.921791752190904e-18)
(-6.115130930644633e-05 -0.01417810674123393 2.924244055519938e-18)
(-0.0001777989148935068 -0.01713292085737717 -8.037120415471203e-18)
(-0.0002128969371583603 -0.01866377122561198 7.483478946586189e-18)
(-0.0002124109106926087 -0.0187383456540126 1.931741685594165e-18)
(-0.0001215497734362986 -0.01731758788692866 -2.669586608660694e-19)
(-0.0001530661641624773 -0.01431638445197963 6.802115714104486e-18)
(-0.0001173847446921328 -0.009940063208910943 -5.888249058308709e-18)
(-2.327103360762705e-06 2.829779048397498e-06 3.26920465897829e-19)
(-3.16171235322909e-06 4.490638845499782e-06 -5.234207287477206e-20)
(-3.511573945824177e-06 6.350223578017393e-06 4.152823929831108e-19)
(-3.195851664773046e-06 8.385506754803046e-06 -4.269110903867983e-18)
(-2.055323152607653e-06 1.05461675856625e-05 6.879698658461516e-20)
(3.615767278403355e-08 1.276358820700865e-05 5.640807645095985e-18)
(3.151527042616104e-06 1.495913839311819e-05 -2.852454008220658e-19)
(7.281312146187086e-06 1.704923984023295e-05 4.765403327745736e-18)
(1.230850630291002e-05 1.894836788158085e-05 -1.209345443140411e-19)
(1.801480134307502e-05 2.058026056119639e-05 -2.850419580977409e-19)
(2.409928090086385e-05 2.187726595174067e-05 -4.47467130059958e-18)
(3.020440319111465e-05 2.277527848665523e-05 -2.249237574983134e-18)
(3.594707147585295e-05 2.321277441383243e-05 -1.849946496916809e-18)
(4.094973795184132e-05 2.313411303160552e-05 2.853571685412733e-20)
(4.486771533178955e-05 2.249466536873436e-05 -6.328694377911381e-18)
(4.741116941430357e-05 2.126601360515415e-05 7.296784707110557e-19)
(4.836153224975926e-05 1.944044749155023e-05 -5.14804775645564e-19)
(4.758247553472402e-05 1.703447970283689e-05 -3.038550348627467e-18)
(4.502568596286352e-05 1.409123497110717e-05 5.373333356031942e-20)
(4.073176702816951e-05 1.068154922806951e-05 5.996691836134459e-20)
(3.482670720593765e-05 6.903564888503105e-06 1.050591869181081e-19)
(2.751447565603428e-05 2.880585386397586e-06 1.37939605260651e-20)
(1.906640119101648e-05 -1.243008744588551e-06 8.395174313164024e-19)
(9.808035951649249e-06 -5.307868688646537e-06 2.376307560515007e-21)
(1.04210857429564e-07 -9.147706766355062e-06 3.918458128144564e-20)
(-9.65703948697837e-06 -1.25989039617523e-05 -2.319427037907328e-18)
(-1.908110320441512e-05 -1.551111892696979e-05 1.835165695648297e-18)
(-2.778329110169698e-05 -1.775805510382069e-05 -3.736477245750734e-20)
(-3.54047303861391e-05 -1.924746158283403e-05 3.474118259976673e-19)
(-4.162713719568778e-05 -1.992936389572661e-05 7.161829824596578e-20)
(-4.618600603963074e-05 -1.980158700538555e-05 5.723866388120039e-20)
(-4.888179227962479e-05 -1.891176417598934e-05 2.908533542728927e-18)
(-4.958871033952959e-05 -1.735524702497788e-05 -1.702241304975632e-19)
(-4.826081641893772e-05 -1.526859303945796e-05 3.832672031042679e-20)
(-4.493510237583509e-05 -1.281859444463235e-05 4.947425188861299e-20)
(-3.973139949699613e-05 -1.018709467092869e-05 1.092997640386715e-19)
(-3.284897126855138e-05 -7.552080185978163e-06 -1.889595714499655e-18)
(-2.455974741357995e-05 -5.065702377636799e-06 1.38471560437322e-19)
(-1.519819432240848e-05 -2.829955895494903e-06 -2.658391077718201e-18)
(-5.139731325484549e-06 -8.717848602847814e-07 2.013532188961818e-19)
(-1.692642279683694e-06 -1.155160648399827e-06 4.369843334724736e-18)
(-5.021598915237141e-06 -3.010026394173644e-06 -8.87023509638946e-20)
(-8.170709224222458e-06 -4.484516388986496e-06 1.012046912808304e-19)
(-1.103882941949634e-05 -5.604299309027523e-06 1.466671895403644e-19)
(-1.353022864320232e-05 -6.394367138909802e-06 2.641695801551199e-18)
(-1.556067005983025e-05 -6.881511796869225e-06 -1.15901344237665e-20)
(-1.706129693345599e-05 -7.093170561515372e-06 4.077288367590348e-18)
(-1.798216877345668e-05 -7.057372467607698e-06 -2.398700885687501e-19)
(-1.829514020708038e-05 -6.803278845566492e-06 4.625761145053217e-18)
(-1.799578295563116e-05 -6.361835746760902e-06 -1.421361275305231e-19)
(-1.710407511688793e-05 -5.766127251657113e-06 6.09632711086738e-18)
(-1.566363378778957e-05 -5.051123469136339e-06 -1.827309939386486e-19)
(-1.373935100301785e-05 -4.252641007322186e-06 3.522842004870942e-18)
(-1.141340300419086e-05 -3.405460578721238e-06 -2.654414744385546e-19)
(-8.779722121431545e-06 -2.540664291190861e-06 -4.967081895402289e-18)
(-5.937135613623214e-06 -1.682344044378817e-06 2.133793978554896e-18)
(-8.31450582495866e-05 -0.009776958481988944 -1.394974752584064e-18)
(-8.1000341847775e-05 -0.0140911779848392 -1.297791916328413e-18)
(-0.0002536205102350938 -0.01705460807642285 -1.242268662205424e-17)
(-0.0003188952694728137 -0.01863684039856504 -1.040521149806518e-17)
(-0.0003313409990588085 -0.01877184524565029 8.941985366316031e-18)
(-0.0002033250215801131 -0.01738436603556419 7.454820249359416e-19)
(-0.0003103712151589843 -0.01432380624638692 -4.330512043912974e-19)
(-0.0001938446885310904 -0.009964768227875464 4.930063414016387e-18)
(-1.70513012087497e-06 2.661874675903043e-06 -1.747551100744803e-19)
(-2.272487494869228e-06 4.235074557109079e-06 -2.599098351392194e-18)
(-2.43384647177544e-06 6.010176247476932e-06 -4.897787655295038e-21)
(-2.030747869358163e-06 7.972457699389861e-06 1.630985935891401e-19)
(-9.107185827009006e-07 1.008028053837598e-05 -3.203105366568178e-21)
(1.067595659251736e-06 1.227107573441065e-05 -2.998710639465839e-19)
(4.014551673639272e-06 1.446596332341125e-05 5.290454862084776e-18)
(7.960619425120895e-06 1.656713848962797e-05 -1.945515660581415e-19)
(1.279222601875836e-05 1.844992516837091e-05 1.75376656749753e-19)
(1.827773019789469e-05 2.000733040740581e-05 -5.099272630726205e-18)
(2.409817168312731e-05 2.11495103069397e-05 4.32259912656116e-19)
(2.988293775778674e-05 2.179902524283655e-05 -5.631889436883814e-18)
(3.524587956252627e-05 2.189139582951328e-05 7.92231342234504e-20)
(3.981642429353718e-05 2.137847573861307e-05 1.863395904240681e-20)
(4.326466190184355e-05 2.023213864849505e-05 -7.15562640554047e-19)
(4.532093504641026e-05 1.844728816139643e-05 1.133026479761263e-18)
(4.5790323430116e-05 1.60439469421899e-05 -8.461359359143412e-20)
(4.456211540105649e-05 1.306838999698672e-05 1.76987727519383e-18)
(4.161429303997243e-05 9.593298174087432e-06 8.226778716648761e-19)
(3.701316429458729e-05 5.716861986960337e-06 1.105986996772857e-18)
(3.090845757630157e-05 1.560706269161487e-06 3.940922006489431e-19)
(2.352438974155058e-05 -2.733539315594559e-06 -5.480348422385096e-19)
(1.514739143239433e-05 -7.009194873607147e-06 -2.529753637078188e-18)
(6.111299353118462e-06 -1.110109641768364e-05 -2.733660283930546e-21)
(-3.219093638084155e-06 -1.484367937019249e-05 -1.133744691107052e-20)
(-1.246529217880862e-05 -1.80802721742338e-05 5.23792202160688e-20)
(-2.125225950782292e-05 -2.067299914445251e-05 -2.093052767039639e-18)
(-2.92247234300652e-05 -2.25125262705982e-05 1.062133768801849e-20)
(-3.60620002077596e-05 -2.352678216750335e-05 2.232400494984883e-20)
(-4.149081025612157e-05 -2.368776894856963e-05 3.179056714404689e-20)
(-4.529569834722162e-05 -2.30156644139539e-05 2.099234320448377e-19)
(-4.732679184815257e-05 -2.157956673250151e-05 1.060384029464896e-19)
(-4.750474702578127e-05 -1.94943994785363e-05 1.145777577396817e-18)
(-4.582284645688776e-05 -1.691371360542813e-05 1.050691082407104e-19)
(-4.234631949507532e-05 -1.401835710411123e-05 -3.235233347080624e-18)
(-3.720905190833046e-05 -1.100122612924864e-05 5.084702135188851e-20)
(-3.060791337673819e-05 -8.048522056213012e-06 1.045659993790215e-19)
(-2.279495631444334e-05 -5.318077157416556e-06 8.772062792740672e-19)
(-1.406773732761106e-05 -2.915353988222451e-06 3.27133905920708e-18)
(-4.751413982034914e-06 -8.697644962854176e-07 -2.022815379776831e-18)
(-1.609879629999009e-06 -1.347717929361426e-06 -3.449910022134972e-20)
(-4.775625112199276e-06 -3.460522551372667e-06 9.381425502788272e-20)
(-7.768558135943452e-06 -5.103409035286119e-06 6.352047584633658e-19)
(-1.049071242601899e-05 -6.319146451775584e-06 1.412028955641089e-19)
(-1.28489972551182e-05 -7.146549990668692e-06 1.564115073398701e-19)
(-1.476168491301141e-05 -7.625119178229008e-06 1.667959019924561e-18)
(-1.616276052112402e-05 -7.794110652263624e-06 -9.041776958493189e-20)
(-1.700572827138901e-05 -7.692435605942871e-06 1.74489066610852e-20)
(-1.726648905929601e-05 -7.358971857226971e-06 -5.41392790428746e-18)
(-1.694498214438701e-05 -6.832910244837639e-06 1.273958858486271e-19)
(-1.606535886390897e-05 -6.153819558635644e-06 3.277396828452592e-20)
(-1.467454176943059e-05 -5.361202454247192e-06 -4.11095598942059e-18)
(-1.283912209606726e-05 -4.49341471925293e-06 1.846732494639579e-19)
(-1.064066241721962e-05 -3.585919302491065e-06 -4.244263756887793e-18)
(-8.169570531677995e-06 -2.668938629224213e-06 2.435671849881726e-19)
(-5.517803531463262e-06 -1.764635131363334e-06 4.450523506280257e-18)
(-0.0001092172923536196 -0.009694024905327283 -3.140593538495013e-18)
(-0.0001118972621260743 -0.0139673546353179 -1.701555406907584e-18)
(-0.0003456920332150654 -0.01693088242110713 -4.064539191217367e-18)
(-0.0004525912865121133 -0.01858607168366706 -1.161119164300978e-17)
(-0.0004755895801656345 -0.01881289608354178 7.564150340583591e-18)
(-0.0002720358155547255 -0.0174776278188246 3.827964939390159e-20)
(-0.0004564099779782158 -0.0143611811926688 -5.173042537120336e-19)
(-0.0002873460629737746 -0.01001807225097489 -1.11222155644889e-18)
(-1.137424672606555e-06 2.245768268961472e-06 2.582099352708277e-21)
(-1.472785976988872e-06 3.578238830507087e-06 -6.512047606403723e-18)
(-1.487976687326224e-06 5.092702702539764e-06 1.36479099117871e-19)
(-1.050865253419422e-06 6.788604270887542e-06 2.323270256176628e-19)
(-1.999155495628017e-08 8.647499738917708e-06 1.436357470419007e-19)
(1.764611020024093e-06 1.063803656639327e-05 -1.334984911103876e-20)
(4.475353410612719e-06 1.271559154771647e-05 -1.548183062758233e-19)
(8.222396342516644e-06 1.479535905377397e-05 -9.369348474356845e-20)
(1.285607620512695e-05 1.66631176838679e-05 1.185338044969577e-20)
(1.810430159669154e-05 1.815365465495218e-05 1.242213460223173e-19)
(2.362021525834112e-05 1.914614428713902e-05 5.504454814699454e-20)
(2.902670130474445e-05 1.955358392012764e-05 6.255796621792172e-20)
(3.394799228971946e-05 1.93171524061047e-05 6.242847885567367e-20)
(3.803383541678635e-05 1.840492428503379e-05 -1.565975751699153e-20)
(4.097956822282818e-05 1.681213886687324e-05 4.22927355174625e-20)
(4.254271765071491e-05 1.456149192236651e-05 4.939298546109411e-20)
(4.255569542081653e-05 1.170281950945177e-05 -5.787249509183463e-20)
(4.093407721547562e-05 8.311974545731435e-06 2.029166470760003e-18)
(3.76801627465556e-05 4.4888738543504e-06 -6.093365148766943e-19)
(3.288177104932726e-05 3.547423086192394e-07 -2.47715697743901e-20)
(2.670647425742937e-05 -3.951444272553509e-06 3.864233413523542e-20)
(1.939171303577545e-05 -8.277380451198434e-06 1.50291417017177e-19)
(1.123146624905759e-05 -1.246283602897931e-05 1.851277083395223e-20)
(2.5603504668157e-06 -1.634614762234012e-05 -1.175760025095963e-20)
(-6.263838318318685e-06 -1.977177381498108e-05 -3.945648377244335e-20)
(-1.487811173533048e-05 -2.259867472754356e-05 -2.689339332053152e-19)
(-2.293167418280194e-05 -2.470897058350913e-05 2.173955423016362e-18)
(-3.010182499281976e-05 -2.601620805295438e-05 -1.12247847072676e-19)
(-3.610762297374145e-05 -2.647245433869193e-05 -1.534739907350578e-19)
(-4.072079240142567e-05 -2.607347915980639e-05 -4.723345481098026e-20)
(-4.377355707108088e-05 -2.486138600117497e-05 8.178551143415334e-20)
(-4.516326115687063e-05 -2.292419249661859e-05 6.167645928098511e-19)
(-4.485380874055106e-05 -2.0391990496037e-05 1.13302300235832e-19)
(-4.287412656861435e-05 -1.742947693759555e-05 4.606784936387041e-20)
(-3.931403618950114e-05 -1.42248517531955e-05 3.026588330877502e-18)
(-3.431805913266868e-05 -1.097530825286755e-05 -2.591091892308098e-20)
(-2.807772942416597e-05 -7.869539177133254e-06 -3.293870919962123e-18)
(-2.082295101775967e-05 -5.067798253471662e-06 -2.168499531801142e-18)
(-1.281287345608803e-05 -2.680067557367816e-06 -2.304327639985414e-18)
(-4.321636548176848e-06 -7.465730074837293e-07 -7.788977757383228e-19)
(-1.508530874024888e-06 -1.534239475377004e-06 -3.502402169397715e-20)
(-4.474601216227056e-06 -3.885030542119527e-06 6.638664292692071e-18)
(-7.277312346049014e-06 -5.674752105389199e-06 1.265590287425282e-19)
(-9.823368592614496e-06 -6.96611104290679e-06 1.411266370168771e-19)
(-1.202383412970948e-05 -7.813228850067221e-06 2.001884700524522e-20)
(-1.380077855955917e-05 -8.269085117092938e-06 6.465226450847957e-18)
(-1.509189134796956e-05 -8.385148414679277e-06 -2.630180853240218e-19)
(-1.585441666652196e-05 -8.211408477388138e-06 -2.290123278206894e-18)
(-1.606797106280352e-05 -7.796536102000809e-06 -1.132097610669439e-19)
(-1.573593712325925e-05 -7.187932767958546e-06 6.70601546104438e-18)
(-1.488523840557142e-05 -6.431484579967264e-06 1.812223236110407e-18)
(-1.3564407959697e-05 -5.570900222768294e-06 3.284213457748666e-19)
(-1.183997394326621e-05 -4.646579480099819e-06 -5.770854183760775e-18)
(-9.791290760166095e-06 -3.694023897895119e-06 1.462754295305499e-18)
(-7.504043451267786e-06 -2.741858069504684e-06 -6.23969171317231e-18)
(-5.062708216895534e-06 -1.809573779419803e-06 -1.795352016564757e-19)
(-0.000131568680544138 -0.009588032728752227 -1.07918957748239e-17)
(-0.0001505259078250131 -0.01380503971256732 -3.16311599648378e-18)
(-0.0004265183925783819 -0.01675442073681573 -3.053706897528331e-18)
(-0.0005867607485741748 -0.0185119248452014 -1.121282459283254e-17)
(-0.000627692978705985 -0.01888485088096062 -8.641660814284803e-18)
(-0.0003536189804699694 -0.01766517971876302 -1.9196461039755e-18)
(-0.0005931239190421051 -0.01453628547331222 8.491304101556411e-19)
(-0.0003587894911583243 -0.009553300088647909 -1.293072639693547e-18)
(-6.662051948223661e-07 1.618637475135718e-06 -1.092510939248659e-19)
(-8.294265953602618e-07 2.57776723204821e-06 2.202698672517248e-18)
(-7.659465354734919e-07 3.673770578086532e-06 6.004101944444156e-19)
(-3.750842604833518e-07 4.918086267365201e-06 -4.931997104211029e-18)
(4.661107465358757e-07 6.321770116580284e-06 1.00853893412345e-18)
(1.936061402485272e-06 7.911547317768783e-06 2.679507963194465e-19)
(4.316930837872579e-06 9.745550295006959e-06 -5.036894696438021e-20)
(7.948627652361426e-06 1.18786079239436e-05 -4.092483002719947e-19)
(1.246086239071521e-05 1.382233832962607e-05 -1.483429297854214e-19)
(1.749452139332549e-05 1.529291215692104e-05 -9.084071728204086e-19)
(2.268186812467597e-05 1.615344790470018e-05 -1.333448976147023e-19)
(2.76645055503769e-05 1.633055439283416e-05 5.891627225773339e-18)
(3.209881945949108e-05 1.578822606420246e-05 7.177140113136978e-19)
(3.566981654299067e-05 1.452131319793219e-05 -5.580263107015466e-20)
(3.81073844730735e-05 1.255408351883433e-05 4.681563510152141e-19)
(3.920124365227283e-05 9.939235914915032e-06 5.722150656287456e-20)
(3.88126822545294e-05 6.756084096717126e-06 9.020095096419424e-19)
(3.688214836492605e-05 3.107727695331967e-06 -4.648624485985001e-20)
(3.343229717807524e-05 -8.82650734616592e-07 3.254997457650725e-18)
(2.856641624183944e-05 -5.076142425721082e-06 -1.704826313591046e-18)
(2.24623870745044e-05 -9.322915975687636e-06 -2.556537873622993e-20)
(1.536255072810542e-05 -1.346734970028747e-05 1.113925862262238e-18)
(7.560071203537683e-06 -1.735351547842157e-05 1.628399843530574e-18)
(-6.17351126408071e-07 -2.083114309714613e-05 3.882646320279451e-20)
(-8.825390441786606e-06 -2.376218384758351e-05 3.210588244377612e-19)
(-1.672138651026274e-05 -2.602783323894884e-05 1.508752008255956e-18)
(-2.398176237989528e-05 -2.753559378404491e-05 -2.832601558464731e-18)
(-3.031746024623129e-05 -2.822577790982127e-05 3.189073006104651e-20)
(-3.54865326309124e-05 -2.807679946324201e-05 -5.303263696679243e-20)
(-3.930335530381423e-05 -2.710867056633062e-05 2.434138923508308e-18)
(-4.164420542248216e-05 -2.538422257086521e-05 -3.113581309137094e-20)
(-4.24491463078447e-05 -2.300765898953939e-05 -3.189804173830231e-20)
(-4.172037706834234e-05 -2.012016067113177e-05 5.594311774031894e-20)
(-3.951745233354658e-05 -1.689239982188015e-05 -1.894518786663644e-18)
(-3.595006915197959e-05 -1.351404321284699e-05 3.179428774807101e-18)
(-3.116932754576357e-05 -1.018057616353511e-05 -5.31197469894288e-20)
(-2.535840238894178e-05 -7.077966371904672e-06 2.310179664821439e-18)
(-1.872341491846629e-05 -4.365760626329814e-06 2.141695170797987e-20)
(-1.148510898472179e-05 -2.159161860165303e-06 -8.085953913682223e-20)
(-3.868164657422047e-06 -5.16517293729004e-07 4.807729686089186e-18)
(-1.389690086135286e-06 -1.69835655204029e-06 5.794159735647005e-18)
(-4.121689201046328e-06 -4.246334601598232e-06 3.37112108513674e-20)
(-6.701882120073509e-06 -6.148344147280968e-06 4.884200066132512e-19)
(-9.04306650644567e-06 -7.4880731174726e-06 2.492749946699987e-19)
(-1.106201100141272e-05 -8.33512570115331e-06 -1.072992095741097e-20)
(-1.268596983629674e-05 -8.755634937733623e-06 -1.326260970157361e-18)
(-1.385731277113542e-05 -8.812702019365026e-06 5.830260296533186e-18)
(-1.453740481490158e-05 -8.566707536151303e-06 -4.009078997113232e-19)
(-1.470927732762789e-05 -8.075390161980706e-06 5.135472430162891e-18)
(-1.437879685856189e-05 -7.393628232892318e-06 -7.694698660009909e-20)
(-1.357416530083051e-05 -6.572888450033043e-06 1.424501661522813e-19)
(-1.234369705528246e-05 -5.660345234386106e-06 -4.572268459319707e-18)
(-1.075194543800971e-05 -4.697702185704506e-06 -3.48520053345598e-20)
(-8.874341094258981e-06 -3.719772854721799e-06 -2.921948703497703e-18)
(-6.790583306421293e-06 -2.752901140808421e-06 -3.216353907509185e-19)
(-4.577094131263596e-06 -1.813323656127091e-06 -1.528337329467331e-18)
(-0.0001241000903181418 -0.009473115847163364 -7.837948232751689e-18)
(-0.0001762262055639986 -0.01361756536317981 -1.423261651983016e-17)
(-0.0004287327415845203 -0.01652379135355094 -4.131647756947862e-18)
(-0.0006455185183560758 -0.0183927382359891 -2.204221222927216e-18)
(-0.0007448870204131423 -0.0189333525319561 -3.129000207670966e-18)
(-0.000585248783556632 -0.01787555213074257 -1.227609538692249e-17)
(-0.0009566597730728608 -0.01477672207754264 -2.063697493173329e-18)
(0.0003186958718447414 -0.007716054555557173 -1.026499234377258e-17)
(0.0005801393413307819 -0.003861960025200823 7.631409793726018e-19)
(0.001282407648530877 -0.001045970705702984 -2.981931561619961e-18)
(0.001541335941640087 -6.035956862484264e-05 -6.54304369840319e-18)
(0.001463102556346 0.0002629822127934041 -8.561004596209893e-18)
(0.001187370495629742 0.0003140988917475713 -3.138997028531671e-18)
(0.000880451604855375 0.0002874197907435134 -2.798268573685511e-18)
(0.0006180925757174605 0.0002599246194158447 5.680118313960955e-18)
(0.0005049426035069081 0.000275332633724307 7.573362004095359e-19)
(1.163611139250067e-05 1.036047705071279e-05 4.229217035256524e-20)
(1.649187614910031e-05 1.184938680914155e-05 -1.872041699493289e-19)
(2.132406054351213e-05 1.257433688433315e-05 -1.419663672091325e-20)
(2.584186705640581e-05 1.252151308659322e-05 -4.902595430623113e-20)
(2.975791113088823e-05 1.169586235048306e-05 1.805100949574592e-20)
(3.280471787369624e-05 1.012541360704265e-05 -2.350420499204741e-19)
(3.475290081962623e-05 7.864557228115651e-06 9.724433706684966e-19)
(3.54267156147379e-05 4.994233973902237e-06 9.943790982467543e-20)
(3.471571992360494e-05 1.619653640211414e-06 -2.150412419199291e-18)
(3.258208632991129e-05 -2.133669527901085e-06 -1.32815947123109e-18)
(2.90634382231706e-05 -6.124961077165047e-06 -8.895467207700912e-20)
(2.427128302184747e-05 -1.020382842268274e-05 -7.377946177083294e-19)
(1.838526143624287e-05 -1.421606491223406e-05 -3.754991360672739e-20)
(1.164352586536439e-05 -1.800926799382097e-05 -3.220727421003268e-20)
(4.329683654886573e-06 -2.14381324290169e-05 1.632155197930285e-18)
(-3.243046428155153e-06 -2.436957045277247e-05 2.363119422195028e-19)
(-1.074952442467491e-05 -2.668796535429895e-05 2.841078127687273e-19)
(-1.787094412397617e-05 -2.830063616238274e-05 8.906705153733228e-19)
(-2.431220432236748e-05 -2.914315153128874e-05 2.084516524931935e-18)
(-2.981701532490423e-05 -2.918395869780165e-05 -9.787416180918794e-20)
(-3.417970652294612e-05 -2.842785813134577e-05 3.039615201447075e-20)
(-3.725313509760596e-05 -2.691795176213455e-05 -2.074120850014535e-18)
(-3.895243279723433e-05 -2.473568139243023e-05 -4.562413176256503e-20)
(-3.925457026924682e-05 -2.199854955052538e-05 2.039068802686708e-18)
(-3.819399582521196e-05 -1.885525178897912e-05 5.645241114103493e-20)
(-3.585495620535696e-05 -1.547818914155309e-05 3.275778518486215e-19)
(-3.236154398641305e-05 -1.205365472412337e-05 5.750962057259667e-18)
(-2.786683100407836e-05 -8.770298794869881e-06 -3.366171206279223e-20)
(-2.254243516871493e-05 -5.806628510066168e-06 1.72442312296545e-18)
(-1.656947819639668e-05 -3.318238820944775e-06 4.789635685538527e-20)
(-1.013149006999129e-05 -1.42529125804567e-06 1.930579852156795e-19)
(-3.407194514057452e-06 -2.091633667850902e-07 1.425561876279765e-18)
(-1.255205750487097e-06 -1.821024182050075e-06 -1.05912352142895e-19)
(-3.722324661281531e-06 -4.501662903564252e-06 5.615844174142266e-21)
(-6.050972099570285e-06 -6.46700563978442e-06 2.05307441192019e-19)
(-8.161346055256952e-06 -7.820503470820335e-06 -5.581559369210443e-18)
(-9.977412262867388e-06 -8.645806151170933e-06 1.325216088789192e-19)
(-1.143298221463679e-05 -9.020552737913591e-06 -1.758797273698387e-18)
(-1.24760883215477e-05 -9.017754189225881e-06 -6.795201174153942e-18)
(-1.307260377051006e-05 -8.70646588317257e-06 -3.901500657374149e-19)
(-1.320867642033686e-05 -8.151841788602444e-06 3.247238287032501e-18)
(-1.28916961450103e-05 -7.414696498688443e-06 -1.914461192800429e-19)
(-1.214964112634584e-05 -6.550691820965231e-06 -5.978679530078755e-20)
(-1.10287694254576e-05 -5.609267268690801e-06 6.672208073007293e-18)
(-9.589736759207116e-06 -4.632427164942489e-06 -4.856846124782934e-19)
(-7.902322663561648e-06 -3.653496776183504e-06 -2.563518919202281e-19)
(-6.039005132103998e-06 -2.695949123575022e-06 -1.749641062780179e-18)
(-4.06765144128049e-06 -1.772391227473794e-06 -2.424315304860674e-19)
(-4.061422499191335e-05 -0.009395319303652415 -1.125535263179734e-17)
(-0.0001286562128243866 -0.01345350461232433 -1.711549015907385e-17)
(-0.0001923890683313227 -0.0162704643739417 -1.22689457382708e-17)
(-0.0003701295894105727 -0.01820658605374306 -2.759700529530486e-18)
(-0.0004478622793337945 -0.01880917963152631 -1.000423109982661e-17)
(-0.0005141041581143651 -0.01781487511923972 -1.000590935756813e-17)
(-0.0009515907663402797 -0.01505797578470288 -5.537339307417533e-19)
(-0.0005344979858854814 -0.009552432738855645 -9.185298545684111e-19)
(0.0006750225814329041 -0.003278806272508341 -2.839623761473253e-18)
(0.001791951459213711 -0.0004047548613113576 -2.642671738299953e-17)
(0.002186802816921963 0.0003269757742409127 -1.22948026351902e-17)
(0.001996069951958519 0.0004205281741414696 -1.810164213547033e-18)
(0.00155124905058086 0.0003717654947291703 1.065292021756935e-18)
(0.001179869467840952 0.0002006027312216648 9.29625044576071e-18)
(0.00063373776143155 0.0002138719058884811 -7.017765244437706e-18)
(0.0005451266563246207 0.0004073025581379255 5.33334736648185e-20)
(1.050350478122835e-05 6.932926934721979e-06 -2.165658379549035e-19)
(1.517521028191718e-05 8.347140190196386e-06 6.040152150525491e-18)
(1.960374004856755e-05 8.868205247753239e-06 1.572512150523068e-18)
(2.361625301719721e-05 8.563276298171468e-06 5.233500602435197e-20)
(2.699610848265477e-05 7.47533371463693e-06 -3.608004875163625e-20)
(2.952863255255202e-05 5.659703293247703e-06 -1.077999793091774e-18)
(3.102694991186615e-05 3.194691126765935e-06 -1.216008928514152e-19)
(3.134937673832713e-05 1.829033577022739e-07 -3.872690986161726e-20)
(3.041129566784973e-05 -3.251584862762509e-06 -3.004370587808577e-18)
(2.819230276427265e-05 -6.968162002280506e-06 -1.491270653616947e-18)
(2.473892700301109e-05 -1.081574757659911e-05 3.568753367797679e-20)
(2.016325716714187e-05 -1.463936554228122e-05 -2.9871554902828e-20)
(1.463787933958472e-05 -1.828666187469281e-05 5.990905232010459e-22)
(8.387489452813809e-06 -2.161381271853459e-05 1.163255603540467e-20)
(1.677394009911453e-06 -2.449047643688805e-05 5.366314361316598e-20)
(-5.200826240608827e-06 -2.680388319298852e-05 -1.177476178732977e-18)
(-1.194598483432972e-05 -2.846268612389049e-05 2.95853343074371e-21)
(-1.82652090408744e-05 -2.940099987280278e-05 -6.755374385834289e-19)
(-2.389135947806435e-05 -2.958208340447669e-05 -2.157502069911245e-19)
(-2.85981980284733e-05 -2.900111142062643e-05 -7.067598227034612e-20)
(-3.221198523447244e-05 -2.76869360734954e-05 -2.059311051000394e-20)
(-3.46186883998221e-05 -2.570283114564116e-05 -4.065071204373429e-20)
(-3.576635782533057e-05 -2.314578996768542e-05 -8.705518055210846e-20)
(-3.566265631639175e-05 -2.01436791608386e-05 2.695194263179786e-18)
(-3.436798502228378e-05 -1.684982473421797e-05 -1.866262374835441e-18)
(-3.198510316381907e-05 -1.343521063778587e-05 3.185041838642296e-19)
(-2.86466903143131e-05 -1.007903792004348e-05 -5.734204130250397e-18)
(-2.450279339778088e-05 -6.95878452173105e-06 1.576634619205292e-19)
(-1.971005267013186e-05 -4.241003918023121e-06 8.713328406323447e-19)
(-1.442360468685241e-05 -2.07362584564311e-06 2.669767845973218e-19)
(-8.791810485968071e-06 -5.800046073683313e-07 -3.414222090844035e-18)
(-2.952366164570434e-06 1.340288924222503e-07 -4.908153008972852e-18)
(-1.107687243744092e-06 -1.882586398854787e-06 -1.018001004963053e-20)
(-3.284242178689962e-06 -4.607534382911055e-06 1.791654523636017e-19)
(-5.337138317830937e-06 -6.573295258974665e-06 6.493990542209241e-20)
(-7.1951212135264e-06 -7.899313695078174e-06 4.761697431446097e-18)
(-8.790690268341023e-06 -8.68005828734723e-06 -5.984687011242355e-20)
(-1.006544615663179e-05 -9.00160032062179e-06 -1.025276588931798e-19)
(-1.097394507453486e-05 -8.943925718562541e-06 -1.336363554257874e-19)
(-1.14868753857311e-05 -8.58196800976904e-06 4.296567692075046e-18)
(-1.15931752066869e-05 -7.985679606637526e-06 -3.917278607880353e-19)
(-1.130082970077142e-05 -7.219445872852243e-06 -6.312794934765431e-20)
(-1.063618913468194e-05 -6.341089295994846e-06 4.22736815004836e-18)
(-9.641749556872528e-06 -5.40066688600304e-06 -4.862838160677283e-18)
(-8.372493195986635e-06 -4.439251139246229e-06 7.993152558646916e-21)
(-6.89095326077515e-06 -3.487849283813674e-06 1.394182247293994e-19)
(-5.26125742730685e-06 -2.566611272960921e-06 -1.176216074506025e-20)
(-3.542339223516506e-06 -1.684406587274434e-06 -3.357645213445309e-20)
(0.000159468333549662 -0.009454350985416063 -1.128778839346797e-17)
(8.035032961757553e-05 -0.01345663452031068 -3.046453449015751e-17)
(0.0005309987977030193 -0.0161948707993524 -4.658991458892877e-18)
(0.0007077842070863295 -0.01821149163479558 -2.005351596280584e-18)
(0.001099941425194205 -0.01879257522957461 -3.762692980597161e-18)
(0.001408820561126828 -0.01766709079163409 -9.56807069135081e-18)
(0.001453060531150905 -0.01477500223237178 -9.442629120436621e-19)
(0.001778368978775734 -0.009966744911641845 -1.874548051905626e-18)
(0.002817943266351465 -0.005096502960907137 4.540359621764688e-19)
(0.003857358537579883 -0.00179550408773136 8.50010344564693e-18)
(0.004108520159652593 -2.452335901036062e-06 8.68757903407451e-19)
(0.003608500944956172 0.0008565548758746035 -2.200744279915404e-18)
(0.002687869448266403 0.001119532418860169 -2.094964290475024e-19)
(0.001891875337254336 0.0009859617744769321 1.038190847866821e-18)
(0.0006113672068078554 0.001092817662242024 -2.411759449303064e-20)
(0.0006602690531314285 0.0008354427548674121 8.640654422843865e-19)
(9.375143780598441e-06 4.298027772451241e-06 5.133786388495472e-18)
(1.364775446328187e-05 5.276812901867803e-06 -3.50413552729127e-19)
(1.758218464003192e-05 5.460066946033452e-06 -3.810637584728211e-20)
(2.105151228640927e-05 4.871693610755895e-06 4.189693765416294e-21)
(2.389264144477422e-05 3.550904251506198e-06 6.874115991062916e-21)
(2.593882810628719e-05 1.56115184124793e-06 4.241856518716378e-19)
(2.70431585195248e-05 -1.0077445663351e-06 -1.58117911160947e-18)
(2.709524643125429e-05 -4.041864150446713e-06 1.890168416489681e-18)
(2.603263780350407e-05 -7.407953087861527e-06 -1.086374729426597e-20)
(2.384759841463037e-05 -1.095956215626647e-05 3.816394306747287e-20)
(2.058963715787605e-05 -1.454390267194858e-05 9.317487052483339e-21)
(1.636428725088871e-05 -1.800892422045746e-05 1.126106671787313e-21)
(1.132884089653238e-05 -2.12101162863753e-05 5.52022488846783e-21)
(5.685689863052599e-06 -2.401640328046151e-05 2.869980508828807e-20)
(-3.26602417140406e-07 -2.631458537593733e-05 -2.348471762857587e-20)
(-6.444710886037951e-06 -2.801227209742576e-05 -1.182997360157923e-19)
(-1.239508418923079e-05 -2.904051320209435e-05 2.757542609401377e-20)
(-1.791126012835702e-05 -2.935720070604254e-05 -3.873879007529752e-20)
(-2.275167717890681e-05 -2.894966319483792e-05 -1.00451628854707e-21)
(-2.671563674006569e-05 -2.783563573333797e-05 -2.945491814175931e-18)
(-2.96556746456505e-05 -2.606346505014222e-05 -3.707386884958877e-20)
(-3.148494216993151e-05 -2.371213975591279e-05 1.79546657262062e-18)
(-3.217862743307674e-05 -2.089042290663655e-05 -1.492439980517197e-19)
(-3.176944446145816e-05 -1.77337498003174e-05 2.678272167482326e-18)
(-3.033813048799691e-05 -1.439805845731076e-05 -2.054209278506246e-22)
(-2.800034439144074e-05 -1.105098522243493e-05 5.441141258907474e-19)
(-2.489178262790603e-05 -7.861993768173178e-06 4.071363502504433e-19)
(-2.115426264588118e-05 -4.993536781009518e-06 7.961032162318752e-20)
(-1.692577052682192e-05 -2.595548999219984e-06 7.550007633535329e-20)
(-1.233459599876859e-05 -8.037569460429134e-07 -2.272612230627957e-20)
(-7.496547269740495e-06 2.58886349728581e-07 4.677234697660013e-18)
(-2.51403206810106e-06 4.647759995561043e-07 -3.165388235513512e-18)
(-9.504302082505842e-07 -1.865103703464852e-06 1.59088341710706e-19)
(-2.81725148334978e-06 -4.525231865853247e-06 -3.41902380097763e-18)
(-4.576413273614825e-06 -6.417063138681664e-06 1.39642894989381e-18)
(-6.166156426267279e-06 -7.669614753164902e-06 3.14328769815705e-18)
(-7.528601463545987e-06 -8.383147767407296e-06 8.095643599024422e-20)
(-8.614099671668375e-06 -8.647709425523616e-06 -9.96891420408714e-19)
(-9.384347919916161e-06 -8.546172072251097e-06 1.047531865336146e-22)
(-9.81498703562188e-06 -8.155535882296361e-06 1.686152570208277e-18)
(-9.89737190453682e-06 -7.547047728706947e-06 4.800614835213415e-18)
(-9.639244890028917e-06 -6.785563683213858e-06 8.947519878054703e-19)
(-9.064121710794688e-06 -5.928474354357539e-06 -1.25806888824481e-18)
(-8.209317258852343e-06 -5.024447591645345e-06 -4.212733460379023e-20)
(-7.122667916543935e-06 -4.112230586789535e-06 -6.457981032004483e-18)
(-5.858156672545892e-06 -3.219725277908096e-06 1.44138607890477e-18)
(-4.470627916473174e-06 -2.363497829544967e-06 1.603716489975097e-19)
(-3.009847615594681e-06 -1.548881923997244e-06 1.107448933817612e-20)
(0.0004735873453835487 -0.009813867614173482 -5.965686392830943e-18)
(0.0004117314952489358 -0.01383969873717852 -3.892468137174701e-18)
(0.001868130632991122 -0.01664076101787378 -9.966966430098682e-19)
(0.002802769633743927 -0.01886631058631058 -5.69469127115665e-19)
(0.004104082725279087 -0.01945730937603849 -1.07049518437965e-18)
(0.005182422157055863 -0.01819420181414813 -1.165924671510021e-18)
(0.005920216874748038 -0.01517350102711488 -1.855615319932516e-18)
(0.006544789854702841 -0.0106648023629591 -1.137093278825157e-17)
(0.007300921897095488 -0.005899119276847287 -9.969593185619844e-19)
(0.007755013232177283 -0.002105793249418335 1.159709636645535e-17)
(0.007403855391131189 0.0004258021413891117 1.598171041106371e-17)
(0.00625834238077423 0.001830732189945087 -1.128140797351737e-17)
(0.004564935828884803 0.002292334232502875 -1.936733310537787e-18)
(0.003105809104977741 0.002042441364082691 1.819427381480731e-19)
(0.0008613082916582248 0.002044015169281029 1.350231645709064e-18)
(0.0008966920278248084 0.001553957466971032 1.082413198000921e-18)
(8.171263937945678e-06 2.392197412916025e-06 -1.946006522548878e-18)
(1.191889974800383e-05 2.836220487299843e-06 -4.710941006402122e-19)
(1.530039482890242e-05 2.637421275103989e-06 -8.402068744491149e-20)
(1.821218302175583e-05 1.778833920081015e-06 -7.451986495910273e-20)
(2.053272393523573e-05 2.840761038234649e-07 -7.717574632721538e-19)
(2.213724049778161e-05 -1.787645893769297e-06 1.23089368740958e-19)
(2.291477880671765e-05 -4.346594161757808e-06 9.791419156948961e-19)
(2.2782481537067e-05 -7.278587455309923e-06 5.954571731680425e-19)
(2.16959888817668e-05 -1.045182150184851e-05 -1.39863521140908e-18)
(1.965569223009046e-05 -1.372413948065587e-05 2.205279014034377e-20)
(1.670897966809387e-05 -1.695038252075808e-05 1.780953112686019e-21)
(1.294899210516672e-05 -1.998948275735795e-05 7.527979726611325e-21)
(8.510898741446131e-06 -2.27109163163596e-05 7.299039920911735e-21)
(3.566960637724301e-06 -2.499994103068951e-05 -3.675315337075071e-19)
(-1.678955653860049e-06 -2.676090971301837e-05 -3.822612951741936e-19)
(-6.997963889775628e-06 -2.791853610905648e-05 -1.223271983159769e-20)
(-1.214659889654931e-05 -2.841960777864633e-05 2.376657683067971e-19)
(-1.688343701437226e-05 -2.82383607609705e-05 3.520063363453112e-20)
(-2.09880711666134e-05 -2.737920051232016e-05 6.019640993271966e-20)
(-2.427910786824243e-05 -2.587584765845418e-05 -3.584328266721571e-19)
(-2.66287974714347e-05 -2.379014179558568e-05 -1.990563377857666e-20)
(-2.79716097139021e-05 -2.121167459268524e-05 -7.148462729640639e-20)
(-2.830494670624187e-05 -1.825704454383979e-05 -8.354339860393691e-20)
(-2.768229025636951e-05 -1.506676326007363e-05 2.711686569454498e-18)
(-2.620067564674741e-05 -1.179827844594874e-05 1.732113487971235e-18)
(-2.398464159474273e-05 -8.615258891621043e-06 3.824299097701293e-21)
(-2.116845292016341e-05 -5.675755859039979e-06 2.812136937724324e-19)
(-1.788043551205379e-05 -3.123295566989127e-06 4.661848271882901e-20)
(-1.423588834215637e-05 -1.085881369065358e-06 1.172419849856365e-19)
(-1.033547679375486e-05 3.18494711025962e-07 3.203928291925109e-20)
(-6.265445750461697e-06 9.727122132568121e-07 -5.275886048602721e-18)
(-2.098780578020643e-06 7.342533092828478e-07 2.453333450197383e-19)
(-7.872409912338361e-07 -1.754752663306325e-06 -2.020025788502827e-20)
(-2.332706390392866e-06 -4.226469041999437e-06 1.935693166575635e-20)
(-3.787403909630022e-06 -5.963205924590853e-06 2.736816212813153e-19)
(-5.099793939930021e-06 -7.094585125279849e-06 1.497355095735394e-18)
(-6.222378304590517e-06 -7.720035014639748e-06 -1.108801885348813e-21)
(-7.114840302536443e-06 -7.927964983815532e-06 3.706499395153383e-18)
(-7.746271928406865e-06 -7.79909605763511e-06 -2.019261630829659e-19)
(-8.097168821913467e-06 -7.407871834612823e-06 4.227597898032749e-18)
(-8.160893889608495e-06 -6.822660223910777e-06 5.976183069012248e-18)
(-7.944270498075291e-06 -6.10517020037892e-06 5.930633866744158e-19)
(-7.46708544300677e-06 -5.309398066726716e-06 -1.10661515861142e-19)
(-6.760441650881851e-06 -4.480396585322373e-06 -1.095807024045815e-19)
(-5.864019157248226e-06 -3.653142863549496e-06 3.091339677535803e-20)
(-4.822362106364671e-06 -2.851741800600577e-06 1.63676422181324e-19)
(-3.680453687066558e-06 -2.089181184053261e-06 2.414547112997004e-20)
(-2.478745030595579e-06 -1.367765392648514e-06 4.04362265434163e-21)
(0.0009686513086119507 -0.01075102340850023 -5.506866663194339e-18)
(0.0006209039566623744 -0.01487940074944384 -3.600864257393058e-18)
(0.003997198515706746 -0.01808563117373602 -3.290682426392303e-19)
(0.006250147737150533 -0.02063353496127185 -1.383245244426677e-18)
(0.008888496666091086 -0.0211412470814846 -4.204650636033707e-19)
(0.01097299320004873 -0.01952931233256984 -1.722585736708529e-18)
(0.01242692023109481 -0.01610034453339875 -8.163440926312994e-19)
(0.01333882974653966 -0.01136894005099953 -2.976767947358184e-18)
(0.01383206865228791 -0.006298131384402556 -1.057180921117079e-17)
(0.01367006317730495 -0.001831118340894735 -2.137019019744111e-18)
(0.01255455188908879 0.00155946975239675 -9.282455434362888e-18)
(0.01048658692954347 0.003675931026693898 -4.997671507805488e-18)
(0.007623417332454082 0.004455768449399721 -8.74278463106868e-19)
(0.005022200313470315 0.004026174564676428 9.169825988144206e-19)
(0.001036584061190548 0.003618980474032349 8.628530475850541e-18)
(0.001331477733903224 0.002825517534061755 1.484575419736103e-18)
(6.862510564441477e-06 1.078660221900864e-06 -1.656995489240926e-19)
(1.001017167932285e-05 1.071372708905029e-06 -2.835255092084799e-18)
(1.280979594042372e-05 5.559397930199458e-07 -1.848296346481049e-19)
(1.517276600126755e-05 -4.942185663263051e-07 -1.97060082960203e-19)
(1.700889351917683e-05 -2.063466768159996e-06 6.555682657626942e-18)
(1.822834167599686e-05 -4.099840262324322e-06 3.903506701767647e-20)
(1.875108250569153e-05 -6.521269882662443e-06 8.342408217252916e-20)
(1.851759729862464e-05 -9.222632657971612e-06 2.171513505396963e-20)
(1.749764620518918e-05 -1.208336269818201e-05 -1.138116647924936e-20)
(1.56958199220179e-05 -1.497523420880103e-05 -5.073084726662957e-21)
(1.3153475968853e-05 -1.776988383975824e-05 5.618453014634504e-21)
(9.947299612042592e-06 -2.034560232054451e-05 1.676092237995486e-19)
(6.185556275499635e-06 -2.259287038888566e-05 1.237589423106253e-20)
(2.004135319608712e-06 -2.441790669416711e-05 -1.64537379786692e-21)
(-2.435322519706972e-06 -2.574312731782984e-05 -2.21340290203069e-20)
(-6.944581334006588e-06 -2.650407617382105e-05 -2.541614755530667e-20)
(-1.131102567132483e-05 -2.664899426381906e-05 -5.84889009631182e-19)
(-1.531444356736794e-05 -2.615508000365619e-05 7.68047587927624e-20)
(-1.874886326291153e-05 -2.503324573469847e-05 -2.557146017710455e-18)
(-2.144470555157747e-05 -2.332520008776644e-05 6.696897354834968e-20)
(-2.328732139900364e-05 -2.110067602043258e-05 1.747389613504246e-20)
(-2.422718058765088e-05 -1.845590337636602e-05 -2.331752536467497e-20)
(-2.427981257211863e-05 -1.55121812839918e-05 -4.619852052141965e-20)
(-2.351657634301575e-05 -1.241282417624792e-05 -1.599193442306398e-18)
(-2.204903212126757e-05 -9.316231800811717e-06 1.254173747079742e-18)
(-2.000973773977777e-05 -6.383029175106771e-06 -6.193127462963495e-19)
(-1.753015688714843e-05 -3.759243211905357e-06 3.235446704926476e-18)
(-1.471976043610412e-05 -1.564666357177242e-06 3.17887149232314e-19)
(-1.166635817479258e-05 1.009432898878802e-07 -4.075131530203681e-18)
(-8.442132527112438e-06 1.143541355114706e-06 -2.605811858226539e-18)
(-5.10688019448517e-06 1.458784233239734e-06 -4.242855733466248e-18)
(-1.709357490121022e-06 8.999924524040644e-07 3.044274164824943e-19)
(-6.221376609401915e-07 -1.5441884042189e-06 1.411138791135713e-20)
(-1.842603432151198e-06 -3.698971515225802e-06 -6.542119048496077e-18)
(-2.989772368824179e-06 -5.199130740836128e-06 5.14144857221255e-20)
(-4.022820651137767e-06 -6.163757431135175e-06 3.619335794658358e-20)
(-4.905033459549945e-06 -6.683730977589605e-06 -1.314623244275133e-19)
(-5.605519688369268e-06 -6.83947218140012e-06 -2.211900145194895e-18)
(-6.100569080393038e-06 -6.703922613194441e-06 1.995825199983729e-19)
(-6.375200143240992e-06 -6.343913045943773e-06 -4.988751070062342e-19)
(-6.42440019733956e-06 -5.820473250037162e-06 -2.209690285407876e-19)
(-6.253635650406994e-06 -5.188365473410804e-06 1.742712953746918e-19)
(-5.878462261870018e-06 -4.495131928561585e-06 -9.307805006198775e-19)
(-5.323225607745379e-06 -3.779958079346089e-06 3.945780155295145e-18)
(-4.618920873401041e-06 -3.07264592919014e-06 -9.338461606888644e-20)
(-3.800318550264276e-06 -2.392971549543873e-06 2.297050510013631e-20)
(-2.902392973728367e-06 -1.750581612561794e-06 7.452550139358251e-21)
(-1.956385043472156e-06 -1.145629274700195e-06 1.906235670327952e-21)
(0.002378716050662698 -0.01272253016137166 -9.51618244198115e-18)
(0.0006402462789554068 -0.01709626798253979 -2.303719268665679e-17)
(0.007536774324837412 -0.02133955728710367 -6.545963200487065e-18)
(0.01179019881652456 -0.02407642866607962 -1.765536437845515e-17)
(0.01601307403427052 -0.02413180855550657 5.99142259992009e-19)
(0.01908959877377268 -0.021754427955911 -9.557909204979381e-18)
(0.02110673934940727 -0.01751370864166944 -1.433507420776561e-18)
(0.02218155102396294 -0.01207330737752043 -5.502522928545064e-19)
(0.02242797216556078 -0.006255919744830652 -1.562971725426458e-18)
(0.02173067308905955 -0.0008412764067284113 -1.129576241679456e-18)
(0.01988577831641887 0.003620911379569556 -2.489690924870055e-18)
(0.01682838573624166 0.006715188655290848 -1.319838334071066e-17)
(0.01253684260402954 0.008092689299302635 -2.437816709267432e-18)
(0.008193197039369011 0.007594718465416353 -2.052232582769072e-18)
(0.001096401567699244 0.006238567641522441 -1.091834190380827e-17)
(0.002586856943127977 0.004997237793619938 -3.052974818347616e-18)
(5.473820537472366e-06 2.509807726504103e-07 2.408648265649989e-20)
(7.979251302928959e-06 -4.429570084048349e-08 -1.569390810747212e-19)
(1.018760978060192e-05 -7.367671786480704e-07 -2.145617952787861e-19)
(1.20238859392845e-05 -1.84498419217229e-06 5.003282634905017e-18)
(1.342081190274479e-05 -3.353155414670465e-06 -2.066279395245148e-19)
(1.431530893791257e-05 -5.216012219824923e-06 -1.528751513182354e-20)
(1.465213728798261e-05 -7.363360086393243e-06 -8.339144380147834e-20)
(1.43905317178377e-05 -9.705837250634751e-06 1.651247086920058e-18)
(1.351067847744133e-05 -1.214177689377351e-05 9.4939961091345e-19)
(1.201822141259305e-05 -1.45646609197702e-05 -7.437337038665085e-20)
(9.945796912343326e-06 -1.687059355829799e-05 -7.667887743423524e-21)
(7.351335413186867e-06 -1.896504828142673e-05 1.057560661724046e-20)
(4.313665251696948e-06 -2.076784277222537e-05 -3.814624566086147e-19)
(9.278630572599495e-07 -2.221467236330262e-05 -9.273179786607118e-20)
(-2.694424502650613e-06 -2.325196686896961e-05 -1.761489733130184e-20)
(-6.413388020643646e-06 -2.382043042807244e-05 1.617089425278216e-18)
(-1.004409975091875e-05 -2.383886713966518e-05 -2.226325336379326e-20)
(-1.33797084286803e-05 -2.326454992928684e-05 4.115639584456584e-20)
(-1.621954953680022e-05 -2.210104288166096e-05 9.115333470628717e-20)
(-1.839890756290914e-05 -2.03915447200819e-05 1.108768295115018e-20)
(-1.981136660448332e-05 -1.821177759052926e-05 -6.857313965406432e-20)
(-2.04187902300405e-05 -1.566420685535259e-05 1.919848179530272e-18)
(-2.025011818317709e-05 -1.287357236025126e-05 1.324375474944996e-18)
(-1.93913277126063e-05 -9.983530450892279e-06 2.728374957946426e-19)
(-1.796885495421391e-05 -7.152149160897896e-06 1.166798962906085e-19)
(-1.612830021498809e-05 -4.539948387377764e-06 -4.134047151422758e-19)
(-1.40059710397886e-05 -2.282881820083252e-06 1.759850178455943e-19)
(-1.168568371328282e-05 -4.696277227204948e-07 4.880082924825073e-20)
(-9.220668791373298e-06 8.358785982837819e-07 2.240935062510443e-19)
(-6.652965566981083e-06 1.569488283490773e-06 -1.116944616848436e-19)
(-4.018580156552628e-06 1.647398322568092e-06 -4.390562428034465e-19)
(-1.345578297383594e-06 9.329790452462794e-07 -3.233161275679906e-18)
(-4.588980763077222e-07 -1.234999958440834e-06 6.03234301097394e-18)
(-1.358221761541554e-06 -2.952046367937777e-06 5.04184537819517e-19)
(-2.201976604181057e-06 -4.141707475693521e-06 -2.410873994273961e-21)
(-2.960402188714609e-06 -4.900284690288227e-06 -1.091696055945046e-18)
(-3.607537233201374e-06 -5.302187893170204e-06 6.139277381417893e-18)
(-4.121405656098607e-06 -5.413358355214112e-06 -8.645474288488688e-19)
(-4.484874296527692e-06 -5.293318238914352e-06 1.443509589116665e-19)
(-4.687040508825153e-06 -4.996402395920137e-06 2.306129296095639e-20)
(-4.724248636437289e-06 -4.572094782250187e-06 5.826745640894154e-18)
(-4.600447047423172e-06 -4.064653803349588e-06 2.152946872852253e-18)
(-4.326862908014383e-06 -3.512310434326685e-06 1.930415861616994e-19)
(-3.921036438171753e-06 -2.946313762193509e-06 4.894046246882257e-18)
(-3.405290922614285e-06 -2.39007397627878e-06 2.285911991792637e-21)
(-2.804707622793175e-06 -1.858629231791219e-06 8.04093311420791e-20)
(-2.144633600680533e-06 -1.358695531855549e-06 2.581348629473308e-20)
(-1.447589562380701e-06 -8.893611023382008e-07 5.978137024585561e-20)
(0.007154709441778971 -0.01611672371302109 -1.042049943583768e-17)
(0.003071067362788581 -0.0219565539597658 -2.435392813484249e-17)
(0.01459618663908074 -0.02759535588762982 -1.569673944171261e-17)
(0.02102298196232938 -0.02961558209395571 -9.919833698032261e-18)
(0.02638399869683381 -0.02838311478766949 1.627774737714235e-17)
(0.02992676565145225 -0.02464070695843247 1.069242027903564e-18)
(0.03205301820656083 -0.01917907060368043 1.29409604098597e-18)
(0.03302486420986102 -0.01269012503407032 2.828265219105971e-19)
(0.03301081965043974 -0.005854644968832936 -5.266818530230847e-20)
(0.03196827297615475 0.0007068764839524999 -1.035393625259804e-19)
(0.02971197865977649 0.006478269427994429 -1.281570565268777e-18)
(0.0260489195445967 0.01096540339790997 -2.929248986699322e-17)
(0.02067103271756345 0.01359030585375077 -4.040785223148689e-18)
(0.01443005275666005 0.01376655836454196 -8.887746931406871e-19)
(0.003338914895043531 0.01113709860875225 -2.213545425978788e-18)
(0.006746531637859474 0.008404554325518869 -1.837597688014054e-18)
(4.053567371350037e-06 -1.765634001854523e-07 2.239538138639754e-20)
(5.90359400399771e-06 -5.809577147126814e-07 -2.281669303458069e-20)
(7.527035452146655e-06 -1.282112888489374e-06 -2.529795485803415e-19)
(8.864924846692206e-06 -2.288080239640266e-06 -3.431635463817765e-18)
(9.867608482838977e-06 -3.581880075631462e-06 -2.630318742783106e-19)
(1.049167270594179e-05 -5.125744721759008e-06 -2.651435643891283e-20)
(1.070051187570479e-05 -6.864183373780659e-06 -6.635315982685474e-20)
(1.046754448826188e-05 -8.7279285747692e-06 1.893410583939428e-18)
(9.780219899476264e-06 -1.063919772502104e-05 -1.41691740898329e-19)
(8.643032563172663e-06 -1.251805737505045e-05 -2.980000229935371e-19)
(7.078433379783654e-06 -1.428965977001533e-05 -3.149238574134367e-20)
(5.124827128377089e-06 -1.589180998936082e-05 1.147204688679748e-21)
(2.831068600295922e-06 -1.728179397168534e-05 2.212684527614187e-19)
(2.484023330533765e-07 -1.843969314353332e-05 2.361490141111229e-20)
(-2.572234921244514e-06 -1.93595276092029e-05 -4.373132826826645e-19)
(-5.555534993946683e-06 -2.000125559496399e-05 1.477220600008834e-18)
(-8.526380719341489e-06 -2.017558075364731e-05 1.801827607537632e-20)
(-1.127630760530186e-05 -1.977972719695298e-05 -2.916319443984227e-18)
(-1.360023550682165e-05 -1.879857073070704e-05 3.244038714640457e-20)
(-1.533654776840433e-05 -1.727956739632159e-05 -7.909404772700971e-21)
(-1.638645434614899e-05 -1.531047593740834e-05 -4.483701865223283e-20)
(-1.671894840623385e-05 -1.300425595700608e-05 -1.46682236932739e-19)
(-1.636802782662729e-05 -1.048990082193075e-05 -2.887621868645743e-19)
(-1.542563518904753e-05 -7.90855157381358e-06 2.161963026302998e-18)
(-1.403181646351861e-05 -5.413843266363107e-06 -2.000854658532536e-18)
(-1.23596379234675e-05 -3.169915978650482e-06 2.747462525643875e-20)
(-1.058911647539452e-05 -1.316527471566763e-06 -1.234755009352899e-20)
(-8.760529768551528e-06 1.042539897353964e-07 1.021253554010397e-20)
(-6.878162287283422e-06 1.074449204352748e-06 7.590181970789514e-19)
(-4.950236932512223e-06 1.564447986410027e-06 3.43172027868148e-18)
(-2.990779522407287e-06 1.518284854674402e-06 -3.258795534519709e-18)
(-1.008410006015732e-06 8.259087542440355e-07 2.70242646961545e-18)
(-3.003894417951715e-07 -8.410345658810964e-07 2.026306328024721e-19)
(-8.881343232852376e-07 -2.022858027030464e-06 -4.005848705384521e-18)
(-1.438222384593252e-06 -2.84405668274975e-06 1.889611419500199e-19)
(-1.932077951462404e-06 -3.367182364281008e-06 -9.007398909599439e-20)
(-2.353794833865361e-06 -3.643375946980366e-06 6.085521995223286e-18)
(-2.689208139142017e-06 -3.718323570997897e-06 1.052015996211482e-18)
(-2.927033504064819e-06 -3.633432775294182e-06 2.781780422408037e-19)
(-3.060110504126724e-06 -3.426633046308249e-06 7.378124444638087e-19)
(-3.086032010517193e-06 -3.132489817456001e-06 -4.647330870277605e-18)
(-3.007289232824072e-06 -2.78186745074631e-06 6.72741873446744e-18)
(-2.83100939526713e-06 -2.401344148591751e-06 -3.731324194620009e-18)
(-2.56831132733424e-06 -2.012545351687224e-06 5.336668235133364e-20)
(-2.233324393215554e-06 -1.63154566685305e-06 -5.173117165183716e-20)
(-1.841963695944047e-06 -1.268478191247032e-06 -6.235761652507531e-18)
(-1.410484110887962e-06 -9.27531429819814e-07 7.619797486228535e-20)
(-9.535460498634636e-07 -6.076198633860053e-07 -4.314821357511034e-18)
(0.02348449511648624 -0.01930629416211492 -8.728072296017125e-18)
(0.01820898059025466 -0.03019926314078275 -2.130161095064612e-17)
(0.03010619901542102 -0.03659302572946473 -5.536789924795348e-18)
(0.03642992524687175 -0.0364035320887665 -3.611725767344665e-18)
(0.04094594214999802 -0.03295967642739481 -1.165416057269165e-17)
(0.04362731323441321 -0.02742798149923799 -7.252921599719301e-19)
(0.0450303954023222 -0.02059945170655451 1.026353496134639e-17)
(0.04548378453735515 -0.01302988881662255 1.799092582581495e-18)
(0.04517119342703666 -0.00520401573687692 6.650082484269987e-19)
(0.04408638237020721 0.002448767921375223 1.456460386045327e-18)
(0.04206863337883888 0.009545645800954209 1.0933810107382e-17)
(0.03887059481049709 0.01567860532873454 -1.333821390864445e-18)
(0.03404839614462066 0.02024518629639987 -6.045525459158447e-19)
(0.02780695983713866 0.02230562662952469 -2.041283410624068e-19)
(0.01641341749020233 0.01894111366923075 -3.159208407895934e-19)
(0.02065290708209043 0.01204272192371386 -7.95292092260753e-19)
(2.649994809360724e-06 -2.916060780596211e-07 6.682899443001706e-21)
(3.856446151888869e-06 -6.473965393771763e-07 -1.048267152501319e-20)
(4.914855709295049e-06 -1.199379656689672e-06 -5.585182231129867e-20)
(5.784354429536065e-06 -1.950361058847879e-06 -2.372786260433424e-19)
(6.43100036625769e-06 -2.886304450167129e-06 -7.79957173835197e-20)
(6.826707023969026e-06 -3.979856667866294e-06 -4.057493001791288e-20)
(6.948831685201287e-06 -5.192781940869043e-06 -8.366518989173744e-20)
(6.781323874951138e-06 -6.478490096302816e-06 -4.281588431191776e-19)
(6.316655605347055e-06 -7.785492037821681e-06 -2.125473276817169e-19)
(5.557252274804129e-06 -9.062076860272272e-06 3.909237338834919e-20)
(4.515537467144649e-06 -1.026266625017876e-05 -2.362365474345363e-20)
(3.21154681260608e-06 -1.135645733085604e-05 -1.927735420689842e-20)
(1.666155723307906e-06 -1.233975990746171e-05 -6.610049346811126e-20)
(-1.14105529579276e-07 -1.325330062540084e-05 -1.209375969915754e-20)
(-2.158784160435304e-06 -1.419820629701245e-05 -8.813281200919505e-19)
(-4.517058028229246e-06 -1.527818228768112e-05 2.050819694972526e-19)
(-6.940829192931316e-06 -1.594681916979729e-05 4.391316251227605e-20)
(-9.197405284800227e-06 -1.597994950626978e-05 3.767194542808751e-20)
(-1.107831316365547e-05 -1.536646615257591e-05 -1.042191028780729e-22)
(-1.243557370152063e-05 -1.418406730877204e-05 -3.033871048620293e-20)
(-1.318239484270761e-05 -1.254731205122071e-05 3.173396644525333e-18)
(-1.329031733304483e-05 -1.058548844162007e-05 1.525777925944871e-18)
(-1.278451538006551e-05 -8.432174974990284e-06 -5.217988170131608e-19)
(-1.174039084883734e-05 -6.222137073803868e-06 -1.708110268926407e-18)
(-1.02916268165088e-05 -4.097791485652841e-06 1.582242104660705e-18)
(-8.654803895198106e-06 -2.217313840926008e-06 -5.066338152742941e-20)
(-7.217582351244384e-06 -7.977579952918312e-07 -2.063415013742689e-19)
(-5.890243817025637e-06 2.185228354465579e-07 1.906125968534587e-18)
(-4.595185790540592e-06 8.763568832264451e-07 -3.188135381610491e-18)
(-3.303152343524072e-06 1.183123613437281e-06 5.664196620494971e-20)
(-2.011502017957916e-06 1.1164201491453e-06 2.708398200415388e-20)
(-7.162354949445063e-07 6.103896459837277e-07 -3.566882638173782e-20)
(0.0688153065772498 0.01166628782684115 7.928530482620288e-18)
(0.06982839611054326 0.006801441534883502 -9.08119595606061e-18)
(0.06895176891480138 0.002893083551586593 -7.041576740159182e-18)
(0.06775750687738295 0.0006369932257504133 -1.526130338649889e-17)
(0.06685746520232168 5.844634736523833e-05 -5.149829217377171e-18)
(0.06640605926468704 6.400143764331823e-05 -2.904948445823192e-18)
(0.06616336244979387 9.358090568005429e-05 -2.588151012996327e-18)
(0.06599850434844719 8.771229893526867e-05 -1.829593174603262e-18)
(0.06585548204998447 8.476176373657933e-05 3.222487241465764e-18)
(0.06570807824890493 9.327846055904177e-05 2.934495372946821e-18)
(0.06553808919968358 8.970489767187175e-05 3.39281452101964e-18)
(0.06532999462690486 3.546570093719082e-05 6.30718956249194e-18)
(0.06509974378078226 -0.0001153044856003599 4.744648523876223e-18)
(0.06495507686043417 -0.000564309907434351 -2.119909093318943e-19)
(0.0650914778447131 -0.002110354155943923 4.863935905425212e-19)
(0.06143469094108718 -0.007938142759487551 -4.407033265706597e-18)
(0.04934335775990085 -0.01428116113610323 -1.644988471451256e-17)
(0.05708323376119619 -0.03628609962889644 -3.604804771671463e-18)
(0.05716572301052746 -0.04229366426676528 -1.046603792234698e-18)
(0.0585469852586856 -0.04038515920362628 -9.106952181471318e-19)
(0.05920408466444364 -0.03536655015755066 -7.315145260567467e-18)
(0.05931836056885392 -0.02866069005254332 7.816688927224677e-18)
(0.05906463014091115 -0.02100122782643938 7.515325994697829e-18)
(0.05857315994011449 -0.01282240239313296 -1.04461200930046e-18)
(0.05792663362192325 -0.00446423157549402 3.144717162361491e-18)
(0.05712515784231785 0.003781791987048252 1.011427315967829e-18)
(0.05610197468616258 0.01164236927969176 1.966805132153836e-18)
(0.05477126408727384 0.01879474206947528 5.248932200734837e-20)
(0.05301259125498824 0.02466976577437555 -6.542319828634511e-20)
(0.05079039506279388 0.02811448696175632 -3.923212021287324e-20)
(0.04956436765598802 0.02496039615067655 -8.914587155095585e-20)
(0.04240676315469113 0.008757364777713642 -5.042628833364745e-19)
(0.05239789218984147 0.005693407748842549 -2.061955745737299e-20)
(0.05551510873620078 0.001690340009061445 3.915986374476758e-19)
(0.05548388812920897 0.0005336837846668697 1.762402959400995e-18)
(0.05560984373389605 0.0001745673061560927 5.472789225662342e-18)
(0.05564935400626979 0.0001640543938175293 2.501591735021227e-18)
(0.05536162540966043 0.00048021150473808 -1.487321451176099e-18)
(0.05444913909846645 0.001223413007495994 -2.16603482767697e-18)
(0.05249566594045443 0.002452968697117453 -2.832038685193304e-18)
(0.04904999437349544 0.004054289165735196 -8.448914079580768e-18)
(0.04389399181057951 0.00567787723826356 -6.853665185459127e-18)
(0.03724400178382799 0.006887739772204339 -5.905627588338534e-18)
(0.02967699677702761 0.007358871467116262 -2.881492512778901e-18)
(0.02174851399574103 0.007033723988306191 -3.306016248277491e-18)
(0.0146739900415477 0.006345698549874551 -2.515025215751339e-18)
(0.008865105763855484 0.005677715625933255 7.883343388255145e-19)
(0.006669177444841633 0.005643451669536191 1.780128663189972e-18)
(-5.45208983445864e-06 -1.158731533411079e-05 4.076126653563834e-20)
(-7.302137830298219e-06 -1.221378854426337e-05 3.64087192074486e-20)
(-8.800383228521613e-06 -1.205901358259775e-05 1.415094903543897e-20)
(-9.834025683366256e-06 -1.128104139545708e-05 2.730044794996295e-21)
(-1.033374106482795e-05 -1.003445431094793e-05 -3.029977587038774e-20)
(-1.026953461206841e-05 -8.464454078969865e-06 -2.561253623816187e-20)
(-9.642626404251196e-06 -6.703299033671353e-06 -2.515628766156085e-20)
(-8.473995762664027e-06 -4.86797843614762e-06 -5.070656688798194e-20)
(0.005528704040478576 -0.004458405089844524 -3.641250244428814e-20)
(0.007313040899748791 -0.004502572205352542 -2.455402934109445e-20)
(0.01201586751591206 -0.005126637182709407 -5.393804122726424e-20)
(0.01787035413799189 -0.005800740539462189 -1.498625819462589e-19)
(0.02466354549229721 -0.006194568937665261 -1.121199226855162e-19)
(0.03168613521925194 -0.006110440305104273 -6.937057634242143e-19)
(0.03826151182010828 -0.006062811780486212 2.655142646846994e-19)
(0.04413807862708901 -0.006431333241267012 7.874964162398788e-19)
(0.1016199556454086 0.02159647089300749 2.384666509109964e-17)
(0.1056402910434199 0.01070730507094797 -2.228515478373175e-17)
(0.1006181542854502 0.000798293130402669 -1.154870833169243e-17)
(0.09784320402686973 -0.0009862761638562807 -2.283570388329348e-17)
(0.09648639572621247 -0.0004177283182069396 -4.593634288037591e-18)
(0.0958462983566889 -2.367373293238042e-05 -1.258371483906165e-18)
(0.09545948578853995 3.680115449775866e-05 -2.774987979195075e-18)
(0.09517806222354053 1.495863961707457e-05 -1.986418509906316e-18)
(0.09493763614240903 1.527015859729884e-05 1.128866449533507e-17)
(0.09469454817483171 3.950586483309883e-05 3.18614279457215e-18)
(0.09441522120884287 4.822729701411779e-05 1.612803526381044e-18)
(0.09406823528444641 -4.032831310698801e-05 1.244134292171927e-17)
(0.09361756878516755 -0.0003003145800900198 2.070371252170197e-17)
(0.09304053734536696 -0.000650561398692465 7.092395006823444e-18)
(0.09304907382418993 -0.001379769162292855 -8.654002001415284e-18)
(0.09417968456288718 -0.006371587384807476 -2.028632766831598e-17)
(0.0945095999311263 -0.0209455408664022 -8.491325127753462e-18)
(0.09244615981577722 -0.03541352481267031 3.779025621370298e-19)
(0.08540036607236934 -0.03969506693043916 2.928590469690166e-20)
(0.08073649300252846 -0.03830950650840063 -1.026344471109431e-18)
(0.07707620819782943 -0.03371755882980034 1.475193967768813e-18)
(0.07427299752713344 -0.02729102745266166 -1.377557622901864e-17)
(0.07213508107486101 -0.01985144153796974 4.454818882776969e-18)
(0.07059081507881283 -0.01189197079930359 5.655749101419512e-19)
(0.06961985981854066 -0.003757307143368276 2.833830061244348e-17)
(0.06921733885054086 0.004270518167386735 3.023119686383498e-18)
(0.06939855422941237 0.01190278827708181 2.039586346135582e-19)
(0.07023836246916922 0.01875178828483235 -1.711888874071702e-20)
(0.07191937153863041 0.02415913123992246 -1.539409296487777e-20)
(0.07463442825149766 0.02700059722157431 -9.823096159571261e-21)
(0.07950942520054349 0.02513728783483765 -1.450982511418705e-20)
(0.08048637140790725 0.0150512904663121 -3.250765926033486e-20)
(0.080073839010859 0.00502407727099564 -6.161675705260746e-21)
(0.07937809870511682 0.001466948189821216 2.129516320122778e-20)
(0.07950885832526816 0.0007235907580502362 -2.183131934252189e-19)
(0.07998698217659872 0.0002515201110810332 1.947392179726738e-17)
(0.08017107480042968 1.058213401960847e-05 4.958141606195075e-18)
(0.07987292169530465 0.0001554356512871502 -9.727743410666021e-18)
(0.07872743593318697 0.0007862209743795515 -2.103647841345053e-18)
(0.07612587107039831 0.002032426304710296 1.239115370552479e-18)
(0.07128349404362977 0.003850640886883316 -9.142238839007262e-18)
(0.06373703200614479 0.005773070572460609 -3.187971589608404e-17)
(0.05389540971642438 0.007173951677259736 -7.835832312502925e-18)
(0.04276185226314134 0.007714026817084703 -1.280696513175481e-18)
(0.03111116776475651 0.00704140764427719 -1.26072740721945e-18)
(0.02089377349298635 0.005097590901547467 -9.546534858990219e-18)
(0.007294020827031293 0.005258092394727551 8.248038559744729e-18)
(0.006650224029517097 0.007946897302963246 2.681116156649329e-18)
(-4.168284021600866e-06 -7.730948338300313e-06 -6.481398361008852e-18)
(-5.684776231781267e-06 -8.873222794703213e-06 -6.536696519050855e-18)
(-6.852501434406917e-06 -9.115939407053093e-06 4.100677960283618e-20)
(-7.615063939663338e-06 -8.713122907322377e-06 3.375301589523023e-20)
(-7.924741536395954e-06 -7.845353008635375e-06 9.652629025956842e-21)
(-7.75044706555466e-06 -6.65882763964485e-06 1.390767480898475e-20)
(-7.065266632073734e-06 -5.269861833227633e-06 2.772981630916329e-21)
(-5.803546950939697e-06 -3.75188399245191e-06 7.10525827296667e-22)
(0.005535845905319787 -0.006353728474227487 -1.79698490041567e-20)
(0.006168264550536614 -0.003990524330084563 -1.324090952120398e-20)
(0.01700626846067396 -0.0039918108194148 -1.136812329142121e-20)
(0.02536402754986263 -0.00575332318012271 -2.23355636043347e-20)
(0.03516520456109446 -0.006323124452026357 -1.276549146042964e-19)
(0.04516628487402339 -0.005560683515092936 -1.086269335586545e-18)
(0.05494073423183408 -0.004522914000624796 9.166498437286024e-19)
(0.0663752283089615 -0.00689666862132634 1.53451722372782e-18)
(0.1038482884386919 0.01454775186266681 -1.106840852496583e-19)
(0.1131005180875255 0.01180260067408591 -3.098167001434148e-18)
(0.1142268153164041 0.005901878270777097 -3.871265447324551e-18)
(0.1142098242514326 0.002830814858170592 -2.328211615296702e-17)
(0.1141092430917578 0.001600926001366935 -4.890568829380765e-18)
(0.1142089337492758 0.001037920055545323 -1.479399799211444e-18)
(0.1143025922904931 0.000722094719385514 -2.011596366748057e-17)
(0.1143321113843928 0.0005634738845034656 -2.278941232609788e-17)
(0.1143032078127473 0.0005287624295701734 -4.195634994347588e-18)
(0.1142326036471491 0.0005830157352169155 -7.414250201456724e-19)
(0.1141336827700034 0.0006819549325908811 -1.635750777527819e-18)
(0.1140170162270993 0.0007577196222727584 1.434250981471258e-18)
(0.1139076577379326 0.0007121431874186739 1.118483359434841e-18)
(0.1138947065499082 0.0003718291463356391 1.88810146482908e-17)
(0.1144512761843697 -0.0008492488265207205 1.656118836155977e-18)
(0.1157634773746825 -0.00527671163004796 -1.373074315453313e-17)
(0.1155499004811847 -0.01539128222399528 -4.512571954478013e-18)
(0.1108317001952283 -0.02726936653043654 1.550784541296248e-17)
(0.1030059618209898 -0.03225403659358868 2.319888114647986e-18)
(0.09612418560701307 -0.03232733046554137 -1.495321178303221e-18)
(0.09022507960046272 -0.02906941681941737 -9.284641705980754e-18)
(0.08553982952469556 -0.02378260593381001 -9.863947380410683e-18)
(0.08203116484078722 -0.01734247447023289 -7.188449067540374e-20)
(0.07967080352549112 -0.01031340865872045 9.873929718521031e-18)
(0.07844099689687044 -0.003085501245460105 3.792636337430315e-18)
(0.0783369294241002 0.004023662383399684 -1.232643554133354e-17)
(0.07937038614740249 0.01067639842265487 -3.045337310029393e-18)
(0.08157433050873356 0.01641147776032637 -3.794974416062917e-19)
(0.08499818201518136 0.02051110683399212 -4.967227111892695e-20)
(0.08949316871223746 0.02189091102398325 -7.349169459124221e-21)
(0.09504241313389268 0.01917392351873827 -3.58801885008478e-21)
(0.09832699138481146 0.01070711667013905 -5.341977703887098e-21)
(0.09842760615492623 0.00356954514766584 -3.219823679075475e-21)
(0.09763994152920151 0.0004696601148701561 -8.417310085295343e-20)
(0.09744794173995978 -0.0003445654088191858 -9.288224224217931e-18)
(0.09764632061983897 -0.0003747799659570454 -9.911947323867451e-19)
(0.09781369898559389 0.0002233273916752121 1.102353734138102e-17)
(0.09769639654956815 0.001687683102853764 -7.461142558323884e-18)
(0.09683874063223978 0.004435341147689214 -1.822133101215585e-18)
(0.09435408250223735 0.00890095801782481 -2.388088506289953e-19)
(0.08888273773945256 0.01490994797997941 -1.420064505932654e-18)
(0.07949849917151257 0.02103484192199327 -3.232830362606748e-18)
(0.06684697873228342 0.02546311597277239 -1.191527165109619e-18)
(0.05244948559460953 0.02750257177512315 1.584989989011293e-19)
(0.03730980831566802 0.02691499812267055 -8.60720535682111e-19)
(0.02404894834880548 0.02394972533515064 -1.041354836882108e-17)
(0.00626746677327338 0.0203411028784541 -4.515701128770989e-19)
(0.007045378345760814 0.01409911434863115 -1.894014764553553e-19)
(-3.185603607810603e-06 -5.123574035778219e-06 1.85654961534323e-20)
(-4.374635416824757e-06 -6.278711574638374e-06 4.398180533932778e-20)
(-5.256752317387564e-06 -6.703428594203795e-06 1.729559685895021e-20)
(-5.801418568004632e-06 -6.566581093507898e-06 1.211593862328803e-20)
(-5.978274199068198e-06 -6.012071090574301e-06 4.789380351672491e-21)
(-5.76190246662743e-06 -5.160851873160267e-06 5.148379769972939e-21)
(-5.124319424201947e-06 -4.105961362602713e-06 1.455531327591563e-21)
(-4.014244639080795e-06 -2.90193042620096e-06 6.279730090916805e-22)
(0.005912844536856508 -0.01146122388879405 2.493039282632658e-21)
(0.005217962117417564 -0.01645866628777996 -6.962076343699343e-20)
(0.01976197683072012 -0.01952816986720433 -2.958463501220311e-21)
(0.03074969928226242 -0.02254921243803107 -8.525814586946485e-21)
(0.04367860198544837 -0.02395421610948401 -3.857248723079417e-20)
(0.05692456787948342 -0.02372822416505793 -1.41389892715528e-19)
(0.06989974317854396 -0.02267866772717421 -1.038923827625454e-20)
(0.08604735108221927 -0.02287986542077628 1.53560944495085e-19)
(0.1033142641269246 0.004369324683285212 -8.290947764376284e-20)
(0.1142071120556988 0.004076525330450183 -4.26762661231171e-19)
(0.1191679719230391 0.002225691563994239 -1.811615362288427e-17)
(0.1216153530158477 0.00107255164441588 -2.2626564486386e-17)
(0.1227105453937608 0.0005842473809429747 -4.333299003058825e-18)
(0.1233667914954195 0.0003954000037187506 -9.088886117057522e-19)
(0.1237566708787252 0.0003277049795405503 -2.706421581686356e-18)
(0.1239771453937952 0.0003307132964328342 -3.782309457356723e-18)
(0.1240957423808964 0.0003882526270047921 -2.180745760445676e-17)
(0.1241636613303921 0.0004821501698023511 -4.920356027127214e-18)
(0.1242168050206419 0.0005755621297620619 -1.404159163376054e-17)
(0.1242816755883203 0.0005933446706409084 -3.721622595023573e-18)
(0.1243892239463146 0.0003948154550868921 -1.186683949854599e-17)
(0.1245877991229996 -0.0002980107830241329 -1.306272591073182e-18)
(0.1250072725182164 -0.002064698856584291 -2.684487714724108e-19)
(0.1254100625294839 -0.006141016125461938 -2.084501215711622e-18)
(0.124093457968861 -0.01331454379165327 -5.093004967169164e-19)
(0.1190613078141818 -0.02099251395189523 -1.026221828505751e-17)
(0.1115380281687046 -0.02486063886515563 -2.85602678900222e-18)
(0.104012493429615 -0.02532516666158164 -5.302935092696649e-19)
(0.09716913744848688 -0.02310557483607151 -2.168386154360643e-19)
(0.09151225142237507 -0.01909104898143442 1.118630638790626e-18)
(0.08721706272261089 -0.01398777347876506 5.04166509582963e-19)
(0.08436196560512189 -0.008308068113085904 9.1921662882175e-19)
(0.08297284676671145 -0.002428224625477752 -1.043942243763649e-19)
(0.08304920345273543 0.003336328312041737 -2.126664767101309e-17)
(0.08456931048708115 0.008652290738080638 -4.091663901474502e-18)
(0.08747537189733486 0.01309097772051243 -5.026872446247185e-19)
(0.09163731487388135 0.01606434643251855 -6.314120461300955e-20)
(0.09666415741781814 0.01682137044694949 -9.012393852746555e-21)
(0.1020069850979332 0.01471820257278564 -1.152907779037851e-21)
(0.1056230244498269 0.009367925469886282 -2.067341804371631e-21)
(0.1065736345633797 0.004252705447353762 -9.172233578639787e-21)
(0.1063828459297215 0.001273694685642589 -1.140476301225481e-19)
(0.1062211116324363 -3.533983680457877e-05 -8.819817725035865e-19)
(0.106235696863402 -0.0003837598758607292 -9.305692672235958e-18)
(0.106318697782796 0.0001165248959804296 1.102593595632112e-17)
(0.106363603591488 0.001800136289954978 2.565096486780029e-18)
(0.1060668620835623 0.005429507847247618 8.859327325132019e-20)
(0.1044226219077296 0.01205105496300919 -4.325470870393157e-20)
(0.09929560475383707 0.02168452859585824 -2.048763605388057e-19)
(0.08898744128709885 0.03170552076412803 -3.786230643170617e-19)
(0.07454707261157675 0.03869956324762127 1.532286372390754e-19)
(0.05822277888460541 0.04187862858304919 9.424341796360661e-18)
(0.04121614523225452 0.04111605832432399 1.539343995517894e-18)
(0.02669077983992268 0.03687702525985719 -1.208102482403211e-18)
(0.008019977696045915 0.03030926968392793 -2.053521815896006e-19)
(0.007566051871641043 0.02122180628613369 -3.049687978129081e-19)
(-2.411739044293551e-06 -3.435005157061989e-06 -1.649984905514088e-18)
(-3.322837531890676e-06 -4.391723037818168e-06 5.66461662343442e-21)
(-3.978104510379485e-06 -4.837009001662528e-06 9.404456935621455e-21)
(-4.360446451700389e-06 -4.850971198791672e-06 2.789175265338312e-21)
(-4.453745400955986e-06 -4.523047400884091e-06 1.01108059596829e-21)
(-4.241462078924049e-06 -3.936471765043654e-06 9.869414312855693e-22)
(-3.703928422998069e-06 -3.15747249395276e-06 3.152806031775796e-22)
(-2.815820448973279e-06 -2.228744306007838e-06 1.620965746334432e-22)
(0.006552993052211175 -0.01747922334233993 -1.16253904821842e-20)
(0.006873052639232771 -0.02472051129113182 -1.109158834704495e-20)
(0.02278447656220498 -0.03025873802926141 -2.474888619016792e-21)
(0.03529463109056077 -0.0346088409860037 -2.443030534282222e-21)
(0.05024736135612643 -0.03670491229393131 -7.766652746744493e-21)
(0.06537844183197083 -0.03661704028868714 -1.751920324920559e-20)
(0.07955149984980595 -0.03520858184761837 -7.870055824101162e-22)
(0.09638073495962636 -0.03415986209936417 2.188408530650097e-20)
(0.1033137543626549 -0.004336553593933767 -4.260596789666654e-20)
(0.1142095543853994 -0.004006451975983982 -3.081658402659069e-19)
(0.11917682184842 -0.002127524342079508 -1.890951120927395e-18)
(0.1216337730510979 -0.0009437149351274976 1.290093020156832e-17)
(0.1227426611818131 -0.000411677953718698 1.76436314251719e-18)
(0.1234186554859426 -0.0001565333534978955 -1.295136021676557e-20)
(0.1238375201456551 9.571934854231703e-06 -4.66082930972365e-19)
(0.1241004264302222 0.0001457369472949022 -1.523956163406827e-18)
(0.1242794725120628 0.0002710814134578177 -1.669464671629781e-17)
(0.1244292438606022 0.0003885945418113425 -6.032062838127768e-18)
(0.1245849202210557 0.0004776609047133482 -2.315346612945611e-17)
(0.1247637921704937 0.0004759432228046994 -5.518212383494592e-18)
(0.124964615608172 0.0002537782795834874 -1.402688662658311e-17)
(0.1251498602975557 -0.0004328591623908006 -3.931211369394663e-18)
(0.1252169473313813 -0.001993715277838228 -5.131965678043764e-19)
(0.1247577640731491 -0.005034989309252681 -3.626959102295361e-19)
(0.1226502794297137 -0.009731143066125181 -4.279712928263381e-19)
(0.1178092567183252 -0.01458891890866113 -1.280499666989557e-17)
(0.1110100208370158 -0.01734929218578637 -3.883805965671749e-18)
(0.1037923316051338 -0.01789673140352844 -5.505239248652629e-19)
(0.09696797116779657 -0.01652182279869478 3.586519157784697e-19)
(0.09114638539785025 -0.01377008179305524 9.727110920224454e-18)
(0.08664902425670877 -0.01014117916912119 2.155715666712604e-18)
(0.08364960013206366 -0.006032825622502073 -1.172353774961642e-18)
(0.08222185969929061 -0.001753873341110904 -1.135023355492804e-18)
(0.08237146804952819 0.002429972242187467 -1.998403384401101e-17)
(0.08404204772518194 0.006241561143309084 -3.521542188476547e-18)
(0.08709549634829539 0.00934140932543542 -4.143704454555917e-19)
(0.09127515700971021 0.01130739443079217 -5.379239752698237e-20)
(0.09608875450884884 0.01167041332115241 -6.999399797022633e-21)
(0.1008714711174006 0.0101517052413808 -1.338028121350069e-21)
(0.1043428803073595 0.006797301787828619 -1.100323964908973e-21)
(0.1058576126524101 0.003419967143774939 -5.306646052614753e-21)
(0.1062117217916246 0.001160482495661382 -3.997843226240709e-20)
(0.1061893573737423 -8.407374268715557e-06 -2.446615565249962e-19)
(0.1060970064254012 -0.0003682445715059622 -1.194490405350249e-18)
(0.1060820849821932 7.821181647294641e-05 1.21811717834235e-17)
(0.1063098571270131 0.001799495353651018 3.412813684679656e-18)
(0.1069190311066014 0.00604013405424388 4.319037203635559e-19)
(0.1070176292370854 0.01505250693007326 4.646516066746485e-20)
(0.1033437455315574 0.02958362507589907 -2.066917483844514e-20)
(0.09286539371721757 0.04501727275458806 -2.366301438426969e-20)
(0.07731035464097312 0.05512075683930006 1.9538231151465e-19)
(0.06010613128102846 0.05947799646140226 1.585992906933181e-18)
(0.0423649783240698 0.05823192191396379 3.409795303593729e-19)
(0.0273418421033592 0.05203696735923249 -8.829608059653547e-20)
(0.008514907105736047 0.04176520599350295 -2.477700653294207e-20)
(0.007830858959709586 0.02917700099240449 -1.167126455972065e-19)
(-1.792960718374238e-06 -2.325187518989339e-06 -1.039120903783437e-19)
(-2.476602985980545e-06 -3.051787864442749e-06 7.882813540950426e-20)
(-2.959337112447627e-06 -3.439309008471418e-06 1.429202263479047e-20)
(-3.227800398127728e-06 -3.518551211867914e-06 9.120770504014939e-22)
(-3.273885071436097e-06 -3.336555014265608e-06 -3.585070965124525e-23)
(-3.088644541840088e-06 -2.942610025167235e-06 8.807260649652081e-23)
(-2.661405580793932e-06 -2.379646294447917e-06 3.952415503521051e-23)
(-1.985141560842396e-06 -1.68184851885697e-06 3.645243812901672e-23)
(0.007173130606678309 -0.02450008980293888 -4.605073272923835e-21)
(0.007673143243189389 -0.03470476552588459 -2.057347526443489e-21)
(0.02471850913854619 -0.04353475865752859 -6.670084050685754e-22)
(0.038402015178275 -0.04979859097906535 -5.51874469121681e-22)
(0.05463301195255307 -0.05268225309233107 -1.241866223996435e-21)
(0.0707713199092265 -0.05231295771064084 -2.580029743809233e-21)
(0.08541610759286988 -0.04963096347855603 -1.02733754204617e-22)
(0.1016374899765926 -0.04635889203106146 2.9790029203848e-21)
(0.1038512594179209 -0.01452750207934818 -3.082488402085646e-20)
(0.1131078634754301 -0.01175373945756375 -1.957702065177646e-19)
(0.1142508354404394 -0.005829370432582207 -1.118114163711114e-18)
(0.1142584830972702 -0.002730687975189274 -1.978725224869675e-17)
(0.1141934344378976 -0.001461310759801056 -3.947894154953345e-18)
(0.1143444683066747 -0.0008396851456977548 -5.349881992439859e-19)
(0.1145136429274775 -0.0004386537919810851 -2.754606880076377e-19)
(0.1146541066714397 -0.0001610165197679769 -1.3014491667661e-18)
(0.1147843280109399 3.010517161984627e-05 -2.334084628740207e-17)
(0.1149313374986654 0.0001593354252209041 -6.199554152893912e-18)
(0.1151092980633027 0.0002270585361794928 -1.54866666127927e-17)
(0.1153128948105332 0.0001946084233037883 -4.455265407902668e-18)
(0.115505407250619 -2.990079517430727e-05 -4.08078216921525e-18)
(0.11558966363856 -0.0006120161326766466 -1.250223725752634e-18)
(0.1153669916007228 -0.001791876841089529 -2.72032600951966e-19)
(0.1144322353903782 -0.003833625982201625 -1.970876759116848e-19)
(0.1120748395519971 -0.006704354021914921 -8.434403843459807e-19)
(0.1077347249186389 -0.009587811700700197 -1.328971292260835e-17)
(0.1018877704490579 -0.01133804880901679 -3.452490821448136e-18)
(0.09551331607366138 -0.01175718892789323 -6.460291799415126e-19)
(0.08934302320514691 -0.01094066699964178 -8.130295113134979e-19)
(0.08396796332817587 -0.00918921723587969 -1.071457111777398e-17)
(0.07975933833428445 -0.006815662353753509 -2.47737116730604e-18)
(0.07693578315068411 -0.004090739204420119 -1.195096457877403e-17)
(0.07559791108909383 -0.001237488960093492 -3.495616490499519e-18)
(0.07575538221222758 0.001546566204848907 -3.538987474176078e-18)
(0.07733315927494444 0.00405820925631583 -9.914048374305055e-19)
(0.08015484272141835 0.006061490037930495 -1.947553403174382e-19)
(0.08391712114323784 0.007287269728384699 -4.291515577282515e-20)
(0.08813274638571018 0.007470412741040497 -7.8799523483693e-21)
(0.09219035324635165 0.006504259246060655 -1.46515877939916e-21)
(0.09525548678047824 0.004517498628621427 -2.729979397696311e-22)
(0.09689761333053508 0.002425141020354923 -2.175290562011211e-22)
(0.09749361662014942 0.0008679126717180816 -2.379919549170847e-21)
(0.09752959702182364 -5.68729430065991e-05 -1.639968729882035e-20)
(0.09730759836102992 -0.0004393729580943472 -1.30068547961844e-19)
(0.09708392655482098 -0.0002749816864701376 1.202236382074615e-17)
(0.09726453006582109 0.0008348222050827505 3.46486617251582e-18)
(0.09871006229727428 0.004477477704751005 4.832060407383429e-19)
(0.1010376299029442 0.01498401181324544 6.459406882046398e-20)
(0.09975004747773149 0.03520231290353003 9.862655123780734e-21)
(0.09007089689773008 0.05797512743409594 4.496026112032524e-21)
(0.07436253776600799 0.07143728812928668 4.20151199442509e-20)
(0.05792837325142836 0.07683919788913822 1.88717315040356e-19)
(0.04101957364481026 0.07508375452524282 5.203561305262353e-20)
(0.02632164077609297 0.06694743006177932 -7.487265106831093e-21)
(0.007560190946510982 0.05276842145843279 -7.274613496624832e-21)
(0.008063575033432843 0.037088754442196 -1.027747374360233e-19)
(-1.295259308740828e-06 -1.569998306974289e-06 -5.678676839998189e-19)
(-1.793354422512973e-06 -2.095904519746998e-06 -6.148024154438642e-18)
(-2.143385295683836e-06 -2.400806783874575e-06 8.104924457737128e-20)
(-2.332228536636519e-06 -2.493816649903197e-06 6.237286371175554e-21)
(-2.354276188835241e-06 -2.397001694733015e-06 2.347150969620579e-23)
(-2.205209779360465e-06 -2.136779006888315e-06 -5.308393868446606e-23)
(-1.881448241571049e-06 -1.739790159832263e-06 -5.276681185788089e-24)
(-1.386093824332774e-06 -1.232869063608612e-06 -9.171318784642365e-25)
(0.008049642475663803 -0.0319863770012438 -7.241719924724298e-22)
(0.007455494181266226 -0.0449946327962143 -3.759621919297888e-22)
(0.02585934025992815 -0.05757222475291787 -1.498549733139406e-22)
(0.04037477035536211 -0.06569977458350608 -1.168766824942978e-22)
(0.05688941038854731 -0.06912356526476737 -2.13505011648293e-22)
(0.0729197841116571 -0.06810791825684805 -3.691734820198744e-22)
(0.08719134758253116 -0.06355138974687065 -2.065619990498826e-23)
(0.1014465370644436 -0.05736569692849534 4.017606597217802e-22)
(0.1016237874594817 -0.02153575822285272 -5.925774900018234e-20)
(0.1056562957110192 -0.01062195370289157 -3.595191192919176e-19)
(0.1006636097529417 -0.0007125550987861454 -1.510194213885582e-18)
(0.09792629330645711 0.001070059865934247 -2.171478680794717e-17)
(0.09661982969469335 0.0005014082136563902 -4.737673708174539e-18)
(0.09604939021243658 0.0001112685661765866 -7.882005755779127e-19)
(0.09576157547395628 6.123845471245039e-05 -4.146953226979254e-19)
(0.09562179729883862 0.0001037354936627478 -1.55001118090116e-18)
(0.09558180705320307 0.0001389429152536161 -1.559782585961279e-17)
(0.09561333988657669 0.0001639264470334884 -6.239811873428649e-18)
(0.09569120402335379 0.0001884805504978265 -1.424441982697975e-17)
(0.09578215835197099 0.0002077579697789628 -3.869786358262045e-18)
(0.09582820538415496 0.0001955107091714561 -1.785878366419277e-17)
(0.09572169957558677 9.19913925939174e-05 -3.26559264245184e-18)
(0.0952777147904324 -0.0002014618076552846 -5.555456694434784e-19)
(0.09419836479946972 -0.0007983785239886953 -3.304565923176108e-19)
(0.09207231781210828 -0.001702596826706844 -1.405790432404821e-18)
(0.08863000922958034 -0.002636134304966138 -1.336992021307609e-17)
(0.08415983319263906 -0.003196135948824077 -3.714711769661599e-18)
(0.07925979538995458 -0.003326113190516188 -8.669049617970491e-19)
(0.07446365822331237 -0.003070062309078484 -1.770701935932002e-18)
(0.07022891152526545 -0.00254466952404959 -2.024247251403998e-17)
(0.066871761816514 -0.00185405763479057 -4.781183967210115e-18)
(0.06458991727258181 -0.001076037705024392 -1.352576762325385e-17)
(0.06347994878958622 -0.0002655199228964341 -4.04202670915373e-18)
(0.06355282632073758 0.0005327413133028413 -1.089296087615183e-17)
(0.06473962982166355 0.001271167513348135 -2.391071292597288e-18)
(0.06688155469164392 0.001883186929337049 -3.948478034960702e-19)
(0.06971719889039209 0.002281344577270191 -7.08903642288578e-20)
(0.07286382501348754 0.002365519043563537 -1.346871256750962e-20)
(0.07586643343422209 0.002092478924070528 -2.398995710295967e-21)
(0.07820179223799067 0.001499865844941338 3.193957298888428e-22)
(0.07959070492701703 0.0009157820720751063 4.332210179432328e-21)
(0.08019125150328672 0.0005714609949238114 2.34406001895972e-20)
(0.08027389544663159 0.00051014683301106 1.441004533813885e-19)
(0.08004418494267271 0.0006709071668381769 7.302034126584115e-19)
(0.07967197067314197 0.0008800852609559102 1.121189497401987e-17)
(0.07942937375949664 0.001014546502799818 2.672228171860558e-18)
(0.08062965546460518 0.002771786244734187 4.535610556888127e-19)
(0.08354196425016555 0.01433651813830278 9.346555169435477e-20)
(0.08470189199639699 0.04389035079620476 3.12962428260575e-20)
(0.07903277749501755 0.07259311989315743 7.235962910388665e-21)
(0.06515995540853942 0.08741994022926826 1.040348458922184e-20)
(0.05231578210536233 0.09288175077541688 1.982554085054464e-20)
(0.0387643994432682 0.09085392649293721 -3.079438575420482e-20)
(0.02574805960627587 0.08170255011261125 -9.908767602431031e-22)
(0.007457360717491805 0.06399212653593486 5.751595591275871e-20)
(0.01059342429561753 0.04475540806675762 3.549531761896387e-19)
(-8.909189753289123e-07 -1.032665831751482e-06 -9.557128552525258e-20)
(-1.236162874394472e-06 -1.394860880493676e-06 1.34653665443824e-19)
(-1.479767874223818e-06 -1.6159547762103e-06 8.32147020648474e-20)
(-1.609609436480086e-06 -1.696528922166731e-06 5.577365633717566e-21)
(-1.620407455819872e-06 -1.646145390670319e-06 -2.147618067962507e-23)
(-1.5100252790997e-06 -1.478406076105103e-06 1.884218568003087e-24)
(-1.279141213934507e-06 -1.209657800856599e-06 2.2511301982018e-23)
(-9.348049206034381e-07 -8.597598954258531e-07 6.936750498779712e-24)
(0.0114412160446243 -0.03989021193330322 -1.146225650983123e-22)
(0.00842364741797403 -0.05642918254097277 -5.800776586299949e-23)
(0.02796127739433877 -0.07270631606977751 -2.769280439604073e-23)
(0.04230107079286018 -0.0817177705625089 -2.281641340232101e-23)
(0.05715134905902261 -0.08488767200070065 -3.667050011130273e-23)
(0.07114632714594794 -0.08267357239594658 -5.310680561742337e-23)
(0.08368054914107582 -0.07540154777314058 -4.279120838104402e-24)
(0.094283865256684 -0.06538503234842555 5.427447574809734e-23)
(0.06882048352474858 -0.0116257194093061 -1.341839765887367e-19)
(0.06984332856452619 -0.00675274578811133 -1.210217097624595e-18)
(0.0689827893709552 -0.002838974183618639 -3.777935854024931e-18)
(0.06781295182716825 -0.0005783109054128804 -9.279169947938078e-18)
(0.06694661805653478 6.379983692415001e-06 -4.612578138892274e-18)
(0.06654223685111184 1.172851407804328e-05 -1.744492792250668e-18)
(0.06636632655934828 3.461138590531805e-07 -1.336921345616651e-18)
(0.06629633924017855 3.42254304214889e-05 -3.868356325599186e-18)
(0.06628553695049699 7.547597511388721e-05 -9.685409640322965e-18)
(0.06631563972588085 0.0001074043752420924 -8.157286130896477e-18)
(0.0663715679402221 0.0001264315485556667 -1.008841727168506e-17)
(0.06643006209723466 0.0001215998452722238 -6.417428144732667e-18)
(0.06644801929962836 6.328142314897283e-05 -5.494477526247865e-18)
(0.06634622837769077 -0.0001029333402610341 -2.822037637100952e-18)
(0.0659879548779834 -0.0004508037579948714 -1.174989655434159e-18)
(0.06516452271235992 -0.001033554875628712 -1.090921617291113e-18)
(0.06364136511922758 -0.00179986540974462 -2.951662895610632e-18)
(0.06131026384907198 -0.002550427530079715 -7.550978058561281e-18)
(0.05832426220136936 -0.003050166990294847 -3.738462679300279e-18)
(0.05502605283925873 -0.003189113102438224 -2.194874483649142e-18)
(0.05178348290023006 -0.002982558922373059 -2.93666939289852e-18)
(0.04890488526242863 -0.002508186481990706 -5.45740012018141e-18)
(0.04661333977237442 -0.001855394561646926 -5.740275087105483e-18)
(0.04504933866072711 -0.001101978560536296 -1.34186443730581e-17)
(0.04428251594647888 -0.000310609588697792 -5.006692012197689e-18)
(0.0443214870869007 0.0004639753933019167 -4.748251966069481e-18)
(0.04511678243111762 0.00116490029302605 -2.328466321906815e-18)
(0.04655583501888603 0.001724676551819937 -9.026680115870028e-19)
(0.04845454895951457 0.002066400653692455 -1.723659225606739e-19)
(0.05055451134625245 0.002121253778168701 -2.815172972604691e-20)
(0.05254189623698305 0.001869794536834467 -4.714669753613739e-21)
(0.05411483618669859 0.00139510817607175 7.859269848850417e-22)
(0.05511731863238493 0.000886512201910277 1.023406909489782e-20)
(0.05559838060258147 0.0005140591127938837 5.66215319496579e-20)
(0.05571249812618722 0.0003392679354379277 5.704837608796353e-19)
(0.05561879410987219 0.0003366961315805302 2.048716673152099e-18)
(0.05551055490787926 0.0005211077790212937 4.112023491300612e-18)
(0.05569374674000811 0.001407281001374578 2.710056634248353e-18)
(0.05647870666022534 0.004829925028510544 1.032274722780964e-18)
(0.05397423315602367 0.01748934311543134 1.848620570211412e-19)
(0.04494210585396297 0.03563578153025641 1.378522020151563e-19)
(0.05041928689701634 0.07744461178276871 2.193121887576806e-20)
(0.04681493248691063 0.09623887176684415 1.467410095725795e-20)
(0.04386522419759138 0.1028073604991277 1.659394987952909e-20)
(0.03862672759265209 0.1022613690688132 -3.857944604962055e-19)
(0.03131522952739145 0.09466273951347451 1.794694741975067e-19)
(0.01863807889713118 0.07561377804542373 -4.078611326823955e-20)
(0.02369478777863779 0.04793389809187237 1.450865164886149e-18)
(-5.542173347949583e-07 -6.271149793693476e-07 6.028426092535761e-20)
(-7.705518972923875e-07 -8.541885033915009e-07 1.449198181109616e-18)
(-9.244476182486937e-07 -9.9721125537168e-07 -1.876814345279276e-18)
(-1.006561038875958e-06 -1.054149257137364e-06 7.512270889667561e-20)
(-1.012129258456257e-06 -1.028802906780915e-06 4.261567750951664e-21)
(-9.399293383863423e-07 -9.281659973554846e-07 6.642685892370862e-22)
(-7.922134518606808e-07 -7.618381745247427e-07 2.027175320694769e-22)
(-5.759107285525228e-07 -5.426293771901985e-07 5.168360869218298e-23)
(0.02532093042126081 -0.04443371367269024 1.44913546348121e-22)
(0.02086351471817756 -0.06953732697006546 6.423033596945458e-23)
(0.03628509278159173 -0.08787092544210555 1.171144917821277e-23)
(0.0467833498145394 -0.09589890859609655 -1.11269880559173e-24)
(0.05616486516431848 -0.09820055079690272 -5.635119664514343e-24)
(0.06469494072223626 -0.09575862714489786 -7.640619181811384e-24)
(0.07179905292026585 -0.08855843542386212 -7.976736852331904e-25)
(0.07564940104226883 -0.07753543119956269 7.360220125707925e-24)
(-1.972103411433321e-08 7.054165092612585e-07 -4.981593150087061e-23)
(-5.749632634409474e-08 1.684903901259457e-06 -1.196171901985625e-21)
(-9.203997438424769e-08 2.388693232911916e-06 -1.061402583742599e-19)
(-1.257897717810846e-07 2.88790841638728e-06 -2.765211118849312e-18)
(-1.608453903195143e-07 3.231978626951418e-06 -1.023014255153454e-19)
(-1.973321663940658e-07 3.457168975039369e-06 4.46394707023501e-21)
(-2.337881773313804e-07 3.590343231938244e-06 1.577952457931424e-21)
(-2.679878134300958e-07 3.652056471137701e-06 -8.552010361516417e-20)
(-2.975784476087285e-07 3.65865602896696e-06 -6.195095573967873e-19)
(-3.205402628661796e-07 3.623612705054677e-06 -1.630817180531655e-19)
(-3.354985519896927e-07 3.558286251608106e-06 -2.888182962376447e-19)
(-3.418806549984176e-07 3.472316087592756e-06 -9.403634308952035e-20)
(-3.399187812123776e-07 3.37379201303771e-06 -4.0732989818592e-20)
(-3.305293475453896e-07 3.269325665027686e-06 -2.561987503400906e-20)
(-3.151189899217293e-07 3.164111048937135e-06 -8.285204783314207e-21)
(-2.953732845573272e-07 3.062006558532653e-06 9.505713719602092e-21)
(-2.730774575463064e-07 2.965649005390401e-06 6.845286256124782e-20)
(-2.499960313276373e-07 2.876591420032919e-06 2.809019595830131e-19)
(-2.27806106353973e-07 2.795463874447415e-06 7.607812272640855e-20)
(-2.080618553101758e-07 2.722103220257135e-06 3.078069162547069e-20)
(-1.921828782744823e-07 2.655662007282171e-06 1.11315754597789e-19)
(-1.814523394983543e-07 2.594691053729292e-06 1.016077841429635e-18)
(-1.77005228818106e-07 2.537200228973531e-06 2.988114679174318e-19)
(-1.797890550197818e-07 2.480712146871655e-06 3.217552476195774e-18)
(-1.904866063526071e-07 2.422328336264073e-06 1.825253842741568e-19)
(-2.094027815500131e-07 2.358832066497469e-06 -8.377332653199696e-21)
(-2.363314452417248e-07 2.286858634087873e-06 9.774870378530324e-22)
(-2.704229149926539e-07 2.203104619120759e-06 -8.740763697660207e-22)
(-3.100807526989634e-07 2.104587296967086e-06 2.177526484567165e-22)
(-3.529160949196624e-07 1.988956419894097e-06 8.887332541926457e-23)
(-3.957751829233164e-07 1.854823084966204e-06 1.725330931387901e-23)
(-4.348558981855533e-07 1.702060024237389e-06 3.668143974139944e-23)
(-4.659169389514741e-07 1.53206934894309e-06 2.309757976952805e-22)
(-4.846113605258204e-07 1.347918836608862e-06 1.102892818337702e-21)
(-4.869627043006721e-07 1.154301831732957e-06 3.368769948860424e-21)
(-4.699302633647245e-07 9.572450138093692e-07 -3.745877728331234e-21)
(-4.319825520847885e-07 7.635239717557196e-07 -9.770692333449777e-20)
(-3.73573465600437e-07 5.797931774045167e-07 -3.324745893751806e-21)
(-2.973498177262328e-07 4.114659366040441e-07 3.701995199614159e-21)
(-2.078182047924454e-07 2.613754808006297e-07 1.473933321122601e-21)
(0.02241679290362407 0.04608435626908847 1.734361576372304e-20)
(0.0179610451622031 0.07237294092176219 1.507046606993722e-20)
(0.03108696917014616 0.09199134959149419 7.23931158108955e-20)
(0.03911452329527252 0.1009742653729982 4.819567193385916e-19)
(0.0453621586495404 0.1032319389305302 9.719321289292927e-18)
(0.04931915965465102 0.09823923781725338 1.13247397737375e-17)
(0.05414693437892332 0.08026732379109966 7.042316053158765e-18)
(0.04892147653595873 0.03705016531564688 1.020747346191942e-18)
(0.05910183849061122 0.0176713550994811 1.076920339435469e-18)
(0.06220739472303495 0.004558131851809278 1.43251811309963e-18)
(0.06147049434824445 0.001062640411885361 1.647817037547186e-18)
(0.06125042717915555 0.0001122488720542462 1.583507267289525e-18)
(0.06134678142212724 -0.0003201100396147303 6.155055156214825e-19)
(0.06174738445874452 -0.001368650354755192 1.305010278873325e-19)
(0.06265274406409198 -0.004920248920623127 2.22501886362966e-20)
(0.05991810761694986 -0.01749877189040758 3.669545752313633e-21)
(0.05005626364139221 -0.03415502099166776 2.95298787523532e-21)
(0.05733892114053366 -0.07649657193204648 4.10942729594749e-22)
(0.05534499344758739 -0.0947438020830465 5.760258228932176e-23)
(0.05468830179126628 -0.101060258253533 7.712018103799341e-24)
(0.05231239361934219 -0.1014343506814127 2.291338232416746e-25)
(0.0476265121999607 -0.09638627224266622 -9.526366260502815e-25)
(0.03752161398065314 -0.08316710790905496 -1.399594105015043e-25)
(0.0230406251967701 -0.04917513930156649 7.845209564738318e-25)
(-2.631966056494114e-08 1.000167102197663e-06 9.41164274887285e-22)
(-7.823672992985677e-08 2.369244068993644e-06 1.354623355054318e-21)
(-1.287610542071316e-07 3.347815341282236e-06 -1.578595742409598e-19)
(-1.800814900974543e-07 4.04091753253592e-06 -2.811310078676366e-18)
(-2.340342746000833e-07 4.518149565516019e-06 -1.141776455685173e-19)
(-2.904504370713351e-07 4.830109257546091e-06 4.440550498966064e-22)
(-3.470383800971573e-07 5.014127708521509e-06 -3.745750673125939e-22)
(-4.002381668696523e-07 5.098674619518273e-06 2.991629881681653e-20)
(-4.462329623113092e-07 5.106399583004436e-06 1.755843612840943e-18)
(-4.817651723382351e-07 5.056023356198947e-06 1.65991289996347e-19)
(-5.046638958335114e-07 4.963392958272014e-06 2.760293552293583e-18)
(-5.140774211041029e-07 4.841999124195057e-06 1.566436926569541e-19)
(-5.104454330827866e-07 4.703193340079622e-06 1.422585623884222e-19)
(-4.952781930255695e-07 4.556274939596875e-06 -2.938894252947092e-20)
(-4.708302932471611e-07 4.408558323599826e-06 -1.140093184592328e-20)
(-4.397583616196771e-07 4.265471993454562e-06 9.932226412743525e-21)
(-4.048346491812224e-07 4.130709067347565e-06 8.567612514109012e-20)
(-3.687534629428016e-07 4.006427559065384e-06 -6.264870979675435e-18)
(-3.34029157035131e-07 3.89347603299648e-06 8.650400747999372e-20)
(-3.029609823763956e-07 3.791594012045232e-06 1.746095753267833e-20)
(-2.776396872634706e-07 3.699575976592612e-06 6.436366105160031e-20)
(-2.599656723104114e-07 3.615386694959255e-06 -6.154100603763797e-18)
(-2.516472432420157e-07 3.536239419889677e-06 1.45886679178823e-19)
(-2.541508611676215e-07 3.458660859972885e-06 6.32508880915951e-19)
(-2.685874526319951e-07 3.378573292612771e-06 8.49191193068677e-20)
(-2.955375367126069e-07 3.291428777912745e-06 1.840203466418434e-20)
(-3.348368287187879e-07 3.192424051382271e-06 1.084289452016096e-19)
(-3.853575874873888e-07 3.07679923720572e-06 2.36269195328058e-20)
(-4.448293190866003e-07 2.940227818965789e-06 3.198751156596051e-21)
(-5.097406942490904e-07 2.779280878722877e-06 3.414250003348791e-22)
(-5.75356541980673e-07 2.591923206077696e-06 3.095501019455231e-23)
(-6.358775882231438e-07 2.377976239255472e-06 6.885851805701745e-25)
(-6.847695124679969e-07 2.139476519008024e-06 -4.059635962842838e-23)
(-7.152920452348742e-07 1.880828649725337e-06 -6.127540049590714e-22)
(-7.212273901908463e-07 1.608691948529455e-06 -8.205550325179234e-21)
(-6.977459995208615e-07 1.331554235040056e-06 -1.131637358392391e-19)
(-6.422910738945048e-07 1.058963708466289e-06 -1.650971731267557e-18)
(-5.553010519769239e-07 8.004307790569765e-07 -1.13174926715044e-19)
(-4.404786408751873e-07 5.640585642556484e-07 -7.5117501850251e-21)
(-3.04202379149967e-07 3.549548709775793e-07 -4.614932657707345e-22)
(0.01065367902166521 0.04240779616149844 1.596288398835324e-20)
(0.007870763147034344 0.06050050802471168 1.181351476591657e-20)
(0.02688889728693074 0.07849993954582465 4.093169513652395e-20)
(0.04070729523550964 0.08864510417238648 3.746489901725441e-19)
(0.05549958050002197 0.0921170950495307 2.800415303036436e-18)
(0.06978864012315002 0.0880779884822866 2.650453337858767e-18)
(0.08541314273934772 0.07415325409562409 2.565861181693607e-18)
(0.09234904146724894 0.04489295769130271 7.524550785441652e-19)
(0.09175994349993703 0.01416118454390377 5.126222904243469e-19)
(0.08898213305102388 0.002209312672365097 1.132970702116514e-19)
(0.08783541330945925 0.0004441908606312775 5.785046824002944e-18)
(0.08799541506080807 0.0001830492900489883 2.214145730983935e-18)
(0.08814879696430135 -0.0002755504939123697 3.254041213876537e-19)
(0.08829342303568841 -0.0007936880920625087 5.176966359078261e-20)
(0.08968707170660752 -0.002939083945478034 1.040647108778538e-20)
(0.09260566123296317 -0.0147187746271391 2.021540355675534e-21)
(0.09394489692357222 -0.04409137700231282 6.787307499105265e-22)
(0.08879444691790263 -0.0728280682519232 1.47795322722522e-22)
(0.07529489359156176 -0.08737322832824795 2.773987750227953e-23)
(0.06332121682134674 -0.09295590866680346 4.779623489129503e-24)
(0.05090541256904963 -0.09172817908100991 6.664077916875221e-25)
(0.03730884228025526 -0.08340890836754326 -3.144229956259065e-26)
(0.02141552727726525 -0.06533634032031418 -1.068117658558003e-26)
(0.005182547747117182 -0.03046857066196189 8.569900104831023e-26)
(-2.875031191828907e-08 1.180426265807305e-06 2.025453776031322e-21)
(-8.712535555770867e-08 2.793139106185838e-06 -2.321503130853629e-20)
(-1.480879194095449e-07 3.945952143251386e-06 -1.583219914904837e-18)
(-2.140626722609441e-07 4.763912512515713e-06 -3.561041529911672e-18)
(-2.860079114908563e-07 5.32833042417389e-06 1.873209123380677e-19)
(-3.624858191321641e-07 5.697909046621652e-06 8.803137448714963e-21)
(-4.397008959400013e-07 5.916149807691333e-06 -1.653080186414965e-21)
(-5.124250827437827e-07 6.016454256192955e-06 -5.854541654912335e-21)
(-5.752348314813145e-07 6.025550101150827e-06 9.624113411716129e-20)
(-6.235919922321963e-07 5.965619900876861e-06 -1.785558972170999e-20)
(-6.545471610648265e-07 5.855490459586929e-06 3.869389968560591e-20)
(-6.67022821974764e-07 5.711213259225207e-06 1.447427793366413e-19)
(-6.617324284871086e-07 5.546305255183263e-06 -5.22791042692262e-18)
(-6.408421578999422e-07 5.371845582957495e-06 6.572635882553759e-18)
(-6.075016145317205e-07 5.196550144140159e-06 -3.956025386405977e-20)
(-5.653633597378117e-07 5.026888018221662e-06 -5.224223691132367e-21)
(-5.181828917179623e-07 4.867260938955318e-06 2.001027900519036e-20)
(-4.695491885714758e-07 4.720243177956229e-06 1.32762318077839e-19)
(-4.227500090656262e-07 4.586840229623725e-06 2.088173441039101e-20)
(-3.807469349330871e-07 4.466733185387898e-06 2.043378286673676e-21)
(-3.4621652529143e-07 4.358477567455296e-06 7.502643125426791e-21)
(-3.216066214062775e-07 4.25964391980089e-06 5.684283255036523e-20)
(-3.091586215917593e-07 4.166911596940946e-06 2.055994190359161e-20)
(-3.108559916459482e-07 4.076144979801486e-06 7.650178153166383e-20)
(-3.282769990191683e-07 3.982489062370059e-06 4.581544406691927e-21)
(-3.623549419285582e-07 3.880526038419364e-06 -8.143734502730298e-20)
(-4.130743336200945e-07 3.764527329395387e-06 -6.013721043196342e-18)
(-4.79151430702999e-07 3.628812429172534e-06 1.088370036507547e-19)
(-5.577601290863987e-07 3.468222450671993e-06 1.225314126241382e-20)
(-6.443653617102356e-07 3.278680673667609e-06 1.118746124624962e-21)
(-7.327208871401626e-07 3.057785792199424e-06 8.740584110576513e-23)
(-8.150800610276163e-07 2.805355178785076e-06 -1.876584759084956e-23)
(-8.826554273705899e-07 2.523824350146239e-06 -2.010231140971718e-22)
(-9.263444354055961e-07 2.218405644767787e-06 -1.250551303445699e-21)
(-9.376953027722887e-07 1.896940186773416e-06 -5.414077842381019e-21)
(-9.100296147618314e-07 1.569407951230832e-06 -1.747881279022332e-20)
(-8.395742108367396e-07 1.247078917213269e-06 -2.481264921921194e-19)
(-7.263958359928283e-07 9.413192084799238e-07 -4.40040434465369e-20)
(-5.749009746377088e-07 6.620160973198896e-07 -5.487204170024885e-21)
(-3.937903310874749e-07 4.154733881951006e-07 -6.952888006017145e-22)
(0.008408605791573487 0.03437896423033291 2.39279056964372e-20)
(0.00794342189154709 0.04877186673124718 1.388080856707784e-20)
(0.02797220275922594 0.0629222823174883 3.444528921788566e-20)
(0.04360432353558717 0.07170569705786979 9.965029394969606e-20)
(0.06188846605529679 0.07459272542765114 5.077024914436821e-19)
(0.07990852532707543 0.07037574915056054 3.985403496796562e-19)
(0.09738720708594116 0.05774578096050657 3.181221779531988e-19)
(0.1085572155427245 0.03489162201960999 4.223667128348574e-20)
(0.110637530960289 0.01430851449772294 1.123087552364461e-20)
(0.1085966680684469 0.003917094054091981 4.601951888070464e-18)
(0.1072635862827044 0.0006599393604247649 6.9476579855842e-18)
(0.1070497341634691 -0.0001753863662670532 2.050124698439853e-18)
(0.1071852373018445 -0.0005263505517608154 2.867776821544268e-19)
(0.1076434309551492 -0.001472108325074204 3.80997841133384e-20)
(0.109127413681719 -0.004835319116250276 6.593693629401226e-21)
(0.1112396110753377 -0.01503431016659403 1.179554854164831e-21)
(0.1096885616864055 -0.0349894810654311 2.524536843752209e-22)
(0.09965867503673025 -0.05791798591842872 5.408475226934204e-23)
(0.08347183333166662 -0.07139137137875709 1.102330376516711e-23)
(0.06659421866816327 -0.07698366516173577 2.124352512072694e-24)
(0.04918685944560145 -0.07551243157618921 3.739275139728564e-25)
(0.03172767529149953 -0.06677837030516599 4.71020065453171e-26)
(0.01503379366933783 -0.04927500903740746 6.566224402266431e-27)
(0.001978617184010949 -0.02042441210521117 1.046528086911775e-26)
(-2.648650953554141e-08 1.226154662456024e-06 1.043166899051153e-20)
(-8.240172752059689e-08 2.9039483405509e-06 1.067222237461375e-19)
(-1.464184978122729e-07 4.105767378057706e-06 6.5665644496157e-19)
(-2.215730393289976e-07 4.961045522295076e-06 1.567152565420134e-18)
(-3.077422696003401e-07 5.553241712697322e-06 1.57069423996729e-19)
(-4.01578387825615e-07 5.942313140170578e-06 7.832882190655922e-21)
(-4.971989853530621e-07 6.172857263044441e-06 -2.650977918270963e-21)
(-5.874366205727314e-07 6.279427376590157e-06 5.692128974111097e-20)
(-6.652591895381669e-07 6.289921619824545e-06 2.080685383980749e-18)
(-7.249797184115023e-07 6.227635990010581e-06 -7.497026560712893e-20)
(-7.630258289080018e-07 6.112403678556035e-06 5.939475418569997e-18)
(-7.782107608630788e-07 5.961152835764301e-06 5.442458669747263e-20)
(-7.7157235230693e-07 5.788141580921309e-06 -5.054019089318111e-18)
(-7.459132076921039e-07 5.605056651037266e-06 1.378541270980832e-19)
(-7.051971294513674e-07 5.421094529097035e-06 -4.427266942894547e-22)
(-6.539448595358627e-07 5.243087550578377e-06 -2.379337230816453e-21)
(-5.967367968126407e-07 5.075696205734449e-06 5.755329636666279e-20)
(-5.378822301468997e-07 4.921654587194198e-06 8.693187303229711e-19)
(-4.812649548000545e-07 4.782037821234638e-06 5.765781556501315e-20)
(-4.303356767366452e-07 4.656515411719019e-06 -2.136382834875585e-21)
(-3.881937480548553e-07 4.543560319585435e-06 -7.489841537036224e-21)
(-3.576885534142468e-07 4.440600680355721e-06 -1.422207729666351e-20)
(-3.414737669044533e-07 4.344124033047109e-06 -7.087062795633124e-21)
(-3.419623950473918e-07 4.249763239183612e-06 -1.336843839402069e-20)
(-3.61154398673038e-07 4.152402574801291e-06 -1.80388517807448e-19)
(-4.003402313808389e-07 4.046346708927147e-06 3.560334808294815e-18)
(-4.597151061968771e-07 3.925589483492402e-06 -7.332241579583834e-20)
(-5.379644813273757e-07 3.784195305944326e-06 1.445203695982264e-20)
(-6.318990634902833e-07 3.616798156404373e-06 2.874579323480853e-21)
(-7.362223186642251e-07 3.4191851246508e-06 3.436188638489445e-22)
(-8.435085544844859e-07 3.188904949818529e-06 2.801595924609972e-23)
(-9.44456044022976e-07 2.925814661609849e-06 -4.64814763243624e-23)
(-1.028451486532328e-06 2.632473291345593e-06 -3.289117881454958e-22)
(-1.084448179061726e-06 2.314293524386009e-06 -7.32972070778519e-22)
(-1.102108883281952e-06 1.979388848272201e-06 2.105666253053028e-20)
(-1.073110321634513e-06 1.638081293190916e-06 3.575400005375081e-19)
(-9.924592045164327e-07 1.302052012866137e-06 1.374870296663678e-18)
(-8.596560162857543e-07 9.831124988248993e-07 -4.179385451483084e-20)
(-6.795980954897585e-07 6.915216709045373e-07 -5.060558393653601e-21)
(-4.632411817456078e-07 4.337062447901758e-07 -7.306311597011161e-22)
(0.00817978779301576 0.02604545821198044 3.470111570858982e-20)
(0.008742500801491694 0.037045350040835 3.178738324270929e-20)
(0.02893962850592386 0.04698971163682897 2.355469145193674e-19)
(0.04474709816735208 0.05357459417848717 8.555310587445832e-18)
(0.06370699889775151 0.05570270663236224 1.291589791380362e-18)
(0.08231228244154529 0.05237503864501619 2.020756799331293e-19)
(0.09938174676171478 0.0431407621654856 -1.259461772011857e-20)
(0.1111813988404804 0.02810394382435185 -7.656357935788137e-19)
(0.1156610305084635 0.01377288363529 8.361641002227488e-18)
(0.115949273639933 0.005151575702832582 2.645269593737538e-18)
(0.115533318385303 0.001409697155384857 1.093882242725695e-18)
(0.1153758352425569 -6.631855934515808e-06 3.682743199121566e-19)
(0.1154069718498444 -0.0008011389275656695 7.535059780244124e-20)
(0.1156037130380061 -0.002298388664094 1.244157907035387e-20)
(0.1160006337346102 -0.006125935804469696 2.5508780572551e-21)
(0.1156735756000118 -0.01470799990817409 5.000904391306977e-22)
(0.1114259795238627 -0.02887642651386748 1.008697685567894e-22)
(0.1001551913691526 -0.04417646480461261 2.077307504022999e-23)
(0.08359244872298974 -0.05414719370809741 4.261691838067551e-24)
(0.06517721103561434 -0.05842194032967019 8.559928850911739e-25)
(0.04616098214974694 -0.05685730696965709 1.64852007562657e-25)
(0.02783401106127185 -0.04922779146214582 2.861981341228998e-26)
(0.01185481671806897 -0.03494926744491005 4.947236687520629e-27)
(0.001149159037322365 -0.01366863579939162 1.787267379944619e-27)
(-2.009521106645113e-08 1.134282274241165e-06 2.097915217030091e-21)
(-6.532121429327596e-08 2.689527262796955e-06 1.998761047442243e-20)
(-1.244240912456288e-07 3.80624000593079e-06 1.004071629356638e-19)
(-2.011162005344583e-07 4.603396652356519e-06 1.148476994729395e-19)
(-2.942256012552005e-07 5.15731254603722e-06 3.238584520775735e-21)
(-3.984372137963953e-07 5.522616003760146e-06 -3.43270333971537e-21)
(-5.057795674295266e-07 5.740026837723622e-06 -3.990724686070313e-21)
(-6.073232896720675e-07 5.84133242225544e-06 4.747486349760509e-20)
(-6.947644398892956e-07 5.85243007189388e-06 1.987838787740231e-18)
(-7.616464936268091e-07 5.795095763197131e-06 -1.287990577170287e-19)
(-8.040767345546653e-07 5.687939461089531e-06 -9.989418131557151e-19)
(-8.209138691993995e-07 5.546867789824094e-06 -1.397264705933175e-19)
(-8.135075073210062e-07 5.385282014315007e-06 -6.445885314374811e-18)
(-7.851352703904836e-07 5.214167759439066e-06 3.053669812965597e-20)
(-7.403036881526923e-07 5.042174988033961e-06 1.862886934278527e-21)
(-6.840650260426379e-07 4.875740702415957e-06 9.988909820128975e-22)
(-6.214640226290431e-07 4.719268576662029e-06 6.639774843342898e-20)
(-5.571775993993677e-07 4.575354256894696e-06 8.985936225599571e-19)
(-4.953590688658825e-07 4.445030030966729e-06 6.568392204178946e-20)
(-4.396526714154893e-07 4.327996671183126e-06 -4.228708529122603e-21)
(-3.933124683319243e-07 4.222817735792994e-06 -2.584344810730233e-20)
(-3.593438546124414e-07 4.127064784416584e-06 -3.114587954864162e-20)
(-3.405890325876119e-07 4.037421935663805e-06 -4.241930489242004e-20)
(-3.396949304068642e-07 3.949774874664568e-06 -1.777710960804432e-19)
(-3.589306008125546e-07 3.859319249898752e-06 7.697780362425951e-20)
(-3.998569977671246e-07 3.760726794773566e-06 -5.763385435385797e-18)
(-4.628881518043901e-07 3.648402592247384e-06 1.070189107580665e-19)
(-5.468128308350607e-07 3.516845800640963e-06 1.133683040609799e-20)
(-6.483671294225772e-07 3.361113484338365e-06 1.153968260988725e-21)
(-7.619553722875219e-07 3.177355139126264e-06 1.106279802829799e-22)
(-8.796099060745001e-07 2.963362554660263e-06 7.393180046885142e-24)
(-9.912614322982183e-07 2.719056758577858e-06 -2.357443724965811e-23)
(-1.085352190752752e-06 2.446835194624963e-06 -1.775289908541126e-22)
(-1.149782879707878e-06 2.151703231785453e-06 -8.968036154715656e-22)
(-1.173131169674227e-06 1.84113423663812e-06 -1.449691994009897e-21)
(-1.146035436316688e-06 1.524620933153996e-06 1.749132189086077e-20)
(-1.062614639469987e-06 1.21288942437096e-06 -3.923684412778408e-20)
(-9.218143451463021e-07 9.167430775171639e-07 -9.027177663962337e-21)
(-7.286274671929743e-07 6.454737622593677e-07 -1.534106735688963e-21)
(-4.951875892658317e-07 4.048360231067184e-07 -4.78370047692624e-22)
(0.007713452601694788 0.0179260056981711 3.254570635280447e-20)
(0.00830274857543643 0.02523422657840315 1.134587577660935e-20)
(0.02767964344323938 0.03139769662614866 1.950125243923563e-19)
(0.04239687447975311 0.03583371845326498 1.467552289136407e-18)
(0.06009712047408157 0.03724787647941061 3.306430188617575e-19)
(0.07731051434135408 0.03494046270542649 5.983473490167446e-20)
(0.09274813980792516 0.02880250851864263 9.9698066354491e-22)
(0.1039510797176222 0.01942655293407737 -1.158074930435544e-20)
(0.1096706226938029 0.01033390514167351 1.257564695647586e-18)
(0.1116426169633615 0.004323932474988162 -8.574085228425496e-20)
(0.1121341323230143 0.001312519722214297 6.21215486209569e-22)
(0.1122028715638942 1.101099501568847e-05 3.233220392195366e-20)
(0.1121366790938779 -0.0007717284056518466 1.148600703281486e-20)
(0.1119194860197992 -0.002121659718989782 2.456171412765173e-21)
(0.1112458887860141 -0.005192725628391605 6.207362895095764e-22)
(0.109084326041389 -0.01123061107060679 1.46625569246913e-22)
(0.1032955546201801 -0.02035299355088659 3.315681081842984e-23)
(0.09211535449001008 -0.03002199442050446 7.25892311157711e-24)
(0.07659502013515969 -0.03671220895014808 1.55085532491581e-24)
(0.05897865352355778 -0.03959440906644291 3.238422733824059e-25)
(0.04082348758246696 -0.03824424490997368 6.574416959968923e-26)
(0.02373641493382913 -0.03247520672960505 1.272786439386875e-26)
(0.009568160423058164 -0.02220568545594013 2.404364581449182e-27)
(0.000795342016739566 -0.008050491735749322 4.898500426798508e-28)
(-1.118730404581908e-08 9.166622707111475e-07 3.10952603140905e-22)
(-4.005298926486496e-08 2.174803997298178e-06 3.018562923533898e-21)
(-8.697741331570134e-08 3.079836395130688e-06 1.426940524451335e-20)
(-1.559746941239698e-07 3.727501556770318e-06 2.210524402263548e-20)
(-2.450386721395553e-07 4.178886168686689e-06 2.833258062046975e-21)
(-3.475205670256179e-07 4.477571467590173e-06 -3.424879518430162e-22)
(-4.542250616433596e-07 4.656064654374754e-06 2.550539336392188e-21)
(-5.554070743969339e-07 4.739871579473439e-06 1.02001814047675e-19)
(-6.423893659203905e-07 4.74992355008739e-06 2.253717661544276e-18)
(-7.086758182469125e-07 4.703933420742825e-06 -8.787356751643277e-20)
(-7.505215046088023e-07 4.617098792619864e-06 -1.582639918328328e-18)
(-7.66995038013708e-07 4.502432573726925e-06 -1.918325432057721e-19)
(-7.596328974151644e-07 4.370904405634544e-06 7.436826172254826e-20)
(-7.318299355574698e-07 4.231510015890896e-06 -2.626420529749261e-21)
(-6.881227247821503e-07 4.091338702736443e-06 -1.18780304260392e-21)
(-6.335075196893525e-07 3.955675726138711e-06 4.163737338812348e-21)
(-5.728983798738638e-07 3.828147245536718e-06 3.54430665386983e-20)
(-5.107840427031642e-07 3.710901143766924e-06 -6.5015212547648e-18)
(-4.510923254017179e-07 3.604801370615213e-06 3.43005211888752e-20)
(-3.972268156982386e-07 3.509612784429627e-06 -4.512567508450272e-21)
(-3.522089841716692e-07 3.424158256156091e-06 -7.112093316801797e-21)
(-3.188424933702264e-07 3.346439274435611e-06 -5.030544181415966e-18)
(-2.998194099247242e-07 3.273726926139109e-06 -1.824315664318337e-19)
(-2.977047227140095e-07 3.202641954121091e-06 -3.11793465558528e-18)
(-3.14765144232218e-07 3.129251325243809e-06 -1.578824750127107e-19)
(-3.526443348520879e-07 3.049211248975755e-06 1.008974416128671e-19)
(-4.119234022353382e-07 2.957981169846371e-06 1.964345779188007e-20)
(-4.916368092019747e-07 2.85112091826965e-06 2.713944996671272e-21)
(-5.888352457008791e-07 2.724664934326522e-06 3.469188649769548e-22)
(-6.982943970383626e-07 2.57554791627387e-06 4.49029872388871e-23)
(-8.124600005244252e-07 2.402037652518996e-06 5.961119491918772e-24)
(-9.216976717988865e-07 2.204115002713957e-06 -2.795919146806287e-24)
(-1.01487457394335e-06 1.983742707596485e-06 -2.824950574698518e-23)
(-1.080257842434561e-06 1.744965503633778e-06 -1.494369336582653e-22)
(-1.10666811315753e-06 1.493795362351481e-06 -4.226034898405513e-22)
(-1.084793742735755e-06 1.23784633528903e-06 -6.749325681261114e-22)
(-1.008565741251848e-06 9.856928803668018e-07 -1.368845175953305e-20)
(-8.765131514275153e-07 7.459190829326107e-07 -6.976631805760724e-22)
(-6.930672955488687e-07 5.25857781721005e-07 2.138415297532967e-22)
(-4.698391229355364e-07 3.300312705861556e-07 -8.388678436264878e-23)
(0.006401822684824561 0.01058902209022682 1.822692298399251e-20)
(0.006721344481369534 0.01426300597231576 1.127895060160827e-20)
(0.02368355695482038 0.01730829539689082 4.922710651229886e-20)
(0.0359901585888695 0.02000193861797534 1.667573741564132e-19)
(0.05088345130350309 0.02091649823990881 5.512836655672042e-20)
(0.06529081322976918 0.01966595804848924 4.559308782765731e-21)
(0.07811046636236942 0.01624204785592347 -8.421181390626017e-20)
(0.08768366357897739 0.01113730578125121 -8.618006439956735e-19)
(0.09325519387938032 0.006127603021539071 4.826745845333989e-18)
(0.09577254462272494 0.002651343945241292 -3.423752457199331e-18)
(0.09667486612617882 0.0008026048872783979 -1.215492202321429e-18)
(0.09687328990447547 -2.107790642924284e-05 -9.94785771129909e-20)
(0.09674733445475026 -0.0005151495735408757 -5.598260166490627e-21)
(0.09628558335250907 -0.001368413685814922 1.211428896480576e-22)
(0.09509678095780429 -0.00326065682542868 1.841332350131399e-22)
(0.09227781784399376 -0.0067841471031642 5.575400870893636e-23)
(0.08643080083590746 -0.01187240011916221 1.347223037679227e-23)
(0.07656158168711134 -0.01720461643493944 2.98708255303313e-24)
(0.06330861301178983 -0.02099043663170466 6.360448595483933e-25)
(0.04820182527585963 -0.02258113255169339 1.32417946460195e-25)
(0.03272291525790617 -0.02160603628376131 2.708794726172219e-26)
(0.01845206322792241 -0.0179299574331751 5.419137972405116e-27)
(0.007085628470464744 -0.01164674818366834 1.060969222124321e-27)
(0.000511457970011858 -0.003664858590818075 1.814967437816502e-28)
(-2.303011763173275e-09 5.974344775159439e-07 4.226919071567215e-22)
(-1.338442674921059e-08 1.41611281628015e-06 3.963659888834933e-21)
(-4.275354350343104e-08 2.005435865817958e-06 2.710408922779833e-20)
(-9.379304420262767e-08 2.427835722550783e-06 1.459214349492814e-19)
(-1.641215363681892e-07 2.722826344180181e-06 2.601076050085675e-20)
(-2.472214731064418e-07 2.918490367074178e-06 3.440925875536534e-21)
(-3.345833051819885e-07 3.035761070674771e-06 4.080361493668494e-23)
(-4.175528994208606e-07 3.091111495260603e-06 -3.648949708487415e-20)
(-4.886956940116077e-07 3.098128691872903e-06 -1.726746700219076e-18)
(-5.426408799961627e-07 3.068367119102105e-06 2.399804843435229e-20)
(-5.764403136764322e-07 3.011773947312734e-06 2.165311555049839e-19)
(-5.895176842828694e-07 2.936881281057177e-06 1.240843542638991e-19)
(-5.83310679496199e-07 2.850887026360121e-06 -4.175395128003937e-18)
(-5.607271961619378e-07 2.759697079839345e-06 6.275801996302211e-20)
(-5.255383085946662e-07 2.667969926892363e-06 -5.457139355834615e-21)
(-4.818165258511486e-07 2.579183637844247e-06 -8.47041945019256e-21)
(-4.334996423905994e-07 2.495730188546572e-06 -1.418441464500816e-19)
(-3.841239478018666e-07 2.419031825068434e-06 3.86363145448987e-18)
(-3.367311865105135e-07 2.349665473670839e-06 -1.425410176920453e-19)
(-2.939187544711078e-07 2.287481492664357e-06 -1.317552730513369e-20)
(-2.579769595330555e-07 2.231705793022713e-06 -2.409542790660144e-20)
(-2.310436516697947e-07 2.181019844547607e-06 5.408176762474846e-20)
(-2.152089425204277e-07 2.133623244946023e-06 -1.540226666598504e-20)
(-2.125161600895816e-07 2.087290148706785e-06 -1.522751060886448e-19)
(-2.248301146316051e-07 2.039436989423636e-06 1.248923893660593e-20)
(-2.535738864963477e-07 1.987220253699021e-06 1.840593876996853e-20)
(-2.993661142059736e-07 1.927678648339115e-06 5.440263169245922e-21)
(-3.616174184845489e-07 1.857929037254536e-06 1.25425127597065e-21)
(-4.381620415821498e-07 1.775409179067123e-06 2.57929823185183e-22)
(-5.250067433354086e-07 1.678150898314643e-06 4.862427439865896e-23)
(-6.162707530859082e-07 1.565055674051337e-06 8.973291801637341e-24)
(-7.043709799280096e-07 1.436135233651159e-06 4.10890366835049e-24)
(-7.804724668292531e-07 1.292680850692191e-06 1.526330771573702e-23)
(-8.351898168118196e-07 1.137325194061362e-06 4.09311932681331e-23)
(-8.594907436034957e-07 9.739654664949783e-07 -7.012150282158913e-22)
(-8.457295974885135e-07 8.075221942396935e-07 -1.581087830986425e-20)
(-7.887361205287293e-07 6.435154568427233e-07 -1.662381484489658e-19)
(-6.869039961990373e-07 4.874511922673829e-07 -1.558198386530723e-20)
(-5.432929665533451e-07 3.440334432674649e-07 -5.638951755945398e-22)
(-3.668932205712003e-07 2.161903859898909e-07 2.650820750845648e-23)
(0.00459712899175756 0.005146670343881631 6.034886772506607e-21)
(0.004322661121666392 0.00540809301475084 3.461743582311364e-21)
(0.01691090817393416 0.006254032242152525 9.448209917967184e-21)
(0.02526085482345907 0.007611448557985408 2.0052958848092e-20)
(0.03576413583208293 0.008127420234124433 7.661428482318558e-21)
(0.04596639746923284 0.007707913343920711 1.076175545020946e-21)
(0.05504138013077581 0.00635846978933876 -7.086225248635332e-21)
(0.06188732577693429 0.004324043957959135 -8.558856232249085e-21)
(0.06604218457268296 0.002322939309172572 6.700494529550692e-19)
(0.06803262285053691 0.0009342396796518692 3.160477963736644e-19)
(0.06875918555025394 0.0002180312011325424 6.711722700818073e-19)
(0.06889554803271326 -5.800503533661735e-05 1.848228743013107e-19)
(0.06876715292383595 -0.0001896619773454823 3.159710715112482e-20)
(0.06836542662592511 -0.000479826660876089 4.345859607528234e-21)
(0.06735460491881705 -0.001218922740773064 7.334452232758673e-22)
(0.0650579765241865 -0.002637973338339105 1.175059617724919e-22)
(0.06057930731951742 -0.004690825837578889 1.862639555361408e-23)
(0.05334557421878582 -0.00684756966745694 2.991640867948242e-24)
(0.04374321899038586 -0.008387727031605941 4.935981254829252e-25)
(0.03278904450411615 -0.00900982342854988 8.427514963401372e-26)
(0.02164996752380529 -0.008518874287867316 1.490062241015635e-26)
(0.0116154952342984 -0.006833319122999978 2.710988711432723e-27)
(0.004022672055320572 -0.004018698821799399 5.00852805862715e-28)
(0.0001549513977264727 -0.0007752766359403864 7.855232080838261e-29)
(2.892926846914754e-09 2.056258861138805e-07 -1.111250701330074e-22)
(4.731998156488025e-09 4.889506463944893e-07 1.931538256341194e-22)
(-4.633590454687295e-09 6.933625994268177e-07 4.519271611678152e-20)
(-2.650461292672338e-08 8.40000572475063e-07 1.658009859529114e-18)
(-5.920126128254946e-08 9.425132018365829e-07 4.509136695873791e-20)
(-9.894176375489609e-08 1.010602747601415e-06 -1.353250291059865e-22)
(-1.410738596099945e-07 1.051496465905347e-06 -3.7073798200145e-21)
(-1.810636573384376e-07 1.07088560998296e-06 -7.704657827214224e-20)
(-2.151646363885307e-07 1.073472530343936e-06 4.038564136709467e-18)
(-2.407831399238658e-07 1.063263743891622e-06 2.048164944453414e-20)
(-2.565900793833785e-07 1.043713268468862e-06 5.717391482730069e-19)
(-2.624381536448818e-07 1.017786052833413e-06 9.120028078839606e-20)
(-2.591452333824615e-07 9.879844118678674e-07 7.176764484481775e-20)
(-2.482044243988513e-07 9.563622870758365e-07 -6.357549029177332e-21)
(-2.314776452508847e-07 9.24540938147567e-07 -2.152468926939728e-21)
(-2.109213987743896e-07 8.937318006204336e-07 6.811927329629219e-22)
(-1.883806381261944e-07 8.647694226810018e-07 3.210335391436649e-21)
(-1.654692542300872e-07 8.381513776301756e-07 -6.260363150569113e-20)
(-1.435376236961876e-07 8.140808101553433e-07 2.375605172635896e-21)
(-1.237111212453704e-07 7.925071880076181e-07 -3.247861694901691e-21)
(-1.069711655917816e-07 7.731615781310434e-07 5.04537908125142e-20)
(-9.424395690216768e-08 7.555846663151336e-07 2.156763079011633e-18)
(-8.646312008985663e-08 7.391491036834346e-07 -3.113817507939612e-20)
(-8.457920217907859e-08 7.230799599687488e-07 4.037887277941702e-18)
(-8.950128764181366e-08 7.064792108033732e-07 -8.133917743751636e-20)
(-1.019710137553686e-07 6.883606103965826e-07 -1.152682055644641e-21)
(-1.223845767234566e-07 6.676992133068953e-07 1.09470370684071e-21)
(-1.505918055029086e-07 6.434998020316441e-07 3.950387244324076e-22)
(-1.857098099755389e-07 6.148806545677342e-07 9.881657094928746e-23)
(-2.259915439671231e-07 5.811671704779135e-07 2.057822909461842e-23)
(-2.687851765109314e-07 5.419859303057201e-07 4.036689901311874e-24)
(-3.106099600979489e-07 4.973465602227042e-07 2.460837090093322e-24)
(-3.473577947048223e-07 4.476991428123194e-07 1.261220582625296e-23)
(-3.746132688550036e-07 3.939548324249399e-07 6.423245778546619e-23)
(-3.880689396461301e-07 3.374585923520204e-07 -4.524179032576194e-23)
(-3.84000820572751e-07 2.799048709024388e-07 -7.128077363057107e-21)
(-3.597625464228302e-07 2.231884466575445e-07 6.447817013855581e-19)
(-3.142704509623631e-07 1.69195823811354e-07 -7.098449124544108e-21)
(-2.484978293111964e-07 1.195422395280487e-07 -2.748218364128786e-23)
(-1.661731001550981e-07 7.524785024129541e-08 5.666992402910418e-23)
(0.00245874434960002 0.001601051687864832 2.230218762385046e-21)
(0.001185287617330174 0.0004639250084146208 7.853720734402481e-22)
(0.007114485666706646 0.0001149094051845465 1.443014939357374e-21)
(0.009947987065318478 0.0005647556567616818 2.672661539102179e-21)
(0.01425195547318357 0.0006357455642933294 1.251600797156137e-21)
(0.01848628363641073 0.0006308988065298546 5.728743971233061e-22)
(0.02227217523190901 0.0005122430430852579 2.618235706160623e-21)
(0.02509360199546102 0.0003092513458257487 3.608836145811361e-20)
(0.02674666481561106 0.0001151536537033531 4.337573219887153e-19)
(0.02746350201731429 8.326261340241807e-08 8.229985547654081e-18)
(0.02765335206446162 -3.672725175086988e-05 5.660731625352178e-18)
(0.02763626077541679 -2.569680181946162e-05 9.995149932960254e-19)
(0.02757160248357218 6.468306503088362e-07 1.047419312216173e-19)
(0.02745499534917531 9.573205052980537e-06 1.073118974426343e-20)
(0.02712081837094034 -3.069431694904692e-05 1.441253989508411e-21)
(0.02624540815996518 -0.0001503282279454142 1.648671547984598e-22)
(0.0244165846933958 -0.0003510955764448915 1.978254507256728e-23)
(0.0213744368860298 -0.0005724513097665356 2.489701592687634e-24)
(0.01727897623411296 -0.0007227111300853431 3.29076080925333e-25)
(0.01258311513796989 -0.0007808664443523609 4.586815856758652e-26)
(0.007838848529014094 -0.0007195848452523118 6.776935120050687e-27)
(0.003682604774760107 -0.0005214649644956939 1.063341647597018e-27)
(0.000789912601181265 -0.0001760932547926562 1.75584956404114e-28)
(-0.0002130671111618575 0.000209464573857131 2.534980253079324e-29)
)
;

boundaryField
{
    inletLower
    {
        type            fixedValue;
        value           uniform (0.1 0 0);
    }
    inletUpper
    {
        type            fixedValue;
        value           uniform (0.1 0 0);
    }
    outletLower
    {
        type            zeroGradient;
    }
    outletUpper
    {
        type            zeroGradient;
    }
    sideWalls
    {
        type            fixedValue;
        value           uniform (0 0 0);
    }
    topBottomWalls
    {
        type            fixedValue;
        value           uniform (0 0 0);
    }
    frontAndBack
    {
        type            symmetry;
    }
}


// ************************************************************************* //
