$MeshFormat
2.2 0 8
$EndMeshFormat
$PhysicalNames
4
1 1 "inlets"
1 2 "outlets"
1 3 "walls"
2 10 "fluid"
$EndPhysicalNames
$Nodes
1919
1 0 0 0
2 0.002 0 0
3 0.004 0 0
4 0.006 0 0
5 0.008 0 0
6 0.01 0 0
7 0.012 0 0
8 0.014 0 0
9 0.016 0 0
10 0.018 0 0
11 0.02 0 0
12 0.022 0 0
13 0.024 0 0
14 0.026 0 0
15 0.028 0 0
16 0.03 0 0
17 0.032 0 0
18 0.034 0 0
19 0.036 0 0
20 0.038 0 0
21 0.04 0 0
22 0.042 0 0
23 0.044 0 0
24 0.1 0 0
25 0.102 0 0
26 0.104 0 0
27 0.106 0 0
28 0.108 0 0
29 0 0.002 0
30 0.002 0.002 0
31 0.004 0.002 0
32 0.006 0.002 0
33 0.008 0.002 0
34 0.01 0.002 0
35 0.012 0.002 0
36 0.014 0.002 0
37 0.016 0.002 0
38 0.018 0.002 0
39 0.02 0.002 0
40 0.022 0.002 0
41 0.024 0.002 0
42 0.026 0.002 0
43 0.028 0.002 0
44 0.03 0.002 0
45 0.032 0.002 0
46 0.034 0.002 0
47 0.036 0.002 0
48 0.038 0.002 0
49 0.04 0.002 0
50 0.042 0.002 0
51 0.044 0.002 0
52 0.1 0.002 0
53 0.102 0.002 0
54 0.104 0.002 0
55 0.106 0.002 0
56 0.108 0.002 0
57 0 0.004 0
58 0.002 0.004 0
59 0.004 0.004 0
60 0.006 0.004 0
61 0.008 0.004 0
62 0.01 0.004 0
63 0.012 0.004 0
64 0.014 0.004 0
65 0.016 0.004 0
66 0.018 0.004 0
67 0.02 0.004 0
68 0.022 0.004 0
69 0.024 0.004 0
70 0.026 0.004 0
71 0.028 0.004 0
72 0.03 0.004 0
73 0.032 0.004 0
74 0.034 0.004 0
75 0.036 0.004 0
76 0.038 0.004 0
77 0.04 0.004 0
78 0.042 0.004 0
79 0.044 0.004 0
80 0.1 0.004 0
81 0.102 0.004 0
82 0.104 0.004 0
83 0.106 0.004 0
84 0.108 0.004 0
85 0 0.006 0
86 0.002 0.006 0
87 0.004 0.006 0
88 0.006 0.006 0
89 0.008 0.006 0
90 0.01 0.006 0
91 0.012 0.006 0
92 0.014 0.006 0
93 0.016 0.006 0
94 0.018 0.006 0
95 0.02 0.006 0
96 0.022 0.006 0
97 0.024 0.006 0
98 0.026 0.006 0
99 0.028 0.006 0
100 0.03 0.006 0
101 0.032 0.006 0
102 0.034 0.006 0
103 0.036 0.006 0
104 0.038 0.006 0
105 0.04 0.006 0
106 0.042 0.006 0
107 0.044 0.006 0
108 0.1 0.006 0
109 0.102 0.006 0
110 0.104 0.006 0
111 0.106 0.006 0
112 0.108 0.006 0
113 0 0.008 0
114 0.002 0.008 0
115 0.004 0.008 0
116 0.006 0.008 0
117 0.008 0.008 0
118 0.01 0.008 0
119 0.012 0.008 0
120 0.014 0.008 0
121 0.016 0.008 0
122 0.018 0.008 0
123 0.02 0.008 0
124 0.022 0.008 0
125 0.024 0.008 0
126 0.026 0.008 0
127 0.028 0.008 0
128 0.03 0.008 0
129 0.032 0.008 0
130 0.034 0.008 0
131 0.036 0.008 0
132 0.038 0.008 0
133 0.04 0.008 0
134 0.042 0.008 0
135 0.044 0.008 0
136 0.1 0.008 0
137 0.102 0.008 0
138 0.104 0.008 0
139 0.106 0.008 0
140 0.108 0.008 0
141 0 0.01 0
142 0.002 0.01 0
143 0.004 0.01 0
144 0.006 0.01 0
145 0.008 0.01 0
146 0.01 0.01 0
147 0.012 0.01 0
148 0.014 0.01 0
149 0.016 0.01 0
150 0.018 0.01 0
151 0.02 0.01 0
152 0.022 0.01 0
153 0.024 0.01 0
154 0.026 0.01 0
155 0.028 0.01 0
156 0.03 0.01 0
157 0.032 0.01 0
158 0.034 0.01 0
159 0.036 0.01 0
160 0.038 0.01 0
161 0.04 0.01 0
162 0.042 0.01 0
163 0.044 0.01 0
164 0.1 0.01 0
165 0.102 0.01 0
166 0.104 0.01 0
167 0.106 0.01 0
168 0.108 0.01 0
169 0 0.012 0
170 0.002 0.012 0
171 0.004 0.012 0
172 0.006 0.012 0
173 0.008 0.012 0
174 0.01 0.012 0
175 0.012 0.012 0
176 0.014 0.012 0
177 0.016 0.012 0
178 0.018 0.012 0
179 0.02 0.012 0
180 0.022 0.012 0
181 0.024 0.012 0
182 0.026 0.012 0
183 0.028 0.012 0
184 0.03 0.012 0
185 0.032 0.012 0
186 0.034 0.012 0
187 0.036 0.012 0
188 0.038 0.012 0
189 0.04 0.012 0
190 0.042 0.012 0
191 0.044 0.012 0
192 0.1 0.012 0
193 0.102 0.012 0
194 0.104 0.012 0
195 0.106 0.012 0
196 0.108 0.012 0
197 0 0.014 0
198 0.002 0.014 0
199 0.004 0.014 0
200 0.006 0.014 0
201 0.008 0.014 0
202 0.01 0.014 0
203 0.012 0.014 0
204 0.014 0.014 0
205 0.016 0.014 0
206 0.018 0.014 0
207 0.1 0.014 0
208 0.102 0.014 0
209 0.104 0.014 0
210 0.106 0.014 0
211 0.108 0.014 0
212 0.11 0.014 0
213 0 0.016 0
214 0.002 0.016 0
215 0.004 0.016 0
216 0.006 0.016 0
217 0.008 0.016 0
218 0.01 0.016 0
219 0.012 0.016 0
220 0.014 0.016 0
221 0.016 0.016 0
222 0.1 0.016 0
223 0.102 0.016 0
224 0.104 0.016 0
225 0.106 0.016 0
226 0.108 0.016 0
227 0.11 0.016 0
228 0.112 0.016 0
229 0 0.018 0
230 0.002 0.018 0
231 0.004 0.018 0
232 0.006 0.018 0
233 0.008 0.018 0
234 0.01 0.018 0
235 0.012 0.018 0
236 0.014 0.018 0
237 0.1 0.018 0
238 0.102 0.018 0
239 0.104 0.018 0
240 0.106 0.018 0
241 0.108 0.018 0
242 0.11 0.018 0
243 0.112 0.018 0
244 0.114 0.018 0
245 -0.016 0.02 0
246 -0.014 0.02 0
247 -0.012 0.02 0
248 -0.01 0.02 0
249 -0.008 0.02 0
250 -0.006 0.02 0
251 -0.004 0.02 0
252 -0.002 0.02 0
253 0 0.02 0
254 0.002 0.02 0
255 0.004 0.02 0
256 0.006 0.02 0
257 0.008 0.02 0
258 0.01 0.02 0
259 0.012 0.02 0
260 0.1 0.02 0
261 0.102 0.02 0
262 0.104 0.02 0
263 0.106 0.02 0
264 0.108 0.02 0
265 0.11 0.02 0
266 0.112 0.02 0
267 0.114 0.02 0
268 0.116 0.02 0
269 0.118 0.02 0
270 0.12 0.02 0
271 0.122 0.02 0
272 0.124 0.02 0
273 0.126 0.02 0
274 0.128 0.02 0
275 0.13 0.02 0
276 0.132 0.02 0
277 0.134 0.02 0
278 0.136 0.02 0
279 0.138 0.02 0
280 0.14 0.02 0
281 0.142 0.02 0
282 0.144 0.02 0
283 -0.016 0.022 0
284 -0.014 0.022 0
285 -0.012 0.022 0
286 -0.01 0.022 0
287 -0.008 0.022 0
288 -0.006 0.022 0
289 -0.004 0.022 0
290 -0.002 0.022 0
291 0 0.022 0
292 0.002 0.022 0
293 0.004 0.022 0
294 0.006 0.022 0
295 0.008 0.022 0
296 0.01 0.022 0
297 0.012 0.022 0
298 0.1 0.022 0
299 0.102 0.022 0
300 0.104 0.022 0
301 0.106 0.022 0
302 0.108 0.022 0
303 0.11 0.022 0
304 0.112 0.022 0
305 0.114 0.022 0
306 0.116 0.022 0
307 0.118 0.022 0
308 0.12 0.022 0
309 0.122 0.022 0
310 0.124 0.022 0
311 0.126 0.022 0
312 0.128 0.022 0
313 0.13 0.022 0
314 0.132 0.022 0
315 0.134 0.022 0
316 0.136 0.022 0
317 0.138 0.022 0
318 0.14 0.022 0
319 0.142 0.022 0
320 0.144 0.022 0
321 -0.016 0.024 0
322 -0.014 0.024 0
323 -0.012 0.024 0
324 -0.01 0.024 0
325 -0.008 0.024 0
326 -0.006 0.024 0
327 -0.004 0.024 0
328 -0.002 0.024 0
329 0 0.024 0
330 0.002 0.024 0
331 0.004 0.024 0
332 0.006 0.024 0
333 0.008 0.024 0
334 0.01 0.024 0
335 0.012 0.024 0
336 0.1 0.024 0
337 0.102 0.024 0
338 0.104 0.024 0
339 0.106 0.024 0
340 0.108 0.024 0
341 0.11 0.024 0
342 0.112 0.024 0
343 0.114 0.024 0
344 0.116 0.024 0
345 0.118 0.024 0
346 0.12 0.024 0
347 0.122 0.024 0
348 0.124 0.024 0
349 0.126 0.024 0
350 0.128 0.024 0
351 0.13 0.024 0
352 0.132 0.024 0
353 0.134 0.024 0
354 0.136 0.024 0
355 0.138 0.024 0
356 0.14 0.024 0
357 0.142 0.024 0
358 0.144 0.024 0
359 -0.016 0.026 0
360 -0.014 0.026 0
361 -0.012 0.026 0
362 -0.01 0.026 0
363 -0.008 0.026 0
364 -0.006 0.026 0
365 -0.004 0.026 0
366 -0.002 0.026 0
367 0 0.026 0
368 0.002 0.026 0
369 0.004 0.026 0
370 0.006 0.026 0
371 0.008 0.026 0
372 0.01 0.026 0
373 0.012 0.026 0
374 0.1 0.026 0
375 0.102 0.026 0
376 0.104 0.026 0
377 0.106 0.026 0
378 0.108 0.026 0
379 0.11 0.026 0
380 0.112 0.026 0
381 0.114 0.026 0
382 0.116 0.026 0
383 0.118 0.026 0
384 0.12 0.026 0
385 0.122 0.026 0
386 0.124 0.026 0
387 0.126 0.026 0
388 0.128 0.026 0
389 0.13 0.026 0
390 0.132 0.026 0
391 0.134 0.026 0
392 0.136 0.026 0
393 0.138 0.026 0
394 0.14 0.026 0
395 0.142 0.026 0
396 0.144 0.026 0
397 -0.016 0.028 0
398 -0.014 0.028 0
399 -0.012 0.028 0
400 -0.01 0.028 0
401 -0.008 0.028 0
402 -0.006 0.028 0
403 -0.004 0.028 0
404 -0.002 0.028 0
405 0 0.028 0
406 0.002 0.028 0
407 0.004 0.028 0
408 0.006 0.028 0
409 0.008 0.028 0
410 0.01 0.028 0
411 0.012 0.028 0
412 0.1 0.028 0
413 0.102 0.028 0
414 0.104 0.028 0
415 0.106 0.028 0
416 0.108 0.028 0
417 0.11 0.028 0
418 0.112 0.028 0
419 0.114 0.028 0
420 0.116 0.028 0
421 0.118 0.028 0
422 0.12 0.028 0
423 0.122 0.028 0
424 0.124 0.028 0
425 0.126 0.028 0
426 0.128 0.028 0
427 0.13 0.028 0
428 0.132 0.028 0
429 0.134 0.028 0
430 0.136 0.028 0
431 0.138 0.028 0
432 0.14 0.028 0
433 0.142 0.028 0
434 0.144 0.028 0
435 0 0.03 0
436 0.002 0.03 0
437 0.004 0.03 0
438 0.006 0.03 0
439 0.008 0.03 0
440 0.01 0.03 0
441 0.012 0.03 0
442 0.098 0.03 0
443 0.1 0.03 0
444 0.102 0.03 0
445 0.104 0.03 0
446 0.106 0.03 0
447 0.108 0.03 0
448 0.11 0.03 0
449 0.112 0.03 0
450 0.114 0.03 0
451 0 0.032 0
452 0.002 0.032 0
453 0.004 0.032 0
454 0.006 0.032 0
455 0.008 0.032 0
456 0.01 0.032 0
457 0.012 0.032 0
458 0.096 0.032 0
459 0.098 0.032 0
460 0.1 0.032 0
461 0.102 0.032 0
462 0.104 0.032 0
463 0.106 0.032 0
464 0.108 0.032 0
465 0.11 0.032 0
466 0.112 0.032 0
467 0 0.034 0
468 0.002 0.034 0
469 0.004 0.034 0
470 0.006 0.034 0
471 0.008 0.034 0
472 0.01 0.034 0
473 0.012 0.034 0
474 0.094 0.034 0
475 0.096 0.034 0
476 0.098 0.034 0
477 0.1 0.034 0
478 0.102 0.034 0
479 0.104 0.034 0
480 0.106 0.034 0
481 0.108 0.034 0
482 0.11 0.034 0
483 0 0.036 0
484 0.002 0.036 0
485 0.004 0.036 0
486 0.006 0.036 0
487 0.008 0.036 0
488 0.01 0.036 0
489 0.012 0.036 0
490 0.036 0.036 0
491 0.038 0.036 0
492 0.04 0.036 0
493 0.042 0.036 0
494 0.044 0.036 0
495 0.046 0.036 0
496 0.048 0.036 0
497 0.05 0.036 0
498 0.052 0.036 0
499 0.054 0.036 0
500 0.056 0.036 0
501 0.058 0.036 0
502 0.06 0.036 0
503 0.08400000000000001 0.036 0
504 0.08600000000000001 0.036 0
505 0.08799999999999999 0.036 0
506 0.09 0.036 0
507 0.092 0.036 0
508 0.094 0.036 0
509 0.096 0.036 0
510 0.098 0.036 0
511 0.1 0.036 0
512 0.102 0.036 0
513 0.104 0.036 0
514 0.106 0.036 0
515 0.108 0.036 0
516 0 0.038 0
517 0.002 0.038 0
518 0.004 0.038 0
519 0.006 0.038 0
520 0.008 0.038 0
521 0.01 0.038 0
522 0.012 0.038 0
523 0.036 0.038 0
524 0.038 0.038 0
525 0.04 0.038 0
526 0.042 0.038 0
527 0.044 0.038 0
528 0.046 0.038 0
529 0.048 0.038 0
530 0.05 0.038 0
531 0.052 0.038 0
532 0.054 0.038 0
533 0.056 0.038 0
534 0.058 0.038 0
535 0.06 0.038 0
536 0.08400000000000001 0.038 0
537 0.08600000000000001 0.038 0
538 0.08799999999999999 0.038 0
539 0.09 0.038 0
540 0.092 0.038 0
541 0.094 0.038 0
542 0.096 0.038 0
543 0.098 0.038 0
544 0.1 0.038 0
545 0.102 0.038 0
546 0.104 0.038 0
547 0.106 0.038 0
548 0.108 0.038 0
549 0 0.04 0
550 0.002 0.04 0
551 0.004 0.04 0
552 0.006 0.04 0
553 0.008 0.04 0
554 0.01 0.04 0
555 0.012 0.04 0
556 0.036 0.04 0
557 0.038 0.04 0
558 0.04 0.04 0
559 0.042 0.04 0
560 0.044 0.04 0
561 0.046 0.04 0
562 0.048 0.04 0
563 0.05 0.04 0
564 0.052 0.04 0
565 0.054 0.04 0
566 0.056 0.04 0
567 0.058 0.04 0
568 0.06 0.04 0
569 0.08400000000000001 0.04 0
570 0.08600000000000001 0.04 0
571 0.08799999999999999 0.04 0
572 0.09 0.04 0
573 0.092 0.04 0
574 0.094 0.04 0
575 0.096 0.04 0
576 0.098 0.04 0
577 0.1 0.04 0
578 0.102 0.04 0
579 0.104 0.04 0
580 0.106 0.04 0
581 0.108 0.04 0
582 0 0.042 0
583 0.002 0.042 0
584 0.004 0.042 0
585 0.006 0.042 0
586 0.008 0.042 0
587 0.01 0.042 0
588 0.012 0.042 0
589 0.036 0.042 0
590 0.038 0.042 0
591 0.04 0.042 0
592 0.042 0.042 0
593 0.044 0.042 0
594 0.046 0.042 0
595 0.048 0.042 0
596 0.05 0.042 0
597 0.052 0.042 0
598 0.054 0.042 0
599 0.056 0.042 0
600 0.058 0.042 0
601 0.06 0.042 0
602 0.08400000000000001 0.042 0
603 0.08600000000000001 0.042 0
604 0.08799999999999999 0.042 0
605 0.09 0.042 0
606 0.092 0.042 0
607 0.094 0.042 0
608 0.096 0.042 0
609 0.098 0.042 0
610 0.1 0.042 0
611 0.102 0.042 0
612 0.104 0.042 0
613 0.106 0.042 0
614 0.108 0.042 0
615 0 0.044 0
616 0.002 0.044 0
617 0.004 0.044 0
618 0.006 0.044 0
619 0.008 0.044 0
620 0.01 0.044 0
621 0.012 0.044 0
622 0.036 0.044 0
623 0.038 0.044 0
624 0.04 0.044 0
625 0.042 0.044 0
626 0.044 0.044 0
627 0.046 0.044 0
628 0.048 0.044 0
629 0.05 0.044 0
630 0.052 0.044 0
631 0.054 0.044 0
632 0.056 0.044 0
633 0.058 0.044 0
634 0.06 0.044 0
635 0.08400000000000001 0.044 0
636 0.08600000000000001 0.044 0
637 0.08799999999999999 0.044 0
638 0.09 0.044 0
639 0.092 0.044 0
640 0.094 0.044 0
641 0.096 0.044 0
642 0.098 0.044 0
643 0.1 0.044 0
644 0.102 0.044 0
645 0.104 0.044 0
646 0.106 0.044 0
647 0.108 0.044 0
648 0 0.046 0
649 0.002 0.046 0
650 0.004 0.046 0
651 0.006 0.046 0
652 0.008 0.046 0
653 0.01 0.046 0
654 0.012 0.046 0
655 0.014 0.046 0
656 0.034 0.046 0
657 0.036 0.046 0
658 0.038 0.046 0
659 0.04 0.046 0
660 0.042 0.046 0
661 0.044 0.046 0
662 0.046 0.046 0
663 0.048 0.046 0
664 0.05 0.046 0
665 0.052 0.046 0
666 0.054 0.046 0
667 0.056 0.046 0
668 0.058 0.046 0
669 0.06 0.046 0
670 0.094 0.046 0
671 0.096 0.046 0
672 0.098 0.046 0
673 0.1 0.046 0
674 0.102 0.046 0
675 0.104 0.046 0
676 0.106 0.046 0
677 0.108 0.046 0
678 0 0.048 0
679 0.002 0.048 0
680 0.004 0.048 0
681 0.006 0.048 0
682 0.008 0.048 0
683 0.01 0.048 0
684 0.012 0.048 0
685 0.014 0.048 0
686 0.016 0.048 0
687 0.032 0.048 0
688 0.034 0.048 0
689 0.036 0.048 0
690 0.038 0.048 0
691 0.04 0.048 0
692 0.042 0.048 0
693 0.044 0.048 0
694 0.046 0.048 0
695 0.048 0.048 0
696 0.05 0.048 0
697 0.052 0.048 0
698 0.054 0.048 0
699 0.056 0.048 0
700 0.058 0.048 0
701 0.06 0.048 0
702 0.096 0.048 0
703 0.098 0.048 0
704 0.1 0.048 0
705 0.102 0.048 0
706 0.104 0.048 0
707 0.106 0.048 0
708 0.108 0.048 0
709 0 0.05 0
710 0.002 0.05 0
711 0.004 0.05 0
712 0.006 0.05 0
713 0.008 0.05 0
714 0.01 0.05 0
715 0.012 0.05 0
716 0.014 0.05 0
717 0.016 0.05 0
718 0.018 0.05 0
719 0.03 0.05 0
720 0.032 0.05 0
721 0.034 0.05 0
722 0.036 0.05 0
723 0.038 0.05 0
724 0.04 0.05 0
725 0.042 0.05 0
726 0.044 0.05 0
727 0.046 0.05 0
728 0.048 0.05 0
729 0.05 0.05 0
730 0.052 0.05 0
731 0.054 0.05 0
732 0.056 0.05 0
733 0.058 0.05 0
734 0.06 0.05 0
735 0.098 0.05 0
736 0.1 0.05 0
737 0.102 0.05 0
738 0.104 0.05 0
739 0.106 0.05 0
740 0.108 0.05 0
741 0 0.052 0
742 0.002 0.052 0
743 0.004 0.052 0
744 0.006 0.052 0
745 0.008 0.052 0
746 0.01 0.052 0
747 0.012 0.052 0
748 0.014 0.052 0
749 0.016 0.052 0
750 0.018 0.052 0
751 0.02 0.052 0
752 0.022 0.052 0
753 0.024 0.052 0
754 0.026 0.052 0
755 0.028 0.052 0
756 0.03 0.052 0
757 0.032 0.052 0
758 0.034 0.052 0
759 0.036 0.052 0
760 0.038 0.052 0
761 0.04 0.052 0
762 0.042 0.052 0
763 0.044 0.052 0
764 0.046 0.052 0
765 0.048 0.052 0
766 0.05 0.052 0
767 0.052 0.052 0
768 0.054 0.052 0
769 0.056 0.052 0
770 0.058 0.052 0
771 0.06 0.052 0
772 0.1 0.052 0
773 0.102 0.052 0
774 0.104 0.052 0
775 0.106 0.052 0
776 0.108 0.052 0
777 0 0.054 0
778 0.002 0.054 0
779 0.004 0.054 0
780 0.006 0.054 0
781 0.008 0.054 0
782 0.01 0.054 0
783 0.012 0.054 0
784 0.014 0.054 0
785 0.016 0.054 0
786 0.018 0.054 0
787 0.02 0.054 0
788 0.022 0.054 0
789 0.024 0.054 0
790 0.026 0.054 0
791 0.028 0.054 0
792 0.03 0.054 0
793 0.032 0.054 0
794 0.034 0.054 0
795 0.036 0.054 0
796 0.038 0.054 0
797 0.04 0.054 0
798 0.042 0.054 0
799 0.044 0.054 0
800 0.046 0.054 0
801 0.048 0.054 0
802 0.05 0.054 0
803 0.052 0.054 0
804 0.054 0.054 0
805 0.056 0.054 0
806 0.058 0.054 0
807 0.06 0.054 0
808 0.1 0.054 0
809 0.102 0.054 0
810 0.104 0.054 0
811 0.106 0.054 0
812 0.108 0.054 0
813 0 0.056 0
814 0.002 0.056 0
815 0.004 0.056 0
816 0.006 0.056 0
817 0.008 0.056 0
818 0.01 0.056 0
819 0.012 0.056 0
820 0.014 0.056 0
821 0.016 0.056 0
822 0.018 0.056 0
823 0.02 0.056 0
824 0.022 0.056 0
825 0.024 0.056 0
826 0.026 0.056 0
827 0.028 0.056 0
828 0.03 0.056 0
829 0.032 0.056 0
830 0.034 0.056 0
831 0.036 0.056 0
832 0.038 0.056 0
833 0.04 0.056 0
834 0.042 0.056 0
835 0.044 0.056 0
836 0.046 0.056 0
837 0.048 0.056 0
838 0.05 0.056 0
839 0.052 0.056 0
840 0.054 0.056 0
841 0.056 0.056 0
842 0.058 0.056 0
843 0.06 0.056 0
844 0.1 0.056 0
845 0.102 0.056 0
846 0.104 0.056 0
847 0.106 0.056 0
848 0.108 0.056 0
849 0 0.058 0
850 0.002 0.058 0
851 0.004 0.058 0
852 0.006 0.058 0
853 0.008 0.058 0
854 0.01 0.058 0
855 0.012 0.058 0
856 0.014 0.058 0
857 0.016 0.058 0
858 0.018 0.058 0
859 0.02 0.058 0
860 0.022 0.058 0
861 0.024 0.058 0
862 0.026 0.058 0
863 0.028 0.058 0
864 0.03 0.058 0
865 0.032 0.058 0
866 0.034 0.058 0
867 0.036 0.058 0
868 0.038 0.058 0
869 0.04 0.058 0
870 0.042 0.058 0
871 0.044 0.058 0
872 0.046 0.058 0
873 0.048 0.058 0
874 0.05 0.058 0
875 0.052 0.058 0
876 0.054 0.058 0
877 0.056 0.058 0
878 0.058 0.058 0
879 0.06 0.058 0
880 0.1 0.058 0
881 0.102 0.058 0
882 0.104 0.058 0
883 0.106 0.058 0
884 0.108 0.058 0
885 0 0.06 0
886 0.002 0.06 0
887 0.004 0.06 0
888 0.006 0.06 0
889 0.008 0.06 0
890 0.01 0.06 0
891 0.012 0.06 0
892 0.014 0.06 0
893 0.016 0.06 0
894 0.018 0.06 0
895 0.02 0.06 0
896 0.022 0.06 0
897 0.024 0.06 0
898 0.026 0.06 0
899 0.028 0.06 0
900 0.03 0.06 0
901 0.032 0.06 0
902 0.034 0.06 0
903 0.036 0.06 0
904 0.038 0.06 0
905 0.04 0.06 0
906 0.042 0.06 0
907 0.044 0.06 0
908 0.046 0.06 0
909 0.048 0.06 0
910 0.05 0.06 0
911 0.052 0.06 0
912 0.054 0.06 0
913 0.056 0.06 0
914 0.058 0.06 0
915 0.06 0.06 0
916 0.1 0.06 0
917 0.102 0.06 0
918 0.104 0.06 0
919 0.106 0.06 0
920 0.108 0.06 0
921 0.014 0.062 0
922 0.016 0.062 0
923 0.018 0.062 0
924 0.02 0.062 0
925 0.022 0.062 0
926 0.024 0.062 0
927 0.026 0.062 0
928 0.028 0.062 0
929 0.03 0.062 0
930 0.032 0.062 0
931 0.034 0.062 0
932 0.046 0.062 0
933 0.048 0.062 0
934 0.05 0.062 0
935 0.052 0.062 0
936 0.054 0.062 0
937 0.056 0.062 0
938 0.058 0.062 0
939 0.06 0.062 0
940 0.098 0.062 0
941 0.1 0.062 0
942 0.102 0.062 0
943 0.104 0.062 0
944 0.106 0.062 0
945 0.108 0.062 0
946 0.016 0.064 0
947 0.018 0.064 0
948 0.02 0.064 0
949 0.022 0.064 0
950 0.024 0.064 0
951 0.026 0.064 0
952 0.028 0.064 0
953 0.03 0.064 0
954 0.032 0.064 0
955 0.048 0.064 0
956 0.05 0.064 0
957 0.052 0.064 0
958 0.054 0.064 0
959 0.056 0.064 0
960 0.058 0.064 0
961 0.06 0.064 0
962 0.096 0.064 0
963 0.098 0.064 0
964 0.1 0.064 0
965 0.102 0.064 0
966 0.104 0.064 0
967 0.106 0.064 0
968 0.108 0.064 0
969 0.018 0.066 0
970 0.02 0.066 0
971 0.022 0.066 0
972 0.024 0.066 0
973 0.026 0.066 0
974 0.028 0.066 0
975 0.03 0.066 0
976 0.05 0.066 0
977 0.052 0.066 0
978 0.054 0.066 0
979 0.056 0.066 0
980 0.058 0.066 0
981 0.06 0.066 0
982 0.094 0.066 0
983 0.096 0.066 0
984 0.098 0.066 0
985 0.1 0.066 0
986 0.102 0.066 0
987 0.104 0.066 0
988 0.106 0.066 0
989 0.108 0.066 0
990 0.02 0.068 0
991 0.022 0.068 0
992 0.024 0.068 0
993 0.026 0.068 0
994 0.028 0.068 0
995 0.052 0.068 0
996 0.054 0.068 0
997 0.056 0.068 0
998 0.058 0.068 0
999 0.06 0.068 0
1000 0.08400000000000001 0.068 0
1001 0.08600000000000001 0.068 0
1002 0.08799999999999999 0.068 0
1003 0.09 0.068 0
1004 0.092 0.068 0
1005 0.094 0.068 0
1006 0.096 0.068 0
1007 0.098 0.068 0
1008 0.1 0.068 0
1009 0.102 0.068 0
1010 0.104 0.068 0
1011 0.106 0.068 0
1012 0.108 0.068 0
1013 0.02 0.07000000000000001 0
1014 0.022 0.07000000000000001 0
1015 0.024 0.07000000000000001 0
1016 0.026 0.07000000000000001 0
1017 0.028 0.07000000000000001 0
1018 0.052 0.07000000000000001 0
1019 0.054 0.07000000000000001 0
1020 0.056 0.07000000000000001 0
1021 0.058 0.07000000000000001 0
1022 0.06 0.07000000000000001 0
1023 0.08400000000000001 0.07000000000000001 0
1024 0.08600000000000001 0.07000000000000001 0
1025 0.08799999999999999 0.07000000000000001 0
1026 0.09 0.07000000000000001 0
1027 0.092 0.07000000000000001 0
1028 0.094 0.07000000000000001 0
1029 0.096 0.07000000000000001 0
1030 0.098 0.07000000000000001 0
1031 0.1 0.07000000000000001 0
1032 0.102 0.07000000000000001 0
1033 0.104 0.07000000000000001 0
1034 0.106 0.07000000000000001 0
1035 0.108 0.07000000000000001 0
1036 0.02 0.07200000000000001 0
1037 0.022 0.07200000000000001 0
1038 0.024 0.07200000000000001 0
1039 0.026 0.07200000000000001 0
1040 0.028 0.07200000000000001 0
1041 0.052 0.07200000000000001 0
1042 0.054 0.07200000000000001 0
1043 0.056 0.07200000000000001 0
1044 0.058 0.07200000000000001 0
1045 0.06 0.07200000000000001 0
1046 0.08400000000000001 0.07200000000000001 0
1047 0.08600000000000001 0.07200000000000001 0
1048 0.08799999999999999 0.07200000000000001 0
1049 0.09 0.07200000000000001 0
1050 0.092 0.07200000000000001 0
1051 0.094 0.07200000000000001 0
1052 0.096 0.07200000000000001 0
1053 0.098 0.07200000000000001 0
1054 0.1 0.07200000000000001 0
1055 0.102 0.07200000000000001 0
1056 0.104 0.07200000000000001 0
1057 0.106 0.07200000000000001 0
1058 0.108 0.07200000000000001 0
1059 0.02 0.074 0
1060 0.022 0.074 0
1061 0.024 0.074 0
1062 0.026 0.074 0
1063 0.028 0.074 0
1064 0.052 0.074 0
1065 0.054 0.074 0
1066 0.056 0.074 0
1067 0.058 0.074 0
1068 0.06 0.074 0
1069 0.08400000000000001 0.074 0
1070 0.08600000000000001 0.074 0
1071 0.08799999999999999 0.074 0
1072 0.09 0.074 0
1073 0.092 0.074 0
1074 0.094 0.074 0
1075 0.096 0.074 0
1076 0.098 0.074 0
1077 0.1 0.074 0
1078 0.102 0.074 0
1079 0.104 0.074 0
1080 0.106 0.074 0
1081 0.108 0.074 0
1082 0.02 0.076 0
1083 0.022 0.076 0
1084 0.024 0.076 0
1085 0.026 0.076 0
1086 0.028 0.076 0
1087 0.052 0.076 0
1088 0.054 0.076 0
1089 0.056 0.076 0
1090 0.058 0.076 0
1091 0.06 0.076 0
1092 0.08400000000000001 0.076 0
1093 0.08600000000000001 0.076 0
1094 0.08799999999999999 0.076 0
1095 0.09 0.076 0
1096 0.092 0.076 0
1097 0.094 0.076 0
1098 0.096 0.076 0
1099 0.098 0.076 0
1100 0.1 0.076 0
1101 0.102 0.076 0
1102 0.104 0.076 0
1103 0.106 0.076 0
1104 0.108 0.076 0
1105 0.018 0.078 0
1106 0.02 0.078 0
1107 0.022 0.078 0
1108 0.024 0.078 0
1109 0.026 0.078 0
1110 0.028 0.078 0
1111 0.052 0.078 0
1112 0.054 0.078 0
1113 0.056 0.078 0
1114 0.058 0.078 0
1115 0.06 0.078 0
1116 0.08400000000000001 0.078 0
1117 0.08600000000000001 0.078 0
1118 0.08799999999999999 0.078 0
1119 0.09 0.078 0
1120 0.092 0.078 0
1121 0.094 0.078 0
1122 0.096 0.078 0
1123 0.098 0.078 0
1124 0.016 0.08 0
1125 0.018 0.08 0
1126 0.02 0.08 0
1127 0.022 0.08 0
1128 0.024 0.08 0
1129 0.026 0.08 0
1130 0.028 0.08 0
1131 0.052 0.08 0
1132 0.054 0.08 0
1133 0.056 0.08 0
1134 0.058 0.08 0
1135 0.06 0.08 0
1136 0.08400000000000001 0.08 0
1137 0.08600000000000001 0.08 0
1138 0.08799999999999999 0.08 0
1139 0.09 0.08 0
1140 0.092 0.08 0
1141 0.094 0.08 0
1142 0.096 0.08 0
1143 0.014 0.082 0
1144 0.016 0.082 0
1145 0.018 0.082 0
1146 0.02 0.082 0
1147 0.022 0.082 0
1148 0.024 0.082 0
1149 0.026 0.082 0
1150 0.028 0.082 0
1151 0.052 0.082 0
1152 0.054 0.082 0
1153 0.056 0.082 0
1154 0.058 0.082 0
1155 0.06 0.082 0
1156 0.08400000000000001 0.082 0
1157 0.08600000000000001 0.082 0
1158 0.08799999999999999 0.082 0
1159 0.09 0.082 0
1160 0.092 0.082 0
1161 0.094 0.082 0
1162 0 0.08400000000000001 0
1163 0.002 0.08400000000000001 0
1164 0.004 0.08400000000000001 0
1165 0.006 0.08400000000000001 0
1166 0.008 0.08400000000000001 0
1167 0.01 0.08400000000000001 0
1168 0.012 0.08400000000000001 0
1169 0.014 0.08400000000000001 0
1170 0.016 0.08400000000000001 0
1171 0.018 0.08400000000000001 0
1172 0.02 0.08400000000000001 0
1173 0.022 0.08400000000000001 0
1174 0.024 0.08400000000000001 0
1175 0.026 0.08400000000000001 0
1176 0.028 0.08400000000000001 0
1177 0.052 0.08400000000000001 0
1178 0.054 0.08400000000000001 0
1179 0.056 0.08400000000000001 0
1180 0.058 0.08400000000000001 0
1181 0.06 0.08400000000000001 0
1182 0.08400000000000001 0.08400000000000001 0
1183 0.08600000000000001 0.08400000000000001 0
1184 0.08799999999999999 0.08400000000000001 0
1185 0.09 0.08400000000000001 0
1186 0.092 0.08400000000000001 0
1187 0 0.08600000000000001 0
1188 0.002 0.08600000000000001 0
1189 0.004 0.08600000000000001 0
1190 0.006 0.08600000000000001 0
1191 0.008 0.08600000000000001 0
1192 0.01 0.08600000000000001 0
1193 0.012 0.08600000000000001 0
1194 0.014 0.08600000000000001 0
1195 0.016 0.08600000000000001 0
1196 0.018 0.08600000000000001 0
1197 0.02 0.08600000000000001 0
1198 0.022 0.08600000000000001 0
1199 0.024 0.08600000000000001 0
1200 0.026 0.08600000000000001 0
1201 0.028 0.08600000000000001 0
1202 0.052 0.08600000000000001 0
1203 0.054 0.08600000000000001 0
1204 0.056 0.08600000000000001 0
1205 0.058 0.08600000000000001 0
1206 0.06 0.08600000000000001 0
1207 0.08400000000000001 0.08600000000000001 0
1208 0.08600000000000001 0.08600000000000001 0
1209 0.08799999999999999 0.08600000000000001 0
1210 0.09 0.08600000000000001 0
1211 0.092 0.08600000000000001 0
1212 0 0.08799999999999999 0
1213 0.002 0.08799999999999999 0
1214 0.004 0.08799999999999999 0
1215 0.006 0.08799999999999999 0
1216 0.008 0.08799999999999999 0
1217 0.01 0.08799999999999999 0
1218 0.012 0.08799999999999999 0
1219 0.014 0.08799999999999999 0
1220 0.016 0.08799999999999999 0
1221 0.018 0.08799999999999999 0
1222 0.02 0.08799999999999999 0
1223 0.022 0.08799999999999999 0
1224 0.024 0.08799999999999999 0
1225 0.026 0.08799999999999999 0
1226 0.028 0.08799999999999999 0
1227 0.052 0.08799999999999999 0
1228 0.054 0.08799999999999999 0
1229 0.056 0.08799999999999999 0
1230 0.058 0.08799999999999999 0
1231 0.06 0.08799999999999999 0
1232 0.08400000000000001 0.08799999999999999 0
1233 0.08600000000000001 0.08799999999999999 0
1234 0.08799999999999999 0.08799999999999999 0
1235 0.09 0.08799999999999999 0
1236 0.092 0.08799999999999999 0
1237 0 0.09 0
1238 0.002 0.09 0
1239 0.004 0.09 0
1240 0.006 0.09 0
1241 0.008 0.09 0
1242 0.01 0.09 0
1243 0.012 0.09 0
1244 0.014 0.09 0
1245 0.016 0.09 0
1246 0.018 0.09 0
1247 0.02 0.09 0
1248 0.022 0.09 0
1249 0.024 0.09 0
1250 0.026 0.09 0
1251 0.028 0.09 0
1252 0.052 0.09 0
1253 0.054 0.09 0
1254 0.056 0.09 0
1255 0.058 0.09 0
1256 0.06 0.09 0
1257 0.08400000000000001 0.09 0
1258 0.08600000000000001 0.09 0
1259 0.08799999999999999 0.09 0
1260 0.09 0.09 0
1261 0.092 0.09 0
1262 0 0.092 0
1263 0.002 0.092 0
1264 0.004 0.092 0
1265 0.006 0.092 0
1266 0.008 0.092 0
1267 0.01 0.092 0
1268 0.012 0.092 0
1269 0.014 0.092 0
1270 0.016 0.092 0
1271 0.018 0.092 0
1272 0.02 0.092 0
1273 0.022 0.092 0
1274 0.024 0.092 0
1275 0.026 0.092 0
1276 0.028 0.092 0
1277 0.052 0.092 0
1278 0.054 0.092 0
1279 0.056 0.092 0
1280 0.058 0.092 0
1281 0.06 0.092 0
1282 0.08400000000000001 0.092 0
1283 0.08600000000000001 0.092 0
1284 0.08799999999999999 0.092 0
1285 0.09 0.092 0
1286 0.092 0.092 0
1287 0 0.094 0
1288 0.002 0.094 0
1289 0.004 0.094 0
1290 0.006 0.094 0
1291 0.008 0.094 0
1292 0.01 0.094 0
1293 0.012 0.094 0
1294 0.014 0.094 0
1295 0.016 0.094 0
1296 0.018 0.094 0
1297 0.02 0.094 0
1298 0.022 0.094 0
1299 0.024 0.094 0
1300 0.026 0.094 0
1301 0.028 0.094 0
1302 0.052 0.094 0
1303 0.054 0.094 0
1304 0.056 0.094 0
1305 0.058 0.094 0
1306 0.06 0.094 0
1307 0.08400000000000001 0.094 0
1308 0.08600000000000001 0.094 0
1309 0.08799999999999999 0.094 0
1310 0.09 0.094 0
1311 0.092 0.094 0
1312 0.094 0.094 0
1313 0 0.096 0
1314 0.002 0.096 0
1315 0.004 0.096 0
1316 0.006 0.096 0
1317 0.008 0.096 0
1318 0.01 0.096 0
1319 0.012 0.096 0
1320 0.014 0.096 0
1321 0.016 0.096 0
1322 0.018 0.096 0
1323 0.02 0.096 0
1324 0.022 0.096 0
1325 0.024 0.096 0
1326 0.026 0.096 0
1327 0.028 0.096 0
1328 0.052 0.096 0
1329 0.054 0.096 0
1330 0.056 0.096 0
1331 0.058 0.096 0
1332 0.06 0.096 0
1333 0.08400000000000001 0.096 0
1334 0.08600000000000001 0.096 0
1335 0.08799999999999999 0.096 0
1336 0.09 0.096 0
1337 0.092 0.096 0
1338 0.094 0.096 0
1339 0.096 0.096 0
1340 0 0.098 0
1341 0.002 0.098 0
1342 0.004 0.098 0
1343 0.006 0.098 0
1344 0.008 0.098 0
1345 0.01 0.098 0
1346 0.012 0.098 0
1347 0.014 0.098 0
1348 0.016 0.098 0
1349 0.018 0.098 0
1350 0.02 0.098 0
1351 0.022 0.098 0
1352 0.024 0.098 0
1353 0.026 0.098 0
1354 0.028 0.098 0
1355 0.052 0.098 0
1356 0.054 0.098 0
1357 0.056 0.098 0
1358 0.058 0.098 0
1359 0.06 0.098 0
1360 0.08400000000000001 0.098 0
1361 0.08600000000000001 0.098 0
1362 0.08799999999999999 0.098 0
1363 0.09 0.098 0
1364 0.092 0.098 0
1365 0.094 0.098 0
1366 0.096 0.098 0
1367 0.098 0.098 0
1368 -0.016 0.1 0
1369 -0.014 0.1 0
1370 -0.012 0.1 0
1371 -0.01 0.1 0
1372 -0.008 0.1 0
1373 -0.006 0.1 0
1374 -0.004 0.1 0
1375 -0.002 0.1 0
1376 0 0.1 0
1377 0.002 0.1 0
1378 0.004 0.1 0
1379 0.006 0.1 0
1380 0.008 0.1 0
1381 0.01 0.1 0
1382 0.012 0.1 0
1383 0.014 0.1 0
1384 0.016 0.1 0
1385 0.018 0.1 0
1386 0.02 0.1 0
1387 0.022 0.1 0
1388 0.024 0.1 0
1389 0.026 0.1 0
1390 0.028 0.1 0
1391 0.052 0.1 0
1392 0.054 0.1 0
1393 0.056 0.1 0
1394 0.058 0.1 0
1395 0.06 0.1 0
1396 0.08400000000000001 0.1 0
1397 0.08600000000000001 0.1 0
1398 0.08799999999999999 0.1 0
1399 0.09 0.1 0
1400 0.092 0.1 0
1401 0.094 0.1 0
1402 0.096 0.1 0
1403 0.098 0.1 0
1404 0.1 0.1 0
1405 0.102 0.1 0
1406 0.104 0.1 0
1407 0.106 0.1 0
1408 0.108 0.1 0
1409 0.11 0.1 0
1410 0.112 0.1 0
1411 0.114 0.1 0
1412 0.116 0.1 0
1413 0.118 0.1 0
1414 0.12 0.1 0
1415 0.122 0.1 0
1416 0.124 0.1 0
1417 0.126 0.1 0
1418 0.128 0.1 0
1419 0.13 0.1 0
1420 0.132 0.1 0
1421 0.134 0.1 0
1422 0.136 0.1 0
1423 0.138 0.1 0
1424 0.14 0.1 0
1425 0.142 0.1 0
1426 0.144 0.1 0
1427 -0.016 0.102 0
1428 -0.014 0.102 0
1429 -0.012 0.102 0
1430 -0.01 0.102 0
1431 -0.008 0.102 0
1432 -0.006 0.102 0
1433 -0.004 0.102 0
1434 -0.002 0.102 0
1435 0 0.102 0
1436 0.002 0.102 0
1437 0.004 0.102 0
1438 0.006 0.102 0
1439 0.008 0.102 0
1440 0.01 0.102 0
1441 0.012 0.102 0
1442 0.014 0.102 0
1443 0.016 0.102 0
1444 0.018 0.102 0
1445 0.02 0.102 0
1446 0.022 0.102 0
1447 0.024 0.102 0
1448 0.026 0.102 0
1449 0.028 0.102 0
1450 0.052 0.102 0
1451 0.054 0.102 0
1452 0.056 0.102 0
1453 0.058 0.102 0
1454 0.06 0.102 0
1455 0.08400000000000001 0.102 0
1456 0.08600000000000001 0.102 0
1457 0.08799999999999999 0.102 0
1458 0.09 0.102 0
1459 0.092 0.102 0
1460 0.094 0.102 0
1461 0.096 0.102 0
1462 0.098 0.102 0
1463 0.1 0.102 0
1464 0.102 0.102 0
1465 0.104 0.102 0
1466 0.106 0.102 0
1467 0.108 0.102 0
1468 0.11 0.102 0
1469 0.112 0.102 0
1470 0.114 0.102 0
1471 0.116 0.102 0
1472 0.118 0.102 0
1473 0.12 0.102 0
1474 0.122 0.102 0
1475 0.124 0.102 0
1476 0.126 0.102 0
1477 0.128 0.102 0
1478 0.13 0.102 0
1479 0.132 0.102 0
1480 0.134 0.102 0
1481 0.136 0.102 0
1482 0.138 0.102 0
1483 0.14 0.102 0
1484 0.142 0.102 0
1485 0.144 0.102 0
1486 -0.016 0.104 0
1487 -0.014 0.104 0
1488 -0.012 0.104 0
1489 -0.01 0.104 0
1490 -0.008 0.104 0
1491 -0.006 0.104 0
1492 -0.004 0.104 0
1493 -0.002 0.104 0
1494 0 0.104 0
1495 0.002 0.104 0
1496 0.004 0.104 0
1497 0.006 0.104 0
1498 0.008 0.104 0
1499 0.01 0.104 0
1500 0.012 0.104 0
1501 0.014 0.104 0
1502 0.016 0.104 0
1503 0.018 0.104 0
1504 0.02 0.104 0
1505 0.022 0.104 0
1506 0.024 0.104 0
1507 0.026 0.104 0
1508 0.028 0.104 0
1509 0.052 0.104 0
1510 0.054 0.104 0
1511 0.056 0.104 0
1512 0.058 0.104 0
1513 0.06 0.104 0
1514 0.08400000000000001 0.104 0
1515 0.08600000000000001 0.104 0
1516 0.08799999999999999 0.104 0
1517 0.09 0.104 0
1518 0.092 0.104 0
1519 0.094 0.104 0
1520 0.096 0.104 0
1521 0.098 0.104 0
1522 0.1 0.104 0
1523 0.102 0.104 0
1524 0.104 0.104 0
1525 0.106 0.104 0
1526 0.108 0.104 0
1527 0.11 0.104 0
1528 0.112 0.104 0
1529 0.114 0.104 0
1530 0.116 0.104 0
1531 0.118 0.104 0
1532 0.12 0.104 0
1533 0.122 0.104 0
1534 0.124 0.104 0
1535 0.126 0.104 0
1536 0.128 0.104 0
1537 0.13 0.104 0
1538 0.132 0.104 0
1539 0.134 0.104 0
1540 0.136 0.104 0
1541 0.138 0.104 0
1542 0.14 0.104 0
1543 0.142 0.104 0
1544 0.144 0.104 0
1545 -0.016 0.106 0
1546 -0.014 0.106 0
1547 -0.012 0.106 0
1548 -0.01 0.106 0
1549 -0.008 0.106 0
1550 -0.006 0.106 0
1551 -0.004 0.106 0
1552 -0.002 0.106 0
1553 0 0.106 0
1554 0.002 0.106 0
1555 0.004 0.106 0
1556 0.006 0.106 0
1557 0.008 0.106 0
1558 0.01 0.106 0
1559 0.012 0.106 0
1560 0.014 0.106 0
1561 0.016 0.106 0
1562 0.018 0.106 0
1563 0.02 0.106 0
1564 0.022 0.106 0
1565 0.024 0.106 0
1566 0.026 0.106 0
1567 0.028 0.106 0
1568 0.052 0.106 0
1569 0.054 0.106 0
1570 0.056 0.106 0
1571 0.058 0.106 0
1572 0.06 0.106 0
1573 0.08400000000000001 0.106 0
1574 0.08600000000000001 0.106 0
1575 0.08799999999999999 0.106 0
1576 0.09 0.106 0
1577 0.092 0.106 0
1578 0.094 0.106 0
1579 0.096 0.106 0
1580 0.098 0.106 0
1581 0.1 0.106 0
1582 0.102 0.106 0
1583 0.104 0.106 0
1584 0.106 0.106 0
1585 0.108 0.106 0
1586 0.11 0.106 0
1587 0.112 0.106 0
1588 0.114 0.106 0
1589 0.116 0.106 0
1590 0.118 0.106 0
1591 0.12 0.106 0
1592 0.122 0.106 0
1593 0.124 0.106 0
1594 0.126 0.106 0
1595 0.128 0.106 0
1596 0.13 0.106 0
1597 0.132 0.106 0
1598 0.134 0.106 0
1599 0.136 0.106 0
1600 0.138 0.106 0
1601 0.14 0.106 0
1602 0.142 0.106 0
1603 0.144 0.106 0
1604 -0.016 0.108 0
1605 -0.014 0.108 0
1606 -0.012 0.108 0
1607 -0.01 0.108 0
1608 -0.008 0.108 0
1609 -0.006 0.108 0
1610 -0.004 0.108 0
1611 -0.002 0.108 0
1612 0 0.108 0
1613 0.002 0.108 0
1614 0.004 0.108 0
1615 0.006 0.108 0
1616 0.008 0.108 0
1617 0.01 0.108 0
1618 0.012 0.108 0
1619 0.014 0.108 0
1620 0.016 0.108 0
1621 0.018 0.108 0
1622 0.02 0.108 0
1623 0.022 0.108 0
1624 0.024 0.108 0
1625 0.026 0.108 0
1626 0.028 0.108 0
1627 0.052 0.108 0
1628 0.054 0.108 0
1629 0.056 0.108 0
1630 0.058 0.108 0
1631 0.06 0.108 0
1632 0.08400000000000001 0.108 0
1633 0.08600000000000001 0.108 0
1634 0.08799999999999999 0.108 0
1635 0.09 0.108 0
1636 0.092 0.108 0
1637 0.094 0.108 0
1638 0.096 0.108 0
1639 0.098 0.108 0
1640 0.1 0.108 0
1641 0.102 0.108 0
1642 0.104 0.108 0
1643 0.106 0.108 0
1644 0.108 0.108 0
1645 0.11 0.108 0
1646 0.112 0.108 0
1647 0.114 0.108 0
1648 0.116 0.108 0
1649 0.118 0.108 0
1650 0.12 0.108 0
1651 0.122 0.108 0
1652 0.124 0.108 0
1653 0.126 0.108 0
1654 0.128 0.108 0
1655 0.13 0.108 0
1656 0.132 0.108 0
1657 0.134 0.108 0
1658 0.136 0.108 0
1659 0.138 0.108 0
1660 0.14 0.108 0
1661 0.142 0.108 0
1662 0.144 0.108 0
1663 0.05 0.11 0
1664 0.052 0.11 0
1665 0.054 0.11 0
1666 0.056 0.11 0
1667 0.058 0.11 0
1668 0.06 0.11 0
1669 0.062 0.11 0
1670 0.082 0.11 0
1671 0.08400000000000001 0.11 0
1672 0.08600000000000001 0.11 0
1673 0.08799999999999999 0.11 0
1674 0.09 0.11 0
1675 0.092 0.11 0
1676 0.094 0.11 0
1677 0.096 0.11 0
1678 0.098 0.11 0
1679 0.048 0.112 0
1680 0.05 0.112 0
1681 0.052 0.112 0
1682 0.054 0.112 0
1683 0.056 0.112 0
1684 0.058 0.112 0
1685 0.06 0.112 0
1686 0.062 0.112 0
1687 0.064 0.112 0
1688 0.08 0.112 0
1689 0.082 0.112 0
1690 0.08400000000000001 0.112 0
1691 0.08600000000000001 0.112 0
1692 0.08799999999999999 0.112 0
1693 0.09 0.112 0
1694 0.092 0.112 0
1695 0.094 0.112 0
1696 0.096 0.112 0
1697 0.046 0.114 0
1698 0.048 0.114 0
1699 0.05 0.114 0
1700 0.052 0.114 0
1701 0.054 0.114 0
1702 0.056 0.114 0
1703 0.058 0.114 0
1704 0.06 0.114 0
1705 0.062 0.114 0
1706 0.064 0.114 0
1707 0.066 0.114 0
1708 0.078 0.114 0
1709 0.08 0.114 0
1710 0.082 0.114 0
1711 0.08400000000000001 0.114 0
1712 0.08600000000000001 0.114 0
1713 0.08799999999999999 0.114 0
1714 0.09 0.114 0
1715 0.092 0.114 0
1716 0.094 0.114 0
1717 0.036 0.116 0
1718 0.038 0.116 0
1719 0.04 0.116 0
1720 0.042 0.116 0
1721 0.044 0.116 0
1722 0.046 0.116 0
1723 0.048 0.116 0
1724 0.05 0.116 0
1725 0.052 0.116 0
1726 0.054 0.116 0
1727 0.056 0.116 0
1728 0.058 0.116 0
1729 0.06 0.116 0
1730 0.062 0.116 0
1731 0.064 0.116 0
1732 0.066 0.116 0
1733 0.068 0.116 0
1734 0.07000000000000001 0.116 0
1735 0.07200000000000001 0.116 0
1736 0.074 0.116 0
1737 0.076 0.116 0
1738 0.078 0.116 0
1739 0.08 0.116 0
1740 0.082 0.116 0
1741 0.08400000000000001 0.116 0
1742 0.08600000000000001 0.116 0
1743 0.08799999999999999 0.116 0
1744 0.09 0.116 0
1745 0.092 0.116 0
1746 0.036 0.118 0
1747 0.038 0.118 0
1748 0.04 0.118 0
1749 0.042 0.118 0
1750 0.044 0.118 0
1751 0.046 0.118 0
1752 0.048 0.118 0
1753 0.05 0.118 0
1754 0.052 0.118 0
1755 0.054 0.118 0
1756 0.056 0.118 0
1757 0.058 0.118 0
1758 0.06 0.118 0
1759 0.062 0.118 0
1760 0.064 0.118 0
1761 0.066 0.118 0
1762 0.068 0.118 0
1763 0.07000000000000001 0.118 0
1764 0.07200000000000001 0.118 0
1765 0.074 0.118 0
1766 0.076 0.118 0
1767 0.078 0.118 0
1768 0.08 0.118 0
1769 0.082 0.118 0
1770 0.08400000000000001 0.118 0
1771 0.08600000000000001 0.118 0
1772 0.08799999999999999 0.118 0
1773 0.09 0.118 0
1774 0.092 0.118 0
1775 0.036 0.12 0
1776 0.038 0.12 0
1777 0.04 0.12 0
1778 0.042 0.12 0
1779 0.044 0.12 0
1780 0.046 0.12 0
1781 0.048 0.12 0
1782 0.05 0.12 0
1783 0.052 0.12 0
1784 0.054 0.12 0
1785 0.056 0.12 0
1786 0.058 0.12 0
1787 0.06 0.12 0
1788 0.062 0.12 0
1789 0.064 0.12 0
1790 0.066 0.12 0
1791 0.068 0.12 0
1792 0.07000000000000001 0.12 0
1793 0.07200000000000001 0.12 0
1794 0.074 0.12 0
1795 0.076 0.12 0
1796 0.078 0.12 0
1797 0.08 0.12 0
1798 0.082 0.12 0
1799 0.08400000000000001 0.12 0
1800 0.08600000000000001 0.12 0
1801 0.08799999999999999 0.12 0
1802 0.09 0.12 0
1803 0.092 0.12 0
1804 0.036 0.122 0
1805 0.038 0.122 0
1806 0.04 0.122 0
1807 0.042 0.122 0
1808 0.044 0.122 0
1809 0.046 0.122 0
1810 0.048 0.122 0
1811 0.05 0.122 0
1812 0.052 0.122 0
1813 0.054 0.122 0
1814 0.056 0.122 0
1815 0.058 0.122 0
1816 0.06 0.122 0
1817 0.062 0.122 0
1818 0.064 0.122 0
1819 0.066 0.122 0
1820 0.068 0.122 0
1821 0.07000000000000001 0.122 0
1822 0.07200000000000001 0.122 0
1823 0.074 0.122 0
1824 0.076 0.122 0
1825 0.078 0.122 0
1826 0.08 0.122 0
1827 0.082 0.122 0
1828 0.08400000000000001 0.122 0
1829 0.08600000000000001 0.122 0
1830 0.08799999999999999 0.122 0
1831 0.09 0.122 0
1832 0.092 0.122 0
1833 0.036 0.124 0
1834 0.038 0.124 0
1835 0.04 0.124 0
1836 0.042 0.124 0
1837 0.044 0.124 0
1838 0.046 0.124 0
1839 0.048 0.124 0
1840 0.05 0.124 0
1841 0.052 0.124 0
1842 0.054 0.124 0
1843 0.056 0.124 0
1844 0.058 0.124 0
1845 0.06 0.124 0
1846 0.062 0.124 0
1847 0.064 0.124 0
1848 0.066 0.124 0
1849 0.068 0.124 0
1850 0.07000000000000001 0.124 0
1851 0.07200000000000001 0.124 0
1852 0.074 0.124 0
1853 0.076 0.124 0
1854 0.078 0.124 0
1855 0.08 0.124 0
1856 0.082 0.124 0
1857 0.08400000000000001 0.124 0
1858 0.08600000000000001 0.124 0
1859 0.08799999999999999 0.124 0
1860 0.09 0.124 0
1861 0.092 0.124 0
1862 0.036 0.126 0
1863 0.038 0.126 0
1864 0.04 0.126 0
1865 0.042 0.126 0
1866 0.044 0.126 0
1867 0.046 0.126 0
1868 0.048 0.126 0
1869 0.05 0.126 0
1870 0.052 0.126 0
1871 0.054 0.126 0
1872 0.056 0.126 0
1873 0.058 0.126 0
1874 0.06 0.126 0
1875 0.062 0.126 0
1876 0.064 0.126 0
1877 0.066 0.126 0
1878 0.068 0.126 0
1879 0.07000000000000001 0.126 0
1880 0.07200000000000001 0.126 0
1881 0.074 0.126 0
1882 0.076 0.126 0
1883 0.078 0.126 0
1884 0.08 0.126 0
1885 0.082 0.126 0
1886 0.08400000000000001 0.126 0
1887 0.08600000000000001 0.126 0
1888 0.08799999999999999 0.126 0
1889 0.09 0.126 0
1890 0.092 0.126 0
1891 0.036 0.128 0
1892 0.038 0.128 0
1893 0.04 0.128 0
1894 0.042 0.128 0
1895 0.044 0.128 0
1896 0.046 0.128 0
1897 0.048 0.128 0
1898 0.05 0.128 0
1899 0.052 0.128 0
1900 0.054 0.128 0
1901 0.056 0.128 0
1902 0.058 0.128 0
1903 0.06 0.128 0
1904 0.062 0.128 0
1905 0.064 0.128 0
1906 0.066 0.128 0
1907 0.068 0.128 0
1908 0.07000000000000001 0.128 0
1909 0.07200000000000001 0.128 0
1910 0.074 0.128 0
1911 0.076 0.128 0
1912 0.078 0.128 0
1913 0.08 0.128 0
1914 0.082 0.128 0
1915 0.08400000000000001 0.128 0
1916 0.08600000000000001 0.128 0
1917 0.08799999999999999 0.128 0
1918 0.09 0.128 0
1919 0.092 0.128 0
$EndNodes
$Elements
3836
1 1 2 3 3 1 2
2 1 2 3 3 1 29
3 1 2 3 3 2 3
4 1 2 3 3 3 4
5 1 2 3 3 4 5
6 1 2 3 3 5 6
7 1 2 3 3 6 7
8 1 2 3 3 7 8
9 1 2 3 3 8 9
10 1 2 3 3 9 10
11 1 2 3 3 10 11
12 1 2 3 3 11 12
13 1 2 3 3 12 13
14 1 2 3 3 13 14
15 1 2 3 3 14 15
16 1 2 3 3 15 16
17 1 2 3 3 16 17
18 1 2 3 3 17 18
19 1 2 3 3 18 19
20 1 2 3 3 19 20
21 1 2 3 3 20 21
22 1 2 3 3 21 22
23 1 2 3 3 22 23
24 1 2 3 3 23 51
25 1 2 3 3 24 25
26 1 2 3 3 24 52
27 1 2 3 3 25 26
28 1 2 3 3 26 27
29 1 2 3 3 27 28
30 1 2 3 3 28 56
31 1 2 3 3 29 57
32 1 2 3 3 51 79
33 1 2 3 3 52 80
34 1 2 3 3 56 84
35 1 2 3 3 57 85
36 1 2 3 3 79 107
37 1 2 3 3 80 108
38 1 2 3 3 84 112
39 1 2 3 3 85 113
40 1 2 3 3 107 135
41 1 2 3 3 108 136
42 1 2 3 3 112 140
43 1 2 3 3 113 141
44 1 2 3 3 135 163
45 1 2 3 3 136 164
46 1 2 3 3 140 168
47 1 2 3 3 141 169
48 1 2 3 3 178 179
49 1 2 3 3 179 180
50 1 2 3 3 180 181
51 1 2 3 3 181 182
52 1 2 3 3 182 183
53 1 2 3 3 183 184
54 1 2 3 3 184 185
55 1 2 3 3 185 186
56 1 2 3 3 186 187
57 1 2 3 3 187 188
58 1 2 3 3 188 189
59 1 2 3 3 189 190
60 1 2 3 3 163 191
61 1 2 3 3 190 191
62 1 2 3 3 164 192
63 1 2 3 3 168 196
64 1 2 3 3 169 197
65 1 2 3 3 178 206
66 1 2 3 3 205 206
67 1 2 3 3 192 207
68 1 2 3 3 196 211
69 1 2 3 3 197 213
70 1 2 3 3 205 221
71 1 2 3 3 220 221
72 1 2 3 3 207 222
73 1 2 3 3 211 212
74 1 2 3 3 212 227
75 1 2 3 3 213 229
76 1 2 3 3 220 236
77 1 2 3 3 235 236
78 1 2 3 3 222 237
79 1 2 3 3 227 228
80 1 2 3 3 228 243
81 1 2 3 3 229 253
82 1 2 3 3 235 259
83 1 2 3 3 237 260
84 1 2 3 3 243 244
85 1 2 3 3 244 267
86 1 2 3 3 245 246
87 1 2 1 1 245 283
88 1 2 3 3 246 247
89 1 2 3 3 247 248
90 1 2 3 3 248 249
91 1 2 3 3 249 250
92 1 2 3 3 250 251
93 1 2 3 3 251 252
94 1 2 3 3 252 253
95 1 2 3 3 259 297
96 1 2 3 3 260 298
97 1 2 3 3 267 268
98 1 2 3 3 268 269
99 1 2 3 3 269 270
100 1 2 3 3 270 271
101 1 2 3 3 271 272
102 1 2 3 3 272 273
103 1 2 3 3 273 274
104 1 2 3 3 274 275
105 1 2 3 3 275 276
106 1 2 3 3 276 277
107 1 2 3 3 277 278
108 1 2 3 3 278 279
109 1 2 3 3 279 280
110 1 2 3 3 280 281
111 1 2 3 3 281 282
112 1 2 2 2 282 320
113 1 2 1 1 283 321
114 1 2 3 3 297 335
115 1 2 3 3 298 336
116 1 2 2 2 320 358
117 1 2 1 1 321 359
118 1 2 3 3 335 373
119 1 2 3 3 336 374
120 1 2 2 2 358 396
121 1 2 3 3 397 398
122 1 2 1 1 359 397
123 1 2 3 3 398 399
124 1 2 3 3 399 400
125 1 2 3 3 400 401
126 1 2 3 3 401 402
127 1 2 3 3 402 403
128 1 2 3 3 403 404
129 1 2 3 3 404 405
130 1 2 3 3 373 411
131 1 2 3 3 374 412
132 1 2 3 3 419 420
133 1 2 3 3 420 421
134 1 2 3 3 421 422
135 1 2 3 3 422 423
136 1 2 3 3 423 424
137 1 2 3 3 424 425
138 1 2 3 3 425 426
139 1 2 3 3 426 427
140 1 2 3 3 427 428
141 1 2 3 3 428 429
142 1 2 3 3 429 430
143 1 2 3 3 430 431
144 1 2 3 3 431 432
145 1 2 3 3 432 433
146 1 2 2 2 396 434
147 1 2 3 3 433 434
148 1 2 3 3 405 435
149 1 2 3 3 411 441
150 1 2 3 3 412 443
151 1 2 3 3 419 450
152 1 2 3 3 449 450
153 1 2 3 3 435 451
154 1 2 3 3 441 457
155 1 2 3 3 442 443
156 1 2 3 3 442 459
157 1 2 3 3 449 466
158 1 2 3 3 465 466
159 1 2 3 3 451 467
160 1 2 3 3 457 473
161 1 2 3 3 458 459
162 1 2 3 3 458 475
163 1 2 3 3 465 482
164 1 2 3 3 481 482
165 1 2 3 3 467 483
166 1 2 3 3 473 489
167 1 2 3 3 474 475
168 1 2 3 3 474 508
169 1 2 3 3 481 515
170 1 2 3 3 483 516
171 1 2 3 3 489 522
172 1 2 3 3 490 491
173 1 2 3 3 490 523
174 1 2 3 3 491 492
175 1 2 3 3 492 493
176 1 2 3 3 493 494
177 1 2 3 3 494 495
178 1 2 3 3 495 496
179 1 2 3 3 496 497
180 1 2 3 3 497 498
181 1 2 3 3 498 499
182 1 2 3 3 499 500
183 1 2 3 3 500 501
184 1 2 3 3 501 502
185 1 2 3 3 502 535
186 1 2 3 3 503 504
187 1 2 3 3 503 536
188 1 2 3 3 504 505
189 1 2 3 3 505 506
190 1 2 3 3 506 507
191 1 2 3 3 507 508
192 1 2 3 3 515 548
193 1 2 3 3 516 549
194 1 2 3 3 522 555
195 1 2 3 3 523 556
196 1 2 3 3 535 568
197 1 2 3 3 536 569
198 1 2 3 3 548 581
199 1 2 3 3 549 582
200 1 2 3 3 555 588
201 1 2 3 3 556 589
202 1 2 3 3 568 601
203 1 2 3 3 569 602
204 1 2 3 3 581 614
205 1 2 3 3 582 615
206 1 2 3 3 588 621
207 1 2 3 3 589 622
208 1 2 3 3 601 634
209 1 2 3 3 635 636
210 1 2 3 3 602 635
211 1 2 3 3 636 637
212 1 2 3 3 637 638
213 1 2 3 3 638 639
214 1 2 3 3 639 640
215 1 2 3 3 614 647
216 1 2 3 3 615 648
217 1 2 3 3 621 654
218 1 2 3 3 622 657
219 1 2 3 3 634 669
220 1 2 3 3 670 671
221 1 2 3 3 640 670
222 1 2 3 3 647 677
223 1 2 3 3 648 678
224 1 2 3 3 654 655
225 1 2 3 3 655 685
226 1 2 3 3 656 657
227 1 2 3 3 656 688
228 1 2 3 3 669 701
229 1 2 3 3 702 703
230 1 2 3 3 671 702
231 1 2 3 3 677 708
232 1 2 3 3 678 709
233 1 2 3 3 685 686
234 1 2 3 3 686 717
235 1 2 3 3 687 688
236 1 2 3 3 687 720
237 1 2 3 3 701 734
238 1 2 3 3 735 736
239 1 2 3 3 703 735
240 1 2 3 3 708 740
241 1 2 3 3 709 741
242 1 2 3 3 717 718
243 1 2 3 3 718 750
244 1 2 3 3 719 720
245 1 2 3 3 719 756
246 1 2 3 3 734 771
247 1 2 3 3 736 772
248 1 2 3 3 740 776
249 1 2 3 3 741 777
250 1 2 3 3 750 751
251 1 2 3 3 751 752
252 1 2 3 3 752 753
253 1 2 3 3 753 754
254 1 2 3 3 754 755
255 1 2 3 3 755 756
256 1 2 3 3 771 807
257 1 2 3 3 772 808
258 1 2 3 3 776 812
259 1 2 3 3 777 813
260 1 2 3 3 807 843
261 1 2 3 3 808 844
262 1 2 3 3 812 848
263 1 2 3 3 813 849
264 1 2 3 3 843 879
265 1 2 3 3 844 880
266 1 2 3 3 848 884
267 1 2 3 3 885 886
268 1 2 3 3 849 885
269 1 2 3 3 886 887
270 1 2 3 3 887 888
271 1 2 3 3 888 889
272 1 2 3 3 889 890
273 1 2 3 3 890 891
274 1 2 3 3 891 892
275 1 2 3 3 902 903
276 1 2 3 3 903 904
277 1 2 3 3 904 905
278 1 2 3 3 905 906
279 1 2 3 3 906 907
280 1 2 3 3 907 908
281 1 2 3 3 879 915
282 1 2 3 3 880 916
283 1 2 3 3 884 920
284 1 2 3 3 921 922
285 1 2 3 3 892 921
286 1 2 3 3 902 931
287 1 2 3 3 930 931
288 1 2 3 3 932 933
289 1 2 3 3 908 932
290 1 2 3 3 915 939
291 1 2 3 3 916 941
292 1 2 3 3 920 945
293 1 2 3 3 946 947
294 1 2 3 3 922 946
295 1 2 3 3 930 954
296 1 2 3 3 953 954
297 1 2 3 3 955 956
298 1 2 3 3 933 955
299 1 2 3 3 939 961
300 1 2 3 3 940 941
301 1 2 3 3 940 963
302 1 2 3 3 945 968
303 1 2 3 3 969 970
304 1 2 3 3 947 969
305 1 2 3 3 953 975
306 1 2 3 3 974 975
307 1 2 3 3 976 977
308 1 2 3 3 956 976
309 1 2 3 3 961 981
310 1 2 3 3 962 963
311 1 2 3 3 962 983
312 1 2 3 3 968 989
313 1 2 3 3 970 990
314 1 2 3 3 974 994
315 1 2 3 3 977 995
316 1 2 3 3 981 999
317 1 2 3 3 982 983
318 1 2 3 3 982 1005
319 1 2 3 3 989 1012
320 1 2 3 3 990 1013
321 1 2 3 3 994 1017
322 1 2 3 3 995 1018
323 1 2 3 3 999 1022
324 1 2 3 3 1000 1001
325 1 2 3 3 1000 1023
326 1 2 3 3 1001 1002
327 1 2 3 3 1002 1003
328 1 2 3 3 1003 1004
329 1 2 3 3 1004 1005
330 1 2 3 3 1012 1035
331 1 2 3 3 1013 1036
332 1 2 3 3 1017 1040
333 1 2 3 3 1018 1041
334 1 2 3 3 1022 1045
335 1 2 3 3 1023 1046
336 1 2 3 3 1035 1058
337 1 2 3 3 1036 1059
338 1 2 3 3 1040 1063
339 1 2 3 3 1041 1064
340 1 2 3 3 1045 1068
341 1 2 3 3 1046 1069
342 1 2 3 3 1058 1081
343 1 2 3 3 1059 1082
344 1 2 3 3 1063 1086
345 1 2 3 3 1064 1087
346 1 2 3 3 1068 1091
347 1 2 3 3 1069 1092
348 1 2 3 3 1099 1100
349 1 2 3 3 1100 1101
350 1 2 3 3 1101 1102
351 1 2 3 3 1102 1103
352 1 2 3 3 1081 1104
353 1 2 3 3 1103 1104
354 1 2 3 3 1082 1106
355 1 2 3 3 1086 1110
356 1 2 3 3 1087 1111
357 1 2 3 3 1091 1115
358 1 2 3 3 1092 1116
359 1 2 3 3 1099 1123
360 1 2 3 3 1122 1123
361 1 2 3 3 1105 1106
362 1 2 3 3 1105 1125
363 1 2 3 3 1110 1130
364 1 2 3 3 1111 1131
365 1 2 3 3 1115 1135
366 1 2 3 3 1116 1136
367 1 2 3 3 1122 1142
368 1 2 3 3 1141 1142
369 1 2 3 3 1124 1125
370 1 2 3 3 1124 1144
371 1 2 3 3 1130 1150
372 1 2 3 3 1131 1151
373 1 2 3 3 1135 1155
374 1 2 3 3 1136 1156
375 1 2 3 3 1141 1161
376 1 2 3 3 1160 1161
377 1 2 3 3 1143 1144
378 1 2 3 3 1143 1169
379 1 2 3 3 1150 1176
380 1 2 3 3 1151 1177
381 1 2 3 3 1155 1181
382 1 2 3 3 1156 1182
383 1 2 3 3 1160 1186
384 1 2 3 3 1162 1163
385 1 2 3 3 1162 1187
386 1 2 3 3 1163 1164
387 1 2 3 3 1164 1165
388 1 2 3 3 1165 1166
389 1 2 3 3 1166 1167
390 1 2 3 3 1167 1168
391 1 2 3 3 1168 1169
392 1 2 3 3 1176 1201
393 1 2 3 3 1177 1202
394 1 2 3 3 1181 1206
395 1 2 3 3 1182 1207
396 1 2 3 3 1186 1211
397 1 2 3 3 1187 1212
398 1 2 3 3 1201 1226
399 1 2 3 3 1202 1227
400 1 2 3 3 1206 1231
401 1 2 3 3 1207 1232
402 1 2 3 3 1211 1236
403 1 2 3 3 1212 1237
404 1 2 3 3 1226 1251
405 1 2 3 3 1227 1252
406 1 2 3 3 1231 1256
407 1 2 3 3 1232 1257
408 1 2 3 3 1236 1261
409 1 2 3 3 1237 1262
410 1 2 3 3 1251 1276
411 1 2 3 3 1252 1277
412 1 2 3 3 1256 1281
413 1 2 3 3 1257 1282
414 1 2 3 3 1261 1286
415 1 2 3 3 1262 1287
416 1 2 3 3 1276 1301
417 1 2 3 3 1277 1302
418 1 2 3 3 1281 1306
419 1 2 3 3 1282 1307
420 1 2 3 3 1286 1311
421 1 2 3 3 1287 1313
422 1 2 3 3 1301 1327
423 1 2 3 3 1302 1328
424 1 2 3 3 1306 1332
425 1 2 3 3 1307 1333
426 1 2 3 3 1311 1312
427 1 2 3 3 1312 1338
428 1 2 3 3 1313 1340
429 1 2 3 3 1327 1354
430 1 2 3 3 1328 1355
431 1 2 3 3 1332 1359
432 1 2 3 3 1333 1360
433 1 2 3 3 1338 1339
434 1 2 3 3 1339 1366
435 1 2 3 3 1340 1376
436 1 2 3 3 1354 1390
437 1 2 3 3 1355 1391
438 1 2 3 3 1359 1395
439 1 2 3 3 1360 1396
440 1 2 3 3 1366 1367
441 1 2 3 3 1367 1403
442 1 2 3 3 1368 1369
443 1 2 1 1 1368 1427
444 1 2 3 3 1369 1370
445 1 2 3 3 1370 1371
446 1 2 3 3 1371 1372
447 1 2 3 3 1372 1373
448 1 2 3 3 1373 1374
449 1 2 3 3 1374 1375
450 1 2 3 3 1375 1376
451 1 2 3 3 1390 1449
452 1 2 3 3 1391 1450
453 1 2 3 3 1395 1454
454 1 2 3 3 1396 1455
455 1 2 3 3 1403 1404
456 1 2 3 3 1404 1405
457 1 2 3 3 1405 1406
458 1 2 3 3 1406 1407
459 1 2 3 3 1407 1408
460 1 2 3 3 1408 1409
461 1 2 3 3 1409 1410
462 1 2 3 3 1410 1411
463 1 2 3 3 1411 1412
464 1 2 3 3 1412 1413
465 1 2 3 3 1413 1414
466 1 2 3 3 1414 1415
467 1 2 3 3 1415 1416
468 1 2 3 3 1416 1417
469 1 2 3 3 1417 1418
470 1 2 3 3 1418 1419
471 1 2 3 3 1419 1420
472 1 2 3 3 1420 1421
473 1 2 3 3 1421 1422
474 1 2 3 3 1422 1423
475 1 2 3 3 1423 1424
476 1 2 3 3 1424 1425
477 1 2 3 3 1425 1426
478 1 2 2 2 1426 1485
479 1 2 1 1 1427 1486
480 1 2 3 3 1449 1508
481 1 2 3 3 1450 1509
482 1 2 3 3 1454 1513
483 1 2 3 3 1455 1514
484 1 2 2 2 1485 1544
485 1 2 1 1 1486 1545
486 1 2 3 3 1508 1567
487 1 2 3 3 1509 1568
488 1 2 3 3 1513 1572
489 1 2 3 3 1514 1573
490 1 2 2 2 1544 1603
491 1 2 3 3 1604 1605
492 1 2 1 1 1545 1604
493 1 2 3 3 1605 1606
494 1 2 3 3 1606 1607
495 1 2 3 3 1607 1608
496 1 2 3 3 1608 1609
497 1 2 3 3 1609 1610
498 1 2 3 3 1610 1611
499 1 2 3 3 1611 1612
500 1 2 3 3 1612 1613
501 1 2 3 3 1613 1614
502 1 2 3 3 1614 1615
503 1 2 3 3 1615 1616
504 1 2 3 3 1616 1617
505 1 2 3 3 1617 1618
506 1 2 3 3 1618 1619
507 1 2 3 3 1619 1620
508 1 2 3 3 1620 1621
509 1 2 3 3 1621 1622
510 1 2 3 3 1622 1623
511 1 2 3 3 1623 1624
512 1 2 3 3 1624 1625
513 1 2 3 3 1567 1626
514 1 2 3 3 1625 1626
515 1 2 3 3 1568 1627
516 1 2 3 3 1572 1631
517 1 2 3 3 1573 1632
518 1 2 3 3 1639 1640
519 1 2 3 3 1640 1641
520 1 2 3 3 1641 1642
521 1 2 3 3 1642 1643
522 1 2 3 3 1643 1644
523 1 2 3 3 1644 1645
524 1 2 3 3 1645 1646
525 1 2 3 3 1646 1647
526 1 2 3 3 1647 1648
527 1 2 3 3 1648 1649
528 1 2 3 3 1649 1650
529 1 2 3 3 1650 1651
530 1 2 3 3 1651 1652
531 1 2 3 3 1652 1653
532 1 2 3 3 1653 1654
533 1 2 3 3 1654 1655
534 1 2 3 3 1655 1656
535 1 2 3 3 1656 1657
536 1 2 3 3 1657 1658
537 1 2 3 3 1658 1659
538 1 2 3 3 1659 1660
539 1 2 3 3 1660 1661
540 1 2 2 2 1603 1662
541 1 2 3 3 1661 1662
542 1 2 3 3 1627 1664
543 1 2 3 3 1631 1668
544 1 2 3 3 1632 1671
545 1 2 3 3 1639 1678
546 1 2 3 3 1677 1678
547 1 2 3 3 1663 1664
548 1 2 3 3 1663 1680
549 1 2 3 3 1668 1669
550 1 2 3 3 1669 1686
551 1 2 3 3 1670 1671
552 1 2 3 3 1670 1689
553 1 2 3 3 1677 1696
554 1 2 3 3 1695 1696
555 1 2 3 3 1679 1680
556 1 2 3 3 1679 1698
557 1 2 3 3 1686 1687
558 1 2 3 3 1687 1706
559 1 2 3 3 1688 1689
560 1 2 3 3 1688 1709
561 1 2 3 3 1695 1716
562 1 2 3 3 1715 1716
563 1 2 3 3 1697 1698
564 1 2 3 3 1697 1722
565 1 2 3 3 1706 1707
566 1 2 3 3 1707 1732
567 1 2 3 3 1708 1709
568 1 2 3 3 1708 1738
569 1 2 3 3 1715 1745
570 1 2 3 3 1717 1718
571 1 2 3 3 1717 1746
572 1 2 3 3 1718 1719
573 1 2 3 3 1719 1720
574 1 2 3 3 1720 1721
575 1 2 3 3 1721 1722
576 1 2 3 3 1732 1733
577 1 2 3 3 1733 1734
578 1 2 3 3 1734 1735
579 1 2 3 3 1735 1736
580 1 2 3 3 1736 1737
581 1 2 3 3 1737 1738
582 1 2 3 3 1745 1774
583 1 2 3 3 1746 1775
584 1 2 3 3 1774 1803
585 1 2 3 3 1775 1804
586 1 2 3 3 1803 1832
587 1 2 3 3 1804 1833
588 1 2 3 3 1832 1861
589 1 2 3 3 1833 1862
590 1 2 3 3 1861 1890
591 1 2 3 3 1891 1892
592 1 2 3 3 1862 1891
593 1 2 3 3 1892 1893
594 1 2 3 3 1893 1894
595 1 2 3 3 1894 1895
596 1 2 3 3 1895 1896
597 1 2 3 3 1896 1897
598 1 2 3 3 1897 1898
599 1 2 3 3 1898 1899
600 1 2 3 3 1899 1900
601 1 2 3 3 1900 1901
602 1 2 3 3 1901 1902
603 1 2 3 3 1902 1903
604 1 2 3 3 1903 1904
605 1 2 3 3 1904 1905
606 1 2 3 3 1905 1906
607 1 2 3 3 1906 1907
608 1 2 3 3 1907 1908
609 1 2 3 3 1908 1909
610 1 2 3 3 1909 1910
611 1 2 3 3 1910 1911
612 1 2 3 3 1911 1912
613 1 2 3 3 1912 1913
614 1 2 3 3 1913 1914
615 1 2 3 3 1914 1915
616 1 2 3 3 1915 1916
617 1 2 3 3 1916 1917
618 1 2 3 3 1917 1918
619 1 2 3 3 1890 1919
620 1 2 3 3 1918 1919
621 2 2 10 10 1 2 30
622 2 2 10 10 1 30 29
623 2 2 10 10 2 3 31
624 2 2 10 10 2 31 30
625 2 2 10 10 3 4 32
626 2 2 10 10 3 32 31
627 2 2 10 10 4 5 33
628 2 2 10 10 4 33 32
629 2 2 10 10 5 6 34
630 2 2 10 10 5 34 33
631 2 2 10 10 6 7 35
632 2 2 10 10 6 35 34
633 2 2 10 10 7 8 36
634 2 2 10 10 7 36 35
635 2 2 10 10 8 9 37
636 2 2 10 10 8 37 36
637 2 2 10 10 9 10 38
638 2 2 10 10 9 38 37
639 2 2 10 10 10 11 39
640 2 2 10 10 10 39 38
641 2 2 10 10 11 12 40
642 2 2 10 10 11 40 39
643 2 2 10 10 12 13 41
644 2 2 10 10 12 41 40
645 2 2 10 10 13 14 42
646 2 2 10 10 13 42 41
647 2 2 10 10 14 15 43
648 2 2 10 10 14 43 42
649 2 2 10 10 15 16 44
650 2 2 10 10 15 44 43
651 2 2 10 10 16 17 45
652 2 2 10 10 16 45 44
653 2 2 10 10 17 18 46
654 2 2 10 10 17 46 45
655 2 2 10 10 18 19 47
656 2 2 10 10 18 47 46
657 2 2 10 10 19 20 48
658 2 2 10 10 19 48 47
659 2 2 10 10 20 21 49
660 2 2 10 10 20 49 48
661 2 2 10 10 21 22 50
662 2 2 10 10 21 50 49
663 2 2 10 10 22 23 51
664 2 2 10 10 22 51 50
665 2 2 10 10 24 25 53
666 2 2 10 10 24 53 52
667 2 2 10 10 25 26 54
668 2 2 10 10 25 54 53
669 2 2 10 10 26 27 55
670 2 2 10 10 26 55 54
671 2 2 10 10 27 28 56
672 2 2 10 10 27 56 55
673 2 2 10 10 29 30 58
674 2 2 10 10 29 58 57
675 2 2 10 10 30 31 59
676 2 2 10 10 30 59 58
677 2 2 10 10 31 32 60
678 2 2 10 10 31 60 59
679 2 2 10 10 32 33 61
680 2 2 10 10 32 61 60
681 2 2 10 10 33 34 62
682 2 2 10 10 33 62 61
683 2 2 10 10 34 35 63
684 2 2 10 10 34 63 62
685 2 2 10 10 35 36 64
686 2 2 10 10 35 64 63
687 2 2 10 10 36 37 65
688 2 2 10 10 36 65 64
689 2 2 10 10 37 38 66
690 2 2 10 10 37 66 65
691 2 2 10 10 38 39 67
692 2 2 10 10 38 67 66
693 2 2 10 10 39 40 68
694 2 2 10 10 39 68 67
695 2 2 10 10 40 41 69
696 2 2 10 10 40 69 68
697 2 2 10 10 41 42 70
698 2 2 10 10 41 70 69
699 2 2 10 10 42 43 71
700 2 2 10 10 42 71 70
701 2 2 10 10 43 44 72
702 2 2 10 10 43 72 71
703 2 2 10 10 44 45 73
704 2 2 10 10 44 73 72
705 2 2 10 10 45 46 74
706 2 2 10 10 45 74 73
707 2 2 10 10 46 47 75
708 2 2 10 10 46 75 74
709 2 2 10 10 47 48 76
710 2 2 10 10 47 76 75
711 2 2 10 10 48 49 77
712 2 2 10 10 48 77 76
713 2 2 10 10 49 50 78
714 2 2 10 10 49 78 77
715 2 2 10 10 50 51 79
716 2 2 10 10 50 79 78
717 2 2 10 10 52 53 81
718 2 2 10 10 52 81 80
719 2 2 10 10 53 54 82
720 2 2 10 10 53 82 81
721 2 2 10 10 54 55 83
722 2 2 10 10 54 83 82
723 2 2 10 10 55 56 84
724 2 2 10 10 55 84 83
725 2 2 10 10 57 58 86
726 2 2 10 10 57 86 85
727 2 2 10 10 58 59 87
728 2 2 10 10 58 87 86
729 2 2 10 10 59 60 88
730 2 2 10 10 59 88 87
731 2 2 10 10 60 61 89
732 2 2 10 10 60 89 88
733 2 2 10 10 61 62 90
734 2 2 10 10 61 90 89
735 2 2 10 10 62 63 91
736 2 2 10 10 62 91 90
737 2 2 10 10 63 64 92
738 2 2 10 10 63 92 91
739 2 2 10 10 64 65 93
740 2 2 10 10 64 93 92
741 2 2 10 10 65 66 94
742 2 2 10 10 65 94 93
743 2 2 10 10 66 67 95
744 2 2 10 10 66 95 94
745 2 2 10 10 67 68 96
746 2 2 10 10 67 96 95
747 2 2 10 10 68 69 97
748 2 2 10 10 68 97 96
749 2 2 10 10 69 70 98
750 2 2 10 10 69 98 97
751 2 2 10 10 70 71 99
752 2 2 10 10 70 99 98
753 2 2 10 10 71 72 100
754 2 2 10 10 71 100 99
755 2 2 10 10 72 73 101
756 2 2 10 10 72 101 100
757 2 2 10 10 73 74 102
758 2 2 10 10 73 102 101
759 2 2 10 10 74 75 103
760 2 2 10 10 74 103 102
761 2 2 10 10 75 76 104
762 2 2 10 10 75 104 103
763 2 2 10 10 76 77 105
764 2 2 10 10 76 105 104
765 2 2 10 10 77 78 106
766 2 2 10 10 77 106 105
767 2 2 10 10 78 79 107
768 2 2 10 10 78 107 106
769 2 2 10 10 80 81 109
770 2 2 10 10 80 109 108
771 2 2 10 10 81 82 110
772 2 2 10 10 81 110 109
773 2 2 10 10 82 83 111
774 2 2 10 10 82 111 110
775 2 2 10 10 83 84 112
776 2 2 10 10 83 112 111
777 2 2 10 10 85 86 114
778 2 2 10 10 85 114 113
779 2 2 10 10 86 87 115
780 2 2 10 10 86 115 114
781 2 2 10 10 87 88 116
782 2 2 10 10 87 116 115
783 2 2 10 10 88 89 117
784 2 2 10 10 88 117 116
785 2 2 10 10 89 90 118
786 2 2 10 10 89 118 117
787 2 2 10 10 90 91 119
788 2 2 10 10 90 119 118
789 2 2 10 10 91 92 120
790 2 2 10 10 91 120 119
791 2 2 10 10 92 93 121
792 2 2 10 10 92 121 120
793 2 2 10 10 93 94 122
794 2 2 10 10 93 122 121
795 2 2 10 10 94 95 123
796 2 2 10 10 94 123 122
797 2 2 10 10 95 96 124
798 2 2 10 10 95 124 123
799 2 2 10 10 96 97 125
800 2 2 10 10 96 125 124
801 2 2 10 10 97 98 126
802 2 2 10 10 97 126 125
803 2 2 10 10 98 99 127
804 2 2 10 10 98 127 126
805 2 2 10 10 99 100 128
806 2 2 10 10 99 128 127
807 2 2 10 10 100 101 129
808 2 2 10 10 100 129 128
809 2 2 10 10 101 102 130
810 2 2 10 10 101 130 129
811 2 2 10 10 102 103 131
812 2 2 10 10 102 131 130
813 2 2 10 10 103 104 132
814 2 2 10 10 103 132 131
815 2 2 10 10 104 105 133
816 2 2 10 10 104 133 132
817 2 2 10 10 105 106 134
818 2 2 10 10 105 134 133
819 2 2 10 10 106 107 135
820 2 2 10 10 106 135 134
821 2 2 10 10 108 109 137
822 2 2 10 10 108 137 136
823 2 2 10 10 109 110 138
824 2 2 10 10 109 138 137
825 2 2 10 10 110 111 139
826 2 2 10 10 110 139 138
827 2 2 10 10 111 112 140
828 2 2 10 10 111 140 139
829 2 2 10 10 113 114 142
830 2 2 10 10 113 142 141
831 2 2 10 10 114 115 143
832 2 2 10 10 114 143 142
833 2 2 10 10 115 116 144
834 2 2 10 10 115 144 143
835 2 2 10 10 116 117 145
836 2 2 10 10 116 145 144
837 2 2 10 10 117 118 146
838 2 2 10 10 117 146 145
839 2 2 10 10 118 119 147
840 2 2 10 10 118 147 146
841 2 2 10 10 119 120 148
842 2 2 10 10 119 148 147
843 2 2 10 10 120 121 149
844 2 2 10 10 120 149 148
845 2 2 10 10 121 122 150
846 2 2 10 10 121 150 149
847 2 2 10 10 122 123 151
848 2 2 10 10 122 151 150
849 2 2 10 10 123 124 152
850 2 2 10 10 123 152 151
851 2 2 10 10 124 125 153
852 2 2 10 10 124 153 152
853 2 2 10 10 125 126 154
854 2 2 10 10 125 154 153
855 2 2 10 10 126 127 155
856 2 2 10 10 126 155 154
857 2 2 10 10 127 128 156
858 2 2 10 10 127 156 155
859 2 2 10 10 128 129 157
860 2 2 10 10 128 157 156
861 2 2 10 10 129 130 158
862 2 2 10 10 129 158 157
863 2 2 10 10 130 131 159
864 2 2 10 10 130 159 158
865 2 2 10 10 131 132 160
866 2 2 10 10 131 160 159
867 2 2 10 10 132 133 161
868 2 2 10 10 132 161 160
869 2 2 10 10 133 134 162
870 2 2 10 10 133 162 161
871 2 2 10 10 134 135 163
872 2 2 10 10 134 163 162
873 2 2 10 10 136 137 165
874 2 2 10 10 136 165 164
875 2 2 10 10 137 138 166
876 2 2 10 10 137 166 165
877 2 2 10 10 138 139 167
878 2 2 10 10 138 167 166
879 2 2 10 10 139 140 168
880 2 2 10 10 139 168 167
881 2 2 10 10 141 142 170
882 2 2 10 10 141 170 169
883 2 2 10 10 142 143 171
884 2 2 10 10 142 171 170
885 2 2 10 10 143 144 172
886 2 2 10 10 143 172 171
887 2 2 10 10 144 145 173
888 2 2 10 10 144 173 172
889 2 2 10 10 145 146 174
890 2 2 10 10 145 174 173
891 2 2 10 10 146 147 175
892 2 2 10 10 146 175 174
893 2 2 10 10 147 148 176
894 2 2 10 10 147 176 175
895 2 2 10 10 148 149 177
896 2 2 10 10 148 177 176
897 2 2 10 10 149 150 178
898 2 2 10 10 149 178 177
899 2 2 10 10 150 151 179
900 2 2 10 10 150 179 178
901 2 2 10 10 151 152 180
902 2 2 10 10 151 180 179
903 2 2 10 10 152 153 181
904 2 2 10 10 152 181 180
905 2 2 10 10 153 154 182
906 2 2 10 10 153 182 181
907 2 2 10 10 154 155 183
908 2 2 10 10 154 183 182
909 2 2 10 10 155 156 184
910 2 2 10 10 155 184 183
911 2 2 10 10 156 157 185
912 2 2 10 10 156 185 184
913 2 2 10 10 157 158 186
914 2 2 10 10 157 186 185
915 2 2 10 10 158 159 187
916 2 2 10 10 158 187 186
917 2 2 10 10 159 160 188
918 2 2 10 10 159 188 187
919 2 2 10 10 160 161 189
920 2 2 10 10 160 189 188
921 2 2 10 10 161 162 190
922 2 2 10 10 161 190 189
923 2 2 10 10 162 163 191
924 2 2 10 10 162 191 190
925 2 2 10 10 164 165 193
926 2 2 10 10 164 193 192
927 2 2 10 10 165 166 194
928 2 2 10 10 165 194 193
929 2 2 10 10 166 167 195
930 2 2 10 10 166 195 194
931 2 2 10 10 167 168 196
932 2 2 10 10 167 196 195
933 2 2 10 10 169 170 198
934 2 2 10 10 169 198 197
935 2 2 10 10 170 171 199
936 2 2 10 10 170 199 198
937 2 2 10 10 171 172 200
938 2 2 10 10 171 200 199
939 2 2 10 10 172 173 201
940 2 2 10 10 172 201 200
941 2 2 10 10 173 174 202
942 2 2 10 10 173 202 201
943 2 2 10 10 174 175 203
944 2 2 10 10 174 203 202
945 2 2 10 10 175 176 204
946 2 2 10 10 175 204 203
947 2 2 10 10 176 177 205
948 2 2 10 10 176 205 204
949 2 2 10 10 177 178 206
950 2 2 10 10 177 206 205
951 2 2 10 10 192 193 208
952 2 2 10 10 192 208 207
953 2 2 10 10 193 194 209
954 2 2 10 10 193 209 208
955 2 2 10 10 194 195 210
956 2 2 10 10 194 210 209
957 2 2 10 10 195 196 211
958 2 2 10 10 195 211 210
959 2 2 10 10 197 198 214
960 2 2 10 10 197 214 213
961 2 2 10 10 198 199 215
962 2 2 10 10 198 215 214
963 2 2 10 10 199 200 216
964 2 2 10 10 199 216 215
965 2 2 10 10 200 201 217
966 2 2 10 10 200 217 216
967 2 2 10 10 201 202 218
968 2 2 10 10 201 218 217
969 2 2 10 10 202 203 219
970 2 2 10 10 202 219 218
971 2 2 10 10 203 204 220
972 2 2 10 10 203 220 219
973 2 2 10 10 204 205 221
974 2 2 10 10 204 221 220
975 2 2 10 10 207 208 223
976 2 2 10 10 207 223 222
977 2 2 10 10 208 209 224
978 2 2 10 10 208 224 223
979 2 2 10 10 209 210 225
980 2 2 10 10 209 225 224
981 2 2 10 10 210 211 226
982 2 2 10 10 210 226 225
983 2 2 10 10 211 212 227
984 2 2 10 10 211 227 226
985 2 2 10 10 213 214 230
986 2 2 10 10 213 230 229
987 2 2 10 10 214 215 231
988 2 2 10 10 214 231 230
989 2 2 10 10 215 216 232
990 2 2 10 10 215 232 231
991 2 2 10 10 216 217 233
992 2 2 10 10 216 233 232
993 2 2 10 10 217 218 234
994 2 2 10 10 217 234 233
995 2 2 10 10 218 219 235
996 2 2 10 10 218 235 234
997 2 2 10 10 219 220 236
998 2 2 10 10 219 236 235
999 2 2 10 10 222 223 238
1000 2 2 10 10 222 238 237
1001 2 2 10 10 223 224 239
1002 2 2 10 10 223 239 238
1003 2 2 10 10 224 225 240
1004 2 2 10 10 224 240 239
1005 2 2 10 10 225 226 241
1006 2 2 10 10 225 241 240
1007 2 2 10 10 226 227 242
1008 2 2 10 10 226 242 241
1009 2 2 10 10 227 228 243
1010 2 2 10 10 227 243 242
1011 2 2 10 10 229 230 254
1012 2 2 10 10 229 254 253
1013 2 2 10 10 230 231 255
1014 2 2 10 10 230 255 254
1015 2 2 10 10 231 232 256
1016 2 2 10 10 231 256 255
1017 2 2 10 10 232 233 257
1018 2 2 10 10 232 257 256
1019 2 2 10 10 233 234 258
1020 2 2 10 10 233 258 257
1021 2 2 10 10 234 235 259
1022 2 2 10 10 234 259 258
1023 2 2 10 10 237 238 261
1024 2 2 10 10 237 261 260
1025 2 2 10 10 238 239 262
1026 2 2 10 10 238 262 261
1027 2 2 10 10 239 240 263
1028 2 2 10 10 239 263 262
1029 2 2 10 10 240 241 264
1030 2 2 10 10 240 264 263
1031 2 2 10 10 241 242 265
1032 2 2 10 10 241 265 264
1033 2 2 10 10 242 243 266
1034 2 2 10 10 242 266 265
1035 2 2 10 10 243 244 267
1036 2 2 10 10 243 267 266
1037 2 2 10 10 245 246 284
1038 2 2 10 10 245 284 283
1039 2 2 10 10 246 247 285
1040 2 2 10 10 246 285 284
1041 2 2 10 10 247 248 286
1042 2 2 10 10 247 286 285
1043 2 2 10 10 248 249 287
1044 2 2 10 10 248 287 286
1045 2 2 10 10 249 250 288
1046 2 2 10 10 249 288 287
1047 2 2 10 10 250 251 289
1048 2 2 10 10 250 289 288
1049 2 2 10 10 251 252 290
1050 2 2 10 10 251 290 289
1051 2 2 10 10 252 253 291
1052 2 2 10 10 252 291 290
1053 2 2 10 10 253 254 292
1054 2 2 10 10 253 292 291
1055 2 2 10 10 254 255 293
1056 2 2 10 10 254 293 292
1057 2 2 10 10 255 256 294
1058 2 2 10 10 255 294 293
1059 2 2 10 10 256 257 295
1060 2 2 10 10 256 295 294
1061 2 2 10 10 257 258 296
1062 2 2 10 10 257 296 295
1063 2 2 10 10 258 259 297
1064 2 2 10 10 258 297 296
1065 2 2 10 10 260 261 299
1066 2 2 10 10 260 299 298
1067 2 2 10 10 261 262 300
1068 2 2 10 10 261 300 299
1069 2 2 10 10 262 263 301
1070 2 2 10 10 262 301 300
1071 2 2 10 10 263 264 302
1072 2 2 10 10 263 302 301
1073 2 2 10 10 264 265 303
1074 2 2 10 10 264 303 302
1075 2 2 10 10 265 266 304
1076 2 2 10 10 265 304 303
1077 2 2 10 10 266 267 305
1078 2 2 10 10 266 305 304
1079 2 2 10 10 267 268 306
1080 2 2 10 10 267 306 305
1081 2 2 10 10 268 269 307
1082 2 2 10 10 268 307 306
1083 2 2 10 10 269 270 308
1084 2 2 10 10 269 308 307
1085 2 2 10 10 270 271 309
1086 2 2 10 10 270 309 308
1087 2 2 10 10 271 272 310
1088 2 2 10 10 271 310 309
1089 2 2 10 10 272 273 311
1090 2 2 10 10 272 311 310
1091 2 2 10 10 273 274 312
1092 2 2 10 10 273 312 311
1093 2 2 10 10 274 275 313
1094 2 2 10 10 274 313 312
1095 2 2 10 10 275 276 314
1096 2 2 10 10 275 314 313
1097 2 2 10 10 276 277 315
1098 2 2 10 10 276 315 314
1099 2 2 10 10 277 278 316
1100 2 2 10 10 277 316 315
1101 2 2 10 10 278 279 317
1102 2 2 10 10 278 317 316
1103 2 2 10 10 279 280 318
1104 2 2 10 10 279 318 317
1105 2 2 10 10 280 281 319
1106 2 2 10 10 280 319 318
1107 2 2 10 10 281 282 320
1108 2 2 10 10 281 320 319
1109 2 2 10 10 283 284 322
1110 2 2 10 10 283 322 321
1111 2 2 10 10 284 285 323
1112 2 2 10 10 284 323 322
1113 2 2 10 10 285 286 324
1114 2 2 10 10 285 324 323
1115 2 2 10 10 286 287 325
1116 2 2 10 10 286 325 324
1117 2 2 10 10 287 288 326
1118 2 2 10 10 287 326 325
1119 2 2 10 10 288 289 327
1120 2 2 10 10 288 327 326
1121 2 2 10 10 289 290 328
1122 2 2 10 10 289 328 327
1123 2 2 10 10 290 291 329
1124 2 2 10 10 290 329 328
1125 2 2 10 10 291 292 330
1126 2 2 10 10 291 330 329
1127 2 2 10 10 292 293 331
1128 2 2 10 10 292 331 330
1129 2 2 10 10 293 294 332
1130 2 2 10 10 293 332 331
1131 2 2 10 10 294 295 333
1132 2 2 10 10 294 333 332
1133 2 2 10 10 295 296 334
1134 2 2 10 10 295 334 333
1135 2 2 10 10 296 297 335
1136 2 2 10 10 296 335 334
1137 2 2 10 10 298 299 337
1138 2 2 10 10 298 337 336
1139 2 2 10 10 299 300 338
1140 2 2 10 10 299 338 337
1141 2 2 10 10 300 301 339
1142 2 2 10 10 300 339 338
1143 2 2 10 10 301 302 340
1144 2 2 10 10 301 340 339
1145 2 2 10 10 302 303 341
1146 2 2 10 10 302 341 340
1147 2 2 10 10 303 304 342
1148 2 2 10 10 303 342 341
1149 2 2 10 10 304 305 343
1150 2 2 10 10 304 343 342
1151 2 2 10 10 305 306 344
1152 2 2 10 10 305 344 343
1153 2 2 10 10 306 307 345
1154 2 2 10 10 306 345 344
1155 2 2 10 10 307 308 346
1156 2 2 10 10 307 346 345
1157 2 2 10 10 308 309 347
1158 2 2 10 10 308 347 346
1159 2 2 10 10 309 310 348
1160 2 2 10 10 309 348 347
1161 2 2 10 10 310 311 349
1162 2 2 10 10 310 349 348
1163 2 2 10 10 311 312 350
1164 2 2 10 10 311 350 349
1165 2 2 10 10 312 313 351
1166 2 2 10 10 312 351 350
1167 2 2 10 10 313 314 352
1168 2 2 10 10 313 352 351
1169 2 2 10 10 314 315 353
1170 2 2 10 10 314 353 352
1171 2 2 10 10 315 316 354
1172 2 2 10 10 315 354 353
1173 2 2 10 10 316 317 355
1174 2 2 10 10 316 355 354
1175 2 2 10 10 317 318 356
1176 2 2 10 10 317 356 355
1177 2 2 10 10 318 319 357
1178 2 2 10 10 318 357 356
1179 2 2 10 10 319 320 358
1180 2 2 10 10 319 358 357
1181 2 2 10 10 321 322 360
1182 2 2 10 10 321 360 359
1183 2 2 10 10 322 323 361
1184 2 2 10 10 322 361 360
1185 2 2 10 10 323 324 362
1186 2 2 10 10 323 362 361
1187 2 2 10 10 324 325 363
1188 2 2 10 10 324 363 362
1189 2 2 10 10 325 326 364
1190 2 2 10 10 325 364 363
1191 2 2 10 10 326 327 365
1192 2 2 10 10 326 365 364
1193 2 2 10 10 327 328 366
1194 2 2 10 10 327 366 365
1195 2 2 10 10 328 329 367
1196 2 2 10 10 328 367 366
1197 2 2 10 10 329 330 368
1198 2 2 10 10 329 368 367
1199 2 2 10 10 330 331 369
1200 2 2 10 10 330 369 368
1201 2 2 10 10 331 332 370
1202 2 2 10 10 331 370 369
1203 2 2 10 10 332 333 371
1204 2 2 10 10 332 371 370
1205 2 2 10 10 333 334 372
1206 2 2 10 10 333 372 371
1207 2 2 10 10 334 335 373
1208 2 2 10 10 334 373 372
1209 2 2 10 10 336 337 375
1210 2 2 10 10 336 375 374
1211 2 2 10 10 337 338 376
1212 2 2 10 10 337 376 375
1213 2 2 10 10 338 339 377
1214 2 2 10 10 338 377 376
1215 2 2 10 10 339 340 378
1216 2 2 10 10 339 378 377
1217 2 2 10 10 340 341 379
1218 2 2 10 10 340 379 378
1219 2 2 10 10 341 342 380
1220 2 2 10 10 341 380 379
1221 2 2 10 10 342 343 381
1222 2 2 10 10 342 381 380
1223 2 2 10 10 343 344 382
1224 2 2 10 10 343 382 381
1225 2 2 10 10 344 345 383
1226 2 2 10 10 344 383 382
1227 2 2 10 10 345 346 384
1228 2 2 10 10 345 384 383
1229 2 2 10 10 346 347 385
1230 2 2 10 10 346 385 384
1231 2 2 10 10 347 348 386
1232 2 2 10 10 347 386 385
1233 2 2 10 10 348 349 387
1234 2 2 10 10 348 387 386
1235 2 2 10 10 349 350 388
1236 2 2 10 10 349 388 387
1237 2 2 10 10 350 351 389
1238 2 2 10 10 350 389 388
1239 2 2 10 10 351 352 390
1240 2 2 10 10 351 390 389
1241 2 2 10 10 352 353 391
1242 2 2 10 10 352 391 390
1243 2 2 10 10 353 354 392
1244 2 2 10 10 353 392 391
1245 2 2 10 10 354 355 393
1246 2 2 10 10 354 393 392
1247 2 2 10 10 355 356 394
1248 2 2 10 10 355 394 393
1249 2 2 10 10 356 357 395
1250 2 2 10 10 356 395 394
1251 2 2 10 10 357 358 396
1252 2 2 10 10 357 396 395
1253 2 2 10 10 359 360 398
1254 2 2 10 10 359 398 397
1255 2 2 10 10 360 361 399
1256 2 2 10 10 360 399 398
1257 2 2 10 10 361 362 400
1258 2 2 10 10 361 400 399
1259 2 2 10 10 362 363 401
1260 2 2 10 10 362 401 400
1261 2 2 10 10 363 364 402
1262 2 2 10 10 363 402 401
1263 2 2 10 10 364 365 403
1264 2 2 10 10 364 403 402
1265 2 2 10 10 365 366 404
1266 2 2 10 10 365 404 403
1267 2 2 10 10 366 367 405
1268 2 2 10 10 366 405 404
1269 2 2 10 10 367 368 406
1270 2 2 10 10 367 406 405
1271 2 2 10 10 368 369 407
1272 2 2 10 10 368 407 406
1273 2 2 10 10 369 370 408
1274 2 2 10 10 369 408 407
1275 2 2 10 10 370 371 409
1276 2 2 10 10 370 409 408
1277 2 2 10 10 371 372 410
1278 2 2 10 10 371 410 409
1279 2 2 10 10 372 373 411
1280 2 2 10 10 372 411 410
1281 2 2 10 10 374 375 413
1282 2 2 10 10 374 413 412
1283 2 2 10 10 375 376 414
1284 2 2 10 10 375 414 413
1285 2 2 10 10 376 377 415
1286 2 2 10 10 376 415 414
1287 2 2 10 10 377 378 416
1288 2 2 10 10 377 416 415
1289 2 2 10 10 378 379 417
1290 2 2 10 10 378 417 416
1291 2 2 10 10 379 380 418
1292 2 2 10 10 379 418 417
1293 2 2 10 10 380 381 419
1294 2 2 10 10 380 419 418
1295 2 2 10 10 381 382 420
1296 2 2 10 10 381 420 419
1297 2 2 10 10 382 383 421
1298 2 2 10 10 382 421 420
1299 2 2 10 10 383 384 422
1300 2 2 10 10 383 422 421
1301 2 2 10 10 384 385 423
1302 2 2 10 10 384 423 422
1303 2 2 10 10 385 386 424
1304 2 2 10 10 385 424 423
1305 2 2 10 10 386 387 425
1306 2 2 10 10 386 425 424
1307 2 2 10 10 387 388 426
1308 2 2 10 10 387 426 425
1309 2 2 10 10 388 389 427
1310 2 2 10 10 388 427 426
1311 2 2 10 10 389 390 428
1312 2 2 10 10 389 428 427
1313 2 2 10 10 390 391 429
1314 2 2 10 10 390 429 428
1315 2 2 10 10 391 392 430
1316 2 2 10 10 391 430 429
1317 2 2 10 10 392 393 431
1318 2 2 10 10 392 431 430
1319 2 2 10 10 393 394 432
1320 2 2 10 10 393 432 431
1321 2 2 10 10 394 395 433
1322 2 2 10 10 394 433 432
1323 2 2 10 10 395 396 434
1324 2 2 10 10 395 434 433
1325 2 2 10 10 405 406 436
1326 2 2 10 10 405 436 435
1327 2 2 10 10 406 407 437
1328 2 2 10 10 406 437 436
1329 2 2 10 10 407 408 438
1330 2 2 10 10 407 438 437
1331 2 2 10 10 408 409 439
1332 2 2 10 10 408 439 438
1333 2 2 10 10 409 410 440
1334 2 2 10 10 409 440 439
1335 2 2 10 10 410 411 441
1336 2 2 10 10 410 441 440
1337 2 2 10 10 412 413 444
1338 2 2 10 10 412 444 443
1339 2 2 10 10 413 414 445
1340 2 2 10 10 413 445 444
1341 2 2 10 10 414 415 446
1342 2 2 10 10 414 446 445
1343 2 2 10 10 415 416 447
1344 2 2 10 10 415 447 446
1345 2 2 10 10 416 417 448
1346 2 2 10 10 416 448 447
1347 2 2 10 10 417 418 449
1348 2 2 10 10 417 449 448
1349 2 2 10 10 418 419 450
1350 2 2 10 10 418 450 449
1351 2 2 10 10 435 436 452
1352 2 2 10 10 435 452 451
1353 2 2 10 10 436 437 453
1354 2 2 10 10 436 453 452
1355 2 2 10 10 437 438 454
1356 2 2 10 10 437 454 453
1357 2 2 10 10 438 439 455
1358 2 2 10 10 438 455 454
1359 2 2 10 10 439 440 456
1360 2 2 10 10 439 456 455
1361 2 2 10 10 440 441 457
1362 2 2 10 10 440 457 456
1363 2 2 10 10 442 443 460
1364 2 2 10 10 442 460 459
1365 2 2 10 10 443 444 461
1366 2 2 10 10 443 461 460
1367 2 2 10 10 444 445 462
1368 2 2 10 10 444 462 461
1369 2 2 10 10 445 446 463
1370 2 2 10 10 445 463 462
1371 2 2 10 10 446 447 464
1372 2 2 10 10 446 464 463
1373 2 2 10 10 447 448 465
1374 2 2 10 10 447 465 464
1375 2 2 10 10 448 449 466
1376 2 2 10 10 448 466 465
1377 2 2 10 10 451 452 468
1378 2 2 10 10 451 468 467
1379 2 2 10 10 452 453 469
1380 2 2 10 10 452 469 468
1381 2 2 10 10 453 454 470
1382 2 2 10 10 453 470 469
1383 2 2 10 10 454 455 471
1384 2 2 10 10 454 471 470
1385 2 2 10 10 455 456 472
1386 2 2 10 10 455 472 471
1387 2 2 10 10 456 457 473
1388 2 2 10 10 456 473 472
1389 2 2 10 10 458 459 476
1390 2 2 10 10 458 476 475
1391 2 2 10 10 459 460 477
1392 2 2 10 10 459 477 476
1393 2 2 10 10 460 461 478
1394 2 2 10 10 460 478 477
1395 2 2 10 10 461 462 479
1396 2 2 10 10 461 479 478
1397 2 2 10 10 462 463 480
1398 2 2 10 10 462 480 479
1399 2 2 10 10 463 464 481
1400 2 2 10 10 463 481 480
1401 2 2 10 10 464 465 482
1402 2 2 10 10 464 482 481
1403 2 2 10 10 467 468 484
1404 2 2 10 10 467 484 483
1405 2 2 10 10 468 469 485
1406 2 2 10 10 468 485 484
1407 2 2 10 10 469 470 486
1408 2 2 10 10 469 486 485
1409 2 2 10 10 470 471 487
1410 2 2 10 10 470 487 486
1411 2 2 10 10 471 472 488
1412 2 2 10 10 471 488 487
1413 2 2 10 10 472 473 489
1414 2 2 10 10 472 489 488
1415 2 2 10 10 474 475 509
1416 2 2 10 10 474 509 508
1417 2 2 10 10 475 476 510
1418 2 2 10 10 475 510 509
1419 2 2 10 10 476 477 511
1420 2 2 10 10 476 511 510
1421 2 2 10 10 477 478 512
1422 2 2 10 10 477 512 511
1423 2 2 10 10 478 479 513
1424 2 2 10 10 478 513 512
1425 2 2 10 10 479 480 514
1426 2 2 10 10 479 514 513
1427 2 2 10 10 480 481 515
1428 2 2 10 10 480 515 514
1429 2 2 10 10 483 484 517
1430 2 2 10 10 483 517 516
1431 2 2 10 10 484 485 518
1432 2 2 10 10 484 518 517
1433 2 2 10 10 485 486 519
1434 2 2 10 10 485 519 518
1435 2 2 10 10 486 487 520
1436 2 2 10 10 486 520 519
1437 2 2 10 10 487 488 521
1438 2 2 10 10 487 521 520
1439 2 2 10 10 488 489 522
1440 2 2 10 10 488 522 521
1441 2 2 10 10 490 491 524
1442 2 2 10 10 490 524 523
1443 2 2 10 10 491 492 525
1444 2 2 10 10 491 525 524
1445 2 2 10 10 492 493 526
1446 2 2 10 10 492 526 525
1447 2 2 10 10 493 494 527
1448 2 2 10 10 493 527 526
1449 2 2 10 10 494 495 528
1450 2 2 10 10 494 528 527
1451 2 2 10 10 495 496 529
1452 2 2 10 10 495 529 528
1453 2 2 10 10 496 497 530
1454 2 2 10 10 496 530 529
1455 2 2 10 10 497 498 531
1456 2 2 10 10 497 531 530
1457 2 2 10 10 498 499 532
1458 2 2 10 10 498 532 531
1459 2 2 10 10 499 500 533
1460 2 2 10 10 499 533 532
1461 2 2 10 10 500 501 534
1462 2 2 10 10 500 534 533
1463 2 2 10 10 501 502 535
1464 2 2 10 10 501 535 534
1465 2 2 10 10 503 504 537
1466 2 2 10 10 503 537 536
1467 2 2 10 10 504 505 538
1468 2 2 10 10 504 538 537
1469 2 2 10 10 505 506 539
1470 2 2 10 10 505 539 538
1471 2 2 10 10 506 507 540
1472 2 2 10 10 506 540 539
1473 2 2 10 10 507 508 541
1474 2 2 10 10 507 541 540
1475 2 2 10 10 508 509 542
1476 2 2 10 10 508 542 541
1477 2 2 10 10 509 510 543
1478 2 2 10 10 509 543 542
1479 2 2 10 10 510 511 544
1480 2 2 10 10 510 544 543
1481 2 2 10 10 511 512 545
1482 2 2 10 10 511 545 544
1483 2 2 10 10 512 513 546
1484 2 2 10 10 512 546 545
1485 2 2 10 10 513 514 547
1486 2 2 10 10 513 547 546
1487 2 2 10 10 514 515 548
1488 2 2 10 10 514 548 547
1489 2 2 10 10 516 517 550
1490 2 2 10 10 516 550 549
1491 2 2 10 10 517 518 551
1492 2 2 10 10 517 551 550
1493 2 2 10 10 518 519 552
1494 2 2 10 10 518 552 551
1495 2 2 10 10 519 520 553
1496 2 2 10 10 519 553 552
1497 2 2 10 10 520 521 554
1498 2 2 10 10 520 554 553
1499 2 2 10 10 521 522 555
1500 2 2 10 10 521 555 554
1501 2 2 10 10 523 524 557
1502 2 2 10 10 523 557 556
1503 2 2 10 10 524 525 558
1504 2 2 10 10 524 558 557
1505 2 2 10 10 525 526 559
1506 2 2 10 10 525 559 558
1507 2 2 10 10 526 527 560
1508 2 2 10 10 526 560 559
1509 2 2 10 10 527 528 561
1510 2 2 10 10 527 561 560
1511 2 2 10 10 528 529 562
1512 2 2 10 10 528 562 561
1513 2 2 10 10 529 530 563
1514 2 2 10 10 529 563 562
1515 2 2 10 10 530 531 564
1516 2 2 10 10 530 564 563
1517 2 2 10 10 531 532 565
1518 2 2 10 10 531 565 564
1519 2 2 10 10 532 533 566
1520 2 2 10 10 532 566 565
1521 2 2 10 10 533 534 567
1522 2 2 10 10 533 567 566
1523 2 2 10 10 534 535 568
1524 2 2 10 10 534 568 567
1525 2 2 10 10 536 537 570
1526 2 2 10 10 536 570 569
1527 2 2 10 10 537 538 571
1528 2 2 10 10 537 571 570
1529 2 2 10 10 538 539 572
1530 2 2 10 10 538 572 571
1531 2 2 10 10 539 540 573
1532 2 2 10 10 539 573 572
1533 2 2 10 10 540 541 574
1534 2 2 10 10 540 574 573
1535 2 2 10 10 541 542 575
1536 2 2 10 10 541 575 574
1537 2 2 10 10 542 543 576
1538 2 2 10 10 542 576 575
1539 2 2 10 10 543 544 577
1540 2 2 10 10 543 577 576
1541 2 2 10 10 544 545 578
1542 2 2 10 10 544 578 577
1543 2 2 10 10 545 546 579
1544 2 2 10 10 545 579 578
1545 2 2 10 10 546 547 580
1546 2 2 10 10 546 580 579
1547 2 2 10 10 547 548 581
1548 2 2 10 10 547 581 580
1549 2 2 10 10 549 550 583
1550 2 2 10 10 549 583 582
1551 2 2 10 10 550 551 584
1552 2 2 10 10 550 584 583
1553 2 2 10 10 551 552 585
1554 2 2 10 10 551 585 584
1555 2 2 10 10 552 553 586
1556 2 2 10 10 552 586 585
1557 2 2 10 10 553 554 587
1558 2 2 10 10 553 587 586
1559 2 2 10 10 554 555 588
1560 2 2 10 10 554 588 587
1561 2 2 10 10 556 557 590
1562 2 2 10 10 556 590 589
1563 2 2 10 10 557 558 591
1564 2 2 10 10 557 591 590
1565 2 2 10 10 558 559 592
1566 2 2 10 10 558 592 591
1567 2 2 10 10 559 560 593
1568 2 2 10 10 559 593 592
1569 2 2 10 10 560 561 594
1570 2 2 10 10 560 594 593
1571 2 2 10 10 561 562 595
1572 2 2 10 10 561 595 594
1573 2 2 10 10 562 563 596
1574 2 2 10 10 562 596 595
1575 2 2 10 10 563 564 597
1576 2 2 10 10 563 597 596
1577 2 2 10 10 564 565 598
1578 2 2 10 10 564 598 597
1579 2 2 10 10 565 566 599
1580 2 2 10 10 565 599 598
1581 2 2 10 10 566 567 600
1582 2 2 10 10 566 600 599
1583 2 2 10 10 567 568 601
1584 2 2 10 10 567 601 600
1585 2 2 10 10 569 570 603
1586 2 2 10 10 569 603 602
1587 2 2 10 10 570 571 604
1588 2 2 10 10 570 604 603
1589 2 2 10 10 571 572 605
1590 2 2 10 10 571 605 604
1591 2 2 10 10 572 573 606
1592 2 2 10 10 572 606 605
1593 2 2 10 10 573 574 607
1594 2 2 10 10 573 607 606
1595 2 2 10 10 574 575 608
1596 2 2 10 10 574 608 607
1597 2 2 10 10 575 576 609
1598 2 2 10 10 575 609 608
1599 2 2 10 10 576 577 610
1600 2 2 10 10 576 610 609
1601 2 2 10 10 577 578 611
1602 2 2 10 10 577 611 610
1603 2 2 10 10 578 579 612
1604 2 2 10 10 578 612 611
1605 2 2 10 10 579 580 613
1606 2 2 10 10 579 613 612
1607 2 2 10 10 580 581 614
1608 2 2 10 10 580 614 613
1609 2 2 10 10 582 583 616
1610 2 2 10 10 582 616 615
1611 2 2 10 10 583 584 617
1612 2 2 10 10 583 617 616
1613 2 2 10 10 584 585 618
1614 2 2 10 10 584 618 617
1615 2 2 10 10 585 586 619
1616 2 2 10 10 585 619 618
1617 2 2 10 10 586 587 620
1618 2 2 10 10 586 620 619
1619 2 2 10 10 587 588 621
1620 2 2 10 10 587 621 620
1621 2 2 10 10 589 590 623
1622 2 2 10 10 589 623 622
1623 2 2 10 10 590 591 624
1624 2 2 10 10 590 624 623
1625 2 2 10 10 591 592 625
1626 2 2 10 10 591 625 624
1627 2 2 10 10 592 593 626
1628 2 2 10 10 592 626 625
1629 2 2 10 10 593 594 627
1630 2 2 10 10 593 627 626
1631 2 2 10 10 594 595 628
1632 2 2 10 10 594 628 627
1633 2 2 10 10 595 596 629
1634 2 2 10 10 595 629 628
1635 2 2 10 10 596 597 630
1636 2 2 10 10 596 630 629
1637 2 2 10 10 597 598 631
1638 2 2 10 10 597 631 630
1639 2 2 10 10 598 599 632
1640 2 2 10 10 598 632 631
1641 2 2 10 10 599 600 633
1642 2 2 10 10 599 633 632
1643 2 2 10 10 600 601 634
1644 2 2 10 10 600 634 633
1645 2 2 10 10 602 603 636
1646 2 2 10 10 602 636 635
1647 2 2 10 10 603 604 637
1648 2 2 10 10 603 637 636
1649 2 2 10 10 604 605 638
1650 2 2 10 10 604 638 637
1651 2 2 10 10 605 606 639
1652 2 2 10 10 605 639 638
1653 2 2 10 10 606 607 640
1654 2 2 10 10 606 640 639
1655 2 2 10 10 607 608 641
1656 2 2 10 10 607 641 640
1657 2 2 10 10 608 609 642
1658 2 2 10 10 608 642 641
1659 2 2 10 10 609 610 643
1660 2 2 10 10 609 643 642
1661 2 2 10 10 610 611 644
1662 2 2 10 10 610 644 643
1663 2 2 10 10 611 612 645
1664 2 2 10 10 611 645 644
1665 2 2 10 10 612 613 646
1666 2 2 10 10 612 646 645
1667 2 2 10 10 613 614 647
1668 2 2 10 10 613 647 646
1669 2 2 10 10 615 616 649
1670 2 2 10 10 615 649 648
1671 2 2 10 10 616 617 650
1672 2 2 10 10 616 650 649
1673 2 2 10 10 617 618 651
1674 2 2 10 10 617 651 650
1675 2 2 10 10 618 619 652
1676 2 2 10 10 618 652 651
1677 2 2 10 10 619 620 653
1678 2 2 10 10 619 653 652
1679 2 2 10 10 620 621 654
1680 2 2 10 10 620 654 653
1681 2 2 10 10 622 623 658
1682 2 2 10 10 622 658 657
1683 2 2 10 10 623 624 659
1684 2 2 10 10 623 659 658
1685 2 2 10 10 624 625 660
1686 2 2 10 10 624 660 659
1687 2 2 10 10 625 626 661
1688 2 2 10 10 625 661 660
1689 2 2 10 10 626 627 662
1690 2 2 10 10 626 662 661
1691 2 2 10 10 627 628 663
1692 2 2 10 10 627 663 662
1693 2 2 10 10 628 629 664
1694 2 2 10 10 628 664 663
1695 2 2 10 10 629 630 665
1696 2 2 10 10 629 665 664
1697 2 2 10 10 630 631 666
1698 2 2 10 10 630 666 665
1699 2 2 10 10 631 632 667
1700 2 2 10 10 631 667 666
1701 2 2 10 10 632 633 668
1702 2 2 10 10 632 668 667
1703 2 2 10 10 633 634 669
1704 2 2 10 10 633 669 668
1705 2 2 10 10 640 641 671
1706 2 2 10 10 640 671 670
1707 2 2 10 10 641 642 672
1708 2 2 10 10 641 672 671
1709 2 2 10 10 642 643 673
1710 2 2 10 10 642 673 672
1711 2 2 10 10 643 644 674
1712 2 2 10 10 643 674 673
1713 2 2 10 10 644 645 675
1714 2 2 10 10 644 675 674
1715 2 2 10 10 645 646 676
1716 2 2 10 10 645 676 675
1717 2 2 10 10 646 647 677
1718 2 2 10 10 646 677 676
1719 2 2 10 10 648 649 679
1720 2 2 10 10 648 679 678
1721 2 2 10 10 649 650 680
1722 2 2 10 10 649 680 679
1723 2 2 10 10 650 651 681
1724 2 2 10 10 650 681 680
1725 2 2 10 10 651 652 682
1726 2 2 10 10 651 682 681
1727 2 2 10 10 652 653 683
1728 2 2 10 10 652 683 682
1729 2 2 10 10 653 654 684
1730 2 2 10 10 653 684 683
1731 2 2 10 10 654 655 685
1732 2 2 10 10 654 685 684
1733 2 2 10 10 656 657 689
1734 2 2 10 10 656 689 688
1735 2 2 10 10 657 658 690
1736 2 2 10 10 657 690 689
1737 2 2 10 10 658 659 691
1738 2 2 10 10 658 691 690
1739 2 2 10 10 659 660 692
1740 2 2 10 10 659 692 691
1741 2 2 10 10 660 661 693
1742 2 2 10 10 660 693 692
1743 2 2 10 10 661 662 694
1744 2 2 10 10 661 694 693
1745 2 2 10 10 662 663 695
1746 2 2 10 10 662 695 694
1747 2 2 10 10 663 664 696
1748 2 2 10 10 663 696 695
1749 2 2 10 10 664 665 697
1750 2 2 10 10 664 697 696
1751 2 2 10 10 665 666 698
1752 2 2 10 10 665 698 697
1753 2 2 10 10 666 667 699
1754 2 2 10 10 666 699 698
1755 2 2 10 10 667 668 700
1756 2 2 10 10 667 700 699
1757 2 2 10 10 668 669 701
1758 2 2 10 10 668 701 700
1759 2 2 10 10 671 672 703
1760 2 2 10 10 671 703 702
1761 2 2 10 10 672 673 704
1762 2 2 10 10 672 704 703
1763 2 2 10 10 673 674 705
1764 2 2 10 10 673 705 704
1765 2 2 10 10 674 675 706
1766 2 2 10 10 674 706 705
1767 2 2 10 10 675 676 707
1768 2 2 10 10 675 707 706
1769 2 2 10 10 676 677 708
1770 2 2 10 10 676 708 707
1771 2 2 10 10 678 679 710
1772 2 2 10 10 678 710 709
1773 2 2 10 10 679 680 711
1774 2 2 10 10 679 711 710
1775 2 2 10 10 680 681 712
1776 2 2 10 10 680 712 711
1777 2 2 10 10 681 682 713
1778 2 2 10 10 681 713 712
1779 2 2 10 10 682 683 714
1780 2 2 10 10 682 714 713
1781 2 2 10 10 683 684 715
1782 2 2 10 10 683 715 714
1783 2 2 10 10 684 685 716
1784 2 2 10 10 684 716 715
1785 2 2 10 10 685 686 717
1786 2 2 10 10 685 717 716
1787 2 2 10 10 687 688 721
1788 2 2 10 10 687 721 720
1789 2 2 10 10 688 689 722
1790 2 2 10 10 688 722 721
1791 2 2 10 10 689 690 723
1792 2 2 10 10 689 723 722
1793 2 2 10 10 690 691 724
1794 2 2 10 10 690 724 723
1795 2 2 10 10 691 692 725
1796 2 2 10 10 691 725 724
1797 2 2 10 10 692 693 726
1798 2 2 10 10 692 726 725
1799 2 2 10 10 693 694 727
1800 2 2 10 10 693 727 726
1801 2 2 10 10 694 695 728
1802 2 2 10 10 694 728 727
1803 2 2 10 10 695 696 729
1804 2 2 10 10 695 729 728
1805 2 2 10 10 696 697 730
1806 2 2 10 10 696 730 729
1807 2 2 10 10 697 698 731
1808 2 2 10 10 697 731 730
1809 2 2 10 10 698 699 732
1810 2 2 10 10 698 732 731
1811 2 2 10 10 699 700 733
1812 2 2 10 10 699 733 732
1813 2 2 10 10 700 701 734
1814 2 2 10 10 700 734 733
1815 2 2 10 10 703 704 736
1816 2 2 10 10 703 736 735
1817 2 2 10 10 704 705 737
1818 2 2 10 10 704 737 736
1819 2 2 10 10 705 706 738
1820 2 2 10 10 705 738 737
1821 2 2 10 10 706 707 739
1822 2 2 10 10 706 739 738
1823 2 2 10 10 707 708 740
1824 2 2 10 10 707 740 739
1825 2 2 10 10 709 710 742
1826 2 2 10 10 709 742 741
1827 2 2 10 10 710 711 743
1828 2 2 10 10 710 743 742
1829 2 2 10 10 711 712 744
1830 2 2 10 10 711 744 743
1831 2 2 10 10 712 713 745
1832 2 2 10 10 712 745 744
1833 2 2 10 10 713 714 746
1834 2 2 10 10 713 746 745
1835 2 2 10 10 714 715 747
1836 2 2 10 10 714 747 746
1837 2 2 10 10 715 716 748
1838 2 2 10 10 715 748 747
1839 2 2 10 10 716 717 749
1840 2 2 10 10 716 749 748
1841 2 2 10 10 717 718 750
1842 2 2 10 10 717 750 749
1843 2 2 10 10 719 720 757
1844 2 2 10 10 719 757 756
1845 2 2 10 10 720 721 758
1846 2 2 10 10 720 758 757
1847 2 2 10 10 721 722 759
1848 2 2 10 10 721 759 758
1849 2 2 10 10 722 723 760
1850 2 2 10 10 722 760 759
1851 2 2 10 10 723 724 761
1852 2 2 10 10 723 761 760
1853 2 2 10 10 724 725 762
1854 2 2 10 10 724 762 761
1855 2 2 10 10 725 726 763
1856 2 2 10 10 725 763 762
1857 2 2 10 10 726 727 764
1858 2 2 10 10 726 764 763
1859 2 2 10 10 727 728 765
1860 2 2 10 10 727 765 764
1861 2 2 10 10 728 729 766
1862 2 2 10 10 728 766 765
1863 2 2 10 10 729 730 767
1864 2 2 10 10 729 767 766
1865 2 2 10 10 730 731 768
1866 2 2 10 10 730 768 767
1867 2 2 10 10 731 732 769
1868 2 2 10 10 731 769 768
1869 2 2 10 10 732 733 770
1870 2 2 10 10 732 770 769
1871 2 2 10 10 733 734 771
1872 2 2 10 10 733 771 770
1873 2 2 10 10 736 737 773
1874 2 2 10 10 736 773 772
1875 2 2 10 10 737 738 774
1876 2 2 10 10 737 774 773
1877 2 2 10 10 738 739 775
1878 2 2 10 10 738 775 774
1879 2 2 10 10 739 740 776
1880 2 2 10 10 739 776 775
1881 2 2 10 10 741 742 778
1882 2 2 10 10 741 778 777
1883 2 2 10 10 742 743 779
1884 2 2 10 10 742 779 778
1885 2 2 10 10 743 744 780
1886 2 2 10 10 743 780 779
1887 2 2 10 10 744 745 781
1888 2 2 10 10 744 781 780
1889 2 2 10 10 745 746 782
1890 2 2 10 10 745 782 781
1891 2 2 10 10 746 747 783
1892 2 2 10 10 746 783 782
1893 2 2 10 10 747 748 784
1894 2 2 10 10 747 784 783
1895 2 2 10 10 748 749 785
1896 2 2 10 10 748 785 784
1897 2 2 10 10 749 750 786
1898 2 2 10 10 749 786 785
1899 2 2 10 10 750 751 787
1900 2 2 10 10 750 787 786
1901 2 2 10 10 751 752 788
1902 2 2 10 10 751 788 787
1903 2 2 10 10 752 753 789
1904 2 2 10 10 752 789 788
1905 2 2 10 10 753 754 790
1906 2 2 10 10 753 790 789
1907 2 2 10 10 754 755 791
1908 2 2 10 10 754 791 790
1909 2 2 10 10 755 756 792
1910 2 2 10 10 755 792 791
1911 2 2 10 10 756 757 793
1912 2 2 10 10 756 793 792
1913 2 2 10 10 757 758 794
1914 2 2 10 10 757 794 793
1915 2 2 10 10 758 759 795
1916 2 2 10 10 758 795 794
1917 2 2 10 10 759 760 796
1918 2 2 10 10 759 796 795
1919 2 2 10 10 760 761 797
1920 2 2 10 10 760 797 796
1921 2 2 10 10 761 762 798
1922 2 2 10 10 761 798 797
1923 2 2 10 10 762 763 799
1924 2 2 10 10 762 799 798
1925 2 2 10 10 763 764 800
1926 2 2 10 10 763 800 799
1927 2 2 10 10 764 765 801
1928 2 2 10 10 764 801 800
1929 2 2 10 10 765 766 802
1930 2 2 10 10 765 802 801
1931 2 2 10 10 766 767 803
1932 2 2 10 10 766 803 802
1933 2 2 10 10 767 768 804
1934 2 2 10 10 767 804 803
1935 2 2 10 10 768 769 805
1936 2 2 10 10 768 805 804
1937 2 2 10 10 769 770 806
1938 2 2 10 10 769 806 805
1939 2 2 10 10 770 771 807
1940 2 2 10 10 770 807 806
1941 2 2 10 10 772 773 809
1942 2 2 10 10 772 809 808
1943 2 2 10 10 773 774 810
1944 2 2 10 10 773 810 809
1945 2 2 10 10 774 775 811
1946 2 2 10 10 774 811 810
1947 2 2 10 10 775 776 812
1948 2 2 10 10 775 812 811
1949 2 2 10 10 777 778 814
1950 2 2 10 10 777 814 813
1951 2 2 10 10 778 779 815
1952 2 2 10 10 778 815 814
1953 2 2 10 10 779 780 816
1954 2 2 10 10 779 816 815
1955 2 2 10 10 780 781 817
1956 2 2 10 10 780 817 816
1957 2 2 10 10 781 782 818
1958 2 2 10 10 781 818 817
1959 2 2 10 10 782 783 819
1960 2 2 10 10 782 819 818
1961 2 2 10 10 783 784 820
1962 2 2 10 10 783 820 819
1963 2 2 10 10 784 785 821
1964 2 2 10 10 784 821 820
1965 2 2 10 10 785 786 822
1966 2 2 10 10 785 822 821
1967 2 2 10 10 786 787 823
1968 2 2 10 10 786 823 822
1969 2 2 10 10 787 788 824
1970 2 2 10 10 787 824 823
1971 2 2 10 10 788 789 825
1972 2 2 10 10 788 825 824
1973 2 2 10 10 789 790 826
1974 2 2 10 10 789 826 825
1975 2 2 10 10 790 791 827
1976 2 2 10 10 790 827 826
1977 2 2 10 10 791 792 828
1978 2 2 10 10 791 828 827
1979 2 2 10 10 792 793 829
1980 2 2 10 10 792 829 828
1981 2 2 10 10 793 794 830
1982 2 2 10 10 793 830 829
1983 2 2 10 10 794 795 831
1984 2 2 10 10 794 831 830
1985 2 2 10 10 795 796 832
1986 2 2 10 10 795 832 831
1987 2 2 10 10 796 797 833
1988 2 2 10 10 796 833 832
1989 2 2 10 10 797 798 834
1990 2 2 10 10 797 834 833
1991 2 2 10 10 798 799 835
1992 2 2 10 10 798 835 834
1993 2 2 10 10 799 800 836
1994 2 2 10 10 799 836 835
1995 2 2 10 10 800 801 837
1996 2 2 10 10 800 837 836
1997 2 2 10 10 801 802 838
1998 2 2 10 10 801 838 837
1999 2 2 10 10 802 803 839
2000 2 2 10 10 802 839 838
2001 2 2 10 10 803 804 840
2002 2 2 10 10 803 840 839
2003 2 2 10 10 804 805 841
2004 2 2 10 10 804 841 840
2005 2 2 10 10 805 806 842
2006 2 2 10 10 805 842 841
2007 2 2 10 10 806 807 843
2008 2 2 10 10 806 843 842
2009 2 2 10 10 808 809 845
2010 2 2 10 10 808 845 844
2011 2 2 10 10 809 810 846
2012 2 2 10 10 809 846 845
2013 2 2 10 10 810 811 847
2014 2 2 10 10 810 847 846
2015 2 2 10 10 811 812 848
2016 2 2 10 10 811 848 847
2017 2 2 10 10 813 814 850
2018 2 2 10 10 813 850 849
2019 2 2 10 10 814 815 851
2020 2 2 10 10 814 851 850
2021 2 2 10 10 815 816 852
2022 2 2 10 10 815 852 851
2023 2 2 10 10 816 817 853
2024 2 2 10 10 816 853 852
2025 2 2 10 10 817 818 854
2026 2 2 10 10 817 854 853
2027 2 2 10 10 818 819 855
2028 2 2 10 10 818 855 854
2029 2 2 10 10 819 820 856
2030 2 2 10 10 819 856 855
2031 2 2 10 10 820 821 857
2032 2 2 10 10 820 857 856
2033 2 2 10 10 821 822 858
2034 2 2 10 10 821 858 857
2035 2 2 10 10 822 823 859
2036 2 2 10 10 822 859 858
2037 2 2 10 10 823 824 860
2038 2 2 10 10 823 860 859
2039 2 2 10 10 824 825 861
2040 2 2 10 10 824 861 860
2041 2 2 10 10 825 826 862
2042 2 2 10 10 825 862 861
2043 2 2 10 10 826 827 863
2044 2 2 10 10 826 863 862
2045 2 2 10 10 827 828 864
2046 2 2 10 10 827 864 863
2047 2 2 10 10 828 829 865
2048 2 2 10 10 828 865 864
2049 2 2 10 10 829 830 866
2050 2 2 10 10 829 866 865
2051 2 2 10 10 830 831 867
2052 2 2 10 10 830 867 866
2053 2 2 10 10 831 832 868
2054 2 2 10 10 831 868 867
2055 2 2 10 10 832 833 869
2056 2 2 10 10 832 869 868
2057 2 2 10 10 833 834 870
2058 2 2 10 10 833 870 869
2059 2 2 10 10 834 835 871
2060 2 2 10 10 834 871 870
2061 2 2 10 10 835 836 872
2062 2 2 10 10 835 872 871
2063 2 2 10 10 836 837 873
2064 2 2 10 10 836 873 872
2065 2 2 10 10 837 838 874
2066 2 2 10 10 837 874 873
2067 2 2 10 10 838 839 875
2068 2 2 10 10 838 875 874
2069 2 2 10 10 839 840 876
2070 2 2 10 10 839 876 875
2071 2 2 10 10 840 841 877
2072 2 2 10 10 840 877 876
2073 2 2 10 10 841 842 878
2074 2 2 10 10 841 878 877
2075 2 2 10 10 842 843 879
2076 2 2 10 10 842 879 878
2077 2 2 10 10 844 845 881
2078 2 2 10 10 844 881 880
2079 2 2 10 10 845 846 882
2080 2 2 10 10 845 882 881
2081 2 2 10 10 846 847 883
2082 2 2 10 10 846 883 882
2083 2 2 10 10 847 848 884
2084 2 2 10 10 847 884 883
2085 2 2 10 10 849 850 886
2086 2 2 10 10 849 886 885
2087 2 2 10 10 850 851 887
2088 2 2 10 10 850 887 886
2089 2 2 10 10 851 852 888
2090 2 2 10 10 851 888 887
2091 2 2 10 10 852 853 889
2092 2 2 10 10 852 889 888
2093 2 2 10 10 853 854 890
2094 2 2 10 10 853 890 889
2095 2 2 10 10 854 855 891
2096 2 2 10 10 854 891 890
2097 2 2 10 10 855 856 892
2098 2 2 10 10 855 892 891
2099 2 2 10 10 856 857 893
2100 2 2 10 10 856 893 892
2101 2 2 10 10 857 858 894
2102 2 2 10 10 857 894 893
2103 2 2 10 10 858 859 895
2104 2 2 10 10 858 895 894
2105 2 2 10 10 859 860 896
2106 2 2 10 10 859 896 895
2107 2 2 10 10 860 861 897
2108 2 2 10 10 860 897 896
2109 2 2 10 10 861 862 898
2110 2 2 10 10 861 898 897
2111 2 2 10 10 862 863 899
2112 2 2 10 10 862 899 898
2113 2 2 10 10 863 864 900
2114 2 2 10 10 863 900 899
2115 2 2 10 10 864 865 901
2116 2 2 10 10 864 901 900
2117 2 2 10 10 865 866 902
2118 2 2 10 10 865 902 901
2119 2 2 10 10 866 867 903
2120 2 2 10 10 866 903 902
2121 2 2 10 10 867 868 904
2122 2 2 10 10 867 904 903
2123 2 2 10 10 868 869 905
2124 2 2 10 10 868 905 904
2125 2 2 10 10 869 870 906
2126 2 2 10 10 869 906 905
2127 2 2 10 10 870 871 907
2128 2 2 10 10 870 907 906
2129 2 2 10 10 871 872 908
2130 2 2 10 10 871 908 907
2131 2 2 10 10 872 873 909
2132 2 2 10 10 872 909 908
2133 2 2 10 10 873 874 910
2134 2 2 10 10 873 910 909
2135 2 2 10 10 874 875 911
2136 2 2 10 10 874 911 910
2137 2 2 10 10 875 876 912
2138 2 2 10 10 875 912 911
2139 2 2 10 10 876 877 913
2140 2 2 10 10 876 913 912
2141 2 2 10 10 877 878 914
2142 2 2 10 10 877 914 913
2143 2 2 10 10 878 879 915
2144 2 2 10 10 878 915 914
2145 2 2 10 10 880 881 917
2146 2 2 10 10 880 917 916
2147 2 2 10 10 881 882 918
2148 2 2 10 10 881 918 917
2149 2 2 10 10 882 883 919
2150 2 2 10 10 882 919 918
2151 2 2 10 10 883 884 920
2152 2 2 10 10 883 920 919
2153 2 2 10 10 892 893 922
2154 2 2 10 10 892 922 921
2155 2 2 10 10 893 894 923
2156 2 2 10 10 893 923 922
2157 2 2 10 10 894 895 924
2158 2 2 10 10 894 924 923
2159 2 2 10 10 895 896 925
2160 2 2 10 10 895 925 924
2161 2 2 10 10 896 897 926
2162 2 2 10 10 896 926 925
2163 2 2 10 10 897 898 927
2164 2 2 10 10 897 927 926
2165 2 2 10 10 898 899 928
2166 2 2 10 10 898 928 927
2167 2 2 10 10 899 900 929
2168 2 2 10 10 899 929 928
2169 2 2 10 10 900 901 930
2170 2 2 10 10 900 930 929
2171 2 2 10 10 901 902 931
2172 2 2 10 10 901 931 930
2173 2 2 10 10 908 909 933
2174 2 2 10 10 908 933 932
2175 2 2 10 10 909 910 934
2176 2 2 10 10 909 934 933
2177 2 2 10 10 910 911 935
2178 2 2 10 10 910 935 934
2179 2 2 10 10 911 912 936
2180 2 2 10 10 911 936 935
2181 2 2 10 10 912 913 937
2182 2 2 10 10 912 937 936
2183 2 2 10 10 913 914 938
2184 2 2 10 10 913 938 937
2185 2 2 10 10 914 915 939
2186 2 2 10 10 914 939 938
2187 2 2 10 10 916 917 942
2188 2 2 10 10 916 942 941
2189 2 2 10 10 917 918 943
2190 2 2 10 10 917 943 942
2191 2 2 10 10 918 919 944
2192 2 2 10 10 918 944 943
2193 2 2 10 10 919 920 945
2194 2 2 10 10 919 945 944
2195 2 2 10 10 922 923 947
2196 2 2 10 10 922 947 946
2197 2 2 10 10 923 924 948
2198 2 2 10 10 923 948 947
2199 2 2 10 10 924 925 949
2200 2 2 10 10 924 949 948
2201 2 2 10 10 925 926 950
2202 2 2 10 10 925 950 949
2203 2 2 10 10 926 927 951
2204 2 2 10 10 926 951 950
2205 2 2 10 10 927 928 952
2206 2 2 10 10 927 952 951
2207 2 2 10 10 928 929 953
2208 2 2 10 10 928 953 952
2209 2 2 10 10 929 930 954
2210 2 2 10 10 929 954 953
2211 2 2 10 10 933 934 956
2212 2 2 10 10 933 956 955
2213 2 2 10 10 934 935 957
2214 2 2 10 10 934 957 956
2215 2 2 10 10 935 936 958
2216 2 2 10 10 935 958 957
2217 2 2 10 10 936 937 959
2218 2 2 10 10 936 959 958
2219 2 2 10 10 937 938 960
2220 2 2 10 10 937 960 959
2221 2 2 10 10 938 939 961
2222 2 2 10 10 938 961 960
2223 2 2 10 10 940 941 964
2224 2 2 10 10 940 964 963
2225 2 2 10 10 941 942 965
2226 2 2 10 10 941 965 964
2227 2 2 10 10 942 943 966
2228 2 2 10 10 942 966 965
2229 2 2 10 10 943 944 967
2230 2 2 10 10 943 967 966
2231 2 2 10 10 944 945 968
2232 2 2 10 10 944 968 967
2233 2 2 10 10 947 948 970
2234 2 2 10 10 947 970 969
2235 2 2 10 10 948 949 971
2236 2 2 10 10 948 971 970
2237 2 2 10 10 949 950 972
2238 2 2 10 10 949 972 971
2239 2 2 10 10 950 951 973
2240 2 2 10 10 950 973 972
2241 2 2 10 10 951 952 974
2242 2 2 10 10 951 974 973
2243 2 2 10 10 952 953 975
2244 2 2 10 10 952 975 974
2245 2 2 10 10 956 957 977
2246 2 2 10 10 956 977 976
2247 2 2 10 10 957 958 978
2248 2 2 10 10 957 978 977
2249 2 2 10 10 958 959 979
2250 2 2 10 10 958 979 978
2251 2 2 10 10 959 960 980
2252 2 2 10 10 959 980 979
2253 2 2 10 10 960 961 981
2254 2 2 10 10 960 981 980
2255 2 2 10 10 962 963 984
2256 2 2 10 10 962 984 983
2257 2 2 10 10 963 964 985
2258 2 2 10 10 963 985 984
2259 2 2 10 10 964 965 986
2260 2 2 10 10 964 986 985
2261 2 2 10 10 965 966 987
2262 2 2 10 10 965 987 986
2263 2 2 10 10 966 967 988
2264 2 2 10 10 966 988 987
2265 2 2 10 10 967 968 989
2266 2 2 10 10 967 989 988
2267 2 2 10 10 970 971 991
2268 2 2 10 10 970 991 990
2269 2 2 10 10 971 972 992
2270 2 2 10 10 971 992 991
2271 2 2 10 10 972 973 993
2272 2 2 10 10 972 993 992
2273 2 2 10 10 973 974 994
2274 2 2 10 10 973 994 993
2275 2 2 10 10 977 978 996
2276 2 2 10 10 977 996 995
2277 2 2 10 10 978 979 997
2278 2 2 10 10 978 997 996
2279 2 2 10 10 979 980 998
2280 2 2 10 10 979 998 997
2281 2 2 10 10 980 981 999
2282 2 2 10 10 980 999 998
2283 2 2 10 10 982 983 1006
2284 2 2 10 10 982 1006 1005
2285 2 2 10 10 983 984 1007
2286 2 2 10 10 983 1007 1006
2287 2 2 10 10 984 985 1008
2288 2 2 10 10 984 1008 1007
2289 2 2 10 10 985 986 1009
2290 2 2 10 10 985 1009 1008
2291 2 2 10 10 986 987 1010
2292 2 2 10 10 986 1010 1009
2293 2 2 10 10 987 988 1011
2294 2 2 10 10 987 1011 1010
2295 2 2 10 10 988 989 1012
2296 2 2 10 10 988 1012 1011
2297 2 2 10 10 990 991 1014
2298 2 2 10 10 990 1014 1013
2299 2 2 10 10 991 992 1015
2300 2 2 10 10 991 1015 1014
2301 2 2 10 10 992 993 1016
2302 2 2 10 10 992 1016 1015
2303 2 2 10 10 993 994 1017
2304 2 2 10 10 993 1017 1016
2305 2 2 10 10 995 996 1019
2306 2 2 10 10 995 1019 1018
2307 2 2 10 10 996 997 1020
2308 2 2 10 10 996 1020 1019
2309 2 2 10 10 997 998 1021
2310 2 2 10 10 997 1021 1020
2311 2 2 10 10 998 999 1022
2312 2 2 10 10 998 1022 1021
2313 2 2 10 10 1000 1001 1024
2314 2 2 10 10 1000 1024 1023
2315 2 2 10 10 1001 1002 1025
2316 2 2 10 10 1001 1025 1024
2317 2 2 10 10 1002 1003 1026
2318 2 2 10 10 1002 1026 1025
2319 2 2 10 10 1003 1004 1027
2320 2 2 10 10 1003 1027 1026
2321 2 2 10 10 1004 1005 1028
2322 2 2 10 10 1004 1028 1027
2323 2 2 10 10 1005 1006 1029
2324 2 2 10 10 1005 1029 1028
2325 2 2 10 10 1006 1007 1030
2326 2 2 10 10 1006 1030 1029
2327 2 2 10 10 1007 1008 1031
2328 2 2 10 10 1007 1031 1030
2329 2 2 10 10 1008 1009 1032
2330 2 2 10 10 1008 1032 1031
2331 2 2 10 10 1009 1010 1033
2332 2 2 10 10 1009 1033 1032
2333 2 2 10 10 1010 1011 1034
2334 2 2 10 10 1010 1034 1033
2335 2 2 10 10 1011 1012 1035
2336 2 2 10 10 1011 1035 1034
2337 2 2 10 10 1013 1014 1037
2338 2 2 10 10 1013 1037 1036
2339 2 2 10 10 1014 1015 1038
2340 2 2 10 10 1014 1038 1037
2341 2 2 10 10 1015 1016 1039
2342 2 2 10 10 1015 1039 1038
2343 2 2 10 10 1016 1017 1040
2344 2 2 10 10 1016 1040 1039
2345 2 2 10 10 1018 1019 1042
2346 2 2 10 10 1018 1042 1041
2347 2 2 10 10 1019 1020 1043
2348 2 2 10 10 1019 1043 1042
2349 2 2 10 10 1020 1021 1044
2350 2 2 10 10 1020 1044 1043
2351 2 2 10 10 1021 1022 1045
2352 2 2 10 10 1021 1045 1044
2353 2 2 10 10 1023 1024 1047
2354 2 2 10 10 1023 1047 1046
2355 2 2 10 10 1024 1025 1048
2356 2 2 10 10 1024 1048 1047
2357 2 2 10 10 1025 1026 1049
2358 2 2 10 10 1025 1049 1048
2359 2 2 10 10 1026 1027 1050
2360 2 2 10 10 1026 1050 1049
2361 2 2 10 10 1027 1028 1051
2362 2 2 10 10 1027 1051 1050
2363 2 2 10 10 1028 1029 1052
2364 2 2 10 10 1028 1052 1051
2365 2 2 10 10 1029 1030 1053
2366 2 2 10 10 1029 1053 1052
2367 2 2 10 10 1030 1031 1054
2368 2 2 10 10 1030 1054 1053
2369 2 2 10 10 1031 1032 1055
2370 2 2 10 10 1031 1055 1054
2371 2 2 10 10 1032 1033 1056
2372 2 2 10 10 1032 1056 1055
2373 2 2 10 10 1033 1034 1057
2374 2 2 10 10 1033 1057 1056
2375 2 2 10 10 1034 1035 1058
2376 2 2 10 10 1034 1058 1057
2377 2 2 10 10 1036 1037 1060
2378 2 2 10 10 1036 1060 1059
2379 2 2 10 10 1037 1038 1061
2380 2 2 10 10 1037 1061 1060
2381 2 2 10 10 1038 1039 1062
2382 2 2 10 10 1038 1062 1061
2383 2 2 10 10 1039 1040 1063
2384 2 2 10 10 1039 1063 1062
2385 2 2 10 10 1041 1042 1065
2386 2 2 10 10 1041 1065 1064
2387 2 2 10 10 1042 1043 1066
2388 2 2 10 10 1042 1066 1065
2389 2 2 10 10 1043 1044 1067
2390 2 2 10 10 1043 1067 1066
2391 2 2 10 10 1044 1045 1068
2392 2 2 10 10 1044 1068 1067
2393 2 2 10 10 1046 1047 1070
2394 2 2 10 10 1046 1070 1069
2395 2 2 10 10 1047 1048 1071
2396 2 2 10 10 1047 1071 1070
2397 2 2 10 10 1048 1049 1072
2398 2 2 10 10 1048 1072 1071
2399 2 2 10 10 1049 1050 1073
2400 2 2 10 10 1049 1073 1072
2401 2 2 10 10 1050 1051 1074
2402 2 2 10 10 1050 1074 1073
2403 2 2 10 10 1051 1052 1075
2404 2 2 10 10 1051 1075 1074
2405 2 2 10 10 1052 1053 1076
2406 2 2 10 10 1052 1076 1075
2407 2 2 10 10 1053 1054 1077
2408 2 2 10 10 1053 1077 1076
2409 2 2 10 10 1054 1055 1078
2410 2 2 10 10 1054 1078 1077
2411 2 2 10 10 1055 1056 1079
2412 2 2 10 10 1055 1079 1078
2413 2 2 10 10 1056 1057 1080
2414 2 2 10 10 1056 1080 1079
2415 2 2 10 10 1057 1058 1081
2416 2 2 10 10 1057 1081 1080
2417 2 2 10 10 1059 1060 1083
2418 2 2 10 10 1059 1083 1082
2419 2 2 10 10 1060 1061 1084
2420 2 2 10 10 1060 1084 1083
2421 2 2 10 10 1061 1062 1085
2422 2 2 10 10 1061 1085 1084
2423 2 2 10 10 1062 1063 1086
2424 2 2 10 10 1062 1086 1085
2425 2 2 10 10 1064 1065 1088
2426 2 2 10 10 1064 1088 1087
2427 2 2 10 10 1065 1066 1089
2428 2 2 10 10 1065 1089 1088
2429 2 2 10 10 1066 1067 1090
2430 2 2 10 10 1066 1090 1089
2431 2 2 10 10 1067 1068 1091
2432 2 2 10 10 1067 1091 1090
2433 2 2 10 10 1069 1070 1093
2434 2 2 10 10 1069 1093 1092
2435 2 2 10 10 1070 1071 1094
2436 2 2 10 10 1070 1094 1093
2437 2 2 10 10 1071 1072 1095
2438 2 2 10 10 1071 1095 1094
2439 2 2 10 10 1072 1073 1096
2440 2 2 10 10 1072 1096 1095
2441 2 2 10 10 1073 1074 1097
2442 2 2 10 10 1073 1097 1096
2443 2 2 10 10 1074 1075 1098
2444 2 2 10 10 1074 1098 1097
2445 2 2 10 10 1075 1076 1099
2446 2 2 10 10 1075 1099 1098
2447 2 2 10 10 1076 1077 1100
2448 2 2 10 10 1076 1100 1099
2449 2 2 10 10 1077 1078 1101
2450 2 2 10 10 1077 1101 1100
2451 2 2 10 10 1078 1079 1102
2452 2 2 10 10 1078 1102 1101
2453 2 2 10 10 1079 1080 1103
2454 2 2 10 10 1079 1103 1102
2455 2 2 10 10 1080 1081 1104
2456 2 2 10 10 1080 1104 1103
2457 2 2 10 10 1082 1083 1107
2458 2 2 10 10 1082 1107 1106
2459 2 2 10 10 1083 1084 1108
2460 2 2 10 10 1083 1108 1107
2461 2 2 10 10 1084 1085 1109
2462 2 2 10 10 1084 1109 1108
2463 2 2 10 10 1085 1086 1110
2464 2 2 10 10 1085 1110 1109
2465 2 2 10 10 1087 1088 1112
2466 2 2 10 10 1087 1112 1111
2467 2 2 10 10 1088 1089 1113
2468 2 2 10 10 1088 1113 1112
2469 2 2 10 10 1089 1090 1114
2470 2 2 10 10 1089 1114 1113
2471 2 2 10 10 1090 1091 1115
2472 2 2 10 10 1090 1115 1114
2473 2 2 10 10 1092 1093 1117
2474 2 2 10 10 1092 1117 1116
2475 2 2 10 10 1093 1094 1118
2476 2 2 10 10 1093 1118 1117
2477 2 2 10 10 1094 1095 1119
2478 2 2 10 10 1094 1119 1118
2479 2 2 10 10 1095 1096 1120
2480 2 2 10 10 1095 1120 1119
2481 2 2 10 10 1096 1097 1121
2482 2 2 10 10 1096 1121 1120
2483 2 2 10 10 1097 1098 1122
2484 2 2 10 10 1097 1122 1121
2485 2 2 10 10 1098 1099 1123
2486 2 2 10 10 1098 1123 1122
2487 2 2 10 10 1105 1106 1126
2488 2 2 10 10 1105 1126 1125
2489 2 2 10 10 1106 1107 1127
2490 2 2 10 10 1106 1127 1126
2491 2 2 10 10 1107 1108 1128
2492 2 2 10 10 1107 1128 1127
2493 2 2 10 10 1108 1109 1129
2494 2 2 10 10 1108 1129 1128
2495 2 2 10 10 1109 1110 1130
2496 2 2 10 10 1109 1130 1129
2497 2 2 10 10 1111 1112 1132
2498 2 2 10 10 1111 1132 1131
2499 2 2 10 10 1112 1113 1133
2500 2 2 10 10 1112 1133 1132
2501 2 2 10 10 1113 1114 1134
2502 2 2 10 10 1113 1134 1133
2503 2 2 10 10 1114 1115 1135
2504 2 2 10 10 1114 1135 1134
2505 2 2 10 10 1116 1117 1137
2506 2 2 10 10 1116 1137 1136
2507 2 2 10 10 1117 1118 1138
2508 2 2 10 10 1117 1138 1137
2509 2 2 10 10 1118 1119 1139
2510 2 2 10 10 1118 1139 1138
2511 2 2 10 10 1119 1120 1140
2512 2 2 10 10 1119 1140 1139
2513 2 2 10 10 1120 1121 1141
2514 2 2 10 10 1120 1141 1140
2515 2 2 10 10 1121 1122 1142
2516 2 2 10 10 1121 1142 1141
2517 2 2 10 10 1124 1125 1145
2518 2 2 10 10 1124 1145 1144
2519 2 2 10 10 1125 1126 1146
2520 2 2 10 10 1125 1146 1145
2521 2 2 10 10 1126 1127 1147
2522 2 2 10 10 1126 1147 1146
2523 2 2 10 10 1127 1128 1148
2524 2 2 10 10 1127 1148 1147
2525 2 2 10 10 1128 1129 1149
2526 2 2 10 10 1128 1149 1148
2527 2 2 10 10 1129 1130 1150
2528 2 2 10 10 1129 1150 1149
2529 2 2 10 10 1131 1132 1152
2530 2 2 10 10 1131 1152 1151
2531 2 2 10 10 1132 1133 1153
2532 2 2 10 10 1132 1153 1152
2533 2 2 10 10 1133 1134 1154
2534 2 2 10 10 1133 1154 1153
2535 2 2 10 10 1134 1135 1155
2536 2 2 10 10 1134 1155 1154
2537 2 2 10 10 1136 1137 1157
2538 2 2 10 10 1136 1157 1156
2539 2 2 10 10 1137 1138 1158
2540 2 2 10 10 1137 1158 1157
2541 2 2 10 10 1138 1139 1159
2542 2 2 10 10 1138 1159 1158
2543 2 2 10 10 1139 1140 1160
2544 2 2 10 10 1139 1160 1159
2545 2 2 10 10 1140 1141 1161
2546 2 2 10 10 1140 1161 1160
2547 2 2 10 10 1143 1144 1170
2548 2 2 10 10 1143 1170 1169
2549 2 2 10 10 1144 1145 1171
2550 2 2 10 10 1144 1171 1170
2551 2 2 10 10 1145 1146 1172
2552 2 2 10 10 1145 1172 1171
2553 2 2 10 10 1146 1147 1173
2554 2 2 10 10 1146 1173 1172
2555 2 2 10 10 1147 1148 1174
2556 2 2 10 10 1147 1174 1173
2557 2 2 10 10 1148 1149 1175
2558 2 2 10 10 1148 1175 1174
2559 2 2 10 10 1149 1150 1176
2560 2 2 10 10 1149 1176 1175
2561 2 2 10 10 1151 1152 1178
2562 2 2 10 10 1151 1178 1177
2563 2 2 10 10 1152 1153 1179
2564 2 2 10 10 1152 1179 1178
2565 2 2 10 10 1153 1154 1180
2566 2 2 10 10 1153 1180 1179
2567 2 2 10 10 1154 1155 1181
2568 2 2 10 10 1154 1181 1180
2569 2 2 10 10 1156 1157 1183
2570 2 2 10 10 1156 1183 1182
2571 2 2 10 10 1157 1158 1184
2572 2 2 10 10 1157 1184 1183
2573 2 2 10 10 1158 1159 1185
2574 2 2 10 10 1158 1185 1184
2575 2 2 10 10 1159 1160 1186
2576 2 2 10 10 1159 1186 1185
2577 2 2 10 10 1162 1163 1188
2578 2 2 10 10 1162 1188 1187
2579 2 2 10 10 1163 1164 1189
2580 2 2 10 10 1163 1189 1188
2581 2 2 10 10 1164 1165 1190
2582 2 2 10 10 1164 1190 1189
2583 2 2 10 10 1165 1166 1191
2584 2 2 10 10 1165 1191 1190
2585 2 2 10 10 1166 1167 1192
2586 2 2 10 10 1166 1192 1191
2587 2 2 10 10 1167 1168 1193
2588 2 2 10 10 1167 1193 1192
2589 2 2 10 10 1168 1169 1194
2590 2 2 10 10 1168 1194 1193
2591 2 2 10 10 1169 1170 1195
2592 2 2 10 10 1169 1195 1194
2593 2 2 10 10 1170 1171 1196
2594 2 2 10 10 1170 1196 1195
2595 2 2 10 10 1171 1172 1197
2596 2 2 10 10 1171 1197 1196
2597 2 2 10 10 1172 1173 1198
2598 2 2 10 10 1172 1198 1197
2599 2 2 10 10 1173 1174 1199
2600 2 2 10 10 1173 1199 1198
2601 2 2 10 10 1174 1175 1200
2602 2 2 10 10 1174 1200 1199
2603 2 2 10 10 1175 1176 1201
2604 2 2 10 10 1175 1201 1200
2605 2 2 10 10 1177 1178 1203
2606 2 2 10 10 1177 1203 1202
2607 2 2 10 10 1178 1179 1204
2608 2 2 10 10 1178 1204 1203
2609 2 2 10 10 1179 1180 1205
2610 2 2 10 10 1179 1205 1204
2611 2 2 10 10 1180 1181 1206
2612 2 2 10 10 1180 1206 1205
2613 2 2 10 10 1182 1183 1208
2614 2 2 10 10 1182 1208 1207
2615 2 2 10 10 1183 1184 1209
2616 2 2 10 10 1183 1209 1208
2617 2 2 10 10 1184 1185 1210
2618 2 2 10 10 1184 1210 1209
2619 2 2 10 10 1185 1186 1211
2620 2 2 10 10 1185 1211 1210
2621 2 2 10 10 1187 1188 1213
2622 2 2 10 10 1187 1213 1212
2623 2 2 10 10 1188 1189 1214
2624 2 2 10 10 1188 1214 1213
2625 2 2 10 10 1189 1190 1215
2626 2 2 10 10 1189 1215 1214
2627 2 2 10 10 1190 1191 1216
2628 2 2 10 10 1190 1216 1215
2629 2 2 10 10 1191 1192 1217
2630 2 2 10 10 1191 1217 1216
2631 2 2 10 10 1192 1193 1218
2632 2 2 10 10 1192 1218 1217
2633 2 2 10 10 1193 1194 1219
2634 2 2 10 10 1193 1219 1218
2635 2 2 10 10 1194 1195 1220
2636 2 2 10 10 1194 1220 1219
2637 2 2 10 10 1195 1196 1221
2638 2 2 10 10 1195 1221 1220
2639 2 2 10 10 1196 1197 1222
2640 2 2 10 10 1196 1222 1221
2641 2 2 10 10 1197 1198 1223
2642 2 2 10 10 1197 1223 1222
2643 2 2 10 10 1198 1199 1224
2644 2 2 10 10 1198 1224 1223
2645 2 2 10 10 1199 1200 1225
2646 2 2 10 10 1199 1225 1224
2647 2 2 10 10 1200 1201 1226
2648 2 2 10 10 1200 1226 1225
2649 2 2 10 10 1202 1203 1228
2650 2 2 10 10 1202 1228 1227
2651 2 2 10 10 1203 1204 1229
2652 2 2 10 10 1203 1229 1228
2653 2 2 10 10 1204 1205 1230
2654 2 2 10 10 1204 1230 1229
2655 2 2 10 10 1205 1206 1231
2656 2 2 10 10 1205 1231 1230
2657 2 2 10 10 1207 1208 1233
2658 2 2 10 10 1207 1233 1232
2659 2 2 10 10 1208 1209 1234
2660 2 2 10 10 1208 1234 1233
2661 2 2 10 10 1209 1210 1235
2662 2 2 10 10 1209 1235 1234
2663 2 2 10 10 1210 1211 1236
2664 2 2 10 10 1210 1236 1235
2665 2 2 10 10 1212 1213 1238
2666 2 2 10 10 1212 1238 1237
2667 2 2 10 10 1213 1214 1239
2668 2 2 10 10 1213 1239 1238
2669 2 2 10 10 1214 1215 1240
2670 2 2 10 10 1214 1240 1239
2671 2 2 10 10 1215 1216 1241
2672 2 2 10 10 1215 1241 1240
2673 2 2 10 10 1216 1217 1242
2674 2 2 10 10 1216 1242 1241
2675 2 2 10 10 1217 1218 1243
2676 2 2 10 10 1217 1243 1242
2677 2 2 10 10 1218 1219 1244
2678 2 2 10 10 1218 1244 1243
2679 2 2 10 10 1219 1220 1245
2680 2 2 10 10 1219 1245 1244
2681 2 2 10 10 1220 1221 1246
2682 2 2 10 10 1220 1246 1245
2683 2 2 10 10 1221 1222 1247
2684 2 2 10 10 1221 1247 1246
2685 2 2 10 10 1222 1223 1248
2686 2 2 10 10 1222 1248 1247
2687 2 2 10 10 1223 1224 1249
2688 2 2 10 10 1223 1249 1248
2689 2 2 10 10 1224 1225 1250
2690 2 2 10 10 1224 1250 1249
2691 2 2 10 10 1225 1226 1251
2692 2 2 10 10 1225 1251 1250
2693 2 2 10 10 1227 1228 1253
2694 2 2 10 10 1227 1253 1252
2695 2 2 10 10 1228 1229 1254
2696 2 2 10 10 1228 1254 1253
2697 2 2 10 10 1229 1230 1255
2698 2 2 10 10 1229 1255 1254
2699 2 2 10 10 1230 1231 1256
2700 2 2 10 10 1230 1256 1255
2701 2 2 10 10 1232 1233 1258
2702 2 2 10 10 1232 1258 1257
2703 2 2 10 10 1233 1234 1259
2704 2 2 10 10 1233 1259 1258
2705 2 2 10 10 1234 1235 1260
2706 2 2 10 10 1234 1260 1259
2707 2 2 10 10 1235 1236 1261
2708 2 2 10 10 1235 1261 1260
2709 2 2 10 10 1237 1238 1263
2710 2 2 10 10 1237 1263 1262
2711 2 2 10 10 1238 1239 1264
2712 2 2 10 10 1238 1264 1263
2713 2 2 10 10 1239 1240 1265
2714 2 2 10 10 1239 1265 1264
2715 2 2 10 10 1240 1241 1266
2716 2 2 10 10 1240 1266 1265
2717 2 2 10 10 1241 1242 1267
2718 2 2 10 10 1241 1267 1266
2719 2 2 10 10 1242 1243 1268
2720 2 2 10 10 1242 1268 1267
2721 2 2 10 10 1243 1244 1269
2722 2 2 10 10 1243 1269 1268
2723 2 2 10 10 1244 1245 1270
2724 2 2 10 10 1244 1270 1269
2725 2 2 10 10 1245 1246 1271
2726 2 2 10 10 1245 1271 1270
2727 2 2 10 10 1246 1247 1272
2728 2 2 10 10 1246 1272 1271
2729 2 2 10 10 1247 1248 1273
2730 2 2 10 10 1247 1273 1272
2731 2 2 10 10 1248 1249 1274
2732 2 2 10 10 1248 1274 1273
2733 2 2 10 10 1249 1250 1275
2734 2 2 10 10 1249 1275 1274
2735 2 2 10 10 1250 1251 1276
2736 2 2 10 10 1250 1276 1275
2737 2 2 10 10 1252 1253 1278
2738 2 2 10 10 1252 1278 1277
2739 2 2 10 10 1253 1254 1279
2740 2 2 10 10 1253 1279 1278
2741 2 2 10 10 1254 1255 1280
2742 2 2 10 10 1254 1280 1279
2743 2 2 10 10 1255 1256 1281
2744 2 2 10 10 1255 1281 1280
2745 2 2 10 10 1257 1258 1283
2746 2 2 10 10 1257 1283 1282
2747 2 2 10 10 1258 1259 1284
2748 2 2 10 10 1258 1284 1283
2749 2 2 10 10 1259 1260 1285
2750 2 2 10 10 1259 1285 1284
2751 2 2 10 10 1260 1261 1286
2752 2 2 10 10 1260 1286 1285
2753 2 2 10 10 1262 1263 1288
2754 2 2 10 10 1262 1288 1287
2755 2 2 10 10 1263 1264 1289
2756 2 2 10 10 1263 1289 1288
2757 2 2 10 10 1264 1265 1290
2758 2 2 10 10 1264 1290 1289
2759 2 2 10 10 1265 1266 1291
2760 2 2 10 10 1265 1291 1290
2761 2 2 10 10 1266 1267 1292
2762 2 2 10 10 1266 1292 1291
2763 2 2 10 10 1267 1268 1293
2764 2 2 10 10 1267 1293 1292
2765 2 2 10 10 1268 1269 1294
2766 2 2 10 10 1268 1294 1293
2767 2 2 10 10 1269 1270 1295
2768 2 2 10 10 1269 1295 1294
2769 2 2 10 10 1270 1271 1296
2770 2 2 10 10 1270 1296 1295
2771 2 2 10 10 1271 1272 1297
2772 2 2 10 10 1271 1297 1296
2773 2 2 10 10 1272 1273 1298
2774 2 2 10 10 1272 1298 1297
2775 2 2 10 10 1273 1274 1299
2776 2 2 10 10 1273 1299 1298
2777 2 2 10 10 1274 1275 1300
2778 2 2 10 10 1274 1300 1299
2779 2 2 10 10 1275 1276 1301
2780 2 2 10 10 1275 1301 1300
2781 2 2 10 10 1277 1278 1303
2782 2 2 10 10 1277 1303 1302
2783 2 2 10 10 1278 1279 1304
2784 2 2 10 10 1278 1304 1303
2785 2 2 10 10 1279 1280 1305
2786 2 2 10 10 1279 1305 1304
2787 2 2 10 10 1280 1281 1306
2788 2 2 10 10 1280 1306 1305
2789 2 2 10 10 1282 1283 1308
2790 2 2 10 10 1282 1308 1307
2791 2 2 10 10 1283 1284 1309
2792 2 2 10 10 1283 1309 1308
2793 2 2 10 10 1284 1285 1310
2794 2 2 10 10 1284 1310 1309
2795 2 2 10 10 1285 1286 1311
2796 2 2 10 10 1285 1311 1310
2797 2 2 10 10 1287 1288 1314
2798 2 2 10 10 1287 1314 1313
2799 2 2 10 10 1288 1289 1315
2800 2 2 10 10 1288 1315 1314
2801 2 2 10 10 1289 1290 1316
2802 2 2 10 10 1289 1316 1315
2803 2 2 10 10 1290 1291 1317
2804 2 2 10 10 1290 1317 1316
2805 2 2 10 10 1291 1292 1318
2806 2 2 10 10 1291 1318 1317
2807 2 2 10 10 1292 1293 1319
2808 2 2 10 10 1292 1319 1318
2809 2 2 10 10 1293 1294 1320
2810 2 2 10 10 1293 1320 1319
2811 2 2 10 10 1294 1295 1321
2812 2 2 10 10 1294 1321 1320
2813 2 2 10 10 1295 1296 1322
2814 2 2 10 10 1295 1322 1321
2815 2 2 10 10 1296 1297 1323
2816 2 2 10 10 1296 1323 1322
2817 2 2 10 10 1297 1298 1324
2818 2 2 10 10 1297 1324 1323
2819 2 2 10 10 1298 1299 1325
2820 2 2 10 10 1298 1325 1324
2821 2 2 10 10 1299 1300 1326
2822 2 2 10 10 1299 1326 1325
2823 2 2 10 10 1300 1301 1327
2824 2 2 10 10 1300 1327 1326
2825 2 2 10 10 1302 1303 1329
2826 2 2 10 10 1302 1329 1328
2827 2 2 10 10 1303 1304 1330
2828 2 2 10 10 1303 1330 1329
2829 2 2 10 10 1304 1305 1331
2830 2 2 10 10 1304 1331 1330
2831 2 2 10 10 1305 1306 1332
2832 2 2 10 10 1305 1332 1331
2833 2 2 10 10 1307 1308 1334
2834 2 2 10 10 1307 1334 1333
2835 2 2 10 10 1308 1309 1335
2836 2 2 10 10 1308 1335 1334
2837 2 2 10 10 1309 1310 1336
2838 2 2 10 10 1309 1336 1335
2839 2 2 10 10 1310 1311 1337
2840 2 2 10 10 1310 1337 1336
2841 2 2 10 10 1311 1312 1338
2842 2 2 10 10 1311 1338 1337
2843 2 2 10 10 1313 1314 1341
2844 2 2 10 10 1313 1341 1340
2845 2 2 10 10 1314 1315 1342
2846 2 2 10 10 1314 1342 1341
2847 2 2 10 10 1315 1316 1343
2848 2 2 10 10 1315 1343 1342
2849 2 2 10 10 1316 1317 1344
2850 2 2 10 10 1316 1344 1343
2851 2 2 10 10 1317 1318 1345
2852 2 2 10 10 1317 1345 1344
2853 2 2 10 10 1318 1319 1346
2854 2 2 10 10 1318 1346 1345
2855 2 2 10 10 1319 1320 1347
2856 2 2 10 10 1319 1347 1346
2857 2 2 10 10 1320 1321 1348
2858 2 2 10 10 1320 1348 1347
2859 2 2 10 10 1321 1322 1349
2860 2 2 10 10 1321 1349 1348
2861 2 2 10 10 1322 1323 1350
2862 2 2 10 10 1322 1350 1349
2863 2 2 10 10 1323 1324 1351
2864 2 2 10 10 1323 1351 1350
2865 2 2 10 10 1324 1325 1352
2866 2 2 10 10 1324 1352 1351
2867 2 2 10 10 1325 1326 1353
2868 2 2 10 10 1325 1353 1352
2869 2 2 10 10 1326 1327 1354
2870 2 2 10 10 1326 1354 1353
2871 2 2 10 10 1328 1329 1356
2872 2 2 10 10 1328 1356 1355
2873 2 2 10 10 1329 1330 1357
2874 2 2 10 10 1329 1357 1356
2875 2 2 10 10 1330 1331 1358
2876 2 2 10 10 1330 1358 1357
2877 2 2 10 10 1331 1332 1359
2878 2 2 10 10 1331 1359 1358
2879 2 2 10 10 1333 1334 1361
2880 2 2 10 10 1333 1361 1360
2881 2 2 10 10 1334 1335 1362
2882 2 2 10 10 1334 1362 1361
2883 2 2 10 10 1335 1336 1363
2884 2 2 10 10 1335 1363 1362
2885 2 2 10 10 1336 1337 1364
2886 2 2 10 10 1336 1364 1363
2887 2 2 10 10 1337 1338 1365
2888 2 2 10 10 1337 1365 1364
2889 2 2 10 10 1338 1339 1366
2890 2 2 10 10 1338 1366 1365
2891 2 2 10 10 1340 1341 1377
2892 2 2 10 10 1340 1377 1376
2893 2 2 10 10 1341 1342 1378
2894 2 2 10 10 1341 1378 1377
2895 2 2 10 10 1342 1343 1379
2896 2 2 10 10 1342 1379 1378
2897 2 2 10 10 1343 1344 1380
2898 2 2 10 10 1343 1380 1379
2899 2 2 10 10 1344 1345 1381
2900 2 2 10 10 1344 1381 1380
2901 2 2 10 10 1345 1346 1382
2902 2 2 10 10 1345 1382 1381
2903 2 2 10 10 1346 1347 1383
2904 2 2 10 10 1346 1383 1382
2905 2 2 10 10 1347 1348 1384
2906 2 2 10 10 1347 1384 1383
2907 2 2 10 10 1348 1349 1385
2908 2 2 10 10 1348 1385 1384
2909 2 2 10 10 1349 1350 1386
2910 2 2 10 10 1349 1386 1385
2911 2 2 10 10 1350 1351 1387
2912 2 2 10 10 1350 1387 1386
2913 2 2 10 10 1351 1352 1388
2914 2 2 10 10 1351 1388 1387
2915 2 2 10 10 1352 1353 1389
2916 2 2 10 10 1352 1389 1388
2917 2 2 10 10 1353 1354 1390
2918 2 2 10 10 1353 1390 1389
2919 2 2 10 10 1355 1356 1392
2920 2 2 10 10 1355 1392 1391
2921 2 2 10 10 1356 1357 1393
2922 2 2 10 10 1356 1393 1392
2923 2 2 10 10 1357 1358 1394
2924 2 2 10 10 1357 1394 1393
2925 2 2 10 10 1358 1359 1395
2926 2 2 10 10 1358 1395 1394
2927 2 2 10 10 1360 1361 1397
2928 2 2 10 10 1360 1397 1396
2929 2 2 10 10 1361 1362 1398
2930 2 2 10 10 1361 1398 1397
2931 2 2 10 10 1362 1363 1399
2932 2 2 10 10 1362 1399 1398
2933 2 2 10 10 1363 1364 1400
2934 2 2 10 10 1363 1400 1399
2935 2 2 10 10 1364 1365 1401
2936 2 2 10 10 1364 1401 1400
2937 2 2 10 10 1365 1366 1402
2938 2 2 10 10 1365 1402 1401
2939 2 2 10 10 1366 1367 1403
2940 2 2 10 10 1366 1403 1402
2941 2 2 10 10 1368 1369 1428
2942 2 2 10 10 1368 1428 1427
2943 2 2 10 10 1369 1370 1429
2944 2 2 10 10 1369 1429 1428
2945 2 2 10 10 1370 1371 1430
2946 2 2 10 10 1370 1430 1429
2947 2 2 10 10 1371 1372 1431
2948 2 2 10 10 1371 1431 1430
2949 2 2 10 10 1372 1373 1432
2950 2 2 10 10 1372 1432 1431
2951 2 2 10 10 1373 1374 1433
2952 2 2 10 10 1373 1433 1432
2953 2 2 10 10 1374 1375 1434
2954 2 2 10 10 1374 1434 1433
2955 2 2 10 10 1375 1376 1435
2956 2 2 10 10 1375 1435 1434
2957 2 2 10 10 1376 1377 1436
2958 2 2 10 10 1376 1436 1435
2959 2 2 10 10 1377 1378 1437
2960 2 2 10 10 1377 1437 1436
2961 2 2 10 10 1378 1379 1438
2962 2 2 10 10 1378 1438 1437
2963 2 2 10 10 1379 1380 1439
2964 2 2 10 10 1379 1439 1438
2965 2 2 10 10 1380 1381 1440
2966 2 2 10 10 1380 1440 1439
2967 2 2 10 10 1381 1382 1441
2968 2 2 10 10 1381 1441 1440
2969 2 2 10 10 1382 1383 1442
2970 2 2 10 10 1382 1442 1441
2971 2 2 10 10 1383 1384 1443
2972 2 2 10 10 1383 1443 1442
2973 2 2 10 10 1384 1385 1444
2974 2 2 10 10 1384 1444 1443
2975 2 2 10 10 1385 1386 1445
2976 2 2 10 10 1385 1445 1444
2977 2 2 10 10 1386 1387 1446
2978 2 2 10 10 1386 1446 1445
2979 2 2 10 10 1387 1388 1447
2980 2 2 10 10 1387 1447 1446
2981 2 2 10 10 1388 1389 1448
2982 2 2 10 10 1388 1448 1447
2983 2 2 10 10 1389 1390 1449
2984 2 2 10 10 1389 1449 1448
2985 2 2 10 10 1391 1392 1451
2986 2 2 10 10 1391 1451 1450
2987 2 2 10 10 1392 1393 1452
2988 2 2 10 10 1392 1452 1451
2989 2 2 10 10 1393 1394 1453
2990 2 2 10 10 1393 1453 1452
2991 2 2 10 10 1394 1395 1454
2992 2 2 10 10 1394 1454 1453
2993 2 2 10 10 1396 1397 1456
2994 2 2 10 10 1396 1456 1455
2995 2 2 10 10 1397 1398 1457
2996 2 2 10 10 1397 1457 1456
2997 2 2 10 10 1398 1399 1458
2998 2 2 10 10 1398 1458 1457
2999 2 2 10 10 1399 1400 1459
3000 2 2 10 10 1399 1459 1458
3001 2 2 10 10 1400 1401 1460
3002 2 2 10 10 1400 1460 1459
3003 2 2 10 10 1401 1402 1461
3004 2 2 10 10 1401 1461 1460
3005 2 2 10 10 1402 1403 1462
3006 2 2 10 10 1402 1462 1461
3007 2 2 10 10 1403 1404 1463
3008 2 2 10 10 1403 1463 1462
3009 2 2 10 10 1404 1405 1464
3010 2 2 10 10 1404 1464 1463
3011 2 2 10 10 1405 1406 1465
3012 2 2 10 10 1405 1465 1464
3013 2 2 10 10 1406 1407 1466
3014 2 2 10 10 1406 1466 1465
3015 2 2 10 10 1407 1408 1467
3016 2 2 10 10 1407 1467 1466
3017 2 2 10 10 1408 1409 1468
3018 2 2 10 10 1408 1468 1467
3019 2 2 10 10 1409 1410 1469
3020 2 2 10 10 1409 1469 1468
3021 2 2 10 10 1410 1411 1470
3022 2 2 10 10 1410 1470 1469
3023 2 2 10 10 1411 1412 1471
3024 2 2 10 10 1411 1471 1470
3025 2 2 10 10 1412 1413 1472
3026 2 2 10 10 1412 1472 1471
3027 2 2 10 10 1413 1414 1473
3028 2 2 10 10 1413 1473 1472
3029 2 2 10 10 1414 1415 1474
3030 2 2 10 10 1414 1474 1473
3031 2 2 10 10 1415 1416 1475
3032 2 2 10 10 1415 1475 1474
3033 2 2 10 10 1416 1417 1476
3034 2 2 10 10 1416 1476 1475
3035 2 2 10 10 1417 1418 1477
3036 2 2 10 10 1417 1477 1476
3037 2 2 10 10 1418 1419 1478
3038 2 2 10 10 1418 1478 1477
3039 2 2 10 10 1419 1420 1479
3040 2 2 10 10 1419 1479 1478
3041 2 2 10 10 1420 1421 1480
3042 2 2 10 10 1420 1480 1479
3043 2 2 10 10 1421 1422 1481
3044 2 2 10 10 1421 1481 1480
3045 2 2 10 10 1422 1423 1482
3046 2 2 10 10 1422 1482 1481
3047 2 2 10 10 1423 1424 1483
3048 2 2 10 10 1423 1483 1482
3049 2 2 10 10 1424 1425 1484
3050 2 2 10 10 1424 1484 1483
3051 2 2 10 10 1425 1426 1485
3052 2 2 10 10 1425 1485 1484
3053 2 2 10 10 1427 1428 1487
3054 2 2 10 10 1427 1487 1486
3055 2 2 10 10 1428 1429 1488
3056 2 2 10 10 1428 1488 1487
3057 2 2 10 10 1429 1430 1489
3058 2 2 10 10 1429 1489 1488
3059 2 2 10 10 1430 1431 1490
3060 2 2 10 10 1430 1490 1489
3061 2 2 10 10 1431 1432 1491
3062 2 2 10 10 1431 1491 1490
3063 2 2 10 10 1432 1433 1492
3064 2 2 10 10 1432 1492 1491
3065 2 2 10 10 1433 1434 1493
3066 2 2 10 10 1433 1493 1492
3067 2 2 10 10 1434 1435 1494
3068 2 2 10 10 1434 1494 1493
3069 2 2 10 10 1435 1436 1495
3070 2 2 10 10 1435 1495 1494
3071 2 2 10 10 1436 1437 1496
3072 2 2 10 10 1436 1496 1495
3073 2 2 10 10 1437 1438 1497
3074 2 2 10 10 1437 1497 1496
3075 2 2 10 10 1438 1439 1498
3076 2 2 10 10 1438 1498 1497
3077 2 2 10 10 1439 1440 1499
3078 2 2 10 10 1439 1499 1498
3079 2 2 10 10 1440 1441 1500
3080 2 2 10 10 1440 1500 1499
3081 2 2 10 10 1441 1442 1501
3082 2 2 10 10 1441 1501 1500
3083 2 2 10 10 1442 1443 1502
3084 2 2 10 10 1442 1502 1501
3085 2 2 10 10 1443 1444 1503
3086 2 2 10 10 1443 1503 1502
3087 2 2 10 10 1444 1445 1504
3088 2 2 10 10 1444 1504 1503
3089 2 2 10 10 1445 1446 1505
3090 2 2 10 10 1445 1505 1504
3091 2 2 10 10 1446 1447 1506
3092 2 2 10 10 1446 1506 1505
3093 2 2 10 10 1447 1448 1507
3094 2 2 10 10 1447 1507 1506
3095 2 2 10 10 1448 1449 1508
3096 2 2 10 10 1448 1508 1507
3097 2 2 10 10 1450 1451 1510
3098 2 2 10 10 1450 1510 1509
3099 2 2 10 10 1451 1452 1511
3100 2 2 10 10 1451 1511 1510
3101 2 2 10 10 1452 1453 1512
3102 2 2 10 10 1452 1512 1511
3103 2 2 10 10 1453 1454 1513
3104 2 2 10 10 1453 1513 1512
3105 2 2 10 10 1455 1456 1515
3106 2 2 10 10 1455 1515 1514
3107 2 2 10 10 1456 1457 1516
3108 2 2 10 10 1456 1516 1515
3109 2 2 10 10 1457 1458 1517
3110 2 2 10 10 1457 1517 1516
3111 2 2 10 10 1458 1459 1518
3112 2 2 10 10 1458 1518 1517
3113 2 2 10 10 1459 1460 1519
3114 2 2 10 10 1459 1519 1518
3115 2 2 10 10 1460 1461 1520
3116 2 2 10 10 1460 1520 1519
3117 2 2 10 10 1461 1462 1521
3118 2 2 10 10 1461 1521 1520
3119 2 2 10 10 1462 1463 1522
3120 2 2 10 10 1462 1522 1521
3121 2 2 10 10 1463 1464 1523
3122 2 2 10 10 1463 1523 1522
3123 2 2 10 10 1464 1465 1524
3124 2 2 10 10 1464 1524 1523
3125 2 2 10 10 1465 1466 1525
3126 2 2 10 10 1465 1525 1524
3127 2 2 10 10 1466 1467 1526
3128 2 2 10 10 1466 1526 1525
3129 2 2 10 10 1467 1468 1527
3130 2 2 10 10 1467 1527 1526
3131 2 2 10 10 1468 1469 1528
3132 2 2 10 10 1468 1528 1527
3133 2 2 10 10 1469 1470 1529
3134 2 2 10 10 1469 1529 1528
3135 2 2 10 10 1470 1471 1530
3136 2 2 10 10 1470 1530 1529
3137 2 2 10 10 1471 1472 1531
3138 2 2 10 10 1471 1531 1530
3139 2 2 10 10 1472 1473 1532
3140 2 2 10 10 1472 1532 1531
3141 2 2 10 10 1473 1474 1533
3142 2 2 10 10 1473 1533 1532
3143 2 2 10 10 1474 1475 1534
3144 2 2 10 10 1474 1534 1533
3145 2 2 10 10 1475 1476 1535
3146 2 2 10 10 1475 1535 1534
3147 2 2 10 10 1476 1477 1536
3148 2 2 10 10 1476 1536 1535
3149 2 2 10 10 1477 1478 1537
3150 2 2 10 10 1477 1537 1536
3151 2 2 10 10 1478 1479 1538
3152 2 2 10 10 1478 1538 1537
3153 2 2 10 10 1479 1480 1539
3154 2 2 10 10 1479 1539 1538
3155 2 2 10 10 1480 1481 1540
3156 2 2 10 10 1480 1540 1539
3157 2 2 10 10 1481 1482 1541
3158 2 2 10 10 1481 1541 1540
3159 2 2 10 10 1482 1483 1542
3160 2 2 10 10 1482 1542 1541
3161 2 2 10 10 1483 1484 1543
3162 2 2 10 10 1483 1543 1542
3163 2 2 10 10 1484 1485 1544
3164 2 2 10 10 1484 1544 1543
3165 2 2 10 10 1486 1487 1546
3166 2 2 10 10 1486 1546 1545
3167 2 2 10 10 1487 1488 1547
3168 2 2 10 10 1487 1547 1546
3169 2 2 10 10 1488 1489 1548
3170 2 2 10 10 1488 1548 1547
3171 2 2 10 10 1489 1490 1549
3172 2 2 10 10 1489 1549 1548
3173 2 2 10 10 1490 1491 1550
3174 2 2 10 10 1490 1550 1549
3175 2 2 10 10 1491 1492 1551
3176 2 2 10 10 1491 1551 1550
3177 2 2 10 10 1492 1493 1552
3178 2 2 10 10 1492 1552 1551
3179 2 2 10 10 1493 1494 1553
3180 2 2 10 10 1493 1553 1552
3181 2 2 10 10 1494 1495 1554
3182 2 2 10 10 1494 1554 1553
3183 2 2 10 10 1495 1496 1555
3184 2 2 10 10 1495 1555 1554
3185 2 2 10 10 1496 1497 1556
3186 2 2 10 10 1496 1556 1555
3187 2 2 10 10 1497 1498 1557
3188 2 2 10 10 1497 1557 1556
3189 2 2 10 10 1498 1499 1558
3190 2 2 10 10 1498 1558 1557
3191 2 2 10 10 1499 1500 1559
3192 2 2 10 10 1499 1559 1558
3193 2 2 10 10 1500 1501 1560
3194 2 2 10 10 1500 1560 1559
3195 2 2 10 10 1501 1502 1561
3196 2 2 10 10 1501 1561 1560
3197 2 2 10 10 1502 1503 1562
3198 2 2 10 10 1502 1562 1561
3199 2 2 10 10 1503 1504 1563
3200 2 2 10 10 1503 1563 1562
3201 2 2 10 10 1504 1505 1564
3202 2 2 10 10 1504 1564 1563
3203 2 2 10 10 1505 1506 1565
3204 2 2 10 10 1505 1565 1564
3205 2 2 10 10 1506 1507 1566
3206 2 2 10 10 1506 1566 1565
3207 2 2 10 10 1507 1508 1567
3208 2 2 10 10 1507 1567 1566
3209 2 2 10 10 1509 1510 1569
3210 2 2 10 10 1509 1569 1568
3211 2 2 10 10 1510 1511 1570
3212 2 2 10 10 1510 1570 1569
3213 2 2 10 10 1511 1512 1571
3214 2 2 10 10 1511 1571 1570
3215 2 2 10 10 1512 1513 1572
3216 2 2 10 10 1512 1572 1571
3217 2 2 10 10 1514 1515 1574
3218 2 2 10 10 1514 1574 1573
3219 2 2 10 10 1515 1516 1575
3220 2 2 10 10 1515 1575 1574
3221 2 2 10 10 1516 1517 1576
3222 2 2 10 10 1516 1576 1575
3223 2 2 10 10 1517 1518 1577
3224 2 2 10 10 1517 1577 1576
3225 2 2 10 10 1518 1519 1578
3226 2 2 10 10 1518 1578 1577
3227 2 2 10 10 1519 1520 1579
3228 2 2 10 10 1519 1579 1578
3229 2 2 10 10 1520 1521 1580
3230 2 2 10 10 1520 1580 1579
3231 2 2 10 10 1521 1522 1581
3232 2 2 10 10 1521 1581 1580
3233 2 2 10 10 1522 1523 1582
3234 2 2 10 10 1522 1582 1581
3235 2 2 10 10 1523 1524 1583
3236 2 2 10 10 1523 1583 1582
3237 2 2 10 10 1524 1525 1584
3238 2 2 10 10 1524 1584 1583
3239 2 2 10 10 1525 1526 1585
3240 2 2 10 10 1525 1585 1584
3241 2 2 10 10 1526 1527 1586
3242 2 2 10 10 1526 1586 1585
3243 2 2 10 10 1527 1528 1587
3244 2 2 10 10 1527 1587 1586
3245 2 2 10 10 1528 1529 1588
3246 2 2 10 10 1528 1588 1587
3247 2 2 10 10 1529 1530 1589
3248 2 2 10 10 1529 1589 1588
3249 2 2 10 10 1530 1531 1590
3250 2 2 10 10 1530 1590 1589
3251 2 2 10 10 1531 1532 1591
3252 2 2 10 10 1531 1591 1590
3253 2 2 10 10 1532 1533 1592
3254 2 2 10 10 1532 1592 1591
3255 2 2 10 10 1533 1534 1593
3256 2 2 10 10 1533 1593 1592
3257 2 2 10 10 1534 1535 1594
3258 2 2 10 10 1534 1594 1593
3259 2 2 10 10 1535 1536 1595
3260 2 2 10 10 1535 1595 1594
3261 2 2 10 10 1536 1537 1596
3262 2 2 10 10 1536 1596 1595
3263 2 2 10 10 1537 1538 1597
3264 2 2 10 10 1537 1597 1596
3265 2 2 10 10 1538 1539 1598
3266 2 2 10 10 1538 1598 1597
3267 2 2 10 10 1539 1540 1599
3268 2 2 10 10 1539 1599 1598
3269 2 2 10 10 1540 1541 1600
3270 2 2 10 10 1540 1600 1599
3271 2 2 10 10 1541 1542 1601
3272 2 2 10 10 1541 1601 1600
3273 2 2 10 10 1542 1543 1602
3274 2 2 10 10 1542 1602 1601
3275 2 2 10 10 1543 1544 1603
3276 2 2 10 10 1543 1603 1602
3277 2 2 10 10 1545 1546 1605
3278 2 2 10 10 1545 1605 1604
3279 2 2 10 10 1546 1547 1606
3280 2 2 10 10 1546 1606 1605
3281 2 2 10 10 1547 1548 1607
3282 2 2 10 10 1547 1607 1606
3283 2 2 10 10 1548 1549 1608
3284 2 2 10 10 1548 1608 1607
3285 2 2 10 10 1549 1550 1609
3286 2 2 10 10 1549 1609 1608
3287 2 2 10 10 1550 1551 1610
3288 2 2 10 10 1550 1610 1609
3289 2 2 10 10 1551 1552 1611
3290 2 2 10 10 1551 1611 1610
3291 2 2 10 10 1552 1553 1612
3292 2 2 10 10 1552 1612 1611
3293 2 2 10 10 1553 1554 1613
3294 2 2 10 10 1553 1613 1612
3295 2 2 10 10 1554 1555 1614
3296 2 2 10 10 1554 1614 1613
3297 2 2 10 10 1555 1556 1615
3298 2 2 10 10 1555 1615 1614
3299 2 2 10 10 1556 1557 1616
3300 2 2 10 10 1556 1616 1615
3301 2 2 10 10 1557 1558 1617
3302 2 2 10 10 1557 1617 1616
3303 2 2 10 10 1558 1559 1618
3304 2 2 10 10 1558 1618 1617
3305 2 2 10 10 1559 1560 1619
3306 2 2 10 10 1559 1619 1618
3307 2 2 10 10 1560 1561 1620
3308 2 2 10 10 1560 1620 1619
3309 2 2 10 10 1561 1562 1621
3310 2 2 10 10 1561 1621 1620
3311 2 2 10 10 1562 1563 1622
3312 2 2 10 10 1562 1622 1621
3313 2 2 10 10 1563 1564 1623
3314 2 2 10 10 1563 1623 1622
3315 2 2 10 10 1564 1565 1624
3316 2 2 10 10 1564 1624 1623
3317 2 2 10 10 1565 1566 1625
3318 2 2 10 10 1565 1625 1624
3319 2 2 10 10 1566 1567 1626
3320 2 2 10 10 1566 1626 1625
3321 2 2 10 10 1568 1569 1628
3322 2 2 10 10 1568 1628 1627
3323 2 2 10 10 1569 1570 1629
3324 2 2 10 10 1569 1629 1628
3325 2 2 10 10 1570 1571 1630
3326 2 2 10 10 1570 1630 1629
3327 2 2 10 10 1571 1572 1631
3328 2 2 10 10 1571 1631 1630
3329 2 2 10 10 1573 1574 1633
3330 2 2 10 10 1573 1633 1632
3331 2 2 10 10 1574 1575 1634
3332 2 2 10 10 1574 1634 1633
3333 2 2 10 10 1575 1576 1635
3334 2 2 10 10 1575 1635 1634
3335 2 2 10 10 1576 1577 1636
3336 2 2 10 10 1576 1636 1635
3337 2 2 10 10 1577 1578 1637
3338 2 2 10 10 1577 1637 1636
3339 2 2 10 10 1578 1579 1638
3340 2 2 10 10 1578 1638 1637
3341 2 2 10 10 1579 1580 1639
3342 2 2 10 10 1579 1639 1638
3343 2 2 10 10 1580 1581 1640
3344 2 2 10 10 1580 1640 1639
3345 2 2 10 10 1581 1582 1641
3346 2 2 10 10 1581 1641 1640
3347 2 2 10 10 1582 1583 1642
3348 2 2 10 10 1582 1642 1641
3349 2 2 10 10 1583 1584 1643
3350 2 2 10 10 1583 1643 1642
3351 2 2 10 10 1584 1585 1644
3352 2 2 10 10 1584 1644 1643
3353 2 2 10 10 1585 1586 1645
3354 2 2 10 10 1585 1645 1644
3355 2 2 10 10 1586 1587 1646
3356 2 2 10 10 1586 1646 1645
3357 2 2 10 10 1587 1588 1647
3358 2 2 10 10 1587 1647 1646
3359 2 2 10 10 1588 1589 1648
3360 2 2 10 10 1588 1648 1647
3361 2 2 10 10 1589 1590 1649
3362 2 2 10 10 1589 1649 1648
3363 2 2 10 10 1590 1591 1650
3364 2 2 10 10 1590 1650 1649
3365 2 2 10 10 1591 1592 1651
3366 2 2 10 10 1591 1651 1650
3367 2 2 10 10 1592 1593 1652
3368 2 2 10 10 1592 1652 1651
3369 2 2 10 10 1593 1594 1653
3370 2 2 10 10 1593 1653 1652
3371 2 2 10 10 1594 1595 1654
3372 2 2 10 10 1594 1654 1653
3373 2 2 10 10 1595 1596 1655
3374 2 2 10 10 1595 1655 1654
3375 2 2 10 10 1596 1597 1656
3376 2 2 10 10 1596 1656 1655
3377 2 2 10 10 1597 1598 1657
3378 2 2 10 10 1597 1657 1656
3379 2 2 10 10 1598 1599 1658
3380 2 2 10 10 1598 1658 1657
3381 2 2 10 10 1599 1600 1659
3382 2 2 10 10 1599 1659 1658
3383 2 2 10 10 1600 1601 1660
3384 2 2 10 10 1600 1660 1659
3385 2 2 10 10 1601 1602 1661
3386 2 2 10 10 1601 1661 1660
3387 2 2 10 10 1602 1603 1662
3388 2 2 10 10 1602 1662 1661
3389 2 2 10 10 1627 1628 1665
3390 2 2 10 10 1627 1665 1664
3391 2 2 10 10 1628 1629 1666
3392 2 2 10 10 1628 1666 1665
3393 2 2 10 10 1629 1630 1667
3394 2 2 10 10 1629 1667 1666
3395 2 2 10 10 1630 1631 1668
3396 2 2 10 10 1630 1668 1667
3397 2 2 10 10 1632 1633 1672
3398 2 2 10 10 1632 1672 1671
3399 2 2 10 10 1633 1634 1673
3400 2 2 10 10 1633 1673 1672
3401 2 2 10 10 1634 1635 1674
3402 2 2 10 10 1634 1674 1673
3403 2 2 10 10 1635 1636 1675
3404 2 2 10 10 1635 1675 1674
3405 2 2 10 10 1636 1637 1676
3406 2 2 10 10 1636 1676 1675
3407 2 2 10 10 1637 1638 1677
3408 2 2 10 10 1637 1677 1676
3409 2 2 10 10 1638 1639 1678
3410 2 2 10 10 1638 1678 1677
3411 2 2 10 10 1663 1664 1681
3412 2 2 10 10 1663 1681 1680
3413 2 2 10 10 1664 1665 1682
3414 2 2 10 10 1664 1682 1681
3415 2 2 10 10 1665 1666 1683
3416 2 2 10 10 1665 1683 1682
3417 2 2 10 10 1666 1667 1684
3418 2 2 10 10 1666 1684 1683
3419 2 2 10 10 1667 1668 1685
3420 2 2 10 10 1667 1685 1684
3421 2 2 10 10 1668 1669 1686
3422 2 2 10 10 1668 1686 1685
3423 2 2 10 10 1670 1671 1690
3424 2 2 10 10 1670 1690 1689
3425 2 2 10 10 1671 1672 1691
3426 2 2 10 10 1671 1691 1690
3427 2 2 10 10 1672 1673 1692
3428 2 2 10 10 1672 1692 1691
3429 2 2 10 10 1673 1674 1693
3430 2 2 10 10 1673 1693 1692
3431 2 2 10 10 1674 1675 1694
3432 2 2 10 10 1674 1694 1693
3433 2 2 10 10 1675 1676 1695
3434 2 2 10 10 1675 1695 1694
3435 2 2 10 10 1676 1677 1696
3436 2 2 10 10 1676 1696 1695
3437 2 2 10 10 1679 1680 1699
3438 2 2 10 10 1679 1699 1698
3439 2 2 10 10 1680 1681 1700
3440 2 2 10 10 1680 1700 1699
3441 2 2 10 10 1681 1682 1701
3442 2 2 10 10 1681 1701 1700
3443 2 2 10 10 1682 1683 1702
3444 2 2 10 10 1682 1702 1701
3445 2 2 10 10 1683 1684 1703
3446 2 2 10 10 1683 1703 1702
3447 2 2 10 10 1684 1685 1704
3448 2 2 10 10 1684 1704 1703
3449 2 2 10 10 1685 1686 1705
3450 2 2 10 10 1685 1705 1704
3451 2 2 10 10 1686 1687 1706
3452 2 2 10 10 1686 1706 1705
3453 2 2 10 10 1688 1689 1710
3454 2 2 10 10 1688 1710 1709
3455 2 2 10 10 1689 1690 1711
3456 2 2 10 10 1689 1711 1710
3457 2 2 10 10 1690 1691 1712
3458 2 2 10 10 1690 1712 1711
3459 2 2 10 10 1691 1692 1713
3460 2 2 10 10 1691 1713 1712
3461 2 2 10 10 1692 1693 1714
3462 2 2 10 10 1692 1714 1713
3463 2 2 10 10 1693 1694 1715
3464 2 2 10 10 1693 1715 1714
3465 2 2 10 10 1694 1695 1716
3466 2 2 10 10 1694 1716 1715
3467 2 2 10 10 1697 1698 1723
3468 2 2 10 10 1697 1723 1722
3469 2 2 10 10 1698 1699 1724
3470 2 2 10 10 1698 1724 1723
3471 2 2 10 10 1699 1700 1725
3472 2 2 10 10 1699 1725 1724
3473 2 2 10 10 1700 1701 1726
3474 2 2 10 10 1700 1726 1725
3475 2 2 10 10 1701 1702 1727
3476 2 2 10 10 1701 1727 1726
3477 2 2 10 10 1702 1703 1728
3478 2 2 10 10 1702 1728 1727
3479 2 2 10 10 1703 1704 1729
3480 2 2 10 10 1703 1729 1728
3481 2 2 10 10 1704 1705 1730
3482 2 2 10 10 1704 1730 1729
3483 2 2 10 10 1705 1706 1731
3484 2 2 10 10 1705 1731 1730
3485 2 2 10 10 1706 1707 1732
3486 2 2 10 10 1706 1732 1731
3487 2 2 10 10 1708 1709 1739
3488 2 2 10 10 1708 1739 1738
3489 2 2 10 10 1709 1710 1740
3490 2 2 10 10 1709 1740 1739
3491 2 2 10 10 1710 1711 1741
3492 2 2 10 10 1710 1741 1740
3493 2 2 10 10 1711 1712 1742
3494 2 2 10 10 1711 1742 1741
3495 2 2 10 10 1712 1713 1743
3496 2 2 10 10 1712 1743 1742
3497 2 2 10 10 1713 1714 1744
3498 2 2 10 10 1713 1744 1743
3499 2 2 10 10 1714 1715 1745
3500 2 2 10 10 1714 1745 1744
3501 2 2 10 10 1717 1718 1747
3502 2 2 10 10 1717 1747 1746
3503 2 2 10 10 1718 1719 1748
3504 2 2 10 10 1718 1748 1747
3505 2 2 10 10 1719 1720 1749
3506 2 2 10 10 1719 1749 1748
3507 2 2 10 10 1720 1721 1750
3508 2 2 10 10 1720 1750 1749
3509 2 2 10 10 1721 1722 1751
3510 2 2 10 10 1721 1751 1750
3511 2 2 10 10 1722 1723 1752
3512 2 2 10 10 1722 1752 1751
3513 2 2 10 10 1723 1724 1753
3514 2 2 10 10 1723 1753 1752
3515 2 2 10 10 1724 1725 1754
3516 2 2 10 10 1724 1754 1753
3517 2 2 10 10 1725 1726 1755
3518 2 2 10 10 1725 1755 1754
3519 2 2 10 10 1726 1727 1756
3520 2 2 10 10 1726 1756 1755
3521 2 2 10 10 1727 1728 1757
3522 2 2 10 10 1727 1757 1756
3523 2 2 10 10 1728 1729 1758
3524 2 2 10 10 1728 1758 1757
3525 2 2 10 10 1729 1730 1759
3526 2 2 10 10 1729 1759 1758
3527 2 2 10 10 1730 1731 1760
3528 2 2 10 10 1730 1760 1759
3529 2 2 10 10 1731 1732 1761
3530 2 2 10 10 1731 1761 1760
3531 2 2 10 10 1732 1733 1762
3532 2 2 10 10 1732 1762 1761
3533 2 2 10 10 1733 1734 1763
3534 2 2 10 10 1733 1763 1762
3535 2 2 10 10 1734 1735 1764
3536 2 2 10 10 1734 1764 1763
3537 2 2 10 10 1735 1736 1765
3538 2 2 10 10 1735 1765 1764
3539 2 2 10 10 1736 1737 1766
3540 2 2 10 10 1736 1766 1765
3541 2 2 10 10 1737 1738 1767
3542 2 2 10 10 1737 1767 1766
3543 2 2 10 10 1738 1739 1768
3544 2 2 10 10 1738 1768 1767
3545 2 2 10 10 1739 1740 1769
3546 2 2 10 10 1739 1769 1768
3547 2 2 10 10 1740 1741 1770
3548 2 2 10 10 1740 1770 1769
3549 2 2 10 10 1741 1742 1771
3550 2 2 10 10 1741 1771 1770
3551 2 2 10 10 1742 1743 1772
3552 2 2 10 10 1742 1772 1771
3553 2 2 10 10 1743 1744 1773
3554 2 2 10 10 1743 1773 1772
3555 2 2 10 10 1744 1745 1774
3556 2 2 10 10 1744 1774 1773
3557 2 2 10 10 1746 1747 1776
3558 2 2 10 10 1746 1776 1775
3559 2 2 10 10 1747 1748 1777
3560 2 2 10 10 1747 1777 1776
3561 2 2 10 10 1748 1749 1778
3562 2 2 10 10 1748 1778 1777
3563 2 2 10 10 1749 1750 1779
3564 2 2 10 10 1749 1779 1778
3565 2 2 10 10 1750 1751 1780
3566 2 2 10 10 1750 1780 1779
3567 2 2 10 10 1751 1752 1781
3568 2 2 10 10 1751 1781 1780
3569 2 2 10 10 1752 1753 1782
3570 2 2 10 10 1752 1782 1781
3571 2 2 10 10 1753 1754 1783
3572 2 2 10 10 1753 1783 1782
3573 2 2 10 10 1754 1755 1784
3574 2 2 10 10 1754 1784 1783
3575 2 2 10 10 1755 1756 1785
3576 2 2 10 10 1755 1785 1784
3577 2 2 10 10 1756 1757 1786
3578 2 2 10 10 1756 1786 1785
3579 2 2 10 10 1757 1758 1787
3580 2 2 10 10 1757 1787 1786
3581 2 2 10 10 1758 1759 1788
3582 2 2 10 10 1758 1788 1787
3583 2 2 10 10 1759 1760 1789
3584 2 2 10 10 1759 1789 1788
3585 2 2 10 10 1760 1761 1790
3586 2 2 10 10 1760 1790 1789
3587 2 2 10 10 1761 1762 1791
3588 2 2 10 10 1761 1791 1790
3589 2 2 10 10 1762 1763 1792
3590 2 2 10 10 1762 1792 1791
3591 2 2 10 10 1763 1764 1793
3592 2 2 10 10 1763 1793 1792
3593 2 2 10 10 1764 1765 1794
3594 2 2 10 10 1764 1794 1793
3595 2 2 10 10 1765 1766 1795
3596 2 2 10 10 1765 1795 1794
3597 2 2 10 10 1766 1767 1796
3598 2 2 10 10 1766 1796 1795
3599 2 2 10 10 1767 1768 1797
3600 2 2 10 10 1767 1797 1796
3601 2 2 10 10 1768 1769 1798
3602 2 2 10 10 1768 1798 1797
3603 2 2 10 10 1769 1770 1799
3604 2 2 10 10 1769 1799 1798
3605 2 2 10 10 1770 1771 1800
3606 2 2 10 10 1770 1800 1799
3607 2 2 10 10 1771 1772 1801
3608 2 2 10 10 1771 1801 1800
3609 2 2 10 10 1772 1773 1802
3610 2 2 10 10 1772 1802 1801
3611 2 2 10 10 1773 1774 1803
3612 2 2 10 10 1773 1803 1802
3613 2 2 10 10 1775 1776 1805
3614 2 2 10 10 1775 1805 1804
3615 2 2 10 10 1776 1777 1806
3616 2 2 10 10 1776 1806 1805
3617 2 2 10 10 1777 1778 1807
3618 2 2 10 10 1777 1807 1806
3619 2 2 10 10 1778 1779 1808
3620 2 2 10 10 1778 1808 1807
3621 2 2 10 10 1779 1780 1809
3622 2 2 10 10 1779 1809 1808
3623 2 2 10 10 1780 1781 1810
3624 2 2 10 10 1780 1810 1809
3625 2 2 10 10 1781 1782 1811
3626 2 2 10 10 1781 1811 1810
3627 2 2 10 10 1782 1783 1812
3628 2 2 10 10 1782 1812 1811
3629 2 2 10 10 1783 1784 1813
3630 2 2 10 10 1783 1813 1812
3631 2 2 10 10 1784 1785 1814
3632 2 2 10 10 1784 1814 1813
3633 2 2 10 10 1785 1786 1815
3634 2 2 10 10 1785 1815 1814
3635 2 2 10 10 1786 1787 1816
3636 2 2 10 10 1786 1816 1815
3637 2 2 10 10 1787 1788 1817
3638 2 2 10 10 1787 1817 1816
3639 2 2 10 10 1788 1789 1818
3640 2 2 10 10 1788 1818 1817
3641 2 2 10 10 1789 1790 1819
3642 2 2 10 10 1789 1819 1818
3643 2 2 10 10 1790 1791 1820
3644 2 2 10 10 1790 1820 1819
3645 2 2 10 10 1791 1792 1821
3646 2 2 10 10 1791 1821 1820
3647 2 2 10 10 1792 1793 1822
3648 2 2 10 10 1792 1822 1821
3649 2 2 10 10 1793 1794 1823
3650 2 2 10 10 1793 1823 1822
3651 2 2 10 10 1794 1795 1824
3652 2 2 10 10 1794 1824 1823
3653 2 2 10 10 1795 1796 1825
3654 2 2 10 10 1795 1825 1824
3655 2 2 10 10 1796 1797 1826
3656 2 2 10 10 1796 1826 1825
3657 2 2 10 10 1797 1798 1827
3658 2 2 10 10 1797 1827 1826
3659 2 2 10 10 1798 1799 1828
3660 2 2 10 10 1798 1828 1827
3661 2 2 10 10 1799 1800 1829
3662 2 2 10 10 1799 1829 1828
3663 2 2 10 10 1800 1801 1830
3664 2 2 10 10 1800 1830 1829
3665 2 2 10 10 1801 1802 1831
3666 2 2 10 10 1801 1831 1830
3667 2 2 10 10 1802 1803 1832
3668 2 2 10 10 1802 1832 1831
3669 2 2 10 10 1804 1805 1834
3670 2 2 10 10 1804 1834 1833
3671 2 2 10 10 1805 1806 1835
3672 2 2 10 10 1805 1835 1834
3673 2 2 10 10 1806 1807 1836
3674 2 2 10 10 1806 1836 1835
3675 2 2 10 10 1807 1808 1837
3676 2 2 10 10 1807 1837 1836
3677 2 2 10 10 1808 1809 1838
3678 2 2 10 10 1808 1838 1837
3679 2 2 10 10 1809 1810 1839
3680 2 2 10 10 1809 1839 1838
3681 2 2 10 10 1810 1811 1840
3682 2 2 10 10 1810 1840 1839
3683 2 2 10 10 1811 1812 1841
3684 2 2 10 10 1811 1841 1840
3685 2 2 10 10 1812 1813 1842
3686 2 2 10 10 1812 1842 1841
3687 2 2 10 10 1813 1814 1843
3688 2 2 10 10 1813 1843 1842
3689 2 2 10 10 1814 1815 1844
3690 2 2 10 10 1814 1844 1843
3691 2 2 10 10 1815 1816 1845
3692 2 2 10 10 1815 1845 1844
3693 2 2 10 10 1816 1817 1846
3694 2 2 10 10 1816 1846 1845
3695 2 2 10 10 1817 1818 1847
3696 2 2 10 10 1817 1847 1846
3697 2 2 10 10 1818 1819 1848
3698 2 2 10 10 1818 1848 1847
3699 2 2 10 10 1819 1820 1849
3700 2 2 10 10 1819 1849 1848
3701 2 2 10 10 1820 1821 1850
3702 2 2 10 10 1820 1850 1849
3703 2 2 10 10 1821 1822 1851
3704 2 2 10 10 1821 1851 1850
3705 2 2 10 10 1822 1823 1852
3706 2 2 10 10 1822 1852 1851
3707 2 2 10 10 1823 1824 1853
3708 2 2 10 10 1823 1853 1852
3709 2 2 10 10 1824 1825 1854
3710 2 2 10 10 1824 1854 1853
3711 2 2 10 10 1825 1826 1855
3712 2 2 10 10 1825 1855 1854
3713 2 2 10 10 1826 1827 1856
3714 2 2 10 10 1826 1856 1855
3715 2 2 10 10 1827 1828 1857
3716 2 2 10 10 1827 1857 1856
3717 2 2 10 10 1828 1829 1858
3718 2 2 10 10 1828 1858 1857
3719 2 2 10 10 1829 1830 1859
3720 2 2 10 10 1829 1859 1858
3721 2 2 10 10 1830 1831 1860
3722 2 2 10 10 1830 1860 1859
3723 2 2 10 10 1831 1832 1861
3724 2 2 10 10 1831 1861 1860
3725 2 2 10 10 1833 1834 1863
3726 2 2 10 10 1833 1863 1862
3727 2 2 10 10 1834 1835 1864
3728 2 2 10 10 1834 1864 1863
3729 2 2 10 10 1835 1836 1865
3730 2 2 10 10 1835 1865 1864
3731 2 2 10 10 1836 1837 1866
3732 2 2 10 10 1836 1866 1865
3733 2 2 10 10 1837 1838 1867
3734 2 2 10 10 1837 1867 1866
3735 2 2 10 10 1838 1839 1868
3736 2 2 10 10 1838 1868 1867
3737 2 2 10 10 1839 1840 1869
3738 2 2 10 10 1839 1869 1868
3739 2 2 10 10 1840 1841 1870
3740 2 2 10 10 1840 1870 1869
3741 2 2 10 10 1841 1842 1871
3742 2 2 10 10 1841 1871 1870
3743 2 2 10 10 1842 1843 1872
3744 2 2 10 10 1842 1872 1871
3745 2 2 10 10 1843 1844 1873
3746 2 2 10 10 1843 1873 1872
3747 2 2 10 10 1844 1845 1874
3748 2 2 10 10 1844 1874 1873
3749 2 2 10 10 1845 1846 1875
3750 2 2 10 10 1845 1875 1874
3751 2 2 10 10 1846 1847 1876
3752 2 2 10 10 1846 1876 1875
3753 2 2 10 10 1847 1848 1877
3754 2 2 10 10 1847 1877 1876
3755 2 2 10 10 1848 1849 1878
3756 2 2 10 10 1848 1878 1877
3757 2 2 10 10 1849 1850 1879
3758 2 2 10 10 1849 1879 1878
3759 2 2 10 10 1850 1851 1880
3760 2 2 10 10 1850 1880 1879
3761 2 2 10 10 1851 1852 1881
3762 2 2 10 10 1851 1881 1880
3763 2 2 10 10 1852 1853 1882
3764 2 2 10 10 1852 1882 1881
3765 2 2 10 10 1853 1854 1883
3766 2 2 10 10 1853 1883 1882
3767 2 2 10 10 1854 1855 1884
3768 2 2 10 10 1854 1884 1883
3769 2 2 10 10 1855 1856 1885
3770 2 2 10 10 1855 1885 1884
3771 2 2 10 10 1856 1857 1886
3772 2 2 10 10 1856 1886 1885
3773 2 2 10 10 1857 1858 1887
3774 2 2 10 10 1857 1887 1886
3775 2 2 10 10 1858 1859 1888
3776 2 2 10 10 1858 1888 1887
3777 2 2 10 10 1859 1860 1889
3778 2 2 10 10 1859 1889 1888
3779 2 2 10 10 1860 1861 1890
3780 2 2 10 10 1860 1890 1889
3781 2 2 10 10 1862 1863 1892
3782 2 2 10 10 1862 1892 1891
3783 2 2 10 10 1863 1864 1893
3784 2 2 10 10 1863 1893 1892
3785 2 2 10 10 1864 1865 1894
3786 2 2 10 10 1864 1894 1893
3787 2 2 10 10 1865 1866 1895
3788 2 2 10 10 1865 1895 1894
3789 2 2 10 10 1866 1867 1896
3790 2 2 10 10 1866 1896 1895
3791 2 2 10 10 1867 1868 1897
3792 2 2 10 10 1867 1897 1896
3793 2 2 10 10 1868 1869 1898
3794 2 2 10 10 1868 1898 1897
3795 2 2 10 10 1869 1870 1899
3796 2 2 10 10 1869 1899 1898
3797 2 2 10 10 1870 1871 1900
3798 2 2 10 10 1870 1900 1899
3799 2 2 10 10 1871 1872 1901
3800 2 2 10 10 1871 1901 1900
3801 2 2 10 10 1872 1873 1902
3802 2 2 10 10 1872 1902 1901
3803 2 2 10 10 1873 1874 1903
3804 2 2 10 10 1873 1903 1902
3805 2 2 10 10 1874 1875 1904
3806 2 2 10 10 1874 1904 1903
3807 2 2 10 10 1875 1876 1905
3808 2 2 10 10 1875 1905 1904
3809 2 2 10 10 1876 1877 1906
3810 2 2 10 10 1876 1906 1905
3811 2 2 10 10 1877 1878 1907
3812 2 2 10 10 1877 1907 1906
3813 2 2 10 10 1878 1879 1908
3814 2 2 10 10 1878 1908 1907
3815 2 2 10 10 1879 1880 1909
3816 2 2 10 10 1879 1909 1908
3817 2 2 10 10 1880 1881 1910
3818 2 2 10 10 1880 1910 1909
3819 2 2 10 10 1881 1882 1911
3820 2 2 10 10 1881 1911 1910
3821 2 2 10 10 1882 1883 1912
3822 2 2 10 10 1882 1912 1911
3823 2 2 10 10 1883 1884 1913
3824 2 2 10 10 1883 1913 1912
3825 2 2 10 10 1884 1885 1914
3826 2 2 10 10 1884 1914 1913
3827 2 2 10 10 1885 1886 1915
3828 2 2 10 10 1885 1915 1914
3829 2 2 10 10 1886 1887 1916
3830 2 2 10 10 1886 1916 1915
3831 2 2 10 10 1887 1888 1917
3832 2 2 10 10 1887 1917 1916
3833 2 2 10 10 1888 1889 1918
3834 2 2 10 10 1888 1918 1917
3835 2 2 10 10 1889 1890 1919
3836 2 2 10 10 1889 1919 1918
$EndElements
