/*--------------------------------*- C++ -*----------------------------------*\
| =========                 |                                                 |
| \\      /  F ield         | OpenFOAM: The Open Source CFD Toolbox           |
|  \\    /   O peration     | Version:  2506                                  |
|   \\  /    A nd           | Website:  www.openfoam.com                      |
|    \\/     M anipulation  |                                                 |
\*---------------------------------------------------------------------------*/
FoamFile
{
    version     2.0;
    format      ascii;
    arch        "LSB;label=32;scalar=64";
    class       volVectorField;
    location    "5000";
    object      fvSource;
}
// * * * * * * * * * * * * * * * * * * * * * * * * * * * * * * * * * * * * * //

dimensions      [0 1 -2 0 0 0 0];

internalField   nonuniform List<vector> 
4096
(
(10.92438192248103 4.876829013982962 1.86806619522764e-17)
(30.87085314661014 5.984195757825383 1.874089147399334e-16)
(46.95202394106871 7.639837143390475 2.12716265387011e-13)
(58.14500245034595 9.221914713470369 5.83263086034805e-16)
(62.98771337765645 10.2236017813428 4.115417494747957e-13)
(61.06226305280057 10.52581905881713 2.209516991512432e-13)
(52.98187192957672 10.2902061677908 2.131335199284823e-13)
(40.04775861015278 9.724879126163442 1.647918451366206e-16)
(23.9554038445579 8.978632869618133 4.229829275779146e-13)
(6.635166554844814 8.146063224397849 -2.31023180479653e-16)
(-9.897503435105989 7.277463284915372 2.262371152253669e-13)
(-23.75533426069083 6.367836844980423 -1.470365053031042e-16)
(-33.41450363285963 5.358387175424844 -8.866310728332724e-18)
(-37.89677299990978 4.169467461340333 -5.250846925032813e-18)
(-36.85659695328335 2.749695773216149 8.07801265297467e-19)
(-30.57442461011032 1.114568608506179 1.332878395012116e-17)
(-19.88338616571158 -0.6406151907377038 2.197109321781949e-16)
(-6.063542471071226 -2.353140387387379 4.093912012022665e-13)
(9.269591991553686 -3.822617576331548 2.182048591520824e-16)
(24.27165372576129 -4.849627116095395 -3.019291545689809e-18)
(36.97811739697675 -5.275542270849841 -4.556563450004863e-16)
(45.43246673786754 -5.014923493518201 2.227436527834117e-13)
(47.84697117044568 -4.071186391843794 -6.159171645558872e-16)
(42.7895020124782 -2.529467990933656 4.20887210015919e-13)
(29.36610452741067 -0.5273597114622407 -1.532844894236293e-16)
(7.35988159092093 1.789690524457761 2.685917382251397e-17)
(-22.69640389006128 4.317846025183959 9.138495405039711e-18)
(-59.49943355253404 7.035611463084697 2.827537673028333e-18)
(-100.9545080637338 10.01763820438831 1.615727166768442e-18)
(-144.0909622298792 13.39875181393282 5.049108139324642e-19)
(-184.8826068991434 17.26512486631368 1.009832748310584e-19)
(-218.0324576273078 21.46283157749259 2.313636225988055e-24)
(-236.9301919257233 25.35911878966031 1.534642571856472e-24)
(-234.151712469756 27.68547864302608 1.009742118628202e-19)
(-202.8841596822621 26.69352122710384 1.007866813840702e-19)
(-139.2862179798038 20.80284420214225 -2.383436773015406e-17)
(-45.04283233137161 9.538548025741548 -2.721607544379152e-14)
(70.98015039230872 -5.913065548934882 -2.377945802834505e-17)
(191.1320115118988 -22.74848779620438 3.028940133336076e-19)
(280.3613157839224 -34.43558558359216 -4.680937261502641e-16)
(229.0004219881314 -33.75912939123248 2.653317609763799e-15)
(0 0 0)
(0 0 0)
(0 0 0)
(0 0 0)
(0 0 0)
(0 0 0)
(0 0 0)
(0 0 0)
(0 0 0)
(0 0 0)
(0 0 0)
(0 0 0)
(0 0 0)
(0 0 0)
(0 0 0)
(0 0 0)
(0 0 0)
(0 0 0)
(0 0 0)
(0 0 0)
(0 0 0)
(0 0 0)
(0 0 0)
(12.03252047608748 15.12272792555722 -4.523375301681002e-17)
(33.63444188572808 18.37832100711634 1.351644359674775e-15)
(50.19013788573327 23.11168286701535 2.22592761722159e-13)
(60.72901426633233 27.31037657630217 1.274326492414049e-15)
(64.29176156146454 29.69690299311755 2.221128757909258e-13)
(61.12893795188524 30.1845451352024 2.28155630394347e-13)
(52.18094874355122 29.28216018939009 4.185085823605197e-13)
(38.73616102046494 27.51007909371517 -2.076008131026872e-16)
(22.37653117724969 25.26329790303134 4.165371454072074e-13)
(4.933913992050359 22.84509786344836 -4.677090966196119e-16)
(-11.67583381940964 20.43053012375233 4.218576759208794e-13)
(-25.67453055436727 17.99674897366672 -2.588938225954872e-16)
(-35.61300451015151 15.33488376297911 1.033946465201759e-16)
(-40.50560225000464 12.16792922657627 -1.736808579368572e-17)
(-39.91163513309007 8.309547743561929 -5.452464273076946e-18)
(-33.96487188709666 3.782980449199056 -3.594760390088932e-17)
(-23.35122468829977 -1.142158189550864 -5.252580903116258e-16)
(-9.245664859603554 -5.991831779392725 2.239464302223329e-13)
(6.772996283456756 -10.18227709840937 -5.3395194544551e-16)
(22.81863128763058 -13.13938524986187 -4.887391646359122e-17)
(36.81273355759191 -14.41622893342297 -3.514637606633139e-16)
(46.6367436007435 -13.78109774590914 4.213205500282518e-13)
(50.3323537892585 -11.25113968711038 -5.60537258404067e-16)
(46.33325961837176 -7.062156883466159 4.150968591956499e-13)
(33.6851959077859 -1.585052198630795 -1.412865877377853e-16)
(12.20502110145858 4.789619501438555 3.145586304340743e-16)
(-17.4505482080548 11.77551418004764 9.863210541267279e-17)
(-53.79970443673448 19.29484850213074 4.231098771055304e-17)
(-94.59142632384911 27.52124637315777 2.049884866605944e-17)
(-136.8435267449746 36.80205945697187 5.351857231112998e-18)
(-176.8185676249993 47.39766368997676 1.009794657335511e-18)
(-209.9384905029597 59.00575485974355 -1.009581511079984e-19)
(-230.7075557342971 70.13469005311853 3.029267778541837e-19)
(-232.8173039691027 77.59564036945179 1.009708776543861e-19)
(-209.7667717047209 76.67152786046262 -6.057553365909483e-19)
(-156.4411549427384 62.60327035687232 8.689246787592496e-18)
(-71.75869698150406 33.38209442010888 -5.226141777903287e-14)
(38.69316026331529 -7.524077918146632 9.137307606175207e-18)
(161.4836559999444 -49.98291726793223 -1.146483665778703e-20)
(274.1933089201076 -60.28338064060961 -2.222399134891226e-15)
(251.7409261114447 -51.54025725521203 1.309512516701542e-14)
(0 0 0)
(0 0 0)
(0 0 0)
(0 0 0)
(0 0 0)
(0 0 0)
(0 0 0)
(0 0 0)
(0 0 0)
(0 0 0)
(0 0 0)
(0 0 0)
(0 0 0)
(0 0 0)
(0 0 0)
(0 0 0)
(0 0 0)
(0 0 0)
(0 0 0)
(0 0 0)
(0 0 0)
(0 0 0)
(0 0 0)
(14.18051142728072 28.22270207623463 -2.166304292442374e-13)
(38.86041469338358 33.63127563622845 -4.1286313542866e-13)
(55.88453432358558 40.67239986716977 1.363515485365438e-15)
(64.73053186678622 45.84420754294855 4.40730553913092e-16)
(65.86207618447015 48.00883336454876 -2.320637038984046e-13)
(60.64762116168381 47.67547495848563 -4.108664941545902e-13)
(50.3074297991111 45.55311277244473 -4.144724239430639e-13)
(36.02885636156122 42.21217135616167 4.289461512629441e-16)
(19.29033001369584 38.27158258461048 -1.813569522847193e-16)
(1.802263635560179 34.34966666780071 1.417664552348528e-16)
(-14.74602062680335 30.79873900720441 -1.983148292817792e-16)
(-28.85117322533967 27.53356945816814 2.589030950684851e-16)
(-39.24353185378837 24.09690352864635 -4.174204816850011e-13)
(-44.92232534873177 19.90562420567406 1.637711438027845e-16)
(-45.24176236139707 14.54249222209811 -2.220568254088813e-17)
(-40.02634046765928 7.969032179477807 -4.366037926194831e-16)
(-29.65839525517352 0.5907920790722573 -4.290414771629498e-16)
(-15.10383960607386 -6.82464947706115 -6.527220776281093e-16)
(2.121883560848435 -13.3294326765106 -4.49641749557015e-16)
(20.0375737205797 -18.01610654231414 -3.653699036149447e-16)
(36.336305762968 -20.21508372370648 -3.289973954926775e-16)
(48.5974866968149 -19.61283408886143 -3.401703783337789e-16)
(54.56587188925639 -16.26173371602098 -3.299100498115004e-17)
(52.45557623956721 -10.4984972049025 -1.30957817452611e-16)
(41.21789078582492 -2.815816116828707 9.634275484792428e-16)
(20.72047592736901 6.275820503937104 -4.216494553223359e-13)
(-8.191134896927366 16.38194794775156 6.659728132809119e-16)
(-43.75365596846967 27.34533511009571 3.811753313258858e-16)
(-83.44725305074959 39.32081954712305 1.540856138932472e-16)
(-124.2145084854934 52.72883871402367 3.483569410536601e-17)
(-162.6788880393759 67.99263440963485 5.351686398091142e-18)
(-195.2954247009432 84.99589027246098 6.05899218000578e-19)
(-218.340318902842 102.2878482760936 1.68173080121198e-23)
(-227.6149063827297 116.229554677491 3.029289029272981e-19)
(-217.8765788359532 120.6093152417118 1.312712752037582e-18)
(-182.5757143653198 107.7691902738753 8.785223397236899e-18)
(-115.170252407665 72.4658858763794 5.300059208237358e-14)
(-12.38493640147581 18.24941237490056 8.557056276935672e-18)
(122.7760276443644 -37.37352396376041 -1.46411759057375e-18)
(278.3362234756052 -32.89638130980424 -5.702244108468732e-15)
(292.093467770456 -40.0976978232318 3.233910406725056e-14)
(0 0 0)
(0 0 0)
(0 0 0)
(0 0 0)
(0 0 0)
(0 0 0)
(0 0 0)
(0 0 0)
(0 0 0)
(0 0 0)
(0 0 0)
(0 0 0)
(0 0 0)
(0 0 0)
(0 0 0)
(0 0 0)
(0 0 0)
(0 0 0)
(0 0 0)
(0 0 0)
(0 0 0)
(0 0 0)
(0 0 0)
(17.44051746476118 48.57899078509524 3.797054366717292e-16)
(46.08410381977413 55.52979378734776 1.157463313822065e-15)
(62.40306978305548 62.32207923675183 1.056331728788533e-16)
(68.06544776839409 65.37974072014866 6.038093031039211e-17)
(66.12302898250792 65.36061460192776 2.855427159500637e-16)
(58.67321736013027 63.18059985315271 -4.808264870005572e-16)
(46.71764514346164 59.01477103332112 3.806820982416823e-16)
(31.45463083535014 53.35155867703602 3.433213828799422e-17)
(14.5140264895354 47.29185984995021 1.954851984125023e-16)
(-2.538929584628594 41.93780121328773 -4.22638605735197e-13)
(-18.49193102646369 37.79326112311174 3.592575598529397e-16)
(-32.37636602987136 34.60333977050803 -4.208792348395541e-13)
(-43.24094975972674 31.5530146783411 3.750481135674031e-16)
(-50.06001355523293 27.641118926721 3.615924736161981e-16)
(-51.84822715810575 22.09256787954814 -6.914343488368338e-17)
(-47.91657202730733 14.68715313811853 2.259029174198224e-13)
(-38.14490634192028 5.888627785511284 -2.156490357769328e-13)
(-23.16588961331748 -3.274831129238873 -1.040134465188338e-15)
(-4.418460782806969 -11.51852030712234 -2.157399600727089e-13)
(15.93298024170749 -17.66823975927582 -4.10292971869405e-13)
(35.2160060140811 -20.94445960238092 -4.032371167506226e-13)
(50.59009361062684 -21.058743640754 5.284438859963263e-17)
(59.44669067420194 -18.12541238967518 7.165837956470786e-17)
(59.77917721738876 -12.48803666854508 7.019010561389053e-16)
(50.45951361558789 -4.56711421795189 4.120955393686139e-13)
(31.40278516447652 5.228309242820988 1.085614854817785e-15)
(3.61896639646743 16.55245828324071 -2.314625913613726e-13)
(-30.8608328384674 29.19077020530793 -4.214151619223711e-13)
(-69.20792272037053 43.1593305769763 -4.228607485399363e-13)
(-108.171711883774 58.77055808051536 1.244500956369603e-16)
(-144.5515160685284 76.53179527296668 1.726707822162158e-17)
(-175.643276637249 96.75280220820643 1.918708740106782e-18)
(-199.473891328261 118.8333332527107 3.029798013590126e-19)
(-214.4958370014732 140.2945221562471 6.058778214893219e-19)
(-218.2271361115606 155.7247653590879 5.351933084401429e-18)
(-204.5845843125867 156.3380761902735 1.059324358454138e-13)
(-161.2784748750392 132.1931718997128 5.329440536386056e-14)
(-71.14624956790007 80.07383764277247 5.158943214409236e-17)
(78.25619450012405 15.65354861825032 -6.027141182992816e-17)
(277.2203520038553 29.41749749080872 9.81741977152636e-14)
(320.4934462719542 -36.9983742875049 -1.576799400516068e-13)
(0 0 0)
(0 0 0)
(0 0 0)
(0 0 0)
(0 0 0)
(0 0 0)
(0 0 0)
(0 0 0)
(0 0 0)
(0 0 0)
(0 0 0)
(0 0 0)
(0 0 0)
(0 0 0)
(0 0 0)
(0 0 0)
(0 0 0)
(0 0 0)
(0 0 0)
(0 0 0)
(0 0 0)
(0 0 0)
(0 0 0)
(21.13062764112452 83.72740280569333 -4.141067785860817e-13)
(52.60347904550154 87.49654347487208 -4.134010785125013e-13)
(65.7344812570675 86.88183509203773 3.390139967280788e-16)
(67.76906724385353 83.84217621504344 -3.316919377337889e-17)
(63.66293531818386 80.6622369127986 2.049799795042732e-17)
(54.30177759270234 75.89478151114726 -2.584988605766036e-17)
(40.47838862253303 68.42677684413458 -8.071917406210363e-19)
(24.30594517636986 59.40281232035587 -4.235132424071298e-13)
(7.87657254706362 50.90882183758466 4.235796333112657e-13)
(-7.696335091795465 44.44195735808083 2.38199437564104e-16)
(-22.08048206845949 40.40521077423259 4.235349612508927e-13)
(-35.09141966821817 38.26067540637507 1.806367973760618e-16)
(-46.20575269472964 36.85587919592594 4.068631848762681e-13)
(-54.38277214527243 34.7887474339874 2.144309686218055e-13)
(-58.19572814968265 30.84218594849226 1.885903201955747e-15)
(-56.23028056037995 24.44159049558251 4.230015598724251e-13)
(-47.62037952006313 15.93461773505672 -6.88882990031346e-16)
(-32.51098769608043 6.484618402634843 2.275286035223581e-13)
(-12.27152507028202 -2.404529135457711 -6.802041549556975e-16)
(10.61163442474756 -9.459894693314524 -3.578938638504899e-16)
(32.94580188491771 -13.99690192366727 1.052425838636677e-16)
(51.41653391226141 -15.89326376082066 -4.199811536665157e-13)
(63.13657886299762 -15.31220633300638 4.444465448033112e-16)
(66.01387441154205 -12.42021256479521 3.308837674434316e-16)
(58.93423669606053 -7.261055997379767 5.062396907595607e-16)
(41.84004842659377 0.198234834579074 4.210361513819425e-13)
(15.77132606362313 9.944112776011742 8.775671446662142e-16)
(-17.14678367564674 21.849270799038 4.276289066161557e-16)
(-53.867465175406 35.75649311596689 1.587202880428409e-16)
(-90.84204378978143 51.69716396390575 3.524039565478559e-17)
(-124.6966439124731 70.08088060581247 6.008254732155519e-18)
(-152.9938867211505 91.6112089948596 1.009843109064788e-18)
(-174.7985989539108 116.7935607111634 4.54467592313446e-19)
(-190.7234742757515 145.1452918800066 3.825096429327603e-23)
(-201.8330248029202 174.1228267625894 9.593047772061253e-19)
(-206.1073078347649 197.4498503818918 1.378356600867554e-17)
(-191.4344909594454 203.0416431602806 -1.058697224934951e-13)
(-128.9245596710268 174.499669990725 1.397818254183855e-17)
(17.82134072016115 105.510001458573 -2.576480205692415e-18)
(250.0457285675872 104.9532564306381 -5.018388578096241e-15)
(321.6068790947828 -46.83162573126618 3.754989029374792e-14)
(0 0 0)
(0 0 0)
(0 0 0)
(0 0 0)
(0 0 0)
(0 0 0)
(0 0 0)
(0 0 0)
(0 0 0)
(0 0 0)
(0 0 0)
(0 0 0)
(0 0 0)
(0 0 0)
(0 0 0)
(0 0 0)
(0 0 0)
(0 0 0)
(0 0 0)
(0 0 0)
(0 0 0)
(0 0 0)
(0 0 0)
(21.20892494707528 148.3119143892928 -4.206652927768786e-13)
(49.23852806096284 130.0792616750718 -2.155657323830687e-13)
(58.74870254139113 108.8800310266675 4.22743712532912e-13)
(61.84584960710345 98.82736242382877 -1.531784207590018e-16)
(58.17563428157914 93.48488018825378 -2.554686166631802e-17)
(46.43775729286288 84.61500981596362 -8.583378506839731e-18)
(30.2256759535165 71.8498145279779 -3.736229944371126e-18)
(13.93667582846633 58.75320844779279 4.543800745255574e-18)
(-0.4468284724230879 48.22173124568464 4.235463619416364e-13)
(-13.04254064700355 41.37364242352822 1.504461647556636e-17)
(-24.67321297803944 38.11126155104078 4.180065207697827e-13)
(-35.92569760805471 37.67783901879464 -5.242534957567709e-16)
(-46.71287773063739 38.87025591322615 1.981705383432082e-14)
(-56.07370679913521 40.15316452264501 4.291811892535373e-13)
(-62.19538409323296 39.94210692302385 -3.805054768436375e-15)
(-62.82414024010499 37.13145733402193 -1.927495620703127e-13)
(-56.10187843258384 31.62143147377146 -3.478617447829264e-16)
(-41.50503648092825 24.3632328760915 2.337721358470791e-13)
(-20.36297387898004 16.72967900552074 -1.362327701797448e-16)
(4.340607451920369 9.71796871911857 -2.155628389699951e-18)
(28.78263694910139 3.623523660572262 4.164840542306448e-16)
(49.27478920388877 -1.673176489751132 2.196015599523169e-13)
(62.91974187158959 -6.225129581632326 6.378666584751678e-16)
(67.83032755327224 -9.70510446201221 2.126152242537686e-13)
(63.07796101388796 -11.39236735861037 6.010017638228928e-17)
(48.60795393581257 -10.40469013766233 2.301510651062627e-16)
(25.27000235870795 -6.028305247445044 4.121467849562562e-13)
(-5.048452499569799 2.029259987542641 7.199732259359174e-16)
(-39.36002955537072 13.62195543393289 6.333653676950953e-17)
(-73.84732439426891 28.45944104775227 1.060315034334426e-17)
(-104.6374710381344 46.59766637909759 6.299095408005129e-18)
(-128.9305965314485 68.76583538148782 3.346725282823221e-18)
(-145.9398084421999 96.10511101366764 4.21062331948211e-18)
(-157.166570950936 129.4932271485827 1.850543575165992e-18)
(-165.9225776171644 169.0475192112537 3.672206686296897e-18)
(-175.6657679275067 213.5052025369516 -4.000894357993891e-17)
(-184.2286552725445 256.5882751772089 -1.087024809293122e-13)
(-168.6778912403709 277.109597736419 -4.476574220612403e-17)
(-70.16671034882052 232.738966634281 4.75243626707868e-20)
(167.6022875421939 202.3772879312028 -2.133604712211236e-15)
(294.2310616167115 -86.0378454754063 1.146522813484359e-14)
(0 0 0)
(0 0 0)
(0 0 0)
(0 0 0)
(0 0 0)
(0 0 0)
(0 0 0)
(0 0 0)
(0 0 0)
(0 0 0)
(0 0 0)
(0 0 0)
(0 0 0)
(0 0 0)
(0 0 0)
(0 0 0)
(0 0 0)
(0 0 0)
(0 0 0)
(0 0 0)
(0 0 0)
(0 0 0)
(0 0 0)
(2.897276502845588 263.1339543608809 -4.188812679476259e-13)
(13.17160500882636 172.6462420487295 -2.222080648997293e-13)
(34.48258206583867 121.8664349859892 4.227024437870195e-13)
(52.37391641456126 111.4653887340269 -1.112776516494042e-16)
(49.45058269688307 102.9795744172219 -3.009069982930729e-17)
(32.66671193193593 85.79038348466639 -3.372486373324805e-17)
(14.61658726206508 66.30843431770128 -1.211668606467676e-17)
(0.6778619030559825 50.29133952653733 -4.24087712643855e-18)
(-9.502993470169059 39.34726527774237 4.235176854089819e-13)
(-17.80680478383178 33.11872513545591 2.342615878946035e-17)
(-25.77628547340226 30.94476324996781 4.23430033203585e-13)
(-34.33242530680405 32.22360171862979 -1.128895267241851e-16)
(-43.73042719023984 36.21824449759004 4.229954747572745e-13)
(-53.31092113138917 41.81523790426434 1.272994213057896e-17)
(-61.21743533009845 47.48410335399043 -3.907733974356883e-16)
(-64.5509560068636 51.60713263786064 -2.261802410460071e-16)
(-60.38860397964996 53.14048853765274 2.55885945025501e-16)
(-47.40274016368012 52.01832603516212 2.198143404469495e-13)
(-26.91678922831848 48.63325148694892 2.905967556887766e-16)
(-2.494520921739896 42.97685945420601 6.482970450688465e-17)
(21.5546566784009 34.70100292778164 2.646490260599451e-16)
(41.56788067337802 23.66380778149657 2.128295575978575e-13)
(55.10465089306577 10.37202915315379 -4.558690559315333e-17)
(60.84663663567714 -3.903447202912676 2.324669058360548e-13)
(58.23465101966777 -17.31310658286016 4.224730156273831e-13)
(47.20411053645685 -27.79595905421222 4.218031450315417e-13)
(28.20527618839047 -33.51191490848344 3.789651044832086e-16)
(2.503477007398478 -33.22768429304732 1.091070801041965e-17)
(-27.43728411163634 -26.52993029933578 1.580251389102426e-17)
(-57.86633284198694 -13.71127601885785 2.186043704509709e-17)
(-84.39024957736865 4.729872199661918 3.746054483686789e-17)
(-103.4864420848958 28.75559990321397 2.231488409435733e-17)
(-114.0712071849512 58.98165596736921 4.069122567778784e-17)
(-117.7810660785 95.89782252504293 1.5297267806865e-17)
(-117.8210494193568 139.6203565275734 1.667877593345291e-18)
(-118.566551891828 191.2882041775424 3.629601406805635e-17)
(-127.8300958020083 254.4447599639309 -2.118669953466082e-13)
(-152.7738682054061 327.3422396367116 3.018422551794496e-18)
(-161.0062663778021 368.3435518575326 2.294374206598925e-18)
(-14.96456913958395 384.9199072100436 -3.17299550977595e-15)
(211.4369670326003 -115.6637907534117 1.805200481727319e-14)
(0 0 0)
(0 0 0)
(0 0 0)
(0 0 0)
(0 0 0)
(0 0 0)
(0 0 0)
(0 0 0)
(0 0 0)
(0 0 0)
(0 0 0)
(0 0 0)
(0 0 0)
(0 0 0)
(0 0 0)
(0 0 0)
(0 0 0)
(0 0 0)
(0 0 0)
(0 0 0)
(0 0 0)
(0 0 0)
(0 0 0)
(-256.1711435345842 383.67275867887 -2.813676947051322e-15)
(-266.6660188846221 190.4091699361095 -8.319005915650807e-15)
(-174.9108949629269 135.4621838468682 1.567912529622541e-15)
(-126.6018924509476 124.3100951994579 9.81865093542927e-15)
(-134.8893695909752 100.7268458548229 4.225095941902297e-13)
(-156.6018915395692 72.01361807263665 -9.642001275259089e-15)
(-171.1920087550393 49.46787040437823 -1.010359681729207e-14)
(-178.7573497450192 34.68594319693852 -3.016852423627867e-15)
(-183.3106567428322 25.67241317395185 4.303403021037175e-13)
(-187.1905891000553 20.81727235993717 1.998838114393769e-15)
(-191.4251240321968 19.50646019167536 4.194936679978707e-13)
(-196.6204319325768 21.71914394901533 -9.984326006553692e-15)
(-203.1017649034575 27.62672412116598 -1.463003894198821e-14)
(-210.5274135483637 37.23488921306913 -1.865809459763535e-14)
(-217.2989498963643 49.98559918150063 -1.202449011619823e-14)
(-220.2425425549662 64.37017233233617 -7.62775477841959e-15)
(-215.4674740484497 77.99033715445621 -2.380739861755094e-15)
(-200.8094303165324 88.26578785790845 4.207851532445357e-13)
(-177.9188276748643 92.96876452830945 -7.599457213927224e-18)
(-151.3305767454768 89.99275802941673 -5.368700942557284e-15)
(-125.8628165889175 78.52023610168511 -3.041790917968459e-15)
(-105.064413329339 59.1466049666833 2.341361063423888e-13)
(-90.93266310609839 33.68421095837927 8.037796230996059e-15)
(-84.33112015070452 4.770667680138843 4.277290911361977e-13)
(-85.55128299192566 -24.50426370230955 -1.655999097677625e-15)
(-94.66342385372909 -50.89801131562275 -7.955256462095873e-15)
(-111.501110504639 -71.2858405681263 -9.703146531428273e-15)
(-135.2848055871844 -82.9728580670883 -1.076020536055111e-14)
(-164.0257480519991 -84.09833063004554 -8.394173209680746e-15)
(-194.0675185925519 -74.05020997222329 -5.516744363812998e-15)
(-220.3623350897603 -53.64257637088568 -8.083016944414901e-15)
(-238.1123249362161 -24.93319333740691 -9.747001710113854e-15)
(-245.5673074599682 10.10503283088437 -9.763841113376205e-15)
(-244.923513858349 49.34226755317992 -8.237516515804575e-15)
(-239.3598306282382 90.77469578548765 -8.345335875228293e-15)
(-229.4267899773533 133.3749301581292 -8.199016347047222e-15)
(-216.4522727255664 180.6082265982432 -4.172141099516943e-13)
(-223.6341737552582 249.7217567194367 -1.357867831627859e-14)
(-312.2766829055074 369.0663817760665 -1.465864323506168e-14)
(-436.0464802515873 630.872343378658 -2.287402925044913e-14)
(64.64999244138065 90.87522368080533 4.688320617083894e-14)
(0 0 0)
(0 0 0)
(0 0 0)
(0 0 0)
(0 0 0)
(0 0 0)
(-316.0050646284471 424.9541477380358 -3.77567881742798e-14)
(-52.22104658028329 176.4485152460386 1.868671308774349e-15)
(146.8155786465736 113.5272658213692 -1.092527580130766e-13)
(120.1054074868863 59.20989056294706 -1.297712657319936e-13)
(80.41238954488674 27.05965501288268 -1.344788141334043e-14)
(78.71961199199978 -9.454190674426417 6.170649646317803e-15)
(113.1787202737939 -46.73484202341014 1.014910169525942e-15)
(135.3479401117583 -111.1156093301051 3.794465298230901e-16)
(-53.13341164052449 -184.5172936341897 -2.889501903645746e-16)
(-319.7174781041522 -438.9272856019439 2.058919851717486e-14)
(0 0 0)
(0 0 0)
(0 0 0)
(0 0 0)
(0 0 0)
(0 0 0)
(0 0 0)
(-365.0399393961517 215.6210819602912 -3.738029876764143e-13)
(-206.5565767626241 137.7750270694382 -4.107956827909163e-13)
(47.03596567236732 141.7553342509279 -2.741718657551873e-14)
(104.0233126176346 98.21014116456418 -2.747738392134667e-14)
(87.6989855412826 59.59975246338905 -3.965710597879463e-13)
(73.43824640163558 36.18346238010878 -3.725232357435304e-13)
(69.40033731885607 23.00445846240225 7.228405541367914e-14)
(68.98245880375643 15.14264004700274 -7.825524474590647e-13)
(68.82649932453239 10.22907022094868 -1.934516764914038e-14)
(68.38694743674276 7.449445685358375 -4.548471201976217e-13)
(67.70500369649984 6.687183618595134 4.461332295825405e-13)
(66.69275248939005 8.250455799158875 -3.41318636353423e-13)
(65.17899446587957 12.80640672921627 9.625813388432493e-14)
(63.1132275373038 21.21650956553769 -3.426641612805421e-13)
(60.67273341133775 34.14227666384193 4.908365538753779e-13)
(58.30648711880744 51.18141992430835 -3.519398904427165e-13)
(56.8720756477408 69.91167654353654 -4.959358725262891e-15)
(57.30031305905023 86.0760964895391 -1.543002600388971e-15)
(59.16359482008123 95.59064248687908 -3.894273574522254e-13)
(61.46689642800732 95.20078940080853 -3.749856558781966e-13)
(63.70183366108037 84.54899624807132 -4.11370737499117e-13)
(65.42622543962206 64.97582087757822 -4.655519884871038e-14)
(66.52561968280196 38.87820786867771 -5.66667435605234e-14)
(67.05612240354797 9.012383694331042 -2.510642556122046e-14)
(67.0969211831539 -21.80463948051571 -4.151620578338914e-13)
(66.62423402152716 -50.74596823242796 1.843456181102008e-14)
(65.53428457191684 -74.92942191994925 5.072761963712316e-13)
(63.74709300362567 -91.465188187195 -3.027457258452707e-13)
(61.36404660891837 -97.78225016126217 -3.916392111088682e-13)
(58.84495488451925 -92.36875941006362 3.886581816222676e-14)
(56.7392640484068 -75.44919938860937 -3.738540450299026e-13)
(56.13519457589434 -50.29976073704197 6.581336676067027e-14)
(57.52142650010725 -21.08489192520335 -1.641908596112989e-13)
(59.7814103778681 7.884025595853457 5.588479216268933e-14)
(61.87974991132667 34.14211522034297 -1.538663243156654e-13)
(65.33755678828973 56.75427162420203 -1.972413814553213e-13)
(79.42172175483283 74.48894135159361 7.476744751962159e-14)
(117.6893962249409 86.46646300487537 -3.116936721073602e-13)
(139.8293047595195 120.9360295958275 -1.341280298216875e-13)
(-49.47175422060511 165.3880138708074 -3.429419043223428e-13)
(-295.6175361472768 403.9166038549222 -2.136389387936157e-13)
(0 0 0)
(0 0 0)
(0 0 0)
(0 0 0)
(0 0 0)
(0 0 0)
(57.37648044421972 104.7691522322554 -2.053349047192052e-13)
(-488.3546865997268 642.2166093298806 -2.189585084850318e-13)
(-369.6983246334311 340.9845210704438 3.668350201562229e-15)
(-282.5695840297314 180.0871290246964 -1.569202721632796e-15)
(-274.166451947132 63.82046391368601 -2.033349044359261e-13)
(-280.2434528786236 -39.66279537874956 -1.088046481029092e-13)
(-301.5512068680256 -161.8801124844567 -1.063273091129148e-13)
(-397.737336776918 -330.601643116675 -1.035024191201489e-13)
(-501.86340770373 -624.730697826142 -2.074767665725322e-14)
(80.66229085087889 -96.59931296660984 3.017811298274014e-14)
(0 0 0)
(0 0 0)
(0 0 0)
(0 0 0)
(0 0 0)
(0 0 0)
(0 0 0)
(0 0 0)
(0 0 0)
(0 0 0)
(0 0 0)
(0 0 0)
(0 0 0)
(0 0 0)
(0 0 0)
(0 0 0)
(0 0 0)
(0 0 0)
(0 0 0)
(0 0 0)
(0 0 0)
(0 0 0)
(0 0 0)
(0 0 0)
(0 0 0)
(0 0 0)
(0 0 0)
(0 0 0)
(0 0 0)
(0 0 0)
(0 0 0)
(0 0 0)
(0 0 0)
(0 0 0)
(0 0 0)
(0 0 0)
(0 0 0)
(0 0 0)
(0 0 0)
(0 0 0)
(0 0 0)
(0 0 0)
(0 0 0)
(0 0 0)
(0 0 0)
(0 0 0)
(0 0 0)
(0 0 0)
(0 0 0)
(0 0 0)
(0 0 0)
(0 0 0)
(0 0 0)
(0 0 0)
(189.8603624252075 -124.4044902596119 5.254222889778761e-14)
(-68.25087931031388 372.1146632122648 -7.854994542871169e-15)
(-238.3361484504648 319.9596550927114 1.174634396234369e-16)
(-248.347670046785 228.9323260788317 3.613992231249515e-16)
(-238.7581586379456 87.46168241121006 -5.609210233298985e-16)
(-246.3029539116693 -60.07145521797841 -2.942213507548264e-16)
(-269.0382105082595 -201.9021320212749 -6.42876270933539e-17)
(-263.0914618488668 -290.6799114514472 -4.886568581084162e-17)
(-76.5522317673454 -323.3865596713121 -9.600550308145052e-16)
(201.9558324379759 133.104696835098 1.193413664160394e-14)
(0 0 0)
(0 0 0)
(0 0 0)
(0 0 0)
(0 0 0)
(0 0 0)
(0 0 0)
(0 0 0)
(0 0 0)
(0 0 0)
(0 0 0)
(0 0 0)
(0 0 0)
(0 0 0)
(0 0 0)
(0 0 0)
(0 0 0)
(0 0 0)
(0 0 0)
(0 0 0)
(0 0 0)
(0 0 0)
(0 0 0)
(0 0 0)
(0 0 0)
(0 0 0)
(0 0 0)
(0 0 0)
(0 0 0)
(0 0 0)
(0 0 0)
(0 0 0)
(0 0 0)
(0 0 0)
(0 0 0)
(0 0 0)
(0 0 0)
(0 0 0)
(0 0 0)
(0 0 0)
(0 0 0)
(0 0 0)
(0 0 0)
(0 0 0)
(0 0 0)
(0 0 0)
(0 0 0)
(0 0 0)
(0 0 0)
(0 0 0)
(0 0 0)
(0 0 0)
(0 0 0)
(0 0 0)
(257.6911437434153 -94.78456358375178 -3.60375574271564e-13)
(91.31130784426875 190.154918310704 -1.532775079767828e-14)
(-188.5216350133527 180.5180731710063 6.134366566052398e-16)
(-328.7972763544037 169.5619535097883 -2.26388425704095e-13)
(-377.534097711428 75.54313244683085 -2.056863252337665e-13)
(-383.6488258625375 -43.14801826362802 -1.062416770277176e-13)
(-344.9432724033974 -133.4310795000196 -2.528724049185451e-14)
(-208.3976855233412 -138.4757751778893 2.799056233074033e-14)
(75.47349585848276 -131.8180653222985 5.254729817514545e-14)
(249.6928667155253 102.8433874556023 2.196047807013274e-14)
(0 0 0)
(0 0 0)
(0 0 0)
(0 0 0)
(0 0 0)
(0 0 0)
(0 0 0)
(0 0 0)
(0 0 0)
(0 0 0)
(0 0 0)
(0 0 0)
(0 0 0)
(0 0 0)
(0 0 0)
(0 0 0)
(0 0 0)
(0 0 0)
(0 0 0)
(0 0 0)
(0 0 0)
(0 0 0)
(0 0 0)
(0 0 0)
(0 0 0)
(0 0 0)
(0 0 0)
(0 0 0)
(0 0 0)
(0 0 0)
(0 0 0)
(0 0 0)
(0 0 0)
(0 0 0)
(0 0 0)
(0 0 0)
(0 0 0)
(0 0 0)
(0 0 0)
(0 0 0)
(0 0 0)
(0 0 0)
(0 0 0)
(0 0 0)
(0 0 0)
(0 0 0)
(0 0 0)
(0 0 0)
(0 0 0)
(0 0 0)
(0 0 0)
(0 0 0)
(0 0 0)
(0 0 0)
(275.1351070757119 -46.66291226772644 6.807522896520054e-14)
(149.5854938821982 110.6029395251168 -4.291541689098401e-13)
(-146.344412261392 63.77872534968528 6.777313063682385e-16)
(-353.322610940359 75.2008018829298 5.187871520983362e-16)
(-451.4681303908233 42.68005484259311 -2.690073603585776e-16)
(-455.277165824734 -7.266517219679304 -3.532480046966809e-17)
(-364.3659675965554 -36.31701458587815 -2.70652668562266e-17)
(-164.6404450873536 -21.51802322864298 -7.771551951625816e-17)
(121.6526116813216 -58.184874113432 -2.918130232453523e-15)
(247.1971350229012 53.05903577975074 2.51199493309816e-15)
(0 0 0)
(0 0 0)
(0 0 0)
(0 0 0)
(0 0 0)
(0 0 0)
(0 0 0)
(0 0 0)
(0 0 0)
(0 0 0)
(0 0 0)
(0 0 0)
(0 0 0)
(0 0 0)
(0 0 0)
(0 0 0)
(0 0 0)
(0 0 0)
(0 0 0)
(0 0 0)
(0 0 0)
(0 0 0)
(0 0 0)
(0 0 0)
(0 0 0)
(0 0 0)
(0 0 0)
(0 0 0)
(0 0 0)
(0 0 0)
(0 0 0)
(0 0 0)
(0 0 0)
(0 0 0)
(0 0 0)
(0 0 0)
(0 0 0)
(0 0 0)
(0 0 0)
(0 0 0)
(0 0 0)
(0 0 0)
(0 0 0)
(0 0 0)
(0 0 0)
(0 0 0)
(0 0 0)
(0 0 0)
(0 0 0)
(0 0 0)
(0 0 0)
(0 0 0)
(0 0 0)
(0 0 0)
(274.28432637779 -19.78317047612249 1.115257205860201e-14)
(152.7049694525715 54.15529458557805 -3.543182024589107e-15)
(-135.3509899676061 -18.17520362472903 8.255572974136461e-13)
(-349.8959471221664 -7.170405538910257 1.996972747277012e-16)
(-460.0014168239629 9.017460574134063 -2.117295767256731e-13)
(-462.6458953042435 24.83291924308092 7.879892760246148e-18)
(-359.1947785487752 41.52948817754451 -3.309525599002092e-15)
(-156.0982450004433 51.42317048670229 5.3022472432134e-14)
(112.7653670261751 -15.53520268965775 9.748341539494178e-14)
(231.1355982239932 25.07336948880521 5.024688817262266e-15)
(0 0 0)
(0 0 0)
(0 0 0)
(0 0 0)
(0 0 0)
(0 0 0)
(0 0 0)
(0 0 0)
(0 0 0)
(0 0 0)
(0 0 0)
(0 0 0)
(0 0 0)
(0 0 0)
(0 0 0)
(0 0 0)
(0 0 0)
(0 0 0)
(0 0 0)
(0 0 0)
(0 0 0)
(0 0 0)
(0 0 0)
(0 0 0)
(0 0 0)
(0 0 0)
(0 0 0)
(0 0 0)
(0 0 0)
(0 0 0)
(0 0 0)
(0 0 0)
(0 0 0)
(0 0 0)
(0 0 0)
(0 0 0)
(0 0 0)
(0 0 0)
(0 0 0)
(0 0 0)
(0 0 0)
(0 0 0)
(0 0 0)
(0 0 0)
(0 0 0)
(0 0 0)
(0 0 0)
(0 0 0)
(0 0 0)
(0 0 0)
(0 0 0)
(0 0 0)
(0 0 0)
(0 0 0)
(262.9940993155068 -11.01697551038996 -1.057191439159621e-14)
(119.2437560846197 -19.55529562053773 2.080154932055023e-13)
(-143.2241861502777 -91.69601800692423 3.144054072637688e-16)
(-326.1299467949623 -70.5517133451829 9.53359095137834e-17)
(-419.4648056124127 -17.0639935615143 1.54532823828911e-17)
(-422.7651381662252 45.70608929593052 1.429285721642124e-17)
(-337.7757163635716 96.32695607241118 -1.586734486137404e-13)
(-168.8175327332989 112.1305365407236 -1.838506986572693e-13)
(71.17161821710106 41.8842272712993 -1.054189838892633e-13)
(209.9483113612913 15.52092124117165 -3.168413424497852e-14)
(0 0 0)
(0 0 0)
(0 0 0)
(0 0 0)
(0 0 0)
(0 0 0)
(0 0 0)
(0 0 0)
(0 0 0)
(0 0 0)
(0 0 0)
(0 0 0)
(0 0 0)
(0 0 0)
(0 0 0)
(0 0 0)
(0 0 0)
(0 0 0)
(0 0 0)
(0 0 0)
(0 0 0)
(0 0 0)
(0 0 0)
(0 0 0)
(0 0 0)
(0 0 0)
(0 0 0)
(0 0 0)
(0 0 0)
(0 0 0)
(0 0 0)
(0 0 0)
(0 0 0)
(0 0 0)
(0 0 0)
(0 0 0)
(0 0 0)
(0 0 0)
(0 0 0)
(0 0 0)
(0 0 0)
(0 0 0)
(0 0 0)
(0 0 0)
(0 0 0)
(0 0 0)
(0 0 0)
(0 0 0)
(0 0 0)
(0 0 0)
(0 0 0)
(0 0 0)
(0 0 0)
(0 0 0)
(182.9599290591875 -108.1341853145023 -6.328448145005666e-15)
(53.87509584819107 -136.4242622321968 -2.08809241360945e-13)
(-143.4867635803823 -166.6339666122519 2.500026998674358e-16)
(-275.2639228634659 -116.2666821935215 -2.110721025951675e-13)
(-343.743614209255 -33.95727704134068 7.996596085301598e-17)
(-349.2549456783374 56.87923854363991 7.312380136464138e-17)
(-292.7703314375925 134.1070935092248 -1.581822475417889e-13)
(-175.9154037765817 175.8836445361106 -1.851281253373606e-13)
(2.437485717138181 142.6895436367047 -1.555068248718795e-13)
(130.5747123631708 102.3611939667263 -3.194531035210281e-14)
(0 0 0)
(0 0 0)
(0 0 0)
(0 0 0)
(0 0 0)
(0 0 0)
(0 0 0)
(-366.2370603828625 -203.653669997608 3.230766856811497e-14)
(-208.1018818166499 -131.474761628619 3.939640293527306e-15)
(46.19240201881031 -136.8156814218049 -5.243949972273173e-14)
(103.6472063134084 -94.83640295203045 3.891568713491459e-13)
(87.34834870009863 -57.73730085647641 2.053923287679673e-14)
(72.93173948701724 -36.11162718676862 1.406775132513152e-14)
(68.71273945085811 -25.14156691601503 3.848359639385536e-14)
(68.15457510467797 -19.96633906117851 1.135483474306609e-14)
(68.00356305628705 -18.21234119833353 4.67335492447718e-13)
(67.80827306290399 -19.00400332015784 1.648272008036693e-14)
(67.33525204618482 -22.24993157918253 4.084247740905982e-13)
(65.83703505488954 -28.86651649754792 -3.224792541872881e-14)
(65.17565014415108 -41.82329336512907 -2.88994955223109e-14)
(75.75639337053406 -67.56207898585073 3.996370950546781e-15)
(96.1985455588959 -123.5302375151549 -1.350925212798423e-14)
(23.25611886389638 -195.791310155151 -5.820472319215455e-14)
(-197.3057758706094 -266.4670526039934 -1.489910533625819e-13)
(0 0 0)
(0 0 0)
(0 0 0)
(0 0 0)
(0 0 0)
(0 0 0)
(0 0 0)
(0 0 0)
(0 0 0)
(0 0 0)
(0 0 0)
(0 0 0)
(0 0 0)
(0 0 0)
(-206.5962431793462 279.0001663015573 8.263571693089027e-14)
(22.94799173633523 199.3298146782473 -1.755224751068277e-15)
(100.7838524986333 123.7972060071051 9.934738871386013e-15)
(77.52149459620841 61.94274631615426 7.654110335790038e-15)
(62.65741395115091 25.75452454470289 2.356190541290056e-14)
(58.37419220339445 -6.084323716313 -2.060835233626021e-13)
(53.49431173244208 -43.23350133398363 -8.947961907754911e-15)
(46.12477149896779 -91.29980635055966 8.620923018104782e-15)
(38.19319365595198 -151.0559622933787 1.213640885784485e-14)
(32.48493614767484 -217.2462930716345 -1.238345140877459e-14)
(31.25101714672873 -279.8295585821538 -5.612943153455963e-14)
(33.34106856865896 -327.7856229231706 -3.734704039815927e-14)
(32.95999960548754 -353.00669286364 6.009859531527409e-15)
(21.66980523435183 -354.7068838908244 1.456414021794162e-14)
(8.702596367545778 -345.3003058358671 9.444435904722293e-15)
(65.13719488167371 -286.1661897479032 2.465434419224628e-14)
(166.6626479642783 -292.1257913761798 -7.336660203935553e-15)
(41.27317927433886 -264.7594882508536 5.106845987444273e-15)
(-98.80680421807487 -224.9890748009126 -2.109837075711322e-13)
(-193.4532574152963 -140.8433721795202 -2.230408750466516e-13)
(-246.3188849250628 -41.62406238408354 7.138158080992935e-16)
(-254.7007676372022 61.17329660806732 5.276914775566009e-17)
(-218.7713103779016 155.139564964947 7.170037871234008e-17)
(-141.1689825339608 229.6920756678266 1.398605731760141e-17)
(-17.90132742305999 261.7933704039198 6.488507961470526e-15)
(104.6996427889619 273.4109178607571 -3.91822392333566e-14)
(41.60045523567521 261.5709452432044 -1.101004909976089e-14)
(8.25139997242116 308.4022555063076 2.524649940537222e-15)
(25.14397911064864 324.4861549687855 -1.803257062615215e-14)
(45.78755465783129 341.2391847621026 -9.729517269735703e-16)
(66.57474268908986 351.1209238503079 3.583932581214468e-15)
(44.37482575264261 355.4609766049831 4.406825308360083e-15)
(-114.9354829359882 335.6570986467034 3.826446550664208e-15)
(-258.2091969717699 -367.3174451241311 -2.271062103892741e-15)
(-270.7701063440551 -174.5955457309594 -5.527837856593327e-16)
(-178.1845727416974 -121.9053810617979 2.635742841866731e-15)
(-129.3046563258413 -113.6842772019475 4.282774996073926e-13)
(-137.6631978752493 -93.40233908073806 2.204126370606493e-15)
(-159.8433404287661 -68.40094952772573 -3.027828478157819e-15)
(-175.0246645757358 -50.11247606365892 -1.240854011110522e-14)
(-183.1067981262806 -40.24201863401619 -2.494207152575549e-15)
(-187.945816162176 -36.92886711740639 4.179293755389383e-13)
(-191.911714911875 -38.92876281811809 -2.713876108862844e-15)
(-196.7036120859407 -46.54664886205393 4.293670640242303e-13)
(-204.9169348203586 -61.62307952985567 7.370260336055225e-15)
(-221.8492342619459 -88.14825910033206 8.963680924509735e-15)
(-259.5218384819226 -134.8410254644817 -2.672276279922106e-16)
(-328.4538098040773 -213.0907956995527 3.872424806411274e-15)
(-320.8888670640515 -319.9709538949865 2.769242700149781e-14)
(150.6642053779424 -88.23724426054551 -9.031772436988872e-14)
(0 0 0)
(0 0 0)
(0 0 0)
(0 0 0)
(0 0 0)
(0 0 0)
(0 0 0)
(0 0 0)
(0 0 0)
(0 0 0)
(0 0 0)
(0 0 0)
(0 0 0)
(0 0 0)
(149.983887366899 91.7128443802286 2.476551821097827e-14)
(-337.3132108615151 334.7739898799284 -7.344998384172635e-15)
(-344.329471169734 213.3292004112384 -1.62281481910781e-15)
(-280.9160067018061 120.9705117756202 -4.599529668923322e-16)
(-256.1408754483484 54.77025884211433 -1.047864439364694e-15)
(-257.7544376242195 -0.216359198649132 -2.131797297906164e-13)
(-271.9643452827613 -54.9447657575968 -1.414163651613789e-15)
(-289.1968817028082 -113.4958184523117 -1.811082397061421e-15)
(-298.5734933416296 -175.2764917411697 -1.879847005688331e-15)
(-288.6833986550155 -236.255266259989 8.955640456481884e-16)
(-253.0795568430476 -290.9676440332524 1.72646774575699e-15)
(-195.3325915876944 -334.1162851350958 7.676610815069738e-16)
(-128.2358952958984 -361.0343283431371 -1.097590645422158e-13)
(-63.83535136808992 -365.7984838462977 -1.091893382147445e-13)
(-1.168751850475395 -342.0774517650011 -1.81958394606005e-15)
(72.44930473346167 -290.3584924935719 -1.082966523931412e-13)
(133.3428923119276 -273.5944115057534 -1.115259586127898e-13)
(113.5349683469526 -301.4135048047239 2.808516423322383e-16)
(-2.266720103825311 -232.8883296129579 1.251936605133618e-16)
(-91.89891061221741 -141.7864274939381 7.940555275998156e-16)
(-141.7269454896204 -41.21761387886446 -1.06620190343603e-16)
(-152.4913183824962 61.1987341620596 -1.057994443929347e-16)
(-124.2515521754605 158.4715322511895 -1.777071769979932e-17)
(-55.96948733944968 244.0619945054468 1.3699446253966e-17)
(42.36541968216608 307.6926137221009 2.194984417444627e-16)
(73.01728549317522 289.5629318528851 -2.102310736996316e-13)
(45.50616268585445 303.8686704404759 -3.088323161730299e-13)
(6.844264858830265 349.0822248765029 5.455804131291117e-15)
(-24.63880949679739 381.2272012528798 2.654649039253744e-15)
(-55.36534094513275 401.5256042434113 6.442634964715902e-16)
(-90.03262226251317 409.3131668210146 -2.54011258311255e-16)
(-131.1434188277738 405.9724694640133 -4.956481888539492e-16)
(-147.930632570111 432.9272259627527 -5.573897924028823e-16)
(0.8576804355286922 -241.0482361991601 -2.119168640715811e-13)
(8.292697619632486 -150.4297680333395 2.115095743630054e-13)
(28.5232707181739 -101.4716014852573 2.673806473639962e-16)
(45.84439848244768 -94.50628403203001 2.209273079977144e-16)
(42.15670525045912 -90.47058078728899 -4.228221773264257e-13)
(24.26781037713707 -78.41616585070904 -4.235483767593732e-13)
(4.863032312892072 -64.67432504775324 -1.412424381275842e-15)
(-10.60360861822969 -55.07580936183724 -4.3098168666676e-13)
(-22.60490352976084 -51.50178508650919 -2.981040994335461e-16)
(-33.63176109991423 -54.2431515364757 -4.237362394662577e-13)
(-46.8740045772252 -63.79190024113738 6.220219413305986e-16)
(-66.63187701303241 -80.91492239632611 -2.322297895627503e-13)
(-97.64768524778187 -104.7746722973418 4.117222220191315e-13)
(-136.0207516466373 -126.5040172824069 -2.151450750454211e-13)
(-139.8511429438441 -114.5507760864993 -5.577928739755184e-16)
(-6.46720827958865 -38.58264227648993 -2.076228574895036e-13)
(156.4234030493254 88.44132259723627 -4.687523621271461e-13)
(0 0 0)
(0 0 0)
(0 0 0)
(0 0 0)
(0 0 0)
(0 0 0)
(0 0 0)
(0 0 0)
(0 0 0)
(0 0 0)
(0 0 0)
(0 0 0)
(0 0 0)
(0 0 0)
(156.3581114289297 -92.60164169149871 -3.647122784009224e-13)
(-17.27745795642205 43.80310502072456 -4.33686115100881e-13)
(-161.6365041466428 109.1250144883232 -4.223572126290094e-13)
(-170.9737137619002 105.9439602667559 2.158651422982014e-13)
(-152.209286014006 62.66126889764304 1.039205871254934e-15)
(-147.51703644664 11.64247922156211 -2.118814812707155e-13)
(-158.2873139396757 -37.24877219736505 -6.590249585582789e-16)
(-174.6487373664936 -81.00637533929196 -2.148256061716013e-13)
(-184.9878507114865 -117.9110995964165 -2.058631319806132e-13)
(-179.2505666055179 -147.3901847761789 -1.158747117119189e-13)
(-152.4301001198948 -170.5735916239009 -1.055898499899892e-13)
(-106.8486350354769 -189.0698447924874 -1.057563496253245e-13)
(-50.43579152037368 -202.3413638904287 -2.747092791311522e-17)
(8.810822944729507 -206.1594895095984 1.940450909003886e-17)
(66.47754998632026 -197.0986218673264 -3.651182318560883e-18)
(115.0451750446804 -184.8924985625624 -1.486694839517428e-16)
(139.3571048942448 -190.8078905087652 2.123934778197117e-16)
(119.4071424439696 -215.2367518132188 1.688382201205262e-17)
(60.82027350100071 -186.2951628177924 8.567655024561325e-17)
(-1.782541797653069 -118.6590795498576 -1.167260982011593e-13)
(-43.33372330662137 -32.8657127017393 -2.055511525269085e-13)
(-55.01162151116561 57.84076612381051 -1.09298621728951e-13)
(-35.90805010415579 143.8117185168466 -1.060018417750659e-13)
(8.052098973876669 213.7072737281435 -1.058233337471899e-13)
(57.77221506071623 250.7430886458139 -1.157308762225995e-13)
(85.94731113590716 242.7013393857315 -4.274718100412093e-13)
(86.35084552125196 246.3420790885708 -3.244616384693142e-13)
(71.72961598111507 264.4835900531877 -3.597293808392728e-16)
(52.16219524794055 284.326335812756 -2.117640415329599e-13)
(32.47519759327752 298.9789362708144 -2.115352238706444e-13)
(13.92926360436803 308.6959729427799 -2.1140912323278e-13)
(1.223560689381376 318.6452369776416 -2.131302709321593e-13)
(-1.367743035529351 337.0936944535995 -2.119650304309062e-13)
(19.06485846523265 -120.8681212763373 4.233196383541171e-13)
(43.35814353987123 -103.2766841588661 2.175432487070671e-13)
(50.10488975974302 -84.19564671592261 -1.972272473749962e-14)
(51.0895076214311 -77.97077360686707 4.239575518860474e-13)
(45.57080521192015 -77.84533531116864 2.094201891841541e-16)
(31.96430213069331 -75.16783773319688 -1.837843751528246e-17)
(13.72068808111519 -69.29358243098217 -3.608921901813184e-16)
(-4.936243470745844 -63.70499363422972 -4.250900305314855e-16)
(-22.46262130420212 -61.43057795948193 -1.512988963417921e-14)
(-39.90256902072979 -63.86649847190603 -9.085681874067317e-15)
(-59.47255302976224 -70.89031592145304 2.191515703902457e-13)
(-82.47515113165379 -79.98683621552129 4.020467607211443e-13)
(-104.5502076355541 -83.34829360640853 6.799902036998945e-16)
(-106.7851469213856 -64.47314099022309 3.011890633872411e-16)
(-53.18532132544577 -4.602680333887129 4.741209473789971e-16)
(72.5346735037356 65.45433369079693 1.22520778716346e-14)
(128.1620989342843 74.3746237325275 -6.980099189141856e-14)
(0 0 0)
(0 0 0)
(0 0 0)
(0 0 0)
(0 0 0)
(0 0 0)
(0 0 0)
(0 0 0)
(0 0 0)
(0 0 0)
(0 0 0)
(0 0 0)
(0 0 0)
(0 0 0)
(126.2163935045216 -78.38099340656372 2.609574543378178e-14)
(58.55915387680606 -66.09479037941674 -3.263023835482442e-15)
(-85.02074452961548 -7.008805586184823 1.532683754940391e-16)
(-159.3683365420045 39.46505658166875 1.081650074914999e-15)
(-182.0709489274859 39.71614664103576 4.064308761724778e-13)
(-189.1725809098778 15.0974827663506 -4.232206776927639e-13)
(-196.9838826677026 -15.11966913611764 2.106644861214192e-13)
(-204.9848852699768 -40.5701702352008 -4.018725107038287e-16)
(-205.9907044201825 -57.31419785234999 6.064644000147034e-18)
(-192.8036848017674 -65.79069131583864 2.842998511866008e-16)
(-161.8187644513551 -69.26602139115897 -7.108646143345704e-17)
(-114.2893242045256 -71.55345838570899 -1.544495122580083e-15)
(-55.42935107970185 -74.64903544845193 2.746424287326269e-17)
(7.278019274781805 -78.45219469127423 -2.796176071604701e-14)
(64.51754452244266 -83.75153633823933 1.664218269154593e-16)
(105.5214176101777 -94.67907327341426 3.230973520485285e-17)
(123.1222261560759 -112.0343385949261 1.131074059125218e-17)
(118.0476940682427 -127.1781607563003 1.057886655758842e-13)
(94.31095231981413 -117.8699880351352 -1.456015517858967e-17)
(61.53053959150607 -78.04285538390981 7.755005937072477e-17)
(34.77290011895088 -17.19392273088316 -4.297110025123427e-16)
(24.18611274354489 51.64262235967082 1.14154125677042e-13)
(31.61495533758697 116.1063598801794 2.116362506795071e-13)
(50.96188265260772 164.2903644708362 3.143334940516313e-13)
(71.3594834029002 187.5838852287867 3.14282435428615e-13)
(85.49778476966725 189.9586454386498 -8.74666791963657e-17)
(89.56823848135376 188.465724985998 -2.73428900119209e-16)
(81.33116685813836 190.7209200203495 -1.104769766178921e-16)
(64.09656909520731 197.5131579595925 2.588828659513156e-16)
(43.83801768780325 206.1564257794683 4.255508861583984e-13)
(25.76705493950801 215.889039753151 4.11728400172931e-13)
(13.33945597277837 226.7534382660619 1.963714363706669e-16)
(4.404485012999896 235.164799164302 -6.058604158079675e-17)
(18.4492493181313 -52.46504216577949 -3.926623656699169e-17)
(44.96478443126121 -57.62369847543976 6.241275557435414e-16)
(53.82918120471653 -59.85894590737505 4.063341712650868e-13)
(52.19470987880193 -61.28154480091494 2.128441793084005e-13)
(44.95964109138028 -64.01895004486394 5.676264473992788e-16)
(32.81956323475056 -66.23801730618531 -1.623876662425644e-16)
(16.32587640131607 -66.39307902171142 4.214968205873787e-13)
(-2.740604149196081 -65.25327942363731 -7.969191346739568e-16)
(-22.76640836020817 -64.53411186112486 -1.940126804868643e-13)
(-43.09149904482747 -65.04576338137369 -6.793923922631995e-15)
(-62.99434226721608 -65.41824400342317 -4.161882448299826e-13)
(-79.08985454741888 -61.05944950608993 2.971103230223308e-16)
(-82.13398998167398 -43.98206461584043 4.184572067982661e-13)
(-57.27513869471321 -6.992869941980335 -1.260009222895857e-14)
(4.065885274312199 43.1289093274406 -2.029593329060261e-13)
(81.03484111774493 64.28221624362335 2.039732199894471e-13)
(86.76167455604256 33.06306819993355 -2.43343942497574e-13)
(0 0 0)
(0 0 0)
(0 0 0)
(0 0 0)
(0 0 0)
(0 0 0)
(0 0 0)
(0 0 0)
(0 0 0)
(0 0 0)
(0 0 0)
(0 0 0)
(0 0 0)
(0 0 0)
(81.4633477038989 -36.02820128764658 3.994052036396791e-13)
(60.64190376937101 -66.4063329320925 3.965233056065673e-15)
(-37.9170416810281 -57.40062936055816 4.228692664770212e-13)
(-124.2487612787743 -18.66980926937626 4.345556350691059e-17)
(-176.5768598241668 4.648315359715334 8.531162018327945e-16)
(-202.35285224699 8.158419547501689 -2.276159406596646e-13)
(-213.9549669567306 1.782705824757682 5.171368841449797e-17)
(-216.8432660857461 -4.463854096597778 1.979325565370136e-16)
(-210.2083717770833 -5.417409973525738 1.082055494773449e-13)
(-191.2023900939743 -0.7641052839248401 1.922406257936818e-16)
(-158.1928671026684 6.647778469796639 1.047740955576242e-13)
(-112.2316490024453 12.92455301980614 5.807384061915344e-14)
(-57.33452785349577 14.78146773409529 -5.97776760373684e-17)
(-0.2916781107988277 10.04602415194575 1.082470960134335e-16)
(50.25067131249155 -2.351638221010061 -2.791410990752724e-14)
(86.76237277354321 -21.10798036296524 -5.26891636216032e-14)
(106.8580174416466 -40.65851455365323 -4.52249660947861e-17)
(113.5714926726782 -53.35922340978951 -2.101864569328373e-15)
(109.9555785006918 -52.76263457230615 -1.059372376124157e-13)
(98.89352347407169 -33.63970288763898 -1.059583333303729e-13)
(86.35175432225873 1.717126641629162 -9.660565748425306e-14)
(78.28866093899555 44.94842680262848 2.046286493066062e-13)
(76.739691857644 85.82703530877605 3.173627169586454e-13)
(79.52962406693692 115.8522584312463 2.291596698498477e-13)
(83.44049565856984 131.6987025844125 4.343293610094692e-13)
(86.82915083202641 136.3125013474277 -5.549521050237476e-16)
(87.11311999250033 133.8837172145492 3.005123427255348e-16)
(80.77704886051579 129.9633678019002 -5.561629280379214e-15)
(67.59770098195941 128.863320607739 -9.048768789934729e-17)
(50.85107933770186 131.7110524797212 4.233452566784416e-13)
(34.52627607431585 137.612796479984 6.355518283177703e-13)
(20.49807044578296 144.1211507826733 2.334958905746538e-13)
(7.043556352365165 147.8723973522977 -1.001618718088038e-16)
(13.90635248438256 -15.37804241786339 1.939087480880801e-17)
(35.96385349920499 -24.26624516315868 2.181465469664523e-16)
(46.4470434086704 -34.6983905622435 1.278315950385216e-15)
(46.92950347027658 -43.02554510463802 4.333448627710837e-13)
(40.61433270084198 -49.66200718260803 -4.183627258638011e-13)
(29.59017314197509 -55.04939116569184 3.653164525690678e-16)
(14.70542595848126 -58.7121052856582 -4.116708020736917e-13)
(-3.077276304417679 -60.35474938065169 -8.478865033225096e-18)
(-22.25510524830227 -60.05649410255291 4.052875829924736e-13)
(-40.7867011231537 -57.34673557634299 4.147993598710823e-13)
(-55.48623908421149 -50.23098233453275 -2.024926829999613e-14)
(-61.03897176237381 -35.22829117470428 1.697030689207828e-16)
(-50.48362821703623 -9.650738199047371 -2.133371049074608e-13)
(-19.67417310564425 23.10721933171331 2.257364333714553e-13)
(25.02959601963315 48.52926461637346 -2.271436989093718e-13)
(64.80495065397788 44.17724624684494 1.854564839230792e-13)
(58.98054582817846 13.12472157448303 -1.891970870580278e-13)
(0 0 0)
(0 0 0)
(0 0 0)
(0 0 0)
(0 0 0)
(0 0 0)
(0 0 0)
(0 0 0)
(0 0 0)
(0 0 0)
(0 0 0)
(0 0 0)
(0 0 0)
(0 0 0)
(50.37954611118963 -15.6688248523825 -4.818993412607518e-14)
(37.33574858078687 -45.91062630838212 1.090078461848992e-14)
(-26.35861205945831 -61.97188698543475 4.251571484169159e-18)
(-97.31939169872045 -45.45471862488573 -1.402495854178562e-17)
(-155.2427200380824 -21.20157834532089 -8.897722530777944e-17)
(-192.0381904694276 -1.852930622119371 -2.176869694823189e-13)
(-209.6061563200458 11.11094261084239 7.680501642811103e-17)
(-212.1850010794523 21.5858992536425 -3.038131681816419e-16)
(-202.2909556015566 33.04789086687293 -1.05429981454976e-13)
(-180.7384963332187 46.22845554495249 -1.057999579779823e-13)
(-148.1301061236459 59.33844639941262 -1.114791139140934e-16)
(-106.1556349455117 69.28182094691245 -7.266891407521463e-17)
(-58.30787999286328 72.9021923169414 -5.330343680210245e-17)
(-9.855086670561805 68.05736362951865 -2.664427459396583e-14)
(33.36354004623092 54.78874765483873 -5.107844282716352e-14)
(67.21454130183213 36.26892644170195 -3.228741630289855e-17)
(90.87098310139058 17.97205105331024 1.098293012025372e-16)
(105.9435740328823 4.867253405267437 -1.559623379840061e-13)
(114.0304727723455 -0.3330096116436107 -6.320141822478624e-15)
(116.010300772243 4.566423768820667 2.326074361624267e-16)
(113.3610297539377 19.25212302891364 -9.826973709897013e-14)
(108.296021384505 39.74861058452646 -4.845100840469448e-17)
(102.5187869042521 60.21137217162866 -2.118099404464229e-13)
(96.83354988269664 75.87591924981693 -7.492633281975516e-16)
(91.8197263358374 84.88222801868558 -2.161150364577303e-13)
(87.68279933402358 87.5154916257891 -2.121055712417712e-13)
(83.21910487817335 84.64855859013147 -2.094099591967589e-13)
(76.31077020376807 79.11752868476957 -2.10972234435134e-13)
(65.84425377659687 74.45695544213773 -2.12291405815592e-13)
(52.58749352067681 72.74603529384879 -1.98474935506247e-13)
(38.17715321055914 73.77435206117156 -6.465323549631964e-17)
(23.5978790506933 75.73502322841063 -4.199024821673212e-13)
(8.155856740864207 76.91931881773102 5.040719113247177e-16)
(9.561173680537443 4.937592665856349 1.276312699583848e-16)
(25.6440595821941 -2.833458097095952 4.243812523932266e-13)
(35.0698812462104 -14.24755825449673 1.210810956525658e-15)
(37.23109324053215 -25.52975662878024 -4.007432058779365e-13)
(32.935795029437 -35.05919026816608 2.127247633671106e-13)
(23.7694651302155 -42.61622170238005 4.572945289561024e-15)
(11.02051818445167 -47.95340108630075 1.911692342303437e-13)
(-4.084992960955491 -50.47225828429912 -4.228318937340755e-13)
(-19.75839453594538 -49.36065529069661 -2.110233390315024e-13)
(-33.26598724559219 -43.51018301597995 -1.313355002560891e-14)
(-40.875897885843 -31.54994067867077 2.345624244530072e-13)
(-38.50961048048767 -12.79683296596127 1.926828125016725e-17)
(-23.7984795125283 10.58599464521389 -1.662950127342434e-16)
(0.9048641042119597 31.63188305748728 -6.675760046647891e-16)
(27.67439859559087 40.32334069164914 4.148645887634865e-13)
(47.43683097615997 31.36392519089647 -4.551048348309282e-15)
(40.57977958442164 6.972116726178775 2.887525625180818e-14)
(0 0 0)
(0 0 0)
(0 0 0)
(0 0 0)
(0 0 0)
(0 0 0)
(0 0 0)
(0 0 0)
(0 0 0)
(0 0 0)
(0 0 0)
(0 0 0)
(0 0 0)
(0 0 0)
(29.17468039462794 -9.358971008775038 -1.411407670163591e-14)
(13.93439940855969 -31.99973055065698 -4.199647262840968e-13)
(-31.05903700253681 -50.81458439042363 -4.177074444673202e-13)
(-83.47845257416523 -47.96276701307095 -4.234179230777176e-13)
(-132.97507179432 -30.71914984250927 5.616167232132409e-17)
(-170.0403312969925 -7.588526138377111 4.502962195339793e-16)
(-190.5161371015092 15.60295787407686 -1.546031363048229e-14)
(-194.9063178025929 37.16279431749454 -1.915496401063619e-13)
(-185.5658154703791 57.32387514297547 -3.166649082767718e-13)
(-164.9118345491414 76.02808350106889 -2.115223398963712e-13)
(-135.1395016995308 92.07426160888222 1.058985078708341e-13)
(-98.66790310449497 103.3722398240783 -2.926740969669331e-20)
(-58.55898521055055 107.760076939831 -5.278442596194044e-14)
(-18.40512271262207 104.0660641668867 -1.039759561623206e-13)
(18.46223419520468 93.06315505084278 1.454768281548753e-16)
(49.9456761917283 77.60601974287881 -2.261806207755499e-17)
(75.45634438052984 61.45297112013605 -5.317866574871113e-14)
(95.26643198777269 47.63072337391799 -5.069392438115612e-14)
(109.6547488573718 37.79798701366199 -1.043604438482374e-13)
(118.4786561385922 32.82894883017833 -2.193352732345095e-13)
(121.5339411746062 32.78835391485698 1.06596434410554e-13)
(119.247910090165 36.38865273523885 1.518666602382193e-16)
(112.8670005960396 41.36140714021764 9.370095712008343e-17)
(104.2004799551902 45.57080029830225 2.117712182511566e-13)
(95.0800680592814 47.64020056293852 -2.132988654050126e-13)
(86.59548142616599 46.76136988920563 -4.114069276813396e-13)
(78.71515703933939 42.79623478690708 -4.01786026291885e-13)
(70.58544569889561 36.8171274198953 -2.244890121758749e-13)
(61.22620760088804 30.73592421223273 -2.130248631554189e-13)
(50.16847596915336 26.14212408311571 4.174014711834629e-13)
(37.51526399058152 23.44340404211152 4.296952143913433e-16)
(23.6419811916258 22.10586387783923 -2.082039469658144e-13)
(8.227997886142784 21.52986458417501 -4.20892767808151e-13)
(6.135377182535423 15.9140771963928 5.323442117404312e-16)
(16.77834352723906 9.918089921072864 -2.071756439696454e-13)
(23.7507448821839 0.1034002397099335 -1.98499949308978e-13)
(26.11787144436562 -11.0089507970323 -3.909289874024897e-16)
(23.52786761855672 -21.32799650942297 3.642771065940292e-18)
(16.69596232501872 -29.69278227354986 2.124735273481515e-13)
(6.849389375971294 -35.37328575800296 -2.053140666487207e-13)
(-4.48453050496835 -37.55711677677446 1.363236699191273e-16)
(-15.2930299702877 -35.28441331940594 2.050747457532106e-13)
(-22.97598652233942 -27.72763195002843 2.150329650126719e-16)
(-24.77288906857498 -14.78137102682105 4.359700166728353e-19)
(-18.90303645177518 2.022821292511451 -3.271525598509218e-17)
(-6.054912207333227 18.78711746277202 -3.162872674619921e-16)
(10.06317296827349 29.95462564713618 -4.923518894887399e-16)
(24.49858647755577 31.20828932655892 -4.062082986528214e-13)
(33.96338016232522 24.60254595696698 1.625276105010984e-15)
(27.39568705816589 4.643733175528967 1.853501598007607e-13)
(0 0 0)
(0 0 0)
(0 0 0)
(0 0 0)
(0 0 0)
(0 0 0)
(0 0 0)
(0 0 0)
(0 0 0)
(0 0 0)
(0 0 0)
(0 0 0)
(0 0 0)
(0 0 0)
(13.9168055096334 -6.882621371315479 -2.183812968599699e-13)
(-3.795384202134403 -23.83791455781936 9.145015826378405e-16)
(-38.8079791199828 -37.87631295654219 -2.122401729913691e-16)
(-77.22395714513918 -39.2428974673612 -5.755531977056201e-17)
(-114.8684791231762 -27.91208587424004 -2.854935986003303e-16)
(-145.7160827490779 -7.013433066772394 -4.026471666945987e-13)
(-164.8548358637572 18.50905780333009 1.680117330213287e-14)
(-170.4640837955433 44.72061850042138 -1.319896402377419e-15)
(-163.4256663974519 69.33468861312191 8.569911562845552e-17)
(-145.9881098524271 90.98049090800173 1.195905682194648e-16)
(-120.7859497982507 108.4166981378315 4.200435536244594e-17)
(-90.46981962853548 120.2995164869027 2.714466294846775e-16)
(-57.61405565172699 125.5063778724349 -1.038273811846112e-13)
(-24.55200850056716 123.7264291472551 2.646299417947389e-13)
(6.903495667492381 115.8646863818781 3.138892080027671e-13)
(35.60435737604389 103.8495652496823 -1.043992562071746e-13)
(60.89568671078808 89.89692497028163 -1.588219277992124e-13)
(82.28858990481375 75.80312611802897 2.035805434061088e-16)
(99.228698214443 62.70249926046176 2.034186202118998e-13)
(111.0006676805778 51.20451859216637 -4.413776543425651e-15)
(116.9207336839592 41.67009761260015 -9.380058067117844e-15)
(116.8690745891769 34.1900058330179 2.487652508756117e-16)
(111.7009344614557 28.49009583198809 8.884815477622104e-17)
(103.1123433276329 23.97675571009819 1.535494165613434e-17)
(93.01029594746915 19.82707434807534 -4.29175631034126e-13)
(82.83883356915177 15.17846759110337 -2.127639961496411e-13)
(73.27486240653789 9.525583351595879 -4.043411546520148e-13)
(64.25045962619991 2.981186918162104 -2.151169852297236e-13)
(55.16925044899175 -3.761140619598334 -5.606316304558906e-16)
(45.29497336529857 -9.827648579683304 1.712947290344627e-16)
(34.14089301598521 -14.60921500389091 1.965604810913818e-13)
(21.68344009719079 -17.8625397110935 1.971113681849634e-13)
(7.579955847502196 -19.55224461168054 4.458884822512242e-16)
(3.565193249322754 21.31792942649901 8.562649792647673e-17)
(9.833048446835745 16.86852018561935 5.751533103180185e-16)
(14.14284053492048 9.191859560187133 -3.093733755745609e-16)
(15.79969649086553 -0.198644698782748 -2.749317596776382e-17)
(14.2519635446515 -9.535724733487944 2.092189148264898e-16)
(9.72417587298871 -17.31006454946606 -2.253533682214156e-13)
(3.156183674163877 -22.37424882280406 -2.261139381037818e-13)
(-3.996120527727456 -23.79868015864923 -4.235960482931916e-13)
(-9.928909716836589 -20.8809176624549 -4.068490784953726e-13)
(-12.76294496982406 -13.46783303354703 -6.580224661990854e-16)
(-11.12544465185065 -2.462968367015127 -4.289448695803884e-16)
(-4.941122007676416 9.83190198383098 -3.253566474929676e-16)
(4.13332486121209 20.06059056608975 1.510410837316991e-14)
(13.32603597137492 25.13003771269532 -2.115615411132768e-13)
(20.2718363506363 23.79130954440285 1.4201001966237e-15)
(23.82044133464375 20.00969157986471 2.165530715587806e-13)
(17.59046843541198 2.903716220094921 -7.646875769592974e-14)
(0 0 0)
(0 0 0)
(0 0 0)
(0 0 0)
(0 0 0)
(0 0 0)
(0 0 0)
(0 0 0)
(0 0 0)
(0 0 0)
(0 0 0)
(0 0 0)
(0 0 0)
(0 0 0)
(2.84410506567936 -4.98065096946506 4.235920102749056e-13)
(-16.26170256605888 -17.8059153568881 -4.228783422226515e-13)
(-44.80193248766285 -26.65046596233539 4.146319607491666e-13)
(-73.51422550913802 -27.73045170519045 -3.729718850123061e-16)
(-100.7456073907522 -19.43703529167384 4.717618080389924e-16)
(-123.6191875867789 -2.178375618354859 -4.136274973074699e-13)
(-138.7820855150362 21.22406954825043 -4.782454046335853e-16)
(-144.0806870085083 47.09936684382085 -2.13583813788393e-13)
(-139.3059430637437 72.27028508992099 -2.019622736836054e-16)
(-125.8298250119602 94.47154719389964 -1.167374364386982e-13)
(-105.8204761118281 112.1773321427515 2.811218163101005e-16)
(-81.57822336944051 124.3789657590976 -1.123284993444803e-13)
(-55.13207252528447 130.5666606427137 -2.003522234782922e-13)
(-28.04681416670748 130.8383593182491 2.146275077972858e-13)
(-1.41462968628794 125.9081729974221 2.228636762379011e-13)
(23.97791477167762 116.8905673240398 -1.610104761917391e-17)
(47.40990522845639 104.9766061240473 -9.66167608044417e-18)
(68.07200626055754 91.20498915938104 -5.81899884216352e-17)
(85.05614132430973 76.39358693963892 1.044638512023316e-13)
(97.44625449603721 61.19835641105652 3.17272229299322e-13)
(104.519428434634 46.28283107414013 2.091280567278802e-13)
(106.0679083067881 32.36637262026595 -2.117275496562733e-13)
(102.6537504360153 20.04177072717036 2.118462846640699e-13)
(95.53745848528173 9.522839223258005 5.553554987622933e-17)
(86.28177994597549 0.5531815258343904 1.171562359273639e-17)
(76.29399043187922 -7.419034937971204 -9.933939995578612e-17)
(66.51787636234761 -14.9348559615889 -4.975906450945086e-16)
(57.2987217225348 -22.30210394868876 -4.103731258911475e-16)
(48.41737210514759 -29.48274596251767 -7.754943813831924e-17)
(39.3204015962818 -36.12452288689231 1.937351262177833e-17)
(29.48037287823297 -41.71785769049819 3.005327201232163e-16)
(18.69823286387189 -45.78052699623458 2.617710594264882e-16)
(6.538315198157758 -47.98841220658753 3.878130130702112e-17)
(1.685900277097289 23.21433509107445 1.211739417096674e-17)
(4.651970283431988 20.00804911070552 4.362417205619564e-17)
(6.683580003971384 14.34882579951046 -2.503804136989942e-17)
(7.390287152592716 7.163213909453412 3.005080440623483e-16)
(6.416447767070815 -0.2509713089925497 -3.311940061223022e-17)
(3.857438226417687 -6.516507254363948 1.970971136950198e-16)
(0.3607737551431859 -10.44682610013468 -1.574718388827623e-17)
(-2.99119935101009 -11.20224230358385 -6.34526560640041e-16)
(-4.962182850759761 -8.438810262440217 2.273472426391256e-13)
(-4.558037231077621 -2.530775086870878 -3.729022540961395e-16)
(-1.473154059685436 5.254476146786843 2.303712989057771e-13)
(3.620522487638715 12.90007089215659 -3.226886757925283e-16)
(9.243223532704071 18.27305417805606 -2.117380420765233e-13)
(13.79389192230895 19.99830260633525 -4.164179959122162e-13)
(16.24733751754001 17.87703023137617 2.115482244288527e-13)
(16.1159717963437 16.14344767853373 -1.946189095138735e-13)
(10.39571109745639 1.444318356234763 -3.090418262053632e-13)
(0 0 0)
(0 0 0)
(0 0 0)
(0 0 0)
(0 0 0)
(0 0 0)
(0 0 0)
(0 0 0)
(0 0 0)
(0 0 0)
(0 0 0)
(0 0 0)
(0 0 0)
(0 0 0)
(-4.86896372047631 -3.377648281039631 8.878855978645524e-17)
(-24.53999291601604 -12.6783877881723 -3.193483315501172e-16)
(-48.19775184104754 -17.50550407537732 -3.577587718316737e-16)
(-70.01052647730934 -17.14497341922049 -1.066417429767232e-16)
(-89.31640305127208 -10.11770567527252 5.424052230588994e-16)
(-105.0549779068366 3.884944974740687 4.06364635704281e-13)
(-115.5770934127307 23.53545467558506 6.224562486595912e-17)
(-119.4178682844356 46.27930299929481 -2.989254401159609e-16)
(-116.0534860646457 69.26441041223501 2.422246455695486e-17)
(-106.081062799475 90.08081086983232 -4.507510224883868e-16)
(-90.87853122717223 107.0548966153242 1.938136259039485e-17)
(-72.08049112345569 119.2369925796948 1.421274566998039e-16)
(-51.15466206513254 126.2832206579514 3.266856651618255e-18)
(-29.21049613140865 128.3146472533965 -1.291588742124473e-17)
(-7.044296327552143 125.7541722181486 -2.008594907545882e-13)
(14.67279049230771 119.1629708038407 -2.45564876285204e-16)
(35.21010853342609 109.1347602833934 -1.745230880861647e-16)
(53.70557071145694 96.26987998858776 3.882655888485785e-17)
(69.22206546503233 81.19814956260468 2.097355156540453e-13)
(80.88991182222075 64.62641147442007 2.108922797086913e-13)
(88.08874990757029 47.39219652983628 -1.292523113008036e-16)
(90.62801425246055 30.44115864691036 7.916119870913869e-17)
(88.85740104035942 14.65624046259548 5.258748112673895e-16)
(83.62375411637657 0.6212055933475484 1.176342802174899e-16)
(76.06842178264536 -11.50619583876659 5.731204988639991e-16)
(67.35079607790109 -21.9323637400218 -2.334537979136695e-16)
(58.39179338786917 -31.05174965762138 3.005272987712563e-16)
(49.7025696163571 -39.2528354026597 2.099879445165047e-17)
(41.34683150738578 -46.74987712643367 -5.33152014592909e-17)
(33.05986164480671 -53.48380272154836 -2.649583693125465e-16)
(24.48488892334829 -59.14315589031008 -1.098951787298163e-16)
(15.41236133249771 -63.30224371549662 -3.134174922145177e-16)
(5.372011675468297 -65.59376181492333 2.100318869013337e-16)
(0.3587698141659224 22.8490078475184 -4.233831890385749e-13)
(0.9672709976473238 20.63523035858519 3.715212262323417e-17)
(1.298005338334213 16.70322339446241 -5.182794548037299e-15)
(1.199899384720573 11.65150224042251 -1.375509995263056e-14)
(0.5722423810606292 6.374684482518522 2.657516533954853e-16)
(-0.4716789192843813 1.910311088668111 -3.610698083669266e-16)
(-1.529551379751337 -0.8055029200335129 -2.189039803402066e-13)
(-1.988104690732146 -1.180839808638432 2.295438077153564e-13)
(-1.257442494845582 0.8454350336691855 -4.234623424856333e-13)
(0.9303414391411972 4.708687537403084 -4.166602505944857e-13)
(4.305401329389602 9.292137976167323 -1.166973257673381e-16)
(8.077456029618897 13.24172709921664 -2.337903821432794e-13)
(11.23155656129492 15.4453035058329 8.439658844826767e-17)
(12.93001202007708 15.38962316517142 3.021047848494048e-16)
(12.70717985000664 13.11355476430287 -4.563942667710635e-16)
(10.34354122213406 12.82267122793337 4.208361699229101e-13)
(5.284775598715127 0.3664991967568687 -3.460343422954262e-14)
(0 0 0)
(0 0 0)
(0 0 0)
(0 0 0)
(0 0 0)
(0 0 0)
(0 0 0)
(0 0 0)
(0 0 0)
(0 0 0)
(0 0 0)
(0 0 0)
(0 0 0)
(0 0 0)
(-9.895921647580604 -2.193014373534867 4.183394499956224e-13)
(-29.51580986804127 -8.404352244433529 4.730711996325187e-16)
(-49.34599325731194 -10.38003038632295 -1.380124491652915e-16)
(-66.12642711749197 -8.728094600940672 -4.072811229330347e-13)
(-79.71568899489594 -2.358670886036276 -5.535479842270323e-17)
(-89.96602724312817 9.000554094287468 5.129282319908757e-17)
(-96.38772750817652 24.74540454087966 -2.19256963320732e-13)
(-98.3517312965072 43.34118810093581 -3.230930823626617e-16)
(-95.50443521488258 62.72939158972792 5.471956266560052e-15)
(-88.03933881841779 80.89516337077268 -4.263539518912202e-15)
(-76.66429440379289 96.27996538735948 -2.094156027170025e-13)
(-62.34989932546749 107.9279092383574 -2.035704676886252e-13)
(-46.05441783524277 115.4203222538281 -8.724026176530926e-17)
(-28.57586260283796 118.7052438648658 -3.880776086178555e-17)
(-10.56630614378435 117.9201713283324 -2.45530704973079e-16)
(7.358502826119495 113.2795179775471 1.155854807724432e-13)
(24.51681440486507 105.0517640944277 1.152785948109378e-13)
(40.13539553692802 93.59863341050456 2.025785085429884e-13)
(53.41267281331996 79.42831997863236 1.085157227538199e-13)
(63.64030147067842 63.2286128162337 2.213409618567316e-16)
(70.33417561720971 45.85730278652047 -2.116985017439167e-13)
(73.33195226136323 28.27126907984752 5.226838840747692e-16)
(72.83379738715315 11.38653195968569 -2.244066576943637e-13)
(69.37502215332896 -4.088063191851379 1.111413711938614e-15)
(63.72821060629124 -17.76354318568201 -2.236666879462432e-13)
(56.74843660631786 -29.58133436931731 -2.139457661128846e-13)
(49.19740469166287 -39.73006743312696 2.150895629298216e-13)
(41.6005942460701 -48.50306270655329 3.392751110606587e-16)
(34.18640478210831 -56.14132209699606 -2.39104461292249e-16)
(26.9271228343966 -62.71318354478174 -2.13383493329965e-13)
(19.66193189264244 -68.08162837434389 -6.527151132772374e-16)
(12.24729994001343 -71.97415828131835 -4.032861447692317e-13)
(4.246669039949436 -74.11110225507893 -4.210737028350678e-13)
(-0.5280703026063788 21.02280649464989 1.29570058349226e-15)
(-1.494044215399908 19.58968008174414 -2.054776441128588e-13)
(-2.300148111178714 17.05208429947599 4.014726169357547e-16)
(-2.938251757772218 13.80310035716792 3.982322165739669e-16)
(-3.324743384747186 10.42187272328296 5.977721765007053e-17)
(-3.322749177063085 7.579845818088709 -4.035533685168475e-18)
(-2.730377142475714 5.868260812773257 1.470130216588156e-16)
(-1.340261395776615 5.603736624009546 2.209048825747752e-13)
(0.9273444984151179 6.6960708780531 2.202554084765952e-13)
(3.888665714133643 8.646233668804587 1.268859227977334e-15)
(7.059885503771863 10.70095197168908 4.233360262539207e-13)
(9.77368801331243 12.11920926494508 3.109739739331639e-17)
(11.39111959306811 12.41949767781591 -3.219071315252319e-16)
(11.46214317897061 11.45749898516982 5.856687824787897e-17)
(9.739514983289274 9.308146496099004 -1.81748211024789e-16)
(6.157825192358114 10.06565090564448 -3.072431551018884e-17)
(1.789929917331771 -0.3576992495202991 -1.611308987194066e-14)
(0 0 0)
(0 0 0)
(0 0 0)
(0 0 0)
(0 0 0)
(0 0 0)
(0 0 0)
(0 0 0)
(0 0 0)
(0 0 0)
(0 0 0)
(0 0 0)
(0 0 0)
(0 0 0)
(-12.88966251877105 -1.40076093835131 2.154047726406064e-13)
(-31.99396207978103 -5.040965207897502 5.079809342029571e-16)
(-48.85275751751838 -5.150237024316134 3.937913178299287e-17)
(-61.98916699394542 -2.681566968233474 -1.257442218520206e-16)
(-71.58775435203889 3.06482391061478 2.116639203445338e-13)
(-77.95090247769437 12.20367631428941 -2.175715086385126e-13)
(-81.23645940940972 24.42957069290644 -4.564329800411393e-16)
(-81.43388124623705 38.89231283849379 -1.526789369970947e-16)
(-78.49951080957609 54.30374790602417 -6.783935910142437e-17)
(-72.53048901380728 69.23501442496212 6.751515393922965e-15)
(-63.84578536750286 82.43033478909257 2.115384949367946e-13)
(-52.9401342620075 92.98988955960158 -9.370195489360371e-17)
(-40.37732743863215 100.3848874488343 -2.261698170825338e-17)
(-26.71064705758382 104.361767188712 1.551382143526868e-16)
(-12.47002222314447 104.8263626390673 -2.358807179036154e-16)
(1.804383250967341 101.7769959860556 1.146937458081438e-13)
(15.52922396298414 95.30505562321213 -6.397481186983489e-16)
(28.08212659681478 85.63825216132172 -2.051408380899717e-13)
(38.85204487521646 73.18638287543843 2.091507107564159e-13)
(47.3188946358767 58.55635946319243 3.230549569766197e-17)
(53.13140617548258 42.51941200159204 2.584980649584861e-17)
(56.15724343727352 25.93308464683845 2.342679121339333e-17)
(56.49806878395837 9.633678858529615 1.19543553622208e-16)
(54.47367895934364 -5.676458368816577 4.44271651983922e-17)
(50.57515059617042 -19.51643033020784 5.969603190104657e-16)
(45.38427182619956 -31.66224197443776 -2.067932617428058e-16)
(39.47006504781593 -42.11698133812681 3.489632311511872e-16)
(33.29131494785214 -51.02362353714929 5.331407748984794e-17)
(27.13671066347884 -58.5508800895894 -6.785460310605592e-17)
(21.11955536415612 -64.7935933637996 -3.812763920852628e-16)
(15.2239141888507 -69.72506051134008 -7.172941778615163e-16)
(9.382749795109707 -73.21682934066631 -4.362389549853186e-16)
(3.234895103453279 -75.11001673988653 1.938670585928261e-16)
(-1.074583755727804 18.25986086529913 1.89831711947082e-16)
(-3.003641634587271 17.41213687483766 4.426712395827461e-16)
(-4.488574384663438 15.92384233163897 -2.108074635801529e-13)
(-5.43031219102838 14.04047399639975 2.070116508673218e-13)
(-5.651012158800353 12.10114946469821 1.284378203979881e-16)
(-5.025290831096697 10.47340851938994 1.066288421980404e-16)
(-3.50566057441348 9.449721635658497 -4.232587871863666e-13)
(-1.160294625106343 9.138737569549138 7.310483828255698e-16)
(1.785054551350369 9.409141086835172 2.132724691626531e-13)
(4.935222534805592 9.929890934022952 -2.288899108090801e-13)
(7.77837692494565 10.29958421179301 -1.956901971749412e-13)
(9.796001733310826 10.19948897295334 -5.771469804745105e-16)
(10.56984628072441 9.48273058167111 4.138633677826232e-13)
(9.818660836883476 8.157183096623998 2.114472161082193e-13)
(7.37569542212296 6.304897305352496 -1.923356610855153e-13)
(3.256254751323485 7.822908983579168 2.326538271089975e-13)
(-0.4851602389059215 -0.8211701641146545 -6.195955818513663e-14)
(0 0 0)
(0 0 0)
(0 0 0)
(0 0 0)
(0 0 0)
(0 0 0)
(0 0 0)
(0 0 0)
(0 0 0)
(0 0 0)
(0 0 0)
(0 0 0)
(0 0 0)
(0 0 0)
(-14.42865740494933 -0.9019910183682398 2.368779974291749e-15)
(-32.72542260705462 -2.510241553832946 -4.078923705213819e-16)
(-47.33125892212976 -1.570466025780671 6.764893295590588e-18)
(-57.91136619417175 1.239722499302661 2.524046288241992e-18)
(-64.83044571008976 6.235707822573921 2.564713821990217e-17)
(-68.60128045628231 13.42414299321997 -2.626066228469415e-17)
(-69.69909098009428 22.63354643666869 2.225761041583919e-16)
(-68.47755408324218 33.42477435895142 3.796945266425868e-17)
(-65.16173363361388 45.08135133823588 -1.5105688926655e-16)
(-59.9127519435834 56.71422278975324 -2.843255871905264e-16)
(-52.90941927749753 67.42862992280378 1.267102613593192e-14)
(-44.39534667308981 76.4641423329296 4.236425060678118e-13)
(-34.68254021867669 83.25385231970533 4.236408756787304e-13)
(-24.13438741469899 87.41044973054784 4.074381832789419e-13)
(-13.15107735278691 88.68511951995653 4.23816964477206e-13)
(-2.162804193894512 86.94285526851304 3.185324235105606e-13)
(8.378070579875118 82.1702915582799 5.16990488515716e-17)
(18.01672279097722 74.50476301015905 -1.82546802849721e-16)
(26.33078011596041 64.2601569784549 -2.117501641718574e-13)
(32.97333059576638 51.92705767993819 4.200421883228955e-17)
(37.7109008016355 38.13744698743083 -1.127406720063033e-17)
(40.44621912794283 23.60021199450183 -4.071761716615343e-16)
(41.22425438305883 9.022764784275555 2.247309472066852e-13)
(40.22491296669092 -4.966587721657285 -2.176607372105355e-13)
(37.74242700059892 -17.88293549280756 9.679810030732592e-18)
(34.14788559668368 -29.42169918680683 -9.616269697300691e-22)
(29.83602312573845 -39.45583233613619 2.746701292480942e-17)
(25.16669548926791 -47.99250154950152 -4.84717363376042e-18)
(20.41643494929376 -55.10462118786339 -7.429641641111246e-17)
(15.75294240800045 -60.8624117083796 -6.10712873652892e-16)
(11.23869591406259 -65.288669108864 2.291289945558094e-13)
(6.862377736146891 -68.35079678149931 -2.123979681820629e-13)
(2.353296964244701 -69.98751315714868 -3.877113419910887e-17)
(-1.376029289818957 14.89886338042372 4.442869626253439e-17)
(-3.830213237907123 14.45262427879302 2.269886308612804e-16)
(-5.671810989127682 13.67799486352987 1.028322505653998e-15)
(-6.760944625138831 12.71106677158861 1.937686798661937e-13)
(-6.891808862973934 11.72041010417039 5.816077904921029e-16)
(-5.974177007476544 10.86368431340718 9.289624529871717e-17)
(-4.065048092962472 10.23692759220374 6.542925516936785e-17)
(-1.380841944987291 9.834870023762878 -3.598782795039897e-16)
(1.71849786339011 9.547509063468173 4.191685281961409e-13)
(4.779108840757045 9.205142377252864 1.31359829855935e-16)
(7.329483542429292 8.653207997672595 -2.13564597382639e-16)
(8.956834382070328 7.813920917271854 -2.027480784429844e-16)
(9.348813715953693 6.699429910380188 4.150245484295754e-13)
(8.284309901053687 5.379106438561863 9.564223373721032e-16)
(5.614526732764505 3.935656989357911 -2.156873459934533e-13)
(1.378177537027441 5.999573973992871 1.897913552375538e-14)
(-1.849630707417156 -1.108456214084359 -9.716758513948963e-14)
(0 0 0)
(0 0 0)
(0 0 0)
(0 0 0)
(0 0 0)
(0 0 0)
(0 0 0)
(0 0 0)
(0 0 0)
(0 0 0)
(0 0 0)
(0 0 0)
(0 0 0)
(0 0 0)
(-14.97463932841529 -0.6032148527946427 1.257785504748693e-14)
(-32.34669392735871 -0.6492971597097527 -1.949927556979916e-15)
(-45.30744689647818 0.7128194350282561 -3.210162186882885e-17)
(-54.18299315225568 3.491028223914448 -3.999322070300049e-17)
(-59.40333385766174 7.629380121755996 3.725942307169598e-17)
(-61.55306386011678 13.08399768542271 2.711986032045526e-16)
(-61.23582803841958 19.76222587805626 1.905755057301901e-13)
(-58.98607634001493 27.46635393421096 -2.111721753698984e-13)
(-55.2100623775446 35.85225064445041 5.249356984853912e-17)
(-50.18321043224281 44.43573382706635 2.11666955506829e-13)
(-44.09586582946653 52.64958504779064 2.115999224997828e-13)
(-37.11491187036903 59.92095227673801 2.003328193600553e-13)
(-29.43102005866804 65.73402488091261 2.12679118696e-13)
(-21.27937986298296 69.66369411289487 5.282638986680383e-16)
(-12.93761669372524 71.38873073449159 2.116596903399651e-13)
(-4.710444717713757 70.70076741119929 4.153803953970931e-13)
(3.091131700280133 67.51845992329211 -2.068096577973653e-16)
(10.17199201521037 61.90449192067503 4.362059963592969e-17)
(16.2743395467554 54.07521328744077 4.362666745188511e-17)
(21.19618464817423 44.39248522794392 1.857910347014161e-17)
(24.80456049385437 33.33393075164993 1.609061420423734e-18)
(27.04256124000967 21.44626247176618 -3.392697593168289e-17)
(27.93126907349724 9.290984157679217 -4.212561707433026e-16)
(27.56797868513864 -2.609070193304614 -3.554605653492253e-17)
(26.12003913617556 -13.81576541587035 3.635050275247227e-17)
(23.81137498403164 -24.00707025636255 -9.693544965588181e-18)
(20.8992626826085 -32.9866337665779 -8.077823713097903e-18)
(17.64252609270574 -40.66905500988452 -3.069621491675239e-17)
(14.26680050027726 -47.04633361146096 -4.523697113651485e-17)
(10.93550743888279 -52.14722724819492 -1.324773848455468e-16)
(7.735529112174976 -56.00246364317843 -5.913184022141822e-16)
(4.684085565548017 -58.62539318752416 -1.163224033513613e-16)
(1.598017329993209 -60.01158217696513 9.693906171157586e-18)
(-1.521038049366781 11.15660476489108 1.292470555909742e-17)
(-4.224621209506276 10.9481292174528 6.947028306473173e-17)
(-6.230131892086632 10.58932539772326 2.463771107026778e-16)
(-7.387896951270492 10.14238905406089 5.816072366120136e-16)
(-7.498394618258574 9.670912838777722 1.187458896682226e-16)
(-6.50877334421441 9.215452994727718 3.392746507999484e-17)
(-4.534474864568454 8.776101993415747 5.65451837505768e-17)
(-1.849713154509896 8.310441959538394 4.484605717531158e-17)
(1.155326905007475 7.75143893207067 -4.309597519516034e-16)
(4.040921470566681 7.040324680494206 -4.039126817689593e-18)
(6.387155464871775 6.158374863000232 -2.225722770043884e-18)
(7.842223645710748 5.13929771782053 -7.734046833279026e-17)
(8.135031801385809 4.056363934642954 2.054679528151181e-13)
(7.054887914108815 2.995776010998711 -2.112703379405403e-13)
(4.441223550750041 2.033006755647513 -2.148691416712922e-16)
(0.3206863048472267 4.496719061120978 1.463840966630183e-14)
(-2.530286838657001 -1.281387916709058 -9.180115763748111e-14)
(0 0 0)
(0 0 0)
(0 0 0)
(0 0 0)
(0 0 0)
(0 0 0)
(0 0 0)
(0 0 0)
(0 0 0)
(0 0 0)
(0 0 0)
(0 0 0)
(0 0 0)
(0 0 0)
(-14.86361650286236 -0.4327648960735808 3.315471063943562e-14)
(-31.33117903925569 0.7263855873787916 -5.275428636628536e-15)
(-43.16538435215491 2.095914616393394 -5.857735930091907e-16)
(-50.99480554408804 4.608406140343016 -3.361309435717916e-16)
(-55.23747624936808 7.864928916934219 -3.306872078828256e-17)
(-56.46843469826202 11.80813346098785 3.692125415240368e-16)
(-55.31673472728819 16.40082959375741 -2.099850748721285e-13)
(-52.38752931212223 21.58756574271099 -2.079866542938101e-13)
(-48.19235373713519 27.25007147829177 3.837005385108904e-16)
(-43.11541753885561 33.17553058306596 -3.191553603620918e-17)
(-37.42420082789887 39.05423867867734 -2.504204410753101e-17)
(-31.310906845526 44.50739638491178 8.417071567781152e-16)
(-24.93979839365279 49.13179637078295 2.126573115097879e-13)
(-18.47968156277014 52.54583981645695 1.066216927099978e-16)
(-12.11400405403593 54.42784809338372 9.531980317359587e-17)
(-6.033075003182626 54.5448761315476 -3.182791288418647e-16)
(-0.4182049073112933 52.77323772970178 -3.230668131732048e-17)
(4.573476159681503 49.11092874135483 2.35066520398602e-16)
(8.818773428212095 43.68007292065554 1.445887152199881e-16)
(12.23204806386134 36.71724494319383 6.462963962166869e-18)
(14.76467804632401 28.5516665794254 -1.657938473145953e-16)
(16.40327253425352 19.57416854315306 -2.231525848483441e-17)
(17.16892172028845 10.20146629143726 -2.01535047730845e-16)
(17.11816339417244 0.8401741050275738 2.179836983751186e-17)
(16.34442694153957 -8.145689344336162 -1.453981634676395e-17)
(14.97701725542327 -16.45998856085813 -1.728674593934664e-16)
(13.17403837297588 -23.8888417490749 -5.331452368648644e-17)
(11.10699564294477 -30.30169745653133 -1.098596886728408e-16)
(8.938262708570081 -35.63961146772294 -1.550963672571646e-16)
(6.796812373011058 -39.89445468614736 -6.785505243371692e-17)
(4.760529970973878 -43.08493262285297 -7.107172784111578e-17)
(2.853552732843287 -45.23567316843698 3.554232594728271e-17)
(0.9670029047774313 -46.36457400280516 2.536478799948729e-16)
(-1.584674532034962 7.177321057687357 4.038973994755124e-18)
(-4.397565284308881 7.077667486766048 1.777146269200508e-17)
(-6.477551153072269 6.903298568885657 4.362087036498886e-17)
(-7.679357185070029 6.675372355657331 6.462356704374599e-17)
(-7.818744923424119 6.407910789717706 2.423386321758161e-17)
(-6.868987853710317 6.097442188044796 5.572588096641815e-17)
(-4.970059128528217 5.721269274382694 8.482780879102955e-17)
(-2.405505007007649 5.246862086448024 -2.338949965474814e-13)
(0.4483805844009444 4.649438846380069 -1.789421903068e-16)
(3.186044772978016 3.929806182174103 -2.16091520181499e-17)
(5.428456579695658 3.123244560231719 -1.019926941868896e-16)
(6.854823453607495 2.294748134471394 -1.070941468240378e-15)
(7.205292008721748 1.52391935375023 -1.041081597501138e-14)
(6.260952720142941 0.8878063137999246 -2.059549406165079e-14)
(3.839755275764787 0.4480288768757854 3.602573529987717e-16)
(-0.05979378341013031 3.226231521738022 1.510282670766801e-14)
(-2.684040810563741 -1.385589650583151 -7.392495793694788e-14)
(0 0 0)
(0 0 0)
(0 0 0)
(0 0 0)
(0 0 0)
(0 0 0)
(0 0 0)
(0 0 0)
(0 0 0)
(0 0 0)
(0 0 0)
(0 0 0)
(0 0 0)
(0 0 0)
(-14.31362671569869 -0.3353130421528991 5.604253692230377e-14)
(-29.97691095147237 1.793077856396976 -9.85617984249264e-15)
(-41.12543827143133 2.962746107299556 -4.115233479323586e-13)
(-48.41397888774216 5.123996221312558 2.321335724659757e-13)
(-52.20360653854333 7.571740329172512 -3.172648661176562e-16)
(-53.01716318293669 10.25413296858145 6.859350577466334e-17)
(-51.45639575433962 13.17261159811653 5.997065343255917e-16)
(-48.1368344518365 16.35376447426864 4.875061120304648e-16)
(-43.62209753293133 19.81004819017113 2.121362313872484e-18)
(-38.37904322791397 23.49963488205558 -6.17750540904721e-16)
(-32.76400002482985 27.30030133885333 -6.361331075299699e-17)
(-27.03735418258491 31.00769028219634 5.937160817473419e-17)
(-21.3925766297814 34.35765141434584 -1.966953953740097e-16)
(-15.98332814079788 37.0634292508901 -2.196422821511363e-13)
(-10.93858037622029 38.85586720406345 -2.43153543743135e-16)
(-6.365055075946426 39.51767172038319 -2.123947696045872e-13)
(-2.342815683621381 38.90743568153302 -2.17306145765915e-13)
(1.078827212425031 36.97262011398264 4.243105191077339e-13)
(3.880655751459227 33.75233590638177 5.674727654983472e-15)
(6.067778307132075 29.37131618186609 -1.019653754161704e-16)
(7.66148409226622 24.0267173581184 -6.214443282673224e-15)
(8.692360949946359 17.96957926907702 -3.865359098416397e-16)
(9.197274635954519 11.48288859090451 -2.135652758950067e-13)
(9.220823049860011 4.858222623662028 5.978235212810215e-17)
(8.819876467262668 -1.627050048997274 -1.243976834925189e-16)
(8.06822258805124 -7.729962210907182 -2.129990056399913e-13)
(7.057553798786907 -13.25730883078075 2.584670874430435e-17)
(5.891756375894716 -18.07395723362407 3.715882954800823e-17)
(4.674043269782784 -22.1025718593825 2.114221953873383e-13)
(3.490186281665506 -25.3147833206589 -1.292469867692188e-16)
(2.39431062664724 -27.71588397166531 3.017003741255764e-22)
(1.404815591609682 -29.32691464134452 2.940352028982402e-16)
(0.4690936605931101 -30.16931253995206 2.134691432736563e-13)
(-1.620795196636746 3.068483868860478 2.908056273206371e-17)
(-4.498679278204037 2.996812127351974 3.473512176936453e-17)
(-6.632427023798082 2.863813916967754 1.93870480945343e-17)
(-7.883284731329168 2.67326887155761 1.211697306898003e-17)
(-8.076324786800575 2.426443908743855 4.846745157255029e-17)
(-7.195414860258225 2.120699947628335 4.063283671539416e-16)
(-5.385054966519707 1.751586656017741 -1.995331408910771e-16)
(-2.921543583055439 1.318472385944659 2.267258325379256e-13)
(-0.1617289992427434 0.8315934116961337 4.204093094794437e-13)
(2.514727185284357 0.3171051551610153 -3.049507177185956e-16)
(4.752097417208224 -0.1826289562088427 2.33271938382258e-13)
(6.242898439194712 -0.6138244387599086 4.136676800440929e-13)
(6.728089980421077 -0.9188876833670574 -1.07598846539214e-15)
(5.978997435908557 -1.043872621213363 3.691600516637331e-16)
(3.795461076702444 -0.9440157421935781 5.767652742410213e-16)
(0.1443966393519272 2.11206378841651 6.209291025521684e-15)
(-2.409872237346087 -1.457210309356295 -3.934937113816081e-14)
(0 0 0)
(0 0 0)
(0 0 0)
(0 0 0)
(0 0 0)
(0 0 0)
(0 0 0)
(0 0 0)
(0 0 0)
(0 0 0)
(0 0 0)
(0 0 0)
(0 0 0)
(0 0 0)
(-13.4379867918454 -0.2657208313659141 -1.138288995160758e-14)
(-28.41873703773063 2.708061047860983 1.962781929204112e-15)
(-39.24979770557357 3.655273925543349 -5.839072814489006e-16)
(-46.38581135589821 5.516230484976298 2.337400570072566e-13)
(-50.10733950388472 7.318961176179481 -1.276469309562303e-16)
(-50.8675634296687 9.022290676049668 -1.308829076612014e-16)
(-49.21710322029559 10.65049146904751 4.023672456701337e-13)
(-45.75009271755413 12.27338468848341 2.185123566639745e-16)
(-41.04648332643954 13.97532791759678 -6.014072314192319e-16)
(-35.62516438803943 15.8190267200523 4.129202503768059e-13)
(-29.91614543293119 17.81445255133085 -6.62794858838555e-16)
(-24.25355677755742 19.90296017481243 -2.126556808689534e-16)
(-18.88405942699507 21.96110061344722 -2.124077485803893e-13)
(-13.98146577368874 23.82105293250514 -2.281108190164352e-13)
(-9.659761584551099 25.29955338048763 3.947400735387176e-17)
(-5.981506524992307 26.22666925400539 -2.144731338680418e-13)
(-2.963256512745753 26.46857023834264 -2.220484767006677e-16)
(-0.5816236144937905 25.94209089257215 1.497955538003242e-16)
(1.21746949612822 24.62150519015873 8.351247756429315e-17)
(2.506429514611421 22.53901740648399 -2.767161764499235e-17)
(3.362941131607955 19.78041021582013 -1.86584389043984e-16)
(3.859443764491035 16.47679076752903 -5.105806331391531e-16)
(4.057565073754462 12.79302354614197 2.237806343305177e-13)
(4.008224753843059 8.913472492146846 4.025009852912451e-13)
(3.756242103447427 5.026000792466709 2.956260751679909e-16)
(3.346758470622093 1.305634998805327 2.122154029628112e-13)
(2.830043359632623 -2.100178302581925 2.186212662806537e-13)
(2.261732626643398 -5.082377321205872 -2.300902700067884e-13)
(1.697436626266382 -7.574898014541895 2.810900623610153e-16)
(1.183500260552672 -9.551812891957635 -1.453998674045364e-17)
(0.7483986478527654 -11.01750333564903 8.077986908769911e-18)
(0.4005366013180539 -11.99242344278229 8.077911576062896e-17)
(0.1246793643258976 -12.49902691033181 2.681875188154453e-16)
(-1.656370687113337 -1.077539620825075 2.121435540960604e-13)
(-4.602234962481663 -1.145563931824362 2.118163978006409e-13)
(-6.801094409192534 -1.279564429008335 7.593261694079423e-17)
(-8.11672719372414 -1.484821277337921 2.423056012655375e-17)
(-8.37131384773396 -1.760560011451066 2.294194004130453e-16)
(-7.543845106616345 -2.094579884459361 -2.302098488897309e-13)
(-5.772286690132136 -2.461417684566372 1.970929340667089e-16)
(-3.32549825120963 -2.825088462313005 3.626934324916978e-16)
(-0.5529866460208314 -3.14506017541445 -1.841759839186713e-16)
(2.171822405605023 -3.38238132873033 -5.250687674575489e-17)
(4.497526985612158 -3.50301129707335 -1.159705855286093e-16)
(6.118564726024486 -3.477469501791862 -5.56366297047768e-16)
(6.775243825999679 -3.278351338551341 -3.929886746182418e-16)
(6.235824660702938 -2.878021221172629 5.113450225171642e-16)
(4.292244054845698 -2.247591690042292 2.158480793174502e-13)
(0.8825007268895665 1.087842021349236 -4.024497182476445e-13)
(-1.758014314821533 -1.527045178859017 -1.502881033053037e-14)
(0 0 0)
(0 0 0)
(0 0 0)
(0 0 0)
(0 0 0)
(0 0 0)
(0 0 0)
(0 0 0)
(0 0 0)
(0 0 0)
(0 0 0)
(0 0 0)
(0 0 0)
(0 0 0)
(-12.25935862345195 -0.1852480547101776 -3.218380793353123e-13)
(-26.65093821413181 3.606325046565121 1.856601635832485e-14)
(-37.46404386556987 4.463294969673348 1.945636028429999e-16)
(-44.75029166745539 6.187641763780975 -2.273805813672942e-13)
(-48.69754634912167 7.582607296184627 -7.934380214773926e-17)
(-49.68563289058258 8.612551877599614 -4.031730274884026e-13)
(-48.20530174155103 9.309142516774944 -6.583655167565301e-16)
(-44.81199800286022 9.759229108263261 -2.42295586440915e-17)
(-40.07645550103065 10.08317180299317 -2.827374402200734e-17)
(-34.53991859377753 10.40688125990801 -4.136006215265818e-16)
(-28.6800665708059 10.83374159099748 -8.319751379065897e-17)
(-22.89070612178507 11.42352388459387 -5.331784479601138e-17)
(-17.47448387386121 12.18324572090678 -1.486342642438905e-16)
(-12.64487537553054 13.07063436650574 2.5404083055812e-16)
(-8.53296405585175 14.00685059273459 2.790848184078517e-16)
(-5.196038218542831 14.89339328083817 5.602109068284761e-16)
(-2.627394044758999 15.6288320807925 1.248038934757663e-16)
(-0.7682378355770536 16.12296610891153 1.462097348881527e-16)
(0.4775822650872445 16.30772137502022 -2.114335062437748e-13)
(1.22668333166727 16.14484762254752 -1.151057355246405e-16)
(1.599257451386858 15.63039992079359 9.69259071998302e-18)
(1.704974277672256 14.79565648878435 -2.584868008682067e-17)
(1.633956358368376 13.70400090891572 -5.089013819062696e-16)
(1.45380029511837 12.44356193543334 1.712390830304533e-16)
(1.212038970260324 11.1160343963466 -1.001733796062171e-16)
(0.9420434886096032 9.822982537527981 1.244105429118389e-16)
(0.669541476842316 8.651832477672079 -4.361333201723409e-17)
(0.41703666964258 7.664354726193056 2.940322549384236e-16)
(0.2046077082110171 6.890355519092886 -3.392719869069097e-16)
(0.04758096707744795 6.328327921011204 -2.100905121368838e-17)
(-0.04629992231617457 5.953078770814715 2.100225357595043e-17)
(-0.07628945354750155 5.728311424183731 -4.846765337336315e-18)
(-0.03733644522995129 5.62008478741325 6.785476348931653e-17)
(-1.68876088719048 -5.172848500000156 1.98642093150424e-13)
(-4.700668980433971 -5.202668213508207 -2.167754424981862e-13)
(-6.971684368800545 -5.276182851735931 1.268252582135866e-16)
(-8.364280313040464 -5.416949546085688 -4.846936390667073e-17)
(-8.686083393137013 -5.638794908646229 2.32802058156811e-13)
(-7.896272532741827 -5.931692096771029 1.542958940326707e-16)
(-6.115563544046261 -6.255978059402993 2.097605724008956e-13)
(-3.605186073713474 -6.548331054902725 1.998848930256012e-13)
(-0.7190218658424743 -6.737477141889435 8.538306049629218e-16)
(2.156776062882533 -6.762313759615636 -5.775743519029e-17)
(4.657009243831351 -6.583302938656728 -3.021988405416885e-16)
(6.467558397338916 -6.181933870854804 -4.22491527464127e-16)
(7.327538260888463 -5.550721851759129 -4.047486240648644e-13)
(7.009757084693331 -4.681210508908774 -4.822308366836111e-16)
(5.309289480071838 -3.555658395595837 4.17181756990971e-13)
(2.138477733116383 0.0935834413053751 -3.326485045360122e-15)
(-0.7358921909610086 -1.623451368359461 1.694878327271295e-14)
(0 0 0)
(0 0 0)
(0 0 0)
(0 0 0)
(0 0 0)
(0 0 0)
(0 0 0)
(0 0 0)
(0 0 0)
(0 0 0)
(0 0 0)
(0 0 0)
(0 0 0)
(0 0 0)
(-10.72261119708661 -0.05884349985297066 -1.157290362677936e-13)
(-24.55207746024984 4.600281158365095 2.048243237416619e-14)
(-35.58524917650605 5.624970510331607 4.231984051054967e-13)
(-43.26649905571833 7.460122857733727 -2.119870536186687e-13)
(-47.68242939141221 8.734668226430049 7.632844273403114e-17)
(-49.14102820979808 9.406832401748598 -2.266527090984406e-13)
(-48.07042598991705 9.501077345068241 4.136896772671021e-13)
(-44.97606343135345 9.103230929084852 -6.502740443957985e-16)
(-40.39883117374895 8.347894008556187 1.704430816711326e-16)
(-34.87459459892046 7.399322276062207 2.141073014300142e-13)
(-28.89950280808823 6.428850757173588 -5.291036751325682e-16)
(-22.9040526491899 5.593004847411618 -2.48796870055646e-16)
(-17.23694894670539 5.016146933418764 3.311051443401101e-17)
(-12.15786090316631 4.779906882399495 2.754514328430898e-16)
(-7.837002671095339 4.919635225532232 2.135870890229612e-13)
(-4.359525037473936 5.426770716086316 -2.228419584982869e-13)
(-1.733683684702312 6.255732380047546 8.586776048285327e-16)
(0.09726567967479897 7.334258122976118 2.124868574007428e-13)
(1.239351009326429 8.576228274690116 2.150645366887484e-13)
(1.829108059187212 9.895581973481336 -2.175711048112491e-13)
(2.013749995981873 11.21929843109678 -1.19560731080391e-16)
(1.933044750076443 12.49717333550112 2.423039096416866e-18)
(1.705470517507722 13.70652202725154 -6.058482943832277e-17)
(1.420258239908416 14.85078990217792 -1.793535801686633e-16)
(1.135662701760942 15.95212856681005 -2.119973138452178e-13)
(0.8825565466133755 17.03927977910517 1.951839575723991e-13)
(0.6714155459642339 18.13345016626162 -1.916111472683568e-15)
(0.5002556672141226 19.23576741136148 -7.819404712862365e-16)
(0.3614098223405431 20.31987316251577 -2.158650542071913e-13)
(0.2462235149591036 21.33208620721918 -2.568792057051845e-16)
(0.1483821537873458 22.19963943892476 -2.326313603685422e-16)
(0.06793712005859091 22.84526484821357 -2.172205298918867e-13)
(0.0167135368492982 23.20409689245824 5.977488233507103e-17)
(-1.686054545299106 -9.127360611408779 4.01474209076527e-16)
(-4.705500070875492 -9.029222834515791 5.517242230286263e-16)
(-7.015375741164931 -8.88231912356901 2.121459778414257e-13)
(-8.479339249741662 -8.752532209203565 4.42670853782795e-16)
(-8.886056397484849 -8.706227059690569 2.130450459695942e-13)
(-8.161028256662288 -8.782635273295726 -4.225576322019394e-13)
(-6.388925647934868 -8.97238506181677 -2.051044399652353e-13)
(-3.806997333192949 -9.211216985753024 2.066739946223157e-13)
(-0.7669693508037156 -9.394471022148613 -2.049655078369631e-13)
(2.325996607614244 -9.408512381923675 2.114040271534595e-13)
(5.077906874192267 -9.163688264297495 4.21989088284283e-13)
(7.151145812711246 -8.610343160632587 9.37018910329014e-17)
(8.275967188042399 -7.731030153176878 -3.057499214878254e-16)
(8.230888117854134 -6.519194563594918 -6.05846785514764e-17)
(6.820025181019634 -4.960194554883887 -1.502501011518258e-16)
(3.928560397861142 -0.9280745354183737 -1.006625250509092e-14)
(0.6894021597063444 -1.774990784206541 6.788672177205951e-14)
(0 0 0)
(0 0 0)
(0 0 0)
(0 0 0)
(0 0 0)
(0 0 0)
(0 0 0)
(0 0 0)
(0 0 0)
(0 0 0)
(0 0 0)
(0 0 0)
(0 0 0)
(0 0 0)
(-8.705528884437706 0.1472424636827301 -2.887915835159645e-14)
(-21.90841730426787 5.780524937532079 5.129993598406722e-15)
(-33.35131115048549 7.331692330651753 -5.593968004881782e-17)
(-41.64059397353611 9.578263418540034 3.117107102543466e-16)
(-46.75083680621425 11.04270995204766 -4.337891895233735e-16)
(-48.91922377261441 11.66317967217941 -2.208750047498227e-13)
(-48.50890321434876 11.444637716659 -1.123642641445239e-15)
(-45.96518133909539 10.46022866055949 -2.17756916503519e-13)
(-41.78036415333203 8.846414662048886 -7.12470869304864e-16)
(-36.45896184459984 6.791570810556243 4.180186265984273e-13)
(-30.48638399967057 4.518961733258682 2.220511365486203e-13)
(-24.30340994663123 2.266008233764964 -2.186874865846085e-13)
(-18.28758183972915 0.2622903945776021 -1.291865265610694e-17)
(-12.74138708411079 -1.291259935711877 7.609500267330437e-16)
(-7.886100222900605 -2.239849029413031 -2.2294212102058e-13)
(-3.85994106487956 -2.487160886002697 1.496828497225269e-15)
(-0.71990663854328 -2.00085736581214 1.777158356288423e-16)
(1.55225805844094 -0.8098926576018683 1.56711781436952e-16)
(3.038906114608407 1.006600483623459 2.121354750338761e-13)
(3.869753486512546 3.337120764060046 -8.320294495694429e-17)
(4.20084881141518 6.058495666211699 2.019010237900155e-17)
(4.192197871418374 9.054694911322622 5.654819769092337e-18)
(3.987572922223741 12.22972213890369 -6.221762746802084e-17)
(3.699406833351476 15.51234821892086 2.294377970367204e-16)
(3.400528842756569 18.85229378744694 -1.305877604436983e-14)
(3.123365082534761 22.20911345841992 -2.063557552818177e-13)
(2.866029107082764 25.5367873740763 -2.007351125395414e-13)
(2.603459664986764 28.76858835818101 -8.43346135193184e-16)
(2.300926503390487 31.80729148192157 -2.827093040317222e-16)
(1.927347242755986 34.52476723725479 4.018062453005562e-13)
(1.466878717700824 36.77273877968499 -2.133431503546968e-13)
(0.9285158741303126 38.4036334148452 1.147001151896198e-16)
(0.3218207736202597 39.29710286439573 2.120829624828161e-13)
(-1.590424826750528 -12.8376458777941 4.588259814932106e-16)
(-4.455524472177189 -12.47610076559266 -4.135006446687296e-13)
(-6.694993742964334 -11.86473043515075 5.549548218796047e-16)
(-8.188188248215354 -11.14418586985106 1.63174146544787e-16)
(-8.71618645614717 -10.48864846110977 3.820926304455284e-16)
(-8.162430534025189 -10.06040508243285 2.277970192383605e-16)
(-6.544145256170251 -9.955657842364092 1.930573177148462e-16)
(-4.027272033439766 -10.15999926771083 -4.289300280919366e-16)
(-0.9163172621353046 -10.53962465200288 -2.707615127948005e-17)
(2.387558819077938 -10.88208164633347 1.903380265098555e-14)
(5.455178464983809 -10.96964090804349 -3.677756549699109e-16)
(7.900216508411678 -10.64307170546905 -2.314772690199537e-13)
(9.418686858100864 -9.819741537145546 6.833774479823333e-16)
(9.780592684595419 -8.466754297168336 -1.340928206389717e-16)
(8.793617485088735 -6.562171854039931 1.858167932890765e-17)
(6.303498441921872 -2.036048609173957 -1.637139315297753e-14)
(2.592233715401735 -2.013262535261326 8.386070813248969e-14)
(0 0 0)
(0 0 0)
(0 0 0)
(0 0 0)
(0 0 0)
(0 0 0)
(0 0 0)
(0 0 0)
(0 0 0)
(0 0 0)
(0 0 0)
(0 0 0)
(0 0 0)
(0 0 0)
(-6.027221497474383 0.4676125741614605 3.876213767636095e-14)
(-18.43490122961182 7.216038991421847 -5.694627133529183e-15)
(-30.4496007272517 9.732977151349878 4.394334756753149e-16)
(-39.55548145249242 12.71391461326668 4.094048343145349e-13)
(-45.59751313867833 14.67184931232794 3.639245084503307e-16)
(-48.73910044564451 15.51327148963665 -4.045664607244784e-13)
(-49.2733770013232 15.21622269350352 -4.701432081132369e-16)
(-47.57428648520958 13.83621636031284 2.092379325798801e-13)
(-44.06748902279043 11.50683966580282 -1.777609039538817e-17)
(-39.20204752719024 8.433930147587121 -2.127340435346053e-13)
(-33.42506538570574 4.883035282180455 1.430763246255692e-14)
(-27.16072398854169 1.160626505645911 -4.491352455174456e-16)
(-20.79421711581054 -2.409743425692429 1.9004313709737e-13)
(-14.66000032699453 -5.514486453525315 -4.055191721571767e-16)
(-9.032903621899601 -7.877731160813641 2.063379355952596e-13)
(-4.120533375167168 -9.286592377487111 2.11575676897757e-13)
(-0.05641545783758543 -9.610112362041196 -1.453902874562025e-17)
(3.104723527700864 -8.807862938343018 7.270756275516507e-18)
(5.386364429477969 -6.925335110549119 -2.286026333579645e-16)
(6.881003240113596 -4.076216009640999 1.462084249291352e-16)
(7.731324141439826 -0.4157766513506522 -4.038824097695093e-16)
(8.104271220598388 3.887266451112174 2.746527557813952e-17)
(8.163123822577969 8.673014003540638 -4.765824700924148e-17)
(8.04282988744305 13.80229303724158 -2.118826471172788e-13)
(7.832427935280581 19.15715866003453 1.03883114772032e-15)
(7.567050129260461 24.6310878944977 2.919351540558221e-15)
(7.230890444874106 30.11171043116121 -3.844840619236209e-16)
(6.770759774267827 35.46130261121931 -1.954967202290964e-16)
(6.117588700444971 40.50218823401013 2.601127392540012e-16)
(5.211670811457883 45.01411402995173 -1.729050455527411e-16)
(4.027248329672487 48.74821789317619 -4.048209390620332e-13)
(2.592589654265881 51.45812971582289 6.58997987159236e-15)
(0.9105415805689184 52.94299412596617 2.107872971048115e-13)
(-1.324270790369126 -16.16448904273673 8.174874814998875e-16)
(-3.732447945674518 -15.37236953745615 -2.241166692002986e-13)
(-5.683460845258031 -13.99158568893586 5.307187913145676e-16)
(-7.103257274895557 -12.27192506325989 -2.504171900277678e-17)
(-7.802275608863812 -10.55946179878755 -2.120716639852614e-13)
(-7.628037636816532 -9.231048493434669 -2.118341701269679e-13)
(-6.488519832736987 -8.588873025648207 -4.677077543175313e-16)
(-4.390964142265124 -8.747286281522268 -2.210133924894129e-15)
(-1.489051729698078 -9.569744038615962 2.125959316647252e-13)
(1.89598034974979 -10.70112489590811 -1.433026226090551e-14)
(5.31691681491512 -11.6910631755375 -7.564771552945737e-15)
(8.30104518376444 -12.14565199901772 2.350759559513189e-16)
(10.45228459658173 -11.82061917441363 -2.270558130407298e-13)
(11.48845780331594 -10.6111965269018 2.106426669464734e-13)
(11.19684588494818 -8.478083679226289 2.116402936021143e-13)
(9.354424710125285 -3.295203340562927 -6.067955017229364e-15)
(5.093231648139708 -2.376927218985799 3.126296329121447e-14)
(0 0 0)
(0 0 0)
(0 0 0)
(0 0 0)
(0 0 0)
(0 0 0)
(0 0 0)
(0 0 0)
(0 0 0)
(0 0 0)
(0 0 0)
(0 0 0)
(0 0 0)
(0 0 0)
(-2.454974289795498 0.9394250814550045 -3.421696567731484e-13)
(-13.79434446223184 8.952324279854597 -1.254539572554917e-14)
(-26.54502393537318 12.9384220052048 2.114397631115481e-13)
(-36.70172182698757 16.96755472210465 4.241536193820973e-13)
(-43.9514799306105 19.68399365715776 -2.10106710635564e-13)
(-48.37485039166472 20.9582692282047 -2.29642772667952e-13)
(-50.18595834314494 20.74242111381602 6.704679405259762e-16)
(-49.67456436530436 19.0779864636381 4.031455445730425e-13)
(-47.18265036412999 16.09890896276692 -2.035106684872596e-13)
(-43.08276622655511 12.02836171366655 -2.221916157798224e-14)
(-37.75968764048284 7.168916842610274 -1.983343184564289e-13)
(-31.59618865520212 1.885859652567896 -1.631830386389274e-16)
(-24.96269480020768 -3.416117940189019 -5.121385994830625e-16)
(-18.20937481743653 -8.321976055242009 -1.941208758676869e-13)
(-11.65820614649122 -12.43939106631703 1.640628350654057e-14)
(-5.592322267256981 -15.43295004504644 -2.148868194204666e-13)
(-0.2411772015365013 -17.05522883640124 -2.520370906692286e-16)
(4.237035307423939 -17.16915705815284 -2.681816572374798e-16)
(7.770553040891796 -15.75567250368047 -2.186002534919445e-13)
(10.37931194363658 -12.90275576151302 -2.060867282784521e-13)
(12.16433127054251 -8.777350775309314 -9.346969651362389e-15)
(13.28098852483044 -3.588525136874217 -2.119036463600902e-13)
(13.90259950674762 2.446141509823339 8.237279788428959e-17)
(14.18355148912741 9.121791134000194 4.346357721228956e-16)
(14.22932369437216 16.25254329563825 1.942557526294231e-13)
(14.07791685204627 23.6643339322367 -2.042506152900506e-13)
(13.69624382390057 31.17678833929438 4.026641367519708e-13)
(12.99393746700592 38.57878256421123 -1.935480332589609e-15)
(11.85373792093043 45.60663037015792 2.135515278924021e-13)
(10.17337690012054 51.93656029620205 7.480283154642614e-16)
(7.910894400927302 57.20156172060681 -5.524932117475606e-16)
(5.123519720137336 61.03611069726905 5.945525066537435e-16)
(1.807043298683224 63.14135747222096 4.124416186914547e-13)
(-0.7980530277628891 -18.89649016739184 -4.201366661593821e-13)
(-2.282450818484548 -17.48954105733337 9.806665891730172e-16)
(-3.594549269329435 -15.00251030014652 6.462288434993178e-16)
(-4.756064357760221 -11.83111944459508 -9.717743686344634e-16)
(-5.675309885230909 -8.560420401340672 6.27305025100618e-13)
(-6.191841759591522 -5.872664829574881 -7.770877222182215e-16)
(-6.060383043627516 -4.375381167138148 6.341494598675875e-13)
(-5.008143046132764 -4.404755869412187 -2.151610810815992e-13)
(-2.870155877170828 -5.886825326158049 8.706800503924359e-15)
(0.2662396803819688 -8.324439044886633 1.92755737787595e-13)
(4.010651361805021 -10.93939575637284 -2.11513809157435e-13)
(7.770660510187862 -12.93056571139813 -1.978163432959733e-13)
(10.95314233052603 -13.72132477019126 2.180331944990381e-13)
(13.12312818292981 -13.04530699013674 2.117400569525818e-13)
(13.99182383806093 -10.83860079336379 1.703232082775361e-14)
(13.21869115144067 -4.778691965019238 2.247719629627125e-13)
(8.36776521198531 -2.918403088659547 -4.942372025220061e-14)
(0 0 0)
(0 0 0)
(0 0 0)
(0 0 0)
(0 0 0)
(0 0 0)
(0 0 0)
(0 0 0)
(0 0 0)
(0 0 0)
(0 0 0)
(0 0 0)
(0 0 0)
(0 0 0)
(2.28917170082151 1.603498144959663 4.200189761664167e-14)
(-7.616507379027898 11.00616285669022 -7.512533489670001e-15)
(-21.30861007191555 17.01462655159097 1.850372328313576e-14)
(-32.80990981154017 22.36381266307279 -2.125460450150046e-13)
(-41.60679863330737 26.03163760074575 2.076368833790986e-13)
(-47.6806729893159 27.86070601415493 -1.211853492404844e-17)
(-51.15365976502783 27.79030908648955 -2.859669921258088e-16)
(-52.21779863392966 25.86301971348131 2.085383594067109e-13)
(-51.11711376965696 22.22581692267038 2.053879857625981e-13)
(-48.13203964444546 17.12580987396692 -9.855395953741703e-17)
(-43.56756744457314 10.90066788740959 2.121508285740258e-13)
(-37.74575876937075 3.963624007563754 2.148876247771615e-13)
(-31.00205282165812 -3.21724798755819 2.110909966229467e-13)
(-23.6832734529225 -10.14560430847502 2.113640358666058e-13)
(-16.14387760546983 -16.32884079818059 2.084106914253264e-16)
(-8.73637113286385 -21.31435853884224 7.031842179071141e-15)
(-1.792622463613373 -24.72769611829385 2.176042377257288e-13)
(4.404279863759388 -26.30802258822206 6.466406162512829e-16)
(9.652765725026789 -25.93353728137079 3.83855982444568e-17)
(13.859324965995 -23.6275313934757 2.134818545123662e-13)
(17.04555476452961 -19.53898363704722 2.202506756551461e-14)
(19.32776350479525 -13.90149214494203 2.134683271264283e-13)
(20.87344009274338 -6.986047237535746 1.660519023652815e-16)
(21.84923167051185 0.9340054467540926 4.010396163739071e-13)
(22.37497073487267 9.597474061439177 -1.930101877936473e-13)
(22.49129517315253 18.75244224156855 -2.257718019938153e-13)
(22.14533907569275 28.14023378646889 -2.1001182699003e-13)
(21.20060180426761 37.4686046754335 6.209622630883881e-13)
(19.47536643117284 46.38262643879136 6.213435311525861e-13)
(16.80660215948193 54.45013265971421 4.112428755121024e-13)
(13.12679872665354 61.18153088249345 4.166130475578528e-13)
(8.532562819782749 66.09169593627109 -1.79166936242128e-15)
(3.016114488094594 68.78866312887416 -4.044768020198673e-13)
(0.08291611180368637 -20.70060437207707 4.192417064706149e-16)
(0.1617356209450815 -18.48575410546932 1.185841165322668e-15)
(-0.02503923418111523 -14.55127036235056 -1.159829781293523e-14)
(-0.6611673767028974 -9.495739865510616 4.194799463390896e-13)
(-1.843820993254993 -4.216358444743991 -1.19312022324497e-15)
(-3.442998401423635 0.2412083574285281 2.159714212958297e-14)
(-5.020610871965433 2.923759991967217 5.331604689256282e-16)
(-5.902408301674363 3.211438309876774 -1.182164944001268e-14)
(-5.40873490670623 1.007191005833692 6.365005306543147e-13)
(-3.156590082459828 -3.157436538499999 -1.526859516764689e-14)
(0.7107901484008874 -8.17737550479546 -2.089861938219624e-13)
(5.519116171638784 -12.66904755075233 -2.113858318338683e-13)
(10.3375433188448 -15.43918672362617 1.789082761728745e-16)
(14.3711817841976 -15.84758296493547 -1.899829595139077e-13)
(17.12522202442754 -13.77672654119999 2.054437274336416e-13)
(18.07823365331509 -6.558882240171057 -1.88345771049029e-13)
(12.65664306536704 -3.71099252236688 -6.818693620158372e-14)
(0 0 0)
(0 0 0)
(0 0 0)
(0 0 0)
(0 0 0)
(0 0 0)
(0 0 0)
(0 0 0)
(0 0 0)
(0 0 0)
(0 0 0)
(0 0 0)
(0 0 0)
(0 0 0)
(8.520041978158224 2.504542970680482 3.155969456514618e-14)
(0.4804959600857512 13.35587449855723 -5.095642832344146e-15)
(-14.44813207569488 21.97556295849097 -8.833223180973893e-16)
(-27.68471078574073 28.83974552186721 -1.633757332070719e-16)
(-38.45458658051743 33.54530154851906 -1.922560014217427e-16)
(-46.6161789064575 35.93218730538991 5.169898135928036e-17)
(-52.18364464232235 35.95636939165173 4.685086962822479e-17)
(-55.23905652616012 33.69058008551867 -2.794890859516161e-16)
(-55.91986019960998 29.31867571391501 -2.197212099042653e-16)
(-54.40791525770327 23.12571872863847 1.179377035073351e-16)
(-50.9218735038095 15.48546091315372 2.101798143026225e-13)
(-45.71410452763539 6.845912298624653 2.206261975947048e-13)
(-39.07192311731672 -2.287229534220874 1.246423739357392e-14)
(-31.32096763095238 -11.36999901406975 -2.120328802066658e-13)
(-22.82696037733547 -19.84340815741261 -2.013999034345004e-13)
(-13.99117757868057 -27.16188538748681 8.926065154771123e-16)
(-5.234841232191101 -32.82848642036044 6.494623375513881e-16)
(3.031194164334867 -36.43714054320352 -2.284900621681116e-13)
(10.4510442522839 -37.7175627489309 6.2502928684514e-16)
(16.77386559355822 -36.57070795067226 -2.043745479441088e-14)
(21.89037051758775 -33.07706103518819 -2.109950971570377e-13)
(25.83392492405472 -27.46614051481432 9.177584137964235e-15)
(28.73809709877189 -20.0568480110852 2.973571589469463e-16)
(30.7670727850526 -11.19950385645052 3.564295131059198e-16)
(32.04776049458479 -1.246352699191454 1.939452363233963e-13)
(32.62067657914009 9.450350097518356 -1.596604170086546e-14)
(32.41240625721139 20.52708789248463 8.788565824022151e-16)
(31.23633011904795 31.58703715354347 1.210081632411084e-15)
(28.83526590410279 42.17010662733601 1.952453611643954e-13)
(24.97228134055461 51.73471712809123 4.23162592834724e-13)
(19.55245767141826 59.6852988870919 1.600720838477191e-14)
(12.73080137133611 65.45560538379542 -4.237524023736027e-13)
(4.504280328106394 68.61161374341464 2.479898839622116e-15)
(1.416994329781371 -21.05901722693178 -2.826879781554364e-17)
(3.86711961530938 -17.82808529736219 -4.140063083358562e-13)
(5.395464967529526 -12.12057642110442 1.947211041161561e-13)
(5.578847558061947 -4.860626090392369 -4.130418362452474e-13)
(4.061638337534947 2.655686637833063 6.187708012883054e-16)
(0.9482766779128896 9.04906275285715 -4.187335436994342e-13)
(-3.090153090784285 13.12192423006754 1.865199460049468e-15)
(-6.924712033884896 14.00822069975993 -2.167257588303418e-13)
(-9.239030728633663 11.31784821929371 -6.090596031071791e-16)
(-8.918326831820066 5.363011737339922 2.081282142056849e-13)
(-5.500959652880921 -2.648144579091308 -6.248990187223161e-13)
(0.5088492941177942 -10.72274744013898 -4.144277939932918e-13)
(7.774606921785149 -16.68506152628408 -2.1150944079648e-13)
(14.7855883706706 -19.04160184455294 -4.015380429478698e-13)
(20.51130968569927 -17.42090041938523 2.115183371855106e-13)
(24.14587706889055 -8.673640941097679 1.302509325020046e-14)
(18.27206143508945 -4.836569596640764 5.497104837038733e-13)
(0 0 0)
(0 0 0)
(0 0 0)
(0 0 0)
(0 0 0)
(0 0 0)
(0 0 0)
(0 0 0)
(0 0 0)
(0 0 0)
(0 0 0)
(0 0 0)
(0 0 0)
(0 0 0)
(16.57655405480759 3.690182572919534 -1.974073317624162e-13)
(10.86359683869105 15.92609769402582 -5.973084843694187e-15)
(-5.742123529417166 27.76534838050699 -4.095588102841767e-13)
(-21.24017122703721 36.22545338334894 1.417669303076535e-16)
(-34.51435685091064 41.91512728402026 2.187529214498858e-13)
(-45.26960514659449 44.71840771075842 2.123576093533347e-13)
(-53.39526698283925 44.65639799834872 -2.141781941227327e-14)
(-58.85549230816476 41.87700645447158 -2.152443039972017e-14)
(-61.68197512201439 36.63699217508248 3.263541671170213e-16)
(-61.96525444067276 29.28126984772328 2.15123495460829e-13)
(-59.84737387126214 20.22340777656097 9.515784701916508e-15)
(-55.51844921582596 9.929645937507809 2.130426221208291e-13)
(-49.21796413776465 -1.092650850125024 4.237846680822312e-13)
(-41.2394520814367 -12.30249768444288 2.43937359761751e-16)
(-31.93576398208623 -23.13092991122319 4.047716422274379e-13)
(-21.72144939799905 -32.9893622882874 2.118483132357866e-13)
(-11.06787761241386 -41.28763123212694 -4.289560568691383e-13)
(-0.4847964589151443 -47.46955232804542 -4.169050692552283e-13)
(9.519198329141112 -51.07037372316211 -8.247150049047695e-15)
(18.49982669783357 -51.7892159755661 -2.258202954588832e-13)
(26.15012221146197 -49.55117831878667 -2.110692025461703e-13)
(32.34797652937952 -44.52144216866251 3.837039230415026e-16)
(37.14007675264074 -37.05078340328753 -2.120441943145634e-13)
(40.65972698129401 -27.58248247480576 -8.279527759563935e-17)
(43.02482469248798 -16.58662800679626 5.682492639319837e-16)
(44.26473576978436 -4.551243038883565 -2.086635722371768e-13)
(44.2820261341069 8.005615840586103 -7.54561245923258e-15)
(42.84362054008412 20.52782713473679 2.228072007677797e-13)
(39.62304640483696 32.40880997999443 -2.197634602363179e-13)
(34.32179441468087 42.99349636712503 2.10884258164151e-13)
(26.84768697367534 51.63367936549783 -1.424455705859333e-14)
(17.45903096269361 57.78959411325979 2.335912143081077e-13)
(6.172322490719451 61.11069628568784 2.233307144134329e-13)
(3.313983401016937 -19.17847175300296 -2.005735227420241e-13)
(9.10044415424623 -14.68500777795667 1.663243795265227e-14)
(12.94241996802644 -6.922755434022868 2.284714731339957e-13)
(14.11509567962878 2.598700790988773 3.64312167533511e-16)
(12.06586784952259 12.11718645037904 4.197973992657999e-13)
(7.023239192422123 20.12798993747294 2.112307488147309e-13)
(-0.06145291954648625 25.48346737195675 -2.112396247708401e-13)
(-7.706484310859448 27.24046394759278 1.514460282646999e-16)
(-14.0539438732199 24.65740269652327 2.325445668889713e-13)
(-17.12258287842448 17.50636315362456 4.19775605664142e-13)
(-15.3749690286268 6.585726572926475 2.581929552493583e-16)
(-8.517800780448027 -5.9039357057196 4.079218080248916e-13)
(2.018688921501502 -16.64433527694665 5.424086642375486e-16)
(13.63534290177469 -22.46824005555462 -2.052983187628289e-13)
(24.00926076860282 -21.94693778508969 2.117251235776569e-13)
(31.66876857756304 -11.10942327214469 2.393439013614486e-13)
(25.58660219244063 -6.314356360404489 -3.635601192312949e-13)
(0 0 0)
(0 0 0)
(0 0 0)
(0 0 0)
(0 0 0)
(0 0 0)
(0 0 0)
(0 0 0)
(0 0 0)
(0 0 0)
(0 0 0)
(0 0 0)
(0 0 0)
(0 0 0)
(26.80125239183376 5.208410992980365 4.448227309838005e-13)
(23.84991870698898 18.56657478621545 -6.244820711223613e-15)
(4.921893823803662 34.23305106561609 2.096022330378952e-14)
(-13.53493188325535 44.217698504238 8.002401085203843e-15)
(-29.96163225395451 50.66850704001327 2.125652235269345e-13)
(-43.87490819196253 53.58449073031393 2.129925397681002e-13)
(-55.02504589600218 53.12034178242753 4.051036393893783e-13)
(-63.25846234566109 49.55987001577385 2.163981997653237e-13)
(-68.51559680192022 43.28037938692142 6.365152722014161e-16)
(-70.82149965236489 34.71594006755225 2.176114981493623e-13)
(-70.27349741149297 24.32594948616399 -2.111184595431796e-13)
(-67.03016315644204 12.57414753429816 8.352494324075942e-16)
(-61.30406674249021 -0.07778980237319882 -2.232175792204481e-13)
(-53.35924669710294 -13.16063573881075 6.632130239067649e-16)
(-43.51382498710192 -26.17558692266192 1.59944621739331e-16)
(-32.14787890555984 -38.56919457711393 -2.12871185225598e-13)
(-19.71503127476775 -49.71877904555045 -2.139740017096281e-13)
(-6.751548312898483 -58.94370849904242 -1.904187967101573e-13)
(6.131380598086554 -65.55738118465781 -4.125434179234412e-13)
(18.29306099785401 -68.96776011780092 1.973997422431046e-13)
(29.15814433406782 -68.81138340395584 4.749737712841861e-16)
(38.33431984884277 -65.06546416403042 2.431445701266518e-16)
(45.67705679549366 -58.05794203396846 2.132647694121984e-13)
(51.23122818197739 -48.34775938393135 1.571172487568663e-16)
(55.07899993250471 -36.5732804329891 -2.118162696415194e-13)
(57.21292043193283 -23.40722946083511 -3.002939014695205e-16)
(57.49147643481124 -9.596317238896935 2.235055129832318e-13)
(55.63952425941748 4.039722686465788 2.251223783731187e-13)
(51.30093513409482 16.64605553484296 4.126848240269624e-13)
(44.19715071852048 27.43746519836097 2.007851677178816e-13)
(34.3485554055671 35.83954197164462 2.110877057098004e-13)
(22.20801370300804 41.56139287980059 -1.188085525408792e-14)
(7.82550930194946 44.5496777156658 1.946556373251494e-13)
(5.910518762807119 -13.82247655383356 9.246781974600661e-15)
(16.12313254318427 -7.767093485110758 4.82732287777854e-15)
(22.67917353011142 2.162179979667944 6.21993189296136e-16)
(24.61878944030702 13.44808891737424 -2.323068662100773e-13)
(21.59092748494888 24.00569308099359 -4.472219539119201e-18)
(14.31455760909567 32.68255604993708 4.02812787749096e-13)
(4.02232093103077 38.75848581964657 4.030154606736364e-13)
(-7.750776702738833 41.42650764007337 2.204230372228847e-13)
(-18.97313151751873 39.71333189701508 2.040019039721463e-13)
(-26.99000294964761 32.73502291468292 -8.283635831386463e-16)
(-28.91125850227347 20.26390364634177 4.240772421136136e-13)
(-22.72121255513288 3.650494435087475 -1.323803992015008e-14)
(-8.789697439978623 -13.37899079835183 1.911797580479385e-13)
(9.482985886507501 -25.31531822254299 2.135761664336806e-13)
(27.28949897313924 -27.69647204549292 2.103490445656514e-13)
(41.0474700489204 -14.06322479805404 3.39690084595291e-14)
(35.02731990169191 -8.030975197009532 8.968442333673422e-15)
(0 0 0)
(0 0 0)
(0 0 0)
(0 0 0)
(0 0 0)
(0 0 0)
(0 0 0)
(0 0 0)
(0 0 0)
(0 0 0)
(0 0 0)
(0 0 0)
(0 0 0)
(0 0 0)
(39.50852182859048 7.10299498724877 -4.436471449540179e-16)
(39.66080405387196 21.02530628429443 3.357156004821711e-15)
(17.50510742855929 41.10036493910961 2.108418980183691e-13)
(-4.804715253383396 52.34870505607871 -4.125979349607989e-13)
(-25.14756462473756 59.14715170168656 4.248016725807122e-13)
(-42.81777040295569 61.70501977421741 -2.014201009177259e-13)
(-57.4198876940473 60.39714042855142 -4.171624049062328e-13)
(-68.69545469997772 55.71667906802928 -2.165855742293336e-13)
(-76.525905066634 48.21789259208336 3.393122140187109e-16)
(-80.91968433950379 38.45849697367171 -1.963391381817016e-13)
(-81.9891664041124 26.95022995968717 1.894276149868044e-13)
(-79.92218850699298 14.12806127856522 9.53774797752903e-17)
(-74.9527474158528 0.3489375586178645 6.768978291316084e-16)
(-67.33724920504399 -14.07497260005425 1.349004354472758e-16)
(-57.34432282532823 -28.81503437892102 2.120181316954873e-13)
(-45.26464152886281 -43.4544105028118 -1.360239203897e-14)
(-31.4423915421356 -57.42819684315545 2.060859373585057e-13)
(-16.32339859199728 -69.99628012261266 -6.139568684585991e-16)
(-0.5048532795105011 -80.26776675211134 -1.04463948266899e-14)
(15.24582447200254 -87.29812712754703 -1.924099877186509e-13)
(30.05241816069357 -90.27580940132877 -4.175517212304786e-13)
(43.10141790395757 -88.77176176438445 -4.232482793908312e-13)
(53.85778153905285 -82.92995797874494 2.956184998929635e-16)
(62.14438858523385 -73.42300675860241 3.215356291879383e-16)
(67.96535461874288 -61.16543946862842 1.913109945306515e-13)
(71.2416989714533 -47.10027871717643 2.120287582208364e-13)
(71.72897828934005 -32.29142490373683 2.114032177666115e-13)
(69.08599331660713 -17.99374580948164 4.677133379778094e-16)
(63.02078891303866 -5.510921276328705 -9.207814688508079e-17)
(53.51528084009976 4.219730876528835 1.418418707145596e-15)
(40.97161463922855 10.96373936949601 1.000691197332501e-14)
(26.16944397762559 15.06759829635081 7.301023844173478e-16)
(9.160668044006183 17.04421812624762 -2.115029468292981e-13)
(9.369348626862131 -2.936402800222922 5.698876373065539e-16)
(25.08542258160695 4.905420806944301 5.133661770582487e-16)
(34.1576023634371 16.45525950339851 -1.36905282656576e-16)
(35.95860878132646 27.94086099392932 4.22972430693338e-13)
(31.30033499055941 37.74589289467042 2.140600334416877e-17)
(21.77603193885446 45.65861187623673 6.425714515320549e-16)
(8.682498676449498 51.44496383008865 1.365190852191889e-15)
(-6.751638229263377 54.52609078124518 4.06338671470673e-13)
(-22.74542859248296 54.10909232014647 4.224134770465297e-13)
(-36.57201111295587 49.0800206942147 1.417985274441663e-16)
(-44.45949749635547 37.98860201514581 4.062499753815227e-13)
(-42.16069520694686 19.94491721626094 2.232074974626103e-13)
(-26.94712374382357 -3.21230450030104 4.248472526661694e-13)
(-0.6821383460641337 -24.80889631592607 5.783423047102481e-16)
(29.07248420533757 -34.85213993262185 -2.003314735557574e-16)
(53.06263701056471 -18.98449312542383 3.329868165635648e-14)
(47.25960057391951 -10.25335702342192 2.133401392886213e-14)
(0 0 0)
(0 0 0)
(0 0 0)
(0 0 0)
(0 0 0)
(0 0 0)
(0 0 0)
(0 0 0)
(0 0 0)
(0 0 0)
(0 0 0)
(0 0 0)
(0 0 0)
(0 0 0)
(54.93779768690043 9.40655143841018 -2.001419733934472e-15)
(58.36278727375266 22.91805350679101 -1.969547633363507e-13)
(31.7725817642281 47.925005877526 -4.48124524768896e-16)
(4.511854878533577 59.95443100629715 6.535093448149267e-16)
(-20.605317533449 66.4888133595846 -4.806282178850507e-16)
(-42.62491946211338 68.06435719296184 -4.110683898585145e-13)
(-61.01338659785166 65.37516955586297 4.520406495682403e-17)
(-75.43771017887559 59.20392426773022 -2.199460526701537e-13)
(-85.77377889432483 50.34163961588694 4.112542426993636e-13)
(-92.08916228607329 39.5042248688959 5.363882282489001e-16)
(-94.60393310955001 27.2576815334617 3.227715556270763e-17)
(-93.63145556219892 13.97308429502314 1.777240812877375e-17)
(-89.50710062574548 -0.1670715556185332 7.350750286144234e-17)
(-82.52321863512729 -15.10322070477465 -1.183555440700145e-16)
(-72.8932628923194 -30.78651121039984 2.038043470727353e-13)
(-60.76104137857788 -47.04924104170654 1.644828306467825e-14)
(-46.25690090439493 -63.49193869135471 5.635126831552671e-15)
(-29.59111823074976 -79.41327054173304 2.112946062651483e-13)
(-11.1704663722909 -93.79651172643304 -4.927125981783426e-16)
(8.28501835275237 -105.3665440314421 -2.4077739950938e-16)
(27.68450968462692 -112.7569093836775 -3.175581882783716e-13)
(45.68017126274043 -114.8452760123817 -5.290627817232882e-13)
(61.02581180401623 -111.2239950059517 2.118777911953937e-13)
(72.99574669723442 -102.5119636031927 1.340932089081707e-16)
(81.40172797858743 -90.08488365355056 6.356882994939331e-13)
(86.08693500617673 -75.40176476691664 4.238953594111118e-13)
(86.59800935407559 -59.9416756498573 2.112790981691078e-13)
(82.42002789075518 -45.66246405294262 1.289721608110425e-14)
(73.5144118153264 -34.58566029185504 -2.948583722276162e-16)
(60.6718113539732 -27.72350735676823 2.779335521529379e-16)
(45.19642281505764 -24.5157743177697 1.018101157808902e-16)
(28.28888669173352 -23.44999359235592 2.302195465345348e-13)
(9.802136139142904 -23.20343247594614 4.034169999225108e-13)
(13.75225363020523 17.23523771251161 5.736163301035521e-17)
(35.51513720591639 26.20139873443824 2.757848385086629e-16)
(45.71461371141789 36.78235422186463 2.056178569766858e-13)
(45.90942284377255 45.33037940476213 4.136423764407762e-13)
(39.30867837575298 52.26182462445841 -2.282331184460212e-17)
(28.01362854316228 58.02248133343915 1.918229874798183e-13)
(12.88979983625823 62.14569689425791 -2.257609518285219e-13)
(-5.086648216953118 64.35523413753425 2.260368421571342e-13)
(-24.41920161451648 64.76655713351191 2.112953931441303e-13)
(-43.11049324783335 62.95931996301318 2.309982745427757e-13)
(-58.04636194680543 56.96281082509264 -4.116299123484493e-13)
(-63.92211905084564 43.18878474282852 5.66564240684954e-16)
(-53.54351094913329 18.57915171064993 4.111095797761953e-13)
(-22.15684956352042 -14.08895588501345 4.089194336632608e-13)
(24.63146260018563 -40.7936605193394 2.625000596627877e-16)
(68.17752404975056 -29.73950392721122 1.70344317780975e-14)
(63.99970640844508 -16.14561835553459 -1.050156959447205e-13)
(0 0 0)
(0 0 0)
(0 0 0)
(0 0 0)
(0 0 0)
(0 0 0)
(0 0 0)
(0 0 0)
(0 0 0)
(0 0 0)
(0 0 0)
(0 0 0)
(0 0 0)
(0 0 0)
(73.18915977154533 12.1313284124604 1.443790527965708e-14)
(79.79546067977716 23.69893732757292 2.109634644341236e-13)
(47.24919315261767 54.06557678897941 5.214301430448937e-16)
(13.75909222847297 66.14922629297753 1.284394287998209e-16)
(-17.03763843318803 71.62093361248851 -1.609503321962851e-18)
(-43.93141420028307 71.47382168383369 -4.186180116884318e-13)
(-66.28032061369603 66.82364410735848 2.245968312950838e-16)
(-83.72898463741898 58.82154284172409 -1.957316546498176e-13)
(-96.2256044661374 48.55084754772864 4.184015047673172e-13)
(-104.003642427454 36.90979160218996 -4.173061371103414e-13)
(-107.5203069849696 24.50410796936219 2.019275085814508e-16)
(-107.3469416033319 11.59016784909735 2.909131622658047e-17)
(-104.0290524209294 -1.900469494999997 7.431768796637711e-17)
(-97.95668885681557 -16.25218755999025 2.902017609168202e-16)
(-89.29034316069534 -31.79601667831161 2.12997396661848e-13)
(-77.97006901694253 -48.71920069153361 1.060454803824907e-13)
(-63.80642105136686 -66.89647081270456 -3.84528665480825e-16)
(-46.62797163825992 -85.77748166187288 2.103526871628178e-13)
(-26.45812676206131 -104.3430419539998 -1.292663415797563e-16)
(-3.71457313612178 -121.1187639087289 4.233711385673233e-13)
(20.57368615803473 -134.2496123312071 4.313973113673592e-13)
(44.63433225438646 -141.73785462107 -1.609206428474904e-18)
(66.19109393640915 -142.0547154870217 8.396742636920618e-17)
(83.28349993899204 -135.1143121982582 4.216706183739062e-16)
(95.07555346009427 -122.7807566942689 6.13946627633017e-13)
(101.384906986551 -107.7611973530663 6.165423805511746e-13)
(101.4682790179182 -92.24627031517886 6.350156808752616e-13)
(94.44200867844869 -79.32163900287537 6.348301628326403e-13)
(80.95974560088068 -71.71310633851613 2.17947189201182e-13)
(63.58516680514452 -69.9533311171153 4.073461100848085e-13)
(45.24512840461676 -72.21217601355964 4.23207864003874e-13)
(27.48232077592291 -75.51981698938322 8.283067731173782e-13)
(9.4071970508713 -77.54737366069119 5.45574129492089e-15)
(18.33536851652931 54.11424255585437 3.146331384147e-16)
(44.63289600290768 59.35339090047604 4.055122889042351e-13)
(53.28658304954772 61.741142491611 2.119462045373897e-13)
(51.43807920155106 63.38780063667588 4.162706750280687e-13)
(43.99243692002602 66.421323326002 -1.087441115353662e-16)
(31.65990421010194 69.00953713625478 4.190152327507775e-13)
(15.01525148231205 69.60770390470798 -2.065299478231725e-13)
(-4.130777995216978 68.98977310826562 7.939810074777841e-16)
(-24.14134278666441 68.89333462407772 6.380469816110161e-13)
(-44.37575745312957 70.19200655640633 1.995386049764298e-13)
(-64.23003270544706 71.6351840795956 -2.241125722547344e-16)
(-80.54435425466308 68.74337599490215 -1.699654097585181e-16)
(-84.22486432268362 53.3998617961345 5.052681241910597e-16)
(-60.05495055515988 17.68894874544776 2.93319908639346e-16)
(1.692823437726118 -32.90012483835736 6.86493736186182e-18)
(81.27752177399825 -47.50672799864444 1.359189165559803e-14)
(89.23638887563531 -35.76327543953833 -8.128913773211979e-14)
(0 0 0)
(0 0 0)
(0 0 0)
(0 0 0)
(0 0 0)
(0 0 0)
(0 0 0)
(0 0 0)
(0 0 0)
(0 0 0)
(0 0 0)
(0 0 0)
(0 0 0)
(0 0 0)
(94.14107341617478 15.25900766610512 2.344111532222669e-14)
(103.4892275285543 22.64066386859735 -6.296169719480678e-15)
(63.18122014658285 58.65673567288459 4.236345630823924e-13)
(22.06721170553465 69.81662212172711 7.108621631040664e-17)
(-15.2807221332238 73.275588412966 2.520382622218908e-16)
(-47.42220895746482 70.61250224443116 -4.228137076842952e-13)
(-73.66566543290313 63.45932838303896 -1.113623315286166e-14)
(-93.71050673710293 53.40729340116467 1.977803185704179e-13)
(-107.6855301385596 41.87220894340289 2.335491773549202e-13)
(-116.1359018743646 29.92715496862384 -2.940991741005647e-16)
(-119.9235568732646 18.16410241037947 -3.711219893444613e-17)
(-120.0360330348543 6.64857920415809 4.20050184892607e-17)
(-117.349456041727 -5.011672783063611 2.119206032754083e-13)
(-112.4187658114892 -17.50572861565581 -2.11504398526952e-13)
(-105.3602760161042 -31.60409521803977 3.061443612409293e-16)
(-95.86149551672045 -47.92475610106467 1.292707542407083e-16)
(-83.31518188704933 -66.71523111165844 3.021476692837671e-16)
(-67.03768939140473 -87.69004736600363 -2.09270239786302e-13)
(-46.51174863961037 -109.9569614804688 2.32654466967887e-16)
(-21.62155198767789 -132.0241610964499 5.400131945266285e-13)
(7.065419025921985 -151.8190804035613 6.40880751727423e-13)
(37.87506806719705 -166.6823459713104 -2.843541232676939e-16)
(67.64935418979516 -173.612243913932 3.264568149496201e-13)
(92.26970548212645 -170.5022031878554 5.21085047014242e-13)
(108.7548428315268 -158.5575665319741 6.402999779574985e-13)
(116.6214214199306 -143.0388578197988 6.356342387979367e-13)
(115.0375677266368 -128.7384211664848 4.362568117119011e-13)
(102.9531918797407 -120.2364466722892 4.452175339140333e-13)
(82.88271969379326 -119.5010731559676 4.038226309840524e-13)
(60.17274170713344 -124.8827422246843 -4.218767700439308e-13)
(39.62993695838099 -133.4514634215797 -1.994548202641622e-13)
(22.95437113582459 -141.8539874347016 6.297752538884171e-13)
(7.774526520768399 -146.5994558080254 -6.539830814809892e-17)
(18.99123822574759 122.2366025859673 -2.316659015665265e-16)
(43.14240194700525 104.7231246586109 -4.223334163712557e-13)
(49.7490234726142 85.7865869752127 -2.329336563671821e-13)
(50.58960369196195 79.77066515677892 2.795637770603549e-16)
(44.93041488090979 79.91996637746443 2.018501195782778e-16)
(31.20000913315553 77.58355660818793 4.235685755637288e-13)
(12.87003581338074 72.1120860198475 -4.235307683070123e-13)
(-5.8010175028406 66.97688965127369 9.068236088250394e-17)
(-23.21696817964644 65.19477200191842 6.473209711660651e-13)
(-40.36864383076037 68.17524382519954 -2.015530531971091e-13)
(-59.49499257978844 75.89853061903055 4.21158927643998e-13)
(-82.15744133371422 86.12271585081361 4.149518091669545e-13)
(-104.5979380565205 91.41043855114518 -7.564168455952156e-16)
(-108.4568360477481 75.15073886269553 -4.323610264154442e-16)
(-57.03638195910317 16.92120791352462 -3.837933321341494e-17)
(68.61739591032456 -45.87267417183477 2.16943617151465e-14)
(126.9705362557249 -77.35404042106087 -1.254774418391886e-13)
(0 0 0)
(0 0 0)
(0 0 0)
(0 0 0)
(0 0 0)
(0 0 0)
(0 0 0)
(0 0 0)
(0 0 0)
(0 0 0)
(0 0 0)
(0 0 0)
(0 0 0)
(0 0 0)
(117.3546747349525 18.73313690708197 -2.213794435703897e-14)
(128.5791771967193 18.83558102594445 6.737244978583907e-15)
(78.50955063014827 60.60545813669585 2.617771887061805e-17)
(28.37794497804245 69.62919583852977 2.609183272997259e-16)
(-16.24175829455903 70.03626095461468 4.252015178716722e-13)
(-53.74767421660727 64.09654942384952 3.085745057267974e-16)
(-83.48552944866013 54.04211789822896 6.413690816301737e-16)
(-105.3161040776997 41.96777429019215 -2.16469769149419e-16)
(-119.7057429086413 29.62317840759341 2.284084664059494e-13)
(-127.7117489746673 18.17640258647562 -2.147551753685909e-13)
(-130.7988827617697 8.081554902466678 4.527362154328111e-17)
(-130.5227168022909 -0.8924762198808314 9.289130706050166e-17)
(-128.1833602489533 -9.509111101052364 2.217233214075458e-16)
(-124.5491112800153 -18.85530784746305 -2.14759729095022e-14)
(-119.7093706334065 -30.11981425098791 -2.116644951161506e-13)
(-113.0812049159993 -44.36512225785905 1.744642463745184e-16)
(-103.5717123319958 -62.28941962040049 -2.035963123324383e-13)
(-89.86970202416512 -84.0005423596053 2.810831104284353e-16)
(-70.79224050764492 -108.8658074540945 1.294037986164676e-17)
(-45.57669206585739 -135.5053602013504 -7.758673232260559e-17)
(-14.08449863057567 -161.8927902320444 -3.069554339455224e-16)
(22.84116880337696 -185.3251085738529 2.197158632248641e-16)
(62.37123666610097 -202.0186347013227 4.138148679325375e-13)
(98.33817730129934 -207.0083664204993 4.132365439294427e-13)
(122.5388988443064 -197.1543887791869 6.285926370518197e-13)
(131.2040523950324 -179.1233684012713 5.238105033569347e-13)
(124.2706901920986 -169.2308490310676 2.115595043576196e-13)
(103.6793567237903 -171.774381170107 -2.061765240441031e-16)
(76.31345008857046 -182.8159960630743 1.950552889296061e-16)
(49.634776587574 -195.9488670156678 -4.25773552389335e-13)
(28.27388317365871 -208.7993264396731 -1.482526129879608e-12)
(14.33514289483304 -221.263192050555 -2.24859002112541e-13)
(4.661691671540127 -230.2658401810756 8.422702120175923e-13)
(0.8217469015299178 242.0584242773384 -1.074454206390196e-12)
(8.183246312655646 151.5095288025794 -6.664357046698336e-13)
(28.3341236133311 102.6722566765452 -4.222376708615768e-13)
(45.57145861180656 95.8781714758352 -2.112871114509035e-13)
(41.80532840086981 92.06859388237079 -4.227785554276073e-13)
(23.85202387391994 80.29620070605792 4.228767094449973e-13)
(4.408584536144278 66.88552791098024 -4.316578333652261e-13)
(-11.04809200945092 57.65018599185991 -1.155150806671531e-15)
(-22.94298861864547 54.43809827339113 -1.670677539483157e-14)
(-33.67199885257899 57.48759728615545 -5.044478855153256e-17)
(-46.28256072914051 67.25456466126116 -2.127106326238205e-13)
(-65.03244647574923 84.64359433487367 2.304541552518617e-13)
(-95.19684137981515 109.4269998617679 -4.29264297409469e-13)
(-134.5441808859602 133.802982880615 -4.144840037561162e-13)
(-143.0560738303597 126.1309750699515 -2.140717038121244e-14)
(-15.733803671967 61.18728060074746 -8.603149569113778e-15)
(149.9280820032921 -92.43956777170369 -1.565452798418056e-13)
(0 0 0)
(0 0 0)
(0 0 0)
(0 0 0)
(0 0 0)
(0 0 0)
(0 0 0)
(0 0 0)
(0 0 0)
(0 0 0)
(0 0 0)
(0 0 0)
(0 0 0)
(0 0 0)
(141.9745787431284 22.45768298456877 -2.700295166203539e-14)
(153.7231160083686 11.22439618914888 4.553707662475491e-15)
(91.86271341496459 58.62121178262185 -1.538902926206005e-17)
(31.49801454364259 64.11471403649125 3.441292932122519e-16)
(-20.81336852450382 60.4229164340648 4.290805305160541e-13)
(-63.41635199652067 50.5763066061235 -4.231384437179405e-13)
(-95.79444055830189 37.50734681078616 -9.677681455462746e-18)
(-118.1294462327336 23.86216800530312 -3.118099234504774e-16)
(-131.4769018583474 11.62550704739718 4.220220566875382e-13)
(-137.6775253967184 1.843952823013669 -1.95477614917746e-16)
(-138.9924356904419 -5.382470370132453 -4.192416414687359e-13)
(-137.6266990382628 -10.69627410905331 5.670660474510617e-16)
(-135.312287672542 -15.21731312321288 2.752597091350508e-16)
(-133.0294689496046 -20.32186573933498 -2.104980739876607e-13)
(-130.870090414559 -27.48206658263791 -2.152882831364298e-13)
(-128.031100888208 -38.11904514785754 3.258654448383433e-15)
(-122.950601997456 -53.40707188770844 6.543062480994144e-15)
(-113.6140772388737 -73.99923498746082 -1.615611623020753e-16)
(-98.016566493676 -99.72816024450928 1.058209755750989e-13)
(-74.64853476950778 -129.4390885997195 -2.581062417748306e-17)
(-42.7543293257004 -161.1313087915733 -6.437403519278324e-18)
(-2.25077627043043 -192.3352301284831 6.882918149744615e-13)
(45.96609642058002 -220.0284319438547 2.828449877145335e-16)
(97.13395137159858 -238.8753084260177 -7.937524327632512e-13)
(136.6398409262097 -238.7529131296829 7.458608215689427e-13)
(144.5449612823274 -213.0055981233131 7.565818971289885e-13)
(122.3865550690186 -215.0121990788439 -1.393201311911256e-16)
(89.36804497259484 -239.6262080874578 8.603076301402571e-13)
(58.70823385317433 -266.3272124164973 4.111891025665484e-16)
(34.18941130773616 -285.4214665024101 -1.096115423540573e-12)
(14.3156119087298 -297.3791989960349 -1.06357862171888e-12)
(1.488765435082281 -308.1107598681168 -2.115579634313967e-13)
(-1.228034406328492 -326.133795487171 8.469682963038874e-13)
(-258.2114604183284 367.9002082606294 -1.404167583445839e-12)
(-270.8022585955667 175.2285732954717 -8.822244437541989e-13)
(-178.2611108679945 122.614503473404 1.539252915241097e-14)
(-129.4262799386695 114.503996116247 -3.987531110345042e-13)
(-137.8203037573032 94.37200624236186 -8.279206230197938e-13)
(-160.0251514234541 69.55735140478302 -4.142580098575823e-13)
(-175.2182868100026 51.48436738742542 1.237357686141444e-14)
(-183.2917844383216 41.84359293361874 4.267692749282408e-13)
(-188.0856615536127 38.7454842590959 4.255482256924026e-13)
(-191.9208432140691 40.88120977056617 -8.666308181461347e-15)
(-196.3315026593363 48.41936500515584 -1.997445993557375e-14)
(-203.5339682849452 63.0104081814269 2.610201449463873e-13)
(-218.5256280194019 88.70488514168859 -9.496911520009588e-14)
(-254.6324280447688 135.3083893424532 -7.985379784323595e-13)
(-327.4516080009345 216.5573531784013 -2.206299087231701e-12)
(-335.1060004469645 339.1832440777071 -1.913871270963725e-12)
(137.8962752674201 87.80868165291312 -3.727532076288995e-13)
(0 0 0)
(0 0 0)
(0 0 0)
(0 0 0)
(0 0 0)
(0 0 0)
(0 0 0)
(0 0 0)
(0 0 0)
(0 0 0)
(0 0 0)
(0 0 0)
(0 0 0)
(0 0 0)
(166.6390863114903 26.28935673742053 -1.791535397741749e-14)
(177.0361842852276 -1.353271307031889 2.501776314380414e-15)
(101.587358364162 51.30602055289214 -1.197747083221248e-16)
(30.17964966583133 51.78501262186713 -4.434722280862269e-16)
(-29.78016569444199 43.00190238619255 2.116394100471742e-16)
(-76.66324381977768 28.85790939828892 -6.785730085211278e-17)
(-110.1996680448934 13.16458928384524 -8.724183193786339e-17)
(-131.1979438544524 -0.9286381533121739 -4.636094748927511e-16)
(-141.7239581133925 -11.53356983887182 2.314327924736991e-13)
(-144.7197264112706 -18.13543389844912 -1.941329113753718e-17)
(-143.3391097044444 -21.25996402728131 2.162819167894694e-13)
(-140.3575595533051 -22.0169315038844 4.935580328968511e-16)
(-137.8089518711105 -21.76354480169194 5.898430920998758e-17)
(-136.8138647334875 -21.94915263171579 2.11927862194505e-13)
(-137.5065500301428 -24.08536709978586 -1.292419489006199e-16)
(-139.0062102153091 -29.74534037554814 3.213380798730475e-15)
(-139.4519021767805 -40.48935213917255 3.090489216333321e-13)
(-136.1907903951255 -57.62426478603516 3.199177781024457e-16)
(-126.2320941323168 -81.76357908009436 1.613029786995636e-17)
(-106.979840612652 -112.3124449823662 -9.692744551583459e-18)
(-76.98064015145468 -147.2340573237608 9.692176512716046e-18)
(-36.05595429491564 -183.5488957191644 6.882530444283753e-13)
(15.83115855553109 -218.5841826832183 1.326228142501233e-14)
(79.61369623027157 -250.5731919356257 -8.734349745358709e-13)
(148.4086101017323 -275.1149549660041 8.981822913385177e-13)
(140.6898789196909 -245.1797396562264 9.140880221715204e-13)
(78.11364642562337 -267.5020578438287 -7.885819643580929e-16)
(18.84785113043789 -323.8019623873343 1.177950229781779e-12)
(-19.90854933255941 -361.2860213344953 1.151617195433928e-13)
(-51.35441606027381 -383.2927765802563 -1.183331839902553e-12)
(-84.45951228076727 -391.5528935121649 2.930471783599977e-15)
(-123.2904349452071 -388.6507961340165 1.108330926026074e-13)
(-139.0165408228457 -414.1432276415502 -2.175110734381777e-15)
(-366.2164921510318 203.8231311422066 -5.540463627169571e-14)
(-208.0832072649602 131.668427605188 4.978091820488518e-13)
(46.19458100176402 137.0293912702721 9.059456968909017e-14)
(103.6439775538936 95.09241631337929 -5.677509228023665e-13)
(87.34431884361418 58.05259505186596 -1.144324243287777e-13)
(72.92945465916317 36.49709183752513 -4.925920536188887e-14)
(68.71547021341567 25.60239533717593 -5.843465762040484e-14)
(68.1671568514133 20.49909529033818 4.029931181463395e-13)
(68.02785057483732 18.79799568268854 4.790248830022241e-14)
(67.83552923860925 19.59493998235933 3.246843371276112e-14)
(67.38000415371181 22.73319677863791 4.75065696806718e-13)
(66.14291514695773 28.95171297369446 8.112198384310223e-13)
(66.63228033161784 40.80972989892422 7.342986324277623e-13)
(79.59281431840873 64.18469342736937 -5.074947215194899e-13)
(100.3040262187645 117.724048036236 -1.651759730988312e-12)
(16.52299326514421 188.735486814648 -1.687090033026635e-12)
(-209.5167686678342 276.2640038064898 -4.638162873676059e-13)
(0 0 0)
(0 0 0)
(0 0 0)
(0 0 0)
(0 0 0)
(0 0 0)
(0 0 0)
(0 0 0)
(0 0 0)
(0 0 0)
(0 0 0)
(0 0 0)
(0 0 0)
(0 0 0)
(189.4081519051643 29.96696527639217 -2.457962910117039e-16)
(196.0862713801998 -20.06791339917439 3.735987957684661e-16)
(105.8473199196249 37.36832381731517 -4.492788624425652e-16)
(23.19389643537202 31.30149923597673 -4.256183347792749e-13)
(-43.74047171111594 16.46743520824896 -1.10179821539206e-15)
(-93.25366507951512 -1.91987074060091 -4.23760334630018e-13)
(-125.5809881165556 -18.95427570744208 -9.047786244291749e-17)
(-142.8276053815741 -31.41272553435311 -2.471883673380363e-16)
(-148.6836976378275 -38.23851643553696 4.224372536418825e-13)
(-147.4039196107558 -39.99718834847047 -2.119908520243507e-13)
(-142.8739333029688 -38.01606458103975 -4.01340951375634e-13)
(-138.1302798097095 -33.76350955109945 -1.374046912471396e-17)
(-135.2445087888998 -28.59429531462622 2.027094862249673e-18)
(-135.3512912430661 -23.75325127045896 -2.117590442560885e-13)
(-138.6662781464928 -20.50095221029924 -2.035642211219378e-16)
(-144.4350859173272 -20.26453441092504 6.947260797859937e-17)
(-150.8295264088479 -24.73117195345479 -1.053718181733141e-13)
(-154.8883041969767 -35.76936212180591 2.907853893621608e-17)
(-152.7047467130311 -55.02303402933789 -5.293955814029164e-14)
(-140.1190130199175 -83.08666086744469 -3.231065114274347e-18)
(-113.9907800499711 -118.4810360314442 -1.651863404260582e-23)
(-73.60090162868522 -157.168275866392 2.908080308009056e-17)
(-21.05819970843348 -193.4949400731858 -1.131663364681445e-17)
(40.60317963975686 -222.127694436216 3.235509793402478e-18)
(114.8253862764192 -224.7981001504098 -9.872546200870221e-15)
(162.3147553365322 -232.0793521318579 -4.398707847123473e-16)
(57.81339655817885 -235.2049339178229 -1.718683025480557e-16)
(8.425700235030268 -291.856835224058 -1.077951739139568e-16)
(23.06171139638216 -308.6437239408497 -2.66945161472322e-15)
(42.75631710112187 -324.5957756724103 -1.182320002670577e-14)
(62.48525142446792 -333.7448368999122 5.214460171771397e-14)
(41.55084760723502 -337.6235861331886 7.339527164424609e-15)
(-108.9181657385119 -318.7230644471162 1.2792821362264e-14)
(0 0 0)
(0 0 0)
(0 0 0)
(0 0 0)
(0 0 0)
(0 0 0)
(0 0 0)
(0 0 0)
(0 0 0)
(0 0 0)
(0 0 0)
(0 0 0)
(0 0 0)
(0 0 0)
(0 0 0)
(0 0 0)
(0 0 0)
(0 0 0)
(0 0 0)
(0 0 0)
(0 0 0)
(0 0 0)
(0 0 0)
(0 0 0)
(0 0 0)
(0 0 0)
(0 0 0)
(0 0 0)
(0 0 0)
(0 0 0)
(0 0 0)
(207.7385208066976 32.95060370089534 -1.147593299327939e-16)
(208.0900353590625 -45.74263388794427 6.722139100150262e-17)
(102.7642231117192 16.01049961636907 -9.224525740202551e-17)
(9.278761145779461 1.491184974885632 -7.250434798038575e-16)
(-63.00153562849433 -20.34460426358121 -8.538021956818307e-13)
(-112.0849547274023 -41.88130357666058 -6.78602481058821e-16)
(-139.692522867018 -57.46286583986101 4.234469668231338e-13)
(-150.4821846315503 -65.11885219624037 -5.331728517055507e-17)
(-150.3084209684224 -65.72151426934887 -1.841608130085548e-16)
(-144.4972745698741 -61.28202129643027 -4.237781850172706e-13)
(-137.1054309067723 -53.76551201858514 -1.959126208983184e-13)
(-130.9357902829217 -44.66345376603063 -2.003327653026132e-16)
(-127.7986935846369 -35.02233841886665 -1.150966364411678e-17)
(-128.720521626857 -25.63838885312635 -1.591358073734123e-16)
(-134.0178331556581 -17.2854121832898 1.134045221413784e-13)
(-143.2364299590747 -10.94618791373041 -1.05964746920952e-13)
(-154.9567299035697 -8.038843452770585 1.075690225507495e-13)
(-166.4826525021117 -10.57567975638004 1.057207887564257e-13)
(-173.5493929201652 -21.05793573277503 5.290402132476775e-14)
(-170.437842648078 -41.7422018002739 -1.24648000814682e-21)
(-151.0622551329676 -72.93943464592431 3.971274710886202e-14)
(-111.0698583082569 -110.6015144179714 -1.621372457658867e-18)
(-49.12826022684349 -144.5243231647816 -5.431847675356204e-14)
(35.35696325196813 -158.7393606617644 -1.290586953322272e-17)
(144.5729650558722 -116.7225003845061 5.263928643908279e-17)
(182.6800395009516 -81.94332225049628 3.881835180373486e-15)
(0 0 0)
(0 0 0)
(0 0 0)
(0 0 0)
(0 0 0)
(0 0 0)
(0 0 0)
(0 0 0)
(0 0 0)
(0 0 0)
(0 0 0)
(0 0 0)
(0 0 0)
(0 0 0)
(0 0 0)
(0 0 0)
(0 0 0)
(0 0 0)
(0 0 0)
(0 0 0)
(0 0 0)
(0 0 0)
(0 0 0)
(0 0 0)
(0 0 0)
(0 0 0)
(0 0 0)
(0 0 0)
(0 0 0)
(0 0 0)
(0 0 0)
(0 0 0)
(0 0 0)
(0 0 0)
(0 0 0)
(0 0 0)
(0 0 0)
(0 0 0)
(218.6660366048774 34.67478480828214 -4.76855992306719e-17)
(210.4525184295481 -77.61343434652413 1.662817225393664e-17)
(90.21873434406498 -12.90477716838939 3.380807076055148e-16)
(-13.16120731343105 -39.17640171180494 4.260571467529014e-13)
(-87.11296022481184 -68.21721696967627 -2.93697202371942e-16)
(-130.3719266722241 -89.36574848859992 -8.02838104968101e-13)
(-148.8185367897747 -98.68480107591814 4.235106537787705e-13)
(-151.0862538633781 -97.8169756451927 -9.529841613214141e-18)
(-144.8468667572862 -90.31371820148347 -2.585094880721211e-17)
(-135.4479173579026 -79.25818409129148 -2.342586147809911e-17)
(-126.2553657668234 -66.62285041675753 -1.9144182218243e-16)
(-119.3871061990687 -53.46627548148394 -5.452251918868591e-18)
(-116.2194438777481 -40.28885411776083 2.627227344750183e-17)
(-117.6143650174175 -27.32197416604314 2.730371794838473e-16)
(-123.9740771907298 -14.75152787477803 2.029872184554949e-13)
(-135.1885171466918 -2.929629236208974 2.584900666223725e-16)
(-150.4590182381828 7.374526381525994 1.696376369837909e-16)
(-167.9073965456595 14.65803573738 -1.777165182060224e-16)
(-183.8712688598166 16.3785463289847 -1.454097084688824e-17)
(-192.0005120270941 9.039610740270387 1.280353030374189e-14)
(-182.8500927446968 -10.44346979043714 1.615965857935485e-17)
(-145.1857901770205 -41.09469469956016 4.679899151123167e-17)
(-69.19604601233767 -72.77338780327301 -5.83104938696393e-14)
(50.0265930076426 -85.04581051054971 4.16776931644431e-17)
(205.9732806057733 -25.68017372422447 -2.406390650103264e-15)
(250.4188882623218 -10.39994434127423 -4.408534472218283e-15)
(0 0 0)
(0 0 0)
(0 0 0)
(0 0 0)
(0 0 0)
(0 0 0)
(0 0 0)
(0 0 0)
(0 0 0)
(0 0 0)
(0 0 0)
(0 0 0)
(0 0 0)
(0 0 0)
(0 0 0)
(0 0 0)
(0 0 0)
(0 0 0)
(0 0 0)
(0 0 0)
(0 0 0)
(0 0 0)
(0 0 0)
(0 0 0)
(0 0 0)
(0 0 0)
(0 0 0)
(0 0 0)
(0 0 0)
(0 0 0)
(0 0 0)
(0 0 0)
(0 0 0)
(0 0 0)
(0 0 0)
(0 0 0)
(0 0 0)
(0 0 0)
(219.7037264217425 37.28455154417198 -3.616396878013458e-17)
(200.8810180120759 -111.4120968504509 8.183746504059683e-18)
(64.27387229391486 -50.63430991433782 4.796767114724043e-17)
(-46.03367847790216 -93.4559609783576 3.504851233879483e-16)
(-113.1908823767228 -125.8821752328937 4.235277796218128e-13)
(-142.552538867616 -138.9020499086544 -4.235693311214296e-13)
(-148.1437500810185 -135.9516365071948 -4.039542531432194e-18)
(-142.1111017863104 -123.9759812870723 -2.423669265118798e-18)
(-131.7496294113627 -108.2306903516453 -4.03947452898281e-18)
(-120.8064067749873 -91.52007640282024 -3.231751449512475e-18)
(-111.3135222783626 -75.02676395750846 -3.599248622646432e-18)
(-104.6017939763233 -59.08807420594486 8.275948100888221e-18)
(-101.6543922783065 -43.61835832733833 -4.013874047829958e-13)
(-103.1831953950532 -28.32181128032093 4.03993380243446e-17)
(-109.6254882385836 -12.83458789394069 2.867662713173337e-16)
(-121.1103756827512 3.137248143762121 3.069837853896997e-17)
(-137.369064864347 19.64386502220368 -1.389418805192621e-16)
(-157.47863248131 36.218357556895 -1.029678098707687e-13)
(-179.1678179882125 51.39880542341911 -1.631593845152508e-16)
(-197.259858954672 62.02137349743874 -1.60892201708943e-18)
(-201.1965607176683 62.82108348484016 3.230356444412281e-18)
(-173.3997763409102 48.15515098047993 1.21172520494119e-17)
(-93.07937591898784 18.19692201227524 4.201895366239818e-17)
(49.60473067479623 -12.90976551728471 1.156087433889092e-17)
(231.6845483178283 28.72515043225034 3.650587656347048e-17)
(263.8084515126172 -22.59784949417675 -4.306721481569205e-15)
(0 0 0)
(0 0 0)
(0 0 0)
(0 0 0)
(0 0 0)
(0 0 0)
(0 0 0)
(0 0 0)
(0 0 0)
(0 0 0)
(0 0 0)
(0 0 0)
(0 0 0)
(0 0 0)
(0 0 0)
(0 0 0)
(0 0 0)
(0 0 0)
(0 0 0)
(0 0 0)
(0 0 0)
(0 0 0)
(0 0 0)
(0 0 0)
(0 0 0)
(0 0 0)
(0 0 0)
(0 0 0)
(0 0 0)
(0 0 0)
(0 0 0)
(0 0 0)
(0 0 0)
(0 0 0)
(0 0 0)
(0 0 0)
(0 0 0)
(0 0 0)
(210.4728959646703 52.53236329454861 -3.122382640126503e-17)
(173.0657324584429 -143.2256533026009 6.207387869707962e-18)
(16.20749312379774 -105.2079855972133 1.010331045977964e-18)
(-88.40907238941691 -163.2413161941381 1.312527110483186e-17)
(-132.5590491060803 -185.2415010661112 -1.137505284536084e-16)
(-140.4413880057205 -179.2973045056799 -2.345609916000824e-13)
(-133.8924682284909 -160.5181654254409 -1.187368758009644e-16)
(-123.3653077153893 -138.3529606341519 -1.132264355547604e-17)
(-112.3909618621731 -116.6220218434437 -1.21181674705199e-18)
(-102.243990948797 -96.41873482726379 -4.039440097283969e-19)
(-93.82336355714131 -77.85091940807511 -4.10989247981395e-22)
(-87.97870057264294 -60.63700732706434 -2.524432290290085e-19)
(-85.45318095554347 -44.25854937861823 -1.643681386305562e-18)
(-86.83059458850097 -28.02574097136807 5.654673084983989e-18)
(-92.5150177775635 -11.14679986680635 2.342572470953887e-17)
(-102.7100642426621 7.193952553618781 3.231111800788917e-18)
(-117.3779088182195 27.75436587651077 -1.777153341190571e-17)
(-136.1524560676604 51.12636085898004 -1.648098040636533e-16)
(-158.0682528240295 77.46781210981126 -4.687312517645661e-17)
(-180.5782339913112 105.6682083535235 -8.885500023408322e-18)
(-196.7163154092173 131.2803826702176 -1.615584156154926e-18)
(-189.8099516694759 143.4610702590786 2.019506769502926e-18)
(-130.2609623709761 125.4368081738811 6.037871708217727e-18)
(10.65263704414359 68.75692700020028 2.120427603074182e-18)
(218.6425839125058 71.20091714635223 1.435536520173575e-17)
(271.2426749723418 -49.14902106379442 -7.013856503596862e-17)
(0 0 0)
(0 0 0)
(0 0 0)
(0 0 0)
(0 0 0)
(0 0 0)
(0 0 0)
(0 0 0)
(0 0 0)
(0 0 0)
(0 0 0)
(0 0 0)
(0 0 0)
(0 0 0)
(0 0 0)
(0 0 0)
(0 0 0)
(0 0 0)
(0 0 0)
(0 0 0)
(0 0 0)
(0 0 0)
(0 0 0)
(0 0 0)
(0 0 0)
(0 0 0)
(0 0 0)
(0 0 0)
(0 0 0)
(0 0 0)
(0 0 0)
(0 0 0)
(0 0 0)
(0 0 0)
(0 0 0)
(0 0 0)
(0 0 0)
(0 0 0)
(192.269650575979 98.42154488489447 -2.589091374195987e-17)
(102.8862756064928 -194.7343177480121 4.949533676563071e-18)
(-63.29180597292554 -192.9051381172949 -5.858337338392819e-18)
(-126.0671934626792 -237.2774492552723 -6.907030232388267e-17)
(-129.2468707274287 -225.6369050687422 -7.217534286550462e-16)
(-117.8292033602591 -195.6986589458667 -2.172085990139779e-13)
(-107.1994062712326 -165.1515288087157 -7.22418661533184e-16)
(-98.21495820227494 -137.9679820933056 -6.987380155177935e-17)
(-89.81540359743028 -114.0764339652941 -5.452727411266262e-18)
(-82.03530433409915 -92.99106789549232 -5.553725519677818e-19)
(-75.531794777885 -74.27167087695547 -2.019563981952337e-19)
(-71.00942394775598 -57.36335602485131 9.061618327550693e-25)
(-69.04312592096619 -41.51828094273458 -3.757683258477226e-19)
(-70.07144587989148 -25.80978028803412 4.039194024091355e-19)
(-74.4057947194449 -9.178031149864132 4.846788881618234e-18)
(-82.20920994995032 9.519223381226556 1.621580484201194e-18)
(-93.43665657565278 31.46356215834741 -4.850135177965379e-18)
(-107.7651862530791 57.85269697352074 -2.007375446205984e-13)
(-124.6259704219819 89.88711825305587 5.830489644627424e-14)
(-143.4472883525101 128.5645867107867 -2.901327832952955e-17)
(-163.4036988833333 173.3101264144749 -2.422945511898032e-18)
(-179.2433509310381 216.9723391563295 2.020285448657739e-19)
(-167.7835189754924 235.6790289251154 8.077647415141342e-19)
(-74.4412473361015 186.0527978087158 2.02049905033844e-19)
(148.4523363122346 142.0924338406851 2.240494383956073e-18)
(264.4298016462402 -96.10679617555516 -2.025040830939006e-18)
(0 0 0)
(0 0 0)
(0 0 0)
(0 0 0)
(0 0 0)
(0 0 0)
(0 0 0)
(0 0 0)
(0 0 0)
(0 0 0)
(0 0 0)
(0 0 0)
(0 0 0)
(0 0 0)
(0 0 0)
(0 0 0)
(0 0 0)
(0 0 0)
(0 0 0)
(0 0 0)
(0 0 0)
(0 0 0)
(0 0 0)
(0 0 0)
(0 0 0)
(0 0 0)
(0 0 0)
(0 0 0)
(0 0 0)
(0 0 0)
(0 0 0)
(0 0 0)
(0 0 0)
(0 0 0)
(0 0 0)
(0 0 0)
(0 0 0)
(0 0 0)
(135.7762849612913 129.0870303453335 -1.885256961658713e-17)
(-55.93779587343812 -342.5447146391954 3.548662871257677e-18)
(-149.891490582967 -302.7443026406133 -2.827217387593261e-18)
(-121.1408387132737 -271.7179893695426 -2.811702574478076e-17)
(-90.9802592411024 -219.2818416010819 -2.09560433695466e-16)
(-79.95601194408975 -178.7608098394533 -4.025423872910635e-13)
(-76.16179137598282 -148.0707513770053 -2.100275557962811e-16)
(-72.2902128710065 -122.3827655306259 -2.826055560470667e-17)
(-67.41404766766794 -99.99350501868508 -3.23121462551023e-18)
(-62.4392278634548 -80.51746814991773 -6.058498222711197e-19)
(-58.19565168774162 -63.60055999621215 3.666195663438707e-25)
(-55.22531063699792 -48.64334465229695 -4.038988865444585e-19)
(-53.89960521456558 -34.82717417964584 -1.817561426384124e-18)
(-54.49034478927469 -21.15967839011277 -9.289807473239356e-18)
(-57.18601410634492 -6.510377779540491 1.696367725818805e-17)
(-62.06847093055858 10.35197685354175 1.81753029424062e-17)
(-69.04443521085052 30.71541515854532 1.391102530729824e-22)
(-77.72889995829034 55.86552589965422 3.37527960937916e-17)
(-87.35636309823717 87.02394197552618 -3.490692148258146e-17)
(-97.15522582335485 125.4470825992928 2.134140204485541e-17)
(-108.3085630552809 173.0289098714422 4.543427192559749e-18)
(-127.4410494749272 232.4321144917095 1.060149798418483e-18)
(-161.1805036741638 299.0436704612768 2.019406866679607e-19)
(-174.0311378173131 329.1912967453578 -1.0542722043437e-23)
(-23.34696522668773 322.4558119416751 3.610452850691456e-19)
(209.8345617505214 -124.7276352388823 -8.210721972505473e-19)
(0 0 0)
(0 0 0)
(0 0 0)
(0 0 0)
(0 0 0)
(0 0 0)
(0 0 0)
(-366.0139967236913 -206.0869923866901 2.202187706623869e-16)
(-207.8075532363789 -133.6478817584891 -1.723048748607464e-14)
(46.44751454472946 -138.2418964149032 -8.095690381622861e-14)
(103.9315564534543 -95.27410970801877 3.461625245236566e-13)
(87.70845910369475 -56.95616524179333 -5.915654881615328e-14)
(73.39186651015075 -33.87540320798634 -2.575810521043094e-14)
(69.28071336949452 -21.23119363552042 -1.936011367594965e-14)
(68.78672588942429 -14.21428013376566 -8.33867244483415e-14)
(68.53344307850783 -10.56841156702674 3.012233909499054e-13)
(67.95760612204205 -9.607956138143985 -1.456805029221075e-13)
(67.08258323678834 -11.36514068677643 2.764050149466261e-13)
(65.79877965796454 -16.31838435632496 -1.08446605643757e-13)
(63.91387921132612 -25.33004110514936 -9.729093356538157e-14)
(61.37743563734914 -39.46082745587069 -5.233250394709892e-14)
(58.40434872439268 -59.52031398289078 -2.056691255435116e-14)
(55.5258846454928 -85.09846853701492 -1.831441058438681e-14)
(53.69772432752601 -113.511209288365 -8.086462519673717e-14)
(53.79623682582637 -140.0661841426088 1.295963539962225e-13)
(55.42724381689696 -160.0105891841962 -5.728125824428697e-14)
(59.89852584181669 -168.6338276069712 -4.066076314469773e-14)
(75.45192569301715 -162.4666642195543 -6.410010251412474e-14)
(111.0873608725285 -139.5081890549665 1.167473645883383e-13)
(125.4708848858606 -126.5495284327644 -1.123395675702538e-13)
(-43.21710711394531 -115.7992385461604 3.177257491542181e-13)
(-225.3243237873998 -336.7397004122429 -7.243647480801696e-14)
(0 0 0)
(0 0 0)
(0 0 0)
(0 0 0)
(0 0 0)
(0 0 0)
(29.00974162178774 -90.40564021927148 -1.048941597876296e-17)
(-453.393436582632 -582.9284580773132 -6.374010189430795e-18)
(-311.4256178380026 -312.4610478078673 -1.092412936893646e-17)
(-220.6297078258609 -206.7675853466169 -8.985805585748823e-16)
(-214.6453728102994 -158.5594688009058 -4.250409301942876e-15)
(-226.0652630541822 -132.9643038976822 -2.274158431304649e-13)
(-231.3738793600469 -111.5966334428424 -6.866100668358672e-15)
(-231.5632655614518 -91.58078436037022 -2.67047508909144e-15)
(-230.0182699657308 -73.72801353830242 -5.691865568568094e-16)
(-228.162462457303 -58.41702111126396 -9.533333602033322e-17)
(-226.4788992068718 -45.40348132545308 -3.432406725176223e-17)
(-225.2402913011275 -34.13806837744843 -1.432755958300469e-16)
(-224.6520982373911 -23.90215281126196 -2.68628050261379e-16)
(-224.8539986598256 -13.84423631248705 -4.094297365247788e-16)
(-225.9208155142951 -3.003605375276123 1.737081586001886e-17)
(-227.8504507198502 9.656031024998709 9.661099482340339e-17)
(-230.5270384554323 25.19809604404333 -6.021220497887686e-17)
(-233.6715316410702 44.62808125795067 -1.018242887922482e-15)
(-236.7203596139022 68.71658055092516 -1.1254800281303e-13)
(-238.4140116239947 97.72074152950407 -2.087983825852413e-13)
(-236.5478297985223 131.6563174213713 -5.266370784334655e-15)
(-232.6336231173181 173.934625956224 -2.122042840586707e-15)
(-250.5238578721951 240.8309995477798 -4.331739363486566e-16)
(-345.9368928979745 358.9407984899765 -6.994266897141675e-17)
(-452.1590065064964 605.6354662015123 -1.142572167998701e-17)
(86.53183472845643 93.14336532488883 -5.797772228915035e-18)
(0 0 0)
(0 0 0)
(0 0 0)
(0 0 0)
(0 0 0)
(0 0 0)
(0 0 0)
(-257.7651900685146 -374.6898456507805 3.333330102270538e-16)
(-269.6873965778966 -181.2337145000689 3.071109268003455e-15)
(-176.6456669485152 -127.0590605087153 9.495161589122923e-15)
(-127.406321946767 -116.7333873972879 4.409384807350795e-13)
(-135.4473586724746 -93.88857022012739 1.152889665012903e-14)
(-157.3750355551381 -66.01968635507711 4.594485970502644e-15)
(-172.4480796975562 -44.73147797270053 3.773267831619647e-15)
(-180.7040484537222 -31.92312665279071 1.039294999092378e-14)
(-186.1681206816003 -25.88365866938153 4.461695345175565e-13)
(-191.2094008856195 -25.2825524746539 2.285687547615078e-14)
(-196.886818277324 -29.77724641765016 4.51552093687502e-13)
(-203.8297306989528 -39.59055962448048 2.042296879316534e-14)
(-212.3519212005902 -55.07914877166646 1.927762382133949e-14)
(-222.0067191420715 -76.3424278611806 9.18114144932187e-15)
(-230.9279110321302 -102.8063708074113 3.856756860720922e-15)
(-235.5067871356306 -132.8618499893126 3.959321371589307e-15)
(-231.380937242115 -164.003260570271 1.011049613768065e-14)
(-215.9194613978883 -193.550760740418 4.266322604175162e-13)
(-189.5880039582281 -218.9111126724071 1.218611904240804e-14)
(-153.8932387455212 -237.5407708987876 6.921522252517882e-15)
(-112.8673055984468 -251.6881233389786 9.772453673509785e-15)
(-91.45677713706324 -277.662770929181 4.21562066464315e-13)
(-153.5685259534195 -343.8635086172285 1.768922132331765e-14)
(-291.5602659597752 -549.6112088297614 4.347924477388616e-13)
(43.15274657229294 -57.01234108511485 -2.573654090794505e-14)
(0 0 0)
(0 0 0)
(0 0 0)
(0 0 0)
(0 0 0)
(0 0 0)
(-305.8079858172097 -383.0018004699372 3.673162428279453e-17)
(-49.0592584999052 -149.8889185684267 4.007068525839125e-17)
(148.4649637492136 -104.9263710652301 -8.43167501513701e-16)
(121.0627079422227 -77.76943890729785 4.479325244296842e-15)
(79.88681950843127 -73.9925850975073 4.548687886018203e-14)
(66.69968033723008 -65.35355292506608 -3.57281361014785e-13)
(65.70244277400266 -54.48878918488867 2.676282438750295e-14)
(66.47739924278591 -43.95729732014944 1.669864812967224e-14)
(66.93845625308435 -34.71495373511391 2.243638767844366e-15)
(67.24318060705241 -26.89702566229565 2.220459292592218e-16)
(67.52750949475075 -20.36113686251682 7.44754508854072e-17)
(67.75983455479491 -14.82269019397404 1.068437122546918e-15)
(67.88929000040928 -9.894723566596346 1.803156852206561e-14)
(67.89115759270389 -5.118731752083378 -9.236483125045018e-14)
(67.75785583459378 0.01088642979952842 -1.160937521588016e-13)
(67.50192227355734 6.024047328616178 -1.163156183877009e-13)
(67.16617139598489 13.43734574897261 -2.054796468310199e-13)
(66.80869104844885 22.68784280864 -2.148020026145333e-13)
(66.4019345065756 34.03173494106029 2.771687190675028e-14)
(65.91648941497186 47.38070916425348 -1.6423750896186e-13)
(67.02182044395727 61.95997189814014 1.481296170143609e-14)
(77.9998928100928 76.1868088945091 1.269793505306071e-14)
(111.5552564058576 89.93593136805046 1.603799852917821e-15)
(131.5155984979485 131.6547791451416 8.15539064816256e-17)
(-47.60703019529699 186.2099714359123 3.622587214050528e-18)
(-298.6924884229322 415.524000548002 5.684043139437369e-17)
(0 0 0)
(0 0 0)
(0 0 0)
(0 0 0)
(0 0 0)
(0 0 0)
(0 0 0)
(1.750555778226172 -253.4591681045965 3.022325961762996e-19)
(10.80045022124272 -161.6953057232386 -1.676306090381266e-17)
(32.35711272870028 -110.5711819622967 -2.818827737752169e-16)
(50.76013010390265 -100.5585679112477 4.232587805040456e-13)
(47.89522248016187 -92.85063861640687 -6.46249089887886e-17)
(30.53055696933549 -76.8170843270662 -1.211692501016827e-17)
(11.28460673154774 -59.12915434360702 -3.635076476627282e-18)
(-4.432859043503401 -45.91821255843821 -4.846740395995179e-18)
(-16.97520068624323 -39.18995216257986 4.235794814657436e-13)
(-28.23107587425475 -38.97244606289616 1.380518917369663e-15)
(-39.73039095335987 -44.94881116067337 4.008247527967088e-13)
(-52.33811832166381 -56.77635223766296 1.284381415112216e-15)
(-66.18809722300765 -73.84092704415167 -3.053498688078837e-16)
(-80.41600238316032 -94.98358493587071 -7.027478557583336e-16)
(-92.88495779207379 -118.4856187741071 -7.27022022630885e-17)
(-100.3958091775689 -142.5059710880617 8.068334537273618e-19)
(-99.76246857226883 -165.8985086320766 1.425917406938292e-16)
(-89.36651875213985 -188.7660826898025 2.177635705721731e-13)
(-70.225781576039 -212.2957295156853 1.45401614853232e-16)
(-46.93790588930624 -239.1197361494957 2.484145735820226e-17)
(-30.00740123893962 -274.7855752296622 9.874878985457862e-17)
(-33.32869769398724 -322.1161345241682 2.1208135773774e-13)
(-42.48410699904368 -350.9033754489334 1.81348518902147e-16)
(46.83744814218191 -377.7585663735114 2.181994772292202e-13)
(194.0263072846405 91.09929964792356 -3.699533650823313e-15)
(0 0 0)
(0 0 0)
(0 0 0)
(0 0 0)
(0 0 0)
(0 0 0)
(0 0 0)
(0 0 0)
(0 0 0)
(0 0 0)
(0 0 0)
(0 0 0)
(0 0 0)
(0 0 0)
(0 0 0)
(0 0 0)
(0 0 0)
(0 0 0)
(0 0 0)
(0 0 0)
(0 0 0)
(0 0 0)
(0 0 0)
(0 0 0)
(0 0 0)
(0 0 0)
(0 0 0)
(0 0 0)
(0 0 0)
(0 0 0)
(0 0 0)
(0 0 0)
(0 0 0)
(0 0 0)
(0 0 0)
(0 0 0)
(0 0 0)
(0 0 0)
(0 0 0)
(20.63374188660377 -137.7135774700927 -7.621150392289511e-18)
(47.79629596064031 -118.5833277932139 -2.794482107565195e-16)
(56.94318222612763 -96.66590506552944 4.165991760323935e-13)
(59.85390806910645 -86.51013614403648 4.227949008257849e-13)
(55.66342288910518 -81.69333541987717 -1.363167732366301e-16)
(42.68983652711281 -73.99962366409167 -1.979127700303263e-17)
(24.33633621022673 -63.26012355742655 -6.260440644789952e-18)
(4.921849812657106 -53.3867337641121 -3.271583061217392e-17)
(-13.59722681633848 -47.69721035478727 -1.338923774934113e-16)
(-31.31845452356158 -47.74157127469703 8.097964515120353e-17)
(-48.97445965466375 -53.81204607218786 1.135780420723452e-15)
(-66.96444963980143 -65.44466412295624 -2.408238726455326e-16)
(-84.90473838627729 -81.5753505801509 -2.133283897810044e-13)
(-101.4534032662272 -100.6155375483244 -4.121724646072686e-13)
(-114.4100045066605 -120.7417427845585 -6.636256327023268e-16)
(-121.253223661279 -140.4928567571977 -3.440650179048836e-17)
(-120.1275400412187 -159.4372695497545 -6.059521592827861e-18)
(-110.9721889354031 -178.4630472190969 9.812696786605039e-17)
(-96.34731036745642 -199.4955077864007 -3.735962820708587e-18)
(-81.14499743585992 -224.4796509144984 7.674327346151295e-18)
(-68.30250452154418 -251.7168365854022 2.544879773895796e-17)
(-45.47496859428949 -266.4607604787403 6.825443989352514e-17)
(30.90770072369433 -232.5394240528435 5.089925622841188e-17)
(209.99683268288 -217.6179705232374 5.119541035956332e-15)
(284.9854976189607 63.68723953254307 -3.402611471662804e-14)
(0 0 0)
(0 0 0)
(0 0 0)
(0 0 0)
(0 0 0)
(0 0 0)
(0 0 0)
(0 0 0)
(0 0 0)
(0 0 0)
(0 0 0)
(0 0 0)
(0 0 0)
(0 0 0)
(0 0 0)
(0 0 0)
(0 0 0)
(0 0 0)
(0 0 0)
(0 0 0)
(0 0 0)
(0 0 0)
(0 0 0)
(0 0 0)
(0 0 0)
(0 0 0)
(0 0 0)
(0 0 0)
(0 0 0)
(0 0 0)
(0 0 0)
(0 0 0)
(0 0 0)
(0 0 0)
(0 0 0)
(0 0 0)
(0 0 0)
(0 0 0)
(0 0 0)
(20.88142700513873 -73.02315023048494 -3.797859562085249e-17)
(51.84821450069744 -76.28530149119395 -5.542151165357262e-16)
(64.43030431936643 -75.04958781003637 2.291038097543289e-13)
(65.7326997426289 -71.6995363278793 4.04479842499889e-13)
(60.40573499235515 -68.78392720643116 3.009968546552544e-16)
(48.96376883731372 -65.02504644601996 2.014467503715774e-17)
(31.89749661621878 -59.51942387963947 -1.60046655865634e-17)
(11.13005414843142 -53.71751031908219 -1.464120357806425e-16)
(-11.33003820020352 -50.09095097396053 4.227800689899766e-13)
(-34.34591158995194 -50.55738916162533 -3.481581471080302e-16)
(-57.4334837954531 -55.92485946225973 4.225321486224584e-13)
(-80.1014228219413 -65.99292315764853 8.218582209670878e-17)
(-101.3589706439541 -79.82361005358004 4.098960871310909e-13)
(-119.5823945884019 -96.04977765220224 -3.223137281043715e-16)
(-132.7622770124322 -113.2573577731171 -6.383712015889795e-17)
(-139.0913359644278 -130.4025075072952 -3.231707395868616e-18)
(-137.7326590594013 -147.0675317002206 -2.049856630542943e-17)
(-129.4247569948105 -163.2954802356899 2.1153460720817e-13)
(-116.242385247233 -178.7414043989862 -2.221426775336595e-17)
(-99.15923458681611 -190.7706388916466 2.981839700856726e-18)
(-71.98851061340345 -191.6287868049398 8.2806065648332e-18)
(-14.15128514695592 -168.0299245948116 2.432123355453142e-17)
(104.4458482385039 -111.5073240279159 3.009556350992323e-17)
(288.7852976483802 -115.8150241866082 1.366782016122903e-14)
(321.8331006739005 37.52889206463165 -8.079172441271054e-14)
(0 0 0)
(0 0 0)
(0 0 0)
(0 0 0)
(0 0 0)
(0 0 0)
(0 0 0)
(0 0 0)
(0 0 0)
(0 0 0)
(0 0 0)
(0 0 0)
(0 0 0)
(0 0 0)
(0 0 0)
(0 0 0)
(0 0 0)
(0 0 0)
(0 0 0)
(0 0 0)
(0 0 0)
(0 0 0)
(0 0 0)
(0 0 0)
(0 0 0)
(0 0 0)
(0 0 0)
(0 0 0)
(0 0 0)
(0 0 0)
(0 0 0)
(0 0 0)
(0 0 0)
(0 0 0)
(0 0 0)
(0 0 0)
(0 0 0)
(0 0 0)
(0 0 0)
(17.37221374174738 -38.82728270448213 -9.088782579793577e-18)
(45.76992466990678 -45.49091556683697 -1.056648383758536e-16)
(61.52894737809115 -51.8552605928566 -3.851887699848969e-16)
(66.11956864729535 -54.60948784996332 -4.154979359191438e-13)
(62.33791277134987 -54.70313884480645 1.849999571047018e-16)
(51.95433986351654 -53.30308879966803 -1.918486950867957e-17)
(35.64387234041016 -50.82196315786254 -1.171348040650057e-17)
(14.35032271695732 -48.02025786873267 -6.583489119082132e-17)
(-10.43710566079202 -46.32461206046147 4.230394974262469e-13)
(-37.15236301203923 -47.20536579661896 -3.186736386869178e-16)
(-64.40999365061988 -51.54998857427681 4.217680095883596e-13)
(-90.86320023036745 -59.46722740264473 -6.207890980032812e-16)
(-114.9615928788322 -70.43783180384217 4.215895071842324e-13)
(-134.8871509845535 -83.61349646038056 -3.96595026736066e-16)
(-148.7627343631616 -98.10586379237736 -4.079776716935538e-17)
(-155.0633975927649 -113.1190197331768 -1.050265946332604e-17)
(-153.0205127729829 -127.7729476870766 -2.116245628829369e-16)
(-142.6460616248963 -140.5002320858867 1.129951085449938e-13)
(-123.8224689849545 -148.0279563665954 -2.130816618561714e-16)
(-94.03237977726512 -144.4412700571096 -6.232025749898743e-18)
(-45.56179019965135 -122.1022202949588 1.832672283077207e-17)
(34.64649404908893 -77.41521585677266 -1.057395083633752e-13)
(157.9037492458923 -21.32829117273795 6.512927699888303e-17)
(317.6239459790543 -34.71882841143692 1.95120213398608e-14)
(325.3497300633587 33.67076471728994 -1.11271881365625e-13)
(0 0 0)
(0 0 0)
(0 0 0)
(0 0 0)
(0 0 0)
(0 0 0)
(0 0 0)
(0 0 0)
(0 0 0)
(0 0 0)
(0 0 0)
(0 0 0)
(0 0 0)
(0 0 0)
(0 0 0)
(0 0 0)
(0 0 0)
(0 0 0)
(0 0 0)
(0 0 0)
(0 0 0)
(0 0 0)
(0 0 0)
(0 0 0)
(0 0 0)
(0 0 0)
(0 0 0)
(0 0 0)
(0 0 0)
(0 0 0)
(0 0 0)
(0 0 0)
(0 0 0)
(0 0 0)
(0 0 0)
(0 0 0)
(0 0 0)
(0 0 0)
(0 0 0)
(14.21833315159893 -20.39349118118702 -3.736808619537309e-18)
(38.82025493282605 -25.63292757877722 -5.569603891359395e-17)
(55.31173204728997 -32.40509315043901 -5.438363726498959e-16)
(62.88482147951467 -37.35827143710114 4.1963805976494e-13)
(61.71213403907581 -39.57389984843767 -4.992241972999737e-16)
(52.84494452683953 -39.79427695580954 -4.887286693585024e-17)
(37.1803275502423 -38.95244786709453 -8.054760392385244e-18)
(15.62740524722216 -37.8469809243215 -2.601325178393459e-16)
(-10.51514612809178 -37.35008417673841 2.267876288586591e-13)
(-39.57128810440648 -38.36879235486472 -4.80627943254378e-16)
(-69.69534540336754 -41.57690132460118 4.219533960790932e-13)
(-98.98926605108697 -47.22904406316221 -2.366806179115542e-16)
(-125.5052396994148 -55.19139813362479 -1.736971507041042e-16)
(-147.2504265730636 -65.10636052937659 -1.696339353551405e-17)
(-162.2678002808997 -76.51146135641524 4.846406173281707e-18)
(-168.7584198553444 -88.73342927528273 7.270143665927404e-18)
(-165.1138714084406 -100.4530238744592 1.773245767439661e-17)
(-149.6797656690675 -109.0056388710429 2.007589801695833e-13)
(-120.1834232061112 -109.8103525080839 1.662159603831917e-17)
(-73.23349848066567 -96.83958580442952 1.407549956165389e-17)
(-4.962456412727363 -65.39369174271066 1.342728616153318e-16)
(86.62264392404417 -17.50301490132074 1.027292254201379e-13)
(198.7991147306311 32.68669932466226 4.201031896139515e-16)
(320.3775213537974 28.35572959999634 2.226643327095622e-13)
(300.0101072092664 37.50441106751433 -9.331980044135841e-14)
(0 0 0)
(0 0 0)
(0 0 0)
(0 0 0)
(0 0 0)
(0 0 0)
(0 0 0)
(0 0 0)
(0 0 0)
(0 0 0)
(0 0 0)
(0 0 0)
(0 0 0)
(0 0 0)
(0 0 0)
(0 0 0)
(0 0 0)
(0 0 0)
(0 0 0)
(0 0 0)
(0 0 0)
(0 0 0)
(0 0 0)
(0 0 0)
(0 0 0)
(0 0 0)
(0 0 0)
(0 0 0)
(0 0 0)
(0 0 0)
(0 0 0)
(0 0 0)
(0 0 0)
(0 0 0)
(0 0 0)
(0 0 0)
(0 0 0)
(0 0 0)
(0 0 0)
(12.13315386424481 -9.971971511885977 -1.622342047079303e-18)
(33.75826795419316 -13.12952116837476 -3.898372960909368e-17)
(49.8036035355819 -17.7106054017001 -5.357617817791283e-16)
(58.95076194977831 -21.7820047699252 4.187610174570356e-13)
(59.90190724946432 -24.19590852966179 -5.331540258272297e-16)
(52.57579184756118 -25.0227044872848 -3.998726675997286e-17)
(37.59116837414476 -24.93120105227747 -1.490820706669639e-17)
(15.95268640922431 -24.59941265339806 -1.834046625296514e-16)
(-10.95891708986682 -24.58862330399825 2.323100758077579e-13)
(-41.37918015979226 -25.39076523853236 -2.334380553257609e-16)
(-73.27024535882268 -27.40041733317718 4.232870594807688e-13)
(-104.4776970379169 -30.8443924768225 1.631746090600911e-16)
(-132.838909343008 -35.7734400093241 2.126621534246091e-13)
(-156.2072142048326 -42.11366792363565 2.197169053965562e-16)
(-172.3898031074762 -49.66514170081524 3.473645899271053e-17)
(-179.0049601123829 -57.91366574022359 1.454169062882444e-17)
(-173.2927223753601 -65.61111850654837 2.399362734732521e-16)
(-152.0033902709778 -70.29098028401533 1.105986448366581e-13)
(-111.6564159144111 -68.1879635579927 2.370563931618155e-16)
(-49.61571900729065 -55.20544303063398 1.012684109828704e-17)
(33.77478066866419 -29.1642618173809 8.080217435784557e-18)
(132.7268850828192 7.546149638363437 1.059875397487396e-13)
(234.3463141302919 46.16170436998478 -8.679647671954461e-18)
(316.7860554152998 54.89357804233195 2.301305810796387e-13)
(262.4369562004992 47.67895260415651 -9.120452962288922e-14)
(0 0 0)
(0 0 0)
(0 0 0)
(0 0 0)
(0 0 0)
(0 0 0)
(0 0 0)
(0 0 0)
(0 0 0)
(0 0 0)
(0 0 0)
(0 0 0)
(0 0 0)
(0 0 0)
(0 0 0)
(0 0 0)
(0 0 0)
(0 0 0)
(0 0 0)
(0 0 0)
(0 0 0)
(0 0 0)
(0 0 0)
(0 0 0)
(0 0 0)
(0 0 0)
(0 0 0)
(0 0 0)
(0 0 0)
(0 0 0)
(0 0 0)
(0 0 0)
(0 0 0)
(0 0 0)
(0 0 0)
(0 0 0)
(0 0 0)
(0 0 0)
(0 0 0)
(11.06015660666357 -3.049641320332953 1.413803197577113e-18)
(31.08087924304303 -4.121704062778893 2.077993468890467e-17)
(46.65876373328946 -5.726217691480845 2.916339146681276e-16)
(56.39910365990931 -7.266170350656801 4.067576138947895e-13)
(58.4710720280735 -8.277594245822705 2.915761591217949e-16)
(52.10933342187763 -8.696791713163774 2.059928054105892e-17)
(37.60334185309151 -8.743892172520406 -1.985690545819589e-22)
(15.96974787288338 -8.684504295189202 -2.504144140487441e-17)
(-11.30668750062834 -8.726760835767436 4.233460372883887e-13)
(-42.38321923751896 -9.032247999703385 -4.362117830159402e-17)
(-75.14905228756568 -9.730815115236384 4.23470428519663e-13)
(-107.3623056508638 -10.91110918188935 3.231179614657627e-17)
(-136.7744654569744 -12.61551198892646 1.906388558567331e-16)
(-161.1420102217603 -14.84678033033112 5.492947129577273e-17)
(-178.067612741055 -17.55044088371177 8.885994837474583e-18)
(-184.7041482299673 -20.5247309247516 8.078513553547875e-18)
(-177.4908820387047 -23.2497685362627 1.179446157545208e-16)
(-152.2562621327172 -24.72302054759146 1.073250503779305e-13)
(-105.0975062902905 -23.50275494922533 1.163135388603332e-16)
(-34.20940169358779 -18.16420722807183 5.662737650784521e-18)
(57.78953008522396 -8.096516468750144 -1.21111570647636e-18)
(161.9489866854997 5.850475388858107 1.058791190009681e-13)
(261.0362236002188 21.125517675059 -1.918697220509297e-18)
(321.7852250937553 31.49766352932149 2.196722729346744e-13)
(243.0814741258382 30.21151800561518 -5.499134670884546e-14)
(0 0 0)
(0 0 0)
(0 0 0)
(0 0 0)
(0 0 0)
(0 0 0)
(0 0 0)
(0 0 0)
(0 0 0)
(0 0 0)
(0 0 0)
(0 0 0)
(0 0 0)
(0 0 0)
(0 0 0)
(0 0 0)
(0 0 0)
(0 0 0)
(0 0 0)
(0 0 0)
(0 0 0)
(0 0 0)
(0 0 0)
(0 0 0)
(0 0 0)
(0 0 0)
(0 0 0)
(0 0 0)
(0 0 0)
(0 0 0)
(0 0 0)
(0 0 0)
(0 0 0)
(0 0 0)
(0 0 0)
(0 0 0)
(0 0 0)
(0 0 0)
(0 0 0)
)
;

boundaryField
{
    inletLower
    {
        type            zeroGradient;
    }
    inletUpper
    {
        type            zeroGradient;
    }
    outletLower
    {
        type            zeroGradient;
    }
    outletUpper
    {
        type            zeroGradient;
    }
    sideWalls
    {
        type            zeroGradient;
    }
    topBottomWalls
    {
        type            zeroGradient;
    }
    frontAndBack
    {
        type            symmetry;
    }
}


// ************************************************************************* //
