/*--------------------------------*- C++ -*----------------------------------*\
| =========                 |                                                 |
| \\      /  F ield         | OpenFOAM: The Open Source CFD Toolbox           |
|  \\    /   O peration     | Version:  2506                                  |
|   \\  /    A nd           | Website:  www.openfoam.com                      |
|    \\/     M anipulation  |                                                 |
\*---------------------------------------------------------------------------*/
FoamFile
{
    version     2.0;
    format      ascii;
    arch        "LSB;label=32;scalar=64";
    class       volVectorField;
    location    "5000";
    object      U;
}
// * * * * * * * * * * * * * * * * * * * * * * * * * * * * * * * * * * * * * //

dimensions      [0 1 -1 0 0 0 0];

internalField   nonuniform List<vector> 
4096
(
(-1.362345632045531e-07 -8.866443931231354e-07 -9.909081095461899e-23)
(-4.237050776154799e-07 -2.078770158986908e-06 7.22415745666762e-21)
(-7.406607441390323e-07 -2.903605275682937e-06 1.039519700633518e-19)
(-1.088993906320744e-06 -3.457164076857248e-06 2.331794464478468e-21)
(-1.451434732588873e-06 -3.805991377448512e-06 5.589783839221017e-19)
(-1.798294473069097e-06 -4.000641172677332e-06 2.358175302852457e-19)
(-2.093827392993415e-06 -4.079928048088938e-06 3.921033872004693e-19)
(-2.302388446565745e-06 -4.072955696319538e-06 5.831158845050633e-20)
(-2.393898583002117e-06 -3.999923476796416e-06 -5.757605809466519e-18)
(-2.348316918994627e-06 -3.872617193857904e-06 -6.762172083984751e-20)
(-2.158830113673481e-06 -3.695096846809067e-06 -9.993398558968705e-19)
(-1.833519861731484e-06 -3.464891444675787e-06 -1.011678721230159e-19)
(-1.395436605090578e-06 -3.174937574788959e-06 -7.02850673702988e-21)
(-8.811656405293897e-07 -2.816334216442927e-06 -4.455774060473483e-22)
(-3.379847529147309e-07 -2.381609690690651e-06 -3.258013769030018e-22)
(1.803209191484755e-07 -1.867851410968869e-06 -3.900449495202559e-22)
(6.187993077417121e-07 -1.279010866029836e-06 -8.536417082515111e-22)
(9.273511903094313e-07 -6.269502368952763e-07 -1.623392733603169e-21)
(1.066683477767959e-06 6.888000729069778e-08 -2.359325433966064e-21)
(1.013320299180637e-06 7.829817733287384e-07 -2.164534460064671e-22)
(7.628796727461758e-07 1.486277150045351e-06 6.657067857453366e-20)
(3.310824850453857e-07 2.149154226360723e-06 1.971999355597305e-18)
(-2.477008564894748e-07 2.744718637997092e-06 -2.630070130814419e-20)
(-9.241799929723699e-07 3.251856105359143e-06 3.500430945212541e-18)
(-1.639610405601254e-06 3.657693192312805e-06 -9.219773713280898e-20)
(-2.332179676633669e-06 3.959038489423339e-06 8.295089980725542e-21)
(-2.943368226268096e-06 4.162443390539824e-06 2.264169006015247e-21)
(-3.423397416131482e-06 4.282688689357804e-06 -2.953793434159902e-22)
(-3.735165649865289e-06 4.339837039260617e-06 -5.244317426931552e-22)
(-3.856502313264766e-06 4.355425340058796e-06 -1.478711173914182e-22)
(-3.780901443805121e-06 4.348686541778336e-06 -1.873763715750125e-23)
(-3.516967839378802e-06 4.333644914156286e-06 -6.795718058636533e-24)
(-3.086675316044205e-06 4.317513003539869e-06 -4.457752630214551e-23)
(-2.522495472191515e-06 4.300364696895346e-06 -2.307801551604794e-22)
(-1.863712234751055e-06 4.275947420938396e-06 -9.458918713661505e-22)
(-1.152519454274278e-06 4.233524361744995e-06 -2.848381912989953e-21)
(-4.304753894335961e-07 4.160551661340999e-06 -5.172099129924173e-21)
(2.644486214405974e-07 4.045647165233288e-06 -2.951578393815353e-21)
(9.001198046209441e-07 3.881111564962224e-06 -1.352534391794808e-21)
(1.451640061906657e-06 3.664384394853578e-06 -1.126527409105774e-21)
(1.901806868658158e-06 3.398229176109673e-06 -5.605105688162443e-22)
(2.24078512479995e-06 3.089904632817451e-06 3.381076782317281e-22)
(2.465306085571058e-06 2.74981901418538e-06 5.957138209448686e-22)
(2.577706053131026e-06 2.390113564675197e-06 6.912907359221721e-21)
(2.584993658929363e-06 2.023442988326771e-06 2.436412663186106e-20)
(2.497987128981596e-06 1.662021128144412e-06 1.678980605423182e-18)
(2.330491585590417e-06 1.316918612168929e-06 -6.458019323639005e-20)
(2.098473809592112e-06 9.975673664549829e-07 -1.549769129019075e-21)
(1.819215349369539e-06 7.114334655650237e-07 3.004681802218053e-21)
(1.510452061942273e-06 4.638312325900655e-07 5.413795986669114e-21)
(1.189533115163524e-06 2.578655750263892e-07 -1.042872206377639e-20)
(8.726401905005069e-07 9.448797575313745e-08 2.563174611078777e-21)
(5.741078572053023e-07 -2.734701437596596e-08 5.38590018888944e-22)
(3.058811058789367e-07 -1.104402359324225e-07 1.977320167500207e-23)
(7.713401391337606e-08 -1.590401461441636e-07 5.689237608014066e-23)
(-1.05937568005139e-07 -1.784889545771416e-07 -1.617491540653331e-23)
(-2.401489093768923e-07 -1.748438083525928e-07 -3.592820559739496e-23)
(-3.251953543460567e-07 -1.544939325014185e-07 -8.631967636191125e-23)
(-3.633758850867517e-07 -1.237934305514698e-07 -3.592311230988794e-22)
(-3.591941618819809e-07 -8.872746438542899e-08 1.480831114363502e-22)
(-3.188587203140601e-07 -5.462675461125893e-08 1.086635424630541e-21)
(-2.496925243727715e-07 -2.594161195748721e-08 2.903965337535547e-22)
(-1.594222659166467e-07 -6.078838052513851e-09 4.384488568777769e-23)
(-5.417188434501719e-08 2.594557319821256e-09 2.357103673762508e-24)
(-3.416699320445745e-07 -2.582144616844213e-06 -1.062502846698111e-21)
(-1.047188910575664e-06 -6.033239151688376e-06 1.756036070621975e-20)
(-1.798315207710531e-06 -8.41541378386601e-06 3.576595906405138e-19)
(-2.597327313601586e-06 -1.001280565635651e-05 2.252011383920389e-20)
(-3.410664677956469e-06 -1.10183035770795e-05 7.170057682244765e-21)
(-4.177805431986904e-06 -1.157857956170759e-05 -5.709017834084759e-20)
(-4.821866088100014e-06 -1.180653556840739e-05 3.198108602630871e-19)
(-5.261568369514108e-06 -1.178684050330905e-05 7.659095939834412e-20)
(-5.423587536132653e-06 -1.157797090641562e-05 8.450159353196108e-19)
(-5.254307042008681e-06 -1.121358593015459e-05 -5.255954117121755e-21)
(-4.729702187351859e-06 -1.070456128262395e-05 5.72642667006318e-18)
(-3.862166555027025e-06 -1.00425123608144e-05 -7.122090016362801e-20)
(-2.703499427860346e-06 -9.205634741609727e-06 -2.083512072313334e-21)
(-1.343497341153074e-06 -8.167065838970457e-06 -3.337084060553787e-22)
(9.631961099559492e-08 -6.90464530104162e-06 -1.698765433354546e-21)
(1.473856598092254e-06 -5.410010518135154e-06 -1.009496590683933e-21)
(2.64151147652005e-06 -3.695097961724681e-06 -2.483048434580259e-21)
(3.463278233537762e-06 -1.794946271906058e-06 -6.874819653563644e-21)
(3.831486630777921e-06 2.333920993378437e-07 -1.739309561950497e-20)
(3.680764287192825e-06 2.315362365111246e-06 1.494275365543432e-21)
(2.997227563328667e-06 4.366027987502945e-06 1.02995038728051e-19)
(1.821612896374652e-06 6.298836323280336e-06 -3.709735534302294e-18)
(2.458592587807271e-07 8.034987094236723e-06 1.803969122405462e-19)
(-1.596473534180593e-06 9.512298957765376e-06 3.156296642711303e-19)
(-3.544758933990162e-06 1.069241168014773e-05 9.134196439101279e-20)
(-5.428946828198991e-06 1.156514464940579e-05 1.665549471057606e-19)
(-7.08794010474364e-06 1.214896622043853e-05 2.134682999226654e-20)
(-8.386174386697341e-06 1.248694235404585e-05 -4.778243851751629e-21)
(-9.226135724230665e-06 1.263838674994558e-05 -5.431747925706478e-21)
(-9.555393860521955e-06 1.266766810764305e-05 -1.492282171089977e-21)
(-9.367863978046367e-06 1.263272076943941e-05 -2.216803299196027e-22)
(-8.700003280241037e-06 1.257597593693274e-05 -3.001090647305482e-23)
(-7.623018412297733e-06 1.251932327885324e-05 -8.866335197441333e-23)
(-6.232111873923866e-06 1.246309401219722e-05 -4.517752852247063e-22)
(-4.634225891794958e-06 1.238849202294572e-05 -1.82773033184214e-21)
(-2.936500333299463e-06 1.226318066854825e-05 -5.449182776203316e-21)
(-1.237493831046654e-06 1.20495863658557e-05 -9.885036778766013e-21)
(3.784496295793256e-07 1.171403869634606e-05 -6.131329239850742e-21)
(1.844075905002313e-06 1.123424743616286e-05 -4.653538092652271e-21)
(3.109795553418553e-06 1.060326934143358e-05 -7.718603099491471e-21)
(4.142639779644575e-06 9.829637233661065e-06 -9.621929350546052e-21)
(4.92444311506364e-06 8.93468923681231e-06 -5.823241847804974e-21)
(5.449920585643558e-06 7.948622300515181e-06 4.367217715265332e-21)
(5.724942091626418e-06 6.90648713998817e-06 1.006423870378495e-19)
(5.764994532739265e-06 5.844758975271595e-06 -1.727923442952522e-18)
(5.593692244500355e-06 4.798644985315676e-06 2.75763881142257e-20)
(5.241207884216365e-06 3.800077694873522e-06 1.13255224624157e-21)
(4.742565048674804e-06 2.8762798907793e-06 7.674805873174037e-21)
(4.135806770372025e-06 2.048806965705024e-06 9.895921158507454e-21)
(3.46009983180455e-06 1.332998505059675e-06 3.468845394206565e-20)
(2.753871094926747e-06 7.378046798656174e-07 -4.731915892806495e-19)
(2.053073100329516e-06 2.659446569403705e-07 6.081931825924481e-21)
(1.389672542972346e-06 -8.564102021662678e-08 3.072793160608902e-21)
(7.904393358477285e-07 -3.250905663405e-07 -9.044828306746216e-24)
(2.760907395271206e-07 -4.647283819549715e-07 9.86313305538236e-22)
(-1.391811631367042e-07 -5.20039283296046e-07 6.652869984814277e-23)
(-4.477971206254651e-07 -5.085713378351179e-07 -4.039138317331282e-23)
(-6.485159983836268e-07 -4.488281415123492e-07 5.965101816452231e-24)
(-7.458392375068209e-07 -3.592078992008263e-07 -2.123152708257699e-21)
(-7.491484838906314e-07 -2.570410900906071e-07 1.369827666606546e-21)
(-6.716355668770079e-07 -1.577705362176073e-07 9.52235959148888e-21)
(-5.290808472268704e-07 -7.430627443225104e-08 2.349229163495384e-21)
(-3.385198823278027e-07 -1.656800884373034e-08 1.682970794099664e-21)
(-1.156537967194657e-07 8.352249289392722e-09 3.14892299671582e-22)
(-4.769848513107603e-07 -3.977091516113758e-06 7.41609180874302e-19)
(-1.452278076010879e-06 -9.299893153966524e-06 3.079471920845057e-22)
(-2.471390214075879e-06 -1.297328857931962e-05 2.076265230040247e-20)
(-3.535721187746498e-06 -1.543483412304834e-05 2.642157733636406e-20)
(-4.606707798663311e-06 -1.698308557842535e-05 1.310077519844905e-19)
(-5.610804337197184e-06 -1.784621193496542e-05 -8.580098286655074e-20)
(-6.448512138711691e-06 -1.820069282892044e-05 2.552132280369737e-18)
(-7.007439825096329e-06 -1.817870170121166e-05 -1.056561135554486e-19)
(-7.178680836601552e-06 -1.787027939170651e-05 4.454440488028421e-20)
(-6.875184040629027e-06 -1.732554288846628e-05 7.939277323717266e-20)
(-6.04931443901318e-06 -1.65581023085816e-05 -6.552155660576647e-20)
(-4.706926212533907e-06 -1.55508140474948e-05 -3.873478223757128e-21)
(-2.915878176233157e-06 -1.426577567103203e-05 2.820208736457355e-22)
(-8.068755133171235e-07 -1.265855949620113e-05 -7.533527792988029e-21)
(1.435053792229422e-06 -1.069402642379165e-05 -2.986912445927202e-21)
(3.588408013846566e-06 -8.360169914127047e-06 7.025588902835327e-22)
(5.420059270227085e-06 -5.677418914496835e-06 -5.094602512430997e-21)
(6.713397341866212e-06 -2.702220740888867e-06 -3.263574666757893e-20)
(7.295601937976504e-06 4.750621461788803e-07 -1.569107463420914e-19)
(7.060257093780865e-06 3.737191587427423e-06 4.450586955750359e-20)
(5.982346992143648e-06 6.950896038757765e-06 -1.382961911237409e-19)
(4.123748470854713e-06 9.980176379947468e-06 7.497189384005399e-20)
(1.628466999816034e-06 1.2700584086465e-05 7.811379836868628e-21)
(-1.291918307270556e-06 1.501286557176423e-05 9.539392732506119e-20)
(-4.381013164020788e-06 1.685427171750414e-05 3.397481222772679e-19)
(-7.365960206799876e-06 1.820580921345826e-05 2.871194002436103e-18)
(-9.987921908293992e-06 1.909385142050872e-05 1.321771867893075e-19)
(-1.203066538187948e-05 1.958499316685215e-05 -5.627646445830929e-20)
(-1.334302374766992e-05 1.977399595872635e-05 -3.835236282607463e-20)
(-1.385177665964594e-05 1.976635085903806e-05 -9.390032381075369e-21)
(-1.356325449874702e-05 1.965899037143946e-05 -1.404149219657391e-21)
(-1.255445336804765e-05 1.952398549677752e-05 -1.463995853863504e-22)
(-1.095625312885111e-05 1.939909474047699e-05 -6.074492869695991e-23)
(-8.931619578673305e-06 1.928580113326299e-05 -2.165358853456057e-22)
(-6.652004416679265e-06 1.915324458094127e-05 -5.686508860539439e-22)
(-4.276945043207885e-06 1.894760072002999e-05 -5.390681463936211e-22)
(-1.941895329049927e-06 1.860696954962245e-05 1.146937451819051e-21)
(2.463715948323487e-07 1.807739482555444e-05 -3.301572856132572e-21)
(2.209180580439903e-06 1.732476539585107e-05 -1.342734803089273e-20)
(3.89239351638801e-06 1.633987598318766e-05 -4.415088335853251e-20)
(5.262039444087555e-06 1.513730805909833e-05 -1.288110292536501e-19)
(6.300665115818206e-06 1.375061778188845e-05 -1.793703481731324e-19)
(7.004884298826564e-06 1.222625470040416e-05 -1.798713192173709e-20)
(7.383817822741515e-06 1.061773142897651e-05 5.455556848310746e-20)
(7.457856556347328e-06 8.980655565097228e-06 1.049713784329161e-19)
(7.257314769824018e-06 7.368766913054331e-06 1.246282809727878e-20)
(6.820761830916757e-06 5.83089956307189e-06 9.399294616945281e-21)
(6.193008130310484e-06 4.408754404690101e-06 3.361525430915678e-20)
(5.422826990768119e-06 3.135382287507344e-06 -3.451207669322071e-19)
(4.560543230842061e-06 2.034306829327246e-06 -1.017048483055387e-18)
(3.65563812196627e-06 1.11923201998157e-06 -1.112431656584944e-18)
(2.754510804968196e-06 3.942734003839802e-07 -6.506139065274243e-19)
(1.898523359881977e-06 -1.453490272996898e-07 3.109244941981774e-20)
(1.122430670388776e-06 -5.122317546936536e-07 -4.520769822266516e-21)
(4.532670821221288e-07 -7.254094031862966e-07 1.567977779652171e-20)
(-9.027358919481802e-08 -8.087714747771107e-07 1.742246889419939e-21)
(-4.979624144470923e-07 -7.893713579886939e-07 1.258782815821e-21)
(-7.676936046611613e-07 -6.957224799220452e-07 6.08566457729264e-21)
(-9.047327797936347e-07 -5.561706412947137e-07 -6.793444647049912e-22)
(-9.20630654267264e-07 -3.974231272327582e-07 1.197625506107569e-20)
(-8.318894954640666e-07 -2.433033735786939e-07 -3.652796077383101e-19)
(-6.584770541712918e-07 -1.137821621727007e-07 1.049625297372436e-20)
(-4.222925361757206e-07 -2.430713617735639e-08 2.170413729702905e-20)
(-1.446929496318766e-07 1.385781979723881e-08 3.940834327567486e-21)
(-5.426868360495921e-07 -4.948002822174197e-06 8.57499735403964e-21)
(-1.644578086355559e-06 -1.156190287533894e-05 1.724353358749707e-20)
(-2.779776311809604e-06 -1.612186652478857e-05 3.048508922459627e-21)
(-3.950152573458168e-06 -1.91751103708511e-05 6.029868038859129e-21)
(-5.121225047548597e-06 -2.109549854840704e-05 2.372035799315216e-20)
(-6.220538350745417e-06 -2.21704536959794e-05 -1.428764509222358e-20)
(-7.140340070189988e-06 -2.26238774336928e-05 -1.171222562866346e-19)
(-7.747033791794672e-06 -2.262266744483977e-05 -1.851647519970741e-19)
(-7.898683209538529e-06 -2.227684536574952e-05 -5.15317191946356e-20)
(-7.470265879738237e-06 -2.16434108747509e-05 2.487835833648848e-18)
(-6.381070165554538e-06 -2.073136767702637e-05 7.741660265314921e-20)
(-4.619139622023122e-06 -1.950979927913769e-05 -1.30759401034629e-22)
(-2.258302219797139e-06 -1.792291213002437e-05 -9.827432390299092e-20)
(5.373787935831413e-07 -1.591033103438355e-05 -2.25765390791762e-19)
(3.524744778364824e-06 -1.342751916649657e-05 1.585133418745479e-19)
(6.406959784085141e-06 -1.046205385859915e-05 2.986204523774187e-20)
(8.868675662030215e-06 -7.043626364650773e-06 -1.070786493207264e-20)
(1.061516479514135e-05 -3.247249126113813e-06 -1.643021258648017e-19)
(1.140976304014061e-05 8.099477722580805e-07 5.317097004716233e-18)
(1.110479143596283e-05 4.977489855791865e-06 3.431268217697422e-19)
(9.662274426706745e-06 9.084752077703631e-06 -7.272408803070526e-19)
(7.162024045526214e-06 1.295715343430288e-05 -2.352883166517628e-19)
(3.796089630600605e-06 1.643368750725875e-05 -2.287338858707054e-20)
(-1.500015027241369e-07 1.93839267518545e-05 1.801610915706867e-19)
(-4.327397798536232e-06 2.172250537666766e-05 -5.142560834767889e-18)
(-8.362379611430973e-06 2.341906419955951e-05 3.071215903641888e-19)
(-1.189888821206552e-05 2.450177426781969e-05 -1.699598869356532e-18)
(-1.463992516956931e-05 2.505292005831796e-05 -4.698780537693479e-19)
(-1.63818879807872e-05 2.519575192277013e-05 6.471054807704749e-18)
(-1.70358383813885e-05 2.507323830494915e-05 -3.344328366224262e-20)
(-1.663119462894319e-05 2.482181681721669e-05 -4.603211543311399e-21)
(-1.530098685389829e-05 2.454637642078459e-05 -4.663256376780636e-22)
(-1.325242569526078e-05 2.430403336399836e-05 -2.102687796928312e-23)
(-1.072876030639488e-05 2.410024808033318e-05 2.739353763505666e-22)
(-7.968410798319531e-06 2.389380434293046e-05 2.502049902642154e-21)
(-5.171864504793725e-06 2.360933352584318e-05 1.353427170382512e-20)
(-2.489963946699205e-06 2.316134415530739e-05 3.846006222163627e-20)
(-2.697188400705916e-08 2.247868079919679e-05 6.931556910752677e-21)
(2.149704264633491e-06 2.15194398045797e-05 -3.421083065468173e-20)
(3.998690633970868e-06 2.027461542471838e-05 -1.921707891175782e-19)
(5.496422910928299e-06 1.876429062615259e-05 5.406238294468471e-18)
(6.632563780148773e-06 1.703075068555876e-05 3.448982878240094e-18)
(7.408187447509318e-06 1.513116717576741e-05 -1.701117409683396e-19)
(7.835267442373242e-06 1.313094796859997e-05 4.597254477497731e-19)
(7.936336166753342e-06 1.109804842767004e-05 5.808283933736294e-20)
(7.743722812337053e-06 9.098291580011139e-06 3.269188816714364e-20)
(7.29819164180549e-06 7.191653060091823e-06 3.659420495862535e-20)
(6.647034428333264e-06 5.429458335910286e-06 1.84380407394666e-19)
(5.841771328157514e-06 3.852437897498904e-06 1.389317321098184e-19)
(4.935648587203008e-06 2.489586077749302e-06 2.861448058699054e-20)
(3.98111681388421e-06 1.357757490083578e-06 8.777538482751321e-19)
(3.027458312311777e-06 4.619329217519434e-07 7.633474224247705e-19)
(2.118707323787061e-06 -2.039285311895974e-07 -4.883652627253205e-19)
(1.291974849247494e-06 -6.5554994510531e-07 -2.05364322624823e-19)
(5.762570061474456e-07 -9.166215321456317e-07 -5.448493954846245e-19)
(-8.233587623978841e-09 -1.016831767575502e-06 1.597697597284346e-20)
(-4.502102869884898e-07 -9.897686274558046e-07 9.036648029318907e-21)
(-7.469609036707967e-07 -8.708109045849457e-07 5.287465760453265e-20)
(-9.03565343167911e-07 -6.951207480098364e-07 -2.629125566310191e-19)
(-9.317696594284431e-07 -4.958373848609705e-07 1.631365735894471e-19)
(-8.486190952790729e-07 -3.025598808426203e-07 1.303786022663262e-20)
(-6.749648178143875e-07 -1.401908274000331e-07 -2.981096992063175e-21)
(-4.339820263917242e-07 -2.818438432042759e-08 -4.0178006239512e-20)
(-1.490141034855792e-07 1.884865129933903e-08 -1.729588819478113e-19)
(-5.447654504440232e-07 -5.383340098707307e-06 7.282926293323056e-20)
(-1.644116766164744e-06 -1.256408149599535e-05 2.225743348394382e-19)
(-2.762568774497456e-06 -1.751078202304884e-05 2.319478451301183e-20)
(-3.904571114718772e-06 -2.082411920144127e-05 2.535731074161317e-21)
(-5.047510724265174e-06 -2.291505181498642e-05 2.929541616049256e-21)
(-6.132509091230816e-06 -2.410235020103811e-05 -9.161748907195455e-21)
(-7.056888646769094e-06 -2.463727337595478e-05 -1.677462179979477e-19)
(-7.674138275529964e-06 -2.470471952166313e-05 -2.945611015321658e-18)
(-7.807630548609286e-06 -2.441595226366881e-05 5.277131838279117e-18)
(-7.284671946823466e-06 -2.381953591266365e-05 -4.258230904827079e-20)
(-5.978551961645026e-06 -2.29084712958889e-05 9.082157463556374e-20)
(-3.848603235417653e-06 -2.163182081404806e-05 -7.650389937430138e-20)
(-9.684878515967476e-07 -1.991628501273653e-05 9.602604646401921e-18)
(2.466906498734055e-06 -1.769104475573364e-05 7.897681588853872e-18)
(6.1577796402674e-06 -1.49091651156447e-05 4.72107127391793e-18)
(9.734017602442465e-06 -1.156277758004669e-05 2.704183426780035e-19)
(1.280081050764091e-05 -7.691572215393766e-06 1.860467391716662e-20)
(1.498802837165535e-05 -3.384884598052625e-06 6.610023564555399e-18)
(1.59969218532811e-05 1.222198486266969e-06 -1.552318974025695e-19)
(1.563870649319999e-05 5.958139673988222e-06 3.714947698609924e-20)
(1.386077861953525e-05 1.062880427097159e-05 -2.332480414812773e-19)
(1.075761048583996e-05 1.503463633120445e-05 -6.632646195874303e-19)
(6.565004677307629e-06 1.898956836079405e-05 -8.880402562067774e-20)
(1.637993963971972e-06 2.233976770434011e-05 6.548542993580476e-20)
(-3.585695239131199e-06 2.498012979440262e-05 1.847186598567971e-19)
(-8.633200902732679e-06 2.686639858239404e-05 4.237034965122928e-20)
(-1.305037885316414e-05 2.802095038623165e-05 -2.189449664200946e-20)
(-1.645608729351528e-05 2.85305970610817e-05 -6.492202952495131e-20)
(-1.858996585873919e-05 2.853520471058843e-05 -3.885874577661394e-20)
(-1.934581706449249e-05 2.820660819662785e-05 -9.42565311797978e-21)
(-1.87823421473176e-05 2.771887325452721e-05 -1.430470208237517e-21)
(-1.710543378633661e-05 2.721473319780392e-05 -1.265711673902783e-22)
(-1.462325427518518e-05 2.67787040091113e-05 1.630179445236905e-22)
(-1.168325056017869e-05 2.642797186963586e-05 1.182398947915297e-21)
(-8.601085910275212e-06 2.61172685518782e-05 8.857506660126383e-21)
(-5.602982921122998e-06 2.574947314022647e-05 4.692130896508952e-20)
(-2.826365703091985e-06 2.521613490995668e-05 1.390094105990097e-19)
(-3.442065236755436e-07 2.443307316900073e-05 4.402819572851774e-20)
(1.80863172450068e-06 2.335489060717715e-05 -4.062199942250489e-21)
(3.616289961086948e-06 2.197393714780315e-05 -4.283691391259095e-20)
(5.072163352617086e-06 2.031316517308104e-05 -1.286793060163073e-19)
(6.175937362968252e-06 1.841810033609281e-05 -1.794033465974016e-19)
(6.933897549912631e-06 1.634946021528963e-05 -1.831065372810147e-20)
(7.36004892742427e-06 1.417659332155277e-05 4.753971946356217e-20)
(7.476847745900139e-06 1.197174124382321e-05 3.247102637861828e-20)
(7.315136400220905e-06 9.805137226640741e-06 1.178980426123869e-19)
(6.913264174830333e-06 7.740986808123067e-06 3.26367008609548e-20)
(6.315537948787305e-06 5.834374372663972e-06 4.038300354345751e-20)
(5.570205447370585e-06 4.129082096041513e-06 5.626439420754807e-20)
(4.727179849054863e-06 2.656284251815826e-06 9.708033432627399e-20)
(3.835704614795973e-06 1.434062480479503e-06 -6.163961163420032e-20)
(2.942135239546477e-06 4.676664164685387e-07 -2.00886514143618e-20)
(2.087983322546444e-06 -2.495746979258757e-07 1.052369261612755e-20)
(1.308335906288999e-06 -7.348010375103674e-07 -6.068232314701921e-21)
(6.307258570623347e-07 -1.013758846698869e-06 1.558476496104102e-20)
(7.449242241000346e-08 -1.118661743280654e-06 1.780189540508778e-21)
(-3.493640238947607e-07 -1.085915818705167e-06 1.665526140227498e-21)
(-6.378632074551145e-07 -9.538420500077808e-07 8.616070818428399e-21)
(-7.953243870191399e-07 -7.605173466666316e-07 7.610741002518215e-21)
(-8.323341380382372e-07 -5.418405572395419e-07 5.057206972248548e-21)
(-7.645104969949317e-07 -3.299180634239781e-07 3.739210787381916e-22)
(-6.111778330244815e-07 -1.518574425411556e-07 -7.105024197614246e-22)
(-3.940744388824364e-07 -2.904350853682991e-08 -4.494863710735354e-21)
(-1.355832627162262e-07 2.199544357899832e-08 2.247170655540306e-21)
(-4.931898704066797e-07 -5.217831744539631e-06 -2.538521545392614e-18)
(-1.482483881484493e-06 -1.216872684147927e-05 1.630889949336783e-19)
(-2.476612984618747e-06 -1.695991166788917e-05 9.878973794023942e-20)
(-3.483965701462245e-06 -2.017972963531608e-05 1.277263315524829e-20)
(-4.498928500772277e-06 -2.223398898662e-05 2.989049091843981e-21)
(-5.487214287833338e-06 -2.344316210622401e-05 -2.270276762028567e-22)
(-6.366603107111832e-06 -2.406636202421757e-05 -1.318811181766451e-20)
(-6.988555424031727e-06 -2.428959848767114e-05 -1.294474887289387e-19)
(-7.134794157703794e-06 -2.419101853957245e-05 6.078061956943311e-20)
(-6.567505918783287e-06 -2.378581604208473e-05 1.146555447515007e-19)
(-5.097539890024094e-06 -2.303520243741863e-05 3.785814900286676e-18)
(-2.648358505737093e-06 -2.186510683758677e-05 3.572779741886989e-19)
(7.057157764420651e-07 -2.019260479878444e-05 4.583478006519509e-18)
(4.736411008556159e-06 -1.794878172655529e-05 -2.702197899562783e-18)
(9.087145924635727e-06 -1.509511942245382e-05 -1.90272787656176e-18)
(1.331753047575327e-05 -1.163417711131352e-05 -3.96787460459241e-19)
(1.695813168681084e-05 -7.615430935764762e-06 -7.448979399411686e-20)
(1.956832283079874e-05 -3.136468283235043e-06 -4.979271415255924e-20)
(2.07907689393225e-05 1.660572221575578e-06 -1.282750876757153e-20)
(2.039678664791933e-05 6.597318841704888e-06 -6.681484951262404e-21)
(1.831772451569517e-05 1.147187514826298e-05 -1.531032296226267e-19)
(1.465891075276213e-05 1.607507354452848e-05 4.196929269537517e-18)
(9.694392080648959e-06 2.020893979768961e-05 -8.823555420994206e-20)
(3.842509154082172e-06 2.370559966526466e-05 -6.4130430824384e-18)
(-2.375782691408854e-06 2.644455728718909e-05 1.118321328681493e-19)
(-8.392203975170383e-06 2.836619153207681e-05 -1.953720648769193e-21)
(-1.365493572865546e-05 2.947950300976384e-05 -8.898464555479554e-22)
(-1.769465812025692e-05 2.98625696280759e-05 -7.250451681441822e-21)
(-2.018576251318653e-05 2.965467409789691e-05 -5.551869800027838e-21)
(-2.099465547686754e-05 2.903938975231616e-05 -1.605183255122206e-21)
(-2.020515457792915e-05 2.821799298764142e-05 -4.359767531325915e-22)
(-1.810847164841235e-05 2.737365598789055e-05 1.327399038408216e-22)
(-1.514746996273547e-05 2.663299761082507e-05 1.031798157526086e-21)
(-1.181884199160429e-05 2.604388834922134e-05 1.589825943096555e-21)
(-8.543953557139244e-06 2.557874692206072e-05 9.520502317697242e-21)
(-5.544174004777072e-06 2.511556916769131e-05 4.369950938281919e-20)
(-2.897724496606123e-06 2.452145430326645e-05 -6.59674941159924e-18)
(-6.125749349465345e-07 2.370264536901735e-05 4.176099852872239e-20)
(1.325489746111658e-06 2.261209135790906e-05 6.137644549562964e-21)
(2.931463838269296e-06 2.124132647113915e-05 -6.511076403519887e-21)
(4.216376136909408e-06 1.961104000829453e-05 -9.957068949200838e-21)
(5.189349063214159e-06 1.776324601576989e-05 -6.46812053435918e-21)
(5.860980089188519e-06 1.575453517983338e-05 -1.024164340415894e-21)
(6.246056352075466e-06 1.365004741849451e-05 4.014365816236529e-21)
(6.365147045121668e-06 1.151806956468937e-05 7.171322389192204e-21)
(6.245120898743049e-06 9.425309186966799e-06 2.617431499671645e-20)
(5.918759844558523e-06 7.432978791241992e-06 9.580759494960715e-21)
(5.423680239787735e-06 5.593741336649537e-06 2.328798160269263e-20)
(4.800768382213225e-06 3.949527149012456e-06 1.354545607291233e-19)
(4.092333598969006e-06 2.530208162029319e-06 -1.095001829775765e-18)
(3.340168772393093e-06 1.353081647395169e-06 -4.962901463429594e-19)
(2.583684698116468e-06 4.230915265162304e-07 -3.091862744023222e-20)
(1.858252860058285e-06 -2.663060173954115e-07 -3.491315805532121e-21)
(1.193860145069022e-06 -7.317440097634291e-07 -7.423167774302534e-22)
(6.141413908600842e-07 -9.981415525640424e-07 8.066887924268203e-22)
(1.358249399733853e-07 -1.09663323613412e-06 -8.479297064275697e-23)
(-2.314042378623185e-07 -1.062370681924687e-06 -1.536740547053747e-23)
(-4.846482046774649e-07 -9.323297858997441e-07 7.91866352900961e-22)
(-6.271998254339835e-07 -7.432425569577441e-07 2.72895557254469e-22)
(-6.676895156990797e-07 -5.297532832807851e-07 -2.118502598630371e-22)
(-6.190812607502873e-07 -3.228810674857149e-07 -1.930443685193052e-22)
(-4.976231711690919e-07 -1.488696633823364e-07 -1.157359299244648e-22)
(-3.218167415665893e-07 -2.852392854335237e-08 -3.087635084777693e-22)
(-1.109888166887373e-07 2.178105723419418e-08 2.600218505513525e-22)
(-4.002775134281543e-07 -4.448228468720283e-06 2.338994746347004e-18)
(-1.19809648139145e-06 -1.038945487083151e-05 -4.3258626383074e-18)
(-1.989705116466989e-06 -1.450069467305581e-05 -5.633103994132976e-18)
(-2.787364162730758e-06 -1.728717618493594e-05 9.57017684131169e-20)
(-3.602332713146649e-06 -1.910899521951996e-05 2.54189289455975e-20)
(-4.432103083327858e-06 -2.026405361572371e-05 6.31018736951511e-21)
(-5.236329490736387e-06 -2.101209717008182e-05 1.609615843789236e-20)
(-5.888091609512411e-06 -2.154194241442246e-05 1.721564854634779e-19)
(-6.107000031683844e-06 -2.181519387544663e-05 1.220404038298608e-18)
(-5.558973212800404e-06 -2.17703114141557e-05 2.231263766032918e-19)
(-3.976248484072447e-06 -2.132338476122653e-05 3.3715860829902e-18)
(-1.251186806428039e-06 -2.03900609144457e-05 2.094108147708081e-19)
(2.530875058498906e-06 -1.890002617896836e-05 5.141775144111104e-18)
(7.103175864495766e-06 -1.68059454333327e-05 -1.095306172209648e-19)
(1.205441199077055e-05 -1.409018821230536e-05 -2.147451572771699e-19)
(1.688077478992529e-05 -1.077039043503151e-05 -1.010929343056028e-19)
(2.104685849386827e-05 -6.90344326957431e-06 -6.38536159123539e-20)
(2.404953200555067e-05 -2.587022743698818e-06 -1.820320490033557e-18)
(2.54785305591268e-05 2.042219366085035e-06 -4.094187310924309e-20)
(2.506760519842711e-05 6.814418996458575e-06 -1.569873953529497e-20)
(2.273076660196712e-05 1.153639304636751e-05 -1.161640837550088e-19)
(1.857958220755074e-05 1.600530969271844e-05 3.732590083095054e-18)
(1.291919627529866e-05 2.002516518785332e-05 -1.123081201855963e-19)
(6.222740701993402e-06 2.342451755014095e-05 9.896062604094836e-20)
(-9.141000918357241e-07 2.607345017340392e-05 7.992899261834058e-19)
(-7.834576510957428e-06 2.789754466823785e-05 1.915339259786911e-21)
(-1.38928858847804e-05 2.888681450575852e-05 -1.286241585849349e-20)
(-1.852998142316733e-05 2.909809033355311e-05 -3.523287896694596e-21)
(-2.134602541873504e-05 2.865017750404604e-05 8.440800747922836e-22)
(-2.216260262430554e-05 2.771201666333309e-05 -4.845692424935795e-22)
(-2.106755302276608e-05 2.648458573060834e-05 -1.085385017562338e-22)
(-1.843075799052695e-05 2.517651676541346e-05 2.010892339171032e-21)
(-1.486569581756522e-05 2.39714137247795e-05 1.057660509050078e-20)
(-1.11034376049559e-05 2.29902422946562e-05 4.257303589426854e-21)
(-7.759151765405776e-06 2.230110953504658e-05 7.607821732626689e-21)
(-4.963900742523944e-06 2.173250137755406e-05 -6.460109072645451e-20)
(-2.657551936958253e-06 2.111500593677748e-05 -2.474846320372138e-18)
(-7.493357282832569e-07 2.034222155223794e-05 -7.82202918476205e-20)
(8.28627166063467e-07 1.936136909986425e-05 1.341197541997438e-21)
(2.117553530029369e-06 1.815770087772346e-05 -3.338967126776197e-21)
(3.141270483994485e-06 1.67439448366417e-05 -3.889890222737794e-21)
(3.915065482486789e-06 1.515263593169711e-05 -2.667001444307597e-21)
(4.451693256751418e-06 1.342970561453959e-05 -1.716721403803953e-21)
(4.7650683419353e-06 1.162900871269461e-05 -9.342897609723371e-22)
(4.872317212244702e-06 9.807519927609778e-06 -2.633918428776068e-21)
(4.794656210894022e-06 8.021199909784889e-06 2.913812578585848e-21)
(4.557400415918173e-06 6.321603501113879e-06 3.650233975687776e-21)
(4.189338847814753e-06 4.753211039408632e-06 4.954005499222862e-20)
(3.721668058354229e-06 3.351508964552689e-06 -8.644126122945608e-19)
(3.186658873738845e-06 2.141807196749836e-06 5.322269162306838e-20)
(2.616217513145723e-06 1.138757043352324e-06 -1.028011231575034e-19)
(2.040479706016799e-06 3.465103748212625e-07 -2.297597270195902e-20)
(1.486554116839089e-06 -2.405572315150378e-07 -1.948404054309013e-21)
(9.774950592884727e-07 -6.366594489253018e-07 8.600564981503574e-22)
(5.315584625620144e-07 -8.630607178187208e-07 -7.162646221488502e-22)
(1.617681758105463e-07 -9.463070384849019e-07 -1.500058616984416e-21)
(-1.242035202873209e-07 -9.163488105558e-07 -1.027099763502523e-21)
(-3.23858317268378e-07 -8.046743208696785e-07 -7.969880852488937e-22)
(-4.394365158401576e-07 -6.42556802588816e-07 8.604549444553768e-23)
(-4.772891444103757e-07 -4.595002141853839e-07 1.400870137019393e-22)
(-4.471516958817583e-07 -2.819397046059104e-07 -4.018570205690569e-22)
(-3.614211779289509e-07 -1.32234862106964e-07 1.160947983959097e-22)
(-2.344444599546242e-07 -2.801614776488156e-08 5.370622234153044e-22)
(-8.128488685407178e-08 1.705974008483742e-08 1.948188618196083e-22)
(-2.791276341087418e-07 -3.148743846471957e-06 -9.556179864802827e-20)
(-8.311013176866278e-07 -7.42271164335187e-06 -2.056630891067879e-19)
(-1.371622949086423e-06 -1.041118686253076e-05 4.886718562060633e-20)
(-1.915895678128465e-06 -1.246891738090547e-05 1.082291908089763e-19)
(-2.484209952738868e-06 -1.387408568426576e-05 2.517633969119656e-19)
(-3.103020542945777e-06 -1.488867228383386e-05 -2.207819933316418e-20)
(-3.804445459498762e-06 -1.580228189036748e-05 -1.307555075410744e-20)
(-4.554358349355761e-06 -1.691932563122056e-05 -2.385011549849959e-19)
(-4.936171076254381e-06 -1.781178320760593e-05 1.588881691961762e-19)
(-4.468116850722768e-06 -1.827567600485441e-05 -5.339429831809432e-19)
(-2.807752648756865e-06 -1.821313432209121e-05 1.030469839857875e-17)
(1.557711881978834e-07 -1.757959072195506e-05 -5.16413780350229e-20)
(4.31004187031233e-06 -1.635420189802011e-05 2.017512604449327e-19)
(9.348775951276492e-06 -1.453241214892376e-05 3.143141021026827e-19)
(1.481416200254e-05 -1.212685779886276e-05 3.645311427474794e-20)
(2.015124182482529e-05 -9.171156949627974e-06 -1.101554944449668e-19)
(2.4771411274431e-05 -5.724250804026122e-06 -8.909105502424988e-20)
(2.811992687245472e-05 -1.873863976243088e-06 -9.076776424217317e-19)
(2.974104888614666e-05 2.262157610444606e-06 -1.77422481707099e-20)
(2.933408341476446e-05 6.537687093818617e-06 -1.129048548721196e-19)
(2.679430158063602e-05 1.078408415175909e-05 2.350203726191475e-19)
(2.223397804646194e-05 1.482007073021815e-05 4.934369179187005e-19)
(1.598060031563668e-05 1.846514460479012e-05 9.319049991683733e-20)
(8.551352496165374e-06 2.155520973938464e-05 1.614248322455575e-20)
(6.053342241625452e-07 2.395837529977794e-05 8.337745853764588e-20)
(-7.12260641551549e-06 2.558858133780515e-05 -1.265539324357941e-20)
(-1.390045923869683e-05 2.641483462321407e-05 -4.038709893361816e-21)
(-1.908258493930502e-05 2.646432749652677e-05 7.524227482006259e-21)
(-2.219028732812218e-05 2.581856506239568e-05 2.119580758273961e-20)
(-2.298264943721945e-05 2.460295491608748e-05 3.54062421819663e-21)
(-2.151442428160706e-05 2.297270994197111e-05 3.089857441680287e-20)
(-1.818389171913837e-05 2.110287583467763e-05 1.992279410967663e-20)
(-1.377210924427205e-05 1.920021746321977e-05 9.946577409119513e-20)
(-9.385397756714493e-06 1.752858732166282e-05 2.61853822595161e-20)
(-6.158061522863875e-06 1.655699002908219e-05 6.343152558400065e-20)
(-3.829446456925039e-06 1.5914765774689e-05 3.171019163809584e-20)
(-2.074008138047657e-06 1.535032360053777e-05 -1.670445649539717e-19)
(-6.916842512790476e-07 1.472919319634933e-05 -9.630209924035958e-20)
(4.209088793052582e-07 1.398635194482974e-05 -3.259181047109913e-20)
(1.316153102681912e-06 1.309813136654743e-05 -1.885196700389097e-20)
(2.021812023533971e-06 1.206743259284018e-05 -1.917691426095249e-20)
(2.554159429249414e-06 1.091444824815376e-05 -1.56980566102692e-20)
(2.924919015671358e-06 9.670360091169374e-06 -9.619001573582981e-21)
(3.145076097014945e-06 8.372685597215698e-06 -1.00845694180332e-20)
(3.226909937012945e-06 7.061512535484586e-06 -5.447049321446405e-20)
(3.184933876789744e-06 5.77642937463175e-06 -7.013199262561892e-21)
(3.036098358196035e-06 4.554040829973934e-06 5.053231211291523e-21)
(2.799498609300059e-06 3.426020871071802e-06 3.64657117946549e-20)
(2.495755188182749e-06 2.417703755919933e-06 7.756061497083157e-20)
(2.146183903771839e-06 1.547200178087489e-06 1.250273737269439e-18)
(1.771872819451284e-06 8.250190064355107e-07 -4.765939157342946e-20)
(1.392768810470056e-06 2.541585314383172e-07 -5.686364499753069e-21)
(1.026855386896731e-06 -1.693882745311295e-07 2.879681460915324e-22)
(6.894761106903758e-07 -4.557890791097871e-07 1.572487434859203e-20)
(3.928406505626083e-07 -6.202709792705208e-07 1.743409818037144e-21)
(1.45731136311656e-07 -6.818509078794922e-07 -1.182244264479978e-20)
(-4.658971875350429e-08 -6.619867151188717e-07 -7.633582012978653e-21)
(-1.82279121690109e-07 -5.832370589632435e-07 -1.202257716136913e-20)
(-2.626497905511239e-07 -4.6800233287014e-07 7.018621593258064e-22)
(-2.917864349727276e-07 -3.374117331774395e-07 2.128156833836758e-21)
(-2.761184152136244e-07 -2.103909512963197e-07 -1.848997303818871e-21)
(-2.24065494791939e-07 -1.029033608177449e-07 1.502939503763617e-21)
(-1.4578330384703e-07 -2.732631342172308e-08 7.088327954572679e-21)
(-5.212404852883304e-08 7.684208073717533e-09 8.157169374492092e-22)
(0.06612012428301209 0.01546349203290928 1.37742097567111e-17)
(0.06160345844634459 0.01324980608733943 2.428197343221367e-18)
(0.05277201168806876 0.01138504622610502 -1.749119276719783e-18)
(0.04145770564623861 0.01016220636599659 -7.095447863068388e-18)
(0.02986547727895763 0.009287629723633598 1.361819878792589e-18)
(0.01989350232415594 0.008394699168381758 1.496079722037099e-17)
(0.01183107460925626 0.007519068440649668 6.999791714530938e-18)
(0.00882068774658356 0.007470003063052609 1.702632807489566e-17)
(-3.804877714460621e-06 -1.299925334014365e-05 -5.749051882917207e-19)
(-3.44042948795248e-06 -1.400765451643055e-05 1.027360943064184e-17)
(-1.713114268571143e-06 -1.429211877973079e-05 6.684152504377688e-18)
(1.447140884893935e-06 -1.393043817091936e-05 5.22590495169342e-18)
(5.894521813623772e-06 -1.298403128971969e-05 6.314796374221666e-19)
(1.129246870188241e-05 -1.150262727071149e-05 -1.05155111890785e-17)
(1.715207386829808e-05 -9.530643867401885e-06 2.596227406913109e-19)
(2.288432932928599e-05 -7.113383193897834e-06 -7.55998018334712e-19)
(2.786335092725984e-05 -4.303545820222776e-06 -9.647121959202857e-20)
(3.149557412707171e-05 -1.167793546094881e-06 -1.029768202148888e-20)
(3.328812831083529e-05 2.207680054431985e-06 -4.643465158539499e-18)
(3.290918735567722e-05 5.714153185621068e-06 -5.34807551905784e-19)
(3.023350724272412e-05 9.22121601276254e-06 1.356885291497103e-18)
(2.536775278413634e-05 1.258226350887563e-05 1.232812861661591e-19)
(1.865183234720479e-05 1.564440473611484e-05 1.600013471950202e-20)
(1.063462439014357e-05 1.826149662134625e-05 3.306089717532765e-20)
(2.025111043374266e-06 2.030818004348611e-05 1.026043268226962e-18)
(-6.37710818492121e-06 2.169246780271434e-05 2.798536121455481e-20)
(-1.376549553979561e-05 2.236457513299372e-05 1.317518146494226e-20)
(-1.941610060162205e-05 2.231995016231583e-05 4.408530137219526e-19)
(-2.27737909859237e-05 2.159479459970005e-05 1.550751706836769e-19)
(-2.352655021056841e-05 2.025263185366499e-05 5.161397376086168e-20)
(-2.166168864118322e-05 1.836115531513721e-05 -9.360838218243778e-19)
(-1.750668083968197e-05 1.596296656241301e-05 1.27369925714662e-19)
(0.007205468591687747 -0.006645708144003216 -7.504739960296318e-19)
(0.009864615797859211 -0.006632464362481924 1.692264944610523e-18)
(0.01685549151493339 -0.007258014519833064 2.661320873310242e-18)
(0.0250664098716511 -0.007926475817018497 1.764753484761023e-18)
(0.03410917925898618 -0.008192211106426614 2.436929349082052e-18)
(0.04262695216352649 -0.007584681782004592 1.439831784025963e-18)
(0.05004916482633384 -0.006158000910427539 4.188158641642252e-18)
(0.0557325424672879 -0.004273023513312327 1.469272253068397e-18)
(0.05943811808080158 -0.002432386588686587 4.796077163483413e-18)
(0.06144622453363411 -0.001051886766428699 1.452380269834289e-18)
(0.06232445484759689 -0.0002407190459850343 1.462379132258384e-18)
(0.06258651434786994 0.0001289801660560562 1.314430222295383e-18)
(0.06256591159779763 0.0002408771878929394 2.11872920158299e-18)
(0.0624438102088187 0.0002334449038887088 1.146431797388498e-18)
(0.06230641546511768 0.0001845289887363364 1.195158102685703e-18)
(0.06218820275622728 0.0001296174879628236 1.148568232642287e-18)
(0.06209826349742199 8.1884443651768e-05 7.53486293910355e-19)
(0.06203481521532016 4.467001720556444e-05 2.823407236736404e-19)
(0.06199250559950149 1.751724139817298e-05 2.990055635585392e-19)
(0.06196569010890709 -1.234287121219563e-06 5.357411734956185e-19)
(0.06194963193337565 -1.342260921382341e-05 2.830565311380632e-19)
(0.06194075669175615 -2.069624740991312e-05 7.657549434362314e-19)
(0.06193653724128271 -2.441500194115731e-05 7.865376701664004e-19)
(0.06193528563067519 -2.56591147470522e-05 1.28273526711706e-18)
(0.06193597540588196 -2.536449659568752e-05 1.370017029276764e-18)
(0.06193808706380758 -2.474544703331774e-05 3.967649441751459e-19)
(0.06194133292857849 -2.580600143226611e-05 2.558862127346021e-19)
(0.0619445182045346 -2.992608479530558e-05 2.082801193493993e-20)
(0.06194682494231384 -3.096764128320402e-05 4.83814549447479e-19)
(0.06194753222102749 -1.374458773051881e-05 2.420130057498752e-19)
(0.06209962473304042 2.765626881555972e-05 3.331726755349345e-19)
(0.06183604692319262 7.752785876854868e-05 1.217585537391373e-19)
(0.1007161336830062 0.02316602723119139 4.198380271698932e-18)
(0.09661859303533156 0.01646776034185686 4.464319765487139e-18)
(0.07833820860397804 0.009397993261276237 -2.43237678938676e-18)
(0.06026919058755442 0.008830357525126561 -2.380111721380334e-17)
(0.04309780463859495 0.008626086646840923 -1.734628189774027e-18)
(0.02858090370833184 0.006426531752073447 3.951129039235543e-18)
(0.009545935309467079 0.006748929564356656 6.133115100451313e-18)
(0.008651776331720084 0.01063554786665163 9.723003296709522e-18)
(-2.836104782718944e-06 -8.405280390058785e-06 -1.797762319956558e-19)
(-2.524486296472551e-06 -9.738216688521747e-06 -1.577016649267731e-19)
(-7.362592382778588e-07 -1.018323113423456e-05 -2.758491952785403e-19)
(2.555060450435895e-06 -9.978817076081604e-06 6.374435441865187e-19)
(7.181919573133119e-06 -9.266468911300701e-06 3.098512633626654e-19)
(1.279530858462434e-05 -8.142844755926497e-06 -3.157435300259519e-18)
(1.889582588431981e-05 -6.676066600734857e-06 -2.797801768658677e-20)
(2.488069180873673e-05 -4.914121265747837e-06 -9.158270107329676e-20)
(3.010420524395332e-05 -2.893358952414356e-06 4.857979450685141e-20)
(3.394707337453159e-05 -6.486170211420905e-07 -2.362758888720906e-20)
(3.588734674226258e-05 1.776446033477098e-06 -1.306968868236667e-19)
(3.55648027332298e-05 4.32100451407515e-06 -1.940731182580785e-20)
(3.283141230501314e-05 6.90291518343504e-06 7.555742555936576e-20)
(2.778157984185698e-05 9.420060006719538e-06 -2.33602572399642e-18)
(2.075740496786452e-05 1.175694487093402e-05 -1.309344819557782e-19)
(1.232645479063831e-05 1.37950043692772e-05 -1.328670421026184e-20)
(3.232737679954162e-06 1.542435098910973e-05 -2.003338928094224e-20)
(-5.675026881721799e-06 1.655469839252719e-05 -4.242740162819586e-20)
(-1.353090725359635e-05 1.712334784168728e-05 2.044564726003878e-20)
(-1.954589848256541e-05 1.709816526809099e-05 8.367053132321103e-22)
(-2.309834485853804e-05 1.64731217274644e-05 1.903032340125915e-20)
(-2.38096141053078e-05 1.525227646907105e-05 3.116535903315299e-21)
(-2.159260093290063e-05 1.341204321356291e-05 3.058570748921262e-20)
(-1.665306186897191e-05 1.080969371051142e-05 1.099211626679e-20)
(0.007158303885792119 -0.009362385371334266 2.12493751378735e-18)
(0.007446299515962045 -0.006289150124936962 1.587719354240217e-18)
(0.02434140509778959 -0.005640308366188236 1.368312924130929e-18)
(0.03597940339358702 -0.00779570185225284 5.442877420244534e-19)
(0.04927043125964142 -0.008461679936964218 6.014726243502975e-18)
(0.06179971647091748 -0.007775860995664774 2.537875198868603e-18)
(0.07278558182070077 -0.006144285148416324 1.322897232276062e-18)
(0.08111735520373785 -0.003917337946536564 1.400253392925965e-18)
(0.08630401518095887 -0.001801725743363221 1.134922796864262e-18)
(0.08893139786003754 -0.000412952064063086 1.197007714995115e-18)
(0.09000956737692048 0.0002482863935844335 1.086722500165257e-18)
(0.09028300012663489 0.0004421422122233643 1.076604119765449e-18)
(0.090202304325104 0.0004170860734527538 8.360844668132392e-19)
(0.09000502762611429 0.0003230455423832457 9.192676452194402e-19)
(0.08980015571064326 0.0002241051060778016 9.06153538092374e-19)
(0.08962953328344128 0.0001409467949241969 8.212469066785733e-19)
(0.08950201090602578 7.687489016642122e-05 4.160492183649911e-19)
(0.08941319437664669 2.995389940183615e-05 6.152115954383701e-20)
(0.08935467548517091 -2.940075576666772e-06 2.067019633626289e-19)
(0.08931812368204262 -2.484362368767945e-05 4.129580001396042e-19)
(0.0892966942413462 -3.835802028665331e-05 5.108704226749641e-19)
(0.08928526877507864 -4.561800744348434e-05 5.323906387791355e-19)
(0.08928024548760492 -4.835330744537669e-05 3.941353726443924e-19)
(0.0892792161843083 -4.791765497881165e-05 3.604794104858521e-19)
(0.08928068993340119 -4.529195263040022e-05 4.018124605490933e-19)
(0.08928399102547305 -4.148857140377829e-05 5.335864475214813e-19)
(0.08928928536149799 -3.931207934391854e-05 1.930928883839586e-19)
(0.08929635298409545 -4.562667766398997e-05 -1.213048595625242e-19)
(0.08930380412046833 -6.438151492317531e-05 7.757796915979616e-22)
(0.08929213238503138 -6.12798725922016e-05 2.57951716254862e-19)
(0.08932114361795196 6.67239948487099e-05 1.872018701076459e-19)
(0.08931420401909244 0.0001635532455196025 1.292886414256204e-20)
(0.1033047514487344 0.02671593300896124 3.760693433176197e-17)
(0.102148459382103 0.03789568103999058 4.258225668492042e-17)
(0.08708195561072336 0.03988676363001204 1.720067830218827e-18)
(0.06819979002885963 0.04001352603674693 -4.864134316961125e-18)
(0.04834535503177356 0.03802028531247583 3.412059715085939e-17)
(0.03101526263252164 0.03341817043575921 2.739386166417005e-17)
(0.007599191279243196 0.02778612616996563 4.179456132347339e-17)
(0.008929535652214287 0.01890259784874103 2.687419472426497e-17)
(-2.093689098115262e-06 -5.078256551572027e-06 -1.444116716727505e-19)
(-1.713119005112163e-06 -6.106830048246362e-06 -1.226926396984113e-17)
(1.212664390475363e-07 -6.415765548206708e-06 8.275985520965321e-19)
(3.447035255371711e-06 -6.212665859909542e-06 -1.016514879071801e-17)
(8.104305295332515e-06 -5.65927303304006e-06 -1.071016361737108e-17)
(1.37568133139563e-05 -4.87506284575388e-06 2.11969178964063e-19)
(1.991918370152727e-05 -3.938218171702697e-06 1.946495702971716e-20)
(2.599684073630298e-05 -2.888762087734e-06 1.211549312285648e-20)
(3.134125968954227e-05 -1.737020721302956e-06 2.537934792664615e-19)
(3.531888371288055e-05 -4.773091561971455e-07 -1.655209630529481e-19)
(3.738486819099621e-05 8.964446175350766e-07 5.218679145448404e-18)
(3.715210538025567e-05 2.377040062339969e-06 2.774006635787423e-18)
(3.444723853258599e-05 3.935723103648189e-06 2.008116806242498e-18)
(2.934636272852731e-05 5.520583072454645e-06 -6.884659645690373e-20)
(2.218446127761307e-05 7.060524216818747e-06 -1.742179492853222e-20)
(1.353532344212666e-05 8.472686026672789e-06 -5.002344008805526e-20)
(4.16275309157027e-06 9.671235153056257e-06 -1.105782692253583e-18)
(-5.052588787843315e-06 1.057587621546767e-05 -2.99321881647911e-19)
(-1.32033663707001e-05 1.111865751936151e-05 2.148333817902072e-19)
(-1.945338035683284e-05 1.124751936032193e-05 7.876733942684543e-19)
(-2.313262134208275e-05 1.092456107210094e-05 -7.910580783348954e-21)
(-2.381941120221183e-05 1.011603358243296e-05 -1.769209945379306e-21)
(-2.140134042902947e-05 8.769321224394791e-06 -1.571550886011137e-21)
(-1.611175962827616e-05 6.772094954750167e-06 -2.248501296156272e-20)
(0.007602577092300999 -0.01657034024252806 3.125104812240713e-18)
(0.006202941984863256 -0.02406892513495686 9.615988259012765e-18)
(0.02797753994005991 -0.02787858045495983 9.235681367959956e-18)
(0.04296088973725933 -0.03085822951109569 5.490458702985801e-19)
(0.06010908959895346 -0.03113754286779188 1.626529151477752e-18)
(0.07621640444663791 -0.02855024344562147 5.203706975406133e-18)
(0.09030756197571949 -0.02336594516990178 6.088401715615882e-18)
(0.1006783454090048 -0.01627189367505339 9.489048528012705e-18)
(0.1064628147051666 -0.009318316476739827 5.943488206372278e-18)
(0.1087663156548171 -0.00435863293028046 6.399381344681574e-18)
(0.1093187226077224 -0.001510861145278347 6.185890702568817e-18)
(0.1091590306154921 -0.0001403398967826551 6.582558215037106e-18)
(0.1087876395015375 0.0003885972321193736 6.267713404728239e-18)
(0.1084150895368877 0.0005098854592840402 4.118205540289858e-18)
(0.1081114349206771 0.0004618923652805228 5.803571967492847e-18)
(0.1078889935443135 0.0003618570002084119 6.362392849835298e-18)
(0.1077363891008615 0.0002608330919473046 2.031694963023318e-18)
(0.107636551400666 0.0001770847668450222 -3.10848057822428e-19)
(0.1075737295641908 0.0001140134946016216 1.090720163480725e-18)
(0.1075357273182064 6.920227062665598e-05 4.253807486893113e-18)
(0.1075138811831493 3.863022794036382e-05 3.083917900637781e-18)
(0.1075023381927107 1.841431560155674e-05 3.154400862059305e-18)
(0.10749726265805 5.365600711307502e-06 1.880097183405393e-18)
(0.1074962064306897 -2.960014526746361e-06 1.495325522073914e-18)
(0.1074976986230105 -8.432438092212677e-06 2.967905573799565e-18)
(0.1075009885820888 -1.272941516731924e-05 4.18339554289845e-18)
(0.1075056689076836 -1.798992940123157e-05 1.237549080358541e-18)
(0.1075098163410461 -2.686270314377371e-05 -1.886985972186366e-18)
(0.1075099428561785 -3.826209467166294e-05 -5.220482860053379e-19)
(0.1074960173471002 -3.695666253011166e-05 2.077916916290697e-18)
(0.1075102725927057 1.508741363065868e-05 1.357559748760024e-18)
(0.107583860857123 4.486619813597528e-05 -3.126691908433294e-19)
(0.1016415389259174 0.02188421873713378 7.41288654562917e-18)
(0.1001119928243026 0.04278827417277466 6.95425380638976e-18)
(0.087686618618129 0.05266963611652035 -3.74701763576348e-17)
(0.07023338401180426 0.05623989146924521 -2.659534371241724e-17)
(0.05049933866022736 0.05491526487913561 2.220762651436804e-18)
(0.03299808172960877 0.04925917638075913 9.654026584902749e-18)
(0.009904510815464548 0.04000873446237049 9.899133356252989e-18)
(0.009465418830842301 0.027912403180424 1.089709085619568e-17)
(-1.436351192284947e-06 -2.786127033622401e-06 -8.408314049824823e-19)
(-9.570531800794785e-07 -3.291912657493734e-06 3.597377925313566e-19)
(8.670518540834088e-07 -3.305575218472134e-06 -7.516068888623642e-18)
(4.099579381395754e-06 -3.000897305056177e-06 4.067351199666625e-19)
(8.611514313880061e-06 -2.543978778504243e-06 7.702090109202844e-18)
(1.410629382301437e-05 -2.065466471018809e-06 -2.522134099480495e-19)
(2.01399791516111e-05 -1.645377048996397e-06 1.062876474027024e-21)
(2.614901426259073e-05 -1.308775080981163e-06 4.830314908457397e-21)
(3.149615264492166e-05 -1.033275669374265e-06 4.839620796119518e-20)
(3.554060250339063e-05 -7.677798861843201e-07 -2.370872939814103e-19)
(3.771729267161008e-05 -4.54574241240055e-07 -8.951384136826824e-20)
(3.761219765908638e-05 -4.766930931888666e-08 1.154253493814393e-19)
(3.502478854914594e-05 4.771727334395605e-07 6.566617814849983e-20)
(3.000899311610215e-05 1.119931469617096e-06 3.452751570800926e-21)
(2.288573711700052e-05 1.858236013201585e-06 1.461136533679151e-21)
(1.42241682157037e-05 2.651270276839536e-06 -5.438045578829469e-22)
(4.793010915053048e-06 3.444541335082449e-06 -3.468307231194142e-20)
(-4.513227119623715e-06 4.175064242581883e-06 1.909320377882493e-20)
(-1.276585614202932e-05 4.776449547665759e-06 3.723635107831447e-20)
(-1.910237272857458e-05 5.183030685577961e-06 -4.157434258608781e-21)
(-2.28259598675281e-05 5.331748348668319e-06 8.586868914697772e-22)
(-2.349554650483618e-05 5.160346442536915e-06 9.186744319973391e-22)
(-2.100144835912813e-05 4.60151494690599e-06 7.310332125104008e-21)
(-1.562960473257963e-05 3.57806871241099e-06 -1.633760988156682e-20)
(0.008154617313519838 -0.02484703769231118 2.808268631377125e-18)
(0.008173144119883289 -0.03566751613575152 2.550328816198241e-18)
(0.0307884411148258 -0.04273281997162426 2.363613676565396e-18)
(0.04688634138694296 -0.04683691833515411 -2.810937027836283e-18)
(0.0658789084127348 -0.04713335697178791 6.077092563190483e-18)
(0.08400532761724636 -0.04320555953856608 3.527702843257015e-18)
(0.1001162593888548 -0.03514401708479531 1.117334931878508e-18)
(0.1116501461963388 -0.02357120125582027 1.788255229188535e-18)
(0.1170500535810694 -0.01231589320308756 9.778638752298941e-19)
(0.1182917653859053 -0.004903992399407913 1.360412071214031e-18)
(0.1181408454071463 -0.001132851945204112 1.948914872188283e-19)
(0.1177391325394086 0.0004314002002820043 5.85669617745596e-18)
(0.1173808327589143 0.0008937295198609111 2.819916686230065e-18)
(0.11711434876928 0.0008898091584000666 1.235308209125241e-18)
(0.1169258950721286 0.0007242380065035252 6.690029021532515e-19)
(0.1167991093330183 0.0005318131610581117 1.562805778985503e-19)
(0.1167169604742331 0.0003645415782711749 3.294832376968582e-18)
(0.1166655663327778 0.0002359556291374247 6.267337819867859e-19)
(0.1166344649731236 0.0001437466115262299 -2.345103852978e-19)
(0.1166164517078572 8.060263156054872e-05 5.290914544490419e-19)
(0.1166067910752776 3.887245153849968e-05 5.36984777328592e-19)
(0.1166024336118487 1.217765190361476e-05 6.850012186037589e-19)
(0.116601416537548 -4.32694218239164e-06 7.117319194172229e-19)
(0.1166024702034379 -1.418492869624624e-05 7.540238691723073e-19)
(0.1166047803704927 -1.999780660271253e-05 7.320260709327056e-19)
(0.1166077689327395 -2.379694112832046e-05 2.221718337372425e-18)
(0.1166107547921627 -2.736243299820762e-05 -5.682634127520181e-19)
(0.1166117320046366 -3.208808596266438e-05 -1.878060929570683e-18)
(0.1166088620609008 -3.728499425384286e-05 -6.5795785243965e-19)
(0.1165999373564069 -3.741673253344057e-05 7.7567435167192e-19)
(0.1166154124771541 -2.129392834271061e-05 5.137793924867843e-19)
(0.1166948557224859 -9.801481958429849e-06 -1.051043293676109e-19)
(0.1007927989993034 0.02193830124307372 3.681014193165166e-17)
(0.09727779482356186 0.05060321788505822 2.899156279989734e-17)
(0.08541822039726786 0.06742940799491126 2.750957223296966e-19)
(0.06893130008442844 0.07479860658927409 -3.168169180308654e-18)
(0.04997276026256922 0.07438240400400865 2.559372046287943e-17)
(0.0328817878367445 0.06727052952309169 4.416411120773696e-17)
(0.01087151485655624 0.05386352304783954 2.377804626703384e-17)
(0.009966172714470404 0.03754557171980292 7.809127291064124e-18)
(-8.352724736853528e-07 -1.250444885574509e-06 6.76996692000991e-20)
(-2.645806334517289e-07 -1.284261085894925e-06 -3.81199002693858e-21)
(1.473569925379559e-06 -1.003454646925431e-06 8.598660524125758e-20)
(4.472411405862659e-06 -5.804213554921889e-07 7.470408042818939e-21)
(8.654153799154268e-06 -1.928426065483241e-07 -2.924350318737635e-19)
(1.379104556643168e-05 1.580250237956382e-08 -1.271933584085621e-20)
(1.951256134091967e-05 -3.751460669887408e-08 1.406828668631255e-19)
(2.531082199375102e-05 -3.629825845564245e-07 6.377931872803995e-20)
(3.056660299770981e-05 -9.032236346704758e-07 2.765282371758012e-19)
(3.46303323565493e-05 -1.561439338652881e-06 -1.552031139299753e-18)
(3.691410407739631e-05 -2.233151812091466e-06 2.864272587813278e-18)
(3.697631238059858e-05 -2.826443211812781e-06 1.751591799174283e-19)
(3.459046249095366e-05 -3.269242709262165e-06 3.267258790715203e-20)
(2.978876097282836e-05 -3.510843122968114e-06 1.173062783692352e-19)
(2.287473539662466e-05 -3.522649082780523e-06 3.001405134579964e-20)
(1.440411612038065e-05 -3.299200072892725e-06 1.170164228886885e-20)
(5.136298751639082e-06 -2.85863639570155e-06 1.188404470762177e-21)
(-4.038973902982176e-06 -2.241702523579425e-06 1.211050198077965e-20)
(-1.219304352115692e-05 -1.509006675306265e-06 1.029382578340504e-20)
(-1.845966174691179e-05 -7.369078473988609e-07 3.906328558171016e-21)
(-2.213746488216812e-05 -1.280542565450129e-08 1.35362783990543e-20)
(-2.27859385104467e-05 5.695597416120702e-07 1.041871327445274e-20)
(-2.031027316855456e-05 9.157582623285643e-07 1.659140254535786e-19)
(-1.503519806940641e-05 9.426638805469772e-07 -1.307776484276752e-20)
(0.008334071384562054 -0.0339043317791893 3.021604497645569e-18)
(0.008752530778462938 -0.04897277819939496 1.002153298545981e-17)
(0.03093430894722888 -0.05988420010204561 7.304216033098625e-18)
(0.04700471004245916 -0.06584541694681628 6.350224772511627e-18)
(0.06643162610697867 -0.06661441112029634 6.225685111292048e-18)
(0.08542140230025802 -0.0614573840324005 7.302125834061793e-18)
(0.1029506730733263 -0.05006745430582133 1.422165622601513e-18)
(0.1150655074933077 -0.03230256371658138 8.398861610034777e-18)
(0.1189944478896788 -0.01510473103860894 9.60908800503015e-19)
(0.1182162332941004 -0.004982534504645915 4.249388270148669e-18)
(0.117105852845696 -0.0006794990473109991 1.044803045431072e-18)
(0.1165950831802483 0.0007827127681931013 6.134245411256122e-18)
(0.1164411517993724 0.001092165994452311 4.776100691562862e-18)
(0.1164299478787809 0.0009955119847244252 3.77891930999952e-19)
(0.1164568944173628 0.0007800695800169403 -7.427591100807902e-19)
(0.1164903862455155 0.0005598997460816628 1.682536788935771e-19)
(0.1165199468135567 0.0003768788153564824 2.095897430339595e-18)
(0.1165429408553329 0.0002394128238566238 -7.42162711061458e-18)
(0.1165595706345732 0.0001421938172644734 -4.445900334394379e-18)
(0.1165712417069556 7.610571847617634e-05 2.037946887481751e-18)
(0.1165795133963202 3.251405650187205e-05 3.579945742503663e-19)
(0.1165856381116579 4.565691332990213e-06 1.433959532473773e-19)
(0.1165904547812888 -1.279228312840782e-05 2.157229230308036e-18)
(0.1165944473876168 -2.318907226326557e-05 4.042343351719667e-18)
(0.116597848043449 -2.922235083501524e-05 1.56871349483981e-18)
(0.116600654499225 -3.270208037265162e-05 3.790276321028776e-18)
(0.1166024581568423 -3.473353637338291e-05 -2.057617987782344e-18)
(0.1166013689547477 -3.600437032026488e-05 -2.378972327628037e-18)
(0.1165957176222084 -3.827887469278779e-05 4.173619167714615e-19)
(0.1165835865074642 -4.628905166222468e-05 1.226103327532905e-18)
(0.1165968289580949 -6.846539250305884e-05 6.858910102102381e-19)
(0.1166738522185613 -7.611796444602911e-05 -3.191470195820757e-20)
(0.09995427597637763 0.02343420131782036 3.843785846918975e-18)
(0.09403009669108245 0.05909789246142872 5.417356076649414e-18)
(0.08156280356407516 0.08145423973551928 -1.976679378078273e-18)
(0.06586471001386335 0.09199589914946442 -3.552738874040037e-17)
(0.04819488746502257 0.09251159696464237 7.110528233238116e-19)
(0.03176170984027114 0.08418492768047996 2.672666552404618e-18)
(0.0109252798563406 0.06681956221722221 -1.920340368625157e-17)
(0.01072149678312724 0.04682342652125297 -6.949718818049054e-19)
(-3.228104253369748e-07 -2.968232756745195e-07 5.420749849144756e-18)
(3.006639687167662e-07 -2.075080417739128e-08 7.153146584023432e-21)
(1.869684934881211e-06 4.493796267462935e-07 1.137262362282409e-17)
(4.498482104396684e-06 9.35722425826277e-07 -2.502528882339101e-19)
(8.172890016127504e-06 1.247442181355994e-06 -7.148830806267921e-20)
(1.276342532458832e-05 1.223403302162349e-06 3.239561143607535e-18)
(1.801416312925902e-05 7.675313323295217e-07 1.735279621646597e-18)
(2.350509244332424e-05 -1.25274639391432e-07 3.866588679703834e-19)
(2.862273659431794e-05 -1.363364336155748e-06 -8.71590014884503e-18)
(3.269097423849112e-05 -2.808170890377347e-06 1.345634585235993e-17)
(3.509072362967939e-05 -4.321492273925455e-06 -1.077489582603401e-17)
(3.53555947218932e-05 -5.778164429171354e-06 3.407922394324962e-19)
(3.324157189261989e-05 -7.065299528024021e-06 1.551329398322559e-19)
(2.876581409047216e-05 -8.083601156587059e-06 1.086306286447734e-18)
(2.221485353991713e-05 -8.75307711826318e-06 3.00016828301365e-19)
(1.412392308919666e-05 -9.020512933321677e-06 9.423996149376946e-20)
(5.2293469283652e-06 -8.865856273605993e-06 -2.932670265709575e-20)
(-3.602656743583246e-06 -8.305778668021347e-06 4.625240147503222e-21)
(-1.14653224406883e-05 -7.39369992180407e-06 3.065509817198951e-20)
(-1.751154782608007e-05 -6.216284183793545e-06 8.857709550566889e-21)
(-2.105680873220987e-05 -4.886758568048172e-06 4.265143163569171e-21)
(-2.167702461461203e-05 -3.535103217983462e-06 1.690591034320005e-21)
(-1.929503952661539e-05 -2.293740316056721e-06 8.069206214203066e-21)
(-1.425071156534348e-05 -1.274571997066359e-06 -7.239629980629266e-21)
(0.007684930918451367 -0.04238517674263905 1.326776963207306e-18)
(0.008016850164552588 -0.06143546349877003 6.450892269692474e-19)
(0.02827485074325852 -0.07590873356387369 4.846403453804778e-19)
(0.04295532747357365 -0.08390295491530882 1.786378047828929e-19)
(0.06110902389757605 -0.08557475708031358 4.14887946973905e-19)
(0.07936219400918423 -0.07973492967412546 3.984177172587739e-19)
(0.0976087115281056 -0.0651809317205376 3.584560796397349e-19)
(0.1096379572086284 -0.03926732847210991 1.338960345705725e-18)
(0.1113101704937569 -0.01493424297223637 1.633494949960801e-18)
(0.1080379134091444 -0.003119752432671946 -1.314735097118743e-18)
(0.1062123639758282 0.0003555484261313652 4.854493162713838e-19)
(0.1060001196668405 0.001086457045544863 8.753355199051425e-20)
(0.1062839029725209 0.001100095862832326 -1.9074282155777e-18)
(0.1066224743357723 0.0009358080358094706 -3.688523117274726e-19)
(0.1068920084321731 0.0007263839094976327 -3.646084720690806e-18)
(0.1070890309875874 0.0005281362691985861 4.669160611025365e-19)
(0.1072269071427005 0.0003667646951455912 -4.626644431337892e-18)
(0.1073198439534134 0.0002468083932908314 -2.855289525454981e-18)
(0.1073804340388187 0.0001623493977427139 7.932310509474601e-19)
(0.1074190558602338 0.0001048639385329965 1.414070418436014e-18)
(0.1074434396614929 6.67147095755407e-05 2.208790408601354e-18)
(0.1074588837964498 4.200224295279583e-05 4.262663423493405e-18)
(0.1074687963250548 2.641366779024889e-05 6.140634780448116e-19)
(0.1074752549543829 1.683797738208897e-05 1.383606428193557e-18)
(0.1074794882791199 1.103725661742898e-05 2.166723036866663e-18)
(0.1074822171116857 7.582654188953716e-06 8.982642396663934e-19)
(0.1074837029109739 6.175751669108735e-06 -2.80787691075937e-18)
(0.1074822268599375 7.475942603578462e-06 -2.974003117583516e-18)
(0.1074745765800821 8.896263924675094e-06 -2.79338457741286e-19)
(0.1074512168545002 -5.114166992797813e-06 8.642852393250108e-20)
(0.1074589060697782 -7.088878098726209e-05 9.434283903910157e-20)
(0.107523966357593 -0.0001057851981050849 3.879498231784883e-20)
(0.09829026502866905 0.02660164053221678 3.894830514161566e-19)
(0.08858728607443195 0.06903270644604535 4.729447494205399e-19)
(0.07525919423243753 0.09521383677436289 -1.029817188031748e-18)
(0.06144900335202256 0.107836898729007 -5.719167576159866e-18)
(0.04660974817303807 0.1093239657046517 3.478408390137861e-19)
(0.03170562531149256 0.1006129141023314 2.052894064086394e-18)
(0.01243213811632312 0.07986414115011084 1.100411397163839e-17)
(0.01391483548053743 0.05577353489705903 -1.300303358401276e-17)
(4.467615716523959e-08 1.894929923876298e-07 -3.094442768320534e-18)
(6.512813037987814e-07 5.859096217745996e-07 -2.188716816854198e-20)
(1.961295056057688e-06 1.09524937612869e-06 -7.95683129192922e-18)
(4.094072802665431e-06 1.551387227366301e-06 2.077006832931173e-19)
(7.097918758361237e-06 1.764907059858233e-06 -2.068931980373214e-19)
(1.09662838663181e-05 1.557965145070218e-06 1.247871672377456e-17)
(1.561850077147139e-05 8.020737423354227e-07 1.277433999010668e-17)
(2.079083448144285e-05 -5.305000812367254e-07 -3.650217035024323e-19)
(2.580125910133175e-05 -2.307830877042519e-06 -2.078712814916455e-18)
(2.990099509964024e-05 -4.358527676455795e-06 -2.365143045183665e-19)
(3.243251262133773e-05 -6.531373664375208e-06 -1.697154182450577e-20)
(3.292164103278674e-05 -8.680164108878022e-06 5.364385589729371e-20)
(3.112737292238453e-05 -1.065609974831676e-05 5.714078712575826e-20)
(2.70645129745407e-05 -1.231377330911283e-05 4.450473542479956e-19)
(2.100510884810343e-05 -1.352408322517719e-05 3.143508639021645e-18)
(1.34574809740988e-05 -1.418831693208739e-05 6.041701358417868e-19)
(5.121556070381006e-06 -1.425007083446692e-05 -9.222302483939137e-19)
(-3.178201020383013e-06 -1.370311898719998e-05 -9.549192615943119e-21)
(-1.057797409528827e-05 -1.259420869397085e-05 1.514719428552058e-19)
(-1.627126344391685e-05 -1.102034291976381e-05 3.048473925836967e-20)
(-1.960901689249464e-05 -9.120376125539616e-06 4.776208679194749e-21)
(-2.019478563313392e-05 -7.060497552045276e-06 6.86713978143452e-22)
(-1.796669377761208e-05 -5.01229535024815e-06 5.174631114802178e-22)
(-1.325850636006709e-05 -3.121125795041077e-06 -1.304764480833646e-21)
(0.00624065442064148 -0.04975600191360093 4.365230319957528e-19)
(0.006351890904782481 -0.07233502332272396 1.234604613217856e-19)
(0.02308058921111348 -0.08989282080092589 7.045327301943637e-20)
(0.03485704618635292 -0.09991242710158389 4.009065913528177e-19)
(0.04965399767429244 -0.103033670894178 2.772787728644601e-18)
(0.06470029349184253 -0.09795914221305253 5.689488250801413e-19)
(0.08205286425170052 -0.08254002490653788 3.8784562933379e-19)
(0.09080720612423193 -0.04894652878724134 2.082363337593438e-18)
(0.09093089546954064 -0.01218712981344109 2.378261505264285e-18)
(0.08747263673701394 0.0006004150742124848 -4.996277982253108e-18)
(0.08640756107114675 0.001224338962778592 -6.787568508625884e-18)
(0.08696046857426516 0.0004143253817518611 -3.026701975818226e-18)
(0.08758575152301259 0.0001435080072090355 -7.447195902193022e-19)
(0.0880809404809392 0.0001061588067764888 -1.553401768728262e-18)
(0.0884462914079977 6.854009714333899e-05 3.35371101122392e-19)
(0.08871217610941567 1.180714369923206e-05 -2.546989428939218e-20)
(0.08889972599523667 -4.040968234998554e-05 9.441087470493584e-19)
(0.08902753249362141 -7.93692111185962e-05 -5.119400887919983e-18)
(0.08911204532872812 -0.0001068428177776931 9.605196129945e-19)
(0.08916659264482099 -0.0001261963833112818 2.084831324981115e-18)
(0.08920105366289618 -0.0001396255281087462 2.223063971160068e-18)
(0.08922235618737584 -0.0001483261404248675 2.140697412306213e-18)
(0.08923518343483619 -0.0001530577096109268 1.397645973947396e-19)
(0.08924259171841237 -0.0001545190608534356 -1.473078539485894e-18)
(0.08924650015849013 -0.0001535438868370408 -2.347394810270868e-19)
(0.08924810684773561 -0.0001507869526342014 -8.817263927834878e-19)
(0.08924829753976646 -0.0001450301671754605 -3.067766082212869e-18)
(0.08924659580935575 -0.0001309846870913261 -2.160446002386671e-18)
(0.08924069338286819 -0.0001062074359361236 -3.282747502443083e-19)
(0.08920897567469942 -0.0001054941384279444 -4.051999625653041e-20)
(0.08921204225179044 -0.0002292952489477848 6.507067970236832e-21)
(0.08914284160053625 -0.0003115876996841285 9.393182991993652e-21)
(0.08499966531249881 0.0439383358650416 3.037184976787984e-19)
(0.07436378550138247 0.08655895843752286 -2.104477419251884e-20)
(0.0639188533034197 0.1097125450460731 -2.254605867541401e-18)
(0.05598281558624133 0.1210887241993146 -2.114296648191362e-17)
(0.04779583674173084 0.1230848565960609 -3.452401702691239e-18)
(0.0379491937627806 0.1154597405537578 1.57309425487771e-19)
(0.02487656760256645 0.09324639238016923 1.481356989294581e-18)
(0.02696893211664578 0.06011354527607389 2.409161578711863e-18)
(2.154328905146913e-07 3.14750714644485e-07 6.586330999568222e-18)
(7.105167023659098e-07 6.595465880630813e-07 -3.884082111359436e-19)
(1.666020592276142e-06 1.060930168792813e-06 -1.2615715458293e-20)
(3.18642915313758e-06 1.391444003828388e-06 5.468715584745421e-20)
(5.36159050766225e-06 1.492473803811796e-06 3.658312527673065e-20)
(8.312440521967657e-06 1.185442577523142e-06 -1.444849337672748e-19)
(1.223004756726199e-05 2.805017308669944e-07 -1.270543175659276e-19)
(1.724996468598951e-05 -1.360093355121106e-06 -9.44849821140033e-20)
(2.230540805129005e-05 -3.504304500898114e-06 -3.003959491989404e-19)
(2.650144495194974e-05 -5.975900163114264e-06 -1.360485193604151e-17)
(2.917082393718391e-05 -8.626736718505938e-06 6.859794842684896e-18)
(2.988120485583265e-05 -1.129308774994349e-05 -3.917578891196369e-19)
(2.842707338826002e-05 -1.379331896627853e-05 1.337370550058451e-19)
(2.483525574603282e-05 -1.594145527513877e-05 -3.781409102818658e-18)
(1.936512935330273e-05 -1.756611358939245e-05 3.851763439315626e-19)
(1.249147609830477e-05 -1.852965679457422e-05 2.90787274005604e-19)
(4.865240341640417e-06 -1.874459791682153e-05 1.002650911329553e-20)
(-2.747508419127971e-06 -1.818519289283494e-05 6.62127551685667e-21)
(-9.54458296501242e-06 -1.689270160175988e-05 2.45799316792497e-20)
(-1.477828201054557e-05 -1.497328359939933e-05 5.372271054608999e-21)
(-1.784950582826741e-05 -1.25878452416836e-05 2.929783660936723e-21)
(-1.839640427044086e-05 -9.933243119424062e-06 1.877073529010771e-22)
(-1.636853827906813e-05 -7.214183946366998e-06 6.150747005233258e-23)
(-1.207860172981572e-05 -4.605571179112228e-06 8.69633397332042e-21)
(0.004359582971993203 -0.05538965779864711 4.592035874342435e-19)
(0.004118594147789031 -0.08058378339367163 2.419209559538008e-19)
(0.0160452007739734 -0.1001593833167395 -7.949116475222995e-20)
(0.02336342238471004 -0.1113352687236193 8.996165835033678e-19)
(0.03199271638946197 -0.1150527081415313 8.513958000300773e-18)
(0.03891150582282416 -0.1099493243730433 1.920276030914928e-18)
(0.0485833932012921 -0.09131382423373971 7.044797434743137e-19)
(0.04496883455378441 -0.04522815710005663 2.086966740249503e-18)
(0.05811029545721363 -0.01864240336318211 2.461017029879387e-21)
(0.06145235060426397 -0.003545321171334626 -2.14368799877507e-18)
(0.06067547785051376 -0.0001004932954208158 -2.895866865477911e-18)
(0.060585849840574 0.000385770000936972 -1.992703009355608e-18)
(0.06084593518040226 0.0002748072830189854 -9.796634466619911e-19)
(0.06114399129944022 0.0001843977316910142 -6.958471922154814e-19)
(0.06138100162874582 0.0001273985438488437 -2.438658224517215e-19)
(0.06155535371793183 7.553411456739213e-05 -5.744179750968063e-19)
(0.06167919568613394 2.871943739716907e-05 -1.188680155684322e-18)
(0.06176451975317659 -8.372788482551637e-06 -1.812409277156439e-18)
(0.06182157783612487 -3.530223201286646e-05 1.597521311993003e-18)
(0.06185876342766548 -5.403908260072636e-05 8.952303736484234e-19)
(0.06188248280477554 -6.668639400909227e-05 1.327054538510955e-18)
(0.0618973224322151 -7.479739578459258e-05 1.053715512473255e-18)
(0.06190640864672032 -7.946714287325956e-05 3.414467262850428e-19)
(0.06191179203024304 -8.153965067800962e-05 -1.145184325043813e-19)
(0.06191478103433563 -8.165644936061127e-05 -2.752159820475092e-19)
(0.06191616285357534 -7.995786557208121e-05 -6.413420383359173e-19)
(0.06191619669827721 -7.565400461963294e-05 -1.20579596228485e-18)
(0.06191364732533333 -6.844849229547875e-05 -1.152549759467694e-18)
(0.06190732648783169 -6.523138758204373e-05 -5.371129830039479e-19)
(0.06189505108688709 -8.092291809961105e-05 -1.30697206452783e-19)
(0.06203301876993338 -0.0001199881113965242 -4.319995596928358e-21)
(0.06174391544187696 -0.0001677133042376137 2.119291768988585e-20)
(0.01534484131073909 0.04356686548153073 3.729060367517184e-18)
(0.02759654346729046 0.08595445291056981 2.424671592626893e-18)
(0.03955267760526092 0.1096380327418698 -1.586860602266167e-18)
(0.04737614933330713 0.1223266790168795 -3.592857108351745e-17)
(0.05253125275484218 0.1263854892342279 -2.024957345586034e-18)
(0.05477643899639428 0.1212256567425762 6.073286052100661e-18)
(0.05915918296951137 0.1007455640158714 2.056345503714605e-17)
(0.04671147609733804 0.05013962166856015 1.032485059954814e-17)
(0.05581146978171166 0.02843897401398673 9.084907891267546e-18)
(0.05116473647372709 0.01419718135090844 1.048211487448943e-17)
(0.04216337056860278 0.01067145004209628 1.041233353706421e-17)
(0.03299141198926152 0.009680162607014833 1.327023118227341e-18)
(0.02393685703440647 0.008771157457628636 -2.870029721596166e-18)
(0.01602447642386787 0.007698503841405901 4.016706361894228e-18)
(0.009523790925346583 0.006800998251813607 3.300014004596314e-18)
(0.007090666717344626 0.006693035754573636 4.448181497088018e-18)
(1.842999724051666e-05 -4.619769041327992e-06 -1.129492847091561e-19)
(2.277974677439244e-05 -7.384159947828456e-06 7.417676808387619e-19)
(2.555495597739241e-05 -1.036730839123947e-05 -4.256088386749178e-19)
(2.645113278989131e-05 -1.339357436772222e-05 -1.150925112167451e-19)
(2.532944436972259e-05 -1.625919896949455e-05 2.009580646065908e-20)
(2.223762324050221e-05 -1.874997790346359e-05 1.621872735603502e-19)
(1.742125889621013e-05 -2.066415774082151e-05 1.461936122188419e-19)
(1.131455723176258e-05 -2.183535857054662e-05 -6.948502878656124e-20)
(4.508283609852906e-06 -2.215258805018006e-05 -2.394499031932568e-21)
(-2.303806456047282e-06 -2.157498124669426e-05 -9.469182339333696e-21)
(-8.396051140862303e-06 -2.013912577885279e-05 -4.796046577975217e-20)
(-1.309321977165318e-05 -1.795735297347931e-05 -1.829006501549852e-20)
(-1.585609664836278e-05 -1.520603241322426e-05 2.294418208257423e-20)
(-1.636131624072556e-05 -1.210352817196218e-05 3.531562943719082e-21)
(-1.456662430592177e-05 -8.87805217948158e-06 7.799516683380226e-21)
(-1.075429383776833e-05 -5.72655040930424e-06 1.035342368143052e-19)
(0.00254107441215088 -0.05906321737524334 8.169123028674296e-19)
(0.002025013703200658 -0.08571940573644407 1.742800820751842e-18)
(0.009194357333295437 -0.1058910264736522 -2.044857104266106e-18)
(0.01226478408119169 -0.1166794115964626 4.717715193779381e-19)
(0.01501298254014916 -0.1189353539884577 1.021671584000613e-17)
(0.01484848447913319 -0.1116052575059231 2.185762894190975e-18)
(0.01208615612695629 -0.09146721459238766 2.306163077986077e-18)
(0.01852790649796774 -0.05841274343199228 1.959316558518012e-18)
(-2.603441280621746e-07 -1.680950177359967e-06 -1.941477971550587e-20)
(-3.564222938378867e-07 -2.495955351787191e-06 -1.117859631203581e-19)
(-4.081028947990181e-07 -3.256843913200481e-06 -3.097610070460844e-20)
(-4.083545817068918e-07 -3.951920341464365e-06 8.144151418272449e-21)
(-3.555671907420248e-07 -4.568192073894483e-06 5.216964215956973e-20)
(-2.511814016781244e-07 -5.092663950071949e-06 1.798079288512503e-20)
(-1.000056592591423e-07 -5.513525160370661e-06 -1.616176947467901e-18)
(8.952234760472352e-08 -5.820959428816039e-06 6.038840093439053e-19)
(3.057966830662291e-07 -6.007980080099799e-06 3.5179858795813e-20)
(5.350052661555341e-07 -6.071134101064309e-06 -1.576758663200902e-20)
(7.623157638721526e-07 -6.010912136662945e-06 9.062078570829219e-21)
(9.731032506765961e-07 -5.831820577533635e-06 -2.683738806156898e-20)
(1.154087751065267e-06 -5.542136369262761e-06 -2.040818114699722e-20)
(1.294274087740451e-06 -5.153419099774019e-06 -3.435235398324345e-20)
(1.385614380979699e-06 -4.679891451311695e-06 -6.651651276866172e-21)
(1.423351502816183e-06 -4.137827722918721e-06 2.430175557818844e-21)
(1.406043364212306e-06 -3.545096809855685e-06 8.571484980147842e-20)
(1.335309334936884e-06 -2.921004694976851e-06 -3.123520258093309e-19)
(1.215372125872483e-06 -2.286569230245078e-06 -1.253114927232778e-20)
(1.052480509904194e-06 -1.665334803250206e-06 -8.320939156672078e-21)
(8.542997691691253e-07 -1.084785257257593e-06 -7.956479011074464e-22)
(6.294472963542901e-07 -5.782822047257271e-07 9.293318436581707e-22)
(3.875032404466235e-07 -1.872910418713927e-07 6.707944342094865e-21)
(1.378577447331663e-07 3.288429235111159e-08 -4.418614987940142e-21)
(0.002118720941114473 0.0248512006308989 3.574353200284181e-17)
(0.0144200326323622 0.06637596094549487 7.241274287071553e-18)
(0.03043479247941721 0.0938138338630406 3.154984022170962e-18)
(0.04602287497218209 0.1095616000032889 -9.441604490633262e-19)
(0.06112665011439328 0.1156659055679659 2.196787595896836e-17)
(0.07537822361055635 0.1122988076346667 4.301961738231666e-17)
(0.09085671564563008 0.09755687731762898 1.212239142881505e-17)
(0.09406146824671308 0.06303818691928609 3.732402572678289e-17)
(0.08648228980249793 0.02583243225918435 6.102519440125857e-18)
(0.07305561916375067 0.01239927554204182 2.261241890573385e-17)
(0.05980336172982445 0.01082186018411259 2.772588570368638e-18)
(0.04694828561017432 0.01073043383447546 2.612148269840855e-17)
(0.03391803558434417 0.009382852966892872 -1.858142416848955e-17)
(0.0226430291736974 0.006702975890583843 2.982053791703212e-17)
(0.00742140340732221 0.006592856633099499 2.945378106965973e-18)
(0.007170856400572094 0.009164016515927444 2.119307694764481e-18)
(1.462414059082541e-05 -5.356218815997203e-06 1.190681089685954e-17)
(1.904806696680474e-05 -8.358624852677389e-06 -3.888713795706311e-19)
(2.18270551675193e-05 -1.156028216994917e-05 1.149744070151975e-17)
(2.28383126918523e-05 -1.480453277470325e-05 9.631183833747213e-18)
(2.201583772687768e-05 -1.788607647196892e-05 -8.012219635817372e-20)
(1.942576095201494e-05 -2.057964847572457e-05 -8.936168318686347e-22)
(1.529462209912992e-05 -2.266782042578653e-05 -5.526450172744634e-18)
(1.000869117134817e-05 -2.396726214437214e-05 3.914290753264475e-18)
(4.089346867331388e-06 -2.43517003485033e-05 -1.580275750892486e-19)
(-1.852261886814421e-06 -2.376930907045834e-05 -6.053830656793319e-20)
(-7.177190492860339e-06 -2.225179478786664e-05 -2.91209235731544e-19)
(-1.129129737923698e-05 -1.991304804506693e-05 -7.451803686937957e-20)
(-1.372088408193469e-05 -1.693646456470046e-05 -3.134661981031222e-18)
(-1.418281913393772e-05 -1.355112994286256e-05 2.839358806299827e-20)
(-1.264086291736122e-05 -9.997836309678931e-06 8.683254446056358e-20)
(-9.341642837116821e-06 -6.486628014684085e-06 1.580124281139017e-18)
(0.001194269390722534 -0.06106156861390764 1.553983010738241e-18)
(0.0006793546346162641 -0.08833369031042634 7.718180863035358e-18)
(0.004331978801372336 -0.1082046363588675 -8.607403828986832e-18)
(0.004999610728429744 -0.1179335619591511 -1.391122285429437e-18)
(0.005081514463604547 -0.1181743874944594 1.136348443646975e-17)
(0.003242579689370385 -0.1083436545146385 5.580026364574475e-18)
(-0.0005311761071931493 -0.08799322693487757 9.925572774016802e-18)
(0.003557865691398853 -0.06175783182157692 3.131281164372306e-18)
(-4.378179568583287e-07 -2.585886347635305e-06 2.971829161293579e-19)
(-5.947438158670007e-07 -3.844744117516979e-06 -8.012176085956326e-19)
(-6.841971124421815e-07 -5.030173038056158e-06 3.115718396044974e-18)
(-6.92784263981068e-07 -6.12226280500552e-06 -2.064349257414944e-20)
(-6.152428474018356e-07 -7.098948969684604e-06 7.734321068603347e-21)
(-4.532683968081191e-07 -7.937505551524867e-06 -1.467452416288964e-21)
(-2.149603471658396e-07 -8.616824559034035e-06 4.6231699896606e-21)
(8.561665817909299e-08 -9.119402530534653e-06 3.410186377675575e-20)
(4.294068658918133e-07 -9.432862703292457e-06 -1.525060325307761e-21)
(7.939290723593196e-07 -9.551030406432367e-06 1.442439198911378e-20)
(1.15519578048587e-06 -9.474478657703301e-06 5.369079552235418e-19)
(1.489711243739277e-06 -9.210494385362023e-06 -1.232358182364719e-19)
(1.776313294610298e-06 -8.772514132605836e-06 1.553796125997767e-18)
(1.997675241992096e-06 -8.179160094071115e-06 1.364845792919213e-18)
(2.141340270285464e-06 -7.453066396501942e-06 -5.112162059048199e-20)
(2.200224502906011e-06 -6.619722006037665e-06 -4.270427399469589e-21)
(2.172591892542946e-06 -5.706568349063846e-06 1.976079251713932e-20)
(2.061566090345423e-06 -4.742583374544055e-06 1.373578067920148e-19)
(1.874294012613425e-06 -3.758562764174861e-06 7.064187268231066e-21)
(1.620913671964179e-06 -2.788273668280408e-06 -1.054425875240361e-19)
(1.31352138939961e-06 -1.870608796859883e-06 -1.745598961083121e-20)
(9.653533385207838e-07 -1.052859716322522e-06 -4.088337154822101e-19)
(5.900698662918082e-07 -3.955180278877694e-07 -3.418814085861976e-19)
(1.998011119751404e-07 1.397159887697036e-08 -2.593063824102111e-20)
(0.0007806722165230736 0.01960199117840685 2.156414329954581e-18)
(0.0105918859310145 0.05311062547834258 -2.398135342511073e-18)
(0.02679215483739147 0.07696987162367216 1.507005971863288e-17)
(0.04563385759334448 0.0913874527808913 -1.635638270351064e-17)
(0.065622833864214 0.09707261565185246 2.047114816416919e-18)
(0.08528943812312564 0.09405729297141455 6.406251342599725e-18)
(0.1038242472019534 0.08195907099058741 2.213906626766704e-18)
(0.1132309253478363 0.05854532790938797 4.040105761438356e-18)
(0.1082070914604563 0.03903025251399207 1.794683240398279e-17)
(0.09366283036046825 0.03210062982651486 6.281459936521256e-18)
(0.07666115474035233 0.03172017785950815 -1.434550558479835e-17)
(0.05936103213003358 0.0319687063805514 -1.875294704072209e-17)
(0.04196420051901946 0.0304365447052981 -7.891485872367277e-18)
(0.02696698490288191 0.02672796294941688 3.51529456326173e-19)
(0.006997082577725498 0.02246079185349786 1.521285674054682e-19)
(0.007923731927720491 0.0158433023618452 2.439462279395024e-18)
(1.159547223121907e-05 -5.684946014493028e-06 -5.266967184704249e-19)
(1.561478449736914e-05 -8.804063614050285e-06 8.991658381931745e-18)
(1.819486059229363e-05 -1.209374917619032e-05 -3.242079082377909e-19)
(1.921977794801244e-05 -1.541367836309848e-05 -4.54543253332018e-19)
(1.864482440260516e-05 -1.856824805576565e-05 -1.472146299456572e-19)
(1.65360967167294e-05 -2.133549584808778e-05 -1.053895246613714e-18)
(1.309176871637854e-05 -2.349606766257587e-05 1.764500324131736e-18)
(8.643065317549999e-06 -2.486071873837662e-05 -1.461394439162879e-19)
(3.63539676453712e-06 -2.52948875740437e-05 -3.287544434231824e-20)
(-1.408779018149085e-06 -2.473847724852917e-05 -1.533768796175448e-20)
(-5.942300340159527e-06 -2.321668514574955e-05 -5.257732344560872e-20)
(-9.455653443487264e-06 -2.083914209693397e-05 -6.493843742445273e-20)
(-1.154243829503174e-05 -1.778707866264845e-05 1.793966742125184e-20)
(-1.195988082416857e-05 -1.428935270063672e-05 5.733455173217607e-22)
(-1.067657660671554e-05 -1.058855663506504e-05 -2.048212134404884e-21)
(-7.901482789815549e-06 -6.898901016449792e-06 6.323195784143032e-20)
(0.0004225740200783743 -0.06194542046636443 -5.207296767319007e-19)
(7.786825755765585e-05 -0.08942185045604564 -2.312050469652084e-18)
(0.001543714452215783 -0.1088040083089042 -4.191983740555408e-19)
(0.001313323418849346 -0.1178254776415793 -7.179982012865261e-18)
(0.0008691012275068273 -0.1170895714728088 1.526944954403477e-17)
(-0.0001565651705704264 -0.1065015731077676 1.173130156349537e-18)
(-0.001146141540707562 -0.08685059855417764 1.286267490865256e-19)
(0.0001488233132700767 -0.06094568343460589 1.528802667046388e-18)
(-7.00385219899128e-07 -3.546040672511687e-06 -1.839141025579124e-20)
(-9.513546298965322e-07 -5.28846159758567e-06 -4.928312493853279e-19)
(-1.101219223744506e-06 -6.948703458757068e-06 -1.366602564265898e-18)
(-1.130557511810817e-06 -8.494852879419815e-06 -6.331711675693004e-20)
(-1.030208539183923e-06 -9.891788013282818e-06 -1.265035958378061e-20)
(-8.020799316573726e-07 -1.110352642038031e-05 -5.038818063024328e-20)
(-4.58614632849446e-07 -1.209650746116582e-05 -1.040363357776158e-20)
(-2.15429633617769e-08 -1.284281822582878e-05 -9.459561028541443e-21)
(4.800432662902584e-07 -1.332270679893716e-05 -5.438209585819428e-20)
(1.012241163970301e-06 -1.352619363124367e-05 -9.08618786458177e-20)
(1.539274828225986e-06 -1.345372215137935e-05 3.770079535916003e-21)
(2.026486342301742e-06 -1.311587259097144e-05 -6.811014544243135e-20)
(2.443049417657551e-06 -1.253226293226298e-05 1.409675759129036e-18)
(2.764136348422396e-06 -1.172985775115963e-05 -7.537947011932325e-20)
(2.972355903011988e-06 -1.074097861588751e-05 1.188236147516236e-18)
(3.058377651600323e-06 -9.601351990120785e-06 -2.280350785012571e-20)
(3.020758910185733e-06 -8.348538066212932e-06 -1.824226614211321e-21)
(2.865082131136101e-06 -7.021064858806327e-06 -2.074332711858564e-20)
(2.602587705676429e-06 -5.658552760558428e-06 -3.740850678434719e-22)
(2.248543905132138e-06 -4.30306902859251e-06 -1.13929165935704e-20)
(1.820610572288725e-06 -3.001932827232648e-06 5.800873283346777e-19)
(1.337352569170491e-06 -1.812274652953716e-06 8.363046812495483e-22)
(8.167873083000433e-07 -8.079019330631959e-07 2.531765778625115e-20)
(2.748988501534921e-07 -9.624070906725547e-08 -3.105184525403687e-21)
(0.0005084814842868548 0.01485094509587817 -8.661686995085858e-19)
(0.009224225787895645 0.04023122897510731 -3.749821653873806e-18)
(0.02486937838806015 0.05906929834852662 -1.586017378084859e-17)
(0.04445525415395279 0.07087383860264487 -1.145786308241669e-17)
(0.06601301375236819 0.07578948360764187 -2.748381255966949e-18)
(0.0875306255796989 0.07415878545368045 -4.366536654519816e-21)
(0.1069446461508588 0.06697153388050538 -1.600675901885598e-17)
(0.1186419695177842 0.05541731813709078 -1.748735472825626e-18)
(0.1172875846099064 0.04773095513296179 2.019189841003486e-17)
(0.1047226500953055 0.04718560171586573 1.263591277280032e-17)
(0.0867917774269996 0.04887845898927492 5.801337339130607e-17)
(0.06731508107453898 0.04948220377879786 2.380288086486617e-17)
(0.0475218426519432 0.04719563850305032 -1.644753439987247e-17)
(0.03070299584833849 0.04175871823834548 -3.984176920169905e-18)
(0.009496556092268444 0.03387154876035705 1.094195282196158e-18)
(0.008921067339303115 0.02387099560831626 9.583630625562097e-19)
(9.125810537526438e-06 -5.630540263177361e-06 -6.785043582951699e-19)
(1.252411272046608e-05 -8.704835960823788e-06 -1.363586153852718e-17)
(1.476725391711363e-05 -1.192931302230115e-05 -3.96103241971541e-19)
(1.572136790304636e-05 -1.517609023705523e-05 7.114841595362003e-18)
(1.534085135133402e-05 -1.826516246484881e-05 -2.050100147889152e-19)
(1.367916298501345e-05 -2.098864149191297e-05 -3.805361235470833e-18)
(1.089873815812974e-05 -2.313669669095145e-05 -6.306619911177329e-19)
(7.270794804612943e-06 -2.452282793070394e-05 -1.873078797708678e-19)
(3.161313523970897e-06 -2.500801815778645e-05 -3.693753798913356e-20)
(-9.975837323870571e-07 -2.452377733522856e-05 8.001504760825941e-21)
(-4.750345974181792e-06 -2.30852939123111e-05 -5.884077071919394e-21)
(-7.670757319027896e-06 -2.079128442286637e-05 -1.076556999245741e-18)
(-9.418183992689869e-06 -1.781187749923165e-05 -5.087578546496592e-20)
(-9.789167864186436e-06 -1.436585518698689e-05 -1.171963755097924e-20)
(-8.756873746097022e-06 -1.068821414097971e-05 -4.141985591887799e-20)
(-6.493206535111815e-06 -6.989596649705984e-06 -2.114420220257458e-19)
(9.568974587091341e-05 -0.06221649438050156 -9.791833005491944e-19)
(-3.953976812863001e-05 -0.0897085631801656 -8.70948119805112e-18)
(0.0001892723460692436 -0.1086959589946929 -3.959888219348765e-19)
(-0.0002283015078795727 -0.1174627941839924 1.448198590341794e-18)
(-0.0005868230706315193 -0.1165833558183748 1.097360168041249e-17)
(-0.0008979079410207578 -0.1062368272642053 1.978279975261564e-18)
(-0.0003745957100592246 -0.08730614754028909 5.488641715819651e-19)
(-0.000344505862128304 -0.06080720058397964 2.205251382483234e-18)
(-1.086464580530807e-06 -4.555841490637831e-06 1.390448995934964e-19)
(-1.483040979593456e-06 -6.818763609952845e-06 -1.771515478412786e-18)
(-1.730360880708697e-06 -9.001672805553475e-06 3.584060561585392e-20)
(-1.800854836223878e-06 -1.105802408353463e-05 3.077396775492907e-21)
(-1.681470342745125e-06 -1.293573344199632e-05 3.546312938606172e-21)
(-1.375299121306574e-06 -1.45815218310255e-05 -3.013906575515078e-19)
(-9.011348472256001e-07 -1.59459120060003e-05 3.266872058894067e-18)
(-2.914119886451589e-07 -1.698781861396979e-05 -4.911033420876111e-20)
(4.110102487657778e-07 -1.767815127564818e-05 -3.741826115685077e-19)
(1.156847491136392e-06 -1.800202936944311e-05 1.904740991089816e-18)
(1.894772118181897e-06 -1.795950655318775e-05 -1.10771638487689e-19)
(2.575730719245632e-06 -1.75648902966672e-05 1.353009028657189e-18)
(3.156762130739955e-06 -1.684488743028834e-05 -5.468203627802102e-20)
(3.603958252398898e-06 -1.583592324765049e-05 2.367672495194862e-20)
(3.894330054409314e-06 -1.458106253891356e-05 -1.064677993601719e-18)
(4.016481697349784e-06 -1.312700119057665e-05 -2.169633664856074e-20)
(3.970139248283427e-06 -1.152159080677895e-05 -4.579657655296861e-20)
(3.764708478366644e-06 -9.812318189772592e-06 -7.781608193003579e-19)
(3.417137755660636e-06 -8.04609758988978e-06 -4.394282074773641e-19)
(2.949419582360204e-06 -6.270669236069617e-06 2.055031196868749e-20)
(2.386055777096104e-06 -4.537860886443717e-06 7.692728189187155e-19)
(1.751737062392217e-06 -2.908967934002298e-06 -5.064204548199082e-19)
(1.069460879078634e-06 -1.462467031775917e-06 4.131418693178168e-19)
(3.595491757637983e-07 -3.112520010420134e-07 1.929101300284342e-20)
(0.0004385841312455989 0.01033516038050837 -1.006112777310298e-18)
(0.008128944496636141 0.02811178486446435 -5.862184084094349e-18)
(0.02251872417051099 0.04151120626669826 -8.903098289995562e-18)
(0.0411217720351426 0.05006334299925851 -4.136058408130239e-17)
(0.06195667675852724 0.05377682676556745 1.110786804795881e-17)
(0.08307496179580591 0.05327691434709465 7.907523023649619e-19)
(0.1024975318525081 0.05044943803821913 3.06194085627572e-17)
(0.1162833452037424 0.04861007059935941 5.418061443639521e-18)
(0.118705420754797 0.05328317536816759 -2.597478034321226e-17)
(0.1083258809491823 0.06223264284882091 -3.06608842358851e-17)
(0.09042366563897838 0.06816558341014146 2.630592824029842e-18)
(0.07042451020812686 0.07003403990118545 5.993699500732343e-18)
(0.04985275236489051 0.06702847965073014 2.930718730448521e-18)
(0.03225782495633505 0.05930207875342281 -3.082914281392237e-17)
(0.01086052934517336 0.04708541450569349 1.539725582770243e-17)
(0.009786749658970893 0.03303416289947668 1.099874340110199e-17)
(7.038478764478592e-06 -5.23895771649581e-06 1.265783400894665e-17)
(9.758666882626714e-06 -8.093952678940759e-06 1.027328147139546e-17)
(1.159971501465788e-05 -1.10882107492152e-05 -3.871819801192434e-18)
(1.242778874196472e-05 -1.410878878216684e-05 2.980804101447149e-19)
(1.219480274034304e-05 -1.699774073489653e-05 6.702168026215147e-20)
(1.093749211405343e-05 -1.957148980770689e-05 1.540493571549965e-19)
(8.779152973129381e-06 -2.164040514251401e-05 -7.127682208609945e-22)
(5.928467604400176e-06 -2.302693581929032e-05 -2.913028149641754e-20)
(2.671307929611811e-06 -2.358523377754811e-05 2.956160338897353e-20)
(-6.478465006567839e-07 -2.323348514918049e-05 2.305253604392043e-19)
(-3.659702136953762e-06 -2.197091059880779e-05 2.25720754276833e-19)
(-6.01565485008242e-06 -1.987842326414604e-05 -1.782064784423623e-20)
(-7.436838071376607e-06 -1.710772385327998e-05 -2.433524004250903e-20)
(-7.75747961884979e-06 -1.386024350718672e-05 4.942780249018742e-20)
(-6.955922163040269e-06 -1.035653810914491e-05 -9.434541675654352e-21)
(-5.169743146974477e-06 -6.797922662262791e-06 3.681953774487007e-20)
(2.859809533876955e-05 -0.06219720237234759 1.355261329652527e-18)
(7.737835277457754e-05 -0.08962876651931735 2.316102015353369e-18)
(-0.0003608431391788575 -0.1083580134639381 2.164121857455872e-18)
(-0.0007141419693527563 -0.1171249914706905 1.691504662177411e-18)
(-0.0009415605246084972 -0.1164177257925572 9.756676056314858e-18)
(-0.0009595689015731592 -0.1064630700882131 2.608482334756754e-18)
(-0.0001391129985185787 -0.08784947555891068 1.532759732673678e-18)
(-0.000256261561562934 -0.06102111324688918 1.381065362760657e-18)
(-1.632611184105171e-06 -5.593137836800268e-06 -6.681319350326954e-20)
(-2.242820949029849e-06 -8.402357002180224e-06 7.911801123047759e-20)
(-2.637715599272542e-06 -1.114352973092918e-05 8.670187657246546e-21)
(-2.77798946661913e-06 -1.375402571153006e-05 7.171988952284534e-20)
(-2.646084171795864e-06 -1.616179969600689e-05 5.550969141709699e-19)
(-2.247777487192175e-06 -1.82929377103274e-05 1.381896131950883e-21)
(-1.611200694785547e-06 -2.007894117294425e-05 -2.091446610600399e-21)
(-7.836052518023131e-07 -2.146311780319059e-05 -4.703353475742698e-20)
(1.735560475519832e-07 -2.240535415778998e-05 1.960834416148379e-18)
(1.190581404391733e-06 -2.288493121311522e-05 1.260682516560052e-18)
(2.195846774613835e-06 -2.290125124933522e-05 -4.935623190611397e-20)
(3.121864952492686e-06 -2.247261973296237e-05 1.706160658894774e-18)
(3.910496617431838e-06 -2.163343269429236e-05 -7.632773931821553e-20)
(4.51685490012203e-06 -2.043026850420942e-05 2.13688087041707e-19)
(4.91161273596431e-06 -1.891747384211032e-05 2.39266117055874e-20)
(5.081618514057667e-06 -1.715286530852133e-05 -5.47419138067796e-19)
(5.028920147292473e-06 -1.519414015461584e-05 -1.060078673518763e-19)
(4.768467182878367e-06 -1.309651790526618e-05 -7.578345618416104e-19)
(4.324887219722489e-06 -1.091203333376334e-05 -2.63132544234833e-21)
(3.728800624746122e-06 -8.690791422990944e-06 1.626110612953993e-19)
(3.01314758437035e-06 -6.484387660786028e-06 1.053943741625722e-18)
(2.209990222191928e-06 -4.351579880294918e-06 3.199518797254525e-20)
(1.348278588336456e-06 -2.366152252581809e-06 -9.277606380857758e-19)
(4.530030879277717e-07 -6.332020216466908e-07 2.571804748511935e-20)
(8.811236541018659e-06 0.00742695101717877 -3.626324910089446e-18)
(0.006546429736639833 0.01869009077669914 -3.741520367626589e-17)
(0.01907258361781633 0.02714128202136943 -5.295801825040664e-18)
(0.03545878892332044 0.03260248018361221 1.355253978069789e-17)
(0.05388006902930347 0.03492486208612061 -1.366156978542926e-17)
(0.07280142033094447 0.03468913554778147 -2.325070575430237e-17)
(0.09112903654042227 0.03417790692474153 2.148533675118101e-19)
(0.106584329940129 0.03895443742202567 2.051968915695144e-17)
(0.1123779686853048 0.05535500491988773 3.311197657822246e-17)
(0.1040982471577825 0.07583335650402684 -1.69367353969477e-18)
(0.08689438096029123 0.08664212098217132 -2.274051821159856e-17)
(0.06837552038747094 0.09005135415809518 -3.558103684559458e-18)
(0.04903570789840731 0.08655339153126801 3.293701907754107e-18)
(0.03185519513560237 0.07669798939220034 -4.227719338707219e-18)
(0.01101346723797202 0.06006809991776718 -1.646946925758171e-17)
(0.01066960537607256 0.0422473769423216 -4.011716927134708e-18)
(5.24031077805124e-06 -4.555076096770215e-06 2.543145675412601e-19)
(7.301951724976094e-06 -7.031256269345379e-06 2.903394340056778e-18)
(8.72493318788449e-06 -9.636376448443965e-06 8.452296043659115e-18)
(9.395302554825527e-06 -1.228065488200706e-05 -3.938472722972727e-19)
(9.268821428125816e-06 -1.483902053224084e-05 -8.609815722821285e-20)
(8.36725947792917e-06 -1.716643668285946e-05 6.390267832629825e-22)
(6.775115086999923e-06 -1.910866715013363e-05 1.790382722077176e-18)
(4.638041052221252e-06 -2.050397703961138e-05 8.526647705778517e-20)
(2.162071752884312e-06 -2.118337101428627e-05 4.002792397482447e-19)
(-3.891875494540851e-07 -2.103822103158466e-05 -3.55159392891069e-18)
(-2.722128602861465e-06 -2.004321074595278e-05 3.601477357011627e-18)
(-4.556805833383273e-06 -1.82564129295364e-05 -2.039036651531961e-19)
(-5.67100300788697e-06 -1.580787362665762e-05 5.466496901427273e-20)
(-5.934978357334791e-06 -1.28785963302144e-05 2.074946850082571e-18)
(-5.333441297913303e-06 -9.671155529556406e-06 1.307144542346646e-19)
(-3.973746601626006e-06 -6.373929319612856e-06 7.864711846639068e-19)
(7.922510978727805e-05 -0.06206016661976841 3.262340849146186e-18)
(0.0002726268224189148 -0.08940900612832522 6.307707633738145e-18)
(-0.0005349160567590463 -0.1079859317893356 6.92271972020041e-18)
(-0.0007680734269064122 -0.1168552485203473 1.762977665018934e-18)
(-0.0009222840838514043 -0.1163879153634818 4.096298285198646e-18)
(-0.0008616206311594032 -0.1067585254732238 9.464311138834717e-18)
(-0.0001291444823974115 -0.0882920323237394 9.900289942419203e-18)
(-0.0001919387844369577 -0.06128792444089491 9.158357359970711e-19)
(-2.368257905917422e-06 -6.622426394702389e-06 -9.920948902220876e-21)
(-3.273592328409121e-06 -9.984149196746203e-06 -1.475257051033077e-20)
(-3.876792081282821e-06 -1.329826689371277e-05 1.193550099107318e-20)
(-4.122523853379361e-06 -1.648528431299036e-05 -2.44214572210512e-18)
(-3.987694538055758e-06 -1.945150146198411e-05 -2.707849193012479e-18)
(-3.482434912723854e-06 -2.210019285487979e-05 6.119580074784892e-20)
(-2.647877438813708e-06 -2.434178842585172e-05 3.042279157379889e-20)
(-1.55108698091566e-06 -2.61023080500673e-05 -3.198847965684237e-18)
(-2.778385155344839e-07 -2.73294673869386e-05 -3.660870945853054e-20)
(1.07587410328098e-06 -2.799606861644778e-05 1.101472231916641e-19)
(2.41266272039953e-06 -2.810063742887366e-05 -4.280882594621416e-20)
(3.64200568728516e-06 -2.766552844680114e-05 1.779265809235471e-18)
(4.687171570760926e-06 -2.673298415267929e-05 -7.29999917587419e-20)
(5.490225390528103e-06 -2.535981266595056e-05 4.052035945823171e-20)
(6.014773645758391e-06 -2.361145259279591e-05 1.497541274465181e-19)
(6.246375765947337e-06 -2.1556211863589e-05 1.188100474886198e-18)
(6.190805597991629e-06 -1.926041113072246e-05 -2.925609086423622e-19)
(5.870566784755031e-06 -1.678504875773359e-05 1.848776228508814e-19)
(5.320226577947007e-06 -1.418445051246022e-05 7.479070957615649e-20)
(4.581223663502028e-06 -1.150719309506859e-05 -1.287238921369354e-18)
(3.696836395585467e-06 -8.799410166305741e-06 -4.100121831978356e-19)
(2.707988851397588e-06 -6.110415964797472e-06 -4.150328472876982e-20)
(1.650519387405818e-06 -3.500450842827078e-06 6.752679354771876e-20)
(5.541870756485599e-07 -1.055042493938729e-06 -4.077362425505078e-19)
(0.0004057103572172096 0.001343625472724434 6.80766957230005e-19)
(0.005627524735409889 0.005138269818728048 1.435182958221272e-17)
(0.01554923775127152 0.008290921914785393 3.115291902175283e-18)
(0.02823258998105195 0.01062243245446791 4.00741705927834e-18)
(0.0422508858031215 0.01179370691312786 -1.744411202990131e-18)
(0.05646790962866478 0.01191547258132675 -2.263804648515743e-17)
(0.07075921780484076 0.01320746220765275 -2.206828746310259e-18)
(0.08479244552211099 0.02497955215325808 1.080897962703961e-18)
(0.09260670328582886 0.05876647010585424 -2.002328604362361e-17)
(0.09005910013527867 0.09019155595895466 7.690618657941453e-18)
(0.07558320940079849 0.1038585770241431 -4.110788053513474e-18)
(0.06181655799528477 0.1080182980582741 -1.196547982797988e-18)
(0.04663322255125456 0.1044813767993298 -5.626799911435781e-19)
(0.03159948589345211 0.09359882723157575 2.645156345810111e-19)
(0.0123188500056107 0.07323097967805316 1.302189232495671e-17)
(0.01374715187260359 0.05118365565658013 -1.020470889491325e-18)
(3.680898441891893e-06 -3.628553463896553e-06 -8.619346439767088e-18)
(5.13785587323394e-06 -5.595228419048165e-06 -4.739965348956921e-18)
(6.157221120605891e-06 -7.672440475952821e-06 -5.226103193335864e-19)
(6.655501279031681e-06 -9.800886653746864e-06 6.185003130012757e-18)
(6.598976212102061e-06 -1.190127577385658e-05 -2.854285322353246e-19)
(5.999974728307855e-06 -1.388773753230993e-05 6.455232176600884e-18)
(4.909106211209197e-06 -1.56717771995058e-05 3.120144440003841e-20)
(3.410653691819122e-06 -1.713197245810111e-05 2.426660498716749e-19)
(1.627655303787067e-06 -1.801838771746823e-05 -3.300453349523988e-18)
(-2.455633653163742e-07 -1.816680691703147e-05 1.303247163467808e-18)
(-1.975344946272698e-06 -1.75205712576211e-05 -1.352585175625029e-18)
(-3.34045945319392e-06 -1.611807677559356e-05 -1.089890805072548e-19)
(-4.170490207625749e-06 -1.407210042988008e-05 1.853267412844603e-18)
(-4.369931897981252e-06 -1.154531360110338e-05 5.767240697688553e-19)
(-3.930904401498649e-06 -8.721800703477209e-06 4.729767223224917e-20)
(-2.935137508132402e-06 -5.774998468179287e-06 -2.731896084072797e-18)
(0.0001617632145526327 -0.0618845262642939 -2.200477696800837e-19)
(0.0004672047549911956 -0.08914941133942127 -1.859022858222757e-18)
(-0.0005735301729479208 -0.1076395603474112 -7.246151313172495e-20)
(-0.0006963594146929138 -0.1166394963235676 1.396669529760014e-18)
(-0.0008147670554042864 -0.1163989262384029 1.082087312167806e-17)
(-0.0007356157903415607 -0.1070137613874294 -2.438871116538941e-18)
(-0.0001220822400712344 -0.0886385065123311 -1.213508918092466e-18)
(-0.0001650593914362516 -0.06151548325707825 2.181905054170151e-18)
(-3.31198876188626e-06 -7.597575397028339e-06 -2.828331734283203e-20)
(-4.602755758617398e-06 -1.149189526920759e-05 -5.710428679136922e-21)
(-5.482161625285434e-06 -1.536573793430767e-05 -4.570354811630814e-20)
(-5.874171572963741e-06 -1.912282785524323e-05 -5.230819678527701e-19)
(-5.748954041536933e-06 -2.264744335117282e-05 -2.525850097146729e-18)
(-5.122750619135298e-06 -2.581943304238998e-05 2.509982247903783e-20)
(-4.053712172283016e-06 -2.852748208635215e-05 -4.071681171628154e-20)
(-2.634233367962381e-06 -3.067977856423569e-05 1.667586149045357e-20)
(-9.806888661381035e-07 -3.22114955129695e-05 6.772310149266461e-20)
(7.782782343617638e-07 -3.30887376926289e-05 -2.644722694082324e-18)
(2.513676558694045e-06 -3.330899988048192e-05 3.693765178870236e-19)
(4.107108480576782e-06 -3.289848173277689e-05 1.150790924045921e-18)
(5.459731047156597e-06 -3.190689805089141e-05 3.125836241967291e-20)
(6.49851177729672e-06 -3.04006273798116e-05 1.286060767109391e-20)
(7.179384077382915e-06 -2.845515315676173e-05 -4.568844348181795e-20)
(7.487274170510654e-06 -2.614775237268999e-05 -1.419633130949239e-18)
(7.433303268079968e-06 -2.355129663990808e-05 -1.456309075975634e-19)
(7.049752628173834e-06 -2.072986618519707e-05 3.226444163985126e-21)
(6.383581446405993e-06 -1.773666221769167e-05 1.025077881717055e-20)
(5.489399735646291e-06 -1.461446433781476e-05 4.46311420427469e-20)
(4.422823891513247e-06 -1.139864547002479e-05 -4.52952004671838e-20)
(3.235086597323149e-06 -8.122560853364349e-06 9.04916488297026e-19)
(1.969630749668391e-06 -4.825004549689153e-06 7.144372954507348e-19)
(6.608664267678395e-07 -1.561609167207746e-06 2.562733336746729e-20)
(0.001628945407894453 0.002890992754147018 -5.708348839685349e-19)
(0.005545105189788842 0.005355760811844737 1.040685458491832e-18)
(0.01170558980200872 0.007692769546412583 1.408341200567357e-18)
(0.02020959875520981 0.00959309844307335 6.212224185148043e-19)
(0.02981671837665678 0.01063985615553578 -3.224282184655159e-18)
(0.03979738687386519 0.01151267509194797 -1.862675674792721e-18)
(0.04948195740453169 0.01453091103120334 -1.118980291099649e-17)
(0.05471121424262783 0.02711323840406132 5.361197101365004e-18)
(0.04572562531088816 0.04657150150009647 -5.372930510164194e-18)
(0.0583889778993231 0.09284091141575622 2.132373580151018e-19)
(0.0542875336874593 0.112362339940384 -1.730020086683218e-18)
(0.05174961129522725 0.1186589811807701 -2.489795967968463e-18)
(0.04576093839046582 0.117113726224295 -2.051091660630061e-17)
(0.03696363668252568 0.1079068298960847 -4.398359816668738e-18)
(0.0242184776282153 0.0862895806369415 -1.991008397836156e-17)
(0.02650722210013672 0.05566047557250286 -7.03299515774251e-18)
(2.320348465006949e-06 -2.520239976728372e-06 3.788903499547512e-19)
(3.23800001451012e-06 -3.87992207765385e-06 -3.595262233138884e-18)
(3.885808051880962e-06 -5.318754347000858e-06 1.766422546463305e-19)
(4.211107049554609e-06 -6.80973522777014e-06 -2.143715546209215e-19)
(4.193288892481327e-06 -8.32443879337369e-06 4.229959788727389e-18)
(3.841989152681685e-06 -9.856347265289368e-06 -4.750799897306042e-20)
(3.184677419188061e-06 -1.144413897236855e-05 1.259635737059189e-19)
(2.253092640255947e-06 -1.31298639074566e-05 5.008587479891863e-19)
(1.067295000510993e-06 -1.437058025370065e-05 4.982982374653372e-19)
(-2.260119375959119e-07 -1.490288166862246e-05 1.607549020035085e-19)
(-1.433867481696622e-06 -1.465834202840459e-05 -1.243616240579255e-19)
(-2.38559888979771e-06 -1.367886387091191e-05 -2.484638637320341e-20)
(-2.957697971346998e-06 -1.207374124220003e-05 1.28136112305806e-19)
(-3.085927878951518e-06 -9.993058490358198e-06 2.764495032259784e-18)
(-2.769889907038373e-06 -7.603323297166072e-06 -4.128182719283145e-18)
(-2.070158800954441e-06 -5.061566236932123e-06 6.717412001899708e-21)
(0.0002293230727765331 -0.06169742524456964 -2.216778343610124e-18)
(0.0006177364399716212 -0.08888104150937767 -3.008033318640436e-18)
(-0.0006025237502366518 -0.1073218175197568 -1.413208825278208e-18)
(-0.0006439443297530162 -0.1164621392079584 8.708668779353839e-20)
(-0.0007401747916879302 -0.1164294436856416 5.071398257368852e-18)
(-0.0006409514183901712 -0.1072382839502715 1.775008024382979e-18)
(-0.0001065795727800295 -0.0889256870358153 9.883352354474382e-18)
(-0.0001509056017371423 -0.06170769331342903 2.879673113049711e-18)
(-4.468889185271514e-06 -8.465087242410922e-06 1.700039512156948e-20)
(-6.238350647581165e-06 -1.284180564707215e-05 2.976742194549257e-20)
(-7.464703023362393e-06 -1.72295572689711e-05 1.143555002631938e-19)
(-8.046473398951493e-06 -2.151646533218106e-05 7.210806007601613e-19)
(-7.945892092200871e-06 -2.556592987760392e-05 -4.990595909677522e-19)
(-7.187102934561995e-06 -2.923543462732834e-05 -2.455726612854655e-18)
(-5.849370184293854e-06 -3.239285534425117e-05 9.228519282722098e-21)
(-4.056042138171861e-06 -3.492933569391662e-05 1.744749682031705e-21)
(-1.960460122479033e-06 -3.676808157545034e-05 2.8355594180965e-20)
(2.696996967421761e-07 -3.786880166190346e-05 1.63623623428458e-19)
(2.468060901797105e-06 -3.822790986667858e-05 -3.110486432489728e-18)
(4.483645549845138e-06 -3.787497833056914e-05 2.553762011580601e-18)
(6.192180385450417e-06 -3.686624694237278e-05 -1.264256778433073e-18)
(7.503721543129565e-06 -3.527621705445155e-05 -3.159344161336335e-20)
(8.366165354234856e-06 -3.318846656572743e-05 1.173176775726849e-21)
(8.764680325460978e-06 -3.068680315929627e-05 -7.463376992686358e-20)
(8.717528752968484e-06 -2.784774303773952e-05 -2.745989444963674e-20)
(8.269102600155461e-06 -2.473508322640766e-05 -5.971025556598037e-21)
(7.481244489386356e-06 -2.139705862221368e-05 -9.640793354856501e-22)
(6.424046713742349e-06 -1.786627778482298e-05 2.136766405824491e-21)
(5.167318338451668e-06 -1.416235403878556e-05 -9.941717307681e-21)
(3.773792030319144e-06 -1.02969279444586e-05 -4.657266087393366e-20)
(2.294930454929212e-06 -6.280633502275812e-06 3.529327262611664e-20)
(7.694485388411252e-07 -2.130514234722873e-06 4.789881537284885e-21)
(-1.108355042795826e-07 2.378580874545441e-07 1.965788498317483e-19)
(-3.194780058782959e-07 5.843205244304359e-07 -1.03346574295938e-19)
(-4.905992673539649e-07 8.053160000277837e-07 -2.178246866988796e-19)
(-6.058123847609009e-07 9.068960009576271e-07 4.612845567908318e-20)
(-6.534970227972496e-07 9.037158625446046e-07 6.086263250023473e-20)
(-6.298262682728067e-07 8.152050558779696e-07 3.505967525116919e-19)
(-5.386521925113824e-07 6.615410641031341e-07 3.882921072609626e-19)
(-3.908847820369848e-07 4.608010349960168e-07 5.273826797960203e-19)
(0.02663528512631574 0.05530721394062198 6.332448685037298e-19)
(0.02462666217551121 0.08550513755493673 -4.162380884273335e-19)
(0.03702189635770122 0.1073394393880275 -1.87274417738726e-17)
(0.04568777402285634 0.1169703774858381 -4.222779833778016e-18)
(0.05149797685045554 0.1189550533237625 -8.068759217709674e-18)
(0.0539979712230588 0.1130090005975901 -4.331956541788652e-18)
(0.05808046710153517 0.09347914555726525 -2.256552895837722e-17)
(0.04614315841285372 0.04650070245776017 -1.483061901300472e-18)
(0.05519274445277482 0.02664282057338595 -5.914934524520466e-18)
(0.0507532065819232 0.01365404882936428 -1.357066575701065e-18)
(0.04192275393215093 0.01048184828784042 1.999022519197396e-18)
(0.03284829066939687 0.009548001999724918 4.598287822322185e-18)
(0.02385120424165286 0.00860434411511425 1.190324230003051e-17)
(0.01596644791978534 0.00749253356896991 1.812820559247449e-17)
(0.009447572787342654 0.006576421131873059 1.741592103691532e-17)
(0.006980952577764162 0.006475739876189102 8.609680107554182e-18)
(5.007272392480548e-07 -1.061088936732228e-05 4.227078921179109e-19)
(-3.102775033134077e-07 -1.157833003393414e-05 -2.823362609715345e-19)
(-1.080194471115518e-06 -1.172986251970088e-05 -5.601736345995846e-20)
(-1.680339157313776e-06 -1.115784686245725e-05 -5.38543660032971e-21)
(-2.02696343780135e-06 -9.98450803620099e-06 9.455450764752831e-20)
(-2.08235962956705e-06 -8.351736737134598e-06 -4.29341062086797e-18)
(-1.852765866391243e-06 -6.408234335700215e-06 2.568211617921478e-19)
(-1.38188211205089e-06 -4.292564204293886e-06 2.361023508822899e-20)
(0.0002582802915910556 -0.0614991906609552 -5.024600361759017e-19)
(0.000695711537506998 -0.08859920908040747 -4.294672478622944e-20)
(-0.0006821907026279877 -0.107013045030844 1.748884665273136e-18)
(-0.0006734671248534046 -0.1163109242258476 -9.00537034368262e-19)
(-0.0007457164384366 -0.116483257891239 -9.662468227689935e-18)
(-0.0006025635544874304 -0.1074623206795923 1.667451947469052e-18)
(-0.0001110217967899525 -0.08918253772602325 7.34605633392682e-19)
(-0.000151486179079141 -0.06188196009681082 1.787331130070485e-18)
(-5.828936301671651e-06 -9.168144647437844e-06 8.276436257530581e-21)
(-8.166709771247841e-06 -1.394488042421455e-05 -3.095799523216863e-21)
(-9.808664900389397e-06 -1.876596264212336e-05 1.851769440925931e-20)
(-1.062346541874561e-05 -2.350626038867217e-05 -6.132585377559982e-21)
(-1.056434412480614e-05 -2.801100563159815e-05 -6.489133346562624e-20)
(-9.665101220079312e-06 -3.211811726285723e-05 1.454095471689517e-20)
(-8.030016851336315e-06 -3.567727303268025e-05 -2.457478236957132e-21)
(-5.818703234644119e-06 -3.856475512448556e-05 8.547464166888661e-22)
(-3.227426314531055e-06 -4.069339178362427e-05 1.236578885637627e-20)
(-4.687963876432192e-07 -4.201736515370208e-05 6.007783040311728e-20)
(2.248174795073431e-06 -4.253208736532512e-05 -2.97563336325482e-18)
(4.735773583050443e-06 -4.226977074368215e-05 7.470075123082895e-20)
(6.841498290302518e-06 -4.129166605787351e-05 -2.412292608913716e-20)
(8.457138227214306e-06 -3.967817726851456e-05 7.147262193910285e-20)
(9.522549483664713e-06 -3.751815949093354e-05 6.049773971224978e-21)
(1.002425847361032e-05 -3.489866371229368e-05 -5.973564932033016e-20)
(9.989570275236608e-06 -3.189621879768484e-05 -7.296481112958405e-20)
(9.47729603285462e-06 -2.857046708882498e-05 3.304829808702591e-20)
(8.566502477189088e-06 -2.496063406899011e-05 -3.965732321836824e-21)
(7.344808136883262e-06 -2.108496130304345e-05 -1.456166231567321e-20)
(5.897707130409391e-06 -1.694291116194043e-05 -6.263783528303512e-20)
(4.300216170814752e-06 -1.251969805982122e-05 -2.189926422494151e-20)
(2.611860680120699e-06 -7.792530697316342e-06 -1.8930888581144e-20)
(8.750505225125119e-07 -2.733131807378802e-06 5.660893403687079e-20)
(-1.782036638504707e-07 3.874698947243897e-07 4.78027176563121e-18)
(-5.144598837652538e-07 9.362402757545803e-07 -8.859090176521183e-20)
(-7.912164204207822e-07 1.28256347193764e-06 1.145340698293362e-17)
(-9.786736751204658e-07 1.440560463849064e-06 2.742144720518171e-19)
(-1.057237890963493e-06 1.433857104575151e-06 1.028798357711492e-19)
(-1.019949555078337e-06 1.292744233358928e-06 1.673978383445959e-20)
(-8.731955223433008e-07 1.049171388737766e-06 -4.18554604716737e-20)
(-6.355553615246951e-07 7.322447206272592e-07 -1.187027475089319e-20)
(0.01379870505445137 0.05083179565162697 5.568842234565982e-18)
(0.01246987556341665 0.07262306871256867 2.21872295322863e-17)
(0.03134262001409747 0.09325465593098527 3.426181212017106e-19)
(0.04622485308561523 0.1045233571749024 1.837453120162308e-17)
(0.06126398523575446 0.1084127618788989 2.401380659408799e-18)
(0.07503275698267642 0.1044111006465372 1.07994851594479e-18)
(0.08969665319820963 0.09050919144297292 -2.57141962674472e-18)
(0.0926582491766289 0.05859292505488495 -2.047475659364887e-17)
(0.0854537238874666 0.02432726825922167 -3.414857431203535e-18)
(0.07249429426566326 0.01213973017714664 1.01929558774515e-18)
(0.0595101432582081 0.01074721805849691 7.684246962601668e-19)
(0.04676252673921571 0.01057115005730275 1.969839376278795e-18)
(0.03379419031163722 0.009134617950349252 2.541766182401695e-17)
(0.02267478296138418 0.006323809546495876 3.242035750640537e-17)
(0.007331913616120656 0.006202451272027979 2.652556355729097e-17)
(0.007020373945743895 0.008974258548368686 1.147785418859432e-17)
(8.265389906357556e-09 -7.244685836033798e-06 -2.787013282001765e-19)
(-4.341628920543402e-07 -8.549645589058831e-06 1.035784189157783e-17)
(-8.643353004121612e-07 -8.995765526990246e-06 -3.365122519957009e-19)
(-1.18599230969612e-06 -8.753899631067791e-06 -2.772313218622114e-20)
(-1.349052240029458e-06 -7.957959511398997e-06 2.242071080586796e-21)
(-1.338135711110786e-06 -6.737411111468368e-06 1.006851661769895e-19)
(-1.165383654648869e-06 -5.219486703832068e-06 1.63563691023471e-20)
(-8.619000731483958e-07 -3.521052219323086e-06 2.890953091247434e-20)
(0.0002413048726585148 -0.06127663907964376 4.2794621317858e-19)
(0.0006925617827925518 -0.08828166560498742 1.037863548064181e-18)
(-0.0008288932241783019 -0.1066878420992425 9.136126431235259e-18)
(-0.0007956862720712527 -0.1161809073167316 -1.056655659762143e-18)
(-0.000830285476680263 -0.1165769179214989 3.713881110057792e-18)
(-0.0006093514253523609 -0.1077199297345603 9.840551030196117e-18)
(-0.0001474457353250302 -0.08943288294777366 1.266852632092473e-18)
(-0.0001691647327109624 -0.06205269808433534 1.005090378714669e-18)
(-7.366466303760765e-06 -9.650995994720446e-06 1.653423509008944e-20)
(-1.035167329787005e-05 -1.471367384212334e-05 -2.036270612548545e-19)
(-1.247064905259107e-05 -1.98531907514227e-05 -2.593851471995775e-20)
(-1.355846006200229e-05 -2.49345985948151e-05 3.097803391178688e-21)
(-1.355855204859943e-05 -2.978920873132444e-05 1.837395659147803e-21)
(-1.251600656669729e-05 -3.423985346945021e-05 2.526220776413807e-22)
(-1.056355831522885e-05 -3.8122225963352e-05 -5.496172719210211e-22)
(-7.901664919683811e-06 -4.130128352684706e-05 -1.896914884025199e-21)
(-4.77457210107965e-06 -4.36820459416452e-05 -2.750653331871587e-20)
(-1.444728869258211e-06 -4.52145952515243e-05 -3.847809487009459e-19)
(1.831980581032378e-06 -4.589355647614422e-05 4.657731655211141e-20)
(4.827904734221026e-06 -4.575281618269828e-05 8.565369431977436e-19)
(7.36035196188345e-06 -4.485660722257563e-05 7.866227129614788e-20)
(9.302155555859629e-06 -4.328832556052954e-05 -2.134439284405362e-18)
(1.058558981456624e-05 -4.113853565323967e-05 1.331960577796686e-20)
(1.119989580337401e-05 -3.849354850448869e-05 2.162849550704052e-18)
(1.118334606150996e-05 -3.542574010334857e-05 -6.402785373650339e-19)
(1.061130205497435e-05 -3.198645095349841e-05 1.207389403406606e-18)
(9.582047945450619e-06 -2.820191619407704e-05 3.153085954750539e-20)
(8.202298214785128e-06 -2.407227282920713e-05 -6.29850695646038e-20)
(6.574183657949331e-06 -1.957332585535067e-05 -3.481760554121753e-19)
(4.78525917321196e-06 -1.466046757147687e-05 -8.0762859515983e-20)
(2.902713154399216e-06 -9.273956629835857e-06 -5.334024865779894e-20)
(9.717399452290054e-07 -3.335809166279263e-06 -1.704710576700669e-18)
(-2.561117608138389e-07 5.538247802580674e-07 1.10764585646291e-17)
(-7.408182584464022e-07 1.326293443732916e-06 -1.029211560507412e-18)
(-1.142913900343406e-06 1.813614398402195e-06 2.860180873105854e-18)
(-1.42008747094826e-06 2.0395364448084e-06 -1.46904531349396e-19)
(-1.542435618607368e-06 2.035602685157914e-06 3.805038902567319e-22)
(-1.496708591527604e-06 1.840956195360219e-06 -7.704597889911236e-21)
(-1.288722737000786e-06 1.498187610448828e-06 -5.050286129869805e-20)
(-9.430085940730385e-07 1.048739618570403e-06 -1.024537827149152e-19)
(0.01061604294815037 0.04201655859795733 6.224740240198779e-18)
(0.01095981201679463 0.05966030394421951 6.792224128869859e-18)
(0.03144514169195044 0.07656186008247728 -3.188404231983131e-17)
(0.04848224392822974 0.08673999075456085 -1.192562105153141e-18)
(0.06772552812349499 0.09048580151762357 -2.292689185339225e-18)
(0.08628030504149496 0.08706485183204503 7.064973831493684e-19)
(0.1036698364281479 0.07582677759431126 1.969306656926977e-18)
(0.1123643858747644 0.0544509438060503 -4.002536492019902e-18)
(0.1073519550164345 0.036972587555349 -5.77783924847362e-19)
(0.09312932645711752 0.03126355721436418 1.710028319167326e-17)
(0.07634775735383866 0.03138613126217018 2.599535081539893e-18)
(0.05912819554795688 0.0317802562464924 -8.569606157432166e-19)
(0.04174493365544679 0.03025661995367231 5.236256921986477e-18)
(0.02690599284688701 0.02650161848338423 2.238631515187505e-17)
(0.00652065062894969 0.02240315876293361 3.288992967704762e-18)
(0.007622351789224757 0.01572598884775083 3.683399149583315e-18)
(-2.64234657134689e-07 -4.893073251415088e-06 3.594821638740796e-18)
(-5.138632467025818e-07 -6.114178025870293e-06 -2.697569898813349e-19)
(-7.22809219450872e-07 -6.651868318148166e-06 -5.079997823174045e-20)
(-8.497634328020337e-07 -6.616978239089213e-06 -5.628366044911279e-21)
(-8.797986718097478e-07 -6.113134251338644e-06 -6.499874687422001e-21)
(-8.176543514048368e-07 -5.242433672367035e-06 -4.879867531285983e-21)
(-6.811108141137334e-07 -4.104352821987121e-06 6.516943811941819e-21)
(-4.928175583920197e-07 -2.790567205000977e-06 1.644105928164495e-18)
(0.000175130001335624 -0.06101099029692164 4.317911329669144e-19)
(0.000628698871276741 -0.0878952075123183 4.226157929290802e-20)
(-0.00101870029405412 -0.1063225416870521 -9.097718745773882e-19)
(-0.0009679332212193057 -0.1160787322375102 -8.301610840890807e-18)
(-0.0009374711001008181 -0.1167335626604877 8.584620679319004e-18)
(-0.0006048510607919877 -0.1080390312457799 6.210768690805544e-19)
(-0.000211774448928855 -0.08968598367230862 4.334203976946503e-19)
(-0.000191511021784983 -0.06222208760493548 2.409175735767397e-19)
(-9.040732172965602e-06 -9.863303495778351e-06 3.09017006543373e-19)
(-1.273537477706902e-05 -1.506905724316652e-05 3.40243531262944e-18)
(-1.538052138244574e-05 -2.038080099828763e-05 -2.576806222911522e-19)
(-1.677496902939611e-05 -2.565818605269107e-05 5.361383039159896e-20)
(-1.685196532901661e-05 -3.072422161402117e-05 9.008025307994627e-21)
(-1.566927125902449e-05 -3.539263572719829e-05 1.207780036758746e-20)
(-1.33907799872239e-05 -3.949077082916926e-05 7.857296043449313e-21)
(-1.026125876402769e-05 -4.287698796096549e-05 -2.908969623335685e-21)
(-6.57662535407473e-06 -4.545193000789682e-05 -8.525650094584836e-21)
(-2.652598901905405e-06 -4.716349375671414e-05 -2.811618336618432e-20)
(1.205277920401319e-06 -4.800585173648066e-05 3.37381218493356e-21)
(4.727541095289178e-06 -4.801340649716575e-05 9.638504750078857e-21)
(7.7004618800839e-06 -4.725092161764611e-05 2.877300001762737e-21)
(9.978068361838222e-06 -4.580132592607133e-05 5.941509947995191e-20)
(1.148604344536385e-05 -4.375276201225883e-05 1.319104286684263e-20)
(1.221791723109459e-05 -4.118634844130806e-05 -6.010622462053698e-20)
(1.222477688725952e-05 -3.816586724545855e-05 -7.000296123800752e-20)
(1.160033343116306e-05 -3.473021261569584e-05 3.443855017870135e-20)
(1.046355437984861e-05 -3.088899491227124e-05 -3.698904060634345e-21)
(8.941171838353979e-06 -2.662124354363394e-05 -1.473113383759422e-20)
(7.152223278940112e-06 -2.187674755770681e-05 -5.78401876226045e-20)
(5.196429351317583e-06 -1.657925856241201e-05 2.97817230486925e-20)
(3.147741614432153e-06 -1.063058710313626e-05 -9.090907690364051e-20)
(1.052907437321183e-06 -3.901377790576982e-06 4.973791554187732e-20)
(-3.434537482365548e-07 7.299077785767952e-07 -1.666562126310945e-19)
(-9.95990643369582e-07 1.740955193930971e-06 -2.952083592661228e-19)
(-1.54385594489017e-06 2.384177722632858e-06 -6.696431931485163e-19)
(-1.932093743714676e-06 2.693562227613217e-06 8.650294063929729e-18)
(-2.118418534671068e-06 2.706456553938641e-06 -2.170085046472412e-19)
(-2.078655079751704e-06 2.466840356856598e-06 -9.966592945254382e-21)
(-1.811119502035871e-06 2.02351477444733e-06 -1.167524106779408e-20)
(-1.339630096448049e-06 1.427544623339074e-06 -2.097142678551027e-20)
(0.009672629838425342 0.032933747766757 2.716514996595276e-18)
(0.01072692743695357 0.04689490789740803 1.561492586494516e-17)
(0.03186266645227557 0.05936282489504151 1.175618949533273e-17)
(0.04934911980065752 0.06732632223623947 -1.859826452221792e-18)
(0.06988443878407077 0.0704719212311806 -2.426527305579938e-17)
(0.08994627087544324 0.06845837339886389 -1.92940981378916e-17)
(0.1080072509110901 0.06192156676663173 1.537983353215245e-17)
(0.1187413281458435 0.0518230467465378 -1.776966032780991e-17)
(0.1170049154594449 0.04569938290453468 -4.433829550221844e-18)
(0.1043800644295454 0.04623991387577422 -1.833331818015428e-17)
(0.08642299034000096 0.04847937649450345 -2.84513160993502e-18)
(0.06689572177771896 0.04925730848245204 2.556223391585347e-18)
(0.04703354864452022 0.04695677625519142 3.095983559734843e-18)
(0.03041260381673697 0.04144845472870817 -9.600759155040669e-19)
(0.008668424950401401 0.0337830731729022 -1.920344148239823e-17)
(0.008389592814746523 0.02375334680789418 -4.317262055035846e-18)
(-3.652546475638868e-07 -3.306989490028771e-06 1.314230405453593e-17)
(-5.233870047691006e-07 -4.273186326871688e-06 -2.829634830785459e-19)
(-6.092743408811149e-07 -4.76199609695098e-06 -6.558040540578482e-20)
(-6.2077087674417e-07 -4.824026804414977e-06 4.800510407369266e-21)
(-5.701467910498859e-07 -4.523380502159712e-06 -2.316402002578475e-20)
(-4.775796919702369e-07 -3.929169333888067e-06 -1.200888730332582e-20)
(-3.653775213939212e-07 -3.110545486035698e-06 -1.415290942495482e-20)
(-2.510900905588684e-07 -2.132743526899106e-06 3.698363494854486e-21)
(3.44148309484539e-05 -0.06069578351216773 4.193018335051939e-20)
(0.0004934844158604155 -0.08739257598576715 1.621989353557882e-20)
(-0.001186613301657217 -0.1059120003270046 -8.727003101025951e-20)
(-0.001062931773694244 -0.1160351790662263 4.483542767560376e-19)
(-0.0009183879632315118 -0.1169766485402493 -5.66113168927808e-19)
(-0.0004595598595235384 -0.1084211730606442 -5.50500542932592e-19)
(-0.0002797189691631561 -0.0899146207130975 1.471140761550871e-18)
(-0.0001800418611026273 -0.06236455987797802 1.466856245305731e-18)
(-1.079750806611413e-05 -9.764204386320148e-06 5.525648110061392e-21)
(-1.524052034169835e-05 -1.494652582261467e-05 5.961740835562617e-18)
(-1.844417594885873e-05 -2.025839347168795e-05 -4.945811476498419e-19)
(-2.016969680365471e-05 -2.55592681382413e-05 -6.376773019173701e-18)
(-2.034017929455911e-05 -3.067058814490474e-05 -1.579549168195244e-18)
(-1.90271389896095e-05 -3.540416865764574e-05 3.044350103276279e-20)
(-1.642734590444372e-05 -3.958577003367178e-05 1.804892420001271e-19)
(-1.283188213337789e-05 -4.307282400915248e-05 1.373673626517675e-20)
(-8.590266163133794e-06 -4.576570324047249e-05 -2.394320325893703e-21)
(-4.073048046301583e-06 -4.761240238962275e-05 2.492739889423867e-22)
(3.636073827493168e-07 -4.860706479877051e-05 -1.570758520927304e-21)
(4.408178607676625e-06 -4.878330625993554e-05 -1.565510345806531e-20)
(7.816382865889499e-06 -4.8203670841612e-05 -9.55648949301499e-21)
(1.04245551820648e-05 -4.694680183976686e-05 2.823758154524565e-22)
(1.215333915202091e-05 -4.509396788313362e-05 8.425467715078225e-19)
(1.300229660081923e-05 -4.271645420234277e-05 7.7329466194804e-21)
(1.303699034419349e-05 -3.986503417331916e-05 -6.048164498648054e-21)
(1.237080534098199e-05 -3.656231857172192e-05 -9.896173379845812e-22)
(1.114418107553145e-05 -3.279829532936568e-05 -6.665992416383673e-22)
(9.504008531416156e-06 -2.852888270787435e-05 4.907841278686481e-22)
(7.585721003101084e-06 -2.367688328518678e-05 4.622551775433268e-20)
(5.50014412344492e-06 -1.81343955563038e-05 -2.248602820096538e-18)
(3.326566019552261e-06 -1.176555062342094e-05 1.959768683606991e-18)
(1.111737734993232e-06 -4.390992393867553e-06 -6.561977553593089e-20)
(-4.372530712476019e-07 9.048167368260959e-07 -3.327535150444454e-20)
(-1.271752839023931e-06 2.156954232538158e-06 -2.107915609872722e-19)
(-1.982882285243327e-06 2.965864163651834e-06 1.214312098552105e-17)
(-2.504380423512531e-06 3.376059087937047e-06 -3.97366373621447e-19)
(-2.78103921932428e-06 3.428603260678155e-06 -3.385970206366663e-20)
(-2.773763871854844e-06 3.16741031949723e-06 -3.149768970423114e-22)
(-2.464207978500506e-06 2.639422905860965e-06 3.058727555751874e-21)
(-1.860905455380174e-06 1.894688442087523e-06 1.375062958014041e-20)
(0.008770825581254953 0.02388779230101264 1.32479493605133e-18)
(0.009329504225500178 0.0338651888650776 -7.680586695096641e-19)
(0.0304120533541229 0.04195072471550864 -4.374724613640776e-19)
(0.04719073519527815 0.04752993114821489 -1.833062945840773e-18)
(0.06702608567893713 0.04987673578012263 -2.454228184957283e-17)
(0.08658060495451365 0.04906613731303031 -7.405042281123013e-18)
(0.1045649654490241 0.04667479448766235 2.613877365644265e-18)
(0.1172455745701454 0.04583780831354722 -1.244046057187871e-18)
(0.1190009259572201 0.05165889892715431 -1.615837144207755e-18)
(0.1082181189037275 0.06149718994856695 -2.162626890266582e-17)
(0.09001208809770435 0.06792585342429973 -2.884383796716317e-18)
(0.06976709144647437 0.06992883274622091 2.203330067353197e-17)
(0.04898604576733553 0.06682950851606428 1.904333301503344e-17)
(0.0316014168545922 0.05892809433991868 -1.847663629227165e-17)
(0.009529537571984612 0.04689638534783277 -5.091408684005059e-18)
(0.008887479215768216 0.03285861866972255 -3.479835935619422e-18)
(-3.624002914487043e-07 -2.225244046719153e-06 -5.267532324840835e-20)
(-4.72233574230871e-07 -2.921414063588017e-06 -2.072835084882861e-18)
(-4.999954564535378e-07 -3.302388480707838e-06 9.755312477516441e-18)
(-4.589342850296052e-07 -3.38947317007985e-06 -6.041954339268312e-20)
(-3.739726620547584e-07 -3.218195281978666e-06 -6.383361541446828e-20)
(-2.729082176841646e-07 -2.829518971314798e-06 -2.418763637124855e-20)
(-1.799974358408438e-07 -2.265367934118929e-06 -3.743621425065342e-21)
(-1.097982612599177e-07 -1.566605850808803e-06 -7.776316985892804e-21)
(-0.0001565538619144394 -0.06042636714558861 4.047041415793257e-19)
(5.718497322010353e-05 -0.08675799134928999 1.815026971908604e-19)
(-0.001184981464003803 -0.1055777363120927 -2.002122247661948e-19)
(-0.0007695061105136236 -0.1161562740925333 -5.203292781345092e-20)
(-0.0004456559712373412 -0.1173251126267051 -5.546871004790064e-19)
(8.240784732198945e-05 -0.1088044513600071 -3.893151719739381e-20)
(-0.0002823321168340161 -0.09001834170248298 8.549056538813698e-18)
(-5.161912775043418e-05 -0.06239889220169897 3.057752440516106e-18)
(-1.2571628934188e-05 -9.325820144884429e-06 8.710673377674989e-20)
(-1.777404025192345e-05 -1.430168265355216e-05 1.641035164680307e-18)
(-2.154799509502419e-05 -1.942320709902258e-05 -2.001800797959947e-18)
(-2.361742458313414e-05 -2.455542900317966e-05 -1.200094562142897e-18)
(-2.389584479717044e-05 -2.952571261416893e-05 -8.060689652688059e-20)
(-2.246916028735853e-05 -3.415197303710061e-05 2.756334683355055e-19)
(-1.956755101366402e-05 -3.826591736244903e-05 3.121616696296815e-18)
(-1.552867820029096e-05 -4.173033530790625e-05 1.673313532495345e-19)
(-1.075552605847964e-05 -4.444985428641701e-05 7.674359455629116e-21)
(-5.672859983545499e-06 -4.637507016562415e-05 9.864541125276967e-21)
(-6.86341329119225e-07 -4.750055947318199e-05 -1.866804956808448e-20)
(3.852043027051692e-06 -4.785775602267578e-05 -1.14856826077312e-19)
(7.669402470334916e-06 -4.750407875315945e-05 -2.852411254078619e-20)
(1.058650672576588e-05 -4.650992737582254e-05 -1.453228719315729e-20)
(1.252105608174801e-05 -4.49451997251583e-05 8.083778769297041e-21)
(1.348048031039439e-05 -4.286682874057911e-05 -1.953492767085095e-21)
(1.354618210516257e-05 -4.030851182656872e-05 2.236303091447016e-21)
(1.285194737732896e-05 -3.727335557325638e-05 2.07352646987423e-21)
(1.155968702106256e-05 -3.372964314776153e-05 2.622882690731469e-21)
(9.8357272100343e-06 -2.960941531760441e-05 5.058208455343723e-22)
(7.830555961056216e-06 -2.480910265265437e-05 3.946975264931099e-21)
(5.664339616003789e-06 -1.919111098682563e-05 4.927462644454291e-20)
(3.419761540793021e-06 -1.258508524898524e-05 -7.057098409155349e-20)
(1.141741704133636e-06 -4.766280848091109e-06 -6.925616406677056e-21)
(-5.330629584559838e-07 1.064609500552732e-06 -4.563002736924557e-21)
(-1.555264027554466e-06 2.542824801158271e-06 -3.808175484608542e-20)
(-2.440557730358679e-06 3.517323932979155e-06 -1.821748416725298e-19)
(-3.114241544830386e-06 4.043360432413531e-06 -4.519442240893918e-20)
(-3.51018278045654e-06 4.164779656175635e-06 -3.492191069639182e-21)
(-3.574197459358004e-06 3.922316186437012e-06 2.986495364241592e-21)
(-3.265489776606441e-06 3.353359185205735e-06 1.408855325497431e-20)
(-2.558331078332012e-06 2.489743796118713e-06 4.354391642301546e-20)
(0.007734983463075261 0.01594355591558629 2.544418256218386e-20)
(0.006728827837182949 0.02258171559248302 -9.780793399968205e-20)
(0.02677212267292154 0.02695228359099532 -1.589376729661159e-19)
(0.04182456571784021 0.03072655990665451 -1.033049609695966e-18)
(0.05936196815706653 0.03228748742332584 -4.161903090830802e-18)
(0.07677010069478289 0.03187036606895752 1.430829687423592e-17)
(0.09371029816068317 0.03161509437797352 3.976527743356577e-18)
(0.1080648625614348 0.03707543756656916 1.737141577862816e-19)
(0.1130641103758905 0.05435971267869062 -7.035060150514945e-19)
(0.1041489995683629 0.07557590803694289 -3.934137665722769e-18)
(0.086404035881067 0.08680055400388655 -4.751025966081036e-19)
(0.06742844261886717 0.09024954127322879 6.078228653411468e-18)
(0.0476859284942033 0.08650918105478791 5.132883154547809e-18)
(0.0306413416833787 0.07627427103747141 -1.859573701188976e-18)
(0.008788733096559536 0.05964478177395516 2.170857478567123e-19)
(0.009273548044591545 0.04198237431735997 4.78921772512181e-19)
(-3.054621552540937e-07 -1.472779080060639e-06 -7.953731542571002e-18)
(-3.835357680567232e-07 -1.942107161998462e-06 4.376873791111318e-19)
(-3.898658696606383e-07 -2.209784302827089e-06 2.998106730786718e-21)
(-3.380426985737442e-07 -2.286608103215133e-06 7.246613140156238e-22)
(-2.529378996503698e-07 -2.192141595814753e-06 -2.194634870899068e-20)
(-1.617362407890788e-07 -1.948449013226871e-06 4.376553497314046e-21)
(-8.699059261471631e-08 -1.577165347765592e-06 1.027375323094668e-19)
(-4.114574296814472e-08 -1.099500641984965e-06 5.547227808669557e-21)
(0.0002669158118885139 -0.06052004549476848 6.78663742397298e-19)
(-0.0009741004164546128 -0.08619732048208238 1.491859383476975e-18)
(-0.0004384383224630862 -0.1057755591634688 -1.802224704738252e-18)
(0.000704412637578765 -0.1166620415833196 -2.525090019622738e-19)
(0.001151985221615222 -0.1177307064835924 8.261779762927645e-19)
(0.001479060743638766 -0.1089773967323564 9.377944379331236e-18)
(-6.149308314936945e-05 -0.08976029205025582 2.464654369128051e-18)
(0.0003395704230890887 -0.06214329989295838 3.064131696068309e-18)
(-1.429034123103488e-05 -8.536045654984961e-06 5.467482870712957e-20)
(-2.023191447919973e-05 -1.311458193246342e-05 4.035223303842237e-20)
(-2.45647564008542e-05 -1.784615785536004e-05 -1.881876687976405e-20)
(-2.697754158356843e-05 -2.260739773269575e-05 -4.895630600107165e-18)
(-2.737528031901364e-05 -2.723944021213939e-05 9.910015905757711e-20)
(-2.585838180204638e-05 -3.157468391003226e-05 6.386997339533534e-20)
(-2.268963006347904e-05 -3.545863922889327e-05 2.922883424944357e-19)
(-1.825159936643729e-05 -3.876598306223325e-05 -9.44357293492705e-20)
(-1.299834623421075e-05 -4.141025323019763e-05 -1.593931682756569e-20)
(-7.405876099751598e-06 -4.334719394761448e-05 2.809898120667451e-20)
(-1.9259856755857e-06 -4.45722548523932e-05 -8.278840827687588e-20)
(3.052396579956073e-06 -4.51132508203294e-05 6.121375243126604e-18)
(7.231216966203371e-06 -4.501956508057401e-05 -1.094420181379862e-19)
(1.041880152917538e-05 -4.434948632950483e-05 -3.93624985067825e-20)
(1.253247828181855e-05 -4.315728545708467e-05 -8.715465566468167e-21)
(1.358937557026699e-05 -4.148145936170222e-05 3.537749698334279e-21)
(1.368769476274372e-05 -3.933522320046434e-05 1.252827191140184e-20)
(1.29816550259127e-05 -3.669986409578045e-05 9.938840858230593e-21)
(1.165377979739788e-05 -3.352103857748789e-05 1.397243887203586e-20)
(9.888210362041003e-06 -2.97075700655962e-05 7.852060377494781e-21)
(7.848324997092193e-06 -2.513184712284113e-05 -8.753846824750516e-22)
(5.661201222738898e-06 -1.963059494731719e-05 1.20850305602782e-21)
(3.410519963330709e-06 -1.300463524945899e-05 -4.417307183778773e-21)
(1.13731286844738e-06 -4.991739751818592e-06 -1.245455157090379e-21)
(-6.255218915800567e-07 1.193614286047404e-06 6.004697891105336e-21)
(-1.830691104805736e-06 2.86159609188142e-06 1.910030610589964e-20)
(-2.891570365603363e-06 3.987093932222678e-06 -1.305962003700106e-20)
(-3.728845735403302e-06 4.635841032656508e-06 -3.488387912444213e-21)
(-4.269844329716707e-06 4.854897742157622e-06 7.671944664341621e-22)
(-4.450952145175231e-06 4.682888430487591e-06 6.76370103812704e-21)
(-4.21555161516873e-06 4.148507497059393e-06 3.681309974681019e-20)
(-3.503411574993891e-06 3.260123613115559e-06 -6.508066506063087e-18)
(0.006911661744883203 0.009352102647025087 -9.861287174410776e-22)
(0.006891935550641846 0.007010666189337225 2.391444833832197e-20)
(0.02253781014384844 0.006835098331393105 2.626644961309532e-19)
(0.03393389103057565 0.009443784277877088 4.021688650317189e-20)
(0.04713440790903464 0.01083027497828276 1.087865760816038e-18)
(0.06012201583394362 0.01095324305669699 4.255054599946133e-18)
(0.07331397155510766 0.01222395434301699 2.110496527519337e-18)
(0.08642291136678897 0.02427230272135531 1.215103742163023e-19)
(0.09351646012554882 0.05866028212667058 -7.812159520206225e-19)
(0.0901822228196736 0.09064502027799989 -1.934672616388495e-17)
(0.07500422868422055 0.1046376790944576 -3.49362454855174e-18)
(0.06061301243482631 0.1087295572663307 3.785470240195406e-19)
(0.04483779901140884 0.1047980153217115 8.542712011972796e-19)
(0.02976049026007071 0.0933154968250723 1.968236830423373e-18)
(0.008811155673390627 0.07256023933660019 1.94675769661024e-17)
(0.01198711768870149 0.05081819155513711 5.242667271467535e-18)
(-2.273384510298395e-07 -9.392035564149276e-07 2.506760903265261e-20)
(-2.816319286252922e-07 -1.236821535639809e-06 6.924377498347544e-20)
(-2.843476885373841e-07 -1.410323572039254e-06 8.897959464067516e-20)
(-2.435900936584301e-07 -1.465796491221909e-06 8.094035001777607e-21)
(-1.779358965109737e-07 -1.414781987928767e-06 2.409987563182123e-20)
(-1.083543347832686e-07 -1.268852737711866e-06 1.433058642337129e-19)
(-5.198404305975513e-08 -1.037412174324358e-06 -4.36900579954786e-18)
(-1.884090698213436e-08 -7.284203984393375e-07 1.017417662117196e-19)
(0.003795749894447061 -0.06131660552976719 1.228678175750166e-18)
(-0.0004696495352700693 -0.08730895768034758 8.138308147168887e-18)
(0.00319401432760597 -0.1076574827826769 -1.063225248456062e-17)
(0.005134649874010017 -0.1177942617106712 -1.25915299280923e-18)
(0.005031914190097361 -0.1178836199968447 -5.421558580362576e-20)
(0.004395033180367169 -0.1084234507571071 -1.617958117131214e-18)
(0.0006426789706870542 -0.0886798641323925 2.944541529875764e-19)
(0.001184807835357223 -0.0612563375167584 9.138598131285579e-19)
(-1.587729378047615e-05 -7.400463855778729e-06 -1.74648216047113e-20)
(-2.250489705066683e-05 -1.13926898036576e-05 9.089418719138872e-22)
(-2.736068754284225e-05 -1.553595171013833e-05 -7.0099635977566e-21)
(-3.010184433702211e-05 -1.972437802177582e-05 -3.654946043326077e-20)
(-3.062642381122639e-05 -2.382062846467432e-05 1.141832000359552e-19)
(-2.904887668399368e-05 -2.767985117536637e-05 1.664391711325108e-19)
(-2.566235251091702e-05 -3.116908558209452e-05 -4.000283719201908e-18)
(-2.089066746658068e-05 -3.41812466250562e-05 5.533239002675209e-18)
(-1.523421633087881e-05 -3.664327451152923e-05 -1.448114759744361e-19)
(-9.214860548057303e-06 -3.851846003120624e-05 6.566567341466128e-20)
(-3.324921715270376e-06 -3.98034726031189e-05 2.172115641912445e-19)
(2.015157938249244e-06 -4.052107389017801e-05 -3.513347565337953e-18)
(6.487036900639561e-06 -4.070984001183515e-05 1.612554559826655e-19)
(9.890612067518225e-06 -4.041239269081225e-05 -9.21251048562711e-20)
(1.214576500728861e-05 -3.966363016414689e-05 -2.280736102148778e-20)
(1.32810258764869e-05 -3.848025368406228e-05 7.894701340718333e-21)
(1.341184370082092e-05 -3.685253011996331e-05 3.175416161600308e-20)
(1.27121382669911e-05 -3.473876124788556e-05 2.86506669504948e-20)
(1.138330339247038e-05 -3.206240394911745e-05 7.124575435344495e-20)
(9.624802128492176e-06 -2.871127006294624e-05 1.701775487424206e-19)
(7.609980713208032e-06 -2.453779535856529e-05 8.161219928162871e-21)
(5.469827424709218e-06 -1.935905823858847e-05 -2.252193675739899e-21)
(3.286271012424561e-06 -1.295509846712837e-05 -1.531561692096168e-21)
(1.094270138698923e-06 -5.037262251010024e-06 -1.450111277666944e-21)
(-7.090169333224703e-07 1.276028741957307e-06 5.306193660387637e-20)
(-2.081203434146396e-06 3.074455090412882e-06 2.060154469519249e-19)
(-3.308019924465767e-06 4.31834448499837e-06 4.50199328551208e-20)
(-4.309459310615667e-06 5.082288921246739e-06 5.896587250482969e-21)
(-5.011408579914771e-06 5.416911259936064e-06 5.698474190859809e-22)
(-5.349778561883779e-06 5.362405008782229e-06 -1.11607191289551e-21)
(-5.273371164315728e-06 4.951653034398693e-06 -2.500054692474718e-21)
(-4.749982520631767e-06 4.213244453471661e-06 4.375965529097183e-20)
(0.006819575119936526 0.006893131482291452 2.788648536258355e-20)
(0.00928611537622585 0.006991097911119991 1.911599581557401e-19)
(0.01591256063489824 0.007821170245836903 -1.108148869160335e-17)
(0.02392166699040945 0.008868392383543944 1.806383233183879e-18)
(0.03307440024591379 0.009758090771259262 2.293937956987085e-18)
(0.04229373537749985 0.0106419827055375 2.808394621954469e-18)
(0.05124322208229592 0.01374747587107311 2.142355427926311e-18)
(0.05568597810230858 0.02672151470136368 -3.969593816467907e-19)
(0.04645345006622314 0.04701584959042615 5.108152583758676e-19)
(0.05826098971045515 0.09407264754958126 -3.495442265215198e-18)
(0.05358529170669251 0.1138707188213687 -7.413586835215202e-19)
(0.05046870666350556 0.1200337403483517 2.343114050845379e-20)
(0.04393271601245339 0.1180427649636428 2.58337140544051e-19)
(0.03512535439105718 0.1082023739814526 7.341150778760073e-19)
(0.02056960655329782 0.0857869254754 3.952222095517699e-18)
(0.02572879019954348 0.05465370592743976 3.694290723572515e-18)
(-1.501961370579605e-07 -5.522312168937393e-07 -2.000428612525782e-18)
(-1.869414500386968e-07 -7.270414734018155e-07 -1.093509953997074e-19)
(-1.915183882562291e-07 -8.299309316034398e-07 8.839050150575361e-19)
(-1.678774656588625e-07 -8.644818384100431e-07 9.129916403691675e-20)
(-1.278925456915918e-07 -8.377660262468348e-07 1.659101660200163e-19)
(-8.440461392311693e-08 -7.55751595752285e-07 -6.456376256637203e-18)
(-4.6878453318841e-08 -6.221535061566065e-07 2.38434751387054e-19)
(-2.101171239950184e-08 -4.39035177468225e-07 7.983822470682384e-20)
(0.0195509137958384 -0.05794938470958633 -7.436518706746202e-20)
(0.0128313940234373 -0.09085236322965662 -5.008972994876627e-19)
(0.01555157741196162 -0.1109979360410431 -6.528224474122979e-18)
(0.01562665690548803 -0.1185491411219627 -4.36354337324163e-19)
(0.01268241737001138 -0.1165813385669181 1.606765229366746e-18)
(0.009485680021944679 -0.1060624104055025 -9.913640616846276e-18)
(0.002098697048823875 -0.086010577801073 -1.435717805553625e-18)
(0.002613716160910504 -0.0592094551733625 -8.058227731973045e-19)
(-1.725697195394549e-05 -5.94319122459476e-06 4.864644699085038e-18)
(-2.448489090611013e-05 -9.172230321843194e-06 -5.089970099202045e-20)
(-2.980325870418363e-05 -1.254098278860409e-05 -1.292745250310564e-19)
(-3.284315772044278e-05 -1.596653289153132e-05 -2.436606858859371e-18)
(-3.34976684349908e-05 -1.934025482375461e-05 5.251478370766357e-18)
(-3.189418753910423e-05 -2.254771700999645e-05 -9.860357770136899e-20)
(-2.835255976703106e-05 -2.548458175569927e-05 2.094590178996949e-19)
(-2.333217788523046e-05 -2.806779804024077e-05 -8.386825145685999e-20)
(-1.737275348882503e-05 -3.024172585234554e-05 -2.819885801525035e-20)
(-1.103429734571624e-05 -3.197925943830191e-05 -1.005992038399283e-19)
(-4.841916660708063e-06 -3.327846622202613e-05 3.251071409810789e-20)
(7.59614487781321e-07 -3.415565739184703e-05 2.043823082903784e-19)
(5.437802433518567e-06 -3.463609584130516e-05 1.818970177368171e-20)
(8.988845149716191e-06 -3.474368480955829e-05 -2.342536254030402e-20)
(1.133829024621113e-05 -3.44909455220583e-05 -6.02631448396916e-21)
(1.25275039357458e-05 -3.387038707768834e-05 -2.444641802181516e-21)
(1.268902340760883e-05 -3.284802119042792e-05 8.535270806560479e-21)
(1.201492782836792e-05 -3.135932156213186e-05 4.671535167777099e-20)
(1.072287243797128e-05 -2.930743007609682e-05 3.659251381918954e-19)
(9.024350037263091e-06 -2.656292828047218e-05 3.090882815325727e-18)
(7.099115067061532e-06 -2.296408856537193e-05 1.572487719582331e-19)
(5.078641711557015e-06 -1.831624650873139e-05 2.554226805954235e-21)
(3.04015405093127e-06 -1.238883732813858e-05 1.171087420151746e-21)
(1.010351278629779e-06 -4.880640650298078e-06 -7.915767092391577e-22)
(-7.783924443423751e-07 1.2976724101171e-06 2.794394056421089e-19)
(-2.291151515114876e-06 3.145177385159917e-06 1.163516736357871e-18)
(-3.663230303170084e-06 4.455516730984387e-06 2.071813180837482e-19)
(-4.817086916464319e-06 5.308301215159136e-06 2.358134328184907e-20)
(-5.680468551661595e-06 5.755461461684811e-06 -3.507245713938434e-21)
(-6.192426032134617e-06 5.837354446108604e-06 -4.258849135433745e-20)
(-6.310487985440073e-06 5.589356733000199e-06 -1.719681425540403e-19)
(-6.024730010876708e-06 5.050506641571945e-06 5.204621285969133e-20)
(-5.386919552426844e-06 4.281842201575917e-06 1.86680623068052e-20)
(-4.571397591017923e-06 3.420266199499582e-06 4.769717806158752e-20)
(-3.875784940882447e-06 2.697416184855965e-06 2.15016343471576e-19)
(-3.283066005703265e-06 2.101147103528156e-06 1.736113467934753e-19)
(-2.741190296638805e-06 1.601159950763518e-06 -7.005035732821884e-20)
(-2.211040570454341e-06 1.177105822039515e-06 8.897217703673635e-20)
(-1.673176706872004e-06 8.15962350048105e-07 1.609799407718666e-18)
(-1.125081809208103e-06 5.052042101987009e-07 1.125792627287439e-19)
(0.02645251516590076 0.0562538117807148 -1.013786452778448e-18)
(0.02406760845264438 0.08721777203691243 -4.201840260822417e-19)
(0.03627764274961948 0.1092810050994537 -4.019173080034529e-20)
(0.04472939085005642 0.118675024171827 2.956840814839487e-19)
(0.05051700486761519 0.1199844869098892 7.899572694802934e-19)
(0.05383018283397548 0.1129552973004219 6.886355533537955e-19)
(0.05817854385940822 0.09148180371332892 2.01001580004577e-18)
(0.05166568884792271 0.04239339411613992 1.384122055442314e-17)
(0.062321775076996 0.02075269171962089 7.538230541477313e-18)
(0.06499855271531534 0.005771279901592893 4.520189513309789e-18)
(0.06385668307606168 0.001734916729253115 -2.739455464125032e-19)
(0.06341173049452727 0.0007257347618932408 -1.243106819744604e-18)
(0.06341150145411101 0.0005221546444919258 -1.589202726239259e-18)
(0.06384312414752157 -0.0001095470765288531 -8.99002035622216e-18)
(0.06488502068167726 -0.0035268075225623 -2.021808846189917e-18)
(0.06139820595044903 -0.0183564969703228 -7.006506939691749e-18)
(0.04756675816374469 -0.04485272046065667 -2.088888338657142e-18)
(0.05117229822019246 -0.09060497007393807 -1.050129823109563e-18)
(0.04090435067967465 -0.1091013263422587 1.319563158184312e-17)
(0.03344652614161273 -0.1143457376541369 3.549311117813484e-18)
(0.02428531096364961 -0.1109368168899655 1.285007755731071e-17)
(0.0166085658997638 -0.1001012136768563 -7.859418424651527e-20)
(0.004292762699937266 -0.08071563076965073 -1.227004662975089e-19)
(0.004505059324098481 -0.05542056228879231 -4.663785669164775e-19)
(-1.835933062344433e-05 -4.206592764183746e-06 -1.62130386514102e-19)
(-2.607150720331051e-05 -6.517808892866038e-06 -2.567660639825567e-20)
(-3.176919616784853e-05 -8.948835103579113e-06 -1.98064343624058e-20)
(-3.506425181540426e-05 -1.144439717229873e-05 -1.385710633440444e-19)
(-3.584704979815029e-05 -1.393078792712339e-05 -1.476840978163595e-19)
(-3.425620394995402e-05 -1.633058195803835e-05 -3.1823946839486e-21)
(-3.06332164185315e-05 -1.857412505130605e-05 5.370499953642393e-20)
(-2.546551946111921e-05 -2.060725656872998e-05 1.549470871356856e-20)
(-1.932300738492201e-05 -2.239501413660891e-05 -8.498981084481952e-21)
(-1.279402873371029e-05 -2.392143122014606e-05 5.419192541895438e-18)
(-6.426856578469094e-06 -2.518590969796024e-05 1.951281091397621e-20)
(-6.819247909081207e-07 -2.619697281321088e-05 3.099393933069205e-20)
(4.101253814956093e-06 -2.696442876908424e-05 4.054618827099636e-21)
(7.72037965574685e-06 -2.749106555953473e-05 -3.80021424119491e-21)
(1.010975668084928e-05 -2.776493725550866e-05 -5.914782926460408e-21)
(1.132459653038314e-05 -2.775309452048317e-05 -5.716733008466067e-20)
(1.151366420068455e-05 -2.739728104354149e-05 -5.662686702115729e-20)
(1.088482793067104e-05 -2.661170511450255e-05 -1.416532866523109e-19)
(9.668582095292923e-06 -2.528254737084435e-05 4.137978397961609e-20)
(8.084476119887059e-06 -2.326844091368524e-05 9.900952169542883e-20)
(6.314640983887598e-06 -2.040081218543507e-05 1.596427627164799e-20)
(4.487377409342506e-06 -1.64827481832692e-05 2.208512723481931e-21)
(2.672235910360207e-06 -1.128499593991503e-05 -2.388375303630586e-20)
(8.856221407376385e-07 -4.509855957850369e-06 -5.247576756545695e-21)
(-8.296301701193626e-07 1.247773112793629e-06 4.93547935758401e-19)
(-2.448212558696556e-06 3.04499771491178e-06 3.288332114899835e-19)
(-3.935768226957738e-06 4.352408915421924e-06 6.477559950868943e-20)
(-5.219590632258209e-06 5.248736026716281e-06 4.64090900604346e-21)
(-6.231169500361435e-06 5.782621922558557e-06 -3.57396228114917e-20)
(-6.913132750300654e-06 5.989507064449538e-06 -2.693174012908422e-19)
(-7.22761319873165e-06 5.899289763214906e-06 1.212947506256949e-17)
(-7.169178701531449e-06 5.545090088929835e-06 3.853366096853374e-19)
(-6.782395706820057e-06 4.975712995360614e-06 -1.482566092504403e-20)
(-6.176753599279432e-06 4.271320229343151e-06 2.783396240086981e-19)
(-5.493766656306171e-06 3.543689346178396e-06 4.498943556815508e-20)
(-4.784455294786112e-06 2.847459319001069e-06 -6.415644731619817e-20)
(-4.054168450527695e-06 2.208512688305943e-06 -4.203201136530721e-19)
(-3.295161889660045e-06 1.63822245931311e-06 -8.326619775866734e-20)
(-2.504487719042631e-06 1.138650087330675e-06 1.016191930664322e-19)
(-1.689210402429885e-06 7.035934382754183e-07 6.858396851488357e-21)
(0.01352287401973784 0.0520681880435385 8.716191177336722e-19)
(0.01198383458014385 0.07447955171070907 3.474613235187338e-19)
(0.03080667060218449 0.09529210300235563 4.267141775156962e-19)
(0.04563161225210891 0.1061420360376576 1.9575921204989e-18)
(0.06084094773587941 0.1088946132130061 1.940882440779045e-17)
(0.07547319109803081 0.1029303739977171 2.953210228758802e-18)
(0.09152319165803689 0.08589044022235874 5.471285523234776e-19)
(0.09799003905485162 0.05204717169486062 2.5462978904434e-18)
(0.0963879305345017 0.01692019004508266 2.942916300447142e-17)
(0.09263096166157572 0.003204854993329414 6.213875899485487e-18)
(0.09091046558793783 0.001151552603755559 -8.168461036997641e-18)
(0.09082135375503277 0.001006863085447304 -2.524061545580122e-18)
(0.09083742322521383 0.0009159013560480871 -1.756414943328467e-18)
(0.0908916336169264 0.001327807047756435 -9.384479337807143e-19)
(0.0924261368800427 0.0005790591942640615 -1.139454744335451e-17)
(0.09614386783607565 -0.01188636377853105 -3.379265583166785e-18)
(0.0957906791192052 -0.04809453932544449 -8.78245184519489e-19)
(0.08628412916481827 -0.08116609774871053 -9.001832085286648e-18)
(0.06785796126970942 -0.09631654917776755 1.568161136521432e-17)
(0.05180078095109974 -0.1015584867665967 4.126236044529967e-18)
(0.03614843780675078 -0.0988967757185328 1.255555629753505e-17)
(0.02381599911240314 -0.089402569316635 -1.311780180304406e-17)
(0.006562145578535803 -0.07220402278214778 1.291062094050698e-18)
(0.006423891451066172 -0.04960696118080797 7.36542320008773e-19)
(-1.912420036740553e-05 -2.249815210943196e-06 -7.180444638531232e-19)
(-2.71783767258147e-05 -3.520248330709207e-06 -1.134529681742709e-19)
(-3.315227417775716e-05 -4.883358886200069e-06 -1.664984827487062e-20)
(-3.664649828507091e-05 -6.315137200559734e-06 9.291824020556367e-21)
(-3.755121445945956e-05 -7.781657290597491e-06 -2.371733026704367e-20)
(-3.601392053643494e-05 -9.24763331353962e-06 2.044924201219914e-20)
(-3.239149190662274e-05 -1.068272878038731e-05 7.995555251751085e-20)
(-2.719021028478163e-05 -1.206526679334839e-05 1.435803957791956e-19)
(-2.099919546286926e-05 -1.338321853918637e-05 1.247804375766329e-18)
(-1.442355469996213e-05 -1.463261996923534e-05 3.275251058662676e-19)
(-8.023588221102267e-06 -1.581383941930657e-05 1.188848885026611e-18)
(-2.265589452405282e-06 -1.69263476733722e-05 1.442552343593851e-19)
(2.511700148280028e-06 -1.796278974877782e-05 1.248428140455126e-20)
(6.112857744896335e-06 -1.890319436027963e-05 6.601627953096094e-21)
(8.483777069284671e-06 -1.97100738952502e-05 9.268146460769638e-20)
(9.693932666231752e-06 -2.032496297902633e-05 -3.409238195120685e-19)
(9.906672737809527e-06 -2.066665409822949e-05 -3.355494898220898e-19)
(9.342456969120279e-06 -2.063103175908658e-05 -3.067800924806139e-18)
(8.240463201243599e-06 -2.009203610268831e-05 -2.079088838648271e-19)
(6.823791217772709e-06 -1.890294492241755e-05 -2.0381452213005e-18)
(5.272641454809042e-06 -1.689689416723913e-05 1.670356057968703e-20)
(3.708466676731166e-06 -1.388540006750944e-05 -2.818619028357381e-20)
(2.190372843044041e-06 -9.653631830155995e-06 -1.704517991626063e-18)
(7.227680041510222e-07 -3.924947350141244e-06 -1.423405085546181e-19)
(-8.603455485805417e-07 1.120587747872361e-06 1.206472749423678e-19)
(-2.544951838535394e-06 2.757222763578133e-06 1.630796804728673e-19)
(-4.112307142689012e-06 3.980090701377126e-06 2.656011861306465e-20)
(-5.496384211147506e-06 4.860030137086976e-06 -2.937468519458006e-21)
(-6.633666694776021e-06 5.437126573833292e-06 -6.306855774449196e-20)
(-7.470031470288487e-06 5.736889579090838e-06 -4.490813026792581e-19)
(-7.968496893923267e-06 5.778036914928916e-06 -6.457473049855282e-20)
(-8.118914775103424e-06 5.580543197372971e-06 5.005346029946583e-18)
(-7.946773139274818e-06 5.174606955397117e-06 -3.291015603804464e-18)
(-7.51348731140738e-06 4.608759636891713e-06 2.528992995093219e-18)
(-6.895591596007243e-06 3.949072416065819e-06 -1.301350001395991e-17)
(-6.144886054570455e-06 3.25344358544262e-06 -6.180091855217791e-22)
(-5.289660135812668e-06 2.56768022117819e-06 -8.645727065760563e-20)
(-4.345892340024138e-06 1.924222008346105e-06 -1.265984658424711e-20)
(-3.328216512379564e-06 1.34239383187823e-06 -3.160784511724404e-21)
(-2.254818956070421e-06 8.29429026051598e-07 -7.838812852200837e-22)
(0.0104674451288531 0.04331266432241075 3.428727928263839e-18)
(0.0107330659028586 0.0616171085151733 2.131515639495916e-18)
(0.03123237358582807 0.0786604817436925 1.875343100155631e-18)
(0.04823467650194437 0.08828523294764395 4.777223441481891e-18)
(0.06754866685355625 0.09058404312859543 6.784529018249942e-18)
(0.08649338257475442 0.08453484526765455 4.662140784922889e-19)
(0.1047329330275571 0.0689882765903734 -2.258626974034287e-18)
(0.1159688023623165 0.04222605901153915 3.955725502524282e-19)
(0.1172609859267598 0.01828421731770973 5.942602564293344e-18)
(0.1142045839601752 0.005904792531818215 4.133291982438045e-18)
(0.1121803619005346 0.001694973993600905 1.43828147950204e-17)
(0.1116368705346457 0.0004196244319090418 4.924287909742554e-18)
(0.1116842994292827 -3.201219483497539e-05 -1.639491257435566e-17)
(0.1123218199749302 -0.0007483374323183959 -1.080492163073132e-18)
(0.114480918572273 -0.003792350368074088 -1.370765580727908e-18)
(0.1179265848578704 -0.01468405887615992 -2.76905457640403e-19)
(0.1159417483048575 -0.03778164067969927 -2.03307555855199e-19)
(0.1028260749472913 -0.06266374600714575 -8.632407664556958e-19)
(0.08309983957703906 -0.07687026512282751 -2.660033212823721e-18)
(0.06349615841282233 -0.08302007180644187 5.80968306098151e-19)
(0.04428828721022306 -0.08207720807432778 1.193957663962931e-17)
(0.02897883665466075 -0.07488841050618592 3.285531940843852e-18)
(0.008175340666020783 -0.06101085295830062 9.07334884289283e-18)
(0.007877053358476025 -0.04203465808530887 1.88613092538221e-18)
(-1.950523325138821e-05 -1.461954548657475e-07 -4.417855108579466e-19)
(-2.773883049722072e-05 -2.926859351041165e-07 1.877605861330936e-20)
(-3.3870245912396e-05 -4.992893015971604e-07 3.899067568882417e-20)
(-3.749765515986196e-05 -7.756781083153273e-07 2.302904762104258e-19)
(-3.851358233130644e-05 -1.130950670193403e-06 -3.471359963057973e-19)
(-3.707150723329406e-05 -1.575320444224511e-06 -3.457471453519049e-20)
(-3.353634260686716e-05 -2.120681585649018e-06 1.354452144892039e-20)
(-2.842268566636934e-05 -2.779925872828121e-06 2.396042445866407e-20)
(-2.23264914934007e-05 -3.565034245962915e-06 2.788668966818854e-19)
(-1.585671725801195e-05 -4.484130006404642e-06 -3.606452874258108e-18)
(-9.573485243846106e-06 -5.537835008055225e-06 3.051861041894363e-19)
(-3.938456816277285e-06 -6.715385383541071e-06 2.693589146519837e-20)
(7.184497982331943e-07 -7.991025101845785e-06 5.905760002806865e-21)
(4.213911156277037e-06 -9.321176019779442e-06 1.451173683512463e-19)
(6.507729934364034e-06 -1.064277210594575e-05 -3.787689571775495e-18)
(7.683308948169376e-06 -1.187296575835958e-05 4.492075046591453e-18)
(7.91608073740714e-06 -1.291016944667553e-05 -1.17679959602854e-19)
(7.435088804901339e-06 -1.363612017765757e-05 3.863331889312945e-18)
(6.483403509409966e-06 -1.391838320325225e-05 -1.206593531637588e-19)
(5.282799619938739e-06 -1.361247678076122e-05 1.319114840058787e-20)
(4.007174664455633e-06 -1.256263250106566e-05 4.95681907269533e-19)
(2.767675833035025e-06 -1.060013115995392e-05 -2.982795154498834e-20)
(1.610619016052643e-06 -7.538192404210695e-06 -4.18197443768542e-20)
(5.27233640901497e-07 -3.139261986374528e-06 -1.08817185625852e-18)
(-8.699690078394851e-07 9.166423065405313e-07 1.117324822549398e-19)
(-2.579354032843139e-06 2.280847535741091e-06 8.08743443447801e-19)
(-4.188432758633421e-06 3.33310054607383e-06 1.152546236174158e-19)
(-5.639250444494127e-06 4.129351921799279e-06 6.748602688918084e-20)
(-6.874164930008048e-06 4.696565633309285e-06 4.260868065996534e-19)
(-7.841954566743543e-06 5.04708343557897e-06 1.430620788847038e-19)
(-8.504210861058539e-06 5.186253106631151e-06 5.755485113897012e-21)
(-8.842104541591754e-06 5.119995923173184e-06 3.475127249823373e-19)
(-8.860815843134227e-06 4.862346970195205e-06 2.038929635194584e-20)
(-8.587896672813478e-06 4.441197490889955e-06 -4.339251259988618e-19)
(-8.063241639095879e-06 3.898004656457087e-06 -1.454923739381029e-19)
(-7.324590468969251e-06 3.279456422785113e-06 -3.148485136060166e-20)
(-6.403399059020515e-06 2.631613308011482e-06 1.976110470186214e-20)
(-5.326451828385412e-06 1.994698343041335e-06 1.002027160127201e-19)
(-4.119547428503047e-06 1.399705224461312e-06 -9.195144530230036e-20)
(-2.810179802805682e-06 8.664358408468943e-07 -1.084676243555706e-20)
(0.009680231182287979 0.03421387173157658 5.800482736118784e-18)
(0.01072476823394146 0.04885921705626901 1.990810013093102e-17)
(0.03204588965918173 0.06147102362081178 1.849141549545435e-17)
(0.04957902186911541 0.06886772304054221 1.56064817903403e-17)
(0.07011905597461074 0.07050872244230863 7.983316783219022e-18)
(0.09015344589830233 0.06557161946755376 -8.880048596254693e-18)
(0.1083504524122678 0.05384699452112469 -5.678122564708991e-18)
(0.1206535515305565 0.03569894787147809 -2.414840930779423e-18)
(0.1248954286468992 0.01851950657694562 1.376323473785543e-17)
(0.1246315596666294 0.007913044805058087 2.231349183179238e-17)
(0.1237759414793386 0.002977624227250278 3.461009137293335e-17)
(0.1234200303462955 0.0008834903734882925 7.932273326498432e-18)
(0.1235036156763802 -0.0002431865273335933 -1.739018495153877e-18)
(0.1240764122711427 -0.00183992458728359 1.854405885101343e-17)
(0.1253313302237951 -0.005742876809754805 3.853909794242168e-18)
(0.1263091721794421 -0.01473455942433958 2.042368297285992e-18)
(0.1220735839309613 -0.03000934189700866 2.306209114246598e-19)
(0.1085717325055718 -0.04604892975932075 -4.046000080129556e-18)
(0.08913301615489325 -0.05697173759322022 -2.429836849061683e-17)
(0.06853457554702121 -0.06269690365753944 -4.510483300954308e-18)
(0.04800356629477319 -0.06307323939992396 1.763138497996982e-17)
(0.03142353315891187 -0.0583008154456813 1.446043893885994e-18)
(0.008927454401278545 -0.04824363853965025 -3.209119161847485e-18)
(0.00858180969357491 -0.03337411118414838 -2.403558892829739e-18)
(-1.947291632371263e-05 2.020356741373459e-06 -9.776452810366507e-21)
(-2.771038611025251e-05 3.034978513413809e-06 7.306989133766889e-19)
(-3.387052187191122e-05 4.025332028415127e-06 3.890897249114043e-19)
(-3.75583144033183e-05 4.946973814672377e-06 1.951961877609807e-18)
(-3.867115725748275e-05 5.746348826543872e-06 7.146126094129756e-18)
(-3.736512697718108e-05 6.366370045637415e-06 -3.9282329957123e-19)
(-3.400504391586848e-05 6.751912827025655e-06 -4.903440748262376e-20)
(-2.910232949758246e-05 6.855087112445893e-06 -2.450481407580898e-20)
(-2.324642202329238e-05 6.640098576444836e-06 4.751724509787315e-21)
(-1.703640295418413e-05 6.087473011506155e-06 1.399771825560269e-20)
(-1.101946033159936e-05 5.197397116875053e-06 -5.014935839177236e-20)
(-5.641924574149252e-06 3.99195460616317e-06 1.539330868389413e-20)
(-1.216992752418747e-06 2.516054710516541e-06 9.049739766621275e-20)
(2.088833516427778e-06 8.36944610023275e-07 1.628453962663078e-19)
(4.250830376231719e-06 -9.576795177827519e-07 -3.471796709873397e-18)
(5.365094268925159e-06 -2.762798543787855e-06 -2.761434461846386e-20)
(5.615735538752891e-06 -4.460084116484579e-06 2.527396746695963e-18)
(5.23559745586107e-06 -5.922273012498461e-06 4.444877399264712e-20)
(4.466324429921792e-06 -7.017222834941692e-06 -1.08836465735425e-19)
(3.523288047237714e-06 -7.61086456384924e-06 4.108202289306519e-21)
(2.569851571881812e-06 -7.56822358340169e-06 1.035124995430816e-19)
(1.703841550872642e-06 -6.751706019908921e-06 -4.648534623369871e-19)
(9.570880780963549e-07 -5.015945733507273e-06 6.987651346133024e-19)
(3.071802472337873e-07 -2.17991559177573e-06 -5.345272341071957e-18)
(-8.595861762672745e-07 6.43431751196278e-07 1.715739146766179e-20)
(-2.554298259858749e-06 1.632634251151654e-06 1.147142065397956e-19)
(-4.16760029039575e-06 2.43294180534158e-06 5.549662329078832e-20)
(-5.650441862970965e-06 3.079318575628241e-06 4.691632020788534e-19)
(-6.951539075015795e-06 3.582363462426789e-06 -6.511958960537999e-18)
(-8.022292518551806e-06 3.93982822902752e-06 -7.792044909886374e-18)
(-8.82178094100414e-06 4.143654084970286e-06 2.780784425203643e-19)
(-9.321676821463635e-06 4.186813517224712e-06 -1.19051266363134e-17)
(-9.509369013103487e-06 4.069549224441742e-06 -7.672464569919786e-18)
(-9.387843007796406e-06 3.803602377502185e-06 2.922217185641989e-19)
(-8.972099213638493e-06 3.412639404657206e-06 -1.353142582617537e-17)
(-8.283974638981922e-06 2.929233177307797e-06 -6.915573720077492e-20)
(-7.349066953252215e-06 2.3909954564999e-06 1.737297560507468e-18)
(-6.195119964674985e-06 1.836044794953189e-06 -5.68937209555814e-18)
(-4.851051064099724e-06 1.298788905169761e-06 -2.064529263495064e-18)
(-3.346478561548454e-06 8.06214140255555e-07 -4.522602737920504e-20)
(0.008917940935750032 0.02504608337974969 2.309776225941359e-18)
(0.00948922208344581 0.03565372537036638 8.629891260942686e-18)
(0.03104219203324082 0.04386867318851361 -5.971940531021609e-18)
(0.04806056932788059 0.04896008248160943 2.356900803556567e-18)
(0.06796114070150054 0.04998084728864809 2.232268799341195e-18)
(0.08714753075429303 0.04635036424511375 -1.905622869223413e-18)
(0.1041892359172067 0.03820358746451882 8.579825432914918e-18)
(0.1164229102650198 0.02641407931561928 -1.606678762305183e-17)
(0.122535372508399 0.01503809302112274 9.296873777393685e-18)
(0.1245238783117456 0.007250588370271736 -5.409877597627548e-18)
(0.1249499273856848 0.002995315043954525 -1.554066390938798e-17)
(0.125020489248324 0.0008545411255247311 -4.140820576207825e-18)
(0.1250912762358214 -0.0005014184177606799 -1.027950430598031e-17)
(0.1252367311699647 -0.00231128532506359 8.162456692255211e-18)
(0.1253674390839434 -0.005854695235746571 9.756496110190724e-18)
(0.1245097192834008 -0.0120494118454358 1.250652340990663e-17)
(0.1189368097216853 -0.02049296479212476 4.153734669698725e-18)
(0.105614835869591 -0.02942028250049756 -9.967097290930631e-18)
(0.08704307447974881 -0.03707289929240849 -2.591965189017071e-17)
(0.06713048548258688 -0.04212484148311535 -7.442250228321906e-18)
(0.04715985427875474 -0.04363971857932604 8.895463787859602e-18)
(0.03094701123605539 -0.04123014346537261 2.795443938986284e-19)
(0.008770999544843562 -0.03507380848904589 -1.028160783659911e-17)
(0.008464410579247066 -0.02443337738763394 -4.684122349397524e-18)
(-1.901695597736862e-05 4.159703747198319e-06 4.930832812868887e-18)
(-2.707812563871106e-05 6.322887070848646e-06 -8.539713924385653e-18)
(-3.313432041570697e-05 8.498533380554472e-06 3.476275824511699e-19)
(-3.680658411132453e-05 1.060775193540775e-05 2.219880445290382e-19)
(-3.799949510600951e-05 1.255301964215119e-05 -4.166173919455989e-19)
(-3.686797336522468e-05 1.423109556019937e-05 -1.213219802091077e-19)
(-3.37681348905319e-05 1.554461668726791e-05 -9.28131697551552e-20)
(-2.919622586643536e-05 1.641195492057434e-05 -1.275989884116025e-19)
(-2.372138331883716e-05 1.677496191866153e-05 -1.878489171526097e-19)
(-1.79188286584136e-05 1.660432683238172e-05 -3.124909130506576e-18)
(-1.231005230161765e-05 1.590241308771319e-05 -9.133883129343265e-18)
(-7.315639651374762e-06 1.470357916265222e-05 1.677949350696315e-18)
(-3.224744533128531e-06 1.307215450686448e-05 2.603893198256647e-18)
(-1.831430572515457e-07 1.109838427630996e-05 1.055061702611003e-19)
(1.800504544360586e-06 8.892783371598745e-06 7.868144757438238e-20)
(2.832735099257916e-06 6.579457665694018e-06 5.116307839341691e-18)
(3.101995565756932e-06 4.289058626136266e-06 -1.969024189089088e-19)
(2.839419046252048e-06 2.15210680938019e-06 2.390879096511961e-18)
(2.279490551666558e-06 2.934398008428308e-07 -1.010072063076207e-18)
(1.626055950035418e-06 -1.171500424862037e-06 2.210978288951735e-20)
(1.02804201240498e-06 -2.137925488467259e-06 2.279038772754922e-18)
(5.675844542002428e-07 -2.510032929466718e-06 1.545232405616108e-20)
(2.611843085563621e-07 -2.196110815389299e-06 1.116636348916578e-19)
(7.322984818471275e-08 -1.08734872067591e-06 4.221231109618623e-18)
(-8.315240851165784e-07 3.154652643718153e-07 -3.436999996098797e-21)
(-2.476305997706077e-06 8.473140370481025e-07 1.773260563736796e-21)
(-4.059040579296918e-06 1.328406035766138e-06 2.637625854178215e-20)
(-5.539758571459271e-06 1.768084032469406e-06 1.567543539891144e-19)
(-6.873612291126777e-06 2.158707429966402e-06 7.300984987902267e-19)
(-8.014519767819478e-06 2.483253381306235e-06 2.100209444057801e-19)
(-8.919070543766928e-06 2.721132714151968e-06 1.258365221921324e-17)
(-9.550585693749239e-06 2.853726457952097e-06 7.453862814922503e-19)
(-9.882349541886007e-06 2.869141655826787e-06 -1.154329972682027e-17)
(-9.899368979399831e-06 2.765318568671501e-06 3.951210204676474e-18)
(-9.598534039728657e-06 2.550872134994032e-06 -2.453640670136958e-18)
(-8.987651449310526e-06 2.244020152133638e-06 -7.160298247798881e-19)
(-8.083996308257992e-06 1.870400084189906e-06 -2.183086539292955e-19)
(-6.911844172736992e-06 1.459970597799277e-06 -1.998919410347543e-19)
(-5.498184981892374e-06 1.043461405073e-06 -5.355325552514805e-18)
(-3.865878329358495e-06 6.489396512022365e-07 4.542483065606977e-19)
(0.007990968033362448 0.01687773156452019 -3.801223558967038e-18)
(0.006932654026095398 0.0240871420831271 -1.055036351110285e-17)
(0.02779732874468363 0.02857198688338416 -1.605641051760223e-17)
(0.04338992902615999 0.0320837879982672 -1.806748648995723e-17)
(0.06127295535965892 0.03284418813924515 5.496100382748488e-18)
(0.07833492470304455 0.0305106633518467 2.539589154608216e-18)
(0.09338668974065942 0.02535124219233886 2.536188610290391e-18)
(0.104629155660678 0.01815896794214616 -1.895241247147268e-17)
(0.1112657706784724 0.01108738487184411 6.31326705770229e-18)
(0.1143919964438019 0.005851977797838606 8.883070735791192e-18)
(0.1156374577677939 0.002623439729067689 -4.031907576715951e-19)
(0.1160358427659791 0.0007450790123641317 -1.770870327535295e-18)
(0.116019551523329 -0.0006122770274687731 6.35465894280702e-18)
(0.1156192632435284 -0.002386348270422373 1.503860851868879e-18)
(0.1148081309545962 -0.005445846678738694 8.804401003011002e-18)
(0.1130931320165022 -0.00920677869714337 2.951626035688029e-18)
(0.1073137370671868 -0.01157944669308334 2.302132378717238e-18)
(0.09480598381999375 -0.01395382026895022 -4.293710698374147e-18)
(0.07770678515025736 -0.01861177345760105 8.868738064948323e-18)
(0.0599115733103748 -0.02304550230500197 -1.522374370935161e-19)
(0.04215983776316239 -0.02555215431364261 -7.970292492718058e-19)
(0.02778003027030167 -0.02527410148395582 -1.533745892005462e-18)
(0.007792334985777696 -0.02269113856768322 -1.206372907983409e-17)
(0.007585982260462339 -0.01600877042127476 -4.928472873545374e-18)
(-1.814765675460864e-05 6.180407004641522e-06 6.112212369782745e-20)
(-2.585661198251186e-05 9.428976109280771e-06 1.055584114629382e-18)
(-3.16789725549483e-05 1.27251134902787e-05 3.432963040093259e-19)
(-3.526065473387287e-05 1.5957266646847e-05 -7.75070633969906e-20)
(-3.651542576087316e-05 1.898638817646615e-05 1.198629958811474e-19)
(-3.55930802100517e-05 2.166590034509007e-05 -1.179671627970452e-19)
(-3.28322974845344e-05 2.3859146882172e-05 -2.345211443791698e-19)
(-2.870213969664165e-05 2.545362723220296e-05 6.14034291526044e-18)
(-2.373779103224298e-05 2.63714436097651e-05 -1.524180223152757e-19)
(-1.84769434928983e-05 2.657562007347264e-05 -1.079883334081415e-18)
(-1.340315515597264e-05 2.60722454012098e-05 2.032706717189951e-18)
(-8.901602707290721e-06 2.490870108081862e-05 1.257632458363116e-19)
(-5.231030744897152e-06 2.316852198993541e-05 2.326007527665189e-19)
(-2.513679436069141e-06 2.096363279100843e-05 1.244311635278943e-19)
(-7.427019294245247e-07 1.842486868370945e-05 6.771206660614968e-19)
(1.955327204036317e-07 1.569173921441209e-05 1.506802390450774e-18)
(4.885400114813723e-07 1.290239917729318e-05 -6.385096799550601e-18)
(3.595784983992639e-07 1.018475842043767e-05 -6.150517698697634e-18)
(2.994243242671751e-08 7.649544676941551e-06 6.602482861248472e-19)
(-3.130681366285502e-07 5.385941122864647e-06 2.484404892742208e-19)
(-5.383732814621782e-07 3.460160008971619e-06 2.465775082285335e-19)
(-5.810862364181123e-07 1.917025651324098e-06 -1.4856022225474e-18)
(-4.398624381302162e-07 7.843838773910136e-07 5.263232813967941e-19)
(-1.620273434369522e-07 8.606322281397294e-08 -1.026989255581165e-18)
(-7.888298964441477e-07 -4.6404483697532e-08 -1.487845605859602e-20)
(-2.354025955110658e-06 -2.420060961290426e-08 1.067979297505655e-19)
(-3.875432578762496e-06 9.27056196453808e-08 -2.768668015075795e-20)
(-5.3216949758789e-06 2.851916077388999e-07 -7.003505278753432e-20)
(-6.654184410171413e-06 5.267349277519439e-07 1.166160477851743e-19)
(-7.829498954689301e-06 7.861584329781242e-07 5.56698858813165e-20)
(-8.802648804872567e-06 1.03158170523766e-06 3.535313821381439e-20)
(-9.530836709389706e-06 1.234197299586088e-06 2.215660393150942e-20)
(-9.977202299940244e-06 1.371471506180031e-06 8.605317774986256e-18)
(-1.011406757964184e-05 1.429303632465798e-06 4.504233065174599e-18)
(-9.925378849265365e-06 1.402924095325608e-06 -3.497412417793411e-19)
(-9.40815877795674e-06 1.296667811522684e-06 -1.557713113805489e-19)
(-8.572723395859801e-06 1.122888591796167e-06 -1.957550404353935e-19)
(-7.440864723999054e-06 9.000799167021298e-07 6.350811708507753e-18)
(-6.040254177291698e-06 6.505264661428589e-07 -6.587879956149322e-18)
(-4.389883340674521e-06 3.982861431534208e-07 2.540187092379022e-18)
(0.007234491180240405 0.01000276025802695 -3.578947105260641e-18)
(0.007257404275185514 0.007689421852888782 -2.287198470984571e-18)
(0.02397207607838544 0.007146563571425515 -1.041579131654042e-17)
(0.03614376136902121 0.00931838049843443 -1.004049643785969e-17)
(0.05005860130034333 0.01010788708017734 2.245130552496108e-17)
(0.06337329950839861 0.00944774399323892 2.138871131281111e-17)
(0.07518030113789295 0.007731445615140264 -1.37941252752367e-18)
(0.08429190727344181 0.005359135369939214 -6.430191868688349e-19)
(0.09021214356879897 0.003088667129995224 1.287757384949588e-17)
(0.09349361860324759 0.001497797764308578 3.147610284826415e-18)
(0.09507510777263155 0.0006458778021637846 -1.043084517669478e-18)
(0.09565388484070274 0.0003526101829779594 -1.717260956039524e-19)
(0.09555217444475171 0.000362759331980686 5.405787073955217e-19)
(0.09472677376521446 5.943161057721691e-05 9.64710590999164e-20)
(0.09339247212040198 -0.001479103374667418 4.256086724692785e-19)
(0.09149564052847781 -0.002675247719141277 4.448481467063273e-19)
(0.08622410652052913 -0.0002365527272409165 4.133464361868182e-19)
(0.07634362162551242 0.001384134842851839 2.848622569412931e-18)
(0.06181162759514191 -0.002036098830346938 4.034165887249782e-18)
(0.04773354529476469 -0.006670183438692376 1.655757319916185e-18)
(0.03376302049959593 -0.01022620300468096 9.707526550605414e-20)
(0.02246474923719352 -0.0117554279499048 1.46088347824029e-18)
(0.006157796069608844 -0.01209596159459293 -7.565645937775277e-19)
(0.006109281948885193 -0.008793708609537241 -5.631201959898936e-19)
(-1.689608405760698e-05 7.995024278392455e-06 3.508439601951628e-19)
(-2.409004542780219e-05 1.221733683306374e-05 6.635136099008841e-18)
(-2.955805705563111e-05 1.651819268447003e-05 4.191266777974022e-18)
(-3.297891446035631e-05 2.075661638174364e-05 -3.592959570221187e-19)
(-3.427718035868511e-05 2.475640121209904e-05 -8.116572102411334e-18)
(-3.359353441148918e-05 2.833246916160307e-05 5.556015156171275e-19)
(-3.124077740233443e-05 3.131363478447394e-05 -1.509710940186203e-19)
(-2.764930968833339e-05 3.356080643333132e-05 -1.873156950907835e-18)
(-2.330742901892995e-05 3.497985608694795e-05 8.028895785862235e-19)
(-1.87025032751466e-05 3.552872521674121e-05 1.7703506879394e-19)
(-1.426894384737917e-05 3.521877060558504e-05 -3.255980845400948e-18)
(-1.034800963756665e-05 3.411083001036974e-05 1.671849230567044e-19)
(-7.162924337842497e-06 3.230691601396299e-05 -4.30890345212318e-18)
(-4.810875727936906e-06 2.99387546454073e-05 1.286349653090903e-19)
(-3.271318286298145e-06 2.71545327204781e-05 -2.878927005533877e-20)
(-2.427984995169029e-06 2.410521153955114e-05 -1.132103123902697e-18)
(-2.100437493351547e-06 2.093166880904143e-05 5.526566701933944e-20)
(-2.080013674478224e-06 1.775375223534792e-05 2.241867894935546e-19)
(-2.164813251581991e-06 1.466210498814223e-05 1.868791723681921e-19)
(-2.188859637713633e-06 1.171328853402762e-05 -4.457091111838327e-18)
(-2.041697396070949e-06 8.928297244409703e-06 1.628272626479361e-19)
(-1.676304194026456e-06 6.294088631478029e-06 -3.864165433187493e-18)
(-1.105190414260149e-06 3.767375562901097e-06 3.95339387196491e-19)
(-3.847758590688061e-07 1.27830282470277e-06 -5.953686211028073e-18)
(-7.347717224767312e-07 -4.163644823791104e-07 3.034233301611818e-19)
(-2.196816549360019e-06 -9.184766215648409e-07 4.929648627439677e-18)
(-3.630835231459425e-06 -1.182223156565116e-06 -6.243880462736604e-20)
(-5.013105179270784e-06 -1.256024731189362e-06 1.225307943557878e-17)
(-6.310823127702756e-06 -1.184779708622422e-06 -1.393073032489129e-19)
(-7.48367943393031e-06 -1.012571927523024e-06 -2.261717909961143e-20)
(-8.4865655499679e-06 -7.810394000754787e-07 -1.235555407117604e-17)
(-9.273274231761611e-06 -5.275872101495951e-07 6.520613822062137e-18)
(-9.800694778681982e-06 -2.837405105185833e-07 3.424164002830792e-19)
(-1.003306614014068e-05 -7.390761264450263e-08 -3.893503320108271e-18)
(-9.945869245279841e-06 8.530938981165907e-08 1.791318025422258e-19)
(-9.528965984675897e-06 1.852366931519344e-07 1.914807808435676e-18)
(-8.788639968190879e-06 2.247107726897858e-07 4.557857643953818e-18)
(-7.748213760883907e-06 2.091393286472905e-07 -5.934057590337309e-19)
(-6.447390049869276e-06 1.490939298279606e-07 3.409351166649456e-18)
(-4.942619690932216e-06 5.883694275017615e-08 -1.187182820658876e-19)
(0.007194276625833283 0.007408542918854505 -4.263130237845389e-18)
(0.009801779522462891 0.007459155253337091 -4.15932367516726e-18)
(0.01682705785178073 0.008146333767701118 -4.612554133724888e-18)
(0.02526625938047083 0.0089203705022539 -1.701687748939266e-18)
(0.0347273840495952 0.009278780015713882 8.785205504539933e-18)
(0.04375938323431488 0.008710179535525778 1.087315942091436e-17)
(0.05172461208366875 0.007255731145529513 8.899611040310208e-18)
(0.05793745857066535 0.005293366877041414 5.218974299383439e-19)
(0.06213833118251364 0.003345695464773071 4.057664175597113e-18)
(0.0645848848815965 0.001834269583060845 1.055034144866273e-17)
(0.06580757014208261 0.0008854385957840943 -6.051527922211622e-20)
(0.06626874517088585 0.0003712270145644623 1.516911469084935e-19)
(0.06622586629691843 5.1539065551243e-06 -2.448423902873554e-18)
(0.06576553529612096 -0.0005552933245262181 3.453022668395911e-19)
(0.06481898341841603 -0.001389521327861815 5.17903464939077e-19)
(0.05850911748667232 -0.001053030489425216 -1.812021492679669e-18)
(0.04608507723937919 0.003014335247190446 -1.871413345558317e-18)
(0.04554234863823275 0.01035691348436629 1.51696304417951e-17)
(0.03867201440831599 0.009063964593350902 -2.028958228969706e-18)
(0.03133530185581865 0.004637865266871724 -4.200425455922678e-18)
(0.02296142743943075 0.000700722699974008 -7.471186128920659e-19)
(0.01578858811736073 -0.001844298668535396 1.003412623295506e-17)
(0.004108764855230174 -0.004074541040134065 4.783039044887614e-18)
(0.004315079691114535 -0.003287233495266959 2.370894868684983e-18)
(-1.531294930982342e-05 9.525367268052587e-06 4.890746218697255e-18)
(-2.185060299182869e-05 1.456646313848994e-05 -5.724698096095216e-18)
(-2.685930561886741e-05 1.971060638125688e-05 2.281666308148642e-18)
(-3.005753778236893e-05 2.47920358861925e-05 -1.243139697855224e-18)
(-3.138181925371394e-05 2.960356159398356e-05 6.908229061558734e-20)
(-3.095994748719862e-05 3.392829219333411e-05 6.59430148642737e-18)
(-2.907114984642637e-05 3.756687153883562e-05 -1.062116406375635e-18)
(-2.609679459118124e-05 4.035903788853976e-05 -6.409264345028874e-18)
(-2.246667353949464e-05 4.21985511628916e-05 1.900458278646206e-18)
(-1.860644298697697e-05 4.304094000490664e-05 -1.433689236787706e-21)
(-1.489159127181922e-05 4.290406662019793e-05 8.363301363028792e-19)
(-1.161239590664886e-05 4.186213130664648e-05 -3.034254386059097e-18)
(-8.952885285519105e-06 4.003433546891154e-05 -6.773676663144403e-20)
(-6.985066522196079e-06 3.756986004990845e-05 4.30909807807144e-20)
(-5.677773092612761e-06 3.463102672553484e-05 -1.648897281276193e-20)
(-4.91763048997328e-06 3.137639386023509e-05 -8.162316441242046e-20)
(-4.538211453739395e-06 2.794530575682283e-05 2.46243115007742e-18)
(-4.352607658540892e-06 2.444510000971069e-05 -5.134837693134639e-18)
(-4.184545890021079e-06 2.094185093968375e-05 1.119333661629019e-19)
(-3.893759652619493e-06 1.745511108547761e-05 6.704304090667682e-20)
(-3.392425071241075e-06 1.395651340134886e-05 -4.831658181365873e-19)
(-2.650949432683606e-06 1.037136922649303e-05 2.97937738762648e-18)
(-1.693208290008165e-06 6.581830085092971e-06 3.222084473165459e-18)
(-5.809654040161939e-07 2.420780952937674e-06 1.024678906867639e-18)
(-6.724400031595955e-07 -7.656410117203174e-07 -7.242920775210838e-18)
(-2.013631726461435e-06 -1.764746486823865e-06 -9.447351601902065e-18)
(-3.339092048826992e-06 -2.393598095580754e-06 1.350827686536859e-20)
(-4.63141482039825e-06 -2.728577467651569e-06 -1.855354920789959e-19)
(-5.863137103836362e-06 -2.83128637238578e-06 -2.557904962908521e-19)
(-6.997589462094032e-06 -2.756850553147254e-06 -4.427589220804231e-18)
(-7.991221128921758e-06 -2.554780576323077e-06 1.210783194981555e-17)
(-8.797188255775176e-06 -2.269207371333485e-06 3.557911525179964e-19)
(-9.369767776276541e-06 -1.938739887939918e-06 5.983176452246065e-20)
(-9.669180463898943e-06 -1.59615251230105e-06 -5.375140798350175e-20)
(-9.66634273769822e-06 -1.268083244979054e-06 9.041052147093286e-20)
(-9.347139849863288e-06 -9.74835298880785e-07 2.422894983217764e-18)
(-8.715894898629877e-06 -7.30355523017711e-07 1.711587806940481e-19)
(-7.797980005816332e-06 -5.424774649222773e-07 -5.57719805885434e-18)
(-6.642271668910304e-06 -4.134269794365056e-07 -3.41070114423154e-19)
(-5.325818010016095e-06 -3.402900514305057e-07 -1.97357806896691e-19)
(-3.965785060689071e-06 -3.143129570616979e-07 -3.710241854320292e-18)
(-2.741242972838578e-06 -3.140268410419325e-07 -2.586366342029903e-19)
(-1.889247989606208e-06 -3.085197534851217e-07 1.351999396008489e-18)
(-1.317542108711627e-06 -2.891663365865368e-07 6.350194432251439e-20)
(-9.291357299487553e-07 -2.596363593470111e-07 -1.715774824270779e-19)
(-6.59520818869011e-07 -2.253150568507986e-07 -3.080070800849618e-19)
(-4.693062767065909e-07 -1.903280835531193e-07 5.431496793342951e-20)
(-3.339771495322261e-07 -1.572053067817533e-07 3.956859976026556e-19)
(-2.374046129756564e-07 -1.273140749994545e-07 2.26754617996323e-18)
(-1.684641686588474e-07 -1.012340163173558e-07 4.987909282303574e-18)
(-1.193382647697409e-07 -7.908355437289023e-08 -8.994227329343635e-20)
(-8.454444033008032e-08 -6.079849734369491e-08 7.952897536671069e-19)
(-6.009433315551371e-08 -4.633880863096421e-08 -4.089849672584694e-20)
(-4.2479061687032e-08 -3.578356840136174e-08 -4.15536997809758e-20)
(-2.810352002155514e-08 -2.954868284603396e-08 -1.960704604135745e-20)
(-1.570980339045402e-08 -2.927612814673797e-08 -6.715646440537667e-18)
(0.01773563254448009 0.005161271057262101 -1.633331031485322e-18)
(0.01135797581054543 0.01022271230995131 -8.357874623972155e-18)
(0.0163734160781249 0.0110603417470853 -1.439195711419908e-17)
(0.01546487595323187 0.008806541929462191 -6.544723505092601e-18)
(0.01253969615906299 0.006151625555753021 5.370625653038135e-19)
(0.009319591718507349 0.003884787785698609 -2.101987955202344e-19)
(0.002165435544892103 0.00104258704755131 -5.992912878113306e-18)
(0.002597877953399757 0.0003548920064161695 1.539906546205306e-18)
(-1.346619549113647e-05 1.07074815115433e-05 -6.084666013260033e-19)
(-1.92349692216846e-05 1.637702021180069e-05 1.286311670597838e-19)
(-2.370028808447401e-05 2.216561892366253e-05 -2.208426338405039e-20)
(-2.662556796924969e-05 2.788865086837591e-05 4.14659965731938e-18)
(-2.795999987026897e-05 3.331573759240893e-05 -1.376905936315371e-19)
(-2.781523060258004e-05 3.820646031182668e-05 -2.005215772461562e-20)
(-2.643045154820034e-05 4.234095557487452e-05 4.476191059846118e-18)
(-2.412933578558067e-05 4.55440300248626e-05 2.735697983420841e-18)
(-2.127346903241928e-05 4.770169081371551e-05 4.271640539880243e-19)
(-1.821732102088528e-05 4.876942379919988e-05 -1.430645068447067e-18)
(-1.52694534944172e-05 4.877215069997928e-05 -1.228930087925606e-19)
(-1.26636973236694e-05 4.779651399928163e-05 -1.356500034465448e-19)
(-1.054266061805174e-05 4.59768902912488e-05 -5.4003609981782e-20)
(-8.954371014761593e-06 4.347714784330302e-05 8.273558674262109e-19)
(-7.861301676388797e-06 4.0470512463117e-05 -1.073811199018181e-20)
(-7.159469810730104e-06 3.711976240856375e-05 4.574060036991878e-18)
(-6.704071637419692e-06 3.355949371509502e-05 1.465933543467087e-19)
(-6.337415604664321e-06 2.988170587331761e-05 1.194392918618776e-18)
(-5.914958132810164e-06 2.6125574991256e-05 -3.758070700554672e-18)
(-5.325951719131489e-06 2.227190304706272e-05 -5.852371628959666e-18)
(-4.506264656358935e-06 1.824200544974148e-05 -4.080391059636172e-20)
(-3.442132284836499e-06 1.389962387832113e-05 4.52362071164223e-19)
(-2.165102666284264e-06 9.053581380229301e-06 1.598658594410365e-19)
(-7.375155334373405e-07 3.441998712467838e-06 1.39232092241752e-19)
(-6.044794199391282e-07 -1.064933459564042e-06 -3.504767973506692e-18)
(-1.81226556789137e-06 -2.491124395136702e-06 -8.942274502733955e-20)
(-3.012717759459118e-06 -3.437093264964451e-06 -1.970631269126844e-20)
(-4.193298231524646e-06 -4.003563105978982e-06 4.155159034986151e-20)
(-5.331354331165829e-06 -4.265970238581061e-06 -4.1255207096084e-19)
(-6.394405182630456e-06 -4.287961209271501e-06 9.927949915043604e-18)
(-7.342076614405817e-06 -4.12464829757707e-06 -4.346303430711388e-19)
(-8.129441949687732e-06 -3.824723744508435e-06 -1.247533576802731e-17)
(-8.711392066300221e-06 -3.431692886336822e-06 -4.746707580995716e-18)
(-9.047623900466321e-06 -2.984466264886331e-06 -3.972244964770651e-20)
(-9.107776553550148e-06 -2.517498509795133e-06 -1.532263677968657e-19)
(-8.876276774030453e-06 -2.060631576567429e-06 -1.569250303879081e-18)
(-8.356523532443254e-06 -1.638758015076475e-06 -3.242137186604829e-20)
(-7.574223746508943e-06 -1.271381015468479e-06 -1.495070880462368e-18)
(-6.579930440044068e-06 -9.720049875508625e-07 -3.657079121769343e-18)
(-5.4508977590682e-06 -7.469709834726987e-07 7.181105768799245e-20)
(-4.291130713710706e-06 -5.930284603728516e-07 -5.669797077402309e-19)
(-3.224754501362885e-06 -4.944230120521162e-07 -1.938337121108196e-18)
(-2.363332136450739e-06 -4.268901182390844e-07 -3.289156514566492e-18)
(-1.709986469541815e-06 -3.717805534042465e-07 -7.046897286953931e-19)
(-1.22830235209999e-06 -3.205520161719735e-07 -6.155992285112453e-18)
(-8.77231759039733e-07 -2.716476383031593e-07 -5.270691109662982e-18)
(-6.22567178058895e-07 -2.261682416636367e-07 -1.831142986221032e-19)
(-4.38386530824883e-07 -1.853225980851664e-07 7.630693815183524e-20)
(-3.055377246884844e-07 -1.496521992393456e-07 1.575540933459667e-19)
(-2.099582793848101e-07 -1.190880805038586e-07 1.75923266738477e-18)
(-1.414425132026734e-07 -9.326693736766423e-08 2.330809476190683e-18)
(-9.2684908754425e-08 -7.184000507589336e-08 1.79378134100301e-19)
(-5.836709088009179e-08 -5.469813645238557e-08 -6.860701349764313e-20)
(-3.438323975448604e-08 -4.22068282179746e-08 -2.682292896692997e-18)
(-1.779516953888047e-08 -3.564067810730943e-08 -3.261304019089301e-18)
(-7.697937480407842e-09 -3.730271167586181e-08 -1.912835599258401e-19)
(0.003271273164718088 0.004896283659553217 -1.503600197816506e-18)
(-0.00127692790881991 0.006595211093460538 5.676410645660452e-20)
(0.004561847545779186 0.008105717939993 4.205845579466099e-18)
(0.005729261290813679 0.008421042491432251 -9.392784704903709e-18)
(0.005495248396718374 0.007665685988984532 1.027223831669064e-17)
(0.004631835147252693 0.006351424846730527 1.102696674960425e-18)
(0.0008549281718462096 0.003762893123308459 7.169583745331258e-18)
(0.001298408742432196 0.002404555421860634 1.124195909203598e-18)
(-1.143751231476699e-05 1.149601567923151e-05 -4.799455803596705e-19)
(-1.635924036809139e-05 1.757856876164268e-05 2.161077458096076e-18)
(-2.022202604523289e-05 2.378612896668849e-05 8.152125312011937e-20)
(-2.283768502292201e-05 2.992229566727966e-05 -1.334178861523627e-19)
(-2.416832952561879e-05 3.574258009575015e-05 8.616340725067545e-20)
(-2.430695681600249e-05 4.099258119970566e-05 2.082212423806524e-18)
(-2.344796359039477e-05 4.544056065473086e-05 3.394522238231022e-20)
(-2.185096656398848e-05 4.890312691805277e-05 2.257366885511055e-19)
(-1.98021750576192e-05 5.126280460574992e-05 -3.248022766880925e-19)
(-1.757780948382476e-05 5.247673647828209e-05 3.239641369320811e-18)
(-1.541355146034823e-05 5.25763550607251e-05 -1.947477657645548e-18)
(-1.348292867101215e-05 5.165858071554032e-05 1.293456399467101e-19)
(-1.188615318366835e-05 4.986992508682411e-05 5.963902452110392e-18)
(-1.064952382613302e-05 4.738566795133795e-05 -6.363606003140269e-20)
(-9.734362481508526e-06 4.438688056611763e-05 -2.265566864934447e-19)
(-9.053398863121103e-06 4.103805948528689e-05 3.247556484434063e-18)
(-8.491660843279198e-06 3.746744101355793e-05 -2.247880178760567e-19)
(-7.928364170030431e-06 3.375115117090939e-05 7.532160283729909e-20)
(-7.256508034537371e-06 2.990195523720518e-05 1.975584945765711e-19)
(-6.397818509747827e-06 2.586335938601144e-05 7.788498046693948e-22)
(-5.311674012337727e-06 2.150911507608458e-05 5.671704142290196e-18)
(-3.997191251201666e-06 1.664592630093887e-05 2.495696363704194e-18)
(-2.488724488059748e-06 1.101586111957242e-05 6.426602652538307e-18)
(-8.436583757140187e-07 4.271603975536061e-06 2.960718652977704e-19)
(-5.329457717395442e-07 -1.287054285563772e-06 -1.204905866363884e-19)
(-1.598933532236005e-06 -3.031286866420475e-06 7.905187575591807e-20)
(-2.662225248576907e-06 -4.216732073865614e-06 1.265709778322954e-19)
(-3.713759698316648e-06 -4.962561856994697e-06 7.971432595885884e-19)
(-4.735159391775401e-06 -5.35397103273717e-06 2.927014980840612e-20)
(-5.698570075752011e-06 -5.459947242280792e-06 -4.111112491068841e-19)
(-6.568153364126068e-06 -5.338560329335145e-06 -1.127686323838086e-19)
(-7.303026466755607e-06 -5.040639537909168e-06 -1.371548344365169e-17)
(-7.861346284226186e-06 -4.612161147224229e-06 -4.75672761126088e-18)
(-8.205138474225854e-06 -4.095617074435787e-06 -3.606666239782315e-19)
(-8.305394481580766e-06 -3.530576852023466e-06 -3.375032585039193e-19)
(-8.146947970020081e-06 -2.953589715118735e-06 -1.009769972208659e-19)
(-7.732646446976773e-06 -2.397533729501904e-06 -7.25064618748386e-20)
(-7.086349264796669e-06 -1.890460813669826e-06 -6.776485411421731e-20)
(-6.254222260850591e-06 -1.453904047762217e-06 1.289688588024298e-19)
(-5.303512049700723e-06 -1.10060276793222e-06 -1.501111110194553e-19)
(-4.317447746692363e-06 -8.321420941965248e-07 1.229965108689664e-17)
(-3.384110460629731e-06 -6.383544232197932e-07 -5.020307089507747e-19)
(-2.574988877224009e-06 -5.009918043058503e-07 -4.688610978294191e-19)
(-1.916053584470221e-06 -4.010970127213409e-07 -6.970829368376137e-20)
(-1.401740213949755e-06 -3.243503265753719e-07 -9.141660999702184e-21)
(-1.011574693245663e-06 -2.625095011799666e-07 -8.661485563770708e-18)
(-7.210827216307288e-07 -2.116396811374481e-07 2.91315126748568e-19)
(-5.073514771198294e-07 -1.6977239329489e-07 2.900632304217965e-20)
(-3.511677983216756e-07 -1.354696162247709e-07 -7.260145803579695e-21)
(-2.374623006163451e-07 -1.073579696493697e-07 3.377088103215944e-20)
(-1.550224606114425e-07 -8.421134259709029e-08 -5.354419982820487e-18)
(-9.58574270576093e-08 -6.522318777733502e-08 4.07346814147702e-20)
(-5.439822704789155e-08 -5.026838097589147e-08 6.174018792936162e-21)
(-2.676488770197993e-08 -4.008879938579256e-08 -9.063313965630796e-20)
(-1.0238337239208e-08 -3.622326453503119e-08 -1.837841155342709e-19)
(-2.532768111397372e-09 -4.008617206577303e-08 -1.412789486940233e-20)
(1.877200021970079e-06 0.003822867129111262 -2.25211814301929e-18)
(-0.001823032971572636 0.004824227608712344 -1.565644646176877e-18)
(0.0006619602402386908 0.006076136574245384 3.658919359367103e-19)
(0.001427849673679904 0.007426003286395226 6.183569192979603e-19)
(0.00179915935300559 0.007722807405030073 1.148376970047541e-17)
(0.001877688269093267 0.007109260778447356 -5.750233944408122e-18)
(0.0001972314010309525 0.004995816547516802 6.530181267945414e-18)
(0.0005121313934703614 0.003376811619005474 1.328177944148349e-19)
(-9.317496805117016e-06 1.186746956368051e-05 -1.143494359310793e-19)
(-1.335216946637225e-05 1.813453687906372e-05 6.166146165822513e-20)
(-1.658080167907423e-05 2.452165857788798e-05 -1.804598051957388e-21)
(-1.886502291892356e-05 3.082847159674267e-05 -9.003097898683078e-21)
(-2.01797582519449e-05 3.68064217223258e-05 6.302705467837665e-20)
(-2.059783868895424e-05 4.219746936494784e-05 -5.801291429508062e-18)
(-2.026621106623536e-05 4.676722836271553e-05 2.153670040443161e-19)
(-1.937690974803535e-05 5.033104911244786e-05 -1.601262026763354e-19)
(-1.81367168696359e-05 5.277192716708666e-05 3.387111194239562e-18)
(-1.673947283331438e-05 5.404944915710953e-05 -4.180722741123217e-19)
(-1.534436513666291e-05 5.419955952585447e-05 -8.424656655035651e-20)
(-1.406230067001445e-05 5.332556371849323e-05 6.969113048583542e-20)
(-1.295094350744455e-05 5.158151680940753e-05 -1.081444522803672e-19)
(-1.20175713691419e-05 4.914997882012008e-05 -3.572622493889093e-20)
(-1.122802163370769e-05 4.62169794054907e-05 -2.077578732868738e-19)
(-1.051966442800313e-05 4.294749429019362e-05 4.927263967811408e-18)
(-9.816193150088103e-06 3.946405780215186e-05 -2.88847690869557e-19)
(-9.04176935252049e-06 3.582954142335995e-05 -6.570621368582547e-18)
(-8.132391854201101e-06 3.203436395150263e-05 2.539467950866176e-18)
(-7.043902131152312e-06 2.798969653842423e-05 1.605331690372247e-19)
(-5.757183286555102e-06 2.352834246593656e-05 -2.952687090196526e-19)
(-4.27962206411424e-06 1.840926789102831e-05 -4.384645085626291e-20)
(-2.642452904467801e-06 1.232011718764762e-05 -3.510095948128316e-19)
(-8.922737528715583e-07 4.84471802710332e-06 -5.826542939523048e-19)
(-4.592731988735887e-07 -1.40952953931161e-06 8.825755108509418e-20)
(-1.37815079653044e-06 -3.331051329679086e-06 3.632083736046908e-18)
(-2.295841563450685e-06 -4.654604416476165e-06 5.420031402108221e-19)
(-3.205590834778177e-06 -5.509767350303746e-06 2.350702145318622e-19)
(-4.092800143618491e-06 -5.986283176675827e-06 2.585840931660159e-20)
(-4.93449867261343e-06 -6.154703835380138e-06 -5.820947602409586e-20)
(-5.700337114090308e-06 -6.073099645959989e-06 -2.882150255799336e-19)
(-6.355018404342926e-06 -5.791811840411519e-06 -2.601029220596594e-18)
(-6.861923386391371e-06 -5.356668234408109e-06 -1.549129205714018e-18)
(-7.187521465719642e-06 -4.810941756324891e-06 -1.148018581294484e-19)
(-7.306070111116891e-06 -4.196230821624115e-06 -8.746511989616701e-20)
(-7.204063304860073e-06 -3.552380990364673e-06 -8.566026258037874e-20)
(-6.883858708401974e-06 -2.916546414030285e-06 -4.522145977696684e-19)
(-6.365877895067335e-06 -2.321487287974301e-06 -1.819193425489511e-19)
(-5.688748798622178e-06 -1.793268932162497e-06 -4.091919068043196e-20)
(-4.906730045264743e-06 -1.348770785626597e-06 -4.151103185527803e-20)
(-4.083995293493667e-06 -9.939301257857677e-07 -1.594738006668318e-19)
(-3.285451419720838e-06 -7.239759636677376e-07 -8.308634074875703e-20)
(-2.564254146469967e-06 -5.262041784621571e-07 -5.445586546875936e-20)
(-1.950220907642134e-06 -3.844176465223753e-07 3.960263890741407e-21)
(-1.451445072271352e-06 -2.831383432181853e-07 3.897396885991711e-20)
(-1.060879302544615e-06 -2.102809025343599e-07 2.896244437331617e-19)
(-7.631970344254297e-07 -1.575283796184657e-07 4.224084849703025e-20)
(-5.40259696047915e-07 -1.192801604875046e-07 -5.059248918529029e-21)
(-3.747599967868914e-07 -9.147536867066576e-08 -8.53025673292802e-20)
(-2.52258229615273e-07 -7.095302438853623e-08 5.808767642580906e-18)
(-1.618978348986999e-07 -5.535682916983468e-08 6.093456723526159e-20)
(-9.61851071598456e-08 -4.331601580740731e-08 5.411134825247611e-18)
(-5.021504196093748e-08 -3.457585982065067e-08 -1.165473746256288e-19)
(-2.067438085963033e-08 -2.988701758386419e-08 2.157289185807207e-20)
(-4.76582476868076e-09 -3.050120999910713e-08 7.032681215395227e-20)
(8.840287583455723e-10 -3.724473832730085e-08 3.314458561668871e-20)
(-0.0003108136767355085 0.003412972182321637 -4.698120218814809e-18)
(-0.0004446247637622563 0.004708118759537749 -1.148039885797364e-17)
(-0.0002895988707857234 0.005611944664441945 -9.579606352130154e-19)
(-9.043753655467439e-05 0.006939495912848453 1.297632109270498e-18)
(0.0001865247678306813 0.00748305413519806 1.169610642678944e-17)
(0.0004947270646470169 0.007150017636472755 -2.001201963785925e-19)
(-3.487505144106927e-05 0.005435507538976596 -9.3045201256955e-18)
(0.0001268153698628029 0.003744530239196535 -1.452816649009788e-18)
(-7.200099872357196e-06 1.182201050449212e-05 -2.411776600466043e-19)
(-1.034729340449066e-05 1.804509373606314e-05 -8.221355439845021e-20)
(-1.293854063533391e-05 2.437236792386796e-05 -1.971010516214442e-20)
(-1.48845811603366e-05 3.060766103784055e-05 8.685466447910534e-21)
(-1.617264834049268e-05 3.650869854989695e-05 -1.610924372624042e-19)
(-1.685504591154982e-05 4.182448852205678e-05 4.693650885713016e-18)
(-1.703097754835077e-05 4.632739133118759e-05 2.966284638673295e-18)
(-1.682459089783796e-05 4.983839722311157e-05 1.403510154716659e-19)
(-1.636280535566694e-05 5.22445290904866e-05 -1.631259240979376e-19)
(-1.575641135497874e-05 5.350769465241063e-05 -6.269476596163526e-20)
(-1.508721886913831e-05 5.366481337116136e-05 -9.022626682406911e-19)
(-1.440274288822685e-05 5.281957624905711e-05 1.578338011634546e-19)
(-1.371822601033113e-05 5.112670984450292e-05 9.908607625165718e-21)
(-1.302409648798811e-05 4.877021923753097e-05 4.381383907583052e-20)
(-1.229587096159999e-05 4.593788822986403e-05 -5.729108819846067e-20)
(-1.150366637704594e-05 4.279537874636065e-05 -3.049272422749409e-19)
(-1.061955219129433e-05 3.946331529588488e-05 -8.57517293796049e-19)
(-9.621662930065465e-06 3.599851245052969e-05 4.52186525434952e-20)
(-8.494404478860944e-06 3.237800957505864e-05 3.219235186435241e-19)
(-7.227238265709521e-06 2.848896303238096e-05 1.1527757339465e-18)
(-5.817538321655456e-06 2.413305468637389e-05 -1.272560017769465e-18)
(-4.274107331333566e-06 1.90353024523077e-05 -4.380510004400365e-19)
(-2.618425025450403e-06 1.284696274838053e-05 -6.715942572013884e-20)
(-8.809925454450625e-07 5.106619449574048e-06 2.38207684670091e-18)
(-3.843331264908852e-07 -1.416967012381589e-06 8.496042365154423e-20)
(-1.152860986560617e-06 -3.354402950176381e-06 9.425397563932736e-19)
(-1.919564543684986e-06 -4.699723987682458e-06 -6.821722967657458e-18)
(-2.679176987943404e-06 -5.582974657558724e-06 8.148324678880009e-19)
(-3.420470336136646e-06 -6.092297611326502e-06 1.188499829858376e-19)
(-4.125386940958501e-06 -6.295578537111792e-06 1.318548695667432e-20)
(-4.769523936203458e-06 -6.247706242620398e-06 1.006097585836307e-19)
(-5.324034963624029e-06 -5.995795686381325e-06 -1.130976175317284e-17)
(-5.758714003871023e-06 -5.582841612791246e-06 -1.801280143425569e-18)
(-6.045799654440633e-06 -5.050011718653324e-06 7.122149940542171e-19)
(-6.163996027984051e-06 -4.437695607222795e-06 9.608165492380459e-20)
(-6.102177501260018e-06 -3.785411120453292e-06 -1.228948501218339e-20)
(-5.862224210845994e-06 -3.130699889389126e-06 -7.577780431934955e-20)
(-5.460439530473316e-06 -2.507213627097899e-06 -5.48805235219581e-20)
(-4.92708499234655e-06 -1.94235001007648e-06 -1.882206172082288e-20)
(-4.303776068507082e-06 -1.455033440448034e-06 -1.16068177614431e-20)
(-3.638774495656446e-06 -1.054424198099289e-06 -3.225062684001862e-20)
(-2.980471414165166e-06 -7.401896992397655e-07 -5.39048888456978e-20)
(-2.369904341075485e-06 -5.04373311394947e-07 -1.388844838375698e-19)
(-1.834647374115126e-06 -3.343107180973567e-07 1.670126822012616e-20)
(-1.387598562604259e-06 -2.157998291599586e-07 -6.534836220662097e-21)
(-1.029075005986495e-06 -1.357422730321675e-07 -1.152500277838033e-19)
(-7.504297486952798e-07 -8.34891707747476e-08 -2.175757569488551e-20)
(-5.381128666181653e-07 -5.085719087874474e-08 -2.994421663066569e-20)
(-3.774531480718818e-07 -3.153647678882845e-08 6.525896906698082e-18)
(-2.557389581253795e-07 -2.062456558858151e-08 -2.727817658863134e-19)
(-1.636737882405523e-07 -1.465320982954599e-08 -1.630112883416915e-20)
(-9.532916963369414e-08 -1.169226594753894e-08 -1.783457071712807e-19)
(-4.717327908637312e-08 -1.121577896182058e-08 7.060611966292521e-21)
(-1.676944512982517e-08 -1.370255284455571e-08 9.868150830580823e-20)
(-1.49459842245514e-09 -2.004452707678531e-08 3.370660512276465e-19)
(2.437901482684607e-09 -3.093985013915938e-08 1.194629491503067e-19)
(-3.198679129787121e-05 0.003442355139431875 -5.510897089026571e-18)
(0.0002622023233388784 0.004959120202596076 -1.286996221677567e-17)
(-0.0004858052000555719 0.005787371071451132 -2.045224105910349e-18)
(-0.0005160978624267355 0.006833036585954546 -2.865729252534488e-22)
(-0.0004052467785149752 0.007268638331115319 1.683199268225669e-17)
(-0.0001181419374958298 0.006952586729841147 -7.831370266787858e-18)
(-7.214421287112305e-05 0.005499567565900107 -1.058123916556399e-17)
(-2.634652143730864e-05 0.003816597166017672 -1.024921581611949e-18)
(-5.176650660671439e-06 1.138368834756494e-05 -3.994399857046384e-20)
(-7.474460552341242e-06 1.73476310287217e-05 -4.956463061004697e-20)
(-9.452535797684286e-06 2.338986072120933e-05 8.127116040756103e-21)
(-1.106792635446169e-05 2.932635841278132e-05 1.610146718376049e-18)
(-1.231928995841926e-05 3.49311757907398e-05 5.75187464721201e-18)
(-1.323920169870587e-05 3.997073608283603e-05 -1.833710055031248e-19)
(-1.388125682598397e-05 4.423325220279193e-05 1.527632752155646e-19)
(-1.430477609436513e-05 4.755196962964552e-05 1.270299718836449e-19)
(-1.456027337638994e-05 4.982114473337917e-05 4.892772321686945e-19)
(-1.467871720245558e-05 5.100427360396446e-05 -8.957003471573481e-21)
(-1.466690172158606e-05 5.113454577992515e-05 -2.348684437434532e-19)
(-1.451003543926645e-05 5.030800600889021e-05 -8.973293369023939e-20)
(-1.418099419579321e-05 4.867025348894403e-05 3.454593417874041e-20)
(-1.365369911183003e-05 4.639771058475781e-05 -1.989195048775337e-18)
(-1.291621494715813e-05 4.367472574260366e-05 -3.495666398117028e-20)
(-1.197857397500961e-05 4.066862026310368e-05 3.195563850669695e-18)
(-1.087224704494297e-05 3.750603060405193e-05 2.13682753017487e-18)
(-9.641182897606251e-06 3.425230892953324e-05 -4.260574016445476e-18)
(-8.325078993327937e-06 3.088860388742896e-05 -5.717324154999649e-18)
(-6.942664653392019e-06 2.728847368681014e-05 -3.889132877754336e-18)
(-5.497439897180021e-06 2.323311530277178e-05 2.364700590008965e-18)
(-3.989596407424781e-06 1.843034530434658e-05 3.416638605666586e-18)
(-2.424361568154542e-06 1.25178601560836e-05 -6.968229952045069e-18)
(-8.127978190328893e-07 5.018371376800702e-06 4.016746563841495e-20)
(-3.085634497360578e-07 -1.303095817103191e-06 6.31136931940104e-19)
(-9.247590598343222e-07 -3.088705344118231e-06 -6.803798982192358e-18)
(-1.537489892012396e-06 -4.335542482174475e-06 9.872791951750888e-18)
(-2.142595426276976e-06 -5.162716329401573e-06 -2.148516070829023e-19)
(-2.731931266305673e-06 -5.650063225171031e-06 5.685092551716892e-21)
(-3.292126152571633e-06 -5.858347759597239e-06 4.258743680421961e-21)
(-3.804644393303914e-06 -5.836015989193425e-06 1.287464786020572e-17)
(-4.247282382127096e-06 -5.624260153030709e-06 -1.25963100288511e-17)
(-4.596699346350844e-06 -5.260683887092343e-06 5.046306593417344e-18)
(-4.831473988180365e-06 -4.781621932298339e-06 2.393714625863561e-18)
(-4.935261022358424e-06 -4.223183725939224e-06 4.280173947209789e-19)
(-4.899607479401684e-06 -3.621139300586784e-06 2.851507679863195e-20)
(-4.725982679813518e-06 -3.009824765904008e-06 -9.583955026391228e-20)
(-4.426619974599519e-06 -2.420355358712014e-06 -5.390393642547252e-20)
(-4.023905656844358e-06 -1.87856192781187e-06 -2.527143424395441e-20)
(-3.548293285837809e-06 -1.403191762300836e-06 -2.065808143412024e-20)
(-3.034890174339906e-06 -1.0048833893122e-06 -4.485712833529266e-20)
(-2.519099136948089e-06 -6.862365600668503e-07 -1.902164312782201e-19)
(-2.031982930421512e-06 -4.429451294441292e-07 3.966529284709547e-18)
(-1.59651940211049e-06 -2.657354099232234e-07 -6.701144594700764e-18)
(-1.225946304183657e-06 -1.427306393310054e-07 -1.794011255843557e-19)
(-9.239473741315136e-07 -6.176328393170394e-08 5.342712691418098e-18)
(-6.861114039968808e-07 -1.201655540307087e-08 -1.395981430999604e-19)
(-5.023237345512001e-07 1.538388665176145e-08 -2.164544678418019e-20)
(-3.599539030699379e-07 2.756811343606041e-08 -3.322253416460825e-20)
(-2.483746542518515e-07 3.040977146094234e-08 -4.663690749127918e-20)
(-1.608102658196345e-07 2.797710856429839e-08 -6.012421247523848e-20)
(-9.379742694657842e-08 2.25293791478523e-08 -2.036714035095875e-18)
(-4.574085314939386e-08 1.491221451183078e-08 -3.243616187563905e-20)
(-1.542666543683305e-08 5.074125501280252e-09 1.57819326386898e-19)
(-7.83451837259308e-10 -7.448289802850297e-09 -5.865927181716357e-18)
(1.982054576889214e-09 -2.314426519032554e-08 1.61965074606564e-19)
(0.0001554311298558298 0.003614871638669206 -2.703119288351352e-18)
(0.0004994103024677113 0.005251518845180481 -2.323823711709634e-18)
(-0.0005467458078465587 0.006106069344779769 -1.692685273183831e-18)
(-0.000604853628569045 0.006889455404451818 -1.689764119857728e-17)
(-0.0005951395248169701 0.007120231937516178 7.775136707926308e-19)
(-0.0003765882032720437 0.006705127012104755 -5.379624180960357e-19)
(-5.701114963922144e-05 0.005399963884662448 -1.366435627868275e-18)
(-7.800937925625157e-05 0.003756885121564294 -1.547142240885335e-18)
(-3.329895756613627e-06 1.059903136077045e-05 -9.822987120606191e-20)
(-4.851306489825108e-06 1.611467644484774e-05 -9.174982933668486e-20)
(-6.26516479070255e-06 2.167440557201234e-05 -3.033890329145215e-20)
(-7.570013807996342e-06 2.711354801432364e-05 -3.589147838795215e-20)
(-8.77469764825646e-06 3.223155882036452e-05 -2.584128419633371e-19)
(-9.893912457741277e-06 3.682163202544655e-05 -8.153218778428911e-20)
(-1.094004247546247e-05 4.069612334357299e-05 1.140917604410121e-19)
(-1.191383651730086e-05 4.370658813383516e-05 7.419002273313301e-19)
(-1.279668003491665e-05 4.57574603247848e-05 1.231259323652844e-19)
(-1.354699670984456e-05 4.681299817363167e-05 -1.353504040313688e-21)
(-1.410264930638274e-05 4.689767689891947e-05 -5.536839635518956e-20)
(-1.439018835789198e-05 4.609074943027341e-05 -2.471049496932551e-20)
(-1.434047432257509e-05 4.451611659683601e-05 8.564804734911776e-20)
(-1.390845920504983e-05 4.232876606838788e-05 -2.842328514553599e-18)
(-1.309250451637673e-05 3.969876853128062e-05 2.811741956695859e-19)
(-1.194574650169745e-05 3.679320431932125e-05 -2.209635307292801e-18)
(-1.057128003686698e-05 3.375670734765551e-05 1.210303989962689e-18)
(-9.097749055164694e-06 3.069094055098767e-05 4.257654991692343e-19)
(-7.63413562704764e-06 2.761942739548835e-05 2.096578829168618e-19)
(-6.215475853913084e-06 2.440905671573755e-05 3.029213959602149e-19)
(-4.831355184706145e-06 2.082576379409777e-05 -3.441262509335532e-18)
(-3.459257662797709e-06 1.657607018906281e-05 -1.063582160648575e-19)
(-2.083332778765427e-06 1.130953895423208e-05 -5.083710949135885e-19)
(-6.96032209523712e-07 4.565443564308325e-06 5.65365738368361e-18)
(-2.321338390157069e-07 -1.072616918905249e-06 5.035241763795681e-18)
(-6.947105548980729e-07 -2.549196646674766e-06 1.354085387786611e-18)
(-1.152284248530995e-06 -3.5859531188542e-06 1.986093813945555e-19)
(-1.601899907851308e-06 -4.279109869063762e-06 -1.998204857131306e-18)
(-2.038294938232904e-06 -4.693591710299306e-06 -3.243984149119481e-18)
(-2.452245718839762e-06 -4.878686431943665e-06 -1.25987847084564e-17)
(-2.83054105744666e-06 -4.873297910755817e-06 2.463846944657369e-18)
(-3.157298963398089e-06 -4.710301308098915e-06 4.77021141662155e-19)
(-3.415904412215902e-06 -4.419734678692312e-06 6.354996971613012e-19)
(-3.591214024120529e-06 -4.030792390561939e-06 -7.00074844685963e-18)
(-3.671774529267341e-06 -3.572697272327847e-06 2.651558923903196e-18)
(-3.651760760854618e-06 -3.074582617349376e-06 1.518943020261502e-19)
(-3.532313421939545e-06 -2.564578947524074e-06 -3.489331912624161e-18)
(-3.322018325731604e-06 -2.068383115272181e-06 1.307795016313545e-17)
(-3.036390333919364e-06 -1.60767115373224e-06 4.918808930505553e-20)
(-2.696399219317275e-06 -1.198746212319798e-06 -1.464115549941078e-19)
(-2.326205714578596e-06 -8.517245509718011e-07 9.938084976466379e-21)
(-1.950385206884748e-06 -5.704301731726666e-07 -4.771331263712526e-18)
(-1.591092348136088e-06 -3.529943163273121e-07 -4.100397519170735e-18)
(-1.265755219855913e-06 -1.93054688394048e-07 7.595836565731877e-20)
(-9.857498765528929e-07 -8.139503076133158e-08 5.800655919998809e-18)
(-7.559394078968107e-07 -7.806645473508803e-09 -1.814579740448332e-19)
(-5.747497117602682e-07 3.724353357469458e-08 5.615311099533993e-20)
(-4.345474820923248e-07 6.157236522442815e-08 3.702726897950724e-21)
(-3.224897801162863e-07 7.085106624657445e-08 -8.025123654902231e-21)
(-2.296503897407896e-07 7.023431406599778e-08 -7.962831672824522e-21)
(-1.525984931120654e-07 6.335803950149183e-08 4.133811408344911e-22)
(-9.10032966492183e-08 5.245884740056467e-08 6.581967985990161e-18)
(-4.556002390458669e-08 3.874158165020208e-08 1.159665875335933e-20)
(-1.651675854072443e-08 2.275763387113439e-08 3.859572205201496e-20)
(-2.613594950705289e-09 4.692551977417483e-09 1.430412426157016e-19)
(-3.171456556573526e-10 -1.541758281144775e-08 3.758558165200847e-20)
(0.0002394605117282541 0.003812309800345833 -8.764262611325889e-19)
(0.0006210705930453366 0.005535583211380892 -4.319839131876693e-19)
(-0.0005952581620631284 0.00642684984407714 -1.246608305663347e-18)
(-0.0006354791315125351 0.007001999031762291 -9.779808490725181e-18)
(-0.0006798538691300453 0.007016547675608501 8.347886810080063e-18)
(-0.0005107855607742576 0.006458940060467562 8.412950191210372e-19)
(-5.177397874630404e-05 0.005225314194724251 -4.253149215073967e-20)
(-0.0001025370212470712 0.003637591535777511 -6.667348986904301e-18)
(-1.728484210171085e-06 9.534001190511916e-06 -2.299756093385063e-21)
(-2.575399699078951e-06 1.44492263529515e-05 -3.311068144075061e-19)
(-3.49438404650005e-06 1.936854361172494e-05 -6.211140897291817e-20)
(-4.518948883383122e-06 2.41525208696219e-05 -6.276796609525154e-20)
(-5.666520730961046e-06 2.863342687232256e-05 -1.966049311029301e-19)
(-6.936619991459569e-06 3.263890406508319e-05 4.114583464389564e-19)
(-8.306700799344795e-06 3.601233369631622e-05 -2.693946604957255e-18)
(-9.727913532223565e-06 3.862874882874486e-05 1.479142443246066e-18)
(-1.112312935183483e-05 4.040546832773106e-05 7.701299110834198e-20)
(-1.238922905811082e-05 4.130713017095212e-05 1.352364309201929e-20)
(-1.340504256543964e-05 4.134542705304389e-05 -3.792074273831998e-21)
(-1.404546274493706e-05 4.057440615616234e-05 1.446715828323877e-20)
(-1.420136864840741e-05 3.908280747440609e-05 5.372583629383394e-19)
(-1.38041318053137e-05 3.698553217342578e-05 1.428346108186837e-19)
(-1.285221792170785e-05 3.44168786440939e-05 3.041820994831762e-19)
(-1.143404848104237e-05 3.15281903557757e-05 -2.489733605346104e-18)
(-9.733428833751112e-06 2.849013139374131e-05 -1.892478946509608e-18)
(-7.997393717592421e-06 2.549133032366153e-05 1.289030230263589e-19)
(-6.446849040407654e-06 2.270317841782631e-05 6.660506913106996e-18)
(-5.093999189172225e-06 1.996271629663669e-05 2.23831270449897e-20)
(-3.877629005465772e-06 1.70057806535423e-05 -5.690818905572135e-19)
(-2.736080179568533e-06 1.354735567688642e-05 1.075664306334664e-19)
(-1.631449720301308e-06 9.275191342578495e-06 -3.707149659501765e-18)
(-5.446748107784402e-07 3.777394611952437e-06 -1.210113737483073e-19)
(-1.550757795306008e-07 -7.435941920246741e-07 6.335149206340965e-19)
(-4.630881889982306e-07 -1.783489112917695e-06 6.479759369357752e-18)
(-7.656645149058941e-07 -2.520124789181805e-06 5.609036734031453e-19)
(-1.061482943368356e-06 -3.016411829538136e-06 4.390846548078545e-19)
(-1.34779756431674e-06 -3.316873036362557e-06 1.120670158363714e-18)
(-1.618707861994156e-06 -3.455519683295827e-06 -7.100788884114714e-18)
(-1.865634904190023e-06 -3.459253372297463e-06 7.691668011381364e-18)
(-2.078471864917666e-06 -3.350888482503119e-06 2.600138956643718e-19)
(-2.246808762120878e-06 -3.151323252110474e-06 -1.273499680627892e-17)
(-2.361255456704062e-06 -2.880903445785874e-06 7.288252694263736e-18)
(-2.414782098194212e-06 -2.560019979197092e-06 -4.634612601322716e-18)
(-2.403890791293807e-06 -2.209028471906451e-06 -5.688942255323738e-19)
(-2.329408679281088e-06 -1.847623888644439e-06 -1.162276365114389e-19)
(-2.19675086376948e-06 -1.493882529866441e-06 2.132437707496083e-19)
(-2.015578068294364e-06 -1.163215233771983e-06 3.838207832574033e-18)
(-1.79888516181571e-06 -8.674779865009558e-07 -1.441301509475539e-18)
(-1.561634860667693e-06 -6.144035550907298e-07 -3.099004565654034e-20)
(-1.319147698283351e-06 -4.074530295669967e-07 2.142847794641503e-18)
(-1.08549488473178e-06 -2.460788842495801e-07 1.715188902615775e-19)
(-8.72241323972376e-07 -1.263554023364991e-07 -3.658205631356569e-20)
(-6.877704298122883e-07 -4.18823059454218e-08 6.519716353587259e-18)
(-5.370672599559582e-07 1.508712343858271e-08 1.974621161756382e-19)
(-4.215100085996036e-07 5.241828958824774e-08 1.17547345761919e-18)
(-3.374609775065943e-07 7.68092303067916e-08 1.328442925249327e-19)
(-2.659108218608028e-07 8.956869886316693e-08 -2.551645328629393e-21)
(-1.991335183517459e-07 9.160086804696488e-08 -1.172496563590226e-20)
(-1.380603192532859e-07 8.53630711429576e-08 -8.617550896703198e-21)
(-8.589686279923334e-08 7.299425510733093e-08 -1.807591538933974e-21)
(-4.573705489254593e-08 5.618367809444996e-08 1.636313002509687e-21)
(-1.936050065404205e-08 3.625762113245931e-08 5.676647317492785e-21)
(-6.450524126129509e-09 1.425716743014976e-08 1.765974326729447e-20)
(-3.98557675578004e-09 -9.021822572753517e-09 8.925051515261758e-22)
(0.0002741581684825643 0.004022005075228966 6.389843106463885e-19)
(0.0007106646495255596 0.005832570957580412 3.123297342790082e-19)
(-0.0006725599159787771 0.006761014899284517 1.134321166652175e-18)
(-0.000715085839964413 0.007147557455414989 -3.479026979769285e-19)
(-0.0007912372254266083 0.006935599635574145 1.975458003710296e-18)
(-0.0006329175386363592 0.006207821880004512 3.198135530771047e-19)
(-7.63748812799971e-05 0.004999797417887481 5.452399193829879e-20)
(-0.0001326987902278958 0.003481213879112209 2.824853538113962e-19)
(-4.223077457885189e-07 8.269396030635123e-06 9.186133744109023e-20)
(-7.176160062875511e-07 1.247763680145279e-05 9.366058112254685e-19)
(-1.225796114817613e-06 1.664729856092263e-05 8.932182611288902e-20)
(-2.007513355793472e-06 2.066830257617229e-05 -8.725580139510596e-21)
(-3.086855939546471e-06 2.441085613912958e-05 -4.115107391531181e-20)
(-4.451450239805876e-06 2.774241968249587e-05 4.560244218565019e-20)
(-6.051451030151568e-06 3.054232213799027e-05 -7.081275246562745e-19)
(-7.799380913725215e-06 3.271297164616832e-05 -1.902318354309072e-18)
(-9.572718667276089e-06 3.418694969095984e-05 7.810776653409265e-20)
(-1.12207122305967e-05 3.49297009817574e-05 -4.209051508865585e-21)
(-1.257630068280009e-05 3.493808391163544e-05 1.122294483896038e-21)
(-1.347324195196927e-05 3.423552505048971e-05 2.67733055504705e-21)
(-1.376784158583361e-05 3.286504048029271e-05 3.396740820384451e-20)
(-1.336441977094503e-05 3.088228304376321e-05 -3.297867727648133e-19)
(-1.224447613851166e-05 2.835292593548339e-05 2.994387357153707e-20)
(-1.050187640067469e-05 2.536446214716943e-05 1.237823307867486e-18)
(-8.386062467108726e-06 2.207642674524092e-05 1.674695687438806e-18)
(-6.314334813216534e-06 1.883129595297607e-05 -1.130488536014123e-20)
(-4.782059317740223e-06 1.631600077637782e-05 2.490147700755674e-18)
(-3.636723363887673e-06 1.415105774455264e-05 -3.013494093945967e-18)
(-2.706049643301837e-06 1.198026680198847e-05 1.028333579833501e-19)
(-1.882579291505749e-06 9.532994222854682e-06 -5.962676899423221e-21)
(-1.113742126224691e-06 6.574584949578868e-06 -1.016094755608745e-19)
(-3.833159595854939e-07 2.795570214613255e-06 -8.301229770196648e-20)
(0.06882071945832337 0.01170071232095465 1.724625999692019e-17)
(0.06984628391412187 0.00682720821465958 6.516505048155219e-18)
(0.06898697966307063 0.002900463716083647 -6.956861149773049e-18)
(0.06781904661303663 0.0006146270302374106 -1.708746525439098e-17)
(0.06695650501469216 -1.86788200205951e-06 -5.407018763751688e-18)
(0.06655920039708196 -4.043614522828516e-05 -3.439832064959199e-18)
(0.0663943261425337 -5.94625673352114e-05 -3.764603043826028e-18)
(0.0663391724648864 -0.0001156229670729636 6.335026567334186e-18)
(0.06634471837664854 -0.0001644862623269989 5.133315917710902e-18)
(0.06638594857820099 -0.0001814185149726276 3.785432255941761e-18)
(0.06643224671430255 -0.0001513333922840222 1.151521965673615e-17)
(0.06642797048208278 -4.196732355905483e-05 1.564791237099795e-17)
(0.0662662163068965 0.0002183899464237283 -1.610851901027126e-18)
(0.06574864010718645 0.0007560366849938382 7.255506884801916e-18)
(0.06453529571218622 0.001734905533975224 -3.729013355954969e-18)
(0.06212486028300852 0.003262104721785513 -6.99919526567319e-18)
(0.057976779008013 0.005220816384378187 -3.927984016246601e-18)
(0.05182541286067831 0.007200320096185808 -9.653283122520914e-20)
(0.04391723680750871 0.008681506006577466 5.604895137069038e-19)
(0.03492807427365411 0.009279114943328629 -2.32881369053257e-18)
(0.02549308292210613 0.008940369556038013 -6.413714681262994e-18)
(0.01705397591873931 0.008175612097398728 -2.877438118597546e-17)
(0.01001387348503545 0.007488287201793059 -1.915722385146824e-17)
(0.007378349241565255 0.00745407391548307 -1.097867491880022e-17)
(-1.943691953542118e-07 8.466918267977658e-08 -7.334254922070264e-20)
(-1.586766575444975e-07 9.387595852061725e-08 -4.706818983286401e-20)
(-1.174350798180922e-07 9.215840039364376e-08 -1.731514678653351e-20)
(-7.78453382874536e-08 8.177239307080933e-08 -4.575173107642224e-21)
(-4.528634493967953e-08 6.491245640050797e-08 -9.820693072415776e-22)
(-2.292592239400842e-08 4.365109485004494e-08 4.138659732301767e-22)
(-1.137651682407703e-08 1.987749408084369e-08 1.48171738812234e-21)
(-8.326387486608244e-09 -4.827499765469026e-09 -6.784106474946975e-21)
(0.0002713353493403578 0.004255479134617525 1.218108856517922e-18)
(0.0007425897790314647 0.006164038051403854 1.548870397860274e-18)
(-0.0007985528550520374 0.007146224564681029 1.079199041674708e-17)
(-0.000881356090357064 0.007327977132256035 4.681813045172212e-18)
(-0.0009759420120468763 0.006855288419129071 1.022091207247746e-17)
(-0.0007833523905080189 0.005919542562195182 7.465123440761088e-20)
(-0.0001296109453743704 0.004717288667054422 -1.467536284391225e-19)
(-0.0001761509128136576 0.003286751204035724 -3.461004268101922e-19)
(5.608811061765537e-07 6.894928133607634e-06 -2.385938018823855e-18)
(6.826504459321462e-07 1.034040851066095e-05 -1.628588204232819e-18)
(4.930425356111656e-07 1.370545964772009e-05 1.905749727834917e-22)
(-8.718877662666942e-08 1.691132226116997e-05 2.432344079660036e-21)
(-1.086648240601357e-06 1.986851987833947e-05 -1.921994432196092e-20)
(-2.484606487079821e-06 2.248686025972056e-05 -5.927931736226339e-20)
(-4.212268857915064e-06 2.468409338334519e-05 -1.240326812023795e-19)
(-6.155635929105258e-06 2.639225211915398e-05 -4.577877942918857e-19)
(-8.161388797069645e-06 2.756102156664642e-05 -5.824724755588213e-20)
(-1.00468308799383e-05 2.815796675575792e-05 -2.028504365764564e-19)
(-1.161429411339083e-05 2.816573766797068e-05 -1.515235127249015e-20)
(-1.266966005845048e-05 2.757659383327213e-05 -7.929747752760387e-21)
(-1.304391682083574e-05 2.638462113907416e-05 -1.125552489365225e-21)
(-1.261616036379583e-05 2.457584877599457e-05 -5.888229102721847e-21)
(-1.133668361918885e-05 2.211688762964771e-05 -1.551158399545763e-21)
(-9.252343658909014e-06 1.89480339299955e-05 -1.569630655972515e-20)
(0.006267013617261626 -0.005652719378073569 -2.518332178958658e-20)
(0.008580715044121466 -0.005695751004867368 -1.334898798496083e-20)
(0.01469834639237499 -0.006385194024071471 -2.75144148059089e-20)
(0.02210526142341613 -0.007196377030271244 -3.042979522824172e-20)
(0.03065362619264806 -0.007672575320832561 -1.407921611513251e-19)
(0.03946569631695507 -0.007565772474358442 -2.071170232319475e-19)
(0.04771574559064843 -0.007507541987896393 3.076205258233467e-19)
(0.05507580819127796 -0.007972147584109638 9.411928512417092e-19)
(0.101620958991296 0.02166719746567979 2.906038468717526e-17)
(0.1056610891603674 0.01078323464024366 -8.174671782173984e-18)
(0.1006622874405776 0.00083987957862668 -1.161760614054513e-17)
(0.09792418746726929 -0.0009934520545848426 -3.657764600892727e-17)
(0.09662133489130495 -0.000482951444606249 -5.368226121275244e-18)
(0.09606078674824275 -0.0001541018257146169 -1.656375725786496e-18)
(0.09579040303366004 -0.0001619671535645087 -4.184481914418851e-18)
(0.09567563061366187 -0.0002501666826523329 -2.273255220614394e-18)
(0.09566520188834336 -0.0003088132379367359 1.994024736416405e-17)
(0.09572156722457079 -0.0003257097378778357 4.656055304918014e-18)
(0.09579818106890076 -0.0003021290969912305 1.955222758486606e-18)
(0.09581795300927182 -0.0002206163575667163 3.460039298845397e-17)
(0.09563828701471093 -2.239606861093927e-05 2.65411007180648e-17)
(0.09499157688211721 0.0004281128857317339 1.071520730210043e-17)
(0.09341495659199293 0.00135089419739743 -1.581034156545234e-17)
(0.09017218271125638 0.002976168241711213 -2.459016291073192e-17)
(0.08432384862822087 0.005270751738574928 -5.811100130085008e-18)
(0.07530802339406834 0.007674390194145447 9.163548171355312e-19)
(0.0635919360494045 0.009435727112603886 2.821141828108805e-19)
(0.05035126411206797 0.01014328185530916 -7.429473567847051e-19)
(0.03647054910873012 0.009392947592332574 -3.779419796270311e-18)
(0.02435991833463323 0.007171685525156724 -4.47560929332268e-17)
(0.007597439218254049 0.007684911556983016 -9.374657922656552e-18)
(0.007379190228563961 0.01007574166886258 -8.409500077298526e-18)
(-1.220679772782896e-07 6.733190573062625e-08 9.606181250243297e-18)
(-1.149610027333429e-07 8.258051280556761e-08 -3.902655533134294e-19)
(-9.327776728015186e-08 8.599668215340459e-08 -7.085847376162159e-20)
(-6.72219144289693e-08 7.929119714674207e-08 -1.098700787414724e-20)
(-4.350421490325468e-08 6.463339914013558e-08 -1.571069361176741e-21)
(-2.610323145656179e-08 4.443025113018949e-08 -1.299573627127362e-22)
(-1.630269347730612e-08 2.110741231087622e-08 -5.096712172347852e-23)
(-1.254042407330264e-08 -3.174741394768163e-09 -7.049786183207844e-21)
(0.0002286906684364101 0.004523347201398166 3.880690051638629e-19)
(0.0006991536682144877 0.006546628309765679 4.129153336675374e-19)
(-0.0009516035930538205 0.007617193576781446 3.014650875156831e-18)
(-0.001113091565514177 0.007548183638649588 2.044961744406424e-17)
(-0.001214482086188633 0.006753282375023081 3.61661786147597e-18)
(-0.0009451859928371543 0.005552127507661512 -1.023503906370528e-17)
(-0.000193824367015339 0.004363301354604987 -1.396735480424123e-18)
(-0.0002278187957707198 0.003046832325013893 -1.40647554027108e-18)
(1.217211370689152e-06 5.502291114989024e-06 7.549188757098311e-20)
(1.619937967722927e-06 8.181385463206447e-06 4.887806242645721e-19)
(1.65547275547879e-06 1.074266745419022e-05 9.832819855115164e-20)
(1.234709898737365e-06 1.313829150772052e-05 1.461989523613882e-20)
(3.268028716456144e-07 1.531842526968438e-05 -6.104312437475307e-20)
(-1.04265371759886e-06 1.723460312075471e-05 6.27901664773745e-18)
(-2.794337246888809e-06 1.884269375655786e-05 -1.474419286617955e-18)
(-4.800023366969934e-06 2.010456263598588e-05 -4.120559742341182e-20)
(-6.890537302511358e-06 2.09879674288434e-05 1.395390089698702e-20)
(-8.867465461597293e-06 2.14645412828147e-05 -1.671226496530827e-18)
(-1.051869132677463e-05 2.15059879944818e-05 -2.008489367198251e-20)
(-1.163705749506177e-05 2.107843174555977e-05 3.337112690351117e-19)
(-1.204062635805966e-05 2.013436246347221e-05 -2.146897546908983e-20)
(-1.159192375329221e-05 1.859955154098585e-05 -6.232505300846376e-20)
(-1.021152862018082e-05 1.634584400333778e-05 -1.421362390852984e-20)
(-7.875036677431994e-06 1.311789021723412e-05 -3.146410424526957e-21)
(0.006279880468127733 -0.008034105097514954 -1.963874891581476e-20)
(0.006491502994278954 -0.005257684531798239 -1.514806579324486e-20)
(0.02099727413095805 -0.004852964444222523 -7.949430923475428e-21)
(0.03136051755222546 -0.007048162195028582 -2.751688886091421e-20)
(0.04369614361957284 -0.007755431319347024 -1.761217703097759e-19)
(0.05624850817749787 -0.006796120110415258 -1.326097854441725e-18)
(0.06850914288598249 -0.005491452674473403 1.071718387973186e-18)
(0.08281373848835724 -0.008488298030570125 1.956308081569202e-18)
(0.103846992468139 0.01452727156451321 1.679599349922355e-18)
(0.1131275456308406 0.01175659503439517 -3.505507672198129e-18)
(0.114286213429532 0.005825317083811273 -6.63873730273048e-18)
(0.1143080497881936 0.002712872999137582 -2.498049040750283e-17)
(0.1142545928490184 0.001426787247897849 -5.646781444779117e-18)
(0.1144171820822382 0.0007877254576084398 -2.945061593422228e-18)
(0.1145998932014882 0.0003717635332661671 -2.384344953618084e-17)
(0.1147582243533495 8.766665118128957e-05 -2.420435791312489e-17)
(0.1149126399016263 -9.072374556229278e-05 -4.092808055193055e-18)
(0.1150897795706186 -0.0001688721638673875 -7.943981359255341e-19)
(0.1152964348282146 -0.0001110492938901973 -2.181450722024622e-18)
(0.1155029649799362 0.0001923638144785507 1.506656891649048e-18)
(0.1156113421069549 0.000971303389451023 2.406083050337486e-18)
(0.1153751429884443 0.002635642236670585 2.220514909367518e-17)
(0.1142729438099162 0.00576646789089792 2.14493789641336e-18)
(0.1112674744242677 0.01093112138329685 -2.07831671308966e-17)
(0.1047593704118113 0.01794475411088607 -3.526547364870618e-18)
(0.09365183880347362 0.02512564067698695 1.673771120802401e-17)
(0.07869585004757418 0.03033026846350794 2.36887529504118e-18)
(0.06168205329622641 0.03273475816290926 -2.743054173068321e-19)
(0.04376767047933831 0.03205900148012968 -1.234299776344294e-17)
(0.02820784837294243 0.02859903463626758 -2.082042231862076e-17)
(0.00690726223127256 0.02438944968671486 -3.665162243072577e-18)
(0.00798787819332681 0.01705866766546903 -9.645663672997812e-18)
(-7.307337383018891e-08 4.94848541459942e-08 -4.933007467893725e-19)
(-7.792912159733335e-08 6.529280023636133e-08 -1.786554027165264e-18)
(-6.970025820743353e-08 7.149939985429468e-08 -2.938374274188993e-19)
(-5.523530141778032e-08 6.822768607999156e-08 -3.261013122859086e-20)
(-4.008752390975701e-08 5.683924063208147e-08 -2.940941240518335e-21)
(-2.792567072463364e-08 3.943100826452398e-08 -1.539588276847995e-22)
(-2.018152571274523e-08 1.842500679718334e-08 2.120704570597911e-22)
(-1.58729654099396e-08 -3.833842328023265e-09 -4.193328177462047e-21)
(0.0001427109586616916 0.004818963353670156 -7.543452805307458e-19)
(0.0005822144564837148 0.006985733610857582 -1.108093389116249e-18)
(-0.001041326590570891 0.008193144886669943 -1.561378068717865e-17)
(-0.001294920794221363 0.007806006596255629 1.969643131246618e-18)
(-0.001393076323264759 0.006614771608902193 9.651814773537192e-18)
(-0.001033993519818196 0.005073160776191975 -1.068232286041261e-17)
(-0.0002542044287892754 0.003932682563372219 -1.805140854376977e-18)
(-0.0002873547704943139 0.00276763667181253 -1.490182437383455e-18)
(1.566484155081415e-06 4.177706358222846e-06 4.453125285561076e-20)
(2.122406390510834e-06 6.13611607103051e-06 1.005289756477069e-19)
(2.295265130059648e-06 7.947317998828344e-06 4.354500545143121e-20)
(1.994342696263248e-06 9.591570971328252e-06 1.108816699596491e-19)
(1.188836260143222e-06 1.105490893404715e-05 5.429161053328365e-21)
(-9.395673486456424e-08 1.232676054438423e-05 -6.091415607091266e-20)
(-1.772055208433022e-06 1.33978605533951e-05 -6.614548652968321e-20)
(-3.714598330128646e-06 1.425782595078682e-05 1.698555052400963e-20)
(-5.750706595674879e-06 1.4892120018871e-05 4.822239645393771e-21)
(-7.681739745552842e-06 1.527838258379735e-05 -1.194588920115473e-20)
(-9.296812616237105e-06 1.538224458756241e-05 2.150496917305788e-19)
(-1.039082365692379e-05 1.515271049820459e-05 -1.91483116525295e-20)
(-1.078363019603023e-05 1.451676834076689e-05 2.468431190842011e-21)
(-1.033854596450574e-05 1.337183205246456e-05 1.363354068466907e-20)
(-8.978444475277094e-06 1.157311013914083e-05 3.9493101596493e-21)
(-6.69941820996816e-06 8.912937967090525e-06 -2.349074881763387e-22)
(0.006838716558449077 -0.01437119860726799 -4.374150831781038e-20)
(0.005503645224632829 -0.02068575341283191 -1.148773048100412e-19)
(0.02447255722650567 -0.02450619999862743 -1.383902840218737e-20)
(0.03805850142522767 -0.02829723973939439 -9.988141403321652e-21)
(0.05431674335861863 -0.03005425220744381 -3.828113838055151e-20)
(0.07094634930592469 -0.02976452123078703 -9.120916526410602e-20)
(0.08724634389297296 -0.02843426240640141 -3.125654572664882e-21)
(0.1075351907163813 -0.0286785350345004 1.815753743749857e-19)
(0.1033184091392934 0.004350897494936 -8.946942181757127e-20)
(0.1142302103480657 0.004024471761720471 -2.745348517725545e-18)
(0.1192127167778472 0.002136502076569931 -3.817262354320824e-17)
(0.121681239412536 0.0009334050957083618 -3.861097909625484e-17)
(0.122796713877978 0.0003757754620941221 -4.826714197210398e-18)
(0.1234751571561268 9.125800851026191e-05 -1.226613983948075e-18)
(0.1238936140495885 -0.0001043717150489684 -4.132310022489085e-18)
(0.1241552096159943 -0.0002637577549700626 -4.380996174932539e-18)
(0.1243341582282226 -0.0003943231619913489 -2.277772258616156e-17)
(0.1244862852248671 -0.0004777335531248825 -6.040097345826433e-18)
(0.1246462915830841 -0.0004521243570754353 -3.668097042224736e-17)
(0.1248285519664594 -0.000169726417174651 -6.160904967859046e-18)
(0.1250233591348928 0.0006823563143455028 -2.300647843609644e-17)
(0.1251335589895418 0.002721300819083692 -1.91811325969793e-18)
(0.1248179256018105 0.006972173249496751 -4.247438874717574e-19)
(0.12290191024424 0.0147370918307167 -2.691889150124307e-18)
(0.1168754637390854 0.02607074565530972 -1.890472940172896e-18)
(0.1047362989660192 0.03788626699743789 -3.168482650358355e-17)
(0.08771613045503324 0.04615174497291073 -3.283817274413887e-18)
(0.06846886284648866 0.04992480891449898 -2.504321135474737e-19)
(0.04839046863087548 0.04904372215520974 2.066305660359632e-18)
(0.03136382387165895 0.04404310362143516 1.073181457821425e-18)
(0.00905374404269932 0.03620854540131486 -2.325310113474938e-20)
(0.008672684993016815 0.02535592955464529 -4.913638343374093e-19)
(-4.266799596801263e-08 3.460526758050154e-08 -4.42588535123697e-19)
(-5.019685226135369e-08 4.728146337437135e-08 6.368922970321527e-18)
(-4.930280772183493e-08 5.347134992401102e-08 -4.810697670936104e-19)
(-4.311149330929465e-08 5.229832890450009e-08 -3.071305744848837e-20)
(-3.504413196089851e-08 4.418419184562886e-08 -1.339305097328275e-21)
(-2.771039860072211e-08 3.047626419934099e-08 1.04370331740086e-22)
(-2.218832810107346e-08 1.30373711080406e-08 3.175905662607387e-22)
(-1.775801107637559e-08 -6.10277505136772e-09 -1.127842457998196e-21)
(1.643052382718346e-05 0.005075576353442789 -7.783399833611331e-19)
(0.0003259567763932692 0.007447449678573149 -4.612500530025456e-19)
(-0.0008615628251413703 0.008824557938841775 -2.127144003948451e-18)
(-0.001116704110262305 0.008069068426864494 -8.004484387193893e-18)
(-0.001205606281432203 0.006459824305205819 1.756128105368281e-17)
(-0.0008548225900408015 0.00452018923079461 -1.492210706199634e-19)
(-0.0003896445170179212 0.003460084705296157 -1.800245218681054e-19)
(-0.0003616075375639017 0.00251523932123302 -5.537466071823896e-19)
(1.649826545029682e-06 2.994500870898446e-06 1.426788235491741e-20)
(2.248522870895774e-06 4.320238144442032e-06 2.359331909982555e-20)
(2.482568861208838e-06 5.480458119349729e-06 1.129473241053221e-19)
(2.266867774820651e-06 6.478464838312889e-06 -4.586821696119901e-18)
(1.572802734756736e-06 7.329635254426967e-06 1.072090682851265e-19)
(4.267395640779326e-07 8.05442035346608e-06 3.405438934989831e-21)
(-1.093467481331177e-06 8.672262097108693e-06 5.031120493188794e-22)
(-2.864383608225038e-06 9.196041596638621e-06 2.112029888944755e-21)
(-4.725753554504948e-06 9.626905774761177e-06 -5.231528983099609e-21)
(-6.492247436208111e-06 9.949550159408897e-06 -3.835341343934737e-21)
(-7.968021737841252e-06 1.012823495197008e-05 -1.272016045637695e-20)
(-8.96352077304173e-06 1.010386346805749e-05 -1.45159844327017e-21)
(-9.313600107140572e-06 9.792297244079831e-06 2.030446548659088e-21)
(-8.89622952019364e-06 9.084338376999404e-06 6.394780019215156e-21)
(-7.652203629504887e-06 7.849172703560964e-06 2.174396225731267e-21)
(-5.609456053146805e-06 5.948704440682522e-06 4.03644156716036e-22)
(0.007723869356385499 -0.02184143924405582 -1.28083407916149e-20)
(0.007780399621962125 -0.03086125808834858 -1.413045243728855e-20)
(0.02832557333096167 -0.03788754620563259 -3.300233079041298e-21)
(0.04378147732287921 -0.04336349036627233 -9.856932465998192e-22)
(0.06254775491879799 -0.04600908970612073 -6.669419983583714e-21)
(0.08152515789129863 -0.04590749707199075 -8.819217401564786e-21)
(0.09931713022509321 -0.04413989133787504 2.871957265383571e-21)
(0.1204549502194042 -0.04282090088302449 3.195125514263536e-20)
(0.1033157137878599 -0.00436621142357215 -7.004117841236554e-20)
(0.1142205200920661 -0.004073194346548642 -6.407938128165417e-19)
(0.1191913274101021 -0.002226492612546305 -3.682901412450436e-18)
(0.1216432254212722 -0.001083575909484118 1.361208689831677e-17)
(0.1227352760233669 -0.0006101182231151612 2.250761362025559e-18)
(0.1233800614954894 -0.0004395537078787553 -1.624332098785365e-20)
(0.1237502807629405 -0.0003909876188662024 -6.629039553903779e-19)
(0.1239437857142965 -0.0004082447716544083 -1.927661886807999e-18)
(0.1240292162893771 -0.0004637805527707248 -2.433998428811027e-17)
(0.124058727466782 -0.0005187473717302638 -7.882947516729489e-18)
(0.1240710488807095 -0.0004992480148887804 -2.811907878445348e-17)
(0.1241093008795537 -0.0002558692488831221 -7.726568032859245e-18)
(0.1242660461539148 0.0005354727795466286 -2.299241628678044e-17)
(0.1246952225110714 0.002628472917252742 -4.456322979041975e-18)
(0.125547366470876 0.007609407868117393 -6.277285796124336e-19)
(0.1257718858317436 0.01819820328873453 -5.901049514491768e-19)
(0.1215272747340742 0.03531051131948073 -1.96730582739063e-18)
(0.109240071229767 0.05351363204607228 -2.315545247832053e-17)
(0.09094594394972857 0.06545364245404262 -4.464292885018958e-18)
(0.07069306665052029 0.0706230365481734 -4.619820577525155e-19)
(0.04977639774333755 0.06917058512903666 1.478684027297082e-18)
(0.03216581580260333 0.06185011052560025 1.747689728416226e-17)
(0.009695676577734588 0.0496185680652337 2.001606523983658e-18)
(0.009040301034188982 0.03467660283672309 2.555386793088026e-19)
(-2.430151574937811e-08 2.29179828452504e-08 -2.746084597064369e-19)
(-3.096779585738153e-08 3.131022823519083e-08 8.243805987111513e-18)
(-3.314562534596083e-08 3.570352039277552e-08 -2.862927360576061e-19)
(-3.180776429398402e-08 3.520084192361328e-08 -1.518697142122334e-20)
(-2.863757259628785e-08 2.971216537346263e-08 -2.323748226620653e-22)
(-2.514655522006803e-08 1.982913089369071e-08 1.512668475234809e-22)
(-2.184727878468129e-08 6.521151028893168e-09 2.811039477416894e-22)
(-1.792408596871208e-08 -9.011446401585577e-09 9.604098950899208e-22)
(3.542665216550747e-05 0.005047513094559901 -2.181507637246325e-19)
(-0.0002907409291723819 0.007732732276342935 -9.144363244266829e-20)
(7.717741168127723e-05 0.009209255568520239 -1.787155436686767e-19)
(0.0001796530222338088 0.008208074980497426 4.832553038849207e-19)
(0.0001007225506658341 0.006416562986002106 1.207229648645573e-17)
(6.633049006526617e-05 0.004193018497644186 1.621791308464154e-18)
(-0.0008687324750953483 0.003144984443414345 2.349321824899713e-19)
(-0.0002843842038233671 0.002540514809080702 2.768489673590904e-19)
(1.525150176390688e-06 2.006396108994706e-06 1.839267133545628e-21)
(2.08065341066136e-06 2.818821591697371e-06 5.149740178948313e-21)
(2.31621373707018e-06 3.460760674707628e-06 2.067439618935727e-20)
(2.158162396530185e-06 3.951977901575421e-06 1.091413122691795e-19)
(1.581871678685461e-06 4.328442953319589e-06 2.002154053712754e-20)
(6.107362442758953e-07 4.632153718624004e-06 3.122126943476279e-21)
(-6.868316305098585e-07 4.902527541311451e-06 1.010869761949285e-21)
(-2.202706732045909e-06 5.169001282615145e-06 7.157740846296066e-22)
(-3.796904659188194e-06 5.444648841813459e-06 -2.014661071134445e-20)
(-5.308039626492067e-06 5.720978490034948e-06 -2.747338040025358e-22)
(-6.566204693697272e-06 5.964346061542065e-06 -8.773159453337183e-22)
(-7.407921715977921e-06 6.114497533153337e-06 -1.246908550913056e-22)
(-7.692804959637256e-06 6.085849580687343e-06 4.611930191584683e-22)
(-7.32169825083933e-06 5.772564821910839e-06 1.297203704738744e-21)
(-6.256727262357381e-06 5.05999587096552e-06 5.04850951864523e-22)
(-4.545078357308385e-06 3.849714972944635e-06 1.362178754932646e-22)
(0.008589815184293411 -0.03055803585769999 -4.622578974625594e-21)
(0.008926672583354573 -0.0432349680169228 -2.235222505345001e-21)
(0.0307817383842773 -0.05445843271117969 -7.172026585232617e-22)
(0.04771639011476272 -0.06237162003269589 -4.177152236468981e-22)
(0.06806320735336698 -0.0660387768928903 -1.047192490914165e-21)
(0.08828723395368691 -0.06560531322501564 -1.543714061563884e-21)
(0.1066556618253204 -0.06225150125207662 7.904930503864987e-22)
(0.1270131725684349 -0.05813878853249204 4.994939320558941e-21)
(0.1038550507097672 -0.01456856489187265 -4.568536535180741e-20)
(0.1131075187087467 -0.01183344708477426 -3.38819469141176e-19)
(0.1142336574807831 -0.005940601416633115 -1.903465564892825e-18)
(0.1142101712817161 -0.002882323671515371 -2.085575868629926e-17)
(0.1140948654636853 -0.001670374641799368 -4.493151449186789e-18)
(0.1141692500914617 -0.00113002580696281 -6.415141669940675e-19)
(0.1142257235295655 -0.000839491950285848 -3.785323523852113e-19)
(0.1142057035120586 -0.000703199311300627 -1.669332441603268e-18)
(0.1141144432461592 -0.0006757284415890398 -2.412467710792026e-17)
(0.1139667256126471 -0.0007014933298927943 -7.163231792552797e-18)
(0.1137735137591674 -0.0007057756251595931 -2.645809079246302e-17)
(0.1135606685984808 -0.0005797966185383009 -6.603229286727435e-18)
(0.1134626512496028 -0.0001191642091393953 -5.593728254069432e-18)
(0.1138695579396479 0.001289234894181682 -1.532710469465375e-18)
(0.1157540078619107 0.005608052421369714 -3.508432129654557e-19)
(0.1186526684615858 0.01799423245721771 -3.81673388896395e-19)
(0.1172584466479913 0.04184071077002543 -1.778657394099994e-18)
(0.1059407381330914 0.06872259304902428 -2.38072335333032e-17)
(0.08748700756776556 0.0846465077210954 -5.003619268348156e-18)
(0.06815702583286934 0.09106765712042814 -8.811156539780128e-19)
(0.04823319018478495 0.08902531340972951 -1.788330442946759e-18)
(0.03098733956041999 0.0794148159880522 -1.759294861788801e-17)
(0.0086259565473502 0.06255475586624901 -2.615333684391257e-18)
(0.009356647682512452 0.04398374536928994 -2.219955795233064e-18)
(-1.342504694738789e-08 1.4057321975295e-08 -3.31179665893727e-21)
(-1.836244533596348e-08 1.856170488059167e-08 -1.108415987775102e-19)
(-2.116036112390779e-08 2.06910800420318e-08 -9.923236264980259e-21)
(-2.190250620454082e-08 1.995523206486244e-08 2.434549141024025e-22)
(-2.132897003806478e-08 1.620724456811301e-08 4.106505406332222e-22)
(-2.031971980953617e-08 9.623725522652643e-09 1.297983759912322e-22)
(-1.905953375246766e-08 3.713225035610612e-10 1.269859697852324e-22)
(-1.642083814529152e-08 -1.154294488464602e-08 6.5236667423668e-22)
(0.001273287087316001 0.004184984204073781 -3.897395113433922e-21)
(-0.001028703321150618 0.007177065095328778 1.841252953297777e-20)
(0.003116874967923232 0.008480785117339578 1.896719223076682e-19)
(0.004338078958791483 0.007898754657034707 1.632433558555546e-18)
(0.004272984876027429 0.006819227916678443 1.239312133220133e-17)
(0.003070455032325645 0.004975605290320872 1.93166385667109e-18)
(-0.001530043110647076 0.003657247514273397 3.387018274665095e-19)
(0.001035353710559251 0.003411609809208557 4.461914749909753e-19)
(1.260477539149823e-06 1.242260667932375e-06 7.384204957410817e-22)
(1.715569900552754e-06 1.677419432185873e-06 1.034051271873626e-21)
(1.912443515165747e-06 1.9518644576754e-06 3.793972365288503e-21)
(1.792935973131057e-06 2.094574751335078e-06 1.074343830736424e-20)
(1.337498165206695e-06 2.151769858757405e-06 3.961594145678232e-21)
(5.650446090708916e-07 2.175573090956403e-06 1.239933462986002e-21)
(-4.690361968717922e-07 2.214841162037278e-06 1.35998883648016e-21)
(-1.677138266889967e-06 2.307275591510662e-06 -1.688288797054889e-20)
(-2.945973322690965e-06 2.472740379047241e-06 -8.760697085589542e-19)
(-4.145233515922414e-06 2.708095543472577e-06 -1.824874187077115e-20)
(-5.138242166003414e-06 2.984040085778593e-06 -4.935561797877298e-22)
(-5.794488561355372e-06 3.24454188065787e-06 -3.840239094519765e-22)
(-6.003986751748971e-06 3.409636471144242e-06 -5.27918461344411e-23)
(-5.693343476225951e-06 3.382812248832121e-06 1.668395016240094e-22)
(-4.842964907905874e-06 3.065184247159208e-06 7.84436607977199e-23)
(-3.503597752028617e-06 2.380343353635198e-06 1.818648797955978e-23)
(0.009770924181415477 -0.03987685527167886 -7.026678881679907e-22)
(0.008785376961937558 -0.05602130958625449 -3.80411254052555e-22)
(0.03223227953367491 -0.07197641036324595 -1.498698890687043e-22)
(0.0502431238679512 -0.08225337219801863 -9.937116444402047e-23)
(0.07092937114134293 -0.08662395476776386 -1.844005103853177e-22)
(0.09100151574731975 -0.08539808199014785 -2.164642106446849e-22)
(0.1088831362513736 -0.079703993834046 1.63141715356198e-22)
(0.126748186507885 -0.07193617594709384 7.53267084525453e-22)
(0.1016168183354435 -0.0215453312377219 -7.771286777765292e-20)
(0.1056175554782082 -0.01062677132032812 -4.462022890232261e-19)
(0.1005775525406728 -0.0006958029152787371 -2.295030552700888e-18)
(0.09777886213645549 0.001117712540381352 -3.564644355812305e-17)
(0.09639135189742454 0.0005858974752844193 -4.619953057488953e-18)
(0.09571135529176403 0.0002349099500881271 -8.794714693259944e-19)
(0.09527381613125492 0.0002236348627762446 -5.742498930807089e-19)
(0.0949304311289247 0.0003048646705497374 -2.418611819565927e-18)
(0.09461873785215875 0.0003861269061999674 -2.254051119877131e-17)
(0.09430032235837162 0.0004879137092855742 -6.494913846881011e-18)
(0.09395078004770882 0.0006655320426083972 -2.381305104337436e-17)
(0.09355696351302914 0.0009441785256106215 -7.047055606387179e-18)
(0.09315984764449922 0.001200955441572769 -2.081866507494055e-17)
(0.09298539847033829 0.001344007330487005 -3.718469636950314e-18)
(0.09452889279383575 0.00340607544389726 -7.13339655654423e-19)
(0.09808878499521492 0.01705141946773598 -7.987238655945167e-19)
(0.09956304292893582 0.0519559837056796 -3.373908073750811e-18)
(0.09297600716888668 0.08586808981900203 -2.396884036682311e-17)
(0.07668991026011934 0.1034269282336241 -4.434821851871142e-18)
(0.06159566539875925 0.1099432014365964 -9.655062922313003e-19)
(0.04563623481147494 0.1075985622387005 -2.709179522231891e-18)
(0.03034885124055832 0.09680510758946569 -2.275942406230958e-17)
(0.008587630010367867 0.07578025246704909 -4.028566808584117e-18)
(0.01240353864556307 0.05301433738869334 -4.648063802080983e-18)
(-7.032219592284592e-09 7.682011180822068e-09 1.651309592489651e-19)
(-1.031394082119663e-08 9.439902822969137e-09 1.714553256902364e-18)
(-1.256223269938822e-08 9.839042868636794e-09 1.467282777555131e-19)
(-1.360570205978517e-08 8.670111321593121e-09 8.952322681158537e-21)
(-1.376512079667713e-08 5.864981323083079e-09 9.366016741196596e-22)
(-1.375391068658e-08 1.53138015029225e-09 2.544292191792807e-22)
(-1.403080885590408e-08 -4.425585080016945e-09 9.24766472773679e-23)
(-1.347574561357326e-08 -1.288386738702157e-08 2.1699056475845e-22)
(0.006766258384577339 0.001842352210788569 4.319528651029007e-20)
(0.001743548939974745 0.00388548922622496 4.03709015024446e-20)
(0.01159157557732381 0.00502044885909737 2.201154785277307e-19)
(0.01468145137984996 0.006608284096637847 1.520847432997608e-18)
(0.01467305172137415 0.008206684659535163 1.890291527971593e-17)
(0.01159041117783154 0.008552359915227223 2.053382633383391e-18)
(0.001332422537218017 0.007007713662979097 4.028834078903737e-19)
(0.006790001845044145 0.005784098288430671 5.166456246434753e-19)
(9.251188055836254e-07 7.024936277836083e-07 5.45409972786501e-22)
(1.25195442759584e-06 8.954788859490137e-07 1.885813600609607e-22)
(1.390469945557714e-06 9.53312761902466e-07 6.718658437070088e-22)
(1.299594737395361e-06 9.064051031838077e-07 2.007521968548157e-21)
(9.647390970175286e-07 7.998752342111733e-07 2.812318599661226e-21)
(3.994497534145179e-07 6.840033767723137e-07 4.814437624668317e-21)
(-3.555369317296067e-07 6.060949417097613e-07 4.504345539407757e-21)
(-1.235566386365797e-06 6.032690917250928e-07 6.457122355181032e-21)
(-2.157106784852255e-06 6.963852038051679e-07 -1.454185429125095e-20)
(-3.024326701095339e-06 8.854962032702612e-07 -2.70261559830661e-20)
(-3.737175143133688e-06 1.147209567530817e-06 -8.788813629297263e-21)
(-4.200987111678631e-06 1.434518583043505e-06 -2.6236651831287e-21)
(-4.337622849241891e-06 1.67990209322226e-06 -5.43048225678401e-22)
(-4.097901747753506e-06 1.8029017893606e-06 -2.119638368535206e-23)
(-3.47423624574069e-06 1.723853359078195e-06 1.949688711391444e-23)
(-2.510406629299027e-06 1.385331437614781e-06 5.69653724543146e-24)
(0.01411903224121019 -0.04974058397263094 -1.029425408006263e-22)
(0.0101397241517608 -0.07028829572477156 -5.369031556750148e-23)
(0.03490582948915781 -0.09088786529834693 -2.589392236627941e-23)
(0.052740092758843 -0.1022863115954452 -1.946772865477645e-23)
(0.07132620695480328 -0.1063537917131322 -2.964534474950041e-23)
(0.08883071303398209 -0.1036389928097625 -2.807147920636903e-23)
(0.1045131135374712 -0.09454859736417551 3.05517387781388e-23)
(0.1177666210957112 -0.08197774971241677 1.129626021246045e-22)
(0.06881172998281149 -0.01163683273863023 -1.981560523582748e-19)
(0.06981627679305669 -0.006761798364446019 -1.489779572612006e-18)
(0.06893003136809113 -0.002841983363730676 -4.440494102629816e-18)
(0.06772176083472664 -0.0005714131021360628 -6.851099129400537e-18)
(0.06680290180806202 2.423322347026163e-05 -5.231401407599412e-18)
(0.06632646834812679 3.888087178903943e-05 -2.092404549458689e-18)
(0.06605169787217707 3.365277396299472e-05 -1.671254002522557e-18)
(0.06584766799408452 7.190228462616247e-05 -4.3018539817682e-18)
(0.06565953058581291 0.0001232847903234234 -1.840902668316007e-17)
(0.06546400077243159 0.0001885807189847663 -9.543439468503035e-18)
(0.06525099280537616 0.0002889579690309254 -8.03067432950539e-18)
(0.06503310713367634 0.0004380303595109298 -8.841027512656687e-18)
(0.06492138027691804 0.0007155552551263481 -8.223680400586644e-18)
(0.06520732625214738 0.001776942797183713 -3.950280935007444e-18)
(0.06621883058481651 0.005816982473154246 -1.718007547574728e-18)
(0.06337801851784458 0.02075220291174498 -3.280923790784879e-18)
(0.05278801458470839 0.04215128780302745 -1.191099816908035e-17)
(0.05934484152405579 0.09150415608019506 -2.504328072344595e-17)
(0.05514046367691426 0.1137660041606654 -4.387887861317174e-18)
(0.05170931231299471 0.1216076873332172 -9.591971402978893e-19)
(0.04556293341229108 0.1210293788817098 -2.789918815780095e-18)
(0.03699520878856277 0.1120898242587814 -2.336545168569197e-17)
(0.02194040761879705 0.08950542341525133 -3.91881913575303e-18)
(0.02800360937105427 0.05673417395966344 -5.457393271480873e-18)
(-2.977436721653126e-09 3.431553024374479e-09 3.786816309941498e-20)
(-4.814624094372222e-09 3.866947330052883e-09 1.47393703364762e-19)
(-6.149027857640238e-09 3.571079838955715e-09 8.564035180642408e-21)
(-6.777896863988803e-09 2.372775561101936e-09 -5.701823076360846e-21)
(-6.730610871159143e-09 1.478469161333984e-10 3.739480660271829e-22)
(-6.565934181773647e-09 -3.120356906671437e-09 7.714264772908443e-22)
(-7.326033484716943e-09 -7.413063607408787e-09 2.66880413496332e-22)
(-8.977830892337862e-09 -1.315005982230333e-08 1.075349622845258e-22)
(0.02579489665010374 -0.001940653023455232 3.810737073328469e-20)
(0.01978271397589293 -0.003257751199841794 3.825589812899535e-20)
(0.03163111059828193 -0.001612937902938699 1.945106221068093e-19)
(0.03565920262866776 0.004213053728895471 1.345777369698957e-18)
(0.03587171374318857 0.01055773405278864 1.245457334192928e-17)
(0.03216898898774543 0.01530272533533685 2.418092137434093e-18)
(0.02031713153904113 0.01435150930470578 4.328989132404648e-19)
(0.02696299804288433 0.00899026555151752 5.249254484499351e-19)
(5.784111803460584e-07 3.560730560663722e-07 -6.216636063462106e-23)
(7.756532754595036e-07 4.235248121436594e-07 -1.901577436488806e-22)
(8.555570142265365e-07 3.967677690668026e-07 2.617365679228763e-22)
(7.91906254178458e-07 2.98802432881131e-07 3.354600377854058e-21)
(5.742938406828359e-07 1.634638802060218e-07 1.557854989939896e-20)
(2.110348822398529e-07 2.881277664764162e-08 5.654895952814179e-20)
(-2.716636332861667e-07 -6.910898030099387e-08 2.719241453694604e-20)
(-8.321513742062282e-07 -1.017987365284877e-07 4.583951730170023e-20)
(-1.416720367308517e-06 -5.281464965476053e-08 2.690612563347996e-20)
(-1.96395248976979e-06 7.890798063093021e-08 -9.396774066776585e-19)
(-2.410085782287522e-06 2.771694498637789e-07 -1.092290454447779e-19)
(-2.695409991680404e-06 5.085039984364936e-07 -2.115326424720756e-20)
(-2.771610499425472e-06 7.24718715253668e-07 -4.153689107891166e-21)
(-2.609665681839284e-06 8.688811489413611e-07 -5.928919292547137e-23)
(-2.207441083468091e-06 8.858947391898048e-07 1.316797339145296e-22)
(-1.595391262289129e-06 7.383305663574008e-07 4.809282859829734e-23)
(0.03170095350051244 -0.05540221628476198 1.924767578072268e-22)
(0.0259531585600971 -0.08670535974942238 8.603846980268767e-23)
(0.04543990252538455 -0.1098543281274784 1.705694325975107e-23)
(0.05848325873432847 -0.1200126857992753 5.045560881984121e-25)
(0.07019247507644788 -0.1229898118150445 -3.941038791863297e-24)
(0.08083199404776663 -0.1199918768380875 -3.398026383994148e-24)
(0.08969778847302536 -0.1109844641515726 5.457062382704179e-24)
(0.0944777639400481 -0.09713388179019117 1.695271155519537e-23)
(-6.503554829482422e-08 1.102113133663249e-06 -6.610602667777866e-22)
(-1.957574065117838e-07 2.609881662167524e-06 3.018696766018574e-21)
(-3.307202952668913e-07 3.66234743683861e-06 9.134396757746723e-20)
(-4.777973549830675e-07 4.364165261454452e-06 5.88913341190344e-19)
(-6.412652659968949e-07 4.784655375925703e-06 9.414664304277417e-20)
(-8.18462343587974e-07 4.972563089492791e-06 4.073222223905305e-21)
(-1.000252199715346e-06 4.963561072420485e-06 8.637422212527715e-21)
(-1.172741306880378e-06 4.786694277007526e-06 2.009693674258418e-19)
(-1.31924096080367e-06 4.469030633971055e-06 2.173386018850825e-18)
(-1.422447900789863e-06 4.038593465670315e-06 -2.709275260676712e-19)
(-1.466774135922347e-06 3.525686167958272e-06 -6.440492523391141e-18)
(-1.440642621555266e-06 2.962720859612904e-06 -4.922036014214597e-19)
(-1.338518626293637e-06 2.382658665390884e-06 -5.679422250089418e-20)
(-1.162423085263519e-06 1.81624506513569e-06 -2.194356886705104e-20)
(-9.225071914203617e-07 1.288308585586234e-06 -2.994044719053305e-21)
(-6.357384066697086e-07 8.13595404358311e-07 2.709759829300559e-20)
(0.02640595091958581 0.05445731226171439 -1.175797501388357e-17)
(0.02121184874852905 0.08548151108095307 -1.852482461190057e-17)
(0.03669198281350711 0.1087224001089483 -3.814182164186331e-18)
(0.04619837302594548 0.1194068674555066 -8.261890083898948e-19)
(0.05361376979406969 0.1221324705965132 -2.354569435255346e-18)
(0.0583652749634005 0.1162678849000906 -2.373940869594498e-17)
(0.06411631007116159 0.09497839251935612 -3.804494726654456e-18)
(0.05804953914118503 0.04384965729662688 -3.321878726862006e-18)
(0.07016873768849435 0.02084198131228434 -3.154981066396973e-18)
(0.07400715305647705 0.005380742562336513 -4.977264810689517e-19)
(0.07329165946961709 0.0013467537770619 1.092879717124851e-18)
(0.07317371160351073 0.0003180633009646455 1.059706625962357e-18)
(0.07327550448387017 -3.874808851416314e-05 2.795589295656139e-19)
(0.07331063649583021 -0.0003576304956623576 5.974833143407506e-20)
(0.07330368747972191 -0.0007802750589125953 1.251011150889638e-20)
(0.06889707009619887 -0.002115870104203933 4.690528443628306e-21)
(0.05494078458136407 -0.0007011952419689344 2.089764301255468e-20)
(0.06412507851562228 -0.00993054701855813 2.218784744560053e-20)
(0.06572026303471459 -0.006880547889380982 1.087658602046993e-19)
(0.06779916809876382 0.002090969191776797 7.805471309661868e-19)
(0.0684822284003703 0.01190732900060811 1.2567463650687e-17)
(0.06765569083179496 0.01997663086561521 2.892656654866803e-18)
(0.06748602961076484 0.02068068769023138 4.431184047702618e-19)
(0.05848077569431955 0.006135822667679895 2.006441634712958e-19)
(0.07348371813093718 0.004123809316001493 6.448827393774042e-20)
(0.07845722320115582 0.001004586301460818 1.598650890843605e-20)
(0.07873282852566829 0.0002599126450872629 7.233189283442746e-20)
(0.07911908552292179 1.877453540366026e-05 1.354655779542242e-19)
(0.07944431362005855 -9.493011909439961e-05 1.875467065971618e-19)
(0.07965013109172735 -0.0001239867670773835 5.737252913022994e-19)
(0.07974687057193133 -9.564207433364824e-05 1.446336732435721e-19)
(0.07974910907447981 -5.674633700825568e-05 -2.975016471834155e-18)
(0.07965951791104202 -3.654766269499431e-05 -1.614892201906934e-18)
(0.07947719632612416 -5.008921938870568e-05 1.821698695111767e-18)
(0.07920375046505435 -0.0001104267279150673 2.858664276637572e-18)
(0.07885792546891883 -0.0002313243492282947 2.143764371499405e-18)
(0.07855658819381392 -0.0005137758255102875 8.30227434421496e-19)
(0.07860276226464988 -0.001665280560544633 1.772522781156561e-19)
(0.07935916651249461 -0.005978300649744787 2.882879981095954e-20)
(0.07557799354731705 -0.02163070179676094 4.497307919848914e-21)
(0.06310826793317893 -0.04249833850260332 3.69226957736039e-21)
(0.07200777301149158 -0.09538751586967567 5.204154418422317e-22)
(0.06949404367352061 -0.1183893013395411 7.385468685687423e-23)
(0.06854714655394971 -0.1264081667717985 1.026675581347581e-23)
(0.06551152162667494 -0.1269852640328765 8.948082444467492e-25)
(0.05959713697197343 -0.120742080089384 -1.954249243240149e-25)
(0.04693362820134452 -0.1042239879276353 9.013169735701632e-25)
(0.02880658968247112 -0.06163236050666503 1.983252086497053e-24)
(-8.875961497168246e-08 1.566653683323337e-06 5.798351389865898e-22)
(-2.706568144392857e-07 3.677401700354077e-06 5.575280330178211e-21)
(-4.659841222034913e-07 5.142033545408285e-06 3.673556304718604e-20)
(-6.848470858547302e-07 6.116574017401774e-06 1.358455008594599e-19)
(-9.320224944085005e-07 6.699162843877907e-06 3.681751886374397e-20)
(-1.203178626979821e-06 6.958105628349434e-06 5.323677472765849e-21)
(-1.484346909099701e-06 6.943100928482292e-06 8.437208975481714e-22)
(-1.753847025038604e-06 6.69439553228901e-06 2.240152221511558e-20)
(-1.98534597009364e-06 6.249442084015934e-06 1.950594278070495e-19)
(-2.151400866339404e-06 5.64705106431522e-06 -3.798015441765272e-20)
(-2.227165231013378e-06 4.929227785646986e-06 -4.238069091516694e-19)
(-2.193991777536992e-06 4.140935332603603e-06 -3.082241545732738e-20)
(-2.042636076992569e-06 3.328029267703203e-06 1.301031622958996e-19)
(-1.775660906828264e-06 2.53363045533625e-06 -4.669963168237433e-20)
(-1.408396429083622e-06 1.793253958205093e-06 -5.800556951257278e-22)
(-9.675206457256894e-07 1.128950218986374e-06 1.978316507274702e-20)
(0.01258571564471331 0.05010287482543686 -1.112314918512211e-17)
(0.009336308704648077 0.07146754610655592 -2.378091607752648e-17)
(0.03178681134820407 0.09278818616188446 -3.304004324862545e-18)
(0.04812615734090254 0.1048159563822407 -6.356446929452496e-19)
(0.06564390463652654 0.108943729123205 -1.760469412667578e-18)
(0.08260952292249417 0.1041654910105537 -1.610535960203188e-17)
(0.1011771839852391 0.08764088679212517 -4.347618169099134e-18)
(0.1095226980082027 0.05299771465839213 -1.964789375093486e-17)
(0.1089951889838454 0.01666386602599874 -3.891619311553607e-18)
(0.105913193888817 0.002659861600875415 -4.585022914388603e-19)
(0.1048036573032319 0.0008173538473544798 1.876570090334894e-18)
(0.1052588543281361 0.0007324298580992951 6.477771543247526e-19)
(0.1056067665800354 0.00011696810637142 1.373697888927039e-19)
(0.1054733232990296 -0.0007946522184576316 2.715794558330195e-20)
(0.1051861113367936 -0.001169728506418798 6.158334614412411e-21)
(0.1054390205287187 -0.002020889008628182 1.867866080757263e-21)
(0.1052562963498051 -0.006554649089844055 3.262956676689764e-21)
(0.1050502321235456 -0.01089932975196896 5.595762568281315e-21)
(0.1014041696065296 -0.00672843385377208 3.137028228142512e-20)
(0.1007134313031922 0.001499723973350857 1.504874687141847e-19)
(0.1018299038571265 0.01061470216439645 1.298136100402138e-17)
(0.1047036298366896 0.01798745959167895 3.80643580643651e-18)
(0.1106647111154811 0.02022686884409668 5.258867825110477e-19)
(0.1123036088090922 0.01206085021060935 9.988320101454658e-20)
(0.1128391440684632 0.00324229539670882 2.146262157924704e-20)
(0.112634814942295 0.0009328134052464095 7.620503197869591e-21)
(0.1133423105241756 0.0007242153929978044 2.975055901593746e-20)
(0.1142449123320378 0.0002665725463725443 1.420892792187768e-19)
(0.1147977197929983 -6.611735127724436e-05 8.826688962352003e-20)
(0.1151236517481017 -0.0001464240544412713 7.52915077207075e-20)
(0.1152825491332339 -0.0001251653055485786 2.571549861971186e-20)
(0.115290875001265 -0.0001157040027146621 5.11605917542152e-20)
(0.1151513522936013 -0.0001506564430914072 1.910479459078383e-19)
(0.114863821192092 -0.0002392763766251591 3.830691606878671e-19)
(0.1144286988327643 -0.000405961493417039 7.130612342134564e-18)
(0.1138454919850154 -0.0006709940237386914 2.968014085677695e-18)
(0.1131598986465426 -0.0009487923267274105 4.440277651908563e-19)
(0.1125939553640601 -0.001215150785021645 7.414201946191661e-20)
(0.1137480461765382 -0.003595290309723351 1.361337411832148e-20)
(0.1169277664989242 -0.01812241783327812 2.556862746746749e-21)
(0.1182519725366411 -0.05470659161786615 8.553833472570727e-22)
(0.1115678118490392 -0.09064045881686759 1.879193383224681e-22)
(0.09455560884389519 -0.1090220690588558 3.556553891726446e-23)
(0.07944757629094276 -0.1161640702595261 6.214533008134683e-24)
(0.06383499550518147 -0.1147691091813599 9.638057792513345e-25)
(0.04676034132952418 -0.1044613085275104 1.244089869588038e-25)
(0.0268332389937352 -0.08189885881573582 1.593227281793903e-25)
(0.006490604044569827 -0.0382342614885595 2.390003910903216e-25)
(-1.022768423719232e-07 1.852163219623684e-06 9.640519559708768e-22)
(-3.160074355749304e-07 4.340805252062326e-06 6.380961547705292e-21)
(-5.559804797138686e-07 6.066521786923015e-06 2.694435610337698e-20)
(-8.356028901646863e-07 7.216221579537264e-06 6.664826806793693e-20)
(-1.159469045978307e-06 7.905152660049423e-06 2.692787404515662e-20)
(-1.52031376614524e-06 8.212891284525847e-06 6.16326602625957e-21)
(-1.898577871687636e-06 8.197606199057683e-06 -1.129213406126862e-21)
(-2.264574249137693e-06 7.906673317932891e-06 -1.69548799829784e-20)
(-2.582361898491314e-06 7.384226512579563e-06 -8.063574237595065e-20)
(-2.814459184706606e-06 6.675856845657184e-06 7.794489812391467e-21)
(-2.926805957328537e-06 5.830699796709367e-06 1.672233009541141e-19)
(-2.893556536465256e-06 4.901193865191125e-06 1.725578887569915e-19)
(-2.701316679174122e-06 3.940839075304917e-06 -5.862871025506608e-18)
(-2.352374239639882e-06 3.000276274589542e-06 4.823923530452386e-18)
(-1.866286938578257e-06 2.121890768480572e-06 -5.947164649636785e-20)
(-1.278994781158012e-06 1.333067743810624e-06 5.044570928921097e-21)
(0.009933374922890929 0.04061855965553158 -7.886724913273627e-18)
(0.009385520153872598 0.05761572656105361 -5.762184062818718e-18)
(0.03307235638882084 0.07437883241088872 -1.260537724021433e-18)
(0.05155156355269887 0.08477196158685056 -2.944708208949641e-19)
(0.07319287842527911 0.08817824679821629 -5.57261550881438e-19)
(0.09454837019801203 0.0831543462351515 -3.610622439388688e-18)
(0.1152790790163764 0.06813268833881941 -1.108455823617833e-18)
(0.1285729916959802 0.0409936070108857 -2.865091336899485e-18)
(0.131146789537099 0.01652245244272666 -9.680567756533094e-19)
(0.1288962281332832 0.004156368850517495 -1.771684282671045e-18)
(0.1275693224976789 0.0003166593958054825 1.781654169104489e-17)
(0.1276394945927467 -0.0005205990333259409 3.327322707832209e-18)
(0.1280301859439636 -0.0004666536218001864 3.682756155563796e-19)
(0.1282696962691755 -8.479120868639201e-05 4.390441405561699e-20)
(0.1284660874872285 0.0005777957153747294 6.510276006569848e-21)
(0.1291416609093143 0.000499282556285949 1.008491188214261e-21)
(0.1294408638542193 -0.002442195817691682 2.879568618904221e-22)
(0.1275484937375337 -0.006210163429402341 1.49376128558491e-21)
(0.1243458242019182 -0.004014739305912664 -2.044136974732937e-20)
(0.1233734407113935 0.001572115982732112 -9.195358925962472e-19)
(0.1246421040367716 0.008053552127138128 1.258903781411966e-17)
(0.1280789914925074 0.01281495333887888 3.818558776293231e-18)
(0.1336470599427629 0.01325244038427346 5.301303699003081e-19)
(0.1372290616270003 0.006464659981884347 7.630862391040288e-20)
(0.1374486394240506 0.0004694813439773297 1.249699471193208e-20)
(0.136741515616813 -0.001309675051597724 1.636080514221943e-21)
(0.1367600069019279 -0.001304726507102729 7.047627684997302e-20)
(0.1370465014313243 -0.001121552966372774 1.094660659779619e-18)
(0.1372400221635496 -0.0008737607689501266 4.25609102925877e-19)
(0.13735650063099 -0.0005570871941152861 8.364942845162842e-20)
(0.1374109572577823 -0.0002145015604205042 -8.691042557188557e-21)
(0.1373938170459661 0.0001210733200965283 -1.031417268180177e-19)
(0.1372861252139372 0.0004438378342944142 1.607574265460525e-19)
(0.137072814679336 0.0007496913198795664 4.970823424429047e-18)
(0.1367473353756934 0.001004557623828152 1.219788686710278e-17)
(0.1363265247459386 0.001112228494664115 3.036754286985677e-18)
(0.1359389440871462 0.000845656093463317 3.905650277980526e-19)
(0.13596307745051 -0.000466505856831713 4.852851341802373e-20)
(0.1374020664876457 -0.00488699857548317 8.17236008493061e-21)
(0.1397529811416584 -0.0178572554201994 1.457484552220602e-21)
(0.1376316871910035 -0.04299353085061729 3.148051359203904e-22)
(0.1249976272562156 -0.07183919485898629 6.825106749131079e-23)
(0.104698540941161 -0.08891468517971829 1.405214496190405e-23)
(0.08352214126637898 -0.09609624713900029 2.736283170248498e-24)
(0.06169275704477988 -0.09441229552144018 4.994327957849148e-25)
(0.03979665396404551 -0.08359781842981122 8.71174251543888e-26)
(0.01886232458650192 -0.06175652859024449 3.557850952366528e-26)
(0.00248444137065058 -0.02563421684591128 3.079365502753608e-26)
(-1.035205305073648e-07 1.92661915207875e-06 6.041301527128723e-22)
(-3.249455936557913e-07 4.517231194992727e-06 4.118285816513947e-21)
(-5.869222720405413e-07 6.315878064675883e-06 1.758461683414698e-20)
(-9.065542248007721e-07 7.517016897340151e-06 4.320421414369856e-20)
(-1.288058975726055e-06 8.239588344173456e-06 1.752578888367539e-20)
(-1.720706012054026e-06 8.56528360362787e-06 3.360849976949462e-21)
(-2.179272373625547e-06 8.554061431280229e-06 -8.852620690002843e-21)
(-2.62682441185165e-06 8.255155165992449e-06 -9.436688070062854e-20)
(-3.019234168055978e-06 7.714593292474856e-06 6.056602351160382e-18)
(-3.310678670929209e-06 6.979786686231622e-06 9.974109156494875e-20)
(-3.459449662208004e-06 6.101549881874953e-06 -5.019989062513488e-18)
(-3.433550377862811e-06 5.133880052546509e-06 3.0453972807739e-19)
(-3.215632078003641e-06 4.131820600435793e-06 -5.617299473445487e-18)
(-2.806836167066305e-06 3.147705886086781e-06 3.461016714484067e-20)
(-2.22906716199696e-06 2.225981577850481e-06 2.673339329414481e-21)
(-1.525168261370599e-06 1.396620586461314e-06 1.126468090076924e-20)
(0.009648217899038521 0.03077391974081358 -9.910904539933278e-18)
(0.01028468220842709 0.04376334645810778 -1.489952354191873e-17)
(0.03420735712298328 0.05554381275120247 -2.666169274151716e-18)
(0.05288698110719657 0.06332379706390476 -3.425848478354411e-19)
(0.07531766097348722 0.06581599947060089 6.886761245104725e-20)
(0.09733982032256346 0.06182709056476356 7.959365256916406e-19)
(0.1175512274417772 0.05081288216204822 9.819941016489477e-20)
(0.1315370382625701 0.03290898053768429 -5.587806086138554e-19)
(0.1368750285118029 0.0158264005277979 -8.819336462918064e-19)
(0.1372795294719886 0.005527768446761441 -2.04680201273479e-17)
(0.1368994320510116 0.001081880367141437 -2.260266627611413e-18)
(0.1368674581206479 -0.0004239169560048073 4.558554467401234e-20)
(0.1370231067679339 -0.0007100766816550179 3.698085168774844e-20)
(0.1372072638175783 -0.000587687654067843 8.215615382679473e-21)
(0.1374696180200743 -0.0004197244629168898 1.869543825619425e-21)
(0.1379736572862722 -0.0008107013449999479 8.006283515676289e-22)
(0.1380431740389307 -0.002490674668001641 6.843233320461978e-21)
(0.1364290006659685 -0.004067716526066121 7.513398385469666e-20)
(0.1341877799410524 -0.002418099747500531 6.896184525368475e-19)
(0.1334831622188578 0.001358768044133229 -1.635738527558455e-17)
(0.1347395965432715 0.005724148278574372 1.604350473191466e-17)
(0.1378664522620771 0.00883074311302681 3.380829813046883e-18)
(0.1423024134358541 0.009118701849963062 4.892285696085192e-19)
(0.1455075503401115 0.00543332445596233 6.593754718562634e-20)
(0.1460858559839931 0.001566517930255007 2.955782899885133e-21)
(0.1456486118286711 -0.0002683286009905335 -5.051264034125851e-20)
(0.1454133659799017 -0.000820936367750898 -4.183199553475688e-19)
(0.1453464241270148 -0.0009052384917331168 9.507944502977042e-18)
(0.1453022553386413 -0.0007656549523898662 2.612001431965338e-18)
(0.1452696372392832 -0.0005065988321257594 2.944230339209002e-19)
(0.1452447613101857 -0.0001953247400742024 -9.65493794751347e-20)
(0.145216816593501 0.0001307485423885252 -1.377387101496542e-18)
(0.1451707069577066 0.0004578543485464668 9.480327482171534e-18)
(0.1450952194296452 0.0007705221866792982 4.156299229283827e-18)
(0.1449873199528357 0.001014451185171375 1.684804152233649e-18)
(0.1448612019238835 0.001040984625464716 5.099058274480511e-19)
(0.1447839000659875 0.0004986766862404234 9.830191154329639e-20)
(0.1448764468905198 -0.001430056598059717 1.653768379710649e-20)
(0.1452593196400876 -0.006430138191094174 3.245035813579263e-21)
(0.1447895660203498 -0.01739442611960544 6.27094787096422e-22)
(0.1394659190696222 -0.03531992848510433 1.263906690573695e-22)
(0.1253972714926592 -0.05464821678090633 2.618406354398061e-23)
(0.1047066234019464 -0.06732521094161555 5.415325899849793e-24)
(0.08167214631656466 -0.07284742844205208 1.097474416326072e-24)
(0.05786910938663402 -0.07103523933118391 2.152350180121518e-25)
(0.0349101398651339 -0.061595571805013 4.120832764689339e-26)
(0.0148789240189824 -0.04378725447310022 1.061628012132918e-26)
(0.001445264435183006 -0.01715086754838308 4.689076489987605e-27)
(-9.204453490526234e-08 1.784608589819716e-06 6.412159293354737e-22)
(-2.949848745593692e-07 4.187068831004812e-06 5.29196044233024e-21)
(-5.509702224798171e-07 5.857594289122425e-06 2.743541511979581e-20)
(-8.800392291801037e-07 6.975794911379986e-06 4.525935445347105e-20)
(-1.285895293990242e-06 7.651046346365559e-06 2.736640869584345e-20)
(-1.754867032551953e-06 7.95821889827469e-06 4.927865836186905e-21)
(-2.257509954294804e-06 7.952395171655254e-06 4.392558835958462e-22)
(-2.752131753937584e-06 7.679100561114142e-06 1.053214526979679e-20)
(-3.189731787464622e-06 7.181061622657699e-06 1.037863866727899e-19)
(-3.519789388893666e-06 6.502205384726831e-06 1.996138094585423e-19)
(-3.69631727844405e-06 5.689380927495838e-06 -5.065138331583548e-18)
(-3.683668821805215e-06 4.792158771470788e-06 2.240877903263014e-19)
(-3.461662516768618e-06 3.861009161212556e-06 1.69373586655442e-19)
(-3.029673645647173e-06 2.94411298306296e-06 3.242051002772234e-20)
(-2.409431177703442e-06 2.082879902680812e-06 5.748775716711481e-21)
(-1.646376372961555e-06 1.306136359802211e-06 1.001153370501417e-20)
(0.00909124864375927 0.02118559700659699 -1.222736626365831e-17)
(0.009743280084415246 0.02981392525101663 -2.482465328775576e-17)
(0.03271672239549173 0.03711082272611922 -3.445957344911034e-18)
(0.05009685236294375 0.0423455137422895 -3.919792328170402e-19)
(0.07102427966163381 0.0439886873787329 8.500321570629093e-19)
(0.09137220642872181 0.04120368781082032 1.669761620082085e-17)
(0.1096104676148721 0.03385414836983324 1.79660307954001e-18)
(0.1228258013681964 0.02264556210614831 -1.978197093204507e-18)
(0.1295396241317731 0.01175237439881018 -7.259935023902912e-19)
(0.131813112981783 0.004518081208047041 -2.133039580044348e-17)
(0.1323483487562193 0.0008998798553771882 -5.03027623546354e-18)
(0.1324192994712736 -0.0004987469178499872 -5.324812741067559e-19)
(0.1324007978517626 -0.0007961693908606301 -5.544022643485481e-20)
(0.1323983351068063 -0.0006869653285172424 -5.642832096956322e-21)
(0.1324606218155599 -0.0005685757488315302 -5.451007911731547e-22)
(0.1325836511393924 -0.0008157866253981058 -2.203652744310453e-22)
(0.132342068975368 -0.001669708130341042 -7.642246784833235e-22)
(0.1311424860512283 -0.002322683795473005 -7.938524803437839e-21)
(0.1297251036108219 -0.001268890154605319 -1.38337033173072e-19)
(0.1293710869285315 0.001028981179390543 -2.185293329695792e-18)
(0.1305043181958619 0.003666798290787262 1.218595313518099e-17)
(0.1330270392507292 0.00547947589045743 4.565683255809122e-18)
(0.1363394825682908 0.005573141467318568 5.847842877630409e-19)
(0.1388962349629424 0.003517579836901054 7.521734678873907e-20)
(0.1397478186674188 0.001189207471083937 8.335202205337595e-21)
(0.139677292113692 -0.0001572082180973678 9.918365578031395e-22)
(0.1394450624833764 -0.0006905069151823026 6.493425238362728e-20)
(0.1392194518337669 -0.0007963118639823782 1.068047230051328e-18)
(0.139022368341113 -0.0006758683987790285 4.165256216922808e-19)
(0.138878012763427 -0.0004409273890922444 7.829726747412488e-20)
(0.1387952838118214 -0.0001531317818535747 -5.684644386742958e-21)
(0.1387729664860043 0.0001579677377617758 1.123715805588915e-20)
(0.1388044023559344 0.0004804315546092845 1.841977921856768e-18)
(0.1388823882320915 0.0007961891178550746 3.877186190330304e-19)
(0.1389979978100351 0.001045846820764519 4.218597856180325e-20)
(0.1391317140335058 0.001074607105950324 4.186620409861301e-20)
(0.1392404899163727 0.0005445277378511603 1.384347317462219e-20)
(0.1391782757634627 -0.001211992250982669 3.169713375458877e-21)
(0.1385352896068476 -0.005292292326580825 8.326714924452432e-22)
(0.1360135983091152 -0.01310139904142619 1.930725594713819e-22)
(0.1289374583087563 -0.02473534268894691 4.264157637800354e-23)
(0.1150983201971017 -0.03702166309040994 9.244320756751133e-24)
(0.09579214897276014 -0.04556622608750081 1.976110826898033e-24)
(0.07381799350337689 -0.04931702044800929 4.150506548619972e-25)
(0.05113273226162779 -0.04774531293231643 8.522054550590379e-26)
(0.02975205671644646 -0.04061250110007839 1.716508185159835e-26)
(0.01200348838304093 -0.02781003647902281 3.778933784071217e-27)
(0.001000154718409287 -0.01009865987045742 9.718562335942415e-28)
(-6.928826166978537e-08 1.444056922359155e-06 6.078314043049278e-22)
(-2.288929257957884e-07 3.38830644131395e-06 5.759460661994307e-21)
(-4.478582170461395e-07 4.741490671543273e-06 -3.344109718939837e-22)
(-7.469411963115442e-07 5.648829549763108e-06 -1.553231850036658e-18)
(-1.129065476771136e-06 6.198348792258324e-06 -4.30427357947194e-22)
(-1.579287772215379e-06 6.45013476277068e-06 6.366042459731599e-21)
(-2.06732594387098e-06 6.448429475026333e-06 1.555337509578858e-20)
(-2.551486601882428e-06 6.229946232434811e-06 1.908921053558743e-19)
(-2.983541382619963e-06 5.829241169705464e-06 1.616176774149109e-18)
(-3.314156290087564e-06 5.281802519842456e-06 2.537103756582628e-19)
(-3.498452513126145e-06 4.625340538836134e-06 3.462375010392987e-19)
(-3.501290454000199e-06 3.89962099460895e-06 6.898519557379355e-20)
(-3.301934799654392e-06 3.14510768727053e-06 2.424034979680592e-20)
(-2.897880560360274e-06 2.400560146367933e-06 5.619943551229417e-21)
(-2.307832485495473e-06 1.699624357914299e-06 2.1202247258462e-21)
(-1.574205398726519e-06 1.066165140384961e-06 7.5807982726166e-21)
(0.007548345634420932 0.01252661729219835 -1.320287961048499e-17)
(0.007907443848935066 0.01685914268063307 -2.540997284986195e-17)
(0.0280103378470414 0.02045678837584994 -3.572726796325914e-18)
(0.04252694681216845 0.02363417413302953 -6.101599430973627e-19)
(0.06012244672632912 0.02469229711645162 -9.299852366347242e-19)
(0.0771313337370753 0.0231701164762763 -1.152356134923857e-17)
(0.09224097492265465 0.01905290190724142 -4.537250395037287e-18)
(0.1034789246996019 0.01292393964052225 -2.12601679470591e-17)
(0.1099446399930295 0.006888255957304802 -4.460382302676938e-18)
(0.1127601408230409 0.00266572605326491 -4.675438626109002e-18)
(0.1136451721585917 0.0004078023234551993 -1.301274743190511e-18)
(0.1137210015242936 -0.0005044958364696633 -2.295608902608219e-19)
(0.113540490542021 -0.0006934373280884739 -3.505822441395263e-20)
(0.1133389850159609 -0.0006076729846573935 -4.881902207134919e-21)
(0.1131854019908128 -0.0005239271717421437 -7.119150709295339e-22)
(0.1130352304186758 -0.0006419987113322919 -1.343269918724058e-22)
(0.1126447442399036 -0.001023755045460988 5.166496579209153e-24)
(0.1117731431944786 -0.001252234743444972 2.128306339007804e-21)
(0.1108934921691813 -0.000642265095814779 3.012230007056025e-20)
(0.1107619880600276 0.0006093936735758463 4.517663601202524e-19)
(0.1116974571201377 0.002030264275509176 1.371367436588913e-17)
(0.1136075545790338 0.002988601196221428 4.000702437270836e-18)
(0.1160003841581614 0.003026621129521477 5.148393119104389e-19)
(0.117925016262361 0.001986220832940422 6.790072219163893e-20)
(0.1187747015298813 0.000740945069724483 8.677859102404701e-21)
(0.1188831424666773 -6.90018911783423e-05 3.031313240766573e-21)
(0.1186984303364565 -0.0004381999135764126 1.977519984337417e-20)
(0.1184280576705398 -0.0005261273949360632 1.238506858530137e-19)
(0.118168523437897 -0.0004518612581690597 6.057616859413277e-20)
(0.1179737410537911 -0.0002933643636855875 9.567109823354369e-21)
(0.1178684931179642 -9.359396605901236e-05 -5.606422930833885e-20)
(0.1178625546414891 0.0001282066843979516 -5.935059904283097e-19)
(0.1179585004173474 0.000364731615339087 9.678174053528098e-18)
(0.1181544824360743 0.0006035542988718293 -5.650105254922526e-18)
(0.1184376068748272 0.0008019632649397941 -1.620808531676087e-18)
(0.118762422818976 0.0008487103128086073 -1.575625621782232e-19)
(0.1190105321970251 0.0005101454674334649 -1.226318897623771e-20)
(0.1188967110985425 -0.0006366591342278003 -5.610227333882727e-22)
(0.1178296046248656 -0.003201326311081902 1.249795600772889e-22)
(0.1146513668384512 -0.007812951567005047 5.487561747694489e-23)
(0.1076153353354568 -0.01435047256371687 1.480357716752605e-23)
(0.09548609711614094 -0.02116123674156734 3.474684988479672e-24)
(0.07906243830147108 -0.02601612246160927 7.681344061447397e-25)
(0.06026226111936926 -0.02810164281106569 1.643191056473239e-25)
(0.04094993792544711 -0.02695759709002871 3.434378794763161e-26)
(0.0231118427601066 -0.02241304883193686 7.055584007508188e-27)
(0.008883674516032752 -0.01458201078133645 1.473628508960698e-27)
(0.0006429176830455437 -0.004597583789861366 2.841293781913317e-28)
(-3.894472757909853e-08 9.422777049404563e-07 9.540175460114578e-22)
(-1.358624182004907e-07 2.207831944023167e-06 1.178729399572363e-20)
(-2.869391931109274e-07 3.0885939296065e-06 1.444889571585931e-19)
(-5.096567157080638e-07 3.679671162256119e-06 -4.323799455478687e-18)
(-8.057511792997421e-07 4.038263509042973e-06 1.444309595928627e-19)
(-1.161954461278633e-06 4.203273813439736e-06 1.190222168393819e-20)
(-1.552702683401633e-06 4.203329972839349e-06 7.000632394047344e-21)
(-1.943636229854735e-06 4.062237381920967e-06 1.086385898274943e-19)
(-2.295580379073174e-06 3.802446754789645e-06 -4.43955299312693e-18)
(-2.568764675189156e-06 3.447005782430696e-06 1.716765670841187e-19)
(-2.727033350476138e-06 3.02035244242882e-06 4.448325853709621e-19)
(-2.741782878966197e-06 2.548203874152156e-06 5.339914953109385e-20)
(-2.595409255184007e-06 2.056721001558216e-06 -2.420310723434671e-20)
(-2.284186992881649e-06 1.571041535101453e-06 -1.010131403438701e-20)
(-1.820856167921749e-06 1.113180821198361e-06 -2.71239083209392e-21)
(-1.237810235083306e-06 6.989970617711852e-07 -1.716890483229705e-20)
(0.005420820708557758 0.006113946972884577 -1.268855575626058e-17)
(0.00512760097104843 0.006490949258796103 -2.441971344425427e-17)
(0.02002413850546269 0.007437480766910937 -3.32362078841132e-18)
(0.02985933707879304 0.009016005497792372 -6.56710055575658e-19)
(0.04225987956252721 0.00960231219218202 -1.69554426106404e-18)
(0.05429199173029887 0.009079079071146365 -1.471980742649305e-17)
(0.06496660351811605 0.007446465978537603 -4.762025483595625e-18)
(0.0729675842334877 0.004991534324543177 -1.595810294215015e-17)
(0.07773717842432594 0.002563372220385876 -4.795672785679593e-18)
(0.07989265181824357 0.0008523614334747278 -1.88527003915394e-17)
(0.08050676062748696 -5.477190238819919e-05 -2.733196822528814e-18)
(0.08041301463226824 -0.0003922039643772061 -3.206427286713947e-19)
(0.08009684902139774 -0.000421639432727378 -3.918112221654956e-20)
(0.07978255375047989 -0.0003415170539008638 -4.908910578587619e-21)
(0.07952711072368526 -0.0002775103278565771 -6.990120861840291e-22)
(0.07928025935986158 -0.0003092908347745641 3.275339225023793e-23)
(0.07889774780363565 -0.0004483512710383704 8.685846807726141e-22)
(0.07828476098349932 -0.0005250123737127729 9.029663175962172e-21)
(0.0777309513335234 -0.0002726302014623852 6.307109952281533e-20)
(0.07768035322107966 0.0002351985731905851 3.141290429482725e-19)
(0.0783442776677865 0.0008107607572604034 1.245802191504231e-17)
(0.07965005769439892 0.001193794534965839 3.115754092059852e-18)
(0.08124783513428056 0.001203554702638524 3.973108800920499e-19)
(0.08255659838558273 0.0007845795327133711 5.173330264604299e-20)
(0.08319910029423769 0.0002766680680552593 6.936704315324902e-21)
(0.08331137755670699 -6.509245181804673e-05 1.443342727512077e-21)
(0.08315517034324095 -0.0002238348222503032 3.689702046148405e-21)
(0.08290283195159741 -0.0002570556533617565 1.454735488516489e-20)
(0.08265582864357945 -0.0002165471720876536 8.389348577167688e-21)
(0.08247041463052074 -0.0001382791434208392 2.149522750488753e-21)
(0.08237410553526979 -4.125075199096607e-05 1.409809853352121e-21)
(0.08238037447642094 6.746187233824944e-05 5.658110191536749e-20)
(0.0824972759841775 0.0001870441613702896 9.478900163439294e-19)
(0.08272952340432735 0.0003147581918786013 5.714755570308348e-19)
(0.0830709834518063 0.0004341706126036998 5.84068893589964e-19)
(0.08348201225637961 0.0004970389517188879 1.566111764142645e-19)
(0.0838463149797275 0.0003992608301607924 2.631351850816531e-20)
(0.08389297013389689 -4.511574434925949e-05 3.819798356945945e-21)
(0.08310039028350173 -0.001091513143242669 6.608421301001937e-22)
(0.08059934483525734 -0.002979960748648637 1.096085096310417e-22)
(0.07527833000950132 -0.005637973695093251 1.818381109417866e-23)
(0.06643709028347751 -0.008404752615308247 3.076784761891848e-24)
(0.05457023522697126 -0.0103860212667212 5.355508959005505e-25)
(0.0409597771900592 -0.01120654568394772 9.611279694660664e-26)
(0.02707637154605283 -0.01062539221008534 1.773456929894206e-26)
(0.01454266405213533 -0.008540354991593693 3.347005509968095e-27)
(0.005042810675751843 -0.005031949367347352 6.449726249321781e-28)
(0.000195623408442778 -0.0009749355901586081 1.071258517565725e-28)
(-8.036068217610111e-09 3.244242554256097e-07 2.422310267375548e-22)
(-3.46060783448939e-08 7.624280134086955e-07 3.087856937198069e-22)
(-9.122211112048062e-08 1.067858609960144e-06 -3.293661912169597e-20)
(-1.860658722205484e-07 1.272940966151593e-06 -5.812669264434715e-19)
(-3.194941320739438e-07 1.397487471208243e-06 -3.294267204961505e-20)
(-4.845054925207027e-07 1.45498449880281e-06 2.071547603463685e-22)
(-6.683324335885789e-07 1.455353062229116e-06 1.033045440866e-21)
(-8.542577359669026e-07 1.406842630084326e-06 4.69903841852279e-20)
(-1.023517302889063e-06 1.317230632990165e-06 1.675219273449304e-18)
(-1.157216271667136e-06 1.194491722347453e-06 5.46817454456033e-20)
(-1.238183059176518e-06 1.047067208910968e-06 5.239593554058176e-20)
(-1.252661675889841e-06 8.838281674816663e-07 4.02745753766417e-21)
(-1.191744889225276e-06 7.137900651770228e-07 -9.184787389082133e-21)
(-1.05254278012475e-06 5.456262404403392e-07 -3.923631053644089e-21)
(-8.393044250770351e-07 3.869671417437584e-07 -4.587625333783751e-21)
(-5.653380875624003e-07 2.433681941830731e-07 -6.792326443543594e-20)
(0.002568842069790934 0.001553757532119339 -1.068972450832504e-17)
(0.001301084578555522 0.0005581332600858877 -1.874353307530591e-17)
(0.008355172474292058 0.000158994550466801 -1.898222568737928e-18)
(0.01173528444571346 0.0006811646856674055 -4.314768389089241e-19)
(0.01683415082145591 0.0007567111876571762 -1.757245432217187e-18)
(0.02183357360075654 0.0007451110169289898 -1.838803314453423e-17)
(0.0262845313214858 0.0005990102938203624 -3.308693517023348e-18)
(0.02957102093543131 0.0003518886281552755 -1.736239402354725e-17)
(0.0314445111876898 0.0001128731951098521 -2.190012895813451e-18)
(0.03217239349926104 -3.567529292368108e-05 -1.863914063534933e-18)
(0.03223511966122349 -9.46709253348369e-05 -4.327192245231997e-19)
(0.03201954271428361 -9.771268069478365e-05 -7.287957101239408e-20)
(0.03175204231666123 -7.540619921018135e-05 -1.095520374921866e-20)
(0.03153053797170885 -4.967828403700177e-05 -1.54897779299526e-21)
(0.03136806974757616 -3.256001821066631e-05 -1.996804585367755e-22)
(0.03122567895271812 -3.184481594290282e-05 8.76901090006678e-23)
(0.0310288798420921 -5.034413672229357e-05 1.019242805947193e-21)
(0.03073559957019239 -6.771115826805678e-05 9.718882013920544e-21)
(0.03047177227442812 -4.160284741535158e-05 8.704848584402557e-20)
(0.03043243311579185 1.299340611246933e-05 7.554600138811041e-19)
(0.03071494216229568 7.745237206201656e-05 9.846175094951395e-18)
(0.03128571657686349 0.0001195952121512968 1.65583528853376e-18)
(0.03198237113894644 0.0001213750098862373 2.039587097244164e-19)
(0.03254694140460248 6.798110019387801e-05 2.514178108526439e-20)
(0.03281269798676088 9.563692814059985e-06 3.138753824384984e-21)
(0.03283392585273833 -2.420051878470696e-05 4.874002187928682e-22)
(0.03272865293781412 -3.637006900502501e-05 5.49876631649576e-22)
(0.03258199507349652 -3.532445683285822e-05 1.528888128469324e-21)
(0.03244511200067275 -2.744013327594319e-05 1.048876011072358e-21)
(0.03234507839181977 -1.675123636601568e-05 7.860943449145291e-22)
(0.03229454840024996 -4.841977058162603e-06 4.992288005222446e-21)
(0.03230027510180204 8.276185457994932e-06 4.777737967017944e-20)
(0.03236825106167115 2.365377853364514e-05 3.726946626763854e-19)
(0.03250554921729406 4.248854098969709e-05 4.870430287615531e-18)
(0.0327169682251958 6.49263783848359e-05 5.435678779024062e-18)
(0.032993800738543 8.78769057102354e-05 9.573418896813889e-19)
(0.0332913537462068 0.0001020028134727004 9.796182999699564e-20)
(0.03348883221947151 8.71873447855859e-05 9.902074820232932e-21)
(0.03334250248447059 1.35404037143018e-05 1.396953880717823e-21)
(0.03244813557122428 -0.0001536303025227969 1.60498161920456e-22)
(0.03030405730605581 -0.0004166498995970391 1.950942024410084e-23)
(0.0265998076648174 -0.0007013335332591951 2.515526949365892e-24)
(0.02154543836336087 -0.0008948511147576711 3.43702517073722e-25)
(0.01571457629980924 -0.0009715057260547858 4.982954445258467e-26)
(0.009803509276357638 -0.0008979093105552817 7.67518422843988e-27)
(0.004612938587418704 -0.0006523076304942317 1.253673134163715e-27)
(0.0009932931266312455 -0.0002214308193755714 2.153385528717364e-28)
(-0.0002655009784012667 0.0002610850255958322 3.234064558779692e-29)
)
;

boundaryField
{
    inletLower
    {
        type            fixedValue;
        value           uniform (0.1 0 0);
    }
    inletUpper
    {
        type            fixedValue;
        value           uniform (0.1 0 0);
    }
    outletLower
    {
        type            zeroGradient;
    }
    outletUpper
    {
        type            zeroGradient;
    }
    sideWalls
    {
        type            fixedValue;
        value           uniform (0 0 0);
    }
    topBottomWalls
    {
        type            fixedValue;
        value           uniform (0 0 0);
    }
    frontAndBack
    {
        type            symmetry;
    }
}


// ************************************************************************* //
