/*--------------------------------*- C++ -*----------------------------------*\
| =========                 |                                                 |
| \\      /  F ield         | OpenFOAM: The Open Source CFD Toolbox           |
|  \\    /   O peration     | Version:  2506                                  |
|   \\  /    A nd           | Website:  www.openfoam.com                      |
|    \\/     M anipulation  |                                                 |
\*---------------------------------------------------------------------------*/
FoamFile
{
    version     2.0;
    format      ascii;
    arch        "LSB;label=32;scalar=64";
    class       surfaceScalarField;
    location    "5000";
    object      phi;
}
// * * * * * * * * * * * * * * * * * * * * * * * * * * * * * * * * * * * * * //

dimensions      [0 3 -1 0 0 0 0];

oriented        oriented;

internalField   nonuniform List<scalar> 
8064
(
-5.641762586055711e-11
5.641769518221369e-11
-1.229419706709029e-10
6.652443609906651e-11
-1.842833618906406e-10
6.134148803703748e-11
-2.204567030059591e-10
3.617344055466669e-11
-2.233091338727581e-10
2.852529994368291e-12
-2.006470116382679e-10
-2.266202235242257e-11
-1.625632192406422e-10
-3.808369440701982e-11
-1.137954212189855e-10
-4.876769981609182e-11
-5.679085941522898e-11
-5.700446660444547e-11
4.04821662039534e-12
-6.083898105401088e-11
6.226747110624709e-11
-5.821916362812978e-11
1.117322654106985e-10
-4.94647042106105e-11
1.485934268148327e-10
-3.686107668541084e-11
1.718221813061295e-10
-2.322867128335645e-11
1.82588431035112e-10
-1.076617334300046e-11
1.830540346597078e-10
-4.655297377794459e-13
1.751448008435618e-10
7.90929921237228e-12
1.597910677432275e-10
1.535379476342345e-11
1.369508103666136e-10
2.284030867653649e-11
1.064445777322488e-10
3.050627876274429e-11
6.923280735872471e-11
3.721180412580182e-11
2.841866125939367e-11
4.081417312149648e-11
-1.07380141602523e-11
3.915668802403016e-11
-4.198839894330674e-11
3.125038910414949e-11
-5.997295172554576e-11
1.798454076344049e-11
-6.207664479149724e-11
2.103671365295344e-12
-4.975693388553639e-11
-1.231975058057133e-11
-2.904016443291552e-11
-2.071681989657369e-11
-9.626222555403495e-12
-1.941401147774443e-11
-2.090570739916569e-12
-7.535732824428013e-12
-1.413404971571444e-11
1.204337821411215e-11
-4.815049996159384e-11
3.401633798576691e-11
-1.007078761440449e-10
5.255724424797961e-11
-1.624769078965307e-10
6.176888883064109e-11
-2.188304780614537e-10
5.635340836062502e-11
-2.54324341345537e-10
3.549369161094825e-11
-2.611659778489021e-10
6.841447440462471e-12
-2.429712134007081e-10
-1.819496169703349e-11
-2.085138546442851e-10
-3.445757126832724e-11
-1.641065972800084e-10
-4.440747590936998e-11
-1.146948645338786e-10
-4.941196392333893e-11
-6.587787077695339e-11
-4.881722849515757e-11
-2.014883102815783e-11
-4.57292841550342e-11
2.626635261782835e-11
-4.641542898713062e-11
7.881958389388918e-11
-5.255348316685475e-11
1.372822581875012e-10
-5.84629244644195e-11
1.945204334220428e-10
-5.723842879028841e-11
2.409191208420904e-10
-4.63989366049079e-11
2.685815045062694e-10
-2.766263308462208e-11
2.728563020705595e-10
-4.275040015625587e-12
2.526211868357951e-10
2.023487555125337e-11
2.10639086153407e-10
4.198187055533696e-11
1.53556093939921e-10
5.708276787940267e-11
9.06333390136042e-11
6.292254321967167e-11
3.13087860538817e-11
5.93243510874138e-11
-1.726827501326152e-11
4.857687529095074e-11
-5.153002664994794e-11
3.426158034295885e-11
-7.120461387576963e-11
1.967443640168131e-11
-7.797739493824378e-11
6.772641125350574e-12
-7.410453473695741e-11
-3.872984050005885e-12
-6.177216447304036e-11
-1.233246542761486e-11
-4.323507833428174e-11
-1.853719116716344e-11
-2.119857074774183e-11
-2.203662535716761e-11
-2.11986190075687e-11
-8.372522259379178e-11
1.401430317778745e-10
-1.74651207157289e-10
1.574505318059836e-10
-2.350305256144723e-10
1.217209189698845e-10
-2.502571577273334e-10
5.140018068176104e-11
-2.351993020211918e-10
-1.220521338447013e-11
-2.066031221142029e-10
-5.125809576644113e-11
-1.677076084854533e-10
-7.697909673209767e-11
-1.168406180662098e-10
-9.963458667675761e-11
-5.635355862051405e-11
-1.174914173201932e-10
7.69013420273508e-12
-1.248825749056477e-10
6.90369086052433e-11
-1.195658336607094e-10
1.228856760770885e-10
-1.033133792322874e-10
1.658758449522335e-10
-7.985114771534394e-11
1.960142957556405e-10
-5.336703850651573e-11
2.128156287699116e-10
-2.756741769433436e-11
2.170377073933387e-10
-4.687536486141424e-12
2.098310395037627e-10
1.51160433908197e-11
1.919037255160801e-10
3.328116560196439e-11
1.634240271986373e-10
5.132006722727972e-11
1.248635712158772e-10
6.906677286691364e-11
7.825777060610738e-11
8.381764489061279e-11
2.792808374515623e-11
9.114387547465418e-11
-1.995239597106427e-11
8.703718369660976e-11
-5.878906220930384e-11
7.008704439038328e-11
-8.332713673208696e-11
4.252260314692921e-11
-9.103662671769709e-11
9.813120554073111e-12
-8.277381586809984e-11
-2.058260498290121e-11
-6.300704368106976e-11
-4.048366536840881e-11
-3.994159960487264e-11
-4.247953291448964e-11
-2.455306605459054e-11
-2.292437373333492e-11
-2.710675689281759e-11
1.459695669544492e-11
-5.313967033329016e-11
6.004910969205718e-11
-1.022520194849813e-10
1.01669446253957e-10
-1.684240206079226e-10
1.279407149499991e-10
-2.364907235788385e-10
1.244199310839608e-10
-2.862452643949143e-10
8.524802669075271e-11
-3.034125891596578e-10
2.400856199765772e-11
-2.888123869163948e-10
-3.279539653404242e-11
-2.561706643400872e-10
-6.709952957194032e-11
-2.164951906576327e-10
-8.408320405418524e-11
-1.706179381555034e-10
-9.528947222223261e-11
-1.193563068409064e-10
-1.000791303817074e-10
-5.863584829371958e-11
-1.064500124956465e-10
1.72020703322154e-11
-1.222536281507595e-10
1.051127170766502e-10
-1.404644073758412e-10
1.922614104782822e-10
-1.456119021366403e-10
2.647444092600262e-10
-1.297217063500604e-10
3.136091252928189e-10
-9.526393442408232e-11
3.344842001110477e-10
-4.853798170587516e-11
3.258461351184869e-10
4.362751770841719e-12
2.893135443598061e-10
5.676720349728524e-11
2.308092459596794e-10
1.004859101909117e-10
1.602078710862338e-10
1.276838969213873e-10
8.889316859293884e-11
1.342370079068417e-10
2.659465760608935e-11
1.216226402654993e-10
-2.080536771205679e-11
9.597669260797996e-11
-5.173256940079105e-11
6.518859336797276e-11
-6.789009321867479e-11
3.583178689667839e-11
-7.246367227211376e-11
1.134606834752065e-11
-6.839712573776053e-11
-7.939668488743972e-12
-5.754350478186212e-11
-2.318622333678384e-11
-4.111427375485846e-11
-3.496653363006577e-11
-2.050188364682041e-11
-4.264912274257942e-11
-4.170055078970431e-11
-1.459326299371683e-10
2.860757314884475e-10
-2.601269104583731e-10
2.716449061289766e-10
-2.806013849555911e-10
1.421954910098934e-10
-2.44439817683391e-10
1.523871272477955e-11
-2.087417302235128e-10
-4.790320355427473e-11
-1.817790231099865e-10
-7.822070514517341e-11
-1.469782051150162e-10
-1.117798202959282e-10
-9.902155618244056e-11
-1.475911411379106e-10
-4.487859890015452e-11
-1.716342846055938e-10
8.876159919589287e-12
-1.786372441795913e-10
6.066544903462869e-11
-1.713550390080206e-10
1.106144681470593e-10
-1.532623156767566e-10
1.569115249946809e-10
-1.2614812913601e-10
1.954637452795193e-10
-9.19191852936419e-11
2.219164887811331e-10
-5.402009656077804e-11
2.334956010671047e-10
-1.626658708467544e-11
2.292319941247407e-10
1.937970140289035e-11
2.092480934835573e-10
5.326511317598281e-11
1.745372367335289e-10
8.60309584630278e-11
1.275910938609268e-10
1.160129447774546e-10
7.300420003037878e-11
1.384045534999137e-10
1.69297755653157e-11
1.472183079170909e-10
-3.435285117082212e-11
1.383198024752374e-10
-7.571790149699924e-11
1.114520786632867e-10
-1.038430286631285e-10
7.064769691517182e-11
-1.173363244658444e-10
2.330637374152005e-11
-1.163040056988477e-10
-2.161498472575909e-11
-1.016479291211649e-10
-5.513981297727207e-11
-7.589944466125261e-11
-6.822810728287292e-11
-4.645640882717266e-11
-5.236750998861527e-11
-2.639360441754758e-11
-5.465966953896662e-12
-2.83214075450504e-11
6.197678306091191e-11
-5.821538730906625e-11
1.315632781126733e-10
-1.151754566349367e-10
1.849006263366381e-10
-1.860274053785381e-10
1.952717050262129e-10
-2.534609408761775e-10
1.526813783349908e-10
-2.977533920902851e-10
6.830081434252032e-11
-3.048832833151939e-10
-2.56657117993483e-11
-2.858796201815837e-10
-8.610341190884462e-11
-2.669306141940581e-10
-1.030324350812788e-10
-2.46522029335797e-10
-1.156982922379015e-10
-2.086350775744138e-10
-1.379663211305142e-10
-1.288747525948743e-10
-1.862105838513153e-10
-3.649053442800352e-12
-2.474795753885473e-10
1.379023886723567e-10
-2.820161022120065e-10
2.596031266290395e-10
-2.673128923131881e-10
3.421194693729007e-10
-2.122383031798497e-10
3.82262651287442e-10
-1.354073675933152e-10
3.826088714092071e-10
-4.888445217470055e-11
3.472385546958138e-10
3.97328233506336e-11
2.836241571702658e-10
1.203813594744047e-10
2.03978105524158e-10
1.801317279112671e-10
1.227519780024659e-10
2.08909796990012e-10
5.219262211282865e-11
2.047961468278463e-10
-6.879321742463148e-13
1.745029878813883e-10
-3.44075613383323e-11
1.29696129206522e-10
-5.147905798805466e-11
8.225991181588654e-11
-5.647073084048132e-11
4.082329910870759e-11
-5.431886772073154e-11
9.194053175639528e-12
-4.879950751989639e-11
-1.345916917489509e-11
-4.122975360569828e-11
-3.075608700942916e-11
-3.043808816118879e-11
-4.575831981097953e-11
-1.533647778812959e-11
-5.775083136032076e-11
-5.703707442113088e-11
-2.84817942786155e-10
5.70893770678956e-10
-3.903777826893649e-10
3.772048368526662e-10
-3.001562979471656e-10
5.197409284309711e-11
-2.097376996090437e-10
-7.517980196726554e-11
-1.800908320137854e-10
-7.754998857994406e-11
-1.58877426180827e-10
-9.943403115232908e-11
-1.168508297039325e-10
-1.538063381865055e-10
-6.745371125334985e-11
-1.969881845783255e-10
-2.655461676889003e-11
-2.125333058881505e-10
6.187737053216858e-12
-2.113795294359785e-10
4.027580958889696e-11
-2.05443045504336e-10
8.309851707942655e-11
-1.960849629541302e-10
1.344750192863271e-10
-1.775245744756141e-10
1.870087970289523e-10
-1.444529132776037e-10
2.300117123778627e-10
-9.702296638970605e-11
2.542002509386137e-10
-4.045508857018226e-11
2.543218371114981e-10
1.925814713252921e-11
2.294218557093309e-10
7.816511670015664e-11
1.828219997684575e-10
1.326308304195985e-10
1.220549528234498e-10
1.767799966882599e-10
5.719951053704273e-11
2.032599937631347e-10
-2.766632821138835e-12
2.071844370766825e-10
-5.281006060997643e-11
1.883632083003965e-10
-9.18287287595763e-11
1.504707117696742e-10
-1.205107827717335e-10
9.932970750367196e-11
-1.39380841526348e-10
4.217637537902329e-11
-1.480396434416101e-10
-1.295624871563167e-11
-1.439995914960996e-10
-5.917994479376263e-11
-1.215086932419161e-10
-9.071909435794869e-11
-7.73580680664125e-11
-9.651823784797095e-11
-2.460485113347814e-11
-5.821929540642785e-11
1.011909441095534e-11
2.72527126310764e-11
6.36796305788723e-12
1.353142761514012e-10
-2.614972275242607e-11
2.174181663563854e-10
-7.77792459698196e-11
2.469010747265432e-10
-1.574109574447253e-10
2.323129250687363e-10
-2.548744491541798e-10
1.657641345514125e-10
-3.231255921827223e-10
4.258525004901882e-11
-3.321610627279093e-10
-7.706812814019623e-11
-3.328781568486125e-10
-1.023155356984413e-10
-3.630929123660271e-10
-8.548373576849813e-11
-3.489066586805934e-10
-1.521527800242493e-10
-2.261710984888177e-10
-3.089463522146404e-10
-1.803700408236292e-11
-4.556138823005255e-10
1.937716760903096e-10
-4.938249964140362e-10
3.519620697959118e-10
-4.255035024827401e-10
4.418634016208251e-10
-3.021398513667761e-10
4.674839081617288e-10
-1.610280908982137e-10
4.360624426502908e-10
-1.746320149971965e-11
3.590823340933192e-10
1.167127187682911e-10
2.556742378774716e-10
2.237892463829103e-10
1.492666870115546e-10
2.865390733154593e-10
5.951667514192723e-11
2.986596093932155e-10
-3.522035421095804e-12
2.678346643656545e-10
-3.94694697267235e-11
2.1045023788866e-10
-5.374283564531604e-11
1.439693207520384e-10
-5.338586367751774e-11
8.190277812934911e-11
-4.485269308950231e-11
3.228997472130174e-11
-3.367254987489341e-11
-1.986230153190404e-12
-2.439591647803293e-11
-2.273593464211478e-11
-1.930786640568334e-11
-3.584427191722697e-11
-1.626556711125896e-11
-4.88007156005944e-11
-9.654966751620039e-12
-6.436152242041414e-11
-6.669199617441821e-11
-5.45911157257046e-10
1.116804977956209e-09
-4.798969482717726e-10
3.11190693121017e-10
-2.321077131784823e-10
-1.958150760360842e-10
-1.769186783656613e-10
-1.303687718469214e-10
-1.851115384852113e-10
-6.935706599732826e-11
-1.367128059944572e-10
-1.478327032818229e-10
-6.309861328544655e-11
-2.274204737117776e-10
-1.663434708591044e-11
-2.434523963085828e-10
-3.86940050513596e-12
-2.252982020663057e-10
-3.535958889565826e-12
-2.117129241211392e-10
6.446092812869309e-12
-2.154250553528433e-10
3.885424899530502e-11
-2.284930815614167e-10
9.559900018650529e-11
-2.342692942158011e-10
1.673583080495303e-10
-2.162121947531867e-10
2.356996244440769e-10
-1.653642635395169e-10
2.80076613098919e-10
-8.483206374616087e-11
2.863174008664637e-10
1.30173647751973e-11
2.513084052121866e-10
1.131741114263768e-10
1.839635566142579e-10
1.999756692450946e-10
1.026739543844051e-10
2.580695824009156e-10
2.700059109565651e-11
2.789333311161646e-10
-3.126917299012956e-11
2.654541682640927e-10
-7.130717355284665e-11
2.284011662095356e-10
-9.99170110627018e-11
1.790804996367208e-10
-1.247534085331293e-10
1.241660454910608e-10
-1.487526930599629e-10
6.61755935807295e-11
-1.69666950311382e-10
7.957932527544788e-12
-1.824286336475919e-10
-4.64183440172932e-11
-1.756998526128887e-10
-9.744796725970631e-11
-1.289210850521055e-10
-1.43297103420389e-10
-4.144372807609751e-11
-1.456967591294057e-10
4.234434223459986e-11
-5.653547007626417e-11
6.32225306722923e-11
1.144359673222897e-10
8.703164313905336e-11
1.936089284115044e-10
9.77941592221589e-11
2.361384260434994e-10
3.254567593998791e-11
2.975612712609724e-10
-1.330909023823392e-10
3.31400569611363e-10
-3.348059858436909e-10
2.443001863325429e-10
-4.3531042409504e-10
2.34361577070259e-11
-4.290647960307681e-10
-1.085613195399304e-10
-5.373788822810006e-10
2.283019038381204e-11
-5.276941716950441e-10
-1.61837653598074e-10
-3.110294629675994e-10
-5.25611227382682e-10
-3.480099145467113e-12
-7.631634149326953e-10
2.640768482869094e-10
-7.613821151803131e-10
4.511857206968727e-10
-6.126125478845402e-10
5.525782682755072e-10
-4.035325733364762e-10
5.624976089842387e-10
-1.709476066453194e-10
4.857135440000842e-10
5.932068838414293e-11
3.494436853176826e-10
2.52982402918912e-10
1.964139313272838e-10
3.768188271732032e-10
6.577769309859293e-11
4.171751402571426e-10
-2.179167121306572e-11
3.862288053027086e-10
-6.563982661593552e-11
3.116826551058057e-10
-7.698857842734234e-11
2.217988296953744e-10
-6.938855438049319e-11
1.363691434557822e-10
-5.294666722796449e-11
6.546074282224087e-11
-3.327425140522181e-11
1.261742236899305e-11
-1.366565011657816e-11
-2.159497177390923e-11
2.108068753290742e-12
-3.850978036089493e-11
9.162218390106311e-12
-4.289852696207063e-11
4.923997559760999e-12
-4.456257650752311e-11
-2.778389278230041e-12
-5.665902373315137e-11
-6.947038242342083e-11
-7.701388473028982e-10
1.886943883940394e-09
-2.629478703772357e-10
-1.960002299832994e-10
-1.494368202871212e-10
-3.093260770226359e-10
-2.900112638439436e-10
1.020571761801811e-11
-2.365294192081079e-10
-1.228388675227803e-10
-7.135878173292766e-11
-3.130033006929427e-10
3.098671343835131e-11
-3.297659320007411e-10
4.278764063672341e-11
-2.552532903783072e-10
1.158721995629796e-11
-1.940977521724473e-10
-2.1284532803578e-11
-1.788411467818722e-10
-3.462255266517388e-11
-2.020870156030967e-10
-1.63400731356296e-11
-2.467755467264584e-10
4.064467536478563e-11
-2.91254033743138e-10
1.318422458231343e-10
-3.074097625639171e-10
2.335606422755761e-10
-2.670826632725239e-10
3.077513826332094e-10
-1.590228143436367e-10
3.22144393496922e-10
-1.375662564852937e-12
2.695512193129295e-10
1.657672617723971e-10
1.710582558759121e-10
2.984686025628513e-10
6.491200815231425e-11
3.642157925059175e-10
-1.756024150895892e-11
3.614055370969537e-10
-6.483545849049009e-11
3.127293342008269e-10
-8.412984772089532e-11
2.476954987909834e-10
-9.304672319859956e-11
1.879973114883035e-10
-1.09033880965835e-10
1.401531346643013e-10
-1.392452106033065e-10
9.638684823088705e-11
-1.762548658605997e-10
4.496750856060396e-11
-2.068571376179216e-10
-1.581615717086685e-11
-2.212019045136142e-10
-8.310328876987141e-11
-1.99260343434814e-10
-1.65238757834169e-10
-1.027973179588571e-10
-2.421598807569759e-10
1.837178616356457e-11
-1.777046745297625e-10
8.41361928803172e-11
4.867145801137787e-11
2.31298610305398e-10
4.644640489312247e-11
3.311655798168448e-10
1.362713485689851e-10
3.101404787121927e-10
3.185862614652517e-10
1.26250356785826e-10
5.152905789414655e-10
-2.50402026981278e-10
6.209524549544098e-10
-6.48835574137181e-10
4.218695879807483e-10
-6.82093005575236e-10
-7.53040073541617e-11
-7.768606075845741e-10
1.175976711933365e-10
-6.453786049301421e-10
-2.933197797377583e-10
-2.854902918079429e-10
-8.854996662118224e-10
3.80229448038085e-11
-1.086676779452401e-09
2.975518684340813e-10
-1.020911169061299e-09
5.204673522612834e-10
-8.355281638756398e-10
6.596657915507239e-10
-5.427311469293962e-10
6.563138070223599e-10
-1.675957577487745e-10
5.148138727381852e-10
2.008204854008878e-10
3.021257590324429e-10
4.656703787564267e-10
1.006081890808945e-10
5.783362582253011e-10
-3.772999660313984e-11
5.555131871196932e-10
-1.037303769972939e-10
4.522290466596568e-10
-1.156843790795546e-10
3.236365189127643e-10
-9.87848487537811e-11
2.048991622928702e-10
-7.243690273173011e-11
1.100210618272293e-10
-4.650696539834382e-11
3.953067501990535e-11
-2.288396737002591e-11
-1.10057063487719e-11
3.557821396759547e-13
-4.483484237199003e-11
2.362691180639158e-11
-6.178102405192992e-11
4.167838306203075e-11
-6.09500925732295e-11
4.17337972958349e-11
-4.461794484654481e-11
1.056598132466789e-11
-2.549124680173187e-11
-5.890433910105441e-11
2.980304335956041e-10
1.588913481153615e-09
4.09304814677205e-10
-3.072745773413712e-10
-6.287098975036123e-10
7.286886660615052e-10
-6.837924492029839e-10
6.528829704232986e-11
-1.957129251242984e-10
-6.109183670455166e-10
1.021101241774733e-10
-6.108263286370992e-10
1.363090186610118e-10
-3.639648087346347e-10
7.235939574651607e-11
-1.913036535035813e-10
7.42571777139697e-12
-1.291640646240404e-10
-3.873607427676518e-11
-1.326793496552566e-10
-6.585869019390372e-11
-1.749643997931355e-10
-6.547760173337944e-11
-2.471566404106374e-10
-2.092945854537014e-11
-3.358021880261796e-10
7.788121755090742e-11
-4.062204552990948e-10
2.117676436256255e-10
-4.009691123317308e-10
3.227511929053123e-10
-2.700063923011625e-10
3.46650595133062e-10
-2.527510000242718e-11
2.692601589236658e-10
2.431576572492677e-10
1.359725070234862e-10
4.317562073266416e-10
1.194510985722457e-11
4.882431374999093e-10
-6.555202785385198e-11
4.389026166721365e-10
-9.214817335269357e-11
3.393254172963748e-10
-8.476541069689288e-11
2.40312668486152e-10
-6.905055456218031e-11
1.722823844141046e-10
-7.105047289081085e-11
1.421529777275082e-10
-1.075260211163323e-10
1.32862318974219e-10
-1.691953870480705e-10
1.066367937004197e-10
-2.164627508254224e-10
3.145112464253625e-11
-2.208196321074121e-10
-7.874649176371351e-11
-2.413761416217451e-10
-1.446823328650987e-10
-2.195922460653628e-10
-2.639438622845265e-10
-2.36706736346212e-10
-1.605902698409261e-10
1.228539237562761e-10
-3.108892884296934e-10
4.607265739874797e-10
-2.914263309432643e-10
5.743898623166813e-10
2.260797429857748e-11
5.805577484839455e-10
3.124182900776384e-10
5.088873864991169e-10
5.869608554657105e-10
1.51335869154164e-10
9.78503887158829e-10
-7.994875033352031e-10
1.372692874819019e-09
-1.672565046897215e-09
7.977734502193746e-10
-9.45647124436562e-10
-6.09320338213617e-10
-3.973534185290562e-10
-8.416135737813965e-10
-3.680110753475434e-11
-1.246052066815852e-09
1.412474827869196e-11
-1.137602726842941e-09
2.078223561751098e-10
-1.214608870394561e-09
5.235349560337648e-10
-1.151240859651838e-09
7.380027160856509e-10
-7.571990048518762e-10
7.154679454638867e-10
-1.450610876759058e-10
4.910594234708793e-10
4.252289050056775e-10
2.044523860021635e-10
7.522773110537136e-10
-1.854746510237299e-11
8.013360023026057e-10
-1.325220204204722e-10
6.694876323474181e-10
-1.570184264626429e-10
4.767253405830194e-10
-1.328803527508695e-10
2.994983297078004e-10
-9.386338230503358e-11
1.658820746372624e-10
-5.849106916570262e-11
7.464862843166519e-11
-3.27390689375951e-11
1.377855601317026e-11
-1.435906094033012e-11
-2.938583603224551e-11
4.157310973328873e-12
-6.335132461471685e-11
3.076346687230722e-11
-8.838728884022771e-11
6.533704697156521e-11
-9.552374120531259e-11
9.63361363885806e-11
-7.561712966370169e-11
5.969634262526751e-11
1.114863426148997e-11
7.919794531518119e-13
6.89789179371286e-09
-5.308978296096432e-09
-2.110594154692685e-10
6.801676648864917e-09
-2.555042885318461e-09
3.072672150389054e-09
-9.625582428509119e-10
-1.527196333913627e-09
1.680863203617498e-10
-1.741562921802806e-09
3.017987487636983e-10
-7.445387519131004e-10
1.484858478127824e-10
-2.106519061905635e-10
3.981544846513553e-11
-8.263325654869043e-11
-8.649231157892435e-12
-8.069939154976539e-11
-3.848817129201585e-11
-1.028404207520179e-10
-6.523308638296263e-11
-1.482195006385224e-10
-8.003813045626353e-11
-2.323516175380542e-10
-6.053060891913925e-11
-3.553097358226082e-10
1.717365735083582e-11
-4.839247534574921e-10
1.526271313224678e-10
-5.364226233190351e-10
2.854270621281075e-10
-4.028063658168322e-10
3.163115291687915e-10
-5.615961460810414e-11
2.182881374685685e-10
3.411809959713502e-10
7.740142693646518e-11
5.726428606457523e-10
-3.332713529070651e-11
5.989716377084131e-10
-8.736949969563861e-11
4.929449157424519e-10
-9.154729991351674e-11
3.435031482700039e-10
-6.687907296197626e-11
2.156443701270067e-10
-3.605456946225524e-11
1.414578067075925e-10
-2.306281942172204e-11
1.291611525892357e-10
-5.601708072443589e-11
1.658165035897181e-10
-1.465005934338982e-10
1.971202300811314e-10
-2.205701612553459e-10
1.055206157198235e-10
-1.55478809475717e-10
-1.438379188432942e-10
-1.20014482874532e-10
-1.801467341707064e-10
-3.721556800105053e-10
-1.180273762875247e-11
-1.114442686334116e-09
5.816966653334817e-10
4.98873060754382e-10
-1.924205104054292e-09
7.7461391186912e-10
-5.671672489037712e-10
7.482573611706999e-10
4.896446072497275e-11
7.372602098830254e-10
3.234153787409039e-10
7.999578784402391e-10
5.24263126322341e-10
8.758128627092996e-10
9.026488434708877e-10
9.952061348055279e-11
2.14898506576829e-09
-4.695645103432961e-09
5.592939109197224e-09
-6.226509806316714e-10
-4.682314518956886e-09
7.88023631960642e-10
-2.252288244828433e-09
3.108695856551013e-10
-7.688980801726998e-10
-2.222709655317826e-10
-6.044622366798702e-10
-1.688730836516741e-11
-1.419992590802178e-09
4.35859189887829e-10
-1.603987423110425e-09
6.991579829810063e-10
-1.020497866086095e-09
6.438247108404743e-10
-8.972788601281302e-11
3.66603086934914e-10
7.024504548720118e-10
7.394431990809989e-11
1.044936001209934e-09
-1.051625211045592e-10
9.804427619386556e-10
-1.625685561248242e-10
7.268935822537082e-10
-1.456205049075558e-10
4.597771983637761e-10
-1.023771447155262e-10
2.562548740513973e-10
-6.089339094607685e-11
1.243982182396501e-10
-3.124353845724492e-11
4.499867073619661e-11
-1.422499620082802e-11
-3.240098611351172e-12
-6.949619154941352e-12
-3.666131856611368e-11
-8.963364735136701e-13
-6.940471348422989e-11
2.159620360814491e-11
-1.108799262718774e-10
6.765482984081703e-11
-1.415824708217695e-10
1.070100308336739e-10
-1.149723747672779e-10
2.418503646416145e-10
-1.236918068871992e-10
2.426423218159558e-10
3.013539608724884e-07
9.333706085270057e-08
2.70803697006021e-07
3.735194052609585e-08
2.694185623146461e-07
4.457806845555651e-09
2.691436632724645e-07
-1.2522972921797e-09
2.67465654299898e-07
-6.355395317355521e-11
2.660895809002712e-07
6.315346405734911e-10
2.654229890200381e-07
4.559399633714794e-10
2.65215979264848e-07
1.243764844074186e-10
2.652402134148728e-07
-1.049335598779413e-10
2.653750874006183e-07
-2.377144288100942e-10
2.655209541248047e-07
-2.940862516932354e-10
2.655161326708143e-07
-2.275301947148735e-10
2.650590391553797e-07
1.017837435925757e-10
2.636092051130717e-07
9.659092484920028e-10
2.603071711868427e-07
2.765611257673302e-09
2.540233132064094e-07
5.881051565317567e-09
2.437485728711127e-07
1.021858066682365e-08
2.29267617793748e-07
1.482213601601801e-08
2.1144386094731e-07
1.83963996458205e-08
1.914652591118929e-07
2.057757340930252e-08
1.704799285918648e-07
2.147827536890118e-08
1.493353905192948e-07
2.148804115254006e-08
1.285772142359018e-07
2.097382058329215e-08
1.085321807534106e-07
2.018649121881294e-08
8.941719859714465e-08
1.924414323777762e-08
7.142986513730812e-08
1.815314989347609e-08
5.480840125682135e-08
1.681858404114976e-08
3.993459629949882e-08
1.49793255059029e-08
2.75048872577323e-08
1.228587105738346e-08
1.85817164137677e-08
8.743024047408046e-09
1.159721579400963e-08
6.972697822136685e-09
3.368392127084246e-09
8.810520275871093e-09
1.336211798003817e-09
1.079751714308513e-10
8.534853520701943e-10
-8.444085291391745e-11
8.611325109327679e-10
4.131725467358904e-11
9.119540653655164e-10
2.725937803055259e-10
8.845053836691904e-10
5.517117663007773e-10
9.504553021733474e-10
8.366988855178785e-10
2.183979037379994e-09
9.154612924684064e-10
7.605148931693085e-09
1.717691779396943e-10
3.482212480462116e-08
-3.189929042843087e-08
5.883012203211652e-08
-2.626028550905234e-08
8.622933842570758e-08
-2.816811451110149e-08
1.218351455459655e-07
-3.621026939569363e-08
1.593192880745763e-07
-3.890413515965782e-08
1.940599626332672e-07
-3.634466202448254e-08
2.229192885731887e-07
-2.987982385086483e-08
2.439272164486984e-07
-2.10976558097774e-08
2.571449901691553e-07
-1.251532331678566e-08
2.643350747738521e-07
-6.145148659405947e-09
2.676741919514798e-07
-2.358674475907375e-09
2.688955370675706e-07
-4.944516009224497e-10
2.690988975004638e-07
2.564166922081235e-10
2.688823338828759e-07
4.728184090272815e-10
2.68541429067731e-07
4.653029436587912e-10
2.682070208184466e-07
3.794068204744742e-10
2.679266986329615e-07
2.770819827004575e-10
2.677080704067506e-07
1.819667998900205e-10
2.67543895459406e-07
9.477013218325253e-11
2.674389043850136e-07
-5.888950865417857e-12
2.674361833193208e-07
-1.388615287117705e-10
2.675231613784246e-07
-2.01950591232861e-10
2.672061396982219e-07
1.933297795961981e-10
3.96733557346453e-10
4.217504960025286e-07
7.158656483116489e-08
4.10366374953014e-07
4.873606156619345e-08
3.968182515827672e-07
1.800593020737873e-08
3.890985511350441e-07
6.46740314503843e-09
3.85456219946086e-07
3.578777222746403e-09
3.837156913429293e-07
2.372063227726833e-09
3.828503168554427e-07
1.3213144319148e-09
3.824839902150692e-07
4.907031024291376e-10
3.82446501978892e-07
-6.744534933314674e-11
3.826131021864895e-07
-4.043146658316404e-10
3.828410553841456e-07
-5.220394822703674e-10
3.82899793802728e-07
-2.862686502353695e-10
3.823703490900065e-07
6.312284158670476e-10
3.805067298331488e-07
2.829528460888396e-09
3.760960092291577e-07
7.176331813945611e-09
3.673810852865955e-07
1.459597545642986e-08
3.525780281032122e-07
2.502163779603767e-08
3.312636189546029e-07
3.613654510730645e-08
3.050294048987822e-07
4.463061364240893e-08
2.757478249036952e-07
4.985915334282474e-08
2.451192673119919e-07
5.210683289813637e-08
2.143680194613252e-07
5.22392889394299e-08
1.842605750993921e-07
5.108126488170378e-08
1.552398625539758e-07
4.920720370054945e-08
1.275947776146119e-07
4.688922811491693e-08
1.016176239950646e-07
4.413030345180312e-08
7.771550748308497e-08
4.07207004944749e-08
5.641937966395962e-08
3.627545326841977e-08
3.819657724422477e-08
3.050867342396591e-08
2.332015161477347e-08
2.361944962654924e-08
1.064137142831948e-08
1.965147796224329e-08
2.319474634706369e-09
1.713241702642307e-08
1.433618114634187e-09
9.938316524983938e-10
1.096423255927463e-09
2.527539700760201e-10
1.181070817325422e-09
-4.333033870343033e-11
1.355852700694124e-09
9.781186784250467e-11
1.45309220128029e-09
4.544722395561494e-10
1.705245616662734e-09
5.845454460453188e-10
2.656345450579589e-09
-3.563856362211377e-11
4.727422330686896e-09
-1.899307723318948e-09
3.009356306537021e-08
-5.726543118357325e-08
7.212377568357358e-08
-6.829049814762645e-08
1.217759567190209e-07
-7.782029556752298e-08
1.757192792640249e-07
-9.015359196256501e-08
2.304077872003203e-07
-9.359264311956591e-08
2.812987597875848e-07
-8.723563463708507e-08
3.237267136990398e-07
-7.230777779046576e-08
3.540855444478915e-07
-5.14564865893771e-08
3.725055193640646e-07
-3.093529826796233e-08
3.821372167699123e-07
-1.577684610431743e-08
3.864389316015761e-07
-6.660389353288149e-09
3.878946266625662e-07
-1.950146714084865e-09
3.880165265195887e-07
1.345167729437575e-10
3.876151215498305e-07
8.742233075015925e-10
3.870826930677542e-07
9.977313416958586e-10
3.865861948790737e-07
8.759049149630757e-10
3.861813462178377e-07
6.819305382911091e-10
3.858756010746167e-07
4.877118347977513e-10
3.856587743455813e-07
3.115967584860589e-10
3.855113942184017e-07
1.414910631970951e-10
3.854008601951083e-07
-2.832763665848495e-11
3.853077179858254e-07
-1.08808551998872e-10
3.853398253644329e-07
1.612222279753223e-10
3.573540268712884e-10
4.35931593139775e-07
3.565497171583019e-08
4.541419563630113e-07
3.052569834389481e-08
4.570554928478135e-07
1.509239371273937e-08
4.568623717133444e-07
6.660524264858249e-09
4.571639340196655e-07
3.277214898505512e-09
4.578320862312918e-07
1.703910995621731e-09
4.584690092030011e-07
6.843914369163413e-10
4.59028327681764e-07
-6.86154021637464e-11
4.596014112790682e-07
-6.405289754828146e-10
4.602613849828709e-07
-1.064288401132987e-09
4.610097754319087e-07
-1.270429965971287e-09
4.617272186538315e-07
-1.003711909454486e-09
4.620731233950914e-07
2.853236341671715e-10
4.612883968765107e-07
3.614254936605892e-09
4.578752428435552e-07
1.058948580111974e-08
4.491670353964124e-07
2.330418285580461e-08
4.320362877159222e-07
4.215238542633398e-08
4.056525916184343e-07
6.252024115327565e-08
3.728503447300589e-07
7.743286047751448e-08
3.365111614515559e-07
8.619833656755039e-08
2.989418493540621e-07
8.967614494094911e-08
2.615995323492308e-07
8.958160589001958e-08
2.25249763883802e-07
8.743103329295452e-08
1.902264638499163e-07
8.423050368169851e-08
1.566929096794302e-07
8.04227822337245e-08
1.248634219299959e-07
7.59597911519556e-08
9.515348199762867e-08
7.043064037953672e-08
6.818570644252791e-08
6.324322877941102e-08
4.459773290118097e-08
5.409664692390541e-08
2.483571779230018e-08
4.33814646977291e-08
9.49836574573463e-09
3.498882997424341e-08
9.246555872950462e-10
2.570612715411214e-08
1.151163382903326e-09
7.673238293507564e-10
1.291062332632027e-09
1.128549964595471e-10
1.650877864489155e-09
-4.031458915388975e-10
2.027625326444168e-09
-2.789356120209159e-10
2.294496906489002e-09
1.876006439050855e-10
2.52517084905091e-09
3.538714900740074e-10
2.762374795358439e-09
-2.728425220041372e-10
2.037670560445744e-09
-1.174603499194835e-09
2.871936308100326e-08
-8.394712371438392e-08
7.832609459414908e-08
-1.178972296709145e-07
1.42880146408971e-07
-1.423743473928103e-07
2.128579658513571e-07
-1.601314114163906e-07
2.835354354661075e-07
-1.642701127468896e-07
3.489935851476652e-07
-1.526937843331699e-07
4.027146024437035e-07
-1.260287951030169e-07
4.389471331957028e-07
-8.768901736119487e-08
4.583121160799119e-07
-5.03002811752832e-08
4.665042312437148e-07
-2.3968961296744e-08
4.689734812663468e-07
-9.129639410218528e-09
4.68960207799873e-07
-1.936873291137785e-09
4.680880871419057e-07
1.006637378289096e-09
4.670683566932824e-07
1.893953689772041e-09
4.661704111127491e-07
1.895676843671389e-09
4.654646950563799e-07
1.581620876365316e-09
4.649407206722701e-07
1.205904815353419e-09
4.645628146281282e-07
8.656177636637836e-10
4.6429095188594e-07
5.834593791434291e-10
4.640813825691766e-07
3.510602726348179e-10
4.63890305453908e-07
1.627493055765728e-10
4.637269139119429e-07
5.458275493355546e-11
4.637601788153319e-07
1.279571618355304e-10
1.95767238222921e-10
4.357404862392766e-07
-8.551456657132846e-11
4.664702418813415e-07
-2.040573205708204e-10
4.818053802792766e-07
-2.427447024302928e-10
4.887524550094119e-07
-2.865504832359811e-10
4.923960736175179e-07
-3.664037291287394e-10
4.945992494951548e-07
-4.992649036796378e-10
4.959808086242798e-07
-6.971677157224847e-10
4.968825577252547e-07
-9.703645289618197e-10
4.975576513657175e-07
-1.315622643652398e-09
4.981803042597334e-07
-1.686941325237125e-09
4.988495400987801e-07
-1.939665836926116e-09
4.995832758863896e-07
-1.737447731305561e-09
5.002736041035598e-07
-4.050046188750485e-10
5.005040303427289e-07
3.383828659429588e-09
4.989858669834135e-07
1.210764912114275e-08
4.922047739964332e-07
3.008527580173805e-08
4.749697908526707e-07
5.938736852826573e-08
4.457029253303912e-07
9.178710663250759e-08
4.094029683927609e-07
1.137328173719384e-07
3.699974323994798e-07
1.25603872517058e-07
3.300348702711578e-07
1.296387070260537e-07
2.907910480448775e-07
1.288254280732687e-07
2.527173844737122e-07
1.255046968224099e-07
2.158418942879288e-07
1.211059938267407e-07
1.800684263850116e-07
1.161962500979602e-07
1.454068225217341e-07
1.106213949782525e-07
1.121574086763541e-07
1.036800541906276e-07
8.103367513595844e-08
9.436696228781208e-08
5.319985460884118e-08
8.193046742215618e-08
3.00658946529893e-08
6.651542462738386e-08
1.259426084567736e-08
5.246046375861135e-08
1.351319617349689e-11
3.828687478346294e-08
5.626573279372242e-10
2.181796805612267e-10
1.430510849518033e-09
-7.549985395625138e-10
2.049707269425475e-09
-1.022342323118599e-09
2.486144056818678e-09
-7.153724089493594e-10
2.886243508720886e-09
-2.124988154317201e-10
2.918589105399641e-09
3.215258873932287e-10
2.178799176159473e-09
4.669474026743228e-10
1.102990227229449e-09
-9.879455418378817e-11
3.632342237689293e-08
-1.191675558673925e-07
8.851672021215985e-08
-1.700905275094731e-07
1.575206271141398e-07
-2.113782542984504e-07
2.34922873335148e-07
-2.375336576417175e-07
3.14433540712056e-07
-2.43780780129344e-07
3.886220232766629e-07
-2.268822669047187e-07
4.490139242735527e-07
-1.864206961091507e-07
4.864789010154867e-07
-1.251539941148367e-07
5.025838711731469e-07
-6.640525134884226e-08
5.070154022167586e-07
-2.840049236079337e-08
5.073107322451277e-07
-9.424969466580641e-09
5.065631016904644e-07
-1.189242772611547e-09
5.057284922036912e-07
1.841246816271706e-09
5.050244774438729e-07
2.597968388090063e-09
5.044774703314145e-07
2.442683876824517e-09
5.040671340459519e-07
1.991957067137214e-09
5.037628581887139e-07
1.51018055938402e-09
5.035345134651646e-07
1.093962363702574e-09
5.033544742180442e-07
7.634985118515338e-10
5.031952834975649e-07
5.102508691479829e-10
5.030394656176083e-07
3.18566995359941e-10
5.02918419995224e-07
1.75628155299671e-10
5.029695785529333e-07
7.679833008201157e-11
2.664528425779899e-11
4.357256884070682e-07
-3.581120293546815e-08
4.664378447576491e-07
-3.0916213667041e-08
4.817329897993068e-07
-1.553788975375522e-08
4.88621320742494e-07
-7.174881440904715e-09
4.92186871616655e-07
-3.931954620467504e-09
4.942822880400796e-07
-2.594681345849811e-09
4.955098461010321e-07
-1.92472579720391e-09
4.961924510182079e-07
-1.652969467898754e-09
4.965673094330853e-07
-1.690481081987116e-09
4.968056296054126e-07
-1.925261522118141e-09
4.970374376098093e-07
-2.171473867485424e-09
4.973918943192992e-07
-2.091904467870209e-09
4.980707026903097e-07
-1.083813018389367e-09
4.99356834172372e-07
2.097697148214311e-09
5.008874597253256e-07
1.057702353788353e-08
4.984424291537117e-07
3.253030634275692e-08
4.835356250186284e-07
7.429417263200431e-08
4.530687176998972e-07
1.222540139200302e-07
4.159681235151263e-07
1.508334115252048e-07
3.772804844569785e-07
1.642915115443253e-07
3.392695394428091e-07
1.676496520095795e-07
3.02575372708549e-07
1.655195947780284e-07
2.670479585160919e-07
1.61032110986155e-07
2.3224906315161e-07
1.559048891641463e-07
1.977123252364182e-07
1.507329879873766e-07
1.631190930780683e-07
1.452146271128802e-07
1.284817832615659e-07
1.383173639851269e-07
9.438628388759369e-08
1.284624616421312e-07
6.23406987377771e-08
1.139760525543234e-07
3.480325414791712e-08
9.405286920205478e-08
1.449088861232946e-08
7.27728292811022e-08
-8.313750303048666e-10
5.360913841531981e-08
8.154426324138695e-10
-1.428637990948903e-09
2.017447597900283e-09
-1.957003511734315e-09
2.080628932670087e-09
-1.085523662920477e-09
2.089806287114363e-09
-7.24549766753838e-10
2.736594775598711e-09
-8.592873060729667e-10
3.40429676545264e-09
-3.461761034607319e-10
2.712297768703177e-09
1.158946398970273e-09
1.191548610305076e-09
1.421954604487646e-09
3.85691065643324e-08
-1.565451138210139e-07
9.072173033822508e-08
-2.222431512829524e-07
1.608709656351473e-07
-2.815274895953204e-07
2.408607708550295e-07
-3.175234628622116e-07
3.24027625573603e-07
-3.269476348494415e-07
4.02696593643759e-07
-3.055512349777888e-07
4.666323800257392e-07
-2.503564824957704e-07
5.008041569697289e-07
-1.593257710662725e-07
5.086276022333e-07
-7.422869662311582e-08
5.064032717448697e-07
-2.61761618884313e-08
5.039222895372961e-07
-6.943987281451046e-09
5.028277464447083e-07
-9.469971252704188e-11
5.025775659925794e-07
2.091427224822841e-09
5.02633437749207e-07
2.542096571144805e-09
5.02756179581232e-07
2.319941970673053e-09
5.028638563304597e-07
1.884280221165367e-09
5.029342096481929e-07
1.439827133213954e-09
5.029657127029318e-07
1.062459175671861e-09
5.029602174655394e-07
7.689936356527889e-10
5.029146590526122e-07
5.558091179837977e-10
5.028303868478314e-07
4.028389772259836e-10
5.027536586596737e-07
2.523558469293768e-10
5.028337875459491e-07
-3.331016086752468e-12
-1.595943196047845e-10
4.358568672225078e-07
-7.166807021152667e-08
4.540444054788043e-07
-4.910375194472581e-08
4.568592519121355e-07
-1.835273619911133e-08
4.565139651538635e-07
-6.829594693818948e-09
4.566132770874629e-07
-4.031266565697586e-09
4.570016771097592e-07
-2.983081380909778e-09
4.57237104465825e-07
-2.160153166725566e-09
4.572217817206106e-07
-1.637646737259003e-09
4.570006749612888e-07
-1.469374337777196e-09
4.566300284160919e-07
-1.55461499303327e-09
4.561673747556919e-07
-1.708820223542923e-09
4.557200788590345e-07
-1.64460858850253e-09
4.556498526158245e-07
-1.013586792596756e-09
4.570485088101489e-07
6.990409358558704e-10
4.613530782509266e-07
6.272454079204375e-09
4.64438528632493e-07
2.944485594293868e-08
4.54260766756786e-07
8.447193448986244e-08
4.246469753064286e-07
1.518678053524926e-07
3.90788821858886e-07
1.846915649555391e-07
3.58072970121029e-07
1.970073632652507e-07
3.273729515196119e-07
1.983496705950501e-07
2.982152423170674e-07
1.946773039652368e-07
2.697433168680669e-07
1.895040364210641e-07
2.41097838563441e-07
1.845503674555825e-07
2.114965259074328e-07
1.803343006316359e-07
1.802644068020523e-07
1.76446746207634e-07
1.469313393744786e-07
1.716504314036299e-07
1.115012535504012e-07
1.638925474583959e-07
7.51033792992496e-08
1.503739267992376e-07
4.068378292877131e-08
1.284724655675594e-07
1.529198603274048e-08
9.816462617360128e-08
-3.302323637171435e-10
6.923135680942975e-08
3.254051098889519e-09
-5.012921454659083e-09
2.921238294846799e-09
-1.624190707854396e-09
1.366084557415304e-09
4.696300753435424e-10
6.746224878176858e-10
-3.308769568140916e-11
1.426395846550019e-09
-1.611060662690586e-09
3.660051549469966e-09
-2.579831803985581e-09
5.377258559354792e-09
-5.582606080596619e-10
2.690132295248609e-09
4.109080871351157e-09
3.517286861878484e-08
-1.890278501417229e-07
8.561720743045757e-08
-2.726874900920972e-07
1.543187934216889e-07
-3.502290755844232e-07
2.309942586073801e-07
-3.941989280464513e-07
3.102798757554897e-07
-4.062332519969939e-07
3.869229284969943e-07
-3.821942877199382e-07
4.505948450365374e-07
-3.140283990377111e-07
4.76781702944125e-07
-1.855126289784349e-07
4.726724922382142e-07
-7.011948592539318e-08
4.630626655309654e-07
-1.65663351939451e-08
4.589894431828158e-07
-2.870764953433059e-09
4.58729503883247e-07
1.652395580153284e-10
4.597098438190314e-07
1.111087246107751e-09
4.607923041844308e-07
1.459636149683003e-09
4.616754454201986e-07
1.436800657916198e-09
4.623273511026225e-07
1.232374447575075e-09
4.627803949594157e-07
9.867831546054513e-10
4.630789158845809e-07
7.639381265804115e-10
4.632610479649363e-07
5.86861404827346e-10
4.633464985974585e-07
4.703583037898915e-10
4.633399248123372e-07
4.094123321773044e-10
4.632891026004817e-07
3.031775314179908e-10
4.633947009243781e-07
-1.089297724889324e-10
-3.736743866785935e-10
4.215261509098264e-07
-9.319422106125934e-08
4.10092429114164e-07
-3.767003012942865e-08
3.964071781113394e-07
-4.66748519190959e-09
3.884898920921326e-07
1.087691325375261e-09
3.845817352291728e-07
-1.231097046228237e-10
3.824738164172828e-07
-8.751625715536414e-10
3.810929355081908e-07
-7.79272260929249e-10
3.800087215639447e-07
-5.534327964808338e-10
3.789985526584645e-07
-4.592054362984117e-10
3.779104863811536e-07
-4.665487196671873e-10
3.766360051109367e-07
-4.343389576328793e-10
3.751005749384225e-07
-1.091784200379922e-10
3.73380688928114e-07
7.06299213475903e-10
3.723990468748387e-07
1.680682985339659e-09
3.75074768558469e-07
3.596732391754541e-09
3.80385705870389e-07
2.413391862782291e-08
3.815510804867753e-07
8.330655987042525e-08
3.576804669251492e-07
1.757384189117921e-07
3.340755818579538e-07
2.082964500206949e-07
3.144602210227122e-07
2.166227240992808e-07
2.971505282650556e-07
2.156593633519199e-07
2.805181279511392e-07
2.113097042792471e-07
2.633239137626232e-07
2.066982506101854e-07
2.446558902171076e-07
2.032183910025738e-07
2.237149817149891e-07
2.012752091357645e-07
1.996562475318198e-07
2.005054803936076e-07
1.715152560124384e-07
1.99791422926307e-07
1.383079506795529e-07
1.970998527952446e-07
9.965860075433183e-08
1.890232767288133e-07
5.719623748677963e-08
1.709348288399696e-07
2.25644382931486e-08
1.327964253723228e-07
1.027102484523378e-08
8.15247702627175e-08
7.819073315637542e-09
-2.560969919613353e-09
2.232257155635494e-09
3.962625457725841e-09
-7.848187816652028e-11
2.78036911458772e-09
-6.15325626534856e-10
5.037560580677795e-10
-6.998691375415384e-10
-1.526517146585658e-09
1.451811590864688e-09
-4.731512527455717e-09
8.936212408253858e-09
-8.042661420983874e-09
1.592802109438469e-08
-2.882727810481599e-09
3.305983229838432e-08
-2.061596613419325e-07
8.301017389770737e-08
-3.226378316880771e-07
1.463437419621621e-07
-4.135626436462065e-07
2.103018568692223e-07
-4.581570429515381e-07
2.7323678343977e-07
-4.691681785664613e-07
3.356265871619587e-07
-4.445840914421042e-07
3.904973375000784e-07
-3.688991493772027e-07
3.976136602362173e-07
-1.9262895171814e-07
3.860916568810959e-07
-5.859748257672995e-08
3.76690056234293e-07
-7.164734558251478e-09
3.752318036853438e-07
-1.412512422028992e-09
3.766409568604985e-07
-1.243913644284438e-09
3.784797597576849e-07
-7.277156898976708e-10
3.801076806472185e-07
-1.682847936389174e-10
3.814262927541743e-07
1.18188480999434e-10
3.824464090550117e-07
2.122580581773208e-10
3.83205725044599e-07
2.27467054903435e-10
3.837537585212093e-07
2.159045293949408e-10
3.841398819343817e-07
2.00737846460905e-10
3.844005487653094e-07
2.096912391124183e-10
3.845480344441302e-07
2.619263092002833e-10
3.845969932379478e-07
2.542180803452917e-10
3.84679333773857e-07
-1.912713206706067e-10
-3.536765182445282e-10
3.013036781855756e-07
5.502100706176375e-09
2.706252758540651e-07
-6.991627802814113e-09
2.69132899173099e-07
-3.175108503056065e-09
2.687386227985927e-07
1.481967710094602e-09
2.6688929402275e-07
1.726219081930376e-09
2.652680363614813e-07
7.460951001760698e-10
2.642588349508036e-07
2.29929160333706e-10
2.635814497065404e-07
1.239524581544761e-10
2.629750784328542e-07
1.471658480697198e-10
2.623041305727664e-07
2.043991510468305e-10
2.615534863019941e-07
3.163053242625779e-10
2.609386220005862e-07
5.05685892583969e-10
2.607577984689233e-07
8.871227569954981e-10
2.594313328949055e-07
3.007148571411564e-09
2.498717911615859e-07
1.315627413788547e-08
2.322385497002963e-07
4.176716010218042e-08
2.172888098360429e-07
9.825629974850287e-08
2.333950943463236e-07
1.596321344156216e-07
2.42597704428121e-07
1.990938399537058e-07
2.492912180003799e-07
2.099292105420987e-07
2.529578769825622e-07
2.119927043854024e-07
2.535090373874084e-07
2.107585438902569e-07
2.509601522207601e-07
2.092471357930941e-07
2.453059337205378e-07
2.088726095191004e-07
2.363748629247858e-07
2.102062799479763e-07
2.236989318543709e-07
2.131814114803173e-07
2.063910098464425e-07
2.17099344950399e-07
1.830673914254613e-07
2.204234712319899e-07
1.521184570014867e-07
2.199722111681484e-07
1.131078557078366e-07
2.099454301483218e-07
7.583360259029787e-08
1.700706785039086e-07
5.296042015434511e-08
1.043979527118917e-07
7.571298052332595e-09
4.282815219479234e-08
-1.350444003609953e-09
1.288436752507033e-08
-7.312617166877244e-10
2.161186838139287e-09
-9.525877099774736e-11
-1.322468782139245e-10
-1.260816213383084e-09
-3.60959695744539e-10
-3.564594216480641e-09
-2.427734516915068e-09
4.616519587259916e-09
-1.622377521804703e-08
6.416425619519199e-08
-6.243046441273095e-08
7.543099331112183e-08
-2.17426398452994e-07
1.161110299854951e-07
-3.633178683585071e-07
1.56519773661026e-07
-4.539713873186229e-07
1.87287463201968e-07
-4.889247324903022e-07
2.084487665358881e-07
-4.903294818990555e-07
2.217506550258941e-07
-4.578859799318195e-07
2.209560971798056e-07
-3.681045915320911e-07
2.483184187382066e-07
-2.199912732792154e-07
2.526609388105674e-07
-6.29400026545222e-08
2.618678247236295e-07
-1.63716204809539e-08
2.631269024775918e-07
-2.671590191794865e-09
2.627798749677951e-07
-8.9688615913538e-10
2.631749501885404e-07
-1.122790946224099e-09
2.640106605595439e-07
-1.003995214745155e-09
2.648282992018937e-07
-6.994502253962395e-10
2.654771412955061e-07
-4.365841205111285e-10
2.65957162166301e-07
-2.525539144857572e-10
2.662995245408307e-07
-1.264579755119737e-10
2.66534259426546e-07
-3.399718605767972e-11
2.667013500679409e-07
4.260039043188146e-11
2.668715283388261e-07
9.174752478041349e-11
2.670485968002926e-07
7.714863928475376e-11
2.667506666517638e-07
1.066587264210474e-10
-3.088931080275875e-10
7.040095366842415e-09
-1.537994572923326e-09
-2.071964210505815e-10
2.556640320646518e-10
-2.584511653262525e-09
-7.977932387482602e-10
-9.890422090453449e-10
-1.135017055850228e-10
1.499447898824858e-10
5.872321104343442e-10
2.892610730737341e-10
6.067788443902545e-10
1.414682804433706e-10
3.777219802392979e-10
4.021494570223892e-11
2.252058205467675e-10
-2.584845223570561e-12
1.899656667128536e-10
-3.492942886843031e-11
2.367437629732684e-10
-8.826898447194162e-11
3.69644908345581e-10
-2.836697383103812e-10
7.010866755980862e-10
-9.790289465251567e-10
1.58248199467372e-09
-1.338503845780349e-09
3.366623500897002e-09
7.70130438251031e-09
4.116465940120394e-09
5.220519370574304e-08
-2.736729189769463e-09
7.585048361743216e-08
7.461100986834432e-08
1.133675001798983e-07
1.221151178852697e-07
1.526765648814953e-07
1.597847752843551e-07
1.839760544554757e-07
1.786297210007227e-07
2.074847747115962e-07
1.884839841618209e-07
2.246661768879985e-07
1.935771417464293e-07
2.368511736224379e-07
1.970621390908719e-07
2.450371379883333e-07
2.00686645185057e-07
2.499363761095231e-07
2.053070418579247e-07
2.519780889255216e-07
2.11139698694654e-07
2.513066165834964e-07
2.177708173216694e-07
2.478801108231096e-07
2.238499770204056e-07
2.416679602347709e-07
2.2618436178307e-07
2.330407048147038e-07
2.185726855934097e-07
2.174775962528592e-07
1.856337870890405e-07
2.32723411265915e-07
8.915213772032306e-08
2.493727514806454e-07
2.617881199967913e-08
2.583440086878515e-07
3.913110335586543e-09
2.591004074158847e-07
1.404788125880693e-09
2.591658317870424e-07
-1.976712354684268e-10
2.604365455601254e-07
-1.63167345675263e-09
2.602496231518128e-07
-2.240812098184147e-09
2.519302773662951e-07
-7.904429423766502e-09
2.477666543411479e-07
-5.826684138025707e-08
2.207888929476141e-07
-1.904486370536148e-07
2.221639768958341e-07
-3.64692952302211e-07
2.091578266143945e-07
-4.409652370339714e-07
1.880084757552478e-07
-4.677753816289858e-07
1.571104914431294e-07
-4.594314975858403e-07
1.164513728857291e-07
-4.172268613742101e-07
7.542299090510125e-08
-3.270762095523855e-07
6.428224876717044e-08
-2.088505311437593e-07
4.446614996119795e-09
-3.104368888365572e-09
-3.650709740993616e-09
-8.274295752236127e-09
-1.235600398475016e-09
-5.086699548551161e-09
1.384233565714457e-10
-2.27090993563737e-09
2.339852104389218e-10
-1.218352832410344e-09
9.041258098370533e-11
-8.604226284218744e-10
1.295833880465616e-11
-6.219960419792069e-10
-1.256260198780622e-11
-4.110632515004864e-10
-2.103678786211048e-11
-2.440798245496918e-10
-2.405395135731545e-11
-1.234409166429108e-10
-1.936308208972488e-11
-3.868818070061056e-11
5.896546191792278e-12
1.734053599752964e-11
5.502500580103627e-11
4.261870231376397e-11
9.930147519438405e-11
3.287202924233012e-11
2.595090680999738e-10
-5.354996866831527e-11
-4.938389556393656e-11
3.597392864350433e-10
-1.897733880749781e-09
4.356025528660017e-10
1.798007926218616e-10
-6.384760572559845e-10
2.762854129737525e-10
-7.069225483132764e-10
-4.505516967263463e-11
-2.188284993068749e-10
9.913810731245937e-11
8.286275536207167e-11
3.050876357978142e-10
1.211639927194417e-10
3.394207893752115e-10
5.894721329605239e-11
2.874226465686508e-10
-1.435847292681559e-11
2.632714000378941e-10
-9.980073609874202e-11
3.22186073435754e-10
-2.380393611864717e-10
5.07883581332669e-10
-4.134585830150082e-10
8.765059455825865e-10
-1.570945055556756e-10
1.326117966029713e-09
2.138580743633315e-09
1.070948300783061e-09
7.649757066091075e-09
-1.394710332608529e-09
9.808970070787942e-09
-4.895942144571493e-09
2.239380054125832e-08
6.202617944822897e-08
5.712499832345982e-08
8.73839201534254e-08
9.98234233110392e-08
1.170863503473039e-07
1.387829699869512e-07
1.396701743750752e-07
1.721772670267576e-07
1.550896871720543e-07
2.002120633013812e-07
1.655423455211999e-07
2.237706704401602e-07
1.735035320007642e-07
2.439062005362662e-07
1.805511151365187e-07
2.617463269870172e-07
1.874669154534685e-07
2.78410200400668e-07
1.944758253257035e-07
2.949902366109816e-07
2.011907811542375e-07
3.127084389765221e-07
2.061317746956867e-07
3.330880445542989e-07
2.058047562438164e-07
3.576670196330083e-07
1.939937105507506e-07
3.824888841791238e-07
1.608119225763428e-07
3.807960351373403e-07
9.084498679285036e-08
3.742270296543703e-07
3.274781751058897e-08
3.702028811550919e-07
7.937258860011136e-09
3.698827749000202e-07
1.724894403283141e-09
3.702830502999734e-07
-5.97946615819002e-10
3.709936971147886e-07
-2.342320254587073e-09
3.742213895113967e-07
-5.468504480257896e-09
3.848759921639781e-07
-1.855903206408314e-08
3.971451898131617e-07
-7.053603901940967e-08
3.904949907140333e-07
-1.837984379465013e-07
3.365643021690544e-07
-3.107622637511341e-07
2.748702107092617e-07
-3.792711455696256e-07
2.121426326558914e-07
-4.050478035724897e-07
1.480196653418892e-07
-3.95308530269719e-07
8.418100168780475e-08
-3.53388197719088e-07
3.347315142018465e-08
-2.763683592846309e-07
1.60199090044494e-08
-1.913972887292373e-07
8.895780434687329e-09
4.019759678389285e-09
1.408234600471993e-09
-7.86749924501153e-10
-6.190208946416155e-10
-3.059444063989379e-09
-3.355564194466122e-10
-2.554374428635713e-09
7.53276312306979e-13
-1.554662553161912e-09
5.496604145556616e-11
-9.146354297723956e-10
7.630544045040405e-12
-5.746605892203257e-10
-3.288739041233964e-11
-3.705453771986203e-10
-4.857918833178201e-11
-2.28388094577143e-10
-4.597590243200097e-11
-1.260442848056209e-10
-2.870967918222383e-11
-5.595449469981147e-11
3.543346446054484e-12
-1.491257225939708e-11
4.692703207637695e-11
-7.65152884058153e-13
8.943014020904795e-11
-9.631615579290046e-12
6.315381590293637e-11
-2.727320300090935e-11
1.376977255545937e-11
-7.529740305633746e-10
-1.144759732537701e-09
-2.440631725448926e-10
-3.291099820673674e-10
-1.461452173290724e-10
1.783675283814483e-10
-3.014563098924022e-10
1.102559909644327e-10
-2.550326434600223e-10
5.271450837205432e-11
-9.189691211126741e-11
1.419519720869459e-10
8.348569576998256e-12
2.391753753294584e-10
1.244409147019342e-11
2.833271926330633e-10
-3.82644536857522e-11
3.139800132090013e-10
-1.014531216396868e-10
3.853748097869431e-10
-1.05731838776361e-10
5.121623669588101e-10
1.647745916113011e-10
6.059995841061386e-10
1.112055369851093e-09
3.788372567961455e-10
2.716906005156806e-09
-5.339022651060363e-10
3.04265788852171e-09
-1.720462146550409e-09
-5.918786530343613e-10
-1.26140553330199e-09
1.498009278259638e-08
4.645420808213256e-08
4.036243905337567e-08
6.200157395216827e-08
7.498771228618547e-08
8.246107718357361e-08
1.116771610484507e-07
1.029807256814767e-07
1.473216891083466e-07
1.194451591799819e-07
1.805973863304253e-07
1.322666483660046e-07
2.113083069200947e-07
1.427926114766275e-07
2.399805103975173e-07
1.518789117230664e-07
2.676637170339547e-07
1.597837088790739e-07
2.955914194522163e-07
1.665481229672637e-07
3.248516224364633e-07
1.719305782273056e-07
3.562290496899427e-07
1.747543474966837e-07
3.900601436153936e-07
1.719736623698105e-07
4.252907084108847e-07
1.587631458033718e-07
4.562715437080608e-07
1.298310873238728e-07
4.669059507731564e-07
8.02105797688275e-08
4.633000136777921e-07
3.635375464343948e-08
4.581450932887213e-07
1.309217928281439e-08
4.559359494267524e-07
3.934038295350892e-09
4.554796360258217e-07
-1.416331884385436e-10
4.566690789531446e-07
-3.531763158868529e-09
4.615640488838383e-07
-1.036347439121084e-08
4.717282323802167e-07
-2.872321554380573e-08
4.763079383613971e-07
-7.511574498684074e-08
4.507509675879762e-07
-1.582414671620114e-07
3.879949795658073e-07
-2.480062757202378e-07
3.121192299808247e-07
-3.033953959779611e-07
2.331463224333907e-07
-3.260748960198842e-07
1.562915473549393e-07
-3.184537551874702e-07
8.697269435717857e-08
-2.840693447183677e-07
3.570140168815525e-08
-2.250970666136426e-07
2.742828791142648e-09
-1.584387158311583e-07
5.365068183091198e-09
1.397520285740465e-09
3.586354636761915e-09
9.919636191174491e-10
1.284991564156777e-09
-7.580809983061312e-10
2.484931315590778e-10
-1.517876007256592e-09
1.505536729505364e-11
-1.321224807456968e-09
-1.550906967960759e-11
-8.840710171060778e-10
-4.010891189333255e-11
-5.500607811864994e-10
-6.468295138899997e-11
-3.45971377719878e-10
-7.33491112525106e-11
-2.19721986628366e-10
-6.379530120789615e-11
-1.355981447995979e-10
-4.024410908392039e-11
-7.950573295962211e-11
-8.997126796822182e-12
-4.615963793192586e-11
2.019743104695497e-11
-2.995974368030175e-11
3.114525590874382e-11
-2.057914976612718e-11
6.879140976651918e-12
-3.00739657438201e-12
2.064919227647243e-11
-5.419339010975343e-10
-6.028258106331805e-10
-4.703256997392609e-10
-4.007181131236812e-10
-2.244635649745223e-10
-6.749452179069963e-11
-1.766160193599651e-10
6.240853339724469e-11
-1.921779437810963e-10
6.827652189073584e-11
-1.498374122023405e-10
9.961152980679938e-11
-8.288576208486471e-11
1.722238147103501e-10
-4.415054778616676e-11
2.445920677563812e-10
-3.065424224929223e-11
3.004837972203155e-10
1.61940907612038e-11
3.385265662035279e-10
2.066687008100862e-10
3.216878464618475e-10
6.652172618894378e-10
1.474511124328847e-10
1.322608263642431e-09
-2.785536554471146e-10
1.571209925537387e-09
-7.825038377019794e-10
5.841857878059798e-10
-7.334379194910458e-10
-8.908235940440989e-10
2.136039374939645e-10
1.423119301075678e-08
3.133219156605206e-08
3.4365838657781e-08
4.186692839323846e-08
6.196684439844763e-08
5.486007153043183e-08
9.422999091851467e-08
7.071757924794452e-08
1.285758506999049e-07
8.509929948407613e-08
1.632744974133156e-07
9.756800173659394e-08
1.973691325777323e-07
1.086979763945465e-07
2.308229982739236e-07
1.184250461071316e-07
2.644825150465943e-07
1.261241921843026e-07
2.994813426760798e-07
1.315492954129621e-07
3.365352644799645e-07
1.348766564955472e-07
3.755625450418034e-07
1.357270670036444e-07
4.15693574199244e-07
1.318426332774775e-07
4.544588001281956e-07
1.199979199356845e-07
4.865755080259877e-07
9.771437948320078e-08
5.025324492242837e-07
6.425363862350249e-08
5.052751123485943e-07
3.361109156767658e-08
5.037162631468919e-07
1.465102852873142e-08
5.024594320010669e-07
5.190869480915797e-09
5.021665868122088e-07
1.512120359062082e-10
5.030515000709784e-07
-4.416676386383571e-09
5.054266967613218e-07
-1.273867105421832e-08
5.07616273369488e-07
-3.091279212842538e-08
5.000076128735834e-07
-6.75070844709046e-08
4.664680089372256e-07
-1.247018632088299e-07
4.034353437068658e-07
-1.84973610475859e-07
3.25512044910856e-07
-2.254720971701687e-07
2.426691094540644e-07
-2.432319605532189e-07
1.625028933552087e-07
-2.382875390799522e-07
9.175529999178786e-08
-2.133217513474278e-07
3.894486319799422e-08
-1.72286629812883e-07
1.156364284429909e-09
-1.20650216911545e-07
2.583050487153705e-09
-2.916591166357063e-11
3.126835158510342e-09
4.481789509180299e-10
2.192802381888366e-09
1.759517795445238e-10
1.035816781706184e-09
-3.608904100562966e-10
3.361222694447503e-10
-6.215303013027149e-10
4.281025816378529e-11
-5.907590177022485e-10
-5.667618695586579e-11
-4.50574350541614e-10
-8.605767438247296e-11
-3.165899104111884e-10
-8.797176363187921e-11
-2.178079175938163e-10
-7.442512945504404e-11
-1.491447982522013e-10
-5.187384797576965e-11
-1.020570281732835e-10
-2.785705466247739e-11
-7.017641864047369e-11
-1.090021455132344e-11
-4.691659323296303e-11
-6.492595748889752e-12
-2.498689881592795e-11
-7.882060051733378e-12
-1.617341424133266e-12
1.27671040615615e-11
-2.817950830929966e-10
-3.210305829122388e-10
-3.82121628302129e-10
-3.003914454653734e-10
-2.87579227036867e-10
-1.620368095862716e-10
-1.964136125054671e-10
-2.875696915350778e-11
-1.692147837930676e-10
4.107780488199697e-11
-1.521308857579302e-10
8.252774345679769e-11
-1.130519572562149e-10
1.331449976772307e-10
-5.666282580317641e-11
1.882030476422002e-10
2.306867929605474e-11
2.20752403108728e-10
1.647537065065723e-10
1.968416497789294e-10
4.110781707033104e-10
7.536349262173745e-11
7.232655141984571e-10
-1.647361209496431e-10
8.863056381811461e-10
-4.415936698131445e-10
6.209696122006802e-10
-5.171677024057401e-10
8.616887321216695e-11
-1.986370718069269e-10
7.080928857878131e-11
2.289636303763774e-10
1.264938471352983e-08
1.875361624851926e-08
2.95009093024776e-08
2.501540391099258e-08
5.223037125147226e-08
3.213060968702868e-08
8.005782716240848e-08
4.289012344150628e-08
1.114741078142211e-07
5.368301893523067e-08
1.450788546315903e-07
6.396325502057356e-08
1.794605036835111e-07
7.431632744190157e-08
2.140902946682889e-07
8.379525521935798e-08
2.49685973162686e-07
9.052851378420576e-08
2.873294344988763e-07
9.390583416807552e-08
3.273183691094819e-07
9.48877219728809e-08
3.686785540888336e-07
9.436688210850261e-08
4.097938922798855e-07
9.072729516664067e-08
4.479336588380058e-07
8.185815345341122e-08
4.789993452619582e-07
6.664869313060612e-08
4.97645533684955e-07
4.560745026702506e-08
5.053383471723239e-07
2.591827814200374e-08
5.075010638845057e-07
1.248831187314413e-08
5.078893205534595e-07
4.802612863609726e-09
5.078797166655201e-07
1.608159704324212e-10
5.077266375848779e-07
-4.26359726391649e-09
5.066548019054222e-07
-1.166683533764297e-08
5.017104032747972e-07
-2.59683934650278e-08
4.85522180182562e-07
-5.131886134999676e-08
4.484683837409258e-07
-8.764806674217475e-08
3.887864622148933e-07
-1.252916889279323e-07
3.152235790300087e-07
-1.519092139660192e-07
2.359939674540783e-07
-1.640023489599031e-07
1.584414169617393e-07
-1.607349885717891e-07
8.895308612293555e-08
-1.43833420493537e-07
3.640944387254139e-08
-1.197429875481655e-07
8.769540412464154e-10
-8.511772706612205e-08
1.795186947059717e-09
-9.473988042741023e-10
2.363880552437296e-09
-1.205146417673696e-10
2.070061934535948e-09
4.697704079847867e-10
1.309923942047335e-09
3.992475916928852e-10
6.198042462392361e-10
6.858940047902389e-11
2.027024321403604e-10
-1.736571986565068e-10
9.635974999162003e-12
-2.575078909335116e-10
-6.159160796070648e-11
-2.453623240006831e-10
-7.856686050568047e-11
-2.008326610378468e-10
-7.271919063081625e-11
-1.549924539916639e-10
-5.807257676239017e-11
-1.167036143023888e-10
-4.27292673710043e-11
-8.551972053291144e-11
-3.132977171736358e-11
-5.83160334569207e-11
-2.320030145355421e-11
-3.311604263896105e-11
-1.277023700252016e-11
-1.204752067177973e-11
-2.887115196706288e-15
-1.399356971949045e-10
-1.810948138907137e-10
-2.460413144013779e-10
-1.942857113428272e-10
-2.565307926794305e-10
-1.515472024302929e-10
-2.115846815365057e-10
-7.370294846510555e-11
-1.70506353296764e-10
-3.907847109681196e-16
-1.404257818900697e-10
5.244730455129138e-11
-9.847708634396852e-11
9.119643439474098e-11
-2.653662326439056e-11
1.16262716316869e-10
8.581616138281507e-11
1.083997497511337e-10
2.416675714370677e-10
4.099037033595452e-11
4.130984849711259e-10
-9.606729086502969e-11
5.127272657525307e-10
-2.643647724646571e-10
4.341244620120897e-10
-3.629907374351828e-10
2.111906698500945e-10
-2.942337824821188e-10
1.188672059094874e-10
-1.06313480815823e-10
3.482838989059415e-10
-4.529366025539504e-13
1.01942080644027e-08
8.907692208145253e-09
2.392325949520671e-08
1.128635260406991e-08
4.231810476244786e-08
1.373576454251693e-08
6.536040096432918e-08
1.984782736080042e-08
9.246980708767039e-08
2.657361293152029e-08
1.228792336448373e-07
3.355382858104977e-08
1.548863428159298e-07
4.230921838636961e-08
1.874953709601497e-07
5.118622718816424e-08
2.213921002510047e-07
5.66317846036422e-08
2.577091259152861e-07
5.75888086109309e-08
2.963849605074212e-07
5.621188748442401e-08
3.357194009444036e-07
5.503244177138728e-08
3.738777978626824e-07
5.25688983440404e-08
4.084902783731296e-07
4.724567303422424e-08
4.366102205519385e-07
3.852875103825733e-08
4.552217140550885e-07
2.69959568454548e-08
4.650820329397993e-07
1.60579593336243e-08
4.694260629095474e-07
8.144281974542339e-09
4.710040629938661e-07
3.224612845001362e-09
4.711670355308823e-07
-2.156506074568737e-12
4.700601533760831e-07
-3.156715053876482e-09
4.665099597296085e-07
-8.116641640816211e-09
4.575404805661014e-07
-1.699891425592736e-08
4.378683871313763e-07
-3.164676787397213e-08
4.018170373186253e-07
-5.159671689201319e-08
3.485794483095317e-07
-7.205409988473399e-08
2.835930097066396e-07
-8.692277533164136e-08
2.131257217687691e-07
-9.353506099264789e-08
1.429900342300335e-07
-9.059930100492535e-08
7.800274763076926e-08
-7.884613386716393e-08
2.84186857112684e-08
-7.015892560176051e-08
1.461138583641786e-09
-5.816017991202908e-08
2.066313199966682e-09
-1.552573394002099e-09
1.781746857232422e-09
1.640517266475612e-10
1.456868426354074e-09
7.946488643989823e-10
1.085347007152059e-09
7.70769034839451e-10
6.835038438899803e-10
4.704325875850598e-10
3.480411184038214e-10
1.618055497976535e-10
1.294124828060301e-10
-3.887923044975987e-11
1.348643241727543e-11
-1.294362467643085e-10
-3.681002175038788e-11
-1.505361735272907e-10
-5.244508800687771e-11
-1.393573457430111e-10
-5.231981379822836e-11
-1.168288368174545e-10
-4.633249314378709e-11
-9.150696688136673e-11
-3.828498651437846e-11
-6.636348862464494e-11
-2.787085845350637e-11
-4.353021771466117e-11
-1.405825414007424e-11
-2.585962380403584e-11
-1.406114242271271e-11
-7.369007062836577e-11
-1.074045800418934e-10
-1.485420285089058e-10
-1.194335964255336e-10
-1.900139305309509e-10
-1.10075147725566e-10
-1.873134553798381e-10
-7.640327126589317e-11
-1.586856334385304e-10
-2.862806051930582e-11
-1.19589017711972e-10
1.335084077725424e-11
-6.621805857734659e-11
3.78256266465083e-11
1.219301091222978e-11
3.785179759486316e-11
1.164162160981824e-10
4.176694482197077e-12
2.258325358216332e-10
-6.842580028133182e-11
2.945584642075196e-10
-1.647930711606988e-10
2.716312987530552e-10
-2.414374598330441e-10
1.588962030209229e-10
-2.502554956502337e-10
5.689157353567347e-11
-1.922290079231375e-10
8.628892589101061e-11
-1.357106893327549e-10
2.086400185603131e-10
-1.228038865043763e-10
7.398803493681884e-09
1.717528874416105e-09
1.761937092759472e-08
1.065785310330995e-09
3.12468734876272e-08
1.082621210940086e-10
4.865802021223542e-08
2.436680773349701e-09
7.004923539972951e-08
5.182397879334278e-09
9.56991159103274e-08
7.903948203950352e-09
1.243289576620003e-07
1.367937676595674e-08
1.531220170850304e-07
2.239316789409247e-08
1.817371343253935e-07
2.8016667489504e-08
2.121656079040354e-07
2.716033515560171e-08
2.442299315813065e-07
2.414756392715251e-08
2.762717384196627e-07
2.29906350494203e-08
3.06902823585031e-07
2.193781329112715e-08
3.344515361810406e-07
1.969696054636862e-08
3.570080616295493e-07
1.597222569340856e-08
3.728584557058964e-07
1.114556286787758e-08
3.823453562780666e-07
6.571058855287973e-09
3.872393123498036e-07
3.250325991346531e-09
3.892195296189559e-07
1.244395659225344e-09
3.891923227950895e-07
2.505039578172911e-11
3.87166010184543e-07
-1.130402370414586e-09
3.821201767492624e-07
-3.070808137725365e-09
3.718680704976912e-07
-6.746807941194302e-09
3.531236944529052e-07
-1.290239177045819e-08
3.227774795089861e-07
-2.125050189321278e-08
2.805933782504631e-07
-2.986999857467258e-08
2.299729704167996e-07
-3.630236744915386e-08
1.753814302533232e-07
-3.894352078233887e-08
1.212039314500547e-07
-3.642180215635059e-08
7.088205774668635e-08
-2.852426011920701e-08
2.857537148774591e-08
-2.785223929883672e-08
3.623293572509241e-09
-3.32081019527423e-08
1.780482847848565e-09
2.902373742867275e-10
9.551637336062247e-10
9.893708847136896e-10
7.529762540565724e-10
9.968363869663034e-10
7.09848143449722e-10
8.138971886877296e-10
5.965408391395739e-10
5.837399346196852e-10
4.158877360224989e-10
3.424586973252404e-10
2.386239721660099e-10
1.383845799052097e-10
1.077983558649664e-10
1.389421347488419e-12
2.823454782095792e-11
-7.097230723239053e-11
-1.327314370193788e-11
-9.78495829453989e-11
-3.153825072503284e-11
-9.856364404796611e-11
-3.668400171305212e-11
-8.636114790749284e-11
-3.384685970377537e-11
-6.9200537744013e-11
-2.526457215894457e-11
-5.211221626536236e-11
-1.275032452778211e-11
-3.837392076691785e-11
-2.681126802469425e-11
-4.227501686013626e-11
-6.512944028129616e-11
-8.976102954070977e-11
-7.194742500324622e-11
-1.275850555382576e-10
-7.225095491198948e-11
-1.409546482646533e-10
-6.30335097462034e-11
-1.263868569373986e-10
-4.319568274323149e-11
-8.975668363544587e-11
-2.327916381299504e-11
-3.564310964912393e-11
-1.628777925297256e-11
3.28103187388339e-11
-3.06014636135333e-11
1.046866926593492e-10
-6.769951320671223e-11
1.555934942369576e-10
-1.193324367898178e-10
1.56324530850021e-10
-1.655239438181392e-10
9.766363736644587e-11
-1.827764037082393e-10
1.240158382613601e-11
-1.649932806667812e-10
-4.311989453603708e-11
-1.367073695304829e-10
-5.067503456548283e-11
-1.281553905192623e-10
-4.902553588866769e-11
-1.244532279002914e-10
4.487509598027423e-09
-2.819006103528592e-09
1.081561042215227e-08
-5.26231535942516e-09
1.888027864631868e-08
-7.956405950107207e-09
2.896264184498072e-08
-7.64568227409409e-09
4.108873233322734e-08
-6.943692459267852e-09
5.544642073429558e-08
-6.453740049437499e-09
7.207612971039897e-08
-2.950332064321831e-09
9.4114075261922e-08
3.552224861063704e-10
1.221097110917624e-07
2.103180092373e-11
1.476653318425321e-07
1.604714543370281e-09
1.700634543301235e-07
1.749441575281924e-09
1.917138700911541e-07
1.340219420870056e-09
2.125486985408982e-07
1.102984970427339e-09
2.313099659140562e-07
9.356932984707142e-10
2.466688636945061e-07
6.133280341817124e-10
2.57679306145789e-07
1.351205335504601e-10
2.64514724363924e-07
-2.643592504322344e-10
2.681606437575106e-07
-3.955932944462615e-10
2.696697678638801e-07
-2.647283441870768e-10
2.696649042394119e-07
2.991411847580299e-11
2.681415487206561e-07
3.929532417493761e-10
2.643551643724506e-07
7.155762993641994e-10
2.567826866977239e-07
8.256698179817361e-10
2.433614070307993e-07
5.188879769320009e-10
2.22352218052906e-07
-2.413128385252512e-10
1.936287384249082e-07
-1.146518872978356e-09
1.590375771894922e-07
-1.711206142612906e-09
1.216030312007773e-07
-1.50897472451727e-09
8.591050411558225e-08
-7.292750034221697e-10
5.850612154131419e-08
-1.119877478251693e-09
3.376799468856063e-08
-3.114112379807092e-09
6.341593424680222e-09
-5.781700623068888e-09
1.372867496123799e-09
5.258963368650635e-09
3.142830767009952e-10
2.047955369358138e-09
3.354043526007394e-10
9.757151763277222e-10
4.508071820803711e-10
6.984944239140921e-10
4.745109334182214e-10
5.600362487833502e-10
4.079274513105323e-10
4.09042246011412e-10
2.962241455006e-10
2.500879560863359e-10
1.839029523710022e-10
1.13710689731283e-10
9.547053974026757e-11
1.746018933440444e-11
3.615324603863817e-11
-3.853219433361443e-11
1.27511750154645e-12
-6.368541163101265e-11
-1.589543058883103e-11
-6.919048108318506e-11
-2.081518893480873e-11
-6.428068521954135e-11
-1.750029547808244e-11
-5.542710633455987e-11
-9.260666350655651e-12
-4.661313845797945e-11
-3.607190733328043e-11
-2.560958646802609e-11
-3.951968356680167e-11
-5.433479972346012e-11
-4.3222030257658e-11
-7.973237474498104e-11
-4.68531975494039e-11
-9.263779769040068e-11
-5.012790366129378e-11
-8.550846944582379e-11
-5.03248278169514e-11
-5.803298636677122e-11
-5.075446414406746e-11
-1.613998323804961e-11
-5.818060043991635e-11
2.997463483716011e-11
-7.671590068477832e-11
6.569369704225478e-11
-1.034183955955073e-10
7.4358926835776e-11
-1.279974879591572e-10
4.643841495386966e-11
-1.376032547158132e-10
-1.019922358638989e-11
-1.261385892703732e-10
-7.372868911479936e-11
-1.014636407675767e-10
-1.30934005615214e-10
-7.95018800330534e-11
-1.933643664648845e-10
-6.572485827032335e-11
-2.716757353382302e-10
-4.614168901145288e-11
1.880474483474516e-09
-4.971156153967597e-09
4.575657213460156e-09
-7.95749792241649e-09
7.307243450897354e-09
-1.068799202222798e-08
9.929743061343897e-09
-1.026818172060859e-08
1.155463893244042e-08
-8.568588168169216e-09
1.104742418971476e-08
-5.946525145961227e-09
1.03784520194393e-08
-2.281359735152025e-09
7.050212465741005e-09
3.683462197096639e-09
1.614222458480769e-09
5.457021963403883e-09
7.706689412411576e-11
3.14187026106855e-09
1.075700934966749e-11
1.815751611016547e-09
3.682236764458118e-11
1.314154211268457e-09
9.661032593288379e-11
1.043197158070309e-09
2.268625228738437e-10
8.054412447382334e-10
3.291786348482853e-10
5.110120622556057e-10
2.872589877433913e-10
1.770403175206268e-10
1.202773156798251e-10
-9.737744502051948e-11
-6.558643868695525e-11
-2.097294103040091e-10
-1.947535545910818e-10
-1.355611022613921e-10
-2.386940756913768e-10
7.385476180285319e-11
-1.763028859691308e-10
3.305621704670077e-10
1.568887470817691e-11
5.235846533567595e-10
3.183001266062392e-10
5.230586771826675e-10
6.036586488107008e-10
2.335295623701241e-10
6.705124476532e-10
-3.081665328082135e-10
4.262006442969059e-10
-9.022069679025866e-10
1.008255466644969e-11
-1.295087953627462e-09
-1.03718671056521e-10
-1.395173401453177e-09
5.982202807663432e-10
-1.431213859498155e-09
1.213514638698882e-09
-1.735171741641396e-09
-4.678782049030855e-10
-1.432719442676789e-09
-5.142269158423967e-09
-1.107309576711723e-09
-4.30101701190507e-10
5.467960033322534e-10
3.59659081528124e-10
1.258194677944679e-09
3.466382405831859e-10
9.887361074936046e-10
3.437158136133585e-10
7.014169407463376e-10
3.652536703964997e-10
5.384984814930742e-10
3.536482410269587e-10
4.206477663813429e-10
2.994832548516567e-10
3.042530360833184e-10
2.224587745714647e-10
1.90735269366454e-10
1.454626804696363e-10
9.445639021857451e-11
8.253543555813437e-11
2.439516924236773e-11
3.815699991160797e-11
-1.930684486918337e-11
1.103110410890642e-11
-4.206447018891235e-11
-2.417004523119907e-12
-5.083245417740465e-11
-6.208529456179194e-12
-5.163531578005485e-11
-4.132188941643603e-12
-4.868945523339844e-11
-4.020393096648843e-11
-1.535744836119884e-11
-2.416206789677373e-11
-3.156859504197784e-11
-2.701069316932832e-11
-4.559538105319213e-11
-3.282621786746416e-11
-5.311549987559765e-11
-4.260759040308877e-11
-4.924020331461424e-11
-5.419993002461853e-11
-3.296171333505825e-11
-6.703276039169392e-11
-9.33275378826289e-12
-8.180936706893217e-11
1.180774996087921e-11
-9.785621263182978e-11
1.930238917284443e-11
-1.109128441662782e-10
5.531108681586975e-12
-1.1422601822615e-10
-2.908142153836195e-11
-1.029905366055603e-10
-7.654765748803614e-11
-7.867216699497241e-11
-1.297648304428009e-10
-4.824628291986245e-11
-1.916710518011969e-10
-1.759547542384593e-11
-2.699416193676553e-10
1.254589111636008e-11
-3.526796558292617e-10
3.659652761170841e-11
1.927958803958909e-10
-5.516631511407577e-09
6.083006843291678e-10
-8.373002549194616e-09
3.528974001640737e-10
-1.043258856218363e-08
-4.721380183427601e-10
-9.443146127797419e-09
-2.330309039988949e-09
-6.710416973388632e-09
-5.546881329306459e-09
-2.729952685038785e-09
-7.474436642524104e-09
-3.538042514311963e-10
-3.906323544084332e-09
1.153492676311639e-10
-7.256834518813894e-10
2.276382039071393e-09
5.777708006923171e-11
2.358409895398159e-09
1.118387715342443e-10
1.761690084630116e-09
1.426075987079714e-10
1.283385547444018e-09
2.203768359854485e-10
9.654280827420882e-10
3.195250693533567e-10
7.062931713897986e-10
3.708052651599314e-10
4.59732024793452e-10
3.147830002390686e-10
2.330627386240577e-10
1.582151410268179e-10
5.919056837948942e-11
-2.813374597622038e-11
-2.3380371504121e-11
-1.652664848497444e-10
1.571786101959482e-12
-1.999719426904567e-10
1.085603665700411e-10
-1.037642052985184e-10
2.34354577459844e-10
1.226831460996825e-10
2.97137443719058e-10
4.206313908537275e-10
2.251105715535557e-10
6.606873271137262e-10
-6.526237302172123e-12
7.058809337100947e-10
-3.533600053568304e-10
5.272797961008974e-10
-7.236056985262872e-10
2.699071398434259e-10
-1.03771516784001e-09
1.572358551903014e-10
-1.282501989169373e-09
1.651913403575754e-10
-1.439169218854492e-09
-2.65063157356662e-10
-1.304917119672161e-09
-1.027009025187987e-09
-6.707734520739813e-10
-1.98853871015778e-09
-1.45779770430463e-10
-1.188576381808858e-09
-2.531662051628469e-10
-2.526664971163924e-10
3.222849113719477e-10
1.301604362763416e-10
6.059092906472456e-10
2.369947535691345e-10
5.945827382803776e-10
2.730893874782186e-10
5.024039616082084e-10
2.833808496767483e-10
4.103564183108732e-10
2.658003647656559e-10
3.218336374260675e-10
2.234987652328212e-10
2.330369895721382e-10
1.687402032573277e-10
1.492150801531804e-10
1.146671564776699e-10
7.846835360485092e-11
6.988438668122367e-11
2.547606919322745e-11
3.765130575374072e-11
-9.831237743621997e-12
1.740241908808796e-11
-3.058343686501126e-11
6.56448580047431e-12
-4.079732446137439e-11
1.824201992941547e-12
-4.394882648031092e-11
-3.837966469860111e-11
-8.415830149858236e-12
-1.574607266141778e-11
-1.638823802663471e-11
-1.90380915807698e-11
-2.264879789106637e-11
-2.656545830919597e-11
-2.588610025618776e-11
-3.937008632914494e-11
-2.452225291426165e-11
-5.556357545073388e-11
-1.881910843595398e-11
-7.273570335474448e-11
-1.242954193434547e-11
-8.819873294537374e-11
-1.153605072525183e-11
-9.874950421056908e-11
-2.17595931219409e-11
-1.006891034236974e-10
-4.490004654084269e-11
-9.108536772439077e-11
-7.818516158804601e-11
-6.970522597646013e-11
-1.173757820187782e-10
-3.948135237285813e-11
-1.612263880057322e-10
-4.395484348770375e-12
-2.113600141465181e-10
3.25383418908923e-11
-2.647939034694113e-10
6.597996998905132e-11
-3.063199499220056e-10
7.812276227540494e-11
-5.824825504413063e-10
-5.240468724245791e-09
-1.206407976950426e-09
-7.749076937230447e-09
-2.479265656961864e-09
-9.159730698157224e-09
-3.893010416058519e-09
-8.029401185651986e-09
-5.244012632632362e-09
-5.359414575028179e-09
-6.111034203625743e-09
-1.862930932968054e-09
-5.612636951633584e-09
-8.522013234125226e-10
-4.096992334126628e-09
-1.400295170321129e-09
-1.93608375500445e-09
1.154736386248291e-10
-5.41927250457583e-10
9.642535692893772e-10
8.041621671840053e-13
1.218958849716918e-09
1.894831331503344e-10
1.094706754074766e-09
2.861566606646473e-10
8.687547322055486e-10
3.476704564241502e-10
6.447795525419847e-10
3.582723173268809e-10
4.491303401776236e-10
2.999322664427642e-10
2.914029656294723e-10
1.812934471624547e-10
1.778295630735213e-10
4.395610286312141e-11
1.139571478028116e-10
-5.434553593003017e-11
9.98735990171381e-11
-6.492991658452468e-11
1.191449205797466e-10
3.355768698269688e-11
1.358671461125433e-10
2.231265582782792e-10
1.075687434502903e-10
4.415808498396274e-10
6.656449603989103e-12
6.005819313130716e-10
-1.65527150776483e-10
6.319531495484118e-10
-3.847310572602677e-10
5.319919690778531e-10
-6.236443536616716e-10
3.550577562824664e-10
-8.607807924891478e-10
1.267796421423315e-10
-1.054223714596107e-09
-2.197812038780868e-10
-1.092608214351686e-09
-6.787565719331207e-10
-8.45941595366409e-10
-9.324311159333298e-10
-4.170987539470583e-10
-9.235402506855462e-10
-1.546704839862974e-10
-9.398804105070586e-10
-2.368258961909258e-10
-5.591666277274899e-10
-5.842872508289444e-11
-1.715503440297044e-10
2.182931502808566e-10
5.139557215366891e-11
3.716369625820235e-10
1.544333006436692e-10
3.993663711863679e-10
1.985519555563849e-10
3.662379003492368e-10
2.095403151721267e-10
3.108454156215613e-10
1.960092679064512e-10
2.465681777690174e-10
1.654571641615483e-10
1.797673298885308e-10
1.271492593880951e-10
1.167764131896e-10
8.951847660790454e-11
6.310701626725325e-11
5.795481257714977e-11
2.173257631771162e-11
3.44395507768384e-11
-7.068031704874839e-12
1.835594982040407e-11
-2.471347601856568e-11
7.544087582979881e-12
-3.31368552652701e-11
-3.083543960885464e-11
-3.787885931109583e-12
-1.195798516069684e-11
-6.768811288529268e-12
-1.605695628595837e-11
-8.89163746205212e-12
-2.444242410587764e-11
-1.054207518965565e-11
-3.771944108019462e-11
-1.222132876089349e-11
-5.388411474366257e-11
-1.509012158273019e-11
-6.986670410734348e-11
-2.131997126150726e-11
-8.196867763928422e-11
-3.344283777791326e-11
-8.662643317302198e-11
-5.281378829113415e-11
-8.131794949402153e-11
-7.851258581280319e-11
-6.538636815396208e-11
-1.079441797602063e-10
-4.027343125768189e-11
-1.386435435121012e-10
-8.781789360131497e-12
-1.689032412597184e-10
2.586441132893116e-11
-1.956126677209979e-10
5.924796473668826e-11
-2.120618157561185e-10
8.242931313780742e-11
-2.127070927921157e-10
7.876823294286812e-11
-7.589158345012506e-10
-4.694259790012502e-09
-1.66132841542923e-09
-6.846664165101289e-09
-2.971104194270003e-09
-7.849954728944532e-09
-4.035653575838595e-09
-6.964851614778694e-09
-4.44510050726684e-09
-4.94996745475245e-09
-3.799075200224289e-09
-2.508956051898037e-09
-2.619443381127866e-09
-2.031832954419634e-09
-2.263018097727691e-09
-1.75672026598733e-09
-1.763252454182572e-09
-3.842918167452039e-10
-9.251112034755142e-10
1.261125068001013e-10
-2.806899420859153e-10
5.745377774230284e-10
7.56404712995183e-11
7.383765301969171e-10
2.474076778463837e-10
6.969877163899277e-10
3.183184481706765e-10
5.738689736425841e-10
3.241794122814792e-10
4.432695688976849e-10
2.808903245442478e-10
3.346922470262101e-10
2.05394748111517e-10
2.533253345234819e-10
1.248360589245816e-10
1.94516032769575e-10
7.43955703629838e-11
1.503142843994363e-10
8.421363746735882e-11
1.093270507661433e-10
1.63452057764204e-10
5.662892357342003e-11
2.918099986369743e-10
-2.078899969403373e-11
4.251660127011057e-10
-1.266993670280392e-10
5.147666216372449e-10
-2.551275629499523e-10
5.279697576150637e-10
-3.979339976103994e-10
4.532588107545943e-10
-5.489332125206844e-10
2.840971816826501e-10
-6.916189710512668e-10
7.458505484637523e-12
-7.77584848002935e-10
-3.48070930220173e-10
-7.370785908187746e-10
-6.369763964147578e-10
-5.570359438925968e-10
-7.070968261427111e-10
-3.469781420943001e-10
-6.315860989595134e-10
-2.301810322435392e-10
-6.57834051728499e-10
-2.10577768317858e-10
-5.622178724838207e-10
-1.540447331933984e-10
-3.438041334044351e-10
-1.204220780646468e-13
-1.316740403843549e-10
1.595070319937557e-10
1.298220840312598e-11
2.547102808788449e-10
9.558186906186469e-11
2.836383955597408e-10
1.361077880675387e-10
2.703196517075624e-10
1.481983592814846e-10
2.34477762834196e-10
1.403613270071924e-10
1.87604522577584e-10
1.19947936275887e-10
1.371899714116248e-10
9.393784619212112e-11
8.911727739255381e-11
6.791231449553408e-11
4.775827871567124e-11
4.519260790683577e-11
1.565183119286488e-11
2.678771440199921e-11
-6.308472554484858e-12
1.19037202054011e-11
-1.825257755575939e-11
-1.893161726053605e-11
-1.142087206280884e-12
-1.081574828564818e-11
-1.727126812046321e-12
-1.547172264727736e-11
-2.551389610950224e-12
-2.361795630690324e-11
-4.81127860891591e-12
-3.545934398961551e-11
-9.79742741740754e-12
-4.889775733921335e-11
-1.872042242952905e-11
-6.094350077947367e-11
-3.244922320060153e-11
-6.823966934402855e-11
-5.111573574197481e-11
-6.795971396878527e-11
-7.375064751429621e-11
-5.868283222120498e-11
-9.834861241425461e-11
-4.078819884349487e-11
-1.224335617984305e-10
-1.618827880759011e-11
-1.434403375876497e-10
1.222518831518358e-11
-1.581913192842083e-10
4.061559350522128e-11
-1.622701435336584e-10
6.332698831749443e-11
-1.520415100820515e-10
7.220087766326255e-11
-1.316976948892614e-10
5.84246147330166e-11
-6.69732384468318e-10
-4.156224904643205e-09
-1.500110570867319e-09
-6.016285783622454e-09
-2.52802105454191e-09
-6.822044051094448e-09
-3.186140587186642e-09
-6.306731888250298e-09
-3.146119200570832e-09
-4.989988647982637e-09
-2.246775208753826e-09
-3.408299850083796e-09
-1.279758723680563e-09
-2.998849245854651e-09
-9.806037380306263e-10
-2.055875057128281e-09
-1.126235303863726e-09
-2.386600558181449e-10
-8.768923444589137e-10
-1.232302559770908e-10
-4.556707442205066e-10
1.533163749933339e-10
-9.55548772302713e-11
3.782608631708244e-10
1.301551064422511e-10
4.712779344023728e-10
2.407256212583363e-10
4.632986631439585e-10
2.743998716623735e-10
4.095955249174297e-10
2.628186432553526e-10
3.462736847101188e-10
2.301877751955332e-10
2.859564141008795e-10
1.976155748772272e-10
2.270884473262415e-10
1.845594469650916e-10
1.633706285966134e-10
2.044632634046133e-10
8.942345280195868e-11
2.577834679263201e-10
3.308939026060481e-12
3.295330463439158e-10
-9.253835684880862e-11
3.951125133296209e-10
-1.922786121096715e-10
4.30074822986385e-10
-2.900896505856422e-10
4.150005812513899e-10
-3.828595342711759e-10
3.326523768271245e-10
-4.665847876522425e-10
1.681117392966422e-10
-5.270781146032389e-10
-7.097161850208737e-11
-5.385012736637097e-10
-3.227600322518294e-10
-4.852899631090488e-10
-4.884241462538507e-10
-3.913716193956344e-10
-5.289935590672906e-10
-3.064085223777646e-10
-5.070845310306497e-10
-2.52089857869492e-10
-5.039713712518572e-10
-2.136907303430298e-10
-4.827132378280874e-10
-1.753026743584172e-10
-3.880703520330379e-10
-9.476312118505414e-11
-2.467971502205424e-10
1.823401091103411e-11
-1.121461812366931e-10
1.200594873263964e-10
-1.175539529399884e-11
1.83247780694609e-10
5.214687311873259e-11
2.064175519588483e-10
8.6585864457491e-11
2.00038939932279e-10
9.906915885390169e-11
1.751213987688986e-10
9.607471374746417e-11
1.401845921216258e-10
8.340672055043089e-11
1.017854526547326e-10
6.605159273866477e-11
6.511357677069704e-11
4.765021344442788e-11
3.405336163198142e-11
3.017258357575913e-11
1.116937860847438e-11
1.400948370381865e-11
-2.089286712618273e-12
-4.922025415384713e-12
-1.844803732753788e-13
-1.06310431444823e-11
-3.319426033567932e-13
-1.532404260642989e-11
-1.708448121523814e-12
-2.22412399840576e-11
-5.73848773136961e-12
-3.1429095285728e-11
-1.368194415211297e-11
-4.095409242314161e-11
-2.628112660342508e-11
-4.834411052241746e-11
-4.342724357127778e-11
-5.109334521781112e-11
-6.402176282405793e-11
-4.736498850470212e-11
-8.612394188086042e-11
-3.658044782799993e-11
-1.073083893786308e-10
-1.960354715897468e-11
-1.249589720099779e-10
1.462507014464798e-12
-1.36247854419536e-10
2.351427267818464e-11
-1.38077619481763e-10
4.244555952516634e-11
-1.280032089287784e-10
5.3252777516342e-11
-1.070392187187027e-10
5.123708633882218e-11
-8.353246329098694e-11
3.491805713965821e-11
-5.145933774566439e-10
-3.725163793244432e-09
-1.160826397799748e-09
-5.370052566810641e-09
-1.877346034339663e-09
-6.105524218265883e-09
-2.26271664159669e-09
-5.921361085037652e-09
-2.119019641189079e-09
-5.133685452045506e-09
-1.436601489705664e-09
-4.090717804990282e-09
-8.050672821256196e-10
-3.630383255771867e-09
-4.554944310457992e-10
-2.405447709638473e-09
-6.135234193884891e-10
-8.063086703451109e-11
-6.201330470560205e-10
-1.166204262270998e-10
-4.450771643030246e-10
-2.173930301646605e-11
-2.009246368484387e-10
1.341085428163471e-10
8.316658810098661e-12
2.620368491922667e-10
1.440518562822617e-10
3.275636790600233e-10
2.137606545029497e-10
3.398869438835863e-10
2.406761641108977e-10
3.193583955544844e-10
2.472987465350171e-10
2.793340560094756e-10
2.504365692316167e-10
2.239508521859911e-10
2.607131288556507e-10
1.530943000292715e-10
2.822657559974929e-10
6.787105946431066e-11
3.122092199790557e-10
-2.663428851298798e-11
3.416923447361578e-10
-1.220212433198519e-10
3.589994577765772e-10
-2.095854855068898e-10
3.521718295451021e-10
-2.832617821115975e-10
3.09094579566925e-10
-3.397820442442342e-10
2.181987402606881e-10
-3.756887091272825e-10
7.654951071560615e-11
-3.854286476533564e-10
-9.567798854545879e-11
-3.662735392690687e-10
-2.535193299357507e-10
-3.274483899197529e-10
-3.563962590389845e-10
-2.884944621259329e-10
-4.018643660217554e-10
-2.609401919456189e-10
-4.154850867372225e-10
-2.384689186573395e-10
-4.171979738558069e-10
-2.11977630758484e-10
-4.115610193399605e-10
-1.809394226367576e-10
-3.736562224430298e-10
-1.326677189363581e-10
-2.95064620146817e-10
-6.03573991512068e-11
-1.962769961847869e-10
2.127204873219403e-11
-1.0323196983119e-10
9.020293411170884e-11
-3.049129963506773e-11
1.336770576216672e-10
1.888916826176116e-11
1.506586463123821e-10
4.757639334378974e-11
1.464343488312538e-10
5.991945327656225e-11
1.278417119942458e-10
6.040856113961583e-11
1.01296526079579e-10
5.315790601859675e-11
7.236440561248374e-11
4.154005338798895e-11
4.567138124599896e-11
2.789134982529037e-11
2.481823382056041e-11
1.343257869800917e-11
1.236969941724375e-11
8.510686426690986e-12
-4.753630335015643e-13
-1.015555364393504e-11
-1.449925529603015e-12
-1.434929549357083e-11
-4.324668784003928e-12
-1.936629681721328e-11
-1.042689221005055e-11
-2.532666780833886e-11
-2.062837279764347e-11
-3.075240703489779e-11
-3.506208056785685e-11
-3.391019801870329e-11
-5.294712736344073e-11
-3.320809431847579e-11
-7.264538401486195e-11
-2.766652836953914e-11
-9.193865916088188e-11
-1.728697012827503e-11
-1.083609311966026e-10
-3.181073358261256e-12
-1.194179248899544e-10
1.251970142809753e-11
-1.227670873589838e-10
2.6863635050439e-11
-1.167512879068286e-10
3.642995894146852e-11
-1.016435132305065e-10
3.814520099091955e-11
-8.122332810157666e-11
3.08170984630913e-11
-6.324646603673256e-11
1.694139184552192e-11
-3.74508360363128e-10
-3.413901702777751e-09
-8.330152250247953e-10
-4.911545506105213e-09
-1.296167454939291e-09
-5.642371792519335e-09
-1.514433176181441e-09
-5.703095167517574e-09
-1.381835101776974e-09
-5.266283329820206e-09
-9.37899984059328e-10
-4.534652724946544e-09
-5.466942344696634e-10
-4.021588806558e-09
-2.590624957328065e-10
-2.693079247641809e-09
-3.192233227096699e-10
-2.046983750454472e-11
-3.678146823487756e-10
-6.80288612652531e-11
-3.295284948272076e-10
-6.002528260973861e-11
-2.098410254009693e-10
1.442128487352644e-11
-6.314068137730719e-11
1.153367199482144e-10
6.409492825962003e-11
2.003282883569686e-10
1.545705129010901e-10
2.494115819379835e-10
2.125753693038836e-10
2.613537662743411e-10
2.500675251165772e-10
2.418421311991044e-10
2.775206972177767e-10
1.964979153417987e-10
3.004772249055009e-10
1.301380111551033e-10
3.195731241777053e-10
4.877540257919267e-11
3.320537132162367e-10
-3.911463240476586e-11
3.335782928804741e-10
-1.235455754423463e-10
3.194108326383728e-10
-1.954177761909199e-10
2.845609190312946e-10
-2.484116186127513e-10
2.239887448534574e-10
-2.792096201780182e-10
1.353521296742696e-10
-2.870518450379275e-10
2.466618629642109e-11
-2.747424570314229e-10
-9.080993053002437e-11
-2.507971779810327e-10
-1.901271696325118e-10
-2.281309096471039e-10
-2.62557487313727e-10
-2.160639077306304e-10
-3.107764224314575e-10
-2.12721024942453e-10
-3.404730626463801e-10
-2.087720525637071e-10
-3.547654890318335e-10
-1.976849848175306e-10
-3.577382762746352e-10
-1.779664232564044e-10
-3.434106491439966e-10
-1.469951414926175e-10
-3.0318597593398e-10
-1.005818759148682e-10
-2.401308035427984e-10
-4.178293479025531e-11
-1.67852614024923e-10
1.792492663701876e-11
-1.004260488701162e-10
6.625066993831026e-11
-4.615259214393246e-11
9.638536437109773e-11
-7.475385041683106e-12
1.077573163828658e-10
1.664469037185952e-11
1.037218140528836e-10
2.871434289454681e-11
8.922705517257006e-11
3.162082055846507e-11
6.945810132271919e-11
2.809649063414335e-11
4.919585605499612e-11
2.04208694413168e-11
3.249403653136861e-11
1.028414244932452e-11
2.250668371067417e-11
1.879490369191015e-11
-1.484669125963017e-12
-8.670647004829183e-12
-3.883133830908725e-12
-1.195061512434287e-11
-8.509082740019898e-12
-1.474014398687572e-11
-1.647747504972364e-11
-1.735807441624534e-11
-2.822024354863168e-11
-1.900943823321098e-11
-4.332074278644061e-11
-1.880949910608226e-11
-6.052078850128337e-11
-1.600784938812909e-11
-7.793080908777431e-11
-1.025630929607574e-11
-9.336409154366083e-11
-1.853489774657994e-12
-1.046592853646081e-10
8.114317510122351e-12
-1.099496787616691e-10
1.781029123474213e-11
-1.080199154324547e-10
2.493406726961563e-11
-9.891820182447511e-11
2.732844031578072e-11
-8.467255472299943e-11
2.389974812454543e-11
-6.945578239365194e-11
1.560052000391985e-11
-5.840966726307448e-11
5.895470084073393e-12
-2.688040348509597e-10
-3.203507141845569e-09
-5.749206852189634e-10
-4.605428662508865e-09
-8.553016781113528e-10
-5.361990605931144e-09
-9.693601448459607e-10
-5.589036506672129e-09
-8.632045786912483e-10
-5.372438700765725e-09
-5.792521327590637e-10
-4.818604974596458e-09
-3.387773991378842e-10
-4.262063342054915e-09
-1.474083597903525e-10
-2.88444808704293e-09
-1.594738893419241e-10
-8.404105360253987e-12
-1.900899585095594e-10
-3.741258690944099e-11
-1.981756526705035e-10
-5.193937984418425e-11
-1.570486188876609e-10
-2.670553700639013e-11
-7.52670284880831e-11
3.35553454986107e-11
2.097358655314816e-11
1.0408789307833e-10
1.099608231187714e-10
1.604245695418359e-10
1.824260213416913e-10
1.888887962407042e-10
2.381360757990401e-10
1.861323093097027e-10
2.797013118253333e-10
1.549329157068021e-10
3.086234035782034e-10
1.012161596740334e-10
3.244290779892165e-10
3.296997160847774e-11
3.256244250594384e-10
-4.03097331467374e-11
3.108294009860957e-10
-1.087503029782715e-10
2.791747800230206e-10
-1.637629053874848e-10
2.302671184046034e-10
-1.995037065681382e-10
1.648329241258143e-10
-2.137751757745034e-10
8.648726273349813e-11
-2.087059346292969e-10
2.951983286686364e-12
-1.912069307348135e-10
-7.610410209402038e-11
-1.717408485845773e-10
-1.44194656687762e-10
-1.60040114993842e-10
-2.005349115461413e-10
-1.597234172812743e-10
-2.464099726023167e-10
-1.668457338983764e-10
-2.81141600466169e-10
-1.740402007399735e-10
-3.034630780111222e-10
-1.753632904590415e-10
-3.138096562498178e-10
-1.676196356939927e-10
-3.11373300108475e-10
-1.494312966721219e-10
-2.925129788219313e-10
-1.194420045614333e-10
-2.558789884642834e-10
-7.8416740866634e-11
-2.061924354316376e-10
-3.176144905046112e-11
-1.520591417294472e-10
1.211754825698052e-11
-1.015422787105742e-10
4.586867014529514e-11
-5.965035288742241e-11
6.586555891329392e-11
-2.828053419976014e-11
7.23521674713765e-11
-7.236035350010191e-12
6.818272938998566e-11
4.791605750759211e-12
5.743062069845554e-11
9.593585702030575e-12
4.439403785636464e-11
9.088878809614918e-12
3.299892281473012e-11
5.1305071877175e-12
2.646519339424557e-11
2.392556478852914e-11
-2.739441545133132e-12
-5.931106901922667e-12
-6.634346763430083e-12
-8.055542386803116e-12
-1.281405746238139e-11
-8.560246799751246e-12
-2.221144277336503e-11
-7.960497754221803e-12
-3.493237053245762e-11
-6.288318122192396e-12
-5.014642550293757e-11
-3.595251691840576e-12
-6.621248640778502e-11
5.840352729914149e-14
-8.104025813464556e-11
4.571654057741241e-12
-9.256612753147272e-11
9.672570588738047e-12
-9.917197421668753e-11
1.472035469052677e-11
-9.997515205166616e-11
1.861365886783001e-11
-9.506655186310532e-11
2.002565645319071e-11
-8.574956666544489e-11
1.801164388378835e-11
-7.457345131943155e-11
1.272382128608709e-11
-6.475664706023041e-11
5.78390386466792e-12
-5.885941764701362e-11
-1.571175523534074e-15
-1.949669923182385e-10
-3.067399379065312e-09
-3.91550291053827e-10
-4.408845175208391e-09
-5.500897977728106e-10
-5.203450910217004e-09
-5.988599311422146e-10
-5.540266183310644e-09
-5.121758635837688e-10
-5.459122577315889e-09
-3.244850102176637e-10
-5.006295635323369e-09
-1.774781905867342e-10
-4.409069967369538e-09
-5.970899564797461e-11
-3.00221708535126e-09
-6.160245342074968e-11
-6.510448598670067e-12
-7.62915133567741e-11
-2.272332501726235e-11
-9.120647967390325e-11
-3.702420859743822e-11
-8.513433415887196e-11
-3.277747408360877e-11
-4.821061889635459e-11
-3.368157896474566e-12
1.332433955547563e-11
4.255315032817542e-11
8.55160137245587e-11
8.823311470268744e-11
1.557623950217113e-10
1.186426381239532e-10
2.162335754295926e-10
1.256613555717904e-10
2.628849150308529e-10
1.082818062602904e-10
2.934857777599959e-10
7.061553006032592e-11
3.066336350023856e-10
1.98223501834893e-11
3.017863378630391e-10
-3.546219815969527e-11
2.794868579474993e-10
-8.645058370028988e-11
2.412980237458384e-10
-1.255738310809887e-10
1.897242885165429e-10
-1.479297312312097e-10
1.285029441261692e-10
-1.52553592069672e-10
6.279885205981691e-11
-1.430016049307737e-10
-1.740624529020139e-12
-1.266672189261074e-10
-6.103019191430125e-11
-1.124510493371424e-10
-1.138896641901174e-10
-1.071804148202213e-10
-1.609174863783821e-10
-1.126953721041681e-10
-2.020207935620243e-10
-1.257422091463481e-10
-2.356600299219447e-10
-1.404007531791598e-10
-2.602277595130412e-10
-1.507953565058819e-10
-2.750730813302905e-10
-1.527741172266531e-10
-2.800609532719231e-10
-1.444432360921998e-10
-2.740071593937479e-10
-1.254956182522906e-10
-2.553704063687012e-10
-9.705332162560956e-11
-2.247317478373157e-10
-6.239994226235247e-11
-1.857698808970779e-10
-2.68441585738333e-11
-1.438722994706972e-10
3.971245998456632e-12
-1.040771075883265e-10
2.607052432080619e-11
-6.985627695539381e-11
3.813149639717629e-11
-4.292985218615774e-11
4.125646794292598e-11
-2.360226065553123e-11
3.810319002880703e-11
-1.117867836998768e-11
3.197058261328725e-11
-4.298869695120828e-12
2.611924541098816e-11
-1.186158139737059e-12
2.335278498723477e-11
2.273944594974787e-11
-3.963363943291556e-12
-1.967502752516667e-12
-9.143850161430002e-12
-2.874851380731023e-12
-1.646560536187747e-11
-1.238302735959706e-12
-2.678015151606752e-11
2.354233433151426e-12
-4.005697462643782e-11
6.988689067690315e-12
-5.523188979643495e-11
1.157984699419151e-11
-7.035287487596887e-11
1.517957183377148e-11
-8.307765631232184e-11
1.729661821100073e-11
-9.13814965223953e-11
1.797659319623654e-11
-9.418084791292777e-11
1.751988793444304e-11
-9.161661736103533e-11
1.604960987661767e-11
-8.495414144758296e-11
1.336336162603015e-11
-7.624221404566966e-11
9.299897411882975e-12
-6.783661827357649e-11
4.318406158197661e-12
-6.173731306741515e-11
-3.15220607034091e-13
-5.876886375333506e-11
-2.96983973546972e-12
-1.459171709418086e-10
-2.980250890679323e-09
-2.716932391106088e-10
-4.283068925412016e-09
-3.554759541110205e-10
-5.119668012694366e-09
-3.650893915464604e-10
-5.530652562419512e-09
-2.901238418520971e-10
-5.53408794214477e-09
-1.580362166968536e-10
-5.1383830741238e-09
-6.593881435856745e-11
-4.501167181405434e-09
8.936682571751538e-12
-3.077092391935818e-09
6.882465733368613e-12
-4.456038966293318e-12
-1.300110431988312e-12
-1.454055353151445e-11
-1.349766388159416e-11
-2.482645699571657e-11
-1.89609662013915e-11
-2.731397075136009e-11
-6.500126337216422e-12
-1.582879371387564e-11
2.746024400537196e-11
8.592987003743941e-12
7.792406151712242e-11
3.776950719696703e-11
1.354331279413058e-10
6.113378450894297e-11
1.903726175507295e-10
7.072208141665154e-11
2.351405646127322e-10
6.35140769740144e-11
2.646134303486233e-10
4.114288408497907e-11
2.760670768301038e-10
8.368924980283025e-12
2.690808153955285e-10
-2.847571443319095e-11
2.452909844690189e-10
-6.266053005912372e-11
2.078255293966952e-10
-8.810815351320858e-11
1.60615629456592e-10
-1.007196096802212e-10
1.078836390190866e-10
-9.982138162877127e-11
5.362948242050636e-11
-8.874723060340261e-11
7.002099130621931e-13
-7.373773169560178e-11
-4.92955953424827e-11
-6.245503296476234e-11
-9.526862364719664e-11
-6.120717969325154e-11
-1.362434610620846e-10
-7.172033268751008e-11
-1.714759536723629e-10
-9.050952002219518e-11
-2.005605144641622e-10
-1.113160018696018e-10
-2.233464653448763e-10
-1.280092217764495e-10
-2.398033198385607e-10
-1.363170860222806e-10
-2.498712872148732e-10
-1.343750996641045e-10
-2.527471685463583e-10
-1.226195755933254e-10
-2.467593991575123e-10
-1.0304093705656e-10
-2.306719022418061e-10
-7.848729163668999e-11
-2.051514513297676e-10
-5.236446631164929e-11
-1.729842916791322e-10
-2.819577260066933e-11
-1.380954320706637e-10
-8.818193931819515e-12
-1.042932746508211e-10
4.329485295414999e-12
-7.442077769603916e-11
1.138412079567761e-11
-5.003292430597125e-11
1.371547171264242e-11
-3.142833572017037e-11
1.336613906193758e-11
-1.785051731718057e-11
1.254162227704482e-11
-7.75212745739105e-12
1.325445416236861e-11
1.498748379225513e-11
-5.153350540909544e-12
3.185915552157087e-12
-1.142456664959596e-11
3.396509132790642e-12
-1.950721073065044e-11
6.844507254812726e-12
-3.025173325992306e-11
1.309892724206845e-11
-4.367125757832468e-11
2.040838576801474e-11
-5.868940973782365e-11
2.659817176859891e-11
-7.321370892651574e-11
2.970404336153521e-11
-8.466753227638097e-11
2.875061373525726e-11
-9.087663971962081e-11
2.41858724076321e-11
-9.095928151159607e-11
1.760270131486795e-11
-8.57498949335139e-11
1.084039452503565e-11
-7.745231738416159e-11
5.065955228398125e-12
-6.869599519521481e-11
5.437461701481663e-13
-6.158843152867023e-11
-2.788986431336168e-12
-5.721357517984424e-11
-4.689905818666561e-12
-5.547453009610811e-11
-4.708713263002718e-12
-1.153006538145093e-10
-2.920424594997239e-09
-2.02274282255923e-10
-4.196095124228816e-09
-2.464154847128646e-10
-5.075526636672754e-09
-2.34965073981668e-10
-5.542102798415977e-09
-1.652279200223621e-10
-5.603824920107057e-09
-6.082107521833795e-11
-5.24278974138185e-09
5.096331408758662e-12
-4.567084408817104e-09
6.019205561630925e-11
-3.132187935065217e-09
5.770943468589912e-11
-1.973234972961825e-12
5.142659164852547e-11
-8.257525390263572e-12
4.150686710128214e-11
-1.490654520441589e-11
3.281068992507769e-11
-1.861760428917937e-11
3.316053431555801e-11
-1.617844673215161e-11
4.846580748274638e-11
-6.712092963931108e-12
7.924012695476455e-11
6.995382716064263e-12
1.206571517139767e-10
1.971695612564246e-11
1.649236475222266e-10
2.645578323564244e-11
2.038950881755997e-10
2.454283467401589e-11
2.308900629819721e-10
1.414810811434755e-11
2.417219901432965e-10
-2.462803461891146e-12
2.352226378048456e-10
-2.197616384566009e-11
2.132254282549122e-10
-4.066312334900261e-11
1.797438108044826e-10
-5.462634043410472e-11
1.393579419291851e-10
-6.033354728664807e-11
9.552102136333312e-11
-5.598427014176495e-11
5.000545013495753e-11
-4.323147153588518e-11
3.387733345926497e-12
-2.711983062653645e-11
-4.276148439189141e-11
-1.630563486775286e-11
-8.50451663414904e-11
-1.892332174934728e-11
-1.205026121639649e-10
-3.626271551802458e-11
-1.487578721220004e-10
-6.225409382017741e-11
-1.715084714749494e-10
-8.85652416716577e-11
-1.907191974481326e-10
-1.087983408668033e-10
-2.074878859869597e-10
-1.195482487520065e-10
-2.217504280520778e-10
-1.201124154916991e-10
-2.318971180645959e-10
-1.124727499776407e-10
-2.353123008256598e-10
-9.962562499114001e-11
-2.29703069346761e-10
-8.409639878631701e-11
-2.143211587221854e-10
-6.774625565986179e-11
-1.904335160562618e-10
-5.208329469390728e-11
-1.609176042588407e-10
-3.833398292962016e-11
-1.293141865358475e-10
-2.727380445577817e-11
-9.883758613745765e-11
-1.909234617593835e-11
-7.169730980338835e-11
-1.342466567839909e-11
-4.88271454364291e-11
-9.503919760017644e-12
-2.993904614156486e-11
-6.346398174956439e-12
-1.37640369800259e-11
-2.920223861557419e-12
1.223451455706341e-12
-6.572910200415751e-12
9.759058582505795e-12
-1.407072346314604e-11
1.089450826296061e-11
-2.285183277365391e-11
1.562578311366964e-11
-3.370627680693234e-11
2.39535331173351e-11
-4.671304183922708e-11
3.341531151289046e-11
-6.099113262709603e-11
4.087642274945627e-11
-7.471716728543185e-11
4.343023806557295e-11
-8.546053718403971e-11
3.949414337415029e-11
-9.086100739517119e-11
2.958650228067069e-11
-8.962467210452865e-11
1.636652543342324e-11
-8.243767146103292e-11
3.653553300482777e-12
-7.199691628476857e-11
-5.374640649517048e-12
-6.174373220291975e-11
-9.709278436224212e-12
-5.411288083176287e-11
-1.041967822511584e-11
-4.975933808347455e-11
-9.043288578615617e-12
-4.806342626007656e-11
-6.404464701981622e-12
-9.878350984091073e-11
-2.869704350345153e-09
-1.73464772550689e-10
-4.121413699721509e-09
-2.050617894136298e-10
-5.043929457041047e-09
-1.854140490482878e-10
-5.561750374956136e-09
-1.145900844122886e-10
-5.674648719707901e-09
-1.571129775292318e-11
-5.341668361678278e-09
4.668195719426817e-11
-4.629477496049114e-09
9.852759330155729e-11
-3.184033401978473e-09
9.607667587102379e-11
4.778529953100953e-13
8.986992325879618e-11
-2.050600782016958e-12
8.001230465027822e-11
-5.048753460640904e-12
6.923366812984575e-11
-7.838793406661082e-12
6.274577771489684e-11
-9.69038122081584e-12
6.600192788340497e-11
-9.968067262068571e-12
8.179833486285262e-11
-8.800848252298549e-12
1.087736110104805e-10
-7.258143890437444e-12
1.419247209410579e-10
-6.695151162160732e-12
1.743360092320867e-10
-7.868278771347778e-12
1.990684487790435e-10
-1.058415800442191e-11
2.107139609087752e-10
-1.410814374137271e-11
2.066159636809757e-10
-1.787799700462362e-11
1.87648655642301e-10
-2.169564815909248e-11
1.579239443095221e-10
-2.490146492476027e-11
1.227644221059691e-10
-2.51738641487283e-11
8.527982873304282e-11
-1.849951939164006e-11
4.433706869705969e-11
-2.288557960373196e-12
6.590341215923178e-14
1.715148425771416e-11
-4.310980526864772e-11
2.687021919562194e-11
-7.968748917647227e-11
1.765450338093203e-11
-1.073808975335442e-10
-8.569170408209834e-12
-1.276720133253114e-10
-4.196284565567741e-11
-1.441631924948706e-10
-7.207393491989375e-11
-1.604201093063375e-10
-9.254130124183485e-11
-1.785310364437751e-10
-1.01437204059278e-10
-1.977095140242835e-10
-1.009338254955637e-10
-2.143938601295439e-10
-9.578829683987043e-11
-2.245971624336109e-10
-8.942222026999449e-11
-2.255836095384251e-10
-8.310985279224689e-11
-2.164201708529627e-10
-7.690959668774836e-11
-1.980256372971125e-10
-7.047772987902811e-11
-1.728269787269263e-10
-6.353253897609498e-11
-1.440096494209286e-10
-5.609102250978256e-11
-1.146231708922525e-10
-4.847870511787049e-11
-8.688667267754782e-11
-4.116105711765241e-11
-6.186235308785753e-11
-3.452811456145806e-11
-3.946257371271339e-11
-2.874597404475227e-11
-1.866228692935691e-11
-2.372052555733089e-11
-1.743866499496996e-11
-8.678378523765462e-12
1.84374732197388e-11
-1.815554641516088e-11
2.037179238405976e-11
-2.823167441508542e-11
2.570205018126077e-11
-3.928862058548392e-11
3.501062377708218e-11
-5.110785708339291e-11
4.523469362800741e-11
-6.306334478446527e-11
5.28320563629923e-11
-7.435282918004789e-11
5.471986825610633e-11
-8.37854184697831e-11
4.892687848522716e-11
-8.940004551600319e-11
3.520127499688253e-11
-8.889946744469448e-11
1.586609311588842e-11
-8.129435944478781e-11
-3.951408990925055e-12
-6.85265047653616e-11
-1.814234940228878e-11
-5.502654217920857e-11
-2.320909495744168e-11
-4.486389621664588e-11
-2.058217771861916e-11
-3.918330703141805e-11
-1.472373091533195e-11
-3.672500548677698e-11
-8.862618788532183e-12
-9.449629388648417e-11
-2.811932913852466e-09
-1.804805232115853e-10
-4.035429321503742e-09
-2.229798067430134e-10
-5.001430023750602e-09
-2.050377210091709e-10
-5.579692310012213e-09
-1.259165322653963e-10
-5.753769756757564e-09
-1.204176983833566e-11
-5.455542971497767e-09
6.597191194305218e-11
-4.707491024200673e-09
1.279919318467e-10
-3.246053267515593e-09
1.250262797032141e-10
3.443660344083983e-12
1.173917591695009e-10
5.584075301120783e-12
1.053497979965948e-10
6.993363695138911e-12
9.136665829020017e-11
6.144502027184895e-12
7.971864138691259e-11
1.957791218562919e-12
7.516110029022368e-11
-5.410371662069803e-12
8.09906028002375e-11
-1.463019725624361e-11
9.756543673320409e-11
-2.383282623652498e-11
1.220492248135888e-10
-3.117878956659135e-11
1.492657404205501e-10
-3.508464751580258e-11
1.730081647436518e-10
-3.432643829488348e-11
1.872975769931004e-10
-2.839741555731148e-11
1.876359268557631e-10
-1.821621006787538e-11
1.725077514345433e-10
-6.567340106510308e-12
1.445246574318245e-10
3.081757497456808e-12
1.095021387731415e-10
9.848778483532746e-12
7.240113455642819e-11
1.860160430793203e-11
2.820704313143893e-11
4.190564853472748e-11
-1.722408646770789e-11
6.258272446655512e-11
-5.153168279496881e-11
6.117792200585098e-11
-7.30976056695091e-11
3.922052852343161e-11
-8.856467087705213e-11
6.897993303550283e-12
-1.018667633862481e-10
-2.866065861407732e-11
-1.151833111997949e-10
-5.875729614105549e-11
-1.31836209496614e-10
-7.588831592579447e-11
-1.550547896555337e-10
-7.821854049174716e-11
-1.809525352291928e-10
-7.503600052783858e-11
-2.03038166911854e-10
-7.370258919484578e-11
-2.168097164306832e-10
-7.565059792132989e-11
-2.202063151368395e-10
-7.971318246877433e-11
-2.131030679176698e-10
-8.401277216671538e-11
-1.970014675155938e-10
-8.657925488316075e-11
-1.745073795565919e-10
-8.602654422961958e-11
-1.485266190450563e-10
-8.207169065053225e-11
-1.215272025105825e-10
-7.547801946595121e-11
-9.512661064036999e-11
-6.756153263246644e-11
-6.999798300270126e-11
-5.965665697576212e-11
-4.596625622359964e-11
-5.277767012118161e-11
-2.219053820031765e-11
-4.7495897898247e-11
-3.962923304255752e-11
-1.204357699782082e-11
3.048126507884172e-11
-2.510823578647215e-11
3.343661035393097e-11
-3.80648401051673e-11
3.865879195622315e-11
-5.007551974787516e-11
4.702143551950188e-11
-5.969461404520016e-11
5.485391874856834e-11
-6.641108252859852e-11
5.954865520878522e-11
-7.151306732179413e-11
5.982198340507892e-11
-7.68802654911695e-11
5.42942069209927e-11
-8.255798133851003e-11
4.087912126930666e-11
-8.547779564149624e-11
1.878603788337554e-11
-8.117630942008722e-11
-8.252764464652802e-12
-6.797652966583186e-11
-3.134199821116106e-11
-4.995947110526942e-11
-4.122602214162678e-11
-3.456768485279701e-11
-3.597383220339929e-11
-2.607130714181502e-11
-2.321997628011343e-11
-2.269538154893497e-11
-1.223841144958155e-11
-1.034673882784654e-10
-2.731160773503995e-09
-2.240608467907323e-10
-3.914835728642779e-09
-3.012214410721905e-10
-4.924269294411475e-09
-2.936280094301039e-10
-5.587285605822431e-09
-1.968662161295281e-10
-5.850531413640993e-09
-4.557523454695629e-11
-5.60683381600091e-09
6.595771251650757e-11
-4.819023833909719e-09
1.50672734988195e-10
-3.330768152289736e-09
1.458659124255229e-10
8.250620349093967e-12
1.348037251115469e-10
1.664639985647329e-11
1.184482843652529e-10
2.334894067619736e-11
1.001047944609202e-10
2.448812720059047e-11
8.427027591519164e-11
1.779244310482285e-11
7.525397299395151e-11
3.606062698293532e-12
7.58995150687802e-11
-1.527561083334131e-11
8.676710612442334e-11
-3.470029171307589e-11
1.060276249490295e-10
-5.043918673636799e-11
1.299926782131607e-10
-5.904958301598748e-11
1.538683880004088e-10
-5.820203505117367e-11
1.722715691698788e-10
-4.680048837016943e-11
1.795211294241116e-10
-2.546566720019159e-11
1.706590447760219e-10
2.294842524280659e-12
1.440499679762623e-10
2.969092693787946e-11
1.026377846472901e-10
5.126104924237578e-11
5.104991904536223e-11
7.018955229793876e-11
-1.092047901534929e-11
1.038761240937246e-10
-5.739609828545169e-11
1.090584168367525e-10
-6.596621773526442e-11
6.974811028835475e-11
-5.5461353624211e-11
2.871572966440237e-11
-5.3728237449374e-11
5.164938830610212e-12
-6.51647163558632e-11
-1.722412085381295e-11
-8.284492474113219e-11
-4.107703190642604e-11
-1.073781474342846e-10
-5.135503980022931e-11
-1.421182561747198e-10
-4.347838106105296e-11
-1.752669531305401e-10
-4.188725505485823e-11
-1.995171517745879e-10
-4.945234430320422e-11
-2.124534333122369e-10
-6.271427104935707e-11
-2.136977924555329e-10
-7.846877812871436e-11
-2.045811240225555e-10
-9.312939243380239e-11
-1.878903829499989e-10
-1.032699419021836e-10
-1.668091686252531e-10
-1.071076954769658e-10
-1.438568793662507e-10
-1.050239027199826e-10
-1.204542875549412e-10
-9.88805202817032e-11
-9.707400806290579e-11
-9.094173242095226e-11
-7.360040099874155e-11
-8.313016019359396e-11
-4.958816474190334e-11
-7.678970366625598e-11
-2.436978738295293e-11
-7.271436278287446e-11
-6.399884832978279e-11
-1.742461925251336e-11
4.790588921106345e-11
-3.679099133835238e-11
5.280306647342412e-11
-5.533711701976703e-11
5.720502430976174e-11
-6.952021868418543e-11
6.120464899201755e-11
-7.545971436898293e-11
6.079352725945423e-11
-7.290225968018909e-11
5.699131370051463e-11
-6.633830214043197e-11
5.325813908619896e-11
-6.230143751255415e-11
5.025745575263833e-11
-6.507787558304766e-11
4.365567292138869e-11
-7.31142977574661e-11
2.682257399382072e-11
-7.844740265582116e-11
-2.919545362641322e-12
-7.164436416512131e-11
-3.814492201962581e-11
-5.088653822563036e-11
-6.198373297395739e-11
-2.636174230710817e-11
-6.049851243250598e-11
-1.129790817921083e-11
-3.828369415256428e-11
-7.568913226001349e-12
-1.596728951984011e-11
-1.295125292325479e-10
-2.609217039974136e-09
-3.092609714870382e-10
-3.735087168292682e-09
-4.48422789436082e-10
-4.785107357766957e-09
-4.596449267913231e-10
-5.576063349409306e-09
-3.32281000302711e-10
-5.977895220675515e-09
-1.160227655999537e-10
-5.823091931289693e-09
4.688672286688542e-11
-4.981933202979882e-09
1.664808756056975e-10
-3.450362186290648e-09
1.577536644813208e-10
1.697794955447403e-11
1.407789624003275e-10
3.362121851922529e-11
1.184922911740271e-10
4.563572697369861e-11
9.592198787462951e-11
4.70585430665949e-11
7.809448569670167e-11
3.562005532237903e-11
6.855429976590195e-11
1.314635507616963e-11
6.880501517312241e-11
-1.552622340323617e-11
7.843305610010034e-11
-4.432823444035717e-11
9.558157550134577e-11
-6.758761256231005e-11
1.175465194298084e-10
-8.101443885695741e-11
1.412797698527236e-10
-8.193520280366742e-11
1.634280548169204e-10
-6.894869666350274e-11
1.794029452784611e-10
-4.144048684186591e-11
1.818248778410556e-10
-1.270252921647019e-13
1.619628175617374e-10
4.955304611701552e-11
1.153478138873522e-10
9.787610612742318e-11
4.716960124163597e-12
1.808204538713735e-10
-9.195326997537294e-11
2.005463971079015e-10
-1.185514376033709e-10
1.356566227925783e-10
-7.60818784404691e-11
2.727858562173234e-11
-1.971547115691734e-11
-2.765064669438305e-11
5.610217701204892e-12
-2.016072182503703e-11
-1.040784031497348e-11
-1.206037241629559e-12
-4.566050315457505e-11
-5.824345298803467e-12
-9.672507832709953e-11
-2.904427806049574e-13
-1.475249346036929e-10
7.32149581563335e-12
-1.825481170205313e-10
-6.864053457205262e-12
-2.031289428409577e-10
-2.887149971750064e-11
-2.101165061986233e-10
-5.572668894212958e-11
-2.045617579983064e-10
-8.402350541798645e-11
-1.899559665339876e-10
-1.077351582063186e-10
-1.709105917791415e-10
-1.22315282824144e-10
-1.510027558702916e-10
-1.270154851722913e-10
-1.318163836371823e-10
-1.242102144540407e-10
-1.132159581488107e-10
-1.174808734933097e-10
-9.418276924128752e-11
-1.099748291260229e-10
-7.36337356056429e-11
-1.036791337444037e-10
-5.084074521978283e-11
-9.958271398630254e-11
-2.538818222509187e-11
-9.816657740142115e-11
-8.938710126226742e-11
-2.621365318147465e-11
7.41197287341382e-11
-5.615636159853983e-11
8.27459003848622e-11
-8.360275855468809e-11
8.465152390062484e-11
-1.001084661862341e-10
7.771045350777186e-11
-9.956310909395848e-11
6.024826569636262e-11
-8.379133641320336e-11
4.121963617401694e-11
-6.078693267871308e-11
3.025383067246752e-11
-4.070832336861955e-11
3.017894192503191e-11
-3.309294664359948e-11
3.604039210869978e-11
-4.277816855001525e-11
3.650789216867651e-11
-6.371982780621406e-11
1.802221072698074e-11
-7.747663069517138e-11
-2.438802179645268e-11
-6.533812954587632e-11
-7.412213614565073e-11
-2.944406859999472e-11
-9.639247479955444e-11
3.049527328558876e-12
-7.077719086182597e-11
1.039228556934086e-11
-2.3309947919412e-11
-1.75184371960713e-10
-2.423640282080423e-09
-4.393334036857013e-10
-3.470938035691538e-09
-6.749244914476161e-10
-4.549516168882632e-09
-7.14016727504281e-10
-5.536971011997046e-09
-5.381959575150576e-10
-6.153715889534301e-09
-2.224700443292659e-10
-6.138817743594036e-09
8.134184273851571e-12
-5.212537331605186e-09
1.726432798500289e-10
-3.614871182842142e-09
1.569874793388236e-10
3.263384730306292e-11
1.317012256923992e-10
5.890756754714296e-11
1.035219500389357e-10
7.381509517688598e-11
7.951422650826869e-11
7.106635623900989e-11
6.436513814035376e-11
5.076922938988161e-11
5.960790526796189e-11
1.790366963629377e-11
6.433447594558004e-11
-2.025271739441553e-11
7.640177608359214e-11
-5.639546292592536e-11
9.342933480693211e-11
-8.461510549414009e-11
1.134073503050699e-10
-1.009923943863526e-10
1.350123052889348e-10
-1.035401041995639e-10
1.576797774398922e-10
-9.161612147207401e-11
1.809738613608352e-10
-6.473452988299278e-11
2.011204163874686e-10
-2.027354566227093e-11
2.021285015196585e-10
4.854498956077828e-11
1.658051581087378e-10
1.341994723633395e-10
-1.089158057321701e-10
4.555414352635308e-10
-2.304254252149487e-10
3.220560292550949e-10
-1.57687180205983e-10
6.291838630551175e-11
-6.255556748337414e-11
-6.785302232755032e-11
1.786474617738528e-11
-1.080709584383066e-10
8.673561527723337e-11
-8.903159154451791e-11
7.687079659993407e-11
8.658779164228437e-12
3.982545974404581e-13
7.064819294241985e-11
-1.248849310595674e-10
1.249927383805136e-10
-1.746591660748561e-10
5.709572559759202e-11
-1.997779831198498e-10
1.82547583801617e-11
-2.110633234043588e-10
-1.758616438124214e-11
-2.065929877684893e-10
-6.019702791526711e-11
-1.897637252064104e-10
-1.008527677897952e-10
-1.678586394542643e-10
-1.296402372323651e-10
-1.468775173116902e-10
-1.432963886568931e-10
-1.293932865169911e-10
-1.444996869876011e-10
-1.151038737056527e-10
-1.384995826427569e-10
-1.02140483713923e-10
-1.304442043775212e-10
-8.815436548507966e-11
-1.239609018221523e-10
-7.118719939586158e-11
-1.206462271219185e-10
-5.028749028210046e-11
-1.204822413615364e-10
-2.544056356512092e-11
-1.230136770985443e-10
-1.14827483437881e-10
-4.173901882128508e-11
1.158587236317197e-10
-8.891041128364206e-11
1.29917342093126e-10
-1.26710022458047e-10
1.224512052521668e-10
-1.406657995599238e-10
9.16663052277744e-11
-1.283965367127718e-10
4.797907832378912e-11
-9.827259748570586e-11
1.109577284330149e-11
-5.905466150679199e-11
-8.964029159307289e-12
-1.859652419896e-11
-1.0279118725358e-11
1.085033110861534e-11
6.593613909731026e-12
1.30823924874024e-11
3.427590857530815e-11
-2.000655326812085e-11
5.111123487731801e-11
-7.143277918839757e-11
2.703828327326787e-11
-9.782643788996408e-11
-4.772839760467926e-11
-6.438910207841033e-11
-1.298297300476925e-10
5.188676695810626e-12
-1.403548884029911e-10
4.158569933370326e-11
-5.9706888762461e-11
-2.270779089518915e-10
-2.154976591489415e-09
-6.000437400850623e-10
-3.097972122014154e-09
-9.799461314258381e-10
-4.16961369482178e-09
-1.056531585440282e-09
-5.460385475537157e-09
-8.088628867608079e-10
-6.401384506119623e-09
-3.545717911125103e-10
-6.593108758128374e-09
-4.88871417354562e-11
-5.518221900951601e-09
1.621152241105409e-10
-3.825873470522093e-09
1.36089896806288e-10
5.865925077892429e-11
1.018993767035988e-10
9.30981609320275e-11
7.160616487524018e-11
1.041083772601679e-10
5.306913960679928e-11
8.960344780360143e-11
4.82829931054288e-11
5.555543809475171e-11
5.483381276689529e-11
1.135290721297282e-11
6.847918399870712e-11
-3.389803645308139e-11
8.523975197644047e-11
-7.315598450878457e-11
1.024705756367261e-10
-1.018458885671655e-10
1.191516170678459e-10
-1.176734015065427e-10
1.358154153773631e-10
-1.202038744061476e-10
1.544334951169396e-10
-1.102341794881859e-10
1.789638563554126e-10
-8.926487559920453e-11
2.19139217607148e-10
-6.044889745957799e-11
3.011676348652486e-10
-3.348342402947067e-11
4.649668849329578e-10
-2.959977941219288e-11
2.046236865276544e-10
7.158846269517149e-10
-2.654065658672926e-10
7.920862705660616e-10
-4.131886248445427e-10
2.107004302569141e-10
-5.954219903780841e-10
1.143803250343222e-10
-6.533377633817511e-10
-5.015520631785818e-11
-5.313283738097613e-10
-2.110410038781344e-10
-4.888459444143953e-10
-3.38236744942748e-11
-3.148666323385437e-10
-1.033311441692604e-10
-2.164212182611952e-10
2.654729874916472e-11
-2.099303472570592e-10
5.060482908914274e-11
-2.242150172915555e-10
3.253940325402057e-11
-2.200994996291691e-10
-2.170170614190721e-11
-1.960542127319926e-10
-8.424233664223173e-11
-1.649958936978272e-10
-1.319111041226671e-10
-1.378255917774169e-10
-1.568105498614152e-10
-1.184879843967497e-10
-1.626339966170905e-10
-1.059036960217329e-10
-1.570839633905123e-10
-9.720336625334906e-11
-1.47199888154231e-10
-8.952055807598982e-11
-1.381269783423747e-10
-8.02274596454039e-11
-1.332539445159056e-10
-6.691498842908623e-11
-1.339586863648514e-10
-4.822511362193323e-11
-1.391721978371133e-10
-2.456656091297685e-11
-1.466718655156865e-10
-1.39394163099313e-10
-7.236673445365988e-11
1.882256060720855e-10
-1.45922494031835e-10
2.034731878796997e-10
-1.86128295837034e-10
1.626570707786124e-10
-1.820519815073108e-10
8.759004888888398e-11
-1.52162470072859e-10
1.808962359987498e-11
-1.133643536304025e-10
-2.770228708325268e-11
-6.595455339080789e-11
-5.637377245308137e-11
-7.165241377658432e-12
-6.906837330411219e-11
5.331364640877812e-11
-5.388521566124445e-11
8.960580901438722e-11
-2.016195088468689e-12
6.938897135526747e-11
7.13281323793401e-11
-1.864709352562492e-11
1.150744088160177e-10
-1.278744303141721e-10
6.149900071592496e-11
-1.572036394758946e-10
-1.005004585751762e-10
-5.100229790110275e-11
-2.465561669844007e-10
8.805925880702732e-11
-1.987683818898001e-10
-2.361008145081005e-10
-1.830816454265954e-09
-7.431667463631278e-10
-2.590906126033875e-09
-1.333011216394537e-09
-3.579769160879326e-09
-1.448325153352116e-09
-5.345071475011499e-09
-1.098232455950983e-09
-6.751477140889014e-09
-4.738266409845618e-10
-7.217514511550536e-09
-1.143531663669368e-10
-5.877695315837974e-09
1.211729870894548e-10
-4.061399566237469e-09
8.360139281507821e-11
9.623089999426936e-11
4.539557835526098e-11
1.313040273448558e-10
2.319720128217422e-11
1.263068024717711e-10
2.191458049488697e-11
9.088611273750846e-11
3.745128565326418e-11
4.001877233666005e-11
6.181635888154843e-11
-1.301213150610556e-11
8.73623778943417e-11
-5.944402644350833e-11
1.089968206144296e-10
-9.47904037723617e-11
1.247271976347765e-10
-1.175762480674434e-10
1.353527158579052e-10
-1.282989081356763e-10
1.440019475975872e-10
-1.288531005893866e-10
1.560424546231217e-10
-1.222746868840171e-10
1.79815688407123e-10
-1.130381155363942e-10
2.280281093610255e-10
-1.086613301435682e-10
3.159339400254945e-10
-1.213892716320222e-10
4.454790710834654e-10
-1.591449323226859e-10
4.727591121415057e-10
6.886045596813476e-10
5.421855638842526e-11
1.210626796117433e-09
-5.736212445220916e-10
8.385401976716317e-10
-9.151815979253937e-10
4.559406420816291e-10
-9.667315744991929e-10
1.394731800453759e-12
-8.014181511827878e-10
-3.763544672918209e-10
-5.60607132183075e-10
-2.746347345294426e-10
-2.979310011103662e-10
-3.66007316794444e-10
-2.727428543811341e-10
1.359110458623478e-12
-2.792812941306679e-10
5.714322764931378e-11
-2.654604910614158e-10
1.871855972518838e-11
-2.213872579157439e-10
-6.57749782749129e-11
-1.685433452758009e-10
-1.370862855700419e-10
-1.270399184634575e-10
-1.734145631766756e-10
-1.02658873681332e-10
-1.811916200632643e-10
-9.11741017119461e-11
-1.741187858724186e-10
-8.589711362935258e-11
-1.623609591658512e-10
-8.195872589870072e-11
-1.51138272577534e-10
-7.713860222766147e-11
-1.429470867719018e-10
-7.050841861528558e-11
-1.398841377736924e-10
-6.039702199197383e-11
-1.440700562839087e-10
-4.44390267909031e-11
-1.551300372078639e-10
-2.260004405769807e-11
-1.685111215396912e-10
-1.619939567561069e-10
-1.381078004604519e-10
3.263333577425275e-10
-2.423985202184501e-10
3.077639215083048e-10
-2.51194357105991e-10
1.714529394300078e-10
-2.043492114362561e-10
4.074493856976097e-11
-1.60658844799117e-10
-2.560070696531551e-11
-1.269866572468106e-10
-6.137443796963235e-11
-8.190441735063742e-11
-1.014559751387626e-10
-1.367100158596034e-11
-1.373017509789931e-10
7.274614758730833e-11
-1.4030232589895e-10
1.568201218423364e-10
-8.60901293351354e-11
1.947528033213957e-10
3.339549189347668e-11
1.242899390568829e-10
1.855373151483367e-10
-7.654426158172627e-11
2.623332443752988e-10
-2.882914197357637e-10
1.112467434867867e-10
-2.682177118398745e-10
-2.666298302255186e-10
3.899551247272246e-11
-5.059815610282677e-10
-1.642174981311293e-10
-1.627603398130001e-09
-8.253228208006578e-10
-1.929800757869712e-09
-1.657145372899452e-09
-2.747946563504832e-09
-1.753945654663014e-09
-5.248271148733545e-09
-1.256331842182375e-09
-7.249090909817215e-09
-4.717910111398441e-10
-8.002055300658592e-09
-1.530960832876681e-10
-6.196390203596006e-09
2.876293101860141e-11
-4.243258543008013e-09
-1.29968495782178e-11
1.379907153359869e-10
-3.958152035062545e-11
1.578887293598392e-10
-3.540226579599483e-11
1.221275754410104e-10
-4.246734756910534e-12
5.97306048771532e-11
4.124389019896869e-11
-5.471833969770523e-12
8.779068325014513e-11
-5.955891090485375e-11
1.256552305487891e-10
-9.730856521181414e-11
1.499455415281201e-10
-1.190807116008981e-10
1.604779730567865e-10
-1.281086818728099e-10
1.609103128042547e-10
-1.287312556157447e-10
1.576061384398348e-10
-1.255489393771678e-10
1.587041579985991e-10
-1.233727248278006e-10
1.729519427587084e-10
-1.272859237999005e-10
2.05359904997471e-10
-1.41069320637667e-10
2.448685579055009e-10
-1.608979573585194e-10
2.485889645634915e-10
-1.628653758585195e-10
-2.444326952621272e-11
9.616367530972293e-10
-3.354871821987589e-10
1.521670664926836e-09
-9.743982783518007e-10
1.477451247122225e-09
-1.378760436657151e-09
8.603027515049247e-10
-1.376885231318366e-09
-4.80524170402754e-13
-9.644686814327339e-10
-7.887710689384386e-10
-4.612564921475454e-10
-7.778469762226301e-10
-2.609426199998824e-10
-5.663212415671828e-10
-3.655248976052291e-10
1.059413356734044e-10
-3.759010062169863e-10
6.751928424375634e-11
-2.949918345319345e-10
-6.219066314925714e-11
-1.913059925759512e-10
-1.694608702557439e-10
-1.158772655338371e-10
-2.125150607487909e-10
-7.9438791362137e-11
-2.098530822422171e-10
-7.001839412141768e-11
-1.906120583903593e-10
-7.201016319531137e-11
-1.721270518904725e-10
-7.459752064402819e-11
-1.597736324742025e-10
-7.284530438129112e-11
-1.528905117600851e-10
-6.642996311463194e-11
-1.49362449219286e-10
-5.792014919461703e-11
-1.483939484687445e-10
-4.930284003659267e-11
-1.526874179099325e-10
-3.780405297670276e-11
-1.666289635949495e-10
-1.950983090629293e-11
-1.868048263770143e-10
-1.815039201748572e-10
-2.797113290733178e-10
6.06044789344759e-10
-3.780206212808641e-10
4.060732580388868e-10
-2.818099389112761e-10
7.524228093519599e-11
-1.891857925268133e-10
-5.18791891468806e-11
-1.60283966106208e-10
-5.450251570632736e-11
-1.401251295082991e-10
-8.153325677896311e-11
-9.487197954465034e-11
-1.467091065308221e-10
-2.919710852624912e-11
-2.029766025441166e-10
5.4025459331371e-11
-2.235248731210298e-10
1.637200641162565e-10
-1.957847123545593e-10
2.884089893481946e-10
-9.129341031166314e-11
3.463009512888998e-10
1.276453773768276e-10
1.805314885007027e-10
4.281027324418179e-10
-2.797763841254918e-10
5.715546423413833e-10
-7.116828381316517e-10
1.652766507617794e-10
-5.315898975794222e-10
-6.860744740399408e-10
-2.688242238988308e-10
-1.890369044061882e-09
-9.80439595463835e-10
-1.218185358569292e-09
-1.777170877662496e-09
-1.951215254076391e-09
-1.593339941609338e-09
-5.432102058303041e-09
-8.865149976245561e-10
-7.955915828656498e-09
-7.939587139033666e-11
-8.809174403343723e-09
-6.138698441033933e-11
-6.21439906926141e-09
-1.358408320049662e-10
-4.168804676595818e-09
-1.577036426458431e-10
1.598535416834156e-10
-1.430837674203873e-10
1.432688664785277e-10
-8.891498852988742e-11
6.795880501127302e-11
-1.186610382755151e-11
-1.731827545674718e-11
6.862090823948528e-11
-8.595884612390033e-11
1.373450052384064e-10
-1.282830126005122e-10
1.848134306252303e-10
-1.447770000711175e-10
2.074283346508315e-10
-1.416956299622754e-10
2.075118419504788e-10
-1.281922083337475e-10
1.923034795134876e-10
-1.135229171833101e-10
1.714849996444375e-10
-1.0473048813432e-10
1.540223415567332e-10
-1.059100999436534e-10
1.449843224295571e-10
-1.182479420872443e-10
1.416793895666213e-10
-1.377644292977653e-10
1.304436128302704e-10
-1.496622257839635e-10
9.447952051009147e-11
-1.269013321732278e-10
-2.641487584486382e-10
1.320264980486098e-09
-7.292656101443847e-10
1.986787462367356e-09
-1.44373144043997e-09
2.191917021051117e-09
-1.921204253152945e-09
1.337775506093499e-09
-1.912568772018646e-09
-9.116064638134443e-12
-1.312777452119849e-09
-1.388562448918914e-09
-6.32778626088711e-10
-1.457845862697139e-09
-4.411266318848892e-10
-7.579732960855365e-10
-5.622893636479556e-10
2.271040072921141e-10
-4.502866025518847e-10
-4.448353642571565e-11
-2.526272300644329e-10
-2.598500948775779e-10
-1.073958613265909e-10
-3.146922975268654e-10
-4.402753864931095e-11
-2.758834412413164e-10
-3.558803879772838e-11
-2.182926387758664e-10
-4.988229907163053e-11
-1.76317852985642e-10
-6.611451161478262e-11
-1.558948933715419e-10
-7.444898343479583e-11
-1.514392123046481e-10
-7.191953822040106e-11
-1.554200046501872e-10
-5.944763875153761e-11
-1.618343863976991e-10
-4.195254759288356e-11
-1.65889118975849e-10
-2.883631943885124e-11
-1.658036423895644e-10
-2.453896940782488e-11
-1.709261001413155e-10
-1.655660107787904e-11
-1.947875352776777e-10
-1.980601211213262e-10
-5.399241042461447e-10
1.145968826172571e-09
-4.663670444677079e-10
3.325161797453478e-10
-2.18914180047426e-10
-1.722105879273543e-10
-1.701139343429922e-10
-1.006794366040531e-10
-1.857273951103757e-10
-3.888905600935606e-11
-1.440844359492801e-10
-1.231762162082207e-10
-7.612742056694267e-11
-2.146661213020631e-10
-2.928180608759196e-11
-2.498222151870536e-10
5.283184354757999e-12
-2.580898604946599e-10
7.773852902850827e-11
-2.682400525465176e-10
2.423832968373713e-10
-2.559381723120481e-10
4.948559917088164e-10
-1.248273103509492e-10
6.444247532573227e-10
2.785339792194089e-10
2.336085910686298e-10
9.823708138788013e-10
-1.014500218177906e-09
1.41338547017486e-09
-2.194968497549268e-09
4.943938160197926e-10
-1.52622627315025e-09
-2.559111257499837e-09
-1.546065948778591e-09
-1.198345672142245e-09
-1.05371971656209e-09
-2.443561475930718e-09
6.092179581138727e-11
-6.546743561280282e-09
9.451701943913039e-10
-8.840164219095226e-09
1.298320932757567e-09
-9.162325135389406e-09
4.178549510174236e-10
-5.333933083307756e-09
-3.688165305267114e-10
-3.382133193481672e-09
-3.283233484733354e-10
1.193603582724968e-10
-2.358131182355779e-10
5.075863152214492e-11
-1.132524563088236e-10
-5.460186522935209e-11
1.31838134563696e-11
-1.437545574147989e-10
1.249282490871787e-10
-1.977032980042523e-10
2.101329069133415e-10
-2.134876908316839e-10
2.614839940752414e-10
-1.961281119119898e-10
2.768384079259135e-10
-1.570500726799354e-10
2.608039260533903e-10
-1.121577595773176e-10
2.241396010435221e-10
-7.685862928888738e-11
1.798228018368774e-10
-6.041373005471269e-11
1.373507191705385e-10
-6.343806204112522e-11
9.87820094471038e-11
-7.967928073364962e-11
5.994236574916734e-11
-9.892483711346884e-11
1.766575402927772e-11
-1.073856686428236e-10
-2.120195052802587e-11
-8.803368474868075e-11
-3.493841794097318e-10
1.648447149830702e-09
-8.649734380828315e-10
2.502376659628602e-09
-1.705210800185459e-09
3.032154320120648e-09
-2.372502615334417e-09
2.00506725708767e-09
-2.591801634691165e-09
2.101828898239369e-10
-2.128082939012562e-09
-1.852281209879096e-09
-1.363239847820634e-09
-2.222689019081363e-09
-1.102686688094953e-09
-1.018526520925874e-09
-8.274239189936253e-10
-4.815882641883396e-11
-3.878698689529551e-10
-4.84037651203621e-10
-9.582373491129809e-11
-5.51896293454203e-10
1.248911274093719e-11
-4.230052107254515e-10
1.83820291790086e-11
-2.817764238166126e-10
-1.243197454139074e-11
-1.874787033662171e-10
-4.733753934185516e-11
-1.414123583752874e-10
-7.261334361797737e-11
-1.306191626922964e-10
-8.31699280956823e-11
-1.408827057710092e-10
-7.823227318655038e-11
-1.603577359328161e-10
-5.871557203490969e-11
-1.813511825599717e-10
-2.674664057534636e-11
-1.978580836339476e-10
4.773332950315763e-12
-1.97323723387472e-10
6.492725855171872e-12
-1.726457090786022e-10
-1.636951825140899e-11
-1.719244339260176e-10
-2.14429761743991e-10
-7.515871217333275e-10
1.897556003944784e-09
-2.410604914633825e-10
-1.78010445171473e-10
-1.414130213928762e-10
-2.71858069737882e-10
-2.958027610245902e-10
5.371028703056105e-11
-2.50543431348165e-10
-8.414840227986059e-11
-9.166917973682713e-11
-2.820504839744841e-10
1.249197749950575e-12
-3.075845138820743e-10
-1.273616620645355e-12
-2.472994147080066e-10
-4.495894836849491e-11
-2.144045411833071e-10
-6.339107545931153e-11
-2.498079364695691e-10
2.376455193749122e-11
-3.430938092355744e-10
3.314259061367569e-10
-4.324886727184671e-10
9.223863359710696e-10
-3.124264575303165e-10
1.356454973035394e-09
5.483021709537593e-10
9.75919692837787e-11
2.672248468874791e-09
-3.819536908221213e-09
4.411522689024665e-09
-4.34350240968834e-09
-2.035145760345676e-09
-1.267892318488313e-09
-4.273955767757917e-09
3.128927739202816e-09
-6.840381538606016e-09
5.815524936243968e-09
-9.23334076417759e-09
6.179039792063923e-09
-9.203679082141188e-09
4.793824951519562e-09
-7.777110303745563e-09
1.799056030062253e-09
-2.33916417289856e-09
-6.031590008563858e-10
-9.799181760520181e-10
-4.584737473807445e-10
-2.532491149383134e-11
-2.68773921282612e-10
-1.389412139448704e-10
-8.160421843395105e-11
-2.417715907510022e-10
8.072740291255256e-11
-3.060862049363746e-10
2.097332290513334e-10
-3.267091538722998e-10
2.998370173699611e-10
-3.035915125775338e-10
3.463183641133192e-10
-2.426094956663244e-10
3.485848381202698e-10
-1.593165873776234e-10
3.128419019685957e-10
-7.641486753575454e-11
2.517375479264165e-10
-1.575432283188538e-11
1.807682322332687e-10
1.055553494824504e-11
1.119884744159829e-10
5.341641958728711e-12
4.854455554585281e-11
-1.62354183627972e-11
-1.32072564315937e-11
-3.717308430077325e-11
-7.20499021930551e-11
-4.85430842267188e-11
-1.129758462034983e-10
-4.710780419030216e-11
-2.288488164005607e-10
1.764320054959512e-09
-5.366748228090413e-10
2.810202599520179e-09
-1.309252806610631e-09
3.804732236414464e-09
-2.127952439898728e-09
2.823766822169988e-09
-2.865754484081698e-09
9.479848654410171e-10
-3.298776111584369e-09
-1.419259650881364e-09
-3.002597475794881e-09
-2.518867723297918e-09
-2.079124771782719e-09
-1.941999292867107e-09
-8.152607033172703e-10
-1.312022962961079e-09
-8.405675096240894e-11
-1.21524167153556e-09
1.089717481423133e-10
-7.4492486203268e-10
9.395220540152285e-11
-4.079857388498194e-10
3.740574475228437e-11
-2.252300379148028e-10
-1.550624406025107e-11
-1.345667930794349e-10
-5.645834077609485e-11
-1.004603465091865e-10
-8.368576247186618e-11
-1.033918329173664e-10
-9.450117385970795e-11
-1.300673924604143e-10
-8.674371309722337e-11
-1.681153020268925e-10
-6.218567489193385e-11
-2.059093069939473e-10
-2.132300331195736e-11
-2.387208757087909e-10
3.843118034815874e-11
-2.570779617703825e-10
7.225069170392045e-11
-2.064647914032637e-10
-5.724933922901338e-12
-9.394928054292637e-11
-2.201546040214437e-10
3.59541964759439e-10
1.538013962152518e-09
4.368379753134457e-10
-2.553064986116416e-10
-6.350095701291649e-10
7.999894428081986e-10
-7.023634685192582e-10
1.210641543112849e-10
-2.156857706976033e-10
-5.708261305935543e-10
8.078938858769091e-11
-5.785256728727515e-10
1.07913727553728e-10
-3.347088814101382e-10
2.613301348209367e-11
-1.655187278435604e-10
-7.231071827356532e-11
-1.159608352411539e-10
-1.632756204508848e-10
-1.58843058584973e-10
-2.139883216375789e-10
-2.923811309027804e-10
-1.157640889836699e-10
-5.307129268277538e-10
4.410952938032883e-10
-8.692858605440402e-10
2.011529289704265e-09
-1.022131844140721e-09
3.855344755523825e-09
8.284329846542296e-10
7.731584007639283e-10
7.493709025886185e-09
-6.850141068645804e-10
-5.769732703965018e-10
9.254531013282057e-09
-1.421350090575702e-08
1.853336925729562e-08
-1.61192198009462e-08
2.100542082866043e-08
-1.170539235477029e-08
1.802294676575479e-08
-6.221205039674241e-09
1.207419068109483e-08
-1.82835424114944e-09
4.831077043239351e-09
4.903949440976963e-09
-6.842898579570559e-10
4.535448698933028e-09
-4.421771579661672e-10
-2.674376402408865e-10
-1.88806785584542e-10
-3.923116178037023e-10
2.517897953639144e-11
-4.557573903000497e-10
1.938111868739218e-10
-4.747184496855089e-10
3.180077730496127e-10
-4.509057806084313e-10
3.949115876930872e-10
-3.804953708090525e-10
4.231712542956704e-10
-2.708692090085942e-10
4.069021818959746e-10
-1.430475646166552e-10
3.539085559300587e-10
-2.342129419698277e-11
2.73964626756353e-10
6.41895510785387e-11
1.800507813780256e-10
1.044693223654603e-10
8.769449543385292e-11
9.769786766473555e-11
7.752938166442467e-12
6.370607636011733e-11
-6.086022998938079e-11
3.144001946456489e-11
-1.249920516508017e-10
1.558867121294044e-11
-1.790652920375214e-10
6.965368606331652e-12
2.811276280162376e-10
1.304127066043312e-09
7.010308198652616e-10
2.390299337970629e-09
6.377097042798391e-10
3.8680532816645e-09
2.795769096612907e-10
3.181899546157268e-09
-6.704355578368288e-10
1.897997262347088e-09
-2.459347307402492e-09
3.696520282123717e-10
-3.668805351066585e-09
-1.309409749600135e-09
-1.803843253955584e-09
-3.806961459953889e-09
2.928418506218626e-12
-3.118794705203301e-09
2.89900461821517e-10
-1.502213786000834e-09
1.775068090870434e-10
-6.325312819022677e-10
7.799583349761987e-11
-3.084748403080639e-10
1.207923814754758e-11
-1.593135239356612e-10
-3.149415611914007e-11
-9.099348922259948e-11
-6.267517205585053e-11
-6.927942759214645e-11
-8.715035475604715e-11
-7.891676180396926e-11
-1.00429010213474e-10
-1.167888530430321e-10
-9.113243036953109e-11
-1.774120185138981e-10
-5.697099451898315e-11
-2.400708672896707e-10
-1.820030701867624e-11
-2.774916891870514e-10
2.450874534206924e-11
-2.997871337824195e-10
1.293274400450059e-10
-3.112840352570183e-10
1.317620130528512e-10
-9.638383186879367e-11
-8.839287851292649e-11
7.036879664749321e-09
-5.498865686318903e-09
-2.075690687914632e-10
6.989142210763525e-09
-2.582244986260736e-09
3.174665323012586e-09
-9.862053504967863e-10
-1.474975521924292e-09
1.514143712756877e-10
-1.708445893176856e-09
2.868681143428654e-10
-7.139794561836729e-10
1.307599282802648e-10
-1.786007345318834e-10
1.211419497467343e-11
-4.687303249127601e-11
-6.628991921418156e-11
-3.755675759641214e-11
-1.600939304936928e-10
-6.503908244273926e-11
-2.652811862251719e-10
-1.871939088905592e-10
-3.154853192533855e-10
-4.805088262124289e-10
-2.768690192010336e-10
-9.079021918421719e-10
5.509685823749312e-10
-1.849969475993788e-09
7.353703591573952e-09
-5.974302054087317e-09
3.024857900021611e-08
-1.540116641182585e-08
4.851638875678478e-08
-1.884478305587811e-08
5.742325796706587e-08
-2.312037014507777e-08
6.022074708635902e-08
-1.891670894975476e-08
5.3210996965444e-08
-4.695642264147715e-09
4.003422596256364e-08
6.955565931795762e-09
2.467459639545241e-08
1.35312752931377e-08
1.012915296089945e-08
1.944939284101347e-08
-4.266356615770295e-10
1.509123728489325e-08
-1.897627671797522e-10
-5.043105732751118e-10
3.196683047367297e-11
-6.140412565094272e-10
2.123761981198289e-10
-6.361668014365713e-10
3.52516838897675e-10
-6.148591365804386e-10
4.43820033097256e-10
-5.422090234333563e-10
4.796463695490214e-10
-4.163217585435956e-10
4.690832140770415e-10
-2.603061072444489e-10
4.295965917681781e-10
-1.035609985587976e-10
3.714938994323034e-10
3.46813396668711e-11
2.932351203112762e-10
1.424482694130624e-10
1.92461402286027e-10
2.052429776738449e-10
8.119864946464754e-11
2.089605557750155e-10
-1.480807299624273e-11
1.597127325379349e-10
-7.980319422487628e-11
9.643507281180516e-11
-1.271353758115062e-10
6.292078374917978e-11
-1.76258994200576e-10
5.608891681650081e-11
1.398358260016163e-09
-2.704902590851778e-10
3.388360815151342e-09
4.00296711326638e-10
5.319597274830069e-09
1.936816750204331e-09
7.231779491987019e-09
1.269717257196745e-09
8.526850582946632e-09
6.029260996877203e-10
8.444508896547574e-09
4.519936433531431e-10
8.005166588575893e-09
-8.700675127979421e-10
5.067337724543898e-09
-8.691326667856233e-10
1.365227668735416e-09
5.833152787088729e-10
2.270446143725902e-10
-3.640308047042662e-10
8.900362256342138e-11
-4.944903672268677e-10
2.684500192329918e-11
-2.463163011025781e-10
-2.182693586770839e-11
-1.106416769768041e-10
-4.057031517709901e-11
-7.225020838721364e-11
-5.234862818804322e-11
-5.750122909496572e-11
-7.027450534906186e-11
-6.099100716646134e-11
-8.8963624891331e-11
-9.809988253551639e-11
-8.630501884220887e-11
-1.800707711899263e-10
-3.322444062879594e-11
-2.931516159838493e-10
3.754075794081672e-11
-3.482570869659282e-10
-4.359516363615112e-11
-2.18651543713802e-10
-1.476145363984027e-10
-2.0726500988748e-10
7.858833356101026e-10
-1.029882423913579e-09
6.974902796960664e-10
3.013569472563353e-07
9.314418698142254e-08
2.707592091945419e-07
3.75868802168715e-08
2.693727278511621e-07
4.561146616687706e-09
2.691179807684121e-07
-1.220228488065754e-09
2.674519525819699e-07
-4.241775523839632e-11
2.660755020387542e-07
6.624710392040986e-10
2.653948167153235e-07
5.020845420052659e-10
2.651490399214347e-07
1.989037156380857e-10
2.65077584665561e-07
3.389845375156799e-11
2.649894557059075e-07
2.308983396485094e-11
2.646945258286809e-07
1.077359263444869e-10
2.640365459638035e-07
1.774709978431744e-10
2.62707829691571e-07
4.208140406103093e-10
2.582307092725749e-07
2.627150904077856e-09
2.4159659841361e-07
1.065980876659025e-08
2.068990490702398e-07
1.92963828936516e-08
1.791968412256945e-07
8.857424750916215e-09
1.613591514415453e-07
-5.282680398807229e-09
1.345878164908716e-07
7.854625962638291e-09
1.038779808449079e-07
2.601419334287237e-08
7.204131218963739e-08
3.879223454717172e-08
4.218171166066515e-08
4.339087578102731e-08
1.745373628650908e-08
4.417736817262202e-08
2.039553825362208e-10
3.234101814476115e-08
2.868348484142739e-10
-5.871900851645388e-10
3.767024298117871e-10
-7.039088858092368e-10
4.783314686482302e-10
-7.37795890297561e-10
5.606611298308017e-10
-6.971888498135545e-10
5.796996020934381e-10
-5.61247549944432e-10
5.328482757510367e-10
-3.69470488445823e-10
4.574141309993115e-10
-1.848720208765188e-10
3.925437391417274e-10
-3.869066694438312e-11
3.499570254169435e-10
7.726799117032493e-11
3.095231546629562e-10
1.828820763035125e-10
2.375860144196132e-10
2.77180052320221e-10
1.212902614649373e-10
3.25256241771698e-10
-4.51609450419743e-12
2.855190201328728e-10
-7.921928864961855e-11
1.711381975549481e-10
-8.788859567519046e-11
7.159002033989456e-11
-8.367706049170221e-11
5.187731051902672e-11
3.186161436960813e-09
-3.54032882824659e-09
7.707302237774296e-09
-4.120844161489684e-09
1.319968951146338e-08
-3.555570595608875e-09
1.990580118100444e-08
-5.436394484426789e-09
2.762039429717367e-08
-7.111667088258349e-09
3.619048145643086e-08
-8.118093587557948e-09
4.53266965454958e-08
-1.000628267319272e-08
5.778544874281503e-08
-1.33278849360638e-08
7.338757420723937e-08
-1.501881025848822e-08
8.537716004734477e-08
-1.235361672069588e-08
9.440773006855139e-08
-9.525060468172934e-09
1.026971562193322e-07
-8.535742539523277e-09
1.109477446311336e-07
-8.361230184894764e-09
1.193676119454409e-07
-8.492117632782305e-09
1.281896622319386e-07
-8.879551637469704e-09
1.37678066051327e-07
-9.549394967326297e-09
1.48058206432139e-07
-1.047824041756395e-08
1.59479730387238e-07
-1.160159489991158e-08
1.720058957617981e-07
-1.281931717265e-08
1.855761880105396e-07
-1.391854956363984e-08
1.997213249197481e-07
-1.436378887690916e-08
2.129377934564248e-07
-1.342373422356063e-08
2.238766976583902e-07
-1.196878714680883e-08
-1.815661758978024e-08
4.215848922299676e-07
7.155929473910403e-08
4.10279480185029e-07
4.889229222053471e-08
3.967640681083704e-07
1.807655864299602e-08
3.89059701628377e-07
6.484137939304214e-09
3.85427157092298e-07
3.590126727897843e-09
3.836874155159005e-07
2.402212563096862e-09
3.828030882609617e-07
1.386411745180594e-09
3.823786865156056e-07
6.233054101932411e-10
3.822100223398468e-07
2.025625797412292e-10
3.821121875599425e-07
1.209245652011576e-10
3.818169446065528e-07
4.029788321173779e-10
3.807941232277144e-07
1.200292330075486e-09
3.780379741890169e-07
3.176963033565409e-09
3.722893065535318e-07
8.375818494547528e-09
3.631220271957387e-07
1.98270880798977e-08
3.484756802359878e-07
3.394272980924137e-08
3.175641102219316e-07
3.976899472089786e-08
2.668106989348151e-07
4.547073084409091e-08
2.114019871709977e-07
6.326333768189732e-08
1.567057878934994e-07
8.071039257522433e-08
1.054734632770018e-07
9.002455911775157e-08
6.045923993955635e-08
8.840509907153244e-08
2.520973710465845e-08
7.942687095946967e-08
9.961059741723427e-10
5.655464922576723e-08
8.599072454789717e-10
-4.509914073126595e-10
8.012897701370372e-10
-6.452914629703223e-10
8.309770183907697e-10
-7.67483192635609e-10
8.201003014759721e-10
-6.86312188760208e-10
7.024316230438561e-10
-4.43578928979097e-10
5.249463264815198e-10
-1.919852511228985e-10
3.687067814231752e-10
-2.863253659031961e-11
2.835178062135322e-10
4.649824581505346e-11
2.745495525482543e-10
8.623618099543189e-11
3.085064339226781e-10
1.489251295799277e-10
3.21377626718256e-10
2.643087929878058e-10
2.468137931547039e-10
3.998200075272145e-10
8.239213558329784e-11
4.49940608963449e-10
-6.217197501039209e-11
3.157022384357788e-10
-5.701915495708787e-11
6.643712991834679e-11
5.147876554113007e-11
-5.662068096560628e-11
5.384897336815339e-09
-8.873747470870098e-09
1.286014485431374e-08
-1.159609175058464e-08
2.24072166461421e-08
-1.31026424591162e-08
3.426585864777729e-08
-1.729503655762755e-08
4.814355027111892e-08
-2.098935878313141e-08
6.374545138231208e-08
-2.371999477006381e-08
8.003079306678533e-08
-2.629162442940131e-08
9.517470424781439e-08
-2.847179618937006e-08
1.085709572364033e-07
-2.841506332164853e-08
1.217171930645238e-07
-2.549985262644986e-08
1.345489378079885e-07
-2.23568052957155e-08
1.467701662876954e-07
-2.075697111104897e-08
1.586782932722613e-07
-2.026935727392503e-08
1.707411814119066e-07
-2.055500588988814e-08
1.834050988877919e-07
-2.154346924852036e-08
1.970654790431118e-07
-2.320977527531439e-08
2.120482092374431e-07
-2.546097078555037e-08
2.285644345403443e-07
-2.811782039390098e-08
2.466425018245114e-07
-3.089738465801013e-08
2.660675700348325e-07
-3.33436180346681e-08
2.864285370236357e-07
-3.472475627424349e-08
3.073732897198754e-07
-3.436848752388004e-08
3.285041035414888e-07
-3.309960149259127e-08
-3.602386897054328e-08
4.358910128990801e-07
3.566828177462901e-08
4.541790704524883e-07
3.060423461009729e-08
4.571248365394876e-07
1.513079250139886e-08
4.569404433840618e-07
6.668531040006922e-09
4.572496882887278e-07
3.280881768553756e-09
4.579289296881824e-07
1.722971109256314e-09
4.585778537730698e-07
7.374876065240363e-10
4.59147095584915e-07
5.406354527545907e-11
4.597245537912101e-07
-3.748956787649792e-10
4.603674325042341e-07
-5.219541992086059e-10
4.609971293909982e-07
-2.26718105153809e-10
4.612369671567934e-07
9.60454514531718e-10
4.602571063315086e-07
4.156823809817403e-09
4.569095070729149e-07
1.172341770465279e-08
4.497613597274637e-07
2.697523537726625e-08
4.332984012023846e-07
5.040568828642802e-08
3.961066785435411e-07
7.696071733186186e-08
3.366821015225051e-07
1.04895307817097e-07
2.678891926338949e-07
1.320562465221269e-07
1.979717180521958e-07
1.506278671080686e-07
1.324312611601383e-07
1.555650159602643e-07
7.546954156356635e-08
1.453668186177979e-07
3.179123557788033e-08
1.23105176893837e-07
1.679665351820668e-09
8.666621939958905e-08
1.351759049352514e-09
-1.230851583689506e-10
1.297427060569042e-09
-5.909595288579146e-10
1.291145544474615e-09
-7.612017325990406e-10
1.091278400266924e-09
-4.864451018574694e-10
7.488907738852965e-10
-1.011913613437905e-10
4.245417723214498e-10
1.323636904550166e-10
2.109628510613289e-10
1.849463232713988e-10
1.221931845520031e-10
1.352678497545005e-10
1.441102600212939e-10
6.431904163613751e-11
2.551263792912176e-10
3.790894537023372e-11
4.021409013861656e-10
1.172942047894864e-10
4.708855169635682e-10
3.31075324968789e-10
3.353833293006025e-10
5.854427286970445e-10
3.637044430647292e-11
6.147150548342124e-10
-1.132387020113102e-10
2.160462069648648e-10
1.066345832213277e-10
-2.764940359304393e-10
7.844435421273385e-09
-1.661154837904019e-08
1.840986872490818e-08
-2.216152512456973e-08
3.207207694927175e-08
-2.676485075393349e-08
4.874792518631067e-08
-3.397088486522173e-08
6.744753597821858e-08
-3.968896964555433e-08
8.706299605866051e-08
-4.333545492134907e-08
1.061235967948691e-07
-4.53522252368471e-08
1.235374316909998e-07
-4.588563115830464e-08
1.394540010233155e-07
-4.433163272900276e-08
1.547868119342268e-07
-4.083266361716832e-08
1.696521567626213e-07
-3.72221502101687e-08
1.837994236867747e-07
-3.490423813157795e-08
1.975200231803428e-07
-3.39899568758947e-08
2.113744385337622e-07
-3.440942136797826e-08
2.259469642070648e-07
-3.611599506323746e-08
2.417730432556691e-07
-3.903585448566585e-08
2.593119646214819e-07
-4.299989233428479e-08
2.788986380319087e-07
-4.770449400060017e-08
3.006737543420383e-07
-5.267250118025031e-08
3.245443970571739e-07
-5.721426099249228e-08
3.502752418840043e-07
-6.045560149707822e-08
3.776450998520912e-07
-6.173834601280177e-08
4.060297391748221e-07
-6.148424119793659e-08
-6.266071000390788e-08
4.357506999860816e-07
-8.241824091034367e-11
4.665255164848785e-07
-1.705819355726085e-10
4.818828236336165e-07
-2.265146994428387e-10
4.888342260618884e-07
-2.828714417848024e-10
4.924762331397834e-07
-3.6112536319667e-10
4.946781334210262e-07
-4.789292256415547e-10
4.960620678967289e-07
-6.464469224787509e-10
4.969739625270519e-07
-8.578311377973004e-10
4.976721673571863e-07
-1.073100561082285e-09
4.983317533610051e-07
-1.181540254568826e-09
4.99032664521099e-07
-9.276293161980291e-10
4.997340957503208e-07
2.590232349276567e-10
5.002366306079414e-07
3.654288902290429e-09
4.999555947300107e-07
1.200445353303933e-08
4.967108397929226e-07
3.021999026505397e-08
4.825868730442328e-07
6.452965498587751e-08
4.446071190160039e-07
1.149404713107941e-07
3.807740526483092e-07
1.687283741352154e-07
3.041410424170736e-07
2.086892567034715e-07
2.247130328337183e-07
2.300558766410022e-07
1.498602113146702e-07
2.3041783742836e-07
8.510761160779256e-08
2.101194182729564e-07
3.621133212362828e-08
1.720014563256285e-07
1.898188988086606e-09
1.209793624817581e-07
1.743484532636022e-09
3.16192429272627e-11
1.996370993737677e-09
-8.438460451959531e-10
1.817008688290931e-09
-5.818394833266064e-10
1.221426690154586e-09
1.091368389270519e-10
6.218683025286745e-10
4.983669679488094e-10
2.315120637952079e-10
5.227198696573848e-10
3.685063074177798e-11
3.796076958212388e-10
-3.324809287065839e-11
2.053665116955731e-10
-1.175993936083848e-11
4.283082553380715e-11
1.167060683167104e-10
-9.055712598340128e-11
3.742882320077834e-10
-1.402880234015239e-10
6.945070142508088e-10
1.085647727966905e-11
8.237923191899082e-10
4.561573576290862e-10
4.576787950258834e-10
9.808285121138594e-10
-2.015639077283516e-10
8.752888422971327e-10
-2.591123694052745e-10
-2.189456422150263e-10
1.040111277616164e-08
-2.727177359294486e-08
2.428743818627708e-08
-3.604785060336454e-08
4.255033115372112e-08
-4.502774379032399e-08
6.432298523183429e-08
-5.574353901249287e-08
8.767763118355359e-08
-6.304361566680236e-08
1.108955042510575e-07
-6.655332805882497e-08
1.325566869304212e-07
-6.701340798731263e-08
1.518957679625141e-07
-6.522471226317376e-08
1.691664894593513e-07
-6.160235430201122e-08
1.851799884654644e-07
-5.68461627042635e-08
2.003213531556982e-07
-5.23635149892854e-08
2.146897943255209e-07
-4.927267940044132e-08
2.286488434475003e-07
-4.79490061109129e-08
2.427487440527959e-07
-4.850932210220724e-08
2.575933856336812e-07
-5.096063679120469e-08
2.737730651610984e-07
-5.521553417987784e-08
2.918281820850424e-07
-6.105500944405191e-08
3.12204842559044e-07
-6.8081154674879e-08
3.351903104580829e-07
-7.56579692726416e-08
3.608392254997397e-07
-8.286317624901503e-08
3.88907781043358e-07
-8.852415735327599e-08
4.187224663776984e-07
-9.155303174240803e-08
4.488716541420837e-07
-9.163342929203936e-08
-9.031373114467594e-08
4.357329963530293e-07
-3.581541464308584e-08
4.664733883126667e-07
-3.091097394491347e-08
4.817778183113788e-07
-1.553094474805904e-08
4.886578737576354e-07
-7.162926938577317e-09
4.922038535397491e-07
-3.907105196073457e-09
4.942743841089646e-07
-2.549459845581719e-09
4.954775330559515e-07
-1.849595919969293e-09
4.961432688320908e-07
-1.523566964113886e-09
4.965168599565776e-07
-1.446691735386799e-09
4.967793200057674e-07
-1.444000353168209e-09
4.970884236132973e-07
-1.236732972796083e-09
4.976877706133043e-07
-3.403238137878645e-10
4.990917993139873e-07
2.250260153112349e-09
5.019144581854381e-07
9.181794613320534e-09
5.047713763927008e-07
2.736307200951854e-08
4.977179343119329e-07
7.158309701834384e-08
4.632991005951266e-07
1.493593049789881e-07
3.978717778074619e-07
2.341556968740084e-07
3.180159991486241e-07
2.885450353128988e-07
2.348549980091793e-07
3.132168777305953e-07
1.560769489390489e-07
3.091958864479346e-07
8.782336866661447e-08
2.783729984942997e-07
3.727835887521479e-08
2.225464660650942e-07
1.311276851761727e-09
1.5694644445273e-07
2.635508330209518e-09
-1.292612288949962e-09
3.045459632569616e-09
-1.253797401667491e-09
2.074022793665944e-09
3.895973004846165e-10
9.482830679188444e-10
1.234876508815872e-09
2.919926940086874e-10
1.154657284958575e-09
2.444763575211373e-11
7.902648702140525e-10
-7.277182088579772e-11
4.76827093703221e-10
-1.171252478049023e-10
2.497198790562342e-10
-1.319140202795733e-10
5.761953741977311e-11
-7.823619814572076e-11
-1.442350094743625e-10
1.439613988133023e-10
-3.624856826772576e-10
6.519803511871838e-10
-4.971625381040542e-10
1.34479158151699e-09
-2.366539365540257e-10
1.535859003303319e-09
7.89761025879146e-10
3.403102861601034e-10
2.070837494297172e-09
-1.360376031332057e-09
1.481740609634947e-09
1.24288458105869e-08
-4.106099550105912e-08
3.051075375777599e-08
-5.412975861715376e-08
5.494211444657858e-08
-6.945910454619303e-08
8.258900296141042e-08
-8.339042759483649e-08
1.104282460932595e-07
-9.088285886674605e-08
1.364407601014996e-07
-9.256584213602357e-08
1.595622132597364e-07
-9.013486121583222e-08
1.795169707147514e-07
-8.517946979076396e-08
1.967642876034264e-07
-7.884967126677205e-08
2.121096339165701e-07
-7.219150909908318e-08
2.261361050649879e-07
-6.638998622716985e-08
2.392284253060732e-07
-6.23649997419011e-08
2.518504231128588e-07
-6.057100403153449e-08
2.645506413998462e-07
-6.12095405193641e-08
2.779165069943946e-07
-6.432650253237352e-08
2.925409517448736e-07
-6.983997909662405e-08
3.090017992252653e-07
-7.751585710642168e-08
3.278367376307944e-07
-8.691609327636803e-08
3.494955089000065e-07
-9.73167407215082e-08
3.742456375391739e-07
-1.076133051008075e-07
4.019861647937562e-07
-1.162646848797578e-07
4.318948010430253e-07
-1.214616684340241e-07
4.619817933917085e-07
-1.217204220163277e-07
-1.175157341778264e-07
4.358730479207098e-07
-7.16884625998274e-08
4.540561616570372e-07
-4.909408772431687e-08
4.568543146902875e-07
-1.832909782610187e-08
4.564791807450578e-07
-6.787793038664059e-09
4.565360246288788e-07
-3.963949125432065e-09
4.568719724589943e-07
-2.885407721210935e-09
4.570495217448172e-07
-2.027145251278823e-09
4.569769100321017e-07
-1.450955296741317e-09
4.567037346327659e-07
-1.173516381304728e-09
4.562858869021467e-07
-1.026152667661704e-09
4.55800627351641e-07
-7.514734673487721e-10
4.555375809475633e-07
-7.727745471746395e-11
4.565338359085683e-07
1.254005147055701e-09
4.611531275540231e-07
4.562502922712455e-09
4.70915256665164e-07
1.76009428530118e-08
4.748768040966594e-07
6.762154954117024e-08
4.48556384677956e-07
1.756797243515999e-07
3.847507772663955e-07
2.979613042389287e-07
3.079293826274907e-07
3.653664299045689e-07
2.28728799282308e-07
3.924174610278481e-07
1.523954714208595e-07
3.855292142607895e-07
8.403268722652763e-08
3.46735782639261e-07
3.390334410676647e-08
2.726758091348427e-07
2.235327868187749e-09
1.886144606404652e-07
5.397083258263195e-09
-4.454367730532171e-09
3.736163137413541e-09
4.071226668863348e-10
1.331435467152501e-09
2.794324917732123e-09
2.086597878658687e-10
2.357652134221769e-09
-4.340874066910115e-11
1.406725758847046e-09
-6.041622269468829e-11
8.072722966886084e-10
-7.517827148186438e-11
4.915890861462154e-10
-1.120998477864159e-10
2.866413981022005e-10
-1.619311957726236e-10
1.074508273492921e-10
-2.125462123053779e-10
-9.362005189097887e-11
-1.955934463071059e-10
-3.794385083971443e-10
1.28513633963554e-10
-8.212696789308457e-10
1.188817187719954e-09
-1.296957551589153e-09
2.912467649336407e-09
-9.338894977606598e-10
3.120087945525008e-09
1.86321713541271e-09
-1.048193513806976e-09
5.650022005615387e-09
1.39548901678526e-08
-5.606407924668274e-08
3.8989469376516e-08
-7.916433789039418e-08
7.272191950508881e-08
-1.031915547399898e-07
1.070857617150604e-07
-1.177542698707216e-07
1.386043021970372e-07
-1.224013994155186e-07
1.658211548352708e-07
-1.197826948421798e-07
1.885368165315404e-07
-1.128505229817288e-07
2.071818257952165e-07
-1.03824479126597e-07
2.225708389645878e-07
-9.42386845121954e-08
2.356254457872984e-07
-8.524611600353086e-08
2.470781665739058e-07
-7.784270710351877e-08
2.574754647890547e-07
-7.276229805733863e-08
2.67324514175396e-07
-7.042005353161708e-08
2.77132127285831e-07
-7.101715375795427e-08
2.874110896469581e-07
-7.460546503852415e-08
2.986822111423988e-07
-8.11111007511508e-08
3.11480756978852e-07
-9.031440312233377e-08
3.263634978426747e-07
-1.017988343208405e-07
3.439026214881753e-07
-1.14855864551784e-07
3.646279481124607e-07
-1.283386319186477e-07
3.888247917683259e-07
-1.40461528880357e-07
4.160286956772143e-07
-1.486655727481923e-07
4.440046807838421e-07
-1.49696407422375e-07
-1.423365299116551e-07
4.214781146292558e-07
-9.316657725964476e-08
4.099882688387239e-07
-3.760424196974444e-08
3.962424584019842e-07
-4.583287426531675e-09
3.882579934029447e-07
1.19667192250763e-09
3.842772206842247e-07
1.682355531394003e-11
3.820930865055384e-07
-7.012735808190389e-10
3.806357762405879e-07
-5.698350245687581e-10
3.794828509219082e-07
-2.980300166451423e-10
3.784282458078949e-07
-1.189113058397276e-10
3.773478440350403e-07
5.424906620392123e-11
3.761816776709427e-07
4.146928577157954e-10
3.749952836353134e-07
1.109116541307417e-09
3.743639197966335e-07
1.885368945972251e-09
3.765184704623613e-07
2.407952216521275e-09
3.860935506036966e-07
8.025862670931314e-09
3.972012727948161e-07
5.651382730842966e-08
3.899160697450827e-07
1.829649273592507e-07
3.359453928338488e-07
3.519319811070574e-07
2.741773394553803e-07
4.271344832393202e-07
2.115730794573697e-07
4.550217209810241e-07
1.475766332080523e-07
4.49525660464585e-07
8.351646056810674e-08
4.107959552325788e-07
3.260547994885192e-08
3.235867897067966e-07
1.579711705875946e-08
2.054228234822466e-07
9.217977499758336e-09
2.124771779540982e-09
1.665781802602717e-09
7.959318314124717e-09
-5.381505324428487e-10
4.998257202280503e-09
-3.561616360809436e-10
2.175663186363558e-09
-4.92750382412191e-11
1.099839108896397e-09
1.221102498211989e-11
7.457861803313558e-10
-2.178229625638756e-11
5.2558235361906e-10
-6.301854794713832e-11
3.278775949921836e-10
-1.085276357974002e-10
1.529598597663232e-10
-1.863105476847956e-10
-1.583719646964573e-11
-3.327960567104671e-10
-2.329530564471378e-10
-5.051635036568607e-10
-6.489022900765011e-10
-1.553388357067922e-10
-1.646782278196647e-09
2.462708003365986e-09
-3.551936396490746e-09
8.455584902340021e-09
-4.129659823738607e-09
1.038995050045233e-08
3.715656346337294e-09
2.35745477212087e-08
-6.92486765291075e-08
6.03754980136295e-08
-1.159652882455035e-07
1.048657688632221e-07
-1.476818256528604e-07
1.439771889828591e-07
-1.568656900548045e-07
1.758423726839932e-07
-1.542665831819524e-07
2.008566156717237e-07
-1.447969378968015e-07
2.201493041201522e-07
-1.321432114987172e-07
2.349302175700469e-07
-1.1860539264792e-07
2.463541413277876e-07
-1.056626083451375e-07
2.554278938053777e-07
-9.43198685619958e-08
2.629177874003399e-07
-8.533260078691827e-08
2.69382289116512e-07
-7.922679987184082e-08
2.752704361273745e-07
-7.630820065289135e-08
2.80971888761519e-07
-7.671860651533662e-08
2.868450379212668e-07
-8.047861433531675e-08
2.932390091943555e-07
-8.750507217362972e-08
3.005175348575587e-07
-9.759292894961754e-08
3.090944893667675e-07
-1.103757889929485e-07
3.194841062375948e-07
-1.252454815884351e-07
3.323527759634554e-07
-1.412073018477989e-07
3.485036655598303e-07
-1.566124187363726e-07
3.685201713502303e-07
-1.686820789573312e-07
3.91063168645912e-07
-1.722394052986166e-07
-1.616400580796234e-07
3.012707038755104e-07
5.562718834034384e-09
2.705700273951162e-07
-6.903565519229976e-09
2.690460591793302e-07
-3.059319239933733e-09
2.686127460093457e-07
1.629985063848937e-09
2.667197019662421e-07
1.909867569280958e-09
2.6505204953948e-07
9.663788170228114e-10
2.639958151727394e-07
4.86399312359751e-10
2.632745817669277e-07
4.232033594689426e-10
2.626394156533239e-07
5.162547768822619e-10
2.61999242562033e-07
6.944221266493026e-10
2.614654625675568e-07
9.484728199068126e-10
2.614568437673289e-07
1.117735309207333e-09
2.622472994088562e-07
1.094913270470276e-09
2.615326524009099e-07
3.122599190395572e-09
2.529064491705144e-07
1.665206586542288e-08
2.479762543495968e-07
6.144402209330566e-08
2.219847626305034e-07
2.089564190403461e-07
2.242566435673439e-07
3.496601001320243e-07
2.122969493288666e-07
4.390941774375321e-07
1.922489132540003e-07
4.750697570153926e-07
1.621384402302638e-07
4.796361334457207e-07
1.214675656893225e-07
4.51466829730755e-07
7.985245379743151e-08
3.65201901553885e-07
6.675558652354353e-08
2.185196907112672e-07
5.236375669455443e-09
6.364398258681373e-08
-3.514893966535796e-09
1.671058790342365e-08
-1.225042778253774e-09
2.708405965443197e-09
1.195048986078233e-10
8.311154611058399e-10
2.066297710659907e-10
1.012714186172356e-09
6.922659332103595e-11
8.831893079873117e-10
2.365128162827601e-12
5.924437668119211e-10
-1.759157764631521e-11
3.478342490283872e-10
-3.463749887446964e-11
1.700057273398177e-10
-7.084853110086023e-11
2.037378231238525e-11
-1.455301544025928e-10
-1.582714884740304e-10
-3.764507369967093e-10
-4.179817625813972e-10
-1.092268505412764e-09
-9.309645667717301e-10
-1.257519753537499e-09
-3.386685205113407e-09
9.063981054077831e-09
-1.445116069001247e-08
5.728473355287114e-08
-4.45050962108823e-08
8.526153355618036e-08
-9.722547659279945e-08
1.262534863214987e-07
-1.569572410710733e-07
1.685126806118751e-07
-1.8994102000557e-07
2.013038597694697e-07
-1.896568692747952e-07
2.251948082119558e-07
-1.78157531689132e-07
2.421133604749079e-07
-1.617154902249571e-07
2.538576291086433e-07
-1.438874802005968e-07
2.618512877137607e-07
-1.265990513229617e-07
2.672095170923477e-07
-1.110208377982929e-07
2.707859225128159e-07
-9.789627406148111e-08
2.73186925883588e-07
-8.773360424432336e-08
2.748197823956508e-07
-8.085965647882464e-08
2.759584936439837e-07
-7.744691200661188e-08
2.767891432476384e-07
-7.754925623557098e-08
2.774369587710899e-07
-8.112642998482894e-08
2.779833179820571e-07
-8.805143152294155e-08
2.784831836753512e-07
-9.809279478557014e-08
2.789926082562387e-07
-1.108852137290092e-07
2.796269597654291e-07
-1.258798332468811e-07
2.806743253480291e-07
-1.422546675986356e-07
2.82770345426276e-07
-1.587084391398572e-07
2.869027529672652e-07
-1.728144870589239e-07
2.938474056684774e-07
-1.791840580699527e-07
-1.636375853893076e-07
7.040246685565776e-09
-1.477527862856595e-09
-2.020988921187323e-10
3.387800421632917e-10
-2.574248182832477e-09
-6.871699656924949e-10
-9.758305965435263e-10
3.156746035893019e-11
1.634942507724549e-10
7.70542705170738e-10
3.004716979175127e-10
8.294013517821226e-10
1.471423653712329e-10
6.397286269278199e-10
4.045031969091153e-11
5.298953853094313e-10
1.005766233773461e-11
5.466474143076586e-10
5.155308699830901e-11
6.529266797823268e-10
1.668558361617633e-10
8.3317004831236e-10
7.558941492026612e-11
1.209001705437091e-09
-1.182585392038874e-09
2.353088052121934e-09
-3.286228887724941e-09
5.226242658007507e-09
5.102729583824138e-09
8.263107365531044e-09
6.374017407136558e-08
2.806577574555015e-09
7.72662319306733e-08
1.954303611496058e-07
1.202709962209448e-07
3.066553358074274e-07
1.633581917963613e-07
3.960069818276037e-07
1.970336722249564e-07
4.413942765493974e-07
2.211519835434505e-07
4.555178220897302e-07
2.372363143740155e-07
4.353824988598611e-07
2.385887002335328e-07
3.638495156540798e-07
2.684433144740646e-07
1.886650764277594e-07
2.768744888866808e-07
5.52128081314852e-08
2.887384935839538e-07
4.846583160922879e-09
2.915376464381446e-07
-9.074693353227473e-11
2.922433446358946e-07
1.254172161566217e-10
2.933703263946634e-07
-1.142676192686557e-10
2.946432585729319e-07
-3.897429193261259e-10
2.956238856971616e-07
-3.881834058850026e-10
2.961776591345054e-07
-2.059392391281812e-10
2.963021537294097e-07
4.551108223205655e-11
2.9600998565151e-07
3.125418076771495e-10
2.953567148882914e-07
4.949992228317097e-10
2.946056175637695e-07
3.331155076915728e-10
2.941073864483165e-07
-4.327335049551792e-10
2.921834945720617e-07
-1.462793384856014e-09
2.809569003151962e-07
-3.224566488576522e-09
2.597206320593116e-07
-2.326882801285308e-08
2.443268396052352e-07
-8.183168419612593e-08
2.620730002097382e-07
-1.747034017355075e-07
2.720512686640965e-07
-1.999192885195775e-07
2.794842707828953e-07
-1.970898714559011e-07
2.841826378844745e-07
-1.82855898852983e-07
2.8642871228851e-07
-1.639615646941884e-07
2.866856133485337e-07
-1.441443813264565e-07
2.85463287004434e-07
-1.253767250485121e-07
2.832267638382208e-07
-1.087843147040412e-07
2.80345655690704e-07
-9.501516599163108e-08
2.770597914076487e-07
-8.444774004403927e-08
2.734818589713916e-07
-7.72817241333454e-08
2.696182825605488e-07
-7.358333569449591e-08
2.653887585313336e-07
-7.331973231321099e-08
2.606317303833326e-07
-7.636940195188864e-08
2.550881804579969e-07
-8.250788171754308e-08
2.483642068681097e-07
-9.136882132445481e-08
2.398522751674877e-07
-1.023732821519179e-07
2.285783090900519e-07
-1.146058672890755e-07
2.129054354516158e-07
-1.265817941190508e-07
1.89982251116179e-07
-1.357852550232823e-07
1.546810552310401e-07
-1.375132912529585e-07
9.822891058338125e-08
-1.227319139346485e-07
-6.540867472238046e-08
3.643525599524245e-10
-1.841880433556106e-09
4.466403796444782e-10
2.564922155138887e-10
-6.201350070505289e-10
3.796054162394719e-10
-6.829506978034924e-10
9.438314610972616e-11
-1.931751077335535e-10
2.807671105413858e-10
1.048909343607289e-10
5.313353033336364e-10
1.355450907195043e-10
6.090744642142787e-10
6.995545323154881e-11
5.954850136587194e-10
1.572326494528861e-11
6.008795933494029e-10
-1.399207182643029e-11
6.826420037601433e-10
-1.001932998740415e-10
9.193712635296042e-10
-3.731112573196445e-10
1.481919645893744e-09
-4.624763247323404e-10
2.442453102718605e-09
1.80057054429585e-09
2.963195767569435e-09
9.283326094317813e-09
7.803517945797707e-10
1.598664690796162e-08
-3.896743264914278e-09
3.544652782443313e-08
1.759704802082199e-07
8.85374441031623e-08
2.535644194986725e-07
1.55827306898579e-07
3.287171190034732e-07
2.242256492074231e-07
3.729959342065696e-07
2.920451171070398e-07
3.876983541578287e-07
3.597622774135972e-07
3.676653385156646e-07
4.201508595984732e-07
3.034609334336606e-07
4.315898575601988e-07
1.772260784251044e-07
4.233728717041293e-07
6.342979394913175e-08
4.167561308538969e-07
1.146332396745407e-08
4.175246853743431e-07
-8.593014947689658e-10
4.20553613292533e-07
-2.903510748058791e-09
4.234743519224961e-07
-3.035006292099121e-09
4.257225913834199e-07
-2.637982428353631e-09
4.272503673700059e-07
-1.915959437242598e-09
4.280881775597541e-07
-1.043749478895509e-09
4.282670443683121e-07
-1.333557728958752e-10
4.278109532952292e-07
7.686328289215702e-10
4.267319384845833e-07
1.574013985148466e-09
4.250229600566789e-07
2.042093881951497e-09
4.227743542658842e-07
1.815872235716704e-09
4.209034452226063e-07
4.081156029089205e-10
4.22438750947072e-07
-4.759872265073716e-09
4.265729186557276e-07
-2.740299577906524e-08
4.265950496863231e-07
-8.185381528087748e-08
3.997803286630086e-07
-1.478886807720456e-07
3.741601447568582e-07
-1.742991046699768e-07
3.540535723811031e-07
-1.769832991425704e-07
3.379173464568498e-07
-1.667196729879315e-07
3.24326388397465e-07
-1.503706067001915e-07
3.123459474808457e-07
-1.321639404723868e-07
3.014834341283312e-07
-1.145142117656072e-07
2.914815264033991e-07
-9.878240704699759e-08
2.821717170416782e-07
-8.570535670656248e-08
2.733805190226039e-07
-7.565654210159354e-08
2.648895100464038e-07
-6.879071524445677e-08
2.564253682343524e-07
-6.511919397055077e-08
2.476545185523845e-07
-6.45488827299582e-08
2.381738501942274e-07
-6.688873369038974e-08
2.274886904203185e-07
-7.182272204802462e-08
2.149721414517417e-07
-7.885227245314418e-08
1.997963336171305e-07
-8.719747441379297e-08
1.808309962791538e-07
-9.564053003385164e-08
1.565265733052995e-07
-1.022773712113906e-07
1.249033714198794e-07
-1.041620532263152e-07
8.414379155968438e-08
-9.675371163237034e-08
3.55699227238396e-08
-7.41580448579084e-08
-2.983875200110976e-08
-7.462591867205099e-10
-1.095621238626731e-09
-2.287912689973571e-10
-2.609756914481158e-10
-1.211913854041438e-10
2.720055409031788e-10
-2.673879737181348e-10
2.405797456454164e-10
-2.150707983551594e-10
2.284499417773954e-10
-5.138268683764237e-11
3.676472014713297e-10
4.436306792056913e-11
5.133287124981299e-10
4.267011985812729e-11
5.971779682012243e-10
-1.123838447797479e-11
6.547880959237153e-10
-8.057047570267588e-11
7.51974097231495e-10
-1.074213171139326e-10
9.462220976018515e-10
1.644794571692923e-10
1.210018868981438e-09
1.369395833280425e-09
1.237536713323733e-09
3.903428039216956e-09
4.291635538629881e-10
5.79825832715694e-09
-1.11447851258384e-09
3.06290160072027e-09
-1.161386551293297e-09
3.750776116821877e-08
1.41525620615853e-07
9.133961327342861e-08
1.997325673758943e-07
1.643743168074773e-07
2.556824154393573e-07
2.458470220260943e-07
2.91523228966005e-07
3.303497355681906e-07
3.031956405809603e-07
4.125438710308343e-07
2.854712030270983e-07
4.817746270475128e-07
2.342301773779912e-07
5.126748937298029e-07
1.463258117133457e-07
5.122934961213877e-07
6.38111915149179e-08
5.056382232869732e-07
1.811859676939705e-08
5.038442422651898e-07
9.346794813621622e-10
5.052083133054071e-07
-4.267581823278985e-09
5.072663275967233e-07
-5.093020631615853e-09
5.089991005992698e-07
-4.37075546811837e-09
5.101827603239898e-07
-3.099619212396313e-09
5.108312362121942e-07
-1.692225406333392e-09
5.110028224836941e-07
-3.049420968535752e-10
5.107668299266903e-07
1.004625344785482e-09
5.102026294986638e-07
2.138214358788415e-09
5.094229199636516e-07
2.82180337392769e-09
5.087497864351646e-07
2.489005707872949e-09
5.092110368709236e-07
-5.313487786680842e-11
5.122452160035844e-07
-7.794051456143966e-09
5.136895931123423e-07
-2.884737293500558e-08
5.01272506669027e-07
-6.943672889827695e-08
4.685433654971883e-07
-1.151595396497924e-07
4.325117314208939e-07
-1.382674706569238e-07
3.99384987732772e-07
-1.438565555066064e-07
3.704415739282885e-07
-1.377762592493779e-07
3.454938478499547e-07
-1.254228806768493e-07
3.239477184950422e-07
-1.106178111865677e-07
3.052130266349725e-07
-9.577951996432589e-08
2.88767309418289e-07
-8.233668990401136e-08
2.741343999383684e-07
-7.107244729132775e-08
2.608492855600969e-07
-6.237142780386251e-08
2.484341328106954e-07
-5.637556256777338e-08
2.363885605713637e-07
-5.307362181933138e-08
2.241848268991961e-07
-5.234514913702737e-08
2.11261863908434e-07
-5.396577079003541e-08
1.970161473231022e-07
-5.757700554083536e-08
1.80789274911784e-07
-6.262540012499374e-08
1.618595462608593e-07
-6.826774582611986e-08
1.394635854601468e-07
-7.324456928428591e-08
1.129225845035972e-07
-7.573637030511878e-08
8.204830574088274e-08
-7.328777448502915e-08
4.823626827116981e-08
-6.294167400700505e-08
1.658583132313102e-08
-4.250760793028493e-08
-1.325292054504328e-08
-5.357944235908569e-10
-5.598267979808612e-10
-4.552209654180468e-10
-3.415491290295438e-10
-1.978530335948704e-10
1.463763036286123e-11
-1.367371137923864e-10
1.794638459006675e-10
-1.392399810336816e-10
2.309528281896854e-10
-8.678700759438671e-11
3.151942451120704e-10
-1.595997570919158e-11
4.425016958853598e-10
1.615850844440813e-11
5.650594966670969e-10
7.984051840635533e-12
6.629625626306157e-10
2.29018725383876e-11
7.37056283665815e-10
2.175794122119592e-10
7.515445620460214e-10
8.508215158627068e-10
5.767767663883074e-10
2.0493545807938e-09
3.900364614401806e-11
3.231513993865594e-09
-7.52995864389541e-10
3.144874257440814e-09
-1.027838784766091e-09
2.071799777226837e-09
-8.831208233949651e-11
4.076476485922916e-08
1.02832655519217e-07
9.56627072086875e-08
1.448346250095442e-07
1.690555539445286e-07
1.822895686833532e-07
2.526779986899095e-07
2.079007841986354e-07
3.398908079362866e-07
2.159828313094504e-07
4.22876894460902e-07
2.024851164759492e-07
4.910855681727753e-07
1.660215036365749e-07
5.289181745344359e-07
1.084932053211459e-07
5.396198290931828e-07
5.310953692276556e-08
5.396076680835521e-07
1.813075774506051e-08
5.387819335752491e-07
1.760413953006305e-09
5.388487249817694e-07
-4.334373266616469e-09
5.393644614058745e-07
-5.608757095127413e-09
5.398988576631598e-07
-4.905151764657258e-09
5.40293483156373e-07
-3.494244747418513e-09
5.405255609026489e-07
-1.924303194017592e-09
5.406190503911194e-07
-3.984316293074506e-10
5.406155727761645e-07
1.008102916337453e-09
5.405668713303074e-07
2.186915758590897e-09
5.405394822364947e-07
2.849192422375031e-09
5.406612554778559e-07
2.367232418369295e-09
5.41135451753908e-07
-5.273312013404373e-10
5.415519522408534e-07
-8.210551993457619e-09
5.376154626081742e-07
-2.491088335200795e-08
5.207110248773533e-07
-5.253229122024111e-08
4.878821100362421e-07
-8.233062486081804e-08
4.49340691703327e-07
-9.972605237933578e-08
4.109780038611338e-07
-1.054938677191357e-07
3.755951361314142e-07
-1.023933915775862e-07
3.441682683196328e-07
-9.399601292255077e-08
3.167532194907399e-07
-8.320276241849787e-08
2.930052309374288e-07
-7.20315314719559e-08
2.724101274328036e-07
-6.174158646411505e-08
2.543814000960663e-07
-5.30437200203672e-08
2.382985121864588e-07
-4.628853996413644e-08
2.235243247931964e-07
-4.160137524571154e-08
2.094163520202336e-07
-3.896564912028368e-08
1.953354880939084e-07
-3.826428528352803e-08
1.806546626818899e-07
-3.9284945448615e-08
1.64771345507715e-07
-4.169368843120783e-08
1.471295321678633e-07
-4.498358684154573e-08
1.272644959093633e-07
-4.840270961037364e-08
1.048979733698452e-07
-5.087804677221128e-08
8.01390851521734e-08
-5.097748209747262e-08
5.387190406303761e-08
-4.702059340279168e-08
2.843544032924724e-08
-3.750521028855888e-08
8.282250692093576e-09
-2.235441803639533e-08
-4.970669790221206e-09
-2.789274114962064e-10
-2.808993604759094e-10
-3.726230183446057e-10
-2.47853498011751e-10
-2.668278950656862e-10
-9.115746272926111e-11
-1.591829847697748e-10
7.181895722802656e-11
-1.105911359159416e-10
1.82361008085782e-10
-6.958648628182795e-11
2.741896123859764e-10
-9.687350645598108e-12
3.826025859348491e-10
5.644860395851554e-11
4.989235530051385e-10
1.311398671590003e-10
5.882713208539947e-10
2.692072959451364e-10
5.989888589788254e-10
5.692885402941424e-10
4.514633340169679e-10
1.086606196828366e-09
5.945910661809986e-11
1.678293529993707e-09
-5.526836762751003e-10
2.017091143354047e-09
-1.091793488450172e-09
2.085694915410792e-09
-1.096442551785235e-09
2.488902216572069e-09
-4.915194014462817e-10
3.880349379982106e-08
6.651806393546634e-08
9.16828372780923e-08
9.195528150656881e-08
1.60670079799546e-07
1.133023261562541e-07
2.387275441055216e-07
1.298433198618528e-07
3.19580445318741e-07
1.351299300859405e-07
3.954999432425155e-07
1.265656185159739e-07
4.576974116155584e-07
1.038240352491103e-07
4.966783596576207e-07
6.951225723817019e-08
5.138661043173898e-07
3.592179224496196e-08
5.190022065659797e-07
1.299465545154278e-08
5.197256422926673e-07
1.036978205223012e-09
5.192108646750329e-07
-3.81959569723706e-09
5.184953718978914e-07
-4.893264341645445e-09
5.178678073003343e-07
-4.277587218116396e-09
5.174162877405729e-07
-3.042725213505284e-09
5.171701474940245e-07
-1.67816300083318e-09
5.171380334661232e-07
-3.663176291992815e-10
5.17319096878814e-07
8.270394481844579e-10
5.176923514210764e-07
1.813661186689445e-09
5.181826198638911e-07
2.358923922079749e-09
5.18594934956296e-07
1.954917294429864e-09
5.184253503285858e-07
-3.577466332170007e-10
5.163139532644439e-07
-6.099154962934426e-09
5.086851284794058e-07
-1.728205862885158e-08
4.903475952504548e-07
-3.419475802722833e-08
4.600071452737962e-07
-5.199017494849353e-08
4.235688691938401e-07
-6.328777633783053e-08
3.857079774068015e-07
-6.763297599891465e-08
3.49516040588005e-07
-6.620145479991782e-08
3.16593766135418e-07
-6.107373853924114e-08
2.875249301679805e-07
-5.413392649525788e-08
2.622789265539015e-07
-4.678552792983361e-08
2.404770528308444e-07
-3.993971278918218e-08
2.215549990339445e-07
-3.412166629842199e-08
2.048575749915645e-07
-2.959111597431556e-08
1.896946005340006e-07
-2.643840086471342e-08
1.753760767619841e-07
-2.464712540279258e-08
1.612376015283435e-07
-2.412581012150398e-08
1.466647607908756e-07
-2.471210475909206e-08
1.311245722041176e-07
-2.61534998992077e-08
1.142119340289223e-07
-2.807094869734548e-08
9.572188180139531e-08
-2.991265740698269e-08
7.576142172418705e-08
-3.091758669254902e-08
5.491552997801082e-08
-3.013159035549396e-08
3.446056517232268e-08
-2.656562858840886e-08
1.656845708260952e-08
-1.961310207132265e-08
4.16117442034097e-09
-9.947135278523347e-09
-8.094952569483449e-10
-1.427187917783121e-10
-1.381805464186812e-10
-2.475154596136441e-10
-1.430568028255596e-10
-2.505210083151285e-10
-8.815189231774632e-11
-1.888761795300096e-10
1.017415437099178e-11
-1.188995416492142e-10
1.12384388156345e-10
-4.756106987460128e-11
2.0285116348984e-10
4.341475483050133e-11
2.916267743150531e-10
1.64608487349076e-10
3.777298392839703e-10
3.227206423361734e-10
4.301591732561993e-10
5.290278923084594e-10
3.926816228919919e-10
7.743211327526388e-10
2.061700946750132e-10
9.809711996038977e-10
-1.471909518220457e-10
1.027954740143913e-09
-5.996672223038749e-10
9.577235836923036e-10
-1.021562329330441e-09
1.16281272258256e-09
-1.301531702776497e-09
1.911575971467022e-09
-1.240282653418474e-09
3.214904235298532e-08
3.628059753550026e-08
7.816662348643135e-08
4.593770036458145e-08
1.366927843788716e-07
5.477616523954983e-08
2.023294455809701e-07
6.420665864625713e-08
2.700321811568584e-07
6.742719448064469e-08
3.332421717765437e-07
6.335562787843075e-08
3.851207693599925e-07
5.194543763181697e-08
4.196918578124479e-07
3.494116876408423e-08
4.374842513175657e-07
1.812939870221362e-08
4.442334777332165e-07
6.245429011048173e-09
4.454683636101538e-07
-1.97907712476997e-10
4.444758310263317e-07
-2.827063140891842e-09
4.428931685615337e-07
-3.310601920117434e-09
4.414284753268429e-07
-2.812894013037756e-09
4.403553949740515e-07
-1.969644906009185e-09
4.397511191238003e-07
-1.073887181978741e-09
4.396136908024874e-07
-2.288893549038244e-10
4.399055601850009e-07
5.351700326638569e-10
4.405444239303943e-07
1.174797392664089e-09
4.41346263532859e-07
1.55708428499125e-09
4.419146828786547e-07
1.386497898301704e-09
4.414346727081979e-07
1.222635008125776e-10
4.383542209882657e-07
-3.018703295281266e-09
4.299676956621853e-07
-8.895533341291371e-09
4.132007325109046e-07
-1.74277949304307e-08
3.875100337424517e-07
-2.629947622089864e-08
3.563769057151537e-07
-3.215464836735417e-08
3.232885854684927e-07
-3.454465579559883e-08
2.910057105295547e-07
-3.391857992012461e-08
2.612302868877135e-07
-3.129831494333784e-08
2.347658321174552e-07
-2.766947178639148e-08
2.117743834508087e-07
-2.379407931190611e-08
1.920091874993347e-07
-2.017451690117194e-08
1.749880023612304e-07
-1.710048121168072e-08
1.601094099807635e-07
-1.471252365797446e-08
1.467270605140405e-07
-1.305605144963548e-08
1.341973835839615e-07
-1.211744853218274e-08
1.219138902172355e-07
-1.184231679923246e-08
1.093394843493031e-07
-1.213769893482907e-08
9.604652926817975e-08
-1.286054484375815e-08
8.177230862282767e-08
-1.379672806842494e-08
6.649568829932958e-08
-1.463603707836904e-08
5.053462797463373e-08
-1.495652634901762e-08
3.464961461670261e-08
-1.424657697047684e-08
2.010264636292122e-08
-1.201866030990462e-08
8.569048999526214e-09
-8.079504663742923e-09
1.677085560543697e-09
-3.055171626855616e-09
8.675903988370515e-10
-8.396338552789118e-11
-5.421714998573503e-11
-1.657848160881607e-10
-6.123535780948708e-11
-2.080551426119982e-10
-4.58815551231902e-11
-1.923413851652219e-10
-5.539589878361847e-12
-1.289734016469477e-10
4.901641227406202e-11
-2.937107304640475e-11
1.032488457243308e-10
1.085890770774745e-10
1.53666628104562e-10
2.891991089191369e-10
1.971198152825789e-10
5.034094627961237e-10
2.159488190267475e-10
7.164841485783504e-10
1.796069414051271e-10
8.574087249307987e-10
6.524551328498858e-11
8.274886684951199e-10
-1.172708950363818e-10
5.601695357591155e-10
-3.323480995294085e-10
1.288949067328782e-10
-5.902877041264042e-10
-1.505230434483922e-10
-1.022113767550987e-09
3.025858457801751e-10
-1.693391550675048e-09
2.30268596887544e-08
1.355632367274504e-08
5.580629241248305e-08
1.315826762882997e-08
9.632917139979451e-08
1.425328622803801e-08
1.4216140191103e-07
1.837442811940875e-08
1.899231660324124e-07
1.966543033118868e-08
2.346264361008519e-07
1.865235779128039e-08
2.713361912645337e-07
1.523568243676411e-08
2.96235132926525e-07
1.00422270807446e-08
3.094637043054862e-07
4.900827289087715e-09
3.144180941096539e-07
1.291039183306288e-09
3.148332220929241e-07
-6.130357322157796e-10
3.133166504798978e-07
-1.310491553244785e-09
3.113426608123232e-07
-1.336612290856082e-09
3.096027204825162e-07
-1.07295371006392e-09
3.083589337429661e-07
-7.258582062777402e-10
3.076692975936882e-07
-3.842510607788334e-10
3.075128650201794e-07
-7.245682255549385e-11
3.078387856528708e-07
2.092493706860947e-10
3.08558478118794e-07
4.551048842171316e-10
3.094880942525978e-07
6.274681205530954e-10
3.102423256034577e-07
6.322665033473105e-10
3.100730474999851e-07
2.915415719996947e-10
3.077017596358155e-07
-6.474154771131288e-10
3.012551240991954e-07
-2.448897838973279e-09
2.8890379698826e-07
-5.076467867717446e-09
2.70419615029854e-07
-7.815294299099323e-09
2.478807633403867e-07
-9.615796728497316e-09
2.236788750759887e-07
-1.034276757026222e-08
1.998809038704996e-07
-1.012060876760729e-08
1.778591990146436e-07
-9.276610129016537e-09
1.583143364635306e-07
-8.124609290404521e-09
1.414276758619255e-07
-6.907418754178248e-09
1.270352294404379e-07
-5.782070536387183e-09
1.147708266956841e-07
-4.83607851228251e-09
1.041673678720885e-07
-4.109064890501505e-09
9.472248517820188e-08
-3.611168799159724e-09
8.594022046416947e-08
-3.335183867577538e-09
7.736039903120592e-08
-3.262495399557799e-09
6.858624412735019e-08
-3.363544062318886e-09
5.931916982554978e-08
-3.593470554386639e-09
4.940695168178119e-08
-3.884509927930261e-09
3.890782051623661e-08
-4.136905892923439e-09
2.816430328069716e-08
-4.213009077744471e-09
1.786245133207737e-08
-3.944724991291149e-09
9.01830859450543e-09
-3.174517550550443e-09
2.790473805818314e-09
-1.85166975765471e-09
-3.214591385510075e-11
-2.325517376926511e-10
8.354445615653686e-10
-5.421714605333716e-11
-1.154525023615527e-10
-1.613340533788727e-10
-1.668736429486081e-10
-1.178572271599615e-10
-1.460838258906874e-11
1.390582481996265e-10
3.361780606842422e-10
5.521268813376271e-10
7.317338181394429e-10
7.969793318006382e-10
6.79708430247224e-10
3.473603297060944e-10
-2.429273829025813e-10
-1.265041152929567e-09
-2.958432714024665e-09
1.059789095480119e-08
2.375615857141194e-08
3.800944479420633e-08
5.638387289980842e-08
7.604930322459934e-08
9.470166100072553e-08
1.099373434301081e-07
1.199795704945584e-07
1.248803977754165e-07
1.261714369414716e-07
1.255584012003162e-07
1.242479096290433e-07
1.229112973286627e-07
1.218383435999316e-07
1.21112485383616e-07
1.207282343035933e-07
1.206557774704858e-07
1.20865026821332e-07
1.213201316944084e-07
1.219475997944246e-07
1.225798662858956e-07
1.228714078364984e-07
1.222239923465877e-07
1.197750944851957e-07
1.146986266036012e-07
1.068833322809737e-07
9.726753553742506e-08
8.692476794254305e-08
7.680415915868166e-08
6.752754900408308e-08
5.94029396962613e-08
5.249552091583065e-08
4.67134503611362e-08
4.187737182279618e-08
3.776830691426673e-08
3.415713809165678e-08
3.082195420941044e-08
2.755945879380317e-08
2.419591472493461e-08
2.060244416641646e-08
1.671793424486541e-08
1.258102836613171e-08
8.368019304483963e-09
4.423294319787959e-09
1.248776791933563e-09
-6.02892900456132e-10
-8.354445615653657e-10
)
;

boundaryField
{
    inletLower
    {
        type            calculated;
        value           nonuniform List<scalar> 8(-3.999999999999997e-07 -4.000000000000004e-07 -3.999999999999997e-07 -4.000000000000004e-07 -3.999999999999997e-07 -4.000000000000004e-07 -3.999999999999997e-07 -4.000000000000004e-07);
    }
    inletUpper
    {
        type            calculated;
        value           nonuniform List<scalar> 8(-4.000000000000032e-07 -3.999999999999977e-07 -3.999999999999977e-07 -4.000000000000004e-07 -4.000000000000004e-07 -4.000000000000004e-07 -4.000000000000004e-07 -4.000000000000004e-07);
    }
    outletLower
    {
        type            calculated;
        value           nonuniform List<scalar> 8(2.670520484115214e-07 3.853792048355271e-07 4.639217655441743e-07 5.031387003497891e-07 5.030200270230192e-07 4.636087806271973e-07 3.846593358387025e-07 2.667058826021313e-07);
    }
    outletUpper
    {
        type            calculated;
        value           nonuniform List<scalar> 8(2.427308053152159e-07 3.463713547635803e-07 4.326665800940759e-07 4.765246751434158e-07 4.891837963252174e-07 4.688254763050564e-07 4.103666967679739e-07 2.958449326736703e-07);
    }
    sideWalls
    {
        type            calculated;
        value           uniform 0;
    }
    topBottomWalls
    {
        type            calculated;
        value           uniform 0;
    }
    frontAndBack
    {
        type            symmetry;
        value           uniform 0;
    }
}


// ************************************************************************* //
