/*--------------------------------*- C++ -*----------------------------------*\
| =========                 |                                                 |
| \\      /  F ield         | OpenFOAM: The Open Source CFD Toolbox           |
|  \\    /   O peration     | Version:  2506                                  |
|   \\  /    A nd           | Website:  www.openfoam.com                      |
|    \\/     M anipulation  |                                                 |
\*---------------------------------------------------------------------------*/
FoamFile
{
    version     2.0;
    format      ascii;
    arch        "LSB;label=32;scalar=64";
    class       surfaceScalarField;
    location    "5000";
    object      phi;
}
// * * * * * * * * * * * * * * * * * * * * * * * * * * * * * * * * * * * * * //

dimensions      [0 3 -1 0 0 0 0];

oriented        oriented;

internalField   nonuniform List<scalar> 
8064
(
-5.371344838907907e-11
5.371349504550028e-11
-1.146605110528e-10
6.094710396527409e-11
-1.606263217734962e-10
4.596584716901315e-11
-1.664762763816204e-10
5.849989422975444e-12
-1.175117239024348e-10
-4.896452047763236e-11
-1.363169994529793e-11
-1.0387999263343e-10
1.414310458437321e-10
-1.550627179081307e-10
3.405264632835545e-10
-1.990953902398218e-10
5.587363928686664e-10
-2.182099067239756e-10
7.404550029710986e-10
-1.817185879185433e-10
8.070698164171009e-10
-6.661479630369496e-11
6.90636307232511e-10
1.164335258396624e-10
3.635878092504337e-10
3.270485091475091e-10
-1.975490946157421e-10
5.611369149101969e-10
-1.124752804883693e-09
9.272037155578183e-10
-2.653642187001598e-09
1.528889387760504e-09
1.143646393965703e-08
-1.409010612680254e-08
2.433269754422114e-08
-1.289623360376351e-08
3.857979737502752e-08
-1.424709983570192e-08
5.711224693866071e-08
-1.85324495669716e-08
7.698781362058458e-08
-1.987556669082406e-08
9.585088584359231e-08
-1.886307222979269e-08
1.112602132259555e-07
-1.540932739461964e-08
1.214186224987708e-07
-1.015840928254785e-08
1.263801687252283e-07
-4.961546241675498e-09
1.27693254778594e-07
-1.31308606574954e-09
1.270822749406438e-07
6.109798200650345e-10
1.257669035051957e-07
1.315371420689022e-09
1.244255360744712e-07
1.341367410461095e-09
1.233510980148605e-07
1.074438042705282e-09
1.226288245729639e-07
7.222734194435637e-10
1.222555441120598e-07
3.732804419453453e-10
1.222052441997632e-07
5.029988768091698e-11
1.224531324739117e-07
-2.47888295243834e-10
1.229687521574175e-07
-5.156197104442968e-10
1.236807929104117e-07
-7.120407765054924e-10
1.244136150065652e-07
-7.328221257845827e-10
1.247915620455514e-07
-3.779470654041121e-10
1.24151340508308e-07
6.402215043591554e-10
1.215267982296374e-07
2.624542248731432e-09
1.159783286404186e-07
5.548469552482603e-09
1.073303768025085e-07
8.6479518038666e-09
9.650392306592283e-08
1.08264536954371e-08
8.456990263370013e-08
1.193402039352578e-08
7.247901572830915e-08
1.209088685932209e-08
6.085727885261557e-08
1.16217368319264e-08
5.003263120347343e-08
1.082464759789775e-08
4.012864794721017e-08
9.903983207390698e-09
3.117829952775718e-08
8.950348363308203e-09
2.322263498293103e-08
7.955664491588085e-09
1.637091003807309e-08
6.851724885482026e-09
1.08284807110299e-08
5.542429272601027e-09
6.731937026958383e-09
4.096543627365007e-09
4.359764351239142e-09
2.372172630828297e-09
1.977730078680485e-09
2.382034234667883e-09
-7.865560465207863e-10
2.764286111406404e-09
-4.473406877988627e-10
-3.39215351830605e-10
-2.406829988618724e-10
-2.066576521731617e-10
-7.011515006144739e-11
-1.705677922905407e-10
9.819575196521055e-11
-1.683108281335181e-10
2.136893417230584e-10
-1.154935377406e-10
2.272372229127655e-10
-1.354783300638573e-11
1.404298628589575e-10
8.680761819678326e-11
1.404298781628467e-10
-8.356551550934652e-11
1.372790204820758e-10
-1.6535320279993e-10
1.427348166003315e-10
-2.081507647684723e-10
8.876344218553446e-11
-1.928521708470273e-10
-9.448576754082567e-12
-1.290663665535809e-10
-1.127502937034389e-10
-2.810290714459886e-11
-2.048434286434834e-10
1.117803665591069e-10
-2.949459644663008e-10
2.944930486761901e-10
-3.818080542748286e-10
5.109378727044878e-10
-4.34654708461119e-10
7.26728283504743e-10
-3.975089866640588e-10
8.715301559472924e-10
-2.114166519458057e-10
8.474554028583132e-10
1.405082846323026e-10
5.867546093229724e-10
5.877493137849495e-10
1.488105263674154e-10
9.990809972774638e-10
-1.987338881874508e-10
1.274748135678181e-09
1.026120943407625e-10
1.227543398752636e-09
2.277737394816469e-08
-3.676486798015457e-08
5.620141070452728e-08
-4.632027037181182e-08
9.737955532116428e-08
-5.542524445624818e-08
1.438410248295277e-07
-6.499391909143331e-08
1.922108797133899e-07
-6.824542158225817e-08
2.374562191326121e-07
-6.41084116687982e-08
2.745988733089326e-07
-5.255198158158983e-08
2.997915552647511e-07
-3.53510912613057e-08
3.131847372794604e-07
-1.835472826975092e-08
3.182136565168719e-07
-6.342005328920214e-09
3.186547028796565e-07
1.699334414901169e-10
3.17143967272627e-07
2.826106999504751e-09
3.151713753223535e-07
3.313959342829788e-09
3.134356423112799e-07
2.810171023408389e-09
3.122030109222611e-07
1.954904788617646e-09
3.115359282846941e-07
1.040363047113327e-09
3.114197810869711e-07
1.66447063607999e-10
3.118113825163203e-07
-6.394897590975721e-10
3.126281052149048e-07
-1.332342433004895e-09
3.136833031124473e-07
-1.767238710967374e-09
3.1456584976756e-07
-1.615368807523853e-09
3.144541743031361e-07
-2.662716408538449e-10
3.119193289642557e-07
3.175066813303556e-09
3.048493023710726e-07
9.694568798422361e-09
2.911538278303859e-07
1.924394405920515e-08
2.704541155302529e-07
2.934766405624614e-08
2.447848860411818e-07
3.649568314587547e-08
2.165285375806837e-07
4.019036880148089e-08
1.877532495279153e-07
4.086617486825279e-08
1.598429379532659e-07
3.953204834892155e-08
1.335474166821708e-07
3.712016881972047e-08
1.091800079063549e-07
3.427139192060798e-08
8.684694120540722e-08
3.128341500987812e-08
6.664359696224282e-08
2.815900866822244e-08
4.878292532724316e-08
2.471239646273294e-08
3.361608250672079e-08
2.070927202635817e-08
2.150449370878487e-08
1.620813237067871e-08
1.239175640434133e-08
1.148490987935853e-08
5.230528290883422e-09
9.543262313154763e-09
-9.237498035069896e-11
8.087189360615592e-09
-2.461511063540718e-10
-1.854392170943622e-10
-1.801219265721165e-10
-2.726867985765252e-10
2.735096474438958e-11
-3.780406260533536e-10
2.223504678406781e-10
-3.633102792194094e-10
3.0232481635544e-10
-1.954678162422378e-10
2.606139928939445e-10
2.816310938505163e-11
1.380323065901536e-10
2.093893079134289e-10
2.784624244926817e-10
-1.425290281134217e-10
2.798081111437093e-10
-2.482517700665144e-10
2.484575985002184e-10
-2.526479285909426e-10
9.315962782292879e-11
-1.911511312854539e-10
-7.094535053861805e-11
-1.195633430961059e-10
-1.843380628770511e-10
-4.567416386871817e-11
-2.787325893580579e-10
4.778627435457987e-11
-3.884063882890519e-10
1.709543019312077e-10
-5.049760675284337e-10
3.308039128673041e-10
-5.945043096087605e-10
5.395781150071736e-10
-6.062831789461622e-10
7.892495712588186e-10
-4.610881032520969e-10
1.00146851491609e-09
-7.171065381612512e-11
1.048316346398617e-09
5.409014823732888e-10
9.577640322186752e-10
1.08963331207902e-09
1.115816053716261e-09
1.116696109534361e-09
1.811279327929734e-09
5.320801208159969e-10
3.231393366343632e-08
-6.72675223245701e-08
7.902053028711887e-08
-9.302686700308449e-08
1.383438096650636e-07
-1.147485238468364e-07
2.048155058738697e-07
-1.314656153111691e-07
2.733409663534117e-07
-1.367708820776639e-07
3.372934581064747e-07
-1.280609034356568e-07
3.897676172056316e-07
-1.050261406994179e-07
4.247371287426952e-07
-7.03206028147652e-08
4.427475033042906e-07
-3.636510285261517e-08
4.495963797947621e-07
-1.319088183815604e-08
4.508723951846832e-07
-1.106081971990471e-09
4.498979742019316e-07
3.800527961426702e-09
4.483270708404927e-07
4.884862678696798e-09
4.468739087435413e-07
4.263333097663067e-09
4.458150010020935e-07
3.013812502615573e-09
4.452310601883521e-07
1.624303836324518e-09
4.451255713397909e-07
2.719358827954905e-10
4.454673391437515e-07
-9.812575895808264e-10
4.46178537246874e-07
-2.043540567678029e-09
4.47071185225058e-07
-2.659886718044987e-09
4.477213775589586e-07
-2.265561175623248e-09
4.472292314417802e-07
2.258744444740092e-10
4.438465123994026e-07
6.557785818173131e-09
4.345161084228621e-07
1.902497273942653e-08
4.157589152478165e-07
3.800113719274266e-08
3.868272930645023e-07
5.827928619969277e-08
3.511749791351168e-07
7.214799702917119e-08
3.122880236899264e-07
7.907732420191279e-08
2.729222969156731e-07
8.023190159139761e-08
2.347749893192688e-07
7.76793558953484e-08
1.98681560101111e-07
7.321359798164885e-08
1.649290908157146e-07
6.802386115086091e-08
1.335589124727196e-07
6.265359329184245e-08
1.046130017216439e-07
5.710491935959127e-08
7.830758250921329e-08
5.101781561067692e-08
5.510072379935283e-08
4.391613067476958e-08
3.560760076271117e-08
3.570125534450282e-08
2.021614729458212e-08
2.687636329314725e-08
8.488279580027968e-09
2.127112998016776e-08
2.230399569257583e-10
1.635242895471108e-08
-4.944636422617492e-11
8.704709163565338e-11
4.923719406822131e-11
-3.713703443883375e-10
3.123488798522763e-10
-6.411522836697076e-10
4.364164624784746e-10
-4.873778224387934e-10
3.750114665927484e-10
-1.340628120009877e-10
2.334223901313661e-10
1.69752201036983e-10
9.815149175592322e-11
3.446606783885153e-10
3.766138955057689e-10
-2.795267406146412e-10
5.593348274512371e-10
-3.763180477242872e-10
3.452489096679107e-10
-2.72516500297495e-10
-1.06419079570466e-11
-1.633600010378321e-10
-1.801018392479284e-10
-1.110830555446642e-10
-2.366149984674283e-10
-6.637444245340775e-11
-3.234411952871755e-10
-3.733662289829201e-12
-4.510471618685987e-10
6.418356541236953e-11
-5.728932915264432e-10
1.399811958441906e-10
-6.703019367429366e-10
2.788938428687788e-10
-7.451958257151367e-10
5.801481642360457e-10
-7.623424246512665e-10
1.098821108768323e-09
-5.903836015518145e-10
1.689256337418617e-09
-4.953374964156267e-11
2.020004727316659e-09
7.588849155533531e-10
2.076814574201289e-09
1.059886256070303e-09
2.475133841632305e-09
1.337608435288571e-10
3.928197230041406e-08
-1.040743607929516e-07
9.288441746078398e-08
-1.466293121762048e-07
1.627449425140715e-07
-1.846090489124074e-07
2.417548727212429e-07
-2.104755455336957e-07
3.235601996670761e-07
-2.185762090381825e-07
4.003465159734879e-07
-2.048472197597988e-07
4.632346883874682e-07
-1.679143131303333e-07
5.026494814062015e-07
-1.097353958534748e-07
5.200453787334708e-07
-5.376100019894555e-08
5.252632992699258e-07
-1.840880239664082e-08
5.260225834563073e-07
-1.865366179287988e-09
5.255317626451392e-07
4.291348748811478e-09
5.248374341494284e-07
5.579191151852672e-09
5.242275087707675e-07
4.873258450902219e-09
5.237881658751026e-07
3.45315537410232e-09
5.235490236197469e-07
1.863446064562177e-09
5.235213327976565e-07
2.996266789338791e-10
5.237078888199521e-07
-1.167813640928044e-09
5.240914247761224e-07
-2.427076551913682e-09
5.245995008686414e-07
-3.167962841976327e-09
5.250310725381019e-07
-2.697132875790842e-09
5.248294852099526e-07
4.274617382511129e-10
5.224389896974954e-07
8.948281296615608e-09
5.138120304801852e-07
2.765193191873324e-08
4.931547861065342e-07
5.865838152838845e-08
4.589464214301842e-07
9.248765083376139e-08
4.171529354671706e-07
1.139414829495947e-07
3.72479420315686e-07
1.237508393063734e-07
3.279974917496995e-07
1.24713830109843e-07
2.852536137312727e-07
1.204232338618138e-07
2.447881759419056e-07
1.136790357184413e-07
2.065996962363091e-07
1.062123407996277e-07
1.704857859469082e-07
9.876750352373401e-08
1.362990481318221e-07
9.129165711319311e-08
1.04154633516175e-07
8.316223016448406e-08
7.458949507564968e-08
7.34812690507127e-08
4.863969149709982e-08
6.165105886023241e-08
2.753368998361424e-08
4.798236474489739e-08
1.178350753366661e-08
3.702131237618206e-08
8.125683805807209e-11
2.805467960429283e-08
6.308926660816853e-11
1.052146327349784e-10
5.58645484364808e-10
-8.669265768029793e-10
8.100657472535463e-10
-8.925725450793424e-10
6.54076396310145e-10
-3.313884970150621e-10
3.574962813666645e-10
1.625173352189016e-10
1.325226813082017e-10
3.947260021127317e-10
2.655552004341401e-11
4.506277289782551e-10
4.031698434871049e-10
-5.399151535503531e-10
1.099250049767135e-09
-4.6577181298064e-10
2.711055955583827e-10
-2.07823775560494e-10
-2.685899371482203e-10
-1.409436948781225e-10
-2.469819176595315e-10
-1.377951092562959e-10
-2.39763585266062e-10
-8.183614257375259e-11
-3.794001643972545e-10
-8.967535011560781e-12
-5.239157737878953e-10
2.466767841073343e-11
-6.065285098807091e-10
1.739419775647543e-11
-6.630284627530909e-10
3.152305643864242e-11
-7.593246914509954e-10
2.228820721014034e-10
-9.537014490927332e-10
8.519938693334167e-10
-1.219495407876965e-09
2.051378804234003e-09
-1.248918695390876e-09
3.245146282340944e-09
-4.348825736457635e-10
3.177216153795443e-09
1.127816371700463e-09
2.122727655193902e-09
1.188249329112768e-09
4.136009782103732e-08
-1.433117309735596e-07
9.701134089761477e-08
-2.022805552675787e-07
1.713356538652517e-07
-2.589333618965442e-07
2.559718857259223e-07
-2.95111777410831e-07
3.441967283821216e-07
-3.068010517125598e-07
4.281070805247724e-07
-2.887575719205335e-07
4.970411070640202e-07
-2.368483396894231e-07
5.352706480879095e-07
-1.47964936897106e-07
5.46101789048428e-07
-6.459214118089141e-08
5.46109790665655e-07
-1.841680403500259e-08
5.452964923452667e-07
-1.05206788158625e-09
5.453876987843103e-07
4.200142287454277e-09
5.459324741219707e-07
5.034415790322247e-09
5.464893883110835e-07
4.31634423824809e-09
5.468921477419783e-07
3.050395918010741e-09
5.471145750466487e-07
1.641018734894255e-09
5.471798095558005e-07
2.343921429523753e-10
5.471291077248434e-07
-1.117111836807589e-09
5.47015450608455e-07
-2.313419464442078e-09
5.469167152011141e-07
-3.069227463836484e-09
5.469937501867121e-07
-2.774167892959034e-09
5.474808129579765e-07
-5.960106518579505e-11
5.478456011408075e-07
8.583493078928639e-09
5.431877900674114e-07
3.230974295630981e-08
5.239786123928058e-07
7.786755916418783e-08
4.870537541039116e-07
1.294125090825644e-07
4.428896766657491e-07
1.581055603444862e-07
3.974594096453531e-07
1.691811062819943e-07
3.535109058208564e-07
1.686623338863604e-07
3.118856000751066e-07
1.620485395579705e-07
2.724764875978121e-07
1.530881481430317e-07
2.348015440545537e-07
1.438872842883971e-07
1.982970271733301e-07
1.352720203473435e-07
1.625099784972336e-07
1.270787057294399e-07
1.272963027788786e-07
1.183759058198113e-07
9.308106657521238e-08
1.076965051889589e-07
6.122468412287806e-08
9.350744124484615e-08
3.401174894194585e-08
7.519529985732774e-08
1.4105306407262e-08
5.692775484306321e-08
-7.835845701310496e-10
4.294357051774601e-08
6.509286079785945e-10
-1.32929860567094e-09
1.582992610986831e-09
-1.798990627176399e-09
1.2964688607935e-09
-6.060488545356766e-10
6.262775543627343e-10
3.388027979532877e-10
1.70376049587097e-10
6.18418772037585e-10
-1.399616462697332e-11
5.790981324111082e-10
-4.310560789422063e-11
4.797380682596332e-10
3.60064215173037e-10
-7.645115372989754e-10
1.863761520420695e-09
-2.510737940741604e-10
-2.423321704466265e-10
-1.316206247299365e-10
-3.880431167300873e-10
-2.669187848130626e-10
-1.116837666696271e-10
-2.100761370374656e-10
-2.966062426880579e-10
-4.555581518334093e-11
-5.439204970684199e-10
5.062144320780991e-11
-6.200930436166727e-10
5.025782222142621e-11
-6.061649013025152e-10
-2.016844760122034e-12
-6.10753808570768e-10
-7.151413458634332e-11
-6.898274152781114e-10
-1.031325130748157e-10
-9.220830845639908e-10
1.593013272272819e-10
-1.48192926298225e-09
1.359335816859281e-09
-2.448953200138254e-09
3.913124497860322e-09
-2.988671270637594e-09
5.859348728281931e-09
-8.184078749488521e-10
3.164616372189829e-09
3.882981668063921e-09
3.814522112452993e-08
-1.782923357432546e-07
9.270546367233723e-08
-2.568407978335914e-07
1.666659258645886e-07
-3.328938241072522e-07
2.491371802283291e-07
-3.775830317939216e-07
3.346208444745481e-07
-3.922847159784108e-07
4.177106476724689e-07
-3.718473751390426e-07
4.876331050803588e-07
-3.067707971181979e-07
5.188196511806913e-07
-1.79151483019193e-07
5.184399602374825e-07
-6.421245025960849e-08
5.117248998926608e-07
-1.170174371281602e-08
5.099213588631115e-07
7.514731253050078e-10
5.113136097192227e-07
2.807891408017759e-09
5.134092438639524e-07
2.938781622170296e-09
5.151690406784334e-07
2.556547399557796e-09
5.163578304452375e-07
1.861606126732199e-09
5.169843764076357e-07
1.014472747039068e-09
5.171037004744583e-07
1.150680501738186e-10
5.167797532728738e-07
-7.931646624194989e-10
5.160856481618859e-07
-1.619314381432325e-09
5.151438140589474e-07
-2.127393390406357e-09
5.143455116968476e-07
-1.975865561451308e-09
5.148746946572108e-07
-5.887840579685282e-10
5.182300923578845e-07
5.228095344443459e-09
5.195341992763194e-07
3.100563600194755e-08
5.051405472711844e-07
9.226121113169362e-08
4.684615625859526e-07
1.66091493727815e-07
4.271415362525511e-07
1.994255866359436e-07
3.875042786906066e-07
2.088183637995597e-07
3.507069348173332e-07
2.054596777131838e-07
3.16335310468287e-07
1.964201638582015e-07
2.835056295881249e-07
1.859178289721552e-07
2.513019174195142e-07
1.760909964035559e-07
2.188674689749013e-07
1.677064687356777e-07
1.85435973936437e-07
1.605102007086407e-07
1.504330826121527e-07
1.533787970807261e-07
1.137539803976989e-07
1.443756073362131e-07
7.64265135846838e-08
1.308349079854391e-07
4.128900983654228e-08
1.103328035290004e-07
1.544696838170666e-08
8.27697962171313e-08
-4.075076768689427e-10
5.879804649244095e-08
3.152094653430288e-09
-4.888901018869555e-09
2.762597808226662e-09
-1.409493866610378e-09
1.117438309630492e-09
1.039110579955318e-09
1.586062958306046e-10
1.297634720604606e-09
-1.009484554024899e-10
8.779734912937382e-10
-8.807031655088542e-11
5.662204485174705e-10
-5.108214199597629e-11
4.427496160315931e-10
3.089822384836257e-10
3.029646459084653e-10
1.560796956297535e-09
4.174550273992558e-10
-3.568225317775354e-10
-6.191852979167228e-10
6.485972052097741e-10
-6.735322769791489e-10
-5.733679830534179e-11
-1.858838542043086e-10
-7.842546790705528e-10
1.091955543068406e-10
-8.389999203982872e-10
1.390975946468272e-10
-6.499950997408717e-10
7.482885138129141e-11
-5.418961742615763e-10
2.319640746494373e-11
-5.591213815343253e-10
-3.855164594252498e-12
-6.627758603700982e-10
-9.042104280133551e-11
-8.355172241053897e-10
-3.724764364345858e-10
-1.199873887358594e-09
-4.819435340826726e-10
-2.339486121097532e-09
1.772751191327592e-09
-5.243366014907899e-09
9.326056587233256e-09
-8.37171329034753e-09
1.619557764958476e-08
-2.986539413963988e-09
3.603840706626354e-08
-1.981351651801926e-07
8.980171859968515e-08
-3.106041093875422e-07
1.579722774665208e-07
-4.010643829952483e-07
2.272813965583668e-07
-4.468921509072622e-07
2.95933489568499e-07
-4.609368090106969e-07
3.643854034002183e-07
-4.402992889932443e-07
4.253271574067748e-07
-3.677125511477997e-07
4.367969162309048e-07
-1.906212418666246e-07
4.284793456514586e-07
-5.58948797037848e-08
4.217750866946481e-07
-4.997484779628763e-09
4.225240557454466e-07
2.504050641285615e-12
4.255587771797466e-07
-2.268300501907832e-10
4.284926995371806e-07
4.859240483938965e-12
4.307539177893143e-07
2.953291229531157e-10
4.32287054741608e-07
3.284691494236011e-10
4.33114496861663e-07
1.870306015028929e-10
4.33259533925628e-07
-2.996904008357038e-11
4.327386558768048e-07
-2.722866406461351e-10
4.315569487720994e-07
-4.37607304890533e-10
4.297084665966638e-07
-2.789112441934793e-10
4.273254174740505e-07
4.071835305269583e-10
4.254742849669273e-07
1.262348417193784e-09
4.274255892631318e-07
3.276791014592675e-09
4.31865096242787e-07
2.656612898706077e-08
4.306828798939252e-07
9.344342744339119e-08
4.005309372469113e-07
1.962434363358038e-07
3.706639973338721e-07
2.292925265078728e-07
3.454789492137262e-07
2.340034118765778e-07
3.232180612620799e-07
2.277205656196384e-07
3.021661647395254e-07
2.17472060333426e-07
2.810310725368806e-07
2.070529211254122e-07
2.588778603632323e-07
1.982442085251715e-07
2.348908242948782e-07
1.916935047493556e-07
2.082015367000742e-07
1.871994882445389e-07
1.778153264847219e-07
1.837650072329208e-07
1.42719410989237e-07
1.794715227614861e-07
1.02519454330936e-07
1.710348645672578e-07
5.881836300031941e-08
1.540338947727672e-07
2.325882503667544e-08
1.183293340876792e-07
9.993559136261851e-09
7.206331228651299e-08
7.757826738865066e-09
-2.653168727910394e-09
2.186719991068135e-09
4.161612756738494e-09
-1.441526074266709e-10
3.369983072729502e-09
-4.026231379909143e-10
1.556105133244584e-09
-1.975632646281607e-10
6.729135219895884e-10
-9.679912081182413e-12
3.783366505917459e-10
5.342647221359992e-11
3.796433856284826e-10
3.624084878731299e-10
6.903363702972818e-09
-5.342566843715454e-09
-2.072016904206153e-10
6.753742826089064e-09
-2.553489875647928e-09
2.994885373359015e-09
-9.617199086819188e-10
-1.649106779415774e-09
1.683492644947441e-10
-1.914323866490525e-09
3.013143441841142e-10
-9.719650150408955e-10
1.477103132309034e-10
-4.963910843440788e-10
4.223036206138715e-11
-4.36416239305214e-10
1.412135027842482e-11
-5.310123864611798e-10
5.985606403541351e-11
-7.08510591430443e-10
1.811828802368632e-10
-9.568440580966215e-10
9.090244935886567e-11
-1.109593474872598e-09
-1.18990806861446e-09
-1.058675622030141e-09
-3.354657089658483e-09
-3.078617013344016e-09
5.004082003537401e-09
-1.673045240347165e-08
6.410952399565676e-08
-6.209198142660409e-08
7.751602251472627e-08
-2.115416637203032e-07
1.21254799495191e-07
-3.543428863896386e-07
1.652356507679205e-07
-4.450452342901993e-07
1.996696587254058e-07
-4.813261588875864e-07
2.24246380541468e-07
-4.855135308501669e-07
2.404779439839397e-07
-4.56530852459614e-07
2.416322043353086e-07
-3.688668115235062e-07
2.717249810812559e-07
-2.207140186370692e-07
2.802429764758756e-07
-6.441287512310214e-08
2.922101112792655e-07
-1.696461960773647e-08
2.95022550440965e-07
-2.809935135839761e-09
2.957283437600536e-07
-9.326233941240513e-10
2.968631130921997e-07
-1.129910116702016e-09
2.981438600682082e-07
-9.854178783174978e-10
2.991246955792322e-07
-6.523663872628264e-10
2.99666541314687e-07
-3.548151600687467e-10
2.997630625985727e-07
-1.264903507464628e-10
2.994252474344504e-07
6.552849596586126e-11
2.9871572384534e-07
2.719162557678523e-10
2.979156476481788e-07
5.211649234958963e-10
2.973685673743208e-07
9.54263773714711e-10
2.952869962731401e-07
3.343919486422719e-09
2.837874024279584e-07
1.477638482639855e-08
2.635002699836555e-07
4.685326139648091e-08
2.462490853630996e-07
1.10694612027408e-07
2.626107274225953e-07
1.79881794238102e-07
2.705556490570151e-07
2.213476048333749e-07
2.753586473070245e-07
2.292004135847464e-07
2.766569595874726e-07
2.264222532953581e-07
2.745255252715437e-07
2.196034946038011e-07
2.69138583886676e-07
2.124398624623614e-07
2.606235261259071e-07
2.067592662358921e-07
2.48905819995783e-07
2.034112108256851e-07
2.335840049962761e-07
2.025213031864529e-07
2.138216314275568e-07
2.035273807370344e-07
1.882877414045322e-07
2.050054127130172e-07
1.55438061098078e-07
2.038845447900074e-07
1.148968649280263e-07
1.945750908495797e-07
7.643520458253477e-08
1.567909943218264e-07
5.213862964563394e-08
9.635988710473062e-08
7.776664585576048e-09
4.170879618737417e-08
-1.303733618178124e-09
1.324201082385253e-08
-9.763147572222928e-10
3.042564051255981e-09
-2.713080363131496e-10
8.510982265734836e-10
-3.908036301329674e-11
4.40685537665624e-10
5.717465758357526e-11
2.820813503234284e-10
3.347899164366464e-10
1.020275032455452e-10
6.971982514238573e-10
3.012687465682149e-07
9.338868669752187e-08
2.706025779440457e-07
3.741991148242354e-08
2.690676146438052e-07
4.529848677135583e-09
2.6859752288111e-07
-1.179015021632858e-09
2.666672513948996e-07
1.594761167982602e-11
2.64960389462665e-07
7.348969076116e-10
2.638542618558864e-07
6.097365117322789e-10
2.630642968016746e-07
3.535488032423812e-10
2.623338484620879e-07
1.994359405179869e-10
2.615650957554983e-07
6.024210161040985e-11
2.608659220145519e-07
-2.576703316633523e-10
2.606557349462535e-07
-8.99406422071616e-10
2.612141433366209e-07
-1.617084028847861e-09
2.602767761406586e-07
-2.141249834792307e-09
2.516130706289375e-07
-8.066746910101431e-09
2.472380990235628e-07
-5.771700984053897e-08
2.217000839824635e-07
-1.860036486994628e-07
2.25047699986033e-07
-3.576905024145212e-07
2.141132982013582e-07
-4.34110832527794e-07
1.947122534088856e-07
-4.619251141183503e-07
1.646583182519049e-07
-4.554595957172171e-07
1.234700587497576e-07
-4.153425929822575e-07
8.103174525719784e-08
-3.264284980561861e-07
6.758332701000309e-08
-2.072656004156427e-07
5.321580126331961e-09
-2.151128265326346e-09
-3.573346573164575e-09
-8.069692934343608e-09
-1.260610175399836e-09
-5.122671559816314e-09
1.180058344512015e-10
-2.311239430380825e-09
2.19347422263333e-10
-1.23125173107593e-09
7.935806692076465e-11
-8.454285498098432e-10
2.89048213118478e-12
-5.758988295896688e-10
-2.516415068970198e-11
-3.267605547910069e-10
-4.34819245813814e-11
-1.081726048713724e-10
-6.959722639689815e-11
9.164376913101528e-11
-1.205365671419569e-10
3.228555671592448e-10
-3.348031834706908e-10
7.354315096079905e-10
-1.118703525177869e-09
1.738164084268834e-09
-1.506749093590226e-09
3.731965022605439e-09
8.742931568938e-09
4.526704130501145e-09
5.882129158359731e-08
-3.225098652808897e-09
8.535132447594455e-08
8.416457909914063e-08
1.269137138778753e-07
1.383194047987636e-07
1.696336707598037e-07
1.786276479126271e-07
2.026248176845481e-07
1.962092666195243e-07
2.263579918415692e-07
2.026890790964184e-07
2.42688717381484e-07
2.032727690200546e-07
2.532971478393499e-07
2.018314319589743e-07
2.594495887741277e-07
2.006068252527033e-07
2.620491674851445e-07
2.008116320632233e-07
2.616587634177342e-07
2.029117071966998e-07
2.585272073294122e-07
2.066589367618277e-07
2.527126787614368e-07
2.108199412064142e-07
2.442958790756504e-07
2.123013443900073e-07
2.337776147627529e-07
2.050933550589605e-07
2.167307902583624e-07
1.738378187084866e-07
2.307808546918257e-07
8.230982253139913e-08
2.481519675809705e-07
2.433768314557044e-08
2.575465698652328e-07
3.847408368948534e-09
2.588460347582304e-07
1.743098983048973e-09
2.590153074910909e-07
6.818252713118294e-10
2.596050947942138e-07
-1.491021797818843e-10
2.602368772321364e-07
-3.497017423070138e-10
2.601627160786218e-07
1.761881738596679e-10
1.143194991067149e-10
4.21641295323609e-07
7.174739126739854e-08
4.100583635915083e-07
4.90028431871569e-08
3.962585867783245e-07
1.832962548662258e-08
3.882319023673661e-07
6.847669389707234e-09
3.842039836012071e-07
4.043866378002259e-09
3.819619794327612e-07
2.976901075183492e-09
3.804299696370001e-07
2.141746305280603e-09
3.79175860760552e-07
1.607657676157989e-09
3.779812740351032e-07
1.394022660951883e-09
3.767088602212114e-07
1.332655909064523e-09
3.752886990120749e-07
1.162490869447527e-09
3.737868091757258e-07
6.02483404767467e-10
3.728014986761438e-07
-6.317735403941748e-10
3.746318656573567e-07
-3.971616828573491e-09
3.840570837556825e-07
-1.749196502258605e-08
3.954079001179956e-07
-6.906782621850375e-08
3.893411060322265e-07
-1.799368546310323e-07
3.368555135491522e-07
-3.052049099502314e-07
2.764306766150371e-07
-3.736859956140297e-07
2.145393792652896e-07
-4.000338167902165e-07
1.503959383965853e-07
-3.913161548714255e-07
8.546345677279943e-08
-3.504101113823109e-07
3.342230484068453e-08
-2.743873461489022e-07
1.6019997383521e-08
-1.898632929837444e-07
9.296022864104416e-09
4.572846228143955e-09
1.636045284999105e-09
-4.097153814779176e-10
-5.551807135210351e-10
-2.931445587962991e-09
-3.301840018934853e-10
-2.536236168923588e-09
-9.360902985732755e-12
-1.552074857264649e-09
3.739423624331942e-11
-8.921837165544645e-10
-1.943285053859703e-11
-5.190717706916832e-10
-7.618462152740631e-11
-2.700088119826819e-10
-1.238980029744577e-10
-6.045925205441284e-11
-1.917179884687851e-10
1.594637255691538e-10
-3.262986746225819e-10
4.574362236616103e-10
-5.084143395719847e-10
9.175471443062387e-10
-2.078114906423361e-10
1.437561204312524e-09
2.384695397813808e-09
1.139458102336484e-09
8.567704614704589e-09
-1.656305119153062e-09
1.093596044316513e-08
-5.59335451499596e-09
2.447362342184382e-08
7.062691608560094e-08
6.290862900294445e-08
9.988439918172397e-08
1.096655911082588e-07
1.318706857700456e-07
1.514415628667355e-07
1.544332948226139e-07
1.862854520393096e-07
1.678451898838524e-07
2.14587127610395e-07
1.749710934076373e-07
2.374970387984346e-07
1.78921520727392e-07
2.563168139097444e-07
1.817870500955861e-07
2.723666110953333e-07
1.84761834827464e-07
2.86902883582021e-07
1.883754346547249e-07
3.011300965294303e-07
1.92431723749894e-07
3.163856647015896e-07
1.955643729592784e-07
3.343223915016018e-07
1.943646174983175e-07
3.566511369886265e-07
1.827646094637357e-07
3.795737871377429e-07
1.509151684279911e-07
3.77613077679953e-07
8.427053183720585e-08
3.721782364485525e-07
2.977252420091266e-08
3.695478099756109e-07
6.477834650892838e-09
3.705707688615934e-07
7.201398987829112e-10
3.722694457480375e-07
-1.016851878359046e-09
3.736442588761964e-07
-1.523915724345624e-09
3.745519644972025e-07
-1.257407975489685e-09
3.751099333003003e-07
-3.817811829717158e-10
1.937355220591974e-10
4.359165950565141e-07
3.583079636088878e-08
4.540367644858874e-07
3.088267381859814e-08
4.568081180870641e-07
1.555827191341061e-08
4.564203869941225e-07
7.23540050078668e-09
4.564559898224405e-07
4.008263564097025e-09
4.567545449504761e-07
2.678345959137607e-09
4.568742038420902e-07
2.022087423742675e-09
4.56714674226505e-07
1.767187299710331e-09
4.563118358707305e-07
1.796861022710712e-09
4.557054592506598e-07
1.939032532838476e-09
4.549604418946724e-07
1.907508227005045e-09
4.543651870341807e-07
1.197738264428477e-09
4.549670259067415e-07
-1.233612415947686e-09
4.591488874683416e-07
-8.153478395576234e-09
4.685034789814308e-07
-2.684655654325315e-08
4.72487522690467e-07
-7.305186993755685e-08
4.474615727760309e-07
-1.549109047287651e-07
3.85923892284977e-07
-2.43667229473708e-07
3.111338081641553e-07
-2.988959115096705e-07
2.329034387967598e-07
-3.21803447441308e-07
1.562622092198352e-07
-3.14674925314559e-07
8.666258677270989e-08
-2.808104889568783e-07
3.506901877189079e-08
-2.227937781708395e-07
2.209869012031282e-09
-1.570041432479363e-07
5.309830127618128e-09
1.472885087844884e-09
3.720202332470288e-09
1.179912388064968e-09
1.398915396272844e-09
-6.101586779295733e-10
3.029621597651581e-10
-1.440282959249307e-09
2.658777580951175e-11
-1.275700500534924e-09
-3.268866248703105e-11
-8.329073059761485e-10
-8.262093095209075e-11
-4.691395302318108e-10
-1.381238420224004e-10
-2.145059293149602e-10
-1.908960567270354e-10
-7.68706601884545e-12
-2.354743776265519e-10
2.040420174026441e-10
-2.129101940016877e-10
4.34872010640231e-10
1.127055146333142e-10
5.919314057898483e-10
1.190182941937981e-09
3.600837466666481e-10
2.989402296893272e-09
-6.597612835878042e-10
3.32071623665009e-09
-1.987619090510223e-09
-8.21842357869645e-10
-1.450795952859785e-09
1.597653505868111e-08
5.382853863588767e-08
4.365037265583089e-08
7.221056155043305e-08
8.117116664436558e-08
9.434989174648089e-08
1.203047929408931e-07
1.152996684898876e-07
1.575557670422107e-07
1.305942157453136e-07
1.915207844734239e-07
1.410060759376272e-07
2.220975871117684e-07
1.483447180486574e-07
2.499652496124503e-07
1.539193875515173e-07
2.763049745476122e-07
1.58422109845234e-07
3.024392944479995e-07
1.622411147004755e-07
3.295426485852759e-07
1.653283695503473e-07
3.585182443047564e-07
1.665887771638016e-07
3.898519395752334e-07
1.630309221364126e-07
4.226976160605513e-07
1.499189328650244e-07
4.516494587043688e-07
1.219633256491755e-07
4.614637560753122e-07
7.445623430406264e-08
4.583816639371503e-07
3.285461615369599e-08
4.541366410191486e-07
1.072285736917962e-08
4.527713877653666e-07
2.085392937340795e-09
4.528448515841661e-07
-1.090315942858156e-09
4.532509726359935e-07
-1.930037211398277e-09
4.536771191516843e-07
-1.683555086860467e-09
4.542341393341201e-07
-9.388018028499024e-10
-3.923130592120145e-10
4.357340481210114e-07
9.674814169594194e-11
4.66438530017602e-07
1.781919189758436e-10
4.817247568384953e-07
2.72045117298678e-10
4.885977378515153e-07
3.624195172802061e-10
4.921353476661334e-07
4.706537783150975e-10
4.941898637732694e-07
6.238298790826716e-10
4.953656717253063e-07
8.462794963864453e-10
4.959867724932611e-07
1.14608655404609e-09
4.962881961455895e-07
1.495437389853633e-09
4.9643911934598e-07
1.788109349235259e-09
4.965920138069434e-07
1.75461377975678e-09
4.969953481125005e-07
7.944039697492878e-10
4.981411246391308e-07
-2.379388934871298e-09
5.005101242089448e-07
-1.052247796053794e-08
5.025301381229512e-07
-2.886657045559883e-08
4.9486530531714e-07
-6.538703713296259e-08
4.61909994698472e-07
-1.219555941144686e-07
3.999077594900571e-07
-1.816649942723195e-07
3.230059184878493e-07
-2.21994070517295e-07
2.410169577338871e-07
-2.398144866994331e-07
1.614474555295446e-07
-2.351054231246628e-07
9.108951900012605e-08
-2.104525524436844e-07
3.849826485547678e-08
-1.702025240443298e-07
8.011273901484833e-10
-1.193070058019352e-07
2.405201982138288e-09
-1.311895249884307e-10
3.134633256536206e-09
4.504810918536683e-10
2.273375461914863e-09
2.510990937483396e-10
1.10401956074726e-09
-2.70927081749687e-10
3.645188216718069e-10
-5.361997859513165e-10
3.169563039154757e-11
-5.000841396639786e-10
-1.022612042409091e-10
-3.351827211395002e-10
-1.611996363574215e-10
-1.555675230485078e-10
-1.768913337044326e-10
8.004605053944494e-12
-1.168622315350228e-10
1.440128887104979e-10
1.173149660289742e-10
2.006947861578206e-10
6.504510857648759e-10
5.879525884113715e-11
1.395533007674537e-09
-3.849982029292104e-10
1.663408647314856e-09
-9.276369513358869e-10
5.271040348154625e-10
-8.513145067329563e-10
-1.157291680815336e-09
2.335997334335415e-10
1.509707761811175e-08
3.757416930682596e-08
3.668562073040148e-08
5.062201840726022e-08
6.612582224333164e-08
6.490969020169628e-08
1.001544291107521e-07
8.127106158974235e-08
1.358251979393156e-07
9.49234468827969e-08
1.712316645638782e-07
1.055996092778889e-07
2.054026659380523e-07
1.141737166372188e-07
2.383805877776559e-07
1.209414656720475e-07
2.710716272540348e-07
1.257310703242453e-07
3.046193523196644e-07
1.286933895839286e-07
3.397769797813384e-07
1.30170742027318e-07
3.765790282973743e-07
1.297867285734146e-07
4.143289860288069e-07
1.252809643117466e-07
4.507893087038922e-07
1.134586100757342e-07
4.809398429023641e-07
9.181279131020547e-08
4.957711898374015e-07
5.962488720342537e-08
4.98289910373336e-07
3.033589542642674e-08
4.968187523605759e-07
1.219401517637858e-08
4.955572048234439e-07
3.346940277513731e-09
4.948941915189571e-07
-4.27302867526235e-10
4.945768644592692e-07
-1.612710528236216e-09
4.944852113259272e-07
-1.591902443569043e-09
4.946834316154096e-07
-1.137022548295724e-09
-7.220265882402554e-10
4.357399771628132e-07
-3.564322882458529e-08
4.664898380826847e-07
-3.057166890084915e-08
4.818355424094142e-07
-1.507365914570142e-08
4.887874872971209e-07
-6.589525317594833e-09
4.924362253405274e-07
-3.178084216776731e-09
4.946480331795421e-07
-1.58797791489497e-09
4.960449845159265e-07
-5.506717978163876e-10
4.96972347484037e-07
2.187236248715948e-10
4.97684132199912e-07
7.836527097775795e-10
4.983496057457145e-07
1.122635835606522e-09
4.990563248011701e-07
1.047894753045222e-09
4.997993739598884e-07
5.135483590649269e-11
5.003672925978004e-07
-2.947307551463993e-09
4.998429644887817e-07
-9.998149834150313e-09
4.952895293088163e-07
-2.431313526184296e-08
4.795144862423045e-07
-4.96119940565758e-08
4.431910390890153e-07
-8.563214695471787e-08
3.844973403502439e-07
-1.229712955307072e-07
3.119614874349609e-07
-1.494582176021537e-07
2.336971236175351e-07
-1.615501228852597e-07
1.56984903113065e-07
-1.583932026259064e-07
8.819734045690459e-08
-1.416649897958086e-07
3.60550256268148e-08
-1.180602092243814e-07
7.382952929937335e-10
-8.399027548037449e-08
1.688744435320785e-09
-1.081638680985506e-09
2.33608622772276e-09
-1.968607159014689e-10
2.102678526993515e-09
4.845067779527366e-10
1.356240594322407e-09
4.755108330925168e-10
6.469892846959781e-10
1.730515050161142e-10
2.002685473747245e-10
-5.33634219481537e-11
-1.71798072620507e-11
-1.177343866609131e-10
-9.281527664928217e-11
-7.993207449933817e-11
-6.780962073608441e-11
-1.700107207763084e-11
7.113671848064757e-11
5.066527740879547e-12
3.491289857006017e-10
-7.729750314524278e-11
7.056030109601785e-10
-2.976787890207002e-10
8.880819573975191e-10
-5.674771723610516e-10
5.792860699915773e-10
-6.188410875333875e-10
-3.649740481014214e-11
-2.35531056088289e-10
-6.150690809169e-11
2.586092117983124e-10
1.33147640762487e-08
2.419789829683729e-08
3.115162463545742e-08
3.278515782148068e-08
5.505851985059998e-08
4.100279495912749e-08
8.407714727152287e-08
5.225243414032209e-08
1.164441749290257e-07
6.255641919573329e-08
1.505993734227668e-07
7.144441075308432e-08
1.850886871073233e-07
7.968440291973471e-08
2.194499583328513e-07
8.658019441049399e-08
2.544046771810254e-07
9.077635143562809e-08
2.909412046035151e-07
9.215686211381563e-08
3.293286893248654e-07
9.178325724850877e-08
3.68706465685215e-07
9.040895214117618e-08
4.076439877478623e-07
8.634344215949416e-08
4.436332820300425e-07
7.746931568050554e-08
4.728008603357129e-07
6.264521286900309e-08
4.900855240498914e-07
4.234022332459354e-08
4.969706823106789e-07
2.345073698339718e-08
4.985501728481575e-07
1.061452443453548e-08
4.983388570424919e-07
3.558255910815057e-09
4.976623372924123e-07
2.492166354689755e-10
4.969819521038658e-07
-9.323257057904542e-10
4.964925402419645e-07
-1.102491256923508e-09
4.963639322774481e-07
-1.008415206575862e-09
-8.380033820730596e-10
4.358917261962056e-07
-7.15349550974267e-08
4.541560355135621e-07
-4.883597818651804e-08
4.570933732488958e-07
-1.801099681843015e-08
4.569155200399139e-07
-6.411672040896727e-09
4.572432266289411e-07
-3.505790739134752e-09
4.579533642243914e-07
-2.298115446034317e-09
4.586505966233954e-07
-1.247904135717054e-09
4.592920825668605e-07
-4.227622607310603e-10
4.599687929347274e-07
1.069423959357169e-10
4.607377220521434e-07
3.537067685277523e-10
4.615459241842229e-07
2.39692667069538e-10
4.621323935707151e-07
-5.351145084265198e-10
4.618144842936756e-07
-2.629398236692866e-09
4.590498435570144e-07
-7.233509063777466e-09
4.507657273702942e-07
-1.602901904586047e-08
4.317574715878318e-07
-3.060373824879351e-08
3.965095309145484e-07
-5.03842062603652e-08
3.442141702509802e-07
-7.067593484963861e-08
2.802165552408453e-07
-8.546060257827911e-08
2.107310211845769e-07
-9.206458881827983e-08
1.415234927442106e-07
-8.918567417802258e-08
7.735013439392303e-08
-7.749163144048089e-08
2.815225882211882e-08
-6.886233365021893e-08
1.472474271691364e-09
-5.73104909295042e-08
2.076797548628819e-09
-1.685961959760923e-09
1.782552175315977e-09
9.738465391188121e-11
1.465851690449924e-09
8.012072574330242e-10
1.103953894167905e-09
8.374086226726209e-10
7.011455734195379e-10
5.758598175625859e-10
3.587529213299927e-10
2.890292209494605e-10
1.416959996681728e-10
9.932252463116099e-11
5.536262982252389e-11
6.401284221377924e-12
8.445549024228689e-11
-4.609394458558074e-11
2.091429384818281e-10
-1.196209332235885e-10
3.790933271391089e-10
-2.47247905402254e-10
4.810816516366991e-10
-3.996671277605631e-10
3.85509350711138e-10
-4.719048865817899e-10
1.265291123091621e-10
-3.598608650273396e-10
1.422545148132255e-11
-1.232274121777763e-10
2.662765340137174e-10
6.558111400689833e-12
1.062504756195857e-08
1.383912724985383e-08
2.503036305757483e-08
1.837984230573357e-08
4.418926509104393e-08
2.184389290424717e-08
6.800015388728893e-08
2.844154532143805e-08
9.572208485592923e-08
3.483448820299331e-08
1.264738940101249e-07
4.06926015731474e-08
1.585245947423608e-07
4.763370215947782e-08
1.910074109007557e-07
5.409737822087886e-08
2.245708431918271e-07
5.721291910843839e-08
2.601256055022961e-07
5.660209976008087e-08
2.975110296258708e-07
5.439783307124128e-08
3.351537477610395e-07
5.276623393836962e-08
3.714150161112298e-07
5.008217372270123e-08
4.041240417769246e-07
4.476028990772052e-08
4.305085205608786e-07
3.626073395178433e-08
4.477143691105633e-07
2.513437462148525e-08
4.565036185960897e-07
1.466148731350178e-08
4.599491327482684e-07
7.169010102879093e-09
4.607272627403811e-07
2.780125719747318e-09
4.603665137529012e-07
6.099653803824909e-10
4.596497130209356e-07
-2.15525504971865e-10
4.589749250759722e-07
-4.277040129776486e-10
4.586591463428518e-07
-6.926369832076226e-10
-8.229395673075165e-10
4.215735934517518e-07
-9.310854830450826e-08
4.10265028437589e-07
-3.752741302769434e-08
3.967575386400824e-07
-4.503506914662025e-09
3.890696650146662e-07
1.276201679165942e-09
3.854637477833268e-07
1.001265819826632e-10
3.83764702459297e-07
-5.990700359333628e-10
3.829434775383633e-07
-4.266791319609692e-10
3.826178620216965e-07
-9.714666499460942e-11
3.826002107932677e-07
1.245936998209857e-10
3.827227717778563e-07
2.311458551681737e-10
3.827482027769071e-07
2.142617352699067e-10
3.822512097425897e-07
-3.812141142032944e-11
3.804311630405229e-07
-8.093514761082905e-10
3.75838443733368e-07
-2.640789702806233e-09
3.661085320370408e-07
-6.299107299904397e-09
3.479342026734402e-07
-1.242940884019022e-08
3.182597959219813e-07
-2.070979946786485e-08
2.768429023406926e-07
-2.925904123158098e-08
2.270377812904637e-07
-3.565548149478571e-08
1.732792152254965e-07
-3.830602272380274e-08
1.199362185284003e-07
-3.584267745441451e-08
7.04572921008558e-08
-2.80127049896746e-08
2.864481463049282e-08
-2.704985615908954e-08
3.79644269465054e-09
-3.24621189757536e-08
1.873766130607563e-09
2.367146200422412e-10
9.86424893638038e-10
9.847259041248475e-10
7.593107790513534e-10
1.028321383376642e-09
7.163032437575354e-10
8.804161671494407e-10
6.127015520532677e-10
6.794615168793323e-10
4.470506657477233e-10
4.546801130008063e-10
2.971378890591585e-10
2.492353057287262e-10
2.171897218568585e-10
8.634945418214602e-11
2.162011468030599e-10
-4.51053679781302e-11
2.634448043511883e-10
-1.668645907561481e-10
2.956840863413307e-10
-2.794871885599442e-10
2.446149317412705e-10
-3.485979758569169e-10
1.039257134896002e-10
-3.312156722838824e-10
-1.882470454937301e-11
-2.371104525454634e-10
8.214546977542962e-12
-1.502666706792749e-10
1.390922392371503e-10
-1.243195895549631e-10
7.656123825613969e-09
6.322095653202081e-09
1.832872526554414e-08
7.70724085372611e-09
3.244041076952198e-08
7.7322073865166e-09
5.032002716632734e-08
1.056192890904056e-08
7.205991602632471e-08
1.309459932556344e-08
9.785800785302856e-08
1.489450972689136e-08
1.264200915224361e-07
1.907161846789899e-08
1.552185442937288e-07
2.529892542390303e-08
1.836769283160364e-07
2.875453505530218e-08
2.135930591151943e-07
2.66859689229364e-08
2.446927285059814e-07
2.329816363208875e-08
2.75456016337318e-07
2.200294604509009e-08
3.046518893371663e-07
2.088630064319487e-08
3.307558361165034e-07
1.865634302911191e-08
3.519868835080325e-07
1.502968643838331e-08
3.667462550389214e-07
1.037500294906847e-08
3.754184371436851e-07
5.989305044059896e-09
3.797590603657333e-07
2.828386718181185e-09
3.815330169429561e-07
1.006168964281557e-09
3.819701907824711e-07
1.727912700226152e-10
3.818114475965331e-07
-5.678275982228598e-11
3.814538510813366e-07
-7.01082170812323e-11
3.811911121434775e-07
-4.298991466913904e-10
-5.541847364280574e-10
3.013458457888176e-07
5.545605861127402e-09
2.707543518199665e-07
-6.935918985501523e-09
2.693736442029154e-07
-3.122799191024825e-09
2.691293817221976e-07
1.520464272100413e-09
2.674818152003348e-07
1.747693215160095e-09
2.661340607541396e-07
7.486845192452653e-10
2.654960841527526e-07
2.112975752715662e-10
2.653144554659336e-07
8.44821244714088e-11
2.653466572044149e-07
9.239206023718536e-11
2.654384913369974e-07
1.393118178577737e-10
2.654187722346762e-07
2.339809286969704e-10
2.649801924112173e-07
4.004584992427352e-10
2.635372964205522e-07
6.335445973395585e-10
2.600355119768253e-07
8.60994819684313e-10
2.528198799910682e-07
9.16524760116059e-10
2.397999219065579e-07
5.905493146218851e-10
2.192549543719561e-07
-1.648318673270006e-10
1.910561761177074e-07
-1.060262915082206e-09
1.570258737627262e-07
-1.625179081586853e-09
1.201556893155237e-07
-1.435838221680442e-09
8.496580155951569e-08
-6.527896471489757e-10
5.791708688568985e-08
-9.639902675391131e-10
3.365071683637947e-08
-2.783486064830104e-09
6.552567773092387e-09
-5.363969870147591e-09
1.479032136220896e-09
5.310250296097783e-09
3.587178923835566e-10
2.105040184673727e-09
3.523888906488567e-10
1.034650418904776e-09
4.653835827423615e-10
7.674215065961995e-10
5.037820675528155e-10
6.410630609060488e-10
4.646052199549823e-10
4.938569873487408e-10
3.92614847632946e-10
3.212257022481975e-10
3.31066625296976e-10
1.478976987120442e-10
2.942346105521358e-10
-8.273333515849106e-12
2.632332414146787e-10
-1.358632039033617e-10
2.037600916768964e-10
-2.20014023579728e-10
1.001880632959081e-10
-2.450259343098544e-10
-1.647441186978764e-11
-2.145531864769681e-10
-8.832749287184477e-11
-1.652573631075456e-10
-1.000231344058401e-10
-1.385710233200464e-10
-9.985184143581778e-11
-1.24490879064757e-10
4.646466010556732e-09
1.575777802003418e-09
1.127088216661225e-08
1.082824696013565e-09
1.963426802083499e-08
-6.311784719911568e-10
2.999839588639488e-08
1.978010367049959e-10
4.232904086385832e-08
7.639543387289536e-10
5.676334564884163e-08
4.602049297660716e-10
7.331237925403123e-08
2.522584847458831e-09
9.516314956042744e-08
3.448155098118752e-09
1.235147077328537e-07
4.029768583130299e-10
1.486710899395543e-07
1.529586683996848e-09
1.703604404548891e-07
1.608813074926167e-09
1.91137961480585e-07
1.22542496380462e-09
2.11002320321954e-07
1.021941731179644e-09
2.287808387962505e-07
8.778244638575293e-10
2.432341712392852e-07
5.763538881770612e-10
2.534898094320488e-07
1.193646246457799e-10
2.597531242658169e-07
-2.740099287776809e-10
2.630190424183138e-07
-4.375315980270435e-10
2.644170845882591e-07
-3.918733714497624e-10
2.648316120687565e-07
-2.417364568836491e-10
2.648647445345217e-07
-8.991576990879446e-11
2.648113019917579e-07
-1.666675826879509e-11
2.643114008352895e-07
7.000191047266888e-11
-3.229557264047381e-10
7.035178986368405e-09
-1.489572833947385e-09
-2.050812526712882e-10
3.043414454548157e-10
-2.574125133010119e-09
-7.537551579058534e-10
-9.749667842703184e-10
-7.869393513467877e-11
1.638793999649382e-10
6.088471678710295e-10
2.992555682237664e-10
6.133084848939079e-10
1.418081882835673e-10
3.687450864328695e-10
2.427016592946746e-11
2.020202751758555e-10
-3.828220537116193e-11
1.549445570241846e-10
-8.730479300090697e-11
1.883345277577591e-10
-1.336654632401372e-10
2.803417180710157e-10
-1.54993595508923e-10
4.217867471030012e-10
-1.059698433385232e-10
5.845209574201892e-10
5.903704385370242e-11
6.959880409566879e-10
3.342423434933429e-10
6.413195654904201e-10
5.993862269755228e-10
3.254055322394072e-10
6.577218179562339e-10
-2.231673606390988e-10
4.127703044168944e-10
-8.153113077767081e-10
-8.014756428299011e-12
-1.204393930279052e-09
-1.49936528942101e-10
-1.293916362519525e-09
4.939883943580378e-10
-1.296714486977793e-09
1.070335173221278e-09
-1.540336966680951e-09
-5.111635820260862e-10
-1.201987232933193e-09
-4.981416833801572e-09
-8.937165454403714e-10
-3.452401012152735e-10
6.740736334028835e-10
4.120093333885783e-10
1.347790816259935e-09
3.83201816686864e-10
1.06345799877862e-09
3.801457642567243e-10
7.70477618532882e-10
4.173390883564273e-10
6.038697933254249e-10
4.344745544957703e-10
4.767215740846222e-10
4.168675204848554e-10
3.388327861269786e-10
3.751466127942363e-10
1.896186526065061e-10
3.178971313303609e-10
4.897619107141391e-11
2.427860964115058e-10
-6.075212958046309e-11
1.462045027177854e-10
-1.234323936775693e-10
3.793198604589476e-11
-1.367533852221659e-10
-5.977214726480029e-11
-1.168490240823421e-10
-1.357085225984516e-10
-8.932096255099481e-11
-2.069350495983438e-10
-6.734447456847236e-11
-2.898485506499341e-10
-4.157736014794911e-11
1.994739563247576e-09
-7.088102975781539e-10
4.879743995539358e-09
-1.802179725761844e-09
7.782641804124714e-09
-3.534076273583829e-09
1.055907958981192e-08
-2.578636745587368e-09
1.228475905667726e-08
-9.617251282490015e-10
1.178697193377134e-08
9.579920490045443e-10
1.100723434252584e-08
3.302322430999568e-09
7.000264744983928e-09
7.455124683530195e-09
1.805571811191317e-09
5.597669773910639e-09
1.683562425859327e-10
3.166802227338784e-09
2.189892473597053e-11
1.755270357186817e-09
1.675802224350461e-11
1.230565819349846e-09
7.055506619544189e-11
9.681446241236263e-10
2.011828770230369e-10
7.471965754955749e-10
3.086504926284318e-10
4.688861751174766e-10
2.842569185488505e-10
1.437580888586863e-10
1.507283011672298e-10
-1.404814439510949e-10
9.000765704313134e-12
-2.958041936457907e-10
-7.315150342372078e-11
-3.097212504787635e-10
-7.839145277448684e-11
-2.36496751050478e-10
-2.248803907156788e-11
-1.458196170048259e-10
4.664702102321208e-11
-8.580194515493107e-11
2.357746940929202e-10
-1.191268136216931e-10
-8.718087186473854e-11
3.614339950359575e-10
-1.851006835745498e-09
4.421681882361622e-10
2.236073718753031e-10
-6.250048031463838e-10
3.134179881363723e-10
-6.887931244858033e-10
-1.490545266137514e-11
-2.005687794568589e-10
1.206229841594239e-10
9.59295413803131e-11
3.16810324024314e-10
1.234191574300143e-10
3.41255628639241e-10
4.674649693771884e-11
2.786930920566327e-10
-3.600369592842287e-11
2.376949042635078e-10
-1.014164389865376e-10
2.537474231375924e-10
-1.40041667031753e-10
3.189670961463331e-10
-1.271328186583502e-10
4.08878046510061e-10
-2.677207054956538e-11
4.841603544854367e-10
1.79515456581341e-10
4.897006565343276e-10
4.498656173131724e-10
3.709695445311283e-10
6.659677191165497e-10
1.093035675327328e-10
6.950535996710844e-10
-2.522531073422478e-10
5.05065716117781e-10
-6.253232932302078e-10
2.325710855343582e-10
-9.318991722198164e-10
9.619442059757626e-11
-1.15753957314104e-09
8.564121427316246e-11
-1.286161160006629e-09
-3.231991764034335e-10
-1.13149645860858e-09
-1.018671354132721e-09
-5.065149418888978e-10
-1.906867591618837e-09
-5.520198108531856e-12
-1.107257920320276e-09
-1.255359324089495e-10
-1.854213746428776e-10
4.259543723500276e-10
1.893894159008624e-10
6.886473054027753e-10
2.987826907040761e-10
6.610844369815268e-10
3.487100629609538e-10
5.539425095284186e-10
3.813143158001666e-10
4.441174055951174e-10
3.876863590887247e-10
3.324608222118415e-10
3.607934206985068e-10
2.165116660532788e-10
3.0198336436984e-10
1.077863173078711e-10
2.177336123207627e-10
2.349768785456938e-11
1.192860441231931e-10
-2.498476538564326e-11
2.110449138727226e-11
-3.85717770976911e-11
-6.747911181957341e-11
-2.826537086774162e-11
-1.510337543454689e-10
-5.766274863255178e-12
-2.41091425252492e-10
2.271323610859351e-11
-3.29356594081785e-10
4.668784353734014e-11
2.965150377034652e-10
-1.334681899782903e-09
8.300647989105735e-10
-2.335729462240914e-09
6.576569781310219e-10
-3.361668433060663e-09
-1.066997821440441e-10
-1.81427997024643e-09
-1.950997774064181e-09
8.825728741139248e-10
-5.227286066854146e-09
4.234280347558856e-09
-7.304839094496039e-09
5.379875459750306e-09
-3.96260796224658e-09
4.112893546837843e-09
-6.604520516222434e-10
2.295513853002236e-09
1.308913859176585e-10
2.375458771402266e-09
1.42089569661465e-10
1.744072146532102e-09
1.368773782474284e-10
1.235777971464647e-09
1.981603891292298e-10
9.068615624977958e-10
2.959175418226538e-10
6.494393559954539e-10
3.588142331381809e-10
4.059894064481363e-10
3.291370821833517e-10
1.734351453571956e-10
2.132338249130423e-10
-2.457828554376625e-11
7.485913429188776e-11
-1.574296104269448e-10
-2.248589195996112e-11
-2.123763341732486e-10
-5.250300376654138e-11
-2.064797590156642e-10
-2.501871368555308e-11
-1.733040768042826e-10
3.164015892955136e-11
-1.424613492699812e-10
3.521824069298175e-11
-1.22704429465557e-10
-5.196269590430115e-11
-7.474492335255187e-10
-1.103557267385126e-09
-2.327046969121014e-10
-2.911369237049728e-10
-1.292148657790233e-10
2.099283603803319e-10
-2.807658929547158e-10
1.366457680523833e-10
-2.342560177254767e-10
7.4113299225831e-11
-7.537374343058769e-11
1.579282387087761e-10
1.755183659291557e-11
2.48330236638833e-10
1.567197980897953e-11
2.805731361781591e-10
-3.122210565154493e-11
2.845891763251829e-10
-7.567624963881028e-11
2.982017530014044e-10
-8.624875359270576e-11
3.295397851807971e-10
-3.841508935070644e-11
3.61044566359486e-10
8.342580924941604e-11
3.623196389495241e-10
2.696717392556705e-10
3.034549081550286e-10
4.709189093846655e-10
1.697225546208667e-10
6.092489017788856e-10
-2.902624667061364e-11
6.216409288932569e-10
-2.646449581672302e-10
5.049476428662696e-10
-5.086298336184127e-10
3.130387246894669e-10
-7.399900829247146e-10
7.589196440280351e-11
-9.203926451606472e-10
-2.62769372014496e-10
-9.474996589814607e-10
-6.916906876500821e-10
-7.025749825224875e-10
-9.088817714868134e-10
-2.893237013081902e-10
-8.727862678775397e-10
-4.161554981633978e-11
-8.703424605523245e-10
-1.279795921369961e-10
-4.837303094057744e-10
3.934236334304565e-11
-9.382487966299071e-11
2.987420129672691e-10
1.34495764158779e-10
4.327639245004219e-10
2.477655271264416e-10
4.406728726151274e-10
3.045846101279482e-10
3.872984422577504e-10
3.249931845260703e-10
3.120523617902494e-10
3.103542399232895e-10
2.311507178944766e-10
2.626097568675753e-10
1.555309015698044e-10
1.903494266460047e-10
9.575811228205725e-11
1.06816486906166e-10
5.854826225555576e-11
2.404032020378921e-11
4.420447034989716e-11
-5.283183940922847e-11
4.860686300628079e-11
-1.250052238118931e-10
6.640717661627029e-11
-1.911128894403139e-10
8.882096226293769e-11
-2.383527246953159e-10
9.392773226335902e-11
-4.67298743488841e-10
-1.105735833985357e-09
-1.017428339089891e-09
-1.785599826358656e-09
-2.259327975225804e-09
-2.119768762852933e-09
-3.662167001873274e-09
-4.114409157261544e-10
-5.034255231590234e-09
2.254661125806218e-09
-5.963395655204958e-09
5.163420787416554e-09
-5.57842143614507e-09
4.994901250956808e-09
-4.117290177940501e-09
2.651762293005117e-09
-1.927236510798954e-09
1.054601830836381e-10
-5.111195648895005e-10
9.593418154629375e-10
2.42660962645586e-11
1.208686465565563e-09
1.926065550781898e-10
1.067437483412265e-09
2.744074618490634e-10
8.250606136743969e-10
3.343993488770649e-10
5.894474171478425e-10
3.581185853543507e-10
3.822701046489029e-10
3.259238967570562e-10
2.056297624355171e-10
2.415156242720526e-10
5.982990459802132e-11
1.356903388776154e-10
-5.160440205810877e-11
4.726334783809805e-11
-1.23949415662576e-10
-8.363787884738172e-13
-1.583801350459196e-10
-1.085841076603403e-11
-1.632821233563819e-10
-5.842553635753722e-12
-1.474769089314234e-10
-1.479545300573424e-11
-1.137516912659543e-10
-6.675787184448301e-11
-5.341080030584975e-10
-5.694492206842427e-10
-4.5557474089117e-10
-3.696700120807396e-10
-2.047356959060045e-10
-4.091047498841716e-11
-1.541504793367811e-10
8.606076884020668e-11
-1.697576304146309e-10
8.972066956607787e-11
-1.301781419237806e-10
1.183489699897966e-10
-6.754066234596197e-11
1.856929774272491e-10
-3.382786942998539e-11
2.468605641188629e-10
-3.220866122754354e-11
2.829701897074201e-10
-3.496186679193375e-11
3.009551807824382e-10
-1.20117670904663e-11
3.065899083389639e-10
5.564652697231543e-11
2.933864956626376e-10
1.697068009678245e-10
2.482595885450126e-10
3.104759526921614e-10
1.62685980100427e-10
4.40105955807214e-10
4.009277466895908e-11
5.172894080603359e-10
-1.062094763788485e-10
5.152150659486658e-10
-2.625703949956143e-10
4.265976631426255e-10
-4.200122112683419e-10
2.492090776674188e-10
-5.626012805181629e-10
-2.489630207234411e-11
-6.462870510219619e-10
-3.64637649727591e-10
-6.07758100730284e-10
-6.298665174759607e-10
-4.373459077713365e-10
-6.785982322745559e-10
-2.405917844681968e-10
-5.862903445902439e-10
-1.33923240067236e-10
-5.941671015334511e-10
-1.201026437794422e-10
-4.838486758115077e-10
-7.097587650014459e-11
-2.55345183070927e-10
7.023869917361509e-11
-3.551229386529059e-11
2.129312079086519e-10
1.155883099837514e-10
2.895724336983031e-10
2.019967950567121e-10
3.008901151135661e-10
2.404262592503858e-10
2.736230472468893e-10
2.411176359459274e-10
2.304594832998731e-10
2.111785852342587e-10
1.854700856622566e-10
1.59717967292361e-10
1.472188556431244e-10
9.776053674707027e-11
1.205058092264242e-10
3.498993079718332e-11
1.069751844994626e-10
-2.208973821463482e-11
1.056866311354683e-10
-6.813307934410029e-11
1.124506085393554e-10
-9.621455522685195e-11
1.169025199718073e-10
-1.021088706135342e-10
9.982212123919122e-11
-6.215153024814205e-10
-5.86329337149336e-10
-1.476953707962379e-09
-9.301613638476305e-10
-2.783889558332451e-09
-8.128328634719431e-10
-3.860296581828828e-09
6.649661493198006e-10
-4.298395939095639e-09
2.692760517353369e-09
-3.695850932283844e-09
4.560875807838318e-09
-2.591689385477884e-09
3.890739724655306e-09
-2.273554462960167e-09
2.333627383767116e-09
-1.770100459892754e-09
-3.979938136616659e-10
-9.232313531427846e-10
1.124727065506763e-10
-2.752820975136818e-10
5.607371997347346e-10
7.606418999009254e-11
7.16091175315017e-10
2.417678703774302e-10
6.593569041736448e-10
3.135396166149657e-10
5.176756309530183e-10
3.301916871061371e-10
3.656179884824747e-10
3.052129522567548e-10
2.306084439747436e-10
2.482840509382184e-10
1.167587531338097e-10
1.743914454805816e-10
2.228815379328916e-11
1.024755326874573e-10
-5.203354672464454e-11
4.69197942181494e-11
-1.028244310019026e-10
1.113335443868051e-11
-1.274957065714281e-10
-9.479069109149275e-12
-1.268645806731656e-10
-1.473837404612157e-11
-1.084918301080265e-10
-8.149621083494458e-11
-2.72567044611458e-10
-2.968817999658288e-10
-3.654665877252917e-10
-2.767701739470956e-10
-2.664099239367099e-10
-1.399668771099298e-10
-1.734464278670218e-10
-6.902472931672525e-12
-1.470543636750495e-10
6.332885844974268e-11
-1.335471777182273e-10
1.048420379585317e-10
-1.023159103784586e-10
1.544619653226822e-10
-6.437178172693405e-11
2.089166926031462e-10
-3.131179971467038e-11
2.499104667286717e-10
2.670365224665382e-12
2.669732770294158e-10
5.176716990630704e-11
2.574933668481615e-10
1.246387622313221e-10
2.205151684458953e-10
2.168534610352859e-10
1.560451565200777e-10
3.113133373985007e-10
6.822637172335888e-11
3.851337922277178e-10
-3.372741126155082e-11
4.181917839007549e-10
-1.392671990753639e-10
3.964052261565685e-10
-2.40783568477697e-10
3.080175579968976e-10
-3.316242756960959e-10
1.431012489210248e-10
-3.976847055942374e-10
-8.776386949301603e-11
-4.154216697354652e-10
-3.240033952341877e-10
-3.715183151696928e-10
-4.718419276921425e-10
-2.895071201252993e-10
-4.96308882798325e-10
-2.161245787163212e-10
-4.593411253273279e-10
-1.708907530922727e-10
-4.398804214064326e-10
-1.395631091894319e-10
-4.0269829385492e-10
-1.081577731392889e-10
-2.953920142461061e-10
-3.706735668582931e-11
-1.459602447463789e-10
6.349965338531434e-11
-8.041277633379523e-12
1.516536733693643e-10
9.005713123318219e-11
2.027919033232809e-10
1.451375343185587e-10
2.185428322220829e-10
1.637922709137545e-10
2.118049243641603e-10
1.544848871148024e-10
1.947776374919568e-10
1.261665813411338e-10
1.755373185965715e-10
8.79814237321025e-11
1.586911139893e-10
4.856530879125706e-11
1.463914355430492e-10
1.592320356933673e-11
1.383288622610152e-10
-2.350068203211714e-12
1.307239952225586e-10
-1.184000711413608e-12
1.157365572512975e-10
1.496089106331354e-11
8.367732357285869e-11
-5.091328610135682e-10
-6.22355007942506e-11
-1.310306881745692e-09
-1.289872688789537e-10
-2.351189478387393e-09
2.280497981310941e-10
-3.03333291271091e-09
1.347109639445075e-09
-3.025817189214018e-09
2.685244841073098e-09
-2.16238026116836e-09
3.697438918792065e-09
-1.251647751403132e-09
2.98000724578297e-09
-9.913929389326418e-10
2.073372594533906e-09
-1.140915639316784e-09
-2.484710983819499e-10
-8.914459490120852e-10
-1.3699697665477e-10
-4.670548303460135e-10
1.363460788771091e-10
-1.048385803583984e-10
3.538749151541664e-10
1.219246595637066e-10
4.325936444306905e-10
2.354395862284309e-10
4.041606783457439e-10
2.753272426580037e-10
3.257302993621651e-10
2.705086503561386e-10
2.354270027300506e-10
2.382284908117789e-10
1.490388792700729e-10
1.897393416240394e-10
7.077727922229794e-11
1.346974680289751e-10
3.008314370688449e-12
8.185020113580888e-11
-4.997719027003059e-11
3.803932229428125e-11
-8.368483047522692e-11
8.685173438747476e-12
-9.751015376808196e-11
-2.339158659532926e-12
-9.746750310670024e-11
-8.38351580274914e-11
-1.300207092268115e-10
-1.668609791536542e-10
-2.288655034403394e-10
-1.779251393602663e-10
-2.357264234193526e-10
-1.331056818185636e-10
-1.905063466062753e-10
-5.212226564933686e-11
-1.526609227310217e-10
2.548372224452505e-11
-1.30735704428415e-10
8.291710973711839e-11
-1.060941614038421e-10
1.298207151392193e-10
-6.951983667900063e-11
1.723426635036514e-10
-2.328726514139985e-11
2.036781940168055e-10
3.018060281401941e-11
2.135057110318935e-10
9.144218198552592e-11
1.962320928507757e-10
1.594818485041916e-10
1.524758100862166e-10
2.277504939146824e-10
8.777682192604392e-11
2.849750447311788e-10
1.100213401947681e-11
3.191628401964118e-10
-6.79148920722997e-11
3.204832176629273e-10
-1.405872607746977e-10
2.80731192336618e-10
-2.010312274195513e-10
1.928767568209926e-10
-2.437695249031642e-10
5.766633791697486e-11
-2.624739733392276e-10
-1.033832480234396e-10
-2.543717727050568e-10
-2.467056360361603e-10
-2.281956200331745e-10
-3.342340732596968e-10
-2.019783799318932e-10
-3.647714940290218e-10
-1.855868609672083e-10
-3.635715867163859e-10
-1.720903694127184e-10
-3.503190203270592e-10
-1.528153924478287e-10
-3.303844131320535e-10
-1.280921048582832e-10
-2.809501398392814e-10
-8.650136398864663e-11
-1.955939000717614e-10
-2.18563294753228e-11
-9.591980895434279e-11
5.19798283483411e-11
-8.16730409764808e-12
1.150396343253872e-10
5.348608983504131e-11
1.56889662331648e-10
8.714027935724817e-11
1.781509477770705e-10
9.744353668469658e-11
1.844745805979792e-10
9.138376290846914e-11
1.815972811162287e-10
7.653040332850744e-11
1.735446494454704e-10
6.053894363260596e-11
1.623830591288213e-10
5.080285058026136e-11
1.480651062890737e-10
5.311600496031374e-11
1.284109798241179e-10
6.853216627478624e-11
1.003205222788278e-10
8.930563020513226e-11
6.290397427499916e-11
-3.368311194200386e-10
3.639013514272484e-10
-9.676396412419553e-10
5.018213444096233e-10
-1.707237165485305e-09
9.676474027337158e-10
-2.125139411697648e-09
1.765011955714072e-09
-2.019246208923026e-09
2.579351698403868e-09
-1.374640985273821e-09
3.052833745824604e-09
-7.910326947943164e-10
2.39639899712206e-09
-4.753854908159524e-10
1.757725423469416e-09
-6.375530973328838e-10
-8.630346719724568e-11
-6.464072318877038e-10
-1.281428264297354e-10
-4.701822427371636e-10
-3.987890255136843e-11
-2.229265590740029e-10
1.066192302124955e-10
-1.053071383853042e-11
2.201977912454958e-10
1.275323169563286e-10
2.660976328383153e-10
1.976317408270654e-10
2.556308585785277e-10
2.200104775050082e-10
2.130482482032889e-10
2.120826213926e-10
1.569667228509156e-10
1.850609095762328e-10
9.77989873216519e-11
1.46441029919189e-10
4.162819860979873e-11
1.030319573743553e-10
-6.568106003604635e-12
6.215533781106921e-11
-4.280819705175379e-11
3.049474318752641e-11
-6.584959516027916e-11
1.070781264208211e-11
-7.768016992295249e-11
-7.312731703230818e-11
-6.381720711729984e-11
-1.0304335675108e-10
-1.323030455893603e-10
-1.094389445861505e-10
-1.717935800283856e-10
-9.361481710674309e-11
-1.713900342736469e-10
-5.252548531182649e-11
-1.500518071668774e-10
4.145822003456489e-12
-1.254100901231189e-10
5.827572214337499e-11
-9.763652817090305e-11
1.020474857157506e-10
-6.025801016672361e-11
1.349644817121495e-10
-1.129637340294899e-11
1.547168972485023e-10
4.604489116525889e-11
1.561647904644897e-10
1.06445341414383e-10
1.358319904863639e-10
1.637490859719235e-10
9.517241710778472e-11
2.1105656350733e-10
4.046969934312168e-11
2.414762768551754e-10
-1.941722163617022e-11
2.492989633116683e-10
-7.573721856744065e-11
2.303451275249165e-10
-1.216330638217658e-10
1.818596994079169e-10
-1.525454374757936e-10
1.043110953469357e-10
-1.662205597951656e-10
5.842592034690404e-12
-1.640051102907354e-10
-9.562533354069459e-11
-1.529034904378e-10
-1.797505241975112e-10
-1.440700761647066e-10
-2.367180740542494e-10
-1.450104822693685e-10
-2.69735979695331e-10
-1.525686131978673e-10
-2.848129798161277e-10
-1.570130348529145e-10
-2.855300871794689e-10
-1.520979583987517e-10
-2.766470455954408e-10
-1.369748295110717e-10
-2.5336879271372e-10
-1.09779309533062e-10
-2.084691088629771e-10
-6.67557174914609e-11
-1.459121954560242e-10
-1.057680034898336e-11
-7.934874608290338e-11
4.847645678190777e-11
-2.199708722694564e-11
9.953826299436813e-11
1.946833653237634e-11
1.366857696700834e-10
4.479580174509383e-11
1.591473478972198e-10
5.757351096018046e-11
1.688197899519594e-10
6.308794824662795e-11
1.680304165940178e-10
6.708672235261901e-11
1.583844747867547e-10
7.466228457846211e-11
1.404897200850036e-10
8.856531986588515e-11
1.145081060548063e-10
1.072535635345611e-10
8.163242660260738e-11
1.241630814193019e-10
4.599459041948424e-11
-1.893388053677864e-10
6.774033592735488e-10
-6.444676959015197e-10
9.569503429478725e-10
-1.137882549006147e-09
1.46106235174541e-09
-1.394927707682889e-09
2.022057198474882e-09
-1.304737359020926e-09
2.489161422813299e-09
-9.015950112065199e-10
2.649691460634592e-09
-5.523965842441749e-10
2.047200622779463e-09
-2.931543991264982e-10
1.498483281687674e-09
-3.553163447733084e-10
-2.414148764165048e-11
-4.057323955905321e-10
-7.772675021261612e-11
-3.676054866124717e-10
-7.800579521811699e-11
-2.464982169850316e-10
-1.448803052150897e-11
-9.841505353025076e-11
7.211462911991066e-11
2.79556354924051e-11
1.397269410982153e-10
1.128907750190866e-10
1.70695713640828e-10
1.579095937881621e-10
1.680294265541401e-10
1.72173407842456e-10
1.427029112636605e-10
1.645865796629109e-10
1.053858293391245e-10
1.42116318522969e-10
6.409848467781914e-11
1.109573142669678e-10
2.459091258008256e-11
7.732033915116562e-11
-9.171201608520789e-12
4.637518338227787e-11
-3.490424190660356e-11
2.026222140708805e-11
-5.15672064007091e-11
-5.286495131771742e-11
-3.324390407261846e-11
-6.979925095605336e-11
-7.601403602756896e-11
-6.666849053316199e-11
-1.142321133604659e-10
-5.539638640918526e-11
-1.331139949726847e-10
-3.364324127261185e-11
-1.299150015174644e-10
9.471953877269504e-13
-1.11834509642059e-10
4.01956006925315e-11
-8.421942920861975e-11
7.443277947164221e-11
-4.742070759727967e-11
9.816613825201481e-11
-1.471253423987568e-12
1.08767825402212e-10
5.032912921724956e-11
1.043647943730668e-10
1.017613587250555e-10
8.440015161861739e-11
1.457587403226669e-10
5.117543005394534e-11
1.76170310001875e-10
1.00585275585108e-11
1.886897632782759e-10
-3.193627406439405e-11
1.81037327780537e-10
-6.808438024843833e-11
1.527936056435408e-10
-9.338893743624598e-11
1.056865898892328e-10
-1.054380174173356e-10
4.469133703689589e-11
-1.052249031940311e-10
-2.146768971486772e-11
-9.784568203978212e-11
-8.283406378162151e-11
-9.153671770882649e-11
-1.33234809213749e-10
-9.366893683366551e-11
-1.724782573138616e-10
-1.057666455137598e-10
-2.024999101224983e-10
-1.225465790324016e-10
-2.23212854177194e-10
-1.362997170456463e-10
-2.337688885985682e-10
-1.415415599102784e-10
-2.348600381403271e-10
-1.358833256763376e-10
-2.25999799586833e-10
-1.186392055811804e-10
-2.040204138250877e-10
-8.87347723907533e-11
-1.679497801377908e-10
-4.664711668655314e-11
-1.22432071044865e-10
2.959051896548402e-12
-7.532090936896275e-11
5.242739071443191e-11
-3.325250227964777e-11
9.461763773674788e-11
6.994659391264832e-13
1.25195639166709e-10
2.684576980566399e-11
1.426737306436588e-10
4.758373043029338e-11
1.472926844447977e-10
6.596880043905792e-11
1.399996180360686e-10
8.433975249037371e-11
1.221189652241197e-10
1.030862666557179e-10
9.576177396890358e-11
1.201098633406745e-10
6.460899636367943e-11
1.31742579126985e-10
3.436202645702033e-11
-8.704052047608316e-11
8.961865959074786e-10
-4.007741746952386e-10
1.270684120430337e-09
-7.168518685722023e-10
1.777140155316203e-09
-8.738457162034171e-10
2.179051143196955e-09
-8.123405224763234e-10
2.427656314111899e-09
-5.69423805656605e-10
2.406774817531844e-09
-3.644195069442654e-10
1.84219638723717e-09
-1.969069066970459e-10
1.330970734393164e-09
-2.094850190817629e-10
-1.156333163125513e-11
-2.412256082998205e-10
-4.598612683408872e-11
-2.504193095210592e-10
-6.881206806021991e-11
-2.102655019259603e-10
-5.464182048139427e-11
-1.303814993372308e-10
-7.769361719650495e-12
-3.902111082818069e-11
4.836655950003372e-11
3.97207460329466e-11
9.195386320354903e-11
9.459801093079707e-11
1.131521700399736e-10
1.245416750581386e-10
1.127592626560868e-10
1.332290792749563e-10
9.669845105636859e-11
1.256163143816929e-10
7.171128384337779e-11
1.067548195862821e-10
4.345244500239771e-11
8.14046295737773e-11
1.617901981938017e-11
5.339779678102661e-11
-6.897424046508549e-12
2.503523377983882e-11
-2.320436553022193e-11
-2.782969354468064e-11
-1.821169317091386e-11
-5.1587107768526e-11
-4.446447280737151e-11
-4.041528703812271e-11
-7.288254685271348e-11
-2.697790349312334e-11
-9.407291749295334e-11
-1.245246259373368e-11
-1.004231366726574e-10
7.297824982208891e-12
-9.092275259026253e-11
3.069563010595572e-11
-6.861244763798037e-11
5.212289162648097e-11
-3.663552183968927e-11
6.618963328671941e-11
2.2081281457914e-12
6.992460022815701e-11
4.397700756473499e-11
6.259634356966816e-11
8.316534745148838e-11
4.521224416075957e-11
1.138697135265703e-10
2.047149968792222e-11
1.31356335212818e-10
-7.42765537185888e-12
1.330051934345784e-10
-3.35846914008343e-11
1.184910964711143e-10
-5.356984070823914e-11
8.966035821104432e-11
-6.455775618963137e-11
5.04702813745485e-11
-6.624749775912955e-11
6.650958698744713e-12
-6.140513945717922e-11
-3.573712459328402e-11
-5.545716007622831e-11
-7.277143409318964e-11
-5.450197376399775e-11
-1.041735643147388e-10
-6.226637699109913e-11
-1.318452611722922e-10
-7.809452585047555e-11
-1.56753054194271e-10
-9.763837050618952e-11
-1.777274127552888e-10
-1.153249523337246e-10
-1.928556424290085e-10
-1.264129337510823e-10
-2.008564227298737e-10
-1.278821605755356e-10
-2.010447356203227e-10
-1.184505196735331e-10
-1.920391948516426e-10
-9.773995383128336e-11
-1.724338980007595e-10
-6.625206776438865e-11
-1.429397340426343e-10
-2.65347815687316e-11
-1.069455884455185e-10
1.643356068867403e-11
-6.891575679959472e-11
5.658810524809984e-11
-3.241005788970773e-11
8.869022356123565e-11
8.252010865480633e-13
1.094387378991008e-10
3.057877073253524e-11
1.175393646886579e-10
5.726431555894223e-11
1.13314305841407e-10
8.094576404370049e-11
9.843773297797712e-11
1.007714995532393e-10
7.593623771656301e-11
1.152101506788586e-10
5.017052847554907e-11
1.23156483528414e-10
2.641586058450899e-11
-2.673681324107025e-11
1.046080044413489e-09
-2.408994908605443e-10
1.484846934670208e-09
-4.395559852891905e-10
1.975796772276109e-09
-5.337836635360781e-10
2.273278930366665e-09
-4.91638037022713e-10
2.385510783846282e-09
-3.422691542836187e-10
2.257406019125015e-09
-2.230693795415553e-10
1.722996685570339e-09
-1.246240977356623e-10
1.232525515312998e-09
-1.266183362265375e-10
-9.569040534494399e-12
-1.423344419994988e-10
-3.026997750253148e-11
-1.592766815818605e-10
-5.186979397578224e-11
-1.562513122495644e-10
-5.766716264318041e-11
-1.240436934533703e-10
-3.99769600847246e-11
-7.036616804822778e-11
-5.310948945782037e-12
-1.090064616002531e-11
3.248835697724536e-11
4.072510504448219e-11
6.152643774419798e-11
7.716332111369041e-11
7.63210722108321e-11
9.667017854132718e-11
7.719163006176872e-11
1.008160276914514e-10
6.756548049753718e-11
9.259654813481154e-11
5.167196244439815e-11
7.531831511399846e-11
3.345728927198897e-11
5.20147113454529e-11
1.640632749909132e-11
2.525324949676699e-11
3.557111300359444e-12
-2.576341459053167e-12
-1.020507627202449e-11
-4.138171634121174e-11
-2.639910429720326e-11
-2.422084117172963e-11
-4.56350080120508e-11
-7.741557930989819e-12
-6.276865460456402e-11
4.681633765005668e-12
-7.162074712997541e-11
1.615037122097854e-11
-6.857815305076723e-11
2.765349313256114e-11
-5.387615995322757e-11
3.742135866203445e-11
-3.022021259904804e-11
4.253414939203335e-11
-1.264073950896456e-12
4.096892802646752e-11
2.884295019494433e-11
3.248978903978791e-11
5.558480275780756e-11
1.847086377003275e-11
7.466663416700732e-11
1.390142970217329e-12
8.292386774620335e-11
-1.568441267121817e-11
7.902147966570569e-11
-2.968182570886644e-11
6.369410843934482e-11
-3.824199177826527e-11
3.959728772818885e-11
-4.046045811829239e-11
1.078812786425922e-11
-3.743786238840482e-11
-1.833649258718318e-11
-3.228004590270211e-11
-4.457777059685016e-11
-2.921541309228367e-11
-6.713788949474438e-11
-3.194139060978719e-11
-8.737710293776779e-11
-4.202670588158988e-11
-1.071056508662358e-10
-5.836552739661179e-11
-1.268996482318358e-10
-7.784393169936662e-11
-1.457508401498748e-10
-9.64733285014667e-11
-1.617938589734705e-10
-1.103694944758208e-10
-1.731797344744382e-10
-1.164958763635039e-10
-1.78557565623339e-10
-1.13072293406276e-10
-1.767613509997205e-10
-9.953578700604119e-11
-1.666212433749733e-10
-7.639180930970401e-11
-1.476736178554537e-10
-4.548205623854331e-11
-1.209513241223695e-10
-1.028839891438839e-11
-8.88506256197187e-11
2.448772450820544e-11
-5.422804605049994e-11
5.406794415485328e-11
-1.955986002886744e-11
7.477083498649652e-11
1.33177571771602e-11
8.466201259901229e-11
4.297320030399766e-11
8.365911055031836e-11
6.805453548794188e-11
7.335662773021446e-11
8.726150164746505e-11
5.672948443909457e-11
9.977030675400461e-11
3.766191891661004e-11
1.059254521440109e-10
2.026089435133116e-11
3.42470177402647e-13
1.151663189217854e-09
-1.517429647773053e-10
1.636932517144838e-09
-2.796539163973868e-10
2.103707856527114e-09
-3.363858336706519e-10
2.330010966372589e-09
-3.043074144510943e-10
2.353432470201092e-09
-2.056783194563967e-10
2.15877701739406e-09
-1.326285869921777e-10
1.649947034988352e-09
-7.179898129060845e-11
1.171695980640847e-09
-7.409110287236114e-11
-7.276857766760072e-12
-8.360527174431971e-11
-2.075575709995727e-11
-9.841374732095373e-11
-3.70612752571089e-11
-1.078385703533256e-10
-4.824230453310831e-11
-1.011668485131373e-10
-4.664865269191333e-11
-7.588931001676246e-11
-3.058846255522188e-11
-3.816705480240133e-11
-5.233873905500655e-12
2.196513704898451e-12
2.116289601678378e-11
3.673504619397191e-11
4.17825732848979e-11
6.049440030073208e-11
5.3432319029406e-11
7.188142812556564e-11
5.617850349331478e-11
7.15877408877224e-11
5.196570181928357e-11
6.151801454149829e-11
4.352705939604058e-11
4.408183673378124e-11
3.384251524405271e-11
2.187866248777067e-11
2.576048658771829e-11
1.930235296420426e-11
-5.799784972742609e-12
-3.55814561507819e-11
-1.597744269964197e-11
-1.404268964685082e-11
-2.869599414609945e-11
4.977486299641344e-12
-4.115241129684217e-11
1.713854645123528e-11
-4.951550972487239e-11
2.451396808146505e-11
-5.058597799674103e-11
2.872446201136358e-11
-4.33759373906443e-11
3.021182105826043e-11
-2.929472318972708e-11
2.84534399430067e-11
-1.12603627748615e-11
2.293507440569638e-11
7.256976055193053e-12
1.397295823130882e-11
2.286119686214166e-11
2.867152368479413e-12
3.270716681761366e-11
-8.45531723936497e-12
3.497587530790738e-11
-1.795261110947127e-11
2.925504585042616e-11
-2.396048716056854e-11
1.66592058979731e-11
-2.564564391658401e-11
-4.247002888669109e-13
-2.337604666384034e-11
-1.901791135934457e-11
-1.8844149062045e-11
-3.656073086461536e-11
-1.473672876246129e-11
-5.185636985320235e-11
-1.391928155468471e-11
-6.535371228496854e-11
-1.844356242483812e-11
-7.849845674818184e-11
-2.888148295809505e-11
-9.260479719607212e-11
-4.425871753987438e-11
-1.080323042140837e-10
-6.241596478903585e-11
-1.240186311276122e-10
-8.048655296480901e-11
-1.389928393389439e-10
-9.53948492843311e-11
-1.51100123568503e-10
-1.043881684877573e-10
-1.586709064017171e-10
-1.055011004943637e-10
-1.603770353500853e-10
-9.782926311919167e-11
-1.551715778231665e-10
-8.159688709846259e-11
-1.424423186916735e-10
-5.82109522308194e-11
-1.224003920122829e-10
-3.032997892206326e-11
-9.626907452430149e-11
-1.64326394991383e-12
-6.60440520932901e-11
2.384323343656126e-11
-3.405444901515512e-11
4.278152539695467e-11
-2.643592742318767e-12
5.325143209638458e-11
2.598005205316647e-11
5.503572319801612e-11
4.989449557542735e-11
4.94424239896288e-11
6.774713823717138e-11
3.887706360849385e-11
7.911068854396083e-11
2.629857328779265e-11
8.474339405422215e-11
1.462837641021905e-11
2.799636653282228e-12
1.233607117975059e-09
-1.176134095472572e-10
1.757345718876686e-09
-2.098458286588596e-10
2.195940416293594e-09
-2.471844847064783e-10
2.367349748907174e-09
-2.1823570322095e-10
2.324483801943915e-09
-1.410924299379005e-10
2.081633845019687e-09
-8.433182178318884e-11
1.593186516135779e-09
-3.738215236821741e-11
1.124746389947803e-09
-4.060627040815021e-11
-4.052671199884368e-12
-4.829462910131148e-11
-1.306733899030455e-11
-6.009052056168126e-11
-2.526533326776909e-11
-7.14786310386073e-11
-3.685415088517219e-11
-7.553672732424323e-11
-4.259051975551456e-11
-6.744281106736246e-11
-3.868234590625093e-11
-4.754233034714016e-11
-2.513432306345152e-11
-2.068011784450251e-11
-5.699282314536749e-12
6.640959331146746e-12
1.44615361706478e-11
2.886031041924716e-11
3.121301732836167e-11
4.266832546296958e-11
4.237054538676833e-11
4.711336720376782e-11
4.752071146285571e-11
4.294281477160725e-11
4.769765972381811e-11
3.186371189711425e-11
4.492173637498848e-11
1.610967635600034e-11
4.15145667691538e-11
3.541210548047918e-11
-3.682076330862335e-12
-3.189893258949455e-11
-1.057411919624198e-11
-7.150125483259552e-12
-1.94077276048105e-11
1.38116285703366e-11
-2.86591175549151e-11
2.63904753273713e-11
-3.627621679971671e-11
3.213160825656498e-11
-4.023915894927531e-11
3.268794679509697e-11
-3.948235659327456e-11
2.945556182098858e-11
-3.441884298618795e-11
2.339047023670733e-11
-2.670862796965593e-11
1.522540291695021e-11
-1.858494136095885e-11
5.849815059463159e-12
-1.220097309358394e-11
-3.51627382060594e-12
-9.182821532341655e-12
-1.147292792185904e-11
-1.035373039772906e-11
-1.678116395389967e-11
-1.559521700671216e-11
-1.871846484407346e-11
-2.389590150319255e-11
-1.734442778038134e-11
-3.366426999836245e-11
-1.36071507375972e-11
-4.329368696307903e-11
-9.214210420108231e-12
-5.179346667231468e-11
-6.236433390101917e-12
-5.916426516179271e-11
-6.547974985697136e-12
-6.627656330579018e-11
-1.133076412477529e-11
-7.432322688881792e-11
-2.083432870486954e-11
-8.418901271042916e-11
-3.439245090711674e-11
-9.60418200800912e-11
-5.056268799377565e-11
-1.092199406750815e-10
-6.730797468661686e-11
-1.22364718944076e-10
-8.224962653605215e-11
-1.337335242696434e-10
-9.301893217976251e-11
-1.415778208143322e-10
-9.765638782643374e-11
-1.444464330686737e-10
-9.496024978694177e-11
-1.413361429455333e-10
-8.470679241154579e-11
-1.317831500663658e-10
-6.776357661381612e-11
-1.159827621885765e-10
-4.613001565491725e-11
-9.484227191523004e-11
-2.278342031253275e-11
-6.985410838216421e-11
-1.14461423007925e-12
-4.286097080221627e-11
1.578868592749512e-11
-1.586928430100828e-11
2.626002540212339e-11
9.087954777047638e-12
3.007874607778228e-11
3.01939499083582e-11
2.83366727072244e-11
4.622828020194492e-11
2.284295966122451e-11
5.685396098702016e-11
1.567310139177948e-11
6.260897078173202e-11
8.873558783811575e-12
-1.231160265256032e-11
1.308527867218409e-09
-1.251068215448171e-10
1.870141098053118e-09
-2.084810270893058e-10
2.279314767272992e-09
-2.402424331122463e-10
2.399111286386683e-09
-2.092876339064456e-10
2.293529121146813e-09
-1.312572061201065e-10
2.003603523382119e-09
-6.675070795929285e-11
1.528680112915959e-09
-1.778283258769163e-11
1.075778598855412e-09
-2.193156939196674e-11
9.614026194855748e-14
-2.84261690109031e-11
-6.572674064116568e-12
-3.66080610114876e-11
-1.708338418105013e-11
-4.541369188803835e-11
-2.804847072871937e-11
-5.225483371897664e-11
-3.574933460423734e-11
-5.321902511702998e-11
-3.771811561943475e-11
-4.581173214530008e-11
-3.254157830515488e-11
-3.109935637612036e-11
-2.041161873054299e-11
-1.309194830943417e-11
-3.545826981377119e-12
3.641948721466581e-12
1.447917331840911e-11
1.5820628514028e-11
3.019192531990876e-11
2.206024492565929e-11
4.12811545889628e-11
2.235897364747646e-11
4.739898290778859e-11
1.755788549529794e-11
4.972286049594382e-11
9.122843988211e-12
4.99497575354079e-11
4.453499647273167e-11
-3.376892116103415e-12
-2.852155607616055e-11
-9.081565372776466e-12
-1.444895205528674e-12
-1.623959257006999e-11
2.097022888899694e-11
-2.413796120351439e-11
3.42894229390362e-11
-3.186506085433626e-11
3.985928951938144e-11
-3.840651543206907e-11
3.922998276589385e-11
-4.300647492004095e-11
3.405610238106192e-11
-4.55316469588147e-11
2.591622129656173e-11
-4.652948040830214e-11
1.622381362391216e-11
-4.69472034077683e-11
6.268111927079238e-12
-4.772587154247078e-11
-2.73703491581789e-12
-4.948164946179641e-11
-9.716583953369437e-12
-5.23509739775593e-11
-1.391127789637633e-11
-5.59916027303338e-11
-1.507728066182545e-11
-5.972953887162781e-11
-1.360594221452197e-11
-6.284076303893153e-11
-1.049538470424481e-11
-6.48981712818615e-11
-7.156267872067053e-12
-6.603488464432079e-11
-5.099194757158947e-12
-6.697203538404848e-11
-5.610308110822754e-12
-6.877873611617508e-11
-9.523557769949939e-12
-7.248797934961241e-11
-1.712459054007244e-11
-7.874242925223239e-11
-2.813751803979204e-11
-8.756859906110907e-11
-4.173604741549391e-11
-9.82977904651328e-11
-5.657832588203686e-11
-1.09636924509861e-10
-7.091004870369107e-11
-1.198843925714039e-10
-8.277103501211434e-11
-1.27245831564556e-10
-9.029453462909029e-11
-1.301705155331693e-10
-9.2035167465932e-11
-1.276306480375497e-10
-8.724627756221959e-11
-1.193134128789676e-10
-7.608044624002835e-11
-1.057049185325896e-10
-5.973816133450347e-11
-8.798708873386223e-11
-4.050091893809283e-11
-6.770579360599796e-11
-2.142559559991328e-11
-4.636732569486986e-11
-5.549486058668893e-12
-2.524603436722039e-11
5.139012391943474e-12
-5.4943732759669e-12
1.032734551724034e-11
1.173709359082936e-11
1.110544896188861e-11
2.549981817930887e-11
9.080460868576469e-12
3.538439260351236e-11
5.788735961749599e-12
4.147153820499522e-11
2.786605737817237e-12
-3.941791775021048e-11
1.389417499943091e-09
-1.636331450706216e-10
1.994356487010532e-09
-2.598434230453779e-10
2.37552519249704e-09
-2.980853348899498e-10
2.437353332005572e-09
-2.62563959873569e-10
2.258007867184081e-09
-1.663727335940463e-10
1.907412406508183e-09
-7.375452182728505e-11
1.436061999525353e-09
-1.149380258283499e-11
1.013517968034324e-09
-1.623474379835979e-11
4.837160298449061e-12
-2.02040500535846e-11
-2.603297578950231e-12
-2.268535059904939e-11
-1.460202179070813e-11
-2.578187270581081e-11
-2.495189390030708e-11
-3.123715532686428e-11
-3.029400360800543e-11
-3.688542435690084e-11
-3.206980222339512e-11
-3.807848169665527e-11
-3.134847853174278e-11
-3.318286870319126e-11
-2.53071876856635e-11
-2.468205731913817e-11
-1.204658943933004e-11
-1.564411454680567e-11
5.441287126640792e-12
-7.715768021678271e-12
2.2263641424786e-11
-1.638200705382573e-12
3.520364644040831e-11
2.020906841888431e-12
4.373992988312971e-11
3.054073520876346e-12
4.868979022622527e-11
1.936719339262352e-12
5.106719462122255e-11
4.647177195285821e-11
-4.706079087650275e-12
-2.381489025961954e-11
-1.099835191764077e-11
4.84799848097237e-12
-1.828030078951324e-11
2.825279571039256e-11
-2.644503178517925e-11
4.245477240533818e-11
-3.528948082287488e-11
4.870435586688126e-11
-4.444805005988414e-11
4.838916803396653e-11
-5.346017601342239e-11
4.306884095915039e-11
-6.193066081444416e-11
3.438731545264694e-11
-6.964346149725387e-11
2.393721837351998e-11
-7.65325323885887e-11
1.315778187619371e-11
-8.254499464842428e-11
3.276019471714966e-12
-8.750821930252086e-11
-4.752773783955644e-12
-9.108839507303274e-11
-1.033052501858227e-11
-9.286505913478276e-11
-1.330004760757794e-11
-9.249870041940584e-11
-1.397174168597173e-11
-8.993662575105411e-11
-1.305690964468792e-11
-8.557495316734764e-11
-1.151740168763537e-11
-8.029095306254361e-11
-1.038266690124889e-11
-7.53070225552066e-11
-1.059372270919858e-11
-7.192824029788779e-11
-1.290183610623354e-11
-7.12477246068626e-11
-1.780461535372731e-11
-7.389979272836821e-11
-2.548497210888933e-11
-7.989506533880898e-11
-3.574031095424306e-11
-8.855146635177202e-11
-4.792147507748618e-11
-9.854342470212152e-11
-6.091765537300989e-11
-1.080876149939419e-10
-7.322642470399162e-11
-1.152459475409012e-10
-8.313579766030815e-11
-1.182804093471945e-10
-8.900031700181685e-11
-1.159924533455875e-10
-8.953386118114364e-11
-1.080227426306097e-10
-8.40498009908089e-11
-9.50690415090401e-11
-7.269152329046733e-11
-7.88412810898142e-11
-5.67283570655757e-11
-6.154031720964636e-11
-3.872625428951864e-11
-4.497689794283803e-11
-2.211261720894995e-11
-2.990442581971596e-11
-9.93318873618479e-12
-1.617121760979091e-11
-3.405608664378119e-12
-3.586708967906908e-12
-1.478822456970846e-12
7.467561587241788e-12
-1.973588971526186e-12
1.635651767188439e-11
-3.100015520772425e-12
2.261525134971495e-11
-3.47193900919767e-12
-7.328094578152774e-11
1.485313870977797e-09
-2.229806694478252e-10
2.144056370120531e-09
-3.498961879639643e-10
2.50244085688602e-09
-4.067068415053128e-10
2.494164118491615e-09
-3.693740708249399e-10
2.220675217588031e-09
-2.467121754838697e-10
1.784750620998983e-09
-1.107524456255925e-10
1.300102369355722e-09
-2.041873855942292e-11
9.231843509317895e-10
-2.233345555270275e-11
6.751958529991177e-12
-2.02628107137789e-11
-4.67386972867343e-12
-1.458508465282741e-11
-2.027968275539536e-11
-1.004872705223085e-11
-2.948819370142497e-11
-1.096251868181137e-11
-2.938015994668981e-11
-1.851196633448483e-11
-2.452030707893706e-11
-2.646507569600889e-11
-2.339532339525069e-11
-3.047236770639836e-11
-2.129984883267039e-11
-3.162818368534066e-11
-1.089072221663461e-11
-3.137953697289932e-11
5.192698571357434e-12
-2.837693412600898e-11
1.926110298961233e-11
-2.288694788500347e-11
2.971372281295499e-11
-1.643045414120359e-11
3.728349304001018e-11
-1.024467122685725e-11
4.250406857107583e-11
-4.704499966525197e-12
4.552713044598309e-11
4.176733731313714e-11
-7.569543160751857e-12
-1.624487800809921e-11
-1.602225867040379e-11
1.330131650101901e-11
-2.489270943171801e-11
3.712388311697029e-11
-3.456714810334221e-11
5.212985662976106e-11
-4.529118430720807e-11
5.942903888950376e-11
-5.706838935750582e-11
6.016701653578432e-11
-6.962330045046212e-11
5.562439132184142e-11
-8.244901699810617e-11
4.721366445977783e-11
-9.490292236190374e-11
3.639174945171104e-11
-1.062867328523621e-10
2.454220903072519e-11
-1.158816928617308e-10
1.287158739245211e-11
-1.229668151811711e-10
2.33294562504902e-12
-1.268717771963688e-10
-6.424976341870793e-12
-1.270929652952354e-10
-1.30782850731259e-11
-1.234551690370335e-10
-1.760897531634715e-11
-1.162620828960825e-10
-2.024944646048344e-11
-1.063657490789423e-10
-2.141319909010217e-11
-9.51067108861642e-11
-2.164118277342309e-11
-8.412431581715167e-11
-2.15756092240251e-11
-7.508393020703736e-11
-2.194172781840386e-11
-6.938758532299976e-11
-2.350048076284896e-11
-6.792280084978061e-11
-2.69492921659337e-11
-7.088112243978958e-11
-3.278153988526571e-11
-7.766558640308038e-11
-4.1136577004414e-11
-8.691213337611517e-11
-5.167068964965516e-11
-9.665879054928344e-11
-6.347936441728749e-11
-1.046705482299292e-10
-7.512365258641052e-11
-1.088515536963684e-10
-8.48189400212618e-11
-1.076280590117599e-10
-9.075700037286022e-11
-1.002750471914824e-10
-9.140247339939629e-11
-8.72789744994418e-11
-8.568727280824887e-11
-7.063819102187998e-11
-7.336883356938836e-11
-5.357354441649007e-11
-5.579061024470161e-11
-3.924318971236232e-11
-3.644269743618219e-11
-2.899193491439421e-11
-2.018418527659788e-11
-2.155439894573716e-11
-1.084290230153201e-11
-1.442945392997702e-11
-8.603540999027077e-12
-6.460279991544976e-12
-9.942551824973539e-12
1.320383672859132e-12
-1.088048328204754e-11
7.326933772408456e-12
-9.478307720846016e-12
-1.064692493147437e-10
1.599110221284233e-09
-2.878503087470488e-10
2.325437583480277e-09
-4.56986687664433e-10
2.671577376903186e-09
-5.431695667052728e-10
2.580347126856273e-09
-5.143858357884838e-10
2.191891604729252e-09
-3.740142328045485e-10
1.644379125935714e-09
-1.925115250734892e-10
1.118599759828492e-09
-4.311866927322367e-11
7.737915846648618e-10
-3.831115851093324e-11
1.944528825489311e-12
-2.244100820374341e-11
-2.054394656778054e-11
-8.958834109412394e-12
-3.376179090785163e-11
3.908346512093511e-13
-3.883780301202057e-11
7.6199101484773e-12
-3.660918194792373e-11
4.897987028037247e-12
-2.179833449096587e-11
-8.914688865592647e-12
-9.582599995509736e-12
-2.589612966009051e-11
-4.318359470663423e-12
-3.884598408381654e-11
2.05918485273412e-12
-4.685517050884943e-11
1.320194468786008e-11
-4.677521443783482e-11
1.91812118625778e-11
-4.095027341922604e-11
2.388884519532198e-11
-3.203202146444081e-11
2.836529875669845e-11
-2.160288508024628e-11
3.207500856090142e-11
-1.04334110531396e-11
3.43577814281506e-11
3.133396451905622e-11
-1.188038912215788e-11
-4.363772569153722e-12
-2.392059493102184e-11
2.534222282521863e-11
-3.558761900994714e-11
4.879158618834268e-11
-4.766564936112102e-11
6.420856052808609e-11
-6.069074996097626e-11
7.245480798239049e-11
-7.487123283975144e-11
7.43481629236942e-11
-9.004762034869267e-11
7.080143453819012e-11
-1.057116881692708e-10
6.28783800274499e-11
-1.210822184770066e-10
5.176291686121314e-11
-1.352053028923433e-10
3.866592003935793e-11
-1.470458666057536e-10
2.471276482111167e-11
-1.5556932459938e-10
1.085700481242635e-11
-1.598425325673232e-10
-2.151181702081194e-12
-1.591782334836484e-10
-1.374201151797772e-11
-1.533106026198584e-10
-2.347604917178116e-11
-1.425523862810724e-10
-3.100712087517888e-11
-1.278727026959842e-10
-3.609235701946083e-11
-1.108520003661837e-10
-3.866137517745172e-11
-9.350348746583921e-11
-3.892362871877576e-11
-7.798441229793398e-11
-3.746032562768046e-11
-6.624914404884783e-11
-3.523528814471731e-11
-5.971345781620317e-11
-3.348453366110707e-11
-5.899500697278221e-11
-3.349956228519443e-11
-6.376601718808319e-11
-3.636515441805029e-11
-7.272810472191444e-11
-4.270820577315467e-11
-8.373350123554103e-11
-5.247358751363859e-11
-9.410756215639377e-11
-6.474922704207109e-11
-1.011659631555697e-10
-7.776019021902204e-11
-1.027381485573489e-10
-8.918448171152151e-11
-9.747313005618434e-11
-9.666717433380063e-11
-8.509310726355683e-11
-9.806699338903221e-11
-6.70368645734699e-11
-9.142478959917471e-11
-4.7102006339287e-11
-7.57251969739254e-11
-3.063531912036006e-11
-5.290912849416843e-11
-2.169450990028522e-11
-2.912475320359962e-11
-1.967641156708252e-11
-1.286077433440685e-11
-1.918190912685457e-11
-9.097831541623307e-12
-1.50462053411171e-11
-1.407805813182798e-11
-7.750754058900334e-12
-1.817575077282027e-11
-1.786363730559715e-12
-1.544252782610563e-11
-1.248489183318948e-10
1.722172933427936e-09
-3.284316257934549e-10
2.52902043605477e-09
-5.351058195612264e-10
2.878251704392855e-09
-6.48975534742174e-10
2.694216964717443e-09
-6.368931423090059e-10
2.179809325061253e-09
-4.994555826194824e-10
1.506941669447708e-09
-2.796803048830963e-10
8.988245768138143e-10
-6.007962935683394e-11
5.541909955840884e-10
-5.482443542508156e-11
-3.310586036665403e-12
-1.622030481615191e-11
-5.914800548359484e-11
-2.93349650470085e-12
-4.704853411191507e-11
9.715579197948929e-13
-4.274279881255102e-11
1.612827451072664e-11
-5.176584517832025e-11
3.829439483692012e-11
-4.396440554039813e-11
2.219334265385813e-11
6.518499851066887e-12
-2.199289067297543e-11
3.986792230933413e-11
-5.405395576082002e-11
3.412030262515531e-11
-6.375944472036012e-11
2.290749307734247e-11
-6.227845784713474e-11
1.770029073350866e-11
-5.53819979201262e-11
1.699244816770407e-11
-4.468599359400412e-11
1.766935440795698e-11
-3.102677293917179e-11
1.841587366015637e-11
-1.526203461452347e-11
1.85931110835171e-11
1.607201503719884e-11
-1.757620765700218e-11
1.321285822124293e-11
-3.454124768254821e-11
4.23078788615386e-11
-5.003597497077537e-11
6.428698164721002e-11
-6.513476000632676e-11
7.930802477271682e-11
-8.056011792747116e-11
8.788084472707078e-11
-9.665265078016014e-11
9.044136784978541e-11
-1.133748370591835e-10
8.752428475292165e-11
-1.30349623023319e-10
7.985381847542418e-11
-1.4692399094092e-10
6.833792558445269e-11
-1.622317620304999e-10
5.397431754655726e-11
-1.752404070712054e-10
3.77220220642148e-11
-1.848021006441233e-10
2.041929412931763e-11
-1.897520633670246e-10
2.79936073784725e-12
-1.890805251877866e-10
-1.441298776199992e-11
-1.821617202682614e-10
-3.039430934237663e-11
-1.689865388358265e-10
-4.418177599885005e-11
-1.503318845424144e-10
-5.474650277150769e-11
-1.278059488162672e-10
-6.118682089866822e-11
-1.037276551056805e-10
-6.300145029318045e-11
-8.083027190876867e-11
-6.035725488946081e-11
-6.182678594116924e-11
-5.423833778848141e-11
-4.893013094655117e-11
-4.638076991079221e-11
-4.345199970949511e-11
-3.897729190143752e-11
-4.556898747637631e-11
-3.42477818431288e-11
-5.425405782914946e-11
-3.402276713931681e-11
-6.732384593107098e-11
-3.940344715534981e-11
-8.164743975805483e-11
-5.042529687653999e-11
-9.368734281913374e-11
-6.571996612337585e-11
-1.003440475087898e-10
-8.252747134955284e-11
-9.953716710542771e-11
-9.747376376165902e-11
-9.006957328017213e-11
-1.075343111219761e-10
-7.177127111078788e-11
-1.097228298703469e-10
-4.723657211128686e-11
-1.002596485278349e-10
-2.322315686810505e-11
-7.692231002758572e-11
-8.416685524639175e-12
-4.393100483726882e-11
-7.205147120501284e-12
-1.407210625925816e-11
-1.40282835061659e-11
-2.274502114565345e-12
-1.64943431760825e-11
-1.161181800909644e-11
-8.844497766324828e-12
-2.582542842118848e-11
4.170861909792222e-13
-2.470395577044183e-11
-1.021213292872211e-10
1.824711493190862e-09
-2.911055034899586e-10
2.718004743860926e-09
-4.986474903753788e-10
3.085793814341555e-09
-6.072055741997354e-10
2.802775162183739e-09
-6.026146469063655e-10
2.175218502199952e-09
-5.025258893682623e-10
1.406853008235813e-09
-3.10187492205105e-10
7.064862680286553e-10
-3.785818862273726e-11
2.818617733820846e-10
1.245182864292995e-11
-5.362052893800661e-11
-5.957367179817055e-13
-4.610037203153902e-11
-5.066108716541967e-11
3.016878043160755e-12
-8.407128664752149e-11
-9.332543198044963e-12
-9.222116307319108e-11
-4.361591774701898e-11
-5.380190325391639e-11
-8.238361771796971e-11
-1.085919982073651e-10
6.130864071909632e-11
-1.152171365352972e-10
4.649310793043188e-11
-8.726137707177082e-11
6.164594954922577e-12
-7.832717156430533e-11
1.397334641858941e-11
-7.397039109985469e-11
1.334357484059948e-11
-6.682052278355398e-11
9.842645666242837e-12
-5.511782004100161e-11
5.966710355816452e-12
-3.901496581263252e-11
2.313076534279119e-12
-1.943666213616281e-11
-9.850234619867738e-13
-3.36462599572704e-12
-2.46634871779993e-11
3.787715869093337e-11
-4.788218266044464e-11
6.552731571137617e-11
-6.813627877491502e-11
8.454177763573114e-11
-8.66612421849735e-11
9.783367611076108e-11
-1.042969917717815e-10
1.055172734052378e-10
-1.215137226625317e-10
1.076587692877157e-10
-1.384771638959762e-10
1.044883849601084e-10
-1.551265458170403e-10
9.650384723940776e-11
-1.712148646330715e-10
8.442687619142559e-11
-1.862740926404416e-10
6.903416213676762e-11
-1.995329010726652e-10
5.098142942951062e-11
-2.098719483757225e-10
3.075892293525511e-11
-2.158961147477358e-10
8.824089286093705e-12
-2.161458165861978e-10
-1.416274257729165e-11
-2.094130812587527e-10
-3.712652148429709e-11
-1.950964899519794e-10
-5.849786360847527e-11
-1.735121485523401e-10
-7.633036073956961e-11
-1.460719182529689e-10
-8.862658728318384e-11
-1.152553463559692e-10
-9.381757806117464e-11
-8.433879379584924e-11
-9.127338237526443e-11
-5.689760597162295e-11
-8.16791194273506e-11
-3.616802762264363e-11
-6.710996032962322e-11
-2.443598407233821e-11
-5.070896526830923e-11
-2.26439521149249e-11
-3.603946088738559e-11
-3.028823972670151e-11
-2.637814313312405e-11
-4.546385977923438e-11
-2.42275069443736e-11
-6.48812991351747e-11
-3.100755270025441e-11
-8.407453356160709e-11
-4.652644213704211e-11
-9.840619257167398e-11
-6.819553707649951e-11
-1.04677392156827e-10
-9.120230332091381e-11
-1.014056487220174e-10
-1.108058071299067e-10
-8.701378326987637e-11
-1.241144615785091e-10
-6.035471994914953e-11
-1.26918490809365e-10
-2.570729177207981e-11
-1.115695302023046e-10
5.674922458870098e-12
-7.531302311746631e-11
1.945811598473725e-11
-2.785511622566986e-11
1.0517832263486e-11
6.665953784107532e-12
-4.99034093946321e-12
3.896515702637812e-12
-1.699175344727365e-12
-2.911644413328024e-11
1.897057529782076e-11
-4.537356734698295e-11
3.754299103593224e-12
1.839927898718836e-09
-9.196346584242255e-11
2.813722628330671e-09
-2.07498061177935e-10
3.201328520511754e-09
-2.114444750929715e-10
2.806721678273028e-09
-1.405442147457707e-10
2.104318336477263e-09
-6.880036401435948e-11
1.335109244635074e-09
-4.763876874246191e-11
6.853247533827418e-10
-3.609301796820029e-11
2.703160966841064e-10
-1.230772018378887e-10
3.336372322362863e-11
-2.022896086108372e-10
3.311209706333123e-11
-2.455473151477074e-10
4.627464154903546e-11
-2.446078165231619e-10
-1.027199021434474e-11
-1.983325211801295e-10
-8.989116572232895e-11
-1.325776919320358e-10
-1.481384029757932e-10
-1.347027400997007e-10
6.343373197154979e-11
-1.183878901984646e-10
3.017830282924119e-11
-1.024196344990665e-10
-9.803611186069527e-12
-9.227186253760953e-11
3.825631663663645e-12
-8.512849242436276e-11
6.20026986569141e-12
-7.670561782068201e-11
1.419832892179573e-12
-6.40468629176398e-11
-6.691981500313762e-12
-4.605074933744269e-11
-1.568292610834653e-11
-2.322009774531201e-11
-2.381564478385891e-11
-2.658461783685283e-11
-3.326528391487755e-11
7.114278337460635e-11
-6.416140601585531e-11
9.642402335183891e-11
-9.007187831079387e-11
1.104529026113557e-10
-1.122484992045331e-10
1.200109626064722e-10
-1.316184316157228e-10
1.24887869185054e-10
-1.488454991732261e-10
1.248864910238344e-10
-1.644634236467616e-10
1.201069522873519e-10
-1.78989935136734e-10
1.110309869417448e-10
-1.928871767542574e-10
9.832473069247333e-11
-2.063420136332936e-10
8.248959396989228e-11
-2.18999510026224e-10
6.363950270614438e-11
-2.298256811925335e-10
4.158565089955966e-11
-2.371834414156053e-10
1.618238647257941e-11
-2.391015109907176e-10
-1.224415728566206e-11
-2.336820531223857e-10
-4.254548435081053e-11
-2.195826740049809e-10
-7.259676925451239e-11
-1.964729488291252e-10
-9.943963327058035e-11
-1.653426428723385e-10
-1.1975646168185e-10
-1.285722456840509e-10
-1.305875640101687e-10
-8.973782478153051e-11
-1.301074121318383e-10
-5.315401909688099e-11
-1.182625533250236e-10
-2.317436290607907e-11
-9.70892634724936e-11
-3.352797009400519e-12
-7.053019623663905e-11
4.265463598506636e-12
-4.365740377378348e-11
-5.918052870787924e-13
-2.15205732882487e-11
-1.660539297216618e-11
-8.213633957858438e-12
-4.096833496122823e-11
-6.644340834723143e-12
-6.896750550613566e-11
-1.852701593396444e-11
-9.399524675643087e-11
-4.316755437244282e-11
-1.10061828859959e-10
-7.513549272351593e-11
-1.155086132226001e-10
-1.053588074145109e-10
-1.107364833857061e-10
-1.288863879558231e-10
-9.085994929374556e-11
-1.467948336579946e-10
-5.103551832891087e-11
-1.513937809049238e-10
5.514680872493233e-12
-1.318630534372856e-10
5.712234034352106e-11
-7.946261697841452e-11
7.060373998412874e-11
-6.815297713881168e-12
3.955215324302176e-11
3.494824120523052e-11
1.437989096465992e-11
-3.94405284191102e-12
4.484724552691791e-11
-7.584080147434528e-11
2.426835287644501e-10
1.642091727051089e-09
3.784872983723862e-10
2.677918962579997e-09
5.394244932225537e-10
3.040391421628859e-09
8.49409184114359e-10
2.496737076576493e-09
1.19026405518611e-09
1.763463547731668e-09
1.426745845448963e-09
1.09862753084234e-09
1.476470161926457e-09
6.356005074047235e-10
1.345641732398967e-09
4.011445915517432e-10
1.060272432841849e-09
3.187330827379337e-10
7.502989915717689e-10
3.430855934957282e-10
4.77118809366232e-10
3.194548738744823e-10
2.726723471412108e-10
1.941745178066956e-10
1.529927697926865e-10
2.978845336156916e-11
1.036665312665195e-10
-9.881212515017059e-11
1.909439393720435e-11
1.480059081801812e-10
-1.009060574984704e-10
1.501787955607533e-10
-1.050166644239254e-10
-5.692957415428847e-12
-1.003253376095884e-10
-8.656393352545338e-13
-9.34489184890182e-11
-6.760860491442675e-13
-8.457614870733109e-11
-7.452868604704065e-12
-7.142922508348506e-11
-1.983884450146355e-11
-5.211965253547e-11
-3.499245943646242e-11
-2.659493340636166e-11
-4.934014898223264e-11
-5.317954750585635e-11
-4.363512288164573e-11
1.147787629038632e-10
-8.383074546378944e-11
1.366203737947143e-10
-1.163045735478641e-10
1.429273982100788e-10
-1.421720481609198e-10
1.458790865843874e-10
-1.624690988306519e-10
1.451855575050074e-10
-1.782094013293175e-10
1.406274200562709e-10
-1.90592240858991e-10
1.32490404626747e-10
-2.010896521048778e-10
1.215289963101853e-10
-2.111732205819551e-10
1.084088799891482e-10
-2.218023481928272e-10
9.311928454400242e-11
-2.330107973025041e-10
7.484849485667526e-11
-2.438000055073374e-10
5.237538212456612e-11
-2.523011574536083e-10
2.468403997071095e-11
-2.56101255344581e-10
-8.44357904295283e-12
-2.527030317947013e-10
-4.594324957914834e-11
-2.400856068711031e-10
-8.521375736040727e-11
-2.172431716729432e-10
-1.22281653405021e-10
-1.845526817254201e-10
-1.524465576466317e-10
-1.439054407306675e-10
-1.712344318403674e-10
-9.863636226416591e-11
-1.753761375398077e-10
-5.328181018064554e-11
-1.636167717671587e-10
-1.308239477181038e-11
-1.372883640003056e-10
1.690562702124514e-11
-1.005179208931758e-10
3.297997299276851e-11
-5.973146982784251e-11
3.366387437033405e-11
-2.220421072423542e-11
1.960882785026849e-11
5.841660866390219e-12
-7.240718275510371e-12
2.020543934007275e-11
-4.355675045823283e-11
1.778923616552664e-11
-8.244271003761092e-11
-4.281387557123994e-12
-1.129186744652385e-10
-4.465933382875792e-11
-1.283080488439131e-10
-8.996924986393667e-11
-1.354247354202504e-10
-1.217695297697438e-10
-1.361114788924774e-10
-1.461079286792479e-10
-1.090055696781599e-10
-1.784995391083934e-10
-3.311061783522654e-11
-2.07757863346167e-10
8.136286482487559e-11
-1.939359672466103e-10
1.731911218226175e-10
-9.864343050682138e-11
1.640109372403817e-10
4.412854132466279e-11
6.788585205749491e-11
9.21811404882294e-11
3.876923773129162e-11
-4.672408683487242e-11
6.370349985042461e-10
1.043826059961905e-09
1.225957705342902e-09
2.088996342430621e-09
1.977139406263285e-09
2.289209801536315e-09
2.901551796912709e-09
1.572324760628972e-09
3.740242877120511e-09
9.247725371311059e-10
4.278140114534684e-09
5.607303577213671e-10
4.412648709492451e-09
5.010919722789033e-10
4.160471331277497e-09
6.533220248738619e-10
3.606829274085286e-09
8.723751909245797e-10
2.907194775362786e-09
1.042720138767531e-09
2.1842322759332e-09
1.042417415914933e-09
1.530778620020351e-09
8.476282122641931e-10
1.002901428467659e-09
5.576656803540926e-10
6.109433122086583e-10
2.931460245986943e-10
2.255770926898334e-10
5.333721616477018e-10
-9.01523697282736e-11
4.659082948551683e-10
-9.723766539136749e-11
1.392381980185069e-12
-9.852874460864779e-11
4.254936858700088e-13
-9.524743557538922e-11
-3.957330787602245e-12
-8.809492257160304e-11
-1.46053196001062e-11
-7.561013583565734e-11
-3.23235634375036e-11
-5.587040513169602e-11
-5.473205320497302e-11
-2.874442758631379e-11
-7.646613437018602e-11
-8.192384774025263e-11
-5.608102691088275e-11
1.708600148364111e-10
-1.074578204563561e-10
1.87997672464374e-10
-1.474531925147121e-10
1.829233534185425e-10
-1.768408912392249e-10
1.75267382235867e-10
-1.968289615121374e-10
1.651742213187732e-10
-2.091202647756881e-10
1.529193065426302e-10
-2.161443237843218e-10
1.395150340526609e-10
-2.208429305946542e-10
1.262281578979045e-10
-2.258609699632383e-10
1.134274574169949e-10
-2.327326412362012e-10
9.999147511569262e-11
-2.41585886106084e-10
8.370223973079663e-11
-2.513213132725082e-10
6.211128858372045e-11
-2.59925140198208e-10
3.328832537204767e-11
-2.648095593683481e-10
-3.558723017754351e-12
-2.632668742690518e-10
-4.748551921936661e-11
-2.529949958511639e-10
-9.548524194256102e-11
-2.325307410684132e-10
-1.42745535527648e-10
-2.015110065973454e-10
-1.834659403487035e-10
-1.608136178330188e-10
-2.119314891639077e-10
-1.126745761301901e-10
-2.235148674155815e-10
-6.083546301595264e-11
-2.154555920897639e-10
-1.060065222103552e-11
-1.875228999855515e-10
3.161301077971743e-11
-1.427313265577498e-10
5.967621048064427e-11
-8.779442836396191e-11
6.97797283796884e-11
-3.230750325807407e-11
6.160649323935223e-11
1.401510704379386e-11
3.707084037851224e-11
4.474128910187311e-11
-2.398765205830755e-12
5.725902609266378e-11
-5.471452804151903e-11
4.803454706148315e-11
-1.083659472692246e-10
8.992246256257766e-12
-1.40952558444935e-10
-5.738248894299944e-11
-1.534367462613974e-10
-1.092852016797171e-10
-1.853074776760969e-10
-1.142370667988348e-10
-1.908804484888682e-10
-1.72926446035731e-10
-1.228297297995397e-10
-2.758084684354046e-10
4.102061948986593e-11
-3.577862100746635e-10
2.684379420499681e-10
-3.260606542709775e-10
4.159087123303621e-10
-1.033421364170099e-10
2.892326931791504e-10
2.1885724537594e-10
4.231863445165074e-12
2.38276823122708e-10
1.182892464169249e-09
-1.348344665639082e-10
2.621304780306733e-09
6.50584095640128e-10
4.507551709399367e-09
4.029629365128226e-10
6.459030051899263e-09
-3.791535220259589e-10
8.03283293457023e-09
-6.490302902667458e-10
8.953848239255025e-09
-3.602848953757593e-10
9.138151227061927e-09
3.167890320471296e-10
8.649568753692343e-09
1.141904542465723e-09
7.641547543034916e-09
1.88039644208221e-09
6.325733498677952e-09
2.358534220344126e-09
4.902304769280271e-09
2.465846178927197e-09
3.541142903749608e-09
2.208790108353857e-09
2.357670846012106e-09
1.741137765992846e-09
1.403695741154448e-09
1.2471211564704e-09
5.555615943897547e-10
1.381506336243975e-09
-8.027207024336077e-11
1.101741991826835e-09
-8.558921932205616e-11
6.709571750160546e-12
-8.919741580990973e-11
4.033742293507088e-12
-8.921964248143335e-11
-3.935041236010618e-12
-8.44883308427835e-11
-1.933655900334087e-11
-7.307519126622099e-11
-4.373664065065161e-11
-5.372581882796156e-11
-7.40814049202641e-11
-2.73854764258882e-11
-1.028062164056892e-10
-1.093093416969228e-10
-7.071371526066422e-11
2.415745635944179e-10
-1.353776420054827e-10
2.526622530570591e-10
-1.840019462356722e-10
2.315482357280052e-10
-2.165272947650314e-10
2.077932858835668e-10
-2.343818491528595e-10
1.83029317656794e-10
-2.407524246118029e-10
1.592904118350735e-10
-2.403707378358309e-10
1.391338633358961e-10
-2.381817927646175e-10
1.240397138572252e-10
-2.376943388208786e-10
1.129404876492273e-10
-2.402956448606863e-10
1.025932475314771e-10
-2.456845272284197e-10
8.909156937788968e-11
-2.525431698822685e-10
6.897035890633826e-11
-2.589067138014151e-10
3.965227663647454e-11
-2.625102938073618e-10
4.524386420288026e-14
-2.612468079063725e-10
-4.874863887356861e-11
-2.534150973196732e-10
-1.033166067831827e-10
-2.376254799095572e-10
-1.585348273613568e-10
-2.126778826797515e-10
-2.0841323186865e-10
-1.77747591391839e-10
-2.468614938631927e-10
-1.328805198097268e-10
-2.683816711491802e-10
-7.964383825586661e-11
-2.686920234577206e-10
-2.187809402496605e-11
-2.452884113185811e-10
3.373706930441959e-11
-1.983462729460356e-10
7.833139147232758e-11
-1.323885492499413e-10
1.037061135463145e-10
-5.768203819164022e-11
1.063925568269793e-10
1.132883693276673e-11
8.915102409417246e-11
6.198298268380452e-11
5.587690068201317e-11
9.053329805135295e-11
2.5638088231733e-12
1.013477768987827e-10
-7.796946967772651e-11
8.952565202625549e-11
-1.594764794174427e-10
2.412463912493484e-11
-1.802226458591618e-10
-8.853892614347613e-11
-2.271476470466859e-10
-6.731196401797926e-11
-2.566088798136912e-10
-1.434651195986014e-10
-2.251932327655814e-10
-3.072240280806904e-10
-9.790065147385226e-11
-4.850787107649055e-10
2.140695686550902e-10
-6.380307990739868e-10
7.028586637106727e-10
-5.921311620184951e-10
9.458649323492212e-10
-2.414895830350538e-11
3.661102710870073e-10
8.180315442436758e-10
2.167078523415688e-09
-1.935802662908061e-09
5.173861735763485e-09
-2.356199065152611e-09
8.98015319576436e-09
-3.403328475279682e-09
1.237506496458309e-08
-3.77406524645095e-09
1.480496070402678e-08
-3.078925988209567e-09
1.604207779082075e-08
-1.597401943964685e-09
1.609968700117366e-08
2.591798573136061e-10
1.51360006681785e-08
2.105590908098405e-09
1.339383724188084e-08
3.622559898496831e-09
1.11640448825263e-08
4.588326606893271e-09
8.73641362262342e-09
4.89347746343793e-09
6.370872838732542e-09
4.57433091418967e-09
4.259499039588267e-09
3.852511585462429e-09
2.511096588548533e-09
2.995523627179573e-09
1.020403978823976e-09
2.872198967890655e-09
-6.922168242466731e-11
2.191367680697353e-09
-7.199102131052651e-11
9.47894760959995e-12
-7.507563960964533e-11
7.118411059380573e-12
-7.613936275580861e-11
-2.87125443042113e-12
-7.138439699686782e-11
-2.409146432125517e-11
-5.848213222020091e-11
-5.663883543824215e-11
-3.940953168611188e-11
-9.315384760275078e-11
-1.843300106952223e-11
-1.237828029937931e-10
-1.277421944703503e-10
-8.696244746328504e-11
3.285370955852334e-10
-1.670384221164941e-10
3.327386075858614e-10
-2.257483552049578e-10
2.902586314578931e-10
-2.608269220713129e-10
2.428723294963854e-10
-2.739630513182416e-10
1.961659196787166e-10
-2.716976331670345e-10
1.570254566967848e-10
-2.627938073344658e-10
1.302304880796342e-10
-2.541617569154711e-10
1.154080998019642e-10
-2.488687115284466e-10
1.076478630262172e-10
-2.469529426480083e-10
1.006778827429556e-10
-2.472724835061663e-10
8.941149672702237e-11
-2.482989348887256e-10
6.999717865106014e-11
-2.483314516332439e-10
3.968514305503252e-11
-2.462000923183172e-10
-2.085784485703433e-12
-2.417958677813996e-10
-5.315255141955148e-11
-2.354669088717611e-10
-1.09645272250527e-10
-2.266902116296116e-10
-1.673112497641116e-10
-2.132664034557022e-10
-2.218367830068353e-10
-1.917611003870216e-10
-2.683665576272762e-10
-1.588257856728232e-10
-3.013167631887966e-10
-1.125272775572344e-10
-3.14990325404584e-10
-5.345171296836702e-11
-3.043637849070218e-10
1.383020884074488e-11
-2.656280188111139e-10
7.934327380060307e-11
-1.979014518006096e-10
1.290860424247221e-10
-1.074246578910767e-10
1.513973907827927e-10
-1.098237432263899e-11
1.454859188717535e-10
6.789457983171878e-11
1.232061667434418e-10
1.128131653123435e-10
9.189847442021214e-11
1.326555740963985e-10
2.012736220282027e-11
1.612968606774931e-10
-1.512861588995475e-10
1.955382479378253e-10
-3.162517677145089e-10
7.642676344782482e-11
-2.517669901680928e-10
-1.317966681155355e-10
-2.408672232421842e-10
-1.54364818677374e-10
-2.47310260602368e-10
-3.007809289938701e-10
-2.581374310385935e-10
-4.742514831132688e-10
-8.153764961915714e-11
-8.146305283974064e-10
6.224240983325793e-10
-1.296092861540966e-09
2.038752234102772e-09
-1.440477049961598e-09
2.667162678984781e-09
1.896211404434248e-10
5.432369797648114e-09
-4.701009744155004e-09
1.09766324190896e-08
-7.900461651715219e-09
1.718261189424818e-08
-9.609307918660542e-09
2.200453769343327e-08
-8.595991015995387e-09
2.502677362484397e-08
-6.101161892594415e-09
2.622898428119852e-08
-2.799612575149874e-09
2.578824560338955e-08
6.999185580132456e-10
2.397745758703438e-08
3.916378945576995e-09
2.11294998162321e-08
6.470517688232348e-09
1.761748854247465e-08
8.100337897671798e-09
1.382439227475194e-08
8.686573745938274e-09
1.011091199532425e-08
8.287811206664141e-09
6.763395515900986e-09
7.200028076583261e-09
3.96408139658316e-09
5.794837758585479e-09
1.631253197008727e-09
5.205027182877546e-09
-5.463258693053045e-11
3.877253486788942e-09
-5.558192171566379e-11
1.042831557281924e-11
-5.816477813479491e-11
9.701314548541203e-12
-5.748257312584664e-11
-3.553400777483086e-12
-4.568082449852387e-11
-3.589314274740171e-11
-2.424614864384256e-11
-7.807345714911005e-11
-4.686282447787993e-12
-1.12713724272804e-10
3.007598348025018e-12
-1.314763831520485e-10
-1.247346459163829e-10
-1.03024047985689e-10
4.315618874003943e-10
-2.001513809094362e-10
4.298664660176139e-10
-2.707249590220627e-10
3.608326493844398e-10
-3.073818570214308e-10
2.795296413737648e-10
-3.127362844604952e-10
2.01520747897604e-10
-3.00265327744304e-10
1.445548892553029e-10
-2.843524825327175e-10
1.143180203448383e-10
-2.719824593942845e-10
1.030384409830125e-10
-2.633259548980583e-10
9.899170902884907e-11
-2.562691582348061e-10
9.362142150747344e-11
-2.490701975340641e-10
8.221285612935907e-11
-2.398437937551543e-10
6.077107870252651e-11
-2.272566430051507e-10
2.709828004586161e-11
-2.126012995007612e-10
-1.674085700976379e-11
-1.9988537196818e-10
-6.586822416603336e-11
-1.932074291384806e-10
-1.163229769391516e-10
-1.936332669806387e-10
-1.668851895430964e-10
-1.977357593853394e-10
-2.177340842804152e-10
-1.985003093041395e-10
-2.676018163064401e-10
-1.879201419212358e-10
-3.118967542894494e-10
-1.595767138223983e-10
-3.433335909982725e-10
-1.097750014380858e-10
-3.541653487206163e-10
-3.83300836190845e-11
-3.370728004838204e-10
4.828126044619528e-11
-2.845126722996642e-10
1.332427120172831e-10
-1.92385996828635e-10
1.928341462413721e-10
-7.057370703218337e-11
2.103929597075107e-10
5.033585851033273e-11
1.946464873682482e-10
1.285597201859293e-10
1.823421911544708e-10
1.44959945044596e-10
1.923131308304738e-10
1.513259876130378e-10
6.498191318930398e-11
3.228695258709145e-10
-7.923493158372224e-10
9.337580460409962e-10
-2.486669959711438e-10
-6.754789394236247e-10
-6.982127421447255e-11
-3.332104973915187e-10
-1.501539889330015e-10
-2.204481751082447e-10
-2.658627175598793e-10
-3.585427198049388e-10
-2.953267735462407e-10
-7.851664407203266e-10
-7.346053037823573e-11
-1.517959076675533e-09
2.119046991330364e-09
-3.632984545962172e-09
1.084098207442474e-08
-8.532313919942903e-09
1.771355376183393e-08
-1.157358141068918e-08
2.494522298261801e-08
-1.51321308540893e-08
3.207790152146907e-08
-1.674198644056032e-08
3.706210838409001e-08
-1.358019786366166e-08
3.969556000504276e-08
-8.734613499775638e-09
4.012802071246451e-08
-3.232073270435539e-09
3.861956145520354e-08
2.208377826347381e-09
3.548755136169624e-08
7.048389048684055e-09
3.11040641536848e-08
1.085400490466087e-08
2.589640437801455e-08
1.330799768018869e-08
2.033100661326037e-08
1.425197151615237e-08
1.487855493418431e-08
1.374026288980824e-08
9.942837400792717e-09
1.213574561342171e-08
5.802947945634778e-09
9.934727218485425e-09
2.403696631103921e-09
8.604278506164092e-09
-3.516353982322423e-11
6.316113673897271e-09
-3.603195099426337e-11
1.129675400796257e-11
-4.192641406406327e-11
1.559581845146311e-11
-3.322556403417801e-11
-1.22541980398656e-11
7.241934238356188e-14
-6.919108163359124e-11
3.954624554137509e-11
-1.175472280558017e-10
5.682425188079564e-11
-1.299915696507504e-10
3.898393626720085e-11
-1.136361970143814e-10
-8.575053532201898e-11
-1.160807771400011e-10
5.476426003492088e-10
-2.30201809409761e-10
5.439877211557257e-10
-3.127244226791292e-10
4.433555669198333e-10
-3.487865342866779e-10
3.155920706665931e-10
-3.455197678902741e-10
1.982542955692157e-10
-3.265548873261593e-10
1.255903150205753e-10
-3.098169514383756e-10
9.758038061788673e-11
-2.97904503391336e-10
9.112627850800797e-11
-2.862564535004727e-10
8.734393259188045e-11
-2.722920977083155e-10
7.96573271708107e-11
-2.540876925229573e-10
6.400869911530642e-11
-2.280314636395496e-10
3.471508518450221e-11
-1.938132167776696e-10
-7.119745323460576e-12
-1.581126169647878e-10
-5.244124842515923e-11
-1.314864273438912e-10
-9.249421935614426e-11
-1.224922253695603e-10
-1.253169974303481e-10
-1.337141194549497e-10
-1.556631276349768e-10
-1.605708904150536e-10
-1.908771579482597e-10
-1.923049904971194e-10
-2.358675738957764e-10
-2.151616854946584e-10
-2.890399286413869e-10
-2.170053783357441e-10
-3.41489779691261e-10
-1.900028014365878e-10
-3.811678178399401e-10
-1.290437104929661e-10
-3.980317947822438e-10
-3.172630203457015e-11
-3.818299936331703e-10
9.253142953071092e-11
-3.166436512039037e-10
2.141737255712301e-10
-1.922159341149819e-10
2.926054654301102e-10
-2.809582103172824e-11
3.039269382561343e-10
1.172383007869608e-10
2.705796321860621e-10
1.783072972196081e-10
2.796024103581944e-10
1.423032499818284e-10
5.537626040470398e-10
4.870936667917198e-11
1.6106507010845e-09
-1.231300209001713e-10
6.193652326626854e-09
-5.25848053979166e-09
1.012748210217544e-08
-4.267040251103714e-09
1.483667318648156e-08
-4.929639241534156e-09
2.123611783969836e-08
-6.757987357614257e-09
2.855194763856996e-08
-8.100996227327628e-09
3.586633721844324e-08
-8.832348646086445e-09
4.08613909063078e-08
-8.628038225851848e-09
4.069812460917114e-08
-8.369047616128845e-09
4.2095309770942e-08
-1.297076656774286e-08
4.998505577775651e-08
-2.30218768571052e-08
5.506180076470926e-08
-2.181873142521105e-08
5.812830138396697e-08
-1.664669848124843e-08
5.906006150703923e-08
-9.666373622287464e-09
5.788659968226749e-08
-2.058611445580295e-09
5.473770278775617e-08
5.357274720075934e-09
4.984068912212359e-08
1.194540271300323e-08
4.352256576459633e-08
1.717212825998587e-08
3.621674390967473e-08
2.061381953203414e-08
2.845495573224228e-08
2.201375968945327e-08
2.083043844847905e-08
2.13647801684587e-08
1.390311419030264e-08
1.906306986641617e-08
8.092137110029293e-09
1.574570429521487e-08
3.370969666913828e-09
1.332544594963638e-08
-2.107945633055749e-12
9.689191294253629e-09
-1.889892212311016e-11
2.808774812870586e-11
-3.278661484613754e-11
2.948353970140004e-11
6.007981995070881e-12
-5.104875777755305e-11
8.33721207164164e-11
-1.465551729458405e-10
1.413231592222219e-10
-1.754982478704156e-10
1.407062301899208e-10
-1.293747065466264e-10
8.239153629155384e-11
-5.532115314084297e-11
-3.359092844532427e-12
-1.25311185857398e-10
6.729543828061671e-10
-2.511295856861143e-10
6.698064778052878e-10
-3.352890123825055e-10
5.275152618310855e-10
-3.665903881573737e-10
3.468936883344918e-10
-3.661145399818145e-10
1.977786780190784e-10
-3.580123731660488e-10
1.174883696380582e-10
-3.507694597571093e-10
9.033768071485024e-11
-3.40513808863553e-10
8.087083184617006e-11
-3.225543740094715e-10
6.938469334993179e-11
-2.993149897464406e-10
5.641812840571302e-11
-2.649021458711896e-10
2.959603145403863e-11
-2.112170741559188e-10
-1.89698209862061e-11
-1.435451759069652e-10
-7.479148767351702e-11
-7.916400704440699e-11
-1.168222722799004e-10
-3.571715868988045e-11
-1.359409324158083e-10
-2.377600355787097e-11
-1.372580280870072e-10
-4.587982837253695e-11
-1.335591878681494e-10
-9.734551439088969e-11
-1.394113674826495e-10
-1.660220455969747e-10
-1.671909473533393e-10
-2.329205407845095e-10
-2.22141348096371e-10
-2.776124939381409e-10
-2.967977496772417e-10
-2.867244532463687e-10
-3.720557909367838e-10
-2.543663062915017e-10
-4.303898818400622e-10
-1.707407064738261e-10
-4.654555419370338e-10
-2.3843792941814e-11
-4.635405199677173e-10
1.734019271622456e-10
-3.894616168224227e-10
3.727289761628839e-10
-2.274228383311741e-10
5.02556009381097e-10
-1.258870702573738e-11
5.315076559094747e-10
1.493556714801743e-10
5.55807613412153e-10
1.180033080434563e-10
7.605524451705008e-10
-1.560354531444866e-10
1.196253687925158e-09
-5.588312559435518e-10
5.609271973673764e-09
-9.671498820582232e-09
1.221602818962685e-08
-1.087379646550709e-08
2.006617586850587e-08
-1.277978692082703e-08
2.937881845970584e-08
-1.607062995188965e-08
3.95325952328287e-08
-1.825477300485807e-08
4.977583214110956e-08
-1.907558556081265e-08
5.973943310733744e-08
-1.859163919936614e-08
6.94703165337976e-08
-1.809993105139792e-08
7.802075781634936e-08
-2.152120785956191e-08
8.123735785270576e-08
-2.623847690380396e-08
8.293288929415026e-08
-2.351426287716146e-08
8.331652747584406e-08
-1.703033667411806e-08
8.20627307723428e-08
-8.412576929920006e-09
7.895768803230534e-08
1.046431282963471e-09
7.392710381751364e-08
1.038785892344301e-08
6.704760788882339e-08
1.882489863001274e-08
5.854934577404907e-08
2.567039036286374e-08
4.883111811108265e-08
3.03320471826268e-08
3.847078789013499e-08
3.237408989729274e-08
2.820288234349634e-08
3.16326857014883e-08
1.881038191840531e-08
2.845557027797642e-08
1.094147702088071e-08
2.361460918048691e-08
4.605499461746028e-09
1.966142350029144e-08
5.135874934042699e-11
1.424333200349354e-08
-3.000176331196053e-11
1.094482650335073e-10
-2.756088457106587e-11
2.704267371678806e-11
9.801903071225117e-11
-1.76628652713717e-10
2.316784889448788e-10
-2.802146310083624e-10
2.740841368460598e-10
-2.179038801637414e-10
2.200300485535615e-10
-7.532046152013472e-11
1.127292733052021e-10
5.197939226029877e-11
1.093704242745756e-10
-1.404036949381464e-10
8.13357871553944e-10
-2.552576366594609e-10
7.846604718112525e-10
-2.997281012915056e-10
5.719858533856839e-10
-3.256898615909977e-10
3.728555885122122e-10
-3.739374918152783e-10
2.460264459548531e-10
-4.173730505706458e-10
1.60924062022073e-10
-4.25960964472653e-10
9.892572201358152e-11
-4.064649167513717e-10
6.137490631821239e-11
-3.765374626477732e-10
3.945735460094459e-11
-3.434210395392369e-10
2.330181505592116e-11
-2.809022656107234e-10
-3.292263992859332e-11
-1.808810793961587e-10
-1.189909105474078e-10
-6.822703038800528e-11
-1.874454474850938e-10
2.57184535083014e-11
-2.107676730619268e-10
8.224430617326674e-11
-1.924667095225405e-10
9.524227066719163e-11
-1.502559231661056e-10
6.467143927613047e-11
-1.029882945703496e-10
-6.704443492234321e-12
-6.80354288705856e-11
-1.109544862138869e-10
-6.294085609296323e-11
-2.293416863528178e-10
-1.037541052442472e-10
-3.315530199350386e-10
-1.945863803228737e-10
-3.898999974422459e-10
-3.137087830764912e-10
-3.986125158431504e-10
-4.216773395024309e-10
-3.587618117102746e-10
-5.053062269848896e-10
-2.357136102071888e-10
-5.865887081291722e-10
1.173166716149304e-11
-6.369068850049421e-10
3.849462652652444e-10
-6.006374322248723e-10
7.773348763510256e-10
-4.049773173007972e-10
1.004113084682231e-09
-7.742254022342445e-11
9.994953509544402e-10
1.226210357512594e-10
9.429101454211558e-10
-9.945025701498974e-11
8.883133133147864e-10
-5.042344352752651e-10
6.397640470641119e-09
-1.518082599209349e-08
1.543783608825275e-08
-1.991399209870815e-08
2.711595789891635e-08
-2.445790874923589e-08
4.073758086767317e-08
-2.969225293926211e-08
5.536839924792163e-08
-3.28855914053333e-08
7.000790627751232e-08
-3.371509261106735e-08
8.399608654536347e-08
-3.257981948902569e-08
9.663584689702879e-08
-3.073969142495467e-08
1.055550876946319e-07
-3.044044867978445e-08
1.092541977412271e-07
-2.99375869728067e-08
1.104328129967443e-07
-2.469287815540787e-08
1.096877682007583e-07
-1.628529190041011e-08
1.070650259698391e-07
-5.789834721258761e-09
1.024650021036258e-07
5.646455127468154e-09
9.579809561614242e-08
1.705476538945893e-08
8.706092296837577e-08
2.756207125669032e-08
7.638807337634919e-08
3.634323993390057e-08
6.411065934859837e-08
4.260946118914898e-08
5.081827510532988e-08
4.566647411890359e-08
3.739266341114828e-08
4.505829737332557e-08
2.493472888876898e-08
4.091350477763464e-08
1.449774931510766e-08
3.405158873191838e-08
6.203591875520756e-09
2.795558091888048e-08
5.314124371644993e-11
2.039378261754243e-08
-1.172943396351455e-10
2.798838327937872e-10
4.081847825754003e-11
-1.310701544191228e-10
3.244753482339583e-10
-4.602855333639543e-10
4.53628851048206e-10
-4.093681350180295e-10
3.908164353979082e-10
-1.550915019929302e-10
2.443503684615699e-10
7.114547261313137e-11
1.038888723623396e-10
1.924413907693685e-10
2.132591806357051e-10
-1.925338624442722e-10
1.005892147034376e-09
-2.180740204331837e-10
8.102008008220651e-10
-1.348878811900451e-10
4.88799801300008e-10
-1.877991308972922e-10
4.257669016082874e-10
-3.840074096268117e-10
4.422347803933532e-10
-5.397081483768655e-10
3.166248511403288e-10
-5.549817572761526e-10
1.141993785078865e-10
-4.953545934336908e-10
1.747786030475837e-12
-4.609242104229412e-10
5.027012819573383e-12
-4.129962545790301e-10
-2.462610355187069e-11
-2.881926767737321e-10
-1.577261828863934e-10
-1.166010973484574e-10
-2.905824592570601e-10
4.066004849148432e-11
-3.447065651756167e-10
1.508778675344079e-10
-3.209854682527754e-10
2.091407319310036e-10
-2.507295528358207e-10
2.195993633896645e-10
-1.607145379749518e-10
1.852299986563247e-10
-6.861891612016906e-11
1.058218515153607e-10
1.137272749542045e-11
-1.989624750906444e-11
6.277724915125108e-11
-1.855701238607227e-10
6.191977289415663e-11
-3.615556150115157e-10
-1.860089033520207e-11
-4.934533574390152e-10
-1.818110460502603e-10
-5.483573695399118e-10
-3.667733355491785e-10
-5.60914784897825e-10
-4.927488236764444e-10
-5.276076081994076e-10
-6.198958993040125e-10
-3.063480601214172e-10
-8.581664510204309e-10
2.232017450565986e-10
-1.130187257343504e-09
9.874566541628013e-10
-1.169232249310258e-09
1.638554466210874e-09
-7.285203767160821e-10
1.72405998681151e-09
3.711548827486142e-11
1.217536456653311e-09
4.070732451209539e-10
8.537349604428786e-10
-1.404329690178888e-10
9.678853067632343e-09
-2.400594412998396e-08
2.154959615856126e-08
-3.178473522190032e-08
3.701709515575807e-08
-3.992540777904461e-08
5.493696739044282e-08
-4.761212520769147e-08
7.361534348840054e-08
-5.156396753703543e-08
9.162503821486078e-08
-5.172478737202133e-08
1.080166176312717e-07
-4.897139893963793e-08
1.219115201671999e-07
-4.463459399546908e-08
1.316086896856214e-07
-4.013761823222653e-08
1.363747984976266e-07
-3.470369581884035e-08
1.378677166725719e-07
-2.618579636357381e-08
1.368028297705063e-07
-1.5220405031218e-08
1.334845589160881e-07
-2.47156389873979e-09
1.2795115342957e-07
1.117986058272808e-08
1.201311539519648e-07
2.487476483673104e-08
1.099454379068266e-07
3.774778727215676e-08
9.739522870793167e-08
4.889344910353756e-08
8.266515256886279e-08
5.733953729905936e-08
6.62548909084524e-08
6.20767357495766e-08
4.911951944412627e-08
6.219366880713597e-08
3.273908462911512e-08
5.7293939560876e-08
1.88475186855191e-08
4.794315464273943e-08
8.100615640698998e-09
3.87024839303221e-08
-2.995067951324368e-10
2.879390501879779e-08
-2.237172401331788e-10
2.040942435823424e-10
3.93805027439872e-10
-7.485924555511741e-10
7.513118148742184e-10
-8.177923502826209e-10
6.637327290463696e-10
-3.21789114423029e-10
3.960932906102227e-10
1.125479235663696e-10
1.712485725651018e-10
2.959904052631137e-10
4.870348543278644e-11
3.149861664505143e-10
2.619630604402633e-10
-3.080755808707745e-10
1.313967404966009e-09
-3.411160984910192e-11
5.362367235816553e-10
2.194124332741517e-10
2.352757174866431e-10
1.753868903161395e-11
6.276406179713941e-10
-4.142416997242433e-10
8.740151417344928e-10
-7.232787343758863e-10
6.256618585519034e-10
-7.465634295836446e-10
1.374840449721674e-10
-6.172571763479788e-10
-1.275584955074723e-10
-6.219759915317214e-10
9.745798535857019e-12
-4.984049346989766e-10
-1.481971891364243e-10
-2.399844494581239e-10
-4.161466979487317e-10
8.468428347372037e-12
-5.390353661958717e-10
1.789794062686588e-10
-5.152175734118259e-10
2.780494281165606e-10
-4.200555199395089e-10
3.256495253419286e-10
-2.983296812947097e-10
3.315254204590851e-10
-1.665904641459483e-10
2.979090524854316e-10
-3.500258082652466e-11
2.238760544103345e-10
8.54056927782524e-11
1.027524577538685e-10
1.83900811210314e-10
-8.015982229094669e-11
2.448320180015918e-10
-3.284629112131893e-10
2.297021617581238e-10
-5.844975943837285e-10
7.422359983264119e-11
-7.259062624625679e-10
-2.253647066299146e-10
-7.489061829788436e-10
-4.697489428236313e-10
-8.442398757627506e-10
-5.245622479378863e-10
-7.083784709981357e-10
-9.940278976246494e-10
-1.403435031988417e-10
-1.698222268543826e-09
8.731947169888519e-10
-2.182770513168748e-09
2.139957030383304e-09
-1.995282735095458e-09
2.96875084916185e-09
-7.916783755724348e-10
2.382827923734699e-09
9.929961244861779e-10
9.626171193300823e-10
1.279777789385757e-09
1.295302051232131e-08
-3.599634756977202e-08
2.894041579182677e-08
-4.777213054789915e-08
4.993372576967033e-08
-6.091871780392866e-08
7.304579585526428e-08
-7.0724195339801e-08
9.575620501845009e-08
-7.427437674701578e-08
1.164217759132665e-07
-7.239035831290855e-08
1.341669916981746e-07
-6.671661477062302e-08
1.48381862914047e-07
-5.884946525648824e-08
1.582333105440706e-07
-4.998906590709059e-08
1.635383044640377e-07
-4.00086897825004e-08
1.653452255130312e-07
-2.799271745560942e-08
1.643171343851099e-07
-1.419231394499837e-08
1.608334838042022e-07
1.012086641423583e-09
1.549938159140508e-07
1.701952843352473e-08
1.467132659834428e-07
3.315531472911312e-08
1.358060825899551e-07
4.865497062846705e-08
1.220749851679931e-07
6.262454648907045e-08
1.054309891735723e-07
7.39835332569651e-08
8.607854112170969e-08
8.142918376450491e-08
6.478567769491119e-08
8.348653219506442e-08
4.324011054021051e-08
7.883950667476707e-08
2.404545975775317e-08
6.71378053806474e-08
9.750780942136286e-09
5.299716269786665e-08
-1.295938171124201e-09
3.984062407899663e-08
2.358710580572163e-10
-1.327715044927805e-09
1.329879561505662e-09
-1.84260101879023e-09
1.201872978653685e-09
-6.897858483894871e-10
6.307195567789039e-10
2.493642698675703e-10
2.131460389488416e-10
5.301213485180367e-10
2.903189113684167e-11
4.801043397210113e-10
-1.858755229390344e-11
3.626064549276927e-10
2.433753993208283e-10
-2.644880379039656e-10
1.578455673531713e-09
5.671240782688681e-10
-2.953753895629337e-10
5.857478269086776e-10
2.166518981465607e-10
6.980125383730771e-11
1.143587101230837e-09
-3.986459389678306e-10
1.342462241099625e-09
-8.008827419882163e-10
1.02789856695719e-09
-9.749108173898595e-10
3.115120276851458e-10
-9.211210072166323e-10
-1.813483975317447e-10
-9.307372788255999e-10
1.936198132263694e-11
-4.96628832576482e-10
-5.823057228577843e-10
-5.849357216902251e-11
-8.542820425870095e-10
1.927733831023365e-10
-7.903024042926831e-10
3.148343591015981e-10
-6.372786290713822e-10
3.799620078298123e-10
-4.85183247086217e-10
4.136730614144725e-10
-3.320408104232904e-10
4.164748558812527e-10
-1.693923332050257e-10
3.859023241931746e-10
-4.430121242951337e-12
3.234807883172204e-10
1.478271571850614e-10
2.292924082085281e-10
2.780891219391852e-10
8.356326590374366e-11
3.905610912772554e-10
-1.716401070459402e-10
4.849054674159416e-10
-5.825954075228679e-10
4.851788331421243e-10
-9.917209675779713e-10
1.837607877001486e-10
-1.032991049509003e-09
-4.284789266360208e-10
-1.108537590200689e-09
-4.490157718020809e-10
-9.279413068759099e-10
-1.174624245628892e-09
-4.591890743810981e-10
-2.166974564638205e-09
2.795095307238974e-10
-2.921469182003646e-09
1.787652672536667e-09
-3.503425939610088e-09
4.211876570474915e-09
-3.215902336258369e-09
5.59312983711485e-09
-3.882572039181916e-10
2.921446241915864e-09
3.951461322881918e-09
1.687564310897387e-08
-4.995054449748592e-08
3.953243723879418e-08
-7.042892473826885e-08
6.867173614638297e-08
-9.005801677095557e-08
9.764913214383026e-08
-9.970159139643044e-08
1.236924192832482e-07
-1.003176639444084e-07
1.456761968808271e-07
-9.437413596803992e-08
1.633800948788111e-07
-8.442051282483494e-08
1.768258685116985e-07
-7.229523894495429e-08
1.859554673654417e-07
-5.911866481492288e-08
1.910102421760828e-07
-4.506346464628726e-08
1.927758231599911e-07
-2.975829849100112e-08
1.918424607792225e-07
-1.325895161447076e-08
1.885759813542354e-07
4.278566017952782e-09
1.830741890631543e-07
2.252132067764028e-08
1.752058641002369e-07
4.102363964668639e-08
1.646556284378838e-07
5.92052062468214e-08
1.509796148850733e-07
7.630055999860117e-08
1.336911840519266e-07
9.127196404713204e-08
1.124264699995461e-07
1.026938977725271e-07
8.726272449348191e-08
1.086502776549916e-07
5.937740384815542e-08
1.067248272695062e-07
3.171722793287503e-08
9.479798124080291e-08
1.11498264186091e-08
7.356456414957926e-08
-1.035898767289329e-09
5.202634919452008e-08
2.684828245371643e-09
-5.048442135404846e-09
2.530834316062999e-09
-1.688607177005506e-09
1.049395450113929e-09
7.916529417314008e-10
1.654879601627255e-10
1.133271652967946e-09
-7.145018184980516e-11
7.670594241867779e-10
-6.056765458907893e-11
4.692222408624117e-10
-3.603519541205507e-11
3.380735492109414e-10
2.073403019445535e-10
1.354660197725986e-09
2.237950793618256e-10
1.654192623025702e-09
-5.949080381068842e-10
1.262010958360487e-10
1.744643257762868e-09
-3.786986199577997e-10
1.648486661901567e-09
-8.153275214843897e-11
1.045296220914103e-09
-3.090787213133904e-10
1.255444387008152e-09
-1.060843303064261e-09
1.063276462396328e-09
-2.104943480743842e-09
8.627516374208695e-10
-1.202634703350064e-09
-8.829469359501429e-10
-1.533341941100311e-10
-1.631606367114083e-09
2.572396478276568e-10
-1.264856016332415e-09
3.603720224924693e-10
-8.934349057274596e-10
4.029778990253066e-10
-6.798846291389357e-10
4.396819456608087e-10
-5.218874123300238e-10
4.627218532151158e-10
-3.550808335465958e-10
4.631280875419999e-10
-1.697986784905748e-10
4.381984552867709e-10
2.049940277773298e-11
3.887055790400107e-10
1.973199293878861e-10
3.209371107551841e-10
3.458574885450204e-10
2.410109462605361e-10
4.704871578259483e-10
1.048474372788275e-10
6.210688804527161e-10
-2.887289355764357e-10
8.787551133639602e-10
-1.211693212503049e-09
1.106724973676724e-09
-2.017624169518326e-09
3.774519422316739e-10
-1.140793594267599e-09
-1.325846433843928e-09
-5.109047965550358e-10
-1.804513127660586e-09
-2.811524480861671e-10
-2.396726996315377e-09
-4.496074684442207e-10
-2.753014242642656e-09
1.466493013792446e-10
-4.09968278945089e-09
3.374679507954213e-09
-6.443932620842923e-09
1.049950242014317e-08
-7.513080193166514e-09
1.463744778596018e-08
-1.864841181380951e-10
2.931895050687485e-08
-6.463204729273568e-08
6.237598301474612e-08
-1.034859573186777e-07
1.004663667543498e-07
-1.281484005822368e-07
1.335371307198132e-07
-1.327723554318149e-07
1.601616413144096e-07
-1.269421746080101e-07
1.807499671000163e-07
-1.149624618208747e-07
1.961830092719369e-07
-9.985355506294084e-08
2.072282158337792e-07
-8.334044557111962e-08
2.144187717154987e-07
-6.630922075971211e-08
2.182831891910205e-07
-4.892788218288644e-08
2.194951171362946e-07
-3.097022649582613e-08
2.185676997329444e-07
-1.233153426854444e-08
2.158154166152124e-07
7.030849080041417e-09
2.113083291327103e-07
2.702840810661655e-08
2.048744568245946e-07
4.745751190311921e-08
1.961050438301596e-07
6.797461919111929e-08
1.843585238518561e-07
8.804707992788794e-08
1.687677394127309e-07
1.068627484369746e-07
1.482852827473812e-07
1.231763543877063e-07
1.218470797807021e-07
1.350884805676839e-07
8.900287858329413e-08
1.395690284088796e-07
5.125189518520662e-08
1.32548964571909e-07
1.992455691117812e-08
1.048919023499769e-07
9.11131186966243e-09
6.283959414731127e-08
7.400589129172972e-09
-3.337719487956808e-09
2.11537826254722e-09
3.596603574850462e-09
-1.507308698781181e-10
3.057761971753771e-09
-4.042221528384491e-10
1.38676281745584e-09
-1.942839595319334e-10
5.571211249973636e-10
-4.570410811047367e-12
2.795081556782949e-10
5.173007360021375e-11
2.817731025570048e-10
2.590701011363626e-10
8.921837612045447e-09
-8.698042445481503e-09
1.078797123102328e-09
7.248132335077726e-09
-2.300871842514713e-09
5.124312045574601e-09
-1.112317921599989e-09
4.599325484302458e-10
6.496642027519866e-10
-7.16686097057778e-10
1.378256569509907e-09
5.26851828010709e-10
-5.345361707536585e-10
2.976069014799643e-09
-5.665228999989771e-09
5.993444282304847e-09
-3.0651060652044e-10
-6.241665508032891e-09
5.369956103413388e-10
-2.475112758341017e-09
4.59741677608632e-10
-1.187602251875672e-09
4.209047498262982e-10
-8.545981416989416e-10
4.451013120911001e-10
-7.040813489145036e-10
4.654428198642528e-10
-5.422290730926032e-10
4.654029117252014e-10
-3.550410722916369e-10
4.562664982133079e-10
-1.606624075516243e-10
4.452907487023001e-10
3.14750154908952e-11
4.235131009677844e-10
2.19097444302656e-10
3.770792587333732e-10
3.922912032840622e-10
3.159468190268586e-10
5.316194736111556e-10
2.930772645550776e-10
6.439383158414857e-10
2.876942983895414e-10
8.841379636005565e-10
-4.835526838370936e-10
1.877971844240299e-09
-4.999585603543783e-09
4.893484753036085e-09
-5.027476919872952e-10
-5.82268445061856e-09
1.047174718350015e-09
-3.354435640939337e-09
3.283032984152023e-10
-1.677855676017631e-09
-6.172697618279555e-10
-1.807441280053143e-09
-1.112271822500528e-09
-3.60468082347157e-09
-5.704411277299441e-10
-6.985763408531006e-09
9.774513199831815e-09
-1.785803461097955e-08
5.508802776920935e-08
-4.549999877611823e-08
8.380712508204065e-08
-9.335114469164361e-08
1.213860718144786e-07
-1.41064904135704e-07
1.582806959735504e-07
-1.650430248235661e-07
1.866996339552181e-07
-1.611912934943089e-07
2.072925969273918e-07
-1.475351376587637e-07
2.218365891934604e-07
-1.295064541640613e-07
2.318607373909609e-07
-1.098777033353155e-07
2.384483052061941e-07
-8.992801345964733e-08
2.423245197306118e-07
-7.018543535511309e-08
2.440609576801218e-07
-5.066432020159565e-08
2.441997510003042e-07
-3.110901988280111e-08
2.431464150610068e-07
-1.127819839402472e-08
2.411465971038731e-07
9.030666974879041e-09
2.382503631974773e-07
2.992464195290215e-08
2.342984952215255e-07
5.140937982115456e-08
2.289074226966627e-07
7.336569165987997e-08
2.214452426677541e-07
9.550925990156855e-08
2.109904766539298e-07
1.173175143957709e-07
1.962769640093168e-07
1.378898669749661e-07
1.756560849136736e-07
1.557093596029459e-07
1.473445669742152e-07
1.678805462800533e-07
1.107236634256621e-07
1.691698680454845e-07
7.527029556057169e-08
1.403452701248558e-07
5.089475039803831e-08
8.721513921263585e-08
7.901982376755075e-09
3.965504841114255e-08
-1.175310783735001e-09
1.267389661834978e-08
-9.675144959896281e-10
2.84996554133761e-09
-3.021036559467122e-10
7.213518033987395e-10
-5.694192319578529e-11
3.119590721787024e-10
5.395597127577775e-11
1.686099323950161e-10
3.162459059121092e-10
1.948246981227266e-11
5.753158334242029e-10
2.816928953002562e-07
1.096090618342451e-07
2.21686261914894e-07
6.725476543435074e-08
1.832247724066067e-07
4.358580131347164e-08
1.412179783250634e-07
4.24667264005075e-08
9.936851866066166e-08
4.113277334144588e-08
6.713501169382823e-08
3.276035857319012e-08
3.913277893015021e-08
3.097830156031502e-08
7.921776991575048e-09
3.720444600838163e-08
1.875008189535816e-09
-1.948969141376926e-10
4.629880109027431e-10
-1.063092781585402e-09
3.862066616150466e-10
-1.110821099495039e-09
4.765717116793757e-10
-9.44963382022286e-10
5.055104110480467e-10
-7.330202333254596e-10
4.66865282033854e-10
-5.035841223312201e-10
4.081924638696206e-10
-2.963684271601261e-10
3.772973042080608e-10
-1.297674142529668e-10
3.92228699618087e-10
1.654345874693835e-11
4.320840580125723e-10
1.792419309305277e-10
4.473366856490388e-10
3.770384253701891e-10
3.892451126656206e-10
5.897109022312878e-10
2.559324248662336e-10
7.772508635599013e-10
2.188294749280973e-10
9.212407788832795e-10
1.175789368454203e-09
9.210118199723512e-10
5.717036680127159e-09
3.522373153100742e-10
3.157501980822251e-08
-3.168066770139463e-08
5.49344708749592e-08
-2.671388682611061e-08
8.084422937256467e-08
-2.758761428915163e-08
1.14994059080818e-07
-3.595727110000505e-08
1.515845751175925e-07
-4.019519696935346e-08
1.849749939446339e-07
-4.037618234121766e-08
2.050648274381787e-07
-3.7947868207784e-08
2.061459491713871e-07
-4.658112060939066e-08
2.057125005850048e-07
-9.291769620318173e-08
2.323739804170203e-07
-1.677263840626831e-07
2.469330863660103e-07
-1.796021308655453e-07
2.565974977851605e-07
-1.708557050037173e-07
2.626069641521628e-07
-1.535446041141219e-07
2.660227614050076e-07
-1.329222515026206e-07
2.676159928096481e-07
-1.114709348237425e-07
2.679415149123818e-07
-9.025353564353711e-08
2.673934902746328e-07
-6.96374107964801e-08
2.663025647706463e-07
-4.957339477404838e-08
2.649882898811296e-07
-2.979474506749361e-08
2.63706785922138e-07
-9.996694506482979e-09
2.626269418454684e-07
1.011051098251396e-08
2.618020228733189e-07
3.074956085871746e-08
2.61156613290606e-07
5.205478933986246e-08
2.604818007085097e-07
7.404050417990764e-08
2.594393099544124e-07
9.655175059483397e-08
2.575784181532806e-07
1.191784061356563e-07
2.543764416208671e-07
1.410918434445201e-07
2.493361629253301e-07
1.607496382305193e-07
2.42119839393257e-07
1.7509686973799e-07
2.328673836084739e-07
1.784223237445424e-07
2.169898963979669e-07
1.562227572397859e-07
2.310796845816615e-07
7.312535091637247e-08
2.50251124751474e-07
2.048360811917594e-08
2.600128535703945e-07
2.91216766256574e-09
2.613856778522753e-07
1.477141115434038e-09
2.616182523839677e-07
4.887770725440724e-10
2.622687308768583e-07
-3.385198253804949e-10
2.629660976822284e-07
-5.287575418688868e-10
2.629800278010509e-07
5.551834275095671e-12
-1.43519343503463e-11
4.027110332419335e-07
1.068980285846552e-07
3.470255203959036e-07
1.229402780988218e-07
2.758105655037958e-07
1.148007559729694e-07
2.059039235577729e-07
1.123733681023078e-07
1.408408352707965e-07
1.061958613839236e-07
8.221872343107109e-08
9.138247017040417e-08
3.341846635078202e-08
7.977855840272359e-08
4.740258850365967e-09
6.588265327483987e-08
2.302229128170398e-09
2.243132580119164e-09
1.14922309480094e-09
8.991302872329574e-11
8.087914811299511e-10
-7.703897023945057e-10
7.213878176699988e-10
-8.575599297768978e-10
5.983853251394964e-10
-6.100179451123512e-10
4.25936114436341e-10
-3.311351103512826e-10
2.817266728915569e-10
-1.52159177322366e-10
2.239456266529291e-10
-7.198655413335867e-11
2.690275144748347e-10
-2.853860830947837e-11
3.948434481651564e-10
5.342582339314645e-11
5.383646336424397e-10
2.335170726062406e-10
6.155361722778704e-10
5.125392013504949e-10
6.188611420356371e-10
7.739257377024807e-10
7.724844274420731e-10
7.676173420506424e-10
1.52017919003264e-09
1.733169114596868e-10
3.230994270525756e-09
-1.358577906823861e-09
2.665476986685065e-08
-5.510444343442611e-08
6.616652330434098e-08
-6.62256403966482e-08
1.133794989991325e-07
-7.48005901124643e-08
1.646185415695891e-07
-8.719631379568087e-08
2.166174736797531e-07
-9.219412920062089e-08
2.656599532638898e-07
-8.941866204346458e-08
3.09687299381496e-07
-8.197521443975501e-08
3.456842817672659e-07
-8.257810310676296e-08
3.660457065457015e-07
-1.132791210896926e-07
3.542247805628547e-07
-1.559054581854119e-07
3.39160182669056e-07
-1.645375330741605e-07
3.260031173529217e-07
-1.576986397876907e-07
3.150159563844335e-07
-1.425574432427498e-07
3.058629551158223e-07
-1.237692503288676e-07
2.981853697754691e-07
-1.037933495753311e-07
2.917676924957364e-07
-8.383585845345538e-08
2.86509123495737e-07
-6.437884188322202e-08
2.82407276227087e-07
-4.547154758973182e-08
2.795380353998044e-07
-2.692550432159738e-08
2.780043811791957e-07
-8.463040364696637e-09
2.779046814503545e-07
1.021021063552642e-08
2.793079029619141e-07
2.93463392739661e-08
2.822449457041101e-07
4.911774652710372e-08
2.867177454627356e-07
6.956770435275042e-08
2.927336963460611e-07
9.053579964404448e-08
3.00378761289503e-07
1.11533341124639e-07
3.09944563805759e-07
1.31526040858024e-07
3.221199794055478e-07
1.485742225560918e-07
3.380546038574076e-07
1.59162245202717e-07
3.590618636572612e-07
1.574150638515446e-07
3.813015928653284e-07
1.339830279239029e-07
3.798607658892951e-07
7.456617777094983e-08
3.750711665546622e-07
2.52732073165364e-08
3.73056194149466e-07
4.927139918671458e-09
3.743405401220035e-07
1.927949846289486e-10
3.761137638405838e-07
-1.28444687279759e-09
3.775252123475705e-07
-1.749968730700873e-09
3.785070328854874e-07
-1.51057867950871e-09
3.792067793198999e-07
-6.941951192393847e-10
-1.635966640668531e-10
4.135564645202236e-07
9.334156365846449e-08
3.774304722738342e-07
1.590662700399222e-07
3.094623762699523e-07
1.827688517076339e-07
2.320915633358895e-07
1.897441807757291e-07
1.554837681296688e-07
1.828036563325313e-07
8.45885481201443e-08
1.622776899260507e-07
3.036392476412223e-08
1.340031815081224e-07
1.670738248149761e-09
9.457583954549356e-08
2.401379002920306e-09
1.512491584193613e-09
1.989314433896459e-09
5.019773625284729e-10
1.560582692631552e-09
-3.416581913310114e-10
1.127263079865302e-09
-4.242405407694133e-10
6.844054111089445e-10
-1.671604946901389e-10
3.245449510611314e-10
2.872513813679596e-11
1.065107380685228e-10
6.587482971695587e-11
3.297371211058352e-11
1.550272710792487e-12
9.439622075240444e-11
-8.996131050240822e-11
2.914920508865404e-10
-1.436701936107339e-10
6.100108054437289e-10
-8.500186347811335e-11
9.76195073969307e-10
1.463547576661584e-10
1.280907810949066e-09
4.692128305825091e-10
1.523873302429745e-09
5.246516863929368e-10
1.776611194514722e-09
-7.942114000756894e-11
1.327398386720069e-09
-9.09365253137742e-10
2.726977263706781e-08
-8.104681783460529e-08
7.45144773510894e-08
-1.134703452555319e-07
1.367803907994997e-07
-1.370665037019189e-07
2.048818013159646e-07
-1.552977244485992e-07
2.744076975522729e-07
-1.617200255698951e-07
3.402212299595057e-07
-1.552321945794698e-07
3.969582607930971e-07
-1.387122453988607e-07
4.357138285666281e-07
-1.213336710018698e-07
4.447454084575863e-07
-1.223107010992673e-07
4.250280330129441e-07
-1.361880828557952e-07
3.986445989742537e-07
-1.381540991477917e-07
3.73212139406315e-07
-1.322661803287586e-07
3.511001596532425e-07
-1.204454635961155e-07
3.326596208167028e-07
-1.053287115955823e-07
3.176165426718708e-07
-8.875027153121333e-08
3.056111721074568e-07
-7.183048798662749e-08
2.963526185861079e-07
-5.512028845687603e-08
2.896589071562202e-07
-3.877783625172059e-08
2.854535830623625e-07
-2.272018031691891e-08
2.837361597507841e-07
-6.745617139117426e-09
2.845574518699512e-07
9.388918433172475e-09
2.879999324738826e-07
2.590385858994304e-08
2.941683189793559e-07
4.294935994412024e-08
3.031917164258121e-07
6.05443068310252e-08
3.152401036867336e-07
7.848741230905616e-08
3.305524291259943e-07
9.622101561099036e-08
3.494568812516226e-07
1.126215886558265e-07
3.723235065962558e-07
1.257075971296119e-07
3.992126825970749e-07
1.322730691125158e-07
4.289387271350988e-07
1.276890192127518e-07
4.559780355170267e-07
1.069437194288995e-07
4.651119822006989e-07
6.54322309589524e-08
4.621582825037577e-07
2.822690687105121e-08
4.583149965927785e-07
8.770425681197652e-09
4.571775183077484e-07
1.330273109206535e-09
4.573099123428901e-07
-1.416841120509874e-09
4.577251764069384e-07
-2.165233173180009e-09
4.581890821447611e-07
-1.974484931364294e-09
4.588386112242334e-07
-1.343724585294294e-09
-8.609879027636063e-10
4.046530810691427e-07
8.868848252172787e-08
3.745409316353579e-07
1.891784192617003e-07
3.143650735934112e-07
2.429447094965708e-07
2.398011721066537e-07
2.643080820001524e-07
1.627515478810491e-07
2.598532802955445e-07
9.17737198213526e-08
2.332555177248093e-07
3.731405007218118e-08
1.884628510002822e-07
4.833154357859274e-10
1.314065739281731e-07
1.708609484088107e-09
2.871972873683593e-10
2.465059088325912e-09
-2.54472485796874e-10
2.20417177846553e-09
-8.077111979734442e-11
1.391544859785197e-09
3.88386144562121e-10
6.32857877406828e-10
5.915262605863683e-10
1.641833763091663e-10
4.973994174446892e-10
-5.511713282191668e-11
2.851751235425654e-10
-1.202266149359965e-10
6.665954493438684e-11
-7.199640960146365e-11
-1.381917192432808e-10
1.228177174529653e-10
-3.384845187473488e-10
5.456313558576145e-10
-5.078156936646777e-10
1.221031837735796e-09
-5.29045910902754e-10
1.921591773727355e-09
-2.313472860593568e-10
2.123133760994766e-09
3.23109523366652e-10
1.523002870404416e-09
5.207095803202733e-10
7.341370521919922e-10
-1.204996005483736e-10
3.508894883083804e-08
-1.154016297736832e-07
8.571223580110347e-08
-1.640936323821125e-07
1.531343850335418e-07
-2.044886530857939e-07
2.293038482854848e-07
-2.314671878481626e-07
3.081135130542071e-07
-2.405296904817083e-07
3.823211931715528e-07
-2.294398748363782e-07
4.431444961966844e-07
-1.995355485593748e-07
4.778403137295009e-07
-1.560294886668116e-07
4.795849872769504e-07
-1.240553747748793e-07
4.560313352638053e-07
-1.126344309678127e-07
4.24676123171202e-07
-1.067988871767486e-07
3.933805399021373e-07
-1.009705971784739e-07
3.653467391276599e-07
-9.241166293699958e-08
3.414813572532495e-07
-8.146332983383005e-08
3.218284365301623e-07
-6.909735091746176e-08
3.061591654920849e-07
-5.616121705519085e-08
2.942038058027322e-07
-4.316492887087768e-08
2.857457404771868e-07
-3.031977102677531e-08
2.806540535983895e-07
-1.762849353542341e-08
2.788831307155711e-07
-4.974694350748495e-09
2.804623684111623e-07
7.809680646462863e-09
2.854824356753695e-07
2.088379123745696e-08
2.940827158076387e-07
3.434907972652456e-08
3.064377260204101e-07
4.818929653500761e-08
3.227396230055709e-07
6.218551524201911e-08
3.431636582848417e-07
7.579698024953771e-08
3.677847153400079e-07
8.800053151618873e-08
3.963811000318714e-07
9.711121234839225e-08
4.279816559987836e-07
1.00672513048371e-07
4.600508779540709e-07
9.561979714984498e-08
4.873558208135465e-07
7.963877644933607e-08
5.007114173404422e-07
5.207663429850651e-08
5.027298633962557e-07
2.620846067044652e-08
5.012513235002558e-07
1.024896542604078e-08
5.000653472773265e-07
2.516249183778996e-09
4.994425916408534e-07
-7.940856612809253e-10
4.991481210319438e-07
-1.870762860500778e-09
4.991102510231122e-07
-1.936615318457818e-09
4.994281988677653e-07
-1.661672725779082e-09
-1.330739937022641e-09
3.967034991619733e-07
9.198498298609227e-08
3.641311133362173e-07
2.217508047853724e-07
3.066363831278026e-07
3.004394394300284e-07
2.352055237423774e-07
3.357389411168584e-07
1.603279454745326e-07
3.347308582968428e-07
9.12954407780328e-08
3.022880221576484e-07
3.855094011728575e-08
2.412073513999189e-07
4.79000897149194e-10
1.694785128915356e-07
2.304613689136353e-09
-1.538415757946845e-09
3.171931558816638e-09
-1.121790603785381e-09
2.319149930762568e-09
7.72010264344638e-10
1.114122674158206e-09
1.593413162788161e-09
3.46775595705587e-10
1.35887310544978e-09
2.541072178700969e-12
8.416337132565115e-10
-1.285701498411997e-10
4.162861228413291e-10
-1.704748549197833e-10
1.085640332878405e-10
-1.554720860115887e-10
-1.531946998705957e-10
-5.082999776432304e-11
-4.431268127771695e-10
2.640268562528876e-10
-8.226727485915737e-10
9.910763062484048e-10
-1.2560955560388e-09
2.148744734149144e-09
-1.389015904417148e-09
3.003792416845601e-09
-5.31938344288229e-10
2.29061375638531e-09
1.233888060437935e-09
7.215925131759637e-10
1.448521467371292e-09
3.762210060632849e-08
-1.523021380378365e-07
8.899972646943412e-08
-2.154712584112645e-07
1.583956575149668e-07
-2.738845842934491e-07
2.376703330564808e-07
-3.107418635471042e-07
3.200394191789235e-07
-3.228987767579464e-07
3.975394735880502e-07
-3.069399293949582e-07
4.590533655797851e-07
-2.610494406971718e-07
4.864278793507965e-07
-1.834040025797274e-07
4.781437284256786e-07
-1.15771223988552e-07
4.496625657317665e-07
-8.415326840883118e-08
4.163944774615683e-07
-7.353079903855031e-08
3.840750098330219e-07
-6.865112967828114e-08
3.548517745554432e-07
-6.318842778496211e-08
3.295127879173865e-07
-5.612434331779401e-08
3.083234076939284e-07
-4.79079708132497e-08
2.91280069022537e-07
-3.911787849958896e-08
2.782566809533206e-07
-3.014154091465603e-08
2.691062019327621e-07
-2.116929211577353e-08
2.637206613339692e-07
-1.224295304331853e-08
2.620573847346905e-07
-3.311417854683324e-09
2.641450161979214e-07
5.722049082955598e-09
2.700763710781761e-07
1.49524362603032e-08
2.799924621195629e-07
2.443298859086359e-08
2.940536122032264e-07
3.412814635961633e-08
3.123914278618479e-07
4.384769949282392e-08
3.350273502987379e-07
5.316105772222151e-08
3.617335429961622e-07
6.129433872608928e-08
3.918044803943039e-07
6.704027485334595e-08
4.237050339248507e-07
6.87719594135518e-08
4.546359737702261e-07
6.468885719106762e-08
4.804288255878364e-07
5.384592450743822e-08
4.957439843695053e-07
3.676147538171473e-08
5.016861204063407e-07
2.026632448966115e-08
5.02932026294454e-07
9.003059392424768e-09
5.026354059899877e-07
2.812869362755435e-09
5.01943409049232e-07
-1.020888895415044e-10
5.012654299872752e-07
-1.192784042155877e-09
5.00823964460235e-07
-1.495150143304079e-09
5.008442672404566e-07
-1.681975817790489e-09
-1.60846621528193e-09
3.885366001643185e-07
1.034483827104146e-07
3.498094035608226e-07
2.604780011615387e-07
2.925186449442154e-07
3.577301977876705e-07
2.247903946192875e-07
4.03467191175557e-07
1.534550049689055e-07
4.060662476806895e-07
8.596741934179619e-08
3.697756075194406e-07
3.488991999803869e-08
2.922848504813545e-07
2.136425859968252e-09
2.022320067698754e-07
5.322040405365943e-09
-4.724030559022792e-09
3.690920075171842e-09
5.093294744957641e-10
1.344840633746188e-09
3.118089458596436e-09
2.644116306046938e-10
2.673841922972581e-09
5.862566536291914e-12
1.617421931700735e-09
-4.816585160145038e-11
8.956618980696648e-10
-9.359290114646734e-11
4.61712944415356e-10
-1.266709258257676e-10
1.416418345956513e-10
-1.294971283797913e-10
-1.503687152907039e-10
-1.122363827395966e-10
-4.603877718238246e-10
-6.393413721023706e-11
-8.709752022089332e-10
2.241781918715937e-10
-1.544208088757936e-09
1.348766154603831e-09
-2.513604065592257e-09
3.683915376011208e-09
-2.867087759750814e-09
5.225044993783073e-09
-3.072417465612787e-10
2.024362883013162e-09
4.649203393193405e-09
3.429179000612525e-08
-1.845695653410611e-07
8.495444060996484e-08
-2.661339091912508e-07
1.539297307437824e-07
-3.428598745988104e-07
2.303290039272163e-07
-3.871411368983334e-07
3.084776487541109e-07
-4.010474217483142e-07
3.827296774991382e-07
-3.81191958299961e-07
4.420884191218747e-07
-3.204081824758358e-07
4.596569355460964e-07
-2.009725191566791e-07
4.397929948039089e-07
-9.59072833952165e-08
4.069244438930202e-07
-5.128471764371713e-08
3.751401467742072e-07
-4.174650206186482e-08
3.460197841874909e-07
-3.953076723074755e-08
3.195679539756027e-07
-3.673659770874827e-08
2.961561803991136e-07
-3.271256987410642e-08
2.762237515623032e-07
-2.797554210581467e-08
2.600049917398143e-07
-2.289911880361876e-08
2.475469011526813e-07
-1.768345045064771e-08
2.388081054736307e-07
-1.2430496556958e-08
2.337376112799682e-07
-7.172458966482642e-09
2.323191190947783e-07
-1.892925783366449e-09
2.345898764673384e-07
3.451291599959903e-09
2.406385826396146e-07
8.903729980480698e-09
2.505892667345386e-07
1.44823043915016e-08
2.645645978100728e-07
2.015281518175178e-08
2.826229689085796e-07
2.578932829371515e-08
3.046585897046813e-07
3.112543682535331e-08
3.302534335504164e-07
3.569949477827177e-08
3.584798393116277e-07
3.881386898580274e-08
3.876820610159536e-07
3.956973759725394e-08
4.153281661327147e-07
3.704275195406481e-08
4.382835729413078e-07
3.089051757054334e-08
4.533788808051535e-07
2.166616738149718e-08
4.610332418327859e-07
1.261196331976858e-08
4.639685060381456e-07
6.067795053504519e-09
4.645524170897062e-07
2.228958179773931e-09
4.641166328504295e-07
3.336952067174368e-10
4.633505768873213e-07
-4.267283308850319e-10
4.626732825931061e-07
-8.178561915176101e-10
4.625012665798402e-07
-1.509960007573828e-09
-1.741755698521616e-09
3.754978209113599e-07
1.279505614619879e-07
3.264669313336017e-07
3.0950889044717e-07
2.718459031325346e-07
4.123512257154076e-07
2.135315410723771e-07
4.61781552966415e-07
1.509757297410451e-07
4.686220587441702e-07
8.628896622200352e-08
4.3446237077259e-07
3.396232621932551e-08
3.446114902201091e-07
1.677965941163553e-08
2.194146733167075e-07
9.458715379988889e-09
2.596913214583074e-09
1.473134604627483e-09
8.49490999565244e-09
-7.016814667560625e-10
5.29290527948478e-09
-3.837876349126703e-10
2.355947844935824e-09
-1.483508813398742e-11
1.248469142759578e-09
3.815520761733743e-11
8.426713647070049e-10
-2.157236504354366e-11
5.214402836885607e-10
-6.275079676786316e-11
1.828200375937115e-10
-5.53730447077664e-11
-1.577466917828721e-10
-2.557384863687949e-11
-4.901871876760328e-10
-8.380550489705332e-11
-8.127437614537009e-10
-3.901026410338644e-10
-1.237911163554441e-09
-5.595270510376703e-10
-2.344179862293244e-09
1.70364918204862e-09
-5.130264195154828e-09
9.336170686765148e-09
-7.939763449362967e-09
1.579740112098733e-08
-1.812027234920745e-09
3.303263787409374e-08
-2.018048022839111e-07
8.458357797235671e-08
-3.176848494750974e-07
1.492501856239241e-07
-4.075264824320539e-07
2.13121917015245e-07
-4.510128684674165e-07
2.742866696020036e-07
-4.622121745091655e-07
3.328902090207718e-07
-4.397954978892037e-07
3.816433550102364e-07
-3.691613286323449e-07
3.79205643607122e-07
-1.985348079171337e-07
3.53775129640171e-07
-7.047676958859765e-08
3.258260266788375e-07
-2.333561483940512e-08
3.025532250384986e-07
-1.847370057533862e-08
2.811215663797144e-07
-1.809910872259419e-08
2.609487157989543e-07
-1.656374727551e-08
2.426042573286642e-07
-1.436811154824253e-08
2.266963140330463e-07
-1.206759895156738e-08
2.135860166684348e-07
-9.788821577317308e-09
2.034406223722886e-07
-7.538056289765401e-09
1.963241292814868e-07
-5.314003598346236e-09
1.922615074226197e-07
-3.109837236726038e-09
1.912771703674066e-07
-9.085888541236386e-10
1.934155781255168e-07
1.312883718981857e-09
1.987432005316709e-07
3.576107454558587e-09
2.073345960516145e-07
5.890908754566316e-09
2.192409225826634e-07
8.246488536160877e-09
2.344352350923773e-07
1.059501567089499e-08
2.527302622131106e-07
1.283040959207398e-08
2.736675160805137e-07
1.476224079684213e-08
2.963889674972089e-07
1.609241745243308e-08
3.195321367232247e-07
1.642656824910058e-08
3.412211462001386e-07
1.535374234995609e-08
3.593742254064582e-07
1.273743822955753e-08
3.721358086701648e-07
8.904583980745359e-09
3.796244999627595e-07
5.123271885227554e-09
3.833316448361117e-07
2.360650051814055e-09
3.847885514947241e-07
7.720514037107124e-10
3.850565408014272e-07
6.57057586020717e-11
3.847683774079944e-07
-1.385651532197674e-10
3.842997209212154e-07
-3.491999565704481e-10
3.840305306876306e-07
-1.24077013276743e-09
-1.509255896479806e-09
3.246372934198481e-07
2.033132678932246e-07
2.756289761653917e-07
3.585172074633855e-07
2.409192203469874e-07
4.470609812724845e-07
2.092113431175115e-07
4.934894299293966e-07
1.726945986329224e-07
5.051388029617448e-07
1.278063062686724e-07
4.793506628709447e-07
8.308915340740025e-08
3.893286428171926e-07
6.994417777708284e-08
2.325596486850172e-07
5.142699299767069e-09
6.739839143239021e-08
-3.908910420262423e-09
1.754651945947668e-08
-1.378998919620247e-09
2.762993525834699e-09
1.167983349059156e-10
8.601503412089592e-10
2.38202448875679e-10
1.127064783031831e-09
8.787872293795652e-11
9.929948490126013e-10
1.917702300909601e-12
6.074010662552675e-10
-2.460219116909834e-11
2.093396973362885e-10
-1.55286453872747e-11
-1.668204677170513e-10
4.717000036787033e-11
-5.528860591096575e-10
1.709524930166006e-10
-9.365264762779539e-10
6.036081438738094e-11
-1.12731970255592e-09
-1.278563438370682e-09
-1.005255823782138e-09
-3.453251958510583e-09
-2.955575884670486e-09
5.621718495599906e-09
-1.701473411000921e-08
6.756735953243774e-08
-6.375766847364144e-08
8.169858963709333e-08
-2.15936032587278e-07
1.243359950275421e-07
-3.603222550597031e-07
1.657659681268025e-07
-4.489564557226125e-07
1.958236495644697e-07
-4.810705500920217e-07
2.145771068102995e-07
-4.809656319393774e-07
2.236651394586832e-07
-4.488835307177855e-07
2.161653547456821e-07
-3.616615440972097e-07
2.358361964148698e-07
-2.182056497602572e-07
2.308078123613387e-07
-6.544838570678835e-08
2.265394835410189e-07
-1.906728618682471e-08
2.128119635267808e-07
-4.746180726744909e-09
1.969881206988779e-07
-2.275266056448017e-09
1.82387385349921e-07
-1.963012086321102e-09
1.695344568847095e-07
-1.51518323901281e-09
1.585053922958177e-07
-1.038534516714103e-09
1.494180156132799e-07
-7.014450450983754e-10
1.423744104482502e-07
-4.944512730920389e-10
1.374257731236266e-07
-3.653664183840209e-10
1.345926899570887e-07
-2.767542127967682e-10
1.338922792311159e-07
-2.08178267057834e-10
1.353536362357441e-07
-1.484734223773534e-10
1.390199735591243e-07
-9.02300019530727e-11
1.449377021700104e-07
-2.681998740759101e-11
1.531340679327946e-07
5.012264520021899e-11
1.6357864796347e-07
1.504355131590369e-10
1.761269083387266e-07
2.82149090815008e-10
1.904456198398671e-07
4.435291687773624e-10
2.059277115675757e-07
6.103255957880176e-10
2.21629298140593e-07
7.249815440522519e-10
2.36278867964162e-07
7.041723897265719e-10
2.485394791265699e-07
4.768269287369536e-10
2.573658455592564e-07
7.82174053350558e-11
2.627685897209657e-07
-2.794724122599454e-10
2.655586778077942e-07
-4.294381657121881e-10
2.667130117687093e-07
-3.822826718599654e-10
2.670170176826542e-07
-2.38300290684112e-10
2.669950623205745e-07
-1.166099895384452e-10
2.667360468821325e-07
-9.018489322989354e-11
2.654530702716708e-07
4.22064462657302e-11
-4.060849377163239e-10
8.10443214327396e-08
1.222689461594963e-07
1.396651374534624e-07
2.998963911622726e-07
1.811370000226371e-07
4.055891184342822e-07
2.107723684028678e-07
4.63854061282043e-07
2.317132300089577e-07
4.841979410896157e-07
2.456858725359007e-07
4.653780200788342e-07
2.450951778400044e-07
3.899193372496126e-07
2.747276385652639e-07
2.029271876977614e-07
2.814041982665152e-07
6.07218314716591e-08
2.92819913274685e-07
6.130804193992241e-09
2.952902614734838e-07
2.926450730814945e-10
2.957339520218506e-07
4.164595414338076e-10
2.966896164224516e-07
1.714001348264641e-10
2.978360065678988e-07
-1.533955413518603e-10
2.9868105209448e-07
-2.376447011023595e-10
2.990521645854822e-07
-1.61773031704403e-10
2.989248341416008e-07
-3.949025747687911e-11
2.983250710971891e-07
4.687675436236583e-11
2.974077863901143e-07
-1.924199556136563e-11
2.966204379695168e-07
-3.399715057139541e-10
2.962505829596851e-07
-6.354010330094058e-10
2.937867963513717e-07
-4.917894930122237e-10
2.820636324666117e-07
-5.291570437124111e-09
2.729913354189831e-07
-5.468537163562557e-08
2.43358297845745e-07
-1.863029952188259e-07
2.433898843146652e-07
-3.603538417312903e-07
2.280988913839607e-07
-4.336654629899038e-07
2.041404047384575e-07
-4.571120636427776e-07
1.700330104818601e-07
-4.468582378745467e-07
1.260116303535242e-07
-4.048621507797712e-07
8.121371649383842e-08
-3.168636304235928e-07
6.621515076071693e-08
-2.032070842118944e-07
5.614431302721428e-09
-4.847666429459453e-09
-3.207584700232886e-09
-1.024527036335889e-08
-1.222374827006406e-09
-6.731390775325637e-09
-3.179296516366495e-11
-3.465848092602685e-09
2.440437546428757e-11
-2.019209597298723e-09
-9.532386979610526e-11
-1.39545516312958e-09
-1.247707636764817e-10
-1.009087788391181e-09
-9.943003034972728e-11
-7.267859429910401e-10
-6.641840046251987e-11
-5.274630638185574e-10
-4.219081449509459e-11
-3.895941640775446e-10
-2.926379160013384e-11
-2.896813917236353e-10
-2.687874319583917e-11
-2.105634701598623e-10
-3.38385604576552e-11
-1.415137561302465e-10
-4.896985515253579e-11
-7.50988567454535e-11
-7.126745785232248e-11
-4.522530768594926e-12
-9.86289556282748e-11
7.748399821170837e-11
-1.257976385109379e-10
1.776040537041069e-10
-1.418254066941337e-10
2.981767168858389e-10
-1.290994160661249e-10
4.308030364335596e-10
-6.821101332908212e-11
5.494370499058817e-10
4.800348730097695e-11
6.087668983632701e-10
1.948088796780018e-10
5.573668506544702e-10
3.013993160182306e-10
3.702363436767181e-10
2.809475224431512e-10
9.866905257353687e-11
1.557163989457009e-10
-1.542414336468305e-10
2.162820085766294e-11
-2.953500988720857e-10
-5.238524301003327e-11
-3.082693496133923e-10
-4.637963273074965e-11
-2.443060358334463e-10
5.493675085301017e-12
-1.684835010159702e-10
3.62589423554314e-11
-1.209502143986392e-10
2.620093986013114e-10
-1.835442645976377e-10
-1.440754953341384e-10
3.28674079641367e-08
8.9401538015715e-08
9.634250856397291e-08
2.364212903178345e-07
1.646779871083328e-07
3.372536396312438e-07
2.325591426799141e-07
3.959729054477042e-07
3.003458020831636e-07
4.164112814243574e-07
3.690205904189002e-07
3.96703231480622e-07
4.307111773813636e-07
3.282287500271233e-07
4.407759584633594e-07
1.928624063555041e-07
4.307784735852454e-07
7.071931609289357e-08
4.227250557396691e-07
1.418422178291745e-08
4.227613826182016e-07
2.563179423161902e-10
4.254369670541844e-07
-2.259125146383271e-09
4.281533092302124e-07
-2.544942287935873e-09
4.302303954144143e-07
-2.23048197192051e-09
4.315575284580136e-07
-1.564777985405848e-09
4.321249478483393e-07
-7.291926624674613e-10
4.319365534276214e-07
1.489039289376733e-10
4.309993893541216e-07
9.840405936667963e-10
4.293242735508896e-07
1.65587357998316e-09
4.269904500281704e-07
1.993851789209551e-09
4.245519773780454e-07
1.803071396104982e-09
4.242930276654103e-07
-2.328400017817572e-10
4.311753065084289e-07
-1.217384949460972e-08
4.394255669679557e-07
-6.293563231025418e-08
4.281975734664494e-07
-1.750750019252365e-07
3.685692970117612e-07
-3.007255654854937e-07
3.013138617054169e-07
-3.664100278854263e-07
2.333943221022767e-07
-3.891925242429384e-07
1.643161404080129e-07
-3.777800563766733e-07
9.579821718450446e-08
-3.363442277544611e-07
4.068166438278196e-08
-2.617470778132462e-07
1.889689460554166e-08
-1.814223146282242e-07
1.070237020927782e-08
3.346857779888904e-09
2.258693969613526e-09
-1.801594312831907e-09
-4.140166276216236e-10
-4.058680360660012e-09
-4.899811040758253e-10
-3.389883801155954e-09
-2.853306212628696e-10
-2.223860258731626e-09
-2.229647272834897e-10
-1.457821238295979e-09
-2.018123387049313e-10
-1.030240351895156e-09
-1.649506069936722e-10
-7.636478522127599e-10
-1.202427453484206e-10
-5.721710967526933e-10
-8.445981088977597e-11
-4.253772723029987e-10
-6.500951486994857e-11
-3.091318552249793e-10
-6.206164274715197e-11
-2.135115120196557e-10
-7.294369259605058e-11
-1.306318695900992e-10
-9.435424619010898e-11
-5.368846849622913e-11
-1.226007800782225e-10
2.372384420083151e-11
-1.523397629412782e-10
1.072228199719802e-10
-1.74586381864709e-10
1.998505174143262e-10
-1.753885745061328e-10
2.989787512597023e-10
-1.375778672465497e-10
3.929921756426459e-10
-4.834972053705874e-11
4.60208745275242e-10
8.699309429280086e-11
4.734239295676452e-10
2.320975398647616e-10
4.12262246591651e-10
3.226514102603437e-10
2.796823206780821e-10
3.123220599209981e-10
1.089982486310986e-10
2.130215065388646e-10
-5.494102346345011e-11
8.88598148189208e-11
-1.711885425932561e-10
2.568786962367911e-12
-2.219784434434431e-10
-2.172823947628601e-11
-2.200091333002451e-10
3.659757828006655e-12
-1.938716005741754e-10
5.639246305602771e-11
-1.73683091130902e-10
4.60094682658951e-11
-1.731611640982242e-10
-9.806601171341454e-11
2.427948536051348e-08
6.512205239470083e-08
8.27355040721971e-08
1.779652713465325e-07
1.591575964105125e-07
2.608315470356503e-07
2.439412998841763e-07
3.111892017198591e-07
3.317995709178023e-07
3.285530101339989e-07
4.175039554714932e-07
3.109988466742893e-07
4.897822917997103e-07
2.559504134432033e-07
5.215409866620756e-07
1.611037112428921e-07
5.203459629475174e-07
7.19143395536557e-08
5.125898549891003e-07
2.194032949454357e-08
5.101568471522211e-07
2.689325528489237e-09
5.112837073778203e-07
-3.385985614221776e-09
5.132865761048564e-07
-4.547811261696589e-09
5.1499116673161e-07
-3.935072835673098e-09
5.160908004291026e-07
-2.664411925061294e-09
5.165494086473941e-07
-1.187801112035252e-09
5.163799659040575e-07
3.183464351177383e-10
5.155958753519427e-07
1.768130920555616e-09
5.142377722235466e-07
3.013976476522933e-09
5.125523033008985e-07
3.67932049283075e-09
5.11529427974345e-07
2.825946496219729e-09
5.135456721806665e-07
-2.249084421007609e-09
5.202708725525683e-07
-1.889905008757834e-08
5.207897377508508e-07
-6.345449771544815e-08
4.903547837266085e-07
-1.446400481167578e-07
4.217954832890964e-07
-2.321662652492534e-07
3.399231095906389e-07
-2.845376543978546e-07
2.550835089427645e-07
-3.043529237913838e-07
1.724726059970172e-07
-2.951691536375038e-07
9.750470457334561e-08
-2.613763265228209e-07
4.125925035335024e-08
-2.055016237960996e-07
5.089891139065157e-09
-1.452529556023485e-07
7.235231284024889e-09
1.201517435372886e-09
4.646390197293309e-09
7.872465885776729e-10
1.618733769043375e-09
-1.031024128917904e-09
1.422946347440012e-10
-1.91344484951185e-09
-2.617349346682371e-10
-1.819830883188993e-09
-2.958287457394249e-10
-1.423727607649319e-09
-2.535274209171428e-10
-1.072541868177108e-09
-2.021110434542545e-10
-8.150644080623243e-10
-1.556779263363366e-10
-6.186044028999067e-10
-1.225671592747802e-10
-4.584882156079469e-10
-1.070443784489794e-10
-3.246548223423589e-10
-1.083527225575643e-10
-2.122033415874292e-10
-1.226746499773115e-10
-1.163101251552122e-10
-1.450467938935764e-10
-3.131649508384928e-11
-1.69754588506928e-10
4.843145965077168e-11
-1.895220155390024e-10
1.26990079932788e-10
-1.945709228197103e-10
2.048992491783294e-10
-1.73106609782729e-10
2.775142739106721e-10
-1.147861911087518e-10
3.34671583976914e-10
-1.757887984135196e-11
3.630012712082666e-10
1.044985263370053e-10
3.513463522733865e-10
2.194094086542994e-10
2.973512037431316e-10
2.886515333220411e-10
2.104400299594614e-10
2.906418160821852e-10
1.070078132192492e-10
2.321892930319256e-10
3.511347395014833e-12
1.460481324312874e-10
-8.504751652389874e-11
7.097373463729909e-11
-1.469041721791057e-10
2.943231418541657e-11
-1.784678314263255e-10
2.070429007963766e-11
-1.851436894277202e-10
2.211013002319745e-11
-1.750889095831779e-10
-2.536030597618316e-12
-1.485150057308862e-10
-1.006019968154188e-10
2.169304320409649e-08
4.342900899369543e-08
7.66703449729956e-08
1.229879693425095e-07
1.531240491306442e-07
1.843778426363884e-07
2.415362216870205e-07
2.227770289206617e-07
3.340420175074787e-07
2.360472140706199e-07
4.222443223234124e-07
2.227965416160624e-07
4.948208567818923e-07
1.833738787428477e-07
5.350861858365939e-07
1.208383819473194e-07
5.46495572716034e-07
6.050495243406147e-08
5.464275289024612e-07
2.200837306950811e-08
5.454655885603048e-07
3.651265633216571e-09
5.454932676632614e-07
-3.413664952560269e-09
5.46038706506844e-07
-5.093250339154244e-09
5.466095504573897e-07
-4.505917017693459e-09
5.47003462136337e-07
-3.058323833745074e-09
5.471662497634309e-07
-1.35058896617348e-09
5.470941551915111e-07
3.904407818905571e-10
5.468009826727278e-07
2.061303217114619e-09
5.463350336734191e-07
3.479925255566209e-09
5.458619893035414e-07
4.152364645516484e-09
5.457998348723886e-07
2.888100712078633e-09
5.465750150819763e-07
-3.024264842767411e-09
5.46551249860842e-07
-1.887528507688982e-08
5.360411846274021e-07
-5.294443268929438e-08
4.987744216131492e-07
-1.073732853082699e-07
4.312147496270346e-07
-1.646065934658141e-07
3.484527438440523e-07
-2.017756488164748e-07
2.607658930974664e-07
-2.166660732435089e-07
1.758373922438675e-07
-2.102406529820247e-07
1.003830811838109e-07
-1.859220156581921e-07
4.327706193535362e-08
-1.483956047429414e-07
3.254871697860122e-09
-1.05230765557679e-07
4.218184468730966e-09
2.382044712855312e-10
3.989713170506795e-09
1.015717696076459e-09
2.447272933023586e-09
5.114159170905033e-10
9.680418633367952e-10
-4.342139689139416e-10
1.569456418648733e-10
-1.008734851935608e-09
-1.362104143785625e-10
-1.130571739245054e-09
-1.938014202534953e-10
-1.01495105151484e-09
-1.802320218455001e-10
-8.286339931797795e-10
-1.583437811824534e-10
-6.40492831710845e-10
-1.463513156627383e-10
-4.704808665011817e-10
-1.472597191081431e-10
-3.237466055670202e-10
-1.587433158734016e-10
-2.007199283052492e-10
-1.764480006808432e-10
-9.860562479663453e-11
-1.952818611899132e-10
-1.248281539701544e-11
-2.09574266449273e-10
6.272368345748449e-11
-2.127296310381424e-10
1.301452668812721e-10
-1.973327271606411e-10
1.895021671076763e-10
-1.566689558038417e-10
2.368503279235087e-10
-8.797692967251301e-11
2.659793825787398e-10
3.639480878522844e-12
2.713846887417664e-10
1.033555828667769e-10
2.516300785757392e-10
1.899043414496496e-10
2.108022780187324e-10
2.4406881780172e-10
1.562753899181912e-10
2.56650680759921e-10
9.442579445587071e-11
2.30767520080692e-10
2.939436057868607e-11
1.802636402868526e-10
-3.454377094716296e-11
1.239950903246289e-10
-9.0635747108363e-11
7.672560741378641e-11
-1.31198468537824e-10
4.262306362172634e-11
-1.510412405829498e-10
1.660958324711672e-11
-1.490754961484356e-10
-1.247872961957992e-12
-1.306574875898718e-10
-1.01849861439378e-10
1.932306842486028e-08
2.410594035150421e-08
6.846824913050036e-08
7.384278839683236e-08
1.385642487753971e-07
1.142818427558699e-07
2.211917587220679e-07
1.401495187320852e-07
3.07982889614225e-07
1.492560829436602e-07
3.899694633627184e-07
1.408099676250387e-07
4.573687840984069e-07
1.159745577739684e-07
4.998734689213961e-07
7.833369688164678e-08
5.189489606322235e-07
4.142946049212604e-08
5.249396141650318e-07
1.601771929449803e-08
5.260468203195185e-07
2.544059250481433e-09
5.257364080186339e-07
-3.103252892555914e-09
5.251606950287532e-07
-4.51753757387461e-09
5.246447750830525e-07
-3.989997310813467e-09
5.242860871843714e-07
-2.699636155379665e-09
5.241172713891622e-07
-1.181773407087981e-09
5.241454394078183e-07
3.622725477323946e-10
5.243628279574466e-07
1.843914434596335e-09
5.247388457864303e-07
3.103907216263038e-09
5.251844532389528e-07
3.706756963719287e-09
5.254172920798216e-07
2.655261666213956e-09
5.244382267374329e-07
-2.045199725871229e-09
5.191779294978485e-07
-1.361498803706337e-08
5.021539004523727e-07
-3.592040386546582e-08
4.636617982068567e-07
-6.888118325749255e-08
4.020080096634828e-07
-1.029528051403793e-07
3.262749911450446e-07
-1.26042630488295e-07
2.450003056154675e-07
-1.353913879285921e-07
1.658164748293883e-07
-1.310568223824829e-07
9.512602044883312e-08
-1.152315614895485e-07
4.051552858329869e-08
-9.378511306107904e-08
3.133248850080438e-09
-6.784848603422158e-08
2.77192910612457e-09
5.995240336246165e-10
2.628625900433404e-09
1.15902069371132e-09
2.111956737087771e-09
1.028084900259647e-09
1.313931267167991e-09
3.638112943173025e-10
6.23561136710117e-10
-3.183649007957697e-10
2.07378186463088e-10
-7.143889945785364e-10
1.034443443497008e-11
-8.17917478297477e-10
-7.434830165275291e-11
-7.43941461584941e-10
-1.17889635869622e-10
-5.969516758371922e-10
-1.506306824811364e-10
-4.377400230164165e-10
-1.805673293984766e-10
-2.938101362081388e-10
-2.07333356771342e-10
-1.73954102087257e-10
-2.283982507304543e-10
-7.754090697189262e-11
-2.408267875637544e-10
-5.447693975052483e-14
-2.413847137125871e-10
6.328143556471423e-11
-2.265167872107413e-10
1.152771454059906e-10
-1.929924567143232e-10
1.559776649002234e-10
-1.394517027501258e-10
1.83309382598415e-10
-6.836197594610754e-11
1.948894862586544e-10
1.28473227482634e-11
1.901752029981393e-10
9.28413711458883e-11
1.71635864045925e-10
1.597906823041803e-10
1.438527879258615e-10
2.051395380765437e-10
1.109263762078614e-10
2.251014568107277e-10
7.446371276578752e-11
2.202494405759716e-10
3.424623619015061e-11
1.948089372666519e-10
-9.103405433023332e-12
1.559243322426654e-10
-5.175126219402645e-11
1.116734506098312e-10
-8.694770467986457e-11
6.885517953895366e-11
-1.082230760094387e-10
3.335901055630244e-11
-1.135793606961138e-10
1.087408808995953e-11
-1.081725829810679e-10
-9.097576194055182e-11
1.502237559538073e-08
9.083564546682883e-09
5.449174968925591e-08
3.43734140705521e-08
1.124677401049651e-07
5.630585210201486e-08
1.820609907390382e-07
7.055626786347848e-08
2.55609238239182e-07
7.5707835204475e-08
3.249622875739005e-07
7.14569180565032e-08
3.821903809346142e-07
5.874646417392347e-08
4.206567385824235e-07
3.986733900092196e-08
4.408601388007467e-07
2.122606003442394e-08
4.489262485247822e-07
7.951609338902318e-09
4.508319170747238e-07
6.383904617590203e-10
4.50179616383507e-07
-2.450952430788277e-09
4.487911959190553e-07
-3.129117346812506e-09
4.474726543571457e-07
-2.67145597549007e-09
4.465496503567755e-07
-1.776632390254551e-09
4.46132610795996e-07
-7.647340693356442e-10
4.462421463940715e-07
2.52736717263301e-10
4.468501089524979e-07
1.235951657303978e-09
4.478540557195931e-07
2.099960220233034e-09
4.489722978172711e-07
2.588514651779251e-09
4.495126425580936e-07
2.114916700347923e-09
4.478958956459411e-07
-4.284530231684184e-10
4.409390828673304e-07
-6.65817547937188e-09
4.232215587285851e-07
-1.820287993131772e-08
3.890031490079582e-07
-3.466277375354316e-08
3.375446757498165e-07
-5.149433208213003e-08
2.745191998726272e-07
-6.301715482369868e-08
2.065530692963636e-07
-6.742525754798614e-08
1.401229111039829e-07
-6.462666439902471e-08
8.038209543491245e-08
-5.549074601256924e-08
3.310596138250264e-08
-4.650897921445911e-08
2.234323444436585e-09
-3.697684828543117e-08
1.566585449450661e-09
1.267261825332515e-09
1.403854019214096e-09
1.321751936808593e-09
1.425434226728671e-09
1.006504491601816e-09
1.26178024104151e-09
5.274650944739154e-10
9.231558919596418e-10
2.025924890768842e-11
5.684602852678025e-10
-3.59693572228906e-10
2.90338812122365e-10
-5.397962029823349e-10
9.589411350979069e-11
-5.494969463327519e-10
-3.916062131689218e-11
-4.618971372908783e-10
-1.355420252114616e-10
-3.41358801428898e-10
-2.038955933462035e-10
-2.254567625287368e-10
-2.489492538163589e-10
-1.289006224949572e-10
-2.732278207241368e-10
-5.326253216818326e-11
-2.783640365929908e-10
5.081560026592893e-12
-2.653216722201708e-10
5.023888199029416e-11
-2.347297839955532e-10
8.468508062761403e-11
-1.877124391811599e-10
1.08960134093774e-10
-1.26963287625184e-10
1.225600569111551e-10
-5.743352568742396e-11
1.253595420149881e-10
1.402374941262099e-11
1.187177570561631e-10
8.017336565521901e-11
1.054860718266235e-10
1.352437036429522e-10
8.878228649641039e-11
1.757643071203611e-10
7.040560989993354e-11
1.999964037218783e-10
5.023146856469386e-11
2.070884862747624e-10
2.7154013667513e-11
1.970481002753209e-10
9.368572586141286e-13
1.716168857070785e-10
-2.6320161565416e-11
1.350124440665895e-10
-5.034337063583758e-11
9.366831836216968e-11
-6.687904497062999e-11
5.478360062678867e-11
-7.469470870756583e-11
2.317657775185212e-11
-7.656554815400057e-11
-6.779917403502336e-11
8.335184317013308e-09
7.483800375790198e-10
3.392543824296515e-08
8.783159934671455e-09
7.407253720230812e-08
1.615875292806104e-08
1.236799341537573e-07
2.094887070010633e-08
1.766686449932882e-07
2.271912414918052e-08
2.266863167745348e-07
2.143924606360701e-08
2.679403415602113e-07
1.749243917195726e-08
2.961760293664857e-07
1.163165098345686e-08
3.115299329102224e-07
5.872156274069079e-09
3.176781010382869e-07
1.803441000445146e-09
3.186982614471712e-07
-3.817701635614065e-10
3.174697388849053e-07
-1.222430077502912e-09
3.156442323539562e-07
-1.303611031434695e-09
3.140167029661007e-07
-1.043926794518233e-09
3.129107145219217e-07
-6.70644160068749e-10
3.124262148701621e-07
-2.802346216789536e-10
3.125760839195681e-07
1.028674561469323e-10
3.133330216978749e-07
4.790136783167895e-10
3.146003781203982e-07
8.326035889373366e-10
3.161000577957962e-07
1.08883477966629e-09
3.171550772906137e-07
1.059897000229026e-09
3.163424320194034e-07
3.841920556696011e-10
3.111384850544865e-07
-1.454228715889634e-09
2.97887829072571e-07
-4.952224137173014e-09
2.731932077115358e-07
-9.968152589773455e-09
2.367808295784764e-07
-1.508195413214259e-08
1.922651160430326e-07
-1.850144148127595e-08
1.444187104342121e-07
-1.957885211772219e-08
9.815288286463595e-08
-1.836083701841974e-08
5.68942974788779e-08
-1.423216080125958e-08
2.326202868304069e-08
-1.28767106039244e-08
3.941041567018597e-10
-1.410892393001284e-08
1.044862995847884e-10
1.556879500341369e-09
4.726997705373343e-10
9.535382979354199e-10
9.033735219115022e-10
5.758305609535387e-10
1.115874710062334e-09
3.149637409593988e-10
1.062338974380822e-09
7.379480781819712e-11
8.323232790649976e-10
-1.296780401143754e-10
5.419759663389981e-10
-2.494490647912164e-10
2.699917817402948e-10
-2.775129230557417e-10
5.062789514008272e-11
-2.425334231270437e-10
-1.095987097365868e-10
-1.811323561002437e-10
-2.163511734309334e-10
-1.187044691190169e-10
-2.78834375147627e-10
-6.641757844904859e-11
-3.059474733886321e-10
-2.614960183457228e-11
-3.049037398593298e-10
4.037670906886682e-12
-2.811992220223735e-10
2.653419882911665e-11
-2.393445573934871e-10
4.283026254483622e-11
-1.838249715418162e-10
5.344038554183254e-11
-1.197460029553804e-10
5.848093699155638e-11
-5.277331953431502e-11
5.838669903758262e-11
1.164708488093955e-11
5.429720461600313e-11
6.929860953855106e-11
4.783439400659591e-11
1.176702314461128e-10
4.041052471897379e-11
1.554821687662906e-10
3.259353310143543e-11
1.816799711094384e-10
2.403354311943956e-11
1.948115629651575e-10
1.402230713561754e-11
1.93402322989804e-10
2.345999320598165e-12
1.771985389486157e-10
-1.011646846445474e-11
1.483841878354165e-10
-2.152910414488268e-11
1.115350230879214e-10
-3.002995456616637e-11
7.159696148491012e-11
-3.475666808588529e-11
3.12278349653255e-11
-3.61964111309667e-11
-3.657133432376482e-11
7.483799520815928e-10
9.531539793630505e-09
2.569029263044507e-08
4.663916323640458e-08
6.935828729442342e-08
9.079753326341866e-08
1.082899723444453e-07
1.199216232328892e-07
1.257937794163554e-07
1.275972203215575e-07
1.272154500679499e-07
1.259930198952535e-07
1.246894087746177e-07
1.236454818852712e-07
1.229748376371472e-07
1.226946029213344e-07
1.227974702908681e-07
1.232764838760752e-07
1.24109087380114e-07
1.251979220679983e-07
1.2625781898526e-07
1.266420109507282e-07
1.251877821539618e-07
1.202355579283896e-07
1.102674052599445e-07
9.518545104136079e-08
7.668400948361877e-08
5.710515728143715e-08
3.874432018863104e-08
2.451215930480774e-08
1.163544862835069e-08
-2.473475382498143e-09
-9.165959530938642e-10
3.694226557942858e-11
6.127727569798947e-10
9.277364201191356e-10
1.001531159565454e-09
8.718530429358376e-10
6.224039107742345e-10
3.448909123970856e-10
1.023574227769091e-10
-7.877500750307458e-11
-1.974795422820048e-10
-2.638971937509104e-10
-2.900468604035404e-10
-2.860092613241031e-10
-2.59475126508955e-10
-2.166449346181643e-10
-1.632046123872599e-10
-1.047237447380196e-10
-4.633710803221427e-11
7.960029761247314e-12
5.579436419560426e-11
9.620482761544421e-11
1.28798307480038e-10
1.528317998756209e-10
1.668540645972891e-10
1.69200024741603e-10
1.590835208812879e-10
1.375543833468074e-10
1.075244090016332e-10
7.276774070880674e-11
3.657133432376606e-11
)
;

boundaryField
{
    inletLower
    {
        type            calculated;
        value           nonuniform List<scalar> 8(-3.999999999999997e-07 -4.000000000000004e-07 -3.999999999999997e-07 -4.000000000000004e-07 -3.999999999999997e-07 -4.000000000000004e-07 -3.999999999999997e-07 -4.000000000000004e-07);
    }
    inletUpper
    {
        type            calculated;
        value           nonuniform List<scalar> 8(-4.000000000000032e-07 -3.999999999999977e-07 -3.999999999999977e-07 -4.000000000000004e-07 -4.000000000000004e-07 -4.000000000000004e-07 -4.000000000000004e-07 -4.000000000000004e-07);
    }
    outletLower
    {
        type            calculated;
        value           nonuniform List<scalar> 8(2.60745594621295e-07 3.750305171038531e-07 4.548201877767291e-07 4.950131449248039e-07 4.964799089066644e-07 4.586440821307337e-07 3.809223572400961e-07 2.640801712152902e-07);
    }
    outletUpper
    {
        type            calculated;
        value           nonuniform List<scalar> 8(2.635696953576004e-07 3.793560238916851e-07 4.595360023497153e-07 4.99897950786134e-07 5.011219934420929e-07 4.626345559323161e-07 3.83798030862937e-07 2.643498991701839e-07);
    }
    sideWalls
    {
        type            calculated;
        value           uniform 0;
    }
    topBottomWalls
    {
        type            calculated;
        value           uniform 0;
    }
    frontAndBack
    {
        type            symmetry;
        value           uniform 0;
    }
}


// ************************************************************************* //
