/*--------------------------------*- C++ -*----------------------------------*\
| =========                 |                                                 |
| \\      /  F ield         | OpenFOAM: The Open Source CFD Toolbox           |
|  \\    /   O peration     | Version:  2506                                  |
|   \\  /    A nd           | Website:  www.openfoam.com                      |
|    \\/     M anipulation  |                                                 |
\*---------------------------------------------------------------------------*/
FoamFile
{
    version     2.0;
    format      ascii;
    arch        "LSB;label=32;scalar=64";
    class       surfaceScalarField;
    location    "5000";
    object      phi;
}
// * * * * * * * * * * * * * * * * * * * * * * * * * * * * * * * * * * * * * //

dimensions      [0 3 -1 0 0 0 0];

oriented        oriented;

internalField   nonuniform List<scalar> 
8064
(
-5.436245305642633e-11
5.436281686966655e-11
-1.185720882355505e-10
6.421008768573219e-11
-1.775224412296256e-10
5.895082849233622e-11
-2.114029479688659e-10
3.388099213002312e-11
-2.122648631584614e-10
8.624082493852658e-13
-1.881769724105371e-10
-2.408739178756028e-11
-1.495454304352971e-10
-3.863103577023921e-11
-1.014284859623538e-10
-4.81164322089437e-11
-4.653203457257868e-11
-5.48959310657744e-11
1.061591516245642e-11
-5.714742286809062e-11
6.361054182290246e-11
-5.299409103247553e-11
1.065373819739737e-10
-4.292629775633694e-11
1.358974803159047e-10
-2.935954694583127e-11
1.511041475038172e-10
-1.520610928122537e-11
1.538633200479848e-10
-2.758606039115441e-12
1.4701109202805e-10
6.852800165104935e-12
1.333269292771696e-10
1.368474233402443e-11
1.147394996178469e-10
1.85880133249824e-11
9.217184881321862e-11
2.256823994288408e-11
6.603738806861854e-11
2.613505171228801e-11
3.709304293618907e-11
2.89449388251566e-11
7.113587799267427e-12
2.99800477684323e-11
-2.110598035304898e-11
2.822016007013294e-11
-4.448110526512731e-11
2.33757123548464e-11
-6.067616407654892e-11
1.619564155276982e-11
-6.887644856084964e-11
8.200858963831521e-12
-6.994576822679497e-11
1.06988507569166e-12
-6.598514146854498e-11
-3.960073611952962e-12
-5.957091288066202e-11
-6.413689095707004e-12
-5.301846555570115e-11
-6.551924169874559e-12
-4.790943336533163e-11
-5.108527347707056e-12
-4.490918388213819e-11
-2.999765006057214e-12
-4.372677307286068e-11
-1.181949259614406e-12
-4.311872122266832e-11
-6.076145509954919e-13
-4.112643909410168e-11
-1.991872215633222e-12
-3.58329231587741e-11
-5.293133907455397e-12
-2.633340088843385e-11
-9.499171795852994e-12
-1.294487573179021e-11
-1.338820581085213e-11
3.586296819992276e-12
-1.653088844929275e-11
2.258313388193941e-11
-1.899658674820613e-11
4.289742928765266e-11
-2.03140833095826e-11
6.241671655118029e-11
-1.951911079602311e-11
7.869402329774264e-11
-1.62771704714252e-11
8.98502712939479e-11
-1.115614809554796e-11
9.434439584244963e-11
-4.494065510292957e-12
9.055249742720125e-11
3.791921724595287e-12
7.71719545304509e-11
1.338052630538326e-11
5.416832585695199e-11
2.300357869236466e-11
2.361715858339047e-11
3.055108023433501e-11
-1.002714392606667e-11
3.364418622765579e-11
-4.085889207162589e-11
3.083159958353243e-11
-6.413085236185638e-11
2.327178855305553e-11
-7.936892059945123e-11
1.523787121952464e-11
-9.06961264250553e-11
1.132699446774873e-11
-1.028098825912031e-10
1.211352990867562e-11
-1.172860436196843e-10
1.447593090854954e-11
-1.340204796188203e-10
1.673420387983183e-11
-1.524501563683236e-10
1.842945172694564e-11
-1.688341692547999e-10
1.638379053097471e-11
-1.744143950962568e-10
5.580013803453527e-12
-1.597825526423925e-10
-1.463203287222847e-11
-1.2166165291254e-10
-3.812110729496766e-11
-6.251101446380302e-11
-5.915089620159823e-11
-6.251112445726071e-11
-8.177559853445758e-11
1.361389704959681e-10
-1.703499449047377e-10
1.527849833656153e-10
-2.283877497881665e-10
1.1698916868727e-10
-2.413732011763172e-10
4.686698283891907e-11
-2.243506145242048e-10
-1.615963651006929e-11
-1.943173118058461e-10
-5.412014373268521e-11
-1.548311623647557e-10
-7.811663053177479e-11
-1.04574873268513e-10
-9.837215642050706e-11
-4.62276691885719e-11
-1.132425656762359e-10
1.392926570130741e-11
-1.173037772193599e-10
6.961062226560345e-11
-1.086748619721201e-10
1.162047680840202e-10
-8.951984658686365e-11
1.50738618476401e-10
-6.389279511209209e-11
1.7174560384992e-10
-3.621248152109882e-11
1.793651825501734e-10
-1.037756671622144e-11
1.750943006140064e-10
1.112430970165728e-11
1.609850690571246e-10
2.779460542845609e-11
1.388121260821745e-10
4.07615951536322e-11
1.098494248185557e-10
5.153158239526538e-11
7.542323033339458e-11
6.056189152711271e-11
3.776444479029269e-11
6.660436980002576e-11
3.412604455371065e-13
6.740387768445337e-11
-3.274773113318526e-11
6.130979453593936e-11
-5.796286306483941e-11
4.859148263005975e-11
-7.338040207031968e-11
3.1613813000356e-11
-7.912204293197438e-11
1.394312253847657e-11
-7.709022582521922e-11
-9.613187265472287e-13
-7.024151339844163e-11
-1.080818796495815e-11
-6.171259119595132e-11
-1.494202629371935e-11
-5.406697115860412e-11
-1.419698007665276e-11
-4.884828286258102e-11
-1.03266682833175e-11
-4.651743931701985e-11
-5.330087693710653e-12
-4.665939685226358e-11
-1.03949128700435e-12
-4.813690955040282e-11
8.703666170831837e-13
-4.898648136282916e-11
-1.14185586754532e-12
-4.651168766371145e-11
-7.767520173711631e-12
-3.836783264480185e-11
-1.764264658465725e-11
-2.410466034904791e-11
-2.765103958015919e-11
-5.153202008233966e-12
-3.548203833362062e-11
1.663587876395115e-11
-4.078540457557024e-11
3.93797440258182e-11
-4.305771795061064e-11
6.043998531610995e-11
-4.057916968705948e-11
7.826460092241796e-11
-3.410163737631915e-11
9.194719911429307e-11
-2.483864707824554e-11
9.964952973838318e-11
-1.219633081092942e-11
9.882768514597699e-11
4.613782684392511e-12
8.749412272068588e-11
2.47140725511847e-11
6.501266697534881e-11
4.548497199740455e-11
3.237261897972736e-11
6.319103633735896e-11
-7.427180422501207e-12
7.344385247464035e-11
-4.887358742786919e-11
7.22778488367109e-11
-8.462423342912116e-11
5.902224292705524e-11
-1.091315340517254e-10
3.974496266816069e-11
-1.237484778482927e-10
2.59437056304149e-11
-1.363291664806078e-10
2.469397807144887e-11
-1.521930393869979e-10
3.033955403080892e-11
-1.695932628390386e-10
3.413417947725719e-11
-1.85878447217951e-10
3.471438929849965e-11
-1.94432480628223e-10
2.493758824661568e-11
-1.869514818602928e-10
-1.901213060294032e-12
-1.593521628503556e-10
-4.223158504260817e-11
-1.132214766243774e-10
-8.425202391064679e-11
-5.620195336098835e-11
-1.161706406598684e-10
-1.187131614821318e-10
-1.443283380946425e-10
2.804676422113021e-10
-2.56613994518923e-10
2.650710966121111e-10
-2.7515987538473e-10
1.355355397377239e-10
-2.371265152352323e-10
8.834123843022406e-12
-1.997176388100499e-10
-5.356800423328997e-11
-1.713769148009401e-10
-8.246035410202076e-11
-1.357846042566619e-10
-1.137084205409782e-10
-8.795578482082018e-11
-1.46200450038963e-10
-3.524254428552136e-11
-1.659552727373002e-10
1.542059019198849e-11
-1.679663724025667e-10
6.223227303121419e-11
-1.554859974107723e-10
1.053431963867048e-10
-1.326302165363652e-10
1.432640693746518e-10
-1.018131066808878e-10
1.724659901488855e-10
-6.541383517166387e-11
1.892892114845331e-10
-2.720021365413402e-11
1.917194648184362e-10
8.694635602067511e-12
1.796321009152795e-10
3.988255439767725e-11
1.541168982193615e-10
6.627738627801363e-11
1.172255401285459e-10
8.842353259392694e-11
7.246327298059961e-11
1.053247520715879e-10
2.517345082972263e-11
1.13894786207716e-10
-1.831011294656705e-11
1.108880343839434e-10
-5.247954072619037e-11
9.547981269922842e-11
-7.421786040929094e-11
7.033038827784097e-11
-8.329092477332368e-11
4.068745692421704e-11
-8.182151776510376e-11
1.247428722981136e-11
-7.328586088638154e-11
-9.496414512971227e-12
-6.152975959486726e-11
-2.25637397069817e-11
-5.001686231346026e-11
-2.645438904238041e-11
-4.129868591681854e-11
-2.291463729481817e-11
-3.66785537209668e-11
-1.494630080928114e-11
-3.618807886449545e-11
-5.820082070873372e-12
-3.90291251345295e-11
1.802011500897088e-12
-4.420258845444577e-11
6.044263505702346e-12
-5.039314505625419e-11
5.049106057245744e-12
-5.472490522575437e-11
-3.435381197057149e-12
-5.246030500726477e-11
-1.9906900206607e-11
-4.023644010961769e-11
-3.987458762865326e-11
-1.979546635863116e-11
-5.592273090102996e-11
3.909541782312477e-12
-6.449016398730042e-11
2.681528652071339e-11
-6.596325233351068e-11
4.660001418985413e-11
-6.036372139289358e-11
6.532036115200543e-11
-5.282184842072692e-11
8.332605889937538e-11
-4.284424417335955e-11
9.744450160052316e-11
-2.631471321069966e-11
1.039031742115687e-10
-1.844864353455084e-12
1.00211380551625e-10
2.840585285579457e-11
8.493209253257954e-11
6.076421419132317e-11
5.704817265799419e-11
9.107487482683892e-11
1.622827855301486e-11
1.142636367753804e-10
-3.52665691277689e-11
1.237725564331857e-10
-8.950667271529304e-11
1.132621839014225e-10
-1.329632348749456e-10
8.320133937663716e-11
-1.561387463435063e-10
4.911901732141434e-11
-1.669992319711069e-10
3.555425110431306e-11
-1.828923131046083e-10
4.62324182067239e-11
-2.025666014285006e-10
5.380824847310328e-11
-2.145696956273536e-10
4.671726809765009e-11
-2.021642418790495e-10
1.253191960820676e-11
-1.634530828686181e-10
-4.061258025284538e-11
-1.159830892112872e-10
-8.970176589445698e-11
-7.328812521705352e-11
-1.269471737940279e-10
-3.454307368775562e-11
-1.549158466429198e-10
-1.532563033807372e-10
-2.836039492321578e-10
5.640721132635921e-10
-3.877546738360757e-10
3.692223040535866e-10
-2.960893770461634e-10
4.387070329119159e-11
-2.042109786095982e-10
-8.304381635933515e-11
-1.731250198404376e-10
-8.465350296128094e-11
-1.505753488479652e-10
-1.050095606433467e-10
-1.074652222609167e-10
-1.56818078700819e-10
-5.749260675845932e-11
-1.961725915089705e-10
-1.692101468685119e-11
-2.065263861047399e-10
1.407596022157668e-11
-1.989628624890669e-10
4.448485043910483e-11
-1.858943978810853e-10
8.138632645440058e-11
-1.695311966528785e-10
1.247008212545233e-10
-1.451271008197019e-10
1.675951078388931e-10
-1.083076154155526e-10
2.002558049983338e-10
-5.986040032140719e-11
2.143624508985829e-10
-5.411495135230408e-12
2.0558927520453e-10
4.865624832802041e-11
1.738478575801813e-10
9.801932526301968e-11
1.232682531279975e-10
1.390036599384584e-10
6.220192985287452e-11
1.663915993049644e-10
1.740389790436187e-12
1.74356849781109e-10
-4.78424412185688e-11
1.604713874456259e-10
-8.035110669079036e-11
1.279889974006025e-10
-9.469423477978225e-11
8.467403120970061e-11
-9.375850199911401e-11
3.975223344407463e-11
-8.239437168298332e-11
1.110658568713517e-12
-6.56911258673588e-11
-2.619916721262715e-11
-4.803929386970157e-11
-4.021508974344656e-11
-3.286171400750043e-11
-4.163149868036367e-11
-2.259452748761812e-11
-3.318136841316627e-11
-1.853973479658965e-11
-1.900065314897013e-11
-2.057328489640361e-11
-3.786110167370779e-12
-2.723900693208878e-11
8.468136957987524e-12
-3.682694705651421e-11
1.563258483690037e-11
-4.860983692077469e-11
1.683235550217523e-11
-6.141759612019665e-11
9.372711887440678e-12
-6.931156077366323e-11
-1.201262632873398e-11
-6.249859341784398e-11
-4.66872746001644e-11
-3.947206203781418e-11
-7.894900923451089e-11
-1.134376231044747e-11
-9.26182421340793e-11
9.311641663862662e-12
-8.66184641900222e-11
2.678622793202492e-11
-7.783814888153398e-11
4.943884983723839e-11
-7.547434233220828e-11
7.506461185808341e-11
-6.846991237209766e-11
9.76977420782963e-11
-4.89477806035618e-11
1.136293237253068e-10
-1.777641679816923e-11
1.20600464688567e-10
2.143471133703995e-11
1.160043422625976e-10
6.536030463293729e-11
9.674170528579355e-11
1.103374528881266e-10
5.957376157326509e-11
1.514314939863649e-10
1.889025736621272e-12
1.814571831534563e-10
-7.401782304027249e-11
1.891689013635611e-10
-1.522146901652701e-10
1.613980584811234e-10
-2.031933633035903e-10
1.000975273303573e-10
-2.145673570111622e-10
4.692807249749758e-11
-2.233464990782042e-10
5.501138113065017e-11
-2.54535066641272e-10
8.499663540249742e-11
-2.617217976779584e-10
5.390381574162338e-11
-2.067534474018966e-10
-4.243660946126689e-11
-1.10980205211144e-10
-1.363860005268207e-10
-3.500851027939436e-11
-1.656736253253271e-10
-9.376875833056138e-12
-1.52578938258878e-10
-7.113530055891557e-12
-1.571793108651152e-10
-1.603697496908568e-10
-5.451099050963817e-10
1.109182239985479e-09
-4.781929160277093e-10
3.023056653937227e-10
-2.294461447789674e-10
-2.048756823624671e-10
-1.732129022720147e-10
-1.392766635015051e-10
-1.802755625742868e-10
-7.759044246595138e-11
-1.306628277457691e-10
-1.546218921630334e-10
-5.57642029916326e-11
-2.317162962991681e-10
-8.048690729674779e-12
-2.438876932892501e-10
5.62883986867289e-12
-2.20203501990333e-10
5.947486427755334e-12
-1.992810907636617e-10
1.415390581447462e-11
-1.94100394680402e-10
4.219041941501833e-11
-1.975672841898849e-10
9.15535012828182e-11
-1.944897526442513e-10
1.533069908366802e-10
-1.700606718898687e-10
2.102133204323538e-10
-1.167662935718424e-10
2.432939955153513e-10
-3.849173160559147e-11
2.397676275344648e-10
5.218305710216515e-11
1.973723906682509e-10
1.404150041120884e-10
1.252383273141765e-10
2.111381660274892e-10
4.171041879978374e-11
2.499199503747681e-10
-3.308566149504049e-11
2.491533716351698e-10
-8.537558380804809e-11
2.127617494888976e-10
-1.109570631240786e-10
1.535709134052094e-10
-1.133788609200358e-10
8.709626194455534e-11
-9.995014345312922e-11
2.632394355306968e-11
-7.822767197124648e-11
-2.06113912665171e-11
-5.4143338935646e-11
-5.028308653437614e-11
-3.168183128458349e-11
-6.26761920215796e-11
-1.345901999782395e-11
-5.98539153007419e-11
-1.469084104752715e-12
-4.517092057494442e-11
2.637921466731994e-12
-2.310728860502696e-11
-1.835641186591914e-12
6.878089647395086e-13
-1.345149420028089e-11
2.008432988468549e-11
-2.858917236697404e-11
3.077058656748525e-11
-4.448902333854014e-11
3.273251059314802e-11
-6.248073354465558e-11
2.736470724758742e-11
-8.19048841435513e-11
7.411787296608725e-12
-8.772959929712886e-11
-4.086231778955895e-11
-6.495336332117518e-11
-1.017250280301101e-10
-2.950175282601054e-11
-1.280696588655856e-10
-1.859115121947715e-11
-9.752889834857758e-11
1.172938108207099e-12
-9.760209567927584e-11
3.44081012861698e-11
-1.087093904006694e-10
6.819676821891441e-11
-1.022584898163284e-10
9.785593112957652e-11
-7.860688152635105e-11
1.23889747454501e-10
-4.381019635460526e-11
1.440065448023849e-10
1.317924484742488e-12
1.525957018013962e-10
5.677113461044185e-11
1.442772389667612e-10
1.186558790115576e-10
1.156020143708297e-10
1.801066612269046e-10
6.236520782733777e-11
2.346939123442083e-10
-2.332056204012837e-11
2.748545770681703e-10
-1.429907989187496e-10
2.810681858219353e-10
-2.617372169388324e-10
2.188438238297103e-10
-3.068017425309887e-10
9.199246630964935e-11
-2.853985542885735e-10
3.360805489665492e-11
-3.380503728635912e-10
1.376483091031422e-10
-3.19160346166774e-10
3.501364525320936e-11
-1.849703747099952e-10
-1.76626735461303e-10
-2.132195366500557e-11
-3.000345554362538e-10
8.169149209028021e-11
-2.686871922983564e-10
8.164641159602592e-11
-1.525339265009082e-10
1.266299560302091e-11
-8.819568521267256e-11
-1.477067316099327e-10
-7.697582871710602e-10
1.8789409675997e-09
-2.621332291745729e-10
-2.053190189976255e-10
-1.48057308546234e-10
-3.189512590415304e-10
-2.879446659219666e-10
6.110321527382664e-13
-2.336793426533004e-10
-1.31855427733696e-10
-6.756053548977129e-11
-3.207403595883592e-10
3.602914403791382e-11
-3.353056341721372e-10
4.946059065307801e-11
-2.573187956452987e-10
2.017760566848912e-11
-1.909201704599725e-10
-1.0968686878551e-11
-1.68134448939763e-10
-2.377926691945651e-11
-1.812894631279541e-10
-7.603231912032505e-12
-2.137429651863779e-10
4.333305842984419e-11
-2.454256870670269e-10
1.243030850772571e-10
-2.510303406341406e-10
2.131298093642702e-10
-2.05592658593942e-10
2.745566282428877e-10
-9.991818999052031e-11
2.788639806003035e-10
4.787606587428502e-11
2.198374697280706e-10
1.99441876386107e-10
1.176556842689645e-10
3.133203126462271e-10
8.875932599212353e-12
3.587000623453245e-10
-7.577823602991019e-11
3.338078992929143e-10
-1.229244135493512e-10
2.599082838646833e-10
-1.349105642184616e-10
1.655574184506515e-10
-1.222881248872923e-10
7.44741733065476e-11
-9.678442480591563e-11
8.205902734844654e-13
-6.739454179560735e-11
-5.000093288104054e-11
-3.943277680579752e-11
-7.824451565225164e-11
-1.534007553931689e-11
-8.676856475690632e-11
3.860755087086172e-12
-7.905442476593747e-11
1.715148618402838e-11
-5.846133996985629e-11
2.260539324029117e-11
-2.856089334666252e-11
1.762101579505939e-11
5.672477028691477e-12
1.16509859450433e-12
3.654052620401114e-11
-2.250532468983035e-11
5.444127501304925e-11
-4.366233152997195e-11
5.388976898292696e-11
-5.770211810193012e-11
4.140472923308245e-11
-7.502224944166664e-11
2.473213842818664e-11
-1.0027521461217e-10
-1.56091509446521e-11
-9.569754960364404e-11
-1.063025087864249e-10
-6.795716325075136e-11
-1.558098807385722e-10
-6.655724312219812e-11
-9.892867287324728e-11
-1.962851545526446e-11
-1.445306986765655e-10
2.766379870654208e-11
-1.560015996973499e-10
6.140509219815384e-11
-1.35999699824762e-10
9.384415798180057e-11
-1.110458837885114e-10
1.308697539973465e-10
-8.083574971166365e-11
1.66246102660712e-10
-3.405840066631103e-11
1.89213654260074e-10
3.380358723444983e-11
1.918701998138159e-10
1.159993202324653e-10
1.724267982541913e-10
1.995500326158645e-10
1.323176213235823e-10
2.748030438606887e-10
6.38473964419454e-11
3.433247422376117e-10
-6.429853064227942e-11
4.092140404482412e-10
-2.792444064256256e-10
4.33789615448645e-10
-4.835283626715175e-10
2.962763286099293e-10
-4.523588999897396e-10
2.438488574443486e-12
-4.574595541578255e-10
1.427488547191946e-10
-3.19248379175446e-10
-1.031976464730626e-10
-7.435916104703749e-11
-4.215160632872842e-10
8.366167995413049e-11
-4.580555033991128e-10
1.747762401633408e-10
-3.598018168187368e-10
2.008341748365893e-10
-1.785917411800569e-10
4.316590786313269e-11
6.947256720875455e-11
-1.04540724244059e-10
2.979481812986772e-10
1.58099288409804e-09
4.093270852281294e-10
-3.166976979524435e-10
-6.283057340385853e-10
7.186818213218963e-10
-6.829704754940232e-10
5.527604363205327e-11
-1.944838133978902e-10
-6.203418167835373e-10
1.03893519190711e-10
-6.191174176863786e-10
1.390172578731423e-10
-3.704290967754395e-10
7.65947059849798e-11
-1.948959664195974e-10
1.393811995688234e-11
-1.282633054868374e-10
-2.936370568020866e-11
-1.248323431536856e-10
-5.388192832675997e-11
-1.567709589032882e-10
-5.291926368623555e-11
-2.147053472910506e-10
-1.215213343266924e-11
-2.861925337440499e-10
7.701619391527083e-11
-3.401983838364156e-10
1.967611423421877e-10
-3.25337322376921e-10
2.936542858464068e-10
-1.968110487608373e-10
3.081601998984404e-10
3.337043641074023e-11
2.271504368943871e-10
2.804519235481777e-10
9.323497624298904e-11
4.472360566049782e-10
-3.208609240847635e-11
4.840214133109968e-10
-1.132583838532111e-10
4.14980471414947e-10
-1.447671418106697e-10
2.914173208611855e-10
-1.390729909116442e-10
1.598635440506273e-10
-1.131926609913867e-10
4.859411747124961e-11
-8.080038814572561e-11
-3.157141208519039e-11
-4.990380013037026e-11
-8.089725377374059e-11
-2.370189423419505e-11
-1.044461592658105e-10
-2.497568443912456e-12
-1.07972632780087e-10
1.444644750116367e-11
-9.599818921644911e-11
2.741370518717802e-11
-7.142835202280517e-11
3.500460950987258e-11
-3.615155990092408e-11
3.324171778110868e-11
7.435599169660768e-12
1.634301805084916e-11
5.34394467980889e-11
-1.744996807686323e-11
8.823447308197536e-11
-5.369038738312844e-11
9.01303889990104e-11
-6.119419120617463e-11
4.890872329521591e-11
-3.341020712681099e-11
-3.051668225717955e-12
-5.361394169219849e-11
4.594749132052356e-12
-1.099885447819415e-10
-4.992775437817905e-11
-2.148095604866476e-10
-5.098872686936041e-11
-1.155485157395479e-10
-1.981895947057086e-10
-7.529575490811693e-12
-2.52549530091222e-10
2.836513210387474e-11
-1.918962142927109e-10
4.816010675924723e-11
-1.557945960139893e-10
8.43770038652979e-11
-1.472627181920101e-10
1.340868607648261e-10
-1.305455582602185e-10
1.82938577366384e-10
-8.291008385888733e-11
2.184887640652552e-10
-1.746579649062199e-12
2.325639192855103e-10
1.01924171194944e-10
2.219285751421148e-10
2.101853702367953e-10
1.916348803773973e-10
3.05096719665934e-10
1.523682333130953e-10
3.825913580874611e-10
8.702624552672337e-11
4.74555985251962e-10
-1.232457798327257e-10
6.440615853121299e-10
-6.513266205292979e-10
8.243571026499965e-10
-1.09371800721532e-09
4.448297957551808e-10
-5.15339877581373e-10
-4.35629361825895e-10
-6.477470223406617e-11
-5.537629215149e-10
1.917718959354539e-10
-6.780627527870731e-10
1.34427531600309e-10
-4.007112275634434e-10
1.083580409169349e-10
-3.337323727725186e-10
2.595187764186246e-10
-3.297525674152191e-10
2.756341362945009e-10
5.335735073210891e-11
1.710933827370735e-10
6.897217830175069e-09
-5.316224603415999e-09
-2.115351503971133e-10
6.792055537275877e-09
-2.555108001982012e-09
3.062254893625989e-09
-9.624668351361324e-10
-1.537364910043903e-09
1.682197646586343e-10
-1.751028205004085e-09
3.020867555791133e-10
-7.529841968273282e-10
1.492140695459534e-10
-2.175561985765676e-10
4.149134479680528e-11
-8.717302875376749e-11
-5.240372293871998e-12
-8.153137498316093e-11
-3.239939443605711e-11
-9.767310693969554e-11
-5.586806843105967e-11
-1.333020705039847e-10
-6.821246790226062e-11
-2.023607330377913e-10
-4.968004396706263e-11
-3.047247428248964e-10
2.091478668244338e-11
-4.107929996239493e-10
1.432758204268764e-10
-4.476981414778401e-10
2.62531589057719e-10
-3.160666031463195e-10
2.864872636635206e-10
9.41497555629365e-12
1.887820509871194e-10
3.781573491694691e-10
5.046872446611999e-11
5.855495953400364e-10
-5.967042543930796e-11
5.941607742325201e-10
-1.167605643026291e-10
4.720708203254839e-10
-1.270133192133066e-10
3.016702841736037e-10
-1.091535950585008e-10
1.420040270150936e-10
-8.060798384258553e-11
2.004871117723186e-11
-5.221763727070132e-11
-5.996155545453023e-11
-2.862599948620555e-11
-1.044886912469707e-10
-1.048905166422591e-11
-1.225829090965498e-10
3.3886289713969e-12
-1.218501191774707e-10
1.459350911833328e-11
-1.072028782296608e-10
2.418198936718355e-11
-8.101664591954654e-11
3.195613633902355e-11
-4.392552457955412e-11
3.523287793378017e-11
4.159033927592654e-12
2.640628695198392e-11
6.226620899809682e-11
-7.087699195286558e-12
1.217286232852886e-10
-6.70104973723544e-11
1.500533449735652e-10
-9.266153718605336e-11
7.455991254460362e-11
1.590720648960262e-11
-1.116202698209235e-10
1.43245070591287e-10
-1.227429823399798e-10
-4.342263957082066e-11
1.36740080065832e-10
-6.796018087119255e-10
5.85190556212628e-10
-2.950636462045285e-11
-8.482849340179237e-10
3.43284961355997e-11
-3.163842969970261e-10
9.546275519266233e-12
-1.671139095401129e-10
2.834209776056997e-11
-1.745903452217738e-10
8.03526944292658e-11
-1.992732517276743e-10
1.376520389552033e-10
-1.878448504434978e-10
1.869297713915923e-10
-1.321877737198742e-10
2.270387083250783e-10
-4.185548421295889e-11
2.562982767016754e-10
7.26646254401438e-11
2.652556589820356e-10
2.012280005832115e-10
2.439762254489323e-10
3.263761552252857e-10
2.030820794844831e-10
4.234854952569372e-10
1.8966837783864e-10
4.879696651803808e-10
2.11422908389802e-10
6.223070206835776e-10
-2.203497019933319e-10
1.256129662757167e-09
-3.030350299002588e-09
3.254830330625524e-09
-1.981962321918933e-10
-3.267783509766001e-09
7.984391897293476e-10
-1.550398425762737e-09
4.666537700503408e-10
-3.462774251836802e-10
7.953939387019185e-11
-1.359693953129388e-11
-1.329944681590744e-10
-1.211986145874942e-10
-2.430131729164707e-10
-2.197339058843751e-10
1.29495308147125e-09
-1.484609043175963e-09
1.466046431995422e-09
3.013556171224948e-07
9.332815825601641e-08
2.708101371761662e-07
3.733753558714282e-08
2.694302744467936e-07
4.442117763360181e-09
2.691607155421392e-07
-1.267805856508689e-09
2.674874399328976e-07
-7.775244462193472e-11
2.661149242794854e-07
6.195316083027277e-10
2.654504808726905e-07
4.46887360381051e-10
2.652445349791869e-07
1.187730170864129e-10
2.652702499440513e-07
-1.072461872351976e-10
2.654109605051196e-07
-2.38383515335112e-10
2.655759784128089e-07
-2.983198254328755e-10
2.65622740577838e-07
-2.491227453870138e-10
2.652884000570654e-07
2.961593049172983e-11
2.641051615107571e-07
7.724456990159771e-10
2.613321493413338e-07
2.32531417991767e-09
2.559991822655247e-07
5.016900624317758e-09
2.472573660971126e-07
8.751231295057215e-09
2.349934832642419e-07
1.264204033279036e-08
2.201051105285771e-07
1.547392248105664e-08
2.037739371390276e-07
1.692533431351843e-08
1.871163820125803e-07
1.712962609566289e-08
1.709270064464949e-07
1.649104599881508e-08
1.556648560733166e-07
1.540415454767722e-08
1.415152526441719e-07
1.416965228736295e-08
1.284752919803608e-07
1.297999925399232e-08
1.164299121133601e-07
1.194089132071762e-08
1.052090707864355e-07
1.1098258560923e-08
9.462625394927344e-08
1.046096686003139e-08
8.45034058787671e-08
1.001564533184712e-08
7.468807484913583e-08
9.734314521702049e-09
6.50683568660348e-08
9.575792593293422e-09
5.558915959934592e-08
9.483356433138937e-09
4.626922229719152e-08
9.382203639618196e-09
3.721327805363575e-08
9.177672992296433e-09
2.861198213473977e-08
8.751349384395123e-09
2.076242372918006e-08
7.924118434829042e-09
1.412420643255127e-08
6.526597137770253e-09
9.484834459403048e-09
4.51662909721116e-09
5.574526033911318e-09
4.047048605477079e-09
1.169356106144285e-09
4.990360578674995e-09
2.132784243924024e-10
1.077928354147041e-10
-3.39707229120016e-11
-6.913506777199666e-11
-3.212502087897092e-11
-1.689595369478105e-10
3.740371610065066e-11
-2.441190136935973e-10
1.042071254670021e-10
-2.66076599874942e-10
1.438833707951382e-10
-2.275210409039613e-10
1.669162628594736e-10
-1.55220618082703e-10
1.966761818233788e-10
-7.161536232051233e-11
2.448763803068051e-10
2.446446027106497e-11
2.980968640763019e-10
1.480075416962314e-10
3.209881782361497e-10
3.034848566259501e-10
2.788057881006856e-10
4.656678889912375e-10
1.765709465823592e-10
5.902044974252048e-10
1.537063842719047e-10
6.451715564856761e-10
8.676745541582944e-10
5.42161449730609e-10
4.164921341189956e-09
-4.241652045162381e-11
2.149874903820936e-08
-2.060161128726555e-08
3.702119188497668e-08
-1.70728413685248e-08
5.459922733752196e-08
-1.792431297398151e-08
7.817223556153198e-08
-2.358660526652855e-08
1.036545373105658e-07
-2.560350051166488e-08
1.269917386451011e-07
-2.355693544408691e-08
1.460287192641245e-07
-2.052158979403374e-08
-3.053694992858881e-08
4.217519373269589e-07
7.157622117558491e-08
4.10374421811213e-07
4.871505124597008e-08
3.968351329149388e-07
1.798140676662701e-08
3.891242242080878e-07
6.443102949069934e-09
3.854896824632958e-07
3.556789396909319e-09
3.837553100519026e-07
2.353904116066266e-09
3.828941689442112e-07
1.308028564343466e-09
3.825305140450818e-07
4.824280125512341e-10
3.824959622006025e-07
-7.269424642115518e-11
3.826707841114821e-07
-4.132053298670035e-10
3.829240086471473e-07
-5.515442647699046e-10
3.830503511002674e-07
-3.754651022538601e-10
3.826825876383938e-07
3.973794886096956e-10
3.811736317345038e-07
2.281401699014217e-09
3.774794040772475e-07
6.019541933325887e-09
3.700881059801658e-07
1.240819881738452e-08
3.574718135780819e-07
2.136752379327879e-08
3.393557742487484e-07
3.075807975809698e-08
3.173651547307553e-07
3.746454209535334e-08
2.933565098580435e-07
4.093397928243607e-08
2.689831771009935e-07
4.15029589494328e-08
2.4539468896409e-07
4.007953423233638e-08
2.232370333677631e-07
3.756181024124099e-08
2.02755563368678e-07
3.465112238349189e-08
1.839245417945554e-07
3.181102092579738e-08
1.665604671894373e-07
2.930496602314099e-08
1.504054052590393e-07
2.725332058918092e-08
1.351815613217956e-07
2.568481089446708e-08
1.206259329414591e-07
2.457127380972423e-08
1.06513765702972e-07
2.38464818566564e-08
9.267896939986128e-08
2.341058899288563e-08
7.903710568594034e-08
2.312522024195818e-08
6.561319056247484e-08
2.280611885754801e-08
5.257152224859802e-08
2.221934139847107e-08
4.023294879227403e-08
2.108992293205646e-08
2.904132617684251e-08
1.911574113882656e-08
1.940624673004728e-08
1.616167667161114e-08
1.153637374588015e-08
1.2386502165083e-08
4.857678999140782e-09
1.072574343385789e-08
6.022270325663999e-10
9.245812623072233e-09
1.909837419877293e-10
5.190362012549078e-10
1.33946670957693e-11
1.084540782238368e-10
4.279442215050029e-11
-1.983592239082236e-10
1.285353417050169e-10
-3.29859869501737e-10
1.639113904111508e-10
-3.014525882845078e-10
1.430760701533543e-10
-2.0668566486694e-10
1.122672317064289e-10
-1.244117280513296e-10
1.171330204034054e-10
-7.648110461075444e-11
1.807437468612304e-10
-3.914622581107815e-11
2.957662164031104e-10
3.298510523602308e-11
4.180563444261309e-10
1.811947516398254e-10
4.820176981833588e-10
4.017065465387128e-10
4.773787099946131e-10
5.948434801959415e-10
5.690129263394227e-10
5.5353731669484e-10
1.085347558327863e-09
2.582677058916558e-11
2.26647059284448e-09
-1.223539625553194e-09
1.828258244070791e-08
-3.661772323111427e-08
4.492254788332971e-08
-4.371280692085555e-08
7.651424858981499e-08
-4.951601379368068e-08
1.113450884855144e-07
-5.84174452966034e-08
1.478660681162746e-07
-6.212448030943048e-08
1.846709500691033e-07
-6.036181763080074e-08
2.205573653525959e-07
-5.6408005311716e-08
-5.985098887659275e-08
4.359356610159249e-07
3.56405600410316e-08
4.541530903493469e-07
3.049762190878516e-08
4.570758908615094e-07
1.505860628775485e-08
4.56891646785939e-07
6.627347066609533e-09
4.572000267671883e-07
3.248409459715143e-09
4.57871556813559e-07
1.682374114301645e-09
4.58507064296035e-07
6.725211266862269e-10
4.590588705531775e-07
-6.937819960998547e-11
4.596175141570324e-07
-6.313378051568035e-10
4.602569122331938e-07
-1.052603360680732e-09
4.60983670502392e-07
-1.278302488443787e-09
4.616941215697367e-07
-1.085916123699394e-09
4.620892965651981e-07
2.204539316666807e-12
4.615110725338e-07
2.859625777163751e-09
4.58672844991809e-07
8.857769522465191e-09
4.512660937251005e-07
1.981495013202559e-08
4.365578671363474e-07
3.60757504304442e-08
4.139182322508591e-07
5.339771469304455e-08
3.861899971180914e-07
6.519277727824298e-08
3.562186249225833e-07
7.090535152940208e-08
3.262624082395141e-07
7.1459175684757e-08
2.97719120150416e-07
6.862282237525591e-08
2.712579346762678e-07
6.402299577006096e-08
2.470360138180781e-07
5.887304329808239e-08
2.248997656497846e-07
5.394726915133006e-08
2.04538016988551e-07
4.966671474344138e-08
1.855819557540045e-07
4.620938188355315e-08
1.676618529681304e-07
4.360491374201197e-08
1.504375027334945e-07
4.179562410662791e-08
1.336157089922192e-07
4.066827566196008e-08
1.169673580988523e-07
4.005893995062384e-08
1.0035281750692e-07
3.973976089982307e-08
8.37604815333147e-08
3.939845489708416e-08
6.735554570668386e-08
3.862427729228379e-08
5.151885548641997e-08
3.692661321908507e-08
3.681860059461096e-08
3.381599609825092e-08
2.386170032752113e-08
2.91185770054493e-08
1.307090019337088e-08
2.317730236637611e-08
4.837988575413962e-09
1.895865511764605e-08
-7.90680860762247e-12
1.40917080728382e-08
5.700097132768577e-11
4.541284853568347e-10
1.243142914753081e-10
4.114082151605917e-11
2.629892189650953e-10
-3.370340900071438e-10
3.091017842710786e-10
-3.759723745718164e-10
2.32704310360402e-10
-2.250550565454503e-10
1.12779996919596e-10
-8.676129558226184e-11
2.41466338856634e-11
-3.577831233817094e-11
3.414170078226736e-12
-5.574859186547226e-11
6.842387077440745e-11
-1.041558827750247e-10
2.331345969634161e-10
-1.317255848036559e-10
4.909855725007209e-10
-7.665619741605491e-11
7.810197084314091e-10
1.116724225254295e-10
1.003990514894306e-09
3.718726686270992e-10
1.134147172071823e-09
4.233806303446689e-10
1.203146972626734e-09
-4.31730848154419e-11
6.666819324464621e-10
-6.870746716637403e-10
1.806706376789023e-08
-5.40181051801555e-08
4.969106377403381e-08
-7.533680706093143e-08
9.121588809841745e-08
-9.104083826800739e-08
1.370649661527576e-07
-1.042665234892652e-07
1.853489083841501e-07
-1.104084227804534e-07
2.34607624284892e-07
-1.09620533852879e-07
2.833029583160927e-07
-1.051033395728532e-07
-1.039255287628572e-07
4.357451014737467e-07
-1.045412741310833e-10
4.664844652340277e-07
-2.417418075933958e-10
4.818306209210076e-07
-2.875493921945555e-10
4.887880946420538e-07
-3.301266557127617e-10
4.924406408359319e-07
-4.041367371858803e-10
4.946505593987729e-07
-5.27544451787232e-10
4.960358973608113e-07
-7.128168383670217e-10
4.969377312963246e-07
-9.712121378158211e-10
4.976087897730236e-07
-1.30239628401322e-09
4.982233393008328e-07
-1.667152890134228e-09
4.988807574083811e-07
-1.93572059682199e-09
4.995999128710951e-07
-1.805071586503036e-09
5.002832624471112e-07
-6.811450356355905e-10
5.005745692013069e-07
2.56831902503051e-09
4.99392114472216e-07
1.004022425510274e-08
4.936958490735207e-07
2.551121553547683e-08
4.788714511075126e-07
5.090014840300553e-08
4.535674395957564e-07
7.870172621274975e-08
4.226975827687384e-07
9.606263411532994e-08
3.901102218718573e-07
1.034927124379836e-07
3.583086384015633e-07
1.032607591691814e-07
3.285465891559891e-07
9.838487163674012e-08
3.012422062058802e-07
9.132737873876284e-08
2.763323725266204e-07
8.378287699781873e-08
2.535122459003161e-07
7.6767395801017e-08
2.323866474760292e-07
7.079231319306794e-08
2.125522207940152e-07
6.60438085939991e-08
1.936315092557136e-07
6.252562531073356e-08
1.752837813118933e-07
6.014335208408258e-08
1.572059528423242e-07
5.874610416711555e-08
1.391374502733904e-07
5.812744255838268e-08
1.208785772714083e-07
5.799863394245648e-08
1.023295078144461e-07
5.79475243978365e-08
8.355434208432573e-08
5.739944306779272e-08
6.48664930917496e-08
5.561446225995321e-08
4.690070995844409e-08
5.178177928112223e-08
3.063205406472439e-08
4.53872329512744e-08
1.716701652386416e-08
3.664233996021175e-08
7.100786496370062e-09
2.902488520018184e-08
-4.565849594540023e-10
2.164907958412053e-08
-1.778737072847334e-10
1.754172901406636e-10
3.707627962036278e-10
-5.074956250838832e-10
6.133257384300236e-10
-5.795969745308629e-10
4.857333819424301e-10
-2.483799609797606e-10
2.318617906752482e-10
2.881659173534616e-11
3.125337603638753e-11
1.13847174642127e-10
-7.358654771533468e-11
6.906166529972987e-11
-9.895599181790885e-11
-3.037909713369156e-11
-5.063257252065997e-11
-1.524792564912395e-10
1.066439206611647e-10
-2.890020396909704e-10
4.403768327937014e-10
-4.103890827119186e-10
9.690952051356278e-10
-4.170459376097496e-10
1.504904162413533e-09
-1.63936297937154e-10
1.614509964039046e-09
3.137747944142277e-10
1.033863114640949e-09
5.374736978335211e-10
2.629155892504505e-10
8.387275482484697e-11
2.419337721621446e-08
-7.794856694043718e-08
5.899568893712674e-08
-1.101391189370678e-07
1.052221745066018e-07
-1.372673239876324e-07
1.577403755342714e-07
-1.567847247006733e-07
2.131646918974617e-07
-1.65832739415067e-07
2.683467282661784e-07
-1.648025705537565e-07
3.203118619761088e-07
-1.570684736717514e-07
-1.489403937365255e-07
4.357353675642282e-07
-3.583990904392173e-08
4.66456844094601e-07
-3.096321843641843e-08
4.81762852027757e-07
-1.55935573865083e-08
4.886620292539435e-07
-7.229303933973464e-09
4.922386299324494e-07
-3.980737465240435e-09
4.94345518839232e-07
-2.634433407025518e-09
4.955850548955082e-07
-1.952352942352902e-09
4.962804213249553e-07
-1.666578614054976e-09
4.966696118557731e-07
-1.691586860720176e-09
4.969246660855159e-07
-1.922207164485536e-09
4.97173072224449e-07
-2.184126779122577e-09
4.975284577988887e-07
-2.160457202578846e-09
4.981535565230513e-07
-1.306243799820467e-09
4.992998064874127e-07
1.42206902284518e-09
5.007397234749448e-07
8.600307231704077e-09
4.988613224002036e-07
2.738961657691225e-08
4.860435545599624e-07
6.371791621209443e-08
4.594187217087437e-07
1.053265590357278e-07
4.27626560040396e-07
1.278547957578554e-07
3.955694889292884e-07
1.355497835265004e-07
3.654839214134647e-07
1.333463266650375e-07
3.380509601187046e-07
1.258178329150731e-07
3.131846057414735e-07
1.161937331023744e-07
2.904969859434066e-07
1.064704967861182e-07
2.69520389726768e-07
9.774399201088401e-08
2.498170154290668e-07
9.049568748816558e-08
2.310165054379351e-07
8.484431858570797e-08
2.128075205732182e-07
8.073461018048786e-08
1.949167197305971e-07
7.803415293507108e-08
1.770835091296064e-07
7.657931478115474e-08
1.590441537855267e-07
7.616679791891328e-08
1.405336753880379e-07
7.650911236117629e-08
1.213134616982008e-07
7.716773811226235e-08
1.012387122280578e-07
7.747419256723919e-08
8.038782868155952e-08
7.646534583892321e-08
5.925464557070578e-08
7.291496242890732e-08
3.90184898464944e-08
6.562338871524093e-08
2.15400892112109e-08
5.412074063926221e-08
8.761867149208358e-09
4.180310730828907e-08
-1.071998849324056e-09
3.148294563214666e-08
1.664084816716455e-10
-1.062989989621043e-09
1.057390571655658e-09
-1.398477661236594e-09
9.446593620706274e-10
-4.668657100831054e-10
4.561650477225449e-10
2.401144098419381e-10
8.689239876940323e-11
3.980892972746632e-10
-8.495820623814984e-11
2.856978363810383e-10
-1.382219560640294e-10
1.223254703592222e-10
-1.404900469014424e-10
-2.811095365150456e-11
-1.143812725727053e-10
-1.785879830235147e-10
-3.280554625447763e-11
-3.70577726127593e-10
2.051606493613404e-10
-6.48355249693227e-10
7.660349478206128e-10
-9.779202245321073e-10
1.671131503886474e-09
-1.069032863648784e-09
2.351191373888112e-09
-3.662851155607212e-10
1.806479994425099e-09
1.082185007577556e-09
5.536080754504395e-10
1.336744562355034e-09
2.741076164352053e-08
-1.04805720646531e-07
6.450289803542462e-08
-1.472312555075986e-07
1.14478593064701e-07
-1.872430191908714e-07
1.714935219295425e-07
-2.137996538085104e-07
2.310781362192031e-07
-2.254173540624806e-07
2.890055984576276e-07
-2.227300335059646e-07
3.41136361702051e-07
-2.091992375526574e-07
-1.918028013754054e-07
4.35851434007228e-07
-7.169134297443613e-08
4.54057125867357e-07
-4.916891034256344e-08
4.568866817041022e-07
-1.842311330592156e-08
4.565539668538817e-07
-6.896589174164757e-09
4.566666756889335e-07
-4.093446391691724e-09
4.570711784222077e-07
-3.038936231181331e-09
4.573266061948952e-07
-2.207780804729784e-09
4.573365742931947e-07
-1.676546800756972e-09
4.571484750271345e-07
-1.503487681303782e-09
4.568223113467927e-07
-1.596043569043252e-09
4.564166289506894e-07
-1.778444465622537e-09
4.56017641144024e-07
-1.761469476314963e-09
4.559007542578585e-07
-1.189356991222669e-09
4.569904738774065e-07
3.323493283497502e-10
4.606803023423196e-07
4.910478695121514e-09
4.635680964536224e-07
2.450182239686265e-08
4.548934801277766e-07
7.239253247285356e-08
4.287025489703673e-07
1.315174901312016e-07
3.995306968788726e-07
1.570266477913796e-07
3.725667419738667e-07
1.6251373837692e-07
3.487112452829554e-07
1.572018233056717e-07
3.276045912654389e-07
1.469244868859451e-07
3.085451954745539e-07
1.352531288513121e-07
2.908687765191894e-07
1.241469157034567e-07
2.740430547611795e-07
1.145697137359928e-07
2.57696935935042e-07
1.068418062856427e-07
2.416022791881221e-07
1.009389753095365e-07
2.256132413158888e-07
9.672364803419245e-08
2.096104679075418e-07
9.403692633086804e-08
1.934463822838763e-07
9.274340039710143e-08
1.769047227495572e-07
9.270845745179701e-08
1.596785783396933e-07
9.373525677458933e-08
1.413699470202545e-07
9.547636944166471e-08
1.215300483797376e-07
9.73140912226853e-08
9.978580537032087e-08
9.820958886958454e-08
7.608937044006494e-08
9.661139738514186e-08
5.124077424822724e-08
9.047198493901247e-08
2.74095851975605e-08
7.79519297261448e-08
9.882920226008518e-09
5.932977232139258e-08
-7.284513979754357e-10
4.209431730129499e-08
2.128565894682621e-09
-3.920007232650522e-09
1.976756652014917e-09
-1.246668366187369e-09
7.997890806864141e-10
7.101019169908627e-10
8.24373127635796e-11
9.574662352125737e-10
-1.39644788468127e-10
6.201714578774602e-10
-1.604710538777068e-10
3.065241613464311e-10
-1.375264095432776e-10
9.938088520642668e-11
-1.126966056957308e-10
-5.294070089771042e-11
-9.299156112942334e-11
-1.98292975636579e-10
-8.533122691647546e-11
-3.782380162547094e-10
-6.933148132115032e-11
-6.643549635817548e-10
1.369582460090295e-10
-1.184209936860937e-09
1.02430362525542e-09
-1.956378252883466e-09
2.921058053056399e-09
-2.263039580408288e-09
4.316164126087274e-09
-3.129211414617405e-10
2.12401214178195e-09
3.528896438853681e-09
2.750162536822844e-08
-1.301833340324702e-07
6.66224102553977e-08
-1.86352040571241e-07
1.19854686336748e-07
-2.404752954914904e-07
1.787158308197563e-07
-2.726607985949214e-07
2.386572745932843e-07
-2.853587984778959e-07
2.956642310858928e-07
-2.797369907625352e-07
3.4472994662151e-07
-2.582649537299291e-07
-2.284465572582853e-07
4.215368895955552e-07
-9.322823285333769e-08
4.101073117541085e-07
-3.773933268553735e-08
3.964247268229343e-07
-4.740528521873919e-09
3.885138889262848e-07
1.014248585292053e-09
3.846170411241827e-07
-1.965987233686232e-10
3.825263849533587e-07
-9.482801918764611e-10
3.811697195771364e-07
-8.511155581454955e-10
3.801174518815898e-07
-6.242792325579655e-10
3.791470623164261e-07
-5.330982412378945e-10
3.781056910971009e-07
-5.546724719867252e-10
3.768811895483476e-07
-5.539430363956653e-10
3.753825211662447e-07
-2.628012103522658e-10
3.736213795921293e-07
5.717844699474549e-10
3.72348014424794e-07
1.605714386637148e-09
3.742424287761302e-07
3.0160642383291e-09
3.788026925237373e-07
1.994155854808695e-08
3.804515657496919e-07
7.074365914958151e-08
3.592055605378799e-07
1.52763495250379e-07
3.390661906726668e-07
1.771660175680681e-07
3.235707106306215e-07
1.780092183354642e-07
3.111515831400841e-07
1.696209507170987e-07
3.003403051139477e-07
1.577357648384466e-07
2.900786929669566e-07
1.455147409294368e-07
2.797010391297634e-07
1.345245694777881e-07
2.68817302472475e-07
1.254534503356304e-07
2.572824054633047e-07
1.183767032437522e-07
2.451457802686566e-07
1.130756004588175e-07
2.325377907734747e-07
1.093316374911868e-07
2.195880032327827e-07
1.069867138395279e-07
2.063454938881901e-07
1.059859097173543e-07
1.927185291530882e-07
1.063354221690754e-07
1.78431702161874e-07
1.0802208375602e-07
1.629872919355615e-07
1.109207796648898e-07
1.456475012205163e-07
1.146538819427802e-07
1.254917031833512e-07
1.183653869184275e-07
1.01569082304558e-07
1.205340182835393e-07
7.341567490846286e-08
1.186253923609875e-07
4.210956014726278e-08
1.092580445206066e-07
1.645719779625038e-08
8.498213471128529e-08
7.296871280208899e-09
5.125464386271576e-08
5.832573886952004e-09
-2.455709789334481e-09
1.637114287403254e-09
2.948791288735984e-09
-1.455864660238928e-10
2.492802729280802e-09
-3.566739595552122e-10
1.168553791448801e-09
-2.281827831204821e-10
4.916803461142341e-10
-1.311516114276044e-10
2.094930561433629e-10
-8.423375807164846e-11
5.246309795438524e-11
-5.678800026762555e-11
-8.038639413676045e-11
-3.047194678530648e-11
-2.246089691838278e-10
-1.667262273136423e-11
-3.920372878847874e-10
-9.261727330514456e-11
-5.884102726053912e-10
-3.625192328850817e-10
-9.143079543365379e-10
-4.835674655302596e-10
-1.835330020183967e-09
1.384550446717997e-09
-4.131157521908472e-09
7.613310004934102e-09
-6.541680762751201e-09
1.317616489434825e-08
-2.033958552215378e-09
2.931592962856956e-08
-1.463230989080295e-07
7.180234710820656e-08
-2.288384582198427e-07
1.26122347498576e-07
-2.947952961141542e-07
1.812045005462228e-07
-3.277429520136872e-07
2.346011788859874e-07
-3.387554773600415e-07
2.846439893587364e-07
-3.297798022264251e-07
3.265359510968797e-07
-3.001569168596389e-07
-2.535349608175919e-07
3.01316763893717e-07
5.455003250798881e-09
2.706354437678447e-07
-7.05801269084831e-09
2.691469547685452e-07
-3.252039689451134e-09
2.68759714450237e-07
1.401488730022776e-09
2.669195327936881e-07
1.64358275993786e-09
2.653103387282689e-07
6.609137021384189e-10
2.643171663848747e-07
1.420566165693586e-10
2.636607123792365e-07
3.217460720145232e-11
2.630801784351909e-07
4.74355403412248e-11
2.624358834812399e-07
8.962232284511289e-11
2.616982808396662e-07
1.836594500283342e-10
2.610586285293862e-07
3.768509485771065e-10
2.608162788657621e-07
8.141339866858477e-10
2.594647524782155e-07
2.957240631487098e-09
2.497883291058464e-07
1.269248747285907e-08
2.304995129630926e-07
3.92303745575257e-08
2.167077951866478e-07
8.453537679802546e-08
2.334498202160465e-07
1.360214700978112e-07
2.438186791629612e-07
1.667971585037035e-07
2.520791492960889e-07
1.697487480900108e-07
2.578191696841643e-07
1.638809302229055e-07
2.610158023664723e-07
1.54539132055591e-07
2.617456659061306e-07
1.447848772960667e-07
2.600896092265542e-07
1.361806260697857e-07
2.561475998007128e-07
1.293954596814489e-07
2.501867993795179e-07
1.243375035916894e-07
2.426726325978254e-07
1.205897671755707e-07
2.341159374594981e-07
1.178883325719921e-07
2.24984019177587e-07
1.161186320729602e-07
2.156067025865103e-07
1.153632262679472e-07
2.061120503111462e-07
1.158300744135785e-07
1.963846822544814e-07
1.177494517902233e-07
1.860051032043133e-07
1.21300358702551e-07
1.741914831272168e-07
1.264675020159101e-07
1.598210753940605e-07
1.327357946575677e-07
1.414592722969031e-07
1.388958213950316e-07
1.175934158382037e-07
1.424912488435804e-07
8.767128758509866e-08
1.391801728054043e-07
5.90902292563599e-08
1.135631930804888e-07
4.00541398907882e-08
7.029073327563797e-08
6.13807120949488e-09
3.146035894689323e-08
-9.542954242967113e-10
1.004115798307411e-08
-7.666506965716911e-10
2.305158068156113e-09
-2.527861267254234e-10
6.546892922375222e-10
-9.573327334148989e-11
3.346275674953842e-10
-4.850014782248223e-11
1.622600072833905e-10
-2.598003993638332e-11
2.994306806675724e-11
-1.409071989389155e-11
-9.227563773184391e-11
1.836573945917345e-12
-2.40536189876252e-10
4.582562162750222e-11
-4.360262698792427e-10
1.169129773521521e-10
-6.594975736695401e-10
-1.443419408519417e-11
-7.829607451591184e-10
-1.061052521438861e-09
-7.887116766039925e-10
-2.623107154696064e-09
-2.569102901667357e-09
4.513947227686119e-09
-1.367873518926497e-08
5.19819169089109e-08
-4.950192831804529e-08
6.530648365759995e-08
-1.596476657743994e-07
1.043682199223845e-07
-2.679001946608579e-07
1.466192505443497e-07
-3.370463269525718e-07
1.844484104245416e-07
-3.655721122263809e-07
2.184201599042786e-07
-3.727272276151574e-07
2.495137205332107e-07
-3.608733642068588e-07
2.752050596174703e-07
-3.258482561611819e-07
-2.513278602843953e-07
7.045386950428216e-09
-1.590384055789368e-09
-2.017365273033836e-10
1.891105198605301e-10
-2.580357894294982e-09
-8.734185526173724e-10
-9.841084382682543e-10
-1.947609453267225e-10
1.565483801013715e-10
5.029257269762614e-10
2.971020824460161e-10
5.20359789081098e-10
1.500211745252449e-10
2.891373173454498e-10
4.872204884123333e-11
1.334735298220786e-10
2.917544860356971e-12
9.323984527558433e-11
-4.116380429884385e-11
1.337034775385858e-10
-1.194234759682528e-10
2.61918931657226e-10
-3.319856590373292e-10
5.894129466039898e-10
-9.578816874160283e-10
1.440029834760415e-09
-1.092326989141416e-09
3.091685758273927e-09
8.033996920255091e-09
3.566163393596116e-09
5.068899404363301e-08
-3.424622729951167e-09
7.555262676925376e-08
5.967174391373944e-08
1.117871531015106e-07
9.978694361320201e-08
1.497296157871417e-07
1.288546956715272e-07
1.79718239389705e-07
1.397601243477799e-07
2.020724493320814e-07
1.41526720147176e-07
2.182012071096917e-07
1.384103741522409e-07
2.292620272931021e-07
1.337240569939241e-07
2.359541477679313e-07
1.294885054847062e-07
2.387196472466661e-07
1.266299601002625e-07
2.381691894052222e-07
1.248879613401065e-07
2.352116689875229e-07
1.235472875088858e-07
2.307747943142574e-07
1.223252071712376e-07
2.257080101560537e-07
1.211854161665871e-07
2.206759933400259e-07
1.203952430305853e-07
2.161018737275917e-07
1.204041939827129e-07
2.121656345393174e-07
1.216856909469772e-07
2.087536936574616e-07
1.247122995633597e-07
2.054210108347443e-07
1.298001848296066e-07
2.015634212862951e-07
1.365933842074975e-07
1.966059856607762e-07
1.438532570338846e-07
1.901663479054685e-07
1.489308866223491e-07
1.823141877065445e-07
1.470323330390295e-07
1.694642141216508e-07
1.264131667094137e-07
1.805165748750374e-07
5.923837257643593e-08
1.950919457554997e-07
1.688498812870452e-08
2.026370159614162e-07
2.496087848059481e-09
2.036878980089454e-07
1.254276097997627e-09
2.038305071218863e-07
5.120802633957022e-10
2.042459595558818e-07
-8.082477798073418e-11
2.046748126429915e-07
-2.665929870559722e-10
2.049286196717221e-07
-2.23863866385493e-10
2.04979336679807e-07
-1.429925509863141e-10
2.048419401468047e-07
-1.031395651988717e-10
2.045548215299777e-07
-1.489075667054962e-10
2.042611379995224e-07
-3.658139675548492e-10
2.043300329079792e-07
-8.518555918236232e-10
2.050492347957991e-07
-1.507913524114179e-09
2.048171646834932e-07
-2.337032772644182e-09
1.988873328905864e-07
-7.748903412186441e-09
1.959096628211414e-07
-4.652425829509145e-08
1.795260897808911e-07
-1.432640928241863e-07
1.893464386924858e-07
-2.77720543686902e-07
1.904088400605584e-07
-3.381087284906131e-07
1.873066878884e-07
-3.624699603758657e-07
1.773749805867137e-07
-3.627955208124475e-07
1.548895788069326e-07
-3.383879626995101e-07
1.075273070372614e-07
-2.784859859740273e-07
-1.438005530702524e-07
3.628856139942716e-10
-1.953269754806078e-09
4.422916350221559e-10
1.097042803833992e-10
-6.298396631737709e-10
1.987124930924099e-10
-6.964577799129946e-10
-1.281430863389605e-10
-2.06307830542314e-10
1.277552181986676e-11
9.706430226598974e-11
2.169874040677828e-10
1.36035640594671e-10
2.501657314401851e-10
7.246453600683143e-11
1.970443915421487e-10
-6.225174613530052e-12
1.719293183636466e-10
-1.027170471669247e-10
2.301951177489438e-10
-2.528452070422726e-10
4.120468649256832e-10
-4.227869291456011e-10
7.593544475585516e-10
-1.2917899655536e-10
1.146421687055604e-09
2.170709801458194e-09
7.917967508381626e-10
7.447096809066619e-09
-1.710223817106962e-09
9.075276871793936e-09
-5.05280298973488e-09
2.058686464442186e-08
4.816015595096901e-08
5.27612186398155e-08
6.761258943417255e-08
9.205911395329008e-08
8.955680018200185e-08
1.271256684952214e-07
1.046935696368974e-07
1.562859102511708e-07
1.123664782306857e-07
1.796530471569265e-07
1.150432370938444e-07
1.977318012981123e-07
1.156453027095201e-07
2.107886103774193e-07
1.164316962710345e-07
2.189162665107796e-07
1.185023038430775e-07
2.227376364807725e-07
1.210665912561625e-07
2.235590971953612e-07
1.227258266920313e-07
2.227027903660846e-07
1.231815139091448e-07
2.213853122414767e-07
1.225028942125815e-07
2.205915380784936e-07
1.21189017126745e-07
2.210357370118513e-07
1.199599949961492e-07
2.232280757709554e-07
1.194933521471027e-07
2.273993174533922e-07
1.205410578543028e-07
2.334225834561577e-07
1.237769188129465e-07
2.412046684619378e-07
1.288112992020711e-07
2.510314731400966e-07
1.340264523686596e-07
2.636915380368053e-07
1.362708217524388e-07
2.802052039794647e-07
1.3051866713514e-07
2.975631622397961e-07
1.090552085008282e-07
2.962854593968781e-07
6.051607548199066e-08
2.924252886575698e-07
2.074515894222362e-08
2.907144850029163e-07
4.206891586226797e-09
2.916364112668335e-07
3.323499272969875e-10
2.929672391265128e-07
-8.187474957716278e-10
2.94027639048422e-07
-1.141224591995677e-09
2.947480667232363e-07
-9.870205492984308e-10
2.951402063314255e-07
-6.160033577391201e-10
2.952135630681591e-07
-2.163491700215837e-10
2.949846821468873e-07
1.257414734436268e-10
2.944844946926984e-07
3.512799998133848e-10
2.937697927530148e-07
3.488880775070916e-10
2.929860246407776e-07
-6.808738789606236e-11
2.926756310432284e-07
-1.197519850292312e-09
2.946673655361101e-07
-4.328767212849412e-09
3.027069648523383e-07
-1.578850269768465e-08
3.128622286063784e-07
-5.667952205044428e-08
3.123890787092831e-07
-1.427909429506401e-07
2.768036595226898e-07
-2.421351245578449e-07
2.366445834706484e-07
-2.979496525150003e-07
1.96317651559484e-07
-3.221430285464153e-07
1.531221718106177e-07
-3.19600041296966e-07
1.03421057965907e-07
-2.886868495817859e-07
4.573989156080769e-08
-2.208048189844087e-07
-9.806066178769971e-08
-7.495973707863597e-10
-1.203672813109441e-09
-2.357779425339794e-10
-4.041155025498887e-10
-1.333677849813093e-10
9.630201555243066e-11
-2.850676622343526e-10
2.355648217485005e-11
-2.358355365394323e-10
-3.645690658898279e-11
-7.092674993522688e-11
5.207832042942756e-11
2.947843795629051e-11
1.497602520229614e-10
3.1494461201385e-11
1.950280829716369e-10
-2.354596914445498e-11
2.269694694630837e-10
-9.165039316928427e-11
2.982992692050608e-10
-9.905499392161457e-11
4.194511994987602e-10
1.640802354789757e-10
4.962189589190281e-10
1.068246874631971e-09
2.422547952153077e-10
2.545161962162437e-09
-6.851185822124766e-10
2.683101027937463e-09
-1.848163121591483e-09
-1.008973284527238e-09
-1.360728908396596e-09
1.191313182654803e-08
3.523805061606009e-08
3.340055434919175e-08
4.612516669601999e-08
6.275544490648265e-08
6.020190941712793e-08
9.326303601519031e-08
7.418597832983998e-08
1.219943661604973e-07
8.363514789583863e-08
1.475561587394383e-07
8.948144433572792e-08
1.692864096742992e-07
9.391505160539191e-08
1.864475195178776e-07
9.927058626984296e-08
1.981632490743199e-07
1.067865741401346e-07
2.047829969378468e-07
1.144468432591527e-07
2.080968396565716e-07
1.194119838521838e-07
2.098039768318351e-07
1.21474376627098e-07
2.114361962222298e-07
1.208706747289131e-07
2.142219177139275e-07
1.184032955572551e-07
2.190688032535781e-07
1.151131093931394e-07
2.267607280092859e-07
1.118014273443579e-07
2.377408267120613e-07
1.095609591195034e-07
2.517736038494296e-07
1.097441416602811e-07
2.685622769362327e-07
1.120226261151145e-07
2.88041981577361e-07
1.145467477440018e-07
3.101739067422882e-07
1.141388966187613e-07
3.340897048828811e-07
1.066028690417815e-07
3.55549924513974e-07
8.759498893087069e-08
3.627772852705366e-07
5.328871480134396e-08
3.604343811327444e-07
2.30880631684042e-08
3.573538212435172e-07
7.28745157687227e-09
3.56432273658826e-07
1.253897623941476e-09
3.565473284396319e-07
-9.338021538308578e-10
3.568972055516102e-07
-1.491101573151337e-09
3.572186769758841e-07
-1.308491834775559e-09
3.574239092812351e-07
-8.212355194949193e-10
3.574667685172197e-07
-2.592082582612241e-10
3.57328332335001e-07
2.641778035049716e-10
3.570226366948654e-07
6.569757865707263e-10
3.566275034096194e-07
7.440215027651921e-10
3.564217111892686e-07
1.377049641546763e-10
3.572652288520776e-07
-2.041037396440023e-09
3.609989040185817e-07
-8.062442277580707e-09
3.688419949230423e-07
-2.363159352345918e-08
3.729322724921573e-07
-6.076979955948292e-08
3.557573488558931e-07
-1.256160192793243e-07
3.106853348354002e-07
-1.970631105082538e-07
2.55694488412592e-07
-2.42958806076442e-07
1.975511835252066e-07
-2.639997236953274e-07
1.383719686851189e-07
-2.604208264034523e-07
8.010475968457264e-08
-2.304196401456907e-07
2.833734988677373e-08
-1.690374097088999e-07
-6.972331147036514e-08
-5.372573930371086e-10
-6.664156067535774e-10
-4.595385716754861e-10
-4.818346453555091e-10
-2.076528086154495e-10
-1.555841001845486e-10
-1.547777643021561e-10
-2.931891859598623e-11
-1.66747598062045e-10
-2.44874257025859e-11
-1.225348120165207e-10
7.865186831837634e-12
-5.572719194617583e-11
8.295229110811811e-11
-1.915260480158771e-11
1.584531618023463e-10
-9.108242641580813e-12
2.169247809278641e-10
3.373274500312651e-11
2.554579626060556e-10
2.161939684142546e-10
2.369896652127679e-10
6.472247173961389e-10
6.518790674356473e-11
1.228782095073968e-09
-3.393028773197539e-10
1.337971560296151e-09
-7.943083343992466e-10
1.964240023331995e-10
-7.066158419422113e-10
-1.356620016878364e-09
1.923148408175231e-10
1.035245006497119e-08
2.352898027356461e-08
2.547084562105297e-08
3.100677088826424e-08
4.631378563627787e-08
3.935896916049332e-08
7.06122850049039e-08
4.988747872970013e-08
9.601119889499217e-08
5.823623378569167e-08
1.20845913145106e-07
6.464672987664147e-08
1.43865658229705e-07
7.089530632470263e-08
1.633465241037974e-07
7.978972021212577e-08
1.769193251586116e-07
9.32137729161324e-08
1.845032852196197e-07
1.068628830428594e-07
1.887555476591758e-07
1.151597212733278e-07
1.917520688304688e-07
1.184778553317997e-07
1.952416271613792e-07
1.173811162913871e-07
2.005726866609174e-07
1.130722359675857e-07
2.086912519470595e-07
1.069945440353832e-07
2.206419918364902e-07
9.985068740066407e-08
2.37036575126967e-07
9.316637579400539e-08
2.571331270521571e-07
8.964758971785907e-08
2.800561252437135e-07
8.909962792577868e-08
3.051715635779693e-07
8.943130942967447e-08
3.317279971594326e-07
8.758246307633115e-08
3.579296461345681e-07
8.040122012276309e-08
3.798740526524813e-07
6.565058248724637e-08
3.905652985104514e-07
4.259746903356795e-08
3.92202373565006e-07
2.145098822070341e-08
3.910238239470213e-07
8.466001315857295e-09
3.900792701706203e-07
2.198451535917705e-09
3.896032835629818e-07
-4.578153987765932e-10
3.893908725177306e-07
-1.278690368522015e-09
3.893093180277007e-07
-1.226937176464278e-09
3.892898050142546e-07
-8.017223291320458e-10
3.892910462147627e-07
-2.604492768899811e-10
3.892964939283796e-07
2.587302759738834e-10
3.893217998950383e-07
6.316700055959621e-10
3.894351028187209e-07
6.307187632251054e-10
3.898147414204447e-07
-2.419334606002372e-10
3.908266723760862e-07
-3.052968182671786e-09
3.927966648087872e-07
-1.003243455497279e-08
3.944591721156482e-07
-2.529410068653205e-08
3.886740449643173e-07
-5.498467228061617e-08
3.635699853772127e-07
-1.005119595744709e-07
3.157274826898722e-07
-1.49220607713364e-07
2.558951011558942e-07
-1.831264244272176e-07
1.911307987667561e-07
-1.992354211539788e-07
1.264986424590272e-07
-1.957886700025044e-07
6.718855961032442e-08
-1.71109557399928e-07
2.08861179912529e-08
-1.227349671327986e-07
-4.88371935649415e-08
-2.755449081139345e-10
-3.908712070470274e-10
-3.68592206350056e-10
-3.887878052694825e-10
-2.67125558684754e-10
-2.570511768604574e-10
-1.701636464442691e-10
-1.262812493691249e-10
-1.38878609359627e-10
-5.577287460709153e-11
-1.197726590386739e-10
-1.124116805476081e-11
-8.093527546944575e-11
4.411451032128294e-11
-2.716572815097611e-11
1.046832257543584e-10
4.718248876319951e-11
1.425761836939629e-10
1.789757302858632e-10
1.236643500926191e-10
4.064148206323846e-10
9.550212867820851e-12
6.839569170245442e-10
-2.123545418551574e-10
7.902982240778354e-10
-4.456445272574411e-10
4.355977746268726e-10
-4.396082176837766e-10
-2.577987466150215e-10
-1.321964372813914e-11
-5.3353615449709e-10
4.680519363749627e-10
8.142922901347041e-09
1.485252091574629e-08
1.94883942376181e-08
1.966129926161258e-08
3.479715966803137e-08
2.405020345093339e-08
5.366696026067668e-08
3.101767787068294e-08
7.488258313795911e-08
3.702061065449113e-08
9.738643313736249e-08
4.214287963758763e-08
1.201413085429101e-07
4.814043069344785e-08
1.407443801696097e-07
5.918664837567344e-08
1.547025000515377e-07
7.925565284000203e-08
1.613815055354727e-07
1.001838773824413e-07
1.650713844569795e-07
1.114698421924923e-07
1.681471878474438e-07
1.154020518013666e-07
1.723848179670205e-07
1.131434860504367e-07
1.790940844364532e-07
1.063629693975337e-07
1.890364771538888e-07
9.705215123707141e-08
2.036056661994184e-07
8.528149829605639e-08
2.236840939337771e-07
7.308794802105915e-08
2.475530274478035e-07
6.577865618757723e-08
2.735657956118344e-07
6.308685976621693e-08
3.006798186759431e-07
6.231728639234935e-08
3.27927020753516e-07
6.033526104594542e-08
3.534960488672087e-07
5.483219207795772e-08
3.7442290686875e-07
4.472372457410352e-08
3.867554589140723e-07
3.026491709712292e-08
3.915276706235065e-07
1.667877663816723e-08
3.92517138507447e-07
7.476533577456253e-09
3.922787304804022e-07
2.436859724432286e-09
3.917519345740182e-07
6.898068529845708e-11
3.912563869438513e-07
-7.831425474254194e-10
3.908968213053238e-07
-8.673713338204869e-10
3.907000866446785e-07
-6.049874545913167e-10
3.906632635880429e-07
-2.236259970522436e-10
3.907774713341357e-07
1.445227583193744e-10
3.910353361897877e-07
3.738053827794652e-10
3.914209254126004e-07
2.451297727689084e-10
3.918736682733548e-07
-6.946760900918961e-10
3.921687612661129e-07
-3.348060950775256e-09
3.915104360721413e-07
-9.374109142038659e-09
3.875284525428614e-07
-2.131211694824777e-08
3.745980976856218e-07
-4.205431722131412e-08
3.454676797571304e-07
-7.138154145016956e-08
2.983933314323046e-07
-1.021462591853291e-07
2.398425067932379e-07
-1.245755995816548e-07
1.76063962317551e-07
-1.354568764973908e-07
1.130715764948834e-07
-1.32796283895182e-07
5.726628091674688e-08
-1.153042611951437e-07
1.656317309905606e-08
-8.203185951440607e-08
-3.227402000592751e-08
-1.323449420726773e-10
-2.58526584430625e-10
-2.303444255969994e-10
-2.907887720024182e-10
-2.335498357259644e-10
-2.538462436888476e-10
-1.82667304031312e-10
-1.771642603308642e-10
-1.374698628232761e-10
-1.009707903105754e-10
-1.054446716522413e-10
-4.326682701993007e-11
-6.407312826005976e-11
2.742507686809628e-12
4.088339036183814e-12
3.65213081009714e-11
1.078557256633012e-10
3.880835688785777e-11
2.474118552467506e-10
-1.589220960617141e-11
3.9200757495987e-10
-1.350459258247877e-10
4.563218062156445e-10
-2.766691813172575e-10
3.460378547314631e-10
-3.353609722005287e-10
1.068158912668226e-10
-2.003866393290468e-10
-2.783693946671148e-11
1.214328142929826e-10
-6.154331814899693e-11
5.017579543411314e-10
5.292130470948811e-09
9.498846779228539e-09
1.400423444548531e-08
1.094919495256364e-08
2.554695608875149e-08
1.250748148761476e-08
3.981274720930425e-08
1.675188644421506e-08
5.652314199195707e-08
2.031021558188735e-08
7.547226149669436e-08
2.319375985856534e-08
9.649260266394958e-08
2.712008926962925e-08
1.17031844047438e-07
3.86474067530321e-08
1.300675310187331e-07
6.621996564918998e-08
1.341697285440155e-07
9.608167965681293e-08
1.362809343460038e-07
1.093586362116174e-07
1.386426706060465e-07
1.130403153832413e-07
1.426917829896339e-07
1.090943735318408e-07
1.495712961958503e-07
9.948345607849104e-08
1.596626932906886e-07
8.696075405378272e-08
1.750559753464801e-07
6.988821617499699e-08
1.97116218772008e-07
5.102770455547839e-08
2.224403204628977e-07
4.045455448035539e-08
2.486008654753731e-07
3.692631476293453e-08
2.746078060066572e-07
3.631034589396959e-08
2.998105736984279e-07
3.513249341233747e-08
3.228297375185357e-07
3.181302833914758e-08
3.415704673600782e-07
2.598299483824435e-08
3.537716303533259e-07
1.806375423153766e-08
3.599170586218689e-07
1.053334852019232e-08
3.622490754294039e-07
5.144516940704009e-09
3.627043434567073e-07
1.981591888710466e-09
3.623832876293229e-07
3.900367220962084e-10
3.618577910413007e-07
-2.576457319079987e-10
3.613986909588346e-07
-4.082710090772697e-10
3.611195873590969e-07
-3.25883597919427e-10
3.610564211565808e-07
-1.604595267464867e-10
3.612071069780127e-07
-6.162784985094506e-12
3.61536207876349e-07
4.470476848600034e-11
3.619403301980109e-07
-1.589922595237788e-10
3.621576262749075e-07
-9.119718771405247e-10
3.615841532169517e-07
-2.77458760256218e-09
3.589240833325083e-07
-6.714038970798115e-09
3.5167789140525e-07
-1.406592473600315e-08
3.356974515545808e-07
-2.607387708819728e-08
3.065962954847811e-07
-4.228038509600506e-08
2.635241778197554e-07
-5.907414123420957e-08
2.105815966517932e-07
-7.163301811266919e-08
1.529295516090944e-07
-7.780483111650005e-08
9.626959876702555e-08
-7.613633078185029e-08
4.680283795097267e-08
-6.583750028950933e-08
1.196114364425023e-08
-4.719016421464089e-08
-2.031287637181518e-08
-6.539221529849946e-11
-1.93134962159998e-10
-1.320024728868217e-10
-2.241790938391738e-10
-1.665089358392012e-10
-2.193403405062127e-10
-1.58389879263754e-10
-1.852838686956368e-10
-1.26176886394411e-10
-1.331843283841066e-10
-8.565713215817908e-11
-8.378711841878653e-11
-3.353570977736433e-11
-4.937944315649131e-11
3.998946606053031e-11
-3.700438581420992e-11
1.340594649439877e-10
-5.52621494358945e-11
2.260502172848754e-10
-1.078834572861132e-10
2.690379893582994e-10
-1.780341812500267e-10
2.147676851556849e-10
-2.223993471526956e-10
7.685092252680864e-11
-1.974446666330722e-10
-1.387861008607235e-11
-1.096575494891877e-10
1.143657816082249e-10
-6.812006288264361e-12
4.726700755390635e-10
1.434532468390647e-10
4.739750364305011e-09
5.231766091826312e-09
1.139608136577758e-08
4.292863569007159e-09
1.926882709078622e-08
4.634735396719349e-09
2.907903257681129e-08
6.941680610366773e-09
4.066298738829364e-08
8.726260440329917e-09
5.392791562979333e-08
9.92883130683277e-09
6.944067349691352e-08
1.160733111181958e-08
8.612007405995533e-08
2.196800592108179e-08
9.876505545734901e-08
5.357498400430093e-08
1.008069123120474e-07
9.403982257838438e-08
1.020490128714901e-07
1.081165354516127e-07
1.039601753917731e-07
1.111291526879149e-07
1.075103451034921e-07
1.055442036697855e-07
1.14007409023888e-07
9.298639203476583e-08
1.238242176338678e-07
7.714394534638027e-08
1.392590402967942e-07
5.445339344275704e-08
1.600227391409129e-07
3.026400566873889e-08
1.824179660296591e-07
1.805932757770238e-08
2.044921269346698e-07
1.485215387100466e-08
2.259002498804317e-07
1.490222299009191e-08
2.462964311573126e-07
1.473631220409317e-08
2.64713813474277e-07
1.339564611913842e-08
2.798027419320777e-07
1.089406650336293e-08
2.902928961850644e-07
7.573600128718876e-09
2.964141694973473e-07
4.412075382676616e-09
2.994339840716198e-07
2.124702566760666e-09
3.006223753477246e-07
7.932008355567575e-10
3.008633763886205e-07
1.490359273951208e-10
3.007028444839658e-07
-9.711356106022795e-11
3.004410213768453e-07
-1.46447615517648e-10
3.002244004261342e-07
-1.09262344169751e-10
3.001067024686096e-07
-4.276124976851343e-11
3.00079933489156e-07
2.060652617183584e-11
3.000743524832998e-07
5.028611777015362e-11
2.999223429214213e-07
-6.982347024607798e-12
2.992760892317739e-07
-2.657178301555034e-10
2.974654749571559e-07
-9.639729679395069e-10
2.93288859334165e-07
-2.53742298434606e-09
2.84815813943076e-07
-5.592878980243254e-09
2.693796310680287e-07
-1.06376938446196e-08
2.445146039560667e-07
-1.741535760997168e-08
2.09900206294142e-07
-2.445974318349241e-08
1.681130020108611e-07
-2.984581343404321e-08
1.22806622574628e-07
-3.249845131210612e-08
7.825188711291433e-08
-3.158159487518747e-08
3.902513901275728e-08
-2.661075148151946e-08
1.086710571596334e-08
-1.903213094902227e-08
-9.445770192301017e-09
-3.426935576659325e-11
-1.588660886374239e-10
-7.44058069842926e-11
-1.84043243401069e-10
-1.064782759499283e-10
-1.872684919323907e-10
-1.156932910032916e-10
-1.760694748522528e-10
-9.86455771773531e-11
-1.502326581830077e-10
-6.143341620818649e-11
-1.20999888069712e-10
-9.089054393214677e-12
-1.017244041115063e-10
5.454529513183792e-11
-1.006393241818683e-10
1.178601040780003e-10
-1.185775350616904e-10
1.564461636583738e-10
-1.464700810964583e-10
1.425242594370833e-10
-1.64112827105268e-10
6.967872133137718e-11
-1.495543450039564e-10
-2.443189561826142e-11
-1.033345698825443e-10
-5.524465741956798e-11
-7.884529235640006e-11
1.55479029459794e-10
-2.175361806285783e-10
1.046947178442425e-09
-7.480153726862872e-10
5.537183685551085e-09
7.415291328947079e-10
9.604660991896123e-09
2.253858292373531e-10
1.434279326214308e-08
-1.033972865824375e-10
2.136963093046561e-08
-8.515745094472479e-11
2.994419140752501e-08
1.516995925011037e-10
3.902077415493548e-08
8.522482105635113e-10
4.597822285723599e-08
4.649882084834223e-09
5.080701996370257e-08
1.713920851377752e-08
4.963224003833937e-08
5.474976365505671e-08
5.799786445589256e-08
8.567419791192421e-08
6.247160508109247e-08
1.036427946055761e-07
6.519219375881992e-08
1.084085638166725e-07
6.703638685713285e-08
1.037000104076068e-07
6.925803131739067e-08
9.076474743929037e-08
7.304407200424374e-08
7.335790455521699e-08
8.346600139706462e-08
4.403146397523012e-08
1.095772735708781e-07
4.15273345195467e-09
1.273647103891875e-07
2.718907465776178e-10
1.421299180216107e-07
8.694625788974095e-11
1.566245904476365e-07
4.07550613607093e-10
1.706203962501023e-07
7.405064831801455e-10
1.831870248845614e-07
8.290175960458841e-10
1.93431889277268e-07
6.492022533962387e-10
2.007002865304252e-07
3.052030471813385e-10
2.051176456688064e-07
-5.283553901939267e-12
2.073953806263403e-07
-1.53032161583303e-10
2.08345726069378e-07
-1.571443499020183e-10
2.085931366665772e-07
-9.837438694408323e-11
2.085324822623902e-07
-3.645884807607761e-11
2.083818042993714e-07
4.230678763347329e-12
2.08249614057332e-07
2.292825182257427e-11
2.081772562631914e-07
2.959691707317031e-11
2.081593943524586e-07
3.846882809233956e-11
2.081428911077252e-07
6.678976780516687e-11
2.080014953530597e-07
1.344138264718227e-10
2.074779394239044e-07
2.578385271236551e-10
2.060819311597675e-07
4.320357335399917e-10
2.029437470443766e-07
6.007615744664565e-10
1.967161608335446e-07
6.347076818691107e-10
1.857065396295588e-07
3.719278185146861e-10
1.685175540591369e-07
-2.263715694559961e-10
1.450154137618309e-07
-9.576024061622507e-10
1.167124490826207e-07
-1.542848258627131e-09
8.606362000436134e-08
-1.849621709257779e-09
5.629365051244979e-08
-1.811624938559882e-09
3.095071867490781e-08
-1.267819386986418e-09
1.189938038701354e-08
1.920836104211782e-11
2.453610286242673e-09
-1.925434367593694e-11
-1.396124156176452e-10
-4.287081298353528e-11
-1.60427478461868e-10
-6.483436303859655e-11
-1.653056400245922e-10
-7.564884018490676e-11
-1.652556917587497e-10
-6.757387330794498e-11
-1.583083137843184e-10
-4.027652456286309e-11
-1.482979178071254e-10
1.892313032812255e-13
-1.421908319931385e-10
4.355603207803207e-11
-1.4400678579234e-10
7.565120958718275e-11
-1.506733614496414e-10
8.151576318135285e-11
-1.523352695231231e-10
5.564522867372627e-11
-1.382429129781146e-10
1.424369786314028e-11
-1.081534180802534e-10
-5.919043223581763e-12
-8.317241606414215e-11
1.462423606104943e-11
-9.938914024066561e-11
-4.83363237696155e-11
-1.545761707812371e-10
-6.871950576784802e-10
-1.091571680343861e-10
2.121471742515892e-11
3.311884909601735e-11
2.223120371955134e-10
2.428802352764365e-11
4.300147351815599e-11
7.591281368137094e-11
-1.708296471694208e-10
1.286732311418635e-10
-5.204666317923646e-10
5.013361630469819e-10
-1.08473102175817e-09
1.4165122133251e-09
1.059203708836918e-09
2.505946993567804e-09
1.694682990014074e-08
1.251581990692389e-09
1.835480384304229e-08
5.334178940883669e-08
2.394497062813694e-08
8.008403085429827e-08
2.891445210431819e-08
9.867331288694365e-08
3.068337089194487e-08
1.066396448189641e-07
2.894410284059348e-08
1.054392782803169e-07
2.377528275602835e-08
9.593356737888237e-08
1.834939901562957e-08
7.878378818313501e-08
5.670878802088925e-09
5.670998411092847e-08
3.727077981432666e-09
6.096534227963236e-09
1.059802990476448e-09
2.939165728122908e-09
4.45107150964516e-11
1.102238557396245e-09
-1.858897345426947e-10
6.379511228190293e-10
-8.281749011393722e-11
6.374343317886639e-10
9.573692316618502e-11
6.504633110354708e-10
2.126447071332715e-10
5.322946306603716e-10
2.04316812651834e-10
3.135311374545675e-10
1.078021392867801e-10
9.123134724462986e-11
6.185177383322483e-12
-5.141493852757965e-11
-5.332157943840556e-11
-9.763730144759839e-11
-7.029489584014022e-11
-8.140074733040173e-11
-6.280924573515466e-11
-4.394414664084966e-11
-4.851578576184192e-11
-1.006240062955745e-11
-3.854336645663502e-11
1.295623842970103e-11
-3.853357792529919e-11
2.958755996932037e-11
-5.088262534202113e-11
5.081832821949225e-11
-7.457135308631561e-11
9.047896919805247e-11
-1.011720067669774e-10
1.610149702373256e-10
-1.089855351908059e-10
2.656525616739146e-10
-6.213670902722855e-11
3.85187425621515e-10
7.472978544267065e-11
4.638956109929423e-10
2.974484160333361e-10
4.119895934582444e-10
5.174545660748745e-10
1.519222235737098e-10
5.978490871575889e-10
-3.067655204134084e-10
4.84015705043434e-10
-8.437684332241127e-10
2.360087164384303e-10
-1.294840670175417e-09
-9.91031683362996e-11
-1.514509253903337e-09
-5.290717491709887e-10
-1.381655737542058e-09
-1.0548733695951e-09
-7.420169388779071e-10
-1.356113993352484e-09
3.2044918845683e-10
1.097496782310236e-09
-1.236863547084573e-11
-1.272444347725275e-10
-2.735722898858213e-11
-1.454396354051336e-10
-4.152414027198558e-11
-1.511394889368363e-10
-4.978536768828325e-11
-1.56995223729386e-10
-4.668481730407203e-11
-1.614096186773483e-10
-3.083377650083232e-11
-1.641497062599883e-10
-6.959378898337982e-12
-1.660659680487848e-10
1.568111372597538e-11
-1.666480064074008e-10
2.726478109878243e-11
-1.622577440350702e-10
2.289084488416664e-11
-1.479620348239284e-10
7.603202017722272e-12
-1.229559555662345e-10
-5.121547667121292e-12
-9.542933717113237e-11
-9.186596176247918e-12
-7.910801723954901e-11
-3.292875711007503e-11
-7.564760953119885e-11
-1.293944678769789e-10
-5.811106831924089e-11
-2.191823584918866e-10
-1.936986363058453e-11
-1.02791982526186e-10
-8.327208849925683e-11
-6.191998125295864e-11
-1.658451478713325e-11
-1.195205689255175e-10
1.335128913945117e-10
-3.135046554175788e-10
3.22656834614781e-10
-4.323914974389538e-10
6.202225514596192e-10
1.466288065450223e-10
8.374914848544227e-10
2.330721378547703e-09
3.218540285750565e-10
4.564465363841131e-09
-9.821623564885782e-10
3.573764121883651e-09
5.433249032238085e-08
6.184817990626109e-09
7.747297668992443e-08
8.924000191961875e-09
9.593413042498924e-08
9.4023248980096e-09
1.061613198864349e-07
7.114884433224785e-09
1.077267185549084e-07
2.215513459482704e-09
1.008329381976408e-07
-2.244248327716817e-09
8.324354985265434e-08
-3.543443686501259e-09
5.800917938801186e-08
3.248824114838793e-10
2.228208086277972e-09
9.002653405958945e-10
2.363782791787739e-09
4.326454686320038e-10
1.569858460573749e-09
1.141825702472362e-10
9.564140890876455e-10
6.521765551202801e-11
6.863993529766375e-10
1.454979457969147e-10
5.701831637488351e-10
2.179482376809595e-10
4.598445201397746e-10
2.131157289991015e-10
3.1836386356836e-10
1.350992726448884e-10
1.692480587999434e-10
3.437356732359689e-11
4.931105716583197e-11
-4.273944911249024e-11
-2.052395796010282e-11
-8.057972452766298e-11
-4.356011113060605e-11
-8.761374905591419e-11
-3.690972639585585e-11
-8.028047925125154e-11
-1.739524316898957e-11
-7.278898652956991e-11
5.465205225586447e-12
-7.359808032347473e-11
3.039714158931039e-11
-8.499920393799531e-11
6.221996801042878e-11
-1.021888183008239e-10
1.076691236209139e-10
-1.101769966151124e-10
1.690037120366522e-10
-8.27482676774004e-11
2.382244152095901e-10
1.093366035489383e-11
2.915060988006195e-10
1.864381956795727e-10
2.883916927177333e-10
4.136290136832354e-10
1.847994093688464e-10
6.053909450384177e-10
-3.983905627202404e-11
6.594387095391713e-10
-3.608126138584803e-10
5.247312066591001e-10
-7.090602424697184e-10
2.148926197767737e-10
-9.850013775713094e-10
-2.240211538465482e-10
-1.075594754932276e-09
-7.146042346172659e-10
-8.910720122243176e-10
-1.024528829025193e-09
-4.320918721070939e-10
-7.940363362202376e-10
8.995778634863395e-11
3.034606850249727e-10
-1.085904831592449e-11
-1.163861061221952e-10
-2.339775910453986e-11
-1.329017305787277e-10
-3.470974757680097e-11
-1.398283153956318e-10
-4.218797739803383e-11
-1.495178096010926e-10
-4.326798507347557e-11
-1.60330423283401e-10
-3.748059184280465e-11
-1.69937905552244e-10
-2.781641795201763e-11
-1.75730939927308e-10
-1.954839634865842e-11
-1.749168155486081e-10
-1.682206935509222e-11
-1.649848466914937e-10
-1.938909258845881e-11
-1.453957728381956e-10
-2.282795359151956e-11
-1.195178402295061e-10
-2.452990394954029e-11
-9.372811419457488e-11
-3.191214102669835e-11
-7.172648834403528e-11
-5.806891656589014e-11
-4.949152016550742e-11
-9.093719678153002e-11
-2.524345160325064e-11
-8.948630570699711e-11
-2.082139269190392e-11
-1.309445285856478e-10
-4.181447768281356e-11
-1.683336989353491e-10
2.080407221263111e-11
-1.928468029979956e-10
1.580254409760211e-10
-1.809929078708191e-10
3.108024165471409e-10
6.466502289613023e-11
3.745641291894327e-10
7.230911918724726e-10
1.790648583117564e-10
1.328136082416176e-09
-2.831912859247205e-10
7.54077671244466e-10
-4.081043333399674e-10
3.243172591332225e-10
5.476225038191149e-08
-2.763041967302879e-12
7.780005667600177e-08
7.309580126750554e-11
9.585827130346886e-08
-3.417988351154583e-10
1.065762142833106e-07
-1.466468615698343e-09
1.088513881337486e-07
-2.949907056596051e-09
1.023163764765387e-07
-3.778439710323407e-09
8.407208238291767e-08
-3.474685014529646e-09
5.770542460923651e-08
-1.394276886097491e-09
1.477999139442731e-10
9.985678034406767e-12
9.595202247920266e-10
3.925783515614375e-10
1.187265823654907e-09
3.290364890157926e-10
1.01995602966527e-09
2.303298065333664e-10
7.851061531441127e-10
2.028754472159584e-10
5.976376823655128e-10
2.071498180101402e-10
4.55570348255991e-10
1.892524125744691e-10
3.362615094695466e-10
1.309894785447361e-10
2.27511272580336e-10
4.958025568720154e-11
1.307206009200512e-10
-2.562269673512907e-11
5.467935391499208e-11
-7.526492052402099e-11
6.082512326370259e-12
-9.695948796069833e-11
-1.521472207638622e-11
-9.994665455148193e-11
-1.440760122033585e-11
-9.648784964502049e-11
2.006910593454696e-12
-9.504657821035138e-11
2.895641594971018e-11
-9.666614719551553e-11
6.384011408685036e-11
-9.387065302441221e-11
1.048742376624223e-10
-7.034106406256704e-11
1.454747577877741e-10
-6.548588516151996e-12
1.744326002692992e-10
1.107976854351065e-10
1.741605074054621e-10
2.754040905360369e-10
1.237859921522608e-10
4.500875355052592e-10
1.011668978409914e-11
5.719074813449782e-10
-1.616582547180838e-10
5.770706249370918e-10
-3.659749875525606e-10
4.284290332456247e-10
-5.604178540495708e-10
1.320375869752996e-10
-6.886091213348598e-10
-2.500153012965337e-10
-6.93541086656204e-10
-5.856095382439374e-10
-5.554769743580897e-10
-6.80378752498318e-10
-3.373216885495852e-10
-4.203732878024291e-10
-1.700471585795473e-10
-1.169120816553364e-10
-1.404799444938426e-11
-1.023389136507899e-10
-2.948558680330228e-11
-1.174650030257519e-10
-4.291599848129915e-11
-1.263987660856602e-10
-5.284744416181951e-11
-1.395872235310185e-10
-5.845169172515571e-11
-1.547270313252217e-10
-5.999794007044324e-11
-1.683925072238978e-10
-5.901482462679562e-11
-1.767148977820382e-10
-5.742275395860066e-11
-1.765097193166026e-10
-5.595955209638643e-11
-1.66448869881868e-10
-5.358567664226297e-11
-1.477704562069412e-10
-4.935197063121711e-11
-1.23752337945174e-10
-4.551382952978606e-11
-9.756702930864483e-11
-4.693138751138923e-11
-7.030968365985045e-11
-5.334441328492805e-11
-4.307922572201285e-11
-5.642429966305837e-11
-2.216427146799087e-11
-6.446856207556192e-11
-1.277781047312745e-11
-1.099865225629601e-10
3.702831733092576e-12
-1.413618559399809e-10
5.217878426300232e-11
-1.078853203997408e-10
1.245483167566429e-10
3.761767138895979e-11
1.65298868986781e-10
3.176920259640722e-10
9.44892543994208e-11
5.887470347647633e-10
-9.199063524033634e-11
5.139379885164465e-10
-2.083826866188222e-10
1.412475376525879e-10
-3.541429196754511e-11
-4.012879650261504e-10
5.530478551473849e-08
-1.777833356084256e-09
7.917660173610578e-08
-2.981915862652708e-09
9.70623535199049e-08
-3.700222483899493e-09
1.072945206543271e-07
-3.826246197659235e-09
1.089774116390088e-07
-3.093939531766467e-09
1.015840696427973e-07
-2.136171831836245e-09
8.311431455759856e-08
-1.911458393718765e-09
5.748071108694603e-08
-1.39829885119301e-09
-3.653596696967039e-10
-5.010721384278984e-10
6.229351261878756e-11
8.724990801063135e-11
5.989438214228343e-10
2.690208464132658e-10
8.38185177578229e-10
2.645793302122004e-10
7.895477997541046e-10
2.308273332057182e-10
6.313898521902404e-10
2.037218014468774e-10
4.826760972921509e-10
1.694853306010676e-10
3.70498240151869e-10
1.163074212497525e-10
2.806894863914996e-10
4.836680021761811e-11
1.986615688632373e-10
-1.92806028915597e-11
1.223271483587699e-10
-7.144461118443121e-11
5.8246953841588e-11
-1.007152941703307e-10
1.40564377133654e-11
-1.092092957540108e-10
-5.913082301761269e-12
-1.052890050096389e-10
-1.912821157082777e-12
-9.663146990881289e-11
2.029947774932156e-11
-8.410382471564728e-11
5.131310397252172e-11
-5.806318634774618e-11
7.883426810708673e-11
-5.883508418249626e-12
9.329578181331354e-11
7.882953230476342e-11
8.972029016400171e-11
1.931263840348561e-10
5.986441421843008e-11
3.20906610129313e-10
-3.993450281708525e-12
4.314776264243367e-10
-1.004535170357548e-10
4.861212379990734e-10
-2.16301031453403e-10
4.505082876584477e-10
-3.303611750547031e-10
3.084700288930675e-10
-4.183787091577599e-10
7.769322410387488e-11
-4.578314125899647e-10
-1.770569079575557e-10
-4.387900416092878e-10
-3.525414468118465e-10
-3.799915931489495e-10
-3.603162078433803e-10
-3.295462174739001e-10
-2.039330559851059e-10
-3.264291603521854e-10
-3.208447310989017e-10
-2.18292392652413e-11
-8.051039304670218e-11
-4.496695016488487e-11
-9.432814497853493e-11
-6.46408734544833e-11
-1.067257194108111e-10
-7.964812764159865e-11
-1.245808511345724e-10
-8.986768841076588e-11
-1.445083511516317e-10
-9.582318417976854e-11
-1.624378879573213e-10
-9.823090436703786e-11
-1.743080478611146e-10
-9.752235130689865e-11
-1.772191342046389e-10
-9.355222084426677e-11
-1.704198517526417e-10
-8.602140125172414e-11
-1.553021141485843e-10
-7.55246698273859e-11
-1.342498926822292e-10
-6.383039524868438e-11
-1.092621091285555e-10
-5.219221068499336e-11
-8.19486535424536e-11
-4.031411110234384e-11
-5.495808743597622e-11
-3.120381441535659e-11
-3.127530550567494e-11
-3.491699453940234e-11
-9.065339622905496e-12
-4.879809515703938e-11
1.758325237588364e-11
-4.01048056021727e-11
4.348484716685991e-11
3.059759879281875e-11
5.384529803434499e-11
1.717784420449713e-10
2.41174474546866e-11
3.188118405974494e-10
-5.254468607187221e-11
3.472672988376596e-10
-1.204465965785263e-10
2.282048085517691e-10
-8.932066071391095e-11
1.749591325934979e-10
1.783096047491403e-11
-5.14169710196624e-10
5.599391397449774e-08
-1.923473441668735e-09
8.058590512682635e-08
-3.375443763573756e-09
9.851432354258346e-08
-4.135238284894921e-09
1.080543149196244e-07
-3.959309169755438e-09
1.088014823101148e-07
-2.673972386079514e-09
1.002987326892707e-07
-1.229592204521684e-09
8.166993424903722e-08
-8.563787419982691e-10
5.710749754193814e-08
-7.579015915056229e-10
-4.638368593199198e-10
-4.439781675632366e-10
-2.516299052978907e-10
-1.55830158756141e-10
3.107958625534192e-10
4.904845893777492e-11
6.333066556411459e-10
1.659703149917988e-10
6.726260839151342e-10
2.066889862683526e-10
5.906713676213016e-10
1.954318530290856e-10
4.939334622117456e-10
1.551648181034135e-10
4.107655538590937e-10
9.976258712862845e-11
3.360920415127514e-10
3.730103627647537e-11
2.611234913641752e-10
-2.405268042780756e-11
1.836812821720251e-10
-7.459671751519907e-11
1.087914554847951e-10
-1.057601124460749e-10
4.522034215526855e-11
-1.136136265428212e-10
1.940987826429251e-12
-1.023259648753647e-10
-1.319988342870479e-11
-8.068916950949832e-11
-1.336674069194018e-12
-5.443629447470082e-11
2.506091264603253e-11
-6.478947155416696e-12
3.08776444362073e-11
6.515721481428173e-11
2.166037886464595e-11
1.52128359315181e-10
2.749939112176251e-12
2.444233549476258e-10
-3.242975751846998e-11
3.279231283324034e-10
-8.749236956181812e-11
3.832593497607562e-10
-1.557888559549034e-10
3.904731136428743e-10
-2.235138834370927e-10
3.362969164156582e-10
-2.761840367510053e-10
2.221926236979326e-10
-3.042734447087515e-10
7.211970283503816e-11
-3.07757502672512e-10
-6.729397058040181e-11
-2.993754081556737e-10
-1.453323636848375e-10
-3.019522533687299e-10
-1.409901017892069e-10
-3.338874016944898e-10
-7.731535808264219e-11
-3.901030435394149e-10
-3.981595595582264e-10
-3.386920281832508e-11
-4.664207778378908e-11
-6.88024745465241e-11
-5.939578338279465e-11
-9.776279656885321e-11
-7.776629204030203e-11
-1.193869734139191e-10
-1.029575639348572e-10
-1.338674121166864e-10
-1.300287990536361e-10
-1.419527062739906e-10
-1.543534764275316e-10
-1.442493255411821e-10
-1.72012305946989e-10
-1.411109031791389e-10
-1.803584266676882e-10
-1.32808323771636e-10
-1.787232918330198e-10
-1.197079761058575e-10
-1.684033107871778e-10
-1.022063626494418e-10
-1.517523406263429e-10
-8.030067401241628e-11
-1.311686154388667e-10
-5.370549592361468e-11
-1.085446293012138e-10
-2.395927948389191e-11
-8.470507935563397e-11
3.503308659130196e-12
-5.87386435873726e-11
2.414973421026412e-11
-2.971248770926931e-11
4.452329659430219e-11
-2.791001877307551e-12
7.983032187074992e-11
8.17716208722239e-12
1.424756271056316e-10
-8.800631966405728e-12
2.171130727192832e-10
-5.052058701868421e-11
2.534461087055025e-10
-8.887827245222258e-11
2.175353326015717e-10
-8.453633205862651e-11
1.629158758022184e-10
-3.470167455361034e-11
1.769560017946231e-10
3.790404720947404e-12
-3.00470998236599e-10
5.647134058752783e-08
-1.232709932727323e-09
8.151814371656932e-08
-2.357836270976623e-09
9.963944957987967e-08
-3.015303735237035e-09
1.087117821260341e-07
-3.054142521117943e-09
1.088403208826968e-07
-2.351738245195723e-09
9.959632824378723e-08
-1.201408969481458e-09
8.051960484896635e-08
-1.932343091673432e-10
5.609932280156453e-08
5.925926384859301e-11
-7.163304665101564e-10
-2.251344208600365e-10
3.276379017482661e-11
-3.271327305488141e-10
4.127942296868445e-10
-1.525294202169186e-10
4.587034484142815e-10
5.345435124437474e-11
4.666424631216069e-10
1.575321240939889e-10
4.865937918746487e-10
1.68083956116411e-10
4.833818757756727e-10
1.316589500577476e-10
4.471908526994926e-10
7.919966755575188e-11
3.885516661217712e-10
2.283457422805502e-11
3.174889745927568e-10
-3.247959455253523e-11
2.389958907308447e-10
-8.0664761984893e-11
1.569771106685617e-10
-1.127429593745172e-10
7.729907707742962e-11
-1.194320471081217e-10
8.630660389507608e-12
-9.758923159447992e-11
-3.504206563805725e-11
-6.00944934240917e-11
-3.883073377631825e-11
-1.777664784724889e-11
-1.725620912908208e-11
5.540704939006453e-11
-4.230528784403928e-11
1.340937397214726e-10
-5.702550621635533e-11
2.052439161382102e-10
-6.839939618606387e-11
2.657799857952044e-10
-9.296495117490995e-11
3.094511440062596e-10
-1.311626200496961e-10
3.265034988893172e-10
-1.728402710355509e-10
3.092447471829975e-10
-2.062541601971644e-10
2.571363225325908e-10
-2.240746082114483e-10
1.798749976167988e-10
-2.270110866611828e-10
9.712748138716906e-11
-2.250089364458755e-10
3.194566874350233e-11
-2.341925505492545e-10
-1.88836106488628e-12
-2.681172309683902e-10
-8.852237426590735e-12
-3.269226055506916e-10
-4.528612598805852e-12
-3.944255268345638e-10
-4.026876152233634e-10
-4.905817371091581e-11
2.415441491776427e-12
-9.879031273943086e-11
-9.664468171301366e-12
-1.391505173576982e-10
-3.740694641022602e-11
-1.682506734454223e-10
-7.385827539093451e-11
-1.866104316781899e-10
-1.116699088253544e-10
-1.956383373137789e-10
-1.453264368961224e-10
-1.9637658816936e-10
-1.712749170326368e-10
-1.895320915655049e-10
-1.872037794746305e-10
-1.759592707434022e-10
-1.922969607690782e-10
-1.564040836739562e-10
-1.879593356257012e-10
-1.307101274495473e-10
-1.774471216580112e-10
-9.726231898784622e-11
-1.646172329050187e-10
-5.41774247697178e-11
-1.516303140583017e-10
-2.235892360379604e-12
-1.366473806632899e-10
5.373063432388285e-11
-1.147059150650189e-10
1.075829584320644e-10
-8.356552928533342e-11
1.551407943951042e-10
-5.034952592503255e-11
1.937784568320863e-10
-3.046115604638657e-11
2.207218709240769e-10
-3.574466784729497e-11
2.290811054106572e-10
-5.888040677240585e-11
2.115788038748931e-10
-7.137651872250022e-11
1.762226594690442e-10
-4.918069584145188e-11
1.47921197080799e-10
-6.40068033540357e-12
1.363953755730309e-10
1.531579988951577e-11
2.739915473607938e-10
5.633374403129201e-08
2.615893637785544e-10
8.153054555899669e-08
1.328057165440482e-11
9.988775807381934e-08
-1.264921606393354e-10
1.088515546043955e-07
-3.584169221264561e-10
1.090722454340138e-07
-8.296686933202572e-10
1.000675798498318e-07
-9.385560127384847e-10
8.062849204767567e-08
2.127187540618859e-09
5.303357917327612e-08
6.593374633577124e-10
7.515195809636969e-10
-4.346691553774996e-10
1.126770425788799e-09
-4.699336706653241e-10
4.480588078573463e-10
-1.737982919482484e-10
1.625681802591709e-10
3.351302439361163e-11
2.593313042955148e-10
1.11695125697427e-10
4.084118968870505e-10
1.165823029041632e-10
4.784949528462168e-10
9.01489226993634e-11
4.736245371157666e-10
5.239466694794547e-11
4.263062749934871e-10
9.917377642617781e-12
3.59966667929515e-10
-3.593071836093572e-11
2.848444403543236e-10
-8.091838608398272e-11
2.019652834524028e-10
-1.142196463475254e-10
1.106008920413978e-10
-1.283688653655833e-10
2.278048514422451e-11
-1.041812338801709e-10
-5.922904289651341e-11
-7.053630088147727e-11
-7.24749635156231e-11
3.093223051402557e-11
-1.187239917430598e-10
1.325101699187412e-10
-1.438824335134261e-10
1.939717009094032e-10
-1.1848620278194e-10
2.342315424457375e-10
-1.086583638712537e-10
2.635764962405557e-10
-1.223089956754653e-10
2.791123814285063e-10
-1.466975612904868e-10
2.756160897890099e-10
-1.693430016972355e-10
2.520122773985175e-10
-1.826493364175179e-10
2.132479148545173e-10
-1.853092019902253e-10
1.69138884483302e-10
-1.82900979759657e-10
1.304378651327068e-10
-1.863068210957354e-10
1.0302466837183e-10
-2.067782845848725e-10
8.389216226229463e-11
-2.489837053393988e-10
6.363340570762684e-11
-3.066627457400495e-10
3.455137101404583e-11
-3.653423377725478e-10
-3.681357498133614e-10
-6.499733471853618e-11
6.741188750387561e-11
-1.308308459930324e-10
5.616817399465715e-11
-1.84213632860982e-10
1.597499890196596e-11
-2.219287029738416e-10
-3.614403939241438e-11
-2.444240305552419e-10
-8.917541286836243e-11
-2.543804662730256e-10
-1.353708301790657e-10
-2.53972597894806e-10
-1.716836113935567e-10
-2.439868744102367e-10
-1.971903239532095e-10
-2.251509408535013e-10
-2.111337088050752e-10
-1.982151058987981e-10
-2.148959759453898e-10
-1.625915183744426e-10
-2.130715031701015e-10
-1.15206289616971e-10
-2.120032413803585e-10
-5.240995138271037e-11
-2.144274149946554e-10
2.599766935504508e-11
-2.150557441938102e-10
1.144326038342477e-10
-2.03141569489242e-10
2.015659930398837e-10
-1.706996129607461e-10
2.710165746572258e-10
-1.198007736935205e-10
3.048351270576838e-10
-6.428034411655445e-11
2.932858092955032e-10
-2.41959527400384e-11
2.468308678034302e-10
-1.242603332255252e-11
1.957863900704796e-10
-2.033257230975643e-11
1.662532053202273e-10
-1.964800466137432e-11
1.514933639595481e-10
8.358706918424657e-12
1.258778909473797e-10
4.093085881624942e-11
1.298306224655881e-09
5.516131532499306e-08
2.794738620561043e-09
8.003411283212757e-08
4.312001356904008e-09
9.837049504928993e-08
5.906456814892699e-09
1.072570989009351e-07
7.018939170667256e-09
1.079597628765627e-07
7.082736665651588e-09
1.000037821967811e-07
6.587768259697797e-09
8.112346034029052e-08
9.987138848667482e-09
4.963420851543699e-08
-3.282699395112453e-10
1.10669283460042e-08
-1.037627285752055e-09
1.836127794341557e-09
-2.880785960810574e-10
-3.014898126354801e-10
3.522313782707618e-11
-1.607334379285416e-10
7.096807596152384e-11
2.235865300070233e-10
5.936020900422943e-11
4.200199754105572e-10
5.145630242763314e-11
4.863991204302205e-10
4.065721686850851e-11
4.844239325786324e-10
2.43351555809363e-11
4.426286968681467e-10
2.435116905636178e-12
3.818671170987488e-10
-2.860068907332196e-11
3.158807084541136e-10
-6.685942106163942e-11
2.402245280310057e-10
-9.660072133062671e-11
1.403427567846293e-10
-1.262382251401641e-10
5.241860353228588e-11
-1.373742842627336e-10
-4.809231834665081e-11
-1.84517253339403e-10
-2.533128085967006e-11
1.482957309869871e-10
-4.515362146213445e-10
2.175634661611534e-10
-2.13149363051635e-10
2.279869516447515e-10
-1.289088397348736e-10
2.384065128251218e-10
-1.190770376928477e-10
2.477655386713468e-10
-1.316670969439917e-10
2.485225072610752e-10
-1.474535702960768e-10
2.378945864092105e-10
-1.587140864269999e-10
2.181497672504774e-10
-1.629034893123602e-10
1.949013573062153e-10
-1.620597294026734e-10
1.742196329635322e-10
-1.622181608828275e-10
1.590146623028116e-10
-1.711007424037756e-10
1.465025437547804e-10
-1.942650775980697e-10
1.291042506220473e-10
-2.315843531427245e-10
9.902819135372555e-11
-2.765856292990731e-10
5.307317842587716e-11
-3.193862931993149e-10
-3.1506191165514e-10
-7.765039420286738e-11
1.450617499019175e-10
-1.581675344221916e-10
1.366845965458561e-10
-2.260665653429682e-10
8.387326996335831e-11
-2.753015085996965e-10
1.309013411895244e-11
-3.040517774852114e-10
-6.042591500089756e-11
-3.160370531394469e-10
-1.233863249285976e-10
-3.16248296205806e-10
-1.714731361423121e-10
-3.057657908354883e-10
-2.076735937057249e-10
-2.834034950640705e-10
-2.334967631944604e-10
-2.48676353885492e-10
-2.4962386848735e-10
-1.996510714375694e-10
-2.620975268830248e-10
-1.319440370347927e-10
-2.797110048960328e-10
-4.314289506342748e-11
-3.032292708458255e-10
6.320139812338029e-11
-3.214007336551836e-10
1.786184617157009e-10
-3.185593087279511e-10
2.907459680926899e-10
-2.828277719334041e-10
3.802884283103359e-10
-2.093438607414482e-10
4.202515845933547e-10
-1.042440992181651e-10
3.885586593628046e-10
7.496403929757779e-12
2.942964164953142e-10
8.183567317216625e-11
1.918334680323024e-10
8.212987368624856e-11
1.458435828133118e-10
2.63414135740241e-11
1.613394464419083e-10
-7.137587019532446e-12
1.763095058662235e-10
2.596040710237654e-11
2.77958770357681e-09
5.255803677387749e-08
6.430793977805153e-09
7.638290624439568e-08
1.079427894282508e-08
9.400700981117311e-08
1.592166707180311e-08
1.021297105402026e-07
2.130010350429119e-08
1.025813262539807e-07
2.624715719583808e-08
9.50567283577356e-08
2.902162281285069e-08
7.834899461857878e-08
3.608030861474353e-08
4.257552265264913e-08
3.526514465349084e-08
1.188209229030899e-08
3.522400982089365e-08
1.877262655083071e-09
3.316477558303512e-08
1.757744498556531e-09
3.042690590457789e-08
2.577136360324327e-09
2.75732240458468e-08
3.07726855502903e-09
2.460545568072087e-08
3.387788554717882e-09
2.150156020226282e-08
3.590294860883279e-09
1.832161451205398e-08
3.664369934060538e-09
1.51684832544176e-08
3.595760314796257e-09
1.215148515768689e-08
3.398865624579452e-09
9.367327573404385e-09
3.100038753386516e-09
6.902003906281318e-09
2.705548706946389e-09
4.847223811196692e-09
2.195123413748953e-09
3.349291299278744e-09
1.55035172816863e-09
2.232294561979698e-09
1.068905080666656e-09
7.93022545776464e-10
1.41394144595553e-09
3.637114979568108e-10
-2.222441015962637e-11
2.443634487537643e-10
-9.380051233208418e-11
2.281041454405455e-10
-1.126486936824747e-10
2.303697904515447e-10
-1.213418006464785e-10
2.307120490528291e-10
-1.320084373180252e-10
2.252168045962506e-10
-1.419573723475641e-10
2.146655508897311e-10
-1.481618454159075e-10
2.021953757320529e-10
-1.504322924608594e-10
1.914399618800344e-10
-1.513032611923649e-10
1.842077666276813e-10
-1.549848806201464e-10
1.786550439559959e-10
-1.655469142223407e-10
1.69238200427015e-10
-1.84847150163578e-10
1.489687219646506e-10
-2.113138744939389e-10
1.127800157372204e-10
-2.403958972503686e-10
5.973881133931451e-11
-2.663437415601555e-10
-2.553226892748572e-10
-8.178353285303724e-11
2.268444757979917e-10
-1.712812041899591e-10
2.261815187626084e-10
-2.542758212774366e-10
1.66867175056921e-10
-3.211094358141298e-10
7.992304650375489e-11
-3.62813281340112e-10
-1.872276882417253e-11
-3.799005356832172e-10
-1.062997677457231e-10
-3.824979607061329e-10
-1.688764064747557e-10
-3.761437562475478e-10
-2.140284900183845e-10
-3.550712059827046e-10
-2.545700011369447e-10
-3.138008719770165e-10
-2.908948834990309e-10
-2.442573783179953e-10
-3.316416936108545e-10
-1.418324600795831e-10
-3.821365853149768e-10
-1.532661899857713e-11
-4.29735761580759e-10
1.17589694302876e-10
-4.543176809632908e-10
2.443679545463677e-10
-4.453381855361815e-10
3.613688741815813e-10
-3.998292876630334e-10
4.629275444952832e-10
-3.109031049239522e-10
5.271448931071604e-10
-1.684619967369572e-10
5.151579215779863e-10
1.948285309572023e-11
3.99721936437752e-10
1.972711648236453e-10
2.184319776728413e-10
2.634193691788559e-10
9.222265791197422e-11
1.525503021605117e-10
1.24987929292886e-10
-3.990325632974367e-11
2.487636957480859e-10
-9.781572256039608e-11
4.527221306358513e-09
4.827957883580996e-08
1.061828888268472e-08
7.029183837748742e-08
1.823999410042771e-08
8.638530434054791e-08
2.750556353925445e-08
9.286414088709505e-08
3.792713340294811e-08
9.2159756215399e-08
4.876387885417699e-08
8.421998277174811e-08
5.846824690204204e-08
6.864462647689764e-08
5.932269225445284e-08
4.172107724798211e-08
5.452178682251649e-08
1.668299771244568e-08
4.973573380867349e-08
6.663315702122258e-09
4.616159635774007e-08
5.331882026659189e-09
4.269717942360759e-08
6.041553416061809e-09
3.88873809088296e-08
6.887067236909819e-09
3.471005553282223e-08
7.565114143687293e-09
3.027867670032624e-08
8.021673953307718e-09
2.573825105967397e-08
8.204795881814777e-09
2.124447592945064e-08
8.089535800381027e-09
1.695600274264515e-08
7.687339214972108e-09
1.302387690796907e-08
7.032165040822296e-09
9.576533190065816e-09
6.152892926356928e-09
6.686980683452763e-09
5.084676471211084e-09
4.385847985333256e-09
3.851485025416644e-09
2.201224996302032e-09
3.253528717033249e-09
6.222829531139897e-10
2.992884182689265e-09
4.071667780863744e-10
1.928925036066805e-10
2.928061061876575e-10
2.056094053424435e-11
2.463267461653281e-10
-6.616851242206856e-11
2.293105085757434e-10
-1.043247048126151e-10
2.201050536534062e-10
-1.228020888775379e-10
2.11745659520028e-10
-1.3359705172482e-10
2.039576985280415e-10
-1.403729247675739e-10
1.982555914551895e-10
-1.447291933684107e-10
1.953655481680821e-10
-1.484121934487078e-10
1.938530584579452e-10
-1.534713345777935e-10
1.898754180340713e-10
-1.615682072058099e-10
1.781740510922639e-10
-1.731447497493113e-10
1.539159849854814e-10
-1.870547781631957e-10
1.144189761697221e-10
-2.008977872763146e-10
5.986917471884531e-11
-2.117931186100078e-10
-1.954528152341521e-10
-7.29278179929214e-11
2.997719230353169e-10
-1.599524996699128e-10
3.132056445322843e-10
-2.542856414258224e-10
2.611997165444268e-10
-3.466472225567022e-10
1.722840177702129e-10
-4.168379081733312e-10
5.14673061508654e-11
-4.492385813759817e-10
-7.389970455605191e-11
-4.543275399753482e-10
-1.637880556080762e-10
-4.557222763472767e-10
-2.12634358994306e-10
-4.459712510495891e-10
-2.643216274140037e-10
-4.02060647054593e-10
-3.348060836434666e-10
-2.968165645072122e-10
-4.368863649286912e-10
-1.332759975618777e-10
-5.456777328809424e-10
4.699780573317276e-11
-6.100101344331914e-10
2.012662054620292e-10
-6.085866382328119e-10
3.16706808518423e-10
-5.607793310621805e-10
4.07413551540912e-10
-4.90536557063045e-10
4.940451170742524e-10
-3.975351777449351e-10
5.815480784470628e-10
-2.559654453057902e-10
6.365171119032689e-10
-3.548664467045651e-11
5.81156271213293e-10
2.526315650223902e-10
3.540734591650674e-10
4.905017670569507e-10
4.977182234755778e-11
4.568515519862122e-10
-4.596102164024488e-11
5.582922998322342e-11
2.036352487888902e-10
-3.474123205159019e-10
6.325199708788193e-09
4.215801408033604e-08
1.474121050955412e-08
6.187582731398688e-08
2.532610635331069e-08
7.580040826837871e-08
3.799606941103459e-08
8.01941776359535e-08
5.167694428893721e-08
7.847888118042863e-08
6.487491878365404e-08
7.102200815698448e-08
7.544546935052548e-08
5.807407582817534e-08
7.819636681479997e-08
3.897017974073524e-08
7.350975249528784e-08
2.136961202890027e-08
6.735443360556048e-08
1.281863462942284e-08
6.203456070237064e-08
1.065175500897187e-08
5.706718752492822e-08
1.100892671491002e-08
5.188426074268807e-08
1.206999418363604e-08
4.63149699456365e-08
1.313440514903868e-08
4.042179237348484e-08
1.391485177822142e-08
3.435992967855445e-08
1.426665887465535e-08
2.832404344239e-08
1.412542238004395e-08
2.252549681278423e-08
1.348588623422447e-08
1.716891922937071e-08
1.238874306015683e-08
1.241644737067302e-08
1.090536526754314e-08
8.331031259968497e-09
9.17009311059761e-09
4.865675892874976e-09
7.316840967167695e-09
1.916921490780048e-09
6.202283738612295e-09
3.083353267722787e-10
4.601471010022432e-09
3.65681980242656e-10
1.355465551708166e-10
3.206453637624096e-10
6.559830186816729e-11
2.706296247180598e-10
-1.615199160130065e-11
2.379564115931807e-10
-7.165067512033044e-11
2.19003133957959e-10
-1.038479626826764e-10
2.083570589529759e-10
-1.229500972566633e-10
2.033386694842226e-10
-1.35353624855814e-10
2.022744662969004e-10
-1.436640489676661e-10
2.028158397423204e-10
-1.489525962491313e-10
2.015540654518695e-10
-1.52208562137838e-10
1.945433527021528e-10
-1.54556477000423e-10
1.781829597846984e-10
-1.567833524120361e-10
1.500250693063957e-10
-1.588959917057441e-10
1.092020602033856e-10
-1.600739244611004e-10
5.637180843325155e-11
-1.589614530476627e-10
-1.390807186777115e-10
-5.035324029012357e-11
3.501244949395686e-10
-1.186070401870627e-10
3.814588639577696e-10
-2.109180110293431e-10
3.5351015025493e-10
-3.29805903056743e-10
2.911713846466551e-10
-4.527232868465679e-10
1.743841687360491e-10
-5.319821944884149e-10
5.358684716965579e-12
-5.447073753539736e-10
-1.510633911567489e-10
-5.448565920405007e-10
-2.124856555119526e-10
-5.645428567756873e-10
-2.446358728644833e-10
-5.184812281079657e-10
-3.808682175006743e-10
-3.443516480338902e-10
-6.110164451864829e-10
-8.584225473347447e-11
-8.041876189024075e-10
1.546338815294808e-10
-8.504867558139694e-10
3.174032557468844e-10
-7.713564871961476e-10
4.026870997893153e-10
-6.460636392365936e-10
4.39123182717786e-10
-5.269730905813547e-10
4.657756584185921e-10
-4.241880901563486e-10
5.279598456148023e-10
-3.181500523796582e-10
6.513317165016661e-10
-1.588589181739094e-10
7.734203382483415e-10
1.305425607882386e-10
6.944046290993531e-10
5.695171143524007e-10
2.348448291953855e-10
9.16411013353802e-10
-3.369815938968963e-10
6.27655338436901e-10
-3.069355428610483e-10
-3.77458659834407e-10
7.964710698326039e-09
3.388636757784419e-08
1.872801387104103e-08
5.111252390915872e-08
3.24170129109332e-08
6.211140902614222e-08
4.837392295972606e-08
6.423726741655129e-08
6.468402659729444e-08
6.216877740454891e-08
7.926599365676741e-08
5.644004099324887e-08
8.996234898348731e-08
4.737772043177627e-08
9.370670153031493e-08
3.522582716036275e-08
9.08836461832929e-08
2.419266737901915e-08
8.535755483733667e-08
1.834472601649761e-08
7.924298316694671e-08
1.676632675896196e-08
7.285776772650559e-08
1.739414227465065e-08
6.609427781584696e-08
1.883348425369572e-08
5.891480835194853e-08
2.031387481349267e-08
5.140433619636532e-08
2.142532417582473e-08
4.372839442709637e-08
2.194260092826156e-08
3.610041407167828e-08
2.175340306228138e-08
2.875756037252313e-08
2.082874030326431e-08
2.193323073687229e-08
1.92130731086903e-08
1.582194522480973e-08
1.701665123567107e-08
1.053785871157137e-08
1.445418012262057e-08
6.118323078520435e-09
1.17363771412928e-08
2.556601447510406e-09
9.764005951907953e-09
1.61236907773149e-10
6.99683617194641e-09
2.636859159221716e-10
3.309820726833561e-11
2.908780443649958e-10
3.840686949048196e-11
2.721734045186616e-10
2.553377735115292e-12
2.443700736050497e-10
-4.384658391090215e-11
2.238138471258024e-10
-8.329094723933012e-11
2.135444691309247e-10
-1.126799023609038e-10
2.111834171980047e-10
-1.329917282191583e-10
2.123533843830871e-10
-1.448331443749034e-10
2.123052360828808e-10
-1.489035475293439e-10
2.070599742560887e-10
-1.469623706192635e-10
1.939950219557855e-10
-1.414905883335144e-10
1.718309847536159e-10
-1.346184205532214e-10
1.402860858379368e-10
-1.273501774704002e-10
9.96871270553908e-11
-1.194739155083045e-10
5.066892736108641e-11
-1.099427173081593e-10
-8.841111656735486e-11
-1.808246809463996e-11
3.682067610057531e-10
-5.236000636565114e-11
4.157360276629748e-10
-1.199214440870907e-10
4.21071169543078e-10
-2.43933653044602e-10
4.151831668465675e-10
-4.310389484231628e-10
3.614890375363373e-10
-6.229997499055434e-10
1.973190611004842e-10
-6.977447652241644e-10
-7.631879818673989e-11
-6.595114352958137e-10
-2.507194054656074e-10
-7.234127069689438e-10
-1.807350174728223e-10
-6.379014756669988e-10
-4.663798618750207e-10
-3.354000142380559e-10
-9.135183145982449e-10
2.201828347960042e-11
-1.16160632007327e-09
2.88407563498235e-10
-1.116876432487499e-09
4.422114737397398e-10
-9.251607878173356e-10
5.027820147107302e-10
-7.066345617320836e-10
4.824738884074387e-10
-5.066653373468105e-10
4.086572220760349e-10
-3.503717856212431e-10
3.553437145942529e-10
-2.648368956241632e-10
4.41981273664072e-10
-2.454968139409312e-10
7.555368854001562e-10
-1.830133735943664e-10
1.14388530598607e-09
1.811683881686227e-10
1.012916354822188e-09
1.047379676202452e-09
-2.071659032532217e-10
1.847737328384884e-09
-1.624211612747247e-09
1.039586802098268e-09
8.817536002475226e-09
2.344461973842717e-08
2.26722197273394e-08
3.725783998389337e-08
4.077765823006284e-08
4.400597034936989e-08
6.066696668814274e-08
4.434795881122907e-08
7.955986018251527e-08
4.327588379207512e-08
9.522293233027614e-08
4.07769687569427e-08
1.059888259365859e-07
3.661182676856554e-08
1.10323621516802e-07
3.089103155523053e-08
1.08761067488484e-07
2.575522141626896e-08
1.037722268499611e-07
2.333356669804206e-08
9.711771464163822e-08
2.342083904604817e-08
8.95234579152828e-08
2.498839911562991e-08
8.125024474977964e-08
2.710669757113155e-08
7.24418975408152e-08
2.912222221166886e-08
6.325440687123005e-08
3.061281507313375e-08
5.388488715778831e-08
3.131212090772347e-08
4.457097624166876e-08
3.106731428369655e-08
3.557780521731263e-08
2.982191167173635e-08
2.717404992058207e-08
2.761682878900455e-08
1.959958145939045e-08
2.45911201191243e-08
1.302911272433446e-08
2.102464931877847e-08
7.570155247953788e-09
1.71953351163231e-08
3.234133681770846e-09
1.410002805373588e-08
1.657094194541867e-10
1.006526100500293e-08
2.081743762054439e-10
-9.366145114763484e-12
2.415248985660602e-10
5.05698256246013e-12
2.480507263546299e-10
-3.971785645782311e-12
2.384206155538471e-10
-3.421578241251127e-11
2.282354465191233e-10
-7.310506272286711e-11
2.24812843502595e-10
-1.092565599240202e-10
2.265441291335208e-10
-1.34722250628046e-10
2.276344524446981e-10
-1.459226791947254e-10
2.228395903964181e-10
-1.441078722488804e-10
2.096986933908548e-10
-1.338206392114585e-10
1.883016566138979e-10
-1.200926991772036e-10
1.599494144381066e-10
-1.062653298171558e-10
1.259566730219543e-10
-9.33567121624989e-11
8.708386751348034e-11
-8.060049859147278e-11
4.347927200571135e-11
-6.633676826759168e-11
-4.493170586579859e-11
1.90325598074608e-11
3.491736874072698e-10
2.439729584807776e-11
4.103708861761154e-10
-2.032791276066366e-12
4.475008972324222e-10
-8.748964957520054e-11
5.00639678828069e-10
-2.875722288747956e-10
5.615712752930773e-10
-6.404030777101548e-10
5.501495719341585e-10
-9.794656540791771e-10
2.627434425227428e-10
-9.330979732002057e-10
-2.970874187843592e-10
-9.122570307278516e-10
-2.015762900329895e-10
-6.291637672657015e-10
-7.494734517102738e-10
-1.598214704050614e-10
-1.382860935161489e-09
1.690332983576432e-10
-1.490461408123534e-09
3.691610615689008e-10
-1.317004511677525e-09
5.234190910669626e-10
-1.07941912788475e-09
6.070096131824695e-10
-7.902253900402887e-10
5.571960786715823e-10
-4.568521021959143e-10
3.729183367277306e-10
-1.660943370165342e-10
1.408369835558533e-10
-3.275582698416032e-11
2.825081178710125e-11
-1.329109183916876e-10
2.862044707336161e-10
-4.409672974189483e-10
1.159324874144442e-09
-6.919522689484357e-10
2.303643580206371e-09
-9.693926924798874e-11
1.802471779088313e-09
2.348908904516019e-09
-2.116432166959047e-09
4.958490540690011e-09
9.106828775435838e-09
1.222135860634331e-08
2.854476382522569e-08
1.781990476520158e-08
5.388028522966279e-08
1.867044879713715e-08
7.860301685552903e-08
1.962522706148401e-08
9.97393475004017e-08
2.213955304753642e-08
1.157133072746855e-07
2.480300890977737e-08
1.258232927827241e-07
2.650184121463819e-08
1.297381668020397e-07
2.697615751933065e-08
1.282412524636247e-07
2.725213576747906e-08
1.23077363439347e-07
2.849745576655648e-08
1.156805291286596e-07
3.081767343231561e-08
1.068884698507003e-07
3.378045850232856e-08
9.714953177938518e-08
3.68456357840453e-08
8.673389788811652e-08
3.953785627896778e-08
7.586107003855727e-08
4.148564313262445e-08
6.476013697570795e-08
4.241305421571662e-08
5.369358260405759e-08
4.213386893490751e-08
4.295810473629071e-08
4.055738985448864e-08
3.286691580901417e-08
3.770801806558254e-08
2.371807372770662e-08
3.373996258465815e-08
1.575265361002796e-08
2.899006985408232e-08
9.137627192419615e-09
2.38103619850034e-08
3.901918862269365e-09
1.933573686636378e-08
1.876432814879711e-10
1.377953709891213e-08
1.884363132400953e-10
-1.015863567076005e-11
2.032191971719007e-10
-9.725333636589348e-12
2.158332364603503e-10
-1.658523364603087e-11
2.233046542254703e-10
-4.168658692012533e-11
2.313992979806722e-10
-8.119907317838307e-11
2.416690164707576e-10
-1.195256257143699e-10
2.488313133895546e-10
-1.418838745963982e-10
2.464557041784589e-10
-1.435463762543351e-10
2.320109935158505e-10
-1.296624463631492e-10
2.07371630277938e-10
-1.091805358332854e-10
1.764248261624431e-10
-8.914515313014403e-11
1.426160902476333e-10
-7.24559013082973e-11
1.078023943183221e-10
-5.854228461942478e-11
7.22885027097344e-11
-4.508569393370282e-11
3.53653050487372e-11
-2.941336484487282e-11
-9.565802538866596e-12
6.021107560940347e-11
2.889625579656473e-10
1.013631988713306e-10
3.692185510201826e-10
1.056653264765743e-10
4.431985148728478e-10
7.631527668652298e-11
5.299894656733649e-10
-2.190009410426163e-11
6.59786383632609e-10
-3.760584575946884e-10
9.043076744815176e-10
-1.245117464125069e-09
1.131802190837634e-09
-1.965731870000758e-09
4.235267308110326e-10
-9.367726591546972e-10
-1.230535754207093e-09
-1.314191359797122e-10
-1.55482722645058e-09
2.763574886778513e-10
-1.79063780831554e-09
2.09438897194237e-10
-1.423543063472715e-09
2.767212267919683e-10
-1.384287084831835e-09
5.156758920881138e-10
-1.318374034901892e-09
6.903277991803667e-10
-9.648775350409074e-10
6.363573093759e-10
-4.028818477801813e-10
3.633429061996292e-10
1.069198356987328e-10
-5.94354085488427e-12
3.365303935518583e-10
-3.309801981861766e-10
1.921255191698276e-10
-4.33886446042821e-10
-3.38061263201593e-10
1.732185439989572e-10
-1.299057463394229e-09
2.564766185810397e-09
-2.488487106510019e-09
6.600470507416117e-09
-1.686795600336413e-09
5.67840920883022e-09
5.88055166817354e-09
1.733360264968448e-08
5.661650097981566e-10
4.634847288237751e-08
-1.119496560767696e-08
8.011983308792514e-08
-1.510091152994549e-08
1.081899607913385e-07
-8.444900744693336e-09
1.291726336613156e-07
1.156880096518844e-09
1.431975311492008e-07
1.07781113626366e-08
1.508513788619329e-07
1.88479934671395e-08
1.527459739161551e-07
2.50815624547555e-08
1.498739950218196e-07
3.012411467831718e-08
1.435747623012296e-07
3.479668853023585e-08
1.349807281188312e-07
3.941170768655586e-08
1.248512308811408e-07
4.39099558401056e-08
1.136509303196857e-07
4.804593647572065e-08
1.016764816435393e-07
5.151230511469025e-08
8.916045320452021e-08
5.400167176218123e-08
7.633834749796811e-08
5.523516014269228e-08
6.348574201564586e-08
5.498647466884372e-08
5.093042552215164e-08
5.311270662938996e-08
3.904055025298539e-08
4.95978936469039e-08
2.819061672805126e-08
4.45898964507274e-08
1.870579127864349e-08
3.847489567410756e-08
1.082288680642524e-08
3.169326685509115e-08
4.593552614069157e-09
2.556507148370763e-08
1.844932487726942e-10
1.818859691365246e-08
1.778833564002856e-10
-3.548270332211864e-12
1.782833544969693e-10
-1.012483836710826e-11
1.881968482600728e-10
-2.649821502923119e-11
2.105212751333434e-10
-6.401048502411734e-11
2.413681311916353e-10
-1.12045385130263e-10
2.677958389937165e-10
-1.459527748857179e-10
2.768775767916865e-10
-1.509650374355819e-10
2.643258130419164e-10
-1.309940207263728e-10
2.347950448712768e-10
-1.001310689806427e-10
1.966830138489158e-10
-7.106788295086252e-11
1.572052897404535e-10
-4.96667962528525e-11
1.20334903535243e-10
-3.558487975236344e-11
8.705104535839009e-11
-2.525792427685982e-11
5.648537325537957e-11
-1.451969586559535e-11
2.700522967575321e-11
6.797075062156745e-14
1.743940810198813e-11
1.036212628819898e-10
1.853409124640245e-10
1.795420745314731e-10
2.932974774441978e-10
1.947304122909091e-10
4.280099610431702e-10
1.670363347318042e-10
5.576833398261002e-10
1.619169439326509e-10
6.649055752263602e-10
1.730337212307056e-10
8.931907010237548e-10
-5.675182808715865e-10
1.872353998536945e-09
-5.056261899827601e-09
4.912270157762492e-09
-2.388567009854752e-10
-6.047941143710502e-09
1.467107652216293e-09
-3.260791768005933e-09
7.286049686158168e-10
-1.052135312234087e-09
-7.373906850831045e-11
-6.21199211795847e-10
-1.538405908926535e-12
-1.456487932426008e-09
4.11484012060558e-10
-1.731396635873111e-09
6.65942405505733e-10
-1.219336111084236e-09
6.052352979430318e-10
-3.421749204653369e-10
3.040084453454257e-10
4.081465090318112e-10
-5.920003878685623e-11
6.997387018334168e-10
-3.70493126993381e-10
5.034184339372442e-10
-6.155245269634287e-10
-9.303003140900029e-11
-8.092156499089449e-10
-1.105366504008612e-09
1.096025031130178e-10
-3.407305415332625e-09
9.257843396147875e-09
-1.083503664177547e-08
4.22804605661812e-08
-2.714206563958013e-08
7.208614355644359e-08
-2.923951810768886e-08
1.035202497556901e-07
-4.262907192034867e-08
1.345491998192234e-07
-4.612986169320056e-08
1.568424982221416e-07
-3.073819923046137e-08
1.711148062136505e-07
-1.311542796107937e-08
1.788146480997857e-07
3.078269430162345e-09
1.811626640002976e-07
1.64999775398201e-08
1.790566985937184e-07
2.718752785680251e-08
1.733707341183118e-07
3.581007917105526e-08
1.650271517701954e-07
4.314027092000984e-08
1.54790509478792e-07
4.96483500432774e-08
1.431946855049218e-07
5.550577990511895e-08
1.305781033415305e-07
6.066251875511951e-08
1.171603906669964e-07
6.493001793195689e-08
1.031202380679097e-07
6.804182452944217e-08
8.86576758434382e-08
6.969772256232804e-08
7.403735927473112e-08
6.960679145808487e-08
5.961029272518411e-08
6.753977342605796e-08
4.580874266452484e-08
6.339944397930043e-08
3.310894252913411e-08
5.728969688329763e-08
2.195375403830459e-08
4.963008448518813e-08
1.267821021666966e-08
4.096881102038551e-08
5.353019484792529e-09
3.289026257988041e-08
1.710925383848085e-10
2.337052424460829e-08
1.65316155117984e-10
2.228514622713e-12
1.559088175625096e-10
-7.17082997985222e-13
1.691065252773964e-10
-3.969549196184633e-11
2.157931935640744e-10
-1.106967105339873e-10
2.730322811125274e-10
-1.692840201666345e-10
3.080014792483221e-10
-1.809215096524126e-10
3.055774535626831e-10
-1.485405376513488e-10
2.722929616354424e-10
-9.770904332962978e-11
2.240842326998108e-10
-5.192184267964672e-11
1.7459416064983e-10
-2.15773000279035e-11
1.309754712245654e-10
-6.047603668341139e-12
9.50550923915807e-11
3.359466768690688e-13
6.582979741941311e-11
3.967870233242765e-12
4.125358485268015e-11
1.005722970934045e-11
1.918439426305152e-11
2.213703489819166e-11
3.662430646257306e-11
1.321185736865776e-10
5.322239493152223e-11
2.457722131076214e-10
1.796437457920098e-10
2.954568469121385e-10
3.783251909827375e-10
2.564367785443471e-10
5.967032625334258e-10
1.320189250254033e-10
7.893232823810332e-10
8.769902951935351e-11
9.375104506313987e-10
1.042616301449469e-09
9.174365822857661e-10
5.69480148305553e-09
2.600848328015999e-10
3.256881464330791e-08
-3.292195444558636e-08
5.706492292601163e-08
-2.775690019183654e-08
8.399776576742244e-08
-2.798497829328182e-08
1.193513226489065e-07
-3.597475623296953e-08
1.565794714798173e-07
-3.868463690187175e-08
1.910652837721871e-07
-3.621720906725646e-08
2.197088401051082e-07
-2.986289258199666e-08
2.405605988433856e-07
-2.11939337972549e-08
2.536647632604514e-07
-1.269601804509165e-08
2.607165906347663e-07
-6.352088809341948e-09
2.638051655432846e-07
-2.585156608797502e-09
2.646869475179494e-07
-9.748121385915967e-10
2.645623694395691e-07
-9.807885536196001e-10
2.624384410956026e-07
-1.283377195508596e-09
2.507042398016711e-07
8.991645349440264e-10
2.232901137923423e-07
2.72060258982045e-10
2.097051069894407e-07
-1.565451140587783e-08
2.199654251791284e-07
-5.288939020180246e-08
2.237951088469669e-07
-4.995954544026976e-08
2.251636370303001e-07
-3.210672748082641e-08
2.240031356681049e-07
-1.195492665059656e-08
2.204658512676726e-07
6.615553793806224e-09
2.147357712687544e-07
2.223005751981387e-08
2.069952073179169e-07
3.492809180601864e-08
1.974988518661264e-07
4.530643464121155e-08
1.865747567712342e-07
5.406436605245569e-08
1.74512815644381e-07
6.171029122926261e-08
1.615105701708143e-07
6.850802545830191e-08
1.476766304217403e-07
7.449645860637033e-08
1.330694150715522e-07
7.953723340545833e-08
1.177497627209564e-07
8.336147702623907e-08
1.018342994810752e-07
8.56131859695279e-08
8.554266837299795e-08
8.589842275601811e-08
6.923117091919976e-08
8.38512710901334e-08
5.340049843306939e-08
7.923011669719345e-08
3.866055276262582e-08
7.202964280451678e-08
2.56270630420378e-08
6.266357447623251e-08
1.47880336863943e-08
5.180784066329363e-08
6.228028030070632e-09
4.145026854039172e-08
1.689337948661235e-10
2.942961879776961e-08
1.456656528686676e-10
2.549698778308151e-11
1.249239885089559e-10
2.002492220263359e-11
1.693270729994887e-10
-8.40982266243598e-11
2.638931126093946e-10
-2.052623945510301e-10
3.412485476312147e-10
-2.466390936578301e-10
3.58421302029161e-10
-1.980938978049414e-10
3.208360779503451e-10
-1.109549419206625e-10
2.576020931081399e-10
-3.447468064051774e-11
1.938824672028385e-10
1.179816475991175e-11
1.412300975120227e-10
3.107544901219565e-11
1.009783024280035e-10
3.420457246613067e-11
7.04910845783054e-11
3.082355326859168e-11
4.695653276507212e-11
2.750267858618399e-11
2.825189592184155e-11
2.876191410426368e-11
1.261634523461867e-11
3.777359225466412e-11
4.924050084443739e-11
1.114253722783207e-10
-5.820327409677117e-11
2.476877986693977e-10
4.338115154783263e-11
3.908570585406926e-10
2.351558082054821e-10
4.884303988592243e-10
4.991298105714895e-10
5.185248885691798e-10
7.592286837877986e-10
6.779405309501542e-10
7.780947010482198e-10
1.398655199341767e-09
1.967218072931148e-10
3.057287156047094e-09
-1.398547229418109e-09
2.720404876305034e-08
-5.706871615780917e-08
6.863036063602677e-08
-6.918321216893668e-08
1.184003152922604e-07
-7.775493305392844e-08
1.721186767430567e-07
-8.969311778744711e-08
2.264474840475852e-07
-9.301344431091346e-08
2.769544358159137e-07
-8.672416093969613e-08
3.190482838034801e-07
-7.195674067484511e-08
3.49157585091674e-07
-5.130323519033103e-08
3.673907998327277e-07
-3.092923289206551e-08
3.768256013136441e-07
-1.57868903951411e-08
3.808023185535005e-07
-6.561873953651883e-09
3.815727015230079e-07
-1.745195210731449e-09
3.802070497348527e-07
3.848631333161246e-10
3.771943361366099e-07
1.729336305719179e-09
3.739064563983876e-07
4.187044179583571e-09
3.705665469660037e-07
3.611969604226372e-09
3.637527613128268e-07
-8.840725834029749e-09
3.389459257512134e-07
-2.808255471258868e-08
3.143362168529262e-07
-2.534983660603818e-08
2.937131062905373e-07
-1.148361697104305e-08
2.762393571861275e-07
5.518822412063529e-09
2.609028883971245e-07
2.195202255492401e-08
2.468341870703435e-07
3.629875883186032e-08
2.333894835046511e-07
4.837279537293516e-08
2.20137300842327e-07
5.855861731979571e-08
2.068122191290343e-07
6.738944779958795e-08
1.932270407559543e-07
7.52954696525616e-08
1.792169591510191e-07
8.25181071320736e-08
1.646196265069917e-07
8.909379133632945e-08
1.492861791402635e-07
9.487068087712511e-08
1.331130820220825e-07
9.953457426649994e-08
1.160873897517442e-07
1.026388783806661e-07
9.833995656005966e-08
1.036458561050159e-07
8.019807424237393e-08
1.019931535828888e-07
6.222056394646738e-08
9.720762718338735e-08
4.518360409139799e-08
8.906660286598316e-08
2.996212322479967e-08
7.78850555624472e-08
1.730606208569336e-08
6.446390203571856e-08
7.315470836416256e-09
5.144086003350666e-08
1.921765793599902e-10
3.655291330902865e-08
9.227539100182528e-11
1.253984372558048e-10
8.95174830665505e-11
2.278309763646701e-11
2.33441188267637e-10
-2.280216616404896e-10
3.894636484383657e-10
-3.612845820558889e-10
4.431456519620579e-10
-3.003208246160273e-10
3.934930963103996e-10
-1.484410696522805e-10
2.991027088018862e-10
-1.656428240516312e-11
2.097305246805995e-10
5.489777252588997e-11
1.446171314240168e-10
7.691182384318632e-11
1.019725359414751e-10
7.372030976095221e-11
7.322061393453329e-11
6.295674388557744e-11
5.134332982403769e-11
5.2701030038477e-11
3.330645529905287e-11
4.553982373093245e-11
1.881840482555585e-11
4.325048621930643e-11
7.762798703309651e-12
4.882880322874335e-11
5.700374297210298e-11
5.073466286062255e-12
-6.327661092121182e-11
1.270040054617595e-10
-7.854940567775006e-11
4.361849775808399e-10
-7.402522883601176e-11
8.450582184923402e-10
9.025649317456072e-11
1.198276804334317e-09
4.060100192640227e-10
1.47518505741491e-09
5.011863684360812e-10
1.720840541835893e-09
-4.89337563697219e-11
1.157928927749191e-09
-8.356356945740437e-10
2.748048535394608e-08
-8.339127266260262e-08
7.56433395362179e-08
-1.173460664302213e-07
1.395070541868787e-07
-1.416186477831093e-07
2.088759435276822e-07
-1.590620072076851e-07
2.789664691214444e-07
-1.631039699839374e-07
3.438902085765106e-07
-1.516479004753256e-07
3.972166607118216e-07
-1.252831928907617e-07
4.332711949252479e-07
-8.735776948585872e-08
4.526916904920453e-07
-5.034972854071305e-08
4.611422657110455e-07
-2.42374656969777e-08
4.640200112798048e-07
-9.439619604094615e-09
4.644119278296699e-07
-2.137111842236407e-09
4.63614502644143e-07
1.182288239690238e-09
4.621079303228167e-07
3.235908549380044e-09
4.603642435824651e-07
5.930730846459154e-09
4.55838509166109e-07
8.137703950420233e-09
4.406497242598986e-07
6.348059008215787e-09
4.095994230551801e-07
2.967746433540725e-09
3.752473045316302e-07
9.002281867255915e-09
3.434629035727777e-07
2.030078394508044e-08
3.158577345058397e-07
3.312399144673869e-08
2.923854967673693e-07
4.542426027071464e-08
2.72314667131439e-07
5.636958845750834e-08
2.547678206390791e-07
6.591964186635745e-08
2.389409618548267e-07
7.438547611905873e-08
2.241681681427209e-07
8.216224153935667e-08
2.099000254767033e-07
8.956361236122362e-08
1.9566830158175e-07
9.674983108306121e-08
1.810609628823641e-07
1.037011301071576e-07
1.657176466225973e-07
1.102139972218272e-07
1.493469280008823e-07
1.159052929883344e-07
1.317654334143463e-07
1.202203730802648e-07
1.129590166340696e-07
1.224522730126649e-07
9.316286004885818e-08
1.217893103072272e-07
7.294612616065848e-08
1.174243612235114e-07
5.325930018080784e-08
1.087534290077001e-07
3.535281464826833e-08
9.579154126751182e-08
2.045141620886222e-08
7.936530065515686e-08
8.753190289942197e-09
6.313908614020356e-08
1.597279929938816e-10
4.514637579814821e-08
-4.92485278377237e-11
3.343751543093533e-10
1.314662434141358e-10
-1.579314771300543e-10
4.58405330158173e-10
-5.549605520580937e-10
6.027193369227307e-10
-5.055983960763613e-10
5.274190318234016e-10
-2.250203309941079e-10
3.639239373053474e-10
1.505420700936345e-11
2.207199757045284e-10
1.266398531977134e-10
1.317081809247142e-10
1.439097328130593e-10
8.687598156463518e-11
1.217441758113816e-10
6.61162641816032e-11
9.44801645929354e-11
5.383729776093898e-11
7.523584332351566e-11
4.159176144028527e-11
6.494672547335334e-11
2.738988709373728e-11
5.974174204562462e-11
1.400356386987008e-11
5.663664535145805e-11
4.825162705793418e-12
5.800810870422152e-11
6.182867842748488e-11
-2.093311467947577e-10
1.460542824948557e-10
-1.274846981080356e-10
-1.603959701291084e-10
3.562794576971263e-10
-5.577894550930642e-10
1.089900044508957e-09
-6.433641537344531e-10
1.813276673683718e-09
-3.173666683528853e-10
2.067005118101401e-09
2.474578661220744e-10
1.527953085005812e-09
4.901182185390078e-10
7.184795157759217e-10
-2.616218351283054e-11
3.536473557977165e-08
-1.180375287852971e-07
8.635157269337547e-08
-1.683329036023171e-07
1.543873512795016e-07
-2.096544264287356e-07
2.309062920882319e-07
-2.355809480759659e-07
3.096097357905109e-07
-2.418074137471629e-07
3.83096614351065e-07
-2.251347790971086e-07
4.429852473995866e-07
-1.851718260021411e-07
4.802478293044909e-07
-1.246203514538299e-07
4.964619878675076e-07
-6.656388716831357e-08
5.012502235762002e-07
-2.902570146987309e-08
5.021001992422237e-07
-1.028959533508543e-08
5.020447515542717e-07
-2.081664217873119e-09
5.019245368259436e-07
1.302502904652275e-09
5.018242880139293e-07
3.336157300645018e-09
5.012456367130943e-07
6.509382088080743e-09
4.963190143685445e-07
1.306432623990651e-08
4.788409315610365e-07
2.382614176378828e-08
4.456605255697315e-07
3.614815237879715e-08
4.073169573479589e-07
4.734585004785424e-08
3.704083903175084e-07
5.72093509420271e-08
3.379166932758421e-07
6.56156884615179e-08
3.105085628201976e-07
7.283239070883057e-08
2.876805798630292e-07
7.919757140532193e-08
2.685081033971235e-07
8.509211833367116e-08
2.520121429177806e-07
9.088143660918073e-08
2.37305610951468e-07
9.686877352817716e-08
2.23618524181469e-07
1.032506991638044e-07
2.102796989190503e-07
1.1008865639021e-07
1.966907881941828e-07
1.172900408869539e-07
1.823107239984596e-07
1.245940614844414e-07
1.666604180420058e-07
1.31555599021392e-07
1.493537159631504e-07
1.375270752468851e-07
1.30161981902317e-07
1.416440071698923e-07
1.091215642635344e-07
1.428297280521735e-07
8.668630978181409e-08
1.398596158183758e-07
6.389416916231763e-08
1.315455697481718e-07
4.244932087219165e-08
1.172363896834029e-07
2.438860702444891e-08
9.742601463396401e-08
1.049984396639223e-08
7.702784933139414e-08
-2.913743134267967e-10
5.593759421308022e-08
-2.094227728737495e-10
2.524237473538002e-10
5.166372867585882e-10
-8.839914051581138e-10
9.210024713611969e-10
-9.593256107805437e-10
8.003960212154798e-10
-3.84991826576426e-10
4.831317664857227e-10
9.224403321984153e-11
2.292163343962273e-10
2.689697372610894e-10
9.649588155346264e-11
2.593603904788947e-10
4.754443507557828e-11
1.928612467014602e-10
3.798431033643408e-11
1.313043505620435e-10
4.135679055063172e-11
9.110772714568894e-11
4.495151127721633e-11
7.164115382149825e-11
4.246625041575938e-11
6.74319631231971e-11
3.156436452617125e-11
7.064373673741085e-11
1.573282955540603e-11
7.246858968497528e-11
3.969920689560499e-12
6.977042381355705e-11
6.579899008848327e-11
-5.223229110646431e-10
6.683773754466499e-10
-3.684644425369105e-10
-3.142544091301818e-10
1.438623098823122e-10
-1.070116228995086e-09
8.519180398073939e-10
-1.35141991852646e-09
1.939848953759142e-09
-1.405297620689171e-09
2.863249430965639e-09
-6.759426512524719e-10
2.37220209059437e-09
9.811655180037602e-10
1.022921556293275e-09
1.32311830905774e-09
3.77718136950919e-08
-1.547864209661116e-07
8.891223267230512e-08
-2.194733226227553e-07
1.580422210820253e-07
-2.787844148820425e-07
2.370281985073492e-07
-3.145669255464546e-07
3.192452323130611e-07
-3.240244475985781e-07
3.970649584544307e-07
-3.029545052859444e-07
4.603646522079792e-07
-2.484715198037479e-07
4.942582569991275e-07
-1.585139562949017e-07
5.021428678197769e-07
-7.444849803902856e-08
5.001744470180109e-07
-2.705728071945162e-08
4.980719279935023e-07
-8.187076361280501e-09
4.974775043350106e-07
-1.487240610634838e-09
4.978895662264659e-07
8.904409635099786e-10
4.989167428981565e-07
2.308980579629034e-09
5.000197893876479e-07
5.406335551968943e-09
4.968625608643256e-07
1.622155471816367e-08
4.801984235001585e-07
4.049027908696896e-08
4.46914134526867e-07
6.943244131400972e-08
4.08428052146882e-07
8.583193239526973e-08
3.715677892824778e-07
9.406961377817127e-08
3.394155720181837e-07
9.776790570445769e-08
3.12670756764942e-07
9.957720594631881e-08
2.908409270971157e-07
1.01027401065493e-07
2.729968156377311e-07
1.029362297920167e-07
2.581344019770812e-07
1.057438502777217e-07
2.453206158906973e-07
1.096825596296694e-07
2.337235619789291e-07
1.148477530999665e-07
2.225969233927564e-07
1.212152950080896e-07
2.112506918724948e-07
1.286362724480189e-07
1.990258088597425e-07
1.368189445448584e-07
1.852849624923761e-07
1.452964454447683e-07
1.694273250889416e-07
1.533847127121983e-07
1.509407697323801e-07
1.601305625953899e-07
1.295140594703491e-07
1.642564383875101e-07
1.05242204509383e-07
1.641314708579292e-07
7.894240472518247e-08
1.578453696133562e-07
5.257488136857526e-08
1.43603913124024e-07
2.923198543089792e-08
1.20768910655646e-07
1.191697805258545e-08
9.434285679392844e-08
-1.523134679793511e-09
6.937770702670745e-08
3.146968900079725e-10
-1.58540774453414e-09
1.596238874648314e-09
-2.165533318912107e-09
1.406123375066636e-09
-7.692100479023577e-10
7.107806557610095e-10
3.103509443262683e-10
2.222415946538336e-10
5.807831332495131e-10
2.341439416482909e-11
4.67796959318979e-10
-1.889229985530174e-11
3.016670877316854e-10
-8.698398244405193e-12
1.826673256037427e-10
1.071633403864826e-11
1.118895794472443e-10
2.821973456314388e-11
7.360426604360798e-11
4.221928748283255e-11
5.764152465219815e-11
5.044861293054476e-11
5.920263336692649e-11
4.761367649353781e-11
7.347855660127889e-11
2.966198624859411e-11
9.041986888458771e-11
6.420025214426383e-12
9.301319827048162e-11
7.221868619035738e-11
-7.296230527590493e-10
1.39800019907461e-09
-2.092905068237332e-10
-8.345870346821656e-10
-1.003033321725703e-10
-1.179103435960714e-09
-4.065541691022896e-11
-1.411067856085939e-09
1.01796333620085e-09
-2.463916395271731e-09
3.428065674360002e-09
-3.08604501127374e-09
5.221413379051233e-09
-8.121822098020732e-10
2.560002948810922e-09
3.984528715187456e-09
3.44811145387004e-08
-1.867075325817251e-07
8.410603932557036e-08
-2.690982474362102e-07
1.518480117588278e-07
-3.465263873438914e-07
2.275307469830067e-07
-3.902496608002787e-07
3.058366005393015e-07
-4.023303011867739e-07
3.815506869080117e-07
-3.786685916876692e-07
4.444713960929678e-07
-3.113922290240175e-07
4.70292112392987e-07
-1.843346726309868e-07
4.661270037447752e-07
-7.028338942889708e-08
4.565083233846345e-07
-1.743860039750974e-08
4.523542718028336e-07
-4.033024818968247e-09
4.519356782614487e-07
-1.068647108082956e-09
4.527505681308706e-07
7.555105462446792e-11
4.542312870549436e-07
8.282616176086383e-10
4.570624137348555e-07
2.575208834361807e-09
4.574901641700059e-07
1.579380424789851e-08
4.444570961501241e-07
5.352334707304382e-08
4.128554415343825e-07
1.010340958996893e-07
3.780808432567452e-07
1.206065306452543e-07
3.465175352016512e-07
1.256329218104683e-07
3.199925006131483e-07
1.242929402735985e-07
2.985416280955032e-07
1.210280784504225e-07
2.814735956895833e-07
1.180954334621175e-07
2.679087025030537e-07
1.165011229757409e-07
2.569759149827727e-07
1.166766377999124e-07
2.47876700809085e-07
1.187817738120171e-07
2.398827698903009e-07
1.228416840321602e-07
2.323116967040599e-07
1.287863682142713e-07
2.244954349792321e-07
1.364525341970906e-07
2.157481628216707e-07
1.455662167324718e-07
2.053421560165136e-07
1.557024522833549e-07
1.924967537303516e-07
1.662301150363943e-07
1.763936905661849e-07
1.762336257996e-07
1.562441489557214e-07
1.844059800409861e-07
1.314653328892245e-07
1.88910286967681e-07
1.020514587432587e-07
1.872592438035208e-07
6.935835915358001e-08
1.762970127560222e-07
3.691666025388421e-08
1.532106095962171e-07
1.289900307425972e-08
1.183605140100588e-07
-1.230849402776258e-09
8.35075595357938e-08
3.219677566417925e-09
-6.035934689340618e-09
2.958916001605233e-09
-1.904771737813016e-09
1.167024300895647e-09
1.022681657088981e-09
1.304348390657946e-10
1.346940397656944e-09
-1.411712393585169e-10
8.523891855029219e-10
-1.242040204201186e-10
4.508296957435259e-10
-6.384995368762321e-11
2.413129524211328e-10
-2.09077817655977e-11
1.397250623519291e-10
4.07446948539339e-12
8.690721171186542e-11
2.081095512557002e-11
5.686764935971186e-11
3.73372475000217e-11
4.111510608511576e-11
5.62268841183359e-11
4.031282202692915e-11
7.18690325801733e-11
5.783627888558573e-11
6.708452222940231e-11
9.520470027259085e-11
2.071495225527501e-11
1.393818535831704e-10
9.293352944522425e-11
4.101637566873862e-10
9.878366790908936e-10
5.232081975801116e-10
-9.476313979798277e-10
-6.224127901378542e-10
-3.348242566939231e-11
-1.031110159535084e-09
-1.002370479502145e-09
-8.07016362051055e-10
-2.688010190366328e-09
1.519361045380468e-09
-5.412422419437929e-09
8.89771028664329e-09
-8.19053145372146e-09
1.565310582811308e-08
-2.77086683127324e-09
3.237976118163046e-08
-2.034341879418915e-07
8.172471661061835e-08
-3.184432028746162e-07
1.44250440079113e-07
-4.090521108236207e-07
2.073632031176618e-07
-4.533624238531158e-07
2.694384461526039e-07
-4.644055442378778e-07
3.309364437384016e-07
-4.401665892926991e-07
3.84977957284717e-07
-3.654337425911843e-07
3.916246098592067e-07
-1.90981325229314e-07
3.797217865396344e-07
-5.838056613414719e-08
3.697541552025187e-07
-7.47096908747109e-09
3.6742093511958e-07
-1.699804763459388e-09
3.675700915219866e-07
-1.21780353957375e-09
3.676232343068768e-07
2.240824102265243e-11
3.673303771263149e-07
1.121118768506166e-09
3.687225134050249e-07
1.183072527220826e-09
3.710403618128999e-07
1.347595581151163e-08
3.678419689580151e-07
5.672173990162676e-08
3.422322465271496e-07
1.266438183050573e-07
3.173618785338961e-07
1.454768986161233e-07
2.974893110462904e-07
1.455054892772999e-07
2.820278874881243e-07
1.397543638148641e-07
2.701378791487503e-07
1.329180867751207e-07
2.610725356028674e-07
1.271607769976984e-07
2.542331977687445e-07
1.233404608021096e-07
2.491028059262835e-07
1.218070296391395e-07
2.452035785156987e-07
1.226810012218666e-07
2.420669674625768e-07
1.259782950887965e-07
2.392072082044725e-07
1.316461274779257e-07
2.360942569046739e-07
1.395654855059763e-07
2.321277633235071e-07
1.495327103238846e-07
2.266024674742803e-07
1.612277481452319e-07
2.186726389557824e-07
1.74159943567454e-07
2.073173869362782e-07
1.87588877832571e-07
1.913172472538491e-07
2.004061197352332e-07
1.692845295713844e-07
2.109430046610678e-07
1.398454648258834e-07
2.166983085564664e-07
1.023892616731654e-07
2.137532159132181e-07
5.871104501676033e-08
1.968888262515391e-07
2.240461724379594e-08
1.546669417766274e-07
1.118340311527899e-08
9.472877364989132e-08
8.722976615952334e-09
-3.575508212733258e-09
2.31148505826093e-09
4.506719785691809e-09
-2.886495350505237e-10
3.622816204183843e-09
-5.14982321424581e-10
1.573273121600045e-09
-2.769593912855051e-10
6.143661760792625e-10
-1.135624523636956e-10
2.874326547811529e-10
-3.754948783222405e-11
1.652998648537813e-10
-5.139528716411752e-12
1.073149518278384e-10
7.508661674196535e-12
7.425885251863774e-11
1.39087987782278e-11
5.046731390962692e-11
2.504437049958398e-11
2.997933399866971e-11
4.928549439174952e-11
1.607149000503727e-11
8.685079391571127e-11
2.027071874580092e-11
1.276108327753633e-10
5.444378067488338e-11
8.829915101988922e-11
1.786931604890717e-10
1.812322119455126e-10
7.080081951338529e-09
-6.092245466695634e-09
-1.027207594484892e-10
6.235171282754865e-09
-2.355070283247743e-09
2.218867117699571e-09
-8.670692690069856e-10
-2.490371464573081e-09
-1.068996034122203e-09
-2.486083396605707e-09
-3.234999060610402e-09
-3.246419366131893e-09
4.719940468543173e-09
-1.614547095921155e-08
6.351487769285343e-08
-6.156580403461942e-08
7.461673542453157e-08
-2.145360456564706e-07
1.14900338997913e-07
-3.587268064337796e-07
1.547683842603737e-07
-4.489201560760863e-07
1.850422432624342e-07
-4.836362828482426e-07
2.057885760357537e-07
-4.851518770086211e-07
2.187515598723457e-07
-4.531295731296231e-07
2.178343997651928e-07
-3.645165824886099e-07
2.446688184947108e-07
-2.178157439656709e-07
2.48573353898536e-07
-6.228510154859918e-08
2.572215014886227e-07
-1.611911668992018e-08
2.579165506207779e-07
-2.394853911015229e-09
2.570404304195455e-07
-3.41683354813334e-10
2.571057913632284e-07
-4.295272153699284e-11
2.561533718953797e-07
2.073538217185238e-09
2.4619990736748e-07
1.113653703432122e-08
2.248130847322598e-07
3.486277842649057e-08
2.088794545786288e-07
7.265537003415661e-08
2.199301180446128e-07
1.155931548193319e-07
2.248205164681273e-07
1.40586500172671e-07
2.280923256149723e-07
1.422336801124881e-07
2.301144636533955e-07
1.37732225758738e-07
2.314653580511306e-07
1.315671923620145e-07
2.326555848669643e-07
1.259705501669564e-07
2.340392735718674e-07
1.21956772084679e-07
2.357966559358924e-07
1.200496472629312e-07
2.379600512793074e-07
1.205176058683389e-07
2.404414385290149e-07
1.234969078288526e-07
2.430503347771222e-07
1.290372312209626e-07
2.454955403120794e-07
1.371202799612213e-07
2.473745822022737e-07
1.476536684242224e-07
2.48150997067626e-07
1.604513332683431e-07
2.471174310984008e-07
1.751935095241166e-07
2.433425674285314e-07
1.913637414864401e-07
2.355982199013009e-07
2.081504672438519e-07
2.222716061215633e-07
2.242696184172106e-07
2.013038928577256e-07
2.376660217923248e-07
1.704760432870132e-07
2.445810654492662e-07
1.290144563644673e-07
2.383504131331741e-07
8.829233047721658e-08
1.953890676143887e-07
6.215682983808479e-08
1.208642742310005e-07
8.855958866651736e-09
4.972536268969899e-08
-1.745287028454201e-09
1.510796560056954e-08
-1.176429755971925e-09
3.053958837058317e-09
-3.137615423849203e-10
7.106047984275448e-10
-8.622883185068963e-11
3.868333361740924e-10
-2.899365582126479e-11
2.301973303568984e-10
5.684528775165586e-13
1.357375815074405e-10
1.227535019117928e-11
9.560786021377472e-11
1.214114672958829e-11
7.439283026991088e-11
7.756586336493468e-12
5.485163904083356e-11
8.279889658167635e-12
2.945576147213846e-11
3.07113000253326e-11
-6.360247487689984e-12
7.911461571129812e-11
-2.813310989501319e-11
1.246330169367633e-10
8.924743509066037e-12
3.333098478317006e-10
-2.998471730384705e-11
5.145417976969215e-10
3.006115833125916e-07
9.329617153194203e-08
2.691572006553422e-07
3.768955409007788e-08
2.668800223735572e-07
4.496045491222263e-09
2.661613198599667e-07
-1.771668876690508e-09
2.647902955649667e-07
-1.115059034036823e-09
2.621463074879354e-07
-6.024312269340675e-10
2.522462193169973e-07
-6.24538273021527e-09
2.471028302075135e-07
-5.642241487231046e-08
2.198390926330781e-07
-1.872723080335684e-07
2.208106612569243e-07
-3.596983750150467e-07
2.07548797795467e-07
-4.356582925767274e-07
1.863240392779331e-07
-4.624115242989018e-07
1.555315665898196e-07
-4.543594042933571e-07
1.151619407895586e-07
-4.127599473082311e-07
7.455226769798448e-08
-3.23906909380071e-07
6.355641220155582e-08
-2.068198884580676e-07
4.373569958977531e-09
-3.102259298341829e-09
-3.654874994365019e-09
-8.090671733868691e-09
-1.329226975735181e-09
-4.720501929891642e-09
-1.397395197017362e-10
-1.531170815352178e-09
-5.438398008945214e-10
3.611475530081711e-10
-6.461616782794364e-10
2.175860084454298e-09
7.966502872519796e-09
2.523872472107255e-09
4.70172430528976e-08
-4.18796176799654e-09
7.058382488753308e-08
4.908878818487835e-08
1.018561648443697e-07
8.432081484574894e-08
1.340115069800049e-07
1.084311580202988e-07
1.585851326638379e-07
1.176600544101892e-07
1.766704494650729e-07
1.196469089393158e-07
1.902760823125102e-07
1.179615594947684e-07
2.011100069475341e-07
1.151366255123753e-07
2.103755432451343e-07
1.12691235765731e-07
2.188629859524602e-07
1.115622045341759e-07
2.270579275047038e-07
1.123226642924201e-07
2.352301620817195e-07
1.153246732274306e-07
2.434907845543392e-07
1.207766087209494e-07
2.518249230463807e-07
1.287861414401052e-07
2.601049933566698e-07
1.393735980808815e-07
2.680930760215361e-07
1.524632505675465e-07
2.754364082917538e-07
1.6785017721282e-07
2.816651425068029e-07
1.851350072260659e-07
2.862021648711951e-07
2.03613444827717e-07
2.884001062802206e-07
2.220716769507326e-07
2.876486281095656e-07
2.384174998977982e-07
2.835289376030065e-07
2.487007558834369e-07
2.762170547292147e-07
2.456622959254884e-07
2.601586888302759e-07
2.11447433423076e-07
2.799576352510536e-07
1.010653277094247e-07
3.020833487471142e-07
2.759964908221081e-08
3.142524888984751e-07
2.93882532532161e-09
3.16145452641241e-07
1.160994957418187e-09
3.165312433355156e-07
3.248139518284925e-10
3.173897890217067e-07
-4.717125186603279e-10
3.183477238922299e-07
-7.277377282589925e-10
3.191175697151323e-07
-6.34108448081091e-10
3.196752445706145e-07
-4.620672230964211e-10
3.200683493524242e-07
-3.187121955898594e-10
3.203396176420163e-07
-2.164169142881693e-10
3.205223303123952e-07
-1.532571950382038e-10
3.206622127179757e-07
-1.462430098724757e-10
3.208407426685191e-07
-2.066636534451195e-10
3.21050822128574e-07
-2.011556073867554e-10
3.207025881526434e-07
3.182485550235669e-10
4.04322713038051e-10
4.206868494951452e-07
7.260932191168526e-08
4.078514156417119e-07
5.052498799823889e-08
3.925198182767735e-07
1.982764296190154e-08
3.828988171732223e-07
7.849332341054178e-09
3.778627167561028e-07
3.921041494529e-09
3.775384719473299e-07
-2.781863110106048e-10
3.857196291379392e-07
-1.442653982006574e-08
3.962007028022262e-07
-6.69034884417166e-08
3.885254139435737e-07
-1.795970190877267e-07
3.345330140516938e-07
-3.057059750425043e-07
2.729861670951516e-07
-3.741114455476634e-07
2.105750164156587e-07
-4.000003735536201e-07
1.468829665531341e-07
-3.906673543733067e-07
8.354988580321134e-08
-3.494268665073227e-07
3.330054784395464e-08
-2.736575713779416e-07
1.591572634743789e-08
-1.894350669244755e-07
8.801122767976167e-09
4.012344310643586e-09
1.337045037608258e-09
-6.265939793118349e-10
-7.581131506033999e-10
-2.625343724219058e-09
-5.693833807908179e-10
-1.719900572257338e-09
1.167588422360865e-10
-3.249946630238747e-10
2.340497969075062e-09
-4.787903906283798e-11
6.967876919054304e-09
-2.103506479648262e-09
7.761703345929703e-09
-4.981788199559849e-09
1.695451894653662e-08
3.989597257508867e-08
4.496105602570104e-08
5.631427775503441e-08
7.897475563444703e-08
7.441745839586964e-08
1.087925234011044e-07
8.784228662573439e-08
1.334759525278045e-07
9.496347979077574e-08
1.537948360399339e-07
9.764267595864254e-08
1.709622639607723e-07
9.796919756333614e-08
1.860665778772425e-07
9.758692181859498e-08
1.999650777095049e-07
9.766370466665032e-08
2.132949813450573e-07
9.899276061857774e-08
2.265178344480297e-07
1.021018200809593e-07
2.399610535538682e-07
1.073333895677854e-07
2.538497843385735e-07
1.148974106020647e-07
2.683291947933501e-07
1.248941875679515e-07
2.834839929153431e-07
1.373084523804608e-07
2.993644729501217e-07
1.519696971070163e-07
3.160321001923747e-07
1.684673799048741e-07
3.336472777682621e-07
1.859982671658139e-07
3.526205089933526e-07
2.030984456307839e-07
3.738405293296145e-07
2.171974794584972e-07
3.987450690879338e-07
2.237962160124002e-07
4.289448470952847e-07
2.154625177962535e-07
4.597801314761004e-07
1.806121489098951e-07
4.599060685939075e-07
1.009393904489217e-07
4.537944252025752e-07
3.371129231954702e-08
4.509251075133263e-07
5.80814284913812e-09
4.525278586022986e-07
-4.417563094619538e-10
4.549352215716912e-07
-2.082549208790992e-09
4.569884818184638e-07
-2.524972971247658e-09
4.585843604088702e-07
-2.323616539999992e-09
4.597865004080864e-07
-1.836248684223885e-09
4.606611445510898e-07
-1.336711618582315e-09
4.612777536752659e-07
-9.35321583681862e-10
4.617048612342766e-07
-6.435247523529555e-10
4.620010188432165e-07
-4.494151020861139e-10
4.622056692005434e-07
-3.508937363291973e-10
4.623307708893634e-07
-3.317658869752093e-10
4.623936318749057e-07
-2.640173263469369e-10
4.625462616841707e-07
1.656181802196556e-10
3.992084392817902e-10
4.355780026787812e-07
3.703131964518266e-08
4.528763334263605e-07
3.322665750847362e-08
4.546189956895944e-07
1.808498089706275e-08
4.534037447537549e-07
9.064583455982063e-09
4.539265827627195e-07
3.398203655647754e-09
4.584877950190463e-07
-4.839398405858114e-09
4.683179705143099e-07
-2.425671516133345e-08
4.725998916386946e-07
-7.118540942154985e-08
4.47150668479934e-07
-1.54147795792937e-07
3.849682074728703e-07
-2.435235139099009e-07
3.097308742141369e-07
-2.988741121724831e-07
2.314242130989122e-07
-3.216937123327965e-07
1.552048311123153e-07
-3.14447972290306e-07
8.643338421795583e-08
-2.806554195274067e-07
3.552611510667678e-08
-2.227503021898178e-07
2.776274810596712e-09
-1.566852265621141e-07
5.348990687822822e-09
1.439628491637923e-09
3.588325761579565e-09
1.134070995360944e-09
1.379102449511473e-09
-4.161203712450452e-10
6.675316716496561e-10
-1.008329762461165e-09
1.30850209194971e-09
-9.659650580157389e-10
2.576056998034878e-09
-1.315433927959387e-09
2.443301002451657e-09
-1.970750472698937e-09
-1.297846288224591e-09
-1.240640904950988e-09
9.194905483436546e-09
2.940322080211813e-08
2.726295572027973e-08
3.824622750985761e-08
5.205332026058734e-08
4.962709384229572e-08
7.774831434614069e-08
6.214729252005167e-08
1.020141574706833e-07
7.069763664119346e-08
1.240791262451665e-07
7.557770715217386e-08
1.440969402624804e-07
7.795138350889679e-08
1.625574190863231e-07
7.912644295039826e-08
1.800313381259642e-07
8.01897855770812e-08
1.970649495119922e-07
8.195914917495293e-08
2.141495883340442e-07
8.501718119512692e-08
2.317201226620727e-07
8.976285516773976e-08
2.501639449692012e-07
9.64535882159907e-08
2.698325910653045e-07
1.052255413840206e-07
2.910559593576181e-07
1.160850839925705e-07
3.141617833528682e-07
1.288638730066588e-07
3.395044448905544e-07
1.431247182535225e-07
3.675029076373739e-07
1.579998042952458e-07
3.986658474832433e-07
1.719355056519072e-07
4.335319729162304e-07
1.823313538820572e-07
4.722359577230582e-07
1.850922310523496e-07
5.13334410080668e-07
1.743640652747896e-07
5.500389542064855e-07
1.439076046100423e-07
5.631613095580046e-07
8.781703491274291e-08
5.594974199508548e-07
3.737518173159117e-08
5.543286085669019e-07
1.097695402758069e-08
5.528291302369937e-07
1.057721804189867e-09
5.531692886946411e-07
-2.422707893137613e-09
5.539552867597635e-07
-3.310971274692664e-09
5.547346891590176e-07
-3.103019187607978e-09
5.553942076344588e-07
-2.495767419160357e-09
5.559038791256286e-07
-1.846383375699945e-09
5.562700115999437e-07
-1.301454331447681e-09
5.565194005023557e-07
-8.929139265937737e-10
5.56681700522107e-07
-6.117154009736827e-10
5.567747367572096e-07
-4.439303115473942e-10
5.568111641800983e-07
-3.681937600628406e-10
5.568658419727011e-07
-3.186956324994464e-10
5.571872984212539e-07
-1.558386362853537e-10
-7.061908484646209e-11
4.356991503808867e-07
1.332169254686131e-09
4.663769588449735e-07
2.548849227671822e-09
4.816675530062723e-07
2.794386969652315e-09
4.888427435073717e-07
1.889393195568728e-09
4.935063357282988e-07
-1.2653883300842e-09
4.980312568354546e-07
-9.36431928537108e-09
5.014647674939159e-07
-2.769022560269067e-08
4.946513124215897e-07
-6.437195414235031e-08
4.61899942236212e-07
-1.213964254132902e-07
3.998027065903318e-07
-1.814262780812759e-07
3.228068107359558e-07
-2.218782161488488e-07
2.40845211646928e-07
-2.397321130865416e-07
1.614441564624365e-07
-2.350469169623965e-07
9.127620208525574e-08
-2.104874650188216e-07
3.876002329018473e-08
-1.702341232770731e-07
1.224912249582868e-09
-1.191501154152495e-07
2.710189996931387e-09
-4.564916269676526e-11
3.362663053127849e-09
4.815980210887917e-10
2.667543697656944e-09
2.789990535469712e-10
1.963506606454155e-09
-3.042926123169191e-10
1.815992190099874e-09
-8.184505945671613e-10
1.570026118929241e-09
-1.069467819312042e-09
3.04070762501198e-10
-7.047950899546206e-10
-1.256217470226619e-09
3.196473450557047e-10
8.481741327034203e-09
1.966526201143642e-08
2.092725866838276e-08
2.580071016642388e-08
3.800864975385785e-08
3.254570274429639e-08
5.811439445885014e-08
4.204154779402167e-08
7.926612658233429e-08
4.954590448629993e-08
1.00235366028237e-07
5.460846766628688e-08
1.205380920928929e-07
5.764865739378964e-08
1.401510381776086e-07
5.951349680644166e-08
1.593084915125591e-07
6.103233217222843e-08
1.7837554002497e-07
6.289210058352805e-08
1.977800197466598e-07
6.561270138350234e-08
2.179778292282463e-07
6.956504558671078e-08
2.394367749105375e-07
7.499464242305302e-08
2.626292041505376e-07
8.203311202344214e-08
2.880277362836259e-07
9.06865517274483e-08
3.160995948879679e-07
1.007920142599672e-07
3.472925966434011e-07
1.119317163441514e-07
3.819973085070702e-07
1.232950922670749e-07
4.204480733771506e-07
1.334847406058294e-07
4.624822480448873e-07
1.402971790277471e-07
5.069823091288187e-07
1.405921697707509e-07
5.508582211855609e-07
1.304881530100631e-07
5.876727050866223e-07
1.070931204905773e-07
6.059291255389813e-07
6.956061423210074e-08
6.087785687071512e-07
3.452573832586014e-08
6.067711527961809e-07
1.298436969200699e-08
6.051629810609689e-07
2.665893285125404e-09
6.043893237965752e-07
-1.64905089122402e-09
6.040771500471458e-07
-2.998797793683783e-09
6.039826510189291e-07
-3.008520434721934e-09
6.039899531526687e-07
-2.503069829896559e-09
6.040347110138798e-07
-1.891141516967115e-09
6.040815533956145e-07
-1.34829698644528e-09
6.041147350140938e-07
-9.260958126218078e-10
6.041269743175971e-07
-6.239549678668392e-10
6.041134649296621e-07
-4.304211924400971e-10
6.040903791328692e-07
-3.451082685466513e-10
6.041458474438722e-07
-3.741642864520523e-10
6.044850644744238e-07
-4.950558061521048e-10
-5.464992603785909e-10
4.360494068144328e-07
-3.471723702241943e-08
4.674053461309419e-07
-2.880708968467326e-08
4.834840732310957e-07
-1.32843397826594e-08
4.912310548333622e-07
-5.857588078694157e-09
4.955252042821574e-07
-5.55953746214873e-09
4.973180770351095e-07
-1.115719173364506e-08
4.942715226525196e-07
-2.46436709270902e-08
4.794259585714192e-07
-4.952638978250404e-08
4.43523428250978e-07
-8.549389482788296e-08
3.849704058651776e-07
-1.228732554465321e-07
3.124826678648154e-07
-1.493904779145077e-07
2.342526975067693e-07
-1.615021425113417e-07
1.575570304313592e-07
-1.583512496852776e-07
8.869667797569348e-08
-1.416271123785119e-07
3.634863085402197e-08
-1.178860759860566e-07
1.074130495012389e-09
-8.387561490386739e-08
2.144028700890993e-09
-1.115547231225829e-09
2.862713418370049e-09
-2.370865756854025e-10
2.783620895085118e-09
3.580916827304537e-10
2.291756325081756e-09
1.875720474362476e-10
1.724682339923032e-09
-2.513765339061649e-10
1.013011119441589e-09
-3.577965389252819e-10
2.100480275687307e-10
9.816804808178313e-11
-1.154012604355628e-10
6.45096664087136e-10
7.126367984924467e-09
1.242349278375201e-08
1.662495746699601e-08
1.630212068723214e-08
2.904944487376113e-08
2.012121532735652e-08
4.455974273622561e-08
2.653124990684204e-08
6.20776319007641e-08
3.202801528417727e-08
8.062204463587755e-08
3.606405487921702e-08
9.954776990307326e-08
3.872293206187041e-08
1.185638046486172e-07
4.049746198192468e-08
1.37664794843029e-07
4.193134188613608e-08
1.570483057082339e-07
4.35085896125078e-08
1.770479078490939e-07
4.561309912416575e-08
1.980856233543471e-07
4.852732994898691e-08
2.206393609943038e-07
5.24409046380303e-08
2.452182159657805e-07
5.745425689311093e-08
2.723378496255745e-07
6.356691789633515e-08
3.024868341497519e-07
7.064302955101794e-08
3.360712636872434e-07
7.834728660969535e-08
3.733185315937281e-07
8.604782415073438e-08
4.141092992583511e-07
9.269397271967073e-08
4.576985441148204e-07
9.670793393775216e-08
5.02284550306827e-07
9.600616333438186e-08
5.444689001110365e-07
8.830380295077441e-08
5.791452595386229e-07
7.241676079823121e-08
5.997060106933035e-07
4.899986280370563e-08
6.075918928907581e-07
2.663985584669384e-08
6.091139628360924e-07
1.146229945848403e-08
6.085905619929477e-07
3.189293834207856e-09
6.076037459504126e-07
-6.62235146189768e-10
6.066593344259201e-07
-2.054386570343303e-09
6.058994267692959e-07
-2.248613077870557e-09
6.053408894729119e-07
-1.944532833844217e-09
6.049521332500047e-07
-1.502385584516047e-09
6.046882065854871e-07
-1.084370607723556e-09
6.045074571645805e-07
-7.453466502762545e-10
6.043726930393798e-07
-4.891910880965175e-10
6.042507434408419e-07
-3.084718105277337e-10
6.041389315852437e-07
-2.332966071123379e-10
6.041328751315222e-07
-3.681078618055249e-10
6.044676202298061e-07
-8.298008573767642e-10
-1.02977917520244e-09
4.363879914874992e-07
-7.110522834886866e-08
4.555456589240202e-07
-4.796475676061675e-08
4.594879984627919e-07
-1.722667891309412e-08
4.600825475073282e-07
-6.452136710023327e-09
4.602465122915102e-07
-5.723501841267708e-09
4.583029599043292e-07
-9.213638952345461e-09
4.507465197984607e-07
-1.708723044196553e-08
4.322456364696897e-07
-3.102550608947968e-08
3.972680904019139e-07
-5.051634841386684e-08
3.450949144792187e-07
-7.070007919484732e-08
2.811512694872601e-07
-8.544683261326614e-08
2.116882692599278e-07
-9.203914199314901e-08
1.424662614147e-07
-8.912924156977375e-08
7.82037228245897e-08
-7.736457353710064e-08
2.86394714861961e-08
-6.832182441740171e-08
1.951132883762815e-09
-5.718727609027269e-08
2.673299314853035e-09
-1.837713472401628e-09
2.437478578656579e-09
-1.265668982085064e-12
2.176753683112356e-09
6.188167274545215e-10
1.84573564521134e-09
5.185902151902145e-10
1.386466312050339e-09
2.078929079423162e-10
9.483674393894153e-10
8.030242331034688e-11
7.772305260951594e-10
2.693050300397913e-10
7.437164689502298e-10
6.786107710326683e-10
5.23349120760864e-09
7.933718074291287e-09
1.291406090672399e-08
8.621550998774737e-09
2.235890949055392e-08
1.06763667339869e-08
3.424242062581039e-08
1.464773874390057e-08
4.823042948796576e-08
1.804000637462268e-08
6.374220498482431e-08
2.055227931725852e-08
8.020259255079871e-08
2.2262544411636e-08
9.723986145030498e-08
2.34601929809624e-08
1.147262285606981e-07
2.444497465576577e-08
1.327452367364656e-07
2.548958130014109e-08
1.515411817844857e-07
2.681715392176079e-08
1.714729252545793e-07
2.859558630854318e-08
1.929758497489906e-07
3.09379799563322e-08
2.165279202794575e-07
3.390218616014984e-08
2.426123527752581e-07
3.748248518209881e-08
2.716666859562281e-07
4.158869613731037e-08
3.040047682943028e-07
4.600920402414918e-08
3.396955883620292e-07
5.035700382236371e-08
3.783836311278494e-07
5.400592967998695e-08
4.190487238067566e-07
5.604284097326073e-08
4.597409913023627e-07
5.531389554189965e-08
4.974013486296183e-07
5.064344531676601e-08
5.282175448084888e-07
4.160056430371146e-08
5.483289995156141e-07
2.888840777337159e-08
5.583766265227371e-07
1.659222851061564e-08
5.620689936598297e-07
7.769931987938712e-09
5.626387796755268e-07
2.619507483374535e-09
5.619145150715772e-07
6.202912162008844e-11
5.608219380040423e-07
-9.618098353230355e-10
5.597756169455205e-07
-1.202292349017664e-09
5.589256327639144e-07
-1.094548970281107e-09
5.582931208861784e-07
-8.698740169477702e-10
5.578464551321628e-07
-6.377051381736396e-10
5.575394323252515e-07
-4.383241103981645e-10
5.573207211197656e-07
-2.704801081145004e-10
5.571296710924714e-07
-1.174219537808558e-10
5.569218578931991e-07
-2.548342828746755e-11
5.567905843612349e-07
-2.368342816667293e-10
5.570802807068076e-07
-1.11949708560671e-09
-1.480327082484724e-09
4.21765409362259e-07
-9.287063703041443e-08
4.108969255132864e-07
-3.709627232370575e-08
3.977315186493962e-07
-4.061271507964695e-09
3.898091923797227e-07
1.470190082541401e-09
3.845853225800414e-07
-4.996315308588185e-10
3.784375997133505e-07
-3.065915590132839e-09
3.67955744163742e-07
-6.60537441180318e-09
3.494188399708124e-07
-1.248860143526845e-08
3.195585224597816e-07
-2.065603045992415e-08
2.780417691942592e-07
-2.918332550874612e-08
2.281841904872986e-07
-3.558925350630001e-08
1.744047614436014e-07
-3.825971257373014e-08
1.210783617355636e-07
-3.580284150798674e-08
7.170570011509008e-08
-2.799191158850962e-08
2.977632847216459e-08
-2.639245246925677e-08
4.561229453803335e-09
-3.197217679339396e-08
2.535458721549722e-09
1.880575146617945e-10
1.603867704544259e-09
9.303255752536846e-10
1.343463305419275e-09
8.79221329387762e-10
1.225694323546163e-09
6.363593717527899e-10
1.030555009869193e-09
4.030323715573367e-10
9.040463671166665e-10
2.068111876619884e-10
1.109020146026343e-09
6.433134787901744e-11
1.697670923761074e-09
8.996006179872143e-11
5.951603441766129e-09
3.679785600106116e-09
1.181765740933143e-08
2.755497047226565e-09
1.835286708338953e-08
4.141157051746119e-09
2.698901614067504e-08
6.011589651425909e-09
3.750648293843311e-08
7.522539518221749e-09
4.951968951511287e-08
8.539072656018494e-09
6.259518333385813e-08
9.187050485848441e-09
7.64252608822471e-08
9.630115300949848e-09
9.087444631101077e-08
9.995789074055638e-09
1.059697625872546e-07
1.039426484791345e-08
1.218708157205367e-07
1.091610059249454e-08
1.388365450898047e-07
1.162985672198148e-08
1.571926432738672e-07
1.258188153644798e-08
1.772983362346811e-07
1.379649294410584e-08
1.995077827895331e-07
1.527303835512085e-08
2.241189779934112e-07
1.697750064399462e-08
2.51301329266285e-07
1.882685244677602e-08
2.809933073834574e-07
2.066502538572558e-08
3.127669233717e-07
2.223231335932652e-08
3.456722297577074e-07
2.313753424255325e-08
3.781123739859436e-07
2.287375095849301e-08
4.078384753460239e-07
2.091734359233673e-08
4.323445234247294e-07
1.709451585312931e-08
4.494116716183792e-07
1.182125920236711e-08
4.593020515518451e-07
6.701848195929807e-09
4.640810669685121e-07
2.990916189134497e-09
4.658448121951026e-07
8.55761875171138e-10
4.660510891280941e-07
-1.442481884786651e-10
4.655870715689672e-07
-4.977926479434553e-10
4.649282326721943e-07
-5.434538131619594e-10
4.64298239411849e-07
-4.645560598916407e-10
4.637795266147155e-07
-3.511615509820243e-10
4.633850013543184e-07
-2.431801886870095e-10
4.630990603674726e-07
-1.523834059801336e-10
4.628943271240706e-07
-6.574709745467766e-11
4.62728465615572e-07
4.843940808131887e-11
4.625432517104845e-07
1.597304237730072e-10
4.623493842977489e-07
-4.296667882760704e-11
4.624066110274097e-07
-1.17672337864676e-09
-1.559143590493909e-09
3.015547346089904e-07
5.574628747836213e-09
2.712385900880582e-07
-6.78012721860615e-09
2.700080916256392e-07
-2.830772420351473e-09
2.694832805252656e-07
1.99500181192395e-09
2.665215560283045e-07
2.462093584221496e-09
2.617601082296031e-07
1.695532814607488e-09
2.539401070903478e-07
1.214627314021016e-09
2.407007174746192e-07
7.507887498004568e-10
2.200742722805918e-07
-2.958472106234036e-11
1.918352889079944e-07
-9.443416118655566e-10
1.577820461405153e-07
-1.536010242672059e-09
1.209033067365624e-07
-1.380972696482815e-09
8.571171980014985e-08
-6.11254129241769e-10
5.855183912788091e-08
-8.320304985852914e-10
3.454701828605474e-08
-2.387631243144711e-09
7.406736565107967e-09
-4.831894714381128e-09
2.067440302604349e-09
5.527354099784704e-09
8.565274365747856e-10
2.141238736172463e-09
7.926175512318032e-10
9.431314724857836e-10
8.245220722856583e-10
6.044550796231843e-10
7.899476096049754e-10
4.376070249476639e-10
7.833876024345999e-10
2.133713560064615e-10
1.079888056474149e-09
-2.321689836406291e-10
2.247558357919701e-09
-1.077710146914482e-09
6.08388533307127e-09
-1.565413206990702e-10
9.135079347318848e-09
-2.956969421808536e-10
1.340985485300374e-08
-1.33618466481451e-10
1.94268951000085e-08
-5.450636835976021e-12
2.681770105117998e-08
1.317334900643798e-10
3.520296017017918e-08
1.538134325499535e-10
4.429069778715604e-08
9.931273086843346e-11
5.389763267195189e-08
2.318025225262621e-11
6.394067423033002e-08
-4.725267913841877e-11
7.443853311407512e-08
-1.035942546779803e-10
8.549891805093962e-08
-1.442845911810429e-10
9.729779838031469e-08
-1.690238761355902e-10
1.100566290110994e-07
-1.769493878401432e-10
1.240186215312831e-07
-1.654998892104156e-10
1.394211550695575e-07
-1.294955176359719e-10
1.564594723047547e-07
-6.081694280647681e-11
1.752359039220659e-07
5.042046011932029e-11
1.956894842604302e-07
2.114446636428401e-10
2.175048187079963e-07
4.169785141321933e-10
2.400087856199888e-07
6.335669216238182e-10
2.620962932803986e-07
7.862428793647331e-10
2.822454829613789e-07
7.681534848175217e-10
2.988513815810699e-07
4.886168016497974e-10
3.10681477770279e-07
-8.837422363669662e-12
3.178386699571142e-07
-4.553444265045381e-10
3.214673378434255e-07
-6.377521316157803e-10
3.229039038372097e-07
-5.808045472464912e-10
3.231784865801616e-07
-4.188313533682351e-10
3.229348175353365e-07
-2.541240130854679e-10
3.225206085083339e-07
-1.292451834633084e-10
3.22103903539664e-07
-4.785147046995168e-11
3.217515341410557e-07
1.207488274135448e-12
3.214772734357424e-07
3.108018115193124e-11
3.212694190404061e-07
5.547069114568339e-11
3.211134723556934e-07
9.019933227335234e-11
3.210246451041837e-07
1.372664801038444e-10
3.210401790146367e-07
1.441965572737229e-10
3.20934041802691e-07
6.317086621311013e-11
3.196138902743304e-07
1.434281057709794e-10
-3.937971273985707e-10
6.960998428938955e-09
-1.386368855525493e-09
-3.166654469197205e-10
4.975374485598665e-10
-2.716902865785386e-09
-4.305342399684931e-10
-1.130093064459359e-09
4.081927570593021e-10
6.375173025265608e-11
1.268249525965617e-09
3.724422634402617e-10
1.386843000020468e-09
5.047157527591666e-10
1.082354528484088e-09
6.748912352075956e-10
5.806139467130115e-10
7.016402162812882e-10
-5.633304212107664e-11
4.463675855589759e-10
-6.890683511093334e-10
1.121189514107386e-11
-1.100853945151438e-09
-1.750547137265304e-10
-1.194705515187601e-09
3.749602825048254e-10
-1.161268579025568e-09
8.602507797909896e-10
-1.317320488252297e-09
-5.929809459665652e-10
-9.343990385114499e-10
-4.739180761755495e-09
-6.856944622442878e-10
2.524942171077824e-11
7.629243213299562e-10
7.959339664100871e-10
1.370554550828056e-09
7.247800842746324e-10
1.014285680398041e-09
6.693543303009507e-10
6.59881111395853e-10
6.81089031676577e-10
4.258725661282831e-10
7.008785591141764e-10
1.935820218324817e-10
5.307810477500477e-10
-6.207131523567052e-11
-3.856535504522276e-10
-1.612754411753923e-10
-3.398532128494786e-10
-2.023415871812272e-10
-3.271828929012104e-10
-3.08367239561873e-10
-2.599928893476348e-10
-2.008084832574738e-10
-1.956361459123637e-10
-6.980744000420452e-11
-1.006456597490968e-10
3.674290975496879e-11
-2.277695933889399e-11
7.594459446583648e-11
1.837292105646514e-11
5.816268039772217e-11
3.176762293646277e-11
9.785340497857002e-12
3.024225050855848e-11
-4.572754647135427e-11
2.152288490955946e-11
-9.48751643536525e-11
8.834231729153535e-12
-1.315962402517611e-10
-7.026732078224119e-12
-1.531632454171859e-10
-2.660469059964959e-11
-1.573717861687316e-10
-5.109358785415136e-11
-1.410113747110883e-10
-8.137750961606686e-11
-9.921199892401786e-11
-1.163681573641391e-10
-2.582671892112029e-11
-1.503871308240565e-10
8.443899311412534e-11
-1.701283155933241e-10
2.311853923270264e-10
-1.536389134262129e-10
4.004886432074125e-10
-7.658323724351999e-11
5.565107663546064e-10
6.998831925947901e-11
6.396708353391861e-10
2.547375605049567e-10
5.83403751172487e-10
3.882985379664824e-10
3.550553280297479e-10
3.606633275730112e-10
1.879729275951102e-11
1.997858584105315e-10
-2.94467451059013e-10
2.95106105458915e-11
-4.674773704078007e-10
-7.220548226976729e-11
-4.790889336444141e-10
-1.027232928587823e-10
-3.88314008735971e-10
-9.087328375590647e-11
-2.659744747147462e-10
-6.440297409550987e-11
-1.55715927039209e-10
-3.931758893758829e-11
-7.293727073849423e-11
-2.195349552601849e-11
-1.615699786300784e-11
-1.379273038558918e-11
2.291904916223661e-11
-1.174093756056564e-11
5.341855740273767e-11
-1.417243518087954e-12
7.987533844043953e-11
3.948135397053556e-11
9.636767762699517e-11
9.331310934224496e-11
9.036471100588076e-11
1.004228856957717e-10
5.606095576379182e-11
3.263160346940933e-10
-8.246462748034756e-11
-6.748124684065786e-11
2.914327604589004e-10
-1.677800971488894e-09
3.147246895324678e-10
4.74246338367382e-10
-7.76738278341466e-10
6.609295796403976e-10
-8.126099396806728e-10
4.440652680191426e-10
-2.100167545465745e-10
6.656571839285432e-10
3.091605806076881e-10
8.676664898606611e-10
6.296267421923967e-10
7.618891776822352e-10
7.995137262436874e-10
4.107277473027704e-10
7.821418682137459e-10
-3.89604189731461e-11
5.591675457704203e-10
-4.660932964853466e-10
2.530314742219162e-10
-7.94717165595716e-10
7.208103710122279e-11
-1.013754409130161e-09
2.43695281905157e-11
-1.113556429673506e-09
-3.550078979046073e-10
-9.379424664496947e-10
-9.407772217243934e-10
-3.486291515564516e-10
-1.704915752335845e-09
7.844458166036213e-11
-8.493471598259235e-10
-9.264379416563228e-11
9.317972536949765e-11
4.280280884288943e-10
4.522204657479698e-10
6.552453234519455e-10
5.309613259328116e-10
5.811405771485852e-10
5.40176202878563e-10
4.166579735673044e-10
4.780844976336413e-10
2.556739519990154e-10
2.693607850160788e-10
1.466525795993319e-10
1.580297442877017e-11
9.228249163443625e-11
-1.068862809802539e-10
-7.965225226961374e-11
-2.283616127291875e-10
-1.868918873345386e-10
-2.494865830630562e-10
-1.796835340453187e-10
-2.075702111131608e-10
-1.117238897014518e-10
-1.281246696438724e-10
-4.270274891394775e-11
-5.063851824797994e-11
-1.541727094653448e-12
2.39072309534659e-12
5.133232438726636e-12
2.757965943184537e-11
-1.5403850729882e-11
3.15522599450141e-11
-4.970043466820909e-11
2.19816709682101e-11
-8.530490585743468e-11
3.971992046763622e-12
-1.135869204647983e-10
-2.012203200212602e-11
-1.290696172590306e-10
-4.975539567806011e-11
-1.277388425700254e-10
-8.494400230545985e-11
-1.058232185114627e-10
-1.246277911391999e-10
-5.952868002318671e-11
-1.644864665146847e-10
1.403146277653274e-11
-1.945023778244165e-10
1.144543960493551e-10
-1.976207426678289e-10
2.34303231726785e-10
-1.523138700586243e-10
3.551812353510098e-10
-4.239761658523995e-11
4.465939672450377e-10
1.254600292141801e-10
4.718126391093465e-10
3.053638765867523e-10
4.03499349693321e-10
4.159457319128326e-10
2.444729190470535e-10
3.981457526065857e-10
3.659672158326746e-11
2.666358104345374e-10
-1.629580533278339e-10
1.00290347633332e-10
-3.011324418844637e-10
-2.725270724982646e-11
-3.515464013204911e-10
-9.05389876698035e-11
-3.250282340604921e-10
-1.021486060444644e-10
-2.543653455468492e-10
-8.618223676186527e-11
-1.716827636869544e-10
-6.222280790857611e-11
-9.689714822878304e-11
-4.101257903503215e-11
-3.736765108508873e-11
-2.533275763690324e-11
7.238821300938366e-12
-1.10589575985223e-11
3.914437748587821e-11
1.069218977408346e-11
5.81238378345203e-11
4.551456599617252e-11
6.154497866509182e-11
8.788664640159472e-11
4.799240305029334e-11
1.295916998097529e-10
1.435592119100108e-11
8.033475426655845e-11
-3.320812532664468e-11
1.285344900755777e-11
-7.995699214683639e-10
-8.782301182898453e-10
-3.237164384632252e-10
-1.606169763156329e-12
-2.174343622498586e-10
5.546484555938836e-10
-3.040665096622987e-10
5.306983695147182e-10
-1.170194722413803e-10
4.786110762500504e-10
2.491758384361756e-10
5.01472108570854e-10
5.684851712773159e-10
4.425807388701366e-10
7.337092446223095e-10
2.455045642296384e-10
7.261175481725029e-10
-3.136787817510612e-11
5.770435817137165e-10
-3.170184928200092e-10
3.530658860229466e-10
-5.707386886130251e-10
9.399449520246473e-11
-7.546822476782045e-10
-2.375524244226381e-10
-7.820088046505015e-10
-6.18269834793618e-10
-5.572243650438155e-10
-7.748795248655107e-10
-1.920188440644294e-10
-6.997316246946137e-10
3.29728081195807e-12
-6.782579111012128e-10
-1.141169891163987e-10
-2.852808270386027e-10
3.505150137705871e-11
9.395402663368638e-11
2.760108807924795e-10
2.911140817441875e-10
3.839809083792346e-10
3.425926773968226e-10
3.651796750346697e-10
2.953206118624615e-10
3.029462876418428e-10
1.978191775618327e-10
2.441541938352466e-10
1.241869343273385e-10
1.659148862869905e-10
9.659090915557132e-12
3.487565377628386e-11
-1.076160159037414e-10
-6.961674698732323e-11
-1.69239915007619e-10
-1.180596865494268e-10
-1.667937361926892e-10
-1.14170148907851e-10
-1.23326343594513e-10
-8.617030134763895e-11
-6.741986719272788e-11
-5.744839095471791e-11
-2.050398970102453e-11
-4.178290454842954e-11
7.156971512027171e-12
-4.306509718348313e-11
1.48372304392513e-11
-5.73810421365448e-11
6.526346195913049e-12
-7.699439343323761e-11
-1.318707675331718e-11
-9.387392297072146e-11
-4.094494630384765e-11
-1.013121935053275e-10
-7.458365133646195e-11
-9.410062676375266e-11
-1.120375219574763e-10
-6.836985415222892e-11
-1.496879891785084e-10
-2.187875209768241e-11
-1.805923547636695e-10
4.493527562364475e-11
-1.934045145256578e-10
1.272659803140747e-10
-1.734141724619399e-10
2.143123045432827e-10
-1.07353176477502e-10
2.89119641399475e-10
7.635548792979306e-12
3.316046384294636e-10
1.540495937777656e-10
3.253979871534077e-10
2.914404500065857e-10
2.661078852737765e-10
3.708876410786671e-10
1.650251252817744e-10
3.64443496861637e-10
4.304026667745624e-11
2.794886982151335e-10
-7.80038399114351e-11
1.552405372038304e-10
-1.768848574397098e-10
3.910081320808444e-11
-2.354072325400818e-10
-3.929357715195842e-11
-2.466343856407482e-10
-7.533092207307338e-11
-2.183285158853539e-10
-8.010707324704416e-11
-1.669071121240351e-10
-6.831068396279926e-11
-1.086940093033893e-10
-5.073940992401543e-11
-5.493938243649218e-11
-3.188983651149945e-11
-1.161118382312147e-11
-1.110315606128574e-11
1.835727598150531e-11
1.359628970558393e-11
3.342399375508841e-11
4.107034680040237e-11
3.407056949432125e-11
6.489132001511244e-11
2.417110032977527e-11
6.714572249968944e-11
1.210106768061245e-11
1.930785244074958e-11
1.462959115123587e-11
3.216104198231859e-11
-5.565820338396859e-10
-3.216472140658055e-10
-4.825588993866835e-10
-7.562829836838206e-11
-1.979489711722128e-10
2.700395449282747e-10
-6.333129256805189e-11
3.960817022404554e-10
5.378482819824719e-11
3.614959550400288e-10
2.541815332320292e-10
3.010763873863808e-10
4.674841276643382e-10
2.292791084946812e-10
5.979299231666214e-10
1.1505971011971e-10
6.089377303510242e-10
-4.237477161590775e-11
5.10529620683012e-10
-2.186094992008904e-10
3.204931263500334e-10
-3.807013459164957e-10
4.655244419996057e-11
-4.807407540519297e-10
-2.725294423559006e-10
-4.629261499670395e-10
-5.04976029427512e-10
-3.247770535164396e-10
-5.298599903470046e-10
-1.671342092903902e-10
-4.325990489248935e-10
-9.396303650795267e-11
-4.45523742502391e-10
-1.01191728384612e-10
-3.462931623868562e-10
-6.417856634702082e-11
-1.381565221682911e-10
6.787469094456178e-11
4.453072774129586e-11
2.012940504854259e-10
1.376176276057466e-10
2.720931016685811e-10
1.560866604217621e-10
2.844775209991713e-10
1.44736795704781e-10
2.555042574524648e-10
1.224515801003413e-10
1.882002402154426e-10
6.00715619681767e-11
9.725574302961329e-11
-1.783365701049389e-11
8.288484003790357e-12
-7.79008296760803e-11
-5.799256719881841e-11
-1.010834061049334e-10
-9.098768181962893e-11
-9.17467912991316e-11
-9.550708725642541e-11
-6.480312736713261e-11
-8.439227750942264e-11
-3.592755932794242e-11
-7.06587519248996e-11
-1.623448346969982e-11
-6.275849823148561e-11
-1.057166947845982e-11
-6.304423176577485e-11
-1.877621138047478e-11
-6.879026648374485e-11
-3.814765160264837e-11
-7.450294095951004e-11
-6.535042230883872e-11
-7.410991321325224e-11
-9.702743256816083e-11
-6.242414236029672e-11
-1.29323304156779e-10
-3.607453321580316e-11
-1.568961353704756e-10
5.693501179250278e-12
-1.721550993590418e-10
6.01936443287851e-11
-1.65614732487116e-10
1.207249991101719e-10
-1.282133755954068e-10
1.769103232624265e-10
-5.577449648146804e-11
2.166801269564846e-10
4.581903914079635e-11
2.300104644388415e-10
1.581536668260901e-10
2.130627180363144e-10
2.543568988694689e-10
1.699040155199151e-10
3.097815593919574e-10
1.095998316098787e-10
3.120680852732436e-10
4.075311790922214e-11
2.641606516795247e-10
-3.009701740775998e-11
1.829603305072792e-10
-9.56851310476372e-11
9.349813710684701e-11
-1.459456158971699e-10
1.833206223788705e-11
-1.714688666956415e-10
-3.086979374567442e-11
-1.691271940968236e-10
-5.403787836962455e-11
-1.437395398757643e-10
-5.771013865550146e-11
-1.05022240702705e-10
-4.932822660119515e-11
-6.332176777987171e-11
-3.405442689344461e-11
-2.68854408927087e-11
-1.481536202199851e-11
-8.822322094639451e-13
5.629757781712814e-12
1.297844714809281e-11
2.285198266592485e-11
1.684793728306606e-11
3.036513810375258e-11
1.665758845280172e-11
2.197364003064721e-11
2.049229835477179e-11
4.487882043642677e-12
3.211478366631801e-11
3.664872990859965e-11
-2.610378648981356e-10
-6.060836507843359e-11
-3.235510445839476e-10
-1.31140614739867e-11
-1.673341899806753e-10
1.138237665994811e-10
1.166723552598969e-11
2.170813164461793e-10
1.447567420020833e-10
2.284075051839108e-10
2.668688097170755e-10
1.789653233865913e-10
3.841980262620305e-10
1.119509138008837e-10
4.624461406390172e-10
3.681254923277466e-11
4.706605770641319e-10
-5.058823617659786e-11
3.969479503138945e-10
-1.448959841560872e-10
2.418180517836501e-10
-2.255705414720519e-10
2.517697856170068e-11
-2.640988727633462e-10
-1.920009986706757e-10
-2.457473486082925e-10
-3.248503860031262e-10
-1.919269526117484e-10
-3.47655624303513e-10
-1.443282435300306e-10
-3.232474912170427e-10
-1.183705631964785e-10
-3.249090992414295e-10
-9.952950265140153e-11
-3.1355024646667e-10
-7.553693027513609e-11
-2.367871436131944e-10
-8.887914534371632e-12
-1.243538471519438e-10
8.886111783348335e-11
-2.679439488062698e-11
1.745340189125469e-10
3.856511315816538e-11
2.191182475043694e-10
7.780603785238633e-11
2.16263570270095e-10
9.09271115902824e-11
1.75079270950432e-10
7.476490465210695e-11
1.134180548659383e-10
3.823535986513531e-11
4.481800581032305e-11
-2.632809466975904e-12
-1.712442267343852e-11
-3.270020614235843e-11
-6.09204296890052e-11
-4.602413038892854e-11
-8.218331125776853e-11
-4.558524265016378e-11
-8.483142249204716e-11
-3.89594459186841e-11
-7.728481104786836e-11
-3.396132143410975e-11
-6.77569812454395e-11
-3.586408595611679e-11
-6.114183189558999e-11
-4.65599235329905e-11
-5.809487528192265e-11
-6.516349913320497e-11
-5.589981834839805e-11
-8.905169577555877e-11
-5.022223590653907e-11
-1.145471568921674e-10
-3.6929207204071e-11
-1.370573452768251e-10
-1.356492138974873e-11
-1.509902757872913e-10
1.962584896146666e-11
-1.500190784143704e-10
5.922182918940913e-11
-1.28236231232962e-10
9.894152890166014e-11
-8.235012724669851e-11
1.310235760901944e-10
-1.428678326965149e-11
1.486161359242855e-10
6.733803756421888e-11
1.483849902121879e-10
1.485665971689307e-10
1.318335031522726e-10
2.144468900367481e-10
1.040230735621334e-10
2.538656256779596e-10
7.018044770439885e-11
2.616005646879154e-10
3.30175478391503e-11
2.38186038711462e-10
-6.683118330436915e-12
1.897177566572279e-10
-4.721744969548936e-11
1.275140761824412e-10
-8.37425287820372e-11
6.527587330375607e-11
-1.092312252547046e-10
1.429628512448131e-11
-1.181481585445068e-10
-1.980006068973228e-11
-1.096437146102459e-10
-3.691656169702998e-11
-8.790625333334266e-11
-4.018512304163557e-11
-6.005369403633255e-11
-3.378126449666723e-11
-3.328978164244619e-11
-2.206238942891815e-11
-1.260157340442425e-11
-9.613878067514439e-12
5.294765746460728e-13
-9.739694115775767e-13
8.207614890825332e-12
9.458024530524831e-13
1.473743252186009e-11
-2.0335675830308e-12
2.347118108144374e-11
-2.776827928138394e-12
3.285764422225685e-11
3.387162196643474e-11
-8.911421211890943e-11
2.850680047452844e-11
-1.302541910232579e-10
2.802698535339148e-11
-6.778533315475923e-11
5.135595946886393e-11
5.462378835806519e-11
9.467325295150228e-11
1.693222727191135e-10
1.137100414668491e-10
2.552301212076951e-10
9.305849966553782e-11
3.169455199808037e-10
5.023649093971678e-11
3.508803771488155e-10
2.878669778504156e-12
3.435750417314123e-10
-4.328198349614008e-11
2.83733434745019e-10
-8.505346140188744e-11
1.725965778821745e-10
-1.144328405397232e-10
3.236603665379324e-11
-1.2386749277074e-10
-9.65292926342698e-11
-1.168512624564426e-10
-1.813529176369615e-10
-1.071025800650583e-10
-2.235028670510698e-10
-1.021776370932753e-10
-2.462261134040088e-10
-9.564667310293152e-11
-2.647054969140801e-10
-8.104957254167517e-11
-2.796956140754033e-10
-6.054628351123708e-11
-2.648003143162699e-10
-2.378278615150365e-11
-2.101477872152593e-10
3.420899857916605e-11
-1.323751307717024e-10
9.676166700531727e-11
-5.300940116330568e-11
1.397527993714161e-10
1.289315479481003e-11
1.503611931388737e-10
5.634751227809717e-11
1.316250670943262e-10
7.550256297299737e-11
9.426305825942259e-11
7.222446965555273e-11
4.809612658085576e-11
5.279667819623234e-11
2.30330210421151e-12
2.657406735384382e-11
-3.46979128290283e-11
1.886545693250244e-12
-5.749597025142061e-11
-1.718927984275681e-11
-6.575580476292778e-11
-3.098922306284545e-11
-6.34851530996462e-11
-4.24265313357638e-11
-5.631998442653998e-11
-5.478242850076736e-11
-4.878631307945497e-11
-7.010357945806954e-11
-4.277412709753101e-11
-8.851675897443135e-11
-3.748709699488628e-11
-1.082655054483544e-10
-3.047396954944744e-11
-1.26094232531422e-10
-1.910100363689806e-11
-1.377482289506094e-10
-1.911467363878144e-12
-1.38608423392885e-10
2.048546964668147e-11
-1.246106278083132e-10
4.522344453415247e-11
-9.349528110565479e-11
6.782557343923881e-11
-4.610758382444799e-11
8.363525868724649e-11
1.291710741376661e-11
8.959081586520312e-11
7.581836563977282e-11
8.548309609986053e-11
1.33836147472048e-10
7.381508683247263e-11
1.797322505135605e-10
5.812633362318888e-11
2.090479474253474e-10
4.086412435418729e-11
2.196391084345163e-10
2.242576289277802e-11
2.109431053502979e-10
2.012278966079551e-12
1.842296264990988e-10
-2.050456951581848e-11
1.435925097697329e-10
-4.310598720194659e-11
9.605696276050879e-11
-6.169624319561636e-11
4.982289182816551e-11
-7.191462782509914e-11
1.167601116240663e-11
-7.149736409005269e-11
-1.470915547522385e-11
-6.152159663222627e-11
-2.895267137190892e-11
-4.581068052463176e-11
-3.319046488587334e-11
-2.905247732017498e-11
-3.103736035894402e-11
-1.475516192822869e-11
-2.647881491556791e-11
-4.029535618706316e-12
-2.252621972423746e-11
4.254581177979941e-12
-1.973151613682298e-11
1.194232871867697e-11
-1.576161087167082e-11
1.950089141899176e-11
-8.268906724915074e-12
2.536436891606752e-11
2.560244955371471e-11
-4.93842091501373e-12
3.344609325466069e-11
6.410397367747824e-13
2.244848873173045e-11
3.128772775271139e-11
2.071022135352202e-11
9.560757785957651e-11
3.035435482045183e-11
1.696369474745168e-10
3.968159275846646e-11
2.277322404832311e-10
3.496412559006735e-11
2.606877666620599e-10
1.728184276319776e-11
2.677991473279709e-10
-4.231837578587598e-12
2.475853344708083e-10
-2.306734785399197e-11
1.989523477632138e-10
-3.64196598746142e-11
1.273322367085824e-10
-4.281197439215459e-11
4.670102817610686e-11
-4.323554059179058e-11
-2.760895285375341e-11
-4.254060578348753e-11
-8.95324448374303e-11
-4.517842729896566e-11
-1.423542487561108e-10
-4.935524734212193e-11
-1.886131053174892e-10
-4.938724873199987e-11
-2.266295907299361e-10
-4.303259960180974e-11
-2.553735566179747e-10
-3.180185090413695e-11
-2.64331029018268e-10
-1.482493083213087e-11
-2.407249929144672e-10
1.060332226986203e-11
-1.842786690516145e-10
4.031561753637122e-11
-1.083200900831876e-10
6.379446988472091e-11
-3.097317337003701e-11
7.301444084734218e-11
3.336626928879093e-11
6.728576272902359e-11
7.692840428581132e-11
5.070097872576886e-11
9.661440928771906e-11
2.841015030394974e-11
9.37280287656856e-11
5.189632534740579e-12
7.374857406601469e-11
-1.471853492932932e-11
4.446912344386201e-11
-2.821666960937966e-11
1.304099183347628e-11
-3.432784915076175e-11
-1.609404079850671e-11
-3.435036259823835e-11
-4.154099062221592e-11
-3.087330140119943e-11
-6.395256206112833e-11
-2.637506637344687e-11
-8.451068345885437e-11
-2.221635312210846e-11
-1.036127033969374e-10
-1.838547337122531e-11
-1.201763422456363e-10
-1.391074716506286e-11
-1.316565136515023e-10
-7.621288027001543e-12
-1.346627448405892e-10
1.094290887705341e-12
-1.259805452379268e-10
1.180276751951492e-11
-1.037410139716139e-10
2.298339697565698e-11
-6.839325695687889e-11
3.247728016428278e-11
-2.306539316642086e-11
3.830684852224212e-11
2.700458288906575e-11
3.952028270329727e-11
7.59022580019761e-11
3.65848576678102e-11
1.18696739758969e-10
3.102003970555672e-11
1.52371464989208e-10
2.445104096620975e-11
1.755101407259053e-10
1.772488710670242e-11
1.872540268694884e-10
1.068131745886838e-11
1.866236680884285e-10
2.642091262047149e-12
1.728701277998935e-10
-6.751569695090852e-12
1.466284381980677e-10
-1.686482036262921e-11
1.109104215574729e-10
-2.597874126797577e-11
7.094407504691709e-11
-3.194877696236079e-11
3.274109921245909e-11
-3.32948770410906e-11
1.230440223354793e-12
-3.001141123400164e-11
-2.103782403293145e-11
-2.354288537842172e-11
-3.412249190760589e-11
-1.596826794017748e-11
-3.993272247551955e-11
-8.945388395514554e-12
-4.089403558744768e-11
-3.06866736626788e-12
-3.862234176701671e-11
1.982481583449422e-12
-3.332327113551418e-11
6.642894095566883e-12
-2.453860191673254e-11
1.071576641876772e-11
-1.257890643285731e-11
1.340415064394471e-11
1.302330690192238e-11
3.344649605846313e-11
5.58953998059893e-11
7.660604302546432e-11
1.069608016778495e-10
1.466428035133867e-10
1.816073145201781e-10
1.988895478433906e-10
1.946580720633955e-10
1.715910907447987e-10
1.351717638276509e-10
9.236012645535389e-11
4.912488503829332e-11
6.584581641109713e-12
-3.859358463134888e-11
-8.79485687122497e-11
-1.373355981645384e-10
-1.803679773225809e-10
-2.121696533994551e-10
-2.269944093739325e-10
-2.163909584654241e-10
-1.760752134268902e-10
-1.122806618267064e-10
-3.926614156573811e-11
2.801965621801506e-11
7.872066657335902e-11
1.071308065001847e-10
1.12320424202394e-10
9.76018356119368e-11
6.93851070049451e-11
3.50571639088137e-11
7.067013508019393e-13
-3.016673051769742e-11
-5.654193380419703e-11
-7.875844950891049e-11
-9.714409206622082e-11
-1.110550290220159e-10
-1.186765133168133e-10
-1.175824341829591e-10
-1.057798844874721e-10
-8.279671581280691e-11
-5.031966933733658e-11
-1.201306022270372e-11
2.750697865057211e-11
6.409159117636931e-11
9.511138258635683e-11
1.195621779252194e-10
1.372868177964255e-10
1.479678941140975e-10
1.50609744243974e-10
1.438579420308805e-10
1.269928903673902e-10
1.010139273394027e-10
6.906493000673739e-11
3.57698404839634e-11
5.758217644190153e-12
-1.778487377680276e-11
-3.37533481451108e-11
-4.269894004862674e-11
-4.576779812496153e-11
-4.378548169896491e-11
-3.714275835487304e-11
-2.642722132693285e-11
-1.302330690192218e-11
)
;

boundaryField
{
    inletLower
    {
        type            calculated;
        value           nonuniform List<scalar> 8(-3.999999999999997e-07 -4.000000000000004e-07 -3.999999999999997e-07 -4.000000000000004e-07 -3.999999999999997e-07 -4.000000000000004e-07 -3.999999999999997e-07 -4.000000000000004e-07);
    }
    inletUpper
    {
        type            calculated;
        value           nonuniform List<scalar> 8(-4.000000000000032e-07 -3.999999999999977e-07 -3.999999999999977e-07 -4.000000000000004e-07 -4.000000000000004e-07 -4.000000000000004e-07 -4.000000000000004e-07 -4.000000000000004e-07);
    }
    outletLower
    {
        type            calculated;
        value           nonuniform List<scalar> 8(1.780317155555148e-07 2.498714042182067e-07 3.273774981184226e-07 3.653267267351972e-07 3.839987691586562e-07 3.813737020032757e-07 3.516243545404568e-07 2.729979581593367e-07);
    }
    outletUpper
    {
        type            calculated;
        value           nonuniform List<scalar> 8(3.208128069855209e-07 4.625513757991966e-07 5.576571258518944e-07 6.049609446522179e-07 6.04950900166159e-07 5.575308287744049e-07 4.624854275464536e-07 3.184485440866867e-07);
    }
    sideWalls
    {
        type            calculated;
        value           uniform 0;
    }
    topBottomWalls
    {
        type            calculated;
        value           uniform 0;
    }
    frontAndBack
    {
        type            symmetry;
        value           uniform 0;
    }
}


// ************************************************************************* //
