$MeshFormat
2.2 0 8
$EndMeshFormat
$PhysicalNames
4
1 1 "inlets"
1 2 "outlets"
1 3 "walls"
2 10 "fluid"
$EndPhysicalNames
$Nodes
1973
1 0.02 0 0
2 0.022 0 0
3 0.024 0 0
4 0.026 0 0
5 0.028 0 0
6 0.08400000000000001 0 0
7 0.08600000000000001 0 0
8 0.08799999999999999 0 0
9 0.09 0 0
10 0.092 0 0
11 0.02 0.002 0
12 0.022 0.002 0
13 0.024 0.002 0
14 0.026 0.002 0
15 0.028 0.002 0
16 0.08400000000000001 0.002 0
17 0.08600000000000001 0.002 0
18 0.08799999999999999 0.002 0
19 0.09 0.002 0
20 0.092 0.002 0
21 0.02 0.004 0
22 0.022 0.004 0
23 0.024 0.004 0
24 0.026 0.004 0
25 0.028 0.004 0
26 0.08400000000000001 0.004 0
27 0.08600000000000001 0.004 0
28 0.08799999999999999 0.004 0
29 0.09 0.004 0
30 0.092 0.004 0
31 0.02 0.006 0
32 0.022 0.006 0
33 0.024 0.006 0
34 0.026 0.006 0
35 0.028 0.006 0
36 0.08400000000000001 0.006 0
37 0.08600000000000001 0.006 0
38 0.08799999999999999 0.006 0
39 0.09 0.006 0
40 0.092 0.006 0
41 0.02 0.008 0
42 0.022 0.008 0
43 0.024 0.008 0
44 0.026 0.008 0
45 0.028 0.008 0
46 0.08400000000000001 0.008 0
47 0.08600000000000001 0.008 0
48 0.08799999999999999 0.008 0
49 0.09 0.008 0
50 0.092 0.008 0
51 0.02 0.01 0
52 0.022 0.01 0
53 0.024 0.01 0
54 0.026 0.01 0
55 0.028 0.01 0
56 0.08400000000000001 0.01 0
57 0.08600000000000001 0.01 0
58 0.08799999999999999 0.01 0
59 0.09 0.01 0
60 0.092 0.01 0
61 0.02 0.012 0
62 0.022 0.012 0
63 0.024 0.012 0
64 0.026 0.012 0
65 0.028 0.012 0
66 0.08400000000000001 0.012 0
67 0.08600000000000001 0.012 0
68 0.08799999999999999 0.012 0
69 0.09 0.012 0
70 0.092 0.012 0
71 0.018 0.014 0
72 0.02 0.014 0
73 0.022 0.014 0
74 0.024 0.014 0
75 0.026 0.014 0
76 0.028 0.014 0
77 0.03 0.014 0
78 0.082 0.014 0
79 0.08400000000000001 0.014 0
80 0.08600000000000001 0.014 0
81 0.08799999999999999 0.014 0
82 0.09 0.014 0
83 0.092 0.014 0
84 0.094 0.014 0
85 0.016 0.016 0
86 0.018 0.016 0
87 0.02 0.016 0
88 0.022 0.016 0
89 0.024 0.016 0
90 0.026 0.016 0
91 0.028 0.016 0
92 0.03 0.016 0
93 0.032 0.016 0
94 0.08 0.016 0
95 0.082 0.016 0
96 0.08400000000000001 0.016 0
97 0.08600000000000001 0.016 0
98 0.08799999999999999 0.016 0
99 0.09 0.016 0
100 0.092 0.016 0
101 0.094 0.016 0
102 0.096 0.016 0
103 0.014 0.018 0
104 0.016 0.018 0
105 0.018 0.018 0
106 0.02 0.018 0
107 0.022 0.018 0
108 0.024 0.018 0
109 0.026 0.018 0
110 0.028 0.018 0
111 0.03 0.018 0
112 0.032 0.018 0
113 0.034 0.018 0
114 0.078 0.018 0
115 0.08 0.018 0
116 0.082 0.018 0
117 0.08400000000000001 0.018 0
118 0.08600000000000001 0.018 0
119 0.08799999999999999 0.018 0
120 0.09 0.018 0
121 0.092 0.018 0
122 0.094 0.018 0
123 0.096 0.018 0
124 0.098 0.018 0
125 -0.016 0.02 0
126 -0.014 0.02 0
127 -0.012 0.02 0
128 -0.01 0.02 0
129 -0.008 0.02 0
130 -0.006 0.02 0
131 -0.004 0.02 0
132 -0.002 0.02 0
133 0 0.02 0
134 0.002 0.02 0
135 0.004 0.02 0
136 0.006 0.02 0
137 0.008 0.02 0
138 0.01 0.02 0
139 0.012 0.02 0
140 0.014 0.02 0
141 0.016 0.02 0
142 0.018 0.02 0
143 0.02 0.02 0
144 0.022 0.02 0
145 0.024 0.02 0
146 0.026 0.02 0
147 0.028 0.02 0
148 0.03 0.02 0
149 0.032 0.02 0
150 0.034 0.02 0
151 0.036 0.02 0
152 0.038 0.02 0
153 0.04 0.02 0
154 0.042 0.02 0
155 0.044 0.02 0
156 0.046 0.02 0
157 0.048 0.02 0
158 0.05 0.02 0
159 0.052 0.02 0
160 0.054 0.02 0
161 0.056 0.02 0
162 0.058 0.02 0
163 0.06 0.02 0
164 0.062 0.02 0
165 0.064 0.02 0
166 0.066 0.02 0
167 0.068 0.02 0
168 0.07000000000000001 0.02 0
169 0.07200000000000001 0.02 0
170 0.074 0.02 0
171 0.076 0.02 0
172 0.078 0.02 0
173 0.08 0.02 0
174 0.082 0.02 0
175 0.08400000000000001 0.02 0
176 0.08600000000000001 0.02 0
177 0.08799999999999999 0.02 0
178 0.09 0.02 0
179 0.092 0.02 0
180 0.094 0.02 0
181 0.096 0.02 0
182 0.098 0.02 0
183 0.1 0.02 0
184 0.102 0.02 0
185 0.104 0.02 0
186 0.106 0.02 0
187 0.108 0.02 0
188 0.11 0.02 0
189 0.112 0.02 0
190 0.114 0.02 0
191 0.116 0.02 0
192 0.118 0.02 0
193 0.12 0.02 0
194 0.122 0.02 0
195 0.124 0.02 0
196 0.126 0.02 0
197 0.128 0.02 0
198 0.13 0.02 0
199 0.132 0.02 0
200 0.134 0.02 0
201 0.136 0.02 0
202 0.138 0.02 0
203 0.14 0.02 0
204 0.142 0.02 0
205 0.144 0.02 0
206 -0.016 0.022 0
207 -0.014 0.022 0
208 -0.012 0.022 0
209 -0.01 0.022 0
210 -0.008 0.022 0
211 -0.006 0.022 0
212 -0.004 0.022 0
213 -0.002 0.022 0
214 0 0.022 0
215 0.002 0.022 0
216 0.004 0.022 0
217 0.006 0.022 0
218 0.008 0.022 0
219 0.01 0.022 0
220 0.012 0.022 0
221 0.014 0.022 0
222 0.016 0.022 0
223 0.018 0.022 0
224 0.02 0.022 0
225 0.022 0.022 0
226 0.024 0.022 0
227 0.026 0.022 0
228 0.028 0.022 0
229 0.03 0.022 0
230 0.032 0.022 0
231 0.034 0.022 0
232 0.036 0.022 0
233 0.038 0.022 0
234 0.04 0.022 0
235 0.042 0.022 0
236 0.044 0.022 0
237 0.046 0.022 0
238 0.048 0.022 0
239 0.05 0.022 0
240 0.052 0.022 0
241 0.054 0.022 0
242 0.056 0.022 0
243 0.058 0.022 0
244 0.06 0.022 0
245 0.062 0.022 0
246 0.064 0.022 0
247 0.066 0.022 0
248 0.068 0.022 0
249 0.07000000000000001 0.022 0
250 0.07200000000000001 0.022 0
251 0.074 0.022 0
252 0.076 0.022 0
253 0.078 0.022 0
254 0.08 0.022 0
255 0.082 0.022 0
256 0.08400000000000001 0.022 0
257 0.08600000000000001 0.022 0
258 0.08799999999999999 0.022 0
259 0.09 0.022 0
260 0.092 0.022 0
261 0.094 0.022 0
262 0.096 0.022 0
263 0.098 0.022 0
264 0.1 0.022 0
265 0.102 0.022 0
266 0.104 0.022 0
267 0.106 0.022 0
268 0.108 0.022 0
269 0.11 0.022 0
270 0.112 0.022 0
271 0.114 0.022 0
272 0.116 0.022 0
273 0.118 0.022 0
274 0.12 0.022 0
275 0.122 0.022 0
276 0.124 0.022 0
277 0.126 0.022 0
278 0.128 0.022 0
279 0.13 0.022 0
280 0.132 0.022 0
281 0.134 0.022 0
282 0.136 0.022 0
283 0.138 0.022 0
284 0.14 0.022 0
285 0.142 0.022 0
286 0.144 0.022 0
287 -0.016 0.024 0
288 -0.014 0.024 0
289 -0.012 0.024 0
290 -0.01 0.024 0
291 -0.008 0.024 0
292 -0.006 0.024 0
293 -0.004 0.024 0
294 -0.002 0.024 0
295 0 0.024 0
296 0.002 0.024 0
297 0.004 0.024 0
298 0.006 0.024 0
299 0.008 0.024 0
300 0.01 0.024 0
301 0.012 0.024 0
302 0.014 0.024 0
303 0.016 0.024 0
304 0.018 0.024 0
305 0.02 0.024 0
306 0.022 0.024 0
307 0.024 0.024 0
308 0.026 0.024 0
309 0.028 0.024 0
310 0.03 0.024 0
311 0.032 0.024 0
312 0.034 0.024 0
313 0.036 0.024 0
314 0.038 0.024 0
315 0.04 0.024 0
316 0.042 0.024 0
317 0.044 0.024 0
318 0.046 0.024 0
319 0.048 0.024 0
320 0.05 0.024 0
321 0.052 0.024 0
322 0.054 0.024 0
323 0.056 0.024 0
324 0.058 0.024 0
325 0.06 0.024 0
326 0.062 0.024 0
327 0.064 0.024 0
328 0.066 0.024 0
329 0.068 0.024 0
330 0.07000000000000001 0.024 0
331 0.07200000000000001 0.024 0
332 0.074 0.024 0
333 0.076 0.024 0
334 0.078 0.024 0
335 0.08 0.024 0
336 0.082 0.024 0
337 0.08400000000000001 0.024 0
338 0.08600000000000001 0.024 0
339 0.08799999999999999 0.024 0
340 0.09 0.024 0
341 0.092 0.024 0
342 0.094 0.024 0
343 0.096 0.024 0
344 0.098 0.024 0
345 0.1 0.024 0
346 0.102 0.024 0
347 0.104 0.024 0
348 0.106 0.024 0
349 0.108 0.024 0
350 0.11 0.024 0
351 0.112 0.024 0
352 0.114 0.024 0
353 0.116 0.024 0
354 0.118 0.024 0
355 0.12 0.024 0
356 0.122 0.024 0
357 0.124 0.024 0
358 0.126 0.024 0
359 0.128 0.024 0
360 0.13 0.024 0
361 0.132 0.024 0
362 0.134 0.024 0
363 0.136 0.024 0
364 0.138 0.024 0
365 0.14 0.024 0
366 0.142 0.024 0
367 0.144 0.024 0
368 -0.016 0.026 0
369 -0.014 0.026 0
370 -0.012 0.026 0
371 -0.01 0.026 0
372 -0.008 0.026 0
373 -0.006 0.026 0
374 -0.004 0.026 0
375 -0.002 0.026 0
376 0 0.026 0
377 0.002 0.026 0
378 0.004 0.026 0
379 0.006 0.026 0
380 0.008 0.026 0
381 0.01 0.026 0
382 0.012 0.026 0
383 0.014 0.026 0
384 0.016 0.026 0
385 0.018 0.026 0
386 0.02 0.026 0
387 0.022 0.026 0
388 0.024 0.026 0
389 0.026 0.026 0
390 0.028 0.026 0
391 0.03 0.026 0
392 0.032 0.026 0
393 0.034 0.026 0
394 0.036 0.026 0
395 0.038 0.026 0
396 0.04 0.026 0
397 0.042 0.026 0
398 0.044 0.026 0
399 0.046 0.026 0
400 0.048 0.026 0
401 0.05 0.026 0
402 0.052 0.026 0
403 0.054 0.026 0
404 0.056 0.026 0
405 0.058 0.026 0
406 0.06 0.026 0
407 0.062 0.026 0
408 0.064 0.026 0
409 0.066 0.026 0
410 0.068 0.026 0
411 0.07000000000000001 0.026 0
412 0.07200000000000001 0.026 0
413 0.074 0.026 0
414 0.076 0.026 0
415 0.078 0.026 0
416 0.08 0.026 0
417 0.082 0.026 0
418 0.08400000000000001 0.026 0
419 0.08600000000000001 0.026 0
420 0.08799999999999999 0.026 0
421 0.09 0.026 0
422 0.092 0.026 0
423 0.094 0.026 0
424 0.096 0.026 0
425 0.098 0.026 0
426 0.1 0.026 0
427 0.102 0.026 0
428 0.104 0.026 0
429 0.106 0.026 0
430 0.108 0.026 0
431 0.11 0.026 0
432 0.112 0.026 0
433 0.114 0.026 0
434 0.116 0.026 0
435 0.118 0.026 0
436 0.12 0.026 0
437 0.122 0.026 0
438 0.124 0.026 0
439 0.126 0.026 0
440 0.128 0.026 0
441 0.13 0.026 0
442 0.132 0.026 0
443 0.134 0.026 0
444 0.136 0.026 0
445 0.138 0.026 0
446 0.14 0.026 0
447 0.142 0.026 0
448 0.144 0.026 0
449 -0.016 0.028 0
450 -0.014 0.028 0
451 -0.012 0.028 0
452 -0.01 0.028 0
453 -0.008 0.028 0
454 -0.006 0.028 0
455 -0.004 0.028 0
456 -0.002 0.028 0
457 0 0.028 0
458 0.002 0.028 0
459 0.004 0.028 0
460 0.006 0.028 0
461 0.008 0.028 0
462 0.01 0.028 0
463 0.012 0.028 0
464 0.014 0.028 0
465 0.016 0.028 0
466 0.018 0.028 0
467 0.02 0.028 0
468 0.022 0.028 0
469 0.024 0.028 0
470 0.026 0.028 0
471 0.028 0.028 0
472 0.03 0.028 0
473 0.032 0.028 0
474 0.034 0.028 0
475 0.036 0.028 0
476 0.038 0.028 0
477 0.04 0.028 0
478 0.042 0.028 0
479 0.044 0.028 0
480 0.046 0.028 0
481 0.048 0.028 0
482 0.05 0.028 0
483 0.052 0.028 0
484 0.054 0.028 0
485 0.056 0.028 0
486 0.058 0.028 0
487 0.06 0.028 0
488 0.062 0.028 0
489 0.064 0.028 0
490 0.066 0.028 0
491 0.068 0.028 0
492 0.07000000000000001 0.028 0
493 0.07200000000000001 0.028 0
494 0.074 0.028 0
495 0.076 0.028 0
496 0.078 0.028 0
497 0.08 0.028 0
498 0.082 0.028 0
499 0.08400000000000001 0.028 0
500 0.08600000000000001 0.028 0
501 0.08799999999999999 0.028 0
502 0.09 0.028 0
503 0.092 0.028 0
504 0.094 0.028 0
505 0.096 0.028 0
506 0.098 0.028 0
507 0.1 0.028 0
508 0.102 0.028 0
509 0.104 0.028 0
510 0.106 0.028 0
511 0.108 0.028 0
512 0.11 0.028 0
513 0.112 0.028 0
514 0.114 0.028 0
515 0.116 0.028 0
516 0.118 0.028 0
517 0.12 0.028 0
518 0.122 0.028 0
519 0.124 0.028 0
520 0.126 0.028 0
521 0.128 0.028 0
522 0.13 0.028 0
523 0.132 0.028 0
524 0.134 0.028 0
525 0.136 0.028 0
526 0.138 0.028 0
527 0.14 0.028 0
528 0.142 0.028 0
529 0.144 0.028 0
530 0 0.03 0
531 0.002 0.03 0
532 0.004 0.03 0
533 0.006 0.03 0
534 0.008 0.03 0
535 0.01 0.03 0
536 0.012 0.03 0
537 0.014 0.03 0
538 0.016 0.03 0
539 0.018 0.03 0
540 0.02 0.03 0
541 0.022 0.03 0
542 0.024 0.03 0
543 0.026 0.03 0
544 0.028 0.03 0
545 0.03 0.03 0
546 0.032 0.03 0
547 0.034 0.03 0
548 0.036 0.03 0
549 0.038 0.03 0
550 0.04 0.03 0
551 0.042 0.03 0
552 0.044 0.03 0
553 0.046 0.03 0
554 0.048 0.03 0
555 0.05 0.03 0
556 0.052 0.03 0
557 0.054 0.03 0
558 0.056 0.03 0
559 0.058 0.03 0
560 0.06 0.03 0
561 0.062 0.03 0
562 0.064 0.03 0
563 0.066 0.03 0
564 0.078 0.03 0
565 0.08 0.03 0
566 0.082 0.03 0
567 0.08400000000000001 0.03 0
568 0.08600000000000001 0.03 0
569 0.08799999999999999 0.03 0
570 0.09 0.03 0
571 0.092 0.03 0
572 0.094 0.03 0
573 0.096 0.03 0
574 0.098 0.03 0
575 0 0.032 0
576 0.002 0.032 0
577 0.004 0.032 0
578 0.006 0.032 0
579 0.008 0.032 0
580 0.01 0.032 0
581 0.012 0.032 0
582 0.014 0.032 0
583 0.016 0.032 0
584 0.018 0.032 0
585 0.02 0.032 0
586 0.022 0.032 0
587 0.024 0.032 0
588 0.026 0.032 0
589 0.028 0.032 0
590 0.03 0.032 0
591 0.032 0.032 0
592 0.034 0.032 0
593 0.036 0.032 0
594 0.038 0.032 0
595 0.04 0.032 0
596 0.042 0.032 0
597 0.044 0.032 0
598 0.046 0.032 0
599 0.048 0.032 0
600 0.05 0.032 0
601 0.052 0.032 0
602 0.054 0.032 0
603 0.056 0.032 0
604 0.058 0.032 0
605 0.06 0.032 0
606 0.062 0.032 0
607 0.064 0.032 0
608 0.08 0.032 0
609 0.082 0.032 0
610 0.08400000000000001 0.032 0
611 0.08600000000000001 0.032 0
612 0.08799999999999999 0.032 0
613 0.09 0.032 0
614 0.092 0.032 0
615 0.094 0.032 0
616 0.096 0.032 0
617 0 0.034 0
618 0.002 0.034 0
619 0.004 0.034 0
620 0.006 0.034 0
621 0.008 0.034 0
622 0.01 0.034 0
623 0.012 0.034 0
624 0.014 0.034 0
625 0.016 0.034 0
626 0.018 0.034 0
627 0.02 0.034 0
628 0.022 0.034 0
629 0.024 0.034 0
630 0.026 0.034 0
631 0.028 0.034 0
632 0.03 0.034 0
633 0.032 0.034 0
634 0.034 0.034 0
635 0.036 0.034 0
636 0.038 0.034 0
637 0.04 0.034 0
638 0.042 0.034 0
639 0.044 0.034 0
640 0.046 0.034 0
641 0.048 0.034 0
642 0.05 0.034 0
643 0.052 0.034 0
644 0.054 0.034 0
645 0.056 0.034 0
646 0.058 0.034 0
647 0.06 0.034 0
648 0.062 0.034 0
649 0.082 0.034 0
650 0.08400000000000001 0.034 0
651 0.08600000000000001 0.034 0
652 0.08799999999999999 0.034 0
653 0.09 0.034 0
654 0.092 0.034 0
655 0.094 0.034 0
656 0 0.036 0
657 0.002 0.036 0
658 0.004 0.036 0
659 0.006 0.036 0
660 0.008 0.036 0
661 0.01 0.036 0
662 0.012 0.036 0
663 0.014 0.036 0
664 0.016 0.036 0
665 0.018 0.036 0
666 0.02 0.036 0
667 0.022 0.036 0
668 0.024 0.036 0
669 0.026 0.036 0
670 0.028 0.036 0
671 0.03 0.036 0
672 0.032 0.036 0
673 0.034 0.036 0
674 0.036 0.036 0
675 0.038 0.036 0
676 0.04 0.036 0
677 0.042 0.036 0
678 0.044 0.036 0
679 0.046 0.036 0
680 0.048 0.036 0
681 0.05 0.036 0
682 0.052 0.036 0
683 0.054 0.036 0
684 0.056 0.036 0
685 0.058 0.036 0
686 0.06 0.036 0
687 0.08400000000000001 0.036 0
688 0.08600000000000001 0.036 0
689 0.08799999999999999 0.036 0
690 0.09 0.036 0
691 0.092 0.036 0
692 0 0.038 0
693 0.002 0.038 0
694 0.004 0.038 0
695 0.006 0.038 0
696 0.008 0.038 0
697 0.01 0.038 0
698 0.012 0.038 0
699 0.014 0.038 0
700 0.016 0.038 0
701 0.018 0.038 0
702 0.02 0.038 0
703 0.022 0.038 0
704 0.024 0.038 0
705 0.026 0.038 0
706 0.028 0.038 0
707 0.03 0.038 0
708 0.032 0.038 0
709 0.034 0.038 0
710 0.036 0.038 0
711 0.038 0.038 0
712 0.04 0.038 0
713 0.042 0.038 0
714 0.044 0.038 0
715 0.046 0.038 0
716 0.048 0.038 0
717 0.05 0.038 0
718 0.052 0.038 0
719 0.054 0.038 0
720 0.056 0.038 0
721 0.058 0.038 0
722 0.06 0.038 0
723 0.08400000000000001 0.038 0
724 0.08600000000000001 0.038 0
725 0.08799999999999999 0.038 0
726 0.09 0.038 0
727 0.092 0.038 0
728 0 0.04 0
729 0.002 0.04 0
730 0.004 0.04 0
731 0.006 0.04 0
732 0.008 0.04 0
733 0.01 0.04 0
734 0.012 0.04 0
735 0.014 0.04 0
736 0.016 0.04 0
737 0.018 0.04 0
738 0.02 0.04 0
739 0.022 0.04 0
740 0.024 0.04 0
741 0.026 0.04 0
742 0.028 0.04 0
743 0.03 0.04 0
744 0.032 0.04 0
745 0.034 0.04 0
746 0.036 0.04 0
747 0.038 0.04 0
748 0.04 0.04 0
749 0.042 0.04 0
750 0.044 0.04 0
751 0.046 0.04 0
752 0.048 0.04 0
753 0.05 0.04 0
754 0.052 0.04 0
755 0.054 0.04 0
756 0.056 0.04 0
757 0.058 0.04 0
758 0.06 0.04 0
759 0.08400000000000001 0.04 0
760 0.08600000000000001 0.04 0
761 0.08799999999999999 0.04 0
762 0.09 0.04 0
763 0.092 0.04 0
764 0 0.042 0
765 0.002 0.042 0
766 0.004 0.042 0
767 0.006 0.042 0
768 0.008 0.042 0
769 0.01 0.042 0
770 0.012 0.042 0
771 0.014 0.042 0
772 0.016 0.042 0
773 0.018 0.042 0
774 0.02 0.042 0
775 0.022 0.042 0
776 0.024 0.042 0
777 0.026 0.042 0
778 0.028 0.042 0
779 0.03 0.042 0
780 0.032 0.042 0
781 0.034 0.042 0
782 0.036 0.042 0
783 0.038 0.042 0
784 0.04 0.042 0
785 0.042 0.042 0
786 0.044 0.042 0
787 0.046 0.042 0
788 0.048 0.042 0
789 0.05 0.042 0
790 0.052 0.042 0
791 0.054 0.042 0
792 0.056 0.042 0
793 0.058 0.042 0
794 0.06 0.042 0
795 0.08400000000000001 0.042 0
796 0.08600000000000001 0.042 0
797 0.08799999999999999 0.042 0
798 0.09 0.042 0
799 0.092 0.042 0
800 0 0.044 0
801 0.002 0.044 0
802 0.004 0.044 0
803 0.006 0.044 0
804 0.008 0.044 0
805 0.01 0.044 0
806 0.012 0.044 0
807 0.014 0.044 0
808 0.016 0.044 0
809 0.018 0.044 0
810 0.02 0.044 0
811 0.022 0.044 0
812 0.024 0.044 0
813 0.026 0.044 0
814 0.028 0.044 0
815 0.03 0.044 0
816 0.032 0.044 0
817 0.034 0.044 0
818 0.036 0.044 0
819 0.038 0.044 0
820 0.04 0.044 0
821 0.042 0.044 0
822 0.044 0.044 0
823 0.046 0.044 0
824 0.048 0.044 0
825 0.05 0.044 0
826 0.052 0.044 0
827 0.054 0.044 0
828 0.056 0.044 0
829 0.058 0.044 0
830 0.06 0.044 0
831 0.08400000000000001 0.044 0
832 0.08600000000000001 0.044 0
833 0.08799999999999999 0.044 0
834 0.09 0.044 0
835 0.092 0.044 0
836 0 0.046 0
837 0.002 0.046 0
838 0.004 0.046 0
839 0.006 0.046 0
840 0.008 0.046 0
841 0.01 0.046 0
842 0.012 0.046 0
843 0.014 0.046 0
844 0.016 0.046 0
845 0.018 0.046 0
846 0.082 0.046 0
847 0.08400000000000001 0.046 0
848 0.08600000000000001 0.046 0
849 0.08799999999999999 0.046 0
850 0.09 0.046 0
851 0.092 0.046 0
852 0 0.048 0
853 0.002 0.048 0
854 0.004 0.048 0
855 0.006 0.048 0
856 0.008 0.048 0
857 0.01 0.048 0
858 0.012 0.048 0
859 0.014 0.048 0
860 0.016 0.048 0
861 0.08 0.048 0
862 0.082 0.048 0
863 0.08400000000000001 0.048 0
864 0.08600000000000001 0.048 0
865 0.08799999999999999 0.048 0
866 0.09 0.048 0
867 0.092 0.048 0
868 0 0.05 0
869 0.002 0.05 0
870 0.004 0.05 0
871 0.006 0.05 0
872 0.008 0.05 0
873 0.01 0.05 0
874 0.012 0.05 0
875 0.014 0.05 0
876 0.078 0.05 0
877 0.08 0.05 0
878 0.082 0.05 0
879 0.08400000000000001 0.05 0
880 0.08600000000000001 0.05 0
881 0.08799999999999999 0.05 0
882 0.09 0.05 0
883 0.092 0.05 0
884 0 0.052 0
885 0.002 0.052 0
886 0.004 0.052 0
887 0.006 0.052 0
888 0.008 0.052 0
889 0.01 0.052 0
890 0.012 0.052 0
891 0.068 0.052 0
892 0.07000000000000001 0.052 0
893 0.07200000000000001 0.052 0
894 0.074 0.052 0
895 0.076 0.052 0
896 0.078 0.052 0
897 0.08 0.052 0
898 0.082 0.052 0
899 0.08400000000000001 0.052 0
900 0.08600000000000001 0.052 0
901 0.08799999999999999 0.052 0
902 0.09 0.052 0
903 0.092 0.052 0
904 0 0.054 0
905 0.002 0.054 0
906 0.004 0.054 0
907 0.006 0.054 0
908 0.008 0.054 0
909 0.01 0.054 0
910 0.012 0.054 0
911 0.068 0.054 0
912 0.07000000000000001 0.054 0
913 0.07200000000000001 0.054 0
914 0.074 0.054 0
915 0.076 0.054 0
916 0.078 0.054 0
917 0.08 0.054 0
918 0.082 0.054 0
919 0.08400000000000001 0.054 0
920 0.08600000000000001 0.054 0
921 0.08799999999999999 0.054 0
922 0.09 0.054 0
923 0.092 0.054 0
924 0 0.056 0
925 0.002 0.056 0
926 0.004 0.056 0
927 0.006 0.056 0
928 0.008 0.056 0
929 0.01 0.056 0
930 0.012 0.056 0
931 0.068 0.056 0
932 0.07000000000000001 0.056 0
933 0.07200000000000001 0.056 0
934 0.074 0.056 0
935 0.076 0.056 0
936 0.078 0.056 0
937 0.08 0.056 0
938 0.082 0.056 0
939 0.08400000000000001 0.056 0
940 0.08600000000000001 0.056 0
941 0.08799999999999999 0.056 0
942 0.09 0.056 0
943 0.092 0.056 0
944 0 0.058 0
945 0.002 0.058 0
946 0.004 0.058 0
947 0.006 0.058 0
948 0.008 0.058 0
949 0.01 0.058 0
950 0.012 0.058 0
951 0.068 0.058 0
952 0.07000000000000001 0.058 0
953 0.07200000000000001 0.058 0
954 0.074 0.058 0
955 0.076 0.058 0
956 0.078 0.058 0
957 0.08 0.058 0
958 0.082 0.058 0
959 0.08400000000000001 0.058 0
960 0.08600000000000001 0.058 0
961 0.08799999999999999 0.058 0
962 0.09 0.058 0
963 0.092 0.058 0
964 0 0.06 0
965 0.002 0.06 0
966 0.004 0.06 0
967 0.006 0.06 0
968 0.008 0.06 0
969 0.01 0.06 0
970 0.012 0.06 0
971 0.068 0.06 0
972 0.07000000000000001 0.06 0
973 0.07200000000000001 0.06 0
974 0.074 0.06 0
975 0.076 0.06 0
976 0.078 0.06 0
977 0.08 0.06 0
978 0.082 0.06 0
979 0.08400000000000001 0.06 0
980 0.08600000000000001 0.06 0
981 0.08799999999999999 0.06 0
982 0.09 0.06 0
983 0.092 0.06 0
984 0.068 0.062 0
985 0.07000000000000001 0.062 0
986 0.07200000000000001 0.062 0
987 0.074 0.062 0
988 0.076 0.062 0
989 0.078 0.062 0
990 0.08 0.062 0
991 0.082 0.062 0
992 0.068 0.064 0
993 0.07000000000000001 0.064 0
994 0.07200000000000001 0.064 0
995 0.074 0.064 0
996 0.076 0.064 0
997 0.078 0.064 0
998 0.08 0.064 0
999 0.068 0.066 0
1000 0.07000000000000001 0.066 0
1001 0.07200000000000001 0.066 0
1002 0.074 0.066 0
1003 0.076 0.066 0
1004 0.078 0.066 0
1005 0.068 0.068 0
1006 0.07000000000000001 0.068 0
1007 0.07200000000000001 0.068 0
1008 0.074 0.068 0
1009 0.076 0.068 0
1010 0.116 0.068 0
1011 0.118 0.068 0
1012 0.12 0.068 0
1013 0.122 0.068 0
1014 0.124 0.068 0
1015 0.126 0.068 0
1016 0.128 0.068 0
1017 0.068 0.07000000000000001 0
1018 0.07000000000000001 0.07000000000000001 0
1019 0.07200000000000001 0.07000000000000001 0
1020 0.074 0.07000000000000001 0
1021 0.076 0.07000000000000001 0
1022 0.116 0.07000000000000001 0
1023 0.118 0.07000000000000001 0
1024 0.12 0.07000000000000001 0
1025 0.122 0.07000000000000001 0
1026 0.124 0.07000000000000001 0
1027 0.126 0.07000000000000001 0
1028 0.128 0.07000000000000001 0
1029 0.068 0.07200000000000001 0
1030 0.07000000000000001 0.07200000000000001 0
1031 0.07200000000000001 0.07200000000000001 0
1032 0.074 0.07200000000000001 0
1033 0.076 0.07200000000000001 0
1034 0.116 0.07200000000000001 0
1035 0.118 0.07200000000000001 0
1036 0.12 0.07200000000000001 0
1037 0.122 0.07200000000000001 0
1038 0.124 0.07200000000000001 0
1039 0.126 0.07200000000000001 0
1040 0.128 0.07200000000000001 0
1041 0.068 0.074 0
1042 0.07000000000000001 0.074 0
1043 0.07200000000000001 0.074 0
1044 0.074 0.074 0
1045 0.076 0.074 0
1046 0.116 0.074 0
1047 0.118 0.074 0
1048 0.12 0.074 0
1049 0.122 0.074 0
1050 0.124 0.074 0
1051 0.126 0.074 0
1052 0.128 0.074 0
1053 0.068 0.076 0
1054 0.07000000000000001 0.076 0
1055 0.07200000000000001 0.076 0
1056 0.074 0.076 0
1057 0.076 0.076 0
1058 0.116 0.076 0
1059 0.118 0.076 0
1060 0.12 0.076 0
1061 0.122 0.076 0
1062 0.124 0.076 0
1063 0.126 0.076 0
1064 0.128 0.076 0
1065 0.068 0.078 0
1066 0.07000000000000001 0.078 0
1067 0.07200000000000001 0.078 0
1068 0.074 0.078 0
1069 0.076 0.078 0
1070 0.078 0.078 0
1071 0.116 0.078 0
1072 0.118 0.078 0
1073 0.12 0.078 0
1074 0.122 0.078 0
1075 0.124 0.078 0
1076 0.126 0.078 0
1077 0.128 0.078 0
1078 0.068 0.08 0
1079 0.07000000000000001 0.08 0
1080 0.07200000000000001 0.08 0
1081 0.074 0.08 0
1082 0.076 0.08 0
1083 0.078 0.08 0
1084 0.08 0.08 0
1085 0.116 0.08 0
1086 0.118 0.08 0
1087 0.12 0.08 0
1088 0.122 0.08 0
1089 0.124 0.08 0
1090 0.126 0.08 0
1091 0.128 0.08 0
1092 0.068 0.082 0
1093 0.07000000000000001 0.082 0
1094 0.07200000000000001 0.082 0
1095 0.074 0.082 0
1096 0.076 0.082 0
1097 0.078 0.082 0
1098 0.08 0.082 0
1099 0.082 0.082 0
1100 0.116 0.082 0
1101 0.118 0.082 0
1102 0.12 0.082 0
1103 0.122 0.082 0
1104 0.124 0.082 0
1105 0.126 0.082 0
1106 0.128 0.082 0
1107 0 0.08400000000000001 0
1108 0.002 0.08400000000000001 0
1109 0.004 0.08400000000000001 0
1110 0.006 0.08400000000000001 0
1111 0.008 0.08400000000000001 0
1112 0.01 0.08400000000000001 0
1113 0.012 0.08400000000000001 0
1114 0.068 0.08400000000000001 0
1115 0.07000000000000001 0.08400000000000001 0
1116 0.07200000000000001 0.08400000000000001 0
1117 0.074 0.08400000000000001 0
1118 0.076 0.08400000000000001 0
1119 0.078 0.08400000000000001 0
1120 0.08 0.08400000000000001 0
1121 0.082 0.08400000000000001 0
1122 0.08400000000000001 0.08400000000000001 0
1123 0.08600000000000001 0.08400000000000001 0
1124 0.08799999999999999 0.08400000000000001 0
1125 0.09 0.08400000000000001 0
1126 0.092 0.08400000000000001 0
1127 0.116 0.08400000000000001 0
1128 0.118 0.08400000000000001 0
1129 0.12 0.08400000000000001 0
1130 0.122 0.08400000000000001 0
1131 0.124 0.08400000000000001 0
1132 0.126 0.08400000000000001 0
1133 0.128 0.08400000000000001 0
1134 0 0.08600000000000001 0
1135 0.002 0.08600000000000001 0
1136 0.004 0.08600000000000001 0
1137 0.006 0.08600000000000001 0
1138 0.008 0.08600000000000001 0
1139 0.01 0.08600000000000001 0
1140 0.012 0.08600000000000001 0
1141 0.068 0.08600000000000001 0
1142 0.07000000000000001 0.08600000000000001 0
1143 0.07200000000000001 0.08600000000000001 0
1144 0.074 0.08600000000000001 0
1145 0.076 0.08600000000000001 0
1146 0.078 0.08600000000000001 0
1147 0.08 0.08600000000000001 0
1148 0.082 0.08600000000000001 0
1149 0.08400000000000001 0.08600000000000001 0
1150 0.08600000000000001 0.08600000000000001 0
1151 0.08799999999999999 0.08600000000000001 0
1152 0.09 0.08600000000000001 0
1153 0.092 0.08600000000000001 0
1154 0.116 0.08600000000000001 0
1155 0.118 0.08600000000000001 0
1156 0.12 0.08600000000000001 0
1157 0.122 0.08600000000000001 0
1158 0.124 0.08600000000000001 0
1159 0.126 0.08600000000000001 0
1160 0.128 0.08600000000000001 0
1161 0 0.08799999999999999 0
1162 0.002 0.08799999999999999 0
1163 0.004 0.08799999999999999 0
1164 0.006 0.08799999999999999 0
1165 0.008 0.08799999999999999 0
1166 0.01 0.08799999999999999 0
1167 0.012 0.08799999999999999 0
1168 0.068 0.08799999999999999 0
1169 0.07000000000000001 0.08799999999999999 0
1170 0.07200000000000001 0.08799999999999999 0
1171 0.074 0.08799999999999999 0
1172 0.076 0.08799999999999999 0
1173 0.078 0.08799999999999999 0
1174 0.08 0.08799999999999999 0
1175 0.082 0.08799999999999999 0
1176 0.08400000000000001 0.08799999999999999 0
1177 0.08600000000000001 0.08799999999999999 0
1178 0.08799999999999999 0.08799999999999999 0
1179 0.09 0.08799999999999999 0
1180 0.092 0.08799999999999999 0
1181 0.116 0.08799999999999999 0
1182 0.118 0.08799999999999999 0
1183 0.12 0.08799999999999999 0
1184 0.122 0.08799999999999999 0
1185 0.124 0.08799999999999999 0
1186 0.126 0.08799999999999999 0
1187 0.128 0.08799999999999999 0
1188 0 0.09 0
1189 0.002 0.09 0
1190 0.004 0.09 0
1191 0.006 0.09 0
1192 0.008 0.09 0
1193 0.01 0.09 0
1194 0.012 0.09 0
1195 0.068 0.09 0
1196 0.07000000000000001 0.09 0
1197 0.07200000000000001 0.09 0
1198 0.074 0.09 0
1199 0.076 0.09 0
1200 0.078 0.09 0
1201 0.08 0.09 0
1202 0.082 0.09 0
1203 0.08400000000000001 0.09 0
1204 0.08600000000000001 0.09 0
1205 0.08799999999999999 0.09 0
1206 0.09 0.09 0
1207 0.092 0.09 0
1208 0.116 0.09 0
1209 0.118 0.09 0
1210 0.12 0.09 0
1211 0.122 0.09 0
1212 0.124 0.09 0
1213 0.126 0.09 0
1214 0.128 0.09 0
1215 0 0.092 0
1216 0.002 0.092 0
1217 0.004 0.092 0
1218 0.006 0.092 0
1219 0.008 0.092 0
1220 0.01 0.092 0
1221 0.012 0.092 0
1222 0.068 0.092 0
1223 0.07000000000000001 0.092 0
1224 0.07200000000000001 0.092 0
1225 0.074 0.092 0
1226 0.076 0.092 0
1227 0.078 0.092 0
1228 0.08 0.092 0
1229 0.082 0.092 0
1230 0.08400000000000001 0.092 0
1231 0.08600000000000001 0.092 0
1232 0.08799999999999999 0.092 0
1233 0.09 0.092 0
1234 0.092 0.092 0
1235 0.116 0.092 0
1236 0.118 0.092 0
1237 0.12 0.092 0
1238 0.122 0.092 0
1239 0.124 0.092 0
1240 0.126 0.092 0
1241 0.128 0.092 0
1242 0 0.094 0
1243 0.002 0.094 0
1244 0.004 0.094 0
1245 0.006 0.094 0
1246 0.008 0.094 0
1247 0.01 0.094 0
1248 0.012 0.094 0
1249 0.014 0.094 0
1250 0.066 0.094 0
1251 0.068 0.094 0
1252 0.07000000000000001 0.094 0
1253 0.07200000000000001 0.094 0
1254 0.074 0.094 0
1255 0.076 0.094 0
1256 0.078 0.094 0
1257 0.08 0.094 0
1258 0.082 0.094 0
1259 0.08400000000000001 0.094 0
1260 0.08600000000000001 0.094 0
1261 0.08799999999999999 0.094 0
1262 0.09 0.094 0
1263 0.092 0.094 0
1264 0.094 0.094 0
1265 0.114 0.094 0
1266 0.116 0.094 0
1267 0.118 0.094 0
1268 0.12 0.094 0
1269 0.122 0.094 0
1270 0.124 0.094 0
1271 0.126 0.094 0
1272 0.128 0.094 0
1273 0 0.096 0
1274 0.002 0.096 0
1275 0.004 0.096 0
1276 0.006 0.096 0
1277 0.008 0.096 0
1278 0.01 0.096 0
1279 0.012 0.096 0
1280 0.014 0.096 0
1281 0.016 0.096 0
1282 0.064 0.096 0
1283 0.066 0.096 0
1284 0.068 0.096 0
1285 0.07000000000000001 0.096 0
1286 0.07200000000000001 0.096 0
1287 0.074 0.096 0
1288 0.076 0.096 0
1289 0.078 0.096 0
1290 0.08 0.096 0
1291 0.082 0.096 0
1292 0.08400000000000001 0.096 0
1293 0.08600000000000001 0.096 0
1294 0.08799999999999999 0.096 0
1295 0.09 0.096 0
1296 0.092 0.096 0
1297 0.094 0.096 0
1298 0.096 0.096 0
1299 0.112 0.096 0
1300 0.114 0.096 0
1301 0.116 0.096 0
1302 0.118 0.096 0
1303 0.12 0.096 0
1304 0.122 0.096 0
1305 0.124 0.096 0
1306 0.126 0.096 0
1307 0.128 0.096 0
1308 0 0.098 0
1309 0.002 0.098 0
1310 0.004 0.098 0
1311 0.006 0.098 0
1312 0.008 0.098 0
1313 0.01 0.098 0
1314 0.012 0.098 0
1315 0.014 0.098 0
1316 0.016 0.098 0
1317 0.018 0.098 0
1318 0.062 0.098 0
1319 0.064 0.098 0
1320 0.066 0.098 0
1321 0.068 0.098 0
1322 0.07000000000000001 0.098 0
1323 0.07200000000000001 0.098 0
1324 0.074 0.098 0
1325 0.076 0.098 0
1326 0.078 0.098 0
1327 0.08 0.098 0
1328 0.082 0.098 0
1329 0.08400000000000001 0.098 0
1330 0.08600000000000001 0.098 0
1331 0.08799999999999999 0.098 0
1332 0.09 0.098 0
1333 0.092 0.098 0
1334 0.094 0.098 0
1335 0.096 0.098 0
1336 0.098 0.098 0
1337 0.11 0.098 0
1338 0.112 0.098 0
1339 0.114 0.098 0
1340 0.116 0.098 0
1341 0.118 0.098 0
1342 0.12 0.098 0
1343 0.122 0.098 0
1344 0.124 0.098 0
1345 0.126 0.098 0
1346 0.128 0.098 0
1347 -0.016 0.1 0
1348 -0.014 0.1 0
1349 -0.012 0.1 0
1350 -0.01 0.1 0
1351 -0.008 0.1 0
1352 -0.006 0.1 0
1353 -0.004 0.1 0
1354 -0.002 0.1 0
1355 0 0.1 0
1356 0.002 0.1 0
1357 0.004 0.1 0
1358 0.006 0.1 0
1359 0.008 0.1 0
1360 0.01 0.1 0
1361 0.012 0.1 0
1362 0.014 0.1 0
1363 0.016 0.1 0
1364 0.018 0.1 0
1365 0.02 0.1 0
1366 0.022 0.1 0
1367 0.024 0.1 0
1368 0.026 0.1 0
1369 0.028 0.1 0
1370 0.03 0.1 0
1371 0.032 0.1 0
1372 0.034 0.1 0
1373 0.036 0.1 0
1374 0.038 0.1 0
1375 0.04 0.1 0
1376 0.042 0.1 0
1377 0.044 0.1 0
1378 0.046 0.1 0
1379 0.048 0.1 0
1380 0.05 0.1 0
1381 0.052 0.1 0
1382 0.054 0.1 0
1383 0.056 0.1 0
1384 0.058 0.1 0
1385 0.06 0.1 0
1386 0.062 0.1 0
1387 0.064 0.1 0
1388 0.066 0.1 0
1389 0.068 0.1 0
1390 0.07000000000000001 0.1 0
1391 0.07200000000000001 0.1 0
1392 0.074 0.1 0
1393 0.076 0.1 0
1394 0.078 0.1 0
1395 0.08 0.1 0
1396 0.082 0.1 0
1397 0.08400000000000001 0.1 0
1398 0.08600000000000001 0.1 0
1399 0.08799999999999999 0.1 0
1400 0.09 0.1 0
1401 0.092 0.1 0
1402 0.094 0.1 0
1403 0.096 0.1 0
1404 0.098 0.1 0
1405 0.1 0.1 0
1406 0.102 0.1 0
1407 0.104 0.1 0
1408 0.106 0.1 0
1409 0.108 0.1 0
1410 0.11 0.1 0
1411 0.112 0.1 0
1412 0.114 0.1 0
1413 0.116 0.1 0
1414 0.118 0.1 0
1415 0.12 0.1 0
1416 0.122 0.1 0
1417 0.124 0.1 0
1418 0.126 0.1 0
1419 0.128 0.1 0
1420 0.13 0.1 0
1421 0.132 0.1 0
1422 0.134 0.1 0
1423 0.136 0.1 0
1424 0.138 0.1 0
1425 0.14 0.1 0
1426 0.142 0.1 0
1427 0.144 0.1 0
1428 -0.016 0.102 0
1429 -0.014 0.102 0
1430 -0.012 0.102 0
1431 -0.01 0.102 0
1432 -0.008 0.102 0
1433 -0.006 0.102 0
1434 -0.004 0.102 0
1435 -0.002 0.102 0
1436 0 0.102 0
1437 0.002 0.102 0
1438 0.004 0.102 0
1439 0.006 0.102 0
1440 0.008 0.102 0
1441 0.01 0.102 0
1442 0.012 0.102 0
1443 0.014 0.102 0
1444 0.016 0.102 0
1445 0.018 0.102 0
1446 0.02 0.102 0
1447 0.022 0.102 0
1448 0.024 0.102 0
1449 0.026 0.102 0
1450 0.028 0.102 0
1451 0.03 0.102 0
1452 0.032 0.102 0
1453 0.034 0.102 0
1454 0.036 0.102 0
1455 0.038 0.102 0
1456 0.04 0.102 0
1457 0.042 0.102 0
1458 0.044 0.102 0
1459 0.046 0.102 0
1460 0.048 0.102 0
1461 0.05 0.102 0
1462 0.052 0.102 0
1463 0.054 0.102 0
1464 0.056 0.102 0
1465 0.058 0.102 0
1466 0.06 0.102 0
1467 0.062 0.102 0
1468 0.064 0.102 0
1469 0.066 0.102 0
1470 0.068 0.102 0
1471 0.07000000000000001 0.102 0
1472 0.07200000000000001 0.102 0
1473 0.074 0.102 0
1474 0.076 0.102 0
1475 0.078 0.102 0
1476 0.08 0.102 0
1477 0.082 0.102 0
1478 0.08400000000000001 0.102 0
1479 0.08600000000000001 0.102 0
1480 0.08799999999999999 0.102 0
1481 0.09 0.102 0
1482 0.092 0.102 0
1483 0.094 0.102 0
1484 0.096 0.102 0
1485 0.098 0.102 0
1486 0.1 0.102 0
1487 0.102 0.102 0
1488 0.104 0.102 0
1489 0.106 0.102 0
1490 0.108 0.102 0
1491 0.11 0.102 0
1492 0.112 0.102 0
1493 0.114 0.102 0
1494 0.116 0.102 0
1495 0.118 0.102 0
1496 0.12 0.102 0
1497 0.122 0.102 0
1498 0.124 0.102 0
1499 0.126 0.102 0
1500 0.128 0.102 0
1501 0.13 0.102 0
1502 0.132 0.102 0
1503 0.134 0.102 0
1504 0.136 0.102 0
1505 0.138 0.102 0
1506 0.14 0.102 0
1507 0.142 0.102 0
1508 0.144 0.102 0
1509 -0.016 0.104 0
1510 -0.014 0.104 0
1511 -0.012 0.104 0
1512 -0.01 0.104 0
1513 -0.008 0.104 0
1514 -0.006 0.104 0
1515 -0.004 0.104 0
1516 -0.002 0.104 0
1517 0 0.104 0
1518 0.002 0.104 0
1519 0.004 0.104 0
1520 0.006 0.104 0
1521 0.008 0.104 0
1522 0.01 0.104 0
1523 0.012 0.104 0
1524 0.014 0.104 0
1525 0.016 0.104 0
1526 0.018 0.104 0
1527 0.02 0.104 0
1528 0.022 0.104 0
1529 0.024 0.104 0
1530 0.026 0.104 0
1531 0.028 0.104 0
1532 0.03 0.104 0
1533 0.032 0.104 0
1534 0.034 0.104 0
1535 0.036 0.104 0
1536 0.038 0.104 0
1537 0.04 0.104 0
1538 0.042 0.104 0
1539 0.044 0.104 0
1540 0.046 0.104 0
1541 0.048 0.104 0
1542 0.05 0.104 0
1543 0.052 0.104 0
1544 0.054 0.104 0
1545 0.056 0.104 0
1546 0.058 0.104 0
1547 0.06 0.104 0
1548 0.062 0.104 0
1549 0.064 0.104 0
1550 0.066 0.104 0
1551 0.068 0.104 0
1552 0.07000000000000001 0.104 0
1553 0.07200000000000001 0.104 0
1554 0.074 0.104 0
1555 0.076 0.104 0
1556 0.078 0.104 0
1557 0.08 0.104 0
1558 0.082 0.104 0
1559 0.08400000000000001 0.104 0
1560 0.08600000000000001 0.104 0
1561 0.08799999999999999 0.104 0
1562 0.09 0.104 0
1563 0.092 0.104 0
1564 0.094 0.104 0
1565 0.096 0.104 0
1566 0.098 0.104 0
1567 0.1 0.104 0
1568 0.102 0.104 0
1569 0.104 0.104 0
1570 0.106 0.104 0
1571 0.108 0.104 0
1572 0.11 0.104 0
1573 0.112 0.104 0
1574 0.114 0.104 0
1575 0.116 0.104 0
1576 0.118 0.104 0
1577 0.12 0.104 0
1578 0.122 0.104 0
1579 0.124 0.104 0
1580 0.126 0.104 0
1581 0.128 0.104 0
1582 0.13 0.104 0
1583 0.132 0.104 0
1584 0.134 0.104 0
1585 0.136 0.104 0
1586 0.138 0.104 0
1587 0.14 0.104 0
1588 0.142 0.104 0
1589 0.144 0.104 0
1590 -0.016 0.106 0
1591 -0.014 0.106 0
1592 -0.012 0.106 0
1593 -0.01 0.106 0
1594 -0.008 0.106 0
1595 -0.006 0.106 0
1596 -0.004 0.106 0
1597 -0.002 0.106 0
1598 0 0.106 0
1599 0.002 0.106 0
1600 0.004 0.106 0
1601 0.006 0.106 0
1602 0.008 0.106 0
1603 0.01 0.106 0
1604 0.012 0.106 0
1605 0.014 0.106 0
1606 0.016 0.106 0
1607 0.018 0.106 0
1608 0.02 0.106 0
1609 0.022 0.106 0
1610 0.024 0.106 0
1611 0.026 0.106 0
1612 0.028 0.106 0
1613 0.03 0.106 0
1614 0.032 0.106 0
1615 0.034 0.106 0
1616 0.036 0.106 0
1617 0.038 0.106 0
1618 0.04 0.106 0
1619 0.042 0.106 0
1620 0.044 0.106 0
1621 0.046 0.106 0
1622 0.048 0.106 0
1623 0.05 0.106 0
1624 0.052 0.106 0
1625 0.054 0.106 0
1626 0.056 0.106 0
1627 0.058 0.106 0
1628 0.06 0.106 0
1629 0.062 0.106 0
1630 0.064 0.106 0
1631 0.066 0.106 0
1632 0.068 0.106 0
1633 0.07000000000000001 0.106 0
1634 0.07200000000000001 0.106 0
1635 0.074 0.106 0
1636 0.076 0.106 0
1637 0.078 0.106 0
1638 0.08 0.106 0
1639 0.082 0.106 0
1640 0.08400000000000001 0.106 0
1641 0.08600000000000001 0.106 0
1642 0.08799999999999999 0.106 0
1643 0.09 0.106 0
1644 0.092 0.106 0
1645 0.094 0.106 0
1646 0.096 0.106 0
1647 0.098 0.106 0
1648 0.1 0.106 0
1649 0.102 0.106 0
1650 0.104 0.106 0
1651 0.106 0.106 0
1652 0.108 0.106 0
1653 0.11 0.106 0
1654 0.112 0.106 0
1655 0.114 0.106 0
1656 0.116 0.106 0
1657 0.118 0.106 0
1658 0.12 0.106 0
1659 0.122 0.106 0
1660 0.124 0.106 0
1661 0.126 0.106 0
1662 0.128 0.106 0
1663 0.13 0.106 0
1664 0.132 0.106 0
1665 0.134 0.106 0
1666 0.136 0.106 0
1667 0.138 0.106 0
1668 0.14 0.106 0
1669 0.142 0.106 0
1670 0.144 0.106 0
1671 -0.016 0.108 0
1672 -0.014 0.108 0
1673 -0.012 0.108 0
1674 -0.01 0.108 0
1675 -0.008 0.108 0
1676 -0.006 0.108 0
1677 -0.004 0.108 0
1678 -0.002 0.108 0
1679 0 0.108 0
1680 0.002 0.108 0
1681 0.004 0.108 0
1682 0.006 0.108 0
1683 0.008 0.108 0
1684 0.01 0.108 0
1685 0.012 0.108 0
1686 0.014 0.108 0
1687 0.016 0.108 0
1688 0.018 0.108 0
1689 0.02 0.108 0
1690 0.022 0.108 0
1691 0.024 0.108 0
1692 0.026 0.108 0
1693 0.028 0.108 0
1694 0.03 0.108 0
1695 0.032 0.108 0
1696 0.034 0.108 0
1697 0.036 0.108 0
1698 0.038 0.108 0
1699 0.04 0.108 0
1700 0.042 0.108 0
1701 0.044 0.108 0
1702 0.046 0.108 0
1703 0.048 0.108 0
1704 0.05 0.108 0
1705 0.052 0.108 0
1706 0.054 0.108 0
1707 0.056 0.108 0
1708 0.058 0.108 0
1709 0.06 0.108 0
1710 0.062 0.108 0
1711 0.064 0.108 0
1712 0.066 0.108 0
1713 0.068 0.108 0
1714 0.07000000000000001 0.108 0
1715 0.07200000000000001 0.108 0
1716 0.074 0.108 0
1717 0.076 0.108 0
1718 0.078 0.108 0
1719 0.08 0.108 0
1720 0.082 0.108 0
1721 0.08400000000000001 0.108 0
1722 0.08600000000000001 0.108 0
1723 0.08799999999999999 0.108 0
1724 0.09 0.108 0
1725 0.092 0.108 0
1726 0.094 0.108 0
1727 0.096 0.108 0
1728 0.098 0.108 0
1729 0.1 0.108 0
1730 0.102 0.108 0
1731 0.104 0.108 0
1732 0.106 0.108 0
1733 0.108 0.108 0
1734 0.11 0.108 0
1735 0.112 0.108 0
1736 0.114 0.108 0
1737 0.116 0.108 0
1738 0.118 0.108 0
1739 0.12 0.108 0
1740 0.122 0.108 0
1741 0.124 0.108 0
1742 0.126 0.108 0
1743 0.128 0.108 0
1744 0.13 0.108 0
1745 0.132 0.108 0
1746 0.134 0.108 0
1747 0.136 0.108 0
1748 0.138 0.108 0
1749 0.14 0.108 0
1750 0.142 0.108 0
1751 0.144 0.108 0
1752 0.03 0.11 0
1753 0.032 0.11 0
1754 0.034 0.11 0
1755 0.036 0.11 0
1756 0.038 0.11 0
1757 0.04 0.11 0
1758 0.042 0.11 0
1759 0.044 0.11 0
1760 0.046 0.11 0
1761 0.048 0.11 0
1762 0.05 0.11 0
1763 0.052 0.11 0
1764 0.054 0.11 0
1765 0.056 0.11 0
1766 0.058 0.11 0
1767 0.06 0.11 0
1768 0.062 0.11 0
1769 0.064 0.11 0
1770 0.066 0.11 0
1771 0.068 0.11 0
1772 0.07000000000000001 0.11 0
1773 0.07200000000000001 0.11 0
1774 0.074 0.11 0
1775 0.076 0.11 0
1776 0.078 0.11 0
1777 0.08 0.11 0
1778 0.082 0.11 0
1779 0.032 0.112 0
1780 0.034 0.112 0
1781 0.036 0.112 0
1782 0.038 0.112 0
1783 0.04 0.112 0
1784 0.042 0.112 0
1785 0.044 0.112 0
1786 0.046 0.112 0
1787 0.048 0.112 0
1788 0.05 0.112 0
1789 0.052 0.112 0
1790 0.054 0.112 0
1791 0.056 0.112 0
1792 0.058 0.112 0
1793 0.06 0.112 0
1794 0.062 0.112 0
1795 0.064 0.112 0
1796 0.066 0.112 0
1797 0.068 0.112 0
1798 0.07000000000000001 0.112 0
1799 0.07200000000000001 0.112 0
1800 0.074 0.112 0
1801 0.076 0.112 0
1802 0.078 0.112 0
1803 0.08 0.112 0
1804 0.034 0.114 0
1805 0.036 0.114 0
1806 0.038 0.114 0
1807 0.04 0.114 0
1808 0.042 0.114 0
1809 0.044 0.114 0
1810 0.046 0.114 0
1811 0.048 0.114 0
1812 0.05 0.114 0
1813 0.052 0.114 0
1814 0.054 0.114 0
1815 0.056 0.114 0
1816 0.058 0.114 0
1817 0.06 0.114 0
1818 0.062 0.114 0
1819 0.064 0.114 0
1820 0.066 0.114 0
1821 0.068 0.114 0
1822 0.07000000000000001 0.114 0
1823 0.07200000000000001 0.114 0
1824 0.074 0.114 0
1825 0.076 0.114 0
1826 0.078 0.114 0
1827 0.036 0.116 0
1828 0.038 0.116 0
1829 0.04 0.116 0
1830 0.042 0.116 0
1831 0.044 0.116 0
1832 0.046 0.116 0
1833 0.048 0.116 0
1834 0.05 0.116 0
1835 0.052 0.116 0
1836 0.054 0.116 0
1837 0.056 0.116 0
1838 0.058 0.116 0
1839 0.06 0.116 0
1840 0.062 0.116 0
1841 0.064 0.116 0
1842 0.066 0.116 0
1843 0.068 0.116 0
1844 0.07000000000000001 0.116 0
1845 0.07200000000000001 0.116 0
1846 0.074 0.116 0
1847 0.076 0.116 0
1848 0.036 0.118 0
1849 0.038 0.118 0
1850 0.04 0.118 0
1851 0.042 0.118 0
1852 0.044 0.118 0
1853 0.046 0.118 0
1854 0.048 0.118 0
1855 0.05 0.118 0
1856 0.052 0.118 0
1857 0.054 0.118 0
1858 0.056 0.118 0
1859 0.058 0.118 0
1860 0.06 0.118 0
1861 0.062 0.118 0
1862 0.064 0.118 0
1863 0.066 0.118 0
1864 0.068 0.118 0
1865 0.07000000000000001 0.118 0
1866 0.07200000000000001 0.118 0
1867 0.074 0.118 0
1868 0.076 0.118 0
1869 0.036 0.12 0
1870 0.038 0.12 0
1871 0.04 0.12 0
1872 0.042 0.12 0
1873 0.044 0.12 0
1874 0.046 0.12 0
1875 0.048 0.12 0
1876 0.05 0.12 0
1877 0.052 0.12 0
1878 0.054 0.12 0
1879 0.056 0.12 0
1880 0.058 0.12 0
1881 0.06 0.12 0
1882 0.062 0.12 0
1883 0.064 0.12 0
1884 0.066 0.12 0
1885 0.068 0.12 0
1886 0.07000000000000001 0.12 0
1887 0.07200000000000001 0.12 0
1888 0.074 0.12 0
1889 0.076 0.12 0
1890 0.036 0.122 0
1891 0.038 0.122 0
1892 0.04 0.122 0
1893 0.042 0.122 0
1894 0.044 0.122 0
1895 0.046 0.122 0
1896 0.048 0.122 0
1897 0.05 0.122 0
1898 0.052 0.122 0
1899 0.054 0.122 0
1900 0.056 0.122 0
1901 0.058 0.122 0
1902 0.06 0.122 0
1903 0.062 0.122 0
1904 0.064 0.122 0
1905 0.066 0.122 0
1906 0.068 0.122 0
1907 0.07000000000000001 0.122 0
1908 0.07200000000000001 0.122 0
1909 0.074 0.122 0
1910 0.076 0.122 0
1911 0.036 0.124 0
1912 0.038 0.124 0
1913 0.04 0.124 0
1914 0.042 0.124 0
1915 0.044 0.124 0
1916 0.046 0.124 0
1917 0.048 0.124 0
1918 0.05 0.124 0
1919 0.052 0.124 0
1920 0.054 0.124 0
1921 0.056 0.124 0
1922 0.058 0.124 0
1923 0.06 0.124 0
1924 0.062 0.124 0
1925 0.064 0.124 0
1926 0.066 0.124 0
1927 0.068 0.124 0
1928 0.07000000000000001 0.124 0
1929 0.07200000000000001 0.124 0
1930 0.074 0.124 0
1931 0.076 0.124 0
1932 0.036 0.126 0
1933 0.038 0.126 0
1934 0.04 0.126 0
1935 0.042 0.126 0
1936 0.044 0.126 0
1937 0.046 0.126 0
1938 0.048 0.126 0
1939 0.05 0.126 0
1940 0.052 0.126 0
1941 0.054 0.126 0
1942 0.056 0.126 0
1943 0.058 0.126 0
1944 0.06 0.126 0
1945 0.062 0.126 0
1946 0.064 0.126 0
1947 0.066 0.126 0
1948 0.068 0.126 0
1949 0.07000000000000001 0.126 0
1950 0.07200000000000001 0.126 0
1951 0.074 0.126 0
1952 0.076 0.126 0
1953 0.036 0.128 0
1954 0.038 0.128 0
1955 0.04 0.128 0
1956 0.042 0.128 0
1957 0.044 0.128 0
1958 0.046 0.128 0
1959 0.048 0.128 0
1960 0.05 0.128 0
1961 0.052 0.128 0
1962 0.054 0.128 0
1963 0.056 0.128 0
1964 0.058 0.128 0
1965 0.06 0.128 0
1966 0.062 0.128 0
1967 0.064 0.128 0
1968 0.066 0.128 0
1969 0.068 0.128 0
1970 0.07000000000000001 0.128 0
1971 0.07200000000000001 0.128 0
1972 0.074 0.128 0
1973 0.076 0.128 0
$EndNodes
$Elements
3944
1 1 2 3 3 1 2
2 1 2 3 3 1 11
3 1 2 3 3 2 3
4 1 2 3 3 3 4
5 1 2 3 3 4 5
6 1 2 3 3 5 15
7 1 2 3 3 6 7
8 1 2 3 3 6 16
9 1 2 3 3 7 8
10 1 2 3 3 8 9
11 1 2 3 3 9 10
12 1 2 3 3 10 20
13 1 2 3 3 11 21
14 1 2 3 3 15 25
15 1 2 3 3 16 26
16 1 2 3 3 20 30
17 1 2 3 3 21 31
18 1 2 3 3 25 35
19 1 2 3 3 26 36
20 1 2 3 3 30 40
21 1 2 3 3 31 41
22 1 2 3 3 35 45
23 1 2 3 3 36 46
24 1 2 3 3 40 50
25 1 2 3 3 41 51
26 1 2 3 3 45 55
27 1 2 3 3 46 56
28 1 2 3 3 50 60
29 1 2 3 3 51 61
30 1 2 3 3 55 65
31 1 2 3 3 56 66
32 1 2 3 3 60 70
33 1 2 3 3 61 72
34 1 2 3 3 65 76
35 1 2 3 3 66 79
36 1 2 3 3 70 83
37 1 2 3 3 71 72
38 1 2 3 3 71 86
39 1 2 3 3 76 77
40 1 2 3 3 77 92
41 1 2 3 3 78 79
42 1 2 3 3 78 95
43 1 2 3 3 83 84
44 1 2 3 3 84 101
45 1 2 3 3 85 86
46 1 2 3 3 85 104
47 1 2 3 3 92 93
48 1 2 3 3 93 112
49 1 2 3 3 94 95
50 1 2 3 3 94 115
51 1 2 3 3 101 102
52 1 2 3 3 102 123
53 1 2 3 3 103 104
54 1 2 3 3 103 140
55 1 2 3 3 112 113
56 1 2 3 3 113 150
57 1 2 3 3 114 115
58 1 2 3 3 114 172
59 1 2 3 3 123 124
60 1 2 3 3 124 182
61 1 2 3 3 125 126
62 1 2 1 1 125 206
63 1 2 3 3 126 127
64 1 2 3 3 127 128
65 1 2 3 3 128 129
66 1 2 3 3 129 130
67 1 2 3 3 130 131
68 1 2 3 3 131 132
69 1 2 3 3 132 133
70 1 2 3 3 133 134
71 1 2 3 3 134 135
72 1 2 3 3 135 136
73 1 2 3 3 136 137
74 1 2 3 3 137 138
75 1 2 3 3 138 139
76 1 2 3 3 139 140
77 1 2 3 3 150 151
78 1 2 3 3 151 152
79 1 2 3 3 152 153
80 1 2 3 3 153 154
81 1 2 3 3 154 155
82 1 2 3 3 155 156
83 1 2 3 3 156 157
84 1 2 3 3 157 158
85 1 2 3 3 158 159
86 1 2 3 3 159 160
87 1 2 3 3 160 161
88 1 2 3 3 161 162
89 1 2 3 3 162 163
90 1 2 3 3 163 164
91 1 2 3 3 164 165
92 1 2 3 3 165 166
93 1 2 3 3 166 167
94 1 2 3 3 167 168
95 1 2 3 3 168 169
96 1 2 3 3 169 170
97 1 2 3 3 170 171
98 1 2 3 3 171 172
99 1 2 3 3 182 183
100 1 2 3 3 183 184
101 1 2 3 3 184 185
102 1 2 3 3 185 186
103 1 2 3 3 186 187
104 1 2 3 3 187 188
105 1 2 3 3 188 189
106 1 2 3 3 189 190
107 1 2 3 3 190 191
108 1 2 3 3 191 192
109 1 2 3 3 192 193
110 1 2 3 3 193 194
111 1 2 3 3 194 195
112 1 2 3 3 195 196
113 1 2 3 3 196 197
114 1 2 3 3 197 198
115 1 2 3 3 198 199
116 1 2 3 3 199 200
117 1 2 3 3 200 201
118 1 2 3 3 201 202
119 1 2 3 3 202 203
120 1 2 3 3 203 204
121 1 2 3 3 204 205
122 1 2 2 2 205 286
123 1 2 1 1 206 287
124 1 2 2 2 286 367
125 1 2 1 1 287 368
126 1 2 2 2 367 448
127 1 2 3 3 449 450
128 1 2 1 1 368 449
129 1 2 3 3 450 451
130 1 2 3 3 451 452
131 1 2 3 3 452 453
132 1 2 3 3 453 454
133 1 2 3 3 454 455
134 1 2 3 3 455 456
135 1 2 3 3 456 457
136 1 2 3 3 490 491
137 1 2 3 3 491 492
138 1 2 3 3 492 493
139 1 2 3 3 493 494
140 1 2 3 3 494 495
141 1 2 3 3 495 496
142 1 2 3 3 506 507
143 1 2 3 3 507 508
144 1 2 3 3 508 509
145 1 2 3 3 509 510
146 1 2 3 3 510 511
147 1 2 3 3 511 512
148 1 2 3 3 512 513
149 1 2 3 3 513 514
150 1 2 3 3 514 515
151 1 2 3 3 515 516
152 1 2 3 3 516 517
153 1 2 3 3 517 518
154 1 2 3 3 518 519
155 1 2 3 3 519 520
156 1 2 3 3 520 521
157 1 2 3 3 521 522
158 1 2 3 3 522 523
159 1 2 3 3 523 524
160 1 2 3 3 524 525
161 1 2 3 3 525 526
162 1 2 3 3 526 527
163 1 2 3 3 527 528
164 1 2 2 2 448 529
165 1 2 3 3 528 529
166 1 2 3 3 457 530
167 1 2 3 3 490 563
168 1 2 3 3 562 563
169 1 2 3 3 564 565
170 1 2 3 3 496 564
171 1 2 3 3 506 574
172 1 2 3 3 573 574
173 1 2 3 3 530 575
174 1 2 3 3 562 607
175 1 2 3 3 606 607
176 1 2 3 3 608 609
177 1 2 3 3 565 608
178 1 2 3 3 573 616
179 1 2 3 3 615 616
180 1 2 3 3 575 617
181 1 2 3 3 606 648
182 1 2 3 3 647 648
183 1 2 3 3 649 650
184 1 2 3 3 609 649
185 1 2 3 3 615 655
186 1 2 3 3 654 655
187 1 2 3 3 617 656
188 1 2 3 3 647 686
189 1 2 3 3 650 687
190 1 2 3 3 654 691
191 1 2 3 3 656 692
192 1 2 3 3 686 722
193 1 2 3 3 687 723
194 1 2 3 3 691 727
195 1 2 3 3 692 728
196 1 2 3 3 722 758
197 1 2 3 3 723 759
198 1 2 3 3 727 763
199 1 2 3 3 728 764
200 1 2 3 3 758 794
201 1 2 3 3 759 795
202 1 2 3 3 763 799
203 1 2 3 3 764 800
204 1 2 3 3 809 810
205 1 2 3 3 810 811
206 1 2 3 3 811 812
207 1 2 3 3 812 813
208 1 2 3 3 813 814
209 1 2 3 3 814 815
210 1 2 3 3 815 816
211 1 2 3 3 816 817
212 1 2 3 3 817 818
213 1 2 3 3 818 819
214 1 2 3 3 819 820
215 1 2 3 3 820 821
216 1 2 3 3 821 822
217 1 2 3 3 822 823
218 1 2 3 3 823 824
219 1 2 3 3 824 825
220 1 2 3 3 825 826
221 1 2 3 3 826 827
222 1 2 3 3 827 828
223 1 2 3 3 828 829
224 1 2 3 3 794 830
225 1 2 3 3 829 830
226 1 2 3 3 795 831
227 1 2 3 3 799 835
228 1 2 3 3 800 836
229 1 2 3 3 809 845
230 1 2 3 3 844 845
231 1 2 3 3 831 847
232 1 2 3 3 835 851
233 1 2 3 3 836 852
234 1 2 3 3 844 860
235 1 2 3 3 859 860
236 1 2 3 3 846 847
237 1 2 3 3 846 862
238 1 2 3 3 851 867
239 1 2 3 3 852 868
240 1 2 3 3 859 875
241 1 2 3 3 874 875
242 1 2 3 3 861 862
243 1 2 3 3 861 877
244 1 2 3 3 867 883
245 1 2 3 3 868 884
246 1 2 3 3 874 890
247 1 2 3 3 876 877
248 1 2 3 3 876 896
249 1 2 3 3 883 903
250 1 2 3 3 884 904
251 1 2 3 3 890 910
252 1 2 3 3 891 892
253 1 2 3 3 891 911
254 1 2 3 3 892 893
255 1 2 3 3 893 894
256 1 2 3 3 894 895
257 1 2 3 3 895 896
258 1 2 3 3 903 923
259 1 2 3 3 904 924
260 1 2 3 3 910 930
261 1 2 3 3 911 931
262 1 2 3 3 923 943
263 1 2 3 3 924 944
264 1 2 3 3 930 950
265 1 2 3 3 931 951
266 1 2 3 3 943 963
267 1 2 3 3 964 965
268 1 2 3 3 944 964
269 1 2 3 3 965 966
270 1 2 3 3 966 967
271 1 2 3 3 967 968
272 1 2 3 3 968 969
273 1 2 3 3 950 970
274 1 2 3 3 969 970
275 1 2 3 3 951 971
276 1 2 3 3 978 979
277 1 2 3 3 979 980
278 1 2 3 3 980 981
279 1 2 3 3 981 982
280 1 2 3 3 963 983
281 1 2 3 3 982 983
282 1 2 3 3 971 984
283 1 2 3 3 978 991
284 1 2 3 3 990 991
285 1 2 3 3 984 992
286 1 2 3 3 990 998
287 1 2 3 3 997 998
288 1 2 3 3 992 999
289 1 2 3 3 997 1004
290 1 2 3 3 1003 1004
291 1 2 3 3 999 1005
292 1 2 3 3 1003 1009
293 1 2 3 3 1005 1017
294 1 2 3 3 1009 1021
295 1 2 3 3 1010 1011
296 1 2 3 3 1010 1022
297 1 2 3 3 1011 1012
298 1 2 3 3 1012 1013
299 1 2 3 3 1013 1014
300 1 2 3 3 1014 1015
301 1 2 3 3 1015 1016
302 1 2 3 3 1016 1028
303 1 2 3 3 1017 1029
304 1 2 3 3 1021 1033
305 1 2 3 3 1022 1034
306 1 2 3 3 1028 1040
307 1 2 3 3 1029 1041
308 1 2 3 3 1033 1045
309 1 2 3 3 1034 1046
310 1 2 3 3 1040 1052
311 1 2 3 3 1041 1053
312 1 2 3 3 1045 1057
313 1 2 3 3 1046 1058
314 1 2 3 3 1052 1064
315 1 2 3 3 1053 1065
316 1 2 3 3 1057 1069
317 1 2 3 3 1058 1071
318 1 2 3 3 1064 1077
319 1 2 3 3 1065 1078
320 1 2 3 3 1069 1070
321 1 2 3 3 1070 1083
322 1 2 3 3 1071 1085
323 1 2 3 3 1077 1091
324 1 2 3 3 1078 1092
325 1 2 3 3 1083 1084
326 1 2 3 3 1084 1098
327 1 2 3 3 1085 1100
328 1 2 3 3 1091 1106
329 1 2 3 3 1092 1114
330 1 2 3 3 1098 1099
331 1 2 3 3 1099 1121
332 1 2 3 3 1100 1127
333 1 2 3 3 1106 1133
334 1 2 3 3 1107 1108
335 1 2 3 3 1107 1134
336 1 2 3 3 1108 1109
337 1 2 3 3 1109 1110
338 1 2 3 3 1110 1111
339 1 2 3 3 1111 1112
340 1 2 3 3 1112 1113
341 1 2 3 3 1113 1140
342 1 2 3 3 1114 1141
343 1 2 3 3 1121 1122
344 1 2 3 3 1122 1123
345 1 2 3 3 1123 1124
346 1 2 3 3 1124 1125
347 1 2 3 3 1125 1126
348 1 2 3 3 1126 1153
349 1 2 3 3 1127 1154
350 1 2 3 3 1133 1160
351 1 2 3 3 1134 1161
352 1 2 3 3 1140 1167
353 1 2 3 3 1141 1168
354 1 2 3 3 1153 1180
355 1 2 3 3 1154 1181
356 1 2 3 3 1160 1187
357 1 2 3 3 1161 1188
358 1 2 3 3 1167 1194
359 1 2 3 3 1168 1195
360 1 2 3 3 1180 1207
361 1 2 3 3 1181 1208
362 1 2 3 3 1187 1214
363 1 2 3 3 1188 1215
364 1 2 3 3 1194 1221
365 1 2 3 3 1195 1222
366 1 2 3 3 1207 1234
367 1 2 3 3 1208 1235
368 1 2 3 3 1214 1241
369 1 2 3 3 1215 1242
370 1 2 3 3 1221 1248
371 1 2 3 3 1222 1251
372 1 2 3 3 1234 1263
373 1 2 3 3 1235 1266
374 1 2 3 3 1241 1272
375 1 2 3 3 1242 1273
376 1 2 3 3 1248 1249
377 1 2 3 3 1249 1280
378 1 2 3 3 1250 1251
379 1 2 3 3 1250 1283
380 1 2 3 3 1263 1264
381 1 2 3 3 1264 1297
382 1 2 3 3 1265 1266
383 1 2 3 3 1265 1300
384 1 2 3 3 1272 1307
385 1 2 3 3 1273 1308
386 1 2 3 3 1280 1281
387 1 2 3 3 1281 1316
388 1 2 3 3 1282 1283
389 1 2 3 3 1282 1319
390 1 2 3 3 1297 1298
391 1 2 3 3 1298 1335
392 1 2 3 3 1299 1300
393 1 2 3 3 1299 1338
394 1 2 3 3 1307 1346
395 1 2 3 3 1308 1355
396 1 2 3 3 1316 1317
397 1 2 3 3 1317 1364
398 1 2 3 3 1318 1319
399 1 2 3 3 1318 1386
400 1 2 3 3 1335 1336
401 1 2 3 3 1336 1404
402 1 2 3 3 1337 1338
403 1 2 3 3 1337 1410
404 1 2 3 3 1346 1419
405 1 2 3 3 1347 1348
406 1 2 1 1 1347 1428
407 1 2 3 3 1348 1349
408 1 2 3 3 1349 1350
409 1 2 3 3 1350 1351
410 1 2 3 3 1351 1352
411 1 2 3 3 1352 1353
412 1 2 3 3 1353 1354
413 1 2 3 3 1354 1355
414 1 2 3 3 1364 1365
415 1 2 3 3 1365 1366
416 1 2 3 3 1366 1367
417 1 2 3 3 1367 1368
418 1 2 3 3 1368 1369
419 1 2 3 3 1369 1370
420 1 2 3 3 1370 1371
421 1 2 3 3 1371 1372
422 1 2 3 3 1372 1373
423 1 2 3 3 1373 1374
424 1 2 3 3 1374 1375
425 1 2 3 3 1375 1376
426 1 2 3 3 1376 1377
427 1 2 3 3 1377 1378
428 1 2 3 3 1378 1379
429 1 2 3 3 1379 1380
430 1 2 3 3 1380 1381
431 1 2 3 3 1381 1382
432 1 2 3 3 1382 1383
433 1 2 3 3 1383 1384
434 1 2 3 3 1384 1385
435 1 2 3 3 1385 1386
436 1 2 3 3 1404 1405
437 1 2 3 3 1405 1406
438 1 2 3 3 1406 1407
439 1 2 3 3 1407 1408
440 1 2 3 3 1408 1409
441 1 2 3 3 1409 1410
442 1 2 3 3 1419 1420
443 1 2 3 3 1420 1421
444 1 2 3 3 1421 1422
445 1 2 3 3 1422 1423
446 1 2 3 3 1423 1424
447 1 2 3 3 1424 1425
448 1 2 3 3 1425 1426
449 1 2 3 3 1426 1427
450 1 2 2 2 1427 1508
451 1 2 1 1 1428 1509
452 1 2 2 2 1508 1589
453 1 2 1 1 1509 1590
454 1 2 2 2 1589 1670
455 1 2 3 3 1671 1672
456 1 2 1 1 1590 1671
457 1 2 3 3 1672 1673
458 1 2 3 3 1673 1674
459 1 2 3 3 1674 1675
460 1 2 3 3 1675 1676
461 1 2 3 3 1676 1677
462 1 2 3 3 1677 1678
463 1 2 3 3 1678 1679
464 1 2 3 3 1679 1680
465 1 2 3 3 1680 1681
466 1 2 3 3 1681 1682
467 1 2 3 3 1682 1683
468 1 2 3 3 1683 1684
469 1 2 3 3 1684 1685
470 1 2 3 3 1685 1686
471 1 2 3 3 1686 1687
472 1 2 3 3 1687 1688
473 1 2 3 3 1688 1689
474 1 2 3 3 1689 1690
475 1 2 3 3 1690 1691
476 1 2 3 3 1691 1692
477 1 2 3 3 1692 1693
478 1 2 3 3 1693 1694
479 1 2 3 3 1720 1721
480 1 2 3 3 1721 1722
481 1 2 3 3 1722 1723
482 1 2 3 3 1723 1724
483 1 2 3 3 1724 1725
484 1 2 3 3 1725 1726
485 1 2 3 3 1726 1727
486 1 2 3 3 1727 1728
487 1 2 3 3 1728 1729
488 1 2 3 3 1729 1730
489 1 2 3 3 1730 1731
490 1 2 3 3 1731 1732
491 1 2 3 3 1732 1733
492 1 2 3 3 1733 1734
493 1 2 3 3 1734 1735
494 1 2 3 3 1735 1736
495 1 2 3 3 1736 1737
496 1 2 3 3 1737 1738
497 1 2 3 3 1738 1739
498 1 2 3 3 1739 1740
499 1 2 3 3 1740 1741
500 1 2 3 3 1741 1742
501 1 2 3 3 1742 1743
502 1 2 3 3 1743 1744
503 1 2 3 3 1744 1745
504 1 2 3 3 1745 1746
505 1 2 3 3 1746 1747
506 1 2 3 3 1747 1748
507 1 2 3 3 1748 1749
508 1 2 3 3 1749 1750
509 1 2 2 2 1670 1751
510 1 2 3 3 1750 1751
511 1 2 3 3 1752 1753
512 1 2 3 3 1694 1752
513 1 2 3 3 1720 1778
514 1 2 3 3 1777 1778
515 1 2 3 3 1779 1780
516 1 2 3 3 1753 1779
517 1 2 3 3 1777 1803
518 1 2 3 3 1802 1803
519 1 2 3 3 1804 1805
520 1 2 3 3 1780 1804
521 1 2 3 3 1802 1826
522 1 2 3 3 1825 1826
523 1 2 3 3 1805 1827
524 1 2 3 3 1825 1847
525 1 2 3 3 1827 1848
526 1 2 3 3 1847 1868
527 1 2 3 3 1848 1869
528 1 2 3 3 1868 1889
529 1 2 3 3 1869 1890
530 1 2 3 3 1889 1910
531 1 2 3 3 1890 1911
532 1 2 3 3 1910 1931
533 1 2 3 3 1911 1932
534 1 2 3 3 1931 1952
535 1 2 3 3 1953 1954
536 1 2 3 3 1932 1953
537 1 2 3 3 1954 1955
538 1 2 3 3 1955 1956
539 1 2 3 3 1956 1957
540 1 2 3 3 1957 1958
541 1 2 3 3 1958 1959
542 1 2 3 3 1959 1960
543 1 2 3 3 1960 1961
544 1 2 3 3 1961 1962
545 1 2 3 3 1962 1963
546 1 2 3 3 1963 1964
547 1 2 3 3 1964 1965
548 1 2 3 3 1965 1966
549 1 2 3 3 1966 1967
550 1 2 3 3 1967 1968
551 1 2 3 3 1968 1969
552 1 2 3 3 1969 1970
553 1 2 3 3 1970 1971
554 1 2 3 3 1971 1972
555 1 2 3 3 1952 1973
556 1 2 3 3 1972 1973
557 2 2 10 10 1 2 12
558 2 2 10 10 1 12 11
559 2 2 10 10 2 3 13
560 2 2 10 10 2 13 12
561 2 2 10 10 3 4 14
562 2 2 10 10 3 14 13
563 2 2 10 10 4 5 15
564 2 2 10 10 4 15 14
565 2 2 10 10 6 7 17
566 2 2 10 10 6 17 16
567 2 2 10 10 7 8 18
568 2 2 10 10 7 18 17
569 2 2 10 10 8 9 19
570 2 2 10 10 8 19 18
571 2 2 10 10 9 10 20
572 2 2 10 10 9 20 19
573 2 2 10 10 11 12 22
574 2 2 10 10 11 22 21
575 2 2 10 10 12 13 23
576 2 2 10 10 12 23 22
577 2 2 10 10 13 14 24
578 2 2 10 10 13 24 23
579 2 2 10 10 14 15 25
580 2 2 10 10 14 25 24
581 2 2 10 10 16 17 27
582 2 2 10 10 16 27 26
583 2 2 10 10 17 18 28
584 2 2 10 10 17 28 27
585 2 2 10 10 18 19 29
586 2 2 10 10 18 29 28
587 2 2 10 10 19 20 30
588 2 2 10 10 19 30 29
589 2 2 10 10 21 22 32
590 2 2 10 10 21 32 31
591 2 2 10 10 22 23 33
592 2 2 10 10 22 33 32
593 2 2 10 10 23 24 34
594 2 2 10 10 23 34 33
595 2 2 10 10 24 25 35
596 2 2 10 10 24 35 34
597 2 2 10 10 26 27 37
598 2 2 10 10 26 37 36
599 2 2 10 10 27 28 38
600 2 2 10 10 27 38 37
601 2 2 10 10 28 29 39
602 2 2 10 10 28 39 38
603 2 2 10 10 29 30 40
604 2 2 10 10 29 40 39
605 2 2 10 10 31 32 42
606 2 2 10 10 31 42 41
607 2 2 10 10 32 33 43
608 2 2 10 10 32 43 42
609 2 2 10 10 33 34 44
610 2 2 10 10 33 44 43
611 2 2 10 10 34 35 45
612 2 2 10 10 34 45 44
613 2 2 10 10 36 37 47
614 2 2 10 10 36 47 46
615 2 2 10 10 37 38 48
616 2 2 10 10 37 48 47
617 2 2 10 10 38 39 49
618 2 2 10 10 38 49 48
619 2 2 10 10 39 40 50
620 2 2 10 10 39 50 49
621 2 2 10 10 41 42 52
622 2 2 10 10 41 52 51
623 2 2 10 10 42 43 53
624 2 2 10 10 42 53 52
625 2 2 10 10 43 44 54
626 2 2 10 10 43 54 53
627 2 2 10 10 44 45 55
628 2 2 10 10 44 55 54
629 2 2 10 10 46 47 57
630 2 2 10 10 46 57 56
631 2 2 10 10 47 48 58
632 2 2 10 10 47 58 57
633 2 2 10 10 48 49 59
634 2 2 10 10 48 59 58
635 2 2 10 10 49 50 60
636 2 2 10 10 49 60 59
637 2 2 10 10 51 52 62
638 2 2 10 10 51 62 61
639 2 2 10 10 52 53 63
640 2 2 10 10 52 63 62
641 2 2 10 10 53 54 64
642 2 2 10 10 53 64 63
643 2 2 10 10 54 55 65
644 2 2 10 10 54 65 64
645 2 2 10 10 56 57 67
646 2 2 10 10 56 67 66
647 2 2 10 10 57 58 68
648 2 2 10 10 57 68 67
649 2 2 10 10 58 59 69
650 2 2 10 10 58 69 68
651 2 2 10 10 59 60 70
652 2 2 10 10 59 70 69
653 2 2 10 10 61 62 73
654 2 2 10 10 61 73 72
655 2 2 10 10 62 63 74
656 2 2 10 10 62 74 73
657 2 2 10 10 63 64 75
658 2 2 10 10 63 75 74
659 2 2 10 10 64 65 76
660 2 2 10 10 64 76 75
661 2 2 10 10 66 67 80
662 2 2 10 10 66 80 79
663 2 2 10 10 67 68 81
664 2 2 10 10 67 81 80
665 2 2 10 10 68 69 82
666 2 2 10 10 68 82 81
667 2 2 10 10 69 70 83
668 2 2 10 10 69 83 82
669 2 2 10 10 71 72 87
670 2 2 10 10 71 87 86
671 2 2 10 10 72 73 88
672 2 2 10 10 72 88 87
673 2 2 10 10 73 74 89
674 2 2 10 10 73 89 88
675 2 2 10 10 74 75 90
676 2 2 10 10 74 90 89
677 2 2 10 10 75 76 91
678 2 2 10 10 75 91 90
679 2 2 10 10 76 77 92
680 2 2 10 10 76 92 91
681 2 2 10 10 78 79 96
682 2 2 10 10 78 96 95
683 2 2 10 10 79 80 97
684 2 2 10 10 79 97 96
685 2 2 10 10 80 81 98
686 2 2 10 10 80 98 97
687 2 2 10 10 81 82 99
688 2 2 10 10 81 99 98
689 2 2 10 10 82 83 100
690 2 2 10 10 82 100 99
691 2 2 10 10 83 84 101
692 2 2 10 10 83 101 100
693 2 2 10 10 85 86 105
694 2 2 10 10 85 105 104
695 2 2 10 10 86 87 106
696 2 2 10 10 86 106 105
697 2 2 10 10 87 88 107
698 2 2 10 10 87 107 106
699 2 2 10 10 88 89 108
700 2 2 10 10 88 108 107
701 2 2 10 10 89 90 109
702 2 2 10 10 89 109 108
703 2 2 10 10 90 91 110
704 2 2 10 10 90 110 109
705 2 2 10 10 91 92 111
706 2 2 10 10 91 111 110
707 2 2 10 10 92 93 112
708 2 2 10 10 92 112 111
709 2 2 10 10 94 95 116
710 2 2 10 10 94 116 115
711 2 2 10 10 95 96 117
712 2 2 10 10 95 117 116
713 2 2 10 10 96 97 118
714 2 2 10 10 96 118 117
715 2 2 10 10 97 98 119
716 2 2 10 10 97 119 118
717 2 2 10 10 98 99 120
718 2 2 10 10 98 120 119
719 2 2 10 10 99 100 121
720 2 2 10 10 99 121 120
721 2 2 10 10 100 101 122
722 2 2 10 10 100 122 121
723 2 2 10 10 101 102 123
724 2 2 10 10 101 123 122
725 2 2 10 10 103 104 141
726 2 2 10 10 103 141 140
727 2 2 10 10 104 105 142
728 2 2 10 10 104 142 141
729 2 2 10 10 105 106 143
730 2 2 10 10 105 143 142
731 2 2 10 10 106 107 144
732 2 2 10 10 106 144 143
733 2 2 10 10 107 108 145
734 2 2 10 10 107 145 144
735 2 2 10 10 108 109 146
736 2 2 10 10 108 146 145
737 2 2 10 10 109 110 147
738 2 2 10 10 109 147 146
739 2 2 10 10 110 111 148
740 2 2 10 10 110 148 147
741 2 2 10 10 111 112 149
742 2 2 10 10 111 149 148
743 2 2 10 10 112 113 150
744 2 2 10 10 112 150 149
745 2 2 10 10 114 115 173
746 2 2 10 10 114 173 172
747 2 2 10 10 115 116 174
748 2 2 10 10 115 174 173
749 2 2 10 10 116 117 175
750 2 2 10 10 116 175 174
751 2 2 10 10 117 118 176
752 2 2 10 10 117 176 175
753 2 2 10 10 118 119 177
754 2 2 10 10 118 177 176
755 2 2 10 10 119 120 178
756 2 2 10 10 119 178 177
757 2 2 10 10 120 121 179
758 2 2 10 10 120 179 178
759 2 2 10 10 121 122 180
760 2 2 10 10 121 180 179
761 2 2 10 10 122 123 181
762 2 2 10 10 122 181 180
763 2 2 10 10 123 124 182
764 2 2 10 10 123 182 181
765 2 2 10 10 125 126 207
766 2 2 10 10 125 207 206
767 2 2 10 10 126 127 208
768 2 2 10 10 126 208 207
769 2 2 10 10 127 128 209
770 2 2 10 10 127 209 208
771 2 2 10 10 128 129 210
772 2 2 10 10 128 210 209
773 2 2 10 10 129 130 211
774 2 2 10 10 129 211 210
775 2 2 10 10 130 131 212
776 2 2 10 10 130 212 211
777 2 2 10 10 131 132 213
778 2 2 10 10 131 213 212
779 2 2 10 10 132 133 214
780 2 2 10 10 132 214 213
781 2 2 10 10 133 134 215
782 2 2 10 10 133 215 214
783 2 2 10 10 134 135 216
784 2 2 10 10 134 216 215
785 2 2 10 10 135 136 217
786 2 2 10 10 135 217 216
787 2 2 10 10 136 137 218
788 2 2 10 10 136 218 217
789 2 2 10 10 137 138 219
790 2 2 10 10 137 219 218
791 2 2 10 10 138 139 220
792 2 2 10 10 138 220 219
793 2 2 10 10 139 140 221
794 2 2 10 10 139 221 220
795 2 2 10 10 140 141 222
796 2 2 10 10 140 222 221
797 2 2 10 10 141 142 223
798 2 2 10 10 141 223 222
799 2 2 10 10 142 143 224
800 2 2 10 10 142 224 223
801 2 2 10 10 143 144 225
802 2 2 10 10 143 225 224
803 2 2 10 10 144 145 226
804 2 2 10 10 144 226 225
805 2 2 10 10 145 146 227
806 2 2 10 10 145 227 226
807 2 2 10 10 146 147 228
808 2 2 10 10 146 228 227
809 2 2 10 10 147 148 229
810 2 2 10 10 147 229 228
811 2 2 10 10 148 149 230
812 2 2 10 10 148 230 229
813 2 2 10 10 149 150 231
814 2 2 10 10 149 231 230
815 2 2 10 10 150 151 232
816 2 2 10 10 150 232 231
817 2 2 10 10 151 152 233
818 2 2 10 10 151 233 232
819 2 2 10 10 152 153 234
820 2 2 10 10 152 234 233
821 2 2 10 10 153 154 235
822 2 2 10 10 153 235 234
823 2 2 10 10 154 155 236
824 2 2 10 10 154 236 235
825 2 2 10 10 155 156 237
826 2 2 10 10 155 237 236
827 2 2 10 10 156 157 238
828 2 2 10 10 156 238 237
829 2 2 10 10 157 158 239
830 2 2 10 10 157 239 238
831 2 2 10 10 158 159 240
832 2 2 10 10 158 240 239
833 2 2 10 10 159 160 241
834 2 2 10 10 159 241 240
835 2 2 10 10 160 161 242
836 2 2 10 10 160 242 241
837 2 2 10 10 161 162 243
838 2 2 10 10 161 243 242
839 2 2 10 10 162 163 244
840 2 2 10 10 162 244 243
841 2 2 10 10 163 164 245
842 2 2 10 10 163 245 244
843 2 2 10 10 164 165 246
844 2 2 10 10 164 246 245
845 2 2 10 10 165 166 247
846 2 2 10 10 165 247 246
847 2 2 10 10 166 167 248
848 2 2 10 10 166 248 247
849 2 2 10 10 167 168 249
850 2 2 10 10 167 249 248
851 2 2 10 10 168 169 250
852 2 2 10 10 168 250 249
853 2 2 10 10 169 170 251
854 2 2 10 10 169 251 250
855 2 2 10 10 170 171 252
856 2 2 10 10 170 252 251
857 2 2 10 10 171 172 253
858 2 2 10 10 171 253 252
859 2 2 10 10 172 173 254
860 2 2 10 10 172 254 253
861 2 2 10 10 173 174 255
862 2 2 10 10 173 255 254
863 2 2 10 10 174 175 256
864 2 2 10 10 174 256 255
865 2 2 10 10 175 176 257
866 2 2 10 10 175 257 256
867 2 2 10 10 176 177 258
868 2 2 10 10 176 258 257
869 2 2 10 10 177 178 259
870 2 2 10 10 177 259 258
871 2 2 10 10 178 179 260
872 2 2 10 10 178 260 259
873 2 2 10 10 179 180 261
874 2 2 10 10 179 261 260
875 2 2 10 10 180 181 262
876 2 2 10 10 180 262 261
877 2 2 10 10 181 182 263
878 2 2 10 10 181 263 262
879 2 2 10 10 182 183 264
880 2 2 10 10 182 264 263
881 2 2 10 10 183 184 265
882 2 2 10 10 183 265 264
883 2 2 10 10 184 185 266
884 2 2 10 10 184 266 265
885 2 2 10 10 185 186 267
886 2 2 10 10 185 267 266
887 2 2 10 10 186 187 268
888 2 2 10 10 186 268 267
889 2 2 10 10 187 188 269
890 2 2 10 10 187 269 268
891 2 2 10 10 188 189 270
892 2 2 10 10 188 270 269
893 2 2 10 10 189 190 271
894 2 2 10 10 189 271 270
895 2 2 10 10 190 191 272
896 2 2 10 10 190 272 271
897 2 2 10 10 191 192 273
898 2 2 10 10 191 273 272
899 2 2 10 10 192 193 274
900 2 2 10 10 192 274 273
901 2 2 10 10 193 194 275
902 2 2 10 10 193 275 274
903 2 2 10 10 194 195 276
904 2 2 10 10 194 276 275
905 2 2 10 10 195 196 277
906 2 2 10 10 195 277 276
907 2 2 10 10 196 197 278
908 2 2 10 10 196 278 277
909 2 2 10 10 197 198 279
910 2 2 10 10 197 279 278
911 2 2 10 10 198 199 280
912 2 2 10 10 198 280 279
913 2 2 10 10 199 200 281
914 2 2 10 10 199 281 280
915 2 2 10 10 200 201 282
916 2 2 10 10 200 282 281
917 2 2 10 10 201 202 283
918 2 2 10 10 201 283 282
919 2 2 10 10 202 203 284
920 2 2 10 10 202 284 283
921 2 2 10 10 203 204 285
922 2 2 10 10 203 285 284
923 2 2 10 10 204 205 286
924 2 2 10 10 204 286 285
925 2 2 10 10 206 207 288
926 2 2 10 10 206 288 287
927 2 2 10 10 207 208 289
928 2 2 10 10 207 289 288
929 2 2 10 10 208 209 290
930 2 2 10 10 208 290 289
931 2 2 10 10 209 210 291
932 2 2 10 10 209 291 290
933 2 2 10 10 210 211 292
934 2 2 10 10 210 292 291
935 2 2 10 10 211 212 293
936 2 2 10 10 211 293 292
937 2 2 10 10 212 213 294
938 2 2 10 10 212 294 293
939 2 2 10 10 213 214 295
940 2 2 10 10 213 295 294
941 2 2 10 10 214 215 296
942 2 2 10 10 214 296 295
943 2 2 10 10 215 216 297
944 2 2 10 10 215 297 296
945 2 2 10 10 216 217 298
946 2 2 10 10 216 298 297
947 2 2 10 10 217 218 299
948 2 2 10 10 217 299 298
949 2 2 10 10 218 219 300
950 2 2 10 10 218 300 299
951 2 2 10 10 219 220 301
952 2 2 10 10 219 301 300
953 2 2 10 10 220 221 302
954 2 2 10 10 220 302 301
955 2 2 10 10 221 222 303
956 2 2 10 10 221 303 302
957 2 2 10 10 222 223 304
958 2 2 10 10 222 304 303
959 2 2 10 10 223 224 305
960 2 2 10 10 223 305 304
961 2 2 10 10 224 225 306
962 2 2 10 10 224 306 305
963 2 2 10 10 225 226 307
964 2 2 10 10 225 307 306
965 2 2 10 10 226 227 308
966 2 2 10 10 226 308 307
967 2 2 10 10 227 228 309
968 2 2 10 10 227 309 308
969 2 2 10 10 228 229 310
970 2 2 10 10 228 310 309
971 2 2 10 10 229 230 311
972 2 2 10 10 229 311 310
973 2 2 10 10 230 231 312
974 2 2 10 10 230 312 311
975 2 2 10 10 231 232 313
976 2 2 10 10 231 313 312
977 2 2 10 10 232 233 314
978 2 2 10 10 232 314 313
979 2 2 10 10 233 234 315
980 2 2 10 10 233 315 314
981 2 2 10 10 234 235 316
982 2 2 10 10 234 316 315
983 2 2 10 10 235 236 317
984 2 2 10 10 235 317 316
985 2 2 10 10 236 237 318
986 2 2 10 10 236 318 317
987 2 2 10 10 237 238 319
988 2 2 10 10 237 319 318
989 2 2 10 10 238 239 320
990 2 2 10 10 238 320 319
991 2 2 10 10 239 240 321
992 2 2 10 10 239 321 320
993 2 2 10 10 240 241 322
994 2 2 10 10 240 322 321
995 2 2 10 10 241 242 323
996 2 2 10 10 241 323 322
997 2 2 10 10 242 243 324
998 2 2 10 10 242 324 323
999 2 2 10 10 243 244 325
1000 2 2 10 10 243 325 324
1001 2 2 10 10 244 245 326
1002 2 2 10 10 244 326 325
1003 2 2 10 10 245 246 327
1004 2 2 10 10 245 327 326
1005 2 2 10 10 246 247 328
1006 2 2 10 10 246 328 327
1007 2 2 10 10 247 248 329
1008 2 2 10 10 247 329 328
1009 2 2 10 10 248 249 330
1010 2 2 10 10 248 330 329
1011 2 2 10 10 249 250 331
1012 2 2 10 10 249 331 330
1013 2 2 10 10 250 251 332
1014 2 2 10 10 250 332 331
1015 2 2 10 10 251 252 333
1016 2 2 10 10 251 333 332
1017 2 2 10 10 252 253 334
1018 2 2 10 10 252 334 333
1019 2 2 10 10 253 254 335
1020 2 2 10 10 253 335 334
1021 2 2 10 10 254 255 336
1022 2 2 10 10 254 336 335
1023 2 2 10 10 255 256 337
1024 2 2 10 10 255 337 336
1025 2 2 10 10 256 257 338
1026 2 2 10 10 256 338 337
1027 2 2 10 10 257 258 339
1028 2 2 10 10 257 339 338
1029 2 2 10 10 258 259 340
1030 2 2 10 10 258 340 339
1031 2 2 10 10 259 260 341
1032 2 2 10 10 259 341 340
1033 2 2 10 10 260 261 342
1034 2 2 10 10 260 342 341
1035 2 2 10 10 261 262 343
1036 2 2 10 10 261 343 342
1037 2 2 10 10 262 263 344
1038 2 2 10 10 262 344 343
1039 2 2 10 10 263 264 345
1040 2 2 10 10 263 345 344
1041 2 2 10 10 264 265 346
1042 2 2 10 10 264 346 345
1043 2 2 10 10 265 266 347
1044 2 2 10 10 265 347 346
1045 2 2 10 10 266 267 348
1046 2 2 10 10 266 348 347
1047 2 2 10 10 267 268 349
1048 2 2 10 10 267 349 348
1049 2 2 10 10 268 269 350
1050 2 2 10 10 268 350 349
1051 2 2 10 10 269 270 351
1052 2 2 10 10 269 351 350
1053 2 2 10 10 270 271 352
1054 2 2 10 10 270 352 351
1055 2 2 10 10 271 272 353
1056 2 2 10 10 271 353 352
1057 2 2 10 10 272 273 354
1058 2 2 10 10 272 354 353
1059 2 2 10 10 273 274 355
1060 2 2 10 10 273 355 354
1061 2 2 10 10 274 275 356
1062 2 2 10 10 274 356 355
1063 2 2 10 10 275 276 357
1064 2 2 10 10 275 357 356
1065 2 2 10 10 276 277 358
1066 2 2 10 10 276 358 357
1067 2 2 10 10 277 278 359
1068 2 2 10 10 277 359 358
1069 2 2 10 10 278 279 360
1070 2 2 10 10 278 360 359
1071 2 2 10 10 279 280 361
1072 2 2 10 10 279 361 360
1073 2 2 10 10 280 281 362
1074 2 2 10 10 280 362 361
1075 2 2 10 10 281 282 363
1076 2 2 10 10 281 363 362
1077 2 2 10 10 282 283 364
1078 2 2 10 10 282 364 363
1079 2 2 10 10 283 284 365
1080 2 2 10 10 283 365 364
1081 2 2 10 10 284 285 366
1082 2 2 10 10 284 366 365
1083 2 2 10 10 285 286 367
1084 2 2 10 10 285 367 366
1085 2 2 10 10 287 288 369
1086 2 2 10 10 287 369 368
1087 2 2 10 10 288 289 370
1088 2 2 10 10 288 370 369
1089 2 2 10 10 289 290 371
1090 2 2 10 10 289 371 370
1091 2 2 10 10 290 291 372
1092 2 2 10 10 290 372 371
1093 2 2 10 10 291 292 373
1094 2 2 10 10 291 373 372
1095 2 2 10 10 292 293 374
1096 2 2 10 10 292 374 373
1097 2 2 10 10 293 294 375
1098 2 2 10 10 293 375 374
1099 2 2 10 10 294 295 376
1100 2 2 10 10 294 376 375
1101 2 2 10 10 295 296 377
1102 2 2 10 10 295 377 376
1103 2 2 10 10 296 297 378
1104 2 2 10 10 296 378 377
1105 2 2 10 10 297 298 379
1106 2 2 10 10 297 379 378
1107 2 2 10 10 298 299 380
1108 2 2 10 10 298 380 379
1109 2 2 10 10 299 300 381
1110 2 2 10 10 299 381 380
1111 2 2 10 10 300 301 382
1112 2 2 10 10 300 382 381
1113 2 2 10 10 301 302 383
1114 2 2 10 10 301 383 382
1115 2 2 10 10 302 303 384
1116 2 2 10 10 302 384 383
1117 2 2 10 10 303 304 385
1118 2 2 10 10 303 385 384
1119 2 2 10 10 304 305 386
1120 2 2 10 10 304 386 385
1121 2 2 10 10 305 306 387
1122 2 2 10 10 305 387 386
1123 2 2 10 10 306 307 388
1124 2 2 10 10 306 388 387
1125 2 2 10 10 307 308 389
1126 2 2 10 10 307 389 388
1127 2 2 10 10 308 309 390
1128 2 2 10 10 308 390 389
1129 2 2 10 10 309 310 391
1130 2 2 10 10 309 391 390
1131 2 2 10 10 310 311 392
1132 2 2 10 10 310 392 391
1133 2 2 10 10 311 312 393
1134 2 2 10 10 311 393 392
1135 2 2 10 10 312 313 394
1136 2 2 10 10 312 394 393
1137 2 2 10 10 313 314 395
1138 2 2 10 10 313 395 394
1139 2 2 10 10 314 315 396
1140 2 2 10 10 314 396 395
1141 2 2 10 10 315 316 397
1142 2 2 10 10 315 397 396
1143 2 2 10 10 316 317 398
1144 2 2 10 10 316 398 397
1145 2 2 10 10 317 318 399
1146 2 2 10 10 317 399 398
1147 2 2 10 10 318 319 400
1148 2 2 10 10 318 400 399
1149 2 2 10 10 319 320 401
1150 2 2 10 10 319 401 400
1151 2 2 10 10 320 321 402
1152 2 2 10 10 320 402 401
1153 2 2 10 10 321 322 403
1154 2 2 10 10 321 403 402
1155 2 2 10 10 322 323 404
1156 2 2 10 10 322 404 403
1157 2 2 10 10 323 324 405
1158 2 2 10 10 323 405 404
1159 2 2 10 10 324 325 406
1160 2 2 10 10 324 406 405
1161 2 2 10 10 325 326 407
1162 2 2 10 10 325 407 406
1163 2 2 10 10 326 327 408
1164 2 2 10 10 326 408 407
1165 2 2 10 10 327 328 409
1166 2 2 10 10 327 409 408
1167 2 2 10 10 328 329 410
1168 2 2 10 10 328 410 409
1169 2 2 10 10 329 330 411
1170 2 2 10 10 329 411 410
1171 2 2 10 10 330 331 412
1172 2 2 10 10 330 412 411
1173 2 2 10 10 331 332 413
1174 2 2 10 10 331 413 412
1175 2 2 10 10 332 333 414
1176 2 2 10 10 332 414 413
1177 2 2 10 10 333 334 415
1178 2 2 10 10 333 415 414
1179 2 2 10 10 334 335 416
1180 2 2 10 10 334 416 415
1181 2 2 10 10 335 336 417
1182 2 2 10 10 335 417 416
1183 2 2 10 10 336 337 418
1184 2 2 10 10 336 418 417
1185 2 2 10 10 337 338 419
1186 2 2 10 10 337 419 418
1187 2 2 10 10 338 339 420
1188 2 2 10 10 338 420 419
1189 2 2 10 10 339 340 421
1190 2 2 10 10 339 421 420
1191 2 2 10 10 340 341 422
1192 2 2 10 10 340 422 421
1193 2 2 10 10 341 342 423
1194 2 2 10 10 341 423 422
1195 2 2 10 10 342 343 424
1196 2 2 10 10 342 424 423
1197 2 2 10 10 343 344 425
1198 2 2 10 10 343 425 424
1199 2 2 10 10 344 345 426
1200 2 2 10 10 344 426 425
1201 2 2 10 10 345 346 427
1202 2 2 10 10 345 427 426
1203 2 2 10 10 346 347 428
1204 2 2 10 10 346 428 427
1205 2 2 10 10 347 348 429
1206 2 2 10 10 347 429 428
1207 2 2 10 10 348 349 430
1208 2 2 10 10 348 430 429
1209 2 2 10 10 349 350 431
1210 2 2 10 10 349 431 430
1211 2 2 10 10 350 351 432
1212 2 2 10 10 350 432 431
1213 2 2 10 10 351 352 433
1214 2 2 10 10 351 433 432
1215 2 2 10 10 352 353 434
1216 2 2 10 10 352 434 433
1217 2 2 10 10 353 354 435
1218 2 2 10 10 353 435 434
1219 2 2 10 10 354 355 436
1220 2 2 10 10 354 436 435
1221 2 2 10 10 355 356 437
1222 2 2 10 10 355 437 436
1223 2 2 10 10 356 357 438
1224 2 2 10 10 356 438 437
1225 2 2 10 10 357 358 439
1226 2 2 10 10 357 439 438
1227 2 2 10 10 358 359 440
1228 2 2 10 10 358 440 439
1229 2 2 10 10 359 360 441
1230 2 2 10 10 359 441 440
1231 2 2 10 10 360 361 442
1232 2 2 10 10 360 442 441
1233 2 2 10 10 361 362 443
1234 2 2 10 10 361 443 442
1235 2 2 10 10 362 363 444
1236 2 2 10 10 362 444 443
1237 2 2 10 10 363 364 445
1238 2 2 10 10 363 445 444
1239 2 2 10 10 364 365 446
1240 2 2 10 10 364 446 445
1241 2 2 10 10 365 366 447
1242 2 2 10 10 365 447 446
1243 2 2 10 10 366 367 448
1244 2 2 10 10 366 448 447
1245 2 2 10 10 368 369 450
1246 2 2 10 10 368 450 449
1247 2 2 10 10 369 370 451
1248 2 2 10 10 369 451 450
1249 2 2 10 10 370 371 452
1250 2 2 10 10 370 452 451
1251 2 2 10 10 371 372 453
1252 2 2 10 10 371 453 452
1253 2 2 10 10 372 373 454
1254 2 2 10 10 372 454 453
1255 2 2 10 10 373 374 455
1256 2 2 10 10 373 455 454
1257 2 2 10 10 374 375 456
1258 2 2 10 10 374 456 455
1259 2 2 10 10 375 376 457
1260 2 2 10 10 375 457 456
1261 2 2 10 10 376 377 458
1262 2 2 10 10 376 458 457
1263 2 2 10 10 377 378 459
1264 2 2 10 10 377 459 458
1265 2 2 10 10 378 379 460
1266 2 2 10 10 378 460 459
1267 2 2 10 10 379 380 461
1268 2 2 10 10 379 461 460
1269 2 2 10 10 380 381 462
1270 2 2 10 10 380 462 461
1271 2 2 10 10 381 382 463
1272 2 2 10 10 381 463 462
1273 2 2 10 10 382 383 464
1274 2 2 10 10 382 464 463
1275 2 2 10 10 383 384 465
1276 2 2 10 10 383 465 464
1277 2 2 10 10 384 385 466
1278 2 2 10 10 384 466 465
1279 2 2 10 10 385 386 467
1280 2 2 10 10 385 467 466
1281 2 2 10 10 386 387 468
1282 2 2 10 10 386 468 467
1283 2 2 10 10 387 388 469
1284 2 2 10 10 387 469 468
1285 2 2 10 10 388 389 470
1286 2 2 10 10 388 470 469
1287 2 2 10 10 389 390 471
1288 2 2 10 10 389 471 470
1289 2 2 10 10 390 391 472
1290 2 2 10 10 390 472 471
1291 2 2 10 10 391 392 473
1292 2 2 10 10 391 473 472
1293 2 2 10 10 392 393 474
1294 2 2 10 10 392 474 473
1295 2 2 10 10 393 394 475
1296 2 2 10 10 393 475 474
1297 2 2 10 10 394 395 476
1298 2 2 10 10 394 476 475
1299 2 2 10 10 395 396 477
1300 2 2 10 10 395 477 476
1301 2 2 10 10 396 397 478
1302 2 2 10 10 396 478 477
1303 2 2 10 10 397 398 479
1304 2 2 10 10 397 479 478
1305 2 2 10 10 398 399 480
1306 2 2 10 10 398 480 479
1307 2 2 10 10 399 400 481
1308 2 2 10 10 399 481 480
1309 2 2 10 10 400 401 482
1310 2 2 10 10 400 482 481
1311 2 2 10 10 401 402 483
1312 2 2 10 10 401 483 482
1313 2 2 10 10 402 403 484
1314 2 2 10 10 402 484 483
1315 2 2 10 10 403 404 485
1316 2 2 10 10 403 485 484
1317 2 2 10 10 404 405 486
1318 2 2 10 10 404 486 485
1319 2 2 10 10 405 406 487
1320 2 2 10 10 405 487 486
1321 2 2 10 10 406 407 488
1322 2 2 10 10 406 488 487
1323 2 2 10 10 407 408 489
1324 2 2 10 10 407 489 488
1325 2 2 10 10 408 409 490
1326 2 2 10 10 408 490 489
1327 2 2 10 10 409 410 491
1328 2 2 10 10 409 491 490
1329 2 2 10 10 410 411 492
1330 2 2 10 10 410 492 491
1331 2 2 10 10 411 412 493
1332 2 2 10 10 411 493 492
1333 2 2 10 10 412 413 494
1334 2 2 10 10 412 494 493
1335 2 2 10 10 413 414 495
1336 2 2 10 10 413 495 494
1337 2 2 10 10 414 415 496
1338 2 2 10 10 414 496 495
1339 2 2 10 10 415 416 497
1340 2 2 10 10 415 497 496
1341 2 2 10 10 416 417 498
1342 2 2 10 10 416 498 497
1343 2 2 10 10 417 418 499
1344 2 2 10 10 417 499 498
1345 2 2 10 10 418 419 500
1346 2 2 10 10 418 500 499
1347 2 2 10 10 419 420 501
1348 2 2 10 10 419 501 500
1349 2 2 10 10 420 421 502
1350 2 2 10 10 420 502 501
1351 2 2 10 10 421 422 503
1352 2 2 10 10 421 503 502
1353 2 2 10 10 422 423 504
1354 2 2 10 10 422 504 503
1355 2 2 10 10 423 424 505
1356 2 2 10 10 423 505 504
1357 2 2 10 10 424 425 506
1358 2 2 10 10 424 506 505
1359 2 2 10 10 425 426 507
1360 2 2 10 10 425 507 506
1361 2 2 10 10 426 427 508
1362 2 2 10 10 426 508 507
1363 2 2 10 10 427 428 509
1364 2 2 10 10 427 509 508
1365 2 2 10 10 428 429 510
1366 2 2 10 10 428 510 509
1367 2 2 10 10 429 430 511
1368 2 2 10 10 429 511 510
1369 2 2 10 10 430 431 512
1370 2 2 10 10 430 512 511
1371 2 2 10 10 431 432 513
1372 2 2 10 10 431 513 512
1373 2 2 10 10 432 433 514
1374 2 2 10 10 432 514 513
1375 2 2 10 10 433 434 515
1376 2 2 10 10 433 515 514
1377 2 2 10 10 434 435 516
1378 2 2 10 10 434 516 515
1379 2 2 10 10 435 436 517
1380 2 2 10 10 435 517 516
1381 2 2 10 10 436 437 518
1382 2 2 10 10 436 518 517
1383 2 2 10 10 437 438 519
1384 2 2 10 10 437 519 518
1385 2 2 10 10 438 439 520
1386 2 2 10 10 438 520 519
1387 2 2 10 10 439 440 521
1388 2 2 10 10 439 521 520
1389 2 2 10 10 440 441 522
1390 2 2 10 10 440 522 521
1391 2 2 10 10 441 442 523
1392 2 2 10 10 441 523 522
1393 2 2 10 10 442 443 524
1394 2 2 10 10 442 524 523
1395 2 2 10 10 443 444 525
1396 2 2 10 10 443 525 524
1397 2 2 10 10 444 445 526
1398 2 2 10 10 444 526 525
1399 2 2 10 10 445 446 527
1400 2 2 10 10 445 527 526
1401 2 2 10 10 446 447 528
1402 2 2 10 10 446 528 527
1403 2 2 10 10 447 448 529
1404 2 2 10 10 447 529 528
1405 2 2 10 10 457 458 531
1406 2 2 10 10 457 531 530
1407 2 2 10 10 458 459 532
1408 2 2 10 10 458 532 531
1409 2 2 10 10 459 460 533
1410 2 2 10 10 459 533 532
1411 2 2 10 10 460 461 534
1412 2 2 10 10 460 534 533
1413 2 2 10 10 461 462 535
1414 2 2 10 10 461 535 534
1415 2 2 10 10 462 463 536
1416 2 2 10 10 462 536 535
1417 2 2 10 10 463 464 537
1418 2 2 10 10 463 537 536
1419 2 2 10 10 464 465 538
1420 2 2 10 10 464 538 537
1421 2 2 10 10 465 466 539
1422 2 2 10 10 465 539 538
1423 2 2 10 10 466 467 540
1424 2 2 10 10 466 540 539
1425 2 2 10 10 467 468 541
1426 2 2 10 10 467 541 540
1427 2 2 10 10 468 469 542
1428 2 2 10 10 468 542 541
1429 2 2 10 10 469 470 543
1430 2 2 10 10 469 543 542
1431 2 2 10 10 470 471 544
1432 2 2 10 10 470 544 543
1433 2 2 10 10 471 472 545
1434 2 2 10 10 471 545 544
1435 2 2 10 10 472 473 546
1436 2 2 10 10 472 546 545
1437 2 2 10 10 473 474 547
1438 2 2 10 10 473 547 546
1439 2 2 10 10 474 475 548
1440 2 2 10 10 474 548 547
1441 2 2 10 10 475 476 549
1442 2 2 10 10 475 549 548
1443 2 2 10 10 476 477 550
1444 2 2 10 10 476 550 549
1445 2 2 10 10 477 478 551
1446 2 2 10 10 477 551 550
1447 2 2 10 10 478 479 552
1448 2 2 10 10 478 552 551
1449 2 2 10 10 479 480 553
1450 2 2 10 10 479 553 552
1451 2 2 10 10 480 481 554
1452 2 2 10 10 480 554 553
1453 2 2 10 10 481 482 555
1454 2 2 10 10 481 555 554
1455 2 2 10 10 482 483 556
1456 2 2 10 10 482 556 555
1457 2 2 10 10 483 484 557
1458 2 2 10 10 483 557 556
1459 2 2 10 10 484 485 558
1460 2 2 10 10 484 558 557
1461 2 2 10 10 485 486 559
1462 2 2 10 10 485 559 558
1463 2 2 10 10 486 487 560
1464 2 2 10 10 486 560 559
1465 2 2 10 10 487 488 561
1466 2 2 10 10 487 561 560
1467 2 2 10 10 488 489 562
1468 2 2 10 10 488 562 561
1469 2 2 10 10 489 490 563
1470 2 2 10 10 489 563 562
1471 2 2 10 10 496 497 565
1472 2 2 10 10 496 565 564
1473 2 2 10 10 497 498 566
1474 2 2 10 10 497 566 565
1475 2 2 10 10 498 499 567
1476 2 2 10 10 498 567 566
1477 2 2 10 10 499 500 568
1478 2 2 10 10 499 568 567
1479 2 2 10 10 500 501 569
1480 2 2 10 10 500 569 568
1481 2 2 10 10 501 502 570
1482 2 2 10 10 501 570 569
1483 2 2 10 10 502 503 571
1484 2 2 10 10 502 571 570
1485 2 2 10 10 503 504 572
1486 2 2 10 10 503 572 571
1487 2 2 10 10 504 505 573
1488 2 2 10 10 504 573 572
1489 2 2 10 10 505 506 574
1490 2 2 10 10 505 574 573
1491 2 2 10 10 530 531 576
1492 2 2 10 10 530 576 575
1493 2 2 10 10 531 532 577
1494 2 2 10 10 531 577 576
1495 2 2 10 10 532 533 578
1496 2 2 10 10 532 578 577
1497 2 2 10 10 533 534 579
1498 2 2 10 10 533 579 578
1499 2 2 10 10 534 535 580
1500 2 2 10 10 534 580 579
1501 2 2 10 10 535 536 581
1502 2 2 10 10 535 581 580
1503 2 2 10 10 536 537 582
1504 2 2 10 10 536 582 581
1505 2 2 10 10 537 538 583
1506 2 2 10 10 537 583 582
1507 2 2 10 10 538 539 584
1508 2 2 10 10 538 584 583
1509 2 2 10 10 539 540 585
1510 2 2 10 10 539 585 584
1511 2 2 10 10 540 541 586
1512 2 2 10 10 540 586 585
1513 2 2 10 10 541 542 587
1514 2 2 10 10 541 587 586
1515 2 2 10 10 542 543 588
1516 2 2 10 10 542 588 587
1517 2 2 10 10 543 544 589
1518 2 2 10 10 543 589 588
1519 2 2 10 10 544 545 590
1520 2 2 10 10 544 590 589
1521 2 2 10 10 545 546 591
1522 2 2 10 10 545 591 590
1523 2 2 10 10 546 547 592
1524 2 2 10 10 546 592 591
1525 2 2 10 10 547 548 593
1526 2 2 10 10 547 593 592
1527 2 2 10 10 548 549 594
1528 2 2 10 10 548 594 593
1529 2 2 10 10 549 550 595
1530 2 2 10 10 549 595 594
1531 2 2 10 10 550 551 596
1532 2 2 10 10 550 596 595
1533 2 2 10 10 551 552 597
1534 2 2 10 10 551 597 596
1535 2 2 10 10 552 553 598
1536 2 2 10 10 552 598 597
1537 2 2 10 10 553 554 599
1538 2 2 10 10 553 599 598
1539 2 2 10 10 554 555 600
1540 2 2 10 10 554 600 599
1541 2 2 10 10 555 556 601
1542 2 2 10 10 555 601 600
1543 2 2 10 10 556 557 602
1544 2 2 10 10 556 602 601
1545 2 2 10 10 557 558 603
1546 2 2 10 10 557 603 602
1547 2 2 10 10 558 559 604
1548 2 2 10 10 558 604 603
1549 2 2 10 10 559 560 605
1550 2 2 10 10 559 605 604
1551 2 2 10 10 560 561 606
1552 2 2 10 10 560 606 605
1553 2 2 10 10 561 562 607
1554 2 2 10 10 561 607 606
1555 2 2 10 10 565 566 609
1556 2 2 10 10 565 609 608
1557 2 2 10 10 566 567 610
1558 2 2 10 10 566 610 609
1559 2 2 10 10 567 568 611
1560 2 2 10 10 567 611 610
1561 2 2 10 10 568 569 612
1562 2 2 10 10 568 612 611
1563 2 2 10 10 569 570 613
1564 2 2 10 10 569 613 612
1565 2 2 10 10 570 571 614
1566 2 2 10 10 570 614 613
1567 2 2 10 10 571 572 615
1568 2 2 10 10 571 615 614
1569 2 2 10 10 572 573 616
1570 2 2 10 10 572 616 615
1571 2 2 10 10 575 576 618
1572 2 2 10 10 575 618 617
1573 2 2 10 10 576 577 619
1574 2 2 10 10 576 619 618
1575 2 2 10 10 577 578 620
1576 2 2 10 10 577 620 619
1577 2 2 10 10 578 579 621
1578 2 2 10 10 578 621 620
1579 2 2 10 10 579 580 622
1580 2 2 10 10 579 622 621
1581 2 2 10 10 580 581 623
1582 2 2 10 10 580 623 622
1583 2 2 10 10 581 582 624
1584 2 2 10 10 581 624 623
1585 2 2 10 10 582 583 625
1586 2 2 10 10 582 625 624
1587 2 2 10 10 583 584 626
1588 2 2 10 10 583 626 625
1589 2 2 10 10 584 585 627
1590 2 2 10 10 584 627 626
1591 2 2 10 10 585 586 628
1592 2 2 10 10 585 628 627
1593 2 2 10 10 586 587 629
1594 2 2 10 10 586 629 628
1595 2 2 10 10 587 588 630
1596 2 2 10 10 587 630 629
1597 2 2 10 10 588 589 631
1598 2 2 10 10 588 631 630
1599 2 2 10 10 589 590 632
1600 2 2 10 10 589 632 631
1601 2 2 10 10 590 591 633
1602 2 2 10 10 590 633 632
1603 2 2 10 10 591 592 634
1604 2 2 10 10 591 634 633
1605 2 2 10 10 592 593 635
1606 2 2 10 10 592 635 634
1607 2 2 10 10 593 594 636
1608 2 2 10 10 593 636 635
1609 2 2 10 10 594 595 637
1610 2 2 10 10 594 637 636
1611 2 2 10 10 595 596 638
1612 2 2 10 10 595 638 637
1613 2 2 10 10 596 597 639
1614 2 2 10 10 596 639 638
1615 2 2 10 10 597 598 640
1616 2 2 10 10 597 640 639
1617 2 2 10 10 598 599 641
1618 2 2 10 10 598 641 640
1619 2 2 10 10 599 600 642
1620 2 2 10 10 599 642 641
1621 2 2 10 10 600 601 643
1622 2 2 10 10 600 643 642
1623 2 2 10 10 601 602 644
1624 2 2 10 10 601 644 643
1625 2 2 10 10 602 603 645
1626 2 2 10 10 602 645 644
1627 2 2 10 10 603 604 646
1628 2 2 10 10 603 646 645
1629 2 2 10 10 604 605 647
1630 2 2 10 10 604 647 646
1631 2 2 10 10 605 606 648
1632 2 2 10 10 605 648 647
1633 2 2 10 10 609 610 650
1634 2 2 10 10 609 650 649
1635 2 2 10 10 610 611 651
1636 2 2 10 10 610 651 650
1637 2 2 10 10 611 612 652
1638 2 2 10 10 611 652 651
1639 2 2 10 10 612 613 653
1640 2 2 10 10 612 653 652
1641 2 2 10 10 613 614 654
1642 2 2 10 10 613 654 653
1643 2 2 10 10 614 615 655
1644 2 2 10 10 614 655 654
1645 2 2 10 10 617 618 657
1646 2 2 10 10 617 657 656
1647 2 2 10 10 618 619 658
1648 2 2 10 10 618 658 657
1649 2 2 10 10 619 620 659
1650 2 2 10 10 619 659 658
1651 2 2 10 10 620 621 660
1652 2 2 10 10 620 660 659
1653 2 2 10 10 621 622 661
1654 2 2 10 10 621 661 660
1655 2 2 10 10 622 623 662
1656 2 2 10 10 622 662 661
1657 2 2 10 10 623 624 663
1658 2 2 10 10 623 663 662
1659 2 2 10 10 624 625 664
1660 2 2 10 10 624 664 663
1661 2 2 10 10 625 626 665
1662 2 2 10 10 625 665 664
1663 2 2 10 10 626 627 666
1664 2 2 10 10 626 666 665
1665 2 2 10 10 627 628 667
1666 2 2 10 10 627 667 666
1667 2 2 10 10 628 629 668
1668 2 2 10 10 628 668 667
1669 2 2 10 10 629 630 669
1670 2 2 10 10 629 669 668
1671 2 2 10 10 630 631 670
1672 2 2 10 10 630 670 669
1673 2 2 10 10 631 632 671
1674 2 2 10 10 631 671 670
1675 2 2 10 10 632 633 672
1676 2 2 10 10 632 672 671
1677 2 2 10 10 633 634 673
1678 2 2 10 10 633 673 672
1679 2 2 10 10 634 635 674
1680 2 2 10 10 634 674 673
1681 2 2 10 10 635 636 675
1682 2 2 10 10 635 675 674
1683 2 2 10 10 636 637 676
1684 2 2 10 10 636 676 675
1685 2 2 10 10 637 638 677
1686 2 2 10 10 637 677 676
1687 2 2 10 10 638 639 678
1688 2 2 10 10 638 678 677
1689 2 2 10 10 639 640 679
1690 2 2 10 10 639 679 678
1691 2 2 10 10 640 641 680
1692 2 2 10 10 640 680 679
1693 2 2 10 10 641 642 681
1694 2 2 10 10 641 681 680
1695 2 2 10 10 642 643 682
1696 2 2 10 10 642 682 681
1697 2 2 10 10 643 644 683
1698 2 2 10 10 643 683 682
1699 2 2 10 10 644 645 684
1700 2 2 10 10 644 684 683
1701 2 2 10 10 645 646 685
1702 2 2 10 10 645 685 684
1703 2 2 10 10 646 647 686
1704 2 2 10 10 646 686 685
1705 2 2 10 10 650 651 688
1706 2 2 10 10 650 688 687
1707 2 2 10 10 651 652 689
1708 2 2 10 10 651 689 688
1709 2 2 10 10 652 653 690
1710 2 2 10 10 652 690 689
1711 2 2 10 10 653 654 691
1712 2 2 10 10 653 691 690
1713 2 2 10 10 656 657 693
1714 2 2 10 10 656 693 692
1715 2 2 10 10 657 658 694
1716 2 2 10 10 657 694 693
1717 2 2 10 10 658 659 695
1718 2 2 10 10 658 695 694
1719 2 2 10 10 659 660 696
1720 2 2 10 10 659 696 695
1721 2 2 10 10 660 661 697
1722 2 2 10 10 660 697 696
1723 2 2 10 10 661 662 698
1724 2 2 10 10 661 698 697
1725 2 2 10 10 662 663 699
1726 2 2 10 10 662 699 698
1727 2 2 10 10 663 664 700
1728 2 2 10 10 663 700 699
1729 2 2 10 10 664 665 701
1730 2 2 10 10 664 701 700
1731 2 2 10 10 665 666 702
1732 2 2 10 10 665 702 701
1733 2 2 10 10 666 667 703
1734 2 2 10 10 666 703 702
1735 2 2 10 10 667 668 704
1736 2 2 10 10 667 704 703
1737 2 2 10 10 668 669 705
1738 2 2 10 10 668 705 704
1739 2 2 10 10 669 670 706
1740 2 2 10 10 669 706 705
1741 2 2 10 10 670 671 707
1742 2 2 10 10 670 707 706
1743 2 2 10 10 671 672 708
1744 2 2 10 10 671 708 707
1745 2 2 10 10 672 673 709
1746 2 2 10 10 672 709 708
1747 2 2 10 10 673 674 710
1748 2 2 10 10 673 710 709
1749 2 2 10 10 674 675 711
1750 2 2 10 10 674 711 710
1751 2 2 10 10 675 676 712
1752 2 2 10 10 675 712 711
1753 2 2 10 10 676 677 713
1754 2 2 10 10 676 713 712
1755 2 2 10 10 677 678 714
1756 2 2 10 10 677 714 713
1757 2 2 10 10 678 679 715
1758 2 2 10 10 678 715 714
1759 2 2 10 10 679 680 716
1760 2 2 10 10 679 716 715
1761 2 2 10 10 680 681 717
1762 2 2 10 10 680 717 716
1763 2 2 10 10 681 682 718
1764 2 2 10 10 681 718 717
1765 2 2 10 10 682 683 719
1766 2 2 10 10 682 719 718
1767 2 2 10 10 683 684 720
1768 2 2 10 10 683 720 719
1769 2 2 10 10 684 685 721
1770 2 2 10 10 684 721 720
1771 2 2 10 10 685 686 722
1772 2 2 10 10 685 722 721
1773 2 2 10 10 687 688 724
1774 2 2 10 10 687 724 723
1775 2 2 10 10 688 689 725
1776 2 2 10 10 688 725 724
1777 2 2 10 10 689 690 726
1778 2 2 10 10 689 726 725
1779 2 2 10 10 690 691 727
1780 2 2 10 10 690 727 726
1781 2 2 10 10 692 693 729
1782 2 2 10 10 692 729 728
1783 2 2 10 10 693 694 730
1784 2 2 10 10 693 730 729
1785 2 2 10 10 694 695 731
1786 2 2 10 10 694 731 730
1787 2 2 10 10 695 696 732
1788 2 2 10 10 695 732 731
1789 2 2 10 10 696 697 733
1790 2 2 10 10 696 733 732
1791 2 2 10 10 697 698 734
1792 2 2 10 10 697 734 733
1793 2 2 10 10 698 699 735
1794 2 2 10 10 698 735 734
1795 2 2 10 10 699 700 736
1796 2 2 10 10 699 736 735
1797 2 2 10 10 700 701 737
1798 2 2 10 10 700 737 736
1799 2 2 10 10 701 702 738
1800 2 2 10 10 701 738 737
1801 2 2 10 10 702 703 739
1802 2 2 10 10 702 739 738
1803 2 2 10 10 703 704 740
1804 2 2 10 10 703 740 739
1805 2 2 10 10 704 705 741
1806 2 2 10 10 704 741 740
1807 2 2 10 10 705 706 742
1808 2 2 10 10 705 742 741
1809 2 2 10 10 706 707 743
1810 2 2 10 10 706 743 742
1811 2 2 10 10 707 708 744
1812 2 2 10 10 707 744 743
1813 2 2 10 10 708 709 745
1814 2 2 10 10 708 745 744
1815 2 2 10 10 709 710 746
1816 2 2 10 10 709 746 745
1817 2 2 10 10 710 711 747
1818 2 2 10 10 710 747 746
1819 2 2 10 10 711 712 748
1820 2 2 10 10 711 748 747
1821 2 2 10 10 712 713 749
1822 2 2 10 10 712 749 748
1823 2 2 10 10 713 714 750
1824 2 2 10 10 713 750 749
1825 2 2 10 10 714 715 751
1826 2 2 10 10 714 751 750
1827 2 2 10 10 715 716 752
1828 2 2 10 10 715 752 751
1829 2 2 10 10 716 717 753
1830 2 2 10 10 716 753 752
1831 2 2 10 10 717 718 754
1832 2 2 10 10 717 754 753
1833 2 2 10 10 718 719 755
1834 2 2 10 10 718 755 754
1835 2 2 10 10 719 720 756
1836 2 2 10 10 719 756 755
1837 2 2 10 10 720 721 757
1838 2 2 10 10 720 757 756
1839 2 2 10 10 721 722 758
1840 2 2 10 10 721 758 757
1841 2 2 10 10 723 724 760
1842 2 2 10 10 723 760 759
1843 2 2 10 10 724 725 761
1844 2 2 10 10 724 761 760
1845 2 2 10 10 725 726 762
1846 2 2 10 10 725 762 761
1847 2 2 10 10 726 727 763
1848 2 2 10 10 726 763 762
1849 2 2 10 10 728 729 765
1850 2 2 10 10 728 765 764
1851 2 2 10 10 729 730 766
1852 2 2 10 10 729 766 765
1853 2 2 10 10 730 731 767
1854 2 2 10 10 730 767 766
1855 2 2 10 10 731 732 768
1856 2 2 10 10 731 768 767
1857 2 2 10 10 732 733 769
1858 2 2 10 10 732 769 768
1859 2 2 10 10 733 734 770
1860 2 2 10 10 733 770 769
1861 2 2 10 10 734 735 771
1862 2 2 10 10 734 771 770
1863 2 2 10 10 735 736 772
1864 2 2 10 10 735 772 771
1865 2 2 10 10 736 737 773
1866 2 2 10 10 736 773 772
1867 2 2 10 10 737 738 774
1868 2 2 10 10 737 774 773
1869 2 2 10 10 738 739 775
1870 2 2 10 10 738 775 774
1871 2 2 10 10 739 740 776
1872 2 2 10 10 739 776 775
1873 2 2 10 10 740 741 777
1874 2 2 10 10 740 777 776
1875 2 2 10 10 741 742 778
1876 2 2 10 10 741 778 777
1877 2 2 10 10 742 743 779
1878 2 2 10 10 742 779 778
1879 2 2 10 10 743 744 780
1880 2 2 10 10 743 780 779
1881 2 2 10 10 744 745 781
1882 2 2 10 10 744 781 780
1883 2 2 10 10 745 746 782
1884 2 2 10 10 745 782 781
1885 2 2 10 10 746 747 783
1886 2 2 10 10 746 783 782
1887 2 2 10 10 747 748 784
1888 2 2 10 10 747 784 783
1889 2 2 10 10 748 749 785
1890 2 2 10 10 748 785 784
1891 2 2 10 10 749 750 786
1892 2 2 10 10 749 786 785
1893 2 2 10 10 750 751 787
1894 2 2 10 10 750 787 786
1895 2 2 10 10 751 752 788
1896 2 2 10 10 751 788 787
1897 2 2 10 10 752 753 789
1898 2 2 10 10 752 789 788
1899 2 2 10 10 753 754 790
1900 2 2 10 10 753 790 789
1901 2 2 10 10 754 755 791
1902 2 2 10 10 754 791 790
1903 2 2 10 10 755 756 792
1904 2 2 10 10 755 792 791
1905 2 2 10 10 756 757 793
1906 2 2 10 10 756 793 792
1907 2 2 10 10 757 758 794
1908 2 2 10 10 757 794 793
1909 2 2 10 10 759 760 796
1910 2 2 10 10 759 796 795
1911 2 2 10 10 760 761 797
1912 2 2 10 10 760 797 796
1913 2 2 10 10 761 762 798
1914 2 2 10 10 761 798 797
1915 2 2 10 10 762 763 799
1916 2 2 10 10 762 799 798
1917 2 2 10 10 764 765 801
1918 2 2 10 10 764 801 800
1919 2 2 10 10 765 766 802
1920 2 2 10 10 765 802 801
1921 2 2 10 10 766 767 803
1922 2 2 10 10 766 803 802
1923 2 2 10 10 767 768 804
1924 2 2 10 10 767 804 803
1925 2 2 10 10 768 769 805
1926 2 2 10 10 768 805 804
1927 2 2 10 10 769 770 806
1928 2 2 10 10 769 806 805
1929 2 2 10 10 770 771 807
1930 2 2 10 10 770 807 806
1931 2 2 10 10 771 772 808
1932 2 2 10 10 771 808 807
1933 2 2 10 10 772 773 809
1934 2 2 10 10 772 809 808
1935 2 2 10 10 773 774 810
1936 2 2 10 10 773 810 809
1937 2 2 10 10 774 775 811
1938 2 2 10 10 774 811 810
1939 2 2 10 10 775 776 812
1940 2 2 10 10 775 812 811
1941 2 2 10 10 776 777 813
1942 2 2 10 10 776 813 812
1943 2 2 10 10 777 778 814
1944 2 2 10 10 777 814 813
1945 2 2 10 10 778 779 815
1946 2 2 10 10 778 815 814
1947 2 2 10 10 779 780 816
1948 2 2 10 10 779 816 815
1949 2 2 10 10 780 781 817
1950 2 2 10 10 780 817 816
1951 2 2 10 10 781 782 818
1952 2 2 10 10 781 818 817
1953 2 2 10 10 782 783 819
1954 2 2 10 10 782 819 818
1955 2 2 10 10 783 784 820
1956 2 2 10 10 783 820 819
1957 2 2 10 10 784 785 821
1958 2 2 10 10 784 821 820
1959 2 2 10 10 785 786 822
1960 2 2 10 10 785 822 821
1961 2 2 10 10 786 787 823
1962 2 2 10 10 786 823 822
1963 2 2 10 10 787 788 824
1964 2 2 10 10 787 824 823
1965 2 2 10 10 788 789 825
1966 2 2 10 10 788 825 824
1967 2 2 10 10 789 790 826
1968 2 2 10 10 789 826 825
1969 2 2 10 10 790 791 827
1970 2 2 10 10 790 827 826
1971 2 2 10 10 791 792 828
1972 2 2 10 10 791 828 827
1973 2 2 10 10 792 793 829
1974 2 2 10 10 792 829 828
1975 2 2 10 10 793 794 830
1976 2 2 10 10 793 830 829
1977 2 2 10 10 795 796 832
1978 2 2 10 10 795 832 831
1979 2 2 10 10 796 797 833
1980 2 2 10 10 796 833 832
1981 2 2 10 10 797 798 834
1982 2 2 10 10 797 834 833
1983 2 2 10 10 798 799 835
1984 2 2 10 10 798 835 834
1985 2 2 10 10 800 801 837
1986 2 2 10 10 800 837 836
1987 2 2 10 10 801 802 838
1988 2 2 10 10 801 838 837
1989 2 2 10 10 802 803 839
1990 2 2 10 10 802 839 838
1991 2 2 10 10 803 804 840
1992 2 2 10 10 803 840 839
1993 2 2 10 10 804 805 841
1994 2 2 10 10 804 841 840
1995 2 2 10 10 805 806 842
1996 2 2 10 10 805 842 841
1997 2 2 10 10 806 807 843
1998 2 2 10 10 806 843 842
1999 2 2 10 10 807 808 844
2000 2 2 10 10 807 844 843
2001 2 2 10 10 808 809 845
2002 2 2 10 10 808 845 844
2003 2 2 10 10 831 832 848
2004 2 2 10 10 831 848 847
2005 2 2 10 10 832 833 849
2006 2 2 10 10 832 849 848
2007 2 2 10 10 833 834 850
2008 2 2 10 10 833 850 849
2009 2 2 10 10 834 835 851
2010 2 2 10 10 834 851 850
2011 2 2 10 10 836 837 853
2012 2 2 10 10 836 853 852
2013 2 2 10 10 837 838 854
2014 2 2 10 10 837 854 853
2015 2 2 10 10 838 839 855
2016 2 2 10 10 838 855 854
2017 2 2 10 10 839 840 856
2018 2 2 10 10 839 856 855
2019 2 2 10 10 840 841 857
2020 2 2 10 10 840 857 856
2021 2 2 10 10 841 842 858
2022 2 2 10 10 841 858 857
2023 2 2 10 10 842 843 859
2024 2 2 10 10 842 859 858
2025 2 2 10 10 843 844 860
2026 2 2 10 10 843 860 859
2027 2 2 10 10 846 847 863
2028 2 2 10 10 846 863 862
2029 2 2 10 10 847 848 864
2030 2 2 10 10 847 864 863
2031 2 2 10 10 848 849 865
2032 2 2 10 10 848 865 864
2033 2 2 10 10 849 850 866
2034 2 2 10 10 849 866 865
2035 2 2 10 10 850 851 867
2036 2 2 10 10 850 867 866
2037 2 2 10 10 852 853 869
2038 2 2 10 10 852 869 868
2039 2 2 10 10 853 854 870
2040 2 2 10 10 853 870 869
2041 2 2 10 10 854 855 871
2042 2 2 10 10 854 871 870
2043 2 2 10 10 855 856 872
2044 2 2 10 10 855 872 871
2045 2 2 10 10 856 857 873
2046 2 2 10 10 856 873 872
2047 2 2 10 10 857 858 874
2048 2 2 10 10 857 874 873
2049 2 2 10 10 858 859 875
2050 2 2 10 10 858 875 874
2051 2 2 10 10 861 862 878
2052 2 2 10 10 861 878 877
2053 2 2 10 10 862 863 879
2054 2 2 10 10 862 879 878
2055 2 2 10 10 863 864 880
2056 2 2 10 10 863 880 879
2057 2 2 10 10 864 865 881
2058 2 2 10 10 864 881 880
2059 2 2 10 10 865 866 882
2060 2 2 10 10 865 882 881
2061 2 2 10 10 866 867 883
2062 2 2 10 10 866 883 882
2063 2 2 10 10 868 869 885
2064 2 2 10 10 868 885 884
2065 2 2 10 10 869 870 886
2066 2 2 10 10 869 886 885
2067 2 2 10 10 870 871 887
2068 2 2 10 10 870 887 886
2069 2 2 10 10 871 872 888
2070 2 2 10 10 871 888 887
2071 2 2 10 10 872 873 889
2072 2 2 10 10 872 889 888
2073 2 2 10 10 873 874 890
2074 2 2 10 10 873 890 889
2075 2 2 10 10 876 877 897
2076 2 2 10 10 876 897 896
2077 2 2 10 10 877 878 898
2078 2 2 10 10 877 898 897
2079 2 2 10 10 878 879 899
2080 2 2 10 10 878 899 898
2081 2 2 10 10 879 880 900
2082 2 2 10 10 879 900 899
2083 2 2 10 10 880 881 901
2084 2 2 10 10 880 901 900
2085 2 2 10 10 881 882 902
2086 2 2 10 10 881 902 901
2087 2 2 10 10 882 883 903
2088 2 2 10 10 882 903 902
2089 2 2 10 10 884 885 905
2090 2 2 10 10 884 905 904
2091 2 2 10 10 885 886 906
2092 2 2 10 10 885 906 905
2093 2 2 10 10 886 887 907
2094 2 2 10 10 886 907 906
2095 2 2 10 10 887 888 908
2096 2 2 10 10 887 908 907
2097 2 2 10 10 888 889 909
2098 2 2 10 10 888 909 908
2099 2 2 10 10 889 890 910
2100 2 2 10 10 889 910 909
2101 2 2 10 10 891 892 912
2102 2 2 10 10 891 912 911
2103 2 2 10 10 892 893 913
2104 2 2 10 10 892 913 912
2105 2 2 10 10 893 894 914
2106 2 2 10 10 893 914 913
2107 2 2 10 10 894 895 915
2108 2 2 10 10 894 915 914
2109 2 2 10 10 895 896 916
2110 2 2 10 10 895 916 915
2111 2 2 10 10 896 897 917
2112 2 2 10 10 896 917 916
2113 2 2 10 10 897 898 918
2114 2 2 10 10 897 918 917
2115 2 2 10 10 898 899 919
2116 2 2 10 10 898 919 918
2117 2 2 10 10 899 900 920
2118 2 2 10 10 899 920 919
2119 2 2 10 10 900 901 921
2120 2 2 10 10 900 921 920
2121 2 2 10 10 901 902 922
2122 2 2 10 10 901 922 921
2123 2 2 10 10 902 903 923
2124 2 2 10 10 902 923 922
2125 2 2 10 10 904 905 925
2126 2 2 10 10 904 925 924
2127 2 2 10 10 905 906 926
2128 2 2 10 10 905 926 925
2129 2 2 10 10 906 907 927
2130 2 2 10 10 906 927 926
2131 2 2 10 10 907 908 928
2132 2 2 10 10 907 928 927
2133 2 2 10 10 908 909 929
2134 2 2 10 10 908 929 928
2135 2 2 10 10 909 910 930
2136 2 2 10 10 909 930 929
2137 2 2 10 10 911 912 932
2138 2 2 10 10 911 932 931
2139 2 2 10 10 912 913 933
2140 2 2 10 10 912 933 932
2141 2 2 10 10 913 914 934
2142 2 2 10 10 913 934 933
2143 2 2 10 10 914 915 935
2144 2 2 10 10 914 935 934
2145 2 2 10 10 915 916 936
2146 2 2 10 10 915 936 935
2147 2 2 10 10 916 917 937
2148 2 2 10 10 916 937 936
2149 2 2 10 10 917 918 938
2150 2 2 10 10 917 938 937
2151 2 2 10 10 918 919 939
2152 2 2 10 10 918 939 938
2153 2 2 10 10 919 920 940
2154 2 2 10 10 919 940 939
2155 2 2 10 10 920 921 941
2156 2 2 10 10 920 941 940
2157 2 2 10 10 921 922 942
2158 2 2 10 10 921 942 941
2159 2 2 10 10 922 923 943
2160 2 2 10 10 922 943 942
2161 2 2 10 10 924 925 945
2162 2 2 10 10 924 945 944
2163 2 2 10 10 925 926 946
2164 2 2 10 10 925 946 945
2165 2 2 10 10 926 927 947
2166 2 2 10 10 926 947 946
2167 2 2 10 10 927 928 948
2168 2 2 10 10 927 948 947
2169 2 2 10 10 928 929 949
2170 2 2 10 10 928 949 948
2171 2 2 10 10 929 930 950
2172 2 2 10 10 929 950 949
2173 2 2 10 10 931 932 952
2174 2 2 10 10 931 952 951
2175 2 2 10 10 932 933 953
2176 2 2 10 10 932 953 952
2177 2 2 10 10 933 934 954
2178 2 2 10 10 933 954 953
2179 2 2 10 10 934 935 955
2180 2 2 10 10 934 955 954
2181 2 2 10 10 935 936 956
2182 2 2 10 10 935 956 955
2183 2 2 10 10 936 937 957
2184 2 2 10 10 936 957 956
2185 2 2 10 10 937 938 958
2186 2 2 10 10 937 958 957
2187 2 2 10 10 938 939 959
2188 2 2 10 10 938 959 958
2189 2 2 10 10 939 940 960
2190 2 2 10 10 939 960 959
2191 2 2 10 10 940 941 961
2192 2 2 10 10 940 961 960
2193 2 2 10 10 941 942 962
2194 2 2 10 10 941 962 961
2195 2 2 10 10 942 943 963
2196 2 2 10 10 942 963 962
2197 2 2 10 10 944 945 965
2198 2 2 10 10 944 965 964
2199 2 2 10 10 945 946 966
2200 2 2 10 10 945 966 965
2201 2 2 10 10 946 947 967
2202 2 2 10 10 946 967 966
2203 2 2 10 10 947 948 968
2204 2 2 10 10 947 968 967
2205 2 2 10 10 948 949 969
2206 2 2 10 10 948 969 968
2207 2 2 10 10 949 950 970
2208 2 2 10 10 949 970 969
2209 2 2 10 10 951 952 972
2210 2 2 10 10 951 972 971
2211 2 2 10 10 952 953 973
2212 2 2 10 10 952 973 972
2213 2 2 10 10 953 954 974
2214 2 2 10 10 953 974 973
2215 2 2 10 10 954 955 975
2216 2 2 10 10 954 975 974
2217 2 2 10 10 955 956 976
2218 2 2 10 10 955 976 975
2219 2 2 10 10 956 957 977
2220 2 2 10 10 956 977 976
2221 2 2 10 10 957 958 978
2222 2 2 10 10 957 978 977
2223 2 2 10 10 958 959 979
2224 2 2 10 10 958 979 978
2225 2 2 10 10 959 960 980
2226 2 2 10 10 959 980 979
2227 2 2 10 10 960 961 981
2228 2 2 10 10 960 981 980
2229 2 2 10 10 961 962 982
2230 2 2 10 10 961 982 981
2231 2 2 10 10 962 963 983
2232 2 2 10 10 962 983 982
2233 2 2 10 10 971 972 985
2234 2 2 10 10 971 985 984
2235 2 2 10 10 972 973 986
2236 2 2 10 10 972 986 985
2237 2 2 10 10 973 974 987
2238 2 2 10 10 973 987 986
2239 2 2 10 10 974 975 988
2240 2 2 10 10 974 988 987
2241 2 2 10 10 975 976 989
2242 2 2 10 10 975 989 988
2243 2 2 10 10 976 977 990
2244 2 2 10 10 976 990 989
2245 2 2 10 10 977 978 991
2246 2 2 10 10 977 991 990
2247 2 2 10 10 984 985 993
2248 2 2 10 10 984 993 992
2249 2 2 10 10 985 986 994
2250 2 2 10 10 985 994 993
2251 2 2 10 10 986 987 995
2252 2 2 10 10 986 995 994
2253 2 2 10 10 987 988 996
2254 2 2 10 10 987 996 995
2255 2 2 10 10 988 989 997
2256 2 2 10 10 988 997 996
2257 2 2 10 10 989 990 998
2258 2 2 10 10 989 998 997
2259 2 2 10 10 992 993 1000
2260 2 2 10 10 992 1000 999
2261 2 2 10 10 993 994 1001
2262 2 2 10 10 993 1001 1000
2263 2 2 10 10 994 995 1002
2264 2 2 10 10 994 1002 1001
2265 2 2 10 10 995 996 1003
2266 2 2 10 10 995 1003 1002
2267 2 2 10 10 996 997 1004
2268 2 2 10 10 996 1004 1003
2269 2 2 10 10 999 1000 1006
2270 2 2 10 10 999 1006 1005
2271 2 2 10 10 1000 1001 1007
2272 2 2 10 10 1000 1007 1006
2273 2 2 10 10 1001 1002 1008
2274 2 2 10 10 1001 1008 1007
2275 2 2 10 10 1002 1003 1009
2276 2 2 10 10 1002 1009 1008
2277 2 2 10 10 1005 1006 1018
2278 2 2 10 10 1005 1018 1017
2279 2 2 10 10 1006 1007 1019
2280 2 2 10 10 1006 1019 1018
2281 2 2 10 10 1007 1008 1020
2282 2 2 10 10 1007 1020 1019
2283 2 2 10 10 1008 1009 1021
2284 2 2 10 10 1008 1021 1020
2285 2 2 10 10 1010 1011 1023
2286 2 2 10 10 1010 1023 1022
2287 2 2 10 10 1011 1012 1024
2288 2 2 10 10 1011 1024 1023
2289 2 2 10 10 1012 1013 1025
2290 2 2 10 10 1012 1025 1024
2291 2 2 10 10 1013 1014 1026
2292 2 2 10 10 1013 1026 1025
2293 2 2 10 10 1014 1015 1027
2294 2 2 10 10 1014 1027 1026
2295 2 2 10 10 1015 1016 1028
2296 2 2 10 10 1015 1028 1027
2297 2 2 10 10 1017 1018 1030
2298 2 2 10 10 1017 1030 1029
2299 2 2 10 10 1018 1019 1031
2300 2 2 10 10 1018 1031 1030
2301 2 2 10 10 1019 1020 1032
2302 2 2 10 10 1019 1032 1031
2303 2 2 10 10 1020 1021 1033
2304 2 2 10 10 1020 1033 1032
2305 2 2 10 10 1022 1023 1035
2306 2 2 10 10 1022 1035 1034
2307 2 2 10 10 1023 1024 1036
2308 2 2 10 10 1023 1036 1035
2309 2 2 10 10 1024 1025 1037
2310 2 2 10 10 1024 1037 1036
2311 2 2 10 10 1025 1026 1038
2312 2 2 10 10 1025 1038 1037
2313 2 2 10 10 1026 1027 1039
2314 2 2 10 10 1026 1039 1038
2315 2 2 10 10 1027 1028 1040
2316 2 2 10 10 1027 1040 1039
2317 2 2 10 10 1029 1030 1042
2318 2 2 10 10 1029 1042 1041
2319 2 2 10 10 1030 1031 1043
2320 2 2 10 10 1030 1043 1042
2321 2 2 10 10 1031 1032 1044
2322 2 2 10 10 1031 1044 1043
2323 2 2 10 10 1032 1033 1045
2324 2 2 10 10 1032 1045 1044
2325 2 2 10 10 1034 1035 1047
2326 2 2 10 10 1034 1047 1046
2327 2 2 10 10 1035 1036 1048
2328 2 2 10 10 1035 1048 1047
2329 2 2 10 10 1036 1037 1049
2330 2 2 10 10 1036 1049 1048
2331 2 2 10 10 1037 1038 1050
2332 2 2 10 10 1037 1050 1049
2333 2 2 10 10 1038 1039 1051
2334 2 2 10 10 1038 1051 1050
2335 2 2 10 10 1039 1040 1052
2336 2 2 10 10 1039 1052 1051
2337 2 2 10 10 1041 1042 1054
2338 2 2 10 10 1041 1054 1053
2339 2 2 10 10 1042 1043 1055
2340 2 2 10 10 1042 1055 1054
2341 2 2 10 10 1043 1044 1056
2342 2 2 10 10 1043 1056 1055
2343 2 2 10 10 1044 1045 1057
2344 2 2 10 10 1044 1057 1056
2345 2 2 10 10 1046 1047 1059
2346 2 2 10 10 1046 1059 1058
2347 2 2 10 10 1047 1048 1060
2348 2 2 10 10 1047 1060 1059
2349 2 2 10 10 1048 1049 1061
2350 2 2 10 10 1048 1061 1060
2351 2 2 10 10 1049 1050 1062
2352 2 2 10 10 1049 1062 1061
2353 2 2 10 10 1050 1051 1063
2354 2 2 10 10 1050 1063 1062
2355 2 2 10 10 1051 1052 1064
2356 2 2 10 10 1051 1064 1063
2357 2 2 10 10 1053 1054 1066
2358 2 2 10 10 1053 1066 1065
2359 2 2 10 10 1054 1055 1067
2360 2 2 10 10 1054 1067 1066
2361 2 2 10 10 1055 1056 1068
2362 2 2 10 10 1055 1068 1067
2363 2 2 10 10 1056 1057 1069
2364 2 2 10 10 1056 1069 1068
2365 2 2 10 10 1058 1059 1072
2366 2 2 10 10 1058 1072 1071
2367 2 2 10 10 1059 1060 1073
2368 2 2 10 10 1059 1073 1072
2369 2 2 10 10 1060 1061 1074
2370 2 2 10 10 1060 1074 1073
2371 2 2 10 10 1061 1062 1075
2372 2 2 10 10 1061 1075 1074
2373 2 2 10 10 1062 1063 1076
2374 2 2 10 10 1062 1076 1075
2375 2 2 10 10 1063 1064 1077
2376 2 2 10 10 1063 1077 1076
2377 2 2 10 10 1065 1066 1079
2378 2 2 10 10 1065 1079 1078
2379 2 2 10 10 1066 1067 1080
2380 2 2 10 10 1066 1080 1079
2381 2 2 10 10 1067 1068 1081
2382 2 2 10 10 1067 1081 1080
2383 2 2 10 10 1068 1069 1082
2384 2 2 10 10 1068 1082 1081
2385 2 2 10 10 1069 1070 1083
2386 2 2 10 10 1069 1083 1082
2387 2 2 10 10 1071 1072 1086
2388 2 2 10 10 1071 1086 1085
2389 2 2 10 10 1072 1073 1087
2390 2 2 10 10 1072 1087 1086
2391 2 2 10 10 1073 1074 1088
2392 2 2 10 10 1073 1088 1087
2393 2 2 10 10 1074 1075 1089
2394 2 2 10 10 1074 1089 1088
2395 2 2 10 10 1075 1076 1090
2396 2 2 10 10 1075 1090 1089
2397 2 2 10 10 1076 1077 1091
2398 2 2 10 10 1076 1091 1090
2399 2 2 10 10 1078 1079 1093
2400 2 2 10 10 1078 1093 1092
2401 2 2 10 10 1079 1080 1094
2402 2 2 10 10 1079 1094 1093
2403 2 2 10 10 1080 1081 1095
2404 2 2 10 10 1080 1095 1094
2405 2 2 10 10 1081 1082 1096
2406 2 2 10 10 1081 1096 1095
2407 2 2 10 10 1082 1083 1097
2408 2 2 10 10 1082 1097 1096
2409 2 2 10 10 1083 1084 1098
2410 2 2 10 10 1083 1098 1097
2411 2 2 10 10 1085 1086 1101
2412 2 2 10 10 1085 1101 1100
2413 2 2 10 10 1086 1087 1102
2414 2 2 10 10 1086 1102 1101
2415 2 2 10 10 1087 1088 1103
2416 2 2 10 10 1087 1103 1102
2417 2 2 10 10 1088 1089 1104
2418 2 2 10 10 1088 1104 1103
2419 2 2 10 10 1089 1090 1105
2420 2 2 10 10 1089 1105 1104
2421 2 2 10 10 1090 1091 1106
2422 2 2 10 10 1090 1106 1105
2423 2 2 10 10 1092 1093 1115
2424 2 2 10 10 1092 1115 1114
2425 2 2 10 10 1093 1094 1116
2426 2 2 10 10 1093 1116 1115
2427 2 2 10 10 1094 1095 1117
2428 2 2 10 10 1094 1117 1116
2429 2 2 10 10 1095 1096 1118
2430 2 2 10 10 1095 1118 1117
2431 2 2 10 10 1096 1097 1119
2432 2 2 10 10 1096 1119 1118
2433 2 2 10 10 1097 1098 1120
2434 2 2 10 10 1097 1120 1119
2435 2 2 10 10 1098 1099 1121
2436 2 2 10 10 1098 1121 1120
2437 2 2 10 10 1100 1101 1128
2438 2 2 10 10 1100 1128 1127
2439 2 2 10 10 1101 1102 1129
2440 2 2 10 10 1101 1129 1128
2441 2 2 10 10 1102 1103 1130
2442 2 2 10 10 1102 1130 1129
2443 2 2 10 10 1103 1104 1131
2444 2 2 10 10 1103 1131 1130
2445 2 2 10 10 1104 1105 1132
2446 2 2 10 10 1104 1132 1131
2447 2 2 10 10 1105 1106 1133
2448 2 2 10 10 1105 1133 1132
2449 2 2 10 10 1107 1108 1135
2450 2 2 10 10 1107 1135 1134
2451 2 2 10 10 1108 1109 1136
2452 2 2 10 10 1108 1136 1135
2453 2 2 10 10 1109 1110 1137
2454 2 2 10 10 1109 1137 1136
2455 2 2 10 10 1110 1111 1138
2456 2 2 10 10 1110 1138 1137
2457 2 2 10 10 1111 1112 1139
2458 2 2 10 10 1111 1139 1138
2459 2 2 10 10 1112 1113 1140
2460 2 2 10 10 1112 1140 1139
2461 2 2 10 10 1114 1115 1142
2462 2 2 10 10 1114 1142 1141
2463 2 2 10 10 1115 1116 1143
2464 2 2 10 10 1115 1143 1142
2465 2 2 10 10 1116 1117 1144
2466 2 2 10 10 1116 1144 1143
2467 2 2 10 10 1117 1118 1145
2468 2 2 10 10 1117 1145 1144
2469 2 2 10 10 1118 1119 1146
2470 2 2 10 10 1118 1146 1145
2471 2 2 10 10 1119 1120 1147
2472 2 2 10 10 1119 1147 1146
2473 2 2 10 10 1120 1121 1148
2474 2 2 10 10 1120 1148 1147
2475 2 2 10 10 1121 1122 1149
2476 2 2 10 10 1121 1149 1148
2477 2 2 10 10 1122 1123 1150
2478 2 2 10 10 1122 1150 1149
2479 2 2 10 10 1123 1124 1151
2480 2 2 10 10 1123 1151 1150
2481 2 2 10 10 1124 1125 1152
2482 2 2 10 10 1124 1152 1151
2483 2 2 10 10 1125 1126 1153
2484 2 2 10 10 1125 1153 1152
2485 2 2 10 10 1127 1128 1155
2486 2 2 10 10 1127 1155 1154
2487 2 2 10 10 1128 1129 1156
2488 2 2 10 10 1128 1156 1155
2489 2 2 10 10 1129 1130 1157
2490 2 2 10 10 1129 1157 1156
2491 2 2 10 10 1130 1131 1158
2492 2 2 10 10 1130 1158 1157
2493 2 2 10 10 1131 1132 1159
2494 2 2 10 10 1131 1159 1158
2495 2 2 10 10 1132 1133 1160
2496 2 2 10 10 1132 1160 1159
2497 2 2 10 10 1134 1135 1162
2498 2 2 10 10 1134 1162 1161
2499 2 2 10 10 1135 1136 1163
2500 2 2 10 10 1135 1163 1162
2501 2 2 10 10 1136 1137 1164
2502 2 2 10 10 1136 1164 1163
2503 2 2 10 10 1137 1138 1165
2504 2 2 10 10 1137 1165 1164
2505 2 2 10 10 1138 1139 1166
2506 2 2 10 10 1138 1166 1165
2507 2 2 10 10 1139 1140 1167
2508 2 2 10 10 1139 1167 1166
2509 2 2 10 10 1141 1142 1169
2510 2 2 10 10 1141 1169 1168
2511 2 2 10 10 1142 1143 1170
2512 2 2 10 10 1142 1170 1169
2513 2 2 10 10 1143 1144 1171
2514 2 2 10 10 1143 1171 1170
2515 2 2 10 10 1144 1145 1172
2516 2 2 10 10 1144 1172 1171
2517 2 2 10 10 1145 1146 1173
2518 2 2 10 10 1145 1173 1172
2519 2 2 10 10 1146 1147 1174
2520 2 2 10 10 1146 1174 1173
2521 2 2 10 10 1147 1148 1175
2522 2 2 10 10 1147 1175 1174
2523 2 2 10 10 1148 1149 1176
2524 2 2 10 10 1148 1176 1175
2525 2 2 10 10 1149 1150 1177
2526 2 2 10 10 1149 1177 1176
2527 2 2 10 10 1150 1151 1178
2528 2 2 10 10 1150 1178 1177
2529 2 2 10 10 1151 1152 1179
2530 2 2 10 10 1151 1179 1178
2531 2 2 10 10 1152 1153 1180
2532 2 2 10 10 1152 1180 1179
2533 2 2 10 10 1154 1155 1182
2534 2 2 10 10 1154 1182 1181
2535 2 2 10 10 1155 1156 1183
2536 2 2 10 10 1155 1183 1182
2537 2 2 10 10 1156 1157 1184
2538 2 2 10 10 1156 1184 1183
2539 2 2 10 10 1157 1158 1185
2540 2 2 10 10 1157 1185 1184
2541 2 2 10 10 1158 1159 1186
2542 2 2 10 10 1158 1186 1185
2543 2 2 10 10 1159 1160 1187
2544 2 2 10 10 1159 1187 1186
2545 2 2 10 10 1161 1162 1189
2546 2 2 10 10 1161 1189 1188
2547 2 2 10 10 1162 1163 1190
2548 2 2 10 10 1162 1190 1189
2549 2 2 10 10 1163 1164 1191
2550 2 2 10 10 1163 1191 1190
2551 2 2 10 10 1164 1165 1192
2552 2 2 10 10 1164 1192 1191
2553 2 2 10 10 1165 1166 1193
2554 2 2 10 10 1165 1193 1192
2555 2 2 10 10 1166 1167 1194
2556 2 2 10 10 1166 1194 1193
2557 2 2 10 10 1168 1169 1196
2558 2 2 10 10 1168 1196 1195
2559 2 2 10 10 1169 1170 1197
2560 2 2 10 10 1169 1197 1196
2561 2 2 10 10 1170 1171 1198
2562 2 2 10 10 1170 1198 1197
2563 2 2 10 10 1171 1172 1199
2564 2 2 10 10 1171 1199 1198
2565 2 2 10 10 1172 1173 1200
2566 2 2 10 10 1172 1200 1199
2567 2 2 10 10 1173 1174 1201
2568 2 2 10 10 1173 1201 1200
2569 2 2 10 10 1174 1175 1202
2570 2 2 10 10 1174 1202 1201
2571 2 2 10 10 1175 1176 1203
2572 2 2 10 10 1175 1203 1202
2573 2 2 10 10 1176 1177 1204
2574 2 2 10 10 1176 1204 1203
2575 2 2 10 10 1177 1178 1205
2576 2 2 10 10 1177 1205 1204
2577 2 2 10 10 1178 1179 1206
2578 2 2 10 10 1178 1206 1205
2579 2 2 10 10 1179 1180 1207
2580 2 2 10 10 1179 1207 1206
2581 2 2 10 10 1181 1182 1209
2582 2 2 10 10 1181 1209 1208
2583 2 2 10 10 1182 1183 1210
2584 2 2 10 10 1182 1210 1209
2585 2 2 10 10 1183 1184 1211
2586 2 2 10 10 1183 1211 1210
2587 2 2 10 10 1184 1185 1212
2588 2 2 10 10 1184 1212 1211
2589 2 2 10 10 1185 1186 1213
2590 2 2 10 10 1185 1213 1212
2591 2 2 10 10 1186 1187 1214
2592 2 2 10 10 1186 1214 1213
2593 2 2 10 10 1188 1189 1216
2594 2 2 10 10 1188 1216 1215
2595 2 2 10 10 1189 1190 1217
2596 2 2 10 10 1189 1217 1216
2597 2 2 10 10 1190 1191 1218
2598 2 2 10 10 1190 1218 1217
2599 2 2 10 10 1191 1192 1219
2600 2 2 10 10 1191 1219 1218
2601 2 2 10 10 1192 1193 1220
2602 2 2 10 10 1192 1220 1219
2603 2 2 10 10 1193 1194 1221
2604 2 2 10 10 1193 1221 1220
2605 2 2 10 10 1195 1196 1223
2606 2 2 10 10 1195 1223 1222
2607 2 2 10 10 1196 1197 1224
2608 2 2 10 10 1196 1224 1223
2609 2 2 10 10 1197 1198 1225
2610 2 2 10 10 1197 1225 1224
2611 2 2 10 10 1198 1199 1226
2612 2 2 10 10 1198 1226 1225
2613 2 2 10 10 1199 1200 1227
2614 2 2 10 10 1199 1227 1226
2615 2 2 10 10 1200 1201 1228
2616 2 2 10 10 1200 1228 1227
2617 2 2 10 10 1201 1202 1229
2618 2 2 10 10 1201 1229 1228
2619 2 2 10 10 1202 1203 1230
2620 2 2 10 10 1202 1230 1229
2621 2 2 10 10 1203 1204 1231
2622 2 2 10 10 1203 1231 1230
2623 2 2 10 10 1204 1205 1232
2624 2 2 10 10 1204 1232 1231
2625 2 2 10 10 1205 1206 1233
2626 2 2 10 10 1205 1233 1232
2627 2 2 10 10 1206 1207 1234
2628 2 2 10 10 1206 1234 1233
2629 2 2 10 10 1208 1209 1236
2630 2 2 10 10 1208 1236 1235
2631 2 2 10 10 1209 1210 1237
2632 2 2 10 10 1209 1237 1236
2633 2 2 10 10 1210 1211 1238
2634 2 2 10 10 1210 1238 1237
2635 2 2 10 10 1211 1212 1239
2636 2 2 10 10 1211 1239 1238
2637 2 2 10 10 1212 1213 1240
2638 2 2 10 10 1212 1240 1239
2639 2 2 10 10 1213 1214 1241
2640 2 2 10 10 1213 1241 1240
2641 2 2 10 10 1215 1216 1243
2642 2 2 10 10 1215 1243 1242
2643 2 2 10 10 1216 1217 1244
2644 2 2 10 10 1216 1244 1243
2645 2 2 10 10 1217 1218 1245
2646 2 2 10 10 1217 1245 1244
2647 2 2 10 10 1218 1219 1246
2648 2 2 10 10 1218 1246 1245
2649 2 2 10 10 1219 1220 1247
2650 2 2 10 10 1219 1247 1246
2651 2 2 10 10 1220 1221 1248
2652 2 2 10 10 1220 1248 1247
2653 2 2 10 10 1222 1223 1252
2654 2 2 10 10 1222 1252 1251
2655 2 2 10 10 1223 1224 1253
2656 2 2 10 10 1223 1253 1252
2657 2 2 10 10 1224 1225 1254
2658 2 2 10 10 1224 1254 1253
2659 2 2 10 10 1225 1226 1255
2660 2 2 10 10 1225 1255 1254
2661 2 2 10 10 1226 1227 1256
2662 2 2 10 10 1226 1256 1255
2663 2 2 10 10 1227 1228 1257
2664 2 2 10 10 1227 1257 1256
2665 2 2 10 10 1228 1229 1258
2666 2 2 10 10 1228 1258 1257
2667 2 2 10 10 1229 1230 1259
2668 2 2 10 10 1229 1259 1258
2669 2 2 10 10 1230 1231 1260
2670 2 2 10 10 1230 1260 1259
2671 2 2 10 10 1231 1232 1261
2672 2 2 10 10 1231 1261 1260
2673 2 2 10 10 1232 1233 1262
2674 2 2 10 10 1232 1262 1261
2675 2 2 10 10 1233 1234 1263
2676 2 2 10 10 1233 1263 1262
2677 2 2 10 10 1235 1236 1267
2678 2 2 10 10 1235 1267 1266
2679 2 2 10 10 1236 1237 1268
2680 2 2 10 10 1236 1268 1267
2681 2 2 10 10 1237 1238 1269
2682 2 2 10 10 1237 1269 1268
2683 2 2 10 10 1238 1239 1270
2684 2 2 10 10 1238 1270 1269
2685 2 2 10 10 1239 1240 1271
2686 2 2 10 10 1239 1271 1270
2687 2 2 10 10 1240 1241 1272
2688 2 2 10 10 1240 1272 1271
2689 2 2 10 10 1242 1243 1274
2690 2 2 10 10 1242 1274 1273
2691 2 2 10 10 1243 1244 1275
2692 2 2 10 10 1243 1275 1274
2693 2 2 10 10 1244 1245 1276
2694 2 2 10 10 1244 1276 1275
2695 2 2 10 10 1245 1246 1277
2696 2 2 10 10 1245 1277 1276
2697 2 2 10 10 1246 1247 1278
2698 2 2 10 10 1246 1278 1277
2699 2 2 10 10 1247 1248 1279
2700 2 2 10 10 1247 1279 1278
2701 2 2 10 10 1248 1249 1280
2702 2 2 10 10 1248 1280 1279
2703 2 2 10 10 1250 1251 1284
2704 2 2 10 10 1250 1284 1283
2705 2 2 10 10 1251 1252 1285
2706 2 2 10 10 1251 1285 1284
2707 2 2 10 10 1252 1253 1286
2708 2 2 10 10 1252 1286 1285
2709 2 2 10 10 1253 1254 1287
2710 2 2 10 10 1253 1287 1286
2711 2 2 10 10 1254 1255 1288
2712 2 2 10 10 1254 1288 1287
2713 2 2 10 10 1255 1256 1289
2714 2 2 10 10 1255 1289 1288
2715 2 2 10 10 1256 1257 1290
2716 2 2 10 10 1256 1290 1289
2717 2 2 10 10 1257 1258 1291
2718 2 2 10 10 1257 1291 1290
2719 2 2 10 10 1258 1259 1292
2720 2 2 10 10 1258 1292 1291
2721 2 2 10 10 1259 1260 1293
2722 2 2 10 10 1259 1293 1292
2723 2 2 10 10 1260 1261 1294
2724 2 2 10 10 1260 1294 1293
2725 2 2 10 10 1261 1262 1295
2726 2 2 10 10 1261 1295 1294
2727 2 2 10 10 1262 1263 1296
2728 2 2 10 10 1262 1296 1295
2729 2 2 10 10 1263 1264 1297
2730 2 2 10 10 1263 1297 1296
2731 2 2 10 10 1265 1266 1301
2732 2 2 10 10 1265 1301 1300
2733 2 2 10 10 1266 1267 1302
2734 2 2 10 10 1266 1302 1301
2735 2 2 10 10 1267 1268 1303
2736 2 2 10 10 1267 1303 1302
2737 2 2 10 10 1268 1269 1304
2738 2 2 10 10 1268 1304 1303
2739 2 2 10 10 1269 1270 1305
2740 2 2 10 10 1269 1305 1304
2741 2 2 10 10 1270 1271 1306
2742 2 2 10 10 1270 1306 1305
2743 2 2 10 10 1271 1272 1307
2744 2 2 10 10 1271 1307 1306
2745 2 2 10 10 1273 1274 1309
2746 2 2 10 10 1273 1309 1308
2747 2 2 10 10 1274 1275 1310
2748 2 2 10 10 1274 1310 1309
2749 2 2 10 10 1275 1276 1311
2750 2 2 10 10 1275 1311 1310
2751 2 2 10 10 1276 1277 1312
2752 2 2 10 10 1276 1312 1311
2753 2 2 10 10 1277 1278 1313
2754 2 2 10 10 1277 1313 1312
2755 2 2 10 10 1278 1279 1314
2756 2 2 10 10 1278 1314 1313
2757 2 2 10 10 1279 1280 1315
2758 2 2 10 10 1279 1315 1314
2759 2 2 10 10 1280 1281 1316
2760 2 2 10 10 1280 1316 1315
2761 2 2 10 10 1282 1283 1320
2762 2 2 10 10 1282 1320 1319
2763 2 2 10 10 1283 1284 1321
2764 2 2 10 10 1283 1321 1320
2765 2 2 10 10 1284 1285 1322
2766 2 2 10 10 1284 1322 1321
2767 2 2 10 10 1285 1286 1323
2768 2 2 10 10 1285 1323 1322
2769 2 2 10 10 1286 1287 1324
2770 2 2 10 10 1286 1324 1323
2771 2 2 10 10 1287 1288 1325
2772 2 2 10 10 1287 1325 1324
2773 2 2 10 10 1288 1289 1326
2774 2 2 10 10 1288 1326 1325
2775 2 2 10 10 1289 1290 1327
2776 2 2 10 10 1289 1327 1326
2777 2 2 10 10 1290 1291 1328
2778 2 2 10 10 1290 1328 1327
2779 2 2 10 10 1291 1292 1329
2780 2 2 10 10 1291 1329 1328
2781 2 2 10 10 1292 1293 1330
2782 2 2 10 10 1292 1330 1329
2783 2 2 10 10 1293 1294 1331
2784 2 2 10 10 1293 1331 1330
2785 2 2 10 10 1294 1295 1332
2786 2 2 10 10 1294 1332 1331
2787 2 2 10 10 1295 1296 1333
2788 2 2 10 10 1295 1333 1332
2789 2 2 10 10 1296 1297 1334
2790 2 2 10 10 1296 1334 1333
2791 2 2 10 10 1297 1298 1335
2792 2 2 10 10 1297 1335 1334
2793 2 2 10 10 1299 1300 1339
2794 2 2 10 10 1299 1339 1338
2795 2 2 10 10 1300 1301 1340
2796 2 2 10 10 1300 1340 1339
2797 2 2 10 10 1301 1302 1341
2798 2 2 10 10 1301 1341 1340
2799 2 2 10 10 1302 1303 1342
2800 2 2 10 10 1302 1342 1341
2801 2 2 10 10 1303 1304 1343
2802 2 2 10 10 1303 1343 1342
2803 2 2 10 10 1304 1305 1344
2804 2 2 10 10 1304 1344 1343
2805 2 2 10 10 1305 1306 1345
2806 2 2 10 10 1305 1345 1344
2807 2 2 10 10 1306 1307 1346
2808 2 2 10 10 1306 1346 1345
2809 2 2 10 10 1308 1309 1356
2810 2 2 10 10 1308 1356 1355
2811 2 2 10 10 1309 1310 1357
2812 2 2 10 10 1309 1357 1356
2813 2 2 10 10 1310 1311 1358
2814 2 2 10 10 1310 1358 1357
2815 2 2 10 10 1311 1312 1359
2816 2 2 10 10 1311 1359 1358
2817 2 2 10 10 1312 1313 1360
2818 2 2 10 10 1312 1360 1359
2819 2 2 10 10 1313 1314 1361
2820 2 2 10 10 1313 1361 1360
2821 2 2 10 10 1314 1315 1362
2822 2 2 10 10 1314 1362 1361
2823 2 2 10 10 1315 1316 1363
2824 2 2 10 10 1315 1363 1362
2825 2 2 10 10 1316 1317 1364
2826 2 2 10 10 1316 1364 1363
2827 2 2 10 10 1318 1319 1387
2828 2 2 10 10 1318 1387 1386
2829 2 2 10 10 1319 1320 1388
2830 2 2 10 10 1319 1388 1387
2831 2 2 10 10 1320 1321 1389
2832 2 2 10 10 1320 1389 1388
2833 2 2 10 10 1321 1322 1390
2834 2 2 10 10 1321 1390 1389
2835 2 2 10 10 1322 1323 1391
2836 2 2 10 10 1322 1391 1390
2837 2 2 10 10 1323 1324 1392
2838 2 2 10 10 1323 1392 1391
2839 2 2 10 10 1324 1325 1393
2840 2 2 10 10 1324 1393 1392
2841 2 2 10 10 1325 1326 1394
2842 2 2 10 10 1325 1394 1393
2843 2 2 10 10 1326 1327 1395
2844 2 2 10 10 1326 1395 1394
2845 2 2 10 10 1327 1328 1396
2846 2 2 10 10 1327 1396 1395
2847 2 2 10 10 1328 1329 1397
2848 2 2 10 10 1328 1397 1396
2849 2 2 10 10 1329 1330 1398
2850 2 2 10 10 1329 1398 1397
2851 2 2 10 10 1330 1331 1399
2852 2 2 10 10 1330 1399 1398
2853 2 2 10 10 1331 1332 1400
2854 2 2 10 10 1331 1400 1399
2855 2 2 10 10 1332 1333 1401
2856 2 2 10 10 1332 1401 1400
2857 2 2 10 10 1333 1334 1402
2858 2 2 10 10 1333 1402 1401
2859 2 2 10 10 1334 1335 1403
2860 2 2 10 10 1334 1403 1402
2861 2 2 10 10 1335 1336 1404
2862 2 2 10 10 1335 1404 1403
2863 2 2 10 10 1337 1338 1411
2864 2 2 10 10 1337 1411 1410
2865 2 2 10 10 1338 1339 1412
2866 2 2 10 10 1338 1412 1411
2867 2 2 10 10 1339 1340 1413
2868 2 2 10 10 1339 1413 1412
2869 2 2 10 10 1340 1341 1414
2870 2 2 10 10 1340 1414 1413
2871 2 2 10 10 1341 1342 1415
2872 2 2 10 10 1341 1415 1414
2873 2 2 10 10 1342 1343 1416
2874 2 2 10 10 1342 1416 1415
2875 2 2 10 10 1343 1344 1417
2876 2 2 10 10 1343 1417 1416
2877 2 2 10 10 1344 1345 1418
2878 2 2 10 10 1344 1418 1417
2879 2 2 10 10 1345 1346 1419
2880 2 2 10 10 1345 1419 1418
2881 2 2 10 10 1347 1348 1429
2882 2 2 10 10 1347 1429 1428
2883 2 2 10 10 1348 1349 1430
2884 2 2 10 10 1348 1430 1429
2885 2 2 10 10 1349 1350 1431
2886 2 2 10 10 1349 1431 1430
2887 2 2 10 10 1350 1351 1432
2888 2 2 10 10 1350 1432 1431
2889 2 2 10 10 1351 1352 1433
2890 2 2 10 10 1351 1433 1432
2891 2 2 10 10 1352 1353 1434
2892 2 2 10 10 1352 1434 1433
2893 2 2 10 10 1353 1354 1435
2894 2 2 10 10 1353 1435 1434
2895 2 2 10 10 1354 1355 1436
2896 2 2 10 10 1354 1436 1435
2897 2 2 10 10 1355 1356 1437
2898 2 2 10 10 1355 1437 1436
2899 2 2 10 10 1356 1357 1438
2900 2 2 10 10 1356 1438 1437
2901 2 2 10 10 1357 1358 1439
2902 2 2 10 10 1357 1439 1438
2903 2 2 10 10 1358 1359 1440
2904 2 2 10 10 1358 1440 1439
2905 2 2 10 10 1359 1360 1441
2906 2 2 10 10 1359 1441 1440
2907 2 2 10 10 1360 1361 1442
2908 2 2 10 10 1360 1442 1441
2909 2 2 10 10 1361 1362 1443
2910 2 2 10 10 1361 1443 1442
2911 2 2 10 10 1362 1363 1444
2912 2 2 10 10 1362 1444 1443
2913 2 2 10 10 1363 1364 1445
2914 2 2 10 10 1363 1445 1444
2915 2 2 10 10 1364 1365 1446
2916 2 2 10 10 1364 1446 1445
2917 2 2 10 10 1365 1366 1447
2918 2 2 10 10 1365 1447 1446
2919 2 2 10 10 1366 1367 1448
2920 2 2 10 10 1366 1448 1447
2921 2 2 10 10 1367 1368 1449
2922 2 2 10 10 1367 1449 1448
2923 2 2 10 10 1368 1369 1450
2924 2 2 10 10 1368 1450 1449
2925 2 2 10 10 1369 1370 1451
2926 2 2 10 10 1369 1451 1450
2927 2 2 10 10 1370 1371 1452
2928 2 2 10 10 1370 1452 1451
2929 2 2 10 10 1371 1372 1453
2930 2 2 10 10 1371 1453 1452
2931 2 2 10 10 1372 1373 1454
2932 2 2 10 10 1372 1454 1453
2933 2 2 10 10 1373 1374 1455
2934 2 2 10 10 1373 1455 1454
2935 2 2 10 10 1374 1375 1456
2936 2 2 10 10 1374 1456 1455
2937 2 2 10 10 1375 1376 1457
2938 2 2 10 10 1375 1457 1456
2939 2 2 10 10 1376 1377 1458
2940 2 2 10 10 1376 1458 1457
2941 2 2 10 10 1377 1378 1459
2942 2 2 10 10 1377 1459 1458
2943 2 2 10 10 1378 1379 1460
2944 2 2 10 10 1378 1460 1459
2945 2 2 10 10 1379 1380 1461
2946 2 2 10 10 1379 1461 1460
2947 2 2 10 10 1380 1381 1462
2948 2 2 10 10 1380 1462 1461
2949 2 2 10 10 1381 1382 1463
2950 2 2 10 10 1381 1463 1462
2951 2 2 10 10 1382 1383 1464
2952 2 2 10 10 1382 1464 1463
2953 2 2 10 10 1383 1384 1465
2954 2 2 10 10 1383 1465 1464
2955 2 2 10 10 1384 1385 1466
2956 2 2 10 10 1384 1466 1465
2957 2 2 10 10 1385 1386 1467
2958 2 2 10 10 1385 1467 1466
2959 2 2 10 10 1386 1387 1468
2960 2 2 10 10 1386 1468 1467
2961 2 2 10 10 1387 1388 1469
2962 2 2 10 10 1387 1469 1468
2963 2 2 10 10 1388 1389 1470
2964 2 2 10 10 1388 1470 1469
2965 2 2 10 10 1389 1390 1471
2966 2 2 10 10 1389 1471 1470
2967 2 2 10 10 1390 1391 1472
2968 2 2 10 10 1390 1472 1471
2969 2 2 10 10 1391 1392 1473
2970 2 2 10 10 1391 1473 1472
2971 2 2 10 10 1392 1393 1474
2972 2 2 10 10 1392 1474 1473
2973 2 2 10 10 1393 1394 1475
2974 2 2 10 10 1393 1475 1474
2975 2 2 10 10 1394 1395 1476
2976 2 2 10 10 1394 1476 1475
2977 2 2 10 10 1395 1396 1477
2978 2 2 10 10 1395 1477 1476
2979 2 2 10 10 1396 1397 1478
2980 2 2 10 10 1396 1478 1477
2981 2 2 10 10 1397 1398 1479
2982 2 2 10 10 1397 1479 1478
2983 2 2 10 10 1398 1399 1480
2984 2 2 10 10 1398 1480 1479
2985 2 2 10 10 1399 1400 1481
2986 2 2 10 10 1399 1481 1480
2987 2 2 10 10 1400 1401 1482
2988 2 2 10 10 1400 1482 1481
2989 2 2 10 10 1401 1402 1483
2990 2 2 10 10 1401 1483 1482
2991 2 2 10 10 1402 1403 1484
2992 2 2 10 10 1402 1484 1483
2993 2 2 10 10 1403 1404 1485
2994 2 2 10 10 1403 1485 1484
2995 2 2 10 10 1404 1405 1486
2996 2 2 10 10 1404 1486 1485
2997 2 2 10 10 1405 1406 1487
2998 2 2 10 10 1405 1487 1486
2999 2 2 10 10 1406 1407 1488
3000 2 2 10 10 1406 1488 1487
3001 2 2 10 10 1407 1408 1489
3002 2 2 10 10 1407 1489 1488
3003 2 2 10 10 1408 1409 1490
3004 2 2 10 10 1408 1490 1489
3005 2 2 10 10 1409 1410 1491
3006 2 2 10 10 1409 1491 1490
3007 2 2 10 10 1410 1411 1492
3008 2 2 10 10 1410 1492 1491
3009 2 2 10 10 1411 1412 1493
3010 2 2 10 10 1411 1493 1492
3011 2 2 10 10 1412 1413 1494
3012 2 2 10 10 1412 1494 1493
3013 2 2 10 10 1413 1414 1495
3014 2 2 10 10 1413 1495 1494
3015 2 2 10 10 1414 1415 1496
3016 2 2 10 10 1414 1496 1495
3017 2 2 10 10 1415 1416 1497
3018 2 2 10 10 1415 1497 1496
3019 2 2 10 10 1416 1417 1498
3020 2 2 10 10 1416 1498 1497
3021 2 2 10 10 1417 1418 1499
3022 2 2 10 10 1417 1499 1498
3023 2 2 10 10 1418 1419 1500
3024 2 2 10 10 1418 1500 1499
3025 2 2 10 10 1419 1420 1501
3026 2 2 10 10 1419 1501 1500
3027 2 2 10 10 1420 1421 1502
3028 2 2 10 10 1420 1502 1501
3029 2 2 10 10 1421 1422 1503
3030 2 2 10 10 1421 1503 1502
3031 2 2 10 10 1422 1423 1504
3032 2 2 10 10 1422 1504 1503
3033 2 2 10 10 1423 1424 1505
3034 2 2 10 10 1423 1505 1504
3035 2 2 10 10 1424 1425 1506
3036 2 2 10 10 1424 1506 1505
3037 2 2 10 10 1425 1426 1507
3038 2 2 10 10 1425 1507 1506
3039 2 2 10 10 1426 1427 1508
3040 2 2 10 10 1426 1508 1507
3041 2 2 10 10 1428 1429 1510
3042 2 2 10 10 1428 1510 1509
3043 2 2 10 10 1429 1430 1511
3044 2 2 10 10 1429 1511 1510
3045 2 2 10 10 1430 1431 1512
3046 2 2 10 10 1430 1512 1511
3047 2 2 10 10 1431 1432 1513
3048 2 2 10 10 1431 1513 1512
3049 2 2 10 10 1432 1433 1514
3050 2 2 10 10 1432 1514 1513
3051 2 2 10 10 1433 1434 1515
3052 2 2 10 10 1433 1515 1514
3053 2 2 10 10 1434 1435 1516
3054 2 2 10 10 1434 1516 1515
3055 2 2 10 10 1435 1436 1517
3056 2 2 10 10 1435 1517 1516
3057 2 2 10 10 1436 1437 1518
3058 2 2 10 10 1436 1518 1517
3059 2 2 10 10 1437 1438 1519
3060 2 2 10 10 1437 1519 1518
3061 2 2 10 10 1438 1439 1520
3062 2 2 10 10 1438 1520 1519
3063 2 2 10 10 1439 1440 1521
3064 2 2 10 10 1439 1521 1520
3065 2 2 10 10 1440 1441 1522
3066 2 2 10 10 1440 1522 1521
3067 2 2 10 10 1441 1442 1523
3068 2 2 10 10 1441 1523 1522
3069 2 2 10 10 1442 1443 1524
3070 2 2 10 10 1442 1524 1523
3071 2 2 10 10 1443 1444 1525
3072 2 2 10 10 1443 1525 1524
3073 2 2 10 10 1444 1445 1526
3074 2 2 10 10 1444 1526 1525
3075 2 2 10 10 1445 1446 1527
3076 2 2 10 10 1445 1527 1526
3077 2 2 10 10 1446 1447 1528
3078 2 2 10 10 1446 1528 1527
3079 2 2 10 10 1447 1448 1529
3080 2 2 10 10 1447 1529 1528
3081 2 2 10 10 1448 1449 1530
3082 2 2 10 10 1448 1530 1529
3083 2 2 10 10 1449 1450 1531
3084 2 2 10 10 1449 1531 1530
3085 2 2 10 10 1450 1451 1532
3086 2 2 10 10 1450 1532 1531
3087 2 2 10 10 1451 1452 1533
3088 2 2 10 10 1451 1533 1532
3089 2 2 10 10 1452 1453 1534
3090 2 2 10 10 1452 1534 1533
3091 2 2 10 10 1453 1454 1535
3092 2 2 10 10 1453 1535 1534
3093 2 2 10 10 1454 1455 1536
3094 2 2 10 10 1454 1536 1535
3095 2 2 10 10 1455 1456 1537
3096 2 2 10 10 1455 1537 1536
3097 2 2 10 10 1456 1457 1538
3098 2 2 10 10 1456 1538 1537
3099 2 2 10 10 1457 1458 1539
3100 2 2 10 10 1457 1539 1538
3101 2 2 10 10 1458 1459 1540
3102 2 2 10 10 1458 1540 1539
3103 2 2 10 10 1459 1460 1541
3104 2 2 10 10 1459 1541 1540
3105 2 2 10 10 1460 1461 1542
3106 2 2 10 10 1460 1542 1541
3107 2 2 10 10 1461 1462 1543
3108 2 2 10 10 1461 1543 1542
3109 2 2 10 10 1462 1463 1544
3110 2 2 10 10 1462 1544 1543
3111 2 2 10 10 1463 1464 1545
3112 2 2 10 10 1463 1545 1544
3113 2 2 10 10 1464 1465 1546
3114 2 2 10 10 1464 1546 1545
3115 2 2 10 10 1465 1466 1547
3116 2 2 10 10 1465 1547 1546
3117 2 2 10 10 1466 1467 1548
3118 2 2 10 10 1466 1548 1547
3119 2 2 10 10 1467 1468 1549
3120 2 2 10 10 1467 1549 1548
3121 2 2 10 10 1468 1469 1550
3122 2 2 10 10 1468 1550 1549
3123 2 2 10 10 1469 1470 1551
3124 2 2 10 10 1469 1551 1550
3125 2 2 10 10 1470 1471 1552
3126 2 2 10 10 1470 1552 1551
3127 2 2 10 10 1471 1472 1553
3128 2 2 10 10 1471 1553 1552
3129 2 2 10 10 1472 1473 1554
3130 2 2 10 10 1472 1554 1553
3131 2 2 10 10 1473 1474 1555
3132 2 2 10 10 1473 1555 1554
3133 2 2 10 10 1474 1475 1556
3134 2 2 10 10 1474 1556 1555
3135 2 2 10 10 1475 1476 1557
3136 2 2 10 10 1475 1557 1556
3137 2 2 10 10 1476 1477 1558
3138 2 2 10 10 1476 1558 1557
3139 2 2 10 10 1477 1478 1559
3140 2 2 10 10 1477 1559 1558
3141 2 2 10 10 1478 1479 1560
3142 2 2 10 10 1478 1560 1559
3143 2 2 10 10 1479 1480 1561
3144 2 2 10 10 1479 1561 1560
3145 2 2 10 10 1480 1481 1562
3146 2 2 10 10 1480 1562 1561
3147 2 2 10 10 1481 1482 1563
3148 2 2 10 10 1481 1563 1562
3149 2 2 10 10 1482 1483 1564
3150 2 2 10 10 1482 1564 1563
3151 2 2 10 10 1483 1484 1565
3152 2 2 10 10 1483 1565 1564
3153 2 2 10 10 1484 1485 1566
3154 2 2 10 10 1484 1566 1565
3155 2 2 10 10 1485 1486 1567
3156 2 2 10 10 1485 1567 1566
3157 2 2 10 10 1486 1487 1568
3158 2 2 10 10 1486 1568 1567
3159 2 2 10 10 1487 1488 1569
3160 2 2 10 10 1487 1569 1568
3161 2 2 10 10 1488 1489 1570
3162 2 2 10 10 1488 1570 1569
3163 2 2 10 10 1489 1490 1571
3164 2 2 10 10 1489 1571 1570
3165 2 2 10 10 1490 1491 1572
3166 2 2 10 10 1490 1572 1571
3167 2 2 10 10 1491 1492 1573
3168 2 2 10 10 1491 1573 1572
3169 2 2 10 10 1492 1493 1574
3170 2 2 10 10 1492 1574 1573
3171 2 2 10 10 1493 1494 1575
3172 2 2 10 10 1493 1575 1574
3173 2 2 10 10 1494 1495 1576
3174 2 2 10 10 1494 1576 1575
3175 2 2 10 10 1495 1496 1577
3176 2 2 10 10 1495 1577 1576
3177 2 2 10 10 1496 1497 1578
3178 2 2 10 10 1496 1578 1577
3179 2 2 10 10 1497 1498 1579
3180 2 2 10 10 1497 1579 1578
3181 2 2 10 10 1498 1499 1580
3182 2 2 10 10 1498 1580 1579
3183 2 2 10 10 1499 1500 1581
3184 2 2 10 10 1499 1581 1580
3185 2 2 10 10 1500 1501 1582
3186 2 2 10 10 1500 1582 1581
3187 2 2 10 10 1501 1502 1583
3188 2 2 10 10 1501 1583 1582
3189 2 2 10 10 1502 1503 1584
3190 2 2 10 10 1502 1584 1583
3191 2 2 10 10 1503 1504 1585
3192 2 2 10 10 1503 1585 1584
3193 2 2 10 10 1504 1505 1586
3194 2 2 10 10 1504 1586 1585
3195 2 2 10 10 1505 1506 1587
3196 2 2 10 10 1505 1587 1586
3197 2 2 10 10 1506 1507 1588
3198 2 2 10 10 1506 1588 1587
3199 2 2 10 10 1507 1508 1589
3200 2 2 10 10 1507 1589 1588
3201 2 2 10 10 1509 1510 1591
3202 2 2 10 10 1509 1591 1590
3203 2 2 10 10 1510 1511 1592
3204 2 2 10 10 1510 1592 1591
3205 2 2 10 10 1511 1512 1593
3206 2 2 10 10 1511 1593 1592
3207 2 2 10 10 1512 1513 1594
3208 2 2 10 10 1512 1594 1593
3209 2 2 10 10 1513 1514 1595
3210 2 2 10 10 1513 1595 1594
3211 2 2 10 10 1514 1515 1596
3212 2 2 10 10 1514 1596 1595
3213 2 2 10 10 1515 1516 1597
3214 2 2 10 10 1515 1597 1596
3215 2 2 10 10 1516 1517 1598
3216 2 2 10 10 1516 1598 1597
3217 2 2 10 10 1517 1518 1599
3218 2 2 10 10 1517 1599 1598
3219 2 2 10 10 1518 1519 1600
3220 2 2 10 10 1518 1600 1599
3221 2 2 10 10 1519 1520 1601
3222 2 2 10 10 1519 1601 1600
3223 2 2 10 10 1520 1521 1602
3224 2 2 10 10 1520 1602 1601
3225 2 2 10 10 1521 1522 1603
3226 2 2 10 10 1521 1603 1602
3227 2 2 10 10 1522 1523 1604
3228 2 2 10 10 1522 1604 1603
3229 2 2 10 10 1523 1524 1605
3230 2 2 10 10 1523 1605 1604
3231 2 2 10 10 1524 1525 1606
3232 2 2 10 10 1524 1606 1605
3233 2 2 10 10 1525 1526 1607
3234 2 2 10 10 1525 1607 1606
3235 2 2 10 10 1526 1527 1608
3236 2 2 10 10 1526 1608 1607
3237 2 2 10 10 1527 1528 1609
3238 2 2 10 10 1527 1609 1608
3239 2 2 10 10 1528 1529 1610
3240 2 2 10 10 1528 1610 1609
3241 2 2 10 10 1529 1530 1611
3242 2 2 10 10 1529 1611 1610
3243 2 2 10 10 1530 1531 1612
3244 2 2 10 10 1530 1612 1611
3245 2 2 10 10 1531 1532 1613
3246 2 2 10 10 1531 1613 1612
3247 2 2 10 10 1532 1533 1614
3248 2 2 10 10 1532 1614 1613
3249 2 2 10 10 1533 1534 1615
3250 2 2 10 10 1533 1615 1614
3251 2 2 10 10 1534 1535 1616
3252 2 2 10 10 1534 1616 1615
3253 2 2 10 10 1535 1536 1617
3254 2 2 10 10 1535 1617 1616
3255 2 2 10 10 1536 1537 1618
3256 2 2 10 10 1536 1618 1617
3257 2 2 10 10 1537 1538 1619
3258 2 2 10 10 1537 1619 1618
3259 2 2 10 10 1538 1539 1620
3260 2 2 10 10 1538 1620 1619
3261 2 2 10 10 1539 1540 1621
3262 2 2 10 10 1539 1621 1620
3263 2 2 10 10 1540 1541 1622
3264 2 2 10 10 1540 1622 1621
3265 2 2 10 10 1541 1542 1623
3266 2 2 10 10 1541 1623 1622
3267 2 2 10 10 1542 1543 1624
3268 2 2 10 10 1542 1624 1623
3269 2 2 10 10 1543 1544 1625
3270 2 2 10 10 1543 1625 1624
3271 2 2 10 10 1544 1545 1626
3272 2 2 10 10 1544 1626 1625
3273 2 2 10 10 1545 1546 1627
3274 2 2 10 10 1545 1627 1626
3275 2 2 10 10 1546 1547 1628
3276 2 2 10 10 1546 1628 1627
3277 2 2 10 10 1547 1548 1629
3278 2 2 10 10 1547 1629 1628
3279 2 2 10 10 1548 1549 1630
3280 2 2 10 10 1548 1630 1629
3281 2 2 10 10 1549 1550 1631
3282 2 2 10 10 1549 1631 1630
3283 2 2 10 10 1550 1551 1632
3284 2 2 10 10 1550 1632 1631
3285 2 2 10 10 1551 1552 1633
3286 2 2 10 10 1551 1633 1632
3287 2 2 10 10 1552 1553 1634
3288 2 2 10 10 1552 1634 1633
3289 2 2 10 10 1553 1554 1635
3290 2 2 10 10 1553 1635 1634
3291 2 2 10 10 1554 1555 1636
3292 2 2 10 10 1554 1636 1635
3293 2 2 10 10 1555 1556 1637
3294 2 2 10 10 1555 1637 1636
3295 2 2 10 10 1556 1557 1638
3296 2 2 10 10 1556 1638 1637
3297 2 2 10 10 1557 1558 1639
3298 2 2 10 10 1557 1639 1638
3299 2 2 10 10 1558 1559 1640
3300 2 2 10 10 1558 1640 1639
3301 2 2 10 10 1559 1560 1641
3302 2 2 10 10 1559 1641 1640
3303 2 2 10 10 1560 1561 1642
3304 2 2 10 10 1560 1642 1641
3305 2 2 10 10 1561 1562 1643
3306 2 2 10 10 1561 1643 1642
3307 2 2 10 10 1562 1563 1644
3308 2 2 10 10 1562 1644 1643
3309 2 2 10 10 1563 1564 1645
3310 2 2 10 10 1563 1645 1644
3311 2 2 10 10 1564 1565 1646
3312 2 2 10 10 1564 1646 1645
3313 2 2 10 10 1565 1566 1647
3314 2 2 10 10 1565 1647 1646
3315 2 2 10 10 1566 1567 1648
3316 2 2 10 10 1566 1648 1647
3317 2 2 10 10 1567 1568 1649
3318 2 2 10 10 1567 1649 1648
3319 2 2 10 10 1568 1569 1650
3320 2 2 10 10 1568 1650 1649
3321 2 2 10 10 1569 1570 1651
3322 2 2 10 10 1569 1651 1650
3323 2 2 10 10 1570 1571 1652
3324 2 2 10 10 1570 1652 1651
3325 2 2 10 10 1571 1572 1653
3326 2 2 10 10 1571 1653 1652
3327 2 2 10 10 1572 1573 1654
3328 2 2 10 10 1572 1654 1653
3329 2 2 10 10 1573 1574 1655
3330 2 2 10 10 1573 1655 1654
3331 2 2 10 10 1574 1575 1656
3332 2 2 10 10 1574 1656 1655
3333 2 2 10 10 1575 1576 1657
3334 2 2 10 10 1575 1657 1656
3335 2 2 10 10 1576 1577 1658
3336 2 2 10 10 1576 1658 1657
3337 2 2 10 10 1577 1578 1659
3338 2 2 10 10 1577 1659 1658
3339 2 2 10 10 1578 1579 1660
3340 2 2 10 10 1578 1660 1659
3341 2 2 10 10 1579 1580 1661
3342 2 2 10 10 1579 1661 1660
3343 2 2 10 10 1580 1581 1662
3344 2 2 10 10 1580 1662 1661
3345 2 2 10 10 1581 1582 1663
3346 2 2 10 10 1581 1663 1662
3347 2 2 10 10 1582 1583 1664
3348 2 2 10 10 1582 1664 1663
3349 2 2 10 10 1583 1584 1665
3350 2 2 10 10 1583 1665 1664
3351 2 2 10 10 1584 1585 1666
3352 2 2 10 10 1584 1666 1665
3353 2 2 10 10 1585 1586 1667
3354 2 2 10 10 1585 1667 1666
3355 2 2 10 10 1586 1587 1668
3356 2 2 10 10 1586 1668 1667
3357 2 2 10 10 1587 1588 1669
3358 2 2 10 10 1587 1669 1668
3359 2 2 10 10 1588 1589 1670
3360 2 2 10 10 1588 1670 1669
3361 2 2 10 10 1590 1591 1672
3362 2 2 10 10 1590 1672 1671
3363 2 2 10 10 1591 1592 1673
3364 2 2 10 10 1591 1673 1672
3365 2 2 10 10 1592 1593 1674
3366 2 2 10 10 1592 1674 1673
3367 2 2 10 10 1593 1594 1675
3368 2 2 10 10 1593 1675 1674
3369 2 2 10 10 1594 1595 1676
3370 2 2 10 10 1594 1676 1675
3371 2 2 10 10 1595 1596 1677
3372 2 2 10 10 1595 1677 1676
3373 2 2 10 10 1596 1597 1678
3374 2 2 10 10 1596 1678 1677
3375 2 2 10 10 1597 1598 1679
3376 2 2 10 10 1597 1679 1678
3377 2 2 10 10 1598 1599 1680
3378 2 2 10 10 1598 1680 1679
3379 2 2 10 10 1599 1600 1681
3380 2 2 10 10 1599 1681 1680
3381 2 2 10 10 1600 1601 1682
3382 2 2 10 10 1600 1682 1681
3383 2 2 10 10 1601 1602 1683
3384 2 2 10 10 1601 1683 1682
3385 2 2 10 10 1602 1603 1684
3386 2 2 10 10 1602 1684 1683
3387 2 2 10 10 1603 1604 1685
3388 2 2 10 10 1603 1685 1684
3389 2 2 10 10 1604 1605 1686
3390 2 2 10 10 1604 1686 1685
3391 2 2 10 10 1605 1606 1687
3392 2 2 10 10 1605 1687 1686
3393 2 2 10 10 1606 1607 1688
3394 2 2 10 10 1606 1688 1687
3395 2 2 10 10 1607 1608 1689
3396 2 2 10 10 1607 1689 1688
3397 2 2 10 10 1608 1609 1690
3398 2 2 10 10 1608 1690 1689
3399 2 2 10 10 1609 1610 1691
3400 2 2 10 10 1609 1691 1690
3401 2 2 10 10 1610 1611 1692
3402 2 2 10 10 1610 1692 1691
3403 2 2 10 10 1611 1612 1693
3404 2 2 10 10 1611 1693 1692
3405 2 2 10 10 1612 1613 1694
3406 2 2 10 10 1612 1694 1693
3407 2 2 10 10 1613 1614 1695
3408 2 2 10 10 1613 1695 1694
3409 2 2 10 10 1614 1615 1696
3410 2 2 10 10 1614 1696 1695
3411 2 2 10 10 1615 1616 1697
3412 2 2 10 10 1615 1697 1696
3413 2 2 10 10 1616 1617 1698
3414 2 2 10 10 1616 1698 1697
3415 2 2 10 10 1617 1618 1699
3416 2 2 10 10 1617 1699 1698
3417 2 2 10 10 1618 1619 1700
3418 2 2 10 10 1618 1700 1699
3419 2 2 10 10 1619 1620 1701
3420 2 2 10 10 1619 1701 1700
3421 2 2 10 10 1620 1621 1702
3422 2 2 10 10 1620 1702 1701
3423 2 2 10 10 1621 1622 1703
3424 2 2 10 10 1621 1703 1702
3425 2 2 10 10 1622 1623 1704
3426 2 2 10 10 1622 1704 1703
3427 2 2 10 10 1623 1624 1705
3428 2 2 10 10 1623 1705 1704
3429 2 2 10 10 1624 1625 1706
3430 2 2 10 10 1624 1706 1705
3431 2 2 10 10 1625 1626 1707
3432 2 2 10 10 1625 1707 1706
3433 2 2 10 10 1626 1627 1708
3434 2 2 10 10 1626 1708 1707
3435 2 2 10 10 1627 1628 1709
3436 2 2 10 10 1627 1709 1708
3437 2 2 10 10 1628 1629 1710
3438 2 2 10 10 1628 1710 1709
3439 2 2 10 10 1629 1630 1711
3440 2 2 10 10 1629 1711 1710
3441 2 2 10 10 1630 1631 1712
3442 2 2 10 10 1630 1712 1711
3443 2 2 10 10 1631 1632 1713
3444 2 2 10 10 1631 1713 1712
3445 2 2 10 10 1632 1633 1714
3446 2 2 10 10 1632 1714 1713
3447 2 2 10 10 1633 1634 1715
3448 2 2 10 10 1633 1715 1714
3449 2 2 10 10 1634 1635 1716
3450 2 2 10 10 1634 1716 1715
3451 2 2 10 10 1635 1636 1717
3452 2 2 10 10 1635 1717 1716
3453 2 2 10 10 1636 1637 1718
3454 2 2 10 10 1636 1718 1717
3455 2 2 10 10 1637 1638 1719
3456 2 2 10 10 1637 1719 1718
3457 2 2 10 10 1638 1639 1720
3458 2 2 10 10 1638 1720 1719
3459 2 2 10 10 1639 1640 1721
3460 2 2 10 10 1639 1721 1720
3461 2 2 10 10 1640 1641 1722
3462 2 2 10 10 1640 1722 1721
3463 2 2 10 10 1641 1642 1723
3464 2 2 10 10 1641 1723 1722
3465 2 2 10 10 1642 1643 1724
3466 2 2 10 10 1642 1724 1723
3467 2 2 10 10 1643 1644 1725
3468 2 2 10 10 1643 1725 1724
3469 2 2 10 10 1644 1645 1726
3470 2 2 10 10 1644 1726 1725
3471 2 2 10 10 1645 1646 1727
3472 2 2 10 10 1645 1727 1726
3473 2 2 10 10 1646 1647 1728
3474 2 2 10 10 1646 1728 1727
3475 2 2 10 10 1647 1648 1729
3476 2 2 10 10 1647 1729 1728
3477 2 2 10 10 1648 1649 1730
3478 2 2 10 10 1648 1730 1729
3479 2 2 10 10 1649 1650 1731
3480 2 2 10 10 1649 1731 1730
3481 2 2 10 10 1650 1651 1732
3482 2 2 10 10 1650 1732 1731
3483 2 2 10 10 1651 1652 1733
3484 2 2 10 10 1651 1733 1732
3485 2 2 10 10 1652 1653 1734
3486 2 2 10 10 1652 1734 1733
3487 2 2 10 10 1653 1654 1735
3488 2 2 10 10 1653 1735 1734
3489 2 2 10 10 1654 1655 1736
3490 2 2 10 10 1654 1736 1735
3491 2 2 10 10 1655 1656 1737
3492 2 2 10 10 1655 1737 1736
3493 2 2 10 10 1656 1657 1738
3494 2 2 10 10 1656 1738 1737
3495 2 2 10 10 1657 1658 1739
3496 2 2 10 10 1657 1739 1738
3497 2 2 10 10 1658 1659 1740
3498 2 2 10 10 1658 1740 1739
3499 2 2 10 10 1659 1660 1741
3500 2 2 10 10 1659 1741 1740
3501 2 2 10 10 1660 1661 1742
3502 2 2 10 10 1660 1742 1741
3503 2 2 10 10 1661 1662 1743
3504 2 2 10 10 1661 1743 1742
3505 2 2 10 10 1662 1663 1744
3506 2 2 10 10 1662 1744 1743
3507 2 2 10 10 1663 1664 1745
3508 2 2 10 10 1663 1745 1744
3509 2 2 10 10 1664 1665 1746
3510 2 2 10 10 1664 1746 1745
3511 2 2 10 10 1665 1666 1747
3512 2 2 10 10 1665 1747 1746
3513 2 2 10 10 1666 1667 1748
3514 2 2 10 10 1666 1748 1747
3515 2 2 10 10 1667 1668 1749
3516 2 2 10 10 1667 1749 1748
3517 2 2 10 10 1668 1669 1750
3518 2 2 10 10 1668 1750 1749
3519 2 2 10 10 1669 1670 1751
3520 2 2 10 10 1669 1751 1750
3521 2 2 10 10 1694 1695 1753
3522 2 2 10 10 1694 1753 1752
3523 2 2 10 10 1695 1696 1754
3524 2 2 10 10 1695 1754 1753
3525 2 2 10 10 1696 1697 1755
3526 2 2 10 10 1696 1755 1754
3527 2 2 10 10 1697 1698 1756
3528 2 2 10 10 1697 1756 1755
3529 2 2 10 10 1698 1699 1757
3530 2 2 10 10 1698 1757 1756
3531 2 2 10 10 1699 1700 1758
3532 2 2 10 10 1699 1758 1757
3533 2 2 10 10 1700 1701 1759
3534 2 2 10 10 1700 1759 1758
3535 2 2 10 10 1701 1702 1760
3536 2 2 10 10 1701 1760 1759
3537 2 2 10 10 1702 1703 1761
3538 2 2 10 10 1702 1761 1760
3539 2 2 10 10 1703 1704 1762
3540 2 2 10 10 1703 1762 1761
3541 2 2 10 10 1704 1705 1763
3542 2 2 10 10 1704 1763 1762
3543 2 2 10 10 1705 1706 1764
3544 2 2 10 10 1705 1764 1763
3545 2 2 10 10 1706 1707 1765
3546 2 2 10 10 1706 1765 1764
3547 2 2 10 10 1707 1708 1766
3548 2 2 10 10 1707 1766 1765
3549 2 2 10 10 1708 1709 1767
3550 2 2 10 10 1708 1767 1766
3551 2 2 10 10 1709 1710 1768
3552 2 2 10 10 1709 1768 1767
3553 2 2 10 10 1710 1711 1769
3554 2 2 10 10 1710 1769 1768
3555 2 2 10 10 1711 1712 1770
3556 2 2 10 10 1711 1770 1769
3557 2 2 10 10 1712 1713 1771
3558 2 2 10 10 1712 1771 1770
3559 2 2 10 10 1713 1714 1772
3560 2 2 10 10 1713 1772 1771
3561 2 2 10 10 1714 1715 1773
3562 2 2 10 10 1714 1773 1772
3563 2 2 10 10 1715 1716 1774
3564 2 2 10 10 1715 1774 1773
3565 2 2 10 10 1716 1717 1775
3566 2 2 10 10 1716 1775 1774
3567 2 2 10 10 1717 1718 1776
3568 2 2 10 10 1717 1776 1775
3569 2 2 10 10 1718 1719 1777
3570 2 2 10 10 1718 1777 1776
3571 2 2 10 10 1719 1720 1778
3572 2 2 10 10 1719 1778 1777
3573 2 2 10 10 1753 1754 1780
3574 2 2 10 10 1753 1780 1779
3575 2 2 10 10 1754 1755 1781
3576 2 2 10 10 1754 1781 1780
3577 2 2 10 10 1755 1756 1782
3578 2 2 10 10 1755 1782 1781
3579 2 2 10 10 1756 1757 1783
3580 2 2 10 10 1756 1783 1782
3581 2 2 10 10 1757 1758 1784
3582 2 2 10 10 1757 1784 1783
3583 2 2 10 10 1758 1759 1785
3584 2 2 10 10 1758 1785 1784
3585 2 2 10 10 1759 1760 1786
3586 2 2 10 10 1759 1786 1785
3587 2 2 10 10 1760 1761 1787
3588 2 2 10 10 1760 1787 1786
3589 2 2 10 10 1761 1762 1788
3590 2 2 10 10 1761 1788 1787
3591 2 2 10 10 1762 1763 1789
3592 2 2 10 10 1762 1789 1788
3593 2 2 10 10 1763 1764 1790
3594 2 2 10 10 1763 1790 1789
3595 2 2 10 10 1764 1765 1791
3596 2 2 10 10 1764 1791 1790
3597 2 2 10 10 1765 1766 1792
3598 2 2 10 10 1765 1792 1791
3599 2 2 10 10 1766 1767 1793
3600 2 2 10 10 1766 1793 1792
3601 2 2 10 10 1767 1768 1794
3602 2 2 10 10 1767 1794 1793
3603 2 2 10 10 1768 1769 1795
3604 2 2 10 10 1768 1795 1794
3605 2 2 10 10 1769 1770 1796
3606 2 2 10 10 1769 1796 1795
3607 2 2 10 10 1770 1771 1797
3608 2 2 10 10 1770 1797 1796
3609 2 2 10 10 1771 1772 1798
3610 2 2 10 10 1771 1798 1797
3611 2 2 10 10 1772 1773 1799
3612 2 2 10 10 1772 1799 1798
3613 2 2 10 10 1773 1774 1800
3614 2 2 10 10 1773 1800 1799
3615 2 2 10 10 1774 1775 1801
3616 2 2 10 10 1774 1801 1800
3617 2 2 10 10 1775 1776 1802
3618 2 2 10 10 1775 1802 1801
3619 2 2 10 10 1776 1777 1803
3620 2 2 10 10 1776 1803 1802
3621 2 2 10 10 1780 1781 1805
3622 2 2 10 10 1780 1805 1804
3623 2 2 10 10 1781 1782 1806
3624 2 2 10 10 1781 1806 1805
3625 2 2 10 10 1782 1783 1807
3626 2 2 10 10 1782 1807 1806
3627 2 2 10 10 1783 1784 1808
3628 2 2 10 10 1783 1808 1807
3629 2 2 10 10 1784 1785 1809
3630 2 2 10 10 1784 1809 1808
3631 2 2 10 10 1785 1786 1810
3632 2 2 10 10 1785 1810 1809
3633 2 2 10 10 1786 1787 1811
3634 2 2 10 10 1786 1811 1810
3635 2 2 10 10 1787 1788 1812
3636 2 2 10 10 1787 1812 1811
3637 2 2 10 10 1788 1789 1813
3638 2 2 10 10 1788 1813 1812
3639 2 2 10 10 1789 1790 1814
3640 2 2 10 10 1789 1814 1813
3641 2 2 10 10 1790 1791 1815
3642 2 2 10 10 1790 1815 1814
3643 2 2 10 10 1791 1792 1816
3644 2 2 10 10 1791 1816 1815
3645 2 2 10 10 1792 1793 1817
3646 2 2 10 10 1792 1817 1816
3647 2 2 10 10 1793 1794 1818
3648 2 2 10 10 1793 1818 1817
3649 2 2 10 10 1794 1795 1819
3650 2 2 10 10 1794 1819 1818
3651 2 2 10 10 1795 1796 1820
3652 2 2 10 10 1795 1820 1819
3653 2 2 10 10 1796 1797 1821
3654 2 2 10 10 1796 1821 1820
3655 2 2 10 10 1797 1798 1822
3656 2 2 10 10 1797 1822 1821
3657 2 2 10 10 1798 1799 1823
3658 2 2 10 10 1798 1823 1822
3659 2 2 10 10 1799 1800 1824
3660 2 2 10 10 1799 1824 1823
3661 2 2 10 10 1800 1801 1825
3662 2 2 10 10 1800 1825 1824
3663 2 2 10 10 1801 1802 1826
3664 2 2 10 10 1801 1826 1825
3665 2 2 10 10 1805 1806 1828
3666 2 2 10 10 1805 1828 1827
3667 2 2 10 10 1806 1807 1829
3668 2 2 10 10 1806 1829 1828
3669 2 2 10 10 1807 1808 1830
3670 2 2 10 10 1807 1830 1829
3671 2 2 10 10 1808 1809 1831
3672 2 2 10 10 1808 1831 1830
3673 2 2 10 10 1809 1810 1832
3674 2 2 10 10 1809 1832 1831
3675 2 2 10 10 1810 1811 1833
3676 2 2 10 10 1810 1833 1832
3677 2 2 10 10 1811 1812 1834
3678 2 2 10 10 1811 1834 1833
3679 2 2 10 10 1812 1813 1835
3680 2 2 10 10 1812 1835 1834
3681 2 2 10 10 1813 1814 1836
3682 2 2 10 10 1813 1836 1835
3683 2 2 10 10 1814 1815 1837
3684 2 2 10 10 1814 1837 1836
3685 2 2 10 10 1815 1816 1838
3686 2 2 10 10 1815 1838 1837
3687 2 2 10 10 1816 1817 1839
3688 2 2 10 10 1816 1839 1838
3689 2 2 10 10 1817 1818 1840
3690 2 2 10 10 1817 1840 1839
3691 2 2 10 10 1818 1819 1841
3692 2 2 10 10 1818 1841 1840
3693 2 2 10 10 1819 1820 1842
3694 2 2 10 10 1819 1842 1841
3695 2 2 10 10 1820 1821 1843
3696 2 2 10 10 1820 1843 1842
3697 2 2 10 10 1821 1822 1844
3698 2 2 10 10 1821 1844 1843
3699 2 2 10 10 1822 1823 1845
3700 2 2 10 10 1822 1845 1844
3701 2 2 10 10 1823 1824 1846
3702 2 2 10 10 1823 1846 1845
3703 2 2 10 10 1824 1825 1847
3704 2 2 10 10 1824 1847 1846
3705 2 2 10 10 1827 1828 1849
3706 2 2 10 10 1827 1849 1848
3707 2 2 10 10 1828 1829 1850
3708 2 2 10 10 1828 1850 1849
3709 2 2 10 10 1829 1830 1851
3710 2 2 10 10 1829 1851 1850
3711 2 2 10 10 1830 1831 1852
3712 2 2 10 10 1830 1852 1851
3713 2 2 10 10 1831 1832 1853
3714 2 2 10 10 1831 1853 1852
3715 2 2 10 10 1832 1833 1854
3716 2 2 10 10 1832 1854 1853
3717 2 2 10 10 1833 1834 1855
3718 2 2 10 10 1833 1855 1854
3719 2 2 10 10 1834 1835 1856
3720 2 2 10 10 1834 1856 1855
3721 2 2 10 10 1835 1836 1857
3722 2 2 10 10 1835 1857 1856
3723 2 2 10 10 1836 1837 1858
3724 2 2 10 10 1836 1858 1857
3725 2 2 10 10 1837 1838 1859
3726 2 2 10 10 1837 1859 1858
3727 2 2 10 10 1838 1839 1860
3728 2 2 10 10 1838 1860 1859
3729 2 2 10 10 1839 1840 1861
3730 2 2 10 10 1839 1861 1860
3731 2 2 10 10 1840 1841 1862
3732 2 2 10 10 1840 1862 1861
3733 2 2 10 10 1841 1842 1863
3734 2 2 10 10 1841 1863 1862
3735 2 2 10 10 1842 1843 1864
3736 2 2 10 10 1842 1864 1863
3737 2 2 10 10 1843 1844 1865
3738 2 2 10 10 1843 1865 1864
3739 2 2 10 10 1844 1845 1866
3740 2 2 10 10 1844 1866 1865
3741 2 2 10 10 1845 1846 1867
3742 2 2 10 10 1845 1867 1866
3743 2 2 10 10 1846 1847 1868
3744 2 2 10 10 1846 1868 1867
3745 2 2 10 10 1848 1849 1870
3746 2 2 10 10 1848 1870 1869
3747 2 2 10 10 1849 1850 1871
3748 2 2 10 10 1849 1871 1870
3749 2 2 10 10 1850 1851 1872
3750 2 2 10 10 1850 1872 1871
3751 2 2 10 10 1851 1852 1873
3752 2 2 10 10 1851 1873 1872
3753 2 2 10 10 1852 1853 1874
3754 2 2 10 10 1852 1874 1873
3755 2 2 10 10 1853 1854 1875
3756 2 2 10 10 1853 1875 1874
3757 2 2 10 10 1854 1855 1876
3758 2 2 10 10 1854 1876 1875
3759 2 2 10 10 1855 1856 1877
3760 2 2 10 10 1855 1877 1876
3761 2 2 10 10 1856 1857 1878
3762 2 2 10 10 1856 1878 1877
3763 2 2 10 10 1857 1858 1879
3764 2 2 10 10 1857 1879 1878
3765 2 2 10 10 1858 1859 1880
3766 2 2 10 10 1858 1880 1879
3767 2 2 10 10 1859 1860 1881
3768 2 2 10 10 1859 1881 1880
3769 2 2 10 10 1860 1861 1882
3770 2 2 10 10 1860 1882 1881
3771 2 2 10 10 1861 1862 1883
3772 2 2 10 10 1861 1883 1882
3773 2 2 10 10 1862 1863 1884
3774 2 2 10 10 1862 1884 1883
3775 2 2 10 10 1863 1864 1885
3776 2 2 10 10 1863 1885 1884
3777 2 2 10 10 1864 1865 1886
3778 2 2 10 10 1864 1886 1885
3779 2 2 10 10 1865 1866 1887
3780 2 2 10 10 1865 1887 1886
3781 2 2 10 10 1866 1867 1888
3782 2 2 10 10 1866 1888 1887
3783 2 2 10 10 1867 1868 1889
3784 2 2 10 10 1867 1889 1888
3785 2 2 10 10 1869 1870 1891
3786 2 2 10 10 1869 1891 1890
3787 2 2 10 10 1870 1871 1892
3788 2 2 10 10 1870 1892 1891
3789 2 2 10 10 1871 1872 1893
3790 2 2 10 10 1871 1893 1892
3791 2 2 10 10 1872 1873 1894
3792 2 2 10 10 1872 1894 1893
3793 2 2 10 10 1873 1874 1895
3794 2 2 10 10 1873 1895 1894
3795 2 2 10 10 1874 1875 1896
3796 2 2 10 10 1874 1896 1895
3797 2 2 10 10 1875 1876 1897
3798 2 2 10 10 1875 1897 1896
3799 2 2 10 10 1876 1877 1898
3800 2 2 10 10 1876 1898 1897
3801 2 2 10 10 1877 1878 1899
3802 2 2 10 10 1877 1899 1898
3803 2 2 10 10 1878 1879 1900
3804 2 2 10 10 1878 1900 1899
3805 2 2 10 10 1879 1880 1901
3806 2 2 10 10 1879 1901 1900
3807 2 2 10 10 1880 1881 1902
3808 2 2 10 10 1880 1902 1901
3809 2 2 10 10 1881 1882 1903
3810 2 2 10 10 1881 1903 1902
3811 2 2 10 10 1882 1883 1904
3812 2 2 10 10 1882 1904 1903
3813 2 2 10 10 1883 1884 1905
3814 2 2 10 10 1883 1905 1904
3815 2 2 10 10 1884 1885 1906
3816 2 2 10 10 1884 1906 1905
3817 2 2 10 10 1885 1886 1907
3818 2 2 10 10 1885 1907 1906
3819 2 2 10 10 1886 1887 1908
3820 2 2 10 10 1886 1908 1907
3821 2 2 10 10 1887 1888 1909
3822 2 2 10 10 1887 1909 1908
3823 2 2 10 10 1888 1889 1910
3824 2 2 10 10 1888 1910 1909
3825 2 2 10 10 1890 1891 1912
3826 2 2 10 10 1890 1912 1911
3827 2 2 10 10 1891 1892 1913
3828 2 2 10 10 1891 1913 1912
3829 2 2 10 10 1892 1893 1914
3830 2 2 10 10 1892 1914 1913
3831 2 2 10 10 1893 1894 1915
3832 2 2 10 10 1893 1915 1914
3833 2 2 10 10 1894 1895 1916
3834 2 2 10 10 1894 1916 1915
3835 2 2 10 10 1895 1896 1917
3836 2 2 10 10 1895 1917 1916
3837 2 2 10 10 1896 1897 1918
3838 2 2 10 10 1896 1918 1917
3839 2 2 10 10 1897 1898 1919
3840 2 2 10 10 1897 1919 1918
3841 2 2 10 10 1898 1899 1920
3842 2 2 10 10 1898 1920 1919
3843 2 2 10 10 1899 1900 1921
3844 2 2 10 10 1899 1921 1920
3845 2 2 10 10 1900 1901 1922
3846 2 2 10 10 1900 1922 1921
3847 2 2 10 10 1901 1902 1923
3848 2 2 10 10 1901 1923 1922
3849 2 2 10 10 1902 1903 1924
3850 2 2 10 10 1902 1924 1923
3851 2 2 10 10 1903 1904 1925
3852 2 2 10 10 1903 1925 1924
3853 2 2 10 10 1904 1905 1926
3854 2 2 10 10 1904 1926 1925
3855 2 2 10 10 1905 1906 1927
3856 2 2 10 10 1905 1927 1926
3857 2 2 10 10 1906 1907 1928
3858 2 2 10 10 1906 1928 1927
3859 2 2 10 10 1907 1908 1929
3860 2 2 10 10 1907 1929 1928
3861 2 2 10 10 1908 1909 1930
3862 2 2 10 10 1908 1930 1929
3863 2 2 10 10 1909 1910 1931
3864 2 2 10 10 1909 1931 1930
3865 2 2 10 10 1911 1912 1933
3866 2 2 10 10 1911 1933 1932
3867 2 2 10 10 1912 1913 1934
3868 2 2 10 10 1912 1934 1933
3869 2 2 10 10 1913 1914 1935
3870 2 2 10 10 1913 1935 1934
3871 2 2 10 10 1914 1915 1936
3872 2 2 10 10 1914 1936 1935
3873 2 2 10 10 1915 1916 1937
3874 2 2 10 10 1915 1937 1936
3875 2 2 10 10 1916 1917 1938
3876 2 2 10 10 1916 1938 1937
3877 2 2 10 10 1917 1918 1939
3878 2 2 10 10 1917 1939 1938
3879 2 2 10 10 1918 1919 1940
3880 2 2 10 10 1918 1940 1939
3881 2 2 10 10 1919 1920 1941
3882 2 2 10 10 1919 1941 1940
3883 2 2 10 10 1920 1921 1942
3884 2 2 10 10 1920 1942 1941
3885 2 2 10 10 1921 1922 1943
3886 2 2 10 10 1921 1943 1942
3887 2 2 10 10 1922 1923 1944
3888 2 2 10 10 1922 1944 1943
3889 2 2 10 10 1923 1924 1945
3890 2 2 10 10 1923 1945 1944
3891 2 2 10 10 1924 1925 1946
3892 2 2 10 10 1924 1946 1945
3893 2 2 10 10 1925 1926 1947
3894 2 2 10 10 1925 1947 1946
3895 2 2 10 10 1926 1927 1948
3896 2 2 10 10 1926 1948 1947
3897 2 2 10 10 1927 1928 1949
3898 2 2 10 10 1927 1949 1948
3899 2 2 10 10 1928 1929 1950
3900 2 2 10 10 1928 1950 1949
3901 2 2 10 10 1929 1930 1951
3902 2 2 10 10 1929 1951 1950
3903 2 2 10 10 1930 1931 1952
3904 2 2 10 10 1930 1952 1951
3905 2 2 10 10 1932 1933 1954
3906 2 2 10 10 1932 1954 1953
3907 2 2 10 10 1933 1934 1955
3908 2 2 10 10 1933 1955 1954
3909 2 2 10 10 1934 1935 1956
3910 2 2 10 10 1934 1956 1955
3911 2 2 10 10 1935 1936 1957
3912 2 2 10 10 1935 1957 1956
3913 2 2 10 10 1936 1937 1958
3914 2 2 10 10 1936 1958 1957
3915 2 2 10 10 1937 1938 1959
3916 2 2 10 10 1937 1959 1958
3917 2 2 10 10 1938 1939 1960
3918 2 2 10 10 1938 1960 1959
3919 2 2 10 10 1939 1940 1961
3920 2 2 10 10 1939 1961 1960
3921 2 2 10 10 1940 1941 1962
3922 2 2 10 10 1940 1962 1961
3923 2 2 10 10 1941 1942 1963
3924 2 2 10 10 1941 1963 1962
3925 2 2 10 10 1942 1943 1964
3926 2 2 10 10 1942 1964 1963
3927 2 2 10 10 1943 1944 1965
3928 2 2 10 10 1943 1965 1964
3929 2 2 10 10 1944 1945 1966
3930 2 2 10 10 1944 1966 1965
3931 2 2 10 10 1945 1946 1967
3932 2 2 10 10 1945 1967 1966
3933 2 2 10 10 1946 1947 1968
3934 2 2 10 10 1946 1968 1967
3935 2 2 10 10 1947 1948 1969
3936 2 2 10 10 1947 1969 1968
3937 2 2 10 10 1948 1949 1970
3938 2 2 10 10 1948 1970 1969
3939 2 2 10 10 1949 1950 1971
3940 2 2 10 10 1949 1971 1970
3941 2 2 10 10 1950 1951 1972
3942 2 2 10 10 1950 1972 1971
3943 2 2 10 10 1951 1952 1973
3944 2 2 10 10 1951 1973 1972
$EndElements
