/*--------------------------------*- C++ -*----------------------------------*\
| =========                 |                                                 |
| \\      /  F ield         | OpenFOAM: The Open Source CFD Toolbox           |
|  \\    /   O peration     | Version:  2506                                  |
|   \\  /    A nd           | Website:  www.openfoam.com                      |
|    \\/     M anipulation  |                                                 |
\*---------------------------------------------------------------------------*/
FoamFile
{
    version     2.0;
    format      ascii;
    arch        "LSB;label=32;scalar=64";
    class       surfaceScalarField;
    location    "5000";
    object      phi;
}
// * * * * * * * * * * * * * * * * * * * * * * * * * * * * * * * * * * * * * //

dimensions      [0 3 -1 0 0 0 0];

oriented        oriented;

internalField   nonuniform List<scalar> 
8064
(
-5.670299735855107e-11
5.670305324554204e-11
-1.234328495007083e-10
6.672991630959459e-11
-1.856313221069849e-10
6.219853732414823e-11
-2.239586042459058e-10
3.832734671514336e-11
-2.310831011739915e-10
7.124559882306176e-12
-2.15769120962948e-10
-1.531391844802813e-11
-1.889602090374153e-10
-2.68088530511387e-11
-1.556891388595109e-10
-3.327101328169679e-11
-1.17507219470814e-10
-3.818186653482918e-11
-7.599384615591742e-11
-4.151332313240652e-11
-3.216716867724216e-11
-4.382663238874057e-11
1.633846380399946e-11
-4.850559064175512e-11
7.716467039148276e-11
-6.082617075774892e-11
1.624892964745534e-10
-8.532459394101998e-11
2.845043648964861e-10
-1.220150430388951e-10
4.459149722403337e-10
-1.614105859126641e-10
6.26450056038409e-10
-1.805350696744379e-10
7.729791932144419e-10
-1.465291270730615e-10
8.079250748649944e-10
-3.494587918151432e-11
6.632351969555423e-10
1.446898764846401e-10
3.116439861527546e-10
3.515912016275879e-10
-2.682247907651422e-10
5.798687641447033e-10
-1.205431285657922e-09
9.372064744057092e-10
-2.734981244332267e-09
1.529549934999063e-09
1.134995327688333e-08
-1.40849345523868e-08
2.424847583379045e-08
-1.289852259073968e-08
3.848630359601581e-08
-1.423782780324658e-08
5.699704922293967e-08
-1.851074567005511e-08
7.684378220442138e-08
-1.984673303147863e-08
9.567632321599098e-08
-1.883254106317963e-08
1.11061085167971e-07
-1.538476201020591e-08
1.212082196392261e-07
-1.014713453074037e-08
1.261742498463675e-07
-4.966030273121512e-09
1.275023882825605e-07
-1.328138503194905e-09
1.269125538942169e-07
5.898343149038813e-10
1.256234017796088e-07
1.289152040317791e-09
1.243162901701191e-07
1.307111528764924e-09
1.232909066863942e-07
1.025383402240555e-09
1.226434005294094e-07
6.475060690119482e-10
1.223861237729929e-07
2.572766677260654e-10
1.225131959186212e-07
-1.270722408641915e-10
1.230219027523199e-07
-5.087069295800354e-10
1.238951477961917e-07
-8.732451462622588e-10
1.250412007837745e-07
-1.146053090407999e-09
1.261788200303418e-07
-1.13761935566554e-09
1.266596541331732e-07
-4.808342118814822e-10
1.253074526984587e-07
1.352201320012681e-09
1.204360796567592e-07
4.87137292802445e-09
1.104937072985741e-07
9.942372240100732e-09
9.539004186992289e-08
1.510366531326211e-08
7.68362364191721e-08
1.855380533314813e-08
5.717613431516399e-08
1.966010199197645e-08
3.867095977696674e-08
1.850517442811144e-08
2.42306322738662e-08
1.444032740462739e-08
1.080909515882741e-08
1.342153702607393e-08
-3.0289348439363e-09
1.383802993459647e-08
-1.291803909208755e-09
-1.7371309839466e-09
-2.311262228563844e-10
-1.060677711579684e-09
3.754057113153778e-10
-6.065319411645213e-10
6.913892518711555e-10
-3.159835342288527e-10
7.605208152573663e-10
-6.913156689038976e-11
6.190407946984768e-10
1.414800216588031e-10
3.35828510705605e-10
2.832123953122945e-10
3.358285056895009e-10
-8.374839651828694e-11
1.404515128317955e-10
-1.751752437124831e-10
1.581568313492072e-10
-2.366119353675524e-10
1.236352983922152e-10
-2.540601862481268e-10
5.577566377308354e-11
-2.431455504416782e-10
-3.790009018234517e-12
-2.214559237451068e-10
-3.700348308742472e-11
-1.930138166155694e-10
-5.525089784407912e-11
-1.565429105305515e-10
-6.974186340017949e-11
-1.138604271018155e-10
-8.086429416309657e-11
-6.887085627642424e-11
-8.650284597211488e-11
-2.337924561950102e-11
-8.931819561376696e-11
2.490498804751449e-11
-9.678978599157801e-11
8.213159471822938e-11
-1.18052739947442e-10
1.573028796522188e-10
-1.604958516151772e-10
2.606458308392531e-10
-2.253579679441187e-10
3.999481171125556e-10
-3.007128569965376e-10
5.723690325201875e-10
-3.529559708436709e-10
7.499248959996596e-10
-3.240849880177701e-10
8.645306414768748e-10
-1.495516228675096e-10
8.161073346895362e-10
1.931131730078593e-10
5.338004181936743e-10
6.338981074872864e-10
7.681013242589887e-11
1.036859027078258e-09
-2.841740646894285e-10
1.298190648821693e-09
1.106053111523287e-11
1.234315304343042e-09
2.266258711966435e-08
-3.673646117505322e-08
5.605158038711388e-08
-4.628751590423384e-08
9.718462350026437e-08
-5.537087096105531e-08
1.435867957524387e-07
-6.491291797854373e-08
1.918837062440617e-07
-6.814364357742051e-08
2.370532889531584e-07
-6.400212383801562e-08
2.741336973976623e-07
-5.246517051796739e-08
2.992943418598073e-07
-3.530777906743262e-08
3.126914713176503e-07
-1.83631598027028e-08
3.17749063466534e-07
-6.385730735060203e-09
3.182333508328033e-07
1.055468687164921e-10
3.167777274032678e-07
2.744775378720796e-09
3.148771934110014e-07
3.207645433128603e-09
3.132418574662003e-07
2.660719247895028e-09
3.121555031150419e-07
1.733860324320642e-09
3.117034539654334e-07
7.093257102050377e-10
3.118972979661613e-07
-3.209163453916823e-10
3.127150459201967e-07
-1.326454998635874e-09
3.140684939773477e-07
-2.226693315009426e-09
3.156889189799308e-07
-2.766478215523056e-09
3.169058792604211e-07
-2.35457975499831e-09
3.162924084969689e-07
1.326364224906416e-10
3.112966865583935e-07
6.347923133819036e-09
2.982043891736844e-07
1.796367017909419e-08
2.735482136978603e-07
3.459854758773001e-08
2.370810068383156e-07
5.157087203801015e-08
1.924785224272094e-07
6.315628961686225e-08
1.445545822948365e-07
6.758404199414696e-08
9.825334608360711e-08
6.480641052045759e-08
5.700497862104568e-08
5.568869475227607e-08
2.350926214874524e-08
4.691725340206179e-08
2.950593983684551e-10
3.705223260301489e-08
-1.351786546952814e-10
-1.306892987222108e-09
1.725015384689038e-10
-1.368357939696296e-09
6.02275649652204e-10
-1.036306068023749e-09
8.352617305140281e-10
-5.489696276812823e-10
8.105830627360743e-10
-4.445289635306395e-11
6.012139989776638e-10
3.508491133868569e-10
2.950636762706519e-10
5.893626935784655e-10
6.308923095162344e-10
-1.463265956065753e-10
2.867781662586485e-10
-2.611350279684984e-10
2.729653255660673e-10
-2.827160664456803e-10
1.452163964501802e-10
-2.484310808530867e-10
2.149073654183919e-11
-2.157130402378646e-10
-3.650799407338005e-11
-1.932172193166842e-10
-5.949924994114881e-11
-1.648063160701949e-10
-8.366175066616726e-11
-1.255936843839208e-10
-1.089544467113209e-10
-8.275418384145371e-11
-1.237037509335873e-10
-4.241094772831549e-11
-1.268460409562811e-10
-4.490533647669566e-12
-1.272385740768098e-10
3.434183315281358e-11
-1.356221203403256e-10
7.690929564091252e-11
-1.60620176280444e-10
1.247633382181416e-10
-2.083498716040294e-10
1.807808045354707e-10
-2.813754185883943e-10
2.541922321279649e-10
-3.741242727321636e-10
3.648377186089497e-10
-4.636014528123541e-10
5.364844220743085e-10
-4.957316908714321e-10
7.637980350152084e-10
-3.768652427761902e-10
9.637557327401439e-10
-6.844535513285409e-12
1.001006686608113e-09
5.966471351840268e-10
8.983523232266019e-10
1.139513368409308e-09
1.042932763852088e-09
1.153610178564734e-09
1.729652355237814e-09
5.475956800372238e-10
3.220597897262444e-08
-6.721278783269397e-08
7.886409839549641e-08
-9.294563537025356e-08
1.381282224489032e-07
-1.146349950646571e-07
2.045159466019358e-07
-1.313006421842616e-07
2.729329216739753e-07
-1.365606187089233e-07
3.367681335200225e-07
-1.278373357456617e-07
3.891415802554284e-07
-1.048386173215697e-07
4.240552456440212e-07
-7.022144452614951e-08
4.420647222346557e-07
-3.637263646996528e-08
4.489456220051038e-07
-1.326663058387735e-08
4.50268839317807e-07
-1.217670528760893e-09
4.493516587869642e-07
3.661955823187261e-09
4.478523297841566e-07
4.7069743431864e-09
4.464946179890049e-07
4.018430948742619e-09
4.455684306736702e-07
2.660047538958241e-09
4.451699268199625e-07
1.107829461671415e-09
4.453175847916548e-07
-4.685744257091825e-10
4.459874090626801e-07
-1.996279379772333e-09
4.470846103169713e-07
-3.323894685650253e-09
4.483374375514507e-07
-4.019305567625298e-09
4.490637586770479e-07
-3.080901004044741e-09
4.476851756676647e-07
1.511219307657875e-09
4.409856453778021e-07
1.304745329449843e-08
4.234521489060481e-07
3.549716652188844e-08
3.892160655037722e-07
6.883463085756991e-08
3.376024468286207e-07
1.03184490582526e-07
2.74402426848478e-07
1.26356309465152e-07
2.063045378381431e-07
1.356819308771603e-07
1.398185686415485e-07
1.312923795923754e-07
8.006921588297676e-08
1.154380473958384e-07
3.289336051617085e-08
9.409310866319554e-08
1.949421447262319e-09
6.799617158368383e-08
1.250620707655556e-09
-6.080923198719745e-10
1.048281719956324e-09
-1.166019003590248e-09
1.074685235683176e-09
-1.062709619066681e-09
9.70351156386967e-10
-4.446355723230343e-10
7.125159830722789e-10
2.133822390399895e-10
4.241631712367762e-10
6.392019106302203e-10
1.792279469130755e-10
8.342981660937196e-10
8.101202379671109e-10
-2.85516651942789e-10
5.722948587273897e-10
-3.919503491834935e-10
3.793990698295561e-10
-3.028813200966488e-10
5.614741445963622e-11
-2.139234435886264e-10
-6.746709484261148e-11
-1.859161217970335e-10
-6.45152723252832e-11
-1.663201080268944e-10
-7.909522297157157e-11
-1.258024101849678e-10
-1.241794097997197e-10
-7.809286472915949e-11
-1.566639569340671e-10
-3.995102476925708e-11
-1.618455581822891e-10
-1.255322327124103e-11
-1.54243813908583e-10
1.180856366597967e-11
-1.516003354660109e-10
3.913558831734086e-11
-1.629491242340434e-10
6.894552489591098e-11
-1.904300954980928e-10
9.503679219269418e-11
-2.344411268418725e-10
1.104129672920328e-10
-2.967515853174841e-10
1.166156654477016e-10
-3.8032696819597e-10
1.385750756075495e-10
-4.855608641416071e-10
2.416916354587157e-10
-5.988482578069005e-10
5.261883115459653e-10
-6.613619298677016e-10
1.044501267937641e-09
-5.251575089338074e-10
1.644362112143586e-09
-3.213729928768068e-12
1.982804977632488e-09
8.010704759751572e-10
2.036367811200774e-09
1.100047314333717e-09
2.424624956669143e-09
1.593384979599345e-10
3.921308073610041e-08
-1.040012436522277e-07
9.278268567387775e-08
-1.465152403538657e-07
1.625981640540057e-07
-1.844504734938813e-07
2.415138311156073e-07
-2.102163093005084e-07
3.231773642724849e-07
-2.182241519234847e-07
3.997988955045974e-07
-2.044588670408888e-07
4.625374226260851e-07
-1.675771445090746e-07
5.018656083726261e-07
-1.095496303440796e-07
5.192556525240452e-07
-5.376268069558096e-08
5.245038339391101e-07
-1.851481207842885e-08
5.252995225743606e-07
-2.013359246167054e-09
5.248443050418224e-07
4.117173268355844e-09
5.241876477477679e-07
5.363631547250845e-09
5.236218828654066e-07
4.584195735887226e-09
5.232364066669747e-07
3.045523639541679e-09
5.230613217346089e-07
1.282914290953106e-09
5.231045260215734e-07
-5.117788183784906e-10
5.233608330279349e-07
-2.252586496990301e-09
5.238040675140312e-07
-3.767129285097455e-09
5.243536199168847e-07
-4.568858088697482e-09
5.247434850406417e-07
-3.470766248167764e-09
5.239921919977878e-07
2.262512225908647e-09
5.190074587592905e-07
1.803218640697696e-08
5.021651782752296e-07
5.23394468767897e-08
4.635111028755731e-07
1.074887061277709e-07
4.015021314088795e-07
1.651934619181319e-07
3.254514625679865e-07
2.024069781762817e-07
2.439912730181013e-07
2.17142120297883e-07
1.647986999912445e-07
2.104849524942242e-07
9.421332054274234e-08
1.860234267237399e-07
3.982590528304e-08
1.484805238116228e-07
2.656655130099345e-09
1.051654216349731e-07
2.280658366237663e-09
-2.320956429475566e-10
2.132137846079117e-09
-1.017498555091541e-09
1.696578974992941e-09
-6.271508056089443e-10
1.047686883736207e-09
2.042564521452263e-10
5.039267705104708e-10
7.571423367982037e-10
1.876056756118988e-10
9.555230878855468e-10
4.729172295849786e-11
9.746120421298397e-10
8.574122122468338e-10
-5.467331099155348e-10
1.119028013308913e-09
-4.81721154618363e-10
3.143871535565215e-10
-2.350825755100193e-10
-1.904911306191059e-10
-1.809947268618947e-10
-1.215549121259117e-10
-1.897183807712717e-10
-5.579158964164604e-11
-1.405500279779961e-10
-1.282635489815852e-10
-6.419398689893851e-11
-2.005354267731725e-10
-1.288053220562266e-11
-2.07977389750048e-10
5.749709202830179e-12
-1.804757808214652e-10
9.980318905006201e-12
-1.584744074268299e-10
1.687377709449506e-11
-1.584937810268813e-10
3.310841263206953e-11
-1.791837500611081e-10
5.557509235657571e-11
-2.128967694534138e-10
7.355544360519665e-11
-2.524214755105155e-10
7.23596459546503e-11
-2.955557893297527e-10
4.10823786334516e-11
-3.490497059254484e-10
-1.30085440956676e-11
-4.314699509217165e-10
-3.455762564557807e-11
-5.772991892865836e-10
1.337487338729938e-10
-8.296683070182139e-10
7.639815932914926e-10
-1.155390389583773e-09
1.995462963894381e-09
-1.234695126444201e-09
3.238595934698861e-09
-4.420625243497951e-10
3.204662550956355e-09
1.133980663830986e-09
2.149088106836189e-09
1.214912904309239e-09
4.138968053648031e-08
-1.432418361242686e-07
9.705998750178165e-08
-2.021855473650164e-07
1.713776754959442e-07
-2.587681615384553e-07
2.559148595570296e-07
-2.947534934153963e-07
3.439569240504643e-07
-3.062662164752623e-07
4.276399395972261e-07
-2.881418826493483e-07
4.963559743850408e-07
-2.362931793631628e-07
5.344568731016667e-07
-1.476505291303693e-07
5.452812553462667e-07
-6.4587063014391e-08
5.453160873075864e-07
-1.854964411723367e-08
5.445167446180685e-07
-1.214016638591751e-09
5.446051293332293e-07
4.028788468021316e-09
5.451342990975384e-07
4.83446169330314e-09
5.456616482858651e-07
4.056846454652929e-09
5.460126032835913e-07
2.694568544411476e-09
5.461458661921062e-07
1.149651281734375e-09
5.4606157902043e-07
-4.274917518692242e-10
5.457733827640862e-07
-1.964390349058047e-09
5.453276843437803e-07
-3.321430977475564e-09
5.448924639094023e-07
-4.133637770020064e-09
5.449070547902164e-07
-3.485357248481281e-09
5.458467507450144e-07
1.322816149101e-09
5.460924882794147e-07
1.778644874757708e-08
5.357454195562709e-07
6.268651547323371e-08
4.980334244451614e-07
1.452007011102955e-07
4.297514444735008e-07
2.334754417603699e-07
3.464257029607534e-07
2.857327195588812e-07
2.58470085616557e-07
3.05097737512216e-07
1.736679813544509e-07
2.952870566274379e-07
9.866495401510803e-08
2.610264539366151e-07
4.215736229779786e-08
2.04988115406207e-07
2.543048491816354e-09
1.44779735324443e-07
3.42064576496825e-09
-1.109693026429853e-09
3.27754353696927e-09
-8.743964253380401e-10
1.993078041645411e-09
6.573145905309871e-10
7.951056602468152e-10
1.402228774833786e-09
1.862843883972422e-10
1.365963521065988e-09
-6.375461404659152e-12
1.148182870196621e-09
-3.323908450314377e-11
1.001476185378332e-09
8.241731102713021e-10
-7.707893097231952e-10
1.889817328814488e-09
-2.644905946713504e-10
-1.919115451256564e-10
-1.520489491109266e-10
-3.02932758138015e-10
-2.934721389642663e-10
1.986829452563654e-11
-2.398773209362992e-10
-1.09386392474498e-10
-7.263525299945493e-11
-2.955056037642154e-10
3.484743596628839e-11
-3.080181044410237e-10
5.560765757984975e-11
-2.287376023669929e-10
3.664973127111863e-11
-1.615178475925299e-10
1.615870890348268e-11
-1.37983380722396e-10
8.52790414927808e-12
-1.508629742458352e-10
1.578506734311548e-11
-1.864409140763061e-10
3.491242374275225e-11
-2.32024129198561e-10
5.720102853329215e-11
-2.747100867208951e-10
6.604143706245139e-11
-3.043962069896194e-10
4.098342203693674e-11
-3.239917032925138e-10
-3.132164289388612e-11
-3.591649012585964e-10
-1.445677782990872e-10
-4.640530725717121e-10
-2.267583614357695e-10
-7.474777456025979e-10
1.855477278384415e-11
-1.400703549094195e-09
1.266420111594021e-09
-2.482560493722775e-09
3.931115305751647e-09
-3.106757750665421e-09
5.998572341588868e-09
-9.334764073970184e-10
3.356804828964185e-09
3.856680377765915e-09
3.840500237661087e-08
-1.782900337143618e-07
9.307486672287595e-08
-2.56855411757522e-07
1.670666283634843e-07
-3.327599232286931e-07
2.494174203224291e-07
-3.77104285427859e-07
3.346559130061796e-07
-3.915047092160322e-07
4.174343964700299e-07
-3.709203661742361e-07
4.870466894389699e-07
-3.059054723967578e-07
5.180494983198763e-07
-1.786533380799931e-07
5.176715419648382e-07
-6.420910673170567e-08
5.109806568197051e-07
-1.185875904845907e-08
5.091619849031002e-07
6.046551980994094e-10
5.105089393626478e-07
2.681833924569966e-09
5.125372594461131e-07
2.80614152232092e-09
5.142019876135754e-07
2.392118195630621e-09
5.152508040391396e-07
1.645752023613572e-09
5.156662686391663e-07
7.341865824312934e-10
5.1546496760807e-07
-2.261908237154693e-10
5.14656298667616e-07
-1.155721515462595e-09
5.132702287193138e-07
-1.935361139551015e-09
5.115420491979192e-07
-2.405458362568551e-09
5.10477549409897e-07
-2.420857577558219e-09
5.125398612491886e-07
-7.394958102183971e-10
5.195035743671541e-07
1.082273550704785e-08
5.201679862197049e-07
6.202210349602692e-08
4.887977391778581e-07
1.765709480255107e-07
4.188949737049676e-07
3.033782071052008e-07
3.360168994601064e-07
3.686107936738276e-07
2.506740937333665e-07
3.904405431079143e-07
1.683005811177278e-07
3.776605691103196e-07
9.43197659924658e-08
3.350072689284291e-07
3.936438362597561e-08
2.599434976387994e-07
3.846994947381926e-09
1.8029712386942e-07
5.920068627650115e-09
-3.182766836685074e-09
3.749751876945829e-09
1.295920198487224e-09
1.244581621083741e-09
3.162484738471349e-09
1.366231064750016e-10
2.510187172138566e-09
-6.51772819350946e-11
1.567763847647541e-09
-1.883454478936126e-11
1.101840368484148e-09
-4.430233597246507e-12
9.870716886492478e-10
8.197429683378398e-10
2.979196975768357e-10
1.591897665051269e-09
4.085250238413844e-10
-3.025168542411322e-10
-6.304368248143231e-10
7.360290998147729e-10
-6.861644137662448e-10
7.559588946608192e-11
-1.977633372700603e-10
-5.977874651968504e-10
1.022009359953725e-10
-5.954698748564099e-10
1.415405710436624e-10
-3.473577391103935e-10
8.699480453282569e-11
-1.741918369961975e-10
3.625812447369006e-11
-1.107811705709899e-10
7.324056552077346e-12
-1.090493174662796e-10
-5.627102331464408e-12
-1.379118220886913e-10
-5.705286522883307e-12
-1.863627383780282e-10
9.042725016950008e-12
-2.467721514572092e-10
3.90750335476418e-11
-3.04742407887612e-10
7.271563993695038e-11
-3.38036828405582e-10
8.163808265418215e-11
-3.329141631192784e-10
4.029161003673924e-11
-3.178184483138361e-10
-5.537436164064695e-11
-3.683871228432144e-10
-2.357847476762177e-10
-5.670673842787337e-10
-5.664674313609945e-10
-1.070020892624974e-09
-6.314714469589231e-10
-2.417556508296156e-09
1.781675711657741e-09
-5.519904942150725e-09
9.587911268137227e-09
-8.739711999896468e-09
1.666983765735803e-08
-3.225246050318975e-09
3.678257370227473e-08
-1.98402769801414e-07
9.075623356093176e-08
-3.108290716613973e-07
1.589401381046486e-07
-4.009438278211176e-07
2.280592572455269e-07
-4.462234046207748e-07
2.963741041383768e-07
-4.598195561646198e-07
3.64419513337933e-07
-4.389657754330556e-07
4.249555012733127e-07
-3.664414603952281e-07
4.361671337734326e-07
-1.898649706468928e-07
4.27824269237044e-07
-5.586624226590914e-08
4.21099479092257e-07
-5.13396897786252e-09
4.21787748388718e-07
-8.361417636270765e-11
4.247365054347219e-07
-2.669232030928506e-10
4.275588179917962e-07
-1.617112028747254e-11
4.296716905607828e-07
2.792455373714163e-10
4.310046797844064e-07
3.127627068196993e-10
4.315649225991459e-07
1.739436707633496e-10
4.313617674239851e-07
-2.303574929712839e-11
4.303989689497536e-07
-1.929231456384063e-10
4.286752215605562e-07
-2.116138583165498e-10
4.262505373085067e-07
1.92257781155874e-11
4.236680945407554e-07
1.615850757862895e-10
4.232548699034576e-07
-3.262712902716832e-10
4.300990147304038e-07
3.978590560343581e-09
4.3822367496975e-07
5.389744313443087e-08
4.252467567590921e-07
1.895478661120115e-07
3.635086157713128e-07
3.651163479660213e-07
2.945667160456542e-07
4.375526932701881e-07
2.2555764348286e-07
4.59449615537309e-07
1.564890584722879e-07
4.46729153984123e-07
8.93385686300706e-08
4.021577586279228e-07
3.646881830950239e-08
3.128132478132908e-07
1.620014849371811e-08
2.005657935318437e-07
8.772589506354969e-09
4.24479199848294e-09
1.465568778023912e-09
8.602940766300975e-09
-5.432773024499876e-10
5.171330675090162e-09
-3.280777033961071e-10
2.294987432050338e-09
2.17329838143297e-12
1.23751272568991e-09
1.407885340912173e-10
9.632248241649688e-10
1.470522740190694e-10
9.808080135249116e-10
9.667950945313904e-10
6.898674719171074e-09
-5.306777079893293e-09
-2.110619449788847e-10
6.8072198016272e-09
-2.555810130395178e-09
3.080777281547136e-09
-9.636700608272064e-10
-1.516544183963051e-09
1.672461761028562e-10
-1.728703706884363e-09
3.022559086391122e-10
-7.304796134152032e-10
1.521095993269795e-10
-1.972114368625558e-10
4.970272074659798e-11
-7.178496678351103e-11
1.186130704565397e-11
-7.293976629218003e-11
-2.823784870682309e-12
-9.436423633563739e-11
-1.294478576488386e-11
-1.277908330950394e-10
-1.853644391432752e-11
-1.807710935899393e-10
-1.203529945966333e-11
-2.532733104961718e-10
1.614021622478621e-11
-3.329179397508309e-10
6.656622423370747e-11
-3.884628539752846e-10
1.087469824435389e-10
-3.750949406623135e-10
9.283855857665715e-11
-3.019100453796059e-10
4.158311750462979e-11
-3.171317047033087e-10
4.766333004246369e-11
-5.73147621627683e-10
-1.049700083603987e-10
-9.173875813071264e-10
-1.35845005715258e-09
-1.164076488774576e-09
-3.390080921257566e-09
-3.488274109840002e-09
5.267817017642494e-09
-1.739760997302434e-08
6.497226435302362e-08
-6.292969342273292e-08
7.901886629463208e-08
-2.124493717828281e-07
1.230239360906214e-07
-3.548341415002898e-07
1.669228780725339e-07
-4.448427698490755e-07
2.010419743937068e-07
-4.803425009914177e-07
2.251661166824371e-07
-4.839436985062684e-07
2.409068958952897e-07
-4.547065547024632e-07
2.416368646862686e-07
-3.671714292464239e-07
2.714132535596643e-07
-2.196413595841679e-07
2.798833028378282e-07
-6.433629161167186e-08
2.917597054221618e-07
-1.701037163349982e-08
2.945196562137015e-07
-2.843565042906076e-09
2.951763564257148e-07
-9.236234938898712e-10
2.962431391653432e-07
-1.082953942496362e-09
2.974286635014595e-07
-9.062788851404327e-10
2.982785726586728e-07
-5.371465406101977e-10
2.986410846544928e-07
-1.885684190218882e-10
2.98498037411448e-07
1.200113960340014e-10
2.978752897279506e-07
4.298244366069597e-10
2.969281021058748e-07
7.355736589632676e-10
2.961085255693963e-07
8.388022066698335e-10
2.956919003348928e-07
5.782101991751515e-10
2.930610802183204e-07
2.3045487126075e-09
2.808670621023595e-07
1.617260855980922e-08
2.714467561660833e-07
6.331774895199209e-08
2.395956084142873e-07
2.213990137420038e-07
2.36249906237378e-07
3.684620500184363e-07
2.177733861756608e-07
4.560292132024679e-07
1.912533086447358e-07
4.859696929341496e-07
1.559457251136047e-07
4.820367373727649e-07
1.126059043007222e-07
4.454975792915752e-07
7.030759823866267e-08
3.551115537137538e-07
5.974522984238097e-08
2.111281617609388e-07
3.830122017228509e-09
6.015989964005356e-08
-3.481408238805133e-09
1.591447084518948e-08
-1.141669700308683e-09
2.831591949056005e-09
1.676481930630832e-10
9.856693429410121e-10
2.630305281858049e-10
1.142130133344644e-09
1.605191253191212e-10
1.065736002605481e-09
4.486181463185701e-10
6.927085760418416e-10
1.415413139701049e-09
3.013454195950496e-07
9.334780335879671e-08
2.707803731015117e-07
3.737226630209844e-08
2.693747716811603e-07
4.48637869813123e-09
2.690729057033503e-07
-1.214678213467056e-09
2.673612079694061e-07
-1.700598202603003e-11
2.659444971159673e-07
6.862312300405438e-10
2.652311919894476e-07
5.160936787465377e-10
2.649756419238574e-07
1.837650873111166e-10
2.649612845799097e-07
-5.858243466172341e-11
2.650946072755209e-07
-2.276869448098367e-10
2.653335073445538e-07
-3.666909158363075e-10
2.656324024490721e-07
-4.796662124204653e-10
2.659132501084278e-07
-5.341209851110267e-10
2.660350324643872e-07
-4.547003117189941e-10
2.657602624604801e-07
-1.136928672052758e-10
2.647609274974398e-07
6.2424000426119e-10
2.627789395343629e-07
1.680077898201889e-09
2.600321213782063e-07
2.429686430661234e-09
2.574764130936048e-07
1.982560640464957e-09
2.563188304907739e-07
2.401949973326255e-10
2.572614186021076e-07
-2.106664626350409e-09
2.578585349935479e-07
-4.085390529560697e-09
2.511575019418789e-07
-1.069657695205657e-08
2.480630450783946e-07
-5.983523659240397e-08
2.2337849667177e-07
-1.877648234121854e-07
2.27375632213259e-07
-3.588312770806972e-07
2.163723005091627e-07
-4.338394381871518e-07
1.965662934043378e-07
-4.605364939320871e-07
1.659623189579371e-07
-4.533397241089186e-07
1.242169849458298e-07
-4.129612207429907e-07
8.134440163531672e-08
-3.242988459922221e-07
6.757427132393978e-08
-2.058712293328812e-07
5.392897879459391e-09
-2.154918231008849e-09
-3.534409167515435e-09
-8.083064654078916e-09
-1.249178193839738e-09
-5.128796087959204e-09
1.210490750293751e-10
-2.293850837945755e-09
2.227442121090284e-10
-1.184649158616397e-09
8.464320820637864e-11
-7.681779640920742e-10
1.001613177804898e-11
-4.625195508148164e-10
-1.342191934707161e-11
-1.651304582538261e-10
-8.63000851087766e-12
1.152193912638202e-10
4.908225565479515e-11
3.721120749770769e-10
1.792995950521785e-10
6.053562188773308e-10
8.797900175061903e-11
9.30122696052016e-10
-1.270651832508569e-09
1.936840926796086e-09
-3.628215186325775e-09
4.662111956887249e-09
5.020627012236138e-09
7.52376624931176e-09
6.669406241079927e-08
1.644313438497749e-09
7.746865032503417e-08
2.106244257101236e-07
1.151242767436229e-07
3.308064234774607e-07
1.512237969685061e-07
4.199296928502736e-07
1.765110493109801e-07
4.606824404557756e-07
1.91969587326872e-07
4.665781992122018e-07
2.001296823067239e-07
4.37337484153311e-07
1.956522083944263e-07
3.595890274559106e-07
2.179169882808282e-07
1.888633816877435e-07
2.172854179990188e-07
6.07914697245138e-08
2.237025505966233e-07
9.497338038920397e-09
2.240066974011962e-07
2.527444937630202e-09
2.231570545865215e-07
1.835311931865339e-09
2.231000001459003e-07
1.199184244100818e-09
2.234022056047383e-07
7.635300880623883e-10
2.231011776669755e-07
9.937361909236718e-10
4.196025228062304e-10
4.217432347650494e-07
7.160456854821723e-08
4.10338429301464e-07
4.877707174633449e-08
3.967594526395125e-07
1.806535534857335e-08
3.890000471867161e-07
6.544727228792909e-09
3.853081849938668e-07
3.674856200180058e-09
3.835073318628313e-07
2.4870843499518e-09
3.825715488026306e-07
1.451876727629556e-09
3.821299429772555e-07
6.253709009965543e-10
3.820274098780334e-07
4.39506527993479e-11
3.821747633472145e-07
-3.750404260678876e-10
3.825059646344485e-07
-6.978922152084717e-10
3.829466565148036e-07
-9.203581052835615e-10
3.833799906185017e-07
-9.674551014918107e-10
3.83608847397069e-07
-6.8355710350546e-10
3.83313325396858e-07
1.818291193815945e-10
3.819744020445399e-07
1.963163342147736e-09
3.790152070620844e-07
4.639272865480581e-09
3.746371994636363e-07
6.807694012762761e-09
3.702794583790687e-07
6.340301707507975e-09
3.672921599072388e-07
3.2274934500415e-09
3.66918862156726e-07
-1.733366896598166e-09
3.711679153067943e-07
-8.334443702401237e-09
3.837835885319187e-07
-2.331225020206096e-08
3.97629510394159e-07
-7.368115848206507e-08
3.925920676506069e-07
-1.827273806987624e-07
3.400853086743257e-07
-3.063245181375851e-07
2.792331814480606e-07
-3.729873109972355e-07
2.167090394904609e-07
-3.98012352014279e-07
1.518856664166524e-07
-3.885163510784228e-07
8.63321589344803e-08
-3.474077133078168e-07
3.383967767159658e-08
-2.718063647801038e-07
1.608332627213173e-08
-1.88114877987901e-07
9.361951628987559e-09
4.56645635375611e-09
1.683031334366732e-09
-4.041444216933422e-10
-5.333102761090223e-10
-2.912454543598362e-09
-3.244191150052115e-10
-2.502742069082475e-09
-8.523640678116017e-12
-1.500544706852245e-09
4.06845971554323e-11
-8.173862796640979e-10
-7.31263826140803e-12
-4.145223968924502e-10
-4.241469752908362e-11
-1.300284840980398e-10
-4.142569385530227e-11
1.142302989342142e-10
-2.763884822638928e-11
3.58325137409627e-10
-1.044774551107599e-10
6.821947305656901e-10
-4.347633649464043e-10
1.260408507859634e-09
-6.679534098287997e-10
2.170030870691079e-09
1.430061203487182e-09
2.564097240137206e-09
8.795272887237951e-09
1.585544592144969e-10
1.51024297620892e-08
-4.662843545432405e-09
2.765986589164952e-08
1.980669894673056e-07
7.272459705352711e-08
2.857416921978089e-07
1.298574474816146e-07
3.627968422965086e-07
1.863621104169914e-07
4.041777773859614e-07
2.413003424226194e-07
4.116399670581707e-07
2.957078824218023e-07
3.829299439915464e-07
3.431362208637078e-07
3.121606888321067e-07
3.458665727201102e-07
1.861330296316065e-07
3.325416496262119e-07
7.411639259974539e-08
3.2177033620497e-07
2.026865123292764e-08
3.191178541060482e-07
5.179926810307181e-09
3.19606446413181e-07
1.346719367342353e-09
3.206255793329873e-07
1.800509956813634e-10
3.213451396499043e-07
4.39693338687193e-11
3.216317613385021e-07
7.071141128781087e-10
1.145190366329059e-09
4.359201115430633e-07
3.568445705068503e-08
4.541052908626979e-07
3.059189243661351e-08
4.569843389431422e-07
1.518630726478323e-08
4.567487840954784e-07
6.780282069331779e-09
4.569982410904915e-07
3.425399196738435e-09
4.576012041892555e-07
1.884121242528795e-09
4.581555611815765e-07
8.975197265288413e-10
4.586110831596026e-07
1.698489144741069e-10
4.590590203257342e-07
-4.039865217157565e-10
4.595842620177649e-07
-9.002821260744505e-10
4.602298541930592e-07
-1.343484398346634e-09
4.609875094038596e-07
-1.678013323577539e-09
4.617839196402884e-07
-1.763865345415856e-09
4.624545536892176e-07
-1.354191159791537e-09
4.626587762348839e-07
-2.239343392038559e-11
4.615863628411742e-07
3.035576728014325e-09
4.580427424336699e-07
8.182893264492963e-09
4.521727631905767e-07
1.26776732466959e-08
4.465449485572319e-07
1.196811633055169e-08
4.434985133509959e-07
6.273928644762402e-09
4.450669867855249e-07
-3.301840344269178e-09
4.531404782130634e-07
-1.640793514483184e-08
4.675612711382525e-07
-3.773304314435492e-08
4.749942183040429e-07
-8.111410566737344e-08
4.509910584563016e-07
-1.587242208733617e-07
3.892008462579681e-07
-2.445343059646066e-07
3.137977144487163e-07
-2.975841792166515e-07
2.348577711340961e-07
-3.190724087317618e-07
1.575456261734699e-07
-3.11204206153564e-07
8.737751431984433e-08
-2.772396014937033e-07
3.539560713204985e-08
-2.198244576356304e-07
2.288184815468284e-09
-1.550074557186224e-07
5.375608519171522e-09
1.479032598837446e-09
3.764197497639394e-09
1.207266544633679e-09
1.419799397924582e-09
-5.680565031168781e-10
3.089214863292616e-10
-1.391864220700602e-09
2.845485682147286e-11
-1.220078144490532e-09
-2.549162149830477e-11
-7.634398723167692e-10
-6.044922080269521e-11
-3.795648722563517e-10
-8.82872751120787e-11
-1.021905080271114e-10
-1.022242088324875e-10
1.281671510690403e-10
-1.194370822587176e-10
3.755379259984152e-10
-1.318755107809022e-10
6.946330713325515e-10
7.555725019248043e-11
1.052975656198778e-09
1.121217275758214e-09
1.124370751955345e-09
3.402945706064791e-09
2.823687138732041e-10
4.890991386947541e-09
-1.329491320203967e-09
1.532144065652911e-09
-1.303996326206948e-09
2.813328979144207e-08
1.714658436355963e-07
7.085621247098178e-08
2.430187694057642e-07
1.302842446018023e-07
3.03368810045542e-07
1.970554589270585e-07
3.374065629280947e-07
2.666242111210701e-07
3.420712147176573e-07
3.344142947013704e-07
3.151398602448677e-07
3.906284427056458e-07
2.559465406415152e-07
4.120827904200499e-07
1.646786817066692e-07
4.059121442412934e-07
8.028703854851014e-08
3.952235577564153e-07
3.095723747769505e-08
3.90360727251673e-07
1.00427570677275e-08
3.89500221275971e-07
2.207225101225736e-09
3.899924799772406e-07
-3.12208069069998e-10
3.907029354560432e-07
-6.664866037739446e-10
3.915085169137083e-07
-9.846766892206675e-11
3.697616465354605e-10
4.35729893701415e-07
-4.543670432551559e-11
4.664392927084338e-07
-1.175065884019681e-10
4.817495608414931e-07
-1.239608752672441e-10
4.886685768932319e-07
-1.387339873008943e-10
4.922799643626539e-07
-1.859882769418137e-10
4.944448202371572e-07
-2.807346359978144e-10
4.957796238034995e-07
-4.372838432573248e-10
4.966239615346085e-07
-6.744888196337421e-10
4.972299296289824e-07
-1.009954618302428e-09
4.977736250254091e-07
-1.443977524161459e-09
4.983615456497016e-07
-1.931405023491901e-09
4.990364107868716e-07
-2.352878461125621e-09
4.99794540269539e-07
-2.521994827822765e-09
5.006230442439796e-07
-2.182695133746601e-09
5.01404143105606e-07
-8.034922947532524e-10
5.010911672378636e-07
3.348552596397922e-09
4.973313577840237e-07
1.194270271881122e-08
4.898547497578562e-07
2.015428127268917e-08
4.829878185076823e-07
1.883504757981701e-08
4.799262696269536e-07
9.335477523367214e-09
4.824818804965312e-07
-5.857451217322384e-09
4.904843399183775e-07
-2.441039457197575e-08
4.998812707451445e-07
-4.712997397844745e-08
4.965510940505402e-07
-7.778392898262894e-08
4.643646495851411e-07
-1.265377764205806e-07
4.019764471337645e-07
-1.821461035289601e-07
3.245470177493304e-07
-2.201547498512141e-07
2.420535749352758e-07
-2.365789659402511e-07
1.620711256216807e-07
-2.312217568661754e-07
9.141524158506043e-08
-2.065837174871333e-07
3.864977330402243e-08
-1.670589893885905e-07
8.881611594485089e-10
-1.172458436119718e-07
2.46758722932489e-09
-1.003935130665252e-10
3.164705275898107e-09
5.101484519419466e-10
2.28478856237241e-09
3.118601602127265e-10
1.109805216323482e-09
-2.168809288907036e-10
3.726663121736375e-10
-4.829392985070372e-10
4.823026439676054e-11
-4.390038865065842e-10
-7.113609480522616e-11
-2.601985786644667e-10
-1.10926437645188e-10
-6.240023423769188e-11
-1.111337167260963e-10
1.283743578050043e-10
-5.187431715001244e-11
3.162784510631144e-10
1.739696769609924e-10
4.687889989145187e-10
7.717222721492434e-10
4.552229801160171e-10
1.812447434695393e-09
8.364550577996468e-11
2.673547250518123e-09
-5.787311880151556e-10
2.148490081548439e-09
-8.044342403680066e-10
7.4816614552807e-10
9.632751730283625e-11
3.127636673683074e-08
1.409376429465678e-07
7.36886585631624e-08
2.006064774754063e-07
1.31878454341364e-07
2.45179014153054e-07
1.998408118406131e-07
2.694442053022862e-07
2.721328115045941e-07
2.697792149090432e-07
3.419297460588184e-07
2.453429255260182e-07
3.992494020219779e-07
1.986268844885168e-07
4.289980019249683e-07
1.349300815903584e-07
4.345062900727462e-07
7.477875016447241e-08
4.314210518390943e-07
3.40424754651086e-08
4.28723170176893e-07
1.274063850047478e-08
4.275544121054738e-07
3.375982922794539e-09
4.272431548668229e-07
-9.511720180618621e-13
4.27324561829094e-07
-7.478939730830519e-10
4.277253578640413e-07
-4.992641164100094e-10
-1.182907993845552e-10
4.357163939471327e-07
-3.576183058601319e-08
4.664200250329907e-07
-3.082113765112478e-08
4.817087153950195e-07
-1.541265122958316e-08
4.885940414616421e-07
-7.024060050026011e-09
4.921603311044427e-07
-3.752277916716135e-09
4.942609884811749e-07
-2.381392009286656e-09
4.954996335967785e-07
-1.6759289548391e-09
4.962009442719726e-07
-1.375799489755287e-09
4.966037507804673e-07
-1.412761120841547e-09
4.968764620662344e-07
-1.716688802778717e-09
4.97125120847694e-07
-2.180063796909353e-09
4.973937399947198e-07
-2.621497599014959e-09
4.977120664615196e-07
-2.840321284792037e-09
4.982979174558563e-07
-2.768546117451386e-09
4.996236214942241e-07
-2.12919632215907e-09
5.005938758202329e-07
2.378298281699994e-09
4.968732458216126e-07
1.56633327285916e-08
4.870149812897241e-07
3.001254581551183e-08
4.782069471241693e-07
2.764308175554512e-08
4.744151671974563e-07
1.312725745936643e-08
4.769613689628038e-07
-8.403652974772929e-09
4.842365342867792e-07
-3.168555988964498e-08
4.901583146216093e-07
-5.305175430912708e-08
4.794114017034952e-07
-6.703701606274443e-08
4.429875603030473e-07
-9.011393502119169e-08
3.837700883643716e-07
-1.229286315943551e-07
3.111669888929819e-07
-1.475516503872395e-07
2.329833243940234e-07
-1.58395301452192e-07
1.564311490233487e-07
-1.54669581510141e-07
8.788691453526039e-08
-1.380394830175213e-07
3.59557041133652e-08
-1.151277789891085e-07
8.427230228852196e-10
-8.213286254798734e-08
1.723756177004006e-09
-9.814266977547508e-10
2.339916865688514e-09
-1.06012271441199e-10
2.106021771438628e-09
5.457552156372912e-10
1.367760889113106e-09
5.213799105902752e-10
6.667402278418623e-10
2.180813160134612e-10
2.283064935058982e-10
-5.702026538466516e-13
2.022610045263038e-11
-5.21182396423168e-11
-4.627894109978936e-11
4.104749922837315e-12
-1.351702087717596e-11
9.561237706896211e-11
1.424077037068757e-10
1.603536629862291e-10
4.866173231958633e-10
1.245793132343689e-10
1.026976956575783e-09
-8.513672214289807e-11
1.548943915946106e-09
-4.383215248796699e-10
1.648759940374033e-09
-6.785472864743652e-10
1.331481423755047e-09
-4.871558006784652e-10
1.461559188970634e-09
-3.375032884035506e-11
3.035544774760376e-08
1.120437543020458e-07
7.118218216036956e-08
1.597797429689422e-07
1.25796473554462e-07
1.905647226554218e-07
1.89593312978565e-07
2.056473657598899e-07
2.577495063847206e-07
2.016230213672156e-07
3.238143759873816e-07
1.792780557636146e-07
3.791361733560662e-07
1.433050869380859e-07
4.129100610357631e-07
1.011561936987327e-07
4.267093104502705e-07
6.09795005230176e-08
4.307164735295601e-07
3.003531213624249e-08
4.315038978673664e-07
1.195321393724817e-08
4.312319465037616e-07
3.647934007550808e-09
4.307082526450592e-07
5.227423109074864e-10
4.303257038793028e-07
-3.653458927253634e-10
4.303257555992906e-07
-4.993164401846103e-10
-3.671645436185996e-10
4.358604806530184e-07
-7.162231129017085e-08
4.540473951897193e-07
-4.900805219421229e-08
4.568732542744386e-07
-1.823851030677486e-08
4.565499944027944e-07
-6.700800167699647e-09
4.566830023457383e-07
-3.88528584765864e-09
4.571199077482684e-07
-2.81829739895072e-09
4.574236554416947e-07
-1.979676634185412e-09
4.575027825343569e-07
-1.454926567239923e-09
4.574097945480901e-07
-1.319773117964073e-09
4.572059391789404e-07
-1.512833415822631e-09
4.569245863473775e-07
-1.898710946119855e-09
4.565236663023319e-07
-2.220577533674623e-09
4.559043047923372e-07
-2.220959753313686e-09
4.553741948206543e-07
-2.238436123536758e-09
4.56316162392764e-07
-3.071163871255572e-09
4.582239868768725e-07
4.704738208949205e-10
4.548581283566854e-07
1.902919127230481e-08
4.422191983265862e-07
4.265147586882862e-08
4.31609779287795e-07
3.825250081713884e-08
4.270848837537421e-07
1.765215301527022e-08
4.291121741529829e-07
-1.043094335331023e-08
4.358595928593043e-07
-3.843297857697231e-08
4.413304395142549e-07
-5.852260094700269e-08
4.275548984922634e-07
-5.326147502612922e-08
3.913595182804892e-07
-5.391855479743465e-08
3.39165569278056e-07
-7.073468258296834e-08
2.762983691732512e-07
-8.468445027665075e-08
2.078864760571297e-07
-8.99834083337657e-08
1.396433593930195e-07
-8.642646484731539e-08
7.645740374260969e-08
-7.485352737220398e-08
2.797402178612749e-08
-6.664439704160652e-08
1.520794194250408e-09
-5.567963496903612e-08
2.045787622985522e-09
-1.50642014346726e-09
1.768542869332147e-09
1.712324611526024e-10
1.476936927971002e-09
8.373611319286146e-10
1.130382512949174e-09
8.679342966046143e-10
7.357927723750867e-10
6.126710238072759e-10
3.990392451952909e-10
3.361832881293914e-10
1.877156942325644e-10
1.592052715022948e-10
1.098076793794186e-10
8.201272173961742e-11
1.580011339377176e-10
4.741887642945214e-11
3.325277018725619e-10
-1.417295384682192e-11
6.138553981749633e-10
-1.567484346922215e-10
9.082008938456241e-10
-3.794822719472232e-10
1.057827690241325e-09
-5.879483780349911e-10
1.018039354564812e-09
-6.387590101722553e-10
1.037204369128525e-09
-5.063208778536017e-10
1.343488775451435e-09
-3.400348018011878e-10
2.653031121101756e-08
8.68569317940216e-08
6.29202637198298e-08
1.233897903800471e-07
1.106773623935927e-07
1.428076238901999e-07
1.660141323342145e-07
1.503105957136209e-07
2.252616854015586e-07
1.423754681737892e-07
2.836301481525373e-07
1.209095928657408e-07
3.34234112118118e-07
9.27011227965843e-08
3.679331370293297e-07
6.745716859115683e-08
3.856720417822764e-07
4.324059553898237e-08
3.945754400777054e-07
2.113191360996136e-08
3.98560460693878e-07
7.96819306918547e-09
3.995436195154815e-07
2.664774882197253e-09
3.9919435661487e-07
8.720046171184522e-10
3.986036855005757e-07
2.253245115680868e-10
3.983637189247264e-07
-2.593504323537482e-10
-4.647719361325585e-10
4.215318568957263e-07
-9.31541680945099e-08
4.101257244662723e-07
-3.760191971953605e-08
3.964829156867544e-07
-4.595701498697225e-09
3.88621329409722e-07
1.160786134150473e-09
3.847860546517347e-07
-5.001106529713403e-11
3.827729203765081e-07
-8.0516309850993e-10
3.815128424590388e-07
-7.19598690432723e-10
3.805766481664783e-07
-5.187322469119678e-10
3.797367247243642e-07
-4.798496467276614e-10
3.788256749078248e-07
-6.017835685643198e-10
3.776956039329703e-07
-7.686399392281175e-10
3.761507649079399e-07
-6.757384751577666e-10
3.73888487603379e-07
4.131758579526024e-11
3.709258402357706e-07
7.242112797217173e-10
3.689938308149144e-07
-1.139154414106873e-09
3.695056342667084e-07
-4.132959401158147e-11
3.698609378074824e-07
1.867388776850749e-08
3.566544327983604e-07
5.585798091491293e-08
3.468815960173361e-07
4.802533763457093e-08
3.428394181794561e-07
2.169433088886044e-08
3.433103938941969e-07
-1.090191903357788e-08
3.471431553090739e-07
-4.226573995881579e-08
3.50453485290873e-07
-6.183293089776012e-08
3.324953650725078e-07
-3.530335477886574e-08
3.021976768891387e-07
-2.362086658776339e-08
2.636193226024327e-07
-3.215632827268648e-08
2.174356862072504e-07
-3.85008138609836e-08
1.665783784725946e-07
-3.912610058181533e-08
1.155217376749761e-07
-3.53698240358882e-08
6.79890039010071e-08
-2.732079358797356e-08
2.772361617704576e-08
-2.637900931110434e-08
3.667210614334279e-09
-3.162322940356686e-08
1.834022395803505e-09
3.267680739592268e-10
9.984235988339109e-10
1.006831253173406e-09
7.950393777498002e-10
1.040745344221942e-09
7.615015643345532e-10
9.014720975265373e-10
6.624962316773007e-10
7.116763403778499e-10
5.012447284371948e-10
4.974347718678495e-10
3.58911167871797e-10
3.015388093090445e-10
2.952507256850391e-10
1.456731380840548e-10
3.295395424965503e-10
1.313003086798095e-11
4.448325126048127e-10
-1.294659554845386e-10
5.858524885857318e-10
-2.977684448241297e-10
6.714649744062634e-10
-4.650947945178017e-10
6.573861989273531e-10
-5.738696418537066e-10
6.11447002877407e-10
-5.928198562381664e-10
6.586939234106237e-10
-5.535678438306669e-10
7.799579294890972e-10
-4.612988576086506e-10
2.099060195945875e-08
6.664628770851907e-08
5.034902952695364e-08
9.403136274884234e-08
8.800333266891232e-08
1.051533206735408e-07
1.310467239379979e-07
1.072672043547598e-07
1.770325085794233e-07
9.638968342404999e-08
2.23478639385992e-07
7.446346192851332e-08
2.659473338085243e-07
5.023242821930956e-08
2.950461338476824e-07
3.835836837217679e-08
3.114980949700014e-07
2.678863421219411e-08
3.22050025194816e-07
1.057998317340378e-08
3.27879697842061e-07
2.138520177310007e-09
3.303055722539401e-07
2.389001208063706e-10
3.309987593163297e-07
1.788170597311214e-10
3.310434194684593e-07
1.806635055772156e-10
3.310129149462912e-07
-2.288471132960976e-10
-3.381445961605653e-10
3.013059370380923e-07
5.539894831220359e-09
2.706483167849343e-07
-6.944299449677958e-09
2.691802053674517e-07
-3.127590048375181e-09
2.688186875457488e-07
1.522303992675034e-09
2.670136072849344e-07
1.755069234029582e-09
2.654504345281116e-07
7.58009698012313e-10
2.645155846005814e-07
2.152512782100208e-10
2.639301997310922e-07
6.665266501898437e-11
2.63428535424803e-07
2.181470357324592e-11
2.628467231288038e-07
-1.997122718326202e-11
2.620876674339478e-07
-9.584197477317897e-12
2.612344300334996e-07
1.774989733778942e-10
2.605577249819038e-07
7.180226867269408e-10
2.587076256851049e-07
2.57431062669155e-09
2.476777826236694e-07
9.890688698316291e-09
2.20489732137437e-07
2.714672094355637e-08
2.078086648410292e-07
3.13549551165122e-08
2.21186762758868e-07
4.247988304841499e-08
2.276867023214693e-07
4.152539812298047e-08
2.297939771557277e-07
1.958705610475778e-08
2.261931942664888e-07
-7.301136095184891e-09
2.159209164778194e-07
-3.199346212252853e-08
1.935991236179868e-07
-3.951113799193464e-08
1.936595618125698e-07
-3.53637929295783e-08
2.017099849949788e-07
-3.167128972850822e-08
1.839093348664218e-07
-1.435567810509123e-08
1.517341145356458e-07
-6.325593493845718e-09
1.15986355728668e-07
-3.378341741502342e-09
8.21170670578915e-08
-1.500535334838201e-09
5.609602465534284e-08
-1.299751158486497e-09
3.259600765534e-08
-2.878992287500717e-09
6.310917895826346e-09
-5.338139623938921e-09
1.464874170967451e-09
5.172811815453513e-09
4.056819960770726e-10
2.066023441140653e-09
4.102417501304217e-10
1.036185599792679e-09
5.259288605310801e-10
7.857849933334393e-10
5.677536831993676e-10
6.698515206463877e-10
5.353067955733228e-10
5.298816592538415e-10
4.766554097102245e-10
3.601901918978145e-10
4.403892633028627e-10
1.819392782961597e-10
4.469508712156796e-10
6.568413953277981e-12
4.798941732958646e-10
-1.624092692733619e-10
4.967061472677389e-10
-3.145804331489745e-10
4.597805870641741e-10
-4.28169251285628e-10
3.728273177329629e-10
-4.86916392182208e-10
2.792306805680899e-10
-4.992232416946989e-10
2.052351076940764e-10
-4.795722969856638e-10
1.373335954399422e-10
-3.933973759551797e-10
1.457408185318657e-08
5.220953941427903e-08
3.525533127634764e-08
7.335011328093972e-08
6.035860676931408e-08
8.005004512496164e-08
8.731000939701813e-08
8.031580165675074e-08
1.134855931132962e-07
7.021409962003399e-08
1.36436823869628e-07
5.151223106221395e-08
1.521875624616665e-07
3.448168949615674e-08
1.743118127708522e-07
1.623411790433431e-08
2.081717312715955e-07
-7.07128446323305e-09
2.232278765106083e-07
-4.476162276350261e-09
2.274255017582988e-07
-2.059105298055093e-09
2.287763790695339e-07
-1.111977502721008e-09
2.294356480566497e-07
-4.804525998253006e-10
2.297432085732208e-07
-1.268981937179821e-10
2.294591134412485e-07
5.524783511008219e-11
-2.983201864166568e-10
7.036699335748705e-09
-1.496804381741133e-09
-2.085663874101675e-10
3.009663504770042e-10
-2.582570273835531e-09
-7.535861017897443e-10
-9.856153805044377e-10
-7.4650844083284e-11
1.538392943550748e-10
6.156146154289516e-10
2.934613602172111e-10
6.183876892006894e-10
1.455323274821028e-10
3.631803690056029e-10
4.121909838059223e-11
1.709659534800409e-10
-1.713746372458881e-11
8.017132623324704e-11
-9.841655887514494e-11
6.130792987307053e-11
-2.411098956493623e-10
1.33109202314637e-10
-4.547639070510321e-10
3.91153048984027e-10
-7.541738252856264e-10
1.017432670009003e-09
-1.384294504425281e-10
1.958566317751351e-09
8.622058394486376e-09
1.130200919726896e-09
4.208746335713955e-08
-6.318683952362165e-09
6.823954958265607e-08
5.202868957663529e-09
9.265610089452831e-08
1.80633318031091e-08
1.142343128245326e-07
1.994718625893924e-08
1.228592527785861e-07
1.096211621603224e-08
1.174392451615904e-07
-1.881128413998789e-09
9.855085524157328e-08
-1.310507213948625e-08
7.430106277941223e-08
-1.526134546840985e-08
4.495826633718108e-08
-6.020996427624957e-09
1.021225633041527e-08
3.074720335875915e-09
4.925016584086886e-10
-4.635923377547616e-09
-8.182675639111062e-10
-5.014824218467676e-09
-7.038624930789683e-10
-3.492746761721063e-09
1.850680543196846e-10
-2.389465834398715e-09
9.33418224636898e-10
-2.048101283694133e-09
-5.095013124673629e-10
-1.436072708247575e-09
-4.849878659780047e-09
-9.977622373864531e-10
-2.928446357418768e-10
6.157778275957534e-10
4.631972429616192e-10
1.309981595634952e-09
4.452928662237753e-10
1.054090006685664e-09
4.498737818305297e-10
7.812041049438131e-10
4.944763987964165e-10
6.25248927970658e-10
5.229788913982272e-10
5.013791881078054e-10
5.242339627922352e-10
3.589351391607759e-10
5.117520624477045e-10
1.944211945631927e-10
4.943923497639321e-10
2.392813985485077e-11
4.641193056916876e-10
-1.321362146497834e-10
4.03645641687697e-10
-2.541067612775905e-10
3.040340588956317e-10
-3.285576633092745e-10
1.721382420878628e-10
-3.55020573045101e-10
1.585242423461934e-11
-3.429374245298558e-10
-1.686284709318745e-10
-2.950914062812833e-10
-3.633775870846394e-10
-1.986482686522034e-10
8.525545601307836e-09
4.332061621085931e-08
2.078454118227573e-08
6.10911176772656e-08
3.384082242413726e-08
6.699376384950137e-08
4.522056009059512e-08
6.893606394388224e-08
5.155243595399346e-08
6.388222369254836e-08
4.954741761224028e-08
5.351724932231357e-08
4.194516172431437e-08
4.208394527931148e-08
2.21357059735192e-08
3.604357353210798e-08
7.310307647545888e-09
7.754113711534315e-09
1.247193770348126e-09
1.58695144260991e-09
-9.130370114366304e-11
-7.206080144913253e-10
-3.41952194483829e-10
-8.613293148071105e-10
-2.62874680821802e-10
-5.595305793379074e-10
-9.209442693913263e-11
-2.976786740591012e-10
1.707747458427082e-10
-2.076226140309847e-10
-1.275452952418034e-10
3.599538084680855e-10
-1.856758196313518e-09
4.373681012482668e-10
2.235521102417338e-10
-6.334187256676221e-10
3.1720079478815e-10
-6.985726371379548e-10
-9.496858757750589e-12
-2.079693381507058e-10
1.250113917912116e-10
9.501779844873078e-11
3.154006288445872e-10
1.315668726336994e-10
3.266313719861242e-10
5.985315338425079e-11
2.426797507363634e-10
-3.75345731696414e-11
1.775591317547698e-10
-1.602618278289806e-10
1.840352643044954e-10
-3.122857796325508e-10
2.85133234773141e-10
-3.943887482614673e-10
4.73256098896178e-10
5.801892503077219e-11
5.650250786664712e-10
2.148817449322563e-09
-1.322321242616875e-10
5.864700201915206e-09
-2.585681750243642e-09
4.690056594010192e-09
-5.144040261882454e-09
9.029397464150929e-09
8.635281700592321e-10
2.654489839435898e-08
5.47830954956245e-10
4.442993144218265e-08
2.062153292741955e-09
5.216847562270635e-08
3.223572116251174e-09
4.802759222119786e-08
2.259755067419739e-09
3.312962752474394e-08
1.792892635593036e-09
1.624440598546719e-08
1.623876148314511e-09
9.558349353378732e-09
6.650602802868242e-10
8.592853628271355e-09
4.040216135281657e-09
3.329391612037604e-09
6.275387110604769e-10
4.133835841809731e-10
-2.098816120043064e-09
-3.462413134451668e-10
-2.733121795676498e-09
-2.956347580767114e-10
-2.440072323386059e-09
-5.262486409993252e-10
-1.81748733671306e-09
-1.080314417888348e-09
-8.820068695132376e-10
-1.87843151703758e-09
-1.996450788103387e-10
-1.051986795869342e-09
-2.106668364809917e-10
-1.266601826579113e-10
3.846550370315714e-10
2.553095715527792e-10
6.721203046728769e-10
3.749487849876573e-10
6.615649412135046e-10
4.370710181536105e-10
5.631267420573188e-10
4.854610292311025e-10
4.529892217728238e-10
5.130498852209794e-10
3.313463254013064e-10
5.127295973706104e-10
1.947415220727627e-10
4.820664133808626e-10
5.459136090570081e-11
4.18992245592332e-10
-6.906201248230597e-11
3.225759557437026e-10
-1.576904397537339e-10
1.954351621340017e-10
-2.014168408978213e-10
4.044950579501814e-11
-2.000348908142748e-10
-1.44454117050784e-10
-1.58033779177976e-10
-3.569701274318807e-10
-8.257537697548568e-11
-5.575181807041322e-10
1.899798652362415e-12
4.135757290123723e-09
3.862734074852428e-08
1.031530250833786e-08
5.49115724595154e-08
1.547791114572919e-08
6.183115520355253e-08
1.820548303150407e-08
6.620849203640371e-08
1.63287523792663e-08
6.575895430984963e-08
8.484916570843734e-09
6.136108507756557e-08
-4.067714510757491e-10
5.097563323376504e-08
-7.654509503960966e-10
3.640225294306549e-08
3.188466657539056e-09
3.800196006009875e-09
2.139743757136888e-09
2.635674228748226e-09
6.682725335714153e-10
7.508630884645652e-10
-5.970587136806202e-12
-1.870863132273729e-10
-1.584421533327181e-10
-4.070592328177371e-10
-9.477152728575619e-11
-3.613499196767149e-10
-2.736155335247356e-11
-2.750321161322498e-10
-1.549070094396719e-10
-7.504078865287345e-10
-1.106350151639442e-09
-2.384572141246271e-10
-2.883984444210864e-10
-1.366902880845265e-10
2.154339707062936e-10
-2.877075025896288e-10
1.415204541981772e-10
-2.375578891438599e-10
7.486187617562307e-11
-7.271459394516289e-11
1.505574315882975e-10
2.489720098584349e-11
2.290196752626853e-10
1.93558701257199e-11
2.482211801620096e-10
-4.73103217033056e-11
2.442254224371495e-10
-1.228401830904249e-10
2.595652248876435e-10
-1.22627966611074e-10
2.849211176751492e-10
1.356423175862822e-10
2.149859143171235e-10
8.795035277740275e-10
-1.788360319028277e-10
1.80579387639917e-09
-1.058522373211573e-09
1.058861314502049e-09
-1.838749088912015e-09
-3.095094184130751e-09
-9.900846639856627e-10
-9.321801987987841e-10
-1.299385716523673e-09
5.048993283252313e-09
-5.433342428751195e-09
1.247416440639095e-08
-5.363017732836648e-09
1.628648643127573e-08
-5.887498117123063e-10
1.478477841825645e-08
3.761463176337495e-09
8.900392643176063e-09
7.67727850572257e-09
2.974017621241769e-09
7.550251264065744e-09
5.693676262279704e-10
3.069710368075428e-09
3.74442640638961e-09
8.651574464808423e-10
3.400574687280927e-09
9.7139052031456e-10
1.650069367869953e-09
-3.483107120313675e-10
3.502823339559648e-10
-1.43333467450687e-09
-3.759811162065032e-10
-1.713808787604791e-09
-8.447421411659762e-10
-1.348726227593288e-09
-9.997329919583916e-10
-7.270159362605985e-10
-8.973085612582024e-10
-3.020694286159698e-10
-8.431372133949794e-10
-2.648381052231715e-10
-4.305967765253185e-10
-2.788532242031706e-11
-2.565316711586405e-11
2.671767708041293e-10
2.164268059326201e-10
4.1948504182846e-10
3.449566334815268e-10
4.345969861373339e-10
4.192758679888504e-10
3.786700567870065e-10
4.591369452281977e-10
2.914853154169343e-10
4.635890616416958e-10
1.902894705304656e-10
4.294141070374357e-10
8.876637782718368e-11
3.57640593455784e-10
2.711560755894399e-12
2.536111626325248e-10
-5.366095214219377e-11
1.241595878499753e-10
-7.196521224568873e-11
-2.539128123397022e-11
-5.048397112528463e-11
-1.891659549742523e-10
5.740941859582742e-12
-3.506685833996981e-10
7.892729458611636e-11
-4.724200162563423e-10
1.236512702931356e-10
1.614874050209708e-09
3.654004671474632e-08
4.236791828407094e-09
5.228965470737615e-08
5.536751531824102e-09
6.053119551669494e-08
5.361928453635306e-09
6.638331512127784e-08
3.147675977981377e-09
6.797320677848566e-08
-7.292245623663774e-10
6.523798559918031e-08
-3.835016400885912e-09
5.408142503752621e-08
-3.650872621703872e-09
3.62181091192989e-08
-1.743190471939941e-10
3.23642372708387e-10
1.221702861816253e-09
1.23965226504008e-09
9.84116128926696e-10
9.884497679215903e-10
4.400575933788554e-10
3.569721309707294e-10
1.053987606371296e-10
-7.240043172151209e-11
-1.745823715629789e-11
-2.384925935097871e-10
-4.075858897503916e-11
-2.517320858578678e-10
-1.956652744780244e-10
-5.377841297198941e-10
-5.685659828398096e-10
-4.616440230542261e-10
-3.645384511427645e-10
-2.110983163667074e-10
-3.511161959907432e-11
-1.585092898255336e-10
8.893154775918974e-11
-1.700736128433235e-10
8.642631999960277e-11
-1.258350906544218e-10
1.063190302205509e-10
-6.051894924438725e-11
1.637036544436983e-10
-2.75489766932244e-11
2.152513278882054e-10
-2.346945433628669e-11
2.401460200071972e-10
6.238144849541719e-12
2.298577451935574e-10
1.444986384462312e-10
1.466607431627565e-10
4.426903035448262e-10
-8.320563223921053e-11
7.431046852109965e-10
-4.792502954916593e-10
4.837349003251952e-10
-7.991524709025501e-10
-8.593255639158063e-10
-4.95688507777061e-10
-2.359508132079358e-09
5.100980203082021e-10
-1.103181910519216e-09
-2.55571182255035e-09
-7.385758666972826e-10
-5.7979483579097e-09
3.737433485615549e-11
-6.138967820368229e-09
9.963268893545429e-10
-1.547702253123306e-09
1.256575881027455e-09
3.501214297060982e-09
1.141029565294011e-09
7.792824932858155e-09
7.925792703685843e-10
7.898701669679901e-09
-1.460946402343269e-10
4.008384388347419e-09
1.251217285080538e-09
-5.321543698991298e-10
2.111308559740068e-09
1.11299353566141e-10
1.726812525192587e-09
3.618542969828522e-11
7.877283178231593e-10
-4.942503609486078e-10
-7.262290620384032e-11
-8.534574581139524e-10
-5.87846458343652e-10
-8.335025709613213e-10
-7.074099895016587e-10
-6.074523013767029e-10
-6.064185025825902e-10
-4.03060812811379e-10
-5.801334299172157e-10
-2.911230760653986e-10
-4.385431686663643e-10
-1.694754829903748e-10
-1.87272687954612e-10
1.590638961456035e-11
5.061795929580407e-11
1.815944926913656e-10
2.184021204941382e-10
2.668129215142e-10
3.209753768345063e-10
2.760968952203947e-10
3.738439982517162e-10
2.386167867661243e-10
3.842240477482735e-10
1.799095115206853e-10
3.547360238063415e-10
1.18254489763554e-10
2.896457524705552e-10
6.780191731366188e-11
1.966122352408592e-10
3.937264740209211e-11
8.535149313118813e-11
3.92956089406167e-11
-3.289706230123497e-11
6.776466012461668e-11
-1.430112463843128e-10
1.158551979348586e-10
-2.244095908271262e-10
1.603257072342113e-10
-2.601054173252434e-10
1.593471599883413e-10
4.643881796214904e-10
3.581555317591876e-08
1.302684080721299e-09
5.145135885728143e-08
1.113929437862843e-09
6.07199502033951e-08
4.611292794068794e-10
6.703611531357931e-08
-4.556420941366692e-10
6.888997817701724e-08
-9.787978869526677e-10
6.576114140514584e-08
-1.291945162203583e-09
5.439457231839831e-08
-1.965249360180777e-09
3.689141331344109e-08
-9.871625936042967e-10
-6.544443991285808e-10
1.601880009602322e-10
9.23016653304554e-11
6.273159641515865e-10
5.21321808833682e-10
5.438335629886337e-10
4.404545630503082e-10
3.035799303379175e-10
1.678532111442766e-10
1.157071687852148e-10
-5.061994105584737e-11
2.163137264705174e-11
-1.576555996314413e-10
-1.740339078888894e-10
-2.766909571735097e-10
-2.918748317555423e-10
-3.715891488951321e-10
-2.696400954281425e-10
-2.718945653329583e-10
-1.348060525201086e-10
-1.760430787394779e-10
-6.919791580429381e-12
-1.452022176332198e-10
5.558560493103793e-11
-1.264233179447792e-10
8.754027555812603e-11
-8.863975734013868e-11
1.259202378928758e-10
-3.833154870202136e-11
1.649432621841416e-10
2.467788676767385e-11
1.771367263077476e-10
1.216866763876091e-10
1.32849096136979e-10
2.605326231984599e-10
7.814935657289252e-12
3.64829892118656e-10
-1.875027630445672e-10
2.342278971062548e-10
-3.486481636319785e-10
-2.878241220488572e-10
-2.771003160096582e-10
-8.851978688880488e-10
1.016853735787698e-10
-8.01157925363327e-10
4.260582103055851e-10
-8.363239364196474e-10
-2.520545679118579e-09
-2.39092912135846e-09
-4.243343041457813e-09
-4.12729205905644e-09
-4.402604752201682e-09
-4.423346948354083e-09
-1.251647234075699e-09
-3.459386333829609e-09
2.537253811358598e-09
-1.366223243418751e-09
5.699661970695814e-09
2.554099364532739e-10
6.277068617267706e-09
5.657968657112374e-10
3.697997586141148e-09
6.721925916311585e-10
-6.385499693918372e-10
1.121899387644661e-09
-3.384073162556047e-10
1.213232693108747e-09
-5.514775001898324e-11
8.069693666900774e-10
-8.798690885853326e-11
2.255190217173891e-10
-2.720069877587506e-10
-2.08780899280879e-10
-3.992025245777289e-10
-3.939652160747104e-10
-4.222678594296263e-10
-4.179804810764535e-10
-3.790454227262317e-10
-4.042882486343049e-10
-3.048151837699834e-10
-3.511126782111607e-10
-2.226509290234691e-10
-2.237991060700409e-10
-1.114070588049125e-10
-5.618045765408982e-11
1.397596716587783e-11
9.726261067264381e-11
1.133699748885879e-10
2.078127740308946e-10
1.65546852090249e-10
2.707859226820575e-10
1.756437564937863e-10
2.902833814934507e-10
1.604121689125923e-10
2.720255806163398e-10
1.36512404297545e-10
2.231097098474859e-10
1.167178989286414e-10
1.529685051546683e-10
1.095139597645263e-10
7.36251795925171e-11
1.186390388822848e-10
-1.742538621436279e-13
1.415641942347767e-10
-5.167384625089618e-11
1.673548872983594e-10
-6.73148491211894e-11
1.759668026042065e-10
-5.033499197133525e-11
1.423673909937576e-10
6.282679678507627e-11
3.570239146954688e-08
1.272481757105516e-10
5.138693755512104e-08
-4.723171207550214e-10
6.131951556895904e-08
-1.000555036402894e-09
6.756435329141276e-08
-1.131522198828161e-09
6.902094539242607e-08
-5.0443761470833e-10
6.513405686756751e-08
-9.562504169019075e-11
5.398575978454691e-08
-4.358113293117526e-10
3.723159963779802e-08
-6.216120073320809e-10
-4.686436855078086e-10
-2.578628060888557e-10
-2.714474893827774e-10
1.802488688343079e-10
8.321019169025506e-11
3.66531302229923e-10
2.541721678760985e-10
3.256777876561175e-10
2.087068210325728e-10
1.992779520453872e-10
7.578029254670596e-11
8.162180355171309e-11
-3.99995224198141e-11
-9.241180851745173e-11
-1.34509621525746e-10
-1.573651147427424e-10
-2.35000452105146e-10
-1.691491105647794e-10
-2.405021978544403e-10
-1.293041383214109e-10
-1.915246361866595e-10
-5.589718213841122e-11
-1.479371846034306e-10
1.199832405099082e-11
-1.178403488457656e-10
5.744360930484808e-11
-8.027455046936955e-11
8.835460731910357e-11
-2.148965744969818e-11
1.061585351400456e-10
5.945287053599174e-11
9.619436228199221e-11
1.498009676348123e-10
4.250116096092952e-11
2.060285436229349e-10
-4.841248045110721e-11
1.444621682776688e-10
-1.259362298509863e-10
-9.979636059381427e-11
-1.043894788020184e-10
-4.297655229541578e-10
5.286900042805663e-11
-5.377691640786529e-10
2.096891671546828e-10
-2.210939899240753e-10
1.093831869580801e-10
-8.327440028287941e-10
-1.908895516721003e-09
-2.846748456634048e-09
-2.229338439529632e-09
-5.027704656642186e-09
-2.221648405046256e-09
-5.631074869616063e-09
-6.482768750200784e-10
-4.518228931606004e-09
1.424408018798233e-09
-1.966501462541517e-09
3.147934646338283e-09
2.732884418567488e-11
4.283238454982485e-09
8.926293161602565e-10
2.832697258220865e-09
7.05685401650019e-10
-4.516059107224033e-10
6.952890179105316e-10
-3.280107883863909e-10
7.356683278456615e-10
-9.552691537989964e-11
6.158344833412265e-10
3.1847080507957e-11
3.45372959081748e-10
-1.545317960673154e-12
6.480409324795098e-11
-1.186335127363066e-10
-1.29992203948967e-10
-2.274714155197966e-10
-2.295827276133446e-10
-2.79454751924703e-10
-2.613339684135835e-10
-2.730637953713033e-10
-2.515088688787449e-10
-2.324758808626963e-10
-1.958218975645417e-10
-1.670938824958872e-10
-9.929738584846303e-11
-8.254839743318473e-11
1.078648568685446e-11
3.286249627430759e-12
1.053351935141088e-10
7.099828922163452e-11
1.681801767200453e-10
1.12798916510034e-10
1.95781435271478e-10
1.328110513767073e-10
1.918986227630031e-10
1.403953552247346e-10
1.640980206994575e-10
1.445186363772906e-10
1.225709339187058e-10
1.510411786578604e-10
7.973972867559845e-11
1.614703725467461e-10
4.924051090635309e-11
1.720635367115037e-10
4.278543703493508e-11
1.738100816225865e-10
6.376166635526974e-11
1.549906896657294e-10
9.879012428920522e-11
1.073390443919026e-10
-2.082127695698849e-11
3.582200297734782e-08
-2.361488899029985e-10
5.160226526840619e-08
-8.501441377511969e-10
6.19335109115337e-08
-1.228553457499527e-09
6.794276269860915e-08
-1.128676150477703e-09
6.892106816724208e-08
-4.453004231560956e-10
6.4450681215908e-08
6.003552502720633e-12
5.353445588210253e-08
9.781317855970567e-11
3.713979008380917e-08
-1.878010874554595e-10
-1.830293427237843e-10
-2.246005341028996e-10
-2.346479590073488e-10
-3.893862075365204e-11
-1.024516273626465e-10
1.540125070105471e-10
6.122115451866422e-11
2.290028444993854e-10
1.337165735216526e-10
1.929935923225253e-10
1.117895415029787e-10
1.002262733856863e-10
5.276839513178536e-11
7.814489265488474e-12
-6.855540725082495e-11
-8.880948202534624e-11
-1.382831849125625e-10
-9.942112213526157e-11
-1.756095231984588e-10
-9.197759890335991e-11
-1.702779403181182e-10
-6.12285668440531e-11
-1.41377221797893e-10
-1.690219818674368e-11
-1.058812141432793e-10
2.194779573801066e-11
-6.286239589757239e-11
4.53359808031581e-11
-6.60875901493718e-12
4.990508725944323e-11
5.667731588917572e-11
3.29084735952649e-11
1.01142948928753e-10
-1.964288794783934e-12
8.554858551361504e-11
-3.281793663618424e-11
-1.977650663599963e-11
-2.061096012324798e-11
-1.842781333429059e-10
6.011232276479796e-11
-3.035293670882163e-10
1.721204065501481e-10
-3.014354829306718e-10
2.075954530013469e-10
-2.710059721935912e-10
7.895384421356474e-11
-1.211688618372032e-09
-9.682127044785853e-10
-2.778714292996492e-09
-6.623126003164385e-10
-4.284948066656215e-09
-7.15414468225234e-10
-4.695989226530411e-09
-2.372355528899389e-10
-3.776510715605535e-09
5.049296692390151e-10
-1.595162831461117e-09
9.665869232452779e-10
4.328051818736686e-10
2.255270602377552e-09
1.019774445938868e-09
2.245728155165996e-09
7.450595327677262e-10
-1.768908362939616e-10
5.319858065248634e-10
-1.149369000611064e-10
4.588514283761397e-10
-2.239237440252609e-11
4.222087992684571e-10
6.848987367729188e-11
3.341927712305029e-10
8.647087521669473e-11
1.950917365299375e-10
2.046768849786718e-11
4.93319009884536e-11
-8.17114123112758e-11
-6.414330267734124e-11
-1.65979379369671e-10
-1.299436121699522e-10
-2.072633161459636e-10
-1.544911271240152e-10
-2.079281954879958e-10
-1.433037568076592e-10
-1.782810821872458e-10
-9.982973578380767e-11
-1.260222479940194e-10
-3.580896002202702e-11
-6.07343563832347e-11
3.031329191107926e-11
4.876205832501077e-12
8.263926053704996e-11
6.047311465881593e-11
1.13374717408228e-10
1.020757590054649e-10
1.226585249594413e-10
1.311117093781847e-10
1.161130535312734e-10
1.510642663335933e-10
1.026178878375647e-10
1.645364992490004e-10
9.247637975793726e-11
1.716120317419317e-10
9.503888693916324e-11
1.695011764298818e-10
1.151309280252415e-10
1.537181833216513e-10
1.490214199621516e-10
1.21100335759851e-10
1.824482968497081e-10
7.391230108540961e-11
-2.225976437443202e-12
3.600667737873102e-08
-2.835441461750625e-10
5.18835835612389e-08
-7.991316916906622e-10
6.244909857390441e-08
-1.080775643468802e-09
6.822440676209997e-08
-9.728392628079737e-10
6.881313189244366e-08
-4.759047042240935e-10
6.395374676012926e-08
-8.944601156741823e-11
5.314799729026587e-08
1.54573368154543e-10
3.689577080722992e-08
2.399720383453475e-11
-5.245307045794217e-11
-8.117995814812629e-11
-1.294706767086925e-10
-6.298034651388332e-11
-1.206511084333466e-10
3.523931104945707e-11
-3.699839299578001e-11
1.181634032460095e-10
5.079261961320753e-11
1.327289118581702e-10
9.722438565593623e-11
8.08062659984234e-11
1.046910389766234e-10
8.862099574542326e-11
-3.79655851853231e-11
-5.084373872679426e-11
-8.139806610858633e-11
-5.598843093078371e-11
-1.165300870116491e-10
-5.684535728032845e-11
-1.293821734398998e-10
-4.83762584093876e-11
-1.176662679339578e-10
-2.861788320483303e-11
-8.911318863119006e-11
-6.605065437162554e-12
-5.100674121462598e-11
7.229748430145312e-12
-9.552298602057881e-12
8.450856413413946e-12
2.298644442395093e-11
3.699387074035391e-13
2.64694588225881e-11
-5.447098671932702e-12
-1.506591057506321e-11
8.71763358543746e-12
-9.106860504491101e-11
5.539193161130799e-11
-1.551581207808316e-10
1.242020323581114e-10
-1.655071800769365e-10
1.824696564980711e-10
-1.799923749831907e-10
2.220808356913383e-10
-4.060671885568169e-10
3.050288429155754e-10
-1.368174887068002e-09
-6.104823018115057e-12
-2.035695897729707e-09
5.208591308624494e-12
-2.680549258679958e-09
-7.056092771219794e-11
-2.854840817917565e-09
-6.294381532914212e-11
-2.37031776439259e-09
2.040679345905747e-11
-1.689159166125899e-09
2.854285022739359e-10
-2.28083008777242e-10
7.941946225751737e-10
9.091538121090286e-10
1.108491512163608e-09
6.156012295833112e-10
1.166619251300846e-10
4.176660117476954e-10
8.299849770431589e-11
3.268798390089856e-10
6.839397987270606e-11
3.029665347567533e-10
9.240336098845549e-11
2.837873255504985e-10
1.056502693943178e-10
2.306210133490561e-10
7.363418736398687e-11
1.455352117654274e-10
3.374577770729112e-12
5.423351639698622e-11
-7.467749403750722e-11
-1.940262403305126e-11
-1.336269844185096e-10
-6.55496609478102e-11
-1.617809664476619e-10
-8.397837666295796e-11
-1.598521738941874e-10
-7.706683366150295e-11
-1.329335985663384e-10
-5.022682157709247e-11
-8.757417672946842e-11
-1.309665737180969e-11
-3.22537679603151e-11
2.349623087433004e-11
2.388041490802084e-11
5.193864176330243e-11
7.363353409514052e-11
7.001322184006216e-11
1.130373122613113e-10
8.04585223121286e-11
1.406191452901949e-10
8.912806103467238e-11
1.558671361400947e-10
1.025740961046618e-10
1.581661680485589e-10
1.252693172065488e-10
1.468061224651298e-10
1.569189687520769e-10
1.220686942352051e-10
1.911547754629357e-10
8.686468709258733e-11
2.172081803425951e-10
4.785904913380121e-11
3.307099170571357e-11
3.619081471558015e-08
-2.354748743611976e-10
5.215212956990115e-08
-6.447700965170719e-10
6.285839393374568e-08
-8.65788286344563e-10
6.844542508401075e-08
-7.935472193578972e-10
6.874089095368906e-08
-4.496121007509854e-10
6.360981176644462e-08
-1.168374952540169e-10
5.281522281003516e-08
1.219394885299227e-10
3.665699395124543e-08
8.70576705420538e-11
-1.757111763763462e-11
2.005883205750526e-11
-6.247169435999826e-11
-1.453147966302247e-11
-8.606064461070718e-11
6.96369568775432e-12
-5.849340626437621e-11
5.048604856235584e-11
7.270398406032307e-12
7.051829498799496e-11
7.719218473024434e-11
4.802049886704521e-11
1.271893247178157e-10
1.366415394879656e-10
-2.251675577007461e-11
-2.832673395238076e-11
-4.866423878276814e-11
-2.984069466307607e-11
-7.320681422601431e-11
-3.230253302487137e-11
-8.801435971537167e-11
-3.356846623049217e-11
-8.683496890304499e-11
-2.979702956744104e-11
-7.087286071832003e-11
-2.256693225979005e-11
-4.737801043868316e-11
-1.626486392324055e-11
-2.65083303172539e-11
-1.24185898038407e-11
-1.956484796656442e-11
-6.573313861527222e-12
-3.498852501599772e-11
9.976803755383245e-12
-7.014480061109726e-11
4.387413025332754e-11
-1.064054926180451e-10
9.165284038710277e-11
-1.199764852985235e-10
1.377732377375394e-10
-1.02911460054337e-10
1.654048401322773e-10
-4.701193858939792e-11
1.661815195900543e-10
1.355783875502082e-10
1.224387190794157e-10
6.104751403568825e-11
6.842625006642631e-11
2.787448736130953e-11
3.838181543733695e-11
-4.999304971832648e-11
7.306805021614833e-12
-1.609555707110357e-10
4.801890025143237e-11
-3.320344179771324e-10
1.914858345291277e-10
-4.621664504074712e-10
4.155607285159002e-10
-1.825600590433881e-10
5.145884252560619e-10
4.859549445184245e-10
4.399767036500347e-10
3.832818594319953e-10
2.193352064028125e-10
3.195535576772797e-10
1.467269974390425e-10
2.681243940956719e-10
1.19823343232361e-10
2.46711612844288e-10
1.138163442693891e-10
2.417269550208867e-10
1.1063513133981e-10
2.253239031807471e-10
9.00374456034166e-11
1.836190613028973e-10
4.50796279880542e-11
1.231856647062085e-10
-1.424388726928521e-11
6.004615962710519e-11
-7.048726783847311e-11
7.720349854635992e-12
-1.094549442208015e-10
-2.730482069687161e-11
-1.248267905597021e-10
-4.359627984013195e-11
-1.166419268818664e-10
-4.270845727208771e-11
-8.846178767925487e-11
-2.882246159797368e-11
-4.613955359152517e-11
-7.822637333543853e-12
2.880798450000369e-12
1.489611364934163e-11
5.09149880837055e-11
3.644767584206686e-11
9.14859516331424e-11
5.705034774919651e-11
1.200166711326105e-10
7.910926743856327e-11
1.338084099382954e-10
1.053309739218519e-10
1.319446506674896e-10
1.365664668135608e-10
1.155708139349632e-10
1.702582432167547e-10
8.837709762024208e-11
2.005226217513127e-10
5.660048332552886e-11
2.204445923599737e-10
2.793724864782022e-11
5.889594484854385e-11
3.635236352787551e-08
-1.747845884508038e-10
5.238581026319499e-08
-5.030500664955657e-10
6.318665956628669e-08
-6.870852918345819e-10
6.862946045947454e-08
-6.454721942035307e-10
6.869927800178421e-08
-3.92501636393926e-10
6.335684135257252e-08
-9.536209250315201e-11
5.25180834101624e-08
1.086167844982155e-10
3.645301522196677e-08
1.000728969388303e-10
-9.027075681744391e-12
6.811194891773414e-11
-3.051058033757099e-11
3.571140380751454e-11
-5.365992533300242e-11
2.368583365915646e-11
-4.646768164002675e-11
2.836266323978827e-11
2.59373283204014e-12
3.170836737184729e-11
7.384679550798402e-11
2.099582267931092e-11
1.379019262170357e-10
1.576375605909397e-10
-1.365826595944566e-11
-1.466824573220295e-11
-2.888741590875422e-11
-1.461128136455586e-11
-4.386034755214468e-11
-1.732933244958381e-11
-5.531385739731293e-11
-2.211468760995638e-11
-5.934928311229239e-11
-2.576133734911743e-11
-5.556597900530593e-11
-2.634997297552054e-11
-4.857810335516168e-11
-2.325248009769311e-11
-4.57744563148305e-11
-1.522198158682524e-11
-5.307849455712998e-11
7.309749610523633e-13
-7.048528656267013e-11
2.738384163093475e-11
-8.981142297216896e-11
6.320050766430452e-11
-9.818695662632087e-11
1.00028610346472e-10
-8.654429238815509e-11
1.261308052352965e-10
-5.343835555824722e-11
1.32299130784468e-10
-2.100165896781279e-12
1.148435535401282e-10
3.702273674587472e-11
8.331603657613216e-11
2.455013704407948e-11
8.08990670333554e-11
-1.276464720822231e-11
7.56968145132059e-11
-9.571560758505989e-11
9.02579785369137e-11
-1.976117052613715e-10
1.499152098037363e-10
-2.590230251556594e-10
2.52897365874947e-10
-1.782286478909484e-10
3.347665626463345e-10
3.0899652092091e-11
3.054603374353916e-10
2.514129938346401e-10
2.194635751013332e-10
2.759076859321433e-10
1.948407292322344e-10
2.566701296341749e-10
1.659647705087075e-10
2.327324611299726e-10
1.437612308379909e-10
2.185444133308367e-10
1.280046134225018e-10
2.147172115030464e-10
1.144625569757245e-10
2.094277351339533e-10
9.532714795434909e-11
1.903473496628439e-10
6.416024150964158e-11
1.543618352195063e-10
2.174185682338613e-11
1.077190349673132e-10
-2.384423672289163e-11
6.031058255641189e-11
-6.20462603468481e-11
2.028555106197662e-11
-8.480152759533586e-11
-7.771449008784832e-12
-8.858469602603736e-11
-2.228898340615971e-11
-7.394402387445192e-11
-2.397970543131966e-11
-4.444860422584836e-11
-1.525458818821297e-11
-5.844094183954112e-12
7.500137314984582e-13
3.49106074327847e-11
2.136942512129582e-11
7.086675766951336e-11
4.514337982618647e-11
9.62429295378119e-11
7.168507353032243e-11
1.072669247964931e-10
1.008453034161623e-10
1.027846244643033e-10
1.316651595241898e-10
8.47511567058704e-11
1.616744163738538e-10
5.836803456105279e-11
1.869861685961253e-10
3.128892013512135e-11
2.033610961278533e-10
1.156250494023951e-11
7.314030769256454e-11
3.648258449534596e-08
-1.191039380635224e-10
5.257805468262813e-08
-3.938723864632737e-10
6.346142818368627e-08
-5.591449439502657e-10
6.879473318094789e-08
-5.407290815216662e-10
6.86808622998925e-08
-3.366344956768445e-10
6.315274692484039e-08
-5.884634250673744e-11
5.224029541582926e-08
1.199525457373633e-10
3.627421649602715e-08
1.080587210241292e-10
2.866918540917653e-12
9.282375221429886e-11
-1.527543319343548e-11
7.478744211196258e-11
-3.562343006793004e-11
5.136523370512399e-11
-2.304528421907184e-11
2.770859399200654e-11
2.625053301824564e-11
1.09732404993534e-11
9.058224067984854e-11
2.728919300785156e-12
1.461466550385537e-10
1.603665511820668e-10
-8.003200551444153e-12
-6.664783433120979e-12
-1.633433199803697e-11
-6.279861870592845e-12
-2.479999363099172e-11
-8.863380970889772e-12
-3.294636691343297e-11
-1.396802502101876e-11
-3.962235821402905e-11
-1.908505885990947e-11
-4.468924858586045e-11
-2.128279863158376e-11
-5.00667729329648e-11
-1.787467560789783e-11
-5.850839414854125e-11
-6.780084667387902e-12
-7.072860125605659e-11
1.295145309888502e-11
-8.326072903044229e-11
3.991623545300534e-11
-8.934320034505034e-11
6.928324007389282e-11
-8.295349893272265e-11
9.363916505816693e-11
-6.292600145592502e-11
1.061035591498014e-10
-3.447483725678561e-11
1.038482135067601e-10
-1.083547527069748e-11
9.120443439689916e-11
-9.824113443616769e-12
8.230491402849259e-11
-2.008243227755007e-11
9.115762206981359e-11
-5.422919736295574e-11
1.098438134380243e-10
-1.080845834294287e-10
1.441135966022309e-10
-1.503194296052183e-10
1.921502869639711e-10
-1.317783295264595e-10
2.343564962584141e-10
-3.357436169491862e-11
2.365628255830489e-10
7.911480834919841e-11
1.927713988583174e-10
1.479401568169119e-10
1.506384595085773e-10
1.908004123327211e-10
1.519807082289192e-10
2.037499243789675e-10
1.530154950978884e-10
2.021636993955742e-10
1.453476946010705e-10
1.977995296431026e-10
1.323690242912759e-10
1.954673582786803e-10
1.167949715905946e-10
1.926715926524259e-10
9.812315884233797e-11
1.83006984644457e-10
7.382509637977625e-11
1.618931185061527e-10
4.285597101731969e-11
1.299551233441461e-10
8.094007114529322e-12
9.226662207515583e-11
-2.435751040000426e-11
5.535981786494812e-11
-4.789447537208622e-11
2.470196493042014e-11
-5.792659646634416e-11
3.729304056220476e-12
-5.297111844347201e-11
-6.1384664238407e-12
-3.45805919640184e-11
-5.20659403294858e-12
-6.775728182697486e-12
4.939229544532712e-12
2.476501829227407e-11
2.203906400878526e-11
5.376715320313567e-11
4.372896948206952e-11
7.455324930848292e-11
6.786911858065434e-11
8.312699586414427e-11
9.2653395411773e-11
7.800056271762865e-11
1.166485098100402e-10
6.075625210971438e-11
1.38735532929882e-10
3.628121623591324e-11
1.576862908897137e-10
1.233836172116528e-11
1.71278421551885e-10
-2.029431006929841e-12
8.635961985682834e-11
3.656750348647937e-08
-4.852617367951848e-11
5.271294066082838e-08
-2.817996414331611e-10
6.369470183087936e-08
-4.406422927573399e-10
6.89535760073841e-08
-4.477527460120118e-10
6.868797292418975e-08
-2.723263150060507e-10
6.297732066298433e-08
-6.172497149096646e-13
5.196858651995816e-08
1.459181535196542e-10
3.612768126577435e-08
1.24241021031689e-10
2.454423028750453e-11
1.262009106781598e-10
-1.723513314565357e-11
1.142228822850666e-10
-2.364520484662671e-11
7.032293837206067e-11
2.085483996058985e-11
1.913275330453874e-11
7.744089743488683e-11
-1.116253435807001e-11
1.208778142384868e-10
-1.369610284349815e-11
1.486803455488163e-10
1.466706138700103e-10
-4.246556071757129e-12
-2.417943930175596e-12
-8.301283364540949e-12
-2.224825111779947e-12
-1.293769870194721e-11
-4.226656228191411e-12
-1.906515223224482e-11
-7.840263493160996e-12
-2.705154579999954e-11
-1.109835965887922e-11
-3.697290046764865e-11
-1.136114141709415e-11
-4.878274068174853e-11
-6.064536580110304e-12
-6.181237395071948e-11
6.24984325753503e-12
-7.388419005054509e-11
2.502355930530241e-11
-8.125709386276828e-11
4.728942466411336e-11
-8.023103413101078e-11
6.825746091130135e-11
-6.964215031310031e-11
8.305055706420702e-11
-5.253746302225384e-11
8.89991430901713e-11
-3.622892644317752e-11
8.753994385600131e-11
-2.988822940067948e-11
8.486400039133014e-11
-3.68594729693796e-11
8.927641718806413e-11
-5.03560093050796e-11
1.046544151753701e-10
-7.100639055770336e-11
1.304944491769228e-10
-8.865883080504192e-11
1.617662898077262e-10
-8.341818779737014e-11
1.869098959373385e-10
-4.041737133363747e-11
1.913559315684539e-10
2.617175253928717e-11
1.699739537554198e-10
8.016890474427352e-11
1.387744996271795e-10
1.09858354114112e-10
1.209492643676436e-10
1.386584700265902e-10
1.231808482330937e-10
1.602194222760135e-10
1.314548005701085e-10
1.71789390499133e-10
1.33777986040496e-10
1.76286307712726e-10
1.278723685663437e-10
1.77213130795862e-10
1.158684116421565e-10
1.755918432879364e-10
9.974471079725623e-11
1.695330334147732e-10
7.988417155084175e-11
1.562785016309811e-10
5.611076844296158e-11
1.348527970814432e-10
2.951997698633952e-11
1.072220506480325e-10
3.273500424261359e-12
7.752877131303005e-11
-1.820093333681889e-11
5.043958072570651e-11
-3.083714550614506e-11
2.978513026536179e-11
-3.231641067499187e-11
1.790234248395161e-11
-2.269755052258084e-11
1.548929190772029e-11
-4.362428195509053e-12
2.174327281012182e-11
1.851128208831794e-11
3.468545405719663e-11
4.08252115778641e-11
5.159790251382697e-11
5.764103509455334e-11
6.951617038361337e-11
6.520895679731253e-11
8.582762098902103e-11
6.168933532602916e-11
9.903260815626246e-11
4.755148280382534e-11
1.093667665437204e-10
2.594727026535699e-11
1.183901530315434e-10
3.315182632092823e-12
1.266143467027158e-10
-1.025342253282411e-11
1.226589321226975e-10
3.65714590983627e-08
9.230682014896607e-11
5.274329296488789e-08
-7.736283942297469e-11
6.386437167783025e-08
-2.310747431513027e-10
6.910728809361473e-08
-2.880724004859509e-10
6.874497076036787e-08
-1.642024179170461e-10
6.285345085674164e-08
9.770201180453157e-11
5.17066822669097e-08
1.596007569828755e-10
3.606578270010179e-08
1.691052200585332e-10
1.503995325751228e-11
2.033735944007989e-10
-5.15033129054036e-11
1.578076637447188e-10
2.192092624354874e-11
5.887642515904264e-11
1.197862791097357e-10
-2.116868229758406e-11
1.574861831594006e-10
-4.932290403477929e-11
1.490321697144244e-10
-3.376801617106506e-11
1.331257973280836e-10
1.129026978530723e-10
-1.813684616330076e-12
-6.039971915739734e-13
-3.320162643658054e-12
-7.180353288400771e-13
-5.851917648982204e-12
-1.694580317292146e-12
-1.080059776418881e-11
-2.891260839465569e-12
-1.898110583927315e-11
-2.917530212512093e-12
-3.03307982758791e-11
-1.112998366106464e-14
-4.372979743560129e-11
7.334778448454232e-12
-5.700200228234219e-11
1.952236041266275e-11
-6.724584344350287e-11
3.526770884660288e-11
-7.171802682609305e-11
5.176191233766935e-11
-6.915384523347915e-11
6.56935794050936e-11
-6.086113415183456e-11
7.475814194149779e-11
-5.083032149481556e-11
7.896862237958174e-11
-4.438273314797103e-11
8.10926437468932e-11
-4.512396078116415e-11
8.560551286610196e-11
-5.193109058939425e-11
9.608382893801781e-11
-6.044205573398724e-11
1.131656598183508e-10
-6.476156019833918e-11
1.348142313144312e-10
-5.69049709994328e-11
1.539099769796805e-10
-3.106726712361096e-11
1.610724677642741e-10
8.939216419090473e-12
1.513497235572616e-10
4.850372641224994e-11
1.304097196499717e-10
7.577936445318552e-11
1.114991382098519e-10
9.329903819004521e-11
1.034298683013941e-10
1.109339930369249e-10
1.05546172295839e-10
1.292351033760247e-10
1.13153970403334e-10
1.440377327215626e-10
1.189756381000827e-10
1.532090976558589e-10
1.187012859881155e-10
1.571695412611293e-10
1.11908251098209e-10
1.569553140461257e-10
9.995922122931248e-11
1.527019136791361e-10
8.413785487054291e-11
1.436121922423809e-10
6.520077183360512e-11
1.290953644669038e-10
4.403708518834605e-11
1.099214536899241e-10
2.244768929182742e-11
8.848398166500749e-11
3.236813883188361e-12
6.812701235673183e-11
-1.047990466467343e-11
5.209820700984212e-11
-1.628733797125672e-11
4.268101210502561e-11
-1.328009305476142e-11
4.072997713474111e-11
-2.411135862177368e-12
4.559583122856728e-11
1.364567977661454e-11
5.535678673257296e-11
3.106450202078403e-11
6.724278846137095e-11
4.575527339381067e-11
7.813534779473656e-11
5.431663147741505e-11
8.514459806683444e-11
5.468031327484402e-11
8.645205155820404e-11
4.624425175258949e-11
8.248522700731249e-11
2.991431192032122e-11
7.664566042967384e-11
9.154960940959599e-12
7.360067179185076e-11
-7.208227062787724e-12
2.284607857382648e-10
3.641659918607719e-08
4.085807974754945e-10
5.256317315006925e-08
3.903303716768505e-10
6.388262229546072e-08
2.702319252380204e-10
6.922738672745126e-08
9.944872003120036e-11
6.891575414883702e-08
3.307611646373116e-11
6.291982364133293e-08
2.041022556824994e-10
5.153565630838055e-08
1.465069346197275e-10
3.612337820473181e-08
3.261414323434232e-10
-1.645943549888972e-10
3.398798549435653e-10
-6.524153686396133e-11
1.667163993785629e-10
1.950845872269515e-10
-8.209051332028403e-12
2.947119229977683e-10
-9.568042403615773e-11
2.449577406922307e-10
-1.012642688577292e-10
1.546162717200359e-10
-5.69852581309196e-11
8.884697422813528e-11
5.59175752297153e-11
-3.249498338680956e-13
-2.787106302893088e-13
-3.51847132457353e-13
-6.907934815940768e-13
-1.634710653366924e-12
-4.113783356700564e-13
-5.568238103762096e-12
1.042602799078269e-12
-1.288856446193795e-11
4.403130700956305e-12
-2.332410049724981e-11
1.042473850625282e-11
-3.545735442107162e-11
1.946836252346074e-11
-4.700263652879231e-11
3.106796986570643e-11
-5.552766873074199e-11
4.37930654949669e-11
-5.941332127270506e-11
5.564788612335294e-11
-5.864977433349253e-11
6.493035058505803e-11
-5.503087676390748e-11
7.113955928084538e-11
-5.147643627937342e-11
7.541449384167388e-11
-5.051709175061383e-11
8.013360832350338e-11
-5.258284262460321e-11
8.767157039678999e-11
-5.548236513054718e-11
9.898365594305481e-11
-5.531302486056645e-11
1.129966223689329e-10
-4.699028297582658e-11
1.264917909680416e-10
-2.73664978488829e-11
1.342864925840703e-10
1.543874893238664e-12
1.321623953627209e-10
3.216682635794656e-11
1.207270724048831e-10
5.64644769010176e-11
1.061123697353892e-10
7.25173680783657e-11
9.544654812782005e-11
8.415905772905111e-11
9.178848040943538e-11
9.55329726093985e-11
9.417255971122724e-11
1.083814438143699e-10
1.003058020363639e-10
1.208685490178407e-10
1.064888358605507e-10
1.303676736693951e-10
1.09202464237213e-10
1.3556533480071e-10
1.067108921382614e-10
1.364862592408456e-10
9.903859788142136e-11
1.335846816416872e-10
8.703973165355972e-11
1.271167776815927e-10
7.166897262008237e-11
1.172557438427859e-10
5.389841261657736e-11
1.046499933004732e-10
3.505372971196006e-11
9.081837846696479e-11
1.706871407183758e-11
7.801034095439115e-11
2.328413251930381e-12
6.859460319488863e-11
-6.871325396659167e-12
6.430303730051403e-11
-8.988258257783602e-12
6.565101950982814e-11
-3.758855467713522e-12
7.172513134213543e-11
7.571824070199535e-12
8.039329472273264e-11
2.239658820229158e-11
8.883842685398492e-11
3.73103842375288e-11
9.414506317613331e-11
4.901023176639809e-11
9.365700308028716e-11
5.516860371948162e-11
8.52180701296731e-11
5.468340926091304e-11
6.804661442104296e-11
4.708598651759218e-11
4.49135842332761e-11
3.228820490312998e-11
2.44128128559021e-11
1.329275291967781e-11
4.85118352598558e-10
3.59558938501795e-08
1.078451350796393e-09
5.196984035068371e-08
1.426831650853004e-09
6.353424218956087e-08
1.471137615716554e-09
6.918308095193237e-08
1.122968564864081e-09
6.926392338523403e-08
5.342309984372786e-10
6.350856139047038e-08
2.891537927328828e-10
5.17807336965829e-08
4.288194334368597e-10
3.598371274909672e-08
7.369150175107225e-10
-4.726897481253195e-10
4.201901480872913e-10
2.514835318541984e-10
5.634290760533009e-11
5.589320328751047e-10
-1.169198526803568e-10
4.679748855172962e-10
-1.656996263433191e-10
2.937377020321624e-10
-1.512090919395806e-10
1.401259075534553e-10
-8.477762219247237e-11
2.241577968636147e-11
-2.885991761104769e-11
5.418888823670624e-13
-8.203509868600348e-13
1.404326009467592e-12
-1.552908937871863e-12
1.069958367178667e-12
-7.66722611239164e-14
-1.657162630169481e-12
3.770066725665918e-12
-7.322875673714536e-12
1.006918709108807e-11
-1.560018158082927e-11
1.870238726629256e-11
-2.528407783765689e-11
2.915260028304875e-11
-3.463739028927901e-11
4.042162248337604e-11
-4.203237239516011e-11
5.118838595897928e-11
-4.661770778467676e-11
6.023355823344583e-11
-4.866090812113848e-11
6.69738857257795e-11
-4.933367954797571e-11
7.181266386429277e-11
-4.995669439514203e-11
7.603784010157113e-11
-5.102703915400106e-11
8.120428308882075e-11
-5.161711042019025e-11
8.826197033150354e-11
-4.95567224617947e-11
9.69235956714255e-11
-4.210900553337096e-11
1.055492323344741e-10
-2.710948582344217e-11
1.114925976607431e-10
-5.062480548377801e-12
1.122398134621287e-10
1.997642569913498e-11
1.071238151778944e-10
4.238139160087428e-11
9.832243269135785e-11
5.874419508858476e-11
8.974989250001211e-11
6.963624505321408e-11
8.455482459858866e-11
7.768025602278286e-11
8.374479572836388e-11
8.512600510112612e-11
8.672713675127156e-11
9.32932355227697e-11
9.21388969625834e-11
1.017953915339975e-10
9.798700425042401e-11
1.090626436286716e-10
1.019355347726455e-10
1.136444646106469e-10
1.021293917116086e-10
1.149472772821754e-10
9.773610273121815e-11
1.131413759083352e-10
8.884594713554024e-11
1.087402653924774e-10
7.607039285223511e-11
1.023631586779218e-10
6.027582426706797e-11
9.481822189755545e-11
4.25989657713307e-11
8.729564178901332e-11
2.459158747069517e-11
8.137405532070544e-11
8.2502863519206e-12
7.870344715906143e-11
-4.200437483939855e-12
8.045052647604572e-11
-1.073506509346908e-11
8.672904690380328e-11
-1.003711076286261e-11
9.626810013199066e-11
-1.966971445999072e-12
1.065319446266094e-10
1.213299407212787e-11
1.143642765824479e-10
2.94782955446659e-11
1.169099054003575e-10
4.646483931070824e-11
1.121748563233573e-10
5.990388276898884e-11
9.865955002407717e-11
6.819893940035699e-11
7.472247501674078e-11
7.102327987260318e-11
4.026867655828078e-11
6.674221637753837e-11
3.459830633644905e-12
5.010180706138303e-11
1.003915411006849e-09
3.495543847308222e-08
2.345951640282947e-09
5.06278043201087e-08
3.496638302943058e-09
6.238355572072682e-08
4.124854738981042e-09
6.855486470535491e-08
3.828892165577277e-09
6.955988614395302e-08
2.500311768366262e-09
6.483714197045729e-08
1.163530916424711e-09
5.311751473096489e-08
2.350549252482002e-09
3.479669459806177e-08
1.189794827222007e-09
6.880648676820925e-10
1.226337122626254e-10
1.318644846355967e-09
-1.619916930565908e-10
8.435576447059256e-10
-1.584588951744588e-10
4.644422862428375e-10
-1.660664772464674e-10
3.013454682686037e-10
-1.84627852673082e-10
1.586875095477633e-10
-1.321949506154404e-10
-3.0016870147508e-11
-1.610547619029593e-10
1.024880660829512e-12
-1.844854540470236e-12
2.458651871851714e-12
-2.986315536888536e-12
2.98193750413365e-12
-5.996054622263821e-13
1.638784421987045e-12
5.113569467233985e-12
-1.993683285523513e-12
1.370200418452596e-11
-7.705636242957634e-12
2.441468931174404e-11
-1.472112739259684e-11
3.616844063464964e-11
-2.197582913425607e-11
4.767667308008894e-11
-2.852547856732205e-11
5.773838423998934e-11
-3.388542990889969e-11
6.559385802202133e-11
-3.8095281537936e-11
7.118408575890973e-11
-4.143795847339506e-11
7.515568888833296e-11
-4.39497973626954e-11
7.855002711231562e-11
-4.502223873045523e-11
8.227707246365057e-11
-4.337921781830674e-11
8.661929760265816e-11
-3.746753153540504e-11
9.10122577035144e-11
-2.61231947388026e-11
9.420524415527741e-11
-9.46258534330924e-12
9.483233719810668e-11
1.047803510640994e-11
9.22995422445031e-11
3.022260376064547e-11
8.737959606819511e-11
4.658362067351119e-11
8.19617653767025e-11
5.83017623423328e-11
7.803210044092804e-11
6.610574780925039e-11
7.675118822475118e-11
7.153820727110017e-11
7.831268470786605e-11
7.600832533541007e-11
8.225736569216181e-11
8.046335456689247e-11
8.768421306192711e-11
8.510714253906233e-11
9.334355895001307e-11
8.935894810452252e-11
9.768406889854631e-11
9.232864549310707e-11
9.91600299414801e-11
9.340342497299831e-11
9.666165443614281e-11
9.251232693763754e-11
8.973737083799725e-11
9.004457132034085e-11
7.85384682780689e-11
8.665828754086506e-11
6.366242104122362e-11
8.318293583620232e-11
4.607462339484801e-11
8.063419527051715e-11
2.714062615917013e-11
8.021272530067283e-11
8.672046512190842e-12
8.314383659650698e-11
-7.131266934237274e-12
9.030765972068488e-11
-1.789861470060223e-11
1.017301191255621e-10
-2.145930505271431e-11
1.161106752544285e-10
-1.634727068939537e-11
1.306598996439025e-10
-2.415981403158528e-12
1.415750273817271e-10
1.856340905329735e-11
1.453089004223533e-10
4.273120038869784e-11
1.401292215549501e-10
6.50837890039402e-11
1.265339321425631e-10
8.179445013834281e-11
1.053332775714364e-10
9.222415006110548e-11
7.561617543691247e-11
9.645952909288238e-11
3.990914651566282e-11
8.580904162154697e-11
1.876058603802044e-09
3.311928921690965e-08
4.43603396648679e-09
4.80678291538081e-08
7.125674226572284e-09
5.969391565259827e-08
9.357357712911003e-09
6.632318140639144e-08
1.043910358142893e-08
6.847814045902027e-08
9.867017775397522e-09
6.540922795748376e-08
8.238165134207021e-09
5.474636755300216e-08
8.741238675758743e-09
3.429362123970082e-08
4.569550511191747e-10
8.972348681637655e-09
-5.344569392246131e-10
2.310057035051355e-09
-1.731558994160047e-10
4.822568093801898e-10
-2.892008888003497e-11
3.202066750308636e-10
-8.150753882670558e-11
3.539331113080664e-10
-1.742188289194676e-10
2.513990035471745e-10
-2.13373504917204e-10
9.138018172253551e-12
-3.744281070373281e-10
1.226551471671812e-12
-3.071185168080904e-12
2.970873870357913e-12
-4.730322918943336e-12
4.191853415654501e-12
-1.820245647221479e-12
4.157016102399788e-12
5.14875348237738e-12
2.499318844614399e-12
1.536005065274319e-11
-7.467203929749918e-13
2.766107962810453e-11
-5.212393844293899e-12
4.063446632181988e-11
-1.036696196540134e-11
5.283159507129478e-11
-1.572193776406906e-11
6.309371510061819e-11
-2.094519292100004e-11
7.081746995086141e-11
-2.579819414295752e-11
7.603744507447766e-11
-2.99259716983418e-11
7.928382630047779e-11
-3.264990064207068e-11
8.12743173469347e-11
-3.294383811405502e-11
8.257137296483634e-11
-2.967449980745401e-11
8.335032378954383e-11
-2.203851771945921e-11
8.337664168095601e-11
-1.005659718538977e-11
8.222369101800441e-11
5.09314496209391e-12
7.968296363687434e-11
2.125052213179948e-11
7.614253461054386e-11
3.603549923499444e-11
7.259498902385921e-11
4.779437433429833e-11
7.020326058843403e-11
5.605789739634362e-11
6.976894722697784e-11
6.128899737576164e-11
7.152045730776426e-11
6.436573188186491e-11
7.523631750806504e-11
6.621798592576423e-11
8.040547682314199e-11
6.761760052765384e-11
8.628496034771241e-11
6.903804608515827e-11
9.192347158688746e-11
7.054207092913555e-11
9.618039731462111e-11
7.186067936537497e-11
9.784176943368731e-11
7.266288509879904e-11
9.585979009198643e-11
7.281514319358948e-11
8.958544725603211e-11
7.247978988488938e-11
7.887414816942401e-11
7.207068959555264e-11
6.407183975680434e-11
7.217831312211399e-11
4.596730934348599e-11
7.354396163888012e-11
2.577527809175239e-11
7.706636044934182e-11
5.149938662341488e-12
8.375124098946806e-11
-1.381586590599722e-11
9.450880125512824e-11
-2.865590288970431e-11
1.097517084924211e-10
-3.670194944091719e-11
1.288234797854403e-10
-3.541878810755805e-11
1.494185001550513e-10
-2.301075646858686e-11
1.674028365707767e-10
5.793099276579262e-13
1.777420599998605e-10
3.239220672457031e-11
1.770833015783506e-10
6.574277042567206e-11
1.670221562183257e-10
9.185581221797695e-11
1.544025316616434e-10
1.04843985851403e-10
1.452293221762621e-10
1.056329446496025e-10
1.380082505814148e-10
9.30303147133479e-11
3.052428428869241e-09
3.020486923550603e-08
7.26068508814204e-09
4.385957268715659e-08
1.226243962578073e-08
5.469216130307688e-08
1.740579788160428e-08
6.117982333456978e-08
2.205777747354453e-08
6.38261610473416e-08
2.556280643876127e-08
6.190419917040665e-08
2.635001102921632e-08
5.395916314039813e-08
2.986485752917708e-08
3.077877492064559e-08
2.799317747436378e-08
1.084402892371341e-08
2.512138385776582e-08
5.181850847998502e-09
2.012365592684915e-08
5.479984944930203e-09
1.456326961723556e-08
5.880593186549389e-09
9.383411197370331e-09
5.53379171263119e-09
5.117028207584969e-09
4.517782190337268e-09
1.958855372039835e-09
3.167311172976286e-09
1.584427343596345e-09
1.102673246307206e-12
-4.173458816352472e-12
2.771358768653813e-12
-6.398642406372978e-12
4.277762049251314e-12
-3.32630097215155e-12
5.109676940288711e-12
4.317183494891536e-12
4.984432166967535e-12
1.548564158303585e-11
3.862651395031875e-12
2.878320835905627e-11
1.885888641268549e-12
4.261157984138489e-11
-7.44986211968817e-13
5.546282319616055e-11
-3.86828028190739e-12
6.621736567971908e-11
-7.347082556007532e-12
7.42966315754294e-11
-1.093230090350187e-11
7.962302618862143e-11
-1.409857234932697e-11
8.245046350912602e-11
-1.599241586025478e-11
8.316852998488131e-11
-1.558162677992307e-11
8.216095594314789e-11
-1.198625558029992e-11
7.975532768449381e-11
-4.873336944560868e-12
7.626410072634643e-11
5.259379801815145e-12
7.20913543363396e-11
1.710284784481147e-11
6.783987756612189e-11
2.89388694355901e-11
6.430689636932397e-11
3.923032910535133e-11
6.23039135706243e-11
4.70469185374757e-11
6.238705539748845e-11
5.212636892261428e-11
6.468988056309492e-11
5.469380913326047e-11
6.895339919528365e-11
5.527281175983447e-11
7.465769479262334e-11
5.455678267043638e-11
8.112188235720535e-11
5.329383047206105e-11
8.754828496938593e-11
5.216809893274888e-11
9.304957018121558e-11
5.16654935327346e-11
9.668336389802722e-11
5.19935737783978e-11
9.751404320618867e-11
5.312882858885475e-11
9.472488173043794e-11
5.495311786392481e-11
8.776149573906422e-11
5.737607916486044e-11
7.645151567766783e-11
6.039080004208166e-11
6.105743789090819e-11
6.409673645200581e-11
4.226168206859312e-11
6.875103742026425e-11
2.112127587565662e-11
7.486089997965897e-11
-9.596354117286249e-13
8.325857247171826e-11
-2.221326031498884e-11
9.506271533666838e-11
-4.04597777700883e-11
1.114337169223644e-10
-5.307269291733149e-11
1.33048099947579e-10
-5.703292243833648e-11
1.59249941158021e-10
-4.921235786375773e-11
1.870106587579132e-10
-2.718117617131904e-11
2.104023136595039e-10
9.000775773308313e-12
2.222796854429283e-10
5.386561563564658e-11
2.199875504697458e-10
9.414815808682213e-11
2.129601215968558e-10
1.118716200174689e-10
2.211029154126809e-10
9.74903512648838e-11
2.51522629689138e-10
6.261079622210825e-11
4.261193421342226e-09
2.619519863543455e-08
1.014915614603784e-08
3.797161014972323e-08
1.756713198232441e-08
4.72741856499975e-08
2.586392553328154e-08
5.288302996272832e-08
3.460174543239234e-08
5.508834132413384e-08
4.324614278144718e-08
5.325980199501362e-08
5.059268208985515e-08
4.661262400607296e-08
5.010127575031168e-08
3.127018143767951e-08
4.388901258200833e-08
1.705629227636854e-08
3.622064304391469e-08
1.285022058107136e-08
2.843160495359048e-08
1.326902323832194e-08
2.053159492682575e-08
1.378060340949046e-08
1.29828342624864e-08
1.308255257656244e-08
6.452297458540538e-09
1.104831923422499e-08
1.798871553458391e-09
7.820737230745388e-09
3.383299089479703e-09
4.949185821367557e-13
-4.668198339870163e-12
1.451241906411298e-12
-7.354675274655212e-12
2.473479648184664e-12
-4.348217552428528e-12
3.320102220313005e-12
3.470891979296406e-12
3.959046458527704e-12
1.484703276894637e-11
4.539626008443131e-12
2.820296831369095e-11
5.242399260738775e-12
4.190914964752888e-11
6.084885509382567e-12
5.462068441750873e-11
6.846328772078526e-12
6.545627396660125e-11
7.199260658274207e-12
7.394405605778055e-11
6.968635977303396e-12
7.985401163910744e-11
6.346912220241449e-12
8.307255292358198e-11
5.932419521521743e-12
8.35833927215473e-11
6.560749150706221e-12
8.153300090447439e-11
8.988998949141146e-12
7.732745643760818e-11
1.35533067722824e-11
7.170017523287918e-11
1.99572780695572e-11
6.568776847789317e-11
2.732362284901006e-11
6.04739207856185e-11
3.450083626490715e-11
5.713007277946819e-11
4.044273144756636e-11
5.636240915295401e-11
4.444853002377736e-11
5.838164774964487e-11
4.621106661793723e-11
6.292773389654008e-11
4.577960689757509e-11
6.938524705738856e-11
4.352931020879505e-11
7.690837649248921e-11
4.012613768459254e-11
8.452543601056816e-11
3.644285663389319e-11
9.12319418588331e-11
3.341398089114518e-11
9.607881580447092e-11
3.18534997671614e-11
9.824420759811669e-11
3.229556588814307e-11
9.707233182396158e-11
3.492383607627847e-11
9.209695727793247e-11
3.959404550586085e-11
8.309162268862211e-11
4.590199651774946e-11
7.014389079917361e-11
5.327116771091001e-11
5.368858244172186e-11
6.108400088669873e-11
3.444915369780046e-11
6.888423873250468e-11
1.332133197232221e-11
7.662830297950565e-11
-8.703416764276461e-12
8.491023539443878e-11
-3.049492059775552e-11
9.506789176080497e-11
-5.061717260050177e-11
1.090953752727658e-10
-6.709992502616898e-11
1.292957889640597e-10
-7.723309438352337e-11
1.575476783521757e-10
-7.746401457169483e-11
1.939322574596809e-10
-6.356553094661387e-11
2.345729680530436e-10
-3.163971817999886e-11
2.697191050628349e-10
1.871968843323263e-11
2.860943038646543e-10
7.77731628816356e-11
2.794611911178696e-10
1.185049309862256e-10
2.730436365109958e-10
1.039080991597159e-10
3.06661497418775e-10
2.899312427642757e-11
5.153079909690076e-09
2.134878040787986e-08
1.224834328144913e-08
3.087634695879217e-08
2.131894294671707e-08
3.820358616153412e-08
3.154546261665406e-08
4.26565104660784e-08
4.235240900053285e-08
4.428139511035999e-08
5.284226055215146e-08
4.276995061196139e-08
6.129439034638386e-08
3.816049438140093e-08
6.276707246568226e-08
2.979749949215963e-08
5.64691112530487e-08
2.335425367045772e-08
4.672872570032044e-08
2.25906063267331e-08
3.618731302941397e-08
2.38104361128943e-08
2.566498753303877e-08
2.430292911290312e-08
1.587026281201479e-08
2.287727747949433e-08
7.632994700878566e-09
1.928558751631142e-08
1.956793218819369e-09
1.349693910346837e-08
5.340092359859877e-09
-8.242947861566295e-13
-3.84350281314628e-12
-1.543697750416685e-12
-6.634925529900198e-12
-2.194189739749356e-12
-3.697402323220602e-12
-2.61227585540583e-12
3.8892978687293e-12
-2.245780007422795e-12
1.44808590109315e-11
-3.494799891145756e-13
2.630699386595693e-11
3.566596235296689e-12
3.799340384103141e-11
9.336874390332451e-12
4.885074147410397e-11
1.610898014407983e-11
5.868450912911869e-11
2.269166316978754e-11
6.736171934626063e-11
2.802395972199363e-11
7.452206741119836e-11
3.151573531241292e-11
7.9581135188481e-11
3.31707909133412e-11
8.192870077218607e-11
3.351637691646104e-11
8.118778371443494e-11
3.338309570798179e-11
7.746111150032039e-11
3.358483972023827e-11
7.149880934321062e-11
3.459445897429397e-11
6.467853110285892e-11
3.635357489394354e-11
5.871518961918534e-11
3.831190572423359e-11
5.51721287072351e-11
3.966278898237808e-11
5.501191370497653e-11
3.963570064612396e-11
5.840912379318457e-11
3.772581503425117e-11
6.483800613831432e-11
3.38352467788037e-11
7.327619952767533e-11
2.834082932267691e-11
8.240317480918952e-11
2.207416292729565e-11
9.079247851416621e-11
1.61904386818905e-11
9.711603661633655e-11
1.194347762324753e-11
1.003261404490432e-10
1.043234158377456e-11
9.975569960604112e-11
1.240018320458233e-11
9.510483740965565e-11
1.81139977310932e-11
8.63834807025928e-11
2.729429086945099e-11
7.391165737788105e-11
3.909215485736537e-11
5.834634424903029e-11
5.217910061482633e-11
4.060194319352654e-11
6.500826319894738e-11
2.162028666341071e-11
7.622019234640223e-11
2.10968722122572e-12
8.508868159655958e-11
-1.757163257957995e-11
9.188738901422812e-11
-3.729336540999407e-11
9.809238390985804e-11
-5.682191533545448e-11
1.063856126287549e-10
-7.539291161437875e-11
1.204640359876467e-10
-9.131128510794252e-11
1.446376643007585e-10
-1.016374191049198e-10
1.829700186431747e-10
-1.018976697325874e-10
2.371049861777618e-10
-8.577447758523057e-11
3.013514872761937e-10
-4.552661130170925e-11
3.555219038601936e-10
2.360294173573271e-11
3.650776543688043e-10
1.089493705581664e-10
3.106710398979654e-10
1.583148990625546e-10
2.434794352251711e-10
9.618491004751015e-11
5.501587805006874e-09
1.609067221530287e-08
1.319523910970973e-08
2.318269582739383e-08
2.303634947057953e-08
2.836247597040404e-08
3.402573883117096e-08
3.166712127169856e-08
4.549589819687831e-08
3.281123590821685e-08
5.64313249545036e-08
3.183452401681912e-08
6.506934673961224e-08
2.952247276051217e-08
6.770082541942826e-08
2.716602098120873e-08
6.266873919252999e-08
2.838634007578427e-08
5.269096483977672e-08
3.256838087186063e-08
4.092025487592205e-08
3.558114628004562e-08
2.89676623196908e-08
3.625552186553207e-08
1.795725043790149e-08
3.388768957053981e-08
8.819477265369193e-09
2.8423360967114e-08
2.503221250102715e-09
1.98131952119656e-08
7.843313834474734e-09
-3.145061816185245e-12
-6.983153307644512e-13
-6.902208595244266e-12
-2.877530645233089e-12
-1.088385169229134e-11
2.845243580180109e-13
-1.424290970785706e-11
7.248650762049584e-12
-1.530342131103616e-11
1.554167107845443e-11
-1.22499907107539e-11
2.325386901351512e-11
-4.171290733592111e-12
2.99150146919915e-11
8.350933294241086e-12
3.632883427598029e-11
2.346997444244771e-11
4.356579067844749e-11
3.877359664493245e-11
5.205842643059216e-11
5.195944600450105e-11
6.133655357032478e-11
6.128960849511943e-11
7.025131482524983e-11
6.586509977980079e-11
7.735355764431032e-11
6.576352001254249e-11
8.128971765307419e-11
6.199284908310357e-11
8.123214183463258e-11
5.618653072996708e-11
7.730549192285783e-11
5.005023404436337e-11
7.081519588918459e-11
4.473639117214826e-11
6.402940369339375e-11
4.045127076406288e-11
5.945762235709486e-11
3.652905269289081e-11
5.89345059968358e-11
3.19190103221864e-11
6.301954024924862e-11
2.577433802924126e-11
7.098305113819374e-11
1.785824227869916e-11
8.119266550765396e-11
8.689100550540004e-12
9.157268298756117e-11
-5.453867523655638e-13
1.000273274738442e-10
-8.263382252796218e-12
1.04834387747805e-10
-1.285303220707066e-11
1.049161391452923e-10
-1.298643806969363e-11
9.988944627187215e-11
-7.801208661169432e-12
8.99199402040613e-11
2.953086646664998e-12
7.562950821383351e-11
1.871018814441908e-11
5.815486888533968e-11
3.795102610835272e-11
3.910580900257908e-11
5.835122299214778e-11
2.020203854874396e-11
7.725762725291477e-11
2.714164002308024e-12
9.233257848737095e-11
-1.296499301627034e-11
1.021556202492067e-10
-2.739441382495152e-11
1.066560829628348e-10
-4.179357785217752e-11
1.073428574166286e-10
-5.750844940538374e-11
1.073364151320668e-10
-7.538623843557567e-11
1.112234825178589e-10
-9.519813054756108e-11
1.248047687633209e-10
-1.152184918318339e-10
1.54833890312918e-10
-1.319265855142369e-10
2.084409744358848e-10
-1.393813630863956e-10
2.901678308789304e-10
-1.272532755197111e-10
3.91036424968111e-10
-7.726546592075919e-11
4.64336433173864e-10
3.564954369708167e-11
4.08260632391559e-10
2.143908765745685e-10
1.513690979926512e-10
3.530766170749827e-10
5.151235796023199e-09
1.109080568597844e-08
1.287018783187024e-08
1.546374395664705e-08
2.263320414909686e-08
1.859945981467436e-08
3.331136514968384e-08
2.09889604294823e-08
4.435380439224361e-08
2.17687968216364e-08
5.501465438242349e-08
2.117367418234648e-08
6.396087461057685e-08
2.057625269009727e-08
6.807910802424984e-08
2.304778773193563e-08
6.43439000632881e-08
3.212154821232058e-08
5.434131264660852e-08
4.257096847832997e-08
4.208385285676416e-08
4.783860627473628e-08
2.963640894808016e-08
4.870296598796671e-08
1.832150571804899e-08
4.520259298188284e-08
9.041496149469468e-09
3.770337067775323e-08
2.610206228996445e-09
2.624448558962599e-08
1.045352008104044e-08
-6.911888420129669e-12
6.213952276362313e-12
-1.562402800967302e-11
5.834915962384364e-12
-2.511775882051772e-11
9.778533848920823e-12
-3.328735363127236e-11
1.541852003985104e-11
-3.659358581760597e-11
1.884818018652711e-11
-3.190996988791177e-11
1.857053414306474e-11
-1.827105598415574e-11
1.62763873792169e-11
2.849158473971945e-12
1.520891213376191e-11
2.839206249724236e-11
1.802318552183012e-11
5.465999960112554e-11
2.579079457837704e-11
7.794967639754152e-11
3.804718887749232e-11
9.507160166349398e-11
5.312970807383958e-11
1.039033717687354e-10
6.852211254828681e-11
1.038523513779726e-10
8.134106885413509e-11
9.601882882429036e-11
8.906600069457648e-11
8.292488640792934e-11
9.039977523132431e-11
6.77709544762167e-11
8.596947263971591e-11
5.334833009675804e-11
7.845237574923849e-11
4.103383630883675e-11
7.177246574033551e-11
3.047605078642177e-11
6.949264187407333e-11
2.024820113103099e-11
7.324773990929199e-11
9.011893566682132e-12
8.221970718207431e-11
-3.605011994021905e-12
9.380991686625537e-11
-1.678774548684768e-11
1.047557584835353e-10
-2.882048994632469e-11
1.120604090645874e-10
-3.762806246145153e-11
1.136422915402327e-10
-4.131153984521545e-11
1.085999410615796e-10
-3.841139450667712e-11
9.698961792406251e-11
-2.79764651298806e-11
7.94853196450207e-11
-9.846483925799556e-12
5.749982707274836e-11
1.486563612938181e-11
3.344303979718869e-11
4.35910596381906e-11
1.038066700573399e-11
7.27295591444863e-11
-8.936188962235083e-12
9.848342300012493e-11
-2.303943752261841e-11
1.176953206615645e-10
-3.217663783501668e-11
1.284436540273831e-10
-3.814250379770672e-11
1.303833356008799e-10
-4.373302512423921e-11
1.249227122579362e-10
-5.204760065900332e-11
1.152867056586451e-10
-6.575001484539226e-11
1.06425501939594e-10
-8.63367179282086e-11
1.04711511950092e-10
-1.1350430046008e-10
1.175638587045446e-10
-1.447787379696889e-10
1.535667519680886e-10
-1.753840685077546e-10
2.236139487128783e-10
-1.973002903677165e-10
3.403440741011195e-10
-1.939954147388863e-10
5.013013029940653e-10
-1.253075134631857e-10
6.226521850398153e-10
9.304016192041871e-11
4.074110313937056e-10
5.683179340971824e-10
4.10302953717082e-09
7.395187339850105e-09
1.146539273259339e-08
8.101380917241387e-09
2.038497822051918e-08
9.67987447935649e-09
2.979228592459499e-08
1.158165287491548e-08
3.942595385031599e-08
1.213512904356597e-08
4.904123723672576e-08
1.155839094328111e-08
5.810634067122444e-08
1.151114940634817e-08
6.380886833288187e-08
1.734526022885094e-08
6.114820785938799e-08
3.478220885672846e-08
5.100481313692966e-08
5.271436338980809e-08
3.897206057128073e-08
5.98713590421826e-08
2.711065005429878e-08
6.05643766965341e-08
1.659155211663889e-08
5.572169113050669e-08
8.136132139799365e-09
4.615879095795901e-08
2.350414014923641e-09
3.203020372976294e-08
1.280393434578308e-08
-1.300210652161345e-11
1.921612243836699e-11
-2.952375474804326e-11
2.235675488788191e-11
-4.72220988996306e-11
2.747710654090701e-11
-6.156289492737077e-11
2.975955615716063e-11
-6.654397400616502e-11
2.382950498454007e-11
-5.852869067418683e-11
1.055550171099562e-11
-3.770618657017133e-11
-4.54586065730058e-12
-6.815828708027033e-12
-1.568118374537246e-11
3.029520786087015e-11
-1.908758311143011e-11
6.906982306787235e-11
-1.2983546230473e-11
1.043999772591313e-10
2.717315306449633e-12
1.313597186194859e-10
2.61702537174235e-11
1.463178979568793e-10
5.356422607467726e-11
1.477868863771449e-10
7.987237895863452e-11
1.366744695959611e-10
1.001787208807855e-10
1.160104901535588e-10
1.110640624309413e-10
9.024393680266204e-11
1.117363371173485e-10
6.403278942991835e-11
1.046638368339419e-10
4.0649391156072e-11
9.515617919771985e-11
2.081306372770146e-11
8.932928502651958e-11
3.024065241612497e-12
9.103705349393483e-11
-1.46234760372768e-11
9.986756198175174e-11
-3.266661456116804e-11
1.118533661951691e-10
-4.986428992953988e-11
1.219537410890698e-10
-6.391736815621048e-11
1.261137899212411e-10
-7.240511473105672e-11
1.221303354844621e-10
-7.34026948835221e-11
1.095978124346913e-10
-6.535844469994423e-11
8.894565241498962e-11
-4.71093929196587e-11
6.123654528555671e-11
-1.875944969594689e-11
2.915015388734862e-11
1.744785922987061e-11
-2.764006993461905e-12
5.731331022745021e-11
-2.948452964630119e-11
9.580464771548354e-11
-4.742728023892367e-11
1.282887706872037e-10
-5.5523322115388e-11
1.513061192274498e-10
-5.519375601754917e-11
1.628649225818772e-10
-4.970108439408636e-11
1.625047186238512e-10
-4.337260606370872e-11
1.51352428789849e-10
-4.089510289860178e-11
1.322497474886666e-10
-4.664713273348004e-11
1.098660009442574e-10
-6.395277719425604e-11
9.055810520677973e-11
-9.419621697576157e-11
8.173239565685286e-11
-1.359528466276484e-10
9.098365216489829e-11
-1.846351488777421e-10
1.269453608082116e-10
-2.33261828070474e-10
2.064292297627573e-10
-2.734791175741013e-10
3.698982369622414e-10
-2.887763590024241e-10
6.803287245047838e-10
-2.173901680749377e-10
1.156027505909128e-09
9.261930631448237e-11
5.065256811804787e-09
3.485958183835979e-09
1.079114114395158e-08
2.375496731290062e-09
1.702451799078927e-08
3.446497775168571e-09
2.386546321541109e-08
4.740707789944837e-09
3.092013162110675e-08
5.080460775500766e-09
3.797009619334509e-08
4.508426508898677e-09
4.523155127646956e-08
4.249694465581314e-09
5.118419041595999e-08
1.139262124041448e-08
5.061058994858373e-08
3.535580948901867e-08
4.134800472581942e-08
6.197694879327388e-08
3.101811641209675e-08
7.020124755157187e-08
2.12019958179454e-08
7.038049749593373e-08
1.271201964208899e-08
6.421166746546277e-08
6.078386081764036e-09
5.279242460631525e-08
1.697682749470666e-09
3.641090756477511e-08
1.450161706140634e-08
-2.335007253962525e-11
4.256653183993862e-11
-5.226636714316821e-11
5.127329941635562e-11
-8.093347377528168e-11
5.614443097156112e-11
-1.004343166359206e-10
4.926061140204004e-11
-1.033672767813897e-10
2.676267905660461e-11
-8.880027302667455e-11
-4.011284577759975e-12
-5.979070292479414e-11
-3.355520864298125e-11
-1.95705827438994e-11
-5.590107678228483e-11
2.869151561201817e-11
-6.734944878350643e-11
8.029756309701561e-11
-6.458935549852087e-11
1.28739278763565e-10
-4.572415642609466e-11
1.672138170507826e-10
-1.230403522571353e-11
1.905406502874186e-10
3.023764745853448e-11
1.96243724575553e-10
7.416956398294586e-11
1.84592132243891e-10
1.118305767942041e-10
1.581639425961899e-10
1.374925191127017e-10
1.214749214431162e-10
1.484256281133667e-10
8.046594735340108e-11
1.456730825938445e-10
4.106360690841041e-11
1.345587923830389e-10
6.85121382799588e-12
1.235419508496356e-10
-2.22459001726073e-11
1.201344394961837e-10
-4.833172447510655e-11
1.25953656470511e-10
-7.232055312984773e-11
1.358424626102954e-10
-9.26885481796542e-11
1.42322000463589e-10
-1.068742238598818e-10
1.402997261007039e-10
-1.127374889098032e-10
1.279938563117962e-10
-1.086982148142821e-10
1.055587892667999e-10
-9.268471420053299e-11
7.293239712006401e-11
-6.30582758548116e-11
3.161034677613032e-11
-2.096055981712392e-11
-1.294732841702109e-11
2.901714223677315e-11
-5.274148108266066e-11
8.046038198767003e-11
-8.092754769436814e-11
1.272753947588804e-10
-9.424207709523579e-11
1.648950897668413e-10
-9.314280738055005e-11
1.904446467696594e-10
-8.074310891376242e-11
2.024400665562602e-10
-6.169630600211101e-11
2.005035898171926e-10
-4.143593654470334e-11
1.852935516685323e-10
-2.568487757472638e-11
1.586853765616047e-10
-2.003877558210591e-11
1.241674096582258e-10
-2.943463348560439e-11
8.726163529687213e-11
-5.729027065054289e-11
5.550145227972105e-11
-1.041924964692592e-10
3.738095570140402e-11
-1.665144896682708e-10
4.051390995272057e-11
-2.363946240514824e-10
7.379439230299358e-11
-3.067594458094229e-10
1.775755483757096e-10
-3.925573648956213e-10
5.493773938875787e-10
-5.891918672974851e-10
1.728961096288495e-09
-1.086964253496776e-09
5.50174476234769e-09
-2.86825343469458e-10
8.331760533923163e-09
-4.545189052352743e-10
1.200017576656174e-08
-2.219173261533834e-10
1.678381316576653e-08
-4.292948106456835e-11
2.189303414239138e-08
-2.876007511359737e-11
2.634986067988762e-08
5.160009835946855e-11
2.865755516834103e-08
1.942000108402521e-09
3.062814546454471e-08
9.422031084253108e-09
2.584494662334168e-08
4.013900848326449e-08
2.317025842837234e-08
6.465163715759462e-08
1.796428239267885e-08
7.540722376409422e-08
1.22802443602435e-08
7.606453568588626e-08
7.092793260194533e-09
6.939911874544503e-08
3.117015197672681e-09
5.676820296069948e-08
7.308888821507586e-10
3.879703378112863e-08
1.523250622221256e-08
-4.228195150830303e-11
8.484848182973781e-11
-9.114211805744418e-11
1.001335891251951e-10
-1.314371361591409e-10
9.643961026813954e-11
-1.488623749503702e-10
6.668602184057319e-11
-1.413948713456058e-10
1.929535176133955e-11
-1.167986510667725e-10
-2.860732481150781e-11
-8.064866321447096e-11
-6.970501256181151e-11
-3.353996624958848e-11
-1.030095856255704e-10
2.374274806677697e-11
-1.246319705932805e-10
8.655847235133427e-11
-1.274048827691215e-10
1.472063631380634e-10
-1.06371845761819e-10
1.976540125770778e-10
-6.275147890601641e-11
2.317100742568707e-10
-3.818204497842907e-12
2.458770857748061e-10
6.000276579450782e-11
2.3908337643979e-10
1.186245024786196e-10
2.119955593401727e-10
1.645805550570894e-10
1.669557713345322e-10
1.93465636685844e-10
1.089790623643239e-10
2.036500132646689e-10
4.636195739381143e-11
1.97176119299845e-10
-1.159838955844386e-11
1.815025194672613e-10
-5.934370293935225e-11
1.678799733348801e-10
-9.703431244091444e-11
1.636444848737409e-10
-1.265919730984473e-10
1.654003397154397e-10
-1.475378076289327e-10
1.632680488943234e-10
-1.582775143000482e-10
1.51039643298921e-10
-1.584741588854007e-10
1.281907082363746e-10
-1.464908120056326e-10
9.35756458000238e-11
-1.181135862989034e-10
4.455537133257799e-11
-7.169014426782885e-11
-1.481289948724435e-11
-1.18249905929406e-11
-7.28122898644085e-11
5.280974586707837e-11
-1.173760294480643e-10
1.13821389804902e-10
-1.419390069663614e-10
1.655169726361382e-10
-1.45937479233529e-10
2.04909684163141e-10
-1.325353414780629e-10
2.307162047499079e-10
-1.065494558407476e-10
2.424617249361575e-10
-7.344165565666383e-11
2.400098033955225e-10
-3.898384806736115e-11
2.234428769434343e-10
-9.117787261686767e-12
1.93230286858629e-10
1.017397488215179e-11
1.507691106637511e-10
1.302669997490922e-11
9.942024632925092e-11
-5.941252464477585e-12
4.586997525769443e-11
-5.064207475506601e-11
1.158771487169955e-12
-1.218031386200386e-10
-1.905729753245913e-11
-2.161784110831243e-10
4.455802404198908e-12
-3.302724051421475e-10
7.684691576284189e-11
-4.649483411528604e-10
8.562356403128508e-11
-5.979683818908323e-10
-3.950291126659165e-10
-6.063114469313036e-10
-1.138061790098487e-10
-5.680481509530346e-10
-7.575225720684621e-11
-4.925727050867415e-10
-5.500952908600614e-11
-2.426599361457976e-10
-5.512912064704053e-11
-4.280977531272484e-11
-2.322268677521706e-10
1.483377840901066e-10
-6.901143704270961e-10
5.094877131838972e-10
1.999787815842654e-10
1.05190707201157e-09
8.988432531442086e-09
6.335774578358677e-10
6.962460263539796e-09
4.216498088431255e-08
6.931451729065892e-09
6.468264583412945e-08
5.817565898580273e-09
7.652110974654885e-08
3.734111206623712e-09
7.814799053600325e-08
1.561106735368014e-09
7.157212330825368e-08
1.062024777250611e-10
5.822310722208471e-08
-2.957874560217915e-10
3.919902427171594e-08
1.49367186741624e-08
-7.942866900314611e-11
1.642774293960387e-10
-1.591274188580554e-10
1.79832520291782e-10
-2.023895433536948e-10
1.397018814446465e-10
-1.993046742122682e-10
6.36012925610606e-11
-1.709169324105307e-10
-9.09225033142719e-12
-1.363551547724018e-10
-6.31689608147053e-11
-9.638549011320224e-11
-1.096745330650655e-10
-4.52258177261918e-11
-1.541691108751125e-10
1.752313238367918e-11
-1.873807705407211e-10
8.646993407376806e-11
-1.963515311404716e-10
1.545272702912957e-10
-1.744290256815094e-10
2.151040170926143e-10
-1.233280665486382e-10
2.623220068910128e-10
-5.103603261729806e-11
2.911280739799372e-10
3.11968625570801e-11
2.97611096831998e-10
1.121416452114615e-10
2.787749911834291e-10
1.834168274868327e-10
2.322761957562611e-10
2.399645996466724e-10
1.583325230332435e-10
2.775938536083211e-10
6.437641081674704e-11
2.911323988914654e-10
-3.260817563506356e-11
2.784872723249462e-10
-1.131629167723682e-10
2.484348797943761e-10
-1.680311067358027e-10
2.185128383538429e-10
-2.005113645665788e-10
1.978807594271353e-10
-2.162693951862199e-10
1.790262390780284e-10
-2.181913912368805e-10
1.529617970618412e-10
-2.100278579962752e-10
1.20027330221076e-10
-1.857413376718667e-10
6.928927892651682e-11
-1.367096973812545e-10
-4.476117886247946e-12
-6.555603915189137e-11
-8.596640815166885e-11
1.495790521118892e-11
-1.5332608676776e-10
9.160496923695309e-11
-1.940229471893691e-10
1.565247111434034e-10
-2.068586043753497e-10
2.070799893025013e-10
-1.96492613793525e-10
2.434176489664974e-10
-1.688728590762977e-10
2.664887620195828e-10
-1.296204275935243e-10
2.770558722561863e-10
-8.400862600886078e-11
2.753069264386141e-10
-3.723476319226368e-11
2.607574147195849e-10
5.431862049252767e-12
2.323635061879745e-10
3.856801991760834e-11
1.889774641470313e-10
5.641287685436802e-11
1.305514305219205e-10
5.248491448604031e-11
6.059761004598243e-11
1.931187707432805e-11
-1.068328964781398e-11
-5.052210961755929e-11
-6.673037973382804e-11
-1.601311940371398e-10
-9.689477864040402e-11
-3.00107881923482e-10
-1.222893857084372e-10
-4.395536125677869e-10
-1.902581513693953e-10
-5.29999498048663e-10
-2.374763874170195e-10
-5.590930960569294e-10
-1.756039730660675e-10
-6.299204546278786e-10
-1.174697127973641e-10
-5.507068586495161e-10
-3.436445426004224e-11
-3.257650927558784e-10
-4.534374580247956e-11
-3.183038567793556e-11
-1.424993424048699e-10
2.454934755085271e-10
3.847513560546601e-11
3.285133288337976e-10
1.153105115919848e-09
-6.272281278320641e-11
2.569410230580236e-09
-7.827275580872771e-10
1.302699674376889e-10
4.460412125197722e-08
-1.656787306163506e-10
6.497859464450133e-08
-6.789964526174289e-10
7.703442757988956e-08
-1.497248964527411e-09
7.89662431259373e-08
-2.162759092692939e-09
7.223763355526045e-08
-2.105295366133947e-09
5.816564376944416e-08
-1.133635966045815e-09
3.822736464477477e-08
1.380308307056937e-08
-1.557866615528483e-10
3.200640263299582e-10
-2.730589135201066e-10
2.971048244537018e-10
-2.851597535069391e-10
1.518028097431705e-10
-2.344066609824939e-10
1.284829698362085e-11
-1.843699556748948e-10
-5.912885578627689e-11
-1.462214741052437e-10
-1.013173410133607e-10
-1.028430563183128e-10
-1.530528478390677e-10
-4.718725791489472e-11
-2.098248048417945e-10
1.526298576405284e-11
-2.498309081103186e-10
7.908364675847732e-11
-2.601720846570079e-10
1.436917775919937e-10
-2.390370475978021e-10
2.093965546071465e-10
-1.89032733599929e-10
2.725425976166594e-10
-1.141819647338795e-10
3.247840169291663e-10
-2.104444534359099e-11
3.560344111376439e-10
8.089136265040494e-11
3.571593296986268e-10
1.822920204708152e-10
3.197986851773263e-10
2.773253552050084e-10
2.36341611345822e-10
3.610510378033166e-10
1.067401787166193e-10
4.207339407385032e-10
-4.846312310857152e-11
4.33690682318089e-10
-1.867671837786554e-10
3.867390470916712e-10
-2.709655938740429e-10
3.027113539419943e-10
-3.001907478173663e-10
2.271060172509745e-10
-2.994803446414942e-10
1.783159388857248e-10
-2.880107395327556e-10
1.414922935714741e-10
-2.704498203647942e-10
1.024665122728387e-10
-2.229332792707678e-10
2.177283817182151e-11
-1.37379117866633e-10
-9.003017871513986e-11
-3.324036037468193e-11
-1.901050653612849e-10
6.532058855496973e-11
-2.518869345566148e-10
1.45385911725713e-10
-2.740881689630101e-10
2.048964795772582e-10
-2.663690694966353e-10
2.467127956250805e-10
-2.383088264656017e-10
2.745923715049447e-10
-1.967523300215572e-10
2.916844971996369e-10
-1.467124475586523e-10
3.000199791683918e-10
-9.234400076357926e-11
3.001828705042926e-10
-3.7397546640221e-11
2.911617763435653e-10
1.445306520291567e-11
2.70501848628133e-10
5.922805692569273e-11
2.346817975580384e-10
9.223303767463162e-11
1.797316803454412e-10
1.074351411715711e-10
1.027442876169868e-10
9.629937888314353e-11
5.192578420418772e-12
4.702970766534449e-11
-1.03465142214653e-10
-5.147336669145865e-11
-2.080025738169556e-10
-1.955703454084872e-10
-2.966176055451804e-10
-3.509384783749517e-10
-3.560141542173075e-10
-4.706028495895336e-10
-3.560142262799094e-10
-5.590929278470883e-10
-3.325700337202462e-10
-6.533645547322595e-10
-2.169814427851333e-10
-6.662953620450416e-10
3.793135058738975e-12
-5.465395877296825e-10
2.341443341586901e-10
-2.621815072985381e-10
4.020620039987126e-10
7.757587859082824e-11
5.957119072170201e-10
1.34863494943863e-10
8.459654051167328e-10
-3.129762440733259e-10
7.432989975958366e-10
-6.800610838135424e-10
1.444930432105839e-10
4.520292727038655e-08
-8.60400553534196e-10
6.598348830480105e-08
-2.023550133100753e-09
7.819757722496157e-08
-2.817784165922179e-09
7.976047723766628e-08
-3.239262212639861e-09
7.265911160451232e-08
-2.932369686608189e-09
5.785875117009552e-08
-1.600555028943592e-09
3.689555072863478e-08
1.220252792852127e-08
-3.116072870811489e-10
6.316715245591973e-10
-4.318324134218786e-10
4.173300592607401e-10
-3.401653973225668e-10
6.013586654281121e-11
-2.387158016020951e-10
-8.860123400837309e-11
-1.92523298664449e-10
-1.053212961174704e-10
-1.516531444258116e-10
-1.42187432846835e-10
-9.042225361855337e-11
-2.142836764032095e-10
-2.612243449949896e-11
-2.741245614699234e-10
2.396886362031204e-11
-2.999221439044583e-10
6.304260802270464e-11
-2.992457667107917e-10
1.070674655077734e-10
-2.830618431852467e-10
1.696276971838699e-10
-2.515929037801877e-10
2.514780039999744e-10
-1.960322108828903e-10
3.387851327786794e-10
-1.083515143512623e-10
4.096098796568409e-10
1.006667436070594e-11
4.432752423448954e-10
1.486267150311823e-10
4.246876439976393e-10
2.959130094026482e-10
3.412829557981237e-10
4.444557802441297e-10
1.826342649785211e-10
5.793826844324147e-10
-4.120841995960474e-11
6.575334185296532e-10
-2.70614520807921e-10
6.161451981825538e-10
-4.130652468191947e-10
4.45162128924455e-10
-4.344904678535842e-10
2.485312868589809e-10
-3.968997693501538e-10
1.407252883040065e-10
-3.789442149571626e-10
1.235367875766335e-10
-3.454244518575544e-10
6.894679774341331e-11
-2.433666207857868e-10
-8.028494288851856e-11
-9.894864470520112e-11
-2.344481037275434e-10
3.708742643968007e-11
-3.261410830779983e-10
1.397862731293291e-10
-3.545857259595523e-10
2.088730436915493e-10
-3.431748811607015e-10
2.524344744127137e-10
-3.099304394151646e-10
2.783053567938277e-10
-2.641796445677446e-10
2.927301363588658e-10
-2.111770426055277e-10
3.007248571803542e-10
-1.547070979080487e-10
3.057432703817696e-10
-9.736234088338644e-11
3.089045598506274e-10
-4.055875992030422e-11
3.086104109101396e-10
1.474729250179525e-11
3.008992973985003e-10
6.693925115597699e-11
2.801623700358839e-10
1.129700471891818e-10
2.393138037937891e-10
1.482837908844417e-10
1.689855406227059e-10
1.666277260049847e-10
5.802250691469478e-11
1.579928254046835e-10
-9.845978293870093e-11
1.050090065956151e-10
-2.803768576989365e-10
-1.36531884803929e-11
-4.336264826717201e-10
-1.97688772962018e-10
-5.14542910583162e-10
-3.896863439374326e-10
-5.589496227736776e-10
-5.14686140883712e-10
-5.89604435068932e-10
-6.227096720023236e-10
-4.515587781029768e-10
-8.043409530482239e-10
-2.613561103956891e-11
-9.719626948027118e-10
6.060357376467999e-10
-8.943528019093624e-10
1.12198385686826e-09
-4.383721933606231e-10
1.127462586247261e-09
1.293848063988518e-10
6.156825873716372e-10
1.988037897540881e-10
3.32923219424114e-10
-3.973016881899003e-10
1.315466403159657e-09
4.422038410890339e-08
1.243694124978626e-09
6.605526060623831e-08
7.507987365408334e-10
7.869047263503541e-08
3.568962444869967e-10
8.0154379703672e-08
-4.74805087421494e-10
7.349081302166431e-08
-1.380790610897667e-09
5.876473703387851e-08
-1.320407120812101e-09
3.683516690996596e-08
1.088212130251126e-08
-5.851795057869176e-10
1.21685091021715e-09
-5.427726038300553e-10
3.749231416357262e-10
-3.06584412388496e-10
-1.760523077331903e-10
-2.491774816153846e-10
-1.460081411865579e-10
-2.344233061630662e-10
-1.200754469896123e-10
-1.478105736825407e-10
-2.288001415544015e-10
-3.695773191075027e-11
-3.251364951934521e-10
3.125771901885474e-11
-3.423399908495377e-10
4.586123042922648e-11
-3.145256349935176e-10
3.615968340468805e-11
-2.895442011826879e-10
4.105216810239714e-11
-2.87954311054451e-10
8.964935289644839e-11
-3.001900739124759e-10
1.900334318993049e-10
-2.964162773016298e-10
3.241675881568753e-10
-2.424856604000111e-10
4.528462053342642e-10
-1.186119349276812e-10
5.325023758865791e-10
6.897055002889031e-11
5.345223321801079e-10
2.938930563579309e-10
4.50806404142593e-10
5.281717095461341e-10
2.792510665580021e-10
7.509380213252237e-10
1.240041934757917e-11
9.243840637489674e-10
-3.18799853817365e-10
9.473454680675472e-10
-5.756145936686827e-10
7.01976865151997e-10
-6.181075880325069e-10
2.910242772360146e-10
-5.227668220548942e-10
4.5384519170526e-11
-5.307577547708184e-10
1.315277178680284e-10
-4.248906328264744e-10
-3.692032456229946e-11
-2.048358341763763e-10
-3.003397400315978e-10
4.459711662870798e-12
-4.437436448180897e-10
1.460302706609638e-10
-4.677116344206416e-10
2.280491007843951e-10
-4.366045442136447e-10
2.718943554168006e-10
-3.870201202182614e-10
2.917533723142593e-10
-3.29789435897292e-10
2.963509618651647e-10
-2.687772095529963e-10
2.932218318543326e-10
-2.0804788299535e-10
2.894390950262138e-10
-1.509243273015236e-10
2.901630618485693e-10
-9.808626916922627e-11
2.97134713523891e-10
-4.753036927659275e-11
3.080845275327272e-10
3.797524847612201e-12
3.17234444055971e-10
5.778938399027812e-11
3.166338610179287e-10
1.135706825207305e-10
2.972918920422856e-10
1.676258140831322e-10
2.480555995472381e-10
2.158640742979546e-10
1.513323715642052e-10
2.54716109871868e-10
-1.743223473224343e-11
2.7377366945338e-10
-2.669836693589287e-10
2.358983021052494e-10
-5.376992998039016e-10
7.302691195718728e-11
-7.026413591654527e-10
-2.247442320486892e-10
-7.591250627979132e-10
-4.58202388001621e-10
-8.95540664284655e-10
-4.86294024872814e-10
-7.895139708688203e-10
-9.103676063694058e-10
-2.334108069368199e-10
-1.528065824423083e-09
7.326026705993191e-10
-1.860366253370534e-09
1.794825822006079e-09
-1.500595326847673e-09
2.219791386436586e-09
-2.955807509393274e-10
1.288186005118773e-09
1.130409167896378e-09
-1.470187091749192e-10
1.037903010324226e-09
2.892918674091834e-09
4.118044669846122e-08
6.137464085994044e-09
6.281071515919832e-08
9.219405702344131e-09
7.560853096556884e-08
1.071299162778576e-08
7.866079379312888e-08
9.150736441111613e-09
7.505306812624612e-08
4.986530164669141e-09
6.292894309679491e-08
7.919132739658391e-10
4.102978483340115e-08
1.16740344224961e-08
-7.96066153636117e-10
2.012917205243825e-09
-3.254353641113078e-10
-9.570760984259143e-11
-2.606864262003362e-10
-2.408012424858506e-10
-4.177238085330021e-10
1.102923525329978e-11
-3.248705594195694e-10
-2.129287057080446e-10
-8.687760149186332e-11
-4.667931112027357e-10
7.971004206432321e-11
-4.917241528971779e-10
1.177891200912757e-10
-3.804190852043035e-10
7.04046988384663e-11
-2.671412328703034e-10
-1.340800981346155e-12
-2.177987231495223e-10
-4.509638918756391e-11
-2.441987478196148e-10
-2.206785229642651e-11
-3.232186388190444e-10
8.724704474577809e-11
-4.057312057109302e-10
2.707243612336192e-10
-4.259630114399126e-10
4.746732524052478e-10
-3.225608638431542e-10
6.176689285693837e-10
-7.402516687125695e-11
6.346924541009472e-10
2.76869487436208e-10
5.220042292346417e-10
6.408598885962951e-10
3.3411489549062e-10
9.388273075056472e-10
1.026604688744902e-10
1.155838441282896e-09
-2.269769092268782e-10
1.276982796520028e-09
-6.437908616326122e-10
1.118790767535137e-09
-8.490827960117021e-10
4.963161623762339e-10
-8.051873661725313e-10
1.48904098399175e-12
-8.010230273199318e-10
1.273633328754796e-10
-4.196626566967374e-10
-4.182807391413455e-10
-4.054950233085815e-11
-6.794529348337331e-10
1.730031266649097e-10
-6.572963108716752e-10
2.696093160087552e-10
-5.643178561391597e-10
3.115488699172641e-10
-4.785441261378907e-10
3.24623037146066e-10
-4.000943099403408e-10
3.171273817443387e-10
-3.222937979978711e-10
2.966130037180958e-10
-2.482628430999706e-10
2.730372046217034e-10
-1.84472090278871e-10
2.559885221082122e-10
-1.338756453271271e-10
2.519208787578604e-10
-9.401862142968564e-11
2.628847126927739e-10
-5.849419357036208e-11
2.862065736614573e-10
-1.952432226259826e-11
3.146744745607107e-10
2.932150116821862e-11
3.376301259091205e-10
9.061505239359053e-11
3.435132712761549e-10
1.617426927989146e-10
3.225125327552545e-10
2.368648387516835e-10
2.637859102949533e-10
3.134427595999924e-10
1.399725849177329e-10
3.97587022595443e-10
-1.103119165289091e-10
4.861828310762034e-10
-5.337352481481568e-10
4.964502702433648e-10
-9.701698700121395e-10
2.116904145181441e-10
-1.046972782762754e-09
-3.813994529941549e-10
-1.16265088234225e-09
-3.706159073241405e-10
-9.996020302127971e-10
-1.073416445324627e-09
-4.849386983107154e-10
-2.042729150755896e-09
3.471778361235003e-10
-2.692482790337988e-09
1.810386588846298e-09
-2.963804094061089e-09
3.705402215303965e-09
-2.190596403873338e-09
4.073690439652876e-09
7.621209012263595e-10
8.681563954629554e-10
4.243436996786163e-09
6.617419402913615e-09
3.54311836179501e-08
1.725408396455325e-08
5.217405051392813e-08
2.838847519046023e-08
6.447413967072137e-08
3.407159529783144e-08
7.297767357117729e-08
3.171624342984843e-08
7.740841994818873e-08
2.152367040144346e-08
7.312151661498008e-08
7.624860244838115e-09
5.492859439701152e-08
1.929889473374969e-08
3.596419041120821e-10
1.65327513654416e-09
3.73888297225827e-10
-1.099540779252155e-10
-7.874531092192964e-10
9.205401175864019e-10
-8.746929881582355e-10
9.826907237137018e-11
-3.165594447817797e-10
-7.710622914891494e-10
9.819812678715282e-11
-8.815507275332807e-10
2.258164891572666e-10
-6.193425625850621e-10
1.860074621911515e-10
-3.406101087991596e-10
7.745408022933081e-11
-1.585879046612042e-10
-3.946259421327748e-11
-1.008821061821395e-10
-1.211073911048349e-10
-1.625540120235058e-10
-1.309487615885364e-10
-3.133773333695995e-10
-3.668949395513702e-11
-4.999905421401966e-10
1.725887813895502e-10
-6.352413593760314e-10
4.490444192763396e-10
-5.990165778575624e-10
6.710485050414346e-10
-2.9602933201264e-10
7.045234709293766e-10
2.433944392667774e-10
5.172184822756726e-10
8.281647926749571e-10
2.462162807051226e-10
1.209829422596441e-09
1.119619960700034e-10
1.290092638404255e-09
1.079561657269427e-10
1.280988538687536e-09
-2.863174192275936e-10
1.51306426467739e-09
-9.607870055738071e-10
1.170785661576955e-09
-1.830660987127828e-09
8.713629372590999e-10
-1.030510705830468e-09
-6.727870317082189e-10
-1.152746370408827e-10
-1.333516888007678e-09
2.483914080833337e-10
-1.043119056780072e-09
3.418576483497571e-10
-7.507626235046002e-10
3.708270136730332e-10
-5.932872894816422e-10
3.79089200255435e-10
-4.868063752787884e-10
3.628408792921722e-10
-3.838460463902451e-10
3.241330722679043e-10
-2.835860423021735e-10
2.753956506048034e-10
-1.995254672191428e-10
2.311097956088248e-10
-1.401862748270297e-10
2.019839417804268e-10
-1.047498255589371e-10
1.936868797541782e-10
-8.572158758277646e-11
2.076900487035654e-10
-7.249738575147636e-11
2.41794126926243e-10
-5.362841867686236e-11
2.894651483610296e-10
-1.834953445890739e-11
3.38908402486205e-10
4.117178790045005e-11
3.743532844333417e-10
1.26297803264216e-10
3.819882466377078e-10
2.29229871361551e-10
3.583639165818693e-10
3.370670859438024e-10
3.05849458663773e-10
4.501014777266019e-10
1.798849176840415e-10
6.121473694678039e-10
-2.22388580719219e-10
8.987237654621769e-10
-1.175898712131993e-09
1.165200541558057e-09
-2.023553669935006e-09
4.662554977661948e-10
-1.188181435985482e-09
-1.205988151634588e-09
-6.025748216202734e-10
-1.659023075924191e-09
-3.74129933033982e-10
-2.271174062329482e-09
-3.973895759496661e-10
-2.669223181337228e-09
5.440038905193697e-10
-3.905197605842841e-09
3.844429855762574e-09
-5.491022432072217e-09
9.447567991690178e-09
-4.841017312496262e-09
1.016138560806447e-08
3.529619278443036e-09
2.226782745487459e-08
2.332474165805894e-08
4.56193795117557e-08
2.882249831545863e-08
6.830642673645437e-08
4.178709231280113e-08
7.990321850219183e-08
6.13808816588529e-08
7.720831339791313e-08
8.010332488346793e-08
5.86565042505646e-08
9.167332506090648e-08
2.624215282496891e-08
8.734294575162667e-08
4.554104718373655e-08
7.1674254599632e-09
-5.51415024841018e-09
-2.367730369591986e-10
7.294244394420062e-09
-2.759434036408053e-09
3.443201059916789e-09
-1.174025430398257e-09
-1.487139599930659e-09
4.956949632857261e-11
-1.994657288868734e-09
3.149839251107707e-10
-1.146965230109885e-09
2.674004236280005e-10
-5.717591383284553e-10
1.703354729057419e-10
-2.435452386769467e-10
5.555429305497173e-11
-4.380680926115001e-11
-5.471893718869788e-11
9.391035801523812e-12
-1.374883955880238e-10
-7.978464600071961e-11
-1.70864971150389e-10
-2.800008541715638e-10
-1.200892950623446e-10
-5.507663186256716e-10
5.155771003091888e-11
-8.068884686586968e-10
3.334362235826617e-10
-8.808951991452108e-10
6.035745128424704e-10
-5.661677322067358e-10
6.650144786609167e-10
1.819543598430811e-10
4.215702561176755e-10
1.071608899374235e-09
6.624155745546701e-13
1.630737145840593e-09
-1.4308599012499e-10
1.433840925810545e-09
5.013312897201902e-10
6.365711404668352e-10
1.08919696916531e-09
9.25198467190161e-10
-4.601143214501107e-10
2.720096835510948e-09
-4.891549858918977e-09
5.30279835965899e-09
-2.637487057687403e-10
-5.300588297206699e-09
4.866807151390683e-10
-2.08394641843013e-09
4.491579218934718e-10
-1.00559636918955e-09
4.32792286838058e-10
-7.343970901796135e-10
4.49408265066787e-10
-6.099033645313878e-10
4.371926359502697e-10
-4.745908381844814e-10
3.832487270632642e-10
-3.299022238700375e-10
3.06077650144388e-10
-2.064150464153362e-10
2.294752001034117e-10
-1.229230922116354e-10
1.69583777735895e-10
-8.029492203829539e-11
1.334956278428178e-10
-6.866173936860388e-11
1.228990297675516e-10
-7.512504808687559e-11
1.376645205700544e-10
-8.726292984803326e-11
1.771545657252471e-10
-9.311851275090862e-11
2.388074177723803e-10
-8.000243111795528e-11
3.145445241999681e-10
-3.456535980650273e-11
3.873013173659428e-10
5.354097191550182e-11
4.327305785968206e-10
1.838005741213145e-10
4.321735107469597e-10
3.376241195996306e-10
3.97674473191167e-10
4.846004821346167e-10
3.871212660369279e-10
6.227005440054102e-10
3.831739971632354e-10
9.026710016162572e-10
-4.074978720623386e-10
1.9558723769492e-09
-5.005753651749352e-09
5.064511241850617e-09
-5.242501411506512e-10
-5.687491701726474e-09
9.879792979999272e-10
-3.171252559445121e-09
1.575648812308664e-10
-1.440759698576598e-09
-8.35684763026961e-10
-1.675973599815783e-09
-8.700070618294937e-10
-3.870875385919757e-09
9.856115127013847e-10
-7.346641100388122e-09
1.16940656839921e-08
-1.554947160249372e-08
4.587978514474831e-08
-3.065610031689067e-08
8.230873339092309e-08
-1.310420675761185e-08
1.142173969539381e-07
-3.086165419686249e-09
1.427257697495919e-07
1.327871930888538e-08
1.582538289180069e-07
4.585282222962033e-08
1.580480576978221e-07
8.030909566068826e-08
1.38032132568709e-07
1.116892496930871e-07
9.092079486415338e-08
1.344542825340058e-07
1.364618418172451e-07
2.986994429209503e-07
9.578640663466117e-08
2.654472750751746e-07
4.054641211739714e-08
2.62379667779038e-07
6.51080825728965e-09
2.619953609661813e-07
-1.10283288261119e-09
2.618180300921333e-07
-1.817326511661755e-09
2.629969119434745e-07
-2.325847181046604e-09
2.650390958085634e-07
-2.613943106073056e-09
2.667985810189209e-07
-2.003030555206705e-09
2.677874584377547e-07
-1.032684337841152e-09
2.680824184511755e-07
-2.85569091197624e-10
2.67837686914795e-07
1.649467730110274e-10
2.669884529529633e-07
5.692329864695102e-10
2.650938568961793e-07
1.343829613309024e-09
2.611739867947957e-07
3.112981504428899e-09
2.536071097838953e-07
6.685981680279595e-09
2.403120422082168e-07
1.272889970924488e-08
2.195647510970378e-07
2.092924533441963e-08
1.912284268459119e-07
2.940793301218269e-08
1.571154426152133e-07
3.574372123695424e-08
1.202042672079235e-07
3.83450161930293e-08
8.500148419372046e-08
3.583935401455921e-08
5.796327078082913e-08
2.796341174074429e-08
3.374929412615573e-08
2.693407335198724e-08
6.665257477745409e-09
3.238683487196132e-08
1.566490534035924e-09
-2.018214874132642e-10
4.367962260574834e-10
-9.542522413140692e-10
4.249326626657959e-10
-9.937329334511721e-10
5.297934640558235e-10
-8.392580152512332e-10
5.529300998109505e-10
-6.330401199350289e-10
4.86741735891663e-10
-4.084025891971953e-10
3.723436144549798e-10
-2.155042127610038e-10
2.543581760578678e-10
-8.84297131933831e-11
1.595133325727362e-10
-2.807834906202435e-11
9.573268693469429e-11
-1.651437152008177e-11
6.086391935651038e-11
-3.379306221494186e-11
5.072773254355093e-11
-6.498894681032236e-11
6.331271103341218e-11
-9.984798968649623e-11
9.991095855288356e-11
-1.297168373997803e-10
1.639351129771914e-10
-1.440266592628245e-10
2.567141126505993e-10
-1.273444298706221e-10
3.695433672804997e-10
-5.928835059743988e-11
4.75224204397353e-10
7.811967148251902e-11
5.292992305817312e-10
2.835490295160434e-10
4.912653109791247e-10
5.226343392234753e-10
3.670226795983453e-10
7.469431136258435e-10
3.377096903409627e-10
9.319839293641718e-10
1.327279291323121e-09
9.663027140527819e-10
5.990143464659093e-09
4.016470047309992e-10
3.221518177941388e-08
-3.191253008313538e-08
5.588740483458995e-08
-2.684347568692934e-08
8.199256663571318e-08
-2.754592157939223e-08
1.161038375592279e-07
-3.57872446151238e-08
1.523075475035887e-07
-4.00745854358782e-08
1.853435603413618e-07
-4.038265406399092e-08
2.044821554144677e-07
-3.46880668202368e-08
1.958547626073149e-07
-2.202870768036691e-08
2.018308301459556e-07
-1.90802744860185e-08
2.330899140088992e-07
-3.434524949730692e-08
2.542363021531437e-07
-7.867669068530643e-09
2.70727215129949e-07
2.936190894547223e-08
2.837012226998721e-07
6.733508753112261e-08
2.948522602352588e-07
1.005382112916372e-07
3.064597717919273e-07
1.228467703094003e-07
1.27025354884682e-07
4.188205414285405e-07
7.696586522117331e-08
4.031168893799007e-07
5.625006408917678e-08
3.865791182836351e-07
2.304857924790068e-08
3.785763227050973e-07
6.899962581891506e-09
3.772534942309077e-07
-4.944981555311489e-10
3.794935348171037e-07
-4.565887888367769e-09
3.828420402198168e-07
-5.962448633036385e-09
3.853540859728383e-07
-4.515076435637014e-09
3.865595371373975e-07
-2.238135633142804e-09
3.868235171310151e-07
-5.495492189180021e-10
3.864255895821602e-07
5.628741843896926e-10
3.852664987197056e-07
1.72832370815726e-09
3.827443595565676e-07
3.865968632582685e-09
3.775149680160446e-07
8.342372898176097e-09
3.672575834973027e-07
1.69433660497076e-08
3.486737335688565e-07
3.131274948611846e-08
3.186990338853187e-07
5.090394486464551e-08
2.770781725235772e-07
7.102879421922767e-08
2.271518525340674e-07
8.56700410710521e-08
1.73337421976048e-07
9.215944659533015e-08
1.19988703300609e-07
8.918807253463907e-08
7.053818675750545e-08
7.741392812922999e-08
2.874683150375811e-08
6.872542845261385e-08
3.887327035993066e-09
5.724633918825522e-08
1.959379927155357e-09
1.726125472372241e-09
1.066610886951237e-09
-6.148334763822142e-11
8.365425417165241e-10
-7.636647316755664e-10
7.907564772400233e-10
-7.934720910297714e-10
6.802710238489907e-10
-5.225548031159723e-10
4.974014645021148e-10
-2.255331627231582e-10
3.114787204639825e-10
-2.958159752485176e-11
1.6815216219741e-10
5.48967201999413e-11
7.532937104279379e-11
6.474432140232316e-11
2.23255659374333e-11
3.648931676335684e-11
-3.674000465202946e-12
-7.79360861834396e-12
-1.107856415714684e-11
-5.758449238487965e-11
-2.873272019266885e-12
-1.080533874802617e-10
2.32606516205899e-11
-1.558508636800225e-10
7.511919343970728e-11
-1.958853006683177e-10
1.649179749409691e-10
-2.171433085477558e-10
3.026049227444039e-10
-1.969753931305823e-10
4.792576061071406e-10
-9.853310478467966e-11
6.479626202968532e-10
1.148439242550813e-10
7.376134766489004e-10
4.3298339306647e-10
7.511190948813025e-10
7.334374067278928e-10
9.235111181722645e-10
7.595918179454952e-10
1.709355084653114e-09
1.804586592019165e-10
3.476280802749232e-09
-1.365278802824318e-09
2.726617939429658e-08
-5.570242876723261e-08
6.741526506614333e-08
-6.699256145612223e-08
1.152838968138326e-07
-7.54145534328161e-08
1.669365054363948e-07
-8.743985335432674e-08
2.186625832203512e-07
-9.180066335275177e-08
2.657055420957868e-07
-8.742561309040948e-08
3.04602605185977e-07
-7.35851300843934e-08
3.354618807717753e-07
-5.288798346315687e-08
3.583415445358807e-07
-4.195993847097936e-08
3.626543757793989e-07
-3.86580809821534e-08
3.67620889120753e-07
-1.283418267033225e-08
3.768227146786674e-07
2.016008304349e-08
3.90668389044587e-07
5.348941262896483e-08
4.094407543167537e-07
8.176584525486949e-08
4.322928788653225e-07
9.999464512318919e-08
1.050640029249207e-07
4.303276062446765e-07
4.663825876230443e-08
4.414183699145735e-07
4.515930026161223e-08
4.400745368637742e-07
2.439241216054062e-08
4.398983011491965e-07
7.07619816075394e-09
4.440844568443706e-07
-4.680653987706407e-09
4.510432454609715e-07
-1.152467664421318e-08
4.581545483284969e-07
-1.30737516423321e-08
4.62748633272091e-07
-9.109161523676999e-09
4.647456208390317e-07
-4.235123347298379e-09
4.654018853650349e-07
-1.205813894879945e-09
4.655307753778191e-07
4.339840189073638e-10
4.652627875971732e-07
1.996311333565457e-09
4.641141373251985e-07
5.014618746889032e-09
4.606379905552229e-07
1.181851950841507e-08
4.517917001602065e-07
2.578965628308509e-08
4.323656517549762e-07
5.073879772822731e-08
3.968239787807191e-07
8.64456176745312e-08
3.44340965120731e-07
1.235118077141667e-07
2.802465611181524e-07
1.497644449082053e-07
2.107304223504822e-07
1.616755851977776e-07
1.415336113066329e-07
1.583848834137846e-07
7.738109744994545e-08
1.415664418222974e-07
2.818841861295316e-08
1.179181071272955e-07
1.533077174825694e-09
8.390168046606495e-08
2.149517553261458e-09
1.109684935536407e-09
1.857720593499492e-09
2.303134561288567e-10
1.542381183149073e-09
-4.483254748248911e-10
1.182906971340976e-09
-4.339980299905483e-10
7.817372910723197e-10
-1.213852708290161e-10
4.354520475930893e-10
1.207519356978688e-10
2.000118713946061e-10
2.058584364918377e-10
6.554006070438733e-11
1.89368391631145e-10
-3.092075136325234e-12
1.333763207416145e-10
-3.57597693806298e-11
6.915687727164066e-11
-4.99736675209488e-11
6.420158274785021e-12
-5.400655986948194e-11
-5.355172876730458e-11
-5.046068390367415e-11
-1.115993900251052e-10
-3.746312199174735e-11
-1.688485499209383e-10
-7.296320061675735e-12
-2.260522250913608e-10
5.717382668185309e-11
-2.816135757613248e-10
1.852727171468426e-10
-3.250744024717201e-10
4.106393167720385e-10
-3.238998214529338e-10
7.399208088607983e-10
-2.144376834759274e-10
1.112364259466141e-09
6.05398284062113e-11
1.427911913722466e-09
4.178896395079009e-10
1.69181694584127e-09
4.956866738260343e-10
1.97299270320681e-09
-1.007172099115031e-10
1.539879575697355e-09
-9.321657880247946e-10
2.783362327683439e-08
-8.199617258340729e-08
7.576899789918729e-08
-1.149279361982958e-07
1.388638556740446e-07
-1.385094113348599e-07
2.075424382352968e-07
-1.561184360541752e-07
2.767593313339133e-07
-1.610175566046148e-07
3.403587821962611e-07
-1.510250641248245e-07
3.927874571825734e-07
-1.260138052634968e-07
4.296975618452141e-07
-8.979808834107886e-08
4.474189014694628e-07
-5.968127833241054e-08
4.481274118875412e-07
-3.936659164857551e-08
4.485795480272785e-07
-1.328631907647786e-08
4.544956146209621e-07
1.424401613080198e-08
4.673681423399295e-07
4.061688440875563e-08
4.867191731579454e-07
6.241481380342863e-08
5.101764851901109e-07
7.653733262918389e-08
8.190508112242859e-08
4.252335587835433e-07
2.140469994285865e-08
4.454851758573279e-07
2.490768307053881e-08
4.560048045744024e-07
1.387278330203312e-08
4.639638015644387e-07
-8.827989777056573e-10
4.733739403287688e-07
-1.40907929035654e-08
4.843297678194718e-07
-2.248050428875066e-08
4.945321026467667e-07
-2.32760866255932e-08
5.000888978961612e-07
-1.466595693121588e-08
5.016364213935649e-07
-5.782647004943909e-09
5.017755516817243e-07
-1.344944345424411e-09
5.017657568522188e-07
4.43778684086569e-10
5.01807631735311e-07
1.954436284249746e-09
5.017515074535945e-07
5.070742860823882e-09
5.007195230429345e-07
1.285050374983342e-08
4.957814886982824e-07
3.072769045744091e-08
4.797312566271385e-07
6.678902962816493e-08
4.432192123752228e-07
1.229576617547767e-07
3.844142941896281e-07
1.823167257277925e-07
3.118424563676463e-07
2.22336282558434e-07
2.335924303972782e-07
2.399256109968402e-07
1.569228861424166e-07
2.350544274982368e-07
8.818162857475163e-08
2.103076992206621e-07
3.607166196409929e-08
1.700280735702676e-07
7.809134722216366e-10
1.191924287918196e-07
1.742275962439868e-09
1.483222811890576e-10
2.397999026127797e-09
-4.254097696817589e-10
2.171507316080392e-09
-2.218339248388262e-10
1.432225438480593e-09
3.052836896314841e-10
7.306727444175789e-10
5.801672672744036e-10
2.909124594084203e-10
5.605120667225033e-10
7.5100363146544e-11
4.216703805930255e-10
-1.674506525103505e-11
2.812136695763083e-10
-5.357400819420158e-11
1.702051147825225e-10
-6.798838358672391e-11
8.357110514272444e-11
-7.325381220936772e-11
1.168544068399218e-11
-7.47897819882181e-11
-5.201590409359622e-11
-7.444393605877697e-11
-1.119453798683525e-10
-7.130685914605379e-11
-1.719857697668789e-10
-6.067383666561603e-11
-2.366853892672485e-10
-2.962399013688054e-11
-3.126635629670342e-10
5.430851383911787e-11
-4.090070457185499e-10
2.593350778841899e-10
-5.289265236119358e-10
6.828602307888522e-10
-6.379629729263126e-10
1.358970544239616e-09
-6.155706203600407e-10
2.066356203278465e-09
-2.8949615333397e-10
2.281100581984808e-09
2.809421622676542e-10
1.692599013478721e-09
4.877842262614201e-10
9.045190018888067e-10
-1.440859092663345e-10
3.561220900621864e-08
-1.167038627225403e-07
8.678528661965402e-08
-1.661010139507858e-07
1.548197835966915e-07
-2.065439084579338e-07
2.313700825452497e-07
-2.326687351592682e-07
3.099585683487069e-07
-2.396060425786153e-07
3.830878688880961e-07
-2.241543648522563e-07
4.427677587784968e-07
-1.856936953606217e-07
4.80195815310669e-07
-1.27226145100393e-07
4.939408642123089e-07
-7.342632747635433e-08
4.926120285502303e-07
-3.803775623795329e-08
4.909203185722468e-07
-1.159460934296039e-08
4.948273102529876e-07
1.033702417363074e-08
5.0599069367749e-07
2.945350059868174e-08
5.236950019936758e-07
4.471050500737388e-08
5.455353770510717e-07
5.469695721279283e-08
5.981412765278645e-08
4.174546972255428e-07
3.950002496722697e-09
4.341692435658642e-07
8.19313654962635e-09
4.453447531266061e-07
2.69727357574613e-09
4.549097018416087e-07
-1.044774785633102e-08
4.662065010121658e-07
-2.538759223861472e-08
4.796572394722329e-07
-3.593124291469006e-08
4.924237813404976e-07
-3.604262866129761e-08
4.978072705252015e-07
-2.004944628485458e-08
4.977599345432207e-07
-5.735311193467812e-09
4.968985908772421e-07
-4.83600851311248e-10
4.966433473263256e-07
6.990220617724983e-10
4.968712757740194e-07
1.726507662275984e-09
4.978929827867371e-07
4.049035672832935e-09
5.001809187939417e-07
1.056256756678521e-08
5.021601836001037e-07
2.874842547494491e-08
4.944824537944135e-07
7.44667592573993e-08
4.615218230052072e-07
1.559182923674937e-07
3.995333778202357e-07
2.443051707367019e-07
3.226909680525286e-07
2.991786921506114e-07
2.40782453103636e-07
3.218341257711208e-07
1.613007796274727e-07
3.145361008008437e-07
9.102236729919751e-08
2.805861113767873e-07
3.848758329964042e-08
2.225628573991176e-07
8.306475999029447e-10
1.568493643226828e-07
2.440976040607273e-09
-1.462006326789987e-09
3.180411209552842e-09
-1.164845104156556e-09
2.329874090050059e-09
6.287030308116968e-10
1.17051109223766e-09
1.464646525044456e-09
4.410174424214078e-10
1.309660756038799e-09
1.196323216228559e-10
8.818970274976321e-10
-8.405013248901448e-13
5.42143044402248e-10
-4.720369381382137e-11
3.275767034832017e-10
-6.627519422211904e-11
1.892764570141687e-10
-7.302787220789346e-11
9.032362513913682e-11
-7.436497239972267e-11
1.302238295323742e-11
-7.459923866457941e-11
-5.178179569384017e-11
-7.56300502229902e-11
-1.109147261905427e-10
-7.671208316745572e-11
-1.709038944810959e-10
-7.455894429311373e-11
-2.38838685620152e-10
-6.289977147640683e-11
-3.243228926351201e-10
-2.655428045914119e-11
-4.453526930214659e-10
8.268131941748003e-11
-6.381622786509474e-10
3.937546394574859e-10
-9.490364471614668e-10
1.115606541639591e-09
-1.33742267523292e-09
2.27190621333324e-09
-1.445795976586973e-09
3.130718796585881e-09
-5.778705711820056e-10
2.42198824933733e-09
1.196514623934112e-09
8.536030067110997e-10
1.424299183708145e-09
3.801923523719258e-08
-1.538694951043362e-07
8.977493885565989e-08
-2.178567177238854e-07
1.595996871793756e-07
-2.76368656942653e-07
2.392281411204896e-07
-3.122971892703924e-07
3.218001636435943e-07
-3.221780652846204e-07
3.995821143399529e-07
-3.019363157464139e-07
4.624892471196336e-07
-2.486008283547286e-07
4.956122067099541e-07
-1.603491049213715e-07
5.010768906671392e-07
-7.889101167585675e-08
4.949940996036425e-07
-3.195496541924167e-08
4.91351931885317e-07
-7.952441852657771e-09
4.942183221083777e-07
7.470633693149878e-09
5.040354806702584e-07
1.963634170970082e-08
5.198480361252156e-07
2.889794910679162e-08
5.397170626880627e-07
3.48279302922676e-08
3.941442652434962e-08
4.067180491829344e-07
-2.768046764814448e-09
4.101492213209305e-07
4.76196426402065e-09
4.119440219701147e-07
9.024727598380703e-10
4.158242979321891e-07
-1.432802399049001e-08
4.240712033514242e-07
-3.363449783199028e-08
4.369778346863783e-07
-4.883787442515064e-08
4.510081301209762e-07
-5.007292427245247e-08
4.548128789529928e-07
-2.385419529451102e-08
4.529202546468484e-07
-3.8426870658205e-09
4.515882574280879e-07
8.483961880794213e-10
4.515335447241695e-07
7.537345857378177e-10
4.517308687271271e-07
1.529183478808129e-09
4.529127306214024e-07
2.867173597863556e-09
4.575440588665217e-07
5.931239140842252e-09
4.672599295749005e-07
1.903255458597013e-08
4.715251739524568e-07
7.02015146995849e-08
4.466862976709603e-07
1.80757168469414e-07
3.852831192720444e-07
3.057083489567656e-07
3.10647831961995e-07
3.738139792828122e-07
2.325598145153756e-07
3.999221430409695e-07
1.560458977093651e-07
3.910500174313919e-07
8.655207238558221e-08
3.500799365264774e-07
3.503171991258662e-08
2.740832096996114e-07
2.223214859765356e-09
1.896578692044195e-07
5.329259003834772e-09
-4.568050640460522e-09
3.751790307601845e-09
4.126234239314146e-10
1.44226667198882e-09
2.938226499418317e-09
3.559593684248752e-10
2.550953662586741e-09
8.855900138911754e-11
1.577060957605483e-09
3.954856888226679e-11
9.309072949052147e-10
3.541455972956863e-12
5.78149992128733e-10
-3.070389473150502e-11
3.61821888753442e-10
-5.069704633628651e-11
2.092694425811679e-10
-5.738818005438227e-11
9.701459211587945e-11
-5.772064491132289e-11
1.33546802284366e-11
-5.735323067168196e-11
-5.214937835667295e-11
-5.861513379948206e-11
-1.096529921929077e-10
-6.03370568381277e-11
-1.691821411967666e-10
-5.805163860554439e-11
-2.41124273844163e-10
-4.584092298276312e-11
-3.365337783803313e-10
-2.279159365517829e-11
-4.68402192045294e-10
1.330095343557622e-12
-6.622841368798368e-10
4.500556498591438e-11
-9.927120849522415e-10
3.23176113362339e-10
-1.615593390811028e-09
1.436950114176103e-09
-2.55957014312008e-09
3.766106714491253e-09
-2.907027336201094e-09
5.311358987309004e-09
-3.487378126012937e-10
2.117790527360753e-09
4.617867479882327e-09
3.452223095232998e-08
-1.862739356938006e-07
8.53833901900484e-08
-2.68717877129251e-07
1.546335965031998e-07
-3.456188634281651e-07
2.314252813206867e-07
-3.890888742684653e-07
3.102247965643244e-07
-4.009775807190671e-07
3.858127846318708e-07
-3.775243040175482e-07
4.479480935548007e-07
-3.10736137494343e-07
4.724755437161277e-07
-1.848765553106704e-07
4.664264798371727e-07
-7.284194803497833e-08
4.543826411010634e-07
-1.991112691502813e-08
4.497600239745736e-07
-3.329824950294319e-09
4.527182886873447e-07
4.512368746357875e-09
4.616689510330059e-07
1.068567901661342e-08
4.75570390462422e-07
1.499650927975939e-08
4.933246080433518e-07
1.707371243999305e-08
2.089508032160973e-08
3.878409752898876e-07
9.39097772690881e-09
3.670841116808418e-07
2.551882767851661e-08
3.531057294490939e-07
1.48808548075786e-08
3.469450796910726e-07
-8.167374415085968e-09
3.478862163306163e-07
-3.457563465456876e-08
3.559333849768102e-07
-5.688504325492963e-08
3.680422302154274e-07
-6.218176969530201e-08
3.659779126252489e-07
-2.178987788903751e-08
3.643777258857786e-07
-2.242500511516273e-09
3.651149085963894e-07
1.112132921033901e-10
3.667667928894759e-07
-8.981498928838723e-10
3.676719523183064e-07
6.240238645581953e-10
3.683764485650973e-07
2.16267716584226e-09
3.714386544398326e-07
2.869033081382848e-09
3.817752898152603e-07
8.695919026463991e-09
3.938005454576255e-07
5.817625887396576e-08
3.881944179849358e-07
1.863632957598536e-07
3.360038235955492e-07
3.578989431650768e-07
2.758375278801173e-07
4.339802748183877e-07
2.1413817026492e-07
4.616215004775884e-07
1.501442939497412e-07
4.550438935693491e-07
8.532764024594854e-08
4.148965900544015e-07
3.33660526036428e-08
3.260447971674245e-07
1.600776936064987e-08
2.070161522742199e-07
9.303382459862937e-09
2.136336088313999e-09
1.658689724653186e-09
8.057315988079731e-09
-5.241297810584311e-10
5.121045834961961e-09
-2.928248172106359e-10
2.319648528903334e-09
3.446115315322682e-11
1.249774817625818e-09
8.814142477502146e-11
8.772268532818313e-10
3.955399296320345e-11
6.267372534734946e-10
-4.009219048650178e-12
4.053849292860628e-10
-2.445181939246613e-11
2.297118704432132e-10
-3.020387344444483e-11
1.027664722993481e-10
-3.017665881749238e-11
1.332729049059464e-11
-2.964170902888818e-11
-5.268450465433226e-11
-3.056400643653097e-11
-1.087308724133138e-10
-3.185414529869803e-11
-1.678921810026936e-10
-2.919131731329841e-11
-2.437872811741869e-10
-1.468368488818831e-11
-3.510415905642839e-10
1.936470404682447e-11
-5.024507607926464e-10
5.595808455492216e-11
-6.988776968832985e-10
-5.638545665995397e-12
-9.311156336511572e-10
-3.216725896974334e-10
-1.299559524725767e-09
-5.078222808509027e-10
-2.373420628920242e-09
1.734904177985307e-09
-5.149753970786877e-09
9.362352126188802e-09
-7.976185935757135e-09
1.586150656138215e-08
-1.881287129766365e-09
3.305201123573621e-08
-2.034644405433685e-07
8.463139373663316e-08
-3.202972598070575e-07
1.494265314359457e-07
-4.104140013086825e-07
2.137216230397252e-07
-4.533839660591112e-07
2.759525719709644e-07
-4.632085298460565e-07
3.368849433910691e-07
-4.384566756420318e-07
3.897048005559528e-07
-3.635559948740889e-07
3.948156423032076e-07
-1.899873972791402e-07
3.81954325654045e-07
-5.998063161333641e-08
3.712585123805202e-07
-9.215313857218053e-09
3.698455507914611e-07
-1.916863571305597e-09
3.738054141059317e-07
5.525051998537027e-10
3.8118463467365e-07
3.306458168734476e-09
3.912362560368603e-07
4.944887547110519e-09
4.033642655717986e-07
4.945702461503178e-09
9.780134798800666e-09
3.278834154431881e-07
8.150756216923843e-08
2.864137801786773e-07
6.69884627727331e-08
2.635105092697593e-07
3.778412553210371e-08
2.490184681940263e-07
6.324666472478138e-09
2.370268739489311e-07
-2.258404059881335e-08
2.249307861585259e-07
-4.478895565439762e-08
2.082124312807491e-07
-4.546341500766361e-08
2.190766625803735e-07
-3.265410937892267e-08
2.449107494702407e-07
-2.807658759159916e-08
2.550418963725225e-07
-1.001993380019427e-08
2.562834250056397e-07
-2.139678715699212e-09
2.568615751606673e-07
4.587352036175993e-11
2.58364300400894e-07
6.599517370714509e-10
2.582536102681939e-07
2.979723026453374e-09
2.502094477289565e-07
1.674008137890926e-08
2.462565577560251e-07
6.212914866140875e-08
2.209679920461645e-07
2.116518612854016e-07
2.244365474529124e-07
3.544303875755704e-07
2.136594895967372e-07
4.447573324930072e-07
1.943865479589401e-07
4.808944419353922e-07
1.644404661003512e-07
4.849899752490272e-07
1.233407741518668e-07
4.559962818254992e-07
8.097049718026818e-08
3.684150739624945e-07
6.753482186458208e-08
2.20451827414601e-07
5.331053984536266e-09
6.43401037934933e-08
-3.555848373522553e-09
1.694421817231182e-08
-1.242500128949289e-09
2.807697416526126e-09
1.389258050196007e-10
9.382224215324639e-10
2.447014818115017e-10
1.143998966665344e-09
1.08685931227334e-10
1.013242229514803e-09
3.470397059410221e-11
7.007190383173441e-10
9.48175050584906e-12
4.306069728724335e-10
7.62958647758075e-13
2.384304838882146e-10
-1.972758654538658e-12
1.05502010188635e-10
-1.996251280123455e-12
1.335060162534429e-11
-1.629176257136966e-12
-5.305176214022253e-11
-2.012492485317714e-12
-1.083477405549693e-10
-2.453501889285075e-12
-1.674513566094493e-10
-1.069531367335811e-12
-2.451714381572464e-10
4.976689370040811e-12
-3.570879978599128e-10
2.542546476162055e-11
-5.228997235590768e-10
9.080910319468251e-11
-7.642615221534586e-10
2.134639100997072e-10
-1.053770627518739e-09
9.91253628416556e-11
-1.185221163304536e-09
-1.25249308728976e-09
-1.021802364164919e-09
-3.459265830111307e-09
-2.942981411918471e-09
5.573213198579104e-09
-1.700866514789886e-08
6.759413952769535e-08
-6.390221364138868e-08
8.146714791960375e-08
-2.173374491180408e-07
1.239194782935364e-07
-3.627495903647719e-07
1.651766125655392e-07
-4.516711357671386e-07
1.95302086746713e-07
-4.835094404311437e-07
2.147019859205791e-07
-4.826084292161007e-07
2.255814567387152e-07
-4.493361466634064e-07
2.219631461417093e-07
-3.599376844845616e-07
2.469229330111524e-07
-2.149471843621092e-07
2.502016847362436e-07
-6.325938354778082e-08
2.582797954260347e-07
-1.729342475654964e-08
2.597233484991556e-07
-3.36041683833983e-09
2.614383035443696e-07
-1.162450050839085e-09
2.658945036370797e-07
-1.149742228303038e-09
2.716898750711604e-07
-8.504843389642285e-10
2.763624858626758e-07
2.730915800802613e-10
-1.463275440232827e-09
7.34546730078908e-08
8.052888951549765e-09
1.153524538244026e-07
2.509068175514514e-08
1.337191665042576e-07
1.941741265744417e-08
1.347546223378069e-07
5.289210444898038e-09
1.216720806078216e-07
-9.501499062919406e-09
9.650453230613575e-08
-1.962140754683946e-08
6.97923778441169e-08
-1.875126073968197e-08
4.292907525226341e-08
-5.790806980900264e-09
8.747887441254968e-09
6.104600025986196e-09
-8.525119553330851e-11
-1.186795356337166e-09
-5.615325564977033e-10
-1.663397546936348e-09
-3.265337700897501e-10
-1.891254574997608e-10
-1.388567836269163e-09
1.721985612830762e-09
-3.421997070394114e-09
5.013152071100345e-09
4.985660236517185e-09
8.332423883906413e-09
6.407604620325506e-08
3.038762507662495e-09
7.745428453343615e-08
1.982736227699201e-07
1.210789319021899e-07
3.108057400227296e-07
1.650413701598111e-07
4.007948940529774e-07
1.994911617930691e-07
4.464446501207362e-07
2.240992790546942e-07
4.603818578075445e-07
2.403635164398349e-07
4.397320442611643e-07
2.41557929799434e-07
3.67220660424958e-07
2.716702977092724e-07
1.903394593270105e-07
2.802459878385903e-07
5.57644134873518e-08
2.922564701694291e-07
4.933735664393828e-09
2.951257193264054e-07
-6.155191693775952e-11
2.959137895795569e-07
1.501519910417231e-10
2.971695808729769e-07
-1.117925040309587e-10
2.986293802829375e-07
-4.465573591981559e-10
2.99873396845123e-07
-5.432977030132029e-10
3.007964201879653e-07
-4.92416551065986e-10
3.014365139090067e-07
-4.016634189186698e-10
3.018523531471614e-07
-3.103374119318705e-10
3.02089304312121e-07
-2.236007480124057e-10
3.0217563649349e-07
-1.393841303818009e-10
3.021230194793816e-07
-5.573091384056158e-11
3.019271363297273e-07
2.843160370002812e-11
3.015676359491808e-07
1.143287529021004e-10
3.010080674974606e-07
2.024802628493889e-10
3.001994005391567e-07
2.857670440933297e-10
2.991117218499517e-07
3.234169754354051e-10
2.978514156374649e-07
2.065353942757586e-10
2.968286437113807e-07
-1.624494282439093e-10
2.962989860296662e-07
-4.921448720362588e-10
2.937158684720362e-07
-3.598640437176727e-10
2.819072625114528e-07
-5.200059375141508e-09
2.729367842072534e-07
-5.493173552484318e-08
2.430291719753574e-07
-1.874298370728906e-07
2.425453267611004e-07
-3.622657453380358e-07
2.266508679958531e-07
-4.357766771905063e-07
2.020795246691742e-07
-4.589380972956484e-07
1.674112944260228e-07
-4.479401991675432e-07
1.229491344154626e-07
-4.048739868500645e-07
7.851358146890566e-08
-3.155021317383624e-07
6.481414296410177e-08
-2.012477460559512e-07
5.000946095315316e-09
-3.44618687739204e-09
-3.485780344163155e-09
-8.806698501180035e-09
-1.320125188855248e-09
-5.526072167347011e-09
-1.452116117128078e-11
-2.468054269893274e-09
1.726291779100588e-11
-1.181526535218836e-09
-1.434441375951021e-10
-6.89777395735937e-10
8.145597748645641e-10
-6.849126989893171e-10
-6.487156241564632e-10
1.632616100354545e-08
-8.273272193989264e-09
4.236369385819619e-08
-9.46851283697877e-10
5.820238377557229e-08
3.578722547040992e-09
6.053122411199918e-08
2.96036991305448e-09
5.022513540740466e-08
8.045894461178879e-10
2.995167597427172e-08
6.520516905080755e-10
1.082072560564773e-08
3.796894338689563e-10
5.318454197562654e-09
-2.885357677836125e-10
6.192956628496857e-09
5.230097401243523e-09
2.282072209879481e-09
2.724088868769044e-09
6.354367517752568e-11
5.551307957620909e-10
-6.682984545984854e-10
5.42716480687744e-10
-6.992236618616189e-10
1.752910630321358e-09
1.685077307664889e-09
2.628850912305487e-09
9.328218861993327e-09
6.892821423033063e-10
1.626977067266085e-08
-3.90278948972999e-09
3.613251634004629e-08
1.784108769181845e-07
8.979325435815582e-08
2.571450018206996e-07
1.579275328853289e-07
3.326606153442449e-07
2.272172322736178e-07
3.771549505509543e-07
2.958544271434971e-07
3.917446627583667e-07
3.642873705500067e-07
3.712991006749337e-07
4.252148804120677e-07
3.062931503850745e-07
4.367279511634813e-07
1.788263883966373e-07
4.284735558100337e-07
6.401880866341626e-08
4.218438243469685e-07
1.156346694846341e-08
4.22682046567594e-07
-8.997743151657707e-10
4.258402869221215e-07
-3.008088543277983e-09
4.289564819372589e-07
-3.227987697862205e-09
4.31489702829829e-07
-2.979778433222563e-09
4.334268638474872e-07
-2.480458901229953e-09
4.348455803305994e-07
-1.911133217926748e-09
4.358349100713121e-07
-1.390993342534391e-09
4.364792396169361e-07
-9.546671439055755e-10
4.368465606676903e-07
-5.909219841586896e-10
4.369812976659906e-07
-2.741213176132283e-10
4.3690195523031e-07
2.361133412881056e-11
4.366009796812088e-07
3.294069616014365e-10
4.36045759194622e-07
6.695490499012482e-10
4.351815913795189e-07
1.066647885045835e-09
4.339387976994215e-07
1.528560533415438e-09
4.322437251271611e-07
2.018489353894676e-09
4.300327012780798e-07
2.417559052341084e-09
4.273247498163608e-07
2.545501839845613e-09
4.246326058811533e-07
2.199998873062372e-09
4.242212936360123e-07
5.144800908596779e-11
4.310468547083091e-07
-1.202562063571669e-08
4.392435024339762e-07
-6.312838344095363e-08
4.277126415715354e-07
-1.758989763967725e-07
3.674986654689336e-07
-3.020517694246608e-07
2.995544536159445e-07
-3.678324655234765e-07
2.309232690277511e-07
-3.903069128975725e-07
1.611917220146705e-07
-3.782086523416237e-07
9.217616383028283e-08
-3.358584288567029e-07
3.72954948772484e-08
-2.606214629704652e-07
1.672786081302694e-08
-1.806801121769333e-07
9.492182172185332e-09
3.789491590840093e-09
1.698396689451621e-09
-1.012913181838584e-09
-6.519857784075455e-10
-3.175689843355274e-09
-5.619112184714313e-10
-2.558128956590475e-09
-2.364577686211917e-10
-1.506980110769485e-09
1.301695969239068e-11
-9.392523268107752e-10
1.242173529425352e-10
-7.96112967990025e-10
-5.244982766385901e-10
2.251441505752839e-09
-1.052471389210175e-08
1.065953373684522e-08
-9.354943711334476e-09
1.794327689576813e-08
-3.705020806429009e-09
1.966441157892277e-08
1.239235036222448e-09
1.524137079949801e-08
5.227630031463041e-09
6.866268515313502e-09
9.027153781760894e-09
1.125998030163196e-10
7.133357952960077e-09
-2.701687782285142e-09
2.525751626005814e-09
1.386777660833325e-09
1.141631766415335e-09
2.011062889002659e-09
2.099803451087557e-09
1.005885652162078e-09
1.560307842856903e-09
4.943064546108307e-10
1.054295491144516e-09
1.410765433960767e-09
8.364514634952242e-10
3.933352393081573e-09
1.062637687462271e-10
5.917647209596735e-09
-1.295012859267835e-09
3.256717050569501e-09
-1.241859512329942e-09
3.823439041443855e-08
1.434332033717801e-07
9.276513661557311e-08
2.026142554408455e-07
1.667284414694791e-07
2.586973103100511e-07
2.491854212233762e-07
2.946979706207369e-07
3.34635580429644e-07
3.062945033734138e-07
4.17679190160415e-07
2.88255490769462e-07
4.875587836546155e-07
2.364135567128426e-07
5.187399101373349e-07
1.476452617398161e-07
5.183863496008105e-07
6.437236902157728e-08
5.117089643000052e-07
1.824085207494727e-08
5.099482576031368e-07
8.609322023524377e-10
5.113987725447552e-07
-4.458603660048976e-09
5.135862229559503e-07
-5.415438289985988e-09
5.154947508334095e-07
-4.888306487246336e-09
5.169211253343519e-07
-3.906833585153237e-09
5.179121207877343e-07
-2.902128849655437e-09
5.185605248846748e-07
-2.039397624729221e-09
5.189541977074592e-07
-1.348340146945847e-09
5.191617819739795e-07
-7.985064382129925e-10
5.192271841430833e-07
-3.395236688239911e-10
5.191682981436915e-07
8.24971438602604e-11
5.189772975589362e-07
5.20407362602012e-10
5.1862166006371e-07
1.025186353631886e-09
5.180459389674238e-07
1.642368796284343e-09
5.171772980113529e-07
2.397201296633563e-09
5.159381452990868e-07
3.257641880409397e-09
5.142901644962945e-07
4.065539661697625e-09
5.124212030644937e-07
4.414463086106462e-09
5.112872221482931e-07
3.333979596345811e-09
5.132527447501944e-07
-1.914074777036427e-09
5.199710911606994e-07
-1.874396723747633e-08
5.204281493702035e-07
-6.358544183246346e-08
4.897088458444449e-07
-1.45179673059971e-07
4.206628173343497e-07
-2.330057410943746e-07
3.382336454364383e-07
-2.854032938125579e-07
2.528796308106696e-07
-3.049528984499288e-07
1.699326925649514e-07
-2.952617142805192e-07
9.494583839258368e-08
-2.608715748586576e-07
3.916350877569465e-08
-2.048391335305537e-07
3.424924834794957e-09
-1.449415283985994e-07
5.994053583951121e-09
1.220362683220317e-09
3.885950053059449e-09
1.095190212871627e-09
1.218428822489576e-09
-5.08168733017496e-10
-1.806535846060088e-11
-1.321634884833532e-09
-2.395150091430681e-10
-1.285530538010193e-09
-1.427655453334012e-10
-1.036001734291367e-09
-9.657413608923921e-11
-8.423044042587357e-10
-6.210723385478847e-10
-2.202562065528476e-09
-8.322151983141689e-09
-1.77964622295787e-09
-9.777859737264821e-09
-3.233048078184791e-11
-5.452336735870005e-09
9.213592459620922e-10
2.855451217781909e-10
5.404302292830702e-10
5.608558860571672e-09
-1.424248591931949e-10
9.71000868342789e-09
-6.140934390388231e-10
7.605026346500803e-09
-1.993516028677077e-09
3.905174030494881e-09
-4.474040227007911e-10
-4.044804240194944e-10
9.211199584610086e-10
7.312792869447223e-10
1.331512103840335e-09
1.149915515287338e-09
1.604405836168002e-09
7.814015783268566e-10
2.460054002025918e-09
-1.919688206428573e-11
3.485427512282338e-09
-9.191099193836013e-10
3.36521723189851e-09
-1.174802756108952e-09
2.286978539385021e-09
-1.636209951617189e-10
4.150744951481738e-08
1.04212732221607e-07
9.719050373504909e-08
1.469312010476658e-07
1.715384676259866e-07
1.843493462464199e-07
2.561582738614925e-07
2.100781642140537e-07
3.443298867128625e-07
2.181228903506707e-07
4.281693166648292e-07
2.04416060647241e-07
4.970352149828321e-07
1.675476582238571e-07
5.352236558641246e-07
1.094568206881865e-07
5.460400316532604e-07
5.35559930609134e-08
5.46044974678504e-07
1.82359088785467e-08
5.452306665558906e-07
1.675240152354499e-09
5.453223283515132e-07
-4.550265628073486e-09
5.458734453847058e-07
-5.966555497244653e-09
5.464496113787532e-07
-5.464472655254575e-09
5.468940095923234e-07
-4.351231974472327e-09
5.47189588077733e-07
-3.197707510705571e-09
5.473645974188516e-07
-2.214407143316687e-09
5.474544364190912e-07
-1.43817932447465e-09
5.4748899065694e-07
-8.330608551810256e-10
5.474879410352196e-07
-3.384742259463611e-10
5.474593205568827e-07
1.111174415406531e-10
5.473994310531177e-07
5.802966860920619e-10
5.472934324560048e-07
1.131184768710699e-09
5.471167081199317e-07
1.819092950850649e-09
5.468390758348632e-07
2.674833398601581e-09
5.464355804595558e-07
3.661137073400384e-09
5.459188292414699e-07
4.582290696241844e-09
5.454283135086317e-07
4.904978636612521e-09
5.453678443277387e-07
3.394448594273374e-09
5.461564265850926e-07
-2.702657215639648e-09
5.461390440598263e-07
-1.872658489341903e-08
5.355635455300766e-07
-5.300994348180171e-08
4.980753758036352e-07
-1.076915035120138e-07
4.301643043508528e-07
-1.650946698178211e-07
3.47021105312633e-07
-2.022600949494837e-07
2.590317139269019e-07
-2.169635072366125e-07
1.739985640997317e-07
-2.102285646230406e-07
9.871847904185962e-08
-1.855914899652849e-07
4.201651363143032e-08
-1.481371682774524e-07
2.169429932224258e-09
-1.050944448465553e-07
3.215804808280069e-09
1.73987673030728e-10
3.217191214522291e-09
1.093803689102049e-09
1.944253548161669e-09
7.647688339567134e-10
6.999915515665902e-10
-7.737296881190054e-11
6.687864521580082e-11
-6.524176951599286e-10
-1.164210599020933e-10
-8.527020740929088e-10
-1.075665616750838e-10
-8.511587688857433e-10
-7.286388704975167e-10
-2.991622522576839e-09
-5.330529629490664e-09
-5.590645491316542e-09
-7.1788369533742e-09
-6.536033837205838e-09
-4.506948573959178e-09
-6.162024226208969e-09
-8.846467429541998e-11
-4.779871892289435e-09
4.226406343787453e-09
-2.339117379512311e-09
7.269253986702214e-09
-5.01674707303412e-10
5.767583493424235e-09
-2.047258434641105e-10
3.608224984399305e-09
-1.732367428331677e-10
-4.359697029917005e-10
5.433819035705628e-10
1.466046036163221e-11
1.295105066640366e-09
3.981921767653648e-10
1.861477642250228e-09
2.150288247752189e-10
2.289869364635032e-09
-4.475887769038547e-10
2.466821829222525e-09
-1.096062559805377e-09
2.447858098927255e-09
-1.155839195440105e-09
2.818522034203442e-09
-5.34285104489789e-10
3.962392258232299e-08
6.740733150638832e-08
9.32900465737631e-08
9.326507688351601e-08
1.631460354972528e-07
1.144933571577603e-07
2.421061928621227e-07
1.311180066770379e-07
3.238217814001989e-07
1.364073016485434e-07
4.005057129846856e-07
1.277321288902939e-07
4.632984447023201e-07
1.047549263423741e-07
5.026408410931865e-07
7.011442412366611e-08
5.19986436042586e-07
3.621039794709174e-08
5.251639047038228e-07
1.305844004190128e-08
5.258794921110663e-07
9.596525797295516e-10
5.253312399234898e-07
-4.002013617852862e-09
5.245560202902389e-07
-5.19133603044905e-09
5.238307955187742e-07
-4.739248063094163e-09
5.232268240122754e-07
-3.747260635462128e-09
5.227551046581955e-07
-2.725988337732818e-09
5.224047530589725e-07
-1.864055712461077e-09
5.221599370911832e-07
-1.193363539390563e-09
5.220068468373127e-07
-6.799707704010805e-10
5.219362393909482e-07
-2.678669637113387e-10
5.219441019295637e-07
1.032547332025277e-10
5.220315663131378e-07
4.928321170871293e-10
5.222046538802904e-07
9.580970312522764e-10
5.224731888237835e-07
1.550557820784452e-09
5.22847906315441e-07
2.300115736188353e-09
5.23333369167236e-07
3.175674034266026e-09
5.239125652375014e-07
4.003094455173906e-09
5.245092434369002e-07
4.308300249891597e-09
5.248519441692466e-07
3.051747691853284e-09
5.239476137348631e-07
-1.798326967363367e-09
5.187193521370262e-07
-1.349832346389857e-08
5.016527981635302e-07
-3.59433896917534e-08
4.630101097044952e-07
-6.904881521845779e-08
4.011259037104415e-07
-1.032104640030076e-07
3.251570409881292e-07
-1.262912323884625e-07
2.437237869898811e-07
-1.355302534107552e-07
1.645353165544367e-07
-1.310400943413097e-07
9.400950088473786e-08
-1.15065674454825e-07
3.967574236424199e-08
-9.380340989517196e-08
2.424886009856724e-09
-6.784358862769056e-08
2.039789165073009e-09
5.590844050186345e-10
1.960181127870506e-09
1.17341162549373e-09
1.585140134859596e-09
1.139809749492181e-09
9.560865051880763e-10
5.516805878881416e-10
4.134198197315555e-10
-1.097510625134658e-10
1.05922040553194e-10
-5.452042590462712e-10
-1.564799130436537e-12
-7.436718968369965e-10
-7.302036145488159e-10
-2.627151067172886e-09
-2.703378723218417e-09
-5.827080025344173e-09
-3.978908174324697e-09
-7.668425566353467e-09
-2.665603213848635e-09
-7.626074427477539e-09
-1.308159929280401e-10
-5.832018187197548e-09
2.432349923673553e-09
-2.678090439877212e-09
4.115326061537071e-09
-3.051349647440706e-10
3.394627840349455e-09
8.576106793819046e-10
2.44547916481077e-09
6.254334608569083e-10
-2.037926601880372e-10
8.078261227062688e-10
-1.677323742677629e-10
1.251724837665261e-09
-4.570671155760577e-11
1.59828343616207e-09
-1.315299437662667e-10
1.643752015697216e-09
-4.930575276055159e-10
1.500199194936872e-09
-9.525099066167222e-10
1.644323372043195e-09
-1.299963541990664e-09
2.383321324721365e-09
-1.273283222800347e-09
3.304506390538434e-08
3.674558875741597e-08
7.976595953657844e-08
4.654418108800464e-08
1.389652939114957e-07
5.529402261489211e-08
2.053140744541922e-07
6.476922597052355e-08
2.736997904462878e-07
6.802158548803697e-08
3.375196758657619e-07
6.391224330669923e-08
3.898793733701932e-07
5.239522866832138e-08
4.247596586061809e-07
3.523413872256895e-08
4.427019594643445e-07
1.826809691756385e-08
4.494916535401146e-07
6.268745799684493e-09
4.507020597525298e-07
-2.507538059095974e-10
4.496390369410089e-07
-2.938990974075372e-09
4.479371863883172e-07
-3.489485652662797e-09
4.462868627082015e-07
-3.088924551789688e-09
4.449326336873506e-07
-2.393031790896986e-09
4.439166238638482e-07
-1.709978683798901e-09
4.432018299056453e-07
-1.149261931595947e-09
4.427319594467742e-07
-7.234932505675952e-10
4.424574107601615e-07
-4.054222619268864e-10
4.423450856005963e-07
-1.555419745091349e-10
4.423811619731195e-07
6.71781818748098e-11
4.425711246432947e-07
3.028692762843013e-10
4.429387458766401e-07
5.904756185097973e-10
4.435228219214118e-07
9.664816051580212e-10
4.443675418803729e-07
1.45539559740595e-09
4.454981523114945e-07
2.045063432269874e-09
4.468664671191778e-07
2.634779467724938e-09
4.482355151812987e-07
2.939252017452735e-09
4.489450072692743e-07
2.342255425116294e-09
4.474351476959749e-07
-2.884675628256188e-10
4.405275897058485e-07
-6.590765650131522e-09
4.227919907395411e-07
-1.82077908912666e-08
3.884808845020905e-07
-3.473770915310817e-08
3.368818795136943e-07
-5.161145917558869e-08
2.73722118911917e-07
-6.313147195171697e-08
2.056865226904791e-07
-6.749465734200047e-08
1.393016845075056e-07
-6.465525631081506e-08
7.970833300135167e-08
-5.547232308602103e-08
3.266714700215438e-08
-4.676222402629275e-08
1.760623884935747e-09
-3.693706562226373e-08
1.037348810766798e-09
1.282359380893357e-09
8.507230738906543e-10
1.360037284500636e-09
9.213131971629535e-10
1.069219563305551e-09
8.578772240077132e-10
6.151165101700135e-10
6.271484352714693e-10
1.209776847178012e-10
3.618850469519792e-10
-2.799408851189836e-10
1.468078098130302e-10
-5.285945634129685e-10
-5.833957612480935e-10
-1.883713908306642e-09
-8.196649624399718e-10
-4.550424081777894e-09
-1.312198162674125e-09
-6.298019542670275e-09
-9.180079163626168e-10
-6.378057474252328e-09
-5.077822360792211e-11
-4.819166106950817e-09
8.734583938184333e-10
-2.009957990927516e-09
1.306117784951866e-09
1.048610971299752e-10
1.279808591409422e-09
1.358509112223271e-09
1.191830991265527e-09
1.254156546245644e-09
-9.944025318837935e-11
1.214877328244489e-09
-1.284533124484868e-10
1.288613215722766e-09
-1.194427560935987e-10
1.308413964928631e-09
-1.513308469658275e-10
1.096256093647868e-09
-2.808998117203855e-10
6.782188970027677e-10
-5.344728621518608e-10
3.839590842984416e-10
-1.005703883554472e-09
8.386216256925841e-10
-1.727945915135682e-09
2.391903804188401e-08
1.366517218744651e-08
5.719074464699261e-08
1.327247433254965e-08
9.808974338138501e-08
1.439502372651144e-08
1.443682580647266e-07
1.849071113674849e-08
1.925707942209287e-07
1.981904917698851e-08
2.376789451374786e-07
1.880409223904242e-08
2.747130913410588e-07
1.536108230852261e-08
2.998245265125358e-07
1.012270339888263e-08
3.131566786145088e-07
4.935944657706289e-09
3.181331803289762e-07
1.292243931760398e-09
3.185162274272187e-07
-6.338010636665689e-10
3.169254670912462e-07
-1.348230792651224e-09
3.148305136440508e-07
-1.39453236634964e-09
3.129036889816058e-07
-1.162100044692793e-09
3.113754195800356e-07
-8.647625512441012e-10
3.102634090270184e-07
-5.979682866180451e-10
3.095044980069011e-07
-3.903510741271409e-10
3.090203996089054e-07
-2.393950086578975e-10
3.08746020084447e-07
-1.310429006418163e-10
3.086392230235963e-07
-4.874506986812334e-11
3.086829243602605e-07
2.347668161149305e-11
3.088848431020431e-07
1.009503782012804e-10
3.092765018873867e-07
1.988166691974777e-10
3.099106077734947e-07
3.323755627023264e-10
3.108515876960637e-07
5.14415510654459e-10
3.121494429715939e-07
7.472080005630142e-10
3.137795064960503e-07
1.004715779323717e-09
3.155198622253463e-07
1.198896132724161e-09
3.167321457692309e-07
1.129971718419855e-09
3.160167200482321e-07
4.26958004487587e-10
3.108596708261157e-07
-1.433716588317165e-09
2.976057630002242e-07
-4.953883215835005e-09
2.728600943602084e-07
-9.992040668923714e-09
2.363701631502249e-07
-1.512152811062793e-08
1.91787604098064e-07
-1.854891304777371e-08
1.439249162440544e-07
-1.963196962359223e-08
9.773101287486286e-08
-1.846135307635535e-08
5.66188327615571e-08
-1.436014309159016e-08
2.324776653863601e-08
-1.339115791500749e-08
1.169943132557779e-10
-1.38062934895863e-08
-3.227827236917473e-10
1.722136337716537e-09
-1.771896125184949e-11
1.054973462376532e-09
4.340608464680111e-10
6.174397105789972e-10
7.046670334647118e-10
3.445102814459891e-10
7.190724092265004e-10
1.065722717280022e-10
5.447342368718528e-10
-1.056026810540519e-10
2.701666407389504e-10
-2.540268968883803e-10
-3.132290887030201e-10
-8.196650292555336e-10
-2.131863263292187e-09
-3.049871250545841e-09
-3.100649545491028e-09
-2.227191221931442e-09
-9.210735077119115e-10
3.587350143190692e-10
1.55056593556674e-09
1.451125613961632e-09
1.322672232219488e-09
1.203229408655073e-09
1.051898493017998e-09
7.709986146367247e-10
2.365256842151871e-10
-7.691782654297076e-10
-2.497124248716229e-09
1.116804787293909e-08
2.444052213716555e-08
3.883554579790476e-08
5.732625686588951e-08
7.71453059768879e-08
9.594939814652578e-08
1.113104803886694e-07
1.214331837173849e-07
1.263691283082466e-07
1.276613721690766e-07
1.270275710381478e-07
1.256793401739077e-07
1.24284807739995e-07
1.231227076231956e-07
1.222579450042149e-07
1.21659976645104e-07
1.212696255031684e-07
1.210302304217281e-07
1.20899187453263e-07
1.208504423103773e-07
1.208739189241667e-07
1.209748692291484e-07
1.211736858305333e-07
1.215060613198795e-07
1.22020476762794e-07
1.227676846900434e-07
1.237724004018972e-07
1.249712964617206e-07
1.261012681133202e-07
1.265282260459085e-07
1.250945093919974e-07
1.201406261061056e-07
1.101485853736741e-07
9.502705719613395e-08
7.647814408843883e-08
5.684617440344325e-08
3.838482127358856e-08
2.402467813013698e-08
1.063352017221933e-08
-3.17277335572154e-09
-1.450637047023224e-09
-3.956636067305943e-10
2.217760852661762e-10
5.662863460110979e-10
6.72858611666404e-10
5.672559537853759e-10
3.132290887030519e-10
)
;

boundaryField
{
    inletLower
    {
        type            calculated;
        value           nonuniform List<scalar> 8(-3.999999999999997e-07 -4.000000000000004e-07 -3.999999999999997e-07 -4.000000000000004e-07 -3.999999999999997e-07 -4.000000000000004e-07 -3.999999999999997e-07 -4.000000000000004e-07);
    }
    inletUpper
    {
        type            calculated;
        value           nonuniform List<scalar> 8(-4.000000000000032e-07 -3.999999999999977e-07 -3.999999999999977e-07 -4.000000000000004e-07 -4.000000000000004e-07 -4.000000000000004e-07 -4.000000000000004e-07 -4.000000000000004e-07);
    }
    outletLower
    {
        type            calculated;
        value           nonuniform List<scalar> 8(2.240969881451754e-07 3.209061733710643e-07 3.922839455252975e-07 4.282134101023325e-07 4.30574629173847e-07 3.984613258849319e-07 3.308862875042476e-07 2.294192882888304e-07);
    }
    outletUpper
    {
        type            calculated;
        value           nonuniform List<scalar> 8(3.158962584632022e-07 4.54254230634647e-07 5.33335406858249e-07 5.676263303861527e-07 5.601167637221041e-07 5.118439540837727e-07 4.14479211048274e-07 2.876058958881956e-07);
    }
    sideWalls
    {
        type            calculated;
        value           uniform 0;
    }
    topBottomWalls
    {
        type            calculated;
        value           uniform 0;
    }
    frontAndBack
    {
        type            symmetry;
        value           uniform 0;
    }
}


// ************************************************************************* //
