/*--------------------------------*- C++ -*----------------------------------*\
| =========                 |                                                 |
| \\      /  F ield         | OpenFOAM: The Open Source CFD Toolbox           |
|  \\    /   O peration     | Version:  2506                                  |
|   \\  /    A nd           | Website:  www.openfoam.com                      |
|    \\/     M anipulation  |                                                 |
\*---------------------------------------------------------------------------*/
FoamFile
{
    version     2.0;
    format      ascii;
    arch        "LSB;label=32;scalar=64";
    class       surfaceScalarField;
    location    "5000";
    object      phi;
}
// * * * * * * * * * * * * * * * * * * * * * * * * * * * * * * * * * * * * * //

dimensions      [0 3 -1 0 0 0 0];

oriented        oriented;

internalField   nonuniform List<scalar> 
8064
(
-1.261489299705586e-10
1.261494589997212e-10
-2.47330908362404e-10
1.211826544305194e-10
-3.195030117568199e-10
7.217280908606559e-11
-3.286737262541859e-10
9.171420664545322e-12
-2.871031443027937e-10
-4.156989086507874e-11
-2.314886979073381e-10
-5.561377488571294e-11
-1.923074989621826e-10
-3.918055707930454e-11
-1.767113295345279e-10
-1.559555657999766e-11
-1.769211075806886e-10
2.103521958179896e-13
-1.831102677580708e-10
6.189699435107052e-12
-1.849327548333443e-10
1.822981793423458e-12
-1.699337524139136e-10
-1.499854581820827e-11
-1.310381113358223e-10
-3.889523206793374e-11
-7.348543010305723e-11
-5.755231120431399e-11
-1.146593930454611e-11
-6.201916884582402e-11
4.061036683642347e-11
-5.207602191729872e-11
7.324379509328705e-11
-3.263319029466331e-11
8.277501240367012e-11
-9.531014013656748e-12
7.115874145818021e-11
1.161643173378217e-11
4.538151559386308e-11
2.57773564741593e-11
1.544278767927936e-11
2.993882125114265e-11
-8.936783704401504e-12
2.437963999389574e-11
-2.114279192400733e-11
1.220604575164575e-11
-1.891802443039223e-11
-2.224748759025474e-12
-4.108603656261834e-12
-1.480942649986922e-11
1.863438363578433e-11
-2.274300588049645e-11
4.37058541317175e-11
-2.507150699953189e-11
6.633361696132608e-11
-2.262780665635431e-11
8.366094068560343e-11
-1.732737939838812e-11
9.480530048219766e-11
-1.114441794802408e-11
1.001112439200049e-10
-5.306008132046953e-12
1.001862029502909e-10
-7.502222954892417e-14
9.527635984983159e-11
4.909777739172479e-12
8.524491393741504e-11
1.003138507673349e-11
7.006079371491576e-11
1.518406063312056e-11
5.043718842526254e-11
1.962355233896079e-11
2.81586865550655e-11
2.227845264092793e-11
5.825194081824524e-12
2.233345116505993e-11
-1.386336805842524e-11
1.968852618932743e-11
-2.887289424445643e-11
1.500949872478572e-11
-3.827718332330425e-11
9.404267887085733e-12
-4.225625272199028e-11
3.979056666858279e-12
-4.177276384179718e-11
-4.834950496384519e-13
-3.814167555184543e-11
-3.631086539996207e-12
-3.266574251584553e-11
-5.475924973138146e-12
-2.641350012064139e-11
-6.252227414643544e-12
-2.013583296572118e-11
-6.277646629161433e-12
-1.427769741702138e-11
-5.858109572549172e-12
-9.037054523481529e-12
-5.240612681475815e-12
-4.436801921982537e-12
-4.600218888164192e-12
-3.938546175887616e-13
-4.042911256325151e-12
3.215036385964096e-12
-3.608853909720912e-12
6.482857347679367e-12
-3.267784081465961e-12
9.393360229136248e-12
-2.910468076646483e-12
1.175088847744641e-11
-2.357496714455212e-12
1.317046348541304e-11
-1.41954895174886e-12
1.319787653892658e-11
-2.739302349292426e-14
1.158161703032612e-11
1.616273316770189e-12
8.580240366721032e-12
3.001382917890866e-12
5.043267869740782e-12
3.536973678827242e-12
2.05873021322278e-12
2.984544438355885e-12
3.519916610236245e-13
1.70673455633441e-12
-1.106589156087714e-14
3.630421515293787e-13
-1.106284967872413e-14
-1.380431201719852e-10
2.641934313336582e-10
-2.675586868905003e-10
2.506990442040191e-10
-3.425480829141858e-10
1.471630049961116e-10
-3.483364835277409e-10
1.496059150033984e-11
-3.129785107749132e-10
-7.692710318172e-11
-2.719773659827004e-10
-9.661419754424659e-11
-2.441707133989679e-10
-6.698650546284357e-11
-2.310198892915401e-10
-2.87457252727713e-11
-2.273471287602451e-10
-3.46177781009431e-12
-2.304830515614378e-10
9.326196686154031e-12
-2.267659479276081e-10
-1.89357700002613e-12
-1.987650118361954e-10
-4.299899715687813e-11
-1.42948155704025e-10
-9.471163558028325e-11
-7.207120024910225e-11
-1.284288750566782e-10
-5.146422710937948e-12
-1.28943587350401e-10
4.351157421716089e-11
-1.00733718971879e-10
6.808397244754651e-11
-5.720531976004885e-11
6.80535807244847e-11
-9.500408457989739e-12
4.826541434942889e-11
3.140478389847318e-11
1.815722514351812e-11
5.588568260698883e-11
-1.147978124217826e-11
5.957594080497249e-11
-3.197334337078812e-11
4.487327373404917e-11
-3.836894205040348e-11
1.860169733795127e-11
-2.962134694988002e-11
-1.097232458846103e-11
-8.118014908283162e-12
-3.631275261362593e-11
2.135008787758764e-11
-5.221112842017689e-11
5.306015924459769e-11
-5.678160621911357e-11
8.18908080554358e-11
-5.145850149805271e-11
1.044260816410462e-10
-3.986270233042167e-11
1.192315822713972e-10
-2.594997940835267e-11
1.262669265939672e-10
-1.234141251985959e-11
1.25931234196138e-10
2.606042895824074e-13
1.184436215549129e-10
1.239732851081307e-11
1.0393251628809e-10
2.454242721775099e-11
8.307002562739769e-11
3.604649455124614e-11
5.76630087257063e-11
4.50305147048505e-11
3.061912169936756e-11
4.932229305965677e-11
5.228023159486103e-12
4.772450776310029e-11
-1.577418139674187e-11
4.069069753544143e-11
-3.083036505052156e-11
3.006565541462879e-11
-3.966905531997927e-11
1.82429400904341e-11
-4.30095733132953e-11
7.319563664912275e-12
-4.210987236454129e-11
-1.383198477966436e-12
-3.835625389205219e-11
-7.384700260319041e-12
-3.298842500766488e-11
-1.084374145861813e-11
-2.696688366406323e-11
-1.227374958495805e-11
-2.09464082477237e-11
-1.229809656881513e-11
-1.531076271028467e-11
-1.14937239514406e-11
-1.02327350156041e-11
-1.031860474937204e-11
-5.737488880441863e-12
-9.095425462087998e-12
-1.759468948673003e-12
-8.020889512415517e-12
1.808075783744762e-12
-7.176355452203347e-12
5.065932001816921e-12
-6.525597926121482e-12
8.05593963275805e-12
-5.900434900069886e-12
1.069732362154812e-11
-4.998844124536371e-12
1.272633910285112e-11
-3.448532620497624e-12
1.369200186014473e-11
-9.930307637675694e-13
1.30949087941342e-11
2.213384353679346e-12
1.071802392661604e-11
5.378280308565783e-12
7.021570254724486e-12
7.233436260588098e-12
3.213203531703479e-12
6.792910569576016e-12
5.863192986689625e-13
4.333624056205214e-12
-4.990716481931891e-13
1.448439101156966e-12
-5.101596734682515e-13
-1.497681438344697e-10
4.139620613486516e-10
-2.603249474365248e-10
3.612565194753883e-10
-2.883455477617377e-10
1.751843095198007e-10
-2.856242461578819e-10
1.22399941993868e-11
-2.98940171876113e-10
-6.361049334156965e-11
-3.114544304514842e-10
-8.40992735964473e-11
-3.016553688520617e-10
-7.678493323826492e-11
-2.799117945532422e-10
-5.048869197311781e-11
-2.637308417876774e-10
-1.964216134782655e-11
-2.581292177270922e-10
3.725110564609786e-12
-2.33370748314968e-10
-2.665155126057836e-11
-1.750243771204169e-10
-1.013449075984028e-10
-9.765948164826119e-11
-1.720761152114752e-10
-2.23260029352006e-11
-2.037619735070055e-10
3.478358065693772e-11
-1.860528355232119e-10
6.325365000060807e-11
-1.29203487827719e-10
6.33412670392414e-11
-5.729267911177207e-11
4.062626716182154e-11
1.321481642736905e-11
6.28520120972694e-12
6.574603573414836e-11
-2.705155718559546e-11
8.922259774378529e-11
-5.077528564696121e-11
8.329979177008173e-11
-6.12284486664456e-11
5.532653455306235e-11
-5.781690711215516e-11
1.519022498059961e-11
-4.17219189481406e-11
-2.706726332284055e-11
-1.541020437740683e-11
-6.262444042177181e-11
1.770581601010416e-11
-8.532713675621436e-11
5.352781513862286e-11
-9.260361012295835e-11
8.760470120567885e-11
-8.553540219945741e-11
1.158342373230536e-10
-6.809226447911897e-11
1.353099864425466e-10
-4.542576001919933e-11
1.446007047681378e-10
-2.163216893603894e-11
1.432849185237369e-10
1.576350763391322e-12
1.315332230346599e-10
2.414898166817077e-11
1.103296086512056e-10
4.574600066587309e-11
8.21106193072136e-11
6.426544363361602e-11
5.084176562960243e-11
7.629933187462613e-11
2.102207391914691e-11
7.914195138801858e-11
-3.747059583879189e-12
7.249361331041546e-11
-2.164425138368379e-11
5.858786623496081e-11
-3.260339276603621e-11
4.102478017004282e-11
-3.770112256269116e-11
2.334065919548035e-11
-3.845357214409928e-11
8.072009508295863e-12
-3.632423325979571e-11
-3.512534677106525e-12
-3.249639669783971e-11
-1.121252723023773e-11
-2.783037339508309e-11
-1.550974881977695e-11
-2.290691621686156e-11
-1.719718448149556e-11
-1.809186401176383e-11
-1.711312079209688e-11
-1.359409085080155e-11
-1.599146390318816e-11
-9.510989685411184e-12
-1.44016682513172e-11
-5.863628348603863e-12
-1.274274557608748e-11
-2.623501044438377e-12
-1.126097296712741e-11
2.702365147823059e-13
-1.007004784303511e-11
2.905053311950954e-12
-9.16036928490018e-12
5.39504133880447e-12
-8.390378961491022e-12
7.860109786427638e-12
-7.463871072063676e-12
1.033784872810964e-11
-5.926234557807472e-12
1.26075764192836e-11
-3.262725910154776e-12
1.402543244435915e-11
7.955552469295294e-13
1.363325058380721e-11
5.77048173495315e-12
1.079546997387421e-11
1.007123010722423e-11
6.169529847995601e-12
1.141887189408236e-11
1.946560781599195e-12
8.556592550480133e-12
8.026042984842116e-14
3.314694306294739e-12
-4.298946732651213e-13
-1.988317832768631e-10
6.127945983198879e-10
-2.214230287803696e-10
3.83848449521275e-10
-1.223568404128326e-10
7.611876173817013e-11
-1.443795560538823e-10
3.426332601056704e-11
-2.991054740528699e-10
9.111602435462042e-11
-4.157200931276845e-10
3.251592225058994e-11
-4.070979561321601e-10
-8.540651320993142e-11
-3.419789913703363e-10
-1.156071274649818e-10
-3.166824656363715e-10
-4.493818175445857e-11
-2.917397691593153e-10
-2.12171123224322e-11
-2.055048183043386e-10
-1.128860556321669e-10
-8.847254528732188e-11
-2.183767683621846e-10
6.037621565712546e-12
-2.665858987393209e-10
6.374123434960138e-11
-2.614652380907052e-10
9.435398649495407e-11
-2.166652688358747e-10
9.396935630471276e-11
-1.288185732981954e-10
5.694975799211632e-11
-2.027282497377594e-11
7.968275654664023e-13
6.936797015565305e-11
-5.059706673706881e-11
1.171401267864429e-10
-8.227540307916621e-11
1.209011013449293e-10
-9.349964793826724e-11
9.452418015533398e-11
-8.91418570274429e-11
5.096886146022749e-11
-7.411147836649039e-11
1.599438101103984e-13
-5.200092890232175e-11
-4.917773678808321e-11
-2.449841430432719e-11
-9.012689562178122e-11
8.356373255073916e-12
-1.181818820431148e-10
4.633417675777232e-11
-1.305813841438776e-10
8.685673082256118e-11
-1.260579396326857e-10
1.245062469827148e-10
-1.057417731055887e-10
1.527995123347274e-10
-7.371902669327483e-11
1.666878857170431e-10
-3.552054932024744e-11
1.637487398760695e-10
4.515484325591736e-12
1.443654187773806e-10
4.353228783798089e-11
1.119011508249707e-10
7.821025149284176e-11
7.265701255700362e-11
1.03509564700517e-10
3.423291234966291e-11
1.147234152311463e-10
2.794518451693691e-12
1.105803304509771e-10
-1.876835494226501e-11
9.405647423186529e-11
-3.078138704997818e-11
7.060088949181991e-11
-3.545934611600487e-11
4.570273424069084e-11
-3.545120687407343e-11
2.333251970643869e-11
-3.293388980118835e-11
5.554697029679176e-12
-2.932886762837317e-11
-7.117546861120029e-12
-2.540606070211922e-11
-1.513531884981761e-11
-2.151634965319359e-11
-1.939943901953532e-11
-1.779721886882483e-11
-2.091628916009299e-11
-1.430080954169389e-11
-2.060949886172631e-11
-1.105354585850289e-11
-1.923869170409151e-11
-8.075023304024873e-12
-1.738015071890085e-11
-5.379723035078106e-12
-1.543800230672831e-11
-2.973443346345583e-12
-1.366720638604847e-11
-8.445861818051656e-13
-1.21988569339512e-11
1.057987924961118e-12
-1.106289453737312e-11
2.867743258985605e-12
-1.020008564482316e-11
4.846910452853392e-12
-9.442991252771554e-12
7.362888347653492e-12
-8.442167532169428e-12
1.066938849155167e-11
-6.569184603669384e-12
1.444355875475894e-11
-2.978578899550352e-12
1.734569750989852e-11
2.868374491843056e-12
1.725617044778626e-11
1.01607890731057e-11
1.280738678859994e-11
1.586766223893231e-11
5.779439559164889e-12
1.558453918829281e-11
1.071476114006195e-12
8.022675654998588e-12
6.415356928218963e-13
-3.132940777531978e-10
9.260889805000804e-10
-4.090344806406815e-11
1.114582926978007e-10
2.20653760166745e-10
-1.854379409858897e-10
4.436920729694945e-11
2.105483842357203e-10
-3.407829836246229e-10
4.762687078082955e-10
-5.937279090197192e-10
2.854613275723141e-10
-5.753960987154405e-10
-1.037378618693094e-10
-4.300099073435898e-10
-2.609928730710268e-10
-4.33489873374188e-10
-4.145779121475015e-11
-3.231506712053092e-10
-1.315559083457625e-10
-9.634359713766392e-11
-3.396927469656059e-10
9.439906329005914e-11
-4.091190662450791e-10
1.76876523843578e-10
-3.490630214073323e-10
1.742945988072734e-10
-2.588829964077866e-10
1.479977522530183e-10
-1.903681305968561e-10
1.178333827862569e-10
-9.86539336373611e-11
3.112066269512136e-11
6.644014093412124e-11
-6.358373494808252e-11
1.640725926197033e-10
-1.23651756048356e-10
1.77208349672898e-10
-1.409407801089867e-10
1.381903073305875e-10
-1.303802016593745e-10
8.396376253387754e-11
-1.061161891969501e-10
2.670499161458502e-11
-7.869989347101123e-11
-2.72562280296038e-11
-5.440021899551141e-11
-7.347730354760064e-11
-3.274436859676157e-11
-1.117826543896513e-10
-7.567635619337129e-12
-1.433585372409154e-10
2.784611433733798e-11
-1.659950696127341e-10
7.493302505252887e-11
-1.731447972217029e-10
1.268609035206151e-10
-1.576696089111582e-10
1.705575476500716e-10
-1.174156369653405e-10
1.93080353024277e-10
-5.804332854068102e-11
1.87599731557562e-10
9.996125663106621e-12
1.554518764817701e-10
7.568015768602488e-11
1.058351995586245e-10
1.278269393044437e-10
5.256977617492929e-11
1.56774996255774e-10
8.063449624220466e-12
1.592297482718878e-10
-2.135027679200679e-11
1.399940627464369e-10
-3.580851919813455e-11
1.085147227796122e-10
-3.927787209343543e-11
7.407024970589015e-11
-3.654758481517284e-11
4.297245617625629e-11
-3.139368851509534e-11
1.817863522558761e-11
-2.60486176472237e-11
2.096411443539363e-13
-2.145672976057894e-11
-1.170941613905049e-11
-1.777811398162558e-11
-1.881391201090492e-11
-1.482849478989577e-11
-2.234903141374902e-11
-1.235419550465507e-11
-2.339055728310023e-11
-1.015813645549332e-11
-2.28055225417993e-11
-8.130634261787716e-12
-2.126615434011005e-11
-6.234782006641816e-12
-1.927595970066118e-11
-4.478580317133862e-12
-1.719415719251415e-11
-2.88878709640907e-12
-1.525694999749004e-11
-1.488819633444298e-12
-1.359877231195336e-11
-2.732898484646626e-13
-1.227837061964943e-11
8.383457665293922e-13
-1.131166647697142e-11
2.089753650974077e-12
-1.069434410136071e-11
3.998441567974272e-12
-1.035080095249948e-11
7.341002877750604e-12
-9.911692547112497e-12
1.271634205128153e-11
-8.353867306799239e-12
1.955312701776128e-11
-3.96836269743781e-12
2.514540248179645e-11
4.568545363666683e-12
2.498133029850403e-11
1.603177783952431e-11
1.589515746272363e-11
2.467073205379731e-11
3.416431796940893e-12
2.050131373455764e-11
4.057978669178769e-12
-2.70459319258147e-10
1.196548861795351e-09
5.569950961744796e-10
-7.159956531377482e-10
5.749052682614767e-10
-2.033476888152991e-10
6.716190841739342e-11
7.1829214922515e-10
-3.676948604740321e-10
9.111258715015296e-10
-6.9873445634305e-10
6.165013063845238e-10
-7.940782720700784e-10
-8.393672460772388e-12
-6.92768102929684e-10
-3.623026812524766e-10
-6.837816017457957e-10
-5.044394183770153e-11
-2.521863424746783e-10
-5.631508311059399e-10
1.636766004434484e-10
-7.55555365101532e-10
3.680234879204297e-10
-6.13465644082999e-10
3.99587311968776e-10
-3.806265486622929e-10
3.111301056758437e-10
-1.70425509180257e-10
1.718863755206746e-10
-5.112413320109562e-11
9.387988290568074e-11
-2.064718996115645e-11
-3.834440025729313e-11
1.986646609187779e-10
-1.557809713306201e-10
2.815093843956327e-10
-2.0001862331241e-10
2.214462079052319e-10
-1.909750035577561e-10
1.291468781202286e-10
-1.522284927572061e-10
4.521742794118954e-11
-1.039897565704301e-10
-2.153358334025359e-11
-6.504180663628122e-11
-6.620403061430941e-11
-4.460336554764173e-11
-9.391561123690479e-11
-3.739713789291349e-11
-1.18988761727209e-10
-2.86470795963364e-11
-1.521084878664318e-10
-2.774042736575049e-12
-1.918680107374862e-10
4.815709634066244e-11
-2.240758516511892e-10
1.178694349044869e-10
-2.273818732987259e-10
1.848162688288474e-10
-1.843624060300936e-10
2.215370933134425e-10
-9.476409690991737e-11
2.12158662505193e-10
1.937460518810361e-11
1.603985448545329e-10
1.274403172163035e-10
8.805982739046775e-11
2.001656932368506e-10
2.118744594844457e-11
2.236474093252216e-10
-2.411658321067527e-11
2.045338056262123e-10
-4.543471039907247e-11
1.613122152792907e-10
-4.890191020194305e-11
1.119819463819617e-10
-4.274314151638019e-11
6.791150385472523e-11
-3.344257489742199e-11
3.367191255471101e-11
-2.471393617468401e-11
9.45002021706309e-12
-1.800608439082558e-11
-6.498185323265243e-12
-1.342215670845793e-11
-1.629331640845091e-11
-1.048518556008563e-11
-2.175085306808746e-11
-8.604896805496367e-12
-2.422928700219362e-11
-7.294896659928432e-12
-2.470052096091904e-11
-6.234780799260043e-12
-2.386559835716666e-11
-5.255331335050195e-12
-2.22455603152414e-11
-4.296147465273022e-12
-2.023509645162049e-11
-3.361246034084065e-12
-1.812900829557693e-11
-2.482639358039137e-12
-1.613550298573135e-11
-1.694140204154439e-12
-1.438721500033376e-11
-1.014951765185339e-12
-1.295749973351731e-11
-4.354517013304508e-13
-1.18911049477909e-11
1.312788075963925e-13
-1.126101107098483e-11
1.013784559624331e-12
-1.123324150683789e-11
3.097870417597937e-12
-1.199571276607194e-11
7.985699774082462e-12
-1.324163212862241e-11
1.719680802705467e-11
-1.317941292662199e-11
3.005468055115714e-11
-8.289268100554165e-12
4.142800596734227e-11
4.658485706804588e-12
3.980220126022816e-11
2.629652034220639e-11
1.226008389536159e-11
4.804348738146838e-11
1.631805524418539e-11
1.341491148582184e-09
-1.449421603012966e-10
1.643468479261004e-09
-1.017972715201064e-09
1.186980158814945e-10
1.321423075061335e-09
-4.015343223297982e-10
1.238524791668726e-09
-1.215994885201946e-10
6.31191336853256e-10
-3.008315516718765e-10
7.957336649100509e-10
-9.192157407426197e-10
6.099908052489645e-10
-1.8177880319081e-09
5.362698945058968e-10
-8.772751936977508e-10
-9.909565025970557e-10
1.76467219131203e-10
-1.616892970990924e-09
5.638445378369115e-10
-1.142932418494836e-09
6.315677089566184e-10
-6.811885550858217e-10
6.209302102474363e-10
-3.699887980398093e-10
5.176980850317522e-10
-6.71931381077246e-11
2.148545146273232e-10
2.517196742362252e-10
-1.199713810918022e-10
3.141789357230284e-10
-1.696130284029254e-10
2.483065287402647e-10
-2.44521856132471e-10
3.564184245237952e-10
-2.437650551491372e-10
2.206896092797384e-10
-2.211224283166283e-10
1.065044445455154e-10
-1.534989241102759e-10
-2.240589351750513e-11
-7.89330573024588e-11
-9.609927732346544e-11
-3.338791211952957e-11
-1.117490137572649e-10
-2.403453482281627e-11
-1.032688369580499e-10
-3.630659061166621e-11
-1.067165651443605e-10
-4.823321931828801e-11
-1.401817289942024e-10
-3.814617097025475e-11
-2.019549393560273e-10
9.043436837555572e-12
-2.712653500823448e-10
9.23271442841052e-11
-3.106654810868523e-10
1.856522408402585e-10
-2.776874125546534e-10
2.416133925182496e-10
-1.507251672012606e-10
2.26851436917208e-10
3.413663368047616e-11
1.501622792280342e-10
2.041295405242627e-10
5.589330349555248e-11
2.944347275566143e-10
-1.609368311975174e-11
2.956344488547452e-10
-5.22983143884463e-11
2.407384844779935e-10
-5.965892400367113e-11
1.68672868535814e-10
-5.126308120212148e-11
1.035861437110956e-10
-3.779897939646423e-11
5.444743998971228e-11
-2.525823690227146e-11
2.113120630352585e-11
-1.587847769474111e-11
7.02967164143648e-14
-9.789713106043322e-12
-1.258691422470994e-11
-6.272909199833201e-12
-1.981008372933221e-11
-4.457093115217469e-12
-2.35666311706006e-11
-3.614030492774769e-12
-2.507230964755101e-11
-3.235591307936828e-12
-2.507891772416715e-11
-3.015544577463076e-12
-2.408559998080751e-11
-2.799724256060998e-12
-2.246133242250536e-11
-2.533945824175142e-12
-2.050082362648483e-11
-2.220746900284429e-12
-1.844215244151798e-11
-1.886708500830582e-12
-1.646948332900487e-11
-1.558506591978574e-12
-1.471535498521649e-11
-1.248893566622464e-12
-1.326704728893259e-11
-9.639707411274301e-13
-1.217595814158758e-11
-7.407789607247983e-13
-1.148412972970513e-11
-6.41569818865927e-13
-1.13323734828125e-11
-4.133053034153707e-13
-1.22238978893847e-11
1.527834657760294e-12
-1.518268977525966e-11
9.022509450891711e-12
-2.067400873177296e-11
2.622719996587814e-11
-2.549388774173496e-11
5.218680782839866e-11
-2.13010549016306e-11
7.846520432514002e-11
1.821307632993875e-14
5.260167517896034e-11
7.390703157216073e-11
6.891977155895795e-11
8.889567508306023e-09
-9.034509292169755e-09
1.068251596878241e-09
6.803343474667005e-09
-2.284310806195755e-09
4.673985716964558e-09
-1.1195563444117e-09
7.377055573082972e-11
5.549401909011752e-10
-1.043304976079127e-09
1.200839809197653e-09
1.498342655685109e-10
-5.573542272240261e-10
2.36818506052206e-09
-5.296651150360086e-09
5.275567034269674e-09
1.294421728517861e-10
-6.417049608552723e-09
9.756828884378904e-10
-2.463133471289079e-09
8.592109122424383e-10
-1.026460226511979e-09
7.705251583162943e-10
-5.925025875062981e-10
7.715496615246043e-10
-3.710130876156716e-10
7.949729880523665e-10
-9.061625366896363e-11
5.534617896883963e-10
4.932310825403802e-10
-8.500127794537895e-10
1.717653711267526e-09
-3.699952180249849e-10
-2.317108287065575e-10
-2.200241844551901e-10
2.064475902636134e-10
-2.15209920387574e-10
2.158755405086212e-10
-2.234534189756303e-10
1.147481325219744e-10
-1.300457420531558e-10
-1.158133867092682e-10
-3.666173254106556e-11
-1.894831102052641e-10
1.521818612023453e-12
-1.499323954364343e-10
-3.628147773395379e-12
-9.811870919464363e-11
-2.815749903344324e-11
-8.218706084740294e-11
-5.208375748555859e-11
-1.162553262647012e-10
-5.674530555665565e-11
-1.972932560856373e-10
-2.470367569215461e-11
-3.033068537437422e-10
5.085447438249671e-11
-3.86223514249772e-10
1.514601689164157e-10
-3.782929989443282e-10
2.231768923364577e-10
-2.224417914473947e-10
2.029222374660972e-10
5.439137963412251e-11
1.113644553829321e-10
2.956874055299566e-10
1.650819544097236e-11
3.892910633958181e-10
-4.027529407324754e-11
3.524180073278165e-10
-5.799531600740209e-11
2.584585697235736e-10
-5.219956987372864e-11
1.628771803066998e-10
-3.790508418940503e-11
8.929171186183795e-11
-2.388629266611584e-11
4.042869860216918e-11
-1.341302024845949e-11
1.065798160054994e-11
-6.730456759957961e-12
-6.612221014151095e-12
-2.985584090299318e-12
-1.633174197287915e-11
-1.184873683241058e-12
-2.161074953483557e-11
-5.275831398561867e-13
-2.422387656296882e-11
-4.600078071401218e-13
-2.513983874837325e-11
-6.377000167084288e-13
-2.490117764975268e-11
-8.683892136563448e-13
-2.385486073343728e-11
-1.060033689560048e-12
-2.226963546285271e-11
-1.181047339073824e-12
-2.037975439555408e-11
-1.232717335852793e-12
-1.839042370838403e-11
-1.230910698515693e-12
-1.647122716783421e-11
-1.192251511366478e-12
-1.47539473453633e-11
-1.118490069793971e-12
-1.334073665174627e-11
-9.845862944840824e-13
-1.230978499243459e-11
-7.831477414845042e-13
-1.168548508286348e-11
-7.238886471470727e-13
-1.139154446480102e-11
-1.455171734596405e-12
-1.149251964293124e-11
-3.17971994855141e-12
-1.345804426099971e-11
-1.766873564816741e-12
-2.208675614518394e-11
1.42884936717849e-11
-4.154915718102196e-11
4.86950141207594e-11
-5.570747821417019e-11
8.010600020037459e-11
-3.139268744432959e-11
2.018883937506868e-10
-4.787524862020034e-11
2.708081918445406e-10
2.816745066011299e-07
1.09290984110155e-07
2.218846450519705e-07
6.659320514377033e-08
1.835991523701539e-07
4.295947854890871e-08
1.417399189573545e-07
4.193300412543716e-08
1.00009619729232e-07
4.068699440937312e-08
6.774853376682869e-08
3.241092038752449e-08
4.008864882608729e-08
3.002807016136079e-08
8.891237002773433e-09
3.647297902112868e-08
2.533732621595698e-09
-5.95450625094358e-11
1.032448392111173e-09
-9.618490730139229e-10
9.108095055907793e-10
-9.048211695354242e-10
9.264644638751949e-10
-6.081573714399665e-10
8.753870384115021e-10
-3.199354863062527e-10
8.697344294746342e-10
-8.496346560650383e-11
1.315076358919412e-09
4.788933302666921e-11
3.143207018579543e-09
-1.104767664341941e-10
1.006328586866054e-08
-7.151789497202372e-09
1.580695386927766e-08
-5.537220228404071e-09
2.329701514431141e-08
-7.274185554433959e-09
3.367116915738428e-08
-1.025940570201725e-08
4.601912523072184e-08
-1.246376928497818e-08
5.967449915228981e-08
-1.384485686021914e-08
7.421754589226386e-08
-1.469297896886771e-08
8.937274711582754e-08
-1.52533197715133e-08
1.049412085085161e-07
-1.565064829861344e-08
1.207598998192082e-07
-1.593494648876616e-08
1.36628398205497e-07
-1.606579150144559e-08
1.522141807486264e-07
-1.588908926363536e-08
1.669719689210658e-07
-1.514401156119244e-08
1.801261556613167e-07
-1.353247962180856e-08
1.908490491126555e-07
-1.094533513313295e-08
1.985228906786503e-07
-7.619450084702797e-09
2.033055998384415e-07
-4.487021659876158e-09
2.058930065782039e-07
-2.198115589367677e-09
2.070800290266896e-07
-8.346043605578254e-10
2.074822227031193e-07
-1.43735032455773e-10
2.074979618695326e-07
1.471380829453988e-10
2.073540054656905e-07
2.332481797614068e-10
2.071684611893537e-07
2.259730352117673e-10
2.069952353340512e-07
1.838838937261802e-10
2.068535044570881e-07
1.351187104870527e-10
2.067456007671478e-07
9.157200065518891e-11
2.06667056803005e-07
5.693326646210353e-11
2.06611639982796e-07
3.119299516822499e-11
2.065735060933142e-07
1.299410270400277e-11
2.065479067666444e-07
6.98202004168865e-13
2.065312568912115e-07
-7.204930787428717e-12
2.065209633972273e-07
-1.197608472889726e-11
2.065151974128688e-07
-1.461371071762864e-11
2.065126841010624e-07
-1.587704899466755e-11
2.065125342717793e-07
-1.632133110775625e-11
2.065141198352211e-07
-1.633943868545812e-11
2.065169926025846e-07
-1.621342639825794e-11
2.065208528858197e-07
-1.616998337394193e-11
2.065255587437918e-07
-1.639125132020137e-11
2.065310758016689e-07
-1.690850232274887e-11
2.065370635160561e-07
-1.748012625940876e-11
2.065420948250508e-07
-1.848923865490918e-11
2.065452940253816e-07
-2.528584100456766e-11
2.065581657390561e-07
-5.442075931921064e-11
2.066198664972385e-07
-1.174081149685722e-10
2.067208034369405e-07
-1.323294966591221e-10
2.064790389528195e-07
1.938893182780682e-10
3.036267470493638e-10
4.027911339500102e-07
1.064998504054522e-07
3.473127952496023e-07
1.220715439962147e-07
2.763657627352702e-07
1.139065111820132e-07
2.06708931854723e-07
1.11589835116267e-07
1.41863757706995e-07
1.055321686677895e-07
8.347068876954754e-08
9.080398943682137e-08
3.459972711419147e-08
7.889903193297467e-08
5.565117161695233e-09
6.550758909289658e-08
3.045969982725555e-09
2.459602241533682e-09
1.861553386326668e-09
2.225676523108515e-10
1.509004488143081e-09
-5.522721363292312e-10
1.370829485508494e-09
-4.699822297018302e-10
1.176979126884471e-09
-1.260849826382465e-10
1.078990649859899e-09
1.3025160187245e-11
1.390440064604453e-09
-2.635599278765659e-10
2.213149124425938e-09
-9.331856696240722e-10
9.383754620815449e-09
-1.432239483335856e-08
2.002568429071079e-08
-1.61791497367138e-08
3.230063796376592e-08
-1.954913906413921e-08
4.745541724078444e-08
-2.54141848160114e-08
6.513429053671728e-08
-3.014264241816881e-08
8.478666418644576e-08
-3.349723034928204e-08
1.058106361737565e-07
-3.571695079781886e-08
1.277487602309958e-07
-3.719144367411316e-08
1.503035716411936e-07
-3.820545955828818e-08
1.732572992816308e-07
-3.888867398377353e-08
1.963437358015945e-07
-3.915222788153914e-08
2.19101438387711e-07
-3.864679171596219e-08
2.407459951704359e-07
-3.678856821666324e-08
2.601284007833908e-07
-3.291488511412781e-08
2.759328914210809e-07
-2.674982565719241e-08
2.87010524850535e-07
-1.86970834072221e-08
2.936838166144735e-07
-1.116031332385206e-08
2.971759517922382e-07
-5.690250673514118e-09
2.987219327349258e-07
-2.38058521610416e-09
2.991965869834165e-07
-6.183891994042924e-10
2.991552648121467e-07
1.884603301792405e-10
2.989125898651636e-07
4.759231981611561e-10
2.986285985229658e-07
5.099644444465896e-10
2.983730597383116e-07
4.394227421233919e-10
2.981681071291579e-07
3.400713803875165e-10
2.98013984904782e-07
2.456942838220616e-10
2.979027468749246e-07
1.681713535591572e-10
2.978247442996618e-07
1.09195627018859e-10
2.977712887464127e-07
6.644971239111204e-11
2.977354598837484e-07
3.652712165537157e-11
2.97712105462512e-07
1.61495486414386e-11
2.976975480416583e-07
2.581396056393355e-12
2.976892322850716e-07
-6.297891480261336e-12
2.976854085052038e-07
-1.20532032605983e-11
2.976848821006264e-07
-1.579485593786335e-11
2.976868299355357e-07
-1.828719775740389e-11
2.976906725093342e-07
-2.005591706737012e-11
2.976959944467705e-07
-2.14918301044838e-11
2.977025045765911e-07
-2.290128097798869e-11
2.977100770524066e-07
-2.448086816043678e-11
2.977189893322068e-07
-2.639228585731045e-11
2.977303174353169e-07
-2.981721500061248e-11
2.977453133962997e-07
-4.028167586765084e-11
2.977607569999528e-07
-6.986423693812813e-11
2.977616463020465e-07
-1.182972984393465e-10
2.977405696183067e-07
-1.112526831691376e-10
2.977845564924219e-07
1.499025599622645e-10
3.131219317316758e-10
4.13686599269795e-07
9.281325107588169e-08
3.776584081294308e-07
1.580997351729674e-07
3.098564327910954e-07
1.817084865841911e-07
2.326652343046024e-07
1.887810336743145e-07
1.561850798003994e-07
1.820123232463367e-07
8.531070679177928e-08
1.616783625242837e-07
3.080226854820211e-08
1.334074702588648e-07
2.172285901048009e-09
9.413757182848778e-08
3.072039139660003e-09
1.559849095886335e-09
2.74436104021773e-09
5.502458514592671e-10
2.406553374603189e-09
-2.144643659113005e-10
2.059458790935351e-09
-1.228875343183999e-10
1.627968147466315e-09
3.054057776121421e-10
1.23398754589435e-09
4.070058850416812e-10
1.080901449857971e-09
-1.104737040556726e-10
8.990376630636617e-10
-7.513217496143216e-10
8.297182563005462e-09
-2.172053959671959e-08
2.148218824346832e-08
-2.93641552766531e-08
3.819773690206219e-08
-3.626468758030021e-08
5.817263433988262e-08
-4.53890821092481e-08
8.08813244924997e-08
-5.285133242591403e-08
1.055650435557126e-07
-5.818094926737323e-08
1.314823599811069e-07
-6.163426707943898e-08
1.581271533618974e-07
-6.383623691271072e-08
1.852510091856087e-07
-6.532931524264529e-08
2.127522541455618e-07
-6.638991880756084e-08
2.404944263328527e-07
-6.689439993672718e-08
2.680833418811464e-07
-6.623570713661393e-08
2.946324490792316e-07
-6.333767529204491e-08
3.186049540139502e-07
-5.68873899314675e-08
3.379718603985492e-07
-4.611673192982976e-08
3.506864962234625e-07
-3.141171912593169e-08
3.573999124833357e-07
-1.787372948303944e-08
3.602406992490906e-07
-8.531037344349091e-09
3.610661108062954e-07
-3.205996683623955e-09
3.609601792339308e-07
-5.124575427229305e-10
3.605100050408927e-07
6.38634602915862e-10
3.600031221381133e-07
9.828061760153357e-10
3.595600357759203e-07
9.530508779800377e-10
3.592145134832213e-07
7.849451025517597e-10
3.589614417177371e-07
5.931432109323417e-10
3.587829192110378e-07
4.242168531589766e-10
3.586600844116612e-07
2.910062140538303e-10
3.58577228559736e-07
1.920515389067293e-10
3.585225144953402e-07
1.211638363831013e-10
3.584874707220172e-07
7.157095472959659e-11
3.584661933134249e-07
3.742701780581214e-11
3.584546055065043e-07
1.416926519351664e-11
3.584498774276059e-07
-1.569748081552852e-12
3.58450009539184e-07
-1.218524667715672e-11
3.584535516747847e-07
-1.933691900782544e-11
3.584594194065076e-07
-2.415485046425388e-11
3.584667752988484e-07
-2.741172320843727e-11
3.584749554441656e-07
-2.967187944532936e-11
3.584834457107141e-07
-3.139144131376521e-11
3.584919562218548e-07
-3.299126077476742e-11
3.585005855962581e-07
-3.502153052263315e-11
3.585095303366536e-07
-3.87618177568858e-11
3.585166481857189e-07
-4.739938276059311e-11
3.585122312033399e-07
-6.544713368836117e-11
3.584819342687313e-07
-8.80002186103369e-11
3.584492435360908e-07
-7.856178804844082e-11
3.585562946934408e-07
4.285150612170176e-11
1.203428261481307e-10
4.046941892353562e-07
8.81190620083449e-08
3.7467208693403e-07
1.881218375575679e-07
3.146071569641869e-07
2.417734166091038e-07
2.401767747857321e-07
2.632114159017429e-07
1.63238198016437e-07
2.589509000662034e-07
9.226885117801275e-08
2.326477094158776e-07
3.764693414088134e-08
1.880293873545087e-07
8.561611388795944e-10
1.309283448933501e-07
2.225006376533057e-09
1.910039277531068e-10
3.07737497041646e-09
-3.021226676877323e-10
3.009127915733991e-09
-1.462172295706728e-10
2.526950068437785e-09
3.592904000793399e-10
2.018334231568821e-09
8.140217084487055e-10
1.358277837910638e-09
1.067062377862199e-09
4.953012710130458e-10
7.525029682341392e-10
-1.072584382619227e-11
-2.452945249133825e-10
1.106675170993469e-08
-3.279801703548797e-08
2.631671107610421e-08
-4.461411452451991e-08
4.637049540815833e-08
-5.631847179031173e-08
7.047685054048243e-08
-6.94954371175513e-08
9.716745279723663e-08
-7.95419345565007e-08
1.251546035922059e-07
-8.616809993562883e-08
1.535791589802771e-07
-9.005882234029026e-08
1.820178661100655e-07
-9.227494391613171e-08
2.103977468574176e-07
-9.370919586466917e-08
2.388521982890228e-07
-9.484437011594003e-08
2.675294806989875e-07
-9.55716822258504e-08
2.963373894979311e-07
-9.50436158178382e-08
3.245951209137198e-07
-9.159540659356446e-08
3.506516717416254e-07
-8.294394064895727e-08
3.717297598974788e-07
-6.719481997945884e-08
3.842285392706813e-07
-4.391049839718357e-08
3.89460458130617e-07
-2.310564824559503e-08
3.909149580078945e-07
-9.985537128620215e-09
3.909951230736003e-07
-3.286161660933094e-09
3.906338858674408e-07
-1.51220252331339e-10
3.901888538784874e-07
1.083666671789505e-09
3.897943015381928e-07
1.377358592554968e-09
3.89488958270487e-07
1.25839421821624e-09
3.892686456341911e-07
1.005257808425546e-09
3.891150857026669e-07
7.467032091603282e-10
3.89009756440547e-07
5.29546179920346e-10
3.889382989363973e-07
3.624637809856174e-10
3.888905418179467e-07
2.398087190656576e-10
3.888594937237118e-07
1.522119916085227e-10
3.888403782671374e-07
9.068647229888904e-11
3.888299110971946e-07
4.789424936405277e-11
3.888257907593653e-07
1.828966597401742e-11
3.888263512237439e-07
-2.13014706324249e-12
3.88830333692098e-07
-1.616764635665522e-11
3.888367413715344e-07
-2.574452463340138e-11
3.888447497403478e-07
-3.216313931944784e-11
3.888536536182005e-07
-3.631551230029346e-11
3.888628334718732e-07
-3.885163453819705e-11
3.888717467914605e-07
-4.030464977080829e-11
3.888799422096263e-07
-4.118655569601326e-11
3.888869784379862e-07
-4.20576225200888e-11
3.888917779963639e-07
-4.356123146550924e-11
3.888907785688726e-07
-4.639981924210103e-11
3.888765111949895e-07
-5.117962279498266e-11
3.888465723698664e-07
-5.806123975859395e-11
3.888338916202803e-07
-6.588088182232771e-11
3.889487576829358e-07
-7.201436739160836e-11
-7.00132462003526e-11
3.967105183454021e-07
9.140854357863468e-08
3.640749610152786e-07
2.207573948843251e-07
3.065237944739542e-07
2.993245831716566e-07
2.351464508349909e-07
3.345887595692183e-07
1.604453277189333e-07
3.336520232140069e-07
9.159946004767206e-08
3.014935771233422e-07
3.890392784805035e-08
2.407249195941034e-07
9.732052769184638e-10
1.688590675103055e-07
2.680390411324483e-09
-1.516181156163132e-09
3.472887560383744e-09
-1.094619759985295e-09
2.798162122774337e-09
5.285082699132124e-10
2.110900900331899e-09
1.046551690785318e-09
2.056656376478675e-09
8.682663056176668e-10
1.9484859732566e-09
1.175232860491289e-09
7.261025389825231e-10
1.974886486572209e-09
-9.134263708551347e-10
1.394234474359607e-09
1.290235903003002e-08
-4.661380234309128e-08
3.108283485363507e-08
-6.279459025044236e-08
5.573573014583892e-08
-8.097136698196505e-08
8.429641818710813e-08
-9.80561250550545e-08
1.14238854347e-07
-1.094843706108609e-07
1.439102872067913e-07
-1.158395326879619e-07
1.725491466729894e-07
-1.186976816984041e-07
1.999867426953745e-07
-1.197125398297963e-07
2.264453784293766e-07
-1.201678314904091e-07
2.523923039184264e-07
-1.207912954972954e-07
2.783913125152113e-07
-1.215706907163649e-07
3.048767025643577e-07
-1.215290057623354e-07
3.317241017114802e-07
-1.184428056382599e-07
3.575744379920485e-07
-1.087942768295759e-07
3.788135673789835e-07
-8.843394926925462e-08
3.89029090778508e-07
-5.412602170264272e-08
3.909346018165486e-07
-2.501115919272715e-08
3.901177539557016e-07
-9.168689180282978e-09
3.893692374151466e-07
-2.537645036157227e-09
3.889616049959988e-07
2.564122475350564e-10
3.887662415606204e-07
1.279030184740697e-09
3.886910888668917e-07
1.452511360541794e-09
3.886820035835828e-07
1.267479572995596e-09
3.887011864825072e-07
9.860749781022239e-10
3.88726156288913e-07
7.217334691305515e-10
3.887474266596161e-07
5.082758733945852e-10
3.887631017533384e-07
3.467887499419905e-10
3.887743014167152e-07
2.286091170300819e-10
3.887827694745572e-07
1.43743994479225e-10
3.88789993736528e-07
8.346227078140727e-11
3.887970095385307e-07
4.087850829336599e-11
3.888044310282253e-07
1.086823844958378e-11
3.888125365650686e-07
-1.023561961324744e-11
3.888213550659069e-07
-2.498607935572372e-11
3.888307388467632e-07
-3.512823297465986e-11
3.888404216201874e-07
-4.184583319949653e-11
3.888500590789343e-07
-4.595288325968338e-11
3.888592516215146e-07
-4.80440774080341e-11
3.888675665733695e-07
-4.861949135896597e-11
3.888745660505236e-07
-4.818590621101022e-11
3.88879730781457e-07
-4.722221784367097e-11
3.888818250708344e-07
-4.56553688798824e-11
3.888771002560608e-07
-4.167486116441144e-11
3.888580183008038e-07
-3.209750659425227e-11
3.888225023102681e-07
-2.254505991485246e-11
3.888045373392815e-07
-4.791555321111396e-11
3.889158876006369e-07
-1.833643229658579e-10
-2.569768975563263e-10
3.884029222163068e-07
1.030056214848487e-07
3.49287087939629e-07
2.598732292084615e-07
2.91594561035426e-07
3.570171100990849e-07
2.237471558021255e-07
4.024361648208507e-07
1.527506979727676e-07
4.046484810631375e-07
8.599876343933026e-08
3.682455116789573e-07
3.551374718271701e-08
2.912099358773532e-07
2.804867355150047e-09
2.015679473682517e-07
5.452023002698907e-09
-4.163336767933047e-09
3.631871465440724e-09
7.255318174548698e-10
1.373927095244781e-09
2.786452685840891e-09
6.611780087355424e-10
1.759300827500552e-09
1.377864061391112e-09
1.515803086338305e-10
2.889803007237663e-09
-3.367060254060395e-10
3.126783547376658e-09
1.737906011440219e-09
-4.91228788107536e-10
5.012246878685442e-09
1.387260840046249e-08
-6.097763945838295e-08
3.739459439261515e-08
-8.631657616616018e-08
6.936148449956475e-08
-1.129382570088278e-07
1.028544119784808e-07
-1.315490524514702e-07
1.348339902578979e-07
-1.414639488050219e-07
1.639946260015376e-07
-1.450001683447457e-07
1.901262906482167e-07
-1.448293462564289e-07
2.135124008325609e-07
-1.430986499247106e-07
2.3470484668451e-07
-1.413602772520828e-07
2.54464401133753e-07
-1.405508498562751e-07
2.737373865110927e-07
-1.408436760035008e-07
2.935690899111626e-07
-1.413607090729354e-07
3.14756781140787e-07
-1.396304967792957e-07
3.370755375045469e-07
-1.311130331061044e-07
3.565723818531352e-07
-1.079307935321837e-07
3.623645155623625e-07
-5.99181553280297e-08
3.600907720866058e-07
-2.273741563520269e-08
3.572362725829313e-07
-6.314189596974199e-09
3.563248120983683e-07
-1.626184474385244e-09
3.56375597884169e-07
2.056265366523618e-10
3.567055429574737e-07
9.490851837870172e-10
3.570872547852021e-07
1.070799602912338e-09
3.574409852617136e-07
9.13749164104783e-10
3.577299962584812e-07
6.970640469428076e-10
3.57945947377098e-07
5.057824139657775e-10
3.580984089214004e-07
3.558143909626163e-10
3.582028744708004e-07
2.423232608019058e-10
3.582737599704602e-07
1.57723676661012e-10
3.583221571918217e-07
9.534683157694817e-11
3.583559134934891e-07
4.970602744651431e-11
3.583803490095238e-07
1.644305089670734e-11
3.583989619934116e-07
-7.744685640831672e-12
3.584139784796403e-07
-2.525204391368854e-11
3.58426752703721e-07
-3.776023825053048e-11
3.58438051507308e-07
-4.6426966277185e-11
3.584482505998578e-07
-5.204484903952262e-11
3.584574606102403e-07
-5.516280704811487e-11
3.5846559944151e-07
-5.618281244372107e-11
3.584724467547754e-07
-5.546669316808836e-11
3.584777509183234e-07
-5.348994746798268e-11
3.584813989648664e-07
-5.08701204245165e-11
3.584831382309842e-07
-4.739448645167954e-11
3.584802291303206e-07
-3.87655969676264e-11
3.584625524241129e-07
-1.442061484329318e-11
3.584162780421829e-07
2.372965896240026e-11
3.583673865594752e-07
9.762985516025624e-13
3.584622588099187e-07
-2.782362502688117e-10
-4.445607780429022e-10
3.750680492244866e-07
1.279375721688246e-07
3.250094977896669e-07
3.099317806208321e-07
2.692664465750414e-07
4.127601613130062e-07
2.102981267231653e-07
4.614044846783586e-07
1.480232007280791e-07
4.669234070665617e-07
8.476891685140684e-08
4.314997955673596e-07
3.409101140556702e-08
3.418878413377659e-07
1.680479348307798e-08
2.188541653095631e-07
9.061078151227439e-09
3.580378586165313e-09
1.2478886180492e-09
8.538721377399052e-09
-8.54437289676294e-10
4.888778624003267e-09
-6.40102985562268e-10
1.544966558382933e-09
-9.99386377490998e-12
-4.785287745870098e-10
2.30989593908267e-09
-2.656595785349489e-09
7.713748687416472e-09
-3.665946690632476e-09
9.821722126864046e-09
2.904273489474802e-09
2.157789873600652e-08
-7.273381601434899e-08
5.471625365015262e-08
-1.194549310236138e-07
9.53505732221725e-08
-1.53572576521649e-07
1.319616143450015e-07
-1.68160093512127e-07
1.627766835897689e-07
-1.722790179855899e-07
1.879553513277385e-07
-1.7017883601614e-07
2.082437751907635e-07
-1.651177700513673e-07
2.243925347986121e-07
-1.592474094627333e-07
2.371098425887534e-07
-1.54077584971416e-07
2.471962850281584e-07
-1.506372922237861e-07
2.556924729317825e-07
-1.493398638347818e-07
2.640099363561238e-07
-1.496781724245016e-07
2.739230911991922e-07
-1.495436515496585e-07
2.87291090759778e-07
-1.444810325941851e-07
3.012872699039824e-07
-1.219269726044119e-07
2.971774667243823e-07
-5.580835207718273e-08
2.929370684007872e-07
-1.849701724127137e-08
2.910699445714341e-07
-4.447065698491113e-09
2.917931819861798e-07
-2.349421821229773e-09
2.930340435687368e-07
-1.035234979565488e-09
2.941552343270303e-07
-1.721055095891142e-10
2.950754231722288e-07
1.506108208800648e-10
2.957994687896317e-07
1.897036084089371e-10
2.96345227289675e-07
1.513056068623734e-10
2.967425400239873e-07
1.084697382974434e-10
2.970255603023692e-07
7.279416970236566e-11
2.972248031300463e-07
4.308048925621101e-11
2.973642304312569e-07
1.829643051018016e-11
2.974615433498389e-07
-1.966032389553295e-12
2.975294492317525e-07
-1.819980017373971e-11
2.975769216411983e-07
-3.102930380128809e-11
2.976102217024369e-07
-4.104469117730893e-11
2.976336797737908e-07
-4.871005753931252e-11
2.976502756611372e-07
-5.435606471624932e-11
2.976620564529404e-07
-5.820769257516899e-11
2.976704278382939e-07
-6.041616209721797e-11
2.976763479853832e-07
-6.108287348592361e-11
2.976804443408636e-07
-6.027907626937685e-11
2.976830737533968e-07
-5.809600196836928e-11
2.976843895747027e-07
-5.480565000021972e-11
2.976845434595889e-07
-5.102387135851264e-11
2.976839891398496e-07
-4.68400218299219e-11
2.976827299557902e-07
-3.750624475742298e-11
2.976755496648116e-07
-7.240098881665433e-12
2.97644618344184e-07
5.466126054753441e-11
2.975789425871737e-07
6.665257229225639e-11
2.975613079453499e-07
-2.606008817515341e-10
-3.295222625947935e-10
3.236997124733956e-07
2.042378597865371e-07
2.726045445876179e-07
3.610269485312579e-07
2.354566826860956e-07
4.499080232181358e-07
2.017095399582683e-07
4.951516274054063e-07
1.642242554353466e-07
5.044086915894056e-07
1.19938881657498e-07
4.757851693466053e-07
7.686760835649567e-08
3.849591146429621e-07
6.604873965930421e-08
2.296730340132522e-07
4.256268455239057e-09
6.537284980009652e-08
-3.93864901977752e-09
1.673363886500844e-08
-1.379125390655595e-09
2.329255010989825e-09
-9.260088389153081e-11
2.584420704509314e-10
-6.629681216772097e-10
9.183848547433777e-11
-1.153810409647971e-09
-2.165753472487487e-09
7.743274174852601e-09
-1.256303124697837e-08
5.172904876189518e-08
-4.108150106694954e-08
7.508368493657472e-08
-9.608845215534356e-08
1.114216949459577e-07
-1.557929409970537e-07
1.494985754900459e-07
-1.916494570269787e-07
1.795540587242158e-07
-1.98215576705458e-07
2.018324023737957e-07
-1.945573615917835e-07
2.17702264425663e-07
-1.860486980227568e-07
2.282847500679035e-07
-1.757002556461329e-07
2.34222763869834e-07
-1.651854232155815e-07
2.358433597899398e-07
-1.556981808405891e-07
2.334182237668794e-07
-1.482121561484877e-07
2.273125863074608e-07
-1.43234226321705e-07
2.180099527646678e-07
-1.403755388270929e-07
2.061473635221267e-07
-1.376810622515556e-07
1.927293706914576e-07
-1.310630397073664e-07
1.745833084563848e-07
-1.037809103127232e-07
1.822745124663199e-07
-6.349955603028319e-08
1.960829344268581e-07
-3.230543914498744e-08
2.028879606128788e-07
-1.125209182784922e-08
2.037160171824176e-07
-3.17747833458158e-09
2.038506626656066e-07
-1.169880407053005e-09
2.043252276081099e-07
-6.46670397229437e-10
2.048735706442311e-07
-3.977321610920192e-10
2.053246409689069e-07
-2.613666631807302e-10
2.056626652329856e-07
-1.867186049349987e-10
2.059104578654869e-07
-1.393228430328467e-10
2.060895076441184e-07
-1.062555584855436e-10
2.062168319537229e-07
-8.424377085901047e-11
2.063062639615115e-07
-7.113552824450516e-11
2.063686991158738e-07
-6.440113827111685e-11
2.064122563004858e-07
-6.175693621364529e-11
2.064427370308978e-07
-6.150998540714064e-11
2.064641909623295e-07
-6.249857266244374e-11
2.064794117039893e-07
-6.393074753212932e-11
2.064903135915574e-07
-6.525789756822899e-11
2.064982012444629e-07
-6.609528642791277e-11
2.06503956588109e-07
-6.617144046805156e-11
2.065081680395125e-07
-6.5294251648274e-11
2.065112277520234e-07
-6.333870487045373e-11
2.065134110789962e-07
-6.027923337272793e-11
2.065148481946298e-07
-5.624265455129913e-11
2.06515097190332e-07
-5.127274229520966e-11
2.065123351921214e-07
-4.407787267685473e-11
2.065049627634613e-07
-3.013364923115548e-11
2.065033353958594e-07
-5.612524777596386e-12
2.065446041583813e-07
1.339292639804038e-11
2.066155465749431e-07
-4.289131855268242e-12
2.063281379846318e-07
2.680782744782261e-11
-3.279944135824694e-10
7.941336913314156e-08
1.248244905590172e-07
1.345548309117367e-07
3.058854867166381e-07
1.717405539558413e-07
4.127223001567647e-07
1.969812426016989e-07
4.699109387473235e-07
2.138519376837238e-07
4.875379964968916e-07
2.243042125197002e-07
4.653328945020064e-07
2.213537258574626e-07
3.879096012979505e-07
2.474705993662575e-07
2.035561604993669e-07
2.492836179254881e-07
6.355983123740608e-08
2.570859741685314e-07
8.931282620879776e-09
2.571981558298207e-07
2.217073350419369e-09
2.559681950367048e-07
1.488402866740398e-09
2.560287926110456e-07
3.124091610558684e-11
2.555007387327717e-07
-1.637699586820244e-09
2.468034897451707e-07
-3.865782250181141e-09
2.295985053945527e-07
-2.387651670473494e-08
2.151752573172909e-07
-8.166520406469101e-08
2.31149647576049e-07
-1.717673312400384e-07
2.403850974219327e-07
-2.008849068552551e-07
2.472044528727065e-07
-2.050349321362643e-07
2.511734706715524e-07
-1.985263793687927e-07
2.521379229430867e-07
-1.870131502701418e-07
2.498705220575727e-07
-1.734328547346032e-07
2.439070805821404e-07
-1.592219817119224e-07
2.336084856504491e-07
-1.453995858788671e-07
2.18431384039708e-07
-1.330350545056865e-07
1.979772458990047e-07
-1.227800881472794e-07
1.717585332763934e-07
-1.14156826168995e-07
1.392655928785556e-07
-1.051881218167796e-07
1.009282299640683e-07
-9.272567675450646e-08
6.512179668076134e-08
-6.797447698986734e-08
4.143630761397894e-08
-3.981406692290796e-08
6.969522681565778e-09
2.161345828846024e-09
-6.934516725906657e-10
-3.589117431686276e-09
-7.468057749065961e-10
-3.124124189795647e-09
-2.734420599708099e-10
-1.643244079362995e-09
-1.010177964637188e-10
-8.190946179663754e-10
-4.204816643358907e-11
-4.567017485455125e-10
-1.744105618077689e-11
-2.859737309476713e-10
-9.702770977549445e-12
-1.94456848078222e-10
-8.275751900847178e-12
-1.407498202519067e-10
-7.267696132647955e-12
-1.072635729024708e-10
-5.437283858916067e-12
-8.607414194315286e-11
-3.323742610263609e-12
-7.324902870887689e-11
-1.469545515511299e-12
-6.625529450495346e-11
-7.922692061580068e-14
-6.314721399140321e-11
8.398288317430804e-13
-6.2428999690254e-11
1.347598706645065e-12
-6.300630027458471e-11
1.520055228229624e-12
-6.41031599314615e-11
1.434991095101272e-12
-6.517278687524222e-11
1.167651876213943e-12
-6.582789653514609e-11
7.905157365024611e-13
-6.579424855316386e-11
3.80059677564802e-13
-6.488373199131941e-11
2.361197636807804e-14
-6.298218496705157e-11
-2.25374650657931e-13
-6.00301624717219e-11
-5.432771951382949e-13
-5.592465554176019e-11
-1.552484853985733e-12
-5.026341912426753e-11
-3.443850158098749e-12
-4.218638129974728e-11
-2.154121618260362e-12
-3.142322979823141e-11
1.353106776870022e-11
-2.129749430578477e-11
4.705808388956596e-11
-2.013380119886924e-11
7.940313883783924e-11
-3.663400938250511e-11
2.169921951792515e-10
-1.107803049450743e-10
-1.110022963456286e-10
3.055767787431188e-08
9.426681274619406e-08
8.931999873553419e-08
2.471231658580436e-07
1.518047681102354e-07
3.502375307662763e-07
2.132941723614984e-07
4.084215344760784e-07
2.743304481846051e-07
4.265017206535173e-07
3.358548822488439e-07
4.038084604177653e-07
3.903981568359008e-07
3.333663266918496e-07
3.952686910227105e-07
1.986856262940821e-07
3.81296968077869e-07
7.753155416497344e-08
3.695537717489645e-07
2.067447893333511e-08
3.660876243197181e-07
5.683220764621384e-09
3.655952613551876e-07
1.9807658171629e-09
3.65561289181987e-07
6.521307670159823e-11
3.661533649001957e-07
-2.229775316590297e-09
3.700907083658098e-07
-7.803125725738146e-09
3.76415459088119e-07
-3.020126743576727e-08
3.784214945700867e-07
-8.367123955356707e-08
3.553960493134117e-07
-1.487418859888354e-07
3.328659425667064e-07
-1.783548001120297e-07
3.145691500632076e-07
-1.867381396345641e-07
2.989784553771188e-07
-1.829356846823224e-07
2.844578640847469e-07
-1.724925589754859e-07
2.694773053995844e-07
-1.584522960448429e-07
2.524414593217414e-07
-1.421861356274251e-07
2.317614180713526e-07
-1.247195446194678e-07
2.064074148821764e-07
-1.076810513053909e-07
1.760294274835621e-07
-9.240210073526191e-08
1.405930634025028e-07
-7.872046207246828e-08
1.006716846467026e-07
-6.526674304339651e-08
5.839120381003345e-08
-5.044519589835002e-08
2.386979949939616e-08
-3.3453072657916e-08
8.326030117878135e-09
-2.427029751845186e-08
6.696462846428348e-09
3.790913124680455e-09
2.124270764314146e-09
9.830746760924672e-10
5.527512048802086e-11
-1.055128519292298e-09
-2.940886123168841e-10
-1.293880318938788e-09
-2.070866980759673e-10
-9.060965039601265e-10
-1.129050289014989e-10
-5.508833888291197e-10
-6.247280387424863e-11
-3.364059267783105e-10
-3.879616463126572e-11
-2.181334577034009e-10
-2.730420728203178e-11
-1.522417479031861e-10
-2.041310355516695e-11
-1.141546466291901e-10
-1.505547911681086e-11
-9.143173640920054e-11
-1.04707087452116e-11
-7.783376879592527e-11
-6.676396554813751e-12
-7.004957639111642e-11
-3.752009016138323e-12
-6.60715706996601e-11
-1.667757756682461e-12
-6.451321977362847e-11
-3.137958310832734e-13
-6.43602298745117e-11
4.495858436279054e-13
-6.486650808161344e-11
7.64133506986785e-13
-6.548729848722347e-11
7.635791240919655e-13
-6.582730328049443e-11
5.72196109408936e-13
-6.56028215965165e-11
3.03750063998597e-13
-6.461523650188671e-11
4.663287023307265e-14
-6.272500979344861e-11
-1.748541797650444e-13
-5.98086093570493e-11
-3.911556900379049e-13
-5.570827482822051e-11
-3.44858712362433e-13
-5.030962744917332e-11
1.517583512058525e-12
-4.404871855238115e-11
8.978172077118781e-12
-3.888370555807729e-11
2.626123937334659e-11
-3.858045989223332e-11
5.308277716923157e-11
-4.695515194993118e-11
8.237267668474855e-11
-6.592344428353426e-11
5.94210358410379e-11
-8.782893331164662e-11
-5.158102652031935e-11
2.151031426178011e-08
7.275649838552509e-08
7.468340033777076e-08
1.939500797300832e-07
1.447743253194238e-07
2.801466057480135e-07
2.226948712702278e-07
3.305009884921216e-07
3.033246161276623e-07
3.458719757635578e-07
3.815614648394435e-07
3.255716116737737e-07
4.466694851662828e-07
2.682583063326368e-07
4.727666016850045e-07
1.725885097431344e-07
4.673892563436733e-07
8.290889947389453e-08
4.562378630388136e-07
3.182587220607061e-08
4.50911063654094e-07
1.101002011722202e-08
4.497809283644924e-07
3.11090107515848e-09
4.504733202059292e-07
-6.271787961175288e-10
4.528006958735205e-07
-4.557151014800035e-09
4.578272148101533e-07
-1.282964469245194e-08
4.615039235563522e-07
-3.387797621093102e-08
4.519728685876665e-07
-7.414018461291536e-08
4.23262961559335e-07
-1.200319789870337e-07
3.908160539902804e-07
-1.459078925681459e-07
3.601025404882954e-07
-1.560246261558743e-07
3.321766923155735e-07
-1.550098365311339e-07
3.066180569199012e-07
-1.469339235991459e-07
2.822524837467602e-07
-1.340867228889356e-07
2.571498774435111e-07
-1.170835293389823e-07
2.290880915299811e-07
-9.665775871842951e-08
1.969509381152863e-07
-7.554389790066547e-08
1.610779946610845e-07
-5.652915728861239e-08
1.224655474354766e-07
-4.01080148519211e-08
8.300156791927396e-08
-2.580276352988325e-08
4.589629450043511e-08
-1.333992247988171e-08
1.791040034994933e-08
-5.467178505615815e-09
7.595015112531964e-11
-6.435847315777781e-09
2.881609053861144e-09
9.852542276819567e-10
2.535154345986435e-09
1.329529391368873e-09
1.125232690354384e-09
3.547931453285057e-10
2.406255570195234e-10
-4.092731753086934e-10
-6.378942690343778e-11
-6.0168150844634e-10
-1.108173650516719e-10
-5.038554381047889e-10
-9.100273454681678e-11
-3.562205436622977e-10
-6.624086549963611e-11
-2.428953124184532e-10
-4.79595511575286e-11
-1.705230470630056e-10
-3.521324684622846e-11
-1.269009352640478e-10
-2.58353257192006e-11
-1.008096411391165e-10
-1.853745186213931e-11
-8.51316259129065e-11
-1.277942482914073e-11
-7.580758599880018e-11
-8.343382300507318e-12
-7.050759548759457e-11
-5.07589168891653e-12
-6.778069178527488e-11
-2.805390602641869e-12
-6.663071177664733e-11
-1.341695272286889e-12
-6.63301827400123e-11
-4.92887393516787e-13
-6.633608428645067e-11
-7.692533801506926e-14
-6.62432403581133e-11
7.302002100934513e-14
-6.575273885977403e-11
1.051363038197137e-13
-6.464731932035722e-11
1.512281107072218e-13
-6.27710629952623e-11
3.699925989355446e-13
-6.002732630770082e-11
1.113277195065223e-12
-5.645150428912029e-11
3.252019993277366e-12
-5.244830339226277e-11
8.362646199427869e-12
-4.915927505120873e-11
1.799434022354944e-11
-4.851532494433272e-11
3.164122769038145e-11
-5.222724468191593e-11
4.433366909319168e-11
-5.964755256758924e-11
4.385572900352229e-11
-6.544566516742636e-11
1.509129857001792e-11
-5.906404219187705e-11
-3.648993214150034e-11
1.876438579496553e-08
5.399211261743766e-08
6.892389676885471e-08
1.437905687315125e-07
1.400157301117454e-07
2.090547723644827e-07
2.227294969972624e-07
2.477872215617089e-07
3.09254145002428e-07
2.593473277121878e-07
3.913582766933989e-07
2.434674799356392e-07
4.582090519139381e-07
2.014075310642617e-07
4.939445904584277e-07
1.368529711498361e-07
5.021329123843546e-07
7.472057749850804e-08
4.99741444202312e-07
3.421734033783159e-08
4.970936928014078e-07
1.365777146746654e-08
4.960735835196317e-07
4.131010305759276e-09
4.963090458835141e-07
-8.626412111806498e-10
4.974939487405974e-07
-5.742053923158856e-09
4.990202228802674e-07
-1.435591888292352e-08
4.966972444946869e-07
-3.155499787569643e-08
4.821760259940126e-07
-5.961896616152972e-08
4.525320347655644e-07
-9.03879878068184e-08
4.169055920322341e-07
-1.102814498814548e-07
3.80514087950781e-07
-1.196331221194538e-07
3.459031492453485e-07
-1.203988978686669e-07
3.139650572083846e-07
-1.149958316030653e-07
2.84369350790465e-07
-1.044910165094778e-07
2.550789365165257e-07
-8.779311510109261e-08
2.230803935342331e-07
-6.465921576956736e-08
1.872869162608255e-07
-3.975042065809166e-08
1.49110512568921e-07
-1.835275362487971e-08
1.104360386968994e-07
-1.433541005445305e-09
7.359353273065812e-08
1.103974241337002e-08
4.14112142559468e-08
1.884239597433252e-08
1.724917095458787e-08
1.869486477756434e-08
-2.907904588043443e-10
1.110411408167216e-08
8.431848837499929e-10
-1.487211287838511e-10
1.568804663367654e-09
6.039095998074412e-10
1.28998415201206e-09
6.336136464342518e-10
6.714605618320314e-10
2.092504063267885e-10
2.205751427335279e-10
-1.507960964820426e-10
8.611248099284143e-12
-2.918915491320026e-10
-5.933277867148633e-11
-2.882765213993067e-10
-6.75732791087974e-11
-2.346548152192308e-10
-5.789802165099279e-11
-1.801983068450545e-10
-4.550941363944398e-11
-1.392895445138612e-10
-3.453144931760942e-11
-1.117876060238482e-10
-2.556989502802363e-11
-9.409317984890071e-11
-1.843634236635282e-11
-8.294113786011626e-11
-1.287708246861909e-11
-7.606685377574982e-11
-8.67294645270609e-12
-7.198482587103016e-11
-5.615258157801987e-12
-6.968839721595356e-11
-3.490702698605788e-12
-6.845473484455147e-11
-2.084057499947875e-12
-6.774272462183335e-11
-1.185666448924816e-12
-6.714162528937584e-11
-5.952656426730947e-13
-6.634313069721491e-11
-1.156722282845086e-13
-6.512690124894967e-11
4.77963702224255e-13
-6.3364682254359e-11
1.514367836500997e-12
-6.106370953543053e-11
3.534435377090439e-12
-5.847154409450344e-11
7.291602378982584e-12
-5.620543772200674e-11
1.334978542182441e-11
-5.521741886606755e-11
2.111719215647446e-11
-5.62826958930749e-11
2.781186586909475e-11
-5.892191153060143e-11
2.854618948114998e-11
-6.038182634387807e-11
1.934710068140724e-11
-5.624638385748822e-11
5.296182349762055e-12
-4.501358444677021e-11
-3.119359174558957e-11
1.697304153445726e-08
3.701907097710389e-08
6.315995090068553e-08
9.760365929154699e-08
1.306164694965292e-07
1.415982537049924e-07
2.104332431122374e-07
1.679704478836138e-07
2.940975422814405e-07
1.756830284798001e-07
3.727974943421599e-07
1.647675278106709e-07
4.371677483483476e-07
1.370372769923887e-07
4.7745846088838e-07
9.656225854280416e-08
4.952818378801203e-07
5.689720043828417e-08
5.007577862963509e-07
2.874139185196666e-08
5.018363315992342e-07
1.257922609377125e-08
5.018067316153199e-07
4.160610218158089e-09
5.015890699891151e-07
-6.449796571522373e-10
5.010173939712856e-07
-5.170377977601115e-09
4.988814828509072e-07
-1.22200078348003e-08
4.917593328728742e-07
-2.443284796928454e-08
4.745763594585164e-07
-4.243599281801635e-08
4.458890321741375e-07
-6.170066059193122e-08
4.108617406330181e-07
-7.525415840834477e-08
3.736188807788462e-07
-8.239026233133716e-08
3.370993150348749e-07
-8.387933218868577e-08
3.031916881654276e-07
-8.108820479521335e-08
2.726544336511e-07
-7.395376205427835e-08
2.433264247864446e-07
-5.846510629292822e-08
2.107951036713789e-07
-3.212789470832013e-08
1.739488424396086e-07
-2.904159477456007e-09
1.358001812825684e-07
1.979590748373699e-08
9.891987391501902e-08
3.54467663162538e-08
6.540409314723057e-08
4.455552313787791e-08
3.715459864531804e-08
4.70918904352946e-08
1.579068023796637e-08
4.005878314629552e-08
3.817124011009748e-10
2.651308188199326e-08
3.734693702776753e-10
-1.404781324522229e-10
7.54832241827152e-10
2.225466955399943e-10
9.103942669246649e-10
4.780515904495183e-10
7.168611546886552e-10
4.027834891980994e-10
4.054428582046629e-10
1.606221722677187e-10
1.611243155216973e-10
-4.757303286356086e-11
2.576103649657475e-11
-1.529132673238696e-10
-3.071397633818117e-11
-1.781798262087473e-10
-4.601094817792317e-11
-1.649013575312455e-10
-4.428122544286687e-11
-1.410192888774985e-10
-3.71689771707563e-11
-1.188998748277885e-10
-2.931160008380319e-11
-1.019505768614035e-10
-2.226100603000914e-11
-8.999175098291159e-11
-1.641537013949913e-11
-8.191250845401804e-11
-1.178534073706584e-11
-7.66148733987749e-11
-8.250909408182017e-12
-7.322284660710113e-11
-5.639778729506667e-12
-7.106588287778999e-11
-3.754507271195e-12
-6.962801327122503e-11
-2.384820858733119e-12
-6.85113276402958e-11
-1.310010194355299e-12
-6.741795657462458e-11
-2.874033738780241e-13
-6.614952072578125e-11
9.756134635382119e-13
-6.462770977517308e-11
2.848662497574327e-12
-6.29367654458166e-11
5.737878031733751e-12
-6.136076311893905e-11
9.862998493638271e-12
-6.033055761176119e-11
1.480212499241625e-11
-6.015654754188688e-11
1.904365162306805e-11
-6.052422562036211e-11
2.01718586805501e-11
-6.005010407738711e-11
1.637076677344485e-11
-5.658079214747071e-11
9.009631282705418e-12
-4.888550256362962e-11
2.969446434582076e-12
-3.897305969946368e-11
-2.822437219371396e-11
1.314934723514506e-08
2.386972372084346e-08
5.406749218739373e-08
5.668551427530054e-08
1.144844850004008e-07
8.118126081482365e-08
1.861019325057972e-07
9.635300029663093e-08
2.610447062006671e-07
1.007402547011584e-07
3.313514527948003e-07
9.446078113091973e-08
3.894519931379794e-07
7.893673656197069e-08
4.290978342575206e-07
5.691641733427437e-08
4.509031846966402e-07
3.509184990869819e-08
4.608288029168402e-07
1.881577353983793e-08
4.645996154930932e-07
8.808413424581787e-09
4.65549615703543e-07
3.21060991389202e-09
4.650972548803623e-07
-1.926189281011421e-10
4.632833573296502e-07
-3.356480521128934e-09
4.589653462908362e-07
-7.901996889721119e-09
4.496547559533604e-07
-1.512225772478916e-08
4.323378942776976e-07
-2.51191312339924e-08
4.062790136369582e-07
-3.564178004125748e-08
3.744077910773986e-07
-4.338293593682534e-08
3.397315775804217e-07
-4.771404892018759e-08
3.049426713466505e-07
-4.909042603825171e-08
2.725205879452069e-07
-4.866612147448281e-08
2.445134910292933e-07
-4.594666521636468e-08
2.18716706809725e-07
-3.26683221485762e-08
1.886526226003139e-07
-2.063810571450244e-09
1.53036440419195e-07
3.2712022633857e-08
1.172577117911797e-07
5.557463604441357e-08
8.421880632251916e-08
6.848567172007203e-08
5.527759900611308e-08
7.349673039157452e-08
3.1373196924047e-08
7.099629245683164e-08
1.326236217372515e-08
5.816961783788128e-08
5.368505348957726e-10
3.923859346392874e-08
3.233186207711666e-10
7.305372628149986e-11
3.620219645471355e-10
1.838432979846843e-10
5.047441844248654e-10
3.353293180327608e-10
5.313350719193722e-10
3.761925505862139e-10
4.164383957857093e-10
2.755187983610485e-10
2.518804980876241e-10
1.169848160895327e-10
1.149718166034164e-10
-1.600463363597009e-11
2.982756266972499e-11
-9.303561888995821e-11
-1.227419017149465e-11
-1.227996505170412e-10
-2.803455155272695e-11
-1.252589723056276e-10
-3.057650808895726e-11
-1.163579625691583e-10
-2.758144937679806e-11
-1.049456790909309e-10
-2.284293942732359e-11
-9.47303042917491e-11
-1.801989064109396e-11
-8.673560016945983e-11
-1.375321489164289e-11
-8.088159233932476e-11
-1.022963732122762e-11
-7.674646720747916e-11
-7.432037928846693e-12
-7.386352584857717e-11
-5.24453499889521e-12
-7.181555960553446e-11
-3.496146595436528e-12
-7.025975997570104e-11
-1.976984247341059e-12
-6.893716219449045e-11
-4.416461558937483e-13
-6.76849019222468e-11
1.383322365522884e-12
-6.645272001310464e-11
3.754405809666087e-12
-6.530788955530932e-11
6.783056882043426e-12
-6.438945298146028e-11
1.02155690322416e-11
-6.376310814943091e-11
1.323720719828677e-11
-6.317822171091527e-11
1.458004230229463e-11
-6.186710272041156e-11
1.320814328957031e-11
-5.867827660052946e-11
9.403517142581454e-12
-5.2776188882994e-11
5.128048454519588e-12
-4.460991373022983e-11
2.170016508233223e-12
-3.601552491252634e-11
-2.605422054892544e-11
1.278076354333923e-08
1.108896006065991e-08
4.670903392937459e-08
2.275724378134583e-08
9.510372806995539e-08
3.27865665683565e-08
1.514942486226266e-07
3.996247963635632e-08
2.101450853489761e-07
4.208941786520026e-08
2.652163263848461e-07
3.938953998377197e-08
3.114279451934972e-07
3.272511764038111e-08
3.448606177452413e-07
2.34837446682692e-08
3.655951781969158e-07
1.435728934147571e-08
3.768931613537992e-07
7.517790266591298e-09
3.823302989505868e-07
3.371275710776165e-09
3.843720363932841e-07
1.168872354102547e-09
3.842642385704918e-07
-8.482122222390676e-11
3.821811874320503e-07
-1.2734294988128e-09
3.773992701466762e-07
-3.120079719380607e-09
3.684287296999908e-07
-6.151717391483429e-09
3.536463989959758e-07
-1.033680064140672e-08
3.327417204918492e-07
-1.473710164620118e-08
3.073919374230804e-07
-1.803315297453024e-08
2.795268644968755e-07
-1.984897609767066e-08
2.509958454934986e-07
-2.055940713561116e-08
2.237327589022669e-07
-2.14030349810761e-08
2.00301836778788e-07
-2.251574318771341e-08
1.795235921088093e-07
-1.189007757070319e-08
1.546086857341397e-07
2.285109571389125e-08
1.220127928072709e-07
6.530791547372591e-08
9.135699840613134e-08
8.623043036090749e-08
6.477562617573283e-08
9.506704386762387e-08
4.22969623923091e-08
9.597539409401184e-08
2.398652025770245e-08
8.930673451172922e-08
1.002484393370622e-08
7.213129408356026e-08
3.297646321653165e-10
4.89336726880495e-08
2.070457391751889e-10
1.95772542888385e-10
1.670618241157441e-10
2.238271372499782e-10
2.368163025598672e-10
2.655747646438098e-10
3.156254423269625e-10
2.973833362912679e-10
3.223212550984834e-10
2.688229117935185e-10
2.579654694273222e-10
1.813405283062557e-10
1.66639678095508e-10
7.532108491493345e-11
8.598369129894802e-11
-1.237970460216722e-11
3.082879216711371e-11
-6.764482330662302e-11
-2.838525527293217e-13
-9.414639938945077e-11
-1.467093449340734e-11
-1.019709520356391e-10
-1.935521489677583e-11
-1.002614702807666e-10
-1.916216367597686e-11
-9.492342703523424e-11
-1.688529136508483e-11
-8.901254463167751e-11
-1.397036616517279e-11
-8.37965900107558e-11
-1.109403759198089e-11
-7.962286933206483e-11
-8.522252104794343e-12
-7.643538547963718e-11
-6.302366948643092e-12
-7.403552023094529e-11
-4.359626896951025e-12
-7.220257605476552e-11
-2.54715550393704e-12
-7.074971071063597e-11
-6.815459225725263e-13
-6.955058878878008e-11
1.409477008933577e-12
-6.854382092805065e-11
3.805117298964945e-12
-6.770360732377566e-11
6.37595887374389e-12
-6.696037226017397e-11
8.692045350912152e-12
-6.607927242449212e-11
1.007851701503568e-11
-6.456477602096081e-11
9.932132285916479e-12
-6.172080190709335e-11
8.218210132093389e-12
-5.696441889937914e-11
5.720550714707444e-12
-5.027865811369711e-11
3.499258480049989e-12
-4.238892077985269e-11
1.781674814616298e-12
-3.429765349139314e-11
-2.427278434947896e-11
1.406240013826201e-08
-2.973440173223145e-09
3.710808504007421e-08
-2.88441245451825e-10
6.849001978890219e-08
1.40463168638402e-09
1.061991887878149e-07
2.253310500535168e-09
1.45835386872317e-07
2.453219641825772e-09
1.830772426243397e-07
2.147684091341021e-09
2.144009373142847e-07
1.401422809203208e-09
2.374861471219905e-07
3.985347185918749e-10
2.522920284365165e-07
-4.485921150984982e-10
2.606256034024295e-07
-8.157848413087345e-10
2.647257936747019e-07
-7.28914702715631e-10
2.662995214066282e-07
-4.048555180646696e-10
2.662478087543897e-07
-3.310870856105547e-11
2.647057279663306e-07
2.686511525853111e-10
2.611772932129041e-07
4.083548998796023e-10
2.547310348058062e-07
2.945408841869334e-10
2.444731067288503e-07
-7.887269275519588e-11
2.302690562732779e-07
-5.330513156233378e-10
2.130919879390555e-07
-8.560847618833338e-10
1.943485036685591e-07
-1.105491945226787e-09
1.753420475520658e-07
-1.552951133828031e-09
1.558379938729008e-07
-1.898981413250394e-09
1.329714100517443e-07
3.508405250187838e-10
1.105393792976647e-07
1.054195307785123e-08
8.610444067167613e-08
4.728603423658381e-08
7.022338072552826e-08
8.118897531879058e-08
5.434618346496138e-08
1.021076275218044e-07
3.971492339504414e-08
1.096983038393095e-07
2.657941637683975e-08
1.091109010145997e-07
1.537603370189902e-08
1.005101170897899e-07
6.369048142141063e-09
8.11382795464251e-08
-1.027332826312126e-11
5.531299406173566e-08
-1.039061353609293e-12
1.86538178823476e-10
1.857558366692465e-11
2.042123949705644e-10
7.561100190517088e-11
2.085392484709285e-10
1.533024518527161e-10
2.196917881488897e-10
2.063779404323989e-10
2.157473242718256e-10
2.096681447229616e-10
1.780502247786712e-10
1.719482039691847e-10
1.130409256882911e-10
1.176715791551811e-10
4.189681992914653e-11
6.723962464219284e-11
-1.721296985251492e-11
3.001695196602192e-11
-5.69238281575211e-11
6.744578288268476e-12
-7.869868074618356e-11
-5.741960271951826e-12
-8.77750347245718e-11
-1.121487724625394e-11
-8.94506143527629e-11
-1.265761027870293e-11
-8.75699168746912e-11
-1.203032002484415e-11
-8.442398727763631e-11
-1.04798420850186e-11
-8.117345564007176e-11
-8.613154795592635e-12
-7.830218323349722e-11
-6.706631861607142e-12
-7.594215515568928e-11
-4.841192742485767e-12
-7.406812926316827e-11
-2.989326542957987e-12
-7.260169235524399e-11
-1.082923649324346e-12
-7.145710897820719e-11
9.174113538066741e-13
-7.054427397288504e-11
2.948310200964765e-12
-6.97346255891459e-11
4.790676223558065e-12
-6.880285883105848e-11
6.092903835395192e-12
-6.738162247347725e-11
6.518713751916451e-12
-6.499070841310141e-11
5.984584788898201e-12
-6.118680146844958e-11
4.810514849499477e-12
-5.579050374649293e-11
3.553745141178108e-12
-4.902198629282535e-11
2.533187165414307e-12
-4.136830818807819e-11
1.48778928475413e-12
-3.325278867535533e-11
-2.278489721175501e-11
-1.560177529446543e-09
-1.413262775694501e-09
-1.340056311841996e-09
-5.08562619768496e-10
-7.671607558577228e-10
8.317359646272215e-10
-2.346219068957074e-10
1.72077148151662e-09
2.287080031802153e-10
1.989889559458685e-09
6.001633348860242e-10
1.776228586964168e-09
7.904421661317891e-10
1.2111438053139e-09
6.971320521292153e-10
4.918446611058688e-10
3.852508311855068e-10
-1.367110643401333e-10
5.242474373764551e-11
-4.829589217664375e-10
-1.637157153642043e-10
-5.127744091131814e-10
-2.39999055355875e-10
-3.285723403228067e-10
-2.030949826225904e-10
-7.001294017495647e-11
-8.015838843613143e-11
1.457144035270568e-10
9.8450542816723e-11
2.297458178535829e-10
2.614286915566986e-10
1.315625891323906e-10
3.104996868005049e-10
-1.279438298243657e-10
2.341549235817748e-10
-4.56706689724441e-10
1.465575243348951e-10
-7.684874955013275e-10
7.293075273234208e-11
-1.031865302378827e-09
-2.703260815584316e-10
-1.209694424296722e-09
-9.691620678011259e-10
-1.200145548441805e-09
9.149213556967068e-10
-1.533243016736897e-09
1.517460564600281e-08
-3.717731328465881e-09
1.457706986284833e-08
4.788356990586304e-08
1.634260191479723e-08
7.942344315401059e-08
1.754480464751011e-08
1.009054246772501e-07
1.55621331445511e-08
1.116809752303012e-07
1.170549421581901e-08
1.129675398313155e-07
7.319966408620793e-09
1.048956447838658e-07
3.005254760569707e-09
8.545299108046336e-08
-3.039788672369547e-10
5.86222275737719e-08
-1.973537820403343e-10
7.991297642845458e-11
-1.071144477016189e-10
1.139729412878615e-10
-2.937378626401726e-11
1.307984660465585e-10
4.572115627883746e-11
1.445967223357305e-10
1.088881240358332e-10
1.525802315364031e-10
1.437320485229144e-10
1.432061730608074e-10
1.448993902631859e-10
1.118734550523731e-10
1.211063504059685e-10
6.568972871323023e-11
8.676450692885731e-11
1.712874091788148e-11
5.362494258215817e-11
-2.378439869882044e-11
2.767365746316645e-11
-5.274753223200358e-11
1.012146971308506e-11
-7.022298592630162e-11
-3.402027301353397e-13
-7.898908281716747e-11
-5.745953888294671e-12
-8.216430928959291e-11
-7.929578322446474e-12
-8.224050869276999e-11
-8.231766769771517e-12
-8.087141603042773e-11
-7.518126640247676e-12
-7.901597467906546e-11
-6.295000567691084e-12
-7.716543561816457e-11
-4.829036286405662e-12
-7.553425027985149e-11
-3.246293471918754e-12
-7.418459472906293e-11
-1.613732534095546e-12
-7.308983131922825e-11
-6.975489683633484e-15
-7.215119463349452e-11
1.444312751315127e-12
-7.118607917362956e-11
2.555912121092321e-12
-6.99146253899454e-11
3.15317803945708e-12
-6.797905814269121e-11
3.183383668719048e-12
-6.502109013812215e-11
2.7988390983742e-12
-6.080243370350836e-11
2.304686458784054e-12
-5.529650672768629e-11
1.946125346775913e-12
-4.866363725232169e-11
1.682318141633737e-12
-4.110486664218125e-11
1.149575491188699e-12
-3.271984639537873e-11
-2.163558245312084e-11
-9.61049813536841e-10
-4.522131583645502e-10
-1.303870900701571e-09
-1.657417361919063e-10
-9.824339357258176e-10
5.102987969627237e-10
-3.88593908861189e-10
1.126931250897629e-09
1.903584715108927e-10
1.410936975632624e-09
6.302415579519153e-10
1.336345297879081e-09
8.401187792332579e-10
1.001266383765157e-09
7.795291515218724e-10
5.524340912125973e-10
5.102899284835912e-10
1.325279650786981e-10
1.791972890529093e-10
-1.518664718368584e-10
-7.686087964796379e-11
-2.567164247369314e-10
-1.949469249362569e-10
-2.104864741536088e-10
-1.753462502957157e-10
-8.961378800042776e-11
-4.958253130772876e-11
1.995051722299293e-11
1.282936179527728e-10
5.186950748138459e-11
2.820206433566755e-10
-2.216459133798928e-11
3.433633658479428e-10
-1.892867014353094e-10
2.985975346073862e-10
-4.119410019061327e-10
1.740703925798323e-10
-6.439604917349375e-10
-2.637392090975017e-11
-8.314211223046104e-10
-2.791973788166751e-10
-9.56871095879146e-10
-2.935038024242346e-10
-1.185839250725916e-09
4.00394087525602e-11
-1.866786351428575e-09
-1.20287715941072e-09
-2.474814881727045e-09
-6.6585690698304e-09
5.333926169557575e-08
-4.259180611784524e-09
7.702405457578573e-08
-2.313322542285212e-10
9.687757619860167e-08
1.925778497995199e-09
1.095238643560615e-07
2.447133456849686e-09
1.124461847481416e-07
2.013755748792022e-09
1.053290223654833e-07
7.560535678280939e-10
8.671069313166166e-08
-4.125423687757714e-10
5.979082337762776e-08
-3.002365029334665e-10
-3.239302612337482e-11
-1.898610441239239e-10
3.597342388577085e-12
-1.001131230672587e-10
4.105040067589807e-11
-2.584707041536703e-11
7.033052182892357e-11
3.620477266549883e-11
9.052823636637188e-11
8.123793789308324e-11
9.817285224343703e-11
1.035612761022024e-10
8.954995715568631e-11
1.035507252837312e-10
6.570011646171757e-11
8.784188003402533e-11
3.283741914662025e-11
6.52099055538329e-11
-1.152594548601151e-12
4.273382523243847e-11
-3.027162614771252e-11
2.431528286703265e-11
-5.180462115929742e-11
1.110598025946614e-11
-6.577996181790184e-11
2.63516008792625e-12
-7.369367425152388e-11
-2.194719481198425e-12
-7.74108184335877e-11
-4.513194915958329e-12
-7.855313354938236e-11
-5.231914414495033e-12
-7.829745231741663e-11
-4.997598580262707e-12
-7.739995205313129e-11
-4.234590372608336e-12
-7.629746291848169e-11
-3.214077363252827e-12
-7.520531505215778e-11
-2.121226423782113e-12
-7.418289259874971e-11
-1.10515487534702e-12
-7.316747887702871e-11
-2.991645178763237e-13
-7.19922846572292e-11
1.968248195893033e-13
-7.041083277029419e-11
3.626317221270844e-13
-6.814508681786582e-11
2.96424498054383e-13
-6.495510581431316e-11
1.937662357008157e-13
-6.070000467409159e-11
2.440626838994593e-13
-5.534705550448095e-11
4.937189535983191e-13
-4.891348498241342e-11
7.720872309414443e-13
-4.138327441128845e-11
7.175639888515064e-13
-3.266591247850632e-11
-2.091798553784812e-11
-5.406732659040335e-10
8.845996859463047e-11
-8.89782593814361e-10
1.833673874088424e-10
-8.032284366822634e-10
4.237444149413359e-10
-3.99044315554083e-10
7.227468992683948e-10
9.096485192060105e-11
9.209275770942287e-10
4.903950539635393e-10
9.369148675941942e-10
7.007783825283073e-10
7.908828307444713e-10
6.992325823420628e-10
5.539796726243349e-10
5.306829841091174e-10
3.010773505039941e-10
2.875354765809996e-10
9.12808302362191e-11
7.021899285571413e-11
-3.940013910833476e-11
-5.323684693050557e-11
-8.703082421267513e-11
-6.288841777471455e-11
-7.99623989498257e-11
1.993145443716059e-11
-6.286952837973087e-11
1.462746353352036e-10
-7.447383877121617e-11
2.576090732261248e-10
-1.334991867569573e-10
3.076344281177544e-10
-2.393122065208446e-10
2.746715999008247e-10
-3.789783172939105e-10
1.601434989820919e-10
-5.294325283999409e-10
-3.722762535365606e-12
-6.675549935522425e-10
-1.568699588988199e-10
-8.037240280313004e-10
-3.778921737946342e-10
-9.648171616399717e-10
-1.275943162282575e-09
-9.687354865520404e-10
-3.444121052135678e-09
-3.066371150177941e-10
-5.177742938855138e-09
5.507288345927785e-08
-5.870509413480914e-09
7.771682092570761e-08
-4.729873467126752e-09
9.573694012571298e-08
-3.134205995023507e-09
1.079281967538596e-07
-1.697648285955403e-09
1.110096269055105e-07
-6.10910519790727e-10
1.042422844607202e-07
-3.513237930527959e-10
8.645110626162868e-08
-3.549338720333181e-10
5.979443330731977e-08
-2.943856298313842e-10
-9.294142306464007e-11
-2.154637392544875e-10
-7.532470942153171e-11
-1.394242334959382e-10
-3.498927204561306e-11
-7.299407489706712e-11
3.900189642016265e-12
-1.63382362020503e-11
3.387221832326847e-11
2.921683389916932e-11
5.26175963025393e-11
6.032357096446782e-11
5.844302864655272e-11
7.494232153761062e-11
5.108116820931428e-11
7.468649389151685e-11
3.309304371787104e-11
6.422593345889064e-11
9.307756820629046e-12
4.906971516552193e-11
-1.511562216064888e-11
3.365291731857365e-11
-3.638804345481523e-11
2.057453430040093e-11
-5.270180412530211e-11
1.07868454068058e-11
-6.390621644479815e-11
4.183205624639223e-12
-7.08074148618857e-11
1.660220116412767e-13
-7.453619174217908e-11
-1.973924665609502e-12
-7.615775227782129e-11
-2.868113166261754e-12
-7.650601526186233e-11
-3.009874825268988e-12
-7.615595708503152e-11
-2.760769619182606e-12
-7.545468013812153e-11
-2.379469165113851e-12
-7.456445611291474e-11
-2.046019298821805e-12
-7.350119493286215e-11
-1.868168307828587e-12
-7.217040466490274e-11
-1.870905623493708e-12
-7.040836771760308e-11
-1.986228609608102e-12
-6.803003968807722e-11
-2.069452612480811e-12
-6.487216514952079e-11
-1.958136789527631e-12
-6.081160527595979e-11
-1.558071416119796e-12
-5.574738278725523e-11
-9.120808030881616e-13
-4.955978400045951e-11
-2.171115764631187e-13
-4.20786941502812e-11
1.996680251560606e-13
-3.308263360709103e-11
-2.071860511570044e-11
-2.805338550281129e-10
3.689935303772926e-10
-4.960621214229928e-10
3.988953843690704e-10
-5.018175719227261e-10
4.294996095905391e-10
-2.912809240482813e-10
5.122099993791449e-10
2.907507957523042e-11
6.005713256246538e-10
3.276361083681953e-10
6.383535956759174e-10
5.152590902909972e-10
6.032596125832676e-10
5.6287896011225e-10
5.063595739699897e-10
4.904164426226418e-10
3.735396482778191e-10
3.488511285304942e-10
2.328459338571599e-10
2.008816461960734e-10
1.085691430846732e-10
9.889713799736701e-11
1.495349395925024e-11
6.758412429043244e-11
-4.864956475728045e-11
9.965017643707061e-11
-9.493575002003491e-11
1.647724720712297e-10
-1.395962941743838e-10
2.252152523882229e-10
-1.939421178106241e-10
2.489142589123874e-10
-2.630113556879521e-10
2.157201977548707e-10
-3.457843914919699e-10
1.216541209410739e-10
-4.353665811309875e-10
-2.518177172521125e-11
-5.207192254424883e-10
-2.522780314066951e-10
-5.766278897863027e-10
-6.978274010434307e-10
-5.19267911054932e-10
-1.466132807021932e-09
-2.004301993355762e-10
-2.094069191335599e-09
3.212991502483079e-10
-2.466639258623435e-09
5.544545340510144e-08
-3.954116062486365e-09
7.920429760535723e-08
-4.584016919238931e-09
9.63668408534063e-08
-4.034579135589027e-09
1.07378758836283e-07
-2.848000967713737e-09
1.098230485969143e-07
-1.492610559432279e-09
1.028868939052006e-07
-6.918736747581971e-10
8.565036922153922e-08
-2.33152094155168e-10
5.933571156364974e-08
-2.247260919239299e-10
-1.013675973763443e-10
-1.935393089809947e-10
-1.065116726241094e-10
-1.482184495555861e-10
-8.031032104353868e-11
-9.921151137649577e-11
-4.510694646034105e-11
-5.24930008023984e-11
-1.284649943592955e-11
-1.134269145566063e-11
1.146707154551639e-11
2.133760840449904e-11
2.57625044118837e-11
4.309693860468734e-11
2.932160570179086e-11
5.322375890207795e-11
2.296598255560951e-11
5.331597410101715e-11
9.21529316125745e-12
4.658541527783165e-11
-8.38531995094679e-12
3.657867138656643e-11
-2.638156346563542e-11
2.615141571747429e-11
-4.227482014724706e-11
1.705127984571094e-11
-5.480635924853108e-11
1.000575197527912e-11
-6.376217303365392e-11
5.04349974391532e-12
-6.957423205563111e-11
1.828468247964659e-12
-7.294301996672746e-11
-9.715712344818768e-14
-7.458069467427764e-11
-1.175347411376278e-12
-7.507807695756895e-11
-1.772263109444323e-12
-7.485807887948172e-11
-2.160294612826215e-12
-7.417674300558888e-11
-2.514981929983265e-12
-7.314682915326199e-11
-2.913883710053588e-12
-7.177182780934402e-11
-3.338771064187205e-12
-6.998380895733761e-11
-3.691821825527596e-12
-6.767732234228637e-11
-3.835040992804495e-12
-6.472928242364554e-11
-3.64870421195372e-12
-6.099828436475942e-11
-3.088546491800711e-12
-5.630790102741699e-11
-2.218996106075918e-12
-5.042963490130404e-11
-1.216991799132545e-12
-4.308085922077387e-11
-3.606253414674252e-13
-3.393964904249737e-11
-2.107928760562732e-11
-1.20393024135844e-10
4.893864387796273e-10
-2.193671540191922e-10
4.978692972729702e-10
-2.366358434518584e-10
4.467680521508494e-10
-1.459785331934534e-10
4.215524369812798e-10
2.531215285342865e-11
4.292803896535456e-10
2.133733262716267e-10
4.502921789153709e-10
3.585485795356692e-10
4.580841239541002e-10
4.295683825072337e-10
4.353395457915451e-10
4.253882502353041e-10
3.777195659241707e-10
3.668764296088733e-10
2.913575517611206e-10
2.864901645782509e-10
1.889552172011773e-10
2.16418866718606e-10
8.502461321011362e-11
1.769192002302668e-10
-9.150065078955728e-12
1.703587523711747e-10
-8.837545750028263e-11
1.838794377086146e-10
-1.531171241958447e-10
1.971961437825454e-10
-2.07258959001157e-10
1.896688588992854e-10
-2.554841973556245e-10
1.442615202738677e-10
-3.003771725721414e-10
4.764009604011527e-11
-3.387452708155224e-10
-1.18168122635422e-10
-3.549111170775982e-10
-3.837906571886757e-10
-3.110054629120862e-10
-7.44827247839452e-10
-1.582314279020948e-10
-1.027525433565654e-09
8.226787826822711e-11
-9.293583269970035e-10
2.231319324265404e-10
-1.33205288633084e-09
5.584814784953957e-08
-2.559969070816687e-09
8.043221366882845e-08
-3.515213483729151e-09
9.732208513900832e-08
-3.476332875567615e-09
1.073398780922292e-07
-2.68102998168325e-09
1.090277455587281e-07
-1.522473591457808e-09
1.01728337360237e-07
-6.682793411218576e-10
8.479617480652227e-08
-1.237754029975661e-10
5.87912074492105e-08
-1.435226739835667e-10
-8.162051357267451e-11
-1.482056250823561e-10
-1.018289209241791e-10
-1.339371637507399e-10
-9.457899297002068e-11
-1.067965688541637e-10
-7.224776427776742e-11
-7.39587035005349e-11
-4.568459888323256e-11
-4.073054082986848e-11
-2.176133728102001e-11
-1.08725308471325e-11
-4.095762587323503e-12
1.279576635845644e-11
5.653039920962245e-12
2.855786102391904e-11
7.203608930918161e-12
3.621147436189207e-11
1.561389925463511e-12
3.703284150365022e-11
-9.206986831853218e-12
3.319346748327395e-11
-2.254249946384704e-11
2.699052959867369e-11
-3.607220154097163e-11
2.027063158923615e-11
-4.808679007275101e-11
1.41958962410495e-11
-5.768777505110006e-11
9.290110952805721e-12
-6.466879271523363e-11
5.622145917263237e-12
-6.927540829564193e-11
3.006605735226507e-12
-7.196551496493032e-11
1.160309047387952e-12
-7.323214651317091e-11
-1.980700886679138e-13
-7.350007120767243e-11
-1.293239541715328e-12
-7.308194902838675e-11
-2.266906730777307e-12
-7.217354120348515e-11
-3.169416972850452e-12
-7.08697002866372e-11
-3.967138095972625e-12
-6.918647443406263e-11
-4.566873320898994e-12
-6.707797869339526e-11
-4.855063351691731e-12
-6.444149220628555e-11
-4.742087238797579e-12
-6.111166259498672e-11
-4.198205192757317e-12
-5.685216142299216e-11
-3.272934326814697e-12
-5.135531469075773e-11
-2.09960261139888e-12
-4.425472910154651e-11
-8.914958531632086e-13
-3.514788541100394e-11
-2.197109301631387e-11
-2.578180928655226e-11
5.151679088381541e-10
-4.948932819416848e-11
5.215765368500909e-10
-5.315792824346536e-11
4.50436399846501e-10
-1.869555109883642e-11
3.870898168071976e-10
5.781256579006913e-11
3.527720376659836e-10
1.589244420154438e-10
3.491800759509097e-10
2.566340547995271e-10
3.603742948519453e-10
3.27324587845257e-10
3.646488075532103e-10
3.59762615580061e-10
3.452813455879298e-10
3.556377072575225e-10
2.954822802264768e-10
3.260972485209162e-10
2.184955093993019e-10
2.862627602029621e-10
1.248589479317527e-10
2.489928271139867e-10
2.81197270065064e-11
2.202594657202553e-10
-5.964222531861746e-11
1.98027499470841e-10
-1.308852765744642e-10
1.740111031687244e-10
-1.832426718267663e-10
1.362171860794355e-10
-2.176903818179783e-10
7.076065408209173e-11
-2.349207357569306e-10
-3.723566075390716e-11
-2.307490472407397e-10
-1.993618864199561e-10
-1.927849799202557e-10
-4.036309480076334e-10
-1.067364898406398e-10
-5.778063499640182e-10
1.594388454128336e-11
-6.022139382893548e-10
1.066753732293186e-10
-4.627024852888977e-10
8.362038147700528e-11
-9.32711526735316e-10
5.631815678569065e-08
-1.764389986155545e-09
8.12638920152415e-08
-2.515619837355395e-09
9.807331486687159e-08
-2.614145381261e-09
1.07438403502509e-07
-2.107660475475379e-09
1.085212605066792e-07
-1.247747636380793e-09
1.008684243626497e-07
-5.301405168448385e-10
8.407856751424821e-08
-5.458619143700256e-11
5.831565293753739e-08
-8.060565933955485e-11
-5.560124713324788e-11
-1.017286522144073e-10
-8.070614364291458e-11
-1.084603782916877e-10
-8.784749797867797e-11
-1.007044845716004e-10
-8.00039033603399e-11
-8.277655970451617e-11
-6.3612784457967e-11
-5.96537583047441e-11
-4.488441340994325e-11
-3.549185580100711e-11
-2.825795464992988e-11
-1.346333678458069e-11
-1.63757821325375e-11
4.200875736532904e-12
-1.046092069255319e-11
1.632698056648045e-11
-1.056504475739087e-11
2.286918762046344e-11
-1.574953688742833e-11
2.47179672026209e-11
-2.43916339496046e-11
2.327580379162331e-11
-3.46304051453591e-11
1.999478879868072e-11
-4.480615299113678e-11
1.604995793616161e-11
-5.374333295033995e-11
1.220734424341177e-11
-6.082657732867837e-11
8.847484060633317e-12
-6.591595554684144e-11
6.068510066005023e-12
-6.918695603046358e-11
3.804685112057136e-12
-7.096874347880049e-11
1.92529999157885e-12
-7.162111332515934e-11
3.03260330274849e-13
-7.14603412004365e-11
-1.144797097328454e-12
-7.072591933565283e-11
-2.441972502028756e-12
-6.95729641758699e-11
-3.553957420564402e-12
-6.807493358578245e-11
-4.406983776728318e-12
-6.622540219910895e-11
-4.91458872030452e-12
-6.393434169847363e-11
-5.005228766048442e-12
-6.102148241604551e-11
-4.644167949198032e-12
-5.721369248763211e-11
-3.847238003947274e-12
-5.215265992102527e-11
-2.687719724891375e-12
-4.54145473742582e-11
-1.29837900598691e-12
-3.653791708319179e-11
-2.326963675454747e-11
2.540447564929595e-11
4.897633893605883e-10
4.440502165875438e-11
5.025758259927529e-10
5.653273516482928e-11
4.383084870725842e-10
7.150291357533677e-11
3.72119435098845e-10
1.004636874525798e-10
3.238110652747605e-10
1.472027006748914e-10
3.024408731248307e-10
2.052764833050646e-10
3.023003331458648e-10
2.622702806201817e-10
3.076548433328367e-10
3.061361072413094e-10
3.014153647618534e-10
3.294599833933072e-10
2.721582631794181e-10
3.307282029905631e-10
2.172271621016764e-10
3.132990391140825e-10
1.422879969318098e-10
2.829615507125699e-10
5.845711271034596e-11
2.450433762850963e-10
-2.172414270226313e-11
2.020707810881103e-10
-8.791276333251242e-11
1.52586805153468e-10
-1.337587700646734e-10
9.124987876722663e-11
-1.563535230624937e-10
1.039550288042084e-11
-1.540664236133402e-10
-9.558211378427208e-11
-1.247714917033497e-10
-2.204017660086683e-10
-6.79653892162729e-11
-3.333107633194353e-10
6.172444429382508e-12
-3.843965825907757e-10
6.702963610746379e-11
-3.53645944751282e-10
7.592466213051012e-11
-3.026674134907272e-10
3.264176834910286e-11
-6.826015508982134e-10
5.669809083209866e-08
-1.21901737077598e-09
8.180030773207494e-08
-1.724713292198136e-09
9.857901067310003e-08
-1.830200989771402e-09
1.075438910701031e-07
-1.514907487082769e-09
1.082059668595198e-07
-9.253549132825808e-10
1.002788716275744e-07
-3.869833032972459e-10
8.354019572683771e-08
-2.202196446322198e-11
5.795069140317856e-08
-4.314138699012952e-11
-3.448203726645786e-11
-6.637618497558302e-11
-5.747157699990351e-11
-8.253569957408344e-11
-7.16882321748071e-11
-8.771958844927336e-11
-7.482028199832294e-11
-8.249537983780402e-11
-6.883727790648965e-11
-6.972325909689549e-11
-5.765683725969887e-11
-5.277453563501787e-11
-4.520699800934908e-11
-3.466670088584812e-11
-3.448395422341514e-11
-1.778810036995303e-11
-2.733987449371851e-11
-3.797122936353572e-12
-2.455639181052094e-11
6.443037635882373e-12
-2.599008194723173e-11
1.283695967248345e-11
-3.078595548412524e-11
1.588639365634002e-11
-3.768025220975158e-11
1.642061711220795e-11
-4.53408029747242e-11
1.532634881375586e-11
-5.264950315714312e-11
1.335714345371203e-11
-5.885782194630113e-11
1.104815230241475e-11
-6.360742420589354e-11
8.716959895729179e-12
-6.685623233704959e-11
6.513011004540729e-12
-6.876527043798219e-11
4.481689007868251e-12
-6.959027319944292e-11
2.621530565053207e-12
-6.96006692545946e-11
9.248828810545199e-13
-6.902976214694364e-11
-5.998045783343305e-13
-6.804877157411983e-11
-1.921426868885444e-12
-6.675381087814592e-11
-2.990503598636423e-12
-6.51568305285359e-11
-3.748791490124488e-12
-6.317656809774475e-11
-4.139876071477456e-12
-6.063091549552179e-11
-4.118703885172244e-12
-5.723535764995146e-11
-3.659907358729899e-12
-5.261195796965989e-11
-2.764761154652118e-12
-4.631030447306737e-11
-1.465041942843917e-12
-3.783798606277195e-11
-2.473499674912655e-11
4.952056740604215e-11
4.402425223272811e-10
9.019392428460425e-11
4.619022625234488e-10
1.143380156379219e-10
4.141642262018283e-10
1.26789168149939e-10
3.596681265695372e-10
1.376514192388437e-10
3.129486680473193e-10
1.567065440736605e-10
2.833856121608558e-10
1.878569111499534e-10
2.711498410551817e-10
2.276322862630999e-10
2.678793550774496e-10
2.676935284023095e-10
2.613540218644401e-10
2.987558287273274e-10
2.410958746691053e-10
3.137463219617434e-10
2.02236592815058e-10
3.093719249717397e-10
1.466623296067284e-10
2.860853051976365e-10
8.174367852761771e-11
2.467568872056111e-10
1.760423082877981e-11
1.946809253007702e-10
-3.583683858350008e-11
1.31855424250321e-10
-7.093330002275295e-11
5.856355552463317e-11
-8.306168200234945e-11
-2.483060125322908e-11
-7.067229242243998e-11
-1.134777817639698e-10
-3.612433788973774e-11
-1.930763362770403e-10
1.163313630126791e-11
-2.416881417799945e-10
5.478421529108977e-11
-2.466280756712701e-10
7.196952874783993e-11
-2.26139985066323e-10
5.543652037548889e-11
-2.180454940426099e-10
2.454721559895462e-11
-4.707089989617299e-10
5.695075426162731e-08
-8.08678525078059e-10
8.213827716888155e-08
-1.137757232545105e-09
9.890808927448131e-08
-1.22374641995259e-09
1.076298801348176e-07
-1.033819205795391e-09
1.080160395035303e-07
-6.512147151246082e-10
9.98962669764787e-08
-2.729964050391919e-10
8.316197723555905e-08
-1.243047541882065e-11
5.76901252724754e-08
-2.622109210139536e-11
-2.06916433732894e-11
-4.498659416576947e-11
-3.870631819562472e-11
-6.246247342513445e-11
-5.421261809626641e-11
-7.392540920576506e-11
-6.335763192291261e-11
-7.744551157445543e-11
-6.531748286278636e-11
-7.349454563099343e-11
-6.160813060488048e-11
-6.388018640228531e-11
-5.482170546419563e-11
-5.082531773218773e-11
-4.753919032264318e-11
-3.644969446861235e-11
-4.17158848044845e-11
-2.25329529063138e-11
-3.847353839964573e-11
-1.038980987302404e-11
-3.813364808768847e-11
-7.993172404159864e-13
-4.037688768203677e-11
5.989848256514045e-12
-4.446987351495532e-11
1.016213148814804e-11
-4.951355661862711e-11
1.217444123516584e-11
-5.466229733114829e-11
1.258707919036148e-11
-5.927095657499134e-11
1.193299178509036e-11
-6.295384468044125e-11
1.064491019132877e-11
-6.556866788765729e-11
9.034835183197809e-12
-6.715572044316653e-11
7.307493853122101e-12
-6.786346295460965e-11
5.588219587936265e-12
-6.78819309206395e-11
3.951096863391409e-12
-6.739317964517406e-11
2.440447981018448e-12
-6.653866730672446e-11
1.084900217088565e-12
-6.539881270725903e-11
-9.322143175691278e-14
-6.397926530331654e-11
-1.07007841595494e-12
-6.220027421794699e-11
-1.812971871653985e-12
-5.988858887863944e-11
-2.274647066088871e-12
-5.677424956187708e-11
-2.391005409259353e-12
-5.249612158393699e-11
-2.082615705444362e-12
-4.661913801341811e-11
-1.258647131795493e-12
-3.866265239227268e-11
-2.599392282011877e-11
5.837926189218927e-11
3.818633342325297e-10
1.084977750057426e-10
4.117837060288657e-10
1.404883863101783e-10
3.82173538373273e-10
1.565472529386772e-10
3.436091808844259e-10
1.639089157008539e-10
3.055869321309891e-10
1.718705094659637e-10
2.754239538694379e-10
1.873918712601699e-10
2.556284248396976e-10
2.120358651747519e-10
2.432353172375355e-10
2.417765780897885e-10
2.316132760479737e-10
2.691436166716003e-10
2.137288136111485e-10
2.861792842627475e-10
1.852009130912706e-10
2.868970025322279e-10
1.459446080419366e-10
2.685473991761234e-10
1.000932868339829e-10
2.315608152044488e-10
5.459082569595065e-11
1.785521325654363e-10
1.717185994252532e-11
1.132133664392205e-10
-5.594515927869307e-12
4.003801217348181e-11
-9.886308820756178e-12
-3.466303261211397e-11
4.028768928547717e-12
-1.013408334577276e-10
3.055347603571981e-11
-1.482103049642943e-10
5.850261393694338e-11
-1.676117186086698e-10
7.418562714873893e-11
-1.648130131749278e-10
6.917081017571402e-11
-1.572140392251565e-10
4.783752121292381e-11
-1.57160986410204e-10
2.449412227709726e-11
-3.126336738609947e-10
5.710622689291211e-08
-5.193024917750564e-10
8.234494591197458e-08
-7.325639762476625e-10
9.912135066553449e-08
-7.98671689525017e-10
1.07695987733395e-07
-6.886499883528219e-10
1.079060176668087e-07
-4.492205748761607e-10
9.965683740426083e-08
-1.926922109303039e-10
8.290544869045728e-08
-1.397043219693877e-11
5.75114032881791e-08
-2.197793857926905e-11
-1.268436587290013e-11
-3.508000314328573e-11
-2.560450739420796e-11
-5.003881585021769e-11
-3.925408268889272e-11
-6.307609009933641e-11
-5.032065974685361e-11
-7.140800245967706e-11
-5.698589581196891e-11
-7.383907756445234e-11
-5.917740489833239e-11
-7.05615384696896e-11
-5.809961637175526e-11
-6.264709601729057e-11
-5.545402746801825e-11
-5.159056527651796e-11
-5.277283136668506e-11
-3.899557634676399e-11
-5.106896436826173e-11
-2.63504575625411e-11
-5.077922334937573e-11
-1.485250599574068e-11
-5.187531488905569e-11
-5.292482431345182e-12
-5.403039008491148e-11
1.973677371507044e-12
-5.678022613095024e-11
6.965463710679772e-12
-5.965460819571473e-11
9.96238566146967e-12
-6.22684167550896e-11
1.137605581465557e-11
-6.436806470098684e-11
1.164370160687683e-11
-6.583687364640008e-11
1.11583689976134e-11
-6.667095580393058e-11
1.023482619509728e-11
-6.694049449929559e-11
9.101345847348821e-12
-6.674902990245227e-11
7.905860549551802e-12
-6.619827809404252e-11
6.728075440184311e-12
-6.53614704194513e-11
5.594061553893944e-12
-6.426539246769376e-11
4.493847103068197e-12
-6.28796511474852e-11
3.403577512545095e-12
-6.111061403196021e-11
2.311795801185116e-12
-5.879742141447298e-11
1.246217885354677e-12
-5.570926238154441e-11
2.956063508765724e-13
-5.154608215885021e-11
-3.776748180327618e-13
-4.594651000226978e-11
-5.358376261312237e-13
-3.850507007599625e-11
-2.65300671749007e-11
5.980352760167103e-11
3.220596345417756e-10
1.130655247313559e-10
3.58521651624547e-10
1.496877821921516e-10
3.455512644890167e-10
1.703197426071603e-10
3.22977218842372e-10
1.795541478905562e-10
2.963525343526285e-10
1.84458793917229e-10
2.705193241597324e-10
1.917640647086785e-10
2.48323178782242e-10
2.050818225428493e-10
2.299175931720439e-10
2.235720882083172e-10
2.1312305232633e-10
2.425420669841204e-10
1.947588851284212e-10
2.554088085578329e-10
1.723342284947149e-10
2.559885425541565e-10
1.453649373876202e-10
2.402379784166829e-10
1.158439182745877e-10
2.070531294601155e-10
8.777574520734424e-11
1.582421822606154e-10
6.598287797118303e-11
9.812942165670034e-11
5.451831483763466e-11
3.322185806976952e-11
5.502132091661204e-11
-2.814791752549498e-11
6.53986056582574e-11
-7.708066750736628e-11
7.948627863471428e-11
-1.072408000779535e-10
8.866278969884836e-11
-1.188802865285159e-10
8.582514389133281e-11
-1.195824400137254e-10
6.987298036202715e-11
-1.183330775941242e-10
4.658815862646384e-11
-1.180193660391221e-10
2.418039324436329e-11
-2.139740535854585e-10
5.720218154266384e-08
-3.392134563079869e-10
8.247018525653532e-08
-4.786308775193521e-10
9.926076800548405e-08
-5.283603111520782e-10
1.077457170629803e-07
-4.655174331619906e-10
1.0784317465958e-07
-3.162160054023853e-10
9.950753582271095e-08
-1.417764327472331e-10
8.273100893739167e-08
-1.951523666699245e-11
5.738914188601978e-08
-2.398613721753084e-11
-8.21369880043266e-12
-3.261304456996551e-11
-1.697785963378921e-11
-4.424190651829225e-11
-2.762550777751044e-11
-5.649293028347741e-11
-3.806994901565222e-11
-6.679472268952718e-11
-4.668444337202836e-11
-7.317930676778608e-11
-5.279318608418336e-11
-7.464155428888698e-11
-5.663775993123431e-11
-7.114930316526518e-11
-5.894669371746155e-11
-6.345467416080383e-11
-6.046789963886928e-11
-5.281201100589464e-11
-6.171208907710486e-11
-4.067106675938609e-11
-6.292065112157629e-11
-2.840264629475678e-11
-6.41442389469809e-11
-1.710167152787111e-11
-6.533188779137603e-11
-7.488369580655742e-12
-6.639406838660526e-11
9.903205530812806e-14
-6.724256634113193e-11
5.645439993489913e-12
-6.781539526981033e-11
9.365261601670563e-12
-6.808846931774508e-11
1.160163578929056e-11
-6.8073841013651e-11
1.273783141132951e-11
-6.780775287526834e-11
1.313100753524754e-11
-6.73342783862807e-11
1.307048715120212e-11
-6.668912230125256e-11
1.275710602121288e-11
-6.588551397028095e-11
1.2298023496078e-11
-6.490300955723878e-11
1.171290617337748e-11
-6.368090277298508e-11
1.095106957865237e-11
-6.211844951172657e-11
9.921831329861359e-12
-6.008201956360098e-11
8.53908855945701e-12
-5.741532545138104e-11
6.775792344058954e-12
-5.394660147092364e-11
4.71787261245936e-12
-4.948876806565623e-11
2.604424597338673e-12
-4.383363882932656e-11
8.431402958464811e-13
-3.674444246932991e-11
-2.568731211169036e-11
5.847594966962917e-11
2.635838986026037e-10
1.122349740670789e-10
3.047627504570021e-10
1.513488942843817e-10
3.064374407044462e-10
1.754235563606013e-10
2.989026516873801e-10
1.871449619672456e-10
2.846312286563361e-10
1.915843490569091e-10
2.660800426158914e-10
1.944351458317704e-10
2.454724941852908e-10
1.998369288450679e-10
2.245159278304321e-10
2.088021493686372e-10
2.041579553345966e-10
2.189696086113989e-10
1.845915533805723e-10
2.25670168201856e-10
1.656338002904185e-10
2.236891025695516e-10
1.473461357522357e-10
2.089854224834084e-10
1.305477319952942e-10
1.798895328733488e-10
1.168717663089477e-10
1.376509620497473e-10
1.08221577448187e-10
8.640425768890822e-11
1.057651416576083e-10
3.257710376871036e-11
1.088485903009678e-10
-1.64179418966856e-11
1.143937563187019e-10
-5.43371990177627e-11
1.174056295140994e-10
-7.854294899909215e-11
1.1286861877749e-10
-9.103994266320463e-11
9.832220138621345e-11
-9.652045511547475e-11
7.535353813911714e-11
-9.862689095605411e-11
4.869462087508395e-11
-9.853537099758545e-11
2.408887783850338e-11
-1.6392815439533e-10
5.726757430862814e-08
-2.473644415553193e-10
8.255362150160297e-08
-3.431622078641018e-10
9.935656570525965e-08
-3.804012434108332e-10
1.077829560051825e-07
-3.412597484776475e-10
1.078040330449982e-07
-2.41321053502354e-10
9.940759697972437e-08
-1.144777979683957e-10
8.260416550627708e-08
-2.559777918653087e-11
5.730026166233255e-08
-2.823922168303872e-11
-5.572489459940127e-12
-3.406878510406717e-11
-1.114855894745341e-11
-4.303575557191971e-11
-1.865882832229659e-11
-5.388647592234536e-11
-2.72195489375916e-11
-6.460488548829127e-11
-3.596638182215563e-11
-7.303195026506654e-11
-4.436649762689112e-11
-7.749381036076526e-11
-5.217630275533684e-11
-7.721527487915937e-11
-5.92256588326056e-11
-7.237838281790639e-11
-6.530524620138437e-11
-6.388050462131254e-11
-7.021044630882382e-11
-5.297430674665382e-11
-7.382735062323502e-11
-4.095284210274252e-11
-7.616622704315492e-11
-2.894697094367032e-11
-7.733830220578044e-11
-1.782497948523051e-11
-7.751662169423856e-11
-8.159211873712046e-12
-7.690891224132714e-11
-2.332186977153616e-13
-7.574198149907101e-11
5.92245851604906e-12
-7.42447520270547e-11
1.047139815987272e-11
-7.262339656299254e-11
1.36968780892399e-11
-7.103385684283952e-11
1.592404739712331e-11
-6.95620780682459e-11
1.745188685396383e-11
-6.821759690858457e-11
1.850373969105249e-11
-6.69380061473362e-11
1.919848553757286e-11
-6.559840010457524e-11
1.954035580710819e-11
-6.402342385240747e-11
1.942687872052195e-11
-6.200563049094953e-11
1.867932099473008e-11
-5.93351303504408e-11
1.710178806763251e-11
-5.583846764236495e-11
1.456825055226952e-11
-5.141371944342605e-11
1.112260469154407e-11
-4.60437316012444e-11
7.064350018228684e-12
-3.977603521145116e-11
2.990745747531829e-12
-3.26716307155021e-11
-2.269683654811318e-11
5.682663366091505e-11
2.067572776816746e-10
1.104128608529144e-10
2.51176655807239e-10
1.50717760862457e-10
2.661327104047855e-10
1.76552832677729e-10
2.730677623339076e-10
1.894845616869113e-10
2.716996879462771e-10
1.934284617438758e-10
2.621363359147112e-10
1.933011161059821e-10
2.456000363010653e-10
1.932300498025877e-10
2.245871940363697e-10
1.951112088406013e-10
2.02276997442397e-10
1.98097960398591e-10
1.816050042757274e-10
1.991288169763521e-10
1.646031447805087e-10
1.941889248825232e-10
1.522862272873986e-10
1.798072091756295e-10
1.449296424186487e-10
1.543234196849834e-10
1.423557453172402e-10
1.18619255035555e-10
1.439259230803333e-10
7.614344370957307e-11
1.482411248380805e-10
3.213332994665731e-11
1.528588633923617e-10
-7.90802945938819e-12
1.544352619297504e-10
-4.003233239682795e-11
1.495300622244877e-10
-6.303806108330909e-11
1.358744603076102e-10
-7.812566062243296e-11
1.134098937339293e-10
-8.722098184709718e-11
8.44489318094171e-11
-9.163621954340131e-11
5.310990784731596e-11
-9.242475422252324e-11
2.487743845794942e-11
-1.489013615182559e-10
5.732405091601779e-08
-2.228643613936511e-10
8.262758447585917e-08
-2.983044400512692e-10
9.943200573034935e-08
-3.272111981297193e-10
1.078118626821281e-07
-2.951028631408974e-10
1.077719245993666e-07
-2.138012289955766e-10
9.932629520604007e-08
-1.059068976433329e-10
8.2496271004831e-08
-3.082884289022886e-11
5.722518340780767e-08
-3.271238389656802e-11
-3.689179270107389e-12
-3.715258199075111e-11
-6.708621550089655e-12
-4.456876141695831e-11
-1.124294043673071e-11
-5.435323096740452e-11
-1.743540044982797e-11
-6.486148126335729e-11
-2.545848267071539e-11
-7.392549529296888e-11
-3.530286328110392e-11
-7.96914486489991e-11
-4.64107577397807e-11
-8.1210111987208e-11
-5.770743075550782e-11
-7.84877831834814e-11
-6.80280368447733e-11
-7.216544775876239e-11
-7.653326826554022e-11
-6.314875306039029e-11
-8.284455575487491e-11
-5.237432852751563e-11
-8.694118391294397e-11
-4.071689257162092e-11
-8.89962911729047e-11
-2.8961561512325e-11
-8.927252431651433e-11
-1.777846115256563e-11
-8.809260103583305e-11
-7.68102920517141e-12
-8.584001645700167e-11
1.0164650444156e-12
-8.294286177390914e-11
8.21568141959081e-12
-7.982323852696566e-11
1.400822638715427e-11
-7.682703534621413e-11
1.860965851191463e-11
-7.416414965662054e-11
2.227346072369998e-11
-7.188204305462534e-11
2.520987113412624e-11
-6.98750650118382e-11
2.752652443663369e-11
-6.791570707655432e-11
2.919592499067148e-11
-6.569348420961168e-11
3.004926352753088e-11
-6.285963795869235e-11
2.980094806037358e-11
-5.908749565060935e-11
2.811611354917883e-11
-5.415431646747978e-11
2.472986820079368e-11
-4.802813574488029e-11
1.960423086834881e-11
-4.091874510109118e-11
1.30781100331223e-11
-3.325059257552094e-11
5.951706184055524e-12
-2.554578435761249e-11
-1.674559603151231e-11
5.568871431224441e-11
1.510689045308616e-10
1.091354352633139e-10
1.977302271418634e-10
1.49785384354255e-10
2.254830362133142e-10
1.758965803441521e-10
2.469568398977978e-10
1.886748622105228e-10
2.589216819521655e-10
1.91677890921161e-10
2.591335839148663e-10
1.893606782954376e-10
2.479175268190204e-10
1.855589444222252e-10
2.283892045210223e-10
1.824640206630092e-10
2.053721966191511e-10
1.801724288605584e-10
1.838968674310575e-10
1.768191751642536e-10
1.679566656419346e-10
1.693634703352781e-10
1.597421919251141e-10
1.548713282052797e-10
1.59422036701503e-10
1.318045149433748e-10
1.654227997603899e-10
1.007862842471146e-10
1.749443835855797e-10
6.456737007662586e-11
1.84460254143282e-10
2.719397763281767e-11
1.90232455881011e-10
-7.339844115385063e-12
1.889692654819621e-10
-3.634007815631848e-11
1.785304594731085e-10
-5.886099784770153e-11
1.583955217045261e-10
-7.513518681651651e-11
1.296842026780198e-10
-8.567560875538026e-11
9.49894493917459e-11
-9.101977684984638e-11
5.845414713845772e-11
-9.221004319371072e-11
2.606774928892008e-11
-1.57603480559227e-10
5.738944437120815e-08
-2.495807320518783e-10
8.271956171652223e-08
-3.241678705754182e-10
9.950659282966805e-08
-3.497206323095922e-10
1.078374153745497e-07
-3.128323021365189e-10
1.077350361702254e-07
-2.261942281859105e-10
9.923965700199358e-08
-1.129127890672174e-10
8.238298940514449e-08
-3.49451183841744e-11
5.714721554484956e-08
-3.672466895847662e-11
-1.909851785783268e-12
-4.078161029449116e-11
-2.651934958914583e-12
-4.775803097564326e-11
-4.266805076055237e-12
-5.713619294845195e-11
-8.05755487708563e-12
-6.710318539316828e-11
-1.54918363977038e-11
-7.548838934587155e-11
-2.691803536255614e-11
-8.08474132204772e-11
-4.105213822654007e-11
-8.277980541036922e-11
-5.577547089845015e-11
-8.154991445089934e-11
-6.925838637385577e-11
-7.758793769106792e-11
-8.04957290262195e-11
-7.124385141190941e-11
-8.918914957689579e-11
-6.280178634177485e-11
-9.538377882960439e-11
-5.259938786122622e-11
-9.91992397783658e-11
-4.111868945709532e-11
-1.007537914565681e-10
-2.899024772679394e-11
-1.002216279219477e-10
-1.691167698673895e-11
-9.791918669437733e-11
-5.518254929714029e-12
-9.433689530633706e-11
4.738512107694775e-12
-9.00806267219774e-11
1.365242098867033e-11
-8.574157282242371e-11
2.123996959063937e-11
-8.175233233625034e-11
2.764828550520564e-11
-7.829099743997036e-11
3.303580896148019e-11
-7.526323138601445e-11
3.74693889857025e-11
-7.23499352122172e-11
4.086205989886112e-11
-6.908681081844628e-11
4.295470403991908e-11
-6.495294729441834e-11
4.333944468269526e-11
-5.947291243252843e-11
4.153435450994039e-11
-5.23499124153131e-11
3.712779230577664e-11
-4.362224578916926e-11
2.9989176361559e-11
-3.378072767183689e-11
2.04902359003523e-11
-2.375224248394738e-11
9.640283121478472e-12
-1.469677883434627e-11
-7.10551377043693e-12
5.461682108297201e-11
9.645228849597397e-11
1.075529402368619e-10
1.447944205574231e-10
1.476746138507882e-10
1.853617024763033e-10
1.732119253185004e-10
2.214198763129311e-10
1.857567242733233e-10
2.463772318897388e-10
1.887656688900182e-10
2.5612498807024e-10
1.858145621028811e-10
2.50868979230545e-10
1.798452447724275e-10
2.343588642297764e-10
1.73031215774193e-10
2.121865617104435e-10
1.663922556952462e-10
1.905361571936921e-10
1.59242310682116e-10
1.751069307198577e-10
1.492981311340866e-10
1.696866817014019e-10
1.338351985703822e-10
1.748852663960339e-10
1.112574484692186e-10
1.880008336184747e-10
8.205450980693043e-11
2.041475894615838e-10
4.8691223648715e-11
2.178237906926646e-10
1.468451092926527e-11
2.242393992150662e-10
-1.6617100582769e-11
2.202710875997975e-10
-4.296101870361144e-11
2.048745655307579e-10
-6.33537873242948e-11
1.7878845544598e-10
-7.762191683328862e-11
1.439524721624726e-10
-8.60927291901672e-11
1.034603765294546e-10
-8.965884366798336e-11
6.202034922324294e-11
-8.984111165315913e-11
2.625007771299691e-11
-1.804783668634736e-10
5.74800816579932e-08
-3.156154667510498e-10
8.285469881930358e-08
-4.08574372538767e-10
9.959955170822233e-08
-4.379024017376852e-10
1.078667433466927e-07
-3.880346248575607e-10
1.076851683052573e-07
-2.7563481080134e-10
9.912725706924901e-08
-1.345804004182585e-10
8.224193484448638e-08
-3.85020851158103e-11
5.705113704832516e-08
-4.047960716725208e-11
6.745734293057873e-14
-4.492202587316545e-11
1.790239994475038e-12
-5.257833252974614e-11
3.389226620856416e-12
-6.202082176377726e-11
1.384629207791663e-12
-7.057117659765185e-11
-6.941816910912531e-12
-7.645887274578251e-11
-2.103070350112528e-11
-7.963144487394842e-11
-3.787995892340138e-11
-8.09463582501314e-11
-5.446097739469835e-11
-8.107681032979417e-11
-6.912838038668809e-11
-8.004731994334878e-11
-8.152569003652567e-11
-7.738036090042626e-11
-9.185660253534651e-11
-7.246957065746011e-11
-1.002950844287483e-10
-6.490850704123592e-11
-1.067608385543106e-10
-5.468596515949596e-11
-1.109768862847426e-10
-4.223886583458105e-11
-1.12669295954413e-10
-2.836950450833992e-11
-1.117891302801799e-10
-1.405272358758167e-11
-1.086542697076808e-10
-1.959753855224328e-13
-1.039379773538807e-10
1.255623681094267e-11
-9.849439413450518e-11
2.38952476827983e-11
-9.309195729620195e-11
3.377837594913408e-11
-8.817474385634842e-11
4.226557267742194e-11
-8.375105020240052e-11
4.934739080340227e-11
-7.943238120397323e-11
5.483399217418313e-11
-7.457404801529482e-11
5.833050692889525e-11
-6.845010803211497e-11
5.928622828747192e-11
-6.042929499131091e-11
5.709952057091558e-11
-5.016386741201048e-11
5.128131316319336e-11
-3.780466783982459e-11
4.168613573417898e-11
-2.418618778420511e-11
2.876949666520414e-11
-1.083632156243383e-11
1.375580697056755e-11
3.165244178393669e-13
6.649788820139216e-12
5.185948141832371e-11
4.45932318272075e-11
1.02322383685181e-10
9.433193914636779e-11
1.405152670410518e-10
1.471692322575232e-10
1.658634184790845e-10
1.960721360025005e-10
1.808369197473301e-10
2.314041403803423e-10
1.877102471659945e-10
2.492520660589733e-10
1.874757889062248e-10
2.511038382124456e-10
1.811745268244117e-10
2.406605191763871e-10
1.709156073216266e-10
2.224458659750225e-10
1.591057414561633e-10
2.023463964881339e-10
1.467699574741797e-10
1.874430765595387e-10
1.326659591106989e-10
1.837910271627797e-10
1.141856747478508e-10
1.93365882863595e-10
8.94788938651865e-11
2.127079285938946e-10
5.903951712730613e-11
2.345872620766765e-10
2.559966973130296e-11
2.51263913012876e-10
-7.144658790960675e-12
2.569839815604816e-10
-3.586488680701417e-11
2.489915459515647e-10
-5.838475198624017e-11
2.273946374760891e-10
-7.354703178300303e-11
1.939509164224535e-10
-8.109023363415636e-11
1.514958295988577e-10
-8.216410428658365e-11
1.0453437551532e-10
-7.948183003795891e-11
5.933817606938919e-11
-7.623226932667901e-11
2.300058952780546e-11
-2.08201480349647e-10
5.761205091302772e-08
-4.11203055833973e-10
8.305770040920271e-08
-5.454056732495971e-10
9.9733754310623e-08
-5.899036576212915e-10
1.079112412857456e-07
-5.220509090254046e-10
1.076173154812713e-07
-3.643491700192178e-10
9.896955522411271e-08
-1.726754409492495e-10
8.205026097890915e-08
-4.275364637803029e-11
5.69212150863709e-08
-4.474933036264052e-11
2.062943625052403e-12
-5.073444748745643e-11
7.775128941863391e-12
-6.033467117303502e-11
1.298919235354573e-11
-6.918457074638187e-11
1.023424119276887e-11
-7.381307522508445e-11
-2.31362872947664e-12
-7.456181781815443e-11
-2.028230542128297e-11
-7.407677749713711e-11
-3.836537080129999e-11
-7.45920142545978e-11
-5.394613836496293e-11
-7.668484872418028e-11
-6.703596841359274e-11
-7.953127883775597e-11
-7.867970593871662e-11
-8.164673221238733e-11
-8.97416171010309e-11
-8.148786341328664e-11
-1.004544414821479e-10
-7.782919035224436e-11
-1.1042001841619e-10
-7.000460749013615e-11
-1.188019925303463e-10
-5.804880482732749e-11
-1.246256366247948e-10
-4.26994713671929e-11
-1.271390140841128e-10
-2.521877295187657e-11
-1.261355286732431e-10
-7.060126774946387e-12
-1.220971919127112e-10
1.0504206661642e-11
-1.160593017994362e-10
2.663551139670096e-11
-1.09223840519562e-10
4.095159951802878e-11
-1.024914138099468e-10
5.33350227371273e-11
-9.613505895931534e-11
6.365542877568819e-11
-8.975337925599383e-11
7.156331774381609e-11
-8.248253719232489e-11
7.645176443051756e-11
-7.333916558302831e-11
7.758356625639731e-11
-6.156171796516149e-11
7.430376955387098e-11
-4.68847008851181e-11
6.624877742759961e-11
-2.975029637183293e-11
5.352175630750423e-11
-1.145968640962498e-11
3.684974243840376e-11
5.835237451171099e-12
1.768650958971959e-11
1.947874547716711e-11
2.433620262734273e-11
4.395475824821773e-11
6.388294547164079e-13
8.691241935918286e-11
5.137471634033453e-11
1.210972601001622e-10
1.129848440224654e-10
1.493527280964805e-10
1.678171224524196e-10
1.738912212904143e-10
2.068660976061254e-10
1.921415322653265e-10
2.310022002041718e-10
1.998940449956101e-10
2.433517618891486e-10
1.957463014564247e-10
2.448086899397848e-10
1.818793677174973e-10
2.363132145385614e-10
1.622073780486527e-10
2.220187882419945e-10
1.401623394049326e-10
2.094885014795836e-10
1.169599978726941e-10
2.069937388948508e-10
9.127634497300049e-11
2.190498870692591e-10
6.124896073265578e-11
2.427356450471967e-10
2.72711437665273e-11
2.685653896893949e-10
-7.479567678670853e-12
2.860149134110245e-10
-3.896465758225634e-11
2.884693366481929e-10
-6.396017392717023e-11
2.739873036482526e-10
-8.028788212862151e-11
2.437225615236695e-10
-8.597686251699875e-11
1.996400871355196e-10
-8.048914519228911e-11
1.460082757767824e-10
-6.697190977143372e-11
9.101727677808387e-11
-5.193374722282247e-11
4.430012242177334e-11
-4.177950178545477e-11
1.284642516994918e-11
-2.312493659340817e-10
5.780152082971138e-08
-5.27010762640988e-10
8.335346182993046e-08
-7.327891900932475e-10
9.993953273307158e-08
-8.106634927567366e-10
1.079891155544319e-07
-7.231600033999905e-10
1.075298119286418e-07
-4.990572011256869e-10
9.874545232936956e-08
-2.313472662327196e-10
8.178255092219895e-08
-4.869527227008654e-11
5.673856294150848e-08
-5.099323625992075e-11
4.360727655503191e-12
-6.160170818468457e-11
1.838339228715822e-11
-7.363013772869199e-11
2.501738504963284e-11
-7.794497806485552e-11
1.454881698192073e-11
-7.370552400130821e-11
-6.553374390259097e-12
-6.665758487753855e-11
-2.73305623858369e-11
-6.244411553103824e-11
-4.257918326131687e-11
-6.328837328917708e-11
-5.310224794533118e-11
-6.85304859725162e-11
-6.179424599892527e-11
-7.619171122285159e-11
-7.10188926239158e-11
-8.396424548436303e-11
-8.196951483953512e-11
-8.960174034015825e-11
-9.481739724075987e-11
-9.112571253064017e-11
-1.08896513556283e-10
-8.707511243992432e-11
-1.228530750310602e-10
-7.679362721365755e-11
-1.349076171489318e-10
-6.0632213841781e-11
-1.433009338007199e-10
-3.992582579926787e-11
-1.468424317095666e-10
-1.667271901244501e-11
-1.45350820444366e-10
7.008687725978873e-12
-1.397412349299903e-10
2.941662821527115e-11
-1.316323107781801e-10
4.952868188600555e-11
-1.226039996461197e-10
6.68691002021062e-11
-1.13476013447497e-10
8.110761707616313e-11
-1.039924377699292e-10
9.167748758923755e-11
-9.305295670304849e-11
9.767089013927051e-11
-7.933312648015837e-11
9.809472221202608e-11
-6.198612076878641e-11
9.233756911751476e-11
-4.112811346239637e-11
8.053989881228339e-11
-1.795314616295781e-11
6.361993872888476e-11
5.459727491776972e-12
4.301535380643401e-11
2.643915017670718e-11
2.044802465491437e-11
4.204592764622338e-11
4.478371594117027e-11
2.472897596116419e-11
-2.408969866739215e-11
5.033261989116522e-11
2.577155317868499e-11
7.924668635869309e-11
8.407125828530756e-11
1.194176677500176e-10
1.276466184635359e-10
1.661893842049379e-10
1.600948535148246e-10
2.056308202978046e-10
1.915612277754415e-10
2.275225470418107e-10
2.214604892882062e-10
2.294180784783189e-10
2.42913599952542e-10
2.130078770881914e-10
2.527238441573019e-10
1.817892598598289e-10
2.532378175790657e-10
1.41468158894117e-10
2.498099980534782e-10
9.883463515650198e-11
2.496276391751524e-10
5.803629805506708e-11
2.598485813811273e-10
1.903276418681632e-11
2.817395146306894e-10
-1.875534261316278e-11
3.063538105364395e-10
-5.30146013883319e-11
3.202744628364133e-10
-8.034989704562105e-11
3.158048994553293e-10
-9.88095089026689e-11
2.924471578503308e-10
-1.054947029476611e-10
2.504079730390393e-10
-9.580897824827828e-11
1.899545541065094e-10
-6.92455401189638e-11
1.194450034548765e-10
-3.316835736701642e-11
5.494023337332775e-11
3.395559095234478e-13
1.079232191153552e-11
2.104924774671559e-11
-7.86318080799545e-12
-2.408333660668596e-10
5.80634035023096e-08
-6.526310422411715e-10
8.376525953769867e-08
-9.700700842645179e-10
1.002569717793633e-07
-1.108652056556594e-09
1.081276975037188e-07
-1.003607418297752e-09
1.074247672399691e-07
-6.870054585183993e-10
9.842885029198963e-08
-3.131192403432732e-10
8.14086645991883e-08
-5.467879668857819e-11
5.648012236612903e-08
-6.390835513438402e-11
1.359012759873068e-11
-8.495100707042587e-11
3.942585957623542e-11
-9.422999838488518e-11
3.429616578353525e-11
-8.386493963565366e-11
4.183522591803716e-12
-6.48789578746378e-11
-2.553961643577248e-11
-5.007553147440523e-11
-4.213427258382234e-11
-4.470605589870594e-11
-4.794896549940023e-11
-4.806094857871494e-11
-4.97476834025736e-11
-5.748030617603918e-11
-5.237523714209199e-11
-7.028544970351362e-11
-5.821411680691802e-11
-8.397877249835682e-11
-6.827657765790733e-11
-9.603534096291096e-11
-8.276123042840607e-11
-1.038956494567114e-10
-1.01036621507081e-10
-1.052243677730561e-10
-1.215247858448834e-10
-9.834671634551548e-11
-1.417857089513624e-10
-8.272592626618287e-11
-1.589221731415522e-10
-5.927741222877129e-11
-1.702914022991389e-10
-3.029286120567636e-11
-1.743358328899518e-10
1.125129763332453e-12
-1.711596908802849e-10
3.193586973383913e-11
-1.624435174149006e-10
5.989590264411768e-11
-1.505645011207753e-10
8.373096214410696e-11
-1.373115439135743e-10
1.027008261254085e-10
-1.229627767222411e-10
1.159657067712648e-10
-1.063183186603877e-10
1.222956856354083e-10
-8.566359171752531e-11
1.204357277590253e-10
-6.012665122514325e-11
1.099760546836873e-10
-3.066893420742011e-11
9.210048945314101e-11
-7.807019694275864e-14
6.944873967546786e-11
2.811111358356727e-11
4.496926622323845e-11
5.091836147701887e-11
2.073550231728102e-11
6.627867377976911e-11
6.551923924169409e-11
-1.706893125736118e-11
-7.020334056974176e-12
-2.41001771490264e-11
3.280328443367967e-11
5.546744348150785e-12
5.4424823540945e-11
7.665050553816724e-11
5.654334021395304e-11
1.606711575404651e-10
7.60746763739176e-11
2.289441494674317e-10
1.232887013989174e-10
2.712084027163361e-10
1.791966891780799e-10
2.862700207759432e-10
2.278524218826698e-10
2.718047561053859e-10
2.671895329540758e-10
2.260790014580442e-10
2.989639799647467e-10
1.551822521791227e-10
3.207071363872733e-10
7.538108719327681e-11
3.294291741700416e-10
5.034193614223912e-12
3.301958240932019e-10
-4.759230218205132e-11
3.343663384396191e-10
-8.550479706846823e-11
3.442666109551819e-10
-1.12751935426178e-10
3.475218840761005e-10
-1.299147501492956e-10
3.329679734867514e-10
-1.381908978042919e-10
3.007235410944022e-10
-1.294695786488635e-10
2.416868652056162e-10
-9.459261769856627e-11
1.550777800489297e-10
-3.749089295641638e-11
6.234344094101021e-11
2.642496145950773e-11
-8.975483695559492e-12
8.041217043522959e-11
-4.319477456688575e-11
1.130967370274172e-10
-4.054766007256051e-11
-2.301424713098183e-10
5.840664277302072e-08
-7.729728701126904e-10
8.430808997360872e-08
-1.249890835607754e-09
1.007338897570989e-07
-1.487538377084523e-09
1.083653450322292e-07
-1.373311925302567e-09
1.073105407505795e-07
-9.28488862383901e-10
9.798402716649543e-08
-4.090592962177529e-10
8.088923494618896e-08
-5.935059505320467e-11
5.61304135536908e-08
-1.001129154971528e-10
5.435231317724941e-11
-1.305092024014486e-10
6.982198796264538e-11
-1.156675797805315e-10
1.945436211639066e-11
-7.598415098622352e-11
-3.550010973085591e-11
-4.213086385688578e-11
-5.939312824283441e-11
-2.56285142770476e-11
-5.863686773720073e-11
-2.378066251897811e-11
-4.979708219656888e-11
-3.131411041481647e-11
-4.221451934517102e-11
-4.478683391218871e-11
-3.890281467645039e-11
-6.206097123198302e-11
-4.094029705095505e-11
-8.111701291427387e-11
-4.922086821207318e-11
-9.953905919064244e-11
-6.433953022612211e-11
-1.144699387052937e-10
-8.610609988486145e-11
-1.228039388106737e-10
-1.131911544358252e-10
-1.216227244602037e-10
-1.429673005738759e-10
-1.088936151109436e-10
-1.716516671347838e-10
-8.426747698382518e-11
-1.949179299972083e-10
-4.959911557558598e-11
-2.090045876085162e-10
-8.76527767189006e-12
-2.119939234747276e-10
3.335672835459723e-11
-2.045659190194604e-10
7.231449094605399e-11
-1.895226592367557e-10
1.050477778567806e-10
-1.700452268399979e-10
1.298070920010509e-10
-1.477224889900639e-10
1.453425353432792e-10
-1.218541606007119e-10
1.502978847686059e-10
-9.061934110968356e-11
1.435216893530681e-10
-5.335086052870938e-11
1.252729655462074e-10
-1.242060400126332e-11
9.84201329090442e-11
2.677442565457993e-11
6.826443235575374e-11
5.826641429289696e-11
4.030243124666109e-11
7.887977954778149e-11
1.721968805469633e-11
8.936152663448972e-11
8.27383902345108e-11
-1.031382166377201e-10
9.611829468891829e-11
-1.55833032902412e-10
8.549856770141584e-11
-9.666378402486465e-11
-4.743953902834321e-12
3.100713640406675e-11
-7.112711343589495e-11
1.566089972985965e-10
-4.952672558387756e-11
2.550857382402972e-10
2.48124080901986e-11
3.27645998050917e-10
1.066368645724952e-10
3.685358667123802e-10
1.869629734637954e-10
3.635031988073739e-10
2.722226054205964e-10
3.021377149613887e-10
3.60329850691552e-10
1.883422204436734e-10
4.345029996075407e-10
4.776647512944265e-11
4.700052685436087e-10
-7.674065124062253e-11
4.547032795304747e-10
-1.520611339226537e-10
4.096871292382654e-10
-1.806407310083407e-10
3.728464949393654e-10
-1.871062952838292e-10
3.539877135138493e-10
-1.873257704348674e-10
3.331876918111848e-10
-1.816789104691599e-10
2.950769021544697e-10
-1.436800239845122e-10
2.036881773073434e-10
-6.609288743731917e-11
7.7490819771528e-11
2.928176324143494e-11
-3.30310561434226e-11
1.170561798401028e-10
-9.674976901935268e-11
1.836918155991951e-10
-1.098303018379129e-10
2.240795718460862e-10
-8.093533006754133e-11
-1.917090293052904e-10
5.882243143763547e-08
-8.560923497597069e-10
8.497247333546728e-08
-1.53669727694174e-09
1.014144947030765e-07
-1.925688926290273e-09
1.087543366786492e-07
-1.831982100093138e-09
1.072168338991652e-07
-1.222509164668578e-09
9.737455418461367e-08
-5.017220239210387e-10
8.016844773725308e-08
-9.652636669719798e-11
5.572521780770413e-08
-1.976998722578915e-10
1.555257090480226e-10
-1.92361671409477e-10
6.448365789177918e-11
-1.126322258257501e-10
-6.027523251285856e-11
-4.162446827862305e-11
-1.065080345702147e-10
-7.874794240689198e-12
-9.314298794215789e-11
-1.545516336788635e-13
-6.635731265472712e-11
-4.599571083844946e-12
-4.535228164035662e-11
-1.553230252425761e-11
-3.128202155234589e-11
-3.15799232133155e-11
-2.285544214142504e-11
-5.18486870782212e-11
-2.067179394144738e-11
-7.489020167119683e-11
-2.617962656669589e-11
-9.868362316022565e-11
-4.054639190173442e-11
-1.20557273694052e-10
-6.423274216613901e-11
-1.370587944172832e-10
-9.668993407431078e-11
-1.441080439501326e-10
-1.359183581988865e-10
-1.376879521433308e-10
-1.780720705520576e-10
-1.150866539787506e-10
-2.175195433134265e-10
-7.63310660446428e-11
-2.477604917237099e-10
-2.506919189322256e-11
-2.632561139957605e-10
3.189119979701562e-11
-2.615266253612056e-10
8.653708237485561e-11
-2.441688541947512e-10
1.320788001117813e-10
-2.155872545466946e-10
1.642273309647886e-10
-1.798713263472207e-10
1.807917000345429e-10
-1.384188342790608e-10
1.808524475116623e-10
-9.068038610587503e-11
1.647263773852284e-10
-3.722508136755774e-11
1.348823221082462e-10
1.742315907208217e-11
9.673959024623745e-11
6.491684842373791e-11
5.826290503333598e-11
9.674292444607304e-11
2.772167447194413e-11
1.094209411182289e-10
9.177574610883296e-12
1.079045446166898e-10
9.191606418085418e-11
-2.731994314106482e-10
3.693181590083653e-10
-3.444107454122243e-10
1.567103384150333e-10
-1.905698461525436e-10
-1.585844046683227e-10
-7.337248942763967e-12
-2.543592700670424e-10
1.349198499977229e-10
-1.91783394257616e-10
2.680072366649512e-10
-1.082745597087883e-10
3.946500224966397e-10
-2.000551609370006e-11
4.778270691952502e-10
1.03786317368204e-10
4.854609244540616e-10
2.645891244237541e-10
4.067760173365605e-10
4.390151151224519e-10
2.458002196614274e-10
5.954791364619413e-10
2.714031297952536e-11
6.886654958483693e-10
-1.85147217422585e-10
6.669911113677194e-10
-3.068906136342639e-10
5.314308073693406e-10
-3.154173979345802e-10
3.813735414723777e-10
-2.759943399418305e-10
3.145648977468379e-10
-2.616706057859085e-10
3.188641800580758e-10
-2.300025380701905e-10
2.634090366355829e-10
-1.266049054352986e-10
1.00290727108048e-10
1.731235792170621e-11
-6.642628138953699e-11
1.468281585606187e-10
-1.625467141788309e-10
2.385326553587602e-10
-1.884541433959147e-10
2.975139127761104e-10
-1.688114561886672e-10
3.333885558083971e-10
-1.16809890103875e-10
-1.019642970197232e-10
5.925778435435425e-08
-8.194266631657548e-10
8.568993574567265e-08
-1.712802889987044e-09
1.023078709552614e-07
-2.32196360941174e-09
1.093634974039943e-07
-2.352918914968712e-09
1.072477891924976e-07
-1.627931215592795e-09
9.664956645414273e-08
-6.551761593189572e-10
7.919569263245005e-08
-3.234482115768167e-10
5.539348979341217e-08
-3.821083670259995e-10
2.141857814788955e-10
-2.093732524659514e-10
-1.082515566520101e-10
-4.958947826148617e-11
-2.200591219036519e-10
1.268612611179308e-11
-1.687837697435304e-10
2.120170285626191e-11
-1.016587092256144e-10
1.687421813046361e-11
-6.202998645873723e-11
9.679859379613826e-12
-3.815809347455207e-11
-1.951224057816215e-12
-1.965112084928666e-11
-1.892400742787449e-11
-5.882851706644068e-12
-4.042485805984941e-11
8.288536026444666e-13
-6.529589716666456e-11
-1.30879876289959e-12
-9.232808893606189e-11
-1.351441946954451e-11
-1.197127130996042e-10
-3.684834340734924e-11
-1.443752790360032e-10
-7.202759926961841e-11
-1.616252740857017e-10
-1.186685978788305e-10
-1.65469724726222e-10
-1.742278576770838e-10
-1.499077167490046e-10
-2.330817896772934e-10
-1.112237642801491e-10
-2.864446824221391e-10
-5.060631540669567e-11
-3.238737985458736e-10
2.437859430073782e-11
-3.365117672653639e-10
1.01032118496435e-10
-3.208226053741439e-10
1.656163585080164e-10
-2.801717153513488e-10
2.079066335590129e-10
-2.22161815819478e-10
2.231340741664889e-10
-1.536464793878225e-10
2.117687393172159e-10
-7.931524640587442e-11
1.788611036708736e-10
-4.3176422147985e-12
1.330737555139494e-10
6.321031702440966e-11
8.415416302134118e-11
1.138363169215041e-10
4.050439463076172e-11
1.40392426057211e-10
9.541345960263266e-12
1.403834461658282e-10
-2.531455166616467e-12
1.199776854820198e-10
8.938406298744865e-11
-5.65191258721715e-10
9.345097545076379e-10
-4.96216677090506e-10
8.773615521830691e-11
-2.120083831131194e-10
-4.427922939790956e-10
-7.364003982333277e-11
-3.927272140087418e-10
5.029744889087419e-11
-3.15720492622111e-10
2.586364959311837e-10
-3.16613228158212e-10
4.785242279625968e-10
-2.398928824687455e-10
6.118896476141608e-10
-2.957875120490585e-11
6.206851427453257e-10
2.557939650482951e-10
5.150037628951753e-10
5.446968144291072e-10
3.151361985859325e-10
7.953470034190167e-10
3.42886308968958e-11
9.695133490043402e-10
-2.825913375626483e-10
9.83871347723399e-10
-5.025342440406575e-10
7.513739642941993e-10
-5.099669097156684e-10
3.888064397699775e-10
-3.949354498989761e-10
1.995336532141521e-10
-3.890107003194169e-10
3.129396279713984e-10
-2.647433371937696e-10
1.391418539534752e-10
-2.778127605138758e-11
-1.366711712118888e-10
1.867469143131274e-10
-2.809543256384048e-10
3.189872775882956e-10
-2.947869487453484e-10
3.821788449744432e-10
-2.516455984204522e-10
4.083183072804831e-10
-1.949508233148514e-10
4.214477767120427e-10
-1.299392803475223e-10
1.160821148360694e-10
5.956315007850088e-08
-4.598824576180045e-10
8.626590036482119e-08
-1.461245960575556e-09
1.033092344884286e-07
-2.345990849499777e-09
1.102482423081267e-07
-2.772907224584993e-09
1.076747055668968e-07
-2.337384699423134e-09
9.621404391403569e-08
-1.246182440644225e-09
7.810449034365563e-08
-9.860316973592204e-10
5.513333900677155e-08
-5.108945288233569e-10
-2.609514444242249e-10
-6.945132752507099e-11
-5.496948274373093e-10
5.438023967627936e-11
-3.438907713389159e-10
4.061370216478902e-11
-1.550173252140991e-10
2.573319064335153e-11
-8.677830193370514e-11
2.412918555666772e-11
-6.042609482117642e-11
2.016203485363973e-11
-3.419106580832539e-11
8.630641176011939e-12
-8.119857799653627e-12
-8.477954300998928e-12
1.122560530197628e-11
-2.917509246648544e-11
2.152584738261479e-11
-5.301564290768451e-11
2.253160123264058e-11
-8.014091219968812e-11
1.361069518049516e-11
-1.1014281898759e-10
-6.846595477494623e-12
-1.410948951952816e-10
-4.107568421189926e-11
-1.68704192503869e-10
-9.105946383210316e-11
-1.858672254089617e-10
-1.570649879390319e-10
-1.832824304270747e-10
-2.356667472570932e-10
-1.518463699843399e-10
-3.178809022550722e-10
-8.697914364880632e-11
-3.887411803527974e-10
6.452506519531205e-12
-4.299435659806271e-10
1.117902433095264e-10
-4.261604830601532e-10
2.043817256881194e-10
-3.727633277454229e-10
2.615489206320065e-10
-2.793291295638241e-10
2.719869075703717e-10
-1.640845702086067e-10
2.38737769702795e-10
-4.606620005398228e-11
1.778210153096284e-10
5.659903478759318e-11
1.116048351645788e-10
1.29426434574095e-10
5.748692680774722e-11
1.679540863290434e-10
2.028793623356095e-11
1.775914200343339e-10
-4.213523386829284e-12
1.648851181200199e-10
-1.380246211671579e-11
1.295655085680044e-10
7.558182022150791e-11
-8.041311834314976e-10
1.738641315361253e-09
-3.295995674952116e-10
-3.867950804208976e-10
-2.220056835895871e-10
-5.50385810903361e-10
-3.052761108760197e-10
-3.094564293311524e-10
-1.134614346935015e-10
-5.075348217485876e-10
2.576461766707037e-10
-6.877205037018958e-10
5.806189977500866e-10
-5.628653803291751e-10
7.47147453995307e-10
-1.961068977032337e-10
7.373575708396931e-10
2.655841436470969e-10
5.812255613235619e-10
7.008291044662402e-10
3.44442747726591e-10
1.032130082390886e-09
6.982309772796319e-11
1.244133248780853e-09
-2.700639383460763e-10
1.323758618271918e-09
-6.416083265322211e-10
1.122918571246881e-09
-7.767484021675558e-10
5.23946719135609e-10
-6.750453283750005e-10
9.783076764980429e-11
-6.174402076947281e-10
2.553346809569362e-10
-1.819735508629994e-10
-2.963246443754067e-10
2.268853084244367e-10
-5.455298860443359e-10
4.4176931776823e-10
-4.958382053160429e-10
5.210672944525894e-10
-3.740848093084035e-10
5.347669208227462e-10
-2.653451230992364e-10
5.162367119201198e-10
-1.764205257890111e-10
4.896673644444342e-10
-1.033698583320821e-10
6.455527476546359e-10
5.94072647572141e-08
6.492293421209944e-10
8.6262223818639e-08
-5.640841056975318e-11
1.0401487227738e-07
-1.060418049381693e-09
1.112522519701617e-07
-2.248175528492108e-09
1.088624630579523e-07
-3.166048692051041e-09
9.713191707728305e-08
-2.778158303485725e-09
7.771659994440757e-08
-1.584796702183625e-09
5.393997738357566e-08
-1.244950514461477e-10
-1.721253126304527e-09
1.796889755231941e-10
-8.538788955664825e-10
5.187207420496723e-11
-2.160739191235779e-10
-1.365180505457399e-12
-1.017801282458953e-10
1.727334831091076e-11
-1.054168950423642e-10
3.18058106095069e-11
-7.495862854535348e-11
2.726486087726754e-11
-2.965019260303607e-11
1.367561257686632e-11
5.469308388730346e-12
-2.263795272068596e-12
2.716492737304392e-11
-1.955276306869479e-11
3.881472533770191e-11
-3.934463976821777e-11
4.232338582263319e-11
-6.306737641033701e-11
3.733333713990589e-11
-9.167795975120046e-11
2.176389236068361e-11
-1.248663005390098e-10
-7.887439892007261e-12
-1.59884084691206e-10
-5.604177518125046e-11
-1.902218472281334e-10
-1.267273197835439e-10
-2.048542314738011e-10
-2.210344538516352e-10
-1.893832268815418e-10
-3.333519936132344e-10
-1.306478569178906e-10
-4.474766298504258e-10
-2.520269805046466e-11
-5.353887963661238e-10
1.11302589200903e-10
-5.626658297108908e-10
2.416552429585935e-10
-5.031160283518159e-10
3.206347491093484e-10
-3.583086657238024e-10
3.224024918654236e-10
-1.658523265394866e-10
2.538536716443146e-10
2.248262559781058e-11
1.524296319076533e-10
1.580230897571412e-10
6.358897740877545e-11
2.182670922425917e-10
1.455425970603787e-11
2.169888667059855e-10
4.132917885572752e-12
1.880127543977278e-10
6.677695077083711e-12
1.623398247483299e-10
-1.128605926653202e-11
1.475299993761013e-10
6.429576029391424e-11
2.912643942190682e-10
1.44737717145276e-09
3.1583048703814e-10
-4.113608644168147e-10
-7.740259784624949e-10
5.394709699873069e-10
-8.070317072430221e-10
-2.764503899037014e-10
-2.008843655587412e-10
-1.113681861142299e-09
3.209047287729427e-10
-1.209509305877118e-09
6.422366144927827e-10
-8.841969852054675e-10
8.118638009831543e-10
-3.657338154358116e-10
7.934470268041585e-10
2.840011737208473e-10
5.66930934655763e-10
9.27345439463973e-10
2.500802111805914e-10
1.348981035120221e-09
4.633594723122054e-11
1.447877728726133e-09
-3.118857294564787e-11
1.401283340737123e-09
-4.211826727104245e-10
1.512912860325349e-09
-9.868106759723273e-10
1.089574898272639e-09
-1.706542118257671e-09
8.175623733956354e-10
-7.620253102486456e-10
-6.891819765911449e-10
2.51645110592861e-10
-1.309994926508018e-09
6.361870365118895e-10
-9.30071685728736e-10
7.088484892750769e-10
-5.684995429397638e-10
7.096297815023825e-10
-3.748659983613671e-10
6.910395398540156e-10
-2.467547887515717e-10
6.426783532185701e-10
-1.280592579426555e-10
5.744290867348666e-10
-3.512052053803882e-11
1.78593907093334e-09
5.819575483331315e-08
3.199915063632362e-09
8.484824787693889e-08
3.818580829851166e-09
1.033962065517671e-07
3.653441623839745e-09
1.114173912082145e-07
2.129139809918257e-09
1.103867648942773e-07
-9.457168694771472e-10
1.002067737713953e-07
-3.024642171371941e-09
7.979552525233454e-08
9.44785681216306e-10
4.997054953036161e-08
9.25702666884954e-10
-1.70217012012837e-09
2.640462022802488e-11
4.541913748237854e-11
-1.609855769607421e-10
-2.868374183549399e-11
-3.467629023733993e-11
-2.280894390658643e-10
3.741008097852667e-11
-1.77503295291437e-10
3.966582238252839e-11
-7.721440188993497e-11
2.422418267708654e-11
-1.420858839767569e-11
1.065214321017027e-11
1.904131069647761e-11
-7.506161850586214e-13
3.856764737218273e-11
-1.241365935909439e-11
5.0477728621219e-11
-2.611486793273586e-11
5.602455350629721e-11
-4.355753302045224e-11
5.477596196479868e-11
-6.65012221459168e-11
4.470754146273671e-11
-9.613486282343492e-11
2.17461626843046e-11
-1.318895000246668e-10
-2.028717429686801e-11
-1.696655317857386e-10
-8.895132049010521e-11
-1.997336569606285e-10
-1.909663569937292e-10
-2.055649950314179e-10
-3.275206768902933e-10
-1.662765928444848e-10
-4.867650456792304e-10
-6.590716201581723e-11
-6.357582290723534e-10
9.008499384637523e-11
-7.186579751098358e-10
2.593404569833493e-10
-6.723714629205424e-10
3.662908593249781e-10
-4.652590236648046e-10
3.564462977808779e-10
-1.560076959952024e-10
2.428506213407151e-10
1.360783848816271e-10
9.846505433414894e-11
3.024087696842586e-10
-5.301881361300721e-12
3.220341407229011e-10
-3.780853609717783e-11
2.494956403228507e-10
-7.905663400456293e-12
1.581100567639667e-10
5.462513314534959e-11
9.980981943776897e-11
5.111088271550081e-11
1.510444512463107e-10
1.154070849828412e-10
6.966259427985475e-09
-5.518881954030893e-09
-3.113209479166083e-10
6.866219804670828e-09
-2.711405020474442e-09
2.93955532137452e-09
-1.121993133086365e-09
-1.865862007532337e-09
7.50840797060321e-11
-2.310758812691845e-09
3.851134214179043e-10
-1.519538395618343e-09
5.161927140868607e-10
-1.015276035725806e-09
6.844189822664546e-10
-5.339598521780439e-10
7.111838807833267e-10
2.57236495750963e-10
4.56496722897991e-10
1.182032806328991e-09
1.870281320834517e-11
1.786775142524913e-09
-1.845336479993399e-10
1.651114375856679e-09
3.160411296250501e-10
9.007087379452702e-10
7.29305533330256e-10
1.099648619872869e-09
-7.300335552671095e-10
2.54891413954624e-09
-4.782530814047876e-09
4.870059773720756e-09
1.884776382673618e-10
-5.660190297223405e-09
1.032361086817816e-09
-2.15387825392782e-09
9.732216452091901e-10
-8.709321321066894e-10
9.029239981789624e-10
-4.982017938154058e-10
8.779201038839892e-10
-3.498620103313292e-10
8.549709672383446e-10
-2.238055676744378e-10
8.055412987446642e-10
-7.862951266006794e-11
7.279784212977635e-10
4.24424249786253e-11
3.825504579235686e-09
5.509822873647403e-08
7.947046351237726e-09
8.072670615795812e-08
1.186784106148554e-08
9.947541188832247e-08
1.528226434981073e-08
1.080029679593722e-07
1.702643311031244e-08
1.086425961678934e-07
1.603914267079375e-08
1.011940642385934e-07
1.419530426160407e-08
8.163936368480512e-08
1.46789337830266e-08
4.948692002686726e-08
9.100681049026599e-10
1.206669557261468e-08
-8.233718634193063e-10
1.778859116201324e-09
-1.787466543472885e-10
-6.73308942692232e-10
9.256112118936274e-11
-4.993972094128961e-10
6.67497131428152e-11
-1.516918831054313e-10
2.251451367908325e-11
-3.297920009643869e-11
7.642121624114766e-12
6.638060225860768e-13
2.768296722177562e-12
2.391513730781281e-11
-2.209056974551636e-12
4.354500379984851e-11
-8.293063655428341e-12
5.656173842653906e-11
-1.558313486128602e-11
6.331462975258946e-11
-2.5283609827626e-11
6.447644334808346e-11
-3.919216258313311e-11
5.861610349248967e-11
-5.907028787150726e-11
4.162429975459767e-11
-8.592987093518762e-11
6.572424768805766e-12
-1.18679466198209e-10
-5.620170496989344e-11
-1.517792374246244e-10
-1.578665588809619e-10
-1.724008520949683e-10
-3.068990281614582e-10
-1.594373775633843e-10
-4.997284754069797e-10
-8.943079352109546e-11
-7.057647568124148e-10
4.663964981164151e-11
-8.54728344984968e-10
2.199299840484825e-10
-8.456617076858705e-10
3.468731254302822e-10
-5.922020508262032e-10
3.255970764104878e-10
-1.347315148986078e-10
1.833979435871692e-10
2.782776852517552e-10
2.989031155194026e-11
4.559165803615849e-10
-6.103582568120137e-11
4.129604951641739e-10
-6.837154546668992e-11
2.568316383952428e-10
-8.007279172000621e-12
9.774625907357207e-11
6.753068317521364e-11
2.427243636882256e-11
2.986560220282294e-10
-8.007985640472171e-11
4.14063365721837e-10
3.015619400986753e-07
9.291917812379316e-08
2.712308250552495e-07
3.719733507560815e-08
2.699813465788557e-07
4.189034031725159e-09
2.694273708010263e-07
-1.311885999067169e-09
2.664223932180208e-07
6.942189945176047e-10
2.616051474635831e-07
3.297707575663528e-09
2.537286939960723e-07
6.861177640171739e-09
2.404534701827158e-07
1.274126416090065e-08
2.198354809036517e-07
2.087522596505847e-08
1.916463143642698e-07
2.937119952668783e-08
1.576726792181393e-07
3.576041045972752e-08
1.20900021310179e-07
3.842377244556609e-08
8.582869780735993e-08
3.59720323926409e-08
5.869564118183287e-08
2.823270538828333e-08
3.476980333112768e-08
2.647475212359255e-08
7.688320049750035e-09
3.195154318004837e-08
2.348680460098158e-09
-3.205505916507357e-10
1.141036442385871e-09
-9.462341279454938e-10
1.088516379088827e-09
-8.184119689067044e-10
1.12656488066819e-09
-5.362502023116598e-10
1.082198233578844e-09
-3.054952778034917e-10
1.010333019051042e-09
-1.519402736764319e-10
9.686551263927223e-10
-3.695154745079069e-11
9.453282983853004e-10
6.57693203875293e-11
6.766786388868951e-09
4.927677070718082e-08
1.501233005392432e-08
7.248116254974957e-08
2.461406127859259e-08
8.987368071509432e-08
3.548355623920427e-08
9.713347304672081e-08
4.689650106148247e-08
9.722965138903736e-08
5.819748401051342e-08
8.989308133042062e-08
6.765338447654205e-08
7.218346325607469e-08
8.426840198962292e-08
3.287190254951589e-08
9.594933542703471e-08
3.857621684366444e-10
1.059562936777799e-07
-8.22809910188752e-09
1.11802289797909e-07
-6.519305031631888e-09
1.164249421928614e-07
-5.122049572780941e-09
1.207967368460241e-07
-4.523486505100162e-09
1.249290056593707e-07
-4.165247980952999e-09
1.288302684658251e-07
-3.900598967363466e-09
1.326378915460722e-07
-3.78370790771704e-09
1.36550434300556e-07
-3.868997713988153e-09
1.407901364000753e-07
-4.183140321513767e-09
1.455956215129604e-07
-4.742170441275118e-09
1.512214371993713e-07
-5.561339197620699e-09
1.579351656957218e-07
-6.655112344290185e-09
1.660094568432561e-07
-8.032666794700583e-09
1.757061895478626e-07
-9.690160222385924e-09
1.87248602944948e-07
-1.159861503842842e-08
2.007764018886241e-07
-1.3685665432319e-08
2.162793177686622e-07
-1.580981482874067e-08
2.335083046370739e-07
-1.772871525402147e-08
2.518730083515127e-07
-1.907046836733144e-08
2.703641237750106e-07
-1.934584364910749e-08
2.875614618261704e-07
-1.804299961932026e-08
3.019421859420029e-07
-1.497292600772086e-08
3.123037453174652e-07
-1.049629070656296e-08
3.186740077333084e-07
-6.091984524636954e-09
3.219986898524312e-07
-2.868765303997797e-09
3.234132019634058e-07
-1.001551354852899e-09
3.238252337221723e-07
-1.551997865183785e-10
3.238685102683348e-07
5.447030323855353e-11
3.238467226657825e-07
4.606094758636491e-11
3.232944757646585e-07
4.7216776018937e-10
5.656658745999309e-10
4.217794689653742e-07
7.11397093924735e-08
4.109036820977178e-07
4.807312216315978e-08
3.977120460391176e-07
1.738067029725236e-08
3.897470881011071e-07
6.653072138575786e-09
3.844586822944578e-07
5.98262499482836e-09
3.782237524896671e-07
9.532637567557194e-09
3.676462905827879e-07
1.743863972757474e-08
3.490406004076484e-07
3.134695450909963e-08
3.191867453573237e-07
5.072908118111549e-08
2.777416450243112e-07
7.081630001734682e-08
2.279953013809821e-07
8.550675425308286e-08
1.743557228263503e-07
9.206335114196345e-08
1.211938174540221e-07
8.913393789922033e-08
7.204285115998205e-08
7.738367180846943e-08
3.019321566587006e-08
6.832438773674543e-08
4.930600244475855e-09
5.721415871276098e-08
2.827755984703513e-09
1.782293773008316e-09
1.89135734891017e-09
-9.835394409958317e-12
1.668259818174361e-09
-5.95314346096824e-10
1.582202571589465e-09
-4.501928700454617e-10
1.364138997491419e-09
-8.74316227756348e-11
1.114101863990525e-09
9.809693518176797e-11
1.034616556408759e-09
4.25338316673171e-11
1.11977349252951e-09
-1.938754895254483e-11
1.008376486071051e-08
4.031277940285335e-08
2.296094054722422e-08
5.960398692318809e-08
3.894155209565775e-08
7.389306922460031e-08
5.798156978817616e-08
7.809345540913649e-08
7.94573711983388e-08
7.575385003270618e-08
1.026671226411322e-07
6.668332993937057e-08
1.254512164684886e-07
4.939936948029092e-08
1.382752689294564e-07
2.004785013901637e-08
1.445039426665239e-07
-5.842911517439683e-09
1.508519918429936e-07
-1.457614822735883e-08
1.584491873151739e-07
-1.411650045125917e-08
1.657840990636862e-07
-1.245696126803432e-08
1.723995637221361e-07
-1.113895110795221e-08
1.783918542261098e-07
-1.01575384277733e-08
1.83989760680081e-07
-9.498505361145903e-09
1.894531611254762e-07
-9.247108290607192e-09
1.950696849873025e-07
-9.485521509676876e-09
2.011570575952979e-07
-1.027051286038393e-08
2.080608869899703e-07
-1.164599976265253e-08
2.161516433236727e-07
-1.365209545438444e-08
2.258197602530012e-07
-1.632322919187922e-08
2.374650114552772e-07
-1.967791791071478e-08
2.514750594591508e-07
-2.370020813410556e-08
2.681866398840043e-07
-2.831019536501702e-08
2.878216085652513e-07
-3.332063400726982e-08
3.103903555498985e-07
-3.837856169809186e-08
3.355599796913073e-07
-4.289833926838024e-08
3.625000399661271e-07
-4.601052850155833e-08
3.897537389738869e-07
-4.659954249927357e-08
4.152230139232813e-07
-4.351227439248014e-08
4.365271687354145e-07
-3.627708062266046e-08
4.51518462025636e-07
-2.548758377667572e-08
4.603628370387331e-07
-1.493635929497522e-08
4.647931016154009e-07
-7.299029612031893e-09
4.665937559728911e-07
-2.802205419704944e-09
4.670210528862776e-07
-5.824963309984248e-10
4.668453540087718e-07
2.301697304959846e-10
4.664916416122085e-07
3.997741157964719e-10
4.662944473528298e-07
6.6936264228206e-10
7.772458225806249e-10
4.363544327096985e-07
3.478527680844046e-08
4.554800368691927e-07
2.894751817172969e-08
4.593785645341007e-07
1.34821428062811e-08
4.599164470349967e-07
6.115189809757612e-09
4.600013703111945e-07
5.89770188639619e-09
4.579491292917473e-07
1.158487875016729e-08
4.502698131192088e-07
2.511795605769617e-08
4.316895242973866e-07
4.992724348303275e-08
3.967640166024082e-07
8.565458902188458e-08
3.447381580003033e-07
1.228421587592942e-07
2.809738369173762e-07
1.492710754691661e-07
2.116998582035778e-07
1.613373299828472e-07
1.426728655117952e-07
1.581609307113539e-07
7.863707432755644e-08
1.414194631071696e-07
2.904130321920625e-08
1.179201589530267e-07
2.269583608394903e-09
8.398587842608185e-08
2.902202046220789e-09
1.149675431590028e-09
2.684877247332368e-09
2.07489496091581e-10
2.507288333626541e-09
-4.177253462433147e-10
2.244506947415642e-09
-1.87411401632598e-10
1.76274014812624e-09
3.943352540611535e-10
1.192850505681989e-09
6.679866521873431e-10
9.039631159007994e-10
3.314212922405877e-10
1.096131614703452e-09
-2.115559789670499e-10
1.332535389880906e-08
2.808355718467645e-08
3.055886687530875e-08
4.237047401158953e-08
5.231881425286127e-08
5.21331219100448e-08
7.801825615593922e-08
5.239401356898675e-08
1.061067767490822e-07
4.766532950151364e-08
1.346181768718765e-07
3.81719298793637e-08
1.604960308047407e-07
2.352151561014628e-08
1.776001465665488e-07
2.943734441611077e-09
1.86580862846467e-07
-1.48236277321744e-08
1.940347800156775e-07
-2.203006532897573e-08
2.022858822855353e-07
-2.236760265196653e-08
2.104536244132825e-07
-2.06247033235513e-08
2.179217309872571e-07
-1.860705760741465e-08
2.246608372162042e-07
-1.689664457855176e-08
2.308966359356707e-07
-1.573430399952205e-08
2.369317827036233e-07
-1.528225497333432e-08
2.431055296291435e-07
-1.565926834649562e-08
2.497913998474963e-07
-1.695638298549562e-08
2.573974729779874e-07
-1.925207279591468e-08
2.663659916357298e-07
-2.262061400994091e-08
2.771713423695368e-07
-2.712857981890002e-08
2.903127237571879e-07
-3.281929918596241e-08
3.062956266364305e-07
-3.968311089529186e-08
3.255935382476454e-07
-4.760810685120846e-08
3.485782417309353e-07
-5.630533735785261e-08
3.754043334503033e-07
-6.520465327522973e-08
4.05833930674956e-07
-7.332793633965292e-08
4.389996380251225e-07
-7.917623568486146e-08
4.731386699445247e-07
-8.073857423586255e-08
5.054096532447621e-07
-7.578325749268998e-08
5.32204800612673e-07
-6.307222777108109e-08
5.498325486257727e-07
-4.311533155187423e-08
5.588261942452496e-07
-2.393000465483138e-08
5.623345312057026e-07
-1.080736630098928e-08
5.631006588520667e-07
-3.568332776760348e-09
5.626895729416738e-07
-1.714100807772598e-10
5.619263138199203e-07
9.93429336451994e-10
5.612613204732861e-07
1.064768044361683e-09
5.610771234079614e-07
8.535601271961745e-10
5.992645233043172e-10
4.360247933921722e-07
-1.239516402463013e-09
4.673393531718009e-07
-2.367041440762512e-09
4.833817570701739e-07
-2.560260935637153e-09
4.910929793380892e-07
-1.596032307120729e-09
4.953309102966991e-07
1.65977107510761e-09
4.970231867768817e-07
9.892602413139237e-09
4.938376260179811e-07
2.83035169559191e-08
4.78902944019495e-07
6.486192561613434e-08
4.431276763665559e-07
1.214298568050655e-07
3.848179787662259e-07
1.811518564846436e-07
3.125474440350472e-07
2.215416103206968e-07
2.344629065657618e-07
2.394218675670603e-07
1.578360141477122e-07
2.347878232396404e-07
8.902792687053947e-08
2.102275504891812e-07
3.657330391553854e-08
1.703747820084219e-07
1.202254292622912e-09
1.193569281442564e-07
2.248438556530974e-09
1.034912590160292e-10
3.046290108027326e-09
-5.903619687326194e-10
3.093254366592566e-09
-4.64689521427939e-10
2.719114462633232e-09
1.867285817569698e-10
2.214545605773871e-09
8.98904187958446e-10
1.48161456280527e-09
1.400917769113214e-09
6.783353924961506e-10
1.134700535109619e-09
5.922932686015578e-10
-1.255137846562392e-10
1.628216684959406e-08
1.239368367372515e-08
3.761196406091555e-08
2.104067686915977e-08
6.495553463836649e-08
2.478955140212717e-08
9.666014702133549e-08
2.068940125536039e-08
1.300019278775761e-07
1.432354871617453e-08
1.621484603578705e-07
6.02539747066372e-09
1.9010418749295e-07
-4.434211450958197e-09
2.101492826753398e-07
-1.710136066530569e-08
2.228214949486298e-07
-2.749583992693057e-08
2.324515490907965e-07
-3.166011939040641e-08
2.412808103161025e-07
-3.119686379288224e-08
2.494552426679844e-07
-2.879913558820355e-08
2.568480378752443e-07
-2.599985272329957e-08
2.635229176474009e-07
-2.357152425594778e-08
2.696985709540188e-07
-2.190995720684782e-08
2.756687619260906e-07
-2.12524458422677e-08
2.817696714695872e-07
-2.176017778201827e-08
2.883725976273273e-07
-2.355930903101007e-08
2.958829117744709e-07
-2.676238682572543e-08
3.047407147204164e-07
-3.147841683386998e-08
3.154210503527658e-07
-3.780891532375724e-08
3.284306653695802e-07
-4.58289140699348e-08
3.442972300572571e-07
-5.554967544389695e-08
3.63544141673162e-07
-6.685501832138479e-08
3.866401304470695e-07
-7.940132597822678e-08
4.139058840709102e-07
-9.247040673647079e-08
4.453490780476404e-07
-1.047711301433115e-07
4.803896178550233e-07
-1.14216775306387e-07
5.174325327062665e-07
-1.177814888875635e-07
5.533439694541423e-07
-1.116946940247358e-07
5.833020265945171e-07
-9.303028468157835e-08
6.01060195567026e-07
-6.087350027733175e-08
6.080037817303892e-07
-3.087359056103068e-08
6.095213349002334e-07
-1.232491920413407e-08
6.092329877879238e-07
-3.279985401316227e-09
6.084673034798383e-07
5.942745078153212e-10
6.0771822881006e-07
1.742504348896795e-09
6.072433520276837e-07
1.539645234472866e-09
6.072823331402797e-07
8.145792699324271e-10
2.534288472468184e-10
4.356605819687318e-07
-3.690009827677546e-08
4.663145436972032e-07
-3.302100304092665e-08
4.816020749499625e-07
-1.784779205524416e-08
4.887898025377376e-07
-8.783759762564996e-09
4.934508525407713e-07
-3.001278798271777e-09
4.979108762965149e-07
5.432578784598639e-09
5.011968456279026e-07
2.501754774838422e-08
4.942871904015965e-07
7.177158096332634e-08
4.618229929496136e-07
1.538940543740394e-07
4.001629575243413e-07
2.428118920235639e-07
3.234693187961303e-07
2.982352491583652e-07
2.415956813739986e-07
3.212955050951549e-07
1.620484777743035e-07
3.143350269410164e-07
9.16220294669589e-08
2.806539988947904e-07
3.882554743904107e-08
2.231712641304407e-07
1.041926302855082e-09
1.571405493714618e-07
2.693328346472696e-09
-1.547910697392477e-09
3.514496222625087e-09
-1.411529760317087e-09
2.922522807072261e-09
1.272839753804543e-10
2.346960137924143e-09
7.622913302546114e-10
2.417821488633324e-09
8.280429140327846e-10
2.384467816026297e-09
1.434271517500782e-09
1.125149738657029e-09
2.394018686571309e-09
-5.916927780154891e-10
1.591328806111038e-09
1.84440038449912e-08
-6.642012875891525e-09
4.429121137503801e-08
-4.806530586458801e-09
7.820442469420219e-08
-9.123661842336749e-09
1.16028958011199e-07
-1.713513198495736e-08
1.538468855086985e-07
-2.34943787034862e-08
1.885362335554539e-07
-2.866395049544774e-08
2.177442078046538e-07
-3.36421856175554e-08
2.395312913397081e-07
-3.888844411425894e-08
2.545384365010204e-07
-4.250298499949453e-08
2.655669586794105e-07
-4.268864147598425e-08
2.745546014417525e-07
-4.018450645917115e-08
2.822335032803426e-07
-3.647803732623017e-08
2.889121746862126e-07
-3.267852402487691e-08
2.948286128952649e-07
-2.948796235587244e-08
3.002426109729896e-07
-2.732395517132413e-08
3.05439339931241e-07
-2.644917468220984e-08
3.107252765357311e-07
-2.704611426375709e-08
3.164293051768689e-07
-2.926333754417483e-08
3.22904832046876e-07
-3.323791356301977e-08
3.305325282266033e-07
-3.910611287549794e-08
3.39723285271716e-07
-4.699967222564446e-08
3.509199510467549e-07
-5.702557969602836e-08
3.645973804099799e-07
-6.922710465232046e-08
3.81257784400798e-07
-8.351542215086275e-08
4.014164999508497e-07
-9.956004135962228e-08
4.255635629089949e-07
-1.166174695178118e-07
4.540629846437345e-07
-1.332705516914741e-07
4.869154287022432e-07
-1.470692191678389e-07
5.232083879575322e-07
-1.540744479329704e-07
5.601390610832107e-07
-1.486253669289917e-07
5.916193760302534e-07
-1.245105993936008e-07
6.068710415906864e-07
-7.612516559365558e-08
6.091647714906031e-07
-3.31673202063525e-08
6.074861967860964e-07
-1.064634424994359e-08
6.061271903333345e-07
-1.920978706286459e-09
6.0537434862768e-07
1.347116450194853e-09
6.049779987063368e-07
2.138854526434553e-09
6.049005249320948e-07
1.617119254307221e-09
6.053132515577722e-07
4.018527971275717e-10
-3.495340702666129e-10
4.355856450444646e-07
-7.248574317987593e-08
4.528559333561063e-07
-5.029129122249688e-08
4.546221502740499e-07
-1.961400885125473e-08
4.534718350617334e-07
-7.633444432139418e-09
4.540644522370168e-07
-3.593895857542201e-09
4.586267276793855e-07
8.703034558153465e-10
4.683148817283401e-07
1.532939381112625e-08
4.724958271253618e-07
6.75906356753215e-08
4.476414388101611e-07
1.787484427960224e-07
3.862669828478222e-07
3.041863480896285e-07
3.11549046875588e-07
3.729531852318727e-07
2.333408079025352e-07
3.995037441662775e-07
1.566725955801529e-07
3.910032393589813e-07
8.700351440011462e-08
3.50323080167209e-07
3.531289997005241e-08
2.748618786505688e-07
2.366951710122034e-09
1.900864977184772e-07
5.425267416570636e-09
-4.60622631868681e-09
3.795865370433795e-09
2.17872368353077e-10
1.530375264233051e-09
2.392774162659235e-09
8.574523512883504e-10
1.43521432223341e-09
1.814832901026202e-09
-1.293375573722211e-10
3.675911249282128e-09
-4.268067536944946e-10
3.948831261367479e-09
2.121098751757505e-09
-2.373298377307187e-10
5.777489982118784e-09
2.014416944492378e-08
-2.702351208043281e-08
5.289401668683562e-08
-3.755637774965862e-08
9.604311276149505e-08
-5.227275783612793e-08
1.40392444400937e-07
-6.148446354204977e-08
1.815909484034637e-07
-6.469288262067156e-08
2.172075164578155e-07
-6.428051846217244e-08
2.460602256557337e-07
-6.249489472412846e-08
2.67629331325519e-07
-6.045754968971425e-08
2.828370856138956e-07
-5.771073918924336e-08
2.93717016542426e-07
-5.356857230232384e-08
3.019276379766233e-07
-4.839512778643857e-08
3.084294591911137e-07
-4.297985842976879e-08
3.137775250368353e-07
-3.802658975460425e-08
3.183395483162575e-07
-3.40499855149317e-08
3.224083934452272e-07
-3.139280017470185e-08
3.262467523762083e-07
-3.028753348296969e-08
3.301061344298908e-07
-3.090549618189269e-08
3.342389733175406e-07
-3.339617629144429e-08
3.389052017171026e-07
-3.790414181683508e-08
3.443763111712963e-07
-4.457722217890931e-08
3.509391812313551e-07
-5.356254212949397e-08
3.589006894953657e-07
-6.498708779846017e-08
3.685939261670456e-07
-7.892034115673573e-08
3.803910409004144e-07
-9.531253671086813e-08
3.947253604460286e-07
-1.138943607254687e-07
4.121234081704123e-07
-1.340155170549522e-07
4.332251982123829e-07
-1.543723415385528e-07
4.587230765841581e-07
-1.725670973353125e-07
4.889311685610742e-07
-1.842825396968695e-07
5.226656024133283e-07
-1.823598005579412e-07
5.534679713750465e-07
-1.553129681251961e-07
5.634553425332243e-07
-8.611253651399014e-08
5.599223132145863e-07
-2.963429064935455e-08
5.555205632879579e-07
-6.244594087346405e-09
5.542079468193275e-07
-6.083620210204369e-10
5.542768993812765e-07
1.278164084829543e-09
5.546120709810415e-07
1.803683111768094e-09
5.550257022209333e-07
1.203488175452994e-09
5.558173929572155e-07
-3.898378487556769e-10
-1.216905662850114e-09
4.207160462176096e-07
-9.320178932120936e-08
4.079547012047019e-07
-3.752994610737072e-08
3.926983656371399e-07
-4.35767317778089e-09
3.831417357262931e-07
1.923185584230124e-09
3.78170496025663e-07
1.377343947125171e-09
3.779036576060042e-07
1.137141978290221e-09
3.860745663155962e-07
7.158485202684555e-09
3.966140924722841e-07
5.705110961833977e-08
3.900921350907938e-07
1.85270400275248e-07
3.374205294459218e-07
3.568579538305454e-07
2.768459764765722e-07
4.33527738295129e-07
2.148546054089792e-07
4.614951153260064e-07
1.506379708838397e-07
4.552198739740615e-07
8.566098915626032e-08
4.153000619830243e-07
3.36392570240705e-08
3.268836108689459e-07
1.615534725035608e-08
2.075704075769639e-07
9.338872047850339e-09
2.210248966875368e-09
1.584194281093798e-09
7.972550217087011e-09
-7.484782917506896e-10
4.725446816142563e-09
-6.394522159643858e-10
1.326188326589643e-09
2.18859707667885e-10
-9.876494015739787e-10
3.240213407884268e-09
-3.448160374220141e-09
9.522098847316553e-09
-4.160786607914826e-09
1.12990907004161e-08
4.000498209926077e-09
3.037850631561008e-08
-4.610292761376979e-08
7.447133773495267e-08
-8.164920908509298e-08
1.278891938270214e-07
-1.056906138424988e-07
1.764745592406972e-07
-1.100698288671413e-07
2.17557354262926e-07
-1.05775677551729e-07
2.507057426510555e-07
-9.742890675548428e-08
2.763080975081909e-07
-8.809724948314708e-08
2.949973077072112e-07
-7.914675978634296e-08
3.079798054587623e-07
-7.069323683452099e-08
3.168934724114645e-07
-6.24822391440012e-08
3.231347622185196e-07
-5.463641747813646e-08
3.276563030413568e-07
-4.75013991321705e-08
3.31070222855157e-07
-4.144050944331403e-08
3.33773831872886e-07
-3.675359440230076e-08
3.360428365227089e-07
-3.366180468929333e-08
3.380855508073096e-07
-3.233024762699145e-08
3.400719144808339e-07
-3.289185970983384e-08
3.421504340290723e-07
-3.547469568876994e-08
3.444576723049505e-07
-4.021137993672454e-08
3.471212989469921e-07
-4.724084865972218e-08
3.502606597052737e-07
-5.670190272140642e-08
3.539876263083288e-07
-6.871405422998973e-08
3.584102426406738e-07
-8.334295731222025e-08
3.636465059860781e-07
-1.005487998741582e-07
3.698603672012365e-07
-1.201082217526457e-07
3.773399510289669e-07
-1.414951006890336e-07
3.866409071972302e-07
-1.636732975063814e-07
3.988084501551648e-07
-1.847346400866311e-07
4.154476487312616e-07
-2.009217380587893e-07
4.383722183472213e-07
-2.052843699544568e-07
4.630921915856935e-07
-1.800329411383516e-07
4.601206224310292e-07
-8.314096713240012e-08
4.544215415401471e-07
-2.393520953081193e-08
4.521807586634578e-07
-4.00381099319147e-09
4.537282424638108e-07
-2.155845621457045e-09
4.557533889422646e-07
-7.469822181492963e-10
4.572600962587322e-07
2.969759394776955e-10
4.581996565060169e-07
2.639280370459152e-10
4.588732597776603e-07
-1.063441099536371e-09
-1.254470023448844e-09
3.006111374617796e-07
6.187073329009502e-09
2.692137039365285e-07
-6.132512477190962e-09
2.669773795221556e-07
-2.121348664548859e-09
2.662900634732225e-07
2.610501729664134e-09
2.649462231279214e-07
2.721184387423315e-09
2.623949718698201e-07
3.688393330463885e-09
2.528018656020681e-07
1.675159156329839e-08
2.479435458686348e-07
6.190942944384141e-08
2.221857589133566e-07
2.1102818732117e-07
2.254004782734453e-07
3.536432345601896e-07
2.143069006842581e-07
4.446213159724649e-07
1.947733942587388e-07
4.810286218387587e-07
1.646148070037076e-07
4.853784613146975e-07
1.233678250663002e-07
4.565470440052441e-07
8.099093667768601e-08
3.692604993408896e-07
6.758098344309667e-08
2.209803608943982e-07
5.317184045160772e-09
6.447404844648777e-08
-3.603327994915219e-09
1.689306233870974e-08
-1.388396889635485e-09
2.510515791623463e-09
-2.695460966704055e-10
2.073376147435298e-10
-7.915407705620124e-10
-4.656546467563874e-10
-6.591610190827303e-10
-3.580540043759585e-09
1.038900896592951e-08
-1.520895651041906e-08
5.831124693870064e-08
-4.392173967856269e-08
9.246814947554847e-08
-8.02598300649544e-08
1.402964744623382e-07
-1.294775339836913e-07
1.908728920161857e-07
-1.562670313059535e-07
2.325169921803289e-07
-1.517139289376113e-07
2.651016630314009e-07
-1.383603483061306e-07
2.898878553168946e-07
-1.222150989403333e-07
3.08117638478368e-07
-1.063270325402848e-07
3.20840083728314e-07
-9.186920492740964e-08
3.291903411377405e-07
-7.904349413082838e-08
3.343991079465745e-07
-6.769100583474485e-08
3.375189582885095e-07
-5.775626769734259e-08
3.393149562265827e-07
-4.929739694225657e-08
3.402965512229073e-07
-4.24221043067598e-08
3.40784641837645e-07
-3.72416848787392e-08
3.409747266325207e-07
-3.385188934085297e-08
3.40981852037895e-07
-3.233737288357395e-08
3.408687355282928e-07
-3.277874304641868e-08
3.406617628249656e-07
-3.526772282619694e-08
3.403581114315096e-07
-3.990772837912131e-08
3.399256820490167e-07
-4.680841910778203e-08
3.392974343201325e-07
-5.607365481840847e-08
3.383609834508318e-07
-6.777760318145272e-08
3.369450960545286e-07
-8.192706973229506e-08
3.348044810281211e-07
-9.840818465910644e-08
3.316077633405396e-07
-1.169115038722372e-07
3.269379684191333e-07
-1.368253055697106e-07
3.203221925852666e-07
-1.570575214705837e-07
3.113341595192825e-07
-1.757466068135797e-07
2.997504388024043e-07
-1.89338017131479e-07
2.859290799630314e-07
-1.914630109005894e-07
2.64509740153725e-07
-1.586136011139067e-07
2.800412017606106e-07
-9.867242852361982e-08
3.035974073560703e-07
-4.7491414915138e-08
3.152014383173327e-07
-1.560784175073191e-08
3.167595869330295e-07
-3.713994052270377e-09
3.170058009203404e-07
-9.9319605032487e-10
3.177292878313259e-07
-4.265108487551816e-10
3.18259353558779e-07
-2.661376417972864e-10
3.172063938061394e-07
-1.048128011488015e-11
-7.922430770711485e-10
7.038359524818549e-09
-8.512861283189574e-10
-1.610971698872799e-10
1.06694430428048e-09
-2.408140678963249e-09
1.256949341822405e-10
-9.000619026273147e-10
1.102423042336141e-09
-1.043784849295841e-09
2.864907422703758e-09
-3.065612866545261e-09
5.710221435164147e-09
5.15135362602215e-09
8.534625158012209e-09
6.411313776200253e-08
2.947645393876869e-09
7.747022184348229e-08
1.976711033255577e-07
1.21214308610862e-07
3.098991478772709e-07
1.650939067075949e-07
4.007417179601166e-07
1.993769992969894e-07
4.467455293322737e-07
2.237604872598831e-07
4.609949734347566e-07
2.397526269755475e-07
4.405549043711008e-07
2.407065424588049e-07
3.683065839394475e-07
2.704541428588527e-07
1.912327605750082e-07
2.783882825199125e-07
5.653990886676527e-08
2.895920684156614e-07
5.68927652346861e-09
2.91506288876107e-07
5.962954127684671e-10
2.913669812584409e-07
3.466453136547328e-10
2.920646708167282e-07
-1.163344122169844e-09
2.918580607604975e-07
-3.373929904362235e-09
2.825716324494296e-07
-5.922528113906898e-09
2.61526171677799e-07
-2.287627882046422e-08
2.511261366156803e-07
-6.98597949134259e-08
2.757293117851189e-07
-1.54080709061969e-07
2.934093504712929e-07
-1.739470698973578e-07
3.090210019966955e-07
-1.673255803657001e-07
3.218453554556522e-07
-1.511847016634952e-07
3.316507730348668e-07
-1.320205164146923e-07
3.384830974628083e-07
-1.131593568585306e-07
3.425987646902793e-07
-9.598487204132495e-08
3.444716740521138e-07
-8.091640337384043e-08
3.447188692473297e-07
-6.793820090682207e-08
3.439188157408649e-07
-5.695621406218635e-08
3.425157370999427e-07
-4.789431816801474e-08
3.408020208616168e-07
-4.070838792941064e-08
3.389395190573101e-07
-3.537918293060642e-08
3.369917812412396e-07
-3.190415137522464e-08
3.349506774114918e-07
-3.029626889942581e-08
3.327567211047317e-07
-3.058478657962034e-08
3.303096751904525e-07
-3.282067674714703e-08
3.274702934613853e-07
-3.706834647987417e-08
3.240568776739914e-07
-4.339500314576279e-08
3.198342891036263e-07
-5.185106606838477e-08
3.144948441813377e-07
-6.243815807552871e-08
3.076296151276547e-07
-7.506184049043191e-08
2.986867537568416e-07
-8.946532309672679e-08
2.869124717549177e-07
-1.051372216747223e-07
2.712709758978145e-07
-1.211838095143003e-07
2.503498561260011e-07
-1.361364014970222e-07
2.222908835094887e-07
-1.476876339935102e-07
1.850821019220546e-07
-1.521292353380177e-07
1.381109372204631e-07
-1.444918459931062e-07
9.312616503522536e-08
-1.136288287227777e-07
6.164831269317397e-08
-6.71945759791967e-08
9.971060801677443e-09
4.185837174639605e-09
-1.257938472291152e-09
-4.378842289279164e-09
-1.164131120939937e-09
-3.807801233926534e-09
-3.860318775458327e-10
-1.771295149286372e-09
-8.151617365170756e-11
-7.310264537207703e-10
2.579958646995099e-11
-3.734533056497313e-10
4.160172780193618e-10
-4.0069897948846e-10
-3.762257626051534e-10
3.416901189692235e-10
-1.192976153691232e-09
3.983334163128015e-10
1.010301096689711e-09
-7.586236219005883e-10
1.282652059116117e-09
-1.10783750874147e-09
1.451637013109872e-09
-7.302911321962917e-10
2.487361130713847e-09
1.8212757337242e-09
3.158654651478157e-09
9.394401739001407e-09
9.614992363963289e-10
1.616871172794947e-08
-3.826664514026127e-09
3.589590236501332e-08
1.779439127714409e-07
8.959671676046474e-08
2.561983335617619e-07
1.576289372131424e-07
3.327094975897368e-07
2.267544030712935e-07
3.776200635531231e-07
2.951664153299799e-07
3.925829612578328e-07
3.632898866620671e-07
3.724314331173336e-07
4.238412725978701e-07
3.077551980851998e-07
4.346631912253516e-07
1.804108420257236e-07
4.254607019506103e-07
6.57423982234883e-08
4.176071074643372e-07
1.354287108858855e-08
4.169052229980829e-07
1.298179962195517e-09
4.181666938713123e-07
-9.148254791708315e-10
4.190556289429998e-07
-2.052279108548872e-09
4.19751425111535e-07
-4.069725989821278e-09
4.229265112673111e-07
-9.097614181089018e-09
4.285785008280468e-07
-2.852826829419787e-08
4.333547128122308e-07
-7.463600680453113e-08
4.12898945893652e-07
-1.336249420511921e-07
3.942345080834184e-07
-1.55282631988261e-07
3.815427537909751e-07
-1.546338259744552e-07
3.728841530418457e-07
-1.425261008083802e-07
3.664436019922132e-07
-1.255799652583576e-07
3.609733170710232e-07
-1.076890718230769e-07
3.558029710835754e-07
-9.081452593819949e-08
3.50684551925671e-07
-7.57979840924788e-08
3.45630665430055e-07
-6.28843142857373e-08
3.407444605653924e-07
-5.207000906422274e-08
3.361185676217096e-07
-4.32684250885322e-08
3.317890740719563e-07
-3.6378894236134e-08
3.277249144578155e-07
-3.131502317006766e-08
3.238347651667104e-07
-2.801400193026421e-08
3.199777352330526e-07
-2.64392388087835e-08
3.159733112944537e-07
-2.658036247701499e-08
3.116043568597526e-07
-2.845172214520567e-08
3.066162782977183e-07
-3.208026774421516e-08
3.007115582805134e-07
-3.749028295179456e-08
2.935386327452396e-07
-4.467814035083917e-08
2.846746303192487e-07
-5.357415546446234e-08
2.73601212400948e-07
-6.398842238265793e-08
2.596729010976517e-07
-7.553701160171922e-08
2.420804289402089e-07
-8.754474932245408e-08
2.198199990547349e-07
-9.892337943255213e-08
1.917114064649125e-07
-1.080278087092765e-07
1.565650794956569e-07
-1.125413068260118e-07
1.139336149869875e-07
-1.094977706312918e-07
6.57106593776857e-08
-9.626889018727401e-08
2.585629765878137e-08
-7.377446681029008e-08
1.11476762934624e-08
-5.248595442474465e-08
9.195707079477e-09
6.137806571347297e-09
2.731439523015962e-09
2.085425440170663e-09
-1.241390559995712e-10
-9.522224977124525e-10
-4.985293549017165e-10
-1.396904717978003e-09
-2.643244656881238e-10
-9.652312347072411e-10
-2.365131891822819e-11
-6.141264089641897e-10
5.627916240029711e-11
-4.80629366219185e-10
-3.199465815916795e-10
-8.165913457688831e-10
-3.763847414940511e-10
-3.797952930926283e-10
5.735051272099029e-10
-3.128504580058737e-10
1.21570730511419e-09
-2.06085747753103e-10
1.344872387338805e-09
1.035565958357933e-09
1.245709503849032e-09
3.741246456317546e-09
4.52974237411757e-10
5.775220627958468e-09
-1.072474857599832e-09
3.09110699221479e-09
-1.142550794698244e-09
3.79822832153803e-08
1.430527366245991e-07
9.241063910818462e-08
2.017699777523194e-07
1.662244723390616e-07
2.588956644341767e-07
2.485458226136015e-07
2.952987133618733e-07
3.338756333141814e-07
3.072531506319071e-07
4.167961401547502e-07
2.89510926360206e-07
4.865572608975153e-07
2.379940774169095e-07
5.174775036332961e-07
1.494905993739848e-07
5.166874854460849e-07
6.653241648576162e-08
5.09426518569812e-07
2.080383805017488e-08
5.069581080839292e-07
3.766590524607212e-09
5.076381092124289e-07
-1.594826520305573e-09
5.091875935674749e-07
-3.601763384564924e-09
5.113497882540487e-07
-6.23192058601564e-09
5.151833737583906e-07
-1.293119960273285e-08
5.175444024373655e-07
-3.088929687872386e-08
5.08569459927249e-07
-6.566106420684722e-08
4.810234381530328e-07
-1.060789201773497e-07
4.50986779796719e-07
-1.252459735382252e-07
4.243889067528726e-07
-1.280359528245801e-07
4.021621364388124e-07
-1.202993303931504e-07
3.838128483717949e-07
-1.072306770777859e-07
3.685076342504013e-07
-9.238385759195365e-08
3.555265582527644e-07
-7.783344981855538e-08
3.443592019358924e-07
-6.463062765643195e-08
3.346765856060343e-07
-5.320169782472324e-08
3.262524070815501e-07
-4.36458304104892e-08
3.188969698732267e-07
-3.591298773946189e-08
3.124189615351746e-07
-2.990088575839666e-08
3.066076846813838e-07
-2.550374616575854e-08
3.012277933918406e-07
-2.263411049052023e-08
2.960193687611256e-07
-2.123081401788441e-08
2.906990243702847e-07
-2.126001792570381e-08
2.849582200061165e-07
-2.271091761164232e-08
2.784607462612369e-07
-2.558279382926064e-08
2.708383496798255e-07
-2.986788619269087e-08
2.616847326482343e-07
-3.552452314078163e-08
2.505488846124291e-07
-4.243830724415264e-08
2.369296639167267e-07
-5.036920150195185e-08
2.202761319733028e-07
-5.888347946906377e-08
2.000049049750773e-07
-6.727352213516099e-08
1.755588918997679e-07
-7.447736616591953e-08
1.465657039896956e-07
-7.903462060913672e-08
1.131845175028263e-07
-7.916012014893575e-08
7.688456734262804e-08
-7.319782028368464e-08
4.124293769204346e-08
-6.062726035150736e-08
1.47422631493021e-08
-4.727379208734582e-08
-1.111353223400376e-09
-3.663233787647007e-08
3.387984989450798e-09
1.638468526610357e-09
3.1782809552548e-09
2.295129633461364e-09
1.324216733412595e-09
9.018418685814482e-10
1.944126989477907e-10
-2.671005582885514e-10
-1.210961907444817e-10
-6.497222474330261e-10
-1.05086787000536e-10
-6.301357086741947e-10
-6.436204655133328e-11
-5.213540625770295e-10
-3.843085815740219e-10
-6.003797649065803e-10
2.239951055969614e-10
-5.344256729113314e-10
5.075511200454329e-10
-1.00791718227863e-10
7.820734331612673e-10
5.740088928702116e-10
6.700718575767189e-10
1.749657340833343e-09
7.006113640088812e-11
2.971351458014445e-09
-7.687197997678023e-10
2.958540727541542e-09
-1.059664047811926e-09
1.944576750453767e-09
-1.285867384031086e-10
4.110869388239235e-08
1.038886195711206e-07
9.66076112245964e-08
1.462710604887989e-07
1.708253837888492e-07
1.846778919478259e-07
2.553819246574407e-07
2.10742172571752e-07
3.43563679235635e-07
2.190713961313866e-07
4.274632608548108e-07
2.056113448196443e-07
4.964306280776327e-07
1.690267102719857e-07
5.346844943215735e-07
1.112367332093153e-07
5.455106254980157e-07
5.570628538806379e-08
5.45492760754799e-07
2.082170287399519e-08
5.446428021388891e-07
4.616549220892543e-09
5.447124668267743e-07
-1.664491125422948e-09
5.453037776222816e-07
-4.193074097137922e-09
5.460772677812167e-07
-7.005410659065288e-09
5.465374121603139e-07
-1.339134389531278e-08
5.431256664167583e-07
-2.747755104514794e-08
5.285605590582302e-07
-5.109595675715396e-08
4.995916988285631e-07
-7.711005985244605e-08
4.658745309770482e-07
-9.152880558974139e-08
4.32987072241143e-07
-9.514849398707533e-08
4.03408650438087e-07
-9.072090848618992e-08
3.77847606366232e-07
-8.166963289691687e-08
3.56160312669397e-07
-7.069656378329444e-08
3.379011967376174e-07
-5.957433376946952e-08
3.225703994658172e-07
-4.929983026410408e-08
3.097053193815418e-07
-4.033661761418269e-08
2.988932031168696e-07
-3.283371401603448e-08
2.897583264013394e-07
-2.67781108882785e-08
2.8194646103141e-07
-2.208902024912923e-08
2.751130716125365e-07
-1.867035660167143e-08
2.689157000745084e-07
-1.643673880357723e-08
2.63008969912413e-07
-1.532408370114105e-08
2.570405530556999e-07
-1.529160091081545e-08
2.506469465202076e-07
-1.631731091257763e-08
2.434507177407319e-07
-1.838656488311558e-08
2.350590906839333e-07
-2.147625896442599e-08
2.250653738201527e-07
-2.55308061032002e-08
2.130555117134923e-07
-3.04284449598291e-08
1.986234580811541e-07
-3.593714769075363e-08
1.814017496922235e-07
-4.166177089870029e-08
1.611188337561353e-07
-4.699060601792909e-08
1.377025199818322e-07
-5.106105220952627e-08
1.114626118366455e-07
-5.279471228393383e-08
8.337271268974859e-08
-5.107022082299656e-08
5.546908429378579e-08
-4.52941917126822e-08
3.082732023737285e-08
-3.598549612309539e-08
1.254215036598325e-08
-2.898862204982302e-08
-1.450813442379471e-09
-2.263937390699394e-08
3.738529368350062e-10
-1.861976988262681e-10
1.66056997517386e-09
1.008412741281036e-09
1.46418313682641e-09
1.098228840664882e-09
7.358604304858979e-10
4.612222653585061e-10
2.111179683501132e-10
-1.249796852939128e-10
-9.51933840389601e-12
-4.094983353623887e-10
-4.906823272586606e-11
-4.81805064028628e-10
-4.333767778132746e-10
-2.49522980181896e-10
4.73518155634383e-10
-2.287355000701064e-10
4.867637111425286e-10
1.6220473421803e-10
3.911332771923585e-10
7.671619286747353e-10
6.511473172363985e-11
1.372803291829749e-09
-5.355801484919505e-10
1.699655251364542e-09
-1.095571692979731e-09
1.765612084082015e-09
-1.125620801676532e-09
2.178910598228242e-09
-5.418851877201289e-10
3.891803252858496e-08
6.714949772051896e-08
9.2373805118882e-08
9.281528796240861e-08
1.62191833015621e-07
1.148598641319889e-07
2.412074120612604e-07
1.317265935896993e-07
3.230880201180518e-07
1.371907881568734e-07
4.0002212791164e-07
1.286772370899572e-07
4.631456429505987e-07
1.059031953169641e-07
5.02869653347647e-07
7.151272287718895e-08
5.206463817055488e-07
3.792955711614996e-08
5.263177691421739e-07
1.515031550413401e-08
5.275760464279152e-07
3.358272023714535e-09
5.275415760045899e-07
-1.630020632547756e-09
5.270399719378718e-07
-3.691469938617935e-09
5.258606911804597e-07
-5.826129828278814e-09
5.228944354969493e-07
-1.042508811599805e-08
5.151152326160479e-07
-1.969834808596655e-08
4.980630889949121e-07
-3.40438130353784e-08
4.703503229104173e-07
-4.939729368364769e-08
4.375458482941796e-07
-5.872433086712083e-08
4.040324540233201e-07
-6.163509962476507e-08
3.726100333216545e-07
-5.929848767150588e-08
3.446393105638244e-07
-5.369891003947862e-08
3.205318086101164e-07
-4.658906170915757e-08
3.001723357856152e-07
-3.921486083636204e-08
2.831948106468994e-07
-3.232230499693067e-08
2.691399482611224e-07
-2.628175511016542e-08
2.575318322089627e-07
-2.122559782696003e-08
2.479096800057406e-07
-1.715595855678015e-08
2.398371616750365e-07
-1.401650177284277e-08
2.329015112352675e-07
-1.173470602345632e-08
2.267085826379647e-07
-1.024381005207219e-08
2.208766583010132e-07
-9.492159215768388e-09
2.150302236799516e-07
-9.445166127314048e-09
2.08794736475859e-07
-1.008182355072145e-08
2.01794370405269e-07
-1.138619864269299e-08
1.936536407051813e-07
-1.333552909846667e-08
1.840052525305709e-07
-1.588241775283798e-08
1.725070846422034e-07
-1.893027689949156e-08
1.588721336605634e-07
-2.230219652968585e-08
1.429162357405998e-07
-2.570587280353789e-08
1.246291994013134e-07
-2.870356949857765e-08
1.042739718331083e-07
-3.070582446655877e-08
8.251273870293469e-08
-3.103347897680195e-08
6.052628102562879e-08
-2.908376297556583e-08
4.004447767269102e-08
-2.481238818995206e-08
2.296906416435253e-08
-1.891008245331014e-08
9.859383212458811e-09
-1.587894093901826e-08
-2.887907628079046e-10
-1.249119978196447e-08
-2.448103719207989e-10
-2.301779441161385e-10
4.526166529454396e-10
3.109858518987938e-10
8.577091111176901e-10
6.931365092530794e-10
7.416798713487439e-10
5.772516161880643e-10
4.192878779377971e-10
1.97412401612869e-10
1.591108576155977e-10
-1.493212142669035e-10
3.291350690867237e-11
-3.556076348419714e-10
-4.00463219763296e-10
2.163844932404854e-11
4.518797623400527e-10
1.347664784853218e-10
3.736357455239465e-10
3.746129661063149e-10
1.51286847207897e-10
6.225946736160816e-10
-1.828669127773477e-10
6.916294966185914e-10
-6.046149153193907e-10
6.004104945232063e-10
-1.004352627454423e-09
7.478924513322943e-10
-1.273102702680579e-09
1.424551775962608e-09
-1.218544447755145e-09
3.185955960375194e-08
3.671448994895824e-08
7.843141082357409e-08
4.624343680887115e-08
1.377797473662777e-07
5.551152764663631e-08
2.043247450589663e-07
6.518159596545155e-08
2.730067919233296e-07
6.850874135164635e-08
3.372052635437751e-07
6.447876554055451e-08
3.90036821191502e-07
5.307163773081242e-08
4.254863275436067e-07
3.60632165991741e-08
4.441118872995692e-07
1.930399742484262e-08
4.517094654587713e-07
7.552737422538803e-09
4.538134311780818e-07
1.254306372842828e-09
4.535794978131802e-07
-1.396087185940611e-09
4.522800253168e-07
-2.391997369213437e-09
4.498677862662121e-07
-3.413890691211766e-09
4.452308499469124e-07
-5.788151718239032e-09
4.360828316363872e-07
-1.055032968346634e-08
4.197499243456085e-07
-1.771090565983188e-08
3.956483075393754e-07
-2.52956767791692e-08
3.67034447920642e-07
-3.011047115641588e-08
3.371457265154842e-07
-3.174637811431505e-08
3.084925004577714e-07
-3.064526151379116e-08
2.825699601547823e-07
-2.77763696234635e-08
2.60035849589566e-07
-2.40549510352062e-08
2.409817231906863e-07
-2.01607343161563e-08
2.251707657084368e-07
-1.651134739665928e-08
2.122065290460386e-07
-1.331751831772529e-08
2.016354877842858e-07
-1.065455643752635e-08
1.930017342853766e-07
-8.522204918881535e-09
1.858712049466156e-07
-6.88597229659201e-09
1.798384593608457e-07
-5.701960289749212e-09
1.745245234257241e-07
-4.9298739697864e-09
1.695709062744677e-07
-4.538541907932146e-09
1.646327557258545e-07
-4.5070154223835e-09
1.593733893453308e-07
-4.82245700570833e-09
1.534624315425723e-07
-5.475240675529069e-09
1.465790605706441e-07
-6.452157955473055e-09
1.384229528948261e-07
-7.726309906327945e-09
1.287358434145828e-07
-9.243167243727757e-09
1.173367606686968e-07
-1.090311360951798e-08
1.041732176343436e-07
-1.254232959222908e-08
8.938778865653539e-08
-1.391814034650958e-08
7.339234917005729e-08
-1.471038480555644e-08
5.692746507810438e-08
-1.456859471493573e-08
4.105378339718239e-08
-1.32100811269167e-08
2.698624523298315e-08
-1.07448498645377e-08
1.56519078686925e-08
-7.575744932041835e-09
6.629538602095128e-09
-6.856571523165547e-09
4.434150407533683e-11
-5.906002540168622e-09
-2.279755011027485e-10
4.213919704617709e-11
-6.758027066357427e-11
1.505907510064292e-10
2.824348713942917e-10
3.431214865649693e-10
4.627417818043864e-10
3.969448117830134e-10
4.139302565933203e-10
2.462240205654881e-10
2.608278717402586e-10
3.781253395196063e-12
1.09980894278507e-10
-2.04760549536322e-10
-2.904822744593026e-10
1.948007058678625e-10
2.570791032633837e-10
3.816306078983897e-10
1.868058971038021e-10
4.921395424240341e-10
4.077796162912348e-11
4.557164440637059e-10
-1.464437609721787e-10
1.954456134546246e-10
-3.443440367011966e-10
-2.424638113575558e-10
-5.66443148383647e-10
-5.929314498134373e-10
-9.226350160446218e-10
-3.063246997177847e-10
-1.505151141939066e-09
2.228295102143501e-08
1.41252142770178e-08
5.561595308135151e-08
1.291043480714691e-08
9.688154930905176e-08
1.424593146993705e-08
1.434424679529286e-07
1.862067738259727e-08
1.919821738209842e-07
1.996903553707743e-08
2.374730021196094e-07
1.898793730627143e-08
2.74962994693941e-07
1.558164521309101e-08
3.006286379903328e-07
1.03975733708565e-08
3.14644215658505e-07
5.288419816962437e-09
3.204529000412785e-07
1.744053111949673e-09
3.217877699799229e-07
-8.056350125780875e-11
3.211322364917643e-07
-7.405536210469198e-10
3.196180385459762e-07
-8.77799354001781e-10
3.172492962508652e-07
-1.045148314313692e-09
3.131356006295869e-07
-1.674456022000313e-09
3.05671750386818e-07
-3.086479353323029e-09
2.932271541497281e-07
-5.266309341570382e-09
2.755303679916328e-07
-7.598890527542521e-09
2.544973532490711e-07
-9.07745632579781e-09
2.323271986665225e-07
-9.576223431522777e-09
2.108967689066285e-07
-9.214831658347182e-09
1.914225344366835e-07
-8.302135046074669e-09
1.744968552232458e-07
-7.129271718207835e-09
1.602495173343049e-07
-5.913396312163714e-09
1.485237760633155e-07
-4.785606013684542e-09
1.390156719629592e-07
-3.809414094403753e-09
1.313656462866251e-07
-3.004530640501275e-09
1.252103056295526e-07
-2.366864130764933e-09
1.202065196473252e-07
-1.882186184867773e-09
1.160387366548165e-07
-1.534177158149672e-09
1.124173617779305e-07
-1.308498954750588e-09
1.090732225851942e-07
-1.194402568376778e-09
1.057511543698668e-07
-1.184947060771751e-09
1.022049167070815e-07
-1.276219189113441e-09
9.819535480818894e-08
-1.465678623265578e-09
9.349318520145171e-08
-1.749988189271457e-09
8.788861556992549e-08
-2.121740116121333e-09
8.121028356552313e-08
-2.56483507633222e-09
7.335577799361173e-08
-3.04860787629139e-09
6.433465152865517e-08
-3.521202963779054e-09
5.432098356710873e-08
-3.904472224600977e-09
4.370406974338847e-08
-4.093470821685162e-09
3.31107437880076e-08
-3.97526860437212e-09
2.334995790754445e-08
-3.449295093814931e-09
1.520948302128758e-08
-2.604374832290382e-09
9.022090636360652e-09
-1.388352405384958e-09
3.836324970740019e-09
-1.670805723365146e-09
-1.104805662831951e-10
-1.9591968740139e-09
-2.750169383223807e-10
2.066756912648224e-10
-2.390086968919276e-10
1.14582626111872e-10
-2.754213472836318e-11
1.316550313857849e-10
1.961182494179409e-10
1.732845234827689e-10
3.023813798530932e-10
1.39960974826689e-10
2.718065361724513e-10
3.43561919858899e-11
1.466600822767446e-10
-7.961399217453881e-11
-1.438221454319768e-10
2.570791269978706e-10
4.438850456579729e-10
4.846630321994405e-10
3.382192921049993e-10
-6.124719273108327e-12
-5.725678469103249e-10
-1.495202836820714e-09
-3.000353957698758e-09
1.112486034655402e-08
2.403529517546346e-08
3.828122667398037e-08
5.690190407939563e-08
7.68709396466063e-08
9.585887697707054e-08
1.114405222220142e-07
1.218380956187042e-07
1.271265154693648e-07
1.288705686090324e-07
1.2879000514346e-07
1.280494515522802e-07
1.271716522361242e-07
1.261265039541046e-07
1.24452047972301e-07
1.213655686539796e-07
1.16099259355164e-07
1.085003688656131e-07
9.942291258533949e-08
8.984668919505916e-08
8.063185758519771e-08
7.232972258384341e-08
6.520045091725171e-08
5.928705465347839e-08
5.450144869467916e-08
5.069203465248103e-08
4.768750407022633e-08
4.53206399955584e-08
4.343845387231781e-08
4.190427677413108e-08
4.059577788429693e-08
3.940137537957234e-08
3.821642838674775e-08
3.694020926457601e-08
3.547453071178454e-08
3.372454259203063e-08
3.160280254807052e-08
2.903796754271908e-08
2.598935973903376e-08
2.246815684616414e-08
1.856368469298673e-08
1.44702139402881e-08
1.049494540432234e-08
7.045650375750798e-09
4.441275607275514e-09
3.052923262157544e-09
1.382117597145942e-09
-5.770792217223167e-10
-3.704034772777197e-10
-2.55820801587113e-10
-1.241657249096184e-10
4.911883819382025e-11
1.890798519133929e-10
2.234360908558678e-10
1.438221454319733e-10
)
;

boundaryField
{
    inletLower
    {
        type            calculated;
        value           nonuniform List<scalar> 8(-3.999999999999997e-07 -4.000000000000004e-07 -3.999999999999997e-07 -4.000000000000004e-07 -3.999999999999997e-07 -4.000000000000004e-07 -3.999999999999997e-07 -4.000000000000004e-07);
    }
    inletUpper
    {
        type            calculated;
        value           nonuniform List<scalar> 8(-4.000000000000032e-07 -3.999999999999977e-07 -3.999999999999977e-07 -4.000000000000004e-07 -4.000000000000004e-07 -4.000000000000004e-07 -4.000000000000004e-07 -4.000000000000004e-07);
    }
    outletLower
    {
        type            calculated;
        value           nonuniform List<scalar> 8(2.064462204326183e-07 2.977750613457033e-07 3.587490738375522e-07 3.891391138594051e-07 3.891028513403437e-07 3.586498429515116e-07 2.974462694876573e-07 2.063266106656032e-07);
    }
    outletUpper
    {
        type            calculated;
        value           nonuniform List<scalar> 8(3.23142873523966e-07 4.660828675842401e-07 5.612551048231774e-07 6.076281688836465e-07 6.059162145143799e-07 5.566847645597503e-07 4.589108241597289e-07 3.167441668492768e-07);
    }
    sideWalls
    {
        type            calculated;
        value           uniform 0;
    }
    topBottomWalls
    {
        type            calculated;
        value           uniform 0;
    }
    frontAndBack
    {
        type            symmetry;
        value           uniform 0;
    }
}


// ************************************************************************* //
