/*--------------------------------*- C++ -*----------------------------------*\
| =========                 |                                                 |
| \\      /  F ield         | OpenFOAM: The Open Source CFD Toolbox           |
|  \\    /   O peration     | Version:  2506                                  |
|   \\  /    A nd           | Website:  www.openfoam.com                      |
|    \\/     M anipulation  |                                                 |
\*---------------------------------------------------------------------------*/
FoamFile
{
    version     2.0;
    format      ascii;
    arch        "LSB;label=32;scalar=64";
    class       volVectorField;
    location    "5000";
    object      fvSource;
}
// * * * * * * * * * * * * * * * * * * * * * * * * * * * * * * * * * * * * * //

dimensions      [0 1 -2 0 0 0 0];

internalField   nonuniform List<vector> 
4096
(
(18.48974578707096 7.26345133303397 -2.900516305367545e-17)
(52.95487840245569 6.357708562438085 -1.232895949280992e-16)
(82.35252771053078 4.468142830773688 2.11228247655619e-13)
(104.0417327630833 1.887767843802142 2.800911101685342e-16)
(112.89896943767 -0.4106705104711971 4.069086566723422e-13)
(105.3500490945019 -1.184032799366369 4.226126688891742e-13)
(81.55854875612825 -0.1570012163455167 4.126667922769522e-13)
(46.03559557012715 1.555620137790193 7.888636834754967e-15)
(11.18005531267762 2.566011693992624 3.585755925187863e-13)
(0 0 0)
(0 0 0)
(0 0 0)
(0 0 0)
(0 0 0)
(0 0 0)
(1.994817447313511 -1.941388483209217 1.405752572442135e-15)
(21.72469356384051 0.3204755567638679 -1.632558107228645e-16)
(42.51667763498894 4.085034886856228 4.235164736483835e-13)
(53.87304806395855 7.218051530412898 3.811988911351863e-18)
(52.3080684164646 8.081942795891523 2.307385331102785e-17)
(38.07584623590935 6.501021677511859 9.223914472604264e-17)
(14.27013235654482 3.499140911154507 4.238162662177464e-13)
(-15.04799878487593 0.3156644542435368 2.145187254385045e-16)
(-46.473097284624 -2.215961057217762 4.246323895344873e-13)
(-77.86138365957773 -3.717718559456741 1.27378549895575e-16)
(-108.1385685233038 -4.055256459997228 8.078294215894118e-18)
(-136.8408917049477 -3.156083773297456 4.039470000927107e-19)
(-163.7047097060297 -0.9475497024920365 -8.077682047261555e-19)
(-188.33996383346 2.619127946608543 -1.41376947382766e-18)
(-209.8955486010599 7.506067764686674 4.0386246725073e-19)
(-226.6491886299303 13.49759121770625 -6.748138141703477e-24)
(-235.5723676130559 20.06447841986971 -9.206322129943629e-25)
(-232.0912192192297 26.19430040443575 -1.585277626312414e-24)
(-210.4324136089821 30.29614178827487 -8.078024802132545e-19)
(-164.9560712216619 30.40207357906414 -8.078038202954777e-19)
(-92.49947659031066 24.84384218798176 -1.211654978083925e-18)
(5.005560892274706 13.20151617096107 -6.611386195789791e-15)
(118.7500902014202 -3.151015946733345 3.029529805269032e-19)
(231.2951856042158 -21.12055503030698 -2.019456354519719e-19)
(307.9140898023842 -33.72165120018996 -4.972827720095987e-16)
(240.3315111150175 -33.4886404210554 2.869155140933522e-15)
(0 0 0)
(0 0 0)
(0 0 0)
(0 0 0)
(0 0 0)
(0 0 0)
(0 0 0)
(0 0 0)
(0 0 0)
(0 0 0)
(0 0 0)
(0 0 0)
(0 0 0)
(0 0 0)
(0 0 0)
(0 0 0)
(0 0 0)
(0 0 0)
(0 0 0)
(0 0 0)
(0 0 0)
(0 0 0)
(0 0 0)
(17.58400180080574 21.9582102998506 -2.46555424092219e-16)
(50.15956354241247 20.0007199365147 -1.005965156414846e-15)
(77.88267610743358 15.30692504665449 2.28730532569417e-13)
(99.16299898887767 7.753006438570643 -2.029444345255669e-16)
(109.8272402430958 -0.2346189703407787 2.155505122649315e-13)
(105.6037783110371 -4.456147457747921 4.180181733936512e-13)
(84.16356913020937 -2.786961843831822 4.238541956057431e-13)
(47.95492599593519 0.8701225811833699 5.03361456333967e-15)
(11.53959826053472 2.984411722317521 3.856419587274652e-13)
(0 0 0)
(0 0 0)
(0 0 0)
(0 0 0)
(0 0 0)
(0 0 0)
(3.810145796410019 -1.978242310239979 1.365566344838202e-15)
(27.19289501632011 4.187866971363309 -2.838863782556241e-16)
(49.33142855102953 13.7480026213553 4.235128639010528e-13)
(57.8701264808515 21.57486339384715 2.019480816661824e-17)
(51.59121005303339 22.48173749248413 1.085031500244233e-16)
(33.4932011753483 16.99030085913806 5.977378100145284e-17)
(8.084906001338187 8.324214119676418 4.236687477360447e-13)
(-20.7630033638416 -0.3486308724221642 1.273234118204376e-16)
(-50.50642010157831 -7.100371538654991 4.346410453500319e-13)
(-79.70065591297772 -11.06441193177044 7.990319901173004e-17)
(-107.576943794495 -11.86250948112024 -3.371993645634256e-17)
(-133.7332211385908 -9.230899150859191 -3.332057889705041e-18)
(-157.9295507549865 -2.938930613689938 -5.653081002881808e-18)
(-179.886404657562 7.1253837635978 -3.250376418513258e-17)
(-199.0171377213178 20.81151001126914 -4.241292548935911e-18)
(-214.0908138523649 37.51025321297062 -4.039819960982074e-19)
(-222.8756690964528 55.84553797250013 -1.429504273835604e-23)
(-221.8595354941386 73.24852196890532 -4.039048844237191e-19)
(-206.2245868490567 85.62714405208301 -1.211739384375304e-18)
(-170.4082859526311 87.66440600067821 -3.635165475453037e-18)
(-109.6999244275253 74.38183014140837 -3.432536252761989e-18)
(-22.98917499462586 43.95453444745735 -1.313472439173749e-14)
(84.42813441405156 0.4010024136102329 8.68363019617798e-18)
(199.5003069379338 -45.32062588191907 -1.514608373783267e-19)
(300.2480021131645 -58.43764002527953 -2.248255140664059e-15)
(262.8776153219799 -51.29896724508497 1.32816941909679e-14)
(0 0 0)
(0 0 0)
(0 0 0)
(0 0 0)
(0 0 0)
(0 0 0)
(0 0 0)
(0 0 0)
(0 0 0)
(0 0 0)
(0 0 0)
(0 0 0)
(0 0 0)
(0 0 0)
(0 0 0)
(0 0 0)
(0 0 0)
(0 0 0)
(0 0 0)
(0 0 0)
(0 0 0)
(0 0 0)
(0 0 0)
(16.53226041043553 38.58061835720554 -4.046042932813452e-13)
(46.30359224877021 37.5929805136679 -2.141167641696216e-13)
(70.10483723527157 32.33740673871462 -9.934432711571483e-16)
(88.50018546933049 20.2518256343587 -1.421000917968215e-17)
(100.6897936858454 3.923851984531782 -2.277317715150733e-13)
(102.7976730570663 -9.246308106910849 -4.222593650970024e-13)
(87.72564080085078 -12.02962889500782 -2.315793548196316e-13)
(51.7161350357405 -6.581905924996351 -2.672200612221541e-15)
(10.95134324645541 1.373022297114137 1.807921413829167e-14)
(0 0 0)
(0 0 0)
(0 0 0)
(0 0 0)
(0 0 0)
(0 0 0)
(6.572097293225516 0.0378710414868354 7.394518976193976e-15)
(37.46850896466079 13.76630665657553 -9.443289042518592e-16)
(60.71745954233037 28.07394776949208 -7.489435606950589e-17)
(62.60676482582856 35.64421532546249 1.68061266522642e-16)
(47.72350864408473 31.9057044562952 1.382227401397685e-15)
(23.91835428388124 20.81902940899269 -1.5862525961906e-16)
(-3.068733807595132 7.526358973676043 1.040172960610317e-17)
(-30.4724825170806 -4.533667040360736 -5.341497859697762e-17)
(-57.18874169268356 -13.63232281452941 8.331150353917979e-17)
(-82.62335582739472 -18.87512071406487 9.312314074728773e-17)
(-106.3048700927547 -19.59884075815303 -4.234895136461069e-13)
(-127.9171194652813 -15.22288667491743 1.060237726862878e-17)
(-147.3482396556756 -5.351183696405284 1.581236272362726e-16)
(-164.5893567351474 10.08418312607573 -4.374298487318386e-16)
(-179.5105467907641 30.71313207836724 -6.098736730010208e-17)
(-191.6150734996322 55.59386956726561 -4.847044546863501e-18)
(-199.834064397155 82.94082355213598 -6.906100335423007e-23)
(-202.3096344886613 109.6487329518094 -4.039096800290203e-19)
(-196.0166050033196 130.7258728668824 -4.442919525768143e-18)
(-176.2015081656296 139.1171820876218 -2.443600330615e-17)
(-136.20950820005 126.9362539797054 -7.896108594335418e-17)
(-68.97545046228603 89.32254262741417 2.645927840864629e-14)
(29.47473724836514 30.72524131417785 -3.080447800408127e-18)
(156.775475093182 -30.08513648250293 -4.147362808269688e-18)
(301.4443117265852 -29.9957610423954 -5.706541913706307e-15)
(302.0211846671637 -39.90871990953058 3.240979088262676e-14)
(0 0 0)
(0 0 0)
(0 0 0)
(0 0 0)
(0 0 0)
(0 0 0)
(0 0 0)
(0 0 0)
(0 0 0)
(0 0 0)
(0 0 0)
(0 0 0)
(0 0 0)
(0 0 0)
(0 0 0)
(0 0 0)
(0 0 0)
(0 0 0)
(0 0 0)
(0 0 0)
(0 0 0)
(0 0 0)
(0 0 0)
(16.5962760880197 60.54741274132706 -1.666551600083922e-16)
(43.91632846331581 62.29076405081995 -5.020898533379731e-17)
(60.54152122975866 58.0104185057744 -8.039325512704297e-17)
(70.74944423587324 42.59710282744935 -2.610230850235298e-17)
(80.32910650269821 17.18648340999771 1.29488319125164e-16)
(89.65029743566021 -11.17582570230901 2.875134534799387e-16)
(88.45626603088395 -29.15185598976525 4.648951865237097e-16)
(61.10942367242052 -27.2076432097471 -9.280312991597303e-15)
(15.22399738569366 -3.925095881348209 4.051301328274271e-14)
(0 0 0)
(0 0 0)
(0 0 0)
(0 0 0)
(0 0 0)
(0 0 0)
(14.98803734235402 5.003971476523692 4.158542496457794e-13)
(55.08024617323122 33.63298683708735 -4.238581562676297e-13)
(72.78042733355412 47.34810919015082 -1.319381394870127e-15)
(61.70188316401298 45.06810765109235 -4.222921764634021e-13)
(36.7660241340526 31.14431156261728 -4.464756400390097e-13)
(9.113855693289615 14.33592908256955 -4.247748959284497e-13)
(-17.26779044679564 -0.9639841952133968 -2.247795787646795e-16)
(-41.92168515104933 -13.5235889005328 1.918129458515588e-18)
(-64.8478737757375 -22.82972615411055 1.301559928585152e-16)
(-85.66717385714279 -28.00830714775142 4.24169624435806e-13)
(-103.9247097562147 -27.89839655573972 9.608291919586962e-17)
(-119.4855640777042 -21.51009870007323 -4.23314368848106e-13)
(-132.622480954598 -8.378898651284231 -4.171034963615841e-13)
(-143.8220888834265 11.33431355451387 -4.054079840343688e-13)
(-153.5074512813434 36.91430207504356 -4.354048207658527e-16)
(-161.8631223798836 67.15621313820394 -3.008231499189244e-17)
(-168.8208057119642 100.2793374113445 -1.413804933203717e-18)
(-174.0744861773445 133.6192699292975 -1.615584970431901e-18)
(-176.7561377098648 163.0685441291355 -1.252086310485832e-17)
(-174.1979048500374 182.3282429434456 -7.974387020726806e-17)
(-159.4945639006489 182.5757301158109 5.815179957673967e-14)
(-119.2001876461376 154.5759817328347 5.289837975898987e-14)
(-34.97954467149448 96.33446923817084 -3.527503774198444e-18)
(106.5278566670441 25.05723458474053 -4.593974320118828e-17)
(296.1523687727827 33.20849807311932 5.018533637328331e-14)
(328.8081761080111 -36.85501385266281 -1.551864577315066e-13)
(0 0 0)
(0 0 0)
(0 0 0)
(0 0 0)
(0 0 0)
(0 0 0)
(0 0 0)
(0 0 0)
(0 0 0)
(0 0 0)
(0 0 0)
(0 0 0)
(0 0 0)
(0 0 0)
(0 0 0)
(0 0 0)
(0 0 0)
(0 0 0)
(0 0 0)
(0 0 0)
(0 0 0)
(0 0 0)
(0 0 0)
(18.27553403410601 94.36934495534173 -4.03659110790623e-13)
(43.76660124337585 95.79068407176263 -2.270629726074738e-13)
(50.41117601452027 89.17371676224754 9.153554614229228e-17)
(47.67625037377848 72.99454484672965 1.616835324960729e-17)
(46.91686515543937 44.88260489056154 2.093062584541361e-18)
(56.4593336614559 2.047069452989302 6.76437434594766e-17)
(74.25703431174847 -44.71897182759103 3.238655618991383e-16)
(75.75815949621385 -66.40036468552519 -4.198212942824884e-13)
(32.43611978504725 -24.48371940562058 4.102464526427909e-13)
(0 0 0)
(0 0 0)
(0 0 0)
(0 0 0)
(0 0 0)
(0 0 0)
(35.24537967650836 21.3464750251256 3.890120766349379e-13)
(78.63742400997126 66.17822000787196 -1.860557468619903e-15)
(74.61227240191737 61.80065437519459 4.463070347976706e-13)
(46.40296719379153 37.75166669631317 -1.214891635670335e-15)
(16.99133007504524 12.99364655430565 1.294375260620424e-15)
(-8.189941473201129 -5.061675735362223 -1.12593672895695e-16)
(-30.92825179060511 -17.86097177049475 -4.23247378399349e-13)
(-52.33822447589011 -27.80462471440889 7.562912248815058e-17)
(-71.67345994002766 -35.26341695532961 3.433140278129531e-17)
(-87.69202622992154 -38.87588966365072 7.567978773114819e-17)
(-99.80666164610106 -36.81618122985452 4.231592271331511e-13)
(-108.3976215621989 -27.8416690784656 -2.547954825770074e-16)
(-114.5038274017087 -11.70347488170789 8.441284315556595e-17)
(-119.2961560090285 10.99946350723165 -4.486205649866391e-16)
(-123.6886472082072 39.18089152429083 -6.290739159892507e-17)
(-128.2500381652904 71.5384030829008 -4.341917153997533e-18)
(-133.3710076083009 106.6279177722758 5.048887565492892e-19)
(-139.5204277732333 142.7816667066211 4.039234483618889e-19)
(-147.3076319908396 177.8840276181337 -2.928294182629e-18)
(-156.6943221830202 208.7512990090137 -1.504571200710557e-17)
(-163.9617694364414 229.5323764597927 -1.007106852010281e-17)
(-155.2167113471579 229.312049332325 -1.055271494005566e-13)
(-100.0440098650494 193.152397138444 6.917985726704752e-17)
(39.06519694819812 116.2266230839765 5.409378166988391e-18)
(263.93739275923 109.3941081240645 -5.039701893977103e-15)
(327.959353366585 -46.72860737895543 3.777571737705995e-14)
(0 0 0)
(0 0 0)
(0 0 0)
(0 0 0)
(0 0 0)
(0 0 0)
(0 0 0)
(0 0 0)
(0 0 0)
(0 0 0)
(0 0 0)
(0 0 0)
(0 0 0)
(0 0 0)
(0 0 0)
(0 0 0)
(0 0 0)
(0 0 0)
(0 0 0)
(0 0 0)
(0 0 0)
(0 0 0)
(0 0 0)
(18.01754589301588 154.9951998710907 -2.195732462083795e-13)
(38.7207224553316 137.3015182956645 -4.233792331622893e-13)
(37.74538200778214 116.4234724503138 2.269797177356724e-13)
(26.4583323645231 103.7331238369719 -2.526767623783942e-16)
(9.381631108895995 86.04311393938099 -7.243413707748838e-18)
(0.04872071512177675 43.98250849939792 6.464114730075368e-18)
(23.09930888382219 -29.19678416683377 3.697971330025563e-17)
(77.17389197292857 -103.4473172023663 9.331169600307513e-15)
(73.5047704273989 -66.98427667297452 1.660724179644717e-13)
(0 0 0)
(0 0 0)
(0 0 0)
(0 0 0)
(0 0 0)
(0 0 0)
(74.32244475877272 54.13183591258313 -4.421310937578796e-14)
(91.50108362607395 92.26418423247704 5.43574414723655e-15)
(47.32679009520663 44.7060704833205 4.238089759728805e-13)
(12.8948753352435 -0.3724835490189075 1.91810383878961e-17)
(-6.047318298960623 -25.378570726959 1.189281674547293e-16)
(-21.74076263256972 -36.8094948675221 2.96559800911774e-16)
(-40.01073942714981 -43.15533278704457 4.249638335280068e-13)
(-59.32413033511138 -48.22161773874377 2.962051735133324e-16)
(-75.91913872599291 -51.79265118610346 4.235288948515888e-13)
(-87.21993813318716 -51.72553446306953 -5.139577491894789e-17)
(-92.89048917405832 -45.89487384704135 -4.64078797747773e-16)
(-94.37285773175307 -33.36129390236253 4.228461067818517e-13)
(-93.7813483697047 -14.47899751721043 -2.009624423169644e-16)
(-92.93772247756168 9.659242720663146 -6.725519124736756e-17)
(-92.96851170688541 37.81521051363183 -8.866775258395976e-18)
(-94.41609613403013 68.92154814136811 3.98909326158829e-18)
(-97.57754209112301 102.1502812748826 3.887884277760699e-18)
(-102.8183763344521 136.9022965827051 5.402696970387406e-18)
(-110.7865054129657 172.8799969372566 3.686232674432137e-18)
(-122.5495560273836 210.2112358485728 2.624637286015621e-17)
(-138.9338136084799 248.7619099991544 3.250279130027277e-16)
(-155.5801669779172 283.8986560194386 -1.142969778132581e-13)
(-148.0649708357542 295.9503383285821 3.391656954614332e-16)
(-56.52417377639977 243.6353323636964 3.277811910691668e-17)
(176.0558126519227 207.1912723820392 -2.048356410669197e-15)
(298.4245145107615 -86.06101443862383 9.555391076594215e-15)
(0 0 0)
(0 0 0)
(0 0 0)
(0 0 0)
(0 0 0)
(0 0 0)
(0 0 0)
(0 0 0)
(0 0 0)
(0 0 0)
(0 0 0)
(0 0 0)
(0 0 0)
(0 0 0)
(0 0 0)
(0 0 0)
(0 0 0)
(0 0 0)
(0 0 0)
(0 0 0)
(0 0 0)
(0 0 0)
(0 0 0)
(0.581794373779475 265.2524236632053 -4.23774210660439e-13)
(5.194907691346248 176.814687413672 -4.232483016007146e-13)
(16.84278155835881 130.5860232248635 2.336183367999826e-13)
(17.29589186334659 127.373786575468 -3.733466334852981e-17)
(-12.83375018177029 126.0831683249922 -1.476745312635619e-17)
(-58.78056443141866 106.652189503276 -1.549963327363413e-17)
(-71.01810962717039 53.31859607787425 -2.849481350099163e-17)
(23.96167464492972 -51.25614156536942 8.535065638698163e-15)
(120.540808202809 -78.43962416012266 1.658382987310065e-13)
(0 0 0)
(0 0 0)
(0 0 0)
(0 0 0)
(0 0 0)
(0 0 0)
(115.8043686154879 65.55686402742737 -4.083750509663773e-14)
(56.86104823720048 41.42333640115868 6.335907647337283e-15)
(-15.86609171394191 -35.12170825722689 4.400855702284271e-13)
(-23.68167401748687 -68.21941042382493 4.572225969736148e-16)
(-19.44568124259514 -77.3497642500667 -5.690512692179836e-18)
(-25.96670353394308 -78.72808538546528 9.01187564668492e-17)
(-42.34037465937867 -78.22181478266526 4.238373232920789e-13)
(-60.97554286819013 -76.80640110576859 6.194759272162323e-17)
(-75.17737666253649 -73.35384803111532 4.234669459071831e-13)
(-81.79424889389929 -65.99899360385477 4.232928116643935e-13)
(-81.44242109113824 -53.5898508326127 4.207234328820252e-13)
(-76.98174523373405 -36.3530969161173 -4.283315549985317e-16)
(-71.48329077640625 -15.40417375967612 -1.054170196074624e-16)
(-67.00194797894672 8.058053089871203 5.048579429100001e-19)
(-64.42634179140127 33.20409716063167 6.866144742035467e-18)
(-63.91496740785835 59.6548856199077 4.442795844076554e-17)
(-65.39025917137963 87.40865950375922 2.746456052029792e-17)
(-68.79071211541689 116.7772246570836 3.49364453443439e-17)
(-73.99869272950328 148.4114042364797 1.191466066580299e-17)
(-80.81240912928388 183.6059592740897 1.312447010000205e-17)
(-90.27434932495403 225.2928252912652 4.262019422544385e-17)
(-108.0282831298288 278.7120964931659 -2.115826879139495e-13)
(-140.3073334916955 343.2810186881782 5.555546092899024e-17)
(-154.343890530304 377.7750004680364 3.133840373353185e-18)
(-11.77555018781379 389.9131497713286 -2.781973633236457e-15)
(213.3919855688603 -115.8250678920806 1.526017064670521e-14)
(0 0 0)
(0 0 0)
(0 0 0)
(0 0 0)
(0 0 0)
(0 0 0)
(0 0 0)
(0 0 0)
(0 0 0)
(0 0 0)
(0 0 0)
(0 0 0)
(0 0 0)
(0 0 0)
(0 0 0)
(0 0 0)
(0 0 0)
(0 0 0)
(0 0 0)
(0 0 0)
(0 0 0)
(0 0 0)
(0 0 0)
(-257.3698988627073 383.3386889768307 -2.211361641260732e-15)
(-270.5163000847014 192.0974418198286 -5.420592669619375e-15)
(-183.993122891797 142.4630794919237 3.370299289535644e-16)
(-147.1279377074182 142.2382275978228 1.005221388395027e-14)
(-177.6183220973869 138.1232205752552 4.232133140980852e-13)
(-236.8848298692807 142.0064850440617 -9.106835695569366e-15)
(-298.3904511779099 171.8421712534508 -1.096461551929953e-14)
(-252.1936169403743 204.7648589437858 -3.133116813407058e-15)
(157.2940192376169 88.00643381643548 3.838100585583898e-13)
(0 0 0)
(0 0 0)
(0 0 0)
(0 0 0)
(0 0 0)
(0 0 0)
(143.8057311364329 -57.76451597703334 -1.410123796637329e-14)
(-160.2354250749497 -171.4660021356306 3.62054003773721e-15)
(-186.1992890615054 -151.39020727467 4.311384942869595e-13)
(-157.388116996503 -134.4344024068157 -5.998153549817159e-16)
(-151.6606617527036 -130.255051642657 -6.015371112484287e-15)
(-165.7152441074717 -128.7541309088312 -1.97093540532559e-15)
(-189.342252812119 -123.9765823587504 4.346426767779729e-13)
(-213.132447649268 -113.7481003184131 1.289439727076673e-14)
(-229.6414281797028 -98.22814689287482 4.366382326531199e-13)
(-235.8665104108632 -78.46274817639092 2.340305877222507e-16)
(-233.7955061287689 -56.42932959997087 -7.939161371572372e-15)
(-227.6842649090023 -34.2224313819401 -1.039978112797586e-14)
(-221.1181043413816 -13.10566515803393 -9.973605157857814e-15)
(-215.9663623525786 6.652064625223672 -7.610683982228622e-15)
(-212.7288260015463 25.4199423866165 -6.594923478405642e-15)
(-211.2156574756303 43.8641932920413 -6.602168898750085e-15)
(-211.0678582746092 62.76750862714167 -7.793041951221111e-15)
(-211.999510401249 83.00005740979806 -8.033114368061421e-15)
(-213.6627000610903 105.4837779213012 -7.983650509836665e-15)
(-214.8353651801064 130.966959348426 -7.52604517546001e-15)
(-212.4355393186319 160.1462240788666 -9.463215952047862e-15)
(-205.9037494692843 197.1362807875235 -2.342831063461365e-13)
(-218.0422882833205 259.2114691110885 -1.506024986790907e-14)
(-310.6446435983736 374.4881105748026 -1.171782789666876e-14)
(-437.477640317081 635.2921837817579 -2.116463160161592e-14)
(64.67002604192457 91.26060895853624 4.000591818660853e-14)
(0 0 0)
(0 0 0)
(0 0 0)
(0 0 0)
(0 0 0)
(0 0 0)
(-317.8026542955506 427.3386166958807 -4.211376569663829e-14)
(-52.49964289464927 177.4334860702961 1.326442193555868e-14)
(147.6693329959527 114.2390584035056 -1.073148443034696e-13)
(120.8014008851118 59.70379037506797 -1.288961458681644e-13)
(80.86868298628967 27.43189340742134 -1.143869046369328e-14)
(79.14912636776779 -9.273881698904052 5.638334045798384e-15)
(113.788632525416 -46.79387815936298 1.014507849951524e-15)
(136.0782256852761 -111.5889131893452 4.007715260123442e-16)
(-53.45003818530027 -185.4583150367074 -5.188430303326496e-16)
(-321.5028834916509 -441.3197957121509 2.014517267693788e-14)
(0 0 0)
(0 0 0)
(0 0 0)
(0 0 0)
(0 0 0)
(0 0 0)
(0 0 0)
(-365.3196247556575 215.858972546342 -7.287719489030825e-13)
(-207.0536638584149 138.9878772322732 -3.860915848848772e-13)
(45.83339604164436 146.0131710287355 -2.439481849847744e-14)
(99.55348961142361 109.4350842485545 -2.817301957730756e-14)
(77.90665121325294 86.38841236867762 -4.008299708809653e-13)
(67.91689357283624 94.59374685681834 -3.737706783470561e-13)
(87.09933154610373 140.298670556377 7.52001085480149e-14)
(45.53822616130149 208.7524809735996 -3.904432248322989e-13)
(-143.1604494678429 181.631817661405 1.437745629906798e-14)
(0 0 0)
(0 0 0)
(0 0 0)
(0 0 0)
(0 0 0)
(0 0 0)
(-109.5362010170324 -159.273456514679 -4.696685927620945e-13)
(50.37288616650115 -161.2861213403042 5.455338077863467e-15)
(83.32373018230297 -137.3416401090485 -1.657019581146997e-16)
(65.17142183652049 -122.2445110176286 -3.993922156317174e-13)
(59.42740457417815 -122.3314697217009 -3.899755369653335e-13)
(59.98559036675832 -123.7906822057469 -2.339573947840148e-13)
(59.27821588174029 -119.1358563892827 -5.971461109693321e-14)
(57.54181518412729 -105.4289801749392 -8.281671867409951e-14)
(57.00639508391752 -84.78567966501869 -4.705157948789398e-14)
(58.57483568972386 -61.14361305402987 -4.199688720150243e-13)
(61.22740153309437 -38.92489714297979 2.082375352206434e-14)
(63.93414643211567 -20.63779326500038 3.186547632468519e-13)
(66.15454677804973 -6.552474813168455 -3.051454461803242e-13)
(67.66839502452099 4.280480822629252 -3.851661556396473e-13)
(68.51045013581296 13.08687422870393 6.238879045161277e-14)
(68.86782190503507 20.97021191421104 -1.852357580345212e-13)
(68.94428452080496 28.78169941607507 3.839315686021422e-14)
(68.86211863155376 37.17480959750777 -3.674912957373247e-13)
(68.55235556351225 46.67811892513988 5.351717445770201e-14)
(67.96405086846093 57.61640547947598 -3.468468329794354e-13)
(69.15995317929888 69.55588091744688 -3.669218732710052e-13)
(81.66422381707216 80.52785843750459 8.065595126397222e-14)
(119.0679795054059 88.61990868425983 -1.142734640121811e-13)
(140.7260229813194 121.3044805127235 -3.310675278759877e-13)
(-49.7461511412791 165.4504591747382 -1.53792305439055e-13)
(-297.7102341904268 405.6501711341016 -2.160132852478682e-13)
(0 0 0)
(0 0 0)
(0 0 0)
(0 0 0)
(0 0 0)
(0 0 0)
(57.7012592016671 105.3617911337656 -1.907670050529291e-13)
(-490.9837144058775 645.9159362886587 -2.201126933943674e-13)
(-371.5856626076179 343.1067515795282 3.374560206677259e-15)
(-283.9872146222216 181.4414448318842 -1.345825836519014e-15)
(-275.6122268429893 64.61513919413484 -2.047142260158677e-13)
(-281.8130395568111 -39.42423326152858 -1.066522956506118e-13)
(-303.3080363630609 -162.3715457312604 -1.060817958960728e-13)
(-400.055591949989 -332.1338251809287 -5.469178834125878e-14)
(-504.755217321414 -628.0242755708293 -7.475764936305732e-15)
(81.02331440811301 -97.09485643702374 2.997421403595387e-14)
(0 0 0)
(0 0 0)
(0 0 0)
(0 0 0)
(0 0 0)
(0 0 0)
(0 0 0)
(0 0 0)
(0 0 0)
(0 0 0)
(0 0 0)
(0 0 0)
(0 0 0)
(0 0 0)
(0 0 0)
(0 0 0)
(0 0 0)
(0 0 0)
(0 0 0)
(0 0 0)
(0 0 0)
(0 0 0)
(0 0 0)
(0 0 0)
(0 0 0)
(0 0 0)
(0 0 0)
(0 0 0)
(0 0 0)
(0 0 0)
(0 0 0)
(0 0 0)
(0 0 0)
(0 0 0)
(0 0 0)
(0 0 0)
(0 0 0)
(0 0 0)
(0 0 0)
(0 0 0)
(0 0 0)
(0 0 0)
(0 0 0)
(0 0 0)
(0 0 0)
(0 0 0)
(0 0 0)
(0 0 0)
(0 0 0)
(0 0 0)
(0 0 0)
(0 0 0)
(0 0 0)
(0 0 0)
(190.9866365790192 -125.0800580667865 5.506351794949535e-14)
(-68.41735501735057 374.3614196316942 -8.525425648135093e-15)
(-239.3714334952464 321.9942281802893 9.715755001038881e-18)
(-249.4822048972068 230.5167183354738 -1.474197644663623e-16)
(-239.9663947900588 88.28529517612137 -2.605804750739948e-17)
(-247.706957881924 -60.056133694885 7.876876657723878e-17)
(-270.7012940948696 -202.6833275161856 -3.918120170228357e-17)
(-264.8001228198731 -292.0092333902696 -1.556885819882471e-16)
(-77.24167652284515 -325.0213997626546 -1.03671612987121e-15)
(202.8920793763666 133.8833265515764 1.389639736750113e-14)
(0 0 0)
(0 0 0)
(0 0 0)
(0 0 0)
(0 0 0)
(0 0 0)
(0 0 0)
(0 0 0)
(0 0 0)
(0 0 0)
(0 0 0)
(0 0 0)
(0 0 0)
(0 0 0)
(0 0 0)
(0 0 0)
(0 0 0)
(0 0 0)
(0 0 0)
(0 0 0)
(0 0 0)
(0 0 0)
(0 0 0)
(0 0 0)
(0 0 0)
(0 0 0)
(0 0 0)
(0 0 0)
(0 0 0)
(0 0 0)
(0 0 0)
(0 0 0)
(0 0 0)
(0 0 0)
(0 0 0)
(0 0 0)
(0 0 0)
(0 0 0)
(0 0 0)
(0 0 0)
(0 0 0)
(0 0 0)
(0 0 0)
(0 0 0)
(0 0 0)
(0 0 0)
(0 0 0)
(0 0 0)
(0 0 0)
(0 0 0)
(0 0 0)
(0 0 0)
(0 0 0)
(0 0 0)
(259.2758864051293 -95.28753355769776 -1.479147097666626e-13)
(92.12423736342052 191.3716648066806 -1.811481223417443e-14)
(-189.2544591824124 181.589508283516 -1.825566297034192e-16)
(-330.3993339550368 170.4052753477587 -2.130653413467008e-13)
(-379.5257589137685 75.73094083354052 -1.170089518438614e-13)
(-385.7976156163776 -43.62230124021455 -1.050285349897099e-13)
(-347.0113603816622 -134.2848757154796 -1.331498480425318e-14)
(-209.8396360346924 -139.2105759031368 2.905310279000147e-14)
(75.53400582078802 -132.4804465438751 1.003650359050935e-13)
(250.8227189035817 103.4512127659537 2.609657392035498e-14)
(0 0 0)
(0 0 0)
(0 0 0)
(0 0 0)
(0 0 0)
(0 0 0)
(0 0 0)
(0 0 0)
(0 0 0)
(0 0 0)
(0 0 0)
(0 0 0)
(0 0 0)
(0 0 0)
(0 0 0)
(0 0 0)
(0 0 0)
(0 0 0)
(0 0 0)
(0 0 0)
(0 0 0)
(0 0 0)
(0 0 0)
(0 0 0)
(0 0 0)
(0 0 0)
(0 0 0)
(0 0 0)
(0 0 0)
(0 0 0)
(0 0 0)
(0 0 0)
(0 0 0)
(0 0 0)
(0 0 0)
(0 0 0)
(0 0 0)
(0 0 0)
(0 0 0)
(0 0 0)
(0 0 0)
(0 0 0)
(0 0 0)
(0 0 0)
(0 0 0)
(0 0 0)
(0 0 0)
(0 0 0)
(0 0 0)
(0 0 0)
(0 0 0)
(0 0 0)
(0 0 0)
(0 0 0)
(276.8776087774496 -46.88108292570314 7.447722004132776e-14)
(150.6470867536619 111.2550093167173 -4.19396350919062e-13)
(-147.1027676164764 63.70008556270477 -2.254280129923838e-16)
(-355.3407725163926 74.6334350333905 -1.439026268362229e-16)
(-453.9939714101611 41.56721457932296 6.659738839559258e-18)
(-457.7227743595634 -8.671713957270264 9.147804830075607e-17)
(-366.2895689702668 -37.55269539213205 -1.94001008959859e-17)
(-165.6010664406415 -22.15635020341545 -2.944134119575971e-17)
(122.0588085111298 -58.62451124858987 -3.248202506592653e-15)
(248.2959433701864 53.39551029965857 3.692184255446298e-16)
(0 0 0)
(0 0 0)
(0 0 0)
(0 0 0)
(0 0 0)
(0 0 0)
(0 0 0)
(0 0 0)
(0 0 0)
(0 0 0)
(0 0 0)
(0 0 0)
(0 0 0)
(0 0 0)
(0 0 0)
(0 0 0)
(0 0 0)
(0 0 0)
(0 0 0)
(0 0 0)
(0 0 0)
(0 0 0)
(0 0 0)
(0 0 0)
(0 0 0)
(0 0 0)
(0 0 0)
(0 0 0)
(0 0 0)
(0 0 0)
(0 0 0)
(0 0 0)
(0 0 0)
(0 0 0)
(0 0 0)
(0 0 0)
(0 0 0)
(0 0 0)
(0 0 0)
(0 0 0)
(0 0 0)
(0 0 0)
(0 0 0)
(0 0 0)
(0 0 0)
(0 0 0)
(0 0 0)
(0 0 0)
(0 0 0)
(0 0 0)
(0 0 0)
(0 0 0)
(0 0 0)
(0 0 0)
(275.9939438035539 -19.84346564051374 2.382771019111395e-14)
(153.3352272966533 54.0736461584199 -3.716968012368651e-15)
(-136.7879954887528 -19.70621699364457 8.312753437957606e-13)
(-352.5322052168287 -9.633670496978606 1.678262914065114e-16)
(-462.8309079267361 6.061466521577046 -2.11705316462097e-13)
(-464.9175256089504 21.93996907271827 1.374509838889554e-17)
(-360.4959967674272 39.26189405460228 -6.284630016058441e-15)
(-156.3026125816635 50.15813556035575 5.291249948266356e-14)
(113.592989728124 -16.1966894236481 4.827782305831503e-14)
(232.2393772635096 25.246375433235 5.276024163836868e-15)
(0 0 0)
(0 0 0)
(0 0 0)
(0 0 0)
(0 0 0)
(0 0 0)
(0 0 0)
(0 0 0)
(0 0 0)
(0 0 0)
(0 0 0)
(0 0 0)
(0 0 0)
(0 0 0)
(0 0 0)
(0 0 0)
(0 0 0)
(0 0 0)
(0 0 0)
(0 0 0)
(0 0 0)
(0 0 0)
(0 0 0)
(0 0 0)
(0 0 0)
(0 0 0)
(0 0 0)
(0 0 0)
(0 0 0)
(0 0 0)
(0 0 0)
(0 0 0)
(0 0 0)
(0 0 0)
(0 0 0)
(0 0 0)
(0 0 0)
(0 0 0)
(0 0 0)
(0 0 0)
(0 0 0)
(0 0 0)
(0 0 0)
(0 0 0)
(0 0 0)
(0 0 0)
(0 0 0)
(0 0 0)
(0 0 0)
(0 0 0)
(0 0 0)
(0 0 0)
(0 0 0)
(0 0 0)
(264.3528872281119 -11.25113016428076 -5.702173204060738e-15)
(118.5963453018046 -21.20072224736103 2.187333885495479e-13)
(-145.9979445091466 -95.33979740394587 -2.023718186018735e-13)
(-329.5730890609187 -75.32265163585186 -4.925319291001431e-15)
(-422.4203318571464 -22.20364876440783 1.929469836490612e-17)
(-424.522346752121 40.87388507199164 9.146061231431077e-18)
(-338.0714024879152 92.36844541204401 -1.467627459602e-13)
(-167.8320510947098 109.4566350879343 -1.593288913028746e-13)
(72.88569681736953 40.3638692562625 -1.111418930278703e-13)
(211.3171444410306 15.37238819206817 -3.245680136066305e-14)
(0 0 0)
(0 0 0)
(0 0 0)
(0 0 0)
(0 0 0)
(0 0 0)
(0 0 0)
(0 0 0)
(0 0 0)
(0 0 0)
(0 0 0)
(0 0 0)
(0 0 0)
(0 0 0)
(0 0 0)
(0 0 0)
(0 0 0)
(0 0 0)
(0 0 0)
(0 0 0)
(0 0 0)
(0 0 0)
(0 0 0)
(0 0 0)
(0 0 0)
(0 0 0)
(0 0 0)
(0 0 0)
(0 0 0)
(0 0 0)
(0 0 0)
(0 0 0)
(0 0 0)
(0 0 0)
(0 0 0)
(0 0 0)
(0 0 0)
(0 0 0)
(0 0 0)
(0 0 0)
(0 0 0)
(0 0 0)
(0 0 0)
(0 0 0)
(0 0 0)
(0 0 0)
(0 0 0)
(0 0 0)
(0 0 0)
(0 0 0)
(0 0 0)
(0 0 0)
(0 0 0)
(0 0 0)
(182.4188802025482 -110.7054297039619 -1.542987816279334e-14)
(50.94765911421419 -141.16656852459 -2.03076403224118e-13)
(-147.8323371724405 -173.0988741748104 1.050696524811534e-15)
(-279.3960568052404 -123.537479058236 -2.10903032936741e-13)
(-346.6343712303365 -41.33831053414963 1.456048788397047e-16)
(-350.3454314531802 49.92491103224381 -6.822047152329397e-17)
(-291.9132468797796 128.0175240747678 -1.573762030575144e-13)
(-173.4207723034112 171.0460408083955 -1.858333312517005e-13)
(5.716210508133841 139.2116063390259 -1.535518187442226e-13)
(133.0117941096462 100.8652707961969 -3.126356512474335e-14)
(0 0 0)
(0 0 0)
(0 0 0)
(0 0 0)
(0 0 0)
(0 0 0)
(0 0 0)
(-366.4147669000515 -210.7996129393882 2.0597755724136e-14)
(-208.2596666919282 -139.9002105529148 6.93010687309856e-15)
(46.0022177420707 -148.0441766859581 -3.794976400825073e-14)
(102.0990041006253 -111.6540015991809 3.859207732833569e-13)
(85.02250829629898 -86.38802952528783 -1.446745122696e-14)
(80.93795913113823 -89.887399447928 -1.827049009494165e-14)
(96.74764373082182 -135.4448789310518 -1.682680363679213e-14)
(21.90050119557699 -204.1034896868297 -3.109990566289905e-14)
(-199.8561449695104 -271.5151218494178 5.40907531339446e-13)
(0 0 0)
(0 0 0)
(0 0 0)
(0 0 0)
(0 0 0)
(0 0 0)
(0 0 0)
(0 0 0)
(0 0 0)
(0 0 0)
(0 0 0)
(0 0 0)
(0 0 0)
(0 0 0)
(-210.3336544657507 283.2317760838989 6.243720677111529e-13)
(22.31680173491061 199.2921558496155 6.151864004627477e-14)
(102.648701179361 125.2307232049747 -8.951996601240002e-16)
(80.92934709790154 68.29075896414993 -8.168903999263806e-14)
(68.45154109228687 42.43903406634075 -7.142950169121068e-14)
(68.2999389497683 28.66917302198036 -2.933615336131017e-14)
(69.48408845937465 20.44917284694091 2.010361308600465e-15)
(69.67144306602108 14.6676623437124 6.226560966039336e-15)
(69.52126012944608 9.955961813818005 8.457151409169058e-15)
(69.30115875204299 5.486125199163038 8.642314438655983e-15)
(68.77081773147404 0.3060191259013522 8.039869899808634e-15)
(67.50721572985616 -7.030703651484616 7.024153995975387e-15)
(65.0075047341908 -18.68781594036053 2.344911764208765e-14)
(60.79560978142463 -37.61857125028474 -4.001465252836956e-13)
(54.70434029726041 -67.20226465468795 -7.55256654676086e-15)
(47.10541219110715 -110.1271523062409 1.71593711496028e-14)
(39.19679321811282 -166.0602067692224 2.986817123526818e-14)
(33.39491475370917 -229.357007006708 1.69186396434263e-14)
(32.00659837542336 -289.781774362052 -3.362005308198798e-14)
(33.96752262768655 -336.1401320631697 -2.811226990905141e-14)
(33.47840777079613 -360.1719959018859 -9.993347911109475e-15)
(21.98552890768386 -361.0236231954327 -9.414675684807123e-15)
(8.499218674859216 -351.2862967831715 -3.761444138434864e-15)
(63.97967322601407 -292.3863560111434 1.551326756603358e-14)
(164.3096365048437 -299.4881339222426 -2.446509119839004e-14)
(36.5571383068334 -273.7088613120194 5.59288336697948e-15)
(-104.0592639997787 -234.4644308230087 -2.199292112446992e-13)
(-197.8125255554939 -150.4326805996123 -2.233881119037387e-13)
(-248.9579417860639 -51.02877785247579 7.185694554191193e-16)
(-255.166512200016 52.19398543105637 3.786490636672828e-17)
(-216.9502727400042 146.7953354928563 -7.567794826312077e-17)
(-137.3469424274341 222.1995105403723 3.797556815975935e-18)
(-12.90741380548312 255.2186369038127 6.917876702983083e-15)
(108.9660163513276 268.8669805071776 -4.258819824260126e-14)
(43.62794145586377 258.3521268914342 -1.36124491426014e-14)
(8.717475434538018 306.5298034973292 1.760437200547767e-15)
(25.29183157212301 323.1528731622976 -1.648332688481174e-14)
(46.01360452473526 340.1971924831815 -2.567960891191254e-15)
(66.93965915293111 350.2938167294793 2.081141188468064e-15)
(44.67374155815141 354.8382280208716 4.661180410171746e-15)
(-115.2377189354926 335.1202541680557 4.118765951614504e-15)
(-259.3674729541648 -382.4278201117776 -1.676788469243265e-15)
(-274.2825683423634 -192.8071836402142 -3.78497381547249e-16)
(-185.4149263600336 -147.3208414270612 2.966504014673848e-15)
(-144.5568552884221 -152.8843444564599 4.291033664698754e-13)
(-170.8261910472814 -157.5228428878719 5.552857193063074e-15)
(-232.8965856783308 -177.860097693059 4.251168306557851e-15)
(-319.7380206941707 -236.9008024408058 -2.014878713876737e-13)
(-319.7464181007291 -332.2797981942919 -1.991043330929975e-13)
(155.6533745271784 -91.18982654164267 4.268150036732908e-13)
(0 0 0)
(0 0 0)
(0 0 0)
(0 0 0)
(0 0 0)
(0 0 0)
(0 0 0)
(0 0 0)
(0 0 0)
(0 0 0)
(0 0 0)
(0 0 0)
(0 0 0)
(0 0 0)
(150.1086434157689 92.12265135548458 4.462914964985022e-13)
(-339.3717217131484 342.5932538211841 -1.649785835086809e-14)
(-339.1817324747797 222.536520550606 -3.216700948636432e-16)
(-266.2367384664612 138.4697026039103 1.742566780394684e-14)
(-228.9788516190778 88.20591402815762 1.183531850776361e-14)
(-213.7161291169635 58.35414786911011 4.013135490125689e-15)
(-207.352274002623 38.93653711412547 1.436973579002629e-16)
(-204.8646829909088 25.2518055895127 -3.604429071112369e-16)
(-204.3697005303607 14.49611330505718 -1.559217637792439e-15)
(-205.4810408435432 4.539988895622687 -1.946869351423066e-15)
(-208.7760774807367 -6.541253794231129 -2.086636818040983e-15)
(-215.3669101187905 -20.82489699218031 -1.833842566316211e-15)
(-226.5003573961373 -40.65430686464133 -1.29973318530084e-15)
(-242.8785323392128 -68.37473885463436 -2.138253727185605e-13)
(-263.3927803078869 -105.6331076561711 -2.366555033391505e-15)
(-283.4885778072459 -152.3490957872874 -2.819722280227297e-15)
(-294.420457926651 -205.7453252096485 -4.896786794957904e-15)
(-285.6371916133655 -260.5394306913232 -6.712038219742363e-15)
(-250.8879740237935 -310.6148237857532 -4.480150297703988e-15)
(-193.7626083313476 -350.33788895979 -6.278608420775988e-16)
(-127.1517648156826 -374.8530560073103 -1.062534940645343e-13)
(-63.33376170666551 -378.1319903761129 -1.064843697285188e-13)
(-1.632212177414658 -353.758769676771 9.769500020845802e-16)
(70.49735574181008 -302.0368350597138 -1.985230198926878e-13)
(129.6722712440207 -285.6094194464267 -2.028590875569512e-13)
(108.779907308596 -313.6529597490422 1.532818927056544e-16)
(-7.263465195000146 -244.7177009810915 -2.94494372593144e-16)
(-95.96040385020349 -153.1901895510186 7.598393108766401e-16)
(-144.0077052475549 -52.25158539967288 -8.258684510009738e-17)
(-152.521318193878 50.48599428288848 -1.049020423543132e-16)
(-121.9077216457963 148.0354277817137 -1.035464449943248e-16)
(-51.497332095526 233.8525985659467 -7.68359579690424e-17)
(48.22155826503964 297.6607680721082 -8.352112733605595e-17)
(78.40844406835598 279.4895913160075 -2.08147335498748e-13)
(48.92394785807687 294.6919777851549 -3.12620990033106e-13)
(8.435845299897238 341.3613619658927 5.608472238666665e-15)
(-24.08629572695154 374.6429248119915 2.669572495941876e-15)
(-55.29632665635309 395.6918006106083 6.45262871222046e-16)
(-90.21130510582998 403.9515624441096 -2.782642482475721e-16)
(-131.5317057542469 400.9120137553215 -5.43397973760136e-16)
(-148.5864749177274 428.1624594832974 -6.06927906902927e-16)
(-2.348665829908953 -263.4328875940239 -2.117131536652155e-13)
(-2.021180224411102 -177.1423166933637 2.002122921485965e-13)
(7.693952705734991 -137.5041297153367 1.31180219572982e-15)
(6.50277935969812 -146.2167214685978 7.558971617760213e-16)
(-28.43728883816979 -163.7539369912591 -4.219007120349783e-13)
(-85.93736171312284 -170.3254287533514 -2.326847683272082e-13)
(-109.7437246862032 -140.192422280072 -2.100844192347008e-13)
(11.22651977724124 -47.97187001943993 -6.391148801590514e-13)
(166.701734113387 88.35229804510993 7.139254444803256e-14)
(0 0 0)
(0 0 0)
(0 0 0)
(0 0 0)
(0 0 0)
(0 0 0)
(0 0 0)
(0 0 0)
(0 0 0)
(0 0 0)
(0 0 0)
(0 0 0)
(0 0 0)
(0 0 0)
(159.5767541446143 -93.11598129504233 4.705357365899953e-13)
(-11.96632819729417 51.50735970481153 -1.0048393124444e-14)
(-148.1289106071484 123.282115707044 4.382774195739188e-17)
(-142.8746188936925 130.7284281098734 -4.232089011818023e-13)
(-104.3581487054361 102.9785038464572 -4.219855398165757e-13)
(-75.08905422621818 72.6932203219019 -4.060445169185477e-13)
(-58.46616067220804 48.17503318085087 -4.511385529426627e-17)
(-50.01430323135975 29.27319037805689 -2.292631066793398e-13)
(-46.66575976675745 13.90285863388796 -4.04341110379712e-13)
(-47.38919792563819 -0.2007620846512193 -2.166954474198413e-13)
(-52.47748581349943 -15.07389312952452 -4.079491229370952e-13)
(-62.87876358777839 -32.41851027941474 2.280279940922468e-13)
(-79.50500244833604 -53.40618094721622 -1.279863580897085e-15)
(-102.2986099038571 -78.27493337042375 -6.535468159536581e-15)
(-129.0364622225713 -105.9020996581179 1.091085294519489e-14)
(-154.3648049883084 -133.8057585892199 -2.126533348800298e-13)
(-170.1606322172066 -159.0413392779497 -1.065305471681529e-13)
(-168.167548936486 -179.8338581360011 -1.060184629520742e-13)
(-144.1693103526187 -196.514269301156 -1.058952709542311e-13)
(-100.8404547413003 -210.2420719089013 -1.016911841980621e-13)
(-46.34852090332348 -220.2230008964893 -4.644993054956849e-17)
(11.0754140610351 -222.0206059561916 3.633541292826711e-18)
(66.84338027328108 -211.9324353137721 -2.494273669187392e-17)
(113.4517699473407 -199.299966132949 -1.539805815233495e-16)
(136.0495245152845 -204.9210596294115 1.421996408491192e-16)
(115.0747301492653 -228.9151912243733 1.230724006610051e-18)
(56.40350601334107 -199.3659121908774 5.845316463314703e-17)
(-5.346410142154388 -131.1761824660283 -2.089387068089278e-13)
(-45.28175797626704 -45.02383669188355 -2.044211550237824e-13)
(-54.87949903997583 45.80441651577533 -1.074239874142779e-13)
(-33.58366851269421 131.6469305398514 -2.040677437799666e-13)
(12.27839842337323 201.1460304042536 -2.014305647519227e-13)
(63.13474153253216 237.5178040855035 -1.090504839413523e-13)
(91.26329831630804 228.7109535498358 -3.231795585639758e-13)
(90.62681121287896 232.4207706991254 -3.295397761387559e-13)
(74.68378959353637 251.3773917203459 1.898052743820602e-16)
(54.04863583663922 272.2384468460702 -2.119270661064572e-13)
(33.69176552306619 287.7550672938289 -2.148661435472492e-13)
(14.75301252667213 298.0831734597656 -2.12166981592836e-13)
(1.761221074747675 308.4115671004647 -2.145859189352862e-13)
(-1.166417058157383 327.0499846339657 -2.119690714582554e-13)
(13.54705211787732 -148.812530498259 6.258593253751146e-13)
(26.02839043343059 -134.8850338295015 4.233799208934417e-13)
(17.57537799900311 -122.4140665994442 1.095928740338983e-14)
(-1.890988756383024 -123.3833595271732 4.287281165150557e-13)
(-28.43524682397931 -123.301807859077 7.337411711360394e-16)
(-43.90830892216201 -96.88154638204449 3.391933759478177e-16)
(-7.478784253608956 -24.64721514862854 3.831045238156085e-16)
(102.5943619033344 58.87344319898328 -2.185852103241028e-14)
(143.0686779285917 74.1536986790823 -1.272553167918583e-13)
(0 0 0)
(0 0 0)
(0 0 0)
(0 0 0)
(0 0 0)
(0 0 0)
(0 0 0)
(0 0 0)
(0 0 0)
(0 0 0)
(0 0 0)
(0 0 0)
(0 0 0)
(0 0 0)
(132.3134030514585 -78.6307330153835 4.361106664431772e-14)
(71.5324889230306 -59.60265832050335 -8.423083545025726e-15)
(-61.0909351420907 7.482339163824886 1.191603750259168e-17)
(-118.253053996162 64.5582494904457 6.462270798764239e-17)
(-118.3377910518343 76.93579304224275 2.556787750273444e-16)
(-99.23836313939628 65.22634760528763 -5.459382821436032e-16)
(-80.92535733816459 46.42933666221364 -3.675594997853243e-17)
(-68.80904765563004 27.78936868202659 5.436083443988802e-16)
(-63.09941934413199 10.82853408817328 1.038277439620043e-16)
(-63.3473793089333 -5.144356840901217 -7.407444805760809e-16)
(-69.56737180906867 -21.27721097153893 -1.617586068262428e-15)
(-82.0416895000365 -38.36479012590816 -1.361987052396209e-15)
(-100.6627218163574 -56.38559159565838 2.239639521726038e-13)
(-124.0880707769542 -74.21822248630009 -2.126819386466928e-13)
(-148.9815415918977 -89.70261348802323 4.162311039714107e-13)
(-169.8294156739649 -100.3301437670254 -3.932519892356834e-16)
(-179.8760526126109 -104.5707041973154 -1.122174802310078e-16)
(-173.2313507548565 -103.1405658458183 -3.513307635762742e-17)
(-147.2569438165717 -99.01230705977865 5.169074913295274e-14)
(-103.7788412536172 -95.66559994193244 5.318759918321279e-14)
(-48.35205629581585 -94.81201217832594 6.381208374737266e-17)
(11.32965454805434 -96.0595965283332 -2.640030669085213e-14)
(65.86324904272531 -99.83665999994696 1.454063959976137e-17)
(104.5428195621387 -109.8549671417035 -4.039910836452166e-17)
(120.3897856200879 -126.530703714974 1.615391243386711e-18)
(114.3350526048535 -141.0395800411508 1.05882349623521e-13)
(90.4755437251282 -131.1592027175234 -1.939278683455745e-17)
(58.3816716715629 -90.90991938315173 2.90812748482449e-17)
(32.9728936359338 -29.89450045971915 -3.909650235058625e-16)
(24.14944890020305 38.78383766675692 1.069745103045117e-13)
(33.43389217571062 102.7371083898211 1.13466505831672e-13)
(54.37354136924902 150.0749543368991 2.18853663618951e-13)
(75.78647925912304 172.2971534017016 4.121101141826764e-13)
(90.21743850782256 173.6723270588738 -2.17330848363185e-16)
(93.92637755950922 171.6943215721247 -3.376360603416816e-16)
(84.9118588366829 174.0774941260764 6.341754803322448e-16)
(66.79741312886047 181.3969568031219 -3.287927959327756e-16)
(45.77430058188623 190.666513863182 2.242780770087396e-13)
(27.0988377560801 200.9254109325381 4.230753991943941e-13)
(14.15982961817514 212.1367828827372 -4.910576458010569e-16)
(4.692874719034258 220.7091945902372 -2.423669529480442e-18)
(11.57882991559019 -81.73504144479243 -5.828857284861829e-16)
(24.37708069129236 -87.56238505756293 2.897129717459224e-17)
(19.19562701640243 -89.16078324226766 2.152298979924992e-13)
(5.615038122857597 -83.76685102962448 2.148812502970739e-13)
(-1.935475697679707 -65.38233819464438 2.679143664511183e-16)
(12.71723091419104 -25.01852099367722 3.259117472558979e-16)
(59.3608353555987 31.55665740627303 2.146444412650358e-13)
(119.1545798118369 61.11453595308639 -1.349044228774646e-14)
(104.8646851984007 32.49324143038081 -1.455805789527501e-13)
(0 0 0)
(0 0 0)
(0 0 0)
(0 0 0)
(0 0 0)
(0 0 0)
(0 0 0)
(0 0 0)
(0 0 0)
(0 0 0)
(0 0 0)
(0 0 0)
(0 0 0)
(0 0 0)
(90.02955775420052 -35.60233089481749 -3.464341627947315e-13)
(80.49034555869883 -60.63068938366699 -1.42264985490418e-14)
(-4.824108424042633 -45.68967328765183 4.234938570945799e-13)
(-73.42116482501262 0.2255582711027848 5.654502531723068e-18)
(-103.6900505946739 30.15248413781568 4.235475723136729e-13)
(-105.5955106946743 38.17703360371178 -4.523858063897322e-17)
(-95.90313963868255 31.99181777422599 1.607403190244343e-18)
(-85.61510580534316 19.48437020957483 4.313699985312166e-16)
(-79.59948529174108 5.009894627893283 4.05588360037232e-13)
(-79.494942992549 -9.788865425235157 -3.207383076126862e-16)
(-85.69791912542584 -24.44028619777307 2.284427920521701e-13)
(-97.98714425474624 -38.53355827529572 -8.432869847579943e-16)
(-115.3584348934774 -51.11607627517471 -5.790061849731697e-16)
(-135.6156319492509 -60.54600418656013 -2.118556281761104e-13)
(-155.1483836524875 -64.83161065816037 -3.408634572593955e-16)
(-169.232895792473 -62.4425005632575 -2.543903340513529e-17)
(-172.9710542560422 -53.30774584845553 1.060204723894305e-13)
(-162.6091516881289 -39.39701042956838 4.196610052604487e-17)
(-136.6943443555016 -24.33566869254619 1.553435614518672e-13)
(-96.64015980506684 -12.14520614831519 1.052991356202595e-13)
(-46.74251744174064 -5.97952713742438 1.291952907537842e-17)
(6.05076617661875 -7.756121925331492 2.099960133462355e-17)
(53.0480095613696 -18.21549664609674 -2.649401967006006e-14)
(86.75772611752934 -35.70798191569151 -5.099602751712906e-14)
(104.8649115664572 -54.38884853122175 -9.681459893636188e-18)
(110.4462307636742 -66.46401275521997 -5.293308646911621e-14)
(106.5331663207828 -65.45683636697549 -1.059582527599576e-13)
(95.91829210559372 -46.16332880247452 -1.031738471031735e-13)
(84.41199897522107 -10.93098952677531 -9.71476838990976e-14)
(77.75210963158807 31.83186237625358 1.056957463469012e-13)
(77.70744801878665 71.88924965677028 3.163951674266533e-13)
(81.83844314869917 100.8006607942483 3.21948231348669e-13)
(86.73211391570428 115.3955494462445 4.234947085014896e-13)
(90.66046641890956 118.8554452519902 -2.899849519011143e-16)
(91.0319781760316 115.5854940310878 1.294399130872668e-14)
(84.38642475997563 111.2525572641186 -2.015397133475114e-13)
(70.6376555656599 110.1294933001627 1.198839481347617e-15)
(53.22021961778324 113.1847901870718 6.167811147728267e-13)
(36.22328151080086 119.3520542910404 4.232434172708656e-13)
(21.54379309419277 126.0695030857941 2.252709066856002e-13)
(7.405974278606461 129.9293621458801 -2.504159640745049e-16)
(7.719706861678826 -39.59856071034882 -4.26138041319814e-17)
(18.60244038173733 -45.045155571633 -7.54827856933216e-17)
(21.37091201764198 -46.7823215824672 -4.318039519130182e-16)
(21.88745627302037 -37.36350798457148 2.309713840552788e-13)
(30.3130831937279 -14.37711640086139 -2.243662400322937e-14)
(53.03068665212132 18.09624866575903 -9.743923068866828e-16)
(84.53209374757533 45.20006507392232 -4.086249823350492e-13)
(106.6418250381915 44.81097838563873 7.49634313590664e-15)
(78.52978000905138 12.68541014743963 3.978911418065555e-13)
(0 0 0)
(0 0 0)
(0 0 0)
(0 0 0)
(0 0 0)
(0 0 0)
(0 0 0)
(0 0 0)
(0 0 0)
(0 0 0)
(0 0 0)
(0 0 0)
(0 0 0)
(0 0 0)
(61.10691600899041 -13.7385866127775 5.521005991106219e-13)
(61.44479137282986 -41.43116361348132 -2.483968172800557e-14)
(11.4683188750564 -56.35076685950312 -2.281976061851273e-16)
(-42.41089648807765 -38.06731284835054 4.234918348044657e-13)
(-80.38631554179258 -13.18718839676632 1.534516785001879e-17)
(-97.39902946344674 3.571017653194661 -1.995400932549062e-16)
(-99.61802079377408 8.714522185496669 -2.019427200662413e-17)
(-95.7909708468034 5.025758648958035 4.235810977586154e-13)
(-92.37265497514962 -3.598919255555455 7.366909696851477e-16)
(-92.7975601268958 -14.22275952224075 -1.526732050026668e-16)
(-98.31206465528801 -24.89909410039921 -8.518309272236803e-16)
(-108.7174795732674 -34.09541686877627 -5.509177757466068e-16)
(-122.675167744949 -40.25579183483127 -1.513916637092044e-16)
(-137.8036051780337 -41.7503144811515 -2.11645145665999e-13)
(-150.8780379376553 -37.22251918508869 -1.155202246102797e-16)
(-158.305550794468 -26.17906351106077 -3.917957551327549e-16)
(-156.8305624413925 -9.515835241281449 -3.452458153125546e-15)
(-144.2592735493623 10.35433145315786 -1.013974934561744e-13)
(-120.0051395072119 29.91109423288436 -1.77742459980146e-16)
(-85.4226996920095 45.29784779566099 -1.291330897660825e-17)
(-43.96297210761873 53.14575280212009 8.563410674815881e-17)
(-0.906314961005286 51.3830341687669 -2.600449213083903e-14)
(37.91138904414819 40.25156757079228 -2.6447145039512e-14)
(68.36946764897823 23.15547023314293 -8.561625114385813e-17)
(89.63375477432457 5.764035745787663 5.815265910103568e-17)
(103.2670647587223 -6.825260098421181 -1.059259817773567e-13)
(110.7762275617202 -11.83645876566319 -1.906363496725884e-15)
(112.9075184265704 -7.056370757950341 9.995154988986368e-14)
(110.9680847794403 7.19365764220168 -1.020429402169945e-13)
(106.9696881143849 26.93035804270423 8.96734933399041e-17)
(102.4026905774279 46.333294817145 -2.116505832540597e-13)
(97.87984115710987 60.71785282221994 8.720041581357293e-17)
(93.84126373014158 68.35910610666753 -2.258604406242372e-15)
(90.40738307257946 69.69662968270761 -2.089624740438881e-13)
(86.32348952315846 65.73037155259554 -2.105716165918225e-13)
(79.45585806472272 59.3886889071677 -2.105982700737032e-13)
(68.72964605370916 54.23274919233205 -2.102250658300578e-13)
(54.99686153322237 52.28846869111078 2.650670240638772e-16)
(39.98355062377811 53.24593616158182 -8.890532158668978e-15)
(24.73598203984024 55.20466411078245 -2.195340898531725e-13)
(8.552809662931082 56.39888037945244 -4.749302749807471e-16)
(6.132221117071227 -7.864215009439224 2.05967538324003e-17)
(17.19311589811213 -9.042261783546587 4.23420344281729e-13)
(26.87727457559818 -6.920172882918714 2.078123906043049e-13)
(38.02024330015441 2.972027830004859 -6.16963036589885e-15)
(53.5242809656295 20.04168913191008 2.1113319153544e-13)
(72.29441238029378 37.15370054223134 1.24436790530017e-14)
(87.15682544519026 43.67581923644714 8.08171526802298e-15)
(89.45177347907614 35.36062328249243 -4.130901854884705e-13)
(59.82226301607874 6.805544945647677 -4.742258904038577e-13)
(0 0 0)
(0 0 0)
(0 0 0)
(0 0 0)
(0 0 0)
(0 0 0)
(0 0 0)
(0 0 0)
(0 0 0)
(0 0 0)
(0 0 0)
(0 0 0)
(0 0 0)
(0 0 0)
(42.00757667913101 -7.378177795216464 1.486944411442271e-13)
(37.39141465396177 -32.76578908969872 8.149792184113009e-13)
(5.509573171901721 -55.79330993237598 4.214683070828316e-13)
(-30.25758637667754 -55.80706470613481 -4.237967760227442e-13)
(-62.05172004631206 -42.53395197431071 -2.16518670142171e-16)
(-83.69379998490452 -26.84934497056177 -6.787847037079907e-15)
(-94.44839858513973 -16.13187765986128 2.115789210858224e-13)
(-97.92854726835098 -12.32172012729159 -2.112170235019863e-13)
(-98.84800347917012 -13.97453430051703 1.332854365320795e-15)
(-100.7951178216645 -18.5521666360372 -2.177229825994187e-13)
(-105.5705764537769 -23.57751442109335 -2.180537628238531e-13)
(-113.3438419923579 -26.9129644981313 -2.143134796151272e-13)
(-123.0133325184795 -26.75471538546824 -2.6979435695887e-16)
(-132.5823592739929 -21.7108473190534 6.68003748546849e-15)
(-139.5771326282186 -11.0472202278565 -1.032650975972584e-13)
(-141.5262118083455 5.009925326948853 -9.576559410993767e-14)
(-136.437659265628 25.10032398518043 -1.121928368840055e-13)
(-123.1822221721977 46.81604534634257 -1.078129127959487e-13)
(-101.7508279674555 67.05040786821445 1.032311717544781e-13)
(-73.40550123330661 82.5335181379272 -6.785445119983608e-17)
(-40.65733112858425 90.5214371693293 -7.882773242822718e-14)
(-6.843419034000561 89.6449261434082 -5.425787578347256e-14)
(24.82044563601385 80.68631915686881 7.428544915890329e-17)
(52.27019427373146 66.59631219262657 -2.739066023978646e-14)
(74.88418121321277 51.24620657735007 -1.052070320420562e-13)
(92.84573624031863 37.76081477523458 -3.554999831123479e-17)
(106.3020556619068 27.8711055000813 -1.025930563524818e-13)
(114.9484085491496 22.49744818737411 -1.058678263285195e-13)
(118.3987277854013 21.73457422708658 1.043233417128432e-13)
(116.8917468483913 24.32527482963279 -1.777812969767974e-16)
(111.4949428683247 28.05052501068438 5.822766957862108e-17)
(103.8642544760676 30.85311173598076 4.017584505258034e-13)
(95.71089079390114 31.45621645337602 -2.079641031602138e-13)
(88.03173188286966 29.15165400071416 -2.108995839029607e-13)
(80.72403739000387 23.88789868386872 -2.128616508805252e-13)
(72.88880238837305 16.80884360816691 -2.113123536905955e-13)
(63.53743535897971 9.871638403013906 -2.113688812480769e-13)
(52.23340659773582 4.669967396141229 2.121329959437768e-13)
(39.13947691463538 1.577056610976917 2.003156135562571e-16)
(24.69567789679436 0.008276290952963681 -8.093255546933864e-16)
(8.600199874394253 -0.6783888489813453 -4.109488674065374e-13)
(6.541627350684405 18.46549550946089 2.782844649793274e-16)
(19.54629230283795 19.93004607656055 -2.100921704844898e-13)
(33.38520163235573 23.8478696135124 -7.487222824162216e-15)
(48.84931830306093 30.90050270965941 -3.370694858235818e-16)
(64.49475591084327 38.99260388406275 5.164799670387701e-16)
(76.66481676178526 43.25067483922929 2.206292370023153e-13)
(80.67009261594124 39.29926048626933 -2.08228763782352e-13)
(73.50866965295678 30.94521941837904 7.013161240514289e-15)
(44.98501714783912 4.633659367862643 3.660366146607846e-13)
(0 0 0)
(0 0 0)
(0 0 0)
(0 0 0)
(0 0 0)
(0 0 0)
(0 0 0)
(0 0 0)
(0 0 0)
(0 0 0)
(0 0 0)
(0 0 0)
(0 0 0)
(0 0 0)
(21.27962758182521 -17.30523758353567 1.288470965756443e-13)
(12.80111390723645 -38.49743935984223 1.773589748614768e-14)
(-7.563460630302163 -57.85212826389931 2.195783646706863e-14)
(-29.15153857579077 -63.65730527602211 4.214073354481493e-13)
(-51.42859581306674 -58.63956006601456 -1.898168219758862e-16)
(-70.99695512662113 -47.70204179075296 -6.355485399465895e-13)
(-85.0903958872383 -36.47762722503537 6.350630738385297e-13)
(-93.63362744685205 -28.41403529653571 -2.053460000088766e-13)
(-98.60310148878766 -24.16856452970522 -9.619989274813864e-15)
(-102.4005402544636 -22.51069739096726 -2.649481652134674e-16)
(-106.6728625136392 -21.43371084259615 -5.363594866316884e-16)
(-111.8946805345289 -18.89667843033775 -1.901574552384837e-13)
(-117.4730505471293 -13.2217555441689 -1.315038333270933e-16)
(-122.0961099860384 -3.332225948274804 -2.116847090079347e-13)
(-124.1572652674808 11.06872800065966 1.05484110443868e-13)
(-122.1580065715419 29.39225783025039 -1.486174600460855e-16)
(-115.0244424007025 50.18559440017759 2.180890235762453e-16)
(-102.3091896478414 71.30515668164136 -1.841808839544982e-16)
(-84.28766671975632 90.22466922222222 -1.712584738977876e-16)
(-61.95167041906172 104.46363691368 -1.066273492492931e-16)
(-36.85156411223949 112.1312447635771 -1.029387667298527e-13)
(-10.74143291693974 112.4925927342983 2.105627117249966e-13)
(14.86277511722788 106.2683437265031 2.689338634299035e-13)
(38.92935505906952 95.34177507748778 -5.297186760640397e-14)
(60.79825733668227 81.95330340146222 -1.057886436593694e-13)
(79.89196366705957 67.95295517951875 3.877575696655378e-17)
(95.5128609659419 54.53566484136789 1.057418004423481e-13)
(106.7709871612418 42.36797909873531 2.58536387270667e-16)
(112.7959114334493 31.86377691213612 9.460559428835553e-14)
(113.2856388921475 23.16802364188148 4.842850161862065e-17)
(108.930527497134 16.06793822818869 5.82977617058096e-18)
(101.2855326178071 10.03949688337781 6.801940943004507e-16)
(92.13980600934083 4.332113701698368 -4.341542504854669e-13)
(82.83906531083173 -1.848327887881686 -1.222352141954995e-14)
(73.98067912758916 -8.94429476861767 -4.226941314910766e-13)
(65.43959778163507 -16.78585971589233 -2.277298691313586e-13)
(56.59076985118181 -24.63168838807921 3.069138551279477e-16)
(46.70227975605297 -31.57786990249274 6.914961262710478e-16)
(35.32185952940888 -37.00776281307361 1.948156165325964e-13)
(22.47959879865988 -40.68805445969882 2.011355995548698e-15)
(7.86601053154737 -42.5981683072681 4.519511205547017e-17)
(7.596717351627944 39.56763652751403 3.674884933535567e-17)
(22.57532164999751 41.27337704183487 3.384680899565592e-16)
(37.84773121429784 44.03223773423966 -2.463974827725815e-16)
(53.16497757300386 46.64573036685951 2.486333976285634e-17)
(65.87445309551026 47.10439536788723 -3.650338811239476e-16)
(72.60106897981531 43.33978575010255 -4.097662687525951e-13)
(70.7220899855256 34.65245403450806 -4.199286040086138e-13)
(59.12022146976117 27.49346592084602 -2.199283000777495e-13)
(32.76246854341789 2.873310773149551 -4.361926547982314e-13)
(0 0 0)
(0 0 0)
(0 0 0)
(0 0 0)
(0 0 0)
(0 0 0)
(-17.5320257832906 9.599869366576906 9.99702991024226e-14)
(6.958661754589574 1.104718702710948 -3.808079246938661e-14)
(13.37023233442174 -12.77170050263211 3.619519722321778e-13)
(9.213287453171617 -22.90123657929005 -7.942642057829104e-14)
(6.998771502805159 -28.94385750649568 -7.144234826696164e-14)
(5.11047423355471 -31.7259178819786 -4.627119790745774e-13)
(0.7305299780815102 -34.36963216921322 5.795528207371907e-14)
(1.290504173690671 -32.77624594148354 9.019369120029424e-14)
(7.332724071123146 -40.87154804910228 1.589673797883265e-13)
(-4.199867401607783 -52.58593471798432 -4.45363947909762e-13)
(-17.64904720252943 -62.87994778373525 -2.160871012195511e-15)
(-31.04501820817688 -67.29610734963853 -4.069454100696867e-13)
(-46.09645658252964 -65.82182067808169 -7.47219097609226e-16)
(-61.531867139709 -59.11721494402909 -5.153805663555765e-16)
(-75.16039207685988 -49.7090278392255 4.192852621243282e-13)
(-85.61948456056153 -40.26386720724415 -4.194241864502011e-13)
(-92.94466557047087 -32.21954397018084 2.249849942470938e-13)
(-98.06026414473595 -25.51969277376929 -2.251813052311614e-13)
(-101.9565575003549 -19.09339050294655 2.32269326721756e-13)
(-105.131886692704 -11.51649394391348 -4.395757187783997e-16)
(-107.4488800230483 -1.54640505414547 -5.77350358832202e-17)
(-108.2918757234859 11.53752688656569 -2.117590265398936e-13)
(-106.8526488486557 27.76476087741516 5.813279451868249e-17)
(-102.4093453990703 46.44780945650113 -2.103300633146632e-13)
(-94.52476040219746 66.27869425168319 5.813896397871598e-17)
(-83.14314734586794 85.52346849376109 -1.062507186547924e-13)
(-68.59234774593742 102.2926530964682 -6.462890906331724e-17)
(-51.4989257163991 114.8712013422442 -1.056303145853514e-13)
(-32.62837530688497 122.0680072786891 -1.024766935251772e-13)
(-12.70632003570185 123.4764477169143 2.617962075886275e-13)
(7.669627987898808 119.4974415054759 2.594374732478791e-13)
(27.95515393714774 111.0826194098581 6.78217936074921e-17)
(47.49536129944323 99.36152771620426 3.230637248453716e-17)
(65.42809766840682 85.37316151563965 -4.201378333165015e-17)
(80.71707957418938 69.96998013428552 2.089358495057532e-13)
(92.27652061936466 53.85953477415347 3.114690509969223e-13)
(99.19877232836396 37.76462033369916 1.141427736658287e-13)
(101.0959081363087 22.46706798848076 -2.112452588434818e-13)
(98.36641609755482 8.622491877998995 2.11684529080532e-13)
(92.1284299565046 -3.495115150102101 2.621862670571206e-17)
(83.82306602721097 -14.08703536811256 7.213790720036737e-16)
(74.75532341308208 -23.65502491689181 5.267043140989004e-16)
(65.78650555797056 -32.69296249958589 1.502456590661194e-16)
(57.20140876543868 -41.46284892116801 2.116756450855517e-16)
(48.74542517600925 -49.88263586780435 3.715950536277349e-17)
(39.8573321835783 -57.56128738060029 9.370153565657382e-17)
(30.02929237098929 -63.96011433815883 6.301211167663627e-16)
(19.10447280675128 -68.57875406761464 3.360328664056803e-16)
(6.689775246981215 -71.08261145039698 4.204478591832569e-17)
(8.247292408526141 54.37905091973678 -3.477496260625857e-16)
(24.01075314999766 54.86744687643051 1.454436936603416e-16)
(38.75755495365031 54.94123526746017 1.623658116758116e-16)
(51.92147593613448 53.22635433517065 2.867594404866819e-16)
(61.18881129331488 48.51798364649638 1.111520123802711e-18)
(64.21287542788809 40.45611745079307 -4.237318058934765e-16)
(59.44113145658498 29.74379466807347 3.719901895678463e-16)
(46.19678488095774 23.68893259960074 -3.975705751277374e-15)
(22.9693115091349 1.227087519447509 4.308857666560156e-13)
(0 0 0)
(0 0 0)
(0 0 0)
(0 0 0)
(0 0 0)
(0 0 0)
(0.6498446668190798 4.17016542440968 -4.097885132672087e-13)
(-34.31233531622456 13.62400036129762 -3.989254264094235e-13)
(-30.69547076253381 -6.840020662437316 4.324922116151209e-13)
(-21.63778564464081 -20.23180411208299 1.173394482307951e-14)
(-13.90555544247704 -29.79272862703458 1.20831366712383e-14)
(-8.563156796932121 -37.0508334853285 -8.647913985234759e-15)
(-6.205148585456967 -42.22540529010038 2.068024984574224e-13)
(-4.916896574310032 -44.49195284562817 -4.368717991728809e-13)
(-4.612382708506888 -50.34738564558906 4.021351250123607e-13)
(-9.203447013861551 -61.58158698665166 -9.676065331094627e-17)
(-20.96085576048413 -65.98454424176737 4.459196188327221e-16)
(-32.09341146826394 -68.32930632946378 -6.446351518633004e-16)
(-43.24970342378082 -67.72779885230743 -1.243991779336664e-16)
(-54.88416229370375 -63.46716051252832 -1.437928391773127e-16)
(-66.23704814403017 -56.05339596673313 4.174580457369107e-13)
(-76.1441435698807 -46.81204577868207 3.409013559116993e-16)
(-83.85892705437521 -36.9688297277005 -5.113682739530445e-16)
(-89.2743867924938 -27.04460944190015 2.310375264734263e-16)
(-92.6696636900774 -16.80995053451107 -4.382329821372314e-16)
(-94.34769509254576 -5.611060890266874 -4.209602679880151e-16)
(-94.41902972328612 7.213882192318903 -9.494579707579297e-17)
(-92.78494405441013 22.01043447356911 4.014653849479436e-13)
(-89.24698269401154 38.64027597585006 5.661254224258232e-17)
(-83.64407318990206 56.46352347001831 1.453681796628502e-16)
(-75.94878335703416 74.43515307687314 5.493401978759631e-17)
(-66.29523080265362 91.27568758305283 5.817957410141716e-17)
(-54.93993388062638 105.6824220771335 -1.777169539802284e-16)
(-42.17631625374624 116.5472880222712 2.681840583603845e-16)
(-28.24631774224146 123.1319886824121 -3.553696479521663e-17)
(-13.31199867556976 125.1399652954086 1.777077997155488e-16)
(2.468946809419479 122.6586774010047 -1.058080463564397e-13)
(18.79344126049904 116.0242709354422 1.551417130945642e-16)
(35.08879943116296 105.7050483171261 8.079386323707889e-17)
(50.50041607673709 92.25171174870255 1.32468244873032e-16)
(63.9992342205985 76.2962290202385 8.173207083242426e-15)
(74.56562736015542 58.57980098562096 2.08076345980287e-13)
(81.40344464822481 39.99183883240508 -2.730399783390681e-16)
(84.1435104173712 21.53662294710318 3.554220404335134e-17)
(82.96834434326536 4.154642000446237 -5.836288184034652e-17)
(78.57600537276596 -11.51880485276887 -4.119672334208492e-17)
(71.97989623977388 -25.28197227810516 -3.071263597996842e-17)
(64.23313817609025 -37.30321071576732 -4.869425265990842e-18)
(56.17285511795181 -47.94181077717392 2.908172625916285e-17)
(48.24992440748638 -57.55123249641393 2.09684926884674e-17)
(40.49233138933604 -66.30938906653323 -4.523597807006075e-17)
(32.62480128965547 -74.12001587769544 -4.329837210767844e-16)
(24.30439285141514 -80.63585590397702 -1.297201973886484e-17)
(15.35644801859828 -85.39946010140208 -1.609874614778311e-17)
(5.36166328711111 -88.01773582142366 -3.037445530207928e-16)
(8.08502016424749 62.3894831540652 -4.272795720302321e-13)
(23.1373973702855 61.32732232402144 -2.117421208714974e-13)
(36.20663867198034 58.70951297374091 -2.11011843958087e-13)
(46.7417259525424 53.73179743444462 -4.205494602069558e-13)
(53.10421620985452 46.01202444804182 2.466891099146153e-16)
(53.82688000134988 35.96193423371319 2.818054964727894e-18)
(47.91583589846123 24.6591360028429 -4.182391536386e-13)
(34.90407177030648 19.7524589370708 4.087705326071925e-13)
(15.50659598019408 -0.1138054344322086 -3.790084506941354e-13)
(0 0 0)
(0 0 0)
(0 0 0)
(0 0 0)
(0 0 0)
(0 0 0)
(-3.850702710796359 -8.757882581163331 4.169902406000389e-13)
(-18.49405660904015 1.496415130377327 1.933229945527329e-15)
(-24.71828343063232 -3.674083739502735 -1.600733019646696e-16)
(-21.10394191738529 -9.757944678979358 -9.875222577082409e-17)
(-15.12984086802275 -18.2886116136062 -5.061929189609147e-16)
(-10.54926316346634 -27.26958862843821 -1.922591634226911e-13)
(-8.374121184930024 -35.40181908214159 -1.543952441420007e-14)
(-8.650114402693594 -42.53895614729768 -4.235980762446076e-13)
(-11.30561482954093 -50.3005176957428 -4.115793225610537e-13)
(-16.70559901020326 -59.32446815778513 -2.948326425236712e-16)
(-24.39676656108377 -64.475545962277 4.120377389642658e-13)
(-32.78827281381496 -66.59056595521702 6.139438935561394e-16)
(-41.23431077037014 -66.18301533515229 3.230520204138485e-17)
(-49.85746426022814 -63.0208187866702 -7.564302944060956e-22)
(-58.50527734216551 -56.99302519243209 -1.098595051028403e-16)
(-66.53491831564185 -48.50839860767223 -8.481395661594453e-17)
(-73.17722923028307 -38.27535220551817 4.228904656926377e-13)
(-77.90138495261799 -26.89534157513374 -1.70452961231975e-16)
(-80.52300895157141 -14.63503805511188 -3.950093628078705e-16)
(-81.10805397360092 -1.466130512046462 -2.138896606114966e-13)
(-79.82738466470342 12.73361910569891 -1.030344590998098e-15)
(-76.86548193532201 27.9649357832408 -7.599114433943384e-17)
(-72.39955984727204 43.97199914519675 -2.210763657380375e-14)
(-66.61446829156985 60.21497681849574 7.594548519132905e-17)
(-59.71259628432922 75.93273092772878 9.519524808254702e-14)
(-51.89587834515649 90.26070807441374 9.627286187476346e-14)
(-43.32074731209245 102.366176865876 -1.09136132704314e-13)
(-34.04935911979562 111.5632662426514 -2.095675082125861e-13)
(-24.03569804876749 117.3745127165953 2.358829148230657e-16)
(-13.17963131494202 119.5256875268072 5.169338272992206e-17)
(-1.446066377916663 117.8980924556459 1.22790168876681e-16)
(11.00152484538104 112.4895121571637 2.01977484015233e-13)
(23.72280210609838 103.4190719744766 1.061376041483059e-13)
(36.01927836772386 90.96665705965229 1.066642657760605e-13)
(47.04516880990691 75.61386044534525 1.093106225367057e-13)
(55.97213043162888 58.06116858321021 -7.916648041192102e-17)
(62.15559428467589 39.20292495853987 -2.090481008039793e-13)
(65.25871130360672 20.0432139201055 1.220649524792326e-18)
(65.31098829642231 1.545876945630905 -2.117983238791747e-13)
(62.69181567104791 -15.53799267701133 -5.977636453417518e-17)
(58.038660159408 -30.78494004030076 -2.119787630582782e-13)
(52.09548491036043 -44.10866517305659 -2.118325532974415e-13)
(45.53848377239714 -55.67404068440506 2.117808543773153e-13)
(38.83383046950354 -65.75135246152475 -2.58545655624897e-17)
(32.17664178875571 -74.55655535051238 -4.458947814298659e-16)
(25.53086534398503 -82.12942930879596 -2.161170546818802e-13)
(18.7498481499226 -88.30115015740498 -4.394678006487053e-16)
(11.72208412091917 -92.76632961310895 -4.01767490621046e-13)
(4.070853622892633 -95.2151836378152 -2.18453208993476e-13)
(7.185026746740488 64.05086891008111 -1.057405301138505e-15)
(20.33070729716405 61.79990129859063 -4.026192975364679e-13)
(31.16203006561918 57.31185532287947 -2.105336232708302e-13)
(39.22398741027288 50.41330672349463 -2.114118795288718e-13)
(43.41894809144301 41.30517435751893 8.320378149113925e-17)
(42.85998698149886 30.71054553139657 4.284614319875347e-17)
(36.9335629878443 19.76911936242468 8.007374395985119e-16)
(25.42245237494037 16.21063816642246 3.981911948554637e-13)
(10.12735575250748 -1.067203323471936 4.899953226344027e-13)
(0 0 0)
(0 0 0)
(0 0 0)
(0 0 0)
(0 0 0)
(0 0 0)
(-6.433031073732256 -7.18319416833044 -5.035603786601666e-15)
(-16.64585964523677 -0.1607170626398906 8.437196908423703e-16)
(-24.51285486377246 -3.787179773666307 -4.233401228969974e-13)
(-25.95015367582783 -5.585311334152395 4.079341504193614e-17)
(-23.22234721529476 -11.49060280518665 -3.368464598254812e-16)
(-19.67107245903447 -19.85081218759565 2.021885710940178e-14)
(-17.38510789456958 -29.03575114505125 -2.119985630792567e-13)
(-17.34334230873546 -38.18248620683018 -5.238523285149116e-16)
(-19.57925532645 -46.78277485810152 4.184015250400551e-13)
(-23.37847522803571 -54.31026393175807 4.191697400085358e-13)
(-28.22695356290601 -59.50043288255105 2.585009734969916e-16)
(-33.80088083847991 -61.93329849507486 6.623636105569513e-17)
(-39.67995625563951 -61.8230965935584 -1.292539765252206e-17)
(-45.69417215407443 -59.24195198004413 -5.008387675699033e-16)
(-51.72462796566845 -54.11067745157558 -5.655220426963388e-17)
(-57.42647057996133 -46.49633873102903 -4.579943630091276e-16)
(-62.24587001857842 -36.72759422041761 2.29633052851957e-13)
(-65.63407264110592 -25.27879043006105 -4.628899475639993e-16)
(-67.24045262929243 -12.59740971705289 -1.473981125478355e-16)
(-66.97903792881743 0.9803139438741225 -1.044002489127216e-15)
(-64.98796343025721 15.20051247817923 2.230123930954038e-13)
(-61.54656401296689 29.80576286467768 -2.124683034405625e-13)
(-56.99694165399096 44.4599627492137 -4.040172071064212e-17)
(-51.6833414019387 58.72226672911832 2.148626100913799e-16)
(-45.90305209708558 72.07325230480868 9.600950214835438e-14)
(-39.86178486339547 83.97360910670254 1.065802715272209e-13)
(-33.63737571469884 93.92667530599594 2.059292021985212e-13)
(-27.16798041330766 101.5184526329408 5.428572814904734e-16)
(-20.28389647298543 106.4221850185672 -2.423319083418074e-16)
(-12.78841893874759 108.3771735797638 2.585442576289134e-17)
(-4.567228564635389 107.1710761434379 -2.714230540081776e-16)
(4.314420775624728 102.6540316753552 1.148132866693081e-13)
(13.56594433167126 94.7891337583536 -4.782142112804453e-16)
(22.69520454712309 83.71745156412646 -2.030066283737607e-13)
(31.09374574417885 69.80652591206999 2.103721088821461e-13)
(38.15469187304902 53.65777130565681 -1.244035907458056e-16)
(43.38548998574992 36.06184342274176 1.617327388337764e-18)
(46.48646240515818 17.90846086216505 -3.109994832386117e-17)
(47.38713773891384 0.06870889686075335 -3.130206848807478e-17)
(46.24518838137006 -16.72448156960817 -3.877399396510236e-17)
(43.40922374095989 -31.96699211011379 -7.02777406135147e-17)
(39.34403753029382 -45.41899788002036 -3.231173259305301e-17)
(34.53016782652278 -57.07298693727613 -1.221297187775202e-22)
(29.36740973596605 -67.06323211917589 1.615152655487155e-18)
(24.11425453527715 -75.54810491873741 -4.523467095113114e-17)
(18.88020647706893 -82.6076372068087 -3.78040138494167e-16)
(13.66749254398101 -88.19459499488083 3.683564098915911e-16)
(8.442041667612628 -92.15538424624071 5.169246187032234e-16)
(2.91205070340107 -94.30513647897011 -2.003230984123909e-16)
(5.833943948237033 60.49019255267786 -1.546944945689964e-16)
(16.3983399158718 57.64153690729989 -3.582357275151458e-16)
(24.82004409774434 52.30455268639332 -2.143593037524234e-13)
(30.73504498664991 44.72995303275346 2.0525347971716e-13)
(33.40145501686581 35.44979563227255 -9.422924975573404e-17)
(32.29082500386127 25.30765469738695 1.518270305192973e-16)
(27.0782931177987 15.41471616868165 -2.331736474786294e-13)
(17.77148308913065 13.37887525554492 -1.223274364209758e-14)
(6.410919321997108 -1.687210693051056 4.832158496407299e-13)
(0 0 0)
(0 0 0)
(0 0 0)
(0 0 0)
(0 0 0)
(0 0 0)
(-8.510387261856851 -3.717790432240147 4.317409694924241e-13)
(-17.48946330084206 3.070871404554168 -1.516004704621711e-15)
(-24.78173653521977 -2.822876900756933 4.216454223487412e-13)
(-28.80736495087121 -4.239138650437336 -7.269994697522963e-17)
(-29.39534172248079 -8.452850519533012 -2.119997678399401e-13)
(-28.09441150459964 -15.35646643125412 1.275708241949105e-14)
(-26.70579520291765 -23.88528359940924 -2.118935348729352e-13)
(-26.39713811745839 -32.82552201898267 4.234009595658312e-13)
(-27.43339256600199 -41.03079449716079 -1.203555503809824e-16)
(-29.42325702328297 -47.70504134741763 -4.204040456263121e-13)
(-32.01980112426804 -52.4733409375613 1.833611703400566e-16)
(-35.11093652434048 -54.98888286694218 -1.86602053007068e-16)
(-38.54296425410144 -55.17414960368013 -4.798359811347612e-16)
(-42.14504511886002 -53.06699893288017 -2.216100691104387e-13)
(-45.75966409352728 -48.66572892889009 -5.145535752007873e-16)
(-49.1518350833224 -41.99056252358518 -7.998172699185921e-17)
(-51.9596809273803 -33.20614422877234 -4.402559075587952e-16)
(-53.77120044852786 -22.65245559216627 -6.543068769770693e-17)
(-54.26390457187012 -10.77894736846854 -1.433891501558579e-17)
(-53.31013177939113 1.944090747040926 -1.175351145196219e-16)
(-51.00193574673098 15.07830438474445 -7.132763307715979e-16)
(-47.60603166258231 28.22492374664767 -9.289573829312999e-17)
(-43.48305597932377 41.01009757990676 -1.502405635173852e-16)
(-39.00117873230623 53.07340800935495 5.331508248054761e-17)
(-34.46125390387743 64.0707135076109 2.245561780218415e-16)
(-30.04245534261283 73.68661985105551 1.211688416300924e-16)
(-25.77590378512103 81.64369357795024 1.035914430192056e-13)
(-21.55384942678355 87.69798358431314 3.171720501114257e-13)
(-17.17697710672455 91.62173677138901 2.171219659010145e-13)
(-12.43074019167437 93.18741389522219 3.174628751600202e-13)
(-7.169208282393873 92.17205517723656 3.172948508067433e-13)
(-1.380417538082509 88.39215816975022 3.172512423725416e-13)
(4.786221996457761 81.76213773878737 -7.110548919749187e-17)
(11.03667052204661 72.35586394586694 -1.776846061291786e-16)
(16.98548855073367 60.44730552476508 -1.167713800771095e-13)
(22.22744794103526 46.51252668339698 8.075296488665954e-17)
(26.40628384655846 31.18872809143812 -1.373272129588108e-17)
(29.26557678016013 15.20109363192316 -9.289559406027972e-18)
(30.67804585143415 -0.7240579878245514 2.116883627408683e-13)
(30.65611466069276 -15.94327016391226 -2.118034732827249e-13)
(29.34414384943139 -29.96369900587195 -7.270220491790161e-18)
(26.98949008408249 -42.48061164363308 -1.130917004241878e-17)
(23.89424953256409 -53.3727742169423 3.770356474610929e-23)
(20.3587124846614 -62.65573494889698 4.847207497855064e-18)
(16.63223669542728 -70.4093249039467 3.716053126463699e-17)
(12.88437526132366 -76.70556007090933 3.554007230673284e-16)
(9.20210110445227 -81.56166055948239 2.142882592830567e-13)
(5.611290276701522 -84.93218173085967 -2.308802562194364e-13)
(1.920288377651066 -86.73855032239474 4.814294782616785e-16)
(4.336267710838933 53.0734983287234 7.263227943283872e-18)
(12.14505226161654 50.16958272080992 1.324927327004084e-16)
(18.25044619117699 44.86813825885167 1.8989410791621e-13)
(22.3692303553665 37.61613130052848 1.36878247056022e-14)
(23.99664975534504 29.0783235790153 -2.193531637689058e-16)
(22.82490751532209 20.11041468778446 5.053724791932277e-17)
(18.72135406220708 11.73030745087034 1.310679033095227e-16)
(11.81662838181078 11.28680570608374 -6.61039503455282e-15)
(3.900640668345026 -2.06026643577028 4.636347602373761e-13)
(0 0 0)
(0 0 0)
(0 0 0)
(0 0 0)
(0 0 0)
(0 0 0)
(-9.005348144552835 -2.337577005524753 3.887396633760517e-14)
(-18.86259001530316 5.665186790588122 -6.723445318618667e-15)
(-26.35380034453207 -1.383269143543094 4.121125523075822e-13)
(-31.58012729530121 -3.447804993453193 9.929938798864708e-16)
(-34.3396749932329 -7.050176655708031 -2.045700995537261e-13)
(-35.10350554178076 -12.59220798109888 -2.101103408124038e-13)
(-34.85416348504154 -19.63265331466444 4.063985277715263e-13)
(-34.48885320242718 -27.20552899804429 5.291078604321443e-16)
(-34.45877464801653 -34.25943462076412 -1.292814376184441e-17)
(-34.82102166744498 -40.043544362555 -3.473510117835323e-16)
(-35.51079508324626 -44.21562709821629 2.097185543882117e-13)
(-36.50168950492661 -46.54863078000665 -2.187844174991073e-13)
(-37.758072320912 -46.90742295216022 -1.146978218937855e-16)
(-39.18575147886721 -45.25832275971327 2.170274652543854e-13)
(-40.64819155625556 -41.61089688935175 9.692958899562639e-17)
(-41.96688587946121 -36.00362079696613 1.293009595087885e-17)
(-42.90776308651745 -28.55733542498956 -2.987984436491454e-17)
(-43.20687577990585 -19.52637795232701 1.292467681474429e-17)
(-42.64390628277383 -9.29452292189943 6.533027491791947e-17)
(-41.12178617895335 1.67830245286224 1.393428852072754e-17)
(-38.7071304321298 12.92215894421386 -3.513924332887848e-17)
(-35.6147708175799 24.0068323866168 -1.36523538928859e-16)
(-32.14845739019199 34.56681517330242 2.059663608621555e-13)
(-28.6227254725502 44.30724920866242 -2.118600153654559e-13)
(-25.28984025364057 52.99871671487416 5.492655328443158e-17)
(-22.28880479148243 60.46452418603846 2.119472605855971e-13)
(-19.62601198464397 66.56087605856921 2.123495401706435e-13)
(-17.18993723283843 71.1519951756087 2.277719224564557e-13)
(-14.7944661623238 74.08754681593719 2.232595995305113e-13)
(-12.2381005329248 75.19359260363176 1.051262600415265e-13)
(-9.362484288438548 74.28601948774759 3.178199157832975e-13)
(-6.09549666029518 71.20691798711144 3.170056618165144e-13)
(-2.470349889949008 65.87446279191428 -8.077968504640265e-17)
(1.38037233388443 58.33059582494416 5.331367037010981e-17)
(5.25040848052416 48.77044804883224 3.077650808061447e-16)
(8.896114436487469 37.54293721591325 4.362175753420869e-17)
(12.0740569344775 25.12156515164098 -1.853861502892171e-16)
(14.57367632816133 12.053709153294 -3.978414828942094e-17)
(16.2427739370895 -1.099106299513407 -2.544596758707879e-17)
(17.00554735864229 -13.81924421143632 -1.05013348939623e-17)
(16.87188226292733 -25.68145853257346 -4.846794806006898e-18)
(15.93496232116141 -36.38428485356759 -1.474594465863754e-23)
(14.35504452203944 -45.75736238554352 4.24602459960982e-23)
(12.33085904751952 -53.74289444617193 6.462326190095373e-18)
(10.06442940942935 -60.35768240181917 3.392785909689382e-17)
(7.727870815916568 -65.6485079632329 8.077858591601649e-17)
(5.440870877429468 -69.65481389063221 4.329747036877355e-16)
(3.265000435038652 -72.38908278453883 5.816248793600487e-16)
(1.104881305181905 -73.83856140714926 1.033971760669477e-16)
(2.929939287132495 43.083480807165 7.674079533257276e-18)
(8.192988896262062 40.52025301835387 5.129478102327407e-17)
(12.26659267709285 35.89648193693009 1.74071900121321e-16)
(14.94523030587893 29.68903270129867 -2.102256068508243e-16)
(15.89573840334681 22.55021102109853 3.599713947799823e-17)
(14.94280887349304 15.25472709563407 2.41328661964088e-17)
(12.04958941999286 8.659223245709711 5.775410026116193e-17)
(7.362171919848272 9.789689162577158 -1.073525372015464e-15)
(2.228719857072973 -2.265525458681119 6.824428056697538e-15)
(0 0 0)
(0 0 0)
(0 0 0)
(0 0 0)
(0 0 0)
(0 0 0)
(-8.909022705778638 -2.188368804017375 4.582524286981372e-14)
(-19.81901229442417 6.648581069222059 -6.395931055197263e-15)
(-28.28474473368231 -0.4553078810437355 1.421915012393217e-15)
(-34.47427246353325 -2.725892276831805 2.453666011220704e-16)
(-38.53974470671058 -5.991234884843468 3.150402996439573e-16)
(-40.67688816094816 -10.42000820439504 2.528396105994341e-16)
(-41.31911622211089 -15.83621786198877 5.832251827620789e-16)
(-41.02391942220108 -21.67211511677441 4.426698572692054e-16)
(-40.27140792715502 -27.21560277145375 -5.040556803109761e-16)
(-39.37944950078018 -31.87937047730068 2.288075150144872e-13)
(-38.5248875417126 -35.30519634565341 -2.199331119062264e-13)
(-37.80273237829668 -37.29006113813364 -2.123374056169182e-13)
(-37.25265623364698 -37.71078496024587 -2.747049660877042e-17)
(-36.84851905547634 -36.51148206314854 1.05007150707251e-16)
(-36.50496213047984 -33.69261300184124 -1.292458048953271e-17)
(-36.09827361884496 -29.30054052941996 4.838645225990033e-16)
(-35.48243808296884 -23.44319758577175 4.4832098387592e-17)
(-34.50838794170869 -16.32030930171662 1.248048198128422e-16)
(-33.05922416507305 -8.234665489200975 5.117833223774779e-16)
(-31.09344991563781 0.4325499869324169 1.203606614444795e-16)
(-28.67340581259641 9.27237473203815 4.483350323240146e-17)
(-25.96137543349563 17.90215290334274 4.273297206127521e-16)
(-23.1826391576767 26.00490914013844 -4.159466488033785e-13)
(-20.56927719092072 33.34662859478414 -2.113398039626953e-13)
(-18.30397892634944 39.77255976213105 4.685596727756221e-17)
(-16.48029599707308 45.18767578300195 7.10868177119685e-17)
(-15.08843280702689 49.52806331654156 1.82561625500141e-16)
(-14.02717867161066 52.73134369225978 5.49376045338821e-17)
(-13.13537968039356 54.71507056522186 2.118858734984501e-13)
(-12.2322675218945 55.37066902514905 -1.130911565582075e-16)
(-11.15588290201525 54.57603479450842 4.846773492904853e-17)
(-9.791974236589008 52.2237896430124 -1.954853518171267e-16)
(-8.090100165545495 48.25697536364473 -1.292285806358236e-17)
(-6.067344218957639 42.70155640880208 2.350650552784452e-16)
(-3.802170056567623 35.68609908075429 1.471794149335295e-15)
(-1.421434956105117 27.44303368557096 2.221954087393249e-17)
(0.9170557846898173 18.29150895381163 -1.297516070257842e-15)
(3.0449053301952 8.606652116190416 -2.171980784740621e-16)
(4.805092482503626 -1.217767566630984 -2.463769650462691e-17)
(6.073762423342993 -10.80675375446184 -3.23121069368809e-18)
(6.779103209005024 -19.83649324159584 -2.423383669978122e-18)
(6.91358623286284 -28.0575552026052 -3.231383710561357e-18)
(6.535639941184034 -35.30540868855619 1.616247944525547e-18)
(5.758392468210807 -41.49664905699014 -1.001588326250968e-16)
(4.726623176237832 -46.61248104536181 3.053361365058978e-16)
(3.587243768404349 -50.6742629392768 5.00838236548867e-17)
(2.46152627737076 -53.71783473816208 4.846926600464426e-17)
(1.427470779499701 -55.77331351857761 4.845404583403977e-17)
(0.4700893205661394 -56.85512807511386 -9.047257637259165e-17)
(1.772973514458924 31.56017119541653 3.231158129379731e-18)
(4.95808150103323 29.58987924007037 1.090522467743794e-17)
(7.419225873587975 26.05777888511671 3.311955600732456e-17)
(9.022959438603387 21.36727655825477 2.342600398920067e-17)
(9.56234414896435 16.0562508017754 2.034632192497316e-17)
(8.933919738193318 10.7384275565801 2.736413808708499e-17)
(7.123086563441277 6.053702986538902 1.302565535709775e-16)
(4.223313064224244 8.696381709771057 -4.195238339293001e-13)
(1.145802291226593 -2.37084013819435 -2.645238361434856e-14)
(0 0 0)
(0 0 0)
(0 0 0)
(0 0 0)
(0 0 0)
(0 0 0)
(-8.762099545953427 -2.309476443603836 1.109451547501035e-14)
(-20.44147220605476 6.778221195629243 -1.977555756257783e-16)
(-29.99396753593781 -0.1215188838603178 2.172102374135964e-13)
(-37.11605430003915 -2.118919556291465 7.262029216546174e-16)
(-42.03379091892752 -4.871909673547666 7.835912016800012e-17)
(-44.94848851495268 -8.281065760446328 2.019553914673151e-17)
(-46.10627039454329 -12.19879826802878 4.370217409063086e-16)
(-45.86823811240861 -16.3305847704309 -4.139699750463201e-13)
(-44.6660300089094 -20.28382011824779 3.328050891441824e-16)
(-42.91061524178318 -23.68099664017884 -7.609322337844172e-16)
(-40.92148574399131 -26.23739736919025 2.175436550589378e-13)
(-38.90727811957541 -27.77542697241557 2.176979302967675e-13)
(-36.97949324575367 -28.1918844173368 5.412139529152319e-17)
(-35.16757952007159 -27.43562494864192 -8.077291131353267e-17)
(-33.43725002220857 -25.50185963773184 -1.02598897521661e-16)
(-31.71747046334109 -22.43088628010498 -2.241069608732472e-13)
(-29.92753185939278 -18.31323648733499 5.087171263871729e-16)
(-27.99834367823173 -13.30176679612365 5.256926800571719e-16)
(-25.89104699529781 -7.618659398230789 -2.31287834910948e-13)
(-23.61474595837955 -1.543918486116018 2.120834011234653e-13)
(-21.23752751648985 4.616317257824542 2.784532481598445e-17)
(-18.88223641112791 10.57092139585576 -1.292442054702903e-17)
(-16.70398170046109 16.0796197475371 -3.312003754011813e-17)
(-14.8550748518825 20.97286551233073 1.37326956923999e-17)
(-13.44879306675337 25.15241344594214 4.846758252866139e-17)
(-12.53330123579643 28.57565837527518 3.295787799876376e-16)
(-12.08234408704581 31.23075311702154 7.10857567404301e-17)
(-12.00292998670861 33.11101303928513 4.038845533741102e-17)
(-12.15514083235553 34.19635142612463 -8.885603262156911e-17)
(-12.37713630464931 34.44671887977002 -2.145871263727218e-13)
(-12.50936366910017 33.80852327527658 -3.005007991885499e-16)
(-12.41455608809185 32.23110320820996 -2.124642474962058e-13)
(-11.99258312172285 29.68771534036072 -2.118551724533016e-13)
(-11.19050394802724 26.19474527762663 4.235633251743388e-13)
(-10.00811424310121 21.82393121548209 1.914575097202075e-16)
(-8.498475691930093 16.70478293347869 4.684187380358359e-17)
(-6.762324635019348 11.01715689348993 5.270537615342507e-15)
(-4.935600191906972 4.9761501451334 -5.143426580534655e-17)
(-3.170631938520712 -1.187393776950846 -2.21488569384774e-14)
(-1.613178319454849 -7.247348283492724 1.208276949074048e-17)
(-0.3789191830925345 -13.00082905717762 -1.777172704938129e-17)
(0.4660468758823281 -18.28256375546309 -2.117646678228459e-13)
(0.9159506687631549 -22.973460764364 -1.341585907657583e-16)
(1.023786690971635 -27.00228745070205 -1.953826447562234e-13)
(0.8868155261118867 -30.34027737002943 1.923793274031732e-13)
(0.6225171205155837 -32.98986160679654 2.778555818976448e-16)
(0.3418202939802341 -34.97017782921446 8.078050476920251e-18)
(0.1276939059890518 -36.30296167014456 -1.163216077441256e-16)
(0.02248933347553153 -37.00256987027889 2.111960122709259e-13)
(0.959610199446453 19.26490512635134 5.654466250287439e-18)
(2.690638615596945 18.0339623869493 8.481831787490715e-18)
(4.043989994794329 15.83573223825088 8.68379745235592e-18)
(4.943702221774409 12.93875879202617 2.019482170147175e-17)
(5.266889401078536 9.698739716309841 6.863723601066078e-17)
(4.940261057132935 6.511320052861165 1.534808034988179e-17)
(3.930462896526732 3.76732573966258 3.433124711311622e-18)
(2.256914684228028 7.848695908951348 4.291533623232901e-13)
(0.5044114921187027 -2.423839804036168 3.862219247668581e-13)
(0 0 0)
(0 0 0)
(0 0 0)
(0 0 0)
(0 0 0)
(0 0 0)
(-8.725777315324958 -2.40812804260188 -6.117168146331848e-14)
(-20.95551596947357 6.667294901355152 9.588243734676471e-15)
(-31.35411462546994 -0.08142585198574978 7.29437693640052e-16)
(-39.22466325355409 -1.618096571286807 1.389400374083947e-16)
(-44.70189091037681 -3.669897885253742 4.847161451355968e-18)
(-48.00377675362931 -6.052210282950436 -2.665706577357126e-17)
(-49.36863522966045 -8.61276526469846 -1.130880738023774e-17)
(-49.10894127150604 -11.20180399833244 3.933949681280157e-16)
(-47.62181979724738 -13.64909924321442 -3.893629886225706e-16)
(-45.33302675157906 -15.77558795600056 4.139909792609475e-13)
(-42.61931787382263 -17.4224422164388 6.30031874699644e-17)
(-39.75721942651413 -18.47348740918635 -2.266127473527094e-13)
(-36.91285420967225 -18.85528979334138 2.617378284982182e-16)
(-34.15849427554006 -18.52928146461688 -6.58347414596831e-16)
(-31.50022346159807 -17.48990935629452 -4.066057355548605e-13)
(-28.90965046843233 -15.76699490896058 -1.187587392242327e-16)
(-26.35331859927273 -13.42826335853913 -3.743975316798298e-16)
(-23.81381084893546 -10.58147674723451 5.917137892367389e-17)
(-21.3013758559944 -7.373984894151048 2.552924571735346e-16)
(-18.85847325968251 -3.984826613888222 2.328460616505284e-13)
(-16.55856593136794 -0.6067713421126306 -3.021351664477498e-16)
(-14.49807294538415 2.578423438717037 -8.845034234198128e-16)
(-12.78069504313281 5.423891520885086 2.247111960569757e-13)
(-11.49648349528877 7.833095317098877 -4.192502511605464e-16)
(-10.70118606618365 9.76290731771693 2.940426608699527e-16)
(-10.40195632702655 11.21507211883014 2.149506362211629e-13)
(-10.55307814720729 12.22025518647595 3.190783962806555e-16)
(-11.06158036403667 12.82026306259215 -7.27134011936917e-18)
(-11.79967384085461 13.0534139658916 -2.12008651471195e-13)
(-12.62009567289687 12.94612370688268 -2.146234784740757e-13)
(-13.37149857308792 12.51143281267769 -2.31839056790203e-16)
(-13.91278217069597 11.75321819142193 -2.11934335852906e-13)
(-14.12645809539462 10.67365906123997 -3.63508643028186e-17)
(-13.93112834353292 9.281255011760804 -8.079594345474803e-19)
(-13.29213240104866 7.597167966364338 2.261824535053963e-17)
(-12.22820927906506 5.658566262080527 -3.635067527417018e-17)
(-10.81157700301149 3.518618394647796 -8.260918075491626e-18)
(-9.159645341651753 1.243546386199059 -2.811977203495558e-17)
(-7.418405951582999 -1.092384446431357 2.213189878958856e-14)
(-5.739672857475611 -3.412872729369499 2.117372642133033e-13)
(-4.256112260636044 -5.645575170537922 -2.342616672149474e-17)
(-3.059045472974381 -7.727285051278098 2.117049208281394e-13)
(-2.18408375337667 -9.607679609609482 2.11567596603429e-13)
(-1.608424137498037 -11.25112586842156 -2.128406768893653e-13)
(-1.260950980772883 -12.63620538386774 -1.796530039581588e-15)
(-1.04265669268527 -13.75302084110593 -2.843453158181764e-16)
(-0.8515737888113026 -14.59894345661055 -3.069641960208283e-17)
(-0.6048933877992234 -15.17403138056972 -2.908044010668603e-17)
(-0.2299025832185921 -15.4777606255038 -1.098599641221189e-16)
(0.5420271828781331 6.717695338898579 2.115954661746051e-13)
(1.5289600727807 6.305713922302511 2.117776238542837e-13)
(2.324022278411906 5.570611403348218 1.312677298510893e-17)
(2.885966916161757 4.607660203610067 1.345984890808286e-16)
(3.134905409381742 3.548001855480329 7.268361795851104e-16)
(3.002505761000627 2.536721658722281 -4.234176198123762e-13)
(2.424653311946403 1.704904905477731 -1.89831424503258e-16)
(1.358997323628423 7.14883234841426 5.453546162282743e-15)
(0.2213341724732437 -2.450613648129041 -3.683196154638804e-14)
(0 0 0)
(0 0 0)
(0 0 0)
(0 0 0)
(0 0 0)
(0 0 0)
(-8.811413944417462 -2.474494879809156 -5.319950392947429e-13)
(-21.4514575412546 6.534079059251267 2.131091538994607e-14)
(-32.38247188908473 -0.110411168146668 1.046090333797516e-16)
(-40.7045263329252 -1.161759061081834 8.885892319369645e-18)
(-46.46790463025735 -2.439348564402577 -3.917774076533324e-17)
(-49.89135589388459 -3.789112730425649 1.769069861321975e-16)
(-51.25586410904369 -5.099516470671172 -5.412227695389808e-17)
(-50.90457208999607 -6.316577562749556 -8.885516007131014e-18)
(-49.23981396666954 -7.418189692004034 -2.42370367519559e-18)
(-46.68395821503962 -8.383475914367477 -3.788551562765678e-16)
(-43.6193851969732 -9.17970047469074 1.777208613287749e-17)
(-40.34012569578684 -9.766750000950887 4.063201538171543e-16)
(-37.03528730057589 -10.10791153234296 -4.84528053700626e-17)
(-33.80219908259392 -10.17981670407416 -4.072947641850869e-13)
(-30.67496346609866 -9.980830126282067 2.314800793220858e-13)
(-27.6558244654241 -9.5361260655681 2.163495242996652e-13)
(-24.74201369753786 -8.897101470649741 -2.157538665885445e-13)
(-21.94406521290712 -8.135871022325443 -3.368445167016425e-16)
(-19.29439686159448 -7.337513186929108 -3.555518931681179e-17)
(-16.84753240614147 -6.591499393437337 -2.140200691850499e-13)
(-14.67427746345287 -5.982131822487004 -5.929211707616085e-16)
(-12.85157354880191 -5.578120269145319 -2.159014072763075e-13)
(-11.44930982438395 -5.422924835904822 -7.262148179384149e-16)
(-10.51605905753499 -5.528268929885632 -4.846948207394281e-17)
(-10.06681626596164 -5.87247922006686 4.442842004341583e-17)
(-10.07595336769648 -6.403722975733656 5.0083173675513e-16)
(-10.47715314160402 -7.046933383750969 5.412213746585386e-17)
(-11.1697712075112 -7.712813980697907 -7.270199896940098e-18)
(-12.02928018849457 -8.307587342931949 -3.231157827403227e-17)
(-12.91911745832511 -8.742572443748744 -1.890229377282894e-16)
(-13.70226918497193 -8.942900201489371 -1.130919798112702e-17)
(-14.25232983983744 -8.85469787276787 -2.82727145691006e-17)
(-14.46454630161093 -8.450051181284772 -4.846788675542582e-18)
(-14.26699504313044 -7.729148390993709 4.038630638313536e-19)
(-13.63080299311143 -6.71930916773408 -2.117537940128688e-13)
(-12.57702526415017 -5.471061238948972 8.279931429380182e-18)
(-11.17734450849849 -4.051891256126062 -2.097066802748134e-17)
(-9.546603035724232 -2.538608726076319 -8.279913275168356e-18)
(-7.827051057514343 -1.009371467560454 -4.446959467420399e-18)
(-6.166369041134208 0.4636508103245289 -3.069650652072671e-17)
(-4.693331503192527 1.820223935487156 -1.373236541679057e-16)
(-3.496057562285098 3.016155402038027 -3.166569201066585e-16)
(-2.607890147943341 4.025337007730235 2.584945052954749e-16)
(-2.004739083264505 4.83961655899638 -1.79328007295707e-16)
(-1.615079446894091 5.466512362692257 -3.069625589613367e-16)
(-1.340220952902166 5.925033724696748 -4.685235129564397e-17)
(-1.079190246717122 6.240204214302156 -4.846837546591035e-18)
(-0.7510672033247526 6.437131486779576 -1.292492211733742e-17)
(-0.28139633764151 6.535442226319184 -9.693562996301233e-18)
(0.5476601926729443 -5.724662778619842 2.057514846705835e-13)
(1.543612210875106 -5.278902431099201 -2.119181802600421e-13)
(2.345936276000305 -4.49234961605602 -1.441949945342987e-16)
(2.92109267370425 -3.468322924765318 7.578147041042943e-16)
(3.195950856026172 -2.325201587143474 4.074371679657042e-13)
(3.097164107062121 -1.182652453418254 7.76489355358273e-16)
(2.538335313999802 -0.1667430782848458 2.109500398131774e-13)
(1.445796244644694 6.554683398932164 2.195532348409207e-13)
(0.2420136511220434 -2.460337810004966 -5.646436063869017e-14)
(0 0 0)
(0 0 0)
(0 0 0)
(0 0 0)
(0 0 0)
(0 0 0)
(-9.006427648142944 -2.536638454456682 -1.079140232052948e-13)
(-21.93391116381125 6.408054629642622 2.12102213565573e-14)
(-33.0984581730512 -0.1368281809308539 2.019476889321882e-17)
(-41.55360064937691 -0.7156929557262847 -2.019463085121756e-17)
(-47.3292445794531 -1.220986201356973 1.639883720786266e-16)
(-50.66394465987153 -1.564977826468413 -4.154223888805518e-13)
(-51.89610006196019 -1.718533165180046 1.445889474726741e-16)
(-51.42761449255407 -1.726069999280219 -3.47291262581742e-17)
(-49.68871814862801 -1.679738869413868 9.693660082056223e-18)
(-47.09453753445847 -1.672514682154442 -6.352924835074642e-13)
(-44.00259196073743 -1.762441600602024 6.703284446512579e-17)
(-40.68543048394771 -1.965522780676488 4.073751581137075e-13)
(-37.32592091261213 -2.273101053638526 1.664204785083721e-16)
(-34.03141286917862 -2.677409207420947 2.139086126014147e-17)
(-30.85653282259955 -3.190698972467885 -8.59877974469465e-16)
(-27.82592181221091 -3.850940263709444 2.292289749543267e-13)
(-24.95306355513157 -4.71421933391038 -9.025063797627899e-16)
(-22.25422256568227 -5.839074693111354 5.493230578625934e-17)
(-19.75700422603355 -7.269970973757951 2.127748297579765e-13)
(-17.5030918951301 -9.025490854407053 -2.2337347395673e-13)
(-15.54518680729623 -11.09330203146426 6.002011092587666e-16)
(-13.93886595836705 -13.43096188168479 -2.12015140921543e-13)
(-12.7308437035965 -15.97027692470463 4.019678000701937e-13)
(-11.94603787953222 -18.62283475641722 8.321863489435983e-17)
(-11.57664011267719 -21.28475063270429 1.825533704677917e-16)
(-11.57641048887447 -23.83945343566635 2.144724226092717e-13)
(-11.86216915129534 -26.15864015037792 2.213355472885678e-16)
(-12.32223432383724 -28.10311287541041 8.078013619322406e-18)
(-12.82943230459533 -29.52621452687846 9.693697076993121e-18)
(-13.25540853192348 -30.28216612207785 -8.08439240563998e-19)
(-13.48362400226383 -30.23978456883622 2.117760084480085e-13)
(-13.41993315026275 -29.29971660281732 -2.117695459241804e-13)
(-13.00090861297096 -27.41153803916862 3.231143327131157e-17)
(-12.20038632891916 -24.58650008161481 2.117857019760609e-13)
(-11.03404524758091 -20.90252096695587 2.115579033977467e-13)
(-9.560791365798472 -16.49992033407166 -2.117715658071729e-13)
(-7.87912448816214 -11.56863374993206 1.847824373371721e-17)
(-6.11712555260425 -6.329390811453411 -1.211798115456547e-18)
(-4.416146413857326 -1.012146134042344 -1.898143099398368e-17)
(-2.91007745318484 4.165023719424643 -2.948048309130001e-16)
(-1.703607668738626 9.013964732727977 -2.123010957290261e-13)
(-0.8539324010485894 13.38958118023372 2.130468964955093e-14)
(-0.3606225964860345 17.19680072520399 -2.03392706461669e-13)
(-0.1672487824858345 20.39064042757457 2.97282078019549e-16)
(-0.1755338149986002 22.96945634139621 -2.117646987796022e-13)
(-0.2689648409048564 24.96264624783031 1.292433331067194e-17)
(-0.3394760264014514 26.41527625595138 -8.078343731993915e-18)
(-0.3095778721446498 27.37278917280939 -2.118067113699361e-13)
(-0.131507889349638 27.86876755435015 -9.694213910503423e-18)
(0.9878524541336134 -17.76551995953826 -1.425743348873322e-16)
(2.761334888852157 -16.45904175369085 -7.633584352362483e-17)
(4.134601784776299 -14.14997538356677 4.207748203261981e-13)
(5.053114945281639 -11.15011568646906 6.102905276819992e-16)
(5.420575880797145 -7.838691161975539 4.130276824083626e-13)
(5.160964270183074 -4.606021079836569 -4.213670378558319e-13)
(4.186767805959668 -1.830904528225458 -2.114373407850289e-13)
(2.432226209744594 6.062948409648643 2.283066302366853e-13)
(0.5142904420458405 -2.451553357595334 -2.964854172279951e-13)
(0 0 0)
(0 0 0)
(0 0 0)
(0 0 0)
(0 0 0)
(0 0 0)
(-9.311656740165029 -2.609625204421476 -7.40610535187675e-14)
(-22.39358183693113 6.272624905997482 1.241602931584231e-14)
(-33.50486749776403 -0.1678069553660358 7.249953962496749e-17)
(-41.7886843531845 -0.2751538707243726 9.531789942358139e-17)
(-47.31718950105952 -0.02302687357688626 -5.23450768347988e-16)
(-50.38890285810251 0.595315869494664 -4.765871675054507e-17)
(-51.41695628229619 1.4965637296429 -2.132562126024311e-16)
(-50.86577779434393 2.519355494430532 -6.623891084045213e-17)
(-49.18625864924746 3.472939757486077 -2.424705745172752e-18)
(-46.76666094594358 4.198343487774947 4.039123128999262e-17)
(-43.91239329562258 4.60559486992276 1.050615669154653e-17)
(-40.85078514946128 4.669215674876016 -4.150289982530672e-13)
(-37.74717372789991 4.392624604294238 4.579889372648336e-16)
(-34.71979700201527 3.767376874009992 4.021907537058858e-13)
(-31.84849452233831 2.749173065633716 -7.207633301074653e-17)
(-29.17934482575679 1.258560750681187 -5.792580003309656e-16)
(-26.73014812555139 -0.7982809073743133 -1.102644764740565e-16)
(-24.49981685367926 -3.499496036118446 3.069633188061952e-17)
(-22.48081302162295 -6.879554350679784 1.534806561379198e-16)
(-20.67086346357045 -10.91148398104951 6.470498433385953e-16)
(-19.07974849114935 -15.50284305781569 4.03775162483878e-18)
(-17.728548442522 -20.50445133999557 -2.118155902011194e-13)
(-16.64118269912706 -25.72769871486946 5.657494742205431e-17)
(-15.83053276637878 -30.96462503509913 -4.013328667014942e-13)
(-15.2834349460991 -36.00485473702766 -3.877968790525477e-17)
(-14.94984288368684 -40.64494879146933 2.117840883160417e-13)
(-14.74081257559083 -44.68891794779877 2.121055795351042e-13)
(-14.53734558345189 -47.94290101088446 -2.116629168599383e-13)
(-14.20833343514968 -50.2105245535904 5.008367550256024e-16)
(-13.63268750076575 -51.29603927912211 6.300807600783193e-17)
(-12.71981966660914 -51.01920464138222 -2.111766324015527e-13)
(-11.42408331120547 -49.24058341382553 -3.392688904685721e-17)
(-9.751329781220523 -45.89105117481578 -6.466409444993248e-18)
(-7.757977971187436 -40.99687141352359 -1.591310707936763e-16)
(-5.544223245130608 -34.69233201738192 2.091022179451768e-13)
(-3.243138046027005 -27.21541982375007 -1.777195343049138e-16)
(-1.006814988198385 -18.88699083279514 1.210910276425619e-18)
(1.009884584771722 -10.07818338163484 -7.807718110974097e-19)
(2.667363479111474 -1.172716816095394 -1.898594998361275e-16)
(3.859741823460692 7.469835708912201 -1.958116523519664e-13)
(4.531225955930409 15.54513260058157 -1.138884797200632e-15)
(4.686778429298516 22.82572067190214 -2.130310912364218e-14)
(4.393169098468325 29.17020070399267 -1.970483841933332e-13)
(3.76791653197953 34.51858269800085 -4.119554856903753e-16)
(2.956926372582422 38.87542664228714 -1.777191248231677e-17)
(2.105598961281207 42.28533662183719 2.117162391416666e-13)
(1.330952678447297 44.8070676767768 -2.118777893161152e-13)
(0.7025230499410146 46.4923543478942 -7.140808237587084e-16)
(0.2148978807593977 47.37356983689779 2.116483856540403e-13)
(1.854232556510119 -29.04824369851193 1.046076920030931e-16)
(5.159222079335624 -26.93643935523551 -4.228375226784693e-13)
(7.654862343442579 -23.18834520712371 -6.078516413684989e-17)
(9.232376895932319 -18.30004074146011 5.321318952808062e-17)
(9.74004546293188 -12.90460096505528 4.697085793743848e-16)
(9.10495074147377 -7.672101319771326 2.30116642121436e-16)
(7.267145247400952 -3.242917088010436 -2.72828873479792e-16)
(4.216083691809807 5.690130745680329 2.159161976108166e-13)
(0.9720509838103691 -2.4171492891702 -6.001715047849122e-14)
(0 0 0)
(0 0 0)
(0 0 0)
(0 0 0)
(0 0 0)
(0 0 0)
(-9.745858708081567 -2.700927709735351 -6.913535054723362e-14)
(-22.8303441670847 6.117414181248177 1.180898596963088e-14)
(-33.5898212970853 -0.2129428831787463 -4.227335358476605e-13)
(-41.40882056770729 0.1823940967930985 -2.283846404809915e-13)
(-46.4587748397524 1.202772344577169 -9.78436535880294e-15)
(-49.14435405749391 2.740493582652744 -1.961896350320347e-13)
(-49.97206043769435 4.563413987791295 2.331881588664361e-13)
(-49.4512384647397 6.378304835082856 2.116386795808864e-13)
(-48.00973015472869 7.925207259716835 3.966302130391245e-16)
(-45.96188242155949 9.047633080953993 -2.280659623895405e-13)
(-43.53171977360398 9.701517600017599 -2.145959921648166e-13)
(-40.8984007499997 9.908553533691007 -4.236691559649027e-13)
(-38.2277597140968 9.689002149121567 -3.09385245834676e-16)
(-35.67486440838336 9.010177370245545 7.029569447320535e-17)
(-33.36534894621524 7.769418189784598 -4.020745228996479e-13)
(-31.37337578446205 5.811118909181531 -2.171083595431172e-16)
(-29.71112034121542 2.965986785269379 -1.66391352439427e-16)
(-28.33549600882238 -0.9022030751748769 2.544580819812866e-17)
(-27.16899216975464 -5.855132593859449 8.805508684413373e-17)
(-26.12638060212303 -11.85284490604267 2.16605783911309e-13)
(-25.13815416612636 -18.74593932713436 -1.728251472684831e-20)
(-24.16372161693053 -26.28752834447935 -2.119246372574795e-13)
(-23.19101739977315 -34.16109165777551 1.324667905983452e-16)
(-22.22319390009071 -42.01677327867424 2.184952081484166e-13)
(-21.25696386709332 -49.50657870083852 -5.816608569393743e-17)
(-20.26047369878403 -56.30919401755096 2.047756676184694e-13)
(-19.16012135713764 -62.13861619490439 4.044283278110283e-13)
(-17.84384092747046 -66.73745097348005 8.191007815264351e-16)
(-16.18257057232113 -69.8634533854777 -2.01830470142228e-13)
(-14.06408862083622 -71.28239907235876 -4.226844327057726e-13)
(-11.42816813934896 -70.7780884174707 -1.155142686201067e-14)
(-8.291779686642998 -68.18180141147968 2.116790610803667e-13)
(-4.757196615354077 -63.41363660478208 -5.493012247200213e-17)
(-1.001667173210649 -56.52182997697176 -3.230877280415785e-18)
(2.747406341753121 -47.7054712368513 -1.615574211640216e-16)
(6.244549819511233 -37.31096221310808 1.696337693490665e-17)
(9.258111952514772 -25.80138480739166 1.171714254451116e-17)
(11.59714846596693 -13.70652427571579 2.969122566011412e-17)
(13.1318726816588 -1.565168754615857 2.867612633000136e-16)
(13.80777196395264 10.13035739690842 -2.088328087473111e-13)
(13.6522772920745 20.98015421139544 3.933903986131922e-16)
(12.77113570066934 30.70617858799285 4.904904248687539e-15)
(11.33223942796871 39.15872794200461 7.756292686667844e-17)
(9.537977154664084 46.29837509521244 5.47689254271325e-16)
(7.591220108560275 52.15941578083638 6.449053274623756e-18)
(5.662676194200083 56.80677205544232 -6.317096228603963e-16)
(3.867541701137063 60.2993478031204 -2.125579356981998e-13)
(2.257051329208664 62.66947844676967 4.127599066748335e-13)
(0.7502263960369149 63.92169389617841 2.106208519647309e-13)
(3.099773563981752 -39.03084352093997 -2.035532511529973e-16)
(8.621303122735528 -36.27796975572749 -4.214782112053075e-13)
(12.77100039884386 -31.32879054016258 3.122243560083876e-16)
(15.33685918838265 -24.77028045663337 -2.84960977782855e-16)
(16.04851530295279 -17.44567113197615 -1.929323881806366e-13)
(14.82264814819653 -10.32652494021467 -2.121148641507094e-13)
(11.66047687214988 -4.357998077462589 -4.416680563796327e-16)
(6.671827604844433 5.450917191009259 -2.015788396058263e-13)
(1.527867015169122 -2.349473563206605 2.24691551451879e-13)
(0 0 0)
(0 0 0)
(0 0 0)
(0 0 0)
(0 0 0)
(0 0 0)
(-10.33856299056679 -2.813751504404579 -9.21781253076107e-14)
(-23.24034663743199 5.96205332454611 1.892767382245896e-14)
(-33.31193935986422 -0.2305687342254502 -2.285104625076143e-13)
(-40.37296912593099 0.755087291124154 2.129016817234299e-13)
(-44.75909001630947 2.599221685191038 -2.122421165874231e-13)
(-47.02826121610624 5.005006109442118 -4.095546532271676e-16)
(-47.77914503033282 7.540127665223471 -1.95488327359303e-16)
(-47.50398452184225 9.792103579392524 -2.115369126361366e-13)
(-46.51693040251758 11.51111330817077 4.050495263575391e-13)
(-44.99035060523805 12.64985259517796 -2.017989641952644e-13)
(-43.05147284324797 13.29622236463053 1.897393866915466e-13)
(-40.86330060124747 13.55980192545269 2.084761951926248e-13)
(-38.64554989209998 13.47721447740022 2.028228219635469e-13)
(-36.63938096162501 12.96837857921256 2.114625879863622e-13)
(-35.04755298379167 11.8427182702623 -6.555308586079735e-16)
(-33.98277622965807 9.83900124697022 -2.121000381342776e-13)
(-33.44347010955724 6.681718966963517 -2.176914758557172e-13)
(-33.3209362313101 2.141343528366332 -2.261113939558137e-17)
(-33.43145485156568 -3.910994275251003 2.743851691179199e-17)
(-33.5616701967389 -11.46290869037834 4.131524780396267e-13)
(-33.51443192992787 -20.34189079123468 1.947218968144185e-13)
(-33.14370077300334 -30.22283670580631 -2.11856782031718e-13)
(-32.37042763362309 -40.66122002202453 -1.712697580254106e-16)
(-31.17601981019733 -51.14483719329056 2.114302815432221e-13)
(-29.57585568534592 -61.15192706069382 -2.123075273421968e-13)
(-27.58188037782056 -70.20113778472698 -7.896970759216484e-15)
(-25.16906951902722 -77.88056206216193 1.097969339599734e-13)
(-22.26218276905603 -83.85007025884798 4.200448898182751e-16)
(-18.75328153043368 -87.82293493973711 -3.174677323239071e-13)
(-14.54732252893135 -89.54437939123603 -5.229575015274045e-13)
(-9.619222002706776 -88.78791710643195 5.38799624022043e-15)
(-4.05963149667445 -85.3806991462563 -1.059194942502806e-13)
(1.908641654207379 -79.25211504430264 2.730254185472522e-16)
(7.950187397380161 -70.48661326293434 1.454099584814929e-17)
(13.66664451968244 -59.35819940850308 -2.117582124574188e-13)
(18.66094838490604 -46.32981097704738 -2.117412906621206e-13)
(22.59762294799352 -32.01332482584927 -2.006858429821722e-13)
(25.24610063735297 -17.10003803781015 -1.059103920835542e-13)
(26.50424515629745 -2.278716745770961 5.64808101834266e-17)
(26.40506479148554 11.84344509103145 1.296316196647633e-16)
(25.10704714526254 24.80447273213328 2.118108867660366e-14)
(22.86535215789383 36.32275927575028 -2.031584717207171e-13)
(19.98536560392911 46.29261522681563 2.125789920507284e-13)
(16.76860437007428 54.74020090065891 -1.196175904921577e-14)
(13.4653233335664 61.7550564231444 4.238492778855381e-13)
(10.24553098586551 67.42164487810174 2.23816959543309e-13)
(7.193659073341655 71.77395424232442 -3.65128029674004e-16)
(4.325036685569073 74.7862133848153 1.205201504426982e-15)
(1.46778906948387 76.39808146179246 2.273227881573832e-13)
(4.607237410604627 -46.88511445189551 -4.079955441220505e-13)
(12.8613509978452 -43.82121723456331 -2.411224276740182e-16)
(19.16255164264403 -38.15731570832537 8.246979455743805e-19)
(23.11549630546897 -30.3758265210375 -2.214536789229507e-16)
(24.18380098003523 -21.41230103230241 4.424974624029102e-13)
(22.19262379723862 -12.56143420067299 -4.951314853833821e-16)
(17.23775801397914 -5.170941503137429 6.357280980076489e-13)
(9.656145084140579 5.327471171094995 -2.348611782109096e-13)
(2.076911865483503 -2.249712602766083 2.529516314300865e-13)
(0 0 0)
(0 0 0)
(0 0 0)
(0 0 0)
(0 0 0)
(0 0 0)
(-11.11213781760739 -2.94014756342395 3.443469470655177e-13)
(-23.58216604980928 5.883132305915168 1.282664976838213e-14)
(-32.56706290940127 -0.08020679654323333 4.05699572751209e-13)
(-38.57903014937556 1.677160493758881 4.113204273385256e-13)
(-42.20885602320941 4.443541602046999 2.116346327833085e-13)
(-44.20344807866218 7.598194012477822 -2.17323936733411e-13)
(-45.18496296728694 10.46853189845215 -4.386268626158448e-16)
(-45.48025282043584 12.61781792568538 -6.955136051984675e-16)
(-45.1519811379336 13.97257699408044 4.232216203090472e-13)
(-44.17677336526528 14.73393856047066 -2.149586945845748e-13)
(-42.62177044452638 15.18108516233523 -1.942881055031791e-13)
(-40.71740863855796 15.5003692626663 -7.649980104473899e-16)
(-38.8191830609872 15.70336353204223 -4.20035867715066e-16)
(-37.30936061528954 15.62529864931212 -2.067592009948772e-13)
(-36.49472627817642 14.96733613439347 1.405498467512518e-14)
(-36.53437508806863 13.35368743545857 -8.47380884853744e-16)
(-37.40877805854284 10.39221097650156 -2.762549556459146e-16)
(-38.92820924909228 5.737653213416601 3.424866125645935e-16)
(-40.77324438807975 -0.8435791436356346 1.964255309785084e-13)
(-42.55727711779005 -9.414629629778336 -2.996894660587828e-16)
(-43.8980821818514 -19.82838318350235 1.897232853661517e-13)
(-44.48305084833688 -31.71921977507916 -7.429157814967354e-17)
(-44.11301788780906 -44.53195257565092 -4.701644547556815e-16)
(-42.71390093946207 -57.58344872743877 2.07895392785858e-13)
(-40.3132644588983 -70.14369009863709 -9.535035561495808e-14)
(-36.98910870018018 -81.51810989651661 -5.573802504381742e-16)
(-32.80905382661612 -91.11194388341136 2.110311912534061e-13)
(-27.78621379200401 -98.4607848414075 2.055705435743502e-13)
(-21.87687970423446 -103.2225579795092 -2.56553668723404e-15)
(-15.02907078691539 -105.1448077515317 -1.160379042165156e-13)
(-7.264487894459574 -104.0371745815915 4.620001219177494e-16)
(1.244022374722394 -99.77639446072841 2.180137801976037e-13)
(10.13688926718752 -92.34791324120856 2.056691164917437e-13)
(18.89224846268072 -81.90319637739597 2.95663163141005e-16)
(26.90420862915144 -68.80310265800742 -2.120183496284017e-13)
(33.58942440490503 -53.62388683121842 -2.03447694438893e-13)
(38.48788489110102 -37.11525863302759 -1.613578483404224e-17)
(41.33175654554779 -20.11626297533858 1.033794019474467e-13)
(42.07535581615827 -3.445556569563258 -1.446187289335419e-19)
(40.89096144517572 12.21010476445263 2.113115171137036e-13)
(38.13159147555717 26.38055267474619 -1.992447456043594e-13)
(34.25927819358772 38.84540592139483 -4.181995491166907e-13)
(29.74968105166732 49.60417954966638 2.37450320283523e-16)
(25.00041835132323 58.79152270582818 4.245892331702315e-13)
(20.27266408814539 66.56681968637039 6.199492700104853e-13)
(15.68157401685794 73.01769814250086 2.121766607052649e-13)
(11.23211021193594 78.11315023564414 2.187311117521032e-13)
(6.88140329084258 81.72155969616675 -2.124367707286164e-13)
(2.36286912533224 83.67912016834357 -2.125757328050157e-13)
(6.163807097808686 -51.4786689248714 -5.12969753707321e-16)
(17.34918618351244 -48.60019539147563 1.151210738545295e-16)
(26.21639111193846 -43.00519399694924 -1.102654022437894e-16)
(32.0818738659414 -34.80284245645498 2.119181778872821e-13)
(33.862907624305 -24.77881671166578 -4.342881469390044e-16)
(31.06400767916273 -14.48124290982903 2.101250004910005e-13)
(23.87192306298335 -5.786154855515644 -5.118566675012296e-16)
(13.02985951098738 5.226040270433561 7.152201473792557e-15)
(2.519397658200162 -2.141469170258676 7.172268702464602e-13)
(0 0 0)
(0 0 0)
(0 0 0)
(0 0 0)
(0 0 0)
(0 0 0)
(-12.04766164157005 -3.050054954781248 -7.631136629614155e-14)
(-23.72561894648829 6.048153113527376 1.100290746343956e-14)
(-31.13869752963311 0.5399613317701351 4.043039227155153e-16)
(-35.84922072933864 3.390803845592788 2.119024335919137e-13)
(-38.83805649982564 7.162843610633249 2.090904913221736e-13)
(-41.00327091983441 10.7283349866279 -2.241069680901223e-13)
(-42.75952111496655 13.24953845320801 -8.60285276215137e-16)
(-43.99993942427747 14.53298457257525 2.292202896708103e-13)
(-44.40080976721099 14.93865299699323 -2.835470815261569e-16)
(-43.78184243814236 15.02704378844736 -2.122097989243246e-13)
(-42.28504214293699 15.23640413550573 -2.30180431446603e-14)
(-40.34102223283688 15.73545082228454 -1.365007049425123e-16)
(-38.5206205055815 16.42998251008832 -1.018022146714637e-16)
(-37.37540835833698 17.03623981278871 -5.937498922401759e-17)
(-37.31916419617963 17.15389559108329 -5.448523082899659e-16)
(-38.55790138841141 16.31766815116597 -2.11845650114546e-16)
(-41.05950433119144 14.03881369895224 -3.905681333181696e-16)
(-44.55672634975879 9.855719844414855 -2.786823577630199e-17)
(-48.58373769428546 3.402883632953052 3.198890060723582e-16)
(-52.54647423574353 -5.509037023018124 1.300494338497683e-16)
(-55.81902207512031 -16.82245124542299 7.253915276772775e-16)
(-57.8472701655463 -30.19466260534068 9.369841507318703e-17)
(-58.23465658646089 -45.00747990888373 1.405439081688956e-16)
(-56.78775733330398 -60.425505564875 -4.765920584531992e-16)
(-53.51051685385673 -75.49140473757582 -8.402686276907917e-17)
(-48.55013416121691 -89.24007288907508 3.198585252999658e-16)
(-42.1117444623536 -100.8110321361083 -1.122994314876752e-13)
(-34.37279684783592 -109.5352264481405 -2.137259927030733e-13)
(-25.43730443706823 -114.9723061482739 -1.061408575450183e-13)
(-15.36193913024364 -116.8896326741077 -3.092653686120153e-13)
(-4.250808712087792 -115.2065230590987 -2.216229720320747e-13)
(7.629629842143856 -109.9509330347671 1.421528081205226e-16)
(19.78183973503273 -101.2603428823083 -1.048741995765988e-13)
(31.49499797812401 -89.41701440563985 -4.209735735116102e-13)
(41.94595406436465 -74.88592716385061 -9.701441989724498e-14)
(50.34879240955046 -58.33122005493694 -2.117970102301403e-13)
(56.10524679842479 -40.59358690230511 -1.056755289513762e-13)
(58.9158026976416 -22.61268815821354 1.000933000947443e-13)
(58.83061290524178 -5.288068936576167 3.96541771702265e-16)
(56.23117403891288 10.68116398043796 6.510597196428865e-16)
(51.74234830236855 24.90324774844942 -2.018700514260562e-13)
(46.08897903224612 37.30258668484534 -1.907985571462047e-15)
(39.93148238852 48.03945847413122 2.118972213845649e-13)
(33.73124450887122 57.3737634189126 1.631685360794655e-16)
(27.69149877416701 65.51549001277171 2.241933517462145e-13)
(21.79186153966039 72.51031024956599 2.162431189511538e-13)
(15.89752063088486 78.20840946602756 4.103947708082924e-13)
(9.89130752962674 82.33078467754706 -2.122590787348935e-13)
(3.426159297200218 84.59192234366627 2.110926580455714e-13)
(7.485843512180432 -51.51386199011518 -4.218957138383834e-17)
(21.33492068821428 -49.32693115277079 -4.174113853067197e-13)
(32.95990457646569 -44.7529469019989 2.104253718261242e-13)
(41.34187359227698 -37.37848980819714 -2.114693540545202e-13)
(44.50540052823682 -27.46438145320849 6.489438236235025e-17)
(41.18528565622447 -16.40724884956747 -4.237702388391491e-13)
(31.46717896720936 -6.559260905069644 2.166319643016132e-13)
(16.71559647786191 4.92085717599338 -2.225632946026175e-13)
(2.811078455263615 -2.06798622270351 2.490894346679661e-14)
(0 0 0)
(0 0 0)
(0 0 0)
(0 0 0)
(0 0 0)
(0 0 0)
(-13.02950046205042 -3.097815196247899 -4.804115319185395e-14)
(-23.3710073286335 6.757616172956343 6.433933424498951e-13)
(-28.62607266908505 2.208120623598514 -3.756890664962176e-17)
(-31.95614787379042 6.626273278807592 6.534985543078736e-16)
(-34.87132488388314 11.25418314609228 4.104245709819719e-13)
(-38.11675323342489 14.3908010275685 2.122828997834458e-13)
(-41.38031337792534 15.44667608212837 -4.789420657978719e-15)
(-43.79113827488631 14.96703270126112 -2.148722787008113e-13)
(-44.65792192303091 13.98500813029908 1.982915269936053e-13)
(-43.87902222919752 13.36969289923707 -2.399103533054295e-16)
(-41.91336341271835 13.53181706441932 4.183910094948877e-13)
(-39.52383026463074 14.45397173908794 4.228645886057262e-13)
(-37.51839406977378 15.85354072031738 2.119775538645933e-13)
(-36.58544753267498 17.32638692642033 2.120353124526896e-13)
(-37.21329793777308 18.41690084216086 3.081703427244991e-16)
(-39.64945697886672 18.63106059362984 2.463243825528377e-16)
(-43.87072636695487 17.43581843437259 -4.033953610914518e-13)
(-49.56413931886466 14.28236100333644 -3.998754322052998e-16)
(-56.13800125439393 8.669671655926061 -2.119803635892384e-13)
(-62.78261199437589 0.2413739156855145 1.042839450191857e-15)
(-68.58370776322712 -11.10889856116842 2.004555884569414e-13)
(-72.66807951159042 -25.15557954332029 -4.518780496266305e-15)
(-74.34386084751448 -41.30939366749751 -1.155177014862631e-13)
(-73.1978257681899 -58.64760399934254 -2.119311024372792e-13)
(-69.12783178239594 -76.0021379700365 5.815458113750758e-17)
(-62.30873609671098 -92.09270453018321 2.037934195046123e-13)
(-53.10420738206596 -105.6901729229299 -9.868975254598548e-14)
(-41.94748779489608 -115.7887818850533 -3.089261416868165e-13)
(-29.23128591868558 -121.7460172479652 -9.570714786128307e-15)
(-15.26328769478934 -123.3346960715225 1.873682460162323e-16)
(-0.3257882506403261 -120.6810553439011 1.062248778276258e-13)
(15.19020255506025 -114.1351224038871 1.066901520337905e-13)
(30.67080789793323 -104.161285387718 -4.234583344874289e-13)
(45.26666418098144 -91.29249268561337 -5.33638102615073e-13)
(57.99000297881 -76.13037324097428 -2.107485461199513e-13)
(67.88176466531409 -59.37259372779132 -2.072749908628469e-13)
(74.20641678405121 -41.85034482623281 -1.072717351446289e-13)
(76.63727450878618 -24.49826723812749 2.019443250282544e-16)
(75.36920796318155 -8.188895606571794 -2.11701487562263e-13)
(71.08227813495704 6.491410918792742 1.135108087055352e-16)
(64.75301418181105 19.36139974602125 9.571881236969203e-16)
(57.39548892018528 30.58534154489705 -2.031116308501162e-13)
(49.82085778768813 40.50565546092725 -2.015762071055953e-14)
(42.47644989400998 49.45894458244683 2.117501206795309e-13)
(35.40921092408253 57.61708584007402 -2.22256274841739e-13)
(28.37449347442431 64.89448713326261 2.144611161690765e-13)
(21.05258464177884 70.96899220816351 -3.49062610801401e-16)
(13.26531213364977 75.41298264103891 2.140394548454776e-13)
(4.624788749267349 77.85696722639986 4.051456477492977e-13)
(8.350858799412935 -45.84448218775822 -2.143191103723597e-13)
(24.11020788541213 -44.48332237140011 -3.740218029588393e-16)
(38.16483245478403 -41.60880686570701 4.157873561138781e-13)
(49.37043931589616 -36.66917787810548 -7.812867665762589e-16)
(54.83414858541072 -29.05919852804959 2.337210186892869e-13)
(51.96912823113079 -18.95245590622913 2.108906722601922e-13)
(40.01904943638132 -8.375540509857951 -4.047225697479602e-13)
(20.85844379204603 3.927648205591296 1.041669887350183e-14)
(3.052828135874809 -2.03596405102662 3.718511006949141e-13)
(0 0 0)
(0 0 0)
(0 0 0)
(0 0 0)
(0 0 0)
(0 0 0)
(-13.75895465758099 -3.074190958606192 -5.385360866306969e-14)
(-21.88181590554956 8.569012916907379 -1.965274537138031e-13)
(-24.35697256486493 6.016756228685133 4.243151936145807e-13)
(-26.80315820654454 12.39930331335437 1.577215415431403e-15)
(-31.07352875687051 16.94590581041865 6.882403879163875e-16)
(-36.81077798030304 17.96336248107606 -1.817363208515969e-17)
(-42.18328943744933 16.09983344931443 4.227656373377293e-13)
(-45.4616073760597 13.17912510259821 -6.195772397022617e-16)
(-45.99814957226169 10.83742108668863 2.120546898090356e-13)
(-44.23503350712634 9.894741980336812 -2.119504931060033e-13)
(-41.20076330462316 10.41543336342311 -2.128019049781342e-13)
(-38.01929857668629 12.04124864661175 2.124383912268748e-13)
(-35.64820531677653 14.28460282122809 -4.402014471727575e-13)
(-34.81204823452137 16.67448408833926 -2.257427461472829e-13)
(-36.01449052669751 18.77534127957695 -2.02333312673098e-13)
(-39.53898379383316 20.14249338089442 -1.131960931148034e-14)
(-45.40820391996807 20.27455753638274 2.133227428792672e-13)
(-53.32287313513078 18.60223755954217 -1.482240499504513e-16)
(-62.62472479080623 14.52953237380838 2.037615454195253e-14)
(-72.3250444525594 7.525286746803255 1.972728759953858e-13)
(-81.21597553200087 -2.750676710860252 1.436313552061177e-15)
(-88.04776527080452 -16.31449821689513 4.022491335604095e-16)
(-91.72668104225536 -32.75433474955697 1.012068662413362e-13)
(-91.48050163588945 -51.19009199667074 -1.308474178984247e-16)
(-86.95561738403524 -70.31658942512639 9.685778903523623e-18)
(-78.23816911145575 -88.53094868360684 -1.05627087259348e-13)
(-65.80782181149519 -104.1370153444328 -2.112218941327851e-13)
(-50.4286411656264 -115.6180959891746 -3.10216915228995e-16)
(-32.98321861273196 -121.9418913505203 -1.028321053181908e-13)
(-14.29697722637593 -122.7939797317329 -1.259958166046068e-16)
(4.948764961399886 -118.5973183310506 -6.483713523163269e-18)
(24.14939980545148 -110.2743625525259 -1.042538464594302e-13)
(42.62446945874051 -98.9020808325013 -1.641209956200552e-13)
(59.52591012725438 -85.46419810244178 -2.122493736673645e-13)
(73.86585302175244 -70.76393333849184 -2.119278188987928e-13)
(84.62882082219708 -55.46444585686618 -4.098727265030741e-15)
(90.97957329030908 -40.23888095247405 -8.078943305819737e-17)
(92.57725191558688 -25.81139171633754 1.171286433691688e-16)
(89.82029106440261 -12.78490484255456 2.114605656685619e-13)
(83.78146939876491 -1.404242876359989 -7.169002010112962e-17)
(75.83627893159162 8.529537002488112 -2.116597021895113e-13)
(67.23323474910765 17.49487764610906 8.126777430553555e-16)
(58.80508542948487 25.96146435700913 3.234358265802026e-15)
(50.84267489333453 34.18060745171761 3.738480509753901e-15)
(43.12704133013085 42.07973441926388 2.14572591108301e-13)
(35.14376790964148 49.29397977415962 2.117000489433796e-13)
(26.41601613626642 55.31593207089698 2.192830436617634e-14)
(16.77978988956858 59.66984813922836 -2.108114899578133e-13)
(5.870842520213543 62.03328339339262 6.906599317421749e-15)
(8.847106333639035 -33.80314173416442 1.810222140938952e-14)
(25.57071477162239 -32.55389792993476 2.114262492377467e-13)
(40.77404906829347 -31.11358905922845 -9.681167883480044e-16)
(53.89148192993484 -30.10951471082134 -2.167477688073862e-13)
(62.22212250310216 -28.19858559152375 -1.066183682191745e-15)
(61.86894367948886 -22.71307988642678 2.075320466614834e-13)
(49.5893460731919 -13.02948747358381 2.126672793645597e-13)
(26.22108444090795 1.013055713954975 2.201832663708463e-13)
(3.673402987985775 -2.004627219626045 -9.482059433322679e-14)
(0 0 0)
(0 0 0)
(0 0 0)
(0 0 0)
(0 0 0)
(0 0 0)
(-13.57162610274162 -2.990768666346858 -7.11388484041269e-14)
(-17.91041016237403 12.8118372729514 2.240844042217725e-13)
(-17.44505010575123 13.92173937896629 2.227510302396104e-13)
(-21.02699829064602 21.57637273785346 2.126809542575802e-13)
(-29.30726572263764 23.37892750603073 1.482289873995102e-16)
(-38.96282559118722 19.71927518426364 4.47081288110624e-16)
(-46.16455075447185 13.79476889282736 1.900787257617517e-13)
(-49.05355064070135 8.626987040737045 1.376179723147733e-17)
(-47.94230505091872 5.712209188143582 -4.001499564058753e-17)
(-44.30100995971429 5.190102386048059 -3.586615658049722e-16)
(-39.76685675125221 6.51974337896277 6.324240115145817e-13)
(-35.65466080875489 9.01374901210855 8.255646468161475e-15)
(-32.88515862693143 12.08432983527297 1.098193123920531e-15)
(-32.09470907252418 15.28625172198035 1.078390564791365e-16)
(-33.74528864307095 18.26607074112945 -3.606189304784436e-15)
(-38.15024071945835 20.68709514621935 2.065455439235774e-13)
(-45.41098218543289 22.16343682856912 1.254112717807359e-16)
(-55.30916447996825 22.21702245858843 -6.496602431261669e-16)
(-67.21495207772706 20.26645763643081 1.24254769245669e-14)
(-80.0628210952521 15.66307884783268 -2.060406973735962e-13)
(-92.42349272954783 7.794076646233568 2.032412857974693e-15)
(-102.6717375487916 -3.741849952689376 -2.090036691557815e-13)
(-109.2194546275632 -18.92001306562281 -2.807890784740634e-15)
(-110.7600804447555 -37.1113599236696 3.278028298013299e-15)
(-106.4686884692098 -57.01943706845336 3.344025842272362e-16)
(-96.12916201236918 -76.77040680450868 -1.141379743508314e-13)
(-80.19135467831545 -94.14874151098878 -2.116451201037451e-13)
(-59.75236378774257 -106.9661695514463 -2.583633404704151e-17)
(-36.40716965961083 -113.5558181129515 -1.518971783775847e-16)
(-11.91871468639206 -113.2991977020694 -9.693667512676398e-17)
(12.1938289299671 -106.9109841260764 5.660046910267295e-14)
(34.88544006172003 -96.17305592387035 1.573581866561129e-13)
(55.48097235727803 -83.18960397326659 1.613939547791954e-13)
(73.40481168115831 -69.69436240690194 3.553057858902185e-17)
(87.98975522609238 -56.80658865539557 -2.020356864920812e-13)
(98.40681704929791 -45.15061499739821 2.694832495407461e-15)
(103.859470920792 -35.11233260254789 -2.093962477786673e-13)
(104.0912506308192 -26.82243946040258 -2.100360180646851e-13)
(99.77635681741894 -20.07249670932957 -3.190048073888139e-17)
(92.39671997836956 -14.3590718914179 7.024792105475383e-17)
(83.65213470558636 -8.965645008954587 9.128868485694149e-16)
(74.82741627613726 -3.136564282921008 1.960991970004629e-13)
(66.50658759705676 3.552797994337017 9.693515622759925e-16)
(58.59471996129125 10.95201060510646 1.99736705658068e-13)
(50.52258324911037 18.37237086506119 8.335758050563172e-16)
(41.61069112324127 24.96598339983733 5.394444482554305e-15)
(31.42845299913456 30.14451139040053 2.061764718056614e-13)
(19.98329358819825 33.67152511820379 -5.76803068956026e-16)
(6.988796912700804 35.50909167073279 -2.153933294120986e-13)
(9.600183980655061 -15.05801963898202 -2.272386230794465e-16)
(26.79989035978828 -12.29824532881866 1.346522849628225e-16)
(40.60921567355574 -10.87150452095299 -3.522133248662867e-16)
(52.28544278083013 -14.36205933673494 4.208270437401136e-13)
(62.23058341079106 -21.66761195323794 -5.457750337894656e-16)
(67.13822636320128 -26.78017563890093 -3.410883178462726e-16)
(59.55960371444764 -23.04334123534504 -4.777613982263854e-17)
(34.75970940525976 -7.183401842613899 2.254240912577363e-13)
(5.945311781067598 -2.602053630512942 1.151161973187352e-13)
(0 0 0)
(0 0 0)
(0 0 0)
(0 0 0)
(0 0 0)
(0 0 0)
(-10.90013949741578 -2.135618821075632 -6.455534883547579e-14)
(-8.873361706350577 22.96821334229087 2.232721572231077e-13)
(-7.660242127467308 28.56710265301407 6.220429061565562e-13)
(-17.34597009081984 33.29007506796591 6.320638762314334e-16)
(-32.93062630304129 27.37958724235877 3.835043957503881e-16)
(-46.39493659285189 16.7896286722428 2.155843356694258e-13)
(-53.27557758362943 7.34268589849288 2.112517212810542e-13)
(-53.54416708990851 1.623748527588482 -1.958819736370152e-16)
(-49.43503423902153 -0.3811322418919019 -3.421054907075274e-16)
(-43.4274993234586 0.2989590076435636 -1.550966752638066e-16)
(-37.3771166815881 2.631706464197641 -2.118006376189399e-13)
(-32.45471212151887 5.886789793146923 2.005888759927841e-13)
(-29.37570260637501 9.582693963989474 3.05750675092422e-16)
(-28.63030732682457 13.36899103996256 -2.261812922692435e-17)
(-30.6136471008016 16.96335678092869 -3.170596889012256e-16)
(-35.64161770484296 20.13762270845549 -2.484925780785092e-17)
(-43.87827660562583 22.69754369386359 -1.310637683821883e-16)
(-55.21985232386173 24.41538258767868 -5.905570650251704e-15)
(-69.17866839913256 24.91892674590817 -2.06573811643318e-13)
(-84.79742545653619 23.59193823139983 1.995193026037669e-16)
(-100.6209043557064 19.57709401958276 3.344412421844791e-16)
(-114.7618549890155 11.95995224844841 -2.05659425553229e-13)
(-125.0961910159415 0.1266456274806459 9.824871080676719e-14)
(-129.5799256441017 -15.83101225682609 -1.04840256206975e-13)
(-126.614664269352 -34.85058030045884 1.101603697033829e-13)
(-115.3674735529447 -54.90653533314924 2.471996721567214e-16)
(-96.00358454758108 -73.29352586346043 -6.4507025223558e-18)
(-69.83571774824642 -87.10798810846198 -6.462672914246559e-18)
(-39.31624676443033 -93.88886333466994 -9.683692495637897e-18)
(-7.652143266524388 -92.41610731419539 -1.615871241077887e-17)
(22.07490673172809 -83.44643822661531 2.644716065767066e-13)
(47.87077996627457 -69.74114285488547 3.159022352857926e-13)
(69.10316298717845 -54.91279142430747 5.495576144522667e-14)
(85.90892545364169 -41.87703445892582 5.526277899790075e-14)
(98.4096004359716 -32.25175990692064 -1.616049224931972e-17)
(106.3230768729675 -26.90072769735563 1.469541157318667e-16)
(109.3077488228696 -25.91690333454957 -9.789653754740434e-14)
(107.6170878337125 -28.12821025967673 -2.117444752536045e-13)
(102.2836586473309 -31.45762227506328 2.108724565392101e-13)
(94.88832109106291 -33.96950344531738 5.843052100920541e-16)
(87.05878653479905 -34.44995821087675 4.120873915798654e-13)
(79.75167775077648 -32.21644527328232 2.126895890521655e-13)
(72.89366032045469 -27.2043828694924 1.712588531359354e-16)
(65.66224776723297 -20.4699878099035 -2.110506102937087e-13)
(57.14101412236867 -13.83673064045443 4.346362197180378e-16)
(46.91590842662739 -8.802181858749517 4.975642293754589e-16)
(35.1215578440772 -5.738526711046307 -1.373758478958636e-16)
(22.14512765167397 -4.1305384144154 2.115660237431914e-13)
(7.708831757828738 -3.405829274806006 6.21193568691094e-15)
(11.60693937422559 11.74309201673414 1.47264453312709e-16)
(29.75736811886609 17.20333171445926 1.95847062322603e-13)
(38.71023506181211 19.52975892134324 9.761705414769339e-16)
(43.09537448933344 12.57637797937714 4.216364170804931e-13)
(49.80400619554369 -4.212073492083023 -3.039024106171754e-16)
(60.49321441671491 -25.56745570407033 -2.128850766863607e-14)
(65.71347462388752 -38.74722570963266 -8.262931383639569e-13)
(49.11921804230606 -27.60837251815831 -3.76410771039795e-16)
(13.35471123972021 -7.935082952102693 1.706099681242643e-13)
(0 0 0)
(0 0 0)
(0 0 0)
(0 0 0)
(0 0 0)
(0 0 0)
(-1.885611538086044 3.615247336418564 -4.345944806481065e-14)
(8.494027688351025 45.97532249925256 7.079902207998815e-15)
(1.521426669466105 50.37996084117831 5.900133479779639e-16)
(-22.21451370775374 41.8098260514547 1.979707563922606e-16)
(-45.80771211404218 22.99584197573082 5.675562154011163e-17)
(-58.99972693911845 6.517814825207651 3.184796134927948e-16)
(-61.33043091098865 -2.878191382221122 -1.599435798852922e-16)
(-56.77736879547733 -6.116744370627723 -3.457389354690431e-16)
(-49.26709457793867 -5.709153168531305 4.163242927263421e-13)
(-41.28817125335824 -3.549564482996484 -9.123851142977776e-16)
(-34.17902596082954 -0.5286399228690624 -1.921227972825791e-13)
(-28.70367330500842 3.056490004063748 -4.231404458909217e-13)
(-25.40295737931541 7.02994941599715 2.296512631023326e-13)
(-24.71404625545513 11.11265430504183 -4.297419762767828e-16)
(-26.97665697585378 14.9765848999229 -3.513932555662369e-17)
(-32.41605380893765 18.4311464992521 1.143174497411904e-16)
(-41.13322230476918 21.53370525099731 -3.837443215566083e-18)
(-53.08778142268154 24.49832198221753 2.116262015175584e-13)
(-68.03839642815545 27.42180226156222 2.120265295756939e-13)
(-85.40465381617946 29.95753719474379 3.816812038930176e-17)
(-104.0554787289658 31.13246728240874 8.482416727537262e-18)
(-122.1221859729288 29.48144145388527 -2.115845538833541e-13)
(-137.0104191454097 23.53824300064932 -1.025324460394217e-13)
(-145.7373063840768 12.53131252129314 -1.720614724071453e-15)
(-145.5442115591129 -3.022722032915516 2.077984489168784e-13)
(-134.5721075816039 -21.14547997462994 -1.051472762557083e-13)
(-112.3928074452384 -38.76053972173551 6.137668684598639e-17)
(-80.34770123665476 -52.41370389098265 -3.229484036619059e-18)
(-41.71528885647125 -59.0494668736273 -1.615709874760255e-17)
(-1.476289623215188 -56.77610660210055 -9.369820352179397e-17)
(34.86879336580641 -45.82629040416878 2.640838906975181e-13)
(63.41908686793801 -29.36340661871892 1.850897546508877e-13)
(83.34508076751021 -12.6607174929204 -5.17107388086613e-17)
(96.06584321074344 -0.4669639807485118 5.738881763163446e-14)
(102.9660619931441 4.622727324642316 1.1640243562178e-16)
(104.7416736128568 0.5332803849980583 -8.606191492222289e-15)
(102.6319883484184 -12.44772348010659 3.477519220527882e-15)
(98.55053170147239 -30.61469704043037 1.203672392540756e-16)
(93.93506361960345 -48.53949122325275 -6.176517972302675e-17)
(89.40438402485573 -61.83835140571864 -7.317475551727166e-17)
(85.40519286371894 -68.87306525235797 2.282654297490559e-13)
(82.07299161008608 -70.01977643673354 4.238048732337839e-13)
(78.25304506311136 -66.18629607749108 4.2376041741954e-13)
(71.96237219276206 -60.08827630089186 4.234761090441643e-13)
(62.19038919252518 -55.04795974296015 4.05022916240039e-13)
(49.7088950404893 -52.97734993097233 2.1663568810159e-13)
(36.10009643622827 -53.62541058013161 4.250739400739662e-13)
(22.3168722677215 -55.26002956432371 8.344395804911394e-13)
(7.713776107166366 -56.26498538247952 2.017028758611361e-13)
(15.06046168134261 52.17595493035674 -2.963271200920496e-16)
(34.58669995838877 56.62150142271319 2.073536131331419e-14)
(35.98226195167296 55.80010391281837 1.988705235931254e-13)
(28.54361036687594 47.79118213177153 4.160696111285323e-13)
(24.08674971083429 28.76696285374144 -7.895072248642431e-16)
(32.60307414570291 -6.602481189649347 -2.01114870988204e-15)
(54.77056122637737 -49.81822484910315 -4.058203333288676e-13)
(67.10188688005891 -65.41211403841092 -4.444451477964951e-13)
(33.60058836844092 -29.04474559833096 -2.207055659368114e-13)
(0 0 0)
(0 0 0)
(0 0 0)
(0 0 0)
(0 0 0)
(0 0 0)
(21.52676052978101 24.74548546245937 -2.926712426190224e-14)
(32.68903578359282 86.6173509182012 4.317227036377118e-15)
(-2.473828818670761 68.94608012663785 2.671187447650659e-16)
(-44.73008895416515 34.32441695365216 1.321583201040894e-15)
(-68.22263754131171 4.438152324309506 2.485886908479529e-16)
(-72.26896996785355 -10.47623807701547 1.036046136835024e-16)
(-65.91013679604923 -13.8456082362613 -2.707120346117711e-17)
(-56.37512887917866 -11.81696270811322 -7.067821614306305e-18)
(-46.86785434429923 -8.486153970008564 -5.187968817924766e-16)
(-38.24698607091409 -5.381961745137045 2.32110981518682e-13)
(-30.77106219017369 -2.449364705426082 1.382738511569784e-14)
(-24.89612278158403 0.8200935058926603 1.94004964117024e-13)
(-21.31953830668484 4.629496973188391 4.418493958309652e-16)
(-20.6836718455353 8.66122885472558 4.724903160785133e-17)
(-23.2951549114144 12.37462316552797 6.341889713075906e-17)
(-29.08449735794486 15.51545507546687 -2.286120370935344e-13)
(-37.81110112431818 18.43314587361128 6.946720647531124e-17)
(-49.33175530918818 21.95257229375425 1.691313748794138e-16)
(-63.71945317552476 26.87376793789949 2.125375546757125e-13)
(-81.08676042217112 33.36584636877884 1.801883272704175e-16)
(-101.097000087377 40.57692250892482 3.372522321775227e-17)
(-122.356079292894 46.67053486269788 -2.117800073350876e-13)
(-142.0463199923674 49.33983977002876 3.109954625507245e-17)
(-156.1408907005013 46.71661835529905 -3.877844962888291e-16)
(-160.2914567945765 38.37721541387213 2.002149447590765e-13)
(-151.1052912796796 25.89797637934753 1.61610632520074e-16)
(-127.2718084793169 12.48028006573016 -8.607155162826586e-19)
(-90.12464489092262 1.756033740437984 -1.857877659579497e-17)
(-43.67864944145866 -3.402875469991438 2.635022667792276e-14)
(5.571033177682603 -1.234129276431653 -2.528879624043258e-14)
(49.48760670004508 8.963609940790777 -1.26009066157607e-16)
(81.03635288491792 25.68497381699076 -3.878772856520491e-17)
(97.99960564079215 43.51296765206689 -1.082178115338951e-16)
(103.192370281792 55.19004739049293 -5.471346736683372e-14)
(99.40984479940823 54.66229257840403 -6.139399588541069e-17)
(89.25262603686573 37.05883704603772 1.062652394077692e-13)
(78.15977138794014 4.548115480724617 1.084365947047539e-13)
(71.52532005666045 -35.04725699185931 3.521893643281483e-16)
(71.06000421983094 -72.19220221215612 3.093958566659585e-13)
(74.55474702784467 -99.01112383756927 3.170512390874136e-13)
(78.87736148767821 -112.5190084568927 6.254500108753886e-13)
(82.43844690970782 -115.631875713754 4.316804149523592e-13)
(82.82516046573596 -112.4125410699806 4.260642046103584e-13)
(76.80058411217732 -108.1237057357576 4.363619082543036e-13)
(64.25194048468971 -106.7642369765781 2.138415215467276e-13)
(48.33845758045166 -109.2815497494255 -2.251093721684361e-13)
(32.83887822550197 -114.7322029221199 -1.082761745446531e-14)
(19.50654552036062 -120.7697411576315 4.250188284188084e-13)
(6.704017953008003 -124.2450158194302 6.945894630773195e-16)
(16.05250818686261 120.7413170135606 -2.215289094992258e-17)
(33.38165933085421 104.7083184901527 -2.152929365852067e-13)
(29.87991577982606 88.04084387064982 -4.067380715148439e-13)
(16.06223344105495 82.53043984369052 -1.630073252604473e-15)
(-4.589657126930287 74.38582392529807 -7.328369357041791e-16)
(-18.09197331256518 41.94355622362692 4.195845579147325e-13)
(4.384352441608954 -26.11018195649487 -4.193955668896467e-13)
(68.0821588868708 -97.24937789929692 -1.172973914825033e-14)
(76.84877305836278 -72.37202117261518 -4.468896788587352e-14)
(0 0 0)
(0 0 0)
(0 0 0)
(0 0 0)
(0 0 0)
(0 0 0)
(69.53565714546826 66.26917641108905 -1.991838362471591e-15)
(44.18745080113645 121.3782875795095 1.2291205676696e-15)
(-41.22753231651432 53.0182857944553 4.248263728643738e-13)
(-86.72244154050462 -2.468191315160515 1.051203360642476e-14)
(-90.60836717120335 -26.21704311601538 6.367652242021611e-13)
(-77.28348751104804 -27.86129888313012 5.853946799291766e-16)
(-62.67115554134308 -20.90312947436124 4.181492068305642e-13)
(-51.41791452337964 -13.26466347006105 1.271757593446798e-17)
(-42.83209360591492 -7.876351142787749 -2.545321674470424e-17)
(-35.2513819832083 -4.765976379302132 -2.086298939149281e-16)
(-27.97697071294625 -2.691857865351064 -1.926610373770226e-16)
(-21.62481162918839 -0.3813730212098266 8.875796698143274e-16)
(-17.56182203380833 2.664009325020537 4.082562619787687e-13)
(-16.96892006931365 6.038666603572945 3.140294808097624e-16)
(-20.12243076569975 8.98029436238253 -5.133630321326295e-16)
(-26.35753110790417 11.16572496470274 2.293679104770236e-13)
(-34.69610508522972 13.23839079214629 -5.284993639655947e-16)
(-44.6471593514607 16.65023686140685 6.059593905138333e-18)
(-56.62512234741699 22.91795400648401 1.740801880511715e-16)
(-71.70149923326517 32.80732783861482 5.291052825382854e-17)
(-90.7507902164342 45.89375954184428 2.117820665691519e-13)
(-113.3592687032201 60.51826975394013 8.23999918442234e-18)
(-136.9643356828315 74.07811603283463 -2.803332048508886e-17)
(-156.6999307931002 83.78649564126788 -2.839467137914466e-16)
(-166.3628535620896 87.92048956079896 2.097660339896707e-13)
(-160.4690429637884 86.96378852988627 -1.04473762381908e-13)
(-136.5347501249807 83.57013168345175 -6.704486614466628e-17)
(-96.23085677804328 80.90197799089339 -2.58451886515558e-17)
(-44.70545181104958 80.50018996558167 -6.462390160294636e-17)
(10.89019581336764 81.97787995330471 4.497116258536468e-13)
(61.78789647870469 85.75311602423174 4.498772327242325e-13)
(97.96844459988272 95.33519342471044 -6.708416417408094e-17)
(112.8501543442834 111.1660018490637 -1.003764759234642e-13)
(107.2151681458169 125.0321638488935 -1.073804139835978e-16)
(84.834851738479 116.1943485533467 -3.360408963037177e-16)
(54.6274965898726 79.04966390613404 -1.777354017590525e-17)
(30.52589434754044 22.52209911421636 2.964588983892273e-16)
(21.81021398497702 -41.19209646301088 2.947656217609196e-17)
(29.97119679218014 -100.5585047851309 2.084824574432093e-13)
(49.07757778418384 -144.50355456528 2.216498595897283e-13)
(68.7844409764448 -165.0956336421242 4.218692252890895e-13)
(82.17945901984935 -166.2565374576652 4.315300770114811e-13)
(85.7612150824361 -164.1937197837292 2.218031542614713e-14)
(77.61067632133616 -166.0788180449451 -4.393026745568564e-16)
(61.03254517801669 -172.5024090056159 5.832661641190001e-16)
(41.74092912978129 -180.7564046372474 -4.201205260441817e-13)
(24.6119050559468 -189.9964878827192 -1.269706906200537e-12)
(12.80514172605271 -200.213583749706 -4.015768846659126e-13)
(4.238577309874837 -208.07709662639 6.3534991147267e-13)
(-0.9725213582964053 239.7787122414927 -8.908357053372518e-13)
(1.886363338349526 151.4165781350842 -6.551404562591888e-13)
(13.80438330668118 107.6221127602529 -2.296893605987923e-13)
(14.88859042149384 109.390235937043 -4.074473464447467e-13)
(-16.50013389260934 115.9250499964971 -6.360178057548366e-13)
(-67.89293168980356 107.2527055143049 4.098824112611199e-13)
(-88.37284468351841 64.48621409963496 -8.369855038312086e-13)
(8.412302212301313 -32.62424594925002 -5.541220665963894e-14)
(122.5496496140812 -84.88037727658383 -3.821552075921751e-13)
(0 0 0)
(0 0 0)
(0 0 0)
(0 0 0)
(0 0 0)
(0 0 0)
(122.1732407148971 76.26890294398315 -1.882457352156833e-14)
(0.4982815627730091 61.0516402509633 1.487928153161714e-15)
(-118.2462605003627 -33.55480223211571 4.237167637544136e-13)
(-123.9654179015321 -60.66698674779836 4.248349457349368e-13)
(-93.6157451097444 -53.20002848619708 4.245707882543256e-13)
(-66.95505633792088 -36.52098718003318 -4.155884240358864e-13)
(-51.31350137928138 -21.36306379301662 5.266542122446455e-16)
(-43.34835054499992 -10.73825904306863 1.485335402794323e-16)
(-38.36916724326139 -4.5786590570227 3.160447265990297e-17)
(-33.06249279125891 -1.713635854097582 -9.272795055812043e-18)
(-26.38645884001965 -0.5339472892399986 -2.008093142551802e-17)
(-19.54025559651752 0.3923544553696615 -4.662961762860515e-16)
(-14.8994986887709 1.650134399127322 6.355867312111968e-13)
(-14.36738681083705 3.037993832255811 5.674748497978366e-17)
(-18.16809653966705 4.097369826738618 -7.956751438393083e-17)
(-24.82640090327465 4.759183637113986 -5.4585140830565e-16)
(-32.32658920291099 5.850785234754563 -8.845356339482524e-17)
(-39.65219207411198 9.070163920828548 8.075456591672364e-19)
(-47.56236218145633 16.14191793566577 2.948459133614196e-17)
(-58.11095487348508 28.13650356499807 1.98182624697922e-17)
(-73.38605812926471 45.36935284520556 2.117638644988838e-13)
(-94.17172270973462 67.34020996197904 -4.01397072973051e-13)
(-118.7780940138632 92.49729400905798 -1.174169635881563e-17)
(-142.2985171237762 118.2375396559445 -3.238669647187796e-16)
(-157.1141639386101 141.6730142245676 1.115732283241021e-13)
(-155.4556492459117 161.0806789531288 -3.817034253691836e-16)
(-133.3336190878044 176.726336260191 -1.031866524460133e-13)
(-93.19458664190444 189.6488245520007 -2.233607311314028e-16)
(-42.60274750876673 199.063108024671 -1.657940335992612e-16)
(10.8239592867191 200.8035899857505 3.735552270979102e-13)
(62.84492026174851 191.4269308374394 3.705366285051001e-13)
(106.4492388100716 179.6869441888098 -8.662513804309827e-13)
(127.6965761084915 185.0292836223121 -8.658600893493806e-13)
(108.2207173033871 207.5806746384695 -3.244224632150905e-16)
(53.4273451743824 180.3206803495201 1.116361899532313e-13)
(-4.41962338368246 117.0835820237531 -3.247688810326405e-16)
(-42.08198890045454 37.11182219991083 9.084056635155068e-17)
(-51.55528369572931 -47.2211297345043 3.070561418885017e-13)
(-32.25145375795973 -126.9222864953498 -2.509739801059808e-17)
(10.01761841739001 -191.429587174339 -6.349551546939076e-13)
(57.12437889058944 -225.1300348369369 7.474638447101754e-13)
(83.34036082340462 -216.7842662045391 7.573663000860381e-13)
(83.00287996129696 -219.94320283868 1.644270554934789e-16)
(68.49189494031734 -237.1633322338442 8.635252657429588e-13)
(49.57435389668114 -256.1392745519897 -3.243669486418107e-16)
(30.84437873127631 -270.2066321725208 -8.671926899324093e-13)
(13.38169914677874 -279.5368661589673 -8.471298796355037e-13)
(1.427072706462997 -288.9562326960318 -2.116770468555099e-13)
(-1.159350147396601 -306.1954952521394 1.038925169792152e-12)
(-259.0034646697323 366.0223254843862 -1.800446497915655e-12)
(-273.2296311977361 174.9334482485351 -4.712862414871474e-13)
(-184.3132884304521 126.7844421044333 2.186055460407335e-14)
(-144.6244906255599 128.3854855293704 -4.010597634687041e-13)
(-173.1073244684231 126.8078698754762 -4.16714873388407e-13)
(-234.3206187880222 135.9800417187116 -3.925158877555375e-13)
(-307.7987559722949 176.9024949297152 -1.976201874357082e-13)
(-282.0876756392718 234.6017135514023 3.823148886816012e-13)
(154.7153695748398 86.49540933014553 1.953934251449831e-14)
(0 0 0)
(0 0 0)
(0 0 0)
(0 0 0)
(0 0 0)
(0 0 0)
(162.0909139275576 -86.29208650485718 3.060973297707936e-14)
(-266.4821162271064 -203.810343897257 -1.008309975459528e-13)
(-316.8474715843652 -153.3929925187415 4.235771727095314e-13)
(-264.7124993852752 -95.12336782534791 -2.492066265140843e-15)
(-225.6971519983007 -57.04693811825217 -1.096857799259835e-15)
(-205.4096601400078 -32.76907544472546 4.135108719281767e-13)
(-197.3922562676372 -17.23824970555818 1.410855768423242e-15)
(-195.5027836862637 -7.185632829297653 -4.311306595870928e-13)
(-194.7796677797183 -0.541218592051262 -1.191337913332659e-14)
(-191.8527093757201 3.452664116803672 -2.038709515224719e-14)
(-185.7303444809081 5.020016522280491 -7.876923388984601e-15)
(-178.3531862319553 4.526664051798462 -4.129816732486617e-13)
(-173.1975849499667 2.302375637400396 -4.11480281780679e-16)
(-172.8164687720412 -0.7339488124515923 7.853027534979199e-17)
(-177.372669094494 -3.369632439282613 1.861177044966289e-17)
(-184.6179840042969 -4.503949875698943 5.830216993626235e-18)
(-191.3454474357876 -3.459038467716178 1.183126108269113e-17)
(-195.8608861334077 0.599209405729088 1.080751188169176e-16)
(-199.2171016121286 8.281013459364065 -1.302274840651376e-15)
(-204.0252916123823 20.29171857043609 -6.214275275994185e-15)
(-212.7586477945812 37.9836517709315 -1.875258096374092e-14)
(-226.7049943030566 63.14911010596742 -9.132721569703406e-15)
(-244.977579378922 97.20165757985612 3.200727970421665e-15)
(-263.2547184505272 140.0758423850136 4.878566329198034e-15)
(-273.2584985987648 189.2296781528792 2.138204064691143e-13)
(-265.0554991446633 239.7775074994209 1.08369964002495e-14)
(-232.7620443120848 286.0358368305019 1.358888519829159e-13)
(-179.6883427415741 322.7501018460684 1.271481205994125e-14)
(-117.7993881708953 345.3686939504712 6.784060392676292e-15)
(-58.45753200009241 348.2365404959274 1.153521711735512e-13)
(-0.9454699051572675 325.343310532057 7.06649869459079e-15)
(66.45300207471595 276.9898762643333 -8.696847616907025e-13)
(121.85538803399 261.5328512998049 -7.545889475546565e-13)
(102.5065667092584 287.5531930287885 -2.705535488723814e-16)
(-5.662241001416259 223.4233197176628 -3.821530592019344e-16)
(-88.58136158544563 138.3163119788372 -7.735583694844687e-17)
(-133.7788173315767 44.50451531779417 -3.108238682193782e-16)
(-142.2238945987186 -50.92404591569333 3.150713280674996e-13)
(-114.2372605886981 -141.4731768697916 1.055127457475887e-13)
(-49.13017047816304 -221.0672976877985 -7.411162110535684e-13)
(43.42976380346855 -280.1607662114418 8.997286989241318e-13)
(71.62830132410163 -262.9722312258696 9.662081691629684e-13)
(44.59231211138879 -276.7198182335405 4.421010380609951e-17)
(7.304993251302164 -319.674078639198 1.073731172437866e-12)
(-22.71741893823327 -350.2414187842658 1.110324439556659e-13)
(-51.6278837953334 -369.5316955755073 -1.17423254780257e-12)
(-84.02855979402483 -377.0101255475619 2.926643414966764e-15)
(-122.4010016426368 -374.0372617660311 2.018324244580493e-13)
(-138.1992763151753 -399.2843067334487 -2.149261080777992e-15)
(-366.4757976134738 203.9167205061592 -6.628076644499437e-13)
(-208.2907742744839 132.3675244426215 -3.443656569250534e-13)
(45.80356984016122 139.7669526680812 5.073538564719703e-14)
(100.9280834014044 102.7680908919637 -5.666153716788956e-13)
(80.95120856791262 77.83288749890939 -1.216126159630048e-13)
(72.99706717174722 83.26540309598074 -5.285618528094543e-14)
(92.58964134646759 128.3310458988741 -5.941759558174232e-14)
(41.74274602162603 198.7302401272408 4.143436946729313e-13)
(-171.7351342349542 208.8160185797565 -2.298588376048575e-13)
(0 0 0)
(0 0 0)
(0 0 0)
(0 0 0)
(0 0 0)
(0 0 0)
(-155.3016699371854 -193.2142245053988 4.982847008116498e-13)
(47.63623231743372 -198.5309912226301 -5.971838745179879e-14)
(83.55148494648569 -122.0323020213762 3.634235854867435e-16)
(60.93777385149199 -63.45176498528465 2.110616082419387e-14)
(57.44543610149307 -33.03405906103801 -1.032439869122396e-14)
(62.041464660506 -18.1178034773223 3.092907665993687e-13)
(64.11655199399026 -10.21889805800193 -1.065230747507577e-13)
(63.85393247685981 -4.409482775136818 -2.116508616845125e-14)
(63.18232468971041 1.138513591591461 2.002435213127415e-13)
(63.11893321874754 5.960073123924275 9.869565716466152e-14)
(64.12676470723144 8.432005860110374 3.775519227361803e-14)
(65.56446313485318 7.484740611089403 2.635241931088706e-15)
(66.49985639074684 2.980502157131333 -2.295964477660995e-15)
(66.58301155403362 -3.061647898838891 -5.023815204873527e-16)
(65.79333568307698 -8.02526221977582 -8.093573528767672e-17)
(64.43261973826016 -9.737348878704365 -1.347930851620564e-17)
(63.36403338990142 -8.065694343151936 -5.318008602259784e-17)
(63.0922770767085 -3.689314041749811 -2.269597490309153e-15)
(62.97246594391027 2.2809561212892 2.232786734148299e-14)
(62.27439595020372 9.884138794763194 -3.694358756756118e-13)
(60.38740366904672 20.84301941978267 8.621096576542973e-14)
(56.75497406858644 38.05600229639738 -3.499801988369269e-13)
(51.20526301702373 64.90078012125501 -2.587620024084298e-14)
(44.14276229823528 104.0780069403845 -4.802924303025626e-14)
(36.74155216490685 155.3991953885529 8.490217175200398e-14)
(31.28748485272943 213.6647954491082 2.971549857788311e-13)
(29.94346455308752 269.3634691994883 4.4922124632409e-13)
(31.71840798948477 312.0778957842724 1.736677412991061e-14)
(31.21855989083224 334.1129614369271 -3.62499538103335e-14)
(20.51442169206189 334.65958461308 -2.430066167083547e-13)
(8.083242664337041 325.3550131396961 -4.852216852022774e-14)
(59.99295732457998 270.2626727089232 3.206730253573707e-15)
(153.6639306328209 276.4295769669603 -1.944261129104073e-13)
(35.10640645213394 251.7777886573732 -6.818640343464599e-15)
(-95.80953570931435 214.9611923844417 -2.123762475921134e-13)
(-183.3384276456431 136.6333785855461 -9.157787627337913e-17)
(-231.3223467713433 44.15727718108886 -1.722173244716127e-16)
(-237.5329758678603 -51.74375325027312 -3.411386830284743e-16)
(-202.3947054889521 -139.5117547593852 9.081615704898881e-18)
(-128.6699714162635 -209.3140593009031 5.654500617275222e-18)
(-13.04923331964232 -239.6079303162967 1.412354084212186e-14)
(100.5367820524951 -251.6586555797435 -7.973874602995486e-16)
(40.13391105959595 -241.4259270531922 -2.052212065900486e-16)
(7.975493767019535 -285.8994672767597 -1.447333918750028e-16)
(23.50915489667105 -301.155411502175 -1.858291807718429e-15)
(42.79953902748811 -316.8803208883626 -1.182546838676594e-14)
(62.26627521530148 -326.1722436981216 2.733471050002033e-14)
(41.57595918079367 -330.3152383405279 1.05985636976257e-14)
(-107.1013815606504 -311.9250669617774 1.235878170855256e-14)
(0 0 0)
(0 0 0)
(0 0 0)
(0 0 0)
(0 0 0)
(0 0 0)
(0 0 0)
(0 0 0)
(0 0 0)
(0 0 0)
(0 0 0)
(0 0 0)
(0 0 0)
(0 0 0)
(0 0 0)
(0 0 0)
(0 0 0)
(0 0 0)
(0 0 0)
(0 0 0)
(0 0 0)
(0 0 0)
(0 0 0)
(0 0 0)
(0 0 0)
(0 0 0)
(0 0 0)
(0 0 0)
(0 0 0)
(0 0 0)
(0 0 0)
(0 0 0)
(0 0 0)
(0 0 0)
(0 0 0)
(0 0 0)
(0 0 0)
(0 0 0)
(0 0 0)
(0 0 0)
(0 0 0)
(0 0 0)
(0 0 0)
(0 0 0)
(0 0 0)
(0 0 0)
(0 0 0)
(169.8025132834126 102.2728396249273 2.397308431205239e-13)
(47.82191989306244 129.8116976880456 2.135372719562097e-13)
(-136.9225684414907 158.9682230161399 2.238266284219526e-13)
(-259.3852767687667 112.5654306489389 -1.024834237563463e-15)
(-322.1559491257643 36.0209204602036 -3.190279569069446e-13)
(-325.8929264681404 -48.78361544237944 -4.082279605656351e-17)
(-271.807566751107 -121.1854587926808 5.08080163581268e-14)
(-161.7579086022313 -160.8170776842938 7.072935959867283e-17)
(4.888176607443089 -130.6798201290491 6.169219197530229e-17)
(123.501267990421 -94.36236741892948 3.729615396662989e-15)
(0 0 0)
(0 0 0)
(0 0 0)
(0 0 0)
(0 0 0)
(0 0 0)
(0 0 0)
(0 0 0)
(0 0 0)
(0 0 0)
(0 0 0)
(0 0 0)
(0 0 0)
(0 0 0)
(0 0 0)
(0 0 0)
(0 0 0)
(0 0 0)
(0 0 0)
(0 0 0)
(0 0 0)
(0 0 0)
(0 0 0)
(0 0 0)
(0 0 0)
(0 0 0)
(0 0 0)
(0 0 0)
(0 0 0)
(0 0 0)
(0 0 0)
(0 0 0)
(0 0 0)
(0 0 0)
(0 0 0)
(0 0 0)
(0 0 0)
(0 0 0)
(0 0 0)
(0 0 0)
(0 0 0)
(0 0 0)
(0 0 0)
(0 0 0)
(0 0 0)
(0 0 0)
(0 0 0)
(0 0 0)
(0 0 0)
(0 0 0)
(0 0 0)
(0 0 0)
(0 0 0)
(0 0 0)
(245.4419099237089 10.38626360385853 -6.476723133953657e-15)
(110.0672842620864 19.10253868363704 2.336381364744981e-15)
(-135.6890141311562 87.5751585898132 -8.92692674995824e-16)
(-306.2857300845597 68.65727927659418 2.251444668670116e-13)
(-392.6713928467887 19.13378924792348 -4.41348588725187e-16)
(-394.7393550762166 -39.49109500054942 1.059395227218932e-17)
(-314.4281677063011 -87.19288514459761 1.336170951750738e-14)
(-156.0867458660613 -102.7500156511958 2.059558210785242e-17)
(67.93374901282355 -38.04675010073014 -7.338523140599189e-16)
(196.7673578109646 -14.37451555293352 -2.818317616769725e-15)
(0 0 0)
(0 0 0)
(0 0 0)
(0 0 0)
(0 0 0)
(0 0 0)
(0 0 0)
(0 0 0)
(0 0 0)
(0 0 0)
(0 0 0)
(0 0 0)
(0 0 0)
(0 0 0)
(0 0 0)
(0 0 0)
(0 0 0)
(0 0 0)
(0 0 0)
(0 0 0)
(0 0 0)
(0 0 0)
(0 0 0)
(0 0 0)
(0 0 0)
(0 0 0)
(0 0 0)
(0 0 0)
(0 0 0)
(0 0 0)
(0 0 0)
(0 0 0)
(0 0 0)
(0 0 0)
(0 0 0)
(0 0 0)
(0 0 0)
(0 0 0)
(0 0 0)
(0 0 0)
(0 0 0)
(0 0 0)
(0 0 0)
(0 0 0)
(0 0 0)
(0 0 0)
(0 0 0)
(0 0 0)
(0 0 0)
(0 0 0)
(0 0 0)
(0 0 0)
(0 0 0)
(0 0 0)
(256.0877947132187 18.46125563112655 -6.773434671881495e-15)
(142.0400186601946 -50.43829872885436 -4.136775223335203e-13)
(-127.4283210198021 17.94422301373758 4.163717663667196e-16)
(-327.826645915043 8.399587303500008 -3.440375589233756e-16)
(-430.304323393923 -6.30075260580103 -1.775566890664253e-17)
(-432.2196008490105 -21.06884665095683 4.638128596368603e-18)
(-335.066487289195 -37.0717447820875 1.695218425947156e-17)
(-145.0557190063305 -47.01626903532267 4.038565814823222e-18)
(106.0916354331062 14.92240347576441 4.584861197640265e-17)
(216.3619112254018 -23.48317231432139 -4.350956310246614e-15)
(0 0 0)
(0 0 0)
(0 0 0)
(0 0 0)
(0 0 0)
(0 0 0)
(0 0 0)
(0 0 0)
(0 0 0)
(0 0 0)
(0 0 0)
(0 0 0)
(0 0 0)
(0 0 0)
(0 0 0)
(0 0 0)
(0 0 0)
(0 0 0)
(0 0 0)
(0 0 0)
(0 0 0)
(0 0 0)
(0 0 0)
(0 0 0)
(0 0 0)
(0 0 0)
(0 0 0)
(0 0 0)
(0 0 0)
(0 0 0)
(0 0 0)
(0 0 0)
(0 0 0)
(0 0 0)
(0 0 0)
(0 0 0)
(0 0 0)
(0 0 0)
(0 0 0)
(0 0 0)
(0 0 0)
(0 0 0)
(0 0 0)
(0 0 0)
(0 0 0)
(0 0 0)
(0 0 0)
(0 0 0)
(0 0 0)
(0 0 0)
(0 0 0)
(0 0 0)
(0 0 0)
(0 0 0)
(256.8595530076818 43.64305513163583 -2.980897964289289e-15)
(139.4920513866354 -103.2767702779052 2.749940342030278e-16)
(-137.0978662439784 -59.07890406899885 -5.140261793968643e-16)
(-330.530705651795 -69.30072278575278 -7.086628447955123e-17)
(-422.1398267884315 -38.62959129663007 -5.663317850125173e-18)
(-425.5103473205987 8.055305889102199 -7.126198908215119e-22)
(-340.3755900876016 34.93448582841121 1.616200575202296e-18)
(-153.6090682992812 20.65156654424445 4.72648052256765e-23)
(114.0328678926584 54.60171173334217 1.789624246303957e-17)
(231.3303595368221 -49.64461442048672 -8.795004444690766e-17)
(0 0 0)
(0 0 0)
(0 0 0)
(0 0 0)
(0 0 0)
(0 0 0)
(0 0 0)
(0 0 0)
(0 0 0)
(0 0 0)
(0 0 0)
(0 0 0)
(0 0 0)
(0 0 0)
(0 0 0)
(0 0 0)
(0 0 0)
(0 0 0)
(0 0 0)
(0 0 0)
(0 0 0)
(0 0 0)
(0 0 0)
(0 0 0)
(0 0 0)
(0 0 0)
(0 0 0)
(0 0 0)
(0 0 0)
(0 0 0)
(0 0 0)
(0 0 0)
(0 0 0)
(0 0 0)
(0 0 0)
(0 0 0)
(0 0 0)
(0 0 0)
(0 0 0)
(0 0 0)
(0 0 0)
(0 0 0)
(0 0 0)
(0 0 0)
(0 0 0)
(0 0 0)
(0 0 0)
(0 0 0)
(0 0 0)
(0 0 0)
(0 0 0)
(0 0 0)
(0 0 0)
(0 0 0)
(240.5792603088215 88.73895770056504 -8.506795851986713e-16)
(85.21738394414851 -177.4148760686192 -2.150613337407198e-13)
(-176.2399516962549 -168.2909492202219 4.137872996083159e-13)
(-307.3773329020558 -157.9191757263313 -5.438386510222049e-16)
(-352.9482947002264 -69.95387829433291 -3.139822702205574e-17)
(-358.6555237039717 40.98626422019393 -1.414472547174317e-18)
(-322.4702265158472 125.2749330630342 6.055208849869219e-19)
(-194.8084094458381 129.8129862221035 -1.560932158056429e-23)
(70.67593423256517 123.4952886985458 2.645524065028482e-18)
(233.6374512578348 -96.15393586325011 -1.772240940337574e-18)
(0 0 0)
(0 0 0)
(0 0 0)
(0 0 0)
(0 0 0)
(0 0 0)
(0 0 0)
(0 0 0)
(0 0 0)
(0 0 0)
(0 0 0)
(0 0 0)
(0 0 0)
(0 0 0)
(0 0 0)
(0 0 0)
(0 0 0)
(0 0 0)
(0 0 0)
(0 0 0)
(0 0 0)
(0 0 0)
(0 0 0)
(0 0 0)
(0 0 0)
(0 0 0)
(0 0 0)
(0 0 0)
(0 0 0)
(0 0 0)
(0 0 0)
(0 0 0)
(0 0 0)
(0 0 0)
(0 0 0)
(0 0 0)
(0 0 0)
(0 0 0)
(0 0 0)
(0 0 0)
(0 0 0)
(0 0 0)
(0 0 0)
(0 0 0)
(0 0 0)
(0 0 0)
(0 0 0)
(0 0 0)
(0 0 0)
(0 0 0)
(0 0 0)
(0 0 0)
(0 0 0)
(0 0 0)
(177.3192986975671 116.5095550488107 5.386015912954343e-15)
(-63.82533365424543 -347.253699271812 -1.103946791086778e-15)
(-222.8051268166384 -298.6515517817281 -9.114891634557151e-16)
(-232.193634580918 -213.6546440534797 -3.123676897140859e-16)
(-223.2343868067271 -81.45338698829055 -2.120768198521338e-17)
(-230.2815360296713 56.4528389932696 8.078095059150837e-19)
(-251.5488678982348 189.0586513562175 6.057635664472418e-19)
(-246.0207388291593 272.0916577705265 2.018812154499268e-19)
(-71.58009269346734 302.766224550161 3.805157034509649e-19)
(188.9474251291807 -124.3936542482246 -5.614698699470564e-19)
(0 0 0)
(0 0 0)
(0 0 0)
(0 0 0)
(0 0 0)
(0 0 0)
(0 0 0)
(-366.2118938189184 -208.7148755853221 1.074831272043728e-16)
(-208.0091207197467 -137.0123759092045 -1.613285347251247e-14)
(45.9602515287649 -143.8224043926224 -8.779360372451289e-14)
(100.8497199745343 -106.2832183418867 3.139942634218401e-13)
(80.11995555977164 -81.21041428665364 -6.355196044181342e-14)
(70.682770997356 -87.34119999401061 -2.254287150740432e-14)
(89.91717171978001 -133.3117302775438 -1.772891646347702e-14)
(44.95435615448829 -204.4263425001831 -9.322960207567026e-14)
(-164.5172547780322 -202.6227059725414 4.594102170431149e-13)
(0 0 0)
(0 0 0)
(0 0 0)
(0 0 0)
(0 0 0)
(0 0 0)
(-164.5362976405096 197.6403174830496 -1.029920775646929e-13)
(43.66810650635671 187.7300713837692 -6.0056258123561e-14)
(85.58708933629758 108.4770566283768 3.240633783010985e-13)
(62.15535313295457 46.60684494441914 -5.752931188526582e-14)
(54.95892548722254 10.00437389456957 -4.136403621221471e-14)
(55.29926580534555 -18.34705832541981 -7.886536812968114e-14)
(63.01655656313922 -53.43580740649355 2.955749214778687e-13)
(86.41122293083747 -112.1787770682283 -1.237482157887941e-13)
(44.32589658323808 -186.7611956355524 1.149096294981916e-13)
(-160.1528246128366 -195.2554808313596 -9.335838144906637e-14)
(0 0 0)
(0 0 0)
(0 0 0)
(0 0 0)
(0 0 0)
(0 0 0)
(-160.8280780430446 194.9036626622376 6.011457688602463e-17)
(44.1879944555875 180.1776133718097 2.291806754620885e-17)
(84.41727514259507 98.00530059717394 -8.798852973304586e-16)
(60.54565634906056 29.71431651138285 6.179202888759938e-15)
(56.35199058073766 -13.91881384553911 4.890140734750759e-14)
(71.815949716631 -43.069224794086 -3.466895046186079e-13)
(108.9439565939619 -62.62573992898596 2.742639784635171e-14)
(129.6105627277705 -101.4941356013242 1.535920511611548e-14)
(-47.12720253839166 -148.6748285624544 6.990089121209274e-16)
(-277.8619238854462 -376.1947830229552 3.019253405785263e-15)
(0 0 0)
(0 0 0)
(0 0 0)
(0 0 0)
(0 0 0)
(0 0 0)
(53.75270408095224 -97.76982663494204 3.993703004864218e-14)
(-456.6454440358149 -599.8536754435838 -4.043691231987125e-15)
(-345.9141509913111 -318.4829095952454 -1.159002996194513e-13)
(-264.443190337362 -168.1539180824643 -2.147919046200777e-13)
(-256.5046937568304 -59.49668816661457 -5.561096895982653e-15)
(-262.0993766033721 37.24178885810303 -2.029341452515192e-15)
(-281.9536877417731 151.5274952482517 -3.632190756867712e-16)
(-371.8922093611533 309.3568134684683 -5.78364772749624e-17)
(-469.3761818033332 584.6044242570485 -9.244095088931858e-18)
(75.40795551513804 90.51232487713976 -4.717925344890652e-18)
(0 0 0)
(0 0 0)
(0 0 0)
(0 0 0)
(0 0 0)
(0 0 0)
(0 0 0)
(-258.5983288294225 -379.9561336865028 3.4922709889576e-16)
(-272.3455896362016 -188.167163841004 3.106194822305172e-15)
(-183.3572722869321 -138.6575108682528 1.082336179356094e-14)
(-144.2154665498598 -138.5417044901989 4.435707562256194e-13)
(-174.0013757149089 -135.0996226293308 1.256875587505563e-14)
(-236.4520996364489 -141.8533907250011 4.360869242777014e-15)
(-307.9562515474008 -178.6480016379453 3.68398094366962e-15)
(-273.3911186001067 -224.9206984403937 1.262363720659503e-14)
(161.6538459764025 -88.15996875846329 1.190387161427549e-13)
(0 0 0)
(0 0 0)
(0 0 0)
(0 0 0)
(0 0 0)
(0 0 0)
(150.7481312100796 84.13304283642665 1.028822078931637e-14)
(-279.8549236210065 210.3503390041512 8.091152427508127e-15)
(-321.3535156259935 142.8780890677516 4.41727819955022e-13)
(-269.8207520400883 73.03750052738251 1.19837259409371e-14)
(-239.5014195069134 20.34362777812307 7.176538322942472e-15)
(-237.5528046853628 -26.03861104316802 1.044195754070877e-14)
(-263.9615440761784 -77.08511328575665 2.497050678532852e-13)
(-312.1278147871055 -143.9160002776712 1.89075178537679e-14)
(-270.8815026889995 -208.6641995244856 2.526918210227697e-13)
(151.2837933171823 -82.12132094644005 -1.971380045599378e-14)
(0 0 0)
(0 0 0)
(0 0 0)
(0 0 0)
(0 0 0)
(0 0 0)
(145.6934611538169 81.37383603317929 2.101881392541277e-18)
(-281.4363019564263 197.8921858391281 -1.23670932439563e-17)
(-326.7810395406212 115.6659638526964 -4.167038442037839e-17)
(-278.7600625155056 26.5405243247055 -1.185690980300373e-15)
(-242.1935804690482 -47.79629651566055 -4.724461549770994e-15)
(-217.9603922437792 -117.1207352249977 -2.221517470598949e-13)
(-220.0896232133177 -201.2322502135884 -6.993712346232785e-15)
(-301.045074513623 -327.8637257205664 -2.706445752597514e-15)
(-415.1231303125845 -583.8805118457177 -5.428220754471132e-16)
(55.6466159893928 -84.31510393866282 -1.186705859623184e-16)
(0 0 0)
(0 0 0)
(0 0 0)
(0 0 0)
(0 0 0)
(0 0 0)
(-295.4599614156335 -396.9413127251738 -1.374709779354914e-13)
(-48.81298747714624 -165.0088832074271 -9.739565896077715e-14)
(137.1870203231797 -106.0932645388756 3.219967334765519e-14)
(112.2307782802394 -55.26337298783287 -6.14670948789189e-14)
(75.18064002987344 -25.16581956213397 1.559109404983602e-14)
(73.65391366200019 8.979147946927911 1.203588974084593e-14)
(105.9387521956743 43.81337869105347 1.189995016529559e-15)
(126.7170725876258 103.9880208202609 6.32020082278199e-17)
(-49.61156382563287 172.594678289475 7.844483506110083e-19)
(-299.0087321037153 410.6923934000018 4.813578478143733e-17)
(0 0 0)
(0 0 0)
(0 0 0)
(0 0 0)
(0 0 0)
(0 0 0)
(0 0 0)
(-0.111101470377753 -263.6457859876528 1.022997035797857e-18)
(4.207590648935591 -173.9571845912002 -5.258927759136141e-20)
(16.99879498760429 -127.6907064173079 -1.820031654117227e-16)
(18.29411830140737 -125.9492485354663 4.185828988231672e-13)
(-13.27555659016146 -127.8863188443405 4.676716063276464e-17)
(-64.26461501585305 -113.2751272209807 1.486711968433012e-17)
(-82.6848202974101 -63.76843669723075 -2.000060212446433e-17)
(16.21829668262338 43.08182020838098 8.926928847062036e-15)
(126.9265819863079 81.66488751783604 3.611996170454531e-13)
(0 0 0)
(0 0 0)
(0 0 0)
(0 0 0)
(0 0 0)
(0 0 0)
(112.1302577065507 -79.07864673740194 2.549897258935655e-14)
(-16.84434248100665 -51.49943363540339 -3.525492834655987e-15)
(-136.8284230481266 28.18204881972132 4.234972323573859e-13)
(-147.7010230899918 41.10160415342224 -8.831832180054996e-18)
(-131.3788181655662 16.88978647307379 -1.211207620409111e-17)
(-129.1736356458785 -16.81351587620584 -2.507760653825046e-17)
(-141.4892286297244 -40.63283114094615 2.337471769607049e-13)
(-128.4174622154362 -27.63171545409934 -2.685621207895595e-17)
(-10.49086880559504 50.42365373855943 2.125683082686868e-13)
(113.2556227193332 78.81672381340609 7.066795794737851e-15)
(0 0 0)
(0 0 0)
(0 0 0)
(0 0 0)
(0 0 0)
(0 0 0)
(101.6948608310334 -79.00122535045082 3.732256503145908e-17)
(-38.82403516356522 -63.34084019952617 -6.682556860177876e-18)
(-169.4226459764011 -8.716538026959517 5.233897683080336e-19)
(-188.116157954073 -27.39224240293014 -1.359290020001538e-19)
(-172.3923399350499 -89.93103931477285 -6.305292863714668e-18)
(-164.7971972916414 -173.7427710317699 -2.117800576828997e-13)
(-177.4217495826145 -266.2811044494055 -6.016758785675743e-18)
(-177.1350687806239 -324.6913403684909 -1.417605540971801e-19)
(-32.10010885452701 -354.3723132511211 -4.101860833472648e-17)
(190.1227654117487 107.7400225755268 1.797270689048333e-16)
(0 0 0)
(0 0 0)
(0 0 0)
(0 0 0)
(0 0 0)
(0 0 0)
(0 0 0)
(0 0 0)
(0 0 0)
(0 0 0)
(0 0 0)
(0 0 0)
(0 0 0)
(0 0 0)
(0 0 0)
(0 0 0)
(0 0 0)
(0 0 0)
(0 0 0)
(0 0 0)
(0 0 0)
(0 0 0)
(0 0 0)
(17.75475429684608 -154.1887578010151 1.321525274017253e-18)
(38.10614458046813 -136.0739946920532 -1.248926792954798e-16)
(36.892789161756 -115.5662156368551 4.215090537945596e-13)
(24.68894880521682 -104.629503902058 2.17259266982524e-13)
(5.175085274251535 -89.70642437234181 7.069680309820372e-16)
(-7.476231251645359 -49.73423949000891 5.994770822723849e-17)
(14.96011915847946 24.97402667296729 5.991703133737868e-18)
(76.00226971804366 104.8676523076393 8.459690194949493e-15)
(79.70790701015683 69.96939263088704 -5.355503070594491e-14)
(0 0 0)
(0 0 0)
(0 0 0)
(0 0 0)
(0 0 0)
(0 0 0)
(60.03975606825038 -68.65358463178463 3.176555706642774e-14)
(23.97062665434968 -114.1748992673121 -4.82763145363524e-15)
(-69.91811005722823 -57.82728584475517 5.82673625383533e-17)
(-124.7756529911446 -12.59613436174675 1.091320149459255e-17)
(-141.036183796154 1.287002061705191 -7.709801510963146e-18)
(-139.0134766596971 1.681565209037218 -2.917326599437882e-17)
(-119.3721889203254 14.8145718657489 -4.927362656770964e-17)
(-63.15698728580301 58.41560853190175 -9.842767089762884e-18)
(29.1350526859348 112.2624690985271 3.329567144707594e-15)
(61.80706856976767 67.90141408751047 -1.948601319027681e-14)
(0 0 0)
(0 0 0)
(0 0 0)
(0 0 0)
(0 0 0)
(0 0 0)
(42.94471855334264 -68.64884661566677 4.312446871815476e-17)
(-18.74306328877139 -127.4313781657361 -7.952217688286684e-18)
(-134.6950476815477 -100.1303031003945 2.556035160936452e-19)
(-206.3148765498997 -93.07883288694589 -2.679395729644678e-19)
(-234.4589574164964 -125.0470202146915 -1.088965048158926e-17)
(-239.7274062801711 -178.0199320845038 -1.170046006668854e-13)
(-215.2304255533387 -217.8522523218071 -1.043600932586227e-17)
(-110.326135758347 -196.2448206689571 -7.508935619602414e-19)
(127.8217484266027 -182.5178659823194 -7.975468618523819e-17)
(264.1551000196947 80.54200047257751 4.252551520754481e-16)
(0 0 0)
(0 0 0)
(0 0 0)
(0 0 0)
(0 0 0)
(0 0 0)
(0 0 0)
(0 0 0)
(0 0 0)
(0 0 0)
(0 0 0)
(0 0 0)
(0 0 0)
(0 0 0)
(0 0 0)
(0 0 0)
(0 0 0)
(0 0 0)
(0 0 0)
(0 0 0)
(0 0 0)
(0 0 0)
(0 0 0)
(18.00372007886273 -94.3574087431615 3.974153802207139e-17)
(42.83009922902166 -95.96135410516443 3.007882991062829e-16)
(48.44328577511606 -89.97192391046519 2.13318287284316e-13)
(44.15390956628479 -74.93228372229576 4.121581857831701e-13)
(41.61970782156995 -47.76542326430739 5.717534893458984e-16)
(50.41583601446151 -4.28482002428618 1.803539784893259e-17)
(70.28887442358749 45.553952990742 4.523725037743243e-17)
(76.91221363267884 70.59946370950321 1.063321366571893e-14)
(36.33727131145094 26.72558866180147 1.583471018509028e-13)
(0 0 0)
(0 0 0)
(0 0 0)
(0 0 0)
(0 0 0)
(0 0 0)
(11.22516855516831 -27.32545686796805 1.956428970871892e-14)
(9.497340296839367 -80.77058970145998 -2.653849539019619e-15)
(-37.00841499984397 -72.78411429743693 4.241833693998467e-13)
(-88.58673518335196 -41.81112453958499 1.201022586275739e-16)
(-117.1011185946251 -11.36680347096168 9.543010938284751e-18)
(-115.6460658418329 14.93787175370753 -1.08885330653606e-17)
(-84.75518530713457 44.27220898452382 1.348590400624689e-16)
(-32.16726314253355 73.41824058396367 -1.195062061966561e-17)
(13.78824025479779 79.33712635164484 1.237637399570532e-14)
(13.60008812043259 26.92842529017037 -6.388643764213936e-14)
(0 0 0)
(0 0 0)
(0 0 0)
(0 0 0)
(0 0 0)
(0 0 0)
(-13.55966184442049 -28.23065829101004 2.596252950230976e-17)
(-55.55958473364337 -96.33972419928359 -4.706473338409699e-18)
(-136.5455350347901 -118.1279785962125 -5.352582870049985e-19)
(-213.0328750684452 -124.7893187747154 -8.067324265970789e-18)
(-257.3334391328076 -134.1184878652388 2.116783946885489e-13)
(-257.6024293999712 -141.8753436023147 -1.063426296424118e-13)
(-195.6466381685357 -127.6945879173179 -7.981932685779262e-17)
(-44.35752707698226 -78.51256166083505 -8.234097715653547e-18)
(194.2081846318489 -90.82878750095284 -1.226340080882182e-16)
(285.8366337985789 44.39025336548162 6.718006465072326e-16)
(0 0 0)
(0 0 0)
(0 0 0)
(0 0 0)
(0 0 0)
(0 0 0)
(0 0 0)
(0 0 0)
(0 0 0)
(0 0 0)
(0 0 0)
(0 0 0)
(0 0 0)
(0 0 0)
(0 0 0)
(0 0 0)
(0 0 0)
(0 0 0)
(0 0 0)
(0 0 0)
(0 0 0)
(0 0 0)
(0 0 0)
(16.15087864873422 -61.2833327024037 1.302731728519031e-17)
(42.4916074270706 -63.33165515917638 9.715843278202199e-17)
(57.92185954179978 -59.4939286457806 6.273801559614476e-16)
(66.89544945105257 -44.33944479392432 -4.156990235154088e-13)
(75.82254897205289 -18.45141885714426 3.350581960327806e-16)
(85.84314500614532 11.53079687975102 7.360411921665226e-18)
(86.88720601338123 31.72214406215356 9.592167453582731e-18)
(62.22642560379838 30.80083375832609 1.203453107819837e-14)
(16.95912272594854 5.27236692851406 3.434307981365984e-13)
(0 0 0)
(0 0 0)
(0 0 0)
(0 0 0)
(0 0 0)
(0 0 0)
(-13.28214836712418 -6.396413650524826 -4.338646470234833e-15)
(-16.49200432101116 -39.60392319289665 1.066533365150433e-15)
(-34.03527564764139 -51.23761565631396 4.065606320490981e-13)
(-63.35834216477149 -40.42156150192058 6.824586776774858e-16)
(-84.2871875029299 -13.86476653227018 5.878568517295836e-17)
(-83.37446420430729 16.88857834151877 1.303110317347133e-16)
(-60.89182009007617 42.55963290747022 -2.279754312443045e-13)
(-30.64928618935119 52.05382677036297 6.432212104020061e-17)
(-12.85046843937648 38.96526931439317 1.800683703868904e-14)
(-10.68192553441811 6.338324292332248 -9.603969706156614e-14)
(0 0 0)
(0 0 0)
(0 0 0)
(0 0 0)
(0 0 0)
(0 0 0)
(-46.8348029779273 -8.089219905849461 -1.605091878680721e-19)
(-104.266080674279 -56.68500652859989 -3.173965065566986e-19)
(-165.9514398775376 -95.81582825352955 2.893947751904319e-19)
(-222.3053858189112 -115.9914260144535 -5.465055027940107e-18)
(-251.5449822441046 -114.7323056084452 -1.34151436617361e-16)
(-233.303506332264 -92.60270183884226 -2.022801998974628e-13)
(-151.8676436118877 -49.71641281659261 -1.345124673794629e-16)
(0.372770327040538 1.209144481981808 -5.367503675529686e-18)
(210.5972759185281 -20.96039032320981 -1.160909322247821e-16)
(281.0141824723655 35.36098170663737 6.364291100401364e-16)
(0 0 0)
(0 0 0)
(0 0 0)
(0 0 0)
(0 0 0)
(0 0 0)
(0 0 0)
(0 0 0)
(0 0 0)
(0 0 0)
(0 0 0)
(0 0 0)
(0 0 0)
(0 0 0)
(0 0 0)
(0 0 0)
(0 0 0)
(0 0 0)
(0 0 0)
(0 0 0)
(0 0 0)
(0 0 0)
(0 0 0)
(15.95547563660991 -39.70455873102234 6.917230089494487e-18)
(44.61950012159566 -38.88529676376166 6.740409064012106e-17)
(67.4354961377427 -33.71912839638747 5.104696096973603e-16)
(85.19641935433658 -21.30288208822059 2.146199833965428e-13)
(97.48994949608741 -4.011618661628178 4.644072619976093e-16)
(100.5893989295767 10.53642579497919 5.200903845741028e-17)
(86.97871442812389 14.34807750999097 7.579595667777856e-18)
(52.04708491667917 8.793307166714028 1.211135437591044e-14)
(11.30021237857318 -0.7323829964090414 3.433328454762044e-13)
(0 0 0)
(0 0 0)
(0 0 0)
(0 0 0)
(0 0 0)
(0 0 0)
(-22.79465508975278 -0.4661374052200322 -6.561182440466378e-15)
(-33.82243531020772 -15.10955890025115 9.777847714169395e-16)
(-40.52645766026735 -26.15472659296697 2.289396273037207e-13)
(-51.21388605924152 -25.4170848761646 6.417235116620496e-17)
(-59.79097875117279 -9.729493780769491 1.702247965701438e-18)
(-59.22166640209651 11.86154214049197 -2.853563502434053e-16)
(-49.589936878199 27.04640668495484 4.205508405699186e-13)
(-38.04463248943493 27.05692695486307 -9.68566039678724e-16)
(-30.73101828352155 15.12055052329274 2.352740463518941e-13)
(-20.28778900150201 0.6084608312323532 -7.640314716843618e-14)
(0 0 0)
(0 0 0)
(0 0 0)
(0 0 0)
(0 0 0)
(0 0 0)
(-65.4150137904458 -2.984783826774394 -9.394781472857209e-18)
(-142.2743397642842 -31.59055792892205 1.532838286624127e-18)
(-198.3533615170587 -64.51216116676024 9.633913685502986e-19)
(-231.9493524233667 -85.1598169850527 -2.070883573745468e-19)
(-233.9447149574143 -80.65983639587854 -1.031842043742045e-16)
(-192.5865366084435 -50.33729742057329 -1.073558966919476e-13)
(-101.8347918481264 -2.319011724040157 -1.032051071072193e-16)
(35.2100837666847 45.23070909377709 -2.266979236020228e-19)
(205.4388838791681 35.6989397352343 -5.779192362789592e-17)
(251.4337799976341 38.38035351872848 2.924575715462173e-16)
(0 0 0)
(0 0 0)
(0 0 0)
(0 0 0)
(0 0 0)
(0 0 0)
(0 0 0)
(0 0 0)
(0 0 0)
(0 0 0)
(0 0 0)
(0 0 0)
(0 0 0)
(0 0 0)
(0 0 0)
(0 0 0)
(0 0 0)
(0 0 0)
(0 0 0)
(0 0 0)
(0 0 0)
(0 0 0)
(0 0 0)
(16.97022862765627 -22.94906225985311 2.827441838524848e-18)
(48.47706110851409 -21.01964453333456 3.61525328304223e-17)
(75.50427421570916 -16.21382508369403 3.755710380172633e-16)
(96.60295918471495 -8.211532510576351 2.149689258984912e-13)
(107.661856854151 0.5585764282162721 3.700554810368198e-16)
(104.2028411736583 5.573570888735886 3.402927886189145e-17)
(83.46570811241325 4.223660797830793 1.936089135075882e-18)
(47.54520485524505 0.2200238915418303 1.165418943124729e-14)
(11.17796713064472 -2.772275793991951 3.447754725257198e-13)
(0 0 0)
(0 0 0)
(0 0 0)
(0 0 0)
(0 0 0)
(0 0 0)
(-25.49807859617802 1.295164393578566 -5.13822064133287e-15)
(-41.81093840809065 -4.079404765168437 6.953981383737233e-16)
(-46.12805192873632 -10.08029176837686 4.228847098552811e-13)
(-46.93310935255357 -11.63291850174042 -9.664167123081196e-17)
(-47.00856048626139 -4.748840909301462 -2.022446439246947e-17)
(-46.59856373857781 6.000325874045017 -1.815753712831655e-16)
(-45.69643527569851 12.67014104173881 2.276776637178022e-13)
(-44.07861568569329 10.818632915533 -6.49266653184496e-16)
(-39.09284719931058 4.4156637611919 4.302706844699389e-13)
(-23.24017430713776 -0.9339979007396959 -6.06635447602552e-14)
(0 0 0)
(0 0 0)
(0 0 0)
(0 0 0)
(0 0 0)
(0 0 0)
(-76.21413764619567 -2.104137755009532 -9.033557991169499e-18)
(-165.7257766759482 -16.77127273924278 1.704489592810136e-18)
(-221.1991795029733 -36.59194555396866 2.532147733930203e-19)
(-238.4530610480513 -50.16653947710862 -1.157679199708852e-18)
(-216.7224626798144 -46.12299787955954 -3.881083095205414e-17)
(-154.9626816606228 -22.61124021693205 -1.062817232356891e-13)
(-56.29963709762897 14.10565191765118 -3.875010611077952e-17)
(68.3940303055617 52.12829216703374 -1.180668084561077e-18)
(198.3096283123237 59.48711446655691 -1.751291906608386e-17)
(211.5841853369006 49.34534147350175 6.652801188621688e-17)
(0 0 0)
(0 0 0)
(0 0 0)
(0 0 0)
(0 0 0)
(0 0 0)
(0 0 0)
(0 0 0)
(0 0 0)
(0 0 0)
(0 0 0)
(0 0 0)
(0 0 0)
(0 0 0)
(0 0 0)
(0 0 0)
(0 0 0)
(0 0 0)
(0 0 0)
(0 0 0)
(0 0 0)
(0 0 0)
(0 0 0)
(17.88488797465699 -7.658834565753503 -2.020373709577483e-19)
(51.35473768489329 -6.744175739932137 -8.994256107586684e-18)
(80.24358502893357 -4.781164014181769 -2.543966904959214e-16)
(101.9688241056663 -2.00477650475532 4.171775373501188e-13)
(111.2750748096701 0.5847795952340638 -2.550348476157016e-16)
(104.2545166312268 1.608511991608889 -9.71947409760723e-18)
(80.74587098296378 0.6365142745392469 -3.836946400063004e-18)
(45.20578436604136 -1.250048735552437 8.447615411006517e-15)
(10.44577007022352 -2.508290986181252 3.533905263894361e-13)
(0 0 0)
(0 0 0)
(0 0 0)
(0 0 0)
(0 0 0)
(0 0 0)
(-25.8470999642622 1.124421522886617 -4.964438855917641e-15)
(-44.97067987027499 -0.4338263696259494 4.198923972404671e-16)
(-49.03741914890747 -2.365778809065958 4.210973553512058e-13)
(-45.88243515667559 -3.118215395144689 -1.828367671584954e-16)
(-42.157734134237 -1.315104880235137 -2.241377046530759e-17)
(-41.80268414223881 1.732610670300323 -1.523093565852745e-16)
(-44.77162960909434 3.480774448959086 4.222848600338976e-13)
(-47.10153893038795 2.657416138970305 1.986412401516027e-16)
(-42.34769613726321 0.6680991656539026 4.112648863482007e-13)
(-23.6724945780115 -0.813222109339383 -3.028064193731296e-14)
(0 0 0)
(0 0 0)
(0 0 0)
(0 0 0)
(0 0 0)
(0 0 0)
(-78.64469870099379 -1.704249069390966 -1.045785236780477e-17)
(-176.605762599963 -5.9317447976187 1.427150604293874e-18)
(-232.6734891384997 -12.00178949452445 -9.049573434705687e-19)
(-241.4804039760792 -16.6197477872849 -1.632685698252571e-17)
(-206.3894154479625 -15.0291299193068 -2.79434131060875e-16)
(-132.3578873780488 -6.286697699320026 -1.006194861009705e-13)
(-27.09526087791149 7.575666888220244 -2.795195480396343e-16)
(95.16154873349922 22.91767951869772 -1.631555133143592e-17)
(203.1210577080704 33.54838166767749 -5.820400065188215e-18)
(190.5221796686722 32.61135352383403 3.26650199766261e-17)
(0 0 0)
(0 0 0)
(0 0 0)
(0 0 0)
(0 0 0)
(0 0 0)
(0 0 0)
(0 0 0)
(0 0 0)
(0 0 0)
(0 0 0)
(0 0 0)
(0 0 0)
(0 0 0)
(0 0 0)
(0 0 0)
(0 0 0)
(0 0 0)
(0 0 0)
(0 0 0)
(0 0 0)
(0 0 0)
(0 0 0)
)
;

boundaryField
{
    inletLower
    {
        type            zeroGradient;
    }
    inletUpper
    {
        type            zeroGradient;
    }
    outletLower
    {
        type            zeroGradient;
    }
    outletUpper
    {
        type            zeroGradient;
    }
    sideWalls
    {
        type            zeroGradient;
    }
    topBottomWalls
    {
        type            zeroGradient;
    }
    frontAndBack
    {
        type            symmetry;
    }
}


// ************************************************************************* //
