/*--------------------------------*- C++ -*----------------------------------*\
| =========                 |                                                 |
| \\      /  F ield         | OpenFOAM: The Open Source CFD Toolbox           |
|  \\    /   O peration     | Version:  2506                                  |
|   \\  /    A nd           | Website:  www.openfoam.com                      |
|    \\/     M anipulation  |                                                 |
\*---------------------------------------------------------------------------*/
FoamFile
{
    version     2.0;
    format      ascii;
    arch        "LSB;label=32;scalar=64";
    class       surfaceScalarField;
    location    "5000";
    object      phi;
}
// * * * * * * * * * * * * * * * * * * * * * * * * * * * * * * * * * * * * * //

dimensions      [0 3 -1 0 0 0 0];

oriented        oriented;

internalField   nonuniform List<scalar> 
8064
(
-5.662061902562263e-11
5.66211495122389e-11
-1.233583820022644e-10
6.673843058982833e-11
-1.849004899792853e-10
6.154280648255887e-11
-2.212379510936326e-10
3.633817344578733e-11
-2.241854052563544e-10
2.948170044083961e-12
-2.015071099387661e-10
-2.267757235039059e-11
-1.632506909994983e-10
-3.825569616609242e-11
-1.141198583334406e-10
-4.913010357532881e-11
-5.655847555456017e-11
-5.756065660029637e-11
4.988099642635863e-12
-6.154584393245069e-11
6.397373737763464e-11
-5.898491336131903e-11
1.141410459419492e-10
-5.016658183422928e-11
1.51520184151851e-10
-3.73784242298039e-11
1.74997177634645e-10
-2.347628180235705e-11
1.85710045810916e-10
-1.071217727888644e-11
1.858390877580503e-10
-1.283601344183105e-13
1.773612801386489e-10
8.478458383468351e-12
1.612693309941403e-10
1.609258195210531e-11
1.375783309965558e-10
2.36915895141201e-11
1.061530732937595e-10
3.142581866416303e-11
6.79833642668173e-11
3.817021309466671e-11
2.618379642838174e-11
4.180003171619911e-11
-1.399689904860912e-11
4.018108848055302e-11
-4.63377422053072e-11
3.234118429733087e-11
-6.549346440151454e-11
1.915597935633772e-11
-6.879615489814754e-11
3.302885262892173e-12
-5.753230063986661e-11
-1.126375433010002e-11
-3.743107115813511e-11
-2.010120013230623e-11
-1.783166818847149e-11
-1.959947576859932e-11
-9.003346969804671e-12
-8.828469397996425e-12
-1.850923830392912e-11
9.505638270236213e-12
-4.883522798810573e-11
3.032566054437867e-11
-9.689626955326092e-11
4.806061000896764e-11
-1.539801406828414e-10
5.708336723891885e-11
-2.062874413578735e-10
5.230670218370262e-11
-2.391511984831806e-10
3.286309443088657e-11
-2.451053733836047e-10
5.953430448990889e-12
-2.275105348076592e-10
-1.759563514551856e-11
-1.946620541853834e-10
-3.284934180644117e-11
-1.525560682474121e-10
-4.21068840466107e-11
-1.058847225964575e-10
-4.667228811596202e-11
-5.993056087034479e-11
-4.595512405894331e-11
-1.701996362865661e-11
-4.291158216375333e-11
2.645334877286048e-11
-4.347429980748713e-11
7.568631631801304e-11
-4.923395607906805e-11
1.30509149405351e-10
-5.482380795540747e-11
1.842194527169556e-10
-5.371125992236832e-11
2.277553482518409e-10
-4.353682496353649e-11
2.536632132241848e-10
-2.590876049182611e-11
2.575464760066312e-10
-3.884121753330016e-12
2.383388011515651e-10
1.920685923410897e-11
1.986424890543367e-10
3.96955358774052e-11
1.4472590590098e-10
5.39158503534101e-11
8.53250430701379e-11
5.940016075036812e-11
2.934145963456165e-11
5.59829137964914e-11
-1.64844505625371e-11
4.582525201684477e-11
-4.879247358994053e-11
3.230737692713546e-11
-6.733182253880699e-11
1.853870654022647e-11
-7.369653328080253e-11
6.364073592587031e-12
-7.001669079211526e-11
-3.68047179109398e-12
-5.835448310604253e-11
-1.166270488325637e-11
-4.08372936160899e-11
-1.751767475510443e-11
-2.001922833733852e-11
-2.081900876758678e-11
-2.001942334897327e-11
-8.390887724847339e-11
1.405308504546247e-10
-1.750406925437903e-10
1.578710541334889e-10
-2.356089223947593e-10
1.221118306190134e-10
-2.509945520449336e-10
5.172458861335855e-11
-2.360401533824871e-10
-1.200543166812381e-11
-2.074544587462785e-10
-5.126247697883735e-11
-1.684306729078144e-10
-7.727867688970358e-11
-1.172527628084739e-10
-1.003072199033316e-10
-5.624752231665869e-11
-1.185650862325114e-10
8.506388888937879e-12
-1.262989621740604e-10
7.068609193330519e-11
-1.211638056624781e-10
1.253705869163884e-10
-1.048502928817611e-10
1.690559334206951e-10
-8.106297013168625e-11
1.996232002886306e-10
-5.404278632552534e-11
2.165114294937147e-10
-2.759963083999736e-11
2.204600624129269e-10
-4.076269545592033e-12
2.126436253156895e-10
1.629562639055212e-11
1.938178183210478e-10
3.491905187523481e-11
1.642142238439836e-10
5.329584590553924e-11
1.243875522125926e-10
7.125306728458976e-11
7.647762267094291e-11
8.608070804375242e-11
2.491269634957389e-11
9.336542171258805e-11
-2.406102221505279e-11
8.915524716985185e-11
-6.383845720413925e-11
7.211894252036865e-11
-8.921016806238657e-11
4.452797758959006e-11
-9.769503060777692e-11
1.178790637119051e-11
-9.01212277321218e-11
-1.883744590774263e-11
-7.078672218744334e-11
-3.943573041027065e-11
-4.758505793770365e-11
-4.280122128628566e-11
-3.113681800537209e-11
-2.527692804192485e-11
-3.146500569803174e-11
9.833544642804106e-12
-5.408085797362255e-11
5.294109906785096e-11
-9.878605496405169e-11
9.276532851916634e-11
-1.599977107640256e-10
1.182944236123458e-10
-2.233342771057653e-10
1.15642606621124e-10
-2.695651850390842e-10
7.909323696888799e-11
-2.851225555918939e-10
2.150997978488649e-11
-2.707867938330586e-10
-3.193229920058766e-11
-2.395655924004184e-10
-6.40714907214847e-11
-2.018889709985614e-10
-7.978450816700616e-11
-1.5855017947915e-10
-9.001211384796136e-11
-1.103048044689444e-10
-9.420156123875701e-11
-5.327006224453993e-11
-9.994740264973893e-11
1.794880735151057e-11
-1.146942491152293e-10
1.005360862630328e-10
-1.318223151783477e-10
1.824242509900094e-10
-1.367130306491719e-10
2.505166571249788e-10
-1.2180471008042e-10
2.963719119175047e-10
-8.939308245918388e-11
3.158625146052023e-10
-4.540034006156802e-11
3.075461842068253e-10
4.431285879647014e-12
2.729468102048658e-10
5.380534334356926e-11
2.176511713019252e-10
9.499034265278618e-11
1.5097473530692e-10
1.20591485622947e-10
8.365537537784935e-11
1.267187695740726e-10
2.486806797890331e-11
1.147694886900561e-10
-1.984357648312213e-11
9.053619438573949e-11
-4.900100252927972e-11
6.146410467810153e-11
-6.421737330748011e-11
3.375438426183294e-11
-6.850321447300062e-11
1.06492336937516e-11
-6.463834827168447e-11
-7.54595314147045e-12
-5.437062276182285e-11
-2.193106817777421e-11
-3.884156322772013e-11
-3.304739150815949e-11
-1.936654500101963e-11
-4.029439800785877e-11
-3.938664057626543e-11
-1.460685604486052e-10
2.865999146697034e-10
-2.604148034383468e-10
2.722179743135165e-10
-2.810331271229379e-10
1.427308693952192e-10
-2.450016177237231e-10
1.569380672102688e-11
-2.094094730315333e-10
-4.759684840275927e-11
-1.825076242054547e-10
-7.816359354292306e-11
-1.476878775506041e-10
-1.120976947926658e-10
-9.958422910621171e-11
-1.484101361403481e-10
-4.51116043580738e-11
-1.730369857972737e-10
9.196946736835545e-12
-1.806067863746847e-10
6.176196065684597e-11
-1.73728104951402e-10
1.126354269869101e-10
-1.55723046213944e-10
1.598602931103312e-10
-1.282871427507877e-10
1.991634617236414e-10
-9.334526819829735e-11
2.260307276264226e-10
-5.446623870551106e-11
2.375830294301445e-10
-1.562792701476386e-11
2.328010683028134e-10
2.107819220246609e-11
2.118068187871214e-10
5.591388380725095e-11
1.756560626222382e-10
8.944713267817898e-11
1.269910791790605e-10
1.199185493014179e-10
7.064361532793963e-11
1.424286060841432e-10
1.303730818989969e-11
1.509721207110079e-10
-3.933006396126204e-11
1.415229348296728e-10
-8.124370508570148e-11
1.140328468705606e-10
-1.094570525346547e-10
7.274150168513603e-11
-1.227893007024347e-10
2.512027025780012e-11
-1.215948758309398e-10
-2.00318490123403e-11
-1.069186435801192e-10
-5.411200821224845e-11
-8.120202889046484e-11
-6.851797906767582e-11
-5.150004426994422e-11
-5.497912641326939e-11
-3.045023998829691e-11
-1.121657009362786e-11
-3.035857082715903e-11
5.284904905114814e-11
-5.710871545023998e-11
1.195150011284237e-10
-1.098850105883937e-10
1.710701804585044e-10
-1.759703967396361e-10
1.817273734783371e-10
-2.388331917136217e-10
1.419553543046102e-10
-2.798925605728947e-10
6.256860427017773e-11
-2.860180424335738e-10
-2.580760877169246e-11
-2.676819641426674e-10
-8.240840973900599e-11
-2.496173451504868e-10
-9.785000117546876e-11
-2.303729327803198e-10
-1.092574302997306e-10
-1.947963128635881e-10
-1.297791034910538e-10
-1.198127882999751e-10
-1.749318601937161e-10
-1.969698124501191e-12
-2.325382754903684e-10
1.312845376642226e-10
-2.650774796964905e-10
2.458363724117632e-10
-2.512657834109065e-10
3.234470576006153e-10
-1.994162902066971e-10
3.611056783868439e-10
-1.270525755224455e-10
3.612422274850348e-10
-4.553772625856474e-11
3.277093587089286e-10
3.796334897573448e-11
2.675617546739919e-10
1.139521836772713e-10
1.923247836952712e-10
1.702265841184766e-10
1.156325853239378e-10
1.972829956996378e-10
4.9035083127589e-11
1.933156116313284e-10
-8.591043501602718e-13
1.64663047249834e-10
-3.265890346565994e-11
1.223353786723242e-10
-4.87412744010906e-11
7.75458783311671e-11
-5.342144522758978e-11
3.843396098350577e-11
-5.136135597641894e-11
8.58855442080456e-12
-4.61277266860371e-11
-1.278016546002455e-11
-3.896445888992078e-11
-2.909475651953237e-11
-2.876238348593149e-11
-4.324990342710234e-11
-1.449122812943043e-11
-5.456689122874614e-11
-5.387796598832631e-11
-2.849022225456083e-10
5.715028781410803e-10
-3.905545436497868e-10
3.778709890899778e-10
-3.004250208704344e-10
5.26020076454379e-11
-2.101023439832126e-10
-7.462821969175043e-11
-1.80558737624287e-10
-7.71398072029179e-11
-1.594537882220795e-10
-9.926790006211874e-11
-1.175265206935669e-10
-1.540243213512434e-10
-6.81809330286644e-11
-1.977550896557963e-10
-2.721151877445779e-11
-2.140057697519808e-10
5.827185574684497e-12
-2.136448714123928e-10
4.053596565414194e-11
-2.08436272977487e-10
8.433182804826108e-11
-1.995183133466002e-10
1.369319842769771e-10
-1.808867157012036e-10
1.907044370345634e-10
-1.471171617517497e-10
2.346634710637717e-10
-9.842473140472756e-11
2.592580357504338e-10
-4.02219829236457e-11
2.590461002088687e-10
2.129061185343099e-11
2.32992990547318e-10
8.196743581103914e-11
1.844994346854075e-10
1.379410989041416e-10
1.213739194978812e-10
1.830444237464876e-10
5.412402482589198e-11
2.096788207031479e-10
-7.805981353440029e-12
2.129023869972439e-10
-5.900119566201141e-11
1.927183631534034e-10
-9.816422908846167e-11
1.531960271191952e-10
-1.260466820059826e-10
1.006240496991417e-10
-1.435180932330411e-10
4.259170414858176e-11
-1.507381211110505e-10
-1.281185412465863e-11
-1.458135346869953e-10
-5.903670258565825e-11
-1.233542797959391e-10
-9.09773993198243e-11
-8.000626564629092e-11
-9.832738028553522e-11
-2.811210921422423e-11
-6.311102291337209e-11
6.546110463257936e-12
1.819046255689871e-11
4.058036095415556e-12
1.220026554451193e-10
-2.599230559411054e-11
2.011200389132625e-10
-7.387330279795713e-11
2.296078403133243e-10
-1.480451935312659e-10
2.161266617409784e-10
-2.392241067233968e-10
1.53746895491996e-10
-3.031282671436505e-10
3.809588936187751e-11
-3.113900260444207e-10
-7.414734162087317e-11
-3.120063494587734e-10
-9.723439490855717e-11
-3.406502726499105e-10
-8.061424170033723e-11
-3.27520842202577e-10
-1.429092807387612e-10
-2.120006728001011e-10
-2.904527827927838e-10
-1.587123734061517e-11
-4.286684630301835e-10
1.837651215095346e-10
-4.647145865891701e-10
3.328312703880735e-10
-4.003326674119629e-10
4.174680858386994e-10
-2.840538273177969e-10
4.414547852385317e-10
-1.510399738075727e-10
4.116312567286905e-10
-1.571487514008929e-11
3.388474025943808e-10
1.107465557976605e-10
2.411656921541027e-10
2.116332734798098e-10
1.406956157420742e-10
2.706960727812682e-10
5.597926159078377e-11
2.819987887567461e-10
-3.507402776816902e-12
2.528017445531897e-10
-3.741607009180684e-11
1.985712023785285e-10
-5.086512962414347e-11
1.35783948011355e-10
-5.050426101519849e-11
7.718452968357514e-11
-4.242503862593602e-11
3.035425682117885e-11
-3.18467096070715e-11
-1.990253663839346e-12
-2.306751744718592e-11
-2.155974206637488e-11
-1.825039340867843e-11
-3.391238566074041e-11
-1.537390950592685e-11
-4.612713520233777e-11
-9.12672035455827e-12
-6.081412568802897e-11
-6.300552009027029e-11
-5.459442111051818e-10
1.11744745381434e-09
-4.799656657189907e-10
3.118929599152001e-10
-2.322205340332817e-10
-1.951425769547318e-10
-1.770932482781008e-10
-1.297549556791663e-10
-1.853738321655697e-10
-6.885867764643171e-11
-1.371028324300356e-10
-1.475383597573993e-10
-6.367070450534122e-11
-2.274559169621316e-10
-1.743497187956241e-11
-2.439902982308788e-10
-4.882951922182659e-12
-2.265572770834257e-10
-4.605944311052928e-12
-2.139213782241147e-10
5.684184724563596e-12
-2.187259176204315e-10
3.896137279768959e-11
-2.327950333523337e-10
9.718133991048421e-11
-2.391062371813703e-10
1.707929741572602e-10
-2.207283717979886e-10
2.408764076456327e-10
-1.685077698119641e-10
2.863217982750208e-10
-8.566700521251963e-11
2.925168011081602e-10
1.509594139831304e-11
2.561577841287861e-10
1.183267533534123e-10
1.863288516036308e-10
2.077702895763965e-10
1.019293484023648e-10
2.674441488537859e-10
2.317689779603326e-11
2.88431445286988e-10
-3.75217915040319e-11
2.736012106197864e-10
-7.88530756279968e-11
2.340497295963155e-10
-1.073229263971197e-10
1.816659184198653e-10
-1.30554987526516e-10
1.238560970911172e-10
-1.518284350216933e-10
6.386509541950204e-11
-1.696614440009268e-10
5.021044120568923e-12
-1.800617503618399e-10
-4.86365486556248e-11
-1.727626039913298e-10
-9.827675077558108e-11
-1.277110605585297e-10
-1.433791682214333e-10
-4.342409585930953e-11
-1.473982808300802e-10
3.75197563536107e-11
-6.275371856107387e-11
5.741806001448562e-11
1.021039800821327e-10
8.057790342500285e-11
1.779597931933388e-10
9.219912473603951e-11
2.179861815249186e-10
3.191978068542283e-11
2.76405543862255e-10
-1.237252297878096e-10
3.093914176913174e-10
-3.139276372950216e-10
2.282977908714559e-10
-4.088177668139956e-10
2.074226483102947e-11
-4.030252756989028e-10
-1.030274200076592e-10
-5.055401390987169e-10
2.19000796421402e-11
-4.967520766082966e-10
-1.516978898293693e-10
-2.925620766159307e-10
-4.946433293146184e-10
-2.497646342028678e-12
-7.187334385420926e-10
2.498761789594774e-10
-7.1708894997895e-10
4.263221509924704e-10
-5.767791708359822e-10
5.218464882013029e-10
-3.79578682653894e-10
5.310316891788051e-10
-1.602256809623954e-10
4.584118220215782e-10
5.69045044558295e-11
3.296990893063732e-10
2.394588179106278e-10
1.852227647549851e-10
3.56109149921336e-10
6.192307335524966e-11
3.939953362382402e-10
-2.070831980697408e-11
3.646297773901145e-10
-6.207047122973033e-11
2.94163511424888e-10
-7.276269189273716e-11
2.092630586986445e-10
-6.557485044696178e-11
1.285957586458026e-10
-5.004289048798385e-11
6.165223578884577e-11
-3.145933137026266e-11
1.177036913326014e-11
-1.293091736782096e-11
-2.051897043170474e-11
1.982822573730886e-12
-3.647385599264454e-11
8.661996037480679e-12
-4.059174328928811e-11
4.65820654827286e-12
-4.212343042537229e-11
-2.633165217730229e-12
-5.352445559089268e-11
-6.563865594979907e-11
-7.701215357042216e-10
1.887569559914469e-09
-2.629204717637008e-10
-1.953075958559425e-10
-1.494254496298459e-10
-3.08637129055948e-10
-2.900369966618711e-10
1.085704692389976e-11
-2.366134575501596e-10
-1.22281771621726e-10
-7.154818594637807e-11
-3.126031956072194e-10
3.060134992621786e-11
-3.296050282527775e-10
4.207952785798398e-11
-2.554680638347041e-10
1.044181687103595e-11
-1.949191684172509e-10
-2.286456465642146e-11
-1.806146156985849e-10
-3.63648098725114e-11
-2.052253103468365e-10
-1.757965407511826e-11
-2.515798489631941e-10
4.090873216341184e-11
-2.975943067045008e-10
1.345665086985784e-10
-3.143858589260283e-10
2.390400754904871e-10
-2.729810749128437e-10
3.152034804365964e-10
-1.618301809030703e-10
3.299016041920309e-10
3.980157391471576e-13
2.756470551446443e-10
1.725814638025912e-10
1.739887181853939e-10
3.094287545592506e-10
6.406033617309372e-11
3.773726192604509e-10
-2.197602991151427e-11
3.744678656365673e-10
-7.197423045330049e-11
3.235994244928062e-10
-9.270321740966819e-11
2.547786965411825e-10
-1.014240368590906e-10
1.903866773800972e-10
-1.153772786004993e-10
1.378092471971454e-10
-1.418356625937837e-10
9.032334943204041e-11
-1.74083629299762e-10
3.726885302371516e-11
-2.003107429236691e-10
-2.240962760782131e-11
-2.125123667455097e-10
-8.607534323401491e-11
-1.922567508779092e-10
-1.63635030413724e-10
-1.012317635072223e-10
-2.384235336275616e-10
1.396065915231344e-11
-1.779464310810694e-10
7.553366610043408e-11
4.053066898389956e-11
2.169179427624541e-10
3.657519410238588e-11
3.137356556987447e-10
1.211681365945775e-10
2.951485577635505e-10
2.949922977689991e-10
1.218391696780264e-10
4.827004563851558e-10
-2.339689172579462e-10
5.841055221460629e-10
-6.105426553759314e-10
3.973156452901087e-10
-6.422706669211221e-10
-7.129976760100372e-11
-7.321915146630496e-10
1.118205686689332e-10
-6.085159970500012e-10
-2.753737638741879e-10
-2.690106163378633e-10
-8.341490643897545e-10
3.633480664130813e-11
-1.024079210803881e-09
2.812959201611917e-10
-9.620504092821329e-10
4.916060647908758e-10
-7.870896538335407e-10
6.228161142291023e-10
-5.10789065082914e-10
6.194664770613604e-10
-1.568763668294516e-10
4.857819185192175e-10
1.905887483498792e-10
2.849888913611345e-10
4.402515435219343e-10
9.480521019297211e-11
5.462925418570655e-10
-3.571748687537212e-11
5.245177600086148e-10
-9.796679940311933e-11
4.268788323049835e-10
-1.092215611219296e-10
3.054180327441432e-10
-9.325920995665671e-11
1.933004831979371e-10
-6.838826228821868e-11
1.037246035741411e-10
-4.39134251738208e-11
3.717720475779596e-11
-2.161175619557827e-11
-1.053148566610318e-11
3.357626844245854e-13
-4.246669777043448e-11
2.232492663449348e-11
-5.846314761012259e-11
3.940198808854697e-11
-5.766902036986393e-11
3.947091853457534e-11
-4.219326737399616e-11
9.983671634967368e-12
-2.403675732774494e-11
-5.565520885160153e-11
2.981069936391916e-10
1.589462794739936e-09
4.094071421879835e-10
-3.06607402740186e-10
-6.286317175713877e-10
7.294020920411562e-10
-6.837393032404198e-10
6.596498964998612e-11
-1.956792443609005e-10
-6.103414821858547e-10
1.020932303717992e-10
-6.103753337383288e-10
1.361523080571661e-10
-3.636637820481751e-10
7.19050654324902e-11
-1.912205125890725e-10
6.462986611174908e-12
-1.294767978500638e-10
-4.038846760846214e-11
-1.337628890200602e-10
-6.816169867534679e-11
-1.774518284009649e-10
-6.789269882630918e-11
-2.518486212822058e-10
-2.223041159694228e-11
-3.432563927034208e-10
7.932905042321381e-11
-4.159451466067084e-10
2.169944691794186e-10
-4.106463497667434e-10
3.309822266116269e-10
-2.758178237750569e-10
3.554515764906954e-10
-2.40712529751481e-11
2.759362379841468e-10
2.520968532439673e-10
1.389468175743389e-10
4.464181911694007e-10
1.092129149397996e-11
5.053981322067897e-10
-7.007810771419876e-11
4.554672174882358e-10
-9.926184166698054e-11
3.527830844430342e-10
-9.330119660516887e-11
2.488179456473576e-10
-7.756289357500775e-11
1.746482461140257e-10
-7.771645816294804e-11
1.379626557652634e-10
-1.102146876728752e-10
1.228214058469359e-10
-1.660446565627854e-10
9.309862629833938e-11
-2.070226476046558e-10
1.856815657738837e-11
-2.071030830319403e-10
-8.599513122256915e-11
-2.27148204508678e-10
-1.435901378294687e-10
-2.111371318220171e-10
-2.54434845598963e-10
-2.346150218569507e-10
-1.544687806263214e-10
1.102049065684402e-10
-3.042895035495927e-10
4.35831865372623e-10
-2.890520048930696e-10
5.454892055732945e-10
1.151055673922973e-11
5.515878579864696e-10
2.888934124146113e-10
4.837051440480664e-10
5.505829416842885e-10
1.456737304047856e-10
9.221367149783868e-10
-7.52867915519663e-10
1.295857076798364e-09
-1.578062389426365e-09
7.5389449940162e-10
-8.924359317468815e-10
-5.738060887758623e-10
-3.752982258265763e-10
-7.925116635345541e-10
-3.481428529080255e-11
-1.174633191846836e-09
1.354893527637152e-11
-1.072442614068327e-09
1.965326812593513e-10
-1.145034331896029e-09
4.944466248794995e-10
-1.085003771143802e-09
6.966604523886045e-10
-7.130030604986521e-10
6.751852471668582e-10
-1.354013262822923e-10
4.632773217589625e-10
4.024965160801334e-10
1.927809193911072e-10
7.107477941220756e-10
-1.7613475369716e-11
7.566867946742845e-10
-1.251017365877309e-10
6.320058897707575e-10
-1.481687393823667e-10
4.499457166296142e-10
-1.253661022308701e-10
2.82615292822341e-10
-8.854059574848187e-11
1.564748871301862e-10
-5.516363572113586e-11
7.034757554207598e-11
-3.086709941529686e-11
1.288060849054801e-11
-1.352210127639678e-11
-2.787651188288308e-11
3.962052512209028e-12
-5.995089056886805e-11
2.908909702692229e-11
-8.359021643950845e-11
6.175335474262717e-11
-9.033325961722908e-11
9.109327408283842e-11
-7.153251149983693e-11
5.649303576006944e-11
1.056332315105181e-11
8.382290080671815e-13
6.898052784386175e-09
-5.308589606844522e-09
-2.109350494420396e-10
6.802380756454982e-09
-2.554976215848308e-09
3.073443549595001e-09
-9.624997493222722e-10
-1.52651120140943e-09
1.681609889217143e-10
-1.741001958313457e-09
3.018756756615474e-10
-7.44089771194501e-10
1.48509081094052e-10
-2.102969533313271e-10
3.966549099944232e-11
-8.237670460781215e-11
-9.178692064778797e-12
-8.063241566111507e-11
-3.966076299125003e-11
-1.032806394343229e-10
-6.724390132044648e-11
-1.498685338277908e-10
-8.268621949661713e-11
-2.36406171435156e-10
-6.282968074076847e-11
-3.631128252348594e-10
1.707815361434122e-11
-4.958529027166938e-10
1.565210290013498e-10
-5.500891742016581e-10
2.929761762968074e-10
-4.122729502204874e-10
3.242852300107711e-10
-5.538031330402221e-11
2.238205685299334e-10
3.525614776424338e-10
7.955390382221612e-11
5.906847931219475e-10
-3.439610915342784e-11
6.193480535644169e-10
-9.102041581003176e-11
5.120914105651454e-10
-9.7033469772662e-11
3.587959994918443e-10
-7.34374942928992e-11
2.252218146721773e-10
-4.280036778263989e-11
1.440109439722824e-10
-2.874317119960121e-11
1.239052735160851e-10
-5.870655948064067e-11
1.527845946899329e-10
-1.43749160148433e-10
1.781410245210797e-10
-2.11048787247632e-10
8.586757434641181e-11
-1.40824384615059e-10
-1.562197394241464e-10
-1.0077547838036e-10
-1.836392497729838e-10
-3.512724585406271e-10
-3.938061596475468e-12
-1.089654575633804e-09
5.839131461116275e-10
4.712844084128142e-10
-1.865228664156642e-09
7.368911289128131e-10
-5.546588916406263e-10
7.110376216470975e-10
3.736391382219917e-11
6.99983754653318e-10
2.99947142180956e-10
7.58866672840447e-10
4.916999023348056e-10
8.301752520538945e-10
8.508280280706092e-10
9.645794184876958e-11
2.029574293457293e-09
-4.433656794342023e-09
5.284009154201199e-09
-5.889281082385747e-10
-4.418534845428176e-09
7.427293553460776e-10
-2.124169187810515e-09
2.930286993700984e-10
-7.249325896445225e-10
-2.096729528419002e-10
-5.697410086669053e-10
-1.560587579331298e-11
-1.339101452372814e-09
4.116296545316718e-10
-1.51223934040981e-09
6.599104488245228e-10
-9.612838924073826e-10
6.075045836340219e-10
-8.299549509686876e-11
3.458058085024501e-10
6.641952592300109e-10
6.966016517654904e-11
9.868934107795232e-10
-9.926832228140939e-11
9.256152616036566e-10
-1.533607173270356e-10
6.860982734221528e-10
-1.373276449770517e-10
4.339126460212722e-10
-9.65081881469712e-11
2.417958499967827e-10
-5.736417860985671e-11
1.173309129001012e-10
-2.939241791430179e-11
4.237586240894436e-11
-1.334284253104665e-11
-3.168879509465896e-12
-6.484066949560867e-12
-3.473519638851977e-11
-7.568269935529701e-13
-6.567799613386143e-11
2.050048562935052e-11
-1.048473327470351e-10
6.392645909406782e-11
-1.337588200812768e-10
1.010388479337032e-10
-1.086444256788173e-10
2.289723611071741e-10
-1.17369148685392e-10
2.298108528031934e-10
3.013529305285209e-07
9.333847999955269e-08
2.708011271413303e-07
3.735418434795847e-08
2.694144394815177e-07
4.460131420860852e-09
2.691383107212336e-07
-1.250382238265247e-09
2.674598332157377e-07
-6.252426129162336e-11
2.660845110400083e-07
6.312325823978581e-10
2.654204375836473e-07
4.537766661100724e-10
2.65218442904333e-07
1.196181209164787e-10
2.652511313230062e-07
-1.133207065858297e-10
2.653990220162754e-07
-2.511712250070238e-10
2.65563390249446e-07
-3.142366813205773e-10
2.655824711706841e-07
-2.554870296303156e-10
2.651513954085104e-07
6.796297508528238e-11
2.637195599271749e-07
9.359825926373259e-10
2.604066714283175e-07
2.762799312089433e-09
2.540541315943377e-07
5.940266847103643e-09
2.436272327093173e-07
1.037151850845778e-08
2.289144527055884e-07
1.50653413959371e-08
2.108053614746606e-07
1.869977591387699e-08
1.905237335216659e-07
2.090097587795397e-08
1.692562652543738e-07
2.177955952821077e-08
1.478848695635579e-07
2.173019152760945e-08
1.269820559952395e-07
2.112803520457563e-08
1.068910011889521e-07
2.023506556540831e-08
8.783248564524085e-08
1.918242062318455e-08
6.999470097879319e-08
1.799056906789478e-08
5.359402330380623e-08
1.657881850418555e-08
3.897885650808342e-08
1.470103418265714e-08
2.680380077729248e-08
1.201883580885115e-08
1.808511383655833e-08
8.535047522540841e-09
1.126582539540747e-08
6.815350222122518e-09
3.248057701752112e-09
8.601680700922611e-09
1.278259908952333e-09
1.04569005249341e-10
8.109278369156744e-10
-8.732692200356946e-11
8.172930944170925e-10
3.099857174953708e-11
8.65350353927139e-10
2.518898190492606e-10
8.390458029296188e-10
5.18004407668108e-10
9.009037881532698e-10
7.889700158863891e-10
2.066289049885546e-09
8.641890207394869e-10
7.188917710068205e-09
1.613804981367371e-10
3.289719854595823e-08
-3.012681566416041e-08
5.557146778759162e-08
-2.479843840174257e-08
8.144812023308862e-08
-2.66015849979981e-08
1.150704622266872e-07
-3.41920829590279e-08
1.504614121981172e-07
-3.673005137462683e-08
1.832580152032796e-07
-3.430884229370828e-08
2.10499742293637e-07
-2.820301092724611e-08
2.303292078970162e-07
-1.991246104138385e-08
2.428060268756675e-07
-1.181262365837523e-08
2.495948511133905e-07
-5.801930761821877e-09
2.52750389397763e-07
-2.229922950194021e-09
2.539082214782163e-07
-4.717337243944421e-10
2.54106000438747e-07
2.361337810541011e-10
2.539079673092417e-07
4.398290924811038e-10
2.535929642238587e-07
4.323341279273105e-10
2.532844199629545e-07
3.509202777715301e-10
2.530272140280862e-07
2.540372339419475e-10
2.528285195552144e-07
1.639594894418732e-10
2.526815487894235e-07
8.129300526359101e-11
2.525908509754543e-07
-1.414920745007687e-11
2.525969858440554e-07
-1.39893071225152e-10
2.52687209691444e-07
-1.988672756003474e-10
2.523945942121327e-07
1.752471073317297e-10
3.636089780912013e-10
4.217494392807428e-07
7.158904094483913e-08
4.103629180282011e-07
4.87407057887264e-08
3.968121635560669e-07
1.801088605617732e-08
3.890904322838151e-07
6.471349182955643e-09
3.854472417117213e-07
3.580666446770587e-09
3.837076241355265e-07
2.37085028131182e-09
3.828457050206142e-07
1.315695888965699e-09
3.824864494410312e-07
4.788737922906743e-10
3.824610877823272e-07
-8.795897351382789e-11
3.826466340338412e-07
-4.36717421309438e-10
3.829020236226018e-07
-5.69626234454346e-10
3.829970366229833e-07
-3.505000159419518e-10
3.825091947131563e-07
5.558048782008953e-10
3.806799532935045e-07
2.765223982673198e-09
3.762677317194958e-07
7.175020835828876e-09
3.674686791436626e-07
1.473931934985056e-08
3.524504621679257e-07
2.538973539218504e-08
3.307988308300596e-07
3.671697262075056e-08
3.041494165989669e-07
4.534919001643442e-08
2.744271421422303e-07
5.062325018858438e-08
2.433888641636004e-07
5.281783735017459e-08
2.123089537211694e-07
5.281010180075134e-08
1.819930815860909e-07
5.144390716591951e-08
1.529079721357034e-07
4.932017483555888e-08
1.253479316007346e-07
4.67424609802983e-08
9.959060974744865e-08
4.374789074360238e-08
7.600886503583928e-08
4.016056304749101e-08
5.508399938125764e-08
3.562589967598437e-08
3.723026757275879e-08
2.987256747156642e-08
2.267426247388175e-08
2.309105248869042e-08
1.031729459735562e-08
1.917231798605196e-08
2.228720236853319e-09
1.669025496635619e-08
1.374434721061515e-09
9.588544487096996e-10
1.046915303032835e-09
2.401924435980838e-10
1.122844888666701e-09
-4.493104325376235e-11
1.285960319760751e-09
8.877437869148295e-11
1.376622949456957e-09
4.273417898368827e-10
1.614215549317525e-09
5.51377446179016e-10
2.512675012489855e-09
-3.427039446938011e-11
4.469571374851802e-09
-1.795515801048931e-09
2.843244182875147e-08
-5.40896860413547e-08
6.813332876160816e-08
-6.449932524610951e-08
1.150251982583896e-07
-7.349345439729093e-08
1.659626638788596e-07
-8.512954847392864e-08
2.175959948161735e-07
-8.836338220125126e-08
2.656376969515399e-07
-8.235054431321948e-08
3.056863665204473e-07
-6.825168037736224e-08
3.343414800738294e-07
-4.856757447169101e-08
3.517287602006066e-07
-2.91999036582591e-08
3.608235732429517e-07
-1.489674367060126e-08
3.648900422478231e-07
-6.296391812861111e-09
3.66271962516461e-07
-1.853653838536226e-09
3.663959838659761e-07
1.121126021984264e-10
3.660267301049929e-07
8.0908304288351e-10
3.655343184017709e-07
9.247460426980393e-10
3.650762306322502e-07
8.090082860400419e-10
3.647050212206168e-07
6.25246916068779e-10
3.644277269837723e-07
4.412540311319312e-10
3.64234769140483e-07
2.74251174285741e-10
3.641078148153683e-07
1.128055299749605e-10
3.640161179594143e-07
-4.819559931394934e-11
3.639412977367795e-07
-1.240461424431353e-10
3.639848986516348e-07
1.316469775962011e-10
3.15754432223613e-10
4.359300376193925e-07
3.565900342293419e-08
4.541373977172796e-07
3.053334581535432e-08
4.570476513547842e-07
1.510063253827659e-08
4.568518398501912e-07
6.667160796209793e-09
4.571518722689489e-07
3.280634124972553e-09
4.578202092968149e-07
1.702513337823795e-09
4.584597949304177e-07
6.761103260536212e-10
4.590254223151229e-07
-8.675353626361627e-11
4.59610221989572e-07
-6.72758607913674e-10
4.602897445579723e-07
-1.116239965946294e-09
4.610685603723561e-07
-1.348442043155288e-09
4.61830139774035e-07
-1.112079429176264e-09
4.622337845100735e-07
1.521601114287336e-10
4.615091831705229e-07
3.489825274387895e-09
4.581206112106855e-07
1.056359272870501e-08
4.493231967012129e-07
2.353673377665626e-08
4.318977450568973e-07
4.281518693617363e-08
4.050313194084639e-07
6.35833981560261e-08
3.71633183608814e-07
7.874732568819451e-08
3.346618864017831e-07
8.759454725901578e-08
2.965045042117376e-07
9.097521939309229e-08
2.586882528601067e-07
9.06263530016995e-08
2.220340439750424e-07
8.809811589501568e-08
1.869107759700694e-07
8.444344268685159e-08
1.53492210549234e-07
8.016102624806983e-08
1.219760562622296e-07
7.526404488587761e-08
9.273401852736314e-08
6.940260064428274e-08
6.632257317001673e-08
6.203734490923095e-08
4.330490417109308e-08
5.289023635855955e-08
2.406258483388197e-08
4.233337173244388e-08
9.187561531244946e-09
3.404734121168368e-08
8.850548020000047e-10
2.499276163978396e-08
1.110007396516556e-09
7.339018173459711e-10
1.237499506536274e-09
1.12700318793275e-10
1.570823200693983e-09
-3.782547326322341e-10
1.922055440604242e-09
-2.624578354975954e-10
2.171825715905638e-09
1.775715587168867e-10
2.38897698553029e-09
3.342262391086056e-10
2.612661577307329e-09
-2.579549077599371e-10
1.927056750876529e-09
-1.109910880969955e-09
2.713271258083765e-08
-7.929534176449978e-08
7.399809184284773e-08
-1.113647043900208e-07
1.349720043536834e-07
-1.344673667799236e-07
2.010559731419463e-07
-1.512135171262451e-07
2.677883463059554e-07
-1.55095755221976e-07
3.295826707002764e-07
-1.441448685589323e-07
3.802899942071467e-07
-1.189590037297268e-07
4.144866762253977e-07
-8.276425633036818e-08
4.32763220892162e-07
-4.747644815825928e-08
4.40497423277504e-07
-2.263094588074425e-08
4.428332548520417e-07
-8.63222320031131e-09
4.428280748946892e-07
-1.848473679041618e-09
4.420136062566316e-07
9.265814614206583e-10
4.410607620152024e-07
1.761927527422423e-09
4.402236838405536e-07
1.761824486213535e-09
4.395687365476694e-07
1.463955876258399e-09
4.390859153139704e-07
1.108068483619216e-09
4.387414971183409e-07
7.856725853354438e-10
4.384977468191539e-07
5.180018624369624e-10
4.383135577745559e-07
2.969949888907197e-10
4.381479650947298e-07
1.173977069613914e-10
4.380100701987199e-07
1.384954225137278e-11
4.380591387512134e-07
8.25789944773291e-11
1.472008210340927e-10
4.357385834826745e-07
-7.957994271314647e-11
4.664650828407194e-07
-1.931534345737597e-10
4.817969739525833e-07
-2.312584787596762e-10
4.887414405117194e-07
-2.773056789511744e-10
4.923833595267655e-07
-3.612848167705941e-10
4.945859694608293e-07
-5.0009653437786e-10
4.959684511527523e-07
-7.063713159445865e-10
4.968732271565771e-07
-9.915295035011237e-10
4.975544622430478e-07
-1.353993671112961e-09
4.981879952186824e-07
-1.749772933265141e-09
4.988756294346048e-07
-2.03607626483172e-09
4.99640162315762e-07
-1.876612331945141e-09
5.00380615016194e-07
-5.882926245540985e-10
5.006807636935728e-07
3.18967654565097e-09
4.992160413547543e-07
1.202831500337114e-08
4.923541354817601e-07
3.03986395708518e-08
4.747350523188264e-07
6.043427000975715e-08
4.448219945449064e-07
9.349645582825072e-08
4.077382413489754e-07
1.158310787751849e-07
3.675084000832544e-07
1.278243884068821e-07
3.26779997839613e-07
1.31703621515808e-07
2.869136150773002e-07
1.304927356384568e-07
2.484295125197921e-07
1.265822183286463e-07
2.114020858364854e-07
1.214708692465157e-07
1.757540590366282e-07
1.158090529309446e-07
1.4148346733948e-07
1.09534636471336e-07
1.088466360501941e-07
1.020394318333052e-07
7.84807474973103e-08
9.240323337189136e-08
5.144556724389494e-08
7.992541653718133e-08
2.903504251744082e-08
6.474389639800697e-08
1.215872861637484e-08
5.092365506995184e-08
2.142633936084439e-11
3.713006389044339e-08
5.49188613641824e-10
2.061395359786336e-10
1.368838748001526e-09
-7.069498052482979e-10
1.948100587280855e-09
-9.575165426289331e-10
2.355179163080508e-09
-6.695363650090895e-10
2.73063459997922e-09
-1.978838145512722e-10
2.760767735599955e-09
3.040931825736426e-10
2.061885285284772e-09
4.409276368523866e-10
1.044547342844584e-09
-9.257283086606122e-11
3.431858602370007e-08
-1.125693803252452e-07
8.363192608689448e-08
-1.606780443218087e-07
1.4881504515861e-07
-1.996504857105516e-07
2.219153916846636e-07
-2.243138635020883e-07
2.969920094702452e-07
-2.301723728498049e-07
3.67030920889376e-07
-2.141837798125865e-07
4.240363582676918e-07
-1.75964440935718e-07
4.593962608574467e-07
-1.181241587395244e-07
4.745945210273503e-07
-6.267470813869804e-08
4.787773357955613e-07
-2.681376044764088e-08
4.790587395062039e-07
-8.913626695500116e-09
4.783572640443071e-07
-1.146997983326483e-09
4.775748655728984e-07
1.708980187812197e-09
4.769169566116654e-07
2.419836769320125e-09
4.76408534132262e-07
2.270247271998185e-09
4.760302907496254e-07
1.842199596852401e-09
4.757530681058428e-07
1.385291495330126e-09
4.755481984787322e-07
9.905426093372137e-10
4.753895423789587e-07
6.766583437720948e-10
4.752514306493008e-07
4.351071242270436e-10
4.751180008866867e-07
2.508279799298795e-10
4.750195909205619e-07
1.122601145950156e-10
4.750857256678696e-07
1.644477549837754e-11
-2.83097852230514e-11
4.357234025558148e-07
-3.580298239146413e-08
4.664328132272789e-07
-3.090256400649655e-08
4.817256261664257e-07
-1.552407133237975e-08
4.886122423014598e-07
-7.163921739709768e-09
4.921765324983158e-07
-3.92557494967892e-09
4.942709360405558e-07
-2.594500022584278e-09
4.954975384723157e-07
-1.932973704619552e-09
4.961790666784028e-07
-1.673057677203963e-09
4.965525156406793e-07
-1.727442613205459e-09
4.967889240632892e-07
-1.986181346992982e-09
4.970190472460071e-07
-2.26619945164346e-09
4.973771875784171e-07
-2.234752679677758e-09
4.980807010932895e-07
-1.291806167728044e-09
4.994362043536106e-07
1.834173246694678e-09
5.010665216332875e-07
1.039799767294056e-08
4.985804265481737e-07
3.288473459655022e-08
4.831762993716667e-07
7.583839711643879e-08
4.518532361195962e-07
1.248195190043487e-07
4.1374769320856e-07
1.539366216024835e-07
3.740143551587781e-07
1.675577263700088e-07
3.350308426429916e-07
1.706871339405415e-07
2.97535256295193e-07
1.67988321895992e-07
2.614604602893237e-07
1.626570142436854e-07
2.264278480869857e-07
1.565034813626878e-07
1.920015342641384e-07
1.50235366671059e-07
1.578614892444499e-07
1.436746814166924e-07
1.239853484813316e-07
1.359155725293407e-07
9.088537011317837e-08
1.255032116846052e-07
5.994468452564356e-08
1.108661020797768e-07
3.344703695372903e-08
9.124154393899913e-08
1.394004353733057e-08
7.0430648468238e-08
-7.653374445828436e-10
5.1835444869479e-08
7.873319729398341e-10
-1.346529870382568e-09
1.918352122498812e-09
-1.837969928122158e-09
1.973081319892795e-09
-1.012245699122937e-09
1.978672861431371e-09
-6.751278507964389e-10
2.588524387632252e-09
-8.077352713550428e-10
3.219462980233258e-09
-3.268453269889005e-10
2.566870977008859e-09
1.09351973554724e-09
1.131123300463797e-09
1.343174953454407e-09
3.64456344260189e-08
-1.478838913317374e-07
8.572514029768766e-08
-2.099575500639267e-07
1.519941459681425e-07
-2.659194912413954e-07
2.275418754068039e-07
-2.998615927921384e-07
3.060746608588143e-07
-3.087051581440704e-07
3.803475887797302e-07
-2.884567075673468e-07
4.407019573900012e-07
-2.36318809370466e-07
4.729556842035978e-07
-1.503778853680328e-07
4.803369209518001e-07
-7.005594468981988e-08
4.782357717115178e-07
-2.471261099671884e-08
4.758934961374399e-07
-6.571350893577265e-09
4.748599521012469e-07
-1.134536994906144e-10
4.746239988068012e-07
1.944933753939097e-09
4.746783352990878e-07
2.365500575107232e-09
4.747974839113026e-07
2.151098984757316e-09
4.749039754658838e-07
1.735708399445686e-09
4.749763684141703e-07
1.31289893245124e-09
4.75012730752851e-07
9.541806843999737e-10
4.750145117199008e-07
6.748777753181154e-10
4.74978953553352e-07
4.70665713184593e-10
4.74908142286134e-07
3.21639730222282e-10
4.748471123981996e-07
1.732907670498706e-10
4.749375352859135e-07
-7.39774977466284e-11
-2.17154262427389e-10
4.35855438012544e-07
-7.165842034077153e-08
4.540407392265383e-07
-4.908786513449061e-08
4.568546071882906e-07
-1.833793920915145e-08
4.565090231857739e-07
-6.818337658671355e-09
4.566080537899197e-07
-4.024605482860837e-09
4.569956103491962e-07
-2.98205651967337e-09
4.572289912659343e-07
-2.166354567872134e-09
4.572095448653475e-07
-1.653611233132985e-09
4.569808174154826e-07
-1.498715129180219e-09
4.565966067753117e-07
-1.6019706834161e-09
4.561112062358873e-07
-1.780798898174611e-09
4.556326890411495e-07
-1.756235481769549e-09
4.555427515442775e-07
-1.201868676399418e-09
4.569891673387645e-07
3.877574363922707e-10
4.614496229338e-07
5.937542054685653e-09
4.645755245380153e-07
2.975883296012953e-08
4.537498628062373e-07
8.666405881049909e-08
4.230132283308575e-07
1.555561534349629e-07
3.879004344500983e-07
1.89049415435374e-07
3.538905714680858e-07
2.01567589299668e-07
3.219800601638285e-07
2.025976451921898e-07
2.918053546683608e-07
1.981630273373137e-07
2.626077386506847e-07
1.918546302098907e-07
2.336019773104558e-07
1.85509242652955e-07
2.040484690877768e-07
1.797888748492309e-07
1.732844758957222e-07
1.744386745686373e-07
1.408253011382136e-07
1.683747472546005e-07
1.06629340518536e-07
1.596991722789285e-07
7.172107299010382e-08
1.45774369592565e-07
3.884737545861168e-08
1.241152414636128e-07
1.463591868403358e-08
9.464210524676488e-08
-2.861538471583867e-10
6.675751741463564e-08
3.087734702769281e-09
-4.720418394992234e-09
2.762914429765187e-09
-1.513149619228471e-09
1.29170859473336e-09
4.589601831741089e-10
6.399229077139966e-10
-2.334210581213524e-11
1.350605687814291e-09
-1.51841798249634e-09
3.460177113373083e-09
-2.436416673089775e-09
5.08361518892566e-09
-5.299182498377734e-10
2.549845933392291e-09
3.876944309309494e-09
3.324391445565406e-08
-1.785779597436804e-07
8.091014715250851e-08
-2.576237826405467e-07
1.458103144401148e-07
-3.308196583994162e-07
2.182291213152772e-07
-3.72280399528058e-07
2.931007627713328e-07
-3.835767994517278e-07
3.654663023603867e-07
-3.608222469979417e-07
4.25578903848826e-07
-2.964314106903883e-07
4.503028341668284e-07
-1.751018155053995e-07
4.464215312713513e-07
-6.61746416006952e-08
4.373474392413136e-07
-1.563851875681694e-08
4.334982816352968e-07
-2.722193059669039e-09
4.332471610267371e-07
1.37667158864654e-10
4.341670538963294e-07
1.0250411589657e-09
4.35185010264147e-07
1.347544507770368e-09
4.36016911685762e-07
1.319197893229431e-09
4.366323312659967e-07
1.120289175005874e-09
4.370611649000944e-07
8.840656944877707e-10
4.373445112588793e-07
6.708347359435326e-10
4.37517740918325e-07
5.016485343785965e-10
4.37599214323174e-07
3.891927342196365e-10
4.375939385914269e-07
3.269161192372512e-10
4.375490132584324e-07
2.182167832811752e-10
4.37656291180531e-07
-1.81254854078641e-10
-4.3027797779002e-10
4.215261732991038e-07
-9.318459348620238e-08
4.100953927910989e-07
-3.765708449762718e-08
3.964138470429428e-07
-4.656393349393216e-09
3.884999668740304e-07
1.095542612228817e-09
3.845945667407348e-07
-1.192052556873041e-10
3.824884420813134e-07
-8.759317739474251e-10
3.811079263535129e-07
-7.858387621870743e-10
3.800218684694513e-07
-5.675532792722445e-10
3.790063838972308e-07
-4.832304963621165e-10
3.779073325325023e-07
-5.029192663831569e-10
3.766123289580679e-07
-4.857952809245629e-10
3.75042067407957e-07
-1.859738967428156e-10
3.732767328006109e-07
5.634659567140704e-10
3.722760076535765e-07
1.388482602317141e-09
3.750351060166367e-07
3.178443702323041e-09
3.803678565299811e-07
2.442608245208223e-08
3.806963551678415e-07
8.633556017115822e-08
3.554668643092804e-07
1.80785644288435e-07
3.303878497709188e-07
2.14128429963749e-07
3.092285198560249e-07
2.227269192030882e-07
2.904446958470334e-07
2.21381469187002e-07
2.725398754920867e-07
2.160678476787694e-07
2.543921728202935e-07
2.100023328677498e-07
2.351782215224951e-07
2.047231939395013e-07
2.141487615872701e-07
2.008183347748471e-07
1.904762977452166e-07
1.981111384054066e-07
1.632012758320256e-07
1.956497691658984e-07
1.313432293318272e-07
1.91557218782778e-07
9.450344336736751e-08
1.826141555654076e-07
5.418955941184194e-08
1.644291254338862e-07
2.136757216289054e-08
1.27464092516176e-07
9.735566515212728e-09
7.838952308961794e-08
7.38102705328618e-09
-2.365878899310501e-09
2.097444284668303e-09
3.770433190356976e-09
-7.651607958232132e-11
2.632920595360485e-09
-5.77345743703302e-10
4.774876136925703e-10
-6.568275662463907e-10
-1.438936097074287e-09
1.372815399358984e-09
-4.466059568030642e-09
8.440666178847914e-09
-7.597768950691296e-09
1.505039987560171e-08
-2.732789300565278e-09
3.12430495696464e-08
-1.947706093423182e-07
7.843360430264506e-08
-3.048143372697552e-07
1.382582433098984e-07
-3.906442972937969e-07
1.986687066914531e-07
-4.326908627879268e-07
2.581078027419339e-07
-4.43015895370549e-07
3.170231530775326e-07
-4.197375971919953e-07
3.688335011384741e-07
-3.48241758597989e-07
3.75568961856136e-07
-1.818372760574957e-07
3.646989910878216e-07
-5.530467065163768e-08
3.558253949960468e-07
-6.764922468170596e-09
3.544457451627432e-07
-1.342543009666888e-09
3.557699851289819e-07
-1.18657256934524e-09
3.574981560718034e-07
-7.03129520770253e-10
3.590264168649498e-07
-1.807159973935751e-10
3.602623930528149e-07
8.322202082885023e-11
3.612166321630822e-07
1.660504080556533e-10
3.619248464613108e-07
1.758517718153012e-10
3.624335774043863e-07
1.621041833911044e-10
3.627887781828008e-07
1.464481711997372e-10
3.630236165028989e-07
1.543548851734373e-10
3.63147736524619e-07
2.027966096812907e-10
3.63172306263594e-07
1.936479181163767e-10
3.632183255995442e-07
-2.272730326679862e-10
-3.481275943220774e-10
3.013033213253531e-07
5.512085272852739e-09
2.706271064068783e-07
-6.98086944635582e-09
2.691366615205537e-07
-3.16594832253224e-09
2.687441230763658e-07
1.488081194298129e-09
2.668962201161022e-07
1.72869783696727e-09
2.652757697525455e-07
7.445187150754525e-10
2.642663199598243e-07
2.236111486792111e-10
2.635868886851475e-07
1.118781052396032e-10
2.62975554499399e-07
1.281037912362211e-10
2.622958516125767e-07
1.767837133397658e-10
2.615342182694045e-07
2.758381472018134e-10
2.609112090611904e-07
4.37035387490712e-10
2.607201723162532e-07
7.545027704130725e-10
2.593284508815315e-07
2.780204097505438e-09
2.495921727373246e-07
1.291472190093475e-08
2.320459461950383e-07
4.197230904160596e-08
2.160238486435185e-07
1.023576577653188e-07
2.306130150698704e-07
1.661964778990087e-07
2.380981073557845e-07
2.066433377117904e-07
2.429614581486983e-07
2.178635684400679e-07
2.448460403965402e-07
2.194968869677412e-07
2.438204456007106e-07
2.170934425008352e-07
2.400362631934935e-07
2.137865153013408e-07
2.335869059585757e-07
2.111725511999528e-07
2.243410429891521e-07
2.100641977710067e-07
2.118220592967087e-07
2.106301221248941e-07
1.951310751821192e-07
2.123407533093846e-07
1.72900711785921e-07
2.137875822089834e-07
1.435623877749426e-07
2.119524796086126e-07
1.066752847682744e-07
2.013162284744495e-07
7.146590460512442e-08
1.626734727156823e-07
5.006784921329545e-08
9.978757852007828e-08
7.102030167301186e-09
4.059994018813631e-08
-1.29667398938816e-09
1.216913739141137e-08
-6.894586782003128e-10
2.02570533186309e-09
-8.297308795125197e-11
-1.289979251235297e-10
-1.186119867346231e-09
-3.357892621916441e-10
-3.366380594609096e-09
-2.285798780419575e-09
4.353709817880697e-09
-1.531785929763678e-08
6.058703924109215e-08
-5.896611865219977e-08
7.121635690928221e-08
-2.053999269328147e-07
1.096387440296241e-07
-3.432367243050822e-07
1.478081374862293e-07
-4.288136906581475e-07
1.768773640864753e-07
-4.617600892871336e-07
1.968755065526223e-07
-4.630140377269178e-07
2.094461212596861e-07
-4.323082117784942e-07
2.086916655353037e-07
-3.474873027421174e-07
2.345372811385412e-07
-2.076828915154888e-07
2.386570843671731e-07
-5.942447372085547e-08
2.473542701406723e-07
-1.546210806464178e-08
2.48540734893596e-07
-2.529007567376319e-09
2.482091101220351e-07
-8.549475802919056e-10
2.485774037813174e-07
-1.071422940658026e-09
2.493613604016174e-07
-9.646723517116928e-10
2.501282703821067e-07
-6.836876707778061e-10
2.507360110359867e-07
-4.41689926539149e-10
2.511845352615754e-07
-2.726721104233789e-10
2.515030597962481e-07
-1.564199623968009e-10
2.517195474251442e-07
-7.003906221668672e-11
2.518710623399882e-07
2.840390967168775e-12
2.520228774553284e-07
5.098223856563637e-11
2.521751936837606e-07
4.133281458553777e-11
2.518679565270214e-07
7.99643213811896e-11
-3.371445607124171e-10
7.039802480102346e-09
-1.527716977246053e-09
-2.069249424891437e-10
2.658581903683007e-10
-2.583379218391147e-09
-7.894938451377454e-10
-9.873207475317688e-10
-1.07977082029039e-10
1.520833841403201e-10
5.892938933761384e-10
2.917640299532474e-10
6.048382501350091e-10
1.442382802751775e-10
3.711370711484774e-10
4.309398056998209e-11
2.130225692722385e-10
6.17817964407104e-13
1.705801088877518e-10
-2.955263272437404e-11
2.069543101491605e-10
-7.650478767335759e-11
3.22790438590606e-10
-2.657906177565245e-10
6.263213454179215e-10
-9.837526894581684e-10
1.472464960616643e-09
-1.443934825501634e-09
3.240386344429132e-09
7.431919346541568e-09
4.038867831380402e-09
5.210037482455859e-08
-2.696146340177491e-09
7.431901630938192e-08
8.013901636962217e-08
1.1015774302079e-07
1.303577512719271e-07
1.47451513482205e-07
1.693495673290301e-07
1.765866835430055e-07
1.887283984545346e-07
1.979611992427272e-07
1.981223713390101e-07
2.132188937321815e-07
2.018357480801084e-07
2.238459922849982e-07
2.031594168141016e-07
2.309476236381715e-07
2.040709199107771e-07
2.352425859717232e-07
2.057692354990271e-07
2.370769840612527e-07
2.087957240955733e-07
2.364987932208161e-07
2.129189442079499e-07
2.333927119653847e-07
2.168936635210872e-07
2.276805186481751e-07
2.17664672980545e-07
2.196880429835041e-07
2.093087041922245e-07
2.051354415248006e-07
1.772260742257389e-07
2.197106964378478e-07
8.52123236568442e-08
2.353070682107126e-07
2.500356846386219e-08
2.43791652795778e-07
3.684552853843423e-09
2.445210712159515e-07
1.296286958787572e-09
2.445881432154959e-07
-1.960698778179703e-10
2.457922449094236e-07
-1.539890908355595e-09
2.456211375655129e-07
-2.114691387637617e-09
2.377763938037675e-07
-7.473115484460605e-09
2.338753844760405e-07
-5.506510927034646e-08
2.084128961759616e-07
-1.799374385742772e-07
2.097103945852696e-07
-3.445342226516433e-07
1.974366501320553e-07
-4.165399461358498e-07
1.774798777307399e-07
-4.418033168103969e-07
1.483210111097932e-07
-4.338551710218211e-07
1.099479881211928e-07
-3.939351886970039e-07
7.122096214928096e-08
-3.087602766657163e-07
6.070130355226675e-08
-1.971632328022432e-07
4.20371379393411e-09
-2.926883831149368e-09
-3.445140190905078e-09
-7.813253933242912e-09
-1.167536927496311e-09
-4.806610665151944e-09
1.282625166502248e-10
-2.1507468402404e-09
2.181908869499258e-10
-1.161351103346257e-09
8.306922566924698e-11
-8.295504622831106e-10
1.058582951194761e-11
-6.112040206501142e-10
-1.296874815285257e-11
-4.181350729465031e-10
-2.063625376356228e-11
-2.65004293915103e-10
-2.331809040028123e-11
-1.53737800866207e-10
-1.883021118873746e-11
-7.452659536564731e-11
4.852287283089818e-12
-2.084167578020112e-11
5.065815691106893e-11
5.176848236682964e-12
9.319612989223985e-11
-1.20485039027648e-12
2.560123487641127e-10
-8.285048383212227e-11
-8.113234203971302e-11
3.597025435643213e-10
-1.887419327586869e-09
4.360106403792025e-10
1.895503448253352e-10
-6.371708350904988e-10
2.836878905771431e-10
-7.046235746069336e-10
-4.052408398369124e-11
-2.156004737224598e-10
1.002710451845106e-10
8.693806702905716e-11
3.022999545232557e-10
1.260081935379633e-10
3.320671808179852e-10
6.45766680041096e-11
2.744543211469771e-10
-7.626595752100048e-12
2.427835886728945e-10
-9.164483252857751e-11
2.909727520459381e-10
-2.308908793730012e-10
4.620366800004416e-10
-4.197210053704538e-10
8.151516549665766e-10
-2.058086293416635e-10
1.258552758223734e-09
2.015644009439797e-09
1.018933868957488e-09
7.469253436679837e-09
-1.414741441204891e-09
9.676344324417821e-09
-4.903237082367162e-09
2.076945496186486e-08
6.904590587056242e-08
5.36164285175643e-08
9.751077784693786e-08
9.399780116303743e-08
1.289681948085781e-07
1.304490049297771e-07
1.522771948064787e-07
1.613414010683883e-07
1.672299753145122e-07
1.870889189493696e-07
1.760882303079436e-07
2.087607893593358e-07
1.814875465089989e-07
2.275449832668411e-07
1.852867261034243e-07
2.445325756077391e-07
1.887816432543812e-07
2.606485428315275e-07
1.926797569634382e-07
2.76777174953969e-07
1.967903121728685e-07
2.939742522200701e-07
1.996965863375556e-07
3.136304422676939e-07
1.980084830106218e-07
3.371810134605046e-07
1.857581330720763e-07
3.608800903009083e-07
1.535269974527351e-07
3.594029210710563e-07
8.668949294919106e-08
3.5318758158755e-07
3.121890800465665e-08
3.493557260031063e-07
7.516408491196052e-09
3.490517818243822e-07
1.600231185790837e-09
3.494398100720337e-07
-5.840980804816867e-10
3.5012098316065e-07
-2.221063955400534e-09
3.531785094292878e-07
-5.172217616263165e-09
3.632532953165132e-07
-1.754790133330245e-08
3.748581961709022e-07
-6.667001008592634e-08
3.68599931779324e-07
-1.736791741435676e-07
3.176744053418397e-07
-2.936086961721989e-07
2.594219559493256e-07
-3.582874966985671e-07
2.002033839538629e-07
-3.825847447645411e-07
1.396764202863576e-07
-3.733282072983057e-07
7.942670118607289e-08
-3.336854695320075e-07
3.157689002209361e-08
-2.609104654283506e-07
1.511989171571398e-08
-1.807062344103626e-07
8.399367393745e-09
3.793640588313081e-09
1.328780171644137e-09
-7.426665979128629e-10
-5.889246870365664e-10
-2.888905678266496e-09
-3.2363686479407e-10
-2.41603451487364e-09
-6.117725898490276e-12
-1.478870077225117e-09
4.662677701626275e-11
-8.822947783129015e-10
3.92046543403038e-12
-5.68497505193424e-10
-3.266241733960082e-11
-3.815519616763591e-10
-4.63633769798424e-11
-2.513030896224839e-10
-4.329519267207537e-11
-1.568057150877697e-10
-2.673606887085702e-11
-9.10854497084409e-11
3.849176817114685e-12
-5.142669807382586e-11
4.542186547379165e-11
-3.639549511789049e-11
8.766065269574345e-11
-4.344292856032692e-11
6.473165533428775e-11
-5.992190383419733e-11
-1.640032774377108e-11
-7.529754678605754e-10
-1.134443540950097e-09
-2.435279654099758e-10
-3.19896817836263e-10
-1.445911094984581e-10
1.847513728992154e-10
-2.985897268192781e-10
1.134748674786001e-10
-2.50761858549548e-10
5.244350453076616e-11
-8.62606876129272e-11
1.377991019902791e-10
1.522652030198925e-11
2.305802808674621e-10
2.028074058437606e-11
2.694003968840297e-10
-3.03751400899343e-11
2.934397528281521e-10
-9.644277522573819e-11
3.570406576048686e-10
-1.110384158595512e-10
4.766325777542466e-10
1.359052665875545e-10
5.682082167301075e-10
1.046089978651835e-09
3.483682773959357e-10
2.614527990827926e-09
-5.495039237979819e-10
2.925705964741408e-09
-1.725919207525227e-09
-7.107459267626634e-10
-1.266784993415354e-09
1.340942166457291e-08
5.492573846638082e-08
3.67139990184717e-08
7.420620067180017e-08
6.874764291235503e-08
9.693455108478358e-08
1.026119307952206e-07
1.184129070867644e-07
1.354073967886041e-07
1.344345094768756e-07
1.660474029921789e-07
1.454482242540453e-07
1.945721167351125e-07
1.529628329090548e-07
2.217186458381131e-07
1.581401971374861e-07
2.484613204621509e-07
1.620389687608107e-07
2.756911168903571e-07
1.654499606592573e-07
3.041924391412103e-07
1.68288990039044e-07
3.34583148786115e-07
1.693058768023169e-07
3.671429851540064e-07
1.65448646744767e-07
4.008763261687449e-07
1.520247921510495e-07
4.304543318236174e-07
1.239489918834641e-07
4.40663314094865e-07
7.648051075463033e-08
4.372749274715276e-07
3.460729469657202e-08
4.323834134816162e-07
1.240792254074186e-08
4.302942806997576e-07
3.689364019728503e-09
4.298764065843744e-07
-1.662239212385778e-10
4.310161294897993e-07
-3.360786823152587e-09
4.356550619130478e-07
-9.811150008498711e-09
4.452701051962914e-07
-2.716294458971463e-08
4.496076173986405e-07
-7.100752226596886e-08
4.254776432666175e-07
-1.495491999908881e-07
3.662108607887706e-07
-2.343419136755068e-07
2.94560424270218e-07
-2.866370601596833e-07
2.199986080772464e-07
-3.080229285497609e-07
1.474535033708426e-07
-3.007831025651423e-07
8.204129366618087e-08
-2.682732597956674e-07
3.367454185603237e-08
-2.125437135779876e-07
2.58607742125108e-09
-1.496177699269179e-07
5.062130050341956e-09
1.317588020090632e-09
3.378166392542445e-09
9.412971324136368e-10
1.20087115231367e-09
-7.116103500336372e-10
2.21182234639453e-10
-1.436345494874276e-09
2.85499365610723e-12
-1.260542715819834e-09
-2.247506633875124e-11
-8.569645831043109e-10
-4.219259634768806e-11
-5.487798202204232e-10
-6.264405558659438e-11
-3.611003324120859e-10
-6.898306729835257e-11
-2.449638873389204e-10
-5.88636105858549e-11
-1.669249787429158e-10
-3.597740279936418e-11
-1.139714631451889e-10
-5.90691103349778e-12
-8.14969652313709e-11
2.242487001071984e-11
-6.47271874271417e-11
3.328171531202949e-11
-5.429998411847935e-11
9.044468207755687e-12
-3.568394718035516e-11
-7.356171144225254e-12
-5.419688316213727e-10
-5.924743436077917e-10
-4.696918419796134e-10
-3.92173395624065e-10
-2.225999161644686e-10
-6.234013982430541e-11
-1.731536132847393e-10
6.402897339780525e-11
-1.869662453848222e-10
6.625653690211806e-11
-1.429652175053186e-10
9.379846404689677e-11
-7.476755711714335e-11
1.623829975389538e-10
-3.58428620277374e-11
2.304760651280264e-10
-2.457384431776885e-11
2.821710832873836e-10
1.527013210116785e-11
3.171970139232848e-10
1.913304035167742e-10
3.005726232642214e-10
6.27823132943155e-10
1.317157885266785e-10
1.260871284771559e-09
-2.846795883430087e-10
1.491833243872737e-09
-7.804656116370907e-10
4.965983011505408e-10
-7.30684007066785e-10
-9.829502164191814e-10
2.127637686519483e-10
1.267226065270504e-08
4.127052783022205e-08
3.065181374082874e-08
5.622664780529044e-08
5.551904470905433e-08
7.206732032862463e-08
8.475190331507152e-08
8.918004868315335e-08
1.159826708787068e-07
1.032037421075104e-07
1.477473927322307e-07
1.136835025862633e-07
1.794019771914192e-07
1.213082486280809e-07
2.112919103267029e-07
1.262502641723023e-07
2.441527214701049e-07
1.291781577797428e-07
2.78538388779641e-07
1.310642935036621e-07
3.147502185389386e-07
1.320771604249904e-07
3.525840145650855e-07
1.314720809122626e-07
3.912169607085868e-07
1.268157007273493e-07
4.283499935698477e-07
1.148917594058028e-07
4.590247673875921e-07
9.327421817048628e-08
4.742789682402689e-07
6.122630999600257e-08
4.769240573164084e-07
3.196220570239164e-08
4.754539437934283e-07
1.387803613477515e-08
4.742671262317398e-07
4.876181640274055e-09
4.739985983633305e-07
1.023039957561391e-10
4.748470003654229e-07
-4.209188787978989e-09
4.771042163932008e-07
-1.206836600773043e-08
4.791843168868501e-07
-2.924304506433227e-08
4.720037847776755e-07
-6.382699014420102e-08
4.403243315100793e-07
-1.178697467175825e-07
3.807879338402209e-07
-1.748055160032057e-07
3.071968433496387e-07
-2.130459696700578e-07
2.289744345183603e-07
-2.298005197189829e-07
1.533009453139229e-07
-2.251096133607873e-07
8.654713386952238e-08
-2.015194483470027e-07
3.673997467427951e-08
-1.627365543742299e-07
1.095721823324117e-09
-1.139735170592909e-07
2.429004219652196e-09
-1.569435183167992e-11
2.931343772754245e-09
4.389576152256947e-10
2.046560189417604e-09
1.731732796752343e-10
9.574445860707841e-10
-3.472298312428105e-10
3.025513682029973e-10
-6.056494260185953e-10
3.13519280792217e-11
-5.857650557692686e-10
-5.788502657784512e-11
-4.595427669696544e-10
-8.218938269485169e-11
-3.367958639446805e-10
-8.167162709813896e-11
-2.454815204522867e-10
-6.738954180180217e-11
-1.812069308651939e-10
-4.513870262511652e-11
-1.362221807533634e-10
-2.182975092163599e-11
-1.048058514659833e-10
-5.598877096022851e-12
-8.095792240250425e-11
-2.109357358994851e-12
-5.778919328814755e-11
-5.282586542921637e-12
-3.251139929479374e-11
-1.263848935003597e-11
-2.818384603918012e-10
-3.106354929881467e-10
-3.813456605388348e-10
-2.926657300488429e-10
-2.853456761074628e-10
-1.583396452319924e-10
-1.923552263624431e-10
-2.896099909034429e-11
-1.63257574571739e-10
3.715935467181695e-11
-1.44577663000643e-10
7.511900967201005e-11
-1.047658687085585e-10
1.225716464065798e-10
-4.93995454797145e-11
1.751101685372923e-10
2.627108974729575e-11
2.065008576138422e-10
1.595550686919499e-10
1.839134262156861e-10
3.928839516479018e-10
6.724411329587941e-11
6.89478522754851e-10
-1.648784279497896e-10
8.380847738099186e-10
-4.332855026641026e-10
5.617512565009232e-10
-5.041317746439494e-10
1.81553122455359e-11
-1.870877595493925e-10
-3.395381666706797e-12
2.343147509410206e-10
1.113872189061984e-08
3.012841083194412e-08
2.588332306166498e-08
4.148204689582451e-08
4.590403457133591e-08
5.204660906840858e-08
7.066442673194248e-08
6.441965676174243e-08
9.884021484715415e-08
7.502795422117006e-08
1.292993118729208e-07
8.322440578051377e-08
1.610281350628247e-07
8.95794256489247e-08
1.942090746221728e-07
9.306932481523763e-08
2.294132056502567e-07
9.397402694484048e-08
2.667500831336092e-07
9.372741620440006e-08
3.05977477775107e-07
9.284976595784104e-08
3.461072924221017e-07
9.134226642907642e-08
3.856901641726185e-07
8.723282912969697e-08
4.222252411469734e-07
7.835668257191398e-08
4.518945707062151e-07
6.360488873941094e-08
4.696863068157406e-07
4.343457400046061e-08
4.770228174467447e-07
2.462569517197247e-08
4.79081982469791e-07
1.181887119690153e-08
4.79451328625218e-07
4.506835556204049e-09
4.79446213701044e-07
1.074189756719596e-10
4.793092480344472e-07
-4.072223078814555e-09
4.783060128603418e-07
-1.10651308056271e-08
4.736427508884427e-07
-2.457978307584888e-08
4.583530141436587e-07
-4.853725339512199e-08
4.233485987362803e-07
-8.28653313144103e-08
3.669703692217253e-07
-1.18427286501693e-07
2.974884042721714e-07
-1.435640047381723e-07
2.226665736652496e-07
-1.549786891343858e-07
1.494494903935559e-07
-1.518925301117665e-07
8.388262147103359e-08
-1.359525794475249e-07
3.434622526031691e-08
-1.132001581827578e-07
8.286671271769314e-10
-8.045595894184613e-08
1.665665163148454e-09
-8.52692396034e-10
2.192620628867422e-09
-8.79978521340309e-11
1.920030779295876e-09
4.457631376884159e-10
1.211914074858866e-09
3.608868899478979e-10
5.693683227119046e-10
3.689635435966516e-11
1.826151260351893e-10
-1.990118219778442e-10
5.48997567452044e-12
-2.824175690399461e-10
-5.809375209036369e-11
-2.732120796497323e-10
-7.158017401817004e-11
-2.319950339731201e-10
-6.435604176120992e-11
-1.884310025074953e-10
-4.94683877423378e-11
-1.511097750223312e-10
-3.452031366301459e-11
-1.197538398601393e-10
-2.402413361999101e-11
-9.145415368622846e-11
-1.750773683537586e-11
-6.43059176716795e-11
-9.651315477043774e-12
-4.036724472191053e-11
-2.229013663527177e-11
-1.399046357340748e-10
-1.707303116788882e-10
-2.450044554707117e-10
-1.875653504429029e-10
-2.538283977863307e-10
-1.495151561620657e-10
-2.069265977797318e-10
-7.586226148096837e-11
-1.639969099108985e-10
-5.76980740098182e-12
-1.32651965764492e-10
4.377457774956403e-11
-9.064869400797984e-11
8.056887024058754e-11
-2.060545167309003e-11
1.050674040974639e-10
8.724784738404857e-11
9.864801679221895e-11
2.359063518829339e-10
3.525536003774027e-11
3.983946012321291e-10
-9.524371842256182e-11
4.890969781770421e-10
-2.555804075992508e-10
4.027800738896351e-10
-3.469682210868223e-10
1.724860706150681e-10
-2.738374133568319e-10
7.121059679654496e-11
-8.581194577618949e-11
2.909379188881208e-10
1.458775156024353e-11
8.835182034689915e-09
2.158416702343042e-08
2.065481155636628e-08
2.966241766671964e-08
3.657741839459709e-08
3.612400251012198e-08
5.676327048513041e-08
4.423380493887157e-08
8.07532161277866e-08
5.103800883580773e-08
1.079809313167554e-07
5.59966908383912e-08
1.371681629848706e-07
6.039219421858395e-08
1.685775883572759e-07
6.16598996710762e-08
2.026863754122195e-07
5.986524010919611e-08
2.391014831017371e-07
5.73123087245435e-08
2.771333913227825e-07
5.48178579364748e-08
3.152705954559867e-07
5.320506248488623e-08
3.519674331107608e-07
5.053599165202325e-08
3.850987516828656e-07
4.522536416461731e-08
4.119385256308615e-07
3.676511494198089e-08
4.296745342902671e-07
2.569856547757509e-08
4.390564063522583e-07
1.524382323007619e-08
4.431800205603297e-07
7.695257093489872e-09
4.446737757590438e-07
3.013080444325269e-09
4.448288057597859e-07
-4.761095411918198e-11
4.437868160567177e-07
-3.030233322741722e-09
4.404383671091264e-07
-7.716681820100702e-09
4.319690798109899e-07
-1.611049575639035e-08
4.133851401765293e-07
-2.995331375226107e-08
3.793243353019886e-07
-4.880452644529278e-08
3.290280875506476e-07
-6.813103876524414e-08
2.676368746255738e-07
-8.217279183789344e-08
2.010731764296257e-07
-8.841499096851624e-08
1.348343355314103e-07
-8.565368924921527e-08
7.349445806744607e-08
-7.461270202027611e-08
2.679100752820172e-08
-6.649670768173662e-08
1.338645699672163e-09
-5.50035971488371e-08
1.885572420988858e-09
-1.399619151114333e-09
1.627254912143995e-09
1.703196284810595e-10
1.337315354556544e-09
7.357026709188545e-10
1.000371277132023e-09
6.978309499921328e-10
6.308606916738194e-10
4.064069274754644e-10
3.210913315542911e-10
1.107575323880887e-10
1.196496980612107e-10
-8.097593627353725e-11
1.379674207565263e-11
-1.673591193883404e-10
-3.111516293473894e-11
-1.870831212883189e-10
-4.412206520010744e-11
-1.754240868690681e-10
-4.298015458663899e-11
-1.522516834177083e-10
-3.704477221012864e-11
-1.25689270049159e-10
-2.996403197101644e-11
-9.853484967145747e-11
-2.146748913449333e-11
-7.280222644982539e-11
-1.056929293431138e-11
-5.126615217002767e-11
-3.285916501199136e-11
-7.345626973863699e-11
-9.727362867129384e-11
-1.470508536279332e-10
-1.139702211237492e-10
-1.866610125453903e-10
-1.09904423207968e-10
-1.819490367163958e-10
-8.057366271192935e-11
-1.516201790629313e-10
-3.609809949744572e-11
-1.116204946678691e-10
3.775444395816566e-12
-5.863099810757996e-11
2.757990788796536e-11
1.775525412119402e-11
2.868166655882664e-11
1.183148295991727e-10
-1.91106437223292e-12
2.23022030969275e-10
-6.945136878926081e-11
2.871022858779051e-10
-1.593235225768071e-10
2.606011150634582e-10
-2.290788080446336e-10
1.453691229360191e-10
-2.31735821665236e-10
4.061283666707317e-11
-1.690807404311058e-10
6.515473946336404e-11
-1.103534816623918e-10
1.800232877004081e-10
-1.002804478855098e-10
6.310173358874878e-09
1.545401728383863e-08
1.497574551417287e-08
2.099684582798664e-08
2.660690739880086e-08
2.449284092776355e-08
4.169403040107663e-08
2.914668222687323e-08
6.048464801628477e-08
3.224739149921075e-08
8.331994153594588e-08
3.316139758769576e-08
1.092262349630075e-07
3.448590105069509e-08
1.374194552844473e-07
3.346667960037763e-08
1.664921232576892e-07
3.07925723776917e-08
1.970083220231079e-07
2.679611019228964e-08
2.284258530577041e-07
2.34003271256429e-08
2.594342083357772e-07
2.219670742054679e-08
2.888831948266577e-07
2.108700536403976e-08
3.152630031824555e-07
1.884555599926539e-08
3.368043889714258e-07
1.52237293305519e-08
3.519154413237386e-07
1.058751328752395e-08
3.609465253955261e-07
6.212739305487526e-09
3.655984287321414e-07
3.04335388625443e-09
3.674793189164508e-07
1.132190372739493e-09
3.674578278951724e-07
-2.611983948101879e-11
3.655471697742248e-07
-1.119575125555307e-09
3.607840973998532e-07
-2.953609388946986e-09
3.511013552628938e-07
-6.427753578815123e-09
3.333929495434932e-07
-1.224490801017252e-08
3.047210973305278e-07
-2.013267422337921e-08
2.648643911321423e-07
-2.827433257285462e-08
2.17037347105261e-07
-3.434574782722265e-08
1.654546871211834e-07
-3.683233101178419e-08
1.142492981926272e-07
-3.444830035430728e-08
6.66556800998264e-08
-2.701908396838056e-08
2.673206480477838e-08
-2.657309243028004e-08
3.285071538812566e-09
-3.15566039304024e-08
1.590911781943321e-09
2.945405584304282e-10
8.46809020892652e-10
9.144223406954049e-10
6.772843973031659e-10
9.052272475983482e-10
6.494404470051747e-10
7.25674853373771e-10
5.50955465635665e-10
5.048918641448601e-10
3.864897199978522e-10
2.752232335603088e-10
2.236873418003055e-10
8.182639934059354e-11
1.036005805372282e-10
-4.727239982370912e-11
3.100056491809292e-11
-1.144831473996812e-10
-6.470812389266086e-12
-1.379527579044304e-10
-2.276461247937017e-11
-1.359579303329746e-10
-2.744720152796584e-11
-1.210066962377067e-10
-2.538198031927176e-11
-1.006002101378473e-10
-1.869096612751637e-11
-7.949361413738067e-11
-9.143763658401919e-12
-6.081279696595816e-11
-4.200326946642502e-11
-4.166285180247775e-11
-5.561010193222774e-11
-8.753115472716862e-11
-6.8101272872435e-11
-1.232628861422148e-10
-7.417207616961871e-11
-1.345661317920976e-10
-6.92698158516874e-11
-1.184115923202231e-10
-5.225205175754744e-11
-8.105826887102138e-11
-3.35773073473782e-11
-2.73274525735797e-11
-2.615035485261998e-11
3.965850668295614e-11
-3.830375871936204e-11
1.093834305501062e-10
-7.16354756320857e-11
1.582220767147848e-10
-1.182895242953804e-10
1.578490842041234e-10
-1.589500620401506e-10
9.961847367065504e-11
-1.708477519517138e-10
1.629228629495001e-11
-1.484092108077463e-10
-3.631312545738044e-11
-1.164749265841076e-10
-4.069326362358362e-11
-1.059729614752375e-10
-3.644293456308845e-11
-1.045304140531707e-10
3.758541863847475e-09
1.165903283121996e-08
9.022264125279392e-09
1.573312389618987e-08
1.580531419169772e-08
1.770979117727847e-08
2.451033955637363e-08
2.044165716509436e-08
3.528022323846457e-08
2.147750810944544e-08
4.840601595483329e-08
2.00356051532998e-08
6.426412771312945e-08
1.862778956609179e-08
8.438448549190747e-08
1.334632208669946e-08
1.122961183126461e-07
2.880939814801181e-09
1.370714214958396e-07
2.020807258887269e-09
1.58892513366228e-07
1.579235497349142e-09
1.799184026779635e-07
1.170818342125997e-09
2.000079790491041e-07
9.974292167390156e-10
2.179992164138448e-07
8.543188478254369e-10
2.326782810772283e-07
5.446648682865107e-10
2.43180635781981e-07
8.51587710268755e-11
2.496912028310945e-07
-2.978275705769789e-10
2.531596005055399e-07
-4.250436302766264e-10
2.545948679640294e-07
-3.030769456427806e-10
2.545944351309858e-07
-2.568688302598162e-11
2.531583282329573e-07
3.165318765321541e-10
2.495841019268537e-07
6.206170041358068e-10
2.424323128074984e-07
7.240356080336163e-10
2.297534434286838e-07
4.339614200286566e-10
2.099043791082458e-07
-2.836098697158631e-10
1.827663891609109e-07
-1.136342606206929e-09
1.500852722322038e-07
-1.664630894950815e-09
1.147207286260491e-07
-1.46778741312175e-09
8.101213177220706e-08
-7.397035208686768e-10
5.514525948166495e-08
-1.152211706443465e-09
3.169423652434834e-08
-3.122069511810068e-09
5.808912313170118e-09
-5.671279763868325e-09
1.211817421665577e-09
4.89163539719258e-09
2.517474059738141e-10
1.874492299504069e-09
2.890038390409041e-10
8.679707511543319e-10
4.079256015711995e-10
6.067530240021219e-10
4.373569582595007e-10
4.754604348807792e-10
3.79898909040017e-10
3.32681207034543e-10
2.786560309151755e-10
1.830691970393997e-10
1.758691183822071e-10
5.551442799961882e-11
9.479841621893934e-11
-3.341253343186368e-11
4.043840128473539e-11
-8.359283077386521e-11
8.393984685628434e-12
-1.03913613668532e-10
-7.689881400094057e-12
-1.049229770684948e-10
-1.297214337312614e-11
-9.531798984965494e-11
-1.127381116024604e-11
-8.119177147067298e-11
-5.804305178302677e-12
-6.628305486550164e-11
-4.78073341040392e-11
-2.438866648288834e-11
-3.12210601376234e-11
-5.096916314650816e-11
-4.152022497783295e-11
-7.39445421770819e-11
-5.11961053467412e-11
-8.464621145295896e-11
-5.856755224833375e-11
-7.590717266284915e-11
-6.099050555064533e-11
-4.762970464903605e-11
-6.185420487905778e-11
-5.734345777169024e-12
-6.804516048688848e-11
3.986389392344717e-11
-8.390146454154869e-11
7.509205038131561e-11
-1.0686311886821e-10
8.398301846796696e-11
-1.271800008001039e-10
5.764579653804504e-11
-1.326123706070427e-10
4.393721282747853e-12
-1.175952292524146e-10
-5.365493040872168e-11
-9.03601334911212e-11
-1.029738758374034e-10
-6.715557640397721e-11
-1.549125961402568e-10
-5.403385658962522e-11
-2.213769979805603e-10
-3.806564605623064e-11
1.499820392074707e-09
9.937835789791137e-09
3.607968871102648e-09
1.362497575064298e-08
5.745836592539582e-09
1.557192377501013e-08
7.893693291430421e-09
1.829380077375166e-08
9.333680331512589e-09
2.003752136579912e-08
9.042780606756509e-09
2.032650516605254e-08
8.695881517030377e-09
1.897468893536301e-08
4.456669897142548e-09
1.758553397999158e-08
1.719641190280937e-09
5.61796878831314e-09
3.552520863738788e-10
3.38519662429574e-09
7.999500842246559e-11
1.854492830490795e-09
1.617091532223317e-11
1.234642684818398e-09
6.701677048349195e-11
9.465836040808771e-10
1.987054799919777e-10
7.226303734614359e-10
2.988863579495656e-10
4.444842166292711e-10
2.588744236609825e-10
1.251709215647253e-10
9.968495266768285e-11
-1.386378944650756e-10
-7.694818489464936e-11
-2.484103006992415e-10
-1.992078088504809e-10
-1.80817143053413e-10
-2.40237854186374e-10
1.534332505379269e-11
-1.803213561198938e-10
2.566155261283278e-10
2.290617253084012e-12
4.380051605129737e-10
2.894613634358723e-10
4.36864975700414e-10
5.602098771489127e-10
1.632130012721951e-10
6.244848492489409e-10
-3.47884762609134e-10
3.958452669060466e-10
-9.077029635000121e-10
9.488246450265653e-12
-1.27827382898485e-09
-8.032733755530328e-11
-1.377971801680224e-09
6.104330513544868e-10
-1.430463895968462e-09
1.207769054487905e-09
-1.74954771273946e-09
-4.274883554867655e-10
-1.486812117414015e-09
-4.925352222474185e-09
-1.173415928263499e-09
-4.604827900996809e-10
4.267659220470311e-10
3.00555467284586e-10
1.113453984711608e-09
3.012279964204615e-10
8.672981539675407e-10
3.078109485490443e-10
6.001699902372703e-10
3.349141602899135e-10
4.483571313629431e-10
3.291006281527297e-10
3.384946354300026e-10
2.819681641765533e-10
2.302015473731295e-10
2.123432127559927e-10
1.251392566333319e-10
1.419459948650033e-10
3.698455217513533e-11
8.408648052396505e-11
-2.57334622022234e-11
4.301631935448383e-11
-6.284359853845217e-11
1.751527231101067e-11
-7.942204557119554e-11
4.195213686074397e-12
-8.199816799936881e-11
-7.804890830727544e-13
-7.621652281756429e-11
-1.06587329271349e-12
-6.599717925988411e-11
-4.887357507269259e-11
-1.324095134397097e-11
-1.797939164464345e-11
-2.655570984344368e-11
-2.820482375121107e-11
-3.767668329289118e-11
-4.007453318726748e-11
-4.272649589677299e-11
-5.351715916429012e-11
-3.706277123001189e-11
-6.665366380112336e-11
-1.96971723453344e-11
-7.921925247444817e-11
4.535247590189613e-12
-9.227704569168924e-11
2.622156267467906e-11
-1.055872632486655e-10
3.475600879847446e-11
-1.1539706796229e-10
2.307485307810057e-11
-1.154983684904734e-10
-7.933810838551355e-12
-1.016032507131545e-10
-4.991291263905959e-11
-7.561569244772899e-11
-9.539724495048366e-11
-4.487538649084413e-11
-1.46985883303694e-10
-1.55665434393451e-11
-2.125880553367077e-10
1.15686914025401e-11
-2.828630990377054e-10
3.22097555908523e-11
5.883624398112979e-11
9.596136788800255e-09
2.144209784180261e-10
1.346939134310962e-08
-2.174321942988502e-10
1.60037772621204e-08
-1.080837381604269e-09
1.915720626360574e-08
-2.754924307630548e-09
2.171160858538899e-08
-5.571130231748036e-09
2.31427113750469e-08
-7.269658909037123e-09
2.06732178916826e-08
-4.425715178809589e-09
1.474159052270579e-08
-8.961636353119096e-10
2.088417514193877e-09
1.432230247340519e-10
2.345810229179921e-09
2.008669072577425e-10
1.796849210354411e-09
1.660156354475567e-10
1.269494215058189e-09
2.02733950817997e-10
9.098655442722488e-10
2.857395243575984e-10
6.396250508761777e-10
3.32270002482365e-10
3.979539849841323e-10
2.782396802686284e-10
1.792014840535841e-10
1.288572534008711e-10
1.074476559228813e-11
-4.838870767659805e-11
-7.116411484709672e-11
-1.783409474291677e-10
-5.086468879882205e-11
-2.106298609066589e-10
4.763244219710739e-11
-1.185113621651218e-10
1.644972174721113e-10
9.713444575299151e-11
2.223595295640827e-10
3.806226609138589e-10
1.53376920893569e-10
6.097439908474099e-10
-6.590818332371385e-11
6.55692344344192e-10
-3.938329898780901e-10
4.926987681995259e-10
-7.447092775752835e-10
2.59972541520463e-10
-1.04554751349646e-09
1.684614225463702e-10
-1.28646061137018e-09
1.872459552338614e-10
-1.449248379550337e-09
-2.271911355353804e-10
-1.335110591043603e-09
-9.776292293411202e-10
-7.363740155818105e-10
-1.918409984269886e-09
-2.326351838566347e-10
-1.163314101249802e-09
-3.283299944268614e-10
-2.721225463098771e-10
2.222623778135944e-10
9.848281710070714e-11
4.966927163240859e-10
2.075451591194602e-10
4.911075559337152e-10
2.481411007199322e-10
4.077610769344981e-10
2.628705726765358e-10
3.237650333839256e-10
2.501151905253187e-10
2.429567817991119e-10
2.1309830825066e-10
1.621559749175807e-10
1.635444185074906e-10
8.653826297564235e-11
1.139361697112414e-10
2.387460065538312e-11
7.242792923811455e-11
-2.133556258970803e-11
4.209973683754394e-11
-4.909410832760064e-11
2.240067948077705e-11
-6.229925913898449e-11
1.086624590481369e-11
-6.468200992666991e-11
4.312454102601096e-12
-5.94442170773266e-11
-4.456094914588845e-11
-5.079731993957055e-12
-1.289937655165231e-11
-9.146315604540854e-12
-2.413775935287244e-11
-1.184736707389355e-11
-3.737295394473537e-11
-1.222878784826278e-11
-5.313520615385753e-11
-8.794641249917384e-12
-7.008728645930244e-11
-1.625060243680419e-12
-8.638832154343559e-11
6.017881963243093e-12
-9.991949091113014e-11
8.459521133295261e-12
-1.080284212815771e-10
5.92243109352014e-13
-1.075293264090973e-10
-1.896215726319245e-11
-9.594352233501542e-11
-4.714826689077359e-11
-7.341671408658114e-11
-7.957843035581679e-11
-4.318512025150996e-11
-1.150151134011223e-10
-9.438313371396725e-12
-1.554426971111698e-10
2.48614128383608e-11
-1.990704102897225e-10
5.519675978802258e-11
-2.33190900157041e-10
6.633058504998026e-11
-5.801493068253344e-10
9.9430955199282e-09
-1.285144724637228e-09
1.417438707257297e-08
-2.550008473764752e-09
1.726864131069315e-08
-3.887524942509497e-09
2.049472302233352e-08
-5.101049558639015e-09
2.292513348250815e-08
-5.845319457744588e-09
2.388698154916877e-08
-5.430488838597801e-09
2.025838754168482e-08
-4.060310612465398e-09
1.337141256295551e-08
-2.021423165220074e-09
4.953033012639646e-11
-5.716216135076611e-10
8.960089403190757e-10
2.530128013352662e-11
1.199926578199148e-09
2.094084401548944e-10
1.085387317566622e-09
2.784892714560151e-10
8.407849749634121e-10
3.183000064689011e-10
5.998145789539617e-10
3.188925481350129e-10
3.97361705578792e-10
2.59327333043059e-10
2.387669611545875e-10
1.44767527435466e-10
1.253048309775602e-10
1.354841894837614e-11
6.005525048661695e-11
-7.98523969286658e-11
4.253637931165549e-11
-8.940111106663317e-11
5.718140185045787e-11
4.999869876819079e-12
7.0096474276665e-11
1.862144053989926e-10
4.114522051181285e-11
3.954271907857126e-10
-5.583564945519522e-11
5.493893849202647e-10
-2.198701786173874e-10
5.842720583905019e-10
-4.287154798115086e-10
4.972412780897593e-10
-6.576783347683252e-10
3.392400076189465e-10
-8.875460995970719e-10
1.312077313989158e-10
-1.078428217083023e-09
-1.959966119382373e-10
-1.122043940591615e-09
-6.400072231825242e-10
-8.910999129760109e-10
-8.941721657438236e-10
-4.822090312719368e-10
-8.960854049432389e-10
-2.307219338963688e-10
-9.155201356428956e-10
-3.088952796145914e-10
-5.54024296808809e-10
-1.392335085334736e-10
-1.827664767262865e-10
1.254348217462895e-10
3.384641910980892e-11
2.744945551456352e-10
1.366976904038383e-10
3.049096745283357e-10
1.828950878850928e-10
2.775674770273865e-10
1.967974258490657e-10
2.290542610964342e-10
1.866901543348548e-10
1.722630402716518e-10
1.597928478352952e-10
1.134353428771949e-10
1.249358252385582e-10
5.873137271216534e-11
9.011315988605404e-11
1.348684344953186e-11
6.041454266534402e-11
-1.939572462472226e-11
3.769637166324488e-11
-3.95814396685849e-11
2.135735498157985e-11
-4.834356200409732e-11
9.33716383406326e-12
-4.742368575927405e-11
-3.522418856770416e-11
1.074494455054956e-12
-1.397320461046474e-11
3.24319636367067e-12
-2.630590476262433e-11
5.467869310482307e-12
-3.959712302684922e-11
7.124548370732824e-12
-5.479140098204206e-11
7.826653675761648e-12
-7.078891948275452e-11
6.806212646280825e-12
-8.536742070727145e-11
2.437786920408981e-12
-9.55506176518973e-11
-7.249037586504743e-12
-9.834116354069459e-11
-2.315169716289374e-11
-9.162624773926541e-11
-4.407718175552436e-11
-7.501763440378634e-11
-6.738675211489042e-11
-5.01067555639077e-11
-9.083988609429571e-11
-1.97316143186457e-11
-1.133046111326726e-10
1.302676844163204e-11
-1.327168716018136e-10
4.427401443350132e-11
-1.438337632593787e-10
6.631397840915187e-11
-1.422399167958467e-10
6.473705139742271e-11
-6.97140530246658e-10
1.049799643398885e-08
-1.601072314573052e-09
1.507831914562861e-08
-2.844623697453557e-09
1.851219297285903e-08
-3.830509272071423e-09
2.148060886721624e-08
-4.185729303186416e-09
2.328035377771742e-08
-3.570840066052006e-09
2.327209257026847e-08
-2.54162456217057e-09
1.922917229335874e-08
-2.209219909299233e-09
1.303900816294199e-08
-1.771461970486187e-09
-3.882273551965856e-10
-9.614818879532452e-10
8.602911138867653e-11
-3.008170310336279e-10
5.392619781903011e-10
6.773967979750891e-11
7.168308658854583e-10
2.331602568791625e-10
6.753646619943603e-10
2.904125294326301e-10
5.425625738634408e-10
2.857962714964327e-10
4.019782361527837e-10
2.380476996844013e-10
2.865158087612566e-10
1.627383830186757e-10
2.006144270945253e-10
8.452759716141928e-11
1.382663172613566e-10
3.612274879439721e-11
9.094150889087198e-11
4.580175437769594e-11
4.750267571002735e-11
1.221290864759568e-10
-6.230583174547538e-12
2.458741208880829e-10
-8.259954566348575e-11
3.753841528438942e-10
-1.85345424416362e-10
4.647361346039145e-10
-3.092219154819998e-10
4.831726898763637e-10
-4.471518086205858e-10
4.193582904767759e-10
-5.938637271955874e-10
2.655098169169906e-10
-7.336974434739508e-10
6.702856609084396e-12
-8.196210985429015e-10
-3.317440340348099e-10
-7.835969237052182e-10
-6.105501964206855e-10
-6.122936538916235e-10
-6.816142280170294e-10
-4.111449398202205e-10
-6.125816685539987e-10
-2.997544668031634e-10
-6.390846576857996e-10
-2.823923035034885e-10
-5.48549171073943e-10
-2.297690433009085e-10
-3.398895186426141e-10
-8.322491859414042e-11
-1.358962215275925e-10
7.050113519529848e-11
4.624876977903651e-12
1.643884155615557e-10
8.614801575683418e-11
1.960441451976844e-10
1.273075759868195e-10
1.87894474454962e-10
1.409765346867256e-10
1.585938258413361e-10
1.352488701804259e-10
1.191627237009528e-10
1.171111062986546e-10
7.686883404490068e-11
9.316757654096102e-11
3.74300441292663e-11
6.86846248888067e-11
5.086843542951892e-12
4.679549149333134e-11
-1.769259209129408e-11
2.846184794916107e-11
-3.000998039128155e-11
1.29536401646436e-11
-3.191639727577962e-11
-2.227049635983075e-11
5.42848159365072e-12
-1.94015257245145e-11
1.135799415295249e-11
-3.223506227520515e-11
1.571941713840706e-11
-4.395814328285352e-11
1.722822370243032e-11
-5.62997989006921e-11
1.493410363501101e-11
-6.849439675501491e-11
8.236837024000353e-12
-7.866975919934197e-11
-3.049187121698722e-12
-8.426420916680311e-11
-1.846777710839844e-11
-8.292219926241363e-11
-3.667291854094767e-11
-7.342074412610628e-11
-5.55649237007455e-11
-5.612527831263133e-11
-7.290302042882215e-11
-3.27683207669342e-11
-8.67282100933323e-11
-5.906098338964286e-12
-9.485485968246922e-11
2.115373148079758e-11
-9.411909887463417e-11
4.353855557489622e-11
-8.191612296507709e-11
5.411129235019537e-11
-6.223595533294594e-11
4.505716316101486e-11
-5.887636730330271e-10
1.102452442046213e-08
-1.397374804208919e-09
1.588693053698589e-08
-2.358102643295788e-09
1.94729210636836e-08
-2.960883755943775e-09
2.20833902255936e-08
-2.910444528218049e-09
2.322991479000873e-08
-2.076003171946683e-09
2.243765145117756e-08
-1.233818929937296e-09
1.838698828593526e-08
-9.787433706909388e-10
1.278393283895611e-08
-1.128711409917722e-09
-2.382590800501123e-10
-9.023807518939791e-10
-1.40301306611251e-10
-4.892928425183087e-10
1.26174312502901e-10
-1.255518987539228e-10
3.530901728058506e-10
1.013347176122501e-10
4.484783023065257e-10
2.070845304194192e-10
4.368130264722719e-10
2.338956209992211e-10
3.751674181179409e-10
2.171021621880545e-10
3.033095488521981e-10
1.818994333742204e-10
2.358174437714997e-10
1.485947487203442e-10
1.715712963033187e-10
1.353157736286969e-10
1.042207823778109e-10
1.544911075726717e-10
2.832764206356921e-11
2.063957488915597e-10
-5.813492489521276e-11
2.768184208749067e-10
-1.530219230273189e-10
3.425170976440259e-10
-2.510438138616826e-10
3.803203826140138e-10
-3.470249266848948e-10
3.715080130635545e-10
-4.383391804915351e-10
2.988922288883849e-10
-5.212477073794599e-10
1.470459488273525e-10
-5.818509512963139e-10
-7.778206730279536e-11
-5.94792902347828e-10
-3.166745587412048e-10
-5.44704283537014e-10
-4.742759041898188e-10
-4.546921995329665e-10
-5.122392078354154e-10
-3.731815649333259e-10
-4.902721546957584e-10
-3.217214939806762e-10
-4.865190051755055e-10
-2.861454687769909e-10
-4.658737303756836e-10
-2.504143815653345e-10
-3.754801478561316e-10
-1.736186075677576e-10
-2.404010189930823e-10
-6.457814705976214e-11
-1.111679655156161e-10
3.515516715212334e-11
-1.422623137300465e-11
9.910217286650564e-11
4.807510068770244e-11
1.255928663375788e-10
8.22464089336295e-11
1.244222045409301e-10
9.532091686025856e-11
1.060878697586897e-10
9.338236027258632e-11
7.880700953435974e-11
8.188876445988186e-11
4.892323947376324e-11
6.554365804634697e-11
2.143156863540279e-11
4.78064684165065e-11
4.411403852884891e-14
3.058589790232077e-11
-1.279011283209001e-11
1.431891298446404e-11
-1.56493219804866e-11
-7.95201843945849e-12
7.970976999661284e-12
-2.737195906472107e-11
1.558441754398982e-11
-3.984808858756221e-11
2.017332653092268e-11
-4.854669233972807e-11
2.039204459145971e-11
-5.651817541804546e-11
1.553766677072131e-11
-6.363968570740666e-11
5.661432255783279e-12
-6.87931997648548e-11
-8.357373343591038e-12
-7.024508519111487e-11
-2.485201557362655e-11
-6.642724725810399e-11
-4.161766035573898e-11
-5.665479684791504e-11
-5.632623786215858e-11
-4.141640757272243e-11
-6.684715119333297e-11
-2.224712211398909e-11
-7.121207836107173e-11
-1.540895398398238e-12
-6.744145554365528e-11
1.738337629599043e-11
-5.414391832219701e-11
3.024127665086792e-11
-3.275015209500878e-11
3.271777658758793e-11
-1.072205908886626e-11
2.302931207340014e-11
-4.313452286092548e-10
1.144514782503804e-08
-1.060604446085486e-09
1.6516189982371e-08
-1.731572854815242e-09
2.014388969517884e-08
-2.08691745984052e-09
2.243873504829824e-08
-1.950344591709457e-09
2.309334213687065e-08
-1.324248844279948e-09
2.181155591631594e-08
-7.80361558540241e-10
1.784310121318765e-08
-4.807604516080358e-10
1.248433194571754e-08
-6.346663925211961e-10
-8.435292152098911e-11
-6.490579839024499e-10
-1.259094936125079e-10
-4.836622781542083e-10
-3.922116428573235e-11
-2.429866973514123e-10
1.124148279802241e-10
-3.370181776343022e-11
2.391936687755947e-10
1.009113609301713e-10
3.022001029826157e-10
1.672868801257826e-10
3.087921654861698e-10
1.901150087965519e-10
2.804816964546406e-10
1.933380256546219e-10
2.325947136457456e-10
1.942269589648779e-10
1.706826578265514e-10
2.03170505163713e-10
9.527753787987065e-11
2.239727232742771e-10
7.525729616664525e-12
2.537402236209167e-10
-8.790211912287061e-11
2.840205235656736e-10
-1.833019195275573e-10
3.036841652412776e-10
-2.707071605042927e-10
3.01251344065542e-10
-3.445918217946339e-10
2.648314847009971e-10
-4.01919056304821e-10
1.828143172980748e-10
-4.392302962383586e-10
5.185004311066372e-11
-4.508864631939208e-10
-1.089512674131496e-10
-4.339914087633397e-10
-2.562740161432655e-10
-3.973813916619476e-10
-3.508451266739373e-10
-3.601209853115918e-10
-3.903185711433059e-10
-3.337080647013605e-10
-3.997497505468068e-10
-3.122903046010694e-10
-3.989096417381987e-10
-2.869856204199914e-10
-3.92365183191068e-10
-2.569589319566912e-10
-3.561273601837018e-10
-2.09856576402752e-10
-2.816380533841664e-10
-1.390676485722156e-10
-1.878801322065729e-10
-5.860300028051091e-11
-9.926939614493181e-11
1.049114465728342e-11
-2.965547364376406e-11
5.597860556926439e-11
1.791259712640031e-11
7.685375368987544e-11
4.579499192883175e-11
7.820505505032141e-11
5.798377416333721e-11
6.661777777798144e-11
5.866641145269842e-11
4.824011869844387e-11
5.174061385743364e-11
2.835683064854459e-11
4.045848250526076e-11
1.132579077021089e-11
2.712848872657218e-11
5.396288697919921e-13
1.301808286225415e-11
-1.539908022760599e-12
5.065946309547155e-12
8.564418737308756e-12
-3.59363419892602e-11
1.60751984398279e-11
-4.73586608546624e-11
1.979676560019402e-11
-5.226800852643015e-11
1.860024815329426e-11
-5.532139999797693e-11
1.224898866241512e-11
-5.728817129118575e-11
1.443344324374653e-12
-5.798730339781941e-11
-1.228396987488437e-11
-5.65175242872753e-11
-2.680554364907276e-11
-5.190543034893972e-11
-3.976847882375993e-11
-4.369162425395586e-11
-4.897511318608497e-11
-3.220953976844718e-11
-5.259034342348403e-11
-1.863166439659557e-11
-4.923314485214539e-11
-4.897870822031906e-12
-3.82772475087195e-11
6.427696083169352e-12
-2.069119234374718e-11
1.26554341353702e-11
-1.794740900576216e-13
1.220626523658034e-11
1.655975066470871e-11
6.290289966273621e-12
-2.953340337303055e-10
1.175704180701684e-08
-7.544846445398646e-10
1.697534078731298e-08
-1.201650828811483e-09
2.059105606978107e-08
-1.413537461306851e-09
2.265062186915864e-08
-1.295176524727454e-09
2.297498138674198e-08
-8.904469593919692e-10
2.140682653769756e-08
-5.533118354662156e-10
1.750596627657132e-08
-3.009566762891771e-10
1.223197697700606e-08
-3.597665948185105e-10
-2.554280895790691e-11
-4.096538749706551e-10
-7.602201305903092e-11
-3.760095086412854e-10
-7.286532359402182e-11
-2.602554610124481e-10
-3.339003239155529e-12
-1.150879621085401e-10
9.40263954711291e-11
1.140673361446389e-11
1.757056442934785e-10
1.002585274147422e-10
2.199406192559182e-10
1.556501292559679e-10
2.250903538420738e-10
1.903718499598791e-10
1.978732620717552e-10
2.156508434668436e-10
1.45403942781268e-10
2.373352547342848e-10
7.359341178780659e-11
2.560892032847816e-10
-1.122792970354462e-11
2.691845546149919e-10
-1.009971804518449e-10
2.724319993122517e-10
-1.865490783049737e-10
2.613358748767126e-10
-2.596107577893219e-10
2.311411983204586e-10
-3.143968814096479e-10
1.769590500852078e-10
-3.477366620055361e-10
9.642746749265421e-11
-3.586984935799303e-10
-4.749726625726636e-12
-3.497090775273107e-10
-1.099555547607793e-10
-3.287854265080088e-10
-1.990190108148411e-10
-3.083178201507887e-10
-2.618509409908275e-10
-2.972889870626524e-10
-3.016809383554411e-10
-2.938780462188722e-10
-3.24881667595666e-10
-2.890896088305838e-10
-3.351460749473541e-10
-2.767212988219065e-10
-3.365427251442158e-10
-2.555624255624777e-10
-3.230135837708355e-10
-2.233859155980068e-10
-2.856965608519099e-10
-1.763849268107466e-10
-2.268202849441978e-10
-1.174795838315449e-10
-1.588860745989403e-10
-5.744342679123813e-11
-9.516550253131082e-11
-7.742376232934363e-12
-4.367576779254919e-11
2.536356179187063e-11
-6.942759528617035e-12
4.147154882772495e-11
1.586589489983451e-11
4.380858133350612e-11
2.708449946093245e-11
3.702094286607142e-11
2.951519206037042e-11
2.592558201163034e-11
2.588323748235946e-11
1.495712100316464e-11
1.850858088877895e-11
7.913450300655017e-12
9.141923974058769e-12
7.826491045613619e-12
1.420741925581102e-11
6.817961472602342e-12
-4.275391750726948e-11
1.250824579695639e-11
-5.304869083819255e-11
1.493054428017701e-11
-5.469010235922579e-11
1.309745157011919e-11
-5.348811781566197e-11
6.864233879196596e-12
-5.105476832951754e-11
-2.830354503775084e-12
-4.829253352661748e-11
-1.415355096460767e-11
-4.519414725139753e-11
-2.484415936248075e-11
-4.121464416449962e-11
-3.269795373022233e-11
-3.58376527002449e-11
-3.594917912968826e-11
-2.895813986713314e-11
-3.349961537976025e-11
-2.108105439625404e-11
-2.512907457574486e-11
-1.326824060390711e-11
-1.173844698844604e-11
-6.962761516215069e-12
4.381427204917109e-12
-3.464272805072134e-12
1.957659086697933e-11
-2.988732422851549e-12
2.97809725515375e-11
-3.913928250186452e-12
-1.969824632930313e-10
1.198380540517187e-08
-5.270404162532748e-10
1.730539890061008e-08
-8.236342433337814e-10
2.088765005664964e-08
-9.535053245672277e-10
2.278049310930798e-08
-8.645977235095824e-10
2.288607394530912e-08
-6.009816468662958e-10
2.114321062151481e-08
-3.825845496406014e-10
1.728756934246559e-08
-2.056926237902758e-10
1.205508521737988e-08
-2.174027696327647e-10
-1.38324917469712e-11
-2.47478383968142e-10
-4.594622167027116e-11
-2.56191196632535e-10
-6.415232612570342e-11
-2.163677000733654e-10
-4.316230689586024e-11
-1.356000220359534e-10
1.325892018927315e-11
-4.009138950841587e-11
8.019722419454129e-11
4.792754489550391e-11
1.319219079024723e-10
1.190241090580665e-10
1.539940223603164e-10
1.732830702074659e-10
1.436145428553663e-10
2.137607617882222e-10
1.049265004257694e-10
2.422396872908282e-10
4.511474068271402e-11
2.583268428152454e-10
-2.731482854765848e-11
2.605109418146395e-10
-1.031810245414789e-10
2.474339808151222e-10
-1.734718677224728e-10
2.184049850948993e-10
-2.305815237000525e-10
1.733811084702617e-10
-2.693727814012049e-10
1.134894965899624e-10
-2.878448490709571e-10
4.260054449307569e-11
-2.878093661926282e-10
-3.161813695698526e-11
-2.754902547594673e-10
-9.989799299552527e-11
-2.605054656621787e-10
-1.564539249317599e-10
-2.517618282512732e-10
-2.014780971147202e-10
-2.522648008983856e-10
-2.374426926487719e-10
-2.579134903123736e-10
-2.647654372846498e-10
-2.617669567687183e-10
-2.827262354637793e-10
-2.587606522662183e-10
-2.915673104402878e-10
-2.467215586668058e-10
-2.898617651477526e-10
-2.250917294236306e-10
-2.733086119694293e-10
-1.929384048165462e-10
-2.399233817330169e-10
-1.508651969513476e-10
-1.938301073343363e-10
-1.035371374557691e-10
-1.431889047594511e-10
-5.838406865621893e-11
-9.584306123685291e-11
-2.198281917971095e-11
-5.674662089885444e-11
2.374524124856207e-12
-2.778100501485475e-11
1.484234306799211e-11
-8.68217071895185e-12
1.792145115419936e-11
1.990931405998299e-12
1.525178158899782e-11
6.186791999699129e-12
1.076061861737541e-11
5.953952417436563e-12
8.145806822194563e-12
3.215288665470147e-12
1.056413661374865e-11
1.742238163369286e-11
2.00040286509165e-12
-4.475438557177895e-11
3.881160510502051e-12
-5.492937649031285e-11
5.021637099799839e-12
-5.583047040915582e-11
4.196121984277797e-12
-5.266248672140246e-11
3.559525811845707e-13
-4.721448313537474e-11
-6.155865921592518e-12
-4.178059791694996e-11
-1.350241451329035e-11
-3.784748211623631e-11
-1.931214940873241e-11
-3.540479078186697e-11
-2.159712291205171e-11
-3.355256072743502e-11
-1.921034245878594e-11
-3.134479959644205e-11
-1.21634875185195e-11
-2.81277884001031e-11
-1.617991446668768e-12
-2.381361357252513e-11
1.055863283441369e-11
-1.91392624683781e-11
2.223084602684813e-11
-1.513636081009523e-11
3.134397181306877e-11
-1.210173282061991e-11
3.649734919533195e-11
-9.067178704280773e-12
-1.341563521866631e-10
1.215445923377089e-08
-3.810253720213778e-10
1.755226804912651e-08
-5.897160500147584e-10
2.109634086402892e-08
-6.761738086672349e-10
2.286695099913649e-08
-6.076854553116896e-10
2.281758572468739e-08
-4.19296212935812e-10
2.095482151451137e-08
-2.605773333548328e-10
1.712885060113836e-08
-1.346914825321352e-10
1.192919950880531e-08
-1.36165180563516e-10
-1.235864690651783e-11
-1.497522129299713e-10
-3.235903688599291e-11
-1.627167800024745e-10
-5.118760038784738e-11
-1.548563780314717e-10
-5.102254314873811e-11
-1.170389391902298e-10
-2.455834550792461e-11
-5.53017172581219e-11
1.846018306275981e-11
1.690212821378866e-11
5.971825064882283e-11
8.721563246686166e-11
8.368071301257682e-11
1.478321886239325e-10
8.299818716763538e-11
1.947348387786962e-10
5.802405427596441e-11
2.258056408611811e-10
1.404414402220907e-11
2.397329384377265e-10
-4.124192279908223e-11
2.359054697500704e-10
-9.935335763699413e-11
2.147593401052382e-10
-1.523255499464531e-10
1.780416818831101e-10
-1.938636910228581e-10
1.289060157547819e-10
-2.202369606983817e-10
7.201127774367086e-11
-2.30949980070158e-10
1.332985776651949e-11
-2.291278458302472e-10
-4.114541172798571e-11
-2.210149187682522e-10
-8.777905448149963e-11
-2.138717975923502e-10
-1.26787663592326e-10
-2.127532373287427e-10
-1.607575148154647e-10
-2.182950182798995e-10
-1.914028808498867e-10
-2.27268244154574e-10
-2.181472498924554e-10
-2.350227646834302e-10
-2.39323612791743e-10
-2.375845224263157e-10
-2.534759747130012e-10
-2.325694900002661e-10
-2.593914791782923e-10
-2.191765756518189e-10
-2.550266252772489e-10
-1.973036689689344e-10
-2.384440521944418e-10
-1.67448235900999e-10
-2.101899054020354e-10
-1.317918065811618e-10
-1.740222041349754e-10
-9.455234373475048e-11
-1.353370696345955e-10
-6.066857826725983e-11
-9.903321108464993e-11
-3.393000328959938e-11
-6.829180111721406e-11
-1.58997812699228e-11
-4.44376683424787e-11
-5.933432047296807e-12
-2.735802547941828e-11
-1.828599437212524e-12
-1.600983026617351e-11
-5.883291725729912e-13
-8.819740917688369e-12
9.547811607613317e-13
-3.950723973691354e-12
5.694440877027071e-12
1.347121930668948e-11
-6.69618914525734e-12
-3.805796417735244e-11
-1.121631509095142e-11
-5.040913777345016e-11
-1.13428801062349e-11
-5.570383373651547e-11
-8.878332898433297e-12
-5.512697333560907e-11
-7.192025725809708e-12
-4.890073039656471e-11
-7.9465602582724e-12
-4.102600346097184e-11
-9.794081015581132e-12
-3.599989812688533e-11
-1.009557516740526e-11
-3.510323160036714e-11
-6.965996085483964e-12
-3.668207040634073e-11
1.84422941970146e-13
-3.849514673695852e-11
9.980211872876603e-12
-3.792350075467377e-11
2.000303287150537e-11
-3.383635527176229e-11
2.839165220487293e-11
-2.752779795511639e-11
3.445453573235393e-11
-2.119915779598829e-11
3.830490181622359e-11
-1.595200823405856e-11
4.03225448882909e-11
-1.108472852738761e-11
-1.008793451168334e-10
1.229566122069522e-08
-3.054637538336897e-10
1.775685255728786e-08
-4.758536313508553e-10
2.126673084434261e-08
-5.463005466226117e-10
2.29373980199103e-08
-4.894376065577818e-10
2.276072289342135e-08
-3.318558935559752e-10
2.079723991347994e-08
-1.892893682880497e-10
1.698628419139698e-08
-8.121460968015801e-11
1.182112486959743e-08
-8.415269386821568e-11
-9.42043929584384e-12
-9.108345192859292e-11
-2.542815079894895e-11
-9.925239473223353e-11
-4.301852515750229e-11
-1.00551847607367e-10
-4.972295286968126e-11
-8.507716730376994e-11
-4.003288415020576e-11
-4.863657819078686e-11
-1.798025990226767e-11
4.378089408468576e-12
6.703732237940309e-12
6.433599999202037e-11
2.372295421955016e-11
1.211561322846087e-10
2.617820690890804e-11
1.670279698799433e-10
1.215236764149571e-11
1.971734443413037e-10
-1.610118392054557e-11
2.093005221561934e-10
-5.33688607708315e-11
2.029833662799028e-10
-9.303607294583996e-11
1.795836833260955e-10
-1.289257521997936e-10
1.423086577270387e-10
-1.565885698338072e-10
9.597921870469074e-11
-1.739074487189403e-10
4.637520942129986e-11
-1.813459262078375e-10
-9.40760205308992e-13
-1.818118634365994e-10
-4.219838729455628e-11
-1.797573166859032e-10
-7.658830204918375e-11
-1.79481948566774e-10
-1.059218945632894e-10
-1.834197570067902e-10
-1.32756805982729e-10
-1.914602674596769e-10
-1.584958472379175e-10
-2.015294168795332e-10
-1.828291137619709e-10
-2.106897659701963e-10
-2.043226544936765e-10
-2.160913069812532e-10
-2.212449257713342e-10
-2.156476002128553e-10
-2.320899323723086e-10
-2.083320087529656e-10
-2.353901049422102e-10
-1.940039915450433e-10
-2.296994813830781e-10
-1.731394108900221e-10
-2.144661579232967e-10
-1.470257338101844e-10
-1.90937975694062e-10
-1.180811821673505e-10
-1.620553607898584e-10
-8.955189746171993e-11
-1.314324587135683e-10
-6.455365578310305e-11
-1.022375267680451e-10
-4.50955047275717e-11
-7.6544367596603e-11
-3.162741460076333e-11
-5.520151582447201e-11
-2.317229350768803e-11
-3.799960173521363e-11
-1.779106195254243e-11
-2.392948258045894e-11
-1.311606824707619e-11
-1.14272886967922e-11
-6.808720634455373e-12
2.043387036619386e-12
-1.928061302206462e-11
-1.877747875674108e-11
-3.336912936049334e-11
-3.632064854609683e-11
-3.578190110586246e-11
-5.329106060602033e-11
-2.830209669708544e-11
-6.260676920199688e-11
-1.718719684791594e-11
-6.001561980953411e-11
-8.139617130866864e-12
-5.007356872495609e-11
-2.091920840153092e-12
-4.204757722956063e-11
3.781661241440225e-12
-4.097679107387189e-11
1.18794848142403e-11
-4.47798675144128e-11
2.235713171679366e-11
-4.897276092666271e-11
3.223211270538941e-11
-4.779844456448505e-11
3.873927058506037e-11
-4.034346948411251e-11
4.149193516418012e-11
-3.028041420655689e-11
4.202881713287353e-11
-2.173598516177024e-11
4.222077412917788e-11
-1.614390603681132e-11
4.287904255014822e-11
-1.17429319864523e-11
-9.015731322800538e-11
1.242869764580401e-08
-2.851011696536135e-10
1.795179648819257e-08
-4.553363447003867e-10
2.143696609800884e-08
-5.310091961289989e-10
2.301307095444861e-08
-4.799195713535149e-10
2.270963335570757e-08
-3.200555710981817e-10
2.063737600412895e-08
-1.56420979823648e-10
1.682264969479343e-08
-4.273537325669838e-11
1.170743936086553e-08
-4.98459786148947e-11
-2.309732652200109e-12
-5.34973302947885e-11
-2.177669556383636e-11
-5.832008275938292e-11
-3.819566640024571e-11
-6.302490122397726e-11
-4.501802718048212e-11
-5.787037771222746e-11
-4.518729912946178e-11
-3.550021769414127e-11
-4.035031254280418e-11
3.103198011673605e-12
-3.189957725421372e-11
5.080505645484583e-11
-2.397880228463995e-11
9.858631089100677e-11
-2.1602950499556e-11
1.383784352939496e-10
-2.763966833579232e-11
1.648705714239773e-10
-4.259324162359312e-11
1.750606401580349e-10
-6.355886522578634e-11
1.681311669177211e-10
-8.61065517170073e-11
1.45753639610519e-10
-1.065481976431057e-10
1.118337897736021e-10
-1.226687162146499e-10
7.161328052039179e-11
-1.336869637191975e-10
3.046674346827582e-11
-1.401994444790771e-10
-7.361368884432344e-12
-1.43983841975703e-10
-3.974801699615591e-11
-1.473707980097012e-10
-6.690624439220945e-11
-1.523238933581725e-10
-9.059675150084909e-11
-1.597294673145827e-10
-1.12810416510333e-10
-1.692468687053924e-10
-1.347369577201267e-10
-1.796031922439227e-10
-1.5641155767833e-10
-1.890155355281063e-10
-1.768959613613038e-10
-1.956073258277761e-10
-1.947343111057248e-10
-1.978097273690325e-10
-2.084108584870989e-10
-1.946559912532266e-10
-2.165418283131118e-10
-1.858736049612451e-10
-2.178887959972908e-10
-1.717930770985883e-10
-2.11615021757853e-10
-1.533001923217517e-10
-1.977941710195921e-10
-1.31902765823068e-10
-1.776910511879715e-10
-1.096557968474535e-10
-1.534965128453056e-10
-8.8749013805777e-11
-1.276799124211539e-10
-7.091296778280018e-11
-1.023352547909718e-10
-5.697297265854304e-11
-7.876776812968934e-11
-4.674067099630934e-11
-5.735550288117896e-11
-3.920416713954554e-11
-3.760596225828634e-11
-3.286657781935026e-11
-1.831449053265914e-11
-2.610130533282156e-11
-1.627148699305021e-11
-3.354175611976636e-11
1.476438775842157e-11
-5.988239501405409e-11
-9.979997836355667e-12
-6.838357259105133e-11
-4.478990238848958e-11
-5.79718973991828e-11
-7.301847098559545e-11
-3.404650781121585e-11
-8.394103443939218e-11
-7.953233444326587e-12
-7.616686577437108e-11
1.131046238042937e-11
-6.131129024724245e-11
2.461104101816469e-11
-5.427738247130161e-11
3.761283113668537e-11
-5.77816634502962e-11
4.850095314028188e-11
-5.986088327450615e-11
5.33675328462025e-11
-5.266501698344698e-11
5.246030727051613e-11
-3.943623063154369e-11
4.882067767561873e-11
-2.664076357732112e-11
4.569713438964546e-11
-1.861241473276235e-11
4.496001311477347e-11
-1.54067501989905e-11
4.61778990453708e-11
-1.296077741930311e-11
-9.221465681849773e-11
1.256709024892134e-08
-2.995330585869511e-10
1.815911494274417e-08
-4.977944912110742e-10
2.16352275892319e-08
-5.967697034418007e-10
2.311204623022485e-08
-5.511742567157826e-10
2.266403797713115e-08
-3.654246945276975e-10
2.045162651422006e-08
-1.471262704734335e-10
1.660435134609789e-08
-2.048140223732979e-11
1.158079457094257e-08
-2.554984095393393e-11
2.758785503854079e-12
-2.433865230575378e-11
-2.298780352635105e-11
-3.41794030339894e-11
-2.835483638288338e-11
-4.605217620649186e-11
-3.314517592142745e-11
-4.489686615737903e-11
-4.634253566502104e-11
-2.596130163601165e-11
-5.92858080768374e-11
6.366835259169659e-12
-6.422765360988968e-11
4.485494342729878e-11
-6.2466858666341e-11
8.249606543749357e-11
-5.924403370227816e-11
1.141071569769869e-10
-5.925073485742151e-11
1.356237649984194e-10
-6.410984267610403e-11
1.433195052559016e-10
-7.125461794987343e-11
1.359492714954536e-10
-7.873635391443802e-11
1.155568573728463e-10
-8.615584490687274e-11
8.633565948713979e-11
-9.344760882281676e-11
5.308296008314689e-11
-1.004343862839893e-10
2.000540428261223e-11
-1.071220453256046e-10
-1.008109049590607e-11
-1.138975411100383e-10
-3.610535623701085e-11
-1.213467661218316e-10
-5.852917752783267e-11
-1.299003483670651e-10
-7.867278496812159e-11
-1.395861806847276e-10
-9.793837668389912e-11
-1.499816443196594e-10
-1.172502331628467e-10
-1.602917508941514e-10
-1.367930817357784e-10
-1.694731509329464e-10
-1.560094536714844e-10
-1.7639146703038e-10
-1.738039190520544e-10
-1.800158241020436e-10
-1.888421437084723e-10
-1.796183771892544e-10
-1.998002271279711e-10
-1.749161792653908e-10
-2.054895810566923e-10
-1.661044269799141e-10
-2.049804049635179e-10
-1.538101174134431e-10
-1.978513464403768e-10
-1.390326179458034e-10
-1.844505097828995e-10
-1.23057467407129e-10
-1.659268570698381e-10
-1.072735411884164e-10
-1.439458925141044e-10
-9.289484683223406e-11
-1.202249336846711e-10
-8.069486920431598e-11
-9.609174890353319e-11
-7.087478564113808e-11
-7.219599843119591e-11
-6.310086159710794e-11
-4.840518393059629e-11
-5.665834039108493e-11
-2.385558233261677e-11
-5.065171911215586e-11
-4.012779651625365e-11
-4.371908118651859e-11
5.848331985533138e-11
-8.193133710210969e-11
2.82321763728612e-11
-1.048002895199482e-10
-2.192101128970901e-11
-1.023545368814648e-10
-7.546427887104581e-11
-6.695594065945305e-11
-1.193396830892718e-10
-1.23544496908326e-11
-1.307684041545372e-10
3.256003184729083e-11
-1.062258149223989e-10
5.694282088735941e-11
-7.86602079295199e-11
7.606529291134616e-11
-7.690416624506425e-11
7.961576993891453e-11
-6.341138324658861e-11
6.981120714444101e-11
-4.286047062657548e-11
5.714065396694178e-11
-2.676568553695479e-11
4.903802533640883e-11
-1.853813611364162e-11
4.729340644002334e-11
-1.686778864608343e-11
5.007889858813004e-11
-1.819222821067224e-11
5.402667917791975e-11
-1.690853598686778e-11
-9.105846450266549e-11
1.271217542123331e-08
-3.168577781677508e-10
1.838491429202328e-08
-5.589971996143477e-10
2.187736705220933e-08
-6.967247925044623e-10
2.324977387022618e-08
-6.694869674965967e-10
2.263680020401949e-08
-4.603742786659853e-10
2.024251388088271e-08
-1.677073948159007e-10
1.631168452080471e-08
-2.058010886569903e-11
1.143366734446674e-08
6.897931412710158e-12
-2.471919471037359e-11
3.138913551210091e-12
-1.922872817692699e-11
-2.950620470477343e-11
4.290336581027358e-12
-5.096328810088717e-11
-1.168804466397071e-11
-4.721547944801731e-11
-5.009030350718899e-11
-2.385189042500624e-11
-8.264936802111711e-11
9.417026992199197e-12
-9.749655400167953e-11
4.382760926259552e-11
-9.68774408585243e-11
7.254959355690781e-11
-8.796603540959758e-11
9.726825181784218e-11
-8.396943268818625e-11
1.140133776863988e-10
-8.085503112223682e-11
1.179290735293208e-10
-7.517040343626996e-11
1.08834016737881e-10
-6.964141504578732e-11
8.997039328190704e-11
-6.729237085365793e-11
6.542146332440523e-11
-6.889886133531056e-11
3.881315555185426e-11
-7.382629629573757e-11
1.285287072839392e-11
-8.116201551098104e-11
-1.08894803847121e-11
-9.015548355827762e-11
-3.200683734247855e-11
-1.002297433780649e-10
-5.099370648014531e-11
-1.10913854596904e-10
-6.878203150785119e-11
-1.21798274204043e-10
-8.628900861291464e-11
-1.3247512865978e-10
-1.041143658479222e-10
-1.42466899561479e-10
-1.223822465313011e-10
-1.5120581953975e-10
-1.406953286319782e-10
-1.580789783099802e-10
-1.582030629394015e-10
-1.625087255494693e-10
-1.7376229964412e-10
-1.640598184356579e-10
-1.86130065017102e-10
-1.625491320517182e-10
-1.941250196901966e-10
-1.581102301752758e-10
-1.967739310612337e-10
-1.511620029843729e-10
-1.935002082856683e-10
-1.42307175472333e-10
-1.843099741149959e-10
-1.322485740041517e-10
-1.698365000356006e-10
-1.217479208295171e-10
-1.511717789580859e-10
-1.115605068965134e-10
-1.295577335462173e-10
-1.023098913227143e-10
-1.060616482994623e-10
-9.437184161897225e-11
-8.131232066260848e-11
-8.785103861173651e-11
-5.533405217365705e-11
-8.263750462619376e-11
-2.75097713616417e-11
-7.847747114564889e-11
-6.763783986290462e-11
-3.974599398324545e-11
9.822934264300991e-11
-8.484948446059951e-11
7.333562145374719e-11
-1.342484263386331e-10
2.747786341515451e-11
-1.599840780737737e-10
-4.972869857373382e-11
-1.274475674261001e-10
-1.518762627106398e-10
-3.616479740618937e-11
-2.220512398619496e-10
5.901396867114623e-11
-2.014046407886362e-10
1.128143305537104e-10
-1.324606243104895e-10
1.351726424313765e-10
-9.926252518299417e-11
1.125627813973097e-10
-4.080156280321958e-11
7.521542778212135e-11
-5.513149265888048e-12
4.857119782589797e-11
-1.214806564988951e-13
4.220652329189492e-11
-1.217347796098269e-11
5.097793241688841e-11
-2.563920669296518e-11
6.341154543641061e-11
-3.06258416441211e-11
7.166237191524215e-11
-2.51593555692265e-11
-6.073850121243422e-11
1.28445763090372e-08
-2.833651466636259e-10
1.860754095882044e-08
-5.598062596143276e-10
2.215380819291703e-08
-7.367884188825903e-10
2.342675606269437e-08
-7.549645387209915e-10
2.265497636132947e-08
-5.846362281155865e-10
2.007218561119912e-08
-2.570192227346336e-10
1.598406755756871e-08
1.64045614400375e-11
1.116024360294605e-08
7.618553771891702e-11
-8.450013117729792e-11
9.317667774693577e-12
4.763917809655579e-11
-5.301288662872662e-11
6.662091944015205e-11
-6.874889231616125e-11
4.047980996825532e-12
-5.668521956956245e-11
-6.215396987467536e-11
-3.008884772380047e-11
-1.092457476894526e-10
7.330637228381402e-12
-1.349160663283856e-10
4.327388639445718e-11
-1.32820737579425e-10
6.731196742446949e-11
-1.12004189202884e-10
9.059176552989118e-11
-1.072493294503916e-10
1.021483269813635e-10
-9.241172131355155e-11
9.945632485315399e-11
-7.247856093306422e-11
8.702918557418975e-11
-5.721446926143184e-11
6.935894545714551e-11
-4.962235909964642e-11
4.927810603725533e-11
-4.881828676646524e-11
2.860980278338367e-11
-5.315829564333952e-11
8.610400632408279e-12
-6.116295400877898e-11
-1.004158719044667e-11
-7.150387597326071e-11
-2.732142370128932e-11
-8.295032585637772e-11
-4.373882501314652e-11
-9.44969127530458e-11
-6.001440173863898e-11
-1.055231956667908e-10
-7.672894249754069e-11
-1.157611264698102e-10
-9.413141261669169e-11
-1.250650058805216e-10
-1.121125934881375e-10
-1.332252542065278e-10
-1.302202692165513e-10
-1.399719541430682e-10
-1.476763286873207e-10
-1.450533542736504e-10
-1.634305169829368e-10
-1.48306351776003e-10
-1.762622618633655e-10
-1.497181424246775e-10
-1.849410116957001e-10
-1.494322672544192e-10
-1.884712869695709e-10
-1.476325461808536e-10
-1.863619416788467e-10
-1.444173710050921e-10
-1.787535512323754e-10
-1.398578452571318e-10
-1.662996467004163e-10
-1.342027356994797e-10
-1.498810573473828e-10
-1.279800425502483e-10
-1.303348170930957e-10
-1.218570892448762e-10
-1.083040810950565e-10
-1.16403495284252e-10
-8.415718064632243e-11
-1.11998909588045e-10
-5.78798654926534e-11
-1.089158941081331e-10
-2.897642467206025e-11
-1.073814392477255e-10
-9.661509801831897e-11
-5.85458732691592e-12
1.040837911668731e-10
-5.89580763736434e-11
1.264390111405565e-10
-1.436413227927617e-10
1.121610231993577e-10
-2.0801758757657e-10
1.464748393219959e-11
-2.119079548304897e-10
-1.479859748987535e-10
-1.122395246549471e-10
-3.217197446642441e-10
6.191197195441658e-11
-3.755562074936322e-10
2.298396736093746e-10
-3.003883895264094e-10
2.10342277809941e-10
-7.976518702267785e-11
1.359388991584876e-10
3.360176591469536e-11
6.629992200038631e-11
6.412578482893554e-11
2.820075150798727e-11
3.797765513706228e-11
3.202145396120345e-11
-1.599420772075066e-11
6.246682585294513e-11
-5.60845974070178e-11
9.137562769056252e-11
-5.953465483960862e-11
1.035768507491574e-10
-3.736058197820648e-11
3.479245370876679e-11
1.291336070971638e-08
-1.157332800390516e-10
1.875806670304799e-08
-3.606988444322109e-10
2.239877377363303e-08
-5.161078965641257e-10
2.35821651359555e-08
-5.651108394378321e-10
2.270397932916495e-08
-5.183851258424338e-10
2.00254599243096e-08
-3.087700636811307e-10
1.577445252287338e-08
3.91869574374131e-10
1.045960398989785e-08
1.296627012662954e-10
1.77706763459371e-10
-6.31698993491875e-11
2.404717924569203e-10
-8.738414046929466e-11
9.083516547535665e-11
-7.08056793312413e-11
-1.253048917426372e-11
-6.10160431185801e-11
-7.194363010643757e-11
-4.647981182888456e-11
-1.237820234435348e-10
-6.714619833279033e-12
-1.74681324203282e-10
3.023047022978585e-11
-1.69765920140145e-10
7.099611032630218e-11
-1.527699492724505e-10
9.768224514744493e-11
-1.33935616060372e-10
9.744439548317301e-11
-9.217405600193004e-11
8.501583632571569e-11
-6.005022168073522e-11
6.989918985639012e-11
-4.209807895995626e-11
5.45006993973501e-11
-3.422416243079414e-11
3.896658407529056e-11
-3.328450364761245e-11
2.337597253067473e-11
-3.75680544101884e-11
8.009459094658192e-12
-4.579684998333667e-11
-6.913515587402019e-12
-5.658134801361989e-11
-2.149240664980383e-11
-6.837192007949176e-11
-3.621977693325389e-11
-7.977006334435706e-11
-5.177029851176674e-11
-8.997323198288859e-11
-6.858757239184558e-11
-9.89444436467343e-11
-8.660931873664288e-11
-1.07043885122543e-10
-1.053556212758955e-10
-1.144796073328263e-10
-1.241312470871528e-10
-1.211970151082329e-10
-1.420606260321057e-10
-1.27124688679667e-10
-1.580424918996603e-10
-1.323252265197419e-10
-1.707230434833646e-10
-1.370383552466541e-10
-1.786939367065313e-10
-1.414621627303786e-10
-1.809736255101855e-10
-1.453536687886094e-10
-1.77436318507302e-10
-1.479555154546759e-10
-1.688059314812524e-10
-1.484890938776834e-10
-1.562292473606844e-10
-1.467803039546991e-10
-1.407456464132268e-10
-1.434645484552841e-10
-1.229505110860028e-10
-1.396531585328199e-10
-1.029814739387534e-10
-1.363734641567283e-10
-8.072694035645571e-11
-1.342541879380413e-10
-5.595032043757252e-11
-1.336931993889224e-10
-2.817452519328638e-11
-1.35158899422299e-10
-1.247897216130551e-10
7.745036516915849e-11
2.663340525739556e-11
-2.587239580549675e-11
2.297617017032525e-10
-1.265623756984868e-10
2.128509192380791e-10
-1.894838856104253e-10
7.756890787766287e-11
-2.613875505134426e-10
-7.608239333937102e-11
-2.82988152566109e-10
-3.001192226086411e-10
-4.274078519114188e-11
-6.158036494744407e-10
4.690659498494294e-10
-8.121951940475885e-10
2.532119212804905e-10
1.360887788845482e-10
1.431288722814603e-10
1.436847585278271e-10
5.565052949274265e-11
1.516040789516337e-10
1.220109101159569e-11
8.142705196134438e-11
2.851247161585553e-11
-3.230562187050987e-11
8.385330134974172e-11
-1.1142545339511e-10
1.343856950109506e-10
-1.100670668540354e-10
1.506188922184089e-10
-5.359379051774749e-11
2.368638499082058e-10
1.282711574767842e-08
2.998405874993929e-10
1.869508996714299e-08
2.582978291712858e-10
2.244031653880993e-08
3.516107967399607e-10
2.348885217937642e-08
5.365382405442379e-10
2.251905189861347e-08
7.197745828934391e-10
1.984222359634701e-08
9.471862271840483e-10
1.554704089113246e-08
1.778011807898801e-09
9.628778418632694e-09
-9.211736166419052e-11
2.047835935349868e-09
-1.825815523444049e-10
3.309359769711344e-10
-5.449788455252365e-11
-3.724852183331707e-11
-3.411408367155283e-11
-3.291432434081809e-11
-5.749731614042067e-11
-4.856045195810776e-11
-6.620403286420376e-11
-1.150753824328317e-10
-4.140620953056594e-11
-1.994792497499499e-10
-2.986772018758037e-11
-1.813045393843929e-10
1.098994188160627e-10
-2.925372501890503e-10
1.136688924640824e-10
-1.377052845871309e-10
9.022890825565839e-11
-6.873430261542697e-11
7.167981054741333e-11
-4.15013914679446e-11
5.8394641840614e-11
-2.88132156685625e-11
4.710640002887227e-11
-2.293626456586391e-11
3.604003830153762e-11
-2.221852377174463e-11
2.452468488422441e-11
-2.605312139871358e-11
1.237743465895153e-11
-3.365005632768281e-11
-3.925659388412959e-13
-4.381184099407808e-11
-1.37846345431407e-11
-5.498037820523044e-11
-2.805109928942669e-11
-6.55041595880121e-11
-4.378959418817761e-11
-7.423532738404403e-11
-6.155027067401646e-11
-8.118438805549177e-11
-8.118940157789325e-11
-8.740540004199616e-11
-1.017943206045383e-10
-9.387536029989009e-11
-1.222306687316277e-10
-1.007613592318669e-10
-1.413462301805895e-10
-1.080098408440442e-10
-1.577880328899927e-10
-1.158841535748747e-10
-1.697892195746268e-10
-1.250379156915008e-10
-1.756224234767967e-10
-1.356297194849443e-10
-1.745362847953059e-10
-1.464405854070657e-10
-1.671928985349972e-10
-1.55299695676767e-10
-1.552409123602367e-10
-1.604418901907791e-10
-1.405483923161888e-10
-1.614736497023037e-10
-1.24583587527053e-10
-1.594302014821155e-10
-1.080076766703407e-10
-1.562299103998883e-10
-9.054817926893986e-11
-1.538337314675573e-10
-7.137701400253832e-11
-1.534262114727784e-10
-4.975846272788368e-11
-1.553128026975841e-10
-2.517500661702445e-11
-1.597424757293645e-10
-1.499655856826103e-10
-1.483979570281702e-09
1.510612865315083e-09
-3.011548300116143e-09
1.757330337166907e-09
-3.981325404451509e-09
1.182627934571487e-09
-4.100411293750272e-09
1.966547106523683e-10
-3.411104323733618e-09
-7.653894475492607e-10
-2.411547807950581e-09
-1.299675818409162e-09
-1.002815305263927e-09
-2.024536227985338e-09
3.453301208141962e-10
-2.160340690169505e-09
2.882428530811331e-10
1.931759820732598e-10
1.604006658005499e-10
2.715268881116163e-10
7.224032140684142e-11
2.397643720303043e-10
4.24116718224632e-11
1.112556576623135e-10
5.456899948663459e-11
-4.446298659252587e-11
1.042369874617782e-10
-1.610934709798665e-10
1.718816722191442e-10
-1.777117744892637e-10
2.064467511076234e-10
-8.815888551832185e-11
5.830777201634549e-10
1.24504847684384e-08
1.069158888299459e-09
1.820900879403343e-08
1.499897000400691e-09
2.200957842595855e-08
2.230076284357453e-09
2.275867289726215e-08
3.173923801974821e-09
2.157520438425887e-08
4.147113389120106e-09
1.886903401126084e-08
4.807104101285223e-09
1.488705017843999e-08
6.346166035576543e-09
8.089716477662054e-09
6.054490632189967e-09
2.339511324328557e-09
5.570445837454459e-09
8.149807452485489e-10
4.588844941726075e-09
9.443523336848073e-10
3.522325606865924e-09
1.033604951834201e-09
2.56627703595186e-09
9.074880400819989e-10
1.858456372964774e-09
5.927451768571331e-10
1.294232339530384e-09
3.647446535789537e-10
4.995777093984378e-10
6.133499302460276e-10
2.052091764477453e-10
1.831090525454778e-12
1.060321045222921e-10
-3.852843941867437e-11
7.597338645055155e-11
-3.867584684804196e-11
6.351860617493406e-11
-2.904691019488841e-11
5.56230356255469e-11
-2.091798157169576e-11
4.885168409545262e-11
-1.616528620573521e-11
4.175318236720551e-11
-1.512043253522369e-11
3.344167315407859e-11
-1.774205737135707e-11
2.328321296177144e-11
-2.349207665319007e-11
1.0962645412375e-11
-3.149178498019632e-11
-3.331129779606097e-12
-4.068714640042525e-11
-1.911423475557939e-11
-4.97216241965477e-11
-3.633988700721963e-11
-5.701027200455905e-11
-5.572906119874316e-11
-6.179583142322025e-11
-7.772624678809609e-11
-6.5408853958176e-11
-1.012809985101073e-10
-7.032126292234851e-11
-1.2452892248878e-10
-7.751410575893455e-11
-1.457536566126851e-10
-8.678578646669132e-11
-1.628863397137631e-10
-9.875216112648599e-11
-1.732837846009419e-10
-1.146411665115035e-10
-1.750806087634396e-10
-1.338335989957294e-10
-1.685336483492713e-10
-1.529882550293449e-10
-1.556430295387638e-10
-1.681910321776421e-10
-1.388979115733463e-10
-1.771877338815528e-10
-1.205729429799856e-10
-1.797993474137734e-10
-1.026062024037008e-10
-1.773976692335994e-10
-8.627599001750972e-11
-1.725608670637872e-10
-7.147784522823077e-11
-1.686326255936382e-10
-5.656657789045432e-11
-1.683379864872313e-10
-3.968139830329793e-11
-1.721983431361152e-10
-2.01149139585315e-11
-1.793106593659309e-10
-1.700803947096158e-10
-1.722143483666188e-09
3.232756297223921e-09
-4.396364754268238e-09
4.431551529758415e-09
-6.243157476602654e-09
3.029420572865378e-09
-6.523311002705784e-09
4.768081523060087e-10
-5.204861948078401e-09
-2.083838584077088e-09
-2.595961224068045e-09
-3.908576621178414e-09
-4.676019386991283e-10
-4.152895587425729e-09
3.812613988658105e-10
-3.00920409714531e-09
2.055392429799769e-10
3.688980744698641e-10
1.094178504996497e-10
3.676482227732372e-10
1.507213425499619e-10
1.984608288323493e-10
1.971201990039193e-10
6.485675631595403e-11
1.561730694770325e-10
-3.51589506996399e-12
9.835969015982383e-11
-1.032801233452927e-10
1.401896510003802e-10
-2.195417605769401e-10
2.44163468087668e-10
-1.921327221397685e-10
1.114567724508625e-09
1.158008049764238e-08
2.251871476876902e-09
1.707170503152274e-08
3.423797408959148e-09
2.083765248659774e-08
5.131149307747174e-09
2.105132099289894e-08
7.166254191525129e-09
1.954009949435387e-08
9.187685961631846e-09
1.68476022330481e-08
1.078461297786241e-08
1.329012314903466e-08
1.062769760378324e-08
8.246631831822405e-09
9.117000378659617e-09
3.850208519047502e-09
7.487532833291334e-09
2.444448247869614e-09
6.039540137907653e-09
2.392344969883478e-09
4.69518025821305e-09
2.377964753970443e-09
3.487446051726325e-09
2.115222146602226e-09
2.484594104964607e-09
1.595596999368874e-09
1.295113509682948e-09
1.554225096829895e-09
3.479047840213128e-10
1.560558474421717e-09
2.029652333993742e-10
1.467704277387053e-10
1.188212082412072e-10
4.561533903681106e-11
8.175364402259972e-11
-1.60856362559689e-12
6.811878497174375e-11
-1.541236746536481e-11
6.307965517872309e-11
-1.587920265440842e-11
6.019324661340819e-11
-1.327926382984478e-11
5.676498246521078e-11
-1.169258722954956e-11
5.122147765279781e-11
-1.219900468965603e-11
4.221550901609962e-11
-1.44865889788953e-11
2.876991721678927e-11
-1.804670367108684e-11
1.101727353557949e-11
-2.293503675398007e-11
-9.38665910476405e-12
-2.931825004200208e-11
-3.041640700818773e-11
-3.598109989667279e-11
-5.202417337098028e-11
-4.018865931978154e-11
-7.630187252278144e-11
-4.113175964326494e-11
-1.036796222710063e-10
-4.294412994367546e-11
-1.312209859935176e-10
-4.997336263350739e-11
-1.558933588706036e-10
-6.211403973225499e-11
-1.73487312879126e-10
-8.115883132448461e-11
-1.800194201396859e-10
-1.081096840603428e-10
-1.749708950753601e-10
-1.388827444910521e-10
-1.613111116163121e-10
-1.666486575656738e-10
-1.425312110252425e-10
-1.869715496311181e-10
-1.209623077199917e-10
-1.987572487016722e-10
-9.836329328833372e-11
-2.023989665091415e-10
-7.688409681186922e-11
-1.988774745605604e-10
-5.899032056441387e-11
-1.904552300607147e-10
-4.60387556692459e-11
-1.815846774311663e-10
-3.639188086839759e-11
-1.779854919475867e-10
-2.609514348121743e-11
-1.824959993739189e-10
-1.316799016472274e-11
-1.922374763626537e-10
-1.832492477438847e-10
-2.478920816890235e-09
5.711677040345076e-09
-5.778948337952387e-09
7.731578971654913e-09
-7.816170735111799e-09
5.066642889325565e-09
-7.964069682791326e-09
6.247070197777041e-10
-6.271960912550492e-09
-3.775947432752823e-09
-3.142696501820876e-09
-7.037841106863738e-09
-8.811693043913579e-10
-6.414422856029631e-09
4.005863402376866e-11
-3.930432101738831e-09
-1.608391649228451e-10
5.697958121854897e-10
3.639497633835429e-12
2.031695048888149e-10
3.607308171444557e-10
-1.586305403478442e-10
5.427261798502863e-10
-1.171386497679641e-10
3.943467672144696e-10
1.448634800554558e-10
7.247086419177246e-11
2.185957482179754e-10
-6.577506105394274e-11
-8.129586134772773e-11
1.468327744559879e-10
-4.047405786260097e-10
1.883481836381132e-09
9.843431418943771e-09
3.926996200847827e-09
1.502819065337795e-08
6.171692880180355e-09
1.859295579557714e-08
9.199652545162256e-09
1.802336131633977e-08
1.245853728383251e-08
1.628121474280483e-08
1.528781765571377e-08
1.401832184438466e-08
1.707396432600868e-08
1.150397645635511e-08
1.685986570263912e-08
8.460730424061354e-09
1.477547501461418e-08
5.934599165268089e-09
1.217608328371872e-08
5.043839922872884e-09
9.650499969126815e-09
4.917928212436646e-09
7.284860925135438e-09
4.743603706451291e-09
5.11022308517588e-09
4.289859873511342e-09
3.131836895329542e-09
3.573983051795018e-09
1.209191161400622e-09
3.476870667026486e-09
1.020766469312922e-10
2.667672796912667e-09
1.440818375686667e-10
1.047650151704535e-10
1.213731456942732e-10
6.832377837389931e-11
9.603483792260473e-11
2.372945961003268e-11
8.333115962566123e-11
-2.709004800202689e-12
8.015875448181249e-11
-1.270714531772137e-11
8.091099404428283e-11
-1.403188074253595e-11
8.137717180585603e-11
-1.215917273334711e-11
7.854135287542915e-11
-9.36361951984942e-12
7.006858433953076e-11
-6.014280986983327e-12
5.427145768075632e-11
-2.250058375351026e-12
3.07775363549798e-11
5.583815411239905e-13
1.865557575884955e-12
-4.067886820489652e-13
-2.73328762826629e-11
-6.783198897065535e-12
-5.28578949050964e-11
-1.466418074561692e-11
-7.782463795427733e-11
-1.616556511800677e-11
-1.087047357513566e-10
-1.206458032867338e-11
-1.428409536487605e-10
-1.583769414945607e-11
-1.729269677311524e-10
-3.20285676261583e-11
-1.889322881698953e-10
-6.5154047435963e-11
-1.866495980596289e-10
-1.103928982484262e-10
-1.714098183407228e-10
-1.54123037927969e-10
-1.506769887890793e-10
-1.873819868578794e-10
-1.27762825980901e-10
-2.098861985133674e-10
-1.028963850206746e-10
-2.236241612927113e-10
-7.657273836361556e-11
-2.287230628302626e-10
-5.079404420387621e-11
-2.246565967122872e-10
-2.883576473524961e-11
-2.124139386123266e-10
-1.460526777765638e-11
-1.958156397200141e-10
-9.659647059025391e-12
-1.829313110415455e-10
-8.825319460120149e-12
-1.833303288447774e-10
-4.914196328552266e-12
-1.961503262357285e-10
-1.881631941309224e-10
-2.936232611739203e-09
8.647909577915327e-09
-5.57268168721187e-09
1.036802796897384e-08
-6.638947557118864e-09
6.132908681862522e-09
-6.399616397193118e-09
3.853757835664637e-10
-5.110269617966266e-09
-5.065294285780216e-09
-2.729702978555606e-09
-9.418407817143473e-09
-9.990887906678982e-10
-8.145037110700448e-09
-7.985007126679401e-10
-4.131020242301896e-09
-7.137664922078799e-10
4.850615342915387e-10
4.671931246774451e-11
-5.573163521599079e-10
7.320099641576199e-10
-8.439212387288987e-10
9.826907322281415e-10
-3.678194591100911e-10
7.840595688912705e-10
3.434946077700005e-10
1.86807722233419e-10
8.158475644294328e-10
-4.512838294448673e-10
5.567956647827679e-10
-4.388924507022675e-10
-4.171319787406522e-10
2.757755950244632e-09
6.646782999927572e-09
6.159789442272568e-09
1.162615714557084e-08
1.025488897392858e-08
1.449785624890371e-08
1.532047934857745e-08
1.295777092608682e-08
2.019353659605836e-08
1.140815747699086e-08
2.386367242258392e-08
1.034818599512846e-08
2.567192710618971e-08
9.695721743032477e-09
2.511619004509017e-08
9.016467446528892e-09
2.249975955731649e-08
8.551029602716335e-09
1.890088476566726e-08
8.642714650402497e-09
1.502524469607885e-08
8.793568201456972e-09
1.122239378788628e-08
8.546454515469189e-09
7.69781870556777e-09
7.814434835867083e-09
4.582336194407096e-09
6.689465420108375e-09
1.853186424120101e-09
6.206020270204688e-09
-1.934404891457991e-11
4.540203076652566e-09
5.923681518739381e-11
2.618393131146833e-11
9.287859065908337e-11
3.468175501212418e-11
9.838469661993702e-11
1.822307869614998e-11
9.851833152578385e-11
-2.8429431032473e-12
1.024128070510339e-10
-1.660195010619668e-11
1.095717905560903e-10
-2.119122048941223e-11
1.155755437773704e-10
-1.816330501347085e-11
1.156217899216391e-10
-9.410268467353889e-12
1.065446862465368e-10
3.062401837172822e-12
8.71100201607942e-11
1.718416793805122e-11
5.702850474191305e-11
3.063944532479714e-11
1.729569587039034e-11
3.932555573176601e-11
-2.630918423035029e-11
3.682121207713789e-11
-6.23460923973908e-11
2.137225249555365e-11
-8.658622098217185e-11
8.074091662594748e-12
-1.161690539687519e-10
1.751778264281992e-11
-1.610885057885858e-10
2.908129865291907e-11
-1.977684529181387e-10
4.650929903980653e-12
-2.050681826672048e-10
-5.785474948044333e-11
-1.863029441815121e-10
-1.291585523713737e-10
-1.599488968149556e-10
-1.804774784086014e-10
-1.355501904835907e-10
-2.117810651848872e-10
-1.117604928440524e-10
-2.336762441221191e-10
-8.571140062289899e-11
-2.496735734741706e-10
-5.747377835359883e-11
-2.569609758922506e-10
-2.875011088234364e-11
-2.533805476556117e-10
-1.411005140225237e-12
-2.397533071020949e-10
2.022741189127059e-11
-2.174541934322707e-10
2.691786493143531e-11
-1.89622147036402e-10
1.517925921273262e-11
-1.715925342834358e-10
2.409753647263273e-12
-1.833800816858782e-10
-1.857542387491172e-10
-2.175669095148279e-09
1.082357863826611e-08
-1.777281758608664e-09
9.969640572549765e-09
-1.008093439092012e-10
4.456436198884734e-09
7.690326582030546e-10
-4.84466288147121e-10
3.195887028971829e-10
-4.615850398902354e-09
-4.191007795335371e-10
-8.679718400203763e-09
-9.969513256774354e-10
-7.567186626616547e-09
-2.431653134034102e-09
-2.696318491630495e-09
-8.243197044719599e-10
-1.122271948468032e-09
6.372214008241668e-10
-2.018857505541171e-09
1.081852621526057e-09
-1.288552502502177e-09
1.108301489213245e-09
-3.942683645795265e-10
1.140013328475376e-09
3.117827356882165e-10
7.914842435496737e-10
1.164376621335725e-09
-4.879297532300948e-10
1.836209637748058e-09
-1.880587051601113e-09
9.755252993565254e-10
3.065005199436915e-09
1.701190731262562e-09
8.982452569228614e-09
5.70870975959498e-09
1.679248858422053e-08
6.68782021792374e-09
2.515042491898422e-08
4.599834573815949e-09
3.213947503874921e-08
4.41910733660462e-09
3.660482160622975e-08
5.882839401842829e-09
3.813127855022079e-08
8.169264766176089e-09
3.672245952749238e-08
1.042528642713515e-08
3.294519598416472e-08
1.232829309258155e-08
2.779946591370354e-08
1.378844465401831e-08
2.210476583175353e-08
1.448826820099471e-08
1.642953456305982e-08
1.422168568459982e-08
1.116334755227339e-08
1.308062172776563e-08
6.575291842205861e-09
1.12775209911289e-08
2.72034539323012e-09
1.006096655791436e-08
-2.270232676923288e-11
7.283250613306295e-09
1.833158104778108e-11
-1.485018380212098e-11
5.941977172679391e-11
-6.406665590289851e-12
8.674564125567459e-11
-9.10304501881021e-12
1.055155356990172e-10
-2.161311339251987e-11
1.239491933289326e-10
-3.503590662575791e-11
1.434893392872233e-10
-4.073168442275044e-11
1.586017415780072e-10
-3.327604552338382e-11
1.619704354334832e-10
-1.277931547182483e-11
1.499656621585718e-10
1.506680603029002e-11
1.242133488252722e-10
4.29361028407792e-11
8.793588507272921e-11
6.691652034449531e-11
4.067421258746352e-11
8.658683686106236e-11
-1.95360351970753e-11
9.703106487849597e-11
-8.128148266160572e-11
8.311730989023213e-11
-1.16025500191421e-10
4.281772293065318e-11
-1.305369818344596e-10
3.202889095986965e-11
-1.903760671046792e-10
8.892002228599533e-11
-2.254866650458917e-10
3.976118708589151e-11
-2.08174523566864e-10
-7.516721235827294e-11
-1.699391145079105e-10
-1.67394254880478e-10
-1.402494277202352e-10
-2.101674325672525e-10
-1.178838046610378e-10
-2.341469220020244e-10
-9.462775344916843e-11
-2.56932497741554e-10
-6.885523040358986e-11
-2.754462599545379e-10
-4.200697892380114e-11
-2.838093582326746e-10
-1.447373087591605e-11
-2.809138862415893e-10
1.539980934142826e-11
-2.696269041689558e-10
4.920538117015872e-11
-2.512599374997254e-10
7.469912663132455e-11
-2.151158010980437e-10
5.769893432151041e-11
-1.545918686911883e-10
5.10430931500727e-12
-1.307870928801682e-10
-1.806494943774822e-10
2.266578710607731e-09
8.556999835550024e-09
1.067355079313317e-08
1.56266841542073e-09
1.793330048985543e-08
-2.803313565170672e-09
1.961510860522835e-08
-2.166274468365108e-09
1.514288595148138e-08
-1.436278075143911e-10
6.706878886942839e-09
-2.437113952350306e-10
-1.739693804068886e-10
-6.863384152134087e-10
-3.037948721434188e-09
1.676607973320063e-10
1.095701083660738e-09
-5.255921801113897e-09
1.78213990076707e-09
-2.705296365632182e-09
8.828358765906606e-10
-3.892485164167734e-10
4.454409587996921e-10
4.312651983181003e-11
9.69814023151576e-10
-2.125903573803433e-10
1.903051127187816e-09
2.311394927847049e-10
1.27715172603028e-09
2.462109018111656e-09
-2.611540325666985e-09
4.864217333213353e-09
2.862756268324107e-09
-3.773105878541963e-09
1.414203214970631e-08
-5.570566136681312e-09
2.890999167717369e-08
-8.080139324867579e-09
4.186537437974117e-08
-8.355548145980057e-09
5.090669218837793e-08
-4.622210492793514e-09
5.543201178626934e-08
1.35751977789259e-09
5.573530405404589e-08
7.865972465344125e-09
5.246417711040176e-08
1.369641332872497e-08
4.654055388893941e-08
1.825191626146504e-08
3.904192564409361e-08
2.128707283362171e-08
3.090166889257887e-08
2.262852487352434e-08
2.284862418461396e-08
2.227473029766493e-08
1.542203304150983e-08
2.050721275967725e-08
9.007417732071528e-09
1.769213617096935e-08
3.741788181693549e-09
1.532659596079778e-08
2.005034772352436e-12
1.102303359286783e-08
1.359930974906283e-11
-2.644464447501791e-11
4.119975878744379e-11
-3.400732044301232e-11
7.275494001322896e-11
-4.06584495403693e-11
1.058184952203075e-10
-5.467691095721066e-11
1.428009864971792e-10
-7.20186555607985e-11
1.803429100396192e-10
-7.827388228397833e-11
2.080316333068569e-10
-6.096505487498948e-11
2.151260798580705e-10
-1.98740610275814e-11
1.976663366997132e-10
3.252624325837351e-11
1.611794654925675e-10
7.942266019100095e-11
1.168357525238141e-10
1.112599185242717e-10
7.006537712929661e-11
1.333568956093996e-10
7.965400060159301e-12
1.591307312836187e-10
-8.912165392770114e-11
1.802040582920839e-10
-1.867454742102805e-10
1.404412512168298e-10
-1.898427460938744e-10
3.512588352083546e-11
-2.326634264035156e-10
1.31740444907479e-10
-2.266680522547788e-10
3.376557586648143e-11
-1.693379553915507e-10
-1.324975166792721e-10
-1.374125501180327e-10
-1.993198393636162e-10
-1.228204258264915e-10
-2.247596988851937e-10
-1.011060806085491e-10
-2.558613743675865e-10
-7.347957538497679e-11
-2.845590673677238e-10
-5.009389881833298e-11
-2.988319614070193e-10
-3.089509697106587e-11
-3.030081382894399e-10
-9.193085530443617e-12
-3.026158455018186e-10
1.8687130989688e-11
-2.975070693657635e-10
5.734968304813454e-11
-2.89922331044007e-10
1.142093991319037e-10
-2.719754844392846e-10
1.368213525716873e-10
-1.772045582064129e-10
1.944448684013432e-11
-1.340892957106286e-11
-1.612049573678058e-10
1.634564222565682e-08
-7.788642383783661e-09
4.241263509555368e-08
-2.450432449184439e-08
5.827536839419423e-08
-1.86660469159245e-08
6.061148784343453e-08
-4.502393972818239e-09
5.027880084215359e-08
1.018905913925406e-08
2.992782858312551e-08
2.010726081173067e-08
1.061933474502708e-08
1.862215537396112e-08
5.094726835111543e-09
5.692268662182393e-09
5.988070128270378e-09
-6.149265135257433e-09
2.018617585347068e-09
1.264156140776951e-09
-2.172020928127777e-10
1.846571129660406e-09
-6.710616132488258e-10
4.969860126804475e-10
-5.380947270117914e-11
-8.298425213410473e-10
2.169782618852554e-09
-1.992452618317113e-09
5.778016278409761e-09
-1.146124657761398e-09
4.608826312862855e-09
6.033407284988224e-09
1.049903044730366e-08
-9.663310025165191e-09
3.14237611570179e-08
-2.64952968580348e-08
5.46987388477294e-08
-3.135511702799801e-08
7.107166568102825e-08
-2.472847499373665e-08
7.995947856915846e-08
-1.351002339902908e-08
8.231019911259622e-08
-9.932007885832545e-10
7.949130734998191e-08
1.068486419812215e-08
7.280483487685546e-08
2.038288576411792e-08
6.347809451486693e-08
2.757865657578845e-08
5.266656947699791e-08
3.20985978132233e-08
4.136452084485597e-08
3.393057343469243e-08
3.039019881214985e-08
3.324905224666847e-08
2.038372695481177e-08
3.05136845184938e-08
1.181783216095046e-08
2.625803085228032e-08
4.908208776350802e-09
2.223621921682165e-08
2.311912909199461e-11
1.590812309720058e-08
2.631055613477825e-11
-2.96362306432457e-11
3.943550097106406e-11
-4.713243794919399e-11
6.510403850591362e-11
-6.632717498421827e-11
1.077624544050953e-10
-9.73355264231624e-11
1.640211246703036e-10
-1.282775385520382e-10
2.196159270358371e-10
-1.338689060451787e-10
2.577605970432854e-10
-9.910995623521897e-11
2.673651992579154e-10
-2.947889919149345e-11
2.453695363332287e-10
5.452166456322858e-11
1.972659587066331e-10
1.275259966936473e-10
1.385426922279485e-10
1.699829434796557e-10
9.012459873527674e-11
1.8177475405405e-10
5.401652997193111e-11
1.95238570717134e-10
-3.005168225133556e-11
2.642720543730109e-10
-2.605799516547677e-10
3.70969317023333e-10
-4.677316978854155e-10
2.422774467244836e-10
-2.475161032865064e-10
-8.847531267817061e-11
-1.126636133674805e-10
-1.010870486699937e-10
-6.163426331370774e-11
-1.835269736330736e-10
-1.192254551272368e-10
-1.417287180198353e-10
-1.251190391093684e-10
-2.188661505614171e-10
-8.201142266965876e-11
-2.989689820233982e-10
-4.231900106055474e-11
-3.242514415916016e-10
-2.819949644824301e-11
-3.129513667741486e-10
-2.686602862659401e-11
-3.043414699478024e-10
-1.403826432237332e-11
-3.154434097724695e-10
1.94014154418027e-11
-3.309465315148163e-10
5.162792685893118e-11
-3.221486312366351e-10
8.488322424568492e-11
-3.052304855955371e-10
1.950778492334412e-10
-2.873979187390495e-10
1.873563242781136e-10
-5.687031656277815e-12
2.615207027377267e-11
7.348827544560965e-08
-8.127691793297986e-08
1.154569548482627e-07
-6.647300395970735e-08
1.339099750629833e-07
-3.711906718252288e-08
1.350284307694057e-07
-5.62084972729631e-09
1.219989448514668e-07
2.32185450116231e-08
9.682497271281159e-08
4.528123290744948e-08
6.995908275737969e-08
4.548804528964146e-08
4.298029280975364e-08
3.267105857358668e-08
8.68454407928026e-09
2.814648356293294e-08
-3.02294018792954e-10
1.025099421064099e-08
-1.022571568925211e-09
2.566848655777729e-09
-8.536193448208907e-10
3.280337686121719e-10
-8.429754908284663e-10
-8.404863914473482e-10
-2.431424013105287e-11
-2.81111388173454e-09
8.43442793219922e-09
-9.6048668399411e-09
3.990693010892812e-08
-2.543909489950026e-08
6.484584561307875e-08
-3.460222553580744e-08
8.828581833489573e-08
-4.993526958619861e-08
1.091240136472851e-07
-5.21933123475696e-08
1.20041851633508e-07
-3.564631298939698e-08
1.224013564070452e-07
-1.586952818522848e-08
1.182783956443495e-07
3.129759956547532e-09
1.094978864024594e-07
1.946537341677026e-08
9.749270809519557e-08
3.238806404058699e-08
8.344509205788996e-08
4.162627257437861e-08
6.839538530883428e-08
4.714830451367059e-08
5.32669946075631e-08
4.905896407769664e-08
3.887909069351492e-08
4.763695609079853e-08
2.592552135015788e-08
4.346725378125951e-08
1.494314851828147e-08
3.72404035909393e-08
6.206826969536092e-09
3.097254066149724e-08
4.835648230418735e-11
2.206659346767568e-08
4.76280213677316e-11
-2.890789655904674e-11
4.57496932240999e-11
-4.525424846142807e-11
6.767755524922526e-11
-8.825518405821126e-11
1.255196104420895e-10
-1.551777386331297e-10
1.997795628497133e-10
-2.025376538121988e-10
2.611710478565572e-10
-1.952605611255215e-10
2.949382734221795e-10
-1.328773542952399e-10
3.014989221448946e-10
-3.603972399484479e-11
2.83165526041543e-10
7.285488640616274e-11
2.374727872304416e-10
1.732185621280472e-10
1.661996133759642e-10
2.412559507858232e-10
9.224984251362949e-11
2.557243644749574e-10
6.23078830693877e-11
2.251803822370821e-10
9.109621493847722e-11
2.354835865861551e-10
-7.00889308259933e-11
5.321543457613692e-10
-1.360634608272973e-09
1.532823025726817e-09
-1.084081005778422e-10
-1.340701892851235e-09
2.845115231810786e-10
-4.940067191373047e-10
5.710917077324249e-11
4.387536570554535e-11
-1.622134994274317e-10
7.759397202014136e-11
-1.38891109638658e-10
-2.42188478264852e-10
-4.840773415916613e-11
-3.894522571680664e-10
-5.313351594615715e-12
-3.673456729287661e-10
-8.539857308031325e-12
-3.09724669651826e-10
-2.959783800255572e-11
-2.832832300629075e-10
-3.104401705239839e-11
-3.139969340557266e-10
2.569008574226081e-11
-3.87680271459098e-10
9.884898659683852e-11
-3.953070885836054e-10
-2.059818746818762e-11
-1.857826206611314e-10
-1.664269670453334e-10
-1.415682718580866e-10
9.747076610049965e-10
-1.146820074444521e-09
1.000860122922995e-09
3.279363190916174e-07
-9.213236972830175e-09
2.865837759820585e-07
-2.512046085787867e-08
2.638409765389745e-07
-1.437626776776711e-08
2.495449728231026e-07
8.675153955523758e-09
2.377817231859045e-07
3.498179461588965e-08
2.259534639218598e-07
5.710949214046428e-08
2.094308456960809e-07
6.20106634871475e-08
2.206670859152353e-07
2.143481832941748e-08
2.470849884277253e-07
1.728581029039138e-09
2.578526787653509e-07
-5.166961446377224e-10
2.594993339917117e-07
9.201934155704849e-10
2.598648234607332e-07
-3.745571059821982e-11
2.603031792642585e-07
-1.278842201757581e-09
2.587100597001805e-07
-1.217994321459304e-09
2.467385395589588e-07
2.366653299880571e-09
2.187149393606616e-07
2.584505299143398e-09
2.011155502721299e-07
-1.700283644608253e-08
2.037312540485718e-07
-5.25509733613939e-08
1.984450537332124e-07
-4.6907112032106e-08
1.8929546375553e-07
-2.649672301349886e-08
1.76723630422474e-07
-3.29769485729988e-09
1.613954969124334e-07
1.845789345755468e-08
1.439913397238244e-07
3.686953059076989e-08
1.251418850437481e-07
5.1237518700302e-08
1.054564270527373e-07
6.131173053749508e-08
8.557606002322309e-08
6.70286715081419e-08
6.619532427558158e-08
6.843969978131877e-08
4.805752606793464e-08
6.577475424651251e-08
3.18924091610001e-08
5.963237062652203e-08
1.830913789428788e-08
5.08236747880281e-08
7.617612485007975e-09
4.166406599144345e-08
9.312448153594855e-11
2.95910813845754e-08
7.044485022781662e-11
-6.228360710155672e-12
4.994004892966422e-11
-2.474954830879016e-11
9.223441468509081e-11
-1.305496582160988e-10
1.841968577920208e-10
-2.471402936114957e-10
2.648370314486843e-10
-2.831779442297651e-10
2.992398478366045e-10
-2.296634948742085e-10
2.987397978016299e-10
-1.323774234413888e-10
2.918292930592569e-10
-2.912933554215766e-11
2.91181424842041e-10
7.350264024169512e-11
2.813875704556517e-10
1.83012309100515e-10
2.318867371274429e-10
2.907566829399219e-10
1.301232378479795e-10
3.574877741633191e-10
1.475615324300757e-11
3.405473883863238e-10
1.118758240554525e-12
2.491209198589339e-10
4.179511130452133e-10
1.153219458023766e-10
2.121318244548009e-09
-1.705441283753281e-10
1.038836039910029e-08
-9.607744047207762e-09
1.77829387033641e-08
-7.888584994270866e-09
2.654504586523878e-08
-8.718231737577417e-09
3.899996326266976e-08
-1.237732333104769e-08
5.373453936032653e-08
-1.497676444563517e-08
6.994622293227537e-08
-1.66011356566658e-08
8.717163336552371e-08
-1.759275589402539e-08
1.051201814115702e-07
-1.825827245654931e-08
1.235990275211828e-07
-1.876212903369813e-08
1.424884157093546e-07
-1.920338475690985e-08
1.617114999503774e-07
-1.961076410129593e-08
1.811586808060815e-07
-1.984248745137009e-08
2.003095816864772e-07
-1.933668265569653e-08
2.174612880378955e-07
-1.729327330790561e-08
2.312544457398268e-07
-1.493997673087146e-08
-2.222673637932361e-08
3.87905131749075e-07
2.881631175692055e-09
3.67291323412426e-07
-4.506652565599405e-09
3.535146869844752e-07
-5.996313655816598e-10
3.476137415945691e-07
1.45760993244561e-08
3.488851302093063e-07
3.371040598242398e-08
3.573671314039729e-07
4.86274909293671e-08
3.699746548810734e-07
4.940313999618477e-08
3.68607870067713e-07
2.280160313196399e-08
3.678397998955586e-07
2.496651193564596e-09
3.69554147059988e-07
-2.231043313256805e-09
3.722259084519647e-07
-1.751567977284137e-09
3.738058515445882e-07
-1.617398800836607e-09
3.737005450432806e-07
-1.173535695174083e-09
3.717560532191999e-07
7.264975104230854e-10
3.690128506271852e-07
5.109855901654652e-09
3.650539276015844e-07
6.543428335777471e-09
3.535290679774437e-07
-5.477976810316036e-09
3.22519317481969e-07
-2.154122285464824e-08
2.90133180202317e-07
-1.452097474215588e-08
2.600303867622932e-07
3.606070434639278e-09
2.318008271647683e-07
2.493186474571271e-08
2.048545820933703e-07
4.540413853038373e-08
1.787128361478998e-07
6.30112765335334e-08
1.530883176367599e-07
7.686203720304778e-08
1.278953087785649e-07
8.650473938204754e-08
1.032818370690402e-07
9.164214319716182e-08
7.965496665003789e-08
9.206657017401796e-08
5.767436353529365e-08
8.775535732751973e-08
3.815902362737879e-08
7.914771049500011e-08
2.187500434100478e-08
6.710769402764261e-08
9.154971361054225e-09
5.438409891966035e-08
1.666405125970148e-10
3.857941217478682e-08
6.538800079656883e-11
9.502408926152683e-11
5.467398493821793e-11
-1.403559934295299e-11
1.821741706255646e-10
-2.580499123813332e-10
3.1874445268366e-10
-3.837106471427086e-10
3.594888836702822e-10
-3.239224458135682e-10
3.129488112826619e-10
-1.831234934597316e-10
2.46509798094882e-10
-6.593847743539613e-11
2.174926833772872e-10
-1.122852589956855e-13
2.453482882767861e-10
4.564697802696531e-11
3.075145432071549e-10
1.208460031799648e-10
3.43940813741072e-10
2.543303722419838e-10
2.894211821693299e-10
4.120073758933428e-10
1.567249179234266e-10
4.73243637682491e-10
1.174933618707437e-10
2.883524756873276e-10
4.203536215062931e-10
-1.87538294593286e-10
1.133368239838147e-09
-8.835587077630543e-10
8.991543357512906e-09
-1.746591910135629e-08
2.159190840196635e-08
-2.048894994978147e-08
3.667810281843239e-08
-2.380442603497762e-08
5.492090355811842e-08
-3.062012392023784e-08
7.600997325739544e-08
-3.606583395875263e-08
9.932810707684489e-08
-3.991926925335224e-08
1.242018623105826e-07
-4.2466510866616e-08
1.501386869214019e-07
-4.419509676406516e-08
1.768482441672841e-07
-4.547168593312756e-08
2.04157620383053e-07
-4.651276057395547e-08
2.318832014532486e-07
-4.733634473369012e-08
2.597167369197289e-07
-4.767602239316938e-08
2.872538671023549e-07
-4.687381208713277e-08
3.142787822669095e-07
-4.431818739830256e-08
3.405826955343058e-07
-4.124388912069473e-08
-4.390703062855082e-08
4.067784824827539e-07
-3.896851203295424e-09
4.103442341767965e-07
-8.072404227351449e-09
4.123238496630378e-07
-2.579246844874806e-09
4.16431177442127e-07
1.046877154606893e-08
4.249471271786744e-07
2.519445624607581e-08
4.381751205650044e-07
3.539949754443223e-08
4.525549135702553e-07
3.502334699457125e-08
4.568355797964858e-07
1.852093691186341e-08
4.556069876427831e-07
3.725243356363845e-09
4.55199640541715e-07
-1.823696200244438e-09
4.563028019761402e-07
-2.85472939676644e-09
4.574453984072859e-07
-2.759995214403913e-09
4.579485725541789e-07
-1.676709822010331e-09
4.576311085502324e-07
1.043961536355971e-09
4.566018706950436e-07
6.139093780290108e-09
4.514916844688697e-07
1.165361458622207e-08
4.327200907640851e-07
1.32936169188482e-08
3.960829107157675e-07
1.509595721756818e-08
3.545423680149736e-07
2.701956798110011e-08
3.13967830942306e-07
4.41806075279279e-08
2.76205287871763e-07
6.269440783386227e-08
2.414266433622394e-07
8.018278305441768e-08
2.090972471666691e-07
9.53406727392233e-08
1.785302708658478e-07
1.074290135099976e-07
1.491626896773076e-07
1.158723205713611e-07
1.207256197147806e-07
1.200792131560832e-07
9.336174431977357e-08
1.19430445559642e-07
6.76891995777805e-08
1.134279020559513e-07
4.47443459552429e-08
1.02092564098384e-07
2.566352266026385e-08
8.618851730005146e-08
1.08751924868159e-08
6.917242906572735e-08
1.870931306841343e-10
4.926751150137591e-08
-2.395700380373903e-11
3.060741907216318e-10
1.364040491973394e-10
-1.743966857056113e-10
4.287926143345844e-10
-5.504385125401478e-10
5.380861740988961e-10
-4.930042400862188e-10
4.378400760253121e-10
-2.236763803005344e-10
2.643312207012847e-10
-9.6146663447764e-12
1.314767961291912e-10
6.691592221799469e-11
8.576782682150375e-11
4.55966662752609e-11
1.368051769389397e-10
-5.390383563524019e-12
2.764045445055332e-10
-1.875336568523731e-11
4.595358171386328e-10
7.119910790343073e-11
5.792033712822182e-10
2.92339843437167e-10
5.202366731448486e-10
5.322103706480976e-10
3.304037171555873e-10
4.781854833347506e-10
2.483188162929367e-10
-1.054533251184524e-10
1.104048360079949e-10
-7.456446381764124e-10
8.841142344636622e-09
-2.619665649927271e-08
2.395690934864227e-08
-3.560471681828651e-08
4.39802036710061e-08
-4.382772019559283e-08
6.782907304542498e-08
-5.446899310401726e-08
9.483529369260348e-08
-6.307205438421575e-08
1.240977807175546e-07
-6.918175602550791e-08
1.547931402053681e-07
-7.316187006792583e-08
1.863918600949833e-07
-7.579381633587794e-08
2.186727878686243e-07
-7.77526133484388e-08
2.515979716570943e-07
-7.943794397625332e-08
2.851487618059637e-07
-8.088713447018399e-08
3.192186396647019e-07
-8.174589978786175e-08
3.536907665721558e-07
-8.134593835559158e-08
3.88606452918729e-07
-7.92338729753043e-08
4.236224912200522e-07
-7.625992686539679e-08
-7.617003772378426e-08
4.17501352260978e-07
-2.13982035490177e-08
4.343168634194856e-07
-2.488791539484655e-08
4.456231713446061e-07
-1.38855547559618e-08
4.553336013432508e-07
7.583415670282215e-10
4.667783539299801e-07
1.374970368090781e-08
4.803738769751469e-07
2.180397452263407e-08
4.932654109463846e-07
2.213181304856189e-08
4.988030979657788e-07
1.298324992000555e-08
4.989855905059772e-07
3.542750845988231e-09
4.984810700850581e-07
-1.319175747020628e-09
4.986943276291418e-07
-3.067986906308382e-09
4.992681058083471e-07
-3.333773356927643e-09
4.999403493939816e-07
-2.348953369253458e-09
5.005610892729682e-07
4.232216970886751e-10
5.003960409668847e-07
6.304142126887001e-09
4.948235888536591e-07
1.722606674013407e-08
4.744601556387444e-07
3.365705017411091e-08
4.364371197844241e-07
5.311899311109061e-08
3.916535170839196e-07
7.180317071931227e-08
3.468231183266836e-07
8.901100632038366e-08
3.050371189651735e-07
1.044804072280487e-07
2.669932723409393e-07
1.182266297076811e-07
2.321658842335686e-07
1.301680608723537e-07
1.995947349821288e-07
1.400001627827642e-07
1.683313773152271e-07
1.471356782560557e-07
1.377196217107898e-07
1.506909687735844e-07
1.076151445946588e-07
1.495349226855681e-07
7.857825074585502e-08
1.424647959100723e-07
5.198088917996195e-08
1.286899256671146e-07
2.968388222769969e-08
1.084855242514536e-07
1.268275706377187e-08
8.617355422752999e-08
-2.005454646845878e-10
6.215081402528748e-08
-1.324942123806136e-10
2.380229342565138e-10
5.484305498611667e-10
-8.553214528869236e-10
8.991737530564525e-10
-9.011817182998549e-10
7.377544549331778e-10
-3.315849432839884e-10
3.952032290911843e-10
1.188748488217523e-10
1.255422184668736e-10
2.600463511477373e-10
-1.520179732723248e-11
2.076599519093761e-10
-5.399582767601441e-11
8.439071670793641e-11
-5.765026679117229e-12
-5.362115488483272e-11
1.538171384902182e-10
-1.783354922104334e-10
4.57926537739359e-10
-2.329102404901269e-10
8.497288892978899e-10
-9.946244540172277e-11
1.060444587472835e-09
3.214947500227017e-10
7.108758290534115e-10
8.277543341256731e-10
-1.257110165700252e-10
7.311336304740621e-10
-5.878281806180298e-10
-2.835273461136972e-10
1.251755775329355e-08
-3.930204228473349e-08
3.028514235663497e-08
-5.337230125147823e-08
5.414601724984523e-08
-6.768859489549115e-08
8.282635331451489e-08
-8.314932895005208e-08
1.145555480204201e-07
-9.480124884660352e-08
1.478354005536713e-07
-1.024616082877933e-07
1.817482943483745e-07
-1.070747635694456e-07
2.159107599378527e-07
-1.099562816041983e-07
2.503390131030519e-07
-1.121808661734288e-07
2.852660804065172e-07
-1.143650109172926e-07
3.209582830241469e-07
-1.165793367278018e-07
3.575579516949936e-07
-1.183455680924452e-07
3.949735462020725e-07
-1.187615324429471e-07
4.327168819527665e-07
-1.169772082216088e-07
4.695387883653878e-07
-1.13081832977239e-07
-1.092145083201142e-07
4.252593171741267e-07
-4.665752056320565e-08
4.455642946410987e-07
-4.51928927783426e-08
4.561418668445924e-07
-2.446312690361091e-08
4.641417724031745e-07
-7.241563942383795e-09
4.735515955803035e-07
4.339880551991226e-09
4.844425940403115e-07
1.091297611154762e-08
4.944891694623125e-07
1.20852376769244e-08
4.998068377212328e-07
7.665581713166616e-09
5.010514397208699e-07
2.298148900295148e-09
5.008693738962623e-07
-1.137109866645696e-09
5.005855248731134e-07
-2.784137825733513e-09
5.005039635097057e-07
-3.252211934680067e-09
5.008142579075906e-07
-2.659247707303885e-09
5.017745778657693e-07
-5.370982006524452e-10
5.029418241897221e-07
5.136895863341295e-09
4.992638036374406e-07
2.090408735237714e-08
4.803605226224917e-07
5.256033124779476e-08
4.429776727194144e-07
9.050184307137045e-08
3.98967292209008e-07
1.158135512845005e-07
3.553600295828018e-07
1.326182689989109e-07
3.15230763614314e-07
1.446096732454289e-07
2.791195556819858e-07
1.543378376858161e-07
2.462738143700749e-07
1.630138022259813e-07
2.154530010405736e-07
1.708209761507011e-07
1.85367780046824e-07
1.772208992839443e-07
1.549631982948584e-07
1.810955505567003e-07
1.236879753432416e-07
1.808101456643326e-07
9.183190954524461e-08
1.743208617330167e-07
6.096632579436499e-08
1.595555094397405e-07
3.39508712568051e-08
1.355009788097828e-07
1.391965253361691e-08
1.062047729695182e-07
-1.351955834979606e-09
7.742242241322735e-08
4.234208792560556e-10
-1.537353761031468e-09
1.619815206912138e-09
-2.051715759185923e-09
1.371762607127606e-09
-6.531290957270769e-10
6.505981284138323e-10
3.895795626843958e-10
1.492953064910021e-10
6.201777015576856e-10
-6.378884858861759e-11
4.731305437251466e-10
-1.254279120962147e-10
2.692990588139477e-10
-1.346134856695973e-10
9.357634266493877e-11
-1.167853467733245e-10
-7.144923302959532e-11
-3.247777129591953e-11
-2.626429956696635e-10
2.265867753397243e-10
-4.919747042560227e-10
7.883600592448683e-10
-6.612356330316867e-10
1.541705047428353e-09
-4.318501286381198e-10
1.73215153673263e-09
6.373079697218626e-10
3.887956027861664e-10
2.07448970484173e-09
-1.49277278474845e-09
1.598041199151845e-09
1.488018273646552e-08
-5.567499763023333e-08
3.634564988180673e-08
-7.483776820215589e-08
6.56828682110085e-08
-9.702581300971423e-08
9.962948522306698e-08
-1.170959457271879e-07
1.352231520049625e-07
-1.303949153715847e-07
1.706228879473352e-07
-1.378613439552029e-07
2.051208299142406e-07
-1.415727052406816e-07
2.387252206020707e-07
-1.43560671983129e-07
2.718629046966736e-07
-1.453185499392014e-07
3.051569492964334e-07
-1.476590551909629e-07
3.392524716378013e-07
-1.506748587486145e-07
3.746400816346024e-07
-1.537331777985798e-07
4.114117138973511e-07
-1.555331644167934e-07
4.488616687358626e-07
-1.544271628247226e-07
4.850228555037545e-07
-1.492430196304129e-07
-1.410463924814472e-07
4.303376397237753e-07
-7.699516033236209e-08
4.414355945454035e-07
-5.62908475558387e-08
4.400835633833587e-07
-2.311109567094169e-08
4.398598700016777e-07
-7.017870483637089e-09
4.43927101951936e-07
2.726486806408782e-10
4.506587319502878e-07
4.181346193376619e-09
4.57393503945523e-07
5.350465762829189e-09
4.61435961109449e-07
3.623124631618138e-09
4.6269681038951e-07
1.037299703553387e-09
4.624670145608436e-07
-9.073139536074381e-10
4.616771040639184e-07
-1.994227243870439e-09
4.60761075951893e-07
-2.336183737243873e-09
4.600991204393245e-07
-1.997292109489326e-09
4.605624796347266e-07
-1.000457311249609e-09
4.632139496746781e-07
2.485425907070382e-09
4.635070211531063e-07
2.061101595608223e-08
4.490268581094104e-07
6.704049437148049e-08
4.142052728935953e-07
1.25323428364531e-07
3.751686088605349e-07
1.54850215391918e-07
3.385683096668248e-07
1.692185682634422e-07
3.060742748333013e-07
1.771037081462601e-07
2.773812307705643e-07
1.830308818117661e-07
2.513231202308931e-07
1.890719128252365e-07
2.26438905681363e-07
1.957051907555925e-07
2.012071999728241e-07
2.024526050445607e-07
1.741946269447054e-07
2.081081236330075e-07
1.442574625609963e-07
2.107473100937505e-07
1.109195022042053e-07
2.076588221324286e-07
7.516523332633957e-08
1.953097783589752e-07
4.027966412391361e-08
1.703865480516771e-07
1.440119612281289e-08
1.320832410103565e-07
-9.938221888101274e-10
9.281744076423806e-08
3.283021763490141e-09
-5.814197671878862e-09
2.918577234377741e-09
-1.687271187252986e-09
1.112016013037245e-09
1.15343217245514e-09
8.651024008607784e-11
1.415085385812884e-09
-1.841349019463942e-10
8.908228998872959e-10
-1.810010838667475e-10
4.699967874415397e-10
-1.431060407664623e-10
2.314040857841546e-10
-1.281129188255115e-10
7.85832985532191e-11
-1.394921509531347e-10
-6.006991270688811e-11
-1.64667458259702e-10
-2.374675901879274e-10
-1.350406223220815e-10
-5.21601429782537e-10
1.928923440499658e-10
-9.891684769849209e-10
1.275893618219871e-09
-1.514851266652377e-09
3.079209542899813e-09
-1.166007805081928e-09
3.354433872573605e-09
1.799265539987291e-09
-9.61062974207107e-10
5.913538225975254e-09
1.605648833293377e-08
-7.269254874167811e-08
4.40650163714916e-08
-1.028462960285266e-07
8.209765414824192e-08
-1.350584505585585e-07
1.218099083325746e-07
-1.568081996666251e-07
1.597247240786012e-07
-1.683097308584664e-07
1.945464304077034e-07
-1.726830500096963e-07
2.263603223285987e-07
-1.733865968782177e-07
2.558525131541084e-07
-1.730528625139184e-07
2.839589834077346e-07
-1.73425019896852e-07
3.116974250878887e-07
-1.753974965714026e-07
3.400782627240743e-07
-1.790556961134167e-07
3.699989850100072e-07
-1.836538998580563e-07
4.019932450064692e-07
-1.875274242513385e-07
4.356607591946374e-07
-1.880946769140456e-07
4.685806746276122e-07
-1.821629350199392e-07
-1.691559618592175e-07
4.187947868949349e-07
-9.578994700982426e-08
4.030484180391849e-07
-4.054447855173432e-08
3.8644608204292e-07
-6.508759551109645e-09
3.783360908665413e-07
1.092120810492494e-09
3.76834332108714e-07
1.774407555637768e-09
3.787892080223879e-07
2.226470396423741e-09
3.817080587508582e-07
2.431615151758036e-09
3.836163745857738e-07
1.714808913714567e-09
3.84030751358685e-07
6.229230481684314e-10
3.833482489464044e-07
-2.248114246461008e-10
3.819699662963996e-07
-6.159444772176698e-10
3.800871069648747e-07
-4.533242906494376e-10
3.77814077948817e-07
2.757370207699022e-10
3.758586258570812e-07
9.549948921971196e-10
3.766876524778501e-07
1.656399396127158e-09
3.79021863222351e-07
1.827680531798014e-08
3.755971458402438e-07
7.046521185706429e-08
3.478727176503189e-07
1.53047856653669e-07
3.20503728468214e-07
1.822192046694843e-07
2.979946652985887e-07
1.917276315238241e-07
2.794008700667702e-07
1.956975034645933e-07
2.63398864319915e-07
1.990328876403862e-07
2.486413554491693e-07
2.038294217734338e-07
2.337852252839582e-07
2.105613209939203e-07
2.173858294782158e-07
2.188520009194762e-07
1.978446648775926e-07
2.276492882993191e-07
1.734261235845173e-07
2.351658514493593e-07
1.424361270993744e-07
2.38648818677862e-07
1.039737893086117e-07
2.337721162080308e-07
5.961272313394569e-08
2.147476142839682e-07
2.269466608296818e-08
1.690012981184606e-07
1.135334536742533e-08
1.041587615380454e-07
8.564056952583612e-09
-3.024909197543492e-09
2.175956049741667e-09
4.70082977818717e-09
-3.362028272646263e-10
3.665591115128394e-09
-5.19968409498992e-10
1.598851038883665e-09
-2.841850896931829e-10
6.550396560208443e-10
-1.411899932024965e-10
3.270017741682967e-10
-8.566360021120423e-11
1.758777832239526e-10
-7.139863418232638e-11
6.431843226693715e-11
-8.590833629836491e-11
-4.556010158357631e-11
-1.445973574067511e-10
-1.787784489739184e-10
-2.884159625188294e-10
-3.777826934906415e-10
-4.955447781019256e-10
-7.82039517780101e-10
-2.086806899529133e-10
-1.801715198707508e-09
2.470480119003618e-09
-3.845168444696668e-09
8.901222807673235e-09
-4.631476965976242e-09
1.134003524438362e-08
3.474725985456899e-09
2.516607358651024e-08
-8.65185868738272e-08
6.473182154838647e-08
-1.424120437675077e-07
1.128881727733108e-07
-1.832148015471617e-07
1.559713165230384e-07
-1.998913431687139e-07
1.921458494318441e-07
-2.044842635076988e-07
2.220086471008106e-07
-2.025458474116874e-07
2.469382433700717e-07
-1.983161928732391e-07
2.683537881904214e-07
-1.944684070581374e-07
2.875523751223651e-07
-1.926236065507078e-07
3.057130282870739e-07
-1.935581494669214e-07
3.239581728635046e-07
-1.973008404472344e-07
3.434181500766909e-07
-2.031138768798362e-07
3.651986591184847e-07
-2.093079331811696e-07
3.899453591685927e-07
-2.128413769312256e-07
4.159067562019688e-07
-2.08124332194088e-07
-1.898427265376539e-07
2.98681121044691e-07
5.528931974044264e-09
2.654034722474203e-07
-7.266829630276491e-09
2.62294505393663e-07
-3.399792546662829e-09
2.618377659829895e-07
1.548860379352266e-09
2.615383020544274e-07
2.073871642614527e-09
2.625238994824711e-07
1.240873127946213e-09
2.642800303757969e-07
6.754844158087156e-10
2.656454046822777e-07
3.494347649788748e-10
2.661267982689888e-07
1.415296159862397e-10
2.658256988545914e-07
7.628814404702037e-11
2.650370261045872e-07
1.727284228846105e-10
2.641698895814248e-07
4.138123816194109e-10
2.635787492940961e-07
8.668774520094668e-10
2.616194744094852e-07
2.914269918851673e-09
2.509270602156514e-07
1.234881372589833e-08
2.307685968334669e-07
3.843526883336274e-08
2.140711517567672e-07
8.716265706007955e-08
2.262463461620313e-07
1.40872662371269e-07
2.320431649376027e-07
1.764223860094971e-07
2.362452969082575e-07
1.875254996649418e-07
2.38927839256298e-07
1.930149612210967e-07
2.403057019492465e-07
1.97655025048205e-07
2.403884140107274e-07
2.037467098060024e-07
2.388633394041471e-07
2.120863956912184e-07
2.350137286753843e-07
2.227016117331779e-07
2.276798221265365e-07
2.349831949305947e-07
2.152109122257095e-07
2.476347614281463e-07
1.954331546826992e-07
2.584265762974662e-07
1.659500095591973e-07
2.632552614052919e-07
1.257750800511667e-07
2.549225438658111e-07
8.573185239763732e-08
2.090445258448523e-07
6.14527434374659e-08
1.284378705728368e-07
8.364413788516064e-09
5.006342052716971e-08
-1.900541403536264e-09
1.496578504953183e-08
-1.179565212648055e-09
2.944615006798927e-09
-2.794163628364616e-10
6.987022770386834e-10
-7.20094558102567e-11
4.476328423987757e-10
-4.078968862066091e-11
2.957821077231883e-10
-2.470297021983351e-11
1.59791173104001e-10
-1.740340097256816e-11
5.701898049642591e-11
-2.406159625692637e-11
-3.890177943393416e-11
-4.900704643911641e-11
-1.538328611340162e-10
-1.082626970706997e-10
-3.18526894421479e-10
-3.443243310090842e-10
-5.459777234800022e-10
-1.169983947424347e-09
-9.760554104199075e-10
-1.561163180993228e-09
-3.453989026807276e-09
9.162417619516093e-09
-1.53550575706445e-08
6.132300824338362e-08
-4.868586443032348e-08
8.909565434486557e-08
-1.142912327566827e-07
1.322317014525246e-07
-1.855480906453331e-07
1.766501223068232e-07
-2.276332221630011e-07
2.111531858849881e-07
-2.343944064992763e-07
2.364304523626537e-07
-2.297615297322725e-07
2.546191022499834e-07
-2.207344970407032e-07
2.676760810197225e-07
-2.113731713844447e-07
2.770973042111235e-07
-2.03889629991675e-07
2.839935739910569e-07
-1.995198760768106e-07
2.891993342977107e-07
-1.987639095290294e-07
2.934079626315536e-07
-2.015094685601057e-07
2.973369791502074e-07
-2.070428932361251e-07
3.019223063623775e-07
-2.138932603163479e-07
3.082474020296935e-07
-2.191664727065738e-07
3.167037222365539e-07
-2.165806523303832e-07
-1.900153824549552e-07
7.166699225546693e-09
-1.637766977827801e-09
-2.386779973879593e-10
1.38547822405686e-10
-2.762152174141226e-09
-8.763181553171719e-10
-1.176987862435084e-09
-3.630372253677103e-11
4.674191277243915e-11
8.501420776570724e-10
3.135552198050445e-10
9.740600272191162e-10
2.702621667408846e-10
7.187776748571024e-10
1.811225887790376e-10
4.38574543303967e-10
7.458504970516214e-11
2.480673540920252e-10
-3.323705758086678e-11
1.841104433860456e-10
-1.338280882225672e-10
2.73319643329204e-10
-3.211304724671414e-10
6.011149476020788e-10
-9.043051424533366e-10
1.450052300637319e-09
-1.053991330972055e-09
3.063956277128236e-09
7.815295445149148e-09
3.479527115711302e-09
4.966850024976811e-08
-3.417935814736954e-09
7.318208434176775e-08
6.364907312024379e-08
1.080577015342801e-07
1.05997045321297e-07
1.444979842436705e-07
1.399821034381138e-07
1.736591919672694e-07
1.583642920699802e-07
1.96423707491017e-07
1.702504458216519e-07
2.146292044638787e-07
1.794495281909502e-07
2.297232612925968e-07
1.886526530891239e-07
2.425335657684478e-07
1.992760913195845e-07
2.533538230450201e-07
2.118813545579727e-07
2.620613106736635e-07
2.262757073971162e-07
2.682421935057302e-07
2.414538786896036e-07
2.71367641344921e-07
2.553011285472988e-07
2.709785004329331e-07
2.636444024060937e-07
2.67103305482223e-07
2.587977389027503e-07
2.538624907149836e-07
2.222853406997703e-07
2.744086699939501e-07
1.078916913811213e-07
2.949022485970715e-07
2.956984201457711e-08
3.074353542194969e-07
2.43267951940899e-09
3.099816553184727e-07
3.983140052312408e-10
3.108072103518252e-07
-1.268526549230008e-10
3.119127092362486e-07
-6.578659336812927e-10
3.129572520883056e-07
-7.487606298824278e-10
3.136419548623019e-07
-5.249114777430541e-10
3.139172213278461e-07
-2.182473539023871e-10
3.1379603363767e-07
8.228605206901706e-11
3.132815513067621e-07
3.606496205452255e-10
3.124257501009087e-07
5.372744734010002e-10
3.115105301256378e-07
3.692424239882423e-10
3.108882243786188e-07
-3.537494796413855e-10
3.086907298023877e-07
-1.256494256620796e-09
2.96647815286818e-07
-3.312142849997871e-09
2.752470766159689e-07
-2.728512554521612e-08
2.573244568867443e-07
-9.636861280347239e-08
2.744851995751687e-07
-2.027088331027256e-07
2.830231071666395e-07
-2.36171129516105e-07
2.885727357734837e-07
-2.399440348636971e-07
2.909312348394587e-07
-2.321200285518655e-07
2.903580197957341e-07
-2.20161281750912e-07
2.872232704143587e-07
-2.082384217580143e-07
2.818365459879199e-07
-1.985029053248928e-07
2.742967506335161e-07
-1.919800804875232e-07
2.643738720613104e-07
-1.888410307327311e-07
2.513497178858566e-07
-1.884853141865316e-07
2.336949233517878e-07
-1.893880985507695e-07
2.08466653506905e-07
-1.886649904165319e-07
1.700948314561616e-07
-1.807946505505311e-07
1.086681905324406e-07
-1.551540115687965e-07
-8.134719185376818e-08
3.596964443255263e-10
-1.997463273661724e-09
3.739952068480412e-10
1.242492920583548e-10
-7.870568404684274e-10
2.847341470461804e-10
-8.738254217257489e-10
5.046511635923682e-11
-3.152210563998832e-10
2.915379714732226e-10
1.00151984868032e-10
5.586872391674336e-10
2.288039332024907e-10
5.901259785894352e-10
1.891894603798611e-10
4.781892589350471e-10
7.384496051307573e-11
3.634120947052536e-10
-7.464096143548944e-11
3.325965944427087e-10
-2.481613482738537e-10
4.468402567813178e-10
-3.998818441585877e-10
7.528356566449271e-10
-7.615179325575384e-11
1.126322460274869e-09
2.189251113346853e-09
7.985535663109315e-10
7.28910554307347e-09
-1.62032712068526e-09
8.750794464753787e-09
-4.879624558638101e-09
2.015348408144318e-08
5.224638367923321e-08
5.271588820683717e-08
7.343464135575363e-08
9.293129588477609e-08
9.976669591858922e-08
1.299708554448831e-07
1.213247326526963e-07
1.626942349995515e-07
1.375270664092948e-07
1.917864253951654e-07
1.503573379227781e-07
2.184030215173539e-07
1.620360570950374e-07
2.43569701315405e-07
1.741094116359304e-07
2.680966189219237e-07
1.87354437067887e-07
2.926633340731288e-07
2.017089923501852e-07
3.180120300449201e-07
2.161051828256349e-07
3.452164522900631e-07
2.280967063996716e-07
3.757761177247101e-07
2.330847370740898e-07
4.112357837097291e-07
2.233380730121686e-07
4.466809189375106e-07
1.868402055732069e-07
4.49850532842409e-07
1.047220775716534e-07
4.45065745095571e-07
3.435462986532538e-08
4.429145390153882e-07
4.583885700227671e-09
4.451949986440235e-07
-1.882145512732265e-09
4.481865485967654e-07
-3.11840249771986e-09
4.506226427128282e-07
-3.093959928373287e-09
4.523466481594194e-07
-2.472765953339128e-09
4.533980980523185e-07
-1.57636123496365e-09
4.538135085706785e-07
-6.336577325593923e-10
4.536152707985871e-07
2.805239770990437e-10
4.528122527891287e-07
1.163667788779217e-09
4.513973409200149e-07
1.952186514606918e-09
4.493491754777619e-07
2.417408045294746e-09
4.467850497827347e-07
2.2103764070592e-09
4.447878724738855e-07
7.406832511064738e-10
4.467408108769496e-07
-5.265081043160821e-09
4.513196220248434e-07
-3.186393647690589e-08
4.50154619489219e-07
-9.520361004329275e-08
4.189721683738712e-07
-1.71526381758579e-07
3.88311527101258e-07
-2.055104880096772e-07
3.628377714441555e-07
-2.144702789715901e-07
3.408464316624482e-07
-2.10128688534104e-07
3.206826216921823e-07
-1.99997471547367e-07
3.011270920808323e-07
-1.886828919166019e-07
2.813126834796889e-07
-1.786884965004505e-07
2.60459220015215e-07
-1.711266168057165e-07
2.376647031284647e-07
-1.660465136402093e-07
2.117111851784692e-07
-1.625317960494859e-07
1.808967778101921e-07
-1.58573691033262e-07
1.42992852779196e-07
-1.507610652708966e-07
9.58565154598041e-08
-1.336583132549681e-07
4.063931036120718e-08
-9.993680628300488e-08
-4.070788146946778e-08
-7.952634654805324e-10
-1.202199487346963e-09
-3.232617339403336e-10
-3.477521143775385e-10
-2.566844428494154e-10
2.181571672758709e-10
-4.119528120247217e-10
2.057338028384469e-10
-3.182114966381357e-10
1.977969595385407e-10
-8.124498062977052e-11
3.217210324187003e-10
8.090274418921258e-11
4.279785434255101e-10
1.083789329133938e-10
4.507133653621062e-10
4.029755885870028e-11
4.314937399299165e-10
-5.938051268996845e-11
4.322749428494315e-10
-9.006473300889902e-11
4.775247268109123e-10
1.7357221982761e-10
4.891989597219778e-10
1.097757214831552e-09
2.021376919549555e-10
2.59632447969593e-09
-7.000134648945878e-10
2.752017209473633e-09
-1.776019647154596e-09
-9.146033169477656e-10
-1.213003820958309e-09
1.306893930131832e-08
3.826284124157109e-08
3.628735248018357e-08
5.021622836653112e-08
6.838965908641753e-08
6.766438947180479e-08
1.029879142280752e-07
8.672647768073119e-08
1.376498954082009e-07
1.02865085369721e-07
1.716170732145096e-07
1.163901602685422e-07
2.051411718265557e-07
1.285119586074905e-07
2.388482285514782e-07
1.404023550483273e-07
2.734775133831743e-07
1.527251523479539e-07
3.097913635950365e-07
1.65395142264177e-07
3.485574375946419e-07
1.773391089287296e-07
3.904770916344659e-07
1.86177052477821e-07
4.357449147820597e-07
1.878169140240504e-07
4.828541644231821e-07
1.762288234849275e-07
5.248034093275833e-07
1.448909607653297e-07
5.419267526611074e-07
8.759873435195994e-08
5.406262110894218e-07
3.565517153685183e-08
5.367936233162362e-07
8.416473591311913e-09
5.362846513330776e-07
-1.373173422224154e-09
5.374246386721133e-07
-4.25838971088689e-09
5.387806383910889e-07
-4.449959528559268e-09
5.398708225414924e-07
-3.56294996629516e-09
5.405808774348176e-07
-2.286415994616056e-09
5.408853818724899e-07
-9.381620181962008e-10
5.407865579518727e-07
3.793480488859623e-10
5.403090650392628e-07
1.641160870073274e-09
5.395018483228082e-07
2.75940340112585e-09
5.384740907760571e-07
3.445165778100662e-09
5.376167317763139e-07
3.067735595555526e-09
5.381449136298579e-07
2.125016000165093e-10
5.416175767816483e-07
-8.737743989701224e-09
5.430087188503062e-07
-3.325507832978417e-08
5.281732249733916e-07
-8.036811594908884e-08
4.902768506505124e-07
-1.336300072117022e-07
4.47766385311301e-07
-1.630000224474417e-07
4.072893264188447e-07
-1.739932198534694e-07
3.70126010195283e-07
-1.729653720891018e-07
3.359109998579408e-07
-1.65782460989802e-07
3.037658268411202e-07
-1.565377186871094e-07
2.727320407905393e-07
-1.476547102408146e-07
2.41838520380008e-07
-1.402330961956439e-07
2.100823183158555e-07
-1.342903113840342e-07
1.764252201272676e-07
-1.288746976874494e-07
1.399163505059375e-07
-1.220648212656285e-07
1.001277287962613e-07
-1.10972443450905e-07
5.837232557681324e-08
-9.190290985845902e-08
2.01266359664041e-08
-6.169111662259917e-08
-2.058124540501302e-08
-5.846352930988647e-10
-6.175639080037219e-10
-5.403329277108785e-10
-3.920541351650709e-10
-3.012373839310241e-10
-2.09380246904404e-11
-2.407578321972981e-10
1.452546007010892e-10
-2.240296549842889e-10
1.810691259768302e-10
-1.38241782121551e-10
2.359334964189431e-10
-3.279649530425453e-11
3.225335833683121e-10
2.563911879331506e-11
3.922780690694145e-10
3.520863105859744e-11
4.219245324150372e-10
5.941682170467375e-11
4.080670467726673e-10
2.163863052701951e-10
3.205555227690982e-10
6.306607198384449e-10
7.492481408573757e-11
1.227647002248948e-09
-3.948483376633316e-10
1.417925833213986e-09
-8.902920533848773e-10
4.341441915167181e-10
-7.922377794149879e-10
-9.689713727619262e-10
1.901119598396075e-10
1.238910592896178e-08
2.490476414025725e-08
3.007070585626526e-08
3.253462863132238e-08
5.471137443542638e-08
4.302372106952727e-08
8.426755743543263e-08
5.717029485076934e-08
1.168139914407546e-07
7.031865152052204e-08
1.512408320158775e-07
8.196331984433753e-08
1.872691021116625e-07
9.248368865030203e-08
2.251059370715531e-07
1.025655202235734e-07
2.651952070890776e-07
1.126358824550945e-07
3.080285320169613e-07
1.225618174593101e-07
3.539590593165613e-07
1.314085817437083e-07
4.029087092845368e-07
1.372274026246238e-07
4.53776070085337e-07
1.369495533317575e-07
5.033900369687101e-07
1.266148567121267e-07
5.451249460783286e-07
1.031560517622996e-07
5.671932565765322e-07
6.553042396431041e-08
5.725159735061959e-07
3.033245471606821e-08
5.7197661622559e-07
8.95583098657944e-09
5.713280874313123e-07
-7.246445127376115e-10
5.712378605932979e-07
-4.168162750194953e-09
5.714021705727214e-07
-4.61426938272497e-09
5.716086930143144e-07
-3.769472273704357e-09
5.717696398921634e-07
-2.447362734009226e-09
5.71849262441452e-07
-1.017784419014288e-09
5.718384418124641e-07
3.901688317935788e-10
5.717511064126765e-07
1.728496434348667e-09
5.716232366933117e-07
2.887273290901206e-09
5.715243552235751e-07
3.544047428652503e-09
5.716146104882794e-07
2.977480517181965e-09
5.721346893933786e-07
-3.075771094021075e-10
5.725427459565924e-07
-9.145800353185163e-09
5.677804497625986e-07
-2.849278192884871e-08
5.479728458785412e-07
-6.056051185658391e-08
5.098517963815787e-07
-9.550895750213806e-08
4.643751860524357e-07
-1.175234119073963e-07
4.177992961547272e-07
-1.274173297442646e-07
3.730141990048211e-07
-1.281802747325785e-07
3.309001407832735e-07
-1.23668402564264e-07
2.913094171362549e-07
-1.16946994843037e-07
2.536439425030466e-07
-1.09989235415168e-07
2.171366590773152e-07
-1.037258125848375e-07
1.810188618981575e-07
-9.817251402649294e-08
1.446806336323087e-07
-9.253646925748101e-08
1.079252016359941e-07
-8.530938912650579e-08
7.142448196889362e-08
-7.44717236589377e-08
3.752682657007724e-08
-5.800525438169339e-08
1.112043705958805e-08
-3.528472690433152e-08
-9.460808280162557e-09
-3.12876932648969e-10
-3.046866150905449e-10
-4.32323653359077e-10
-2.726070365552659e-10
-3.381963181826135e-10
-1.150649650238703e-10
-2.330133610538441e-10
4.007201165020413e-11
-1.822334753440004e-10
1.302896263087671e-10
-1.366355628618722e-10
1.903359332393644e-10
-7.059958273991412e-11
2.564979730200343e-10
3.09966768098271e-12
3.185791438211032e-10
8.325368410429561e-11
3.417708640545493e-10
2.039340032440057e-10
2.87387025022123e-10
4.062659712348348e-10
1.182238773526287e-10
6.552512278609152e-10
-1.740601749158569e-10
7.549579342667268e-10
-4.945547490817629e-10
4.671450914390966e-10
-6.024789731181722e-10
-1.892966815061733e-11
-3.061627529834446e-10
3.661793542463961e-11
1.345645644465508e-10
1.052879147971759e-08
1.441259083540771e-08
2.447898180105608e-08
1.858443849093673e-08
4.351801584588601e-08
2.398468723862054e-08
6.762136375604687e-08
3.306694709728829e-08
9.587060704156964e-08
4.20694084260814e-08
1.274601871650646e-07
5.037373985681078e-08
1.619958689074726e-07
5.794800707939149e-08
1.994307887402297e-07
6.513060051008335e-08
2.399131713068765e-07
7.21535000440226e-08
2.8358425211196e-07
7.889073676111387e-08
3.303236003132925e-07
8.466923368596194e-08
3.794014444677966e-07
8.81495585691526e-08
4.289935225673662e-07
8.735747536790496e-08
4.756045618220344e-07
8.00038175532774e-08
5.139633757920168e-07
6.479723792439164e-08
5.372773389154666e-07
4.221646093809752e-08
5.468862644909096e-07
2.072352927326492e-08
5.493284182322702e-07
6.513677348312165e-09
5.492842472520099e-07
-6.804733952808118e-10
5.485708097456847e-07
-3.45472513087398e-09
5.478103707205815e-07
-3.853830212251046e-09
5.472048692545983e-07
-3.163970681380391e-09
5.468185864167968e-07
-2.061079739663576e-09
5.466606796641297e-07
-8.598775241409415e-10
5.467249243832203e-07
3.259242824775451e-10
5.47002630649336e-07
1.450790327573114e-09
5.47471005242384e-07
2.41889888164148e-09
5.480546677760927e-07
2.960385071089283e-09
5.485479314022262e-07
2.484217088019663e-09
5.483791302283334e-07
-1.387757448236075e-10
5.459477246676238e-07
-6.714394585121907e-09
5.370749463364854e-07
-1.962000339696467e-08
5.157634937417292e-07
-3.924905904898231e-08
4.804530321352625e-07
-6.019849569124514e-08
4.373828433083175e-07
-7.445322286853073e-08
3.914644954606402e-07
-8.149898169565345e-08
3.458886898297714e-07
-8.260446889722177e-08
3.022240450830213e-07
-8.000375762582197e-08
2.609443288346952e-07
-7.566727840212213e-08
2.218995018011128e-07
-7.094440820148722e-08
1.846629356601782e-07
-6.648924626427044e-08
1.488006384283244e-07
-6.231021662708722e-08
1.141137518774535e-07
-5.784958254660316e-08
8.090056788349416e-08
-5.209620499517589e-08
5.025361069507513e-08
-4.382476635390821e-08
2.435629205796514e-08
-3.21079355798679e-08
6.438951663323755e-09
-1.736738638148104e-08
-3.021856519469742e-09
-1.605316727500255e-10
-1.441545965032486e-10
-2.805496853002119e-10
-1.52588631407955e-10
-2.933173182382844e-10
-1.022969538884919e-10
-2.394474217701613e-10
-1.379749729001582e-11
-1.801767364841284e-10
7.101930426735676e-11
-1.249644634055108e-10
1.351240323980299e-10
-5.562100298033523e-11
1.87154855415774e-10
3.75401385086265e-11
2.254183543663859e-10
1.545090727616367e-10
2.248022483774515e-10
2.89959651351451e-10
1.519367743668822e-10
4.13815762688214e-10
-5.631942374264441e-12
4.460760904618231e-10
-2.063202014514747e-10
2.991153209635703e-10
-3.475937163417834e-10
3.501704015287683e-11
-3.383804189671037e-10
-4.650498302147245e-11
-2.246404950323303e-10
2.395115683491968e-10
-1.514517413705773e-10
7.595348961676175e-09
7.05675364946968e-09
1.794507175702078e-08
8.234715914676202e-09
3.178462748630006e-08
1.014513169152838e-08
4.98956706910348e-08
1.495590408752572e-08
7.213372026229329e-08
1.983135901484688e-08
9.808224870199526e-08
2.442521159108765e-08
1.274134521219486e-07
2.861680380097278e-08
1.599775562339238e-07
3.256649655477303e-08
1.957385275075415e-07
3.639252889759233e-08
2.346030488509515e-07
4.002621556113326e-08
2.761723584030405e-07
4.309992425118168e-08
3.194314458335731e-07
4.489047127316618e-08
3.624199561033612e-07
4.436896521021792e-08
4.020081498673016e-07
4.041562391950106e-08
4.34258833893817e-07
3.254655400948306e-08
4.552014689349789e-07
2.127382602718252e-08
4.654607955869812e-07
1.046420273687852e-08
4.689294805884221e-07
3.044992481373038e-09
4.691085963794778e-07
-8.595890626245151e-10
4.680153175764295e-07
-2.361446185326709e-09
4.666691427800879e-07
-2.507655280598454e-09
4.655270917257139e-07
-2.021919473421995e-09
4.647701615821416e-07
-1.304149446564119e-09
4.644488379324814e-07
-5.385537076901861e-10
4.645621025974762e-07
2.126597826442105e-10
4.650836612293144e-07
9.29231876588243e-10
4.659426204345075e-07
1.559939857162471e-09
4.669544896906122e-07
1.948516009192818e-09
4.676900573310294e-07
1.748649641982503e-09
4.672270188951453e-07
3.24262896043886e-10
4.637658793676127e-07
-3.253254853509063e-09
4.541518821829633e-07
-1.000600600123734e-08
4.347892020507688e-07
-1.988637870903029e-08
4.049169910611766e-07
-3.032628449095431e-08
3.681441679263975e-07
-3.768039952956743e-08
3.280967826805288e-07
-4.145159624650882e-08
2.876161369232508e-07
-4.212382294583838e-08
2.484051218807247e-07
-4.079274239261267e-08
2.112233509029938e-07
-3.848550724352268e-08
1.762084909033297e-07
-3.592954802504555e-08
1.431984352170733e-07
-3.347919040956298e-08
1.120183942799391e-07
-3.113017552613028e-08
8.273325660670125e-08
-2.856444472144027e-08
5.586351624158343e-08
-2.522646449616329e-08
3.252528551003614e-08
-2.048653550220119e-08
1.439472846573046e-08
-1.397737842086798e-08
3.26201657392783e-09
-6.234674293725606e-09
2.401601452078447e-10
-8.885853602252948e-11
-5.52957721882367e-11
-1.787139105182145e-10
-6.273293138415117e-11
-2.293907629206096e-10
-5.161978612440237e-11
-2.254593921181016e-10
-1.772854595427581e-11
-1.816133799015133e-10
2.717359614640285e-11
-1.133763342008515e-10
6.688729781847112e-11
-2.254552955905011e-11
9.632433969408197e-11
9.045924948418784e-11
1.124138720363347e-10
2.120027975847064e-10
1.032589713005666e-10
3.094160586363119e-10
5.452379270844747e-11
3.342220983471781e-10
-3.043773115321072e-11
2.441969337095146e-10
-1.162947769779978e-10
5.205343631243882e-11
-1.554499895295425e-10
-1.380376730945847e-10
-1.482890706596452e-10
-1.8510191340525e-10
-1.775760473760558e-10
-3.585434942471096e-11
-3.006990878298829e-10
4.646542401579857e-09
2.374357084118523e-09
1.088525045367232e-08
1.99600805926433e-09
1.899382575366428e-08
2.036556556836466e-09
3.021001394855691e-08
3.739716069963172e-09
4.475058784597306e-08
5.290785264559647e-09
6.24064719799529e-08
6.769327617365871e-09
8.292959452740778e-08
8.093681385366911e-09
1.061615426149212e-07
9.334548613377506e-09
1.320146531843408e-07
1.053941844820569e-08
1.603448477468854e-07
1.169602113401259e-08
1.907527617826227e-07
1.269201032756471e-08
2.223468749467787e-07
1.329635823756417e-08
2.53535901865934e-07
1.317993839945629e-08
2.819691158861842e-07
1.198241002495631e-08
3.049444429541267e-07
9.571227050442526e-09
3.20113927649918e-07
6.104341458195644e-09
3.277875277760031e-07
2.790602724179694e-09
3.302991385987227e-07
5.333817901785937e-10
3.300584944186202e-07
-6.189447611224553e-10
3.287062001420439e-07
-1.009151769348727e-09
3.271727285195528e-07
-9.741835257864665e-10
3.259032189421249e-07
-7.524097462449846e-10
3.250718324658016e-07
-4.727628249801683e-10
3.24723299680319e-07
-1.900207606019111e-10
3.248532225398019e-07
8.273708222022099e-11
3.254356662956599e-07
3.467882944893214e-10
3.264030960707538e-07
5.925102543725842e-10
3.27577417184421e-07
7.741950802627067e-10
3.285450578512105e-07
7.810091585030797e-10
3.284653274435539e-07
4.039934964926398e-10
3.258677191850525e-07
-6.556464048573781e-10
3.185736979825515e-07
-2.711984602722843e-09
3.044255253548412e-07
-5.738205890343478e-09
2.83040921974376e-07
-8.941680917619691e-09
2.565440917958342e-07
-1.11835691661662e-08
2.274069474202106e-07
-1.231445168762572e-08
1.977527845224599e-07
-1.246965987495688e-08
1.689620532276015e-07
-1.200201092799297e-08
1.417172882253565e-07
-1.124074208162215e-08
1.162071173305178e-07
-1.041937697383589e-08
9.237632716867285e-08
-9.648400098802342e-09
7.016584318166958e-08
-8.919691393706007e-09
4.972224217679125e-08
-8.1208435827006e-09
3.155601582548798e-08
-7.060238026856163e-09
1.659343860212127e-08
-5.523958174409353e-09
6.012118512950646e-09
-3.396058183831329e-09
6.828752619920937e-10
-9.054308670865721e-10
9.230354865816085e-10
-5.529564468746836e-11
-1.180284483984813e-10
-1.696480992226127e-10
-1.873765209483767e-10
-1.60202792424943e-10
-9.331537570992861e-11
3.009091982156826e-12
1.154230765821356e-10
2.186821702086018e-10
2.732060682105984e-10
2.427684525550684e-10
1.264737728505013e-10
-2.897610889990094e-11
-1.772650907755215e-10
-3.548410386360864e-10
-6.555400462938959e-10
1.718817128937127e-09
3.714825260048683e-09
5.751381899896944e-09
9.491098034075937e-09
1.478188337424685e-08
2.155121104925426e-08
2.964489250387816e-08
3.897944116969067e-08
4.951885968213092e-08
6.121488086498958e-08
7.390689125331788e-08
8.720324953792808e-08
1.003831879963621e-07
1.123655980684132e-07
1.21936825177741e-07
1.280411666848389e-07
1.308317694693811e-07
1.313651513118304e-07
1.307462066139305e-07
1.297370549015227e-07
1.287628714429368e-07
1.280104617592333e-07
1.275376990061641e-07
1.273476783141424e-07
1.274304154732218e-07
1.277772038421673e-07
1.283697141779798e-07
1.291439093376911e-07
1.299249185811147e-07
1.30328912160331e-07
1.296732658419428e-07
1.269612813226592e-07
1.212230755176542e-07
1.122813946811258e-07
1.010978255962759e-07
8.878337398476601e-08
7.631371418517135e-08
6.431170332737447e-08
5.307096131500722e-08
4.265158440664838e-08
3.300318437267844e-08
2.408349303981438e-08
1.596264951233794e-08
8.902411531913728e-09
3.37845340933358e-09
-1.760469887670783e-11
-9.230354865816129e-10
)
;

boundaryField
{
    inletLower
    {
        type            calculated;
        value           nonuniform List<scalar> 8(-3.999999999999997e-07 -4.000000000000004e-07 -3.999999999999997e-07 -4.000000000000004e-07 -3.999999999999997e-07 -4.000000000000004e-07 -3.999999999999997e-07 -4.000000000000004e-07);
    }
    inletUpper
    {
        type            calculated;
        value           nonuniform List<scalar> 8(-4.000000000000032e-07 -3.999999999999977e-07 -3.999999999999977e-07 -4.000000000000004e-07 -4.000000000000004e-07 -4.000000000000004e-07 -4.000000000000004e-07 -4.000000000000004e-07);
    }
    outletLower
    {
        type            calculated;
        value           nonuniform List<scalar> 8(2.522607964029681e-07 3.640327534363524e-07 4.382276925320385e-07 4.752612365036557e-07 4.751263799310089e-07 4.378694153186259e-07 3.631361753091279e-07 2.518569743094129e-07);
    }
    outletUpper
    {
        type            calculated;
        value           nonuniform List<scalar> 8(2.544820426336424e-07 3.622629900308459e-07 4.558854984668554e-07 5.025832590248468e-07 5.168547396935792e-07 4.966902439592286e-07 4.365935208966943e-07 3.168763780528e-07);
    }
    sideWalls
    {
        type            calculated;
        value           uniform 0;
    }
    topBottomWalls
    {
        type            calculated;
        value           uniform 0;
    }
    frontAndBack
    {
        type            symmetry;
        value           uniform 0;
    }
}


// ************************************************************************* //
