/*--------------------------------*- C++ -*----------------------------------*\
| =========                 |                                                 |
| \\      /  F ield         | OpenFOAM: The Open Source CFD Toolbox           |
|  \\    /   O peration     | Version:  2506                                  |
|   \\  /    A nd           | Website:  www.openfoam.com                      |
|    \\/     M anipulation  |                                                 |
\*---------------------------------------------------------------------------*/
FoamFile
{
    version     2.0;
    format      ascii;
    arch        "LSB;label=32;scalar=64";
    class       volVectorField;
    location    "5000";
    object      fvSource;
}
// * * * * * * * * * * * * * * * * * * * * * * * * * * * * * * * * * * * * * //

dimensions      [0 1 -2 0 0 0 0];

internalField   nonuniform List<vector> 
4096
(
(17.77685332455146 18.29533709088071 -1.423744622369597e-17)
(52.40558189555659 16.995631160964 -2.564738407911743e-16)
(86.34826133848797 13.91880479010343 1.112973863992669e-13)
(118.6487530541408 8.804468454346621 -1.290549054668765e-16)
(143.8987496022701 2.414193613560063 2.04808154509591e-13)
(155.5883943646404 -3.435445030352832 1.159551520787091e-13)
(148.3584592983725 -7.025847097266042 2.120263181420134e-13)
(118.5300970843459 -7.220262667078778 4.996209489297963e-15)
(60.43615886197669 -3.336803440987028 1.814303127890143e-13)
(0 0 0)
(0 0 0)
(0 0 0)
(0 0 0)
(0 0 0)
(0 0 0)
(0 0 0)
(0 0 0)
(0 0 0)
(0 0 0)
(0 0 0)
(0 0 0)
(0 0 0)
(0 0 0)
(0 0 0)
(0 0 0)
(0 0 0)
(0 0 0)
(0 0 0)
(0 0 0)
(0 0 0)
(0 0 0)
(8.421224485318271 4.746394028760172 1.702518623833749e-16)
(-14.65395161644389 9.383900391520609 -3.777974695287791e-17)
(-55.15841742974945 11.7513012550577 2.019747493140279e-19)
(-99.8538630016978 12.27975429938756 8.885785203821396e-18)
(-143.9792285154652 10.80501461331063 1.041845990561804e-16)
(-182.3906263400936 8.162368288649064 -1.150580438567606e-13)
(-209.7137464951685 5.618127601613682 1.026284226178937e-16)
(-222.2392863509399 3.978223662846453 8.038784484734752e-18)
(-219.0122359399197 3.330828147866738 -1.615184107522594e-18)
(-201.5081888534227 3.384267324082414 2.587558246904495e-23)
(-172.5702135442538 3.8851085935318 -1.051644187464714e-24)
(-135.3710716996067 4.791375137582827 -6.62304979150417e-23)
(-92.74517894898075 6.178312710682872 -3.715925045727445e-17)
(-46.92586490990155 8.022788386771628 1.613805872163554e-18)
(0.3665461240028852 10.05732352323466 2.018191449513933e-13)
(47.60169845288321 11.81218072657622 5.81585262508441e-17)
(93.1046943562659 12.79664480159454 5.33079128183874e-14)
(134.9280828896163 12.66937379621001 6.139272485876541e-17)
(170.9667454378192 11.31473453979454 4.846884486380981e-18)
(199.2166178492106 8.829732240833538 -6.631177197253771e-15)
(218.1292751134559 5.421373876691696 -7.270156620023768e-18)
(227.0389775465177 1.33814693005742 -2.019510218591336e-18)
(226.4609743914816 -3.1306799118593 2.02112518230067e-19)
(217.9872548950245 -7.646944907743394 6.059298773876515e-19)
(203.7841549001406 -11.85067089940797 8.078459923285213e-19)
(185.9844479114736 -15.44683751585251 1.615824690129205e-18)
(166.2178622309495 -18.30633107361309 2.423360993940206e-18)
(145.342798125211 -20.48241043662173 1.130911668238615e-17)
(123.4193956216592 -22.15500618426401 1.050131801707179e-17)
(99.97993112514501 -23.5129592506516 2.100264064621221e-17)
(74.51785675343491 -24.63896452376849 6.462407845179692e-18)
(46.94390456534729 -25.47669410437284 4.039022652913287e-18)
(16.32889278989049 -25.8780844037422 1.211671692899027e-18)
(16.47714507755925 52.52347143374516 5.099278580118197e-18)
(48.02904078067897 49.70700859096387 1.041549754140991e-16)
(78.15721605129758 42.27764538808261 1.066178268846392e-13)
(107.1442468987268 28.50031707543845 2.893475594318808e-16)
(131.6589304093399 9.908836903016558 2.041314846741734e-13)
(146.1484325749935 -8.046946406628983 2.119568345371221e-13)
(144.2163713864099 -19.11265162335025 2.118903041651772e-13)
(121.5707450124352 -18.13342600623308 3.047552297523529e-15)
(68.21603389550046 -8.159629075140881 1.948140555145792e-13)
(0 0 0)
(0 0 0)
(0 0 0)
(0 0 0)
(0 0 0)
(0 0 0)
(0 0 0)
(0 0 0)
(0 0 0)
(0 0 0)
(0 0 0)
(0 0 0)
(0 0 0)
(0 0 0)
(0 0 0)
(0 0 0)
(0 0 0)
(0 0 0)
(0 0 0)
(0 0 0)
(0 0 0)
(0 0 0)
(15.68643450791855 9.226246268419098 4.601607609515179e-16)
(-7.564889498500563 22.95819947420376 -1.132247815400579e-16)
(-52.17556630061004 32.61485083398588 3.534510813974562e-19)
(-100.7997720757853 33.73153092390429 5.856748765692117e-18)
(-148.0962535771523 28.89514349128623 1.18346440206158e-16)
(-187.5771667224677 21.60869012260137 -2.103131157134013e-13)
(-213.8975675547211 15.46120562156174 1.066216384169038e-16)
(-224.526300296358 12.06429769359116 -2.416856568770324e-18)
(-219.6059639261802 11.12373569800389 -6.461846110424685e-18)
(-200.9537583305738 11.6741715499166 -4.846782598520439e-18)
(-171.1630543041682 13.11853249799157 -6.639326436781233e-23)
(-133.0779308355227 15.52510063184666 -3.877593540771031e-17)
(-89.51395150668591 19.28191220471424 1.043879341674765e-13)
(-43.047159616743 24.46342110307623 -1.059211236563454e-13)
(4.155526847189539 30.3607364736677 1.628556316415229e-18)
(50.3405237799178 35.55381197875078 6.462218169273833e-18)
(93.96133266213548 38.49210769677997 7.593188104082942e-17)
(133.4455837452503 38.09679713886082 8.562821181800897e-17)
(167.1265010684967 33.99548518415859 1.938644954814726e-17)
(193.3226539593259 26.42471600055402 -1.278091086925235e-14)
(210.6370924527892 15.96952036703521 -7.67386510256227e-17)
(218.4863323202769 3.487113952559468 -1.373247093483075e-17)
(217.4752934634555 -9.952519165219256 1.352364092037855e-17)
(209.2666745184941 -23.23609243254784 1.069053617347347e-17)
(195.983676751255 -35.35179931322894 1.009811998845809e-17)
(179.5282233003186 -45.53087285657905 4.199731003728052e-17)
(161.1817819789761 -53.48743938329027 -4.039121937074154e-18)
(141.4937318696739 -59.49881710396308 6.543137238275797e-17)
(120.3886573877936 -64.22568626176037 6.462336333660306e-17)
(97.49610080970699 -68.26771403943317 2.342600387127348e-16)
(72.55472188259111 -71.77700942784031 6.946712268586768e-17)
(45.70513990472575 -74.47179991156926 2.908104456732431e-17)
(15.92847613128406 -75.93658561386125 8.8826105303009e-18)
(14.96039694441786 83.43229787868935 -1.05883813646721e-13)
(42.15975413316617 81.86866301941951 -1.059344018201413e-13)
(65.14160001343041 74.19720705157565 1.452052542294287e-16)
(86.27994043109953 55.50690193900181 1.850858810494154e-16)
(107.3514577244337 26.30944831212985 -1.161416856260845e-13)
(126.5668625856968 -5.503540279678909 -2.087040257684753e-13)
(136.4637841409373 -27.27763632379869 -2.116672864610577e-13)
(128.3532643662858 -24.99258708552372 -2.516021540457905e-15)
(80.57954004610849 -10.32002246562971 1.36327272939316e-14)
(0 0 0)
(0 0 0)
(0 0 0)
(0 0 0)
(0 0 0)
(0 0 0)
(0 0 0)
(0 0 0)
(0 0 0)
(0 0 0)
(0 0 0)
(0 0 0)
(0 0 0)
(0 0 0)
(0 0 0)
(0 0 0)
(0 0 0)
(0 0 0)
(0 0 0)
(0 0 0)
(0 0 0)
(0 0 0)
(31.22910589078917 10.60880290962973 2.240570905006485e-15)
(7.788967176284393 31.83120778996778 -3.568563095212775e-16)
(-46.02308096035341 48.40312424014932 3.332128080880441e-18)
(-103.5728025684373 47.21832007371647 1.438881045942768e-17)
(-156.1012327259964 37.83135987694948 3.412932559134307e-17)
(-195.8236825406065 28.22697001133476 2.11787321166751e-13)
(-219.2572424483861 22.81545827461534 -2.019457585523424e-17)
(-226.5758801646109 21.71528762452464 -1.696338631527802e-17)
(-219.4015449443094 23.04485127690256 -1.613781018146833e-18)
(-199.5126742711072 25.14713117262683 -4.685228876431297e-17)
(-168.7187063424728 27.55819391250385 1.292237267099334e-17)
(-129.2072912097102 30.9061159277953 -3.23135998854531e-18)
(-83.80666686867436 36.2218800136507 -7.431679951892989e-17)
(-35.84708083563771 44.0017651942327 -4.846823683066308e-18)
(11.45665437524468 53.37821931236483 -1.616455864345612e-17)
(55.73254728348222 61.99688948927538 -9.854336370320192e-17)
(95.64693302934052 66.98158332152111 5.169767758517136e-17)
(130.4305169568848 66.26767522189245 1.313469440417764e-15)
(159.2935601427411 59.12185065111228 2.703684992834148e-14)
(181.1894303635784 45.64750488735553 2.69229523333066e-14)
(195.1903771781928 26.70615862225571 -3.449245904878369e-16)
(201.1156151178099 4.223762623030593 -3.271725799347737e-17)
(199.7364642667119 -19.21370998853599 3.112083282546455e-16)
(192.5867364851357 -41.31331026789255 1.349153661705273e-16)
(181.4882488152912 -60.59177623399845 1.046074559914041e-16)
(167.8478434041161 -76.20406629276059 6.607827817173566e-16)
(152.2491656439996 -87.98357444369633 -1.373241920427318e-16)
(134.6040653670418 -96.79920092447328 -4.232280906058554e-13)
(114.6503395059245 -104.1430982798737 1.454075382345076e-17)
(92.42884598716417 -111.0910981727333 -4.22377486033775e-13)
(68.3144942468583 -117.5866065854105 6.478537609458932e-16)
(42.78505415020611 -122.7296453823425 -4.233096787644049e-13)
(14.86483723568559 -125.6499921526015 -6.179303585911845e-17)
(14.91339585347463 113.7968855816537 1.454362428592275e-16)
(38.79391912744533 115.7900355230442 -6.795010439883905e-17)
(51.79545497325122 111.0629432857744 1.782255845562722e-17)
(59.25648815964392 92.34752298541534 4.670121073821347e-17)
(70.64848819262248 57.61453042334746 1.528289907452218e-16)
(92.56134794309671 11.67589859473902 9.0148703578464e-17)
(120.5296328152007 -29.14409711398758 -1.53741192142658e-17)
(137.4654033594996 -32.93762025199226 -8.24996595424686e-15)
(97.80786791856637 -16.35153212689552 3.237991347870532e-14)
(0 0 0)
(0 0 0)
(0 0 0)
(0 0 0)
(0 0 0)
(0 0 0)
(0 0 0)
(0 0 0)
(0 0 0)
(0 0 0)
(0 0 0)
(0 0 0)
(0 0 0)
(0 0 0)
(0 0 0)
(0 0 0)
(0 0 0)
(0 0 0)
(0 0 0)
(0 0 0)
(0 0 0)
(0 0 0)
(52.11462844172773 15.56329499201726 3.30278435996201e-15)
(29.46575111750823 40.43145729628004 -4.996645329426346e-16)
(-40.597005241817 57.15877101880659 9.289660712102961e-18)
(-111.3715364330055 46.42447567236683 4.251022804588183e-17)
(-167.0876037065942 32.6067450919364 2.118454504121764e-13)
(-202.5930683699138 26.52465786917399 2.114625861820388e-13)
(-220.4092499370532 28.84335427438431 -8.643197552617506e-17)
(-224.2969072995564 35.36871889386981 -1.776735148640082e-17)
(-216.1741204043143 42.08657963057973 5.426271694803012e-14)
(-196.4404157125942 47.20730087713122 -1.351439339535609e-14)
(-165.4040695521796 51.08136290996143 2.530899183694197e-14)
(-124.4142447219921 55.26439915076604 5.292824877549637e-14)
(-76.41830222113499 61.50440227971685 1.044057034993126e-13)
(-25.89082034936514 70.85964351783623 -4.522986093031428e-17)
(22.15065111977188 82.78971429812485 -9.694157667093913e-17)
(63.94388778803717 94.48116443721248 5.756981852466842e-14)
(98.23211840994649 101.6029552691715 5.287817566824045e-14)
(125.5858510927908 100.5817919976751 1.09374716413548e-15)
(146.5063307550115 89.9543595620447 3.163723661168202e-14)
(160.9069619531508 68.85685111680004 1.486342070784451e-16)
(169.2133502046569 38.44626458363584 3.190669301658456e-16)
(172.5664637307192 2.692905125812761 -1.055293502115086e-13)
(171.9382205919208 -33.11208295630881 -1.116214881255925e-13)
(167.8886082834736 -64.71475649643935 -1.159080825414323e-13)
(161.0929207292987 -90.31824468406025 -2.109645797738266e-13)
(152.1364250945571 -109.9175332665409 -2.233310714562158e-13)
(140.586647350299 -124.0138110059892 -2.126322606895964e-13)
(125.3342080347201 -134.7098023274592 -4.228161184455691e-13)
(106.0967601308724 -144.6229103933342 2.266369340093596e-13)
(84.05259249386248 -155.0875793965461 -4.059130301869777e-13)
(60.91617467227135 -165.4927151896313 4.10115191037403e-13)
(37.64142398124893 -173.9099044707544 -4.225341978191104e-13)
(13.00650428018623 -178.5705990648536 4.184758462894309e-13)
(16.95344608728723 149.9472840775703 -1.149617988085787e-13)
(39.42581631953102 152.2765003908504 -2.034641167910026e-13)
(41.69908747931545 147.4317408777689 -3.067741687485724e-17)
(32.83152756788995 133.2733640056408 1.395978743672012e-17)
(26.6798333358116 104.810272047394 1.83014877672808e-17)
(39.80823505573441 53.9190065117569 -6.366633144978497e-18)
(83.73307685242058 -13.2483983626942 -6.484913625297677e-17)
(141.781235380616 -44.82961209158324 -2.123240114755291e-13)
(121.2303614474565 -35.65026503446558 2.214666449367462e-13)
(0 0 0)
(0 0 0)
(0 0 0)
(0 0 0)
(0 0 0)
(0 0 0)
(0 0 0)
(0 0 0)
(0 0 0)
(0 0 0)
(0 0 0)
(0 0 0)
(0 0 0)
(0 0 0)
(0 0 0)
(0 0 0)
(0 0 0)
(0 0 0)
(0 0 0)
(0 0 0)
(0 0 0)
(0 0 0)
(79.07902804989141 31.8130093155654 2.887531170497246e-15)
(50.33864033639227 51.20935915971361 -3.799406241459004e-16)
(-47.37256947975727 48.72722874747381 3.231332227313914e-18)
(-128.1248285665514 21.66228596829264 1.67619085993951e-17)
(-176.0010505873297 10.60208968586183 3.170544935721545e-17)
(-199.5870733384193 18.36290713579459 -2.11835178910285e-13)
(-210.4131813927789 36.00807050500955 -2.766026843032908e-17)
(-213.3326548151065 54.68637313150413 -1.575204624601793e-17)
(-207.562962980925 69.54642053516375 -9.897172469545004e-18)
(-190.5178910098646 79.64562093929335 -4.079285299168808e-17)
(-160.6616080741282 86.57961895414668 2.221623619069365e-17)
(-118.7842518215382 92.78356806832643 4.442602794085724e-18)
(-68.21142246938946 100.1772834042758 -3.311951716062495e-17)
(-14.5617688361541 109.7428634274403 -2.423592000729225e-18)
(35.07817527146183 121.601495461571 -5.295894603409129e-14)
(74.54578825495031 134.1812201991719 -9.77425255537816e-17)
(101.7475606054087 142.9333640209343 -1.292502732718559e-17)
(118.7819212580946 142.2113076528498 3.312680448667854e-14)
(127.5686192866028 127.7669349036388 3.972728813012778e-14)
(129.6813354199543 96.39363876780418 8.562618761303093e-17)
(129.0264311932653 50.75722554834422 6.543133719928448e-17)
(129.5572675616815 -1.823631871669841 4.160166339770787e-17)
(132.3288026406702 -52.72313857607075 3.188701347018931e-16)
(135.3805747666969 -94.85328066275453 1.351985465268337e-16)
(136.2854720453805 -125.374799887112 1.009731797214982e-16)
(134.1522770846539 -146.482379558987 6.531036190005845e-16)
(127.4568965927537 -161.2660019122417 -1.571148626902308e-16)
(113.9949659764481 -173.8334933511038 2.306238680856428e-16)
(94.2725624183977 -187.1977978118998 -2.685829946595826e-16)
(71.55904119220105 -201.7534748275054 -5.464600763407454e-16)
(49.49216917974167 -216.3366055333563 3.780393655381194e-16)
(29.70708837584754 -228.5929875084531 1.748876080116486e-16)
(10.20245914398274 -235.4275332317876 -6.422438444338617e-17)
(17.24252209997536 207.6748187822704 -1.15641621077703e-13)
(36.27840550637449 190.8815118848767 -1.152515543824096e-13)
(32.79231859089272 172.6129396424302 2.120389149871122e-13)
(16.63501932997771 165.6855929311826 3.63161779165625e-17)
(-8.705869300839446 157.3626874152825 -3.11635902915181e-17)
(-25.49732244940531 123.9193069146975 -2.118244966865069e-17)
(7.941900255948057 45.6441499600441 -2.148189997884541e-17)
(116.4529215498813 -36.71383270572842 5.77707159626675e-15)
(153.9833437270152 -77.0499790743947 1.633824676175148e-13)
(0 0 0)
(0 0 0)
(0 0 0)
(0 0 0)
(0 0 0)
(0 0 0)
(0 0 0)
(0 0 0)
(0 0 0)
(0 0 0)
(0 0 0)
(0 0 0)
(0 0 0)
(0 0 0)
(0 0 0)
(0 0 0)
(0 0 0)
(0 0 0)
(0 0 0)
(0 0 0)
(0 0 0)
(0 0 0)
(114.1436480798514 66.40992788125631 1.270528201940624e-15)
(48.22937147686542 43.18484788780032 -2.564581928361693e-16)
(-82.57954672881107 0.7445331541456099 1.211299099451043e-18)
(-149.4966756932012 -30.40993812431566 4.038928336437138e-18)
(-170.3869826027957 -20.74823869774658 5.654254188209928e-18)
(-177.1870874981327 10.33349105434412 -2.117776240596431e-13)
(-184.0857838983673 46.43504104179637 -1.090531272248566e-17)
(-190.758557269763 78.91856257236901 -2.827337634498776e-18)
(-191.2148726091835 104.3668265904641 -6.864735964900291e-18)
(-179.4072173269275 122.8072819586762 -5.251046125531704e-18)
(-152.2661224703309 136.4896198596353 1.411760839089984e-18)
(-110.8165803116066 148.0577793283525 8.079506822128601e-19)
(-59.45900687036539 158.5985726567819 1.212221745295956e-18)
(-4.466608290609464 167.3420303295758 1.009886193884575e-18)
(46.58900790059042 174.0604834517938 -9.794244685645748e-18)
(85.27575637492841 181.259605656211 -6.981009784765717e-18)
(106.2622058774234 189.2176872803234 1.051573375492409e-17)
(110.4194219869252 191.54400803455 2.381132451774921e-14)
(100.6886619550669 171.6673261090565 1.059643304007564e-13)
(83.89725260819063 125.6788300574242 1.00571528093346e-13)
(70.99607955134388 61.81527005979854 5.41402218094488e-17)
(69.08609957422604 -9.043549779029018 8.666095650999244e-18)
(78.90857179322039 -76.6704750694368 1.60547912490443e-17)
(95.23694700376331 -131.3246609405353 1.076646921999205e-17)
(109.4638218348943 -166.0441307262569 9.188618180293079e-18)
(116.2452230824253 -184.0253405576811 3.977889693811035e-17)
(113.2355335747912 -198.8050704373755 -1.454058538147961e-17)
(99.40241214576062 -215.9278374486137 4.038954193594969e-17)
(78.17677864996833 -235.2061983420056 -1.615805350024137e-18)
(54.91378479187719 -253.7625817574033 -4.685249631339641e-17)
(34.07666198860843 -270.6738552154693 1.231906143315242e-17)
(18.55062222920705 -285.9307701762254 2.039648059152462e-17)
(6.170324791558482 -296.4197588302158 8.885741493238429e-18)
(0.1600630765575328 310.5960806821957 -2.140627504620974e-13)
(4.36398214885747 222.5998989453924 -2.118130502660752e-13)
(16.50316852566505 178.1487130399783 2.121055778095158e-13)
(17.58127533578721 179.9821841527929 3.214079780092365e-17)
(-15.08645268730315 190.4910510732612 -2.999035171703131e-16)
(-71.91030237993778 192.1929151151055 -1.252234186397999e-16)
(-99.11778394917212 160.3296549953547 -2.087231710930227e-17)
(15.60492720242784 74.88616596344018 5.59540288227581e-15)
(169.3491841615467 -93.3447073704053 1.729578624126784e-13)
(0 0 0)
(0 0 0)
(0 0 0)
(0 0 0)
(0 0 0)
(0 0 0)
(0 0 0)
(0 0 0)
(0 0 0)
(0 0 0)
(0 0 0)
(0 0 0)
(0 0 0)
(0 0 0)
(0 0 0)
(0 0 0)
(0 0 0)
(0 0 0)
(0 0 0)
(0 0 0)
(0 0 0)
(0 0 0)
(133.5980369724105 79.51674984287104 1.142208052674724e-14)
(-17.36981008059349 -54.58211067234699 -1.987329172628137e-15)
(-140.7407135022629 -99.15282956067216 -2.020117220140594e-18)
(-149.6176007700213 -87.63393058080098 -5.659460927922035e-18)
(-135.2576213190545 -42.38766476669257 -1.494445231487713e-17)
(-132.403793469245 8.785623186436629 -2.118196290170659e-13)
(-141.828109836484 57.99564803005248 -2.504166303433336e-17)
(-155.4008692363105 102.9661213097155 -4.846668471934393e-18)
(-163.6742436214337 142.2239398281388 -9.122057167758039e-23)
(-158.3950978179302 175.106755313821 -1.05016004309171e-17)
(-135.4111107848122 202.3081198249581 1.85803658504707e-17)
(-96.67529907640316 224.8912089500125 2.827541134254607e-17)
(-48.92717148852447 242.1482168868451 2.827453010979738e-17)
(0.9001420036725929 250.2668198473746 1.615528638799937e-17)
(48.99575066429971 245.7705742348507 6.462884774082624e-18)
(89.70299213462775 235.524399901072 1.293023243764344e-17)
(112.0319629605333 235.8960332950016 1.207624840608061e-16)
(101.2315602450074 247.7010741199512 5.381186599332509e-14)
(61.70344135503125 214.7141941429829 2.79568522395798e-16)
(19.82927929965254 149.3501644302559 -1.057920941063835e-13)
(-5.695948574059132 68.40184186417979 2.775133502649712e-17)
(-8.928477458065231 -17.19505089892831 -6.764828723064307e-18)
(10.04769147566898 -99.33994297202014 7.074467624677478e-19)
(46.00691915018878 -168.6652591394496 3.534410902110254e-18)
(83.58479257103623 -211.6518225267611 1.766520566146353e-19)
(101.3913373735183 -218.6558281400202 2.812318734240315e-18)
(95.55439975671855 -235.7508730730713 8.077702162275211e-19)
(77.59383812495891 -264.177727829706 4.745874678366713e-18)
(56.43781812461369 -292.2053724455634 -2.019426057436697e-18)
(36.09138433051699 -313.5630893617591 -5.250672151303025e-18)
(17.32398075974034 -328.4226388254416 -1.615543368535031e-18)
(3.961466688725499 -341.3709712366797 1.009907911263404e-18)
(-0.2878802661438875 -359.5825437686621 6.159543149169724e-18)
(-257.5611311876954 416.7012012443292 -2.543696981641942e-15)
(-270.3605524034113 225.6952583651889 -3.33147242996901e-15)
(-181.4513876239092 176.6148002778344 1.959741187437245e-15)
(-139.1767074005361 177.2912800287779 1.011717866155903e-14)
(-161.8889538122897 176.2118120755076 2.326336293458132e-13)
(-219.6887507478224 191.2242142421518 -7.314547113130985e-15)
(-307.3458810923692 247.6433129185798 -8.195755933596112e-15)
(-322.1697522652701 353.8128229272123 -9.949806532147642e-15)
(147.9040431605001 86.05298067232843 1.892849072159155e-13)
(0 0 0)
(0 0 0)
(0 0 0)
(0 0 0)
(0 0 0)
(0 0 0)
(0 0 0)
(0 0 0)
(0 0 0)
(0 0 0)
(0 0 0)
(0 0 0)
(0 0 0)
(0 0 0)
(0 0 0)
(0 0 0)
(0 0 0)
(0 0 0)
(0 0 0)
(0 0 0)
(0 0 0)
(0 0 0)
(119.5680778626316 -72.8294633065141 3.914088507377772e-14)
(-285.1701488923973 -293.743192706785 -1.268026544922395e-14)
(-283.6782512263807 -181.2795516298123 -7.803090019533696e-15)
(-230.5633270491418 -98.83960233936246 -6.898106247651293e-15)
(-212.0323676303423 -38.70024208700014 -5.915806299286479e-15)
(-214.9759073339454 12.01902932037548 -2.220216675343263e-13)
(-227.4114403010965 62.69914910513967 -9.600375524297142e-15)
(-241.8283187897185 116.6273916511375 -8.198583197828416e-15)
(-249.5713742448173 173.1342347899366 -6.482385765616481e-15)
(-241.2912925041876 228.7432116556604 -5.142174988999747e-15)
(-211.6480999331466 278.8276637995862 -5.487400957435399e-15)
(-163.6122827559385 318.8792105064813 -4.985773020630637e-15)
(-107.9046429827567 344.9709362420035 -4.636517607556387e-15)
(-54.95207366410509 352.2945633190973 -2.79721031268219e-15)
(-4.662879133033556 335.6091607172835 -5.377233577834721e-15)
(53.35031962522831 294.6323254339384 -4.946985334733407e-15)
(101.8648280553685 279.4489321307529 -2.68588508948298e-15)
(89.23758341043612 298.2916352074891 3.298804541122068e-16)
(2.337752156431012 237.6406025810447 -1.158315445232923e-13)
(-62.41509960698531 157.2681847683936 -1.056763744677807e-13)
(-95.54913566941698 67.85806075640241 2.373914837824052e-16)
(-98.65568515952222 -24.07515469895485 -1.444035383904956e-16)
(-72.56163639848438 -112.3577389634138 1.410273502497577e-17)
(-17.07493259036512 -191.2367212141039 3.788030384884083e-17)
(59.47325357041804 -252.2722525274394 -6.628198572989097e-18)
(78.44273572481121 -247.3794721379409 -2.368099023612976e-15)
(49.54764152243731 -270.1137303965276 -1.150668576628513e-15)
(13.01491191538772 -317.4495838910784 8.647636624176348e-16)
(-15.74092337832727 -351.7811312819809 -7.885841943942867e-16)
(-42.73805609306325 -374.2017725261012 -2.378432490855691e-15)
(-72.59463901038063 -384.4336728272577 -1.985903561760696e-15)
(-107.7754464069205 -383.8436239491766 -6.162476240023021e-16)
(-121.6748267148158 -407.2814176740351 -1.726285514438505e-15)
(-365.6573266229044 231.6055984635129 -3.607822458959836e-13)
(-207.3815451607572 155.2973187659948 -2.043271545856264e-13)
(46.38234831870128 162.3208903369936 -2.878511151661725e-14)
(102.4010758283718 124.3029640847925 -2.923489472722462e-14)
(86.73285052852485 96.49360985863572 -3.895194290383752e-13)
(85.45424061492817 95.34766885126831 -3.701120234770103e-13)
(101.6729289898134 134.92959727218 5.569720706531877e-14)
(17.38520739940523 196.2016503007952 -2.004151576503405e-13)
(-205.8973863209009 281.8151621724741 3.795493870191798e-14)
(0 0 0)
(0 0 0)
(0 0 0)
(0 0 0)
(0 0 0)
(0 0 0)
(0 0 0)
(0 0 0)
(0 0 0)
(0 0 0)
(0 0 0)
(0 0 0)
(0 0 0)
(0 0 0)
(0 0 0)
(0 0 0)
(0 0 0)
(0 0 0)
(0 0 0)
(0 0 0)
(0 0 0)
(0 0 0)
(-175.1846077898567 -239.7560084023435 -3.936807668445016e-14)
(14.25994027984453 -160.4668605203519 -3.424860743616483e-13)
(84.98875058094434 -99.72871310411898 5.840493403489268e-14)
(65.9870033149576 -48.84515231060163 -1.533807437909614e-13)
(52.14497392157452 -18.55816484435359 -1.91764663267734e-13)
(47.73010217652075 9.216163552296118 5.204706138507096e-14)
(43.48993729070119 41.8456313358429 -1.441883527358549e-13)
(37.40640188623019 83.59273304826563 -1.554078434576062e-13)
(30.86504977260876 134.9666061581323 -1.664812686410606e-13)
(26.16284362886193 191.5535562491077 -1.699185555807256e-13)
(25.18946582470007 245.0179516850246 -1.672638265001807e-13)
(27.01314322521705 286.1803786198907 -7.36667647872507e-14)
(26.87749946035373 308.2989955894965 -1.75773567955483e-13)
(17.57242718137732 310.7941680913755 -1.760770028838067e-13)
(5.66656229986852 304.4130424831893 3.0749821541884e-14)
(48.67757631079423 257.9649146878824 3.444072866979695e-14)
(129.7286494703115 264.8416613109716 -7.545641183992094e-14)
(29.22944325948285 247.714648765322 -2.160993840077086e-13)
(-79.32000850180233 215.5115875444588 2.377225088270363e-16)
(-149.9532623379492 145.0314702092074 2.732997894073007e-16)
(-187.0392880170221 60.27317789739661 -1.12407388209503e-13)
(-189.1442771579759 -28.80450483598417 -1.027588817431061e-13)
(-157.1138749400774 -111.5295519639144 -5.271488013796812e-14)
(-93.90759463598353 -178.6232587428343 -2.614462683828022e-14)
(2.915320549087362 -210.6835765041612 -7.744737510532834e-15)
(95.57957388227084 -225.5169957337069 -2.21958736750757e-14)
(37.73161154983328 -222.2879953162559 -3.131166803315162e-14)
(7.46482643847022 -265.7713320635203 -3.333261442260735e-15)
(20.75345242815977 -281.7506587472553 -2.527450523560234e-14)
(37.60809037973656 -297.2132283086337 -2.362325748514123e-14)
(54.6210604003587 -306.2955438576161 -3.997155844933447e-14)
(35.98081625901053 -310.0273034570542 -4.413466128408238e-14)
(-96.88705635961681 -293.1521181042158 -3.198669782905117e-14)
(0 0 0)
(0 0 0)
(0 0 0)
(0 0 0)
(0 0 0)
(0 0 0)
(0 0 0)
(0 0 0)
(0 0 0)
(0 0 0)
(0 0 0)
(0 0 0)
(0 0 0)
(0 0 0)
(0 0 0)
(0 0 0)
(0 0 0)
(0 0 0)
(0 0 0)
(0 0 0)
(0 0 0)
(0 0 0)
(0 0 0)
(0 0 0)
(0 0 0)
(0 0 0)
(0 0 0)
(0 0 0)
(0 0 0)
(0 0 0)
(0 0 0)
(0 0 0)
(0 0 0)
(0 0 0)
(0 0 0)
(0 0 0)
(0 0 0)
(0 0 0)
(0 0 0)
(0 0 0)
(0 0 0)
(0 0 0)
(0 0 0)
(0 0 0)
(0 0 0)
(0 0 0)
(0 0 0)
(149.2209203399212 95.44778106916905 4.436000943287497e-14)
(44.75841710751254 125.2280815199157 -6.177633160949817e-15)
(-113.9647310197068 153.4548815193868 3.554444487379596e-17)
(-217.6535093831703 113.6989480862709 6.248135095039255e-17)
(-269.3851106819535 46.00531950143726 4.523322947816006e-16)
(-270.4584149739185 -30.13551556069146 -2.401283713366117e-16)
(-222.380390423762 -96.52377896427548 1.825847146480903e-18)
(-127.0529194089034 -134.8923697269464 4.641114994157322e-18)
(15.64755172728542 -111.9027321569721 -6.984425113795342e-16)
(113.6009731335593 -81.96112789980862 1.955398535907929e-15)
(0 0 0)
(0 0 0)
(0 0 0)
(0 0 0)
(0 0 0)
(0 0 0)
(0 0 0)
(0 0 0)
(0 0 0)
(0 0 0)
(0 0 0)
(0 0 0)
(0 0 0)
(0 0 0)
(0 0 0)
(0 0 0)
(0 0 0)
(0 0 0)
(0 0 0)
(0 0 0)
(0 0 0)
(0 0 0)
(0 0 0)
(0 0 0)
(0 0 0)
(0 0 0)
(0 0 0)
(0 0 0)
(0 0 0)
(0 0 0)
(0 0 0)
(0 0 0)
(0 0 0)
(0 0 0)
(0 0 0)
(0 0 0)
(0 0 0)
(0 0 0)
(0 0 0)
(0 0 0)
(0 0 0)
(0 0 0)
(0 0 0)
(0 0 0)
(0 0 0)
(0 0 0)
(0 0 0)
(0 0 0)
(0 0 0)
(0 0 0)
(0 0 0)
(0 0 0)
(0 0 0)
(0 0 0)
(219.1807968423497 8.899840706492924 -1.67404286020931e-13)
(103.3044925568003 18.73249323001775 -9.023732984899934e-15)
(-110.2567037191288 80.56822499220401 1.529165876356594e-17)
(-257.4028244088434 66.07309502929162 -4.011635895921167e-13)
(-330.8737516407948 24.64816410166395 -2.097261754193285e-13)
(-331.6733755907231 -25.47044754004158 -5.52768307951273e-14)
(-261.8707291219526 -67.48513657901346 -6.807541225686394e-15)
(-124.9005459622358 -83.13450575651045 2.884544787482226e-14)
(68.60798266674323 -29.5452277451824 2.46177439076327e-14)
(176.9088517940319 -11.30252174742885 1.455458103833305e-14)
(0 0 0)
(0 0 0)
(0 0 0)
(0 0 0)
(0 0 0)
(0 0 0)
(0 0 0)
(0 0 0)
(0 0 0)
(0 0 0)
(0 0 0)
(0 0 0)
(0 0 0)
(0 0 0)
(0 0 0)
(0 0 0)
(0 0 0)
(0 0 0)
(0 0 0)
(0 0 0)
(0 0 0)
(0 0 0)
(0 0 0)
(0 0 0)
(0 0 0)
(0 0 0)
(0 0 0)
(0 0 0)
(0 0 0)
(0 0 0)
(0 0 0)
(0 0 0)
(0 0 0)
(0 0 0)
(0 0 0)
(0 0 0)
(0 0 0)
(0 0 0)
(0 0 0)
(0 0 0)
(0 0 0)
(0 0 0)
(0 0 0)
(0 0 0)
(0 0 0)
(0 0 0)
(0 0 0)
(0 0 0)
(0 0 0)
(0 0 0)
(0 0 0)
(0 0 0)
(0 0 0)
(0 0 0)
(227.5954835651293 15.3854959826898 3.040974762117148e-14)
(131.2495040007846 -47.46084465691703 -2.197059186156978e-13)
(-101.5151832678299 12.03949186702122 1.562910480137868e-16)
(-273.5735701794656 6.157259665354683 9.513801639461315e-18)
(-360.9286532568569 -2.942464364585442 9.481639919879795e-18)
(-362.5917156249256 -12.30864826255147 -1.195457176200075e-16)
(-280.0444485802178 -24.12207287687346 -1.408113765526262e-18)
(-117.5825754004 -33.09242785220516 5.288351096582367e-17)
(98.60925250751795 18.0798848009492 -2.907370618787449e-15)
(191.94185284035 -19.90066202226996 2.169093513845623e-14)
(0 0 0)
(0 0 0)
(0 0 0)
(0 0 0)
(0 0 0)
(0 0 0)
(0 0 0)
(0 0 0)
(0 0 0)
(0 0 0)
(0 0 0)
(0 0 0)
(0 0 0)
(0 0 0)
(0 0 0)
(0 0 0)
(0 0 0)
(0 0 0)
(0 0 0)
(0 0 0)
(0 0 0)
(0 0 0)
(0 0 0)
(0 0 0)
(0 0 0)
(0 0 0)
(0 0 0)
(0 0 0)
(0 0 0)
(0 0 0)
(0 0 0)
(0 0 0)
(0 0 0)
(0 0 0)
(0 0 0)
(0 0 0)
(0 0 0)
(0 0 0)
(0 0 0)
(0 0 0)
(0 0 0)
(0 0 0)
(0 0 0)
(0 0 0)
(0 0 0)
(0 0 0)
(0 0 0)
(0 0 0)
(0 0 0)
(0 0 0)
(0 0 0)
(0 0 0)
(0 0 0)
(0 0 0)
(225.5663876969085 35.67544851732421 9.066950265878711e-15)
(126.154839933109 -98.27468832473706 -4.120870917740402e-15)
(-109.2847536328711 -59.99384248505029 4.324883978953159e-13)
(-272.3847805998045 -65.57805622581223 5.249353499562564e-17)
(-349.3396595685567 -34.48026971857971 -2.046310564506032e-13)
(-352.8529841058499 10.37198115921943 -2.150383217677469e-16)
(-282.6545086838474 37.48393438759752 1.701324297069706e-15)
(-126.1802728209999 27.29754290751888 5.083129814159953e-14)
(101.5696896142722 55.96126486231076 4.83894247953007e-14)
(202.3086487599522 -41.0628923620238 3.224773438715468e-15)
(0 0 0)
(0 0 0)
(0 0 0)
(0 0 0)
(0 0 0)
(0 0 0)
(0 0 0)
(0 0 0)
(0 0 0)
(0 0 0)
(0 0 0)
(0 0 0)
(0 0 0)
(0 0 0)
(0 0 0)
(0 0 0)
(0 0 0)
(0 0 0)
(0 0 0)
(0 0 0)
(0 0 0)
(0 0 0)
(0 0 0)
(0 0 0)
(0 0 0)
(0 0 0)
(0 0 0)
(0 0 0)
(0 0 0)
(0 0 0)
(0 0 0)
(0 0 0)
(0 0 0)
(0 0 0)
(0 0 0)
(0 0 0)
(0 0 0)
(0 0 0)
(0 0 0)
(0 0 0)
(0 0 0)
(0 0 0)
(0 0 0)
(0 0 0)
(0 0 0)
(0 0 0)
(0 0 0)
(0 0 0)
(0 0 0)
(0 0 0)
(0 0 0)
(0 0 0)
(0 0 0)
(0 0 0)
(206.1771740138901 71.1522044317464 2.132074015907354e-14)
(75.89737790744712 -166.4984232796299 7.383973651215056e-17)
(-141.1967438348413 -155.150880825348 -2.269479279114574e-13)
(-248.0599973199195 -141.9076065650782 -1.062569870344288e-13)
(-284.9786158547601 -62.53974053084006 -3.487065213523672e-16)
(-290.627511496469 36.12180239697445 -5.533331706563697e-17)
(-263.1188867739203 112.4508740961058 -1.986935864896619e-13)
(-160.012204420887 120.9674066060079 -2.11740856325167e-13)
(60.98663362382771 119.5279582983395 -1.027042136654025e-13)
(199.4237053021307 -77.50785180202925 5.299702926226262e-14)
(0 0 0)
(0 0 0)
(0 0 0)
(0 0 0)
(0 0 0)
(0 0 0)
(0 0 0)
(0 0 0)
(0 0 0)
(0 0 0)
(0 0 0)
(0 0 0)
(0 0 0)
(0 0 0)
(0 0 0)
(0 0 0)
(0 0 0)
(0 0 0)
(0 0 0)
(0 0 0)
(0 0 0)
(0 0 0)
(0 0 0)
(0 0 0)
(0 0 0)
(0 0 0)
(0 0 0)
(0 0 0)
(0 0 0)
(0 0 0)
(0 0 0)
(0 0 0)
(0 0 0)
(0 0 0)
(0 0 0)
(0 0 0)
(0 0 0)
(0 0 0)
(0 0 0)
(0 0 0)
(0 0 0)
(0 0 0)
(0 0 0)
(0 0 0)
(0 0 0)
(0 0 0)
(0 0 0)
(0 0 0)
(0 0 0)
(0 0 0)
(0 0 0)
(0 0 0)
(0 0 0)
(0 0 0)
(145.2925158162804 94.90746851073752 -1.810609262579764e-13)
(-52.24156287013021 -309.1319165981837 -2.039935667495782e-13)
(-176.5277502982647 -260.1704242828254 -2.124267833434962e-13)
(-179.7736402493364 -184.6448112656661 -3.182980489224396e-13)
(-171.3102505405107 -71.14736387911998 -1.512035819141512e-16)
(-177.8623695483738 46.64141199735069 -2.160898517268501e-17)
(-197.8089044033745 161.1171672436815 -1.853017874412258e-13)
(-198.4391903148196 236.0893033175036 -2.331989827582338e-13)
(-60.55150846011485 270.8859353479392 -1.262260301346581e-13)
(154.9829026104358 -101.3341983180627 5.98894743035203e-14)
(0 0 0)
(0 0 0)
(0 0 0)
(0 0 0)
(0 0 0)
(0 0 0)
(0 0 0)
(-365.7494860211604 -200.8577362672512 2.380496821326975e-14)
(-207.7479882873506 -129.2106588041254 8.531946618121371e-15)
(45.70446903605549 -135.6899611013827 -2.963176871125176e-14)
(102.0190473742145 -96.70016431180456 1.943359669990697e-13)
(83.95790494444148 -65.66671074642099 1.545033551913891e-15)
(67.05702004726898 -54.4211458670661 8.586390806896838e-15)
(59.82412438324221 -59.10586856602477 3.83050909774995e-14)
(56.20135411134446 -74.57849919288979 4.160994138167139e-14)
(53.83319108386992 -95.86743614365363 4.811158301470503e-13)
(53.1822162057686 -117.3669705198744 4.648067448807849e-14)
(53.61522511668138 -134.1363361966007 4.176910046951341e-13)
(53.85167758873679 -142.5245930917613 -2.666354661880298e-14)
(55.73887312309335 -142.4674953955893 -3.565422953526027e-14)
(67.15561013638258 -136.2728672042101 -1.872904361443683e-14)
(84.39346203958979 -134.6333671205377 -1.639903210862767e-14)
(34.04340456026063 -133.4976814542045 -5.703796338313394e-14)
(-78.49122463217626 -129.8329268045464 -6.217176793667215e-14)
(0 0 0)
(0 0 0)
(0 0 0)
(0 0 0)
(0 0 0)
(0 0 0)
(-9.030972547303037 65.59480182996792 2.910753252567152e-13)
(56.9984192596354 152.3879110644028 4.545657263023822e-14)
(49.00564961712009 147.7510640207793 -5.972504227101615e-15)
(37.02130327355512 137.4974145667869 -5.733264103621345e-14)
(39.03010526880705 130.2804534093949 -4.723118488283778e-14)
(42.76252140311627 122.5631925773675 -1.822797381421641e-14)
(43.50077947965205 109.4364787334606 3.551339374782463e-15)
(42.80738490646507 88.59889606960505 6.414609078611395e-15)
(42.93776551382967 61.7751222445621 7.177264896420871e-15)
(44.71167786284494 32.19677101810575 6.959192623439439e-15)
(47.20353643175501 3.536156723683431 6.969391894679894e-15)
(49.51675413520606 -21.90904998692248 6.801710015542154e-15)
(52.93019365738184 -42.99767555000889 2.328786340415097e-14)
(65.24217896209061 -58.33596316069515 -2.050186258823286e-13)
(97.9126920653645 -67.00741590042971 -1.01180714494107e-14)
(117.1713187865211 -92.85780355568572 1.163925679069038e-14)
(-41.00456605489174 -128.1616999393613 7.886300557040656e-15)
(-245.5362957886272 -325.8263423298869 4.950012305201288e-14)
(0 0 0)
(0 0 0)
(0 0 0)
(0 0 0)
(0 0 0)
(0 0 0)
(34.2922399217684 -74.30902744301876 3.762089405480032e-14)
(-371.4262659041758 -503.4982369802174 -2.32567997739348e-15)
(-264.8529021869751 -261.846240385999 -2.057112531475396e-13)
(-194.2685716091047 -137.7554327146093 -1.111860557379877e-13)
(-188.0683572280607 -49.79737095357799 -7.204875894922937e-15)
(-192.980085955635 28.04612182266775 -7.842669535364576e-15)
(-209.6110639069964 121.4159118495972 -7.016888738817994e-15)
(-287.6834598837289 253.0625568175735 -6.684794553026314e-15)
(-383.1510912328183 490.968120934758 -1.020631949390706e-14)
(52.71203840056684 68.7162437250513 2.379238425583989e-14)
(0 0 0)
(0 0 0)
(0 0 0)
(0 0 0)
(0 0 0)
(0 0 0)
(0 0 0)
(-258.4224914756367 -364.9481845407294 3.506819266294622e-16)
(-272.3788306081048 -173.6925505136364 -6.678302955181129e-16)
(-182.8271956258932 -123.7906419703657 1.85330703980688e-15)
(-139.0069292765659 -120.5246830211402 2.247155589468746e-13)
(-154.4704480198337 -108.2861865717714 2.55192579963515e-15)
(-185.23071166823 -94.90239307930815 -1.297277817109389e-16)
(-208.5384069082663 -91.48311851882228 -2.752017740732118e-14)
(-220.5877575507024 -98.16367191879344 1.805416034527352e-13)
(-220.6773578877143 -110.263326661962 2.007069000931076e-13)
(-208.3307643482032 -123.0499393553499 -7.180064276011352e-15)
(-185.9871310743762 -132.9073063433645 2.193819076205248e-13)
(-158.8174416795114 -136.717356114017 7.055479683984753e-15)
(-132.7199678249846 -133.4775373736507 7.00206311791057e-15)
(-116.6332369505701 -127.5291516539333 2.403412393141512e-15)
(-124.0937641035197 -130.9569152762872 -1.090649116491115e-15)
(-117.9892799889155 -159.2289310813251 2.161217564508509e-14)
(95.72126344622598 -40.85899442682394 -8.003884985354564e-14)
(0 0 0)
(0 0 0)
(0 0 0)
(0 0 0)
(0 0 0)
(0 0 0)
(141.5647935287541 42.54621027289566 2.501385634385265e-13)
(-30.55493445837172 52.88268396830362 -1.220515070670251e-14)
(-109.9176513883519 108.1881402833365 4.403312483479511e-16)
(-123.7817723875799 119.9245884196987 1.225764631761036e-14)
(-131.9794566262491 121.9310999642307 8.573405401375392e-15)
(-147.4356066616361 115.1628255490894 3.664347345507201e-15)
(-168.8573215293626 100.6619839480535 -1.617153683579996e-16)
(-189.9512444075721 78.83322310014185 -8.38522044005558e-16)
(-204.6679367154802 50.41632885771008 -6.366640439732043e-16)
(-210.5065272232223 16.38868508067397 -1.25874896213665e-15)
(-208.9097696487659 -21.51709494251803 -1.046237718144751e-15)
(-202.356914102374 -61.0346042195427 -1.024477767733492e-15)
(-191.2570131752733 -100.1695320395713 -1.01171841488044e-15)
(-176.9246935378267 -140.5086894975684 -2.131221506776194e-13)
(-179.3889013896153 -195.8674713606 -6.443553060509973e-16)
(-251.5577486583044 -291.4524027115537 -1.645080689658852e-15)
(-359.9282414852992 -509.296858596338 -6.98369353403521e-15)
(42.88420024303647 -72.51919825807433 2.543664418710928e-14)
(0 0 0)
(0 0 0)
(0 0 0)
(0 0 0)
(0 0 0)
(0 0 0)
(-246.3032084140175 -327.6254246040243 -2.58940727004468e-13)
(-40.88470406387812 -118.8392857156411 -5.898329739893703e-15)
(117.1412202531405 -75.29789301356698 8.879815004761508e-16)
(97.26247637097089 -38.80716138547578 2.619733604853738e-14)
(65.92164474518485 -19.18844247809589 3.923431537643392e-14)
(64.66613105644635 4.298674279832666 4.247328579657016e-14)
(92.06290096078837 28.13842917148212 3.725012700709322e-14)
(108.5252669361151 73.00658284507168 3.521240153284282e-14)
(-41.15845393861464 125.2364471040362 7.786751551666999e-14)
(-249.4349037401611 340.6707798081541 -1.146806999257558e-13)
(0 0 0)
(0 0 0)
(0 0 0)
(0 0 0)
(0 0 0)
(0 0 0)
(0 0 0)
(-0.2873111830472687 -239.6178373121829 -1.065709556567075e-14)
(4.30137785974576 -150.8411227752731 3.005225169432334e-16)
(20.02187618963041 -105.1766648867967 -3.766695812037949e-16)
(30.48391603473322 -102.9201340568498 5.149763305478951e-16)
(17.73334077641569 -104.8225402393906 -4.097919997571406e-13)
(-10.30739779398222 -99.2025201472197 -2.253986198164544e-13)
(-38.51718403713678 -90.97827655105542 -7.357188374214872e-15)
(-57.76497365695741 -84.18314022032853 -6.185017402751991e-13)
(-64.59429706257581 -79.13478778151483 2.417924683694058e-16)
(-58.85223403099216 -75.074858430521 -2.23050490442672e-13)
(-43.1482952158843 -71.31494552526576 1.609947707648549e-15)
(-22.58514614103496 -66.81638292147791 -2.230002545563376e-13)
(-3.825366414066889 -60.28774605383931 2.125017431675123e-13)
(8.008972171926837 -49.47531018308465 -2.11656427203662e-13)
(19.75373395027925 -25.71615486636862 -5.432293836081668e-17)
(58.19498454731612 4.103138910713053 -2.025314978532462e-13)
(79.98506806208258 67.78244616843037 -2.752314438839523e-13)
(0 0 0)
(0 0 0)
(0 0 0)
(0 0 0)
(0 0 0)
(0 0 0)
(105.0819178462964 -32.70162223863008 2.474835398297429e-13)
(99.23629714723913 -97.763745017025 -6.086776944600852e-15)
(33.50066422036648 -14.93889257108814 9.318720309992365e-17)
(-3.815531370436915 26.08093944913911 -2.331942013018356e-13)
(-24.14365219391448 44.27997441886976 -4.128608968957472e-13)
(-42.51971818025584 46.47002917042761 -2.314905495883835e-13)
(-62.98854728451368 39.20391065759505 2.200777483178057e-16)
(-82.95463560630739 25.71976266791448 -2.170791351777562e-13)
(-98.49912468318088 6.469318405630951 -4.136382170312194e-13)
(-107.4607198036233 -19.49728231116825 -2.172880664852094e-13)
(-110.0468364436013 -52.89696997419273 -2.118650207499314e-13)
(-107.8803622340437 -93.54160492305213 2.117354475214229e-13)
(-103.9534446793086 -141.3425952052197 -4.452998150294477e-16)
(-105.2809087457255 -197.6811117935112 4.215670025731467e-13)
(-120.5184628619184 -259.945851960317 4.168691542444476e-13)
(-128.07687212965 -294.454277706661 -1.059387237058812e-13)
(-19.64925492111478 -313.721789704087 -1.152251711491074e-13)
(157.311927748651 97.77287833848382 -4.337774700654452e-14)
(0 0 0)
(0 0 0)
(0 0 0)
(0 0 0)
(0 0 0)
(0 0 0)
(0 0 0)
(0 0 0)
(0 0 0)
(0 0 0)
(0 0 0)
(0 0 0)
(0 0 0)
(0 0 0)
(0 0 0)
(0 0 0)
(0 0 0)
(0 0 0)
(0 0 0)
(0 0 0)
(0 0 0)
(0 0 0)
(0 0 0)
(17.01758240109926 -118.0978617505459 2.121564911496332e-13)
(36.87487892726738 -102.0205294505904 4.216953324150623e-13)
(37.94430774930511 -85.50696425266511 -3.883886846364115e-15)
(31.45410220723803 -82.30941658096275 2.161001127534099e-13)
(17.19263669568212 -84.76181613905351 1.88612971428261e-16)
(-4.83851385597124 -82.93726911931878 4.778318135997133e-16)
(-28.54583963232795 -74.71675979298026 -1.923458748898874e-16)
(-46.3765078543862 -62.38727204908436 -4.645151921294675e-16)
(-53.57107898561387 -48.58500648385759 -3.03788647572358e-16)
(-49.01235067374115 -35.24563173574492 1.909413537344937e-13)
(-34.58330338437108 -23.4995367508235 1.960626942605172e-13)
(-14.11339738559346 -13.24700888438735 8.852831322051725e-16)
(8.556296107493713 -2.435643249937061 -1.025785603049945e-16)
(32.68642968441757 13.53961068125718 4.919238553440863e-16)
(60.45992398410399 39.07937843522718 2.081501756736286e-17)
(81.39236406168976 41.13237157745294 1.0057375081453e-14)
(50.88806232408733 52.89599009052009 -5.012898917022023e-14)
(0 0 0)
(0 0 0)
(0 0 0)
(0 0 0)
(0 0 0)
(0 0 0)
(62.72418517949605 -26.03656348598505 4.293831013583355e-14)
(100.5914024844254 -114.3325272418632 -5.192108163139618e-15)
(73.75050520789 -71.89987781735736 6.064349700103532e-16)
(30.29326420564056 -42.17296889432065 1.335455087603983e-16)
(-8.079548556438668 -20.52756406382765 3.82293917994258e-16)
(-40.37347585030229 -11.24801962414158 3.508465266662128e-16)
(-69.31696404510872 -11.2791290955081 8.330328397759533e-17)
(-95.32322414734941 -17.6483905183974 -1.351577190609725e-17)
(-117.1487990287973 -29.60685582206571 6.657950868640411e-16)
(-133.7264809896397 -48.09503736313172 -5.56195974921493e-17)
(-145.0984011979787 -74.43521761708931 -2.251641560913322e-17)
(-152.4128403562474 -109.3145646505767 -2.04670609279861e-16)
(-157.1414224174693 -151.7992774145429 1.124854872549986e-13)
(-157.5234105653244 -195.8702547715306 1.068452282740339e-13)
(-137.7066905243978 -221.9234930131369 4.767688278635389e-13)
(-55.73084103502845 -192.0059837582854 -4.173889279550849e-17)
(128.4393336633093 -174.0711679632944 -7.668207406567486e-15)
(223.1749923923453 72.63890062676285 3.5969040056143e-14)
(0 0 0)
(0 0 0)
(0 0 0)
(0 0 0)
(0 0 0)
(0 0 0)
(0 0 0)
(0 0 0)
(0 0 0)
(0 0 0)
(0 0 0)
(0 0 0)
(0 0 0)
(0 0 0)
(0 0 0)
(0 0 0)
(0 0 0)
(0 0 0)
(0 0 0)
(0 0 0)
(0 0 0)
(0 0 0)
(0 0 0)
(15.79124861832944 -44.77898460697139 1.086382270400924e-17)
(36.89278054430667 -50.75447552503718 -7.091228843693696e-16)
(39.73298907865981 -54.15095704552518 4.151310066835897e-13)
(31.22906413148955 -56.27824216130512 2.113143301098144e-13)
(17.10548818735958 -58.15464121155302 -3.149855214834864e-17)
(-0.2623414996608304 -56.72404626701485 1.276143699296612e-16)
(-17.96718700091357 -49.42973262202101 4.016915349688326e-13)
(-31.63322034476372 -36.67158497223764 -3.804194082884278e-16)
(-37.45265673787664 -20.81146046058433 -7.875961142081763e-15)
(-33.76676429523878 -4.527427837223534 -1.912315371102444e-13)
(-21.14967235456721 10.26105395260808 -2.344533220723081e-13)
(-1.521252614951893 23.00292681460894 -5.753007526569032e-15)
(22.96125316762604 34.57314498664087 2.035394021016873e-13)
(49.52399375662481 45.6576394372564 -2.080359949844636e-13)
(70.06230857327199 52.23630817285516 -1.063970023014832e-16)
(64.99683066672503 19.83283747072462 2.108705255838317e-13)
(23.05976464689413 24.30104321756424 -2.616897654495968e-13)
(0 0 0)
(0 0 0)
(0 0 0)
(0 0 0)
(0 0 0)
(0 0 0)
(29.55020989645038 -3.613468475472342 -3.582119729077504e-13)
(74.40007356202773 -85.33172566196811 -7.914687928960574e-15)
(77.44150670626603 -74.70767876436514 2.168093176369222e-13)
(47.55678233521856 -71.45687787114856 7.610811113263532e-17)
(6.781297071220158 -60.72375959019394 2.269350270395115e-13)
(-33.27128321562788 -52.03476822805722 -2.323263431244687e-16)
(-69.38891818098868 -48.33594037346788 1.036210981858078e-16)
(-101.282362335311 -49.56665500618016 5.090317239106758e-16)
(-128.9457715301131 -55.50421572891766 2.120979406616616e-13)
(-152.2890815992023 -66.54619992495543 6.117285773018595e-17)
(-171.2663637255271 -83.19234971990036 2.116223268962132e-13)
(-185.2444220051653 -104.8869282619158 -2.766525451553027e-17)
(-190.5091347251485 -128.1356988152687 -1.543175104230794e-16)
(-175.40512425142 -143.8333180632805 -1.055847030157511e-13)
(-116.6541918782816 -136.809899740261 6.604083087932737e-17)
(10.64614883107047 -95.90376744717966 -2.115656045528039e-18)
(198.0456689242624 -108.4163211003696 5.566414599564541e-14)
(248.4507746040489 35.85947756413288 -1.852655522424316e-14)
(0 0 0)
(0 0 0)
(0 0 0)
(0 0 0)
(0 0 0)
(0 0 0)
(0 0 0)
(0 0 0)
(0 0 0)
(0 0 0)
(0 0 0)
(0 0 0)
(0 0 0)
(0 0 0)
(0 0 0)
(0 0 0)
(0 0 0)
(0 0 0)
(0 0 0)
(0 0 0)
(0 0 0)
(0 0 0)
(0 0 0)
(11.04322490906572 1.527137193308717 1.20968251214187e-18)
(27.50346151102926 -7.39466808935035 -4.721486914108152e-16)
(32.42054111097475 -17.49938636926158 -1.278312778272815e-15)
(27.45041805984812 -24.38659278959693 4.17462479691589e-13)
(16.74683259724549 -27.53793436776905 -2.120744917571583e-13)
(3.886394747087909 -26.56689025207855 -3.85304332417583e-16)
(-8.49337829923488 -20.62303852872271 -4.052926682456075e-13)
(-17.75823565301668 -9.837941080417449 -4.047350999118435e-16)
(-21.42692184298048 4.197095500552508 2.161873611435413e-13)
(-17.93983625881773 19.16172802129261 2.011940027328483e-13)
(-7.052948726832287 32.93505769553482 -1.952631419615333e-13)
(10.19869365000289 44.01985745858998 -6.705246651657273e-16)
(31.21100866536035 51.08846053462776 -2.174167969924784e-13)
(50.34959272569237 51.6428079825867 2.129889779773236e-13)
(57.34466897574402 41.5323471209292 -4.029315617760049e-13)
(40.77418500822653 -3.675342599176247 1.647872088350149e-14)
(8.830552184283812 12.46044978545004 -4.128806553304025e-13)
(0 0 0)
(0 0 0)
(0 0 0)
(0 0 0)
(0 0 0)
(0 0 0)
(12.36508856214813 7.681857159658913 2.942105621739248e-13)
(45.51290782639227 -59.00046014676991 -1.591802789335166e-14)
(59.28070677083805 -57.79167591270831 6.324672865507258e-16)
(44.27718335290227 -72.93276089739967 4.21895705573997e-13)
(11.34256107110082 -76.63137901691124 -5.624797609658352e-16)
(-27.9856566382507 -74.61609788292185 -4.480652764205059e-16)
(-66.84885082507613 -71.69978656955139 4.487071986649772e-16)
(-102.4914995011215 -70.2610505166349 4.04040258471978e-13)
(-134.1283439459117 -71.09281462659669 6.122652091750867e-16)
(-161.4146149779897 -74.19405512292246 1.276067081719115e-16)
(-183.4391295252811 -78.75672814496839 1.942565436385314e-16)
(-197.356189426963 -82.51956003415644 1.538667931523952e-16)
(-196.0878121919534 -81.1981526628508 1.133682362196246e-17)
(-166.1976115336744 -69.56665031896098 -5.301911944867008e-14)
(-89.77714007836877 -46.15990933122857 3.840838471059121e-18)
(44.47733697465809 -19.82742825085927 -3.234700093724427e-18)
(220.4573170857391 -59.5209186929054 -2.176208145945284e-14)
(256.6672958437557 14.93232213534018 -1.429375215469402e-13)
(0 0 0)
(0 0 0)
(0 0 0)
(0 0 0)
(0 0 0)
(0 0 0)
(0 0 0)
(0 0 0)
(0 0 0)
(0 0 0)
(0 0 0)
(0 0 0)
(0 0 0)
(0 0 0)
(0 0 0)
(0 0 0)
(0 0 0)
(0 0 0)
(0 0 0)
(0 0 0)
(0 0 0)
(0 0 0)
(0 0 0)
(6.870359181283384 35.54108115186417 -3.489472078107484e-16)
(17.86685250670966 28.3485406373688 4.142771106198742e-13)
(22.74106439854558 18.34732416314159 1.693722625374115e-14)
(21.19051614485187 9.862245823815726 -1.847337363095122e-14)
(14.92519077000675 5.092735861899595 2.114092609137647e-13)
(6.652554383866616 4.582972997299722 -6.624013314184013e-16)
(-1.238237803283447 8.350748458364265 -4.046933202355488e-16)
(-6.813086316105342 15.95341583742652 -2.118519595429654e-13)
(-8.452987642956865 26.19022017114496 -2.12276005170101e-13)
(-5.028802103140988 37.20499910138521 1.215637767549641e-14)
(3.70845707855418 46.85967347746549 4.002375929371773e-13)
(16.63215019317661 52.93027651345143 -7.026398608251649e-17)
(30.58420359820099 53.01317995647129 3.389209638984122e-17)
(39.96788032467403 44.7855400026944 3.053461693921495e-16)
(38.10945993243328 27.93517692960348 2.115421233703625e-13)
(21.7681786064256 -16.30820348728283 2.837989861979073e-16)
(2.027782411305857 10.23291486145692 -7.709510740565652e-15)
(0 0 0)
(0 0 0)
(0 0 0)
(0 0 0)
(0 0 0)
(0 0 0)
(3.925167016641902 10.51957955075668 9.164036806348475e-14)
(23.53102408376113 -44.84736235307282 6.094927948192194e-13)
(35.68949260073687 -41.01102361782876 4.046722733492131e-13)
(28.71707922796184 -62.40116356472323 -2.128661703177655e-13)
(5.097960079668073 -75.81341108256233 -6.635837440733965e-16)
(-28.33969076471869 -81.36580860938948 -1.98947495506696e-13)
(-65.03387081490857 -81.84250080914737 4.23942606551983e-13)
(-100.6753903933552 -79.79371604424159 -2.098542315781871e-13)
(-132.8787761381138 -76.44318685522407 1.901966424926892e-13)
(-159.9529951187839 -71.5955952525732 -2.114201388502183e-13)
(-179.5918686356381 -63.714021229675 -1.12986141647994e-13)
(-187.6858465279944 -50.0982398944644 -1.159336228708856e-13)
(-177.5562250204246 -27.90951985753258 1.341496841491888e-16)
(-140.3668809884589 2.89089387687048 -5.053889539810619e-14)
(-66.91496994657486 34.9997436181234 -1.335202094546946e-13)
(49.80082358036542 51.90203099815128 -1.587452659506995e-13)
(206.9001929890956 1.226238163367917 -2.13659979961217e-14)
(254.9734524090576 5.053593486402013 -2.80108193630269e-14)
(0 0 0)
(0 0 0)
(0 0 0)
(0 0 0)
(0 0 0)
(0 0 0)
(0 0 0)
(0 0 0)
(0 0 0)
(0 0 0)
(0 0 0)
(0 0 0)
(0 0 0)
(0 0 0)
(0 0 0)
(0 0 0)
(0 0 0)
(0 0 0)
(0 0 0)
(0 0 0)
(0 0 0)
(0 0 0)
(0 0 0)
(3.851284961829832 64.32084479524985 -1.381333535364277e-16)
(10.31032597238608 59.16529274869489 -1.00409768717556e-15)
(13.93424631180179 51.14647227350934 -1.0913024504002e-15)
(14.19582979940529 43.08538092499625 1.892076796804094e-16)
(11.46755979541711 37.27995899059722 -6.571410529719332e-16)
(7.14440734182933 34.77117953349556 2.256292426610697e-13)
(2.877064527641765 35.62505523015274 4.918630208453886e-15)
(0.08123604782352578 39.30682419503511 6.333360180045872e-16)
(-0.1753385867929649 44.76031950918216 2.118301439630779e-13)
(2.729617041087485 50.40818121017326 1.284621719763655e-16)
(8.672328677950627 54.25021998532934 3.469789364738905e-17)
(16.35220007950275 54.0778539679127 5.816054219777554e-17)
(23.06627211965703 47.9468002007981 5.767666018572556e-16)
(25.27158977870633 35.24389138300371 -9.046407149099261e-17)
(20.33295050558659 18.26841085032557 -2.174725363493465e-13)
(8.676835658733836 -21.79837763924412 5.046977192941792e-15)
(-1.637123902253444 10.2924933918729 1.753207203298518e-13)
(0 0 0)
(0 0 0)
(0 0 0)
(0 0 0)
(0 0 0)
(0 0 0)
(-0.7028005676574807 10.7322599426277 6.939761848642787e-14)
(8.321555712351985 -38.49498648922133 -1.168694364903867e-14)
(14.53522767259188 -29.48730850185966 4.907536770005355e-16)
(9.474795888974485 -49.85771157631989 2.123053132647296e-13)
(-7.622083978327835 -66.71370467660634 -1.855947865685006e-17)
(-34.01474635597076 -77.04445439653082 -2.123645170259381e-13)
(-65.27675824992268 -80.76286729924986 2.223536443309021e-13)
(-97.09218554891255 -78.95337496912919 -2.1087461293599e-13)
(-125.9302231585558 -72.36034634236516 -2.193065297066943e-14)
(-148.6854493572022 -60.68724070556157 1.002244645793495e-16)
(-161.9417741625235 -42.60187267115201 2.551599307669968e-16)
(-161.5516880354276 -16.38504515065023 -8.304073641045296e-15)
(-143.098678408868 18.62495777489492 4.398914404221767e-16)
(-103.2883480797092 59.86295749266989 -1.049437682183476e-13)
(-40.76600305332314 99.45415734291922 -1.057934851446004e-13)
(45.85110646340588 123.3511188115045 -1.562792044497374e-13)
(159.0517563753127 92.98763880804435 4.499498486517614e-15)
(197.2460304692262 75.3626645141817 -1.343933986465624e-14)
(0 0 0)
(0 0 0)
(0 0 0)
(0 0 0)
(0 0 0)
(0 0 0)
(0 0 0)
(0 0 0)
(0 0 0)
(0 0 0)
(0 0 0)
(0 0 0)
(0 0 0)
(0 0 0)
(0 0 0)
(0 0 0)
(0 0 0)
(0 0 0)
(0 0 0)
(0 0 0)
(0 0 0)
(0 0 0)
(0 0 0)
(1.715028791668978 90.7845022866105 -4.441876511867308e-17)
(4.693108635264467 87.01554712078986 -1.708553754025443e-16)
(6.661152576248059 80.72277845222239 -1.308710302523583e-16)
(7.324002878607683 73.50439335072407 -4.321485999869607e-17)
(6.610989385659556 67.05218752731695 -3.070632745129007e-16)
(4.997650611106744 62.47505737655219 -2.137393223491604e-13)
(3.297406843483552 60.07501793503668 -2.11688794293779e-13)
(2.32217795201537 59.4776676594019 -2.236610796906745e-13)
(2.64836936589932 59.78834756228446 -2.140677258044783e-13)
(4.461098370977329 59.67900772559956 -1.567280504057454e-16)
(7.378129828428071 57.52526405895674 2.859490757874699e-16)
(10.32873038343816 51.75461495215172 6.211870094921629e-16)
(11.75024105409772 41.51099212598569 -1.174692779376534e-14)
(10.28949103130448 27.51937854174539 -2.119036433809527e-13)
(5.720831884726273 12.5758255312276 -9.128110713795303e-16)
(-0.6733845596101176 -24.22997612722436 2.232947009924099e-14)
(-4.035992408282673 10.43559932376971 -5.799399908647022e-14)
(0 0 0)
(0 0 0)
(0 0 0)
(0 0 0)
(0 0 0)
(0 0 0)
(-3.705458141528929 10.63441802644651 6.253642242092726e-14)
(-2.428222848954548 -35.52735707341228 -2.223899840837414e-13)
(-2.346835060908054 -22.27800314180325 -8.875160956976027e-17)
(-8.509316949179516 -39.07983851515286 -2.142280598576471e-13)
(-22.08878274701816 -55.0746673843035 -1.696296130076469e-16)
(-42.38885338865774 -66.59888309807978 1.429835653748082e-16)
(-66.94279137340808 -71.72800909569759 2.194968780252723e-13)
(-92.27286943551479 -69.88185995935423 -2.113818129474793e-13)
(-114.6126418779331 -60.92076694362189 2.118026260562288e-13)
(-130.1945214466238 -44.49838866238625 -1.17066184546092e-13)
(-135.2896730714037 -20.02982289586196 1.144344669064767e-13)
(-126.4590160688121 12.71759499338837 4.112188822693284e-17)
(-101.3082223573022 52.69287037364123 -1.55859329426329e-18)
(-59.53768139297817 96.9273480943846 -1.004629034269241e-13)
(-3.426808579302627 140.9527926210912 8.164072109904536e-17)
(63.48381362552892 179.9587983492821 -5.648850242972914e-14)
(143.1760910655714 193.3692538284676 5.068301448963541e-15)
(189.6243810108297 215.6843026588331 -2.338113092511027e-13)
(69.48863962660553 224.8807893907187 -2.108497945005763e-14)
(8.327801597754265 285.2959189006979 -1.509702708704141e-13)
(17.52325459821277 296.4056813678054 -1.318100471352207e-13)
(26.79475464718207 297.0970265699161 2.888602399794939e-13)
(27.00836088151688 278.0601344444813 1.885172042014504e-13)
(25.16575100783486 239.9549847985843 -8.297273003892774e-14)
(26.05509163141753 189.3988239623665 5.356982728139706e-16)
(30.55750388436936 135.3843070722231 1.749071344287872e-13)
(36.59035793019087 85.93376135366678 3.898188444346056e-13)
(41.80194686188619 44.86488520193141 1.892995023132458e-14)
(44.76067342910937 10.90045664003089 -6.883046466206364e-14)
(44.73701771688934 -20.46769395657245 -1.189283657926028e-13)
(41.74275772533368 -54.69611730815032 9.297913176164028e-14)
(36.50349113872147 -96.30274539013455 5.337818293979191e-14)
(30.41957171213484 -146.632335035553 2.949146780535104e-14)
(25.67084055434681 -202.0972033746313 1.171479674176494e-14)
(24.28608150269795 -254.7014757193814 4.204285974449256e-14)
(26.15519055704275 -295.0179989535259 4.508868994244865e-14)
(29.71168322624268 -314.4649504018913 3.647407522364883e-14)
(32.96048571132454 -309.5209925112798 2.343604174724875e-14)
(36.52019928157824 -281.1625517013512 -2.888018751264151e-15)
(45.63179372788297 -243.4243326048623 4.586742202487053e-15)
(29.21598318031275 -221.4650261063832 1.157947170920711e-14)
(0.08214943479165744 115.7942040177605 -1.526754332316984e-16)
(0.2492161657040805 112.7198359409546 -1.364970347667522e-16)
(0.4230925409909562 107.3296019903207 1.086510710788435e-15)
(0.5252388772909539 100.5034984463185 1.066257535354953e-16)
(0.4382238123074664 93.32439443243683 -3.473555293760808e-17)
(0.167237733869937 86.69423163626024 -1.71458208761628e-16)
(-0.1203252020956883 81.03159572009046 5.075227047727388e-16)
(-0.2054343313355058 76.19165630401663 1.250445520478904e-15)
(0.02600147937695025 71.54271865068986 2.147996180042905e-13)
(0.4665335439343252 66.11359140826106 4.531628765434502e-16)
(0.7479359059474932 58.83349805571799 2.184297901228405e-13)
(0.3379281569242847 48.92880761245861 9.079621081820054e-16)
(-1.168964259976862 36.43333692012443 -1.773348462940597e-14)
(-3.663576815188013 22.55755558809228 -7.028600215899626e-15)
(-6.346893659707919 9.555278169154153 2.110433333526043e-13)
(-7.986073995746666 -25.35587203737883 7.229009423261652e-15)
(-5.916714968302088 10.50638613352178 -2.664178538469939e-13)
(0 0 0)
(0 0 0)
(0 0 0)
(0 0 0)
(0 0 0)
(0 0 0)
(-5.909774071802967 10.58743778327084 3.104791965215329e-13)
(-10.38641108827648 -33.88997680612936 -1.605173670126123e-14)
(-15.31238767109242 -17.59796776417167 2.500118785983635e-16)
(-23.32186834880715 -30.56899432511961 -8.724304433140089e-17)
(-35.14112856582558 -43.68119605166089 3.231298673408809e-18)
(-50.66808807724379 -53.75966161971198 -8.48222610593889e-18)
(-68.55973511012905 -58.29122624384039 2.120635905777553e-13)
(-86.28494339281785 -55.7017552994456 -1.534781451967539e-17)
(-100.5467518647426 -45.17370918312674 -1.219917982967381e-16)
(-107.7945053023399 -26.38384345137915 -3.554368318208993e-17)
(-104.7257904996984 0.5066101831681598 -2.93218281854024e-16)
(-88.82899477053101 34.58248252865411 -2.667722353501489e-17)
(-58.88892532393839 73.92990749399456 1.052495372978895e-17)
(-15.02842583351997 115.8640578787922 1.058471901611457e-13)
(42.26544736452936 157.7338386469823 -2.431228406071386e-17)
(112.7487966151837 197.0919252752014 9.70856254365817e-17)
(186.5809218838465 227.8676714227532 -2.723156373664993e-16)
(172.0831267908176 197.792366122159 2.58732051806355e-15)
(91.86933343671284 221.5487009181161 3.966533777192455e-15)
(12.67137075820115 277.6395702782684 3.546240548626962e-15)
(-46.45707416332405 305.5275587214749 1.226320722084784e-14)
(-101.963290619733 306.4467907919217 1.740921736581018e-14)
(-158.4110825177894 287.4807480010399 -1.974211843668485e-13)
(-207.1737673295796 254.4349369362562 6.776917501785601e-15)
(-237.8770749989725 211.3284318322446 1.227154629520353e-15)
(-247.7215198262761 162.3813294451322 1.774139655356094e-13)
(-242.4354787884864 111.8513379848721 4.86822317325489e-13)
(-231.7712952005834 62.97589419844112 3.494709305228987e-14)
(-224.1444949683966 16.60444118582668 -1.787674925644115e-13)
(-223.9940593950708 -28.70762986150637 2.27360977533955e-15)
(-231.3104500688448 -75.29958606912183 -1.240113410021893e-15)
(-241.697381265417 -124.6846829294513 -5.833268151729668e-15)
(-246.8770865346649 -176.1127910519783 -1.047621056173789e-14)
(-237.0881033876788 -226.3394420718771 -8.382586582698394e-15)
(-205.8132235000564 -270.6693947742666 -6.372399988971109e-15)
(-153.622920977198 -304.0206420827402 -7.400583289346005e-15)
(-87.80894788142547 -321.8510836024182 -5.929875380842693e-15)
(-19.98242203569462 -322.9471609473864 -4.265243951523671e-15)
(34.70265667384482 -311.3349774221574 -3.81951458795131e-15)
(56.74582819500178 -299.7733245623893 -2.741002654663077e-15)
(31.39458754270189 -300.9075721554497 -1.492341529983511e-15)
(-1.359901525816692 139.1540610490479 -8.288592231843252e-13)
(-3.770917733926163 136.250048576306 -4.298544432702259e-13)
(-5.55518493082886 130.9973559438532 -4.274358959593073e-13)
(-6.681204693670369 123.9129650060384 -4.224259570780857e-13)
(-7.198277441483308 115.6825317312876 8.885380099521457e-17)
(-7.295148115256755 106.9763993438528 5.335384240519235e-16)
(-7.205168499223247 98.23057707026206 -2.254128167669189e-13)
(-7.166699118993383 89.50943450506215 4.058319251593247e-13)
(-7.429695524139311 80.50941919637573 -2.242855235517632e-13)
(-8.248122214118661 70.698502744563 -2.164555342375655e-13)
(-9.806653958048598 59.57078496064347 1.125264993292048e-15)
(-12.0714307430235 46.9715477661162 -2.276467192241909e-13)
(-14.62101097884037 33.37272156976054 6.123182347084642e-16)
(-16.58856773185563 19.92296055950874 -3.352481294141712e-16)
(-16.82998625926185 8.19579250594936 -7.22959574014393e-16)
(-14.26861450827058 -25.769380014331 2.265832979141761e-13)
(-7.655163678747541 10.60409211016064 -2.658567737741906e-14)
(0 0 0)
(0 0 0)
(0 0 0)
(0 0 0)
(0 0 0)
(0 0 0)
(-7.655070310054162 10.54204028854262 -1.161747798257381e-13)
(-16.42967562896585 -32.86255683028722 -1.786756951195778e-14)
(-25.05783835383974 -14.30150432291079 2.128651156083211e-13)
(-34.59254522933626 -23.87215931708512 2.496081616141991e-16)
(-45.27945003954049 -33.54882305062959 3.554294992840757e-17)
(-56.99888359116519 -40.87392239365416 -4.038962211122681e-18)
(-68.88488507129688 -43.51914483439375 -1.454034921590454e-17)
(-79.15535237414441 -39.6919539100841 -1.486347306395403e-16)
(-85.29473002000425 -28.35587042898559 2.111079646616589e-13)
(-84.51420207983782 -9.298032755310473 -1.348997228420623e-16)
(-74.32334709662854 16.83707159933426 -5.00616128960247e-17)
(-53.03571876857921 48.53193256701352 -2.034250832293409e-13)
(-20.02664701433271 83.49178479853946 -1.72911209313521e-16)
(24.26624975038624 118.8043935613915 1.782053896183385e-16)
(77.80105871409542 150.5739095153763 -2.007234591615186e-13)
(133.6176458528951 171.9490379045075 -2.086550461080662e-16)
(173.4399250152879 170.7664558942311 2.071255930712942e-13)
(173.2409271249894 139.1669833973095 2.107086646578589e-13)
(134.157093012374 135.9775014851524 -2.158194133342719e-13)
(78.19561330136283 154.6188873618374 -2.189633579498585e-13)
(20.56030847351539 170.8608089743433 -2.673829360371363e-16)
(-33.43733408229161 174.1997437065633 -2.666780618274826e-17)
(-82.4759897819409 167.7282565517329 -5.86209016561193e-16)
(-121.6758105147874 155.7788374327239 2.235449087877802e-13)
(-145.3655322829631 139.2726188319225 2.111826198181211e-13)
(-152.0947949668891 116.9896580133057 2.11504687162335e-13)
(-146.2465626118521 88.05695507454666 1.1081713540386e-13)
(-135.7609268833915 53.30698355262749 -2.307039625517858e-15)
(-128.3334442451451 14.85433083813682 -1.059538401997422e-13)
(-128.4827974000084 -24.84613212973784 -1.494430199469792e-17)
(-136.2496927184252 -63.37512160316125 -5.293350077473077e-14)
(-147.1963797558104 -98.32588714442947 6.058845839517373e-18)
(-153.6324373971485 -127.5892604167251 6.749511839415639e-15)
(-147.3146986458434 -150.190797931762 5.169475498775548e-14)
(-123.0358535807961 -166.8317194285012 -5.367746184340953e-14)
(-81.3574226755139 -179.306741577041 -4.241292511561922e-17)
(-29.24346209563816 -189.7291534430624 5.249389560133971e-18)
(21.00158650761466 -200.7790259408013 1.058920127630614e-13)
(53.8844840891008 -215.7149394237211 8.458644059652752e-17)
(56.06155081892496 -235.897304632113 1.00819393140803e-13)
(24.09759980105541 -255.1685282021798 1.022169281052175e-13)
(-2.822745351390218 160.0663866891845 -2.013554636089648e-13)
(-7.906975962994922 157.0117816729249 -6.23510028125239e-13)
(-11.91399104493586 151.3953701829843 -8.305491694535111e-13)
(-14.78958534911594 143.5710784421719 -4.236796218448602e-13)
(-16.49834186215285 134.0189702912397 -2.583583094436657e-17)
(-17.28471693664383 123.2605518672659 2.342751466422597e-17)
(-17.58729004808644 111.7348478894658 4.656193427732161e-16)
(-17.92659220459907 99.68984287675052 4.077776413588434e-13)
(-18.7849302753153 87.15573781055383 2.31257471312326e-13)
(-20.47210068529678 74.03080458141125 -2.271990176662492e-13)
(-22.97901906922132 60.26034259582371 4.121149016536956e-13)
(-25.86013523687966 46.03893095353732 9.140130717325254e-16)
(-28.21755147067902 31.93141496140255 2.059681622614e-16)
(-28.8405058747339 18.83509023205936 2.746413871689533e-17)
(-26.47064349907975 7.817466212501272 1.946790926911095e-16)
(-20.12065100875662 -25.76063895416999 -3.875604905353834e-16)
(-9.474733585098381 10.74023124470896 -9.89132531174537e-15)
(0 0 0)
(0 0 0)
(0 0 0)
(0 0 0)
(0 0 0)
(0 0 0)
(-9.114732013426853 10.47446437733606 2.544206643486552e-13)
(-21.03385272838895 -32.1912211135293 2.102675811288961e-13)
(-32.17350682888295 -11.85622449527014 7.333705602584702e-16)
(-42.56918707354271 -18.57730282348869 1.046103718792009e-16)
(-52.14289163991285 -25.00635624275169 1.211709067651593e-17)
(-60.63840986107018 -29.31859029511748 -2.423355469539314e-18)
(-67.37776662772862 -29.6862969270563 -1.777156184370867e-17)
(-71.12166898535733 -24.59987469719347 -1.397492425801292e-16)
(-70.15283071101626 -13.18378420248961 2.109221723318061e-13)
(-62.60156327286506 4.589329669109397 -1.389386768719257e-16)
(-46.89582518357847 27.81240573297359 8.057791767791639e-19)
(-22.1742815825242 54.67052412683745 -1.849513240575939e-16)
(11.38353565086012 82.49839682956622 1.125918450472123e-13)
(52.05369884309275 107.659223059435 -1.153104761526793e-13)
(95.41009170092238 125.0980912300289 2.395440927576701e-16)
(132.9413430394369 128.4122322878202 4.674146029046215e-16)
(153.7988665337558 113.4833390993745 1.93985346917322e-13)
(152.3768267292596 87.53092059758274 8.213386253463042e-15)
(127.9999654693221 68.95401987084034 2.233096511206955e-13)
(83.14883563018836 62.53372723904443 -7.714352240138072e-16)
(26.54761936895002 63.88522991384986 -6.929561171671312e-16)
(-31.68013067673111 66.61303465425674 -8.559263155804619e-17)
(-84.27172591106195 68.87807960563025 -3.998781850303695e-16)
(-126.1330655069247 70.74820161453505 2.120796976414292e-13)
(-153.9269249546276 70.87609555090053 1.567103939075546e-16)
(-167.2225055568331 66.34533602381822 -2.114327170860971e-13)
(-169.1703434081672 54.58913430212314 2.059001414416435e-13)
(-165.4271968668149 35.13210397625035 3.126174986768742e-16)
(-161.8159977058048 9.950361505341579 1.090319244793273e-17)
(-161.9683534941447 -17.30524251038822 6.866268794819164e-18)
(-165.9351426430871 -42.43749847396803 6.421933954040566e-17)
(-170.1508194277689 -61.82087807200808 1.393418239673611e-17)
(-168.7467866364632 -73.51731988045988 -1.211705492170014e-18)
(-155.8933002483181 -78.14737349162205 -5.412614898144912e-17)
(-128.4286753408811 -78.9176479157003 -4.628192637924163e-17)
(-87.83885321112091 -80.5769443072449 -1.616205852247207e-18)
(-40.88737645759861 -87.87956002152814 2.423740956204164e-18)
(1.538151630082359 -104.0530510598291 1.292420617612965e-17)
(27.77464863174081 -128.9835356824605 2.181283892173951e-16)
(31.01110462743229 -156.9703820331879 3.336180850163449e-16)
(13.27190706554935 -176.9527456817054 4.846888768514189e-17)
(-4.415611415636173 177.3370248524762 -5.040527837618957e-16)
(-12.44150745427475 174.0104495686251 -8.352439129196556e-16)
(-18.99588817492458 167.8474007478852 -6.38707780335633e-13)
(-24.05760459154158 159.13389818491 -4.246054023538407e-13)
(-27.50880401797906 148.2544133348693 -2.100276401202461e-16)
(-29.57927051639783 135.653315377516 -3.053285215730698e-16)
(-30.77587749023953 121.7824025165056 -4.030494537369116e-13)
(-31.74580919509911 107.0463071940353 5.08047514005292e-16)
(-33.08873381689124 91.7739096180488 4.06516142163644e-13)
(-35.1435174291347 76.2365886024312 -2.111153240288725e-13)
(-37.79852758936804 60.71029272452284 -4.07515748453452e-13)
(-40.40035838242301 45.55348571691172 1.492511138028866e-17)
(-41.82485169866571 31.26004226616276 2.123738014931894e-13)
(-40.70251647449308 18.45901363108421 -3.391515892005987e-17)
(-35.70737681117203 7.87289171780763 -2.05393645322028e-13)
(-25.87510454458473 -25.56886417964797 2.203955776696532e-13)
(-11.49022301581104 10.88853049628971 -4.121163626552854e-14)
(0 0 0)
(0 0 0)
(0 0 0)
(0 0 0)
(0 0 0)
(0 0 0)
(-10.40356403571823 10.39105674594071 -3.689453041850291e-14)
(-24.53591865365346 -31.77638887575047 -2.166090006415444e-13)
(-37.16759647090968 -10.08153123953958 8.024606706225637e-16)
(-47.74267697771811 -14.52266030056749 7.794905968381211e-17)
(-56.02073751188173 -18.23494648860348 1.090553874720998e-17)
(-61.67882427622116 -19.91339504738379 -2.117550055925245e-13)
(-64.16616946593719 -18.28851083510668 -2.423390419252523e-18)
(-62.65283963922654 -12.32781720720027 -2.584963993364995e-17)
(-56.10552564514344 -1.499045691772023 -1.268244172688126e-16)
(-43.51801214173427 13.99225922596203 -2.50416664067747e-17)
(-24.24215264394267 33.06155916369808 -5.774638332879471e-22)
(1.650272314888016 53.70846113675578 6.46137321151385e-18)
(32.96205189931637 73.02610431149088 -1.6234951469404e-16)
(66.86594416122043 87.24984693911692 2.319157876581089e-16)
(98.55406796906858 92.17735114606796 1.025910576143018e-16)
(122.0028935676565 84.75930069926841 6.664002436523905e-17)
(132.5586131692445 65.97999251926866 3.829211789012516e-16)
(128.7116079045074 41.77815578734646 -8.574529474439849e-17)
(109.1598995615409 17.98541562010151 -2.066027385924132e-13)
(73.12682315329862 0.3415046253911935 1.915473855883656e-13)
(24.63961569530205 -8.199396612359701 1.704749866612919e-14)
(-28.44448452101497 -8.610236424785572 4.176143891018938e-15)
(-78.34082300497228 -3.286453892501384 2.072637513730306e-13)
(-119.6777947103684 5.285702671883188 4.711084245043608e-15)
(-149.7683979042898 14.2322368738147 -4.890447794740645e-18)
(-168.3817560847637 20.29867248797254 6.302769205712096e-17)
(-177.4597944688142 20.8260192802921 -2.113341296434687e-13)
(-180.3996995874214 14.92772326172759 6.300678315322422e-17)
(-180.7707907202219 3.984181912308566 1.454093503746095e-17)
(-180.8706574442588 -8.822703381133078 6.138860985950233e-17)
(-180.7653283666774 -19.655332754351 5.080194065901997e-14)
(-178.2762012097984 -25.40347848680672 3.21373954658605e-15)
(-169.9589327628125 -24.89757392992469 -1.030686565882979e-17)
(-152.7150265862352 -19.5495786887418 1.615162536299871e-18)
(-125.4654242773684 -13.11203041585712 -2.905190775296065e-22)
(-90.31933467914655 -10.54125222084878 1.61484642846045e-18)
(-52.71956877386834 -16.23412894642445 8.066499508218675e-18)
(-20.10238908127531 -32.01017785082006 1.947035642270309e-16)
(0.9671530005836445 -55.40174472337066 -1.123269006227473e-13)
(8.093630873807033 -79.3675412923463 1.107678405819432e-13)
(4.114378743931107 -94.99744338271948 2.278057090542426e-16)
(-6.150524649159681 189.4668797213746 -3.231734001065575e-18)
(-17.39628079404788 185.9362742864713 3.37644163391964e-16)
(-26.79054244599731 179.3688943235677 -2.256651575933911e-13)
(-34.38257276856366 170.0092977639103 -1.946023558323465e-13)
(-39.97892466751191 158.1734430533011 -6.963530189686043e-16)
(-43.75672774833541 144.233114363187 -1.389200553801805e-16)
(-46.19429822677229 128.6192204308646 -2.552317875416586e-16)
(-47.93508509872803 111.8325240556094 7.068194433360932e-16)
(-49.59464886638695 94.44263257930271 4.126944643978622e-13)
(-51.53571758432089 77.05636240618362 7.884169693289482e-16)
(-53.66212196264484 60.25533027725628 -8.961172576377989e-17)
(-55.31038570185029 44.53605968913379 4.206285544397075e-16)
(-55.31202355932585 30.30246031106134 4.034089084923821e-13)
(-52.22765642225145 17.92707859586511 2.036585763529771e-13)
(-44.66055747436907 7.832956224536897 -2.005404587474997e-13)
(-31.62050156598276 -25.42615586826886 1.115990248084641e-14)
(-13.71796213629849 11.02499470723649 -6.407197315406783e-14)
(0 0 0)
(0 0 0)
(0 0 0)
(0 0 0)
(0 0 0)
(0 0 0)
(-11.62854549252548 10.29400467088444 -4.661017132572954e-14)
(-27.25126682829598 -31.59080327228812 7.550101133278579e-15)
(-40.54187124102815 -8.967026569119179 1.966934919231848e-13)
(-50.72260232474397 -11.72439432245896 -2.116669450137032e-13)
(-57.53362638835543 -13.40767488778958 2.300694443718577e-17)
(-60.69197420670015 -13.14937604130577 2.117646992389044e-13)
(-59.79218878274907 -10.17902357607969 3.23129432791339e-18)
(-54.33220383400175 -3.925447484730046 2.423377661136448e-18)
(-43.83275426981725 5.789262695613106 -1.05015065482775e-17)
(-28.04095841392478 18.52195773938436 -7.270478022750328e-18)
(-7.179623276146996 33.04189718431349 -2.262053627971571e-17)
(17.79026355526891 47.29162017176838 -8.887451266468258e-18)
(44.92492145738908 58.51675854083346 1.433814563708201e-17)
(71.20494568815454 63.67242296558074 8.572583287981835e-17)
(92.91954541359375 60.29979936795495 1.013767696274362e-16)
(106.7439843293105 47.79943090329343 -2.123106979665496e-13)
(110.8177215966305 28.12334910185848 -5.525258736520473e-16)
(104.3822498208158 4.586428597425053 2.254389731300507e-13)
(86.56331431854059 -19.69016577243223 1.992653161105471e-14)
(56.96402342371135 -40.32188983929446 1.6853806725016e-14)
(17.59587820615792 -53.21182556834608 -1.310227515753565e-15)
(-26.76718798080066 -56.75077133424256 -2.202578073988371e-13)
(-70.37578678031021 -52.05453351668488 -1.260121477091223e-15)
(-108.6143746935357 -41.78668401805817 2.073783710491802e-13)
(-138.9139550990013 -29.13724021102849 -4.604274681244147e-16)
(-160.6287231461738 -17.1808371670621 -1.293868604364398e-17)
(-174.541292578397 -8.248083973381556 -8.092951528410794e-18)
(-182.2690341689502 -3.302106162305457 2.746491089591276e-17)
(-185.5664243571384 -1.645537702940908 -2.988354933885987e-17)
(-185.6078681664683 -1.226078898305405 1.575234103654902e-17)
(-182.5159176822664 0.4940084878026137 6.945641356985298e-17)
(-175.3930605272725 5.421624554065663 5.250369104992246e-18)
(-162.8928868369909 13.9000413467825 4.183052597287157e-22)
(-144.1077566851151 24.32555796535779 4.842273705809381e-18)
(-119.420348816634 33.49265525235054 1.615312081478496e-18)
(-90.96095169045188 37.63540710169183 -6.453167451323689e-18)
(-62.35630197083986 33.94852869737318 -3.202568397573789e-18)
(-37.62946405298689 22.13067565965688 1.454088285367602e-17)
(-19.58271489125829 5.183757102264461 2.164678345918737e-16)
(-8.583373736507902 -11.35054131939761 2.536600063300605e-16)
(-2.358975725216881 -21.77211526458856 1.779158994086053e-17)
(-7.947383323391342 194.6976948057819 4.846214564352279e-18)
(-22.53929888747618 191.2136412412347 2.423527369539554e-17)
(-34.9228647143303 184.7048971122123 3.020822498754741e-16)
(-45.25305586707119 175.3473256531366 -6.752780012358365e-16)
(-53.28498741553977 163.341430359889 -1.373247659882259e-16)
(-59.13349313161157 148.9108636885341 -4.200660337730456e-17)
(-63.17646779290261 132.3595137574205 -4.200589894498387e-17)
(-65.92239704739208 114.168184170821 4.05502428682245e-16)
(-67.86489546864982 95.06785414687509 7.156907168355315e-16)
(-69.33081974001163 76.00871580998553 6.947021221424734e-17)
(-70.31883031674381 57.98747963936435 -3.695689470062419e-17)
(-70.35322835585221 41.79839831639443 -4.595877222621703e-17)
(-68.43383279464723 27.86757828907411 2.1157000308566e-13)
(-63.1720205601493 16.30563220097541 -2.125676502912222e-13)
(-53.11062161354186 7.137372034142244 -8.304026885738441e-16)
(-37.18756716568914 -25.57803026909263 9.136348980093548e-15)
(-16.07430344067259 11.12424799844303 -5.860234233671399e-14)
(0 0 0)
(0 0 0)
(0 0 0)
(0 0 0)
(0 0 0)
(0 0 0)
(-12.91530905757605 10.17901964751704 -9.488096356483286e-15)
(-29.51747285655893 -31.63211750355544 2.268746140678683e-13)
(-42.82433534236879 -8.552478446443189 -1.917710094868719e-13)
(-52.18332529762185 -10.24853247253816 -1.966319341684896e-13)
(-57.44571923179463 -10.65882857194085 -2.342541172469009e-16)
(-58.45017296432835 -9.281084220020938 6.480869132651888e-18)
(-54.94224090661864 -5.716694224677941 1.938745880777972e-17)
(-46.6845533619022 0.2826222833935788 1.857924086627537e-17)
(-33.65812041418603 8.629650497119689 1.615670359750894e-18)
(-16.26537764922054 18.67364992726376 -4.362050515298357e-17)
(4.527509784969213 29.07306962162161 -2.685884429313844e-16)
(27.12513367102355 37.86489965299263 -2.350659376749991e-16)
(49.34285469236937 42.77375368798776 -1.590430249524478e-17)
(68.64898496976402 41.77276589278082 5.676507003090621e-18)
(82.68107587426357 33.79651240124711 -2.122598978225087e-13)
(89.82644327399798 19.23201182990751 -1.9989988048104e-13)
(89.34561084879037 -0.3053835807900174 -6.41354360445393e-16)
(80.89809299236578 -22.71469722247264 -6.414174594301634e-16)
(64.25158111019418 -45.53338133748584 -4.701530101314596e-16)
(39.60516339244839 -65.53141099726408 -4.58950076141971e-16)
(8.210734188525951 -79.34572294703139 2.185566709079722e-13)
(-27.28719252996465 -84.87175962517202 -3.133378501512074e-16)
(-63.37673568403824 -82.10043280946981 -1.35718317238021e-16)
(-96.76050138255736 -72.76978327991149 -6.461280206356358e-16)
(-125.1625510331003 -59.43846159736474 -2.665869862635876e-16)
(-147.4925998433605 -44.64970203504255 -5.17030403031218e-17)
(-163.581063485436 -30.35788898190411 -1.084050540883243e-15)
(-173.7971533554083 -17.57319947625707 -4.03590494302163e-17)
(-178.6947634906121 -6.25382171239837 -9.744983093814736e-14)
(-178.7311112712759 4.465741679824462 -3.819556644134018e-17)
(-174.1176249519513 15.71843852033406 1.517066110525876e-17)
(-164.8701683795157 28.2046750214655 -2.42227759107661e-18)
(-151.0549993507584 41.63794664025065 4.039298801986931e-18)
(-133.1224126584783 54.58585394685471 7.755540900481077e-17)
(-112.155575121394 64.81452228378568 -8.07783249557275e-18)
(-89.86346122413322 70.07929607960321 -1.599515718131842e-16)
(-68.22430009161867 69.13224842939472 -9.695695050134012e-17)
(-48.86716058574697 62.52821114571091 -1.454037882369929e-17)
(-32.51406401704419 52.72753399130375 3.231725057001546e-18)
(-18.86113010545763 43.25950439682307 -4.845359265706315e-18)
(-6.308135682373549 37.3415037526925 -1.745022953406849e-16)
(-9.635571462909342 191.0501981214485 1.773832474031907e-17)
(-27.38902293936531 188.0494650125241 4.039056740292504e-17)
(-42.65685804748661 182.3834296468454 1.938814975865585e-17)
(-55.7460395232011 174.0719614718336 -6.785631140896702e-17)
(-66.41538662705473 163.0801158910184 -4.200803067103704e-17)
(-74.73864434284025 149.3384826268286 -6.624032123885936e-17)
(-80.93697773844978 132.8639006382073 3.069699202338891e-16)
(-85.22674471350238 113.9635580831646 -4.147115465344797e-13)
(-87.75411722954368 93.42794788853149 3.021007085510563e-16)
(-88.61609210056277 72.56929956430075 -7.430309935628539e-17)
(-87.8724394662956 52.99153312987408 -2.572794773523702e-16)
(-85.4302870585509 36.11340277113279 2.765056544558408e-16)
(-80.80478967706114 22.67271523939862 -1.644262714370445e-15)
(-72.95786267691878 12.561406402818 -1.194719701849006e-15)
(-60.46929756485476 5.165279345903872 -2.908039152023788e-16)
(-42.13186207558394 -26.3007203695925 9.009581193170668e-15)
(-18.36089387762768 11.14642635989958 -4.673281903489457e-14)
(0 0 0)
(0 0 0)
(0 0 0)
(0 0 0)
(0 0 0)
(0 0 0)
(-14.40726415824309 10.04887015842794 3.279535518043705e-14)
(-31.69335712099999 -31.86182873841668 -6.340873266926402e-15)
(-44.56268238237404 -8.820797555152149 2.125761405541426e-13)
(-52.82895245047238 -10.09338068883438 2.1732998979225e-13)
(-56.56617813636434 -10.02977787112588 1.013718261887033e-16)
(-55.74983985967616 -8.374864662597535 2.020198778571487e-17)
(-50.22848227764214 -4.886493878144006 1.009666654095044e-16)
(-39.98585910759306 0.5639907867782212 -2.11703306966295e-13)
(-25.44172661953027 7.718775244223838 -8.056210554725658e-19)
(-7.597539288944834 15.71815314005836 -2.568787604238758e-16)
(12.01162644671023 23.10760526325066 -1.08053292233872e-13)
(31.49094761604709 28.0852144163013 2.093920588203755e-13)
(48.83278768276453 28.91923003195202 -2.175019533778804e-16)
(62.22770439368283 24.42250699159697 -2.424395721711117e-18)
(70.37879133836472 14.30896325031665 -1.857734422953699e-17)
(72.64208833561818 -0.7715191093754531 -5.44473647342268e-16)
(68.87101253280464 -19.52607848262267 -6.139311120874025e-17)
(59.15425204286164 -40.28409330065415 1.438322443680062e-16)
(43.74660053717739 -60.97019709286997 -7.749941768393678e-17)
(23.15168185291333 -79.14891457109246 -9.688162582773651e-17)
(-1.744470370392059 -92.35683892247705 -1.809735875213803e-16)
(-29.52189787658542 -98.77729880345768 -4.083720519185867e-13)
(-58.27381044183733 -97.85067578133376 -4.782060258324902e-16)
(-85.95240347053804 -90.33707957604682 -4.024428637477985e-13)
(-110.793873841451 -77.84684930461574 -2.181398338069615e-13)
(-131.5481505238203 -62.2158332226299 4.235424074398852e-13)
(-147.4647900255005 -45.02339683710589 -1.04651294947552e-13)
(-158.1649669166249 -27.33609431237319 4.555681968960065e-16)
(-163.5274832173684 -9.662093884205552 9.921403792750753e-14)
(-163.6356079479957 7.904190753196144 2.354975265032592e-16)
(-158.7769843550299 25.38874591529419 -5.219520167282514e-14)
(-149.4735524116817 42.59894211866408 3.31167620703101e-17)
(-136.5117079056639 58.88805511287053 9.04707221798542e-17)
(-120.9311810296597 73.15144814155967 5.151299883248119e-14)
(-103.9269066793097 84.0977415050357 -1.114687058073885e-16)
(-86.6432255510784 90.72270414519642 2.674604504755287e-13)
(-69.90738685291676 92.79737685446624 1.159571110109726e-13)
(-54.03417843100816 91.11539159302009 -9.693932427425629e-17)
(-38.85142163560864 87.31510681772068 -1.291749748646508e-17)
(-23.96843929569755 83.33223197098248 -1.938684266918179e-16)
(-8.277762759382563 80.7795103805325 -2.058080516448709e-13)
(-10.94881621005242 176.3830843378441 -2.020245644299701e-16)
(-31.20615769866335 174.5071350121422 2.051795855091054e-16)
(-48.90036826273844 170.8036854014412 6.139320837664765e-17)
(-64.55636962239831 164.9592843316888 -2.585214796485355e-17)
(-78.0184662557639 156.4931597440899 -1.647298256376682e-16)
(-89.34970837896007 144.8473006604982 -3.554309522283454e-16)
(-98.55139233292678 129.6003798341171 -1.88977316715721e-16)
(-105.3583498005977 110.775086541367 4.236570250478272e-13)
(-109.2591539886574 89.13376404077974 4.232870595465313e-13)
(-109.7672345029948 66.31345577780075 -3.158498284137258e-16)
(-106.7747271138819 44.63908738209285 4.224105853019447e-13)
(-100.6720462466859 26.51112005689602 4.115793925021277e-13)
(-91.98582916173906 13.48554596387556 2.774822912643141e-16)
(-80.67945645431753 5.537948838746431 -2.358963513112038e-16)
(-65.74017416557481 1.178215139729712 1.381387550626355e-16)
(-45.71133248536387 -27.90274371042645 4.098414205984384e-15)
(-20.24146252165049 11.05307787646298 -2.463673975597574e-14)
(0 0 0)
(0 0 0)
(0 0 0)
(0 0 0)
(0 0 0)
(0 0 0)
(-16.2291595318814 9.930298360739162 2.327424736980141e-14)
(-34.11394537395902 -32.12233653317127 2.099177095484987e-13)
(-46.29891235271111 -9.580497045828658 4.975986521336643e-16)
(-53.39230561308373 -11.1076944949424 -2.116039441380888e-13)
(-55.72720320625072 -11.46886740431567 5.655156188735714e-18)
(-53.30688897192172 -10.36705258255373 1.005707677541813e-16)
(-46.00338545486516 -7.368940576950457 -2.110877626957123e-13)
(-34.07928423356158 -2.292763077076149 1.009769739909158e-16)
(-18.50395805656222 4.389551708324435 9.976036680254406e-17)
(-0.876547639132123 11.48083732462264 -4.200784201978079e-17)
(16.89457105383856 17.33077591592422 -3.309891826769809e-16)
(32.93675843049198 20.2679718453967 2.08550998027535e-13)
(45.68014726380041 19.00648770271806 -9.895409163753225e-17)
(54.03871818992363 12.91749429647779 4.038847946634571e-18)
(57.48704976460496 2.109231234387355 2.117630831382813e-13)
(55.99140152918981 -12.68564901315594 -2.420060309127289e-17)
(49.83303664291816 -30.30037867759954 2.019364462463598e-16)
(39.4539743679622 -49.24750139073326 2.18592149466507e-13)
(25.38675983640785 -67.77564924812101 1.809506768895178e-16)
(8.218521583753251 -84.00572785598374 -1.42172500205887e-16)
(-11.41764997722854 -96.13873683197551 -2.127663492928081e-13)
(-32.78102940787964 -102.7549808427327 -2.19622919868557e-13)
(-54.93651646499684 -103.1305020080551 -4.006529004595296e-16)
(-76.7566749015415 -97.37678165239089 -2.119521616890238e-13)
(-97.04130466840655 -86.29779469893205 -2.067824337845836e-16)
(-114.6691473660283 -71.0670614991772 4.846761344475811e-17)
(-128.7013245714415 -52.91093459946359 8.563527847453561e-17)
(-138.4358504072642 -32.91347515301203 4.685160075250726e-17)
(-143.4544784348691 -11.95893664822868 2.108414601353253e-16)
(-143.6802714695961 9.223436070412724 5.467147280277734e-17)
(-139.422873578822 29.9620813895049 5.116888556674949e-14)
(-131.3708591712614 49.54983107343523 1.397160016848198e-14)
(-120.5024933172384 67.21248465718634 1.389372351604708e-16)
(-107.9127262569397 82.1783518543936 -5.1540467479765e-14)
(-94.58431911276739 93.8432677160424 -5.286201414057764e-14)
(-81.16382587325448 101.9673489614843 3.172819384397157e-13)
(-67.83161264628507 106.7980798508561 2.144885948160932e-13)
(-54.3494306134426 109.0294049710272 -1.744867120827231e-16)
(-40.2972236356835 109.5946413650206 -9.690553874325396e-18)
(-25.39594160902618 109.398556054296 -2.260956079736977e-17)
(-8.861415115234697 109.1148708005046 -1.744628150082854e-16)
(-11.51183546909851 148.5076690043019 4.130379263925664e-13)
(-32.96865927597553 148.6315665802687 4.2397369876071e-13)
(-52.20470872853789 148.3694815452426 2.036062451170966e-16)
(-70.056565178889 146.7554384256667 -1.486321974897367e-16)
(-86.52737029744951 142.5230105347981 -1.373232484183698e-15)
(-101.631424254877 134.3968072225229 -4.248444903386031e-13)
(-115.0091918626298 121.4699159698703 -1.308751404588684e-15)
(-125.6933605115661 103.5558388796624 -1.300547303227725e-15)
(-132.2157479936326 81.4289973398987 -2.875754563999896e-16)
(-133.1107687578527 56.93589646301016 -1.623778923999928e-16)
(-127.6747751805245 32.92919878137968 -2.43942355919442e-16)
(-116.5838284610913 12.8278566016725 5.153562986455046e-16)
(-101.7779608794716 -0.445470451933302 -1.865912182791178e-16)
(-85.26519349778677 -5.989083254350851 1.454060183723453e-16)
(-67.46762226736892 -5.864894044855185 2.147494803687939e-13)
(-46.80173344820442 -30.78904938258432 -2.10349675163101e-13)
(-21.21546085469153 10.88860727704442 -8.856858718934958e-15)
(0 0 0)
(0 0 0)
(0 0 0)
(0 0 0)
(0 0 0)
(0 0 0)
(-18.40144820948505 9.897463087390969 1.072259007328656e-14)
(-36.99353856313662 -32.00896618186692 -1.56069741040424e-15)
(-48.56345605890692 -10.34320714717252 2.019468568351057e-17)
(-54.71732280896417 -13.00092462608193 -1.272269190118724e-17)
(-55.82553622584962 -14.92734703293078 8.886143845403862e-18)
(-51.6499130317637 -15.10795926505096 -2.114161442265015e-13)
(-42.15419276663889 -12.49797808027931 2.06070571948587e-13)
(-28.22736681393304 -6.949847867234062 2.119072730180799e-13)
(-11.6681262332825 0.5043423778135631 -2.086223847558877e-13)
(5.343684906457201 8.056839630304554 1.078443347831609e-16)
(20.79876096444881 13.7683678673308 6.775927818730321e-17)
(33.16665940514439 16.08350542306513 -2.102537337648467e-13)
(41.48231013886294 14.07650996936768 1.502499528008352e-16)
(45.3304479221654 7.495750768059383 -2.117469275342045e-13)
(44.77564802205445 -3.305908496306881 4.846780618420878e-18)
(40.23247841393538 -17.50505722051227 3.230807867022728e-18)
(32.30916014394998 -33.94640343742571 2.907999392647715e-17)
(21.67898146313222 -51.25031831296541 4.006586182825493e-16)
(8.988374069589678 -67.91769969903584 1.938710381107669e-17)
(-5.211405697761792 -82.45352490976461 -2.584935607877438e-17)
(-20.49372331080541 -93.49279571519075 -1.32477259809351e-16)
(-36.51366306570778 -99.93034355104945 -3.52163378233373e-16)
(-52.89561125625585 -101.0600592749518 -1.841795734625027e-16)
(-69.1196961579074 -96.67881172040273 4.851322137396635e-17)
(-84.48415367900601 -87.08744675748905 2.906812083455862e-17)
(-98.16129041375602 -72.98094159549035 5.655744934696607e-17)
(-109.3112036711591 -55.29116326235825 -2.023248621300029e-13)
(-117.2129689630538 -35.05410232960428 -2.87599798810203e-16)
(-121.3905720040272 -13.33039058383323 -2.622959883511403e-17)
(-121.7145899059182 8.835015308895738 4.038361190315093e-18)
(-118.450589332912 30.44366885510654 5.735239292257004e-17)
(-112.2231491275466 50.58807824202529 4.523691248807556e-17)
(-103.8831871130906 68.51791692299828 3.877412214814968e-17)
(-94.30039796088541 83.71929666527355 8.724335398974543e-17)
(-84.13790956451541 95.98097177812565 -3.23124065993836e-18)
(-73.68841341273288 105.4097120818048 -5.16993650320985e-17)
(-62.84533084298674 112.3656967682932 -2.164877097406286e-16)
(-51.23761691843205 117.3264023082492 -2.584951234347513e-17)
(-38.48227055630667 120.7354759385944 -1.938633760056028e-17)
(-24.44763016434267 122.907448651436 -1.647987047941858e-16)
(-8.561738770290106 124.0151874837425 -2.262319328162109e-17)
(-10.82479590497875 105.4152854633882 8.175631031784211e-13)
(-31.34472423210132 108.6593866819268 5.394770998393681e-16)
(-50.77649641364867 113.6643688144979 6.542511624872504e-16)
(-70.40284063153385 118.2899856421129 -1.08242645520699e-15)
(-90.37709746200515 119.974547446362 4.480700085650835e-13)
(-110.4028029528028 116.4947199466156 -2.63500153784041e-15)
(-129.3923606896433 106.6201536012778 4.493658608518529e-13)
(-145.3992684402182 90.36617635407401 4.124933513140257e-13)
(-155.8790964110457 68.8490577699896 -1.416762128623263e-15)
(-158.2670330628945 44.03505674173532 -1.109072553220793e-15)
(-150.8827669639581 18.68620625011382 -1.90650835746669e-16)
(-134.046715470412 -3.535818992717401 -1.585405828083959e-16)
(-110.8027689867118 -18.41837246002832 -2.178429294408166e-13)
(-86.09888004112341 -22.86455919542608 6.623925075507766e-17)
(-63.81806940903714 -17.68725830066721 2.190574451791719e-13)
(-43.59991078131697 -35.95675441376463 -1.717140595019462e-15)
(-20.53041231124426 10.79762275334314 1.119646573988583e-14)
(0 0 0)
(0 0 0)
(0 0 0)
(0 0 0)
(0 0 0)
(0 0 0)
(-20.67423664619184 10.14283257328173 -7.835816451262932e-15)
(-40.28719986732694 -30.64881844450736 -6.156089580411859e-13)
(-51.99041422798278 -10.2988054874322 -4.348238394722004e-16)
(-57.97644550143919 -15.57734765677268 2.116625487593279e-13)
(-57.83423784764338 -20.51227355276119 -4.604484239486619e-17)
(-50.87752001431644 -22.22836543291282 2.746528391994167e-17)
(-37.84527404945482 -18.99902175476848 1.405591507141316e-16)
(-21.07696378906733 -11.40251547030845 1.121867672164643e-13)
(-3.497270576425131 -1.692085584457739 -1.029826439210539e-16)
(12.38747785312285 7.480322123930518 -4.354886874942181e-17)
(24.9212368594681 13.96888141694291 1.141222411654002e-13)
(33.24490053595537 16.44516983785307 -1.161998585610452e-13)
(37.09239260970108 14.3271007029405 1.017692251612832e-16)
(36.65629972239254 7.660355098040737 -2.117485431284044e-13)
(32.48624177025103 -2.986915245065414 2.117808552410057e-13)
(25.35090657961481 -16.65895912021351 6.462444848074383e-17)
(16.08777554139027 -32.15886874673011 2.197189148715345e-16)
(5.482678099222428 -48.17526275472341 2.131831909154508e-13)
(-5.816446737431677 -63.38873887080832 2.035634957781027e-16)
(-17.35657440154756 -76.56207342703654 2.584959054259724e-17)
(-28.89446861049832 -86.61283401431221 6.46133704312089e-18)
(-40.34829297149605 -92.67036331407911 -1.583392600831299e-16)
(-51.68498463616067 -94.1305788704905 2.092799371751715e-13)
(-62.7840623813449 -90.71197083229053 -2.089535812692913e-13)
(-73.34343453651789 -82.4907960593962 2.423040153341714e-16)
(-82.87286386181316 -69.89095936005678 2.018078771670917e-13)
(-90.77448529650189 -53.62922058858008 1.059599157722415e-13)
(-96.47507772215909 -34.63685987584237 -1.06633621553645e-13)
(-99.56536079305242 -13.97550774783641 -1.462084573123207e-16)
(-99.90621203335112 7.250404114168045 -1.494542158892605e-17)
(-97.66981064104071 27.98923966528655 -1.61585017862569e-18)
(-93.29661108650886 47.343546329113 1.939014580474038e-17)
(-87.37127488425867 64.66175474827116 -2.600610816922672e-14)
(-80.44967139256843 79.59534015364711 -1.307139270859587e-13)
(-72.89390368870849 92.0972416865407 -1.455773244407413e-13)
(-64.77910087819448 102.3509256281072 -2.584457176342636e-17)
(-55.91492241750568 110.6453987511818 2.904178532540174e-14)
(-45.97965144320846 117.240067901658 -6.139587260495449e-17)
(-34.71617729423517 122.2746018673688 -1.486277038640921e-16)
(-22.11587173379187 125.7574150468081 5.580883229613086e-14)
(-7.75369485058892 127.6223206227896 -1.453994700600658e-16)
(-8.267168382108316 45.70944783643287 3.391470781662657e-16)
(-24.72008482201173 53.36753363317651 1.189362546463423e-15)
(-42.57410976580669 65.65091136048441 4.384799928670256e-13)
(-63.74638656442383 78.48247994313392 -1.696490141175976e-16)
(-88.32263600954857 87.36207070415179 4.517745234422339e-13)
(-114.9858181093015 88.99919883693457 -4.293164896494294e-13)
(-141.1377354702457 82.29901217019379 -4.003231913615095e-14)
(-163.4644563547481 68.24449341973617 8.369178134093465e-13)
(-178.5468676231865 48.96187179984339 -4.258082670198319e-13)
(-183.2736202976652 26.67078417571206 4.137846760216156e-13)
(-175.2456509575788 3.248536396203833 2.328070461577369e-13)
(-153.6884072161743 -19.14912625236963 1.698718528493537e-16)
(-121.1067010553819 -36.76540905841902 -1.735825599397289e-16)
(-84.53407938878009 -43.98974098566315 -8.885879191912418e-18)
(-53.47647866999191 -36.74406475668825 2.108432920315192e-16)
(-33.10400064830696 -46.54514763348165 -7.795030398138354e-15)
(-16.73958719057072 10.22690910852058 5.11401910443261e-14)
(0 0 0)
(0 0 0)
(0 0 0)
(0 0 0)
(0 0 0)
(0 0 0)
(-22.22715556215702 11.23979826041071 -2.769049063615231e-14)
(-43.65233212034498 -26.43456654591595 3.759610062399161e-15)
(-57.77560881990929 -8.773325688466189 -2.401198006881651e-16)
(-64.93079088155 -19.31974903282164 -2.11534484619786e-13)
(-62.47655400032838 -28.38223029260634 -1.781200320868575e-16)
(-50.13666122518812 -30.49546608763056 2.117364273760251e-13)
(-31.32834281191518 -24.46420259694527 1.942742452910713e-16)
(-10.92043066600998 -12.92904518287741 -1.676288066864216e-16)
(7.21471137091886 0.1066286760968402 1.114256298083922e-18)
(21.00465192057982 11.32219978136003 4.342225483274109e-18)
(29.76360869272843 18.76460863315618 -8.684810655704697e-17)
(33.52487869608009 21.50129054848183 5.090217855485372e-17)
(32.69749539644066 19.25928658562161 -4.685209980465955e-17)
(28.01643197088417 12.35335909048725 -2.117630835534621e-13)
(20.45633379745335 1.598361753040157 8.885703340857206e-17)
(11.06052490417739 -11.87844074070395 -2.11420578894321e-13)
(0.7928565043747343 -26.81886997212198 1.195534315592557e-16)
(-9.550888644363599 -41.95512232379978 2.120102680817721e-13)
(-19.39843657947415 -56.09104079790472 2.118228600501719e-13)
(-28.43550083559894 -68.16620987732638 -2.117388496337028e-13)
(-36.60201320021756 -77.30345089946091 2.58433637339415e-17)
(-44.0314079245915 -82.83442339535425 1.292471945687328e-16)
(-50.93721877476997 -84.31137746625755 -2.113672630412745e-13)
(-57.47991334472023 -81.52118988759526 -9.691006178249947e-18)
(-63.66314220234958 -74.50615365637424 7.108671478694473e-17)
(-69.29971493689283 -63.57845533822926 2.940446227657716e-16)
(-74.05710417995996 -49.31108311818214 1.065899811526897e-13)
(-77.55925611668938 -32.49680090995115 -1.454091725268757e-17)
(-79.50330800164552 -14.07654520594603 -3.049235417243699e-17)
(-79.74984249513335 4.956417959659909 -8.481857886344517e-18)
(-78.35744712343478 23.66620862237469 -2.342624161193112e-17)
(-75.55063404170797 41.2809159841682 -7.95014276834272e-14)
(-71.63139328287906 57.27242529232076 -1.054800697493258e-13)
(-66.86491101697186 71.38556375070341 -1.324426008231588e-13)
(-61.38232408513843 83.60317138313056 -1.588122141718407e-13)
(-55.14025634407654 94.05423991087657 -3.231384936576228e-18)
(-47.9561885661015 102.8954484649096 -5.815571636469256e-17)
(-39.60841379928709 110.2100330780205 -2.653440415244818e-14)
(-29.96492340720575 115.9615460553257 2.676704654829602e-14)
(-19.0997802734329 120.0146605313663 -1.615528423586814e-16)
(-6.696604366521631 122.2055090708059 -2.83535486381999e-14)
(-3.165745518482279 -30.62738563378084 4.741101625817146e-16)
(-11.40388168356795 -17.36043157903893 -4.553322170575587e-13)
(-25.66155009817944 3.855655236420164 1.100192564730634e-15)
(-48.69168133481064 26.06749505769357 -8.07781566163198e-18)
(-79.86037863059008 42.36089842617491 -6.102675543562753e-16)
(-115.4658614885483 48.66947461631994 2.301851525466316e-16)
(-150.1470661126487 44.78687795298599 9.835247872346136e-16)
(-178.7364088163666 33.49496834085713 1.093356023752481e-14)
(-197.4528056724831 18.63513314112826 2.707488203040975e-16)
(-203.980368500439 3.077534327567883 3.640012985317435e-14)
(-196.7026774514038 -12.54312355491675 -1.08166791330347e-15)
(-174.060661005971 -29.4320721994712 -2.324476826638495e-13)
(-135.643383749219 -47.89332190813762 -1.24393188358429e-16)
(-86.07753579177617 -63.07027037198769 -3.460850890614253e-18)
(-38.86199709167968 -63.74750683512184 -6.171594869843342e-16)
(-11.54828237028006 -69.67489154685876 -1.353184503375428e-14)
(-6.273734498380449 4.983507537848842 7.150502412806989e-14)
(0 0 0)
(0 0 0)
(0 0 0)
(0 0 0)
(0 0 0)
(0 0 0)
(-21.24460114314099 14.81203526200873 -3.865719886247734e-14)
(-47.07834902873118 -17.45233488393028 -2.106358804135359e-13)
(-68.66528246747566 -6.929842409470778 -2.122292559420482e-13)
(-77.58535011399958 -25.9118919465091 -4.141598888778355e-13)
(-69.00995489600466 -37.56860623970474 -1.062541710576581e-13)
(-46.95949230618475 -36.4039514665365 6.363735921676476e-17)
(-20.27885316894943 -24.85401408396247 -2.098342748090049e-13)
(3.493867494228589 -8.462662373232828 2.554536676495863e-16)
(20.7539744076482 7.638111253560142 -1.225461152761469e-16)
(31.04545782474695 20.26651530421696 -8.582864408622832e-17)
(35.10032763663903 28.16798520249151 -7.378969139100293e-16)
(33.7395784900692 30.6982600617461 2.1117097244887e-13)
(27.94446114755386 27.78067343341807 -5.363673314263954e-16)
(18.99537488419423 20.06559687904098 -2.120134997830475e-13)
(8.254441931569374 8.688753524735199 2.714174284886834e-16)
(-3.066325148944989 -5.045960878750636 1.252080127408443e-15)
(-13.98890602969469 -19.83401853079959 3.13423437697881e-16)
(-23.78949270664456 -34.4384507520851 4.297475023215531e-16)
(-32.02753429086989 -47.74856920645338 2.117485449577995e-13)
(-38.56898450510401 -58.84445068875198 2.906794496310698e-17)
(-43.56268213081586 -67.03886510938534 -1.096658608196622e-14)
(-47.35621954033602 -71.87921096963571 -3.173691498653991e-13)
(-50.37175112889133 -73.12143078012836 -1.041407632488271e-13)
(-52.97883857063607 -70.70319080365149 1.125740991717882e-13)
(-55.40069998568072 -64.73512895012618 -1.405652721949348e-16)
(-57.67779332299342 -55.50769856832387 3.070170030119375e-17)
(-59.69283086609684 -43.49525343429159 5.055853187774494e-21)
(-61.24053980128672 -29.33788813046268 -2.706183557166022e-17)
(-62.1121419093482 -13.7915754734755 -1.383347834457897e-16)
(-62.16345821642292 2.349934524766896 -3.554279934766568e-17)
(-61.34531262566095 18.34726780045876 -9.046057033642692e-17)
(-59.69039441632542 33.6005428346134 -1.011777728861724e-13)
(-57.26662711704979 47.70463984960097 -1.589802541428139e-13)
(-54.1189253002613 60.4573531659893 -5.578620382912212e-14)
(-50.22522752587188 71.81658246420457 3.877956523654423e-17)
(-45.48682379265754 81.82056269332729 3.553903028434092e-17)
(-39.75912924573179 90.49977410557165 1.29240933320763e-17)
(-32.91355384682785 97.81259433422063 3.554448487219926e-17)
(-24.9115498321009 103.6262893866128 1.320580752706355e-14)
(-15.8720001977238 107.7461277737249 3.572289321454696e-13)
(-5.562419475600598 109.9785031117914 3.697141901068202e-13)
(5.001053941314983 -120.9750643658695 5.8894302470901e-16)
(9.762245541266727 -101.6576166874796 -8.082163554237562e-13)
(0.8538169023052842 -71.57334942605901 -5.129832590208111e-16)
(-25.24114342362853 -41.2138257509933 -6.070861337782109e-19)
(-65.72065652199342 -19.32947306539803 3.796776270420576e-13)
(-112.5598385656959 -9.600977829037753 -4.197578575578276e-13)
(-156.3122417360368 -10.58376709650233 7.860191658990558e-16)
(-189.6162011659853 -17.49977227682576 -1.262452711333039e-14)
(-208.9643016365438 -24.77724198134679 9.688567491030992e-15)
(-214.4518769910248 -28.67509986039634 -4.170892758745164e-13)
(-207.7552575028499 -29.36627015739689 -1.970877550684306e-13)
(-189.0386055880076 -31.60509266997679 -6.765797062296909e-16)
(-154.7448992900074 -42.64997148327108 -2.151796561048852e-13)
(-100.3882642600853 -65.68731625025241 4.00946223606101e-13)
(-32.19263993348316 -89.20316076645622 4.187760640206748e-13)
(20.33819274766022 -111.724289944514 -1.155518661438755e-14)
(18.88691167619632 -15.82379675607771 4.759715428061447e-14)
(0 0 0)
(0 0 0)
(0 0 0)
(0 0 0)
(0 0 0)
(0 0 0)
(-14.94654553596084 24.0570565402701 2.030140003608423e-13)
(-53.41526661505258 -5.306954877302598 -1.964638887809021e-13)
(-89.56536122938115 -10.66258966355317 1.988053533340002e-13)
(-95.56955471258837 -36.59445935737243 6.023850764017165e-16)
(-72.96861349062594 -42.85315384612121 -1.110199544093396e-13)
(-37.42206907777158 -32.64125082283259 -4.909830945859761e-17)
(-3.387053711489572 -14.80254122733658 -1.03697813059469e-13)
(21.57169470275284 4.337291857591877 -1.055488922410658e-14)
(35.94388906763317 21.22338760636164 -2.042322867048814e-13)
(41.53452587803294 33.92407381752005 -8.441094622450061e-16)
(40.19535345429528 41.47819582131588 1.093021498369459e-14)
(33.13756692458048 42.84379015436333 1.720030161055967e-14)
(22.06483221236007 38.25474527709159 -1.928114401622148e-13)
(8.924512061984339 28.94305747450551 -2.14978083320046e-13)
(-4.655223955338895 16.37607108365779 -9.241170493043725e-16)
(-17.46224713549487 1.950931507558237 2.231545822292833e-13)
(-28.59963334742217 -13.01172200686959 -2.121508282734432e-13)
(-37.46543931659205 -27.28348164549242 -2.045640157040521e-13)
(-43.8044365174258 -39.82114340956386 8.459193451560344e-15)
(-47.72579674116285 -49.86074971984445 -1.066313253761847e-16)
(-49.63677348426428 -56.94544634096681 -2.114803438680321e-13)
(-50.11397359723865 -60.88283187750029 -4.230689713702912e-13)
(-49.76119860959486 -61.66968328860217 9.571387108293018e-14)
(-49.0936115154954 -59.42630726604804 -9.855404739275003e-14)
(-48.46764996754244 -54.36317855238315 -1.43816387692542e-16)
(-48.0598394178455 -46.77773577815913 -9.124797099382886e-17)
(-47.8872937366347 -37.06255332673637 -2.016042977851224e-13)
(-47.85557815046813 -25.70309891765205 -1.060992682505313e-13)
(-47.81548534215236 -13.251753747551 -1.269927235755018e-15)
(-47.61099922293601 -0.2780941425485939 -5.322632190603303e-14)
(-47.10683882022401 12.69283742188238 -5.977935856550562e-17)
(-46.19326199684394 25.23616495775702 -1.486361290403538e-16)
(-44.77458295369308 37.05893646941747 -5.393798973753662e-14)
(-42.75296840346378 47.99713467307997 -1.064639588932571e-13)
(-40.01911455705708 57.97877949548145 2.652147757722459e-14)
(-36.45706469987205 66.96645203626642 7.960966938295451e-14)
(-31.96415692021182 74.90040041466139 3.452121908042794e-13)
(-26.48189851055979 81.66259738809613 2.504030842452194e-13)
(-20.03138995605573 87.07325267256417 8.724559664420783e-17)
(-12.74786633444704 90.91937727438027 3.44090978862151e-13)
(-4.463671260744558 93.00637447210592 3.573194039174759e-13)
(16.15312881399889 -218.1393533290471 -4.449123951658058e-13)
(37.99705887167627 -194.4833934212134 4.982366418984619e-16)
(34.78224089860708 -160.2867565810757 -8.268274248929465e-16)
(3.552194967736201 -128.2052262421369 -8.795028933709253e-16)
(-48.24753076716765 -105.6015293908282 4.561195746723617e-13)
(-106.720155530062 -93.64739740185539 4.233743016526999e-13)
(-158.0458605868627 -89.30007376574403 1.228049647968271e-12)
(-192.9298837389175 -87.17404644204774 -8.148476588687412e-13)
(-208.6281332535578 -81.50790148050817 1.510043350636312e-14)
(-208.5693966451 -68.53672193318201 2.008305502772952e-13)
(-199.6326702047945 -48.69675816714492 -8.361007862188578e-15)
(-187.3443622894873 -27.98313670541339 -1.605896076593583e-15)
(-169.7256073640365 -18.20985083559993 2.138794500972963e-13)
(-132.6307250572176 -34.29357307192078 2.107444253645194e-13)
(-57.13177896246337 -81.62410933517727 4.049589429069423e-13)
(44.19792513919657 -152.7002187665369 2.161520559999759e-13)
(70.14168299344692 -56.7139249554278 -1.598492671917765e-14)
(0 0 0)
(0 0 0)
(0 0 0)
(0 0 0)
(0 0 0)
(0 0 0)
(-2.131271229893731 39.83073661865268 2.303125230769145e-13)
(-72.78522044758387 -5.703036781507432 -4.117743484250684e-13)
(-123.1961350102728 -29.09459828368663 -1.964040570577482e-13)
(-109.7759142383309 -44.52868969655041 -2.968205659881111e-16)
(-65.0567463476965 -31.10454441271659 -2.81583225824366e-16)
(-18.9088796885403 -8.810258933843761 -1.060497702287006e-13)
(16.69968955434347 10.61797248623469 6.9919855424781e-15)
(39.51979635789467 25.83285134553004 -1.038147655126569e-13)
(50.34075637093014 39.22630582772799 8.855962000171264e-17)
(51.30026604208462 51.26508243059119 -8.314224539865237e-17)
(44.02004398408052 57.39837264678282 -8.280448758741611e-16)
(30.51612794957222 55.99518970319529 -4.022368030137442e-13)
(14.04372845982512 48.5456044595002 -6.292491492057789e-16)
(-2.883299308337731 36.96379057799897 -3.570378071937336e-16)
(-18.73768402274401 22.77106725485548 -4.313484918703513e-16)
(-32.45411821678631 7.335712629112459 2.009629129115567e-14)
(-43.22331916801024 -7.962374227950501 2.167304527071227e-14)
(-50.59891409908948 -21.85799573659486 5.541326584457613e-16)
(-54.60480236396338 -33.40756205308146 2.031116498790603e-13)
(-55.69328743994722 -42.08989184987905 2.081991033263928e-13)
(-54.58476429189268 -47.76471828521388 9.616944932254088e-14)
(-52.08045648957178 -50.54980856550458 -1.040018108545518e-13)
(-48.91522651961725 -50.69222829124535 -8.144169449445561e-15)
(-45.67233383483129 -48.47950307483075 1.060681563989309e-13)
(-42.7521284948436 -44.20119721115812 1.059073770338949e-13)
(-40.37716809302805 -38.14830487707577 1.130603741248816e-17)
(-38.61819400144726 -30.62873611818367 -2.237997570868183e-15)
(-37.42974021772438 -21.97872242194289 -4.290178282521831e-15)
(-36.68713713110073 -12.55814313677261 -2.534306309261832e-16)
(-36.21886704549642 -2.728386253784903 5.734282335126102e-14)
(-35.83105352623204 7.179594303383755 -1.236023452264335e-16)
(-35.32429537269156 16.89465272254389 5.293633309248174e-14)
(-34.50565740526044 26.22046371593803 -2.200425711843142e-15)
(-33.19908227662179 35.02955187119189 -1.060535972447179e-13)
(-31.2559101630842 43.23755089702206 2.641646780461867e-14)
(-28.565202871311 50.7666087468371 2.142462337572005e-13)
(-25.06298388888527 57.51139790272928 3.713330037251389e-13)
(-20.74070158059693 63.32050283781989 2.647559554259636e-13)
(-15.65476993325267 68.00028090641999 2.490589528876493e-14)
(-9.939363847431865 71.34064212398832 -1.993246759659961e-13)
(-3.474810373237555 73.15743365302569 -2.242741907187153e-13)
(28.65839845193042 -306.8410910330636 9.982552847691397e-16)
(67.61403056138728 -285.5996314058341 -5.98555855628638e-16)
(67.13198425040558 -261.8594509269396 4.275584876997194e-13)
(29.44408393260449 -242.6379049257488 8.560175212266932e-13)
(-31.16282744110449 -227.1783950646021 -1.878528313975525e-15)
(-96.25838271130363 -212.4763530097676 8.28217049100774e-13)
(-149.8388906568464 -195.8178399855977 8.572937252804906e-13)
(-181.8240288988778 -174.767752519482 4.308600187687098e-13)
(-190.3269772270351 -146.9798595132848 4.428616035519174e-14)
(-181.6407337755681 -111.3564751788715 2.138117743765043e-13)
(-167.2016722758307 -69.23848028340902 -7.567958553114917e-16)
(-158.5516981479197 -24.83007017057287 -1.166366259743918e-14)
(-161.0553355853071 13.58543306759893 -1.309406984190688e-15)
(-163.8025229503282 30.72396745379094 -2.012838901398715e-13)
(-124.4296599715873 2.743893670398618 -2.447723255329684e-15)
(18.60298069708642 -105.795230596381 -1.114177758836066e-13)
(130.5525789892197 -63.05898878899524 -4.600441045080781e-14)
(0 0 0)
(0 0 0)
(0 0 0)
(0 0 0)
(0 0 0)
(0 0 0)
(2.896232873605769 43.61622379643455 6.369511874111058e-15)
(-120.087579007453 -54.65503203836099 2.161014390099134e-13)
(-152.630405587466 -53.34430828743881 2.429373104577231e-14)
(-97.57950077742508 -23.41324215855314 1.019414670925417e-14)
(-37.25018271015795 15.61029455388822 8.505590662183674e-15)
(4.300447857375113 42.30934275478032 6.858934246389682e-15)
(31.25605658962881 53.04400111466128 -1.547094119380988e-16)
(50.1800280502184 54.32202170534924 2.544287714617427e-16)
(61.37612015761357 58.61243603082747 3.907842921104794e-17)
(59.70659272425379 71.33680070794439 -5.755745619608165e-18)
(44.92546074996737 73.35558620858504 -7.391189917418454e-17)
(24.2847987319063 67.21756304254438 -9.368079210107033e-17)
(3.033433089837447 56.29814172713387 1.138970806996089e-16)
(-16.8500251372281 42.20751688440092 5.137481878030585e-16)
(-34.28330189155214 26.11304578409588 -1.636219955416137e-18)
(-48.19568861242165 9.501216860526197 -2.730238793220121e-16)
(-57.79334171256844 -6.00586847403956 -1.663939146670411e-16)
(-62.91062714449229 -19.11586495935584 2.585020364619548e-17)
(-64.03633263348735 -29.13644784500076 1.053361570778312e-15)
(-62.08295297756183 -35.95389025858075 3.166605106687095e-16)
(-58.09669020284009 -39.84069836208886 5.577008581861293e-15)
(-53.04148360629585 -41.23980244069418 -2.076013413527708e-13)
(-47.69089311845672 -40.60898537971077 -1.035833707541307e-13)
(-42.60258043222018 -38.34320162624023 5.492571172021937e-17)
(-38.13645176647666 -34.75706848750391 -4.159317219958122e-15)
(-34.48737832224119 -30.10090309450796 -1.046577266423152e-13)
(-31.71771127872632 -24.58763139816336 2.010386389024837e-15)
(-29.78498516634567 -18.41547910725853 -5.35739806529194e-14)
(-28.56514917162006 -11.7790153685668 -5.299811596798674e-14)
(-27.87326178032463 -4.867827954031352 1.928197660802046e-15)
(-27.48379984236922 2.142921359929962 -2.342965293198918e-17)
(-27.15239258733539 9.103361466158493 1.293097365112552e-17)
(-26.63968380888283 15.89473652488824 -5.16777889558967e-14)
(-25.73588122522457 22.42603654190568 -5.301064731835072e-14)
(-24.28205768221351 28.62070327836297 1.057385635096899e-13)
(-22.18321769230703 34.39648207473553 5.254535877345786e-14)
(-19.41026282438755 39.64503964160559 7.907491722021017e-14)
(-15.9930154987698 44.22004891583681 1.341631995318993e-13)
(-12.01125065802038 47.94116036732819 7.938186959336793e-14)
(-7.591355671683323 50.61601408845878 -1.323424359207884e-13)
(-2.646291892111804 52.07725345151662 -5.410762806290101e-14)
(36.37094669554083 -354.2674237966446 -5.561294073006934e-15)
(67.84101061969204 -355.2044162675753 -4.23308993911994e-13)
(46.16724404148894 -370.1280446827674 4.51498952259634e-13)
(-15.76987688307079 -384.9451970499713 4.279888701093031e-13)
(-96.88807394061325 -384.7050525701395 -1.1810703339084e-14)
(-178.6940079602787 -364.0342920227426 -4.284029018574084e-13)
(-245.4864338784373 -323.8574956109385 4.328317472737297e-13)
(-286.3786907523524 -269.5539629894988 2.626637772165536e-14)
(-299.1695347601768 -207.5647010433252 1.822814904077102e-14)
(-291.6306662506495 -143.9594128438046 2.541631691557742e-13)
(-277.3600407273758 -82.84463541512912 -3.7966468674503e-13)
(-270.0853526483521 -24.902684971262 -1.959577542652292e-13)
(-279.612372130419 31.57935306480036 -4.271663434972399e-15)
(-307.5900623743914 88.66888910147259 -2.184784788767003e-13)
(-333.1343938011738 147.2789224825549 1.234273817875902e-13)
(-229.7807327473764 158.124348616273 -5.453351768076277e-13)
(180.2071044717796 98.48307464565414 -1.668595599972455e-13)
(0 0 0)
(0 0 0)
(0 0 0)
(0 0 0)
(0 0 0)
(0 0 0)
(6.736340676466341 -24.06186929846378 2.345078384909945e-13)
(-245.3561950962138 -149.8632475760982 2.394044452641427e-13)
(-170.4341193529229 -13.93972585982968 2.189678901524348e-13)
(-80.13391300423913 63.01370901037283 1.134610809246119e-13)
(-28.34499572566583 101.1515032106126 -2.03330983185908e-13)
(-1.529246754388915 113.135052261968 -1.178811269590654e-13)
(15.76504804946366 107.012448540187 -1.083566943478637e-14)
(37.72617208229096 86.82900088590735 1.121764702157122e-14)
(62.08161230267461 78.03106790789701 -2.01400304363052e-13)
(66.04341647664801 90.7308681861212 2.309232393081516e-17)
(39.90080631800804 83.68393342890577 -2.116930059821627e-13)
(13.45868344399643 73.1854866773964 5.044410963759974e-16)
(-10.96631770664952 59.59352500957537 2.136654703087929e-13)
(-33.06839524273975 42.96563883089851 1.040434918001918e-14)
(-51.44398403920403 24.70872126641858 -2.106313559345797e-13)
(-64.57303247366978 7.058506797161014 -2.059776722500828e-13)
(-71.84040099561808 -8.009997028326028 -4.845744115577179e-17)
(-73.72949348243681 -19.43058733394091 1.164143401098706e-13)
(-71.44282767107934 -27.07168306371484 9.776240923738623e-14)
(-66.39753796200863 -31.41075178506266 1.058064409065863e-13)
(-59.87067647696113 -33.1656278770222 1.076796715651397e-13)
(-52.84874350562831 -33.04028367342516 5.404147569435119e-16)
(-46.01862570169988 -31.60527708586007 1.103558895328087e-13)
(-39.82041693986594 -29.27208707759118 2.012189630374865e-13)
(-34.50982996078159 -26.31485301209002 -2.117961815766748e-13)
(-30.20773100159296 -22.90785426570566 -2.101389293243812e-13)
(-26.93277001244727 -19.16223614715487 -1.056906119385417e-13)
(-24.62112418644173 -15.15516866801825 -5.858622730882908e-14)
(-23.13948597598746 -10.94967283776366 -5.294964707340464e-14)
(-22.29693031471686 -6.605844967741173 -8.081051597307323e-18)
(-21.8598641040395 -2.185391270708664 -1.024492330487178e-13)
(-21.57248020983603 2.248280188170216 -9.936461331819261e-17)
(-21.18298233303212 6.632264306894302 -1.082378807056588e-16)
(-20.4731155258606 10.90643243212865 -9.04651844376162e-17)
(-19.28546463107078 15.01301368373942 4.694878709185005e-15)
(-17.54086650630724 18.8906436135353 1.002067927510181e-13)
(-15.23941704321397 22.46230258640255 -2.513837581726539e-15)
(-12.4445808475413 25.62197576774513 1.325459976117821e-13)
(-9.258804750528096 28.23036161964348 5.482333112740966e-14)
(-5.804036388077544 30.12917480523887 1.331211478403991e-13)
(-2.013078974019662 31.17517863747936 1.585682625110889e-13)
(30.82906683704318 -258.1149947206129 -4.230254157970466e-13)
(50.99739602270238 -282.7896343358207 -1.918823523989278e-14)
(42.42533466508415 -329.1435105915544 4.306481419704484e-13)
(38.94033857956663 -366.0889961881655 4.6586041141332e-14)
(34.82935851547548 -375.9361812961699 4.289287250115063e-13)
(29.88861730234356 -355.5950541941895 -1.821031892911427e-13)
(26.84090455289149 -308.1259364536299 -5.833877030316625e-13)
(27.94909090678646 -243.7542356128761 -1.405549031278064e-14)
(33.77598004556659 -174.6953675099281 1.306653209160739e-13)
(41.94600546467912 -111.7815634959812 9.986094638053324e-14)
(49.06928931811079 -60.31014626823186 -1.503031529207015e-13)
(51.4457073306094 -18.22268625509033 9.311206249307754e-14)
(47.61455477801204 22.86539970712427 1.062091458373188e-14)
(48.50666051398992 74.90331330181698 -1.628160232098465e-13)
(71.13684745601103 148.3444550883631 2.849918852464876e-13)
(54.70353343221122 232.8225399015633 -6.000031299723946e-13)
(-109.2654388682941 155.1218716312969 -5.029559389952016e-13)
(0 0 0)
(0 0 0)
(0 0 0)
(0 0 0)
(0 0 0)
(0 0 0)
(-179.3425383550527 -131.2320357176253 2.90311688112523e-13)
(3.835041543760568 14.05639485209278 1.802555810641942e-13)
(45.93096183971431 84.07767199001736 -1.089531607596322e-13)
(33.22387179583558 120.6070980945126 -2.838603200955312e-13)
(24.5466486844537 127.3921784228388 -6.735732411803504e-13)
(17.1019154037956 120.0674798924145 -4.693438504069747e-13)
(8.723807559659978 110.1728078250923 -4.150448927715101e-14)
(26.17319159000505 84.24017920879454 -6.023142457615189e-14)
(68.44551870086262 80.63177536401858 1.259654182765789e-13)
(55.02937836675006 79.29220873779343 1.159948234768017e-14)
(27.38007907358701 81.52195720480857 3.717914299727042e-16)
(0.1943902890584109 72.39478814642381 2.475097554507423e-15)
(-27.18641475438057 57.02082706794015 2.120591081021593e-13)
(-51.73482886833311 37.29013615038576 2.121532385287686e-13)
(-70.19043391876804 16.8282216322362 4.076046210704422e-13)
(-80.91440691504812 -0.9300314069589231 2.114868518177143e-13)
(-84.28243585964707 -14.09692568766287 -3.611007270754078e-16)
(-81.97231319179535 -22.42778948939468 8.937419674380497e-15)
(-76.01649709270903 -26.700245461551 -2.012803660452752e-13)
(-68.17689779273583 -28.04007219186645 -2.084125369471154e-16)
(-59.72622208995084 -27.49728541813642 -1.086506436351512e-13)
(-51.48113281247308 -25.87731446769642 -2.14021915562182e-17)
(-43.9226965200303 -23.72580415130848 5.581734904319468e-16)
(-37.31215635592716 -21.37581254468465 -1.118927280665127e-13)
(-31.77221895249711 -19.00660291963122 -1.068547485698001e-13)
(-27.33476145599214 -16.69447987757412 -5.289978787797251e-14)
(-23.96502568001462 -14.45196757546013 -5.871264769668183e-14)
(-21.57242185656105 -12.25717955558332 2.829300856661739e-15)
(-20.01582547166388 -10.0759707371601 -9.533117982107643e-17)
(-19.10898021414139 -7.878563946562636 2.0154879207412e-16)
(-18.62967468730157 -5.651111392742564 5.323763400238772e-14)
(-18.33473701069695 -3.40155805710517 -4.927843186556515e-17)
(-17.98153156776591 -1.158689836306048 -5.490734097701171e-14)
(-17.35513185098176 1.035829700623854 -1.138905770130776e-16)
(-16.2978465027829 3.139683533634103 3.6180931541168e-15)
(-14.73392879055564 5.119531319332713 4.790943074481645e-14)
(-12.67893066966576 6.949376635948749 5.302519483487877e-14)
(-10.22495646387487 8.594248009379802 7.690122444856834e-16)
(-7.504051617863238 9.988975134624237 5.038370053613941e-14)
(-4.647393123895731 11.03354119321133 -1.917700976204707e-15)
(-1.599950414276906 11.62071056972324 2.642939039720469e-14)
(0 0 0)
(0 0 0)
(0 0 0)
(0 0 0)
(0 0 0)
(0 0 0)
(0 0 0)
(0 0 0)
(0 0 0)
(0 0 0)
(0 0 0)
(0 0 0)
(0 0 0)
(0 0 0)
(0 0 0)
(0 0 0)
(0 0 0)
(0 0 0)
(0 0 0)
(0 0 0)
(0 0 0)
(0 0 0)
(0 0 0)
(0 0 0)
(0 0 0)
(0 0 0)
(0 0 0)
(0 0 0)
(0 0 0)
(0 0 0)
(0 0 0)
(77.06691973888725 30.18808806574614 -5.283799430248651e-14)
(69.42388431963418 48.54257965620384 9.365823771928009e-15)
(27.94720320366565 69.21546411464955 7.948577573105613e-16)
(-11.04244669923586 64.15108391242264 -2.241242698090133e-13)
(-46.07096969602076 45.8989271881489 1.956790846298864e-14)
(-73.26100066268829 22.49765400001764 -3.670696722297084e-15)
(-89.66415160397536 1.113757143715046 -2.12372135742166e-13)
(-95.49817981464466 -14.36218241246005 -4.621370216912856e-15)
(-93.33815909114003 -23.30330041624694 -7.916283946955168e-16)
(-86.33281326305119 -26.95466201585754 -1.094229120391348e-13)
(-77.05511037819257 -27.08377990633006 -1.0614408717532e-13)
(-67.19457791946958 -25.23904909846536 -4.362273682511251e-17)
(-57.70791875050396 -22.52475850299935 -6.179383842163152e-17)
(-49.07726223588963 -19.63441790214914 8.178271747709531e-17)
(-41.51712377583166 -16.95836018668371 2.019124125319888e-13)
(-35.10121570582093 -14.68408486363376 -9.633322099869453e-14)
(-29.82849729224509 -12.86901471829603 1.069017661779332e-13)
(-25.65309565836675 -11.48921814208073 -5.471589086001411e-17)
(-22.49546969316973 -10.47257951212401 -4.946119710145926e-14)
(-20.24512735110488 -9.723284516119419 5.131094912629641e-15)
(-18.76087037003477 -9.141694407928689 -5.218871643763076e-14)
(-17.87207097318038 -8.641263927800471 -5.150451025072006e-14)
(-17.38285821674207 -8.162253539820377 2.180941191852577e-17)
(-17.0800586539687 -7.680434733822541 -3.27120678289359e-17)
(-16.74559457680139 -7.20783914671947 1.315486258612486e-15)
(-16.1747421611043 -6.782557314526192 4.989337171102181e-14)
(-15.20176301884171 -6.447140290261245 -1.106629927869185e-16)
(-13.7311734103874 -6.221525250374767 5.234582874407849e-14)
(-11.76470035832308 -6.084803346601786 -1.7124944679205e-16)
(-9.404982351952723 -5.983176212292166 2.955712988691953e-15)
(-6.81951156781946 -5.868492732260727 2.627671655662962e-14)
(-4.173210353336602 -5.741257778406403 2.431620634849525e-14)
(-1.425766905990553 -5.649934788448159 -5.062442510939745e-14)
(0 0 0)
(0 0 0)
(0 0 0)
(0 0 0)
(0 0 0)
(0 0 0)
(0 0 0)
(0 0 0)
(0 0 0)
(0 0 0)
(0 0 0)
(0 0 0)
(0 0 0)
(0 0 0)
(0 0 0)
(0 0 0)
(0 0 0)
(0 0 0)
(0 0 0)
(0 0 0)
(0 0 0)
(0 0 0)
(0 0 0)
(0 0 0)
(0 0 0)
(0 0 0)
(0 0 0)
(0 0 0)
(0 0 0)
(0 0 0)
(0 0 0)
(107.4506905890774 8.482794391591616 -1.537092993778666e-14)
(99.08117229630972 26.58806787550744 1.698605707418218e-14)
(35.82127374156949 55.66170862335258 -2.0504571411705e-13)
(-23.12214660228407 46.44650231365338 7.385616381173132e-16)
(-68.83984465331753 21.89607798589874 -2.638390530421125e-16)
(-96.51999892262582 -3.804785231497345 -2.124384002757033e-13)
(-107.0502703593707 -22.12916581930047 2.111749775972183e-13)
(-105.3314644876919 -31.3602632826456 -1.60645018737234e-14)
(-96.87491546865047 -33.49598949943483 1.168404480750106e-13)
(-85.75279269041016 -31.35019486150198 -3.412986254430118e-16)
(-74.30088417758442 -27.19059163464976 -3.472222656865194e-17)
(-63.6178763873707 -22.47565481964197 -5.452801442021514e-18)
(-54.12159089033393 -18.02338231323089 8.581501485044965e-18)
(-45.91473449292197 -14.23982169651932 9.301017987239827e-17)
(-38.97236347884854 -11.28783045303368 7.618504795418566e-16)
(-33.22281088578454 -9.189461381240388 -2.99086431385166e-16)
(-28.57735223254102 -7.884117978030561 -5.290885882471979e-14)
(-24.93832625164297 -7.2626252067263 5.703749189232663e-14)
(-22.19909205686323 -7.189673358031132 -1.441947890916706e-16)
(-20.24153675538408 -7.521156997694135 -2.78650869770606e-17)
(-18.93380488553785 -8.119390427637985 -4.3257565534077e-16)
(-18.12953934707979 -8.867140287832829 -1.08824734973023e-13)
(-17.66884549299565 -9.680114928549106 1.046916656043082e-13)
(-17.38032261727041 -10.51646565258852 -2.762672895535853e-16)
(-17.08365414905205 -11.3805025341899 1.054085780002488e-13)
(-16.59443299870715 -12.31606901997975 1.057761287010558e-13)
(-15.7368144441923 -13.38417640336521 5.617840354705146e-14)
(-14.37159185163853 -14.62320240059909 -1.28846774434016e-16)
(-12.44058163421222 -16.00197441702948 6.465506738100511e-18)
(-10.00864584867361 -17.39359286400082 -8.966742207987008e-17)
(-7.26213317945963 -18.60493571449558 -5.008553777027239e-17)
(-4.429768472462423 -19.46712633382069 1.054849176637724e-13)
(-1.508699652041305 -19.91586101025573 1.051335235471699e-13)
(0 0 0)
(0 0 0)
(0 0 0)
(0 0 0)
(0 0 0)
(0 0 0)
(0 0 0)
(0 0 0)
(0 0 0)
(0 0 0)
(0 0 0)
(0 0 0)
(0 0 0)
(0 0 0)
(0 0 0)
(0 0 0)
(0 0 0)
(0 0 0)
(0 0 0)
(0 0 0)
(0 0 0)
(0 0 0)
(0 0 0)
(0 0 0)
(0 0 0)
(0 0 0)
(0 0 0)
(0 0 0)
(0 0 0)
(0 0 0)
(0 0 0)
(123.9453648151886 19.3960809527056 3.545671899354649e-16)
(120.6196935969165 22.96760565454503 8.682021474912315e-16)
(34.96691281748526 42.82616986114831 2.102626170557127e-13)
(-44.80807725612603 14.75991784890049 -2.547416780188952e-16)
(-96.32225723298845 -18.36465010718791 -2.777004815697074e-16)
(-117.286244493575 -40.63527824260245 -2.132827728186774e-13)
(-117.2196296629848 -49.21729130872346 4.146336438024078e-13)
(-106.8650035004904 -48.04763616530891 2.299723592743223e-13)
(-93.32809068575956 -41.88229443602538 2.038145779372239e-13)
(-80.02741540228401 -34.02883357311448 -1.098801195794092e-13)
(-68.18057033786195 -26.28690620458319 -1.18039188854111e-16)
(-58.027368594327 -19.48423384795746 5.477808891296986e-18)
(-49.47208562378418 -13.9334224438132 9.072277279583503e-17)
(-42.34171037283747 -9.696773545368362 4.584235258421739e-17)
(-36.46676345927542 -6.715796561750661 1.061448805562015e-13)
(-31.69750323230826 -4.870501786403707 -1.64668637965946e-15)
(-27.9016611192622 -4.007895093186264 -1.938651626942922e-16)
(-24.95865104046131 -3.958366436565697 5.824433399808409e-14)
(-22.75400148433005 -4.547632990534792 6.857490420179737e-18)
(-21.17484441995782 -5.607146265795675 4.775959300632674e-14)
(-20.10685365935168 -6.983983751142571 5.285535106020124e-14)
(-19.43279547307178 -8.550402566155556 1.462055128011082e-16)
(-19.03218358028405 -10.21282717974415 -2.222445245537197e-16)
(-18.78044625849484 -11.91987420420474 -3.006970815087896e-16)
(-18.54519794458525 -13.66851755874949 5.678101772231991e-14)
(-18.17841603052828 -15.50538624701307 1.054420477950181e-13)
(-17.50889639987003 -17.51553912492894 1.056095210398273e-13)
(-16.34897142375693 -19.78659178557049 1.587743504403974e-13)
(-14.53509082002831 -22.3408827219835 5.307849676136218e-14)
(-12.00794364548735 -25.05250085934509 5.139223491524705e-14)
(-8.893045031982492 -27.60532265366829 1.304295816168707e-13)
(-5.485066270320336 -29.57305445529244 2.404793305633414e-13)
(-1.874788227511968 -30.64033999743381 7.934148666654414e-14)
(0 0 0)
(0 0 0)
(0 0 0)
(0 0 0)
(0 0 0)
(0 0 0)
(0 0 0)
(0 0 0)
(0 0 0)
(0 0 0)
(0 0 0)
(0 0 0)
(0 0 0)
(0 0 0)
(0 0 0)
(0 0 0)
(0 0 0)
(0 0 0)
(0 0 0)
(0 0 0)
(0 0 0)
(0 0 0)
(0 0 0)
(0 0 0)
(0 0 0)
(0 0 0)
(0 0 0)
(0 0 0)
(0 0 0)
(0 0 0)
(0 0 0)
(148.06515230451 45.29790248918942 -5.802040319836763e-16)
(129.8807811304197 29.45246735387782 -2.288525303901632e-15)
(7.588542698873517 16.7246686286483 2.299271818585348e-13)
(-84.31296651393542 -39.27014588107238 -4.995794832396907e-16)
(-124.2350407161632 -72.52764548072574 -2.836800713477027e-16)
(-127.3726401053416 -80.10928624404005 -2.129586569881275e-13)
(-114.4626282982441 -72.64612174104742 4.220875227630312e-13)
(-97.9964676405137 -59.61529407327836 3.232750275023012e-13)
(-82.85611289070326 -46.09368672974023 2.076824940129937e-13)
(-70.15740446462362 -34.09123094530862 -5.112567467867678e-16)
(-59.75628445470854 -24.1597597911528 4.987566158437174e-20)
(-51.26439262459154 -16.29894623906663 9.107824002535976e-17)
(-44.33413058504427 -10.33745736771164 2.020420993326248e-13)
(-38.69710860937801 -6.062850922322384 -1.057157386668252e-13)
(-34.14609172055073 -3.256904095776405 2.685580733806613e-17)
(-30.51490941938346 -1.703461872685669 -1.67415193988768e-16)
(-27.66521688405296 -1.191460321476693 -1.605472258697025e-16)
(-25.47806414880195 -1.518396698961232 -1.028793785565029e-13)
(-23.84787188557138 -2.494570136250424 -9.371075675670099e-17)
(-22.6778875153089 -3.947748486596276 1.005345624433283e-13)
(-21.87706118501223 -5.72803155484057 5.614155281871218e-14)
(-21.35838277450492 -7.71266784742194 -1.39489061507145e-16)
(-21.03831712966412 -9.810584058178661 5.25427362541814e-14)
(-20.83601299484042 -11.96679612888913 5.69414693604109e-14)
(-20.66916619181793 -14.16776537317756 3.885279024183779e-15)
(-20.44145456493034 -16.44891821446676 5.279011862809324e-14)
(-20.01801998297651 -18.90143013612336 1.073111377186583e-13)
(-19.19693544885829 -21.66334103063909 1.075986029454157e-13)
(-17.70649070742218 -24.86560191516877 5.037350673234538e-14)
(-15.27308577740507 -28.50950356667661 -7.718997756572312e-14)
(-11.78268676949196 -32.30055363467304 2.381577630933972e-14)
(-7.465692526431559 -35.55406209828651 1.561804254744463e-13)
(-2.576468939109194 -37.42265550800899 4.684995655873249e-17)
(0 0 0)
(0 0 0)
(0 0 0)
(0 0 0)
(0 0 0)
(0 0 0)
(0 0 0)
(0 0 0)
(0 0 0)
(0 0 0)
(0 0 0)
(0 0 0)
(0 0 0)
(0 0 0)
(0 0 0)
(0 0 0)
(0 0 0)
(0 0 0)
(0 0 0)
(0 0 0)
(0 0 0)
(0 0 0)
(0 0 0)
(0 0 0)
(0 0 0)
(0 0 0)
(0 0 0)
(0 0 0)
(0 0 0)
(0 0 0)
(0 0 0)
(179.9268053940118 94.12051321107634 -2.728097423143601e-14)
(102.7217862006302 11.87732318419403 7.754657557236659e-15)
(-63.1281384804264 -54.59447802447579 -4.495897430411718e-16)
(-134.0603911788062 -116.7863184475881 -7.067424969590787e-17)
(-137.1613975248767 -125.0956778797652 2.117232983501102e-13)
(-117.4047207890175 -107.4881727591582 -2.273910119780529e-16)
(-96.72563757051614 -83.9968270736417 -2.272160203236141e-16)
(-80.31256851960248 -62.60011040650536 -5.138266920180894e-16)
(-67.80402756305497 -45.16521001286265 1.154752860121253e-13)
(-58.09348846961873 -31.50897523308549 -1.077861143758569e-13)
(-50.38828563141908 -21.01833085355839 1.294444790823137e-16)
(-44.20506616954169 -13.123271733406 7.290340424540895e-17)
(-39.23599030484424 -7.372949812646512 3.289718425627704e-16)
(-35.26115710168374 -3.408417383751821 -9.831854309096525e-15)
(-32.10737441137202 -0.92843167968885 7.088742848557561e-17)
(-29.63205945842192 0.3305579909800941 1.837171901734718e-17)
(-27.71659594553765 0.6030476855411115 -1.058892155766036e-13)
(-26.26176085489482 0.09759992585596031 -1.081425609710068e-16)
(-25.18335327139716 -1.00221831087174 1.599440131133047e-16)
(-24.40830583778564 -2.537875139452632 9.622075289695326e-17)
(-23.87177301920924 -4.376489904300588 -9.531901854026259e-17)
(-23.51534797530156 -6.41169709670722 -1.223810366096887e-16)
(-23.28631186049231 -8.564343101126097 5.272448676791155e-14)
(-23.1376275723099 -10.78281711137535 4.30715251369749e-15)
(-23.02732003003809 -13.0440642670567 5.28147525482836e-14)
(-22.91208079333365 -15.35934003441969 5.307284663218707e-14)
(-22.72331921578343 -17.79151365584366 5.144635350497343e-14)
(-22.31314320274745 -20.48329864144305 5.775777935159509e-17)
(-21.38125335647277 -23.66382497136065 1.151116142670258e-17)
(-19.4428953641778 -27.5580296075903 -7.971882723809924e-14)
(-15.93760355858077 -32.13935205909693 -2.118194118033427e-13)
(-10.60803457042542 -36.77250595842592 -2.645180004617617e-14)
(-3.744038837581595 -39.91087038249178 1.313383494605253e-13)
(0 0 0)
(0 0 0)
(0 0 0)
(0 0 0)
(0 0 0)
(0 0 0)
(0 0 0)
(0 0 0)
(0 0 0)
(0 0 0)
(0 0 0)
(0 0 0)
(0 0 0)
(0 0 0)
(0 0 0)
(0 0 0)
(0 0 0)
(0 0 0)
(0 0 0)
(0 0 0)
(0 0 0)
(0 0 0)
(0 0 0)
(0 0 0)
(0 0 0)
(0 0 0)
(0 0 0)
(0 0 0)
(0 0 0)
(0 0 0)
(0 0 0)
(187.7752335082571 115.1923996325173 -2.441611102961756e-14)
(-11.747455527613 -124.9230177397675 4.265534949381711e-15)
(-162.2504769285691 -185.1385966996477 -3.027724370077944e-17)
(-154.8141659263916 -184.9665983193453 3.231491352029724e-17)
(-114.9368951838188 -147.0126615394466 2.118161914878575e-13)
(-86.27378947658134 -109.1313075239524 -2.117428978012449e-13)
(-69.57456597985187 -79.16313242423288 -2.806680477841931e-17)
(-59.16485059642135 -56.50692241015322 -2.114317650954292e-16)
(-51.76497771830678 -39.49208122041825 1.150019012666184e-13)
(-46.01052530254292 -26.71596020683233 -5.250200567201468e-17)
(-41.37058095089699 -17.16552004471036 -1.144869594241409e-13)
(-37.61901158182357 -10.14036496856332 3.340235408254915e-16)
(-34.61927623446817 -5.139810137089941 1.355063709631017e-16)
(-32.25259047341443 -1.777689185898468 -1.054586623157917e-13)
(-30.40711634028118 0.2622085825108386 -1.030494182247312e-13)
(-28.98343004710025 1.245413039968482 -1.053205289758188e-13)
(-27.89817494128079 1.395981241220145 -5.416164865476888e-14)
(-27.08333013706195 0.9025470101985603 1.588565486401942e-16)
(-26.48334694296456 -0.07704645330246356 1.016018022306364e-13)
(-26.05215910148805 -1.412304790663655 1.617624787800248e-16)
(-25.7508831360598 -2.997655341078122 -8.926163565013482e-17)
(-25.54623596647406 -4.750703236523065 3.398789880633987e-15)
(-25.40943714105418 -6.610728606277238 -1.029929993856519e-16)
(-25.31573415982067 -8.536787850755191 5.078595603759317e-15)
(-25.24568911509131 -10.50475625641843 -5.428776369546843e-15)
(-25.18890395349748 -12.50485577487618 1.373632800071302e-17)
(-25.14197858927778 -14.54990772165978 1.336884603219072e-16)
(-25.06924676331898 -16.71741026440973 3.461391517196154e-16)
(-24.78122167347311 -19.23275700500779 7.997015275379884e-17)
(-23.74861286651104 -22.49674060263763 -5.284706358846404e-14)
(-20.99716311774086 -26.85038410271649 -1.312373799160157e-13)
(-15.23802130262768 -32.16488445207073 -1.36120834152527e-14)
(-5.715667655998536 -37.55949870266216 1.323602100951565e-13)
(0 0 0)
(0 0 0)
(0 0 0)
(0 0 0)
(0 0 0)
(0 0 0)
(0 0 0)
(-307.969687246934 407.4492048768089 8.372670043386893e-13)
(-55.03825117533196 138.7857855360747 -1.488399445682787e-13)
(143.2331209885728 91.23645987565344 1.311939133372249e-13)
(120.3708107633835 54.80807713691794 3.007334722317163e-13)
(79.43346453160848 38.52488147751379 -3.431995332825517e-13)
(68.7415953084648 12.28885763501403 -7.100398145370113e-13)
(85.94206724426671 -24.37706044751923 5.541146926522725e-14)
(107.64125204044 -88.95005942148194 1.624146831542252e-12)
(-0.5524024711066176 -165.2561347765044 1.669858220841344e-12)
(-237.5863946827327 -312.5760455990912 2.760904161219957e-13)
(0 0 0)
(0 0 0)
(0 0 0)
(0 0 0)
(0 0 0)
(0 0 0)
(0 0 0)
(0 0 0)
(0 0 0)
(0 0 0)
(0 0 0)
(0 0 0)
(0 0 0)
(0 0 0)
(149.4526444423371 -94.80394890763895 -1.180286845801089e-14)
(-396.4277512651107 -438.9552796006154 1.874420313166983e-15)
(-367.3466626417394 -273.982572738573 -8.751838206311122e-16)
(-283.1600982522056 -175.0585719089351 -2.934739898682564e-15)
(-248.8336503878326 -117.8295931994952 -1.152225885315266e-14)
(-237.7237248282808 -83.67522177938301 -5.532938890832953e-15)
(-232.9080863626647 -60.15021822786505 2.432576318542905e-15)
(-229.9563873448204 -42.80554008087621 9.379809269174536e-16)
(-227.7143569774465 -29.79561731652316 1.02761239560223e-13)
(-225.7513923804768 -20.00280093467942 -6.370780012591946e-15)
(-223.9978932544018 -12.6950321308296 1.177077125400694e-13)
(-222.5033233932922 -7.365347309197844 5.626033344551739e-15)
(-221.2916835880866 -3.621184567430924 3.458536440708417e-15)
(-220.341042945451 -1.137368326730512 1.080247753135325e-13)
(-219.6086186033083 0.3563734247620297 3.855028207428258e-15)
(-219.0508305790402 1.080809468038318 -6.426924558017977e-15)
(-218.6306540541607 1.214025103213299 5.517714692488144e-14)
(-218.318257485219 0.8989554134777588 4.961575706543494e-15)
(-218.0897094798276 0.2499353546641989 5.656297605568986e-15)
(-217.9256329810118 -0.6422711328937185 3.369721517831303e-15)
(-217.8102284014893 -1.706736322750332 -2.784120023161622e-15)
(-217.7305773313477 -2.889541735434629 5.062288471652817e-14)
(-217.6758455464061 -4.15159216110374 5.427681490982495e-14)
(-217.6359007652164 -5.466809074561045 -1.377554379359791e-15)
(-217.6002366075957 -6.819666641243979 5.102102864176786e-14)
(-217.5628783102529 -8.199437766928261 7.936722046062159e-14)
(-217.5431633797116 -9.591229147560675 6.630574693695109e-16)
(-217.6064006636611 -10.98445638943868 1.036232199249238e-13)
(-217.7732924626798 -12.46221564605351 2.706712178796271e-14)
(-217.6743169444372 -14.3733667727451 -6.459036205599682e-14)
(-216.2190119361759 -17.29104346775807 1.372429551246515e-15)
(-212.4046983205376 -20.71241752910261 1.244639160860196e-14)
(-199.4049420711543 -28.68635601094261 -3.89116058337176e-15)
(0 0 0)
(0 0 0)
(0 0 0)
(0 0 0)
(0 0 0)
(0 0 0)
(0 0 0)
(33.42961492225837 90.50725268410348 4.713406755756543e-13)
(-453.4554821032494 626.1691923921803 -3.361336387390096e-14)
(-308.1164813895405 333.6157183692227 7.64563696633225e-15)
(-217.6944153032928 194.4634307136666 2.31585360681432e-13)
(-216.1680904708866 101.5502056802003 -3.40723346185835e-14)
(-237.4138000656716 20.47687342799943 -3.423230599283756e-13)
(-272.2407155336297 -75.95084391281648 -2.46341163826025e-13)
(-349.1957953432641 -205.5810636654008 1.375900155515689e-12)
(-382.8258204839203 -394.6846553027879 1.675395673252315e-12)
(115.1463542190891 -76.66566600777932 2.445258609458468e-13)
(0 0 0)
(0 0 0)
(0 0 0)
(0 0 0)
(0 0 0)
(0 0 0)
(0 0 0)
(0 0 0)
(0 0 0)
(0 0 0)
(0 0 0)
(0 0 0)
(0 0 0)
(0 0 0)
(-251.1145211355257 -340.5980194013927 -7.178347148088548e-15)
(11.56432688074301 -209.6565170832089 -3.932552459363515e-16)
(124.4613081469003 -135.9867950719115 2.02490345936744e-14)
(99.30283133132914 -79.01751754764818 -1.881545028212605e-13)
(79.28895893546009 -54.63176605382252 5.185741271196816e-14)
(76.12475883934596 -39.80175408342727 -8.5055506312232e-14)
(76.83733712156067 -29.40447444160215 -2.081360483733499e-14)
(77.15852437853917 -21.43838422787659 -2.206067088183004e-14)
(77.23360663559642 -15.16613610225556 -9.096506419212138e-15)
(77.39828286942237 -10.29047120479924 -1.128506430850388e-13)
(77.63389782380989 -6.619645832848727 1.274582905553691e-13)
(77.85693738481373 -3.955801308668495 1.202798304123313e-13)
(78.03356364548077 -2.098027765918374 -5.569417498449864e-15)
(78.1648169516352 -0.8661760782555197 -1.228050051305992e-13)
(78.26078021473865 -0.1121868562806879 -3.232197213658743e-14)
(78.33052997770348 0.2805420227657507 2.351712594623839e-14)
(78.38079368889953 0.4024272101064092 -7.118989977521255e-14)
(78.41658220569886 0.3232870795232536 -4.133445064370922e-14)
(78.44172458226755 0.09688669169586193 -1.338425833016673e-13)
(78.45916737551534 -0.2356346099940139 -3.323564508738636e-14)
(78.47114052969106 -0.6431899689113978 1.075061692377532e-14)
(78.47923253049917 -1.102754173898994 1.413814534651076e-14)
(78.48450991737995 -1.597805578089602 -3.890545001139377e-15)
(78.48826987476357 -2.117276567695167 -3.03124309308942e-14)
(78.49438996407244 -2.65534721269932 4.467794354893115e-14)
(78.51101581579412 -3.211729964984061 1.220259332608681e-14)
(78.53734007260721 -3.788574652139256 -4.336579724116589e-15)
(78.51096401036362 -4.373972701392129 -2.27605534187752e-15)
(78.27547451500506 -4.917844238968672 -2.912383542080486e-15)
(77.92144768128665 -5.339110891459928 -2.260562460626468e-14)
(78.85339997321864 -5.962154900543875 8.129448426026142e-15)
(82.27061668260004 -7.692841101848017 1.898164450497311e-14)
(73.75283076384238 -12.36000343117447 2.265106970029128e-14)
(0 0 0)
(0 0 0)
(0 0 0)
(0 0 0)
(0 0 0)
(0 0 0)
(0 0 0)
(175.0185664999847 -114.3292346041546 -3.01252563631455e-14)
(-56.38570723003968 395.9790867566767 -4.177342951438897e-13)
(-192.5255937914234 345.0757740160743 6.202007468803679e-17)
(-188.3024785057183 268.6780738005071 5.288304293498193e-16)
(-179.612579348858 150.417635582936 -2.336856235573578e-13)
(-194.8068768353582 33.20620954581555 -2.120204406528794e-13)
(-222.2106117960941 -71.50121095017319 8.856621254022532e-15)
(-216.4920873320292 -128.7262805946557 -3.721513698514433e-13)
(-60.7753791919656 -118.1436519642797 -5.927062952311357e-14)
(150.330871531114 107.2297408012276 4.013232467556694e-16)
(0 0 0)
(0 0 0)
(0 0 0)
(0 0 0)
(0 0 0)
(0 0 0)
(0 0 0)
(0 0 0)
(0 0 0)
(0 0 0)
(0 0 0)
(0 0 0)
(0 0 0)
(0 0 0)
(0 0 0)
(0 0 0)
(0 0 0)
(0 0 0)
(0 0 0)
(0 0 0)
(0 0 0)
(0 0 0)
(0 0 0)
(0 0 0)
(0 0 0)
(0 0 0)
(0 0 0)
(0 0 0)
(0 0 0)
(0 0 0)
(0 0 0)
(0 0 0)
(0 0 0)
(0 0 0)
(0 0 0)
(0 0 0)
(0 0 0)
(0 0 0)
(0 0 0)
(0 0 0)
(0 0 0)
(0 0 0)
(0 0 0)
(0 0 0)
(0 0 0)
(0 0 0)
(0 0 0)
(0 0 0)
(0 0 0)
(0 0 0)
(0 0 0)
(0 0 0)
(0 0 0)
(0 0 0)
(255.2993009387056 -84.36990175017932 3.722571951642951e-13)
(114.2469237086007 225.1305412870086 1.102594152540609e-14)
(-132.3313887778634 223.2888959665564 6.441999636107738e-17)
(-251.2007887111706 225.0764328942614 7.574367570418141e-17)
(-291.6930548400218 150.0086110286072 6.473037601021843e-17)
(-299.3698898554806 56.6258388151395 -8.724708777750617e-16)
(-273.3595830272193 -9.473055960356929 -2.125412290894871e-13)
(-175.2892037327398 -10.96138524687077 -6.200598266955249e-16)
(21.59757298367236 9.056937687542167 2.093766222345566e-13)
(141.6571858416848 86.08629431324961 -2.890800604096786e-15)
(0 0 0)
(0 0 0)
(0 0 0)
(0 0 0)
(0 0 0)
(0 0 0)
(0 0 0)
(0 0 0)
(0 0 0)
(0 0 0)
(0 0 0)
(0 0 0)
(0 0 0)
(0 0 0)
(0 0 0)
(0 0 0)
(0 0 0)
(0 0 0)
(0 0 0)
(0 0 0)
(0 0 0)
(0 0 0)
(0 0 0)
(0 0 0)
(0 0 0)
(0 0 0)
(0 0 0)
(0 0 0)
(0 0 0)
(0 0 0)
(0 0 0)
(0 0 0)
(0 0 0)
(0 0 0)
(0 0 0)
(0 0 0)
(0 0 0)
(0 0 0)
(0 0 0)
(0 0 0)
(0 0 0)
(0 0 0)
(0 0 0)
(0 0 0)
(0 0 0)
(0 0 0)
(0 0 0)
(0 0 0)
(0 0 0)
(0 0 0)
(0 0 0)
(0 0 0)
(0 0 0)
(0 0 0)
(287.7132974657271 -40.70760227276933 -5.064313020364581e-14)
(191.0219361488571 146.3820760204674 8.056410760761451e-13)
(-76.02230096076664 108.9731502814037 2.188622893773362e-16)
(-261.5827635252692 130.1798966053692 4.2356235884709e-13)
(-348.0631735975813 108.0287376807484 -5.203782705351339e-16)
(-354.2885438368418 69.53483240840754 2.232367173078527e-13)
(-289.797835923789 46.4004186268091 -6.921114114510292e-16)
(-154.6262680084673 51.23798911650659 -5.388386721282116e-17)
(25.66417574528595 28.49885811141829 9.880193702677996e-15)
(109.4223922490279 42.13369434718025 -5.174495289501879e-14)
(0 0 0)
(0 0 0)
(0 0 0)
(0 0 0)
(0 0 0)
(0 0 0)
(0 0 0)
(0 0 0)
(0 0 0)
(0 0 0)
(0 0 0)
(0 0 0)
(0 0 0)
(0 0 0)
(0 0 0)
(0 0 0)
(0 0 0)
(0 0 0)
(0 0 0)
(0 0 0)
(0 0 0)
(0 0 0)
(0 0 0)
(0 0 0)
(0 0 0)
(0 0 0)
(0 0 0)
(0 0 0)
(0 0 0)
(0 0 0)
(0 0 0)
(0 0 0)
(0 0 0)
(0 0 0)
(0 0 0)
(0 0 0)
(0 0 0)
(0 0 0)
(0 0 0)
(0 0 0)
(0 0 0)
(0 0 0)
(0 0 0)
(0 0 0)
(0 0 0)
(0 0 0)
(0 0 0)
(0 0 0)
(0 0 0)
(0 0 0)
(0 0 0)
(0 0 0)
(0 0 0)
(0 0 0)
(301.3796742169943 -13.76282885028139 -1.250539366168987e-14)
(210.9330329015409 86.84141466498065 4.237656597852985e-13)
(-54.95470284074041 16.90067035661249 4.664579542359886e-16)
(-252.1452014401527 30.07912074640486 4.236259598719059e-13)
(-352.338119114295 45.8526352399335 -3.512067569161949e-16)
(-360.998208883074 58.8027712048738 4.143035733204767e-13)
(-291.6564262957989 68.86291999737655 -3.981072937745401e-16)
(-161.505931961889 69.18171235610126 -9.442037391848852e-19)
(-0.6813058414743471 25.38367733800467 1.547149188069305e-14)
(83.46684858717651 18.23193766157701 -8.629920172807146e-14)
(0 0 0)
(0 0 0)
(0 0 0)
(0 0 0)
(0 0 0)
(0 0 0)
(0 0 0)
(0 0 0)
(0 0 0)
(0 0 0)
(0 0 0)
(0 0 0)
(0 0 0)
(0 0 0)
(0 0 0)
(0 0 0)
(0 0 0)
(0 0 0)
(0 0 0)
(0 0 0)
(0 0 0)
(0 0 0)
(0 0 0)
(0 0 0)
(0 0 0)
(0 0 0)
(0 0 0)
(0 0 0)
(0 0 0)
(0 0 0)
(0 0 0)
(0 0 0)
(0 0 0)
(0 0 0)
(0 0 0)
(0 0 0)
(0 0 0)
(0 0 0)
(0 0 0)
(0 0 0)
(0 0 0)
(0 0 0)
(0 0 0)
(0 0 0)
(0 0 0)
(0 0 0)
(0 0 0)
(0 0 0)
(0 0 0)
(0 0 0)
(0 0 0)
(0 0 0)
(0 0 0)
(0 0 0)
(304.419801123353 -1.909428181254999 -1.137593751304402e-15)
(184.7550930750142 0.03313050063006528 8.27639481882234e-13)
(-63.12895917354395 -79.65934428321637 -7.081290984515547e-16)
(-232.6307986545464 -64.29941883776696 4.238118422261797e-13)
(-319.3395231744677 -19.7802519337779 -4.476511632648617e-18)
(-331.278259083787 30.3280826258641 -7.234252640582592e-16)
(-279.4188948206341 67.24523720367134 -9.126965124473176e-17)
(-176.1325660060691 76.07898466963867 -8.894615987175053e-18)
(-34.72597611791614 36.35705603500178 1.733087468842124e-14)
(64.59792299580837 10.18951022649087 -9.777462146431162e-14)
(0 0 0)
(0 0 0)
(0 0 0)
(0 0 0)
(0 0 0)
(0 0 0)
(0 0 0)
(0 0 0)
(0 0 0)
(0 0 0)
(0 0 0)
(0 0 0)
(0 0 0)
(0 0 0)
(0 0 0)
(0 0 0)
(0 0 0)
(0 0 0)
(0 0 0)
(0 0 0)
(0 0 0)
(0 0 0)
(0 0 0)
(0 0 0)
(0 0 0)
(0 0 0)
(0 0 0)
(0 0 0)
(0 0 0)
(0 0 0)
(0 0 0)
(0 0 0)
(0 0 0)
(0 0 0)
(0 0 0)
(0 0 0)
(0 0 0)
(0 0 0)
(0 0 0)
(0 0 0)
(0 0 0)
(0 0 0)
(0 0 0)
(0 0 0)
(0 0 0)
(0 0 0)
(0 0 0)
(0 0 0)
(0 0 0)
(0 0 0)
(0 0 0)
(0 0 0)
(0 0 0)
(0 0 0)
(218.708905341132 -122.0192292705087 -2.192300648949315e-15)
(111.0897210744821 -150.2986870545517 4.230277876647024e-13)
(-72.11057364535128 -189.6907119118426 2.682208112783681e-16)
(-192.2661093748139 -147.6037403471311 4.249518856364846e-13)
(-257.7106176467054 -77.50811612018968 -5.992529887433996e-17)
(-273.9727198353371 -3.220065892563976 2.317048126229422e-13)
(-245.9055243398103 56.59854966669961 -3.770551451516801e-16)
(-178.2974539575107 88.42883739657734 -4.339261761275644e-17)
(-72.17119283253511 76.9008542980838 1.738500367777661e-14)
(22.66060870608105 52.95758871949906 -9.939267437005554e-14)
(0 0 0)
(0 0 0)
(0 0 0)
(0 0 0)
(0 0 0)
(0 0 0)
(0 0 0)
(0 0 0)
(0 0 0)
(0 0 0)
(0 0 0)
(0 0 0)
(0 0 0)
(0 0 0)
(0 0 0)
(0 0 0)
(0 0 0)
(0 0 0)
(0 0 0)
(0 0 0)
(0 0 0)
(0 0 0)
(0 0 0)
(0 0 0)
(0 0 0)
(0 0 0)
(0 0 0)
(0 0 0)
(0 0 0)
(0 0 0)
(0 0 0)
(0 0 0)
(0 0 0)
(0 0 0)
(0 0 0)
(0 0 0)
(0 0 0)
(0 0 0)
(0 0 0)
(0 0 0)
(0 0 0)
(0 0 0)
(0 0 0)
(0 0 0)
(0 0 0)
(0 0 0)
(0 0 0)
(-406.0838810309071 -570.1476640734339 -3.610831256012215e-16)
(-264.4068812350212 -515.1012672117557 -1.90881126260504e-14)
(7.779806668163502 -557.2023863402184 -7.640957466979542e-14)
(68.02468101991602 -537.4500232623069 3.167134730490498e-13)
(39.6565746558154 -496.3286594493396 -5.002386347368251e-14)
(12.33312285844391 -458.270283643616 -2.113012686374745e-14)
(75.64230242782699 -373.4408228360921 -2.709983786501671e-15)
(204.0338012200366 -363.7601358760538 -2.163288664407105e-15)
(93.29051670224406 -329.6404675039973 8.019078832891327e-13)
(-33.96902238743646 -289.6195498544111 5.375472315348712e-17)
(-120.4482028764957 -209.7406546091653 4.241097891493807e-13)
(-174.9558487309834 -120.7599268240257 2.139941742511839e-17)
(-197.1715933882177 -33.051154116682 -3.659802683156215e-16)
(-187.769991514956 43.56667230919487 -7.754429996599738e-17)
(-148.503265589459 102.2211257281849 -1.252306377429829e-17)
(-76.89215638864181 133.5226401024419 1.683284556255708e-14)
(8.689845810778799 141.2355483141386 -1.273340555192554e-13)
(8.461842242465689 135.4320375391195 1.369869039549086e-13)
(8.406786398450551 157.6245582054149 -3.744053952982623e-14)
(19.62759565734133 176.6953124690991 -2.461197649586598e-14)
(27.99320662161141 200.6602676476583 -4.573439448225558e-14)
(32.48675328964528 222.8128543902236 1.450819436228522e-13)
(35.83842948127185 241.480986401786 -7.502464925434598e-14)
(39.4696614040564 256.1961981961238 1.398655422071732e-13)
(43.34573386257673 266.9406815788465 -5.884865208504901e-14)
(46.99146832623471 273.2739983845099 -5.473502369612897e-14)
(49.91740075382008 274.006782830215 -3.015513179406336e-14)
(51.79546874624155 267.2787115741286 -1.279853962338273e-14)
(52.62677273843054 251.0740318842543 -1.592138935179651e-15)
(52.93421525559476 224.3001949533536 -8.676875996948281e-17)
(53.39333214802387 187.7792738420069 -1.42352067393732e-17)
(55.33235808710137 145.9638701825641 -4.890879349679162e-18)
(59.413016928297 104.400744148112 2.075971886699508e-17)
(64.43355448337292 68.61316708947672 -7.606834662339634e-16)
(69.14707083324917 41.50372721812303 3.168894809496749e-15)
(72.9190496814704 22.95929059449352 3.736637733226549e-14)
(75.53854525161849 11.23860918422498 -6.704038908923881e-14)
(77.11793267743164 4.311323684263214 1.721246919651884e-14)
(77.9600636433061 0.4451417115299865 1.414090730835052e-14)
(78.3572142991345 -1.586600772192597 2.411198094952676e-15)
(78.51811875459359 -2.569330948099804 1.909689386425695e-16)
(78.56574598004565 -2.968020514784589 2.44268893124437e-17)
(78.56489792915691 -3.043928823937734 6.195114367230027e-17)
(78.54706658382742 -2.940274599166336 1.039175776081834e-16)
(78.5258978632074 -2.73687291994908 1.820863568745094e-17)
(78.50614624591961 -2.481635842048044 -1.517865522312282e-16)
(78.48866204477018 -2.206922903129824 -1.055553617454496e-15)
(78.47298877816918 -1.936910519010917 3.843151798587107e-15)
(78.45855825684119 -1.690207795523961 2.091706630025441e-14)
(78.44509024335838 -1.480364433364862 -8.634024504538194e-14)
(78.43260974447986 -1.315792631295814 -7.894894868951221e-14)
(78.4212620688368 -1.199890527576717 -1.861419515810967e-14)
(78.41104778453331 -1.131673853572404 -3.47347053231084e-16)
(78.40182159846333 -1.106857041265333 -6.307972843134207e-17)
(78.39447004720462 -1.118973292730612 -2.114827295855871e-17)
(78.39358255739259 -1.16017597407442 -8.486703508891395e-18)
(78.40479481398479 -1.223528984476376 -8.102466890174548e-18)
(78.40318423974229 -1.314392227908156 -8.51382639083341e-18)
(78.26071989361463 -1.482112419199279 -5.169737444027588e-18)
(77.80234626433054 -1.84362790379562 -2.047037236962662e-18)
(77.51992309574483 -2.498950246546753 -1.124737767688168e-18)
(79.78297153774265 -2.852579479573189 -4.078177310553487e-19)
(84.52270140343978 -1.721769726267537 1.116132751292818e-18)
(69.51224223459211 2.754024208849446 1.782140205479926e-18)
(-291.3865690802144 -901.1287704315351 4.107248894052539e-16)
(-321.7741366933101 -699.1392605450783 3.161105576202716e-15)
(-191.5851067105251 -650.8014522340712 9.318981401094633e-15)
(-74.45229147950197 -647.4747740851502 2.292555116559679e-13)
(-10.78909367510423 -613.684670502189 1.02565557918204e-14)
(39.70837647491251 -545.0094552714148 3.797323011648906e-15)
(112.8360178050998 -450.6255990306685 8.462656256528655e-16)
(184.9873841987366 -402.642641486586 3.662842041914609e-16)
(177.7898279467 -416.1299972374364 4.185733954899157e-13)
(66.34112893573567 -337.0480310225594 -2.874553038104158e-16)
(-23.40648602732189 -243.7762357612125 2.185362093138247e-13)
(-81.02111717321489 -148.0859293359597 2.475275210064598e-16)
(-109.6461207330369 -55.48018998414188 -6.491993985829332e-17)
(-110.6332444173946 29.37358430288232 9.595269574743171e-18)
(-83.52223827273613 102.5100704403949 1.110270304194141e-18)
(-32.33072651079951 158.6597480125452 -6.326876357528466e-17)
(0.7360440636188752 170.5885818795184 1.642053261033511e-14)
(14.36999292455933 185.6388455391406 4.323907122553284e-13)
(18.25906310213307 212.0990317702303 5.733330802796868e-15)
(16.70518759215372 237.7260546974191 4.278985173441308e-15)
(7.259433417671815 261.9853856506938 7.477973237834924e-15)
(-9.525061194796407 284.5381578954314 4.231526782629374e-13)
(-30.6264925067107 304.3893646890583 1.388156473888404e-14)
(-53.68538601981567 319.9648890736629 4.247066618291268e-13)
(-78.31037569914453 330.0875887854612 1.024915319169193e-14)
(-105.324613513632 333.7558490739493 1.039203394003366e-14)
(-135.7626006655996 329.8974096798623 5.208593318453101e-15)
(-169.9120812049687 317.4655728033024 2.004414391877766e-15)
(-206.3823830919819 295.8801681397185 3.726742648434689e-16)
(-241.4805806018758 265.6123994675036 6.199972248858397e-17)
(-269.5728232100511 228.5404897820586 1.039234819135023e-17)
(-285.1849390383402 187.8900544861688 2.019572336716165e-18)
(-286.5960850051034 146.7560361711752 -6.262885720319057e-20)
(-277.3170967707729 108.337943379557 1.818855705379653e-17)
(-263.3415581283302 75.38839002713669 -6.419952367278795e-16)
(-249.5905706320834 49.28596287054801 -3.209985004343325e-15)
(-238.550205122887 29.94464533669631 -2.126478594133179e-13)
(-230.7402271947076 16.38134996274768 -5.684591414632989e-15)
(-225.666265989288 7.287733727369407 -2.278702689650824e-15)
(-222.5504086185999 1.424061069472193 -5.643439775287796e-16)
(-220.6990897984564 -2.203603730152627 -8.426633617356945e-17)
(-219.6127773394925 -4.316541303733469 -1.384230157243176e-17)
(-218.9727564574945 -5.411001077519709 -2.006533298828978e-17)
(-218.5918160703938 -5.823512408001573 -8.894415082592626e-17)
(-218.3664808241051 -5.786670258060556 -1.062390089814454e-13)
(-218.241603216221 -5.467861530958377 -1.058840613973465e-13)
(-218.1872774610138 -4.992645409270789 -1.028961248097175e-13)
(-218.1852495534057 -4.457218207896744 -1.047541724636208e-13)
(-218.2218256522868 -3.934314417323657 -1.056518842559628e-13)
(-218.2848490035552 -3.475889487709261 -7.051325320963509e-17)
(-218.3629996251591 -3.11479454137973 -5.339191663198358e-14)
(-218.44623350798 -2.866670754558942 1.756907713172124e-16)
(-218.526488730193 -2.732518103507217 6.064273104179738e-17)
(-218.597860873858 -2.701898479394392 1.619848017341928e-17)
(-218.6560242893129 -2.756902158292603 4.401119569601305e-18)
(-218.6999377287162 -2.878444296465291 1.932963208230384e-18)
(-218.7458407060777 -3.057635152599097 1.632011994862448e-18)
(-218.8600974593248 -3.305804352484233 1.562346219899483e-18)
(-219.1588312436963 -3.62155877375023 9.912933194367262e-19)
(-219.5940665806791 -3.837428786056636 4.453438913262031e-19)
(-219.4587007277361 -3.453374659182271 2.268751720374113e-19)
(-217.3564417336452 -2.004090673378585 5.390869874775156e-20)
(-212.8597098583036 -0.7155715757984128 -1.961676596761233e-19)
(-198.1266651196145 6.798513963036699 -3.4241382493787e-19)
(-20.7846626535897 -764.0096963586849 -2.020486022155721e-19)
(-38.73117209753465 -644.9122742689369 -1.616741060678006e-18)
(-6.762537450894368 -564.3790680583018 -8.400970343864433e-17)
(53.46811836383227 -530.5097228252525 1.037869480545128e-13)
(109.2764111212215 -497.7096535833177 -7.27083287803963e-17)
(156.7839313274447 -446.9737046409751 3.231198070508227e-18)
(197.7273532343279 -392.6266952439905 1.534831735208576e-17)
(219.8354754507864 -364.084651407724 6.542328901581611e-17)
(199.605530608832 -366.1548601177619 2.11865404193774e-13)
(138.3847378281435 -322.0827538859107 -3.378278932221659e-16)
(68.51389851157818 -246.3424311057685 2.263447114525027e-13)
(13.3401970329172 -158.5187113730886 -4.830516832218899e-16)
(-19.71207975096815 -69.70340690634194 -3.056062036549771e-16)
(-29.77973121761594 13.64664087276555 1.830268003874591e-16)
(-19.21710180063209 85.32830170408504 4.42996231243897e-17)
(3.857688469985875 136.8533145101276 -4.087301015467876e-17)
(27.06968679271073 161.4757410812634 -4.150005613155217e-16)
(44.39722215761736 181.1104079529951 2.314887423976936e-13)
(55.69939099926474 200.2789140550057 -4.212168120124591e-16)
(60.67824949773535 217.7694686596752 -7.714897713451405e-18)
(59.34315765737814 232.8127835162539 5.154108801216258e-16)
(52.18175174795157 246.1704232385346 4.057288816135808e-13)
(40.82356887550237 257.672230812574 5.12120242362808e-16)
(26.78372844878145 266.0273235734641 4.23846874242169e-13)
(10.52130408974306 269.7766681782118 9.693188391847905e-18)
(-8.459766695029321 267.8937158903497 2.019475417918548e-17)
(-30.83788223932585 260.003908655941 1.050121014464352e-17)
(-56.50911707950245 246.4862299902651 6.46229575863781e-18)
(-83.76448155638639 228.4771280892799 2.423352043214035e-18)
(-109.0095414782757 207.606535138741 9.054491175145484e-25)
(-127.500609558881 185.3717088737137 3.201625516114743e-24)
(-135.2548298169044 162.4018777000379 4.790999281123148e-25)
(-131.1722552476736 138.3784222883406 -8.077910560522486e-19)
(-117.7080823799647 113.2395945741027 2.451144647941686e-23)
(-99.46834868752801 88.04228399795264 6.464851989610654e-18)
(-80.92611334425969 64.51802352001702 -1.575430480966284e-17)
(-64.94698284524932 44.15785763473136 -2.035732839708831e-13)
(-52.61081057141423 27.71136175520484 -3.109287898619581e-17)
(-43.77790834507271 15.19703054215752 4.846703602854121e-18)
(-37.75624307324475 6.166808941675305 -2.019467030805087e-19)
(-33.76220007639555 -0.01562681844364735 -2.019490960988522e-19)
(-31.14058276890312 -3.990302761352365 -6.058472539416338e-19)
(-29.42160513455993 -6.315826791698364 -4.139945309121719e-18)
(-28.29904821864645 -7.448740679464366 -2.226479375184167e-17)
(-27.58431782432413 -7.752389410727976 -7.497324147090098e-17)
(-27.1627170065959 -7.513626136345061 -2.831063796180263e-17)
(-26.96084026014923 -6.957749622655122 3.905732986078296e-17)
(-26.9257667834924 -6.259200961479542 2.36780584612229e-17)
(-27.01370847264792 -5.548673786560274 7.118677846982728e-17)
(-27.18516728428795 -4.918144186801531 3.647727554584374e-17)
(-27.40400945608195 -4.425150791878922 -1.009088149978402e-13)
(-27.63847121781845 -4.097166461971693 -1.024129113164503e-16)
(-27.86270726472301 -3.936454115153699 -1.25712873416741e-17)
(-28.05820226287875 -3.925614221894978 -1.224312159688244e-18)
(-28.21559732910373 -4.034123926593634 -8.835242626590766e-20)
(-28.33879432915259 -4.225495880022337 1.880002061165521e-28)
(-28.45012293761183 -4.45957022387409 1.254215075949078e-27)
(-28.57822227462981 -4.670920085132126 1.147061170463513e-27)
(-28.68101542582483 -4.69557759784082 5.773036688925215e-28)
(-28.46973766904711 -4.171268923702031 9.313749438542307e-29)
(-27.2336225142047 -2.594752346238693 -4.034886951131237e-29)
(-23.87126713076019 0.2766014835338835 -2.163627784547265e-28)
(-17.10171689918117 4.196106636570653 -1.992696691332567e-29)
(-6.350722404644747 8.791872312543388 -2.251612762179088e-28)
(12.43135776591037 -581.7310081256779 -1.868216421216231e-18)
(31.80740769406825 -536.2831567234264 -1.817539164685317e-17)
(54.66919368325997 -476.4284245435323 -2.658145132574868e-14)
(95.78314304807542 -429.0192421471111 -2.524195313758312e-14)
(147.3794087731117 -392.32720682126 -8.886596443185874e-18)
(194.5601128754411 -359.0015070764715 1.413777184215116e-18)
(225.4198023290444 -332.1372177009445 5.504073034272844e-18)
(233.6271135078469 -315.9370946601926 3.614572862424437e-17)
(219.7917244108693 -304.5452644698213 1.934599142800146e-16)
(186.1535580290575 -275.6351412749612 -1.857696526134632e-17)
(140.1575564364793 -222.0593804958515 -4.693189797378445e-16)
(95.61790687522644 -151.815462360375 -3.473492955908353e-16)
(62.51923141547874 -75.53033447565703 -2.131460578962226e-13)
(44.39846403414051 -1.964281201015021 -4.22247331353727e-13)
(39.68443529964334 61.50243640817138 2.328850127195278e-16)
(43.81671250099448 109.3011465112496 1.363279869662901e-17)
(52.8454597749303 141.3139950634274 -8.986772403689238e-17)
(63.20687659581111 163.2202176685447 -3.849189353527142e-16)
(70.71821332043268 178.6448937708783 -9.289720979305339e-17)
(72.94754247190632 189.9081918195976 -7.572422810657434e-18)
(69.38341835656966 198.1064734437999 7.739595103290587e-17)
(60.403194589454 204.1645032005847 4.764942208844591e-16)
(46.80305857503492 208.3459437777279 6.96732241566852e-17)
(29.41560973360069 210.0846416042666 -1.031230134087708e-17)
(8.728229670885012 208.485835041704 8.078474969439279e-18)
(-15.13847281718306 202.9837152544285 5.85656952445821e-17)
(-41.98533538828281 193.7588078468278 -4.234966825238312e-13)
(-70.87820061785708 181.8196999599275 5.250709414435205e-18)
(-99.66394114120095 168.7296631337905 2.019503343992492e-18)
(-125.0210028586321 155.9884153041114 4.039059291887698e-19)
(-143.2384919073485 144.2562166762181 3.63352699194731e-24)
(-151.522028086633 132.8930407203284 -4.038959525301618e-19)
(-149.1401031478879 120.3772901788699 -4.03890270920464e-19)
(-137.7363003429725 105.4379464373989 2.827279744826325e-18)
(-120.6350659236834 88.01171077747223 3.998534070505921e-17)
(-101.5481522867859 69.26757098447094 3.021119461816811e-16)
(-83.42928773013705 50.90476016329385 -2.101999879361696e-13)
(-67.97395308539772 34.40929716506364 1.658001997958262e-16)
(-55.73191903221037 20.67604693230976 1.252090496427925e-17)
(-46.51153810935726 9.991890680057821 6.058519557136371e-19)
(-39.78838059875083 2.204505364811172 -4.038991500691355e-19)
(-34.98402584034137 -3.079270740633754 -2.019487700275638e-18)
(-31.60337561252461 -6.341621001814594 -1.07032619207006e-17)
(-29.27278759708544 -8.062347253092506 -3.120104633540309e-17)
(-27.72704696041806 -8.673816048734292 -1.918518415376889e-17)
(-26.77922726698175 -8.54367102673462 -6.967224221266597e-18)
(-26.29160244301359 -7.971581401793981 -8.329625787102547e-18)
(-26.15451856026808 -7.192199550545544 -1.585238999131144e-17)
(-26.27397458389864 -6.380584751741575 -1.282321118039016e-17)
(-26.56606933010947 -5.658517949838054 -1.033644829485868e-13)
(-26.95587912531156 -5.101082786982047 -1.057929631000982e-13)
(-27.37864838306423 -4.743265050972035 -5.380066483380614e-19)
(-27.78180001285296 -4.586492387084669 3.565648858219426e-19)
(-28.12688956784526 -4.605031038887239 2.461246142388008e-19)
(-28.39070118320667 -4.751504635327068 6.31088783155605e-20)
(-28.5627155906257 -4.958468908701931 1.262177478703569e-20)
(-28.63030928894779 -5.128776937228076 -1.447501395283369e-27)
(-28.53633172727917 -5.106856924936375 -9.432166421320206e-28)
(-28.10195732076961 -4.641329278194639 -3.752122332259318e-28)
(-26.94800166779737 -3.395594276025601 6.705025842604748e-29)
(-24.49070268519212 -1.088878900062318 8.550457512133713e-30)
(-20.07894420925849 2.237221220560556 1.886329763946647e-29)
(-13.39611499767517 5.938724500016676 -1.617012471115503e-29)
(-4.74333657915271 8.497978094550488 -1.901814949142044e-29)
(24.66661895290381 -434.5520497718998 -7.070025309455911e-18)
(66.57134077908262 -416.9038489745988 -8.925902166676031e-17)
(100.5013772530652 -382.2612939881922 -1.06517274410126e-13)
(137.569336115563 -343.0064474465772 -1.057825870625398e-13)
(179.2941460209805 -310.1389713700488 3.311926997991056e-17)
(216.9739203314576 -286.8121067925944 6.462844867564835e-18)
(240.7917656352434 -271.6481510598412 1.569647714970787e-18)
(247.4274287777625 -259.8718668021542 9.051814458057248e-17)
(239.9074837008741 -245.1317623559812 2.019298487890372e-13)
(220.8706216392121 -221.744412186707 5.489463004262363e-17)
(192.333577540564 -183.8625085194746 2.116403165094517e-13)
(159.8692430193166 -132.2262297988195 1.954799531039523e-16)
(130.1391012850254 -72.91932127902832 4.040624738717545e-13)
(107.2530396002385 -13.45839567434784 4.715730920325459e-16)
(92.04832586224893 39.73995628167157 6.672868756508073e-17)
(83.66924708235128 82.92684098329079 2.625751187966955e-18)
(80.98875796410861 115.4351763512542 -2.140660612327108e-17)
(81.72812085157683 137.6701971716961 2.338206599001282e-13)
(82.38736514615597 151.4531727277893 -3.147922048570965e-17)
(80.13982918389858 159.2641433596771 -1.130901969533165e-17)
(73.59946906360643 163.0943323214515 -7.269867632285646e-18)
(62.42122207014327 164.2353190531348 3.473811126999092e-17)
(46.74370725204965 163.3280719471356 -2.423190169756024e-18)
(26.92361968357746 160.4578468757683 1.777269189164768e-17)
(3.420377704240708 155.449856782069 3.554308577070698e-17)
(-23.186793927673 148.3106207558199 4.242119315923283e-13)
(-52.00189756884161 139.5596551119869 4.119873915632982e-17)
(-81.53826182139443 130.2546074514422 2.423451636580047e-18)
(-109.5957662328827 121.6631794809995 1.211710437980139e-18)
(-133.4829879178801 114.693840341636 4.038974730805063e-19)
(-150.5959840940198 109.3595661412764 1.709184593979631e-24)
(-159.1337562864425 104.6317376787846 -4.03893686237049e-19)
(-158.6273495298924 98.87765822866791 7.068517139344307e-19)
(-150.0736617723827 90.65306961548644 1.428802783019271e-17)
(-135.6387241425731 79.40144220681101 1.36113463584115e-16)
(-118.033063959395 65.6601523057 2.124808578036026e-13)
(-99.8052566539381 50.72908256044514 -2.113858412407185e-13)
(-82.83952379339037 36.10361325567266 6.068579210498612e-17)
(-68.19531482750212 23.00973566331523 6.866283802929451e-18)
(-56.22778464125361 12.18873588773952 2.01949959239947e-19)
(-46.83336149846266 3.899756968002387 -4.039068510375721e-19)
(-39.6867091364928 -1.961904973171896 -5.654574365579633e-18)
(-34.40468164818232 -5.720226767876252 -2.887858428548699e-17)
(-30.63124326638389 -7.796561161384307 -1.059703990435919e-13)
(-28.06564159828092 -8.625389274203478 -3.089812729336654e-17)
(-26.4604823597304 -8.604525060500466 -6.058482862185137e-18)
(-25.60936878403183 -8.070632509930421 -9.289149559178357e-18)
(-25.33477013360344 -7.291091082643141 -1.478266368619278e-16)
(-25.48002687212767 -6.465357186720007 -1.028910908580384e-13)
(-25.90566531967731 -5.731118116318669 -2.807110550448169e-17)
(-26.48875655730455 -5.172221010415371 4.191242642164515e-18)
(-27.12388081796484 -4.826570896561405 3.281644569797648e-18)
(-27.72447325264714 -4.692998662500719 1.186444808074055e-18)
(-28.22321451110824 -4.736374306072703 2.989780647433487e-19)
(-28.56903519889577 -4.889781961829259 5.048707135786093e-20)
(-28.71606663097864 -5.051701478284628 2.521533279486482e-28)
(-28.59851095374879 -5.077199465153266 1.382384057293629e-27)
(-28.09077461561439 -4.76982258429554 6.121900222690533e-28)
(-26.96975277723314 -3.896692623391259 1.988291157071718e-28)
(-24.91728729147757 -2.259136249888352 5.316738283197617e-29)
(-21.6008070184978 0.1715887548702232 1.108867931698696e-29)
(-16.84366373058394 3.09497258067967 2.200990856126905e-30)
(-10.84098658114386 5.7922204598464 3.558148888768806e-31)
(-3.791334932275382 7.358187192048363 1.162939449208902e-31)
(30.08315952230138 -315.4010028791328 1.211865281946145e-18)
(84.09819883918973 -307.111649230389 6.441585618958147e-18)
(128.5665951123024 -288.7479901456308 1.066496756382257e-16)
(167.9054656566613 -263.7632775528155 2.018046170931765e-13)
(203.5737493871602 -240.1777786881281 1.98703840564743e-16)
(233.0509332100097 -223.1161834965502 2.423392926432868e-17)
(252.3600423353105 -211.7737033987125 -3.23796730307635e-18)
(260.1435021827151 -201.5601714639326 -9.854377227384018e-17)
(257.9191789959896 -188.0941492375619 1.036835417800006e-13)
(247.4228117097642 -169.0434744042116 -2.03569409806385e-16)
(229.6757388048132 -141.8489381782045 2.112348129712778e-13)
(206.561094180174 -105.7081221987965 -6.091007234992709e-16)
(181.2870655145989 -63.0972568009617 2.246506183007595e-13)
(157.0577415599331 -18.58423496712362 -4.818516310392205e-16)
(136.0696719718179 23.3076749775861 -2.403900132083586e-17)
(119.511932575982 59.46444391313406 4.038719024198331e-18)
(107.58881595745 88.12761420822304 4.523646382985393e-17)
(99.22487295978162 108.3490093301244 4.236683476430836e-13)
(92.31215947108541 120.6279193123803 3.311946976521088e-17)
(84.58870205633789 126.5809405192694 -4.845970267384489e-18)
(74.35459405880283 128.0542050310081 2.261732964677303e-17)
(60.63693422519088 126.5027690991949 -4.229187198584264e-13)
(43.02558639375521 122.8698348600891 7.270242744343761e-17)
(21.53739455696476 117.6970139064867 4.636487724496853e-16)
(-3.418996460197095 111.3316537748404 6.25259194397961e-16)
(-31.02867449573927 104.1773608762611 8.197796625068738e-13)
(-60.04134869386083 96.86819806597352 5.719276289920756e-16)
(-88.77467625217136 90.24017031513813 -8.09237331962766e-18)
(-115.2247082430514 85.07655480254073 -4.038258544679675e-18)
(-137.3246161756723 81.74354290940691 -8.706267475512982e-24)
(-153.3005945388408 79.92363920060424 -8.806578768424472e-24)
(-162.0039359771843 78.62754986263324 -1.135871312432688e-24)
(-163.1187711931765 76.51139845708174 6.511169538452947e-24)
(-157.2125163481738 72.35758692256216 3.231227300636856e-18)
(-145.6279832239441 65.51442420390423 2.948466643330183e-17)
(-130.220511936586 56.10975102463326 1.389409163644777e-16)
(-112.9858267824044 44.95622630832752 -2.116917955521753e-13)
(-95.69329997693427 33.22758592893416 1.219266800032637e-17)
(-79.64679639690176 22.08554653046992 1.464130453017756e-18)
(-65.6215168045412 12.41010008678107 -2.365058634904564e-25)
(-53.9390214609507 4.689238271477054 -4.10868272043391e-24)
(-44.60400957675822 -0.9584584682624613 -2.019491783915942e-18)
(-37.43803180072818 -4.688582985414524 -9.895456703825736e-18)
(-32.17795010324389 -6.817796311964865 -2.948444116601354e-17)
(-28.53501085945096 -7.726331139563696 -1.029937259718801e-17)
(-26.2244705026521 -7.789142891169703 -2.625342400019917e-18)
(-24.97816846506305 -7.335570973484804 -5.856554574682998e-18)
(-24.54924323696466 -6.631317908270493 -4.685197670086258e-17)
(-24.71400161753287 -5.875161949533745 -2.910083030290981e-16)
(-25.27293315381606 -5.203749662957646 -1.736752939486415e-16)
(-26.05133190560243 -4.699523941517914 -2.382992855285774e-17)
(-26.89942603520976 -4.398534507272607 -1.060232003553012e-18)
(-27.69160342242155 -4.296213489172578 3.534094611849707e-19)
(-28.32367286716777 -4.350140993353033 1.262177024760791e-19)
(-28.70602835539282 -4.479678510191821 1.262177464426423e-20)
(-28.7501330939441 -4.56404135150091 4.464381600990287e-27)
(-28.34843039499122 -4.444252398759187 1.940370359437528e-27)
(-27.35582488568492 -3.940225461965714 5.792996940629705e-28)
(-25.59127098670847 -2.896545196760542 1.348580820516602e-28)
(-22.87972029001621 -1.259494656280775 2.563678616266653e-29)
(-19.13659385485173 0.8388646723591194 4.062893742053339e-30)
(-14.45831250401323 3.04263287539609 5.261160660801988e-31)
(-9.132912912506956 4.852526856699749 2.012891640742367e-32)
(-3.177209062164169 5.865603330383362 -1.35653345907793e-32)
(32.95935171492515 -215.1271183670181 2.423586991159375e-18)
(93.22449310859642 -210.7490528310107 2.342735562164139e-17)
(143.8497488859443 -201.4497663272982 1.647881595185177e-16)
(186.1395474968968 -187.9312694580491 -2.110457653421734e-13)
(219.9412401419277 -173.6600456735099 1.680226440649297e-16)
(245.377995672578 -161.8528204454402 2.261860605115448e-17)
(262.3477776476779 -152.7345927556052 3.231013034225226e-18)
(271.1069828989831 -144.0832355603732 -3.23111164198661e-18)
(272.4241807621503 -133.4518511389626 5.284264213377409e-14)
(267.1158326528504 -119.3099499681244 -1.131101957305372e-16)
(255.6689296696728 -100.5601734418252 1.14041043021847e-13)
(238.6209243832613 -76.62667753160677 -2.82707133528938e-16)
(217.2629885530702 -48.28402460798603 -1.155167187481037e-15)
(193.6579714008623 -17.70286061599828 -1.692328878189457e-16)
(170.0970047196052 12.39178769770455 -1.466646233128022e-17)
(148.4891862934539 39.51949205019874 2.504161619714249e-17)
(129.8733233935515 61.74488844123015 1.825613655768838e-16)
(114.2284259416537 77.89227257831223 4.242039056752511e-13)
(100.6192963031678 87.82708668255472 1.7286809417553e-16)
(87.56611488289691 92.36167992987031 4.686494146866431e-17)
(73.52129764481805 92.7879283390175 6.381438302370059e-16)
(57.23685191163888 90.37144375731239 4.383540207289373e-13)
(37.93795205767248 86.10686808859465 1.161616916224246e-15)
(15.38543858385444 80.7176054050155 4.293762016135022e-13)
(-10.09927533620943 74.76896047448031 5.573808816908274e-16)
(-37.65024964337601 68.7948287734803 9.532220968344891e-16)
(-65.9390881313613 63.36333512369676 3.392656327806856e-17)
(-93.32990508910238 59.02945468721188 -8.077302654883137e-18)
(-118.0923936342126 56.18212653076839 -4.846695060682872e-18)
(-138.6359035078908 54.86618162774627 -1.181643240330055e-23)
(-153.7119771238309 54.68854302076515 -4.178997092893896e-24)
(-162.5459970158899 54.87565450170072 -8.445595161739623e-25)
(-164.8973124569587 54.46869713256649 -2.459228640376995e-26)
(-161.0706360131985 52.58901069308919 6.020461208097759e-24)
(-151.8865600310893 48.69034023113306 2.423415126085443e-18)
(-138.5912618493831 42.71754542568675 1.534817466841406e-17)
(-122.6874217498194 35.11158184062683 -2.11752986109734e-13)
(-105.7102035703488 26.65849622390377 -1.009727575536894e-18)
(-89.01280066471129 18.25146295212113 -4.54382748185635e-19)
(-73.6240928975552 10.66523591910781 -1.009743546784207e-19)
(-60.20192005284397 4.415443885588232 -2.019493839403397e-19)
(-49.06453039364267 -0.2783212248291866 -4.038986676780532e-19)
(-40.26401949177156 -3.449572866123822 -2.019482324110134e-18)
(-33.66899142041908 -5.302713394612408 -5.452616051473599e-18)
(-29.03698817748182 -6.127057722641807 -2.019496312665896e-18)
(-26.06972219363474 -6.228168322340664 -2.22147346735972e-18)
(-24.45154380108977 -5.883517734348433 -1.655993160256114e-17)
(-23.87436110961385 -5.320311589776628 -1.381327189359374e-16)
(-24.05245862680455 -4.709248045739084 -5.374210096756305e-14)
(-24.73002731167778 -4.167474077337132 1.046068437989393e-13)
(-25.68354140166972 -3.76519909431041 -1.349015968955785e-16)
(-26.72057036566084 -3.532107292954771 -9.087679461910339e-18)
(-27.6760797387089 -3.46130859935864 -3.029218750311496e-19)
(-28.406679532116 -3.510167160092819 3.78650708815778e-20)
(-28.78293555710232 -3.599401382077225 -2.426670058932713e-26)
(-28.68064051961347 -3.614788629233794 2.513691946312406e-27)
(-27.9746950643219 -3.418949603125622 1.33203522110042e-27)
(-26.5430674138527 -2.88112680023383 3.203607690003855e-28)
(-24.28902197186621 -1.926072230056041 6.140935537139093e-29)
(-21.1818774225781 -0.5877058476209001 9.424622721014243e-30)
(-17.29867948683649 0.96354078815668 1.175920881849075e-30)
(-12.83000154594402 2.45404297165703 1.171519617587902e-31)
(-8.018009422579039 3.60792687075212 7.951720495998268e-33)
(-2.778093698709742 4.251913737592566 1.436351405739289e-34)
(34.46408446622599 -127.4012582918842 4.847483109893224e-18)
(97.77578039275616 -125.3864877210634 6.780756472376595e-17)
(151.3843784991439 -121.0793797960272 5.848874482923194e-16)
(195.6951863135317 -114.711175314751 -2.305991526640911e-13)
(229.652198428078 -107.365579796053 5.88012953775933e-16)
(253.9763861304248 -100.3745424813194 7.431838014573063e-17)
(270.129627194731 -94.18646192992482 6.462634515423294e-18)
(279.4262437754338 -88.14926398667666 1.615608920902596e-17)
(282.6924645850956 -81.1705185950871 2.656670168966089e-14)
(280.3144893947972 -72.33180982743377 2.310402560458716e-16)
(272.359011205336 -61.07507694615911 2.054138787593006e-13)
(258.8372429708106 -47.1192829697471 -4.184867154395173e-16)
(240.2108824025036 -30.65349884780347 2.286968331945734e-13)
(217.7335538549619 -12.53923660382235 -6.425747292539448e-16)
(193.2920246391602 5.822035783095204 -5.366824875375193e-17)
(168.8650333140258 22.83821124075039 6.462319489388018e-18)
(145.96159648985 37.09383686658384 6.139230120788617e-17)
(125.3070712015252 47.6676094029372 4.237103440961385e-13)
(106.7815668055359 54.27835842251001 5.331445917911461e-17)
(89.54954369063157 57.25417439772811 1.452477511328954e-17)
(72.36435787212149 57.32394424679845 2.956684582206556e-16)
(53.95587397487774 55.33145776345286 8.150023568403318e-13)
(33.37174804506849 52.03074342293034 6.882094016164309e-16)
(10.199486941569 48.02671555295978 4.254002476712356e-13)
(-15.34177308901318 43.81117238083448 7.59325170682925e-16)
(-42.43429984046126 39.81564721376851 4.262532521493719e-13)
(-69.80672278021046 36.42845103445718 3.538120219660387e-16)
(-95.95588484316251 33.95809715515668 2.100404410780731e-17)
(-119.3879812970098 32.55986531870786 3.640977061114681e-22)
(-138.8181996781826 32.16846404055248 3.64045259347699e-23)
(-153.29112165728 32.48045550845554 1.281157835969757e-24)
(-162.2237818569813 33.00373058768631 -2.780608776609763e-25)
(-165.405414989846 33.1611224679064 -6.182602034743942e-25)
(-162.9908732389 32.42155107223918 -2.423382060544529e-18)
(-155.4994484829541 30.42892821374652 -8.077933751983055e-19)
(-143.7992703215876 27.0962018852446 -8.077810377703549e-19)
(-129.0448759815555 22.63130448683761 -2.117683342052981e-13)
(-112.5534188648411 17.47829570992308 -7.270132742320541e-18)
(-95.64005670082666 12.19225959810672 -1.4136376440649e-18)
(-79.45753586703907 7.296828666342403 -3.534096492788002e-19)
(-64.88257860283368 3.175527600015545 -1.009744258265554e-19)
(-52.46902632791084 0.02431117825011495 -3.274412567488956e-25)
(-42.46242397052461 -2.137527090852744 -4.03896559299889e-19)
(-34.85543495974819 -3.420088122852158 -8.077962609785309e-19)
(-29.46046578710162 -4.004746419431422 -2.019519306728613e-19)
(-25.98093051437656 -4.093593069679193 -6.058557008744841e-19)
(-24.07031173261539 -3.874783744728635 -4.442893528074365e-18)
(-23.3749735485387 -3.504155543629687 -3.110001480130423e-17)
(-23.56116410530547 -3.099241910751646 -1.399501391954569e-16)
(-24.32888420258881 -2.740674921042407 -9.16847602774957e-17)
(-25.41596512137838 -2.476567372296234 1.18240533262504e-16)
(-26.59553554027475 -2.326694628383112 2.18104329727688e-17)
(-27.66966328952996 -2.28466716099713 2.625330004613448e-18)
(-28.46176564995706 -2.317871919548423 2.145713504675009e-19)
(-28.81064982462218 -2.36707278490566 2.524380062568102e-20)
(-28.56968131509342 -2.350012303746802 3.237047233538313e-26)
(-27.61476856616691 -2.174707818010296 3.068691020860589e-27)
(-25.86294751280497 -1.765692860768192 2.344668100497528e-28)
(-23.29785003426416 -1.098376178907429 1.675590628363297e-29)
(-19.99010727189028 -0.2255658740865771 1.322116717555676e-30)
(-16.09484503553089 0.7252455300809661 1.172646175414129e-31)
(-11.81392642130457 1.593952330813658 1.095911347676102e-32)
(-7.335012260851143 2.248460103018989 1.104416815089711e-33)
(-2.533064366499259 2.617014701260887 2.713515737175585e-35)
(34.97158823838203 -42.99483714727879 4.039695632442652e-18)
(99.54356022819989 -42.48372718629724 4.198167068234798e-17)
(154.5229560406515 -41.22452447932417 6.301027327390802e-16)
(199.8520193256599 -39.3435356600809 -2.219574097988744e-13)
(234.2771846359897 -37.06692484235138 6.365095789640348e-16)
(258.5569678758284 -34.71839449359634 4.200669735197017e-17)
(274.5733774981486 -32.48662278129071 9.69418549058261e-18)
(284.1236491709122 -30.275225039731 1.615526983244466e-17)
(288.2426981198043 -27.78999852118117 1.362907740260063e-14)
(287.2126179530262 -24.7258982506064 2.586490086293961e-17)
(280.8830219804589 -20.89284988399258 2.020146458129135e-13)
(269.0442329839117 -16.20290721245853 -8.564182282615574e-17)
(251.8448762902422 -10.68690207999897 -5.703017075638702e-16)
(230.1354065241032 -4.569973290652497 -9.289694485743889e-17)
(205.4763621001974 1.713869282664671 -8.431417402060581e-18)
(179.7628569552082 7.613255189280458 3.231179592212109e-18)
(154.7045035342043 12.61055329930377 1.696370997155871e-17)
(131.4145969209227 16.35499762764117 4.235600944680652e-13)
(110.2073379238179 18.71690650331119 1.77714658139908e-17)
(90.61297134017792 19.77961627481235 1.130916776494872e-17)
(71.59962136477515 19.7792368773272 2.261843083459929e-17)
(51.9444468206225 19.01387476203811 4.238460491950022e-13)
(30.63375659060831 17.76693080358972 4.200512669851851e-16)
(7.166170014795701 16.27515709952432 4.261498800609967e-13)
(-18.31027307482831 14.73305775007774 4.555966162799806e-16)
(-45.03311382932153 13.30627877108682 3.618917358561612e-16)
(-71.79697164988251 12.13404205364662 5.169864917140543e-17)
(-97.19898910572942 11.31599641336457 1.61574624506533e-18)
(-119.8826623973479 10.89105866807262 4.282444988780383e-23)
(-138.716058091624 10.82157302945429 3.806885929980586e-24)
(-152.8775363382181 10.99357513095172 -3.966695810862959e-26)
(-161.8662094291885 11.23562977498272 -1.293801996139051e-25)
(-165.4803989248671 11.35169492039958 -5.101404804624668e-25)
(-163.8037406219214 11.16124919476482 -1.615589288785194e-18)
(-157.2128010744771 10.53946807984651 -2.423386685417487e-18)
(-146.389739680317 9.448556947996501 -6.46235552602608e-18)
(-132.3061279590747 7.949663075261434 -2.117752004741699e-13)
(-116.1499812458402 6.1879592247008 -8.077937476202683e-18)
(-99.19492330813237 4.353732465398114 -1.615589479525805e-18)
(-82.64139661416179 2.633691264139403 -4.038971166584229e-19)
(-67.47492182049972 1.170428355809228 1.009740458804002e-19)
(-54.3779812921229 0.04185555709435828 -2.524360612814879e-20)
(-43.70872892556527 -0.7380735691851863 2.144890257341901e-26)
(-35.53643907290821 -1.204054402898987 -3.029228454599536e-19)
(-29.71064577008162 -1.418742553452414 -2.711720886796054e-25)
(-25.93984405305112 -1.453959244593422 -3.507434749393082e-25)
(-23.86213127496203 -1.377439452544873 -2.019383660408155e-19)
(-23.09879392764459 -1.245617696392117 -8.085773414328347e-19)
(-23.28891174050255 -1.101150061156051 3.736060378333279e-17)
(-24.10725496002067 -0.9733016115545458 -5.645144077448903e-14)
(-25.26944079290765 -0.8794971079088032 -5.679182574196226e-14)
(-26.52853587000905 -0.826787053443847 1.253090600488912e-16)
(-27.6671166691895 -0.8125339496172984 1.03496980759376e-17)
(-28.48894589725191 -0.8242969780612747 7.320725200543575e-19)
(-28.81494423731374 -0.8397842777129049 5.0488360071592e-20)
(-28.48815718082113 -0.8286688150745739 1.172252156992126e-25)
(-27.39027580089428 -0.7583390058042203 8.271229687765157e-27)
(-25.46665936720462 -0.6042505809073471 4.108504415696021e-28)
(-22.74884679852029 -0.3621151250583046 9.273634655247716e-30)
(-19.35824094255505 -0.05529477601771352 -6.419695969577891e-31)
(-15.47918612601796 0.2697284560188944 -9.193505134864934e-32)
(-11.30685948834826 0.5603760490606814 -5.779067621198358e-33)
(-6.99502332183809 0.776855427177834 -1.410361004423103e-34)
(-2.409614603187861 0.9004067823275814 1.010643124605537e-35)
)
;

boundaryField
{
    inletLower
    {
        type            zeroGradient;
    }
    inletUpper
    {
        type            zeroGradient;
    }
    outletLower
    {
        type            zeroGradient;
    }
    outletUpper
    {
        type            zeroGradient;
    }
    sideWalls
    {
        type            zeroGradient;
    }
    topBottomWalls
    {
        type            zeroGradient;
    }
    frontAndBack
    {
        type            symmetry;
    }
}


// ************************************************************************* //
