/*--------------------------------*- C++ -*----------------------------------*\
| =========                 |                                                 |
| \\      /  F ield         | OpenFOAM: The Open Source CFD Toolbox           |
|  \\    /   O peration     | Version:  2506                                  |
|   \\  /    A nd           | Website:  www.openfoam.com                      |
|    \\/     M anipulation  |                                                 |
\*---------------------------------------------------------------------------*/
FoamFile
{
    version     2.0;
    format      ascii;
    arch        "LSB;label=32;scalar=64";
    class       volVectorField;
    location    "5000";
    object      fvSource;
}
// * * * * * * * * * * * * * * * * * * * * * * * * * * * * * * * * * * * * * //

dimensions      [0 1 -2 0 0 0 0];

internalField   nonuniform List<vector> 
4096
(
(11.292538060319 5.820772146582754 -5.055851124952941e-18)
(32.13949298308838 6.87879993340696 2.314404728307299e-16)
(49.66638079434495 8.407369029219572 4.048431417614125e-13)
(63.19122358776656 9.738908374075208 6.381199614813581e-16)
(71.41520684476181 10.32173242327035 2.203882835013083e-13)
(73.90007498918614 10.01512619284743 4.228969146014723e-13)
(71.04163623221693 8.997993477073503 4.205914573884455e-13)
(63.74080943208099 7.537864509423052 -2.851537111378404e-16)
(53.14409177517506 5.877272147873383 4.233266413944533e-13)
(40.52750874958703 4.226036786780584 -1.159178903223317e-16)
(27.19433813085492 2.757447087126963 4.216757146933498e-13)
(14.31889011585708 1.581486992004651 -9.693444035078357e-17)
(2.788196836111394 0.7254858474089685 6.461647650539197e-18)
(-6.879630879585229 0.1432899529048859 2.789359044661003e-18)
(-14.5108383595509 -0.2527389291838814 -1.716568270515925e-18)
(-20.17338359762523 -0.5535004135572463 -2.120463289613656e-17)
(-24.05290750400081 -0.8231266467604395 -1.50653700216251e-16)
(-26.35978818580034 -1.085908781456072 4.2279935596237e-13)
(-27.29439175506597 -1.332187449094042 -1.567117996344464e-16)
(-27.06631849909946 -1.537699300645209 -3.958206205357287e-17)
(-25.94026497869621 -1.685065947590658 -1.555003010164877e-16)
(-24.27550768928072 -1.775873831996796 4.226719237541086e-13)
(-22.53810154555942 -1.828194480462402 -3.54621373251894e-16)
(-21.28432120363835 -1.862877999317333 4.226359786223075e-13)
(-21.1273064546425 -1.886545799524578 -2.174986683745345e-16)
(-22.69998214229023 -1.878288241322982 -5.957489832055025e-17)
(-26.61922144257087 -1.783480813400087 -1.252083894510857e-17)
(-33.44628360402181 -1.515332525179722 -3.029231886564753e-18)
(-43.63279398571591 -0.9641374245737591 -3.382634886425296e-18)
(-57.44272383215032 -0.01487087281859197 -1.060235043594104e-18)
(-74.84934323340141 1.426110298538942 -2.01950817490258e-19)
(-95.42069225891649 3.396650826527794 -2.079009630245903e-25)
(-118.2241688913337 5.842997738002912 4.86294002465247e-26)
(-141.7933312890582 8.595148600559845 1.615599561435439e-18)
(-164.1982492113972 11.36931631195662 1.61562007162009e-17)
(-183.237295059743 13.80919503608018 2.746391573234765e-16)
(-196.7260247872952 15.5637422899634 -1.111669252490935e-13)
(-202.8158376780565 16.38093594624598 2.730475394428808e-16)
(-200.2574680430348 16.18646870617549 1.937289525988661e-17)
(-188.5454764723734 15.12255699135415 3.231834463471149e-18)
(-167.9238808420522 13.53862119635353 3.519608204305206e-23)
(-139.2667498809256 11.93347029600073 -6.526366054600774e-25)
(-103.8602358537355 10.84089900901694 -1.253291813394267e-23)
(-63.13622248776041 10.65456736233015 -9.69365661224714e-18)
(-18.46724333339154 11.44043848312557 -8.401169160592213e-17)
(28.83789140775007 12.85612482378897 1.063411762746148e-13)
(77.31338589935672 14.27075671595623 1.033975865387817e-16)
(125.0784672015124 15.02034390208852 1.058985055098002e-13)
(169.7828449754414 14.62780434384648 1.615678426741598e-18)
(208.8056354612212 12.89852895700014 -1.030461477215964e-23)
(239.6018360827577 9.904182521280568 -1.320904026907612e-14)
(260.1499399637416 5.858201632511481 7.270200029762965e-18)
(269.4798376715635 1.032691783700704 1.211718975749955e-18)
(268.0429518519179 -4.24311136557093 2.020290564576745e-19)
(257.5967422048454 -9.574329011565741 -1.009732598583906e-18)
(240.6083784319384 -14.53475121991816 -1.61556843708567e-18)
(219.528294361596 -18.77278092190176 2.187960531617762e-22)
(196.2267539131029 -22.13394031730599 -9.693452304172883e-18)
(171.6698453450578 -24.68166188687245 -2.100262198457692e-17)
(145.8841012070778 -26.63131520954453 -1.454029442380844e-17)
(118.2777226422251 -28.20979293511748 -2.42338380843059e-17)
(88.22486875677305 -29.51809536496568 -1.292473383357596e-17)
(55.61170826431741 -30.49173683339319 -4.03905697800324e-17)
(19.34978957414819 -30.95665204228292 -7.674196757273191e-18)
(12.35112278319304 17.67935727355014 -2.855548425880639e-16)
(34.72644614258353 20.81267911532509 2.895913532765511e-16)
(52.52686120397634 25.22658127262797 2.143637637305865e-13)
(65.10579890204983 28.76921727513055 6.119064630262863e-16)
(71.6915243519133 30.02276740247807 4.078433126966569e-13)
(72.57635487982051 28.8249287089707 4.081126632437257e-13)
(68.56433289011018 25.72337849549646 4.209702850674705e-13)
(60.61999898269004 21.4047496773561 -2.855516474936378e-16)
(49.83213593201737 16.53444417032275 4.179976279858539e-13)
(37.40752247631569 11.74829588985543 4.418733222871616e-16)
(24.54959887719632 7.571694929578259 4.107155768357277e-13)
(12.28671604992129 4.304189328035379 5.323407162823884e-16)
(1.349769289153232 1.976912692603948 5.159254470362068e-17)
(-7.858096872316787 0.4098774865099065 1.157439302602169e-17)
(-15.20787218903817 -0.6741028183176986 -5.048662670730497e-19)
(-20.74400713224486 -1.534052148827885 -3.493713317440411e-17)
(-24.58553298794506 -2.332075330830886 -2.071910666555399e-16)
(-26.86903561934466 -3.109898262136264 2.329264585434496e-13)
(-27.74632644617064 -3.819591473240457 -2.70212757021881e-16)
(-27.4192871318017 -4.386777194506391 -4.502862414650276e-17)
(-26.17846500954299 -4.770779103386566 3.99048930632759e-16)
(-24.4185880146428 -4.990846534315041 4.104782853517814e-13)
(-22.62497672278291 -5.1102190393856 1.882150816904738e-16)
(-21.34245805096472 -5.193008022795293 4.227135275077495e-13)
(-21.14241469676723 -5.257254602607097 -2.956524039061845e-16)
(-22.59652840187426 -5.241300482683706 -3.889486650845629e-16)
(-26.25579387015616 -4.989911430519664 -8.239529993882179e-17)
(-32.62639174043138 -4.259982455750995 -5.654565232652835e-18)
(-42.13171640691588 -2.745186865645599 -3.291756708212548e-17)
(-55.05180434380686 -0.1216378408885011 -9.643081322167209e-18)
(-71.43710767016745 3.882310357127926 -1.767064138535403e-18)
(-91.00306434207799 9.393865313848416 -2.019508339705142e-19)
(-113.0249208356352 16.29553356096334 4.248607844234053e-25)
(-136.2662703420873 24.1484425859389 8.077959009550831e-19)
(-158.983486550178 32.1835392407812 2.423177539043455e-18)
(-179.0421974977536 39.39916171831399 -1.21083588262362e-17)
(-194.153675608485 44.77002628131345 -1.059340493788687e-13)
(-202.1925852625129 47.51979601655105 -1.77712420548216e-17)
(-201.5154226501125 47.36758752409946 -4.846890906560272e-18)
(-191.1930210297706 44.66181028782673 -3.261824843165321e-23)
(-171.1128051466683 40.36223713421946 -1.615590863735763e-18)
(-141.9644666140298 35.87479988817407 -3.231219873994023e-18)
(-105.1393004720626 32.73896539956074 -1.615611033172956e-17)
(-62.5370122213443 32.15468181364564 1.056981704135132e-13)
(-16.2661709095579 34.43105423257784 -1.097209803415227e-13)
(31.6675919770628 38.65701984647144 -7.754875136502252e-17)
(79.47688589688948 42.95397706730666 2.261814588069985e-17)
(125.4347281722802 45.26374753457554 4.846836951922785e-18)
(167.660206953638 44.11055369449057 4.362280789075733e-17)
(204.0811786571027 38.89411129313281 3.554182321047634e-17)
(232.5606777574372 29.77280024684502 -2.58849393715524e-14)
(251.2776294079488 17.34914601478711 7.512660387326076e-17)
(259.3777162084244 2.577278785869785 1.090535701256389e-17)
(257.4351305200189 -13.30952475391013 7.776846772807996e-18)
(247.3043081449469 -29.00550932270184 -3.634786014509505e-18)
(231.4091457425283 -43.31172023513754 -4.03852064260698e-18)
(211.9283609819504 -55.31163525275775 3.15077029744622e-17)
(190.3172106698631 -64.66307895766334 -3.392586988415728e-17)
(167.1719631033359 -71.69737392946361 1.841776843041654e-16)
(142.3557220661683 -77.20604663041372 -6.623871056219174e-17)
(115.3910939690874 -81.91023309253784 -1.906360539717818e-16)
(85.94366235568077 -85.99835219748559 -1.324778340304123e-16)
(54.17369720255964 -89.14139767083458 -4.475165901121917e-16)
(18.88618400259864 -90.84983945527993 -7.512481114985689e-17)
(14.42626152034634 31.76017529479464 -2.137141027037359e-13)
(39.68714990847786 37.04575241726889 -2.124513247109394e-13)
(57.62329237160371 43.72254703374126 2.713984423752078e-16)
(67.98761090261654 48.05455824193098 -1.405502845760923e-16)
(71.47098225314622 48.65182763942366 -2.124157808975718e-13)
(69.60064021829298 45.86218322200698 -4.218067942711079e-13)
(63.62132419529621 40.41696200543858 -4.199238181712076e-13)
(54.55167471944443 33.12922664725806 3.59490998024192e-16)
(43.48738790845287 25.04719402632065 -1.145086901630395e-16)
(31.56447568775801 17.32397315310171 -5.917166877915303e-16)
(19.74992825734819 10.86070738553253 4.806246315296086e-16)
(8.723797545444079 6.05417749967447 1.004690061492214e-16)
(-1.10642176591891 2.792551977756889 -4.234616668457813e-13)
(-9.530940880078997 0.6395234158903378 4.725535858968955e-17)
(-16.4550433321762 -0.920355359895125 1.100616978611006e-17)
(-21.83160702550222 -2.282366851825301 -2.918151427384917e-17)
(-25.62897611630098 -3.624107411950868 5.250648060587389e-17)
(-27.84749524858612 -4.918662820730422 -2.956546308518111e-16)
(-28.57142718687119 -6.030312536154315 -7.756817672547221e-16)
(-28.01762515650179 -6.83620756206626 -3.958154358275034e-16)
(-26.54441212890355 -7.309663522559834 -3.683497748928858e-16)
(-24.61497940133212 -7.529832670614319 3.835038871584886e-16)
(-22.74024266897061 -7.629226309369946 -5.250672795703936e-17)
(-21.43127684887484 -7.717553485439312 -2.415252251093008e-16)
(-21.17545093830701 -7.816592170422977 -2.015474721275254e-16)
(-22.43241377803182 -7.822146466502399 -4.082310111807749e-13)
(-25.63759184872908 -7.493557347130056 -8.659437022585452e-16)
(-31.20115275884071 -6.465883114577788 2.178995030166367e-16)
(-39.4939417918311 -4.282812462829916 -2.522332368135909e-16)
(-50.81461387685238 -0.454224388898833 -6.220020307895931e-17)
(-65.33312200382602 5.454466600006091 -9.491600748199926e-18)
(-83.00664993083019 13.69815491500204 -1.110719184092027e-18)
(-103.4686808420174 24.20465151283865 4.038917118753735e-19)
(-125.9043380646458 36.43997866822095 2.827267967223476e-18)
(-148.9464862118107 49.34809957227623 -1.292502639143452e-17)
(-170.6497335937396 61.43623489478383 -4.790391355638567e-16)
(-188.6043161109655 71.0480244637893 2.064082361724956e-13)
(-200.2172368435479 76.79105338677465 -3.392565038175791e-16)
(-203.1144869723506 77.98998949581782 -2.101850754150105e-17)
(-195.5499731250346 74.98660894065372 -8.078677789376147e-18)
(-176.7101917823627 69.1581370237972 2.100171911568122e-17)
(-146.8895167340619 62.6463087245598 -2.1002796004183e-17)
(-107.5800803315058 57.86890085078011 -3.715769361782831e-17)
(-61.44412103279707 56.85552628352432 3.053348783681591e-16)
(-11.96517270096702 60.42473739777943 -1.631669976709542e-16)
(37.36026137024529 67.44980581703787 5.649020088884838e-22)
(83.91928463671921 74.88397324430633 1.179345200195709e-16)
(126.2339624729234 79.01602753600461 5.816048956794943e-17)
(163.4119110566247 77.11806051189022 6.058412204366655e-16)
(194.466413639675 68.08761693995994 3.979352778329446e-14)
(218.0552834756988 51.85904357450127 2.657640750446343e-14)
(232.9527667728777 29.3118148294401 1.187461498588451e-16)
(238.8195058128408 2.640814369613987 4.038950514251512e-17)
(236.4585478538505 -25.128847656768 1.291440051285062e-16)
(227.5930304250667 -51.2900922958931 5.049557029523505e-18)
(214.30089078532 -74.08295098715176 4.361985952971328e-17)
(198.1757848940806 -92.49942757248986 5.404184502601688e-16)
(179.8401341788071 -106.3393351671567 3.966162099315962e-16)
(159.1263289752137 -116.6426234273697 -4.151250726309888e-13)
(135.6710954891558 -125.199175445185 4.377801420987854e-16)
(109.4857552737341 -133.3055710311866 -8.034735267782768e-13)
(80.99463202774329 -140.9061353065075 -5.98543574590743e-16)
(50.76120166517821 -146.9357454044323 -4.264269506017547e-13)
(17.64231762755387 -150.3623043514724 -3.966269893104868e-16)
(17.63607642759695 52.27905770964374 -4.65224463770365e-16)
(46.68872836200594 59.19345178008646 6.459848548924175e-17)
(63.53566702514451 65.74798344319603 3.938165927333807e-17)
(70.03507951601684 68.04808082639425 -4.563880755000486e-17)
(69.49914933907004 66.38142776086218 -2.049774793096022e-16)
(64.341489247892 61.38088745065109 1.732718065635373e-16)
(55.83137631832597 53.16466760781761 3.233220002926341e-16)
(45.2502310062833 42.47841737197667 -2.950655680328649e-16)
(34.0268824390015 30.97950603051953 -9.350023743546479e-16)
(23.22103583539329 20.50039421640215 -4.121706168904529e-13)
(13.27980322417577 12.27221852605961 -8.044586064399262e-16)
(4.218560643360837 6.616426571328813 -4.234602799117408e-13)
(-4.064884793907243 3.075981545615712 -1.877436984109942e-16)
(-11.57100420954408 0.8000237814420034 5.006797808964302e-16)
(-18.12976245636896 -1.02184219189666 -2.278987678854856e-16)
(-23.44775918387794 -2.861240595664169 4.231117693207062e-13)
(-27.22182895653149 -4.781689336248303 -4.232202158471108e-13)
(-29.27524074339088 -6.567772829353355 -9.996384396656524e-16)
(-29.66387118747098 -7.948438315930312 -4.124874677208746e-13)
(-28.69863811821634 -8.785420620790232 -4.089931601426105e-13)
(-26.87209011808839 -9.13691358701846 -4.090993826481987e-13)
(-24.73815080090028 -9.19895930495554 -3.14840002535138e-16)
(-22.81269753726862 -9.192344430011007 -6.118902065799245e-17)
(-21.52982391197631 -9.260973378219363 1.143007540011417e-16)
(-21.24700767811473 -9.410991949258982 2.179925856831612e-13)
(-22.27349357909985 -9.489001209274315 -1.041259200922723e-15)
(-24.89953051886133 -9.186124244322118 -4.113916973471956e-13)
(-29.41564685679266 -8.057354449679147 -2.271897035562637e-13)
(-36.12005768182768 -5.553905942931959 -2.130515211066008e-13)
(-45.31452528223738 -1.074563755349398 -2.639470784010185e-16)
(-57.28472836979734 5.952688030053024 -3.251381960675387e-17)
(-72.25287943610533 15.94778848414366 -3.130216697492417e-18)
(-90.28309708438285 29.01307773165372 9.844260311942724e-19)
(-111.1228222826132 44.74664842510523 2.827853874078063e-18)
(-133.9872303269364 62.09252129260621 -1.585262440853664e-16)
(-157.3422726158183 79.3238908359809 1.125203735144879e-13)
(-178.7988571322578 94.26567097338204 2.105384322876323e-13)
(-195.2506202515441 104.8026443463765 -1.865798205454752e-16)
(-203.3198671282455 109.5719654524201 -3.715664696717372e-17)
(-200.0248735252445 108.5645010042288 1.446434189389448e-14)
(-183.4531053681877 103.3075485999966 2.557474364334595e-14)
(-153.253702778136 96.48593517740619 5.291856491823296e-14)
(-110.930082886758 91.17440334264955 1.059308028400184e-13)
(-59.98117564663369 90.00664555826553 1.001599612802948e-13)
(-5.67189142490512 94.39221561893223 3.295675981318964e-16)
(46.12682778906895 103.5995189233948 8.07835206546932e-17)
(91.04310761761873 114.0499805677227 1.027917400263283e-13)
(127.6688154648931 120.2874412920268 5.306718517267969e-14)
(156.7317963866966 117.7504208221462 2.521447306100045e-14)
(178.8221617534041 104.4204731072332 3.634748431123756e-14)
(193.7848756821777 79.02416168035887 2.651581547399369e-14)
(202.0594002271638 42.75264352225228 3.078497051682005e-15)
(204.9370537516341 0.221560999808868 -1.059191004124182e-13)
(203.5042238812464 -42.31872544439804 -2.10319256942091e-13)
(198.3502048282795 -79.81775025312459 -2.116269619696952e-13)
(190.199810469844 -110.1389709917697 -2.112824456233016e-13)
(179.6719768077658 -133.2765983399689 -4.185025028361756e-13)
(166.1740148189447 -149.8271881167681 -4.169338083283876e-13)
(148.3121228271122 -162.3090557231392 -4.15776977281566e-13)
(125.6927744504373 -173.8666380316332 4.093494244597809e-13)
(99.68413409301179 -186.1174686839434 -4.232515239678067e-13)
(72.31348798094916 -198.35051527314 4.234680059301136e-13)
(44.71714752514415 -208.270361859544 -4.239405674194966e-13)
(15.45764479582081 -213.7657180423094 4.23452657558291e-13)
(21.33997120373628 86.65018434119058 -4.043517289140793e-13)
(53.15605186572976 90.52679949806959 -2.254829735912487e-13)
(66.47792142527138 89.92474425260262 7.36136854371652e-16)
(68.621055232648 86.43830198816826 1.017826051827276e-16)
(64.80378887960489 81.91078842863877 -2.110397486729675e-17)
(56.38388006762622 74.49325297730935 -3.563046823199899e-17)
(44.71885411831841 62.86097516597145 -2.657736816558047e-16)
(32.36651314060624 48.30860595092058 -4.026344316878244e-13)
(21.50936475178763 33.51340034712854 4.221609688747562e-13)
(12.85718818412141 20.8674630252361 -1.061852571085904e-15)
(5.865960613076536 11.65525708079396 4.153078372979974e-13)
(-0.4724394346838869 5.91847750876452 -4.155381633178885e-16)
(-6.922824555657765 2.721345011240842 2.256652036318559e-13)
(-13.62876461717451 0.7161162113421297 4.103201626542339e-13)
(-20.11630770833876 -1.202843786186059 -7.857545851475032e-15)
(-25.59145416893189 -3.477645732972799 2.2951847800022e-13)
(-29.33550834949633 -5.902941382605959 -7.179406821641764e-16)
(-31.01424422777767 -7.975419732895704 4.210458477483077e-13)
(-30.78907497791191 -9.308598090006388 -1.124756264002587e-15)
(-29.20610042746309 -9.851068578941067 -4.394461226073633e-16)
(-26.95795081275579 -9.840790764334384 -3.743134202165447e-16)
(-24.67041024412373 -9.623936241043143 -4.183008560528079e-13)
(-22.80225674217662 -9.487072291096041 -9.006806749095334e-17)
(-21.6499243683162 -9.565149709651132 -4.78619470837919e-16)
(-21.40347876968747 -9.816640324833877 -3.000936184922622e-16)
(-22.20754607374424 -10.03453335054201 4.146541791938283e-13)
(-24.20594508971906 -9.868529349404437 -1.118803763770853e-15)
(-27.56893445786575 -8.84755032812525 2.173012147090604e-16)
(-32.51115109789026 -6.402687948278782 -2.522331047021992e-16)
(-39.30801990391359 -1.897847699695461 -6.28060239022402e-17)
(-48.31076976635168 5.319527272148903 -1.009744639678397e-17)
(-59.94626023482983 15.83122691890307 -1.615596929828043e-18)
(-74.66982091176303 30.00743302643679 -4.039279117675751e-19)
(-92.82489450623274 47.80518643804179 1.211423810964514e-18)
(-114.3692437932435 68.53111415127266 -2.44866277674507e-17)
(-138.4765839071977 90.65420411932951 -4.836765396834537e-16)
(-163.1255625964449 111.8268590064451 -1.084950441377702e-13)
(-184.9109423643868 129.2941231733757 -3.461315175019345e-16)
(-199.3526303321103 140.7441443036082 -3.433787303391165e-17)
(-201.8143900108344 145.3352358222444 -1.736861912865457e-17)
(-188.7887576389971 144.2968604012642 3.392731158696689e-17)
(-159.0226620000001 140.5519575472362 -4.846995612012007e-18)
(-114.0593699299449 137.4474450445637 -2.100157599216118e-17)
(-58.22630872466802 137.4609920509389 3.400801911551954e-16)
(1.627700618794965 141.8135487741675 -2.100274587050806e-17)
(57.01802628618182 150.6011208544469 -5.364233562405672e-14)
(100.6072070069991 161.8071478119516 6.381228180692418e-17)
(129.9344027473251 169.767940734532 1.130952993417986e-17)
(147.5449428837469 167.4494170270177 4.284376089346483e-14)
(155.7401545336518 149.475354530742 5.277961880481842e-14)
(156.3874539354395 111.733852840256 -9.774385675848202e-17)
(154.1501660989486 57.2043107530686 -1.542878580542e-16)
(153.748136826942 -5.49541284573909 -1.090524914136437e-17)
(156.4192365997643 -66.12535957888706 1.233917035306735e-16)
(159.772784893482 -116.2419267963549 4.443924544869528e-18)
(160.8420426978762 -152.4563164879083 4.846701737857021e-17)
(158.4875677725124 -177.3888729919638 5.589901725247648e-16)
(150.8076768097725 -194.7283712983887 2.104279946193644e-16)
(135.0868790545168 -209.3964907865076 2.843424120925113e-16)
(111.8626824999082 -225.026301960935 4.337769473489795e-16)
(85.00187803364791 -242.1289436999409 3.958205250215958e-17)
(58.84173886288054 -259.3417992249271 2.140665711518084e-17)
(35.34589726494099 -273.8554555531685 -3.433156501006891e-17)
(12.1448832750595 -281.956197806585 -2.019561623958096e-18)
(21.51199095410433 149.5826557408672 -2.200384350015853e-13)
(49.96332012634293 131.5922944484045 -2.325631239128385e-13)
(59.44716953515348 110.6363934426194 2.142318507148655e-13)
(62.02112370363278 100.5031559902888 4.578193740605488e-16)
(57.55410033489623 94.38396700654592 5.336570768440148e-17)
(45.29167599314334 83.61393889327313 -1.095559985229441e-17)
(29.64672929188712 67.42159934961946 -9.476484608681956e-17)
(15.90265618844071 49.23963354661885 -5.018911563982727e-16)
(6.585739517560644 32.37851333487876 2.309425883062573e-13)
(1.362892569636337 18.88004439769808 -2.664766961856009e-16)
(-1.669182293981905 9.602383540481616 4.178244699756488e-13)
(-4.715351427084746 4.256846002933415 -4.272422724490775e-16)
(-9.267246089529733 1.567512373498658 1.403708718197659e-14)
(-15.49519300700877 -0.1313914572848055 6.162372515474968e-13)
(-22.32352439944182 -2.091889905628565 7.373329814460101e-15)
(-28.14785677814898 -4.605430034589482 1.929443009853374e-13)
(-31.71960295543123 -7.122298275966506 2.020914005581707e-16)
(-32.68089744983396 -8.901431854350982 4.227995947390418e-13)
(-31.53952003292447 -9.618196054807209 -1.892572563283167e-16)
(-29.23083079199619 -9.477104861503353 -7.102931949520354e-17)
(-26.64495777923166 -8.947043126064541 -3.810742613906423e-16)
(-24.38443232742576 -8.467929124607426 4.200096978217368e-13)
(-22.75391100606398 -8.298986981069273 -8.037042495629738e-16)
(-21.85939194621868 -8.493177002622684 4.213801676758185e-13)
(-21.71639131991853 -8.930072759534655 -9.034213661895411e-16)
(-22.32538260441214 -9.357767266420094 -4.677168235935008e-16)
(-23.71254749695117 -9.423523516684572 4.172039797557453e-13)
(-25.94980545578172 -8.690730413863211 -1.979154988092308e-16)
(-29.17035505313856 -6.646560902132031 -4.503471968236562e-17)
(-33.59231006136794 -2.706581543009445 -1.312664800639934e-17)
(-39.55565375040543 3.775312656141252 -5.250589347789084e-18)
(-47.56497368338352 13.47751212908283 -3.635048118986186e-18)
(-58.30913757228688 27.03766716353093 -2.423375560841388e-18)
(-72.59914117402238 44.90245035315043 8.080304404264417e-19)
(-91.13821265448328 67.07345468681628 1.534141595942407e-17)
(-114.0465277523884 92.77243935501292 1.260225982763505e-16)
(-140.1589380772722 120.1615198509577 -1.139607060316373e-13)
(-166.3333349675185 146.3953982130296 1.19575210796045e-16)
(-187.2787544969303 168.3118963543122 9.670842051956603e-18)
(-196.4721574642756 183.7620127824568 5.720176486171224e-22)
(-188.2363837000158 192.8773215312454 1.211409873822547e-18)
(-160.103118198612 198.07773629748 -3.029211851966302e-18)
(-114.0210484194805 202.3246165210736 -6.260136271026554e-18)
(-55.61507192729552 206.8289228593147 1.776831106107417e-17)
(7.468237383198045 210.6392747150322 -4.94751646508515e-18)
(66.12042686299039 213.4710220374803 -7.148448232670809e-17)
(110.2099275475701 218.2932834360194 -1.159966518429063e-17)
(133.3110846982057 225.3256923538472 -8.077600202818297e-17)
(136.4392101976042 226.6825302764836 2.029555079359358e-15)
(123.1065976859567 202.192108650694 5.593810712137649e-14)
(101.5138319181333 146.9005369865137 1.050248810443578e-13)
(84.83013452611064 70.48195635985267 -1.292349873038733e-16)
(81.60738338075997 -14.16555423862636 -1.393738330748447e-17)
(92.75770991715714 -94.88165899029293 5.704509029756911e-18)
(112.0192479672243 -160.0477533337681 -3.382504492425182e-18)
(129.0528642766519 -201.3347868813267 -2.019522602863916e-18)
(137.399922017084 -222.5510517892928 4.362232256702552e-17)
(134.1663970476435 -239.87838398129 7.27398439267841e-18)
(118.0141921763274 -259.967794650015 6.866321596103513e-18)
(92.960321530044 -282.6478962444046 2.807115046484683e-17)
(65.36863685682781 -304.5321378142899 8.784814129520891e-18)
(40.58697612278822 -324.5496151718836 8.07794759188182e-18)
(22.10288355809579 -342.6901866463984 1.00978539937154e-18)
(7.354869458125148 -355.1973690572325 -2.767942441268483e-23)
(3.348959781514121 262.1623835054845 -4.153346899087141e-13)
(14.20986431728203 171.9461519973676 -4.174758851485749e-13)
(35.38878301568273 121.3899894367605 4.224459681883479e-13)
(52.36862880410295 111.0495076766586 -1.542938205691608e-16)
(47.91457179165953 102.3760163545482 -1.110798801901855e-17)
(29.42151241738962 84.49112169476483 -6.058373008275314e-18)
(10.34454877997584 63.32002638565856 -2.261862493789626e-17)
(-2.676572859434613 44.10136861865276 -9.774405574310208e-17)
(-8.850224388369268 28.314680953503 4.231796369787801e-13)
(-9.918941607249172 16.12635136482445 -2.928204013220274e-17)
(-8.757237782532583 7.595168399705623 4.234514459127147e-13)
(-8.507310598889925 2.306402419359636 -5.553079721544014e-17)
(-11.3110620120942 -0.7543722549966854 4.17569003858707e-13)
(-17.28816689616378 -2.838825231873397 1.487150814168129e-16)
(-24.59034628535039 -4.864061389848146 3.437473045087475e-16)
(-30.62186253652526 -6.938155528918505 2.972785520365011e-16)
(-33.63151016695272 -8.414931126633972 -3.147137285267136e-16)
(-33.51014200440338 -8.753942810614641 4.199942107638075e-13)
(-31.3647479845673 -8.088488955063671 -3.85267590551838e-16)
(-28.53494749864506 -6.991193688563528 -3.826596041281616e-17)
(-25.94877507621035 -6.026480839193619 -1.650952367057674e-16)
(-24.02235409957105 -5.523483810278433 2.277401231004745e-13)
(-22.82750462076725 -5.56117816926427 1.679709715134928e-16)
(-22.28101014735962 -6.040065184952414 2.206517259698873e-13)
(-22.26806903387497 -6.755674646423532 4.144579351898528e-13)
(-22.70099683106581 -7.444219740599004 4.03662200825726e-13)
(-23.53890823750539 -7.801725388018729 -9.979556614495371e-20)
(-24.79197184354717 -7.485960027296291 -1.99928759172163e-17)
(-26.52700222677442 -6.10790342852779 -6.60372979597715e-17)
(-28.8861463450871 -3.215237143177995 -2.221433910565742e-17)
(-32.12667609101466 1.731748542520506 -3.231252007463829e-18)
(-36.68390572180014 9.387885121643404 -1.171301033911758e-17)
(-43.24488268078977 20.539188094172 -1.534800111799211e-17)
(-52.78910697818254 36.06990110671641 5.654379748145137e-18)
(-66.49925479257169 56.81786326647079 6.138406028176352e-17)
(-85.38851871918423 83.25481602877852 2.020140678487724e-17)
(-109.5026036719134 115.0025387245644 -2.167091798353547e-13)
(-136.7605657927322 150.3789772524044 2.666448312419411e-17)
(-161.9860156968083 186.398301767526 3.876519832411686e-17)
(-177.2489647955837 219.6660816824579 6.462103992541926e-18)
(-174.4730341902718 248.0019004450793 -2.423150558984372e-18)
(-149.5753671373483 271.3646063457803 -6.462425505322096e-18)
(-105.3081834405204 290.580082855882 -7.270570767905357e-18)
(-49.91165056978314 304.6011528514936 -9.690511225784681e-18)
(8.269799851896762 308.7730370940131 4.847326855146024e-18)
(64.67203512680666 298.9051670626068 -3.235705136864333e-18)
(112.461877427142 283.256067219122 -3.994811325481147e-18)
(138.3236495725983 281.4722231366786 -1.701352713088783e-17)
(124.4113594195174 294.3785658751635 5.836683892008497e-14)
(75.95816131737759 254.2072014042112 -4.722159295237219e-16)
(24.67730154665254 175.6448185156905 -1.078294020356065e-13)
(-6.915925013453325 78.67895408070457 -1.956476742240299e-16)
(-11.61547835862029 -23.69832927253147 -1.112058434176622e-17)
(10.53703749680475 -121.8695960238093 2.258333913173446e-19)
(53.31965705559637 -204.6697383375782 1.76700669946576e-19)
(98.33874445217749 -255.9194011308879 -1.186418301973241e-18)
(119.9439706657891 -264.0359792357963 1.162056735026123e-18)
(113.3909340215594 -284.143421831275 2.019514762515719e-18)
(92.31736686884571 -317.7687212714846 2.019678544960545e-19)
(67.29833936133319 -350.9584937156023 2.827486516978919e-18)
(43.10015912548843 -376.2595281353167 2.42333731367559e-18)
(20.68369002460551 -393.8884238700735 2.221415922953234e-18)
(4.698457768090407 -409.3286720485937 -4.947849435890534e-18)
(-0.3639910533075635 -431.1528391930204 -5.048788201357363e-18)
(-255.6125070287322 380.5041355832166 -6.337855119087213e-15)
(-265.7114606281956 187.2322609352546 -3.412614953250961e-15)
(-174.4515597622548 131.9960173543925 1.988112898913545e-15)
(-127.4217659594245 120.5885152034199 9.369489217288126e-15)
(-137.643238249107 97.11491110801894 4.219048268480868e-13)
(-161.7550011118782 68.9741842915262 -9.544444370336411e-15)
(-178.5732546126418 47.26186751091286 -9.988648753154499e-15)
(-186.8108998217943 32.9234202939647 -3.136277076196483e-15)
(-188.7110596934806 22.93432476157471 4.308457279893964e-13)
(-185.9439466028815 14.84886919384565 4.011462798809756e-15)
(-181.262262663971 7.680876277818472 4.208184374281092e-13)
(-178.3951592785704 1.035836725954044 -9.035468684911516e-15)
(-179.9722744279516 -4.694330785462217 -1.387817664552458e-14)
(-186.0487206805668 -8.816734724925485 -1.842712851248732e-14)
(-194.0630547415808 -10.84867965236468 -1.219519027569907e-14)
(-200.3442050222024 -10.91390836433325 -9.555789589920203e-15)
(-202.6741143163866 -9.214929475179574 -3.637264979500408e-15)
(-201.5143346720535 -6.51609317425885 2.347595058333971e-13)
(-198.6924663123116 -3.871398207360213 -1.353434401028322e-16)
(-195.7427922794872 -1.968214798755892 -3.527638953428067e-15)
(-193.4050449743712 -1.019680264527383 -7.204670446557577e-17)
(-191.843149420136 -0.9356904115608038 4.348896907676962e-13)
(-190.9523338537759 -1.484352941724773 1.248158422041455e-14)
(-190.5571361065315 -2.401321025121354 4.163151225580828e-13)
(-190.5018137363063 -3.440920624050976 2.306517104976288e-15)
(-190.6775975038379 -4.386399775111862 -4.281372544249504e-15)
(-191.0234048685317 -5.039479353100047 -7.213541421753972e-15)
(-191.5198820168631 -5.202813395686507 -9.147772549818158e-15)
(-192.1869571275468 -4.659472242896074 -7.785080279466589e-15)
(-193.0916878135249 -3.147003454690084 -6.515465305442152e-15)
(-194.3731853617803 -0.318454234678555 -6.834495789925678e-15)
(-196.2916102106348 4.317818777788951 -8.753729318939939e-15)
(-199.304166518424 11.48523085194558 -8.434860300718727e-15)
(-204.1544765267023 22.2427995425782 -7.615099567973401e-15)
(-211.910388051314 38.06097713769925 -7.322723844453966e-15)
(-223.7914179627445 60.77160094850603 -8.639727082790854e-15)
(-240.5362213655073 92.25498929542161 -2.411621674116576e-13)
(-261.12459508734 133.7450399340713 -1.187117966104563e-14)
(-281.1271951669298 184.8165460277175 -9.496509802259045e-15)
(-291.9471216020249 242.4245433915422 -6.908603564148419e-15)
(-283.1803486495755 301.0871367150967 -5.333950941887973e-15)
(-248.682480323221 354.5565786526599 -5.569951851756738e-15)
(-192.0382459564227 397.0835131579033 -3.708257504792151e-15)
(-126.0644821405368 423.7793125289091 -5.272242252072809e-15)
(-63.19417027325652 428.7453763254626 -4.158359013540282e-15)
(-3.229720631042795 405.5922608314178 -6.550083827669714e-15)
(66.3097912464487 353.9412701095732 -6.109275748198816e-15)
(124.5431856878465 334.0173272287731 -5.606126176813876e-15)
(109.1741893874022 355.6286576093546 -2.344666388730255e-16)
(4.372850165969674 282.3163761105089 -2.047180621921282e-13)
(-74.01441531758346 185.7085460183659 -2.10199519164523e-13)
(-114.5130130999392 78.52311944108688 -4.187447867385564e-17)
(-118.9411665701971 -31.51766273416913 -1.311138311451463e-17)
(-88.2136990694336 -137.0932315860015 -4.352270226153736e-17)
(-22.03055720560229 -231.3727788106524 -2.531501848013511e-19)
(69.6866244314952 -304.2740983046482 -2.500583284759258e-18)
(92.73899189071035 -298.145993294694 -2.590865608884969e-15)
(58.65049564082981 -325.0137515752693 -9.492899061624113e-16)
(15.31905549480492 -381.3532303545807 8.098134343267638e-16)
(-18.91287960619637 -422.2476785872882 -7.315647069107349e-16)
(-51.21689130412315 -448.9918321567411 -2.614180394480663e-15)
(-87.0530020296324 -461.2044201476735 -2.210021950403534e-15)
(-129.3017311060631 -460.4922641776687 -2.338825304057597e-15)
(-145.9784902124212 -488.6584022018525 -1.568297325592982e-15)
(-364.4616605003568 212.3058894941094 -3.640150058686957e-13)
(-205.7979076764777 134.1104750644982 -4.008370660144464e-13)
(47.47650482467117 137.3631493112263 -3.1768689930876e-14)
(104.2144976325989 93.27378766404152 -2.349519985927232e-14)
(87.51653025417421 54.69617678093712 -3.934239712870954e-13)
(72.70390747570781 32.19257585641215 -3.714958675856993e-13)
(68.04996141905664 21.05880261383249 7.141111440524312e-14)
(67.1368179426801 16.1935024438257 -4.032102540551409e-13)
(67.04636682482979 13.99624763480963 -2.373931486227088e-14)
(67.7845720370148 11.5920187607547 -4.573815313918034e-13)
(68.93976806087542 7.339094330188106 4.366726267544536e-13)
(69.65224843196994 0.7567828705106258 -3.446590874152645e-13)
(69.55291108841833 -6.345813178117013 9.192886523427571e-14)
(68.6155129568461 -11.5305152075815 -3.409644204486288e-13)
(67.17739113472312 -12.88127485502865 4.917979852336045e-13)
(66.19455072209816 -10.73666312662824 -3.335330543862418e-13)
(66.29103520170614 -6.469436658889998 1.814001677658783e-15)
(66.95790110205346 -2.173080415500503 3.203749568666453e-15)
(67.72809475431092 0.8264051365854193 -2.026635871699969e-13)
(68.40324509056032 2.348125678542377 -3.793276135173272e-13)
(68.85824077913297 2.707778913618362 -2.352826806913805e-13)
(69.085131774302 2.311830479194672 -6.522821765743394e-14)
(69.15546249452605 1.515383386283462 -7.778572048023011e-14)
(69.14132126559599 0.572930777445783 -4.570646336522026e-14)
(69.09021352977548 -0.3500834811273072 -2.354982126545696e-13)
(69.0279540882526 -1.15173099377482 1.589035512928069e-15)
(68.96693750505591 -1.766866714220836 4.922947066042831e-13)
(68.91121217826193 -2.144932032001885 -1.274381409232671e-13)
(68.85792990845459 -2.23162271200622 -3.903941153493946e-13)
(68.79675632315671 -1.950712360449845 4.172322127568888e-14)
(68.70490001246856 -1.177158152578189 -1.777252956545241e-13)
(68.53449504303879 0.308028077660678 6.019354703480577e-14)
(68.18751390886703 2.897691470271511 -3.452301982497774e-13)
(67.4737920477659 7.289679062360764 5.042552827349292e-14)
(66.06440620030618 14.67584783461717 -3.526234238230289e-13)
(63.49178549209941 26.95349530039904 -1.75845800952068e-13)
(59.27861277054571 46.8214552226664 7.703139086716151e-14)
(53.24374509691523 77.44084028394218 -3.109152530835391e-13)
(45.74204700249874 121.3334316465707 -1.521398161493526e-13)
(37.94070162794198 178.0735594781178 -3.540174431458397e-13)
(32.23773222062524 241.9790285667995 -1.575104104664867e-13)
(30.91586384879811 302.8899793097742 -1.63996409770824e-13)
(32.93311737996389 349.6864119300647 -1.659431022085928e-13)
(32.6179867959064 374.1846303167086 -1.656646701742881e-13)
(21.34719982864947 375.5838916165867 -7.903621331619968e-14)
(7.100551858305232 366.632811638726 3.887653421661418e-14)
(59.07983187554154 309.7058700300522 4.187573254718164e-14)
(156.8467845498903 316.9603495609804 -1.652278084273863e-13)
(36.45706731708421 295.5739507157255 -2.181941508735217e-13)
(-93.96194951347142 256.471262991502 -2.034161303347932e-16)
(-179.1159548440038 171.6944082277743 -6.735828112291842e-17)
(-224.1421337329821 70.02219180097678 -2.030291663709904e-13)
(-227.231829357596 -36.65224273783243 -1.061780041609578e-13)
(-189.3180784264298 -135.592597390931 -5.362233598900526e-14)
(-113.8612099181613 -215.7331695468087 -2.651349050098504e-14)
(2.180425898432233 -253.8791679322534 -1.499843370299046e-14)
(113.6737742475879 -271.2314413081253 -1.794694778275846e-14)
(44.84336784028729 -267.0333123386997 -5.45835994720667e-14)
(8.889016484152851 -318.9138454104387 1.238279344266139e-15)
(24.88733587561533 -338.0437500642705 -5.026102311274543e-14)
(45.09124696474059 -356.6271955533309 -1.906341685693128e-14)
(65.46640654040729 -367.5714133328024 -4.130781824843986e-14)
(43.05006934682187 -372.1008176375157 -5.02416919320836e-14)
(-116.4921049040948 -351.8761678430118 -3.14824053491561e-14)
(0 0 0)
(0 0 0)
(0 0 0)
(0 0 0)
(0 0 0)
(0 0 0)
(0 0 0)
(0 0 0)
(0 0 0)
(0 0 0)
(0 0 0)
(0 0 0)
(0 0 0)
(0 0 0)
(0 0 0)
(0 0 0)
(0 0 0)
(0 0 0)
(0 0 0)
(0 0 0)
(0 0 0)
(0 0 0)
(0 0 0)
(0 0 0)
(0 0 0)
(0 0 0)
(0 0 0)
(0 0 0)
(0 0 0)
(0 0 0)
(0 0 0)
(0 0 0)
(0 0 0)
(0 0 0)
(0 0 0)
(0 0 0)
(0 0 0)
(0 0 0)
(0 0 0)
(0 0 0)
(0 0 0)
(0 0 0)
(0 0 0)
(0 0 0)
(0 0 0)
(0 0 0)
(0 0 0)
(179.5629662802216 114.0389687739218 5.536707337652134e-14)
(54.546329614512 149.202791660762 -7.934563087457401e-15)
(-135.8690227408188 182.6905743260916 -6.301232143768585e-17)
(-260.4634866895788 134.7597538290742 -3.739895975007931e-16)
(-322.8596640139616 53.50908780163482 -6.554692034065512e-16)
(-324.55595569186 -37.69365645435731 -2.029532879860284e-16)
(-267.2946260525688 -117.0589615855327 -5.958056708381458e-17)
(-153.2662996220816 -162.7357010478201 2.948086439948065e-17)
(17.80588442350684 -134.8426072153519 -1.327788905852517e-15)
(135.6139769345032 -98.59859702595381 4.856230770042143e-15)
(0 0 0)
(0 0 0)
(0 0 0)
(0 0 0)
(0 0 0)
(0 0 0)
(0 0 0)
(0 0 0)
(0 0 0)
(0 0 0)
(0 0 0)
(0 0 0)
(0 0 0)
(0 0 0)
(0 0 0)
(0 0 0)
(0 0 0)
(0 0 0)
(0 0 0)
(0 0 0)
(0 0 0)
(0 0 0)
(0 0 0)
(0 0 0)
(0 0 0)
(0 0 0)
(0 0 0)
(0 0 0)
(0 0 0)
(0 0 0)
(0 0 0)
(0 0 0)
(0 0 0)
(0 0 0)
(0 0 0)
(0 0 0)
(0 0 0)
(0 0 0)
(0 0 0)
(0 0 0)
(0 0 0)
(0 0 0)
(0 0 0)
(0 0 0)
(0 0 0)
(0 0 0)
(0 0 0)
(0 0 0)
(0 0 0)
(0 0 0)
(0 0 0)
(0 0 0)
(0 0 0)
(0 0 0)
(263.2257260993567 10.45741389720391 -3.443859081572325e-13)
(124.4184463911154 21.87727866187337 -1.367088321270382e-14)
(-131.7188699137565 95.78576446334786 -2.747166418501185e-16)
(-308.2974414445677 78.18139945254603 -2.152592752895449e-13)
(-396.5955439709799 28.42107938745955 -1.117252995408049e-13)
(-397.7998786939061 -31.60591567041287 -5.430788748198935e-14)
(-314.3601230437798 -81.76683376700565 -7.294310772531346e-15)
(-150.3350017355063 -100.2102827990287 5.107843159774012e-14)
(81.62253567887099 -35.66487163149385 5.143122970783662e-14)
(211.7045121795547 -13.58582449272777 2.117119146482163e-14)
(0 0 0)
(0 0 0)
(0 0 0)
(0 0 0)
(0 0 0)
(0 0 0)
(0 0 0)
(0 0 0)
(0 0 0)
(0 0 0)
(0 0 0)
(0 0 0)
(0 0 0)
(0 0 0)
(0 0 0)
(0 0 0)
(0 0 0)
(0 0 0)
(0 0 0)
(0 0 0)
(0 0 0)
(0 0 0)
(0 0 0)
(0 0 0)
(0 0 0)
(0 0 0)
(0 0 0)
(0 0 0)
(0 0 0)
(0 0 0)
(0 0 0)
(0 0 0)
(0 0 0)
(0 0 0)
(0 0 0)
(0 0 0)
(0 0 0)
(0 0 0)
(0 0 0)
(0 0 0)
(0 0 0)
(0 0 0)
(0 0 0)
(0 0 0)
(0 0 0)
(0 0 0)
(0 0 0)
(0 0 0)
(0 0 0)
(0 0 0)
(0 0 0)
(0 0 0)
(0 0 0)
(0 0 0)
(273.1391507671929 18.39554545598298 3.722777442004501e-14)
(157.6813767406853 -57.27653485859376 -2.379517606973497e-13)
(-121.4628824712265 13.93434152580826 1.97321843641108e-16)
(-327.8281716330204 6.724675792230736 -3.260637254520262e-16)
(-432.6469791292238 -4.25358293978657 -6.256410411426475e-16)
(-434.7438688003792 -15.44389762157719 -2.07383605191368e-16)
(-335.8989930935797 -29.45178017517707 -2.928902386331626e-17)
(-141.2627629929473 -39.95483276691915 4.080736633085205e-17)
(117.7834740367701 21.59613011658935 -3.991406659054824e-15)
(229.7209682398462 -23.8281043516137 2.797132300696342e-14)
(0 0 0)
(0 0 0)
(0 0 0)
(0 0 0)
(0 0 0)
(0 0 0)
(0 0 0)
(0 0 0)
(0 0 0)
(0 0 0)
(0 0 0)
(0 0 0)
(0 0 0)
(0 0 0)
(0 0 0)
(0 0 0)
(0 0 0)
(0 0 0)
(0 0 0)
(0 0 0)
(0 0 0)
(0 0 0)
(0 0 0)
(0 0 0)
(0 0 0)
(0 0 0)
(0 0 0)
(0 0 0)
(0 0 0)
(0 0 0)
(0 0 0)
(0 0 0)
(0 0 0)
(0 0 0)
(0 0 0)
(0 0 0)
(0 0 0)
(0 0 0)
(0 0 0)
(0 0 0)
(0 0 0)
(0 0 0)
(0 0 0)
(0 0 0)
(0 0 0)
(0 0 0)
(0 0 0)
(0 0 0)
(0 0 0)
(0 0 0)
(0 0 0)
(0 0 0)
(0 0 0)
(0 0 0)
(270.6455439678979 42.71616646646761 8.220463775695438e-17)
(151.4211842871231 -118.1639684908392 9.258292185747601e-16)
(-130.9182550372603 -72.28632547156786 6.354283867514724e-13)
(-326.48536584866 -79.03928732170476 1.599089397083565e-16)
(-418.7641173864955 -41.77525344544785 -2.04575857754116e-13)
(-422.9980759255886 12.00504356899957 -2.415228325349708e-16)
(-338.8710581450613 44.5570450324182 8.290496133698873e-16)
(-151.3664781908585 32.45837361733892 5.438763532418581e-14)
(121.4554154501808 66.90309923815221 4.776909407270656e-14)
(242.1053911777992 -49.24412432443701 5.161003816528265e-15)
(0 0 0)
(0 0 0)
(0 0 0)
(0 0 0)
(0 0 0)
(0 0 0)
(0 0 0)
(0 0 0)
(0 0 0)
(0 0 0)
(0 0 0)
(0 0 0)
(0 0 0)
(0 0 0)
(0 0 0)
(0 0 0)
(0 0 0)
(0 0 0)
(0 0 0)
(0 0 0)
(0 0 0)
(0 0 0)
(0 0 0)
(0 0 0)
(0 0 0)
(0 0 0)
(0 0 0)
(0 0 0)
(0 0 0)
(0 0 0)
(0 0 0)
(0 0 0)
(0 0 0)
(0 0 0)
(0 0 0)
(0 0 0)
(0 0 0)
(0 0 0)
(0 0 0)
(0 0 0)
(0 0 0)
(0 0 0)
(0 0 0)
(0 0 0)
(0 0 0)
(0 0 0)
(0 0 0)
(0 0 0)
(0 0 0)
(0 0 0)
(0 0 0)
(0 0 0)
(0 0 0)
(0 0 0)
(247.3306709620077 85.15587889907863 -1.967034297939963e-14)
(91.0797185920843 -200.0711834668164 2.190042720467007e-13)
(-169.2074306001324 -186.357078248571 -4.229723117734578e-13)
(-297.3170994633944 -170.4186135072509 -2.265131904222858e-13)
(-341.6026482233717 -75.23133331034016 1.601881609419261e-16)
(-348.4115702902608 43.02640878577487 -2.252898968070085e-17)
(-315.445662953221 134.4588937871009 -2.383740789226108e-13)
(-191.8581562130389 144.5960722170532 -2.399492022651544e-13)
(72.91175269136653 142.785827945125 -1.027161103023386e-13)
(238.6907851046961 -93.0787008317657 5.900841773459757e-14)
(0 0 0)
(0 0 0)
(0 0 0)
(0 0 0)
(0 0 0)
(0 0 0)
(0 0 0)
(0 0 0)
(0 0 0)
(0 0 0)
(0 0 0)
(0 0 0)
(0 0 0)
(0 0 0)
(0 0 0)
(0 0 0)
(0 0 0)
(0 0 0)
(0 0 0)
(0 0 0)
(0 0 0)
(0 0 0)
(0 0 0)
(0 0 0)
(0 0 0)
(0 0 0)
(0 0 0)
(0 0 0)
(0 0 0)
(0 0 0)
(0 0 0)
(0 0 0)
(0 0 0)
(0 0 0)
(0 0 0)
(0 0 0)
(0 0 0)
(0 0 0)
(0 0 0)
(0 0 0)
(0 0 0)
(0 0 0)
(0 0 0)
(0 0 0)
(0 0 0)
(0 0 0)
(0 0 0)
(0 0 0)
(0 0 0)
(0 0 0)
(0 0 0)
(0 0 0)
(0 0 0)
(0 0 0)
(174.2278300633947 113.5076671374691 9.169515723595413e-15)
(-62.58290304252985 -371.233775210884 -2.075040286589901e-13)
(-211.4699124212481 -312.2828996969221 -4.233217467755705e-13)
(-215.3596208279917 -221.6023815759255 -4.129042672439472e-13)
(-205.3190950105667 -85.48617913337382 -7.036798821066591e-17)
(-213.3078489225807 55.68954262031399 1.324733306245984e-16)
(-237.30139461325 192.8046673236907 -2.635117573581093e-13)
(-238.0369680890044 282.4787576407736 -2.776682534884333e-13)
(-72.7040683019361 323.8922549472563 -1.312160496859082e-13)
(185.5706505143147 -121.7969607514105 8.581906066114657e-14)
(0 0 0)
(0 0 0)
(0 0 0)
(0 0 0)
(0 0 0)
(0 0 0)
(0 0 0)
(-367.0045289467554 -208.2646241176635 3.075218949338692e-14)
(-209.0027058905784 -136.9897981982171 7.557142385364219e-15)
(45.4218294834717 -145.0226793434828 -3.538035428842713e-14)
(100.66403135376 -108.567973488792 4.021686482924064e-13)
(80.2187309158839 -84.00621324364531 2.032071783214229e-14)
(70.74045572568042 -89.87194187369983 2.90415986761741e-14)
(90.16695181370355 -134.5263997560597 2.986916270725521e-14)
(48.35513225985729 -202.637715702936 2.376312482212461e-14)
(-161.9253145851076 -203.0667553437576 4.608521026207542e-13)
(0 0 0)
(0 0 0)
(0 0 0)
(0 0 0)
(0 0 0)
(0 0 0)
(-169.4231226599176 208.1635771200322 -2.508542184825831e-14)
(46.74838143896417 196.9628323781827 -1.207036142583569e-13)
(91.93237912670476 121.2798641810527 1.400632175870276e-13)
(67.56414709361047 63.97741349590827 3.945265551065241e-13)
(61.61335115669511 35.11910490373755 -5.462601008257484e-15)
(65.4487685302189 21.06618995776472 -4.852246768698263e-14)
(67.80339264309764 14.1648255915326 1.98225329218787e-13)
(68.16101689576966 10.21458861650562 -2.307125672001483e-15)
(68.0809459676413 7.484596088395444 2.689794891359206e-13)
(68.10503266780078 5.35025050321453 7.873651570662964e-14)
(68.18434403538296 3.513628337373065 -6.38180531525096e-15)
(68.22011796697687 1.714500840508059 -7.879247891903057e-14)
(68.17710908460681 -0.3307948300310083 -6.820599354381625e-14)
(68.04928118106369 -2.936163590765113 -2.727306134364827e-14)
(67.83559926231598 -6.451770058330554 2.430053023451397e-15)
(67.54467155202448 -11.26074820793264 5.654719390043884e-15)
(67.21095112273134 -17.75326320304636 7.58646332902044e-15)
(66.86787714108448 -26.26070496833669 8.376545736501317e-15)
(66.43637260473177 -36.93918906168118 8.639776217776803e-15)
(65.88387874931117 -49.53606904440596 8.374219227157973e-15)
(67.26177819791741 -62.82567690551177 2.465205014872386e-14)
(80.05523746190431 -74.02325337657878 -2.052356978100887e-13)
(117.8756647865385 -80.67976255341118 -9.20584144165809e-15)
(140.1730918288424 -110.1419883904701 1.458406563068953e-14)
(-49.39818869367434 -152.3800163111566 1.047466954068119e-14)
(-294.7862410306891 -389.6135003221225 6.1490419347811e-14)
(0 0 0)
(0 0 0)
(0 0 0)
(0 0 0)
(0 0 0)
(0 0 0)
(41.01241353070191 -89.49892722124895 4.035719129038093e-14)
(-445.1817903220365 -604.2222180201369 -1.518111278953345e-15)
(-317.1612481356325 -314.2339045471916 -1.175238411886591e-13)
(-232.6376594160036 -165.4190640456485 -1.127065619334353e-13)
(-225.4250602002044 -59.98627892902378 -7.69521919366742e-15)
(-231.5472716031495 33.32396879137678 -8.178900273285478e-15)
(-251.689976250039 145.2454989315928 -7.483103679893564e-15)
(-345.3520809527594 302.9875281302526 -6.851280042286864e-15)
(-459.5290838685127 587.8511203174821 -1.101683326246838e-14)
(63.29234120041099 82.01541532237704 3.936182969334632e-14)
(0 0 0)
(0 0 0)
(0 0 0)
(0 0 0)
(0 0 0)
(0 0 0)
(0 0 0)
(-259.4812607139726 -371.6301691657896 -2.147613063275578e-15)
(-274.0012441440455 -180.3988102859414 -8.360541500164092e-16)
(-184.6701765611654 -132.3000660942157 1.904444230898865e-15)
(-144.2555233694231 -134.000979491686 4.260245167743408e-13)
(-172.1953945716405 -132.2744768174011 -9.939543156429993e-16)
(-232.5354203745107 -140.2199685914677 -8.416818436009431e-15)
(-301.9080822881467 -177.237500593219 -1.981900920538182e-13)
(-266.0918812188132 -221.712063000041 1.702870669797176e-13)
(166.2248301595376 -86.21647528465881 4.206523813832875e-13)
(0 0 0)
(0 0 0)
(0 0 0)
(0 0 0)
(0 0 0)
(0 0 0)
(158.696562628072 86.75606990699043 -9.084729286909967e-15)
(-283.5218639278079 225.0363691865475 1.975767986966465e-14)
(-322.068290099984 159.7542252968675 4.365837770460339e-13)
(-266.0787150765277 98.50308601579265 7.62713060180061e-15)
(-228.046671840942 61.1735065378447 4.609627318052125e-15)
(-208.552401789818 38.97990875477571 4.156114123778946e-15)
(-199.7785062184112 25.80299896231173 4.660139828150241e-15)
(-196.3825022817808 18.08606791736736 -2.230070957537563e-15)
(-195.1507640379505 13.29207235920332 2.22893107371751e-13)
(-194.6574871977441 9.799652357284783 -1.372262062007203e-14)
(-194.5470614838459 6.688563304660412 2.543606153674652e-16)
(-194.8417496102767 3.353681584632584 1.770108895205803e-14)
(-195.6248387784192 -0.7578284485116356 1.095435177894283e-14)
(-196.9730515275068 -6.25748827572086 4.19269857818756e-15)
(-198.9509605736928 -13.84858282583447 8.414346049339604e-17)
(-201.5845972056638 -24.32535536903898 -1.111014357338846e-15)
(-204.8074341431663 -38.53963938967551 -3.785756564435042e-16)
(-208.3840622174612 -57.29784894325226 -1.37489271585157e-15)
(-211.7062415596924 -81.09534982772558 -1.372202467323267e-15)
(-213.1427901622869 -109.6408047415103 -2.048754623590925e-15)
(-209.3791063686555 -141.9087344435613 -1.501397515348738e-15)
(-200.077790759077 -179.9753809582156 -2.143105247971617e-13)
(-208.7855369382573 -239.807611242156 -1.654892146270166e-15)
(-299.0576890281347 -350.6955804999506 -1.295465296657914e-15)
(-431.0053254142714 -609.9732302677447 -7.761533887572564e-15)
(50.87547282031601 -86.30302903371768 4.045562214573353e-14)
(0 0 0)
(0 0 0)
(0 0 0)
(0 0 0)
(0 0 0)
(0 0 0)
(-295.2989450443558 -393.2340335668689 -2.581111137819278e-13)
(-48.78046219299263 -142.5371058500437 -4.141201695911692e-15)
(140.7399535817944 -90.46715761165764 4.14846267586912e-15)
(116.7765900539655 -46.81661856773695 2.853566098978087e-14)
(79.067356115373 -23.36213486035529 4.369478396588564e-14)
(77.45626900075908 4.812741868840662 4.702636720008157e-14)
(110.1826745060581 33.49467675389451 4.123168403697042e-14)
(129.839423208773 87.41986593188287 3.496787422863639e-14)
(-49.52558681219088 150.1951959527808 9.705098269036627e-14)
(-299.139014605956 408.0414921808348 -1.651052176090015e-13)
(0 0 0)
(0 0 0)
(0 0 0)
(0 0 0)
(0 0 0)
(0 0 0)
(0 0 0)
(-1.249873368553243 -244.419631265472 -2.123985565718695e-13)
(1.281489337091021 -155.5275685425453 2.063582262178409e-13)
(13.34410487198248 -111.0081495316248 -5.493226262405151e-16)
(15.01676847343964 -111.8760611163617 4.10848685187828e-16)
(-15.23672452432071 -116.9720091484034 -2.26920103393764e-13)
(-64.28259462788938 -105.681704224246 -4.229976181537663e-13)
(-80.54414203033296 -59.28954310335153 -2.116314603722482e-13)
(20.29869866218263 47.03029815485729 -4.467200627023412e-13)
(130.6038182540423 80.57346057498204 4.160714376041455e-14)
(0 0 0)
(0 0 0)
(0 0 0)
(0 0 0)
(0 0 0)
(0 0 0)
(121.4422549183821 -83.16607569256391 -3.952156198739337e-13)
(-4.422193984570212 -46.13536856770676 -4.275697840102553e-13)
(-120.4722191123235 41.97043320852525 -7.622794928042093e-17)
(-122.0488676280481 67.54845029512364 -4.23384224104722e-13)
(-89.7875672781223 60.04709207350041 -2.333995029452393e-13)
(-62.41387968654303 45.08529014262018 -4.091173282048414e-13)
(-46.04642504044364 32.10748857614013 -8.338728610802114e-16)
(-37.56034127299193 22.94383457480599 -4.078040587937438e-13)
(-33.50641252729859 16.75683966996003 2.130836469263913e-13)
(-31.81003319610819 12.18603009404487 3.366995533962368e-16)
(-31.5604825727458 8.092752241319781 5.226330400771578e-16)
(-32.50573080378152 3.608794452268597 -4.199424923311573e-13)
(-34.68577330607215 -2.022338825453158 -2.199355284054637e-13)
(-38.25073028850144 -9.576619507736002 -2.127007360767795e-13)
(-43.37730387892258 -19.91028623144764 -5.052771299317556e-16)
(-50.19514623124796 -33.9709263260714 -2.20649816173171e-13)
(-58.66518623772595 -52.7701223604443 -2.236881329953458e-13)
(-68.37235474126609 -77.30227075491486 -2.192531509583893e-13)
(-78.27762562550907 -108.4155389881999 -2.126633619724981e-13)
(-86.89774597051056 -146.8520218676375 2.230158393044193e-13)
(-94.30783076519103 -194.0120804357836 -8.146763837874377e-16)
(-106.6076720021101 -252.7955269043704 4.124504413412978e-13)
(-133.2240859655384 -320.6555540186736 4.309101267164171e-13)
(-148.2080695689573 -357.2457985783811 -1.117937536464598e-13)
(-21.95669254384635 -377.1777170766803 -1.191032482667433e-13)
(188.5379123510709 117.032821269826 -1.349135865631144e-13)
(0 0 0)
(0 0 0)
(0 0 0)
(0 0 0)
(0 0 0)
(0 0 0)
(0 0 0)
(0 0 0)
(0 0 0)
(0 0 0)
(0 0 0)
(0 0 0)
(0 0 0)
(0 0 0)
(0 0 0)
(0 0 0)
(0 0 0)
(0 0 0)
(0 0 0)
(0 0 0)
(0 0 0)
(0 0 0)
(0 0 0)
(16.08643282737768 -123.9642988885074 4.226052612305495e-13)
(33.59489013259829 -107.2681162503604 2.247853529340057e-13)
(30.61425834981583 -89.45509045105676 1.950364445642358e-13)
(17.87997787389697 -82.37614745510031 2.143018400610442e-13)
(-0.9257110816064658 -72.19349892122081 5.956288556489299e-16)
(-11.83722939673456 -37.43603170962091 1.379326520063117e-16)
(13.08415589100954 32.12566862812248 -2.074423501804349e-16)
(77.0654146498009 110.0551933450998 -1.616082200959825e-14)
(82.18608681795777 68.90106985747967 -1.428384981080762e-13)
(0 0 0)
(0 0 0)
(0 0 0)
(0 0 0)
(0 0 0)
(0 0 0)
(70.3064120006684 -71.56467711555301 3.039943358103198e-14)
(44.31940091459659 -111.0776830432264 -3.960044308767987e-15)
(-41.06622205256667 -46.92617568303372 4.234027715140451e-13)
(-84.43301356051238 10.10358587227178 8.406817201203209e-17)
(-85.99580424387393 34.70369815209084 7.637185014206249e-16)
(-71.19947122822911 37.57681001142198 -5.586745929188164e-16)
(-56.08243902559184 31.8844809758442 2.075261531756759e-14)
(-45.5235579404759 24.68728753556474 1.919482597082731e-13)
(-39.44291438019714 18.35073282425336 5.372439836999281e-16)
(-36.68688193850932 12.99431561173099 9.165962758864612e-17)
(-36.38857840449199 7.971891899747121 5.936833873670743e-16)
(-38.17414618936414 2.484957805446834 4.840776627290835e-16)
(-42.02621275463768 -4.262097549327927 1.344989611588858e-16)
(-48.11872523942697 -13.06626256358003 -1.086481004122113e-16)
(-56.69080205049772 -24.74839212108533 -2.625225562763511e-17)
(-67.93174268463079 -40.15505003472954 -3.126064157283961e-16)
(-81.83346296309712 -60.1452158579363 7.322874752193467e-16)
(-98.01025326386835 -85.58659832063145 -1.167021220601582e-16)
(-115.6131126050662 -117.3894568059879 -9.12739509849056e-17)
(-133.564987533284 -156.4534581995627 -8.559504749006729e-16)
(-150.6661885435527 -202.616993950946 1.16280927944158e-13)
(-162.3471781057169 -249.9412056682652 3.177031523879908e-13)
(-148.1505260213821 -275.9374240063921 6.313986388340997e-13)
(-57.2829421201036 -235.6491913790442 3.706004734400597e-16)
(158.1956491475845 -210.5728250046678 -8.341018007627009e-15)
(268.5985137809125 86.79978904596992 2.913330717598869e-14)
(0 0 0)
(0 0 0)
(0 0 0)
(0 0 0)
(0 0 0)
(0 0 0)
(0 0 0)
(0 0 0)
(0 0 0)
(0 0 0)
(0 0 0)
(0 0 0)
(0 0 0)
(0 0 0)
(0 0 0)
(0 0 0)
(0 0 0)
(0 0 0)
(0 0 0)
(0 0 0)
(0 0 0)
(0 0 0)
(0 0 0)
(15.44638387078492 -53.99337864922826 -1.189541691392953e-16)
(35.79055136340592 -57.74094135223213 -4.172777438020542e-16)
(38.23607366317734 -55.66103228618888 2.121450236497063e-13)
(32.27836000227799 -45.98238932166502 2.209713041489732e-13)
(29.70339121085666 -25.16893349205524 4.024949106916517e-16)
(40.03657287080173 11.53835547696535 -2.459681564585576e-16)
(62.98213313128668 54.87556235911568 4.164967709721429e-13)
(74.12750000807789 77.09507255573634 -1.244594823914279e-14)
(37.28556625927312 26.22493639242708 -3.574435769611546e-13)
(0 0 0)
(0 0 0)
(0 0 0)
(0 0 0)
(0 0 0)
(0 0 0)
(22.57860627508141 -28.45384393638519 2.132336995593356e-13)
(35.11912505716258 -77.17313205533337 -4.245758870784814e-13)
(0.6460229570525764 -64.82732097302366 4.231515355997158e-13)
(-40.41899385435717 -27.70595872750988 5.345320464949478e-16)
(-62.31434314770891 3.86836739050258 4.116938099475291e-13)
(-65.2330968425298 19.87549195064805 4.319817348888391e-16)
(-58.93594750914749 23.78922326278878 -7.566641151957831e-16)
(-51.09408941773054 21.49965398484958 -9.120267777653755e-16)
(-45.19938445108193 16.92479121303214 -4.177345197796166e-13)
(-42.18887412300401 11.74608837586473 5.248516140858401e-16)
(-42.069840381524 6.263711830683365 4.113234923630698e-13)
(-44.73972025503611 0.135460314475844 5.519240585868771e-16)
(-50.23699367677893 -7.216740768437655 4.103538916187944e-13)
(-58.73702486044704 -16.42842992433839 3.667283960001181e-16)
(-70.46609134959337 -28.11549873301525 5.896933789117163e-17)
(-85.59196996473361 -42.82747564507334 1.114665090295737e-16)
(-104.0967345159778 -61.01040789208452 2.11828489909139e-13)
(-125.6165956740845 -82.96889084442407 2.82493053477536e-17)
(-149.144485470483 -108.7276320043408 2.117485396431716e-13)
(-172.125283056145 -137.3962976947616 -8.795160135690534e-17)
(-187.795578073943 -165.2400517738118 -5.822605105765086e-17)
(-179.9281018892313 -182.2765900368798 -1.05359064634569e-13)
(-118.9320717348718 -171.288493513214 1.512918167952682e-16)
(25.87703429610825 -119.5481762811665 2.311467291504733e-17)
(244.3801847832881 -131.8435822333085 5.498411149518544e-14)
(300.1401691876745 42.69852682255544 -2.248451783743605e-14)
(0 0 0)
(0 0 0)
(0 0 0)
(0 0 0)
(0 0 0)
(0 0 0)
(0 0 0)
(0 0 0)
(0 0 0)
(0 0 0)
(0 0 0)
(0 0 0)
(0 0 0)
(0 0 0)
(0 0 0)
(0 0 0)
(0 0 0)
(0 0 0)
(0 0 0)
(0 0 0)
(0 0 0)
(0 0 0)
(0 0 0)
(12.3389501134653 -12.38861855800085 -3.47360994224223e-17)
(31.92709652321898 -17.21327994081841 -3.77243385973598e-16)
(42.37281037194658 -18.42834584825907 -7.570260317895764e-16)
(48.3720766636742 -10.12506993024001 6.25032534919044e-13)
(56.59503371955257 7.853215647184855 -2.125633400199699e-13)
(68.2072664787906 29.76253273878546 6.880271830854514e-17)
(73.17184789558529 42.58330048011895 -4.184340985906582e-13)
(54.81889963226984 38.42038902307938 7.206113757415961e-15)
(15.95746527275239 5.013561910347152 2.080022712254454e-13)
(0 0 0)
(0 0 0)
(0 0 0)
(0 0 0)
(0 0 0)
(0 0 0)
(-0.5541234331310197 -6.897098937279498 2.146959904963495e-13)
(12.11206283454025 -36.39977814527485 -2.403813728644153e-14)
(6.824428750001209 -47.21935748601562 -2.170661775167002e-13)
(-15.73732515705345 -36.59387508239008 -4.238502928143089e-13)
(-38.41435355865976 -16.07347805903128 4.205943150344061e-13)
(-51.27861535295452 1.373010580978278 -2.879740793130838e-16)
(-54.45827699248294 10.95128251994534 -5.959582740150231e-16)
(-52.38798999274469 13.62197748532124 -2.155865685806618e-13)
(-49.19647998482451 11.97757207447295 2.210228165969116e-13)
(-47.34796132073659 8.0616992081821 4.2621489634706e-16)
(-47.99920646772051 2.901519539831021 2.223329574191261e-16)
(-51.65459879072101 -3.24440545913549 2.299788098907923e-13)
(-58.59010299386838 -10.5286257892592 -5.007011036867542e-17)
(-69.01748320343764 -19.245544178638 -3.231193990156769e-18)
(-83.08984776951536 -29.65515491058512 7.286355795779395e-16)
(-100.8266518387719 -41.85452021315361 2.125062325856889e-13)
(-121.9748781537345 -55.64923041007265 -1.349039588210054e-16)
(-145.727477356585 -70.35986446911841 -2.424261300834589e-18)
(-170.0405194428957 -84.45151090717131 1.349092407114634e-16)
(-190.0774072652725 -94.90844487359915 -1.623597035134312e-16)
(-195.5464808530089 -96.74922483771468 -1.043779492192757e-17)
(-168.3956199753063 -84.30986405642443 -5.285231986388658e-14)
(-85.42211268151944 -56.63797841556972 3.989624036734016e-19)
(68.06244868364288 -24.99847627333135 -1.407661648133013e-16)
(272.9238942912248 -72.08965391142425 3.149115830505981e-15)
(311.0001847611588 17.57830897636033 -4.347245613790675e-14)
(0 0 0)
(0 0 0)
(0 0 0)
(0 0 0)
(0 0 0)
(0 0 0)
(0 0 0)
(0 0 0)
(0 0 0)
(0 0 0)
(0 0 0)
(0 0 0)
(0 0 0)
(0 0 0)
(0 0 0)
(0 0 0)
(0 0 0)
(0 0 0)
(0 0 0)
(0 0 0)
(0 0 0)
(0 0 0)
(0 0 0)
(10.62179536119766 15.2189438307492 -2.956521798615069e-16)
(29.75070131956948 12.9542764536707 4.162090011389516e-13)
(45.32428366360008 12.34757201652716 2.110341882155466e-13)
(58.55992149823057 16.73546623145129 -2.071117592444502e-13)
(69.59099388743782 24.69363462560802 2.104797863013803e-13)
(74.76665770453307 29.95431350120243 -2.199006629726739e-16)
(66.36297038920719 25.82787868280449 1.606421817429862e-14)
(39.56868262925138 17.2999921254592 -4.139847712422695e-13)
(7.929318169284581 -0.53363060128068 -4.871666682578492e-13)
(0 0 0)
(0 0 0)
(0 0 0)
(0 0 0)
(0 0 0)
(0 0 0)
(-9.275574575614336 -1.120836142752907 -1.347046918652543e-14)
(-4.426262565769298 -13.34364161428421 3.133431246572121e-15)
(-0.9314463066543263 -25.96368396784107 -2.30181387098916e-13)
(-9.273114415744875 -29.37515777974338 4.235245023769672e-13)
(-24.34745747699052 -22.27139045111786 2.097803259038139e-13)
(-38.2083362497545 -11.02489927808641 -2.463423757580238e-16)
(-46.68698059457981 -1.607495865107086 -6.017906021184362e-16)
(-50.06779986923478 3.459185042242162 -4.240116501541878e-13)
(-50.7596627324891 4.333434850166753 4.079413822663095e-16)
(-51.26492665457381 2.171122887164956 6.356651960058818e-13)
(-53.37594504837492 -1.951609579468162 2.116335698302908e-13)
(-58.16986558513243 -7.378637209548208 -4.068357494349457e-13)
(-66.23813239556017 -13.80627329058708 -6.223855683797102e-16)
(-77.86355398038282 -21.08425429266857 1.849569752844024e-16)
(-93.07506738074606 -29.00796921428066 1.12412562077859e-14)
(-111.5860454583635 -37.12032997242488 -1.76680166925062e-14)
(-132.602078764912 -44.49379372577314 2.086821643521609e-13)
(-154.4188761810035 -49.45800127631827 -2.118923252798582e-13)
(-173.6930658873769 -49.3176139150995 -2.077111848193346e-13)
(-184.4229970549975 -40.38838514216815 -2.042716744779831e-13)
(-177.1969973351639 -19.21555891391518 -1.551092382129784e-16)
(-139.8168556516553 13.90324939336322 -7.663862540975739e-14)
(-59.62068429963286 49.5713925491524 -1.853535213412467e-13)
(73.195232302612 67.28693282400098 -2.111280171035872e-13)
(255.981149123351 4.106213847176512 -9.525604598007597e-14)
(309.1681776391032 6.165634181478977 -1.273774317370993e-13)
(0 0 0)
(0 0 0)
(0 0 0)
(0 0 0)
(0 0 0)
(0 0 0)
(0 0 0)
(0 0 0)
(0 0 0)
(0 0 0)
(0 0 0)
(0 0 0)
(0 0 0)
(0 0 0)
(0 0 0)
(0 0 0)
(0 0 0)
(0 0 0)
(0 0 0)
(0 0 0)
(0 0 0)
(0 0 0)
(0 0 0)
(10.07434006609963 34.3808970413008 -4.947539015903408e-17)
(29.05562908328591 33.46487862785804 -6.737192847495413e-16)
(46.15400014691821 32.54645994132522 -1.929682203768316e-13)
(60.71813927591606 32.05914153879993 -3.885142851274313e-16)
(69.81388098739697 30.46242390011168 -3.885696246610962e-16)
(69.34151052218316 24.9834321455315 4.214360734674861e-13)
(55.95168654823878 15.03521066745468 -1.233439514099479e-14)
(30.51089915053294 8.634568353493039 6.581032102657636e-15)
(5.346670783119718 -1.241602794185863 1.904028646717147e-13)
(0 0 0)
(0 0 0)
(0 0 0)
(0 0 0)
(0 0 0)
(0 0 0)
(-11.70471524001389 -0.2820574654511633 1.163682458032075e-14)
(-12.88175202431371 -3.29007964406331 2.267188476983579e-13)
(-9.871015041996188 -11.84080815995663 -6.024712364201172e-15)
(-12.04503163885024 -18.83841499062332 -1.944942341331487e-15)
(-20.06409506222245 -20.08563647726532 2.077689282188952e-13)
(-30.61472076292313 -16.21357153879249 2.292623022580189e-13)
(-39.97419266054596 -10.54802721424382 -4.059611537677866e-13)
(-46.44705926863126 -6.084225723519524 -5.622181380349192e-16)
(-50.48454214495264 -4.207383224730864 2.152847274523731e-16)
(-53.63300574995625 -4.95218025597648 1.92080801260138e-13)
(-57.54896656156004 -7.725343531475396 1.372631977569941e-14)
(-63.50926250056559 -11.82794121328202 2.236586459621283e-13)
(-72.2957200755468 -16.64412766458219 -8.150467004434177e-16)
(-84.21917912495445 -21.59943869013794 -4.30398066569717e-13)
(-99.12592344468125 -26.00851411044895 4.328965505885095e-13)
(-116.3124763445103 -28.87941773439719 -2.119844119996435e-13)
(-134.3125494714396 -28.70720246355085 -2.007334818840352e-13)
(-150.5512975888029 -23.31620046520502 -1.033994262057145e-15)
(-160.9709033202633 -9.927350975310883 3.554522183572031e-16)
(-159.975352232524 14.19236368932522 -1.405485470302822e-16)
(-141.2548463456036 50.09684790517186 4.848349814041559e-18)
(-99.60866860225188 94.60612618551755 -1.058386732605447e-13)
(-32.03842958143088 137.8552738754118 -1.588356164768731e-13)
(64.52287212769939 162.3615520385117 -2.091365905020946e-13)
(194.4256386184231 121.6085728547748 4.640252517222301e-15)
(236.7954648331342 95.02510548551682 -1.113498454304511e-14)
(0 0 0)
(0 0 0)
(0 0 0)
(0 0 0)
(0 0 0)
(0 0 0)
(0 0 0)
(0 0 0)
(0 0 0)
(0 0 0)
(0 0 0)
(0 0 0)
(0 0 0)
(0 0 0)
(0 0 0)
(0 0 0)
(0 0 0)
(0 0 0)
(0 0 0)
(0 0 0)
(0 0 0)
(0 0 0)
(0 0 0)
(9.70581299717351 46.55695498559604 -7.868288045982164e-18)
(27.91620361135928 45.39841693815308 -9.669749357874818e-17)
(43.9185465714765 42.82716078585518 -3.418436386728095e-16)
(56.47588545576242 38.16487416219525 -8.307205741678315e-17)
(62.51528449308959 30.70259245612624 9.335426548492925e-17)
(59.33944446318579 20.58456949632068 -2.333428050975007e-13)
(46.16029756976385 9.882434644454788 -4.22800742541272e-13)
(24.91358124957124 5.450867313679896 -2.321019323666928e-13)
(4.594440351125428 -1.2483990093236 -4.332940702551573e-13)
(0 0 0)
(0 0 0)
(0 0 0)
(0 0 0)
(0 0 0)
(0 0 0)
(-11.74161482190425 -0.2097629648269798 1.903624174653838e-13)
(-16.5432470273568 0.7811339529073502 2.64477916959634e-15)
(-16.41912325371752 -4.484766738689204 4.23256921716025e-13)
(-17.51794273188394 -10.74336748972624 -3.713830755233062e-16)
(-21.72261402679567 -15.30962660211603 -3.089828600871582e-16)
(-28.67072699534545 -16.57983206138955 -4.214578162756731e-13)
(-36.55763477560112 -15.25652798799815 -7.279591791590004e-18)
(-43.72715587139593 -13.14484394257791 2.710171140261656e-16)
(-49.62761726090982 -11.80019117966135 -5.476872615207385e-16)
(-54.78288696198219 -11.93573082551849 -2.204478651678227e-13)
(-60.25170600268711 -13.49866196553815 -9.45727118799178e-16)
(-67.08864971586495 -15.97885904138358 -2.196366456158054e-13)
(-76.00962987045682 -18.6467052055894 -3.425136497152313e-16)
(-87.22794042331617 -20.63205312760901 -4.839359271165694e-18)
(-100.3550464208607 -20.87710539782325 4.087790974603661e-13)
(-114.2847338244794 -18.0319513312636 -2.144546544465524e-13)
(-127.03886152921 -10.37516123832402 2.104528481803035e-13)
(-135.6390246855231 4.123697988153227 -2.058209603027153e-13)
(-136.1845017334414 27.43806651987893 1.107823782135906e-13)
(-124.3987981768511 60.69140852985763 2.569162640013119e-16)
(-96.78323478109651 103.0847167886539 4.765816214205041e-17)
(-52.05842959028507 151.1988246349076 -5.832021476835181e-14)
(8.134741651501153 199.5532900901593 7.272375849158623e-17)
(80.77747234201543 242.0672819818378 -1.058274289377594e-13)
(169.7567755334166 254.0715848100895 6.892263490458155e-15)
(222.4430384640272 274.9445904641082 -1.40595004808603e-13)
(79.66333442415882 283.09740665101 -2.233361563365448e-14)
(8.762419165106154 353.1194007565584 -2.604573731126613e-13)
(20.84418030268288 364.8877595490226 -2.409590151861185e-13)
(32.0496388254648 364.7018015502366 2.699448204385365e-13)
(32.19711180926421 340.8669549354939 5.172358518439156e-14)
(29.91011337823357 294.0365049677854 -1.09936518233483e-13)
(30.93865001092107 232.1135383903346 1.103853635480314e-15)
(36.32316366274059 165.8808865327222 2.098228161678951e-13)
(43.55511905660863 104.9701374166346 5.34850026252997e-13)
(49.807668489199 53.97234671782878 -2.511579053698195e-14)
(53.36092063083753 11.36845211468551 -1.003489704608579e-13)
(53.33855063939984 -28.23306617865094 -1.181126265648781e-13)
(49.75683445422973 -71.35654967838556 1.060764544603739e-13)
(43.48476650650403 -123.3966451818266 6.883126176470484e-14)
(36.19750166136495 -185.9407952309992 4.648802690932183e-14)
(30.50397968441513 -254.6620382851287 2.089355787708046e-14)
(28.83723060715513 -319.9417734506139 6.044305784073138e-14)
(31.07226879618441 -370.4273270260891 6.311555471359625e-14)
(35.32972911115414 -395.7662696877376 4.20105300605568e-14)
(39.1822311124833 -391.6676940735092 2.782605333191961e-14)
(43.2867051296069 -359.2887049039136 2.511343434791801e-15)
(53.92020510428645 -315.413825298605 1.154766878039155e-14)
(34.2225955498135 -288.8976317630991 2.00155374517233e-14)
(8.915813438263118 52.30384215559962 7.330017871171748e-17)
(25.32581433594158 50.23454813894882 -2.720760772532129e-16)
(38.92045736913327 45.83407454839678 3.946170247590843e-16)
(48.59357094545911 38.61388814917023 2.40738347546693e-16)
(52.23357632062126 28.77832360446026 -3.533825478733301e-18)
(48.52135270751872 17.71725758262752 1.35263730386141e-16)
(37.54071256876797 7.822213233808312 8.087342513716341e-17)
(20.70757257164869 4.328104219213734 -3.220698205940129e-15)
(4.312674055662637 -1.229770616958818 4.442805990992696e-13)
(0 0 0)
(0 0 0)
(0 0 0)
(0 0 0)
(0 0 0)
(0 0 0)
(-10.969276934455 -0.2011010929936514 -3.55572863532323e-14)
(-17.99832069562251 2.400405330898341 -3.983741794900439e-13)
(-20.74295684385038 -1.215499613741278 4.088693819697013e-13)
(-22.86989150525454 -5.94879636791809 3.760257084461115e-16)
(-25.90055962753037 -11.06844276699212 -5.248951829797475e-18)
(-30.5616221544993 -14.87471510666508 -2.1102799364499e-13)
(-36.53920454668016 -16.76585420139186 2.161292156420718e-13)
(-42.99072245669954 -17.24433596996421 -4.208757990629797e-13)
(-49.27542902378589 -17.25535083502253 4.206924414839806e-13)
(-55.33147653540207 -17.52742860646042 -6.589597655870191e-16)
(-61.59209477574362 -18.26592900609498 -4.750816648759932e-16)
(-68.65730573806155 -19.1565207268246 -3.865230696093004e-16)
(-76.94891415885667 -19.49065758218126 -4.850708180610758e-18)
(-86.44957931403295 -18.27410765436052 4.119931985480315e-17)
(-96.52582165961874 -14.27887242155102 4.01770680219613e-13)
(-105.8105322068085 -6.073784970101297 -2.229318044520907e-16)
(-112.1569001563982 7.888161151822493 -1.0826437644952e-16)
(-112.7380698282479 29.03356655434265 -3.150286938187517e-16)
(-104.4031927562183 58.23072869532366 2.213484759212715e-16)
(-84.3287019619366 95.23702744940202 -2.003699699932656e-16)
(-50.74743027051088 138.3491290946426 6.428011706264421e-18)
(-3.140095307865014 184.7074702346 1.059477439896185e-13)
(58.83002811852333 231.3297229234801 9.894839645311587e-17)
(136.036532402738 275.4090332090153 -1.856760936311172e-17)
(218.2633647163754 309.817726496268 -6.198380636143511e-16)
(198.3325394915816 272.3267055953921 1.931062220703082e-15)
(103.6144525042829 298.7441826192738 3.590538676481123e-15)
(11.09246602867444 362.78897246039 6.744098596170175e-15)
(-58.23065746191011 392.8741827800869 1.581227238557943e-14)
(-124.2602022771554 390.9149849265827 2.813520622271901e-14)
(-192.0205253944123 365.2602803274727 -1.91242456961333e-13)
(-250.7677745976292 322.5902258242733 8.542741459392668e-15)
(-287.8895599883251 267.5426763910347 9.82997330258512e-17)
(-299.9765577525038 205.0861953928388 2.142015162893685e-13)
(-293.8863457157476 140.2874832036994 4.18668129748448e-13)
(-281.3152954740824 77.0249689388145 9.851438258005458e-14)
(-272.3577853982766 16.3415119928917 -2.170868154483188e-13)
(-272.3350812681763 -43.44817233074757 1.161661881235447e-15)
(-281.2307833221981 -105.0830768412912 -3.032550114423102e-15)
(-293.7717057595225 -170.2954311750117 -8.668221173188532e-15)
(-300.0350641123863 -238.085943602484 -1.490654541137198e-14)
(-288.3135855328363 -304.4435410432692 -1.149523065165016e-14)
(-250.7736089974257 -363.5941792660953 -9.540733106180489e-15)
(-188.0653253900667 -409.2810843688788 -1.057151947674093e-14)
(-108.9133597707936 -435.8863420000205 -7.590282345880965e-15)
(-27.25478426691306 -441.7720790945263 -5.184980223880942e-15)
(38.76483377129849 -431.5341243852922 -5.146383949897731e-15)
(65.94636138917002 -420.1635957569482 -5.038681631432691e-15)
(36.65920549562212 -422.5676421875731 -2.568175882648416e-15)
(7.636504808087066 52.59408665391983 -6.303473767439019e-13)
(21.44645722002715 49.76440012434239 -1.918922006995089e-13)
(32.29788658125284 44.24610705820202 -2.074551163540072e-13)
(39.42013451220109 36.11749056999265 -1.355999424816458e-14)
(41.61865392629866 26.12876009533297 2.15456089162003e-16)
(38.38333408981592 15.80823390429505 -1.146160068617853e-18)
(29.9231036187334 7.049295836800588 -4.235093045437781e-13)
(17.01456417719447 4.001248965654868 4.118025697552457e-13)
(4.013530291020572 -1.164952832337131 -3.760699499059225e-13)
(0 0 0)
(0 0 0)
(0 0 0)
(0 0 0)
(0 0 0)
(0 0 0)
(-10.05297146065335 -0.2689968460771757 4.117302269071527e-13)
(-18.57404083109818 2.919543471463176 1.474382530759448e-15)
(-23.66949452240863 -0.04180171927547877 5.790142568501445e-16)
(-27.37088588927431 -3.565584089861973 1.054175538404026e-16)
(-30.64853276426573 -8.19993323778121 2.051808779821078e-16)
(-34.36813842492111 -12.77092061599615 -2.049049113451353e-13)
(-38.92725564421563 -16.38462611940192 -2.112662872784699e-13)
(-44.21665250535341 -18.77039676882257 -4.200651781653421e-13)
(-49.9107098946951 -20.16656276790425 -4.053730314751751e-13)
(-55.79346513215786 -20.93982562297141 -3.695657076253358e-16)
(-61.8807981227886 -21.23564148874571 4.197302464528211e-13)
(-68.31337828919405 -20.80735640896878 -4.531747521211582e-16)
(-75.12721679713519 -19.00775136899496 -3.635103977507133e-17)
(-82.01615526627677 -14.86632100062135 4.038933754450297e-18)
(-88.15472374962032 -7.20038622393618 3.715451337769031e-17)
(-92.11770025806244 5.241348596992945 -4.846947794709284e-18)
(-91.93150999579902 23.57126560825144 2.117485431559641e-13)
(-85.29645712108029 48.46889432997825 -3.554389572216224e-17)
(-69.98104082712022 79.84109207471008 -2.180834105683373e-16)
(-44.28039778846044 116.5721193685905 -2.027780553661799e-13)
(-7.312792014232372 156.5251045301118 4.687201584845862e-17)
(40.92216420864202 196.7139183808489 8.927674487013437e-17)
(98.83630444919653 232.8944153437725 -2.111173768483949e-13)
(159.265474910895 257.2320736568574 -5.008475586101216e-16)
(201.7687361845828 255.4116438679183 4.133394490801368e-13)
(198.9089187023368 217.8010862303966 2.077852054311014e-13)
(152.027955117594 213.0376400924644 -4.118792028429148e-13)
(86.13306355856896 232.7693415835883 -4.197895912837275e-13)
(18.18217834078952 248.5640969130558 4.566148421362852e-16)
(-46.04645731955659 248.44151464057 3.170981713061083e-21)
(-104.9743851811134 236.2989180734278 -5.079508165565193e-16)
(-152.5280029179198 217.1964105575817 4.1362731808972e-13)
(-181.7041953542205 192.0279231761779 2.285267617028734e-13)
(-190.636695304781 159.1695268553295 2.117130348192818e-13)
(-184.5049584728965 117.4950702983578 2.0681734163221e-13)
(-172.7774889590343 68.00625608309763 -2.086530553923231e-15)
(-164.6390234695606 13.31493522682755 -2.006991620109332e-13)
(-165.4694146954921 -43.50417247083961 -3.87076562907487e-19)
(-175.2834372422372 -99.38442604418357 -5.299166207431074e-14)
(-188.7307001374063 -151.2548717328246 8.074693326607214e-18)
(-196.5623143816507 -196.3872931933866 2.578599724052649e-14)
(-188.8617559039756 -233.3988056900047 5.459592886427335e-14)
(-159.3447273596327 -262.8996003684468 -1.058306687445768e-13)
(-108.6436051148556 -286.7974658758239 -2.817082746740268e-18)
(-45.07944898593102 -307.3671421752928 -1.764999234322461e-16)
(16.6163332968287 -327.5343351493722 1.132689124470812e-13)
(57.90916193089789 -350.8841404157753 -1.022461572762349e-18)
(62.84011507303323 -378.7748092551066 1.075645642415837e-13)
(27.3436147960772 -403.7708450987977 1.060439226920811e-13)
(6.086088571675774 48.91936506834162 6.791639099714593e-16)
(16.97789592474489 45.7931638683762 -2.238373537808103e-13)
(25.27354781477936 40.04509934979611 -1.92785824979627e-13)
(30.47622398318076 32.19778925781902 -2.119565333060411e-13)
(31.92431965484999 23.18872747862909 -8.305148000338638e-17)
(29.44188844754193 14.26129239241816 -6.036242159990356e-17)
(23.18979922922126 6.711797471602753 -1.149287113317062e-16)
(13.56485136251853 4.015676146270494 2.208592085732144e-13)
(3.541938741070067 -1.052792282283699 4.76727914671522e-13)
(0 0 0)
(0 0 0)
(0 0 0)
(0 0 0)
(0 0 0)
(0 0 0)
(-9.285262996693843 -0.402775087684225 8.973457687041897e-15)
(-18.87528310243337 2.904560927693521 -1.63704910004189e-15)
(-25.80732159254616 0.146448870347152 -2.329619172279249e-13)
(-31.02802302600891 -2.558581156872551 2.053849592084061e-16)
(-35.10589615620199 -6.455369591983368 1.272222219390748e-16)
(-38.74631503370254 -10.85146829616807 1.896214635528335e-13)
(-42.53868069784939 -14.99388652626083 -1.9372788406882e-13)
(-46.77265910664618 -18.34016438141096 -8.296053485385118e-16)
(-51.44485787696502 -20.65826438106486 2.237281061551318e-13)
(-56.40055525567458 -21.90517202226319 2.162673410788661e-13)
(-61.45962556224242 -22.00153356798266 8.663674908198382e-17)
(-66.42941561881644 -20.64533090105421 -7.270024356580456e-17)
(-71.00787875196268 -17.23744364593545 -2.584932974140843e-17)
(-74.64221417805331 -10.92132539833434 -1.615575870145834e-17)
(-76.41815206368004 -0.7117578319890854 -1.615462742876973e-18)
(-75.03888036349376 14.30821451932803 4.846765224506641e-18)
(-68.929354404965 34.73891243194089 2.117533900332386e-13)
(-56.46824334413049 60.59788690454601 -1.45404147895756e-17)
(-36.29996771241737 91.10054624862697 -2.423450150683874e-17)
(-7.644689517663034 124.550351639427 3.719208633332848e-17)
(29.394368717605 158.2972347253172 2.053286384023955e-13)
(73.22921550707315 188.5241551987029 -2.115238758914777e-13)
(119.3481835430879 209.6613160163438 1.14745728954881e-16)
(158.553761010659 214.386220676207 1.437872582203494e-16)
(178.8323745456011 197.7961952739432 2.19346531723616e-13)
(174.0582460924354 168.0062503085628 2.169039318374217e-13)
(143.3968258683971 146.0103681640778 4.208394611906323e-13)
(89.29463083248277 137.0112788122977 1.382933435550461e-15)
(21.47227641032753 135.838685678825 2.019174870414734e-16)
(-48.54262400508343 135.1447266354404 3.047054419076138e-17)
(-112.331911928369 132.9200210035039 -5.249664722133488e-16)
(-163.7945730684815 129.2141210936884 2.252257503313276e-13)
(-198.7904871626712 122.2532183794587 -1.176320496837965e-15)
(-216.6244263802933 108.3914629675261 -2.178609897606232e-13)
(-220.9005252221061 84.49874433077181 2.116411179280892e-13)
(-218.2476058713255 50.08168005047841 2.179444886123083e-17)
(-215.5208413793202 7.707324909847616 -6.457101247330467e-18)
(-216.9802860038578 -37.96262858411596 -1.4943820253271e-17)
(-222.6244502442958 -81.57003400270862 -4.745790372441982e-17)
(-228.1388060052307 -118.4409385843614 -9.289544383361079e-17)
(-226.4558501232769 -145.9472407864627 1.575272021468516e-17)
(-210.5489735312009 -164.5562905306517 6.42232659044577e-17)
(-176.5786908021493 -177.8544455784285 1.373260512229432e-17)
(-126.2702303977858 -191.2776364681417 -1.615262699159047e-18)
(-67.67842668204641 -210.2483311024367 -1.292669669495569e-17)
(-13.81607375907161 -238.3280202820676 -1.388758411964808e-16)
(21.33594386274222 -275.0661378401934 3.182794017147052e-18)
(29.52374875687227 -313.3801980958577 2.439421827240001e-16)
(13.22782338575939 -339.8803561813531 4.200614517089845e-17)
(4.51024484334854 42.92068815542254 6.947036742164796e-17)
(12.57228753873372 39.89184053366311 6.096768765714479e-16)
(18.70251197035725 34.52912394723283 -2.121685896485935e-13)
(22.56376264119624 27.58854713100312 2.112254978253669e-13)
(23.68215706081846 20.0206041251718 -1.055148831042696e-16)
(21.90640408242668 12.74231449301439 -3.007101808679584e-18)
(17.34150896499005 6.517219079240729 -4.180547799879366e-13)
(10.29196171115192 4.257643019005158 -1.035280226856692e-14)
(2.857537502593027 -0.8740739760050522 2.768578739730152e-13)
(0 0 0)
(0 0 0)
(0 0 0)
(0 0 0)
(0 0 0)
(0 0 0)
(-8.775162953118611 -0.5578079735276107 2.589585283880923e-13)
(-19.16520715007606 2.656923753744433 -7.139052533845229e-15)
(-27.486147773495 -0.06322705032766532 4.235158130351424e-13)
(-33.97270435210843 -2.178142500301873 6.058613832829638e-17)
(-38.94141990487167 -5.310495743811583 -2.061868825588911e-13)
(-42.906655359705 -9.081919577105516 2.197440120160605e-14)
(-46.41595172775418 -12.97107042869128 -2.133015282967219e-13)
(-49.88103035975202 -16.44546594559009 4.174648931059929e-13)
(-53.47571753571015 -19.07520354237735 -2.54852606377735e-16)
(-57.13673431907242 -20.54173069273134 -4.151990358296083e-13)
(-60.62095700240277 -20.54626763173263 3.683477285617362e-16)
(-63.54928837035843 -18.69113995687405 -2.742366772493849e-16)
(-65.40321129766811 -14.41162674542807 -4.846717146191608e-17)
(-65.49046945501301 -7.000309431619971 -2.116887668419099e-13)
(-62.92518382665511 4.272297525191913 1.454005808631117e-17)
(-56.6670299798481 19.9625954738494 -3.231407176202214e-18)
(-45.64183759119356 40.2230872415012 -3.231238984141145e-18)
(-28.93482328866994 64.58678342072456 -4.84686255766571e-18)
(-6.028576086741887 91.81257927186215 -5.655088438896607e-18)
(22.91629067182071 119.796245543191 -4.848879289890924e-18)
(56.66101157433052 145.4960117562324 2.267575042893809e-16)
(92.28624561952927 164.8844607641494 5.775629072759767e-17)
(124.6983699738899 173.3312305567317 1.914457097995782e-16)
(147.4003536996479 167.3721982294719 -3.731930150040994e-16)
(155.3887653571423 148.0343160896596 1.630952714395128e-16)
(147.1230915049693 121.9278993108889 5.106321452523354e-16)
(121.0329832144425 95.40369816983882 -1.053361350486365e-14)
(75.9613804448508 74.82243041493896 1.042338041852518e-14)
(16.31562575799182 63.45579678954594 4.135452041607975e-13)
(-48.96512190555481 60.07286839505508 8.027335113551794e-13)
(-110.9049908378046 61.78632632888237 2.155810681648519e-13)
(-163.1948056565936 65.53910401876614 2.29603579183338e-13)
(-202.5268534267381 67.75909568048894 -5.008443934649582e-16)
(-228.3911690753264 64.45787762162897 -1.598282119732049e-16)
(-242.814741068841 52.4926678435319 -2.117663155833892e-13)
(-249.5689081932124 31.02353085885555 -3.392800610498548e-17)
(-252.6833321269526 2.09609125844024 -1.453966652342375e-17)
(-254.7467738195988 -29.97110615220042 -3.917828889418299e-17)
(-255.7617474801831 -60.03703003701538 2.636548235024622e-14)
(-253.1079070230274 -83.87017615406384 2.856680015396565e-14)
(-242.6776661826066 -99.65310268604443 -1.058337734938556e-16)
(-220.7689605391231 -108.764785824531 -4.833443886421629e-18)
(-186.0660730604326 -115.4698889668619 3.230738804591842e-18)
(-141.0374904705418 -125.5101908264972 3.230791607251845e-18)
(-92.12983264987604 -143.9429703615281 2.425585052550492e-17)
(-48.20147324520875 -172.6973093027094 -1.625274138472618e-17)
(-17.14301595270446 -208.5378657763738 -4.067886863747237e-13)
(-1.971874547853227 -242.7597295769962 4.015187671728059e-13)
(0.8406223153096936 -264.4629474744098 5.812027759287934e-17)
(3.057167728973448 36.01170330797468 4.947648361209252e-18)
(8.58645466708786 33.27954070657827 6.258908639772318e-18)
(12.97025441179335 28.56301310424731 2.112832557960428e-13)
(15.96770416086493 22.70186767011802 2.074640085371711e-13)
(17.07808701645654 16.62255595179157 -4.614415190064656e-16)
(15.93850340184274 11.05063931265447 -7.795228966554819e-17)
(12.50945209578998 6.348388489051973 -1.817394539120452e-18)
(7.210730174714623 4.772503539068041 -5.805591599803869e-15)
(1.896942057664727 -0.5401234506723687 4.621959521928981e-13)
(0 0 0)
(0 0 0)
(0 0 0)
(0 0 0)
(0 0 0)
(0 0 0)
(-8.537224802543284 -0.7060685370545048 4.821615967758121e-14)
(-19.53118180510039 2.348165652916432 -9.427542511487034e-15)
(-28.83916029924487 -0.3517735564372993 2.338423174014334e-13)
(-36.27529171970654 -1.951019016917654 -5.857341973414957e-17)
(-42.00967323184996 -4.30072481581811 -2.116592719019553e-13)
(-46.40688971929896 -7.216375838890584 -2.057789496749755e-13)
(-49.90222706572843 -10.38115112822141 2.218786759929556e-13)
(-52.87679222016905 -13.38495808576923 3.639107657465963e-16)
(-55.54112262514464 -15.79148859663826 3.312624190991477e-17)
(-57.87161934489248 -17.18037602651967 7.6073428897426e-16)
(-59.60903482749161 -17.13688523548597 2.112790230440667e-13)
(-60.2947747353782 -15.20867577974938 -1.913348089847993e-13)
(-59.31704823042667 -10.87710177585 -1.333017779644459e-16)
(-55.95828990706229 -3.585670569511564 2.122720091360343e-13)
(-49.45524715058961 7.157492223293755 1.45401862608381e-16)
(-39.08809063159505 21.61597762209011 8.076621696434493e-18)
(-24.30516643855291 39.63536329160051 -3.231429076251474e-18)
(-4.878751297642186 60.47069879247769 -9.693704626406392e-18)
(18.90949438939593 82.66523996428282 -3.150544548060048e-17)
(46.03874298575069 104.000596160732 -7.473213702249365e-17)
(74.48258398489806 121.5655878165067 7.776940824218892e-18)
(101.0644343316973 132.1079353610799 1.914144776561418e-16)
(121.8359208823922 132.9409208165245 9.742226947103287e-16)
(133.2568462737697 123.3543228795608 -2.205615498217859e-13)
(133.388075583269 105.4046985940016 -4.943224519845395e-16)
(121.4276281259842 82.56514813028284 4.177938447744714e-13)
(96.29135693291769 57.99801740593359 4.351907676462036e-13)
(57.34672950709637 36.37313358499392 8.039487248726724e-13)
(6.722714246717547 22.08909887972864 4.120717882528431e-13)
(-50.21209457468456 16.68541768442147 -4.575613488686549e-14)
(-106.8656762713307 18.54132429927187 2.227570855324522e-14)
(-157.8218036221266 24.2509860982289 2.268700487607818e-13)
(-199.8717134419776 29.8540557417428 -8.271503557939134e-16)
(-231.8908541536929 31.6625471997916 -8.394579116050101e-17)
(-254.3348718329809 27.08181942065761 4.426820056089783e-16)
(-268.6441823241134 15.38922089018878 -9.695420765895298e-18)
(-276.5154784316002 -1.940530611360243 -3.392545498902339e-17)
(-279.1134073228688 -21.67928596170771 -1.575200459751066e-17)
(-276.5235201165227 -39.99552772086208 -2.706159269993881e-17)
(-267.7548784454532 -53.90124971021404 -9.69316888275898e-17)
(-251.3504597967672 -62.45016298848017 -2.423385720831882e-17)
(-226.3657597364549 -67.22579064006935 -1.615755367601885e-17)
(-193.3240957004319 -71.89757609659969 3.230757283209841e-18)
(-154.743311737355 -80.89766794276915 2.260762329381525e-17)
(-114.8655448811423 -97.51054546554529 3.227152340729534e-18)
(-78.4109688955964 -121.9603852334777 5.492966586854555e-17)
(-48.72647645961271 -150.4355855988099 3.556063377751392e-17)
(-26.39932740800526 -176.028923184254 8.399047026399803e-17)
(-8.47841675833728 -191.6493531250825 1.936183119227737e-17)
(1.778003032587663 29.15123759722994 2.524358881966568e-18)
(5.123737244750356 26.78544880214084 2.221445520831977e-18)
(8.124838933700993 22.79397878987924 -6.219997271459841e-17)
(10.62330548862896 17.963632401097 -4.503182910883218e-16)
(12.03092870345037 13.13233011457671 -6.734984764006281e-17)
(11.63223662009239 9.011801349487135 -2.115410125759899e-17)
(8.967355403864991 5.903545092209688 -1.040059902384501e-17)
(4.464227038484161 5.43059119870882 -8.20830898580176e-16)
(0.5196114995750492 -0.1368383307497749 6.113664303767729e-15)
(0 0 0)
(0 0 0)
(0 0 0)
(0 0 0)
(0 0 0)
(0 0 0)
(-8.542608647289095 -0.8392171211090536 4.763920196516223e-14)
(-19.95754713746076 2.078021793586834 -7.180083166425064e-15)
(-29.87032652741496 -0.5365401975576775 4.628829394075271e-16)
(-37.92165561201531 -1.589597832524669 2.928233361910786e-17)
(-44.20677672638682 -3.100319114760568 -4.685160732925822e-17)
(-48.98708167094208 -5.015120578771868 5.614258592492361e-17)
(-52.58453397384601 -7.180211452666915 4.826548577189668e-16)
(-55.2913678285683 -9.337916191591528 -4.135926850589023e-16)
(-57.2711354778282 -11.15163426837304 3.025145858550854e-16)
(-58.48213095762902 -12.23961484215165 4.100799488291304e-13)
(-58.64925675710453 -12.19562170913318 -2.177726529512811e-13)
(-57.2895049138391 -10.59348195480035 -2.119715009815035e-13)
(-53.78020609018218 -6.994442979797949 1.695899749637798e-17)
(-47.45587545360404 -0.9836546445847979 1.478261452667179e-16)
(-37.72353562617416 7.748313399874974 6.477021769606674e-18)
(-24.18915889589547 19.28258553812959 -1.890217616897344e-16)
(-6.787116409817243 33.32910431432493 -4.038961536400436e-17)
(14.09505336579551 49.09543410510361 -4.362118842107961e-17)
(37.50132127384813 65.20620357083098 -1.874063027419747e-16)
(61.81663853405556 79.72991859591866 -7.467621090368047e-16)
(84.76835078929871 90.4028740163081 -1.381322579510137e-16)
(103.6615785800967 95.14045191718948 1.130745891111423e-17)
(115.9447573848252 92.77116835318343 -4.233161416066847e-13)
(119.8641313979572 83.5699638392983 -4.238492802552021e-13)
(114.5995905784009 69.01022847629943 -6.46203322761939e-18)
(99.71641025429459 50.95695500747085 -2.132508426025555e-16)
(74.84096864065489 31.61052046608224 7.75123472945127e-17)
(40.05246200329746 14.05633204145855 5.179627469731214e-17)
(-3.372090085954952 1.568594906079028 4.233225905743087e-13)
(-52.51289674235239 -3.992945418566688 -1.29320956393121e-16)
(-103.3394224667705 -3.138915920708331 -1.454065344174307e-15)
(-151.8820741810313 1.701329642521539 -6.720962985842695e-16)
(-195.1152922605185 7.327936153949244 1.421913541767843e-16)
(-231.1634053452699 10.8145440732311 3.393125596110949e-16)
(-259.0880673815348 10.22295804060288 9.690258180047053e-15)
(-278.5912582827904 5.021294349897947 3.747647391863672e-16)
(-289.7518390469511 -3.839333332472279 -2.907555111393749e-16)
(-292.8017709705709 -14.2933813221565 -6.21965097220759e-17)
(-287.9837112846176 -23.95241451931111 -1.211820832543626e-17)
(-275.5625423689231 -31.07596280594687 -2.100311312684286e-17)
(-256.0022071262726 -35.34351943976235 -3.877472676598333e-17)
(-230.2163736142747 -38.09664855634816 -1.130748610015956e-16)
(-199.737950327905 -41.90272876154969 9.693496912206879e-18)
(-166.6504598327441 -49.51458655489213 -1.615058026548239e-17)
(-133.1925497616977 -62.53472846897589 -2.649506143057717e-16)
(-101.1265131008414 -80.3351992343792 5.287230757600522e-22)
(-71.21155387473365 -99.87709833505872 3.231152551061109e-17)
(-43.18395854799549 -116.7294526083689 3.554277339946761e-17)
(-14.78258847169251 -126.8029639093532 1.551214912036669e-16)
(0.691306152778462 22.73827052272204 1.019839706386918e-17)
(2.22934190350318 20.82571044574549 3.193310670737502e-17)
(4.148438010495258 17.73203003876071 3.530849962932165e-18)
(6.306055485257489 13.95268887927242 -3.753819998241672e-17)
(8.126255965572184 10.0131678232877 -3.200891988861991e-17)
(8.709718380790827 6.622954285152326 -7.123643331515055e-17)
(6.916180421121375 4.4792618282161 1.236924621889061e-16)
(2.32584796307629 5.353439884338557 -4.188035003771458e-13)
(-1.20102670012846 -0.3765441863329567 -2.495816646848949e-14)
(0 0 0)
(0 0 0)
(0 0 0)
(0 0 0)
(0 0 0)
(0 0 0)
(-8.739117839489463 -0.9547452583860675 1.5098793103273e-14)
(-20.36388954884858 1.924493693888729 -1.118471066287479e-15)
(-30.50372338206503 -0.4979943908585637 4.107649490242121e-13)
(-38.83907063748282 -0.9179600168244862 4.88518308712089e-16)
(-45.43519597796556 -1.510781259629564 1.574659586242669e-17)
(-50.48678205616339 -2.325706995178765 -3.27150225378734e-17)
(-54.22502267765329 -3.343409101999501 -4.309601539882686e-16)
(-56.84821503595923 -4.459374099417798 -2.210094876374773e-13)
(-58.44282127699559 -5.485310749209852 -5.98975777986934e-16)
(-58.91560678528292 -6.16601192339808 -6.924820960369048e-16)
(-57.96290194175228 -6.202082342622337 4.208767912038892e-13)
(-55.09359600929327 -5.271943203144887 4.037905795243124e-13)
(-49.70722092081354 -3.056202757901192 1.906548813967935e-16)
(-41.21553352379978 0.7255727275334302 7.253790315006976e-18)
(-29.18900695899757 6.257120163630836 -2.778974374779267e-16)
(-13.50729970190799 13.54638292574375 -2.131573307461888e-13)
(5.507682108364446 22.33481266744461 -2.277986565178679e-16)
(26.99834792400581 32.01594282421632 -1.52679911447121e-16)
(49.54397888731166 41.60052908810102 -2.126128737003731e-13)
(71.23541344466042 49.78691970124726 4.176680358932941e-13)
(89.89311728746866 55.19632630084655 -7.783206898141842e-16)
(103.4327286181148 56.76007668937788 6.300387461049351e-17)
(110.2654327605609 54.08457044552942 6.60773639325765e-16)
(109.4959063709282 47.51733938531835 1.066265419999535e-16)
(100.7750667262721 37.86280752142474 -2.907963613628668e-17)
(84.02792007735135 26.15166896623764 -3.489721386214541e-16)
(59.39073395003978 13.77030244253115 -9.045913877491493e-17)
(27.30480400481798 2.503166910351609 -1.299435315664251e-17)
(-11.32656310602629 -5.776092066682772 -2.587243319422629e-17)
(-54.91960553184531 -9.827414306291054 -4.235295100446989e-13)
(-101.1714012391882 -9.68661382872418 1.551237141701999e-16)
(-147.3549515189007 -6.655677287880962 -2.306992268221155e-13)
(-190.7584989643703 -2.686466594088814 -4.149150613320245e-13)
(-228.995832223169 0.3693899854974165 6.349903462902018e-13)
(-260.1281215324384 1.293569274250146 -1.917153577985977e-13)
(-282.7064737078948 -0.2597577187041927 -7.497040449710193e-16)
(-295.8301541335263 -3.786519695236793 6.237857034762492e-15)
(-299.2264885580471 -8.194927855098051 -2.645873668378225e-16)
(-293.306101632781 -12.26474533268738 -3.336153529674903e-15)
(-279.1459833726833 -15.17639392361376 -6.300980998408974e-17)
(-258.3711455330404 -16.91056913183955 -1.486356016727136e-16)
(-232.9249690267108 -18.3329851536216 2.110376742523858e-13)
(-204.7420336727595 -20.8811316775747 -1.680354524191229e-16)
(-175.3753114429523 -25.9241835056229 -5.938885374294345e-15)
(-145.6861575712853 -34.0369765437428 -2.156937859577276e-13)
(-115.7533386408632 -44.54362763826698 -2.8434779102602e-16)
(-85.12072978983016 -55.61838148498638 1.291847827120842e-17)
(-53.32391985822306 -64.92239976860805 1.680094252232576e-16)
(-18.5541464657501 -70.41512372017233 -2.261433989804179e-13)
(-0.09242431611254807 16.49039085024686 6.674715896580274e-15)
(0.447678447992254 15.38139351745156 -1.130009368549332e-15)
(1.8922005097195 13.64456546583372 4.645008013650225e-15)
(3.909092073237617 11.17318279010176 1.023482458499665e-14)
(6.026857769283107 7.962250657580379 1.494017560459442e-14)
(7.643472013551641 4.461063857503706 7.470921073230644e-15)
(7.397576229897309 1.549450582612619 8.895329223863278e-15)
(2.6783098756389 2.11114757753676 4.377843716798236e-13)
(-2.913404487943843 -1.719758090955897 3.804832871338511e-13)
(0 0 0)
(0 0 0)
(0 0 0)
(0 0 0)
(0 0 0)
(0 0 0)
(-9.046246298185114 -1.044508127676306 -5.65690034371126e-14)
(-20.62707195840679 1.974662486313866 8.888712501884363e-15)
(-30.62532840337498 -0.14009345283814 4.906728851714911e-16)
(-38.93444248135712 0.1746727993528075 4.887126834332508e-17)
(-45.61452370496141 0.5700016688290618 1.009759562293813e-17)
(-50.81970951264091 0.9046724117018801 3.473515702845974e-17)
(-54.71820107731989 1.079925225829016 -3.23118681862842e-17)
(-57.43326947561907 1.055692724007895 -4.959851309859789e-16)
(-58.97777330266596 0.8587511599130789 -6.04627523611519e-16)
(-59.19890255085691 0.5791004488938659 2.255501930345406e-13)
(-57.75518803844908 0.3557414994114284 -1.298521753417249e-15)
(-54.14362533152788 0.3557123153380245 -4.024221654221277e-13)
(-47.78269015890659 0.7496089578362302 -2.463978642090635e-16)
(-38.14255252840412 1.684738100670217 2.536821743455359e-16)
(-24.90272542086526 3.255863848762806 -4.020340297101069e-13)
(-8.111466381452248 5.473994776844239 -3.344298212550935e-16)
(11.6824434482613 8.235640512902409 -3.118076930016361e-16)
(33.36076978153213 11.29923674402604 -1.300278917299297e-16)
(55.27229814871728 14.28333506090922 -6.753421197764862e-16)
(75.41243574218937 16.70923459833041 2.284398327437518e-13)
(91.74150774199882 18.10414178156228 -5.565812270402395e-16)
(102.5498226734822 18.14166440489676 1.022726244568986e-15)
(106.7020200842747 16.74005350782867 4.066239425125334e-13)
(103.6423684676716 14.04190635448569 6.170965015766141e-16)
(93.23392014906466 10.31720789247566 -2.714082855302462e-16)
(75.62390516058694 5.929713019795489 4.208733819866024e-13)
(51.19246658181661 1.378194000887849 -3.683601395626271e-16)
(20.50606753313427 -2.726415001307469 -3.231237761407234e-17)
(-15.70267121974971 -5.76130624116822 -4.235293983062323e-13)
(-56.42341854796829 -7.292569918085194 -4.23510011637554e-13)
(-100.1676854602465 -7.282919489365041 3.037311919489192e-16)
(-144.8819269186937 -6.129714176031563 -4.213451294933483e-13)
(-188.0902249390371 -4.486870567956672 5.557509932664987e-16)
(-227.1833694341234 -3.001281152465824 -1.744793540507955e-16)
(-259.7172150570378 -2.11066558092854 -5.977538661397393e-16)
(-283.6713472431696 -1.957084472158473 -1.970995424402371e-16)
(-297.6870092010636 -2.403461320830453 -3.005002110746796e-16)
(-301.2799966492382 -3.129231546653493 -7.350905571678513e-17)
(-294.965177313416 -3.781060814974086 1.612354571022115e-15)
(-280.2083661228343 -4.137869196858812 -5.301710900767247e-14)
(-259.1587983143696 -4.230112191291782 -3.812410353346374e-16)
(-234.1869361116195 -4.355902694965551 -2.034896974322498e-13)
(-207.3291486442419 -4.969005477183885 -2.120684696690467e-13)
(-179.8063046906099 -6.468522882814948 2.062523543101622e-13)
(-151.8119939062316 -8.978887092445541 -2.119520946940386e-13)
(-122.7079180545605 -12.23571694326927 9.692206691391715e-17)
(-91.59032600224971 -15.64803037427656 1.292419477464632e-17)
(-57.97990755776354 -18.50019168473389 -1.292422750735631e-17)
(-20.27673767089807 -20.18007659816926 1.486190572565455e-16)
(-0.525578797700224 8.637924745317504 1.637163103871668e-13)
(-0.7086298226154411 8.535876977988597 2.153960968287378e-13)
(-0.3115786158696092 8.249017590173708 -3.003882499535653e-14)
(0.003337603041154824 7.285403478395481 -6.977194274831663e-14)
(0.4626795159487179 5.406609034441408 -7.410501120268517e-14)
(1.033917787443208 2.650816097212013 -4.54737816293773e-13)
(0.9692087601700863 -0.5156546034174799 -4.547771152918841e-14)
(-0.7053361464491028 -3.501420595469334 -3.148440155789037e-14)
(-0.6015455225620852 0.1259186294192894 -1.102802542015905e-13)
(0 0 0)
(0 0 0)
(0 0 0)
(0 0 0)
(0 0 0)
(0 0 0)
(-9.343259715672906 -1.090006766063069 -5.311430972469001e-13)
(-20.59615205258977 2.322014285285862 2.066403275763235e-14)
(-30.11593772024344 0.6223319130188529 3.060633763617132e-17)
(-38.12897551642242 1.759527743227274 1.090528677583161e-17)
(-44.7051963661338 3.176419772366828 7.47210505886933e-17)
(-49.97685849885173 4.64392431562823 3.946071551517777e-16)
(-54.07400236479108 5.956529756739173 7.472070629713621e-17)
(-57.06938910159685 6.944904254826016 -1.777145921378877e-17)
(-58.9194135524801 7.486831283541648 -8.926132498055055e-17)
(-59.41861644637349 7.510995152064867 -5.592948008799151e-16)
(-58.18629007605026 6.990179983572713 -2.590999188913037e-16)
(-54.699728551272 5.92529230370037 -5.379831769108547e-16)
(-48.37819513422587 4.327137731989049 2.722347129642112e-16)
(-38.70927862973618 2.20547478452829 -4.149328714944242e-13)
(-25.39975027656615 -0.4271635151378808 4.195744395216886e-13)
(-8.527523031733576 -3.534629745046015 2.165080646873809e-13)
(11.33292406776109 -7.0231054382482 -2.132284201222881e-13)
(33.0460424748571 -10.70410429263617 -2.585090229777265e-16)
(54.95397674179519 -14.27319561447878 -5.04065748168896e-16)
(75.05622015706973 -17.33094988305104 -2.211433488727612e-13)
(91.32554706475791 -19.46613867056981 -7.194563512176338e-17)
(102.0686403129332 -20.38247677825358 -4.160573156762177e-13)
(106.16567472602 -19.99302185798419 5.073040539277982e-16)
(103.0730607669685 -18.40546088348948 1.324786089271702e-16)
(92.66287340228267 -15.83394492231466 -2.261659234301158e-17)
(75.08890619406287 -12.57119301916457 -3.48955921130993e-16)
(50.73460593907301 -9.0339065346258 -4.52372608909687e-17)
(20.16530378695501 -5.7474060266626 -6.462420770393912e-18)
(-15.89271797773227 -3.25543252998339 -1.29250477288117e-17)
(-56.44121876965685 -1.932470798848348 -1.938817957216032e-17)
(-100.0085454874367 -1.789607063817842 5.169779135837786e-17)
(-144.5589025851897 -2.442977837777201 5.169846925404955e-16)
(-187.6300659313624 -3.286073848339431 5.169770369692419e-17)
(-226.6196272355985 -3.738720725128962 9.693485983657438e-17)
(-259.0839248612913 -3.433923939342317 -2.121976665906136e-13)
(-282.999269456929 -2.294118796310215 6.462577304854619e-17)
(-297.0023012129462 -0.510465010651346 -3.71610362574162e-17)
(-300.6040880948922 1.552934981673736 -1.130853750288013e-17)
(-294.3147392680422 3.508417665047352 -7.270343804409355e-18)
(-279.595034720351 5.108811646828075 -3.23119661470201e-17)
(-258.5891790110907 6.366581555145139 -9.693639904721072e-17)
(-233.6638622784527 7.569507014705712 -4.749807222814128e-16)
(-206.8546538241604 9.165921523626551 -1.292338606867555e-17)
(-179.3851930353897 11.54859229259924 2.503384678139488e-22)
(-151.4533516315472 14.82864154729415 2.649554789932728e-16)
(-122.4224819393635 18.72079889466795 1.292411186275148e-17)
(-91.38520454516689 22.61386823140148 6.462875586390789e-18)
(-57.8556969206234 25.78432050773626 -1.098599061244308e-16)
(-20.23452268719784 27.62680907329279 4.41356071898649e-23)
(0 0 0)
(0 0 0)
(0 0 0)
(0 0 0)
(0 0 0)
(0 0 0)
(0 0 0)
(0 0 0)
(0 0 0)
(0 0 0)
(0 0 0)
(0 0 0)
(0 0 0)
(0 0 0)
(0 0 0)
(-9.47470603867159 -1.075170992290316 -1.081642782397069e-13)
(-20.10089753146256 3.042498958711906 2.085523596936577e-14)
(-28.86747816378879 1.861428712641455 3.867321756935359e-17)
(-36.38035462261676 3.88141481088581 4.321704725749387e-17)
(-42.73012713329377 6.297271620956542 3.857218781756228e-16)
(-48.03959952825593 8.79630902386743 -4.211771041712769e-13)
(-52.4172211380981 11.0798043271928 4.059169288093986e-16)
(-55.90296794870955 12.87501213028232 9.572106278713715e-17)
(-58.41168240500151 13.94785606303947 2.584963527777711e-17)
(-59.69555385172514 14.10828460508395 -6.352731020572128e-13)
(-59.34089088617555 13.20149007368521 -3.262544269847859e-16)
(-56.80666758201158 11.08776537638368 4.168008857793664e-13)
(-51.50250767739547 7.625475577733601 -2.633342240796814e-16)
(-42.89685377676486 2.67609603980808 3.489582200704332e-16)
(-30.64282995480579 -3.855918426986797 -4.345854334418478e-16)
(-14.70740831081865 -11.94828437571004 2.116693754724315e-13)
(4.512968906030244 -21.3637689678845 -2.617348385221937e-16)
(26.11067960377591 -31.55545107538829 -2.988438350196293e-17)
(48.64545255994307 -41.61496711212385 4.012392162782185e-13)
(70.21949269551575 -50.32469792423986 -2.178978298296354e-13)
(88.68998087693249 -56.37515186831337 -5.872776959845622e-16)
(102.0229395201011 -58.73676352367735 -4.107760404107664e-13)
(108.67903597007 -57.01593184851401 2.234809305137509e-13)
(107.8014453993879 -51.52337104324383 -2.258312772457298e-17)
(99.06818800216331 -43.00211840474157 6.785462324845207e-17)
(82.42394353907771 -32.40793482881478 4.235099893438057e-13)
(58.016253563582 -21.04073375459225 6.456144437477514e-18)
(26.28454151414856 -10.59080040803514 1.938634368747231e-17)
(-11.88773603463915 -2.842059103838672 -3.23229850153974e-17)
(-54.95759309014298 1.028731121625505 -9.685557859694139e-17)
(-100.6781925086987 1.074928045858243 4.236587059478722e-13)
(-146.3783937150679 -1.431744057371709 -4.207635367132045e-13)
(-189.3859678352042 -4.602672495902156 3.942150264664519e-16)
(-227.3312195255195 -6.662233902450193 2.181559349299888e-13)
(-258.2726131196019 -6.464540205953302 2.123171561199922e-13)
(-280.7478883057171 -3.723025666256021 -1.121701451728494e-13)
(-293.8399554179384 1.015528048913269 1.809807105746294e-16)
(-297.2611139313483 6.631336877787022 -4.380893401528108e-19)
(-291.4093006635755 11.88535656025648 6.463529352152905e-18)
(-277.3502022617522 15.94197858337236 5.492931058480295e-17)
(-256.6981029667469 18.76467253710714 1.057208258505609e-13)
(-231.3875961771729 21.20090839637039 -2.039097477546515e-13)
(-203.350063402336 24.6718195712834 1.356618940315651e-16)
(-174.1435846889416 30.53398821756764 2.843794817133931e-16)
(-144.6397873029076 39.35140213158842 2.185566109790346e-13)
(-114.9226913511434 50.43490520692843 8.399960262572288e-17)
(-84.52680437040628 61.94333302291535 3.425176211295973e-16)
(-52.96723672135369 71.52970486806019 4.23206281946319e-13)
(-18.4337589790359 77.16246498029874 2.003061435824292e-16)
(0 0 0)
(0 0 0)
(0 0 0)
(0 0 0)
(0 0 0)
(0 0 0)
(0 0 0)
(0 0 0)
(0 0 0)
(0 0 0)
(0 0 0)
(0 0 0)
(0 0 0)
(0 0 0)
(0 0 0)
(-9.247338732994761 -0.9851659065425679 -6.447129182504837e-14)
(-18.94697656487042 4.184171031363347 1.070546525776176e-14)
(-26.78441863308302 3.635378191044303 2.878523945256793e-16)
(-33.69313260871295 6.566485728149566 7.613468695762228e-17)
(-39.79030215396633 9.890520779574766 3.174636282088608e-16)
(-45.19432579312636 13.21956741204455 7.674036882764755e-17)
(-49.99529925870458 16.18307322530515 1.696353269737607e-16)
(-54.20133736534712 18.44699348238477 6.139234366334136e-16)
(-57.68614107660395 19.73075780265514 1.256206956297119e-16)
(-60.16498243719285 19.80554552445657 2.207308870205382e-16)
(-61.20680930350517 18.46512596571077 -5.34900872786393e-16)
(-60.27574304509037 15.48223062040505 -4.033996122638444e-13)
(-56.78986447108829 10.58087147338465 -3.465639090184988e-16)
(-50.19067263729669 3.454780586358676 2.118923524166203e-13)
(-40.02413069773075 -6.154472861541859 6.995381315694984e-16)
(-26.03537358407559 -18.32841246730221 1.082499232568111e-16)
(-8.27424259561209 -32.81783351576414 -8.079186550188051e-18)
(12.79484433533267 -48.89920702313641 -1.615846703486769e-18)
(36.18472989634726 -65.28199341750413 2.024797742963063e-17)
(60.2960354070433 -80.12385683920837 1.223797366589265e-16)
(82.91348150151788 -91.24215135534808 -4.878973589699119e-16)
(101.427860382127 -96.60978032967648 -2.151267257746239e-13)
(113.3790672001116 -95.07174036701838 -5.606349656553418e-16)
(117.0868742157989 -86.86847084102479 -4.187859686152309e-13)
(111.778309626361 -73.3991838041963 6.170863618573339e-16)
(97.05029085863609 -56.44110094070079 2.343989732479363e-13)
(72.55174036305419 -38.09992225205504 4.23587631324106e-13)
(38.36397840015082 -21.34922643945366 -4.234906260582718e-13)
(-4.273186528234356 -9.354612780984139 -5.299012958486454e-16)
(-52.52423157695695 -3.912322547370762 -1.111492549095417e-15)
(-102.4690206562139 -4.516637185409812 -4.24996339288461e-13)
(-150.2365031554669 -8.798593630899258 -3.424822608192218e-16)
(-192.8605558243869 -13.64521705137289 -3.877275530150375e-17)
(-228.481494987856 -16.21902480836125 3.942502167313463e-16)
(-256.1447166528126 -14.65675124910783 2.198845489849703e-13)
(-275.5192012103126 -8.477354562317611 3.941565352551288e-16)
(-286.6479386509099 1.345481737526948 -2.257929254239235e-17)
(-289.7342595420112 12.74745981507698 2.02175234122129e-18)
(-285.004097601673 23.35191442498232 2.786955804625446e-17)
(-272.7157187882378 31.42361344216388 -5.27763868884758e-14)
(-253.3302492395223 36.62836840562343 -7.431938415128591e-17)
(-227.7567152921769 40.27442262496324 1.054072777416628e-13)
(-197.5215740381223 44.88816982466784 1.911531460112683e-13)
(-164.70561048319 53.19160253880069 2.48837709997566e-16)
(-131.5524346306125 66.77791447096087 1.162744423136508e-16)
(-99.83055103643166 85.02658068033178 -2.120555017318755e-13)
(-70.29040488804191 104.9055904429626 2.156421149483588e-13)
(-42.63735895333973 121.9803767565823 2.261728752464569e-16)
(-14.60033842479979 132.1619415471552 -2.295716939980073e-13)
(0 0 0)
(0 0 0)
(0 0 0)
(0 0 0)
(0 0 0)
(0 0 0)
(0 0 0)
(0 0 0)
(0 0 0)
(0 0 0)
(0 0 0)
(0 0 0)
(0 0 0)
(0 0 0)
(0 0 0)
(-8.447502291301443 -0.7958421406322915 -4.209388142678892e-14)
(-16.92223109523198 5.777883859360367 7.262373878342153e-15)
(-23.78533735241733 5.995558417821933 -4.221040440319727e-13)
(-30.12521203469962 9.827935200048699 -4.225808492898984e-13)
(-36.07704545028832 13.88953209542348 -2.036617224821455e-13)
(-41.74704708331072 17.73077312348201 -4.095755728780656e-13)
(-47.18979506818678 20.94281060168474 2.341777269917933e-13)
(-52.35528337095639 23.19706561988534 1.943131366617006e-13)
(-57.05313036169296 24.26717858696415 5.686892383041092e-16)
(-60.96118569013183 24.0003567609016 -2.320005089198777e-13)
(-63.66420578926162 22.2382993564569 -2.143138743100498e-13)
(-64.69092207156336 18.72782448351293 -4.241611031060435e-13)
(-63.52995771045386 13.07457430799589 -5.24095868484309e-15)
(-59.63219811455418 4.77606395647991 9.103714002029822e-16)
(-52.42602301635183 -6.660224819065691 -2.229332567136942e-13)
(-41.37076898047443 -21.53592490796087 1.226247181094754e-15)
(-26.05782563002501 -39.75814010849817 -5.978918080899559e-17)
(-6.353480267453545 -60.65745591727814 -1.938735264948467e-17)
(17.42080273664562 -82.8608046603909 1.114857352858915e-16)
(44.25933474527776 -104.237989950272 2.145507220230161e-13)
(72.20405740500149 -121.9668794340714 -8.446477986415503e-17)
(98.19335055834533 -132.8762147287519 -2.165322614500984e-13)
(118.4203454986008 -134.3307480118305 -4.410633654995298e-16)
(129.4740019834337 -125.6094557353601 4.240333903011612e-13)
(129.4955579268772 -108.6806197372648 5.751878472566229e-16)
(117.723205128963 -86.89176696662174 -1.434304628163267e-14)
(93.10812808203114 -63.29243995470509 4.183659327815093e-13)
(55.02985092982006 -42.41176484210442 -4.167316849521137e-16)
(5.549167753600299 -28.52740221813065 -6.368697638546596e-15)
(-50.11961736715296 -23.14099377831444 -3.893632795400226e-13)
(-105.5644635646036 -24.67766156149322 -4.019844179835445e-13)
(-155.5069736096388 -29.82064016286769 4.180687792171044e-13)
(-196.8063990590924 -34.71057748959413 -4.199994689650338e-16)
(-228.3427537662942 -35.75636525328753 -5.171993381323405e-17)
(-250.530942896598 -30.44119670245655 1.745662245785844e-16)
(-264.745655308327 -18.08472947314512 -1.082442120644548e-16)
(-272.615141011159 -0.1594935825756964 -1.131133070272271e-17)
(-275.2546811956142 20.14589214744636 3.998531647646243e-17)
(-272.7331470044129 39.0535269142673 1.615382722681538e-18)
(-264.0737482743041 53.61255736037729 -5.295813890530328e-14)
(-247.8472937975738 62.87277784149314 -2.117921500881794e-13)
(-223.1277947890396 68.36665918565535 -2.089083402454477e-13)
(-190.4328835141478 73.68441825231531 4.007261063532708e-16)
(-152.2538400439582 83.18967745897854 -7.109745238887223e-17)
(-112.8048091512083 100.1482184196521 3.489253189560908e-16)
(-76.79501550055065 124.8262550438232 -1.421674217825196e-16)
(-47.5730083379481 153.4801981299642 2.260593688223666e-13)
(-25.71215934176569 179.2337440508231 8.444351280323404e-13)
(-8.249976709090662 194.9595428904141 8.31077448108993e-13)
(0 0 0)
(0 0 0)
(0 0 0)
(0 0 0)
(0 0 0)
(0 0 0)
(0 0 0)
(0 0 0)
(0 0 0)
(0 0 0)
(0 0 0)
(0 0 0)
(0 0 0)
(0 0 0)
(0 0 0)
(-6.834640788762815 -0.4738374881587606 -6.462246304856491e-14)
(-13.79777580008352 7.850804822143744 9.85500914673125e-15)
(-19.8099468774691 8.995965205571208 -4.096612643634147e-13)
(-25.79915893063448 13.66755525991099 4.099938113090335e-13)
(-31.8874642309733 18.19790408737194 -4.227082785797018e-13)
(-38.14104728921021 22.09356353130081 -3.215003409169199e-16)
(-44.52900676275431 24.96110041436467 -1.050076060550868e-16)
(-50.876969379648 26.58576992212387 -8.036733049139092e-15)
(-56.88284993479746 26.94060364652679 2.328606030603584e-13)
(-62.19386166866683 26.08581548109674 -2.229906040029564e-13)
(-66.47934158035916 24.00337911411165 1.95727681400867e-13)
(-69.43946809068362 20.45438142134382 2.12531692926079e-13)
(-70.74162499580373 14.9264295741659 1.984829420650265e-13)
(-69.92547176602848 6.692000063657109 1.927024045720824e-13)
(-66.33611957057656 -5.036975375457478 1.910787763915609e-13)
(-59.13328888892467 -20.88991453288955 -2.036528543131858e-13)
(-47.39577361461609 -41.09444543813161 -2.139102185725201e-13)
(-30.3078201998128 -65.25734898539847 -3.08552992747469e-16)
(-7.395804129190929 -92.21125069436789 2.328351027652402e-13)
(21.18996062130313 -119.9288683028405 8.40143260059178e-13)
(54.27525670783648 -145.4529328539529 2.1214276756924e-13)
(89.06399184247788 -164.8516005101717 -2.175683836660951e-13)
(120.6458262953048 -173.5928814093468 -7.924361759081956e-17)
(142.7370025677188 -168.2703908755723 2.219639038915153e-14)
(150.4959984239725 -149.8473434080659 -4.236035995372595e-13)
(142.4384707028864 -124.7270678813495 2.036351442933874e-13)
(117.0317425171147 -99.06568219862258 2.030437779833072e-13)
(73.12901605614384 -79.04999814980209 -6.590583633783444e-16)
(14.99758447847663 -67.87977916506621 -4.248058231559682e-13)
(-48.67449066931925 -64.37756682718963 -8.208150648220047e-13)
(-109.1486669993873 -65.74603963876979 1.419454766916889e-14)
(-160.2694191163432 -69.0091170618077 -4.241917688232066e-13)
(-198.7962809781836 -70.67899994207869 3.58811462333062e-16)
(-224.2121142505867 -66.86160724849998 6.447345591886992e-17)
(-238.4730808694775 -54.49480350203362 -2.22966331175132e-14)
(-245.237498034044 -32.77272326753487 -2.121459131085214e-13)
(-248.4173169636978 -3.713388664409958 -2.429143316395426e-17)
(-250.5212390042213 28.44178749540407 1.179360970759426e-16)
(-251.5374323354856 58.64629127852967 -1.343057026371932e-17)
(-248.8964677839106 82.74077527914295 -5.65461050046766e-17)
(-238.5761474001454 98.92228622702007 -1.591377525689577e-13)
(-216.9450749131422 108.5097303599163 -1.057207995633536e-13)
(-182.6985557990698 115.6490670926963 -2.117470834482256e-13)
(-138.2418103220908 125.958643677867 4.17512934239637e-13)
(-89.91585722123459 144.4430995676013 8.288043409413206e-13)
(-46.49857160382939 173.1030372942021 6.396593652403656e-13)
(-15.88291591043639 208.8754296651596 -1.776828443485152e-16)
(-1.15969811874401 243.201623602987 1.057673158246174e-12)
(1.128240586060445 265.1115409812747 6.432556913900948e-13)
(0 0 0)
(0 0 0)
(0 0 0)
(0 0 0)
(0 0 0)
(0 0 0)
(0 0 0)
(0 0 0)
(0 0 0)
(0 0 0)
(0 0 0)
(0 0 0)
(0 0 0)
(0 0 0)
(0 0 0)
(-4.131655629501253 0.03212825058048097 3.34412444740285e-13)
(-9.32865332078573 10.43360454425345 1.462069916053516e-14)
(-14.83378880091616 12.69456913136623 4.198313920664732e-13)
(-20.92327315137751 18.06806735045421 4.232624200609636e-13)
(-27.65103717875791 22.66656791672578 2.015804466668836e-13)
(-34.98385075933356 25.97507157225422 -2.20237644519981e-13)
(-42.69758867801082 27.71758539099248 2.641510493338065e-16)
(-50.37578013828089 27.97661848315543 6.31691099593773e-16)
(-57.55308480263155 27.11450419956329 2.221690735457599e-13)
(-63.89841022346111 25.52390413334102 -2.054708154538977e-13)
(-69.2956398486846 23.35937090814917 -9.094183671101171e-15)
(-73.76787160847718 20.3789727885039 -3.210959427945746e-16)
(-77.29233906474688 15.93143932100813 1.300560681600011e-16)
(-79.59560306397341 9.057359886576609 -1.921821799942477e-13)
(-80.00793762043416 -1.338435156627307 2.583709009623196e-17)
(-77.42823905923474 -16.26769726797158 -2.105998544602826e-13)
(-70.42526010303997 -36.40525297642986 2.262062797409931e-17)
(-57.47028553752818 -61.82814944332269 -9.691251102452852e-18)
(-37.25071656292499 -91.80552569324941 2.117646149479284e-13)
(-8.9823474341548 -124.6973055503719 4.161397901507488e-13)
(27.28132515428305 -157.9195091549121 3.231190143204034e-13)
(70.05340197794084 -187.7407141913422 3.027350637889571e-16)
(115.0015552508117 -208.7128622262749 3.356389137791967e-16)
(153.2195402418395 -213.6700020485186 -2.096451602172848e-13)
(173.0388809640858 -197.7941388239754 -2.101450868271202e-13)
(168.5048663845936 -168.9500908813741 -3.691665797763572e-16)
(138.7851978547117 -147.5586998982738 4.211093421722118e-13)
(86.21575391175185 -138.6907055840726 4.190816698128373e-13)
(20.22159921406458 -137.3473019088553 2.101121075523714e-13)
(-47.98587773331947 -136.4096407709766 -3.550951190529907e-15)
(-110.1960138311708 -133.9397300072038 -2.118017884371553e-14)
(-160.4399340051858 -129.9821620165148 4.235973104687738e-13)
(-194.6588893606649 -122.7927950287377 4.039646810596083e-13)
(-212.1585573881927 -108.8040733099251 2.69220607765912e-16)
(-216.4420590653027 -84.95967852022778 -4.023193350041268e-13)
(-213.964240600441 -50.78413447113418 -3.667697574675657e-16)
(-211.4006302076671 -8.794798196815352 2.007589480555517e-13)
(-212.8950012299354 36.44216065197569 2.091405984299482e-13)
(-218.4341593471873 79.67761578707058 -1.885187757673052e-16)
(-223.7977535331248 116.3277143478555 -6.682882405748396e-15)
(-222.0783387190371 143.8018231284909 -2.6466628897447e-13)
(-206.4010139964167 162.5233972454635 -2.111775012501121e-13)
(-172.9839702970703 175.9514158969723 5.187828949047911e-13)
(-123.4598076226329 189.3569698206103 5.234132001426142e-13)
(-65.66041580337391 208.055196114672 7.347967048720716e-13)
(-12.36268568430407 235.6670804107113 6.3561389101351e-13)
(22.5255780065205 272.0049661600019 -2.114335080316184e-13)
(30.52194627318089 310.3188326156472 -1.269528373933961e-12)
(13.66296261582526 337.257733633301 -1.375979395523329e-12)
(0 0 0)
(0 0 0)
(0 0 0)
(0 0 0)
(0 0 0)
(0 0 0)
(0 0 0)
(0 0 0)
(0 0 0)
(0 0 0)
(0 0 0)
(0 0 0)
(0 0 0)
(0 0 0)
(0 0 0)
(-0.01222930230527987 0.7982201499156849 -2.902598949407801e-13)
(-3.261909026728605 13.55130321567208 1.432747126715924e-14)
(-8.892479012753645 17.14259598614478 -1.219384822328137e-16)
(-15.82716014423199 22.97407489490645 1.897222450517038e-13)
(-23.98046000967395 27.0375519569172 2.019475815714948e-13)
(-33.09002981745903 28.85157502584193 -2.120191594469848e-13)
(-42.52745984968347 28.48853821206331 -2.098098429304476e-13)
(-51.48005057049436 26.62712132097554 2.13095132027419e-13)
(-59.33556428562391 24.20916968578581 1.263412506180571e-15)
(-65.94899496115843 21.97456360915542 -1.894845534934075e-13)
(-71.62427292485357 20.15590565181538 -2.102387997814283e-13)
(-76.86739967437126 18.41306176744559 7.23391853322928e-16)
(-82.06323789365511 15.92897879830411 -4.353988965036478e-16)
(-87.19534624100918 11.55946092225401 -2.148749037191172e-16)
(-91.6611767303589 3.981558407902832 -1.08637786463805e-20)
(-94.20010672364609 -8.151934031412718 1.647978036179451e-16)
(-92.95622581061559 -26.01018550872962 3.230731532407619e-17)
(-85.70809293406199 -50.30431096097762 -2.58506595960201e-17)
(-70.26496024323586 -80.96455184984619 -1.695287728243993e-16)
(-44.92402282259395 -116.9049150078428 1.971042821650475e-16)
(-8.768151963241275 -156.0319717322925 5.097053656186234e-16)
(38.27063865505873 -195.4184949100633 -1.018298820113609e-16)
(94.71653839470628 -230.9085805920692 -7.240002311625771e-17)
(153.6557264132721 -254.8420913058033 4.602151428183144e-16)
(195.2159100377324 -253.2274908553169 2.549670915817265e-16)
(192.673909717296 -216.6202518878454 2.61736482728376e-16)
(147.2911282099813 -211.8832879194727 -4.260837410466005e-13)
(83.34041465126604 -230.8991366931254 -8.543560130898291e-13)
(17.27864968993457 -246.030364143399 -4.365265586906536e-13)
(-45.26691885392874 -245.6457405342396 -4.267668433094475e-13)
(-102.7211881328377 -233.5496887142357 -4.247441053887481e-13)
(-149.122484026662 -214.6560795384553 -7.024267012651683e-16)
(-177.6181923247299 -189.8155171554366 -2.052197794439936e-13)
(-186.3789980141626 -157.4312056880182 -4.476114113947552e-13)
(-180.453142342557 -116.3999094472401 -2.142810540264684e-13)
(-169.0726178932098 -67.70002178387368 -2.128189008045025e-13)
(-161.1910218170282 -13.88535287478598 -4.068994677349057e-16)
(-162.0488248124957 42.03446124271176 1.582524116753698e-13)
(-171.6518784043982 97.05380064769898 4.765464088636928e-17)
(-184.7722603416836 148.1598441119777 -7.108369648942844e-17)
(-192.3804646401929 192.6717308104414 -3.036443427491112e-13)
(-184.7954822955158 229.2149623623062 1.148621638206718e-13)
(-155.8649834543471 258.3409752535008 9.101523783067154e-13)
(-106.1380302684063 281.8366093763821 5.279557453963592e-13)
(-43.60574677261465 301.8494845018026 6.46157231869502e-13)
(17.45119823915807 321.2988917216012 1.271626517277928e-12)
(58.76883633717166 344.0128753320087 6.225271859910013e-13)
(64.09084070782566 371.6834890783331 4.384578344570708e-13)
(28.06997627968859 397.02663960998 2.144659257453749e-13)
(0 0 0)
(0 0 0)
(0 0 0)
(0 0 0)
(0 0 0)
(0 0 0)
(0 0 0)
(0 0 0)
(0 0 0)
(0 0 0)
(0 0 0)
(0 0 0)
(0 0 0)
(0 0 0)
(0 0 0)
(5.905994431162805 1.911002354176319 -6.363585165843226e-14)
(4.644856201790515 17.18609958725347 6.476946564739124e-13)
(-2.110049886875907 22.37899484224474 1.490293116920765e-15)
(-11.02831718113316 28.25582694563719 1.226634530105806e-15)
(-21.77353705022014 30.81063258062252 4.232240520476365e-13)
(-33.5328645012225 29.83611683088839 2.119698765764246e-13)
(-44.92204237856549 26.26335547506288 -2.079365707699372e-13)
(-54.65514866469063 21.75443271799912 -4.22380729141205e-13)
(-62.20564251704617 17.86969133658963 1.992641232784224e-13)
(-67.95167425851545 15.47784241949723 -3.667230695951801e-16)
(-72.85714168973068 14.63335095207146 2.286535332667724e-13)
(-77.99479845979461 14.75697271875798 6.223124524745276e-13)
(-84.14593990878369 14.87649372488032 2.029128987002208e-13)
(-91.54302344636875 13.78905294911872 4.694894055258833e-15)
(-99.71933257213989 10.12718596866825 1.243991564353257e-16)
(-107.4199829873215 2.384019228408395 4.524172568346895e-17)
(-112.5776370519702 -11.01311191224257 -2.117663149628248e-13)
(-112.4246518976299 -31.48452727691573 -1.857709057963685e-16)
(-103.8513206161724 -59.88185152051823 -2.023345686749025e-13)
(-84.04976730629043 -95.95769544179979 1.453122297192873e-16)
(-51.23225472505066 -138.0312546204462 -2.080876023683758e-13)
(-4.8232068834143 -183.2906946837745 -2.132243435539209e-13)
(55.57795871441648 -228.8056004331306 -5.188726183756201e-13)
(130.900629901562 -271.8199473835859 -5.361966969774099e-13)
(211.260723046028 -305.359390438548 3.151629581628058e-16)
(192.1727606893156 -268.6649930951032 3.939943591516957e-13)
(100.2786278185207 -294.1697622261779 -4.277844009553716e-13)
(10.41707226271738 -356.3200135572811 -6.634953105728153e-13)
(-57.010967585031 -385.4072676290047 -2.152120365486171e-13)
(-121.3585772756697 -383.3031918426453 1.27272636700611e-15)
(-187.4503075722221 -358.117033130957 4.018048177939495e-13)
(-244.7638901804765 -316.3341582770805 8.766787310929883e-14)
(-280.985783623253 -262.4629166297391 -1.182210088371995e-12)
(-292.7911967223977 -201.3429508982494 -9.354991389579817e-13)
(-286.8712327416694 -137.9129738494705 -1.864046027951931e-13)
(-274.6348794439953 -75.95442382864761 -2.162203432277176e-13)
(-265.9263742479441 -16.48482379873491 -9.463073795259498e-14)
(-265.9325377123279 42.13645257876263 5.719686757737374e-15)
(-274.6320859578503 102.5741569080859 -9.481733497444777e-14)
(-286.8743913307155 166.5070318426959 1.181891593891152e-14)
(-292.9745895999523 232.9468419016246 1.298253912523731e-14)
(-281.5158933706655 297.9663173052115 4.833087931481029e-13)
(-244.8690771737306 355.9104347682018 5.582268127965407e-13)
(-183.646110241272 400.6171255738043 -6.302488302959718e-14)
(-106.1930772893812 426.4776950071446 6.888487855483949e-13)
(-25.79566067291336 431.7878397300514 2.212144293315227e-12)
(39.8742325717342 421.2139119925478 1.592029176888134e-12)
(67.38275393197819 409.769396757916 1.410043248903514e-12)
(37.99542469014017 410.7006164072682 1.4593467737399e-12)
(0 0 0)
(0 0 0)
(0 0 0)
(0 0 0)
(0 0 0)
(0 0 0)
(0 0 0)
(0 0 0)
(0 0 0)
(0 0 0)
(0 0 0)
(0 0 0)
(0 0 0)
(0 0 0)
(0 0 0)
(14.04868686718677 3.395193611941036 1.381003493249344e-13)
(14.62550857514035 21.25767423081571 -3.891734142150007e-13)
(5.272415793249899 28.48611223396542 4.018929319560537e-13)
(-7.395522407079805 33.59273901108575 -2.618219970141835e-14)
(-22.40017012656908 32.93635793144885 1.040433436286375e-15)
(-37.63730691226178 27.44102797058038 -2.993674923805506e-16)
(-50.60914395916694 19.77309703187904 4.23319382958459e-13)
(-59.87371471146385 12.77997620223198 -3.554343476619053e-16)
(-65.61215458830866 8.246666367231304 2.04383895807342e-13)
(-69.18533534641914 6.639652286126362 -2.004883095760061e-13)
(-72.34514262501959 7.496774327814111 -2.063011891135807e-13)
(-76.62425690351016 9.921338854206162 1.282572313344467e-15)
(-83.03115766530982 12.89054451724656 -4.257334598124148e-13)
(-91.94465399478746 15.34158531260049 -9.189444264708099e-15)
(-103.0662104381466 16.10899465546656 -2.117824838586909e-13)
(-115.3404045955622 13.80177682812018 -1.893338996552679e-13)
(-126.8247723266348 6.708040966214438 2.117727494755932e-13)
(-134.5768325638485 -7.157781660045031 -6.2980624046743e-17)
(-134.7381284204324 -29.7081533569562 1.056884338908687e-13)
(-123.0734259123745 -62.01625166700039 2.021471820083826e-13)
(-96.10115118670063 -103.2746991037389 -3.173481841623637e-13)
(-52.50370713216206 -150.1179193489646 -5.294214897245607e-13)
(6.18728586793958 -197.1687621316837 -3.192465465489285e-13)
(77.10193738188597 -238.4633435840889 -4.216403246136893e-13)
(164.1374442784356 -249.9217469142943 -1.38021842331139e-14)
(216.0792628294813 -269.7819546098899 -1.014630049805324e-13)
(77.29006866232382 -277.3471397083625 -3.629466535581822e-13)
(8.450665509909536 -345.3845666196797 2.718715433949378e-14)
(20.33635699642507 -356.7413689685004 -1.071239642498837e-13)
(31.27963909211455 -356.494825921286 -1.323982559180447e-14)
(31.42180547654601 -333.1856629314669 9.525732678283517e-15)
(29.19049864544708 -287.4428295769754 -3.257250034961123e-13)
(30.19454485566622 -226.9742207681919 -6.41751845604219e-13)
(35.44658997532259 -162.2969727937946 -3.992003508240801e-13)
(42.49892585432383 -102.8038055436588 -6.245243931048076e-16)
(48.59433792328736 -52.9703690524489 6.740869059413301e-14)
(52.05559817462763 -11.31278285324997 6.34988457631634e-14)
(52.02847737132114 27.42883502824196 -5.343927316554532e-14)
(48.5293522340553 69.6172041084769 5.519971651209392e-14)
(42.4077456813698 120.5101757082583 -4.053148061936938e-14)
(35.30014647636862 181.648083918337 -1.555072854836492e-13)
(29.74848082442703 248.7996208692427 3.586312582013337e-14)
(28.10558556067544 312.5749441206424 -1.368248969010149e-13)
(30.22197895155488 361.9008025731201 -2.679766104814971e-13)
(34.35253871648673 386.6581374622649 6.633096657870384e-14)
(38.54482198221172 382.5300660388774 6.675246342985902e-13)
(43.68100405024595 350.2136667706417 6.712863501873248e-13)
(53.28677230892308 306.906391165033 -1.891568262710861e-13)
(27.02019750421775 273.7411235532848 -6.991416277433092e-14)
(0 0 0)
(0 0 0)
(0 0 0)
(0 0 0)
(0 0 0)
(0 0 0)
(0 0 0)
(0 0 0)
(0 0 0)
(0 0 0)
(0 0 0)
(0 0 0)
(0 0 0)
(0 0 0)
(0 0 0)
(24.87576659904825 5.149979820139905 -7.132175137813134e-14)
(27.02664010219172 25.88457287575766 2.200268205223143e-14)
(12.76532506269825 35.71365049089343 4.388676176766911e-13)
(-6.578071486514603 38.02270617585299 3.903535778430813e-13)
(-27.92524808089053 31.24089131282025 1.069963338635278e-15)
(-46.69612539005416 19.46544547345171 2.09389012738554e-13)
(-59.58309414659882 7.869524681427546 2.106422767729594e-13)
(-66.1815793360288 -0.1661632606913414 -2.90405138171205e-16)
(-68.34596644018616 -3.682981083656079 -4.249000726344596e-16)
(-68.70156629951238 -3.295767144701434 -9.952077148590716e-16)
(-69.57545512305582 -0.1602272890446783 4.387889140857285e-13)
(-72.60102827411632 4.633588522996741 2.119785677834252e-13)
(-78.7256934538956 10.23013603613009 -2.920167470620354e-16)
(-88.32457331147727 15.92407633428769 -4.523782560542632e-16)
(-101.2591410467043 20.97384276609139 2.681984018954689e-16)
(-116.8209366552373 24.38467447157834 1.959077366029167e-13)
(-133.5371955321413 24.69014746742191 1.728739942748587e-16)
(-148.8408462235926 19.78685170070404 -5.331941073600218e-17)
(-158.7097906465096 6.992157381176583 1.058920597439089e-13)
(-157.616313055693 -16.32753064335015 1.680117588446183e-16)
(-139.333922377027 -51.16656932324796 -5.829678814928394e-14)
(-98.71726990843922 -94.38830252907967 -2.146113026951959e-13)
(-32.76746587284396 -136.3323745187851 1.590417294166006e-13)
(61.58977442122587 -159.9036927267968 1.853602585240364e-13)
(188.6927965372989 -119.7078378907899 -1.085981641914633e-14)
(230.5887824999448 -93.22558485402158 -2.604338873931548e-13)
(0 0 0)
(0 0 0)
(0 0 0)
(0 0 0)
(0 0 0)
(0 0 0)
(0 0 0)
(0 0 0)
(0 0 0)
(0 0 0)
(0 0 0)
(0 0 0)
(0 0 0)
(0 0 0)
(0 0 0)
(0 0 0)
(0 0 0)
(0 0 0)
(0 0 0)
(0 0 0)
(0 0 0)
(0 0 0)
(0 0 0)
(0 0 0)
(0 0 0)
(0 0 0)
(0 0 0)
(0 0 0)
(0 0 0)
(0 0 0)
(0 0 0)
(0 0 0)
(0 0 0)
(0 0 0)
(0 0 0)
(0 0 0)
(0 0 0)
(0 0 0)
(39.06233851965268 7.472626563634647 -6.573169565801155e-14)
(42.53381894459932 32.41556321706919 4.517372486646655e-14)
(18.88342620313961 44.16162169002122 8.467774087841635e-13)
(-11.86828158411941 38.65617481827952 1.213646012014307e-15)
(-40.95743081453432 21.83196468755181 9.316516348338323e-16)
(-61.00867353737388 3.558146103508458 3.837817033149342e-13)
(-70.2407527020745 -9.499340616633733 2.135495870327155e-13)
(-71.42622049170268 -15.60280493039815 1.396747240187907e-16)
(-68.74175847943856 -15.98692595150894 -8.885853497814533e-17)
(-65.66258154875732 -12.63282232551582 -1.415546842603355e-16)
(-64.41578695971326 -7.114161202732314 -2.118423611063334e-13)
(-66.23389358093965 -0.3496919845898645 7.17844188526923e-15)
(-71.7406698566859 7.23167266690943 -2.621241547656716e-16)
(-81.20094726777639 15.43158338988891 -9.855074239868255e-17)
(-94.60561230516814 24.04381272565729 2.100233183184271e-17)
(-111.6240998820583 32.64145370655945 1.946566362071901e-16)
(-131.4225950626431 40.35264448291809 -4.846747319491274e-17)
(-152.274822656285 45.58733457931596 -1.059534397301744e-13)
(-170.8525107653211 45.75700132216554 -2.116742023831391e-13)
(-181.2321526166323 37.30662467601629 3.714154747042083e-17)
(-174.1619231275373 16.90163341617941 1.535375433928639e-17)
(-137.6695124270018 -15.13559876261674 -5.282241388285082e-14)
(-59.32810443070176 -49.61010964774939 1.727862090562156e-13)
(70.49687552135524 -66.50373782226347 1.852157440403294e-13)
(249.2539207568834 -4.43145437208986 4.961119708468782e-14)
(301.5777400758127 -6.07241304466273 1.81401493045189e-14)
(0 0 0)
(0 0 0)
(0 0 0)
(0 0 0)
(0 0 0)
(0 0 0)
(0 0 0)
(0 0 0)
(0 0 0)
(0 0 0)
(0 0 0)
(0 0 0)
(0 0 0)
(0 0 0)
(0 0 0)
(0 0 0)
(0 0 0)
(0 0 0)
(0 0 0)
(0 0 0)
(0 0 0)
(0 0 0)
(0 0 0)
(0 0 0)
(0 0 0)
(0 0 0)
(0 0 0)
(0 0 0)
(0 0 0)
(0 0 0)
(0 0 0)
(0 0 0)
(0 0 0)
(0 0 0)
(0 0 0)
(0 0 0)
(0 0 0)
(0 0 0)
(58.30340075543859 13.52298978609744 -4.372040996214051e-14)
(61.47253168826892 44.55975364592937 6.10225254649619e-15)
(18.68460202527504 51.16401640090703 -8.194927943673657e-17)
(-28.90772847794772 28.54766169294797 4.860466244725888e-18)
(-63.02327678509375 -0.22551758412898 1.888554687607752e-16)
(-78.02743070317979 -20.79691759765971 7.774425390437018e-16)
(-78.74404520239037 -29.91565549354585 2.435447071563878e-16)
(-72.66916468260604 -30.42813401103077 -5.210256782013716e-17)
(-65.3759838250439 -26.15143108391623 4.232910985515669e-13)
(-59.82880154832679 -19.7133031879548 -3.806911284879157e-16)
(-57.29232478610869 -12.36462106411187 -5.599774825144695e-16)
(-58.2551944053835 -4.430439455193604 -2.342304224827246e-13)
(-62.94441808067319 4.238986694050933 4.188409522021048e-13)
(-71.5124332550056 13.96468715981679 -5.472836258654145e-16)
(-84.04927073445239 25.05000663666839 -2.423375257965008e-18)
(-100.5121049040893 37.64604788688398 -1.817603200230672e-16)
(-120.5913146468176 51.62032678148334 7.754353873315224e-17)
(-143.436489338502 66.36408654788944 5.631920037004624e-15)
(-166.9905005399339 80.42849307996308 -1.048443718747524e-13)
(-186.4716809973429 90.91306854983651 1.340961423811204e-16)
(-191.776145787848 92.99113216120676 -1.28717577585544e-17)
(-165.2290128988836 81.1590839624361 -5.303165498183327e-14)
(-84.13560461376649 54.4938094771195 -3.706059958299825e-13)
(65.86798990513201 23.96574129106597 -2.250735058463304e-13)
(266.0824001908757 70.20570768329046 5.590722767741195e-14)
(303.4677337199154 -17.14212752236915 -1.880278060395128e-13)
(0 0 0)
(0 0 0)
(0 0 0)
(0 0 0)
(0 0 0)
(0 0 0)
(0 0 0)
(0 0 0)
(0 0 0)
(0 0 0)
(0 0 0)
(0 0 0)
(0 0 0)
(0 0 0)
(0 0 0)
(0 0 0)
(0 0 0)
(0 0 0)
(0 0 0)
(0 0 0)
(0 0 0)
(0 0 0)
(0 0 0)
(0 0 0)
(0 0 0)
(0 0 0)
(0 0 0)
(0 0 0)
(0 0 0)
(0 0 0)
(0 0 0)
(0 0 0)
(0 0 0)
(0 0 0)
(0 0 0)
(0 0 0)
(0 0 0)
(0 0 0)
(86.51775609394039 33.04467956894235 -2.966628024219422e-14)
(78.63121152444282 63.34228539093207 4.496387573824399e-15)
(-0.2833454343758793 44.1422912748722 -1.695905718084572e-16)
(-63.2578155635404 -3.326563095002944 -1.209578555493647e-15)
(-90.30201010356507 -36.62295304539669 5.004101398766407e-16)
(-90.69881146623784 -49.13522997345135 1.054015854421995e-16)
(-79.87196912469076 -47.93025523861721 -4.008915141800004e-16)
(-67.66199607163131 -40.73494655740539 -1.021869612390318e-16)
(-58.02692764987582 -32.01849520143266 -2.526364775315811e-16)
(-51.87577153344687 -23.49639829938061 4.228417654284016e-13)
(-49.1329232282343 -15.3835841257143 -2.983977249700879e-16)
(-49.6302858221491 -7.247814289212529 -5.673309586295074e-17)
(-53.34554324138792 1.571333408429639 -4.109674892484956e-16)
(-60.38992732601507 11.78736877949754 -6.099552299626324e-17)
(-70.92425158109766 24.08998433914594 -1.526662984314953e-16)
(-85.05377974307179 39.09674342096176 -2.196131833172054e-13)
(-102.7045564091935 57.31474622343792 -1.817509639373195e-16)
(-123.466656346965 79.1024595584723 8.159159404988998e-17)
(-146.3035287479992 104.5342565680735 1.17074277527781e-13)
(-168.6695134709001 132.7804928098983 -1.537870778999558e-17)
(-183.9159076363038 160.2238206301555 -2.759840880516149e-16)
(-176.166834949095 177.135264923629 -1.013579736001281e-13)
(-116.5214467757953 166.7038450992377 -3.19482459532712e-13)
(24.9623651758816 116.471775041438 -2.124520894666082e-13)
(238.374521263968 128.6352937688992 5.335313362265547e-14)
(292.9038820607373 -41.64480948464885 4.328980780671428e-15)
(0 0 0)
(0 0 0)
(0 0 0)
(0 0 0)
(0 0 0)
(0 0 0)
(0 0 0)
(0 0 0)
(0 0 0)
(0 0 0)
(0 0 0)
(0 0 0)
(0 0 0)
(0 0 0)
(0 0 0)
(0 0 0)
(0 0 0)
(0 0 0)
(0 0 0)
(0 0 0)
(0 0 0)
(0 0 0)
(0 0 0)
(0 0 0)
(0 0 0)
(0 0 0)
(0 0 0)
(0 0 0)
(0 0 0)
(0 0 0)
(0 0 0)
(0 0 0)
(0 0 0)
(0 0 0)
(0 0 0)
(0 0 0)
(0 0 0)
(0 0 0)
(127.5862448151968 73.43433064777477 -2.263351921201898e-14)
(70.55003846418127 62.69986514177253 3.912362483734315e-15)
(-55.59349394091882 -5.054254086722739 4.223560619179691e-13)
(-109.672972754852 -62.20791646119611 4.579657275986824e-13)
(-108.8319436601858 -77.89919512189371 6.447957651829382e-13)
(-89.33473289998864 -70.83676870509365 2.144627978669928e-16)
(-70.34376178918106 -57.05737471916648 4.157279723329594e-13)
(-56.7574046435784 -43.73901916617505 -4.389967341432954e-16)
(-48.1374355736733 -32.74824548341164 -9.956075627168301e-17)
(-43.19389047385816 -23.82378776895496 -1.975049851987386e-16)
(-41.04374077455768 -16.09673614844196 -7.321503792349127e-17)
(-41.30027686927949 -8.618347127590622 1.415634855155947e-16)
(-43.9092350107412 -0.4700787915537383 4.070714248884281e-13)
(-48.99378232428262 9.250820644130631 1.300314706011887e-16)
(-56.73989609446871 21.45376403343672 2.936461739109807e-16)
(-67.28734302371485 37.05659646182538 4.040967211593669e-13)
(-80.5855985184423 56.97323872301447 2.867501458060546e-16)
(-96.21697901344949 82.11081852141263 9.693862797939622e-18)
(-113.3124672977428 113.403269886255 -8.020128246606148e-18)
(-130.7821169677413 151.7599280053228 -1.865998779234403e-16)
(-147.4213737011176 197.0404242375379 1.152769854988916e-13)
(-158.7489883168149 243.4522579662121 -1.62050224360505e-16)
(-144.7990941078295 269.0375703561292 9.380068010522328e-18)
(-56.02328664379137 229.8986618259352 4.974104565730499e-17)
(154.3377736405183 205.5293136239593 1.069242762053917e-13)
(262.1259271502606 -84.65827447297758 -1.026455265875462e-13)
(0 0 0)
(0 0 0)
(0 0 0)
(0 0 0)
(0 0 0)
(0 0 0)
(0 0 0)
(0 0 0)
(0 0 0)
(0 0 0)
(0 0 0)
(0 0 0)
(0 0 0)
(0 0 0)
(0 0 0)
(0 0 0)
(0 0 0)
(0 0 0)
(0 0 0)
(0 0 0)
(0 0 0)
(0 0 0)
(0 0 0)
(0 0 0)
(0 0 0)
(0 0 0)
(0 0 0)
(0 0 0)
(0 0 0)
(0 0 0)
(0 0 0)
(0 0 0)
(0 0 0)
(0 0 0)
(0 0 0)
(0 0 0)
(0 0 0)
(0 0 0)
(154.8191643550142 86.75489075684386 -6.452121500794257e-14)
(-7.887481437730484 -42.24233590547692 6.847717061629921e-15)
(-139.9071460142476 -115.1979052184076 4.233948889107922e-13)
(-136.1027564383793 -124.8183175724969 4.223997735546853e-13)
(-98.93086236925659 -100.9192463056114 6.358944717337844e-13)
(-69.85699111102068 -74.56938029995597 -2.338438102730237e-13)
(-52.77421959838777 -53.99214886152087 -4.358976276581022e-16)
(-43.35286684596583 -39.33026186395092 -3.359718102430587e-16)
(-38.11169625397311 -28.93294755512688 -4.124875225656875e-17)
(-35.22426219671794 -21.13583311080131 -3.983465218222873e-17)
(-33.92748258451315 -14.63571766361801 2.403181521362617e-17)
(-34.00362846305244 -8.420063367382669 4.640822108586941e-16)
(-35.47637546770066 -1.601269453529107 6.351032623539599e-13)
(-38.46608450109322 6.705580743547034 -7.633642365339565e-17)
(-43.11847576253466 17.44135327753438 3.190780283006394e-17)
(-49.53430505666956 31.61622270879539 2.714164195875988e-16)
(-57.65033435736854 50.28535329013116 4.200583695358254e-17)
(-67.03662519941109 74.4710574480743 3.029229241833759e-18)
(-76.65441929734345 105.0375161133016 -7.472300253062569e-18)
(-85.0323591733836 142.7304391749382 -8.320210753420516e-17)
(-92.22357782607963 188.9241346370111 2.186784896564647e-14)
(-104.1696889973442 246.4455005794943 -2.083383889501837e-13)
(-130.075042869026 312.801426139006 1.059194846658308e-16)
(-144.640741695982 348.6136655640638 -7.24197811788357e-17)
(-21.42107545487058 368.139509056423 1.105790904714262e-13)
(183.9866171278929 -114.1348887830201 -4.286515619992788e-15)
(0 0 0)
(0 0 0)
(0 0 0)
(0 0 0)
(0 0 0)
(0 0 0)
(0 0 0)
(0 0 0)
(0 0 0)
(0 0 0)
(0 0 0)
(0 0 0)
(0 0 0)
(0 0 0)
(0 0 0)
(0 0 0)
(0 0 0)
(0 0 0)
(0 0 0)
(0 0 0)
(0 0 0)
(0 0 0)
(0 0 0)
(0 0 0)
(0 0 0)
(0 0 0)
(0 0 0)
(0 0 0)
(0 0 0)
(0 0 0)
(0 0 0)
(0 0 0)
(0 0 0)
(0 0 0)
(0 0 0)
(0 0 0)
(0 0 0)
(0 0 0)
(147.4683266386975 -88.60262970929145 3.692910829061302e-13)
(-318.6589040391831 -320.5657324164667 -9.073212871039367e-14)
(-324.0056069546398 -211.9783741744631 4.236334512881824e-13)
(-255.6665902494526 -133.1501245045571 -2.288694537021496e-15)
(-219.2444472593678 -85.75627930581662 -9.390407649258019e-16)
(-203.6161122648663 -57.97551753093686 4.174750718812148e-13)
(-196.789368787814 -40.67484571879175 -3.512141058588785e-15)
(-193.7481158666114 -29.42365726384044 -4.185091880251848e-13)
(-192.2636190750092 -21.69404743892803 -1.278188630878795e-14)
(-191.4066379295506 -15.91286235223004 -2.089746661399118e-14)
(-190.9587263654141 -11.10113506512292 -7.837693581177212e-15)
(-190.9603102926723 -6.550923255977368 -4.153049844019767e-13)
(-191.4926934753021 -1.612097147923683 3.767938143733179e-16)
(-192.6287990157522 4.404900871740169 4.089085193472076e-17)
(-194.4272901230594 12.26232803853291 1.303784753668007e-17)
(-196.9067006050539 22.79696721897725 2.475637490799772e-17)
(-199.9936585077882 36.88892723136626 1.963241965211465e-17)
(-203.4491631760711 55.36169039589068 1.081778858500551e-16)
(-206.6698960089548 78.72306884913527 -7.439017475312977e-16)
(-208.0541524557767 106.7011992142209 -4.61612809557212e-15)
(-204.3581833043145 138.2969185016195 -1.389526993643275e-14)
(-195.2464867684345 175.530572132866 -7.379178476558457e-15)
(-203.6980238217936 233.9772018860859 2.553384290293167e-15)
(-291.7470079499336 342.2196601783062 1.763700445615184e-15)
(-420.5099414050266 595.2572418501666 2.396970127992236e-13)
(49.62354734314516 84.26680458397023 -7.976346068605462e-14)
(0 0 0)
(0 0 0)
(0 0 0)
(0 0 0)
(0 0 0)
(0 0 0)
(-288.1340832383401 383.6156544451337 -3.602836729983311e-13)
(-47.62500751779801 139.0746004560377 3.080878158378143e-13)
(137.2816217667001 88.24354179956715 -1.441415100754081e-14)
(113.91584230131 45.63426996256138 -6.982739594171212e-15)
(77.14085704375546 22.73418756188618 -1.286308043210034e-13)
(75.58233891820294 -4.762430006449199 6.799233727048367e-14)
(107.5269046273696 -32.74599309868373 3.022189292724549e-13)
(126.7150284828732 -85.35697522859682 -6.677284022650767e-14)
(-48.29284076284711 -146.5924258055454 -5.489264127082959e-13)
(-291.8338216879467 -398.2018497218409 8.305064957228993e-13)
(0 0 0)
(0 0 0)
(0 0 0)
(0 0 0)
(0 0 0)
(0 0 0)
(0 0 0)
(0 0 0)
(0 0 0)
(0 0 0)
(0 0 0)
(0 0 0)
(0 0 0)
(0 0 0)
(0 0 0)
(0 0 0)
(0 0 0)
(0 0 0)
(0 0 0)
(0 0 0)
(0 0 0)
(0 0 0)
(-196.3280201542121 -266.5474215322009 5.084904811049157e-13)
(23.31240874680672 -192.9445052591859 -4.460738296254587e-14)
(96.14426202080547 -121.6781831409715 3.463451159024277e-15)
(75.63282946501226 -66.42846440070217 1.772826511077645e-14)
(64.64092630057468 -40.938397815122 -1.277508749746213e-14)
(64.9355548057855 -27.56787240242159 1.233436303895917e-13)
(66.17122384052477 -19.87730560552476 -7.564783286023858e-14)
(66.37571940336684 -14.75618425134376 1.662660591953769e-13)
(66.31083984941884 -10.93991315831103 1.846103659198344e-13)
(66.34338866077388 -7.917536586871615 1.013005379904376e-13)
(66.42927660741607 -5.392937656120984 4.462191385355945e-14)
(66.479868247759 -3.084392062644342 8.838439533464016e-15)
(66.45726449430433 -0.6837222901052553 -1.028561243505586e-15)
(66.35031729856082 2.147039311578159 -4.22646689236132e-16)
(66.15577187594188 5.779006306588539 -9.089035020839067e-17)
(65.88172434974132 10.61179611808355 -8.604312869942759e-18)
(65.56239741059647 17.04714548181961 2.207801411187128e-17)
(65.23134132149059 25.42431446675852 -1.555273551037384e-15)
(64.81243624791382 35.9062450328536 1.963944508600116e-14)
(64.27517770640593 48.2516422447944 -1.920945168856353e-13)
(65.62330655648668 61.26451347243195 6.650267425217275e-14)
(78.11550908410848 72.22304363022914 -1.755245340480283e-13)
(115.0348556511393 78.73123896397848 -2.266020272622107e-14)
(136.8057359344 107.4748228962229 -3.067615742410652e-14)
(-48.1692974218507 148.6737069980317 -5.418445753449832e-14)
(-287.6080799191305 380.1899652685439 6.19098790788023e-13)
(0 0 0)
(0 0 0)
(0 0 0)
(0 0 0)
(0 0 0)
(0 0 0)
(40.03315007407532 87.26960021444002 -9.99298127238396e-14)
(-434.4025163648331 589.4435140141138 -3.042523608132307e-14)
(-309.5342814158397 306.5396216536561 -2.014601788871917e-13)
(-227.0513225925462 161.3448368367915 6.477922226515646e-16)
(-219.9861621622796 58.46786962663175 -1.380629085121056e-15)
(-225.9331361867279 -32.58534385989179 2.556953732684489e-15)
(-245.5631314867196 -141.8026567710556 8.049367954872292e-15)
(-336.9326605550517 -295.7343176490066 1.555885297355483e-14)
(-448.3311706551939 -573.7086071945088 1.764869721648758e-14)
(61.78602647784979 -80.09788693498618 1.55932472483596e-14)
(0 0 0)
(0 0 0)
(0 0 0)
(0 0 0)
(0 0 0)
(0 0 0)
(0 0 0)
(0 0 0)
(0 0 0)
(0 0 0)
(0 0 0)
(0 0 0)
(0 0 0)
(0 0 0)
(0 0 0)
(0 0 0)
(0 0 0)
(0 0 0)
(0 0 0)
(0 0 0)
(0 0 0)
(0 0 0)
(0 0 0)
(0 0 0)
(0 0 0)
(0 0 0)
(0 0 0)
(0 0 0)
(0 0 0)
(0 0 0)
(0 0 0)
(0 0 0)
(0 0 0)
(0 0 0)
(0 0 0)
(0 0 0)
(0 0 0)
(0 0 0)
(0 0 0)
(0 0 0)
(0 0 0)
(0 0 0)
(0 0 0)
(0 0 0)
(0 0 0)
(0 0 0)
(0 0 0)
(0 0 0)
(0 0 0)
(0 0 0)
(0 0 0)
(0 0 0)
(0 0 0)
(0 0 0)
(169.9720935894156 -110.7984822538786 2.537649188187938e-13)
(-61.08378616673748 362.0955562936856 2.230472166300068e-13)
(-206.3665834099266 304.6150741999152 2.137527668809247e-13)
(-210.1634654395358 216.1630656949857 4.122968746748382e-16)
(-200.3587365979493 83.36735404485255 -2.192239767838849e-13)
(-208.1453474076413 -54.37957313279249 1.512354737367944e-16)
(-231.5504583218346 -188.1806593516052 5.298620744436011e-14)
(-232.2552021345531 -275.7055997664024 3.796385629316599e-17)
(-70.89202910291846 -316.136070644136 1.324680547718434e-15)
(181.1567311692957 118.7780181845629 -1.570047435055816e-14)
(0 0 0)
(0 0 0)
(0 0 0)
(0 0 0)
(0 0 0)
(0 0 0)
(0 0 0)
(0 0 0)
(0 0 0)
(0 0 0)
(0 0 0)
(0 0 0)
(0 0 0)
(0 0 0)
(0 0 0)
(0 0 0)
(0 0 0)
(0 0 0)
(0 0 0)
(0 0 0)
(0 0 0)
(0 0 0)
(0 0 0)
(0 0 0)
(0 0 0)
(0 0 0)
(0 0 0)
(0 0 0)
(0 0 0)
(0 0 0)
(0 0 0)
(0 0 0)
(0 0 0)
(0 0 0)
(0 0 0)
(0 0 0)
(0 0 0)
(0 0 0)
(0 0 0)
(0 0 0)
(0 0 0)
(0 0 0)
(0 0 0)
(0 0 0)
(0 0 0)
(0 0 0)
(0 0 0)
(0 0 0)
(0 0 0)
(0 0 0)
(0 0 0)
(0 0 0)
(0 0 0)
(0 0 0)
(241.2700468730516 -83.1165690295016 -2.473471777279718e-14)
(88.83200703585658 195.1280864627112 3.988182530089141e-16)
(-165.1130380285471 181.7613257926911 2.034034592778189e-16)
(-290.1061672567614 166.2293687418705 2.130825610340488e-13)
(-333.3175747510409 73.37643716980379 3.139524606515806e-16)
(-339.9687434594465 -41.99306293844126 3.150788748936519e-17)
(-307.812421179719 -131.1998180591725 1.328861155681004e-14)
(-187.2149351568806 -141.0969294549412 1.474008162747479e-17)
(71.19081544596561 -139.3337163074865 -1.318229657728694e-15)
(233.0006100279201 90.78301973763874 -8.168892167981178e-15)
(0 0 0)
(0 0 0)
(0 0 0)
(0 0 0)
(0 0 0)
(0 0 0)
(0 0 0)
(0 0 0)
(0 0 0)
(0 0 0)
(0 0 0)
(0 0 0)
(0 0 0)
(0 0 0)
(0 0 0)
(0 0 0)
(0 0 0)
(0 0 0)
(0 0 0)
(0 0 0)
(0 0 0)
(0 0 0)
(0 0 0)
(0 0 0)
(0 0 0)
(0 0 0)
(0 0 0)
(0 0 0)
(0 0 0)
(0 0 0)
(0 0 0)
(0 0 0)
(0 0 0)
(0 0 0)
(0 0 0)
(0 0 0)
(0 0 0)
(0 0 0)
(0 0 0)
(0 0 0)
(0 0 0)
(0 0 0)
(0 0 0)
(0 0 0)
(0 0 0)
(0 0 0)
(0 0 0)
(0 0 0)
(0 0 0)
(0 0 0)
(0 0 0)
(0 0 0)
(0 0 0)
(0 0 0)
(264.0050126465939 -41.68978627883746 -4.125054276948705e-15)
(147.6921469453978 115.2529849649514 -4.080955197077785e-13)
(-127.7519628559294 70.48980847430654 -3.377528589005403e-16)
(-318.5483541398324 77.0851828964577 1.614808992711145e-16)
(-408.5811683577278 40.74556254941049 2.705252082232312e-17)
(-412.7216025465449 -11.70109980692584 2.426756506868032e-18)
(-330.6543249336676 -43.43133599971249 1.070375912195471e-17)
(-147.7059177256549 -31.60173204608436 3.029137537171312e-18)
(118.5364145551366 -65.19559423679935 1.008463108210984e-16)
(236.3069317224243 48.0403163545106 7.910506688062952e-15)
(0 0 0)
(0 0 0)
(0 0 0)
(0 0 0)
(0 0 0)
(0 0 0)
(0 0 0)
(0 0 0)
(0 0 0)
(0 0 0)
(0 0 0)
(0 0 0)
(0 0 0)
(0 0 0)
(0 0 0)
(0 0 0)
(0 0 0)
(0 0 0)
(0 0 0)
(0 0 0)
(0 0 0)
(0 0 0)
(0 0 0)
(0 0 0)
(0 0 0)
(0 0 0)
(0 0 0)
(0 0 0)
(0 0 0)
(0 0 0)
(0 0 0)
(0 0 0)
(0 0 0)
(0 0 0)
(0 0 0)
(0 0 0)
(0 0 0)
(0 0 0)
(0 0 0)
(0 0 0)
(0 0 0)
(0 0 0)
(0 0 0)
(0 0 0)
(0 0 0)
(0 0 0)
(0 0 0)
(0 0 0)
(0 0 0)
(0 0 0)
(0 0 0)
(0 0 0)
(0 0 0)
(0 0 0)
(266.4380426792503 -17.95277735653154 -7.295436769609685e-16)
(153.7911044365421 55.8748447458772 1.651499738625539e-16)
(-118.5312633667827 -13.60733084227336 5.608131936508138e-16)
(-319.8504133170644 -6.575344416016157 1.066207328073438e-16)
(-422.1038574690913 4.144225432335809 9.905081157371085e-18)
(-424.1456420393432 15.08577115840988 2.833765771935313e-21)
(-327.7130535055141 28.79357251439705 1.21200896184401e-18)
(-137.8266057894376 39.089105470456 2.019382037949209e-19)
(114.9177035215185 -20.92577972048413 3.32122136789284e-17)
(224.1622760774279 23.27049045452329 -1.453517990146779e-16)
(0 0 0)
(0 0 0)
(0 0 0)
(0 0 0)
(0 0 0)
(0 0 0)
(0 0 0)
(0 0 0)
(0 0 0)
(0 0 0)
(0 0 0)
(0 0 0)
(0 0 0)
(0 0 0)
(0 0 0)
(0 0 0)
(0 0 0)
(0 0 0)
(0 0 0)
(0 0 0)
(0 0 0)
(0 0 0)
(0 0 0)
(0 0 0)
(0 0 0)
(0 0 0)
(0 0 0)
(0 0 0)
(0 0 0)
(0 0 0)
(0 0 0)
(0 0 0)
(0 0 0)
(0 0 0)
(0 0 0)
(0 0 0)
(0 0 0)
(0 0 0)
(0 0 0)
(0 0 0)
(0 0 0)
(0 0 0)
(0 0 0)
(0 0 0)
(0 0 0)
(0 0 0)
(0 0 0)
(0 0 0)
(0 0 0)
(0 0 0)
(0 0 0)
(0 0 0)
(0 0 0)
(0 0 0)
(256.7723839005193 -10.20370361798308 5.991837772483014e-17)
(121.3387616286851 -21.33097806896266 -4.185440628624227e-13)
(-128.542307390051 -93.4403922297839 2.166934189985332e-13)
(-300.7967979242227 -76.2737138812021 5.827269577837144e-16)
(-386.9200527810373 -27.73336022658157 5.059529832407203e-17)
(-388.0722554676678 30.83352882963344 3.446174374521071e-18)
(-306.6509906629248 79.79233484126694 2.030627118831708e-19)
(-146.6334505151997 97.82611411242935 7.411548812338474e-23)
(79.61818801491366 34.91544556075164 5.612632744569003e-18)
(206.4838963175515 13.33089847805259 -7.681817635953929e-18)
(0 0 0)
(0 0 0)
(0 0 0)
(0 0 0)
(0 0 0)
(0 0 0)
(0 0 0)
(0 0 0)
(0 0 0)
(0 0 0)
(0 0 0)
(0 0 0)
(0 0 0)
(0 0 0)
(0 0 0)
(0 0 0)
(0 0 0)
(0 0 0)
(0 0 0)
(0 0 0)
(0 0 0)
(0 0 0)
(0 0 0)
(0 0 0)
(0 0 0)
(0 0 0)
(0 0 0)
(0 0 0)
(0 0 0)
(0 0 0)
(0 0 0)
(0 0 0)
(0 0 0)
(0 0 0)
(0 0 0)
(0 0 0)
(0 0 0)
(0 0 0)
(0 0 0)
(0 0 0)
(0 0 0)
(0 0 0)
(0 0 0)
(0 0 0)
(0 0 0)
(0 0 0)
(0 0 0)
(0 0 0)
(0 0 0)
(0 0 0)
(0 0 0)
(0 0 0)
(0 0 0)
(0 0 0)
(175.1657268797771 -111.2403286026047 2.495221360929889e-16)
(53.17995898396012 -145.5241462874351 8.204103274470374e-16)
(-132.5963163274364 -178.1969661973818 1.284658330769506e-15)
(-254.1433814407805 -131.4530349421313 2.431286103859058e-16)
(-314.9966147642249 -52.21383036758186 3.61661753992666e-17)
(-316.6199470148131 36.72982331839788 4.446295023065422e-18)
(-260.7204683053214 114.1270515075021 6.063288801118677e-19)
(-149.4540704606588 158.6693163331713 4.039604357112437e-19)
(17.41679292930464 131.4664599150226 1.361963622497325e-18)
(132.2981374871806 96.09645918513981 -4.075446269165104e-18)
(0 0 0)
(0 0 0)
(0 0 0)
(0 0 0)
(0 0 0)
(0 0 0)
(0 0 0)
(-381.8704245037095 -333.8437919961869 -3.507454036600268e-17)
(-226.9476764791576 -261.2618442826939 -1.913890305948785e-14)
(36.26873807004905 -270.1562371711308 -7.864851676746475e-14)
(97.5116571251981 -223.1947348831653 1.323280109867876e-13)
(83.37900098213797 -169.7354052548098 -5.371225649695652e-14)
(70.76875930229264 -122.7684319575366 -2.403838329638119e-14)
(67.62933048427436 -80.0210837013165 -1.948201394194431e-14)
(67.44644972890981 -39.25875328836691 -7.407534859304026e-14)
(67.126878018599 -0.5471975781523722 2.994888544201185e-13)
(66.25345672733006 34.701481840192 -1.437220480415508e-13)
(64.88098348073771 64.51961667396333 8.681315053567082e-14)
(62.98849521931584 86.6894406082609 -9.735613405999424e-14)
(60.63894145150044 99.13813382930002 -8.927230301342259e-14)
(58.22890202702198 100.6809745948745 -4.965289048907584e-14)
(56.24920503167307 91.71826955710262 -2.04764900670425e-14)
(55.70976711379593 75.53786804291852 -1.418786906107553e-14)
(57.07689473363424 56.30193684784488 -7.190196324546216e-14)
(59.43442730723463 38.38700134926633 3.315783050915871e-13)
(61.90059796661825 24.33604892176094 -4.738050205476527e-14)
(63.99031910642614 14.60472771554134 -3.490871245960279e-14)
(65.48726615092863 8.485782325295698 -7.70298343116614e-14)
(66.4041467450275 4.972086920151586 3.162004081923847e-13)
(66.89587064889312 3.140004928330619 -1.228652214010973e-13)
(67.12592645619446 2.30564727312637 1.166594559505105e-13)
(67.21416041700799 2.012092244818011 -7.286911879475876e-14)
(67.23279570908059 1.972669711128702 -6.167328449947394e-14)
(67.22074846174417 2.008287319797893 -3.18378435183197e-14)
(67.19635975915408 1.997506846842383 -1.331793941332557e-14)
(67.16439677636482 1.839991184544928 -1.752844779451901e-15)
(67.11862103866089 1.427796410555164 -2.119961448111431e-16)
(67.03878470346856 0.6130299103111573 -3.75781973536237e-17)
(66.87919735125183 -0.8391462248014991 4.024135227557216e-18)
(66.54478287570404 -3.329791843176968 4.200823655177392e-17)
(65.85037840726059 -7.554659516187584 -5.677222512851285e-16)
(64.47527307403566 -14.68887972860207 6.245755433267755e-15)
(61.96335118325645 -26.59336123826153 4.783913419713758e-14)
(57.84914904403661 -45.90883035518549 -1.58046977128216e-13)
(51.95631312722286 -75.72456897201356 2.565406552215096e-14)
(44.63190912314166 -118.5033603638589 1.523615908573007e-14)
(37.01600195571309 -173.8289681246978 1.695302047959694e-15)
(31.44968115812939 -236.1535617187178 1.661505590190632e-16)
(30.16065342160286 -295.5593144169181 4.226024747237312e-17)
(32.13123243689719 -341.1929726009575 6.371209773606111e-17)
(31.82653268283019 -365.0686080085627 1.068910635244356e-16)
(20.83263324014296 -366.4071347511356 1.042724286758617e-16)
(6.937389720267824 -357.6487986077234 6.457689293193719e-17)
(57.65158871255899 -302.0925614977328 4.034896494096968e-17)
(153.0261921235756 -309.1584827271404 5.364964205077191e-17)
(35.54225691195437 -288.2769171864311 8.184800069722986e-16)
(-91.72388594132403 -250.1392068106947 -2.231136702491228e-13)
(-174.8136620208409 -167.4645234044683 -2.109216510979496e-13)
(-218.7371945630688 -68.3316420904829 8.952251242928842e-17)
(-221.7313736406916 35.65776258514971 1.051015204487325e-17)
(-184.7114976256498 132.0790926242389 1.212541701040507e-18)
(-111.0656369238921 210.1379334934798 2.020356356549492e-19)
(2.14194709462846 247.2090421222595 6.325368256874153e-19)
(110.8482056793648 264.0016773511849 -3.204443646015042e-18)
(43.71289759670738 259.6890090686512 -2.399395718056493e-18)
(8.551858872374972 309.9388502977808 -1.869528896970618e-18)
(23.89257756152217 327.9683238192124 -6.616489053943233e-19)
(43.35228991453167 344.9729621914753 1.209115159275823e-18)
(63.96297561526623 353.8042129335841 6.353705620329439e-18)
(43.52438822580079 356.7497860923846 1.103215783672934e-17)
(-117.5875528425825 327.433328975483 9.476156101622617e-18)
(-265.2456072506888 -547.8210020702805 3.660961071035685e-16)
(-274.8433608843289 -345.427582383165 3.109210625959679e-15)
(-161.6985195524272 -283.8643396590766 8.630615226345611e-15)
(-83.7455774265956 -263.2004516582682 4.402966891955359e-13)
(-64.34743724644595 -222.148095247268 1.08717200449107e-14)
(-64.42721363229813 -167.9009028705885 4.418801891194481e-15)
(-64.64465240907975 -113.4627886538259 3.822532001806191e-15)
(-65.14259818692653 -62.80769946193129 1.112072540167666e-14)
(-69.58632102088865 -16.55131949173387 4.340968989369343e-13)
(-79.9138176956626 24.36591250324751 2.193622663741819e-14)
(-96.61720746736624 58.30890007747728 4.477973407901935e-13)
(-119.2458435560261 83.55179097284605 1.783670428549049e-14)
(-146.1336713994122 98.90274604264722 1.817332010365928e-14)
(-173.9730164354186 104.2017563232538 8.742516676492379e-15)
(-198.048701339492 100.5701230104256 3.627804404408636e-15)
(-213.7852444054114 90.34326596464304 2.864468367062904e-15)
(-219.4230423569871 75.92160389739463 8.014134312694141e-15)
(-217.0737160002797 60.00756554403954 2.45808672440821e-13)
(-210.6995317633101 45.08030336406021 9.917797292848729e-15)
(-203.6363245585406 32.66512345885097 6.174293092231459e-15)
(-197.6751469485368 23.23708027646033 9.723742815043129e-15)
(-193.3480641158965 16.58059429331689 4.380903627050713e-13)
(-190.5123143529317 12.15471228060538 1.896322808876164e-14)
(-188.800623775158 9.354356053067267 2.467586332612034e-13)
(-187.8571341356543 7.638985949804158 1.372358915606618e-14)
(-187.419546744259 6.565674462369467 1.142037517990979e-14)
(-187.3251844831353 5.771665267456323 5.4666888358639e-15)
(-187.492807677134 4.940290489586088 2.124391446698388e-15)
(-187.9059841737562 3.765147519636812 4.330054854113374e-16)
(-188.60976781239 1.913786959518924 7.012523735474088e-17)
(-189.7278242844748 -1.016610938612941 1.205846069691311e-17)
(-191.5059150146774 -5.560905042890202 3.462138425019507e-19)
(-194.383829825184 -12.47200321350627 -1.172941870505126e-17)
(-199.0816323982818 -22.82241259662802 -5.69710583388649e-17)
(-206.6361852184798 -38.07831842099692 -1.139351111771839e-15)
(-218.2326426559044 -60.0509686781477 -3.916189503647217e-15)
(-234.5869606295273 -90.59176420768378 -2.383657904058151e-13)
(-254.6984491160594 -130.9148527966144 -6.040890018012247e-15)
(-274.2393052798934 -180.609836101015 -2.12171414824555e-15)
(-284.8152628253628 -236.7056425179181 -5.197614190465785e-16)
(-276.2706812501801 -293.8506814168491 -9.398310543212428e-17)
(-242.6102127914504 -345.9451898545383 -1.986705156460729e-17)
(-187.3358303964474 -387.3759891839385 -1.410326812580787e-17)
(-122.9589408152716 -413.3705779670818 -2.027223795971279e-17)
(-61.61510610353209 -418.1731553839743 -5.874971323358415e-14)
(-3.11406428196063 -395.5512212792876 -5.460607613093669e-14)
(64.71988469884323 -345.1404014851853 -1.075428084570827e-13)
(121.5114953880747 -325.7004633561599 -2.018413889272902e-13)
(106.4774171506896 -346.8006634512725 -2.073879212460081e-13)
(4.181460302611082 -275.3064425063106 6.241247713819056e-16)
(-72.33581654626444 -181.1126059465183 -1.078129382735093e-13)
(-111.8743288233534 -76.63486239410656 -2.077778990517339e-16)
(-116.2092123664003 30.5863919875158 -1.657619663192708e-17)
(-86.24029723315327 133.4019069501979 -1.011592385990573e-18)
(-21.69059832137734 225.1376360516146 -2.540144483669949e-20)
(67.73689340368759 295.9451427321164 1.261788487658176e-20)
(90.13888641408909 289.5868643574551 6.32622160038287e-19)
(56.68970387019073 315.2579451228858 4.942098726083406e-19)
(14.02829177078003 369.4222780635471 3.417461742733608e-19)
(-20.06668242993596 408.1699698502165 1.005257609405067e-19)
(-52.61971522091822 432.692055413232 -3.055167681627902e-19)
(-89.0133593891202 442.3623881827504 -1.190637491026072e-18)
(-132.2129626780147 438.0801670319539 -2.026430204881574e-18)
(-144.3971248635437 464.7141522293205 -1.897195145703002e-18)
(0.3060329841176184 -410.4498848798342 -8.07450999621409e-19)
(11.70211712390493 -305.7336492871244 -4.038369917679926e-18)
(46.69513456038199 -238.6912099923281 8.239563722139858e-17)
(87.13445568321039 -212.9518226418433 2.135936557792562e-13)
(108.4488836514104 -188.3968438539321 5.51437689531936e-17)
(112.1607308128553 -152.5639818339208 -1.090514148062789e-17)
(108.2734012826244 -111.3349642832031 5.451041801077586e-18)
(101.4087660007924 -71.10497287125214 -8.562583967785279e-17)
(91.32488965471396 -34.8077356703975 4.215531590903242e-13)
(76.64215503138681 -3.603474387098243 -1.298571497002787e-16)
(56.66611801803738 21.86648580761592 4.233129118096317e-13)
(31.8808249039798 41.34226408880764 -6.462371620127868e-17)
(4.161000224984128 55.12210308616827 -1.02595323337143e-16)
(-23.21556329991439 64.00428348591353 -2.332548149592332e-17)
(-46.16502742648117 68.86796194339846 -5.35179340398513e-18)
(-61.2177273560487 70.12201854551581 -5.250773667510937e-18)
(-67.08211943055227 67.62815784132739 -3.372596052465569e-17)
(-65.14328403578332 61.569765591342 4.232440965521303e-13)
(-58.46360066287688 53.01010762473435 -3.655303615531341e-17)
(-50.16631349139571 43.51420531727611 -3.372583086731048e-17)
(-42.39211833458049 34.47997927611075 -2.748505998506028e-16)
(-36.13740842501481 26.7757268633674 4.217338611977301e-13)
(-31.58938585230663 20.72441949938536 2.005404550490463e-16)
(-28.53727724559226 16.25799856429146 4.056442766207131e-13)
(-26.66461630976162 13.0869212058761 4.658907987692521e-16)
(-25.6982902027408 10.81683151290474 9.078169540769374e-17)
(-25.45904685230002 9.00661608791464 6.031140544298435e-16)
(-25.86479373404678 7.186284997303218 4.753341669083634e-17)
(-26.92364849326925 4.852808066481076 -2.019487378061163e-18)
(-28.73892283353656 1.454090977547814 -1.615587092610005e-18)
(-31.53783932207073 -3.634923864497095 -1.470748237258173e-26)
(-35.7265616289054 -11.13922477594355 1.089340252886071e-24)
(-41.9588037056582 -21.89900356553207 7.076345306090585e-24)
(-51.17432322669249 -36.83720495393622 3.231210753533791e-18)
(-64.51167616473117 -56.81850227399147 1.211697248110046e-17)
(-82.94483111777186 -82.33796817905737 5.977209150780329e-17)
(-106.5047040371647 -113.0500835752473 -2.114140112243183e-13)
(-133.1482029862708 -147.3275602088183 6.461858746630558e-17)
(-157.813223783671 -182.2635681652853 9.693459200653862e-18)
(-172.7530641395027 -214.5476656106425 1.615779048328367e-18)
(-170.0817251987055 -242.0512811350181 5.059794941796376e-23)
(-145.8143575085437 -264.7318345038758 2.122824948902563e-23)
(-102.639428829986 -283.3917734951235 8.084077206921341e-19)
(-48.60241863558102 -297.0054309790734 1.536684910306075e-17)
(8.149312237342873 -301.0278607242961 9.52731981421634e-17)
(63.15799671869879 -291.3690025615224 -9.209718313500108e-17)
(109.753513799958 -276.0875295776312 5.978213857394794e-17)
(134.9414550521534 -274.3541989881952 -4.276806096664029e-17)
(121.3084339880512 -286.9757623370854 1.813304433442451e-16)
(73.9641708364525 -247.8349097680794 -8.149263520651479e-17)
(23.85791782664191 -171.270978336339 -1.100935145232618e-13)
(-7.038196660518955 -76.79760441579484 -1.262854000150586e-16)
(-11.69460432307583 22.89644936773616 5.926753948578895e-18)
(9.839746294047046 118.4145025476476 1.766108202404873e-18)
(51.47759910603828 198.8488937906772 2.272116599967545e-19)
(95.24624067759557 248.3981416206457 -1.00973659511278e-19)
(116.0734382084566 255.7375377340745 6.311189600236977e-21)
(109.2559406306955 274.5936414050652 2.346547495466397e-26)
(88.00379263047596 306.4152041120955 -7.950320106544664e-28)
(62.54896346106917 337.6003483397284 -4.057956982444305e-28)
(37.54950692807227 360.9849304609842 1.224628560769416e-27)
(14.28317632316301 377.0418244076485 1.652572421618409e-27)
(-1.468806816775918 391.8384843578511 -1.487502638728759e-27)
(-3.147238719942133 414.9610675867684 -8.849773328701352e-27)
(25.28831152451747 -266.327065517026 4.43982176332092e-18)
(63.41140835586361 -236.5580021283587 8.489025923040848e-18)
(88.51128260471752 -198.7975894767405 2.113209584473429e-13)
(113.0638844782575 -172.1059684275212 2.232986254777987e-13)
(133.0151373461685 -151.6360565206063 -7.009212583809418e-16)
(142.5413291309238 -128.464617237439 -4.788905010132509e-17)
(141.9465159066571 -101.1848298444245 3.583948880223359e-18)
(133.95604380738 -72.87266123661286 2.541824807854647e-19)
(120.1158922601724 -46.54662812341727 -2.999684858842054e-16)
(100.7108555154872 -23.76895507808759 1.24207551098488e-17)
(75.97301304058175 -4.9033421938735 5.8767510443858e-17)
(46.96962058531232 10.45966403325508 -1.747877347644194e-16)
(15.91731053049083 23.1679442977724 -4.249511520253859e-13)
(-14.00633244757319 34.07970482700161 -4.237047904485382e-13)
(-39.34188952363565 43.5311243966844 -1.923756010265956e-17)
(-57.36044245087674 51.00841196959671 -4.241294087172615e-18)
(-66.93162736793609 55.44712765665 -8.00228860480978e-18)
(-68.77893149563344 56.0344236410124 -2.538278188449727e-17)
(-65.00382932867488 52.87272964145805 -9.084586937325584e-18)
(-58.16661887822173 46.97226310870358 -1.332864227772459e-17)
(-50.45729704537517 39.74151157043853 -7.805333016397624e-17)
(-43.3057312072646 32.45569358601937 -3.492964910013135e-16)
(-37.41055269712488 25.9725785328165 -1.214229657766205e-17)
(-32.97341886588128 20.68869076735172 4.779047791858282e-16)
(-29.94995356960264 16.62226582759876 1.197895223444142e-16)
(-28.22833299007403 13.52410543043786 1.129225800812045e-15)
(-27.72531621415426 10.96731632879189 -4.12951147026083e-13)
(-28.42574630809901 8.405063325016631 6.054430070157964e-16)
(-30.39784257694296 5.20317795500891 2.312320800639402e-17)
(-33.80905397149208 0.6591338322524282 -8.077872560589619e-19)
(-38.95452176292453 -5.980022872849037 -2.01948196998237e-19)
(-46.29354305531963 -15.48436849609091 -6.638159789742859e-26)
(-56.46624729012481 -28.56748313999038 4.038630195455118e-19)
(-70.2324536419703 -45.73908558994671 -4.601993163613228e-22)
(-88.24794773746254 -67.05751609880788 -3.957340076197089e-17)
(-110.6016502847485 -91.80443237668466 -4.923586886489018e-16)
(-136.1312021109485 -118.2138217736143 -2.031924939027226e-13)
(-161.7487400464572 -143.52554150864 -3.178850643557428e-16)
(-182.2737589186523 -164.6619988828746 -2.744068072784176e-17)
(-191.3283032198639 -179.5287702760793 -1.616810552495979e-18)
(-183.3650637881428 -188.2534738946495 -1.494766278828223e-22)
(-155.9730560732218 -193.1946171891733 -4.984971315055682e-24)
(-111.0556777110017 -197.2376647575509 -3.190958580623696e-22)
(-54.10639282434052 -201.5594145501673 8.096265642702113e-17)
(7.407418155039103 -205.2270731193431 7.270378592094214e-18)
(64.59222081584522 -207.9598016439123 -5.857133307903341e-18)
(107.557386682496 -212.6536899998525 4.94796062379e-18)
(130.0294530143472 -219.5248153621981 -3.626775807114283e-18)
(132.9967054993875 -220.8827112606724 1.939443874760709e-17)
(119.8862444541181 -197.0519142830938 -5.284626561967882e-14)
(98.70148872211938 -143.2099118141074 -1.041831667513642e-13)
(82.29309872690789 -68.81054408317277 9.773585178354382e-17)
(79.00289445179097 13.54498244842854 8.488163469982112e-18)
(89.71214711619621 91.97512649587203 1.0100244010518e-18)
(108.2930408148247 155.1275524387103 2.019507283975001e-19)
(124.6255363506047 194.8596991560046 2.495392067336719e-25)
(132.3568557749185 214.8716963661185 4.754104250473105e-26)
(128.6019061125443 230.9501915183419 8.371671255370534e-27)
(112.0106423327361 249.624666250404 2.93343737341053e-27)
(86.53008889602691 270.8531917363383 3.781299519194502e-28)
(58.58502682548887 291.5921175458335 -1.051598218766541e-27)
(33.95998776660701 311.2025550151915 -1.448026358100796e-27)
(16.89563132413471 329.9959577178622 -2.206640100033948e-28)
(5.316407836273739 343.7219269264089 -5.943289674918818e-29)
(30.07608859354946 -172.5730536844126 2.641202750310475e-17)
(79.23139003493313 -168.1737534081867 2.637847478923712e-16)
(111.1471681637572 -154.4500225830384 2.026584700040846e-13)
(134.2959886394678 -136.9709307695092 2.114179425447494e-13)
(152.0902348180151 -120.5363679478611 -4.867101003010191e-17)
(162.6119574544985 -104.3690956974057 -3.433667823373586e-18)
(163.8653572841206 -86.8744853862581 -4.091508761647433e-19)
(156.0469677309444 -68.44123502037439 -1.513537788669825e-16)
(140.4285958189754 -50.57977474043821 4.212884195666796e-13)
(118.2854409585782 -34.47320276958473 2.965432382775768e-17)
(90.89473712021379 -20.41698029969526 4.248574979697142e-13)
(59.95211139482431 -7.967794581546366 -1.246743760766889e-15)
(27.78104102477457 3.621141537238035 4.461079779312177e-13)
(-2.852383209862116 14.89645330948562 -1.434872199637176e-15)
(-29.23632029216064 25.79546865414619 -9.649669675612991e-17)
(-49.30172409546547 35.54074685558214 -7.474560957644395e-18)
(-62.05610776462009 42.95595422845722 -2.423559659155453e-18)
(-67.71768205749974 47.03112355694859 4.235144541381207e-13)
(-67.52576119588359 47.42063329720654 -3.635078716960118e-18)
(-63.29753156310651 44.58826460314435 -1.494423166913659e-17)
(-56.90868785559699 39.56946050749868 -1.282373155134598e-16)
(-49.90634145783485 33.56367957625175 -7.112626458952532e-16)
(-43.35638866749285 27.58976040290726 -1.260156717795603e-16)
(-37.88758994867782 22.30564815875503 2.443841604879138e-17)
(-33.82920164537057 17.97475676933869 5.563640463839908e-16)
(-31.35323970066797 14.51531631026988 2.221874602488493e-13)
(-30.57808895719552 11.57669452152424 1.16827950845411e-15)
(-31.62893210755929 8.612293055192358 7.027863586695892e-17)
(-34.66957798630747 4.941213676267703 -1.817502584996299e-18)
(-39.922123661973 -0.1949166814638881 -1.413638582683663e-18)
(-47.68134165429574 -7.5656229518707 -4.03896672769045e-19)
(-58.31402190244913 -17.85696485185126 4.038931270046216e-19)
(-72.21352080680543 -31.52960077291377 1.211567761595991e-18)
(-89.66435619014277 -48.62089122012183 -3.737107305594225e-18)
(-110.5770229497421 -68.514180049792 -1.692683465145982e-16)
(-134.1011368140644 -89.75815013630148 2.098398340166681e-13)
(-158.2258132306942 -110.0901200037617 -2.091913810758746e-13)
(-179.5963801591056 -126.8384400880075 6.663199037462378e-17)
(-193.8164526136712 -137.7554283421524 6.469965050067508e-18)
(-196.3445391898964 -142.0222692031546 2.019741316937509e-18)
(-183.7475720498146 -140.8375056813084 2.376314444997975e-23)
(-154.7985482510906 -137.0498789723399 2.917975197268083e-22)
(-111.0042261230218 -133.9204808690614 7.028256769501863e-17)
(-56.59182696035024 -133.861642368391 5.504142792189105e-14)
(1.748925091945728 -138.0597300524427 7.108553855974058e-17)
(55.73137972303724 -146.604743991392 1.997653283285389e-22)
(98.18849998143499 -157.5277029677684 8.079902928120761e-19)
(126.7124338045485 -165.3041328094623 1.615399066581216e-18)
(143.7813348420984 -163.0756745918514 3.363652422631911e-15)
(151.6369702134115 -145.6051672348684 1.615767908596716e-17)
(152.0992881189035 -108.8933776638086 8.320036029987848e-17)
(149.7166974953007 -55.86392606693389 1.090506828330657e-17)
(149.091066100413 5.056114859587833 2.01951021018436e-18)
(151.4223162931287 63.85769299170988 3.029231662721689e-19)
(154.362171716632 112.2883811901019 4.046572141333147e-25)
(154.9903844076269 147.0363373192951 7.426739894303947e-26)
(152.1639305753861 170.6712678595735 6.175964841642014e-27)
(144.008910440233 186.8423651787446 1.862692671568008e-27)
(127.9067927713057 200.4588395369317 4.883520744715638e-28)
(104.5164147281293 215.2472952998953 8.18111535170413e-29)
(77.8988701831703 231.9465221155333 -1.605696083657476e-29)
(52.68701648950814 249.4034823640362 -1.687724058881096e-29)
(31.05026121050193 264.7088883582826 5.183465247182351e-30)
(10.58035900587248 273.5472571195211 -4.414700119272777e-29)
(29.68870771915864 -111.9342413590458 8.0789616764378e-18)
(81.53433764352278 -113.4588182902818 6.664446228886097e-17)
(119.7141052078823 -111.0620634966863 3.590553617337398e-16)
(146.9775390983578 -103.2573000727913 -2.111677450850637e-13)
(165.6169724145869 -92.78515637226543 9.774422047936167e-17)
(176.2032116851449 -81.74935956807339 1.00987280496262e-17)
(177.8743765757621 -70.46598270871161 1.450330606780369e-17)
(170.2507544507785 -58.89781836236534 4.13023274817737e-16)
(154.083924507189 -47.40812656413192 4.105763115643193e-13)
(130.8736499461954 -36.45525196077415 1.848121355493696e-15)
(102.4784212142119 -26.15800848556325 4.009877690843819e-13)
(71.00774242088494 -16.2340234049431 1.257717839698284e-15)
(38.78155842527364 -6.260852811322214 4.221765090377103e-13)
(8.167994659628913 3.967763623524361 -1.845765747882265e-16)
(-18.69759598497913 14.19630047333672 -1.898433757563377e-17)
(-40.19995687656154 23.6964570831229 -2.019732186358655e-18)
(-55.44125066654772 31.49113122876276 -4.03926648714849e-19)
(-64.31425242931937 36.70136548758258 4.235164736189157e-13)
(-67.44668828302821 38.86732335663037 -5.250716300227053e-18)
(-66.01779166671618 38.108119096552 -6.260435772750288e-17)
(-61.48188207334687 35.05768666245867 -6.942919382915055e-16)
(-55.2854313110453 30.63067557238952 -4.067971672515268e-13)
(-48.66858411073238 25.74427027620224 -7.217628484642452e-16)
(-42.58842249654185 21.10362171876932 -2.249753155145952e-16)
(-37.74028541646002 17.09294297298376 5.145686739957016e-16)
(-34.62639523679086 13.7589643666834 4.100178485227288e-13)
(-33.62833946838058 10.85116461182738 5.76353986991658e-16)
(-35.06122715303125 7.88725564181193 3.877438018376582e-17)
(-39.205052313672 4.227801810583293 1.009764625151257e-18)
(-46.31589060061466 -0.840492515932006 -4.038954908863305e-19)
(-56.61656993365058 -8.002878788282919 -2.019478362536547e-19)
(-70.25752087416956 -17.78371140152386 1.514634294695952e-19)
(-87.23017365087242 -30.37880611125712 1.110709679403723e-18)
(-107.2170329027762 -45.47166548354531 5.25062154397508e-18)
(-129.3852066452115 -62.08829880313274 -3.231021118429565e-18)
(-152.1775902473101 -78.58329906918304 -3.441085219275094e-16)
(-173.211492064583 -92.8600324066678 -2.054760198796657e-13)
(-189.4140483723741 -102.8696154036427 -1.785432888015635e-16)
(-197.4575880178448 -107.2895432186267 8.906346711542277e-18)
(-194.4103805250856 -106.112893534931 3.230449583381619e-18)
(-178.3926735039043 -100.8284765295514 1.61560631666736e-18)
(-149.0560312018312 -94.05244357195556 -1.615574570699728e-18)
(-107.8674410737336 -88.78023910862692 2.861496897440651e-22)
(-58.24564199823232 -87.5765639323738 6.462835295424083e-17)
(-5.335683472779823 -91.81205730650458 1.684606594575475e-22)
(45.12424786475087 -100.7694134900314 3.151107788092603e-24)
(88.85799781671672 -110.9556254095495 9.857921505982655e-24)
(124.4814813733209 -117.0486831206248 1.615579361290305e-18)
(152.695671060205 -114.6031527779428 6.462413858895598e-18)
(174.0685412697104 -101.6589273788788 1.613774569007645e-18)
(188.4427298766939 -76.98698421438371 4.039007660820332e-18)
(196.2425912644558 -41.76657609978299 1.615617926998595e-18)
(198.7245135484455 -0.5197759968592249 7.473638086475944e-24)
(196.9444134604292 40.63868214000101 1.009749512494729e-19)
(191.471685097061 76.77333053712815 3.694413239185376e-26)
(183.0084230175883 105.8096559281667 1.375150903543211e-27)
(172.162883616044 127.78260582388 5.99619161610606e-28)
(158.3894777671914 143.357798017941 2.933491320720197e-28)
(140.4155724411517 155.1219303769661 9.073207158412215e-29)
(118.0177714792715 166.2984320904832 1.786941122166493e-29)
(92.7412138555659 178.5813250070892 1.001157257427128e-30)
(66.7223540142617 191.2374054280732 -4.758375488723343e-31)
(41.03927583828522 201.7468930043974 -4.388033313204475e-30)
(14.15673355415426 207.6535032387474 -9.053138314785428e-30)
(28.55262040693818 -70.31581628673615 1.615518433254044e-18)
(80.103605904025 -72.3539979449254 1.213952115328953e-17)
(121.3486863649414 -73.51495630339312 -5.010522093182974e-17)
(152.5728957462138 -71.40185788700191 1.136920695303304e-13)
(173.5981753186971 -66.2311164876856 -7.994756388797234e-17)
(184.9311311205747 -59.57028481688323 2.018253473314411e-18)
(186.7168984851544 -52.53747939642216 -1.819454046300244e-17)
(179.1048238675949 -45.48188502583013 -3.651020055323441e-16)
(162.8711622110609 -38.43873044297582 4.162578807326017e-13)
(139.5355590255203 -31.39768059602944 -8.625175716237919e-17)
(111.1159656641713 -24.28574855092986 4.256500684919451e-13)
(79.84926707025066 -16.93889598736796 2.649545215914368e-16)
(47.98282805604885 -9.199354711438183 -6.822118067938578e-17)
(17.60477006677141 -1.079451511114744 -1.575344361037048e-17)
(-9.507626837739595 7.127991765357701 -2.019606463541543e-18)
(-32.00689334060977 14.86318785113768 -8.078150868756279e-19)
(-49.05119935771399 21.42886389960889 -3.718165044567595e-24)
(-60.34148992807653 26.18193848167749 4.235156658298491e-13)
(-66.11900758682594 28.72200710750632 -8.078278723059992e-19)
(-67.10716825726308 29.01379198043818 -2.988859116016843e-17)
(-64.38613137991521 27.39573863043263 -2.673807598630802e-16)
(-59.21975784717413 24.47039499805459 4.221084819742659e-13)
(-52.88344252271391 20.92498806117342 -5.03659444022956e-16)
(-46.53891724978465 17.35321019643122 4.218330454501657e-13)
(-41.17385899481607 14.13125599720152 -1.449992106073423e-16)
(-37.59501805955389 11.36513030698744 7.742700660983926e-16)
(-36.44979768039946 8.898009671074128 9.370453055066618e-17)
(-38.25229490769487 6.356589627194781 8.88579329154531e-18)
(-43.39732614318178 3.220496332324368 4.039035578208751e-19)
(-52.15280426033554 -1.090059020234343 -2.019480088226922e-19)
(-64.62456053720092 -7.104768396092225 -1.893244087140524e-20)
(-80.68994921914066 -15.16867153999408 2.019495489027859e-19)
(-99.90147487786378 -25.29190112233165 8.077931065014115e-19)
(-121.37384887939 -37.01648154575167 2.423365163442025e-18)
(-143.6886565440384 -49.35848340926664 5.654083324124459e-18)
(-164.8728704249425 -60.8935782964797 -1.251981021905205e-16)
(-182.5121295695774 -70.02635251922693 -2.044331813455677e-13)
(-194.025890971729 -75.41020190727136 -1.276537634969391e-16)
(-197.0597307297729 -76.3918949088872 8.101085191504539e-18)
(-189.8834724700619 -73.30628613886246 1.615131272376958e-18)
(-171.6871220590913 -67.49571618749884 1.023984462260699e-23)
(-142.7503108222427 -61.04675764662879 2.929759562923618e-24)
(-104.5283465032063 -56.31443334593465 2.493231503976247e-24)
(-59.62364518740689 -55.27480084835154 1.290831197391132e-22)
(-11.44392442271959 -58.72265634616381 7.090730535126761e-25)
(36.58781165076837 -65.55580709762609 -1.476671964346907e-24)
(81.90923034937092 -72.80044611160349 -7.960744076493381e-25)
(123.0649064174525 -76.83699564086986 -3.228461607896777e-18)
(159.1710905725636 -75.00854699791167 5.294440328576898e-14)
(189.2531387431813 -66.24787677451394 -2.508522623166781e-14)
(211.9916393556356 -50.50312415224661 -4.84272252866788e-18)
(226.1839057064682 -28.64761804645025 -8.07796844365676e-19)
(231.4963243588602 -2.838959451330615 2.598544691548924e-25)
(228.7154228284123 23.95895321986037 1.300032457795069e-25)
(219.5331454895782 49.10391104218563 2.865111467128863e-26)
(205.9996596939163 70.89951595414368 4.648700240935094e-27)
(189.7120726614531 88.41488412778122 6.103076757109617e-28)
(171.3482349822176 101.5421815411869 7.446046375691416e-29)
(150.8474268512713 111.4047373885975 1.508193560065433e-29)
(127.9758093871315 119.8396587377057 2.766000745757603e-30)
(102.8378435154417 128.1246000822658 3.061027638494636e-31)
(75.85258447430714 136.0935506591446 9.852038477672599e-33)
(47.46645702460162 142.5013820296239 -3.116190389227682e-31)
(16.48897014705014 146.1592678401711 -6.438904556726449e-31)
(27.65159859679348 -39.47489881070859 1.211854521192141e-18)
(78.33541024935671 -40.9284606012911 1.734424916657363e-17)
(120.6662452667821 -42.37505357567007 1.502723995810089e-16)
(154.2613789022986 -42.37943878398175 2.015211186653604e-13)
(177.4485454789773 -40.40949867246095 1.437529074221805e-16)
(189.8968487762387 -37.05431754671469 1.534791144035836e-17)
(191.9627763601295 -33.18241414464055 -2.181332768536313e-17)
(184.3495033930803 -29.26961265445611 -2.140593758018479e-16)
(168.1681289256334 -25.36912501295841 4.222037779638269e-13)
(145.0266318285331 -21.35618322963474 5.186244948749971e-16)
(116.9372058157592 -17.09307985094125 4.121029316917507e-13)
(86.09413626342156 -12.48067000344004 7.330655268039728e-16)
(54.64100290280339 -7.488175652473242 4.235629200812431e-13)
(24.49534112811423 -2.197422954768885 1.211871089517207e-18)
(-2.754956630238199 3.166763049030574 2.993557006585648e-23)
(-25.89908474678275 8.25138930713525 2.097118780748516e-24)
(-44.12250003580024 12.63818280566952 1.067177488798704e-26)
(-57.0211092191225 15.93670866065132 4.235156658334699e-13)
(-64.61483478234399 17.88216125075675 -7.319519380794114e-24)
(-67.34406014187171 18.40944860378711 -6.462422046985121e-18)
(-66.02527905385662 17.67589129787941 -7.268601248748639e-17)
(-61.75618187881999 16.01846061964705 2.332584549838112e-13)
(-55.78576891369153 13.85827526632412 -4.467096210220233e-16)
(-49.38215455979933 11.58759891897139 4.211863732782037e-13)
(-43.72836530369108 9.476857102227784 -1.118754467223425e-16)
(-39.85964156073928 7.623330445859289 4.083525868514343e-13)
(-38.63688014629082 5.943414936520955 2.613098255015981e-16)
(-40.73874049029576 4.198662760055152 8.078159154445651e-18)
(-46.65170096005592 2.044983011245135 4.039040469600702e-19)
(-56.64115532722822 -0.9001469027429967 5.048733300584291e-20)
(-70.69518244926019 -4.972863758821385 8.787360770449015e-26)
(-88.44465359305073 -10.36268326175935 3.25816026814179e-25)
(-109.0779836534687 -17.00966759695424 4.308492876466246e-25)
(-131.283615190171 -24.52820485208098 5.473842986940141e-24)
(-153.2623033933045 -32.1991089064908 3.231159743389441e-18)
(-172.8454593469134 -39.06650392575998 4.868088557190412e-18)
(-187.7281156595252 -44.14372239305991 -2.008320504695467e-13)
(-195.7795907422747 -46.68116104964389 -1.647746581241948e-18)
(-195.3536722194748 -46.40843864081784 4.878848247953328e-18)
(-185.5142017819955 -43.66629416271321 -9.197146307519763e-24)
(-166.1331450073349 -39.39009258696101 6.081533170834149e-24)
(-137.874748369424 -34.94938371379341 1.011675283790864e-24)
(-102.0954843008323 -31.84344047780822 -7.13746668808398e-25)
(-60.6538650244772 -31.24015239703945 2.507390527009355e-25)
(-15.61668967581051 -33.43850521749512 -5.581813012320143e-25)
(31.04645813176573 -37.54768627193744 -1.942330691226156e-25)
(77.57680927175593 -41.73406223511169 4.294082352934385e-25)
(122.2733804632465 -43.99053723343147 3.29600973026466e-23)
(163.2847898988567 -42.88054342666888 -4.846845000564421e-18)
(198.5739640833396 -37.82439087914442 2.584969912234791e-17)
(226.0429885713568 -28.98532503506699 -4.846687133209372e-18)
(243.9067559426082 -16.96205373945334 -1.615594780420216e-18)
(251.3310847866854 -2.69660524331454 -4.259270666490123e-24)
(248.8872839281453 12.60026532051006 -6.840654331113173e-25)
(238.412247817666 27.65708502397217 -6.262669166923838e-26)
(222.3193960988289 41.32441302191636 -3.006579407291343e-27)
(202.8055491972969 52.75188965499128 6.140058626984026e-29)
(181.3793310241616 61.67025007961236 2.484429970511608e-29)
(158.7130496372526 68.47023811372668 3.593773075349874e-30)
(134.7376341835074 73.96153205028115 7.059675117274764e-31)
(108.995105791057 78.82252836616389 8.502035477367233e-32)
(81.09913596394819 83.14706571911702 -1.029192860287645e-32)
(51.10536060767563 86.50362170797123 -4.550593846214825e-32)
(17.81652691089036 88.3398849989651 -5.238551985230696e-32)
(27.09857896933999 -12.98855745118819 7.311705925969644e-23)
(77.20296873135436 -13.54094621125089 3.218264194085165e-18)
(119.8972068367656 -14.1207077566292 8.321575555797146e-17)
(154.5382631029743 -14.30941651824575 2.04551117253157e-13)
(178.923360292389 -13.84353112020479 8.398877854820459e-17)
(192.1584788967009 -12.83450139876463 8.071991342080807e-19)
(194.5020206556738 -11.58193774438948 -2.262518687281115e-17)
(186.918642694167 -10.2953936873186 -3.190708155094893e-16)
(170.7851950674994 -9.013009517933254 4.204004362536583e-13)
(147.8122455776416 -7.678595333376853 -4.249270199935432e-16)
(119.9921258093097 -6.227707039869817 2.262106714044517e-13)
(89.4547952593378 -4.624019256940302 -1.063184800116321e-16)
(58.26665225442697 -2.867414613292011 6.866406523573073e-18)
(28.26022015879249 -0.9987488808498735 1.615524531244745e-18)
(0.9416173153640822 0.8970842030201784 4.222067372175366e-24)
(-22.53512988472237 2.697455993167147 1.297892230818997e-24)
(-41.36562855415559 4.260694676272649 2.866164399313292e-25)
(-55.09735239976041 5.45402210834204 4.235164736274977e-13)
(-63.64619802335298 6.184199712492873 -1.281785976167345e-23)
(-67.31345317306756 6.422474746833887 -1.050164857126536e-17)
(-66.77721313940719 6.214703062990124 -3.586656469505969e-16)
(-63.03754082466281 5.670528415207102 4.154231996268476e-13)
(-57.31453968442908 4.933431516663717 -5.282963388766298e-16)
(-50.92063632642554 4.141949878828269 2.307635988224203e-13)
(-45.1384926722833 3.395248606375023 -1.587262801834719e-16)
(-41.12889045224345 2.732226235201922 2.19312782741756e-16)
(-39.87496288717133 2.126503058493983 1.130930193169625e-17)
(-42.15129482276225 1.494737907216542 4.039066326334064e-19)
(-48.49677747225279 0.7146226940619822 2.180571593808737e-25)
(-59.17136858773414 -0.3495991227368047 1.011808370326839e-25)
(-74.08789049350368 -1.814801630642667 3.088481145679876e-26)
(-92.72761974766031 -3.741486306957192 4.966879960081052e-26)
(-114.0679293348336 -6.096933443947324 2.207156223287516e-25)
(-136.5642776679138 -8.730602989469647 1.917856909973738e-24)
(-158.2279811504206 -11.37679100877946 8.077986506708634e-19)
(-176.8185259210346 -13.69551822570632 1.615507040006945e-18)
(-190.1278188244773 -15.34915512594105 -1.058774996938246e-13)
(-196.2915988558712 -16.09459608003591 3.231151331843718e-18)
(-194.045780828217 -15.86063181786698 -8.576480488068258e-24)
(-182.8659319584196 -14.78628387707253 1.665409636077076e-24)
(-162.9708675299729 -13.21206860781218 6.563135724872902e-25)
(-135.2041272590639 -11.62385661754813 8.681073420782301e-26)
(-100.8193616667946 -10.54145487555934 -3.337554266531376e-26)
(-61.21870608182358 -10.34790630864479 -6.587344116607677e-26)
(-17.75118587657239 -11.10663178782973 -8.973872835048071e-27)
(28.29280093997561 -12.48288914330217 -8.284324875978139e-28)
(75.4671906763359 -13.86090287793476 1.182031766846778e-23)
(121.9194788580839 -14.59321800774737 8.75690520080063e-22)
(165.3384982873936 -14.21557801359357 1.615496565603923e-17)
(203.1497823667613 -12.54031617558094 2.716609623328027e-14)
(232.855515792117 -9.640575714626436 -1.322681003076939e-14)
(252.4742262965073 -5.72859926471611 -2.423353927825025e-18)
(261.060252656581 -1.073903384084789 -8.078027273502465e-19)
(259.0706781636916 3.999782634954975 -2.019498190390068e-19)
(248.2587616469186 9.108713218889987 -1.209849786646991e-25)
(231.0957831607953 13.84552525150041 -6.673085495592435e-27)
(210.0590245988048 17.88434203277292 -1.939190064913274e-28)
(187.0674378097945 21.09827743230282 2.872759120509255e-30)
(163.1392423373159 23.5718044508647 8.880685415812263e-31)
(138.3282451266749 25.52397499877648 1.950985663479834e-31)
(112.0230551181434 27.16217023763578 2.728585595388233e-32)
(83.53278722007464 28.55206461420702 -6.929291985386132e-34)
(52.6583362194343 29.59652710853572 -5.857083028668334e-33)
(18.32430277449693 30.10555927285827 -3.71791581540033e-33)
)
;

boundaryField
{
    inletLower
    {
        type            zeroGradient;
    }
    inletUpper
    {
        type            zeroGradient;
    }
    outletLower
    {
        type            zeroGradient;
    }
    outletUpper
    {
        type            zeroGradient;
    }
    sideWalls
    {
        type            zeroGradient;
    }
    topBottomWalls
    {
        type            zeroGradient;
    }
    frontAndBack
    {
        type            symmetry;
    }
}


// ************************************************************************* //
