/*--------------------------------*- C++ -*----------------------------------*\
| =========                 |                                                 |
| \\      /  F ield         | OpenFOAM: The Open Source CFD Toolbox           |
|  \\    /   O peration     | Version:  2506                                  |
|   \\  /    A nd           | Website:  www.openfoam.com                      |
|    \\/     M anipulation  |                                                 |
\*---------------------------------------------------------------------------*/
FoamFile
{
    version     2.0;
    format      ascii;
    arch        "LSB;label=32;scalar=64";
    class       volVectorField;
    location    "5000";
    object      U;
}
// * * * * * * * * * * * * * * * * * * * * * * * * * * * * * * * * * * * * * //

dimensions      [0 1 -1 0 0 0 0];

internalField   nonuniform List<vector> 
4096
(
(-6.245609022120053e-08 -6.161433210231763e-08 -3.673069756676497e-22)
(-1.826347479751481e-07 -1.322718499827558e-07 -2.771785599025722e-21)
(-2.819132223245632e-07 -1.669928548896776e-07 3.623172465530196e-19)
(-3.512726965545707e-07 -1.742120498034183e-07 1.815033040552445e-20)
(-3.817438992727296e-07 -1.612294136694179e-07 -5.78663317173184e-19)
(-3.679455948465971e-07 -1.349085878124589e-07 -1.750557995146e-20)
(-3.097591426085705e-07 -1.015413529485438e-07 2.530810902145734e-18)
(-2.137797911212075e-07 -6.641877204824342e-08 -1.568263428293535e-19)
(0.002587656697648257 -0.001874617746945502 -4.256468350348119e-18)
(0.0008863632174227447 -0.0005297218132621312 -1.914061985360842e-18)
(0.008377352316260252 -0.0001073569973806937 -1.784582168538863e-17)
(0.01161194106572482 -0.0006758545985901867 -1.731802421290744e-18)
(0.01671414036256916 -0.0007527100630120105 3.070289679664286e-20)
(0.02171212759085939 -0.0007460696984879873 4.194869772247239e-20)
(0.02618096515862417 -0.0006046612074516104 -1.020289730756563e-20)
(0.02950987907388459 -0.0003643209718682016 -1.532636057317584e-19)
(0.03146038891043016 -0.0001349464096857726 -1.376057113587804e-18)
(0.03230894919846619 3.987468524052902e-07 -1.167725136693833e-17)
(0.03254341718520948 4.214070922870526e-05 -2.185010532721223e-18)
(0.03254934322998492 2.551905981889579e-05 -3.480111467386146e-19)
(0.03252593051907811 -1.171837326333564e-05 -1.435925016277679e-18)
(0.03248118452949756 -3.124258620267982e-05 -1.196888083962447e-17)
(0.03223046630832086 5.208654082419617e-06 -2.967268874706977e-18)
(0.03139821985114858 0.0001336677807438062 -1.578137022111647e-17)
(0.02949156200403862 0.000357948431283901 -1.555869383181886e-18)
(0.02622397306050671 0.0005928976869819657 -1.035327985191471e-19)
(0.02182291447711539 0.0007319885048072139 2.491301336781842e-20)
(0.01687916735498307 0.0007408437024955457 2.387609267065631e-20)
(0.01180137128839581 0.0006688825236081342 1.243431738067759e-20)
(0.008515803361905137 0.0001154816724150632 7.90788147388349e-21)
(0.001095427165330692 0.0005426242738136842 4.958777944567041e-21)
(0.002878931597283183 0.001869480148567762 1.377010015840054e-20)
(-5.897953126894617e-07 2.491109938025995e-07 4.781446854798571e-23)
(-8.639580849241491e-07 3.934383428518245e-07 1.349375042777277e-22)
(-1.05585494681714e-06 5.504515842473317e-07 -4.536531226578316e-22)
(-1.149693098772154e-06 7.132670148814559e-07 -1.286916444730114e-20)
(-1.141660261412027e-06 8.728791109491449e-07 1.184425583949011e-17)
(-1.037094164951183e-06 1.019606539566075e-06 -1.209253966294357e-20)
(-8.487063098234701e-07 1.144210557409305e-06 -1.123737109487184e-22)
(-5.948871103266321e-07 1.238787181032791e-06 2.048402517436392e-22)
(-2.97860692254244e-07 1.297452590724485e-06 -4.710028923040528e-23)
(1.829159606333425e-08 1.316789686223326e-06 4.399301882899649e-22)
(3.296122009647032e-07 1.296054073405227e-06 7.988546352467443e-21)
(6.141073968417635e-07 1.237142962509576e-06 4.507943817304564e-20)
(8.53308603433918e-07 1.144347353870345e-06 2.404089130178628e-20)
(1.033444908275696e-06 1.02392337584354e-06 -3.616043061612403e-19)
(1.146156107152858e-06 8.835312414890296e-07 -2.941130032664199e-20)
(1.188720557495238e-06 7.315980217595982e-07 -1.493863182755933e-18)
(1.163815940564885e-06 5.766622149840095e-07 1.904985003054038e-23)
(1.078869909118541e-06 4.267561963904744e-07 -2.962111915769829e-21)
(9.45089136141419e-07 2.888729959408515e-07 1.465030815803265e-18)
(7.762739432218063e-07 1.685530988311217e-07 -4.610824207887134e-21)
(5.875351119062015e-07 6.961402487249411e-08 -6.336278813396929e-22)
(3.94025260008952e-07 -5.969091930587908e-09 -4.176500842918175e-23)
(2.097853391218969e-07 -5.803565056697638e-08 -2.696561069183268e-23)
(4.678632216798808e-08 -8.807919226006618e-08 1.615846920808301e-23)
(-8.577861215406345e-08 -9.897752503101827e-08 -1.278994323545398e-22)
(-1.819220132043145e-07 -9.464216924773923e-08 -3.639384392064426e-22)
(-2.390049074825376e-07 -7.961917127914249e-08 -7.491187288790755e-22)
(-2.576087044135148e-07 -5.867411451205162e-08 -1.616085958869125e-22)
(-2.411628074423322e-07 -3.639250701700865e-08 -1.557195474788525e-24)
(-1.953549290940708e-07 -1.682239302241992e-08 3.147923963775803e-23)
(-1.273235462204082e-07 -3.176238055893816e-09 -2.507266296645466e-23)
(-4.365096753814694e-08 2.32848882108575e-09 -2.676420732001436e-23)
(-1.340316931388859e-07 -1.802850231012731e-07 -4.05839785495373e-22)
(-3.896632741790147e-07 -3.847068820363869e-07 -2.220524836342855e-21)
(-6.002975643988086e-07 -4.841430222418674e-07 -2.641002999950264e-21)
(-7.450586539128022e-07 -5.038341740217465e-07 8.101015020109027e-21)
(-8.061094746141667e-07 -4.651676221989476e-07 4.002149285018796e-20)
(-7.740536060764358e-07 -3.882192319207408e-07 7.70515151560471e-20)
(-6.511220302547749e-07 -2.913267141829712e-07 1.316420328060798e-18)
(-4.536571231623931e-07 -1.89799239744097e-07 -5.039121264039337e-20)
(0.005085093246140591 -0.006043612074375388 -2.66361138025937e-18)
(0.004421623161421944 -0.006361491968970337 -1.996377266560179e-18)
(0.01986308009726178 -0.007379255030446603 -1.998276753674532e-17)
(0.02955372719514971 -0.008991361392450931 -1.965922186730943e-18)
(0.04196114593347931 -0.009596005534602154 2.029256899255982e-18)
(0.05399089733123236 -0.009097925042297937 4.406491201449123e-19)
(0.06469632279669035 -0.007503083517217049 4.804619533748291e-21)
(0.07277322349848117 -0.005102298922085979 -2.886813148279378e-19)
(0.07767939002435986 -0.002744603897535011 -7.408739107287986e-19)
(0.08004052365046922 -0.001116586420468184 -1.825987590187546e-17)
(0.08092871176123606 -0.0002940786656773346 -2.169432535751728e-18)
(0.08115464023023264 -8.591323131954807e-06 -1.747379621590635e-19)
(0.08112423753396657 8.399657294308038e-05 -8.562705875278047e-19)
(0.08085393450234746 0.000341146581515411 -1.232769608257857e-17)
(0.0799674758737972 0.001113524573607664 -3.255668227819668e-18)
(0.07767353314782824 0.002684981005769408 -1.108121822362981e-17)
(0.07288223104869879 0.005005393654420815 -2.25114826773434e-18)
(0.06493957937796159 0.007384929836439938 5.521680423466896e-19)
(0.05436350996824818 0.008989356534468623 3.479906090096967e-19)
(0.04241887811937613 0.009533843103828047 1.862623677216207e-19)
(0.03001549003881051 0.009001334784494502 1.277376520151305e-19)
(0.02019190395747031 0.007457608716391489 5.505001414242927e-20)
(0.004739544960171703 0.006476187877047733 2.303813723269337e-20)
(0.005281958183277802 0.006154777937397303 4.1437655324494e-20)
(-1.269336712586555e-06 7.155941371280415e-07 5.17689851802218e-26)
(-1.841145616938468e-06 1.132645033965519e-06 -2.856817252383303e-22)
(-2.248480235025191e-06 1.586706779846652e-06 -8.08862878932552e-21)
(-2.452815857356076e-06 2.05794142649424e-06 -1.05440289188049e-19)
(-2.441605840286737e-06 2.520257827659609e-06 -7.81861708478704e-19)
(-2.22330337267115e-06 2.945505291795242e-06 -9.920285991710226e-20)
(-1.823381318952731e-06 3.306782641125314e-06 -5.493517430259097e-21)
(-1.280363297227576e-06 3.581083942534678e-06 1.421847774399361e-22)
(-6.415866753532729e-07 3.751285131792931e-06 -1.024346146339515e-21)
(4.121714062502863e-08 3.807445001066364e-06 -1.637960991197932e-22)
(7.162951796884157e-07 3.747399985061907e-06 4.591099360550703e-20)
(1.335907952714627e-06 3.576667854570401e-06 3.081771646929249e-19)
(1.859746758042444e-06 3.307721009366714e-06 3.317283137339526e-19)
(2.257507125797385e-06 2.958734822097004e-06 2.517932215530984e-20)
(2.510472898300652e-06 2.55195289684617e-06 3.054380594530025e-21)
(2.612057875353742e-06 2.111833583346291e-06 8.980325909808866e-22)
(2.56734316063335e-06 1.663145668832967e-06 -1.027059562459956e-21)
(2.391728358662037e-06 1.229176505129897e-06 -2.663261575032625e-20)
(2.108882767083839e-06 8.301866138716576e-07 -2.76297112516538e-19)
(1.748223063861203e-06 4.822143018279378e-07 -2.768243181988698e-20)
(1.34216408238623e-06 1.962949457544479e-07 -5.016055865405724e-21)
(9.233855599244866e-07 -2.188070929035947e-08 -2.331829803892519e-23)
(5.223324444523711e-07 -1.718814198433175e-07 -1.009459397792329e-21)
(1.651249581655556e-07 -2.580669296410522e-07 7.333534971501057e-22)
(-1.279977163142366e-07 -2.888035024880501e-07 -1.207210650719909e-21)
(-3.436324465908459e-07 -2.754473678189711e-07 -3.541584343539381e-21)
(-4.755516524056658e-07 -2.311892786263062e-07 -5.442193109120124e-21)
(-5.244587367622916e-07 -1.698558304581152e-07 -8.687930842981666e-22)
(-4.972245457524537e-07 -1.04758721473809e-07 1.024184143771411e-22)
(-4.05690978022013e-07 -4.767011955426968e-08 4.795443361039769e-22)
(-2.651291730278497e-07 -7.976763563249229e-09 -1.224210111634801e-21)
(-9.142965243779668e-08 7.650647663922381e-09 -1.297134313064156e-22)
(-1.691851291971873e-07 -2.786561185755265e-07 5.179609304514808e-22)
(-4.903990655046172e-07 -5.932217615016444e-07 2.914840569282135e-21)
(-7.539083875806891e-07 -7.446906638416614e-07 2.052317270332792e-21)
(-9.326346632615445e-07 -7.727233464743105e-07 1.448301776289772e-20)
(-1.005303505066668e-06 -7.110230699682724e-07 4.902760682707227e-20)
(-9.619872275755739e-07 -5.911853981697794e-07 -9.172056308850308e-21)
(-8.075151235846512e-07 -4.418976434123509e-07 -9.513214693283049e-19)
(-5.637788682288924e-07 -2.868681385657587e-07 -1.687737032696268e-20)
(0.007218709196397229 -0.01242919270110881 1.082475066306824e-18)
(0.007300282659896107 -0.01672301655305678 1.632429741658969e-18)
(0.02781419204361913 -0.02038924502838958 -1.402987434174729e-18)
(0.04215118675707295 -0.02358582215638172 2.594349587253439e-18)
(0.05971926508858888 -0.02467121497558641 1.201864775180618e-17)
(0.0766956523620963 -0.02319846075212206 2.306176307173091e-18)
(0.09181089040914195 -0.01916094963288243 -1.409976032617985e-20)
(0.1031023885029043 -0.01314351457789937 -1.564673620625829e-18)
(0.1096809303680499 -0.007245054874826863 1.004881366726143e-18)
(0.1126669081402026 -0.003170392076360988 -9.467860493679302e-19)
(0.1137672736281521 -0.001042092773352578 1.797882974994764e-18)
(0.1140737191848398 -0.0001623811741258162 1.914079109716793e-18)
(0.114058872114846 0.0002783405583812127 1.919048474003627e-18)
(0.1137419785610601 0.00109326856458785 -1.033114503171532e-18)
(0.112685829750205 0.003107785110436015 -6.02223056616454e-19)
(0.1098248202064341 0.007060336465411246 -1.485336208621226e-18)
(0.103412390635019 0.01289417543161477 -1.188825988679262e-18)
(0.0922844535069841 0.01888814323059699 9.029451240655039e-18)
(0.07731328322253044 0.02297181318627493 2.391537449784396e-18)
(0.06041694085975183 0.02457296999476289 1.238118511162415e-18)
(0.04281806820915652 0.0236715839141243 9.73469381426559e-19)
(0.02828744167615382 0.02064993698455474 2.79101947345586e-19)
(0.007613969856562377 0.01707243832865743 8.131865456190822e-20)
(0.007436792718407664 0.01266597485346244 1.507847174466652e-19)
(-1.594476977890072e-06 1.092115590190044e-06 -4.740058439363802e-22)
(-2.304148528461079e-06 1.731666068872841e-06 -1.520648862489128e-21)
(-2.814292161648461e-06 2.429228136566468e-06 -7.427634611445095e-21)
(-3.074374540481737e-06 3.154339968099249e-06 -1.813163590675083e-20)
(-3.065595425726531e-06 3.866731667776218e-06 5.677916464455602e-21)
(-2.796127802816295e-06 4.522733623944872e-06 1.510804788709213e-20)
(-2.296413276931496e-06 5.080524650678125e-06 5.107815360362717e-21)
(-1.614065548155921e-06 5.504325198902021e-06 -2.38713219833746e-22)
(-8.083578467840344e-07 5.767504342920129e-06 -1.020172787426464e-20)
(5.550447375844703e-08 5.854602158524447e-06 -3.94075621667551e-20)
(9.120167269657808e-07 5.762242964907176e-06 4.549737281133695e-21)
(1.700549095726665e-06 5.498971156862442e-06 8.756795087643777e-20)
(2.369718071719602e-06 5.084107809401415e-06 6.723227340879951e-20)
(2.880680613855449e-06 4.545795275802357e-06 1.471227651597303e-20)
(3.209175831835748e-06 3.918452649490046e-06 2.828109736932661e-21)
(3.346251218606672e-06 3.23989867197466e-06 1.315374285995505e-21)
(3.297722157913959e-06 2.54840222555766e-06 -8.126372012294795e-21)
(3.082510754681776e-06 1.87991235933872e-06 4.688008111564961e-20)
(2.730094734799049e-06 1.265674139411797e-06 -9.018345641485843e-19)
(2.277348280519949e-06 7.303894011131355e-07 4.45747325789628e-19)
(1.76508259352125e-06 2.910205043277561e-07 2.724201216622164e-21)
(1.234592894514106e-06 -4.372610094561776e-08 1.022185569697902e-20)
(7.244883694089476e-07 -2.732576457897015e-07 -1.953436235742825e-20)
(2.680314307858082e-07 -4.043633957593034e-07 1.878051714953314e-20)
(-1.088527791505379e-07 -4.499995431677664e-07 -7.726590189406568e-21)
(-3.888079173693278e-07 -4.277211869581625e-07 -3.267660706287056e-20)
(-5.635009899015563e-07 -3.579056789848351e-07 3.958372201724511e-19)
(-6.333427503038796e-07 -2.619157971681848e-07 -2.394026109719613e-22)
(-6.065662253632552e-07 -1.603454557590019e-07 1.641307501939238e-21)
(-4.977916817977199e-07 -7.14708629167383e-08 4.548461632692994e-21)
(-3.262342617122794e-07 -9.993103460570756e-09 -5.132429394886629e-20)
(-1.12861575750131e-07 1.334844435076684e-08 8.549613682580856e-22)
(-1.763948376549279e-07 -3.479263062725058e-07 -9.877128163480514e-21)
(-5.101743316060156e-07 -7.374221362918543e-07 1.016809919820252e-19)
(-7.82428315404364e-07 -9.221730199720363e-07 1.792664357225433e-20)
(-9.645999555917169e-07 -9.529387798006689e-07 6.965611279844157e-21)
(-1.035763855516741e-06 -8.728327435475816e-07 1.512008945396415e-20)
(-9.874725129112132e-07 -7.221859730085697e-07 6.43124213689014e-21)
(-8.266211522457365e-07 -5.373979381371932e-07 -3.410779316007554e-20)
(-5.77143995594831e-07 -3.481619757177276e-07 -3.061936340764283e-20)
(0.008806116021809706 -0.02103650074747406 2.87132566901279e-18)
(0.009263678586179979 -0.02958279644008187 1.708240718624754e-17)
(0.0325212235230873 -0.0369599438952954 -1.876511110775557e-19)
(0.0496991881438734 -0.04221927134932136 1.670456273981126e-17)
(0.07055655587082123 -0.04390781165361717 1.140714160694968e-18)
(0.09082788148561469 -0.04119915632466227 -3.026732510127723e-18)
(0.1090205337754786 -0.03396941733181449 -5.675272213526276e-19)
(0.1222282157237571 -0.0229224663872766 -1.825993328490787e-17)
(0.1289771322516685 -0.01221678367048141 1.462604748219549e-17)
(0.131312926697241 -0.005166831505665245 1.576089879931425e-18)
(0.1319142208615904 -0.00169210181984037 1.831285480143077e-17)
(0.1320400487427082 -0.0002938632385356343 1.363778512788106e-17)
(0.1320506667131432 0.0004131891922916428 1.44014426589848e-17)
(0.1319633314358279 0.001708052651869236 4.307870289695016e-18)
(0.1314508940554042 0.004999866978616647 6.170194322288984e-19)
(0.1292903221791595 0.01186181114382986 9.62265494840481e-20)
(0.1227203886951939 0.02250488021498756 -9.642344979378593e-18)
(0.109641144604213 0.03354241949688132 -1.996578808379859e-18)
(0.09155763913484012 0.04086369038254903 9.651767313721454e-18)
(0.07134075575841005 0.04379695242254333 1.220853139124704e-17)
(0.05043418936250705 0.04242417156333667 1.16210709816102e-17)
(0.0330452471220896 0.03747500089605785 2.040606854595847e-18)
(0.009534335725196824 0.03020833065008077 2.699045442559183e-19)
(0.00903181288505225 0.02143444630769457 2.168160275329902e-19)
(-1.648628262664042e-06 1.3399411727149e-06 -9.370860795515007e-22)
(-2.377468778466153e-06 2.126483382869837e-06 -4.828616606256179e-21)
(-2.905414980002713e-06 2.987383078043981e-06 -2.081025288916963e-20)
(-3.178332353872453e-06 3.884787973590896e-06 -2.982222331426842e-21)
(-3.174231508913054e-06 4.768349283812423e-06 -6.115922601416481e-18)
(-2.899449143125687e-06 5.583284974136279e-06 1.008910755849876e-19)
(-2.384081545746958e-06 6.277077622920089e-06 1.392994388186512e-20)
(-1.676706453057446e-06 6.804771681958796e-06 -3.379257220512464e-21)
(-8.385515685412417e-07 7.132901599608745e-06 6.59422496343897e-18)
(6.259888595677721e-08 7.242029460645914e-06 -2.019642128884165e-19)
(9.583830567899687e-07 7.127877340302839e-06 -3.951460484773895e-21)
(1.785331675164571e-06 6.801098772437134e-06 -2.894408100943387e-18)
(2.489476518086325e-06 6.285820414296149e-06 4.699672390375108e-20)
(3.029823024234581e-06 5.617171349744585e-06 2.40968991267147e-20)
(3.380514431439597e-06 4.838084247804652e-06 5.636892706354047e-21)
(3.531627044989476e-06 3.995690991464478e-06 -8.559961630358288e-21)
(3.488647923005237e-06 3.137639181877058e-06 -1.801777443528264e-19)
(3.270785189249652e-06 2.308640456901467e-06 8.830107527962235e-20)
(2.908345964451565e-06 1.547507348311329e-06 7.953343636987775e-19)
(2.439471044513963e-06 8.848746738988346e-07 4.428099497183645e-20)
(1.906543859498972e-06 3.417256225376445e-07 -8.183461808697784e-19)
(1.352591885145317e-06 -7.123348629429734e-08 -7.003474949021063e-19)
(8.179710035622397e-07 -3.533790231584821e-07 -3.558455914532865e-19)
(3.375730088290728e-07 -5.132463268240099e-07 -4.675177726071843e-19)
(-6.127085619824033e-08 -5.670118438953677e-07 7.983035835010902e-19)
(-3.600948303199509e-07 -5.365456726592215e-07 4.251273702435282e-19)
(-5.497936529362014e-07 -4.472139476778157e-07 3.842617994396982e-20)
(-6.303584939763114e-07 -3.256159481499347e-07 2.32693881662415e-20)
(-6.099605487918129e-07 -1.97436566635488e-07 1.065065290103671e-20)
(-5.035288391290688e-07 -8.557721252121198e-08 -1.583727135191359e-19)
(-3.310085397391816e-07 -8.68936629084844e-09 -1.614533687287962e-19)
(-1.147835005356154e-07 1.908813803650237e-08 7.204311293547567e-20)
(-1.629793281922743e-07 -3.792073834697762e-07 -7.981651619252805e-19)
(-4.703794714322777e-07 -7.997429150551072e-07 -2.414883833017686e-18)
(-7.19416129557832e-07 -9.958402324514865e-07 9.781856868111915e-20)
(-8.836432729843299e-07 -1.024328193125965e-06 7.271241295378094e-21)
(-9.450607936533809e-07 -9.334878300175375e-07 2.212018397312844e-21)
(-8.9774802239644e-07 -7.68364074085065e-07 -3.498558698802246e-21)
(-7.497002723223095e-07 -5.693514757987295e-07 -6.51735383953024e-20)
(-5.236394099439323e-07 -3.688477309528662e-07 -4.925506923673813e-19)
(0.009419319157858767 -0.03056276697090381 5.32707988478203e-18)
(0.009906683821882161 -0.04343154377083513 -1.26621490340081e-18)
(0.03402143787663768 -0.05528272598143059 -1.480875571307905e-17)
(0.05249652277566229 -0.0630863241452928 -2.511296552600131e-18)
(0.07482147477027386 -0.06563209440010408 -1.917367458853867e-17)
(0.09672237306840527 -0.06173432911952711 -1.77073665998002e-17)
(0.1168284415210912 -0.05086494886651665 -4.450502645008874e-18)
(0.1307321045115866 -0.03315252098164696 -1.232808884643809e-17)
(0.1360120864525984 -0.01627657585944212 -2.121711010815739e-18)
(0.1363505518088717 -0.006153586074210409 -1.200677105278197e-17)
(0.1358568733541195 -0.001828812074372274 -1.304614530039875e-18)
(0.1356664192281133 -0.0003195758580509577 1.520335211097474e-18)
(0.1357045482599721 0.000349294920435195 1.671303346355801e-18)
(0.1359808002403498 0.001724220562797353 8.810371505684726e-18)
(0.1365936310372816 0.005805412368993483 2.042411452047956e-18)
(0.1364649006257805 0.01569847155429377 -1.438778100439818e-18)
(0.1313077381118065 0.03260047622222668 -2.064922344447482e-18)
(0.117382743144187 0.05034298652289462 -9.819194628956989e-18)
(0.09726931496411689 0.06133243031470029 -4.866141196174939e-19)
(0.07537089302280267 0.06552533186220463 1.710632023811105e-18)
(0.0530224817535116 0.06339901004347587 1.935190517243655e-18)
(0.03442587482211558 0.05604721228224409 4.442284327350652e-19)
(0.01022023735554351 0.04433269223286163 8.697806591675345e-20)
(0.009621982611447635 0.03108284429119732 1.60139918198801e-19)
(-1.509802892490572e-06 1.43596404112334e-06 -6.783204428684982e-22)
(-2.173107558206978e-06 2.278354267515152e-06 -3.17138590826163e-21)
(-2.65677898563855e-06 3.204283537541243e-06 -2.34679321345988e-20)
(-2.909950448268857e-06 4.172873462272332e-06 -1.670541720320365e-19)
(-2.910387159258711e-06 5.129031706877125e-06 -1.150194057616092e-18)
(-2.662003587960721e-06 6.012676643980981e-06 -1.33617716729473e-19)
(-2.191071568124169e-06 6.766151594902493e-06 -1.082790899905286e-20)
(-1.541448231371159e-06 7.340058138624768e-06 -1.738654228448529e-21)
(-7.691265780243942e-07 7.697593558288543e-06 -1.028643139924318e-20)
(6.350367601735962e-08 7.817350308483417e-06 -4.025632802862248e-20)
(8.932743374668803e-07 7.694549340340941e-06 -4.676394183707398e-21)
(1.661357051974816e-06 7.340762185197545e-06 3.687189904689187e-20)
(2.317563583040857e-06 6.782281328546929e-06 2.451739200765762e-20)
(2.823586908725501e-06 6.057389528779742e-06 1.018606203872337e-19)
(3.15503247152191e-06 5.212845424690856e-06 2.185082850367638e-20)
(3.302188685913631e-06 4.299938757491969e-06 1.269664741826e-20)
(3.269584274342421e-06 3.370473376411329e-06 4.38477715050942e-20)
(3.074469644842375e-06 2.473010699892783e-06 2.091161427006271e-19)
(2.744432771707738e-06 1.649653879105454e-06 2.762132257299041e-20)
(2.314411465221709e-06 9.335818239275236e-07 1.110729826607804e-22)
(1.823392400936803e-06 3.474628970251696e-07 7.874285224104116e-22)
(1.311088437380074e-06 -9.720599009695099e-08 1.192789155589164e-20)
(8.148642384728016e-07 -3.998687892743484e-07 -1.92960597136124e-20)
(3.671369746675347e-07 -5.698902767855749e-07 1.888854302748073e-20)
(-6.582328406835349e-09 -6.248993397835927e-07 -6.872917218592382e-21)
(-2.889145821988008e-07 -5.886779694442993e-07 -2.704213348959099e-20)
(-4.710865378253432e-07 -4.887907081321482e-07 4.182596524414565e-21)
(-5.527107443651811e-07 -3.541540493802572e-07 5.421722807682318e-21)
(-5.409829465514559e-07 -2.127423824845709e-07 2.539424470646023e-21)
(-4.494409288239654e-07 -8.962088173379459e-08 6.239186057587646e-21)
(-2.964488113221982e-07 -5.469264311759462e-09 5.047504407136866e-21)
(-1.030264124520414e-07 2.345065507660662e-08 2.335941412503495e-21)
(-1.35890503170455e-07 -3.669688177134617e-07 2.699304462989665e-19)
(-3.912989319552291e-07 -7.706415410223266e-07 -3.390524350051818e-18)
(-5.96617855356564e-07 -9.559054123756822e-07 6.707808029971017e-20)
(-7.299337463276262e-07 -9.790623147383493e-07 -2.022811632182739e-20)
(-7.776012960979649e-07 -8.881434641391101e-07 -7.935734810930382e-21)
(-7.364500709708226e-07 -7.277542979494678e-07 -3.588745078563898e-21)
(-6.144622180150744e-07 -5.375485154328341e-07 -1.569465209963097e-20)
(-4.304250433928916e-07 -3.489446664694563e-07 -1.506939266077153e-19)
(0.009757298304018098 -0.04034546165066191 1.633451192575353e-18)
(0.009098473387709298 -0.0571882842436308 -2.547440327763937e-18)
(0.03290666199786378 -0.07399847507158996 -2.338909406352496e-17)
(0.05119868980264648 -0.08440426436612752 -3.777502600011758e-18)
(0.07271642542220091 -0.0878595236712562 -5.581792148994503e-18)
(0.09392104448798955 -0.08292764822925409 -1.986476634729757e-17)
(0.1144997096776135 -0.06806607973456313 -4.341593097059738e-18)
(0.1276522560959139 -0.04114528525848308 -2.810902199256702e-18)
(0.1300969800883393 -0.0168951249478385 -1.184578999942846e-18)
(0.1276801480455725 -0.004672077389916538 -1.468461526785551e-17)
(0.1260844419534268 -0.0008953429402132029 -4.046873273295476e-18)
(0.1257792624398138 -3.875667895354057e-05 -3.171789512196592e-19)
(0.1258417043107846 0.0001327540791774579 2.729338430724694e-19)
(0.126268800302163 0.0008392520226168372 -1.668273548632793e-17)
(0.1279959868397149 0.004319933078613313 -2.227859545607414e-18)
(0.1306486117562114 0.01628591445501399 -1.221017827698839e-17)
(0.1281569235345335 0.04075362141892048 -5.354286322597131e-18)
(0.1146375441844736 0.06769213235815244 -2.548826246560556e-18)
(0.09378956918928977 0.08258773183442268 -1.00772427288159e-17)
(0.07245267981948161 0.08777336752279663 -1.903733968125978e-18)
(0.05094307479739156 0.08470570563417397 -7.873548371127454e-23)
(0.03277430425736069 0.07478811369959903 5.665160372162061e-20)
(0.009593824589569141 0.05820010405382151 3.573875129412997e-20)
(0.009673277149699651 0.04081605017195481 6.209366725908398e-20)
(-1.250891886983921e-06 1.374200388397882e-06 -1.101706346628468e-21)
(-1.795587047102734e-06 2.177776038012405e-06 -2.008832506231116e-21)
(-2.194687376854939e-06 3.064556314756953e-06 -1.595928276329748e-20)
(-2.405876864081807e-06 3.99529371516473e-06 -1.246747470216438e-19)
(-2.40917132053424e-06 4.916510720316507e-06 5.911544962732632e-18)
(-2.206131758274252e-06 5.769695094740533e-06 -1.177003339213432e-19)
(-1.817310646038718e-06 6.498523842095316e-06 -1.224507474540611e-20)
(-1.278394703548447e-06 7.054620257353553e-06 -4.642070049064594e-22)
(-6.355770570632899e-07 7.401885331922119e-06 -1.071585744599389e-21)
(5.932900797641499e-08 7.519271592164225e-06 -4.451559359540406e-21)
(7.536476714434248e-07 7.40198289954537e-06 -6.817839033907275e-22)
(1.39815748720698e-06 7.061173763364854e-06 2.427029238054029e-21)
(1.950713439778304e-06 6.522327032652386e-06 4.640873632770807e-21)
(2.378980871283864e-06 5.822567614107137e-06 2.025028858021769e-20)
(2.662160333435828e-06 5.007225703945349e-06 7.930848404650916e-21)
(2.79166341032519e-06 4.125996814988739e-06 2.54291696522726e-20)
(2.77078268546508e-06 3.229041105279898e-06 -1.528007163332558e-18)
(2.613465151002185e-06 2.3633424464987e-06 -1.273971635461707e-18)
(2.342360089640193e-06 1.569600461714108e-06 8.910048878170297e-19)
(1.986353976558613e-06 8.798491831831521e-07 -4.829463658400916e-20)
(1.577830659409748e-06 3.159310618879333e-07 -2.589999906061205e-21)
(1.149901509830097e-06 -1.111292510936734e-07 7.675143737421149e-22)
(7.338273650758049e-07 -4.0088595770673e-07 -9.034082501125084e-22)
(3.568283230471645e-07 -5.624684850508415e-07 7.367697562869393e-22)
(4.04231698070091e-08 -6.129692115857039e-07 -9.78487487349719e-22)
(-2.006147391301564e-07 -5.754032830805958e-07 -1.90994009007504e-21)
(-3.586687080159344e-07 -4.76431973085137e-07 3.827151695143547e-22)
(-4.331134199936533e-07 -3.440390611846072e-07 8.495537095523256e-22)
(-4.296850731987231e-07 -2.053454160836639e-07 4.082681153208805e-22)
(-3.595224870803627e-07 -8.474553083053274e-08 6.132329510457892e-22)
(-2.379829304454697e-07 -2.557692049609062e-09 3.895730730740772e-22)
(-8.290063270960889e-08 2.475486591058183e-08 -3.738778577540052e-23)
(-1.016152556070253e-07 -3.106561728711404e-07 2.563644122259054e-18)
(-2.918166848636749e-07 -6.515984491400201e-07 -3.718717872346314e-18)
(-4.434275250886095e-07 -8.065744036851036e-07 6.05356157022685e-18)
(-5.403928525922995e-07 -8.238882954116761e-07 -1.359551915065408e-19)
(-5.736887995358235e-07 -7.453839587275718e-07 -3.632048483949169e-20)
(-5.422879610134015e-07 -6.095857717977604e-07 -1.147769140632767e-20)
(-4.532331616454582e-07 -4.501809818726471e-07 -6.669770686184031e-21)
(-3.20168786096045e-07 -2.937456939997724e-07 -9.615126330936905e-20)
(0.01246402069478219 -0.04977954647999939 1.981281664561271e-18)
(0.009128874658339304 -0.07096672711074757 -2.54022739998612e-18)
(0.03165860123063339 -0.09229961541455918 -1.560269232175349e-17)
(0.04784650678790978 -0.1043181000990485 -4.257685004795637e-18)
(0.06524643529240759 -0.1084738971607439 -1.259141238850119e-17)
(0.08205439273084136 -0.1037633133854018 -4.384115226974546e-18)
(0.1004456226580653 -0.08738129208454697 -1.836057986986565e-18)
(0.1086128017150307 -0.05291992086079095 -1.635773894430611e-18)
(0.1079148304079683 -0.01672970240412868 -1.839103439295369e-18)
(0.1046389349050003 -0.002684035423521878 -1.473554121561483e-17)
(0.1032759911923081 -0.0006743836476163807 -4.127786398601443e-18)
(0.1034200618667563 -0.0004843213703135114 -7.470873821008664e-19)
(0.1034910067337995 -0.0001925530803119025 -3.091799620562833e-19)
(0.1034695892985801 -0.0001495121212378264 -1.823455844577283e-17)
(0.1049184738188562 0.001511299223384545 -3.639394954144261e-18)
(0.1083398868496834 0.01537143949499647 -1.234417256636091e-17)
(0.1085593223642065 0.05252390333851834 -1.305056430788423e-17)
(0.09958023465992057 0.08739557023895786 -1.888343036861657e-17)
(0.08049907938630428 0.103676674781239 -4.427637822757883e-18)
(0.06322889325204042 0.1084808388093327 -7.841043933231487e-19)
(0.0456595358196091 0.1043925491476175 -1.2966134162623e-19)
(0.0298095338829565 0.09251648748728775 2.566291158331403e-20)
(0.009026474522063293 0.07142903636938994 1.012433100186162e-19)
(0.01106462596398462 0.04991473100139734 4.038720410687932e-19)
(-9.343415598959959e-07 1.167030382909565e-06 -5.203461338464188e-21)
(-1.335149152487981e-06 1.845450073728605e-06 -2.597174311098939e-21)
(-1.629763698596937e-06 2.595745587348139e-06 -1.369058895478797e-21)
(-1.787147955692242e-06 3.38484100539764e-06 -5.58408623768529e-20)
(-1.791171293341175e-06 4.167586314638566e-06 -1.905543856524186e-18)
(-1.641621595875175e-06 4.89406060944636e-06 -5.085301630996782e-20)
(-1.352866437333809e-06 5.515833691314108e-06 7.069656562719616e-21)
(-9.509567207494941e-07 5.991149330400805e-06 6.918209521804507e-21)
(-4.700737789094418e-07 6.288779120577209e-06 3.993878331380844e-22)
(5.118362808457025e-08 6.390458555220052e-06 -5.277767733600719e-22)
(5.733950943459347e-07 6.291914276216649e-06 -2.321728507928904e-21)
(1.05958209033934e-06 6.002582610117012e-06 -1.4941366009323e-22)
(1.477951141350521e-06 5.544191421457149e-06 8.899672317365877e-22)
(1.803971033738968e-06 4.948435597506261e-06 2.550633541864597e-21)
(2.021690816445985e-06 4.254023954841993e-06 3.54018784864205e-21)
(2.124276624582448e-06 3.503389843118179e-06 1.88605054129318e-20)
(2.113798017426647e-06 2.7393565322254e-06 8.63118395287537e-20)
(2.000343739641292e-06 2.002026418204971e-06 3.626807136505537e-20)
(1.80059049227643e-06 1.326130629465802e-06 -2.680485831993128e-19)
(1.535978816873031e-06 7.389965938071181e-07 -2.238527356802273e-20)
(1.23067090282696e-06 2.59241350877772e-07 -4.554884340745018e-23)
(9.094770735544903e-07 -1.037596024136794e-07 1.670244828055751e-21)
(5.95913111622816e-07 -3.496626474639927e-07 1.470174709814367e-23)
(3.105381088906733e-07 -4.862873598670842e-07 -2.453073284394219e-22)
(6.968203471440643e-08 -5.282289154879844e-07 2.098068455309922e-22)
(-1.153609133514727e-07 -4.951123764984752e-07 -4.421727147875665e-22)
(-2.386590840787158e-07 -4.09658474192343e-07 9.611865780548142e-23)
(-2.995364823892661e-07 -2.957211701476166e-07 1.276302860853224e-22)
(-3.02132753710895e-07 -1.764511306492417e-07 -1.524425079104827e-22)
(-2.547627163356067e-07 -7.271648227019634e-08 -1.882863924936627e-22)
(-1.691498151046625e-07 -1.929370539418065e-09 1.619723179918473e-23)
(-5.910991776662778e-08 2.167688834044134e-08 2.647972390420759e-23)
(-6.571805350559165e-08 -2.160921157082218e-07 -1.379752336582885e-19)
(-1.880399121260458e-07 -4.574611900867026e-07 6.923236348359066e-20)
(-2.84719910939753e-07 -5.679787279423698e-07 -1.356137068810228e-19)
(-3.459819312679694e-07 -5.810234759949517e-07 -5.306600034757713e-20)
(-3.666527309715032e-07 -5.26725245192719e-07 -5.091890462351511e-20)
(-3.46512140007838e-07 -4.326218317439456e-07 -1.967756955649212e-20)
(-2.908349673444097e-07 -3.222175713659542e-07 1.132350565543914e-22)
(-2.08825577124698e-07 -2.133447644658837e-07 4.72264066843031e-20)
(0.02637624039960592 -0.05410807582791757 -3.389709352837509e-19)
(0.02109738932799059 -0.08494687746486791 1.271958873155281e-18)
(0.03663477185555482 -0.1081587353688099 -1.894844230470985e-17)
(0.04603870268941845 -0.11880810594936 6.351367513875875e-19)
(0.05337759544100711 -0.1215383036942998 2.411339814922738e-19)
(0.05802336929554086 -0.1157170972536306 2.244295462944345e-18)
(0.06369333755119945 -0.09457788984745003 -3.459838441861135e-18)
(0.05754311118658138 -0.04367882832033484 -7.226725599690279e-18)
(0.06950438859563834 -0.02085125024554214 -3.572352866202911e-18)
(0.073147271846164 -0.005431550947493425 -2.900119912353975e-18)
(0.07226298624601271 -0.00136583863283516 -4.116646528748938e-18)
(0.07196495600812719 -0.0003501280087351229 -1.951432721463568e-18)
(0.07200694593341782 -4.348875300726371e-05 -2.526282444372321e-18)
(0.07238622996166248 0.0008777920781914457 1.246266493191377e-18)
(0.0733286425457606 0.004825053173076387 -5.679574075617011e-18)
(0.06951771816862409 0.02044722103637634 -1.107890447950572e-17)
(0.05645905894512599 0.04517541490971098 -4.396367363214613e-18)
(0.06196388796352949 0.09568321494170574 -3.095189299944405e-18)
(0.05438365991571203 0.1164844843662427 -1.293712478556778e-19)
(0.04842260311698074 0.1221494387954655 -6.953269018454502e-19)
(0.04001337166940258 0.1188474476335433 -3.98790027359758e-19)
(0.03034560238693507 0.1074363072558538 2.105266257985462e-19)
(0.01639434222722485 0.08413208834484789 4.475558892448566e-19)
(0.02006008067788909 0.05388301829345999 1.15856642566456e-18)
(-6.063963081306273e-07 8.444002432637238e-07 -2.674338598986065e-20)
(-8.605201322862965e-07 1.329081267115867e-06 -1.461024335457745e-20)
(-1.04822433989152e-06 1.86371049030673e-06 3.302537367194163e-20)
(-1.149378433056686e-06 2.426196148383811e-06 -5.289960202272659e-20)
(-1.152456986389355e-06 2.985037853117829e-06 1.658550009811244e-18)
(-1.056538411763888e-06 3.504615497814702e-06 -6.396922749233378e-20)
(-8.704096015530165e-07 3.950069530633815e-06 9.692557184874889e-20)
(-6.105502420830806e-07 4.291229002023091e-06 8.930905555313058e-20)
(-2.988161478308798e-07 4.50546894039186e-06 -3.502774276058782e-20)
(3.994377493609508e-08 4.579487653617789e-06 -1.036642131953181e-20)
(3.802181234467336e-07 4.510062690000864e-06 -3.173168878037102e-20)
(6.979678672507789e-07 4.303845424355728e-06 -1.633826737009283e-21)
(9.724317171859974e-07 3.976328111866389e-06 1.595611213507798e-20)
(1.187495884728178e-06 3.550165672390362e-06 1.981789565436234e-21)
(1.33257043412262e-06 3.053054991331136e-06 -3.863916096679016e-21)
(1.402958416409994e-06 2.515380483601681e-06 -4.282196088613104e-20)
(1.399738331058203e-06 1.967830657122313e-06 -2.260360199578953e-20)
(1.329213711379323e-06 1.439167674689398e-06 -4.394701711440088e-20)
(1.202005887155949e-06 9.543279726382018e-07 -2.280916660751758e-20)
(1.031884159083483e-06 5.329550173095114e-07 2.123042580594438e-20)
(8.344491447273366e-07 1.88448233013537e-07 1.039197939437064e-20)
(6.257913548481618e-07 -7.242735575176097e-08 -9.437047974753183e-22)
(4.212267205824273e-07 -2.493991652346221e-07 4.307482410716015e-21)
(2.342065501503539e-07 -3.480627865213949e-07 5.103856049254696e-21)
(7.547376845696251e-08 -3.78873604495617e-07 1.660182298880549e-20)
(-4.748163771374232e-08 -3.558788784332795e-07 -5.9428205162021e-21)
(-1.306577904998992e-07 -2.953229346300832e-07 7.189564066704904e-22)
(-1.735003291889001e-07 -2.142428999679159e-07 -5.770423152440056e-21)
(-1.786582744255126e-07 -1.291702010944816e-07 -5.011729409053742e-21)
(-1.516534759370917e-07 -5.49979379378077e-08 -5.568141667181908e-21)
(-1.006066465148716e-07 -4.051379336673163e-09 -8.352946049672037e-22)
(-3.562354354945808e-08 1.402732658384331e-08 -3.641528655149989e-23)
(0.06874625306544357 0.01160100212248439 6.994612029921215e-19)
(0.06959396208012048 0.006486592578421498 2.087008729117376e-18)
(0.06850833402289101 0.0025320703494964 -9.636027017149353e-19)
(0.06707395518260835 0.0001831741977757484 -4.038652233677049e-18)
(0.06604255841313497 -0.0006266588440974512 3.562688367048034e-19)
(0.06586263699274608 -0.001646833799173394 3.882168497176892e-18)
(0.06662416534391613 -0.005617668979331488 4.255888720104802e-18)
(0.06359701425638892 -0.02048791315225246 2.057980023926057e-18)
(0.05297266555000445 -0.04179320506124992 1.240339266943459e-18)
(0.05938927843302699 -0.09093834421692838 1.823979304326214e-17)
(0.05518937405732147 -0.1131484406640518 -1.321662163579129e-17)
(0.05169175239228852 -0.1209507974188957 1.686003567231169e-17)
(0.04551515280450562 -0.1203804490550762 4.72581830129466e-18)
(0.03689878262838298 -0.1114937674752794 2.056832346201147e-17)
(0.02194457142407694 -0.08908506233496535 -1.542085467682545e-17)
(0.02788318504340662 -0.05647275879892058 -1.388254766489238e-18)
(-5.67924373177757e-07 4.624937695318909e-07 -3.118546830922562e-21)
(-7.643511656290139e-07 6.241290402258376e-07 -1.604120576070412e-19)
(-8.75692628418169e-07 7.187295415159861e-07 1.801138434356762e-18)
(-9.033380136270856e-07 7.526773166026748e-07 2.296906386993968e-18)
(-8.571062125413073e-07 7.323337633008571e-07 5.03128109329788e-18)
(-7.514730640885599e-07 6.632413622241831e-07 -2.999905239918025e-19)
(-6.017327683132886e-07 5.507347699629586e-07 -5.241959251480297e-20)
(-4.203302769430553e-07 4.013784371051377e-07 1.856991812717839e-19)
(0.02606346073480742 0.05846295113481064 -4.131294966416832e-18)
(0.01961973036500105 0.09205181346902877 -5.644513405534153e-19)
(0.03071945565197939 0.1143669259698291 -8.039174472977231e-18)
(0.0366361306080779 0.1229461408212729 8.800177413423874e-18)
(0.03998317655176779 0.1223814337201689 1.068680141918735e-17)
(0.04123088020426499 0.1129234346860369 2.202364503070644e-18)
(0.0434586164862771 0.089599397905627 9.521653088958526e-18)
(0.03795736098251765 0.04148543440386028 7.993592191288446e-19)
(0.04480834952402022 0.02041276638082099 2.205703099217775e-18)
(0.04681377814539935 0.004755337476998489 2.174777601874181e-18)
(0.04712125843938954 -0.0001010361319552775 3.106525461310834e-18)
(0.04890315621785641 -0.001777776991629345 2.843113079775909e-18)
(0.05163169093328829 -0.002374980674351316 2.526006780309943e-18)
(0.05470093928172019 -0.002502875079466624 2.475993430099001e-18)
(0.05760849045661353 -0.002226531579716415 2.886906067277474e-19)
(0.05997271685116805 -0.001648062248917978 -2.837635610918291e-19)
(0.06161555695956547 -0.001002938389754974 4.810455443156978e-19)
(0.06261308105667207 -0.0004971568407816059 1.431514256358202e-18)
(0.0631676236532606 -0.0001962185171145686 1.293101369698022e-18)
(0.06346754304381232 -6.111906438413528e-05 1.361928533638686e-18)
(0.06363787164445818 -2.226422324539323e-05 1.516071729971422e-18)
(0.0637439551659109 -1.405847726767976e-05 1.280297303712058e-18)
(0.06380007613573273 2.010717059283608e-05 1.133104114406936e-18)
(0.06377112380915213 0.0001194918967959874 1.740624602995116e-18)
(0.06359240184099557 0.0002689450436536308 -1.460243603559597e-19)
(0.06324977943501411 0.0003721461697506657 2.122128924762888e-19)
(0.06285717140802421 0.0003227294888636771 4.142252913689534e-19)
(0.06259624766717052 0.0001161325386987792 -8.884700327649161e-19)
(0.0625898145665897 -0.0001541693857466694 7.756721566379984e-19)
(0.06283860654099711 -0.0003573465655750094 2.858627364922123e-19)
(0.06321956217514982 -0.0003964691777874456 -1.405422369524339e-20)
(0.06354673408205992 -0.0002721332919007547 -5.90809489404105e-22)
(0.06369978950027697 -9.091860269738088e-05 2.081990895865417e-19)
(0.06369124783041025 4.393689531578511e-05 4.100959134948128e-19)
(0.06359486230390507 0.0001038676017933409 2.124685618298419e-19)
(0.06346905657338142 0.0001077975131063512 1.071241732057692e-19)
(0.06334571151038007 8.691256277592362e-05 -1.600115624136898e-19)
(0.06323955369437494 7.469528122550567e-05 2.479108187485654e-19)
(0.06331624497947881 9.262844184158244e-05 1.938618497179064e-19)
(0.06299059685554294 0.0001295283186817023 7.136959417847966e-20)
(0.1015987076490712 0.02099842378558036 2.223721657209143e-18)
(0.1053221318039195 0.009921190523586289 2.701987567545686e-18)
(0.09991258981702567 -2.720719547705838e-05 -7.828471435946618e-19)
(0.09670836622463636 -0.00196944695520892 -1.906173289636481e-17)
(0.09492458186173204 -0.001575277707450406 -5.04248046409385e-19)
(0.09408735006326556 -0.001263044257012427 3.542204181493018e-18)
(0.0952308143021427 -0.003203659885360952 3.827010077384902e-18)
(0.09850182670929543 -0.01677616446784554 2.180404538464044e-18)
(0.09978931642443331 -0.05148263730662176 -1.754179511288261e-17)
(0.09310553386027377 -0.08523394211671718 1.095352941323796e-18)
(0.07679979918170626 -0.1027576702099636 1.120675309754016e-18)
(0.06167515511619395 -0.1092559989245908 3.807958772016958e-18)
(0.04571520883155038 -0.1069384257100905 5.630748111082771e-18)
(0.03038497398974365 -0.09622061771322721 1.408994388842816e-17)
(0.008790268074064708 -0.07538543770769651 2.668573207944038e-18)
(0.01248010799601501 -0.0527188217109207 1.351255959163327e-18)
(-9.298038478498197e-07 7.976049620460335e-07 -1.602820003005437e-19)
(-1.247114546342257e-06 1.078014211328138e-06 -4.225418053754455e-19)
(-1.422695348317175e-06 1.243798045729924e-06 -4.579765889492086e-20)
(-1.463626755515701e-06 1.300153252148037e-06 7.667489577629596e-20)
(-1.389177601707724e-06 1.256252972284006e-06 -3.240812463545261e-19)
(-1.221569431932197e-06 1.124332012190227e-06 3.36678372917011e-18)
(-9.818748625900833e-07 9.196426190658663e-07 -1.698583102180686e-19)
(-6.884773436476727e-07 6.591294673353662e-07 -3.012785813854533e-18)
(0.00984027395413266 0.05708116902680434 6.548827046546199e-19)
(0.005767667239840802 0.08146840001755123 -2.189735694873026e-21)
(0.0217136474662547 0.1027209588183986 -1.555960738997156e-18)
(0.03299733292710667 0.1132759752278956 2.521018906729178e-18)
(0.04433516190953323 0.1143527152829776 3.281042874698069e-18)
(0.05509134006037941 0.1058279048471254 9.446655581553407e-19)
(0.06713904594423512 0.0861938017502885 1.499642572976872e-18)
(0.07126101774460868 0.05181642181232179 1.153291776387167e-18)
(0.06889867778241597 0.01686463317836785 1.742745761887557e-18)
(0.06620194244270182 0.002169185035866862 1.691832224404752e-18)
(0.06657463002882706 -0.0008660475409877551 1.762093619183094e-18)
(0.06978046525454451 -0.001560415556487399 6.456222981964476e-19)
(0.07408583273935287 -0.002096496337683888 5.97609989596278e-18)
(0.0787473434727632 -0.002342706916444318 2.758151709081372e-18)
(0.08315112934757933 -0.002091607811880474 1.614141631138709e-18)
(0.08667685131555763 -0.001382888125982518 1.280763420110249e-18)
(0.08901207935001833 -0.0006394596283328296 1.058326604861678e-18)
(0.09037373563814811 -0.0001431551919439701 1.333985201626181e-18)
(0.0911186476948031 8.186670671396222e-05 1.080684455326308e-18)
(0.09152257129982405 0.0001269933224383971 1.074683147581111e-18)
(0.0917590021846079 8.291748146589465e-05 9.123067425965536e-19)
(0.09191875003896817 2.083746650691352e-05 9.836435241239838e-19)
(0.09202352528368352 1.017187687009438e-06 9.235857335200024e-19)
(0.09203091068335678 8.479959149507209e-05 6.222453703933269e-19)
(0.09181241798743986 0.0002923239082567266 3.160016999861132e-19)
(0.09127063006483165 0.0004798015536387464 4.622239216667271e-21)
(0.09061747707039781 0.0004176105540751747 2.432989554798399e-19)
(0.09019483240432245 0.0001411646238862249 5.371789796502225e-19)
(0.09018579022079733 -0.0002255678367940248 5.703801411686585e-19)
(0.09059220303888545 -0.0004976207172440109 5.415231771275233e-19)
(0.09123241928972119 -0.0005456411064898108 4.821472695692307e-19)
(0.0917584819024998 -0.0003260557735560413 3.878828377638224e-19)
(0.09194443116627239 -6.621433761717601e-05 5.110007771882756e-19)
(0.09188333039859585 8.270420516904947e-05 6.344066418649535e-19)
(0.09171702519285875 0.0001289468809198596 2.139679027543006e-19)
(0.09152136977428139 0.0001121841097495661 -2.65389310900373e-19)
(0.09133733768419539 5.897502041654427e-05 -1.097901687808682e-19)
(0.09116688733034281 1.871079596794215e-05 1.454354039333391e-19)
(0.09107865519720632 0.0001117171704875791 1.825051538764106e-19)
(0.09097872810063419 0.000208935157373887 6.917824438028571e-20)
(0.1038972552703702 0.01498339233732704 1.882982536918767e-17)
(0.1129356435322978 0.01249123723763654 2.218165395667108e-17)
(0.1138018795824706 0.006675767832172292 1.474230947866039e-18)
(0.1135230030883813 0.003498802570102567 -3.58270527020792e-18)
(0.1132950467202311 0.001797190819195874 3.231776359747847e-17)
(0.1137815255472721 -0.0001980987613272916 2.42155610684109e-17)
(0.1157463823628236 -0.00485257482199399 2.445513369490353e-17)
(0.1186686071256612 -0.01740022871076895 2.283492072108682e-17)
(0.1172821044070801 -0.04124984151880585 6.497692793473963e-19)
(0.1059999298308174 -0.06807247726146778 1.813066269210623e-17)
(0.08758872617768007 -0.08397130094640992 2.178354001718372e-18)
(0.06827842371801955 -0.09038051850971732 1.9882034256179e-17)
(0.04838016045175931 -0.08836489695549662 1.93390886882945e-17)
(0.0310736953323769 -0.07882635823898659 3.800614005276545e-18)
(0.008895931381864116 -0.06214825547131436 1.081766521765374e-18)
(0.00950401500827678 -0.04367737642389626 1.859769566052872e-18)
(-1.351470425000299e-06 1.268878652511875e-06 -4.207320563659476e-19)
(-1.80653394412332e-06 1.713171246799268e-06 -1.409642010428564e-19)
(-2.061448970578847e-06 1.974383808212715e-06 -2.777834549591836e-20)
(-2.129912285785129e-06 2.052318538595024e-06 -1.01445490228562e-19)
(-2.036562298114719e-06 1.96136999666913e-06 -6.631697687381515e-19)
(-1.806175220209899e-06 1.728156286473666e-06 -3.232537529928184e-19)
(-1.462801928172122e-06 1.386836977541883e-06 -3.224830672500602e-20)
(-1.031679504139233e-06 9.722284177427452e-07 7.201865841154033e-20)
(0.006542565769340667 0.0506625665317161 3.8955216340759e-18)
(0.005612877167127014 0.07211829350785953 1.025736110847543e-17)
(0.02078841920027316 0.09015718567856776 6.918581294191821e-18)
(0.03307351630737761 0.09988834468113642 1.020042441552325e-17)
(0.04722302684617963 0.1007033048497175 1.095823082003224e-17)
(0.06112755337054835 0.09203415224317038 2.224173080947458e-18)
(0.07463445124200577 0.07344892724171617 9.78429553640707e-18)
(0.08256244594704076 0.04450052243781203 1.126463405620382e-17)
(0.0828372792894858 0.01826735257522358 1.170090006245265e-17)
(0.08080865521373318 0.002601871534465347 1.161441786156689e-17)
(0.08134280267835398 -0.004860270297972782 1.158611221836319e-17)
(0.0848731978656998 -0.008680287683591697 1.343110112083798e-18)
(0.09008529991895113 -0.01054376896838031 1.161867570115053e-18)
(0.09593949924343627 -0.01079417148848298 8.55844544748347e-18)
(0.1015333106223802 -0.009527272712516322 6.686786571817977e-18)
(0.1058459648700541 -0.007012279706320532 9.843426088207195e-18)
(0.108380680252028 -0.004400325513877731 6.191550164745704e-18)
(0.1096130191451817 -0.002472404371066004 6.961564944070275e-18)
(0.1101588006671292 -0.00131540112847875 6.407796710071679e-18)
(0.1103968693663324 -0.0007143422976408171 6.535787825434174e-18)
(0.110522913520098 -0.0004406172461271854 5.86772902828358e-18)
(0.1106298916243036 -0.0002964412746476072 6.008943465587255e-18)
(0.1107376725822998 -0.00011321483736905 4.152396485652876e-18)
(0.1107802153276457 0.0002777446869701505 5.618361696959778e-18)
(0.1104973747062448 0.0009404068883529975 2.071214884838076e-18)
(0.1096331874184662 0.001488890532172052 -8.704527624072625e-19)
(0.1085471707208989 0.001315889275157113 1.237241851491867e-18)
(0.1078514387511544 0.0005362409872110215 2.962679329382201e-18)
(0.1078361527016937 -0.0004942147900080326 3.143200990024838e-18)
(0.108504645620439 -0.001279617173307323 3.477164064496658e-18)
(0.1095708119736513 -0.00145190579652739 2.888619879637465e-18)
(0.1104126489941435 -0.0008779281100248192 2.370114740861213e-18)
(0.1106438906879665 -0.0001660770140920247 3.179364180869485e-18)
(0.1105064147297425 0.0002657825928100991 4.73562692059569e-18)
(0.1102688018318315 0.0004363981302781751 1.815187122582421e-18)
(0.1100215194965457 0.0004506948826571871 -2.383379114365016e-18)
(0.109796684301118 0.0003805685683704631 -1.271404961142866e-18)
(0.1096020900729395 0.000288290939470144 1.382879060257418e-18)
(0.1094842654615439 0.0002490306103135577 1.063618944446322e-18)
(0.109447840907782 0.0002214709184773778 2.347147246831952e-19)
(0.103309272153666 0.004641854312294137 4.363902582506172e-18)
(0.1141901024661664 0.00460319153398697 4.912957240246864e-18)
(0.1191316337916279 0.00280113077242685 -1.824566089013065e-17)
(0.1216018765092239 0.001424013194215312 -2.229615688336015e-17)
(0.1228454907118742 0.0001428126485570067 4.315838405474603e-19)
(0.1239213959867284 -0.002147661361638982 3.947114957104633e-18)
(0.125150355531309 -0.007202822559764788 5.694967620387687e-18)
(0.1255811806944841 -0.01778839333189844 3.051720586836725e-18)
(0.1214568555256831 -0.03483384408469074 -1.80782540471878e-17)
(0.1092657090235382 -0.05295489591470535 -3.21248294919973e-18)
(0.09104965725421488 -0.06484151231547582 -1.857547100568907e-17)
(0.07084776382296346 -0.06997858738494678 -2.841387937177573e-18)
(0.0499771538417911 -0.06852705180697641 -1.738202158019007e-17)
(0.03228670743840506 -0.06124449020914802 -1.276792377903967e-18)
(0.01001297069594497 -0.04916839689439222 2.806181698678293e-18)
(0.009236888761598016 -0.03434329242990639 3.717036164478952e-18)
(-1.854067836975538e-06 1.9367858892363e-06 -8.194056910368554e-20)
(-2.468980524281822e-06 2.591870010502147e-06 1.708329161767187e-20)
(-2.829380228677736e-06 2.957332642420599e-06 1.693186300841881e-20)
(-2.953688893587991e-06 3.03437476764938e-06 -1.54069918482949e-20)
(-2.861387153975381e-06 2.85387798986997e-06 -1.08957479729085e-19)
(-2.570292185076831e-06 2.468561254121999e-06 -3.280957048385228e-20)
(-2.103162489554625e-06 1.941144886109716e-06 4.130974429074273e-22)
(-1.492795318007705e-06 1.331644572408338e-06 -1.223061785721476e-20)
(0.006339047797562564 0.04428108390391427 1.110383730658505e-18)
(0.006858760280710954 0.06351729614809865 -6.24313880544102e-18)
(0.02148235626419869 0.0781274954791516 1.470672283427464e-18)
(0.03365766909700915 0.08597064534722836 2.050030803473642e-18)
(0.04828176288364226 0.08614206386201009 2.457903396597455e-18)
(0.06269585805734157 0.0781968281433124 9.759245983942869e-19)
(0.07590962313134031 0.06248101181970318 3.200462257409252e-18)
(0.08471103284540864 0.04016528433358629 3.048757673601222e-18)
(0.08767243256043106 0.01849584499224424 2.791749393040737e-18)
(0.0882197435077567 0.002930536451171579 2.436707716941171e-18)
(0.08993215479143801 -0.006707051556332095 2.440295688655625e-18)
(0.09375276976711465 -0.01252044836251093 -4.664455080055983e-18)
(0.09920789154282078 -0.01557413796094301 5.555038915773222e-18)
(0.1055009500858976 -0.01609584232755412 4.200204130216981e-18)
(0.1117093076491739 -0.0141229061448508 1.516967029643872e-18)
(0.1162692314989633 -0.009904521794635973 1.624565137608703e-18)
(0.118410844716177 -0.005686697088287371 1.099710098802948e-18)
(0.1190875723816982 -0.002855559807426008 1.634508591162257e-18)
(0.1192564837186186 -0.001349746036913596 2.287853298932231e-19)
(0.1192995163293588 -0.0006673670632180515 6.230437301658967e-18)
(0.1193291025522483 -0.0004287272174211452 3.158865197614133e-18)
(0.119396681898608 -0.0003553422251069646 1.144218697046562e-18)
(0.1195410651848578 -0.0002111268085996387 6.765126758040523e-19)
(0.1197314797352266 0.0003351430469971757 -5.183611959359934e-19)
(0.1195138448633956 0.001526686014380597 2.761961528531478e-18)
(0.1183045385519876 0.002627090976069674 9.632260999416571e-19)
(0.1166773590692081 0.002332467477614416 -1.003031425098764e-19)
(0.1156700643057845 0.0009392880146520666 6.445749046230494e-19)
(0.1156589728110436 -0.0008950154680414852 6.117683059105069e-19)
(0.1166491647707365 -0.002299385197478798 7.654507120307605e-19)
(0.1182747347351221 -0.002594692436594181 7.911727608997742e-19)
(0.1194887386250862 -0.001446215592544576 7.977755033348719e-19)
(0.1196808550932712 -0.000154106887403229 8.030686441528676e-19)
(0.1194178184699943 0.0004951786493834252 2.34604862336949e-18)
(0.1191618914206676 0.0006857672407902172 -8.331150109088057e-20)
(0.1189544302473784 0.0006722671838253586 -1.459495223395708e-18)
(0.1187769583277751 0.0005623966730753598 6.110317892714105e-20)
(0.1186325795514714 0.0004204720192802685 1.053265058996834e-18)
(0.1185542099272615 0.0003028071054608342 6.425101989398458e-19)
(0.11856265650203 0.0002242345698956759 -3.137905951375795e-19)
(0.1033349649391441 -0.004073008824368556 1.898599335245636e-17)
(0.1143504103837645 -0.003504676315264145 2.225937182381653e-17)
(0.1194843006120458 -0.001598174819017396 1.208813760783382e-18)
(0.1221402050207838 -0.0006812026099520724 -4.047851257492768e-18)
(0.1234557981172477 -0.0009974035019356263 1.642536317692579e-17)
(0.1242441581098948 -0.002778984965958868 1.772289490398234e-17)
(0.1243351371347203 -0.006859040426733097 2.009319055372416e-17)
(0.1226576372515406 -0.01448086116238607 6.29883951372005e-18)
(0.116779492144629 -0.02568230112824332 8.156116324544636e-20)
(0.1047538269488044 -0.03738589611810305 2.65591557901896e-18)
(0.08782928479367529 -0.04557146980154429 -4.059188493641851e-19)
(0.06865757031222297 -0.04928763495667807 -4.813837774345284e-19)
(0.04865590164724892 -0.0483701423194044 -9.380250982681781e-19)
(0.03154878355304438 -0.04335167496264498 2.629269272660035e-18)
(0.009459381275830205 -0.03563520907144924 1.930261650448062e-17)
(0.00896042826281411 -0.02494126053180121 7.889090715247303e-18)
(-2.476723112826949e-06 2.887665960719975e-06 -4.683393618019497e-20)
(-3.281670952160962e-06 3.776205791097094e-06 4.611296767072972e-20)
(-3.787483999314473e-06 4.213592683313108e-06 3.604344749244439e-20)
(-4.006770980086172e-06 4.230793891923804e-06 8.177413084296285e-21)
(-3.938379763717206e-06 3.896367846605801e-06 -2.178523615453151e-21)
(-3.583249045709114e-06 3.301698706984022e-06 8.022900107350521e-20)
(-2.959776789289437e-06 2.54430756140196e-06 7.761091915519285e-20)
(-2.110788174431583e-06 1.71162958679982e-06 -1.246600563924152e-20)
(0.006468176672197835 0.03804569900790905 1.888744725833324e-18)
(0.007120097024616374 0.05467120837178054 4.786353062032213e-18)
(0.02152150467256351 0.06637469209014542 1.087701901312805e-18)
(0.03315181054770154 0.07233217136277872 8.529043786115234e-19)
(0.04711730992202022 0.07182657975087484 6.296721962586321e-18)
(0.06075338430696891 0.06463998582126294 1.507676700711491e-18)
(0.07298885357530756 0.05138022711590015 1.02018212293254e-17)
(0.08182015834607702 0.03355401515625629 1.20246764885762e-17)
(0.08647171722456932 0.01551732127822481 7.165175138391025e-18)
(0.0889336436420182 0.0007749227165146882 6.658108503586738e-18)
(0.09158160001566897 -0.01000342579138815 1.090582771177355e-17)
(0.0954983847414706 -0.01741094526500034 6.569922146410808e-18)
(0.1008162942194116 -0.0217221907828721 7.694484293680021e-18)
(0.1071073938997034 -0.02269492612686816 8.392632941921326e-18)
(0.1136869731562574 -0.01994962682519066 1.706239660414027e-18)
(0.1181144551139527 -0.01326264224311888 8.545636082394102e-18)
(0.1192742073132933 -0.006881417037146345 1.516509829100474e-18)
(0.1189741849941598 -0.003107316461750134 5.108922502273585e-18)
(0.1186328583404256 -0.001380722595943941 1.408628282786533e-18)
(0.1184771700292794 -0.0006677781599906437 5.893535150885676e-18)
(0.118404282653571 -0.0004437372249765762 4.383925237893056e-18)
(0.1183862577955065 -0.0004175450145142006 4.451319265528656e-19)
(0.1185254581265172 -0.0003564232654086401 -2.038987950934887e-19)
(0.1189474685000805 0.0003321054519517553 2.51086745390685e-19)
(0.1189307301570932 0.002364480084103825 1.87919466126278e-18)
(0.1173115135655842 0.004449250078250821 -6.744680311751737e-18)
(0.1149388813173165 0.003920707617269173 -4.206768155895677e-18)
(0.1135676219160492 0.001559923016104756 2.218877473299333e-18)
(0.1135683626384782 -0.00149981521444326 8.806970293757811e-19)
(0.1149466926239354 -0.003885728153572948 2.037309134308701e-18)
(0.1173500462298204 -0.004432052437734839 3.270551691227029e-18)
(0.1190145675700611 -0.002293878569328723 4.226211286308463e-18)
(0.1190493159211662 -0.0001296692971168115 1.328695526384997e-18)
(0.1186083457493498 0.0006939009437416412 3.38274675692182e-18)
(0.1184255591831331 0.0008242552471753365 -2.517048890728097e-19)
(0.1183716106988643 0.0007797764813794002 -2.533268540855926e-18)
(0.1183223028454658 0.0006549755493340112 1.872371024389108e-19)
(0.1182753785625577 0.0004831447577873585 8.649969825564531e-19)
(0.118269758347397 0.0003025236352661521 5.540604345499791e-19)
(0.118342216482698 0.0001848189488521524 1.430871192730521e-19)
(0.1038833312814502 -0.01438677600776091 2.057711521212312e-18)
(0.1133290928623189 -0.01149663968180985 2.522268419752593e-18)
(0.114723781821866 -0.005621570945056878 -4.437074166806057e-19)
(0.1149817120118628 -0.002833863280650543 -1.927539643280559e-17)
(0.1150527699674652 -0.002359635720004597 -3.872352478801937e-18)
(0.1149773929613408 -0.003417924123998484 -6.675472412635402e-19)
(0.1140346537818233 -0.00616369934528084 -1.428787370000722e-17)
(0.1111411472403167 -0.01106523401799745 1.794077913578632e-17)
(0.1047175632737372 -0.01789990807591234 4.75514900874941e-18)
(0.09369258477966184 -0.0249611842167107 5.859042295635854e-18)
(0.07882504707448923 -0.03008805569544497 -5.755541514377228e-18)
(0.06190210256543589 -0.03243564365619857 -2.775717082250865e-19)
(0.04410497149315956 -0.03169836797664484 -5.033097785559221e-19)
(0.02849338923822957 -0.02814185256225974 1.740650121048086e-17)
(0.007517108093845807 -0.02386844569124482 1.939053656136419e-17)
(0.008410005511541838 -0.01650594463351496 7.891967007939594e-18)
(-3.302077820611666e-06 4.256754663087888e-06 -6.017125834627284e-20)
(-4.333916642564398e-06 5.313726938723472e-06 2.190862007261378e-19)
(-5.030955093224612e-06 5.714674770624338e-06 1.694065015202081e-19)
(-5.380650147908742e-06 5.568681398109444e-06 4.122121455362041e-20)
(-5.34713257400142e-06 5.000687067983466e-06 8.243097728563242e-20)
(-4.908655120830496e-06 4.144679188426291e-06 -1.854490795509195e-18)
(-4.079031583195843e-06 3.130673094044103e-06 -2.721740510098512e-18)
(-2.915280915619361e-06 2.068649627152765e-06 3.400269683664205e-18)
(0.006268788749711811 0.03198650564819717 1.281119624849113e-19)
(0.006796492989350545 0.04591268446450068 1.294390209754358e-18)
(0.02064365104044926 0.05515470031943396 -4.490915223151393e-19)
(0.03140987363645914 0.05957686193380847 9.503758184159792e-21)
(0.04419624957953037 0.05863149473071515 1.757974442127408e-18)
(0.05652004754623875 0.05228953968259828 5.604970631227315e-19)
(0.06747675755635778 0.04118252306471508 1.927475728816303e-18)
(0.07576540866753881 0.0266543800479589 1.986651610330799e-18)
(0.08095965689662007 0.01141252775559184 1.520344710315612e-18)
(0.08417626462748465 -0.002232366627001156 1.038127990663548e-18)
(0.08694149929029142 -0.01337094697753525 1.057579946040392e-18)
(0.09026339859851605 -0.0218276934064413 1.123290194935607e-18)
(0.0946495182182968 -0.0272699866183183 1.110680649731296e-18)
(0.1001082322614824 -0.02885533066393907 1.05302822077094e-18)
(0.106669946841842 -0.02526867165028978 4.594922389188696e-19)
(0.110419180245517 -0.01478692085985667 1.481699763580975e-18)
(0.1102699702528224 -0.005918607108620613 1.956023098705828e-18)
(0.1089670747106637 -0.001903928669849094 5.478311281238264e-19)
(0.1083074706159666 -0.0007172635347276603 -1.721382453367055e-18)
(0.1081346452611025 -0.0003947394842817087 -4.002761237547835e-19)
(0.1080132118520592 -0.0004191569688262636 -2.109658960841487e-18)
(0.10781851370469 -0.0006726122496809814 -4.010516992295406e-19)
(0.1077559048484777 -0.001114134123869429 -1.81841032130651e-18)
(0.108268530834762 -0.0007000327905141852 -1.430718451042075e-18)
(0.1084008074143665 0.002547487232509289 -7.104468924013373e-18)
(0.1064898551800762 0.006650159977094132 -4.266007500871779e-18)
(0.1032964076268145 0.005918621121471398 1.797327839354224e-18)
(0.1016976922169241 0.002316547990219073 2.203625132231931e-18)
(0.1017165217687426 -0.002276362762460885 2.462144872671746e-18)
(0.1033551923383118 -0.005920004940211101 4.342543919075333e-18)
(0.1066148193393761 -0.006686914327473717 3.066045110699854e-18)
(0.1086012897153099 -0.002514315401725223 3.034998121816083e-20)
(0.1085235322299953 0.0009076614178662879 4.648438969541833e-19)
(0.1080613349419609 0.001500590651958838 -3.819043262339735e-19)
(0.1081845432969299 0.00118358836602979 -2.763677988818613e-18)
(0.108441185310932 0.0009572076140821684 -3.005705903015603e-18)
(0.1085851275608738 0.0007685602496668703 -3.230682414946848e-19)
(0.1086557779248395 0.0005498638631392413 7.792419376061941e-20)
(0.1087340414414498 0.0002979186818096079 8.81078808063489e-20)
(0.1088690396052698 0.000140994345362564 2.295793895365803e-20)
(0.1016370654046928 -0.02151545415195467 3.406192536820413e-19)
(0.1057629021318839 -0.01053428891818906 2.642113075626776e-19)
(0.1008882368684617 -0.0005660753349930505 -3.740290137015009e-19)
(0.09819742178267636 0.001241236401901673 -2.295836265969399e-18)
(0.09672040289437439 0.000600121925131934 -4.969054776198155e-19)
(0.09549946289259026 -9.901552086794175e-05 1.643515100526006e-17)
(0.09362310486127243 -0.0009202315083666836 -7.768219344380778e-19)
(0.09022378116566403 -0.002350439635142944 1.765571885234688e-18)
(0.08431767027198232 -0.004467262812773193 1.818585834215758e-17)
(0.07531799088729807 -0.006727072984146826 4.790644680345554e-18)
(0.06367197577005834 -0.008380445907630782 -3.593756593642717e-18)
(0.05053961716956039 -0.009017074511661794 -3.062694754009779e-18)
(0.03683027760770814 -0.008200824509032902 -1.983899199621647e-17)
(0.02482380592982191 -0.005793131467430967 -1.65646073460539e-17)
(0.009061083219485219 -0.005706562236488673 -5.030414269843316e-18)
(0.008040153534392479 -0.009158648746638387 3.637171388910198e-18)
(-4.502639611830275e-06 6.220827276295568e-06 1.341892903020315e-19)
(-5.775259274681983e-06 7.184232979629869e-06 1.293583271114278e-18)
(-6.68444174607534e-06 7.344339575460039e-06 9.185931245605e-19)
(-7.170803887832089e-06 6.900926541586298e-06 1.476036018261952e-19)
(-7.155210802545567e-06 6.024282151597098e-06 3.320453862001795e-20)
(-6.590969001771946e-06 4.877244139617296e-06 4.527701623950563e-20)
(-5.487974376295127e-06 3.609842863508513e-06 -1.370940986873232e-18)
(-3.921192531225384e-06 2.343789496129904e-06 8.271820695857856e-19)
(0.005806141655035598 0.02627166892029502 -1.830988717715623e-18)
(0.006238879057184957 0.03763621572420865 -1.083088708332909e-18)
(0.01906730220251022 0.04478693828989849 -1.428993501554202e-17)
(0.02872297515367456 0.0480151569358627 -1.989475359796453e-18)
(0.04007026980253035 0.04684499714271114 -1.602924448723831e-20)
(0.05085562284184921 0.04134918033934749 8.976083626227904e-20)
(0.0603620880205249 0.03208193792226671 2.453745563192578e-19)
(0.06767266358504827 0.02011054596551618 2.765361865327976e-19)
(0.07248443018293858 0.007174846262904075 2.25695973494527e-19)
(0.07537283394514122 -0.005176976595895186 1.771735435635348e-19)
(0.07727192852529868 -0.01609567506499811 1.76137441008488e-19)
(0.07899877683251137 -0.02514667437651047 3.430292727668831e-19)
(0.08121639342822189 -0.03176477262029746 1.552290863103105e-18)
(0.08439260964704748 -0.03486240246332532 4.955491440586242e-19)
(0.08994720456815614 -0.0321128764897271 3.930990211930031e-19)
(0.09074700921526686 -0.01953517419195587 2.346611354532367e-18)
(0.08974016667246142 -0.006983645878495564 2.167669689501808e-18)
(0.08842010492324616 -0.002332670382081837 -6.649338191080838e-18)
(0.0880702901599225 -0.001292198991423058 -9.224559403472878e-18)
(0.08818772156519938 -0.0006162234669173379 -2.729695572905828e-18)
(0.08806662032505351 6.462868360116246e-05 -8.171883375325959e-19)
(0.08758376018734981 0.0006185521287579541 -1.974963747542898e-18)
(0.08708404950192024 0.0006254807393444656 -2.780774035361481e-18)
(0.08716785081673499 0.001387426152755186 -2.420107126209755e-18)
(0.08675830001605077 0.006141994852774207 -5.670904124832994e-19)
(0.086102512974331 0.01095206458911338 -2.976308588514692e-18)
(0.08252960025081764 0.008820971729591752 1.694234908079579e-18)
(0.08123193657383486 0.003265667322164273 2.329613147436913e-18)
(0.08127216101604737 -0.003285151038796413 2.239810117213852e-18)
(0.08265105250274446 -0.008900439320339343 2.430157511345661e-18)
(0.08632848238949314 -0.01109170840474867 -1.077780382311135e-19)
(0.08707460659957517 -0.006244952725894657 -3.238835328768147e-18)
(0.08756269106837097 -0.001368874240937802 -3.22800554732093e-18)
(0.08762257728312139 -0.0005408498687773933 -3.12160559355662e-18)
(0.08832577413935087 -0.0005700310113324452 -3.597814344182223e-18)
(0.08907843198696694 -0.0001875339356512794 -2.308402370092681e-18)
(0.08953140593220538 0.0001007072074693936 -3.506542174141384e-19)
(0.08979373638499526 0.0001332491489775872 -4.243734232599094e-20)
(0.08999100757195322 -5.360727535317842e-05 4.034572990762847e-21)
(0.09006516089291211 -0.0001750537569135787 3.355686244716412e-21)
(0.0688590285073387 -0.01158170859512264 6.628176098309933e-19)
(0.06994252517489369 -0.006674997793231413 1.802675604764169e-19)
(0.06914570215946986 -0.002753301906090147 -1.054053072450029e-18)
(0.06799005747114055 -0.0005467217923160838 -1.408153169413338e-18)
(0.06697132326275587 -0.0001575386569393927 -1.071907643982612e-19)
(0.0660496324477808 -0.0006173309274507153 2.441771225426466e-18)
(0.06465348924554186 -0.001530381893580733 7.227620175147853e-19)
(0.06216108366001716 -0.002946410092160093 1.444103767523858e-18)
(0.05798720736026335 -0.004792157632622408 2.762620169669782e-18)
(0.05185024998606893 -0.006678886268222975 2.171723839857074e-18)
(0.04398801259026106 -0.008090004952011438 -2.90083493579977e-18)
(0.03506816880419172 -0.008630539967992627 -4.191691622151022e-18)
(0.02574550770414141 -0.008212472543685023 -5.764091706268547e-18)
(0.01743937580714102 -0.007346496155624169 -2.931507238070807e-18)
(0.01066193121484926 -0.006477066821785709 -2.922608445209076e-19)
(0.008082699999716825 -0.006423564616550383 8.712044593293173e-19)
(-6.375892927073796e-06 8.841966119665923e-06 2.139611952642138e-19)
(-7.781701710353126e-06 9.188511793033552e-06 -2.912263416915183e-18)
(-8.86005245400584e-06 8.857942008572844e-06 -3.474542276415726e-18)
(-9.443407099022499e-06 7.999663450153176e-06 1.949812220923465e-19)
(-9.395807369262307e-06 6.775323610871704e-06 4.902643529890695e-20)
(-8.641825977332741e-06 5.348958026983337e-06 1.461323494157545e-19)
(-7.186550688696638e-06 3.872749544107612e-06 -1.985320089515769e-20)
(-5.124615779215393e-06 2.466991229032136e-06 6.805864808428108e-20)
(0.005197347157882026 0.02107176998416949 -8.957001122713494e-19)
(0.005554474738366942 0.03012067710552365 -4.703496256411071e-19)
(0.01705676951231701 0.03552615289319875 -2.456988523184037e-18)
(0.02546901945326178 0.03784397422655746 -3.813758820385229e-19)
(0.03527516413689499 0.03662210344699358 6.728215920844142e-20)
(0.0444552517800127 0.03197053838205803 7.175876742467816e-20)
(0.0524322198757395 0.0243398353997696 1.382590486566565e-19)
(0.05848191393133577 0.01454366774728616 1.92014548602014e-19)
(0.06229573504974965 0.003745636190380449 1.869797811043755e-19)
(0.06405907508683507 -0.006984881015810446 1.570751773220659e-19)
(0.0642012810321079 -0.01693288082739972 1.613634693594877e-20)
(0.06312897158393865 -0.02561249489920037 4.261199207077851e-19)
(0.06108160624533025 -0.03238844643144615 1.034845492326354e-17)
(0.05826998946297056 -0.03598618693711426 1.890200354291295e-18)
(0.05654544104611033 -0.03155909011375735 4.071870633274854e-19)
(0.04786993078130726 -0.01151490761740733 6.45193033648227e-19)
(0.05877734882390654 -0.007622558562108276 -4.602720444965515e-19)
(0.06187501143942958 -0.002563984884030626 -2.582031409238172e-18)
(0.06152638594637298 -0.001019686106170695 -3.176133303100027e-18)
(0.06139954798362954 -0.0004129958424746917 -2.041343106516818e-18)
(0.0612783190715835 -7.323050320489472e-05 -1.210144440847632e-18)
(0.06108213754317172 0.0001595343605999854 -1.213883174333511e-18)
(0.06090439096036471 0.0004838738326158848 -1.289178019817727e-18)
(0.05703854530586486 0.001965488738634232 -1.112247382607779e-18)
(0.04507306664932639 0.002044831927909615 -7.61724285337112e-19)
(0.05193791123982523 0.01079186405850594 1.077973883145026e-18)
(0.05262897685881737 0.009604496714632716 3.301161084685063e-18)
(0.05375676430738453 0.003484931693012012 1.351985847113553e-18)
(0.05380250409139857 -0.003602677383578088 4.575663610543013e-19)
(0.05276451136047929 -0.009790710278784837 1.6955391346123e-19)
(0.0521264072849594 -0.01100883280154979 -2.991801695193799e-19)
(0.04528560597986318 -0.002109639342977269 -6.521820859096911e-19)
(0.05727716096580362 -0.001956697409553726 -1.453956112911531e-18)
(0.06124866845962931 -0.0004150219386182537 -1.769195426253716e-18)
(0.06154360446961049 -0.0001060393880078232 -1.843605632567591e-18)
(0.06188941985203961 1.736268646252131e-05 -1.363642868227305e-18)
(0.06216308714371833 9.729779364239029e-05 -5.914206583259516e-19)
(0.06234007130159216 9.664164128506196e-05 -1.345662074881019e-19)
(0.06259697129316115 3.105149989293373e-05 -7.843834587096775e-21)
(0.06238787175157771 -4.793684983141661e-05 5.641618142914755e-21)
(8.82159998483005e-08 7.573816912728737e-07 1.652420368297318e-20)
(2.532657962144372e-07 2.077057309737319e-06 9.315661984383826e-20)
(3.832222491883044e-07 3.261401495871334e-06 -3.128934862156806e-20)
(4.578546502458504e-07 4.336062113647308e-06 -2.092855804121645e-19)
(4.585042246969362e-07 5.318538807742162e-06 -3.411377490984795e-20)
(3.685569164729469e-07 6.219489442771918e-06 -2.775186602525865e-19)
(1.739474990349738e-07 7.043104440290597e-06 4.846692899160323e-18)
(-1.361780833045861e-07 7.788090359017036e-06 -5.790802273460899e-18)
(-5.686889323211833e-07 8.448995297578171e-06 -1.77013017601339e-18)
(-1.125704251917891e-06 9.018398691787444e-06 1.096351003902386e-19)
(-1.803966538726966e-06 9.490649980835666e-06 2.001298107801904e-19)
(-2.595122951140139e-06 9.867757099556868e-06 6.269205622534918e-20)
(-3.490911395150886e-06 1.016785497275768e-05 1.703023705630012e-21)
(-4.50370865876697e-06 1.043448895867057e-05 -8.531925987857498e-20)
(-5.706310355779991e-06 1.0741033781618e-05 -6.412760653715863e-20)
(-7.228016358610395e-06 1.114570857611331e-05 -6.532536114727873e-20)
(-8.854826971463076e-06 1.122085211548683e-05 1.125819350732924e-19)
(-1.039219814073485e-05 1.078771557595261e-05 -3.424206271861911e-18)
(-1.158616077430452e-05 9.870912829985576e-06 3.25260548322321e-19)
(-1.220017029329463e-05 8.572715425183598e-06 2.374948125867055e-20)
(-1.204951608003556e-05 7.030219627721275e-06 -1.153208108381315e-20)
(-1.103072348222853e-05 5.39267301399274e-06 3.312230923689384e-20)
(-9.14321730809348e-06 3.800754874487958e-06 1.927871320089496e-20)
(-6.501100711909635e-06 2.362389159001142e-06 8.781148995654169e-20)
(0.00451611198374109 0.0164862057497579 1.735866266652763e-19)
(0.004792112712929141 0.02350696650714278 6.702956649752673e-20)
(0.01483848225326645 0.02748680935145927 3.588230431502493e-19)
(0.02198204632663661 0.02912325797922208 1.012920347652705e-18)
(0.03026093230301091 0.02797769400072418 1.057419371608448e-18)
(0.03788471606043527 0.0241656364606867 3.987553364418836e-19)
(0.04437386846872821 0.01804701737461039 7.631828493704389e-19)
(0.04910598839152841 0.01025002633103569 1.259685975149033e-18)
(0.05172976474919695 0.001608765441936003 1.275132252475995e-18)
(0.05216965193385058 -0.007078259695327037 1.133652315746255e-18)
(0.05049991346072002 -0.01515934961830641 -6.574883952496923e-19)
(0.04678108018435569 -0.02204737818036904 3.50151272529166e-19)
(0.04079813100068905 -0.0269914842730332 9.91374878144399e-18)
(0.03304445240781264 -0.02888044332159446 1.639906766341956e-18)
(0.01936073119568052 -0.02421620999059815 1.397189758156665e-18)
(0.02385563512177482 -0.01546774129897454 1.340235885592573e-18)
(-4.793875802962602e-08 -1.125050244337594e-07 6.214666287043595e-21)
(-7.881648031622668e-08 -1.610053601752356e-07 2.955588005339012e-21)
(-1.072675239210431e-07 -1.995729662540753e-07 4.975381952047444e-20)
(-1.307515701261079e-07 -2.259228056660477e-07 2.298572410810233e-20)
(-1.452343361689652e-07 -2.376583567949883e-07 -1.455904882495597e-18)
(-1.462424797466985e-07 -2.318961938082426e-07 -4.266587066583096e-21)
(-1.303503750485144e-07 -2.056769436518252e-07 -8.660394513345443e-20)
(-9.69362265873519e-08 -1.573137392600274e-07 -3.440313998667972e-20)
(0.02073173780825136 0.003647921921205062 4.253943162237677e-19)
(0.01543938308010284 0.005895236168072785 4.642147067400521e-19)
(0.02465476124510238 0.005799473951918953 8.341775021698746e-19)
(0.02760330835965019 0.002121837585735969 5.970509424595328e-19)
(0.02763284638958081 -0.002320176552461319 5.29778014539251e-19)
(0.02475162098091459 -0.00603281927054628 6.750990500133157e-19)
(0.01546301896110618 -0.006102556980880033 3.833714344111004e-19)
(0.02079069823322392 -0.003769908401675532 3.346730282821854e-19)
(1.758324725811486e-07 1.596270879800771e-08 -2.463010168501602e-18)
(2.404540030247204e-07 5.108232663947332e-08 1.184855380354672e-18)
(2.801045453247261e-07 1.016277954473191e-07 -1.751380426655946e-20)
(2.895684998456115e-07 1.581165355341464e-07 2.446231467950184e-21)
(2.677647785447219e-07 2.056938717136421e-07 2.277952087458411e-20)
(2.172151124551396e-07 2.265208728608826e-07 3.012223399554221e-21)
(1.435561815285417e-07 2.013358998332508e-07 5.529365032237001e-21)
(5.39691655642837e-08 1.075706892261861e-07 -2.088640932211924e-22)
(1.380198540038621e-07 1.126585611906789e-06 2.158196435990243e-19)
(3.968143840586984e-07 3.048193453734221e-06 2.265711708393046e-18)
(6.011656697837182e-07 4.745959924246437e-06 1.052015605379775e-19)
(7.212818546778574e-07 6.265010609410142e-06 -4.938002685664197e-20)
(7.291865764734408e-07 7.633997900225072e-06 1.644702902965263e-18)
(5.998457437645169e-07 8.870709880976282e-06 3.334853627481302e-18)
(3.119251205099469e-07 9.983160393860387e-06 -1.559455525313283e-18)
(-1.510639767599714e-07 1.097105223819665e-05 -4.803240481442114e-20)
(-7.992769459818846e-07 1.182754901315943e-05 5.879802543032491e-20)
(-1.634860680800425e-06 1.25416861928877e-05 3.160551143169539e-18)
(-2.650652615161873e-06 1.310148603611561e-05 1.755816108224643e-19)
(-3.830921635053454e-06 1.349692474103895e-05 1.768739827883937e-20)
(-5.157615113593976e-06 1.372101343096593e-05 -1.032715132808294e-19)
(-6.624400082026315e-06 1.376708470878819e-05 1.711054965221913e-18)
(-8.247355837869442e-06 1.362191913081671e-05 -1.224997715692613e-19)
(-1.00331164437366e-05 1.32447867413673e-05 -1.018974604638852e-19)
(-1.186307318043673e-05 1.251175290506445e-05 -4.174213866456908e-19)
(-1.353927759524119e-05 1.140343495493329e-05 3.089839123531664e-20)
(-1.479679706911782e-05 9.973148124990498e-06 -4.392391971185949e-20)
(-1.536860560386044e-05 8.319283192539419e-06 -3.98644145053656e-20)
(-1.503900514195945e-05 6.565348124593431e-06 -9.029457336188299e-19)
(-1.368314378247248e-05 4.843632225511128e-06 -4.895768786110239e-20)
(-1.129538237612244e-05 3.276794565806366e-06 -3.249502306028797e-20)
(-8.007161217592641e-06 1.953983025314971e-06 -3.233773323896546e-18)
(0.003814046087248212 0.01254929467570031 2.273928455309006e-19)
(0.004007429078021313 0.0178394567448096 5.664707749704797e-19)
(0.01259164337648072 0.02067640428027296 9.203287454503267e-18)
(0.01852098741556816 0.02181349211532117 7.496796757316646e-18)
(0.02537012445250404 0.02082871241487547 7.487805860500782e-18)
(0.03157423010451687 0.01783150342515671 1.907362074554102e-18)
(0.03673219785866483 0.01311414926147077 9.105352052792163e-18)
(0.04029878023065105 0.007180712779497628 1.073636892894525e-17)
(0.04190454650657827 0.0006737722975119876 7.844014334996971e-18)
(0.04136085547828199 -0.00578454292483227 1.034842197966136e-17)
(0.03863804603216502 -0.01160167735220432 -4.22944922834353e-18)
(0.03378847793875519 -0.01613196659877545 -4.292051889288317e-19)
(0.02668703333364662 -0.01862243751294881 7.023267366640277e-18)
(0.01858763599152596 -0.01832081190740917 1.433495942816927e-18)
(0.00475315456446688 -0.01458499283263921 5.803461974076082e-18)
(0.008406441524795227 -0.01086916934151136 2.395900087004051e-18)
(-7.810293368309024e-08 -1.883662298211332e-07 -1.088378722511691e-20)
(-1.270197174108034e-07 -2.68162352751785e-07 -3.201372551234753e-18)
(-1.736389600255281e-07 -3.319236581748007e-07 -2.371911125992931e-18)
(-2.127509052254548e-07 -3.762009188413087e-07 4.139394650150032e-20)
(-2.375831047755558e-07 -3.965270390694515e-07 1.836841860864268e-20)
(-2.406744148610723e-07 -3.875998057367843e-07 -1.030860686206395e-21)
(-2.161194273672326e-07 -3.441467957658595e-07 -1.533085232004415e-20)
(-1.625057893069786e-07 -2.630606550976106e-07 -5.05459818918578e-21)
(0.005073370935666675 0.001041129924681757 5.953775899994372e-19)
(0.0007777781126717545 0.0004475349884335953 3.784360188071288e-19)
(0.008479933080841573 0.0006962285047529339 2.676377089827911e-18)
(0.01078059470742119 0.0002943811365383158 2.89950844953272e-18)
(0.01079299226798622 -0.0005326100076266898 4.875872236999305e-18)
(0.008544374339665081 -0.0009333863378347567 3.656788654291637e-18)
(0.0007256908562739738 -0.0006125910462046816 2.916251242025023e-18)
(0.005063097321988586 -0.001164790497917614 9.704178830556498e-19)
(2.726591582603638e-07 -7.035583254226888e-09 3.944182893978598e-19)
(3.747337688183097e-07 3.811946319839596e-08 -2.900790895815814e-19)
(4.367713998839999e-07 1.110951172228133e-07 -2.702800325863972e-20)
(4.508056966668651e-07 1.963296304642505e-07 2.155779098531471e-20)
(4.151984989034328e-07 2.71153371487207e-07 -4.456141366937263e-19)
(3.343078179291869e-07 3.086906379670337e-07 3.482502192334206e-20)
(2.172711685637877e-07 2.792995817694956e-07 -2.565784362464252e-19)
(7.594139554736022e-08 1.480764288462697e-07 3.919603649471882e-21)
(1.827963177353231e-07 1.457965344181175e-06 -4.700900905980184e-18)
(5.254680665763012e-07 3.891843982163461e-06 -5.196514879903091e-18)
(7.942068777428346e-07 5.998350801992604e-06 9.23089524578224e-20)
(9.500417842022335e-07 7.841394693054032e-06 4.301497347465996e-18)
(9.559186447164695e-07 9.461507476205694e-06 3.551094246864746e-21)
(7.785103504167647e-07 1.088483098052057e-05 -1.978130514084811e-19)
(3.892630614527742e-07 1.212510748976447e-05 -1.395425543065304e-19)
(-2.339969516571699e-07 1.318552124310139e-05 -8.201238866192194e-20)
(-1.104962428631617e-06 1.406059494996059e-05 -3.76645980622842e-19)
(-2.226643145118896e-06 1.473823029170002e-05 2.950916357311775e-18)
(-3.590052504085645e-06 1.520159027319518e-05 -4.417965704955776e-19)
(-5.17535073637468e-06 1.543013337696082e-05 -3.341591503264492e-18)
(-6.956540830972582e-06 1.53995911775515e-05 -5.211906545217099e-20)
(-8.906976451092331e-06 1.508248468301381e-05 -9.997033916372301e-20)
(-1.099529068468051e-05 1.445215769656314e-05 7.581738021357377e-21)
(-1.315776580722229e-05 1.348923133674598e-05 -3.023816478597951e-20)
(-1.525413154556982e-05 1.218888543853217e-05 -1.708131044204703e-19)
(-1.707223014598184e-05 1.060603128119359e-05 -6.795707701089487e-19)
(-1.834813562241007e-05 8.835305738494857e-06 -9.417884956138734e-20)
(-1.881099266537456e-05 6.990590372931219e-06 -9.756515088927832e-20)
(-1.823524486916066e-05 5.19275987420631e-06 -5.175069671932478e-20)
(-1.648611006741939e-05 3.56016136838209e-06 3.212291093120213e-18)
(-1.355502469400525e-05 2.196230711120676e-06 -3.109336081676667e-20)
(-9.585715807126135e-06 1.169944768374944e-06 -5.791476652623679e-21)
(0.003125915291582434 0.009248059050027235 -7.020275478257128e-19)
(0.003247753440592768 0.01309589680474032 -7.061405022777237e-19)
(0.01043908460947154 0.01502918923786365 7.11456655686264e-19)
(0.01525812978164733 0.01580460427639907 1.058188540692653e-18)
(0.02082359552197362 0.01502160848085656 1.34160860580813e-18)
(0.02579188444554 0.01277943945208931 4.146926745899685e-19)
(0.02983676678945414 0.009321567461537625 9.163334407037379e-19)
(0.03249231042954901 0.00507076549253462 7.819476450665809e-19)
(0.03339227202014653 0.0005452491805012194 9.757804743013343e-19)
(0.03232137516281375 -0.003817527272729518 1.311746563374632e-19)
(0.02930677334405378 -0.007578614175537602 -7.124604773595422e-19)
(0.02456230661583244 -0.01019188883893687 -6.090284550385087e-18)
(0.0182411863699008 -0.01113493663430506 1.174488930341702e-17)
(0.01198730094208773 -0.01011045326640443 1.793164215516737e-18)
(0.002235604322214918 -0.008050944206003174 3.24386878377472e-19)
(0.003791775658147577 -0.006334765132011937 1.201140911694412e-18)
(-1.152110256741161e-07 -2.856857982472261e-07 6.811757582989259e-20)
(-1.842509844180058e-07 -4.0941034396542e-07 -4.229428372545967e-18)
(-2.519845776873322e-07 -5.091092092068816e-07 -5.260605979721226e-19)
(-3.098113526139867e-07 -5.794088499392648e-07 -6.313830705259773e-20)
(-3.47422612692605e-07 -6.1310732106328e-07 -1.004001606213061e-21)
(-3.538574866552777e-07 -6.015942777125739e-07 8.310100983639418e-21)
(-3.200929172817758e-07 -5.362195834900454e-07 -9.578489193476156e-21)
(-2.429053254914557e-07 -4.11191224122115e-07 -2.296150326606102e-22)
(0.0006507571497056488 -0.0006640352304680336 7.395884019095292e-19)
(-0.001353113435641348 -0.001927764298727797 5.128776906817985e-19)
(0.001813267484263625 -0.001880039853776071 6.719432606386733e-19)
(0.00262241980890756 -0.0006960451144993478 1.621826995017549e-19)
(0.002621246214714839 0.0004393232373113698 -1.796211237589102e-18)
(0.001862888416679085 0.001639771095544985 3.050671179280831e-19)
(-0.00145197255957568 0.001780337983777499 -1.850854037096905e-18)
(0.000603070695646293 0.0005478332168642938 -9.837846874655726e-20)
(3.82620801311559e-07 -7.029397838679077e-08 1.027630473550935e-20)
(5.268880612508808e-07 -2.840924675996843e-08 -2.931916342720267e-20)
(6.124255684906987e-07 5.865783745610375e-08 -3.079687059291116e-21)
(6.293971578606727e-07 1.684073320700266e-07 3.566420980794033e-21)
(5.770627052117689e-07 2.708176123544705e-07 3.584282410418959e-20)
(4.62630856822412e-07 3.316797766055642e-07 2.310846099180036e-19)
(2.992274627342407e-07 3.13445128634739e-07 4.174985316513826e-21)
(1.034172983773807e-07 1.718483653243702e-07 -9.627067188972383e-22)
(2.106388395423553e-07 1.734336128181909e-06 1.35113237324006e-19)
(6.03674061417747e-07 4.562909615509706e-06 1.505229161004288e-19)
(9.041779859050435e-07 6.948511228293749e-06 1.389885854109925e-19)
(1.064714133533506e-06 8.97149460380494e-06 6.644365386670334e-19)
(1.039822421398766e-06 1.068382087623422e-05 2.75948231913897e-19)
(7.884810760182617e-07 1.212081566312126e-05 7.838060294793253e-20)
(2.753933686832147e-07 1.330379468660742e-05 -6.503860658650869e-18)
(-5.270592762229853e-07 1.424221195802907e-05 1.056824495742429e-19)
(-1.636328356088151e-06 1.493555069345979e-05 8.301806674047343e-19)
(-3.057220423290184e-06 1.537506749671328e-05 3.475640320800632e-19)
(-4.780307623182371e-06 1.55453277082768e-05 3.002783685020004e-20)
(-6.78190487307293e-06 1.542580946155758e-05 8.179670643846836e-19)
(-9.024854307974461e-06 1.499374495240752e-05 2.340053908641704e-18)
(-1.14567171443777e-05 1.423022142549475e-05 -1.842589986473279e-20)
(-1.400033902105777e-05 1.313032439866904e-05 1.732210932534671e-19)
(-1.65356174565924e-05 1.171409923342304e-05 -5.452612235331286e-20)
(-1.888326620364976e-05 1.003397979200838e-05 2.286575570890236e-18)
(-2.08108498709024e-05 8.181639568744653e-06 2.233987443416213e-18)
(-2.20533628751278e-05 6.274857137601036e-06 -1.650654027839522e-19)
(-2.234732696887432e-05 4.438639530648762e-06 1.778630797178419e-18)
(-2.147374623295557e-05 2.79234532522322e-06 -9.402115571125787e-20)
(-1.93005761723559e-05 1.442244709487527e-06 -2.43568608241238e-20)
(-1.581934085206449e-05 4.745475964957723e-07 -5.61429316681713e-20)
(-1.117643957058165e-05 -5.752065177671347e-08 2.852325178171409e-18)
(0.002465174586340634 0.006544424175774596 -3.009067995574772e-18)
(0.002518437633503498 0.009225750154653892 -6.213717158964468e-18)
(0.008442777475146671 0.01045023970171543 -2.163083424250801e-18)
(0.01228421108898683 0.01096459793304838 -5.287307425160178e-18)
(0.01673000489513058 0.01038699164889652 -7.115182404732164e-19)
(0.0206537149517347 0.008802520717264102 -2.089743040169623e-19)
(0.02380958136971808 0.006418883360677424 -7.515332543619512e-19)
(0.02582384225688917 0.003616936895545465 -5.141261800100077e-18)
(0.02632296605001664 0.0008452251595176958 -1.402914521055702e-18)
(0.0250725327515239 -0.001697528336469239 -5.435588204362957e-18)
(0.02221492099431598 -0.003825324522474005 -8.299506162499401e-19)
(0.01811989071079433 -0.005149187600589552 6.804011489293091e-19)
(0.01309212307611786 -0.00540428940635549 1.107300034783711e-17)
(0.008622982568291361 -0.004583359155101057 2.216302821774713e-18)
(0.002146041191949993 -0.003919185506018986 3.902048019618413e-19)
(0.002392920384883595 -0.003091556943888213 -2.586045471771673e-18)
(-1.663811523455912e-07 -4.082601087790523e-07 -3.424807901869655e-20)
(-2.600796162517162e-07 -5.909348872862579e-07 6.161291818699433e-20)
(-3.519708602506971e-07 -7.414830935152086e-07 -6.898343023329791e-20)
(-4.305059315701243e-07 -8.508242998737404e-07 -1.020109631996733e-20)
(-4.818519707986899e-07 -9.075189517395148e-07 4.897151690285141e-21)
(-4.915129240474526e-07 -8.979467959937398e-07 3.457627066719375e-21)
(-4.46992843929116e-07 -8.077507141260841e-07 -4.531350732332725e-20)
(-3.420817422168274e-07 -6.25360240777504e-07 2.822556137409099e-21)
(-0.0003036952936511889 -0.001201818221185545 1.4350595556338e-18)
(-0.0007105818443555958 -0.002119401845065318 2.599401185410045e-18)
(-0.0004836652448767465 -0.002270290079901039 2.603746338186264e-18)
(-0.0005782520968910028 -0.0008999308066678568 5.316064985226666e-20)
(-0.0005928536513072889 0.000641145370733665 -2.358697580577256e-18)
(-0.0004477440381212919 0.002028321272847321 6.413087614571075e-20)
(-0.0008674559888258083 0.001969433346269815 -2.241478422565576e-19)
(-0.0003894680617969784 0.001084880821641822 6.540239620570579e-19)
(5.023651767253282e-07 -1.969708956313029e-07 -4.446234176476882e-20)
(6.899660112745867e-07 -1.751866494487629e-07 -7.911931260169193e-21)
(7.971010694569208e-07 -8.44759121875014e-08 -6.929028482832975e-21)
(8.135951302628945e-07 4.475977479308961e-08 -2.93934889643154e-20)
(7.413797274162439e-07 1.761179107522947e-07 -1.655460424292065e-18)
(5.915080344232135e-07 2.702500214448681e-07 -8.092839134583215e-19)
(3.812529582431466e-07 2.845309783373884e-07 -8.64921161701854e-20)
(1.313356362657989e-07 1.684049134352897e-07 -6.711883674209672e-21)
(2.086064095544159e-07 1.943286238294262e-06 1.084889578253467e-20)
(5.928661944017111e-07 5.031734791949467e-06 2.050130942385603e-20)
(8.680887869475808e-07 7.554845416188338e-06 1.77660469660094e-19)
(9.79430636057323e-07 9.605991048355564e-06 2.184047956364683e-18)
(8.74144309043548e-07 1.124724195258019e-05 1.262935639645131e-18)
(5.04619001993889e-07 1.252335738980955e-05 2.126698039072737e-19)
(-1.701569383952967e-07 1.346479075252892e-05 -4.290762553458453e-20)
(-1.182390336349794e-06 1.409010166552238e-05 4.274989951873354e-20)
(-2.552678673091533e-06 1.440802997762871e-05 2.032951796797178e-19)
(-4.287048259363473e-06 1.441947727037914e-05 7.836392779385155e-19)
(-6.374304436373209e-06 1.411977232062905e-05 -3.049782694425985e-18)
(-8.78365501076118e-06 1.350199633937121e-05 1.716766246432478e-20)
(-1.146154485625055e-05 1.25624725957538e-05 -1.601539590695792e-19)
(-1.432600426253363e-05 1.130894921326162e-05 5.144804458435072e-20)
(-1.725791544057378e-05 9.769951755457832e-06 -2.100459412031536e-18)
(-2.009219487157546e-05 8.001597080950756e-06 -3.296820924468469e-19)
(-2.261594726301971e-05 6.088967352261675e-06 8.009868122059022e-19)
(-2.457982821943335e-05 4.142647640288568e-06 8.972598604335478e-19)
(-2.571967409136831e-05 2.287800571995537e-06 -1.151582503879265e-19)
(-2.578592579767605e-05 6.489299605528034e-07 8.839264904036101e-20)
(-2.457814988039209e-05 -6.622676839583477e-07 5.954046899010413e-20)
(-2.197939365546496e-05 -1.552838553196595e-06 8.068538163574662e-19)
(-1.798576815173632e-05 -1.949736879581446e-06 3.248723069172239e-18)
(-1.273241190567331e-05 -1.802264561592761e-06 1.865513093822374e-18)
(0.001855095682774192 0.004350808348495631 -2.854626706531654e-18)
(0.001780754624086816 0.006095083936007635 -2.867180595612178e-18)
(0.00662327107396859 0.00674583749300075 -8.945436772961378e-18)
(0.009630896059671721 0.007079619575795865 -1.755750218833097e-18)
(0.01310816714607794 0.006697588111661793 -1.362895743058012e-19)
(0.01614800119670343 0.005660268026270691 -6.905916472233839e-19)
(0.01859679198950148 0.004142369701211713 -4.387309788155598e-18)
(0.02019927245038433 0.002531528492300432 -1.230608811697138e-18)
(0.02053215773818223 0.001296316028083449 5.257507899771554e-19)
(0.01929674505245022 0.0003042643315645107 5.55416904187362e-19)
(0.01676895229304478 -0.0006092279856883795 1.199947917505011e-18)
(0.01344110085416616 -0.001136998715188931 9.995553784167887e-19)
(0.009612768796682202 -0.001161402277913508 5.978440418313919e-18)
(0.006414925682532853 -0.0007605739725112207 1.314625855278427e-18)
(0.001908689576377598 -0.0009324749857320498 1.650789557825841e-19)
(0.001849228371625717 -0.0008436225191197502 4.231696750519363e-19)
(-2.392915304670531e-07 -5.584017048270665e-07 1.952815417815878e-18)
(-3.651653612401096e-07 -8.16367001233928e-07 -1.01739269104128e-19)
(-4.854855154734668e-07 -1.035513918867022e-06 -1.543654389492256e-20)
(-5.862294065331689e-07 -1.201641646230063e-06 -5.532905723668509e-20)
(-6.506833717910554e-07 -1.297392120883653e-06 -6.96417053547499e-20)
(-6.615443481857754e-07 -1.301922354928755e-06 8.658854492181006e-19)
(-6.033905477148896e-07 -1.191462968053864e-06 -6.119251706930945e-20)
(-4.663923649467043e-07 -9.418915030690294e-07 -9.778131212199917e-21)
(-0.0002733848560026041 -0.001092596942726379 4.422881171479617e-19)
(-0.0001905189195944708 -0.001685366174658161 1.531497127316907e-19)
(-0.001115272307632416 -0.001791201541485733 -1.242200194028451e-18)
(-0.001510691871492746 -0.0007456180051929839 9.70339897324529e-20)
(-0.001542403617766183 0.0004990763552806288 1.268197453994785e-19)
(-0.001107411545497017 0.001549010967569181 3.840247335786952e-18)
(-0.0004298851794806262 0.001509750774334754 -2.041905046702751e-19)
(-0.0004142462894144552 0.0009605186542386336 1.116574334006826e-18)
(6.267206590143334e-07 -4.2164596818022e-07 1.58066118252619e-18)
(8.528782848570308e-07 -4.372265352409199e-07 -2.648680169380179e-20)
(9.751104921881495e-07 -3.51634491257166e-07 -7.132888825012581e-20)
(9.858847117015816e-07 -2.05598620198696e-07 -3.434938347735113e-19)
(8.914478229278718e-07 -4.060898452999239e-08 -5.014317780935681e-20)
(7.071518414342474e-07 1.015914122370724e-07 -9.61757239480302e-21)
(4.540550419683716e-07 1.765479039177176e-07 3.259468610493679e-19)
(1.560569219041102e-07 1.308987863416714e-07 1.397720365728316e-20)
(1.649853033026083e-07 2.077726241420802e-06 -2.604922404101731e-21)
(4.581674275663464e-07 5.285268430797394e-06 7.663246072056515e-20)
(6.290188114467955e-07 7.805162719364076e-06 6.766226887414393e-19)
(6.166849369175628e-07 9.739856678217876e-06 -3.025942197853091e-18)
(3.62683980445911e-07 1.115964693447404e-05 -3.612166622474432e-19)
(-1.855449705792829e-07 1.211842797281667e-05 -6.4916691751731e-18)
(-1.07299122261784e-06 1.265692839751294e-05 -2.773668919415443e-18)
(-2.334596854472633e-06 1.280547024844984e-05 -7.276889495538877e-20)
(-3.992007410269418e-06 1.258652240535398e-05 1.004957809277953e-19)
(-6.049791707068552e-06 1.201739092027565e-05 -1.232889495356541e-18)
(-8.491299077353388e-06 1.111353695092636e-05 2.833748555240747e-18)
(-1.12740267522993e-05 9.893113552193007e-06 -5.445937023250922e-20)
(-1.432415592046926e-05 8.383002383157844e-06 -3.000444026641004e-20)
(-1.753042365297303e-05 6.625594149098964e-06 1.612579003561384e-20)
(-2.073885583757021e-05 4.684242633482162e-06 1.201936044518002e-19)
(-2.37515560058796e-05 2.64496642563949e-06 -7.806171997994039e-20)
(-2.633314381806495e-05 6.134843457920999e-07 -3.19711028023123e-19)
(-2.822639713456822e-05 -1.291490224121549e-06 -2.140691843894035e-18)
(-2.917513424687974e-05 -2.948321798950672e-06 2.836702783532293e-18)
(-2.895156872158666e-05 -4.244212232668758e-06 7.279260124503276e-20)
(-2.738497802047687e-05 -5.084411150856742e-06 1.22579388999824e-18)
(-2.438719335715283e-05 -5.394553915573331e-06 8.110881005471768e-20)
(-1.996929494829354e-05 -5.112919570304277e-06 4.834038768680245e-19)
(-1.42454792393951e-05 -4.1707543183496e-06 -2.12836169448322e-20)
(0.001392096497243491 0.002709707001684507 -3.402325694008347e-18)
(0.001037811389225429 0.003827375926335848 -9.285377367962959e-18)
(0.005003599473865477 0.004071736445324294 3.103569580390619e-18)
(0.007318841632041405 0.00432746268368422 7.863243169693379e-19)
(0.009951716536942294 0.004101246259451236 1.386349438950975e-18)
(0.01222165845840244 0.003433315923528769 -1.781609445764176e-18)
(0.01406854546184763 0.002461786848852871 7.127847170208367e-18)
(0.01539499611227229 0.001661833834500073 1.444082764019427e-18)
(0.01567569206015085 0.001735284669775509 6.360799054366673e-18)
(0.01454233825023482 0.002091635913442292 7.560329298115846e-18)
(0.01237058351891698 0.002029164806336133 1.056221242495345e-17)
(0.009788080620188457 0.001953984074719118 1.862189109972362e-18)
(0.00696553032128727 0.001954761915623116 1.874447228674034e-18)
(0.00468318929896085 0.001974381001234168 4.2617639684426e-18)
(0.001479945599638603 0.001297007771357763 3.691165243878199e-18)
(0.001416961782478476 0.0007627300876856067 5.521671086101233e-19)
(-3.418736012151874e-07 -7.356400023958865e-07 -3.131609442225165e-19)
(-5.106708233829603e-07 -1.085485074247975e-06 -4.763791588882061e-19)
(-6.657395118397393e-07 -1.392524411549141e-06 -9.921041704018906e-20)
(-7.90721260340594e-07 -1.637037926086992e-06 -1.142594359155244e-18)
(-8.668902377827713e-07 -1.795060131274707e-06 3.159437280602777e-18)
(-8.755350723158896e-07 -1.837471353477275e-06 -7.076445969341737e-20)
(-8.000101697266254e-07 -1.72819727891336e-06 -1.257844890191941e-20)
(-6.276118293638711e-07 -1.420761197216394e-06 1.620124331723766e-18)
(-0.0001353800358147872 -0.0008094504985328802 -8.834651861728418e-19)
(9.977992887281861e-05 -0.001157747503331262 2.281346003446835e-18)
(-0.001128415766843033 -0.001121229156986282 2.137522510266169e-18)
(-0.001548568740837398 -0.0004766650600750681 -4.103535132905763e-18)
(-0.001600978124436392 0.0003084307966273387 -3.449496370614166e-19)
(-0.001171424385393175 0.000940390914409972 -7.411963762945328e-20)
(-0.0002711281147430188 0.0009708215029392864 -2.46377099755827e-18)
(-0.0003392868968507278 0.0006546198365068435 -6.537136870914633e-19)
(7.490077107661982e-07 -8.000325955966514e-07 -8.449886507045138e-19)
(1.00039107426398e-06 -8.604953666050373e-07 8.327891903899693e-21)
(1.126426109374133e-06 -7.800574663974474e-07 -6.332696855648511e-19)
(1.125411767234635e-06 -6.13163721813141e-07 -3.915710430407364e-19)
(1.008518518227583e-06 -4.040571357464022e-07 -1.417499878696582e-19)
(7.948612799134162e-07 -1.932275658870358e-07 -4.84125465898831e-20)
(5.082290721068533e-07 -2.310540410713734e-08 -1.548779028741303e-18)
(1.742863815846812e-07 5.425937522418947e-08 2.013307714948475e-20)
(7.114017695991712e-08 2.135754760423329e-06 8.075811320946358e-21)
(1.73881342981953e-07 5.326068063957407e-06 1.648331520388001e-18)
(1.450758908312774e-07 7.714168444057125e-06 6.541631457272768e-20)
(-8.045847649273182e-08 9.407557385863715e-06 -1.675825660204513e-19)
(-5.64984574172615e-07 1.048259160384753e-05 1.477537299302288e-19)
(-1.363822154646331e-06 1.100154116402035e-05 -4.952176056773022e-18)
(-2.523398343668532e-06 1.101602140562074e-05 8.780363707171784e-20)
(-4.078385987823542e-06 1.057022089279885e-05 8.606072124744626e-21)
(-6.047881323647652e-06 9.704119842387235e-06 3.241459813623204e-18)
(-8.43073599021563e-06 8.4569449804138e-06 2.340814968408109e-18)
(-1.12001993240842e-05 6.871116557330718e-06 -6.644756735063749e-20)
(-1.429809283825622e-05 4.996762763140143e-06 -3.48516062563592e-22)
(-1.762904778613195e-05 2.896368244631898e-06 5.509233557719026e-20)
(-2.105605001930986e-05 6.48394355999473e-07 3.853082343438951e-20)
(-2.439927551639999e-05 -1.651649517348626e-06 -2.846764575739269e-19)
(-2.744050001686287e-05 -3.89371437538625e-06 -1.766992977093473e-20)
(-2.993462054238973e-05 -5.959104619310219e-06 -3.767278051401073e-19)
(-3.162822334868384e-05 -7.728705542152511e-06 2.753837012118999e-18)
(-3.22833953256833e-05 -9.092534730535716e-06 -1.364439805005476e-18)
(-3.17040333832164e-05 -9.959021328936586e-06 4.991665151587073e-19)
(-2.976125302579032e-05 -1.026116387702861e-05 -1.225575881414649e-18)
(-2.641324741962958e-05 -9.955313416230762e-06 -8.76454115782164e-19)
(-2.171169461573754e-05 -9.005342883787199e-06 3.586938490405773e-20)
(-1.577648052521327e-05 -7.332588796123921e-06 -5.204913245703326e-20)
(0.001117340234311526 0.001480752821437148 8.899531748663372e-19)
(0.0009835006230447365 0.001009807198239979 -2.016408505522461e-18)
(0.003775278997899591 0.0007628371054520244 -7.417003496154322e-18)
(0.00533864104569853 0.001108792261487916 1.088875137021343e-18)
(0.007124359711838354 0.001193388511267881 1.329910030000955e-17)
(0.008645888902152401 0.001033392288585529 -1.281777972176266e-17)
(0.009886074706119116 0.0006704136107540213 -1.233438358520255e-18)
(0.01088914918467543 0.0007063052152989711 3.466088906512639e-19)
(0.01103296405406165 0.002277116852299811 1.130269665611997e-18)
(0.01026852359478704 0.00374793174274799 4.539505103672214e-19)
(0.008510942600819773 0.004141009170785562 1.078156231657334e-18)
(0.006698367880083626 0.004243745341729195 1.235571931097545e-18)
(0.004766073578356526 0.004173845964782767 8.77144228186786e-18)
(0.00322852049329373 0.003902109316738686 -3.026752289656834e-18)
(0.001050726876236004 0.002908419030668008 8.433072738210469e-19)
(0.001009842502298443 0.001903477492185932 1.26768648882197e-18)
(-4.817177257194442e-07 -9.359737401323396e-07 -2.229539408452738e-21)
(-7.075053932080423e-07 -1.392763935384152e-06 -5.215152212559675e-20)
(-9.061768764661183e-07 -1.806538534614502e-06 -6.594312710002729e-20)
(-1.058898022905132e-06 -2.152726026358014e-06 -7.43337479973548e-20)
(-1.145904189111743e-06 -2.401844012480504e-06 2.497756350000613e-20)
(-1.149107931247041e-06 -2.51883125903336e-06 3.624021449387221e-20)
(-1.053790078658738e-06 -2.459347250053159e-06 4.82379127827381e-20)
(-8.480682466729776e-07 -2.156131465023232e-06 -7.873903061193147e-19)
(-1.24238756063922e-05 -0.0005807564450361996 -4.295201476919008e-19)
(0.000312919993570599 -0.00068807971315114 -3.787057605066411e-18)
(-0.0008726911663776858 -0.0003923574635063467 -3.095075463925972e-21)
(-0.001191813052175588 -0.0001892379582762865 -3.000647707284211e-19)
(-0.00124939191007764 4.078509682094968e-05 -6.057905051312515e-20)
(-0.0009658161091163282 0.0001982314277941115 -7.499040412360601e-20)
(-0.000298369921611629 0.0002347425310013838 -4.329294652590451e-19)
(-0.0002972790684553426 0.0003616907389030472 5.701454318799094e-19)
(8.611678203468838e-07 -1.423743830019188e-06 2.720181215688911e-19)
(1.113700915110878e-06 -1.499461638681797e-06 1.324392528690022e-20)
(1.228896027663832e-06 -1.404903455827815e-06 -6.519072112434489e-20)
(1.21093524263122e-06 -1.202368164386137e-06 -5.03846225988563e-20)
(1.074491573920367e-06 -9.317040175445333e-07 -7.035231906029471e-20)
(8.409240990431353e-07 -6.264427480288763e-07 8.258004041559899e-19)
(5.352135386230708e-07 -3.221279058913647e-07 9.518348850984349e-19)
(1.831062457728961e-07 -6.454893563536887e-08 -2.688257923634458e-20)
(-7.715873367174794e-08 2.119952322040966e-06 -1.495296373021933e-20)
(-2.725635866218158e-07 5.169661811819503e-06 8.035344840574662e-21)
(-6.041569847120912e-07 7.318225456413386e-06 -2.751843393819538e-21)
(-1.139556644935485e-06 8.674470530915628e-06 1.632119823478366e-20)
(-1.942521826664564e-06 9.318567583176118e-06 2.4132371917791e-19)
(-3.068437024773525e-06 9.320002958165558e-06 -3.216053824577741e-18)
(-4.561897223247669e-06 8.741223719465957e-06 2.455998242780075e-19)
(-6.453365804913718e-06 7.641382147536045e-06 -3.279304728333527e-18)
(-8.754825198386326e-06 6.08017664017785e-06 1.134763696010683e-19)
(-1.145455267334951e-05 4.121761045365558e-06 1.843817029116878e-20)
(-1.451135937143131e-05 1.83858705298987e-06 8.600211081536138e-20)
(-1.784892803610976e-05 -6.852037350880968e-07 7.030535165423467e-20)
(-2.135133324402262e-05 -3.351577591428206e-06 -2.696297171992344e-18)
(-2.486126985377533e-05 -6.048544518503455e-06 -1.825136136776263e-18)
(-2.818270703626978e-05 -8.652990905639278e-06 -2.204908898435551e-19)
(-3.108932568061777e-05 -1.103649341269142e-05 -1.850690892457839e-18)
(-3.333920881306646e-05 -1.307341992228504e-05 7.808110731377932e-20)
(-3.469510809730273e-05 -1.465020795281572e-05 -3.357873562395229e-18)
(-3.494854064911034e-05 -1.567464012607414e-05 -6.054321219114854e-20)
(-3.394527323355017e-05 -1.608370785180263e-05 5.495759947947673e-20)
(-3.160947368820166e-05 -1.584830584971638e-05 -1.89776619997932e-20)
(-2.796397368037969e-05 -1.497276660091993e-05 -2.569317367085674e-20)
(-2.314525566319051e-05 -1.348778623037243e-05 6.402469251128933e-20)
(-1.741815650363595e-05 -1.143880720693618e-05 -2.733025505834541e-20)
(0.001054131325654367 0.001034359214378194 -5.504997935277155e-18)
(0.001495641423774812 0.001007821688133483 -1.562957219910717e-18)
(0.00261392328041541 0.001051084647288707 7.874807781810447e-20)
(0.003816637577993966 0.001109295815779616 9.44004471260353e-19)
(0.005059722239237552 0.001099557144457493 1.790553208784015e-18)
(0.006151766259037793 0.0009623315857794295 -2.071828928671089e-18)
(0.007039324293578933 0.0008106100507767895 -4.092718276641174e-18)
(0.007113469626739925 0.001144687191299379 -3.056002292901121e-19)
(0.005323372177327123 0.002461702872646355 1.003938387604686e-18)
(0.005794362058171244 0.004651591434866493 -5.400601878107385e-18)
(0.004782379105710942 0.005448434705928024 -7.407445998355731e-19)
(0.003918096616902388 0.005668927264283453 5.794990331330706e-19)
(0.002858641474413694 0.005565125326792994 8.525063872747624e-18)
(0.00198797079422646 0.005127362141975489 1.54008230170773e-18)
(0.0006738583596159527 0.003970026362119446 6.528357276990282e-18)
(0.0006542081349194408 0.002658767168660196 2.640007457814576e-18)
(-6.652417192751377e-07 -1.151547053458756e-06 4.476043351026177e-19)
(-9.652014795436762e-07 -1.726485590934287e-06 -2.200433120663164e-20)
(-1.21894922370581e-06 -2.262458258761287e-06 2.970479168992905e-18)
(-1.404853950734333e-06 -2.731328702679887e-06 -8.335414022696791e-19)
(-1.50311696309061e-06 -3.100429760712315e-06 -1.971277912375228e-18)
(-1.498838474185433e-06 -3.334289422209471e-06 2.947910001894718e-19)
(-1.384610889100264e-06 -3.395718445543729e-06 4.4394947273364e-20)
(-1.163088872976892e-06 -3.246950735307365e-06 -3.702307349254349e-20)
(6.41086344116827e-06 -0.0004866168733109503 -5.671869167753521e-19)
(-0.0001322474311362486 -0.0004509610296866358 -1.490487442965522e-18)
(-0.0005035395780577387 -0.0003331240389232955 -2.443489997773447e-19)
(-0.0007355252810800228 -0.0001619657926723306 3.140949473861374e-19)
(-0.0007753162649329904 3.815219887978301e-05 -1.599869929648449e-19)
(-0.00061946938011394 0.0001802805483636674 2.149936346227981e-19)
(-0.0003884121822772291 0.0002310684286662366 -3.844130559543603e-19)
(-0.0002904435223522539 0.0002549435242366135 -6.243186783291662e-19)
(9.527678117901003e-07 -2.404806580759986e-06 2.011783801724537e-20)
(1.171644120831792e-06 -2.393006167262016e-06 -2.907302839016669e-21)
(1.261345021773047e-06 -2.243843536462061e-06 -1.0763073475663e-20)
(1.223901010948155e-06 -1.982261296338335e-06 -4.759736906207677e-21)
(1.074246232392979e-06 -1.628060783642217e-06 -3.130508237552643e-21)
(8.34135964418407e-07 -1.200033208442752e-06 -5.147527973202841e-20)
(5.28099770856567e-07 -7.212680725550077e-07 -3.575536165915062e-20)
(1.801824042887439e-07 -2.258035732091322e-07 -3.223217813052451e-21)
(-2.79008839596239e-07 2.036270495749462e-06 -4.704781450846064e-20)
(-8.784502635378268e-07 4.840782218481707e-06 4.262130345409705e-20)
(-1.61407563698153e-06 6.668298578738378e-06 2.175506523887422e-20)
(-2.553946197624891e-06 7.62577989615171e-06 8.081158649421456e-20)
(-3.760819507112674e-06 7.795016195712851e-06 4.786970023086687e-20)
(-5.287102247310315e-06 7.251164755267726e-06 2.305740192611329e-19)
(-7.171827517392978e-06 6.066624569607234e-06 2.492620685248009e-20)
(-9.436850113119367e-06 4.315233934913286e-06 -4.164428175467341e-20)
(-1.208224347761444e-05 2.076505132850206e-06 3.391131390581045e-20)
(-1.508114318414392e-05 -5.604702173326627e-07 1.057251561850723e-19)
(-1.837457819145938e-05 -3.493933354978187e-06 -2.61990274813685e-18)
(-2.186717476146188e-05 -6.607821153977334e-06 2.277921044499298e-20)
(-2.542494785298124e-05 -9.772283153969795e-06 3.319277013178286e-18)
(-2.887655291294259e-05 -1.284690499720516e-05 2.319157540296063e-18)
(-3.201920662202948e-05 -1.568676116907091e-05 2.422954992837724e-18)
(-3.462995168463767e-05 -1.815083227872357e-05 2.019046524938929e-18)
(-3.648216142837436e-05 -2.011183170349531e-05 -2.35747385993979e-18)
(-3.736634118552181e-05 -2.146625421142268e-05 -3.177209492430168e-18)
(-3.711355478460588e-05 -2.214342651447355e-05 2.716803492190095e-20)
(-3.561936265937115e-05 -2.211237802509205e-05 6.335966229186155e-20)
(-3.286618597376904e-05 -2.138552151187759e-05 -2.995806775876116e-18)
(-2.894282798425246e-05 -2.001864767347096e-05 -2.572240589570979e-19)
(-2.406223899006237e-05 -1.81081614783812e-05 1.123891450345866e-18)
(-1.858352336541694e-05 -1.57899551415353e-05 -6.153749468525223e-19)
(-1.304766948466798e-05 -1.325122118884798e-05 -7.04081961249085e-21)
(-8.19632321475257e-06 -1.075392916163095e-05 7.956424073235976e-20)
(-4.862396687566634e-06 -8.720982198455853e-06 3.469550400721378e-20)
(-2.690246550082558e-06 -6.999731515207287e-06 -4.218818852701976e-21)
(-1.316189521971913e-06 -5.486475367078025e-06 -1.153207295585727e-20)
(-4.967916947852535e-07 -4.13585535053503e-06 3.26777078096809e-18)
(-7.006872460415051e-08 -2.929103832987712e-06 4.272179225884286e-21)
(8.734663605619065e-08 -1.851620762066946e-06 -7.740925358306842e-20)
(0.002296437460659518 0.002937170727014017 -3.649865192142556e-19)
(0.001614597896409706 0.004662684295875422 -7.469917463352518e-19)
(0.001832230405174698 0.005729602871227119 6.185841241671459e-19)
(0.001724597707821614 0.006187211849248786 -2.662322730205457e-19)
(0.001365948551912732 0.006194175304957746 -3.846990220905722e-18)
(0.001017822834162984 0.005742992813316743 7.232301516530673e-19)
(0.0003768683931336979 0.004563896791694061 1.472316670773788e-18)
(0.0003753672298426483 0.003097921856391093 1.932161770773911e-18)
(-8.968015238497597e-07 -1.370827559422894e-06 -4.365084378461285e-21)
(-1.290565549083946e-06 -2.068788619590456e-06 -9.214869798436931e-20)
(-1.613089683719787e-06 -2.73569564248797e-06 -8.058696521833305e-20)
(-1.839419849637485e-06 -3.340941613675925e-06 -2.546628758515159e-20)
(-1.950382139951756e-06 -3.850088464654993e-06 4.635988225280233e-20)
(-1.935835553474718e-06 -4.22911675059044e-06 3.307432344650767e-18)
(-1.797448175455945e-06 -4.449201027058563e-06 -2.090465573768918e-20)
(-1.551467148345424e-06 -4.493661476989231e-06 -8.08291054720222e-21)
(-1.232031669237211e-06 -4.372121733177783e-06 7.372446790708957e-21)
(-8.917126815367665e-07 -4.151001617190521e-06 5.353088439084169e-19)
(-5.952295129836138e-07 -3.991424266659683e-06 -2.597631564080473e-19)
(-3.324134038978346e-07 -3.869305154788685e-06 -3.781212217161501e-20)
(-8.693862012124163e-08 -3.763528371246764e-06 -9.935584578328525e-21)
(1.586677390539313e-07 -3.67485789534212e-06 -2.992459430372695e-20)
(4.240215276204334e-07 -3.625312504612187e-06 -1.21746849633083e-20)
(7.191141208646589e-07 -3.643270277958982e-06 -1.112694002214514e-20)
(9.793897043558134e-07 -3.616711623659319e-06 3.024254804947661e-20)
(1.14954581913491e-06 -3.500526492891524e-06 -3.328148342247062e-20)
(1.206441477088951e-06 -3.276603251008365e-06 -4.280135355994474e-21)
(1.150760609712205e-06 -2.937615866723615e-06 7.523775026598184e-21)
(9.971524163619521e-07 -2.479785097612302e-06 4.62910481025423e-20)
(7.667465615813801e-07 -1.902712908439879e-06 2.747253365801982e-21)
(4.821556742399917e-07 -1.212535560756443e-06 -1.873328522283262e-20)
(1.639242270816584e-07 -4.263433282176207e-07 -3.213607338260893e-20)
(-5.282755957953768e-07 1.892711062926613e-06 -3.069723520067517e-19)
(-1.62547683242722e-06 4.369052982874759e-06 4.17695893689512e-19)
(-2.854569939043548e-06 5.822075755387802e-06 -6.546903037256546e-18)
(-4.28210379985807e-06 6.354310855497458e-06 4.62098865754066e-19)
(-5.967295300236852e-06 6.04707859958961e-06 7.900043466769831e-20)
(-7.956428227644957e-06 4.979268692199466e-06 2.004721528595158e-20)
(-1.02791644648523e-05 3.231443731789346e-06 -4.898087182517708e-20)
(-1.294443736078016e-05 8.903469141580177e-07 -3.94661365846203e-19)
(-1.593603485451872e-05 -1.946769382036228e-06 -2.970643328569104e-20)
(-1.920823846296546e-05 -5.168656742541265e-06 9.309090819009802e-21)
(-2.268216369424891e-05 -8.648136719119088e-06 1.227661259452204e-19)
(-2.624370523232112e-05 -1.224240495547538e-05 2.199485289050112e-18)
(-2.974414193239884e-05 -1.579609032582169e-05 -6.378448725222901e-20)
(-3.300440238864844e-05 -1.914723493324881e-05 -3.830951928049188e-20)
(-3.58236841869091e-05 -2.213587737669165e-05 6.580002404478997e-20)
(-3.799259902171974e-05 -2.461444006751721e-05 -1.995666362599842e-18)
(-3.931038750350929e-05 -2.645878072589846e-05 1.040029536959778e-19)
(-3.960512363786919e-05 -2.757862462562802e-05 -5.093215044699026e-20)
(-3.875531443291486e-05 -2.792612400188878e-05 -2.789557178601803e-21)
(-3.671101282338182e-05 -2.750145939486512e-05 6.50546034363888e-20)
(-3.351260646018142e-05 -2.635469977888211e-05 -2.658339586315176e-18)
(-2.930580110142638e-05 -2.458354706072995e-05 -2.994483616465376e-18)
(-2.435141686846947e-05 -2.232695250820472e-05 -2.735015858602415e-18)
(-1.902645127919934e-05 -1.975448706446154e-05 -2.718054693995112e-18)
(-1.380532353244181e-05 -1.705051384067444e-05 1.230934607919398e-19)
(-9.200096990099769e-06 -1.439320216425097e-05 -2.087517527490162e-18)
(-5.618403349408723e-06 -1.194613558096495e-05 8.168626467481648e-20)
(-3.053713378125167e-06 -9.709114742349843e-06 6.187653100393538e-21)
(-1.35040613565918e-06 -7.660845029351443e-06 -6.193954572911757e-21)
(-3.315150908993029e-07 -5.794643823592033e-06 -7.800462723484695e-21)
(1.664639411758529e-07 -4.110002614211107e-06 -4.733912072084909e-20)
(2.940987692809155e-07 -2.59896445083303e-06 -1.036102232755649e-18)
(0.0004881598365472117 0.003103594354178119 3.072492285330715e-19)
(6.357440244054665e-05 0.004390775049522256 8.458499807962987e-19)
(0.0003431624430086434 0.005492719989903838 5.659511393079356e-18)
(0.0004813016501119152 0.006175504344062086 1.77754959123254e-19)
(0.0004536672052142335 0.006334878337329122 8.81085053917127e-19)
(0.0003904957312062254 0.005944289700392337 9.378087440514862e-18)
(0.000188172861283016 0.004825431773135638 1.349537840709543e-18)
(0.0001866800724262519 0.003307531485177153 2.796806917250912e-18)
(-1.177824673018722e-06 -1.579328818360323e-06 2.935674751873301e-18)
(-1.686311989191626e-06 -2.3968085162521e-06 2.562982089188475e-18)
(-2.092705809686067e-06 -3.193915592374183e-06 -1.156205404482351e-19)
(-2.368002692668776e-06 -3.938203308524464e-06 -1.914143901914011e-20)
(-2.493907461009661e-06 -4.593660188838074e-06 -6.794057662175022e-21)
(-2.465721905858115e-06 -5.126603495795077e-06 -2.600665623692767e-20)
(-2.294061228192128e-06 -5.511648584053579e-06 -2.121286963599976e-19)
(-2.005076039210971e-06 -5.738046213063248e-06 -5.285088612348941e-20)
(-1.638196553228324e-06 -5.816801353822993e-06 -2.617954053645845e-19)
(-1.239836267989312e-06 -5.787061669039169e-06 2.941110750573006e-19)
(-8.520206893482631e-07 -5.71065937495863e-06 -2.442200332629353e-20)
(-4.895569732154479e-07 -5.605178190127582e-06 -3.105080463441951e-19)
(-1.54098387124713e-07 -5.478379074836358e-06 -6.419198036359637e-20)
(1.579404461224041e-07 -5.342434895948441e-06 -3.311544484807273e-19)
(4.490360650092099e-07 -5.213790509098508e-06 -4.074258257658546e-20)
(7.113914620301368e-07 -5.098578711172337e-06 1.655879431073803e-18)
(9.151481419831223e-07 -4.958224219668334e-06 -1.409226296605166e-18)
(1.033176399204808e-06 -4.754352778446147e-06 -6.738973169622273e-19)
(1.054542537660638e-06 -4.454221968112925e-06 -3.164615366274704e-20)
(9.841769377212997e-07 -4.029312531281357e-06 4.49827789175855e-20)
(8.376212809304076e-07 -3.454401698277897e-06 -1.281326047202634e-18)
(6.3479992569584e-07 -2.708591615316661e-06 3.03583386753257e-20)
(3.95027434774896e-07 -1.778221233297384e-06 -1.339917362186275e-19)
(1.335505951685116e-07 -6.591488605143235e-07 8.641555247740825e-19)
(-8.140921862531271e-07 1.697993543398589e-06 3.371528134090832e-18)
(-2.481247299825805e-06 3.784721460308111e-06 -6.275098465162764e-18)
(-4.272473039272035e-06 4.836287976198259e-06 -1.69267441318138e-18)
(-6.251036891720559e-06 4.948824366315561e-06 -1.770402132430762e-19)
(-8.470237815101981e-06 4.201188318211972e-06 -1.031387902371588e-20)
(-1.096726717347585e-05 2.673685123674556e-06 8.987396318747201e-22)
(-1.375890465614863e-05 4.523953415883119e-07 -5.811607254039978e-21)
(-1.683738735213652e-05 -2.366167999343668e-06 -4.943225892809349e-20)
(-2.016668961636026e-05 -5.670907798104854e-06 -5.905765337841828e-20)
(-2.367964130618142e-05 -9.333357853390841e-06 -8.325037127454869e-19)
(-2.727649450095788e-05 -1.320706032764424e-05 -5.867987104369224e-18)
(-3.082566915143159e-05 -1.712971696393208e-05 2.478161726850713e-20)
(-3.416740229211161e-05 -2.092840307454198e-05 -3.566394931084588e-24)
(-3.712085152700307e-05 -2.442769728256116e-05 4.803268935676195e-20)
(-3.949486877516341e-05 -2.746010761230967e-05 2.316026037836831e-21)
(-4.110221755829473e-05 -2.987776736599213e-05 5.847050411368508e-20)
(-4.177652667781967e-05 -3.156410984346244e-05 -7.457949675959124e-20)
(-4.139081911206453e-05 -3.244413737833437e-05 1.890393712904341e-18)
(-3.987608341570838e-05 -3.249196592173056e-05 -8.947209399903709e-20)
(-3.723810115012453e-05 -3.173451291321218e-05 2.614037923659623e-20)
(-3.357055689354014e-05 -3.025043188848711e-05 2.931597059787923e-18)
(-2.90620870904857e-05 -2.816357646536231e-05 -1.072998989695625e-19)
(-2.39939152860396e-05 -2.563038744113387e-05 4.994309835583056e-20)
(-1.872308661814311e-05 -2.28212311702879e-05 4.572500640231942e-20)
(-1.364611066661766e-05 -1.989864568871275e-05 2.468837830760677e-18)
(-9.141237510648504e-06 -1.700076431193089e-05 6.579464690516984e-20)
(-5.485177196659912e-06 -1.423110433466587e-05 5.537241234248576e-21)
(-2.760929206613977e-06 -1.162895329957022e-05 -9.85022221394474e-21)
(-9.187028714293874e-07 -9.209062591154522e-06 -9.747268757676306e-20)
(1.598009839267646e-07 -6.984078465556074e-06 -1.632944253873231e-20)
(6.236165766696552e-07 -4.963509474817748e-06 -7.044402299247133e-20)
(6.357160435096652e-07 -3.144282405262325e-06 2.646450299971876e-18)
(7.856555137046944e-05 0.003049074761663637 3.805863335517204e-19)
(-2.649425150902077e-05 0.004295269086543891 1.536147581422582e-19)
(-0.0001136911990512576 0.005350029925098196 1.176695161440341e-19)
(-2.152618507619447e-05 0.006087371639995778 -5.177276589714338e-18)
(2.044177489451113e-05 0.00630328830276494 7.365222801542585e-18)
(5.755297366279473e-05 0.005948274619989926 1.518471722431538e-18)
(9.458960399479775e-05 0.004899804142614764 3.209929781408637e-19)
(7.983863189451901e-05 0.003377891945229041 -3.189282281878498e-19)
(-1.506082392816225e-06 -1.760759178703582e-06 5.766190708790572e-21)
(-2.149868071319914e-06 -2.684625055842673e-06 -4.735284689304365e-19)
(-2.655367924628976e-06 -3.600130269652195e-06 -4.135281355170349e-20)
(-2.988628872631696e-06 -4.473328662284382e-06 -9.865646638522225e-21)
(-3.132091963675698e-06 -5.266308676020074e-06 -6.893117778729337e-21)
(-3.086541273078025e-06 -5.943939170173333e-06 -9.621610795214461e-21)
(-2.871010598012045e-06 -6.479838459237902e-06 -1.235098794470244e-20)
(-2.520273407318483e-06 -6.861201263760148e-06 -5.33315532869287e-21)
(-2.079679374457398e-06 -7.092089596471944e-06 -2.639463553529539e-20)
(-1.597781035083822e-06 -7.194034773841005e-06 1.051443635387197e-18)
(-1.117482375630619e-06 -7.199620560754093e-06 -1.981075020057144e-20)
(-6.671341482192652e-07 -7.133398515846937e-06 -2.70071964122773e-20)
(-2.627523555316126e-07 -7.01607526434661e-06 -1.124345021265587e-21)
(8.737455251241959e-08 -6.867976444352377e-06 -5.285154828686331e-21)
(3.778014347870782e-07 -6.706111948960288e-06 2.41941598164045e-20)
(6.01694485802135e-07 -6.534475663031846e-06 -5.16335569007527e-22)
(7.491195969363234e-07 -6.333421821263e-06 3.062624189593385e-20)
(8.144098708439936e-07 -6.070269425131891e-06 -3.241888905172212e-20)
(8.011239110417543e-07 -5.705719968546533e-06 -2.623867099004884e-21)
(7.218340880241756e-07 -5.197121955894139e-06 8.63601439459836e-21)
(5.945584149380165e-07 -4.501258611698425e-06 4.776873352080549e-20)
(4.378774980819513e-07 -3.577393054381628e-06 -1.150880323274331e-20)
(2.666244841349362e-07 -2.390848898915527e-06 -5.516849821622637e-20)
(8.905667538601514e-08 -9.13258009263649e-07 -3.360429014242003e-20)
(-1.121872176070206e-06 1.460388029239033e-06 -1.170343099589316e-19)
(-3.402291516061293e-06 3.114989761012106e-06 9.399696189351039e-20)
(-5.796517167557265e-06 3.760192605824103e-06 -1.528600095826626e-19)
(-8.363097670994926e-06 3.484203928311021e-06 3.284369095994004e-18)
(-1.114739217876015e-05 2.361483132734137e-06 -2.249363217267096e-19)
(-1.417494811693982e-05 4.711200398300618e-07 -1.308449983724229e-20)
(-1.744673645643096e-05 -2.098601511653711e-06 2.601338853828826e-21)
(-2.093534539830172e-05 -5.245525533394656e-06 1.518283833154892e-20)
(-2.458246239879421e-05 -8.849841797803132e-06 6.642026699998604e-20)
(-2.829803933172573e-05 -1.27721534709834e-05 3.949953552610966e-20)
(-3.196158387440576e-05 -1.685416537059912e-05 -2.02690498517454e-18)
(-3.542600444621059e-05 -2.092245831778784e-05 -7.618172029378474e-20)
(-3.852431904034748e-05 -2.479540910406723e-05 2.200443019613256e-20)
(-4.107931298189714e-05 -2.829285788853676e-05 -6.032505349833385e-18)
(-4.291592403551339e-05 -3.124768461876433e-05 -1.315504874084076e-19)
(-4.387579015515314e-05 -3.351810324771047e-05 -1.727269810907835e-20)
(-4.38330567869437e-05 -3.499926719333253e-05 -1.768220944046274e-20)
(-4.271023403632662e-05 -3.563272193091941e-05 -9.641094913252527e-20)
(-4.049262769031766e-05 -3.541233072235864e-05 3.743958492215277e-20)
(-3.723961845703192e-05 -3.438550204999278e-05 2.033347083400409e-18)
(-3.309076441009043e-05 -3.264882921411201e-05 -2.187139450073165e-19)
(-2.826431362755731e-05 -3.033767291083476e-05 -2.989559389298046e-18)
(-2.304549819653168e-05 -2.761010058932763e-05 -1.534597920924993e-19)
(-1.776282117449148e-05 -2.462753237747863e-05 -2.258622665235272e-21)
(-1.275321661747861e-05 -2.153719243341585e-05 -1.347768968923382e-20)
(-8.31945630004995e-06 -1.846134885017249e-05 6.944327216446663e-20)
(-4.683058317583627e-06 -1.549055430336444e-05 -9.563160224551784e-20)
(-1.947253823213939e-06 -1.267802069777814e-05 -1.101666385876339e-19)
(-1.089208119065075e-07 -1.005368812695981e-05 1.789925685757112e-18)
(9.13436477990642e-07 -7.636845646435898e-06 -9.419044525575507e-20)
(1.253953505659733e-06 -5.438032533971717e-06 -1.51436201000421e-20)
(1.081306186698282e-06 -3.45295569297477e-06 -6.821079615211988e-20)
(3.087967316588701e-05 0.003065752399426508 7.871077035457176e-20)
(0.0001125489171583333 0.00438491919914669 3.005183580928821e-20)
(-0.0002029767344979289 0.005379644726990433 -7.490067526505256e-20)
(-0.0001707267588221885 0.00605876638876076 -8.997558872201035e-19)
(-0.0001416628256384681 0.006245958323653653 3.807255865842991e-19)
(-8.866508711459408e-05 0.005883676518437291 -1.656402863658985e-19)
(5.960635948319899e-05 0.004885877335770943 1.077214481868947e-19)
(2.990190358752729e-05 0.003378065527795562 2.71059316249656e-19)
(-1.875188963991134e-06 -1.898466436578043e-06 2.619873447713729e-21)
(-2.672541556628864e-06 -2.905668102325511e-06 -3.224789598791699e-19)
(-3.290950545152766e-06 -3.916369171240772e-06 2.359726800112571e-19)
(-3.690529069204883e-06 -4.895472960535716e-06 -7.282486626417908e-20)
(-3.854073236800488e-06 -5.80307059980424e-06 -1.010805434096964e-19)
(-3.787748487176423e-06 -6.601666658193289e-06 -5.175023453318634e-20)
(-3.519120613287808e-06 -7.262087756963547e-06 7.322840205138291e-19)
(-3.092566203642027e-06 -7.767698154262153e-06 -1.860122598679454e-22)
(-2.562590858289819e-06 -8.116670733583978e-06 1.910713760568477e-20)
(-1.986077041443582e-06 -8.321738717539332e-06 -1.609009825615906e-18)
(-1.414535424699515e-06 -8.405992719254848e-06 1.876351778785939e-20)
(-8.879765532861868e-07 -8.395248277661034e-06 8.192042016210277e-21)
(-4.33535987268553e-07 -8.315564193326882e-06 2.998665146297515e-20)
(-6.687576994826633e-08 -8.190957566421597e-06 1.844898578873172e-19)
(2.054342400516507e-07 -8.038462456682791e-06 5.743050471388159e-19)
(3.837155401473595e-07 -7.861136648754986e-06 2.792477379911456e-20)
(4.73914627409701e-07 -7.643119537120756e-06 4.6612965761609e-21)
(4.881766489563839e-07 -7.352171164268489e-06 -1.368136043630934e-21)
(4.445335891226117e-07 -6.943496861337695e-06 -2.96875759293949e-22)
(3.646738541335901e-07 -6.363550482947752e-06 1.489787965475937e-21)
(2.702052608719751e-07 -5.554038473182385e-06 -1.16319121586025e-20)
(1.784137230460538e-07 -4.456036441701612e-06 -5.495634439703694e-19)
(9.876215250064109e-08 -3.014054835164426e-06 8.809477480512034e-19)
(3.11033453149211e-08 -1.174039239552199e-06 -3.705601104415026e-20)
(-1.434697679662974e-06 1.186863881091904e-06 -9.033106207958438e-21)
(-4.338201382678747e-06 2.381397518614615e-06 -1.180440275588473e-19)
(-7.344107259938645e-06 2.631004042852339e-06 -2.47799986939292e-18)
(-1.050525358099901e-05 2.014689378020541e-06 -1.740375355314947e-18)
(-1.385753787577429e-05 6.005960368078147e-07 -1.828507466908817e-19)
(-1.741289631544918e-05 -1.536233204774346e-06 -1.114638601154201e-20)
(-2.115430836776574e-05 -4.309018893937388e-06 5.890608047044344e-21)
(-2.503269655197129e-05 -7.614619906611041e-06 3.125494820464595e-20)
(-2.89660734847747e-05 -1.133022819273103e-05 5.667674744797492e-20)
(-3.284119502088646e-05 -1.531234304855003e-05 6.557312916093298e-20)
(-3.651788584806132e-05 -1.939869479991e-05 -6.795675904189053e-20)
(-3.98360790861819e-05 -2.341339276938745e-05 -4.540952981828401e-20)
(-4.262543261100174e-05 -2.717512380526936e-05 -3.441009986955613e-19)
(-4.471715567395078e-05 -3.05077818885083e-05 3.286083842390597e-18)
(-4.595742858760275e-05 -3.325251795893843e-05 3.397601818659111e-18)
(-4.622156231037904e-05 -3.527990524251814e-05 -1.850756149227761e-19)
(-4.542784726836535e-05 -3.650075365945523e-05 -2.064955616287371e-20)
(-4.354988222018364e-05 -3.687409873828675e-05 -4.28174311710935e-20)
(-4.062603561189293e-05 -3.641103927818148e-05 -8.173127009500776e-20)
(-3.67645536774613e-05 -3.517340399773142e-05 6.4188274329367e-18)
(-3.214272264989344e-05 -3.326673229827291e-05 -6.391949188816455e-19)
(-2.699860081234858e-05 -3.082789041735767e-05 3.163626243696252e-18)
(-2.161454595853477e-05 -2.800897167922096e-05 -2.221885884819015e-19)
(-1.629334248593774e-05 -2.496072716640487e-05 -1.13248189093759e-20)
(-1.132951432153558e-05 -2.181936386945775e-05 8.211439746495908e-20)
(-6.97890265874369e-06 -1.86983505744069e-05 2.173893355400153e-18)
(-3.429771185424219e-06 -1.568351444963616e-05 -5.102543753315988e-19)
(-7.828757413036458e-07 -1.283173574554114e-05 -1.892268830030818e-20)
(9.489278050714509e-07 -1.017707310986559e-05 -1.910802437257891e-18)
(1.829221619415811e-06 -7.738049383721314e-06 7.109771591688475e-20)
(1.982835969475049e-06 -5.520420498162536e-06 -4.909892261852272e-21)
(1.581841187169248e-06 -3.51412360282497e-06 -1.165256893442426e-20)
(5.655782681928165e-05 0.003121890545741471 3.208742031205305e-19)
(0.0001782890174590848 0.00449407090172765 1.06271451355257e-19)
(-0.0002038308679736026 0.005464650929340622 -6.542461521779419e-20)
(-0.0001926416983437708 0.006069154269688627 -1.42456608419025e-19)
(-0.0001836385012021843 0.006197949062583835 -3.505766670756637e-19)
(-0.0001396558951637336 0.005805068166283387 -7.395042148269728e-18)
(5.033148456570305e-05 0.004836825165622177 3.592059245882301e-18)
(1.028565131864565e-05 0.003348525944985762 8.204912341858062e-19)
(-2.274425845437715e-06 -1.977054172106442e-06 1.185099568483481e-19)
(-3.239244640090128e-06 -3.035336829911728e-06 -3.383654324380057e-18)
(-3.981265120416412e-06 -4.10752310101394e-06 -4.135604628836625e-19)
(-4.453799809714734e-06 -5.157978456574787e-06 1.478538701533891e-18)
(-4.639652112524862e-06 -6.145383788548023e-06 -1.712937433599017e-18)
(-4.550483756370115e-06 -7.030311736146979e-06 -6.541109464598874e-19)
(-4.223148680961887e-06 -7.781271989869645e-06 1.658864425747237e-18)
(-3.713409365258729e-06 -8.37891510385041e-06 -1.147254369368573e-19)
(-3.087913729990575e-06 -8.818177424363026e-06 -7.893507060819458e-21)
(-2.415557785858378e-06 -9.108015363198637e-06 1.303328654657408e-20)
(-1.759367310510398e-06 -9.268367466868125e-06 1.077777866794991e-20)
(-1.170153977713816e-06 -9.325186187080208e-06 5.130083480975687e-20)
(-6.831507882411802e-07 -9.305936173982119e-06 1.31146925881339e-20)
(-3.172069044748125e-07 -9.234768120444312e-06 2.785825001914801e-20)
(-7.57191699006488e-08 -9.126807506250594e-06 3.126224418336451e-20)
(5.131009363455719e-08 -8.982536820919358e-06 3.863912141676384e-21)
(8.449456097916623e-08 -8.784388067088408e-06 2.196566657301163e-21)
(5.194032028066863e-08 -8.497034237499117e-06 -6.680591467091193e-22)
(-1.455597977329822e-08 -8.069661859449388e-06 -4.047134927121854e-21)
(-8.397604795252912e-08 -7.439323722170958e-06 -3.318584633823673e-22)
(-1.307629036943844e-07 -6.534961000634527e-06 1.304769788885956e-21)
(-1.39005291167115e-07 -5.281628139430924e-06 -1.676439455752412e-20)
(-1.052655735109057e-07 -3.604428216168187e-06 -3.750132453613406e-20)
(-3.912403422364117e-08 -1.423842378632252e-06 -1.454424347906387e-21)
(-1.73490954613098e-06 8.826591097800291e-07 -1.477018932655333e-21)
(-5.236364237032187e-06 1.598561353596047e-06 -1.411626318004722e-20)
(-8.829052507020263e-06 1.471779007182356e-06 -1.423196709248469e-19)
(-1.255961964598943e-05 5.708738996462677e-07 -1.762484004923786e-19)
(-1.645356149510693e-05 -1.044252995593156e-06 -2.183592010111926e-20)
(-2.050789735657903e-05 -3.305494038242495e-06 1.920915062157421e-21)
(-2.468621987087964e-05 -6.131375742519143e-06 2.959661706092683e-20)
(-2.891668584960902e-05 -9.422510949382934e-06 2.220779718542608e-19)
(-3.309324036494506e-05 -1.305880530685379e-05 4.7565113439704e-20)
(-3.708009584703202e-05 -1.689932801177368e-05 1.786984823460244e-20)
(-4.071926182498253e-05 -2.078537233869736e-05 -1.809645866240629e-20)
(-4.384072204717949e-05 -2.45467599058987e-05 -1.643574323596212e-19)
(-4.627466531100357e-05 -2.801096348753343e-05 -8.030695077871983e-19)
(-4.786498712203852e-05 -3.101420462091591e-05 -3.300894499028066e-19)
(-4.848310736979176e-05 -3.341336322664357e-05 -1.977640671236533e-19)
(-4.804102641265686e-05 -3.509733195745457e-05 -2.33733385353486e-20)
(-4.650249158013694e-05 -3.599637226979306e-05 -3.870632650017896e-20)
(-4.389116241368594e-05 -3.608810763861513e-05 -1.532543363335948e-19)
(-4.029472140065228e-05 -3.539904846306709e-05 -6.350664134893105e-20)
(-3.586397623297013e-05 -3.400100969299692e-05 -9.280807977334455e-20)
(-3.0806215652599e-05 -3.200249724104407e-05 -1.35242556413107e-19)
(-2.537258072192515e-05 -2.953611975485809e-05 -2.205039552010741e-19)
(-1.984011418575951e-05 -2.674416312460322e-05 1.836236920850718e-19)
(-1.449020384725996e-05 -2.376508949618978e-05 3.872885597785879e-20)
(-9.585676460668619e-06 -2.072312952410265e-05 2.130284702068008e-19)
(-5.348590558831075e-06 -1.772142414297124e-05 -3.352556288485816e-18)
(-1.940946672863335e-06 -1.483814513123503e-05 1.256592387642785e-19)
(5.481775869522598e-07 -1.212587586282778e-05 5.730224952548944e-21)
(2.105784144540174e-06 -9.614841687622072e-06 7.66274472818695e-20)
(2.790454234308931e-06 -7.317567493704113e-06 -4.20205513747343e-21)
(2.723721028202253e-06 -5.231843398848662e-06 -7.247748738662057e-20)
(2.080344725825366e-06 -3.340210571263217e-06 -2.664649165620421e-20)
(7.121263873966557e-05 0.003185991590581738 6.239638845571311e-19)
(0.0001914119728922144 0.004593499687982856 8.071109735004902e-19)
(-0.0001985628732173059 0.005554406576965775 -4.574051619378166e-19)
(-0.0001883668681692692 0.0060946043153339 -9.28300306221354e-20)
(-0.0001905206139416452 0.006161340489638044 4.579073758177694e-19)
(-0.0001548032020383712 0.005729447720640921 4.69382669966663e-18)
(4.591108369329738e-05 0.004776245730451043 5.339632346780279e-18)
(1.744649313573343e-06 0.003308082862943056 1.611271569376042e-18)
(-2.689008905778893e-06 -1.98401536357669e-06 3.300498561731528e-20)
(-3.828925956672765e-06 -3.053610297071756e-06 -9.44679038991245e-21)
(-4.700675352785474e-06 -4.145065365711184e-06 -1.481131223250998e-19)
(-5.250253690712689e-06 -5.223209365440241e-06 2.500428282900242e-18)
(-5.460359197834229e-06 -6.246660464406155e-06 -1.508137711756379e-19)
(-5.348500343598439e-06 -7.175606197471667e-06 -6.111609909873704e-20)
(-4.961754967122071e-06 -7.977984669881597e-06 -1.233424232882303e-19)
(-4.368828160204079e-06 -8.633742087387928e-06 -4.137834676353696e-20)
(-3.650442282961673e-06 -9.136907662661694e-06 -9.050088287159429e-20)
(-2.889258525369358e-06 -9.495259841762679e-06 -2.222260746396113e-20)
(-2.160528462376798e-06 -9.727588761198822e-06 5.115895890709482e-20)
(-1.52458898193406e-06 -9.859159317128149e-06 -8.456026860260218e-19)
(-1.022017762972833e-06 -9.916393477936436e-06 5.313208638420451e-20)
(-6.715872305095472e-07 -9.921118617382601e-06 -4.532419731296281e-20)
(-4.708063900465075e-07 -9.884810462962301e-06 -3.845331297457314e-21)
(-3.987228560523915e-07 -9.803749479550647e-06 3.141114037545345e-21)
(-4.205174750592351e-07 -9.65615968375052e-06 2.153848541362181e-20)
(-4.932793114931477e-07 -9.401829075206952e-06 -5.013418820736304e-21)
(-5.724337307266755e-07 -8.983647492094831e-06 -4.52550516393611e-20)
(-6.182139025393238e-07 -8.330452245971652e-06 -7.258081752111469e-21)
(-6.014593392212307e-07 -7.360629891751697e-06 -4.063781429661372e-22)
(-5.080083670992422e-07 -5.985857477675579e-06 6.669750005026692e-22)
(-3.409834136121474e-07 -4.114328370681498e-06 -4.077148878931421e-22)
(-1.20025047432217e-07 -1.64304598720261e-06 2.747964989258881e-22)
(-2.005713086142136e-06 5.513191902574519e-07 -1.367454602705296e-20)
(-6.046734060810139e-06 7.743879016466112e-07 -2.32473937656092e-20)
(-1.016933670743459e-05 2.919224715176849e-07 -1.299705137815535e-20)
(-1.441400186369647e-05 -8.393465323288974e-07 -1.143476828045547e-20)
(-1.879548113987528e-05 -2.569685928006027e-06 2.563764269347016e-22)
(-2.329524181951331e-05 -4.840714424814864e-06 1.429557884599667e-20)
(-2.785684986231126e-05 -7.579890777406003e-06 2.15430206471379e-19)
(-3.23854153683491e-05 -1.069604001863569e-05 -3.380538383695092e-18)
(-3.675125531289551e-05 -1.407705048133078e-05 2.339701111720919e-19)
(-4.079746663011147e-05 -1.759057817919446e-05 1.765565339712747e-20)
(-4.435074708636333e-05 -2.108813233398768e-05 6.610054586224913e-21)
(-4.723455696446777e-05 -2.44123670436725e-05 -2.657145323002096e-19)
(-4.928356451498013e-05 -2.740687955054871e-05 -2.588351821447738e-19)
(-5.035822525989529e-05 -2.992741541275011e-05 1.895028672088259e-21)
(-5.03582905373763e-05 -3.185315490921272e-05 1.719769167263918e-20)
(-4.923404358792732e-05 -3.30966921217226e-05 -1.195657336470381e-20)
(-4.699416545423209e-05 -3.361138771919639e-05 -1.461105246984479e-19)
(-4.370935588910482e-05 -3.339498583430044e-05 5.867745433688605e-18)
(-3.951114829397025e-05 -3.24887756857524e-05 -1.518279855824215e-19)
(-3.458572776583629e-05 -3.097216869042164e-05 -3.411174627349602e-20)
(-2.91629898658933e-05 -2.895332055345787e-05 -7.868436665848007e-21)
(-2.350159386955758e-05 -2.655723414917138e-05 1.956182138811481e-19)
(-1.78713169607552e-05 -2.391335020551213e-05 3.249636914460118e-18)
(-1.253434769766344e-05 -2.114458224415205e-05 2.267177404436401e-19)
(-7.727046137762789e-06 -1.835896885273719e-05 7.014518763024212e-20)
(-3.64340688870134e-06 -1.564415391226313e-05 2.52634680243752e-19)
(-4.215165976054203e-07 -1.306453835039304e-05 4.601032135057414e-20)
(1.865370301495396e-06 -1.066111328447699e-05 2.281217491956353e-20)
(3.212044536590828e-06 -8.453790005641805e-06 5.456202941320512e-21)
(3.679564483039226e-06 -6.445022465352736e-06 -1.786962605304958e-20)
(3.390130335241331e-06 -4.623042484584264e-06 2.741483974456884e-18)
(2.520339052796035e-06 -2.96339601950275e-06 -9.217421563193046e-20)
(7.094898664872489e-05 0.003248116443176265 1.184271519975809e-18)
(0.0001880738878376827 0.004684111451007556 5.188248456324246e-18)
(-0.0002063756884983977 0.005639253199289647 -8.135678214453585e-18)
(-0.0001963122915974697 0.006123912280049191 -6.604197786821762e-19)
(-0.0002027169541301622 0.006129764633310645 2.311808145004442e-21)
(-0.0001656847086490679 0.005655813952704958 1.216642241695013e-19)
(3.645209027350073e-05 0.004710662469172668 6.240990989696389e-19)
(-6.679054935024189e-06 0.003262752456582054 6.502600163206368e-19)
(-3.100857814631252e-06 -1.911199645649949e-06 -5.751633199633906e-20)
(-4.415743156295417e-06 -2.947375938669122e-06 -3.050997046904693e-21)
(-5.417642592989744e-06 -4.010287107746144e-06 -1.497890707450901e-20)
(-6.045235343387126e-06 -5.066586407117765e-06 -5.091548554967922e-20)
(-6.281284880355759e-06 -6.076740590562008e-06 -3.129371460181954e-18)
(-6.149553255024366e-06 -7.002733815745349e-06 3.032948125927397e-20)
(-5.708009176738139e-06 -7.814154696161564e-06 3.324198284704801e-18)
(-5.039122026500426e-06 -8.492298844627781e-06 -1.414817177120749e-19)
(-4.23840264135542e-06 -9.032010569231868e-06 1.865926018870454e-18)
(-3.402520950670628e-06 -9.441128109760437e-06 -1.207434636151903e-19)
(-2.618329733484787e-06 -9.737669240455918e-06 8.405144155055663e-20)
(-1.953969941372079e-06 -9.945261562672482e-06 -2.48442101111676e-18)
(-1.45292360877766e-06 -1.008757120406971e-05 5.483359695684018e-20)
(-1.131437676006087e-06 -1.018242892121437e-05 8.575826570127164e-19)
(-9.793599130167264e-07 -1.023637660021125e-05 -5.08034677227825e-20)
(-9.640861163172018e-07 -1.02403941712653e-05 1.851625448887093e-20)
(-1.036977580011266e-06 -1.01674132260036e-05 -1.44414535310841e-18)
(-1.141352476443887e-06 -9.971828969238092e-06 -2.220959850498046e-20)
(-1.221071817726673e-06 -9.59073026465633e-06 1.320576621518929e-18)
(-1.228717653491981e-06 -8.946344590104625e-06 -2.145921262555382e-20)
(-1.132401641884995e-06 -7.949090826846195e-06 -2.686224632714221e-21)
(-9.203753227019961e-07 -6.50054297525373e-06 -1.955137348816207e-22)
(-6.027958283983766e-07 -4.495566669298484e-06 2.855381217506994e-23)
(-2.096213998144593e-07 -1.811484668402742e-06 1.492167987144567e-18)
(-2.232621725275345e-06 1.951895101127152e-07 -1.56435418034073e-19)
(-6.726115317785373e-06 -8.832346430631428e-08 -1.878126790993487e-19)
(-1.129407653423836e-05 -9.098777330543439e-07 -4.274183603942275e-20)
(-1.597130346131618e-05 -2.226218622019253e-06 -5.122578327192482e-21)
(-2.076202285964381e-05 -3.999669406429742e-06 1.566213855790395e-21)
(-2.56321568305243e-05 -6.184119637642546e-06 1.188179049256885e-21)
(-3.05053029726569e-05 -8.719196790164536e-06 2.006906426555157e-20)
(-3.526394470086246e-05 -1.152587178246227e-05 -6.420613742319161e-18)
(-3.975585246457282e-05 -1.450458685624934e-05 7.677785128542068e-20)
(-4.380496995249326e-05 -1.753667038831207e-05 5.010269001588474e-20)
(-4.722558591878845e-05 -2.048929347933538e-05 -6.051133746155585e-18)
(-4.98383060873631e-05 -2.322360011860206e-05 5.059571734863635e-18)
(-5.148627274926057e-05 -2.560504062752711e-05 -2.529334474290004e-19)
(-5.20501569548238e-05 -2.751450778394333e-05 1.218266631165621e-20)
(-5.146058632996713e-05 -2.885872670086234e-05 1.579011503591793e-19)
(-4.970683465904029e-05 -2.957848160079282e-05 7.504844063377701e-20)
(-4.684085146848516e-05 -2.96535681918249e-05 -3.115708882945228e-20)
(-4.297613841085463e-05 -2.910375363383583e-05 -1.467928869666414e-19)
(-3.82815649913034e-05 -2.798552828417282e-05 -3.697944519892578e-20)
(-3.297081502918076e-05 -2.638505906397189e-05 -5.908809680029115e-21)
(-2.728859397689814e-05 -2.440839645950071e-05 7.445837536121842e-21)
(-2.149492110862334e-05 -2.217048566247742e-05 2.862824259515779e-20)
(-1.584884499696384e-05 -1.978466797874622e-05 2.188554591515049e-19)
(-1.0592739373086e-05 -1.735399412990156e-05 4.898236146333162e-20)
(-5.93798173775589e-06 -1.496496695979751e-05 -6.567836691498862e-18)
(-2.052652809384024e-06 -1.268377268780728e-05 1.281657489662626e-20)
(9.481059432036101e-07 -1.055483096444577e-05 4.907973725403687e-18)
(3.008382929687616e-06 -8.601454843940189e-06 -2.499409641851406e-20)
(4.134034364947341e-06 -6.828290050301061e-06 5.172829512315354e-20)
(4.391804345217458e-06 -5.224851047998163e-06 5.7392009561349e-19)
(3.905853411914715e-06 -3.769278884684252e-06 -3.006612464772497e-20)
(2.852679611582308e-06 -2.431569721508713e-06 -6.910903802203878e-20)
(6.127346926143281e-05 0.003311289949590383 3.010076112417268e-20)
(0.0001752549849214205 0.004774899267019906 -8.041693313390755e-20)
(-0.0002334025325145267 0.005727928635562578 -5.678855428702882e-18)
(-0.0002316335335384837 0.006155989122903997 -8.21055666283285e-19)
(-0.0002378988030307019 0.006096325968291362 1.26858881766833e-19)
(-0.0001861988112539438 0.005575479516600889 -4.701195831574695e-18)
(1.789130514750915e-05 0.004638372750055107 -5.184893993806483e-19)
(-2.007778299882947e-05 0.003212122494705945 -2.748722580574437e-19)
(-3.48982403219634e-06 -1.75593003636305e-06 1.943018727786465e-18)
(-4.970868479721707e-06 -2.712185486264894e-06 -6.212433132467408e-20)
(-6.096990061512026e-06 -3.696677738135117e-06 4.322620106603479e-22)
(-6.800114069814794e-06 -4.679461312758989e-06 6.384788501159315e-20)
(-7.06345607637504e-06 -5.625021108494714e-06 -1.957231918680409e-18)
(-6.917285481270298e-06 -6.499506627665906e-06 1.17905866826681e-19)
(-6.430577447351252e-06 -7.276373392864225e-06 -2.033271099185356e-18)
(-5.699461255613309e-06 -7.940051629030161e-06 2.521542121494278e-20)
(-4.833776533006828e-06 -8.487381256459727e-06 -8.187993289943514e-20)
(-3.943249906899603e-06 -8.926750740463098e-06 5.76620472729665e-20)
(-3.124811349419039e-06 -9.27514455221351e-06 1.76478463081057e-20)
(-2.45239106440873e-06 -9.553594033385017e-06 1.038858405466025e-19)
(-1.970212677373986e-06 -9.781737779485772e-06 1.254539219599696e-20)
(-1.69015168385606e-06 -9.97226160693622e-06 -5.126025818186465e-20)
(-1.593250936653059e-06 -1.012595683169324e-05 -6.672435160847153e-21)
(-1.63499682460038e-06 -1.022801735829756e-05 -1.108152503502201e-20)
(-1.75351590570258e-06 -1.024597313962062e-05 -1.754517983453598e-19)
(-1.879535258332598e-06 -1.01293489635422e-05 2.560200623547463e-20)
(-1.946807594304295e-06 -9.810806292189661e-06 -9.007368221448825e-19)
(-1.90170621754608e-06 -9.208279490394069e-06 -1.084492451657307e-18)
(-1.710826447346141e-06 -8.227456452334346e-06 2.310595592776157e-20)
(-1.365675547419448e-06 -6.763850844654731e-06 4.758217960841009e-22)
(-8.838422154622651e-07 -4.703678732906574e-06 -1.248526629503093e-22)
(-3.055226118650399e-07 -1.910173442582711e-06 -7.817176799017532e-23)
(-2.404593677548392e-06 -1.837188805571413e-07 3.697171311659017e-18)
(-7.241531374849647e-06 -9.891646249436279e-07 5.579862437778833e-18)
(-1.214898023391538e-05 -2.140804702299292e-06 -1.873928547026665e-19)
(-1.7156880162835e-05 -3.610784858564249e-06 -1.768181546577491e-20)
(-2.225964393812164e-05 -5.375258847799513e-06 6.612717060836359e-21)
(-2.740826117727826e-05 -7.402541657024241e-06 -1.44047222783301e-20)
(-3.250707976599652e-05 -9.647113101262945e-06 -9.436995793865629e-20)
(-3.741699482471975e-05 -1.204535978828621e-05 -1.132009766401175e-19)
(-4.196478786682193e-05 -1.451406291896049e-05 -1.581864436171239e-20)
(-4.595748898406885e-05 -1.695233382963601e-05 -3.878134091745726e-21)
(-4.91999661568997e-05 -1.924719265315917e-05 1.050323859616749e-20)
(-5.151359973506542e-05 -2.128233133559177e-05 -2.286462165095579e-19)
(-5.275391255733352e-05 -2.294889633359839e-05 -1.598232064196826e-19)
(-5.282533707639311e-05 -2.415657962308868e-05 1.221687098648467e-19)
(-5.169175894583758e-05 -2.484313108416206e-05 1.380332265080918e-18)
(-4.938189403449382e-05 -2.498071995878396e-05 -5.690037940791638e-18)
(-4.598894242961748e-05 -2.457823497917363e-05 6.132345925060041e-20)
(-4.166452687123139e-05 -2.367931294485707e-05 -1.687767706837585e-20)
(-3.660776755382499e-05 -2.235648894638627e-05 -3.950861304312794e-21)
(-3.105117318144114e-05 -2.070244785050239e-05 1.580329787291765e-20)
(-2.524532187276089e-05 -1.881980755564366e-05 6.576511785978948e-20)
(-1.944382336084723e-05 -1.68110451004358e-05 1.826028344543731e-20)
(-1.388943328501724e-05 -1.476995035886754e-05 1.753617122484042e-20)
(-8.801697322998511e-06 -1.277539611492604e-05 1.0137659483259e-20)
(-4.366217044272751e-06 -1.088754566190564e-05 1.915453896634161e-20)
(-7.257392773503055e-07 -9.146268113870972e-06 -1.015941007281596e-20)
(2.026719819206435e-06 -7.571391969229046e-06 -1.823458375059807e-19)
(3.852329643851213e-06 -6.164507306826827e-06 -2.293806841936683e-20)
(4.768262085891664e-06 -4.912032613097173e-06 -1.267142877793197e-20)
(4.846996874525392e-06 -3.789177399636566e-06 -6.005320972648168e-20)
(4.213524557197465e-06 -2.764403116476929e-06 2.40902268416918e-18)
(3.040990376733041e-06 -1.8040687449518e-06 2.177995758968382e-18)
(4.532993192001315e-05 0.003381543604223333 -2.558902199140231e-19)
(0.0001527664259184242 0.004874326196983175 2.362151442799556e-19)
(-0.0002790989261213503 0.005833620745080029 5.482155339854117e-18)
(-0.0002984572358214749 0.006192820201957048 1.778330231769143e-18)
(-0.0003003218612511346 0.006053380276642022 9.123285341435565e-18)
(-0.0002176805864350414 0.005475939878497634 -6.09004787097627e-19)
(-1.163266428648281e-05 0.004554877566521134 -1.983612627842017e-19)
(-3.978612014692817e-05 0.003153683875303617 -4.521405800172655e-19)
(-3.835244268207162e-06 -1.521619105237224e-06 -4.697556797036226e-20)
(-5.464722182972522e-06 -2.353208480997679e-06 -9.998909254990241e-22)
(-6.702621317267497e-06 -3.211177772605156e-06 -5.979933985349315e-21)
(-7.475202106355854e-06 -4.070581234301689e-06 5.002137096851814e-21)
(-7.766625517012163e-06 -4.902049993756735e-06 5.957227198208422e-20)
(-7.613615691236557e-06 -5.678115661639834e-06 -7.194851373712774e-20)
(-7.095593044620829e-06 -6.378039469069965e-06 -1.197714640476526e-20)
(-6.321300039151181e-06 -6.990785990668288e-06 -2.225559674592059e-21)
(-5.413403262931847e-06 -7.515927746436354e-06 9.976148818774483e-20)
(-4.492796437189348e-06 -7.962475663550895e-06 -1.764207847174368e-18)
(-3.664338087566851e-06 -8.345882412621802e-06 8.95215715913759e-20)
(-3.005559327750066e-06 -8.683708074888651e-06 1.290757520826154e-20)
(-2.559493777370622e-06 -8.990612921673654e-06 1.354396355220305e-21)
(-2.332264691764347e-06 -9.273397511851524e-06 -3.330534233060372e-21)
(-2.295480509080907e-06 -9.526749399709324e-06 6.158235639475577e-22)
(-2.392902585853754e-06 -9.730199984648961e-06 3.771841197226741e-21)
(-2.550340517794498e-06 -9.846569001404791e-06 1.797302469037491e-20)
(-2.687375313792546e-06 -9.821903767486657e-06 5.227141478157751e-21)
(-2.729348520029358e-06 -9.586643505132332e-06 4.299373013112746e-20)
(-2.618087247791214e-06 -9.057502431903623e-06 2.567720800864077e-20)
(-2.320040086764638e-06 -8.139391519133734e-06 1.923357108330139e-21)
(-1.830844453569406e-06 -6.726594911589693e-06 -6.944599879449482e-22)
(-1.175772866173545e-06 -4.702392724863572e-06 -3.356151467249669e-22)
(-4.048588189136271e-07 -1.923180023287755e-06 1.061720788892648e-22)
(-2.514762081006546e-06 -5.826282071258069e-07 -2.593420732839433e-19)
(-7.572387146460115e-06 -1.926721733477041e-06 -8.757756994516755e-19)
(-1.269984990636677e-05 -3.407920495535185e-06 -1.503189633135514e-19)
(-1.792325113767683e-05 -5.015897167913561e-06 -3.376067490378818e-21)
(-2.322829931075395e-05 -6.74218234668171e-06 2.068958943521303e-20)
(-2.855223927574401e-05 -8.571141769753458e-06 -7.541977301728373e-20)
(-3.378155032651665e-05 -1.047410656172657e-05 -5.733207920438878e-19)
(-3.87571880274397e-05 -1.240540496772347e-05 5.895793696506214e-18)
(-4.32869027589117e-05 -1.430117150289434e-05 -1.420818274482928e-19)
(-4.716311582345935e-05 -1.608156441237386e-05 7.433234350604144e-20)
(-5.018398496857077e-05 -1.765659164482082e-05 -7.50079619104052e-21)
(-5.217481232841232e-05 -1.893513180341246e-05 -1.44860627323514e-19)
(-5.300695523791608e-05 -1.98359952411633e-05 5.36873856416353e-18)
(-5.261194756810399e-05 -2.02991149894007e-05 -2.22119064345326e-19)
(-5.09894315510631e-05 -2.029454842516717e-05 6.081717075878028e-18)
(-4.820838557228211e-05 -1.98272507272567e-05 -4.249378588598862e-20)
(-4.44017198216835e-05 -1.893665344458772e-05 -8.965004339618495e-21)
(-3.975485395093159e-05 -1.769140426754719e-05 -1.84957779582606e-21)
(-3.448994507194102e-05 -1.618048837999982e-05 1.237254511814763e-20)
(-2.88487269744329e-05 -1.450243395832111e-05 9.154395827331381e-20)
(-2.307709114462487e-05 -1.275458558487944e-05 3.061223644340832e-19)
(-1.741252758955631e-05 -1.102417525776934e-05 6.56111009236021e-20)
(-1.207406903661577e-05 -9.382173789378341e-06 9.87901031816823e-21)
(-7.25386696285614e-06 -7.879987695318027e-06 4.333175015677138e-21)
(-3.109906275003231e-06 -6.548507895736636e-06 -1.406546200367448e-21)
(2.402716799045773e-07 -5.398859570593297e-06 -1.492947720547815e-19)
(2.724573762897392e-06 -4.424384580129512e-06 4.179899240185587e-18)
(4.31965571736628e-06 -3.60362582838453e-06 -1.50144501487201e-19)
(5.052237421176217e-06 -2.904193188646583e-06 8.904210213305026e-20)
(4.998399228765913e-06 -2.28735437327759e-06 -8.602848991385379e-21)
(4.281023894671257e-06 -1.713250048866028e-06 2.483008859256034e-18)
(3.065616938271098e-06 -1.146673943155696e-06 -6.398245961713934e-20)
(2.249679493287506e-05 0.003465908259164635 -1.166290927449054e-18)
(0.000129818234690444 0.004990472724100106 -4.395820498542226e-18)
(-0.0003330168775029097 0.005973481778637831 5.867841674360865e-18)
(-0.0003893136753181479 0.006237007466387572 1.851199030101689e-18)
(-0.0003792650545016037 0.005992314550580288 8.994425712515417e-18)
(-0.0002467969886105455 0.005343984816744493 -5.058970967824181e-18)
(-5.301327483083972e-05 0.004458078219586501 -3.925354701777829e-19)
(-6.317444798766907e-05 0.003086982870118449 3.840100785423658e-20)
(-4.117640172845291e-06 -1.217801128640069e-06 8.508457100696041e-20)
(-5.869386500067119e-06 -1.885261355284717e-06 -4.554409353830157e-20)
(-7.200422323082232e-06 -2.574169387975847e-06 -6.948678136132203e-20)
(-8.032864045770822e-06 -3.266008416091424e-06 -1.976098386357379e-20)
(-8.352312930084505e-06 -3.939394957212664e-06 -8.483978844175468e-20)
(-8.201510199852037e-06 -4.575074737255816e-06 -1.529314696360341e-18)
(-7.669072238783393e-06 -5.159612256865238e-06 -1.221613019660506e-18)
(-6.874448164133655e-06 -5.687466517940044e-06 -3.745751226102802e-20)
(-5.950761234266495e-06 -6.161300390988096e-06 -2.401056072879256e-18)
(-5.027468644894814e-06 -6.590561166459332e-06 4.247552912553959e-19)
(-4.214784305312967e-06 -6.988592330747149e-06 5.631156734902175e-20)
(-3.591572722648332e-06 -7.368733435957585e-06 4.272916574053296e-21)
(-3.197968957849642e-06 -7.739995653995762e-06 3.064146175302316e-22)
(-3.033379242887795e-06 -8.102929023124934e-06 2.126906389770601e-21)
(-3.059838940359808e-06 -8.446226206328144e-06 3.50320913035508e-20)
(-3.210041986827716e-06 -8.744453997432133e-06 3.490739738612891e-20)
(-3.398798465344675e-06 -8.957094405980404e-06 2.330275607791592e-19)
(-3.536295003805226e-06 -9.028833948552151e-06 1.212696785140056e-21)
(-3.541369368079331e-06 -8.890796873448742e-06 2.575715578038185e-21)
(-3.353075364511998e-06 -8.462201287437877e-06 2.719181523207837e-21)
(-2.939087409264573e-06 -7.651753386860396e-06 2.532166953463562e-21)
(-2.299934850453308e-06 -6.357999761930706e-06 -3.25529284873399e-21)
(-1.468598471167535e-06 -4.467844390298103e-06 -7.01550985450376e-22)
(-5.042316713336069e-07 -1.83945354589269e-06 1.512797245459041e-21)
(-2.560712358360236e-06 -9.968371751028571e-07 -3.233081624728997e-20)
(-7.711292576338571e-06 -2.895030327121286e-06 -1.33551964455586e-19)
(-1.29339226572231e-05 -4.711938526232278e-06 -1.384601224865074e-20)
(-1.825191159760561e-05 -6.456916102028635e-06 1.080970678642282e-20)
(-2.364366433338339e-05 -8.138051061949125e-06 1.772781481337227e-20)
(-2.903441163769029e-05 -9.756725724624526e-06 -1.468779080003298e-20)
(-3.429484819390192e-05 -1.13023202117841e-05 -1.09246715750005e-19)
(-3.924832490929036e-05 -1.274881018569602e-05 -2.080712221464749e-19)
(-4.368596178021906e-05 -1.405394538439987e-05 5.63529477259447e-21)
(-4.738786746743282e-05 -1.516152993810129e-05 -4.150574424954999e-18)
(-5.014762230900463e-05 -1.600701848195594e-05 1.035045062946405e-19)
(-5.179654872521609e-05 -1.652619404205868e-05 -5.858813638403243e-20)
(-5.222414908973537e-05 -1.666602877984247e-05 -1.084479457031547e-19)
(-5.139167730487931e-05 -1.639598927513099e-05 -2.160876556056234e-20)
(-4.933710663596047e-05 -1.571715877141463e-05 -1.107484356481558e-19)
(-4.617138262407545e-05 -1.46662853562139e-05 -2.493579529975558e-20)
(-4.206698445908706e-05 -1.331297378154989e-05 -1.765481333059519e-21)
(-3.724020371007487e-05 -1.175064549626932e-05 1.306486955587546e-20)
(-3.192957168169936e-05 -1.008385152001523e-05 7.607322641499294e-20)
(-2.63754434372042e-05 -8.41484235896469e-06 4.339238557444101e-19)
(-2.080653681781985e-05 -6.832553152810034e-06 3.323616620728318e-22)
(-1.543269497948901e-05 -5.405682225765023e-06 1.411606390344126e-20)
(-1.044063132559338e-05 -4.179841875537587e-06 -7.857016530233966e-20)
(-5.990068440161513e-06 -3.177685248154701e-06 2.023164487607512e-20)
(-2.209489378816529e-06 -2.400789451467147e-06 4.63240436240239e-20)
(8.083962181274634e-07 -1.832418631295867e-06 -3.364332778259824e-20)
(3.010665740507332e-06 -1.440865728492976e-06 -1.833584941543016e-18)
(4.386946035907918e-06 -1.183366670396389e-06 -8.520328810682715e-20)
(4.970511477312735e-06 -1.010665114636075e-06 -1.715145158486544e-18)
(4.837594638102804e-06 -8.722255304585268e-07 1.273953811757473e-19)
(4.104960735892968e-06 -7.221115722761415e-07 1.77282417194213e-21)
(2.92573370688754e-06 -5.255955848810275e-07 -3.963235536831679e-21)
(-3.10622776294929e-05 0.003569025681638993 -1.396604787640517e-18)
(0.0001059181637974706 0.005133894100522767 -9.967364131503097e-19)
(-0.0003762045948705742 0.006168605854149703 3.610956773596501e-19)
(-0.0004761517878851018 0.006286855134217935 1.168511396837664e-18)
(-0.000434569836077288 0.005902568866842723 6.808020595957464e-18)
(-0.000233132253033903 0.005170998068986844 5.331569148291593e-19)
(-0.0001035789631218865 0.004356292070569979 4.627154956897471e-18)
(-7.922259491453689e-05 0.003020049189311127 6.534614165921749e-19)
(-4.320368593071171e-06 -8.595718882502702e-07 5.071571134012108e-19)
(-6.160944633958304e-06 -1.331909098082002e-06 -1.297216887834688e-18)
(-7.561073161171841e-06 -1.818207547383361e-06 2.888583180707368e-18)
(-8.440558213744997e-06 -2.307481971900978e-06 -8.392861758296428e-20)
(-8.786861076303515e-06 -2.787704250576447e-06 -1.318699846571357e-19)
(-8.647901239053194e-06 -3.249122972683992e-06 -1.200564486006215e-18)
(-8.119617262921448e-06 -3.686558168948702e-06 -9.466465779546338e-20)
(-7.329539951956014e-06 -4.100450793549128e-06 -2.600600645388692e-21)
(-6.418204701896173e-06 -4.4965647654796e-06 6.674181601050444e-21)
(-5.520522669117799e-06 -4.884410269227583e-06 3.303729765921044e-18)
(-4.749235415587487e-06 -5.274630778783417e-06 -1.318406954405349e-20)
(-4.18229293618305e-06 -5.675744981659982e-06 -3.179178836095585e-21)
(-3.855482028165954e-06 -6.090719777985333e-06 5.151490048591422e-21)
(-3.760951203976809e-06 -6.513857693533014e-06 3.241502248442997e-20)
(-3.851526023029416e-06 -6.928409294761019e-06 9.042471036201139e-19)
(-4.049986494438385e-06 -7.305183998649581e-06 6.133938308229672e-20)
(-4.261881395115237e-06 -7.602248232386794e-06 1.625640967049196e-19)
(-4.390054358383812e-06 -7.765591318299844e-06 2.406361169790665e-18)
(-4.348901880462544e-06 -7.730432443259433e-06 -2.373336650755651e-20)
(-4.076483460374076e-06 -7.422656279888491e-06 8.044073255339621e-21)
(-3.542942131919342e-06 -6.759725038243806e-06 9.113806773661878e-21)
(-2.754224158908985e-06 -5.650335925422084e-06 -6.915244776910545e-21)
(-1.750740055219256e-06 -3.992090167836927e-06 2.770464356373845e-20)
(-5.997291233728726e-07 -1.654407452865523e-06 1.46961320433983e-20)
(-2.544312403573654e-06 -1.418706079787621e-06 -2.435002926962855e-21)
(-7.663567581216277e-06 -3.88044810824262e-06 -9.675877491064875e-21)
(-1.285909755408877e-05 -6.041702046133391e-06 7.820563615829409e-21)
(-1.815232990139538e-05 -7.933434623918324e-06 2.032347873489506e-20)
(-2.351594071548706e-05 -9.580960962992606e-06 5.223608137442303e-20)
(-2.886537816682586e-05 -1.100288162286469e-05 7.204114121367543e-21)
(-3.405837052557008e-05 -1.220691930739015e-05 -6.471942439626872e-20)
(-3.890380015027583e-05 -1.318747801180354e-05 5.860470176769535e-18)
(-4.317918223439393e-05 -1.39253678117855e-05 -1.270691440512217e-19)
(-4.665473005559945e-05 -1.439003735806258e-05 -2.331220509160393e-18)
(-4.912091532472415e-05 -1.45444961434627e-05 -1.619698445215529e-19)
(-5.041562992211387e-05 -1.435287424036025e-05 -7.632891824420421e-19)
(-5.044670389387418e-05 -1.379019204670456e-05 1.863716172543028e-19)
(-4.92058229717221e-05 -1.285321912463484e-05 1.93935697919945e-19)
(-4.677117664362001e-05 -1.157015763075591e-05 1.038096802676383e-19)
(-4.329844199604804e-05 -1.000548608160937e-05 -1.7414069803608e-20)
(-3.90020695218091e-05 -8.256117696833396e-06 1.00600117088072e-20)
(-3.412947945047621e-05 -6.438141088337297e-06 9.785836513665503e-20)
(-2.893092883168077e-05 -4.668770391976548e-06 7.142796801859328e-19)
(-2.363356696025631e-05 -3.049374857751804e-06 -6.889581775737968e-18)
(-1.843402901293399e-05 -1.655410225044184e-06 -3.350548674980238e-18)
(-1.350147734689331e-05 -5.33414150401517e-07 -1.876441406803622e-19)
(-8.981532734877833e-06 2.973941982532639e-07 9.648130070938911e-18)
(-4.997099779263485e-06 8.415158239244956e-07 -6.295062329422758e-20)
(-1.646039889228318e-06 1.123197385721926e-06 -6.471016275090475e-18)
(1.002779133669855e-06 1.182535377276437e-06 6.656704560594194e-18)
(2.913358284692066e-06 1.071460981024292e-06 -2.636399061966418e-19)
(4.08529235970765e-06 8.493265676561956e-07 4.225450776195148e-18)
(4.554883724255162e-06 5.779290519010351e-07 -2.742405625074699e-20)
(4.39455144405276e-06 3.158632295452175e-07 8.914696724622846e-19)
(3.710592197826018e-06 1.121810385066972e-07 -6.305245222533373e-20)
(2.639159148890653e-06 -7.07712172068678e-10 -3.374580577172259e-20)
(-0.0001882231092613852 0.003671868010572689 -2.545826191496355e-18)
(-3.825789673575879e-05 0.005316525656851841 -1.73137144307815e-18)
(-0.0003854941741448218 0.006417470130088519 -5.632576880962126e-18)
(-0.0004789023808935754 0.00631553490461275 8.68212586767958e-19)
(-0.0003575611014765685 0.005768825527823727 7.147556220265636e-18)
(-7.959735496384898e-05 0.00496552249770723 8.762038736176359e-19)
(-0.0001460100810938909 0.00428398911835575 -3.929314692191099e-18)
(-5.716845907521764e-05 0.002981689207640561 -8.740866571486155e-19)
(-4.431051086002127e-06 -4.664961282731944e-07 4.366481448273134e-20)
(-6.321510023852249e-06 -7.237326000342388e-07 -1.436729149614681e-19)
(-7.762502997490472e-06 -9.856105255120953e-07 -8.140769213264378e-20)
(-8.673535242177352e-06 -1.249344484769745e-06 -7.792373837425076e-20)
(-9.044217569988288e-06 -1.513041082991905e-06 -1.050892112109858e-18)
(-8.926440211213106e-06 -1.777092141318996e-06 -1.952353093578329e-18)
(-8.421078465469791e-06 -2.044923084119216e-06 -3.133449741722983e-18)
(-7.660578528630429e-06 -2.322956338346644e-06 2.847002567403398e-20)
(-6.789378444814432e-06 -2.619741565156107e-06 -3.335911963952206e-21)
(-5.944433456396125e-06 -2.944331507534481e-06 -1.910732758882558e-20)
(-5.238095965746058e-06 -3.304104940953965e-06 -1.22205928262216e-20)
(-4.745285415347833e-06 -3.702331601990854e-06 6.070046809245142e-21)
(-4.496312872664401e-06 -4.135821096261987e-06 4.19769228662994e-20)
(-4.475983420114535e-06 -4.592986535671642e-06 -5.800239828996915e-20)
(-4.628790310239137e-06 -5.052584334978426e-06 1.887161494454261e-18)
(-4.869248209136658e-06 -5.483278179705997e-06 -9.399234608059987e-20)
(-5.095786490556368e-06 -5.8440216542516e-06 -3.235771870389904e-18)
(-5.206215612577113e-06 -6.08509377911866e-06 1.858257603353681e-20)
(-5.112637394714498e-06 -6.149457226587861e-06 4.840441145728547e-20)
(-4.753805073822793e-06 -5.973968869053175e-06 3.465675265634539e-20)
(-4.103335318016556e-06 -5.489867525990295e-06 1.054293872263111e-20)
(-3.172784685359268e-06 -4.621907902957034e-06 3.912070583019642e-20)
(-2.009356838783213e-06 -3.285516049169115e-06 9.580065882111545e-19)
(-6.870319792274483e-07 -1.371069536161345e-06 9.848555860611643e-20)
(-2.471146728001775e-06 -1.836971861474558e-06 -5.117594732300647e-22)
(-7.44558160316322e-06 -4.859468910787547e-06 1.915433471199187e-21)
(-1.250130079252418e-05 -7.370221965695694e-06 1.052833017348016e-20)
(-1.765848637786402e-05 -9.423216229548041e-06 4.785554114195282e-20)
(-2.288571294764455e-05 -1.106102105081903e-05 1.413099127580035e-19)
(-2.809129576999752e-05 -1.231882966759197e-05 3.59067234449557e-20)
(-3.312353723119229e-05 -1.322203379917192e-05 4.549840175250128e-20)
(-3.778087804882945e-05 -1.378520691229154e-05 9.933924229689862e-19)
(-4.18310846174476e-05 -1.401266556914655e-05 9.669549682608575e-20)
(-4.503735185412304e-05 -1.390072571356917e-05 4.203879073533302e-20)
(-4.718814456605518e-05 -1.344170992875629e-05 -1.329819468164356e-18)
(-4.812681983216429e-05 -1.262972183322872e-05 1.381678436227497e-19)
(-4.777663266050799e-05 -1.146816176172179e-05 -3.184806993202634e-18)
(-4.615658243211588e-05 -9.978776313832559e-06 -4.783434722948052e-18)
(-4.338410388568786e-05 -8.211223619171946e-06 2.842786275596037e-18)
(-3.966250214273125e-05 -6.250103547302639e-06 -7.879524386135781e-20)
(-3.525449150704445e-05 -4.213294555141219e-06 -4.467241891578327e-21)
(-3.044561088742011e-05 -2.235435194248539e-06 2.244317754546598e-19)
(-2.549911696175062e-05 -4.408335956386858e-07 2.735907310940849e-18)
(-2.061469686874366e-05 1.078272011400009e-06 2.876274382708218e-19)
(-1.5938035381159e-05 2.267174723473561e-06 -4.218668700168835e-19)
(-1.158320039917329e-05 3.104701565146339e-06 -1.710683853339983e-19)
(-7.646900731799085e-06 3.596500196976203e-06 -9.962593798344359e-19)
(-4.212454036448161e-06 3.769131599846164e-06 -1.832576438660585e-18)
(-1.347276148854284e-06 3.665635764479934e-06 4.349919831393547e-20)
(9.018691140075252e-07 3.341749530157254e-06 3.889785176215831e-20)
(2.513304828086378e-06 2.861966110400934e-06 6.155206021845228e-18)
(3.493466309015952e-06 2.295069705240201e-06 1.421687768008865e-18)
(3.878201352921877e-06 1.709091624096243e-06 2.033248951867927e-20)
(3.732354441975984e-06 1.165629480091119e-06 -3.217372487117658e-18)
(3.147752474505993e-06 7.134502244088119e-07 -1.583663164188799e-18)
(2.239627854686878e-06 3.812362219897045e-07 -2.06234081560529e-19)
(-0.0004573364453642424 0.003653926323699863 -3.607227980617248e-18)
(-0.0006950079812273607 0.005481944535606224 -7.114175841985319e-18)
(-0.0002639251884102342 0.006570696737129222 -1.064063518625271e-17)
(-0.0001540472824967355 0.006212886748921417 3.848646918941513e-18)
(0.0001174837803071209 0.005570461776398478 9.864907218638586e-18)
(0.0004218802226400714 0.004782864481905719 -2.137795180582748e-21)
(-0.000122470327436211 0.004332013334276505 -6.320718128286725e-18)
(7.24184654340859e-05 0.003045126028215881 -2.584423817462279e-18)
(-4.442625931210843e-06 -6.109014194359032e-08 -9.058507935593127e-20)
(-6.340737726515588e-06 -9.593418767999025e-08 1.740321418535807e-18)
(-7.791748558169057e-06 -1.251417231788905e-07 -9.094386865676989e-20)
(-8.71692140041807e-06 -1.5429846794918e-07 -3.735378880727743e-22)
(-9.108141905358295e-06 -1.917624328773293e-07 7.333954957794687e-19)
(-9.019758532965473e-06 -2.480154990913783e-07 3.083534572235748e-18)
(-8.554835798598977e-06 -3.34816976615103e-07 -1.414996985273792e-19)
(-7.847228699951834e-06 -4.640950180095612e-07 -6.284755056360472e-20)
(-7.041527097153416e-06 -6.465779282846355e-07 -1.594049287631925e-20)
(-6.273226120382617e-06 -8.902395430068766e-07 -1.596250270246794e-20)
(-5.65145198003084e-06 -1.19869730247032e-06 -5.869480360469567e-20)
(-5.24622739122866e-06 -1.569744096454793e-06 6.185355807217042e-20)
(-5.081650552505516e-06 -1.994204832792988e-06 2.662078361913899e-19)
(-5.135577742952408e-06 -2.455283086684468e-06 3.896757803731603e-20)
(-5.345553736898156e-06 -2.928500195212272e-06 -1.026843279444027e-19)
(-5.619938283223751e-06 -3.382242015887571e-06 -2.634900276321474e-19)
(-5.852535028079821e-06 -3.778819500076323e-06 -3.009452706011808e-18)
(-5.938622572146542e-06 -4.075839909770292e-06 4.356400485575141e-19)
(-5.790160395735902e-06 -4.227578010383031e-06 -2.294192929398313e-18)
(-5.348109010537647e-06 -4.185953859619628e-06 1.057052340154531e-19)
(-4.590247349785899e-06 -3.900664956375593e-06 -8.45265353908381e-19)
(-3.533544099975207e-06 -3.317993287885613e-06 2.550038688277811e-20)
(-2.230974659294093e-06 -2.377822345894743e-06 7.253968849765049e-20)
(-7.616213214774642e-07 -1.000647785958687e-06 5.021094935042056e-21)
(-2.349642564285215e-06 -2.236544267065685e-06 -8.218818844352822e-22)
(-7.082188253568656e-06 -5.797891269119528e-06 -3.774568775376454e-21)
(-1.190040724656277e-05 -8.65293735188941e-06 -5.199758999756132e-20)
(-1.682351025696148e-05 -1.087925354230975e-05 -7.492439585300317e-20)
(-2.181753740994807e-05 -1.253594870630101e-05 -9.748483822981494e-19)
(-2.678661741677916e-05 -1.367335261730419e-05 -9.673074250225808e-20)
(-3.157378448751208e-05 -1.433288778529817e-05 -5.084585614964279e-20)
(-3.597192571287689e-05 -1.454792075955861e-05 2.261031996462203e-18)
(-3.974388636977832e-05 -1.434549636987622e-05 5.659751221850791e-20)
(-4.264955211855334e-05 -1.374883920501674e-05 3.278001655227048e-18)
(-4.447675133276326e-05 -1.278050598160123e-05 3.029481629745264e-18)
(-4.507219723671194e-05 -1.14661289129076e-05 5.551468395135647e-20)
(-4.436843930076973e-05 -9.838849383239819e-06 4.868401122470183e-19)
(-4.240275172357269e-05 -7.944824895437727e-06 -4.791331315003147e-18)
(-3.932373499017199e-05 -5.850332212353933e-06 3.085280712746117e-18)
(-3.538123167624255e-05 -3.649994389614587e-06 -1.343946568522906e-18)
(-3.089664923773897e-05 -1.471174653311196e-06 -4.441415228071323e-19)
(-2.62145289573008e-05 5.393103931371126e-07 -2.187774707212945e-18)
(-2.163114913158711e-05 2.258718874844842e-06 2.952004519487565e-18)
(-1.729615317918698e-05 3.617002304224983e-06 7.006328411152458e-18)
(-1.327659401461094e-05 4.589076325231881e-06 -3.309351822275616e-18)
(-9.615232030548131e-06 5.180339172517357e-06 -2.71703803099069e-20)
(-6.354148040862637e-06 5.41619379131747e-06 -3.020142934624221e-19)
(-3.536771141817233e-06 5.336786218894125e-06 5.780493492290319e-18)
(-1.201885091354528e-06 4.994260832623864e-06 -1.854745323748365e-19)
(6.232774509501784e-07 4.450161953055594e-06 4.265870352329655e-18)
(1.928456329871459e-06 3.772091659302521e-06 -2.313659311887085e-19)
(2.723861303886334e-06 3.029574372697937e-06 -3.609850505422132e-20)
(3.041815344509424e-06 2.289308831120065e-06 -7.801288403171854e-20)
(2.936611438465655e-06 1.609938319287033e-06 -7.562631055301025e-19)
(2.48269497470587e-06 1.036260236792451e-06 -1.685733612861688e-18)
(1.771413140716971e-06 5.924563162246037e-07 -1.174396309570145e-19)
(-0.000181735387762075 0.003226337635578296 -2.660480677297455e-18)
(-0.002087360829496775 0.005299953284818162 -6.141089772930336e-18)
(0.000580301834685255 0.006129136135700722 -2.606771632422307e-18)
(0.001213359129236466 0.005758477890203772 -4.24909287824917e-18)
(0.001573670270959586 0.00534131509780243 6.102794014648096e-19)
(0.00166141943726433 0.004802761033052464 -3.984839510278317e-19)
(0.0001036493348999253 0.004704097060938928 -5.676992295755255e-18)
(0.0004339736439389983 0.003368542294950125 -4.235588017649946e-18)
(-4.353923900140329e-06 3.329674613586613e-07 -1.602188472792288e-20)
(-6.216674054599107e-06 5.144776487071151e-07 -3.149182767722155e-19)
(-7.646027343300409e-06 7.11893582498388e-07 -6.793473658067218e-19)
(-8.56695971218586e-06 9.116136109295694e-07 1.462755176896729e-19)
(-8.973572533777234e-06 1.095591401503076e-06 3.362440585593975e-20)
(-8.920948586211902e-06 1.243995092418569e-06 2.149434786636069e-19)
(-8.511403379863258e-06 1.337594404179324e-06 -3.390415468539776e-20)
(-7.876575309859841e-06 1.359855741954542e-06 -2.206734295258705e-19)
(-7.157441607432737e-06 1.298706896708432e-06 -1.009688308258543e-19)
(-6.484646805527934e-06 1.147911534837799e-06 -7.880742227951359e-20)
(-5.961497630055726e-06 9.079884843557528e-07 2.220778169570435e-18)
(-5.651612276330945e-06 5.866183519606834e-07 3.513301693723994e-19)
(-5.572580264416615e-06 1.985088124371436e-07 8.418585284489914e-20)
(-5.696183197926197e-06 -2.352788586214294e-07 1.696563110381547e-20)
(-5.954864510177479e-06 -6.884832410140353e-07 -4.935609744337907e-20)
(-6.253329488075152e-06 -1.131154291206112e-06 2.042897672681952e-18)
(-6.483515781918693e-06 -1.531349608553407e-06 -3.10177526111491e-18)
(-6.540776505819905e-06 -1.856787108970616e-06 -5.385953427876223e-19)
(-6.339009150791515e-06 -2.076186760657773e-06 7.629902932264155e-19)
(-5.822657896058974e-06 -2.160013706559941e-06 -7.932272169693731e-21)
(-4.973993320049608e-06 -2.080332500210315e-06 -1.345764656706244e-18)
(-3.814787088931399e-06 -1.809491565918798e-06 2.455337053235414e-20)
(-2.402386634999768e-06 -1.317379710209917e-06 -3.242496698833372e-18)
(-8.190775814097821e-07 -5.624100714309802e-07 -1.808488421735409e-18)
(-2.190001069820398e-06 -2.598874389259489e-06 -3.592327070318789e-21)
(-6.603584723810702e-06 -6.651586682533868e-06 -1.037075793976853e-19)
(-1.110524280317218e-05 -9.828588843631978e-06 -7.820242417354027e-19)
(-1.571310432600475e-05 -1.223047519372758e-05 -6.609253049969571e-18)
(-2.039208914348745e-05 -1.393137830373059e-05 -7.660909813652732e-20)
(-2.504522466934261e-05 -1.499454140081139e-05 -1.208803552211766e-20)
(-2.951485851335786e-05 -1.54749033201663e-05 8.910801058929104e-20)
(-3.359388588211154e-05 -1.542214666840243e-05 7.491778984307131e-20)
(-3.704595774716617e-05 -1.488388475540705e-05 -1.949467772147474e-18)
(-3.963240542276074e-05 -1.39086655980853e-05 6.429896858066143e-20)
(-4.114276551631979e-05 -1.254853332202785e-05 -2.372554587981497e-18)
(-4.142529220590324e-05 -1.086098870378303e-05 -1.344308208085838e-19)
(-4.041394411334782e-05 -8.910381082417353e-06 3.375704390460677e-20)
(-3.814901409111403e-05 -6.769118767374627e-06 1.980904312093628e-19)
(-3.478954670277715e-05 -4.519755443098405e-06 -7.331711009251004e-19)
(-3.061554534685654e-05 -2.259712992286854e-06 1.766959734952174e-18)
(-2.601403810291621e-05 -1.092891318468098e-07 -1.094399911905114e-19)
(-2.143450457512287e-05 1.785893828180549e-06 -3.095166558854855e-19)
(-1.729478986550303e-05 3.313142361588244e-06 -1.372043097941011e-17)
(-1.363432312701885e-05 4.444031358146264e-06 -3.828094433493437e-18)
(-1.03915546792975e-05 5.192114258196871e-06 8.046160546126295e-18)
(-7.519858941250259e-06 5.58645851310869e-06 -7.441072882945182e-18)
(-5.005198925011646e-06 5.66333073834073e-06 4.363177844424451e-18)
(-2.854541690275152e-06 5.465949156832628e-06 -1.272348679957236e-19)
(-1.08209429276751e-06 5.0449470457869e-06 2.72311218492739e-20)
(3.006973403867769e-07 4.457280993879452e-06 -6.634767708738038e-18)
(1.291654369438462e-06 3.763736595174772e-06 -2.060770890149395e-20)
(1.901802796622047e-06 3.025504568215855e-06 -2.492291079435731e-20)
(2.157393253668372e-06 2.300145823892243e-06 2.213342012234981e-20)
(2.100219074497797e-06 1.637199402935649e-06 -7.183353296639067e-20)
(1.786095337547033e-06 1.073563790006252e-06 -9.152002783589237e-20)
(1.281402964694602e-06 6.283765838200304e-07 -1.317384674099406e-20)
(0.002945440317838451 0.002183863635461256 -2.950097846324171e-19)
(-0.001635830605212033 0.00354459673162996 7.095700441163189e-20)
(0.004296227347373682 0.00419877403395916 -8.565864754335347e-20)
(0.005264093236060817 0.004828693386041969 1.613397057606956e-20)
(0.005034875629912668 0.005390036696368155 7.109121395836233e-19)
(0.004215006814130055 0.005483021200406608 9.571883078561471e-19)
(0.000756152466964587 0.00579886393381654 1.916784650759455e-19)
(0.001190523442906358 0.004247927253608058 -4.187749622159455e-19)
(-4.169712078440097e-06 6.927185056283119e-07 -1.156037882661354e-19)
(-5.955862765278687e-06 1.071638828432052e-06 -1.096290714354288e-18)
(-7.332911031046694e-06 1.475753223120074e-06 1.430826303696187e-18)
(-8.231256955888529e-06 1.884318355103737e-06 2.968628417350719e-18)
(-8.646976907277903e-06 2.270804975432411e-06 2.043777131987208e-19)
(-8.634065726738707e-06 2.607401384854889e-06 9.031051152240526e-19)
(-8.291150888695316e-06 2.868777178619231e-06 1.102257772218247e-19)
(-7.744136702920318e-06 3.035023431439488e-06 4.222317080495102e-19)
(-7.126837694993761e-06 3.09369166912629e-06 2.045315176180453e-18)
(-6.561968878437963e-06 3.040893798483303e-06 -1.549734081786531e-19)
(-6.14481411989891e-06 2.881473129921243e-06 -3.368877528376524e-21)
(-5.931520939460658e-06 2.628324959177584e-06 5.262480961240502e-20)
(-5.933333170836472e-06 2.300977542014785e-06 7.376940880616433e-21)
(-6.117269240826841e-06 1.923618473862647e-06 4.873199074673556e-21)
(-6.412893992977485e-06 1.522783067508626e-06 -1.012045722037375e-20)
(-6.724035877943031e-06 1.124945132769124e-06 3.245609067639205e-18)
(-6.943675437054843e-06 7.542590327124345e-07 5.681815434679034e-20)
(-6.96984984272181e-06 4.306896264628089e-07 -9.069584691394314e-20)
(-6.720330983791146e-06 1.687382586738548e-07 -3.263945765683354e-19)
(-6.144050381532849e-06 -2.307802180053723e-08 8.724504982610623e-20)
(-5.2277392216636e-06 -1.418898433601812e-07 6.348671553288788e-19)
(-3.996977961396577e-06 -1.892332667911313e-07 5.548794367506029e-19)
(-2.511752182087249e-06 -1.688893826133891e-07 -7.891445568873203e-19)
(-8.554464285555856e-07 -8.283580627509168e-08 2.722613215565001e-18)
(-2.003060056277592e-06 -2.90291351188256e-06 -3.251620366949889e-20)
(-6.041965846187891e-06 -7.368913918514165e-06 -4.820417762763692e-19)
(-1.016824308871719e-05 -1.082277160213772e-05 3.037307930004446e-20)
(-1.43984957187345e-05 -1.338617968012754e-05 4.820089116298297e-19)
(-1.869772979365219e-05 -1.514596649093355e-05 6.419580409693844e-20)
(-2.297091824680301e-05 -1.617541822604646e-05 1.338955511016102e-20)
(-2.706444175955866e-05 -1.653976759904844e-05 2.141416908852487e-18)
(-3.077712645182216e-05 -1.630157637723287e-05 2.489085611300649e-20)
(-3.387975329727753e-05 -1.552549857980251e-05 -7.031621761578285e-21)
(-3.614079299603433e-05 -1.428194768261705e-05 -1.525650111066504e-19)
(-3.735518844032214e-05 -1.264932214121235e-05 8.464564508885697e-19)
(-3.737259697736459e-05 -1.07146115290919e-05 -1.358855408662213e-18)
(-3.612165173411206e-05 -8.572430560479724e-06 3.391269024417143e-20)
(-3.362796356297425e-05 -6.322833337762089e-06 -1.679150437585186e-18)
(-3.002655683520278e-05 -4.068731533087878e-06 9.693966350325118e-19)
(-2.557597582634151e-05 -1.914544298405388e-06 1.231283146334596e-20)
(-2.069288546100324e-05 3.23335790459664e-08 -8.892897001968202e-19)
(-1.599394738763076e-05 1.672057465906471e-06 -1.926307295431464e-20)
(-1.238940881770323e-05 2.883964272400175e-06 -3.68890256023642e-21)
(-9.560606073192863e-06 3.71958847984917e-06 -1.259015950935729e-18)
(-7.221685212065003e-06 4.238858549847693e-06 -2.063774939454557e-18)
(-5.225833577506261e-06 4.485384110169272e-06 -6.127998331365064e-18)
(-3.512638170940358e-06 4.495078767496191e-06 -5.253093284777168e-18)
(-2.06276898456325e-06 4.304086024217377e-06 2.433037196684232e-19)
(-8.734841458555437e-07 3.951925786485101e-06 3.254148722622067e-19)
(5.407179013740271e-08 3.481580498765e-06 6.50405178055918e-19)
(7.219193020767053e-07 2.938046180263245e-06 6.600985802018833e-18)
(1.139187735757323e-06 2.36605105338538e-06 -1.287416192352801e-19)
(1.324122067277757e-06 1.807205443956055e-06 -3.06767864008169e-18)
(1.304810408689523e-06 1.296781106650303e-06 4.099922321613847e-20)
(1.118587791170376e-06 8.603076697370066e-07 5.562842202943193e-21)
(8.086912260676319e-07 5.104258277675855e-07 -1.69070668260423e-18)
(0.01696589757568125 0.001592727979206726 8.584384651711734e-19)
(0.01056499318170429 7.499628717313035e-05 7.98185831966083e-18)
(0.01568128722429609 0.001437974491831409 2.159581680240882e-18)
(0.01456618783684783 0.004522714162473437 -9.570765498277443e-19)
(0.01172592469237064 0.006841526666108808 5.923165379592633e-19)
(0.008627331672234603 0.007777766540284977 4.03313112317084e-18)
(0.002056946209064451 0.008280953957853804 4.342620756046613e-18)
(0.002453758198628493 0.006137146944909121 2.763861530131725e-19)
(-3.900199539296802e-06 9.977095828278028e-07 1.051731417507659e-19)
(-5.572693956787562e-06 1.543623725432097e-06 -7.965842144015497e-20)
(-6.869563609409744e-06 2.12215788146855e-06 -2.213447016637792e-18)
(-7.727986430359829e-06 2.706778748888614e-06 -1.050843813816036e-18)
(-8.145619004375736e-06 3.264242334734963e-06 -1.451776897665665e-19)
(-8.173572464260665e-06 3.760636126551911e-06 -1.290894187843509e-19)
(-7.90404594762156e-06 4.166278935214878e-06 -2.476147263571517e-20)
(-7.454022555202552e-06 4.45931591481802e-06 7.742883235684228e-19)
(-6.947031963484146e-06 4.627902840878334e-06 3.20663935593275e-19)
(-6.495267039465652e-06 4.670963111414426e-06 2.672006831349213e-18)
(-6.184289691465485e-06 4.597611824167566e-06 1.429450088192503e-18)
(-6.062195604008289e-06 4.425417186578861e-06 1.296077183698402e-18)
(-6.13447772009366e-06 4.177782869676594e-06 4.033478982665198e-20)
(-6.365052241872867e-06 3.880781715374123e-06 3.836664643501561e-20)
(-6.68307192118326e-06 3.559801960994124e-06 5.95013884380184e-21)
(-6.994390657883071e-06 3.236358045602763e-06 2.285909857571611e-20)
(-7.195943111415774e-06 2.925372918044321e-06 2.23393644914598e-19)
(-7.190948440582165e-06 2.633162093070235e-06 2.153739890470769e-19)
(-6.902781221268268e-06 2.356251513303364e-06 -3.151473764922835e-18)
(-6.285585063971525e-06 2.081046086728966e-06 6.400760068505254e-20)
(-5.330204191710312e-06 1.784257376776801e-06 6.903962371996977e-19)
(-4.064723715541726e-06 1.433895444454165e-06 -2.849367574757915e-18)
(-2.549784069116618e-06 9.905695213762149e-07 -2.323292159933734e-18)
(-8.676346009241275e-07 4.059370430715883e-07 -6.76027922392037e-20)
(-1.799211424902299e-06 -3.126600495862179e-06 -5.92944841479713e-18)
(-5.42833281094802e-06 -7.894614318248224e-06 -2.221770914946781e-18)
(-9.140339956086323e-06 -1.155390779027164e-05 7.191564774375285e-19)
(-1.294965160688472e-05 -1.424383852395377e-05 1.07567916743947e-19)
(-1.68223385308146e-05 -1.60608240275706e-05 -6.320715019975984e-20)
(-2.066815426013868e-05 -1.708483360183307e-05 -4.80382118430897e-19)
(-2.434205330796883e-05 -1.738769815437914e-05 -4.668247882531424e-18)
(-2.765461898459167e-05 -1.704071592060607e-05 -5.848485701849272e-20)
(-3.039022775504609e-05 -1.612089997748544e-05 -3.15488650023201e-19)
(-3.233072323620976e-05 -1.471529338908917e-05 -1.529640578864365e-18)
(-3.32814175381421e-05 -1.292294323737602e-05 -8.789318018860841e-20)
(-3.309570621180401e-05 -1.085438293623635e-05 -1.376481139525896e-18)
(-3.169431591980342e-05 -8.628787339914294e-06 6.622239611677338e-20)
(-2.90755710713516e-05 -6.369386971198134e-06 1.698727128318367e-18)
(-2.531466736638115e-05 -4.198370356377039e-06 1.586253435987459e-19)
(-2.05572475424666e-05 -2.233922428503295e-06 -2.98699510366357e-18)
(0.006973967436182595 -0.006928332721906559 -3.563852651722617e-17)
(0.009642055347336429 -0.00695391917015351 -2.905063577069294e-17)
(0.01675688360949391 -0.007626866125286777 -2.509127630890784e-17)
(0.02521982570402149 -0.008420881585025262 -7.923949343927379e-18)
(0.03470139915924399 -0.008825477425895753 4.792507311334136e-19)
(0.04377746445681811 -0.008311533073251547 3.33270161830966e-18)
(0.05180809298157052 -0.006908410634869059 2.632479476496974e-18)
(0.05808738432022423 -0.004991612088244865 -5.50200293822243e-18)
(0.06234045363053978 -0.00308380550499402 -3.395412576482893e-18)
(0.06481572623892701 -0.001607001957097214 -6.120342424838739e-18)
(0.06603698267100265 -0.0006836318675983966 2.941661255845951e-18)
(0.06645267889184357 -0.0001778377249255231 -3.259643218088372e-18)
(0.06628756508528241 0.0002193180517462357 1.337183549180299e-19)
(0.06556938956365554 0.0009469348980589128 -3.927736453929979e-19)
(0.06417707237926872 0.002356800031108119 -3.641836343026751e-18)
(0.0573109644323634 0.003856552776336207 -3.807002560452414e-18)
(0.04515801615753817 0.002507434642315672 -2.40765912261997e-18)
(0.04360990003851879 0.0001220714973518724 -2.700488167727951e-18)
(0.0371321034697138 0.003565067736548762 5.674160111757813e-18)
(0.02979344971159142 0.008660748839203498 4.974737726704248e-18)
(0.02169091443116414 0.01209317495096895 -2.589973685228863e-18)
(0.01476613509980515 0.01318556003623495 -8.707836395264445e-18)
(0.003996511478592006 0.01302472284759872 -6.584437191329771e-18)
(0.004142836676402179 0.009532892506323621 -9.094711053484892e-19)
(-3.560060495550084e-06 1.23150011754284e-06 1.291189079951067e-18)
(-5.088044741026303e-06 1.904796650560679e-06 -3.655120780169784e-18)
(-6.281105931985327e-06 2.615601703404198e-06 -9.197563497245203e-20)
(-7.084115241984875e-06 3.333336398106098e-06 -1.316545288985318e-18)
(-7.495801777551193e-06 4.020225786811833e-06 -1.374765127001835e-19)
(-7.562773678208758e-06 4.638486972655077e-06 -5.725713673748988e-20)
(-7.36844753904467e-06 5.156050992390949e-06 2.545289951426013e-18)
(-7.01823316271756e-06 5.550591616366139e-06 -1.171650430498174e-18)
(-6.622866053726962e-06 5.811732451367017e-06 -3.323685742533389e-18)
(-6.282045578058504e-06 5.941439607338572e-06 -1.882274647087581e-19)
(-6.070489216547211e-06 5.952737313142005e-06 1.942101193396175e-18)
(-6.028141573114442e-06 5.867040564750455e-06 -3.240733825459674e-20)
(-6.155698456808216e-06 5.710497116433655e-06 1.612673671373562e-20)
(-6.415851414161462e-06 5.509808711714895e-06 -1.042835546395084e-18)
(-6.739881070969402e-06 5.288015514681114e-06 5.428424527094214e-20)
(-7.038510380746356e-06 5.06068850630268e-06 6.76521587632064e-20)
(-7.21537335012911e-06 4.832877296453976e-06 6.397841206856475e-20)
(-7.18113143931211e-06 4.597024866232944e-06 -6.989724687089434e-20)
(-6.866222672674907e-06 4.33188747875758e-06 -6.907420596004254e-20)
(-6.230466730760458e-06 4.002337561245578e-06 3.210658730248174e-18)
(-5.268243485094938e-06 3.559765852263644e-06 -1.737345481784592e-18)
(-4.008653766299566e-06 2.942664708662055e-06 2.25075668831079e-18)
(-2.510886178339479e-06 2.076879753675561e-06 -3.116458126340947e-18)
(-8.537892444088278e-07 8.682816240584978e-07 1.941631180369759e-18)
(-1.587483232383907e-06 -3.248747989190301e-06 -3.921219651681119e-18)
(-4.78977758147154e-06 -8.174842186422929e-06 1.832372742156107e-20)
(-8.066577225664575e-06 -1.194108559731126e-05 4.166420271690186e-20)
(-1.14294041151367e-05 -1.469950739183402e-05 6.542235492508985e-18)
(-1.484616010861289e-05 -1.655230240674762e-05 -1.546851549382061e-19)
(-1.823383980574414e-05 -1.75824565394919e-05 -2.389819150089301e-18)
(-2.14599981615039e-05 -1.786449560099799e-05 -1.427677716926893e-19)
(-2.435222382243937e-05 -1.74739379314769e-05 -4.006092247496237e-19)
(-2.671447021767442e-05 -1.649471450941489e-05 -7.705034108550874e-20)
(-2.834808049755055e-05 -1.502392739330958e-05 -6.884428742575782e-20)
(-2.907446503524732e-05 -1.317347058258853e-05 -2.450040874864995e-18)
(-2.87555853390512e-05 -1.10683344312991e-05 3.135258134153294e-18)
(-2.730781586820531e-05 -8.841713646005672e-06 -2.399838815000698e-18)
(-2.470301294645467e-05 -6.627402961568996e-06 -2.084945369014138e-18)
(-2.094542645708587e-05 -4.550339912543291e-06 9.001358748350252e-20)
(-1.599267628068189e-05 -2.71689934143492e-06 2.472978559993292e-19)
(0.006966436427776631 -0.009604687563982965 -3.318730668374718e-17)
(0.0069651953419632 -0.006828641108089567 -5.499514381478487e-17)
(0.02406126744999779 -0.006122463757110915 -4.008621493972394e-17)
(0.03607880257771655 -0.008394484752315483 -6.067914930387051e-18)
(0.05001470003596457 -0.009248091778410015 9.424927971436524e-18)
(0.06338318720527655 -0.008672258066988106 6.866836622052238e-18)
(0.07528085765981307 -0.007050005975233756 3.872968164699868e-18)
(0.08448688807830823 -0.00477151559184644 2.201955142424139e-19)
(0.09048076023337157 -0.002593636005031436 2.127014296417171e-18)
(0.09380401742286196 -0.001095294646930106 -7.013776208630925e-18)
(0.09539033226373654 -0.0003252792398585486 -6.174852398028249e-18)
(0.09592103733096066 -9.382321108454596e-05 -4.231613774458538e-18)
(0.09568273737117487 -0.000151272455404011 2.028576136341093e-18)
(0.09455413700851742 0.0001434613317661548 2.308224079854437e-18)
(0.09257775740423903 0.00202790346469283 -1.231954144867279e-17)
(0.08960591000514111 0.005014921611031192 -5.929783067280003e-18)
(0.08342575503623187 0.006907992955115028 -6.584458971694605e-18)
(0.07334773713803303 0.009173097091661985 -5.003311473788468e-18)
(0.05937113077595164 0.01444761454476005 1.068463959773846e-17)
(0.04562430942287635 0.01965366511339776 3.176443554649047e-18)
(0.03211441428114545 0.02260606403205288 -4.162232779967843e-18)
(0.02116246299498391 0.02259136886050129 -6.048323226127459e-19)
(0.006096804501730844 0.02052107912443464 2.575130488142942e-18)
(0.005953294602974398 0.01470531802417329 -5.728114231530279e-19)
(-3.167075227184825e-06 1.382737721747265e-06 1.408881831548518e-19)
(-4.527359509225604e-06 2.137528335108881e-06 1.45889580664337e-19)
(-5.598265027627987e-06 2.931801895317363e-06 -1.219804281863161e-20)
(-6.33281198410187e-06 3.732927055966171e-06 -1.165583120173482e-19)
(-6.730265746357142e-06 4.501025533499648e-06 6.143871303659973e-20)
(-6.831415719685784e-06 5.19683625530877e-06 -1.836856304337884e-18)
(-6.709098269686367e-06 5.787898329846861e-06 -2.466247129794235e-18)
(-6.455202571099914e-06 6.252779269674824e-06 -3.18252286315472e-19)
(-6.165910531413972e-06 6.58320222007196e-06 -1.309606253905871e-19)
(-5.927171064825255e-06 6.784081631576195e-06 8.199416236428747e-19)
(-5.802328955668758e-06 6.87166249746388e-06 1.026392018954234e-18)
(-5.823512445341745e-06 6.870110954041928e-06 -1.403116283708703e-19)
(-5.98781637807912e-06 6.80705230430732e-06 1.032926737243459e-18)
(-6.258637160431926e-06 6.708627704040456e-06 7.785790830319723e-20)
(-6.571802552732091e-06 6.594651501876277e-06 7.910221773217147e-20)
(-6.84549103290911e-06 6.47438275339291e-06 4.172294112927397e-19)
(-6.992438007779721e-06 6.343283009710112e-06 1.327885333482976e-18)
(-6.932639175261622e-06 6.180937548931091e-06 -8.098793490434715e-20)
(-6.604728551940029e-06 5.950086284308673e-06 3.086762642578735e-18)
(-5.974432727903376e-06 5.59649443087533e-06 -1.758326047387152e-20)
(-5.038975524322958e-06 5.049201500764234e-06 1.401087647727766e-18)
(-3.826970278703371e-06 4.220547454617863e-06 -3.119865371816814e-18)
(-2.394092658812932e-06 3.00526842509811e-06 3.381491479601293e-18)
(-8.136114109229015e-07 1.267725924714274e-06 1.858275414410295e-18)
(-1.374874215498932e-06 -3.251144865983372e-06 1.130985121107029e-19)
(-4.147497402786737e-06 -8.162847745882642e-06 3.953681807233832e-20)
(-6.982853177559412e-06 -1.19130004195998e-05 8.795460413038966e-20)
(-9.88899553587292e-06 -1.465979843012712e-05 -1.177336731795285e-19)
(-1.283625979651236e-05 -1.650680230255979e-05 -5.124725062749317e-20)
(-1.575083479625006e-05 -1.753623124413611e-05 -2.36060726569346e-19)
(-1.851607158559715e-05 -1.782146879635797e-05 -1.714752146755769e-20)
(-2.098074492905061e-05 -1.743773219099395e-05 -1.348608483354417e-19)
(-2.297321185151541e-05 -1.647017276991273e-05 5.848878450512696e-19)
(-2.431948120194165e-05 -1.501874831852292e-05 6.331083336976853e-20)
(-2.486240807442371e-05 -1.319933434845754e-05 8.722938005695658e-19)
(-2.447852814503777e-05 -1.114076453959415e-05 -1.371642870468258e-18)
(-2.308848279462946e-05 -8.977778202065253e-06 -8.546046414938184e-19)
(-2.065638833593966e-05 -6.84004493587049e-06 1.078822003722583e-19)
(-1.717200647858306e-05 -4.837633703700999e-06 3.882259397026391e-20)
(-1.261052959959652e-05 -3.043818705413025e-06 2.738542608239735e-19)
(0.00756508113181302 -0.01666765552106398 -1.889834463148868e-17)
(0.006163349605973234 -0.02403557684073241 -2.478216127935846e-17)
(0.02770525756951323 -0.02839397175369175 -7.810280953223911e-18)
(0.04316221913098443 -0.03202272451539843 -3.852330418952917e-18)
(0.06116521629147736 -0.03289182371840488 -7.941761651701694e-18)
(0.07837732035775431 -0.0306433404630654 -3.774644466455757e-18)
(0.0936184553562744 -0.02551134173302962 2.085518870890897e-18)
(0.1050338707950605 -0.01828111252261437 -9.260740867590784e-19)
(0.1117884463426174 -0.01112896538349206 1.701397642971654e-18)
(0.1149717353589349 -0.005799054101204813 1.930776078026769e-18)
(0.1162214880043194 -0.002454514779682707 -1.09516528820482e-17)
(0.1165583365541979 -0.0004063164124163606 -5.516492113328382e-18)
(0.1163653731077771 0.001227013967196126 -6.042288392276704e-19)
(0.1155670671555552 0.00348629531945306 2.069763542794214e-19)
(0.1139870988970329 0.00748409411309128 -1.616985072325833e-18)
(0.1111322238177436 0.01312696762262501 -3.903987768459536e-18)
(0.1045408899485242 0.0185332167007554 -5.642534098050556e-18)
(0.092066839406405 0.02407330847852942 -1.095585095725127e-18)
(0.07537336188987917 0.03057167305476335 3.751578261784714e-18)
(0.0578791597257941 0.03558500968328051 -7.125120075187831e-19)
(0.04053235464902161 0.03743186550938441 5.936148908804569e-18)
(0.02641997945610954 0.03550519876341914 -4.904043676696409e-18)
(0.007923235465999129 0.0304861575553152 -6.390019749158772e-19)
(0.00753254294230733 0.02152913316066045 1.477359008983678e-18)
(-2.740528414276085e-06 1.445767712157826e-06 9.213004380987682e-20)
(-3.918302254100762e-06 2.233176822626667e-06 2.019898423214369e-20)
(-4.854500525126003e-06 3.059096465637479e-06 -3.100813482354722e-22)
(-5.510307348464624e-06 3.89091120397457e-06 -8.823089305873417e-21)
(-5.885021546453602e-06 4.689114659355356e-06 2.065719657707989e-20)
(-6.012722748393803e-06 5.415328677471458e-06 2.065235363409419e-19)
(-5.95455667702291e-06 6.038555540776452e-06 3.447803636264747e-19)
(-5.787767249212233e-06 6.539369912378357e-06 -2.408375430851247e-18)
(-5.593066584930629e-06 6.911890530154462e-06 1.348896015845904e-18)
(-5.442132893271074e-06 7.163538556926186e-06 -8.943541343725421e-20)
(-5.386977059009321e-06 7.312769410671664e-06 -5.128061508748926e-20)
(-5.452586881091767e-06 7.385176834254215e-06 -3.189278972845409e-20)
(-5.633753569561683e-06 7.408521435623176e-06 -3.873112325546736e-19)
(-5.896379702846014e-06 7.407326535767899e-06 7.992096721960391e-19)
(-6.182940389344929e-06 7.397686684002761e-06 6.880948353990102e-20)
(-6.421206161676216e-06 7.382842454315948e-06 1.147059675713441e-19)
(-6.534906638352815e-06 7.349901360299903e-06 -6.303249256745298e-20)
(-6.454774165392521e-06 7.267842439881726e-06 -7.152847874655962e-19)
(-6.128380185091951e-06 7.086669625658206e-06 -3.432031040114189e-18)
(-5.52737050977083e-06 6.737301486056565e-06 6.313434586943515e-21)
(-4.651118566904389e-06 6.131561856123949e-06 -1.297171587037626e-20)
(-3.526429554330263e-06 5.161511692661767e-06 5.127256813253574e-20)
(-2.203662541214592e-06 3.697321078946866e-06 1.264837138224767e-19)
(-7.485548580325805e-07 1.56989580010251e-06 3.161432582870318e-20)
(-1.165995897820557e-06 -3.120675425210022e-06 3.699064108299485e-20)
(-3.515702499163817e-06 -7.824779676568992e-06 -6.316688344193372e-18)
(-5.914049205164341e-06 -1.141713674684616e-05 2.479373379781901e-18)
(-8.365380660748235e-06 -1.405421929320198e-05 5.693546401100803e-18)
(-1.084297797568947e-05 -1.583608150738025e-05 -2.393948303468974e-19)
(-1.328359009077112e-05 -1.68404634937969e-05 5.980020656248179e-18)
(-1.55884813465353e-05 -1.713608408415853e-05 1.608984755205358e-18)
(-1.763030809204084e-05 -1.67936875426042e-05 -1.061281866710627e-18)
(-1.926491794013987e-05 -1.589422723912055e-05 3.344568428476768e-18)
(-2.034631094506318e-05 -1.453351337537406e-05 1.302343422628471e-18)
(-2.074231583107725e-05 -1.28227462502916e-05 -2.493983847219826e-18)
(-2.034811647458161e-05 -1.088455660963258e-05 -5.622977687030055e-20)
(-1.909459246693997e-05 -8.844575259871895e-06 4.388884873086874e-20)
(-1.6948946185316e-05 -6.818986321389595e-06 -1.245704190287682e-18)
(-1.390768127120011e-05 -4.899434254201657e-06 5.883839843632073e-20)
(-9.990116742452163e-06 -3.138379847200049e-06 4.945341946230207e-20)
(0.00827959495619191 -0.02486582568731277 -5.891951745296394e-18)
(0.008479462488247151 -0.03545211923414825 -1.499969513419935e-18)
(0.03075026615521329 -0.04349389329545159 -8.24430246584036e-19)
(0.04757426017606097 -0.04874872814703898 -1.01776637385753e-18)
(0.06765841451365721 -0.0499630376216495 -5.799566921232945e-18)
(0.08707120560902672 -0.04648489707110065 -4.937153727147653e-18)
(0.1043843072727247 -0.03839400610744646 6.953190703528413e-21)
(0.1168515845299983 -0.0265481760003752 -9.55573371763159e-18)
(0.1231025062760864 -0.01505299536743198 -3.430430729938758e-18)
(0.125143273338908 -0.007145067637294573 -4.868735886251147e-19)
(0.1255698556439964 -0.002751217160934533 8.678043044351751e-18)
(0.125588074926246 -0.0003897980264983423 -6.803088074445333e-18)
(0.1255171474676056 0.001362442557319085 -2.379209954558567e-18)
(0.1253553006361551 0.003883015254364413 -2.656812181617369e-19)
(0.1249324161756034 0.00864643217891759 3.398364057484379e-19)
(0.1232866390244531 0.01677973060388095 -2.328067589453766e-18)
(0.1172557431559656 0.02774886476775845 -9.416258280892038e-18)
(0.1040754767845167 0.03935186622452494 -5.275808515937852e-18)
(0.08574078007223858 0.0487922693025219 1.165597934223248e-18)
(0.06592566794675506 0.054409621755612 2.158364674513108e-19)
(0.04609884169771788 0.05517635322074533 8.20082191311604e-18)
(0.02985087736783444 0.05092163296081658 -5.753776958783409e-18)
(0.009260937605403913 0.04221289026614496 -6.098760485111857e-18)
(0.008616193380037194 0.02957233149741262 -2.184062359958121e-18)
(-2.299487497791144e-06 1.420768201205119e-06 -4.413051937782583e-18)
(-3.288231755004449e-06 2.192311654866663e-06 1.172957802368519e-19)
(-4.082935070974514e-06 2.998734038987729e-06 -2.054173920917142e-21)
(-4.652534117716156e-06 3.809407626818168e-06 -3.665907315713441e-20)
(-4.995959875506162e-06 4.587544316284227e-06 4.923267599412101e-20)
(-5.140193927813744e-06 5.297794778771903e-06 -2.092554308350855e-18)
(-5.134358418174001e-06 5.912169455443012e-06 -2.749718774745836e-19)
(-5.040819039553186e-06 6.413999598999312e-06 4.894315722964756e-20)
(-4.924743462121411e-06 6.79973636935052e-06 1.306698261428785e-20)
(-4.84372546856991e-06 7.078530000842465e-06 -2.210480103431248e-20)
(-4.838969839207001e-06 7.269770907353864e-06 1.397457703661471e-18)
(-4.929227501073081e-06 7.398997492885639e-06 -9.257332222349318e-20)
(-5.108235889927362e-06 7.492751309710194e-06 -1.337584975926653e-20)
(-5.34590418956038e-06 7.57305517656761e-06 6.28268558012816e-20)
(-5.59295632477242e-06 7.652181624345365e-06 1.092435258702079e-20)
(-5.788275253641771e-06 7.728272650398384e-06 4.927107510497927e-19)
(-5.867836974033595e-06 7.782176485937207e-06 -1.062843109825421e-18)
(-5.773934785751125e-06 7.775607788999372e-06 -1.992079441985461e-19)
(-5.463379142831536e-06 7.650435815602353e-06 -3.774604731595652e-20)
(-4.913517644855201e-06 7.328585594573505e-06 -3.052872236905239e-18)
(-4.125231114231274e-06 6.711753277407854e-06 -1.514787593567294e-18)
(-3.122546401127077e-06 5.679982796733289e-06 -8.261405740133191e-19)
(-1.949208263111351e-06 4.088233839636855e-06 -2.308267935585403e-18)
(-6.618731721725322e-07 1.745598134242918e-06 -2.667185400785186e-18)
(-9.63042328952664e-07 -2.851280064197423e-06 1.653031709515323e-19)
(-2.901476376673167e-06 -7.145127599094553e-06 -3.526659465871975e-18)
(-4.873638656260112e-06 -1.042837720074616e-05 3.490113125365697e-19)
(-6.88041536194158e-06 -1.284671583009047e-05 -4.596061447855793e-18)
(-8.898544599688068e-06 -1.449155464645696e-05 -4.787336998534566e-20)
(-1.087610091022387e-05 -1.543270644677533e-05 6.163257472898321e-18)
(-1.273316294681469e-05 -1.573120438259999e-05 -1.794942849950647e-18)
(-1.436725938553361e-05 -1.544978724404931e-05 -1.59131600813649e-19)
(-1.566278615676214e-05 -1.46605737904185e-05 -4.597854548606562e-19)
(-1.650282050129175e-05 -1.344922461092145e-05 4.278284025975838e-18)
(-1.678130196724938e-05 -1.191500972413592e-05 -8.126428896566953e-20)
(-1.641343640278788e-05 -1.016654993773146e-05 -1.605488387014992e-20)
(-1.534249738750423e-05 -8.313566282621733e-06 1.735895960157786e-20)
(-1.354247012208716e-05 -6.455807374363375e-06 4.902953213800026e-20)
(-1.101920213269266e-05 -4.671446923564491e-06 1.043771885292122e-20)
(-7.81891076270802e-06 -3.008128534140887e-06 7.668074603269998e-21)
(0.008685461234420547 -0.03397908761848077 -3.424646486172276e-18)
(0.009237384439326236 -0.0485655451088924 -2.478759659611379e-18)
(0.03137087312922275 -0.06108035920024808 2.640936264336255e-18)
(0.04868556004406409 -0.06879395341294507 7.840994617763517e-19)
(0.06950957863846362 -0.0707598482408857 -9.244411347700614e-19)
(0.08987365372095261 -0.06604085915510846 -2.827996694698498e-18)
(0.1084433244746032 -0.05436298299491723 -6.107856794130125e-19)
(0.1210472494119564 -0.03606476395147057 -3.351842331838699e-19)
(0.1254326536121051 -0.01864216684602553 -9.064010315245043e-18)
(0.1251974891432871 -0.007831738409540011 -9.74883294238106e-19)
(0.1243395993285392 -0.002700997458601745 7.906899358484836e-18)
(0.1239702878569412 -0.0003191816647426104 -1.039649427781944e-18)
(0.1240188462429993 0.001311113457056183 -7.86330144627301e-19)
(0.124498158624696 0.003783989245811252 -6.434785419775361e-19)
(0.1255562096825201 0.009081625624133102 8.422532932536704e-18)
(0.1261662232704726 0.01998686888828164 2.039810227476479e-18)
(0.1219945196028193 0.03728480383213945 1.791326564703725e-18)
(0.1090169548171508 0.05579937985375424 -3.141691465359668e-18)
(0.08982570924588697 0.0686407107705035 -1.806907789609879e-18)
(0.0691163382931141 0.07504222142916515 -1.51651409771248e-19)
(0.04831626081079932 0.07465135014240964 5.38220202498774e-18)
(0.03107031917789755 0.06776236811913226 -1.906841087773346e-18)
(0.009808215143682728 0.05480406939712718 -3.513915370888884e-18)
(0.009110556969658729 0.03829959772867402 1.352569560614553e-18)
(-1.861126680308307e-06 1.313459056040975e-06 8.601061876194246e-20)
(-2.66176327295975e-06 2.024207763642871e-06 1.323420801088071e-20)
(-3.313390577349556e-06 2.764060360580835e-06 -3.886431787485422e-20)
(-3.791888909130715e-06 3.506164418918926e-06 -1.846371865822428e-19)
(-4.095557450317644e-06 4.21850285153326e-06 -1.224331248026612e-19)
(-4.244484177306357e-06 4.870489007128762e-06 1.047454181247703e-19)
(-4.276242524526609e-06 5.438243620303589e-06 1.887783010222925e-20)
(-4.238920147803596e-06 5.90820871212679e-06 -3.771010332711177e-21)
(-4.182834888030056e-06 6.278770959499986e-06 -1.206943188873413e-19)
(-4.152295379304631e-06 6.559782264585739e-06 -2.313061935463317e-20)
(-4.178612695225582e-06 6.770128619828456e-06 -2.801195141671201e-19)
(-4.275313340100159e-06 6.933744979358567e-06 2.206063510702788e-20)
(-4.436150764153789e-06 7.074653788726858e-06 1.798139920679821e-20)
(-4.636100127858615e-06 7.211687992843274e-06 -1.249048067936232e-18)
(-4.83510035182615e-06 7.353542394551455e-06 -7.745138163968884e-19)
(-4.983933677477851e-06 7.494685206757903e-06 -1.588482009630279e-18)
(-5.031352970960579e-06 7.612462653059466e-06 -1.497988205896188e-19)
(-4.93142506297734e-06 7.665475336225908e-06 -4.209987083477511e-19)
(-4.650062212732935e-06 7.593005322631191e-06 -1.039390274935536e-18)
(-4.169859015266952e-06 7.314951059498968e-06 -1.199222078725348e-18)
(-3.492575419427072e-06 6.731384539895207e-06 -5.626896348650002e-19)
(-2.638865527807965e-06 5.720542635200302e-06 3.736205544618657e-19)
(-1.645286266283399e-06 4.134076934122089e-06 -8.944648955914129e-19)
(-5.585067533711487e-07 1.774020971863745e-06 1.725984490729005e-20)
(-7.660697378262171e-07 -2.445678558944068e-06 -6.149141013921659e-20)
(-2.305542028885723e-06 -6.131514715460289e-06 -4.189709733448947e-19)
(-3.864717959589691e-06 -8.956430762473502e-06 5.669453782972325e-20)
(-5.441861808010064e-06 -1.104544303057653e-05 1.580494809434676e-20)
(-7.017792302191741e-06 -1.247629182719954e-05 -1.974660546946082e-19)
(-8.552083995629458e-06 -1.330784918325469e-05 6.479410966977794e-18)
(-9.983324620036881e-06 -1.359103345351803e-05 6.289357809461463e-18)
(-1.123328708820068e-05 -1.337789337523638e-05 -5.826684510068536e-20)
(-1.221410291307561e-05 -1.272826815739737e-05 -7.585916028676518e-19)
(-1.283703941580214e-05 -1.171327357349112e-05 -1.093968066285257e-19)
(-1.302137061256949e-05 -1.041516744760239e-05 8.829993741484862e-19)
(-1.270200808484428e-05 -8.923615937930091e-06 1.26574709371602e-19)
(-1.183518795451824e-05 -7.329035446613022e-06 1.760701597138796e-19)
(-1.04027749950452e-05 -5.71446283867752e-06 -8.480732223140337e-20)
(-8.417539533330486e-06 -4.147856929234521e-06 -9.074222264355277e-21)
(-5.933122909008992e-06 -2.675718385067739e-06 -1.438544734314455e-20)
(0.008977353734364537 -0.04298329799871132 -6.186034366744527e-18)
(0.008339662244411164 -0.06107469512421003 -1.231372380435232e-17)
(0.02996846996898974 -0.07822262644764044 8.679163580117477e-18)
(0.0468191205470373 -0.08839313989983533 -7.260583815092549e-18)
(0.06656945754791632 -0.09117630204219435 -4.490520284719266e-19)
(0.08596667124683065 -0.08540999245262837 -9.744900682541015e-18)
(0.1046920371703124 -0.06988969767298869 -2.198527061372762e-18)
(0.1162950775373374 -0.04284290726060096 -3.003096855020516e-19)
(0.1177110914955756 -0.01851408134513529 -7.927076583836635e-19)
(0.1146365531447196 -0.005898537908601464 5.404110893920273e-19)
(0.1126031243484626 -0.00153535529851182 -1.969923044647765e-19)
(0.1120949086596123 -3.708129043629866e-05 -1.173275731496624e-17)
(0.1122389696913068 0.000850113304847855 -2.865566038965695e-18)
(0.1130457966641258 0.002401903916512773 2.455306222338244e-21)
(0.115421154653281 0.006852646843033607 -5.103587747903348e-18)
(0.1188966777786205 0.01957371015510989 -2.162123077956985e-18)
(0.1177167118194925 0.04409077607151785 -1.880495464871808e-19)
(0.1059460206661576 0.07172100968519032 -1.296698187131793e-18)
(0.08686182020843806 0.08842668503864558 -4.552888712497867e-19)
(0.06721551899927927 0.09570583327706308 -5.145369626138226e-18)
(0.04740466025029363 0.09432307847326417 -3.800601996318419e-19)
(0.03037774204745224 0.08491458078712746 2.457438901136384e-18)
(0.009334489475105403 0.06734581630238372 2.086564472878178e-18)
(0.00963262121674326 0.04726575549224064 -2.87850222058944e-18)
(-1.439188507388299e-06 1.134413000259283e-06 6.785577656584458e-20)
(-2.058633441613493e-06 1.745591985496259e-06 7.35655178849623e-20)
(-2.569793565676722e-06 2.378664808422651e-06 -4.679832616496154e-21)
(-2.954325453938429e-06 3.012127414324037e-06 -3.858850053244263e-20)
(-3.209957159256913e-06 3.620272151620002e-06 3.945907428573765e-20)
(-3.350705379551264e-06 4.178408361634085e-06 -8.371635273492273e-19)
(-3.403743229092766e-06 4.667373555697959e-06 4.573598019703415e-20)
(-3.404154404743802e-06 5.076719318551897e-06 8.98595276545686e-21)
(-3.38871822235613e-06 5.406157157688022e-06 -1.254335074938411e-20)
(-3.389737351248219e-06 5.665103257393922e-06 -5.328978895578528e-21)
(-3.429808861088457e-06 5.870472745437899e-06 -1.076570794300357e-20)
(-3.51824927764398e-06 6.043100281726563e-06 5.123236447065885e-21)
(-3.649621614838913e-06 6.203315125436143e-06 -1.458605578312753e-20)
(-3.804502660662273e-06 6.366266579511774e-06 -6.052832051802874e-19)
(-3.952311390674522e-06 6.537573619029699e-06 1.602508944953197e-18)
(-4.055737294481098e-06 6.709765417233209e-06 -1.361379964872031e-18)
(-4.076100097738684e-06 6.859800048968816e-06 5.433880530060674e-20)
(-3.978863745243266e-06 6.947714120158609e-06 7.558004411476311e-19)
(-3.738539614137103e-06 6.916189042777566e-06 -4.59388467086839e-20)
(-3.342354568222909e-06 6.690540545976637e-06 -1.308985177473952e-19)
(-2.792281433330575e-06 6.178313010471188e-06 -1.451667039235937e-18)
(-2.105158482693082e-06 5.267182594154412e-06 -3.154398627376967e-20)
(-1.310464426842686e-06 3.819289748422262e-06 -4.783340253261563e-20)
(-4.449116366729279e-07 1.646567412156869e-06 -6.328357352586989e-20)
(-5.735338495907792e-07 -1.917030420217278e-06 -9.749756457045153e-20)
(-1.723776918392003e-06 -4.818928041293302e-06 4.374999184270647e-18)
(-2.882225254512475e-06 -7.05177388733106e-06 1.232008525376131e-18)
(-4.046008704781208e-06 -8.71016136511386e-06 -3.939276992558881e-20)
(-5.200728357863948e-06 -9.853821676247647e-06 -7.313173731780602e-19)
(-6.317031751621827e-06 -1.052819668862512e-05 -6.135027137842375e-18)
(-7.350736063270599e-06 -1.077228266023857e-05 4.1421821262689e-19)
(-8.246068302048427e-06 -1.062575251445288e-05 2.413303100353849e-19)
(-8.940779277994597e-06 -1.013414049867104e-05 5.544199619771048e-19)
(-9.372133056417559e-06 -9.351475630804164e-06 3.086791510907387e-19)
(-9.482890478406183e-06 -8.340170275557453e-06 -3.887796718614693e-18)
(-9.226629362339787e-06 -7.168365373430401e-06 2.345397279951777e-18)
(-8.572394817965741e-06 -5.905407999606815e-06 -3.490459278594806e-18)
(-7.509486331550713e-06 -4.616481878582865e-06 4.620800342310048e-18)
(-6.053363784745171e-06 -3.357349063424706e-06 -1.766849126228839e-19)
(-4.252278033032414e-06 -2.168844085641969e-06 -1.790554719076718e-19)
(0.01168308367651409 -0.05163709911765411 -7.688382242681745e-18)
(0.008288488299312554 -0.07368232077956467 -1.440321624786568e-17)
(0.02890244750002886 -0.09500490807841945 -1.362230043184414e-17)
(0.04375590224210048 -0.1066215885601871 -1.375422470126624e-17)
(0.0595588778944908 -0.1099831524245441 1.064753481610333e-17)
(0.0747277437878114 -0.1043294540355405 1.480374955447548e-18)
(0.09133767112627429 -0.08726278797959056 2.928447670275733e-18)
(0.09816555956112738 -0.05288899273011103 5.402383304687852e-19)
(0.09660097475012303 -0.01700151505478439 3.967663731773531e-20)
(0.0927557859330032 -0.002892676513915526 -1.339351275578306e-19)
(0.09099207163740677 -0.0006065177063297562 -4.050300840771896e-19)
(0.09094018946353956 -0.0001586153253479675 -2.068031243680783e-17)
(0.09111153254471141 0.0004232181951724962 -5.261785101664369e-18)
(0.09151493252421117 0.0009175223617894135 -9.36851646240954e-19)
(0.09365714812590521 0.003290921985218753 -1.299480579789638e-18)
(0.09788410376300734 0.01761481626576552 -4.707291968731401e-19)
(0.09968094592551111 0.05411675087122259 -9.780642476456065e-20)
(0.09288234862548479 0.08930899754227119 -2.325661513925235e-19)
(0.076122468169113 0.1075515240454566 -6.135759186066053e-19)
(0.06084496468884296 0.1146410885906556 -1.083536109079951e-17)
(0.04503742876535258 0.1126115378847034 6.952399507001961e-18)
(0.02997710926122639 0.1017760167929066 1.370343841813318e-18)
(0.00999509835090976 0.08013056169658714 5.053469551246893e-19)
(0.01268507504172065 0.05598605148131239 3.587404283697483e-18)
(-1.042776506028891e-06 8.978814361494669e-07 4.335153814281378e-20)
(-1.492046481946403e-06 1.378565681444191e-06 -1.962690665697124e-18)
(-1.867979690905672e-06 1.87363194938811e-06 6.71766967952541e-20)
(-2.156940776784286e-06 2.367987009098231e-06 1.649803655340306e-20)
(-2.356688853145765e-06 2.842924989628591e-06 1.996676009320568e-19)
(-2.476405263380967e-06 3.280092428346697e-06 -3.735005992863564e-19)
(-2.534391389645303e-06 3.665221258792673e-06 3.110371805867983e-19)
(-2.554425835702017e-06 3.990782627688941e-06 -2.549303369259821e-19)
(-2.561477299299142e-06 4.257156114547854e-06 3.249202133840472e-21)
(-2.577442530602683e-06 4.472239331334421e-06 4.03474490213269e-19)
(-2.617527448497536e-06 4.649644616342796e-06 -3.333364721633e-21)
(-2.687768545981545e-06 4.805797885512521e-06 1.941732151364053e-21)
(-2.784010630040717e-06 4.956371136573593e-06 1.541991651070868e-20)
(-2.892440824330813e-06 5.112532468347017e-06 -2.298379567487872e-20)
(-2.99155561621009e-06 5.277474997564431e-06 -3.963553537004602e-19)
(-3.055238066878565e-06 5.443591669237417e-06 1.35070759853654e-19)
(-3.056488453350012e-06 5.590534372623603e-06 -1.342791924598591e-20)
(-2.971268059807691e-06 5.68419431708168e-06 -5.686951669379093e-21)
(-2.781918764366547e-06 5.676432729768283e-06 -1.681320402869921e-20)
(-2.479712362314103e-06 5.505177420934548e-06 -1.813732541696709e-21)
(-2.066308491429237e-06 5.094270231930341e-06 -2.486939643750991e-18)
(-1.554203657932822e-06 4.35197264964278e-06 9.687006425464729e-20)
(-9.659633122006871e-07 3.1654855686368e-06 -1.94802769352058e-18)
(-3.294044648167378e-07 1.374116089237348e-06 1.65770070757114e-18)
(-3.829802501065065e-07 -1.291345846518577e-06 -1.033848255969657e-19)
(-1.149185688123066e-06 -3.274064844725234e-06 -8.550654553773511e-19)
(-1.916144024989661e-06 -4.810474090570678e-06 1.777011194675533e-19)
(-2.681664746783264e-06 -5.957257553828969e-06 9.547200414170459e-19)
(-3.436554637126807e-06 -6.753314076522136e-06 1.115659388976691e-19)
(-4.161553211042666e-06 -7.228734000499018e-06 -3.493418851388219e-18)
(-4.828060271999755e-06 -7.409571649151514e-06 -4.103058822599541e-18)
(-5.400555182204702e-06 -7.322486772615416e-06 2.202058639269584e-18)
(-5.839724444847531e-06 -6.997993996994863e-06 2.573158031091207e-18)
(-6.10605110753365e-06 -6.472104902016315e-06 -4.199937445014858e-18)
(-6.163451365359587e-06 -5.786304133065766e-06 -5.628225217277026e-19)
(-5.982678999115042e-06 -4.986057398315494e-06 2.365941629372971e-19)
(-5.544625683334041e-06 -4.118209670582983e-06 2.389795408037441e-19)
(-4.844122843022805e-06 -3.227691260011649e-06 -1.260588856390083e-19)
(-3.894526085944719e-06 -2.353644459877902e-06 4.449714505165025e-18)
(-2.731225927284434e-06 -1.52465920390428e-06 -1.488262202810698e-18)
(0.02570213079566363 -0.05516607655216393 -6.923081994177687e-18)
(0.02031009123035243 -0.08660524787935993 -1.124376989693138e-17)
(0.03444256849608355 -0.109596341918654 -6.254742823843691e-18)
(0.04289805189553343 -0.1197683919025101 -6.116199394419771e-18)
(0.0492344739422438 -0.1216808091498095 -2.049162973377723e-17)
(0.05302114975987785 -0.1149244650406487 1.594959788372947e-18)
(0.05793535058987812 -0.09334499548815167 1.319827644064973e-17)
(0.05171339160818337 -0.04342548170162552 2.792499065557984e-18)
(0.06242820348314943 -0.02102330411884895 7.294546146935392e-19)
(0.06512905064723101 -0.005646783675965298 -8.552376110851306e-19)
(0.06397837669614577 -0.001406352114539483 -2.90994742421485e-18)
(0.06356950305761605 -0.0001618886952546236 -6.581831062106982e-18)
(0.06368280244097099 0.0004254032171227575 -4.27116193798608e-18)
(0.0643233589532298 0.001703166525391915 -2.172462044256073e-18)
(0.06571290901505614 0.00602648019777614 -1.186208343650718e-18)
(0.06321233134649011 0.02164574411344135 -6.523814240338939e-19)
(0.05243830002503768 0.04435131735173597 -2.347301165765612e-19)
(0.05909277278679123 0.09523734021936321 -1.20559720447826e-19)
(0.05428095698010264 0.1181187011421178 -1.077389753082072e-18)
(0.05065921296707195 0.1263188521427726 -2.679389797771373e-18)
(0.04449957649821718 0.1257116370215515 9.077812571855085e-19)
(0.03594467005192199 0.116346045697148 5.110662544830414e-19)
(0.02257225860776466 0.09316190324794812 2.297813885056854e-19)
(0.02690736991784312 0.05957943409959275 -1.386533589622497e-18)
(-6.757164960815437e-07 6.195714384541612e-07 -1.137898358903699e-19)
(-9.674011519191297e-07 9.478433748103671e-07 -6.619166382216039e-19)
(-1.21380435783849e-06 1.284315833472924e-06 -2.831023424442002e-20)
(-1.406212668642482e-06 1.620078138211316e-06 -8.419454878134989e-22)
(-1.543243023653402e-06 1.943074920919349e-06 3.268158856609542e-21)
(-1.630388088989733e-06 2.241248594495515e-06 3.244805728326146e-20)
(-1.678638325232834e-06 2.505249092106835e-06 -2.62418307979017e-19)
(-1.702320202702506e-06 2.73025650239251e-06 -1.197019227593472e-19)
(-1.716505981812894e-06 2.916764176998533e-06 -4.215191997826885e-21)
(-1.734412598535504e-06 3.070291136217113e-06 -1.028368535925645e-21)
(-1.76518057645801e-06 3.200128757264585e-06 -4.120571509693233e-22)
(-1.812344958607051e-06 3.317336079554918e-06 9.184531774528445e-21)
(-1.873198067997876e-06 3.432280918819609e-06 -5.620531492596709e-19)
(-1.93911209118644e-06 3.552065350705081e-06 8.075690731781864e-19)
(-1.996748848292064e-06 3.678154318577896e-06 -8.263770449950708e-21)
(-2.029942997375787e-06 3.804429411492956e-06 -3.105058129167261e-20)
(-2.02200253894471e-06 3.915874074411109e-06 9.58767517059773e-19)
(-1.95809654667629e-06 3.987916286316354e-06 -4.764968556369783e-20)
(-1.827410674587417e-06 3.986353244219559e-06 -4.497527330676893e-19)
(-1.624776848142601e-06 3.867691102364852e-06 -2.412355106623753e-19)
(-1.351561658608668e-06 3.579687777587569e-06 1.605367872013413e-18)
(-1.015955033316362e-06 3.061739276976824e-06 -4.810846322255257e-20)
(-6.335098387601234e-07 2.242600866445531e-06 1.359674707025685e-18)
(-2.256868099037817e-07 1.011216599666569e-06 -1.097183181186506e-19)
(0.06881283154665734 0.01167040377246657 1.089560118476975e-17)
(0.06981932656898059 0.006804693646098877 -1.31753345485553e-17)
(0.06893380013999865 0.002892661292764805 -5.512242450102807e-18)
(0.06772678853180303 0.0006291416403046025 -8.590013708904737e-18)
(0.06681042587321905 3.856175180556257e-05 -5.427304490559337e-18)
(0.06633830082638628 2.570036251937327e-05 -2.946603477879371e-18)
(0.06606956305156898 2.736316860421292e-05 -2.393830336597655e-18)
(0.06587280938617078 -2.077207083913931e-05 -8.918794472252723e-19)
(0.06569235772808849 -8.690196019972064e-05 3.661364269544234e-18)
(0.06550374580474808 -0.0001670293439210726 3.191195985740804e-18)
(0.06529521646383374 -0.0002741814050437128 7.901957293440824e-18)
(0.06507699363828127 -0.0004112624271312721 4.055427643417857e-19)
(0.0649576191339728 -0.0006470238895287285 1.309200028519658e-17)
(0.06522937144458167 -0.001635677377634505 1.769061519750726e-18)
(0.0662185277981385 -0.005604556435076458 -4.0067897090769e-18)
(0.06327806900713651 -0.02060302226805826 -8.452906944535483e-18)
(0.05232584450412073 -0.04271894546090034 -1.465844040613914e-17)
(0.05853924252261394 -0.09192523364695947 -1.709045712752552e-18)
(0.05361029274498363 -0.1138316211898674 -1.044400331676901e-18)
(0.04966209728465151 -0.1212293131866509 -2.175030179385335e-18)
(0.0431671397508329 -0.1200580257778342 -1.357421061124157e-17)
(0.03451639717723208 -0.1105524519952077 -6.470596832623427e-18)
(0.02039865033628964 -0.08800700520961661 -1.752204895932586e-18)
(0.02561887853742771 -0.05598025093190031 1.852808075510707e-18)
(-3.39848734921995e-07 4.913846189738558e-07 -1.466300369444e-19)
(-4.460292200624341e-07 6.576729606310588e-07 -3.754238042239671e-20)
(-5.010999612406475e-07 7.545984655873625e-07 -5.098306057701929e-21)
(-5.070391784550363e-07 7.869914804229522e-07 1.007235704388321e-21)
(-4.728488068460497e-07 7.62248590877989e-07 1.393838793085077e-21)
(-4.095778943120909e-07 6.870157704379903e-07 1.476255219268421e-21)
(-3.269544983858577e-07 5.666004448644235e-07 1.849050676418752e-21)
(-2.327003915999354e-07 4.053744606935528e-07 2.380587710915957e-21)
(0.02615744302464493 0.05714956814699731 3.221115377777799e-19)
(0.02095651860343581 0.08961560217401675 6.247800186070669e-20)
(0.0354250891624245 0.1134712410175117 4.634403192349792e-18)
(0.04446537375292249 0.1244480126099329 -5.20966280235677e-19)
(0.05129935804105942 0.1270337191863807 5.575787307155558e-18)
(0.05520073169106891 0.1206824996376584 2.368280219054864e-18)
(0.06063475572375886 0.09909487389443633 1.17146594687757e-19)
(0.05180393233786562 0.04777086737630266 -7.05024177718416e-18)
(0.06264479090109941 0.02465014019535813 -3.619279816805796e-18)
(0.06241427684953265 0.009452527120967965 -7.699903443863651e-18)
(0.05785893667746514 0.005540290990796516 -5.074084125258194e-18)
(0.05371220434033589 0.004536097525180052 -2.107712057717363e-18)
(0.04996747261471488 0.004089120804500582 -1.23769099507049e-19)
(0.0465638782828227 0.003575285269792018 -7.957240764374189e-19)
(0.04354882771661923 0.002998496673035428 -2.580905190630929e-19)
(0.04099195602250458 0.002419836105275699 -1.268980950140829e-18)
(0.03892825872765912 0.001865511365952378 -9.223831054566567e-19)
(0.03736488412390239 0.001342396991758578 -4.045284095131876e-19)
(0.0362946334350718 0.0008495477665252282 -6.453021100011305e-19)
(0.03570624991545435 0.0003813972000634315 5.352518294373514e-19)
(0.03559056983764887 -7.049207582710427e-05 5.123091985804944e-19)
(0.0359435707344395 -0.0005153893506761601 -3.082596125738873e-19)
(0.03676690840754418 -0.0009610053328879358 -4.840527126424183e-19)
(0.03806588107833276 -0.001411729945214316 -5.798773363071229e-19)
(0.03984503459590509 -0.001866732337959075 -2.577819463127092e-19)
(0.042100575958384 -0.002316826179146339 -1.734993848678208e-19)
(0.04480963236607484 -0.002735746965301086 -9.922775377793579e-20)
(0.04792219806450527 -0.003065014135699589 -1.319360567592711e-19)
(0.05136058769581477 -0.003223173751076573 -2.102281849494389e-19)
(0.05507131223281895 -0.003233934883817276 -2.507998383178619e-19)
(0.05875869713615947 -0.003316164436980732 2.528474469372278e-19)
(0.06192396565091015 -0.003617799621982593 9.239193803752406e-19)
(0.1016183578858484 0.02159891949983895 2.665186111301826e-17)
(0.1056269791836505 0.01070845755994864 -4.189773825811356e-18)
(0.100587595237405 0.0007906994203442676 -9.440406708479803e-18)
(0.0977907684763038 -0.001009067754641762 -1.649476452643347e-17)
(0.09640662733123728 -0.0004638884106202888 -5.01204839944705e-18)
(0.09573204560002516 -0.0001047398345091543 -1.307992682846861e-18)
(0.09530191766388388 -9.572254696389375e-05 -2.745674738397815e-18)
(0.09496757155513112 -0.000192956986113459 -2.204402555492779e-18)
(0.09466594079199653 -0.0003029606101012737 1.156451960079947e-17)
(0.09435770860708814 -0.0004386799074533795 3.660721206201276e-18)
(0.09401688211719102 -0.0006410819706672334 5.862441659431497e-19)
(0.09362685822469842 -0.0009166379091244905 1.816247318467598e-17)
(0.09322184798176385 -0.00112059966649348 2.220406239885996e-17)
(0.09302093715672349 -0.001137467214724581 7.068705731605736e-18)
(0.09452447007666498 -0.00300964691923778 -3.319181518174553e-18)
(0.09807707652676251 -0.01657714722742403 -2.434091505462046e-17)
(0.09933331389642215 -0.05181837414768314 -8.924884696948685e-18)
(0.09238131744729751 -0.08581400933018034 3.54508384062227e-19)
(0.07578705740683732 -0.1031392751356254 9.30808238951427e-20)
(0.06051460236630851 -0.1093741290816487 -4.356412558691922e-19)
(0.04457595446674909 -0.1067381730616637 -5.063300305955597e-18)
(0.02946534715965992 -0.09578600661492701 -2.538500034587187e-17)
(0.008853261373570117 -0.0749374559634578 5.700933286357288e-18)
(0.01198619961879208 -0.05237511294243372 6.294639793473883e-19)
(-5.327953692530179e-07 8.459720965397349e-07 -6.395072572242467e-19)
(-7.004041980172501e-07 1.123736886156704e-06 -1.706262693638446e-19)
(-7.818663170389845e-07 1.281155469649853e-06 -2.784290885735947e-20)
(-7.855712848645752e-07 1.327088224807853e-06 -2.998032014008558e-21)
(-7.287530767695338e-07 1.274335366733409e-06 1.312077475166828e-22)
(-6.294542512740031e-07 1.13598228326621e-06 4.441240027369852e-22)
(-5.022298632867059e-07 9.245380384083346e-07 5.764406318989632e-22)
(-3.566905792532545e-07 6.524605445966739e-07 2.689932954533974e-21)
(0.01231216709156926 0.05338412296249745 2.402375120962395e-19)
(0.009153371129306764 0.07621630659610618 3.352687719453073e-19)
(0.03023838380484063 0.09825526520014551 2.089701779927147e-18)
(0.04591110025772979 0.1106682642854333 1.001480654382664e-17)
(0.06247824127707361 0.1148437069271796 4.577273489825886e-18)
(0.07817416456192033 0.1099611763422952 -3.616504124655848e-18)
(0.09521041949078708 0.09359573848853309 -1.064780068184686e-18)
(0.1010729277273337 0.05834388550403369 3.532869904126928e-18)
(0.09713152856069669 0.02094550112583324 -7.747003811735778e-18)
(0.08902128140811653 0.007048329689014438 -2.473644812570517e-17)
(0.08226633799731939 0.005234187195482487 -8.366471121273021e-18)
(0.07679199552368508 0.005152967835840427 -1.10967767620881e-18)
(0.07153887850100149 0.004639866987193033 3.507466370786692e-19)
(0.06664291725343964 0.003898987049523225 -2.197801802872177e-18)
(0.06229129971133374 0.003167370072478171 7.707954331781083e-19)
(0.05860737552432628 0.002501078533256391 -8.399945970732879e-19)
(0.05563875670292268 0.001898515266355671 -2.579062996954864e-18)
(0.05339251445561063 0.001353003064328027 -3.487940768099036e-18)
(0.0518568423004163 0.0008565532315699577 -2.068955280551527e-18)
(0.05101497905225583 0.0003979909044080431 3.368009507776388e-18)
(0.05085356737978915 -3.591907535381255e-05 2.149605299177375e-18)
(0.05136698935101602 -0.0004591574064961474 -1.332978657982179e-18)
(0.05255860514456242 -0.0008824839286450297 -1.042860992989315e-18)
(0.05443703484545745 -0.00131335875381138 -1.186723226353115e-19)
(0.05701091416355324 -0.001754128305135997 -2.629932527933159e-19)
(0.06027827700874196 -0.002202024259502414 -1.401323347394623e-19)
(0.06420959529058738 -0.002644036236443347 -4.291151394796947e-20)
(0.0687286065914145 -0.003026201653095896 -4.26449997925193e-20)
(0.07368695599216414 -0.003180557990075841 -1.912437229635821e-19)
(0.07897272884879485 -0.002876415579096545 -1.356534532259748e-18)
(0.08434813843766271 -0.002420434091305494 9.478335685585436e-19)
(0.0909051908007049 -0.003895196985330781 1.861960355894679e-18)
(0.1038507436983527 0.01456880984655948 7.364738021614342e-19)
(0.113103082878471 0.01184045828037286 -1.66958562279698e-18)
(0.114226403766483 0.005949715106259999 -4.493952682180877e-18)
(0.1142037928617062 0.002888644886332706 -2.411235640148054e-17)
(0.1140948070531303 0.00167055623663069 -5.221696045920906e-18)
(0.1141821494733999 0.001121103287526767 -1.505207993159665e-18)
(0.1142575091581721 0.0008187962262334033 -1.98745504516312e-17)
(0.1142598001872685 0.0006692773511044931 -2.279449811221221e-17)
(0.1141903461044434 0.0006303001819863358 -4.376473678471972e-18)
(0.1140591001575567 0.000651586505566072 -7.943838893971818e-19)
(0.1138725293921327 0.0006660855686184943 -1.627237803715858e-18)
(0.113653370081852 0.0005734754600637483 7.947779473209653e-19)
(0.1135357340475188 0.000177550209765013 3.468226958796485e-19)
(0.1139169287659534 -0.001130565379844009 1.695778573085169e-17)
(0.1157873970328936 -0.005331194537984269 6.690252155623181e-19)
(0.1187129738048742 -0.01765906235461594 -2.089704280053368e-17)
(0.117232893278028 -0.041621445365414 -5.021672036515456e-18)
(0.1057061286596955 -0.06846316229388037 1.350138346886287e-17)
(0.08709832925143655 -0.08422866261270148 1.823036438943872e-18)
(0.06771126060604457 -0.09049443716008425 -8.148593834403427e-19)
(0.04787646854886626 -0.08834761955027945 -1.368752944046217e-18)
(0.03070974449132868 -0.07876090234905021 -5.084032471071372e-18)
(0.009094689089044044 -0.06204895073169972 -3.839393241429253e-18)
(0.009447638484153399 -0.04355119248449733 3.388266323239349e-18)
(-7.612758076945558e-07 1.333069552369136e-06 -2.914975659043334e-19)
(-1.000742404495651e-06 1.761249709575363e-06 -3.297854378441899e-19)
(-1.115201890132533e-06 1.995157095196522e-06 -5.650683085233384e-20)
(-1.122309270636113e-06 2.048836933709556e-06 -6.515801671186911e-21)
(-1.047753915670024e-06 1.945298568237133e-06 -4.638658799300501e-22)
(-9.141829019013864e-07 1.711019174265201e-06 7.0399958933251e-23)
(-7.374600999345005e-07 1.372981998015374e-06 1.903568273279592e-22)
(-5.26541894786247e-07 9.572656360519981e-07 1.473488836733114e-21)
(0.00971498160463526 0.04432412767487757 -1.75140785346911e-19)
(0.009374745573218679 0.06302103198361268 -7.065639922743472e-20)
(0.03151890221207502 0.0806789855715601 -4.122887881307595e-18)
(0.04936015291833698 0.0915611353900088 2.770929578040623e-18)
(0.07007575941063952 0.09519635531164455 5.361404331731297e-18)
(0.09034344401263315 0.09044369712193756 -5.03214716989402e-18)
(0.1097192980996406 0.0761906846666532 -1.406290933621902e-18)
(0.1208962758283541 0.05022008478333179 1.98715985712925e-19)
(0.1196098776464504 0.02752179688014648 -1.772808732610439e-19)
(0.1112708632817903 0.01730509289763026 -2.360961986075188e-18)
(0.1025364525530348 0.01450795713038202 -1.28349550698524e-18)
(0.09482571734857875 0.01362412243052621 -2.575470846870432e-19)
(0.08778668768234422 0.01268349010066488 7.836405025529612e-19)
(0.08148210786437067 0.0113685931996705 -1.865010735031526e-18)
(0.07601462672387324 0.009780940966230755 -1.07015314621761e-18)
(0.07146470487336795 0.0080579007842362 -2.900887055724606e-19)
(0.06784579801776121 0.006297689255066287 -1.638333818541731e-19)
(0.06513305395657817 0.004557536998226657 2.531433281892506e-19)
(0.06328764394302581 0.002860808635306832 -1.410067598111511e-18)
(0.06227310205624358 0.001206229799422095 -4.444139494166905e-19)
(0.06206428148409729 -0.0004225114605991477 7.307821408977331e-19)
(0.0626516290050923 -0.002047694189016667 -1.372884668455185e-18)
(0.06404110132195068 -0.003687880204517784 -9.413059589621928e-19)
(0.06625111058200121 -0.00535128651350993 4.851915639574076e-19)
(0.06930544707403609 -0.007026804381233129 -2.029446529093471e-18)
(0.07322066102573567 -0.008675047920970085 -8.681983837678958e-19)
(0.07798592182944072 -0.01021744189418315 -1.074952927918114e-19)
(0.08354623048374571 -0.01152314872114688 -2.343878301620643e-20)
(0.08978240284514238 -0.01240684046130243 -3.162612353201569e-20)
(0.09663604786005404 -0.01272772089528824 -1.740692348652976e-19)
(0.1037247726154853 -0.01265018592119595 5.53480982031118e-20)
(0.1131166660551906 -0.01316936565029356 2.721556756129098e-19)
(0.1033151856044439 0.004382525692980328 -4.168457658498187e-20)
(0.1142137949953151 0.004103511817397517 -1.361921593284056e-18)
(0.1191800858101583 0.00226021444977526 -1.998127022578773e-17)
(0.1216321867624785 0.001112900534708905 -2.296497249355677e-17)
(0.1227310585235587 0.00063020738362966 -4.446312012529993e-18)
(0.1233896112834651 0.0004468017176452498 -9.302216874538441e-19)
(0.1237794483964142 0.0003828932317903346 -2.685855961085352e-18)
(0.1239958030080854 0.0003844027043869204 -3.816553594855048e-18)
(0.1241034751423287 0.0004277887721340442 -1.536954956623278e-17)
(0.1241503111741904 0.0004803260623729395 -4.884224200812873e-18)
(0.124171530563267 0.0004759472886585137 -2.022353837819637e-17)
(0.1242090130800206 0.0002730132686683153 -4.198762018607304e-18)
(0.124357721604701 -0.0004473390542127213 -1.346442503245661e-17)
(0.1247798588934355 -0.002441040883254086 -2.544313377887353e-18)
(0.1256372211391863 -0.007314528832181513 -4.232696777048195e-19)
(0.125889014767133 -0.01783370121549244 -1.906230081999252e-18)
(0.1216152374955658 -0.03496544715979994 -6.330255344484044e-19)
(0.1092330081888401 -0.05313164220719451 -1.115968535730893e-17)
(0.09087596955873974 -0.06498412139943648 -2.780702874652322e-18)
(0.07061164798811921 -0.07007808314299255 -1.28189160747285e-19)
(0.04976348779378188 -0.0685962951476233 2.457406634005365e-18)
(0.03211208908071144 -0.06132518907852252 2.44996026565474e-18)
(0.01008787795895418 -0.04918048221447931 1.477776967363569e-19)
(0.009244522887826326 -0.03433481629193529 3.629177516876728e-19)
(-1.03177071039337e-06 2.027404225592383e-06 -6.663247801752514e-20)
(-1.353539392462931e-06 2.646520190014573e-06 -1.900807892424125e-18)
(-1.514456738368683e-06 2.960114768519977e-06 -4.406627376637621e-20)
(-1.541012428421876e-06 2.997043515975354e-06 2.646081504559854e-21)
(-1.462142621705062e-06 2.802350745164349e-06 6.752979350357286e-22)
(-1.299604927002332e-06 2.426808876656878e-06 1.203811974138493e-22)
(-1.066843158538736e-06 1.919552529979201e-06 1.247247135076256e-22)
(-7.707637342977899e-07 1.323402596736453e-06 4.476491242513508e-22)
(0.009489145627478185 0.03486729860610317 -3.006961526800818e-19)
(0.01037695149570428 0.04983412502926606 -1.846302279040918e-19)
(0.03292985113526226 0.06264956023126399 -1.196412117298959e-18)
(0.05128343520934826 0.0709523790741991 -5.257755312308923e-18)
(0.07312223328971273 0.07374065976591603 4.791156694951907e-18)
(0.0945185185909629 0.07020740062326242 6.602366383432862e-19)
(0.1139401275405323 0.06036032104620374 -9.290672602351598e-20)
(0.1265284702805953 0.04476661176537031 5.107424149764836e-22)
(0.1285010216051129 0.03152854252760566 -6.222566291609211e-20)
(0.1225316784717727 0.02532325319230844 -3.709310041886035e-19)
(0.1138969795388181 0.02279003760470162 -9.197469946030422e-19)
(0.1053668666547185 0.02127649492284355 2.341463812639198e-18)
(0.09749556633416523 0.01948096721234528 1.32644705852098e-18)
(0.09060776689915953 0.01721970640914381 -2.603441939534883e-19)
(0.08477816562612855 0.01464867175649899 -2.161425026078423e-19)
(0.08001495082222464 0.01195919444225376 -5.909793883703084e-19)
(0.07627355385642684 0.009284009424438472 1.313837134974273e-18)
(0.07349215655709976 0.006691496739811831 9.285560037758994e-19)
(0.07161006770397499 0.004199710151341467 -1.009249590967429e-19)
(0.07057907416920089 0.00179280400869979 -6.055217849014356e-20)
(0.0703689603315492 -0.0005644157270863348 5.304043604616267e-20)
(0.0709697173725107 -0.002913885769604566 -1.459407479036204e-19)
(0.07239090630389215 -0.005292021608303475 -1.164318904763552e-19)
(0.07465910014496606 -0.007720220288503731 3.586278348977842e-20)
(0.07781181380886484 -0.0101918446494638 -4.661679846876294e-20)
(0.08188719673693073 -0.01265805107654311 -1.005654356342601e-19)
(0.0869064691281488 -0.01501225712267098 -2.365651321468692e-20)
(0.09285754998906937 -0.01707953496442517 -6.755273047882807e-21)
(0.09965155089541969 -0.01863107638274809 -6.198025186879949e-21)
(0.1071998767933154 -0.01948640027790238 -1.86064597885928e-20)
(0.114832103216081 -0.01969785670408543 8.94645259832058e-21)
(0.1247736173321435 -0.01984064824430587 4.173282745993274e-20)
(0.1033156366008893 -0.004329045486487598 -4.289640021894449e-20)
(0.1142203887265075 -0.003988367698464206 -3.638662804494303e-19)
(0.1191990608702757 -0.002102006715430664 -1.995203889503896e-18)
(0.1216686630612608 -0.0009111388825905592 1.340056872516522e-17)
(0.1227911459281171 -0.0003714727308220487 1.633709982936092e-18)
(0.1234820476303732 -0.000107784819881994 -4.370035270346906e-20)
(0.123917203761059 6.697486874901733e-05 -4.88044367311372e-19)
(0.1241974750974359 0.0002091482521111335 -1.638042737948137e-18)
(0.1243939900984809 0.0003311522682826755 -2.357090065185242e-17)
(0.1245594204556303 0.0004205541012447191 -6.252443514569445e-18)
(0.1247263632864081 0.0004214235236704215 -1.697153499086909e-17)
(0.1249097144094154 0.0001903778145742297 -5.489578328287633e-18)
(0.1251035477854183 -0.0005846496959922033 -2.05884866142155e-17)
(0.1252181206229604 -0.002526301428534753 -3.803237937522506e-18)
(0.1249188575668199 -0.006675533218583263 -4.984598574215403e-19)
(0.1230330398083869 -0.01435946836515992 -3.145570399616387e-19)
(0.1170123700364452 -0.02565635213983985 -1.839204105357445e-19)
(0.1048481408720043 -0.03741917811676338 -1.850669151104151e-17)
(0.08781858974225923 -0.04561972701676023 -3.458811667097682e-18)
(0.06858338211681178 -0.0493447309889173 -3.620536086713383e-19)
(0.04855965488506695 -0.04844527390868737 8.332009668554585e-19)
(0.03143781229279989 -0.04346532067875315 8.551486547866601e-18)
(0.009447980792597444 -0.03568762025689411 1.334573215324441e-18)
(0.008928959555836514 -0.02498330851839807 4.605203610566383e-19)
(-1.35621838623888e-06 3.047188166323478e-06 1.181318074488078e-20)
(-1.773679066880036e-06 3.877167450032576e-06 -1.692196798510925e-18)
(-2.004116647027002e-06 4.236096101156944e-06 -2.255971994291505e-21)
(-2.075871727260509e-06 4.197234664480665e-06 7.591449215172087e-21)
(-2.011326236112457e-06 3.847430283008394e-06 1.063562501070182e-21)
(-1.825643475946576e-06 3.27333784774401e-06 1.245217531315989e-22)
(-1.528117969310308e-06 2.551660603312337e-06 9.5243311128198e-23)
(-1.122545759446418e-06 1.742022878568883e-06 1.755832868027089e-22)
(0.009117373841761828 0.02530701117687439 -1.205334266122497e-19)
(0.009677114061031836 0.0360549901820467 -8.739215099764455e-20)
(0.03210739910946118 0.04426098532927698 -2.811170241656789e-19)
(0.04985053150143632 0.04999531145944912 -1.388281940306831e-18)
(0.07081777733330452 0.05196631079707775 6.169981601514667e-18)
(0.09126653558036193 0.04974445964023411 1.646769926967912e-18)
(0.1097058364495604 0.04392014686169977 1.902125969631808e-19)
(0.1230085584031965 0.03631781725161464 2.20160086249754e-20)
(0.1277655247680566 0.03215631089772659 -8.390776138736803e-21)
(0.1239989502513002 0.03202516080987176 -4.911879152126691e-20)
(0.1160159815364257 0.03130796906253987 -5.689895851711607e-20)
(0.1077962514436883 0.02971509830637705 6.187152991666194e-19)
(0.1001896234137229 0.02706261524112892 2.265360731865959e-19)
(0.09368175979484761 0.02370483940734137 -8.857708310809014e-21)
(0.08829433531970597 0.02000469980436858 -4.489526650881584e-20)
(0.08396833588155385 0.01623314192696937 -9.104197626132218e-20)
(0.08061080968570729 0.01254838654198943 4.255948629324463e-19)
(0.07813465901960666 0.009018575585135549 2.311607363897064e-19)
(0.07646895891144008 0.005648964853349708 -9.814396928328505e-20)
(0.07556340128004647 0.002404984669587569 -2.778927039058849e-20)
(0.07538935011069177 -0.000769659682803206 -2.13988287749824e-23)
(0.07593981315539473 -0.003938123509619237 -1.822377039215557e-20)
(0.07722878445574699 -0.007156743021521077 -1.445390153629292e-20)
(0.07928993810407431 -0.01046309692684763 1.538262159069055e-21)
(0.08217351629407509 -0.01385979333856276 -6.41767547353193e-21)
(0.08594113976905807 -0.01729538640158276 -1.2602003608128e-20)
(0.09065422329165611 -0.02064221715175611 -4.516949440129074e-21)
(0.09636095639138999 -0.02367697096363235 -1.598138992305633e-21)
(0.1030359015381754 -0.02608172392685978 -1.297279436829647e-21)
(0.1106166091300326 -0.02751791574856181 -2.433105129999414e-21)
(0.1183276201086398 -0.02780167281685072 1.655832716014456e-21)
(0.1281923046245746 -0.02722135118553608 6.51835245564086e-21)
(0.1038499609597444 -0.01451719319677871 -2.736850384799781e-20)
(0.1131188608027214 -0.01173582978194991 -1.942297640844986e-19)
(0.114275718459878 -0.005806582603872144 -1.099904407714582e-18)
(0.1142996269827413 -0.002704027160659598 -1.955670799399363e-17)
(0.1142526546047403 -0.001431698876826901 -3.900896930446854e-18)
(0.1144245817096856 -0.0008082671947983812 -5.272572407651185e-19)
(0.1146182702934632 -0.0004079296993719174 -2.547195596464486e-19)
(0.114787513123703 -0.0001368912117014594 -1.208586174539811e-18)
(0.1149507405722351 3.441631548889162e-05 -2.293166585523757e-17)
(0.1151327757771763 0.0001151167865324022 -6.177322715584127e-18)
(0.1153397959639264 7.25640093338578e-05 -1.727598123537924e-17)
(0.1155438890786284 -0.0002014341191558492 -5.495468863020643e-18)
(0.1156514264621982 -0.000937944612600345 -4.707765681842559e-18)
(0.1154223499875111 -0.002551544449186602 -1.313592079090321e-18)
(0.1143397507285253 -0.005632701540412906 -2.768893681200594e-19)
(0.1113662261865171 -0.01076020835815783 -1.663970183819927e-19)
(0.1048839193169986 -0.01775818005112756 -5.84052123703454e-19)
(0.09379132012473032 -0.02491903269971245 -1.872074202472948e-17)
(0.07885980892682429 -0.03009896249061973 -3.256154968455149e-18)
(0.06188014699788467 -0.03248275126119473 -6.444208856500214e-19)
(0.04403093221098293 -0.03178163530445469 -1.125496600002263e-18)
(0.02837469989543043 -0.02827567124351531 -1.751580337599692e-17)
(0.007376330823317307 -0.02397552649181361 -1.549426615016731e-18)
(0.008323198461773908 -0.01656736063109194 1.303518120565844e-18)
(-1.76217756440479e-06 4.585759698571071e-06 1.460985284128587e-19)
(-2.29553178693765e-06 5.563411667906023e-06 -6.329778662518058e-20)
(-2.62689664777549e-06 5.859623762532063e-06 -3.359133155177952e-21)
(-2.771859364586807e-06 5.639598449917e-06 2.586214733958571e-22)
(-2.737409776779401e-06 5.048493261710458e-06 1.122668721717123e-22)
(-2.530227656408202e-06 4.212824886322842e-06 2.767369663817674e-23)
(-2.157277148189841e-06 3.236530654729137e-06 5.395051549670653e-23)
(-1.619811515455975e-06 2.193463918023081e-06 1.887415559991595e-22)
(0.008416039649559347 0.0167753301841607 -3.851556645687723e-20)
(0.007523758416491614 0.02400625636530324 -2.275009085855816e-20)
(0.02876805905550849 0.02845033897288575 -5.303728724398483e-20)
(0.04484046575734781 0.03233333570341857 -1.802847162802664e-19)
(0.06339285453185529 0.03365332471492219 6.48751225307142e-18)
(0.08137022142027535 0.03224110908879035 1.778825008465648e-18)
(0.09780118295794694 0.02891105063262477 2.356162816560501e-19)
(0.1110530182518368 0.02646867769786641 3.549993333410576e-20)
(0.1176298924799725 0.03014494215919508 4.776138667258495e-21)
(0.1156205371254345 0.03729521302778775 -5.593238561485556e-21)
(0.1084672939076913 0.03876321245767943 -1.192501547206057e-21)
(0.1017975134219539 0.03714818762999555 6.62960636481007e-20)
(0.09577305450554265 0.03361118011305845 2.747632652060416e-20)
(0.09079244886547529 0.02916554930828022 -1.009402678147702e-20)
(0.08675578249125478 0.02441585536061996 -7.979692790714732e-20)
(0.08355664018045139 0.01969558449764949 -5.398884224083889e-19)
(0.08109102097666808 0.01516319952324885 3.025735003467221e-18)
(0.07928000615771036 0.01086802828537166 -1.044371828646206e-18)
(0.07806747915343751 0.006792509354138219 -9.350021264052871e-19)
(0.07741768198860378 0.00287933092242022 -9.563667005103843e-20)
(0.07731308867177571 -0.0009494417673157211 -6.696188081578252e-21)
(0.07775358214251703 -0.004777934937036121 -2.226212792622556e-21)
(0.07875648744346424 -0.008683112547004584 -1.665590323168024e-21)
(0.08035694347892866 -0.01272233224640019 -1.308963385854705e-22)
(0.08260880689258757 -0.01691652357540747 -1.004748113797786e-21)
(0.08558608404206973 -0.02122880874220409 -1.636016304359797e-21)
(0.08938146769597809 -0.02553577938027749 -8.135367755212209e-22)
(0.09410625536848759 -0.0295922510071822 -3.405224898277139e-22)
(0.09983453378328033 -0.03299730780279389 -2.479809150795992e-22)
(0.1066313507677176 -0.03520732195845289 -2.835886552417068e-22)
(0.1138381023823394 -0.03564600735689111 3.107176770535963e-22)
(0.1229604023719999 -0.03423816186096768 1.024025406174283e-21)
(0.1016243165205871 -0.02157134605067078 -5.425793577989362e-20)
(0.1056664942014304 -0.01066720730406944 -3.405625484834366e-19)
(0.1006826238208225 -0.0007535948342853177 -1.66022147579826e-18)
(0.09795635288217457 0.001035490939607437 -2.16203087376628e-17)
(0.09666183310997373 0.0004746482257137304 -4.458629606142703e-18)
(0.09610398393327527 9.474243919785184e-05 -7.326715703568655e-19)
(0.09582869859844911 5.8344330150207e-05 -3.593627325356649e-19)
(0.0956996880653905 0.0001185588327090484 -1.550390421430707e-18)
(0.09566484201248805 0.0001760735119623734 -2.072779506491065e-17)
(0.09568753829688509 0.0002278985730054543 -5.36875181089315e-18)
(0.09572454396752755 0.0002809140417837091 -2.18685992118659e-17)
(0.09570474999331903 0.0003173431737384622 -5.070059051308907e-18)
(0.09549354517301491 0.0002724041880526645 -2.019825741447501e-17)
(0.09483161072704506 -1.983867224352441e-07 -3.950228513585947e-18)
(0.09326176404446036 -0.0007340767329720397 -6.225964545354407e-19)
(0.09004927624382675 -0.002173652296576039 -2.9645513086713e-19)
(0.08424694405835768 -0.004299658229596086 -9.042101157937163e-19)
(0.07529009584698911 -0.006553993512443032 -1.117903894665109e-17)
(0.06365369355637189 -0.008198359301060436 -2.82049657551088e-18)
(0.0505109720628958 -0.008835999899787016 -8.545374412300642e-19)
(0.03676990823535756 -0.008046209417433699 -2.342320059958746e-18)
(0.02471673278350042 -0.005736991611882765 -1.999012501267853e-17)
(0.00873343671830655 -0.005861744424432679 -3.093828771232545e-18)
(0.007893185019981302 -0.0092330350431113 -2.921996764708524e-18)
(-2.318396088484996e-06 6.927314439165999e-06 -6.421389279507028e-20)
(-2.986458404707383e-06 7.780308977764147e-06 6.33129547046861e-18)
(-3.441365262783422e-06 7.803010796183195e-06 -6.641381361068284e-20)
(-3.673217701755105e-06 7.257089510489178e-06 -8.496760589286349e-21)
(-3.671336075230375e-06 6.331137294494612e-06 -7.707871763277544e-22)
(-3.436719396116353e-06 5.178472347701097e-06 -4.432106926173078e-23)
(-2.980048726203277e-06 3.922462431163627e-06 2.772196499535595e-23)
(-2.307703857329195e-06 2.649002661502496e-06 1.433677210687226e-22)
(0.007853059012415377 0.009501611937061878 -9.944202237630452e-21)
(0.008497757921874172 0.006383258319169219 -9.083711521867282e-22)
(0.02453714927967646 0.006419550398495669 3.6450052635726e-20)
(0.03663841672719182 0.009176076123311399 2.551585332634703e-19)
(0.05052636779584377 0.01079903791379616 5.735688575844589e-18)
(0.06386852816551755 0.0114240831273786 1.397398097698242e-18)
(0.07622746693072621 0.01180353008786648 2.673172504673521e-19)
(0.08742046304042377 0.01564258918127581 5.104156238691461e-20)
(0.09421577444575456 0.02977856734131425 1.560420689524964e-20)
(0.09646479558487454 0.04316084629791448 1.65911389337679e-21)
(0.09118169961821229 0.04510572031202414 -2.158157967431134e-21)
(0.08788929152258573 0.04263556194104352 -3.245818137204823e-21)
(0.08498657539265696 0.03807675678908608 -2.50428524535974e-20)
(0.0826964138991933 0.03272591608145756 -2.103977868891141e-20)
(0.08084619081361143 0.02722965327329213 -2.034594325957477e-20)
(0.07936081936933122 0.0218860193123622 -3.685303719072246e-20)
(0.07819451040252626 0.01681432645253188 3.737881242368407e-19)
(0.07732456917362862 0.01203408315564735 -7.372752870572983e-20)
(0.07674019113240894 0.007506391516464522 1.382678906640966e-19)
(0.07643802300206912 0.003157895299368248 1.395357321108853e-19)
(0.07642069837651587 -0.001103496286647855 3.167891334182967e-20)
(0.0766969150001845 -0.005375553998642153 5.329808736863376e-21)
(0.07728277620430769 -0.009749814649674379 6.583440634615563e-22)
(0.07820369998568802 -0.014300038904404 6.42508036218672e-23)
(0.0794975571394316 -0.0190667570770334 -8.79347835103535e-23)
(0.08122079381911206 -0.02403674325917645 -2.151234752814106e-22)
(0.08345683262501044 -0.02911240172751452 -1.359796524098836e-22)
(0.08633705381598818 -0.03406354202501821 -6.64340736357718e-23)
(0.09002022791835823 -0.03845044001455144 -4.491493835187419e-23)
(0.09481349634604638 -0.04152847922687491 -3.575431748948297e-23)
(0.1004795342065864 -0.04213373673831464 5.630646070428641e-23)
(0.1077514714682715 -0.0399389131606688 1.607198065541589e-22)
(0.06882294977555946 -0.01164476430157414 -1.29157665178683e-19)
(0.06985124596548162 -0.006772485183039974 -1.203287960227326e-18)
(0.06899714574884148 -0.002857238528752565 -3.74323576605287e-18)
(0.06783536940993948 -0.0005930888431905767 -9.002878333628687e-18)
(0.06697788843839793 -3.489828053456715e-06 -4.442797897369628e-18)
(0.06658298819567117 7.989773396336469e-06 -1.652481649028893e-18)
(0.06641671659932868 4.151448308196536e-06 -1.086808584039077e-18)
(0.06635536126600017 4.681924542126e-05 -2.917211747673672e-18)
(0.06634939745634565 9.707285143504733e-05 -1.05168294240055e-17)
(0.06637424678042526 0.0001350575606008105 -6.949157701016282e-18)
(0.0664010658107109 0.0001485409008443422 -9.483447270523057e-18)
(0.06637747011480739 0.0001052132017715121 -6.863654694226824e-18)
(0.06620093428942916 -6.980715728178814e-05 -6.9822046173177e-18)
(0.06567758964807779 -0.0005087896540856645 -3.440120256455459e-18)
(0.06447043458702822 -0.001383592886063512 -1.411750764981956e-18)
(0.06207795457208014 -0.002809598683399884 -9.338124443346531e-19)
(0.05795685071322344 -0.004676099287358166 -2.396719851540681e-18)
(0.05184059401588125 -0.006575802876558564 -1.116266500288227e-17)
(0.04397855231841808 -0.007993841257031273 -3.119140661257887e-18)
(0.03504612626877774 -0.008545521499946324 -2.135186970212795e-18)
(0.02569501645263694 -0.008157523226558707 -3.180561216850014e-18)
(0.01735279633382247 -0.007338079932859089 -1.271890824596484e-17)
(0.01051520797322727 -0.006528358033470794 -4.285378716026432e-18)
(0.007925422759483283 -0.006488052004461696 -8.596604624278747e-18)
(-3.174765918427525e-06 1.029424120777001e-05 8.00777466200836e-20)
(-3.933126759377101e-06 1.044065008988081e-05 -6.252116394461817e-20)
(-4.494223134554089e-06 9.918033438003487e-06 -1.647051167214107e-20)
(-4.797144090252711e-06 8.906509124140347e-06 -2.234537355380108e-21)
(-4.810800175764247e-06 7.575079297715863e-06 -1.79328948549108e-22)
(-4.53390845072104e-06 6.075862698780819e-06 4.511101417173036e-25)
(-3.991173927513515e-06 4.539523944603434e-06 2.524908990337158e-23)
(-3.227135351121114e-06 3.0710473513159e-06 1.29323401618727e-22)
(0.007831528536392615 0.006799314848828132 -1.329343485660404e-21)
(0.01043361855858694 0.006884213778978495 -2.178749515012142e-21)
(0.01732773699684261 0.007821247886435878 2.061332727233164e-19)
(0.02576298941321631 0.008946483348364034 8.374139599266354e-19)
(0.03529928506773063 0.00988972551208615 1.428496563481505e-18)
(0.04459775629324967 0.01034655471305938 1.282043940373801e-18)
(0.05314171945363418 0.01116417166344216 5.155413768162606e-19)
(0.05717362777576779 0.01513992590652691 9.536646691612097e-20)
(0.04681080970788464 0.01878037650374553 6.860932831734875e-20)
(0.06151973409538986 0.04028843772032965 6.719625988009349e-21)
(0.06332395301189692 0.04532454738605873 -1.339448470703859e-20)
(0.06704019089823363 0.0431391508084942 -7.820086291957179e-20)
(0.06928467987993199 0.03860169357550396 -2.088864001890796e-19)
(0.07077131551422659 0.03323849206575049 -1.156404495260916e-19)
(0.07171819395809316 0.02772228682256983 -4.477884833251764e-20)
(0.07230352946697662 0.02233645271664599 -4.102729966657193e-20)
(0.07265484585964425 0.01719567980106878 -9.422078318770175e-19)
(0.07286189418990359 0.01232130913534319 1.750531050310665e-18)
(0.07298633660651639 0.007678789523873679 2.940777338599024e-18)
(0.07306957723743451 0.003198591258141999 1.229918275914029e-18)
(0.07313869052144842 -0.001208957968326041 1.585339993041964e-19)
(0.0732104983146942 -0.005641327370697535 2.009272587152374e-20)
(0.07329442733511686 -0.01019244156611954 2.504786899181759e-21)
(0.07339447130524646 -0.0149420854302944 3.147053400692974e-22)
(0.07351095534292548 -0.01994377545713308 3.327839234565102e-23)
(0.07364466056047908 -0.02521143952402969 -2.158401439054232e-23)
(0.07380446207346998 -0.03070303451929841 -2.084714240951954e-23)
(0.07403518936936881 -0.03629640897488341 -1.204992594862204e-23)
(0.07442541391258208 -0.0417419822780813 -7.830671772129418e-24)
(0.07537411149170231 -0.04655365177128756 -4.359146335351303e-24)
(0.07648981244472627 -0.04971192225425337 9.849972603903845e-24)
(0.07864885883458651 -0.04992522567452023 2.502540033378806e-23)
(1.449614084828715e-07 4.119235244449265e-07 3.890972199017073e-22)
(4.352284011335285e-07 1.112940548555e-06 -6.541984114480103e-22)
(7.249792427621159e-07 1.763318683385348e-06 -2.64592560536487e-20)
(1.012135049192854e-06 2.403238060535908e-06 -1.821172926921565e-19)
(1.293420472434515e-06 3.061679298583045e-06 -3.267961740857066e-20)
(1.564289572209324e-06 3.759108044544112e-06 -6.451390668984514e-21)
(1.818563814155874e-06 4.508569377682662e-06 2.559852118690825e-21)
(2.048159289623312e-06 5.316424998595562e-06 1.882335710171506e-19)
(2.24306949874332e-06 6.182572815129506e-06 3.278022280530229e-18)
(2.391700069265604e-06 7.100425989252672e-06 1.568470687359625e-19)
(2.481554532911268e-06 8.056870508776817e-06 -1.792046160262512e-18)
(2.500232518735717e-06 9.032428600030864e-06 -2.914166296620201e-20)
(2.436645930670688e-06 1.000180968935586e-05 2.696008222917917e-20)
(2.28232862639231e-06 1.093500672248119e-05 7.28726467746109e-21)
(2.032661162065103e-06 1.17989690769215e-05 -9.949297728495198e-22)
(1.687818262902097e-06 1.255990293679444e-05 -1.135651112726786e-20)
(1.25325600773378e-06 1.318622803578307e-05 -2.506208016587286e-20)
(7.396386286339512e-07 1.365229562384079e-05 -6.681313890342024e-21)
(1.622186678370413e-07 1.394342640854279e-05 -2.486570733644508e-20)
(-4.606526693743621e-07 1.406262949639296e-05 -1.374133149471028e-20)
(-1.112043390363214e-06 1.404004331770001e-05 -5.312251250401521e-20)
(-1.789750757425282e-06 1.394500086299676e-05 -3.175202126575786e-19)
(-2.52965573544579e-06 1.389484213522307e-05 -3.653237393961603e-20)
(-3.40351962737663e-06 1.399999274919947e-05 1.195221223926785e-19)
(-4.30987937051746e-06 1.378245609010183e-05 8.27734296482865e-21)
(-5.140378305282982e-06 1.307021506022701e-05 -7.053011352071398e-21)
(-5.76816606774307e-06 1.189628590594384e-05 9.051353202493481e-22)
(-6.102990586881636e-06 1.036936516041328e-05 7.045733779480139e-22)
(-6.098849741096452e-06 8.622491527928615e-06 1.837015491589854e-22)
(-5.753934179386893e-06 6.790140580875507e-06 3.78399625011268e-23)
(-5.106717630171326e-06 4.995634348091242e-06 1.427996488582477e-23)
(-4.230781345702581e-06 3.344374897752342e-06 4.740352227070452e-23)
(-3.232656025700491e-06 1.924782263861696e-06 1.459687517899718e-22)
(-2.252720732992715e-06 8.18622644031472e-07 -3.612766996023752e-22)
(-1.471643345303314e-06 1.191637863679623e-07 -7.313693285934176e-21)
(-8.781337199760108e-07 -2.634970687372118e-07 -1.086423895671678e-19)
(-4.491512169951112e-07 -4.210097982529359e-07 1.666611232438279e-18)
(-1.662295000806266e-07 -4.292309943791477e-07 -1.079208368561652e-19)
(-9.708283650947114e-09 -3.505719276728457e-07 -6.547123602266373e-21)
(4.618354331430152e-08 -2.346202763753996e-07 -4.038379623560779e-22)
(0.02682585719060379 0.0205666066760376 2.730151275956202e-23)
(0.02472329770176688 0.03093000557471075 -3.564858800454885e-21)
(0.03767214444349359 0.03723890112479235 -4.21053320961082e-20)
(0.04639344120288141 0.03712754492862808 -5.054997677670512e-19)
(0.05298266435699402 0.03437708967700913 9.569713999977355e-19)
(0.05774251571305793 0.03031334150842354 1.877096221915968e-18)
(0.06117759000926696 0.02570648429597851 2.752626434595373e-18)
(0.06364135124980339 0.020953376173454 2.643834194145273e-18)
(0.06539138858747087 0.01625766379977379 2.126699578668455e-18)
(0.06660195300316932 0.01170332491282588 5.9101040165914e-19)
(0.06738946284154351 0.007299165282430147 2.137790325777083e-18)
(0.06782849091549566 0.003006062546483557 1.460957366910614e-18)
(0.06796268621432597 -0.001243448140223642 1.968118503543902e-19)
(0.06781093471952052 -0.005529165934936485 2.529003511571603e-20)
(0.06736967299717912 -0.009929042244378804 3.203457371267308e-21)
(0.06661126462898596 -0.01450570533513128 4.373063809119991e-22)
(0.06547711393707849 -0.01929131854372215 6.288878102740791e-23)
(0.06386337831558896 -0.02427015573270672 6.012479213397024e-24)
(0.06159103841438704 -0.02935527804853141 -1.936905503321058e-24)
(0.05835913730919247 -0.03434744504513586 -1.918130249769862e-24)
(0.05360647021391868 -0.03883922669532466 -1.307903937776026e-24)
(0.04648674262284875 -0.04190331694013015 -5.300505266143977e-25)
(0.03424853746009424 -0.04114378865451374 1.564036719542369e-24)
(0.01987380025398816 -0.02783556566874507 3.001691061076391e-24)
(2.153565470699621e-07 5.809614539746197e-07 9.832758841133798e-22)
(6.462542848141052e-07 1.558456335126399e-06 1.411590329843387e-20)
(1.075329024634482e-06 2.462242692299367e-06 1.821739978144859e-19)
(1.50072086014608e-06 3.351212241642625e-06 -5.637666392512394e-18)
(1.91834761414586e-06 4.266082876915999e-06 1.298363003408528e-19)
(2.321996653525124e-06 5.235354521323891e-06 1.276826722213336e-20)
(2.702821623033432e-06 6.277182510196471e-06 -2.739953496948775e-21)
(3.048922961749849e-06 7.400434799573153e-06 8.612098565955083e-22)
(3.345287479678493e-06 8.60503525388235e-06 1.400279432626241e-19)
(3.57426040136573e-06 9.88190489016735e-06 -4.568693500166548e-20)
(3.716591898043778e-06 1.121286730617092e-05 -2.6266942822484e-19)
(3.752991536249903e-06 1.25708385522675e-05 -2.116812918931513e-20)
(3.666043116793815e-06 1.392055666961508e-05 1.563545729065419e-19)
(3.442270157986461e-06 1.522003472389111e-05 2.233233387237515e-21)
(3.074094656459365e-06 1.642279617254053e-05 7.26020894484942e-21)
(2.561413692347622e-06 1.74809256133987e-05 9.960719706501493e-22)
(1.912564598102393e-06 1.834886022922082e-05 2.55056123821595e-20)
(1.144507225145364e-06 1.898787591857014e-05 9.038716121526814e-19)
(2.819781484055678e-07 1.937110210098979e-05 2.51969653916104e-20)
(-6.451914838403582e-07 1.948809280102881e-05 -2.722987914027632e-21)
(-1.608241092010128e-06 1.934767045436159e-05 -2.086864149305077e-20)
(-2.589918242071679e-06 1.897659225924553e-05 -8.472896961583906e-20)
(-3.592381271952123e-06 1.840888055445848e-05 4.051257164911281e-21)
(-4.621126946501714e-06 1.764593516209896e-05 -2.390828231761637e-18)
(-5.623265883971697e-06 1.656289924158866e-05 2.528512077801733e-20)
(-6.506365324358745e-06 1.512565934734186e-05 5.720039828206393e-21)
(-7.155280344120566e-06 1.33752283941746e-05 2.386092392791883e-20)
(-7.47523363590105e-06 1.139863219512603e-05 6.35886089660633e-21)
(-7.415209788958865e-06 9.305208249268991e-06 1.056727357763514e-21)
(-6.974957827264244e-06 7.209936099424746e-06 1.465474501311071e-22)
(-6.202729048703642e-06 5.221708931850422e-06 2.194721094941372e-23)
(-5.187840311077045e-06 3.436067029006368e-06 1.519558722989362e-23)
(-4.049561627238966e-06 1.93249923517453e-06 4.081230503926217e-23)
(-2.9212910825035e-06 7.739201650057426e-07 -9.357302104944914e-23)
(-1.926737406632089e-06 -6.999771498105573e-09 -2.489027444619061e-21)
(-1.119751802771025e-06 -4.511974832509431e-07 -2.261733273787693e-20)
(-5.193928410644061e-07 -6.29517329866686e-07 -9.97674212832855e-20)
(-1.250860436514956e-07 -6.204435660937986e-07 -8.860977436107797e-21)
(8.052027830607322e-08 -4.994607750233304e-07 8.596943218819105e-23)
(1.321066141774657e-07 -3.312658165329635e-07 6.836546412101911e-23)
(0.01100643651987017 0.01509797766191959 -1.806670257115218e-21)
(0.008834621726143219 0.02057086434577242 -9.0461821520545e-22)
(0.02223621565985555 0.02605942418681007 -1.071419304869241e-21)
(0.03151701508559269 0.0279915131161619 2.231928423141201e-20)
(0.03959489663608271 0.02738633872237081 6.274400647961701e-19)
(0.04591235704557935 0.02509388412900817 7.769233150693962e-19)
(0.05079709114972726 0.02184945468193873 7.156607745867736e-19)
(0.05450112678970601 0.01813413417320718 5.328814681942319e-19)
(0.0572513272976995 0.01424074838267395 4.15000338913878e-19)
(0.05921587154317505 0.01032596554235828 -3.422042658078836e-19)
(0.06051447069139801 0.006453490786661983 1.886084484948238e-18)
(0.06122597412740538 0.002625684361982313 1.188968772227019e-18)
(0.06139555815557694 -0.001191948643475971 1.658883470767996e-19)
(0.06103891219243714 -0.005050171703547129 2.247063275396158e-20)
(0.06014335184292375 -0.008997322014117869 3.008856704022243e-21)
(0.05866535558454455 -0.0130602219506513 3.966364516845057e-22)
(0.05652340524551114 -0.01722081492288461 5.215355604903962e-23)
(0.05358475731487259 -0.02138522669211328 7.810752492642011e-24)
(0.04964268851049026 -0.02533758879257981 8.288747228296713e-25)
(0.04439053726096099 -0.0286618996827953 -1.459594524484925e-25)
(0.03736905455843861 -0.03060979119712474 -1.908233169815833e-25)
(0.02808066280280614 -0.02984713531693897 -6.280836719457937e-26)
(0.0159013184586024 -0.02432443796333372 2.356942571630716e-25)
(0.00369536941404187 -0.01065837850175914 3.643292965605666e-25)
(2.776608206430222e-07 6.907784219434623e-07 5.145526451573132e-22)
(8.32810523925193e-07 1.846280319690429e-06 5.41362086166852e-20)
(1.383877211128589e-06 2.912575097211486e-06 1.829420487738796e-18)
(1.929678325644476e-06 3.960741258047466e-06 -2.63484780606626e-18)
(2.46622215211963e-06 5.038781054633474e-06 -9.869709605877826e-20)
(2.98657536091252e-06 6.179915299773728e-06 1.339860937562452e-21)
(3.480077273671769e-06 7.405304053744247e-06 -2.310944426995145e-21)
(3.931721261993083e-06 8.725333422790037e-06 -2.093311843448446e-20)
(4.322046353027824e-06 1.013998193151672e-05 -8.865819442765452e-20)
(4.627757158006101e-06 1.163871296572423e-05 -4.432590094971868e-20)
(4.823132569811185e-06 1.320032460999697e-05 -1.332384416412051e-19)
(4.882137219240201e-06 1.479314050116705e-05 1.376269066249802e-19)
(4.781029885469676e-06 1.637582511526074e-05 -5.295128741224089e-18)
(4.50118324961564e-06 1.789900626412207e-05 -1.53813753707155e-18)
(4.031775665983527e-06 1.930778480681988e-05 -9.50681068841006e-21)
(3.372002816752658e-06 2.054508013025601e-05 2.729815735997195e-21)
(2.532473952994441e-06 2.155565856434838e-05 -6.832601013224496e-21)
(1.535439359856214e-06 2.229055384837808e-05 -2.457794187384551e-20)
(4.133630316961734e-07 2.271126293197211e-05 -7.152498446247004e-21)
(-7.948046917036038e-07 2.279274577736412e-05 -1.426382867893384e-21)
(-2.049812130876716e-06 2.252443869146456e-05 -4.614969362009983e-21)
(-3.318646667035009e-06 2.190886334333276e-05 -1.543392655539881e-20)
(-4.575316481919382e-06 2.095705064233955e-05 -5.43112242973553e-21)
(-5.788148444019724e-06 1.967778854445289e-05 2.362950800551942e-20)
(-6.897388056065646e-06 1.806760473658207e-05 3.890831765529527e-21)
(-7.817845882321026e-06 1.616286974568618e-05 2.726066360035657e-20)
(-8.452887525678323e-06 1.403410554249619e-05 -3.206909242888653e-18)
(-8.720429246329708e-06 1.177169180542419e-05 2.435136502945614e-20)
(-8.576098421911836e-06 9.474982128298052e-06 3.378407398769937e-21)
(-8.024832056188194e-06 7.244028262347324e-06 3.892033900408638e-22)
(-7.121190766722421e-06 5.172698998835712e-06 4.358338336946751e-23)
(-5.961156431429516e-06 3.343373033627695e-06 -5.191848905308625e-25)
(-4.667796771060887e-06 1.822821705606183e-06 -1.519152202794733e-22)
(-3.37278227079726e-06 6.569797099478542e-07 -2.257808326803017e-21)
(-2.194524959482202e-06 -1.399773231602395e-07 -2.565242833963189e-20)
(-1.214003010302327e-06 -5.974211624640291e-07 -2.064396927073292e-19)
(-4.772838555437003e-07 -7.752400661611286e-07 -1.354406242915633e-20)
(-1.250576656119939e-10 -7.492179433157137e-07 6.029876264932757e-21)
(2.303645691877076e-07 -5.98674772321877e-07 2.286805275192467e-21)
(2.556703458116323e-07 -3.951426545464182e-07 3.305065390570654e-22)
(0.00568277697740447 0.009971995700472882 -1.435168257032507e-21)
(0.004931493475573417 0.01310771457344188 -3.804135753505564e-22)
(0.01464402412528985 0.01689712008491382 5.003958055218741e-21)
(0.02215248075525912 0.01941715847235659 6.346241829394073e-20)
(0.02963487277213436 0.0200479053028933 1.232517587025838e-19)
(0.03602441739425656 0.01911867390677223 1.089806876885459e-19)
(0.04131907476987603 0.01712948693583313 8.408631641553978e-20)
(0.04554861044686481 0.01450489157383096 5.516870813533347e-21)
(0.04881242765821614 0.01154661877630801 -3.46416828992956e-19)
(0.05120669575817 0.0084422718726118 1.194024088418297e-18)
(0.05281182478115481 0.005290224022476933 3.413715440012624e-18)
(0.05368510934887032 0.002125552941370216 8.935334216286785e-19)
(0.05385954786009112 -0.001056165679476199 1.237901789328631e-19)
(0.05334359769553471 -0.004276896616977377 1.693568983735356e-20)
(0.05212081908492332 -0.007555235747833663 2.288406218342664e-21)
(0.05014858707458987 -0.01088455220941178 2.919892108589937e-22)
(0.04735576971015692 -0.01420643080424173 4.576242185007289e-23)
(0.0436403846746315 -0.01737740329537104 7.101354995824915e-24)
(0.03886920451780475 -0.02012543211321122 1.067615572378284e-24)
(0.03289512310233976 -0.02199358868618199 1.24860005899042e-25)
(0.02560085374894654 -0.0222838923024325 -7.435894765659101e-27)
(0.0171049448725955 -0.02002479615384023 -4.451137891527803e-27)
(0.00805132294770503 -0.01426489312951513 3.483569992849107e-26)
(0.0009756483181905316 -0.004738508041707903 4.4814313302037e-26)
(3.2289619600963e-07 7.258285287063942e-07 1.358853127644381e-21)
(9.679382210147063e-07 1.93544495011343e-06 8.259964078497677e-20)
(1.605767563228697e-06 3.050271031691115e-06 2.250894656402538e-18)
(2.236231855561955e-06 4.145511032853724e-06 1.152457279411616e-18)
(2.856223312345477e-06 5.271055398973438e-06 1.246482919574519e-19)
(3.45919499162824e-06 6.461041843411255e-06 1.07085815018587e-20)
(4.033892578194482e-06 7.737130008087043e-06 -6.446731029447921e-21)
(4.563469584496467e-06 9.109961941903503e-06 -8.153154570585726e-20)
(5.025316638740591e-06 1.057951776284229e-05 -4.796752545612977e-19)
(5.391819462759141e-06 1.213495320967137e-05 -1.698067087438482e-19)
(5.63209164804743e-06 1.375440586882373e-05 5.650205890690859e-18)
(5.714562780707432e-06 1.540516064103391e-05 -5.780315463591285e-20)
(5.610166702943627e-06 1.704445332293553e-05 -6.436578785950013e-18)
(5.295779239480013e-06 1.862107989519714e-05 6.680437167116245e-21)
(4.757497011394045e-06 2.007784587450528e-05 8.648232879240744e-21)
(3.993323901277206e-06 2.135477259703183e-05 -3.900691762927536e-21)
(3.014817792417086e-06 2.239284162576342e-05 -5.447797992296584e-20)
(1.847240829746036e-06 2.313792747187914e-05 1.242065909847367e-18)
(5.27791748710163e-07 2.354440815462025e-05 -5.455112638190445e-20)
(-8.981404457906756e-07 2.357807773981048e-05 -5.237292125649062e-21)
(-2.381781932543918e-06 2.321835445011008e-05 -1.151639679063177e-21)
(-3.874374177100827e-06 2.246007181769174e-05 -2.40350457114262e-21)
(-5.326020539352279e-06 2.131445669338334e-05 -8.858388547076427e-22)
(-6.67899742518973e-06 1.980807827913975e-05 1.395658482690023e-21)
(-7.861166062260797e-06 1.798221702161568e-05 6.399973182971601e-21)
(-8.790141212020215e-06 1.590265974944251e-05 -3.307541129729158e-18)
(-9.384340557755042e-06 1.365479464132159e-05 2.963988871809916e-20)
(-9.579046593948329e-06 1.133227335284423e-05 7.63226939941107e-21)
(-9.343054662257124e-06 9.028605229531377e-06 1.257857077267599e-21)
(-8.689355516108832e-06 6.832231520960625e-06 1.734465185449716e-22)
(-7.676711365928266e-06 4.823140050363821e-06 2.0821753308615e-23)
(-6.402596346623095e-06 3.069780670577737e-06 -4.875992475904183e-23)
(-4.989819523583709e-06 1.625374884790852e-06 -8.829159277316748e-22)
(-3.56960537422962e-06 5.226797298406977e-07 -1.390822948353113e-20)
(-2.263350320708818e-06 -2.326081889186815e-07 -2.13302328791189e-19)
(-1.166446761102433e-06 -6.661578646018941e-07 3.390242833769692e-18)
(-3.418761860950886e-07 -8.300116942521786e-07 -2.239147628425178e-19)
(1.820305416521534e-07 -7.933521124926096e-07 -9.913931439877904e-21)
(4.129701290768797e-07 -6.318088820501683e-07 1.020630913168899e-21)
(3.960889321838294e-07 -4.161118492840028e-07 1.934488519340472e-22)
(0.003670503538651845 0.006243506204472186 -3.812717233216675e-22)
(0.003931952412994849 0.008240545284162433 -1.849627518429873e-21)
(0.01044373356315184 0.01044602238254996 -1.833213460414658e-20)
(0.01602832332979644 0.01256978025736 1.278949829306272e-18)
(0.02217489762632048 0.01355766347991576 3.637179224925002e-19)
(0.02784558756328798 0.01339839801536999 5.040629591931758e-20)
(0.03284108327216551 0.01232910262095081 -1.61004517588246e-20)
(0.03702195570814735 0.01064258935297657 -2.379229085952831e-19)
(0.04036096693176603 0.008584538135753635 2.262793415059595e-18)
(0.04286897778690279 0.006327745847178049 9.732543296857168e-19)
(0.04457205929266358 0.003975746320960575 5.071709226402315e-19)
(0.04549462778764451 0.001578166338005947 1.583049108492586e-19)
(0.04565118243257536 -0.0008507074719957519 3.241799656161046e-20)
(0.04504203204465302 -0.003312335414107259 5.638797976877705e-21)
(0.04365206094804189 -0.005804115912651008 9.012984430373006e-22)
(0.04145162852531158 -0.008298580747139975 1.323087852639818e-22)
(0.03840047447316152 -0.01071877346462285 2.303245844279566e-23)
(0.0344563647598472 -0.01291020262742072 2.457812788398888e-24)
(0.02959231571760372 -0.01461135406094766 5.407515032326334e-25)
(0.02383495458449995 -0.01543129703290088 9.381085360960647e-26)
(0.017332057158413 -0.01486405892950686 1.223437793915223e-26)
(0.01050725119138113 -0.01238823066083999 1.814201493427468e-27)
(0.004234139982224145 -0.007839100900370688 5.360116298504898e-27)
(0.0002733823314738817 -0.002052081908450391 5.629654545181683e-27)
(3.399560178576769e-07 6.793114577438846e-07 -5.628568643516387e-22)
(1.018493286868583e-06 1.808146704195728e-06 -5.125682958904049e-21)
(1.686490535333799e-06 2.847552088699459e-06 -3.501801513519709e-20)
(2.345047412644942e-06 3.868239643728443e-06 -1.102676851192615e-18)
(2.992508209661909e-06 4.916402525207385e-06 -1.065265471604076e-19)
(3.623706053899065e-06 6.023298181789555e-06 -5.512739244487238e-21)
(4.228175304222962e-06 7.208635091731025e-06 6.752046642261398e-22)
(4.788973692141139e-06 8.482056239060261e-06 1.561148736903888e-20)
(5.282433000337091e-06 9.843475289420065e-06 1.557737498977747e-18)
(5.679004683286065e-06 1.128289276229079e-05 6.33427050918309e-20)
(5.945199258354864e-06 1.27801830656013e-05 1.227112614095376e-19)
(6.046459730038763e-06 1.430522179467078e-05 7.612711213228191e-20)
(5.950672951179382e-06 1.581859458714462e-05 1.718930033324482e-18)
(5.631928971029307e-06 1.727300647653106e-05 2.949021533716627e-20)
(5.074080510462757e-06 1.861540041998974e-05 -1.615727988274075e-21)
(4.273625273405052e-06 1.978967893802091e-05 -3.08729041838523e-21)
(3.241439359958319e-06 2.073984620650123e-05 -2.791477523751891e-20)
(2.002958639625227e-06 2.141332864720544e-05 6.298832762174512e-19)
(5.966393898395282e-07 2.176431997710998e-05 -2.789967795142168e-20)
(-9.289423314438622e-07 2.175715459002119e-05 -2.90612250492855e-21)
(-2.51825988484675e-06 2.136984431630896e-05 -4.397511178621291e-22)
(-4.110714521444493e-06 2.059761852178437e-05 -1.156316069817531e-21)
(-5.640377844680355e-06 1.945543892172778e-05 1.474784366200557e-21)
(-7.034628475201081e-06 1.797822882626011e-05 1.020517412450897e-20)
(-8.215033969466781e-06 1.621941233777768e-05 3.92182183211278e-21)
(-9.103370950025794e-06 1.425007415137595e-05 -3.998552773560368e-19)
(-9.630899449193132e-06 1.215376504305516e-05 5.680070768095833e-21)
(-9.749203287839556e-06 1.001779120459443e-05 3.394022597914553e-21)
(-9.440836143809021e-06 7.925844806445058e-06 5.459910996795804e-22)
(-8.726626045208428e-06 5.953806124286303e-06 7.400656734149065e-23)
(-7.666888951389852e-06 4.167634327536694e-06 9.700437987123406e-24)
(-6.355926372091439e-06 2.621664404516173e-06 -1.394901535229243e-23)
(-4.911106434964054e-06 1.356098956486606e-06 -2.486332908654522e-22)
(-3.458686814491584e-06 3.933969606594468e-07 -3.144227641947775e-21)
(-2.118608546546226e-06 -2.655169431139102e-07 -3.310722265811913e-20)
(-9.909249344417295e-07 -6.431957606575084e-07 -2.61615450082701e-19)
(-1.46650541012032e-07 -7.832774040839388e-07 3.041216200327618e-18)
(3.779603496697689e-07 -7.445425648543776e-07 -4.91035039990386e-20)
(5.853779987460145e-07 -5.926769688685736e-07 -5.168291039201515e-21)
(5.202608413460829e-07 -3.905406895715266e-07 -5.045428777097575e-22)
(0.002665860316717901 0.003642009545080606 1.467278466686222e-21)
(0.0030962139187749 0.004757745466181853 3.406057186081142e-21)
(0.007501898986731361 0.005900778902000183 2.830840454245283e-20)
(0.01152674866733405 0.007380291896705604 2.861640804276241e-19)
(0.01623989352960786 0.008271660239946299 7.395419188372576e-20)
(0.02086478720644926 0.008440021441803197 1.353070296698824e-20)
(0.02515026648831732 0.007954552245697626 1.254900274865575e-21)
(0.02888116812602314 0.006985151235957412 2.161215263319314e-20)
(0.03194899032265647 0.00570046590121193 5.428650352896847e-19)
(0.03429986655760552 0.004231847754052955 1.143333423967472e-19)
(0.0359136841079061 0.002665015746310807 2.498905647598066e-20)
(0.03678493187363967 0.001046589227325927 1.66890963722312e-20)
(0.03691103771513105 -0.0006037053187496045 5.216112540378227e-21)
(0.0362857205099734 -0.00227823045306397 1.194517431031474e-21)
(0.03489756767051011 -0.003965519207530541 2.230872120789295e-22)
(0.03273294229416307 -0.005633764522168799 4.581085823926991e-23)
(0.02978452733190353 -0.007211712009282343 8.866760229014102e-24)
(0.02606684065345509 -0.008569040476235459 1.568178196599126e-24)
(0.02164099941243547 -0.009500709045111425 2.913859474643554e-25)
(0.01665373117806841 -0.009726863553588616 5.289452120232489e-26)
(0.01138833324110414 -0.008935903837989038 8.983449534181278e-27)
(0.006337306193807545 -0.0069082107478931 1.589638054457795e-27)
(0.002222292707490639 -0.003804680748218839 9.901705418111166e-28)
(4.70569272549334e-05 -0.0005831515925353192 7.447348784346129e-28)
(3.169791415007228e-07 5.542745225742642e-07 -8.64887798866176e-22)
(9.492150313519711e-07 1.47276750760302e-06 -1.686848755521249e-20)
(1.568453566654906e-06 2.31783494095833e-06 -2.500727821690526e-19)
(2.177149599156972e-06 3.147441216325413e-06 -3.550346416288327e-18)
(2.775346548381788e-06 3.998929507897583e-06 -2.504949087943173e-19)
(3.359936471948035e-06 4.897310621021977e-06 -1.591454012815207e-20)
(3.922558752813177e-06 5.858244026175213e-06 -9.402076401557342e-21)
(4.448239199758737e-06 6.889334065665045e-06 -1.617277127342706e-19)
(4.915075972315329e-06 7.990420792147474e-06 5.141973794147459e-18)
(5.295074208865394e-06 9.153418159588145e-06 -8.406009710390051e-20)
(5.556072792160197e-06 1.036212178086326e-05 4.133913119557131e-19)
(5.664572797796016e-06 1.159229683561202e-05 6.952775148447714e-20)
(5.589156541245532e-06 1.281222149379082e-05 -2.849894731588686e-21)
(5.304111966081618e-06 1.39837653919915e-05 -8.419624726190738e-21)
(4.792829111690752e-06 1.506398830493968e-05 -1.323972620170225e-21)
(4.0505281517925e-06 1.600717134411615e-05 -9.135485634340162e-22)
(3.085930401906453e-06 1.676717988735501e-05 -5.486016062458545e-21)
(1.921618466442336e-06 1.730008785319546e-05 -2.571566172074335e-20)
(5.931174974012528e-07 1.756712981523562e-05 -5.465117912672251e-21)
(-8.52892723373494e-07 1.75380649540301e-05 -6.496944029307164e-22)
(-2.360529808231735e-06 1.71948733303695e-05 1.069180149792156e-21)
(-3.866240374200735e-06 1.653519079998218e-05 5.573773465538628e-21)
(-5.300066897963047e-06 1.557435469476441e-05 9.668977225297084e-21)
(-6.587623936881934e-06 1.434520606374422e-05 -3.398078947740643e-19)
(-7.654096264649198e-06 1.289604029921891e-05 2.06006243465251e-20)
(-8.43064076570723e-06 1.128771023525929e-05 3.705097908629856e-20)
(-8.861988264495177e-06 9.58902059960574e-06 1.265537099773154e-20)
(-8.913972627812641e-06 7.870579780235314e-06 2.148035541307111e-21)
(-8.579958640986783e-06 6.199143223761506e-06 2.753951551376067e-22)
(-7.884877676106808e-06 4.633991854754912e-06 3.032321944956795e-23)
(-6.885448472338136e-06 3.225174832458607e-06 3.532485095371359e-24)
(-5.665945707489174e-06 2.012451628519407e-06 -3.483021095259406e-25)
(-4.329976966029958e-06 1.023887447575665e-06 -2.94980759412663e-23)
(-2.989529894099636e-06 2.738474069953391e-07 -2.350500547279992e-22)
(-1.752923557327667e-06 -2.390280824742484e-07 -7.442790966797191e-23)
(-7.134757336524009e-07 -5.32749299432967e-07 5.009844924124883e-20)
(5.960211219534217e-08 -6.406453992168111e-07 -1.983876108422211e-18)
(5.280225335267674e-07 -6.076429116059134e-07 6.408502127706344e-20)
(6.897423990622625e-07 -4.844916829755612e-07 2.685881871906038e-21)
(5.840863820094893e-07 -3.203118146162792e-07 7.380451590334096e-23)
(0.001865880440550098 0.001856609751498273 1.982844323269791e-21)
(0.002194351517334981 0.002276971886419795 1.542489317838391e-21)
(0.005058033083995155 0.002746739888825694 6.635656653549337e-21)
(0.007792273116515789 0.003628434581997062 3.391077163468917e-20)
(0.01113851698555037 0.004246408620565525 1.205396108098839e-20)
(0.01459445022934936 0.004473459769990685 2.583310393768456e-21)
(0.01793335516786843 0.004309350042459326 -2.001106263185669e-21)
(0.02093521959476681 0.003840087287716617 -3.409886597449413e-20)
(0.02346171133840434 0.003163553199939767 1.739458096342094e-18)
(0.02542824819054472 0.002361475923608692 -6.058804792376945e-19)
(0.0267895228484585 0.001489727036102396 -3.90620706448335e-19)
(0.02752248868199381 0.0005803713488300124 -3.524743370788106e-20)
(0.02761444284811514 -0.0003514542572728275 -2.540471234578303e-21)
(0.02705575219014017 -0.00129838928075792 -4.754174633244039e-23)
(0.02583855412157048 -0.002250338694277212 3.238457435101172e-23)
(0.02396079674019872 -0.003183921971929603 1.316292268442879e-23)
(0.02143666764620292 -0.004050260895665012 3.328980181389231e-24)
(0.0183142190935072 -0.004763394905604741 7.169294631016276e-25)
(0.01470011494115773 -0.005193301090534491 1.445162961130135e-25)
(0.01079045873053944 -0.005172699214634455 2.78908311753255e-26)
(0.006897708584315315 -0.00453641492197162 5.171003562487718e-27)
(0.003463717973504092 -0.003215609664652602 9.560390381329916e-28)
(0.0009883550167190556 -0.00142138450011657 2.722965935679499e-28)
(-4.882411692270561e-05 0.0001077284774268045 1.156191110183133e-28)
(2.427775478405282e-07 3.633796373165069e-07 -8.200558959819906e-22)
(7.269560756411209e-07 9.633748713429899e-07 -1.598780729308932e-20)
(1.197964266408565e-06 1.515040401567618e-06 -2.408717412078781e-19)
(1.659473112754911e-06 2.056553654190807e-06 3.171251611143041e-18)
(2.112967125113578e-06 2.61220665611695e-06 -2.405414553367013e-19)
(2.557540623522765e-06 3.198137912908028e-06 -1.518580951502116e-20)
(2.987965793486177e-06 3.824386926987232e-06 -4.195988088356347e-21)
(3.393446794226968e-06 4.495789981230906e-06 -1.279094650937058e-19)
(3.757312100514552e-06 5.212182839003801e-06 -2.449762282054711e-18)
(4.057693131118058e-06 5.968292032317241e-06 -7.746326653789284e-21)
(4.26910426228836e-06 6.753601489778308e-06 2.806092677470948e-18)
(4.364741462556908e-06 7.552402504807992e-06 8.430188063991215e-20)
(4.319229314324498e-06 8.344131523892444e-06 -4.24157660466636e-19)
(4.111500522421471e-06 9.1040396718253e-06 -3.671513187171746e-20)
(3.727466406361693e-06 9.804174855205161e-06 -2.316330338125766e-21)
(3.162158114234509e-06 1.041462596831823e-05 -7.01657821946801e-22)
(2.421096747242009e-06 1.090499218484161e-05 -3.08778617486633e-21)
(1.520792165305221e-06 1.124611796360028e-05 -1.046085633398597e-20)
(4.884582307661429e-07 1.141218518238942e-05 -3.015322888566364e-21)
(-6.388158560780791e-07 1.138320658981297e-05 1.683369706253114e-22)
(-1.815197092352864e-06 1.114771678136558e-05 6.160910209094802e-21)
(-2.987522955740429e-06 1.070507518486968e-05 3.492183218650705e-20)
(-4.097310682660369e-06 1.006662000418383e-05 1.299092689858238e-20)
(-5.083813848445577e-06 9.255275633937663e-06 1.0181174757013e-19)
(-5.888338440293919e-06 8.303926804256907e-06 4.25184572254955e-20)
(-6.459517926518839e-06 7.253071966419186e-06 1.920946925618259e-19)
(-6.758737092413085e-06 6.147713809619018e-06 3.617512928990194e-20)
(-6.76487398876182e-06 5.033665438628073e-06 4.476086082073727e-21)
(-6.477754598510806e-06 3.954053003439091e-06 4.417142705770828e-22)
(-5.919862461167651e-06 2.946840151126411e-06 3.539769013742774e-23)
(-5.135844279550213e-06 2.043532918334997e-06 2.461517760084462e-24)
(-4.189508084918739e-06 1.268519258709017e-06 3.461573984658648e-24)
(-3.15840453120309e-06 6.384105048727867e-07 2.845364936478707e-23)
(-2.126547515186698e-06 1.611340169787624e-07 2.813226225867495e-22)
(-1.17616639117718e-06 -1.650027912673217e-07 2.222853070323339e-21)
(-3.796112258407786e-07 -3.517033189564568e-07 -5.611409745100895e-21)
(2.077145326668736e-07 -4.199758059811407e-07 -8.016216708217731e-19)
(5.531367366510068e-07 -3.980809912329584e-07 -4.667645290340928e-21)
(6.516829353696643e-07 -3.181359544753449e-07 2.447204052001137e-21)
(5.316602250786135e-07 -2.114096971827161e-07 3.157925500328739e-22)
(0.001205511487188134 0.00077832417550107 8.060153428049654e-22)
(0.001374021636584508 0.0006713202742687281 4.805963962887319e-22)
(0.002891698877621413 0.0007693519927979494 1.439051362598696e-21)
(0.00444072332069513 0.00118015278816827 4.071244645993321e-21)
(0.006465215537541255 0.001490123649093131 2.4658358076853e-21)
(0.008670622863145709 0.001637984623484509 9.6556744656492e-22)
(0.01088276656968312 0.001614804009238736 3.074022600344358e-21)
(0.01292306871310292 0.001457486585306609 3.173694929193878e-20)
(0.01466937327038312 0.001208897893776115 3.183433983641864e-19)
(0.01604286427384409 0.0009053687976541636 1.54522507399502e-19)
(0.01699861949336386 0.000571693421464049 1.462870203919647e-19)
(0.01751243481446673 0.0002219512992500778 3.693276470465805e-20)
(0.01757086652099098 -0.0001373918542865278 6.059724350267274e-21)
(0.01716501077289537 -0.0005035333201972762 8.964722889881692e-22)
(0.01628926464845395 -0.0008724299839734485 1.540271131327883e-22)
(0.01494521107878348 -0.001234179695670684 2.573626937617554e-23)
(0.0131508214260676 -0.001567422000648222 4.275500514395929e-24)
(0.01095585304614789 -0.001834119513217045 7.134255340392427e-25)
(0.008462097559658828 -0.001976650364276201 1.201866413361567e-25)
(0.005845374972569901 -0.001921796598351251 2.045130602821393e-26)
(0.003367579239894799 -0.001600867956819427 3.503808820828331e-27)
(0.00136464027872876 -0.0009965863737523965 6.071721995516331e-28)
(0.0001482857843462609 -0.0002341417530377975 1.189624485088689e-28)
(-0.0001134588696888101 0.0002884167932706778 2.684275709758482e-29)
(1.072964877680432e-07 1.258555150305385e-07 -1.011015726259687e-22)
(3.214970434788165e-07 3.340634975744679e-07 -2.165648129426379e-21)
(5.271353537370654e-07 5.255673231784519e-07 -2.574499519394594e-20)
(7.278273514356882e-07 7.134727475486863e-07 -6.176037438097277e-18)
(9.252323592053718e-07 9.061984459528478e-07 -2.559728657920542e-20)
(1.119879823123482e-06 1.109322618312821e-06 -1.018872197015514e-21)
(1.310169866857531e-06 1.326301343311802e-06 6.996957066628889e-21)
(1.491710465511458e-06 1.558790518055883e-06 3.003405677756473e-20)
(1.657144532314896e-06 1.806721484333028e-06 2.458513605916004e-20)
(1.796476919004811e-06 2.068265096876886e-06 1.174981458983557e-19)
(1.89784132461181e-06 2.339785825606158e-06 -3.526562714277366e-18)
(1.948604556395277e-06 2.615858588270333e-06 8.445368392112236e-20)
(1.936670287746439e-06 2.88938328575492e-06 -3.357483397920851e-20)
(1.851828374834635e-06 3.151810630518071e-06 -4.209936676857558e-21)
(1.686991709843461e-06 3.393471718366977e-06 -3.738365613412812e-22)
(1.439186825635472e-06 3.603995850716857e-06 -1.954996896976526e-22)
(1.110218422366478e-06 3.772808156442243e-06 -7.852912766559117e-22)
(7.070062821778675e-07 3.889742955305543e-06 -2.285596296961061e-21)
(2.416457306211005e-07 3.945800561300672e-06 -7.090430426763637e-22)
(-2.687519225213087e-07 3.934058076417e-06 8.636844026776066e-22)
(-8.024623433144549e-07 3.850633099316094e-06 1.479646300345511e-20)
(-1.333922855258204e-06 3.695471307684243e-06 -4.825783225370367e-19)
(-1.835037451741739e-06 3.472703859262673e-06 1.560386957419059e-20)
(-2.277068631709872e-06 3.190470674739067e-06 -1.793206124938465e-19)
(-2.632986264696456e-06 2.860322795824558e-06 7.908388966878226e-21)
(-2.879992913527342e-06 2.496362821080062e-06 3.138205860873131e-20)
(-3.001861069842036e-06 2.11415931899341e-06 7.165832079109574e-21)
(-2.99074651031149e-06 1.72951443148089e-06 9.981078008847935e-22)
(-2.848271961379371e-06 1.357291763173728e-06 1.027429778560443e-22)
(-2.585818817388286e-06 1.010541518050631e-06 7.424252262676644e-24)
(-2.224043058294232e-06 7.000205272810503e-07 4.356583282243516e-25)
(-1.791568711808099e-06 4.339544971868699e-07 2.848349497796646e-24)
(-1.322844088988591e-06 2.178458585581108e-07 2.50460313000279e-23)
(-8.552568829208775e-07 5.422170373759957e-08 1.735655746358676e-22)
(-4.257764739494518e-07 -5.762737044197677e-08 2.358156607685237e-22)
(-6.753126027825296e-08 -1.21750012765931e-07 -1.940379759559651e-20)
(1.933103665257771e-07 -1.453068748916608e-07 2.630029722703513e-18)
(3.401767328043218e-07 -1.379129790756161e-07 -1.936003020531412e-20)
(3.684528202653817e-07 -1.105222338386496e-07 2.566734180804685e-22)
(2.885638111056396e-07 -7.383039829083086e-08 1.744104883647602e-22)
(0.0006640206259784558 0.0002061871894679252 3.432034084010658e-22)
(0.0005494155313455276 2.599551493203919e-05 1.154372248648196e-22)
(0.0009234037805744359 -2.981397445151338e-05 2.251347970176852e-22)
(0.001356909927972157 3.983474910774473e-05 4.983234524873379e-22)
(0.002053661074386927 8.321695630255495e-05 3.483851083058254e-22)
(0.002875047290899557 0.0001091613744469086 3.445718788076397e-22)
(0.003734003134504196 0.0001143458133544234 1.825712117384974e-21)
(0.004542661615439309 0.0001054948460624305 1.758873979437678e-20)
(0.00524180355855524 8.787307776117925e-05 1.627738335231586e-19)
(0.005794094039332497 6.56739487265768e-05 1.346505196860842e-18)
(0.006178991157724918 4.140027984836951e-05 2.110822167388097e-18)
(0.006385902344012152 1.622578820342929e-05 2.230477619657602e-19)
(0.006409049385126991 -9.572002295964809e-06 2.221007698897001e-20)
(0.006244318847685017 -3.615730839989981e-05 2.309346534531092e-21)
(0.005888491764927992 -6.36170203316617e-05 2.765674004631883e-22)
(0.005341134529756977 -9.147265663847167e-05 3.410673830871085e-23)
(0.004609103289782118 -0.0001180058089351052 4.347301025627089e-24)
(0.003714315460629768 -0.0001395457444592634 5.744537072386341e-25)
(0.002704151857121999 -0.0001498801437533951 7.893594619484245e-26)
(0.001662755279387165 -0.0001402494085769233 1.129908603679103e-26)
(0.0007168612584162053 -0.0001014332326098137 1.683052976387734e-27)
(2.853809583684881e-05 -2.835013275978838e-05 2.604939884310398e-28)
(-0.0002639804947164706 6.526630013101934e-05 4.309684404162573e-29)
(-0.0001341919473200847 0.0001263866299733156 7.008001553971495e-30)
)
;

boundaryField
{
    inletLower
    {
        type            fixedValue;
        value           uniform (0.1 0 0);
    }
    inletUpper
    {
        type            fixedValue;
        value           uniform (0.1 0 0);
    }
    outletLower
    {
        type            zeroGradient;
    }
    outletUpper
    {
        type            zeroGradient;
    }
    sideWalls
    {
        type            fixedValue;
        value           uniform (0 0 0);
    }
    topBottomWalls
    {
        type            fixedValue;
        value           uniform (0 0 0);
    }
    frontAndBack
    {
        type            symmetry;
    }
}


// ************************************************************************* //
