/*--------------------------------*- C++ -*----------------------------------*\
| =========                 |                                                 |
| \\      /  F ield         | OpenFOAM: The Open Source CFD Toolbox           |
|  \\    /   O peration     | Version:  2506                                  |
|   \\  /    A nd           | Website:  www.openfoam.com                      |
|    \\/     M anipulation  |                                                 |
\*---------------------------------------------------------------------------*/
FoamFile
{
    version     2.0;
    format      ascii;
    arch        "LSB;label=32;scalar=64";
    class       volVectorField;
    location    "5000";
    object      U;
}
// * * * * * * * * * * * * * * * * * * * * * * * * * * * * * * * * * * * * * //

dimensions      [0 1 -1 0 0 0 0];

internalField   nonuniform List<vector> 
4096
(
(-1.266852795643548e-08 -1.619586955807809e-07 5.726296744546382e-22)
(-3.725940238296938e-08 -3.854968209004094e-07 6.37948226515911e-20)
(-5.662839619620386e-08 -5.477850706602752e-07 7.735706536603229e-19)
(-6.470558234659626e-08 -6.67284527176463e-07 1.611382716138407e-19)
(-5.350447065434472e-08 -7.575245616800019e-07 -5.307712256306198e-18)
(-1.531829591991385e-08 -8.29636203333818e-07 4.702429615388946e-19)
(5.551554333946274e-08 -8.931797503666837e-07 4.181386241356474e-18)
(1.61277481454088e-07 -9.564817042084588e-07 -5.161061641200503e-20)
(3.00041742916585e-07 -1.026620313559226e-06 -5.945504137501916e-18)
(4.653856720204731e-07 -1.109205695726977e-06 -6.977439874992215e-20)
(6.466163155389483e-07 -1.208076892098014e-06 4.97158571119109e-18)
(8.294729839063153e-07 -1.325010465779304e-06 -9.499092093786781e-20)
(9.97240873893291e-07 -1.459511484844998e-06 -1.060090294941944e-20)
(1.132180427647692e-06 -1.608735510666697e-06 -1.165928563463247e-21)
(1.217154793878208e-06 -1.767575087383163e-06 -1.797997504131308e-22)
(1.237315497528996e-06 -1.928925859433526e-06 -1.453108564460202e-21)
(1.181697054359384e-06 -2.084130411154819e-06 -3.090387311910323e-20)
(1.044573860013286e-06 -2.223581761147809e-06 -3.842262938001557e-19)
(8.264460428391608e-07 -2.337447107485246e-06 -3.204046010222288e-20)
(5.345485271112706e-07 -2.41646064939394e-06 -6.227687406213386e-21)
(1.828132216328757e-07 -2.452721887478623e-06 -4.059768344790946e-20)
(-2.087424999294013e-07 -2.440430107221577e-06 1.161550735903731e-18)
(-6.151802955760288e-07 -2.376482859367079e-06 -3.828545148572377e-20)
(-1.008288877142952e-06 -2.260880083226912e-06 -7.432971749579917e-19)
(-1.358601484145825e-06 -2.096886793385294e-06 1.830158519226677e-21)
(-1.637631331239536e-06 -1.890926662175864e-06 1.848106437328573e-21)
(-1.820152411567666e-06 -1.652203873117922e-06 6.290185924352352e-22)
(-1.886358015813598e-06 -1.392067818767654e-06 1.465764220834127e-22)
(-1.823775259474428e-06 -1.123131041899346e-06 3.310284248948517e-23)
(-1.628964496566861e-06 -8.581489408076556e-07 9.354358695554185e-24)
(-1.309398037205312e-06 -6.086199931283208e-07 -1.631101669479433e-24)
(-8.86861884796461e-07 -3.829039583919157e-07 -4.503926273222797e-23)
(0.002643674518673423 -0.001730224732651461 2.049503226004989e-20)
(0.0009723128542381687 -0.0004962489033733192 1.167878992384301e-20)
(0.007906387270279248 -0.0001165160634712954 8.186118172253459e-20)
(0.01098802655859311 -0.0006334236334550116 8.091217764787207e-19)
(0.01574463414928422 -0.0007008441581131811 9.455856390005327e-18)
(0.02037887766371308 -0.0006888311827040151 1.263271755465642e-18)
(0.02449655896672313 -0.0005538795076620456 1.376094758197605e-19)
(0.02753843037181735 -0.000327643210829037 3.128455876586511e-21)
(0.02928135900905108 -0.0001111128628432853 1.124587004266617e-20)
(0.02999162863726662 1.395614178754723e-05 3.072724096715829e-20)
(0.03013738130558314 5.090845560199228e-05 1.167579222696554e-19)
(0.03007981382325373 3.378691548056253e-05 8.965443546830597e-19)
(0.03000138709539879 -1.329940101917083e-06 -2.700253798507891e-20)
(0.02990515163935378 -1.909672424293526e-05 7.366616646721341e-18)
(0.02961922055018641 1.472161532188338e-05 9.408321432177359e-19)
(0.02880106510166406 0.0001320292493530983 4.331574628472738e-18)
(0.02701015127322043 0.000334185843908144 8.078426329983172e-19)
(0.02398902621124832 0.0005473981998557408 4.332706912830018e-19)
(0.01994013368348785 0.0006738836901471726 4.928850861090395e-18)
(0.01540276755196565 0.0006820318759687618 8.084939775189947e-19)
(0.01075793645684165 0.0006171447390226067 1.021943553092056e-19)
(0.007703258264017508 0.0001323006707250208 1.843883445874129e-20)
(0.001119979396514513 0.0005074800558475311 7.811233465509072e-21)
(0.002324446536407748 0.001426131877185492 3.003149597152128e-20)
(-1.213608677771288e-07 3.763819209675733e-08 -9.27440741771561e-22)
(-1.738794630440701e-07 5.842850805406422e-08 -2.075491304793372e-21)
(-2.049497670958758e-07 7.846902770574082e-08 -1.891457631793154e-21)
(-2.113966909899137e-07 9.454302560328674e-08 9.907060631901031e-22)
(-1.93634535583043e-07 1.028027436305538e-07 9.568384034073146e-21)
(-1.548545055413434e-07 9.904137713472386e-08 1.793911184122105e-21)
(-1.000745026702031e-07 7.879032184088426e-08 -5.562377379357889e-21)
(-3.417677719113167e-08 3.68835577210444e-08 -7.635707993349942e-22)
(-2.765739103672638e-08 -4.708596579315106e-07 -4.815878492512855e-20)
(-7.897519261213654e-08 -1.116696131774953e-06 7.493793697415811e-20)
(-1.145749760709386e-07 -1.584183657791019e-06 -6.232934255480335e-18)
(-1.211586498624066e-07 -1.927833245104842e-06 2.218574724162091e-19)
(-8.291611032669455e-08 -2.186873393194406e-06 8.416169594608383e-19)
(1.481974471698871e-08 -2.393572714740706e-06 -5.470004554052327e-18)
(1.82335383458682e-07 -2.575659264563292e-06 -3.628518071369313e-18)
(4.229589922696321e-07 -2.757276438551345e-06 7.792373347780338e-20)
(7.313983588286884e-07 -2.958936016867917e-06 4.472644806460998e-18)
(1.093110939150686e-06 -3.196887044756565e-06 -6.537584595339991e-21)
(1.484735254334794e-06 -3.482246752010282e-06 8.577600081790081e-19)
(1.875537319175839e-06 -3.820161617429157e-06 7.412789551695993e-20)
(2.229751954374495e-06 -4.209201704400388e-06 -4.830546653522378e-20)
(2.509616851648251e-06 -4.641130704913904e-06 -8.094241587104391e-21)
(2.678841447319689e-06 -5.101150774122439e-06 -1.161583894179365e-21)
(2.706203973028894e-06 -5.568669243614585e-06 -2.47316801348443e-21)
(2.568950693931666e-06 -6.018581396534861e-06 -3.915010593549819e-20)
(2.255679454663592e-06 -6.423016344610699e-06 -2.601715198424021e-19)
(1.768422618721784e-06 -6.753435600550064e-06 -4.721075432959106e-20)
(1.123702924873699e-06 -6.982933991323188e-06 -1.458663977372358e-20)
(3.524137868783639e-07 -7.088558850664459e-06 -5.07980269884605e-20)
(-5.01532391278172e-07 -7.053445596073415e-06 -3.415393049122157e-19)
(-1.383745289999187e-06 -6.86856893172892e-06 -3.931834613989303e-20)
(-2.232946609870799e-06 -6.533923947768094e-06 -8.012088472964986e-19)
(-2.985376586567973e-06 -6.059008504584289e-06 1.019028368072061e-20)
(-3.579715028603466e-06 -5.462518917208597e-06 2.185160141446664e-20)
(-3.962173873154956e-06 -4.771244975262934e-06 5.289838884797741e-21)
(-4.091423433966179e-06 -4.018202659889902e-06 1.177461373618654e-21)
(-3.943115605228257e-06 -3.240059846481777e-06 2.314781243985412e-22)
(-3.513988665646006e-06 -2.473833364899131e-06 5.130334728268295e-23)
(-2.826065112549077e-06 -1.752749972080037e-06 -3.970307265081073e-24)
(-1.932406131910716e-06 -1.100791027596696e-06 -1.128234866444757e-22)
(0.00487214779323303 -0.005691398971352422 -9.228741960515686e-21)
(0.004349021898904826 -0.005983463449117976 4.728038458121835e-22)
(0.01868865259655848 -0.006968021038873892 2.273250200888219e-20)
(0.02784222974643814 -0.008420560649815901 3.12489667309807e-19)
(0.03939971877338275 -0.008926330550297226 9.142516009803335e-18)
(0.05055053037208242 -0.00841069047933353 1.694715818225658e-18)
(0.06042247138227256 -0.006890989754340841 1.521158449261861e-19)
(0.06781989693137572 -0.004628647154099962 -1.092589236776086e-19)
(0.07223012671706246 -0.002409495183861033 8.632624272912444e-20)
(0.07425385702532941 -0.0008961194515734398 2.104238862718272e-19)
(0.07492200741211646 -0.0001452374730355866 4.538426721786281e-19)
(0.07499402145135178 0.000105308885331531 1.00647147576515e-17)
(0.07484256067247291 0.0001832577359825666 -6.199120866173995e-18)
(0.074473776944911 0.0004182180140404685 -9.021414647257734e-19)
(0.07353803580038597 0.001125660460275356 1.606758533292154e-19)
(0.07131405289605285 0.002555354443712851 6.056595504637909e-19)
(0.06682984801164188 0.004651959868746215 3.113241916385648e-19)
(0.05949747590761888 0.006806735242997177 6.455419025260524e-19)
(0.04977544312611086 0.008256750335821864 6.357601468532828e-18)
(0.03882071888035346 0.008733989355249777 1.8570583027469e-18)
(0.02748444598158751 0.008226852674159044 2.175315230471485e-19)
(0.01850413253987714 0.006810657646142673 5.542665914863386e-20)
(0.004641791212408266 0.005974542020550829 9.390148711334953e-20)
(0.004971137820669051 0.005632216398696741 3.330152540954494e-19)
(-2.562156572148699e-07 1.076158421915371e-07 -3.350542781948477e-21)
(-3.636575491442265e-07 1.676707238554981e-07 -9.968031103833344e-21)
(-4.289044498399092e-07 2.258024648869308e-07 -7.925176707787056e-21)
(-4.440072144543464e-07 2.726966866115586e-07 5.362817136301953e-21)
(-4.085271188713113e-07 2.971474131049576e-07 7.891180250029439e-20)
(-3.280669430361441e-07 2.868945251418425e-07 9.289929215022307e-21)
(-2.124919196703394e-07 2.289048553118928e-07 -8.925025822339515e-20)
(-7.301069391185862e-08 1.077751446742006e-07 -1.050019750872486e-20)
(-3.551199561296165e-08 -7.232595200127928e-07 -7.321830657743091e-19)
(-9.968041436714259e-08 -1.71569356582251e-06 -3.455589974013665e-20)
(-1.399189207464818e-07 -2.432740758524961e-06 7.66881099693615e-20)
(-1.389553715334078e-07 -2.958324457290632e-06 -6.194497981942084e-20)
(-7.798166536988893e-08 -3.353216094681638e-06 4.55177996643697e-18)
(5.969303136206874e-08 -3.66750073917425e-06 -6.101895278100517e-18)
(2.851808108231702e-07 -3.944193233868009e-06 -2.208024516883186e-18)
(6.011133747668533e-07 -4.220667230179402e-06 -6.292570839621994e-20)
(9.996810724828705e-07 -4.528595272718875e-06 -8.696827395266009e-20)
(1.461836833512389e-06 -4.893017491073431e-06 6.478521772645564e-20)
(1.957776635602313e-06 -5.331043941703378e-06 7.267039778247311e-20)
(2.448689955963836e-06 -5.850586954414387e-06 -1.526555426735532e-19)
(2.889651165379273e-06 -6.44943280559199e-06 6.233462168611235e-18)
(3.233402378973512e-06 -7.114879818030618e-06 -5.126375424514097e-20)
(3.434696263207755e-06 -7.824102423850893e-06 -7.870496159581329e-21)
(3.454805445130688e-06 -8.545319917442249e-06 1.093013096135132e-20)
(3.265783380060165e-06 -9.23976702584331e-06 -6.603899930571142e-21)
(2.854071583541229e-06 -9.864379681888522e-06 -5.07514187705242e-20)
(2.22309572427094e-06 -1.037503408856159e-05 -6.199926001911165e-20)
(1.394565788298639e-06 -1.073010373875091e-05 -2.889186021020473e-20)
(4.082948492495353e-07 -1.089405174401837e-05 -2.707450842503143e-20)
(-6.795344149540875e-07 -1.084074718529456e-05 -5.060358993966848e-20)
(-1.799604607824988e-06 -1.055619845918669e-05 -8.212650161827701e-21)
(-2.874035833039593e-06 -1.004041227708813e-05 7.595408762535351e-21)
(-3.822014445516728e-06 -9.308166219327337e-06 -1.827620162694538e-21)
(-4.56612348027235e-06 -8.388554497053974e-06 -5.205662313870313e-19)
(-5.038969751545953e-06 -7.323259974348524e-06 2.053852108078006e-20)
(-5.189676956886903e-06 -6.163601868319941e-06 5.392615158823736e-21)
(-4.989889066179349e-06 -4.966439799282841e-06 9.989518800238567e-22)
(-4.439087745076141e-06 -3.788943653362711e-06 1.843285439403731e-22)
(-3.569330707271605e-06 -2.682047411183268e-06 1.126616078761164e-23)
(-2.450160270639837e-06 -1.682155185108716e-06 -2.349586347932417e-22)
(0.006877118457340164 -0.01169914850545857 -4.754415397673383e-20)
(0.007036157169154996 -0.01575463977631194 -2.691255705775569e-20)
(0.02610245377639178 -0.01920799644020487 -2.341226504913974e-19)
(0.03958876982329386 -0.02205902470289942 -1.756401612013002e-18)
(0.05591571521133645 -0.02293204314875189 -9.927064259565269e-18)
(0.07163563513412219 -0.02144688842448834 -1.797410393456997e-18)
(0.08558481139949921 -0.01761523938619291 -2.960939885229265e-19)
(0.09595782327153465 -0.01195175195334261 -1.252824426214218e-18)
(0.1018899400476529 -0.006398917948510314 6.180142341554867e-19)
(0.1044466765705498 -0.002610008919334695 1.467046019368016e-18)
(0.1052766598532154 -0.0006652373453429952 1.370235473310591e-18)
(0.1053986534009421 0.0001164353228401424 2.364276985219205e-18)
(0.1052421147434848 0.0005055979514846291 1.950463613631471e-19)
(0.1048090670884031 0.001252792650507461 -9.653302409606399e-20)
(0.1036894774697556 0.003099561496851263 6.216599922857882e-19)
(0.1009104207835407 0.006695772778106266 9.053326722570434e-19)
(0.09492231702557982 0.01196588691260896 -2.489610847196925e-18)
(0.08467474958433693 0.01739694974111295 1.057633940536582e-18)
(0.07092280508564018 0.02109534429195095 -2.764167450658395e-18)
(0.05541417429370508 0.02251140143080326 -6.122221201997017e-19)
(0.03928792459853628 0.02162535581779671 1.34134917349454e-19)
(0.02596881785976461 0.01879880428982901 3.75454207809082e-19)
(0.007247753742627499 0.01555450548129872 4.510949407955122e-19)
(0.006962844038309679 0.01156257659578252 1.123848632249475e-18)
(-3.174764932768054e-07 1.626764761181263e-07 -1.42292887378657e-21)
(-4.489175684675023e-07 2.544260793213354e-07 -3.547713261254568e-20)
(-5.300200957895039e-07 3.438670313042624e-07 -1.116655605551801e-19)
(-5.50309374026546e-07 4.165801462605034e-07 -1.327839184905678e-19)
(-5.081730671196386e-07 4.551228947940675e-07 -6.311887150539676e-18)
(-4.094950169558544e-07 4.403937705092439e-07 -1.280057253274281e-20)
(-2.65849688153982e-07 3.520530675637026e-07 -9.515534487956965e-19)
(-9.163674357992374e-08 1.660548397891884e-07 -8.367800865180498e-20)
(-3.778948744952246e-08 -8.959705263299807e-07 -2.996697916669372e-20)
(-1.045531946757342e-07 -2.122472648183847e-06 2.13063100492184e-19)
(-1.422909650444434e-07 -3.005688188300118e-06 4.666786045383927e-20)
(-1.325445302883914e-07 -3.650321919983083e-06 2.714655401662888e-21)
(-5.681779227054845e-08 -4.132463538291742e-06 -8.1569172254642e-20)
(1.004339421828079e-07 -4.514894049535744e-06 1.119645558096353e-19)
(3.488856561088393e-07 -4.851438561655251e-06 -5.553408001289325e-20)
(6.897103714799619e-07 -5.188698974018142e-06 -1.020311039678969e-19)
(1.113670271175003e-06 -5.566024508985587e-06 1.528332346227507e-19)
(1.600270995424436e-06 -6.01444002555694e-06 -5.839198524987978e-18)
(2.118188398705445e-06 -6.555108564143021e-06 -2.165823289031385e-19)
(2.627013651870487e-06 -7.197797051989099e-06 5.41196138401779e-18)
(3.080199923290519e-06 -7.939728911454409e-06 -1.838668772955863e-20)
(3.428954327014747e-06 -8.765120292018305e-06 1.488814516814565e-20)
(3.626723026640792e-06 -9.645609026652426e-06 -4.780779150576851e-20)
(3.633854385539162e-06 -1.054168306490388e-05 -6.486782211713673e-18)
(3.422004120181513e-06 -1.140511276222634e-05 1.046786517853473e-20)
(2.977859991316369e-06 -1.218227894005022e-05 -5.316070197522247e-20)
(2.305812479615026e-06 -1.281819855559227e-05 3.032876120067453e-18)
(1.429278095997459e-06 -1.326095646145145e-05 3.232157321986351e-18)
(3.904833110099891e-07 -1.34661929545388e-05 -5.347412525122664e-20)
(-7.513644390052393e-07 -1.340126150439465e-05 -5.224176600405887e-20)
(-1.923470766905305e-06 -1.304867074641966e-05 -6.253859800790934e-21)
(-3.044252247426946e-06 -1.240846094601941e-05 -1.784345498720953e-20)
(-4.029260262819771e-06 -1.149921303528895e-05 1.021153127450984e-18)
(-4.797890096140526e-06 -1.035751169033063e-05 -3.402723797884987e-21)
(-5.280468924515297e-06 -9.035769000258556e-06 -4.013340763920439e-19)
(-5.425273518866827e-06 -7.598444747481184e-06 1.450668584746035e-21)
(-5.20502719286565e-06 -6.116748972942281e-06 2.250253436830268e-21)
(-4.622448854146909e-06 -4.661910536357238e-06 4.032800494244036e-22)
(-3.714575433124909e-06 -3.296898608541599e-06 4.665220770991289e-23)
(-2.555874085242993e-06 -2.066228272387433e-06 -3.024313257694746e-22)
(0.008395509410991858 -0.01976985316330658 -6.000197501666858e-20)
(0.008873594461383453 -0.02783656856476329 -6.517527911207156e-20)
(0.03041784426177519 -0.03475615536270033 -4.136222125128243e-19)
(0.04649989155889332 -0.03941793039962159 -9.544655764167981e-18)
(0.06580754795966087 -0.04076736604880046 -9.554215019633304e-18)
(0.08455104029951678 -0.03808546869219596 -1.693403870781529e-18)
(0.1013686022665275 -0.03127044335861345 1.373846126763358e-19)
(0.1135717710914385 -0.02089691181669919 -1.025422804715439e-17)
(0.1196775558476938 -0.01080780949157599 5.650645886864666e-18)
(0.1216144487011066 -0.004256389526819913 1.071262246110056e-17)
(0.1219899140819578 -0.001093670019790119 1.08717767152746e-17)
(0.121967530311799 0.0001404166535718216 1.192006593010293e-17)
(0.1218611343064828 0.000765287764963806 2.69214303016599e-18)
(0.1216596102574166 0.001960916068411182 -1.092536094802516e-18)
(0.1210448330559198 0.004990132525213253 4.186222453529946e-18)
(0.1188940159914563 0.01123744551168204 7.915613540133691e-18)
(0.1127782461877124 0.02084195582248123 3.351321575049694e-18)
(0.1007975024538656 0.03085730878662892 5.358201527677672e-18)
(0.08422237123037805 0.03752262203517891 3.769055941946174e-18)
(0.06565751084848211 0.04015696228454108 -4.193285297127306e-18)
(0.04644359620332907 0.03882277578067345 4.768339426022899e-18)
(0.03044109522291308 0.0341911891790468 6.19788397025547e-18)
(0.009001092911888007 0.0275795761391554 5.954754077882329e-18)
(0.008430949672606236 0.01959592008269985 2.659088351921371e-18)
(-3.246090040879418e-07 1.97155032944556e-07 4.105376827984039e-20)
(-4.574657013296443e-07 3.095253992731195e-07 -1.67263366672932e-19)
(-5.406120230967986e-07 4.20128233028904e-07 -2.699259928295383e-18)
(-5.629691695509947e-07 5.108838403945423e-07 3.341930491240576e-18)
(-5.218202706242826e-07 5.599678636848335e-07 -1.333480606212962e-19)
(-4.220293308365101e-07 5.434690973317099e-07 -6.673200973036551e-18)
(-2.747293172569547e-07 4.357542035711426e-07 -2.89920779752086e-19)
(-9.493639534799642e-08 2.062973372745844e-07 -3.879128848920628e-20)
(-3.556620091027616e-08 -9.694271313775461e-07 6.290181726006088e-18)
(-9.698420545389136e-08 -2.292027506965982e-06 3.424566382255998e-18)
(-1.277022037898465e-07 -3.240630212155739e-06 3.062196518534199e-19)
(-1.10367594258632e-07 -3.929552919710623e-06 3.509138726206456e-20)
(-2.902645163333287e-08 -4.442172905027436e-06 1.751587906537389e-21)
(1.289080493642805e-07 -4.847354154118456e-06 6.977039174828912e-21)
(3.706238812437295e-07 -5.203955267965056e-06 -1.142043898642459e-19)
(6.958115675403768e-07 -5.562673734847831e-06 5.501681253580403e-18)
(1.094980992375725e-06 -5.966116949682838e-06 1.041849596663112e-18)
(1.548644469230511e-06 -6.447772852637493e-06 -1.434136521260539e-20)
(2.02764592659231e-06 -7.030438474544317e-06 -1.537422238239299e-18)
(2.494710824617287e-06 -7.724599995758341e-06 -1.479871773853558e-19)
(2.907114985683211e-06 -8.52719147295916e-06 -5.315208565682442e-18)
(3.220235635140265e-06 -9.421072870189609e-06 7.763517848560086e-20)
(3.391655174501615e-06 -1.03754670204249e-05 6.351189337901892e-18)
(3.385431150151018e-06 -1.134748115076386e-05 2.818597196757502e-18)
(3.176127032207803e-06 -1.228472186718017e-05 1.449807461244767e-19)
(2.752216505628492e-06 -1.312889793449699e-05 -2.091649386699478e-21)
(2.118515143418112e-06 -1.382018739962262e-05 -5.336462792274707e-20)
(1.297370621297037e-06 -1.430205795027164e-05 -2.924368446124508e-20)
(3.284363229516876e-07 -1.452616278121033e-05 -5.443765621044256e-20)
(-7.330395975098901e-07 -1.445689406292215e-05 -4.308486588002261e-19)
(-1.819374197718293e-06 -1.407517526292017e-05 -2.669668008538542e-20)
(-2.854907061750523e-06 -1.338110394357665e-05 6.093889448976956e-20)
(-3.761519231247157e-06 -1.239512465960914e-05 -1.44215988905597e-20)
(-4.464913034141812e-06 -1.115748261631098e-05 1.067133749189667e-20)
(-4.901298319094605e-06 -9.725842894737873e-06 4.181573449161944e-20)
(-5.024077090867176e-06 -8.171050699940299e-06 9.735524565366741e-21)
(-4.810050246588414e-06 -6.571134027445746e-06 1.584549480085198e-21)
(-4.264578198660308e-06 -5.003659915463372e-06 2.93096532607771e-22)
(-3.424987218432572e-06 -3.536454133607619e-06 1.065431571270684e-22)
(-2.361499126796521e-06 -2.216398799258787e-06 -2.23540063758309e-22)
(0.009045341306851497 -0.0286175644941407 -1.937720528144955e-20)
(0.0096855740226598 -0.04079608530237063 -9.286703972185328e-21)
(0.03165489053125304 -0.05184404331747317 -2.274822805135982e-20)
(0.04877668254202503 -0.05873993663887807 9.847754870085322e-20)
(0.06930640115448879 -0.06083826416947549 1.135710910419478e-17)
(0.08953063246687967 -0.05706032071446211 2.299053151493264e-18)
(0.1081953400715445 -0.04690782476582854 2.273484572151196e-19)
(0.1211970764448005 -0.03030929024952497 -8.14592844155641e-19)
(0.1260176618927533 -0.01435031045495079 3.234085470523076e-19)
(0.1261072243778939 -0.004948002131164303 1.311151275214415e-18)
(0.1255186566506314 -0.001050165989195469 1.227997771075748e-18)
(0.1252714605843822 0.0002474542985186945 1.491945220110587e-18)
(0.1252585300773536 0.000828977251412152 1.193216180752461e-18)
(0.12545044949387 0.002119179617485373 -5.107938632859213e-18)
(0.1259061962268982 0.005903769852117396 -1.421561205332024e-18)
(0.1256170036380079 0.0149127309502119 8.7224769157091e-19)
(0.1208590321207342 0.03011574495043245 -1.422855259055868e-19)
(0.1082434099856986 0.04622887150920046 2.731568561549639e-18)
(0.08989625250266327 0.05629998602291734 3.387019978150478e-19)
(0.06979793996476336 0.06013784777466939 -3.34025854654157e-19)
(0.04918052970513562 0.05814367610776845 9.53824872134442e-19)
(0.0319391411066408 0.05128185816298605 1.292407464464994e-18)
(0.009570954525215856 0.04058605594663255 1.284833349884914e-18)
(0.008992123468405454 0.02852103125795378 1.362220796049757e-18)
(-2.951597242468323e-07 2.083250914175667e-07 7.514067054079605e-22)
(-4.135285210349858e-07 3.282956033421117e-07 -2.673450992528815e-20)
(-4.886936248351802e-07 4.472353453202627e-07 -1.016461627867679e-19)
(-5.104360545913136e-07 5.454993050003562e-07 -2.035466945644924e-19)
(-4.750769864482474e-07 5.995916942912183e-07 -1.56395218787678e-20)
(-3.85783652166044e-07 5.836212705889743e-07 -6.809135342828033e-21)
(-2.519407186702197e-07 4.694484424458412e-07 -4.749770726678558e-20)
(-8.730743653864378e-08 2.231746198781692e-07 -6.140877077237777e-21)
(-2.986740466146692e-08 -9.338269489284415e-07 -4.564150530124994e-18)
(-8.008532065718194e-08 -2.204446277137215e-06 -3.265458099571026e-18)
(-1.013025256791679e-07 -3.112580662393595e-06 6.341437835402612e-19)
(-7.898758993705665e-08 -3.76905217045094e-06 9.351419515941817e-20)
(-9.91700766428058e-10 -4.255235943324224e-06 5.63843735847735e-21)
(1.416637628295827e-07 -4.638467995821301e-06 -3.992631064737487e-22)
(3.536147141419222e-07 -4.976044239939689e-06 -1.223624638345445e-20)
(6.335561102767981e-07 -5.317007128721567e-06 -1.593009950374304e-21)
(9.728336362823498e-07 -5.702373134890831e-06 2.687476534824249e-18)
(1.354731318655984e-06 -6.164284294118321e-06 -8.352589337515613e-21)
(1.754717606842083e-06 -6.724575382231713e-06 5.847326959887879e-18)
(2.141711038104906e-06 -7.393243394845364e-06 -1.062283505968144e-19)
(2.480276391022499e-06 -8.167249513077414e-06 1.725545538959576e-19)
(2.733555391547411e-06 -9.029996970071411e-06 5.796574174727306e-18)
(2.866659160992088e-06 -9.951728158960442e-06 7.381616951871657e-21)
(2.850197339900485e-06 -1.089096992113858e-05 -5.412100204960131e-18)
(2.663604904134566e-06 -1.179703728307942e-05 1.472915212954613e-19)
(2.297945449194691e-06 -1.261350213779041e-05 5.763350659145306e-20)
(1.75790859603675e-06 -1.328242050234896e-05 1.675309881188998e-21)
(1.062770774875807e-06 -1.374899601804891e-05 -9.692870014123731e-21)
(2.461793497702484e-07 -1.39663352411298e-05 -2.407349564205038e-20)
(-6.45299260362657e-07 -1.389988556377286e-05 3.210774872043605e-18)
(-1.554845600000142e-06 -1.353115125878913e-05 3.984067212390729e-20)
(-2.419131492747793e-06 -1.286030739930649e-05 -2.788593510979646e-18)
(-3.172961826422506e-06 -1.190740525739645e-05 4.147105789114818e-20)
(-3.754568019452944e-06 -1.071189101906067e-05 1.405785163477964e-20)
(-4.111266796269486e-06 -9.330296481461879e-06 -2.877719522735977e-18)
(-4.205156974378609e-06 -7.83203116223527e-06 4.14304385851182e-20)
(-4.018442236185986e-06 -6.293302523332003e-06 2.909273700329117e-21)
(-3.557781590224135e-06 -4.789309634215672e-06 4.590258939581663e-22)
(-2.856688509086388e-06 -3.384794099534766e-06 8.065857370155286e-22)
(-1.974504978818382e-06 -2.122907134270713e-06 5.816987586144166e-22)
(0.00920588349770074 -0.03747985311461892 7.797172839304041e-20)
(0.009512073466847522 -0.05346912932651152 4.840372527025482e-20)
(0.03014451335064103 -0.06895924284002115 1.511445344666255e-19)
(0.04675521981909491 -0.07824171220222394 6.582487231750263e-19)
(0.06639158857275874 -0.08129539658993058 1.904452546584368e-17)
(0.08602242747020844 -0.0767127978203359 2.903345221068497e-18)
(0.1053347351280881 -0.06305751510472177 4.477637889489318e-19)
(0.1179523572732583 -0.03795859126122895 5.132706185568746e-20)
(0.1203144083229614 -0.01492084403081334 9.263830423110811e-20)
(0.1178656081269188 -0.003591286179226339 1.779599337207891e-19)
(0.1163440561073937 -0.0002798069460033851 1.780413515151613e-19)
(0.1160892238961548 0.000377270567652179 1.8040187617948e-19)
(0.1161889496884854 0.0005032376871100353 5.480503525037544e-20)
(0.1166033611622854 0.001216646200413635 -7.269245412488622e-19)
(0.1181455294027726 0.004516058013013385 -3.011832714569627e-19)
(0.120406479631588 0.01542887476025262 -5.199569065383966e-19)
(0.118221026368127 0.03734406606056966 8.396424377343827e-18)
(0.1062466563374156 0.06188707532102746 -3.969862220353678e-18)
(0.0874298747288088 0.07570333199407366 -7.021164466807646e-18)
(0.06793460457741095 0.08061424397824611 -1.684749748341098e-18)
(0.04803008908085742 0.07791968662896584 -7.520071431591185e-20)
(0.03095643807069704 0.06877983161205617 1.660538919852663e-19)
(0.008813671510599124 0.05355298558158472 2.010713376666484e-19)
(0.009282635280535814 0.0377042529595366 4.356450411141353e-19)
(-2.45082283494534e-07 1.969768057118876e-07 -1.781551185413083e-21)
(-3.395130758275088e-07 3.111375962323859e-07 -4.77173942770093e-21)
(-4.007198539765673e-07 4.240639904420224e-07 -3.01444029702916e-22)
(-4.198555370420187e-07 5.174584642858582e-07 -1.121970958039037e-20)
(-3.925102548159309e-07 5.694348989230408e-07 -1.376612881975969e-21)
(-3.201662651837467e-07 5.553429341404598e-07 -6.958841987886968e-22)
(-2.099515921880069e-07 4.478752814798814e-07 -5.506964801820206e-21)
(-7.312554109407867e-08 2.136935772084625e-07 -4.627273836988203e-22)
(-2.197740935362658e-08 -7.914011330703227e-07 6.261213243618883e-18)
(-5.761273447923336e-08 -1.869558637906596e-06 -4.785697271329545e-18)
(-6.889962141771143e-08 -2.639393513037287e-06 -4.088796616032873e-18)
(-4.524561161367915e-08 -3.194384667052318e-06 1.313795878023298e-19)
(2.13373197960158e-08 -3.604326020408954e-06 -2.99983107328905e-20)
(1.365395786837899e-07 -3.927166574376612e-06 -7.248861050226716e-21)
(3.030490555464634e-07 -4.211967015972564e-06 -7.055557795639232e-21)
(5.192630314947575e-07 -4.500501671729712e-06 -1.103731816698983e-19)
(7.781927660769706e-07 -4.827585375736599e-06 5.667847784478062e-18)
(1.066948807295406e-06 -5.220438186903653e-06 -2.167875052320337e-19)
(1.366948129048946e-06 -5.697511857050055e-06 5.871462384721227e-18)
(1.654865598180611e-06 -6.267205742774284e-06 -3.913862586028638e-20)
(1.904266786242458e-06 -6.926849172139487e-06 2.001449377210293e-18)
(2.087786513551779e-06 -7.662251370930875e-06 2.488636055065375e-20)
(2.179648912570969e-06 -8.448023990721611e-06 1.176794724743612e-20)
(2.158286244035787e-06 -9.248799575430934e-06 1.307061069209823e-19)
(2.008802301208933e-06 -1.002134955219733e-05 8.006374262476619e-20)
(1.725041016190608e-06 -1.071752373686371e-05 3.327486265870219e-19)
(1.311057489306652e-06 -1.128786734112038e-05 5.543062445031166e-20)
(7.818106069368714e-07 -1.168559355401409e-05 -8.802618799023781e-21)
(1.629769848579803e-07 -1.187065242809829e-05 -4.267022827430338e-20)
(-5.101656683238471e-07 -1.18135373860127e-05 -1.016476903758907e-18)
(-1.194766673249994e-06 -1.149848315127287e-05 -6.728220977755459e-20)
(-1.843237946148641e-06 -1.092573472847962e-05 -1.885738733161365e-19)
(-2.406765304931993e-06 -1.011262272623305e-05 -1.280174780970231e-19)
(-2.83930863488244e-06 -9.093191314627283e-06 -4.194871914008285e-19)
(-3.101874405671712e-06 -7.916232656479325e-06 1.080144554399073e-20)
(-3.166809853101765e-06 -6.641621691170704e-06 6.76717834147634e-22)
(-3.021806787653229e-06 -5.334917508195355e-06 -5.728037530636621e-21)
(-2.673142427418078e-06 -4.06029477780824e-06 7.174409886370636e-23)
(-2.147257054839306e-06 -2.871928385916531e-06 2.561170070351961e-21)
(-1.48905222284142e-06 -1.804297985090811e-06 4.147286494534178e-21)
(0.01029509514453897 -0.04569602475959714 3.533758002788628e-19)
(0.009376336690976792 -0.06538444258369103 1.917782991057488e-19)
(0.02725931259095316 -0.08490781058497152 5.175290217306497e-19)
(0.04163831846749549 -0.09609810721427818 1.468926887885827e-18)
(0.05759508079496647 -0.1002362728458354 1.375550680661762e-17)
(0.07345456061610839 -0.0961531648699844 3.328680427471963e-18)
(0.09116210714567953 -0.08132621259241148 9.322672921412689e-19)
(0.09959458269406632 -0.04886713382670199 7.462323191553165e-19)
(0.09947065090328282 -0.01403133439924189 2.199252502312168e-19)
(0.09637073877858415 -0.001040293615323944 6.320165536804289e-20)
(0.09520362835061924 0.0004404000311093676 4.923788600113178e-20)
(0.09544012947775277 0.0003976005308394936 2.737900297799341e-20)
(0.09559216995649064 0.0006270087423118383 -8.627902331228783e-21)
(0.09565302631577942 0.0007921187132336773 -9.691619083067057e-20)
(0.09703957794881175 0.002569390585118131 -7.682743858435567e-21)
(0.1001018799169613 0.01521252225975919 4.42222992996668e-19)
(0.1007141205391156 0.04809775949921478 -3.637875237538338e-18)
(0.09325831536571985 0.07955541491458766 -3.713803170409097e-18)
(0.07642089555846351 0.09481898979840908 1.630034607214694e-18)
(0.06092414581658454 0.09963565262871721 8.532911483942298e-19)
(0.04479503891184002 0.09640068649086352 2.208194133601051e-20)
(0.02970064583009062 0.08586655338527374 -4.727180403890956e-20)
(0.008772833756750757 0.0665113667801486 -4.559662760467023e-20)
(0.01170195375607192 0.04654888540785226 8.889804266888242e-20)
(-1.879255174624906e-07 1.67640527387776e-07 9.072166793599297e-22)
(-2.554624694232205e-07 2.628360205262498e-07 -5.654088331368758e-22)
(-3.007476463870278e-07 3.554199432074384e-07 5.267827486256488e-22)
(-3.159004658219965e-07 4.316958808932292e-07 -2.007375440468591e-22)
(-2.965637800498785e-07 4.741861172148296e-07 -4.929863261933629e-22)
(-2.432214076929923e-07 4.624072784727845e-07 -4.46315508724244e-23)
(-1.607800906879269e-07 3.733818395414493e-07 -7.644586548720167e-22)
(-5.707173390790635e-08 1.78711238530728e-07 -1.54964787534156e-22)
(-1.352119368379368e-08 -5.580380913333682e-07 -1.393493197430323e-20)
(-3.418069737838592e-08 -1.329435659565281e-06 2.151298939681473e-19)
(-3.730887284732903e-08 -1.883252189897704e-06 1.451686173815526e-19)
(-1.680509453621214e-08 -2.283306708086939e-06 -4.532675097029733e-20)
(3.167976842855837e-08 -2.579334809422323e-06 -2.059531464260872e-19)
(1.114902246763497e-07 -2.81285867767371e-06 -3.07045858652222e-20)
(2.24152988741145e-07 -3.019054483960251e-06 -1.881681547685815e-20)
(3.683488284806345e-07 -3.227878265163789e-06 -5.504620104510572e-20)
(5.392366409056855e-07 -3.464261981785339e-06 -3.984785823664506e-18)
(7.281972759115053e-07 -3.747657797183493e-06 8.588192350828423e-20)
(9.23012780021837e-07 -4.091216670164895e-06 5.37755206452087e-18)
(1.108495444460946e-06 -4.500887123967331e-06 4.026719403100368e-21)
(1.267541185587988e-06 -4.974699367119592e-06 1.089382124329637e-19)
(1.382535528203672e-06 -5.502449065445964e-06 1.154930099790816e-19)
(1.436976436391003e-06 -6.065932917318894e-06 -1.735360215442687e-19)
(1.417152937624889e-06 -6.639820142290576e-06 -1.189875046124051e-19)
(1.313726002796691e-06 -7.193166194238883e-06 1.32405413506964e-19)
(1.123049480341708e-06 -7.691502149484962e-06 1.296895480567987e-18)
(8.481072020769843e-07 -8.099429269205378e-06 2.551316164922328e-19)
(4.989476882701245e-07 -8.383463005154877e-06 -4.903839590421938e-20)
(9.254563488052432e-08 -8.514950859689861e-06 -5.147066811890103e-20)
(-3.479489880748514e-07 -8.47280506236902e-06 3.239798198171108e-19)
(-7.94552158919369e-07 -8.245798427901525e-06 5.291022957208342e-21)
(-1.216314197933252e-06 -7.834200461086932e-06 -7.44936410936847e-20)
(-1.581625134348865e-06 -7.250559217608296e-06 5.460527929640249e-20)
(-1.860831770934693e-06 -6.519445709194348e-06 -5.67145405526516e-20)
(-2.029016746994921e-06 -5.676047248125149e-06 -2.129291075540487e-20)
(-2.068757131032817e-06 -4.763505132451135e-06 -4.834632997798304e-20)
(-1.972632803752365e-06 -3.828914546499286e-06 -9.453434429366326e-20)
(-1.74517398649778e-06 -2.918062014184777e-06 -2.119069306367124e-20)
(-1.403755533725725e-06 -2.0689408314397e-06 -8.769021417026064e-20)
(-9.774736364322537e-07 -1.304323963611728e-06 -3.907776799292601e-23)
(0.01682691253471296 -0.04949736378918643 1.178949835352388e-18)
(0.01501561942841375 -0.07654715707570035 6.556716911327777e-19)
(0.02675207780778737 -0.09807487685917918 2.939730849886172e-18)
(0.03571858839481335 -0.1090996871655862 5.647617987867444e-18)
(0.0435096509304456 -0.1127231264961419 1.378546774962436e-17)
(0.04915276720444038 -0.1080158131142993 6.625838401539763e-18)
(0.05645023718232726 -0.08918613700485094 3.970105946860853e-18)
(0.05161358090068986 -0.04228795304343395 5.434496909097899e-18)
(0.0638286900292111 -0.01891796853308406 1.079044513351466e-18)
(0.06741944767046112 -0.004277729627878084 1.1684440549729e-19)
(0.06664147742119879 -0.0005999883836333389 1.205381469115044e-19)
(0.06641218206957927 0.0002299381685618128 5.103200609896626e-20)
(0.06650113465325101 0.0004838501318711539 -6.38212215729297e-20)
(0.06688652200695834 0.001378687328131992 -6.494911467035096e-20)
(0.06777629182737692 0.005028930969403855 -1.589528139164421e-19)
(0.06443451553653229 0.0189921322171744 8.951935081607708e-20)
(0.05329910104761056 0.03973834539330474 7.264423802144052e-19)
(0.0591178605176659 0.08608232584579315 3.922931517362553e-18)
(0.05391447996831187 0.1058082994097482 6.90439370012272e-18)
(0.04959506762118805 0.1117458605274906 8.856443226029745e-19)
(0.04273351744294541 0.1098767490945731 -4.13486661290123e-19)
(0.03394936214680212 0.1006338980462449 -4.757164845563159e-19)
(0.01956294819919946 0.07955383469654931 -5.740988098074134e-19)
(0.02432113801631433 0.0506117180578538 3.742483877670934e-19)
(-1.34414637789973e-07 1.255671391395957e-07 3.82267515376751e-21)
(-1.782034445762734e-07 1.899395215138044e-07 1.651882981220145e-21)
(-2.080883267727845e-07 2.511187569918111e-07 1.971011673267429e-21)
(-2.179523286491552e-07 3.013137547316913e-07 6.089559559921004e-21)
(-2.051003352258884e-07 3.287226991947195e-07 -6.381872641511225e-21)
(-1.699283185849308e-07 3.193735726332581e-07 -1.292868837940213e-21)
(-1.15535517646796e-07 2.581236033614293e-07 -4.692935775318932e-21)
(-4.573640934122519e-08 1.262029268914687e-07 -2.971199598791222e-21)
(0.068834829082957 0.01182722115652248 2.220687764022695e-18)
(0.0698630811576459 0.006725253791732386 1.801324144262099e-18)
(0.06899816065737699 0.002824948083224718 -1.029693551451946e-18)
(0.06782703368678747 0.0005777846547606823 -4.330844629348224e-18)
(0.06696037945868703 5.473071437495005e-07 5.645553456484615e-18)
(0.06655619257781849 -1.868969547015945e-06 -3.639992803254214e-18)
(0.06637989105975226 1.127847390524044e-05 3.234747490404053e-18)
(0.06630871091547505 -2.062795682850104e-05 4.59177436991973e-18)
(0.06629527536803036 -5.950788489145317e-05 -2.226789089108926e-18)
(0.06632012404408863 -8.857021734049836e-05 -4.55856094276789e-19)
(0.06636611092548851 -0.0001036745388434529 -1.344620444986466e-18)
(0.06640636573663099 -9.232374724008597e-05 5.736341769700972e-18)
(0.06639139759040411 -2.175217274120989e-05 4.517672450674333e-18)
(0.06623100131931504 0.0001676773614622032 6.392843111005217e-20)
(0.06577070470399442 0.0005565414081705785 9.11844162652708e-19)
(0.06477638282317719 0.001204354741222961 1.385249674537685e-18)
(0.06298240001743984 0.002062817457474351 5.001379842749243e-19)
(0.06024793126261805 0.002931841073678588 -2.003701679408186e-18)
(0.05669607105499991 0.003573360784571987 2.821339397150081e-18)
(0.05264288465073333 0.003876403849641603 1.33385393884688e-18)
(0.04842984752977646 0.003858005989082699 -1.718306447906272e-18)
(0.04433807553252227 0.003597426009594951 -3.2821892724958e-18)
(0.04056514545051149 0.003181421191381638 -3.429604675743673e-18)
(0.03723333847771582 0.002676068161561345 -3.100863049414985e-18)
(0.03441040880094769 0.00211752257220982 2.964799633792664e-18)
(0.03213216372884026 0.00151483830820627 2.826859757743531e-18)
(0.03042413154965081 0.0008631648693827338 3.63741997143451e-18)
(0.02932986408602867 0.000155155673091129 3.430876647705233e-18)
(0.02898155233410368 -0.0007089198800025423 8.539278476138342e-18)
(0.02965685505951773 -0.00238192974367136 2.294297973098826e-18)
(0.03162420124344382 -0.006856699528564682 3.62664738875587e-19)
(0.03267669668093282 -0.02082903568469028 3.406309427098168e-18)
(0.02810716750988651 -0.03917712538494236 -5.89007116108343e-19)
(0.03533809230247264 -0.08212997514283857 1.709045123448321e-18)
(0.03427607205437005 -0.1034819844584223 1.155634403205113e-17)
(0.03421509609539696 -0.1127259562128451 2.08351517867454e-17)
(0.031910492138852 -0.1138218984467029 7.28096039485349e-18)
(0.02708433890543604 -0.1064246729306671 2.090836553969682e-17)
(0.01752694080281931 -0.08619165123535076 1.374035738228838e-17)
(0.02356995200129561 -0.05471879702896647 1.289910144811294e-17)
(-1.554481381983719e-07 -3.357922690756104e-07 -3.473614203393042e-18)
(-2.204850060097407e-07 -4.623861556678904e-07 2.66282176556779e-19)
(-2.792023718113136e-07 -5.519476523841924e-07 6.905957026923021e-19)
(-3.270720167715055e-07 -6.020421690582999e-07 1.490795339660674e-19)
(-3.569806523422842e-07 -6.112688414310757e-07 -8.930676455696645e-19)
(-3.595772303968507e-07 -5.7815757983741e-07 -2.646931824336661e-20)
(-3.258216230653949e-07 -4.999559342945548e-07 4.7970029748349e-20)
(-2.513748790667486e-07 -3.728329550159448e-07 8.00264884118581e-19)
(0.0257914029432888 0.0514252011994813 8.74457772561025e-19)
(0.02028097737786485 0.08100905052298099 1.716010713016347e-18)
(0.03395780150296965 0.101967216376429 2.25748685861676e-18)
(0.04183759571415244 0.1107596580674722 4.464103519192008e-18)
(0.04744683438172911 0.1119404013440532 3.408337527508168e-18)
(0.05059595429342677 0.1053244565267241 3.486100460819774e-18)
(0.05449018186299991 0.08511613118051917 4.606598090795824e-18)
(0.04854122610649788 0.0392313037625065 1.725659601478129e-18)
(0.05823868666499116 0.01931668790733779 5.694786877448555e-19)
(0.06085229647883911 0.005401704239342702 6.589380963126962e-19)
(0.05993412727201845 0.001645183463364138 3.008005635213658e-19)
(0.05968258687631697 0.000690805132313363 -6.582054493502899e-20)
(0.05977472415486938 0.0004920124448771 2.653629497954822e-19)
(0.05992175343509684 0.0004385839932360006 1.833937659243794e-19)
(0.06017145889085065 0.0004421270189666855 2.540902451685821e-19)
(0.05991343827339725 0.0004720419173720749 1.650413992884697e-19)
(0.1016459868937101 0.02147597757054017 1.345279645205726e-18)
(0.1057043268812295 0.01055268104026425 2.113017852357001e-18)
(0.1006856288204033 0.0006919503542441793 -3.35556317511303e-19)
(0.09794955269440261 -0.001063081079799491 -1.250234013494064e-17)
(0.09664267509393071 -0.0004865983290484551 -1.368415317445583e-18)
(0.09607155992413999 -9.425854379393286e-05 2.990000314016367e-18)
(0.09578240276553761 -4.17421246736606e-05 3.26008558198937e-18)
(0.09564028830371393 -8.103245062623531e-05 1.776483025598239e-18)
(0.0955958167541692 -0.0001130983048754184 -1.686510276836293e-17)
(0.09561894214200131 -0.0001355151393242494 -1.194364445330189e-18)
(0.09568149983465027 -0.0001582732023008423 3.332619977854413e-19)
(0.09574529772066452 -0.0001758758041965409 2.248084445550132e-18)
(0.0957435881089454 -0.0001598439504930766 2.642472887367744e-18)
(0.09555355667268298 -4.545524191574978e-05 1.844318203036348e-17)
(0.09496556648128764 0.0002734432442980482 3.266415054695004e-18)
(0.09364348034677872 0.0009189895749187953 2.206682783379891e-18)
(0.09112971675889395 0.001896768526269931 1.027927396207971e-18)
(0.08710528368397655 0.002928345202204138 -1.019425001844949e-17)
(0.08181471653985016 0.003602998146317017 -2.659989143438516e-19)
(0.07582070406896058 0.003863966473455343 2.036349668821635e-18)
(0.06961901615611661 0.003760150989329303 9.6029232085955e-19)
(0.0636265282458176 0.003413472841621007 -1.681807818675155e-17)
(0.05812052217073186 0.002929734089880466 -3.010260694540574e-18)
(0.05326839572156225 0.002379134896322542 -9.978882235080724e-18)
(0.04915861844084248 0.001791952341842334 -4.785821225414502e-21)
(0.04583507858075637 0.001161242863555414 2.559702705851938e-18)
(0.04332461015951303 0.0004563217530264547 3.162624076803803e-18)
(0.04165818604005947 -0.0003216636651402092 2.589457297405167e-18)
(0.04093161019653385 -0.00105906682933067 2.5556654199004e-18)
(0.04143538957104919 -0.001826606253424097 1.191927047062148e-18)
(0.04437247201946283 -0.004792915618915448 2.549941606470828e-18)
(0.04990932698175826 -0.01822132739375639 3.32276504608162e-18)
(0.05472431720343748 -0.05012432340780622 3.383854343040605e-18)
(0.0536139303079182 -0.0811594872681347 3.270705199801767e-18)
(0.04487669622062756 -0.09877063361312052 2.818515290882662e-18)
(0.03686975770709421 -0.1066983423978623 1.861511882702495e-18)
(0.02784964441620833 -0.1059603767463511 1.097651810293889e-17)
(0.01847408362165107 -0.0964836191851781 4.787717991032943e-18)
(0.004793823822482907 -0.077006154717623 4.219410997122509e-18)
(0.008574573588421609 -0.05391483579069629 5.907523680489794e-18)
(-2.593304782687322e-07 -5.585881811169882e-07 4.802075518085723e-20)
(-3.627206760390897e-07 -7.847695400881038e-07 1.384650322044888e-19)
(-4.525190806419291e-07 -9.551871587489685e-07 8.183756322380855e-20)
(-5.231890176822518e-07 -1.057684675371574e-06 9.818488349101416e-20)
(-5.661622605587432e-07 -1.083023903085054e-06 -1.038561914132438e-20)
(-5.689352573804915e-07 -1.025811905309461e-06 5.836088835235608e-21)
(-5.166629671871092e-07 -8.836171995103836e-07 5.465043355429092e-21)
(-3.986891483976143e-07 -6.552482315052427e-07 5.409713284924538e-20)
(0.01140146981114487 0.04800256600909826 6.217997690421639e-19)
(0.007911550514772979 0.06850926991626984 2.479580054117699e-19)
(0.02759020036386444 0.08799823690000888 -4.366509492722425e-19)
(0.04163257584862022 0.09845373405000517 1.030427835848355e-18)
(0.05628407050638328 0.1012279230906094 1.21080518568938e-18)
(0.07021944899465273 0.09575943710580011 9.778565006787914e-19)
(0.0853454314859288 0.07983125185884792 1.101516345551167e-18)
(0.09147709700205879 0.04839941184395583 2.662016161199091e-19)
(0.09008183355759537 0.01590822329041251 5.610848422710966e-19)
(0.08680049846852865 0.003140720798240632 7.156170279219864e-19)
(0.08541744131195014 0.001234881054875132 2.587611996408041e-19)
(0.08561892491283005 0.001163446817263076 -1.990420880608141e-19)
(0.08597750895186618 0.0009937487815965765 -1.177413458549524e-19)
(0.08623917921948242 0.0008418401889708322 2.61914062971473e-19)
(0.08642050268514895 0.0008960086530629417 3.09556374677684e-19)
(0.0863151483657687 0.0008791616478363326 1.475969053299943e-19)
(0.1038637796137862 0.01454124584501103 3.716985419655291e-18)
(0.1131181771300992 0.01173722037331331 1.981796974982519e-17)
(0.1142513511793844 0.005822825547189478 1.015378597031758e-18)
(0.1142654549556552 0.002732023032818675 -3.569715145593911e-18)
(0.1142059080326326 0.001465130293647039 1.868349079396044e-17)
(0.114360877545181 0.0008438553726726333 1.676191123329062e-17)
(0.1145326057379546 0.0004439838645032831 1.668521301952543e-17)
(0.1146749697296215 0.0001696363640585866 1.499063178416934e-17)
(0.1148063999805147 -1.498522737286129e-05 1.857800454024022e-21)
(0.1149532398186584 -0.0001325886741984788 9.2888316099838e-18)
(0.1151280540612737 -0.0001799033085660655 1.184444678612525e-18)
(0.1153222495694857 -0.00011141260289446 1.682823119016523e-17)
(0.1154923445568848 0.0001770051218406408 1.789421451376386e-17)
(0.1155269780565594 0.00087083005690323 4.317027540724753e-18)
(0.1152008961077264 0.002237056442441848 1.413005598160607e-18)
(0.1140603528742643 0.004568630913388661 1.789498402730593e-17)
(0.1113343969534306 0.007842465100795741 1.9138611979133e-17)
(0.1063969797041131 0.0112438849382597 4.62781381318032e-19)
(0.0996695789193965 0.01360605333613293 1.170322630991082e-17)
(0.09209487251326921 0.01472686658117769 2.116732555674159e-17)
(0.0843601079100989 0.01470767900132251 1.933977093813464e-17)
(0.07700536426741357 0.01385094702996207 9.0281526770891e-19)
(0.07034910214973054 0.01245781972210965 -3.092595196247315e-19)
(0.06456446042459363 0.01076053613585744 -4.864056430122572e-19)
(0.05972897890663502 0.008902338448432126 1.118661942441908e-17)
(0.05587197099861376 0.006941911115690843 1.390875564341552e-17)
(0.05301152868111944 0.004863760692063996 2.241368980622484e-17)
(0.05119718990716075 0.002583005241488975 1.423849504232977e-17)
(0.05060891152936753 -0.0001055143059800262 2.054661207142012e-17)
(0.0516802445616508 -0.003822377153538784 4.134080220438652e-18)
(0.05522489767148477 -0.01038775886523167 1.319752514078289e-17)
(0.0606968922765297 -0.02398266566067612 1.550268307239452e-17)
(0.06361100420526747 -0.04693169572619319 2.252050745947376e-17)
(0.05920096315921414 -0.07229193905164394 1.438187953803714e-17)
(0.04937237739488714 -0.08848661532689275 1.221476392298024e-17)
(0.03875869584775545 -0.09602642808311812 8.228522434609524e-19)
(0.02745728007681536 -0.09508046348628543 4.116901901379848e-18)
(0.01737516449609796 -0.08596660565705046 1.207216081279279e-17)
(0.00461603475460423 -0.06905825831342054 1.839454640202099e-17)
(0.00550301500097292 -0.04848055220366252 3.445255597149036e-18)
(-4.182481517259152e-07 -8.346820754470251e-07 3.657720998758369e-18)
(-5.752555508392251e-07 -1.200119720693241e-06 2.497515950905999e-18)
(-6.966295524237637e-07 -1.495036661455784e-06 -1.48154137597235e-18)
(-7.773622544560155e-07 -1.688144219399675e-06 3.093072383876558e-19)
(-8.129596639223219e-07 -1.7520252197957e-06 6.973340916352257e-20)
(-7.955866302717524e-07 -1.669363313290192e-06 4.010428464594255e-20)
(-7.109933824215806e-07 -1.43585883606405e-06 -2.155878064764174e-20)
(-5.434470116355908e-07 -1.05825788766778e-06 -3.645896221790842e-19)
(0.008600145771523043 0.03978685597964288 -2.55053822031501e-21)
(0.007976272722887591 0.05651922839691768 4.118474139132731e-20)
(0.02810712402617301 0.07211782469788364 2.449687904741933e-18)
(0.04395759426637144 0.08140284152435935 2.766046930101561e-18)
(0.06227716417303931 0.08381096779416669 4.554049996329742e-18)
(0.08017019693153435 0.07834204364216879 2.632796995638009e-18)
(0.09733325350453682 0.06389555523680032 2.85196471484538e-18)
(0.1079015974071082 0.03899390652189198 3.364384330160921e-18)
(0.1092383787334114 0.0167377618396468 2.980497790222362e-18)
(0.1065696345996726 0.00512081519127533 4.298887465003435e-18)
(0.1048404091130411 0.001090778252488385 1.506542595994169e-18)
(0.1044896518573079 -0.000150834217441602 -2.491959309197265e-18)
(0.1045937973236887 -0.0004574511448624703 -1.106123553344062e-18)
(0.1047735193186601 -0.0004024156529068962 2.099520597020224e-18)
(0.1049707777230328 -0.0001627165398323564 2.258793396417468e-18)
(0.1052093188906648 1.264604962090693e-05 9.336749138942138e-19)
(0.1033160860689153 0.004329567568884953 3.306826134627042e-18)
(0.1142114912284595 0.003986103156724459 3.819053946125046e-18)
(0.1191744081847226 0.002114932980251703 -1.793853085341186e-17)
(0.1216356699658832 0.0009390044665010935 -1.517205506585372e-17)
(0.1227491682238279 0.0004118117941606398 7.155199973083515e-19)
(0.1234292306206392 0.0001593904384082082 4.795922462427795e-18)
(0.1238512776473989 -4.122287488655742e-06 3.811370413205722e-18)
(0.1241168420377957 -0.0001364153010232998 2.485284936955027e-18)
(0.1242980755377006 -0.0002552678621523978 -1.786870188731893e-17)
(0.1244493083216837 -0.0003615347352877649 -2.194249668422455e-18)
(0.1246050824312288 -0.0004305130529378574 -1.094395219170894e-17)
(0.1247815176284089 -0.0003916785764962336 -1.845376823264051e-18)
(0.1249747047445714 -9.923941741193602e-05 -1.024570461899655e-17)
(0.1251387050157733 0.0007201229143067437 -2.088772024744966e-18)
(0.1251501946029687 0.002519998629230217 2.106468801742725e-18)
(0.1245465113069892 0.005958024981751263 2.331284446538504e-18)
(0.1221362511824967 0.01122269113641516 1.619284714695228e-18)
(0.1167535635712329 0.01682449677808525 -1.147919951584223e-17)
(0.1091158022134776 0.02045708428505022 3.975953114882823e-20)
(0.1007412963890738 0.02199812821655373 2.644241263173731e-18)
(0.09240299640743538 0.02175421838318519 1.911370644203652e-18)
(0.08465804475176161 0.02027976329950104 1.834819790693051e-19)
(0.07777238533447434 0.0180638183789016 -6.845092873761867e-20)
(0.07186973434654347 0.01545502921593862 -3.169137940924592e-20)
(0.06699371873185028 0.0126557638663707 7.249351406258407e-19)
(0.06315713700074815 0.009741195489933338 -8.216990793366634e-18)
(0.06037505434397227 0.006675093634892594 5.047528360773467e-19)
(0.05869560019873363 0.003302611275658128 2.234340698645709e-18)
(0.05824504752061847 -0.0007164375964138841 3.508234674216254e-18)
(0.05922370244324004 -0.006111107501317398 1.550048229036289e-18)
(0.06176712676946515 -0.0142970829805882 4.177291655068908e-18)
(0.06490922139574483 -0.02743162183464899 4.472606836920676e-18)
(0.065406661366419 -0.0459140072743385 4.793169047448028e-18)
(0.06020391107303839 -0.06496796425257023 4.540005500492821e-18)
(0.05063107622497229 -0.07820598172172503 3.088837629624845e-18)
(0.03955711284665302 -0.08464567344061898 -4.898438404939145e-18)
(0.02786413866921518 -0.08384794011262785 1.466287820610105e-17)
(0.01792026174987841 -0.07604960828416296 5.591088691487298e-18)
(0.005731305537454004 -0.06188514828743494 1.824894425366096e-18)
(0.00530551622040117 -0.043131119147385 3.676223162103859e-18)
(-6.664740789901185e-07 -1.153845450033815e-06 -1.372663660277963e-19)
(-9.043217241632914e-07 -1.695680430970807e-06 2.804200498589366e-20)
(-1.061036616675087e-06 -2.161094907900205e-06 -5.850831308957912e-20)
(-1.13130975418381e-06 -2.492694218067786e-06 -1.218064836445948e-18)
(-1.12090003347512e-06 -2.634143336150731e-06 -7.466216858159093e-20)
(-1.039599920669987e-06 -2.543379210821848e-06 1.216021433387039e-20)
(-8.900980094984391e-07 -2.203563719143948e-06 1.182511478657017e-21)
(-6.627439067975055e-07 -1.627184052435432e-06 -1.636726804476194e-20)
(0.008364655003021391 0.03131842822771087 -3.860645894622713e-19)
(0.009059255041337743 0.04479345617215856 -9.034390604688416e-20)
(0.0292648386908939 0.05609935279148283 1.287761504154554e-18)
(0.04547729923452931 0.06318330406345347 9.501841683755369e-19)
(0.06472179773875171 0.06493636797878054 1.46601123970645e-18)
(0.08349173804959992 0.06052051802331902 1.457127168663334e-18)
(0.1005352137988438 0.04969629034570478 1.47981166314872e-18)
(0.1120530266870158 0.03285548252183245 1.363549871352689e-18)
(0.1160723668537427 0.01689373432978761 1.095904698599678e-18)
(0.1158906479346521 0.006975403549349175 2.506686816806019e-18)
(0.1151030670245239 0.002337690246904209 -1.184064002658276e-18)
(0.114709960433273 0.0004603738362171765 -1.609410879586718e-18)
(0.1145750773491548 -0.0001549526208281303 -2.073187106940278e-19)
(0.1145585996445735 -0.0002340050980647376 3.425343756347957e-19)
(0.1146206049232635 -0.0001062135152810189 8.301673357077641e-19)
(0.1147851010974365 5.955253320986622e-06 5.058680229585784e-19)
(0.1033153416621744 -0.004376356227711555 1.205132803848325e-17)
(0.1142061886117146 -0.004092384214581059 1.366698883951348e-17)
(0.1191637891854797 -0.002238333872780209 1.033032528486496e-18)
(0.1216125806104645 -0.00108032404693562 -3.335995548702333e-18)
(0.1227101820139362 -0.0005878603384406265 1.820921112164022e-17)
(0.1233690723269208 -0.0003957239274087987 1.361552445477135e-17)
(0.1237612662150336 -0.0003245171618100633 1.017515763478609e-17)
(0.1239837470739417 -0.0003225876002030605 3.378021024398628e-18)
(0.1241040642098634 -0.0003723243630057972 -1.503161764618149e-18)
(0.1241734703631334 -0.0004533082673589388 5.092400565314013e-19)
(0.1242281754937542 -0.0005246504866055054 -1.819089456298427e-18)
(0.1242960343994371 -0.0005030613752240035 -2.863197609385376e-19)
(0.1244113732652979 -0.0002296910394775487 -1.194152621352495e-18)
(0.1246253297291576 0.0006116602830744877 3.100638014329954e-18)
(0.1250627581439812 0.002667570734601203 2.04578479266905e-17)
(0.1254289849151957 0.007262623134879435 3.331458082762514e-18)
(0.1239498751815325 0.01520109640016362 -1.850225444030666e-18)
(0.1185283975846022 0.02390306057737794 -1.55124264455525e-17)
(0.110328675744242 0.02895135294526447 1.250590665166026e-17)
(0.1018551915157657 0.03074232088285788 2.758112884572961e-18)
(0.09376505416684487 0.03003216982557946 2.567110389029305e-19)
(0.08651082165552977 0.02772784422852151 -1.388547935431199e-18)
(0.08021403875781977 0.0245249929512172 -4.817245920247553e-19)
(0.07490233277403796 0.02087466545257915 -6.184236936975643e-19)
(0.07056579400383449 0.01702143937552475 5.178093154825432e-19)
(0.06719097946708751 0.01304702176977211 8.373908889016443e-18)
(0.06477524020642918 0.008897970942716705 1.683552802055837e-18)
(0.06333233307979996 0.004386134180851859 7.965658443706334e-19)
(0.06288867212285727 -0.0008461239952777251 1.01094319935336e-17)
(0.06341693629928462 -0.007405630538024149 2.856533122257862e-18)
(0.06466047629961248 -0.01617549007511835 1.144919510079275e-17)
(0.06561757413028264 -0.02808940331236819 1.308925707861882e-17)
(0.06417817134659527 -0.04282998768170501 2.078092777335044e-17)
(0.05858870224732555 -0.05741812346643958 2.179362552604454e-17)
(0.04958188400058598 -0.06804549040567869 2.046549746860074e-17)
(0.03895522218909183 -0.07338894093013915 1.36366212163803e-17)
(0.02767434580827072 -0.07280747208664401 1.615491527909694e-17)
(0.01810521987879116 -0.06635569294997574 1.322225747298791e-17)
(0.006018889761191654 -0.05448265156865899 2.305519313556847e-18)
(0.00547112135901511 -0.03790481383697384 -3.531067155000323e-18)
(-1.034986607008348e-06 -1.487104009132464e-06 -3.148936132761601e-20)
(-1.394389517100914e-06 -2.229179880091367e-06 -3.90940336430257e-19)
(-1.598507288837897e-06 -2.903260013871825e-06 -6.263022253699859e-20)
(-1.637511466420077e-06 -3.424224947979866e-06 -3.38575893576694e-18)
(-1.530250411710052e-06 -3.700329404506637e-06 1.290750186019461e-18)
(-1.316759579855081e-06 -3.651472477669317e-06 -3.685678063489439e-19)
(-1.040591868348931e-06 -3.227821408640068e-06 9.37998595048208e-21)
(-7.264504146677411e-07 -2.424776337800363e-06 7.997698584633542e-21)
(0.008147153905499143 0.02277559936993014 -2.16371871699814e-18)
(0.008607987685878855 0.03251888098739993 -7.812701098173468e-18)
(0.02869291895766726 0.03976204199653627 -2.543718486482899e-18)
(0.0443998479252825 0.04463660243360065 4.003558519358286e-18)
(0.06287196871498092 0.0457601316248778 7.295245468225614e-19)
(0.08071546187816628 0.04253801269292414 3.051073516378245e-18)
(0.09658044276107322 0.03505630565655231 3.786586766261781e-18)
(0.107960503369003 0.02414671394167322 4.49296502412328e-18)
(0.1136384059891428 0.01359434454341047 2.539013582780645e-18)
(0.115449711011182 0.006344976578927825 5.449286549131302e-18)
(0.1157435002950131 0.002408203578736642 -8.26731396375255e-19)
(0.1156368661460748 0.0005841857347488639 -2.263128372074518e-18)
(0.1154630657296786 -9.846264922117146e-05 6.841746783444657e-19)
(0.1153236606807439 -0.0002473524181891605 6.907009339816585e-19)
(0.1152713347597764 -0.0001997260699385544 1.223478033971718e-18)
(0.1153431180183813 -0.0001136206041264914 8.713257002958341e-19)
(0.103847703176959 -0.01455167715517031 1.979592053020939e-18)
(0.113098416862639 -0.01181203431824657 2.023839469223279e-18)
(0.1142213128653749 -0.005910631044564416 2.501613618105616e-20)
(0.1142033348517758 -0.002837714442909091 -1.839163776464008e-17)
(0.1141027085405484 -0.001606358240406705 -3.647582566764703e-18)
(0.114202867513903 -0.001042614849257026 2.694866811155553e-19)
(0.1142969775465889 -0.0007261453435096029 -1.402022265883828e-17)
(0.1143267604097783 -0.0005659969318586372 1.569492314050554e-17)
(0.1142978724543311 -0.0005275079692598223 1.456529345605088e-18)
(0.1142271298526406 -0.0005736700746155913 8.656882115503952e-18)
(0.1141285576765675 -0.000656896799989132 5.366576504439309e-19)
(0.1140155520065237 -0.000703181796722907 1.063867048403973e-18)
(0.1139221313133014 -0.0005994560245672473 1.472207571464068e-18)
(0.1139542905093633 -0.0001319755600036019 2.430966728789284e-17)
(0.1146069864706309 0.001375246960092168 2.583778624755236e-17)
(0.1160100122207967 0.006391791781524333 -3.84260998258369e-18)
(0.1158311035982812 0.01741231502306844 -6.449057272850815e-18)
(0.1109561973029186 0.03058821130702825 -1.276704308952159e-17)
(0.1027170877157643 0.03701360320116233 -6.703968503833946e-18)
(0.09524352366128906 0.03866167392937967 -1.757730510786403e-18)
(0.08855769885062745 0.0371969305282692 -1.209601902807741e-18)
(0.08283414233734102 0.03395254984013066 -1.865058737979589e-17)
(0.07798845129625274 0.02979557840057337 -4.351901035022217e-18)
(0.07394846692269227 0.02522154798043501 -8.732831972539586e-18)
(0.07066726272515041 0.02047551667043344 1.37891647430627e-18)
(0.06812064675736842 0.01562776848023547 1.227850028106515e-18)
(0.06629553459541723 0.01061569675891053 -2.485616988740436e-18)
(0.06517229435604557 0.005257966812353887 -5.565284818706203e-19)
(0.06469540829117983 -0.0007489643640629384 1.108516500245519e-18)
(0.06470171979856051 -0.0078352778440497 6.312647967174996e-19)
(0.06479635101465191 -0.01648773160631424 1.417858815307819e-18)
(0.06413647387770276 -0.02701108872561567 1.580481582942215e-18)
(0.06140465662092029 -0.03887570354925764 1.791670665157477e-18)
(0.05562862911793176 -0.05017143115842491 2.029271441515527e-18)
(0.04720696080353671 -0.05854985483745585 1.236077155681869e-18)
(0.037302724791931 -0.0628149915233142 1.148269925899242e-18)
(0.02672576459857743 -0.06232167193646426 1.937009994471851e-18)
(0.0176860428526805 -0.05697487806519772 1.199132164355746e-18)
(0.005846426425408104 -0.04705365363429886 5.218109779691304e-19)
(0.005398981166990138 -0.03276311882923855 1.19916515937557e-18)
(-1.544926309962787e-06 -1.788950085720536e-06 6.137380744196578e-18)
(-2.079296051399858e-06 -2.731109132604441e-06 1.985720996907027e-18)
(-2.355839575772511e-06 -3.631851316535095e-06 1.375420624350779e-19)
(-2.353161234926529e-06 -4.383373806558354e-06 1.518200377482913e-20)
(-2.100379222583562e-06 -4.860856082931301e-06 -5.643162488645383e-20)
(-1.672277948139636e-06 -4.941751954325689e-06 8.15860483063099e-19)
(-1.172401229993479e-06 -4.52436170369358e-06 1.847672570695574e-20)
(-7.015692506731619e-07 -3.542931987826365e-06 2.192092889777838e-20)
(0.007674901840115191 0.01509167732611526 -7.096830925708888e-19)
(0.006865697409154733 0.02182182621593703 -2.035246596111863e-18)
(0.02599394206857127 0.0258542804106629 8.235997283702915e-19)
(0.04035853458819176 0.02927662879365895 1.555843182180289e-18)
(0.05681926458164465 0.03011417561694349 1.167966757657247e-18)
(0.07258347276486977 0.02804957520821706 1.191982245750803e-18)
(0.08651607734585184 0.02332076441526425 -1.355277382020592e-18)
(0.09691511541426917 0.01667741538336851 1.683862241121666e-19)
(0.1030255282695046 0.01013562468213961 1.658782444681158e-18)
(0.1058429428255871 0.005303976268180364 1.735870735565935e-18)
(0.1068635976728938 0.002391420644539284 -2.652419828942133e-18)
(0.1070732766373777 0.0008808840364151163 -2.936795014990335e-18)
(0.1069729265575204 0.0002189780344997084 -3.027471939395415e-19)
(0.1067948964644411 -1.455801726272077e-05 3.68197577634006e-20)
(0.1066815582053193 -0.0001043852180487321 1.065189035695127e-19)
(0.1066848753387671 -0.0001144687895964927 9.332422203725286e-20)
(0.1016188549638446 -0.02161189441878296 3.059382104999719e-19)
(0.105635923201686 -0.01072787839709668 2.686452406512124e-19)
(0.1006077197402032 -0.0008152045568083077 -2.828508678475503e-19)
(0.09782816131914168 0.0009753170914065478 -2.16131677586976e-18)
(0.09646746886956516 0.0004143269601005555 -2.152935785075188e-18)
(0.09582387471793893 2.964183504072366e-05 9.293450941708915e-21)
(0.09543360731091056 -1.900373469277295e-05 7.941529117613662e-18)
(0.09514877642071405 1.797724550036509e-05 3.455968662984632e-18)
(0.09490535728934091 3.716707350460996e-05 1.050690562351012e-17)
(0.09466051665302652 3.800077513523133e-05 1.099255106680978e-17)
(0.09438228873847627 6.029728008511064e-05 -1.410164399248045e-17)
(0.09404260297550927 0.0001834749824779915 -1.347981655787802e-18)
(0.09361431736384235 0.0004793817577299202 -1.673890528303688e-17)
(0.09309350602058417 0.0008916316874765249 -5.21202248981419e-18)
(0.0932360673608247 0.001830441129495176 1.340780164138377e-18)
(0.09453175088255061 0.00743155666494988 -8.91905591367925e-18)
(0.09514564201047272 0.02309907884231585 -5.127277793011289e-18)
(0.09324740828507083 0.03896065780955921 -4.871882286601514e-18)
(0.08613585829603917 0.04480435341346736 -5.176086486662686e-18)
(0.08136021638016273 0.04510150853834746 -2.815262094969872e-18)
(0.07753045221160176 0.04246268680367587 -8.911757957156086e-19)
(0.07442638157629057 0.03829057031737979 -3.792687171305424e-18)
(0.0718174102825422 0.0333907460130645 5.78769650839433e-18)
(0.06960470140078967 0.02817332965340927 2.218750884497283e-18)
(0.067766268876536 0.02282808291976927 1.895076665556322e-17)
(0.06630852798709064 0.01740059068427142 1.184155902605555e-18)
(0.0652355018481038 0.0118317753936793 -2.156810817851961e-17)
(0.06452021502158263 0.005976455392046466 -4.707360671482773e-18)
(0.06407131547382505 -0.0003835336327920815 -3.567702846758781e-19)
(0.06367936160551543 -0.007511837834764098 7.601103888810763e-20)
(0.06295147497119016 -0.01563256620941543 2.38671707853313e-19)
(0.06124639088659466 -0.02475356590986871 2.770549340758975e-19)
(0.05775368495162562 -0.03435068116201963 3.011767384740089e-19)
(0.05195098017355784 -0.04316921615720945 2.956371097971161e-19)
(0.04408842670800712 -0.04971061307440313 2.461813805903413e-19)
(0.03496350852353746 -0.05301883408576065 5.699354815466816e-19)
(0.0251976554088585 -0.05253064466520387 2.28981486539727e-18)
(0.01681102414412534 -0.04807851889136545 6.488874495979162e-19)
(0.005513614921303422 -0.03986687392027714 2.32667988420601e-19)
(0.005136350328162549 -0.02779987949033799 3.898666106867548e-19)
(-2.202000103323359e-06 -2.001245115844786e-06 5.759596817531726e-18)
(-2.973088413645193e-06 -3.110356174894444e-06 -2.758884825092185e-18)
(-3.361085541204664e-06 -4.222764308729277e-06 1.252578550588071e-19)
(-3.325444856440082e-06 -5.218432164864201e-06 5.37739163340671e-20)
(-2.898938843092988e-06 -5.951478040766393e-06 -2.51737608488943e-21)
(-2.184948674051335e-06 -6.269283723654533e-06 5.336237173562036e-21)
(-1.344936951763048e-06 -6.02579255870074e-06 1.949406419676131e-19)
(-5.747514212936077e-07 -5.077382896982383e-06 1.252871262762398e-19)
(0.00735871015228062 0.008379198492364624 1.102884186818375e-18)
(0.008312822103581283 0.005212449497632247 2.336168283586611e-18)
(0.02271893258499227 0.005340677519272768 3.802448081024321e-18)
(0.0337870601357495 0.007602708414443869 9.739809350237396e-19)
(0.04647630720515319 0.008413223721211185 1.057891534260546e-18)
(0.05869616849600146 0.007867474585665802 -3.430314940494549e-18)
(0.06956446688361791 0.006355165995152871 -4.639320848383473e-18)
(0.07796028899438968 0.004245107447583696 -2.909491345184142e-18)
(0.08341413956162885 0.002235875946436903 -2.597803853424712e-18)
(0.08643361993852329 0.0008552440752488621 -2.043644014999724e-18)
(0.08789692052620422 0.000139809631062757 -3.998860090342364e-18)
(0.08850115924074879 -0.0001238728347909695 -2.344286966743599e-18)
(0.0886846364346936 -0.0001486496030426284 -3.615241435134318e-19)
(0.08867696662320394 -0.0001101362170987149 -5.287512232503379e-20)
(0.08866221943721522 -0.0001843972400137456 3.676730078400045e-21)
(0.08859090640393649 -0.0002511709516407626 1.180832042158249e-20)
(0.06881403801682806 -0.01167606397414273 6.768715154681728e-19)
(0.06982510221043409 -0.006812040530727316 2.163012658522216e-19)
(0.06894591526705997 -0.002902494512017174 -8.958623256780807e-19)
(0.06774906143807383 -0.0006433841712438471 -1.697051883900645e-18)
(0.06684684554796153 -6.055400961192518e-05 -1.160118541649962e-18)
(0.06639354107954921 -6.078773021683174e-05 5.241665595035807e-19)
(0.06614903529707215 -8.366933110584129e-05 1.753081201872854e-18)
(0.06598245012452836 -6.91579064389606e-05 2.65900153131372e-18)
(0.065838007360299 -5.491399729090477e-05 4.02955904515027e-18)
(0.06569006284868034 -4.879744649154735e-05 2.48716611020377e-18)
(0.06552175474897146 -2.681764721467427e-05 -6.955805935189904e-18)
(0.06532076549292004 5.083431979153682e-05 -2.560098613318784e-18)
(0.06511054168130959 0.0002389657641119242 -3.380747836191993e-18)
(0.06500952947040059 0.0007735252649124047 -5.008985619205899e-19)
(0.0652245840931259 0.00252782357550931 -6.675196357319335e-19)
(0.06171350364454631 0.008896394807457639 -2.952508841346322e-18)
(0.04995583421539092 0.01554832763224144 -6.39237917357124e-18)
(0.05804900334622183 0.03948762362816094 -1.159800984640106e-17)
(0.05872088766835833 0.04719450853342669 -1.370993020547869e-17)
(0.0606554481582138 0.04697837303820199 -3.021772615806547e-18)
(0.06191116622151149 0.04396226865346907 -6.731502585109339e-19)
(0.06258040948622899 0.03960095643449044 -1.672712790212238e-17)
(0.06282717261739457 0.03459449287948701 -2.891749331615106e-18)
(0.06278466444233859 0.02926615410772156 -1.711417237976679e-17)
(0.06258795459012852 0.02377200237480595 -1.312538408025394e-19)
(0.06233943130486867 0.01816126749308343 -2.904941412103964e-19)
(0.06209744305772123 0.01240724179731145 -3.280557073071075e-18)
(0.06185887112178728 0.006425434751193924 -6.285096017583962e-19)
(0.06153791084829458 9.330460923252288e-05 1.277911586507641e-19)
(0.06093657184378058 -0.00671562035028732 1.400955876967836e-19)
(0.05972327951391386 -0.01406363730811482 2.942961964714194e-19)
(0.05743524902297182 -0.02183393187335995 3.248081533932181e-19)
(0.05358018712418683 -0.02958649330641944 3.52116039651367e-19)
(0.04789906592606741 -0.03648172397293246 3.020138201760356e-19)
(0.04058728040368811 -0.04153779049043129 8.505911645406844e-20)
(0.03223473454402814 -0.0440346538583512 1.455966283887549e-18)
(0.0233092699374506 -0.04352099461183664 1.219747552564319e-17)
(0.01564346091590021 -0.0398183092318565 2.131696666051415e-18)
(0.005093210615255894 -0.03311600584870619 6.313572950594965e-19)
(0.004768741358115535 -0.0231296956642651 1.107124806532555e-18)
(-2.992513227171537e-06 -2.058896138738465e-06 -1.524466896975608e-19)
(-4.062433625462349e-06 -3.263099258685078e-06 -1.607657730064942e-19)
(-4.610406941586709e-06 -4.528781042150614e-06 4.313693841998933e-20)
(-4.570954606573224e-06 -5.735742020476081e-06 1.632025287743961e-21)
(-3.97441412146142e-06 -6.733656321086974e-06 -1.038028720021958e-20)
(-2.94325823902656e-06 -7.364737635918647e-06 7.007888589016209e-21)
(-1.677993835096959e-06 -7.482683665210876e-06 7.40330157252262e-20)
(-4.313081296106089e-07 -6.967798019303501e-06 -4.02415282722569e-20)
(0.007407868825973244 0.005878631772734568 1.681054771294345e-18)
(0.009767439530649095 0.00594001222696954 3.219499280756881e-18)
(0.01597879764562612 0.006767273033335996 2.458042949932892e-18)
(0.02362899233318284 0.007605317570115644 8.673093595150594e-19)
(0.03225643654228329 0.008034611367426756 1.109023823769736e-19)
(0.04055048578340912 0.007566280750539865 -1.233848495609223e-18)
(0.04788388406376455 0.006268714074386975 -1.813218049542114e-18)
(0.05360988283189365 0.004500601198988584 -1.679531474497278e-18)
(0.05747855165827959 0.002746945986381665 -1.285305171998318e-18)
(0.05972623146740764 0.001396193237013399 -1.269945555899226e-18)
(0.06085583013061469 0.0005629943217771948 -1.670218337126065e-18)
(0.06133881737273376 0.0001475245848355463 -1.356991458016378e-18)
(0.06149652839102418 -1.599873333570892e-05 -6.172542577795839e-19)
(0.06151352438632843 -7.127362573610931e-05 -1.514861619908046e-19)
(0.06163936725924563 -0.0001050959987648457 -1.307526269251178e-20)
(0.06134017765437937 -0.00013921169345694 1.538620608557856e-20)
(-2.216298185214564e-07 7.765591599536575e-07 -8.592387094107104e-20)
(-6.599251660337029e-07 1.895246353404711e-06 -2.656539912129015e-20)
(-1.084120898326362e-06 2.705338185182531e-06 -8.901326274964166e-20)
(-1.486842733279623e-06 3.259689253301817e-06 6.186145212420728e-18)
(-1.859500811918951e-06 3.597373513977275e-06 -8.714894206256191e-21)
(-2.1908597993108e-06 3.750406184933192e-06 -1.5308264766696e-19)
(-2.467793338929085e-06 3.74635698974766e-06 -2.901094363538643e-18)
(-2.676625816747775e-06 3.61061537729212e-06 4.394975226992833e-18)
(-2.804450271696795e-06 3.36785855988204e-06 -1.129699687783939e-18)
(-2.840469334719682e-06 3.042794387411946e-06 2.089899955561829e-19)
(-2.777311870154732e-06 2.66022685622481e-06 -3.321683567917434e-18)
(-2.61219710172224e-06 2.244491843020075e-06 1.418623457661552e-19)
(-2.34779822616115e-06 1.818338113470166e-06 -1.142808810683033e-19)
(-1.992671072912223e-06 1.401369778356205e-06 -3.354804773230929e-20)
(-1.561055733385538e-06 1.008223053097085e-06 9.769621085722658e-21)
(-1.071726947730802e-06 6.467659232380074e-07 -7.322572169961651e-20)
(0.02427397824633058 0.02097919945858163 -6.052720326641444e-18)
(0.01913341470899499 0.03269066845279704 -1.915428326709652e-17)
(0.03244813376135369 0.04060146329453832 -2.639085197772252e-18)
(0.03998072966873715 0.04202436637221733 7.598772837320254e-19)
(0.04587547882479626 0.04055786177247356 1.531764889802483e-18)
(0.04995958774169329 0.03737075495383572 -1.391601923790624e-18)
(0.05279793448643957 0.03318941431266614 -1.536606761553473e-18)
(0.05473490439073971 0.02841346095929556 -2.117221521096117e-17)
(0.05604766287716254 0.0232740516838152 -2.893079783219094e-18)
(0.05692317254514157 0.01789140759496191 -2.031739957870759e-19)
(0.05747121520507593 0.0123122963956251 9.273056796830703e-19)
(0.05772023990676071 0.006535615371044572 2.189824876256612e-18)
(0.05760917581723767 0.0005369028983220725 2.2004356262953e-18)
(0.0569753520433064 -0.005699928260747975 8.110991267990703e-19)
(0.05556000256247454 -0.01213864129887619 1.949594747825949e-18)
(0.05303338911253618 -0.0186210885216474 2.04906877565438e-18)
(0.04910041596166267 -0.02481798369934032 2.277178857013158e-18)
(0.04366538376503622 -0.03016973495312617 2.217379044364161e-18)
(0.03691298093513329 -0.03402209927273838 -1.436639794193829e-18)
(0.0293138790709091 -0.03585170708405967 5.927564673438884e-19)
(0.02122528321468643 -0.03531878403761433 1.067143657710343e-17)
(0.01430303471052789 -0.03226814634179419 2.687100225438448e-18)
(0.004604963191801372 -0.02690397725483614 2.182342810334047e-18)
(0.004339737999995994 -0.01882586259744653 2.49446003377607e-18)
(-3.881667364786113e-06 -1.896843882260197e-06 -1.817964962273645e-19)
(-5.302213672246561e-06 -3.084438868961395e-06 -7.785563220451435e-20)
(-6.058358649176955e-06 -4.396523756838508e-06 8.616175257190619e-20)
(-6.05674197992883e-06 -5.721857375083888e-06 -3.435965641040001e-20)
(-5.322367821581665e-06 -6.918353476800636e-06 -3.36107066163196e-20)
(-3.991930859711425e-06 -7.839362130617096e-06 5.206732182065283e-20)
(-2.293342690735597e-06 -8.356580974974021e-06 5.194937004206635e-19)
(-5.078680632491714e-07 -8.381906537917663e-06 -1.216472741577686e-18)
(1.095486736782825e-06 -7.901155353205389e-06 -6.645252877675194e-20)
(2.422533514256182e-06 -7.079866095627621e-06 -5.562064944032349e-20)
(3.558034546988285e-06 -6.250945954777362e-06 -7.783715085612123e-20)
(4.572439452244034e-06 -5.38785733883787e-06 -6.872536244799159e-20)
(5.46318016176185e-06 -4.457766629656704e-06 8.127488710177856e-21)
(6.188546968438277e-06 -3.45339541674497e-06 -6.972957906852171e-20)
(6.70390754108378e-06 -2.392251233379952e-06 -2.33390401696555e-21)
(6.976751116129481e-06 -1.311129202897013e-06 -9.604467656425301e-20)
(6.988631170949146e-06 -2.59812500946581e-07 1.569562212387983e-18)
(6.734195516506624e-06 7.037399163906458e-07 7.969068027967118e-21)
(6.220254145559122e-06 1.516581679992818e-06 -5.670625432709869e-21)
(5.46507937634064e-06 2.112769685271975e-06 -2.219809583133241e-21)
(4.497673008827278e-06 2.424614613376471e-06 -1.499845479885466e-20)
(3.357245028887427e-06 2.383501630567387e-06 -9.127850567446695e-22)
(2.092641183396829e-06 1.918592924676971e-06 -5.01410766786584e-21)
(7.495359945220163e-07 9.304854344295305e-07 -1.110038652337604e-21)
(-3.352996034071022e-07 1.135989717894643e-06 -1.931972879082457e-18)
(-9.998231943376284e-07 2.750986389285504e-06 -1.167863201524014e-19)
(-1.645901147151246e-06 3.912789603067839e-06 -7.943763154368668e-20)
(-2.261447244856314e-06 4.703928291114115e-06 -3.27796185254393e-21)
(-2.832293939246996e-06 5.182229561269576e-06 -5.642170409441546e-18)
(-3.341108200434852e-06 5.394817584884488e-06 1.584663165758156e-18)
(-3.76780332079135e-06 5.382138943298229e-06 3.852371697702848e-18)
(-4.091155316671212e-06 5.181199288569523e-06 -3.851071049417053e-18)
(-4.290877832893291e-06 4.827749381559844e-06 1.759000234420132e-19)
(-4.349824918056452e-06 4.357397171780462e-06 2.811378674029761e-18)
(-4.256133666007741e-06 3.805724071977677e-06 2.69989824149095e-19)
(-4.00510575482944e-06 3.207509239393138e-06 6.291660930093166e-18)
(-3.600605374994795e-06 2.595202581405411e-06 -2.369053825884689e-18)
(-3.055722575964412e-06 1.996821874110204e-06 -3.001279714008785e-19)
(-2.392416250461549e-06 1.433539064707272e-06 -1.053740366822355e-19)
(-1.639679219590513e-06 9.170798196979617e-07 -3.320287795638771e-19)
(0.008179934064228497 0.01704392415137896 -8.158201401676588e-18)
(0.004208707305970451 0.02323678916663339 -1.4783167671546e-18)
(0.01783553359601314 0.03012208073969342 1.194546203952803e-17)
(0.02595979635940916 0.03357914006962764 1.339323969882778e-17)
(0.03336486723258925 0.03421528481665189 1.373847742501624e-17)
(0.03903549827711354 0.03274474644071371 2.1491527420343e-18)
(0.04336988927028655 0.02985700996811131 7.516747623272109e-18)
(0.04661225666389931 0.02603231441226571 -1.261287950299894e-17)
(0.04900859604446866 0.02159193533532929 -2.827548826387113e-18)
(0.05073977041498821 0.01674185247000967 2.430401437349596e-19)
(0.05192239836585741 0.01161214480601573 1.096097422228407e-17)
(0.0525992186591978 0.006288207628862993 1.426268149341931e-17)
(0.05273238691028943 0.000836945353151339 1.386404807576802e-17)
(0.05219504951853439 -0.004667869241028012 3.308829422075893e-18)
(0.05078953967614751 -0.01012746548663157 1.144034733532705e-17)
(0.04826681593745168 -0.0153783610089542 1.241079284404954e-17)
(0.04444871456216886 -0.02021876178417573 1.972952322054449e-17)
(0.03935373119244025 -0.02429391814146077 1.89113936076823e-17)
(0.03317657996624251 -0.02716289391477477 -1.576086206377057e-17)
(0.02631526105188652 -0.02845397017006713 -3.215475853121142e-18)
(0.01904995738804016 -0.02792469330086509 1.012583668363032e-17)
(0.01287037414596669 -0.02545620322531216 1.020209642081843e-17)
(0.00407730466277641 -0.02128236020914723 1.130472079423923e-17)
(0.003873670063025436 -0.01492718886922615 1.036142199011388e-17)
(-4.814566557288184e-06 -1.457544461852024e-06 3.855925119537136e-18)
(-6.615181512670851e-06 -2.481672378673496e-06 -2.815867675252399e-19)
(-7.613746522135405e-06 -3.687460468789448e-06 2.54634723027393e-18)
(-7.688976978398841e-06 -4.976411544859675e-06 6.491233462778749e-20)
(-6.859918425189751e-06 -6.220956720416788e-06 -8.380416271688139e-20)
(-5.273870670602539e-06 -7.290533317170882e-06 -1.56680526948404e-20)
(-3.177064642323653e-06 -8.07026574261259e-06 7.579669848266803e-20)
(-8.649640782882814e-07 -8.473667931796838e-06 -5.577457652014137e-20)
(1.3934090642557e-06 -8.454289087416952e-06 -1.398448074581763e-19)
(3.451119773592538e-06 -8.023020065904031e-06 -6.192770057776107e-20)
(5.286472336354887e-06 -7.286204902220636e-06 -1.012152563405001e-19)
(6.908829942311391e-06 -6.306750983886382e-06 4.769997035129116e-18)
(8.301129330780949e-06 -5.136535410462696e-06 -4.1550525527841e-20)
(9.417871982177715e-06 -3.826085579512403e-06 -2.637324988293457e-18)
(1.020599296812884e-05 -2.429795430021302e-06 -2.881331506152945e-19)
(1.062216722518688e-05 -1.010267886647834e-06 -8.5146254926492e-19)
(1.064028447382397e-05 3.608657209277014e-07 -7.523974616147567e-19)
(1.025298283187891e-05 1.604505203488087e-06 8.306499249251163e-19)
(9.470930146986915e-06 2.636041840612009e-06 1.044409988579732e-20)
(8.321450036219598e-06 3.36664827366509e-06 -1.630599189955947e-20)
(6.846986790159156e-06 3.703494126931078e-06 4.845864005029891e-19)
(5.103439548113193e-06 3.548417959696503e-06 -1.720244585849557e-20)
(3.157301211830269e-06 2.793037248257496e-06 -3.077738718201927e-20)
(1.075336620929874e-06 1.292082301118354e-06 -4.601521305793227e-21)
(-4.52118356930771e-07 1.413991799034415e-06 5.825382167506431e-18)
(-1.349324463951248e-06 3.421292633648196e-06 -1.1104895429526e-19)
(-2.224357592918056e-06 4.861817249015524e-06 -3.629728571092571e-19)
(-3.060671337462659e-06 5.83927131514797e-06 -1.760914190031331e-19)
(-3.838118445330298e-06 6.426165746152394e-06 6.995752414899874e-20)
(-4.532475110334555e-06 6.68194515831633e-06 -1.551804367237642e-20)
(-5.116100437225536e-06 6.658113398238814e-06 -3.076910349426841e-19)
(-5.559824629101419e-06 6.401865200019764e-06 1.412137057650572e-19)
(-5.835640269611893e-06 5.958501779080878e-06 3.129919986919515e-19)
(-5.919726792578007e-06 5.372670054014025e-06 2.309992753850341e-18)
(-5.795440516689811e-06 4.688490692204839e-06 1.129506914367243e-19)
(-5.45594402417927e-06 3.948682510509626e-06 1.167448084481694e-19)
(-4.906147859804529e-06 3.192842761137304e-06 -1.25524632838376e-19)
(-4.163638515916092e-06 2.455081910819439e-06 -7.349352525210606e-20)
(-3.258226561095312e-06 1.761171125218568e-06 -4.823832961690126e-20)
(-2.230068906524784e-06 1.125400737618911e-06 -1.924300084288077e-19)
(0.003564626788538291 0.01262386637295518 -4.362814377755719e-18)
(0.00192054126538158 0.01691396895404492 -1.759261260474866e-17)
(0.01152586595722737 0.02195774561474789 9.494472626685031e-19)
(0.01787844160526067 0.02584015157607452 1.334825883571012e-18)
(0.02468592784223757 0.02757436538556847 1.512047966005027e-18)
(0.03045832493487705 0.02735784687875953 -7.506680776318139e-18)
(0.03524974372343071 0.02562348921726346 1.26927930935355e-18)
(0.03907722021087653 0.02277957399477363 -1.035030511367831e-18)
(0.04205805917116498 0.01915044600219919 -5.816615700647593e-19)
(0.04430433026053342 0.0149799687729476 -1.585174085685361e-18)
(0.04590274430304871 0.01045402322726657 8.904387052891778e-19)
(0.04689249527774891 0.005726061478871815 1.311804523359399e-18)
(0.04725236829121006 0.0009391384147350558 1.928451536783573e-18)
(0.04688381185311281 -0.003757400001065715 6.247384757768158e-19)
(0.04563392907302342 -0.008218033843580597 1.169406075404409e-18)
(0.04327662746330408 -0.0122799379957844 1.982865460923529e-19)
(0.03969206952108796 -0.01590275874411175 1.073407628578411e-18)
(0.03500045792066264 -0.01889920362638674 -6.813779646682917e-19)
(0.02941746738338933 -0.02096035652351113 -2.664024918033558e-18)
(0.02328707141463503 -0.02182411365343884 -9.996119263439754e-18)
(0.01683391910507947 -0.02132690020022982 1.844336743753518e-17)
(0.01138791140313292 -0.01938686298321729 2.869652896031171e-18)
(0.003533471910005696 -0.01627368473205357 1.311871515630447e-18)
(0.003381140140082913 -0.0114508547864534 2.051406838877459e-18)
(-5.720352939467006e-06 -6.976601624410672e-07 -2.101025639332841e-19)
(-7.896044305459401e-06 -1.386963836406984e-06 -1.176666325131073e-19)
(-9.142147268980825e-06 -2.298725062605846e-06 -6.540517277380848e-18)
(-9.31317361833146e-06 -3.346240271590376e-06 -6.757765292277423e-20)
(-8.423369398720838e-06 -4.41952141055045e-06 6.325734813816898e-18)
(-6.625709523178829e-06 -5.406434575850466e-06 -1.171449338627256e-19)
(-4.172829664587452e-06 -6.202736437014959e-06 1.758770236597686e-19)
(-1.361443636120098e-06 -6.715870823978919e-06 -9.941508457490547e-20)
(1.533724874565063e-06 -6.870401523574772e-06 5.498725780703828e-18)
(4.314424135425619e-06 -6.625433761970473e-06 -3.257532424748922e-19)
(6.867248933415033e-06 -6.002156957357445e-06 -1.458853520728956e-19)
(9.128337091922855e-06 -5.05310239532538e-06 3.254049356574606e-20)
(1.104535323290983e-05 -3.850353972295606e-06 -5.734523217312607e-18)
(1.256139336640013e-05 -2.473385493154123e-06 4.932075976157454e-18)
(1.361902052405065e-05 -1.002853129749952e-06 4.015991406939559e-18)
(1.417103648789636e-05 4.793407715353998e-07 -4.436687167105633e-19)
(1.418876005435631e-05 1.888316109640003e-06 -1.339391553292189e-19)
(1.366568718130009e-05 3.135329225915223e-06 -2.639244956719135e-21)
(1.261787763660351e-05 4.127646240221529e-06 -2.55724217238652e-20)
(1.108261662423381e-05 4.768243711800787e-06 4.430623409659086e-21)
(9.116407551515524e-06 4.954573626155413e-06 -1.229713001986817e-18)
(6.792392754317606e-06 4.575486641387495e-06 4.450313635101918e-20)
(4.196523737721742e-06 3.505023775425423e-06 1.668137674519753e-20)
(1.419391142596402e-06 1.577394147623612e-06 4.194976190340482e-22)
(-5.729107884430446e-07 1.596388165835388e-06 -4.133929870627118e-20)
(-1.710546111403748e-06 3.867638309224767e-06 -2.35308029576887e-19)
(-2.821689838038979e-06 5.495676961498469e-06 -1.753459836975155e-18)
(-3.885242153428949e-06 6.595765519373234e-06 -2.451256309565538e-18)
(-4.874879551014684e-06 7.250200515397567e-06 -8.204044738631896e-20)
(-5.75909860614347e-06 7.527652538589363e-06 -1.59034698180801e-19)
(-6.502394178599564e-06 7.488444083022031e-06 5.109822099584186e-18)
(-7.067609402570485e-06 7.188090132568062e-06 5.049966120170406e-20)
(-7.419185734348194e-06 6.679528171687262e-06 -3.186645127725284e-18)
(-7.526884371182076e-06 6.014211225908658e-06 -3.30443705130225e-18)
(-7.369520597484518e-06 5.24215617664749e-06 2.416349352187534e-19)
(-6.938271101966133e-06 4.411050784679151e-06 -3.483808153936544e-18)
(-6.239133975792597e-06 3.564543836714982e-06 1.711483119326821e-19)
(-5.294144700081216e-06 2.739868328447206e-06 -1.943998841320811e-20)
(-4.141114494945303e-06 1.964945486031505e-06 -1.226807067786924e-19)
(-2.831726397237513e-06 1.255094389086744e-06 -2.139356018296882e-18)
(0.002262667564313672 0.00944146124675219 -4.181447915209465e-18)
(0.001971112255859976 0.01294327196812387 -1.113244467525451e-17)
(0.008509298275056447 0.0164164360970705 -1.2946680437459e-18)
(0.01315020309356483 0.01976210649469678 -1.04509252077629e-17)
(0.01875772313132678 0.02171988554160681 -2.168468197372137e-18)
(0.02392853985652961 0.02216247342442889 -2.147733896236832e-19)
(0.028520839790959 0.02124453539739197 3.354640118591733e-18)
(0.03238648437417362 0.01922642973695914 9.078969190857217e-18)
(0.03551900738260125 0.01636777052341574 -2.971955489817818e-19)
(0.03795122118795357 0.01289924667314126 -1.204507899693348e-17)
(0.03972851017228509 0.009025214122324331 -4.390531357727474e-18)
(0.0408799029613264 0.004939726729950813 -9.853485732592214e-18)
(0.04140004119544886 0.0008434010025499299 -1.367049137148208e-18)
(0.04121537899976111 -0.003046204116373599 -5.43012264184988e-19)
(0.04021333475029813 -0.006533739409066694 -1.948219913536925e-18)
(0.03812095921050798 -0.009430739838984304 -1.653333536985926e-17)
(0.0348293826380911 -0.01193977504643081 -2.790273046146936e-18)
(0.03058201744675584 -0.01402731128789105 -1.832715256436526e-17)
(0.02562053600727365 -0.01543468752398889 -2.275767810588532e-18)
(0.02022859977650734 -0.01597038269604625 -1.267182489921582e-19)
(0.01458494036959732 -0.01553314252965725 1.274871408120002e-17)
(0.009858217620682818 -0.01407391876256767 2.492717719935273e-18)
(0.002953013951875987 -0.01190431818858686 7.236194400361124e-19)
(0.002855201858263104 -0.00840956003228332 -3.332120222360767e-18)
(-6.519616930164476e-06 4.08147686708593e-07 -7.993156771344378e-21)
(-9.019411716756584e-06 2.339054369283509e-07 1.634331299763822e-18)
(-1.047520352600803e-05 -1.789345291992352e-07 2.219135796940475e-19)
(-1.072763446263486e-05 -7.529450575783324e-07 2.628592334217539e-20)
(-9.790155954762314e-06 -1.400200148033489e-06 -2.350240035522764e-19)
(-7.817201819591444e-06 -2.033466893014077e-06 5.825863498530758e-18)
(-5.059393606270807e-06 -2.567262797737759e-06 -5.136554704728378e-18)
(-1.810897645288976e-06 -2.917853068858459e-06 1.630203830084189e-19)
(1.64224932118354e-06 -3.01003103730978e-06 -2.578396497012298e-19)
(5.059164397920807e-06 -2.793915849234625e-06 -1.4664758710163e-18)
(8.258065288819925e-06 -2.26075887824282e-06 4.640711725657501e-18)
(1.11088483724397e-05 -1.44089055516077e-06 -1.230301514163542e-20)
(1.351501911809033e-05 -3.95653613632441e-07 4.656396334448241e-18)
(1.53988210664889e-05 7.96110420435989e-07 -4.6001535602442e-19)
(1.669630125690838e-05 2.049754054378461e-06 -6.988479047848564e-19)
(1.735995612821891e-05 3.280639501101199e-06 4.990291719756574e-18)
(1.73635557059763e-05 4.405277450046305e-06 -1.901785939970086e-19)
(1.670545603257509e-05 5.340387491109891e-06 -1.761307817279693e-20)
(1.5409425916664e-05 6.001293490140881e-06 -1.063229136422688e-19)
(1.352349787366904e-05 6.29979819932085e-06 -2.113464447369785e-20)
(1.111753741322649e-05 6.141051598139696e-06 2.749592392287568e-20)
(8.279920557090984e-06 5.418810135498272e-06 -9.423376320083261e-19)
(5.113430648910145e-06 4.008666309881191e-06 -4.263782284527714e-19)
(1.727210641177331e-06 1.744759845275163e-06 1.943694223194428e-20)
(-6.982653237620241e-07 1.680874888662003e-06 -8.493600333359087e-21)
(-2.08485477223028e-06 4.079548620263733e-06 -5.905538937338646e-20)
(-3.438858338851306e-06 5.796041311588343e-06 -3.489774819967933e-19)
(-4.734023627609796e-06 6.948427146974369e-06 5.700355945304133e-18)
(-5.937588219779005e-06 7.624001394490772e-06 1.304931425239648e-19)
(-7.010747950904231e-06 7.897665949045023e-06 -1.152755650832511e-19)
(-7.910362776509866e-06 7.836375961955792e-06 -2.503583977201664e-18)
(-8.591834876279722e-06 7.502041155853408e-06 -1.267211601457904e-19)
(-9.012876353530408e-06 6.95322436490781e-06 2.094592717917752e-18)
(-9.137775130210225e-06 6.245861392420709e-06 3.641687016417243e-19)
(-8.941689268925513e-06 5.433135051437048e-06 -1.223329916320703e-18)
(-8.414473063477704e-06 4.564603075328695e-06 5.96138083379754e-20)
(-7.563557613134413e-06 3.684674735302896e-06 3.740726416839501e-21)
(-6.415507397627778e-06 2.830521312803687e-06 -1.691920434366566e-20)
(-5.015925060767278e-06 2.029502232582959e-06 -1.476822256629564e-21)
(-3.427515832387512e-06 1.296199013449623e-06 -4.955286942346773e-19)
(0.001807036331170802 0.007176760049201742 -2.581600388399445e-18)
(0.001781982307290649 0.009970118695580787 1.768527590900462e-18)
(0.006630632274462171 0.01244981420065729 1.469721108836858e-17)
(0.0100918343640098 0.01508598778554748 -1.819752587552725e-17)
(0.01456083406223604 0.0168723779447855 -2.925680334148056e-18)
(0.01892544823278852 0.01757361045951956 -5.290828188995188e-18)
(0.02299804816021608 0.01716820928675363 1.817265204842634e-17)
(0.02656079136235638 0.01578132197248266 -1.517727244906646e-17)
(0.02952791237072524 0.01358701158683773 -4.692126042962469e-18)
(0.03187093133010178 0.01077153897596483 -4.981788315657743e-18)
(0.03359985949438962 0.007525612803554653 -1.09556839934931e-17)
(0.03473700844405668 0.004054959732863501 -2.880835690727565e-18)
(0.03529997340825301 0.0005969242038857637 -2.544966662129663e-19)
(0.03524766080030541 -0.002565762488854819 -2.177436358884276e-18)
(0.03453535387027209 -0.005161224896074876 -1.648724343919178e-17)
(0.03274754823792522 -0.006882920761992812 -2.535059456212062e-18)
(0.02976615475857849 -0.008350162542696231 7.498713760607561e-19)
(0.02600270479738662 -0.009681622385425406 5.153743407560727e-19)
(0.02171878853128865 -0.01055698303080151 1.572956853218305e-18)
(0.01710314264503684 -0.01083033586238146 1.582605413943308e-18)
(0.01228970356267031 -0.01045864097330263 1.104491651258722e-17)
(0.008267662304219272 -0.009422661998158079 2.287259459366532e-18)
(0.002271130156041749 -0.008112424211597793 1.144505717811343e-18)
(0.002314247755923381 -0.005766746249344362 1.423520032472799e-18)
(-7.134441474149125e-06 1.870949465217664e-06 -3.290534482380995e-19)
(-9.849634305895277e-06 2.380950344882935e-06 1.279355242226853e-20)
(-1.1425682785347e-05 2.664441906112431e-06 5.436224875243713e-20)
(-1.170856330194928e-05 2.790001533912014e-06 7.896358442706639e-20)
(-1.071705113812448e-05 2.815561035713525e-06 3.928708793238061e-18)
(-8.603855749631461e-06 2.792726839544657e-06 -2.873649095455336e-18)
(-5.612313490707622e-06 2.774094893554478e-06 1.277080484161037e-19)
(-2.031816878051131e-06 2.815403656047152e-06 4.418684688669582e-20)
(1.842565341787893e-06 2.969532179426847e-06 -6.466646981657798e-18)
(5.74039876370204e-06 3.274703496954426e-06 -4.826774154912827e-18)
(9.433711743929028e-06 3.744534490218222e-06 -3.44683261338322e-18)
(1.274247968877595e-05 4.364174345070445e-06 1.91647033602684e-19)
(1.553028724468782e-05 5.092392536324474e-06 -1.610830824214099e-19)
(1.769592585625481e-05 5.86982540876687e-06 -2.696091005162482e-19)
(1.916676837815899e-05 6.629263573801152e-06 -2.013146936174092e-19)
(1.989615245998663e-05 7.303394331491025e-06 -4.687921486912259e-19)
(1.986365116147387e-05 7.82829771433873e-06 -3.280783860195486e-18)
(1.907592700465047e-05 8.143419385996369e-06 -2.410534010487599e-18)
(1.756658361486228e-05 8.189305605767281e-06 7.476900679686282e-21)
(1.539456193071307e-05 7.90387990439595e-06 -1.741419360253081e-20)
(1.264127677498561e-05 7.217446146726668e-06 1.472218045653715e-18)
(9.406885061566134e-06 6.046372387996744e-06 2.147723713156841e-19)
(5.806229864097935e-06 4.285628764885783e-06 8.8114741387526e-21)
(1.960038001444292e-06 1.787237412585524e-06 2.232148923089436e-20)
(-8.285385261600799e-07 1.674151749921126e-06 -2.253017760810458e-21)
(-2.472929730465249e-06 4.069104243557896e-06 -5.538611675695103e-20)
(-4.075712241953327e-06 5.776825051451238e-06 -3.070200259293852e-19)
(-5.604440585726305e-06 6.911197693186652e-06 -1.46325907192248e-19)
(-7.019511836272186e-06 7.560442122007613e-06 -3.158763266498122e-21)
(-8.275044854818832e-06 7.803064849757528e-06 -2.363933193031417e-19)
(-9.321019824079072e-06 7.710733841233405e-06 -2.478606483739792e-19)
(-1.010659939106517e-05 7.35003243223023e-06 -5.422856410937871e-19)
(-1.058429876544132e-05 6.783314877782708e-06 -7.713124255015245e-19)
(-1.071460748307252e-05 6.068865490839069e-06 -5.094768632996702e-18)
(-1.0470605424705e-05 5.260504745247321e-06 -6.718455684824638e-18)
(-9.842069665099568e-06 4.406758858650599e-06 5.229033378329599e-21)
(-8.838618982317387e-06 3.549656965571831e-06 1.938148978265551e-20)
(-7.4914734109594e-06 2.723186929713835e-06 1.267897752332559e-19)
(-5.853485446947288e-06 1.951412839121865e-06 -5.318829846871978e-18)
(-3.997232452123897e-06 1.246236042706859e-06 -1.501672109078699e-19)
(0.001456232170092033 0.005457174104584958 -1.565095205454733e-18)
(0.001402623915477444 0.007604847614632882 -4.970599326740248e-22)
(0.005233924031410083 0.009421731085350637 -1.79908929626036e-17)
(0.007896931561674122 0.01144508000155589 -7.797873254262148e-18)
(0.01143528196701785 0.01295121330947104 -3.700365263088313e-18)
(0.01500764275413545 0.01370684730594105 1.057315988040698e-17)
(0.01844777273835274 0.01361081468181306 1.472011486349065e-17)
(0.02152895556471587 0.01269590144290984 -6.892492123784353e-19)
(0.02412582971866624 0.01105883247523799 -2.174053196238352e-17)
(0.02616999113038817 0.008829341886890454 -1.380722816633851e-17)
(0.02764514385850765 0.006161980860628054 1.170529448624466e-17)
(0.02857050626272473 0.0032469077857337 1.684698253447756e-18)
(0.02899359165902234 0.0003335599035070756 9.247472821583867e-18)
(0.02892313594931174 -0.002239663766163625 -1.094076145770215e-17)
(0.02847556017410568 -0.004073646064394682 6.127405531317268e-18)
(0.02694609829835741 -0.004549264545811229 -4.484315119079492e-18)
(0.02434400673263749 -0.00515792209718012 1.813341133512419e-17)
(0.0211671227487499 -0.006089138807779857 2.008936012917578e-17)
(0.01767104992039474 -0.006699993408454574 1.253032098950032e-17)
(0.01390149836057579 -0.006855118293511419 2.757221899105804e-18)
(0.00996424201052663 -0.006569558616864918 1.022683520210368e-17)
(0.006637205158838303 -0.005831603810672099 9.337833036028015e-18)
(0.001491199617571887 -0.005195555969936205 9.381219197277303e-18)
(0.001874952483934871 -0.003670813710355703 6.013992644872372e-18)
(-7.49789519568925e-06 3.708448113656153e-06 -1.928478900406683e-19)
(-1.024988643335005e-05 5.030128208151395e-06 -4.584981245187328e-18)
(-1.180721314489612e-05 6.165616734228174e-06 2.58167263115922e-19)
(-1.204258720359683e-05 7.170708651556409e-06 1.532020544651617e-18)
(-1.098235156560306e-05 8.063268281250575e-06 1.109032702365227e-19)
(-8.772519902277632e-06 8.848259452191442e-06 -1.174471456582178e-19)
(-5.643849077042291e-06 9.532436824390654e-06 2.056580902901634e-18)
(-1.876323990812633e-06 1.012917420802019e-05 1.923467703203459e-19)
(2.233875584070773e-06 1.065570953291238e-05 3.919077778317395e-19)
(6.401829468959943e-06 1.112662242750377e-05 4.439084857192319e-20)
(1.037392594393377e-05 1.154763336781673e-05 -5.503052037564595e-18)
(1.393963652449514e-05 1.191162536205779e-05 1.265444409347599e-19)
(1.693527503533049e-05 1.219791937329953e-05 -2.21332220459891e-20)
(1.924175545254571e-05 1.237573051139011e-05 -6.643769954684781e-20)
(2.077973775581679e-05 1.241042224704139e-05 8.941520394307514e-20)
(2.150498984205933e-05 1.226956624624854e-05 -6.087921032089363e-18)
(2.14051418729027e-05 1.192642043242541e-05 1.338401209991924e-19)
(2.049741327966436e-05 1.136005437587671e-05 2.946852101143756e-19)
(1.882638165940937e-05 1.055252146678494e-05 3.968073775289172e-20)
(1.646115860836489e-05 9.483804803679446e-06 8.568206496351578e-21)
(1.349184572097244e-05 8.125128741099264e-06 -1.373280634773373e-20)
(1.002553316162801e-05 6.431070005132652e-06 -8.613215199109368e-22)
(6.18228760239023e-06 4.330866613644867e-06 -1.564287703333582e-19)
(2.085669957494569e-06 1.70908774910542e-06 -9.978243999975211e-19)
(-9.637733758361474e-07 1.58958570801494e-06 4.5038755278984e-21)
(-2.874579363872619e-06 3.865550896015035e-06 -4.778830432510475e-20)
(-4.73086656572726e-06 5.47720401278357e-06 6.192716159363593e-18)
(-6.49259395062423e-06 6.529267076051885e-06 -1.358022626269416e-19)
(-8.112793140014067e-06 7.107822124650378e-06 -2.470982675610844e-19)
(-9.538878974457037e-06 7.292884637864045e-06 3.271669798420647e-18)
(-1.071510313776781e-05 7.159260187232508e-06 6.31339387108467e-18)
(-1.158615199728515e-05 6.77679052120796e-06 -1.309947254332412e-19)
(-1.210152322128459e-05 6.210119216570409e-06 -4.737634759488808e-18)
(-1.222026778384421e-05 5.51813094228277e-06 3.56334328244927e-18)
(-1.191563922549235e-05 4.753205065517328e-06 -1.85368508679138e-19)
(-1.117918856712312e-05 3.960406298690258e-06 1.793140089992648e-20)
(-1.002387846530599e-05 3.176679517198503e-06 2.066791082445968e-19)
(-8.485833707918156e-06 2.430048819586817e-06 1.091479791266576e-19)
(-6.624432280091493e-06 1.738731788198441e-06 -4.421655632612363e-18)
(-4.520511533470791e-06 1.110004836573221e-06 -6.787370359979227e-20)
(0.001141810431911297 0.004098450954464954 4.591868688575891e-18)
(0.001062815004179264 0.005704724285893944 -7.305370682768875e-19)
(0.004139887656473353 0.00703505709826388 -2.768282456390932e-18)
(0.006217515208676751 0.008581366703774174 -3.741674112529089e-18)
(0.009009958992536073 0.009816801559205912 -7.691742173944195e-18)
(0.0118753503174286 0.01054652316174513 1.112471400686684e-17)
(0.01468056276657715 0.01064801325557411 4.466356675987114e-18)
(0.01721367309602716 0.0101018997850381 4.431534202975286e-19)
(0.01933131950833173 0.008945777433047449 -9.645552270443268e-18)
(0.02093796483111406 0.007251693263570153 -3.908851964930951e-18)
(0.02199397911875132 0.005122226934004282 -1.553445462034633e-17)
(0.02250931964697261 0.002702001328603247 1.213230897963232e-18)
(0.02254748996546357 0.0002050354092317699 1.926662798471077e-17)
(0.02216554903011592 -0.002046006364115974 -1.855238891841637e-17)
(0.02177538946169214 -0.003521834125939491 6.927683458237996e-18)
(0.01995154503329925 -0.003049920825787293 9.617301438075338e-18)
(0.01800991759538968 -0.002543063973282312 3.059143878534258e-18)
(0.01562435921689371 -0.002644927491951795 2.815018039631119e-18)
(0.01314227498056001 -0.002512008061024695 3.444109367163203e-18)
(0.01044832742791593 -0.002196341680389695 2.607930040947363e-18)
(0.007633078541866364 -0.001788623487840889 9.679645245192386e-18)
(0.005266879893686072 -0.001182627222462599 -2.353731771365373e-19)
(0.001560697224169457 -0.00136186715827633 -7.221814392509088e-18)
(0.001608467960098734 -0.002028815035368157 -3.262282806116633e-19)
(-7.557324650786122e-06 5.986885620687388e-06 -2.37479712526442e-19)
(-1.009014517859737e-05 8.143941586666228e-06 4.185271111394671e-20)
(-1.145869331622268e-05 1.020035564527032e-05 1.612808147029133e-19)
(-1.156164998027123e-05 1.217903562843463e-05 4.357351705810399e-19)
(-1.042321022686661e-05 1.404420752859127e-05 1.930410134597879e-18)
(-8.174666579020557e-06 1.574471625404082e-05 -1.658424676718726e-18)
(-5.028382494683787e-06 1.723264286900472e-05 1.813094145890054e-19)
(-1.248539214191444e-06 1.847065797287825e-05 -3.582328351800837e-18)
(2.877817012507324e-06 1.943312714524736e-05 5.060228563102669e-20)
(7.066718282900731e-06 2.010411494068995e-05 5.274283505950371e-18)
(1.105825962706549e-05 2.047445691902381e-05 6.415668865220864e-18)
(1.463135152100932e-05 2.053912391624226e-05 3.31295732982091e-20)
(1.761176558357121e-05 2.029572986428645e-05 -9.774898833633127e-20)
(1.987404292440841e-05 1.974501136727739e-05 -2.13535296063149e-19)
(2.133893836137133e-05 1.889314151261789e-05 -1.732677619023297e-21)
(2.196858674924709e-05 1.775448673115791e-05 5.057494719805619e-18)
(2.176117342010718e-05 1.635301571643839e-05 -1.359917079409508e-18)
(2.074592170192308e-05 1.472115841106374e-05 3.091463131989631e-19)
(1.897843498804407e-05 1.28958277595926e-05 -8.489588262585847e-19)
(1.653616219858198e-05 1.091196732238035e-05 -1.407640047431447e-20)
(1.351387733372449e-05 8.794242827657841e-06 1.351578119837146e-21)
(1.001929898582546e-05 6.54750151165358e-06 2.822798868617113e-20)
(6.169100881178073e-06 4.146530068671692e-06 -1.013349530948375e-18)
(2.079421576463888e-06 1.519813011943748e-06 5.189530680992205e-20)
(-1.103581154781389e-06 1.444826065286672e-06 -5.944732013722086e-21)
(-3.288433429908527e-06 3.509568074122312e-06 -1.634963950088379e-20)
(-5.401346183765585e-06 4.953711236358089e-06 -1.09272179026989e-19)
(-7.393041072921447e-06 5.869917653919684e-06 -5.331395363758506e-20)
(-9.208560048847031e-06 6.340143604259638e-06 -1.393000269097943e-19)
(-1.078906139615202e-05 6.444383095956794e-06 -8.949671627130782e-19)
(-1.207445777920072e-05 6.259340157867255e-06 -5.636623085116051e-19)
(-1.300709971986669e-05 5.856990516283299e-06 -2.775628349107448e-18)
(-1.353612067883029e-05 5.303117001026502e-06 2.840941957013926e-18)
(-1.362202618369597e-05 4.655924086956697e-06 -2.268012563067846e-20)
(-1.324106516765739e-05 3.964860067262328e-06 4.8815560532709e-20)
(-1.238895110176912e-05 3.269778137329933e-06 2.292367279036556e-19)
(-1.108357323888579e-05 2.600527294425309e-06 -3.241803944407127e-18)
(-9.366434263022912e-06 1.976978784897854e-06 2.231103732030721e-19)
(-7.302631318193732e-06 1.409349691778423e-06 6.250563764302041e-18)
(-4.979247825024615e-06 8.985305180674551e-07 -5.227679244088192e-19)
(0.0008836396086393064 0.003019460856845287 -4.784150096688335e-18)
(0.0008073786276630633 0.004191570893894481 -1.106840889178153e-17)
(0.003266397783195801 0.005149217452851583 -1.520131398897025e-18)
(0.004886765315460041 0.006330417303226673 3.429275807739534e-19)
(0.007078007671219075 0.007339006723967943 1.66776984781229e-17)
(0.0093405632159948 0.008024743817471421 2.454798353713575e-18)
(0.01156677723361464 0.008273654683860715 1.681522306628358e-18)
(0.01356244647045986 0.008044487312486338 3.554104379424943e-19)
(0.01517233307293036 0.007336324731259723 1.603592616056712e-17)
(0.01627584541490055 0.006171689802188777 1.912334915347636e-18)
(0.0168022026503807 0.004602376826405868 9.07789009116825e-18)
(0.0167221524950007 0.002725590342486669 1.723624361566907e-18)
(0.01603504046686856 0.0007143230388741813 8.336479224972536e-19)
(0.01473949713518398 -0.001127810292585932 -1.950328200233816e-17)
(0.01347049349182209 -0.001880925015612372 8.051534066441624e-18)
(0.009732477150273078 -0.0005033628567260907 5.182957010562607e-18)
(0.0121321263165401 -0.00198991131961283 2.966346016019319e-18)
(0.01109638884042297 -0.002180373727619781 7.894398968639385e-18)
(0.0093048160124672 -0.002165775237081233 3.587660903319582e-18)
(0.007403514753117459 -0.002032107873256124 2.692581207908867e-18)
(0.005447160495386974 -0.001796711474387835 2.264592955815518e-18)
(0.003683311727855354 -0.001569212448309675 -7.796850158353908e-20)
(0.002151284127559122 -0.001421741825158156 4.139074203046363e-18)
(0.0015593840591303 -0.001427791791812168 -1.550675646115102e-18)
(-7.248257468747991e-06 8.814955253118577e-06 -8.007658130795418e-19)
(-9.252686115396877e-06 1.164157390638179e-05 -1.406097538103156e-20)
(-1.027196219805643e-05 1.457112328197762e-05 -3.832563351940408e-18)
(-1.01741889467981e-05 1.751007586198953e-05 -3.405962816189792e-18)
(-8.962550922341465e-06 2.034752468686209e-05 -6.438501507369799e-19)
(-6.746858001048877e-06 2.296871281311751e-05 -3.52162344529416e-18)
(-3.716831788111604e-06 2.526685910463327e-05 2.144530298828104e-19)
(-1.146298452541373e-07 2.715095435029376e-05 1.681258103941627e-19)
(3.792131847203369e-06 2.854999657634413e-05 -1.775596511452874e-19)
(7.735121871675545e-06 2.941470066096172e-05 3.350963495787625e-18)
(1.14661422838877e-05 2.971757489430519e-05 -2.767148621521968e-18)
(1.477280635696029e-05 2.94520396827056e-05 5.684131984472443e-20)
(1.748833360638163e-05 2.863115073540494e-05 -2.291700686005382e-18)
(1.949549206905566e-05 2.728650391732113e-05 3.318372778002812e-18)
(2.072551142978099e-05 2.546756275662162e-05 -1.941802290047957e-19)
(2.115344798992759e-05 2.324097640129044e-05 1.444955419980239e-21)
(2.079166708165428e-05 2.068893923300652e-05 -4.2211325949291e-20)
(1.968276637921576e-05 1.790565810146257e-05 6.869350512365642e-20)
(1.789270487064128e-05 1.499145098138183e-05 -6.878676629160771e-21)
(1.550446562005679e-05 1.204455757425132e-05 1.727348015515848e-21)
(1.261239607500087e-05 9.151130865634729e-06 -3.247071822937227e-21)
(9.317359719684818e-06 6.374032100344264e-06 1.076856991662488e-21)
(5.722858352229026e-06 3.741045944525775e-06 2.864030552499882e-20)
(1.926476018477641e-06 1.232696004925884e-06 5.626671781213871e-21)
(-1.247017830828672e-06 1.25933915465302e-06 -1.355817120933355e-19)
(-3.711601912007916e-06 3.047306162442566e-06 -1.156809675063697e-20)
(-6.082120574658013e-06 4.271814562532687e-06 -3.43844025710612e-20)
(-8.298328207234076e-06 5.012493853183322e-06 -5.699139231860684e-20)
(-1.029659984850943e-05 5.346172538665321e-06 -4.182706571277892e-20)
(-1.201229287998371e-05 5.351789926506635e-06 -1.438489345952236e-19)
(-1.338245892930514e-05 5.106960865012286e-06 -1.584879076230395e-19)
(-1.434941626535376e-05 4.684868287761431e-06 -2.083523002439313e-19)
(-1.486482370279614e-05 4.151550218952683e-06 4.015365070545392e-18)
(-1.489383696792821e-05 3.5636642929158e-06 -1.17836083145256e-19)
(-1.441888147200827e-05 2.966841800768793e-06 2.16936344952888e-19)
(-1.344262973971137e-05 2.394757255737951e-06 2.269368542687398e-19)
(-1.198989093342009e-05 1.869032907418156e-06 -3.044107505729415e-18)
(-1.010830692861956e-05 1.400038293296085e-06 -4.94200341617407e-18)
(-7.86790106626278e-06 9.884844456790453e-07 2.503397685119126e-18)
(-5.359594303252146e-06 6.274723840032849e-07 -1.394036491927225e-19)
(0.0006783350645290487 0.002168785169909304 -4.739919121940952e-18)
(0.0006121683030819645 0.002998516754013541 -1.118451821629012e-17)
(0.002557118622032087 0.003670267692695542 -1.289275517131187e-18)
(0.003811894875824567 0.004571891237358293 1.007604865618219e-18)
(0.005519533584745765 0.00540034927705856 1.047986155663733e-17)
(0.007287589490887512 0.006048355135642568 -5.74329554245099e-18)
(0.0090259637882515 0.00642646972874552 1.548981992548197e-17)
(0.01055566120375999 0.006494145471326951 -1.442709361880473e-17)
(0.01171124724250783 0.006231053459403855 1.465009534962876e-20)
(0.0123541668927861 0.005619897635228686 -6.566601272620857e-19)
(0.01239828235959774 0.004672342291241935 1.144000387214602e-18)
(0.0117954458760404 0.003458954165822097 2.067726504718439e-19)
(0.01049801447076074 0.002125437938496788 -1.015011022878822e-18)
(0.008619962051287264 0.000903970226246118 -1.117645967569494e-17)
(0.005480536323168784 0.0004832842989561963 -2.103217308521336e-19)
(0.005888153647547111 0.0001117984677709174 1.300244366668467e-19)
(-1.494746870961232e-07 8.592406758754691e-07 -1.039682408216728e-19)
(-2.420748881639366e-07 1.344830618111854e-06 -1.283848354963386e-19)
(-3.700910919943786e-07 1.908364651005906e-06 8.786345566979959e-20)
(-5.776307726776658e-07 2.602146172224051e-06 5.974415409845533e-20)
(-9.451732403420194e-07 3.497670865398698e-06 7.765313185485909e-19)
(-1.606517871036904e-06 4.703228058083701e-06 -6.014593941187031e-20)
(-2.743155042621141e-06 6.39784047353582e-06 -1.549093826025611e-19)
(-4.4731970397947e-06 8.839067852874864e-06 -2.04349973419394e-19)
(-6.275939449245206e-06 1.184416930384525e-05 -2.350502505601849e-19)
(-7.632204452440909e-06 1.528145657774026e-05 -9.991526277236634e-20)
(-8.218326443337797e-06 1.898356261456017e-05 7.078795380991597e-20)
(-7.885888800231069e-06 2.277764786627785e-05 1.895100572002762e-19)
(-6.622413276374621e-06 2.648613155142431e-05 6.784916704710609e-20)
(-4.518741183493703e-06 2.993397024774044e-05 -5.091979223928381e-18)
(-1.741182846170587e-06 3.295818155844453e-05 3.123382329615613e-19)
(1.49487072159725e-06 3.541662727737666e-05 3.554506563517313e-20)
(4.950277553492002e-06 3.719492310594796e-05 6.36898969246586e-21)
(8.385381284994322e-06 3.821124429729964e-05 1.457197112702368e-18)
(1.157977526507008e-05 3.84191050780509e-05 -2.204139747463696e-18)
(1.434741421124587e-05 3.780831569320407e-05 -4.854215053372793e-20)
(1.654634721227964e-05 3.640439774680237e-05 -9.959526794284326e-20)
(1.808291798893486e-05 3.426681000298117e-05 -2.126730087550578e-19)
(1.891089935723671e-05 3.14862744753043e-05 -1.96575373305483e-20)
(1.902660890187738e-05 2.818122277040949e-05 5.935493690566801e-21)
(1.846141639688962e-05 2.449305338571013e-05 -9.160929840652325e-20)
(1.727307051053485e-05 2.057974750055186e-05 -1.241496364060867e-20)
(1.553699909032915e-05 1.66075384250885e-05 2.915306693513398e-21)
(1.333836091114505e-05 1.274066520046341e-05 -6.907323735462959e-21)
(1.076531509106135e-05 9.129577575213866e-06 -2.913131490569444e-20)
(7.903789723660674e-06 5.89817473809276e-06 -9.039295018246587e-21)
(4.833956989245105e-06 3.130746079612647e-06 -3.011816472601574e-21)
(1.623632616131322e-06 8.647008819485588e-07 -6.080066471957114e-21)
(-1.392484508931669e-06 1.052032425390256e-06 3.497316380977381e-18)
(-4.139385065565353e-06 2.524607604086461e-06 1.509159805229623e-18)
(-6.76565474973912e-06 3.497637166177334e-06 -6.632529211843847e-18)
(-9.198429207128418e-06 4.038362047725774e-06 6.48024568357704e-18)
(-1.136475032511951e-05 4.218275419878913e-06 -5.76552480265768e-20)
(-1.319460047008024e-05 4.114589298551873e-06 -9.296457212352102e-20)
(-1.462360594872583e-05 3.804970864219577e-06 -4.234781706479126e-19)
(-1.559632708289971e-05 3.362940336986526e-06 2.871594525487262e-19)
(-1.606982990437706e-05 2.854017079217676e-06 -5.179797686619235e-18)
(-1.601714185570877e-05 2.332702540550383e-06 -4.288479257346191e-20)
(-1.543013530894388e-05 1.840397523534458e-06 3.575627975996361e-20)
(-1.43214261593398e-05 1.404359181493347e-06 -7.871123841694743e-19)
(-1.272502913914623e-05 1.037816505523848e-06 1.910305806861347e-19)
(-1.069578941184006e-05 7.413602961437891e-07 1.823042921983886e-19)
(-8.307967481988119e-06 5.05639727200395e-07 8.1825600048374e-20)
(-5.65354846671735e-06 3.151461049884859e-07 -6.652341790346848e-18)
(0.0005127043695677793 0.001506077822224821 -1.584651560866943e-18)
(0.0004550990003996738 0.002069264525358447 -5.956617326516329e-19)
(0.001973266190489023 0.002523351441407134 2.436226311887586e-20)
(0.002934309761432199 0.003208990320930184 1.357384707016173e-18)
(0.004256631741003145 0.003893743879480039 1.09383996354073e-17)
(0.005635452563801648 0.004510805507426936 1.150614027912504e-17)
(0.006995548286751098 0.005005605724626778 1.233435720775982e-17)
(0.008170841340987332 0.005356115024828534 8.220895648774217e-18)
(0.008983244244657625 0.005535740040097892 -1.254212596077121e-18)
(0.009285121467728637 0.005481085719579369 -9.732066199333344e-18)
(0.00901053554445687 0.005154523372470449 -1.084609107189806e-18)
(0.008145981373332481 0.00459946047077168 -7.775874624546279e-20)
(0.006676441833778749 0.003918511790479209 -9.275589308518538e-20)
(0.004857620471657769 0.003238428112452351 -1.216997023458623e-18)
(0.001867591016585266 0.002675973410185412 -1.926459930032888e-19)
(0.00238054861384262 0.001698021661250367 4.742853061631145e-18)
(-2.100460006847606e-07 1.239790014258699e-06 -5.853506804672197e-20)
(-3.239111665991924e-07 1.931649018902361e-06 1.307009110013035e-19)
(-4.625029309942782e-07 2.725020432092567e-06 -3.843879546078997e-18)
(-6.689246703358524e-07 3.687348675093647e-06 1.55986616578362e-19)
(-1.012662085302812e-06 4.905728050939124e-06 -4.946071979438957e-20)
(-1.578775380419191e-06 6.496455675052961e-06 -9.077993713067913e-19)
(-2.427521854774016e-06 8.61011769424198e-06 -1.44309899553038e-19)
(-3.511919970958341e-06 1.138901023415326e-05 -4.163590492018343e-19)
(-4.560151125174356e-06 1.481234097890603e-05 5.766062116101935e-18)
(-5.260989656118869e-06 1.877031762129991e-05 -5.19571600269079e-19)
(-5.383228029696009e-06 2.308772295345294e-05 -2.772145839061504e-19)
(-4.807672468691473e-06 2.755460585977376e-05 -3.634802561950382e-20)
(-3.523615865886473e-06 3.194714812420176e-05 2.131228283554362e-20)
(-1.609645403292893e-06 3.604237449727826e-05 3.028854990710972e-19)
(7.900261637205745e-07 3.96305841732481e-05 -5.179238600802295e-18)
(3.48981591524061e-06 4.252643890252173e-05 1.484244186425557e-19)
(6.286141586497938e-06 4.457844661819423e-05 1.908980165400671e-20)
(8.978674175366338e-06 4.567641323452356e-05 1.741540080078219e-18)
(1.138821519242874e-05 4.575658675444938e-05 -7.450126713903231e-20)
(1.337013264140151e-05 4.480438169858318e-05 -2.562972133295321e-20)
(1.482268808117499e-05 4.285472511184919e-05 -1.085304883383128e-20)
(1.569008763650835e-05 3.999019335091053e-05 -8.31112516246485e-21)
(1.596061843811471e-05 3.633717445816189e-05 2.071173311931222e-21)
(1.566073006441866e-05 3.206025006335152e-05 -6.938680105774222e-20)
(1.484630005590525e-05 2.735486797071055e-05 -1.608064173018582e-18)
(1.359248647168194e-05 2.243827891554783e-05 -9.401424781786292e-19)
(1.198348897813893e-05 1.753874150713076e-05 -1.996616118587576e-20)
(1.010328129436282e-05 1.288316850300454e-05 -2.812316221922198e-20)
(8.028063626538485e-06 8.683618092267687e-06 -1.296380306353882e-19)
(5.820920644103835e-06 5.123231521179722e-06 -3.404582298726555e-20)
(3.529017007079934e-06 2.342332444480811e-06 -3.305895806965418e-20)
(1.179957224890739e-06 4.367021891080007e-07 -7.437614862792061e-19)
(-1.53767856080807e-06 8.39197119840724e-07 -1.307523861229533e-19)
(-4.56511380007976e-06 1.981944732267209e-06 3.771186098434487e-20)
(-7.441606651770497e-06 2.690600073560574e-06 2.115541478449873e-19)
(-1.008026280425079e-05 3.021834184917618e-06 6.452577179537172e-20)
(-1.239821349720944e-05 3.042138358838576e-06 5.490991393821224e-21)
(-1.43204538152219e-05 2.826519688798441e-06 -2.806896633043481e-20)
(-1.578249628771372e-05 2.451834180799029e-06 -9.559512186023539e-20)
(-1.673324090651729e-05 1.990984801745793e-06 1.876579548940319e-19)
(-1.713783608492473e-05 1.50813217245679e-06 1.817766447770542e-18)
(-1.698018562380782e-05 1.055046900465956e-06 2.855461001428239e-19)
(-1.626468193377948e-05 6.687056375766914e-07 -4.255428516813107e-18)
(-1.501675432836592e-05 3.702055818684486e-07 3.214891874722668e-20)
(-1.328195452395464e-05 1.65065118481458e-07 5.867445017908832e-20)
(-1.112362475958362e-05 4.50097773213717e-08 1.48467602773095e-20)
(-8.619754670280552e-06 -8.615573357929722e-09 -9.487453398211291e-20)
(-5.860303624563861e-06 -1.974764557232484e-08 -4.008270575406732e-22)
(0.0003764464974368328 0.0009977876657476902 -4.976715333415764e-20)
(0.0003246554810834781 0.001357289972272559 8.027540984207071e-18)
(0.001488571048281062 0.00164664501094727 9.590454861625308e-19)
(0.002212214285849881 0.002161555129066907 1.173975598256261e-18)
(0.003228836483400091 0.002723229034247424 -5.142503748146639e-18)
(0.004312199885236175 0.003302976242694044 1.031450793609762e-17)
(0.005405281030942748 0.003890476422135307 6.797741233435278e-19)
(0.006353755105584239 0.004501698712392798 -9.713224104784233e-18)
(0.006952530744914647 0.005115238187011246 -1.714265429788902e-17)
(0.007040657636835638 0.005591740613897131 -2.509425129596076e-18)
(0.006604457250517256 0.005809861813479512 -2.442005154769731e-19)
(0.005701974204548311 0.005772354341941677 3.030936296392111e-19)
(0.004386320057882615 0.005517591748813687 1.353267895817979e-18)
(0.002980118240654465 0.005075869757737012 1.966555268521517e-19)
(0.0009011483846916 0.004234284135538522 1.116707561623195e-19)
(0.001150408291859229 0.002772220443504779 8.434317861867191e-19)
(-2.416646928412409e-07 1.581375354783128e-06 6.654082213275519e-20)
(-3.485063771700714e-07 2.453759031798106e-06 1.815778597473808e-20)
(-4.473655118471254e-07 3.446701341432298e-06 1.53070439621089e-19)
(-5.657032770189831e-07 4.641440021581616e-06 -9.045061351154829e-21)
(-7.468515158331416e-07 6.139527676734844e-06 -7.936967730496085e-19)
(-1.03134960567576e-06 8.062897644218591e-06 -1.401730070760554e-19)
(-1.425743936363857e-06 1.054158850108964e-05 6.475163134596833e-20)
(-1.867807414775732e-06 1.367158985258587e-05 9.685343237950863e-19)
(-2.209273355359377e-06 1.745241653881087e-05 1.274643801174258e-18)
(-2.279762750930663e-06 2.179129829167322e-05 1.995166010036087e-19)
(-1.945557608429884e-06 2.652069656716195e-05 1.794436531497094e-19)
(-1.139943347585811e-06 3.142157401689414e-05 1.42142001652031e-19)
(1.287571826713357e-07 3.624788281208265e-05 9.393153023887899e-20)
(1.785256496374078e-06 4.074745175967768e-05 1.269809246607103e-19)
(3.704336109790923e-06 4.467909076011399e-05 1.486753266229051e-18)
(5.731355519112552e-06 4.782692007769627e-05 1.079481469463633e-19)
(7.702920802183473e-06 5.001242493697829e-05 -1.954297748332884e-19)
(9.465645069411683e-06 5.110417137048785e-05 -1.497041281448115e-20)
(1.089153682106727e-05 5.102493374840476e-05 -1.918839119159187e-20)
(1.188897417083606e-05 4.975600678065132e-05 -1.077836609394465e-20)
(1.240866998896708e-05 4.733858767301926e-05 4.964130125944993e-21)
(1.244452234597498e-05 4.387225130431322e-05 3.982406975187396e-20)
(1.202973626381401e-05 3.951066536801847e-05 -4.5849412296571e-20)
(1.122905232843908e-05 3.445477317163236e-05 -2.047187280426948e-21)
(1.012827407167842e-05 2.894369948109525e-05 -9.383983226100939e-20)
(8.822489306965081e-06 2.324363982459179e-05 -2.112430237669445e-20)
(7.404391338917352e-06 1.763503272167108e-05 4.353809613189153e-22)
(5.953936966322836e-06 1.239841777929561e-05 -7.12972241890178e-21)
(4.530301361420179e-06 7.799535896868559e-06 -2.829208796760906e-20)
(3.166802721783334e-06 4.074377330394647e-06 -8.039087378015227e-21)
(1.869257865616059e-06 1.414973714013103e-06 -5.222804843056284e-21)
(6.162202075373944e-07 -2.645889646464041e-08 -6.943804581128027e-21)
(-1.679616250384119e-06 6.329868613330256e-07 -3.642922818775112e-21)
(-4.980184966249155e-06 1.450586214034354e-06 2.56150196503079e-20)
(-8.096784547738378e-06 1.897728918316547e-06 6.391023396505097e-20)
(-1.092745577728639e-05 2.022982913047627e-06 -6.222480314864417e-18)
(-1.337901263588615e-05 1.888433399987685e-06 7.527686282672603e-20)
(-1.537183543496321e-05 1.566437357326399e-06 -5.526083102979327e-20)
(-1.684247940203346e-05 1.13205770709804e-06 6.357546670340677e-18)
(-1.774602795947725e-05 6.564272376949039e-07 -1.404268759964614e-19)
(-1.805806204237693e-05 2.012911776959076e-07 3.899920444311124e-18)
(-1.777598659267668e-05 -1.850654070379527e-07 2.168345072611391e-20)
(-1.691936922019286e-05 -4.703653512262967e-07 3.590729580033608e-18)
(-1.552891775402609e-05 -6.393019405415579e-07 -1.520930127499182e-19)
(-1.366378147717135e-05 -6.929244741409567e-07 1.222982584761396e-19)
(-1.139709213408179e-05 -6.464691898484115e-07 -1.65989642529476e-18)
(-8.810265470085197e-06 -5.255686580721546e-07 -2.46901153328391e-18)
(-5.987869131912431e-06 -3.606269846050526e-07 1.544519104619852e-18)
(0.0002650860898168018 0.0006174701451145901 -3.181342399817255e-18)
(0.0002138629199888056 0.000827194008762976 -9.807174250774682e-18)
(0.001085613676423839 0.0009945127760548525 3.468427151089156e-20)
(0.001614008702308736 0.001371614101276252 1.015238932051526e-17)
(0.002383210266690682 0.001815520261111355 -5.609156507177317e-18)
(0.00324353649722442 0.0023320561993369 6.467338843876173e-18)
(0.004166693437578486 0.002965930447750251 -9.144843994098651e-18)
(0.005013357553751134 0.003802682589646235 -1.483712454990572e-18)
(0.005517849305117744 0.00484967099628169 7.614208169469179e-18)
(0.005478868871367905 0.005833839179391937 2.693205732061765e-19)
(0.004963624780702234 0.006495252545303097 1.163176539024388e-18)
(0.004117121451012336 0.006806271493037202 1.536179215849719e-18)
(0.003037280215501191 0.006751737872347151 9.731442844378195e-18)
(0.00201667328988526 0.006311757142964057 1.349928844126832e-18)
(0.0006967231325141098 0.00521136060161393 2.081045263961306e-19)
(0.0006949951212169539 0.003521086164820174 2.334721376329217e-19)
(-2.378158291991639e-07 1.882299019590047e-06 5.94999677794293e-21)
(-3.062805904695265e-07 2.912873039461459e-06 1.951818999872609e-21)
(-3.134889516903834e-07 4.080351435834483e-06 1.154714529670909e-20)
(-2.646375496916792e-07 5.476506553391382e-06 8.368975090711086e-21)
(-1.775550880951399e-07 7.210148232821587e-06 -7.539595088094696e-20)
(-6.791966841420208e-08 9.398976914856065e-06 -1.493824959290658e-19)
(6.761834221843607e-08 1.215029592997258e-05 -6.304967847498054e-20)
(2.633101162189668e-07 1.55289178582008e-05 1.0307377932912e-19)
(5.83216186656729e-07 1.952624440207601e-05 2.947097143939793e-19)
(1.096565319449582e-06 2.405491013859505e-05 2.873903734524092e-18)
(1.851055925087755e-06 2.895659482418265e-05 -3.103973405892328e-18)
(2.854992058607406e-06 3.401773783006561e-05 1.508403146486788e-18)
(4.070470386628743e-06 3.899035336139486e-05 -5.654312291328504e-18)
(5.417219048535569e-06 4.361363613375469e-05 7.781366201758935e-20)
(6.7845363404636e-06 4.763358854673917e-05 -5.092597389368299e-18)
(8.047634716304214e-06 5.081989275178538e-05 1.610930602484699e-19)
(9.084995536568895e-06 5.298006707453451e-05 -2.844147052195496e-20)
(9.79417634118171e-06 5.397093043176503e-05 -2.725558122172046e-21)
(1.01042988001252e-05 5.370724833783386e-05 -6.353401744769491e-22)
(9.984082943573225e-06 5.216735681666095e-05 3.786318377722528e-21)
(9.444858541212244e-06 4.939558665663802e-05 4.174243649571691e-20)
(8.538520836326967e-06 4.550140550521262e-05 2.004684969350637e-19)
(7.350898608725993e-06 4.065532479289929e-05 2.013416588113929e-18)
(5.991440526458523e-06 3.508175405068752e-05 -5.154503970881352e-20)
(4.580467913832802e-06 2.904910713769082e-05 -4.910049869512592e-21)
(3.235450001390296e-06 2.285756613163532e-05 7.565554099082216e-22)
(2.057803181112735e-06 1.682501429009096e-05 1.754130325877648e-22)
(1.121589854187173e-06 1.12717633990357e-05 -3.471252921261768e-22)
(4.652392330081355e-07 6.504833092854987e-06 -2.020193511687664e-21)
(8.710706914159903e-08 2.802656179609012e-06 -3.317283900029413e-18)
(-5.457614555122664e-08 4.01139818081292e-07 -2.698996634514941e-21)
(-3.682977175381433e-08 -4.963874765496557e-07 6.498472570522398e-22)
(-1.814737539905478e-06 4.405919251376377e-07 5.325966429875558e-21)
(-5.374328491725567e-06 9.503811498551089e-07 -4.156892952596821e-20)
(-8.715440336847348e-06 1.150201879318005e-06 -2.208935565406419e-18)
(-1.172048265807876e-05 1.083085796846003e-06 -3.392604717324827e-18)
(-1.428579184715073e-05 8.073015482362722e-07 2.345513828814538e-19)
(-1.632753989069851e-05 3.920084942131375e-07 6.516311246180533e-22)
(-1.778434556988631e-05 -9.069717586836744e-08 -5.440006741919674e-20)
(-1.861905527690094e-05 -5.728668195967941e-07 6.250407081367642e-20)
(-1.881967108648065e-05 -9.965320040457044e-07 3.838316778615103e-19)
(-1.83992830500542e-05 -1.317972981789133e-06 1.260044330084719e-19)
(-1.739478149599387e-05 -1.510214327339653e-06 -1.737540689102258e-19)
(-1.586407083574626e-05 -1.563665526502179e-06 2.240559690615036e-20)
(-1.388146640510117e-05 -1.484954021877287e-06 1.78933622704632e-18)
(-1.153095746977381e-05 -1.294099571482995e-06 2.065743623131164e-18)
(-8.897271094014539e-06 -1.02018684323751e-06 3.121916598130829e-18)
(-6.055976828039716e-06 -6.955652310715213e-07 1.60781528037325e-19)
(0.0001872354759870574 0.0003317021678495571 -4.592978418363081e-18)
(0.0001266057919644207 0.0004318514790143956 -1.104523388887979e-17)
(0.0007604077212942119 0.0005115377932973216 -1.710794315900134e-19)
(0.001122502576549747 0.0007778467272785768 3.451413280635638e-18)
(0.001678387355150081 0.001098471366686988 6.692431964944966e-18)
(0.002355552615297992 0.001505759441447495 -1.612892561223719e-17)
(0.003172917881013463 0.002111056831010648 -2.16530390623387e-18)
(0.004023525654246082 0.003127084131329638 -6.635303493882469e-19)
(0.004528762928844616 0.004647421827037949 -1.335479510685656e-18)
(0.004398281345231249 0.006157260580035445 -6.624030823615602e-19)
(0.003817675571207893 0.00717041114590009 9.213274645149579e-18)
(0.003041466735095622 0.007691196433583374 4.751496197531462e-19)
(0.002168291349848189 0.007692126293140649 -7.847306109065906e-18)
(0.00141910250796589 0.007159269425729024 -6.756497448959779e-19)
(0.0005676222652514761 0.005879601555411752 1.815832820229018e-19)
(0.0004943193568667651 0.004026146927236532 7.071699414732375e-19)
(-1.934830437078463e-07 2.140017798126176e-06 -6.778918390138982e-21)
(-1.927093891429012e-07 3.307493238640199e-06 -1.846864536351459e-21)
(-6.375073554731187e-08 4.623552707470679e-06 1.91770784043117e-21)
(2.099112899529333e-07 6.183110910302526e-06 -1.104163269656284e-20)
(6.276849850422178e-07 8.091582548382797e-06 -1.342461147616901e-19)
(1.180736402043876e-06 1.045251649360731e-05 5.513179688331526e-18)
(1.859999066792292e-06 1.334871294922152e-05 -7.750398195194707e-19)
(2.660469289825348e-06 1.681995892754647e-05 -1.19130220588212e-20)
(3.579784241265543e-06 2.084564812315499e-05 1.311399752104772e-19)
(4.60965446837287e-06 2.533954753750197e-05 2.245120688794946e-19)
(5.725975094625422e-06 3.015351912149817e-05 2.199807475533151e-18)
(6.882096603408913e-06 3.508819939949644e-05 -1.361042570336141e-19)
(8.007242839623606e-06 3.990910684981055e-05 3.399211402653821e-20)
(9.010790560476075e-06 4.436563749297354e-05 -2.85526317995311e-18)
(9.791870348308928e-06 4.821017230029288e-05 -1.627310744934406e-18)
(1.025245371497193e-05 5.121553043309184e-05 1.02622956897799e-19)
(1.031143685187655e-05 5.318999483648786e-05 8.376289342973212e-21)
(9.917334705869269e-06 5.398965009941609e-05 1.015475880645327e-19)
(9.057712185995539e-06 5.352789720765392e-05 2.220065832264177e-20)
(7.764114960144433e-06 5.178198637710314e-05 1.113210325562462e-20)
(6.111901295630735e-06 4.87963853042948e-05 1.320581550499365e-20)
(4.214980956658131e-06 4.468283092273371e-05 3.976029537937809e-20)
(2.216013701610573e-06 3.961700540876288e-05 -4.803088561069747e-20)
(2.730833873699416e-07 3.383191755587439e-05 -3.698083746750587e-22)
(-1.455779255821361e-06 2.76082446463038e-05 5.550050856704666e-22)
(-2.828635772407723e-06 2.126205393312617e-05 2.959007362400071e-22)
(-3.734583830472332e-06 1.513052261689564e-05 2.354913964552701e-21)
(-4.106067739049576e-06 9.556431054346271e-06 2.914244457923297e-21)
(-3.927276661925264e-06 4.872370159460839e-06 1.250066528275358e-21)
(-3.237698847493849e-06 1.385726474874087e-06 1.214714089371342e-21)
(-2.130241249229451e-06 -6.344449964279519e-07 -1.028555474985902e-21)
(-7.411911677080355e-07 -9.421885516830344e-07 -2.595402377557838e-23)
(-1.939090118129088e-06 2.641816448356842e-07 2.875208020609419e-21)
(-5.73610486293046e-06 4.893554839419264e-07 1.30390279260119e-20)
(-9.279919132608677e-06 4.62452399577923e-07 -2.858589046834978e-20)
(-1.243725050441524e-05 2.231304834697469e-07 2.332019195532148e-19)
(-1.50941010865694e-05 -1.738032425032863e-07 3.355364699485782e-20)
(-1.716294066457432e-05 -6.631276366180481e-07 2.560996024607154e-21)
(-1.858539727348521e-05 -1.177101596431455e-06 -1.242346692176161e-20)
(-1.933343943062938e-05 -1.652638697367337e-06 -1.28302524917776e-19)
(-1.94091402866756e-05 -2.037226239145671e-06 7.879577269039296e-20)
(-1.884302776766154e-05 -2.293158006528868e-06 2.571640650323327e-20)
(-1.769096965872131e-05 -2.399794830783373e-06 -2.008235582182883e-20)
(-1.602948156176157e-05 -2.353730230981229e-06 -1.670467137823559e-19)
(-1.39492174965977e-05 -2.166893328449469e-06 3.864352867067734e-18)
(-1.154610425895598e-05 -1.86273784428322e-06 -8.06084545302237e-20)
(-8.908975260988229e-06 -1.470693425904964e-06 1.783146026693794e-19)
(-6.101847651481451e-06 -1.018912716195086e-06 -2.792245476777818e-20)
(0.0001522065328026073 0.0001286287639141885 -4.068816330119583e-18)
(9.049959624606951e-05 0.0002079840544454327 -2.93003947278074e-18)
(0.0005188869490765306 0.0002631129823103054 -4.385063554189289e-19)
(0.0007383905722053755 0.0004540550929992472 8.822881884885053e-19)
(0.001100071990374607 0.0006541756161382016 -6.733814781752659e-20)
(0.001600758675643007 0.0009056261081735291 -9.487980792937476e-19)
(0.002324370410857725 0.001369564666969957 5.808297825932667e-19)
(0.003233657669881628 0.002456886859242332 -1.505016682745435e-18)
(0.003785480108993997 0.004482671360954273 -1.098453740383046e-17)
(0.003565312984006052 0.006572409853528587 -1.780700710023963e-18)
(0.002894242528327261 0.007839414263159364 1.207352062791927e-18)
(0.002191819874106365 0.008453111550125621 3.917928968719775e-19)
(0.001493622238858581 0.008416363307681659 -8.762240754596534e-19)
(0.0009476211807036101 0.007757638504796467 2.311537367548677e-19)
(0.0004135602491041947 0.006344403581029343 1.734140240068553e-18)
(0.0003452460861320425 0.004364822352111228 1.810016827449996e-18)
(-1.07421251608036e-07 2.349567312854748e-06 -1.509651639768492e-20)
(-1.161262744395642e-08 3.629245152731993e-06 2.174877085559947e-21)
(2.82800958527037e-07 5.061232420629154e-06 1.218224311421383e-19)
(8.093325813609414e-07 6.734176839803536e-06 1.255673159223482e-20)
(1.575431806655073e-06 8.740066930281766e-06 1.021171544286982e-19)
(2.567435116916216e-06 1.116154606571352e-05 1.088515269716745e-18)
(3.754873758131079e-06 1.405670265487848e-05 -3.747348626335221e-18)
(5.093529043917249e-06 1.744428776370146e-05 1.780789003599852e-19)
(6.526910930201683e-06 2.129333123839069e-05 4.321145128595971e-20)
(7.98598827203437e-06 2.551954256799932e-05 1.094508789442243e-20)
(9.388840674454026e-06 2.998778085871903e-05 5.000532199897629e-20)
(1.064190789603942e-05 3.451978700711941e-05 -9.018998896694745e-20)
(1.164371652869942e-05 3.890637652688e-05 -7.4505645511525e-20)
(1.229146623227544e-05 4.292273481681669e-05 1.334180105060307e-20)
(1.249035100020805e-05 4.634490495494456e-05 3.130037207846305e-20)
(1.21647381363635e-05 4.896571405511169e-05 -2.42809609365769e-20)
(1.126963010694595e-05 5.060899561085044e-05 -4.205058003232518e-21)
(9.800542042438841e-06 5.11415534354704e-05 -2.481016596257575e-18)
(7.800081779152541e-06 5.048264019176258e-05 1.161138430126748e-19)
(5.359975657711659e-06 4.861081477709923e-05 -3.281340461778273e-18)
(2.617887261826461e-06 4.55680170680893e-05 8.480515567223268e-21)
(-2.509819058297354e-07 4.146066429035547e-05 -3.903533902150615e-20)
(-3.046914628715543e-06 3.645759769901023e-05 -3.177714705451711e-21)
(-5.562206858217891e-06 3.078480740446128e-05 1.040759674866162e-21)
(-7.599677439951364e-06 2.471704735716035e-05 -4.570650822322085e-22)
(-8.991370456028127e-06 1.856667454758253e-05 4.608767481227232e-21)
(-9.615569316435177e-06 1.26702923402952e-05 4.362533347275474e-20)
(-9.410349061931438e-06 7.37402711087885e-06 2.57025929872712e-20)
(-8.382191361645092e-06 3.01849135505341e-06 5.553922932868726e-21)
(-6.608608592437908e-06 -7.534114721929452e-08 9.641163907509894e-22)
(-4.234169052968605e-06 -1.61803642217094e-06 3.826995600216664e-22)
(-1.455064667698014e-06 -1.332208422607237e-06 -1.3524840422405e-20)
(-2.048573637710874e-06 1.015834926978076e-07 1.216738705161441e-21)
(-6.053585920010255e-06 6.508020587372857e-08 -4.784820458903988e-22)
(-9.771618342374399e-06 -1.661826523076241e-07 7.068268633849396e-21)
(-1.305411817377872e-05 -5.545679019394181e-07 1.744710011316223e-20)
(-1.577722779203568e-05 -1.048778971192977e-06 4.296716215019223e-21)
(-1.785038808133027e-05 -1.588507184935772e-06 1.34708117192621e-21)
(-1.921919422440624e-05 -2.111940098517865e-06 -1.611879016515097e-19)
(-1.986595975829144e-05 -2.562739743422232e-06 -3.086935036956002e-18)
(-1.980819992431874e-05 -2.895788703758165e-06 -1.314777014263207e-19)
(-1.909522505992555e-05 -3.081159760356684e-06 2.62158892906298e-23)
(-1.7803037754946e-05 -3.105966805579379e-06 2.980830836081755e-20)
(-1.602769990155399e-05 -2.973965852091096e-06 -1.832500512727914e-19)
(-1.387718629526801e-05 -2.702949625336525e-06 -1.809259317566815e-19)
(-1.146127667931563e-05 -2.320054879533526e-06 -1.672855766880071e-20)
(-8.877590386663185e-06 -1.854928409061136e-06 2.378421032576087e-20)
(-6.186675079875422e-06 -1.329606507723059e-06 -3.850971611846263e-20)
(0.0001707747621032398 -5.88271500124331e-05 -5.428187444166471e-18)
(0.0002826007999733245 -0.0003218677080559378 -1.745902865229999e-17)
(0.0003938497319372838 -0.0001779602569969114 -1.508198895340371e-18)
(0.0004978166876240538 -1.517685139672855e-05 -1.300172203479297e-19)
(0.0007144660880967321 4.829229051206565e-05 1.631532979077443e-19)
(0.001031034900408654 4.193199566440687e-05 1.135281052815439e-18)
(0.001543526187860553 0.0001755464484605801 9.731723041430787e-18)
(0.002311741363593738 0.001294570839143018 5.903955314235213e-19)
(0.002800930476542597 0.004391948808942759 -3.268979802679769e-18)
(0.002662675994041083 0.007161478569173394 -1.319687393484325e-17)
(0.001928600041941872 0.008524920222162145 -1.218029375032122e-17)
(0.00136367231039191 0.009104837435786193 -1.764319747262142e-18)
(0.0008544611217422352 0.008956695098713175 1.966730910321455e-19)
(0.0005047679989775265 0.008155907821984144 2.396314606159573e-18)
(0.0002514156640096974 0.006635923075781256 1.140763665329894e-17)
(0.0002016289578320257 0.004572367254769073 3.596261920652107e-18)
(1.603476110082543e-08 2.502951132782517e-06 -2.349296528043385e-20)
(2.232406787972463e-07 3.863840123735228e-06 1.182218945785137e-19)
(6.926220083254336e-07 5.370475352814475e-06 -3.893534287704307e-18)
(1.468597758455276e-06 7.09660198860667e-06 1.275273028486024e-19)
(2.559664689018304e-06 9.113367495894331e-06 2.852400516976138e-20)
(3.941719812358517e-06 1.147881633765512e-05 1.378047672045584e-19)
(5.561551640530628e-06 1.422708732695736e-05 1.841717023818125e-19)
(7.340747495226735e-06 1.735911454001683e-05 2.726811133476326e-20)
(9.180046931292528e-06 2.083658976544529e-05 8.520855880917697e-21)
(1.096405246409126e-05 2.458011632530742e-05 3.846799150224488e-22)
(1.256666437126751e-05 2.847145240601366e-05 -1.201140338678724e-20)
(1.385765926329666e-05 3.235944383764462e-05 -1.309104096048099e-19)
(1.471053597983281e-05 3.606916624289327e-05 -1.092163352477685e-18)
(1.501154000651227e-05 3.941351296275937e-05 -1.094797069354094e-19)
(1.466961548069346e-05 4.220607347308215e-05 2.761358376822054e-18)
(1.362672367891116e-05 4.427401516100046e-05 3.106541911527726e-18)
(1.186752955065987e-05 4.546993069327529e-05 2.570700511547041e-18)
(9.427111334474195e-06 4.568204929199845e-05 -1.996965662420756e-18)
(6.395270030846935e-06 4.484257564243109e-05 8.87758615204066e-20)
(2.916244192881028e-06 4.293408497052856e-05 -1.598221739328165e-18)
(-8.168894842940002e-07 3.999388170029122e-05 -2.662101242105917e-20)
(-4.573229467480646e-06 3.61161231523504e-05 -7.754616391153847e-19)
(-8.099934260569208e-06 3.145141417327775e-05 -4.340532184700644e-20)
(-1.114180796270368e-05 2.620361438154285e-05 -2.651485354925433e-21)
(-1.346293861954895e-05 2.062373069194965e-05 -2.873127852137643e-20)
(-1.48683677058416e-05 1.500101201538755e-05 4.562404315169134e-20)
(-1.522359210496009e-05 9.651669202089853e-06 5.083300908411953e-19)
(-1.446978971136035e-05 4.905966337989955e-06 1.497931509317067e-19)
(-1.263301082319321e-05 1.094739855946893e-06 2.440995599578988e-20)
(-9.826106414025483e-06 -1.46333656822332e-06 3.105951353525547e-21)
(-6.242744201843107e-06 -2.472237329748626e-06 -1.394358625042604e-20)
(-2.136680109893473e-06 -1.636376940324395e-06 -7.641309185374257e-19)
(-2.139209020558566e-06 -5.243664292760384e-08 9.830195277956056e-22)
(-6.315125959967306e-06 -3.324711280585724e-07 -7.647059307687336e-20)
(-1.01721406516153e-05 -7.47618058882446e-07 -7.019021399249056e-21)
(-1.354725539589273e-05 -1.261993208658127e-06 -2.46659827877018e-22)
(-1.630754261813691e-05 -1.828370657083311e-06 1.454030158506417e-20)
(-1.836030100208171e-05 -2.392558149228211e-06 1.147270770068005e-19)
(-1.965615672692563e-05 -2.900354381246803e-06 -1.927393829393049e-19)
(-2.018897011165478e-05 -3.304155683440078e-06 -1.707006909182274e-18)
(-1.999288834984904e-05 -3.568327179907208e-06 -6.776199623409528e-18)
(-1.91369669272214e-05 -3.672688331272109e-06 5.112468976250217e-20)
(-1.771788729850692e-05 -3.613753142542656e-06 -4.76095829882939e-18)
(-1.585137101507633e-05 -3.403659513984136e-06 -2.397706806295328e-18)
(-1.366285984273269e-05 -3.066969895966411e-06 -1.734951174210233e-19)
(-1.127794688974524e-05 -2.635711041878768e-06 2.085292623724916e-20)
(-8.813296897659004e-06 -2.143249012796734e-06 2.292401830412522e-19)
(-6.37073512023596e-06 -1.618242760413223e-06 1.165367358323696e-19)
(0.0001727147039549545 -0.0001186710414923819 -5.347990091451335e-18)
(0.0002125046969680195 -0.0001087856513440219 -4.71843285654589e-18)
(0.0002819673497980556 -4.025773770576223e-05 -1.970978229100278e-18)
(0.0003923061248997122 3.262412400628888e-05 -5.946757629506204e-19)
(0.0005618777495993069 0.0001035002612934972 4.915264489775557e-19)
(0.0008197217718230239 0.0002100215071813899 1.429712083958295e-18)
(0.001182247426711047 0.0005549838836903544 2.693239935801495e-18)
(0.001489158063835969 0.001817161660867554 -3.041621174532784e-19)
(0.0009570296864132242 0.004030817733852329 3.925875093756957e-18)
(0.001378254252718964 0.007470233743098478 -9.869451582745698e-19)
(0.0007092832745683429 0.008997839443109596 7.371974593039018e-18)
(0.0004407044806530035 0.009531743601128451 1.078943087034261e-18)
(0.0001811951728357934 0.009265266142423822 2.030748526592172e-18)
(5.650512687502974e-05 0.008334204905722136 7.978608690074375e-18)
(9.009582280321033e-05 0.006746615333699404 9.585949317749657e-19)
(6.293020310911832e-05 0.004655452259158655 -6.877829095302647e-19)
(1.66492489173315e-07 2.590680129856176e-06 2.078387922072567e-23)
(4.892249761526178e-07 3.995131773806105e-06 8.321790073747564e-21)
(1.122459624912234e-06 5.528257560566196e-06 1.776987357277156e-19)
(2.115802119694683e-06 7.242677335528075e-06 1.521192881905411e-20)
(3.474677968059569e-06 9.184351949035642e-06 -4.061902088472323e-20)
(5.163427013906525e-06 1.138541748836673e-05 4.280912149013274e-20)
(7.109173495844145e-06 1.385756652760829e-05 2.597628505362614e-20)
(9.206991122618757e-06 1.658690608292042e-05 6.402018661032627e-21)
(1.1326461248204e-05 1.953104358912096e-05 1.761584957385704e-21)
(1.331949282824558e-05 2.261880270490848e-05 -1.554375064685809e-21)
(1.502927615070187e-05 2.575254713707174e-05 -6.266915521483519e-20)
(1.630019332625856e-05 2.881285943136507e-05 1.998268523138421e-18)
(1.698837708492482e-05 3.166522704596986e-05 1.080341002520005e-18)
(1.697251283661744e-05 3.416825032163777e-05 5.43936278975562e-20)
(1.616445667835999e-05 3.618268767456101e-05 -6.055730492688526e-20)
(1.451917457604736e-05 3.758052813435803e-05 -4.188957796248305e-20)
(1.204331839243502e-05 3.82533746469578e-05 -1.008574626795224e-19)
(8.801500875094126e-06 3.811971617359144e-05 7.058647761295709e-20)
(4.919152552028015e-06 3.713100291445441e-05 1.497809773916894e-20)
(5.808639259874144e-07 3.527664030096144e-05 1.982196900943146e-20)
(-3.976600673967804e-06 3.258799713551624e-05 1.650570210454494e-20)
(-8.476921774786808e-06 2.914131740431973e-05 1.569087547147238e-19)
(-1.262212457616286e-05 2.505916549682199e-05 -1.645014041303839e-18)
(-1.611467520544322e-05 2.050992181870399e-05 -2.878061777446893e-20)
(-1.868210395743804e-05 1.57048541301677e-05 9.774886080885988e-19)
(-2.010188996203269e-05 1.089253493705557e-05 4.30656860873268e-20)
(-2.022398299806813e-05 6.350722704725944e-06 -2.693992175968576e-18)
(-1.89883664714896e-05 2.376217608479093e-06 -3.226563428927164e-18)
(-1.643549064740484e-05 -7.263903606558476e-07 1.124395942649603e-20)
(-1.270807054427501e-05 -2.655777683020473e-06 8.690835801347588e-22)
(-8.043468369540747e-06 -3.123072441464994e-06 -3.375395420217781e-21)
(-2.748078422139721e-06 -1.828928422052071e-06 -1.361818544888498e-20)
(-2.207386224319854e-06 -2.045171116709342e-07 -6.008199189583958e-18)
(-6.510095627825296e-06 -7.170728163435718e-07 4.718244709960706e-18)
(-1.046446948099825e-05 -1.299639763831066e-06 -7.42901726887136e-20)
(-1.389417275897306e-05 -1.919040256432702e-06 1.115760018976409e-20)
(-1.665823616542079e-05 -2.533252067939097e-06 2.481845361400146e-19)
(-1.866290573254671e-05 -3.095604269479909e-06 -3.891633063414351e-18)
(-1.986507585089776e-05 -3.561189609687816e-06 1.94071526529854e-20)
(-2.027147151711104e-05 -3.893074552928269e-06 -1.84634155045623e-19)
(-1.993404814696785e-05 -4.067192089983961e-06 -5.693905395940652e-21)
(-1.894230114161374e-05 -4.075141977994659e-06 1.485630424137942e-22)
(-1.74134302172483e-05 -3.924554106935667e-06 1.582764535868398e-20)
(-1.548152051559671e-05 -3.6370951504959e-06 -1.776210260446067e-19)
(-1.328691487168737e-05 -3.244521765072023e-06 -7.255215417490345e-20)
(-1.096679571013906e-05 -2.783397326693591e-06 2.089301614936258e-19)
(-8.648274170582114e-06 -2.289450047928332e-06 1.827647323333747e-18)
(-6.446666763559308e-06 -1.793326865314046e-06 9.673019936530748e-19)
(-4.475335563617028e-06 -1.32133359910286e-06 1.006352533247309e-19)
(-2.875777496393549e-06 -9.113849595513562e-07 -3.083966848036339e-20)
(-1.857917438818538e-06 -6.211309873643128e-07 -1.690690431426897e-20)
(-1.2278012866285e-06 -4.209540751550335e-07 2.38112703845534e-20)
(-8.267234465626744e-07 -2.841571751634273e-07 1.305935628320625e-19)
(-5.589661801728453e-07 -1.913490369642333e-07 3.567257412511183e-20)
(-3.68362311142575e-07 -1.283637123215007e-07 1.199834538117019e-20)
(-2.219415465820303e-07 -8.498717952849203e-08 -3.22569028273303e-20)
(0.0004314536357967866 0.00498597102800023 -9.197974694423367e-19)
(0.0002653954431478071 0.007673310224353374 -2.210658106740953e-19)
(-0.0002500110664312827 0.00921826870478748 3.298772588535231e-19)
(-0.0003531284186637237 0.009702711649452609 1.145433629936352e-18)
(-0.0004246403528254179 0.009328417528107227 1.474458682629631e-17)
(-0.0003488703042177353 0.00828142567768865 -1.129014715947832e-17)
(-4.933201685562475e-05 0.006676214754367841 -1.363171834541497e-17)
(-5.866073611218519e-05 0.004618803222453563 8.437398090584629e-19)
(3.285097273898144e-07 2.604452666285224e-06 -1.471548748701841e-20)
(7.578980517216304e-07 4.009906799770975e-06 1.296750509057014e-19)
(1.525464130616586e-06 5.518325279042942e-06 -4.794442088536972e-18)
(2.681383944386196e-06 7.158002056852303e-06 -7.747404626780957e-22)
(4.226356606449417e-06 8.948308131408135e-06 -2.027205690784307e-18)
(6.115003082721908e-06 1.089616404887164e-05 1.062927236613885e-20)
(8.260373730638185e-06 1.299311194367619e-05 2.234728712145278e-20)
(1.054014145868446e-05 1.521344334098937e-05 3.865396856880671e-21)
(1.280459557811238e-05 1.75136906085177e-05 5.572054033501841e-22)
(1.488626571252184e-05 1.983363194419199e-05 6.260385374236491e-21)
(1.661082080285778e-05 2.20987357681708e-05 1.374174053640698e-21)
(1.780877658210788e-05 2.422383980888441e-05 -5.663716979283322e-20)
(1.832747151716066e-05 2.61177816182625e-05 6.313572929863776e-20)
(1.804273670086374e-05 2.768863959921961e-05 9.250521411918124e-22)
(1.686973307588437e-05 2.8849165638614e-05 -2.353548806973645e-20)
(1.477249090055775e-05 2.952193694537048e-05 -4.948271404043251e-21)
(1.177167451838325e-05 2.964382023958045e-05 2.230445599588402e-20)
(7.949970799843225e-06 2.916957410537078e-05 3.596295443970444e-19)
(3.454302835236662e-06 2.807474874395779e-05 2.371025309416267e-20)
(-1.50608836112508e-06 2.635831292373009e-05 5.30715176425512e-21)
(-6.666623450097599e-06 2.404547092794713e-05 2.029808152634217e-21)
(-1.172008352059019e-05 2.119084000327693e-05 1.269535084221541e-20)
(-1.633509307264868e-05 1.788168223457003e-05 2.763440119490233e-21)
(-2.01796725244033e-05 1.424048556873973e-05 -9.332528366835977e-21)
(-2.294840318936477e-05 1.042597126894862e-05 -4.430395133941182e-20)
(-2.439076187388863e-05 6.631775223187942e-06 6.374995100876264e-21)
(-2.433738404464128e-05 3.082446627570927e-06 6.4466431441972e-20)
(-2.272092638776939e-05 2.685898141624541e-08 -3.48785446012116e-20)
(-1.958876154662358e-05 -2.270371172939569e-06 -1.832936991557196e-21)
(-1.510556735168566e-05 -3.538295280921654e-06 -7.733410383661814e-21)
(-9.544717155075128e-06 -3.507984110002072e-06 -9.003545467912123e-20)
(-3.258399214807819e-06 -1.891150455618842e-06 -7.134375730667822e-21)
(-2.250042247056074e-06 -3.609442328035214e-07 -5.749994447165673e-18)
(-6.629442280014906e-06 -1.102054765555159e-06 -3.485466189976719e-18)
(-1.063397102692685e-05 -1.839894146918406e-06 5.625396447761289e-20)
(-1.407520680293356e-05 -2.546173869813701e-06 1.235603797744542e-19)
(-1.680525192369756e-05 -3.185822087060594e-06 1.342433902750791e-18)
(-1.873047525419191e-05 -3.721275551670769e-06 1.647731001516378e-19)
(-1.981543557366477e-05 -4.11849078074916e-06 -2.48752160619803e-18)
(-2.008129140214268e-05 -4.352916887766396e-06 -7.648207259753977e-20)
(-1.959924692082192e-05 -4.413975000619669e-06 1.782993945577794e-20)
(-1.848000628371701e-05 -4.307038141430496e-06 3.225578946911565e-21)
(-1.686069035335006e-05 -4.052574831681652e-06 -1.368604134401409e-19)
(-1.489116163116462e-05 -3.68280279412856e-06 -1.224180879707927e-19)
(-1.272169513135e-05 -3.236615491989834e-06 4.802176171736173e-18)
(-1.049309689053646e-05 -2.753618352969176e-06 7.059877752219994e-20)
(-8.330066915257755e-06 -2.268477599788859e-06 -3.845110408068718e-18)
(-6.338767704240937e-06 -1.807340261691373e-06 2.701438612315202e-19)
(-4.60919194691955e-06 -1.388375057036163e-06 3.398883747304869e-20)
(-3.218597724408308e-06 -1.027138694702874e-06 5.672787224982358e-21)
(-2.21688949923022e-06 -7.404459215717453e-07 6.15627166618432e-21)
(-1.528948875278633e-06 -5.226962920728065e-07 1.355858702768467e-19)
(-1.058839819236983e-06 -3.624694402791376e-07 7.010633047400935e-19)
(-7.295204440064531e-07 -2.476187320634001e-07 1.082766813935654e-19)
(-4.873332557837787e-07 -1.667462490276853e-07 -7.22834987371487e-21)
(-2.977262376696252e-07 -1.102545137992477e-07 -2.121462177909055e-19)
(-6.05072686750385e-05 0.005507300763333157 6.009687764164738e-18)
(-0.0001195086359443845 0.007912703363949431 -6.031163071383932e-19)
(-0.0007439333642467881 0.009420600085928221 -7.941442241834051e-18)
(-0.0008806556842551425 0.00978198727166734 -7.577324875401187e-19)
(-0.0008829194108650782 0.009237887118869893 -5.173362490887635e-19)
(-0.0006613598975046249 0.008036705482009176 -3.727727505160404e-18)
(-0.0001457421059091719 0.006453153956229692 -1.291996405458606e-17)
(-0.0001533759890060848 0.004477673039021227 -6.529033864320998e-18)
(4.836565513519834e-07 2.539544479641431e-06 8.994614313413476e-20)
(9.98876078959262e-07 3.901525629978157e-06 2.106913209632138e-18)
(1.857167345930644e-06 5.335453209410243e-06 -3.752022235240949e-20)
(3.105878859799272e-06 6.845155265217194e-06 -3.602995999212926e-20)
(4.741077952658164e-06 8.424716831441467e-06 -1.531504455241269e-18)
(6.71121409831282e-06 1.005837109377687e-05 -6.405184588349427e-18)
(8.922062580879464e-06 1.172068413400305e-05 6.557337867388657e-20)
(1.124347746999646e-05 1.337725399897592e-05 7.140305729681233e-21)
(1.35180889158028e-05 1.49860658038625e-05 5.370262089283616e-21)
(1.557170727613808e-05 1.649948884796605e-05 1.030428575469841e-19)
(1.722497071859246e-05 1.786677895183707e-05 5.265238982790903e-20)
(1.830564093483009e-05 1.903689375290952e-05 7.1652226598188e-21)
(1.866089847363294e-05 1.996138247877888e-05 -4.258589459639537e-21)
(1.816899014573346e-05 2.059711195744095e-05 -2.084932218251555e-20)
(1.674966955939917e-05 2.090856935008057e-05 1.446591942979946e-18)
(1.437301092644923e-05 2.086947662829474e-05 -5.126354198267108e-21)
(1.106629806278941e-05 2.046351024267284e-05 -2.102000704671842e-19)
(6.918716203161736e-06 1.968411993955987e-05 -5.847081503456246e-20)
(2.083444287842573e-06 1.853379313158064e-05 1.248894891875943e-20)
(-3.223529404480546e-06 1.702351831553168e-05 2.63243000253109e-21)
(-8.728828422297397e-06 1.517342923983058e-05 4.022651715952315e-22)
(-1.411244666025863e-05 1.301538140251191e-05 3.66647478625301e-22)
(-1.902467228305071e-05 1.059751035273858e-05 -6.632283614320835e-21)
(-2.310929913133765e-05 7.989988002391184e-06 -1.185560086197956e-19)
(-2.60324778691254e-05 5.290527108241629e-06 -1.087310464899447e-19)
(-2.751484945617312e-05 2.628120831569538e-06 -4.556238939670207e-20)
(-2.736264754352961e-05 1.63953312381311e-07 -4.83713783122722e-20)
(-2.549324868444079e-05 -1.911065736379721e-06 -4.702236141104584e-19)
(-2.195156290011116e-05 -3.382152153303536e-06 -7.414366775266542e-21)
(-1.691464736781412e-05 -4.018916371772464e-06 -8.407979469021744e-20)
(-1.068285381480459e-05 -3.583663714004474e-06 -1.566315353078855e-18)
(-3.646246196900051e-06 -1.813723916793946e-06 -8.35806387044471e-20)
(-2.264738851445809e-06 -5.260806755628435e-07 2.550853653868324e-20)
(-6.665980482996976e-06 -1.4964751902304e-06 5.384083770251708e-20)
(-1.066905918404941e-05 -2.380288593011644e-06 3.833647318647729e-18)
(-1.407474532058215e-05 -3.157411034948642e-06 -1.555109263433402e-20)
(-1.672918426588645e-05 -3.802114626540263e-06 1.235592711775608e-18)
(-1.853985080041312e-05 -4.287743250558492e-06 9.707703849451986e-20)
(-1.948033496317688e-05 -4.592501149075783e-06 -6.449778880688351e-20)
(-1.958811025021593e-05 -4.705537766698227e-06 -6.605920261887062e-18)
(-1.895573288807008e-05 -4.63136077142218e-06 -6.604595079178483e-18)
(-1.771662542999748e-05 -4.391033180213642e-06 7.448042340940242e-20)
(-1.602748238580562e-05 -4.019662047000843e-06 5.88720944854543e-18)
(-1.405059399875908e-05 -3.56100910016378e-06 -3.39148128260979e-19)
(-1.193971343026428e-05 -3.060806693440171e-06 -1.018805838518712e-19)
(-9.830288460809825e-06 -2.559931365343207e-06 8.906423974641665e-22)
(-7.833941919465552e-06 -2.089015093340463e-06 1.163574548904247e-19)
(-6.036828854828367e-06 -1.666222414269071e-06 2.496135810338796e-20)
(-4.50061465677627e-06 -1.299064394573186e-06 1.382635585550148e-20)
(-3.262632958809359e-06 -9.893086706563772e-07 1.330482078359035e-20)
(-2.328062575489829e-06 -7.371580938396721e-07 -1.255463383375102e-19)
(-1.651617306504065e-06 -5.377028327356939e-07 1.243242661573253e-19)
(-1.168680503442075e-06 -3.840854356957106e-07 1.153063710570569e-19)
(-8.188391485527058e-07 -2.689256530379554e-07 -1.729079634684936e-19)
(-5.54873071372951e-07 -1.846498708054679e-07 -3.488812614889487e-20)
(-3.434909199727301e-07 -1.236182655186819e-07 -8.868188811201516e-20)
(-0.0001823715891500348 0.005732618941716667 3.360127575972988e-18)
(-0.0001592071445129057 0.008278676996723229 3.696245143077656e-18)
(-0.0009079704584332709 0.009766684711435866 1.145218387505625e-17)
(-0.001151102349970386 0.00989978703528956 3.910299271079195e-19)
(-0.001161632420363889 0.009081909991775373 -1.657717783143924e-17)
(-0.0008447887223061361 0.007641964398790614 -7.306022064726406e-19)
(-0.0001996988213445417 0.00611261404719864 -1.692753121792016e-18)
(-0.0002350790819205194 0.004259126641760284 -1.632986766131024e-18)
(6.130097588813004e-07 2.396099257658891e-06 2.331171563826265e-20)
(1.183669494416372e-06 3.671602304813892e-06 7.291709599114798e-20)
(2.08046260977081e-06 4.9867263398135e-06 -4.442056040437298e-20)
(3.345602002693114e-06 6.323510062027852e-06 1.109137385956015e-19)
(4.971669877639352e-06 7.654474276164096e-06 -3.988755386335634e-18)
(6.905213636365301e-06 8.94539256010991e-06 1.913226596736192e-19)
(9.051704906829026e-06 1.015789449254612e-05 1.175173220532586e-19)
(1.128236089567537e-05 1.125211942717001e-05 1.708520826449922e-20)
(1.344288193815425e-05 1.218944532378502e-05 6.096625550153349e-20)
(1.53637997768164e-05 1.29351727978258e-05 -1.718604430356622e-18)
(1.687193498105472e-05 1.34609908339386e-05 -2.9656547533854e-18)
(1.780232760861811e-05 1.374702003657856e-05 1.07881678153003e-19)
(1.800997669538108e-05 1.378325477918008e-05 -3.80808567727573e-21)
(1.738072376496029e-05 1.357026146786219e-05 2.04863902910318e-19)
(1.58407212282807e-05 1.311898694843845e-05 1.422340899447705e-21)
(1.336410678950007e-05 1.244955112719107e-05 1.40255823311331e-21)
(9.978721772627673e-06 1.158891860630548e-05 2.170820342087821e-20)
(5.769910814309043e-06 1.056748105060729e-05 8.54744271145263e-20)
(8.824981017666565e-07 9.414890818399205e-06 1.07442023527512e-20)
(-4.479176547947806e-06 8.156017273509494e-06 1.419681083980552e-21)
(-1.005380523737753e-05 6.808478364471807e-06 4.937158810552044e-22)
(-1.552959286001219e-05 5.383376404692868e-06 1.425831114802768e-21)
(-2.055658153334592e-05 3.890164897718193e-06 8.793677423556297e-21)
(-2.476649949012446e-05 2.34518978341116e-06 -1.366690712720389e-19)
(-2.780168780047894e-05 7.819692260692401e-07 1.516158464023372e-19)
(-2.935187082301564e-05 -7.393391987713192e-07 1.089803982377408e-18)
(-2.919200930049434e-05 -2.125457769603864e-06 -3.404842006408075e-20)
(-2.721459310736727e-05 -3.248062588976502e-06 -1.397736077076752e-20)
(-2.345162945989118e-05 -3.947535069543165e-06 2.614516589968883e-19)
(-1.808259059383902e-05 -4.04121361360487e-06 3.249237171930707e-20)
(-1.142569935828962e-05 -3.332465797588422e-06 -1.111560187597774e-19)
(-3.900787877516199e-06 -1.598213068139745e-06 -1.380976968993982e-20)
(-2.249648450594149e-06 -7.012081585976507e-07 -8.132459208858943e-21)
(-6.614415103813954e-06 -1.902299395128504e-06 -7.644162652715665e-20)
(-1.056146848863154e-05 -2.922830187023114e-06 -1.624612033230893e-19)
(-1.388204810424953e-05 -3.75497071312546e-06 -9.471476439176594e-21)
(-1.641692627444625e-05 -4.385363151989145e-06 8.928332553555066e-20)
(-1.80750074883771e-05 -4.800378913613602e-06 -1.105756810781045e-19)
(-1.883975229910895e-05 -4.991704830538206e-06 2.232332769532019e-21)
(-1.876696611885671e-05 -4.962989324666363e-06 -6.737301777873105e-18)
(-1.797380140410791e-05 -4.734972794589876e-06 8.103473684854307e-20)
(-1.66198095631362e-05 -4.346348021408528e-06 -4.193236679056053e-18)
(-1.488238566114443e-05 -3.849007767902312e-06 -2.840344684521125e-19)
(-1.293246451688416e-05 -3.299190928508582e-06 5.027320212545537e-18)
(-1.091933828864186e-05 -2.74859823878675e-06 -1.441733088357878e-19)
(-8.963475164609687e-06 -2.236929284564959e-06 -2.000433328979489e-20)
(-7.154993619445707e-06 -1.787849240859549e-06 -2.381185010677582e-20)
(-5.555712973674372e-06 -1.409504472592565e-06 7.456140555088886e-21)
(-4.202482865460098e-06 -1.098803012204198e-06 3.08115763162197e-20)
(-3.109314037850358e-06 -8.472592767422207e-07 -6.599531579397714e-18)
(-2.266304748470933e-06 -6.454766120177202e-07 -1.156194382775043e-18)
(-1.6383622061598e-06 -4.845313204158638e-07 -5.620166861474987e-18)
(-1.177561468463295e-06 -3.572078677019841e-07 -5.554591503737333e-20)
(-8.359882350550147e-07 -2.579625909931283e-07 5.063566049044161e-18)
(-5.731721675151851e-07 -1.820166568142125e-07 -1.171319670973938e-19)
(-3.585310235143307e-07 -1.243253472087017e-07 -8.738489071823956e-20)
(-0.0001816131187422224 0.005962165349481509 4.151042891878276e-18)
(-0.000195413863731408 0.008715822590483355 2.060595595688059e-17)
(-0.0007945116254958497 0.01021483919378653 2.185870843606977e-17)
(-0.001074563075436546 0.01007003689001206 2.483469578165732e-18)
(-0.001137063847118975 0.00892186380219717 -8.241329942239904e-19)
(-0.0008261037111461102 0.007154596382865249 9.910609113678607e-18)
(-0.0003187054931624167 0.005693837430164604 2.342974277380513e-18)
(-0.0003514770568165949 0.004024296586031863 2.074191841887237e-18)
(6.995274334202907e-07 2.17924214487603e-06 3.396108864391713e-20)
(1.288900364502415e-06 3.32979705874089e-06 -7.39624077762793e-20)
(2.169135821070969e-06 4.490303474776456e-06 -1.119088079724921e-19)
(3.375942747824373e-06 5.626048135443795e-06 -1.216318732167602e-19)
(4.900058800159143e-06 6.693770747247165e-06 -9.855005553374859e-19)
(6.690301080723889e-06 7.646432675796058e-06 -3.431865007754438e-21)
(8.658148870330923e-06 8.437499650460357e-06 7.344703081772057e-19)
(1.068419647605933e-05 9.024941687716032e-06 1.499057213200348e-19)
(1.262636543861422e-05 9.374869741074688e-06 -1.077226229934465e-19)
(1.432952316718144e-05 9.464609144586405e-06 -1.365055268492769e-19)
(1.56360093229971e-05 9.285004147820423e-06 8.027836186910949e-20)
(1.639648660892558e-05 8.841780390956059e-06 1.431461798229308e-18)
(1.648047174172482e-05 8.155854305706722e-06 -5.328633468890715e-20)
(1.57859181656719e-05 7.262506019261824e-06 7.979683381644787e-20)
(1.424729430860722e-05 6.209395487712194e-06 4.210162335497919e-20)
(1.184180306357339e-05 5.053421929824826e-06 6.924896600196703e-21)
(8.593611310575393e-06 3.856362608015444e-06 2.2893665132781e-21)
(4.576324031476623e-06 2.679310399906955e-06 8.614724943104514e-21)
(-8.573128776898434e-08 1.576047527250459e-06 4.227117697667512e-21)
(-5.216677047203944e-06 5.859560364626648e-07 -7.434225995121103e-21)
(-1.058835214165282e-05 -2.720570690924531e-07 3.83337769082301e-21)
(-1.592040212232328e-05 -1.002144929088643e-06 1.486267608795849e-20)
(-2.088390988819709e-05 -1.628103131996479e-06 -6.782699032690381e-19)
(-2.511259286982863e-05 -2.183163145204814e-06 -1.362798883142582e-21)
(-2.822831149455404e-05 -2.695150412528502e-06 5.042934889468735e-19)
(-2.988499500486061e-05 -3.170770616903445e-06 -5.492149585208115e-20)
(-2.981698227751909e-05 -3.582794426233368e-06 -2.092866176123827e-20)
(-2.788118279302247e-05 -3.864085355272887e-06 -8.248132851208678e-20)
(-2.408688677582767e-05 -3.911172874681255e-06 2.304904213498859e-20)
(-1.860763284630479e-05 -3.594056083659411e-06 -1.649205572728438e-20)
(-1.177183027776521e-05 -2.766194960136109e-06 -7.697711138960586e-20)
(-4.021435245952446e-06 -1.257389854965318e-06 -3.44602140697468e-20)
(-2.203512815073465e-06 -8.839133764431892e-07 -8.751093830643596e-20)
(-6.471251237139355e-06 -2.313023078497328e-06 -8.532738727295968e-19)
(-1.030627102036313e-05 -3.457709164897058e-06 -7.061720706299339e-20)
(-1.349167763727661e-05 -4.326790983638206e-06 -3.355080303438059e-20)
(-1.586294109515683e-05 -4.922739717552922e-06 6.406353919076807e-18)
(-1.73294778090785e-05 -5.247508376819698e-06 -2.673279342349499e-18)
(-1.788396329097694e-05 -5.307559973649015e-06 -2.956531299418056e-19)
(-1.760191252483771e-05 -5.121322616815391e-06 -3.167036329306697e-18)
(-1.662981107242536e-05 -4.726384913614066e-06 -4.554078750185803e-19)
(-1.516073980805136e-05 -4.181435219766062e-06 3.367616274862465e-18)
(-1.339790069529185e-05 -3.558474098138998e-06 -3.767537967094395e-19)
(-1.151593922450733e-05 -2.926501702230099e-06 -4.674259966520767e-20)
(-9.648477517170025e-06 -2.340179727752844e-06 2.599484807264593e-19)
(-7.889490400964539e-06 -1.833366363899851e-06 -1.580236629977381e-18)
(-6.300093528147511e-06 -1.418858540771888e-06 6.001964618516998e-18)
(-4.91612707959456e-06 -1.093140514468738e-06 -1.074970698226131e-19)
(-3.753935684339365e-06 -8.431705243612791e-07 8.351806794669931e-20)
(-2.813495782550161e-06 -6.526074067272035e-07 -4.639326178026887e-18)
(-2.079473143687307e-06 -5.059857004735373e-07 -5.068813239757592e-18)
(-1.522793406144715e-06 -3.907837884502274e-07 1.535518168097318e-18)
(-1.106554295335176e-06 -2.98291599222446e-07 1.127081720619923e-19)
(-7.929426164175399e-07 -2.232810160053446e-07 -1.097908993405738e-19)
(-5.48271683129941e-07 -1.627718540700819e-07 -5.692186015405603e-18)
(-3.456473556539565e-07 -1.144074558685846e-07 -5.816764522555533e-18)
(3.634266241378374e-05 0.006029802965151107 -5.101777578243442e-18)
(-0.0002712667593190863 0.009014132736316436 -6.256499212984085e-18)
(-9.257420795932324e-05 0.01054745691535756 -6.189953915924762e-18)
(-0.0001950309706206595 0.01023386932811276 -7.706576700020084e-20)
(-0.0003641005281604719 0.008887601215288567 -8.216559390033331e-18)
(-0.000355972354875933 0.006810419646303171 1.65203298195405e-18)
(-0.0008346472787894735 0.005334000804701321 1.000876643147442e-17)
(-0.0004386493573679277 0.003965496100788507 3.441297668602988e-19)
(7.299727804354001e-07 1.89836400367677e-06 1.423416642476266e-19)
(1.298582668087065e-06 2.892286131379439e-06 5.714054967838999e-18)
(2.109744305363358e-06 3.872451109714829e-06 -1.076323108641766e-18)
(3.192193330779722e-06 4.79427358414348e-06 -6.553844557177872e-20)
(4.536481477878263e-06 5.605984300680565e-06 6.275727206854779e-18)
(6.097139225566019e-06 6.254339718662081e-06 1.410736059864148e-19)
(7.796672983092015e-06 6.689861766656776e-06 3.340871837859056e-18)
(9.531314146945125e-06 6.871610819983985e-06 1.122587772802781e-18)
(1.117824102024384e-05 6.771254871145436e-06 1.699951988845257e-18)
(1.260392598225217e-05 6.376206479378782e-06 -1.681402743494436e-20)
(1.367320558686184e-05 5.691654659971575e-06 -7.729427677945666e-21)
(1.425854782408434e-05 4.741356811792299e-06 8.06763002642747e-20)
(1.424894695400882e-05 3.567132297053847e-06 -1.742097337859984e-19)
(1.355787523059197e-05 2.227055479983066e-06 1.199988759401973e-18)
(1.212976610243544e-05 7.923996495236545e-07 -1.427800157140854e-18)
(9.944632646057515e-06 -6.56589531602492e-07 3.079168504126943e-20)
(7.020694567173684e-06 -2.035964372043759e-06 2.580208974767611e-21)
(3.415147304559711e-06 -3.264466112685126e-06 1.112632620514613e-20)
(-7.761649996503028e-07 -4.271053477602799e-06 4.06094460698154e-20)
(-5.418671528015901e-06 -5.00353828791311e-06 1.231758644880643e-18)
(-1.03364920562832e-05 -5.437630875887835e-06 1.85319269539526e-20)
(-1.530564344135767e-05 -5.583984522880949e-06 5.452899576606918e-21)
(-2.004412658296231e-05 -5.488797401928449e-06 1.185006585682808e-20)
(-2.420474952041871e-05 -5.224073654329126e-06 -2.134925547738951e-20)
(-2.738777085048265e-05 -4.869123851028619e-06 -3.960623188683051e-20)
(-2.920055281335938e-05 -4.488978757599682e-06 -8.145370379857012e-20)
(-2.932412738112893e-05 -4.113409796579516e-06 -2.173998775132723e-20)
(-2.756978264095798e-05 -3.729300881511171e-06 2.653470176873713e-18)
(-2.391800374920618e-05 -3.287702918791571e-06 -1.558874771101886e-19)
(-1.853222990342738e-05 -2.715852058374733e-06 2.43091809022916e-20)
(-1.174598837909132e-05 -1.926412376034112e-06 -5.084086283354459e-18)
(-4.016240492715501e-06 -8.143285957391833e-07 -1.148789113773232e-19)
(-2.125679502305074e-06 -1.068030350503263e-06 -9.219323059037479e-20)
(-6.234877563838798e-06 -2.71386356447828e-06 -7.149744773722115e-20)
(-9.901995677843002e-06 -3.963978818708001e-06 1.401023235916076e-19)
(-1.290380647634695e-05 -4.847661674697986e-06 1.23704025370314e-19)
(-1.507022688308616e-05 -5.38651401490336e-06 -2.943264390141898e-20)
(-1.630860581051073e-05 -5.6008977493006e-06 -1.864359406474792e-19)
(-1.661719022473789e-05 -5.513682011406944e-06 -2.010375519304208e-19)
(-1.608985240955955e-05 -5.158031985210494e-06 3.96548948505633e-18)
(-1.490801863577315e-05 -4.588401466980351e-06 -3.501371068776124e-19)
(-1.33135763192235e-05 -3.887445626967996e-06 6.070187301564107e-18)
(-1.155143734115488e-05 -3.154492200563622e-06 2.437673309953339e-18)
(-9.789590856891473e-06 -2.468434532274628e-06 1.521913277021173e-18)
(-8.12685492119266e-06 -1.878090694068654e-06 1.170296784498638e-18)
(-6.615918970760779e-06 -1.402908146970233e-06 -4.785787112127843e-18)
(-5.282620881719201e-06 -1.040306759736106e-06 -5.219957419075307e-18)
(-4.137617526070079e-06 -7.748722669809649e-07 -8.575760178322317e-19)
(-3.181560051592662e-06 -5.859338943258537e-07 -9.173688693308725e-20)
(-2.406539651277485e-06 -4.526325488569234e-07 -1.704528289344477e-18)
(-1.796318292703264e-06 -3.568156471267655e-07 6.402947030404482e-18)
(-1.327315048050334e-06 -2.844297177958784e-07 4.888590899843756e-19)
(-9.715270950249634e-07 -2.259766681957185e-07 -2.424705398336684e-21)
(-7.002093639651465e-07 -1.762171896140647e-07 -4.448063305237405e-20)
(-4.868003976141351e-07 -1.332762095094002e-07 7.299713328090846e-20)
(-3.087893805193086e-07 -9.714069318530159e-08 1.430861757885023e-18)
(0.001051490341425889 0.005612186467043105 4.236026461746138e-18)
(-3.841842936190922e-05 0.00876906253763934 1.357888203492074e-18)
(0.002059763596612438 0.01028485755861123 5.86979040550106e-20)
(0.002601083979025505 0.01024313349863545 7.253256870945727e-19)
(0.002325755917097009 0.009269201240618986 6.738009473821805e-18)
(0.001476820518867987 0.007292754959275397 2.104270862817731e-19)
(-0.001807407903576487 0.005519560643481317 1.094950107316751e-18)
(0.0003409025733683438 0.00450754526154128 2.308377619521637e-18)
(6.962775097943408e-07 1.566061488345385e-06 9.84633812593903e-20)
(1.205324688594803e-06 2.37947117046034e-06 9.575390890525469e-20)
(1.901878063050554e-06 3.163716939684307e-06 -6.284676079208264e-18)
(2.808061403339855e-06 3.87238356929138e-06 1.099621933874658e-18)
(3.915462978849003e-06 4.453052067575044e-06 5.112736278186012e-20)
(5.186633167812357e-06 4.853155626382633e-06 6.331680158751604e-20)
(6.558498551300328e-06 5.025595549247694e-06 3.049534783489244e-19)
(7.947107692797073e-06 4.933655759275699e-06 -3.848432102682399e-19)
(9.253474784438626e-06 4.554977005659085e-06 -6.573320667904355e-20)
(1.037030855174014e-05 3.884441438038581e-06 3.369441543310471e-18)
(1.118928969357598e-05 2.935838960302188e-06 9.425958857678845e-20)
(1.160846851599746e-05 1.74222736877257e-06 1.183249435654295e-18)
(1.153929759635866e-05 3.549546353852177e-07 2.888000149925385e-18)
(1.091281040016372e-05 -1.158605423885739e-06 -1.179677361648672e-19)
(9.684478572996591e-06 -2.718494242780894e-06 -6.052293901942021e-19)
(7.837333988989365e-06 -4.236626695003527e-06 -1.403486598404998e-21)
(5.383085005219307e-06 -5.622100285338459e-06 9.157653291801499e-21)
(2.36121516240112e-06 -6.78722339832313e-06 2.865015124406038e-19)
(-1.163652911285139e-06 -7.654375332235078e-06 8.058635153202713e-19)
(-5.104647164722335e-06 -8.163982804719385e-06 6.59059860731845e-20)
(-9.352321698141665e-06 -8.284172420951761e-06 5.218060582789721e-19)
(-1.376492738996548e-05 -8.021636982803075e-06 2.130064343416441e-20)
(-1.814222815376375e-05 -7.429076233655008e-06 8.075030730747793e-19)
(-2.21818620558473e-05 -6.59957165143445e-06 -5.732599784716324e-21)
(-2.544722183555823e-05 -5.644699623659748e-06 -7.848082091666614e-20)
(-2.747614748821806e-05 -4.671941176913677e-06 -7.80682695442706e-19)
(-2.788048980435949e-05 -3.751041875573943e-06 1.459595230426627e-18)
(-2.642144293760976e-05 -2.912884762592063e-06 -3.128193384949593e-19)
(-2.305320585883376e-05 -2.162873628061383e-06 -1.968876074291778e-18)
(-1.79312865002312e-05 -1.491920723867973e-06 -6.808361503432316e-18)
(-1.139183193279406e-05 -8.810760267555229e-07 3.473432359812572e-18)
(-3.89948493548513e-06 -3.005037148135197e-07 -1.373691638410841e-18)
(-2.016303353065868e-06 -1.244069820287644e-06 -1.834500664164175e-20)
(-5.906102880378987e-06 -3.083297733685875e-06 3.500944764409646e-20)
(-9.351315741313194e-06 -4.412525950419147e-06 -5.712232312311762e-18)
(-1.212493320638854e-05 -5.283858868747413e-06 2.233610289660293e-18)
(-1.405136577186435e-05 -5.740146716333265e-06 7.976336206723199e-20)
(-1.503192195120113e-05 -5.82236627015586e-06 -2.377629777775949e-19)
(-1.506218245958535e-05 -5.571517091812949e-06 -1.106255605304512e-19)
(-1.42457238169998e-05 -5.035293957418325e-06 -7.049858053720445e-19)
(-1.280079417453461e-05 -4.283778080817441e-06 5.73026986859091e-18)
(-1.104728982321028e-05 -3.432125967601845e-06 -7.765140506158341e-20)
(-9.322137938052449e-06 -2.627660228965304e-06 -2.341805453888775e-18)
(-7.752661093608109e-06 -1.943216781441666e-06 6.482175180740443e-18)
(-6.366901595029699e-06 -1.400714987194159e-06 1.051544363048012e-19)
(-5.159530251510963e-06 -9.934548883408847e-07 6.61397050315864e-18)
(-4.119420084467367e-06 -7.015331786224335e-07 5.849279410458014e-18)
(-3.236902685951684e-06 -5.01000448089239e-07 -2.768710932355732e-19)
(-2.502918889344481e-06 -3.683342112640719e-07 1.608957972604151e-19)
(-1.906569588508444e-06 -2.826094115564778e-07 -5.087632015835272e-20)
(-1.433507541695315e-06 -2.26594637079032e-07 -4.241956231883359e-19)
(-1.065822244973895e-06 -1.872444690668605e-07 -5.127590083466797e-18)
(-7.833944900290449e-07 -1.557422588264524e-07 -1.454388038700291e-19)
(-5.659266099009019e-07 -1.271870081886051e-07 -1.622754475887418e-19)
(-3.944772355279208e-07 -1.001386300518306e-07 -1.960777515687364e-20)
(-2.517554964614468e-07 -7.594640256622116e-08 -1.596513608552046e-19)
(0.004289696872633343 0.004265812768340054 -1.586913884364467e-18)
(0.002385691914539087 0.007001018127143011 1.407191046654188e-18)
(0.007489949448756546 0.008526907732049331 -7.772478225557674e-19)
(0.009369556492673388 0.009738925538889366 1.715050838296339e-19)
(0.009333272120023868 0.01041545850644286 -3.776991741142186e-20)
(0.00736623412455924 0.009880354302192302 3.338710414231745e-19)
(-0.0002251662390480038 0.007854109763603234 5.731967606400602e-19)
(0.004671730057339391 0.006077281897699918 1.751685569678752e-18)
(5.962960420665009e-07 1.196782091356053e-06 6.805047386477576e-20)
(1.010512772720625e-06 1.813226577329413e-06 1.841567985415242e-19)
(1.557159349283889e-06 2.395102194284807e-06 7.657708145207773e-20)
(2.252324303478066e-06 2.901863527597984e-06 -6.299324670442381e-20)
(3.089053060705525e-06 3.287651015566363e-06 -9.781443761046268e-20)
(4.039091585473749e-06 3.507089051227579e-06 4.282024387922761e-20)
(5.055554992389839e-06 3.520509476942425e-06 4.269590692647563e-20)
(6.076344776743655e-06 3.298263491254309e-06 -6.733391026516562e-20)
(7.028398514036076e-06 2.824080908191671e-06 -1.590103530005212e-21)
(7.832642704174971e-06 2.097426737169747e-06 -2.639505602225824e-18)
(8.409352678819546e-06 1.134755562444715e-06 1.107727078292465e-18)
(8.683581374970516e-06 -3.04026038500365e-08 -1.553389288521825e-18)
(8.590276035242133e-06 -1.348539750126512e-06 -7.994524673751777e-19)
(8.078701342502208e-06 -2.756385232333472e-06 -2.355783135794633e-20)
(7.115778881690293e-06 -4.180101940812024e-06 2.149430141963768e-20)
(5.687946313997529e-06 -5.53929110750067e-06 1.219941385704019e-19)
(3.801170079955653e-06 -6.751558487825583e-06 -6.738896834023632e-20)
(1.478785411629033e-06 -7.737496785944695e-06 1.897448447210734e-19)
(-1.243212672702096e-06 -8.425938798770766e-06 3.280191203190883e-20)
(-4.323531268895283e-06 -8.759588903127329e-06 1.136176073247225e-20)
(-7.723642045540384e-06 -8.701907277891552e-06 4.529023985751262e-19)
(-1.140787789773645e-05 -8.247695384008477e-06 8.533996235815603e-21)
(-1.531220854173766e-05 -7.437444035363928e-06 -7.376782643465956e-21)
(-1.923856029457938e-05 -6.362694489897222e-06 -1.691499834588336e-20)
(-2.264702265735059e-05 -5.132437896236339e-06 -1.626177735729708e-19)
(-2.49603013549541e-05 -3.868709692964739e-06 1.780146746219172e-20)
(-2.570903520855445e-05 -2.659331805585953e-06 2.673361509677683e-19)
(-2.461696067592323e-05 -1.575405962149501e-06 7.482485463691907e-21)
(-2.162819674307115e-05 -6.830431725319761e-07 -7.583446596263962e-21)
(-1.689822692070532e-05 -4.511077790567836e-08 -3.003810715065583e-19)
(-1.076397792775918e-05 2.818455358468298e-07 4.0254412781111e-18)
(-3.689113532132939e-06 2.466934865655605e-07 -1.034058796065084e-19)
(-1.876698368680207e-06 -1.400041688942805e-06 -7.129517727049348e-20)
(-5.489167830147581e-06 -3.395488929286818e-06 1.784788165611862e-18)
(-8.66253142590436e-06 -4.770381326436217e-06 2.046177685828733e-18)
(-1.116954600440001e-05 -5.599955164847835e-06 -6.042193748002763e-18)
(-1.283034550187247e-05 -5.948293003732365e-06 1.391841862094997e-19)
(-1.353635775319358e-05 -5.876952964334976e-06 1.810204445304512e-20)
(-1.326760772404163e-05 -5.445005463111273e-06 2.187174254894414e-19)
(-1.211365865649893e-05 -4.713027932709687e-06 5.75019691167479e-18)
(-1.03100173324132e-05 -3.760245713870913e-06 -1.810728291875129e-20)
(-8.295735187350411e-06 -2.7505458022306e-06 -3.328544223941817e-18)
(-6.680878315927052e-06 -1.95142618919248e-06 4.308844556433855e-20)
(-5.415133942442249e-06 -1.360500989727731e-06 4.85311168088148e-18)
(-4.39347986564445e-06 -9.347115729821387e-07 -9.530200145586208e-20)
(-3.544662218100416e-06 -6.346837257433478e-07 -1.778058887768191e-19)
(-2.830044669067136e-06 -4.294514603059123e-07 -2.545387091643506e-18)
(-2.229695587372947e-06 -2.945704300773809e-07 4.641686033470295e-20)
(-1.731660398197324e-06 -2.100131559976126e-07 -5.098785524783975e-18)
(-1.326023009450038e-06 -1.593221916644169e-07 2.540592950023927e-19)
(-1.002183717287316e-06 -1.294029476133982e-07 -8.179642611948001e-20)
(-7.480856461031249e-07 -1.104964659419221e-07 -1.443583577887234e-18)
(-5.507080928122358e-07 -9.604696753467284e-08 5.198052085160256e-18)
(-3.973063248618146e-07 -8.234990263170702e-08 -1.081801247089774e-18)
(-2.765118121044255e-07 -6.809722175363762e-08 -6.630058846942465e-20)
(-1.776170019305266e-07 -5.408950516823385e-08 4.662972676879017e-18)
(0.01360831707448678 0.001167207367353936 -4.087177951007847e-18)
(0.01191599789073458 0.003011251901460687 -1.073982616426337e-17)
(0.01904824140823783 0.004662922291895279 -2.027679943293114e-17)
(0.02273317490448461 0.008105758646245402 -2.024697638828914e-18)
(0.02413516178726504 0.01176651970073082 -5.615674463190317e-18)
(0.02291718662940104 0.01444620373406592 3.731705857315993e-18)
(0.01498353932449994 0.01297719578173548 1.246080565364818e-18)
(0.02145487082708666 0.007547885740949478 -3.472753641890519e-18)
(4.337784988467548e-07 8.039450885097971e-07 1.976931837269065e-19)
(7.241535703583768e-07 1.214241633101798e-06 -4.356601498711764e-18)
(1.097774754158214e-06 1.59522908014598e-06 -2.454831229614559e-19)
(1.564252092951454e-06 1.917349012836578e-06 -1.660778298624628e-18)
(2.118085734027038e-06 2.147222277574254e-06 5.874303011112942e-18)
(2.740684413149843e-06 2.252297188707567e-06 8.081607901771115e-20)
(3.401727652577614e-06 2.204613986746653e-06 -1.615031330340942e-18)
(4.06108396569212e-06 1.983836882607319e-06 -7.592621259331891e-20)
(4.671505756172331e-06 1.579638762082785e-06 -3.167364922340225e-19)
(5.181850194882747e-06 9.933534112641432e-07 1.113503094314126e-18)
(5.54055505496147e-06 2.388061339476336e-07 -3.069710860439338e-18)
(5.699136869352726e-06 -6.57725273281581e-07 -6.185008523719521e-21)
(5.615472930500364e-06 -1.658404069615092e-06 1.876940764473806e-21)
(5.256597477782451e-06 -2.715545095624376e-06 -2.107597050889238e-18)
(4.600721556685065e-06 -3.774047735742234e-06 2.872874777557745e-19)
(3.63817379120477e-06 -4.774361038040534e-06 -9.469151781805176e-19)
(2.370850378260667e-06 -5.655798109564791e-06 5.774010123820678e-19)
(8.096524973856024e-07 -6.359988492552621e-06 1.156402173696519e-19)
(-1.03102136744717e-06 -6.834361856184606e-06 1.572513835133842e-20)
(-3.143895361187692e-06 -7.035450068904742e-06 1.278939351372037e-20)
(-5.548750519373993e-06 -6.931761595118519e-06 5.642511041144678e-21)
(-8.324598355783416e-06 -6.508428172638525e-06 4.233315366744604e-20)
(-1.163240886063385e-05 -5.779868537334962e-06 -6.916379810088484e-21)
(-1.559146099239413e-05 -4.818179466787101e-06 3.99103906311753e-20)
(-1.928222842929005e-05 -3.661349296914598e-06 1.118552902461635e-18)
(-2.194498938854796e-05 -2.389415965895619e-06 5.058892309816536e-20)
(-2.30556384648653e-05 -1.107532941724797e-06 -7.329333761939555e-21)
(-2.234846910648385e-05 5.695199297144765e-08 -2.650079160392425e-19)
(-1.978606280510285e-05 9.655509348267463e-07 3.386762503763894e-18)
(-1.553241622509114e-05 1.478449660443173e-06 -2.884295217555708e-18)
(-9.921215742603119e-06 1.462581988037983e-06 5.396921290130438e-20)
(-3.404595455120388e-06 7.866510579116999e-07 -5.36094182527689e-18)
(-1.709694516945683e-06 -1.522581740695224e-06 7.568927645682266e-19)
(-4.992830406141307e-06 -3.623112207723055e-06 2.822962140577501e-18)
(-7.851362994908129e-06 -5.005144357997978e-06 -1.139192755927755e-18)
(-1.006251757503115e-05 -5.765420022348523e-06 1.194703454741599e-19)
(-1.144544039968862e-05 -5.987249675649996e-06 1.572243183687299e-19)
(-1.188087634714343e-05 -5.749965271594848e-06 2.537142809193988e-19)
(-1.132109244863415e-05 -5.126183488088918e-06 3.33882368125214e-18)
(-9.798218601867609e-06 -4.180294416961192e-06 4.317304722613786e-20)
(0.001015362849249592 -0.001266747552405278 7.228816214683084e-19)
(0.001540299065673901 -0.001273627182595567 -1.072768214724977e-17)
(0.002937330089810042 -0.001412362604948203 -6.645034985504704e-18)
(0.004614507208684119 -0.001699015357449728 -5.480788061823917e-18)
(0.00666774476494699 -0.002007948591778154 -4.919470576088404e-18)
(0.00890644722224828 -0.002205665932180953 -1.147667283105214e-17)
(0.01126082218196207 -0.002273209251482909 -5.219946440387629e-18)
(0.01362990611624574 -0.002251341662344554 -9.849692154793578e-18)
(0.01595097958836457 -0.002181648463119806 -1.124470392378505e-17)
(0.01819462958269029 -0.002103521945283736 -1.320574977978973e-17)
(0.02036210925418599 -0.002063970500061592 -1.060203906880556e-17)
(0.02247265502466239 -0.002127549882202381 -6.684686034026196e-18)
(0.0245505997305838 -0.002351703401603781 -4.040579693048195e-18)
(0.02664364364990343 -0.002721777321299074 -5.836254310189848e-18)
(0.0288648012841949 -0.003180212129457819 -4.281638628730554e-19)
(0.02987607985192553 -0.00343519567509181 -1.0656895787605e-18)
(0.0235609169747258 0.0003525083516077894 -4.320999008266328e-19)
(0.03291814687104009 -0.002755728231116936 1.04710542401156e-17)
(0.03757332284882305 -0.0006901904931842228 -3.382258619716621e-18)
(0.0429696430378896 0.004372735402976348 1.745163501730488e-17)
(0.04748235024227248 0.01026048203484412 1.070940739075799e-17)
(0.05088685491444908 0.01551764858546337 2.699066655070509e-17)
(0.0543874809786072 0.01583564685518363 1.647962379782704e-17)
(0.05060415726324265 0.004895256327268832 1.180091296748228e-18)
(0.06416832014016828 0.001518442670366626 -3.382095888631549e-18)
(0.06967658311115567 -0.0002559931936280246 2.332680602785085e-18)
(0.07025708262274834 -0.0001897937384739883 5.701179078054262e-18)
(0.07067842559327228 -3.720230542712875e-05 1.41439123880719e-18)
(0.07094149601485013 -7.865950184206185e-06 -3.105493489427212e-19)
(0.07108226180163654 -2.065860056759035e-05 -4.452675543576345e-18)
(0.0711634512416237 -2.52088125455761e-05 2.038752240023476e-18)
(0.07122811709253037 -2.862710585161557e-05 2.908769110688966e-18)
(0.07129287753604907 -4.014599997729539e-05 3.626148000067426e-18)
(0.07135824526185632 -5.498356774441017e-05 3.53602330808916e-18)
(0.07140695976495225 -5.392552394063022e-05 -2.069690717770222e-19)
(0.07139055551718472 5.082667308109598e-06 -3.591115489016882e-19)
(0.07120278251290715 0.0002059945019478734 -2.098403284092842e-18)
(0.07063651302957047 0.0006921196629718065 -4.108725072055545e-18)
(0.06932900297553059 0.001648484100611719 -1.067377605636695e-19)
(0.06673939101059359 0.003198881971203331 -1.499584660248261e-18)
(0.06228107196445891 0.005223079339998771 -1.797114430526851e-18)
(0.05566502635100385 0.007280687185547554 -6.544932735207497e-18)
(0.04715613243913281 0.008816099672920116 -4.389890528019769e-18)
(0.0374837814678198 0.009419780710452659 2.034874853493321e-18)
(0.02731186888834462 0.009048498338521289 3.772868706233353e-18)
(0.01817797484952495 0.008251398049604551 1.731249975692841e-18)
(0.01044189505316016 0.007573565716854594 7.923973009428825e-20)
(0.007540322464043233 0.007562219419128153 -4.155904221883923e-19)
(-1.570111619410286e-05 -1.764855226368475e-06 -4.161933686452382e-20)
(-1.873139697224427e-05 -6.519746397568721e-07 -5.740591686248662e-20)
(-2.015353356257191e-05 5.827769896313284e-07 -2.623593107815203e-19)
(-1.979509593037689e-05 1.731913436524377e-06 5.727117062040177e-18)
(-1.766248195110586e-05 2.582987901380597e-06 -4.805114450362902e-19)
(-1.393037915748178e-05 2.925622703004154e-06 -2.650230287811242e-18)
(-8.921744129602722e-06 2.558427575141469e-06 -5.866406093689927e-18)
(-3.065393817327394e-06 1.278291318836632e-06 9.558120241694866e-20)
(-1.519809574496048e-06 -1.598278309540189e-06 2.637049428755733e-18)
(-4.430881046588696e-06 -3.740202347627113e-06 -2.219687949015447e-18)
(-6.94179621536198e-06 -5.088596879944765e-06 4.657807894221067e-20)
(-8.840314383295632e-06 -5.758657468335438e-06 3.549108815175729e-20)
(-9.950932165573786e-06 -5.850318271309433e-06 4.863488463422648e-20)
(-1.014981475863175e-05 -5.45823187812159e-06 1.213422906707076e-19)
(-9.364824596356895e-06 -4.665537485713757e-06 -4.316678328814543e-18)
(-7.552083236087807e-06 -3.530302948880027e-06 9.671378171663864e-20)
(0.001055227844406168 -0.001761652337403928 -5.031164823235061e-18)
(0.0008085004751718532 -0.001311539359392621 -2.919762872743588e-18)
(0.004185893712348401 -0.00100278541147664 -2.003344828483465e-17)
(0.006336866305402197 -0.001627137083466327 -3.76636199811557e-18)
(0.009290825977805603 -0.002037170485818635 -9.338032732112078e-18)
(0.01251276715730342 -0.002233400736434282 -1.15957941346794e-17)
(0.01591334279033927 -0.002272097190672599 -1.109038852228243e-17)
(0.01932869224718779 -0.002222587770147823 -2.413481622810929e-18)
(0.022665520789326 -0.002129592520936308 -1.490757450486052e-17)
(0.0258786134102338 -0.002027696932527791 -2.937880638721745e-17)
(0.02896945129339172 -0.001960372680128432 -2.495423422516513e-17)
(0.03197175171745362 -0.00202602171706041 -5.104459036281084e-18)
(0.03491833310841838 -0.00240253198468138 -3.798871936376669e-18)
(0.03779645965085684 -0.003167595609713425 3.876259429341438e-19)
(0.04070282655186376 -0.003910444963233225 1.528933716906323e-18)
(0.04428068667224577 -0.004376520332117028 -5.154060436738661e-19)
(0.04830341964312426 -0.006324897640285561 -5.024721536881913e-21)
(0.05403612967086417 -0.008547178570402596 -1.712844069580151e-17)
(0.05835333293238124 -0.006209945814457168 -1.395470089886973e-17)
(0.06465757988981312 -0.001647257525924803 -1.669624195872895e-18)
(0.07209951206569896 0.003870828111205761 5.276777255948431e-18)
(0.08052892551808309 0.008931351114851143 1.563211504968154e-17)
(0.09062149382294912 0.01101056299214251 -6.049631656024928e-19)
(0.09634161993173047 0.005838499731637813 -5.895866226345152e-18)
(0.0992054471325461 7.4166233879918e-05 -5.887350422762137e-18)
(0.09998758948513466 -0.0004272981543597216 -1.331999033502277e-17)
(0.1009721266173215 0.0003326720138269944 1.423274420976312e-17)
(0.1018202538752731 0.0003118630957536206 9.841247137508529e-20)
(0.1022286093167212 0.0001027000174499522 -5.148108801190647e-18)
(0.1024317398473001 1.959618383765679e-05 2.206830677094839e-18)
(0.1025571246103331 1.41830468716723e-05 4.551795236375079e-18)
(0.1026585143785863 1.046245377300836e-05 6.327744924101905e-18)
(0.1027563631008907 -1.386442353174592e-05 4.527420099488347e-18)
(0.1028541288250878 -5.500701669219825e-05 -8.084560598541752e-19)
(0.1029325058454726 -0.0001015399092389663 -2.171217899229309e-18)
(0.1029302408005974 -0.0001263551947338819 -4.349380098142369e-19)
(0.1027100356722005 -5.907692679752787e-05 -9.636467089395246e-19)
(0.1019955553584016 0.0002566722910316969 -1.33696621998454e-17)
(0.100295171783842 0.001071111691897161 -1.017148602837355e-18)
(0.09681676754521708 0.002646083799455998 -2.641111472416931e-18)
(0.09053832310043176 0.004958857075593502 2.055940440860837e-19)
(0.08084918844455459 0.007404930901951531 -9.513918340195902e-18)
(0.06825526208660725 0.009183797176003245 -1.883332483317394e-17)
(0.05402283732788819 0.009865133393764538 1.069820284824059e-17)
(0.03907771752308339 0.009023197002701142 1.265580343685713e-17)
(0.02613628658013966 0.006637706334008816 3.834926798987677e-20)
(0.007458875455310181 0.007514933610887438 -3.684124245364226e-19)
(0.007545272519377064 0.01046802051983647 -9.105510625504252e-19)
(-1.231920224584702e-05 -5.777968497579222e-08 4.656608608877861e-18)
(-1.559120308323829e-05 9.280579312273898e-07 -2.952282499367589e-19)
(-1.719846912978142e-05 2.108206219444964e-06 5.453059071321457e-18)
(-1.710982228620621e-05 3.213680861014227e-06 -3.037989033099786e-19)
(-1.537779650107431e-05 3.981779580442641e-06 -2.816078041546685e-18)
(-1.218060486334657e-05 4.152244265279766e-06 -3.373069121172351e-18)
(-7.820114545725948e-06 3.472521303089261e-06 -3.343484690380195e-18)
(-2.689948797858315e-06 1.682846970948049e-06 -1.226837498986659e-18)
(-1.313156618284089e-06 -1.615073289084495e-06 -3.211721990206433e-20)
(-3.82174116663153e-06 -3.724789086206621e-06 3.002596941746105e-20)
(-5.964952357772951e-06 -4.999193285889353e-06 -2.48352735024542e-20)
(-7.548230655877227e-06 -5.567666354928751e-06 -8.142293720531269e-19)
(-8.411047500960249e-06 -5.544286359753631e-06 5.42232666828471e-21)
(-8.441464973153821e-06 -5.039579590206643e-06 1.606703442996101e-20)
(-7.581374518161703e-06 -4.156167328026169e-06 2.048961090150102e-19)
(-5.826150938849535e-06 -2.981958220374349e-06 -4.850202522416701e-18)
(0.001306601849072687 -0.003080727085868238 1.782947593543755e-18)
(0.000792156497516404 -0.004325484420325589 -4.100074833268615e-18)
(0.005232954233731059 -0.005106184694690696 -2.035633218786619e-17)
(0.008164431380575481 -0.006433938663586127 -1.395340422664537e-17)
(0.01217014392483723 -0.007454213006585968 -1.285838622807092e-17)
(0.01642456217146902 -0.00805698397557778 -3.95227954634673e-18)
(0.02081447830890896 -0.00825543820877651 -1.860185581757911e-18)
(0.02513649325357037 -0.008162789996387858 6.411047145316909e-20)
(0.02929404407629213 -0.007905379465887779 -2.271817409746341e-18)
(0.03326112704779936 -0.007599804658587712 -2.262506528754698e-17)
(0.03707742262842195 -0.007348518392179662 -7.127849587721261e-18)
(0.04082495321368974 -0.00724938865954671 -4.307004214032738e-18)
(0.0445897718214153 -0.007386900593228841 -1.410830954229318e-17)
(0.04843200228257714 -0.007753377944014141 -1.066294133152554e-17)
(0.05249168928749414 -0.008166370846274015 1.700435413167158e-19)
(0.05728804756087556 -0.008673933565309232 -2.06197746418151e-18)
(0.06282578470054112 -0.01038312943922157 1.388543269943157e-18)
(0.06836027744360244 -0.01281389634162361 8.498858557371903e-18)
(0.07398374669075913 -0.01210031058343593 -1.900354482181344e-18)
(0.08148289594370864 -0.00935445140353177 -5.038978870275549e-18)
(0.09062356596113941 -0.005485090717790696 -5.345115970789727e-20)
(0.1010134769403253 -0.001749939382803229 1.940981284330406e-18)
(0.1121101573200167 0.0001112882665120883 9.397195633526952e-20)
(0.1199403184769402 -0.002319086261981289 -4.111822947973937e-18)
(0.122749423147469 -0.004282823900733132 -1.378480703290618e-17)
(0.1231233298285277 -0.003346678233601065 -1.827600872264065e-18)
(0.1234375012591641 -0.001834800986914657 4.078796214163212e-18)
(0.1236722492844339 -0.0009696766896010074 4.029540681245188e-19)
(0.1237018675799044 -0.0005561908132082915 8.912386309538116e-18)
(0.1236643447865862 -0.0003507280342469231 -6.066065114313364e-18)
(0.1236457898508287 -0.0002531148556740531 1.065333229906526e-17)
(0.1236774252716676 -0.0002231506111675786 -6.188986759407225e-18)
(0.1237646268778506 -0.0002262551269023832 -4.122641911602271e-19)
(0.1239069536138358 -0.0002168308910589011 4.056900287164984e-19)
(0.1240952741071486 -0.0001201014783438675 -2.409837062347197e-19)
(0.1242916969865857 0.0002031334465461216 -5.148534039975125e-19)
(0.1243907858406668 0.001013659558850755 -2.786205756852698e-18)
(0.1241305923418585 0.002764447603080045 -1.174744021028092e-17)
(0.122951502258437 0.006095510916864678 1.774007554508716e-18)
(0.1197331203173517 0.0116331510363377 7.380327885355115e-18)
(0.112729517209455 0.01918972278535505 -6.126054960826963e-18)
(0.1007503423509982 0.02692676185267683 -3.935159710259112e-18)
(0.08461945869014406 0.03253375186097109 -5.705939517209007e-18)
(0.0662717643393621 0.0351332014120888 -4.510849347217713e-18)
(0.04692288102224147 0.03442553945065327 9.017085403894411e-18)
(0.03023126365910429 0.03071327743544379 -5.585573197554557e-18)
(0.006698744558678272 0.02613999857202553 -1.619151645256e-18)
(0.008244043798985334 0.01813692372912935 -3.059238733640423e-18)
(-9.708778651688899e-06 1.033463917017976e-06 -2.352637216020468e-19)
(-1.275424065547582e-05 2.071560600212059e-06 4.668986514499461e-18)
(-1.433718487762954e-05 3.249595781601092e-06 -1.965401352372951e-19)
(-1.441245585980661e-05 4.319371460593862e-06 7.04385475258988e-20)
(-1.303252099547339e-05 5.009283337437977e-06 1.143616727057149e-20)
(-1.036054663231542e-05 5.037331131662291e-06 -3.095366202883826e-19)
(-6.665440514398713e-06 4.121972554272518e-06 4.337947553394044e-18)
(-2.295074545406554e-06 1.966570347736001e-06 2.919357278773812e-18)
(-1.097128557155515e-06 -1.563614373485895e-06 -3.101902582518382e-20)
(-3.187380453797246e-06 -3.561258942554697e-06 -4.336921118767469e-19)
(-4.956633394158274e-06 -4.723766140990373e-06 2.860459868710513e-18)
(-6.234693985257425e-06 -5.188636297245083e-06 3.272097778106765e-18)
(-6.88442568685054e-06 -5.079783055027894e-06 -2.541238230622542e-20)
(-6.817159768102935e-06 -4.520624487013578e-06 -1.645933980160812e-19)
(-6.003438217645415e-06 -3.63102177043358e-06 -5.047854045694448e-20)
(-4.484412770699477e-06 -2.522159914277594e-06 -2.562755676664251e-18)
(0.001714255735608466 -0.004825105205527337 -1.927352593832064e-18)
(0.001532970933526182 -0.00657516736510461 -8.816282461968068e-18)
(0.006974111549181212 -0.008130256034851856 1.375694443521205e-17)
(0.01076552785569497 -0.01013824183367903 -3.04545799596312e-18)
(0.01584009237833377 -0.01159607362406229 -1.472448518027809e-17)
(0.02102805922528121 -0.01236356073557981 -2.023393071113128e-17)
(0.02618556224887745 -0.01251297525288378 -2.400206570910964e-18)
(0.03110800865046177 -0.0122440209424429 -2.600658892722145e-19)
(0.03573190039138772 -0.01176871613264841 -4.883683424453447e-20)
(0.04006739322921129 -0.01127518131280155 -2.214086108621858e-18)
(0.04418523446866639 -0.01092032482452845 -1.243661975289925e-18)
(0.04819212971003286 -0.01083609436845279 -1.128153306744119e-18)
(0.05220628118472323 -0.0111250717314515 -2.891008654750747e-18)
(0.05634863126913713 -0.01182721697260605 -2.662283385404476e-18)
(0.06079388688656191 -0.01289955048358362 -1.636754713624621e-18)
(0.06587427185298522 -0.01436573194638013 -1.902084447264665e-17)
(0.0715992492312279 -0.01654908422177605 -3.178333838384071e-18)
(0.07743880604227614 -0.01884640980807538 3.007529000883168e-19)
(0.0838683758217804 -0.01932090095785451 1.454995847540968e-17)
(0.09198081566371835 -0.01821353779863254 -9.911481130182356e-18)
(0.1018137973276827 -0.01582004658239611 -2.675679967990857e-18)
(0.1128558013167396 -0.01266526849460383 -3.293653248114549e-20)
(0.124045958887329 -0.009440746153685063 8.886595959578884e-19)
(0.1319820357180725 -0.007043571425979637 -2.25591940490835e-18)
(0.1347543300114598 -0.004991092059558304 -1.244176298226747e-17)
(0.13485704686027 -0.002911902248429184 -1.031133593439049e-17)
(0.1346142123631582 -0.001417615808501158 2.574994164942011e-19)
(0.1344180049835228 -0.000625533635766111 -3.326024388946151e-19)
(0.1342304568841359 -0.0002799168879469065 1.157392985535777e-17)
(0.1340854005714449 -0.0001625789040860688 2.98502177965578e-18)
(0.1340004026064205 -0.0001597784070524652 -6.338865938781859e-20)
(0.1339762790115632 -0.0002186884066669428 -1.323468702711204e-17)
(0.1340049671777145 -0.0003067623671967638 6.200770898180697e-18)
(0.1340809681694118 -0.0003847462609530557 2.277517024862572e-18)
(0.1342027479629954 -0.000377317815666685 1.564530260578119e-19)
(0.1343666135804904 -0.000122466228178122 -1.175149930093665e-18)
(0.1345558446926013 0.0007194940948003991 -8.62955186982143e-19)
(0.1346677851895454 0.002821091035101893 -6.750789698087783e-18)
(0.1343379835647266 0.007305237607081771 4.325319027693879e-18)
(0.1322995114470163 0.01560314559941652 4.159417570505086e-18)
(0.1258040378695718 0.02780018426295049 -9.218900343181016e-18)
(0.1126838402072812 0.0405072755738734 -3.881675068799702e-18)
(0.09431037652901277 0.04938105579369186 -1.118948375041563e-17)
(0.0735611838002722 0.05343330712770199 -1.465535923778852e-17)
(0.05191858161105799 0.05249895666213701 -5.720712357784993e-18)
(0.03369034387460461 0.04715612246346101 -4.353701991381403e-18)
(0.009289746481173991 0.03863991863773727 -2.508123642981789e-18)
(0.009076844608859914 0.02708666253801652 -2.506948924834036e-18)
(-7.608332984479493e-06 1.61290884759756e-06 -6.635097030540091e-18)
(-1.021255660249793e-05 2.725076626833214e-06 -2.057301403057879e-19)
(-1.163018494045455e-05 3.907617185648551e-06 5.936636429190413e-20)
(-1.178326055309908e-05 4.940407920269764e-06 -6.022509527195803e-18)
(-1.070620055530075e-05 5.56301901090319e-06 5.415644331708009e-19)
(-8.536077941056347e-06 5.494061566335348e-06 -2.546615596532881e-18)
(-5.500929241428025e-06 4.444761148824673e-06 -3.211380141873742e-19)
(-1.895783164875637e-06 2.103234946777138e-06 1.431926170689146e-18)
(-8.799277036946425e-07 -1.438464548449495e-06 4.870347297903881e-21)
(-2.551889458006864e-06 -3.242490244041631e-06 5.866473183058142e-20)
(-3.954881121892052e-06 -4.259180082148793e-06 -1.346442476515068e-19)
(-4.947935331670289e-06 -4.625630786841018e-06 -5.961517080186099e-20)
(-5.421967501412239e-06 -4.468074015976167e-06 -2.019469171514558e-19)
(-5.314208451101077e-06 -3.914298466920277e-06 5.103795218176649e-18)
(-4.619138589542163e-06 -3.08944018191892e-06 -6.70282903331147e-18)
(-3.397912922601699e-06 -2.108116997708628e-06 -1.942743852106718e-19)
(0.00230219445463013 -0.007253687011785125 3.145858776521893e-19)
(0.001943182305099155 -0.009774755099891754 7.919286159217032e-18)
(0.009119581570380163 -0.01252439931529957 8.811537023760105e-20)
(0.01415080334081769 -0.01543043822411351 -2.933743178479484e-18)
(0.02043194038638941 -0.01728293756831432 -2.326814450831071e-18)
(0.02647112353924755 -0.01803680635880082 -1.816867996724628e-18)
(0.03216025864002112 -0.01793217217306547 -3.505556986635573e-19)
(0.03735744326702233 -0.01730401222340641 -1.166695601334646e-19)
(0.0420744196361539 -0.01646305102791674 -5.117702325062589e-19)
(0.04638051813042556 -0.01566399382759016 -2.897301412367647e-18)
(0.05038570903123662 -0.01510510960594352 -1.198226586743309e-18)
(0.05421879941168049 -0.01493803924529299 -2.155621477985438e-18)
(0.05801332470156534 -0.01527200607359822 -9.652349242253846e-19)
(0.06190484263677894 -0.01616589459112212 -2.468404418021341e-18)
(0.06604995686757474 -0.01762652373844582 -8.913797230854805e-19)
(0.07065539685898614 -0.01965239847003238 -2.111094832422037e-18)
(0.07577010528425869 -0.02227197431549879 -9.158954274622215e-18)
(0.08122766412964331 -0.02500231698533319 -7.902194085946436e-19)
(0.08747580558393973 -0.02673954490260472 -1.06197884371238e-18)
(0.09523497268935907 -0.02727785171005475 -4.839192801364115e-18)
(0.104677982722784 -0.0263900999502529 -1.252965374845667e-18)
(0.115353544238125 -0.02381078463883114 -7.085234165424044e-19)
(0.1262676626574394 -0.01924566115512445 1.45408751249261e-17)
(0.1337431963518795 -0.01241818292732277 1.767374713848298e-18)
(0.1358104381713462 -0.006410716368676585 -1.011528438357453e-18)
(0.1352652872018163 -0.002848116620033354 -1.110806168743077e-17)
(0.1346023283296263 -0.001168369466784306 -3.013430243364213e-18)
(0.1342220673485042 -0.0004159228894393869 -1.863888611930276e-18)
(0.1339761935425483 -0.000122341269347126 9.563967474677311e-18)
(0.1338178956363753 -5.495856797062627e-05 -6.081160244994273e-18)
(0.1337190175734981 -9.699591267102911e-05 -1.02256222503724e-17)
(0.1336589130620701 -0.0001894328033460147 -1.454234226888885e-17)
(0.1336184481569535 -0.0003001073997068925 -1.900406303001612e-18)
(0.1335869142866192 -0.0003965364488260939 4.325670522578333e-19)
(0.133567342479624 -0.0004141435728211143 4.486036924497009e-19)
(0.133586547560068 -0.0002064526593287551 -1.034700707311481e-17)
(0.1337383434516724 0.0005666478716001086 3.008429817692474e-18)
(0.1341928677732137 0.002718240117686032 1.764188322556328e-18)
(0.1351212112723075 0.007979635968393847 1.493151128518245e-18)
(0.135398600086805 0.01933207347655271 2.974458216961834e-19)
(0.1307997028561315 0.03781821553873697 4.050885978958529e-18)
(0.1174604789839629 0.05743055784686581 1.429613463840197e-18)
(0.0976746062501366 0.07024453873203416 -1.627288209037659e-18)
(0.07583803174832549 0.07577023532049988 -2.549363017287801e-18)
(0.05333850109045495 0.0741871952537666 -2.58965884570946e-18)
(0.03451985891130948 0.06633319237664435 -7.990070100002548e-18)
(0.01020098887716652 0.05303606910532117 -7.208739240696246e-18)
(0.00957729909017636 0.03707315124793754 3.532747144530613e-19)
(-5.838842771265298e-06 1.822122312312904e-06 1.093179858831434e-20)
(-7.9297306876773e-06 2.933318288544061e-06 3.849052116465986e-18)
(-9.108574051600819e-06 4.071976573332206e-06 -6.9461095463038e-20)
(-9.28183972548173e-06 5.039819326573686e-06 4.312540167969074e-19)
(-8.464612193234168e-06 5.59618404397718e-06 4.763867261893e-18)
(-6.764228236829425e-06 5.476715111510724e-06 -3.501189176028278e-18)
(-4.364847549336894e-06 4.405205494436432e-06 -3.579794450694003e-19)
(-1.505558222009043e-06 2.076493100790396e-06 -1.488481640403168e-19)
(-6.698690071906595e-07 -1.239124708756444e-06 1.106377937084239e-19)
(-1.939409370858131e-06 -2.771789853970794e-06 1.274319004862728e-18)
(-2.996700806063798e-06 -3.614099051147367e-06 5.542712050396485e-20)
(-3.732343082047961e-06 -3.891663655939022e-06 -1.439456716515022e-19)
(-4.065837957581723e-06 -3.722556729487438e-06 -3.048836849086164e-20)
(-3.956767630920689e-06 -3.226794989749215e-06 -3.428436004815204e-19)
(-3.412469263317414e-06 -2.520097485383477e-06 -1.29774919863735e-19)
(-2.491978542663864e-06 -1.704156201680438e-06 -1.727122584978995e-18)
(0.003709712813793646 -0.01062338115058149 -2.597332925051235e-18)
(0.002024738041699845 -0.01400373522249253 9.280528043307083e-18)
(0.01231294965623899 -0.01847933618767781 -8.82829977208999e-18)
(0.01909815771281275 -0.02208206940639251 -1.478206458156097e-17)
(0.02659010115973855 -0.02389540791478724 -2.848526159214574e-19)
(0.03319987195991626 -0.02418725174977499 1.55051947879455e-18)
(0.0390044049540034 -0.02347171129770772 6.752975376746447e-19)
(0.04401880374574656 -0.0222344783148134 6.88371007755563e-22)
(0.04837131247792809 -0.02086526424730404 -1.914450881969743e-18)
(0.05220377631996365 -0.01965693751786864 -1.533015443683717e-17)
(0.05566327627511811 -0.01882401568213145 -1.374823623556026e-17)
(0.05889042475461954 -0.01852156169597267 -1.989203415212991e-17)
(0.06201530204645064 -0.01885676752133904 -1.920794904259587e-18)
(0.06515897281221235 -0.01989147721786241 -1.175251731943863e-17)
(0.06844160591590608 -0.02164192058524178 -2.55050705016083e-18)
(0.07199278203850465 -0.02408297982093195 -5.125973725754759e-19)
(0.07587982834110585 -0.02713751261641865 -7.319225847153692e-19)
(0.080118862061206 -0.03044448257785161 1.060687718825255e-18)
(0.08507045899199031 -0.03331941052642236 8.320503057825545e-19)
(0.09126397370580316 -0.03535704852604059 -1.333026181529881e-17)
(0.0990109495768489 -0.03593158937047042 -3.571252901389272e-18)
(0.1081342409327592 -0.03401239720140498 -2.068106257771287e-19)
(0.1183667773417588 -0.02802845258404291 -9.095760507523128e-18)
(0.1247859766791323 -0.01577866890029886 -2.438538704344877e-18)
(0.1255482610469902 -0.005728426840695917 -5.286652973825383e-19)
(0.1241445657584734 -0.001371646989748565 -1.423822669932703e-18)
(0.1233382639750844 -0.0001979720834456906 -1.966969389332556e-19)
(0.123117595378234 0.0001424044591931952 -1.054168592328203e-17)
(0.1230181622545754 0.0002052834802458307 -8.781883994739233e-19)
(0.1229581172558801 0.0001318488091291894 -6.47073328156325e-19)
(0.1229080150507005 -5.280744095334062e-06 -1.130867285363791e-18)
(0.1228467964144731 -0.0001628475900620251 -1.293138783477904e-17)
(0.1227525750949382 -0.0003215917221931176 5.385361393228405e-18)
(0.1226102061464731 -0.0004639358822896683 2.871406195094009e-18)
(0.122414915884632 -0.0005493715107737279 -1.419025343669069e-19)
(0.1221879892353904 -0.0004904347314774193 -6.421263060207121e-18)
(0.1220738521071268 -8.690681044604671e-05 -5.031280813950998e-18)
(0.1225012642106715 0.001312442168208007 1.894830418155252e-18)
(0.1245368011741443 0.005840710310755321 6.825662735076874e-18)
(0.1277096523142881 0.0191382802730365 9.653761701167609e-18)
(0.1261352902683585 0.0449825774776101 3.248532152682155e-18)
(0.1137311734739164 0.07394720426411648 1.121215694276809e-18)
(0.09368917120465935 0.09098149657844874 3.650629340775877e-18)
(0.07281093285894613 0.09776934500578724 2.57318427084769e-18)
(0.05142028987853398 0.09545914840298829 -3.595393575008989e-18)
(0.03307482471119619 0.08509057024675766 -3.52427493327597e-18)
(0.009314532956984499 0.06684373135956549 -2.294242348274096e-18)
(0.00991813313906398 0.04696700793845549 -1.917952817963749e-18)
(-4.314507824526408e-06 1.756127503395755e-06 1.097791685004007e-18)
(-5.892203680088167e-06 2.767798758848e-06 -2.045083843507746e-20)
(-6.803925335475448e-06 3.786674572223148e-06 7.041555657902961e-20)
(-6.961622251093307e-06 4.640119973170487e-06 7.398837525879099e-20)
(-6.366307407220176e-06 5.116954450930938e-06 -6.993831371952945e-20)
(-5.096083518798655e-06 4.984798029338336e-06 2.601795157174599e-20)
(-3.291792870819665e-06 3.998920595411383e-06 -3.839646030424528e-20)
(-1.136986800331333e-06 1.88286159352128e-06 -2.061237446328488e-19)
(-4.743325621349036e-07 -9.710617813185607e-07 1.316583497445295e-19)
(-1.371057395303053e-06 -2.165021831716275e-06 -5.913319472357195e-18)
(-2.113305117869323e-06 -2.811217807947158e-06 -8.870284589604859e-20)
(-2.623186398618591e-06 -3.011230201919839e-06 4.419421565880866e-18)
(-2.846259646339402e-06 -2.863332235134887e-06 1.644917356102788e-18)
(-2.758306634887894e-06 -2.467197135910815e-06 -2.568586580756269e-18)
(-2.369827731490883e-06 -1.916768544205083e-06 -2.690778176079137e-18)
(-1.726640734832775e-06 -1.29139356629354e-06 -3.664062511050055e-20)
(0.008393035129229381 -0.01526626479815484 -1.243430563211135e-17)
(0.004407771832658646 -0.0206422139911923 -1.482493753149313e-17)
(0.01871221947831193 -0.02710244022247981 -1.114760147038108e-18)
(0.02728322535345343 -0.03041585420475099 -1.347201164536553e-17)
(0.03533842096179215 -0.03127586767297323 6.686798940670755e-18)
(0.04176222068345724 -0.03045790963659871 6.380003863790517e-18)
(0.0469607113702437 -0.02873018446805936 5.106938880969155e-18)
(0.05116440177365289 -0.02665418437063182 1.162918386663544e-18)
(0.05461752777589098 -0.02463068538834926 -9.151607414654089e-19)
(0.05751654635419359 -0.0229398369712138 -1.490597773507706e-17)
(0.06002351864910261 -0.02177706687420801 -1.451171593749243e-17)
(0.06226928803914636 -0.02127760981549889 -1.20428202931046e-17)
(0.06435839234520692 -0.02153071956543549 7.227466380606825e-18)
(0.0663740999657826 -0.02258609109258612 2.038860926684506e-19)
(0.06838396323289989 -0.02445322517440023 1.259818804065103e-18)
(0.0704476297675346 -0.02709611445578729 3.445628315678557e-19)
(0.07259944140459082 -0.03041851356613135 7.213885288201553e-20)
(0.07487658907301853 -0.03416760114512811 3.100815498216387e-19)
(0.07750816544232039 -0.03791225440394333 1.197932897576826e-18)
(0.08086683301221126 -0.04125871480918163 -2.032256101521596e-17)
(0.08533693946634681 -0.04350247950468775 -5.046160229338718e-18)
(0.09115479440585472 -0.04333840417592283 -6.975257977043602e-19)
(0.09960997661255545 -0.03799755873059806 -8.87690261657197e-19)
(0.1024570590412045 -0.02262472792957682 -4.190814584621774e-19)
(0.1022356639737211 -0.007389975098157294 -1.811575861124434e-19)
(0.1009816190530378 -0.002032550034695694 -2.45331485340497e-19)
(0.1007598205712902 -0.001168320395610505 -4.61225625101538e-21)
(0.1011380300802572 -0.0007049490616256412 -1.101461992665935e-17)
(0.1013764161054751 -0.0003274580864161745 6.6300849035997e-18)
(0.1015036884345157 -0.0001214782107223082 1.938480703038604e-18)
(0.1015465781836797 -9.204059278916344e-06 8.892860017102472e-20)
(0.1015112870566393 9.344219145275475e-05 -1.098501712998419e-17)
(0.1013945853969556 0.0002228543431559757 -2.38302918291063e-18)
(0.101195162975245 0.0003988888840989736 9.523814426053102e-18)
(0.1009149636901894 0.0006493663590798013 1.677174950298114e-18)
(0.1005559730492264 0.0009728260196821515 -5.734476988094545e-18)
(0.1001673715860988 0.001211707038639561 -3.769209230935259e-19)
(0.09999291139721043 0.001244442877322807 1.772207729100567e-17)
(0.1016524206884502 0.003279467148654994 2.652162045326336e-17)
(0.1055162416405493 0.01792656684071969 1.171340984535355e-17)
(0.1069065575055886 0.05594197870489417 -2.41394411329441e-18)
(0.09944696893191392 0.09262398047894246 -8.38004332017984e-18)
(0.08158727477182638 0.1113427983270875 -1.546266985085804e-18)
(0.06515323074049602 0.1181005154482306 -1.006658868854566e-18)
(0.04797579538833469 0.1152649206720577 -1.158611374682885e-17)
(0.03179527684191399 0.1034275452387678 2.657412269136093e-18)
(0.009239605025009111 0.08073305891130292 -5.219882911633655e-18)
(0.01277754463852592 0.05646802523905374 -2.669401154102693e-18)
(-2.99698088021506e-06 1.481508122678707e-06 -4.091266690195739e-19)
(-4.098740515374837e-06 2.30601777341348e-06 7.641394075741711e-21)
(-4.745515566514404e-06 3.128158065532696e-06 -2.745305752611664e-18)
(-4.868375224003664e-06 3.810618460799858e-06 5.505667552132383e-20)
(-4.461100944088033e-06 4.1849798040677e-06 1.116583118147537e-18)
(-3.57567610203462e-06 4.066146909106894e-06 -9.697800930172454e-19)
(-2.312714243268019e-06 3.259398677952878e-06 -9.713482191322042e-19)
(-8.034642449639357e-07 1.538547369437683e-06 1.37989580196697e-18)
(-2.98300256234077e-07 -6.47643414309132e-07 -3.858448913785943e-18)
(-8.607192952974664e-07 -1.453967720796076e-06 3.656647272013948e-18)
(-1.324119597580025e-06 -1.890650337994446e-06 -1.930979906284557e-19)
(-1.640239434620152e-06 -2.024056700434922e-06 -1.141530608749743e-19)
(-1.776530359086202e-06 -1.922333610864316e-06 5.644993609759052e-18)
(-1.71913269144796e-06 -1.654624076744514e-06 -1.014828591604872e-18)
(-1.475856649332113e-06 -1.285070844143227e-06 -5.005778700056006e-18)
(-1.076275574513758e-06 -8.664990028377229e-07 -6.492815247314883e-18)
(0.02451506924537655 -0.019553175113416 -7.027401081651118e-18)
(0.01939353806618511 -0.03045078763830263 -2.100171140118412e-17)
(0.03333501186519339 -0.03804431952719228 -2.096089888706164e-17)
(0.04130942346794814 -0.03942332730546972 -9.134642460555225e-18)
(0.04779059012998142 -0.03827575883097151 -9.446000599578146e-18)
(0.05251183080774838 -0.03582269708861618 2.95291380854972e-18)
(0.05602769005695035 -0.03286631710639414 1.730812451836523e-17)
(0.05865395280651189 -0.02989017815544648 5.847229564994315e-18)
(0.06064762993808976 -0.02721681926298325 1.093386734390602e-18)
(0.06218917570665183 -0.02506350089469352 -1.757911934842677e-17)
(0.06340811344967738 -0.02357780704384379 -4.166562278575099e-18)
(0.06439333368258296 -0.02285756412758644 -2.374234447468351e-18)
(0.06520019979637565 -0.02296219763004902 -1.703225641633703e-17)
(0.06585679055850949 -0.02391711170746564 -1.085968489920866e-18)
(0.06636371189395178 -0.02571205016439169 1.67803800856889e-17)
(0.06669955415222935 -0.02829466245497619 2.24828437643468e-18)
(0.06681385169025188 -0.0315592616111452 7.105702330363269e-19)
(0.06663909052335161 -0.03530780602019087 5.710539262990977e-19)
(0.06615721558355254 -0.0392363826909657 1.613025881399583e-17)
(0.06537820690848901 -0.04299965132398439 3.647525064040389e-19)
(0.06420261969769872 -0.04591374432757529 -5.389775862752742e-19)
(0.062532152213992 -0.04650418410389529 -1.477454476079546e-19)
(0.06219498079306153 -0.03923281890587022 -1.301598522700662e-19)
(0.0540436778024958 -0.01512604494045982 -1.102664865928513e-19)
(0.06664201185242534 -0.008717955187999185 -3.350672602443281e-19)
(0.07058344343354866 -0.002579397782692779 -6.51711098247639e-19)
(0.07033006591932374 -0.0009256944773116875 -1.509112912068911e-18)
(0.07033720427151807 -0.0004048952251088136 -2.609212334682533e-18)
(0.07042644777438982 -0.0001897913738854606 4.627817115962017e-19)
(0.07049122771008082 -7.276299306644291e-05 2.591444366205455e-19)
(0.07050848754431603 -1.000722104053105e-05 -1.367147745584235e-18)
(0.07048009693069811 3.501116865626869e-05 -3.076244517604864e-18)
(0.07040423453518221 8.96328830591143e-05 -7.659579821066022e-19)
(0.0702788961874006 0.0001719285017883871 1.946335943310275e-18)
(0.07010637245300806 0.0002926481229390419 5.549589213965332e-19)
(0.06990824873138211 0.0004484559680666945 -8.442106977313868e-19)
(0.06980857590850817 0.0007105204337189953 2.710735073210482e-19)
(0.07012654941529688 0.001784337479933422 7.480334179211808e-18)
(0.07121574206183534 0.00607272882931451 7.776244543618687e-18)
(0.06808135865590159 0.02225420826792927 7.287355002187795e-18)
(0.05631817728401188 0.04608922717784544 8.770587273052975e-18)
(0.06304886247384008 0.09917455357456517 -8.926984589450385e-19)
(0.05776828271768441 0.1228363654356368 -2.66604531734309e-19)
(0.05355239931130335 0.1308515118482058 -2.645504720688785e-19)
(0.04657739181526552 0.1296034992868826 -7.580918872641885e-18)
(0.03733576629001457 0.119344087549536 -4.819947348414692e-18)
(0.021931297081304 0.09486525125334941 -9.513650496907443e-18)
(0.02767148538428666 0.06034814733140563 -3.252135181946236e-18)
(-1.861225466959909e-06 1.060152994419861e-06 8.519268765887434e-19)
(-2.541950133831856e-06 1.632194677332957e-06 4.617566577103249e-20)
(-2.945798582503151e-06 2.195357134172904e-06 2.375941200011812e-19)
(-3.02710841510183e-06 2.658211402495336e-06 8.931794564769207e-20)
(-2.778345369610019e-06 2.907305016129451e-06 -1.643835836608561e-20)
(-2.231144530981258e-06 2.819183309020132e-06 1.721367071611509e-20)
(-1.451585172560334e-06 2.268579553306102e-06 5.827031570950336e-19)
(-5.271767906450068e-07 1.10488332372323e-06 -2.815586839686472e-20)
(0.06875828803770373 0.0117174409003977 4.192316897654144e-18)
(0.06965214546989279 0.006886789337100237 -1.077570806653064e-18)
(0.06861766888336598 0.002976601889608063 -5.911183017349129e-18)
(0.06721117080877112 0.0006490801739741643 -6.615626629793193e-18)
(0.06609263659594582 -0.0001271890347586575 -5.215562921720837e-18)
(0.06553536111663864 -0.0006678777167303889 -3.038762076156617e-18)
(0.06550711218173573 -0.002353410984342287 -2.629762725663118e-18)
(0.06186558082151827 -0.00845089648956192 -4.175475329306434e-18)
(0.05023079368654705 -0.01433429405287502 -9.582741557313786e-18)
(0.05840347928827817 -0.03757457750087365 -5.868212310521904e-18)
(0.0595733246586456 -0.04506809555281318 -2.206815203706707e-17)
(0.06192496680716725 -0.04488458145928158 -1.507442794008544e-17)
(0.06368581629619841 -0.04223734795251766 -1.676166177383107e-17)
(0.0648637701219304 -0.03862963414953003 4.767001203609035e-18)
(0.0655912860368764 -0.0348336553791193 1.192245552726592e-17)
(0.06595531281735163 -0.03125780622934225 1.382010263353568e-18)
(0.06604848994817678 -0.02815718599941595 5.355305701937176e-20)
(0.06593844478289522 -0.02569564569540718 -9.141199114061304e-19)
(0.06566822351797379 -0.02397823132536833 -6.46233022077255e-19)
(0.06525401064258345 -0.02306827221809958 -1.05878812003939e-18)
(0.06468675787568076 -0.02299339287500253 -1.085820939834953e-17)
(0.06392883489539002 -0.02374915498899398 2.583376064340041e-18)
(0.06291679947660418 -0.02529577361501937 2.891805042984952e-18)
(0.06155526519804493 -0.02754798537358967 2.842127643452748e-18)
(0.05970951322958522 -0.03036180124356526 3.446368706328693e-18)
(0.05719879755799282 -0.03350781032170116 7.711115709692227e-19)
(0.05379369244432335 -0.0366461256157153 8.349087771628351e-19)
(0.0492024015283312 -0.03932075203150211 1.247010189302435e-19)
(0.04283726137262339 -0.04075151494392161 -4.82180511184036e-20)
(0.03488364092662148 -0.03967589844671346 -3.039280748611545e-20)
(0.02056832459603213 -0.03209353200642878 -3.333094345397809e-20)
(0.02608176029619512 -0.02044503789731054 -9.367386126826348e-20)
(2.374259275078269e-08 5.191824943035633e-07 -8.24557205458719e-21)
(1.048814118279756e-08 7.606332658796622e-07 -6.060959731791994e-20)
(-4.510159519769893e-08 9.752175284582013e-07 -2.358877661001633e-19)
(-1.586475207229071e-07 1.148016644052317e-06 2.88688033189062e-19)
(-3.383281979413809e-07 1.262088996863185e-06 -3.365407747334462e-18)
(-5.814274459880423e-07 1.301784809318004e-06 2.723390227177323e-19)
(-8.739444245797496e-07 1.256726016012665e-06 2.258865797236465e-20)
(-1.192620224378486e-06 1.124854645919923e-06 -4.865956591518434e-21)
(-1.508159251123247e-06 9.139477698929047e-07 3.77799017276963e-20)
(-1.788435052832698e-06 6.416350741759828e-07 1.295035978154019e-18)
(-2.000958683050311e-06 3.342978077652652e-07 3.72513665889955e-20)
(-2.114677355727823e-06 2.530401060994031e-08 -3.469581075895833e-20)
(-2.102087854061619e-06 -2.471110787565303e-07 2.833172992512973e-18)
(-1.943132747155192e-06 -4.425179793623307e-07 -4.759797971673967e-20)
(-1.631221165564363e-06 -5.226792704777355e-07 1.057593954758394e-19)
(-1.178151330018945e-06 -4.596824070852296e-07 2.500280943770585e-19)
(0.02770108353439054 0.05950703833595212 5.449897217654009e-19)
(0.02191853680003346 0.09341118297215881 4.83245512732818e-18)
(0.03718060951595259 0.1182323893957701 4.240675599036873e-19)
(0.04635051648892963 0.1292301499109932 -1.300599939914791e-18)
(0.05323848882792614 0.1313034859266949 6.617128914528879e-19)
(0.05742426423809257 0.1240135849982123 -1.113056176241084e-18)
(0.06274361360126807 0.1006355022868937 -4.197126943355101e-18)
(0.05613498784447265 0.04680959175184788 -4.982391861790047e-18)
(0.0678005927085944 0.02259995316591285 -6.75277533338297e-19)
(0.07091689689084893 0.00612472374473465 -2.718699500073682e-19)
(0.06985269481632972 0.00174722947187156 -1.141986559404165e-19)
(0.06957754966998497 0.0006732832116781559 -1.429990034231254e-19)
(0.06971374976831363 0.000459486012279161 -3.042000815627073e-19)
(0.06992242588383121 0.0003908195521014155 -3.335552426933309e-19)
(0.07025305836462309 0.000381628892138869 2.156378268959716e-19)
(0.07000970645094767 0.0004034448926599449 1.200473951195345e-18)
(0.1015838676946354 0.0215895539764304 3.00121326899252e-17)
(0.1054013261156551 0.01074753071538844 -1.212865471097895e-17)
(0.1000859161923746 0.0008427481687330709 -9.8838557530607e-18)
(0.09694858789464196 -0.001051460914390076 -2.28651175876526e-17)
(0.09515399550849694 -0.000787822516112628 -5.042552630412126e-18)
(0.09399695333743702 -0.000850081474496815 -1.275697313822679e-18)
(0.09375142316609139 -0.00176293771657807 -2.753406209375682e-18)
(0.09473662537875761 -0.007174086602231603 -2.477601503077598e-18)
(0.09527925746136345 -0.02207851952408113 1.409284655848416e-17)
(0.09360613126520451 -0.03736696921291308 9.398102593820495e-19)
(0.08689353738334907 -0.04306876134173968 -1.338723267947588e-18)
(0.08251967634484977 -0.04345055960367081 9.714917344098312e-18)
(0.07912146375664904 -0.04118997897604127 1.837774398416447e-17)
(0.07640735997825393 -0.03773367174533737 3.295128830601205e-18)
(0.0740986222124443 -0.03395525557815656 -7.979046986681386e-18)
(0.072034382573158 -0.03034725230421543 -1.32503970756472e-17)
(0.0701274124840459 -0.0271999803389049 -2.462883332659389e-18)
(0.06831831401058497 -0.02468373213945169 1.571992187232131e-18)
(0.06655394291657331 -0.02289456154921121 3.637800531210704e-19)
(0.0647740045067066 -0.02187746315655955 3.877508478456409e-19)
(0.06290398809236439 -0.02163893711743998 4.736089344795073e-18)
(0.06085250553784207 -0.0221504810381952 -1.313580354019346e-17)
(0.05850752232527966 -0.0233433087730061 7.854123321505806e-18)
(0.05573231011436949 -0.02509668136457189 5.265060679848563e-18)
(0.05236034324202479 -0.02722079676911457 1.992014355989022e-17)
(0.048192179486097 -0.02942985595574509 1.485763372509195e-18)
(0.04298822174279538 -0.03131005760204921 3.459316027321792e-20)
(0.03651389267879313 -0.03229664554521233 -8.151988926808025e-21)
(0.02832533949826328 -0.0316025131277398 -8.536604695380244e-21)
(0.01949637239230263 -0.02838506169790008 -6.522115130527586e-21)
(0.004615617636959248 -0.02185518483882603 -7.063436350086357e-21)
(0.00886494652492476 -0.0160835258026388 -1.372526792341494e-20)
(6.819353359983123e-08 7.973327624710876e-07 -6.309074569367352e-21)
(6.251974487767042e-08 1.153556688475096e-06 -2.778889748485e-20)
(-1.174446054730965e-08 1.455654000576817e-06 6.15022489141432e-21)
(-1.822540897948241e-07 1.679346281624559e-06 -5.475287248205247e-18)
(-4.622843792238471e-07 1.799305781055669e-06 3.518779165514678e-19)
(-8.461607953458815e-07 1.795018072480109e-06 4.399790702925767e-19)
(-1.309766250786031e-06 1.656094192048366e-06 5.529445382359343e-20)
(-1.814704745297432e-06 1.385823089501193e-06 7.899944642599891e-22)
(-2.313924042532476e-06 1.00268904315538e-06 7.297817132529607e-19)
(-2.756988168034404e-06 5.399938601681302e-07 2.5971955457755e-18)
(-3.093995486396026e-06 4.381526974659572e-08 -1.025112356856525e-19)
(-3.278090994240142e-06 -4.30399637545327e-07 -1.693155678966492e-20)
(-3.267646402905101e-06 -8.221578044979166e-07 -7.978182053528418e-20)
(-3.030139266765874e-06 -1.070779446452411e-06 1.064495803380128e-18)
(-2.549589288738593e-06 -1.121322504678973e-06 -6.184903197174756e-19)
(-1.837650853532801e-06 -9.348746455341284e-07 1.330686212614007e-19)
(0.01262622005250911 0.0556767382207514 -1.150571196689866e-18)
(0.008986336840961598 0.07944889684125732 -1.925023808204101e-18)
(0.03124724132851268 0.1024537245228998 -3.81616904558777e-19)
(0.04732501277913444 0.1149883514834568 9.01276461865306e-18)
(0.06444005124272841 0.1186009155069789 3.247937244573061e-18)
(0.08091145750272548 0.1124677694061009 -2.004999927517288e-18)
(0.09893948681009997 0.09396375277641986 -2.178284843444359e-18)
(0.1064742193720948 0.05687501903093597 -1.076108751038432e-18)
(0.1050098084000416 0.01824830845577535 -1.120455292297924e-19)
(0.1011277499131512 0.003247135629601001 -2.215421179506632e-19)
(0.09953166977404435 0.00115789043287718 -6.999398164755926e-20)
(0.09980645354739773 0.001171337837825364 -5.748326952910452e-20)
(0.1002688552836318 0.00099311022586135 -2.808751458213362e-19)
(0.1006280470950752 0.0007881352481836879 -2.166777215575494e-18)
(0.1009074149289575 0.0008143849365179849 6.407031918218714e-19)
(0.1009200559057242 0.0007855272627218988 2.647339066639583e-18)
(0.1038561843139876 0.01483915549038909 1.931128218052942e-18)
(0.1130094308773206 0.01235705400204574 -2.27754338637784e-18)
(0.1139924906481588 0.006599576828536844 -3.621950424912621e-18)
(0.1138238628584305 0.003571731590791624 -1.679359210492326e-17)
(0.1136077387875167 0.0022033596905284 -4.797064811660635e-18)
(0.1137242143397111 0.001125631408614477 -1.35815195332978e-18)
(0.1144429146660295 -0.0007116135668343834 -1.924232307055266e-17)
(0.1158356501801312 -0.005760146386093931 -1.448862745262147e-17)
(0.1157542404528364 -0.01645941586517216 -4.97009618949287e-18)
(0.111192927590816 -0.02932867854900434 -1.022130787818843e-18)
(0.1033519522832055 -0.03566631384908862 -1.851364529711262e-18)
(0.09627200140868687 -0.03741419632292504 -1.724687914572961e-20)
(0.08996003045787149 -0.03629155736475789 -5.587085584586994e-19)
(0.08453018192613566 -0.0336727064490487 9.868928848112502e-18)
(0.07984012734233097 -0.0304836991743957 1.129233803078591e-18)
(0.07574408351136774 -0.02729341890087182 -1.057500929802359e-17)
(0.07211078593359385 -0.02444114587023875 -1.413027755510784e-18)
(0.06882161299068981 -0.02211981495553489 9.563352816869677e-18)
(0.06576259406221956 -0.02043076700236796 2.157172538909036e-18)
(0.06281824759024833 -0.01941495609159528 -2.448966366821522e-19)
(0.0598677685250513 -0.01906892844877263 -9.060123706814288e-18)
(0.05678294996341587 -0.0193503452064773 -1.238209514452483e-17)
(0.05342702913383737 -0.02017396791488099 -1.008697967884068e-18)
(0.0496553817912806 -0.02140091832346664 1.649994403905301e-17)
(0.04531817484717968 -0.02282300498033203 1.945991020107979e-18)
(0.04027057848346164 -0.02414263631496597 -1.911495255911458e-17)
(0.03438289508322993 -0.02495596779575866 -2.69349396151372e-18)
(0.02763421185769053 -0.02476021678811573 -3.057699874296835e-19)
(0.01993313504295831 -0.02301326953437504 -3.677216061709221e-20)
(0.01285393842595733 -0.01939559763132438 -6.696850960942868e-21)
(0.002207152713183829 -0.01485718316522677 -2.630236870674966e-21)
(0.00394792947229065 -0.01122545274076657 -5.704581339479488e-21)
(1.284725635731891e-07 1.098885449674243e-06 -1.374259673889053e-20)
(1.338720019266465e-07 1.560360087223445e-06 -8.033352742679743e-20)
(3.521527397118418e-08 1.918348448674053e-06 -2.943612898586438e-19)
(-2.08157797987156e-07 2.138765213661586e-06 6.098487409527448e-20)
(-6.120959914843876e-07 2.191826309291302e-06 -7.822779967643969e-19)
(-1.16352426914523e-06 2.058788049755103e-06 -6.626353686675612e-18)
(-1.823716826897942e-06 1.736927396534159e-06 8.05026353698483e-21)
(-2.535425910188752e-06 1.242435091566548e-06 -5.15620168736811e-21)
(-3.231105553933022e-06 6.114719198748939e-07 -1.218851589989959e-20)
(-3.84043548726145e-06 -1.006144399887457e-07 -1.029922668703645e-19)
(-4.296104605585466e-06 -8.221301338699749e-07 -1.653390360517417e-20)
(-4.53744068471245e-06 -1.470074374416291e-06 2.298847755125655e-20)
(-4.512385084757403e-06 -1.957166530806853e-06 -3.867486828944437e-21)
(-4.179801563733779e-06 -2.200232731602164e-06 -7.776986826477264e-20)
(-3.516159185193522e-06 -2.129742665498563e-06 5.833613271962286e-21)
(-2.531887093151601e-06 -1.703156349511063e-06 5.781466821493716e-21)
(0.009716133782402702 0.04631950364824262 -6.650860105695885e-19)
(0.009037436610162163 0.06581960428878089 -1.511280908808343e-18)
(0.03240290993757833 0.08430413061946705 -4.024413180792588e-18)
(0.05063197965153034 0.09526261053089641 2.554094474812537e-18)
(0.07199131603743832 0.09823239840932818 1.358225963656327e-18)
(0.09298561273861845 0.09195162380095331 -5.916620688103944e-18)
(0.113248308173485 0.07509951083953526 -1.900646306356094e-18)
(0.1258347325612369 0.04581602055820485 9.428493428747413e-19)
(0.127454778894411 0.01945744956689944 -2.134740899620878e-18)
(0.1242564314186322 0.005782671171141751 -1.65421944871008e-18)
(0.1222185078980754 0.001104710202330477 -1.984818900308423e-19)
(0.1218328345880996 -0.000300793216336033 -3.460882232802713e-20)
(0.1219929499238414 -0.0006406248393799062 -6.206733256134311e-20)
(0.1222435144300529 -0.0005863692294722538 -2.3717429822075e-19)
(0.122510799329343 -0.0003311298061283034 1.03062530866742e-19)
(0.1228442798690339 -0.0001373041104722784 3.357938479537765e-19)
(0.1033165450537429 0.004625516562359459 1.545920940032402e-19)
(0.1142223541789198 0.004600146367641037 -9.51693348253536e-21)
(0.1192002625239942 0.002865196075471909 -1.720231966566361e-17)
(0.1216897826582495 0.001674482474656177 -2.2160330445129e-17)
(0.1228820087330865 0.0008716796844958766 -4.13859574581252e-18)
(0.1237338440461189 -0.0002013300972421216 -8.306847172731354e-19)
(0.1245356135946607 -0.002333720062442678 -2.460039966518866e-18)
(0.125104380246471 -0.006846794818724475 -2.661960440783386e-18)
(0.1238357769387321 -0.01453687689535156 -1.390385045949511e-17)
(0.1187323294929314 -0.02301622733162004 -3.984974211004778e-18)
(0.1108977340216756 -0.02798853992239816 -1.858324123487226e-17)
(0.1027821665621927 -0.02985995564090454 -4.092604605218622e-18)
(0.09500887031993299 -0.02942433686528612 -2.003230143452402e-17)
(0.08797233713423283 -0.02762073086489415 -2.195973600701915e-18)
(0.08172977893400007 -0.02519015202096281 -2.655309280167955e-19)
(0.07622811403708324 -0.02264279267816428 -1.100011258021751e-18)
(0.0713607515508607 -0.02030251464128343 -1.591462229113334e-18)
(0.06699899377521605 -0.01835956649687279 -1.883701635770387e-17)
(0.06300397635405905 -0.01691398588292067 -2.769361317085527e-18)
(0.0592318160033215 -0.01600448184128753 -4.218240474252651e-19)
(0.05553659196417533 -0.01562493179529967 -6.392062698672574e-19)
(0.05177295578630093 -0.01573069914275747 4.306495105942292e-19)
(0.04779992360935877 -0.01623653072100245 1.775834312567472e-19)
(0.04348681617382687 -0.01700898759420444 5.03975329354204e-19)
(0.03872332600047027 -0.01785609798427346 -1.230129133106903e-18)
(0.03343855737646369 -0.01851788581300685 -1.336793875896012e-17)
(0.02761963340609819 -0.01866938154299189 -2.6079966506004e-18)
(0.02140638406148366 -0.01795627934205097 -3.544871315365227e-19)
(0.01491064998400318 -0.01611561250887563 -4.7780821671695e-20)
(0.009600281315855171 -0.01316310496863868 -7.950585192318452e-21)
(0.002252538324430938 -0.0103781894280441 -1.839971715012022e-21)
(0.002531129320521255 -0.007668652880436559 -2.913888246547382e-21)
(1.976616222499998e-07 1.454315781582432e-06 -5.124915748531527e-21)
(2.084805578223448e-07 2.005902992140282e-06 -2.482741086465447e-20)
(6.440099216539416e-08 2.372950205349622e-06 -2.875791190359062e-20)
(-2.841372527895639e-07 2.517175453858747e-06 1.762220834652377e-18)
(-8.482555966561611e-07 2.413387752149554e-06 -1.683804697863647e-18)
(-1.600774523936345e-06 2.053972421472896e-06 -1.200827879371748e-20)
(-2.483482401061977e-06 1.451887352152284e-06 5.150562062086137e-21)
(-3.417041758727903e-06 6.425433506812052e-07 -2.224772535907098e-22)
(-4.311350413703161e-06 -3.153964516101199e-07 -3.954280609158298e-21)
(-5.075235181045863e-06 -1.340777167271358e-06 -8.355389663246528e-21)
(-5.624573102934113e-06 -2.332952166310062e-06 2.41999676809291e-20)
(-5.887984984354923e-06 -3.177569968248854e-06 4.053399606200085e-19)
(-5.809609878755853e-06 -3.755416111533502e-06 2.605738408910234e-20)
(-5.349685895225144e-06 -3.954078878759884e-06 5.990946934978289e-22)
(-4.486807771258245e-06 -3.682105012945899e-06 1.391434782168315e-21)
(-3.230949505798539e-06 -2.886970236649607e-06 7.422813297881846e-21)
(0.009404088951847514 0.03658253759048542 -6.132238872833247e-19)
(0.009998081290251112 0.05229319780884881 -1.856378346333894e-19)
(0.03391033277862453 0.0657709476128394 -1.044064803098409e-18)
(0.05263080307209599 0.07407865527770509 1.542097609226258e-19)
(0.07512409210329553 0.07616624300298233 -2.769735385886559e-20)
(0.09712104121126333 0.07101688657193811 -1.522956203705101e-18)
(0.1171680096936334 0.05832835269345851 -3.876269055093773e-19)
(0.1307662764323073 0.03849829641947129 1.729346093218567e-20)
(0.1354898665741441 0.01962773445064759 -3.660612611244931e-19)
(0.1352180540891041 0.007952357382253885 -2.31505694272047e-19)
(0.1342633623574232 0.002535013946898219 -4.930397016922117e-20)
(0.1337968808044178 0.0003647834538684184 -1.103317672608097e-20)
(0.1336474338270962 -0.0003466272503886138 -1.002709277669108e-20)
(0.1336436127765882 -0.0004558112642159918 -2.578609801747851e-20)
(0.1337411867041247 -0.0003367132553697793 1.239229533825108e-20)
(0.133981846929319 -0.000211415949790154 4.30208880107525e-20)
(0.1033279322829228 -0.004110798134013354 -9.333715807699371e-21)
(0.1143206383233086 -0.003543712644940351 -2.057743584439582e-19)
(0.1194310236986274 -0.001570205329069403 -1.554695856288987e-18)
(0.1220625953825513 -0.0004471469184433853 1.318309535877596e-17)
(0.1233610652329624 -0.0002478742779047475 1.828204546332147e-18)
(0.1241906364229079 -0.0008500669141056134 1.927775696722781e-20)
(0.124603802364676 -0.002497507601837666 -3.352403835072617e-19)
(0.1242541260806264 -0.005765626328670186 -4.889520230876838e-19)
(0.1220759615784182 -0.01082227240955285 -2.037021114546319e-17)
(0.1169780899336922 -0.01625977094342558 -4.184420194911105e-18)
(0.1096554125908023 -0.01983148130882663 -1.395574108448798e-17)
(0.1015890122447006 -0.02142954910041156 -4.793272772881153e-18)
(0.09351267477605629 -0.02138447753449704 -1.363297945664414e-17)
(0.08592825227291308 -0.02027273510770345 -3.466362182800669e-18)
(0.07903684810588217 -0.01861462514685208 -4.329632687023276e-19)
(0.07288170829374239 -0.01680114507417215 -3.501542206521889e-19)
(0.0674081987460679 -0.01509367420412071 -1.577280633906527e-18)
(0.06250840705525221 -0.01365077322292228 -1.444187587828023e-17)
(0.05804663569363271 -0.01255724388096281 -3.335153741587204e-18)
(0.05387490718224779 -0.01184616784944479 -3.624628405315529e-19)
(0.04984308361395057 -0.01151244293876412 6.179949829446124e-19)
(0.0458065758918079 -0.01151861265087401 1.507076907553732e-17)
(0.04163456343401014 -0.01179436953230224 1.08867349268106e-18)
(0.03721991163089447 -0.01223234529964979 -1.591235301349417e-18)
(0.03249282914685941 -0.01268295783072912 -1.730853788234851e-18)
(0.02744185906323383 -0.01295270216389369 -1.193475176433423e-17)
(0.02212957606295028 -0.0128165451431576 -2.236966193654719e-18)
(0.01676018988019558 -0.01205730372197409 -2.996202507008989e-19)
(0.01148966101850176 -0.01058449554110274 -4.060494291489496e-20)
(0.007436214868472501 -0.008522017206366998 -6.754160526620616e-21)
(0.001916673603415534 -0.006941877476311086 -1.440590561986103e-21)
(0.001989538518118561 -0.005070626224210088 -1.883133175593658e-21)
(2.663021960278185e-07 1.925227143206431e-06 -1.237781532203724e-21)
(2.61697828220003e-07 2.538533283665987e-06 -5.58609633760098e-21)
(3.288194309653165e-08 2.8461034601785e-06 -1.561336693646227e-20)
(-4.672008793874319e-07 2.823939227302591e-06 1.729051884967775e-20)
(-1.234536770588178e-06 2.465569465301972e-06 -1.86540738280695e-19)
(-2.221476140216831e-06 1.783710659031425e-06 -2.418764200780487e-20)
(-3.347101645875643e-06 8.123855752690786e-07 -2.811305674149632e-21)
(-4.508435422735484e-06 -3.910317094926469e-07 -4.175197330292546e-22)
(-5.592128020057673e-06 -1.74454312368115e-06 -3.778739642210112e-22)
(-6.48613915214119e-06 -3.141798686509632e-06 -4.986761313775937e-22)
(-7.090534976271143e-06 -4.454617116003354e-06 3.12320239435312e-21)
(-7.326198237344282e-06 -5.538264585545124e-06 2.654683227851269e-20)
(-7.140069679638893e-06 -6.239678428920578e-06 3.343007894209648e-21)
(-6.505817919902346e-06 -6.408539423139251e-06 3.904499660335021e-22)
(-5.420467592612971e-06 -5.911213646245597e-06 1.174763868977417e-21)
(-3.90325588809845e-06 -4.649527844382585e-06 8.150061922102487e-21)
(0.008986574856952695 0.02671378708193199 -6.846901693101917e-19)
(0.009189691557824635 0.03809529472057462 -2.715727424965437e-19)
(0.0332435348644944 0.04674566634291497 -2.131922843332539e-19)
(0.05141899488827134 0.05241521050904764 -1.88510364922767e-20)
(0.07308194800590517 0.05370345835815923 -2.654196410455877e-20)
(0.09401088455234297 0.04990480130727759 -1.977893829155307e-19)
(0.1126522090226129 0.04110612433164416 -6.390275710264061e-20)
(0.1260382766829359 0.02825289665429007 -9.421331741380093e-21)
(0.1326877211157851 0.01579259645541227 -4.314613593764015e-20)
(0.1347613655457331 0.007259614536438822 -3.139311885788168e-20)
(0.1350636619826855 0.002649495947022044 -1.037136957282233e-20)
(0.1349096871986213 0.000526455426123279 -2.038139053575823e-21)
(0.1346864565112884 -0.0002734935200603107 -1.176622511714616e-21)
(0.1345107758307579 -0.0004757725418973899 -2.78946752451467e-21)
(0.1344622776735597 -0.0004695243142531761 1.843852960230471e-21)
(0.1345911604150703 -0.0003817587241799818 5.80732257552147e-21)
(0.1038704842293459 -0.01438675272034113 -1.726181294789898e-20)
(0.1132620024645163 -0.01147035358516793 -1.210793569413858e-19)
(0.1146049940658194 -0.005511182660658307 -6.97693327773337e-19)
(0.1148339762683827 -0.002512257040520097 -1.868769826333199e-17)
(0.1149555374904717 -0.001568482001343924 -3.502667847371222e-18)
(0.1151438700524731 -0.001671791207139966 -4.627043234588342e-19)
(0.1149805746466308 -0.002648244048513911 -2.681625129011792e-19)
(0.1139763475339863 -0.004685633170230226 -1.611693465630751e-18)
(0.1114058369141405 -0.00772683717941932 -1.537215743064457e-17)
(0.1066769158902095 -0.01097071635866099 -4.90487081865669e-18)
(0.1001930615495538 -0.01326377586540877 -2.185919616671252e-17)
(0.09286333874488947 -0.01440675091447055 -5.042996837250634e-18)
(0.08533485978289727 -0.01451142359882627 -3.828696391929658e-18)
(0.07809664491165846 -0.01389247567375216 -1.135334768160986e-18)
(0.07140748464595774 -0.01286997984594872 -2.479089898651127e-19)
(0.06536769817802873 -0.01170340446463436 -2.366618356447306e-19)
(0.05996620443067773 -0.01057557722781767 -1.21653817733781e-18)
(0.05512388399205672 -0.009602355078691146 -2.011711883529909e-17)
(0.05072368721763266 -0.00884824683301462 -2.910542506025666e-18)
(0.0466311845334445 -0.008339978500477406 -5.875024502030728e-19)
(0.04270873141175224 -0.0080755354780807 -1.538638807820166e-18)
(0.03882632964432954 -0.008028576522708275 -1.195884702895273e-17)
(0.03487196565924031 -0.008148921953547958 -3.662536733681311e-18)
(0.03076316191042809 -0.008361073495689368 -1.914066962472724e-17)
(0.02646085389390394 -0.008563089616857681 -2.817589735889585e-18)
(0.02198782034975963 -0.008628513769936634 -3.026793824556358e-18)
(0.01743824480325177 -0.008417819285851384 -7.886977896884644e-19)
(0.01301553708686795 -0.007802202099579857 -1.537046628975056e-19)
(0.008848670996005763 -0.006750082974757648 -2.987546765819973e-20)
(0.005687037040051324 -0.005356878014191832 -5.006660322266806e-21)
(0.001252759727183426 -0.004512743541177 -1.190163238517907e-21)
(0.001633468410773709 -0.003173704031014549 -1.734974642532054e-21)
(3.224071604742557e-07 2.615901040736029e-06 -2.283546529787875e-22)
(2.58525995269933e-07 3.221204298006547e-06 -9.914864784377083e-22)
(-1.107910791242964e-07 3.368241885722077e-06 -6.382638680087318e-21)
(-8.137910568078478e-07 3.076796737988162e-06 -8.059040629662631e-20)
(-1.82341916735336e-06 2.371106631625765e-06 -9.112303417312371e-19)
(-3.069003924817577e-06 1.287973899389075e-06 -8.020138944065097e-20)
(-4.446620371642042e-06 -1.174844123329449e-07 -4.440362383117252e-21)
(-5.830198485245672e-06 -1.767927263494895e-06 -1.571695318542456e-22)
(-7.084090879519271e-06 -3.561643900966633e-06 -2.041694321816442e-23)
(-8.076677742510641e-06 -5.372378549066024e-06 -2.885843850719252e-23)
(-8.693922257820182e-06 -7.051323331848814e-06 2.763468464215763e-22)
(-8.85138131515549e-06 -8.43120233956962e-06 1.716182655912259e-21)
(-8.502869435454696e-06 -9.331794248376387e-06 4.17843367632494e-22)
(-7.643553189315856e-06 -9.565191661253499e-06 1.242341014472051e-22)
(-6.304553723027444e-06 -8.937396986271207e-06 8.095528212584395e-22)
(-4.536366666181221e-06 -7.241956431359303e-06 -2.2319160510014e-21)
(0.00825697562377428 0.01781663068310156 -1.6780605018469e-18)
(0.006748726083157759 0.02579487235489246 -4.64873369940356e-18)
(0.02997832357826309 0.03052071653423119 -6.406223037103643e-19)
(0.04665939036030329 0.03446548741544623 -8.381236577300932e-20)
(0.06604606093243334 0.03539868213668959 -1.814938543188094e-20)
(0.08457092987996298 0.03294563559372509 -2.953465581175366e-20)
(0.1009458681332141 0.02736905775765896 -1.280325814909611e-20)
(0.1131620321684592 0.01953367261993312 -3.9167626399047e-21)
(0.1203135024219513 0.01180879744418946 -7.246910367981221e-21)
(0.1235747940860274 0.006115928537471533 -5.42992614079972e-21)
(0.1247270784323601 0.00269487766248274 -2.151870930922332e-21)
(0.1249316868406972 0.0009247350886995447 -5.518960228500326e-22)
(0.1247736523834241 0.0001358190338888473 -2.71681097394137e-22)
(0.1245240088232853 -0.0001879322806888673 -3.681961578914666e-22)
(0.1243900754771414 -0.0003836110166591769 3.069420341176546e-22)
(0.1244252392694451 -0.0004171199379666783 9.119749443900139e-22)
(0.101635733518785 -0.0214703315270594 -3.605313271053982e-20)
(0.1057560120334919 -0.0104820857847316 -2.237109578535557e-19)
(0.1009006061185566 -0.0005255666146981887 -9.781236445108379e-19)
(0.09828657552333235 0.0012836607571109 -1.386562571267366e-17)
(0.09701969888469969 0.0006965008697655697 -4.197783713768777e-18)
(0.09628429656002382 0.0001835218461157444 -6.736062016661279e-19)
(0.09542322348418983 -0.0001940968397702668 -3.821081159437345e-19)
(0.09397589822829844 -0.0008029560061880904 -1.54431434733995e-18)
(0.09145081883776364 -0.001751542529195348 -2.157109576211563e-17)
(0.08750541122939504 -0.002780811256313444 -5.282012647240329e-18)
(0.08234611411718319 -0.003479488809864058 -1.311276523171308e-17)
(0.07649582262100291 -0.003788956310705328 -3.614889398962968e-18)
(0.07040976910258498 -0.003760667445461509 -1.825598193435857e-17)
(0.06445951177620587 -0.003519545494440721 -3.163816429259668e-18)
(0.05887170557811001 -0.003177152978564459 -5.236081743177632e-19)
(0.05375413108739439 -0.002814250493396829 -3.830114162146186e-19)
(0.04912356030953949 -0.002481240886975357 -1.946513473023443e-18)
(0.04493614250637657 -0.002206438650914695 -1.345582080413302e-17)
(0.04111161945401189 -0.002003585609275308 -3.133945104500122e-18)
(0.03755150393272375 -0.001876963014512724 -8.270180643067024e-19)
(0.03415262550362911 -0.001824223245550892 -1.881576216879593e-18)
(0.03081785678735285 -0.001837406367775338 -1.29600525996953e-17)
(0.02746596364878651 -0.001902563517617583 -4.795219129014326e-18)
(0.02404177497937703 -0.001998760396872146 -1.385967232494888e-17)
(0.02052677941637889 -0.002097367589144883 -4.044170615972699e-18)
(0.01695154989505749 -0.002161270699560662 -1.076294461586759e-17)
(0.0134005334832872 -0.002142474961774267 -1.779021888049743e-18)
(0.01003438733891984 -0.001965954725059424 -3.091748646875896e-19)
(0.006957843754800581 -0.001555729191661799 -5.337896353512723e-20)
(0.004652333699498343 -0.0008678370407028933 -1.048946532033845e-20)
(0.001550575903514837 -0.0009205120080937934 -1.597461423952981e-21)
(0.001460791779446237 -0.001671187361847831 -1.746556451087054e-21)
(3.418497306776963e-07 3.669562682541818e-06 4.505186586638361e-24)
(1.49399804980424e-07 4.09994020827021e-06 2.931714826699429e-22)
(-4.19092433512e-07 3.948968500187312e-06 7.757105657952923e-22)
(-1.365381508204068e-06 3.287243500282259e-06 -2.046366695297685e-20)
(-2.63992625629695e-06 2.164291945412969e-06 -2.63584720282921e-19)
(-4.151114557713123e-06 6.346029059751523e-07 -2.039183088692687e-20)
(-5.774128600526118e-06 -1.23160182826992e-06 1.044745964731566e-21)
(-7.362025019526722e-06 -3.34317252411614e-06 4.121040883789037e-22)
(-8.759384122212881e-06 -5.58584440379776e-06 4.868068039291376e-23)
(-9.817829839655831e-06 -7.822340394264568e-06 2.350248920907141e-24)
(-1.04121374423418e-05 -9.894461534497344e-06 5.829710856253344e-23)
(-1.04552320030005e-05 -1.162662317226036e-05 4.73612066915772e-22)
(-9.910035686818645e-06 -1.282937609544278e-05 1.828053703190721e-21)
(-8.795658437864588e-06 -1.329923620587824e-05 -1.56912446741343e-22)
(-7.183927428403621e-06 -1.280474389252738e-05 -7.79705292347776e-23)
(-5.176980078046463e-06 -1.102655364529186e-05 9.447897277773808e-21)
(0.007693938250556418 0.01006702599300068 -9.937233359988425e-19)
(0.007917355806359555 0.006725580788650626 -1.084677888545023e-18)
(0.02609801920851173 0.006175905518670628 -3.877772757979488e-19)
(0.03901890971414231 0.008704751485466669 -4.117595971785147e-20)
(0.05399801691018295 0.009633561606941033 -1.050842544405971e-20)
(0.06836886759898228 0.009003262680066541 -6.163641902418603e-21)
(0.0811407583636463 0.007241988155803718 -3.000005769041679e-21)
(0.09099437079552683 0.004775162410468891 -1.310863451896538e-21)
(0.0973736772424177 0.002424387105518226 -1.427495765047119e-21)
(0.1008796665488866 0.0008220446896062535 -1.087039316500926e-21)
(0.1025567626384417 1.056851864478611e-05 -5.12537690177098e-22)
(0.1032263246781448 -0.0002641979544988258 -1.388076906076971e-22)
(0.1033988687643189 -0.0002707623231419543 -7.227802613037881e-23)
(0.1033354744326647 -0.0002661720000011192 -5.360913716061138e-23)
(0.103304689016683 -0.0004905656567517758 5.914305515403699e-23)
(0.1031735505214251 -0.0005920170972187376 1.586405320073627e-22)
(0.06885310149667337 -0.01155416513175654 -7.584954968488538e-20)
(0.06993614793203573 -0.006643653551900643 -8.842718409770696e-19)
(0.06915371289248319 -0.002708089306715875 -3.007307970322652e-18)
(0.06805760865945758 -0.0004562008937816016 -8.921499630130587e-18)
(0.06720088818772528 5.350506410681461e-05 -3.843504445523647e-18)
(0.06665155299579151 -0.0001373184061100072 -1.436114622414148e-18)
(0.06602539475496062 -0.0005427408705359436 -1.208466919185686e-18)
(0.06497252082616517 -0.001158770331606132 -3.499398345168068e-18)
(0.06318759885853002 -0.001978641226224736 -2.831155952157075e-18)
(0.06051314836949915 -0.00282666790769122 -6.83946556206088e-18)
(0.05705238293781912 -0.003471735711233098 -3.39201753737886e-18)
(0.05309652017330225 -0.003804533591686209 -5.59373120802759e-18)
(0.04895917923907299 -0.003844190018189309 -5.408986491993587e-18)
(0.04489020611734938 -0.00367371352183172 -2.771273587336519e-18)
(0.04105124395710755 -0.003386132358571435 -1.154670969696609e-18)
(0.03752212456986037 -0.003058067269018438 -1.121077471130893e-18)
(0.03431944182475253 -0.00274283158782786 -3.082461101148145e-18)
(0.03141662747461706 -0.002473369972751137 -3.585454934489464e-19)
(0.02876077611335612 -0.002267411871677061 -3.560671307797801e-18)
(0.02628552895162502 -0.002131878880629786 -2.12923885745907e-18)
(0.02392075831517568 -0.002065695019629314 -3.184306567232279e-18)
(0.02160030673976425 -0.002061064683886938 -1.280119246307405e-17)
(0.01926897782433985 -0.002103602513765758 -6.067742243882137e-18)
(0.01688966002904821 -0.002171875294699937 -5.730843455050858e-18)
(0.01445081575505086 -0.002236893922533582 -5.055560422971817e-18)
(0.01197432786857119 -0.002261467758229078 -4.595133457962896e-18)
(0.009518526979441083 -0.002200424909728986 -2.113465277404805e-18)
(0.007182250058893708 -0.002005363800302156 -7.956192514733733e-19)
(0.0050480284458941 -0.001678020862110849 -1.33973284259087e-19)
(0.003318350781602363 -0.001353452989376851 -2.365262410460486e-20)
(0.001958594518230068 -0.001137034198195312 -5.172276241085403e-21)
(0.00143762524466962 -0.001118543608069979 -2.194200272316502e-21)
(2.630840749339391e-07 5.182560156696044e-06 1.592207937403949e-22)
(-1.235282266131513e-07 5.138252272812033e-06 2.102577752893153e-21)
(-9.26476921151928e-07 4.5478796116649e-06 2.208429473118527e-20)
(-2.129419864835193e-06 3.447466946970845e-06 2.056783829630289e-19)
(-3.66610750074511e-06 1.881616965866001e-06 -5.130973735623109e-18)
(-5.427704883599095e-06 -9.161156386164153e-08 2.057007653464314e-19)
(-7.271663149070046e-06 -2.396092173975913e-06 2.211393366081283e-20)
(-9.033618973041529e-06 -4.935037275072642e-06 2.119900604850052e-21)
(-1.05423530892693e-05 -7.590435550189326e-06 1.770572274476439e-22)
(-1.163705804106165e-05 -1.022437375044994e-05 3.984701632018046e-23)
(-1.218557613862341e-05 -1.268206664196319e-05 3.847492884245996e-22)
(-1.210177417827057e-05 -1.479616754006654e-05 3.700465195800282e-21)
(-1.135999333147638e-05 -1.63915275254306e-05 2.174461931283547e-20)
(-1.000452122617939e-05 -1.728898548365373e-05 -5.647259036989062e-21)
(-8.15251863286277e-06 -1.730670208878633e-05 -6.460809394279694e-21)
(-5.990258736933776e-06 -1.626205307899559e-05 -7.985012467399844e-21)
(0.007723351416869532 0.007135642378421212 -9.33846748018955e-19)
(0.01058707174271829 0.007174779266120458 -6.92184620368476e-19)
(0.01819122567519843 0.007967241276340464 -4.032783688731839e-19)
(0.02728165969518489 0.008859565285574298 -9.976088737018638e-20)
(0.03747035844713491 0.009313327330600541 -2.25070657503577e-20)
(0.04722487406336481 0.008756254620510794 -6.881677310848445e-21)
(0.05584386038389536 0.00723409616105887 -3.92036466359099e-21)
(0.06256406253502343 0.005159641242915054 -2.077734954034016e-21)
(0.06709198320364736 0.003102935453225845 -1.53503755906098e-21)
(0.06970773831310935 0.00152453823224742 -1.226653485452202e-21)
(0.07100729554339676 0.0005597299190851063 -6.768353846985451e-22)
(0.07154681296238523 8.528177439799949e-05 -2.676536980764988e-22)
(0.07170432342983825 -0.0001075294755989459 -1.080025186923793e-22)
(0.0716980680904916 -0.0001999845548721911 -3.411811344837486e-23)
(0.07183147815533006 -0.0002844499291374838 6.453470302569283e-23)
(0.07097223368645197 -0.0003547255693564784 1.261714477900854e-22)
(1.123541909608776e-07 9.489764600158906e-07 -1.124545837696672e-21)
(3.321574695768978e-07 2.389580886953332e-06 -9.894156101374303e-21)
(5.350298993722245e-07 3.558511873349123e-06 -1.195415532395528e-19)
(7.076746298580183e-07 4.53988269323493e-06 5.525744326570215e-18)
(8.392388396813596e-07 5.386631601669856e-06 -1.180335501045141e-19)
(9.233386623092466e-07 6.131213023603897e-06 -5.588756770642026e-21)
(9.579418264445225e-07 6.791413511765976e-06 1.962764019594476e-20)
(9.445899482873887e-07 7.375457210740191e-06 1.64500337439734e-19)
(8.8756936248921e-07 7.885824377652957e-06 -5.341836005346899e-18)
(7.931005938108596e-07 8.322018725396944e-06 1.499956275551023e-19)
(6.68579881364607e-07 8.682509596327249e-06 -1.46306983796744e-19)
(5.219316199177836e-07 8.965979985058048e-06 -5.486839537027646e-21)
(3.611127593775108e-07 9.172080290404533e-06 -8.090489377209259e-21)
(1.937718575997023e-07 9.301835404122369e-06 -7.092438709911419e-21)
(2.704682170859751e-08 9.357820292790926e-06 -1.423171392377639e-21)
(-1.32537727695072e-07 9.344202175349051e-06 3.564307519815704e-21)
(-2.791201650294045e-07 9.26670507018796e-06 4.097904150318819e-20)
(-4.075401683571039e-07 9.1325264061368e-06 1.746933820099575e-18)
(-5.133954975086036e-07 8.950187130674428e-06 4.416288345716462e-20)
(-5.931324749174419e-07 8.729327457212242e-06 1.502066984078482e-20)
(-6.441674527838195e-07 8.480416953321641e-06 9.781426893302507e-20)
(-6.650228615697061e-07 8.214375522213463e-06 5.300673264678761e-19)
(-6.554525893679331e-07 7.942117913752045e-06 -7.871752005180735e-20)
(-6.16526369278458e-07 7.674068036514839e-06 3.520729177838083e-18)
(-5.506263260972685e-07 7.419741529587562e-06 -1.827225811153945e-19)
(-4.612448037673127e-07 7.187592977458447e-06 -1.802019051829949e-20)
(-3.523471857375289e-07 6.98545648437042e-06 -8.37605955814704e-21)
(-2.271312076760137e-07 6.822030512750391e-06 -4.202582243452875e-21)
(-8.723731254565992e-08 6.709719523134792e-06 -7.22591901462948e-22)
(6.259562472694935e-08 6.667269901237775e-06 -1.19793982702247e-22)
(1.961606201518864e-07 6.716447197865037e-06 -2.553551165452479e-23)
(2.335381204671139e-07 6.83966653196354e-06 1.502115896009749e-24)
(1.724751947743152e-08 6.696965491353145e-06 1.518410693411524e-22)
(-5.869232954780609e-07 6.116950587788626e-06 1.291009968143239e-21)
(-1.621472185503849e-06 5.058009621299042e-06 6.740768262201705e-21)
(-3.062137333953961e-06 3.526625084008216e-06 -1.163095609103135e-20)
(-4.83051300434684e-06 1.55579954659547e-06 -6.419967923603574e-19)
(-6.804004060058724e-06 -8.000115688004076e-07 -1.156801536280109e-20)
(-8.826252338047999e-06 -3.465785486199326e-06 6.721648728785165e-21)
(-1.072016640894617e-05 -6.346528287101683e-06 1.291902294626572e-21)
(-1.230404615828237e-05 -9.328812245543248e-06 1.605710707586581e-22)
(-1.341018967884224e-05 -1.228362553920234e-05 1.345356349547204e-22)
(-1.390460318909841e-05 -1.507056919123218e-05 1.807912419125654e-21)
(-1.370593459372633e-05 -1.754330120405222e-05 2.178134738385131e-20)
(-1.280150631556006e-05 -1.955616141513516e-05 -6.507320300738366e-19)
(-1.125840120969035e-05 -2.097240296925103e-05 6.110332115620673e-19)
(-9.227953669926556e-06 -2.167637442396231e-05 -3.941223201353258e-20)
(-6.942047212792936e-06 -2.159813462998192e-05 1.218226258842248e-18)
(-4.695457320009859e-06 -2.077727144261798e-05 1.31207576468459e-18)
(-2.744728580009528e-06 -1.953610454516821e-05 6.357354321753618e-20)
(-1.28057139789123e-06 -1.860479972254359e-05 -5.744900503171167e-20)
(-1.274069371809134e-07 -1.781284956229624e-05 -4.964936470961038e-21)
(8.299764679144898e-07 -1.699130652984236e-05 -4.745399057018455e-23)
(1.629846189780959e-06 -1.604562672614766e-05 2.544778132577917e-23)
(2.273882374666941e-06 -1.493790310731595e-05 3.439399300259039e-24)
(2.752484024040429e-06 -1.366760477610092e-05 1.080136072104606e-24)
(3.054582304095298e-06 -1.225734333457594e-05 9.111613471575358e-25)
(3.171994358195339e-06 -1.074264105709478e-05 9.614676905452981e-25)
(3.102367288765426e-06 -9.163681662355434e-06 4.226713127153348e-25)
(2.851347809940032e-06 -7.557959595849012e-06 1.421141923926272e-25)
(2.433916887094713e-06 -5.952992866539893e-06 1.299153318247428e-26)
(1.874735071547701e-06 -4.358774799900983e-06 -5.818618974081506e-26)
(1.205397920868998e-06 -2.757276669179795e-06 -6.203135467344178e-26)
(4.480112514395652e-07 -1.066444232969291e-06 -3.259119089953413e-26)
(1.748121572279124e-07 1.344358135521584e-06 -4.923555565470852e-22)
(5.150742936189907e-07 3.357439286288608e-06 -4.351162264788972e-21)
(8.248624016432256e-07 4.983380280381908e-06 5.162869712996451e-20)
(1.085934455995283e-06 6.347405080762633e-06 2.351794707261884e-18)
(1.283222746022183e-06 7.524364476534963e-06 4.963629163460893e-20)
(1.407599983561676e-06 8.559511074822217e-06 -5.137392343512096e-21)
(1.456312250350299e-06 9.477395150526806e-06 6.385804568135387e-21)
(1.43213649606011e-06 1.028916975085413e-05 7.923839426605708e-20)
(1.34206035606356e-06 1.099809068883136e-05 5.495338216839824e-19)
(1.19591697942973e-06 1.160341649650114e-05 8.383026979724188e-20)
(1.00516380428621e-06 1.210307527717714e-05 1.490390358013097e-20)
(7.818875959930607e-07 1.249533633956336e-05 5.628786302121394e-21)
(5.380793439531883e-07 1.277981268091484e-05 1.758769237856648e-20)
(2.851645351252042e-07 1.295800160723126e-05 -6.975053986311684e-20)
(3.374327693558268e-08 1.303352972896899e-05 -1.020388706736434e-20)
(-2.065206551829664e-07 1.301222024247418e-05 -4.288539448584908e-21)
(-4.26938854972375e-07 1.290205998443015e-05 -1.6206942065565e-20)
(-6.198306151440364e-07 1.271309943507402e-05 -3.489691247524125e-21)
(-7.785958410280454e-07 1.245726770512587e-05 -1.580668714050528e-20)
(-8.978520199592259e-07 1.214809455804197e-05 -8.445801853865101e-22)
(-9.73631722108576e-07 1.180030683024455e-05 1.844476025688703e-20)
(-1.00361441684904e-06 1.142927579758386e-05 9.024093349652017e-20)
(-9.873500623408049e-07 1.105031553382159e-05 3.470143426075832e-20)
(-9.264195324451042e-07 1.067787056585699e-05 -4.181681925679974e-21)
(-8.244636309251733e-07 1.032466985650873e-05 1.500127206363538e-20)
(-6.870139276124562e-07 1.000093310917936e-05 -3.229534986614514e-22)
(-5.212070593894544e-07 9.71358543062472e-06 -1.023331907823275e-21)
(-3.361148342273914e-07 9.465005949534002e-06 -4.62798581632204e-22)
(-1.459098529187075e-07 9.250008881145529e-06 -1.073715471672564e-22)
(2.075408151098242e-08 9.049125054874131e-06 -1.785325543426156e-23)
(1.052732612701925e-07 8.81722503357895e-06 9.337661243789117e-27)
(9.065487892431692e-09 8.464432516802883e-06 1.343451158394482e-23)
(-3.923931219683727e-07 7.828180243529392e-06 1.297675581981803e-22)
(-1.194901721844805e-06 6.807076223230586e-06 9.093274844439894e-22)
(-2.428717515815708e-06 5.360227815281223e-06 2.494262239415044e-21)
(-4.061333745604802e-06 3.487257248388758e-06 -4.684038032838869e-20)
(-6.005791106546924e-06 1.215832717374812e-06 -8.340332169508448e-19)
(-8.130511737418356e-06 -1.403733876982919e-06 -4.687616932800399e-20)
(-1.027082129036747e-05 -4.301178538400167e-06 2.513248877224918e-21)
(-1.224305226931854e-05 -7.38865455248283e-06 9.052519303715324e-22)
(-1.386154690993357e-05 -1.056372651760964e-05 1.176750955571543e-22)
(-1.495800501109031e-05 -1.371327664224757e-05 -1.163937194430526e-22)
(-1.540180513823317e-05 -1.671831803646282e-05 -8.984620099982725e-22)
(-1.511936486846835e-05 -1.945965174744973e-05 -2.568370001805915e-21)
(-1.411018202626571e-05 -2.182437443848211e-05 2.045674438688694e-20)
(-1.24568243678679e-05 -2.371353560105989e-05 -5.840368160609183e-21)
(-1.032516436224196e-05 -2.505187636387719e-05 -7.266295980462662e-21)
(-7.948163399358957e-06 -2.580184062666267e-05 -1.649128127742303e-20)
(-5.581051071343497e-06 -2.598567601180823e-05 7.266608856190714e-20)
(-3.421757509609706e-06 -2.571512417524902e-05 1.936200926914239e-20)
(-1.567867219431744e-06 -2.521079584969464e-05 -7.351849536129136e-19)
(1.910671474693055e-08 -2.449066100592735e-05 -6.302601976489406e-20)
(1.386546030174556e-06 -2.35229609521527e-05 -3.13625440413888e-21)
(2.54915225287233e-06 -2.228517498749534e-05 -1.056280585189696e-23)
(3.495423168782194e-06 -2.077720023046722e-05 2.145368335622964e-23)
(4.203221287080172e-06 -1.902239976885912e-05 3.371796605835952e-24)
(4.650522353561587e-06 -1.706341507329203e-05 3.814122139994876e-25)
(4.821512167402578e-06 -1.495515531895787e-05 1.087037881225867e-25)
(4.710365857233181e-06 -1.275621331042493e-05 6.984895664106386e-26)
(4.323801073759063e-06 -1.051945577197231e-05 4.909935852391519e-26)
(3.682395899646477e-06 -8.281557996094816e-06 2.189613231693919e-26)
(2.82019024600076e-06 -6.050797203004631e-06 8.469523401196448e-28)
(1.781747278244454e-06 -3.791403163463285e-06 -6.950696089241287e-27)
(6.152117653687836e-07 -1.395318109914667e-06 -5.138308131296138e-27)
(2.367345624947905e-07 1.593572318030895e-06 8.645215375617864e-22)
(6.958539800494285e-07 3.969631213613864e-06 4.129019615577728e-21)
(1.108647208126817e-06 5.885778723822149e-06 2.319634868489831e-20)
(1.452018361485711e-06 7.493105898017695e-06 1.945513826597055e-19)
(1.707839494409307e-06 8.879940052441103e-06 1.973009977420999e-20)
(1.865638071237973e-06 1.009899656599384e-05 1.878505970564169e-21)
(1.922970153208541e-06 1.117889351966855e-05 1.351140469500004e-21)
(1.884435777467237e-06 1.213277280908819e-05 1.167915273429117e-20)
(1.759986265800848e-06 1.29646711987722e-05 6.81736354735408e-20)
(1.563090018139209e-06 1.367401249962978e-05 2.532775368078182e-20)
(1.309095523452548e-06 1.425865738490743e-05 8.441804673612151e-20)
(1.013936630921489e-06 1.471683279066901e-05 2.867560650586086e-20)
(6.932252747864163e-07 1.504827956201561e-05 8.238320949337315e-19)
(3.617009319617157e-07 1.525488244714284e-05 -1.1753963254987e-18)
(3.295876643811093e-08 1.534097129307242e-05 -7.127546081737036e-20)
(-2.806336324575557e-07 1.531342211010412e-05 -5.362538301461344e-21)
(-5.679355285986365e-07 1.518164451531131e-05 -2.063785968875875e-21)
(-8.190387038412321e-07 1.49574861839849e-05 1.692445526674205e-20)
(-1.025345421455746e-06 1.465504976337455e-05 -1.821831834901734e-21)
(-1.179750952859707e-06 1.429037801567315e-05 -4.61297633393579e-22)
(-1.276929152657462e-06 1.388097603836512e-05 1.285350586253414e-21)
(-1.313686229273945e-06 1.344511925249498e-05 9.199497088263848e-21)
(-1.289327343774232e-06 1.30009173665885e-05 7.958751317210443e-21)
(-1.205976807102272e-06 1.256512963037151e-05 2.612569577227387e-20)
(-1.068830238389442e-06 1.215172647766336e-05 1.929662676800313e-21)
(-8.864493362809294e-07 1.177011914410032e-05 -1.976602602683133e-20)
(-6.715434724729108e-07 1.142279482425814e-05 -4.716919493159931e-21)
(-4.432283397411401e-07 1.11018713185489e-05 -6.206442122455518e-22)
(-2.320113101528676e-07 1.078425193826735e-05 -5.410518998538431e-23)
(-8.732487217653819e-08 1.042636072755201e-05 -1.545763866624301e-24)
(-8.330864954223666e-08 9.961477925722172e-06 1.463800450662765e-24)
(-3.145595823556154e-07 9.302525416101347e-06 7.13638153405852e-24)
(-8.771731897071352e-07 8.353112278780897e-06 6.554121345815101e-23)
(-1.838926512345461e-06 7.04935551977667e-06 4.507817985041786e-22)
(-3.217106594621605e-06 5.364371938747052e-06 1.705752225765753e-21)
(-4.97287652455802e-06 3.30160954140242e-06 -6.566473179440092e-21)
(-7.015275939252757e-06 8.883883538543871e-07 -3.461311973313251e-18)
(-9.209972737055441e-06 -1.828258243013938e-06 -6.553547816801453e-21)
(-1.139112133680727e-05 -4.784600127583668e-06 1.695797837206496e-21)
(-1.337605310529908e-05 -7.903252552194837e-06 4.448552109450818e-22)
(-1.498262315771182e-05 -1.109675007026625e-05 -4.101776557486195e-23)
(-1.604850941935962e-05 -1.427167126970752e-05 -1.282521896730514e-21)
(-1.645107180781226e-05 -1.733309134526947e-05 -1.231692990447386e-20)
(-1.612568640091351e-05 -2.018903454947037e-05 -7.625942525294661e-20)
(-1.507978468771962e-05 -2.275455134952229e-05 -1.05270271555101e-20)
(-1.339899049289991e-05 -2.495502333075498e-05 -1.435492202160443e-21)
(-1.124061510359049e-05 -2.672850541072559e-05 3.145376460763761e-22)
(-8.809301191215445e-06 -2.80279597864681e-05 2.236625800628716e-20)
(-6.314182810425104e-06 -2.882696864754588e-05 2.66219115620307e-19)
(-3.922073263643369e-06 -2.913375086343543e-05 -4.581975489528876e-18)
(-1.731210855736558e-06 -2.899869905288819e-05 2.535129503683278e-18)
(2.312567534091745e-07 -2.844171828603279e-05 8.41728030463367e-20)
(1.961561258378292e-06 -2.74731445239736e-05 1.59415662963361e-22)
(3.447964055560814e-06 -2.611134265558847e-05 -1.714197807361945e-22)
(4.664439234819233e-06 -2.438865415740551e-05 2.591832864177576e-24)
(5.577351563498464e-06 -2.235280306053713e-05 3.854432083595314e-24)
(6.15452262395233e-06 -2.006523782430679e-05 7.307058390053295e-25)
(6.372441472697089e-06 -1.759628962939592e-05 1.022762114224593e-25)
(6.221212166842086e-06 -1.50175127358659e-05 2.107057450628913e-26)
(5.707733172131274e-06 -1.239184088726265e-05 1.056231996145106e-26)
(4.857287420435581e-06 -9.761777273758435e-06 5.049327315783972e-27)
(3.713431224902815e-06 -7.135269751211079e-06 1.18265415599399e-27)
(2.336236952169175e-06 -4.468620932332554e-06 -4.772618413635056e-28)
(7.972271456928521e-07 -1.639692860632477e-06 -5.185876399168626e-28)
(2.888812697308908e-07 1.665497823462661e-06 3.827711102972463e-22)
(8.474537595436118e-07 4.145047688821745e-06 4.284917295180213e-21)
(1.343853325322516e-06 6.143855357588265e-06 7.018726228898023e-20)
(1.751085187136131e-06 7.820820396632535e-06 8.5041925100689e-19)
(2.049334144782488e-06 9.267723193200506e-06 6.815001928875049e-20)
(2.22831906171011e-06 1.053878201729298e-05 2.898648714466857e-21)
(2.287048562454961e-06 1.166341100318144e-05 -7.374816024607935e-23)
(2.232440609435888e-06 1.265533090729146e-05 -2.012450020410154e-21)
(2.077308322999795e-06 1.351905674119728e-05 -1.322465749203107e-20)
(1.838223834721691e-06 1.425440919238441e-05 8.127167816264056e-20)
(1.533624823367918e-06 1.485956035456731e-05 1.285006915229578e-18)
(1.182345481612248e-06 1.53329895598857e-05 2.928286168534435e-20)
(8.026180900832895e-07 1.56746580676553e-05 3.0236127626311e-18)
(4.115046112957484e-07 1.588666861483201e-05 -1.242147760631355e-19)
(2.465962100695659e-08 1.597359772524242e-05 -1.54093506166448e-20)
(-3.436956762938948e-07 1.594262956251466e-05 9.106394950035207e-22)
(-6.807106872473061e-07 1.580357181722898e-05 3.43571107266156e-20)
(-9.74867633714272e-07 1.556878637810248e-05 -2.369576885284166e-18)
(-1.216051079529776e-06 1.525302460398227e-05 3.420825944369085e-20)
(-1.395769566646691e-06 1.487312319421469e-05 1.761848435302847e-21)
(-1.50753308890124e-06 1.444749778910584e-05 3.321065066300046e-22)
(-1.54735339532165e-06 1.399536417529858e-05 -1.277032994771569e-20)
(-1.514315141316674e-06 1.353561390016449e-05 1.091528392600279e-21)
(-1.411183907799245e-06 1.308527732729213e-05 1.938245290154715e-21)
(-1.245101869667411e-06 1.26575018081776e-05 -1.989442669204979e-20)
(-1.02859405645445e-06 1.225894230288483e-05 -1.030848378902822e-19)
(-7.81324372624184e-07 1.188648817662457e-05 -2.100858434304786e-20)
(-5.33052234570554e-07 1.152350768703829e-05 -2.559631737537945e-21)
(-3.2755692423237e-07 1.113654258352295e-05 -2.348795194123114e-22)
(-2.256164441517654e-07 1.067444840404308e-05 -1.79039159423377e-23)
(-3.034286897603397e-07 1.007211796401732e-05 -8.628872104770191e-25)
(-6.435298166582247e-07 9.258935471138756e-06 5.101277009383977e-24)
(-1.319191800309988e-06 8.170451810363046e-06 4.318102201909059e-23)
(-2.376584665699324e-06 6.764272292476142e-06 1.345213149250302e-22)
(-3.82049415635112e-06 5.024709837171421e-06 -3.201428032686451e-21)
(-5.607633617247783e-06 2.959921023496046e-06 -8.915702427607778e-20)
(-7.64780409131605e-06 5.975211918617714e-07 1.740352949960717e-18)
(-9.81092347969708e-06 -2.019169784907944e-06 -8.916176409836989e-20)
(-1.193822648500541e-05 -4.834357786281615e-06 -3.199957730184673e-21)
(-1.385663539795932e-05 -7.783028601269658e-06 1.08329019326363e-22)
(-1.539555727014515e-05 -1.079445757347711e-05 -3.984585333394648e-22)
(-1.640512762207846e-05 -1.379580427148756e-05 -6.282334936822783e-21)
(-1.677437324264263e-05 -1.671534439384552e-05 -7.663704581016007e-20)
(-1.644707555126419e-05 -1.948475819822659e-05 -6.771257837340679e-19)
(-1.543239817006128e-05 -2.203989598880459e-05 -7.64926562774329e-20)
(-1.380678124136316e-05 -2.431973867664163e-05 -5.768779607045844e-21)
(-1.170384548484539e-05 -2.626419145476504e-05 1.00645992423693e-20)
(-9.291594572478738e-06 -2.781332980068829e-05 1.904445033541963e-19)
(-6.742075190761289e-06 -2.891270168431815e-05 -3.479189456779358e-18)
(-4.204243660606288e-06 -2.952573486563522e-05 2.588204443771683e-19)
(-1.787322094166498e-06 -2.963980435708932e-05 9.780668721795596e-20)
(4.416817806523381e-07 -2.925329843153288e-05 3.677826784471482e-22)
(2.439782041612805e-06 -2.837935874013247e-05 -7.291512849596154e-22)
(4.169262224746305e-06 -2.704917008404051e-05 -4.185848733358866e-23)
(5.589091625120973e-06 -2.531080221329684e-05 1.115564074413873e-23)
(6.655956144983877e-06 -2.322638853351124e-05 3.517041350402958e-24)
(7.330222839454191e-06 -2.086860585654229e-05 6.134390731418965e-25)
(7.582670875674359e-06 -1.831574983303299e-05 8.350227235007499e-26)
(7.400029978636181e-06 -1.564473544275833e-05 1.1217285212861e-26)
(6.788795308280797e-06 -1.292179650834923e-05 2.593826541806556e-27)
(5.777321532287119e-06 -1.019081242848666e-05 9.731444720500074e-28)
(4.416202137265401e-06 -7.45896979582189e-06 2.920899257059638e-28)
(2.776983249954236e-06 -4.679384137980594e-06 8.414224659732618e-30)
(9.455428787118452e-07 -1.722986883186508e-06 -3.869761299907662e-29)
(3.185870964123039e-07 1.550509159249387e-06 4.211090805296228e-22)
(9.330517832008278e-07 3.856526615412734e-06 3.879329365135367e-21)
(1.473163728853274e-06 5.715148909415501e-06 2.903991482218516e-20)
(1.91020238313373e-06 7.274816463508169e-06 1.496998382458233e-19)
(2.224468119178021e-06 8.62051855082379e-06 2.835236429009254e-20)
(2.407252004345078e-06 9.802055197021594e-06 3.393116839242679e-21)
(2.459750598998224e-06 1.084638389376369e-05 -8.942660508076813e-22)
(2.391161109922303e-06 1.176623182427968e-05 -2.234262170382841e-20)
(2.216413331575977e-06 1.256603649782461e-05 -1.618295318364459e-19)
(1.953927699902642e-06 1.324599400172148e-05 6.329598489744477e-20)
(1.62368355622537e-06 1.380476668401561e-05 -1.803555032715142e-18)
(1.245752491943735e-06 1.424123078636605e-05 1.086895488406704e-19)
(8.393332099065898e-07 1.455555303989478e-05 -3.147120895829557e-18)
(4.222388736857281e-07 1.474980704794897e-05 1.827196825841851e-20)
(1.073253622121116e-08 1.482830058591763e-05 1.327549395158075e-21)
(-3.804226372713644e-07 1.479772569913489e-05 2.776818019642173e-21)
(-7.378313670126707e-07 1.466720002346296e-05 3.799410839514609e-20)
(-1.049376265177472e-06 1.44482291453067e-05 4.49906340703214e-19)
(-1.304265563001642e-06 1.415457799650369e-05 3.766072377994332e-20)
(-1.49327630398835e-06 1.380200427066871e-05 2.243841003603596e-21)
(-1.609209736778906e-06 1.340778090142035e-05 -1.277292314630378e-20)
(-1.647540722906032e-06 1.298990674163808e-05 -8.074572440057412e-19)
(-1.607228508839712e-06 1.256590004596568e-05 -1.049890964231769e-20)
(-1.491680517928633e-06 1.215106813780829e-05 7.933600519870523e-21)
(-1.309932935852714e-06 1.175618137364692e-05 -4.248212744670233e-21)
(-1.078196296415163e-06 1.138458259832627e-05 -2.300826965914716e-20)
(-8.218887608661424e-07 1.102901006725548e-05 -6.656232081446736e-21)
(-5.779413834143413e-07 1.06688674230979e-05 -1.204968399618717e-21)
(-3.964100324293975e-07 1.026920115486949e-05 -1.8462356504974e-22)
(-3.396423337564134e-07 9.782734406981906e-06 -2.75974375260169e-23)
(-4.773450573808641e-07 9.155318467104091e-06 -3.434621263315775e-24)
(-8.774302334972407e-07 8.333521771115805e-06 6.640044691963391e-24)
(-1.594425192877758e-06 7.272655215599232e-06 6.650720976642556e-23)
(-2.657834895212628e-06 5.944452537519525e-06 4.837790594612165e-22)
(-4.06268095171536e-06 4.340516707780975e-06 2.286689046719368e-21)
(-5.764249158092061e-06 2.471163695635589e-06 -1.163785052071964e-21)
(-7.67825707404619e-06 3.621632278679159e-07 -1.286451710911081e-19)
(-9.686268934402378e-06 -1.948824882243554e-06 -1.170072004182861e-21)
(-1.164541730057985e-05 -4.415605010434618e-06 2.290378575045849e-21)
(-1.340135267387092e-05 -6.986651208109305e-06 4.773986227046972e-22)
(-1.480334729469146e-05 -9.608173001368365e-06 -4.067674478994038e-23)
(-1.572031595795348e-05 -1.222676172164166e-05 -1.291592556221552e-21)
(-1.60561249209993e-05 -1.479108509214655e-05 -1.234334657659917e-20)
(-1.576205856778767e-05 -1.725203501432016e-05 -7.66326646234963e-20)
(-1.484392345311135e-05 -1.956101051491053e-05 -1.229243265034192e-20)
(-1.33614040709884e-05 -2.166674321131198e-05 -7.61109922259975e-22)
(-1.14185905927492e-05 -2.351237794489657e-05 4.313358174391629e-21)
(-9.147336966892038e-06 -2.503583683254387e-05 3.458138557707979e-20)
(-6.688078514382849e-06 -2.617591886907179e-05 2.266691206278061e-19)
(-4.17308412889103e-06 -2.688205913412055e-05 5.851954568230476e-21)
(-1.714642040129277e-06 -2.712058302485132e-05 -8.584475711914977e-21)
(5.994839677895083e-07 -2.687612680037912e-05 -3.396798274563472e-21)
(2.700933977434683e-06 -2.615503451888854e-05 -5.832950765659611e-22)
(4.531928948260221e-06 -2.498632706005206e-05 -5.746970364706841e-23)
(6.039107200117057e-06 -2.341871675940474e-05 -1.25540447408932e-24)
(7.172450430383698e-06 -2.15156102607245e-05 8.322319295568635e-25)
(7.888482479705659e-06 -1.934971174755206e-05 2.221229686354182e-25)
(8.155400637354163e-06 -1.699734308936024e-05 3.857469621924389e-26)
(7.958162237277182e-06 -1.453182028606425e-05 5.761418380274865e-27)
(7.302458309872521e-06 -1.201521987296813e-05 9.576820582078952e-28)
(6.217167998068783e-06 -9.487977041238143e-06 2.267895876714302e-28)
(4.755135537010818e-06 -6.955840314386546e-06 6.342499206860088e-29)
(2.992077872445743e-06 -4.373617905352109e-06 1.210580243798258e-29)
(1.018275710536957e-06 -1.617461567966771e-06 -9.709843868388357e-31)
(3.110078735672945e-07 1.259993413227963e-06 3.674815090333557e-22)
(9.096674156149629e-07 3.130867614126219e-06 1.569100091358869e-21)
(1.430108801233178e-06 4.638230717678854e-06 -1.590384526456745e-20)
(1.845507603812058e-06 5.903265483963617e-06 -3.567941610249821e-19)
(2.138577628047314e-06 6.994762936651105e-06 -1.60479005405768e-20)
(2.303240948023735e-06 7.952756797146091e-06 1.872306261001203e-21)
(2.342845551369386e-06 8.798851739585077e-06 3.019097873414619e-21)
(2.267906147772726e-06 9.543317496654713e-06 2.953589003895141e-20)
(2.093795488632968e-06 1.018987902824198e-05 8.659912887416203e-19)
(1.838642942781363e-06 1.073891555372782e-05 9.631265466051318e-20)
(1.521604953993571e-06 1.118957435581312e-05 6.150004681772967e-19)
(1.161593447368678e-06 1.154113591484633e-05 7.614955399146206e-20)
(7.764730646149e-07 1.179386776068575e-05 4.363203535619151e-20)
(3.826732655722509e-07 1.194952918156904e-05 8.747696952788952e-21)
(-4.882574915069434e-09 1.201164900175179e-05 1.483412338113355e-21)
(-3.72653786475989e-07 1.198566455866521e-05 2.058126416184176e-21)
(-7.082944197208698e-07 1.187897410138907e-05 1.207266140734156e-20)
(-1.000517583819795e-06 1.170092457883289e-05 6.022203254860233e-20)
(-1.239110882930976e-06 1.146272472177961e-05 1.169390384151451e-20)
(-1.415169812914977e-06 1.117723973438102e-05 1.501140313181148e-21)
(-1.521582748702363e-06 1.085859408074584e-05 3.775123683449897e-20)
(-1.553771998794051e-06 1.052147858261157e-05 1.059447670466072e-18)
(-1.510679642453025e-06 1.018004154248911e-05 4.737064434151026e-20)
(-1.395989216533837e-06 9.846263082592156e-06 -3.25115258227567e-18)
(-1.21958138060642e-06 9.527792417196373e-06 8.62734760656658e-21)
(-9.991834890072e-07 9.225423467799964e-06 3.207143106678393e-20)
(-7.620073204397905e-07 8.930695558505199e-06 -1.058021965605152e-21)
(-5.45835776231767e-07 8.624444771561206e-06 -7.574305436358756e-22)
(-3.986569464172742e-07 8.277227798632065e-06 -1.501206543362105e-22)
(-3.759186693502769e-07 7.85208698903298e-06 -2.334359823834975e-23)
(-5.350905749641624e-07 7.309188800818777e-06 -2.389003068860957e-24)
(-9.282083965355987e-07 6.611154590061572e-06 8.057008191485931e-24)
(-1.593674648523444e-06 5.728137831277841e-06 6.526932232720455e-23)
(-2.548538673676848e-06 4.642120057470056e-06 2.941371013790025e-22)
(-3.782367973162166e-06 3.349132686375272e-06 -2.144665323176413e-21)
(-5.253816824785421e-06 1.858836990423999e-06 -8.492774444217706e-20)
(-6.890797235805865e-06 1.922606279775203e-07 1.726224030006091e-18)
(-8.594590447953449e-06 -1.621189552362999e-06 -8.491169197165831e-20)
(-1.024756132149185e-05 -3.54675313605303e-06 -2.150916419406034e-21)
(-1.172366500061094e-05 -5.547107325236053e-06 2.946993709967359e-22)
(-1.290067939487645e-05 -7.584745767018385e-06 5.125446875767917e-23)
(-1.367288268196956e-05 -9.623626594568386e-06 -1.488852675372716e-22)
(-1.396265670365387e-05 -1.162962484170613e-05 -1.296617645925545e-21)
(-1.3729297333846e-05 -1.356941294110769e-05 -6.273112822334676e-21)
(-1.297334439583422e-05 -1.540783188741859e-05 -1.154838301397585e-21)
(-1.17353428527563e-05 -1.710468153056375e-05 1.014878332363679e-21)
(-1.008922326941209e-05 -1.86127928909611e-05 8.436855319609278e-21)
(-8.132044820858934e-06 -1.98794097522291e-05 4.683879335775971e-20)
(-5.972614858631379e-06 -2.085138623993815e-05 1.526230194218739e-19)
(-3.720902730424292e-06 -2.148204410801083e-05 6.598608653696384e-18)
(-1.479433124362524e-06 -2.173669949920168e-05 -2.536152882790935e-20)
(6.619069425318439e-07 -2.159662704201448e-05 -6.440419271073743e-21)
(2.626471504105004e-06 -2.106255902475625e-05 -1.118598445333362e-21)
(4.348361814805919e-06 -2.015580888963735e-05 -1.522122816473887e-22)
(5.769661347050994e-06 -1.891597855713267e-05 -1.66993243552936e-23)
(6.839493889628651e-06 -1.739628360027112e-05 -1.392584578286679e-24)
(7.515556519889673e-06 -1.56580528124675e-05 -5.643335975039212e-26)
(7.767414114949467e-06 -1.376515927335774e-05 8.87556379117484e-27)
(7.580358440868219e-06 -1.177821644044851e-05 3.027575415380982e-27)
(6.958841069051695e-06 -9.747915947184473e-06 6.13796657740011e-28)
(5.928870571482621e-06 -7.706821403032083e-06 1.140264320392947e-28)
(4.538999707359107e-06 -5.658933324272e-06 2.25135336580695e-29)
(2.859497707484622e-06 -3.566257955578541e-06 4.584667668908939e-30)
(9.728791843346182e-07 -1.324760502174286e-06 5.626228177224328e-31)
(2.501742045202271e-07 8.243655616303009e-07 2.905781343754381e-22)
(7.312068648682971e-07 2.044191309290549e-06 2.367867873767661e-21)
(1.143977052404964e-06 3.026319848928099e-06 1.23118394571789e-20)
(1.468672449030155e-06 3.850564863612819e-06 -3.295641475034585e-18)
(1.693085779765919e-06 4.561782769782951e-06 1.23078964886612e-20)
(1.814279654539536e-06 5.185915185762025e-06 2.436722493789013e-21)
(1.836672937296667e-06 5.736908722513362e-06 -2.684077372845016e-21)
(1.769944785169142e-06 6.221405398781649e-06 -8.418733470463912e-20)
(1.627099844076722e-06 6.641865560074725e-06 1.787465561304228e-18)
(1.422835442920845e-06 6.998619220363058e-06 -7.553738009230351e-20)
(1.172270376243985e-06 7.291206194805786e-06 -3.32486921791637e-18)
(8.900519659074072e-07 7.519240763870097e-06 1.844746402820757e-20)
(5.898243683678979e-07 7.68295446820842e-06 -3.285774306753219e-18)
(2.840091313393743e-07 7.783527396549965e-06 9.89066199923357e-21)
(-1.617861996916535e-08 7.823274981910515e-06 1.883478391186384e-21)
(-3.005713354066995e-07 7.805746357835179e-06 9.145068210353855e-22)
(-5.59846839083035e-07 7.735767396241963e-06 3.339504275922197e-21)
(-7.853779840723729e-07 7.619441597993032e-06 1.031493208489646e-20)
(-9.692145021754318e-07 7.46410185635646e-06 3.014605053757234e-21)
(-1.104261454334889e-06 7.278181983756508e-06 -2.247480753328452e-21)
(-1.184696433907174e-06 7.070951384695713e-06 -5.541313172634385e-22)
(-1.206648218286138e-06 6.852034474291377e-06 -2.529052818670082e-18)
(-1.169138935082055e-06 6.630620046526366e-06 4.799350018725388e-20)
(-1.075264225733428e-06 6.414292846765443e-06 -2.218642790287357e-18)
(-9.335316624057774e-07 6.20750847948404e-06 8.317721849636247e-20)
(-7.591742531084947e-07 6.009911481925164e-06 -2.280668306057733e-18)
(-5.750988054999693e-07 5.814926678649433e-06 3.470324164546857e-20)
(-4.119773544253302e-07 5.609203037285721e-06 2.579761212780994e-23)
(-3.069793100136638e-07 5.373373090494294e-06 -1.602753748545454e-22)
(-3.008979431815147e-07 5.084147141152595e-06 -2.208100994933587e-23)
(-4.33888470320292e-07 4.717242598931831e-06 -1.668086758922503e-24)
(-7.40423287669804e-07 4.250478050964613e-06 5.149570158206794e-24)
(-1.244156667226789e-06 3.66661241480977e-06 4.14671546288497e-23)
(-1.953304147752624e-06 2.955641618545743e-06 1.775053894927337e-22)
(-2.857120244831118e-06 2.11603068835998e-06 -1.596325650735651e-21)
(-3.924057011617092e-06 1.154562915873917e-06 -5.913267591362256e-20)
(-5.102109154010476e-06 8.500579742746258e-08 -1.227770434534201e-18)
(-6.321643255692712e-06 -1.073867944636987e-06 -5.913939466322745e-20)
(-7.500637638533411e-06 -2.300395519404936e-06 -1.591212695020606e-21)
(-8.551852578257105e-06 -3.571950801511156e-06 1.779337700390975e-22)
(-9.391128050625095e-06 -4.866455939400672e-06 4.123070315510198e-23)
(-9.945784877539617e-06 -6.163216856869052e-06 -8.902446263358871e-24)
(-1.016200037032549e-05 -7.442786224674206e-06 -1.063262393600425e-22)
(-1.001007115757502e-05 -8.685699850788896e-06 -4.347479649934688e-22)
(-9.486758411406983e-06 -9.870333465114393e-06 -4.542702369093879e-23)
(-8.614491312282195e-06 -1.097075306799762e-05 4.630573980082373e-22)
(-7.437909380853501e-06 -1.195582508743817e-05 3.094927623693888e-21)
(-6.018711992855294e-06 -1.279053050747556e-05 1.521254424753771e-20)
(-4.42974220458579e-06 -1.343929479486893e-05 4.616661958747653e-20)
(-2.748916154194075e-06 -1.387008902850313e-05 4.673762375281073e-20)
(-1.053597588040241e-06 -1.405816124028583e-05 -3.713998114025517e-21)
(5.837654853206294e-07 -1.398916409028395e-05 -2.430426648435668e-21)
(2.098058729437836e-06 -1.366169416140017e-05 -5.146752051514611e-22)
(3.432107096805644e-06 -1.308831240856621e-05 -7.670913301476271e-23)
(4.536360830282617e-06 -1.229433920233261e-05 -8.957037451179666e-24)
(5.368721109532716e-06 -1.13147875752715e-05 -7.82587507582211e-25)
(5.895256610730613e-06 -1.019041767205469e-05 -3.036733423078102e-26)
(6.091923279535026e-06 -8.963663078726761e-06 6.64711625087878e-27)
(5.946887250400483e-06 -7.674565250809966e-06 2.246864630364444e-27)
(5.46287158449503e-06 -6.356361722807853e-06 4.597157733655423e-28)
(4.659005957229241e-06 -5.030201475549837e-06 8.006255669780755e-29)
(3.571736812075284e-06 -3.698389055646753e-06 1.322740358376381e-29)
(2.254269258437306e-06 -2.335462762490014e-06 2.211648753229683e-30)
(7.663839939593773e-07 -8.714966429378742e-07 3.041478286343737e-31)
(1.18361541944333e-07 2.846724337575738e-07 -2.278507939978104e-22)
(3.458952678980618e-07 7.073667249231255e-07 -3.71474092047478e-21)
(5.367993580973835e-07 1.048003311761693e-06 -4.775194107826795e-20)
(6.840586324669733e-07 1.333796776823565e-06 -4.636635840507515e-19)
(7.830258113242515e-07 1.580318973430997e-06 -4.77631655101766e-20)
(8.334488996570265e-07 1.796578394008613e-06 -4.002230081833551e-21)
(8.383898501203605e-07 1.987417259436102e-06 -5.558026337262294e-21)
(8.03100200468432e-07 2.155149285627041e-06 -7.381125924842848e-20)
(7.340704665315459e-07 2.300645553612629e-06 2.284031729509036e-18)
(6.38292328712306e-07 2.424042838898989e-06 -1.518028154904669e-19)
(5.227243816475265e-07 2.525203366670259e-06 1.590529187076253e-18)
(3.939423056131038e-07 2.6040111706792e-06 -7.583169849311022e-20)
(2.579517390745214e-07 2.660558671837936e-06 3.920123774154455e-21)
(1.20137345109724e-07 2.695261283985157e-06 2.509720442080855e-21)
(-1.468654317024519e-08 2.708924325822861e-06 5.284937406601398e-22)
(-1.421649997935181e-07 2.702778519287057e-06 1.953989766093411e-22)
(-2.582757908454526e-07 2.678496465063982e-06 5.703478465448643e-22)
(-3.592309913417373e-07 2.638194411861187e-06 1.494668461645305e-21)
(-4.414465971683225e-07 2.584416810574148e-06 3.78400234445549e-22)
(-5.016145952071657e-07 2.520092229812759e-06 -4.533705258193205e-21)
(-5.369056884619271e-07 2.448439847409526e-06 -8.307602061025369e-20)
(-5.453232277917702e-07 2.372796484225684e-06 1.602825964746553e-18)
(-5.2621535224129e-07 2.29633058216244e-06 -3.774063123021259e-20)
(-4.809228699731178e-07 2.22161892325266e-06 -2.669459500932414e-18)
(-4.134862414922717e-07 2.150102135601596e-06 4.598572638562484e-20)
(-3.312582963716035e-07 2.081503842143567e-06 3.704725249881376e-20)
(-2.45200431349098e-07 2.013378882838741e-06 7.518680448464021e-22)
(-1.696351781672835e-07 1.940988889231215e-06 -2.937159629386303e-22)
(-1.213319867623074e-07 1.857634578413951e-06 -5.363106503925191e-23)
(-1.179885011522695e-07 1.75540804780148e-06 -5.964998127252052e-24)
(-1.76328973094757e-07 1.626176965507746e-06 -1.706142585986511e-25)
(-3.100817782076073e-07 1.462595826084523e-06 2.834611384468133e-24)
(-5.280484495335754e-07 1.259024288694953e-06 1.740991670040286e-23)
(-8.324423834340112e-07 1.012257549850475e-06 -4.938108733520363e-23)
(-1.217685887516784e-06 7.219204410145535e-07 -3.475917757845091e-21)
(-1.669853393234267e-06 3.904278773121011e-07 -6.173700710580452e-20)
(-2.166924022180229e-06 2.254604177941329e-08 2.344352946203053e-18)
(-2.679961709124347e-06 -3.752931082687445e-07 -6.174181899845307e-20)
(-3.175230870786799e-06 -7.957449073448578e-07 -3.477193424196483e-21)
(-3.61708495900709e-06 -1.23123675332402e-06 -4.794264827278064e-23)
(-3.971278042477029e-06 -1.674484401802698e-06 1.784545385348973e-23)
(-4.2082285157145e-06 -2.118738941898294e-06 2.669225752205956e-24)
(-4.305747573163116e-06 -2.557666437758097e-06 -5.435018672723802e-24)
(-4.250852319745944e-06 -2.984827696685317e-06 -2.299035970794284e-23)
(-4.040511170642566e-06 -3.392885306017362e-06 7.463385033541662e-24)
(-3.681435104269624e-06 -3.772876756134467e-06 9.679205565221476e-23)
(-3.189185243180834e-06 -4.113979652840653e-06 6.721726642362249e-22)
(-2.586825446143897e-06 -4.404018379683145e-06 5.471876314269918e-21)
(-1.903199120295053e-06 -4.63058890080826e-06 6.379219079105327e-20)
(-1.170868040974594e-06 -4.782424122579717e-06 7.332786606599199e-19)
(-4.238848601383332e-07 -4.850696368593685e-06 5.612984831107363e-20)
(3.042991275083829e-07 -4.830153082751139e-06 2.470924554081352e-21)
(9.824913543613444e-07 -4.720023003412376e-06 9.323699670828327e-24)
(1.582818489986263e-06 -4.524412973930985e-06 -1.200815437447547e-23)
(2.08123209858007e-06 -4.251952111721858e-06 -1.507044487017138e-24)
(2.457693172017161e-06 -3.914753912805438e-06 -8.326860050751741e-26)
(2.69637568300115e-06 -3.527011592286561e-06 1.016338039740772e-26)
(2.786138892143727e-06 -3.103517631983352e-06 4.413903333730439e-27)
(2.721303943480427e-06 -2.658199935651586e-06 9.867079020873285e-28)
(2.502583397821952e-06 -2.202570313550539e-06 1.800567778676049e-28)
(2.137931036656771e-06 -1.743894233704243e-06 2.968897923891443e-29)
(1.64303708840045e-06 -1.28285553089723e-06 4.647462635753561e-30)
(1.040968452133487e-06 -8.104620445057516e-07 7.17940598303231e-31)
(3.531532153193667e-07 -3.025330048127424e-07 9.394783366363594e-32)
)
;

boundaryField
{
    inletLower
    {
        type            fixedValue;
        value           uniform (0.1 0 0);
    }
    inletUpper
    {
        type            fixedValue;
        value           uniform (0.1 0 0);
    }
    outletLower
    {
        type            zeroGradient;
    }
    outletUpper
    {
        type            zeroGradient;
    }
    sideWalls
    {
        type            fixedValue;
        value           uniform (0 0 0);
    }
    topBottomWalls
    {
        type            fixedValue;
        value           uniform (0 0 0);
    }
    frontAndBack
    {
        type            symmetry;
    }
}


// ************************************************************************* //
