case_id,method,simple_steps,rho_residual,rho_u,rho_p,rho_phi,rel_u,rel_p
topology_0290,cold,0,1.0,0.9934555760790903,0.11421916708483618,1.5093338072831849e-05,1.0,1.0
topology_0290,cold,5,5.360310925418875,5.3599924429114,0.058430627271789465,0.0003014867569453377,0.7335044267190814,0.6453313008747122
topology_0290,cold,10,2.147733799248431,2.147360183928715,0.04005864018634293,0.00013512274129944728,0.5859342329714555,0.5699863341247947
topology_0290,cold,15,0.953797602632736,0.9535728261344506,0.020705770639608982,5.575062335149455e-05,0.5103548010152261,0.5944380329882063
topology_0290,cold,20,0.6189565973507528,0.6188266237683528,0.01268377444057443,3.139146293070024e-05,0.4589350905125553,0.6020600453393694
topology_0290,cold,25,0.4260444010714261,0.4259375613802783,0.009540699837133269,2.3159221975831413e-05,0.4222010171410047,0.6028984442608399
topology_0290,cold,30,0.3249407218822197,0.32484431269951697,0.007914852710656615,1.872658845234862e-05,0.3954988462496191,0.6032050515595708
topology_0290,cold,35,0.26268915048784097,0.2626012895182436,0.006793545952578082,1.614835469120002e-05,0.37539141108728064,0.6029177725895929
topology_0290,cold,40,0.21795746721046744,0.2178762310611825,0.005950230819883392,1.4302667867319804e-05,0.35978684348159734,0.6015156753256526
topology_0290,cold,45,0.1846050258014703,0.18452910990384896,0.005293673885995847,1.288578507657905e-05,0.3473147504693357,0.5991125432984398
topology_0290,cold,50,0.15921676611753968,0.1591454775277966,0.004763974909049159,1.1766175042874207e-05,0.3370357972048269,0.5961634730951657
topology_0290,cold,55,0.1395296193481597,0.1394624415781042,0.0043291969983726706,1.0856586970684122e-05,0.3283257401266686,0.5929025384369798
topology_0290,cold,60,0.12407280913372006,0.12400941235950179,0.003965792549797721,1.0101264286404436e-05,0.32076220460255767,0.5894787976524299
topology_0290,cold,65,0.11178749048486118,0.11172764219695165,0.0036574456205548302,9.46285154570612e-06,0.3140538537802505,0.585976750245914
topology_0290,cold,70,0.10190675369089856,0.10185026557210652,0.003392605375087935,8.915030300342107e-06,0.30799734252778205,0.5824467534099805
topology_0290,cold,75,0.09386921128526493,0.09381591509164687,0.003162725346630723,8.438980632598419e-06,0.30244849492636106,0.5789213455377931
topology_0290,cold,80,0.08725409982337955,0.08720383146703901,0.0029613593370847575,8.020797802714123e-06,0.2973034312483701,0.5754207619723436
topology_0290,cold,85,0.0817432741001658,0.08169586661709337,0.002783555240131213,7.649971462477858e-06,0.2924860963920046,0.5719575715858373
topology_0290,cold,90,0.07709513651743127,0.07705041892436972,0.002625445611943052,7.318416716032743e-06,0.28793988462264836,0.5685393880177436
topology_0290,cold,95,0.07312566410302727,0.07308346327303608,0.002483968045233764,7.01981594755332e-06,0.28362196392885586,0.5651705805137003
topology_0290,cold,100,0.06969434790288387,0.06965449156887878,0.002356668907161613,6.749165178721598e-06,0.2794993953546235,0.5618534524495548
topology_0290,cold,105,0.06669355313118605,0.06665587304513497,0.00224155650639959,6.502446002135271e-06,0.2755464493766157,0.5585889555575578
topology_0290,cold,110,0.06404053354204793,0.06400486803441335,0.002136999030029615,6.276396372773495e-06,0.2717427241620916,0.5553771670474074
topology_0290,cold,115,0.06167133535420927,0.061637531187809284,0.0020416455663162907,6.068337720612158e-06,0.2680718130753884,0.5522176013936704
topology_0290,cold,120,0.0595362281099718,0.059504141645518115,0.001954366921737064,5.876047563494289e-06,0.2645203467274296,0.5491094142926143
topology_0290,cold,125,0.057596255705761434,0.05756575346606673,0.0018742109657415254,5.697664254961364e-06,0.26107729598802065,0.546051537839544
topology_0290,cold,130,0.05582065716015446,0.05579161593572866,0.0018003684269874344,5.531614542006888e-06,0.25773345783175305,0.5430427697618088
topology_0290,cold,135,0.05418493630591224,0.05415724293535199,0.0017321464169206204,5.3765586820659815e-06,0.2544810699557872,0.5400818334079591
topology_0290,cold,140,0.052669393106089105,0.052642944038225684,0.0016689475081600711,5.231347066396639e-06,0.25131351960829984,0.5371674182519839
topology_0290,cold,145,0.05125804272613833,0.05123274346827033,0.001610253045375458,5.09498624795029e-06,0.24822512065799965,0.5342982061786467
topology_0290,cold,150,0.04993778990415551,0.049913554384575905,0.0015556106654015854,4.9666132590605094e-06,0.2452109405867909,0.5314728901406767
topology_0290,cold,155,0.04869781016917166,0.048674560070345804,0.001504624123278445,4.8454747227122726e-06,0.24226666510736555,0.5286901861111292
topology_0290,cold,160,0.04752907541153544,0.04750673951985129,0.0014569445037179362,4.730909824885134e-06,0.2393884912123066,0.5259488407051612
topology_0290,cold,165,0.046423991139774655,0.046402504725981696,0.0014122631253178012,4.622335990330919e-06,0.23657304170996998,0.5232476362865596
topology_0290,cold,170,0.045376118704804784,0.04535542291755005,0.0013703066296253039,4.51923842806578e-06,0.23381729663896245,0.5205853938395634
topology_0290,cold,175,0.04437995461800241,0.04435999592951438,0.001330831876219496,4.421160391393152e-06,0.23111853772777488,0.5179609746189909
topology_0290,cold,180,0.04343076374003055,0.04341149343525438,0.0012936220600588179,4.327695441317068e-06,0.22847430353799253,0.5153732808148053
topology_0290,cold,185,0.042524445822844203,0.0425058195316739,0.001258483419064478,4.2384809689591316e-06,0.2258823522224043,0.5128212554202018
topology_0290,cold,190,0.04165742855956963,0.041639405833689594,0.0012252423286590085,4.153192397054369e-06,0.22334063093143364,0.5103038815173201
topology_0290,cold,195,0.04082658066639582,0.04080912459435553,0.0011937429265408688,4.071538511486171e-06,0.22084725046264767,0.5078201813982873
topology_0290,cold,200,0.04002914382476202,0.04001222068084541,0.0011638451721360894,3.993257676934203e-06,0.21840046417602976,0.5053692155541734
topology_0290,cold,205,0.03926268126610349,0.03924626019910356,0.001135422932776606,3.918114178334076e-06,0.21599865029783807,0.5029500813954179
topology_0290,cold,210,0.038525026442941285,0.03850907919326821,0.001108362452004223,3.845895162340693e-06,0.21364029575364446,0.5005619125573956
topology_0290,cold,215,0.03781422341812137,0.03779872405436569,0.001082560998862605,3.776407847981654e-06,0.21132398637967661,0.49820387595504234
topology_0290,cold,220,0.037128536776254245,0.037113461474576746,0.0010579256876298152,3.709477846696236e-06,0.20904839553422558,0.4958751709324754
topology_0290,cold,225,0.03646640341377224,0.03645173025437554,0.0010343723278337202,3.6449465378799437e-06,0.20681227388295734,0.4935750285779336
topology_0290,cold,230,0.03582641022642995,0.03581211900785369,0.0010118246114059009,3.5826695870549664e-06,0.2046144418530189,0.4913027097924298
topology_0290,cold,235,0.03520727530377819,0.03519334737818045,0.0009902132228135992,3.522515334360923e-06,0.2024537830316455,0.48905750405138926
topology_0290,cold,240,0.03460783301642038,0.03459425114083644,0.0009694751649006732,3.4643635352542177e-06,0.2003292384105708,0.4868387281237875
topology_0290,cold,245,0.03402701978150531,0.034013767985349525,0.0009495530709721841,3.408104091896073e-06,0.19823980137837285,0.48464572480777757
topology_0290,cold,250,0.033463863326854255,0.03345092678966628,0.0009303947677690702,3.3536362335337193e-06,0.19618451328742592,0.48247786159010897
topology_0290,cold,255,0.03291746485501793,0.03290482980383984,0.0009119523923709034,3.3008669672733944e-06,0.1941624596479201,0.48033452958051104
topology_0290,cold,260,0.03238698691974526,0.03237464054741054,0.0008941815280418901,3.249710803694224e-06,0.19217276817344298,0.47821514129353754
topology_0290,cold,265,0.03187171025131133,0.03185964060736645,0.0008770430276931515,3.2000883676601986e-06,0.1902146027130392,0.47611913075892187
topology_0290,cold,270,0.03137091984413535,0.03135911575148705,0.0008605005620901053,3.151927150502752e-06,0.18828716136226528,0.47404595470427124
topology_0290,cold,275,0.030883958633699367,0.030872409636216788,0.0008445202778292702,3.1051598578208684e-06,0.18638967581643226,0.4719950887964349
topology_0290,cold,280,0.030410205938707857,0.030398902231638047,0.0008290711573951779,3.0597237173371433e-06,0.18452140963251618,0.4699660267428362
topology_0290,cold,285,0.029949123079275396,0.029938055466879696,0.0008141246747374972,3.0155605108244143e-06,0.18268165466631275,0.467958279112374
topology_0290,cold,290,0.029500181266624854,0.029489341100093394,0.0007996545564319162,2.972615853774641e-06,0.180869728220293,0.4659713737777382
topology_0290,cold,295,0.029062885429244532,0.029052264559948335,0.0007856365714158561,2.9308390712547358e-06,0.17908497333450177,0.4640048555756158
topology_0290,cold,300,0.028636772435797975,0.028626363174271724,0.0007720483153418885,2.8901828131405487e-06,0.17732675734574666,0.4620582843494637
topology_0290,cold,305,0.028221410558484577,0.028211205641097626,0.0007588689348703467,2.8506026405379995e-06,0.17559447026402958,0.46013123440773507
topology_0290,cold,310,0.0278163924226411,0.027806384974756366,0.0007460791769946817,2.81205695668479e-06,0.17388752344888173,0.45822329414977114
topology_0290,cold,315,0.027421334333067905,0.027411517839032052,0.0007336611400562409,2.774506659389452e-06,0.17220534859640035,0.45633406533239684
topology_0290,cold,320,0.02703587395443209,0.027026242231380452,0.0007215981114929739,2.737914836314163e-06,0.17054739671971975,0.4544631624957791
topology_0290,cold,325,0.02665966897707242,0.0266502161489958,0.0007098745500044837,2.7022467488029477e-06,0.16891313718085488,0.4526102124239927
topology_0290,cold,330,0.02629239563118209,0.02628311610671633,0.0006984759352174757,2.6674695723492736e-06,0.1673020568184878,0.450774853617344
topology_0290,cold,335,0.02593374701842667,0.025924635470208894,0.0006873886942214808,2.6335522493406233e-06,0.16571365907830277,0.4489567358056926
topology_0290,cold,340,0.025583431909306655,0.02557448325542819,0.0006766001134593864,2.6004653572262683e-06,0.1641474632769048,0.44715551941104353
topology_0290,cold,345,0.025241173295697895,0.025232382682632885,0.0006660982698271522,2.5681809416334274e-06,0.16260300386225182,0.44537087528807145
topology_0290,cold,350,0.02490670842886214,0.024898071211361353,0.0006558721518882156,2.5366727719644764e-06,0.1610798297893562,0.44360248408432007
topology_0290,cold,355,0.024579786385908173,0.024571298124735606,0.0006459109556514413,2.5059152487425784e-06,0.15957750383879732,0.441850035854136
topology_0290,cold,360,0.024260167506118424,0.024251823947017293,0.0006362047923423746,2.4758843407608446e-06,0.15809560203064785,0.4401132296908361
topology_0290,cold,365,0.02394762294131067,0.02393942000381806,0.0006267443133710207,2.4465571281325542e-06,0.1566337130911292,0.4383917735421074
topology_0290,cold,370,0.023641934785067084,0.02363386855214537,0.0006175206838496733,2.4179117128699976e-06,0.15519143796186366,0.4366853837072584
topology_0290,cold,375,0.023342894224346097,0.023334960929970765,0.0006085256395553011,2.3899271846504672e-06,0.1537683892289711,0.4349937844899009
topology_0290,cold,380,0.02305030248220636,0.02304249851122511,0.0005997510313425232,2.3625834815636e-06,0.15236419064261794,0.43331670794685656
topology_0290,cold,385,0.02276396808371947,0.02275628995395416,0.0005911894720943717,2.335861384033198e-06,0.15097847664769198,0.43165389352098643
topology_0290,cold,390,0.022483707789723185,0.02247615214902021,0.000582833778055715,2.3097425829758796e-06,0.14961089203523978,0.430005087810774
topology_0290,cold,395,0.02220934555115439,0.022201909166212307,0.0005746772731088106,2.2842092298257394e-06,0.14826109153823333,0.4283700443103309
topology_0290,cold,400,0.02194071201051438,0.02193339176434187,0.0005667134514414252,2.259244425081662e-06,0.14692873947383048,0.42674852321336887
topology_0290,cold,405,0.02167764485653156,0.021670437741887923,0.0005589361380295828,2.2348318506685605e-06,0.14561350935544784,0.42514029103663453
topology_0290,cold,410,0.021419988055437007,0.021412891168864412,0.0005513394572375307,2.210955779183359e-06,0.14431508352683836,0.4235451204367218
topology_0290,cold,415,0.021167590104940504,0.021160600640100162,0.0005439178388040633,2.1876010831977596e-06,0.14303315286090834,0.42196278999924813
topology_0290,cold,420,0.020920307216617685,0.02091342246091726,0.000536665932132095,2.1647531999151405e-06,0.14176741667996237,0.4203930839347222
topology_0290,cold,425,0.0206780022638615,0.02067121959706371,0.0005295785157662017,2.1423980807679127e-06,0.14051758185520885,0.4188357919513093
topology_0290,cold,430,0.02044053992719537,0.020433856812924377,0.000522650712769065,2.1205221382250413e-06,0.13928336286902723,0.4172907094026505
topology_0290,cold,435,0.02020779044906082,0.020201204432012527,0.0005158778178200246,2.099112266743583e-06,0.13806448165200752,0.4157576365131608
topology_0290,cold,440,0.01997962907423076,0.019973137776646225,0.0005092553192879984,2.078155826113243e-06,0.1368606672452889,0.41423637850115036
topology_0290,cold,445,0.019755935342372164,0.019749536460733727,0.0005027788820681927,2.057640590824497e-06,0.1356716555364549,0.41272674539459975
topology_0290,cold,450,0.019536592625134658,0.019530283926967613,0.000496444338135843,2.037554734945934e-06,0.1344971890422821,0.41122855184577717
topology_0290,cold,455,0.01932148825123649,0.019315267572194886,0.0004902476775256341,2.017886825834833e-06,0.1333370167347045,0.4097416169661481
topology_0290,cold,460,0.019110514415410885,0.019104379656550076,0.00048418505296824333,1.9986258028462935e-06,0.1321908937149134,0.40826576417977833
topology_0290,cold,465,0.018903566172285235,0.018897515297395806,0.000478252752427811,1.9797609572918556e-06,0.13105858100058193,0.4068008211569789
topology_0290,cold,470,0.01870054192593158,0.018694572958882678,0.0004724472054210422,1.961281922622337e-06,0.129939845385495,0.4053466196147581
topology_0290,cold,475,0.018501344189509022,0.018495455212619645,0.0004667649523230648,1.94317860572271e-06,0.1288344592251016,0.4039029951385715
topology_0290,cold,480,0.018305877761900492,0.01830006691360493,0.00046120264949496136,1.9254412730375226e-06,0.1277422001589924,0.4024697869177479
topology_0290,cold,485,0.018114049872746806,0.018108315344734977,0.00045575709242943866,1.9080604812567604e-06,0.12666285115429596,0.4010468381862891
topology_0290,cold,490,0.01792577099546473,0.017920111030558756,0.00045042519723885335,1.8910270702919506e-06,0.125596200307741,0.3996339957178268
topology_0290,cold,495,0.017740954680510384,0.01773536757147944,0.0004452039614805104,1.8743321421417157e-06,0.12454204063761913,0.3982311096811069
topology_0290,cold,500,0.017559517272766792,0.017554001360500435,0.0004400904862667346,1.857967071391824e-06,0.12350016990420495,0.3968380335662349
topology_0290,cold,505,0.017381377717188253,0.017375931388964448,0.0004350819703069748,1.8419234874740838e-06,0.1224703904537668,0.395454624088119
topology_0290,cold,510,0.01720645733687202,0.01720107902455289,0.00043017571026455787,1.8261932656325996e-06,0.12145250908483027,0.39408074116532493
topology_0290,cold,515,0.017034679874173203,0.017029368053128494,0.0004253690724132598,1.8107684870543433e-06,0.12044633690615794,0.39271624770929614
topology_0290,cold,520,0.016865971352104346,0.016860724539693114,0.0004206595087082415,1.7956414999565711e-06,0.119451689200784,0.3913610096080715
topology_0290,cold,525,0.016700251226744813,0.01669506797809451,0.0004160445552212367,1.780804819504612e-06,0.11846838575558719,0.3900148955499735
topology_0290,cold,530,0.016537461377582042,0.01653234029047406,0.0004115218285122763,1.7662512694219671e-06,0.11749625037533785,0.38867777690116306
topology_0290,cold,535,0.01637753330407403,0.01637247301364945,0.00040708902461539855,1.751973778667983e-06,0.11653510980624061,0.3873495280255418
topology_0290,cold,540,0.016220400511430262,0.016215399689208234,0.0004027439011437537,1.7379655112096975e-06,0.11558479460910247,0.38603002596301556
topology_0290,cold,545,0.016065998456043274,0.016061055808760216,0.00039848428393169196,1.7242198147161713e-06,0.1146451390330864,0.38471915027558634
topology_0290,cold,550,0.01591426452628441,0.01590937879475948,0.0003943080658748296,1.7107302228775587e-06,0.11371598092200026,0.3834167829541508
topology_0290,cold,555,0.015765138808671232,0.015760308767520402,0.0003902131822700867,1.6974904678757148e-06,0.1127971615138977,0.3821228083983716
topology_0290,cold,560,0.015618562078513497,0.015613786534111962,0.0003861976567024947,1.6844944040666216e-06,0.11188852534465661,0.38083711355116806
topology_0290,cold,565,0.015474477283127362,0.015469755073226246,0.00038225955280930037,1.6717361047812665e-06,0.11098992021409602,0.37955958748255436
topology_0290,cold,570,0.015332828918324094,0.015328158910940961,0.00037839699597077626,1.6592097805776126e-06,0.1101011970396405,0.37829012151699143
topology_0290,cold,575,0.015193563012600943,0.015188944105206676,0.0003746081612445024,1.6469098010179803e-06,0.10922220977668766,0.377028609146686
topology_0290,cold,580,0.015056627086445732,0.015052058205049127,0.0003708912771060576,1.6348306891665822e-06,0.10835281533344401,0.37577494597663286
topology_0290,cold,585,0.01492197007837682,0.014917450176672842,0.0003672446220630161,1.622967117866771e-06,0.10749287348654946,0.37452902966664714
topology_0290,cold,590,0.014789542291980685,0.01478507035059845,0.00036366652005292386,1.6113138935222981e-06,0.10664224680469377,0.3732907598821853
topology_0290,cold,595,0.014659295370453473,0.014654870396049862,0.00036015534649480753,1.5998659765416494e-06,0.10580080057165643,0.37206003823890116
topology_0290,cold,600,0.014531182238305507,0.01452680326301944,0.00035670951299984294,1.588618440104402e-06,0.10496840271546565,0.37083676825108974
topology_0290,cold,605,0.014405157057499974,0.014400823138100259,0.00035332747937487,1.577566500895544e-06,0.10414492373416398,0.36962085528199534
topology_0290,cold,610,0.014281175188085343,0.014276885405246378,0.0003500077480303749,1.5667055043702125e-06,0.10333023663160083,0.3684122065023732
topology_0290,cold,615,0.01415919321482381,0.014154946672364013,0.00034674886591214404,1.5560309265874847e-06,0.10252421684742259,0.36721073084269074
topology_0290,cold,616,0.014135032972382132,0.014130794972308517,0.00034610427077580273,1.5539179997782168e-06,0.10236404217526154,0.3669712885928205
topology_0290,teacher_k20,0,0.6189565973507528,0.6188266237683528,0.01268377444057443,3.139146293070024e-05,0.4589350905125553,0.6020600453393694
topology_0290,teacher_k20,5,0.4260444010714261,0.4259375613802783,0.009540699837133269,2.3159221975831413e-05,0.4222010171410047,0.6028984442608399
topology_0290,teacher_k20,10,0.3249407218822197,0.32484431269951697,0.007914852710656615,1.872658845234862e-05,0.3954988462496191,0.6032050515595708
topology_0290,teacher_k20,15,0.26268915048784097,0.2626012895182436,0.006793545952578082,1.614835469120002e-05,0.37539141108728064,0.6029177725895929
topology_0290,teacher_k20,20,0.21795746721046744,0.2178762310611825,0.005950230819883392,1.4302667867319804e-05,0.35978684348159734,0.6015156753256526
topology_0290,teacher_k20,25,0.1846050258014703,0.18452910990384896,0.005293673885995847,1.288578507657905e-05,0.3473147504693357,0.5991125432984398
topology_0290,teacher_k20,30,0.15921676611753968,0.1591454775277966,0.004763974909049159,1.1766175042874207e-05,0.3370357972048269,0.5961634730951657
topology_0290,teacher_k20,35,0.1395296193481597,0.1394624415781042,0.0043291969983726706,1.0856586970684122e-05,0.3283257401266686,0.5929025384369798
topology_0290,teacher_k20,40,0.12407280913372006,0.12400941235950179,0.003965792549797721,1.0101264286404436e-05,0.32076220460255767,0.5894787976524299
topology_0290,teacher_k20,45,0.11178749048486118,0.11172764219695165,0.0036574456205548302,9.46285154570612e-06,0.3140538537802505,0.585976750245914
topology_0290,teacher_k20,50,0.10190675369089856,0.10185026557210652,0.003392605375087935,8.915030300342107e-06,0.30799734252778205,0.5824467534099805
topology_0290,teacher_k20,55,0.09386921128526493,0.09381591509164687,0.003162725346630723,8.438980632598419e-06,0.30244849492636106,0.5789213455377931
topology_0290,teacher_k20,60,0.08725409982337955,0.08720383146703901,0.0029613593370847575,8.020797802714123e-06,0.2973034312483701,0.5754207619723436
topology_0290,teacher_k20,65,0.0817432741001658,0.08169586661709337,0.002783555240131213,7.649971462477858e-06,0.2924860963920046,0.5719575715858373
topology_0290,teacher_k20,70,0.07709513651743127,0.07705041892436972,0.002625445611943052,7.318416716032743e-06,0.28793988462264836,0.5685393880177436
topology_0290,teacher_k20,75,0.07312566410302727,0.07308346327303608,0.002483968045233764,7.01981594755332e-06,0.28362196392885586,0.5651705805137003
topology_0290,teacher_k20,80,0.06969434790288387,0.06965449156887878,0.002356668907161613,6.749165178721598e-06,0.2794993953546235,0.5618534524495548
topology_0290,teacher_k20,85,0.06669355313118605,0.06665587304513497,0.00224155650639959,6.502446002135271e-06,0.2755464493766157,0.5585889555575578
topology_0290,teacher_k20,90,0.06404053354204793,0.06400486803441335,0.002136999030029615,6.276396372773495e-06,0.2717427241620916,0.5553771670474074
topology_0290,teacher_k20,95,0.06167133535420927,0.061637531187809284,0.0020416455663162907,6.068337720612158e-06,0.2680718130753884,0.5522176013936704
topology_0290,teacher_k20,100,0.0595362281099718,0.059504141645518115,0.001954366921737064,5.876047563494289e-06,0.2645203467274296,0.5491094142926143
topology_0290,teacher_k20,105,0.057596255705761434,0.05756575346606673,0.0018742109657415254,5.697664254961364e-06,0.26107729598802065,0.546051537839544
topology_0290,teacher_k20,110,0.05582065716015446,0.05579161593572866,0.0018003684269874344,5.531614542006888e-06,0.25773345783175305,0.5430427697618088
topology_0290,teacher_k20,115,0.05418493630591224,0.05415724293535199,0.0017321464169206204,5.3765586820659815e-06,0.2544810699557872,0.5400818334079591
topology_0290,teacher_k20,120,0.052669393106089105,0.052642944038225684,0.0016689475081600711,5.231347066396639e-06,0.25131351960829984,0.5371674182519839
topology_0290,teacher_k20,125,0.05125804272613833,0.05123274346827033,0.001610253045375458,5.09498624795029e-06,0.24822512065799965,0.5342982061786467
topology_0290,teacher_k20,130,0.04993778990415551,0.049913554384575905,0.0015556106654015854,4.9666132590605094e-06,0.2452109405867909,0.5314728901406767
topology_0290,teacher_k20,135,0.04869781016917166,0.048674560070345804,0.001504624123278445,4.8454747227122726e-06,0.24226666510736555,0.5286901861111292
topology_0290,teacher_k20,140,0.04752907541153544,0.04750673951985129,0.0014569445037179362,4.730909824885134e-06,0.2393884912123066,0.5259488407051612
topology_0290,teacher_k20,145,0.046423991139774655,0.046402504725981696,0.0014122631253178012,4.622335990330919e-06,0.23657304170996998,0.5232476362865596
topology_0290,teacher_k20,150,0.045376118704804784,0.04535542291755005,0.0013703066296253039,4.51923842806578e-06,0.23381729663896245,0.5205853938395634
topology_0290,teacher_k20,155,0.04437995461800241,0.04435999592951438,0.001330831876219496,4.421160391393152e-06,0.23111853772777488,0.5179609746189909
topology_0290,teacher_k20,160,0.04343076374003055,0.04341149343525438,0.0012936220600588179,4.327695441317068e-06,0.22847430353799253,0.5153732808148053
topology_0290,teacher_k20,165,0.042524445822844203,0.0425058195316739,0.001258483419064478,4.2384809689591316e-06,0.2258823522224043,0.5128212554202018
topology_0290,teacher_k20,170,0.04165742855956963,0.041639405833689594,0.0012252423286590085,4.153192397054369e-06,0.22334063093143364,0.5103038815173201
topology_0290,teacher_k20,175,0.04082658066639582,0.04080912459435553,0.0011937429265408688,4.071538511486171e-06,0.22084725046264767,0.5078201813982873
topology_0290,teacher_k20,180,0.04002914382476202,0.04001222068084541,0.0011638451721360894,3.993257676934203e-06,0.21840046417602976,0.5053692155541734
topology_0290,teacher_k20,185,0.03926268126610349,0.03924626019910356,0.001135422932776606,3.918114178334076e-06,0.21599865029783807,0.5029500813954179
topology_0290,teacher_k20,190,0.038525026442941285,0.03850907919326821,0.001108362452004223,3.845895162340693e-06,0.21364029575364446,0.5005619125573956
topology_0290,teacher_k20,195,0.03781422341812137,0.03779872405436569,0.001082560998862605,3.776407847981654e-06,0.21132398637967661,0.49820387595504234
topology_0290,teacher_k20,200,0.037128536776254245,0.037113461474576746,0.0010579256876298152,3.709477846696236e-06,0.20904839553422558,0.4958751709324754
topology_0290,teacher_k20,205,0.03646640341377224,0.03645173025437554,0.0010343723278337202,3.6449465378799437e-06,0.20681227388295734,0.4935750285779336
topology_0290,teacher_k20,210,0.03582641022642995,0.03581211900785369,0.0010118246114059009,3.5826695870549664e-06,0.2046144418530189,0.4913027097924298
topology_0290,teacher_k20,215,0.03520727530377819,0.03519334737818045,0.0009902132228135992,3.522515334360923e-06,0.2024537830316455,0.48905750405138926
topology_0290,teacher_k20,220,0.03460783301642038,0.03459425114083644,0.0009694751649006732,3.4643635352542177e-06,0.2003292384105708,0.4868387281237875
topology_0290,teacher_k20,225,0.03402701978150531,0.034013767985349525,0.0009495530709721841,3.408104091896073e-06,0.19823980137837285,0.48464572480777757
topology_0290,teacher_k20,230,0.033463863326854255,0.03345092678966628,0.0009303947677690702,3.3536362335337193e-06,0.19618451328742592,0.48247786159010897
topology_0290,teacher_k20,235,0.03291746485501793,0.03290482980383984,0.0009119523923709034,3.3008669672733944e-06,0.1941624596479201,0.48033452958051104
topology_0290,teacher_k20,240,0.03238698691974526,0.03237464054741054,0.0008941815280418901,3.249710803694224e-06,0.19217276817344298,0.47821514129353754
topology_0290,teacher_k20,245,0.03187171025131133,0.03185964060736645,0.0008770430276931515,3.2000883676601986e-06,0.1902146027130392,0.47611913075892187
topology_0290,teacher_k20,250,0.03137091984413535,0.03135911575148705,0.0008605005620901053,3.151927150502752e-06,0.18828716136226528,0.47404595470427124
topology_0290,teacher_k20,255,0.030883958633699367,0.030872409636216788,0.0008445202778292702,3.1051598578208684e-06,0.18638967581643226,0.4719950887964349
topology_0290,teacher_k20,260,0.030410205938707857,0.030398902231638047,0.0008290711573951779,3.0597237173371433e-06,0.18452140963251618,0.4699660267428362
topology_0290,teacher_k20,265,0.029949123079275396,0.029938055466879696,0.0008141246747374972,3.0155605108244143e-06,0.18268165466631275,0.467958279112374
topology_0290,teacher_k20,270,0.029500181266624854,0.029489341100093394,0.0007996545564319162,2.972615853774641e-06,0.180869728220293,0.4659713737777382
topology_0290,teacher_k20,275,0.029062885429244532,0.029052264559948335,0.0007856365714158561,2.9308390712547358e-06,0.17908497333450177,0.4640048555756158
topology_0290,teacher_k20,280,0.028636772435797975,0.028626363174271724,0.0007720483153418885,2.8901828131405487e-06,0.17732675734574666,0.4620582843494637
topology_0290,teacher_k20,285,0.028221410558484577,0.028211205641097626,0.0007588689348703467,2.8506026405379995e-06,0.17559447026402958,0.46013123440773507
topology_0290,teacher_k20,290,0.0278163924226411,0.027806384974756366,0.0007460791769946817,2.81205695668479e-06,0.17388752344888173,0.45822329414977114
topology_0290,teacher_k20,295,0.027421334333067905,0.027411517839032052,0.0007336611400562409,2.774506659389452e-06,0.17220534859640035,0.45633406533239684
topology_0290,teacher_k20,300,0.02703587395443209,0.027026242231380452,0.0007215981114929739,2.737914836314163e-06,0.17054739671971975,0.4544631624957791
topology_0290,teacher_k20,305,0.02665966897707242,0.0266502161489958,0.0007098745500044837,2.7022467488029477e-06,0.16891313718085488,0.4526102124239927
topology_0290,teacher_k20,310,0.02629239563118209,0.02628311610671633,0.0006984759352174757,2.6674695723492736e-06,0.1673020568184878,0.450774853617344
topology_0290,teacher_k20,315,0.02593374701842667,0.025924635470208894,0.0006873886942214808,2.6335522493406233e-06,0.16571365907830277,0.4489567358056926
topology_0290,teacher_k20,320,0.025583431909306655,0.02557448325542819,0.0006766001134593864,2.6004653572262683e-06,0.1641474632769048,0.44715551941104353
topology_0290,teacher_k20,325,0.025241173295697895,0.025232382682632885,0.0006660982698271522,2.5681809416334274e-06,0.16260300386225182,0.44537087528807145
topology_0290,teacher_k20,330,0.02490670842886214,0.024898071211361353,0.0006558721518882156,2.5366727719644764e-06,0.1610798297893562,0.44360248408432007
topology_0290,teacher_k20,335,0.024579786385908173,0.024571298124735606,0.0006459109556514413,2.5059152487425784e-06,0.15957750383879732,0.441850035854136
topology_0290,teacher_k20,340,0.024260167506118424,0.024251823947017293,0.0006362047923423746,2.4758843407608446e-06,0.15809560203064785,0.4401132296908361
topology_0290,teacher_k20,345,0.02394762294131067,0.02393942000381806,0.0006267443133710207,2.4465571281325542e-06,0.1566337130911292,0.4383917735421074
topology_0290,teacher_k20,350,0.023641934785067084,0.02363386855214537,0.0006175206838496733,2.4179117128699976e-06,0.15519143796186366,0.4366853837072584
topology_0290,teacher_k20,355,0.023342894224346097,0.023334960929970765,0.0006085256395553011,2.3899271846504672e-06,0.1537683892289711,0.4349937844899009
topology_0290,teacher_k20,360,0.02305030248220636,0.02304249851122511,0.0005997510313425232,2.3625834815636e-06,0.15236419064261794,0.43331670794685656
topology_0290,teacher_k20,365,0.02276396808371947,0.02275628995395416,0.0005911894720943717,2.335861384033198e-06,0.15097847664769198,0.43165389352098643
topology_0290,teacher_k20,370,0.022483707789723185,0.02247615214902021,0.000582833778055715,2.3097425829758796e-06,0.14961089203523978,0.430005087810774
topology_0290,teacher_k20,375,0.02220934555115439,0.022201909166212307,0.0005746772731088106,2.2842092298257394e-06,0.14826109153823333,0.4283700443103309
topology_0290,teacher_k20,380,0.02194071201051438,0.02193339176434187,0.0005667134514414252,2.259244425081662e-06,0.14692873947383048,0.42674852321336887
topology_0290,teacher_k20,385,0.02167764485653156,0.021670437741887923,0.0005589361380295828,2.2348318506685605e-06,0.14561350935544784,0.42514029103663453
topology_0290,teacher_k20,390,0.021419988055437007,0.021412891168864412,0.0005513394572375307,2.210955779183359e-06,0.14431508352683836,0.4235451204367218
topology_0290,teacher_k20,395,0.021167590104940504,0.021160600640100162,0.0005439178388040633,2.1876010831977596e-06,0.14303315286090834,0.42196278999924813
topology_0290,teacher_k20,400,0.020920307216617685,0.02091342246091726,0.000536665932132095,2.1647531999151405e-06,0.14176741667996237,0.4203930839347222
topology_0290,teacher_k20,405,0.0206780022638615,0.02067121959706371,0.0005295785157662017,2.1423980807679127e-06,0.14051758185520885,0.4188357919513093
topology_0290,teacher_k20,410,0.02044053992719537,0.020433856812924377,0.000522650712769065,2.1205221382250413e-06,0.13928336286902723,0.4172907094026505
topology_0290,teacher_k20,415,0.02020779044906082,0.020201204432012527,0.0005158778178200246,2.099112266743583e-06,0.13806448165200752,0.4157576365131608
topology_0290,teacher_k20,420,0.01997962907423076,0.019973137776646225,0.0005092553192879984,2.078155826113243e-06,0.1368606672452889,0.41423637850115036
topology_0290,teacher_k20,425,0.019755935342372164,0.019749536460733727,0.0005027788820681927,2.057640590824497e-06,0.1356716555364549,0.41272674539459975
topology_0290,teacher_k20,430,0.019536592625134658,0.019530283926967613,0.000496444338135843,2.037554734945934e-06,0.1344971890422821,0.41122855184577717
topology_0290,teacher_k20,435,0.01932148825123649,0.019315267572194886,0.0004902476775256341,2.017886825834833e-06,0.1333370167347045,0.4097416169661481
topology_0290,teacher_k20,440,0.019110514415410885,0.019104379656550076,0.00048418505296824333,1.9986258028462935e-06,0.1321908937149134,0.40826576417977833
topology_0290,teacher_k20,445,0.018903566172285235,0.018897515297395806,0.000478252752427811,1.9797609572918556e-06,0.13105858100058193,0.4068008211569789
topology_0290,teacher_k20,450,0.01870054192593158,0.018694572958882678,0.0004724472054210422,1.961281922622337e-06,0.129939845385495,0.4053466196147581
topology_0290,teacher_k20,455,0.018501344189509022,0.018495455212619645,0.0004667649523230648,1.94317860572271e-06,0.1288344592251016,0.4039029951385715
topology_0290,teacher_k20,460,0.018305877761900492,0.01830006691360493,0.00046120264949496136,1.9254412730375226e-06,0.1277422001589924,0.4024697869177479
topology_0290,teacher_k20,465,0.018114049872746806,0.018108315344734977,0.00045575709242943866,1.9080604812567604e-06,0.12666285115429596,0.4010468381862891
topology_0290,teacher_k20,470,0.01792577099546473,0.017920111030558756,0.00045042519723885335,1.8910270702919506e-06,0.125596200307741,0.3996339957178268
topology_0290,teacher_k20,475,0.017740954680510384,0.01773536757147944,0.0004452039614805104,1.8743321421417157e-06,0.12454204063761913,0.3982311096811069
topology_0290,teacher_k20,480,0.017559517272766792,0.017554001360500435,0.0004400904862667346,1.857967071391824e-06,0.12350016990420495,0.3968380335662349
topology_0290,teacher_k20,485,0.017381377717188253,0.017375931388964448,0.0004350819703069748,1.8419234874740838e-06,0.1224703904537668,0.395454624088119
topology_0290,teacher_k20,490,0.01720645733687202,0.01720107902455289,0.00043017571026455787,1.8261932656325996e-06,0.12145250908483027,0.39408074116532493
topology_0290,teacher_k20,495,0.017034679874173203,0.017029368053128494,0.0004253690724132598,1.8107684870543433e-06,0.12044633690615794,0.39271624770929614
topology_0290,teacher_k20,500,0.016865971352104346,0.016860724539693114,0.0004206595087082415,1.7956414999565711e-06,0.119451689200784,0.3913610096080715
topology_0290,teacher_k20,505,0.016700251226744813,0.01669506797809451,0.0004160445552212367,1.780804819504612e-06,0.11846838575558719,0.3900148955499735
topology_0290,teacher_k20,510,0.016537461377582042,0.01653234029047406,0.0004115218285122763,1.7662512694219671e-06,0.11749625037533785,0.38867777690116306
topology_0290,teacher_k20,515,0.01637753330407403,0.01637247301364945,0.00040708902461539855,1.751973778667983e-06,0.11653510980624061,0.3873495280255418
topology_0290,teacher_k20,520,0.016220400511430262,0.016215399689208234,0.0004027439011437537,1.7379655112096975e-06,0.11558479460910247,0.38603002596301556
topology_0290,teacher_k20,525,0.016065998456043274,0.016061055808760216,0.00039848428393169196,1.7242198147161713e-06,0.1146451390330864,0.38471915027558634
topology_0290,teacher_k20,530,0.01591426452628441,0.01590937879475948,0.0003943080658748296,1.7107302228775587e-06,0.11371598092200026,0.3834167829541508
topology_0290,teacher_k20,535,0.015765138808671232,0.015760308767520402,0.0003902131822700867,1.6974904678757148e-06,0.1127971615138977,0.3821228083983716
topology_0290,teacher_k20,540,0.015618562078513497,0.015613786534111962,0.0003861976567024947,1.6844944040666216e-06,0.11188852534465661,0.38083711355116806
topology_0290,teacher_k20,545,0.015474477283127362,0.015469755073226246,0.00038225955280930037,1.6717361047812665e-06,0.11098992021409602,0.37955958748255436
topology_0290,teacher_k20,550,0.015332828918324094,0.015328158910940961,0.00037839699597077626,1.6592097805776126e-06,0.1101011970396405,0.37829012151699143
topology_0290,teacher_k20,555,0.015193563012600943,0.015188944105206676,0.0003746081612445024,1.6469098010179803e-06,0.10922220977668766,0.377028609146686
topology_0290,teacher_k20,560,0.015056627086445732,0.015052058205049127,0.0003708912771060576,1.6348306891665822e-06,0.10835281533344401,0.37577494597663286
topology_0290,teacher_k20,565,0.01492197007837682,0.014917450176672842,0.0003672446220630161,1.622967117866771e-06,0.10749287348654946,0.37452902966664714
topology_0290,teacher_k20,570,0.014789542291980685,0.01478507035059845,0.00036366652005292386,1.6113138935222981e-06,0.10664224680469377,0.3732907598821853
topology_0290,teacher_k20,575,0.014659295370453473,0.014654870396049862,0.00036015534649480753,1.5998659765416494e-06,0.10580080057165643,0.37206003823890116
topology_0290,teacher_k20,580,0.014531182238305507,0.01452680326301944,0.00035670951299984294,1.588618440104402e-06,0.10496840271546565,0.37083676825108974
topology_0290,teacher_k20,585,0.014405157057499974,0.014400823138100259,0.00035332747937487,1.577566500895544e-06,0.10414492373416398,0.36962085528199534
topology_0290,teacher_k20,590,0.014281175188085343,0.014276885405246378,0.0003500077480303749,1.5667055043702125e-06,0.10333023663160083,0.3684122065023732
topology_0290,teacher_k20,595,0.01415919321482381,0.014154946672364013,0.00034674886591214404,1.5560309265874847e-06,0.10252421684742259,0.36721073084269074
topology_0290,teacher_k20,596,0.014135032972382132,0.014130794972308517,0.00034610427077580273,1.5539179997782168e-06,0.10236404217526154,0.3669712885928205
topology_0290,neural,0,3.9921127705596406,3.9895917536013803,0.14185200129245973,0.00014896495746359023,0.6788030389567685,0.9988366992518372
topology_0290,neural,5,1.9544126083288689,1.953922680334585,0.04375821766422778,0.00014579373797238046,0.6111630028344233,0.6937332595082079
topology_0290,neural,10,1.1091467397116834,1.1088974236170375,0.02351575985937353,5.6096247066387016e-05,0.548950328489319,0.6410316617703418
topology_0290,neural,15,0.6430367533296559,0.6428621687167212,0.014983221979262756,3.499569729525914e-05,0.4996903542160775,0.6350671524396728
topology_0290,neural,20,0.4589203602728929,0.4587785198401971,0.011409037881406932,2.570720331604163e-05,0.4635806366998759,0.6346774998080341
topology_0290,neural,25,0.3701503164769686,0.37003291081211015,0.009322084271134807,2.118393145021026e-05,0.4359619526587755,0.6323271668555891
topology_0290,neural,30,0.30837234658419904,0.30827104747005674,0.00790348612314967,1.8348312093835883e-05,0.414049357745399,0.6289701112809998
topology_0290,neural,35,0.26193423269056865,0.26184430536699066,0.006863070608784648,1.624481264376012e-05,0.3962513085520116,0.6252442490523472
topology_0290,neural,40,0.22561253391136,0.22553123206599895,0.006056286612439826,1.4600174215809614e-05,0.3814784449334252,0.6212178044059211
topology_0290,neural,45,0.1965107575387914,0.19643624874683005,0.005410899246063438,1.3269970150715355e-05,0.36897484616072573,0.6170963060640282
topology_0290,neural,50,0.1729824672580796,0.17291350241073597,0.004884108365174042,1.2174654367960631e-05,0.35820106071685315,0.6129284883204953
topology_0290,neural,55,0.15383044171384708,0.15376616816025743,0.004446369349444125,1.1260419793752905e-05,0.3487621216127818,0.6087701330338718
topology_0290,neural,60,0.13811666442662549,0.13805646197533294,0.004077522435498613,1.0487064419941554e-05,0.3403684194222372,0.604655982988058
topology_0290,neural,65,0.12513557754853055,0.12507898733486628,0.0037629242822725755,9.825199551416967e-06,0.3328058368904015,0.6006020174822579
topology_0290,neural,70,0.11434221309198558,0.11428888650609398,0.0034917088017324847,9.252789490305119e-06,0.3259135769447861,0.5966181083797373
topology_0290,neural,75,0.10530820272982583,0.1052578639502141,0.00325569688541975,8.752976386273058e-06,0.3195693437426436,0.5927079699279272
topology_0290,neural,80,0.09769443854718837,0.09764686030558574,0.003048594169505173,8.312727806825428e-06,0.31367901946995447,0.5888729162742404
topology_0290,neural,85,0.09123062058912268,0.09118560740741014,0.002865496826478507,7.921841401968916e-06,0.3081693526527253,0.5851126623659565
topology_0290,neural,90,0.08570075172806461,0.0856581291824371,0.002702534806675051,7.5722518316213925e-06,0.3029827151127211,0.5814259378704992
topology_0290,neural,95,0.08093204391006345,0.08089165208908666,0.0025566190734958093,7.257523173083836e-06,0.2980732950951339,0.5778109510472937
topology_0290,neural,100,0.07678612671189855,0.07674781648334465,0.0024252570666328205,6.972470019145902e-06,0.29340430427405073,0.5742656086376713
topology_0290,neural,105,0.0731521337645171,0.07311576476615929,0.002306419714338064,6.712881332634167e-06,0.28894591764739763,0.570787684822903
topology_0290,neural,110,0.0699411074781895,0.06990654718546577,0.0021984389808025937,6.475306576112836e-06,0.2846737310528166,0.5673749143209639
topology_0290,neural,115,0.0670815711927164,0.06704869455870126,0.0020999315485829327,6.256894751691137e-06,0.28056760058558367,0.5640250493414345
topology_0290,neural,120,0.06451593087468752,0.06448462021442242,0.0020097402227280572,6.055271256196667e-06,0.27661075843474076,0.5607358920843423
topology_0290,neural,125,0.06219765078319643,0.06216779579822018,0.001926887153069464,5.868440243943904e-06,0.27278913389429077,0.5575053117873171
topology_0290,neural,130,0.06008899269593736,0.06006049037422316,0.0018505422963240978,5.694714840203304e-06,0.26909082618257363,0.5543312564084442
topology_0290,neural,135,0.058159216691569274,0.058131971190611725,0.001779994679907567,5.532657663430554e-06,0.26550569305632243,0.551211757477128
topology_0290,neural,140,0.05638315440242958,0.05635707685055473,0.0017146312353781103,5.38103596521532e-06,0.262025027888699,0.5481449309015418
topology_0290,neural,145,0.05474009358256946,0.05471510181190177,0.0016539200998859972,5.2387860838719875e-06,0.25864130367029053,0.545128975468155
topology_0290,neural,150,0.05321289649935865,0.05318891472169733,0.0015973974203644062,5.1049853557998225e-06,0.2553479684025096,0.5421621708864899
topology_0290,neural,155,0.05178729585582155,0.05176425429875335,0.0015446566491120219,4.978829363028065e-06,0.2521392808248119,0.5392428750014153
topology_0290,neural,160,0.05045134446235859,0.05042917900551152,0.0014953391835311489,4.859612501534853e-06,0.24901017776118092,0.5363695205203014
topology_0290,neural,165,0.04919497546854022,0.04917362725204627,0.0014491279087078177,4.7467137402310995e-06,0.2459561661784097,0.5335406118142569
topology_0290,neural,170,0.04800965879144492,0.047989073829766624,0.0014057413369554731,4.639584755749523e-06,0.24297323539673485,0.5307547215091378
topology_0290,neural,175,0.0468881233317691,0.04686825212759515,0.001364929114745858,4.53773972833426e-06,0.24005778495342522,0.5280104873607648
topology_0290,neural,180,0.04582413592880943,0.045804933109060766,0.001326467781833026,4.440746713403058e-06,0.23720656495531278,0.52530660888685
topology_0290,neural,185,0.044812320850392946,0.04479374482126011,0.0012901573467507027,4.348220562022213e-06,0.23441662711998387,0.5226418440885033
topology_0290,neural,190,0.043848019463430275,0.04383003208740361,0.0012558184329312463,4.259816883852697e-06,0.23168528366496208,0.5200150065025821
topology_0290,neural,195,0.0429271729010545,0.04290973919472063,0.001223289861628763,4.175226967696357e-06,0.22901007295990483,0.5174249621837963
topology_0290,neural,200,0.04204622682402167,0.04202931467845659,0.001192426531950044,4.094173402131348e-06,0.22638873072422847,0.5148706269696935
topology_0290,neural,205,0.041202053368651605,0.04118563329000471,0.0011630976583888938,4.016406443590311e-06,0.22381916583879666,0.5123509639792325
topology_0290,neural,210,0.04039188982844756,0.04037593470264238,0.001135185123405573,3.941700642906066e-06,0.2212994397530608,0.5098649808908434
topology_0290,neural,215,0.039613295766095284,0.039597780649480045,0.0011085820276602934,3.869852087487282e-06,0.21882774820308645,0.5074117281501335
topology_0290,neural,220,0.038864062307525794,0.038848964211812775,0.0010831917039019886,3.8006757724857066e-06,0.21640240721014412,0.5049902963994282
topology_0290,neural,225,0.038142232258355585,0.03812752997970111,0.0010589265104572678,3.7340040796043604e-06,0.21402184191791457,0.5025998132988594
topology_0290,neural,230,0.03744604835279005,0.037431722311216456,0.0010357068064307516,3.6696843099146663e-06,0.2116845735551243,0.5002394430251723
topology_0290,neural,235,0.03677392444917279,0.03675995653729785,0.0010134602877406513,3.6075773537070924e-06,0.20938921018276305,0.4979083839241606
topology_0290,neural,240,0.03612442486340647,0.03611079831215384,0.000992121154744592,3.547556139965686e-06,0.2071344385971209,0.49560586665493195
topology_0290,neural,245,0.03549624569396844,0.03548294495086719,0.0009716294580040901,3.4895044135713813e-06,0.20491901720391292,0.49333115261550237
topology_0290,neural,250,0.03488819941834128,0.03487521003717787,0.0009519305274128904,3.43331561372687e-06,0.2027417697855104,0.49108353233210145
topology_0290,neural,255,0.03429920089365578,0.034286509436155556,0.0009329743891790728,3.3788917620636396e-06,0.20060157997883943,0.4888623239634478
topology_0290,neural,260,0.033728255751317285,0.03371584969622905,0.0009147153788657624,3.3261427790467025e-06,0.19849738641127157,0.4866668719023806
topology_0290,neural,265,0.03317445110842846,0.03316231876665429,0.0008971118318175753,3.27498586155798e-06,0.19642817843533836,0.48449654549479143
topology_0290,neural,270,0.032636932149284516,0.032625062596046195,0.0008801251719076093,3.2253440051191938e-06,0.19439299242194635,0.48235073772249987
topology_0290,neural,275,0.032114925137304524,0.032103308164838223,0.0008637194879406876,3.1771461291058647e-06,0.19239090975946577,0.48022886255553454
topology_0290,neural,280,0.03160773512579519,0.0315963611439282,0.0008478634594975276,3.1303259976919472e-06,0.19042104977783272,0.47813035641898577
topology_0290,neural,285,0.03111468104734577,0.031103541040773074,0.0008325274090807863,3.0848229805304997e-06,0.18848256954002865,0.47605467794060835
topology_0290,neural,290,0.030635137596643394,0.030624223090342184,0.0008176835776137824,3.0405801536139863e-06,0.18657466205551848,0.4740013044325219
topology_0290,neural,295,0.03016852548128143,0.030157828491564204,0.00080330654351444,2.997544402792985e-06,0.18469655340890126,0.4719697309997986
topology_0290,neural,300,0.02971430241234538,0.029703815405081754,0.0007893728505464968,2.955666086491437e-06,0.1828475006816089,0.46995947068073224
topology_0290,neural,305,0.029271962638205692,0.029261678493246842,0.0007758607824415826,2.91489880592204e-06,0.1810267901361503,0.4679700525774712
topology_0290,neural,310,0.028841032682498505,0.028830944661901222,0.0007627501744128975,2.875199098224624e-06,0.1792337352616509,0.46600102210730426
topology_0290,neural,315,0.02842104951629005,0.028411151227233585,0.0007500223361975943,2.8365260071916406e-06,0.17746767606952954,0.464051940172567
topology_0290,neural,320,0.028011615109611716,0.028001900491481414,0.0007376598678845904,2.7988412915354e-06,0.17572797755033892,0.46212238148409146
topology_0290,neural,325,0.027612334768857136,0.02760279806109717,0.0007256465782201883,2.762108675139837e-06,0.17401402580677,0.46021193518220355
topology_0290,neural,330,0.027222833211976084,0.027213468931800308,0.0007139673328162439,2.726293970291093e-06,0.1723252290772209,0.4583202040575353
topology_0290,neural,335,0.026842756759875023,0.026833559682184174,0.0007026080052429916,2.6913649045241274e-06,0.17066101657207491,0.45644680358021184
topology_0290,neural,340,0.0264717712328244,0.026462736372210915,0.0006915553749771181,2.6572909301997976e-06,0.16902083729141726,0.4545913612857238
topology_0290,neural,345,0.026109560071197108,0.026100682665306088,0.0006807970555448853,2.6240430798774498e-06,0.16740415904801262,0.45275351628655325
topology_0290,neural,350,0.02575582318782648,0.025747098682426743,0.0006703214181276928,2.5915938615471697e-06,0.1658104675172369,0.4509329188260448
topology_0290,neural,355,0.02541027552101141,0.025401699556194854,0.0006601175329788274,2.5599171433792525e-06,0.1642392653736995,0.4491292298164318
topology_0290,neural,360,0.02507264617872932,0.02506421457542767,0.0006501751493930879,2.5289881012845452e-06,0.16269007148814715,0.4473421203808258
topology_0290,neural,365,0.024742678018802578,0.024734386765008894,0.000640484704869507,2.498783236758796e-06,0.16116242017639187,0.44557127140145786
topology_0290,neural,370,0.02442012427912247,0.024411969529458986,0.0006310367685095787,2.469279518926766e-06,0.15965586049234692,0.44381637323594264
topology_0290,neural,375,0.024104750248530423,0.024096728305571493,0.0006218227687002269,2.440455453569132e-06,0.15816995558327304,0.4420771252209571
topology_0290,neural,380,0.023796331159721525,0.023788438464417874,0.0006128346176521816,2.4122903974139225e-06,0.15670428212254225,0.4403532354263773
topology_0290,neural,385,0.023494653934969474,0.02348688706593649,0.000604064391286393,2.384764569264758e-06,0.15525842969330533,0.43864442021721006
topology_0290,neural,390,0.023199514292295383,0.023191869951680735,0.0005955048137901783,2.357858990186642e-06,0.15383200009969117,0.4369504039061158
topology_0290,neural,395,0.022910715576875542,0.02290319058682951,0.0005871488326656867,2.3315554919053917e-06,0.15242460696433557,0.4352709185937915
topology_0290,neural,400,0.02262807028043079,0.0226206615729425,0.0005789898976975543,2.305836555482456e-06,0.1510358752738607,0.43360570374718876
topology_0290,neural,405,0.02235139832433429,0.022344102936059464,0.0005710217459136503,2.2806855174421282e-06,0.1496654409238205,0.4319545060548097
topology_0290,neural,410,0.02208052648614143,0.02207334155681668,0.0005632382545408337,2.256086186907194e-06,0.14831295027230904,0.43031707901365546
topology_0290,neural,415,0.02181528878205592,0.021808211547519316,0.0005556336573799409,2.232023019786028e-06,0.14697805969812447,0.4286931826817895
topology_0290,neural,420,0.02155552574748374,0.021548553534761095,0.0005482024558326307,2.208481046404098e-06,0.14566043519620722,0.4270825834893396
topology_0290,neural,425,0.02130108237388351,0.021294212595095233,0.0005409394399421545,2.1854458487433486e-06,0.14435975205890098,0.4254850540341614
topology_0290,neural,430,0.021051812568763633,0.02104504271989672,0.0005338395544774367,2.1629035289510657e-06,0.1430756947125651,0.42390037271416314
topology_0290,neural,435,0.020807575693292845,0.020800903351940066,0.0005268978953851511,2.1408406522489557e-06,0.1418079557778485,0.42232832367866296
topology_0290,neural,440,0.020568233975880992,0.020561656793728067,0.0005201098848564686,2.1192442538654287e-06,0.14055623615358315,0.42076869684582546
topology_0290,neural,445,0.020333655456842268,0.020327171157503397,0.000513471098604532,2.0981018168217538e-06,0.13932024476355154,0.41922128721199337
topology_0290,neural,450,0.02010371292619484,0.02009731930267929,0.0005069772671549479,2.0774012194751746e-06,0.13809969819336304,0.4176858949126651
topology_0290,neural,455,0.019878283785414088,0.01987197869698699,0.0005006242984163454,2.0571307501783908e-06,0.13689432041615698,0.41616232505590944
topology_0290,neural,460,0.01965724968415113,0.019651031053735085,0.0004944082520477876,2.037279070116524e-06,0.13570384251912088,0.41465038755239864
topology_0290,neural,465,0.01944049615326861,0.019434361964749198,0.000488325338992712,2.0178352082851276e-06,0.13452800246108337,0.41314989694135495
topology_0290,neural,470,0.01922791240766979,0.01922186070361129,0.0004823719030275532,1.9987885387051727e-06,0.13336654487217703,0.4116606722219744
topology_0290,neural,475,0.019019392596282277,0.019013421475545546,0.00047654444060385903,1.980128786310619e-06,0.13221922075824025,0.41018253670847726
topology_0290,neural,480,0.018814833745545774,0.018808941361521198,0.0004708395507449425,1.961845958582357e-06,0.13108578724116354,0.4087153179448635
topology_0290,neural,485,0.018614136068986726,0.018608320627315097,0.00046525395960346114,1.943930385583829e-06,0.1299660074044027,0.4072588475319024
topology_0290,neural,490,0.018417203574472577,0.018411463331339455,0.0004597845053896643,1.926372670335869e-06,0.1288596500951125,0.40581296097498937
topology_0290,neural,495,0.018223943242351236,0.018218276503080087,0.0004544281162662326,1.909163714863548e-06,0.1277664896094043,0.4043774973614343
topology_0290,neural,500,0.018034263982166447,0.01802866909832183,0.00044918185727177857,1.892294699651169e-06,0.12668630570169684,0.4029522997468984
topology_0290,neural,505,0.017848077667060824,0.0178425530351016,0.0004440428814403672,1.8757570381064607e-06,0.12561888342963626,0.4015372148301286
topology_0290,neural,510,0.01766529951559132,0.017659843575764722,0.0004390084249469837,1.8595424132816765e-06,0.12456401292178391,0.4001320926939464
topology_0290,neural,515,0.01748584754303044,0.017480458777738937,0.0004340758215506158,1.843642753173137e-06,0.1235214891818824,0.3987367867088802
topology_0290,neural,520,0.017309642043336102,0.01730431897587519,0.00042924248138701443,1.8280501615857526e-06,0.12249111191906362,0.39735115354182143
topology_0290,neural,525,0.01713660580058368,0.01713134699400954,0.0004245058884755423,1.8127570432949836e-06,0.12147268543041821,0.39597505295752955
topology_0290,neural,530,0.01696666396372815,0.016961468019144204,0.0004198636227319234,1.7977559726599817e-06,0.12046601843593373,0.3946083478122683
topology_0290,neural,535,0.016799743877455104,0.016794609432970398,0.00041531333092189937,1.7830397408653895e-06,0.1194709239487687,0.39325090392899936
topology_0290,neural,540,0.016635775043564748,0.016630700773113807,0.00041085273187937727,1.7686013399887227e-06,0.11848721914317158,0.39190259001861166
topology_0290,neural,545,0.01647468900746848,0.016469673619699764,0.0004064796124406995,1.7544339562040562e-06,0.11751472522864165,0.39056327759193865
topology_0290,neural,550,0.01631641933880225,0.01631146157599415,0.000402191826195449,1.7405309631534903e-06,0.1165532673281061,0.3892328408794446
topology_0290,neural,555,0.016160901156646656,0.016155999793613086,0.00039798728816647797,1.7268859125117526e-06,0.1156026743592899,0.38791115675747145
topology_0290,neural,560,0.01600806322612505,0.01600321706695179,0.00039386396583509,1.7134925127170593e-06,0.1146627794856525,0.38659810456689975
topology_0290,neural,565,0.015857856806929596,0.01585306468975034,0.00038981990778085143,1.7003447156689552e-06,0.11373341932824833,0.3852935659841561
topology_0290,neural,570,0.015710221978095438,0.015705482770946765,0.00038585319110402775,1.6874365691977673e-06,0.11281443316990623,0.38399742536336146
topology_0290,neural,575,0.01556509994156668,0.015560412540596001,0.00038196197794152984,1.6747622783759458e-06,0.11190566376911774,0.38270956971580766
topology_0290,neural,580,0.015422434353801525,0.015417797683183881,0.00037814446238423915,1.6623162302181573e-06,0.11100695727184706,0.38142988806557687
topology_0290,neural,585,0.015282170425579217,0.01527758343658522,0.0003743988939864492,1.6500929505326128e-06,0.11011816305837384,0.3801582717090544
topology_0290,neural,590,0.0151442549908728,0.01513971666122356,0.0003707235669822359,1.638087111595916e-06,0.10923913364363125,0.3788946141163834
topology_0290,neural,595,0.01500863639533709,0.015004145728407367,0.0003671168251681451,1.6262935273668802e-06,0.10836972457570843,0.3776388108650451
topology_0290,neural,600,0.014875264457668132,0.014870820481778959,0.00036357705784198236,1.6147071515435942e-06,0.10750979434242479,0.3763907595848769
topology_0290,neural,605,0.014744090369685766,0.014739692137463576,0.0003601026959217686,1.603323063280127e-06,0.10665920428291456,0.37515035990745016
topology_0290,neural,610,0.014615066632612665,0.014610713220241694,0.00035669221559239,1.5921364771318863e-06,0.10581781850650064,0.37391751341318913
topology_0290,neural,615,0.014488147041455167,0.01448383754804308,0.0003533441335457478,1.5811427312173236e-06,0.10498550381719965,0.3726921235890561
topology_0290,neural,620,0.01436328655692081,0.014359020103986412,0.0003500570004683849,1.5703372760897225e-06,0.10416212963951466,0.37147409577025575
topology_0290,neural,625,0.014240444236219379,0.014236219968247234,0.0003468293929854075,1.5597159788719582e-06,0.10334756790586393,0.37026333584248305
topology_0290,neural,629,0.014143589483788658,0.014139398359380268,0.00034428928826145096,1.5513478750405155e-06,0.10270217880705011,0.3692999014512682
topology_0290,neural_t1,0,4.178646280772028,4.177755655371466,0.08626887513305814,0.0003240446208128975,0.6630022028377045,0.9105703601872422
topology_0290,neural_t1,5,1.9705815920941037,1.9702544726964295,0.0359042153218077,0.00010602816567066071,0.598033848772434,0.6704341883900715
topology_0290,neural_t1,10,0.9778205554798783,0.9775903303436904,0.021217491325193762,5.290895647592717e-05,0.5378342850674039,0.6389952876529224
topology_0290,neural_t1,15,0.5792180978219609,0.5790454114376057,0.01414267416433109,3.32419332713527e-05,0.49158492424306766,0.6351728148330401
topology_0290,neural_t1,20,0.4366501982349172,0.43651401564388137,0.010904547838426157,2.4525197616800863e-05,0.4574961553632206,0.6341898242786074
topology_0290,neural_t1,25,0.35653885670632246,0.356425359854039,0.008995486307559317,2.0505143783339924e-05,0.4311836366153823,0.6317750421637973
topology_0290,neural_t1,30,0.29811803814485555,0.2980193057479536,0.007671880416793073,1.7880596673172268e-05,0.410201088011235,0.6282374161228258
topology_0290,neural_t1,35,0.2539680354977046,0.25388001747699807,0.006685770567578843,1.5885848550490474e-05,0.3930829877961548,0.624453609606971
topology_0290,neural_t1,40,0.2192785252836203,0.2191987070616579,0.005915933419263631,1.4312080096159166e-05,0.378815902178913,0.6204022287425094
topology_0290,neural_t1,45,0.19140120785562598,0.1913278908091573,0.00529720654918922,1.3034069987646012e-05,0.36669614746758145,0.616262730899558
topology_0290,neural_t1,50,0.1688358808686583,0.16876791438308225,0.004790156572484033,1.1978792944465927e-05,0.3562170594526463,0.6120951771948883
topology_0290,neural_t1,55,0.15043803500774613,0.1503746190034245,0.0043676324771755115,1.1095544053630153e-05,0.3470075337402341,0.6079430488131027
topology_0290,neural_t1,60,0.13532123758201342,0.13526179015903597,0.004010655388981563,1.0346568212137436e-05,0.3387952164169813,0.6038399027472705
topology_0290,neural_t1,65,0.1228170693974823,0.12276115704257448,0.0037055043898946843,9.704164957485269e-06,0.3313781506021304,0.5997995018406317
topology_0290,neural_t1,70,0.11240665140385586,0.11235394258187383,0.003441915521989943,9.147483660512081e-06,0.3246042520218672,0.5958300900954233
topology_0290,neural_t1,75,0.10368136618968145,0.10363159649171488,0.003212137688912201,8.660523864318619e-06,0.31835757239836066,0.5919349478811687
topology_0290,neural_t1,80,0.09631729349968822,0.09627024310829593,0.003010191227676437,8.230886666356647e-06,0.3125486748792283,0.5881149115786583
topology_0290,neural_t1,85,0.09005602273561436,0.09001150109889902,0.002831402351485915,7.848846449937943e-06,0.3071077987166473,0.584369485911367
topology_0290,neural_t1,90,0.08469099113927304,0.08464882714858422,0.0026720752554911355,7.506699087216045e-06,0.3019799459906937,0.5806972658906704
topology_0290,neural_t1,95,0.08005694347536273,0.0800169796040424,0.0025292532195034757,7.198285722951668e-06,0.29712130618674404,0.5770963808837045
topology_0290,neural_t1,100,0.07602150483424047,0.07598359382089434,0.002400545658028245,6.9186353559402715e-06,0.29249662930401127,0.5735647027933264
topology_0290,neural_t1,105,0.07247860531503056,0.07244260841775502,0.0022840029857319954,6.663704227883919e-06,0.2880772839592059,0.5700999909097485
topology_0290,neural_t1,110,0.06934310461402259,0.0693088908208085,0.002178019594356376,6.430173362399239e-06,0.2838398008393204,0.5666999800750506
topology_0290,neural_t1,115,0.06654656386402961,0.06651400959928921,0.0020812617579559862,6.215295966510386e-06,0.2797647744487979,0.5633624304956326
topology_0290,neural_t1,120,0.06403380794321867,0.06400279700796224,0.0019926110169716134,6.016779636180152e-06,0.27583602528808837,0.560085156723546
topology_0290,neural_t1,125,0.061760223796888995,0.06173064735376517,0.0019111218450317202,5.832695990067845e-06,0.27203995460598235,0.5568660429240213
topology_0290,neural_t1,130,0.05968960469433914,0.05966136117788938,0.0018359899009303467,5.66141208974227e-06,0.2683650430811607,0.5537030536073279
topology_0290,neural_t1,135,0.057792427837182615,0.05776542281696792,0.0017665253539069564,5.501534758320957e-06,0.2648014590046747,0.5505942371942616
topology_0290,neural_t1,140,0.05604449712536969,0.056018643094007094,0.0017021325739604394,5.35186764524626e-06,0.2613407503261363,0.5475377263204884
topology_0290,neural_t1,145,0.05442587879173261,0.054401094884983965,0.001642294251615502,5.211377302564075e-06,0.25797559997267955,0.5445317361396415
topology_0290,neural_t1,150,0.05292006101400552,0.052896272676999076,0.0015865587945931444,5.079166421896096e-06,0.25469963010341634,0.5415745622232515
topology_0290,neural_t1,155,0.05151328040784824,0.05149041902660612,0.001534529991732463,4.954451870236279e-06,0.25150724483042136,0.5386645776669514
topology_0290,neural_t1,160,0.05019399718877905,0.05017199972638342,0.0014858579510722556,4.83654586098736e-06,0.2483935029131863,0.5358002297585036
topology_0290,neural_t1,165,0.04895247730505816,0.048931285909227955,0.0014402330531849518,4.724842747825428e-06,0.24535401426940717,0.5329800367893162
topology_0290,neural_t1,170,0.047780462262191355,0.04776002387477252,0.0013973804551622802,4.6188075814470504e-06,0.2423848555839776,0.5302025846701058
topology_0290,neural_t1,175,0.046670905471421845,0.04665117144824786,0.001357055495018466,4.517965922324315e-06,0.23948250092518938,0.5274665237791448
topology_0290,neural_t1,180,0.04561775771418423,0.04559868346492706,0.001319039643923143,4.421895707368945e-06,0.23664376433949055,0.5247705655806768
topology_0290,neural_t1,185,0.04461579733894628,0.04459734198629996,0.0012831372475789035,4.330220391040459e-06,0.23386575271007168,0.5221134794183204
topology_0290,neural_t1,190,0.0436604942136052,0.043642620274330766,0.0012491727531227486,4.2426031014432184e-06,0.23114582603661493,0.5194940895711043
topology_0290,neural_t1,195,0.04274789746651422,0.04273057055374877,0.001216988358029292,4.158741717092256e-06,0.22848156430580177,0.5169112722588711
topology_0290,neural_t1,200,0.04187454355336493,0.041857732101382314,0.0011864419490676633,4.078364619201278e-06,0.22587073966934337,0.5143639529700118
topology_0290,neural_t1,205,0.041037382588122534,0.04102105759666055,0.0011574054283531,4.001227232074272e-06,0.22331129307373682,0.5118511039664524
topology_0290,neural_t1,210,0.040233719953193504,0.040217854759523025,0.0011297629803329247,3.927108535071188e-06,0.22080131428200808,0.5093717415442439
topology_0290,neural_t1,215,0.03946116609434532,0.03944573616140099,0.0011034098709866785,3.855808646482686e-06,0.21833902382377077,0.5069249245786778
topology_0290,neural_t1,220,0.03871756289756757,0.03870254560730173,0.0010782513154897777,3.7871461575589085e-06,0.21592276073648628,0.504509751143835
topology_0290,neural_t1,225,0.03800099686924142,0.037986371355249945,0.0010542013430198404,3.7209566072155104e-06,0.21355097022957406,0.5021253563493664
topology_0290,neural_t1,230,0.037309746742745904,0.03729549373103356,0.00103118184233811,3.657090124678665e-06,0.2112221915894787,0.4997709113855427
topology_0290,neural_t1,235,0.03664225810185446,0.03662835976301665,0.001009121869235024,3.595410120338926e-06,0.2089350492429156,0.4974456211912568
topology_0290,neural_t1,240,0.03599712299550556,0.035983562813175024,0.0009879568421846071,3.535791777318561e-06,0.20668824484656564,0.4951487227014507
topology_0290,neural_t1,245,0.03537306194226744,0.03535982459353617,0.0009676279184277606,3.4781208829642915e-06,0.2044805503554244,0.49287948326598924
topology_0290,neural_t1,250,0.03476890893785588,0.03475598018592062,0.000948081395619903,3.4222926351670924e-06,0.20231080194252007,0.49063719905387465
topology_0290,neural_t1,255,0.034183597940481494,0.03417096453729066,0.0009292682082540063,3.368210731303659e-06,0.20017789461184363,0.48842119357914704
topology_0290,neural_t1,260,0.03361615139358516,0.03360380099134087,0.0009111434883468452,3.3157865401867656e-06,0.19808077746109135,0.48623081632339044
topology_0290,neural_t1,265,0.03306567173851634,0.033053592805516466,0.0008936663284495541,3.2649386387303923e-06,0.19601844951729677,0.4840654414771074
topology_0290,neural_t1,270,0.032531311180458794,0.0325194929385258,0.0008767986091387968,3.2155911195241557e-06,0.19398995632306415,0.4819244664781126
topology_0290,neural_t1,275,0.0320123243713767,0.03200075674554935,0.0008605052796226952,3.167673891129747e-06,0.19199438746783679,0.47980730941832733
topology_0290,neural_t1,280,0.031508014186802276,0.031496687703430996,0.0008447555663446231,3.1211218902372506e-06,0.19003086967117241,0.47771341149482865
topology_0290,neural_t1,285,0.03101771065095465,0.0310066164060718,0.0008295201094946891,3.0758753537960593e-06,0.18809856744917863,0.4756422352506801
topology_0290,neural_t1,290,0.030540798627043418,0.03052992824782664,0.0008147716047385124,3.0318781073194466e-06,0.18619668062932698,0.4735932615261129
topology_0290,neural_t1,295,0.030076706453282198,0.030066052049073335,0.0008004850559099312,2.9890776714122597e-06,0.1843244416386849,0.4715659891919142
topology_0290,neural_t1,300,0.029624899323510326,0.029614453445519006,0.0007866373777001854,2.947425180781984e-06,0.18248111354797258,0.46955993447709193
topology_0290,neural_t1,305,0.02918487855519059,0.029174634162602672,0.0007732071582699264,2.906874798958281e-06,0.18066598821335142,0.4675746297265006
topology_0290,neural_t1,310,0.028756175312194567,0.02874612573891557,0.0007601745630025831,2.867383618321016e-06,0.1788783843884922,0.46560962364774455
topology_0290,neural_t1,315,0.028338331524195782,0.028328470444219156,0.0007475211458494098,2.828911185150287e-06,0.1771176474833387,0.46366447992996696
topology_0290,neural_t1,320,0.027930959050260426,0.02792128046582016,0.0007352297765398163,2.7914197261249855e-06,0.1753831467073715,0.4617387761325294
topology_0290,neural_t1,325,0.027533663783936384,0.027524161991818823,0.0007232844707573423,2.7548733590988484e-06,0.17367427261974513,0.45983210422564735
topology_0290,neural_t1,330,0.02714607486471183,0.027136744435107597,0.0007116703098618816,2.719238307411986e-06,0.17199043774840675,0.45794406960013456
topology_0290,neural_t1,335,0.026767842764147128,0.026758678521344045,0.0007003733511618163,2.6844826518863096e-06,0.17033107535280878,0.4560742901783843
topology_0290,neural_t1,340,0.02639863688042011,0.026389633884872872,0.0006893805488209687,2.6505761702395484e-06,0.16869563826964645,0.45422239585235047
topology_0290,neural_t1,345,0.026038144088115212,0.02602929762025329,0.0006786796729463075,2.6174902008407433e-06,0.16708359795888855,0.45238802799245115
topology_0290,neural_t1,350,0.02568606738340091,0.02567737292892008,0.0006682592390145887,2.5851975312955652e-06,0.16549444356198842,0.4505708390166396
topology_0290,neural_t1,355,0.025342124610794752,0.025333577847105132,0.0006581084503869313,2.553672289595224e-06,0.1639276810557175,0.44877049191233104
topology_0290,neural_t1,360,0.025006047708837954,0.024997644490257497,0.0006482172401334501,2.5228899788020046e-06,0.16238283245768761,0.44698665979687013
topology_0290,neural_t1,365,0.024677581797619457,0.02466931814750705,0.0006385759947663343,2.492827098685064e-06,0.16085943508717337,0.44521902544887043
topology_0290,neural_t1,370,0.02435648242757584,0.024348354530420134,0.0006291755217267272,2.463461008032172e-06,0.15935704086736505,0.4434672810859449
topology_0290,neural_t1,375,0.02404251704002237,0.024034521227230137,0.0006200073140562259,2.434770364477006e-06,0.15787521568938281,0.4417311277973727
topology_0290,neural_t1,380,0.0237354629980285,0.023727595737431724,0.0006110633841262176,2.4067347119377743e-06,0.1564135388697823,0.44001027535443443
topology_0290,neural_t1,385,0.023435109409259035,0.023427367305938814,0.0006023358492885678,2.3793344268684167e-06,0.15497160247920766,0.43830444172491545
topology_0290,neural_t1,390,0.023141253490794777,0.023133633270595207,0.0005938175581250606,2.3525506900750173e-06,0.1535490107172826,0.4366133528052482
topology_0290,neural_t1,395,0.02285370013110719,0.022846198639688564,0.0005855014829058734,2.3263654880098222e-06,0.1521453795162989,0.4349367421952938
topology_0290,neural_t1,400,0.022572263627575,0.022564877817719355,0.0005773812004555725,2.3007614313624624e-06,0.15076033608108397,0.43327435081957255
topology_0290,neural_t1,405,0.022296765355775468,0.022289492284958582,0.0005694504634912018,2.2757220205264665e-06,0.14939351843484502,0.43162592676638156
topology_0290,neural_t1,410,0.02202703340791811,0.022019870235697615,0.0005617032032462722,2.25123114746966e-06,0.14804457497563334,0.4299912248549765
topology_0290,neural_t1,415,0.021762903196273217,0.021755847177100298,0.0005541337169577241,2.2272733990526876e-06,0.1467131640348327,0.42837000643660056
topology_0290,neural_t1,420,0.02150421649877493,0.02149726497736852,0.0005467365564010602,2.2038339177737964e-06,0.14539895348825652,0.4267620391904515
topology_0290,neural_t1,425,0.02125081897908552,0.02124396938375536,0.0005395065779101755,2.1808983910460806e-06,0.14410162048013841,0.4251670969162844
topology_0290,neural_t1,430,0.021002567055154363,0.02099581689916591,0.0005324387138771725,2.1584530201283378e-06,0.14282085114274473,0.4235849591205224
topology_0290,neural_t1,435,0.020759320033739485,0.020752666909774765,0.0005255281444332464,2.1364844598484728e-06,0.14155633973560333,0.4220154111711066
topology_0290,neural_t1,440,0.020520941352913453,0.020514382927149816,0.0005187703295660658,2.1149798443733956e-06,0.14030778879445435,0.4204582440118503
topology_0290,neural_t1,445,0.020287300060670862,0.02028083407090434,0.0005121608688805826,2.0939267301731947e-06,0.1390749088013732,0.41891325367252075
topology_0290,neural_t1,450,0.02005826987334825,0.020051894126026124,0.0005056955329860477,2.0733130841096405e-06,0.13785741784050987,0.4173802412967743
topology_0290,neural_t1,455,0.019833729076701945,0.01982744144405604,0.000499370258635468,2.0531272671138842e-06,0.13665504132917397,0.41585901296729183
topology_0290,neural_t1,460,0.019613560142360514,0.019607358559709374,0.0004931811375544112,2.0333580173466143e-06,0.13546751174706442,0.41434937953389694
topology_0290,neural_t1,465,0.0193976492332947,0.019391531696408747,0.00048712440807246093,2.0139944323923798e-06,0.13429456840214135,0.41285115644179327
topology_0290,neural_t1,470,0.019185886670432098,0.019179851233385024,0.00048119644195916217,1.9950259569853086e-06,0.13313595723076171,0.411364163561402
topology_0290,neural_t1,475,0.01897816718998083,0.018972211962606112,0.00047539376361714234,1.9764423810533886e-06,0.13199143047311537,0.4098882250619504
topology_0290,neural_t1,480,0.01877438845506246,0.018768511601409646,0.0004697129917883133,1.9582337694814363e-06,0.1308607464578247,0.4084231693132164
topology_0290,neural_t1,485,0.018574451319803318,0.018568651055751086,0.0004641508767437943,1.9403905095808743e-06,0.1297436694388688,0.40696882870962847
topology_0290,neural_t1,490,0.018378260691656215,0.018372535283273952,0.0004587042813980884,1.922903263558741e-06,0.1286399693777456,0.4055250394979426
topology_0290,neural_t1,495,0.01818572377785035,0.018180071540110372,0.0004533701454749803,1.9057629962709341e-06,0.1275494216548618,0.40409164151442994
topology_0290,neural_t1,500,0.017996750038798852,0.017991169332186193,0.000448145569470896,1.8889609285247242e-06,0.1264718071038789,0.40266847859277916
topology_0290,neural_t1,505,0.017811252046299332,0.017805741276173136,0.0004430277153556907,1.872488532307595e-06,0.12540691181596883,0.4012553981193637
topology_0290,neural_t1,510,0.017629145596870496,0.017623703212046045,0.00043801383926445146,1.8563375368183902e-06,0.12435452690836092,0.3998522508411338
topology_0290,neural_t1,515,0.017450349240389854,0.017444973731488397,0.0004331012950967104,1.8404999124810913e-06,0.12331444833862687,0.3984588907807619
topology_0290,neural_t1,520,0.01727478368017517,0.017269473578613928,0.00042828750144515896,1.8249678210193396e-06,0.12228647674320997,0.39707517525064784
topology_0290,neural_t1,525,0.01710237223753912,0.017097126114074344,0.0004235699654721805,1.80973369901191e-06,0.12127041731654313,0.39570096462929477
topology_0290,neural_t1,530,0.016933040493142513,0.016927856956366533,0.00041894628047695764,1.7947901662886143e-06,0.12026607964744264,0.3943361223768869
topology_0290,neural_t1,535,0.01676671622963368,0.01676159392491447,0.0004144141074681567,1.7801300550390471e-06,0.11927327759177843,0.39298051490055685
topology_0290,neural_t1,540,0.016603329367275075,0.016598266975576616,0.0004099711792813793,1.7657463965547475e-06,0.11829182914057536,0.3916340114778568
topology_0290,neural_t1,545,0.016442811856291865,0.016437808093076045,0.00040561529606264707,1.7516324151240982e-06,0.11732155629602103,0.3902964841700144
topology_0290,neural_t1,550,0.016285097656995953,0.01628015127114121,0.00040134432445197477,1.7377815211543304e-06,0.11636228494887964,0.3889678077418665
topology_0290,neural_t1,555,0.016130119997072465,0.01612522976913238,0.0003971561907135067,1.7241872858849945e-06,0.11541384477129514,0.38764785959033105
topology_0290,neural_t1,560,0.01597781337607785,0.015972978117290513,0.0003930488752627442,1.7108434995554092e-06,0.11447606986924164,0.3863365195003114
topology_0290,neural_t1,565,0.015828126053224173,0.01582334460771389,0.0003890204364174608,1.6977441171917152e-06,0.11354879725964873,0.3850336696524087
topology_0290,neural_t1,570,0.015680998373275638,0.015676269614760055,0.00038506896680012896,1.6848831836026763e-06,0.11263186691970255,0.38373919502223786
topology_0290,neural_t1,575,0.01553637208604656,0.015531694916334639,0.00038119263575618525,1.6722549867459716e-06,0.11172512230323293,0.3824529829760951
topology_0290,neural_t1,580,0.015394191158837289,0.015389564507581189,0.0003773896483827215,1.659853925353521e-06,0.1108284102104267,0.38117492301062006
topology_0290,neural_t1,585,0.015254401133654666,0.015249823957480988,0.0003736582629248659,1.647674555435385e-06,0.10994158065705609,0.3799049068609104
topology_0290,neural_t1,590,0.015116949151873383,0.01511242043368958,0.00036999678400574323,1.6357115779050448e-06,0.10906448677244389,0.37864282842388886
topology_0290,neural_t1,595,0.014981783855896281,0.014977302604120788,0.00036640356459185293,1.6239598344104269e-06,0.10819698469996744,0.3773885836915836
topology_0290,neural_t1,600,0.014848855350438913,0.01484442059830744,0.0003628770024736453,1.6124143061485715e-06,0.10733893350451544,0.37614207069836836
topology_0290,neural_t1,605,0.014718115091419614,0.014713725896333877,0.0003594155372297276,1.6010700964062073e-06,0.10649019508557177,0.37490318946951495
topology_0290,neural_t1,610,0.01458951584108685,0.014585171283844739,0.0003560176545924882,1.589922449003186e-06,0.10565063409740608,0.3736718419703672
topology_0290,neural_t1,615,0.014463011636652137,0.014458710820909739,0.00035268187663511664,1.578966720128108e-06,0.10482011787378077,0.372447932062083
topology_0290,neural_t1,620,0.01433855767237862,0.014334299724041589,0.0003494067632757266,1.5681983887612583e-06,0.10399851635525678,0.3712313654442321
topology_0290,neural_t1,625,0.014216113604105525,0.014211897672117087,0.0003461908952415289,1.5576132242514593e-06,0.10318570190717094,0.3700220481702708
topology_0290,neural_t1,628,0.014143589483788658,0.014139398359380268,0.00034428928826145096,1.5513478750405155e-06,0.10270217880705011,0.3692999014512682
topology_0290,neural_t5,0,1.9544126083288689,1.953922680334585,0.04375821766422778,0.00014579373797238046,0.6111630028344233,0.6937332595082079
topology_0290,neural_t5,5,1.1091467397116834,1.1088974236170375,0.02351575985937353,5.6096247066387016e-05,0.548950328489319,0.6410316617703418
topology_0290,neural_t5,10,0.6430367533296559,0.6428621687167212,0.014983221979262756,3.499569729525914e-05,0.4996903542160775,0.6350671524396728
topology_0290,neural_t5,15,0.4589203602728929,0.4587785198401971,0.011409037881406932,2.570720331604163e-05,0.4635806366998759,0.6346774998080341
topology_0290,neural_t5,20,0.3701503164769686,0.37003291081211015,0.009322084271134807,2.118393145021026e-05,0.4359619526587755,0.6323271668555891
topology_0290,neural_t5,25,0.30837234658419904,0.30827104747005674,0.00790348612314967,1.8348312093835883e-05,0.414049357745399,0.6289701112809998
topology_0290,neural_t5,30,0.26193423269056865,0.26184430536699066,0.006863070608784648,1.624481264376012e-05,0.3962513085520116,0.6252442490523472
topology_0290,neural_t5,35,0.22561253391136,0.22553123206599895,0.006056286612439826,1.4600174215809614e-05,0.3814784449334252,0.6212178044059211
topology_0290,neural_t5,40,0.1965107575387914,0.19643624874683005,0.005410899246063438,1.3269970150715355e-05,0.36897484616072573,0.6170963060640282
topology_0290,neural_t5,45,0.1729824672580796,0.17291350241073597,0.004884108365174042,1.2174654367960631e-05,0.35820106071685315,0.6129284883204953
topology_0290,neural_t5,50,0.15383044171384708,0.15376616816025743,0.004446369349444125,1.1260419793752905e-05,0.3487621216127818,0.6087701330338718
topology_0290,neural_t5,55,0.13811666442662549,0.13805646197533294,0.004077522435498613,1.0487064419941554e-05,0.3403684194222372,0.604655982988058
topology_0290,neural_t5,60,0.12513557754853055,0.12507898733486628,0.0037629242822725755,9.825199551416967e-06,0.3328058368904015,0.6006020174822579
topology_0290,neural_t5,65,0.11434221309198558,0.11428888650609398,0.0034917088017324847,9.252789490305119e-06,0.3259135769447861,0.5966181083797373
topology_0290,neural_t5,70,0.10530820272982583,0.1052578639502141,0.00325569688541975,8.752976386273058e-06,0.3195693437426436,0.5927079699279272
topology_0290,neural_t5,75,0.09769443854718837,0.09764686030558574,0.003048594169505173,8.312727806825428e-06,0.31367901946995447,0.5888729162742404
topology_0290,neural_t5,80,0.09123062058912268,0.09118560740741014,0.002865496826478507,7.921841401968916e-06,0.3081693526527253,0.5851126623659565
topology_0290,neural_t5,85,0.08570075172806461,0.0856581291824371,0.002702534806675051,7.5722518316213925e-06,0.3029827151127211,0.5814259378704992
topology_0290,neural_t5,90,0.08093204391006345,0.08089165208908666,0.0025566190734958093,7.257523173083836e-06,0.2980732950951339,0.5778109510472937
topology_0290,neural_t5,95,0.07678612671189855,0.07674781648334465,0.0024252570666328205,6.972470019145902e-06,0.29340430427405073,0.5742656086376713
topology_0290,neural_t5,100,0.0731521337645171,0.07311576476615929,0.002306419714338064,6.712881332634167e-06,0.28894591764739763,0.570787684822903
topology_0290,neural_t5,105,0.0699411074781895,0.06990654718546577,0.0021984389808025937,6.475306576112836e-06,0.2846737310528166,0.5673749143209639
topology_0290,neural_t5,110,0.0670815711927164,0.06704869455870126,0.0020999315485829327,6.256894751691137e-06,0.28056760058558367,0.5640250493414345
topology_0290,neural_t5,115,0.06451593087468752,0.06448462021442242,0.0020097402227280572,6.055271256196667e-06,0.27661075843474076,0.5607358920843423
topology_0290,neural_t5,120,0.06219765078319643,0.06216779579822018,0.001926887153069464,5.868440243943904e-06,0.27278913389429077,0.5575053117873171
topology_0290,neural_t5,125,0.06008899269593736,0.06006049037422316,0.0018505422963240978,5.694714840203304e-06,0.26909082618257363,0.5543312564084442
topology_0290,neural_t5,130,0.058159216691569274,0.058131971190611725,0.001779994679907567,5.532657663430554e-06,0.26550569305632243,0.551211757477128
topology_0290,neural_t5,135,0.05638315440242958,0.05635707685055473,0.0017146312353781103,5.38103596521532e-06,0.262025027888699,0.5481449309015418
topology_0290,neural_t5,140,0.05474009358256946,0.05471510181190177,0.0016539200998859972,5.2387860838719875e-06,0.25864130367029053,0.545128975468155
topology_0290,neural_t5,145,0.05321289649935865,0.05318891472169733,0.0015973974203644062,5.1049853557998225e-06,0.2553479684025096,0.5421621708864899
topology_0290,neural_t5,150,0.05178729585582155,0.05176425429875335,0.0015446566491120219,4.978829363028065e-06,0.2521392808248119,0.5392428750014153
topology_0290,neural_t5,155,0.05045134446235859,0.05042917900551152,0.0014953391835311489,4.859612501534853e-06,0.24901017776118092,0.5363695205203014
topology_0290,neural_t5,160,0.04919497546854022,0.04917362725204627,0.0014491279087078177,4.7467137402310995e-06,0.2459561661784097,0.5335406118142569
topology_0290,neural_t5,165,0.04800965879144492,0.047989073829766624,0.0014057413369554731,4.639584755749523e-06,0.24297323539673485,0.5307547215091378
topology_0290,neural_t5,170,0.0468881233317691,0.04686825212759515,0.001364929114745858,4.53773972833426e-06,0.24005778495342522,0.5280104873607648
topology_0290,neural_t5,175,0.04582413592880943,0.045804933109060766,0.001326467781833026,4.440746713403058e-06,0.23720656495531278,0.52530660888685
topology_0290,neural_t5,180,0.044812320850392946,0.04479374482126011,0.0012901573467507027,4.348220562022213e-06,0.23441662711998387,0.5226418440885033
topology_0290,neural_t5,185,0.043848019463430275,0.04383003208740361,0.0012558184329312463,4.259816883852697e-06,0.23168528366496208,0.5200150065025821
topology_0290,neural_t5,190,0.0429271729010545,0.04290973919472063,0.001223289861628763,4.175226967696357e-06,0.22901007295990483,0.5174249621837963
topology_0290,neural_t5,195,0.04204622682402167,0.04202931467845659,0.001192426531950044,4.094173402131348e-06,0.22638873072422847,0.5148706269696935
topology_0290,neural_t5,200,0.041202053368651605,0.04118563329000471,0.0011630976583888938,4.016406443590311e-06,0.22381916583879666,0.5123509639792325
topology_0290,neural_t5,205,0.04039188982844756,0.04037593470264238,0.001135185123405573,3.941700642906066e-06,0.2212994397530608,0.5098649808908434
topology_0290,neural_t5,210,0.039613295766095284,0.039597780649480045,0.0011085820276602934,3.869852087487282e-06,0.21882774820308645,0.5074117281501335
topology_0290,neural_t5,215,0.038864062307525794,0.038848964211812775,0.0010831917039019886,3.8006757724857066e-06,0.21640240721014412,0.5049902963994282
topology_0290,neural_t5,220,0.038142232258355585,0.03812752997970111,0.0010589265104572678,3.7340040796043604e-06,0.21402184191791457,0.5025998132988594
topology_0290,neural_t5,225,0.03744604835279005,0.037431722311216456,0.0010357068064307516,3.6696843099146663e-06,0.2116845735551243,0.5002394430251723
topology_0290,neural_t5,230,0.03677392444917279,0.03675995653729785,0.0010134602877406513,3.6075773537070924e-06,0.20938921018276305,0.4979083839241606
topology_0290,neural_t5,235,0.03612442486340647,0.03611079831215384,0.000992121154744592,3.547556139965686e-06,0.2071344385971209,0.49560586665493195
topology_0290,neural_t5,240,0.03549624569396844,0.03548294495086719,0.0009716294580040901,3.4895044135713813e-06,0.20491901720391292,0.49333115261550237
topology_0290,neural_t5,245,0.03488819941834128,0.03487521003717787,0.0009519305274128904,3.43331561372687e-06,0.2027417697855104,0.49108353233210145
topology_0290,neural_t5,250,0.03429920089365578,0.034286509436155556,0.0009329743891790728,3.3788917620636396e-06,0.20060157997883943,0.4888623239634478
topology_0290,neural_t5,255,0.033728255751317285,0.03371584969622905,0.0009147153788657624,3.3261427790467025e-06,0.19849738641127157,0.4866668719023806
topology_0290,neural_t5,260,0.03317445110842846,0.03316231876665429,0.0008971118318175753,3.27498586155798e-06,0.19642817843533836,0.48449654549479143
topology_0290,neural_t5,265,0.032636932149284516,0.032625062596046195,0.0008801251719076093,3.2253440051191938e-06,0.19439299242194635,0.48235073772249987
topology_0290,neural_t5,270,0.032114925137304524,0.032103308164838223,0.0008637194879406876,3.1771461291058647e-06,0.19239090975946577,0.48022886255553454
topology_0290,neural_t5,275,0.03160773512579519,0.0315963611439282,0.0008478634594975276,3.1303259976919472e-06,0.19042104977783272,0.47813035641898577
topology_0290,neural_t5,280,0.03111468104734577,0.031103541040773074,0.0008325274090807863,3.0848229805304997e-06,0.18848256954002865,0.47605467794060835
topology_0290,neural_t5,285,0.030635137596643394,0.030624223090342184,0.0008176835776137824,3.0405801536139863e-06,0.18657466205551848,0.4740013044325219
topology_0290,neural_t5,290,0.03016852548128143,0.030157828491564204,0.00080330654351444,2.997544402792985e-06,0.18469655340890126,0.4719697309997986
topology_0290,neural_t5,295,0.02971430241234538,0.029703815405081754,0.0007893728505464968,2.955666086491437e-06,0.1828475006816089,0.46995947068073224
topology_0290,neural_t5,300,0.029271962638205692,0.029261678493246842,0.0007758607824415826,2.91489880592204e-06,0.1810267901361503,0.4679700525774712
topology_0290,neural_t5,305,0.028841032682498505,0.028830944661901222,0.0007627501744128975,2.875199098224624e-06,0.1792337352616509,0.46600102210730426
topology_0290,neural_t5,310,0.02842104951629005,0.028411151227233585,0.0007500223361975943,2.8365260071916406e-06,0.17746767606952954,0.464051940172567
topology_0290,neural_t5,315,0.028011615109611716,0.028001900491481414,0.0007376598678845904,2.7988412915354e-06,0.17572797755033892,0.46212238148409146
topology_0290,neural_t5,320,0.027612334768857136,0.02760279806109717,0.0007256465782201883,2.762108675139837e-06,0.17401402580677,0.46021193518220355
topology_0290,neural_t5,325,0.027222833211976084,0.027213468931800308,0.0007139673328162439,2.726293970291093e-06,0.1723252290772209,0.4583202040575353
topology_0290,neural_t5,330,0.026842756759875023,0.026833559682184174,0.0007026080052429916,2.6913649045241274e-06,0.17066101657207491,0.45644680358021184
topology_0290,neural_t5,335,0.0264717712328244,0.026462736372210915,0.0006915553749771181,2.6572909301997976e-06,0.16902083729141726,0.4545913612857238
topology_0290,neural_t5,340,0.026109560071197108,0.026100682665306088,0.0006807970555448853,2.6240430798774498e-06,0.16740415904801262,0.45275351628655325
topology_0290,neural_t5,345,0.02575582318782648,0.025747098682426743,0.0006703214181276928,2.5915938615471697e-06,0.1658104675172369,0.4509329188260448
topology_0290,neural_t5,350,0.02541027552101141,0.025401699556194854,0.0006601175329788274,2.5599171433792525e-06,0.1642392653736995,0.4491292298164318
topology_0290,neural_t5,355,0.02507264617872932,0.02506421457542767,0.0006501751493930879,2.5289881012845452e-06,0.16269007148814715,0.4473421203808258
topology_0290,neural_t5,360,0.024742678018802578,0.024734386765008894,0.000640484704869507,2.498783236758796e-06,0.16116242017639187,0.44557127140145786
topology_0290,neural_t5,365,0.02442012427912247,0.024411969529458986,0.0006310367685095787,2.469279518926766e-06,0.15965586049234692,0.44381637323594264
topology_0290,neural_t5,370,0.024104750248530423,0.024096728305571493,0.0006218227687002269,2.440455453569132e-06,0.15816995558327304,0.4420771252209571
topology_0290,neural_t5,375,0.023796331159721525,0.023788438464417874,0.0006128346176521816,2.4122903974139225e-06,0.15670428212254225,0.4403532354263773
topology_0290,neural_t5,380,0.023494653934969474,0.02348688706593649,0.000604064391286393,2.384764569264758e-06,0.15525842969330533,0.43864442021721006
topology_0290,neural_t5,385,0.023199514292295383,0.023191869951680735,0.0005955048137901783,2.357858990186642e-06,0.15383200009969117,0.4369504039061158
topology_0290,neural_t5,390,0.022910715576875542,0.02290319058682951,0.0005871488326656867,2.3315554919053917e-06,0.15242460696433557,0.4352709185937915
topology_0290,neural_t5,395,0.02262807028043079,0.0226206615729425,0.0005789898976975543,2.305836555482456e-06,0.1510358752738607,0.43360570374718876
topology_0290,neural_t5,400,0.02235139832433429,0.022344102936059464,0.0005710217459136503,2.2806855174421282e-06,0.1496654409238205,0.4319545060548097
topology_0290,neural_t5,405,0.02208052648614143,0.02207334155681668,0.0005632382545408337,2.256086186907194e-06,0.14831295027230904,0.43031707901365546
topology_0290,neural_t5,410,0.02181528878205592,0.021808211547519316,0.0005556336573799409,2.232023019786028e-06,0.14697805969812447,0.4286931826817895
topology_0290,neural_t5,415,0.02155552574748374,0.021548553534761095,0.0005482024558326307,2.208481046404098e-06,0.14566043519620722,0.4270825834893396
topology_0290,neural_t5,420,0.02130108237388351,0.021294212595095233,0.0005409394399421545,2.1854458487433486e-06,0.14435975205890098,0.4254850540341614
topology_0290,neural_t5,425,0.021051812568763633,0.02104504271989672,0.0005338395544774367,2.1629035289510657e-06,0.1430756947125651,0.42390037271416314
topology_0290,neural_t5,430,0.020807575693292845,0.020800903351940066,0.0005268978953851511,2.1408406522489557e-06,0.1418079557778485,0.42232832367866296
topology_0290,neural_t5,435,0.020568233975880992,0.020561656793728067,0.0005201098848564686,2.1192442538654287e-06,0.14055623615358315,0.42076869684582546
topology_0290,neural_t5,440,0.020333655456842268,0.020327171157503397,0.000513471098604532,2.0981018168217538e-06,0.13932024476355154,0.41922128721199337
topology_0290,neural_t5,445,0.02010371292619484,0.02009731930267929,0.0005069772671549479,2.0774012194751746e-06,0.13809969819336304,0.4176858949126651
topology_0290,neural_t5,450,0.019878283785414088,0.01987197869698699,0.0005006242984163454,2.0571307501783908e-06,0.13689432041615698,0.41616232505590944
topology_0290,neural_t5,455,0.01965724968415113,0.019651031053735085,0.0004944082520477876,2.037279070116524e-06,0.13570384251912088,0.41465038755239864
topology_0290,neural_t5,460,0.01944049615326861,0.019434361964749198,0.000488325338992712,2.0178352082851276e-06,0.13452800246108337,0.41314989694135495
topology_0290,neural_t5,465,0.01922791240766979,0.01922186070361129,0.0004823719030275532,1.9987885387051727e-06,0.13336654487217703,0.4116606722219744
topology_0290,neural_t5,470,0.019019392596282277,0.019013421475545546,0.00047654444060385903,1.980128786310619e-06,0.13221922075824025,0.41018253670847726
topology_0290,neural_t5,475,0.018814833745545774,0.018808941361521198,0.0004708395507449425,1.961845958582357e-06,0.13108578724116354,0.4087153179448635
topology_0290,neural_t5,480,0.018614136068986726,0.018608320627315097,0.00046525395960346114,1.943930385583829e-06,0.1299660074044027,0.4072588475319024
topology_0290,neural_t5,485,0.018417203574472577,0.018411463331339455,0.0004597845053896643,1.926372670335869e-06,0.1288596500951125,0.40581296097498937
topology_0290,neural_t5,490,0.018223943242351236,0.018218276503080087,0.0004544281162662326,1.909163714863548e-06,0.1277664896094043,0.4043774973614343
topology_0290,neural_t5,495,0.018034263982166447,0.01802866909832183,0.00044918185727177857,1.892294699651169e-06,0.12668630570169684,0.4029522997468984
topology_0290,neural_t5,500,0.017848077667060824,0.0178425530351016,0.0004440428814403672,1.8757570381064607e-06,0.12561888342963626,0.4015372148301286
topology_0290,neural_t5,505,0.01766529951559132,0.017659843575764722,0.0004390084249469837,1.8595424132816765e-06,0.12456401292178391,0.4001320926939464
topology_0290,neural_t5,510,0.01748584754303044,0.017480458777738937,0.0004340758215506158,1.843642753173137e-06,0.1235214891818824,0.3987367867088802
topology_0290,neural_t5,515,0.017309642043336102,0.01730431897587519,0.00042924248138701443,1.8280501615857526e-06,0.12249111191906362,0.39735115354182143
topology_0290,neural_t5,520,0.01713660580058368,0.01713134699400954,0.0004245058884755423,1.8127570432949836e-06,0.12147268543041821,0.39597505295752955
topology_0290,neural_t5,525,0.01696666396372815,0.016961468019144204,0.0004198636227319234,1.7977559726599817e-06,0.12046601843593373,0.3946083478122683
topology_0290,neural_t5,530,0.016799743877455104,0.016794609432970398,0.00041531333092189937,1.7830397408653895e-06,0.1194709239487687,0.39325090392899936
topology_0290,neural_t5,535,0.016635775043564748,0.016630700773113807,0.00041085273187937727,1.7686013399887227e-06,0.11848721914317158,0.39190259001861166
topology_0290,neural_t5,540,0.01647468900746848,0.016469673619699764,0.0004064796124406995,1.7544339562040562e-06,0.11751472522864165,0.39056327759193865
topology_0290,neural_t5,545,0.01631641933880225,0.01631146157599415,0.000402191826195449,1.7405309631534903e-06,0.1165532673281061,0.3892328408794446
topology_0290,neural_t5,550,0.016160901156646656,0.016155999793613086,0.00039798728816647797,1.7268859125117526e-06,0.1156026743592899,0.38791115675747145
topology_0290,neural_t5,555,0.01600806322612505,0.01600321706695179,0.00039386396583509,1.7134925127170593e-06,0.1146627794856525,0.38659810456689975
topology_0290,neural_t5,560,0.015857856806929596,0.01585306468975034,0.00038981990778085143,1.7003447156689552e-06,0.11373341932824833,0.3852935659841561
topology_0290,neural_t5,565,0.015710221978095438,0.015705482770946765,0.00038585319110402775,1.6874365691977673e-06,0.11281443316990623,0.38399742536336146
topology_0290,neural_t5,570,0.01556509994156668,0.015560412540596001,0.00038196197794152984,1.6747622783759458e-06,0.11190566376911774,0.38270956971580766
topology_0290,neural_t5,575,0.015422434353801525,0.015417797683183881,0.00037814446238423915,1.6623162302181573e-06,0.11100695727184706,0.38142988806557687
topology_0290,neural_t5,580,0.015282170425579217,0.01527758343658522,0.0003743988939864492,1.6500929505326128e-06,0.11011816305837384,0.3801582717090544
topology_0290,neural_t5,585,0.0151442549908728,0.01513971666122356,0.0003707235669822359,1.638087111595916e-06,0.10923913364363125,0.3788946141163834
topology_0290,neural_t5,590,0.01500863639533709,0.015004145728407367,0.0003671168251681451,1.6262935273668802e-06,0.10836972457570843,0.3776388108650451
topology_0290,neural_t5,595,0.014875264457668132,0.014870820481778959,0.00036357705784198236,1.6147071515435942e-06,0.10750979434242479,0.3763907595848769
topology_0290,neural_t5,600,0.014744090369685766,0.014739692137463576,0.0003601026959217686,1.603323063280127e-06,0.10665920428291456,0.37515035990745016
topology_0290,neural_t5,605,0.014615066632612665,0.014610713220241694,0.00035669221559239,1.5921364771318863e-06,0.10581781850650064,0.37391751341318913
topology_0290,neural_t5,610,0.014488147041455167,0.01448383754804308,0.0003533441335457478,1.5811427312173236e-06,0.10498550381719965,0.3726921235890561
topology_0290,neural_t5,615,0.01436328655692081,0.014359020103986412,0.0003500570004683849,1.5703372760897225e-06,0.10416212963951466,0.37147409577025575
topology_0290,neural_t5,620,0.014240444236219379,0.014236219968247234,0.0003468293929854075,1.5597159788719582e-06,0.10334756790586393,0.37026333584248305
topology_0290,neural_t5,624,0.014143589483788658,0.014139398359380268,0.00034428928826145096,1.5513478750405155e-06,0.10270217880705011,0.3692999014512682
topology_0291,cold,0,1.0,0.9882133948233398,0.1530826119064255,1.4954478080823308e-05,1.0,1.0
topology_0291,cold,5,7.073041095606005,7.072489942637018,0.08829636404868312,0.00032175363640235316,0.7437694112054006,0.39233869154999873
topology_0291,cold,10,2.870288016422796,2.8696298418486808,0.06146405468533786,0.00019486780388042657,0.5708207776158478,0.4352389646412465
topology_0291,cold,15,1.3672402677701119,1.3667721994617952,0.035772861103993914,8.365935848955959e-05,0.487628981327296,0.510536716148136
topology_0291,cold,20,0.8234874428619734,0.8231784142114947,0.022558027737764427,4.808516591211477e-05,0.43921876035101254,0.5378145264444071
topology_0291,cold,25,0.5246941470591734,0.5244304730857172,0.01663206542936391,3.5451341398085884e-05,0.40889889648579536,0.5450501237959235
topology_0291,cold,30,0.37834374350818434,0.3781054925470947,0.013424750870913136,2.8662861492189673e-05,0.38814518697782313,0.5465707603642241
topology_0291,cold,35,0.296840739869693,0.29662426363735195,0.01133448088304733,2.4720382346643296e-05,0.37307085635049314,0.5466618981642801
topology_0291,cold,40,0.24562099188119424,0.24542400927502273,0.009834980316013976,2.2051278099589533e-05,0.36156526753917007,0.5453086309714408
topology_0291,cold,45,0.2118395278622282,0.21166056316276813,0.008705812060885366,2.0071675455545982e-05,0.3523393751712875,0.542883570863502
topology_0291,cold,50,0.18834549920426458,0.1881828894063219,0.007824759574973472,1.851446761592254e-05,0.3445918484765129,0.5398417742421756
topology_0291,cold,55,0.1713650738039386,0.1712172545028829,0.007116177543187541,1.7248135998904156e-05,0.3378314161160493,0.5363713105844421
topology_0291,cold,60,0.15845566577066772,0.15832095473444877,0.006532460859446298,1.618388027954466e-05,0.33174315176703906,0.5327084660349644
topology_0291,cold,65,0.14822764061234012,0.1481044515145153,0.006041907801882537,1.5270861047533283e-05,0.3261333072643862,0.5289550505261916
topology_0291,cold,70,0.13984964199754124,0.1397365665711252,0.005622643527176607,1.4474814326401492e-05,0.32087645189476166,0.5251705731472569
topology_0291,cold,75,0.13279601972275376,0.13269182638800434,0.005259455709684735,1.3771695310830128e-05,0.31588998223707293,0.5213923717681042
topology_0291,cold,80,0.1267202198029691,0.12662384352621994,0.004941273600134057,1.3144154634163243e-05,0.3111187924825943,0.5176443941641952
topology_0291,cold,85,0.1213876978492203,0.12129822286999567,0.0046598454348213275,1.25792701824102e-05,0.3065255801367572,0.5139415785382305
topology_0291,cold,90,0.11663579201378041,0.11655243285313836,0.004408880706087997,1.2067144915579905e-05,0.3020845964988609,0.5102927617321461
topology_0291,cold,95,0.11234890369958238,0.11227098622136365,0.004183501024242746,1.1600024366853774e-05,0.29777763237950583,0.5067028497555282
topology_0291,cold,100,0.10844281984968501,0.10836976413647331,0.003979858433306919,1.1171715169566265e-05,0.2935914382616767,0.5031742096471286
topology_0291,cold,105,0.10485473727208618,0.10478604278192533,0.0037948715860992312,1.0777186992883902e-05,0.2895160626091425,0.4997076000624088
topology_0291,cold,110,0.10153678091668929,0.10147201391965828,0.00362603938154248,1.0412297504054967e-05,0.28554377573152573,0.4963027611239154
topology_0291,cold,115,0.09845164463352987,0.09839042767458375,0.0034713068982797904,1.0073594267526498e-05,0.2816683672117686,0.4929587997584235
topology_0291,cold,120,0.09556979382047116,0.09551179701900744,0.0033289676876517055,9.758168700092196e-06,0.2778846851011545,0.4896744388065678
topology_0291,cold,125,0.09286723257869808,0.09281216630497402,0.003197590193432955,9.463545917171483e-06,0.27418833055965547,0.48644818521640976
topology_0291,cold,130,0.09032422824770335,0.09027183720072485,0.0030759604251293553,9.187604765156904e-06,0.27057545868442345,0.48327843169438506
topology_0291,cold,135,0.08792431074696712,0.08787436902743792,0.0029630404385631425,8.928512634011726e-06,0.2670426394388857,0.48016352186061423
topology_0291,cold,140,0.08565353813030013,0.08560584512646974,0.002857936143116804,8.68467191783803e-06,0.26358676375214585,0.4771017945358599
topology_0291,cold,145,0.08349996143192223,0.08345433836221632,0.002759872492612516,8.454686848813787e-06,0.26020497901630285,0.4740916086649767
topology_0291,cold,150,0.08145327065406717,0.08140955770452252,0.002668172922643265,8.237330195172566e-06,0.25689464325336625,0.4711313639025179
topology_0291,cold,155,0.07950447423904816,0.07946252814064636,0.0025822434082018856,8.031516616306256e-06,0.25365328953098776,0.46821950950978336
topology_0291,cold,160,0.07764565932666545,0.07760535127159605,0.0025015604884607127,7.836283873836753e-06,0.25047860289463236,0.465354549379237
topology_0291,cold,165,0.07586983144137897,0.07583104533765497,0.0024256602003215203,7.650774765862007e-06,0.24736840193979745,0.46253504414666136
topology_0291,cold,170,0.07419208196342729,0.07415472691584812,0.0023540276473687474,7.47925975623212e-06,0.24432062959526413,0.4597528036356619
topology_0291,cold,175,0.0725850808045681,0.0725490605363822,0.002286420193168298,7.307140626748933e-06,0.24133052045651596,0.45701262001225157
topology_0291,cold,180,0.07100785757665933,0.07097306411515324,0.002222601329775446,7.145793767493142e-06,0.23839908482126482,0.45432333887649223
topology_0291,cold,185,0.06949750949193174,0.06946386966783859,0.002162079429720615,6.992156849785384e-06,0.23552552815434827,0.4516738179214203
topology_0291,cold,190,0.06804980135288108,0.06801724587628756,0.0021046806680502152,6.845199356331973e-06,0.23270777487781755,0.44906246332042143
topology_0291,cold,195,0.06665843710735167,0.06662690145887258,0.0020501694162949097,6.704396180402257e-06,0.22994395001954593,0.44648879064981245
topology_0291,cold,200,0.06531898902414456,0.06528841403150926,0.0019983186008173818,6.569335236211733e-06,0.22723236672454794,0.4439519076320069
topology_0291,cold,205,0.0640279658812532,0.06399829725641476,0.0019489283469397531,6.4396423384566695e-06,0.22457146498570943,0.4414508453727051
topology_0291,cold,210,0.06278234663989656,0.06275353449941858,0.0019018195402007274,6.3149761692899385e-06,0.2219597778046531,0.43898462721721165
topology_0291,cold,215,0.061579432870011205,0.06155143129854486,0.0018568304484751666,6.195025793349742e-06,0.2193959161000605,0.43655231692077945
topology_0291,cold,220,0.06041679435005728,0.06038956103240817,0.0018138139071435667,6.079507703068036e-06,0.21687855797972283,0.4341530130682751
topology_0291,cold,225,0.05929222726839498,0.05926572314730116,0.0017726360753086204,5.96816270725843e-06,0.21440644105762735,0.4317858476027143
topology_0291,cold,230,0.05820372187559323,0.058177910855070514,0.0017331746485722997,5.860752898170164e-06,0.2119783565514514,0.4294499837693006
topology_0291,cold,235,0.05714943615183629,0.057124284817619775,0.0016953180835837813,5.7570600587449156e-06,0.20959314468569923,0.4271446150986621
topology_0291,cold,240,0.05612767571946658,0.056103153088458035,0.0016589644970010533,5.656883509048648e-06,0.20724969098811716,0.42486896454224005
topology_0291,cold,245,0.05513687624881387,0.055112953545324445,0.0016240206506991767,5.560038324468837e-06,0.2049469232551349,0.4226222833326168
topology_0291,cold,250,0.05417561457199914,0.054152265041132665,0.0015904009833056353,5.466353952327919e-06,0.20268380849971046,0.42040384994433255
topology_0291,cold,255,0.05324252720067095,0.05321972590356331,0.001558027139021622,5.3756721651182185e-06,0.2004593485697701,0.4182129699676382
topology_0291,cold,260,0.0523363391946678,0.05231406284847133,0.0015268269791278992,5.287846638660504e-06,0.19827258476292675,0.4160489715993067
topology_0291,cold,265,0.05145589309379263,0.05143411993590847,0.0014967342549285416,5.2027419394155365e-06,0.19612259186889033,0.41391120696725775
topology_0291,cold,270,0.05060010210699352,0.050578811766509586,0.001467687742467769,5.120231690309733e-06,0.1940084759655355,0.4117990509710245
topology_0291,cold,275,0.04976794733331922,0.04974712070873127,0.0014396310497336192,5.040198404511919e-06,0.19192937312300268,0.4097119000099472
topology_0291,cold,280,0.048958473046767675,0.04893809219853137,0.0014125120928301044,4.962532460198132e-06,0.18988444810757998,0.40764917110198595
topology_0291,cold,285,0.048170781092772515,0.04815082914673793,0.0013862826859658392,4.887131441058658e-06,0.1878728931257731,0.40561030092373024
topology_0291,cold,290,0.04740402723642167,0.047384488296782296,0.0013608981996753103,4.8138995594758355e-06,0.18589392656832848,0.40359474496697695
topology_0291,cold,295,0.04665741480934076,0.04663827388350403,0.0013363170898068977,4.742746821330356e-06,0.18394679189745602,0.4016019764913674
topology_0291,cold,300,0.04593019298648353,0.04591143591078639,0.0013125008735016739,4.673588780300198e-06,0.18203075650048908,0.3996314859447577
topology_0291,cold,305,0.0452216513944021,0.045203264770199515,0.001289413717021911,4.60634607658178e-06,0.18014511069330064,0.3976827803743055
topology_0291,cold,310,0.04453111806170666,0.044513089197312276,0.0012670222245904298,4.540943929109117e-06,0.1782891667678688,0.3957553825065144
topology_0291,cold,315,0.043857955595429265,0.04384027245232566,0.0012452952542186659,4.477311792414397e-06,0.17646225808108598,0.3938488301203925
topology_0291,cold,320,0.043201560433089606,0.04318421157883195,0.0012242036893276142,4.415383023491803e-06,0.1746637382501191,0.391962675427615
topology_0291,cold,325,0.042561359176197355,0.04254433374252728,0.001203720217860602,4.355094543350912e-06,0.17289298016852722,0.3900964845476331
topology_0291,cold,330,0.04193680545389606,0.04192009309462708,0.001183819309179892,4.296386595934341e-06,0.17114937533209387,0.38824983686229586
topology_0291,cold,335,0.0413273792539963,0.0413109701094852,0.0011644769838970324,4.239202507769121e-06,0.16943233314987857,0.3864223245529867
topology_0291,cold,340,0.040732585273601726,0.0407164699369801,0.0011456707383253868,4.1834884772298384e-06,0.16774128020643828,0.38461355210230064
topology_0291,cold,345,0.04015195007805308,0.040136119565488564,0.001127379370503326,4.129193299668679e-06,0.16607565961216886,0.38282313571666166
topology_0291,cold,350,0.039585021523493476,0.0395694672468104,0.0011095828959920549,4.076268264813234e-06,0.16443493041272314,0.381050702972452
topology_0291,cold,355,0.03903136271582939,0.03901607646219298,0.0010922622180615609,4.0246667978172575e-06,0.16281856725677882,0.3792958913790515
topology_0291,cold,360,0.03849056809227111,0.03847554199321897,0.0010753997388825655,3.974344553295602e-06,0.1612260594464452,0.37755835042640645
topology_0291,cold,365,0.037962243030942956,0.03794746954707575,0.0010589785203088229,3.925259191188027e-06,0.1596569099411898,0.3758377398053229
topology_0291,cold,370,0.03744600655462117,0.03743147845360702,0.0010429825654756934,3.877370194018587e-06,0.15811063544457474,0.3741337281246431
topology_0291,cold,375,0.03694149417252305,0.03692720451171545,0.0010273966978258408,3.830638802554958e-06,0.15658676595899218,0.37244599359859903
topology_0291,cold,380,0.036448355999145386,0.03643429810889296,0.0010122065136717647,3.7850279029321627e-06,0.15508484424639465,0.3707742234873397
topology_0291,cold,385,0.035966256551016804,0.03595242401943085,0.000997398330285254,3.740501952149115e-06,0.15360442536701868,0.36911811370981057
topology_0291,cold,390,0.0354948712326878,0.03548125789195464,0.0009829590844423934,3.697026771068426e-06,0.15214507628385665,0.3674773685599493
topology_0291,cold,395,0.0350338903102258,0.035020490223399064,0.0009688763728492069,3.6545695545926884e-06,0.1507063754875407,0.3658517004783405
topology_0291,cold,400,0.034583014721657604,0.03456982217048436,0.0009551383590828831,3.613098838483025e-06,0.14928791249182685,0.3642408297251521
topology_0291,cold,405,0.034141956787605045,0.0341289662621161,0.0009417337217451426,3.5725843579458777e-06,0.14788928750194646,0.3626444841870254
topology_0291,cold,410,0.03371043552665402,0.03369764171452486,0.0009286515999792693,3.5329969785856273e-06,0.146510111144298,0.3610623992362856
topology_0291,cold,415,0.033288183273916964,0.03327558104822572,0.000915881744906299,3.4943087477107803e-06,0.14515000423484187,0.35949431641636453
topology_0291,cold,420,0.03287494449949288,0.03286252891372742,0.0009034142415445134,3.456492629650337e-06,0.14380859737725632,0.35793998474430944
topology_0291,cold,425,0.03247047359389978,0.03245823987312467,0.0008912396185700147,3.419522641705102e-06,0.14248553003682654,0.3563991596694275
topology_0291,cold,430,0.03207453079797252,0.03206247432692397,0.0008793489058450113,3.383373716168329e-06,0.14118045061001253,0.35487160288143915
topology_0291,cold,435,0.031686879998701505,0.03167499632171892,0.0008677331743988624,3.348021721816485e-06,0.13989301642175705,0.35335708267095745
topology_0291,cold,440,0.0313072979359732,0.03129558274554353,0.0008563840783916817,3.313443380938961e-06,0.13862289336010833,0.35185537293788355
topology_0291,cold,445,0.030935567763473417,0.03092401689289085,0.0008452936180845204,3.279616193700414e-06,0.13736975555106992,0.35036625340295285
topology_0291,cold,450,0.030571477029716156,0.030560086449835735,0.0008344539634680476,3.246518396693284e-06,0.13613328513206086,0.3488895093043259
topology_0291,cold,455,0.030214823937837233,0.030203589746232332,0.0008238578185372101,3.2141290580980394e-06,0.13491317221889398,0.347424931165254
topology_0291,cold,460,0.02986541465405234,0.029854333075453092,0.0008134979720587043,3.1824279399155643e-06,0.13370911414165848,0.3459723147218732
topology_0291,cold,465,0.02952305457594297,0.029512121952228368,0.0008033675619625249,3.1513955310834285e-06,0.1325208156103305,0.34453146106988947
topology_0291,cold,470,0.02918756526027746,0.029176778050303522,0.0007934599457825229,3.121012880965931e-06,0.1313479883352878,0.34310217604747784
topology_0291,cold,475,0.02885876736718032,0.02884812213999819,0.0007837687113423734,3.091261681891985e-06,0.13019035075774593,0.34168426992161705
topology_0291,cold,480,0.02853648873039138,0.02852598216269109,0.0007742876319423633,3.0621242228864753e-06,0.12904762802063402,0.3402775580327531
topology_0291,cold,485,0.028220562428444004,0.02821019129669285,0.0007650108359179607,3.0335834727733197e-06,0.12791955154326964,0.33888186040257445
topology_0291,cold,490,0.0279108225237046,0.02790058370462427,0.0007559324422342748,3.00562283786249e-06,0.1268058592951546,0.33749700056781556
topology_0291,cold,495,0.027607113899863388,0.027597004362679072,0.0007470469974978117,2.9782262523891478e-06,0.12570629534017497,0.33612280642686343
topology_0291,cold,500,0.027309283986434594,0.02729930079037419,0.0007383491706330078,2.9513783067323825e-06,0.12462060961322978,0.334759110363444
topology_0291,cold,505,0.02701718508560037,0.027007325377923132,0.0007298337650290762,2.9250640252339365e-06,0.12354855780677325,0.33340574854991817
topology_0291,cold,510,0.02673067375179617,0.02672093476438017,0.000721495763635499,2.8992688844250137e-06,0.12248990118142238,0.3320625608918172
topology_0291,cold,515,0.02644961103908731,0.02643999008521527,0.0007133303252866754,2.87397882246245e-06,0.12144440642010784,0.3307293910353635
topology_0291,cold,520,0.026173862138923584,0.026164356610205518,0.0007053327750391152,2.8491802304342906e-06,0.12041184546661687,0.32940608620715284
topology_0291,cold,525,0.0259032980300023,0.025893905394600257,0.0006974985783340044,2.8248600905587064e-06,0.1193919953590663,0.3280924965496107
topology_0291,cold,530,0.025637786924633654,0.025628504721549997,0.0006898233721591051,2.8010050109111962e-06,0.11838463802629297,0.3267884777014383
topology_0291,cold,535,0.0253772073653234,0.025368033206138164,0.000682302865167143,2.7776032633284666e-06,0.11738956064808583,0.3254938863747692
topology_0291,cold,540,0.025121444351221562,0.025112375913783676,0.0006749330842991489,2.7546428614509127e-06,0.11640655470775857,0.32420858205045794
topology_0291,cold,545,0.024870377492371733,0.02486141252239847,0.0006677099218708054,2.732111728146296e-06,0.11543541613898517,0.3229324294937494
topology_0291,cold,550,0.02462389380305868,0.02461503010867359,0.0006606295704180274,2.7099988620403325e-06,0.11447594563449615,0.3216652954562782
topology_0291,cold,555,0.024381884019848685,0.024373119470662324,0.0006536883043565872,2.688293315252523e-06,0.11352794816843763,0.3204070494677262
topology_0291,cold,560,0.02414424231541584,0.024135574840645005,0.0006468825120026068,2.6669844916876398e-06,0.11259123288920868,0.31915756406412665
topology_0291,cold,565,0.023910865667287017,0.02390229325305305,0.0006402087178842793,2.6460621221474765e-06,0.11166561296040614,0.31791671447229025
topology_0291,cold,570,0.02368165071536645,0.023673171400951747,0.0006336635798600168,2.625516206922299e-06,0.11075090564582957,0.3166843788149542
topology_0291,cold,575,0.023456492299289568,0.02344810417970787,0.0006272436340176792,2.605337101785643e-06,0.10984693244006281,0.31546043801060863
topology_0291,cold,580,0.02323529695629012,0.02322699817678719,0.0006209457767141259,2.5855155118668494e-06,0.10895351930945193,0.31424477544818596
topology_0291,cold,585,0.023017986087160765,0.023009774846035242,0.0006147669956311168,2.566042379196676e-06,0.10807049479442501,0.31303727594119524
topology_0291,cold,590,0.022804466539708208,0.022796341083311442,0.0006087042691270525,2.5469088314018245e-06,0.10719769068179803,0.3118378275547153
topology_0291,cold,595,0.02259464935865394,0.02258660798000413,0.0006027546821166085,2.528106316259567e-06,0.1063349424630044,0.31064632098531914
topology_0291,cold,600,0.02238844673467892,0.022380487771385064,0.0005969154112716654,2.5096265261411643e-06,0.10548208919996291,0.30946264907321885
topology_0291,cold,605,0.022185777351825683,0.022177899185966445,0.0005911837231437582,2.491461430318795e-06,0.10463897342344908,0.30828670685544957
topology_0291,cold,610,0.021986560734025398,0.021978761790230936,0.00058555696610942,2.473603204295774e-06,0.10380544080104066,0.30711839145269787
topology_0291,cold,615,0.02179071830426159,0.021782997048266434,0.0005800325669675404,2.456044270482545e-06,0.10298134017648866,0.30595760213414497
topology_0291,cold,620,0.02159817364164288,0.02159052857899779,0.0005746080284878718,2.4387772615277873e-06,0.10216652349973149,0.3048042402326744
topology_0291,cold,625,0.021408852135638198,0.021401281810618338,0.0005692809174964781,2.4217950328062708e-06,0.10136084574979158,0.3036582090785917
topology_0291,cold,630,0.021222681495371837,0.021215184489634636,0.0005640488811291431,2.405090646589347e-06,0.10056416487588123,0.30251941395240317
topology_0291,cold,635,0.02103959154813098,0.02103216647954022,0.000558909637960764,2.388657361076555e-06,0.09977634168121263,0.30138776203461887
topology_0291,cold,640,0.020859513816782773,0.020852159338496917,0.0005538609625030613,2.372488634304333e-06,0.0989972397570433,0.3002631623371129
topology_0291,cold,645,0.02068238162738899,0.020675096426708513,0.000548900695756652,2.3565781052214005e-06,0.09822672542018278,0.2991455256903045
topology_0291,cold,650,0.020508130070078037,0.020500912867364995,0.0005440267420289917,2.3409195997257878e-06,0.09746466764743489,0.29803476467775375
topology_0291,cold,655,0.020336695953629767,0.0203295455012457,0.000539237067697228,2.325507123128908e-06,0.0967109380092834,0.2969307935963642
topology_0291,cold,660,0.020168017641479626,0.020160932722936127,0.0005345296910644604,2.3103348435681275e-06,0.09596541060773303,0.295833528414979
topology_0291,cold,665,0.020002035112768216,0.019995014541507903,0.000529902697155047,2.2953970989804503e-06,0.09522796202756494,0.2947428867299197
topology_0291,cold,670,0.01983869011066564,0.019831732729822887,0.0005253542027572502,2.280688384408917e-06,0.09449847125480318,0.2936587877092983
topology_0291,cold,675,0.019677926163132558,0.019671030844401614,0.0005208823903909942,2.266203373710949e-06,0.09377681960479621,0.2925811519297258
topology_0291,cold,680,0.019519686986299113,0.019512852628096107,0.0005164855139096083,2.2519368269586037e-06,0.0930628906980307,0.2915099019736277
topology_0291,cold,685,0.01936391882266205,0.019357144350910214,0.0005121618304277627,2.237883714181778e-06,0.09235657043348676,0.2904449613829873
topology_0291,cold,690,0.019210569387892354,0.01920385375422002,0.0005079096841037422,2.2240391216371523e-06,0.09165774685823884,0.2893862551204063
topology_0291,cold,695,0.01905958759216711,0.019052929773379513,0.0005037274543821563,2.2103982714664757e-06,0.09096631013801208,0.2883337096951122
topology_0291,cold,700,0.018910923121928783,0.018904322119238808,0.000499613559604921,2.196956508783341e-06,0.09028215253663702,0.28728725317266635
topology_0291,cold,705,0.018764527112984365,0.018757981951306308,0.0004955664635606199,2.183709321403605e-06,0.08960516837214882,0.2862468148897536
topology_0291,cold,710,0.018620352012473904,0.01861386173977185,0.000491584671615289,2.170652318321281e-06,0.0889352539574975,0.2852123254350252
topology_0291,cold,715,0.018478351430744805,0.018471915117432142,0.00048766672684384026,2.1577812364221295e-06,0.08827230754984608,0.28418371665359804
topology_0291,cold,720,0.018338480481238977,0.01833209721982285,0.00048381120525142204,2.1450919093463715e-06,0.08761622930036603,0.28316092163058815
topology_0291,cold,725,0.01820069483010557,0.018194363733725315,0.0004800167451601182,2.1325802829509376e-06,0.0869669212109491,0.2821438746600833
topology_0291,cold,730,0.018064951594131493,0.018058671796372182,0.0004762820107857314,2.1202424341801754e-06,0.08632428709760473,0.28113251119268123
topology_0291,cold,735,0.017931208630516865,0.017924979285019835,0.0004726056905646332,2.108074537463919e-06,0.08568823256076671,0.28012676786758345
topology_0291,cold,740,0.01779942500499357,0.017793245284935155,0.0004689865083365802,2.0960728536304583e-06,0.0850586649466648,0.27912658247452354
topology_0291,cold,745,0.01766956081327233,0.017663429910646726,0.00046542322843750976,2.0842337561926343e-06,0.08443549329390006,0.2781318938860955
topology_0291,cold,750,0.017541577189490218,0.017535494314542658,0.00046191465013252454,2.0725537256170013e-06,0.08381862829304582,0.277142642046827
topology_0291,cold,755,0.017415436220917,0.017409400601788562,0.0004584595984706745,2.0610293170804882e-06,0.08320798224777921,0.276158767958143
topology_0291,cold,760,0.01729110009716227,0.01728511097915557,0.00045505692750071617,2.0496571616150103e-06,0.08260346904289095,0.27518021362816725
topology_0291,cold,765,0.017168530537298974,0.01716258718178872,0.00045170552626202956,2.0384339935929487e-06,0.08200500438429384,0.27420692199249186
topology_0291,cold,770,0.01704769878688176,0.01704180047466947,0.00044840428145842255,2.027356697754711e-06,0.08141250504904,0.2732388372157069
topology_0291,cold,775,0.016928565940395046,0.016922711965094244,0.0004451521973449899,2.0164221253816514e-06,0.08082588932350945,0.2722759043067604
topology_0291,cold,780,0.01681109918390053,0.016805288856401045,0.00044194818850501943,2.005627287434814e-06,0.0802450771260665,0.2713180691304141
topology_0291,cold,785,0.01669526482778204,0.016689497472998034,0.00043879128143806877,1.9949692444766324e-06,0.07966998974510363,0.27036527873628
topology_0291,cold,790,0.016581030954535635,0.016575305912538953,0.0004356804826907874,1.98444513579031e-06,0.0791005499070342,0.26941748075889843
topology_0291,cold,795,0.016468366412775055,0.016462683038059315,0.00043261483669635635,1.9740521746581516e-06,0.07853668165340118,0.2684746237393944
topology_0291,cold,800,0.01635724056122631,0.016351598222152746,0.000429593415518192,1.96378764499101e-06,0.07797831035502119,0.2675366571175854
topology_0291,teacher_k20,0,0.8234874428619734,0.8231784142114947,0.022558027737764427,4.808516591211477e-05,0.43921876035101254,0.5378145264444071
topology_0291,teacher_k20,5,0.5246941470591734,0.5244304730857172,0.01663206542936391,3.5451341398085884e-05,0.40889889648579536,0.5450501237959235
topology_0291,teacher_k20,10,0.37834374350818434,0.3781054925470947,0.013424750870913136,2.8662861492189673e-05,0.38814518697782313,0.5465707603642241
topology_0291,teacher_k20,15,0.296840739869693,0.29662426363735195,0.01133448088304733,2.4720382346643296e-05,0.37307085635049314,0.5466618981642801
topology_0291,teacher_k20,20,0.24562099188119424,0.24542400927502273,0.009834980316013976,2.2051278099589533e-05,0.36156526753917007,0.5453086309714408
topology_0291,teacher_k20,25,0.2118395278622282,0.21166056316276813,0.008705812060885366,2.0071675455545982e-05,0.3523393751712875,0.542883570863502
topology_0291,teacher_k20,30,0.18834549920426458,0.1881828894063219,0.007824759574973472,1.851446761592254e-05,0.3445918484765129,0.5398417742421756
topology_0291,teacher_k20,35,0.1713650738039386,0.1712172545028829,0.007116177543187541,1.7248135998904156e-05,0.3378314161160493,0.5363713105844421
topology_0291,teacher_k20,40,0.15845566577066772,0.15832095473444877,0.006532460859446298,1.618388027954466e-05,0.33174315176703906,0.5327084660349644
topology_0291,teacher_k20,45,0.14822764061234012,0.1481044515145153,0.006041907801882537,1.5270861047533283e-05,0.3261333072643862,0.5289550505261916
topology_0291,teacher_k20,50,0.13984964199754124,0.1397365665711252,0.005622643527176607,1.4474814326401492e-05,0.32087645189476166,0.5251705731472569
topology_0291,teacher_k20,55,0.13279601972275376,0.13269182638800434,0.005259455709684735,1.3771695310830128e-05,0.31588998223707293,0.5213923717681042
topology_0291,teacher_k20,60,0.1267202198029691,0.12662384352621994,0.004941273600134057,1.3144154634163243e-05,0.3111187924825943,0.5176443941641952
topology_0291,teacher_k20,65,0.1213876978492203,0.12129822286999567,0.0046598454348213275,1.25792701824102e-05,0.3065255801367572,0.5139415785382305
topology_0291,teacher_k20,70,0.11663579201378041,0.11655243285313836,0.004408880706087997,1.2067144915579905e-05,0.3020845964988609,0.5102927617321461
topology_0291,teacher_k20,75,0.11234890369958238,0.11227098622136365,0.004183501024242746,1.1600024366853774e-05,0.29777763237950583,0.5067028497555282
topology_0291,teacher_k20,80,0.10844281984968501,0.10836976413647331,0.003979858433306919,1.1171715169566265e-05,0.2935914382616767,0.5031742096471286
topology_0291,teacher_k20,85,0.10485473727208618,0.10478604278192533,0.0037948715860992312,1.0777186992883902e-05,0.2895160626091425,0.4997076000624088
topology_0291,teacher_k20,90,0.10153678091668929,0.10147201391965828,0.00362603938154248,1.0412297504054967e-05,0.28554377573152573,0.4963027611239154
topology_0291,teacher_k20,95,0.09845164463352987,0.09839042767458375,0.0034713068982797904,1.0073594267526498e-05,0.2816683672117686,0.4929587997584235
topology_0291,teacher_k20,100,0.09556979382047116,0.09551179701900744,0.0033289676876517055,9.758168700092196e-06,0.2778846851011545,0.4896744388065678
topology_0291,teacher_k20,105,0.09286723257869808,0.09281216630497402,0.003197590193432955,9.463545917171483e-06,0.27418833055965547,0.48644818521640976
topology_0291,teacher_k20,110,0.09032422824770335,0.09027183720072485,0.0030759604251293553,9.187604765156904e-06,0.27057545868442345,0.48327843169438506
topology_0291,teacher_k20,115,0.08792431074696712,0.08787436902743792,0.0029630404385631425,8.928512634011726e-06,0.2670426394388857,0.48016352186061423
topology_0291,teacher_k20,120,0.08565353813030013,0.08560584512646974,0.002857936143116804,8.68467191783803e-06,0.26358676375214585,0.4771017945358599
topology_0291,teacher_k20,125,0.08349996143192223,0.08345433836221632,0.002759872492612516,8.454686848813787e-06,0.26020497901630285,0.4740916086649767
topology_0291,teacher_k20,130,0.08145327065406717,0.08140955770452252,0.002668172922643265,8.237330195172566e-06,0.25689464325336625,0.4711313639025179
topology_0291,teacher_k20,135,0.07950447423904816,0.07946252814064636,0.0025822434082018856,8.031516616306256e-06,0.25365328953098776,0.46821950950978336
topology_0291,teacher_k20,140,0.07764565932666545,0.07760535127159605,0.0025015604884607127,7.836283873836753e-06,0.25047860289463236,0.465354549379237
topology_0291,teacher_k20,145,0.07586983144137897,0.07583104533765497,0.0024256602003215203,7.650774765862007e-06,0.24736840193979745,0.46253504414666136
topology_0291,teacher_k20,150,0.07419208196342729,0.07415472691584812,0.0023540276473687474,7.47925975623212e-06,0.24432062959526413,0.4597528036356619
topology_0291,teacher_k20,155,0.0725850808045681,0.0725490605363822,0.002286420193168298,7.307140626748933e-06,0.24133052045651596,0.45701262001225157
topology_0291,teacher_k20,160,0.07100785757665933,0.07097306411515324,0.002222601329775446,7.145793767493142e-06,0.23839908482126482,0.45432333887649223
topology_0291,teacher_k20,165,0.06949750949193174,0.06946386966783859,0.002162079429720615,6.992156849785384e-06,0.23552552815434827,0.4516738179214203
topology_0291,teacher_k20,170,0.06804980135288108,0.06801724587628756,0.0021046806680502152,6.845199356331973e-06,0.23270777487781755,0.44906246332042143
topology_0291,teacher_k20,175,0.06665843710735167,0.06662690145887258,0.0020501694162949097,6.704396180402257e-06,0.22994395001954593,0.44648879064981245
topology_0291,teacher_k20,180,0.06531898902414456,0.06528841403150926,0.0019983186008173818,6.569335236211733e-06,0.22723236672454794,0.4439519076320069
topology_0291,teacher_k20,185,0.0640279658812532,0.06399829725641476,0.0019489283469397531,6.4396423384566695e-06,0.22457146498570943,0.4414508453727051
topology_0291,teacher_k20,190,0.06278234663989656,0.06275353449941858,0.0019018195402007274,6.3149761692899385e-06,0.2219597778046531,0.43898462721721165
topology_0291,teacher_k20,195,0.061579432870011205,0.06155143129854486,0.0018568304484751666,6.195025793349742e-06,0.2193959161000605,0.43655231692077945
topology_0291,teacher_k20,200,0.06041679435005728,0.06038956103240817,0.0018138139071435667,6.079507703068036e-06,0.21687855797972283,0.4341530130682751
topology_0291,teacher_k20,205,0.05929222726839498,0.05926572314730116,0.0017726360753086204,5.96816270725843e-06,0.21440644105762735,0.4317858476027143
topology_0291,teacher_k20,210,0.05820372187559323,0.058177910855070514,0.0017331746485722997,5.860752898170164e-06,0.2119783565514514,0.4294499837693006
topology_0291,teacher_k20,215,0.05714943615183629,0.057124284817619775,0.0016953180835837813,5.7570600587449156e-06,0.20959314468569923,0.4271446150986621
topology_0291,teacher_k20,220,0.05612767571946658,0.056103153088458035,0.0016589644970010533,5.656883509048648e-06,0.20724969098811716,0.42486896454224005
topology_0291,teacher_k20,225,0.05513687624881387,0.055112953545324445,0.0016240206506991767,5.560038324468837e-06,0.2049469232551349,0.4226222833326168
topology_0291,teacher_k20,230,0.05417561457199914,0.054152265041132665,0.0015904009833056353,5.466353952327919e-06,0.20268380849971046,0.42040384994433255
topology_0291,teacher_k20,235,0.05324252720067095,0.05321972590356331,0.001558027139021622,5.3756721651182185e-06,0.2004593485697701,0.4182129699676382
topology_0291,teacher_k20,240,0.0523363391946678,0.05231406284847133,0.0015268269791278992,5.287846638660504e-06,0.19827258476292675,0.4160489715993067
topology_0291,teacher_k20,245,0.05145589309379263,0.05143411993590847,0.0014967342549285416,5.2027419394155365e-06,0.19612259186889033,0.41391120696725775
topology_0291,teacher_k20,250,0.05060010210699352,0.050578811766509586,0.001467687742467769,5.120231690309733e-06,0.1940084759655355,0.4117990509710245
topology_0291,teacher_k20,255,0.04976794733331922,0.04974712070873127,0.0014396310497336192,5.040198404511919e-06,0.19192937312300268,0.4097119000099472
topology_0291,teacher_k20,260,0.048958473046767675,0.04893809219853137,0.0014125120928301044,4.962532460198132e-06,0.18988444810757998,0.40764917110198595
topology_0291,teacher_k20,265,0.048170781092772515,0.04815082914673793,0.0013862826859658392,4.887131441058658e-06,0.1878728931257731,0.40561030092373024
topology_0291,teacher_k20,270,0.04740402723642167,0.047384488296782296,0.0013608981996753103,4.8138995594758355e-06,0.18589392656832848,0.40359474496697695
topology_0291,teacher_k20,275,0.04665741480934076,0.04663827388350403,0.0013363170898068977,4.742746821330356e-06,0.18394679189745602,0.4016019764913674
topology_0291,teacher_k20,280,0.04593019298648353,0.04591143591078639,0.0013125008735016739,4.673588780300198e-06,0.18203075650048908,0.3996314859447577
topology_0291,teacher_k20,285,0.0452216513944021,0.045203264770199515,0.001289413717021911,4.60634607658178e-06,0.18014511069330064,0.3976827803743055
topology_0291,teacher_k20,290,0.04453111806170666,0.044513089197312276,0.0012670222245904298,4.540943929109117e-06,0.1782891667678688,0.3957553825065144
topology_0291,teacher_k20,295,0.043857955595429265,0.04384027245232566,0.0012452952542186659,4.477311792414397e-06,0.17646225808108598,0.3938488301203925
topology_0291,teacher_k20,300,0.043201560433089606,0.04318421157883195,0.0012242036893276142,4.415383023491803e-06,0.1746637382501191,0.391962675427615
topology_0291,teacher_k20,305,0.042561359176197355,0.04254433374252728,0.001203720217860602,4.355094543350912e-06,0.17289298016852722,0.3900964845476331
topology_0291,teacher_k20,310,0.04193680545389606,0.04192009309462708,0.001183819309179892,4.296386595934341e-06,0.17114937533209387,0.38824983686229586
topology_0291,teacher_k20,315,0.0413273792539963,0.0413109701094852,0.0011644769838970324,4.239202507769121e-06,0.16943233314987857,0.3864223245529867
topology_0291,teacher_k20,320,0.040732585273601726,0.0407164699369801,0.0011456707383253868,4.1834884772298384e-06,0.16774128020643828,0.38461355210230064
topology_0291,teacher_k20,325,0.04015195007805308,0.040136119565488564,0.001127379370503326,4.129193299668679e-06,0.16607565961216886,0.38282313571666166
topology_0291,teacher_k20,330,0.039585021523493476,0.0395694672468104,0.0011095828959920549,4.076268264813234e-06,0.16443493041272314,0.381050702972452
topology_0291,teacher_k20,335,0.03903136271582939,0.03901607646219298,0.0010922622180615609,4.0246667978172575e-06,0.16281856725677882,0.3792958913790515
topology_0291,teacher_k20,340,0.03849056809227111,0.03847554199321897,0.0010753997388825655,3.974344553295602e-06,0.1612260594464452,0.37755835042640645
topology_0291,teacher_k20,345,0.037962243030942956,0.03794746954707575,0.0010589785203088229,3.925259191188027e-06,0.1596569099411898,0.3758377398053229
topology_0291,teacher_k20,350,0.03744600655462117,0.03743147845360702,0.0010429825654756934,3.877370194018587e-06,0.15811063544457474,0.3741337281246431
topology_0291,teacher_k20,355,0.03694149417252305,0.03692720451171545,0.0010273966978258408,3.830638802554958e-06,0.15658676595899218,0.37244599359859903
topology_0291,teacher_k20,360,0.036448355999145386,0.03643429810889296,0.0010122065136717647,3.7850279029321627e-06,0.15508484424639465,0.3707742234873397
topology_0291,teacher_k20,365,0.035966256551016804,0.03595242401943085,0.000997398330285254,3.740501952149115e-06,0.15360442536701868,0.36911811370981057
topology_0291,teacher_k20,370,0.0354948712326878,0.03548125789195464,0.0009829590844423934,3.697026771068426e-06,0.15214507628385665,0.3674773685599493
topology_0291,teacher_k20,375,0.0350338903102258,0.035020490223399064,0.0009688763728492069,3.6545695545926884e-06,0.1507063754875407,0.3658517004783405
topology_0291,teacher_k20,380,0.034583014721657604,0.03456982217048436,0.0009551383590828831,3.613098838483025e-06,0.14928791249182685,0.3642408297251521
topology_0291,teacher_k20,385,0.034141956787605045,0.0341289662621161,0.0009417337217451426,3.5725843579458777e-06,0.14788928750194646,0.3626444841870254
topology_0291,teacher_k20,390,0.03371043552665402,0.03369764171452486,0.0009286515999792693,3.5329969785856273e-06,0.146510111144298,0.3610623992362856
topology_0291,teacher_k20,395,0.033288183273916964,0.03327558104822572,0.000915881744906299,3.4943087477107803e-06,0.14515000423484187,0.35949431641636453
topology_0291,teacher_k20,400,0.03287494449949288,0.03286252891372742,0.0009034142415445134,3.456492629650337e-06,0.14380859737725632,0.35793998474430944
topology_0291,teacher_k20,405,0.03247047359389978,0.03245823987312467,0.0008912396185700147,3.419522641705102e-06,0.14248553003682654,0.3563991596694275
topology_0291,teacher_k20,410,0.03207453079797252,0.03206247432692397,0.0008793489058450113,3.383373716168329e-06,0.14118045061001253,0.35487160288143915
topology_0291,teacher_k20,415,0.031686879998701505,0.03167499632171892,0.0008677331743988624,3.348021721816485e-06,0.13989301642175705,0.35335708267095745
topology_0291,teacher_k20,420,0.0313072979359732,0.03129558274554353,0.0008563840783916817,3.313443380938961e-06,0.13862289336010833,0.35185537293788355
topology_0291,teacher_k20,425,0.030935567763473417,0.03092401689289085,0.0008452936180845204,3.279616193700414e-06,0.13736975555106992,0.35036625340295285
topology_0291,teacher_k20,430,0.030571477029716156,0.030560086449835735,0.0008344539634680476,3.246518396693284e-06,0.13613328513206086,0.3488895093043259
topology_0291,teacher_k20,435,0.030214823937837233,0.030203589746232332,0.0008238578185372101,3.2141290580980394e-06,0.13491317221889398,0.347424931165254
topology_0291,teacher_k20,440,0.02986541465405234,0.029854333075453092,0.0008134979720587043,3.1824279399155643e-06,0.13370911414165848,0.3459723147218732
topology_0291,teacher_k20,445,0.02952305457594297,0.029512121952228368,0.0008033675619625249,3.1513955310834285e-06,0.1325208156103305,0.34453146106988947
topology_0291,teacher_k20,450,0.02918756526027746,0.029176778050303522,0.0007934599457825229,3.121012880965931e-06,0.1313479883352878,0.34310217604747784
topology_0291,teacher_k20,455,0.02885876736718032,0.02884812213999819,0.0007837687113423734,3.091261681891985e-06,0.13019035075774593,0.34168426992161705
topology_0291,teacher_k20,460,0.02853648873039138,0.02852598216269109,0.0007742876319423633,3.0621242228864753e-06,0.12904762802063402,0.3402775580327531
topology_0291,teacher_k20,465,0.028220562428444004,0.02821019129669285,0.0007650108359179607,3.0335834727733197e-06,0.12791955154326964,0.33888186040257445
topology_0291,teacher_k20,470,0.0279108225237046,0.02790058370462427,0.0007559324422342748,3.00562283786249e-06,0.1268058592951546,0.33749700056781556
topology_0291,teacher_k20,475,0.027607113899863388,0.027597004362679072,0.0007470469974978117,2.9782262523891478e-06,0.12570629534017497,0.33612280642686343
topology_0291,teacher_k20,480,0.027309283986434594,0.02729930079037419,0.0007383491706330078,2.9513783067323825e-06,0.12462060961322978,0.334759110363444
topology_0291,teacher_k20,485,0.02701718508560037,0.027007325377923132,0.0007298337650290762,2.9250640252339365e-06,0.12354855780677325,0.33340574854991817
topology_0291,teacher_k20,490,0.02673067375179617,0.02672093476438017,0.000721495763635499,2.8992688844250137e-06,0.12248990118142238,0.3320625608918172
topology_0291,teacher_k20,495,0.02644961103908731,0.02643999008521527,0.0007133303252866754,2.87397882246245e-06,0.12144440642010784,0.3307293910353635
topology_0291,teacher_k20,500,0.026173862138923584,0.026164356610205518,0.0007053327750391152,2.8491802304342906e-06,0.12041184546661687,0.32940608620715284
topology_0291,teacher_k20,505,0.0259032980300023,0.025893905394600257,0.0006974985783340044,2.8248600905587064e-06,0.1193919953590663,0.3280924965496107
topology_0291,teacher_k20,510,0.025637786924633654,0.025628504721549997,0.0006898233721591051,2.8010050109111962e-06,0.11838463802629297,0.3267884777014383
topology_0291,teacher_k20,515,0.0253772073653234,0.025368033206138164,0.000682302865167143,2.7776032633284666e-06,0.11738956064808583,0.3254938863747692
topology_0291,teacher_k20,520,0.025121444351221562,0.025112375913783676,0.0006749330842991489,2.7546428614509127e-06,0.11640655470775857,0.32420858205045794
topology_0291,teacher_k20,525,0.024870377492371733,0.02486141252239847,0.0006677099218708054,2.732111728146296e-06,0.11543541613898517,0.3229324294937494
topology_0291,teacher_k20,530,0.02462389380305868,0.02461503010867359,0.0006606295704180274,2.7099988620403325e-06,0.11447594563449615,0.3216652954562782
topology_0291,teacher_k20,535,0.024381884019848685,0.024373119470662324,0.0006536883043565872,2.688293315252523e-06,0.11352794816843763,0.3204070494677262
topology_0291,teacher_k20,540,0.02414424231541584,0.024135574840645005,0.0006468825120026068,2.6669844916876398e-06,0.11259123288920868,0.31915756406412665
topology_0291,teacher_k20,545,0.023910865667287017,0.02390229325305305,0.0006402087178842793,2.6460621221474765e-06,0.11166561296040614,0.31791671447229025
topology_0291,teacher_k20,550,0.02368165071536645,0.023673171400951747,0.0006336635798600168,2.625516206922299e-06,0.11075090564582957,0.3166843788149542
topology_0291,teacher_k20,555,0.023456492299289568,0.02344810417970787,0.0006272436340176792,2.605337101785643e-06,0.10984693244006281,0.31546043801060863
topology_0291,teacher_k20,560,0.02323529695629012,0.02322699817678719,0.0006209457767141259,2.5855155118668494e-06,0.10895351930945193,0.31424477544818596
topology_0291,teacher_k20,565,0.023017986087160765,0.023009774846035242,0.0006147669956311168,2.566042379196676e-06,0.10807049479442501,0.31303727594119524
topology_0291,teacher_k20,570,0.022804466539708208,0.022796341083311442,0.0006087042691270525,2.5469088314018245e-06,0.10719769068179803,0.3118378275547153
topology_0291,teacher_k20,575,0.02259464935865394,0.02258660798000413,0.0006027546821166085,2.528106316259567e-06,0.1063349424630044,0.31064632098531914
topology_0291,teacher_k20,580,0.02238844673467892,0.022380487771385064,0.0005969154112716654,2.5096265261411643e-06,0.10548208919996291,0.30946264907321885
topology_0291,teacher_k20,585,0.022185777351825683,0.022177899185966445,0.0005911837231437582,2.491461430318795e-06,0.10463897342344908,0.30828670685544957
topology_0291,teacher_k20,590,0.021986560734025398,0.021978761790230936,0.00058555696610942,2.473603204295774e-06,0.10380544080104066,0.30711839145269787
topology_0291,teacher_k20,595,0.02179071830426159,0.021782997048266434,0.0005800325669675404,2.456044270482545e-06,0.10298134017648866,0.30595760213414497
topology_0291,teacher_k20,600,0.02159817364164288,0.02159052857899779,0.0005746080284878718,2.4387772615277873e-06,0.10216652349973149,0.3048042402326744
topology_0291,teacher_k20,605,0.021408852135638198,0.021401281810618338,0.0005692809174964781,2.4217950328062708e-06,0.10136084574979158,0.3036582090785917
topology_0291,teacher_k20,610,0.021222681495371837,0.021215184489634636,0.0005640488811291431,2.405090646589347e-06,0.10056416487588123,0.30251941395240317
topology_0291,teacher_k20,615,0.02103959154813098,0.02103216647954022,0.000558909637960764,2.388657361076555e-06,0.09977634168121263,0.30138776203461887
topology_0291,teacher_k20,620,0.020859513816782773,0.020852159338496917,0.0005538609625030613,2.372488634304333e-06,0.0989972397570433,0.3002631623371129
topology_0291,teacher_k20,625,0.02068238162738899,0.020675096426708513,0.000548900695756652,2.3565781052214005e-06,0.09822672542018278,0.2991455256903045
topology_0291,teacher_k20,630,0.020508130070078037,0.020500912867364995,0.0005440267420289917,2.3409195997257878e-06,0.09746466764743489,0.29803476467775375
topology_0291,teacher_k20,635,0.020336695953629767,0.0203295455012457,0.000539237067697228,2.325507123128908e-06,0.0967109380092834,0.2969307935963642
topology_0291,teacher_k20,640,0.020168017641479626,0.020160932722936127,0.0005345296910644604,2.3103348435681275e-06,0.09596541060773303,0.295833528414979
topology_0291,teacher_k20,645,0.020002035112768216,0.019995014541507903,0.000529902697155047,2.2953970989804503e-06,0.09522796202756494,0.2947428867299197
topology_0291,teacher_k20,650,0.01983869011066564,0.019831732729822887,0.0005253542027572502,2.280688384408917e-06,0.09449847125480318,0.2936587877092983
topology_0291,teacher_k20,655,0.019677926163132558,0.019671030844401614,0.0005208823903909942,2.266203373710949e-06,0.09377681960479621,0.2925811519297258
topology_0291,teacher_k20,660,0.019519686986299113,0.019512852628096107,0.0005164855139096083,2.2519368269586037e-06,0.0930628906980307,0.2915099019736277
topology_0291,teacher_k20,665,0.01936391882266205,0.019357144350910214,0.0005121618304277627,2.237883714181778e-06,0.09235657043348676,0.2904449613829873
topology_0291,teacher_k20,670,0.019210569387892354,0.01920385375422002,0.0005079096841037422,2.2240391216371523e-06,0.09165774685823884,0.2893862551204063
topology_0291,teacher_k20,675,0.01905958759216711,0.019052929773379513,0.0005037274543821563,2.2103982714664757e-06,0.09096631013801208,0.2883337096951122
topology_0291,teacher_k20,680,0.018910923121928783,0.018904322119238808,0.000499613559604921,2.196956508783341e-06,0.09028215253663702,0.28728725317266635
topology_0291,teacher_k20,685,0.018764527112984365,0.018757981951306308,0.0004955664635606199,2.183709321403605e-06,0.08960516837214882,0.2862468148897536
topology_0291,teacher_k20,690,0.018620352012473904,0.01861386173977185,0.000491584671615289,2.170652318321281e-06,0.0889352539574975,0.2852123254350252
topology_0291,teacher_k20,695,0.018478351430744805,0.018471915117432142,0.00048766672684384026,2.1577812364221295e-06,0.08827230754984608,0.28418371665359804
topology_0291,teacher_k20,700,0.018338480481238977,0.01833209721982285,0.00048381120525142204,2.1450919093463715e-06,0.08761622930036603,0.28316092163058815
topology_0291,teacher_k20,705,0.01820069483010557,0.018194363733725315,0.0004800167451601182,2.1325802829509376e-06,0.0869669212109491,0.2821438746600833
topology_0291,teacher_k20,710,0.018064951594131493,0.018058671796372182,0.0004762820107857314,2.1202424341801754e-06,0.08632428709760473,0.28113251119268123
topology_0291,teacher_k20,715,0.017931208630516865,0.017924979285019835,0.0004726056905646332,2.108074537463919e-06,0.08568823256076671,0.28012676786758345
topology_0291,teacher_k20,720,0.01779942500499357,0.017793245284935155,0.0004689865083365802,2.0960728536304583e-06,0.0850586649466648,0.27912658247452354
topology_0291,teacher_k20,725,0.01766956081327233,0.017663429910646726,0.00046542322843750976,2.0842337561926343e-06,0.08443549329390006,0.2781318938860955
topology_0291,teacher_k20,730,0.017541577189490218,0.017535494314542658,0.00046191465013252454,2.0725537256170013e-06,0.08381862829304582,0.277142642046827
topology_0291,teacher_k20,735,0.017415436220917,0.017409400601788562,0.0004584595984706745,2.0610293170804882e-06,0.08320798224777921,0.276158767958143
topology_0291,teacher_k20,740,0.01729110009716227,0.01728511097915557,0.00045505692750071617,2.0496571616150103e-06,0.08260346904289095,0.27518021362816725
topology_0291,teacher_k20,745,0.017168530537298974,0.01716258718178872,0.00045170552626202956,2.0384339935929487e-06,0.08200500438429384,0.27420692199249186
topology_0291,teacher_k20,750,0.01704769878688176,0.01704180047466947,0.00044840428145842255,2.027356697754711e-06,0.08141250504904,0.2732388372157069
topology_0291,teacher_k20,755,0.016928565940395046,0.016922711965094244,0.0004451521973449899,2.0164221253816514e-06,0.08082588932350945,0.2722759043067604
topology_0291,teacher_k20,760,0.01681109918390053,0.016805288856401045,0.00044194818850501943,2.005627287434814e-06,0.0802450771260665,0.2713180691304141
topology_0291,teacher_k20,765,0.01669526482778204,0.016689497472998034,0.00043879128143806877,1.9949692444766324e-06,0.07966998974510363,0.27036527873628
topology_0291,teacher_k20,770,0.016581030954535635,0.016575305912538953,0.0004356804826907874,1.98444513579031e-06,0.0791005499070342,0.26941748075889843
topology_0291,teacher_k20,775,0.016468366412775055,0.016462683038059315,0.00043261483669635635,1.9740521746581516e-06,0.07853668165340118,0.2684746237393944
topology_0291,teacher_k20,780,0.01635724056122631,0.016351598222152746,0.000429593415518192,1.96378764499101e-06,0.07797831035502119,0.2675366571175854
topology_0291,teacher_k20,785,0.016247623498302978,0.016242021576796134,0.0004266153123738781,1.9536489019948805e-06,0.07742536268028366,0.26660353119851127
topology_0291,teacher_k20,790,0.01613948598578316,0.01613392387696156,0.0004236796431149027,1.9436333660445993e-06,0.0768777665684908,0.26567519711531135
topology_0291,teacher_k20,795,0.01603279943234554,0.016027276543965664,0.00042078555312985417,1.9337385238116802e-06,0.07633545120787232,0.26475160680600834
topology_0291,teacher_k20,800,0.015927536032551502,0.015922051785268083,0.00041793218808596616,1.923961928401809e-06,0.07579834700294313,0.2638327129973334
topology_0291,neural,0,4.890037700171734,4.886558303427542,0.18443592576789214,0.00021351898521170153,0.6197702030279982,0.9984331570830496
topology_0291,neural,5,1.8827874458754978,1.8818624932270671,0.05900928868450671,0.00016364758839997582,0.5878070947177346,0.6292145775531994
topology_0291,neural,10,1.2244553176475839,1.223999996112249,0.03338906442400723,6.935091586310713e-05,0.5286922225085837,0.5653356052589782
topology_0291,neural,15,0.7890019508550934,0.7886498980381677,0.023567233362010824,4.784549688371777e-05,0.4825509546560566,0.5721731355609362
topology_0291,neural,20,0.5529212214755136,0.5526157014383678,0.01837831039114482,3.7268234940329266e-05,0.45108534815283824,0.5779413094642977
topology_0291,neural,25,0.4232045259994056,0.42293848528910427,0.015003582944923762,3.140946650997536e-05,0.428867045739166,0.5789199825505098
topology_0291,neural,30,0.3437985357232893,0.34356416034799186,0.012692522945203786,2.7406980633942635e-05,0.41214897818220525,0.5768764001997029
topology_0291,neural,35,0.29041020623387015,0.2902010981821231,0.011018616075759605,2.44635184406804e-05,0.398879886828289,0.573686106438976
topology_0291,neural,40,0.2526027154880106,0.25241490990052456,0.009738821190341447,2.221822343795764e-05,0.387918193740321,0.5698276000860676
topology_0291,neural,45,0.224900943413911,0.22473147535570667,0.008729141734119742,2.0432823017278013e-05,0.37852747948471044,0.5656262682561606
topology_0291,neural,50,0.20388743235091347,0.20373381500338653,0.00791311158765888,1.896880236696177e-05,0.37024236829008583,0.5612463624244941
topology_0291,neural,55,0.18742918960421442,0.18728932047232344,0.007239560623423529,1.773943912525234e-05,0.3627582042558453,0.5567958650554371
topology_0291,neural,60,0.1741647051115052,0.1740367896000561,0.006673836514117614,1.668730584632676e-05,0.35587263613969455,0.5523425567911234
topology_0291,neural,65,0.1632058175239723,0.16308833346796078,0.006191454717820785,1.5773032226174027e-05,0.3494488507142148,0.5479278357802018
topology_0291,neural,70,0.15395780006039317,0.15384945659975435,0.0057748315419293575,1.4968588137764476e-05,0.3433926261752388,0.5435758623318301
topology_0291,neural,75,0.14601030654120864,0.14591000758548306,0.005411016494345561,1.4253417562291351e-05,0.3376377673741796,0.5393001606974884
topology_0291,neural,80,0.13907325616254088,0.13898006873154456,0.0050902740337730665,1.3612051672818127e-05,0.3321367909112297,0.5351077146238329
topology_0291,neural,85,0.1329376823240363,0.1328508097707738,0.0048051592156178255,1.3032598897685733e-05,0.3268548664519131,0.5310014301914339
topology_0291,neural,90,0.12744959124954944,0.127368350104952,0.004549895034626675,1.2505738037170401e-05,0.32176583489477467,0.526981687058344
topology_0291,neural,95,0.12249368158557021,0.12241748363276087,0.004319905650830088,1.202404732140311e-05,0.31684957372285727,0.5230473258311602
topology_0291,neural,100,0.1179821991614929,0.1179105357266687,0.004111538580695925,1.1581519993318796e-05,0.31209021026166883,0.5191963017586091
topology_0291,neural,105,0.11384666465389585,0.11377909378732577,0.003921829281154766,1.1173227732398067e-05,0.3074749333442466,0.5154260775752587
topology_0291,neural,110,0.11003335332696135,0.10996948943774673,0.0037483490556972877,1.0795085546496333e-05,0.30299317988515406,0.5117338779245305
topology_0291,neural,115,0.10649923614746828,0.10643874109006861,0.00358909265489347,1.044366492415688e-05,0.2986360529604014,0.5081168501026646
topology_0291,neural,120,0.10320917596765905,0.10315175183887415,0.003442382047333372,1.0116063020010967e-05,0.29439593323263474,0.5045721548021875
topology_0291,neural,125,0.10013443037188613,0.10007981375039318,0.0033068004712291967,9.809801643276066e-06,0.2902661948300087,0.5010970224284613
topology_0291,neural,130,0.09725094468963534,0.09719890168132513,0.0031811419785845057,9.522746174081724e-06,0.2862409970872511,0.4976887887011858
topology_0291,neural,135,0.09453857932045237,0.09448890155559199,0.003064372224164684,9.253046733759467e-06,0.2823151312056524,0.49434491133034314
topology_0291,neural,140,0.09198008496629304,0.09193258617405142,0.0029555961790359627,8.999087086317365e-06,0.27848390734908474,0.491062975676896
topology_0291,neural,145,0.08956070022749212,0.08951521339569522,0.0028540356048717065,8.759450550534319e-06,0.27474307294570705,0.48784069024677684
topology_0291,neural,150,0.08726766251719868,0.08722403748050347,0.0027590096058609627,8.532888093688608e-06,0.2710887426653133,0.4846758879820653
topology_0291,neural,155,0.08508984868586388,0.08504795008874176,0.002669918705147497,8.3182931623755e-06,0.26751734595217613,0.48156651879264484
topology_0291,neural,160,0.08301752647362481,0.08297723203978645,0.002586232581649586,8.114681374821302e-06,0.2640255856115268,0.4785106436356777
topology_0291,neural,165,0.08104208968441655,0.08100328869186793,0.002507480563018601,7.921174258602644e-06,0.2606104029691951,0.47550642761649103
topology_0291,neural,170,0.07915597981816641,0.07911857182747022,0.0024332433282443543,7.73698627452322e-06,0.25726894905046416,0.47255213305967364
topology_0291,neural,175,0.07735244503474217,0.07731633876509623,0.0023631452851545494,7.561411138212509e-06,0.2539985595230827,0.4696461127010767
topology_0291,neural,180,0.07562544526359717,0.07559055759195886,0.0022968499266626343,7.393813426389493e-06,0.2507967360273888,0.4667868036872044
topology_0291,neural,185,0.07396956865092633,0.0739358237506748,0.0022340546967327644,7.233620175536655e-06,0.24766113086157449,0.4639727218785055
topology_0291,neural,190,0.07237995458767062,0.07234728318045189,0.0021744866957356876,7.080313108166866e-06,0.24458953158942176,0.4612024561756705
topology_0291,neural,195,0.0708522159492258,0.07082055463809384,0.0021178993356964046,6.93342244844913e-06,0.24157984840981211,0.45847466337520626
topology_0291,neural,200,0.06941641881619345,0.06938572897111708,0.002063921080180239,6.796076067844173e-06,0.23862981749256323,0.45577803678468864
topology_0291,neural,205,0.06800482505646326,0.06797503517499512,0.002012654860560986,6.658123853302233e-06,0.23573524754417535,0.45312873828398964
topology_0291,neural,210,0.0666251396555203,0.06659619221364776,0.0019637652994104224,6.52757945620835e-06,0.23289753303563104,0.45052256202365415
topology_0291,neural,215,0.06529978483116074,0.06527163930477997,0.0019170186415796329,6.402376637888294e-06,0.23011528848080193,0.4479535073431339
topology_0291,neural,220,0.06402398808018978,0.06399660405853952,0.0018723459095880677,6.281851398698318e-06,0.22738654981286333,0.44542035365852145
topology_0291,neural,225,0.06279286584029127,0.06276620526746965,0.0018296007058710754,6.165692243571466e-06,0.22470955849028582,0.4429226113768431
topology_0291,neural,230,0.06160325249374143,0.06157728007249023,0.0017886475435538872,6.053651388741034e-06,0.22208272375184263,0.44045941982884307
topology_0291,neural,235,0.060452665700331684,0.0604273486671892,0.0017493678804193363,5.945499634530941e-06,0.21950456576847996,0.4380298798714862
topology_0291,neural,240,0.05933894118027731,0.05931424908686865,0.0017116546204580428,5.841025416927487e-06,0.21697369009101897,0.4356331026312454
topology_0291,neural,245,0.058260135349943155,0.0582360398554875,0.001675410396224067,5.740034459519246e-06,0.2144887746156279,0.43326823421838967
topology_0291,neural,250,0.05721448706612109,0.05719096176662694,0.0016405458272986154,5.642347597284724e-06,0.21204856021770646,0.4309344527102743
topology_0291,neural,255,0.056200389211110244,0.056177409477575095,0.0016069788707562427,5.547799233376973e-06,0.2096518438093276,0.42863096558158426
topology_0291,neural,260,0.055216365973927754,0.055193908804729,0.0015746340690694347,5.456235985761587e-06,0.20729747292327966,0.42635700843394075
topology_0291,neural,265,0.054261054077408485,0.054239097961010466,0.0015434419837287922,5.367515429583569e-06,0.20498434146965674,0.4241118440397412
topology_0291,neural,270,0.05333318867250555,0.05331171346171951,0.0015133386462696352,5.281505319062596e-06,0.20271138626177945,0.421894761437798
topology_0291,neural,275,0.05243162691458799,0.052410613724919695,0.0014842650934870083,5.198082681661169e-06,0.20047758326188997,0.4197050754154643
topology_0291,neural,280,0.051555229346382625,0.05153466042346829,0.001456166821103562,5.117132097099174e-06,0.19828194464004598,0.4175421254159884
topology_0291,neural,285,0.05070296008373877,0.05068281872821836,0.001428993222103084,5.038546271564473e-06,0.19612352174787034,0.4154052719828005
topology_0291,neural,290,0.04987386078373677,0.049854131266196464,0.0014026975956108365,4.962224906023685e-06,0.19400139890231496,0.4132938983860039
topology_0291,neural,295,0.04906702651154064,0.049047693994311206,0.0013772365923739758,4.888073823171942e-06,0.19191469175523887,0.4112074090784261
topology_0291,neural,300,0.04828160463798678,0.048262655104275506,0.0013525699651829363,4.816004674764353e-06,0.18986254592720037,0.40914522861168395
topology_0291,neural,305,0.04751679045397125,0.04749821064551742,0.001328660226234128,4.745934283621289e-06,0.18784413556494314,0.40710680080042483
topology_0291,neural,310,0.046771823855995424,0.046753601215083214,0.0013054724644990072,4.677784492291607e-06,0.1858586620793791,0.4050915876533792
topology_0291,neural,315,0.04604598610930196,0.04602810872584002,0.0012829741363397562,4.611481451608736e-06,0.18390535280190626,0.4030990687629577
topology_0291,neural,320,0.04533859503423185,0.04532105159828096,0.0012611348180206748,4.546955490966589e-06,0.18198345991592796,0.40112874072289223
topology_0291,neural,325,0.04464900276277408,0.044631782520896605,0.0012399260502462077,4.484140611476371e-06,0.18009225938688092,0.3991801161378304
topology_0291,neural,330,0.043976596231150536,0.04395968894819578,0.001219321160652568,4.422974419563499e-06,0.17823104993929936,0.39725272295668757
topology_0291,neural,335,0.04332079127746909,0.04330418720054492,0.0011992951125404322,4.363397700285918e-06,0.176399151939943,0.39534610397283537
topology_0291,neural,340,0.04268103161816748,0.042664721442720134,0.0011798244233926312,4.305354229086713e-06,0.17459590662187685,0.3934598161126315
topology_0291,neural,345,0.04205678720905545,0.042040762048887105,0.0011608870075946055,4.248790572603865e-06,0.17282067519154937,0.39159342976536504
topology_0291,neural,350,0.04144755206534142,0.04143180342520401,0.001142462059628974,4.193655897057238e-06,0.17107283806435936,0.3897465285242669
topology_0291,neural,355,0.04085284372418363,0.040837363475885714,0.0011245299249817422,4.1399016960711e-06,0.1693517940540657,0.38791870851917876
topology_0291,neural,360,0.040272200267088845,0.04025698062545916,0.0011070720692032796,4.087481771223221e-06,0.16765695962060329,0.38610957770927984
topology_0291,neural,365,0.0397051789745743,0.03969021247633487,0.0010900709583472942,4.036351932544339e-06,0.1659877683516317,0.384318756134761
topology_0291,neural,370,0.03915135690880253,0.03913663639278967,0.0010735100218755666,3.98647002249447e-06,0.16434367010839887,0.3825458744105803
topology_0291,neural,375,0.03861032689823194,0.03859584549208644,0.0010573733650371328,3.937795582630635e-06,0.1627241307372706,0.38079057289171614
topology_0291,neural,380,0.03808170629619446,0.038067457394860275,0.0010416461902965327,3.89028996015921e-06,0.16112863091706053,0.3790525043347143
topology_0291,neural,385,0.03756512210264689,0.03755109935642366,0.001026314247722409,3.843916115221856e-06,0.15955666558391582,0.3773313306550499
topology_0291,neural,390,0.03706021333458464,0.03704641063370444,0.0010113639968982807,3.7986384556870934e-06,0.15800774389469202,0.37562672317812623
topology_0291,neural,395,0.036566636873832555,0.03655304833564089,0.0009967825938188464,3.754422887337891e-06,0.1564813886146054,0.37393836245221
topology_0291,neural,400,0.036084060847185385,0.036070680803954744,0.0009825577791208488,3.71123665331513e-06,0.1549771354999438,0.3722659378928883
topology_0291,neural,405,0.035612166184740925,0.03559898917324965,0.0009686778363029442,3.6690482231961886e-06,0.15349453300987453,0.3706091475834445
topology_0291,neural,410,0.035150645878873996,0.03513766662990517,0.0009551315859714617,3.627827279215592e-06,0.15203314174092275,0.36896769816763636
topology_0291,neural,415,0.03469920558258279,0.034686419012189294,0.0009419083303060569,3.5875447512906676e-06,0.15059253400033265,0.3673413034572028
topology_0291,neural,420,0.03425756088153656,0.034244962078690155,0.0009289979503355586,3.5481724991277034e-06,0.14917229338874716,0.36572968556581986
topology_0291,neural,425,0.03382543442618089,0.03381301864936536,0.0009163905388291663,3.5096834916943912e-06,0.14777201450698263,0.3641325738857282
topology_0291,neural,430,0.03340256198701488,0.03339032465644834,0.000904076643988843,3.4720516752244945e-06,0.14639130257575222,0.3625497050257575
topology_0291,neural,435,0.03298868608806106,0.032976622775494985,0.0008920472736256567,3.4352518997883315e-06,0.14502977306462628,0.3609808226256287
topology_0291,neural,440,0.032583560170745506,0.03257166659234627,0.0008802938388171318,3.3992599253056904e-06,0.1436870515317241,0.3594256769689461
topology_0291,neural,445,0.0321869475283204,0.03217521954018209,0.0008688080427156001,3.364052318946572e-06,0.1423627729049846,0.35788402476474523
topology_0291,neural,450,0.03179861075446464,0.03178704434474573,0.0008575818636395179,3.3296064775318896e-06,0.1410565815700343,0.3563556289366301
topology_0291,neural,455,0.03141833614115906,0.03140692742848244,0.0008466076528943282,3.29590062788195e-06,0.13976813085897036,0.3548402586106697
topology_0291,neural,460,0.03104590767077613,0.03103465289837394,0.0008358779415680864,3.2629136392883535e-06,0.1384970823643236,0.35333768875421184
topology_0291,neural,465,0.030681115758087418,0.03067001128408165,0.0008253857028840433,3.2306251642522374e-06,0.1372431061299638,0.35184770000972726
topology_0291,neural,470,0.03032375817568256,0.03031280047083933,0.0008151240878894532,3.199015522841221e-06,0.13600588044954454,0.350370078554456
topology_0291,neural,475,0.02997363984195107,0.029962825486731726,0.0008050864487844071,3.168065658768868e-06,0.13478509154586632,0.3489046159921606
topology_0291,neural,480,0.029630570582937662,0.029619896262587677,0.0007952663820858454,3.1377571249151316e-06,0.13358043326965754,0.3474511090074465
topology_0291,neural,485,0.029294365827851658,0.029283828325194015,0.0007856578240266475,3.108072200817043e-06,0.13239160699375843,0.34600935931785676
topology_0291,neural,490,0.028964844609433174,0.028954440804514113,0.0007762547689365048,3.0789936468174805e-06,0.13121832158714397,0.3445791733647836
topology_0291,neural,495,0.02864184238359528,0.028631569250595162,0.0007670515429287663,3.0505047624201186e-06,0.13006029272717146,0.3431603621568699
topology_0291,neural,500,0.028325192780409982,0.028315047383338548,0.0007580426047637445,3.0225892833238235e-06,0.12891724253917192,0.341752741277464
topology_0291,neural,505,0.028014733489576303,0.02800471297844022,0.0007492226076123587,2.9952317080214663e-06,0.12778889977816155,0.34035613113815316
topology_0291,neural,510,0.027710310466981473,0.027700412074356296,0.0007405864405055336,2.9684168862592843e-06,0.12667499954310615,0.3389703564740967
topology_0291,neural,515,0.027411768005357044,0.027401989045268905,0.0007321290093618903,2.942130131120977e-06,0.12557528305304927,0.33759524633462046
topology_0291,neural,520,0.027118959423479073,0.027109297286827306,0.0007238455094716339,2.916357370054949e-06,0.12448949784269765,0.33623063226535516
topology_0291,neural,525,0.02683173695299966,0.026822189102592455,0.000715731305288459,2.8910843103100037e-06,0.12341739725461728,0.3348763527650103
topology_0291,neural,530,0.026549965531482582,0.02654052950432787,0.0007077818429072597,2.8662982816650225e-06,0.12235874064150351,0.33353224708533985
topology_0291,neural,535,0.026273516195396404,0.026264189601147136,0.0006999927055800059,2.841986397246204e-06,0.12131329227769407,0.3321981571690996
topology_0291,neural,540,0.02600225069779179,0.025993031210124733,0.0006923596741630425,2.8181355891096594e-06,0.12028082199684462,0.3308739332020464
topology_0291,neural,545,0.02573604643683358,0.02572693179394931,0.000684878717581982,2.7947340082471513e-06,0.1192611048966867,0.3295594254322234
topology_0291,neural,550,0.025474779776745584,0.025465767779629354,0.0006775458545138047,2.7717698957829994e-06,0.11825392106188444,0.3282544883924992
topology_0291,neural,555,0.025218330950280594,0.025209419460907066,0.00067035722092364,2.7492318626291422e-06,0.11725905553891913,0.3269589798758095
topology_0291,neural,560,0.024966583917442917,0.02495777085665578,0.0006633090804897991,2.7271088454289797e-06,0.11627629815738356,0.3256727607962779
topology_0291,neural,565,0.02471942660516045,0.02471070995009461,0.0006563978451163983,2.7053901213295712e-06,0.11530544337810622,0.324395695147211
topology_0291,neural,570,0.024476750259076963,0.024468128041849016,0.0006496200187028601,2.6840652754825256e-06,0.11434629011451683,0.32312764982668435
topology_0291,neural,575,0.02423844653587214,0.024229916840635572,0.0006429722202289582,2.663124200988967e-06,0.11339864171384413,0.3218684947296728
topology_0291,neural,580,0.02400440685194302,0.02399596781671648,0.000636450995448907,2.642557119018261e-06,0.11246230611222803,0.32061810286202785
topology_0291,neural,585,0.02377453560480596,0.023766185417390593,0.0006300532149379286,2.6223545683055333e-06,0.11153709551363673,0.319376350022871
topology_0291,neural,590,0.02354873594484176,0.02354047283987115,0.0006237758428530826,2.602507322192556e-06,0.11062282579911932,0.31814311411027313
topology_0291,neural,595,0.023326912757449532,0.02331873501678009,0.0006176158506169526,2.5830064363676218e-06,0.10971931692056777,0.31691827593880845
topology_0291,neural,600,0.023108976028491286,0.02310088197856404,0.0006115703757933084,2.563843245340788e-06,0.10882639242922884,0.31570171869930713
topology_0291,neural,605,0.022894834706237592,0.02288682271758307,0.0006056365599867099,2.5450093113824165e-06,0.10794387964550911,0.3144933282050911
topology_0291,neural,610,0.02268440098003585,0.02267646946559305,0.0005998116503482065,2.526496462257421e-06,0.10707160959997758,0.3132929927639377
topology_0291,neural,615,0.02247758956875252,0.022469736982368455,0.0005940929833982873,2.5082967656019937e-06,0.10620941690250278,0.31210060299439135
topology_0291,neural,620,0.022274312410817575,0.02226653724444443,0.0005884779642147157,2.4904024784744242e-06,0.10535713972944016,0.31091605174357556
topology_0291,neural,625,0.022074492111642852,0.022066792897036933,0.0005829640739295353,2.47280617754122e-06,0.10451462020140279,0.30973923401595893
topology_0291,neural,630,0.021878053201961005,0.02187042850920445,0.0005775488742354098,2.4555005639976664e-06,0.10368170302691561,0.3085700468654102
topology_0291,neural,635,0.02168492124281624,0.021677369678401014,0.0005722300122374275,2.4384785972535947e-06,0.10285823602594545,0.30740838970700113
topology_0291,neural,640,0.021495021162017278,0.021487541367263416,0.0005670051859739608,2.4217334141629326e-06,0.1020440701060739,0.30625416402639005
topology_0291,neural,645,0.021308280196876722,0.021300870846832947,0.0005618721650727466,2.405258358778278e-06,0.10123905928689998,0.3051072732698156
topology_0291,neural,650,0.021124627408301518,0.021117287210966524,0.0005568287722165087,2.3890469640470345e-06,0.10044306061100267,0.3039676228125055
topology_0291,neural,655,0.020943994322975838,0.020936722018157918,0.0005518729053464773,2.3730929519227604e-06,0.09965593405640877,0.30283511991241724
topology_0291,neural,660,0.020766314275670265,0.0207591086342184,0.0005470025149277788,2.3573902181301123e-06,0.09887754242692047,0.3017096736585443
topology_0291,neural,665,0.020591522295921056,0.02058438211881242,0.0005422156079277661,2.3419328314020427e-06,0.09810775128667665,0.30059119493644054
topology_0291,neural,670,0.020419555118010763,0.020412479235500203,0.0005375102456232877,2.3267150244777236e-06,0.0973464288931581,0.29947959638945115
topology_0291,neural,675,0.020250351114643003,0.02024333838537822,0.0005328845440568028,2.311731193374955e-06,0.09659344613018232,0.2983747923621112
topology_0291,neural,680,0.020083850099392633,0.020076899409485288,0.0005283366731398684,2.2969758863895866e-06,0.09584867644871602,0.2972766988645322
topology_0291,neural,685,0.01991999384522541,0.019913104107620132,0.0005238648521811227,2.2824438075998545e-06,0.09511199579905155,0.29618523353158027
topology_0291,neural,690,0.01975872543564093,0.019751895589171176,0.0005194673532682159,2.2681298155929495e-06,0.09438328255401524,0.29510031557514566
topology_0291,neural,695,0.01959998940715457,0.019593218415941038,0.0005151424901461106,2.2540288981519996e-06,0.09366241746171641,0.2940218657567085
topology_0291,neural,700,0.019443731682101922,0.019437018534702623,0.0005108886267971681,2.2401361837497042e-06,0.09294928358880443,0.2929498063426074
topology_0291,neural,705,0.01928989943874971,0.019283243147487774,0.0005067041689943128,2.2264469327436856e-06,0.0922437662682546,0.2918840610647403
topology_0291,neural,710,0.01913844111290717,0.019131840713497154,0.0005025875529812263,2.2129565443513757e-06,0.09154575304864697,0.29082455502162946
topology_0291,neural,715,0.01898930723133109,0.018982761782172782,0.0004985372690756775,2.1996605367851117e-06,0.0908551336199764,0.2897712146195844
topology_0291,neural,720,0.018842448979334597,0.01883595756014434,0.0004945518681068763,2.1865545494547853e-06,0.09017179977141243,0.2887239678823701
topology_0291,neural,725,0.01869781851844236,0.018691380230124982,0.0004906299183832763,2.1736343483535705e-06,0.08949564535323984,0.2876827441865751
topology_0291,neural,730,0.018555369642186077,0.01854898360661111,0.000486770017936924,2.1608957904217785e-06,0.08882656623265278,0.28664747415509245
topology_0291,neural,735,0.018415056836203217,0.018408722195097663,0.00048297081585853627,2.148334856907055e-06,0.08816446023222071,0.28561808964063606
topology_0291,neural,740,0.01827683601989279,0.018270551934198555,0.00047923100435127617,2.135947698115187e-06,0.08750922709881805,0.2845945236280936
topology_0291,neural,745,0.018140664053866565,0.018134429703493986,0.00047554929718265324,2.1237303796600088e-06,0.08686076843960534,0.28357671050698857
topology_0291,neural,750,0.018006498577858777,0.0180003131611261,0.0004719244395359249,2.1116793059360026e-06,0.08621898773651297,0.28256458585609207
topology_0291,neural,755,0.017874298931031325,0.0178681616644544,0.00046835520672648966,2.099790842478917e-06,0.08558379024267442,0.28155808621993333
topology_0291,neural,760,0.01774402520878234,0.017737935326217077,0.00046484041653315107,2.0880614757524766e-06,0.08495508294489246,0.28055714934831993
topology_0291,neural,765,0.017615638393611383,0.01760959514585785,0.0004613789133169378,2.0764877817292085e-06,0.0843327745240179,0.2795617140989481
topology_0291,neural,770,0.017489100307887043,0.017483102962352046,0.00045796956518122123,2.065066436464741e-06,0.08371677534348138,0.278571720414414
topology_0291,neural,775,0.017364373797369204,0.01735842163748622,0.00045461127564309684,2.053794186170081e-06,0.08310699739921104,0.27758710930224795
topology_0291,neural,780,0.01724141999466506,0.01723551231850656,0.0004513029786660905,2.0426678498553018e-06,0.08250335433045661,0.27660782276046786
topology_0291,neural,785,0.017120207658505027,0.0171143437810412,0.00044804362168107524,2.031684395731734e-06,0.08190576155950219,0.27563380369667456
topology_0291,neural,790,0.017000701956428933,0.01699488120742872,0.00044483218511590436,2.020840809584768e-06,0.08131413539411834,0.27466499637309966
topology_0291,neural,795,0.016882867307570645,0.016877089029981023,0.00044166770143699673,2.0101341433307214e-06,0.08072839402471017,0.2737013456477752
topology_0291,neural,800,0.016766671331645628,0.01676093488364142,0.0004385491665856621,1.9995615666707192e-06,0.08014845708448852,0.27274279741845564
topology_0291,neural_t1,0,3.809766001202416,3.807797919875807,0.12244097538023925,0.000439152887155808,0.6184074165665824,0.882563733268855
topology_0291,neural_t1,5,1.764189849185344,1.763464978750698,0.05056754560845208,0.00012656833255695506,0.5761348252847119,0.6008365205331049
topology_0291,neural_t1,10,1.1241901341222644,1.1237748643170842,0.030553363883223432,6.278832527206855e-05,0.5180689351500632,0.5657769715721747
topology_0291,neural_t1,15,0.7289132015550684,0.7285702511292266,0.022357158434378965,4.513862803652814e-05,0.4752654619530168,0.5736421889968909
topology_0291,neural_t1,20,0.5209941172525684,0.5206973111157819,0.01758349002780145,3.5875057128703506e-05,0.4460533025083107,0.5785075870624993
topology_0291,neural_t1,25,0.40424524558601943,0.4039859930730394,0.01447532554538211,3.0496663806637246e-05,0.425168249497905,0.5786779150784571
topology_0291,neural_t1,30,0.33157164315914844,0.3313428053730352,0.0123166212587017,2.6749847087471762e-05,0.4092639281413278,0.5762919020151969
topology_0291,neural_t1,35,0.2818067319330981,0.28160214395023503,0.010736205612776566,2.3968402129336816e-05,0.3965316710474318,0.5729553721047665
topology_0291,neural_t1,40,0.24638873442737957,0.2462048184092402,0.009518159919727685,2.182982535761671e-05,0.38593221744601275,0.5690084071891707
topology_0291,neural_t1,45,0.22024572247889745,0.22007960919035827,0.008552396398189697,2.0117626063016778e-05,0.37679362848924547,0.5647603234024529
topology_0291,neural_t1,50,0.20028361680079657,0.2001329070296018,0.007768290208426357,1.870632971134657e-05,0.36868911849598573,0.5603593234443978
topology_0291,neural_t1,55,0.18455468874836864,0.18441734454523845,0.007118698130224977,1.7516300073069338e-05,0.36133834998953307,0.555903765242327
topology_0291,neural_t1,60,0.1718108437015031,0.171685128319683,0.006571335877078453,1.6494452051994045e-05,0.35455445212317227,0.5514555632586248
topology_0291,neural_t1,65,0.16123463839683705,0.1611190789814131,0.006103340368348008,1.560410405971322e-05,0.3482106518515993,0.5470518649100612
topology_0291,neural_t1,70,0.15227496344139563,0.15216831093001787,0.00569819446684085,1.481896915686143e-05,0.34221928795074297,0.5427143223279837
topology_0291,neural_t1,75,0.14454973961737264,0.14445093287418864,0.005343689349311797,1.4119664292190217e-05,0.33651852809162697,0.5384548713783072
topology_0291,neural_t1,80,0.1377876122322069,0.13769574760941966,0.005030605621035827,1.3491538687866488e-05,0.33106382401827156,0.534279523669131
topology_0291,neural_t1,85,0.13179243338488178,0.13170673849743486,0.004751880140074003,1.2923280548045068e-05,0.32582234626114437,0.5301905782406853
topology_0291,neural_t1,90,0.1264189718552097,0.1263387836458382,0.004502003766061451,1.240599644156262e-05,0.32076932110548156,0.526188040066488
topology_0291,neural_t1,95,0.12155825860942698,0.12148300595246304,0.004276605958429815,1.1932580493244324e-05,0.31588559731997445,0.5222705300046765
topology_0291,neural_t1,100,0.11712691996382714,0.11705610844717479,0.004072188997201937,1.1497264229691999e-05,0.31115599396645943,0.5184358796540197
topology_0291,neural_t1,105,0.11305973209556427,0.112992931838998,0.0038859043789728916,1.1095305412339725e-05,0.3065682065522347,0.5146814865600539
topology_0291,neural_t1,110,0.1093054205088568,0.10924225605573593,0.003715417808724103,1.0722763476183509e-05,0.3021120446401366,0.5110045500872449
topology_0291,neural_t1,115,0.10582269579630452,0.10576283757439438,0.0035587956026420734,1.0376323815128439e-05,0.29777889305944605,0.5074022144001493
topology_0291,neural_t1,120,0.10257783439994439,0.10252099183744298,0.003414416755906021,1.0053176372668686e-05,0.2935613522947963,0.5038716501748173
topology_0291,neural_t1,125,0.09954312180485853,0.09948903774436281,0.003280910281808032,9.750916994211988e-06,0.28945296689016453,0.5004101070000988
topology_0291,neural_t1,130,0.09669536961939347,0.09664381557719037,0.0031571073596092696,9.46747261826048e-06,0.2854480343756915,0.4970149437937134
topology_0291,neural_t1,135,0.09401507608940639,0.0939658483668459,0.0030420039672215612,9.201043596571332e-06,0.2815414569361657,0.49368364398436715
topology_0291,neural_t1,140,0.09148551453059842,0.09143843092006909,0.0029347299195283164,8.950056172561147e-06,0.27772863858040736,0.4904138176689423
topology_0291,neural_t1,145,0.08909236210068289,0.08904725913900179,0.0028345279310722656,8.71312947944137e-06,0.2740054050559862,0.48720319839056236
topology_0291,neural_t1,150,0.08682321144673176,0.0867799420854477,0.0027407344830098286,8.48904476915099e-06,0.2703679378240071,0.48404964310170057
topology_0291,neural_t1,155,0.08466723499602949,0.08462566662237829,0.0026527649889965094,8.276721731257485e-06,0.2668127241079724,0.48095112441213445
topology_0291,neural_t1,160,0.0826149419346757,0.08257495470025414,0.0025701015372925967,8.075197913397086e-06,0.26333651682001474,0.4779057246674568
topology_0291,neural_t1,165,0.0806579492625567,0.08061943459625338,0.00249228458852737,7.883614867735593e-06,0.25993630169067217,0.47491162896125083
topology_0291,neural_t1,170,0.07878886897495788,0.07875172835624752,0.002418903873316625,7.701203500205351e-06,0.2566092682174977,0.47196711824062704
topology_0291,neural_t1,175,0.07700110428069692,0.07696524813542199,0.0023495921432992984,7.5272725848256585e-06,0.253352786732868,0.4690705625806166
topology_0291,neural_t1,180,0.07528874300864254,0.07525408973772803,0.0022840200043206223,7.361199743688658e-06,0.2501643901861997,0.4662204153215285
topology_0291,neural_t1,185,0.07364649167723684,0.07361296682036514,0.0022218911751549697,7.2024235774131566e-06,0.24704175910358261,0.4634152073793807
topology_0291,neural_t1,190,0.07206958946616064,0.0720371249725793,0.0021629382324233008,7.050435897140565e-06,0.243982706506121,0.46065354162393185
topology_0291,neural_t1,195,0.07055373772737607,0.07052227130308228,0.002106919524304294,6.904776063985525e-06,0.24098516578417856,0.45793408786453493
topology_0291,neural_t1,200,0.06913602554880477,0.06910552328819494,0.0020534444108479353,6.767664991086106e-06,0.23804641768623336,0.4552434321032749
topology_0291,neural_t1,205,0.06772459269470553,0.06769497464916632,0.002002702907413824,6.631525101674652e-06,0.23516316856489922,0.45260445695364765
topology_0291,neural_t1,210,0.0663558262196585,0.0663270424328287,0.001954244900055679,6.5021429048791285e-06,0.23233671261795236,0.4500058471349776
topology_0291,neural_t1,215,0.06504084615735513,0.06501285610876939,0.0019079226314137085,6.377909282691269e-06,0.22956531937243588,0.44744401147985746
topology_0291,neural_t1,220,0.06377430762617568,0.06374707124805752,0.0018636473183307667,6.258278536108528e-06,0.22684706465899443,0.44491799943527227
topology_0291,neural_t1,225,0.06255170819602285,0.06252518799307799,0.0018212706923084892,6.1429622093352e-06,0.22418022772586096,0.4424272368744685
topology_0291,neural_t1,230,0.06137008577108275,0.0613442469706548,0.0017806613298861824,6.031716951182245e-06,0.22156324377250508,0.4399708488970886
topology_0291,neural_t1,235,0.06022703695310068,0.06020184727392551,0.001741703149096027,5.924317037603143e-06,0.21899465132823992,0.43754793112878443
topology_0291,neural_t1,240,0.059120445283626116,0.059095874712805675,0.0017042912262134544,5.820554503775776e-06,0.21647307132985455,0.435157603010952
topology_0291,neural_t1,245,0.058048406576322896,0.0580244271741621,0.0016683298352905905,5.7202382458928325e-06,0.21399719491700062,0.43279901673134963
topology_0291,neural_t1,250,0.05700919244411019,0.05698577817391639,0.0016337311353151617,5.623191921707741e-06,0.21156577467503018,0.4304713565944074
topology_0291,neural_t1,255,0.05600122375667428,0.05597835032657144,0.00160041444260792,5.529252487118254e-06,0.2091776180293443,0.4281738357318302
topology_0291,neural_t1,260,0.055023048484015576,0.055000693200886325,0.001568305557453274,5.438268831251154e-06,0.20683158209743688,0.425905695255928
topology_0291,neural_t1,265,0.05407332425434464,0.05405146588957108,0.001537336163776365,5.350100633612837e-06,0.20452656962974888,0.4236662032793362
topology_0291,neural_t1,270,0.053150803467667436,0.05312942213173207,0.0015074433623287076,5.264617552156134e-06,0.20226152567074637,0.4214546539516486
topology_0291,neural_t1,275,0.05225436916190076,0.05223344621139147,0.0014785690852582739,5.181698340866084e-06,0.20003543324299253,0.41927036734361606
topology_0291,neural_t1,280,0.05138287667197284,0.0513623945661397,0.0014506596764281622,5.101229051115936e-06,0.19784731256617763,0.4171126870477126
topology_0291,neural_t1,285,0.05053531635063053,0.050515258591522186,0.0014236652901490159,5.0231039404115146e-06,0.19569622191702082,0.41498097823421926
topology_0291,neural_t1,290,0.0497107407587065,0.04969109180106735,0.001397539953702337,4.947223975840943e-06,0.19358125198001783,0.41287462847817585
topology_0291,neural_t1,295,0.04890825552634193,0.048889000701971136,0.001372240956121572,4.873496170881221e-06,0.19150152451346153,0.41079304634838343
topology_0291,neural_t1,300,0.04812701817354853,0.048108143622377246,0.0013477286181546892,4.801833273380765e-06,0.1894561909571946,0.4087356603018656
topology_0291,neural_t1,305,0.047366232817625434,0.04734772542582084,0.0013239659894814359,4.732153109367648e-06,0.1874444310085721,0.4067019179228373
topology_0291,neural_t1,310,0.046625148370140014,0.046606995713665535,0.0013009186475354624,4.66437842709351e-06,0.18546545136879322,0.4046912846788305
topology_0291,neural_t1,315,0.04590305336217983,0.04588524365446932,0.0012785544945352406,4.59843626727815e-06,0.18351848441813004,0.4027032437093774
topology_0291,neural_t1,320,0.04519927288498435,0.04518179493118744,0.0012568434938026907,4.53425767253343e-06,0.18160278718334058,0.4007372948522572
topology_0291,neural_t1,325,0.044513165673135034,0.044496008825845174,0.0012357575884785173,4.4717774178050945e-06,0.1797176402660609,0.3987929538311946
topology_0291,neural_t1,330,0.04384412532443945,0.043827279448144116,0.0012152704156283578,4.410933759846654e-06,0.17786234679911833,0.3968697516001569
topology_0291,neural_t1,335,0.04319157301512262,0.04317502844901241,0.0011953572732124722,4.351668094471512e-06,0.17603623138538255,0.39496723384853766
topology_0291,neural_t1,340,0.04255495805923956,0.04253870558485297,0.0011759949621692586,4.2939247761462485e-06,0.17423863932323397,0.3930849602357254
topology_0291,neural_t1,345,0.04193375518203824,0.04191778599345518,0.0011571616638684972,4.237650900053897e-06,0.172468935719456,0.3912225038077775
topology_0291,neural_t1,350,0.04132746330918321,0.041311768986353414,0.0011388368163471427,4.182796129325754e-06,0.17072650473602208,0.38937945073513347
topology_0291,neural_t1,355,0.04073560430036901,0.040720176785651256,0.0011210009858735777,4.129312407940285e-06,0.1690107487713815,0.3875553995740628
topology_0291,neural_t1,360,0.04015771985837467,0.04014255143248765,0.0011036358505410366,4.077153968197006e-06,0.1673210877450867,0.38574996063408007
topology_0291,neural_t1,365,0.039593372112300844,0.039578455373329366,0.0010867241018729472,4.02627704597662e-06,0.165656958587362,0.3839627562299647
topology_0291,neural_t1,370,0.03904213980472507,0.03902746765208712,0.0010702492155225498,3.976639800531109e-06,0.16401781434643642,0.38219341901724074
topology_0291,neural_t1,375,0.03850362206830896,0.03848918768301229,0.0010541956413544365,3.928202156375112e-06,0.16240312397676918,0.3804415914693374
topology_0291,neural_t1,380,0.03797743832078649,0.03796323515059704,0.0010385486257416831,3.880925811415026e-06,0.16081237100153045,0.37870692866923644
topology_0291,neural_t1,385,0.03746321745925961,0.037449239203455865,0.001023294081203951,3.834773998464113e-06,0.15924505321562274,0.37698909421468935
topology_0291,neural_t1,390,0.036960602207748584,0.0369468428029253,0.001008418610222515,3.7897114421728647e-06,0.15770068256675973,0.3752877613572876
topology_0291,neural_t1,395,0.036469252079128926,0.03645570568664862,0.0009939094874303342,3.745704323618126e-06,0.1561787844480174,0.3736026124314614
topology_0291,neural_t1,400,0.03598883734231818,0.03597549833613417,0.0009797545654433653,3.702720128746871e-06,0.15467889718454716,0.37193333860392624
topology_0291,neural_t1,405,0.035519041894063415,0.03550590485062928,0.0009659422391455296,3.6607275883239025e-06,0.15320057170934934,0.37027963965213917
topology_0291,neural_t1,410,0.03505956071235202,0.03504662040011407,0.0009524614276718316,3.6196966217054393e-06,0.15174337099677204,0.36864122384328296
topology_0291,neural_t1,415,0.03461010179612154,0.03459735316686032,0.0009393015340726507,3.5795983593501987e-06,0.15030686963753237,0.3670178064984394
topology_0291,neural_t1,420,0.03417038271312433,0.03415782088938355,0.0009264525436915381,3.5404048844913396e-06,0.14889065345638847,0.3654091112665918
topology_0291,neural_t1,425,0.033740127923614534,0.0337277481974952,0.0009139045702930333,3.502089371530812e-06,0.14749431921574194,0.3638148689888742
topology_0291,neural_t1,430,0.033319075324421674,0.033306873146955907,0.0009016482925398258,3.464625944737701e-06,0.14611747420623952,0.36223481771504823
topology_0291,neural_t1,435,0.032906968525497134,0.03289493949798041,0.0008896747783059812,3.4279896442788053e-06,0.1447597359355355,0.3606687024290718
topology_0291,neural_t1,440,0.03250356406099147,0.03249170392776039,0.0008779755298471747,3.3921563878902123e-06,0.14342073189314944,0.3591162747299788
topology_0291,neural_t1,445,0.03210862449317533,0.03209692913719502,0.0008665422871848873,3.357102907158848e-06,0.1421000988515554,0.35757729256363896
topology_0291,neural_t1,450,0.0317219179186959,0.03171038335487636,0.0008553671061101296,3.322806797606085e-06,0.14079748313088408,0.3560515201150545
topology_0291,neural_t1,455,0.03134322954153141,0.03133185191350644,0.0008444423864826465,3.289246383314263e-06,0.13951253966260746,0.3545387277022615
topology_0291,neural_t1,460,0.03097234492657556,0.030961120501617357,0.0008337607156456814,3.2564007024203537e-06,0.13824493174802094,0.35303869143973665
topology_0291,neural_t1,465,0.030609055846034145,0.030597981004596785,0.0008233151475502126,3.2242495481056684e-06,0.13699433110274473,0.3515511930792835
topology_0291,neural_t1,470,0.03025316145413132,0.030242232689336193,0.00081309885006747,3.1927733670747572e-06,0.1357604176310501,0.3500760199087096
topology_0291,neural_t1,475,0.029904468153626688,0.029893682067466187,0.0008031052250949211,3.16195322029707e-06,0.13454287910337742,0.3486129645660632
topology_0291,neural_t1,480,0.029562786385762638,0.029552139683274536,0.0007933279413169396,3.1317708078124294e-06,0.13334141088265145,0.347161824747505
topology_0291,neural_t1,485,0.029227931979093038,0.029217421462288416,0.0007837609621559245,3.1022085248052833e-06,0.13215571582546587,0.34572240314016817
topology_0291,neural_t1,490,0.028899728062785273,0.028889350631310966,0.0007743983207950566,3.0732492073753795e-06,0.1309855042786393,0.34429450710704573
topology_0291,neural_t1,495,0.02857800955747124,0.028567762203746534,0.0007652343862089672,3.044876286783177e-06,0.12983049317097,0.3428779485521984
topology_0291,neural_t1,500,0.02826261079077221,0.02825249059617888,0.0007562636582333907,3.0170736298623687e-06,0.12869040595769982,0.34147254406759603
topology_0291,neural_t1,505,0.02795337068356069,0.027943374814869214,0.0007474808286669659,2.9898257996300767e-06,0.1275649727024583,0.3400781148829374
topology_0291,neural_t1,510,0.02765013638913154,0.02764026209543338,0.0007388808112667087,2.963117752638748e-06,0.12645392971059466,0.3386944867253699
topology_0291,neural_t1,515,0.027352752008641915,0.027342996619425967,0.000730458548268325,2.9369348878782036e-06,0.1253570194845437,0.3373214891889375
topology_0291,neural_t1,520,0.027061072644158076,0.027051433565517376,0.0007222092683892309,2.911263139990019e-06,0.12427399073109702,0.33595895473063314
topology_0291,neural_t1,525,0.026774950789103902,0.02676542549802185,0.0007141283773037473,2.8860885709709437e-06,0.1232045980261226,0.3346067228005762
topology_0291,neural_t1,530,0.026494255242899955,0.02648484129183016,0.0007062113245322043,2.861398685490712e-06,0.12214860177594337,0.33326463243280935
topology_0291,neural_t1,535,0.02621885220617904,0.026209547217147845,0.000698453743613807,2.8371797207754072e-06,0.1211057672404157,0.331932527981206
topology_0291,neural_t1,540,0.02594860894221779,0.025939410602514885,0.0006908514420285168,2.813419713355239e-06,0.12007586543274819,0.33061025905368474
topology_0291,neural_t1,545,0.02568340198988667,0.025674308050081883,0.0006834004235590175,2.7901065573948895e-06,0.11905867241713718,0.3292976769629006
topology_0291,neural_t1,550,0.025423108346997104,0.02541411662054886,0.0006760967110869047,2.767228561981558e-06,0.11805396928573401,0.3279946369025315
topology_0291,neural_t1,555,0.025167609055497326,0.025158717416333014,0.0006689364705757024,2.7447744058560824e-06,0.11706154205412919,0.32670099730113683
topology_0291,neural_t1,560,0.024916788758329197,0.024907995138972003,0.0006619159847533318,2.722733094168349e-06,0.11608118149186623,0.3254166196909389
topology_0291,neural_t1,565,0.024670536295193498,0.024661838683392633,0.0006550317174532727,2.7010939701412976e-06,0.11511268296135174,0.3241413686663354
topology_0291,neural_t1,570,0.02442874315491616,0.024420139593525673,0.0006482801709175373,2.6798466725961444e-06,0.11415584625780768,0.32287511169878547
topology_0291,neural_t1,575,0.024191300801877758,0.02418278938593308,0.0006416579558868093,2.658981174232984e-06,0.11321047562726684,0.3216177193000463
topology_0291,neural_t1,580,0.023958102227075846,0.0239496811048458,0.0006351616625641871,2.6384877448042864e-06,0.11227637993924247,0.32036906511467617
topology_0291,neural_t1,585,0.02372905316937498,0.023720720538144165,0.0006287882079824724,2.61835698668056e-06,0.11135337212360356,0.31912902534903825
topology_0291,neural_t1,590,0.02350405592023261,0.023495810024173006,0.000622534542636896,2.598579715604203e-06,0.1104412688531754,0.3178974784212402
topology_0291,neural_t1,595,0.023283017459944266,0.023274856589851026,0.0006163976881355261,2.579147056718185e-06,0.109539890852153,0.31667430571130684
topology_0291,neural_t1,600,0.023065846983264766,0.023057769474576266,0.0006103747691583068,2.560050382968484e-06,0.10864906239518896,0.31545939086852476
topology_0291,neural_t1,605,0.022852454117462277,0.022844458349279423,0.0006044629522524495,2.5412813124292785e-06,0.1077686115608389,0.3142526202456708
topology_0291,neural_t1,610,0.022642751597611893,0.022634835991187506,0.0005986595013184278,2.522831720484259e-06,0.10689837010309741,0.3130538826165729
topology_0291,neural_t1,615,0.02243665465802055,0.022428817675248933,0.0005929617696154896,2.5046937192495004e-06,0.10603817333699744,0.3118630690405022
topology_0291,neural_t1,620,0.022234073865228094,0.02222631400530127,0.0005873671745141641,2.4868596144389525e-06,0.1051878602227137,0.3106800728464516
topology_0291,neural_t1,625,0.02203493607224223,0.02202725187517742,0.0005818732144920023,2.4693220256929746e-06,0.10434727348834788,0.30950478939041437
topology_0291,neural_t1,630,0.021839164696634297,0.021831554739909685,0.0005764774690994236,2.452073701400429e-06,0.10351625842950991,0.3083371162152261
topology_0291,neural_t1,635,0.021646685035518014,0.021639147932635276,0.0005711775964593241,2.43510763364012e-06,0.10269466347105331,0.30717695317048294
topology_0291,neural_t1,640,0.021457422528634314,0.021449956927755795,0.0005659713075974303,2.4184170025698288e-06,0.10188234015185448,0.30602420213665815
topology_0291,neural_t1,645,0.02127130483855729,0.021263909421375578,0.0005608563851692106,2.40199519017242e-06,0.10107914310228115,0.304878766949034
topology_0291,neural_t1,650,0.02108826137412851,0.021080934855112244,0.0005558306629380168,2.38583576896241e-06,0.10028492996104432,0.3037405533629121
topology_0291,neural_t1,655,0.020908224173176324,0.020900965298382288,0.0005508920538852994,2.3699324951735293e-06,0.0994995612777486,0.30260946900748054
topology_0291,neural_t1,660,0.02073112688356969,0.02072393442996541,0.0005460385174410719,2.3542792996525076e-06,0.09872290041385857,0.30148542333187595
topology_0291,neural_t1,665,0.02055690487170388,0.02054977764616777,0.0005412680731688902,2.3388702855928886e-06,0.09795481347734579,0.3003683275782464
topology_0291,neural_t1,670,0.020385495205798004,0.020378432044354015,0.000536578791677884,2.3236997163604452e-06,0.0971951692563687,0.2992580947338365
topology_0291,neural_t1,675,0.02021683656014277,0.02020983632699083,0.0005319688011388555,2.3087620219285243e-06,0.09644383915198451,0.29815463947906995
topology_0291,neural_t1,680,0.020050869111395166,0.020043930698071546,0.00052743628101593,2.294051779198829e-06,0.09570069712303139,0.29705787815243406
topology_0291,neural_t1,685,0.019887534929729424,0.0198806572544347,0.00052297946086828,2.279563723605849e-06,0.0949656196075656,0.295967728707868
topology_0291,neural_t1,690,0.019726777389320597,0.01971995939597433,0.0005185966229963159,2.265292744310619e-06,0.09423848545823248,0.2948841106693598
topology_0291,neural_t1,695,0.01956854130340073,0.01956178196110822,0.0005142860885805131,2.2512338520060814e-06,0.09351917589129458,0.2938069451028778
topology_0291,neural_t1,700,0.019412772853661102,0.019406071155723514,0.00051004623413796,2.237382205601604e-06,0.09280757443032801,0.29273615457173413
topology_0291,neural_t1,705,0.019259419460945826,0.01925277442446323,0.0005058754672885231,2.2237330905678966e-06,0.09210356685634018,0.29167166309427633
topology_0291,neural_t1,710,0.019108429980734833,0.01910184064599708,0.0005017722374080808,2.2102819334924106e-06,0.09140704115250287,0.29061339601503583
topology_0291,neural_t1,715,0.01895975507804584,0.01895322050783023,0.000497735044107791,2.1970242760223183e-06,0.09071788743033082,0.2895612800570228
topology_0291,neural_t1,720,0.01881334612667569,0.018806865404934012,0.0004937624460576848,2.1839557794439647e-06,0.09003599789413262,0.2885152435378355
topology_0291,neural_t1,725,0.018669155682485616,0.018662727914268665,0.0004898530201064963,2.1710722354655505e-06,0.08936126680264672,0.2874752160850302
topology_0291,neural_t1,730,0.018527137630824544,0.018520761942230877,0.0004860053622836402,2.158369520064938e-06,0.08869359041861351,0.2864411285708796
topology_0291,neural_t1,735,0.018387246691036942,0.01838092222749847,0.0004822181446780715,2.145843640170651e-06,0.0880328669507959,0.28541291308691535
topology_0291,neural_t1,740,0.018249439138503465,0.018243165064952143,0.00047849005326011516,2.1334907536809914e-06,0.08737899652461315,0.2843905028215399
topology_0291,neural_t1,745,0.018113671746498815,0.018107447246370277,0.00047481981833509594,2.1213069837450306e-06,0.08673188111938086,0.28337383255118037
topology_0291,neural_t1,750,0.01797990267481005,0.017973726950231767,0.0004712061810448071,2.109288718376579e-06,0.08609142458228493,0.28236283793584077
topology_0291,neural_t1,755,0.017848091366407793,0.017841963637376137,0.0004676479305693324,2.0974323519014084e-06,0.08545753251365255,0.2813574557963138
topology_0291,neural_t1,760,0.017718198135039522,0.017712117638834193,0.000464143889681885,2.08573439070012e-06,0.08483011224294913,0.2803576241064917
topology_0291,neural_t1,765,0.017590184079525933,0.017584150070305518,0.000460692906730852,2.0741914299070373e-06,0.08420907278801329,0.279363281939566
topology_0291,neural_t1,770,0.017464011253955025,0.01745802300236687,0.0004572938573307563,2.0628001612972353e-06,0.08359432484362711,0.27837436945590005
topology_0291,neural_t1,775,0.017339642677905748,0.01733369947053722,0.0004539456505581636,2.0515573489149564e-06,0.08298578072691709,0.2773908278687556
topology_0291,neural_t1,780,0.017217038755546317,0.017211139893185387,0.00045064722756293,2.0404598193092062e-06,0.08238335444935024,0.276412599349143
topology_0291,neural_t1,785,0.01709617122634692,0.017090316027898785,0.0004473975281886748,2.0295045856989756e-06,0.08178696163958595,0.27543962706850256
topology_0291,neural_t1,790,0.016977002381117483,0.016971190178386126,0.00044419556775718646,2.0186886139090793e-06,0.08119651892738586,0.2744718554483667
topology_0291,neural_t1,795,0.016859498079642047,0.016853728218946585,0.0004410403464962575,2.008008990993304e-06,0.08061194483009934,0.2735092295131866
topology_0291,neural_t1,800,0.016743625864545517,0.01673789770650704,0.0004379308946925209,1.99746289538812e-06,0.0800331592552134,0.272551695383325
topology_0291,neural_t5,0,1.8827874458754978,1.8818624932270671,0.05900928868450671,0.00016364758839997582,0.5878070947177346,0.6292145775531994
topology_0291,neural_t5,5,1.2244553176475839,1.223999996112249,0.03338906442400723,6.935091586310713e-05,0.5286922225085837,0.5653356052589782
topology_0291,neural_t5,10,0.7890019508550934,0.7886498980381677,0.023567233362010824,4.784549688371777e-05,0.4825509546560566,0.5721731355609362
topology_0291,neural_t5,15,0.5529212214755136,0.5526157014383678,0.01837831039114482,3.7268234940329266e-05,0.45108534815283824,0.5779413094642977
topology_0291,neural_t5,20,0.4232045259994056,0.42293848528910427,0.015003582944923762,3.140946650997536e-05,0.428867045739166,0.5789199825505098
topology_0291,neural_t5,25,0.3437985357232893,0.34356416034799186,0.012692522945203786,2.7406980633942635e-05,0.41214897818220525,0.5768764001997029
topology_0291,neural_t5,30,0.29041020623387015,0.2902010981821231,0.011018616075759605,2.44635184406804e-05,0.398879886828289,0.573686106438976
topology_0291,neural_t5,35,0.2526027154880106,0.25241490990052456,0.009738821190341447,2.221822343795764e-05,0.387918193740321,0.5698276000860676
topology_0291,neural_t5,40,0.224900943413911,0.22473147535570667,0.008729141734119742,2.0432823017278013e-05,0.37852747948471044,0.5656262682561606
topology_0291,neural_t5,45,0.20388743235091347,0.20373381500338653,0.00791311158765888,1.896880236696177e-05,0.37024236829008583,0.5612463624244941
topology_0291,neural_t5,50,0.18742918960421442,0.18728932047232344,0.007239560623423529,1.773943912525234e-05,0.3627582042558453,0.5567958650554371
topology_0291,neural_t5,55,0.1741647051115052,0.1740367896000561,0.006673836514117614,1.668730584632676e-05,0.35587263613969455,0.5523425567911234
topology_0291,neural_t5,60,0.1632058175239723,0.16308833346796078,0.006191454717820785,1.5773032226174027e-05,0.3494488507142148,0.5479278357802018
topology_0291,neural_t5,65,0.15395780006039317,0.15384945659975435,0.0057748315419293575,1.4968588137764476e-05,0.3433926261752388,0.5435758623318301
topology_0291,neural_t5,70,0.14601030654120864,0.14591000758548306,0.005411016494345561,1.4253417562291351e-05,0.3376377673741796,0.5393001606974884
topology_0291,neural_t5,75,0.13907325616254088,0.13898006873154456,0.0050902740337730665,1.3612051672818127e-05,0.3321367909112297,0.5351077146238329
topology_0291,neural_t5,80,0.1329376823240363,0.1328508097707738,0.0048051592156178255,1.3032598897685733e-05,0.3268548664519131,0.5310014301914339
topology_0291,neural_t5,85,0.12744959124954944,0.127368350104952,0.004549895034626675,1.2505738037170401e-05,0.32176583489477467,0.526981687058344
topology_0291,neural_t5,90,0.12249368158557021,0.12241748363276087,0.004319905650830088,1.202404732140311e-05,0.31684957372285727,0.5230473258311602
topology_0291,neural_t5,95,0.1179821991614929,0.1179105357266687,0.004111538580695925,1.1581519993318796e-05,0.31209021026166883,0.5191963017586091
topology_0291,neural_t5,100,0.11384666465389585,0.11377909378732577,0.003921829281154766,1.1173227732398067e-05,0.3074749333442466,0.5154260775752587
topology_0291,neural_t5,105,0.11003335332696135,0.10996948943774673,0.0037483490556972877,1.0795085546496333e-05,0.30299317988515406,0.5117338779245305
topology_0291,neural_t5,110,0.10649923614746828,0.10643874109006861,0.00358909265489347,1.044366492415688e-05,0.2986360529604014,0.5081168501026646
topology_0291,neural_t5,115,0.10320917596765905,0.10315175183887415,0.003442382047333372,1.0116063020010967e-05,0.29439593323263474,0.5045721548021875
topology_0291,neural_t5,120,0.10013443037188613,0.10007981375039318,0.0033068004712291967,9.809801643276066e-06,0.2902661948300087,0.5010970224284613
topology_0291,neural_t5,125,0.09725094468963534,0.09719890168132513,0.0031811419785845057,9.522746174081724e-06,0.2862409970872511,0.4976887887011858
topology_0291,neural_t5,130,0.09453857932045237,0.09448890155559199,0.003064372224164684,9.253046733759467e-06,0.2823151312056524,0.49434491133034314
topology_0291,neural_t5,135,0.09198008496629304,0.09193258617405142,0.0029555961790359627,8.999087086317365e-06,0.27848390734908474,0.491062975676896
topology_0291,neural_t5,140,0.08956070022749212,0.08951521339569522,0.0028540356048717065,8.759450550534319e-06,0.27474307294570705,0.48784069024677684
topology_0291,neural_t5,145,0.08726766251719868,0.08722403748050347,0.0027590096058609627,8.532888093688608e-06,0.2710887426653133,0.4846758879820653
topology_0291,neural_t5,150,0.08508984868586388,0.08504795008874176,0.002669918705147497,8.3182931623755e-06,0.26751734595217613,0.48156651879264484
topology_0291,neural_t5,155,0.08301752647362481,0.08297723203978645,0.002586232581649586,8.114681374821302e-06,0.2640255856115268,0.4785106436356777
topology_0291,neural_t5,160,0.08104208968441655,0.08100328869186793,0.002507480563018601,7.921174258602644e-06,0.2606104029691951,0.47550642761649103
topology_0291,neural_t5,165,0.07915597981816641,0.07911857182747022,0.0024332433282443543,7.73698627452322e-06,0.25726894905046416,0.47255213305967364
topology_0291,neural_t5,170,0.07735244503474217,0.07731633876509623,0.0023631452851545494,7.561411138212509e-06,0.2539985595230827,0.4696461127010767
topology_0291,neural_t5,175,0.07562544526359717,0.07559055759195886,0.0022968499266626343,7.393813426389493e-06,0.2507967360273888,0.4667868036872044
topology_0291,neural_t5,180,0.07396956865092633,0.0739358237506748,0.0022340546967327644,7.233620175536655e-06,0.24766113086157449,0.4639727218785055
topology_0291,neural_t5,185,0.07237995458767062,0.07234728318045189,0.0021744866957356876,7.080313108166866e-06,0.24458953158942176,0.4612024561756705
topology_0291,neural_t5,190,0.0708522159492258,0.07082055463809384,0.0021178993356964046,6.93342244844913e-06,0.24157984840981211,0.45847466337520626
topology_0291,neural_t5,195,0.06941641881619345,0.06938572897111708,0.002063921080180239,6.796076067844173e-06,0.23862981749256323,0.45577803678468864
topology_0291,neural_t5,200,0.06800482505646326,0.06797503517499512,0.002012654860560986,6.658123853302233e-06,0.23573524754417535,0.45312873828398964
topology_0291,neural_t5,205,0.0666251396555203,0.06659619221364776,0.0019637652994104224,6.52757945620835e-06,0.23289753303563104,0.45052256202365415
topology_0291,neural_t5,210,0.06529978483116074,0.06527163930477997,0.0019170186415796329,6.402376637888294e-06,0.23011528848080193,0.4479535073431339
topology_0291,neural_t5,215,0.06402398808018978,0.06399660405853952,0.0018723459095880677,6.281851398698318e-06,0.22738654981286333,0.44542035365852145
topology_0291,neural_t5,220,0.06279286584029127,0.06276620526746965,0.0018296007058710754,6.165692243571466e-06,0.22470955849028582,0.4429226113768431
topology_0291,neural_t5,225,0.06160325249374143,0.06157728007249023,0.0017886475435538872,6.053651388741034e-06,0.22208272375184263,0.44045941982884307
topology_0291,neural_t5,230,0.060452665700331684,0.0604273486671892,0.0017493678804193363,5.945499634530941e-06,0.21950456576847996,0.4380298798714862
topology_0291,neural_t5,235,0.05933894118027731,0.05931424908686865,0.0017116546204580428,5.841025416927487e-06,0.21697369009101897,0.4356331026312454
topology_0291,neural_t5,240,0.058260135349943155,0.0582360398554875,0.001675410396224067,5.740034459519246e-06,0.2144887746156279,0.43326823421838967
topology_0291,neural_t5,245,0.05721448706612109,0.05719096176662694,0.0016405458272986154,5.642347597284724e-06,0.21204856021770646,0.4309344527102743
topology_0291,neural_t5,250,0.056200389211110244,0.056177409477575095,0.0016069788707562427,5.547799233376973e-06,0.2096518438093276,0.42863096558158426
topology_0291,neural_t5,255,0.055216365973927754,0.055193908804729,0.0015746340690694347,5.456235985761587e-06,0.20729747292327966,0.42635700843394075
topology_0291,neural_t5,260,0.054261054077408485,0.054239097961010466,0.0015434419837287922,5.367515429583569e-06,0.20498434146965674,0.4241118440397412
topology_0291,neural_t5,265,0.05333318867250555,0.05331171346171951,0.0015133386462696352,5.281505319062596e-06,0.20271138626177945,0.421894761437798
topology_0291,neural_t5,270,0.05243162691458799,0.052410613724919695,0.0014842650934870083,5.198082681661169e-06,0.20047758326188997,0.4197050754154643
topology_0291,neural_t5,275,0.051555229346382625,0.05153466042346829,0.001456166821103562,5.117132097099174e-06,0.19828194464004598,0.4175421254159884
topology_0291,neural_t5,280,0.05070296008373877,0.05068281872821836,0.001428993222103084,5.038546271564473e-06,0.19612352174787034,0.4154052719828005
topology_0291,neural_t5,285,0.04987386078373677,0.049854131266196464,0.0014026975956108365,4.962224906023685e-06,0.19400139890231496,0.4132938983860039
topology_0291,neural_t5,290,0.04906702651154064,0.049047693994311206,0.0013772365923739758,4.888073823171942e-06,0.19191469175523887,0.4112074090784261
topology_0291,neural_t5,295,0.04828160463798678,0.048262655104275506,0.0013525699651829363,4.816004674764353e-06,0.18986254592720037,0.40914522861168395
topology_0291,neural_t5,300,0.04751679045397125,0.04749821064551742,0.001328660226234128,4.745934283621289e-06,0.18784413556494314,0.40710680080042483
topology_0291,neural_t5,305,0.046771823855995424,0.046753601215083214,0.0013054724644990072,4.677784492291607e-06,0.1858586620793791,0.4050915876533792
topology_0291,neural_t5,310,0.04604598610930196,0.04602810872584002,0.0012829741363397562,4.611481451608736e-06,0.18390535280190626,0.4030990687629577
topology_0291,neural_t5,315,0.04533859503423185,0.04532105159828096,0.0012611348180206748,4.546955490966589e-06,0.18198345991592796,0.40112874072289223
topology_0291,neural_t5,320,0.04464900276277408,0.044631782520896605,0.0012399260502462077,4.484140611476371e-06,0.18009225938688092,0.3991801161378304
topology_0291,neural_t5,325,0.043976596231150536,0.04395968894819578,0.001219321160652568,4.422974419563499e-06,0.17823104993929936,0.39725272295668757
topology_0291,neural_t5,330,0.04332079127746909,0.04330418720054492,0.0011992951125404322,4.363397700285918e-06,0.176399151939943,0.39534610397283537
topology_0291,neural_t5,335,0.04268103161816748,0.042664721442720134,0.0011798244233926312,4.305354229086713e-06,0.17459590662187685,0.3934598161126315
topology_0291,neural_t5,340,0.04205678720905545,0.042040762048887105,0.0011608870075946055,4.248790572603865e-06,0.17282067519154937,0.39159342976536504
topology_0291,neural_t5,345,0.04144755206534142,0.04143180342520401,0.001142462059628974,4.193655897057238e-06,0.17107283806435936,0.3897465285242669
topology_0291,neural_t5,350,0.04085284372418363,0.040837363475885714,0.0011245299249817422,4.1399016960711e-06,0.1693517940540657,0.38791870851917876
topology_0291,neural_t5,355,0.040272200267088845,0.04025698062545916,0.0011070720692032796,4.087481771223221e-06,0.16765695962060329,0.38610957770927984
topology_0291,neural_t5,360,0.0397051789745743,0.03969021247633487,0.0010900709583472942,4.036351932544339e-06,0.1659877683516317,0.384318756134761
topology_0291,neural_t5,365,0.03915135690880253,0.03913663639278967,0.0010735100218755666,3.98647002249447e-06,0.16434367010839887,0.3825458744105803
topology_0291,neural_t5,370,0.03861032689823194,0.03859584549208644,0.0010573733650371328,3.937795582630635e-06,0.1627241307372706,0.38079057289171614
topology_0291,neural_t5,375,0.03808170629619446,0.038067457394860275,0.0010416461902965327,3.89028996015921e-06,0.16112863091706053,0.3790525043347143
topology_0291,neural_t5,380,0.03756512210264689,0.03755109935642366,0.001026314247722409,3.843916115221856e-06,0.15955666558391582,0.3773313306550499
topology_0291,neural_t5,385,0.03706021333458464,0.03704641063370444,0.0010113639968982807,3.7986384556870934e-06,0.15800774389469202,0.37562672317812623
topology_0291,neural_t5,390,0.036566636873832555,0.03655304833564089,0.0009967825938188464,3.754422887337891e-06,0.1564813886146054,0.37393836245221
topology_0291,neural_t5,395,0.036084060847185385,0.036070680803954744,0.0009825577791208488,3.71123665331513e-06,0.1549771354999438,0.3722659378928883
topology_0291,neural_t5,400,0.035612166184740925,0.03559898917324965,0.0009686778363029442,3.6690482231961886e-06,0.15349453300987453,0.3706091475834445
topology_0291,neural_t5,405,0.035150645878873996,0.03513766662990517,0.0009551315859714617,3.627827279215592e-06,0.15203314174092275,0.36896769816763636
topology_0291,neural_t5,410,0.03469920558258279,0.034686419012189294,0.0009419083303060569,3.5875447512906676e-06,0.15059253400033265,0.3673413034572028
topology_0291,neural_t5,415,0.03425756088153656,0.034244962078690155,0.0009289979503355586,3.5481724991277034e-06,0.14917229338874716,0.36572968556581986
topology_0291,neural_t5,420,0.03382543442618089,0.03381301864936536,0.0009163905388291663,3.5096834916943912e-06,0.14777201450698263,0.3641325738857282
topology_0291,neural_t5,425,0.03340256198701488,0.03339032465644834,0.000904076643988843,3.4720516752244945e-06,0.14639130257575222,0.3625497050257575
topology_0291,neural_t5,430,0.03298868608806106,0.032976622775494985,0.0008920472736256567,3.4352518997883315e-06,0.14502977306462628,0.3609808226256287
topology_0291,neural_t5,435,0.032583560170745506,0.03257166659234627,0.0008802938388171318,3.3992599253056904e-06,0.1436870515317241,0.3594256769689461
topology_0291,neural_t5,440,0.0321869475283204,0.03217521954018209,0.0008688080427156001,3.364052318946572e-06,0.1423627729049846,0.35788402476474523
topology_0291,neural_t5,445,0.03179861075446464,0.03178704434474573,0.0008575818636395179,3.3296064775318896e-06,0.1410565815700343,0.3563556289366301
topology_0291,neural_t5,450,0.03141833614115906,0.03140692742848244,0.0008466076528943282,3.29590062788195e-06,0.13976813085897036,0.3548402586106697
topology_0291,neural_t5,455,0.03104590767077613,0.03103465289837394,0.0008358779415680864,3.2629136392883535e-06,0.1384970823643236,0.35333768875421184
topology_0291,neural_t5,460,0.030681115758087418,0.03067001128408165,0.0008253857028840433,3.2306251642522374e-06,0.1372431061299638,0.35184770000972726
topology_0291,neural_t5,465,0.03032375817568256,0.03031280047083933,0.0008151240878894532,3.199015522841221e-06,0.13600588044954454,0.350370078554456
topology_0291,neural_t5,470,0.02997363984195107,0.029962825486731726,0.0008050864487844071,3.168065658768868e-06,0.13478509154586632,0.3489046159921606
topology_0291,neural_t5,475,0.029630570582937662,0.029619896262587677,0.0007952663820858454,3.1377571249151316e-06,0.13358043326965754,0.3474511090074465
topology_0291,neural_t5,480,0.029294365827851658,0.029283828325194015,0.0007856578240266475,3.108072200817043e-06,0.13239160699375843,0.34600935931785676
topology_0291,neural_t5,485,0.028964844609433174,0.028954440804514113,0.0007762547689365048,3.0789936468174805e-06,0.13121832158714397,0.3445791733647836
topology_0291,neural_t5,490,0.02864184238359528,0.028631569250595162,0.0007670515429287663,3.0505047624201186e-06,0.13006029272717146,0.3431603621568699
topology_0291,neural_t5,495,0.028325192780409982,0.028315047383338548,0.0007580426047637445,3.0225892833238235e-06,0.12891724253917192,0.341752741277464
topology_0291,neural_t5,500,0.028014733489576303,0.02800471297844022,0.0007492226076123587,2.9952317080214663e-06,0.12778889977816155,0.34035613113815316
topology_0291,neural_t5,505,0.027710310466981473,0.027700412074356296,0.0007405864405055336,2.9684168862592843e-06,0.12667499954310615,0.3389703564740967
topology_0291,neural_t5,510,0.027411768005357044,0.027401989045268905,0.0007321290093618903,2.942130131120977e-06,0.12557528305304927,0.33759524633462046
topology_0291,neural_t5,515,0.027118959423479073,0.027109297286827306,0.0007238455094716339,2.916357370054949e-06,0.12448949784269765,0.33623063226535516
topology_0291,neural_t5,520,0.02683173695299966,0.026822189102592455,0.000715731305288459,2.8910843103100037e-06,0.12341739725461728,0.3348763527650103
topology_0291,neural_t5,525,0.026549965531482582,0.02654052950432787,0.0007077818429072597,2.8662982816650225e-06,0.12235874064150351,0.33353224708533985
topology_0291,neural_t5,530,0.026273516195396404,0.026264189601147136,0.0006999927055800059,2.841986397246204e-06,0.12131329227769407,0.3321981571690996
topology_0291,neural_t5,535,0.02600225069779179,0.025993031210124733,0.0006923596741630425,2.8181355891096594e-06,0.12028082199684462,0.3308739332020464
topology_0291,neural_t5,540,0.02573604643683358,0.02572693179394931,0.000684878717581982,2.7947340082471513e-06,0.1192611048966867,0.3295594254322234
topology_0291,neural_t5,545,0.025474779776745584,0.025465767779629354,0.0006775458545138047,2.7717698957829994e-06,0.11825392106188444,0.3282544883924992
topology_0291,neural_t5,550,0.025218330950280594,0.025209419460907066,0.00067035722092364,2.7492318626291422e-06,0.11725905553891913,0.3269589798758095
topology_0291,neural_t5,555,0.024966583917442917,0.02495777085665578,0.0006633090804897991,2.7271088454289797e-06,0.11627629815738356,0.3256727607962779
topology_0291,neural_t5,560,0.02471942660516045,0.02471070995009461,0.0006563978451163983,2.7053901213295712e-06,0.11530544337810622,0.324395695147211
topology_0291,neural_t5,565,0.024476750259076963,0.024468128041849016,0.0006496200187028601,2.6840652754825256e-06,0.11434629011451683,0.32312764982668435
topology_0291,neural_t5,570,0.02423844653587214,0.024229916840635572,0.0006429722202289582,2.663124200988967e-06,0.11339864171384413,0.3218684947296728
topology_0291,neural_t5,575,0.02400440685194302,0.02399596781671648,0.000636450995448907,2.642557119018261e-06,0.11246230611222803,0.32061810286202785
topology_0291,neural_t5,580,0.02377453560480596,0.023766185417390593,0.0006300532149379286,2.6223545683055333e-06,0.11153709551363673,0.319376350022871
topology_0291,neural_t5,585,0.02354873594484176,0.02354047283987115,0.0006237758428530826,2.602507322192556e-06,0.11062282579911932,0.31814311411027313
topology_0291,neural_t5,590,0.023326912757449532,0.02331873501678009,0.0006176158506169526,2.5830064363676218e-06,0.10971931692056777,0.31691827593880845
topology_0291,neural_t5,595,0.023108976028491286,0.02310088197856404,0.0006115703757933084,2.563843245340788e-06,0.10882639242922884,0.31570171869930713
topology_0291,neural_t5,600,0.022894834706237592,0.02288682271758307,0.0006056365599867099,2.5450093113824165e-06,0.10794387964550911,0.3144933282050911
topology_0291,neural_t5,605,0.02268440098003585,0.02267646946559305,0.0005998116503482065,2.526496462257421e-06,0.10707160959997758,0.3132929927639377
topology_0291,neural_t5,610,0.02247758956875252,0.022469736982368455,0.0005940929833982873,2.5082967656019937e-06,0.10620941690250278,0.31210060299439135
topology_0291,neural_t5,615,0.022274312410817575,0.02226653724444443,0.0005884779642147157,2.4904024784744242e-06,0.10535713972944016,0.31091605174357556
topology_0291,neural_t5,620,0.022074492111642852,0.022066792897036933,0.0005829640739295353,2.47280617754122e-06,0.10451462020140279,0.30973923401595893
topology_0291,neural_t5,625,0.021878053201961005,0.02187042850920445,0.0005775488742354098,2.4555005639976664e-06,0.10368170302691561,0.3085700468654102
topology_0291,neural_t5,630,0.02168492124281624,0.021677369678401014,0.0005722300122374275,2.4384785972535947e-06,0.10285823602594545,0.30740838970700113
topology_0291,neural_t5,635,0.021495021162017278,0.021487541367263416,0.0005670051859739608,2.4217334141629326e-06,0.1020440701060739,0.30625416402639005
topology_0291,neural_t5,640,0.021308280196876722,0.021300870846832947,0.0005618721650727466,2.405258358778278e-06,0.10123905928689998,0.3051072732698156
topology_0291,neural_t5,645,0.021124627408301518,0.021117287210966524,0.0005568287722165087,2.3890469640470345e-06,0.10044306061100267,0.3039676228125055
topology_0291,neural_t5,650,0.020943994322975838,0.020936722018157918,0.0005518729053464773,2.3730929519227604e-06,0.09965593405640877,0.30283511991241724
topology_0291,neural_t5,655,0.020766314275670265,0.0207591086342184,0.0005470025149277788,2.3573902181301123e-06,0.09887754242692047,0.3017096736585443
topology_0291,neural_t5,660,0.020591522295921056,0.02058438211881242,0.0005422156079277661,2.3419328314020427e-06,0.09810775128667665,0.30059119493644054
topology_0291,neural_t5,665,0.020419555118010763,0.020412479235500203,0.0005375102456232877,2.3267150244777236e-06,0.0973464288931581,0.29947959638945115
topology_0291,neural_t5,670,0.020250351114643003,0.02024333838537822,0.0005328845440568028,2.311731193374955e-06,0.09659344613018232,0.2983747923621112
topology_0291,neural_t5,675,0.020083850099392633,0.020076899409485288,0.0005283366731398684,2.2969758863895866e-06,0.09584867644871602,0.2972766988645322
topology_0291,neural_t5,680,0.01991999384522541,0.019913104107620132,0.0005238648521811227,2.2824438075998545e-06,0.09511199579905155,0.29618523353158027
topology_0291,neural_t5,685,0.01975872543564093,0.019751895589171176,0.0005194673532682159,2.2681298155929495e-06,0.09438328255401524,0.29510031557514566
topology_0291,neural_t5,690,0.01959998940715457,0.019593218415941038,0.0005151424901461106,2.2540288981519996e-06,0.09366241746171641,0.2940218657567085
topology_0291,neural_t5,695,0.019443731682101922,0.019437018534702623,0.0005108886267971681,2.2401361837497042e-06,0.09294928358880443,0.2929498063426074
topology_0291,neural_t5,700,0.01928989943874971,0.019283243147487774,0.0005067041689943128,2.2264469327436856e-06,0.0922437662682546,0.2918840610647403
topology_0291,neural_t5,705,0.01913844111290717,0.019131840713497154,0.0005025875529812263,2.2129565443513757e-06,0.09154575304864697,0.29082455502162946
topology_0291,neural_t5,710,0.01898930723133109,0.018982761782172782,0.0004985372690756775,2.1996605367851117e-06,0.0908551336199764,0.2897712146195844
topology_0291,neural_t5,715,0.018842448979334597,0.01883595756014434,0.0004945518681068763,2.1865545494547853e-06,0.09017179977141243,0.2887239678823701
topology_0291,neural_t5,720,0.01869781851844236,0.018691380230124982,0.0004906299183832763,2.1736343483535705e-06,0.08949564535323984,0.2876827441865751
topology_0291,neural_t5,725,0.018555369642186077,0.01854898360661111,0.000486770017936924,2.1608957904217785e-06,0.08882656623265278,0.28664747415509245
topology_0291,neural_t5,730,0.018415056836203217,0.018408722195097663,0.00048297081585853627,2.148334856907055e-06,0.08816446023222071,0.28561808964063606
topology_0291,neural_t5,735,0.01827683601989279,0.018270551934198555,0.00047923100435127617,2.135947698115187e-06,0.08750922709881805,0.2845945236280936
topology_0291,neural_t5,740,0.018140664053866565,0.018134429703493986,0.00047554929718265324,2.1237303796600088e-06,0.08686076843960534,0.28357671050698857
topology_0291,neural_t5,745,0.018006498577858777,0.0180003131611261,0.0004719244395359249,2.1116793059360026e-06,0.08621898773651297,0.28256458585609207
topology_0291,neural_t5,750,0.017874298931031325,0.0178681616644544,0.00046835520672648966,2.099790842478917e-06,0.08558379024267442,0.28155808621993333
topology_0291,neural_t5,755,0.01774402520878234,0.017737935326217077,0.00046484041653315107,2.0880614757524766e-06,0.08495508294489246,0.28055714934831993
topology_0291,neural_t5,760,0.017615638393611383,0.01760959514585785,0.0004613789133169378,2.0764877817292085e-06,0.0843327745240179,0.2795617140989481
topology_0291,neural_t5,765,0.017489100307887043,0.017483102962352046,0.00045796956518122123,2.065066436464741e-06,0.08371677534348138,0.278571720414414
topology_0291,neural_t5,770,0.017364373797369204,0.01735842163748622,0.00045461127564309684,2.053794186170081e-06,0.08310699739921104,0.27758710930224795
topology_0291,neural_t5,775,0.01724141999466506,0.01723551231850656,0.0004513029786660905,2.0426678498553018e-06,0.08250335433045661,0.27660782276046786
topology_0291,neural_t5,780,0.017120207658505027,0.0171143437810412,0.00044804362168107524,2.031684395731734e-06,0.08190576155950219,0.27563380369667456
topology_0291,neural_t5,785,0.017000701956428933,0.01699488120742872,0.00044483218511590436,2.020840809584768e-06,0.08131413539411834,0.27466499637309966
topology_0291,neural_t5,790,0.016882867307570645,0.016877089029981023,0.00044166770143699673,2.0101341433307214e-06,0.08072839402471017,0.2737013456477752
topology_0291,neural_t5,795,0.016766671331645628,0.01676093488364142,0.0004385491665856621,1.9995615666707192e-06,0.08014845708448852,0.27274279741845564
topology_0291,neural_t5,800,0.01665208134519122,0.016646386097664168,0.000435475668389204,1.989120297973525e-06,0.07957424563239672,0.271789298546185
topology_0292,cold,0,1.0,0.9934555760790902,0.11421916708483618,1.509333807283185e-05,1.0,1.0
topology_0292,cold,5,4.861227295952053,4.8608042895213694,0.06412801026610905,0.00028315945501939565,0.7157184499314347,0.4349611818918078
topology_0292,cold,10,2.2523705961577196,2.252001565125713,0.04077055395790455,0.00012262619470204824,0.498562617474082,0.4083483063591767
topology_0292,cold,15,1.0554033018896798,1.0551551509982073,0.0228852201280145,6.050852358271848e-05,0.3804629962834652,0.4569216254511581
topology_0292,cold,20,0.5316732028987977,0.5314707088291556,0.01467239560848216,3.382911815251076e-05,0.3229810891149426,0.4887364653816609
topology_0292,cold,25,0.313761160658683,0.31357282609550086,0.010869597527324127,2.2846414587596266e-05,0.29443094683005167,0.5063276334812468
topology_0292,cold,30,0.21679498015567564,0.21662172693076678,0.008665478401420375,1.806395911498347e-05,0.2784987495287245,0.5123527947240499
topology_0292,cold,35,0.16916924972118036,0.1690133745071138,0.007260443966642632,1.556767264460452e-05,0.2681180485867963,0.5139158403129986
topology_0292,cold,40,0.14258831443901826,0.14244987680927332,0.0062817049951271915,1.3926140898187794e-05,0.26023975155425705,0.5128930156608761
topology_0292,cold,45,0.1259745396218263,0.12585204884611895,0.005553942099006554,1.2701419405882698e-05,0.25360283045693555,0.510702999424744
topology_0292,cold,50,0.11453380455332797,0.11442518654265796,0.004986876036284478,1.1727599511884993e-05,0.24764339119354115,0.507961186679371
topology_0292,cold,55,0.1059104983711015,0.1058135731228167,0.0045300429259032245,1.092185361616798e-05,0.24211480312537245,0.5050182724783967
topology_0292,cold,60,0.0990149571708534,0.09892785312179346,0.00415229038454681,1.0238222308083865e-05,0.23689854460712945,0.5020064551540437
topology_0292,cold,65,0.09327514001297618,0.09319632412466951,0.003833643308207818,9.647553634386712e-06,0.23192903777019883,0.49899295913512187
topology_0292,cold,70,0.08835721922052267,0.08828544648384277,0.0035606241270793263,9.130043391216656e-06,0.22716665208114184,0.4960118411044336
topology_0292,cold,75,0.08405275398829105,0.08398701461121753,0.0033236658246937043,8.671624479945974e-06,0.2225858695627074,0.4930802045882819
topology_0292,cold,80,0.08022440783747305,0.08016387725342125,0.003115819043634655,8.261896822100186e-06,0.2181691204011216,0.490206522458918
topology_0292,cold,85,0.0767778239533434,0.07672182421221803,0.002931872824931553,7.89294227236427e-06,0.2139034681509314,0.4873941743877383
topology_0292,cold,90,0.0736456069687549,0.07359357609651068,0.002767837782666872,7.558587947764051e-06,0.20977875746009778,0.4846438313457418
topology_0292,cold,95,0.0707778803883787,0.07072934864576103,0.002620599129705251,7.253923778477246e-06,0.2057865777782223,0.4819546409926679
topology_0292,cold,100,0.0681365204365912,0.06809109202715738,0.002487680667784105,6.974978749457324e-06,0.20191967574522268,0.4793249580356865
topology_0292,cold,105,0.06569155739727615,0.06564889611148518,0.0023670883982036977,6.718492673650488e-06,0.19817161852152898,0.47675274162575376
topology_0292,cold,110,0.06341885410909295,0.06337867211567827,0.0022571963473649106,6.4817593887346384e-06,0.19453659616620095,0.47423577775398557
topology_0292,cold,115,0.061298610283920384,0.061260659467258845,0.0021566606495968055,6.26250571668711e-06,0.19100929806233483,0.47177180690615955
topology_0292,cold,120,0.05931431931717544,0.059278384411678535,0.0020643596808732874,6.058803716039112e-06,0.18758482677755633,0.46935859668741403
topology_0292,cold,125,0.05745202549682172,0.05741791860754751,0.0019793488877070595,5.869006220841837e-06,0.18425864046934498,0.4669939818081659
topology_0292,cold,130,0.05569981278187986,0.055667369039246996,0.0019008250286025677,5.6916948517941155e-06,0.18102651022468344,0.4646758830908061
topology_0292,cold,135,0.05404741434465584,0.054016488388999695,0.0018280998143638788,5.525639539770259e-06,0.17788448124390907,0.4624023185949945
topology_0292,cold,140,0.05248589311170002,0.05245635622370034,0.0017605790611762088,5.369767431886373e-06,0.17482884736246496,0.4601714072705824
topology_0292,cold,145,0.05100741100727655,0.050979148749419355,0.0016977464971664248,5.223138048258889e-06,0.17185612736485797,0.45798136438279985
topology_0292,cold,150,0.04960509613511102,0.04957800644028658,0.0016391504275305082,5.084922413525958e-06,0.16896304681839616,0.45583050195696956
topology_0292,cold,155,0.04827286395650291,0.04824685549079017,0.00158439429053841,4.954387767747776e-06,0.1661465146626354,0.4537172244335096
topology_0292,cold,160,0.0470052786117219,0.04698026942227186,0.0015331272089826337,4.830882382223938e-06,0.16340361133078762,0.45164002507425466
topology_0292,cold,165,0.045797489667548576,0.045773406033069265,0.0014850379661294412,4.713825581498936e-06,0.1607315761195783,0.44959747977045006
topology_0292,cold,170,0.044645155363320005,0.044621930789754564,0.0014398502784982968,4.602699441016201e-06,0.1581277929061654,0.4475882430012599
topology_0292,cold,175,0.043544356571426364,0.04352193099304714,0.001397315867159389,4.497037845017254e-06,0.15558978059552028,0.44561104270089397
topology_0292,cold,180,0.04249156804189952,0.04246988706412346,0.0013572133551648556,4.396423343875854e-06,0.15311518289452397,0.44366467479297367
topology_0292,cold,185,0.041483563724823494,0.04146257799234402,0.0013193434147943228,4.30047901578122e-06,0.1507017592159342,0.4417480006493469
topology_0292,cold,190,0.04051743148732505,0.040497096140239004,0.0012835267133057518,4.208865438935581e-06,0.1483473817603386,0.43985993971961795
topology_0292,cold,195,0.03959054352361663,0.039570817733551124,0.0012496012998361062,4.121274866788821e-06,0.14605002125300778,0.43799946983699023
topology_0292,cold,200,0.03870047550548124,0.03868132203891755,0.0012174207863658822,4.037428559064119e-06,0.14380774291300696,0.43616562166281797
topology_0292,cold,205,0.037845014127784286,0.03782639897519827,0.0011868526626671364,3.957073578988732e-06,0.1416187010093152,0.4343574751074182
topology_0292,cold,210,0.03702213259437091,0.03700402464468489,0.0011577766954351558,3.879979624871399e-06,0.1394811336237194,0.43257415661920273
topology_0292,cold,215,0.03622996652356921,0.03621233727283495,0.0011300836483369007,3.8059370456417743e-06,0.13739335712133366,0.4308148361707045
topology_0292,cold,220,0.03546680049455291,0.035449623787359684,0.001103674185024772,3.7347543816401488e-06,0.13535376173737793,0.4290787245464743
topology_0292,cold,225,0.034731050131547814,0.034714301934222924,0.0010784577035078526,3.6662566687572096e-06,0.13336080749495602,0.4273650708262539
topology_0292,cold,230,0.034021253152070746,0.03400491134195644,0.001054351791825299,3.600283325106352e-06,0.13141302031565194,0.42567315968835756
topology_0292,cold,235,0.033336057168000005,0.033320101353326775,0.0010312811469412387,3.5366875340868737e-06,0.1295089885119078,0.4240023092551648
topology_0292,cold,240,0.03267421732217419,0.0326586286830107,0.0010091769339171039,3.4753342312581275e-06,0.12764735814264827,0.4223518699246163
topology_0292,cold,245,0.032034566730616484,0.032019327865747245,0.000987976201317053,3.4160991559067918e-06,0.1258268304859693,0.42072122241705157
topology_0292,cold,250,0.031416022110510186,0.03140111690627712,0.0009676213124917685,3.358867841257148e-06,0.12404615964549892,0.4191097753420905
topology_0292,cold,255,0.030817572098862094,0.03080298560996622,0.0009480594218912211,3.303534628924277e-06,0.12230414972727034,0.41751696368605423
topology_0292,cold,260,0.030238279162174076,0.030223997508122113,0.0009292420331039747,3.2500019027742768e-06,0.12059965244357372,0.4159422471889776
topology_0292,cold,265,0.029677267175765427,0.029663277445470353,0.0009111245724178563,3.1981792132441204e-06,0.11893156399586374,0.41438510932152656
topology_0292,cold,270,0.029133717207434275,0.02912000737261224,0.0008936660628925659,3.1479826560164205e-06,0.11729882279689689,0.41284505604608357
topology_0292,cold,275,0.02860685428736023,0.02859341311760986,0.0008768288875731637,3.099334417677283e-06,0.1157004078943722,0.4113216144720437
topology_0292,cold,280,0.028095959642441916,0.028082776647350788,0.0008605781132712694,3.052162056956512e-06,0.11413533756904329,0.40981433161891334
topology_0292,cold,285,0.02760035763668421,0.027587422998860137,0.0008448815990457683,3.006397957301457e-06,0.11260266616499962,0.4083227730031519
topology_0292,cold,290,0.027119411185634594,0.027106715702088197,0.0008297096651044831,2.961979150773701e-06,0.1111014828322473,0.40684652214436967
topology_0292,cold,295,0.026652516556706574,0.02664005158534847,0.0008150348555886838,2.9188467273781758e-06,0.10963091009831706,0.40538517943593144
topology_0292,cold,300,0.02619910714309553,0.026186864557977994,0.0008008317180901179,2.8769456394962114e-06,0.1081901029397528,0.40393836106174374
topology_0292,cold,305,0.02575865617151957,0.025746628321059874,0.0007870767533044553,2.8362243604745654e-06,0.10677824599655998,0.4025056987259708
topology_0292,cold,310,0.025330652780620966,0.02531883245052363,0.000773747900500923,2.7966341861369557e-06,0.10539455274896414,0.40108683874972273
topology_0292,cold,315,0.024914622731978787,0.024903003111692655,0.0007608247423565292,2.7581295383812234e-06,0.10403826485605097,0.39968144041256387
topology_0292,cold,320,0.024510104463361007,0.024498679102677022,0.0007482884650282596,2.7206673789717273e-06,0.10270865000376116,0.39828917676312253
topology_0292,cold,325,0.024116676785697292,0.02410543958011171,0.0007361213421746809,2.6842074684002413e-06,0.10140500287974992,0.3969097327620366
topology_0292,cold,330,0.023733940632928056,0.023722885796633456,0.000724306862847138,2.648711508370529e-06,0.10012664011716411,0.3955428055604543
topology_0292,cold,335,0.023361505639592762,0.023350627677695246,0.0007128295537028075,2.6141433347475065e-06,0.0988729013726202,0.3941881036601938
topology_0292,cold,340,0.02299899884718742,0.022988292532482305,0.0007016749640165225,2.5804687692213507e-06,0.09764314907486486,0.3928453461207095
topology_0292,cold,345,0.022646073041241496,0.022635533400442897,0.0006908294841214542,2.547655314979439e-06,0.09643676727525276,0.39151426222394464
topology_0292,cold,350,0.022302393959347768,0.022292016252047606,0.0006802803890975316,2.5156721783088244e-06,0.09525316007065211,0.39019459064164935
topology_0292,cold,355,0.021967641813532116,0.02195742151589476,0.0006700157074842202,2.4844901106955e-06,0.09409175120608275,0.38888607937846537
topology_0292,cold,360,0.021641514320385233,0.021631447111960078,0.0006600241657681549,2.454081298271283e-06,0.09295198332060466,0.38758848515933214
topology_0292,cold,365,0.021323722023619002,0.021313803772528516,0.0006502951706066441,2.424419293032867e-06,0.09183331676923609,0.3863015732354744
topology_0292,cold,370,0.021013986707135526,0.02100421345827691,0.00064081868612672,2.3954787732884585e-06,0.09073522917540626,0.3850251170057274
topology_0292,cold,375,0.020712042697198303,0.02070241066033557,0.0006315852575742135,2.3672356932103727e-06,0.08965721492442794,0.38375889739401575
topology_0292,cold,380,0.02041763771702559,0.02040814325852908,0.0006225859049308314,2.339666934795239e-06,0.08859878414921356,0.3825027026545459
topology_0292,cold,385,0.020130527874630252,0.020121167506013178,0.0006138121515659029,2.312750503461238e-06,0.0875594622468185,0.3812563281649785
topology_0292,cold,390,0.019850479670883506,0.019841250040866544,0.0006052559392926828,2.2864653047921337e-06,0.08653878934529742,0.3800195760024031
topology_0292,cold,395,0.01957726917329692,0.019568167059069903,0.0005969096421374584,2.2607911581571e-06,0.0855363197221191,0.3787922546311276
topology_0292,cold,400,0.019310681730212026,0.019301704030911505,0.0005887659893760785,2.2357087189727696e-06,0.08455162126314979,0.37757417867690346
topology_0292,cold,405,0.019050511131305597,0.019041654860269083,0.0005808180928536839,2.2111994601657184e-06,0.08358427492149183,0.3763651686631142
topology_0292,cold,410,0.018796559156914465,0.018787821436551253,0.0005730593543491972,2.1872455298173697e-06,0.08263387424664534,0.37516505076234863
topology_0292,cold,415,0.0185486359994624,0.018540014053567925,0.0005654835558146128,2.1638298290967e-06,0.08170002486189377,0.37397365648005404
topology_0292,cold,420,0.018306556974518405,0.018298048127901163,0.0005580845694825499,2.1409359293811486e-06,0.08078234403309054,0.372790822832776
topology_0292,cold,425,0.018070145919621354,0.018061747585003507,0.000550856826936586,2.1185479678382706e-06,0.07988046046147072,0.37161639142539954
topology_0292,cold,430,0.017839236132941836,0.01783094581491531,0.0005437947742167106,2.0966512870964336e-06,0.07899401359835194,0.3704502078891649
topology_0292,cold,435,0.017613661293249854,0.017605476572385287,0.0005368933841490155,2.0752296164166423e-06,0.07812265263955241,0.36929212480897394
topology_0292,cold,440,0.017393257682466336,0.017385176223612922,0.0005301473970239859,2.0542703508058224e-06,0.07726603834062688,0.36814199824582955
topology_0292,cold,445,0.017177880383238135,0.017169899929546352,0.0005235520356410623,2.033759536010911e-06,0.07642384053976495,0.3669996868285224
topology_0292,cold,450,0.01696738241512703,0.01695950078031493,0.0005171027448545563,2.013683996279364e-06,0.07559573808942188,0.3658650544616654
topology_0292,cold,455,0.016761621920156507,0.016753836986960577,0.000510795098315293,1.994031038660308e-06,0.07478141895113467,0.3647379689235018
topology_0292,cold,460,0.01656046218622962,0.016552771902078853,0.0005046248898938371,1.974788519828808e-06,0.07398057985181154,0.3636183017529603
topology_0292,cold,465,0.016363751365208085,0.016356153733663743,0.0004985879635413905,1.955944518244942e-06,0.07319292732646626,0.3625059280387358
topology_0292,cold,470,0.01617139064601232,0.016163883742860215,0.0004926804434674967,1.9374877740528637e-06,0.07241817588898994,0.36140072602128065
topology_0292,cold,475,0.015983254025159977,0.01597583598280724,0.00048689855114807053,1.9194072284100492e-06,0.07165604557051489,0.36030257743773186
topology_0292,cold,480,0.01579922611122101,0.015791895120078028,0.00048123862429074734,1.9016924729990173e-06,0.07090626384538655,0.3592113653453903
topology_0292,cold,485,0.015619176327194444,0.015611930621051423,0.00047569724905505774,1.88433271032859e-06,0.07016856674247586,0.3581269828777126
topology_0292,cold,490,0.015443000709852581,0.015435838579254419,0.0004702709780863736,1.8673184106554205e-06,0.06944269782183807,0.35704931916701355
topology_0292,cold,495,0.015270591501925702,0.01526351128573451,0.00046495658299756254,1.8506399024492085e-06,0.06872840700624984,0.355978268580314
topology_0292,cold,500,0.015101844433665955,0.01509484451785622,0.0004597509279830594,1.8342879168589998e-06,0.068025450931509,0.35491372819634665
topology_0292,cold,505,0.014936658564732764,0.014929737380971092,0.00045465097447772667,1.818253424607593e-06,0.06733359269920089,0.353855597720342
topology_0292,cold,510,0.014774934837665456,0.014768090860319279,0.00044965381073471466,1.8025277605916479e-06,0.06665260166794895,0.35280377945939234
topology_0292,cold,515,0.014616571187010324,0.01460980293029656,0.00044475657286106987,1.7871024664744713e-06,0.06598225417134378,0.35175817781939095
topology_0292,cold,520,0.014461491578759884,0.014454797604446325,0.00043995654008127427,1.7719694420979054e-06,0.06532233167875995,0.3507186997120099
topology_0292,cold,525,0.014309604518442407,0.014302983425069664,0.0004352511102072109,1.7571207511539602e-06,0.06467262026418409,0.34968525487139474
topology_0292,cold,530,0.014160822650578732,0.014154273073760404,0.0004306377341673221,1.7425487688683148e-06,0.06403291185123793,0.3486577553207679
topology_0292,cold,535,0.01401506221656481,0.014008582828246078,0.00042611394194177186,1.7282460998934513e-06,0.06340300385491379,0.3476361151388039
topology_0292,cold,540,0.013872242200565042,0.013865831707319025,0.0004216773611934689,1.7142055822536865e-06,0.0627826988946615,0.34662025041144157
topology_0292,cold,545,0.013732284719555907,0.01372594186314278,0.00041732564879743285,1.7004202548422837e-06,0.06217180462650093,0.3456100791517649
topology_0292,cold,550,0.013595114319206634,0.013588837873937585,0.0004130565851806641,1.6868833926800895e-06,0.06157013345812851,0.34460552147666407
topology_0292,cold,553,0.013514119253508336,0.013507882079802792,0.00041053391766906095,1.6788778174705082e-06,0.06121348156440771,0.34400544887628026
topology_0292,teacher_k20,0,0.5316732028987977,0.5314707088291556,0.01467239560848216,3.382911815251076e-05,0.3229810891149426,0.4887364653816609
topology_0292,teacher_k20,5,0.313761160658683,0.31357282609550086,0.010869597527324127,2.2846414587596266e-05,0.29443094683005167,0.5063276334812468
topology_0292,teacher_k20,10,0.21679498015567564,0.21662172693076678,0.008665478401420375,1.806395911498347e-05,0.2784987495287245,0.5123527947240499
topology_0292,teacher_k20,15,0.16916924972118036,0.1690133745071138,0.007260443966642632,1.556767264460452e-05,0.2681180485867963,0.5139158403129986
topology_0292,teacher_k20,20,0.14258831443901826,0.14244987680927332,0.0062817049951271915,1.3926140898187794e-05,0.26023975155425705,0.5128930156608761
topology_0292,teacher_k20,25,0.1259745396218263,0.12585204884611895,0.005553942099006554,1.2701419405882698e-05,0.25360283045693555,0.510702999424744
topology_0292,teacher_k20,30,0.11453380455332797,0.11442518654265796,0.004986876036284478,1.1727599511884993e-05,0.24764339119354115,0.507961186679371
topology_0292,teacher_k20,35,0.1059104983711015,0.1058135731228167,0.0045300429259032245,1.092185361616798e-05,0.24211480312537245,0.5050182724783967
topology_0292,teacher_k20,40,0.0990149571708534,0.09892785312179346,0.00415229038454681,1.0238222308083865e-05,0.23689854460712945,0.5020064551540437
topology_0292,teacher_k20,45,0.09327514001297618,0.09319632412466951,0.003833643308207818,9.647553634386712e-06,0.23192903777019883,0.49899295913512187
topology_0292,teacher_k20,50,0.08835721922052267,0.08828544648384277,0.0035606241270793263,9.130043391216656e-06,0.22716665208114184,0.4960118411044336
topology_0292,teacher_k20,55,0.08405275398829105,0.08398701461121753,0.0033236658246937043,8.671624479945974e-06,0.2225858695627074,0.4930802045882819
topology_0292,teacher_k20,60,0.08022440783747305,0.08016387725342125,0.003115819043634655,8.261896822100186e-06,0.2181691204011216,0.490206522458918
topology_0292,teacher_k20,65,0.0767778239533434,0.07672182421221803,0.002931872824931553,7.89294227236427e-06,0.2139034681509314,0.4873941743877383
topology_0292,teacher_k20,70,0.0736456069687549,0.07359357609651068,0.002767837782666872,7.558587947764051e-06,0.20977875746009778,0.4846438313457418
topology_0292,teacher_k20,75,0.0707778803883787,0.07072934864576103,0.002620599129705251,7.253923778477246e-06,0.2057865777782223,0.4819546409926679
topology_0292,teacher_k20,80,0.0681365204365912,0.06809109202715738,0.002487680667784105,6.974978749457324e-06,0.20191967574522268,0.4793249580356865
topology_0292,teacher_k20,85,0.06569155739727615,0.06564889611148518,0.0023670883982036977,6.718492673650488e-06,0.19817161852152898,0.47675274162575376
topology_0292,teacher_k20,90,0.06341885410909295,0.06337867211567827,0.0022571963473649106,6.4817593887346384e-06,0.19453659616620095,0.47423577775398557
topology_0292,teacher_k20,95,0.061298610283920384,0.061260659467258845,0.0021566606495968055,6.26250571668711e-06,0.19100929806233483,0.47177180690615955
topology_0292,teacher_k20,100,0.05931431931717544,0.059278384411678535,0.0020643596808732874,6.058803716039112e-06,0.18758482677755633,0.46935859668741403
topology_0292,teacher_k20,105,0.05745202549682172,0.05741791860754751,0.0019793488877070595,5.869006220841837e-06,0.18425864046934498,0.4669939818081659
topology_0292,teacher_k20,110,0.05569981278187986,0.055667369039246996,0.0019008250286025677,5.6916948517941155e-06,0.18102651022468344,0.4646758830908061
topology_0292,teacher_k20,115,0.05404741434465584,0.054016488388999695,0.0018280998143638788,5.525639539770259e-06,0.17788448124390907,0.4624023185949945
topology_0292,teacher_k20,120,0.05248589311170002,0.05245635622370034,0.0017605790611762088,5.369767431886373e-06,0.17482884736246496,0.4601714072705824
topology_0292,teacher_k20,125,0.05100741100727655,0.050979148749419355,0.0016977464971664248,5.223138048258889e-06,0.17185612736485797,0.45798136438279985
topology_0292,teacher_k20,130,0.04960509613511102,0.04957800644028658,0.0016391504275305082,5.084922413525958e-06,0.16896304681839616,0.45583050195696956
topology_0292,teacher_k20,135,0.04827286395650291,0.04824685549079017,0.00158439429053841,4.954387767747776e-06,0.1661465146626354,0.4537172244335096
topology_0292,teacher_k20,140,0.0470052786117219,0.04698026942227186,0.0015331272089826337,4.830882382223938e-06,0.16340361133078762,0.45164002507425466
topology_0292,teacher_k20,145,0.045797489667548576,0.045773406033069265,0.0014850379661294412,4.713825581498936e-06,0.1607315761195783,0.44959747977045006
topology_0292,teacher_k20,150,0.044645155363320005,0.044621930789754564,0.0014398502784982968,4.602699441016201e-06,0.1581277929061654,0.4475882430012599
topology_0292,teacher_k20,155,0.043544356571426364,0.04352193099304714,0.001397315867159389,4.497037845017254e-06,0.15558978059552028,0.44561104270089397
topology_0292,teacher_k20,160,0.04249156804189952,0.04246988706412346,0.0013572133551648556,4.396423343875854e-06,0.15311518289452397,0.44366467479297367
topology_0292,teacher_k20,165,0.041483563724823494,0.04146257799234402,0.0013193434147943228,4.30047901578122e-06,0.1507017592159342,0.4417480006493469
topology_0292,teacher_k20,170,0.04051743148732505,0.040497096140239004,0.0012835267133057518,4.208865438935581e-06,0.1483473817603386,0.43985993971961795
topology_0292,teacher_k20,175,0.03959054352361663,0.039570817733551124,0.0012496012998361062,4.121274866788821e-06,0.14605002125300778,0.43799946983699023
topology_0292,teacher_k20,180,0.03870047550548124,0.03868132203891755,0.0012174207863658822,4.037428559064119e-06,0.14380774291300696,0.43616562166281797
topology_0292,teacher_k20,185,0.037845014127784286,0.03782639897519827,0.0011868526626671364,3.957073578988732e-06,0.1416187010093152,0.4343574751074182
topology_0292,teacher_k20,190,0.03702213259437091,0.03700402464468489,0.0011577766954351558,3.879979624871399e-06,0.1394811336237194,0.43257415661920273
topology_0292,teacher_k20,195,0.03622996652356921,0.03621233727283495,0.0011300836483369007,3.8059370456417743e-06,0.13739335712133366,0.4308148361707045
topology_0292,teacher_k20,200,0.03546680049455291,0.035449623787359684,0.001103674185024772,3.7347543816401488e-06,0.13535376173737793,0.4290787245464743
topology_0292,teacher_k20,205,0.034731050131547814,0.034714301934222924,0.0010784577035078526,3.6662566687572096e-06,0.13336080749495602,0.4273650708262539
topology_0292,teacher_k20,210,0.034021253152070746,0.03400491134195644,0.001054351791825299,3.600283325106352e-06,0.13141302031565194,0.42567315968835756
topology_0292,teacher_k20,215,0.033336057168000005,0.033320101353326775,0.0010312811469412387,3.5366875340868737e-06,0.1295089885119078,0.4240023092551648
topology_0292,teacher_k20,220,0.03267421732217419,0.0326586286830107,0.0010091769339171039,3.4753342312581275e-06,0.12764735814264827,0.4223518699246163
topology_0292,teacher_k20,225,0.032034566730616484,0.032019327865747245,0.000987976201317053,3.4160991559067918e-06,0.1258268304859693,0.42072122241705157
topology_0292,teacher_k20,230,0.031416022110510186,0.03140111690627712,0.0009676213124917685,3.358867841257148e-06,0.12404615964549892,0.4191097753420905
topology_0292,teacher_k20,235,0.030817572098862094,0.03080298560996622,0.0009480594218912211,3.303534628924277e-06,0.12230414972727034,0.41751696368605423
topology_0292,teacher_k20,240,0.030238279162174076,0.030223997508122113,0.0009292420331039747,3.2500019027742768e-06,0.12059965244357372,0.4159422471889776
topology_0292,teacher_k20,245,0.029677267175765427,0.029663277445470353,0.0009111245724178563,3.1981792132441204e-06,0.11893156399586374,0.41438510932152656
topology_0292,teacher_k20,250,0.029133717207434275,0.02912000737261224,0.0008936660628925659,3.1479826560164205e-06,0.11729882279689689,0.41284505604608357
topology_0292,teacher_k20,255,0.02860685428736023,0.02859341311760986,0.0008768288875731637,3.099334417677283e-06,0.1157004078943722,0.4113216144720437
topology_0292,teacher_k20,260,0.028095959642441916,0.028082776647350788,0.0008605781132712694,3.052162056956512e-06,0.11413533756904329,0.40981433161891334
topology_0292,teacher_k20,265,0.02760035763668421,0.027587422998860137,0.0008448815990457683,3.006397957301457e-06,0.11260266616499962,0.4083227730031519
topology_0292,teacher_k20,270,0.027119411185634594,0.027106715702088197,0.0008297096651044831,2.961979150773701e-06,0.1111014828322473,0.40684652214436967
topology_0292,teacher_k20,275,0.026652516556706574,0.02664005158534847,0.0008150348555886838,2.9188467273781758e-06,0.10963091009831706,0.40538517943593144
topology_0292,teacher_k20,280,0.02619910714309553,0.026186864557977994,0.0008008317180901179,2.8769456394962114e-06,0.1081901029397528,0.40393836106174374
topology_0292,teacher_k20,285,0.02575865617151957,0.025746628321059874,0.0007870767533044553,2.8362243604745654e-06,0.10677824599655998,0.4025056987259708
topology_0292,teacher_k20,290,0.025330652780620966,0.02531883245052363,0.000773747900500923,2.7966341861369557e-06,0.10539455274896414,0.40108683874972273
topology_0292,teacher_k20,295,0.024914622731978787,0.024903003111692655,0.0007608247423565292,2.7581295383812234e-06,0.10403826485605097,0.39968144041256387
topology_0292,teacher_k20,300,0.024510104463361007,0.024498679102677022,0.0007482884650282596,2.7206673789717273e-06,0.10270865000376116,0.39828917676312253
topology_0292,teacher_k20,305,0.024116676785697292,0.02410543958011171,0.0007361213421746809,2.6842074684002413e-06,0.10140500287974992,0.3969097327620366
topology_0292,teacher_k20,310,0.023733940632928056,0.023722885796633456,0.000724306862847138,2.648711508370529e-06,0.10012664011716411,0.3955428055604543
topology_0292,teacher_k20,315,0.023361505639592762,0.023350627677695246,0.0007128295537028075,2.6141433347475065e-06,0.0988729013726202,0.3941881036601938
topology_0292,teacher_k20,320,0.02299899884718742,0.022988292532482305,0.0007016749640165225,2.5804687692213507e-06,0.09764314907486486,0.3928453461207095
topology_0292,teacher_k20,325,0.022646073041241496,0.022635533400442897,0.0006908294841214542,2.547655314979439e-06,0.09643676727525276,0.39151426222394464
topology_0292,teacher_k20,330,0.022302393959347768,0.022292016252047606,0.0006802803890975316,2.5156721783088244e-06,0.09525316007065211,0.39019459064164935
topology_0292,teacher_k20,335,0.021967641813532116,0.02195742151589476,0.0006700157074842202,2.4844901106955e-06,0.09409175120608275,0.38888607937846537
topology_0292,teacher_k20,340,0.021641514320385233,0.021631447111960078,0.0006600241657681549,2.454081298271283e-06,0.09295198332060466,0.38758848515933214
topology_0292,teacher_k20,345,0.021323722023619002,0.021313803772528516,0.0006502951706066441,2.424419293032867e-06,0.09183331676923609,0.3863015732354744
topology_0292,teacher_k20,350,0.021013986707135526,0.02100421345827691,0.00064081868612672,2.3954787732884585e-06,0.09073522917540626,0.3850251170057274
topology_0292,teacher_k20,355,0.020712042697198303,0.02070241066033557,0.0006315852575742135,2.3672356932103727e-06,0.08965721492442794,0.38375889739401575
topology_0292,teacher_k20,360,0.02041763771702559,0.02040814325852908,0.0006225859049308314,2.339666934795239e-06,0.08859878414921356,0.3825027026545459
topology_0292,teacher_k20,365,0.020130527874630252,0.020121167506013178,0.0006138121515659029,2.312750503461238e-06,0.0875594622468185,0.3812563281649785
topology_0292,teacher_k20,370,0.019850479670883506,0.019841250040866544,0.0006052559392926828,2.2864653047921337e-06,0.08653878934529742,0.3800195760024031
topology_0292,teacher_k20,375,0.01957726917329692,0.019568167059069903,0.0005969096421374584,2.2607911581571e-06,0.0855363197221191,0.3787922546311276
topology_0292,teacher_k20,380,0.019310681730212026,0.019301704030911505,0.0005887659893760785,2.2357087189727696e-06,0.08455162126314979,0.37757417867690346
topology_0292,teacher_k20,385,0.019050511131305597,0.019041654860269083,0.0005808180928536839,2.2111994601657184e-06,0.08358427492149183,0.3763651686631142
topology_0292,teacher_k20,390,0.018796559156914465,0.018787821436551253,0.0005730593543491972,2.1872455298173697e-06,0.08263387424664534,0.37516505076234863
topology_0292,teacher_k20,395,0.0185486359994624,0.018540014053567925,0.0005654835558146128,2.1638298290967e-06,0.08170002486189377,0.37397365648005404
topology_0292,teacher_k20,400,0.018306556974518405,0.018298048127901163,0.0005580845694825499,2.1409359293811486e-06,0.08078234403309054,0.372790822832776
topology_0292,teacher_k20,405,0.018070145919621354,0.018061747585003507,0.000550856826936586,2.1185479678382706e-06,0.07988046046147072,0.37161639142539954
topology_0292,teacher_k20,410,0.017839236132941836,0.01783094581491531,0.0005437947742167106,2.0966512870964336e-06,0.07899401359835194,0.3704502078891649
topology_0292,teacher_k20,415,0.017613661293249854,0.017605476572385287,0.0005368933841490155,2.0752296164166423e-06,0.07812265263955241,0.36929212480897394
topology_0292,teacher_k20,420,0.017393257682466336,0.017385176223612922,0.0005301473970239859,2.0542703508058224e-06,0.07726603834062688,0.36814199824582955
topology_0292,teacher_k20,425,0.017177880383238135,0.017169899929546352,0.0005235520356410623,2.033759536010911e-06,0.07642384053976495,0.3669996868285224
topology_0292,teacher_k20,430,0.01696738241512703,0.01695950078031493,0.0005171027448545563,2.013683996279364e-06,0.07559573808942188,0.3658650544616654
topology_0292,teacher_k20,435,0.016761621920156507,0.016753836986960577,0.000510795098315293,1.994031038660308e-06,0.07478141895113467,0.3647379689235018
topology_0292,teacher_k20,440,0.01656046218622962,0.016552771902078853,0.0005046248898938371,1.974788519828808e-06,0.07398057985181154,0.3636183017529603
topology_0292,teacher_k20,445,0.016363751365208085,0.016356153733663743,0.0004985879635413905,1.955944518244942e-06,0.07319292732646626,0.3625059280387358
topology_0292,teacher_k20,450,0.01617139064601232,0.016163883742860215,0.0004926804434674967,1.9374877740528637e-06,0.07241817588898994,0.36140072602128065
topology_0292,teacher_k20,455,0.015983254025159977,0.01597583598280724,0.00048689855114807053,1.9194072284100492e-06,0.07165604557051489,0.36030257743773186
topology_0292,teacher_k20,460,0.01579922611122101,0.015791895120078028,0.00048123862429074734,1.9016924729990173e-06,0.07090626384538655,0.3592113653453903
topology_0292,teacher_k20,465,0.015619176327194444,0.015611930621051423,0.00047569724905505774,1.88433271032859e-06,0.07016856674247586,0.3581269828777126
topology_0292,teacher_k20,470,0.015443000709852581,0.015435838579254419,0.0004702709780863736,1.8673184106554205e-06,0.06944269782183807,0.35704931916701355
topology_0292,teacher_k20,475,0.015270591501925702,0.01526351128573451,0.00046495658299756254,1.8506399024492085e-06,0.06872840700624984,0.355978268580314
topology_0292,teacher_k20,480,0.015101844433665955,0.01509484451785622,0.0004597509279830594,1.8342879168589998e-06,0.068025450931509,0.35491372819634665
topology_0292,teacher_k20,485,0.014936658564732764,0.014929737380971092,0.00045465097447772667,1.818253424607593e-06,0.06733359269920089,0.353855597720342
topology_0292,teacher_k20,490,0.014774934837665456,0.014768090860319279,0.00044965381073471466,1.8025277605916479e-06,0.06665260166794895,0.35280377945939234
topology_0292,teacher_k20,495,0.014616571187010324,0.01460980293029656,0.00044475657286106987,1.7871024664744713e-06,0.06598225417134378,0.35175817781939095
topology_0292,teacher_k20,500,0.014461491578759884,0.014454797604446325,0.00043995654008127427,1.7719694420979054e-06,0.06532233167875995,0.3507186997120099
topology_0292,teacher_k20,505,0.014309604518442407,0.014302983425069664,0.0004352511102072109,1.7571207511539602e-06,0.06467262026418409,0.34968525487139474
topology_0292,teacher_k20,510,0.014160822650578732,0.014154273073760404,0.0004306377341673221,1.7425487688683148e-06,0.06403291185123793,0.3486577553207679
topology_0292,teacher_k20,515,0.01401506221656481,0.014008582828246078,0.00042611394194177186,1.7282460998934513e-06,0.06340300385491379,0.3476361151388039
topology_0292,teacher_k20,520,0.013872242200565042,0.013865831707319025,0.0004216773611934689,1.7142055822536865e-06,0.0627826988946615,0.34662025041144157
topology_0292,teacher_k20,525,0.013732284719555907,0.01372594186314278,0.00041732564879743285,1.7004202548422837e-06,0.06217180462650093,0.3456100791517649
topology_0292,teacher_k20,530,0.013595114319206634,0.013588837873937585,0.0004130565851806641,1.6868833926800895e-06,0.06157013345812851,0.34460552147666407
topology_0292,teacher_k20,533,0.013514119253508336,0.013507882079802792,0.00041053391766906095,1.6788778174705082e-06,0.06121348156440771,0.34400544887628026
topology_0292,neural,0,3.7063535464893747,3.703853999263313,0.13609607840696553,0.00014545710150211516,0.6248479902247912,0.9982848547823002
topology_0292,neural,5,1.7839648513610136,1.7834929333515217,0.04103081988262773,0.00013927120813346037,0.5603230200500976,0.5618589490296817
topology_0292,neural,10,1.1350359723226553,1.1347915768712935,0.023552757270539654,5.615473121730229e-05,0.4699354244538264,0.49695158499106434
topology_0292,neural,15,0.6642207853086425,0.6640289881760755,0.015960989551841755,3.619962922014157e-05,0.4050006384531061,0.5171225255655422
topology_0292,neural,20,0.42576293304847623,0.4255884368952057,0.01218838980371089,2.6327352890958894e-05,0.3655821817922919,0.5302057494796909
topology_0292,neural,25,0.3040246603080122,0.3038654509936924,0.009837749933330142,2.1072525832726192e-05,0.34078883941457566,0.5349763132377008
topology_0292,neural,30,0.23605629389947652,0.23591188486433576,0.008255673626693624,1.7952213687069873e-05,0.3236881564258361,0.5360440890606909
topology_0292,neural,35,0.19496902450057632,0.19483880956976818,0.007124503376977546,1.5867369008888637e-05,0.310716451471567,0.5344490357204758
topology_0292,neural,40,0.16835745267584115,0.16824074326291277,0.006267692737006345,1.4338593063104621e-05,0.30007358316500504,0.5316496996572564
topology_0292,neural,45,0.14952885981856226,0.14942397802085722,0.005599512342367527,1.3137324872301844e-05,0.29085466188139336,0.5283340368640863
topology_0292,neural,50,0.1354053655645084,0.13531073518636635,0.005061404861104865,1.2157927078941278e-05,0.28260262244733897,0.524824075006102
topology_0292,neural,55,0.12435757254344929,0.12427179597758564,0.004618056394110128,1.1337786462051458e-05,0.2750560441961552,0.521264902470516
topology_0292,neural,60,0.11542140862223293,0.11534328684376376,0.0042458962860486725,1.063700244230066e-05,0.2680536351588854,0.5177302177557134
topology_0292,neural,65,0.10799303330660573,0.10792154879002475,0.003928670124498608,1.0028800315353759e-05,0.26149004129738274,0.514255585108099
topology_0292,neural,70,0.10167564340209496,0.10160993526434872,0.003654781342664303,9.494322434243267e-06,0.2552932852180193,0.5108583244300317
topology_0292,neural,75,0.09620077167357752,0.09614011179961489,0.0034157418509773757,9.019801407208668e-06,0.24941206719759745,0.5075455497159106
topology_0292,neural,80,0.09138218909058468,0.09132596174157497,0.0032051709925426594,8.59490090501826e-06,0.2438083200548855,0.504318937180069
topology_0292,neural,85,0.08708743197488264,0.0870351151411975,0.003018190336399247,8.211672608719177e-06,0.23845270182686001,0.5011773508101445
topology_0292,neural,90,0.08321993866309196,0.08317108833842776,0.002850998745976959,7.86388411800119e-06,0.23332184263432376,0.4981182008797534
topology_0292,neural,95,0.07970761049919703,0.07966184746850559,0.0027005874260406905,7.546560134734089e-06,0.2283965976721652,0.4951382275368168
topology_0292,neural,100,0.07649541865402291,0.07645241746168918,0.0025645441452844292,7.255668832787013e-06,0.22366091874424116,0.4922339139794663
topology_0292,neural,105,0.07354045306597477,0.07349993291619701,0.0024409116396599197,6.987900389874696e-06,0.21910109438685746,0.48940170564952695
topology_0292,neural,110,0.07080861392384283,0.07077033125723649,0.0023280837876912016,6.7404995546653604e-06,0.21470522732460615,0.4866381292270401
topology_0292,neural,115,0.0682722636948033,0.06823600616927628,0.0022247268785461614,6.511153592971727e-06,0.21046286335468858,0.48393985243604226
topology_0292,neural,120,0.06590870602579345,0.06587428759841064,0.002129723863042229,6.297899147463366e-06,0.20636472284184001,0.4813037094911794
topology_0292,neural,125,0.06369902433753509,0.06366628119972263,0.002042131864797207,6.099058320274603e-06,0.20240249451777007,0.4787267106863261
topology_0292,neural,130,0.06162730069112481,0.061596088045031964,0.001961145853132115,5.9131824005502505e-06,0.1985686786431112,0.47620604164333935
topology_0292,neural,135,0.059679948165859156,0.059650137443891346,0.001886076103504975,5.7390151248634966e-06,0.19485646332685805,0.47373905965200236
topology_0292,neural,140,0.05784523682054029,0.05781671344849847,0.0018163253433463764,5.575457486528322e-06,0.19125963056234146,0.47132328189398537
topology_0292,neural,145,0.056113054922262734,0.05608571652960477,0.0017513722267200674,5.421546303454202e-06,0.18777247728678145,0.468956376991454
topology_0292,neural,150,0.05447454197715377,0.05444829675956542,0.0016907618881053723,5.276430119025558e-06,0.1843897460168257,0.4666361598752508
topology_0292,neural,155,0.05292191137155218,0.05289667676893857,0.001634094124552729,5.139354286128321e-06,0.1811065747029603,0.46436057640110917
topology_0292,neural,160,0.05144826576125879,0.0514239673513584,0.0015810144183304939,5.00964776088379e-06,0.1779184519646138,0.4621276961686258
topology_0292,neural,165,0.05004746424592076,0.050024034793542886,0.0015312075434708173,4.886711176576651e-06,0.17482118011658945,0.45993570486580226
topology_0292,neural,170,0.04871405188100497,0.048691430519804985,0.0014843927537115398,4.770008006387743e-06,0.17181084238685906,0.4577828944822418
topology_0292,neural,175,0.04744312047299848,0.04742125198248638,0.0014403190348575945,4.659056262406484e-06,0.16888377353537673,0.4556676579368898
topology_0292,neural,180,0.04623021809844345,0.04620905232295966,0.0013987594896867732,4.553420338415231e-06,0.16603653885581884,0.45358848094762033
topology_0292,neural,185,0.04507140055042025,0.04505089185010966,0.0013595114047074172,4.452708875824354e-06,0.1632659123644606,0.451543933595737
topology_0292,neural,190,0.04396305412473856,0.04394316088991463,0.0013223917717868187,4.3565673488146116e-06,0.16056885380453687,0.44953266845188394
topology_0292,neural,195,0.042901864190111216,0.04288254843971245,0.0012872342890954474,4.264673384942143e-06,0.15794249928203727,0.4475534123002904
topology_0292,neural,200,0.04188482865311173,0.041866055660021474,0.0012538888815986468,4.176735058783167e-06,0.15538414621707503,0.44560496223043244
topology_0292,neural,205,0.04090921725319711,0.04089095523007837,0.0012222192489714926,4.0924869172201795e-06,0.1528912409643848,0.44368617896382295
topology_0292,neural,210,0.03997254551034657,0.03995476532658688,0.0011921015814383934,4.011686780776261e-06,0.1504613631355395,0.44179598461128
topology_0292,neural,215,0.03907250925473074,0.03905518416457729,0.001163423334267787,3.934113863697795e-06,0.14809221788319749,0.4399333585659452
topology_0292,neural,220,0.0382069874297078,0.03819009285330929,0.001136081604998797,3.859565790787176e-06,0.1457816282505888,0.43809733267526807
topology_0292,neural,225,0.0373740387539895,0.03735755207047504,0.0011099827649960613,3.7878578260159487e-06,0.14352752682708292,0.43628698790430953
topology_0292,neural,230,0.03657186844646324,0.0365557688095624,0.0010850412792214957,3.718820344786819e-06,0.14132794689055725,0.4345014519145133
topology_0292,neural,235,0.035798814252476344,0.03578308242853474,0.0010611788052517718,3.6522972735639083e-06,0.13918101657091103,0.4327398957760757
topology_0292,neural,240,0.035053334483625354,0.03503795269990912,0.0010383237188186928,3.5881454646679416e-06,0.13708495267794424,0.4310015310241503
topology_0292,neural,245,0.03433400758418356,0.034318959398656,0.0010164104239214463,3.526233025359976e-06,0.1350380552601451,0.42928560722814313
topology_0292,neural,250,0.033639508063562994,0.03362477823634209,0.0009953789726238353,3.4664381720993277e-06,0.13303870189805292,0.42759140980384647
topology_0292,neural,255,0.03296861111868359,0.03295418551640846,0.0009751740492023462,3.4086485187317927e-06,0.1310853428673872,0.42591825796384836
topology_0292,neural,260,0.032320167311066156,0.032306032803237475,0.0009557448877469095,3.3527599874972627e-06,0.12917649655611196,0.42426550304283656
topology_0292,neural,265,0.031693104438206526,0.031679248806664416,0.000937044873659848,3.2986762734680993e-06,0.12731074614303325,0.4226325261990781
topology_0292,neural,270,0.031086416590005432,0.031072828448561508,0.0009190310523134315,3.2463079677816936e-06,0.12548673612725297,0.4210187364008149
topology_0292,neural,275,0.030499173229542233,0.030485841956223905,0.0009016638476075922,3.195572054516295e-06,0.12370316849335312,0.41942356891160354
topology_0292,neural,280,0.029930501844480224,0.029917417514203067,0.0008849067993359917,3.146391351881098e-06,0.12195879903326727,0.4178464842084792
topology_0292,neural,285,0.029379579121373137,0.029366732447379227,0.0008687261427897643,3.0986936986669786e-06,0.12025243443018331,0.4162869665950721
topology_0292,neural,290,0.0288456267393107,0.028833009010175586,0.0008530909011062796,3.052412048004569e-06,0.11858293027938173,0.41474452261593764
topology_0292,neural,295,0.02832792428839723,0.028315527336229614,0.0008379720254532073,3.0074835698406963e-06,0.11694918860978536,0.4132186798570217
topology_0292,neural,300,0.027825789903755723,0.027813606052750198,0.0008233427754998995,2.9638493961511475e-06,0.11535015431231072,0.41170898545056495
topology_0292,neural,305,0.027338578655565444,0.027326600679852042,0.0008091783830233298,2.921454474298043e-06,0.11378481350733208,0.4102150055644789
topology_0292,neural,310,0.02686567879542061,0.026853899880780435,0.0007954558667265196,2.8802471331571087e-06,0.11225219180888206,0.4087363242157567
topology_0292,neural,315,0.026406522153640137,0.026394935871071487,0.000782153786729655,2.8401788346931025e-06,0.11075135232438123,0.4072725421625443
topology_0292,neural,320,0.025960567063049125,0.025949167334961002,0.0007692522411542579,2.8012038563176314e-06,0.10928139294906952,0.4058232765505222
topology_0292,neural,325,0.025527297728948344,0.025516078801020282,0.0007567326653334151,2.763279191170817e-06,0.1078414454878658,0.40438815990677945
topology_0292,neural,330,0.02510622801221437,0.025095184430703323,0.0007445777039516126,2.726364106616345e-06,0.10643067406730018,0.40296683898788616
topology_0292,neural,335,0.024696895214453757,0.024686021802896543,0.0007327711390771614,2.6904201791234624e-06,0.10504827326575453,0.40155897413085895
topology_0292,neural,340,0.02429886028785006,0.02428815213019614,0.0007212976762041478,2.6554111008481646e-06,0.10369346725011927,0.4001642381781669
topology_0292,neural,345,0.023911701353061043,0.02390115376435067,0.0007101432669686729,2.6213023119718473e-06,0.10236550769345941,0.3987823167062712
topology_0292,neural,350,0.023535032475356137,0.023524640995116072,0.0006992946223950599,2.5880614004388855e-06,0.10106367408054141,0.3974129070919918
topology_0292,neural,355,0.023168481815208225,0.023158242191281698,0.0006887392105796892,2.555657382821292e-06,0.09978726931963335,0.3960557184647946
topology_0292,neural,360,0.022811689992957757,0.022801598165253272,0.0006784652343673212,2.5240607143097114e-06,0.09853562028691795,0.3947104705844346
topology_0292,neural,365,0.02246431231250053,0.022454364399011464,0.0006684615873082465,2.493243380641475e-06,0.09730807731377579,0.39337689306867346
topology_0292,neural,370,0.022126020882379444,0.022116213167362026,0.0006587178121507258,2.463178682897981e-06,0.09610401316665854,0.392054725432886
topology_0292,neural,375,0.021796502293270823,0.02178683121625547,0.0006492240378895053,2.43384117338982e-06,0.0949228220156783,0.3907437162742019
topology_0292,neural,380,0.021475460866692005,0.021465923013480485,0.0006399709611614377,2.4052066443831564e-06,0.09376391847070237,0.38944362283060135
topology_0292,neural,385,0.021162613540977652,0.021153205636441956,0.0006309497094420564,2.3772518133231974e-06,0.09262673625168551,0.3881542108737031
topology_0292,neural,390,0.020857686804395672,0.020848405700798843,0.000622151945165623,2.3499545116688886e-06,0.09151072765675111,0.38687525433982933
topology_0292,neural,395,0.020560420267990903,0.02055126293928428,0.0006135697182218305,2.3232934779604263e-06,0.09041536289904785,0.38560653480251444
topology_0292,neural,400,0.020270563967817762,0.02026152750123747,0.000605195516043514,2.2972484450347437e-06,0.0893401293323245,0.38434784109621306
topology_0292,neural,405,0.01998787843492549,0.019978960026112342,0.0005970221463982861,2.271799864450912e-06,0.08828453075786095,0.3830989690489112
topology_0292,neural,410,0.019712134238716865,0.019703331184096153,0.0005890428221510985,2.2469290922903774e-06,0.08724808673380495,0.38185972117960304
topology_0292,neural,415,0.0194431108202155,0.019434420512373332,0.000581251043347549,2.2226181652911246e-06,0.08623033194993522,0.3806299064204805
topology_0292,neural,420,0.01918059595892868,0.019172015880519783,0.0005736406382288104,2.1988498822190926e-06,0.08523081572728142,0.379409339807953
topology_0292,neural,425,0.018924388209829154,0.01891591593111664,0.0005662056781591084,2.175607683889786e-06,0.08424910125774131,0.37819784228040054
topology_0292,neural,430,0.018674292519853267,0.018665925691692387,0.0005589405642751369,2.152875636014974e-06,0.08328476502520483,0.3769952404320207
topology_0292,neural,435,0.01843012102195742,0.01842185737358857,0.0005518398785311689,2.130638393923664e-06,0.08233739637912,0.3758013664318348
topology_0292,neural,440,0.01819169449044349,0.018183531824931858,0.0005448984840691578,2.1088816065839905e-06,0.08140659721044274,0.3746160560923571
topology_0292,neural,445,0.017958831491083068,0.017950767680543083,0.0005381113697504739,2.087590040820314e-06,0.08049198108887015,0.3734391544860634
topology_0292,neural,450,0.01773136814099769,0.01772340112618316,0.0005314738004244194,2.0667509919108535e-06,0.07959317417514207,0.3722705073324443
topology_0292,neural,455,0.0175091460520377,0.01750127383800157,0.0005249812675865151,2.0463510152385506e-06,0.07870981286601147,0.3711099656189143
topology_0292,neural,460,0.017292009251231394,0.017284229903819052,0.0005186294152804512,2.026377364406395e-06,0.0778415440955455,0.36995738528818345
topology_0292,neural,465,0.01707980757690543,0.0170721192203861,0.0005124140530101102,2.0068177497300538e-06,0.07698802514719644,0.36881262650130153
topology_0292,neural,470,0.01687239631538094,0.0168647971296441,0.000506331164787569,1.987660332758071e-06,0.07614892324556644,0.3676755534406261
topology_0292,neural,475,0.01666963609652543,0.016662124314756225,0.0005003768916033139,1.968893701345588e-06,0.07532391518163019,0.3665460341867305
topology_0292,neural,480,0.016471397786968253,0.016463971697482267,0.0004945474664451682,1.9505071655620058e-06,0.07451268676771128,0.36542393857174854
topology_0292,neural,485,0.016277540429684996,0.016270198361866127,0.0004888394123269142,1.9324891697497386e-06,0.07371493248710666,0.36430914578494517
topology_0292,neural,490,0.016087929871445396,0.01608067020207321,0.0004832491429126313,1.9148300086458896e-06,0.07293035701306731,0.36320153300078745
topology_0292,neural,495,0.015902459362100652,0.015895280518161033,0.00047777338943469605,1.8975196976800838e-06,0.07215867419217226,0.3621009820757237
topology_0292,neural,500,0.015721018781062975,0.015713919236423637,0.0004724089427893124,1.8805485208543065e-06,0.07139960285417052,0.3610073780846797
topology_0292,neural,505,0.015543492591701624,0.015536470860640536,0.00046715272727548184,1.863907154450618e-06,0.07065286950318,0.35992060960379374
topology_0292,neural,510,0.015369769243853224,0.015362823879955953,0.0004620017631737456,1.8475865824545392e-06,0.06991820846469098,0.3588405684403758
topology_0292,neural,515,0.015199741850040614,0.015192871445346362,0.0004569531686912035,1.8315780898941343e-06,0.06919536154326084,0.3577671492194907
topology_0292,neural,520,0.015033307611326013,0.015026510795345303,0.0004520041556535234,1.815873220552852e-06,0.0684840776405476,0.35670024922789995
topology_0292,neural,525,0.014870367403129846,0.014863642841538358,0.0004471520340804209,1.8004638046559111e-06,0.06778411244519326,0.3556397683914812
topology_0292,neural,530,0.014710824377985918,0.014704170771003207,0.00044239420167309693,1.7853419066722632e-06,0.06709522817518845,0.354585609181404
topology_0292,neural,535,0.014554584292649995,0.014548000373347197,0.00043772815110985073,1.7704998751642296e-06,0.06641719372257088,0.3535376762389598
topology_0292,neural,540,0.014401562277077746,0.014395046814166073,0.0004331514229743841,1.7559302915859874e-06,0.06574978367610454,0.3524958766665487
topology_0292,neural,545,0.014251670522645817,0.01424522231488125,0.0004286616992454693,1.7416259475002902e-06,0.06509277821993475,0.3514601204429422
topology_0292,neural,550,0.0141048240630573,0.014098441938861738,0.00042425671687357924,1.7275798899437372e-06,0.06444596341670389,0.35043031967858274
topology_0292,neural,555,0.013960936166855634,0.013954618982143365,0.0004199342581424006,1.7137853392751056e-06,0.0638091311053082,0.3494063884635778
topology_0292,neural,560,0.013819932509043006,0.013813679150587751,0.00041569217976667795,1.7002357918646387e-06,0.0631820791944393,0.34838824280185365
topology_0292,neural,565,0.013681739682664265,0.013675549065782416,0.00041152842897218273,1.6869248779538218e-06,0.06256460953037758,0.3473758006681925
topology_0292,neural,570,0.013546282304130438,0.013540153369915606,0.0004074410148702876,1.6738464452485773e-06,0.0619565289812191,0.3463689822706985
topology_0292,neural,571,0.013519512656311142,0.013513395933819925,0.00040663252067745876,1.671258128955549e-06,0.06183602292529079,0.34616828655643295
topology_0292,neural_t1,0,3.3090338872412453,3.307872812570638,0.0876504259407419,0.0003543999588259168,0.6184841962137361,0.876175076874899
topology_0292,neural_t1,5,1.6441632915434408,1.6437753085750528,0.03571628018711065,0.00010727324007195628,0.5418699349238755,0.5274092558247699
topology_0292,neural_t1,10,1.022805980829566,1.0225785820181235,0.021566534369384598,5.112561627615146e-05,0.45443389316187643,0.5005810447488229
topology_0292,neural_t1,15,0.6040458172184373,0.6038582229318611,0.015053064956284981,3.3646493581499446e-05,0.39544569772190474,0.5205045722765153
topology_0292,neural_t1,20,0.3947089505039819,0.3945377048042457,0.011625595420118602,2.5037580112014643e-05,0.3597409478695304,0.5316194090626868
topology_0292,neural_t1,25,0.28724946334442064,0.28709315577662725,0.009474897609075881,2.0326644492862678e-05,0.3369036026126537,0.5354740023381966
topology_0292,neural_t1,30,0.22619617251497676,0.2260546321263734,0.008000715551211604,1.7472942262675066e-05,0.3208382516302516,0.5358779390684574
topology_0292,neural_t1,35,0.18878041953652916,0.1886530122664902,0.006934516714318496,1.55275980080973e-05,0.30844041500858366,0.5339562798945724
topology_0292,neural_t1,40,0.16409939442656868,0.16398518645969226,0.006121247814005243,1.4076436553396763e-05,0.29813460356544974,0.5310128426024718
topology_0292,neural_t1,45,0.14639357051646268,0.14629085981465006,0.005482851098101071,1.2926135919729439e-05,0.2891372420721682,0.5276419199857789
topology_0292,neural_t1,50,0.13298756152996719,0.13289480728231445,0.0049660422368890764,1.1982685254240732e-05,0.28104310104847036,0.5241128518265874
topology_0292,neural_t1,55,0.12242461182397384,0.12234045601403931,0.004538532508642428,1.118908312461268e-05,0.273616021565032,0.5205545652204708
topology_0292,neural_t1,60,0.11383017849468278,0.11375346018550471,0.004178483160717656,1.05086507349122e-05,0.26670849396625185,0.5170297166234832
topology_0292,neural_t1,65,0.10665073953225399,0.10658047459754424,0.003870733651621275,9.91650739271313e-06,0.26022322395194925,0.5135696109400298
topology_0292,neural_t1,70,0.10052020178372675,0.1004555576727466,0.0036044154911329127,9.394994040713451e-06,0.25409317188606007,0.5101888997805997
topology_0292,neural_t1,75,0.09518942755065297,0.09512970018261341,0.0033715249994501753,8.931135216228647e-06,0.2482701633883573,0.5068933410448003
topology_0292,neural_t1,80,0.09048485512236835,0.09042944893885084,0.0031660225242589376,8.515142304173825e-06,0.2427181665391547,0.5036838861663931
topology_0292,neural_t1,85,0.0862823545806428,0.08623076431787353,0.0029832751942121707,8.139454661175523e-06,0.23740921423819492,0.5005590239289184
topology_0292,neural_t1,90,0.08249103070687028,0.08244282631341196,0.0028196587963229313,7.798123159835123e-06,0.23232089696176675,0.4975159827337341
topology_0292,neural_t1,95,0.07904268313220321,0.0789974969555526,0.002672297784571457,7.486382412981062e-06,0.2274347651877272,0.49455142622121057
topology_0292,neural_t1,100,0.07588504730660113,0.07584256350373558,0.002538880474094398,7.200360499397083e-06,0.22273528962607586,0.4916618167061737
topology_0292,neural_t1,105,0.07297720111682478,0.0729371468673111,0.002417527989828023,6.936870635033092e-06,0.21820915776733998,0.488843608738647
topology_0292,neural_t1,110,0.07028649488964388,0.070248633331354,0.0023066933366341163,6.693253477843825e-06,0.21384478669427862,0.4860933536642345
topology_0292,neural_t1,115,0.06778638231418169,0.06775050672650935,0.0022050904108440687,6.4672728427460525e-06,0.20963197620531654,0.4834077513638364
topology_0292,neural_t1,120,0.06545500890605997,0.06542093799093314,0.0021116401512764646,6.257027266747274e-06,0.2055616549771625,0.4807836707714379
topology_0292,neural_t1,125,0.06327410836220912,0.06324168235111238,0.0020254297566715666,6.060888689520983e-06,0.2016256855807602,0.47821815747681673
topology_0292,neural_t1,130,0.06122827898066851,0.06119735652799754,0.001945678898307423,5.877449443988252e-06,0.19781671453768906,0.4757084319508686
topology_0292,neural_t1,135,0.059304340816877854,0.05927479631543555,0.0018717181773565351,5.7054874177588e-06,0.19412805551675882,0.47325188454485567
topology_0292,neural_t1,140,0.05749089839447372,0.05746261984890017,0.0018029663250604762,5.5439322775714835e-06,0.19055359990522108,0.4708460630290104
topology_0292,neural_t1,145,0.05577812107083067,0.05575100834386923,0.001738916260799896,5.391844942103462e-06,0.18708773821783,0.46848866603412853
topology_0292,neural_t1,150,0.05415737804216097,0.05413134127723113,0.0016791248863114773,5.248394299670902e-06,0.18372529612074895,0.466177536053371
topology_0292,neural_t1,155,0.05262107012309065,0.052596028469519225,0.001623201771676935,5.112843590779125e-06,0.1804614849000484,0.46391064373154717
topology_0292,neural_t1,160,0.05116246228659795,0.05113834283227258,0.0015708006719206446,4.98453688250348e-06,0.17729185869401043,0.4616860829492189
topology_0292,neural_t1,165,0.049775554882645734,0.049752291726311036,0.0015216136854140365,4.862888108751906e-06,0.17421227861281824,0.45950206114395137
topology_0292,neural_t1,170,0.04845501551770963,0.04843254897574852,0.0014753663936997665,4.747372214621503e-06,0.17121888021273857,0.4573568910096661
topology_0292,neural_t1,175,0.047196032149436316,0.04717430806353274,0.0014318127918735483,4.63751691032423e-06,0.16830804588846066,0.4552489847079624
topology_0292,neural_t1,180,0.04599424784340689,0.045973216998743884,0.001390731073932453,4.532895932335843e-06,0.16547638478624566,0.4531768454115392
topology_0292,neural_t1,185,0.04484580511578775,0.04482542271509387,0.001351922795042952,4.4331257978748904e-06,0.16272070933614874,0.4511390597244237
topology_0292,neural_t1,190,0.04374714384783826,0.043727369039167685,0.0013152083252764065,4.337858503750538e-06,0.16003801527705616,0.44913429598126764
topology_0292,neural_t1,195,0.04269501714657553,0.04267581262816865,0.0012804247875977015,4.246778138476692e-06,0.15742547236814894,0.4471612951296066
topology_0292,neural_t1,200,0.04168647362645867,0.041667805280670774,0.0012474250275195833,4.159598277565422e-06,0.1548804086304693,0.44521886760885243
topology_0292,neural_t1,205,0.040718844384965765,0.040700680980269306,0.0012160753163970243,4.076058415245678e-06,0.15240029840729052,0.4433058864257864
topology_0292,neural_t1,210,0.03978967774761274,0.03977199064936488,0.0011862542216231117,3.995920782797099e-06,0.1499827467857876,0.4414212856500694
topology_0292,neural_t1,215,0.0388967087206094,0.038879471634392315,0.0011578511856456945,3.918968402756272e-06,0.14762548318545513,0.43956405546959665
topology_0292,neural_t1,220,0.03803785111402899,0.038021039866229074,0.0011307652628244332,3.8450026464799866e-06,0.14532635325538587,0.4377332378043001
topology_0292,neural_t1,225,0.03721119756777056,0.037194789907070334,0.0011049045002487544,3.773841902509506e-06,0.14308331034769267,0.4359279231274262
topology_0292,neural_t1,230,0.03641497921836123,0.036398954633999676,0.0010801848435907575,3.7053193277360177e-06,0.14089440716000726,0.4341472481025863
topology_0292,neural_t1,235,0.03564756001809268,0.03563189957960577,0.001056529388157537,3.6392815874076836e-06,0.13875779004106334,0.43239039205486607
topology_0292,neural_t1,240,0.03490742050007301,0.03489210671137979,0.0010338677022595363,3.5755878737672844e-06,0.13667169289421408,0.4306565743582717
topology_0292,neural_t1,245,0.03419316202518992,0.03417817869374309,0.0010121354210273787,3.514108372034934e-06,0.13463443165663166,0.428945051897172
topology_0292,neural_t1,250,0.03350347836877481,0.03348881048379481,0.0009912735507029416,3.454723262128528e-06,0.13264439892118476,0.4272551169945131
topology_0292,neural_t1,255,0.03283716150669887,0.03282279514335768,0.0009712277036850151,3.3973219108406265e-06,0.13070005883446886,0.425586095444274
topology_0292,neural_t1,260,0.03219307727673831,0.032178999493810256,0.0009519479795478723,3.3418018175682846e-06,0.1287999430427847,0.4239373447296868
topology_0292,neural_t1,265,0.031570166956043075,0.03155636570770012,0.0009333885273186959,3.2880681158080618e-06,0.12694264722439322,0.4223082517251139
topology_0292,neural_t1,270,0.030967441660439295,0.030953905719391654,0.0009155070921712781,3.2360327498303546e-06,0.12512682777829506,0.4206982307348358
topology_0292,neural_t1,275,0.030383980241618196,0.030370699129569523,0.0008982647472062568,3.1856138858701852e-06,0.12335119765657948,0.4191067221827635
topology_0292,neural_t1,280,0.029818922868855784,0.029805886793422425,0.0008816255879612081,3.1367353917897635e-06,0.1216145230354887,0.41753319142071876
topology_0292,neural_t1,285,0.0292714555094488,0.029258655304432075,0.0008655563956978059,3.089326145778888e-06,0.11991562054134333,0.4159771273220112
topology_0292,neural_t1,290,0.028740808640828678,0.02872823570423765,0.0008500266988163715,3.0433200335174523e-06,0.11825335532092317,0.4144380407302023
topology_0292,neural_t1,295,0.028226273139267156,0.028213919406361927,0.0008350078274463287,2.998655006428499e-06,0.11662663818665024,0.41291546326100526
topology_0292,neural_t1,300,0.02772717385973376,0.027715031748203493,0.000820473467174448,2.9552729723857643e-06,0.1150344224103075,0.4114089458742523
topology_0292,neural_t1,305,0.027242873044398694,0.02723093541350355,0.000806399238936466,2.913119599507938e-06,0.11347570214289951,0.40991805841639123
topology_0292,neural_t1,310,0.026772765612487363,0.026761025726911584,0.0007927624710794241,2.8721438528317176e-06,0.11194951070109392,0.40844238834930024
topology_0292,neural_t1,315,0.0263162919114084,0.02630474341519775,0.000779542048358593,2.832297788558359e-06,0.11045491830174567,0.4069815396945438
topology_0292,neural_t1,320,0.02587291439704131,0.025861551279481587,0.0007667183391098862,2.793536222108715e-06,0.10899102970466644,0.4055351328089381
topology_0292,neural_t1,325,0.02544212291049963,0.025430939478959677,0.000754273038053925,2.7558166703974262e-06,0.10755698332408459,0.4041028031262106
topology_0292,neural_t1,330,0.025023437055162835,0.025012427913377648,0.0007421890178956995,2.719098819752798e-06,0.1061519495099043,0.4026842001685274
topology_0292,neural_t1,335,0.02461639738613974,0.024605557410527,0.0007304502647464773,2.6833447052905103e-06,0.10477512881002822,0.4012789868907877
topology_0292,neural_t1,340,0.024220572947742627,0.024209897272089675,0.0007190417075089704,2.6485183962243654e-06,0.10342575107059346,0.3998868385571697
topology_0292,neural_t1,345,0.02383554019431832,0.02382502417718588,0.000707949486484842,2.6145857126169417e-06,0.10210307356064939,0.39850744331317517
topology_0292,neural_t1,350,0.0234609243805639,0.02345056360522389,0.0006971604719637282,2.5815146159443146e-06,0.10080638069770458,0.39714050079650415
topology_0292,neural_t1,355,0.02309635405881525,0.02308614431310635,0.0006866622647121742,2.5492743772364717e-06,0.0995349801776343,0.39578572242822496
topology_0292,neural_t1,360,0.022741472022348556,0.022731409282544614,0.0006764432224581437,2.5178357731831407e-06,0.09828820359471745,0.394442829923482
topology_0292,neural_t1,365,0.022395937327570857,0.022386017745904385,0.0006664923664345257,2.4871710618541417e-06,0.09706540586611907,0.3931115549236445
topology_0292,neural_t1,370,0.022059424992716424,0.02204964488529031,0.0006567993634110571,2.457253798224758e-06,0.09586596411633155,0.3917916388149863
topology_0292,neural_t1,375,0.02173162495609967,0.02172198079247419,0.000647354453515879,2.428058777414554e-06,0.09468927668820666,0.3904828319456594
topology_0292,neural_t1,380,0.021412244786804868,0.021402733181154397,0.0006381484376437496,2.3995620242485594e-06,0.09353476211272947,0.38918489326841704
topology_0292,neural_t1,385,0.021101002996169484,0.02109162069953962,0.0006291725406855954,2.371740448409332e-06,0.09240185784603826,0.3878975902289534
topology_0292,neural_t1,390,0.02079762885274828,0.02078837274250331,0.00062041850262122,2.344572065408428e-06,0.09129001984600725,0.38662069833372514
topology_0292,neural_t1,395,0.020501864000249195,0.02049273107334524,0.0006118784740242206,2.3180358349679743e-06,0.09019872180097938,0.385354000626276
topology_0292,neural_t1,400,0.02021346068035491,0.02020444804636935,0.0006035449975269482,2.292111620932212e-06,0.0891274544150101,0.3840972873682419
topology_0292,neural_t1,405,0.019932181456754173,0.019923286331956083,0.0005954109686384122,2.266780066491409e-06,0.0880757246929861,0.38285035574544524
topology_0292,neural_t1,410,0.019657798813375364,0.019649018513731218,0.0005874696651947244,2.2420226812510833e-06,0.08704305526815181,0.3816130095834173
topology_0292,neural_t1,415,0.01939009363052043,0.019381425567070946,0.0005797146450667217,2.2178216318816452e-06,0.08602898379003036,0.38038505906163755
topology_0292,neural_t1,420,0.019128856213788965,0.019120297887011757,0.0005721397953375749,2.1941598758910633e-06,0.0850330624351542,0.37916632040278475
topology_0292,neural_t1,425,0.01887388616057083,0.018865435157476188,0.0005647392388675049,2.1710209618245097e-06,0.08405485707626442,0.37795661571352557
topology_0292,neural_t1,430,0.01862498994074337,0.01861664392811964,0.0005575074266970413,2.1483890866103974e-06,0.0830939468045991,0.37675577264985705
topology_0292,neural_t1,435,0.01838198129650537,0.018373738017438575,0.0005504390344723276,2.126249017451776e-06,0.08214992351145908,0.3755636245750944
topology_0292,neural_t1,440,0.018144682597739707,0.0181365398716515,0.0005435288653138248,2.1045864114539085e-06,0.08122239146276858,0.37438000792238796
topology_0292,neural_t1,445,0.01791291185403715,0.017904867565147996,0.0005367720414818178,2.083386472935258e-06,0.08031096675271346,0.3732047695677189
topology_0292,neural_t1,450,0.017686509503840483,0.01767856160681438,0.0005301638322632432,2.06263628680886e-06,0.0794152777157528,0.37203775522764426
topology_0292,neural_t1,455,0.017465316750790882,0.017457463262910266,0.0005236997789896693,2.042322578042057e-06,0.07853496282201404,0.3708788171745257
topology_0292,neural_t1,460,0.017249178816386056,0.017241417815379315,0.0005173755550353144,2.0224327041350666e-06,0.07766967110961079,0.3697278122115556
topology_0292,neural_t1,465,0.017037946626972864,0.01703027624848545,0.0005111870029859126,2.0029544616751403e-06,0.07681906188124232,0.3685846013072582
topology_0292,neural_t1,470,0.01683147656005484,0.0168238949947672,0.0005051301425952707,1.983876102171558e-06,0.07598280430417978,0.36744904944019674
topology_0292,neural_t1,475,0.016629630243890935,0.016622135735529616,0.0004992011380237337,1.9651862878730468e-06,0.07516057703892096,0.36632102544756956
topology_0292,neural_t1,480,0.016432279958931886,0.01642487080577529,0.000493396262638106,1.9468743502139176e-06,0.07435206755204636,0.365200399740917
topology_0292,neural_t1,485,0.01623928396563108,0.016231958506509655,0.00048771204474007857,1.9289289686388694e-06,0.07355697237279321,0.3640870526561877
topology_0292,neural_t1,490,0.016050507662367212,0.016043264282267575,0.00048214493236363974,1.911340355094828e-06,0.07277499813292686,0.3629808615983321
topology_0292,neural_t1,495,0.01586585260609705,0.015858689742777293,0.0004766916960857375,1.894098634609448e-06,0.0720058598730978,0.36188170913562706
topology_0292,neural_t1,500,0.015685204021729137,0.01567812015739705,0.0004713491377209473,1.8771941558869403e-06,0.07124927775726492,0.3607894810548281
topology_0292,neural_t1,505,0.01550844718289193,0.015501440839733678,0.00046611420798702474,1.8606176590833104e-06,0.07050497987796289,0.3597040665955738
topology_0292,neural_t1,510,0.015335471434711277,0.015328541174046901,0.0004609839462821421,1.8443601951624416e-06,0.06977270208613807,0.3586253581663198
topology_0292,neural_t1,515,0.015166170771191739,0.015159315192723056,0.00045595548634926503,1.8284130895894232e-06,0.06905218763522006,0.357553250922577
topology_0292,neural_t1,520,0.015000443161386507,0.014993660901875447,0.0004510260651349044,1.8127679601801544e-06,0.06834318680640444,0.3564876426854375
topology_0292,neural_t1,525,0.014838190152028067,0.014831479884301535,0.0004461930059904938,1.7974166727836644e-06,0.06764545661378304,0.3554284338960581
topology_0292,neural_t1,530,0.014679314624037066,0.014672675054666249,0.00044145372902153885,1.7823513493952384e-06,0.06695876058158619,0.3543755275144369
topology_0292,neural_t1,535,0.014523725276514646,0.014517155146000322,0.00043680573524500655,1.7675643970733295e-06,0.06628286888048343,0.3533288285696482
topology_0292,neural_t1,540,0.014371336276001435,0.014364834359275698,0.0004322465908580592,1.7530484298664105e-06,0.0656175571470015,0.3522882447947402
topology_0292,neural_t1,545,0.01422206026313267,0.0142156253648712,0.00042777399452912295,1.738796290307318e-06,0.06496260675241744,0.35125368663163575
topology_0292,neural_t1,550,0.014075812964658518,0.014069443919205017,0.0004233856934935684,1.724801075200568e-06,0.06431780490632258,0.35022506658490726
topology_0292,neural_t1,555,0.013932506838378692,0.013926202506945817,0.0004190794784909966,1.7110560357753777e-06,0.06368294469765151,0.3492022991436624
topology_0292,neural_t1,560,0.0137920715377679,0.013785830813571476,0.0004148532280199238,1.6975547183062646e-06,0.0630578249364226,0.3481853006771695
topology_0292,neural_t1,565,0.013654431728202075,0.013648253531743414,0.00041070490202763175,1.684290786434459e-06,0.062442248381749846,0.3471739896072279
topology_0292,neural_t1,570,0.013519512656311142,0.013513395933819925,0.00040663252067745876,1.671258128955549e-06,0.06183602292529079,0.34616828655643295
topology_0292,neural_t5,0,1.7839648513610136,1.7834929333515217,0.04103081988262773,0.00013927120813346037,0.5603230200500976,0.5618589490296817
topology_0292,neural_t5,5,1.1350359723226553,1.1347915768712935,0.023552757270539654,5.615473121730229e-05,0.4699354244538264,0.49695158499106434
topology_0292,neural_t5,10,0.6642207853086425,0.6640289881760755,0.015960989551841755,3.619962922014157e-05,0.4050006384531061,0.5171225255655422
topology_0292,neural_t5,15,0.42576293304847623,0.4255884368952057,0.01218838980371089,2.6327352890958894e-05,0.3655821817922919,0.5302057494796909
topology_0292,neural_t5,20,0.3040246603080122,0.3038654509936924,0.009837749933330142,2.1072525832726192e-05,0.34078883941457566,0.5349763132377008
topology_0292,neural_t5,25,0.23605629389947652,0.23591188486433576,0.008255673626693624,1.7952213687069873e-05,0.3236881564258361,0.5360440890606909
topology_0292,neural_t5,30,0.19496902450057632,0.19483880956976818,0.007124503376977546,1.5867369008888637e-05,0.310716451471567,0.5344490357204758
topology_0292,neural_t5,35,0.16835745267584115,0.16824074326291277,0.006267692737006345,1.4338593063104621e-05,0.30007358316500504,0.5316496996572564
topology_0292,neural_t5,40,0.14952885981856226,0.14942397802085722,0.005599512342367527,1.3137324872301844e-05,0.29085466188139336,0.5283340368640863
topology_0292,neural_t5,45,0.1354053655645084,0.13531073518636635,0.005061404861104865,1.2157927078941278e-05,0.28260262244733897,0.524824075006102
topology_0292,neural_t5,50,0.12435757254344929,0.12427179597758564,0.004618056394110128,1.1337786462051458e-05,0.2750560441961552,0.521264902470516
topology_0292,neural_t5,55,0.11542140862223293,0.11534328684376376,0.0042458962860486725,1.063700244230066e-05,0.2680536351588854,0.5177302177557134
topology_0292,neural_t5,60,0.10799303330660573,0.10792154879002475,0.003928670124498608,1.0028800315353759e-05,0.26149004129738274,0.514255585108099
topology_0292,neural_t5,65,0.10167564340209496,0.10160993526434872,0.003654781342664303,9.494322434243267e-06,0.2552932852180193,0.5108583244300317
topology_0292,neural_t5,70,0.09620077167357752,0.09614011179961489,0.0034157418509773757,9.019801407208668e-06,0.24941206719759745,0.5075455497159106
topology_0292,neural_t5,75,0.09138218909058468,0.09132596174157497,0.0032051709925426594,8.59490090501826e-06,0.2438083200548855,0.504318937180069
topology_0292,neural_t5,80,0.08708743197488264,0.0870351151411975,0.003018190336399247,8.211672608719177e-06,0.23845270182686001,0.5011773508101445
topology_0292,neural_t5,85,0.08321993866309196,0.08317108833842776,0.002850998745976959,7.86388411800119e-06,0.23332184263432376,0.4981182008797534
topology_0292,neural_t5,90,0.07970761049919703,0.07966184746850559,0.0027005874260406905,7.546560134734089e-06,0.2283965976721652,0.4951382275368168
topology_0292,neural_t5,95,0.07649541865402291,0.07645241746168918,0.0025645441452844292,7.255668832787013e-06,0.22366091874424116,0.4922339139794663
topology_0292,neural_t5,100,0.07354045306597477,0.07349993291619701,0.0024409116396599197,6.987900389874696e-06,0.21910109438685746,0.48940170564952695
topology_0292,neural_t5,105,0.07080861392384283,0.07077033125723649,0.0023280837876912016,6.7404995546653604e-06,0.21470522732460615,0.4866381292270401
topology_0292,neural_t5,110,0.0682722636948033,0.06823600616927628,0.0022247268785461614,6.511153592971727e-06,0.21046286335468858,0.48393985243604226
topology_0292,neural_t5,115,0.06590870602579345,0.06587428759841064,0.002129723863042229,6.297899147463366e-06,0.20636472284184001,0.4813037094911794
topology_0292,neural_t5,120,0.06369902433753509,0.06366628119972263,0.002042131864797207,6.099058320274603e-06,0.20240249451777007,0.4787267106863261
topology_0292,neural_t5,125,0.06162730069112481,0.061596088045031964,0.001961145853132115,5.9131824005502505e-06,0.1985686786431112,0.47620604164333935
topology_0292,neural_t5,130,0.059679948165859156,0.059650137443891346,0.001886076103504975,5.7390151248634966e-06,0.19485646332685805,0.47373905965200236
topology_0292,neural_t5,135,0.05784523682054029,0.05781671344849847,0.0018163253433463764,5.575457486528322e-06,0.19125963056234146,0.47132328189398537
topology_0292,neural_t5,140,0.056113054922262734,0.05608571652960477,0.0017513722267200674,5.421546303454202e-06,0.18777247728678145,0.468956376991454
topology_0292,neural_t5,145,0.05447454197715377,0.05444829675956542,0.0016907618881053723,5.276430119025558e-06,0.1843897460168257,0.4666361598752508
topology_0292,neural_t5,150,0.05292191137155218,0.05289667676893857,0.001634094124552729,5.139354286128321e-06,0.1811065747029603,0.46436057640110917
topology_0292,neural_t5,155,0.05144826576125879,0.0514239673513584,0.0015810144183304939,5.00964776088379e-06,0.1779184519646138,0.4621276961686258
topology_0292,neural_t5,160,0.05004746424592076,0.050024034793542886,0.0015312075434708173,4.886711176576651e-06,0.17482118011658945,0.45993570486580226
topology_0292,neural_t5,165,0.04871405188100497,0.048691430519804985,0.0014843927537115398,4.770008006387743e-06,0.17181084238685906,0.4577828944822418
topology_0292,neural_t5,170,0.04744312047299848,0.04742125198248638,0.0014403190348575945,4.659056262406484e-06,0.16888377353537673,0.4556676579368898
topology_0292,neural_t5,175,0.04623021809844345,0.04620905232295966,0.0013987594896867732,4.553420338415231e-06,0.16603653885581884,0.45358848094762033
topology_0292,neural_t5,180,0.04507140055042025,0.04505089185010966,0.0013595114047074172,4.452708875824354e-06,0.1632659123644606,0.451543933595737
topology_0292,neural_t5,185,0.04396305412473856,0.04394316088991463,0.0013223917717868187,4.3565673488146116e-06,0.16056885380453687,0.44953266845188394
topology_0292,neural_t5,190,0.042901864190111216,0.04288254843971245,0.0012872342890954474,4.264673384942143e-06,0.15794249928203727,0.4475534123002904
topology_0292,neural_t5,195,0.04188482865311173,0.041866055660021474,0.0012538888815986468,4.176735058783167e-06,0.15538414621707503,0.44560496223043244
topology_0292,neural_t5,200,0.04090921725319711,0.04089095523007837,0.0012222192489714926,4.0924869172201795e-06,0.1528912409643848,0.44368617896382295
topology_0292,neural_t5,205,0.03997254551034657,0.03995476532658688,0.0011921015814383934,4.011686780776261e-06,0.1504613631355395,0.44179598461128
topology_0292,neural_t5,210,0.03907250925473074,0.03905518416457729,0.001163423334267787,3.934113863697795e-06,0.14809221788319749,0.4399333585659452
topology_0292,neural_t5,215,0.0382069874297078,0.03819009285330929,0.001136081604998797,3.859565790787176e-06,0.1457816282505888,0.43809733267526807
topology_0292,neural_t5,220,0.0373740387539895,0.03735755207047504,0.0011099827649960613,3.7878578260159487e-06,0.14352752682708292,0.43628698790430953
topology_0292,neural_t5,225,0.03657186844646324,0.0365557688095624,0.0010850412792214957,3.718820344786819e-06,0.14132794689055725,0.4345014519145133
topology_0292,neural_t5,230,0.035798814252476344,0.03578308242853474,0.0010611788052517718,3.6522972735639083e-06,0.13918101657091103,0.4327398957760757
topology_0292,neural_t5,235,0.035053334483625354,0.03503795269990912,0.0010383237188186928,3.5881454646679416e-06,0.13708495267794424,0.4310015310241503
topology_0292,neural_t5,240,0.03433400758418356,0.034318959398656,0.0010164104239214463,3.526233025359976e-06,0.1350380552601451,0.42928560722814313
topology_0292,neural_t5,245,0.033639508063562994,0.03362477823634209,0.0009953789726238353,3.4664381720993277e-06,0.13303870189805292,0.42759140980384647
topology_0292,neural_t5,250,0.03296861111868359,0.03295418551640846,0.0009751740492023462,3.4086485187317927e-06,0.1310853428673872,0.42591825796384836
topology_0292,neural_t5,255,0.032320167311066156,0.032306032803237475,0.0009557448877469095,3.3527599874972627e-06,0.12917649655611196,0.42426550304283656
topology_0292,neural_t5,260,0.031693104438206526,0.031679248806664416,0.000937044873659848,3.2986762734680993e-06,0.12731074614303325,0.4226325261990781
topology_0292,neural_t5,265,0.031086416590005432,0.031072828448561508,0.0009190310523134315,3.2463079677816936e-06,0.12548673612725297,0.4210187364008149
topology_0292,neural_t5,270,0.030499173229542233,0.030485841956223905,0.0009016638476075922,3.195572054516295e-06,0.12370316849335312,0.41942356891160354
topology_0292,neural_t5,275,0.029930501844480224,0.029917417514203067,0.0008849067993359917,3.146391351881098e-06,0.12195879903326727,0.4178464842084792
topology_0292,neural_t5,280,0.029379579121373137,0.029366732447379227,0.0008687261427897643,3.0986936986669786e-06,0.12025243443018331,0.4162869665950721
topology_0292,neural_t5,285,0.0288456267393107,0.028833009010175586,0.0008530909011062796,3.052412048004569e-06,0.11858293027938173,0.41474452261593764
topology_0292,neural_t5,290,0.02832792428839723,0.028315527336229614,0.0008379720254532073,3.0074835698406963e-06,0.11694918860978536,0.4132186798570217
topology_0292,neural_t5,295,0.027825789903755723,0.027813606052750198,0.0008233427754998995,2.9638493961511475e-06,0.11535015431231072,0.41170898545056495
topology_0292,neural_t5,300,0.027338578655565444,0.027326600679852042,0.0008091783830233298,2.921454474298043e-06,0.11378481350733208,0.4102150055644789
topology_0292,neural_t5,305,0.02686567879542061,0.026853899880780435,0.0007954558667265196,2.8802471331571087e-06,0.11225219180888206,0.4087363242157567
topology_0292,neural_t5,310,0.026406522153640137,0.026394935871071487,0.000782153786729655,2.8401788346931025e-06,0.11075135232438123,0.4072725421625443
topology_0292,neural_t5,315,0.025960567063049125,0.025949167334961002,0.0007692522411542579,2.8012038563176314e-06,0.10928139294906952,0.4058232765505222
topology_0292,neural_t5,320,0.025527297728948344,0.025516078801020282,0.0007567326653334151,2.763279191170817e-06,0.1078414454878658,0.40438815990677945
topology_0292,neural_t5,325,0.02510622801221437,0.025095184430703323,0.0007445777039516126,2.726364106616345e-06,0.10643067406730018,0.40296683898788616
topology_0292,neural_t5,330,0.024696895214453757,0.024686021802896543,0.0007327711390771614,2.6904201791234624e-06,0.10504827326575453,0.40155897413085895
topology_0292,neural_t5,335,0.02429886028785006,0.02428815213019614,0.0007212976762041478,2.6554111008481646e-06,0.10369346725011927,0.4001642381781669
topology_0292,neural_t5,340,0.023911701353061043,0.02390115376435067,0.0007101432669686729,2.6213023119718473e-06,0.10236550769345941,0.3987823167062712
topology_0292,neural_t5,345,0.023535032475356137,0.023524640995116072,0.0006992946223950599,2.5880614004388855e-06,0.10106367408054141,0.3974129070919918
topology_0292,neural_t5,350,0.023168481815208225,0.023158242191281698,0.0006887392105796892,2.555657382821292e-06,0.09978726931963335,0.3960557184647946
topology_0292,neural_t5,355,0.022811689992957757,0.022801598165253272,0.0006784652343673212,2.5240607143097114e-06,0.09853562028691795,0.3947104705844346
topology_0292,neural_t5,360,0.02246431231250053,0.022454364399011464,0.0006684615873082465,2.493243380641475e-06,0.09730807731377579,0.39337689306867346
topology_0292,neural_t5,365,0.022126020882379444,0.022116213167362026,0.0006587178121507258,2.463178682897981e-06,0.09610401316665854,0.392054725432886
topology_0292,neural_t5,370,0.021796502293270823,0.02178683121625547,0.0006492240378895053,2.43384117338982e-06,0.0949228220156783,0.3907437162742019
topology_0292,neural_t5,375,0.021475460866692005,0.021465923013480485,0.0006399709611614377,2.4052066443831564e-06,0.09376391847070237,0.38944362283060135
topology_0292,neural_t5,380,0.021162613540977652,0.021153205636441956,0.0006309497094420564,2.3772518133231974e-06,0.09262673625168551,0.3881542108737031
topology_0292,neural_t5,385,0.020857686804395672,0.020848405700798843,0.000622151945165623,2.3499545116688886e-06,0.09151072765675111,0.38687525433982933
topology_0292,neural_t5,390,0.020560420267990903,0.02055126293928428,0.0006135697182218305,2.3232934779604263e-06,0.09041536289904785,0.38560653480251444
topology_0292,neural_t5,395,0.020270563967817762,0.02026152750123747,0.000605195516043514,2.2972484450347437e-06,0.0893401293323245,0.38434784109621306
topology_0292,neural_t5,400,0.01998787843492549,0.019978960026112342,0.0005970221463982861,2.271799864450912e-06,0.08828453075786095,0.3830989690489112
topology_0292,neural_t5,405,0.019712134238716865,0.019703331184096153,0.0005890428221510985,2.2469290922903774e-06,0.08724808673380495,0.38185972117960304
topology_0292,neural_t5,410,0.0194431108202155,0.019434420512373332,0.000581251043347549,2.2226181652911246e-06,0.08623033194993522,0.3806299064204805
topology_0292,neural_t5,415,0.01918059595892868,0.019172015880519783,0.0005736406382288104,2.1988498822190926e-06,0.08523081572728142,0.379409339807953
topology_0292,neural_t5,420,0.018924388209829154,0.01891591593111664,0.0005662056781591084,2.175607683889786e-06,0.08424910125774131,0.37819784228040054
topology_0292,neural_t5,425,0.018674292519853267,0.018665925691692387,0.0005589405642751369,2.152875636014974e-06,0.08328476502520483,0.3769952404320207
topology_0292,neural_t5,430,0.01843012102195742,0.01842185737358857,0.0005518398785311689,2.130638393923664e-06,0.08233739637912,0.3758013664318348
topology_0292,neural_t5,435,0.01819169449044349,0.018183531824931858,0.0005448984840691578,2.1088816065839905e-06,0.08140659721044274,0.3746160560923571
topology_0292,neural_t5,440,0.017958831491083068,0.017950767680543083,0.0005381113697504739,2.087590040820314e-06,0.08049198108887015,0.3734391544860634
topology_0292,neural_t5,445,0.01773136814099769,0.01772340112618316,0.0005314738004244194,2.0667509919108535e-06,0.07959317417514207,0.3722705073324443
topology_0292,neural_t5,450,0.0175091460520377,0.01750127383800157,0.0005249812675865151,2.0463510152385506e-06,0.07870981286601147,0.3711099656189143
topology_0292,neural_t5,455,0.017292009251231394,0.017284229903819052,0.0005186294152804512,2.026377364406395e-06,0.0778415440955455,0.36995738528818345
topology_0292,neural_t5,460,0.01707980757690543,0.0170721192203861,0.0005124140530101102,2.0068177497300538e-06,0.07698802514719644,0.36881262650130153
topology_0292,neural_t5,465,0.01687239631538094,0.0168647971296441,0.000506331164787569,1.987660332758071e-06,0.07614892324556644,0.3676755534406261
topology_0292,neural_t5,470,0.01666963609652543,0.016662124314756225,0.0005003768916033139,1.968893701345588e-06,0.07532391518163019,0.3665460341867305
topology_0292,neural_t5,475,0.016471397786968253,0.016463971697482267,0.0004945474664451682,1.9505071655620058e-06,0.07451268676771128,0.36542393857174854
topology_0292,neural_t5,480,0.016277540429684996,0.016270198361866127,0.0004888394123269142,1.9324891697497386e-06,0.07371493248710666,0.36430914578494517
topology_0292,neural_t5,485,0.016087929871445396,0.01608067020207321,0.0004832491429126313,1.9148300086458896e-06,0.07293035701306731,0.36320153300078745
topology_0292,neural_t5,490,0.015902459362100652,0.015895280518161033,0.00047777338943469605,1.8975196976800838e-06,0.07215867419217226,0.3621009820757237
topology_0292,neural_t5,495,0.015721018781062975,0.015713919236423637,0.0004724089427893124,1.8805485208543065e-06,0.07139960285417052,0.3610073780846797
topology_0292,neural_t5,500,0.015543492591701624,0.015536470860640536,0.00046715272727548184,1.863907154450618e-06,0.07065286950318,0.35992060960379374
topology_0292,neural_t5,505,0.015369769243853224,0.015362823879955953,0.0004620017631737456,1.8475865824545392e-06,0.06991820846469098,0.3588405684403758
topology_0292,neural_t5,510,0.015199741850040614,0.015192871445346362,0.0004569531686912035,1.8315780898941343e-06,0.06919536154326084,0.3577671492194907
topology_0292,neural_t5,515,0.015033307611326013,0.015026510795345303,0.0004520041556535234,1.815873220552852e-06,0.0684840776405476,0.35670024922789995
topology_0292,neural_t5,520,0.014870367403129846,0.014863642841538358,0.0004471520340804209,1.8004638046559111e-06,0.06778411244519326,0.3556397683914812
topology_0292,neural_t5,525,0.014710824377985918,0.014704170771003207,0.00044239420167309693,1.7853419066722632e-06,0.06709522817518845,0.354585609181404
topology_0292,neural_t5,530,0.014554584292649995,0.014548000373347197,0.00043772815110985073,1.7704998751642296e-06,0.06641719372257088,0.3535376762389598
topology_0292,neural_t5,535,0.014401562277077746,0.014395046814166073,0.0004331514229743841,1.7559302915859874e-06,0.06574978367610454,0.3524958766665487
topology_0292,neural_t5,540,0.014251670522645817,0.01424522231488125,0.0004286616992454693,1.7416259475002902e-06,0.06509277821993475,0.3514601204429422
topology_0292,neural_t5,545,0.0141048240630573,0.014098441938861738,0.00042425671687357924,1.7275798899437372e-06,0.06444596341670389,0.35043031967858274
topology_0292,neural_t5,550,0.013960936166855634,0.013954618982143365,0.0004199342581424006,1.7137853392751056e-06,0.0638091311053082,0.3494063884635778
topology_0292,neural_t5,555,0.013819932509043006,0.013813679150587751,0.00041569217976667795,1.7002357918646387e-06,0.0631820791944393,0.34838824280185365
topology_0292,neural_t5,560,0.013681739682664265,0.013675549065782416,0.00041152842897218273,1.6869248779538218e-06,0.06256460953037758,0.3473758006681925
topology_0292,neural_t5,565,0.013546282304130438,0.013540153369915606,0.0004074410148702876,1.6738464452485773e-06,0.0619565289812191,0.3463689822706985
topology_0292,neural_t5,566,0.013519512656311142,0.013513395933819925,0.00040663252067745876,1.671258128955549e-06,0.06183602292529079,0.34616828655643295
topology_0293,cold,0,1.0,0.9934555760790903,0.11421916708483627,1.509333807283186e-05,1.0,1.0
topology_0293,cold,5,5.2695816877618755,5.269216653433862,0.06202375440887042,0.00027759605598631754,0.7486558737845813,0.4918058697423503
topology_0293,cold,10,1.7844455666276344,1.783955719143849,0.041808546849315245,0.00013342158705514107,0.6022848028506712,0.49235549173602655
topology_0293,cold,15,1.023250154821295,1.023024015360957,0.021511412269181157,4.978688960394272e-05,0.5175219511265189,0.5603442751515004
topology_0293,cold,20,0.5903722158260957,0.5902082850889715,0.013911592826994031,3.1886757367564333e-05,0.4654156095905575,0.5633172894914508
topology_0293,cold,25,0.40057421484202965,0.40043241293930976,0.010657566118513706,2.3416664792907373e-05,0.43155873705726105,0.5635423837240285
topology_0293,cold,30,0.2971163200516195,0.2969879143275002,0.0087341866152667,1.9198632374641714e-05,0.4079943549810783,0.5646796281626658
topology_0293,cold,35,0.23284406863104473,0.23272620838377409,0.0074075607385053425,1.6488668113761786e-05,0.39078427099848234,0.5643179197763477
topology_0293,cold,40,0.19063941791471323,0.19053106805602957,0.006426472915407133,1.4634098906180896e-05,0.37759310995255696,0.5623820487675903
topology_0293,cold,45,0.16233390921599308,0.16223449706935433,0.005680305076797408,1.3275331911731351e-05,0.36696820945316455,0.5596545439194945
topology_0293,cold,50,0.14263296377493023,0.14254194032809658,0.005094845766516374,1.222036501630765e-05,0.3580118647255887,0.5565479630951101
topology_0293,cold,55,0.12839702712563086,0.12831372804475658,0.004624244881833242,1.1367896564331167e-05,0.35017563773865973,0.5532381062094843
topology_0293,cold,60,0.117737132993292,0.11766086376738674,0.004237158176101581,1.0657545367865844e-05,0.3431166309735935,0.5498271681790855
topology_0293,cold,65,0.10946488334810217,0.10939493506827001,0.003912641919381527,1.0051532259517657e-05,0.33661733561884105,0.5463894842307403
topology_0293,cold,70,0.10282357360359982,0.10275926076112735,0.0036361415970550858,9.525109151812359e-06,0.33053782884688243,0.5429694116429659
topology_0293,cold,75,0.09732622633574296,0.0972669129907884,0.0033973354103607307,9.061355722444917e-06,0.3247863830472287,0.5395917391157607
topology_0293,cold,80,0.09265382030334782,0.09259893363120053,0.003188703871063096,8.648251213069919e-06,0.31930157916314383,0.5362704144036474
topology_0293,cold,85,0.08859380482009524,0.08854283855224045,0.003004650579525836,8.276953902105283e-06,0.3140412641558443,0.5330128760357027
topology_0293,cold,90,0.08500175125413922,0.08495426304999096,0.00284092288663849,7.940760211561231e-06,0.3089756710163183,0.5298225135915119
topology_0293,cold,95,0.08177734558493774,0.0817329511631789,0.002694232133797448,7.634458813125468e-06,0.3040831061861107,0.5267002139842532
topology_0293,cold,100,0.07884937510193102,0.07880774135988786,0.002561991732622346,7.353911356996385e-06,0.29934722079304965,0.5236453734594864
topology_0293,cold,105,0.07616595683782573,0.07612679489596422,0.002442136265524521,7.095769117246595e-06,0.29475527112200106,0.520656513449372
topology_0293,cold,110,0.07368845637259437,0.07365151526129744,0.0023329927707373393,6.8572809397766834e-06,0.2902969987377354,0.5177316710160496
topology_0293,cold,115,0.07138737115423242,0.07135243220841028,0.002233189248093911,6.636154658843876e-06,0.28596389088282903,0.5148686259033791
topology_0293,cold,120,0.06923961771870021,0.06920648973501686,0.002141587971099418,6.430458544372674e-06,0.2817487023471513,0.5120650583141687
topology_0293,cold,125,0.06722677340946605,0.06719528862318912,0.0020572338162022437,6.238547727858964e-06,0.27764513028886856,0.5093186348685627
topology_0293,cold,130,0.06533382518097752,0.0653038358672105,0.0019793173306401285,6.05900943385325e-06,0.2736475927226383,0.5066270628451018
topology_0293,cold,135,0.06354839978285155,0.06351977539450172,0.0019071481572651313,5.890621488440523e-06,0.2697510719578789,0.5039881200821731
topology_0293,cold,140,0.06185993373311775,0.061832558358753203,0.0018401346194307422,5.732318174801167e-06,0.2659510156620577,0.5013996825266327
topology_0293,cold,145,0.06025956087762005,0.06023333158001728,0.0017777549784906929,5.583165936070547e-06,0.26224324942501154,0.49885970933229734
topology_0293,cold,150,0.05873958414514579,0.05871440905825107,0.0017195594976469636,5.442341363367889e-06,0.25862391677930796,0.49636626722996635
topology_0293,cold,155,0.057293293988915965,0.05726909094113186,0.0016651518519338934,5.309117067794844e-06,0.2550894371608657,0.49391751986609966
topology_0293,cold,160,0.055914801840777385,0.05589149713324689,0.0016141828383893918,5.182847239273257e-06,0.25163647170072356,0.4915117282899354
topology_0293,cold,165,0.05459889517178122,0.054576422583045604,0.0015663417195716097,5.0629551534128395e-06,0.24826189577356195,0.4891472455442229
topology_0293,cold,170,0.05334091179732261,0.05331921167025953,0.0015213526021092994,4.948925749482034e-06,0.24496277633106706,0.4868225125617643
topology_0293,cold,175,0.05213668419599861,0.05211570268959586,0.001478968794284085,4.8402972244317345e-06,0.24173635587081813,0.4845360518027761
topology_0293,cold,180,0.05098247559652198,0.050962164025321985,0.0014389695515323886,4.736654935648874e-06,0.23858003469947028,0.48228646350178705
topology_0293,cold,185,0.04987491188392477,0.04985522614905945,0.001401156503690132,4.637625190313251e-06,0.23549135718258074,0.4800724207249543
topology_0293,cold,190,0.04881093497410705,0.04879183506060469,0.0013653511737202473,4.542870863431786e-06,0.23246800011062113,0.4778926646389246
topology_0293,cold,195,0.04778777009800606,0.04776921963623869,0.0013313926782097896,4.452087143652031e-06,0.22950776236168882,0.4757460004195152
topology_0293,cold,200,0.04680288402518269,0.04678484991359189,0.0012991353217333202,4.364997856306438e-06,0.22660855565411683,0.47363129314799407
topology_0293,cold,205,0.045853967326269715,0.045836419382384384,0.0012684476460645482,4.281352589004327e-06,0.22376839680514296,0.4715474637940537
topology_0293,cold,210,0.044938908607875125,0.044921819265320635,0.0012392106814671548,4.200923651900195e-06,0.22098539941506473,0.469493485402702
topology_0293,cold,215,0.04405575899643355,0.04403910303982099,0.0012113163074033094,4.123503754292381e-06,0.21825776839468175,0.46746838191663603
topology_0293,cold,220,0.04320273948613786,0.043186493820109605,0.0011846662986284887,4.0489041549277585e-06,0.2155837936392662,0.46547122320036366
topology_0293,cold,225,0.04237820659759552,0.04236235003604965,0.0011591712710133496,3.97695226274505e-06,0.21296184355710535,0.46350112225943
topology_0293,cold,230,0.041580644616028166,0.04156515769665586,0.0011347497821462156,3.9074904025265e-06,0.21039036089842433,0.4615572325814552
topology_0293,cold,235,0.04080865043772712,0.04079351524968113,0.0011113277528099635,3.8403741665612154e-06,0.20786785774882532,0.4596387464099396
topology_0293,cold,240,0.04006091950484606,0.04004611953730646,0.0010888376019110122,3.775471113126816e-06,0.20539291208422444,0.4577448918699314
topology_0293,cold,245,0.03933625604582734,0.03932177606411171,0.0010672174487402217,3.7126598820654015e-06,0.2029641632632973,0.45587493118486755
topology_0293,cold,250,0.03863355107850862,0.038619376994659164,0.001046411078053366,3.65182855360073e-06,0.20058030756325484,0.4540281586212228
topology_0293,cold,255,0.03795175917837946,0.037937877945111914,0.0010263668188107641,3.5928741629136047e-06,0.19824009526914801,0.45220389840105163
topology_0293,cold,260,0.03728991438079131,0.03727631390230776,0.0010070371801369337,3.5357016153592236e-06,0.19594232825189586,0.45040150402553325
topology_0293,cold,265,0.03664711845841422,0.03663378749159364,0.0009883790840802306,3.4802233189396452e-06,0.19368585655642118,0.44862035561168523
topology_0293,cold,270,0.0360225237007664,0.036009451779637575,0.0009703528030068193,3.4263580928561097e-06,0.19146957589269734,0.4468598588247464
topology_0293,cold,275,0.03541534035150388,0.035402517726475076,0.0009529215368514263,3.3740305876222074e-06,0.1892924256585206,0.44511944258837643
topology_0293,cold,280,0.03482483321082998,0.034812250779165804,0.0009360517117822389,3.3231710619118273e-06,0.18715338583179297,0.44339855982932247
topology_0293,cold,285,0.034250307904196135,0.03423795715159998,0.0009197124008277129,3.2737146598705856e-06,0.18505147515846715,0.441696685005349
topology_0293,cold,290,0.033691116400331546,0.033678989350478444,0.0009038751166764724,3.225601042317802e-06,0.1829857492237171,0.4400133129612513
topology_0293,cold,295,0.033146645620830785,0.03313473478804059,0.0008885135533849809,3.1787739829975145e-06,0.18095529843646818,0.4383479581500654
topology_0293,cold,300,0.0326163244066773,0.03260462275676979,0.0008736033845632757,3.1331809655994204e-06,0.17895924632911392,0.436700153475284
topology_0293,cold,305,0.032099610245554897,0.03208811115523863,0.0008591221479308523,3.088772899638802e-06,0.17699674768596063,0.43506944960048205
topology_0293,cold,310,0.03159599155990478,0.031584688783460074,0.0008450490106801377,3.0455038411654693e-06,0.175066987316277,0.43345541385963926
topology_0293,cold,315,0.031104986619261407,0.031093874256723983,0.0008313647042507411,3.003330703014144e-06,0.17316917847773644,0.43185762964159646
topology_0293,cold,320,0.030626138509263073,0.030615210978083875,0.0008180513316861056,2.9622130065862118e-06,0.17130256151129433,0.4302756954129352
topology_0293,cold,325,0.030159013614319278,0.03014826562418342,0.0008050922329980042,2.9221127128087313e-06,0.16946640278210026,0.4287092241813415
topology_0293,cold,330,0.02970320630464881,0.02969263283528574,0.0007924719388000506,2.8829940016173654e-06,0.1676599932697652,0.427157842751931
topology_0293,cold,335,0.02925832830223169,0.02924792458128467,0.0007801760286226203,2.8448230851819025e-06,0.16588264726240123,0.4256211911485716
topology_0293,cold,340,0.028824009345424593,0.028813770829402945,0.0007681910265903736,2.807568022324078e-06,0.16413370165920158,0.4240989219443328
topology_0293,cold,345,0.028399900721552032,0.02838982308047647,0.0007565043117628574,2.771198599424293e-06,0.1624125149126074,0.42259069952119444
topology_0293,cold,350,0.027985670884543203,0.027975749981952607,0.0007451042351703775,2.7356862697714674e-06,0.1607184657813165,0.4210961996398928
topology_0293,cold,355,0.02758100164686958,0.027571233529020224,0.0007339797254911088,2.7010038888854596e-06,0.1590509525118075,0.41961510969158544
topology_0293,cold,360,0.027185588944901272,0.027175969825307657,0.0007231204751263279,2.6671256926039577e-06,0.15740939253800568,0.41814712719821534
topology_0293,cold,365,0.02679914766654266,0.026789673916579472,0.0007125167776274597,2.6340272296313543e-06,0.1557932211052115,0.4166919595730985
topology_0293,cold,370,0.026421404692795074,0.02641207283223529,0.0007021594380095411,2.6016851525947136e-06,0.1542018904597174,0.4152493238245192
topology_0293,cold,375,0.026052096678449363,0.02604290335962794,0.0006920399837112357,2.570077217394733e-06,0.15263486926089478,0.41381894637219613
topology_0293,cold,380,0.025690971797151744,0.02568191380081019,0.0006821502491058678,2.5391822084654696e-06,0.15109164211943182,0.4124005623144736
topology_0293,cold,385,0.025337789489767837,0.025328863712256167,0.0006724826977417688,2.5089798963838206e-06,0.14957170886932922,0.4109939153200453
topology_0293,cold,390,0.02499231719561417,0.02498352064543565,0.000663030027680416,2.4794508634222196e-06,0.14807458394421166,0.40959875727376266
topology_0293,cold,395,0.02465433339294635,0.024645663183363534,0.0006537853603616898,2.450576554530924e-06,0.14659979637989065,0.4082148482387155
topology_0293,cold,400,0.024323633856055713,0.02431508719741007,0.0006447423346404119,2.4223391618652104e-06,0.14514688796775277,0.40684195454281025
topology_0293,cold,405,0.024000013787962456,0.02399158798245976,0.0006358947771361225,2.3947215428885474e-06,0.14371541330897697,0.40547985011681903
topology_0293,cold,410,0.02368327739736267,0.02367496983358764,0.0006272368397240138,2.3677072828236207e-06,0.142304939584296,0.404128316180015
topology_0293,cold,415,0.02337323668118576,0.023365044828690656,0.0006187629808002481,2.3412805865264035e-06,0.14091504600491522,0.40278714045064923
topology_0293,cold,420,0.023069711103879943,0.023061632509259286,0.0006104679051005508,2.3154262325837473e-06,0.13954532343172765,0.4014561169314761
topology_0293,cold,425,0.022772528292676817,0.02276456057537449,0.0006023465831048429,2.29012956766917e-06,0.1381953737516757,0.4001350457499413
topology_0293,cold,430,0.022481520809220536,0.022473661657539064,0.0005943942007993001,2.2653764602413973e-06,0.13686480953611393,0.39882373299846324
topology_0293,cold,435,0.022196527546083648,0.022188774713399032,0.0005866061705316639,2.2411532623555483e-06,0.13555325370645413,0.3975219903714205
topology_0293,cold,440,0.021917393606358002,0.021909744908121778,0.0005789780997449685,2.217446797027759e-06,0.13426033915284516,0.3962296350023656
topology_0293,cold,445,0.021643969946778238,0.02163642325797567,0.0005715057690533002,2.1942443185396567e-06,0.13298570828780423,0.39494648931571263
topology_0293,cold,450,0.02137611247730838,0.021368665728891175,0.0005641851592277872,2.1715334894280423e-06,0.13172901275365526,0.3936723807951753
topology_0293,cold,455,0.021113677323953934,0.021106328498487613,0.0005570124186011823,2.149302348922633e-06,0.13048991330063478,0.3924071417598031
topology_0293,cold,460,0.020856535930230045,0.020849283064411445,0.0005499838021246214,2.127539340892494e-06,0.12926807940238594,0.39115060921974687
topology_0293,cold,465,0.020604557422833347,0.020597398602144868,0.0005430957364766378,2.1062332327297016e-06,0.1280631883824776,0.38990262495074046
topology_0293,cold,470,0.020357615047347666,0.02035054840222599,0.0005363448479032116,2.085373148701236e-06,0.1268749257419849,0.38866303489820586
topology_0293,cold,475,0.020115587008702834,0.020108610716506402,0.0005297277533657148,2.064948536768382e-06,0.12570298487260192,0.3874316892551857
topology_0293,cold,480,0.019878356388814453,0.019871468671522525,0.0005232412212378461,2.0449490979385593e-06,0.12454706655679883,0.38620844218357064
topology_0293,cold,485,0.0196458082914238,0.019639007410174616,0.0005168822538834622,2.025364848536599e-06,0.12340687882712606,0.3849931519509036
topology_0293,cold,490,0.0194178316661226,0.019411115922203636,0.0005106478667961244,2.0061861079787657e-06,0.12228213688555789,0.38378568058819296
topology_0293,cold,495,0.01919431965413876,0.019187687387568937,0.0005045351845143198,1.987403425083295e-06,0.1211725627266934,0.38258589378474916
topology_0293,cold,500,0.018975168643141003,0.018968618232370112,0.000498541385691206,1.969007612797741e-06,0.12007788488368804,0.38139366091209065
topology_0293,cold,505,0.018760276505067196,0.01875380636337704,0.000492663805423346,1.950989725663754e-06,0.11899783826449442,0.38020885464135423
topology_0293,cold,510,0.018549545468534188,0.018543154044226295,0.0004868998290239066,1.9333410533229173e-06,0.1179321641821532,0.3790313508531616
topology_0293,cold,515,0.018342882168962765,0.018336567944458797,0.00048124693395253267,1.916053097249174e-06,0.1168806097153476,0.37786102873018523
topology_0293,cold,520,0.018140193800142968,0.018133955290278194,0.00047570267004651376,1.89911757497591e-06,0.11584292770951762,0.3766977706968301
topology_0293,cold,525,0.01794139041067993,0.017935226161619234,0.00047026466601372905,1.88252641620994e-06,0.11481887668334452,0.37554146211968165
topology_0293,cold,530,0.017746384681197453,0.017740293269695166,0.0004649306134014613,1.8662717450017709e-06,0.11380822064399565,0.37439199124728345
topology_0293,cold,535,0.017555091783030212,0.017549071815449124,0.00045969827391928626,1.850345882884417e-06,0.1128107289100345,0.37324924913190977
topology_0293,cold,540,0.017367429227224666,0.01736147933907147,0.0004545654577465364,1.8347413204508044e-06,0.11182617594931689,0.3721131295509065
topology_0293,cold,545,0.017183315230576517,0.01717743408409558,0.0004495300763170741,1.819450750383817e-06,0.11085434127283124,0.3709835289766264
topology_0293,cold,550,0.017002674749585826,0.016996861035250704,0.00044459007240236185,1.8044669807391336e-06,0.10989500928813208,0.3698603465593257
topology_0293,cold,555,0.01682542620018154,0.016819678633514596,0.0004397434248794955,1.7897830000124873e-06,0.108947968901099,0.36874348351535047
topology_0293,cold,560,0.016651480688352826,0.016645798008913873,0.0004349880561683696,1.7753920335272801e-06,0.10801301515698761,0.3676328433066497
topology_0293,cold,565,0.016480793885506526,0.016475174865715723,0.00043032213341254633,1.7612874438484986e-06,0.1070899467079627,0.3665283319803068
topology_0293,cold,570,0.016313292698306774,0.016307736134265467,0.00042574379875213406,1.7474626595592761e-06,0.10617856511132666,0.3654298580444654
topology_0293,cold,575,0.01614890699048672,0.01614341170223709,0.0004212512231636802,1.73391130481259e-06,0.10527867628240736,0.36433733217806746
topology_0293,cold,580,0.01598756652605734,0.01598213135534116,0.00041684266237094136,1.7206271316371369e-06,0.1043900905030977,0.36325066725508504
topology_0293,cold,585,0.015829206311518417,0.015823830122036968,0.00041251643072537337,1.707604064863121e-06,0.10351262237448323,0.36216977799929573
topology_0293,cold,590,0.01567376487279142,0.015668446553419004,0.00040827076521910365,1.6948362009143588e-06,0.10264609011081227,0.36109458140836787
topology_0293,cold,595,0.015521178956665275,0.015515917417305672,0.00040410403856799295,1.6823176515823554e-06,0.10179031557158533,0.36002499627862095
topology_0293,cold,600,0.015371390702541355,0.01536618487400005,0.0004000146987102002,1.6700427194019328e-06,0.10094512442858024,0.3589609430639744
topology_0293,cold,605,0.01522433455756019,0.015219183392347888,0.0003960010626505237,1.6580058208716602e-06,0.10011034581040341,0.35790234476474303
topology_0293,cold,610,0.015079953404321722,0.015074855874005649,0.0003920616590439675,1.6462015003979597e-06,0.09928581307311657,0.356849125410323
topology_0293,cold,615,0.014938192554330744,0.014933147651080952,0.00038819498873721403,1.6346244629423436e-06,0.09847136242828791,0.35580121060265685
topology_0293,cold,620,0.014798997726905556,0.014794004462894281,0.00038439958092613543,1.6232694991490674e-06,0.09766683340590045,0.3547585279597592
topology_0293,cold,625,0.014662314890422497,0.014657372297339544,0.00038067398666123914,1.612131494334731e-06,0.09687206873862532,0.35372100678489005
topology_0293,cold,630,0.014528090063098902,0.014523197191263583,0.00037701679183803794,1.6012054229468825e-06,0.09608691431721035,0.3526885779219886
topology_0293,cold,635,0.014396270941793238,0.01439142686003581,0.00037342660873728264,1.5904864196403502e-06,0.09531121947371338,0.3516611735282576
topology_0293,cold,640,0.014266812165325243,0.014262015962403852,0.0003699020850252192,1.5799696975278622e-06,0.09454483608830495,0.350638727330081
topology_0293,cold,645,0.014139663949988954,0.014134914732334223,0.00036644189778901073,1.5696505705331255e-06,0.09378761871282894,0.34962117478941085
topology_0293,cold,650,0.014014777770734208,0.014010074662064565,0.00036304475526514294,1.5595244606045425e-06,0.09303942482240643,0.34860845270833574
topology_0293,teacher_k20,0,0.5903722158260957,0.5902082850889715,0.013911592826994031,3.1886757367564333e-05,0.4654156095905575,0.5633172894914508
topology_0293,teacher_k20,5,0.40057421484202965,0.40043241293930976,0.010657566118513706,2.3416664792907373e-05,0.43155873705726105,0.5635423837240285
topology_0293,teacher_k20,10,0.2971163200516195,0.2969879143275002,0.0087341866152667,1.9198632374641714e-05,0.4079943549810783,0.5646796281626658
topology_0293,teacher_k20,15,0.23284406863104473,0.23272620838377409,0.0074075607385053425,1.6488668113761786e-05,0.39078427099848234,0.5643179197763477
topology_0293,teacher_k20,20,0.19063941791471323,0.19053106805602957,0.006426472915407133,1.4634098906180896e-05,0.37759310995255696,0.5623820487675903
topology_0293,teacher_k20,25,0.16233390921599308,0.16223449706935433,0.005680305076797408,1.3275331911731351e-05,0.36696820945316455,0.5596545439194945
topology_0293,teacher_k20,30,0.14263296377493023,0.14254194032809658,0.005094845766516374,1.222036501630765e-05,0.3580118647255887,0.5565479630951101
topology_0293,teacher_k20,35,0.12839702712563086,0.12831372804475658,0.004624244881833242,1.1367896564331167e-05,0.35017563773865973,0.5532381062094843
topology_0293,teacher_k20,40,0.117737132993292,0.11766086376738674,0.004237158176101581,1.0657545367865844e-05,0.3431166309735935,0.5498271681790855
topology_0293,teacher_k20,45,0.10946488334810217,0.10939493506827001,0.003912641919381527,1.0051532259517657e-05,0.33661733561884105,0.5463894842307403
topology_0293,teacher_k20,50,0.10282357360359982,0.10275926076112735,0.0036361415970550858,9.525109151812359e-06,0.33053782884688243,0.5429694116429659
topology_0293,teacher_k20,55,0.09732622633574296,0.0972669129907884,0.0033973354103607307,9.061355722444917e-06,0.3247863830472287,0.5395917391157607
topology_0293,teacher_k20,60,0.09265382030334782,0.09259893363120053,0.003188703871063096,8.648251213069919e-06,0.31930157916314383,0.5362704144036474
topology_0293,teacher_k20,65,0.08859380482009524,0.08854283855224045,0.003004650579525836,8.276953902105283e-06,0.3140412641558443,0.5330128760357027
topology_0293,teacher_k20,70,0.08500175125413922,0.08495426304999096,0.00284092288663849,7.940760211561231e-06,0.3089756710163183,0.5298225135915119
topology_0293,teacher_k20,75,0.08177734558493774,0.0817329511631789,0.002694232133797448,7.634458813125468e-06,0.3040831061861107,0.5267002139842532
topology_0293,teacher_k20,80,0.07884937510193102,0.07880774135988786,0.002561991732622346,7.353911356996385e-06,0.29934722079304965,0.5236453734594864
topology_0293,teacher_k20,85,0.07616595683782573,0.07612679489596422,0.002442136265524521,7.095769117246595e-06,0.29475527112200106,0.520656513449372
topology_0293,teacher_k20,90,0.07368845637259437,0.07365151526129744,0.0023329927707373393,6.8572809397766834e-06,0.2902969987377354,0.5177316710160496
topology_0293,teacher_k20,95,0.07138737115423242,0.07135243220841028,0.002233189248093911,6.636154658843876e-06,0.28596389088282903,0.5148686259033791
topology_0293,teacher_k20,100,0.06923961771870021,0.06920648973501686,0.002141587971099418,6.430458544372674e-06,0.2817487023471513,0.5120650583141687
topology_0293,teacher_k20,105,0.06722677340946605,0.06719528862318912,0.0020572338162022437,6.238547727858964e-06,0.27764513028886856,0.5093186348685627
topology_0293,teacher_k20,110,0.06533382518097752,0.0653038358672105,0.0019793173306401285,6.05900943385325e-06,0.2736475927226383,0.5066270628451018
topology_0293,teacher_k20,115,0.06354839978285155,0.06351977539450172,0.0019071481572651313,5.890621488440523e-06,0.2697510719578789,0.5039881200821731
topology_0293,teacher_k20,120,0.06185993373311775,0.061832558358753203,0.0018401346194307422,5.732318174801167e-06,0.2659510156620577,0.5013996825266327
topology_0293,teacher_k20,125,0.06025956087762005,0.06023333158001728,0.0017777549784906929,5.583165936070547e-06,0.26224324942501154,0.49885970933229734
topology_0293,teacher_k20,130,0.05873958414514579,0.05871440905825107,0.0017195594976469636,5.442341363367889e-06,0.25862391677930796,0.49636626722996635
topology_0293,teacher_k20,135,0.057293293988915965,0.05726909094113186,0.0016651518519338934,5.309117067794844e-06,0.2550894371608657,0.49391751986609966
topology_0293,teacher_k20,140,0.055914801840777385,0.05589149713324689,0.0016141828383893918,5.182847239273257e-06,0.25163647170072356,0.4915117282899354
topology_0293,teacher_k20,145,0.05459889517178122,0.054576422583045604,0.0015663417195716097,5.0629551534128395e-06,0.24826189577356195,0.4891472455442229
topology_0293,teacher_k20,150,0.05334091179732261,0.05331921167025953,0.0015213526021092994,4.948925749482034e-06,0.24496277633106706,0.4868225125617643
topology_0293,teacher_k20,155,0.05213668419599861,0.05211570268959586,0.001478968794284085,4.8402972244317345e-06,0.24173635587081813,0.4845360518027761
topology_0293,teacher_k20,160,0.05098247559652198,0.050962164025321985,0.0014389695515323886,4.736654935648874e-06,0.23858003469947028,0.48228646350178705
topology_0293,teacher_k20,165,0.04987491188392477,0.04985522614905945,0.001401156503690132,4.637625190313251e-06,0.23549135718258074,0.4800724207249543
topology_0293,teacher_k20,170,0.04881093497410705,0.04879183506060469,0.0013653511737202473,4.542870863431786e-06,0.23246800011062113,0.4778926646389246
topology_0293,teacher_k20,175,0.04778777009800606,0.04776921963623869,0.0013313926782097896,4.452087143652031e-06,0.22950776236168882,0.4757460004195152
topology_0293,teacher_k20,180,0.04680288402518269,0.04678484991359189,0.0012991353217333202,4.364997856306438e-06,0.22660855565411683,0.47363129314799407
topology_0293,teacher_k20,185,0.045853967326269715,0.045836419382384384,0.0012684476460645482,4.281352589004327e-06,0.22376839680514296,0.4715474637940537
topology_0293,teacher_k20,190,0.044938908607875125,0.044921819265320635,0.0012392106814671548,4.200923651900195e-06,0.22098539941506473,0.469493485402702
topology_0293,teacher_k20,195,0.04405575899643355,0.04403910303982099,0.0012113163074033094,4.123503754292381e-06,0.21825776839468175,0.46746838191663603
topology_0293,teacher_k20,200,0.04320273948613786,0.043186493820109605,0.0011846662986284887,4.0489041549277585e-06,0.2155837936392662,0.46547122320036366
topology_0293,teacher_k20,205,0.04237820659759552,0.04236235003604965,0.0011591712710133496,3.97695226274505e-06,0.21296184355710535,0.46350112225943
topology_0293,teacher_k20,210,0.041580644616028166,0.04156515769665586,0.0011347497821462156,3.9074904025265e-06,0.21039036089842433,0.4615572325814552
topology_0293,teacher_k20,215,0.04080865043772712,0.04079351524968113,0.0011113277528099635,3.8403741665612154e-06,0.20786785774882532,0.4596387464099396
topology_0293,teacher_k20,220,0.04006091950484606,0.04004611953730646,0.0010888376019110122,3.775471113126816e-06,0.20539291208422444,0.4577448918699314
topology_0293,teacher_k20,225,0.03933625604582734,0.03932177606411171,0.0010672174487402217,3.7126598820654015e-06,0.2029641632632973,0.45587493118486755
topology_0293,teacher_k20,230,0.03863355107850862,0.038619376994659164,0.001046411078053366,3.65182855360073e-06,0.20058030756325484,0.4540281586212228
topology_0293,teacher_k20,235,0.03795175917837946,0.037937877945111914,0.0010263668188107641,3.5928741629136047e-06,0.19824009526914801,0.45220389840105163
topology_0293,teacher_k20,240,0.03728991438079131,0.03727631390230776,0.0010070371801369337,3.5357016153592236e-06,0.19594232825189586,0.45040150402553325
topology_0293,teacher_k20,245,0.03664711845841422,0.03663378749159364,0.0009883790840802306,3.4802233189396452e-06,0.19368585655642118,0.44862035561168523
topology_0293,teacher_k20,250,0.0360225237007664,0.036009451779637575,0.0009703528030068193,3.4263580928561097e-06,0.19146957589269734,0.4468598588247464
topology_0293,teacher_k20,255,0.03541534035150388,0.035402517726475076,0.0009529215368514263,3.3740305876222074e-06,0.1892924256585206,0.44511944258837643
topology_0293,teacher_k20,260,0.03482483321082998,0.034812250779165804,0.0009360517117822389,3.3231710619118273e-06,0.18715338583179297,0.44339855982932247
topology_0293,teacher_k20,265,0.034250307904196135,0.03423795715159998,0.0009197124008277129,3.2737146598705856e-06,0.18505147515846715,0.441696685005349
topology_0293,teacher_k20,270,0.033691116400331546,0.033678989350478444,0.0009038751166764724,3.225601042317802e-06,0.1829857492237171,0.4400133129612513
topology_0293,teacher_k20,275,0.033146645620830785,0.03313473478804059,0.0008885135533849809,3.1787739829975145e-06,0.18095529843646818,0.4383479581500654
topology_0293,teacher_k20,280,0.0326163244066773,0.03260462275676979,0.0008736033845632757,3.1331809655994204e-06,0.17895924632911392,0.436700153475284
topology_0293,teacher_k20,285,0.032099610245554897,0.03208811115523863,0.0008591221479308523,3.088772899638802e-06,0.17699674768596063,0.43506944960048205
topology_0293,teacher_k20,290,0.03159599155990478,0.031584688783460074,0.0008450490106801377,3.0455038411654693e-06,0.175066987316277,0.43345541385963926
topology_0293,teacher_k20,295,0.031104986619261407,0.031093874256723983,0.0008313647042507411,3.003330703014144e-06,0.17316917847773644,0.43185762964159646
topology_0293,teacher_k20,300,0.030626138509263073,0.030615210978083875,0.0008180513316861056,2.9622130065862118e-06,0.17130256151129433,0.4302756954129352
topology_0293,teacher_k20,305,0.030159013614319278,0.03014826562418342,0.0008050922329980042,2.9221127128087313e-06,0.16946640278210026,0.4287092241813415
topology_0293,teacher_k20,310,0.02970320630464881,0.02969263283528574,0.0007924719388000506,2.8829940016173654e-06,0.1676599932697652,0.427157842751931
topology_0293,teacher_k20,315,0.02925832830223169,0.02924792458128467,0.0007801760286226203,2.8448230851819025e-06,0.16588264726240123,0.4256211911485716
topology_0293,teacher_k20,320,0.028824009345424593,0.028813770829402945,0.0007681910265903736,2.807568022324078e-06,0.16413370165920158,0.4240989219443328
topology_0293,teacher_k20,325,0.028399900721552032,0.02838982308047647,0.0007565043117628574,2.771198599424293e-06,0.1624125149126074,0.42259069952119444
topology_0293,teacher_k20,330,0.027985670884543203,0.027975749981952607,0.0007451042351703775,2.7356862697714674e-06,0.1607184657813165,0.4210961996398928
topology_0293,teacher_k20,335,0.02758100164686958,0.027571233529020224,0.0007339797254911088,2.7010038888854596e-06,0.1590509525118075,0.41961510969158544
topology_0293,teacher_k20,340,0.027185588944901272,0.027175969825307657,0.0007231204751263279,2.6671256926039577e-06,0.15740939253800568,0.41814712719821534
topology_0293,teacher_k20,345,0.02679914766654266,0.026789673916579472,0.0007125167776274597,2.6340272296313543e-06,0.1557932211052115,0.4166919595730985
topology_0293,teacher_k20,350,0.026421404692795074,0.02641207283223529,0.0007021594380095411,2.6016851525947136e-06,0.1542018904597174,0.4152493238245192
topology_0293,teacher_k20,355,0.026052096678449363,0.02604290335962794,0.0006920399837112357,2.570077217394733e-06,0.15263486926089478,0.41381894637219613
topology_0293,teacher_k20,360,0.025690971797151744,0.02568191380081019,0.0006821502491058678,2.5391822084654696e-06,0.15109164211943182,0.4124005623144736
topology_0293,teacher_k20,365,0.025337789489767837,0.025328863712256167,0.0006724826977417688,2.5089798963838206e-06,0.14957170886932922,0.4109939153200453
topology_0293,teacher_k20,370,0.02499231719561417,0.02498352064543565,0.000663030027680416,2.4794508634222196e-06,0.14807458394421166,0.40959875727376266
topology_0293,teacher_k20,375,0.02465433339294635,0.024645663183363534,0.0006537853603616898,2.450576554530924e-06,0.14659979637989065,0.4082148482387155
topology_0293,teacher_k20,380,0.024323633856055713,0.02431508719741007,0.0006447423346404119,2.4223391618652104e-06,0.14514688796775277,0.40684195454281025
topology_0293,teacher_k20,385,0.024000013787962456,0.02399158798245976,0.0006358947771361225,2.3947215428885474e-06,0.14371541330897697,0.40547985011681903
topology_0293,teacher_k20,390,0.02368327739736267,0.02367496983358764,0.0006272368397240138,2.3677072828236207e-06,0.142304939584296,0.404128316180015
topology_0293,teacher_k20,395,0.02337323668118576,0.023365044828690656,0.0006187629808002481,2.3412805865264035e-06,0.14091504600491522,0.40278714045064923
topology_0293,teacher_k20,400,0.023069711103879943,0.023061632509259286,0.0006104679051005508,2.3154262325837473e-06,0.13954532343172765,0.4014561169314761
topology_0293,teacher_k20,405,0.022772528292676817,0.02276456057537449,0.0006023465831048429,2.29012956766917e-06,0.1381953737516757,0.4001350457499413
topology_0293,teacher_k20,410,0.022481520809220536,0.022473661657539064,0.0005943942007993001,2.2653764602413973e-06,0.13686480953611393,0.39882373299846324
topology_0293,teacher_k20,415,0.022196527546083648,0.022188774713399032,0.0005866061705316639,2.2411532623555483e-06,0.13555325370645413,0.3975219903714205
topology_0293,teacher_k20,420,0.021917393606358002,0.021909744908121778,0.0005789780997449685,2.217446797027759e-06,0.13426033915284516,0.3962296350023656
topology_0293,teacher_k20,425,0.021643969946778238,0.02163642325797567,0.0005715057690533002,2.1942443185396567e-06,0.13298570828780423,0.39494648931571263
topology_0293,teacher_k20,430,0.02137611247730838,0.021368665728891175,0.0005641851592277872,2.1715334894280423e-06,0.13172901275365526,0.3936723807951753
topology_0293,teacher_k20,435,0.021113677323953934,0.021106328498487613,0.0005570124186011823,2.149302348922633e-06,0.13048991330063478,0.3924071417598031
topology_0293,teacher_k20,440,0.020856535930230045,0.020849283064411445,0.0005499838021246214,2.127539340892494e-06,0.12926807940238594,0.39115060921974687
topology_0293,teacher_k20,445,0.020604557422833347,0.020597398602144868,0.0005430957364766378,2.1062332327297016e-06,0.1280631883824776,0.38990262495074046
topology_0293,teacher_k20,450,0.020357615047347666,0.02035054840222599,0.0005363448479032116,2.085373148701236e-06,0.1268749257419849,0.38866303489820586
topology_0293,teacher_k20,455,0.020115587008702834,0.020108610716506402,0.0005297277533657148,2.064948536768382e-06,0.12570298487260192,0.3874316892551857
topology_0293,teacher_k20,460,0.019878356388814453,0.019871468671522525,0.0005232412212378461,2.0449490979385593e-06,0.12454706655679883,0.38620844218357064
topology_0293,teacher_k20,465,0.0196458082914238,0.019639007410174616,0.0005168822538834622,2.025364848536599e-06,0.12340687882712606,0.3849931519509036
topology_0293,teacher_k20,470,0.0194178316661226,0.019411115922203636,0.0005106478667961244,2.0061861079787657e-06,0.12228213688555789,0.38378568058819296
topology_0293,teacher_k20,475,0.01919431965413876,0.019187687387568937,0.0005045351845143198,1.987403425083295e-06,0.1211725627266934,0.38258589378474916
topology_0293,teacher_k20,480,0.018975168643141003,0.018968618232370112,0.000498541385691206,1.969007612797741e-06,0.12007788488368804,0.38139366091209065
topology_0293,teacher_k20,485,0.018760276505067196,0.01875380636337704,0.000492663805423346,1.950989725663754e-06,0.11899783826449442,0.38020885464135423
topology_0293,teacher_k20,490,0.018549545468534188,0.018543154044226295,0.0004868998290239066,1.9333410533229173e-06,0.1179321641821532,0.3790313508531616
topology_0293,teacher_k20,495,0.018342882168962765,0.018336567944458797,0.00048124693395253267,1.916053097249174e-06,0.1168806097153476,0.37786102873018523
topology_0293,teacher_k20,500,0.018140193800142968,0.018133955290278194,0.00047570267004651376,1.89911757497591e-06,0.11584292770951762,0.3766977706968301
topology_0293,teacher_k20,505,0.01794139041067993,0.017935226161619234,0.00047026466601372905,1.88252641620994e-06,0.11481887668334452,0.37554146211968165
topology_0293,teacher_k20,510,0.017746384681197453,0.017740293269695166,0.0004649306134014613,1.8662717450017709e-06,0.11380822064399565,0.37439199124728345
topology_0293,teacher_k20,515,0.017555091783030212,0.017549071815449124,0.00045969827391928626,1.850345882884417e-06,0.1128107289100345,0.37324924913190977
topology_0293,teacher_k20,520,0.017367429227224666,0.01736147933907147,0.0004545654577465364,1.8347413204508044e-06,0.11182617594931689,0.3721131295509065
topology_0293,teacher_k20,525,0.017183315230576517,0.01717743408409558,0.0004495300763170741,1.819450750383817e-06,0.11085434127283124,0.3709835289766264
topology_0293,teacher_k20,530,0.017002674749585826,0.016996861035250704,0.00044459007240236185,1.8044669807391336e-06,0.10989500928813208,0.3698603465593257
topology_0293,teacher_k20,535,0.01682542620018154,0.016819678633514596,0.0004397434248794955,1.7897830000124873e-06,0.108947968901099,0.36874348351535047
topology_0293,teacher_k20,540,0.016651480688352826,0.016645798008913873,0.0004349880561683696,1.7753920335272801e-06,0.10801301515698761,0.3676328433066497
topology_0293,teacher_k20,545,0.016480793885506526,0.016475174865715723,0.00043032213341254633,1.7612874438484986e-06,0.1070899467079627,0.3665283319803068
topology_0293,teacher_k20,550,0.016313292698306774,0.016307736134265467,0.00042574379875213406,1.7474626595592761e-06,0.10617856511132666,0.3654298580444654
topology_0293,teacher_k20,555,0.01614890699048672,0.01614341170223709,0.0004212512231636802,1.73391130481259e-06,0.10527867628240736,0.36433733217806746
topology_0293,teacher_k20,560,0.01598756652605734,0.01598213135534116,0.00041684266237094136,1.7206271316371369e-06,0.1043900905030977,0.36325066725508504
topology_0293,teacher_k20,565,0.015829206311518417,0.015823830122036968,0.00041251643072537337,1.707604064863121e-06,0.10351262237448323,0.36216977799929573
topology_0293,teacher_k20,570,0.01567376487279142,0.015668446553419004,0.00040827076521910365,1.6948362009143588e-06,0.10264609011081227,0.36109458140836787
topology_0293,teacher_k20,575,0.015521178956665275,0.015515917417305672,0.00040410403856799295,1.6823176515823554e-06,0.10179031557158533,0.36002499627862095
topology_0293,teacher_k20,580,0.015371390702541355,0.01536618487400005,0.0004000146987102002,1.6700427194019328e-06,0.10094512442858024,0.3589609430639744
topology_0293,teacher_k20,585,0.01522433455756019,0.015219183392347888,0.0003960010626505237,1.6580058208716602e-06,0.10011034581040341,0.35790234476474303
topology_0293,teacher_k20,590,0.015079953404321722,0.015074855874005649,0.0003920616590439675,1.6462015003979597e-06,0.09928581307311657,0.356849125410323
topology_0293,teacher_k20,595,0.014938192554330744,0.014933147651080952,0.00038819498873721403,1.6346244629423436e-06,0.09847136242828791,0.35580121060265685
topology_0293,teacher_k20,600,0.014798997726905556,0.014794004462894281,0.00038439958092613543,1.6232694991490674e-06,0.09766683340590045,0.3547585279597592
topology_0293,teacher_k20,605,0.014662314890422497,0.014657372297339544,0.00038067398666123914,1.612131494334731e-06,0.09687206873862532,0.35372100678489005
topology_0293,teacher_k20,610,0.014528090063098902,0.014523197191263583,0.00037701679183803794,1.6012054229468825e-06,0.09608691431721035,0.3526885779219886
topology_0293,teacher_k20,615,0.014396270941793238,0.01439142686003581,0.00037342660873728264,1.5904864196403502e-06,0.09531121947371338,0.3516611735282576
topology_0293,teacher_k20,620,0.014266812165325243,0.014262015962403852,0.0003699020850252192,1.5799696975278622e-06,0.09454483608830495,0.350638727330081
topology_0293,teacher_k20,625,0.014139663949988954,0.014134914732334223,0.00036644189778901073,1.5696505705331255e-06,0.09378761871282894,0.34962117478941085
topology_0293,teacher_k20,630,0.014014777770734208,0.014010074662064565,0.00036304475526514294,1.5595244606045425e-06,0.09303942482240643,0.34860845270833574
topology_0293,neural,0,3.781805306276035,3.7789899197397974,0.14589906280786358,0.00015669831489171392,0.7029271075410961,0.9987947741541424
topology_0293,neural,5,1.5914697050771367,1.5908944376895027,0.0427866105896667,0.0001275192454866056,0.6482565284420048,0.6631458575649098
topology_0293,neural,10,0.9960483338499642,0.9957611449562245,0.02391700156419844,5.0960147928055696e-05,0.5772990773191237,0.5924592916431412
topology_0293,neural,15,0.666983620276056,0.666794945253073,0.015863464618987223,3.4522274414487714e-05,0.5215955854377061,0.5923560346772875
topology_0293,neural,20,0.47780353873845705,0.47764318809434775,0.012377632524609416,2.666731382732924e-05,0.48275582228125674,0.5967633811679709
topology_0293,neural,25,0.3637871955697466,0.36364744989122333,0.010082428415593316,2.20307882339544e-05,0.4551260995814657,0.5950342535964778
topology_0293,neural,30,0.2902946227973853,0.29017011891752376,0.008501161936801258,1.8925924923358907e-05,0.43446123516053314,0.5918870517822936
topology_0293,neural,35,0.23979184219319563,0.239679562608008,0.00733720461510735,1.669959435786052e-05,0.41826245977017507,0.5882094376323841
topology_0293,neural,40,0.20384762405746884,0.20374565911833387,0.0064467044749778,1.5024086121251248e-05,0.40501792910499124,0.5842481130846878
topology_0293,neural,45,0.1777130142171268,0.17761999686967855,0.005749082155852356,1.3730161619384887e-05,0.3937884245452311,0.5800939519490111
topology_0293,neural,50,0.158323440997371,0.15823840635438166,0.0051883102067774006,1.2683526910011986e-05,0.3839574355157921,0.5758657770802248
topology_0293,neural,55,0.143569683969526,0.1434918047649967,0.004728211143182222,1.182282235623653e-05,0.3751326531011402,0.5716452834190293
topology_0293,neural,60,0.13191788999008067,0.13184634394617978,0.0043440953686098875,1.108553644981651e-05,0.36705380788846476,0.5675254485761931
topology_0293,neural,65,0.1225088132403597,0.12244288911126382,0.00401847214206196,1.0454260239826101e-05,0.3595603359647378,0.5635064878008248
topology_0293,neural,70,0.11478656945578662,0.11472566306576779,0.0037388050839791236,9.90414373915546e-06,0.3525357447414299,0.5595804739508243
topology_0293,neural,75,0.10830334544203268,0.10824690777220039,0.0034959266275378445,9.418485936720777e-06,0.34589630405615335,0.555753767886598
topology_0293,neural,80,0.1027479169132284,0.10269545780149986,0.003282879256213225,8.985386619266979e-06,0.33958220183945864,0.5520281526679962
topology_0293,neural,85,0.09790519415359303,0.0978562816469265,0.003094367560624868,8.595923498143097e-06,0.333549422728463,0.548400879627913
topology_0293,neural,90,0.09362208210369553,0.09357633743174726,0.002926305237046118,8.243210516663055e-06,0.3277646080865167,0.5448682963822702
topology_0293,neural,95,0.08978714409639121,0.08974423587324755,0.002775483697932937,7.921839132065045e-06,0.3222017873783708,0.5414263175683227
topology_0293,neural,100,0.08631816713548685,0.08627780619969373,0.002639332646593528,7.627487018985013e-06,0.31684023569866987,0.538070725595936
topology_0293,neural,105,0.08315349435985919,0.08311542784923451,0.0025157948194617506,7.356643550557677e-06,0.31166301995785434,0.5347973655719717
topology_0293,neural,110,0.0802458447809228,0.08020985114124186,0.002403192460571096,7.106421626849882e-06,0.30665601868913195,0.5316022376581485
topology_0293,neural,115,0.07755838637544131,0.07752427098873917,0.002300142945377238,6.874416713846644e-06,0.30180723751875194,0.5284815445504084
topology_0293,neural,120,0.07506187103213566,0.07502946240406899,0.0022054953784472154,6.658604507206075e-06,0.2971063261428203,0.525431710161457
topology_0293,neural,125,0.07273278447656122,0.07270193110037733,0.0021182800319263016,6.4572620262760685e-06,0.2925442299805181,0.5224493818228559
topology_0293,neural,130,0.07055182328953577,0.07052239082548235,0.002037675743724549,6.268910342252692e-06,0.2881129318742945,0.5195314201433354
topology_0293,neural,135,0.06850295389378498,0.06847482284329393,0.0019629802947992597,6.092271689384255e-06,0.28380526705681125,0.5166748959436354
topology_0293,neural,140,0.06657268131500192,0.06654574514104353,0.0018935854804782485,5.9262304587118925e-06,0.27961477878712904,0.5138770698351304
topology_0293,neural,145,0.06474953397587789,0.06472369745572822,0.0018289626737588937,5.769811389770683e-06,0.27553560437257224,0.5111353776282812
topology_0293,neural,150,0.0630236592260921,0.0629988367558008,0.0017686599599489692,5.622154131849723e-06,0.2715623952021509,0.5084474293768395
topology_0293,neural,155,0.06138648179982261,0.061362596608248623,0.001712266099504496,5.482498812305502e-06,0.2676902430840878,0.5058109703599382
topology_0293,neural,160,0.059830533918299796,0.059807516834998936,0.0016594247062882066,5.350168487441966e-06,0.2639146205694065,0.5032238901799062
topology_0293,neural,165,0.05834921896747643,0.05832700754572641,0.001609819113830482,5.224560279718792e-06,0.26023133922039343,0.5006842055866314
topology_0293,neural,170,0.05693674769733085,0.05691528547043574,0.001563167331384099,5.105135552900728e-06,0.2566365107326471,0.49819004996869715
topology_0293,neural,175,0.055587968201728136,0.0555672040286909,0.0015192170075413363,4.991410207052037e-06,0.2531265096001657,0.4957396658462958
topology_0293,neural,180,0.054298212255617116,0.0542780997266383,0.0014777416479107158,4.882948444715541e-06,0.24969794987276922,0.4933313940230301
topology_0293,neural,185,0.05306330375152089,0.05304380068847102,0.0014385376969934158,4.779357917703954e-06,0.2463476653318857,0.490963666733403
topology_0293,neural,190,0.05187950362887951,0.051860571649322215,0.0014014218063738344,4.680284184456823e-06,0.24307268492247117,0.488635001370379
topology_0293,neural,195,0.050743417233072935,0.050725021356679244,0.0013662283221360406,4.585406276550009e-06,0.2398702150067676,0.4863439937067376
topology_0293,neural,200,0.049651961908723126,0.04963407020498095,0.0013328075901587167,4.494433088897034e-06,0.23673762480787422,0.4840893128209838
topology_0293,neural,205,0.0486023315318593,0.04858491482387849,0.0013010236226546597,4.40710019981213e-06,0.23367243289258144,0.48186969585699957
topology_0293,neural,210,0.047591964757431535,0.04757499634514857,0.0012707531396520496,4.323167000910099e-06,0.23067229510538592,0.4796839433344992
topology_0293,neural,215,0.046618514832344374,0.046601970250476916,0.0012418840320651573,4.242414269717063e-06,0.2277349939376545,0.47753091484903104
topology_0293,neural,220,0.04567984441856398,0.04566370122098798,0.0012143144404597203,4.164642012238963e-06,0.22485842871194345,0.475409524954271
topology_0293,neural,225,0.0447739821478807,0.04475821970960559,0.0011879516320264464,4.089667353203499e-06,0.2220406057172685,0.47331873913681066
topology_0293,neural,230,0.04389911170491707,0.04388371104468549,0.0011627111801523055,4.017322827059459e-06,0.21927963215375226,0.47125757234281535
topology_0293,neural,235,0.04305355754141009,0.04303850117678422,0.0011385156323269281,3.947454991047936e-06,0.2165737081867614,0.46922508504207966
topology_0293,neural,240,0.042235771391847345,0.042221043194819854,0.0011152943789618974,3.87992306212924e-06,0.21392112093196441,0.46722038017729706
topology_0293,neural,245,0.041444325994768313,0.04142991106760911,0.0010929828633029891,3.81459770500135e-06,0.21132023823495785,0.4652426003921336
topology_0293,neural,250,0.04067789537454394,0.04066377993497654,0.001071522015379097,3.7513597849288292e-06,0.20876950350876797,0.4632909261482319
topology_0293,neural,255,0.03993525254136342,0.03992142382271588,0.00105085769385365,3.690099653764819e-06,0.2062674302802566,0.46136457379416973
topology_0293,neural,260,0.03921524637709089,0.03920169253373053,0.0010309402139298542,3.6307159564192263e-06,0.20381259828636042,0.45946279321157363
topology_0293,neural,265,0.038516813106835864,0.03850352313001122,0.001011724130611867,3.5731151334065643e-06,0.20140365013355724,0.4575848657595179
topology_0293,neural,270,0.03783896297837035,0.03782592662601318,0.0009931675544327895,3.517210620345759e-06,0.19903928579872898,0.45573010260320607
topology_0293,neural,275,0.037180775518254626,0.03716798324358286,0.0009752321527491084,3.462922233347038e-06,0.19671825989094346,0.45389784382664633
topology_0293,neural,280,0.03654137824326709,0.03652882113738065,0.0009578823526255802,3.410175290509724e-06,0.1944393782192049,0.45208745602101963
topology_0293,neural,285,0.03591995207981565,0.035907621810201976,0.0009410855803521183,3.3589005993163743e-06,0.19220149591464233,0.4502983308523403
topology_0293,neural,290,0.03531574276885863,0.035303631535164505,0.0009248117623732942,3.3090338736450706e-06,0.1900035139931342,0.4485298844116959
topology_0293,neural,295,0.034728032821503226,0.034716133307505115,0.0009090331104979261,3.260515060198024e-06,0.1878443766333271,0.4467815559592352
topology_0293,neural,300,0.03415615350086666,0.03414445883360648,0.0008937240120404592,3.213288097706829e-06,0.18572306906314814,0.4450528062328519
topology_0293,neural,305,0.0335994702455066,0.03358797395762515,0.0008788607220628708,3.167300573220882e-06,0.1836386152490608,0.4433431165618736
topology_0293,neural,310,0.03305738939854741,0.03304608539638222,0.0008644212353820465,3.1225035595461995e-06,0.18159007619946607,0.4416519879884663
topology_0293,neural,315,0.03252935211445226,0.03251823464538046,0.0008503852389789505,3.0788511695465595e-06,0.17957654741303086,0.43997894035789387
topology_0293,neural,320,0.03201482852591293,0.03200389215215837,0.0008367337913012294,3.0363002744075766e-06,0.1775971574296724,0.4383235110759616
topology_0293,neural,325,0.03151331811227416,0.0315025576846797,0.0008234493305148841,2.9948103858239204e-06,0.1756510662101255,0.43668525464280994
topology_0293,neural,330,0.03102434580042053,0.03101375643525826,0.000810515509045256,2.9543433760211856e-06,0.17373746355621097,0.43506374157838434
topology_0293,neural,335,0.030547464048678568,0.030537041107403528,0.000797917109496838,2.9148633681363485e-06,0.17185556797359333,0.4334585578240224
topology_0293,neural,340,0.030082250155073192,0.030071989225663683,0.0007856399497590186,2.8763364351622606e-06,0.17000462473650563,0.431869304221798
topology_0293,neural,345,0.029628300889195647,0.029618197767690285,0.0007736708061616079,2.838730558227039e-06,0.16818390479588868,0.4302955956803909
topology_0293,neural,350,0.029185233328739554,0.0291752840048847,0.0007619972677105664,2.8020154627625164e-06,0.16639270365916048,0.4287370603833561
topology_0293,neural,355,0.028752681338559006,0.02874288198136637,0.0007506076940116358,2.7661623648948744e-06,0.16463034039333152,0.4271933392220892
topology_0293,neural,360,0.02833029735282909,0.028320644293503415,0.0007394913396517166,2.731144033369635e-06,0.1628961566824752,0.42566408503384484
topology_0293,neural,365,0.02791775572153806,0.027908245448486108,0.0007286379355135327,2.6969346334270475e-06,0.16118951549761806,0.42414896304123795
topology_0293,neural,370,0.0275147455449924,0.027505374690801266,0.0007180379029168952,2.6635095372385014e-06,0.1595097996596421,0.4226476495992022
topology_0293,neural,375,0.02712096742008409,0.027111732751036382,0.0007076822142016842,2.6308452394788296e-06,0.1578564113795382,0.42115983165820403
topology_0293,neural,380,0.026736132646854042,0.026727031050982807,0.0006975624384909477,2.5989193854425837e-06,0.15622877161976167,0.41968520643117435
topology_0293,neural,385,0.02635996751961273,0.026350995998677875,0.000687670647593893,2.567710702437912e-06,0.1546263194084498,0.4182234811388906
topology_0293,neural,390,0.025992212025265953,0.025983367693284763,0.0006779991479112905,2.537198767660183e-06,0.15304851095634,0.4167743724792752
topology_0293,neural,395,0.025632616355636635,0.025623896426311906,0.0006685408603938951,2.507364050181422e-06,0.151494818773805,0.41533760594205504
topology_0293,neural,400,0.025280941253440967,0.025272343035176944,0.0006592890343862441,2.4781878771030935e-06,0.14996473108285222,0.4139129159918256
topology_0293,neural,405,0.024936949668955842,0.0249284705582002,0.0006502372030161473,2.4496523265577463e-06,0.14845775157953747,0.41250004573936494
topology_0293,neural,410,0.024600431379941303,0.02459206885803025,0.0006413793700091149,2.4217402550162216e-06,0.14697339860547137,0.41109874586739803
topology_0293,neural,415,0.024271176826463563,0.02426292845379829,0.0006327097707541074,2.3944351129085176e-06,0.14551120363081874,0.4097087741845872
topology_0293,neural,420,0.023948981759988917,0.023940845171061435,0.0006242229004477174,2.3677209772150955e-06,0.14407071160684937,0.40832989684035687
topology_0293,neural,425,0.02363365091081902,0.023625623810409033,0.0006159135170474105,2.3415825710060967e-06,0.1426514804449151,0.4069618869487138
topology_0293,neural,430,0.02332499702650019,0.023317077186113554,0.0006077766194789979,2.3160051496192915e-06,0.1412530804725492,0.40560452435789457
topology_0293,neural,435,0.02302284029353895,0.02301502554685999,0.0005998074779610841,2.2909745239019327e-06,0.13987509391109595,0.40425759550305107
topology_0293,neural,440,0.02272700666390174,0.0227192949041255,0.0005920015401105286,2.266476971754346e-06,0.13851711447589304,0.40292089318376423
topology_0293,neural,445,0.02243732980833405,0.02242971898570653,0.000584354448420667,2.24249925633971e-06,0.13717874699056834,0.4015942162754982
topology_0293,neural,450,0.022153649657630954,0.022146137775731677,0.0005768620695407377,2.219028550698395e-06,0.13585960680318562,0.40027736952490883
topology_0293,neural,455,0.021875811469246692,0.02186839658340787,0.0005695204001383236,2.1960524604018417e-06,0.1345593194602562,0.3989701633517339
topology_0293,neural,460,0.021603665163821784,0.021596345378008832,0.0005623256173471996,2.173559017959734e-06,0.133277520411248,0.39767241364758865
topology_0293,neural,465,0.021337064826662148,0.02132983829115907,0.0005552740414224281,2.151536610663473e-06,0.13201385468359128,0.39638394157891316
topology_0293,neural,470,0.02107587167028017,0.02106873658002058,0.0005483621495252822,2.1299739692768403e-06,0.13076797673390855,0.3951045732947644
topology_0293,neural,475,0.02081995097219676,0.020812905565215124,0.0005415865312426303,2.108860137209259e-06,0.12953954966300507,0.3938341398550262
topology_0293,neural,480,0.020569175593922885,0.02056221815089023,0.0005349438926829481,2.0881845627436105e-06,0.1283282451097386,0.39257247701459136
topology_0293,neural,485,0.020323419024013106,0.020316547863505105,0.0005284311300074471,2.067936935408216e-06,0.12713374272856923,0.39131942520778
topology_0293,neural,490,0.020082558822976344,0.02007577230190011,0.0005220451760354977,2.04810725429837e-06,0.1259557303692422,0.39007482915579533
topology_0293,neural,495,0.019846478251558136,0.01983977476580604,0.0005157830126032883,2.028685755526991e-06,0.12479390347718655,0.3888385377299705
topology_0293,neural,500,0.0196150623566209,0.0196084403339592,0.000509641918353528,2.0096629867763554e-06,0.1236479649641239,0.3876104040505356
topology_0293,neural,505,0.01938819987081593,0.019381657773418104,0.0005036191225608799,1.9910297385546373e-06,0.12251762506777684,0.3863902851999316
topology_0293,neural,510,0.019165784632035023,0.01915932095636329,0.0004977119254742123,1.972777051036656e-06,0.12140260100294237,0.3851780420480686
topology_0293,neural,515,0.018947712196703135,0.01894132547032928,0.0004919177721216823,1.954896191454949e-06,0.12030261668229908,0.3839735390913248
topology_0293,neural,520,0.018733881697500933,0.018727570478783002,0.0004862341665699741,1.9373786449344886e-06,0.1192174026084499,0.38277664447171944
topology_0293,neural,525,0.018524192793409427,0.018517955669777576,0.00048065868589283056,1.9202161109256465e-06,0.11814669574822187,0.3815872297707354
topology_0293,neural,530,0.018318553380336736,0.018312388969138036,0.0004751889816743376,1.9034005140122543e-06,0.11709023927738932,0.3804051698109199
topology_0293,neural,535,0.018116871105207776,0.018110778051707712,0.0004698227793673475,1.8869239584611848e-06,0.116047782083163,0.379230342817625
topology_0293,neural,540,0.017919055369054398,0.017913032345493213,0.00046455786371350923,1.8707787452573583e-06,0.1150190788842987,0.3780626301178991
topology_0293,neural,545,0.01772501979250648,0.017719065497804477,0.00045939208569011655,1.8549573746478737e-06,0.11400389004741017,0.37690191601036654
topology_0293,neural,550,0.017534678928429834,0.017528792086513516,0.0004543233730691989,1.8394525150300224e-06,0.11300198129852868,0.3757480877598013
topology_0293,neural,555,0.017347951022746062,0.017342130383073473,0.0004493496813868382,1.8242569996379247e-06,0.11201312377634104,0.37460103568265807
topology_0293,neural,560,0.017164755962764847,0.017159000296909296,0.0004444691194458094,1.809363783951828e-06,0.11103709353532411,0.3734606524618528
topology_0293,neural,565,0.016985013545401162,0.01697932165297991,0.0004396795661881746,1.7947660947321456e-06,0.11007367174652526,0.37232683331733
topology_0293,neural,570,0.01680864985863045,0.016803020562496756,0.0004349791676855997,1.7804572511102644e-06,0.10912264456960821,0.37119947613354437
topology_0293,neural,575,0.016635592751825815,0.01663002489745052,0.0004303661168099387,1.7664307023644956e-06,0.10818380244906016,0.37007848147469635
topology_0293,neural,580,0.016465752317170904,0.016460244766143536,0.00042583862809295845,1.7526799912269374e-06,0.10725694092334732,0.3689637525117045
topology_0293,neural,585,0.016299078079445393,0.01629362972176955,0.00042139495121799197,1.739199017722014e-06,0.10634186078632361,0.3678551945428318
topology_0293,neural,590,0.016135504055802927,0.016130113803668522,0.0004170333757895512,1.7259815981846388e-06,0.10543836523600113,0.36675271521845876
topology_0293,neural,595,0.015974961106742333,0.01596962789176891,0.00041275225732064077,1.713021771147416e-06,0.10454626171367788,0.3656562241730158
topology_0293,neural,600,0.015817383311202308,0.015812106084403782,0.00040854999448715145,1.7003137332209778e-06,0.1036653620329198,0.3645656333203749
topology_0293,neural,605,0.01566270826509651,0.015657486000054323,0.0004044249087058621,1.6878517798967303e-06,0.10279548184321538,0.3634808570367854
topology_0293,neural,610,0.015510870708733977,0.015505702396259891,0.00040037549118936307,1.6756302694978943e-06,0.10193644071290658,0.3624018112590901
topology_0293,neural,615,0.015361815554753732,0.015356700205856963,0.0003964002497424945,1.6636437478279584e-06,0.10108806229120651,0.3613284146848721
topology_0293,neural,620,0.015215478587477519,0.01521041523026243,0.0003924976945880457,1.6518869232651767e-06,0.10025017335928484,0.36026058668586525
topology_0293,neural,625,0.015071802676898163,0.015066790357570437,0.0003886663885829156,1.6403545718307892e-06,0.09942260463235345,0.359198248693794
topology_0293,neural,630,0.01493073124299737,0.014925769025954992,0.0003849048982332903,1.6290415466020097e-06,0.09860519035879352,0.35814132455469455
topology_0293,neural,635,0.01479220707238964,0.014787294039330323,0.0003812118165810259,1.6179428592278181e-06,0.09779776819955327,0.3570897395391983
topology_0293,neural,640,0.014656179031665488,0.014651314282757691,0.0003775857696872684,1.60705361668097e-06,0.09700017944193852,0.35604342035730113
topology_0293,neural,645,0.014522597656296519,0.01451778030967556,0.00037402542463267787,1.596369005963616e-06,0.09621226792742728,0.35500229563094055
topology_0293,neural,650,0.014391411030026054,0.014386640220255514,0.00037052947663144094,1.5858843313829274e-06,0.09543388054986886,0.3539662957456113
topology_0293,neural,655,0.014262568860827518,0.01425784373880034,0.000367096645720358,1.5755950048230546e-06,0.09466486731118282,0.3529353525396005
topology_0293,neural,660,0.014136022718610988,0.014131342451243166,0.0003637256878465416,1.5654965309376299e-06,0.09390508119739102,0.3519093993092947
topology_0293,neural,665,0.014011725041304591,0.014007088811519767,0.00036041537075551884,1.5555845046764285e-06,0.09315437795122816,0.35088837067744916
topology_0293,neural_t1,0,3.2849138361085357,3.283675051621499,0.09020506106365495,0.0003361165603482264,0.6950499427695386,0.9025847313321846
topology_0293,neural_t1,5,1.45008432059705,1.4496496404044916,0.035502776938979456,9.87226213564588e-05,0.633956931419215,0.6344100514390559
topology_0293,neural_t1,10,0.9223500002848154,0.9220967621945159,0.02161208223295794,4.557789994703432e-05,0.5645799435530545,0.5906508397789286
topology_0293,neural_t1,15,0.6210902786263331,0.6209094778607285,0.014985107563886976,3.252925607743919e-05,0.5126627327767166,0.593691007070545
topology_0293,neural_t1,20,0.45045043018121084,0.4502947479015753,0.011841849905585485,2.556380476688705e-05,0.4764992026328504,0.5966976874827069
topology_0293,neural_t1,25,0.3466046762987736,0.34646829309298666,0.009722297001277531,2.1317336904772488e-05,0.4505359887210809,0.5944697875970026
topology_0293,neural_t1,30,0.2787023998507041,0.2785805279311326,0.008241165011665205,1.8422913755372576e-05,0.43092304972898676,0.5911792744780628
topology_0293,neural_t1,35,0.23163352364629589,0.2315234496532797,0.007140117001855781,1.6329243051690284e-05,0.41541390025032404,0.587435532539359
topology_0293,neural_t1,40,0.1979269267956201,0.19782682994158618,0.00629392474670019,1.4741248128607438e-05,0.40263422250995806,0.58343753074963
topology_0293,neural_t1,45,0.17338430703466387,0.1732929617329908,0.005627357937001085,1.3503616388506916e-05,0.39172553318217285,0.5792481275094534
topology_0293,neural_t1,50,0.15504186770643988,0.1549583202832784,0.0050891610997295,1.2497484224384216e-05,0.382121727047521,0.5750231995127768
topology_0293,neural_t1,55,0.14103500850019754,0.14095846265726655,0.004645997403377844,1.1665272740832417e-05,0.373463270770784,0.5708096182474691
topology_0293,neural_t1,60,0.1298747384772381,0.1298043689328881,0.0042747374802186424,1.0951752022600915e-05,0.3655125264102151,0.5667145175681892
topology_0293,neural_t1,65,0.12084592119063575,0.12078104700399428,0.003959197664982604,1.0338368508128687e-05,0.3581210132781192,0.562713678007784
topology_0293,neural_t1,70,0.11340252880983301,0.1133425582895569,0.0036875364077535635,9.802290403440262e-06,0.3511792409925729,0.5588069981888079
topology_0293,neural_t1,75,0.10712601761710433,0.10707041296489768,0.0034511202551005165,9.327982162785142e-06,0.34460905283889787,0.5550006300886192
topology_0293,neural_t1,80,0.10172799056280493,0.10167627352385471,0.0032433604429317115,8.904248439722565e-06,0.33835433602648457,0.5512949354786203
topology_0293,neural_t1,85,0.0970078723418282,0.09695962211531711,0.0030592324050461904,8.522632283112588e-06,0.3323735439572083,0.5476869156963613
topology_0293,neural_t1,90,0.09282223561712652,0.09277708330819417,0.0028948524883445994,8.176580911633195e-06,0.32663501227716196,0.5441727865429484
topology_0293,neural_t1,95,0.08906628958722657,0.08902391271182389,0.0027471520742487375,7.860929784274022e-06,0.3211139645999652,0.5407484230238568
topology_0293,neural_t1,100,0.08566258028910227,0.08562269739917805,0.002613674529756264,7.571537992127737e-06,0.31579053303768073,0.5374096055912352
topology_0293,neural_t1,105,0.0825527094877177,0.08251507435306847,0.0024924475736913107,7.305032569972783e-06,0.3106484134225073,0.5341522060445429
topology_0293,neural_t1,110,0.0796917684477875,0.07965616523657902,0.002381858164185624,7.058632989401925e-06,0.3056739571870882,0.5309722619688889
topology_0293,neural_t1,115,0.07704463748365169,0.07701087649233249,0.0022805745374511396,6.830017880892449e-06,0.3008555321525719,0.5278660193263818
topology_0293,neural_t1,120,0.07458333088979792,0.07455124484629451,0.002187485930746074,6.6172289758918636e-06,0.2961830718961679,0.5248299477071512
topology_0293,neural_t1,125,0.0722852972909132,0.07225473833813865,0.002101654330389622,6.4185959712222925e-06,0.2916477470267735,0.521860736716976
topology_0293,neural_t1,130,0.0701319463261432,0.07010278326452989,0.0020222846518321656,6.2326833646873925e-06,0.2872417242725803,0.5189552906334366
topology_0293,neural_t1,135,0.06810780564094288,0.06807992170553023,0.0019486952278246132,6.058248736588153e-06,0.2829579907768385,0.5161107193252817
topology_0293,neural_t1,140,0.06619981685175076,0.0661731078991973,0.0018802945048254616,5.894205852788385e-06,0.2787902170231373,0.5133243197795925
topology_0293,neural_t1,145,0.06439687178480366,0.0643712446260042,0.0018165704017476074,5.739604653335721e-06,0.2747326482291254,0.5105935622700091
topology_0293,neural_t1,150,0.06268938027791328,0.06266475114530802,0.0017570806006024845,5.593605693144224e-06,0.27078003030161363,0.5079160881336319
topology_0293,neural_t1,155,0.06106901621890815,0.06104530995645441,0.0017014242573662273,5.455467037653665e-06,0.2669275348458519,0.5052896691347416
topology_0293,neural_t1,160,0.05952849978784796,0.05950564863179947,0.0016492542405724848,5.324527202322393e-06,0.26317070551880783,0.5027122230207733
topology_0293,neural_t1,165,0.058061389856742265,0.05803933261275935,0.0016002608912471811,5.2001968697421e-06,0.259505416928849,0.5001817898855891
topology_0293,neural_t1,170,0.05666205246684392,0.05664073378182037,0.00155416877658764,5.081949160505823e-06,0.25592783601897706,0.4976965258705603
topology_0293,neural_t1,175,0.05532543573091675,0.055304805457522886,0.001510730759369547,4.969309908023143e-06,0.2524343866859839,0.4952546939579797
topology_0293,neural_t1,180,0.054046966885763714,0.05402697949633402,0.0014697252858722667,4.861852490385995e-06,0.2490217286814342,0.4928546536186687
topology_0293,neural_t1,185,0.052822568294739906,0.052803182404774135,0.0014309530148462768,4.759192546908744e-06,0.24568673677266828,0.4904948547401184
topology_0293,neural_t1,190,0.05164857203731459,0.051629749974505514,0.0013942343199628965,4.660982660943505e-06,0.24242647653714477,0.4881738308327028
topology_0293,neural_t1,195,0.050521649250588704,0.050503356670907947,0.00135940689784897,4.566908086049509e-06,0.2392381880668038,0.4858901927471473
topology_0293,neural_t1,200,0.04943877514174062,0.04942098068825576,0.0013263239747321259,4.476683313498474e-06,0.2361192714795818,0.4836426235828687
topology_0293,neural_t1,205,0.048397195046436234,0.04837987005883016,0.001294852184989517,4.390048894640255e-06,0.23306727372770844,0.48142987351471617
topology_0293,neural_t1,210,0.04739439311339886,0.047377511356761326,0.001264870617527081,4.3067686791306485e-06,0.23007987677479816,0.47925075521318955
topology_0293,neural_t1,215,0.0464280635044234,0.04641160093384298,0.0012362692522661185,4.2266274661683976e-06,0.22715488731291963,0.47710413959573417
topology_0293,neural_t1,220,0.0454961080907266,0.0454800426405096,0.0012089481389816964,4.149428847450329e-06,0.2242902267031232,0.4749889516831976
topology_0293,neural_t1,225,0.04459658418906287,0.04458089557455903,0.0011828163411386804,4.074993151255163e-06,0.22148392194427827,0.47290416695656473
topology_0293,neural_t1,230,0.04372770704205515,0.043712376594325725,0.0011577908301537427,4.003155802735548e-06,0.21873409941991603,0.47084880981783966
topology_0293,neural_t1,235,0.042887826452067054,0.04287283697019825,0.0011337955877972297,3.933766031283949e-06,0.21603897715228312,0.46882194947083655
topology_0293,neural_t1,240,0.04207541905216084,0.04206075466372418,0.0011107612622378643,3.866685421370983e-06,0.21339685890615373,0.4668226969657102
topology_0293,neural_t1,245,0.041289079026736605,0.04127472506569822,0.001088624440999074,3.8017867562429896e-06,0.2108061279948103,0.4648502026843225
topology_0293,neural_t1,250,0.04052750167441632,0.040513444569633364,0.001067327078872204,3.738952896321038e-06,0.2082652423256869,0.4629036543965392
topology_0293,neural_t1,255,0.03978947604826844,0.03977570322431359,0.0010468159718000183,3.678075903297602e-06,0.2057727289008254,0.4609822753724933
topology_0293,neural_t1,260,0.03907386606055558,0.03906036584591559,0.001027042260037244,3.6190560211374716e-06,0.20332718035286756,0.4590853219600379
topology_0293,neural_t1,265,0.0383796273254345,0.03836638886958021,0.001007961339022085,3.5618011813438605e-06,0.2009272511772543,0.4572120814649307
topology_0293,neural_t1,270,0.037705780325223225,0.037692793530539115,0.000989531962352853,3.506226106932096e-06,0.19857165248395117,0.45536187118028404
topology_0293,neural_t1,275,0.03705141997192478,0.03703867542464214,0.0009717164225816455,3.45225182149215e-06,0.19625914934322328,0.4535340364004051
topology_0293,neural_t1,280,0.036415679876297374,0.03640316878644625,0.0009544797534800671,3.399804686356285e-06,0.19398855760629602,0.4517279490145995
topology_0293,neural_t1,285,0.03579775639382262,0.03578547053929357,0.0009377899009098457,3.348816601760778e-06,0.19175874189791134,0.44994300552788885
topology_0293,neural_t1,290,0.03519690277811961,0.03518483445891969,0.0009216172665168258,3.2992241228314646e-06,0.18956861200035252,0.4481786268422978
topology_0293,neural_t1,295,0.03461241126149383,0.03460055325316372,0.0009059345125189256,3.250968051007842e-06,0.1874171205164621,0.4464342566042096
topology_0293,neural_t1,300,0.03404362098947239,0.03403196650312277,0.000890716419295827,3.2039930539900086e-06,0.18530326056839705,0.44470935973879444
topology_0293,neural_t1,305,0.03348990408021894,0.03347844672560209,0.0008759395919585276,3.1582474396356774e-06,0.18322606368787478,0.44300342158674305
topology_0293,neural_t1,310,0.03295067585891932,0.032939409613108823,0.000861582383978144,3.1136829327887984e-06,0.18118459797376268,0.44131594703871313
topology_0293,neural_t1,315,0.03242538272519342,0.03241430190063742,0.0008476247655330487,3.0702542012141133e-06,0.17917796563560595,0.4396464595312994
topology_0293,neural_t1,320,0.03191350092413949,0.0319026001427299,0.0008340480800586687,3.0279186694915884e-06,0.17720530163101583,0.43799449992764883
topology_0293,neural_t1,325,0.031414535458978286,0.03140380962649715,0.0008208350176083561,2.9866363342274743e-06,0.17526577200808433,0.4363596260297218
topology_0293,neural_t1,330,0.030928015917281327,0.030917460200508912,0.0008079694601042611,2.9463695218047738e-06,0.17335857240143715,0.43474141146672457
topology_0293,neural_t1,335,0.03045350107400726,0.030443110881160963,0.0007954364152906014,2.9070827884017582e-06,0.17148292683140523,0.43313944521055775
topology_0293,neural_t1,340,0.029990571666894297,0.02998034262888768,0.0007832218918922873,2.868742569043938e-06,0.16963808577491346,0.4315533309946057
topology_0293,neural_t1,345,0.02953882874706053,0.029528756700034853,0.0007713128301531748,2.831317216433266e-06,0.16782332518848414,0.4299826864310318
topology_0293,neural_t1,350,0.029097893067059538,0.029087974037722737,0.0007596969869771568,2.7947767775760106e-06,0.16603794535861233,0.4284271423021518
topology_0293,neural_t1,355,0.02866740214414526,0.028657632334957675,0.0007483629039043841,2.759092763340888e-06,0.16428126997087444,0.42688634191324437
topology_0293,neural_t1,360,0.02824701161822745,0.02823738739224192,0.000737299938464854,2.7242382423961295e-06,0.16255264507364897,0.42535994056990384
topology_0293,neural_t1,365,0.02783640089433085,0.02782691877003474,0.0007264979550433149,2.6901876396702523e-06,0.1608514377051081,0.4238476058376586
topology_0293,neural_t1,370,0.027435260698768973,0.027425917336126815,0.0007159474995764598,2.6569165447077433e-06,0.15917703459488994,0.422349016204783
topology_0293,neural_t1,375,0.02704329403248003,0.027034086223581572,0.00070563963582206,2.624401686744656e-06,0.15752884175095733,0.42086386070800774
topology_0293,neural_t1,380,0.026660214634398917,0.026651139289661948,0.0006955660957611007,2.592620941231711e-06,0.15590628381576166,0.4193918385732085
topology_0293,neural_t1,385,0.0262857518195415,0.02627680596397592,0.0006857189573973244,2.5615532144782895e-06,0.15430880332975044,0.4179326589867443
topology_0293,neural_t1,390,0.025919647869253853,0.02591082863760834,0.0006760906534987009,2.531178255393288e-06,0.15273585981742108,0.41648604042849907
topology_0293,neural_t1,395,0.02556165519306428,0.025552959818345537,0.0006666741885979103,2.5014767161100896e-06,0.15118692898262204,0.4150517101701154
topology_0293,neural_t1,400,0.02521153529660753,0.0252029611051465,0.000657462874731097,2.4724300763067065e-06,0.1496615021214962,0.4136294044191657
topology_0293,neural_t1,405,0.024869054804992324,0.02486059921088846,0.0006484503034520367,2.444020568958711e-06,0.1481590860513406,0.41221886802185126
topology_0293,neural_t1,410,0.02453400603518636,0.024525666535903712,0.0006396305699700621,2.4162311904400198e-06,0.14667920172330798,0.410819852862943
topology_0293,neural_t1,415,0.024206179425930365,0.024197953596927817,0.0006309979506498434,2.389045502194605e-06,0.14522138331989468,0.4094321185274425
topology_0293,neural_t1,420,0.02388537255422969,0.02387725804445807,0.0006225469874251179,2.362447716933669e-06,0.1437851784304878,0.40805543260675026
topology_0293,neural_t1,425,0.023571391823895737,0.023563386351648063,0.000614272496302172,2.3364226710348583e-06,0.14237014749217267,0.40668956957424757
topology_0293,neural_t1,430,0.023264051562112895,0.023256152911840116,0.0006061695185685408,2.310955727059949e-06,0.1409758632522068,0.40533431060771385
topology_0293,neural_t1,435,0.022963173172347976,0.022955379189737113,0.0005982333764344309,2.2860327981257933e-06,0.13960191025638627,0.40398944343848003
topology_0293,neural_t1,440,0.02266858390417724,0.022660892494092682,0.0005904595472011335,2.2616402587246746e-06,0.13824788448060965,0.40265476210093226
topology_0293,neural_t1,445,0.02238011908719021,0.022372528210723202,0.0005828437265835507,2.237764956780413e-06,0.13691339289646573,0.4013300666593252
topology_0293,neural_t1,450,0.022097619591034044,0.022090127262430703,0.0005753818003081323,2.2143941505884436e-06,0.13559805291440785,0.4000151630137564
topology_0293,neural_t1,455,0.02182093153538126,0.021813535819697326,0.0005680698124683393,2.1915155362277986e-06,0.13430149208188957,0.3987098626899882
topology_0293,neural_t1,460,0.021549906153088237,0.021542605163888534,0.0005609039620500055,2.1691172216183957e-06,0.1330233477923952,0.3974139826568233
topology_0293,neural_t1,465,0.02128439783137424,0.021277189727856874,0.0005538805995659981,2.1471876569205436e-06,0.1317632669732437,0.3961273450950422
topology_0293,neural_t1,470,0.021024270309653283,0.02101715329577276,0.0005469962309645816,2.1257156432713664e-06,0.13052090587521367,0.3948497771435366
topology_0293,neural_t1,475,0.020769388335320514,0.020762360657377948,0.0005402474679175043,2.104690295950208e-06,0.1292959293205497,0.3935811108063249
topology_0293,neural_t1,480,0.020519626823604274,0.02051268677051938,0.0005336310439447661,2.084101125694974e-06,0.1280880105667725,0.3923211828028116
topology_0293,neural_t1,485,0.020274858999704253,0.02026800489676124,0.0005271439110066534,2.0639378800079545e-06,0.1268968309059927,0.3910698344312916
topology_0293,neural_t1,490,0.02003496406700944,0.02002819428048082,0.0005207829211481817,2.044190607359347e-06,0.12572207976848568,0.38982691126220725
topology_0293,neural_t1,495,0.019799825503408364,0.01979313843488328,0.0005145452001045492,2.0248496014412804e-06,0.1245634540802032,0.3885922630017515
topology_0293,neural_t1,500,0.019569329072555524,0.019562723156835243,0.0005084279844110372,2.005905466355083e-06,0.12342065824144646,0.3873657436015725
topology_0293,neural_t1,505,0.01934336446690221,0.019336838173153965,0.0005024285174177723,1.9873490391594003e-06,0.12229340392129708,0.3861472109013148
topology_0293,neural_t1,510,0.019121825977263352,0.019115377808242257,0.0004965441322451304,1.969171408570462e-06,0.12118140967624302,0.38493652651285026
topology_0293,neural_t1,515,0.018904609922708402,0.018898238412221373,0.0004907722860802927,1.9513638860461935e-06,0.12008440075846173,0.3837335556569296
topology_0293,neural_t1,520,0.018691615716422902,0.018685319428796938,0.00048511049691018967,1.933917998105179e-06,0.11900210895804016,0.3825381671922468
topology_0293,neural_t1,525,0.0184827439279841,0.01847652145654167,0.00047955635661351743,1.916825492428971e-06,0.11793427254336428,0.3813502333433626
topology_0293,neural_t1,530,0.018277903271940787,0.018271753239782553,0.0004741075327622568,1.9000783285522392e-06,0.11688063582870971,0.3801696296156689
topology_0293,neural_t1,535,0.01807700154301723,0.018070922600885955,0.0004687617634031374,1.8836686517680943e-06,0.11584094887044043,0.3789962348794395
topology_0293,neural_t1,540,0.017879948572715226,0.017873939398152225,0.0004635168456864275,1.8675888023407954e-06,0.1148149675421404,0.3778299310585638
topology_0293,neural_t1,545,0.017686658812330107,0.017680718109565837,0.0004583706410382214,1.8518313120080666e-06,0.11380245329290138,0.3766706030482786
topology_0293,neural_t1,550,0.01749704667504319,0.017491173172774207,0.0004533210962880026,1.8363888943291499e-06,0.11280317293114818,0.37551813870935996
topology_0293,neural_t1,555,0.017311032115377288,0.01730522456787935,0.00044836618730828386,1.8212543883995092e-06,0.11181689861960471,0.37437242892632416
topology_0293,neural_t1,560,0.017128533985856533,0.01712279117003551,0.0004435039896551102,1.8064208223842822e-06,0.11084340741798503,0.37323336680754887
topology_0293,neural_t1,565,0.016949472707481088,0.016943793427727033,0.00043873241197959296,1.7918814301944963e-06,0.10988248151067403,0.37210084814513045
topology_0293,neural_t1,570,0.016773776271278136,0.016768159355163393,0.0004340496270852045,1.7776295636624657e-06,0.10893390796759111,0.3709747713383678
topology_0293,neural_t1,575,0.016601371654129247,0.016595815951467117,0.0004294538311200393,1.7636586996382732e-06,0.10799747810983108,0.36985503749297666
topology_0293,neural_t1,580,0.01643216610125374,0.01642667047694353,0.00042494324178169384,1.7499624210203205e-06,0.10707298873985827,0.36874155021672367
topology_0293,neural_t1,585,0.016266117463297234,0.016260680813054915,0.00042051612356537685,1.7365346417822586e-06,0.10616024113442846,0.3676342153118391
topology_0293,neural_t1,590,0.01610315525028222,0.016097776490528126,0.0004161707650594199,1.7233692155647327e-06,0.10525903925203704,0.3665329407998683
topology_0293,neural_t1,595,0.015943210296796812,0.015937888362592197,0.0004119055519923167,1.7104602008504078e-06,0.10436919142092012,0.3654376367593077
topology_0293,neural_t1,600,0.015786218107731346,0.015780951954835146,0.00040771885107119594,1.697801839055546e-06,0.10349051026831232,0.36434821560715686
topology_0293,neural_t1,605,0.015632115954360586,0.01562690455991768,0.0004036090252518753,1.6853884202455033e-06,0.10262281219228758,0.3632645920992758
topology_0293,neural_t1,610,0.015480839181741327,0.015475681540803726,0.00039957454738513,1.6732143434283344e-06,0.10176591761471454,0.3621866825579931
topology_0293,neural_t1,615,0.015332332549072595,0.015327227675598484,0.0003956139733211436,1.6612741732339311e-06,0.10091965081532497,0.36111440617045926
topology_0293,neural_t1,620,0.01518653234887106,0.015181479274994534,0.0003917257780153378,1.649562661938125e-06,0.10008383935151045,0.3600476823480566
topology_0293,neural_t1,625,0.015043381819378794,0.01503837959476714,0.00038790855110376593,1.6380745835139894e-06,0.09925831466478792,0.358986433160953
topology_0293,neural_t1,630,0.014902824707149357,0.014897872399925773,0.00038416085310345906,1.6268048228846977e-06,0.0984429116907108,0.3579305827837427
topology_0293,neural_t1,635,0.014764803175786502,0.014759899870878324,0.00038048128826300435,1.6157484106864079e-06,0.09763746881169437,0.3568800567523032
topology_0293,neural_t1,640,0.01462926870924138,0.014624413510811372,0.0003768684867181219,1.6049004762296962e-06,0.09684182790478818,0.35583478210458264
topology_0293,neural_t1,645,0.01449617038231918,0.014491362411779249,0.0003733211245650917,1.5942562243310232e-06,0.09605583336482586,0.3547946878685528
topology_0293,neural_t1,650,0.014365456623852866,0.014360695019038961,0.0003698379016414506,1.5838109833820588e-06,0.09527933271767783,0.35375970472568113
topology_0293,neural_t1,655,0.014237077433937687,0.014232361348993135,0.0003664175426099756,1.5735601842211157e-06,0.0945121765719276,0.3527297648044425
topology_0293,neural_t1,660,0.014110984883758466,0.014106313488635669,0.0003630588181892979,1.5634993464251516e-06,0.09375421848266827,0.3517048016820055
topology_0293,neural_t1,664,0.014011725041304591,0.014007088811519767,0.00036041537075551884,1.5555845046764285e-06,0.09315437795122816,0.35088837067744916
topology_0293,neural_t5,0,1.5914697050771367,1.5908944376895027,0.0427866105896667,0.0001275192454866056,0.6482565284420048,0.6631458575649098
topology_0293,neural_t5,5,0.9960483338499642,0.9957611449562245,0.02391700156419844,5.0960147928055696e-05,0.5772990773191237,0.5924592916431412
topology_0293,neural_t5,10,0.666983620276056,0.666794945253073,0.015863464618987223,3.4522274414487714e-05,0.5215955854377061,0.5923560346772875
topology_0293,neural_t5,15,0.47780353873845705,0.47764318809434775,0.012377632524609416,2.666731382732924e-05,0.48275582228125674,0.5967633811679709
topology_0293,neural_t5,20,0.3637871955697466,0.36364744989122333,0.010082428415593316,2.20307882339544e-05,0.4551260995814657,0.5950342535964778
topology_0293,neural_t5,25,0.2902946227973853,0.29017011891752376,0.008501161936801258,1.8925924923358907e-05,0.43446123516053314,0.5918870517822936
topology_0293,neural_t5,30,0.23979184219319563,0.239679562608008,0.00733720461510735,1.669959435786052e-05,0.41826245977017507,0.5882094376323841
topology_0293,neural_t5,35,0.20384762405746884,0.20374565911833387,0.0064467044749778,1.5024086121251248e-05,0.40501792910499124,0.5842481130846878
topology_0293,neural_t5,40,0.1777130142171268,0.17761999686967855,0.005749082155852356,1.3730161619384887e-05,0.3937884245452311,0.5800939519490111
topology_0293,neural_t5,45,0.158323440997371,0.15823840635438166,0.0051883102067774006,1.2683526910011986e-05,0.3839574355157921,0.5758657770802248
topology_0293,neural_t5,50,0.143569683969526,0.1434918047649967,0.004728211143182222,1.182282235623653e-05,0.3751326531011402,0.5716452834190293
topology_0293,neural_t5,55,0.13191788999008067,0.13184634394617978,0.0043440953686098875,1.108553644981651e-05,0.36705380788846476,0.5675254485761931
topology_0293,neural_t5,60,0.1225088132403597,0.12244288911126382,0.00401847214206196,1.0454260239826101e-05,0.3595603359647378,0.5635064878008248
topology_0293,neural_t5,65,0.11478656945578662,0.11472566306576779,0.0037388050839791236,9.90414373915546e-06,0.3525357447414299,0.5595804739508243
topology_0293,neural_t5,70,0.10830334544203268,0.10824690777220039,0.0034959266275378445,9.418485936720777e-06,0.34589630405615335,0.555753767886598
topology_0293,neural_t5,75,0.1027479169132284,0.10269545780149986,0.003282879256213225,8.985386619266979e-06,0.33958220183945864,0.5520281526679962
topology_0293,neural_t5,80,0.09790519415359303,0.0978562816469265,0.003094367560624868,8.595923498143097e-06,0.333549422728463,0.548400879627913
topology_0293,neural_t5,85,0.09362208210369553,0.09357633743174726,0.002926305237046118,8.243210516663055e-06,0.3277646080865167,0.5448682963822702
topology_0293,neural_t5,90,0.08978714409639121,0.08974423587324755,0.002775483697932937,7.921839132065045e-06,0.3222017873783708,0.5414263175683227
topology_0293,neural_t5,95,0.08631816713548685,0.08627780619969373,0.002639332646593528,7.627487018985013e-06,0.31684023569866987,0.538070725595936
topology_0293,neural_t5,100,0.08315349435985919,0.08311542784923451,0.0025157948194617506,7.356643550557677e-06,0.31166301995785434,0.5347973655719717
topology_0293,neural_t5,105,0.0802458447809228,0.08020985114124186,0.002403192460571096,7.106421626849882e-06,0.30665601868913195,0.5316022376581485
topology_0293,neural_t5,110,0.07755838637544131,0.07752427098873917,0.002300142945377238,6.874416713846644e-06,0.30180723751875194,0.5284815445504084
topology_0293,neural_t5,115,0.07506187103213566,0.07502946240406899,0.0022054953784472154,6.658604507206075e-06,0.2971063261428203,0.525431710161457
topology_0293,neural_t5,120,0.07273278447656122,0.07270193110037733,0.0021182800319263016,6.4572620262760685e-06,0.2925442299805181,0.5224493818228559
topology_0293,neural_t5,125,0.07055182328953577,0.07052239082548235,0.002037675743724549,6.268910342252692e-06,0.2881129318742945,0.5195314201433354
topology_0293,neural_t5,130,0.06850295389378498,0.06847482284329393,0.0019629802947992597,6.092271689384255e-06,0.28380526705681125,0.5166748959436354
topology_0293,neural_t5,135,0.06657268131500192,0.06654574514104353,0.0018935854804782485,5.9262304587118925e-06,0.27961477878712904,0.5138770698351304
topology_0293,neural_t5,140,0.06474953397587789,0.06472369745572822,0.0018289626737588937,5.769811389770683e-06,0.27553560437257224,0.5111353776282812
topology_0293,neural_t5,145,0.0630236592260921,0.0629988367558008,0.0017686599599489692,5.622154131849723e-06,0.2715623952021509,0.5084474293768395
topology_0293,neural_t5,150,0.06138648179982261,0.061362596608248623,0.001712266099504496,5.482498812305502e-06,0.2676902430840878,0.5058109703599382
topology_0293,neural_t5,155,0.059830533918299796,0.059807516834998936,0.0016594247062882066,5.350168487441966e-06,0.2639146205694065,0.5032238901799062
topology_0293,neural_t5,160,0.05834921896747643,0.05832700754572641,0.001609819113830482,5.224560279718792e-06,0.26023133922039343,0.5006842055866314
topology_0293,neural_t5,165,0.05693674769733085,0.05691528547043574,0.001563167331384099,5.105135552900728e-06,0.2566365107326471,0.49819004996869715
topology_0293,neural_t5,170,0.055587968201728136,0.0555672040286909,0.0015192170075413363,4.991410207052037e-06,0.2531265096001657,0.4957396658462958
topology_0293,neural_t5,175,0.054298212255617116,0.0542780997266383,0.0014777416479107158,4.882948444715541e-06,0.24969794987276922,0.4933313940230301
topology_0293,neural_t5,180,0.05306330375152089,0.05304380068847102,0.0014385376969934158,4.779357917703954e-06,0.2463476653318857,0.490963666733403
topology_0293,neural_t5,185,0.05187950362887951,0.051860571649322215,0.0014014218063738344,4.680284184456823e-06,0.24307268492247117,0.488635001370379
topology_0293,neural_t5,190,0.050743417233072935,0.050725021356679244,0.0013662283221360406,4.585406276550009e-06,0.2398702150067676,0.4863439937067376
topology_0293,neural_t5,195,0.049651961908723126,0.04963407020498095,0.0013328075901587167,4.494433088897034e-06,0.23673762480787422,0.4840893128209838
topology_0293,neural_t5,200,0.0486023315318593,0.04858491482387849,0.0013010236226546597,4.40710019981213e-06,0.23367243289258144,0.48186969585699957
topology_0293,neural_t5,205,0.047591964757431535,0.04757499634514857,0.0012707531396520496,4.323167000910099e-06,0.23067229510538592,0.4796839433344992
topology_0293,neural_t5,210,0.046618514832344374,0.046601970250476916,0.0012418840320651573,4.242414269717063e-06,0.2277349939376545,0.47753091484903104
topology_0293,neural_t5,215,0.04567984441856398,0.04566370122098798,0.0012143144404597203,4.164642012238963e-06,0.22485842871194345,0.475409524954271
topology_0293,neural_t5,220,0.0447739821478807,0.04475821970960559,0.0011879516320264464,4.089667353203499e-06,0.2220406057172685,0.47331873913681066
topology_0293,neural_t5,225,0.04389911170491707,0.04388371104468549,0.0011627111801523055,4.017322827059459e-06,0.21927963215375226,0.47125757234281535
topology_0293,neural_t5,230,0.04305355754141009,0.04303850117678422,0.0011385156323269281,3.947454991047936e-06,0.2165737081867614,0.46922508504207966
topology_0293,neural_t5,235,0.042235771391847345,0.042221043194819854,0.0011152943789618974,3.87992306212924e-06,0.21392112093196441,0.46722038017729706
topology_0293,neural_t5,240,0.041444325994768313,0.04142991106760911,0.0010929828633029891,3.81459770500135e-06,0.21132023823495785,0.4652426003921336
topology_0293,neural_t5,245,0.04067789537454394,0.04066377993497654,0.001071522015379097,3.7513597849288292e-06,0.20876950350876797,0.4632909261482319
topology_0293,neural_t5,250,0.03993525254136342,0.03992142382271588,0.00105085769385365,3.690099653764819e-06,0.2062674302802566,0.46136457379416973
topology_0293,neural_t5,255,0.03921524637709089,0.03920169253373053,0.0010309402139298542,3.6307159564192263e-06,0.20381259828636042,0.45946279321157363
topology_0293,neural_t5,260,0.038516813106835864,0.03850352313001122,0.001011724130611867,3.5731151334065643e-06,0.20140365013355724,0.4575848657595179
topology_0293,neural_t5,265,0.03783896297837035,0.03782592662601318,0.0009931675544327895,3.517210620345759e-06,0.19903928579872898,0.45573010260320607
topology_0293,neural_t5,270,0.037180775518254626,0.03716798324358286,0.0009752321527491084,3.462922233347038e-06,0.19671825989094346,0.45389784382664633
topology_0293,neural_t5,275,0.03654137824326709,0.03652882113738065,0.0009578823526255802,3.410175290509724e-06,0.1944393782192049,0.45208745602101963
topology_0293,neural_t5,280,0.03591995207981565,0.035907621810201976,0.0009410855803521183,3.3589005993163743e-06,0.19220149591464233,0.4502983308523403
topology_0293,neural_t5,285,0.03531574276885863,0.035303631535164505,0.0009248117623732942,3.3090338736450706e-06,0.1900035139931342,0.4485298844116959
topology_0293,neural_t5,290,0.034728032821503226,0.034716133307505115,0.0009090331104979261,3.260515060198024e-06,0.1878443766333271,0.4467815559592352
topology_0293,neural_t5,295,0.03415615350086666,0.03414445883360648,0.0008937240120404592,3.213288097706829e-06,0.18572306906314814,0.4450528062328519
topology_0293,neural_t5,300,0.0335994702455066,0.03358797395762515,0.0008788607220628708,3.167300573220882e-06,0.1836386152490608,0.4433431165618736
topology_0293,neural_t5,305,0.03305738939854741,0.03304608539638222,0.0008644212353820465,3.1225035595461995e-06,0.18159007619946607,0.4416519879884663
topology_0293,neural_t5,310,0.03252935211445226,0.03251823464538046,0.0008503852389789505,3.0788511695465595e-06,0.17957654741303086,0.43997894035789387
topology_0293,neural_t5,315,0.03201482852591293,0.03200389215215837,0.0008367337913012294,3.0363002744075766e-06,0.1775971574296724,0.4383235110759616
topology_0293,neural_t5,320,0.03151331811227416,0.0315025576846797,0.0008234493305148841,2.9948103858239204e-06,0.1756510662101255,0.43668525464280994
topology_0293,neural_t5,325,0.03102434580042053,0.03101375643525826,0.000810515509045256,2.9543433760211856e-06,0.17373746355621097,0.43506374157838434
topology_0293,neural_t5,330,0.030547464048678568,0.030537041107403528,0.000797917109496838,2.9148633681363485e-06,0.17185556797359333,0.4334585578240224
topology_0293,neural_t5,335,0.030082250155073192,0.030071989225663683,0.0007856399497590186,2.8763364351622606e-06,0.17000462473650563,0.431869304221798
topology_0293,neural_t5,340,0.029628300889195647,0.029618197767690285,0.0007736708061616079,2.838730558227039e-06,0.16818390479588868,0.4302955956803909
topology_0293,neural_t5,345,0.029185233328739554,0.0291752840048847,0.0007619972677105664,2.8020154627625164e-06,0.16639270365916048,0.4287370603833561
topology_0293,neural_t5,350,0.028752681338559006,0.02874288198136637,0.0007506076940116358,2.7661623648948744e-06,0.16463034039333152,0.4271933392220892
topology_0293,neural_t5,355,0.02833029735282909,0.028320644293503415,0.0007394913396517166,2.731144033369635e-06,0.1628961566824752,0.42566408503384484
topology_0293,neural_t5,360,0.02791775572153806,0.027908245448486108,0.0007286379355135327,2.6969346334270475e-06,0.16118951549761806,0.42414896304123795
topology_0293,neural_t5,365,0.0275147455449924,0.027505374690801266,0.0007180379029168952,2.6635095372385014e-06,0.1595097996596421,0.4226476495992022
topology_0293,neural_t5,370,0.02712096742008409,0.027111732751036382,0.0007076822142016842,2.6308452394788296e-06,0.1578564113795382,0.42115983165820403
topology_0293,neural_t5,375,0.026736132646854042,0.026727031050982807,0.0006975624384909477,2.5989193854425837e-06,0.15622877161976167,0.41968520643117435
topology_0293,neural_t5,380,0.02635996751961273,0.026350995998677875,0.000687670647593893,2.567710702437912e-06,0.1546263194084498,0.4182234811388906
topology_0293,neural_t5,385,0.025992212025265953,0.025983367693284763,0.0006779991479112905,2.537198767660183e-06,0.15304851095634,0.4167743724792752
topology_0293,neural_t5,390,0.025632616355636635,0.025623896426311906,0.0006685408603938951,2.507364050181422e-06,0.151494818773805,0.41533760594205504
topology_0293,neural_t5,395,0.025280941253440967,0.025272343035176944,0.0006592890343862441,2.4781878771030935e-06,0.14996473108285222,0.4139129159918256
topology_0293,neural_t5,400,0.024936949668955842,0.0249284705582002,0.0006502372030161473,2.4496523265577463e-06,0.14845775157953747,0.41250004573936494
topology_0293,neural_t5,405,0.024600431379941303,0.02459206885803025,0.0006413793700091149,2.4217402550162216e-06,0.14697339860547137,0.41109874586739803
topology_0293,neural_t5,410,0.024271176826463563,0.02426292845379829,0.0006327097707541074,2.3944351129085176e-06,0.14551120363081874,0.4097087741845872
topology_0293,neural_t5,415,0.023948981759988917,0.023940845171061435,0.0006242229004477174,2.3677209772150955e-06,0.14407071160684937,0.40832989684035687
topology_0293,neural_t5,420,0.02363365091081902,0.023625623810409033,0.0006159135170474105,2.3415825710060967e-06,0.1426514804449151,0.4069618869487138
topology_0293,neural_t5,425,0.02332499702650019,0.023317077186113554,0.0006077766194789979,2.3160051496192915e-06,0.1412530804725492,0.40560452435789457
topology_0293,neural_t5,430,0.02302284029353895,0.02301502554685999,0.0005998074779610841,2.2909745239019327e-06,0.13987509391109595,0.40425759550305107
topology_0293,neural_t5,435,0.02272700666390174,0.0227192949041255,0.0005920015401105286,2.266476971754346e-06,0.13851711447589304,0.40292089318376423
topology_0293,neural_t5,440,0.02243732980833405,0.02242971898570653,0.000584354448420667,2.24249925633971e-06,0.13717874699056834,0.4015942162754982
topology_0293,neural_t5,445,0.022153649657630954,0.022146137775731677,0.0005768620695407377,2.219028550698395e-06,0.13585960680318562,0.40027736952490883
topology_0293,neural_t5,450,0.021875811469246692,0.02186839658340787,0.0005695204001383236,2.1960524604018417e-06,0.1345593194602562,0.3989701633517339
topology_0293,neural_t5,455,0.021603665163821784,0.021596345378008832,0.0005623256173471996,2.173559017959734e-06,0.133277520411248,0.39767241364758865
topology_0293,neural_t5,460,0.021337064826662148,0.02132983829115907,0.0005552740414224281,2.151536610663473e-06,0.13201385468359128,0.39638394157891316
topology_0293,neural_t5,465,0.02107587167028017,0.02106873658002058,0.0005483621495252822,2.1299739692768403e-06,0.13076797673390855,0.3951045732947644
topology_0293,neural_t5,470,0.02081995097219676,0.020812905565215124,0.0005415865312426303,2.108860137209259e-06,0.12953954966300507,0.3938341398550262
topology_0293,neural_t5,475,0.020569175593922885,0.02056221815089023,0.0005349438926829481,2.0881845627436105e-06,0.1283282451097386,0.39257247701459136
topology_0293,neural_t5,480,0.020323419024013106,0.020316547863505105,0.0005284311300074471,2.067936935408216e-06,0.12713374272856923,0.39131942520778
topology_0293,neural_t5,485,0.020082558822976344,0.02007577230190011,0.0005220451760354977,2.04810725429837e-06,0.1259557303692422,0.39007482915579533
topology_0293,neural_t5,490,0.019846478251558136,0.01983977476580604,0.0005157830126032883,2.028685755526991e-06,0.12479390347718655,0.3888385377299705
topology_0293,neural_t5,495,0.0196150623566209,0.0196084403339592,0.000509641918353528,2.0096629867763554e-06,0.1236479649641239,0.3876104040505356
topology_0293,neural_t5,500,0.01938819987081593,0.019381657773418104,0.0005036191225608799,1.9910297385546373e-06,0.12251762506777684,0.3863902851999316
topology_0293,neural_t5,505,0.019165784632035023,0.01915932095636329,0.0004977119254742123,1.972777051036656e-06,0.12140260100294237,0.3851780420480686
topology_0293,neural_t5,510,0.018947712196703135,0.01894132547032928,0.0004919177721216823,1.954896191454949e-06,0.12030261668229908,0.3839735390913248
topology_0293,neural_t5,515,0.018733881697500933,0.018727570478783002,0.0004862341665699741,1.9373786449344886e-06,0.1192174026084499,0.38277664447171944
topology_0293,neural_t5,520,0.018524192793409427,0.018517955669777576,0.00048065868589283056,1.9202161109256465e-06,0.11814669574822187,0.3815872297707354
topology_0293,neural_t5,525,0.018318553380336736,0.018312388969138036,0.0004751889816743376,1.9034005140122543e-06,0.11709023927738932,0.3804051698109199
topology_0293,neural_t5,530,0.018116871105207776,0.018110778051707712,0.0004698227793673475,1.8869239584611848e-06,0.116047782083163,0.379230342817625
topology_0293,neural_t5,535,0.017919055369054398,0.017913032345493213,0.00046455786371350923,1.8707787452573583e-06,0.1150190788842987,0.3780626301178991
topology_0293,neural_t5,540,0.01772501979250648,0.017719065497804477,0.00045939208569011655,1.8549573746478737e-06,0.11400389004741017,0.37690191601036654
topology_0293,neural_t5,545,0.017534678928429834,0.017528792086513516,0.0004543233730691989,1.8394525150300224e-06,0.11300198129852868,0.3757480877598013
topology_0293,neural_t5,550,0.017347951022746062,0.017342130383073473,0.0004493496813868382,1.8242569996379247e-06,0.11201312377634104,0.37460103568265807
topology_0293,neural_t5,555,0.017164755962764847,0.017159000296909296,0.0004444691194458094,1.809363783951828e-06,0.11103709353532411,0.3734606524618528
topology_0293,neural_t5,560,0.016985013545401162,0.01697932165297991,0.0004396795661881746,1.7947660947321456e-06,0.11007367174652526,0.37232683331733
topology_0293,neural_t5,565,0.01680864985863045,0.016803020562496756,0.0004349791676855997,1.7804572511102644e-06,0.10912264456960821,0.37119947613354437
topology_0293,neural_t5,570,0.016635592751825815,0.01663002489745052,0.0004303661168099387,1.7664307023644956e-06,0.10818380244906016,0.37007848147469635
topology_0293,neural_t5,575,0.016465752317170904,0.016460244766143536,0.00042583862809295845,1.7526799912269374e-06,0.10725694092334732,0.3689637525117045
topology_0293,neural_t5,580,0.016299078079445393,0.01629362972176955,0.00042139495121799197,1.739199017722014e-06,0.10634186078632361,0.3678551945428318
topology_0293,neural_t5,585,0.016135504055802927,0.016130113803668522,0.0004170333757895512,1.7259815981846388e-06,0.10543836523600113,0.36675271521845876
topology_0293,neural_t5,590,0.015974961106742333,0.01596962789176891,0.00041275225732064077,1.713021771147416e-06,0.10454626171367788,0.3656562241730158
topology_0293,neural_t5,595,0.015817383311202308,0.015812106084403782,0.00040854999448715145,1.7003137332209778e-06,0.1036653620329198,0.3645656333203749
topology_0293,neural_t5,600,0.01566270826509651,0.015657486000054323,0.0004044249087058621,1.6878517798967303e-06,0.10279548184321538,0.3634808570367854
topology_0293,neural_t5,605,0.015510870708733977,0.015505702396259891,0.00040037549118936307,1.6756302694978943e-06,0.10193644071290658,0.3624018112590901
topology_0293,neural_t5,610,0.015361815554753732,0.015356700205856963,0.0003964002497424945,1.6636437478279584e-06,0.10108806229120651,0.3613284146848721
topology_0293,neural_t5,615,0.015215478587477519,0.01521041523026243,0.0003924976945880457,1.6518869232651767e-06,0.10025017335928484,0.36026058668586525
topology_0293,neural_t5,620,0.015071802676898163,0.015066790357570437,0.0003886663885829156,1.6403545718307892e-06,0.09942260463235345,0.359198248693794
topology_0293,neural_t5,625,0.01493073124299737,0.014925769025954992,0.0003849048982332903,1.6290415466020097e-06,0.09860519035879352,0.35814132455469455
topology_0293,neural_t5,630,0.01479220707238964,0.014787294039330323,0.0003812118165810259,1.6179428592278181e-06,0.09779776819955327,0.3570897395391983
topology_0293,neural_t5,635,0.014656179031665488,0.014651314282757691,0.0003775857696872684,1.60705361668097e-06,0.09700017944193852,0.35604342035730113
topology_0293,neural_t5,640,0.014522597656296519,0.01451778030967556,0.00037402542463267787,1.596369005963616e-06,0.09621226792742728,0.35500229563094055
topology_0293,neural_t5,645,0.014391411030026054,0.014386640220255514,0.00037052947663144094,1.5858843313829274e-06,0.09543388054986886,0.3539662957456113
topology_0293,neural_t5,650,0.014262568860827518,0.01425784373880034,0.000367096645720358,1.5755950048230546e-06,0.09466486731118282,0.3529353525396005
topology_0293,neural_t5,655,0.014136022718610988,0.014131342451243166,0.0003637256878465416,1.5654965309376299e-06,0.09390508119739102,0.3519093993092947
topology_0293,neural_t5,660,0.014011725041304591,0.014007088811519767,0.00036041537075551884,1.5555845046764285e-06,0.09315437795122816,0.35088837067744916
topology_0294,cold,0,1.0,0.9934555760790902,0.11421916708483618,1.509333807283185e-05,1.0,1.0
topology_0294,cold,5,5.334287727093509,5.333946760032275,0.06031137614736612,0.0002333856083463086,0.6261464137287389,0.6215434456606657
topology_0294,cold,10,2.130726521986618,2.130341870024032,0.040484669415105486,0.00014093278170400342,0.35385757104109555,0.4795246422249357
topology_0294,cold,15,0.8586970368576013,0.8583993977498461,0.02260689030689456,5.9677285457935845e-05,0.24684371751649645,0.525892199962977
topology_0294,cold,20,0.4073229560378634,0.40706368220945127,0.01453094081128114,3.0010750829077916e-05,0.2110475115137848,0.5536266646469901
topology_0294,cold,25,0.23036207627842406,0.23012076003282433,0.010541421166832907,2.071243998476305e-05,0.1991648132835167,0.5566525795941689
topology_0294,cold,30,0.1689848881478953,0.16877338377813858,0.008452044738968061,1.703421160337231e-05,0.19248519738745368,0.5533052973065854
topology_0294,cold,35,0.14076792324185253,0.14058726774229402,0.007129385601683699,1.4950689812026874e-05,0.18694995587829816,0.5502909554130228
topology_0294,cold,40,0.12407594447585793,0.12392157019647845,0.006187427316941334,1.3446673281136116e-05,0.18180401043823832,0.5471286738270992
topology_0294,cold,45,0.11249741602883245,0.11236416001603637,0.005473938848852499,1.2269221930832399e-05,0.17689050900985478,0.5439987889070292
topology_0294,cold,50,0.10360617501181986,0.10348971418347891,0.004911051911262804,1.1310462943327887e-05,0.17217561042672858,0.5408950653808687
topology_0294,cold,55,0.09633276755763279,0.09622972717649785,0.004454391360272359,1.0509958993072811e-05,0.16765633166077645,0.53786115742697
topology_0294,cold,60,0.09016845341117322,0.09007629215770428,0.004075718963832378,9.829072829520184e-06,0.16333197643993574,0.5348981653325544
topology_0294,cold,65,0.0848312225780078,0.0847480257398323,0.0037561112706420968,9.241362301523858e-06,0.15919769805664222,0.5320026433902322
topology_0294,cold,70,0.08013790631629025,0.08006219974173374,0.0034825457782408998,8.727869247936347e-06,0.15524563895610646,0.5291725541971273
topology_0294,cold,75,0.07596110413738186,0.07589173313089284,0.003245630245358509,8.274655897401457e-06,0.15146701036331947,0.5264056114612626
topology_0294,cold,80,0.07220846491061382,0.07214451040459965,0.0030384142693337677,7.871205107170178e-06,0.147852937862859,0.5236996559964266
topology_0294,cold,85,0.06881113492239102,0.06875185582115152,0.002855617982851369,7.509401414037462e-06,0.14439478134057515,0.5210521855087988
topology_0294,cold,90,0.06571641504335562,0.06566120679603113,0.002693153661780604,7.182858197306441e-06,0.14108422331145143,0.5184606160956068
topology_0294,cold,95,0.06288260781041732,0.06283097175470821,0.0025478041475694214,6.886468272931457e-06,0.1379133141363608,0.5159223515267636
topology_0294,cold,100,0.06027611842903921,0.06022763917500284,0.0024169998975168768,6.616088545589239e-06,0.13487450363876843,0.5134348671868354
topology_0294,cold,105,0.05786943241756881,0.05782376072429436,0.0022986655858591117,6.368320193647615e-06,0.13196064791401846,0.5109957439476719
topology_0294,cold,110,0.05563965791176401,0.05559649767403121,0.0021911050216182706,6.140342451785351e-06,0.12916500303357017,0.50860269438654
topology_0294,cold,115,0.05356753383728489,0.053526632043140884,0.0020929186234582525,5.929793123664351e-06,0.12648121541762544,0.5062535687540581
topology_0294,cold,120,0.051636643769645385,0.05159778267209299,0.0020029403960693,5.734676223025701e-06,0.12390330799398028,0.5039463554030693
topology_0294,cold,125,0.04983292994219728,0.04979592090879328,0.0019201918211664679,5.5532938930608945e-06,0.12142566413919093,0.5016791717850964
topology_0294,cold,130,0.048144222111146745,0.04810890081120044,0.001843842844721618,5.384187929899019e-06,0.11904300095641457,0.499450260630918
topology_0294,cold,135,0.046559900707756674,0.046526123157404835,0.001773186551388298,5.2261012589546095e-06,0.11675035600615571,0.4972579805909595
topology_0294,cold,140,0.04507065717810525,0.045038296582640185,0.0017076163547254406,5.0779430893936866e-06,0.11454306729978145,0.4951007960917744
topology_0294,cold,145,0.04366825763026793,0.04363720181337055,0.0016466080199163085,4.938761945901622e-06,0.11241675687373195,0.49297726789015334
topology_0294,cold,150,0.042345469821105326,0.04231561918007445,0.0015897058416118482,4.807723415597246e-06,0.1103673102251139,0.4908860459107957
topology_0294,cold,155,0.041095823090180894,0.04106708882112917,0.001536512048831748,4.684092973006051e-06,0.10839085272346964,0.48882586625771307
topology_0294,cold,160,0.039913532116074645,0.03988583475124182,0.0014866779469815963,4.567221489722774e-06,0.1064837406513509,0.48679554168242034
topology_0294,cold,165,0.038793417298679245,0.03876668548051029,0.0014398967685049988,4.45653538258206e-06,0.1046425452899727,0.4847939517304553
topology_0294,cold,170,0.03773077981444898,0.03770494928770873,0.0013958960140452513,4.35151877259174e-06,0.10286403814852865,0.4828200529480977
topology_0294,cold,175,0.03672139223118585,0.03669640497956054,0.0013544337915082083,4.251717512179499e-06,0.10114518440934314,0.48087284983111606
topology_0294,cold,180,0.0357614992852907,0.035737302817902245,0.001315295082882988,4.156723132565452e-06,0.09948312042409758,0.4789513811083453
topology_0294,cold,185,0.03484758114023785,0.03482412776276738,0.001278288056037885,4.066165901741576e-06,0.0978751433934555,0.4770547798965959
topology_0294,cold,190,0.033976495855134174,0.033953742180032206,0.001243240414280971,3.979717279677437e-06,0.0963187093627864,0.47518220064287897
topology_0294,cold,195,0.033145374260397265,0.033123280718650575,0.0012099975653059685,3.897079680664297e-06,0.09481141643500982,0.4733328451529955
topology_0294,cold,200,0.03235159091396696,0.03233012133301552,0.0011784204174058385,3.817984527577534e-06,0.09335099697196474,0.4715059564072596
topology_0294,cold,205,0.03159274377108444,0.031571865012334686,0.001148383483133708,3.7421887151627436e-06,0.0919353099664055,0.4697008155376824
topology_0294,cold,210,0.030866628607659412,0.03084631026232553,0.0011197728959537437,3.6694708199073276e-06,0.09056233256128336,0.4679167390971329
topology_0294,cold,215,0.030171221163458547,0.030151435255613396,0.001092485955764273,3.5996305170077142e-06,0.08923015258703626,0.46615307667862904
topology_0294,cold,220,0.029504655955923484,0.02948537669437811,0.0010664294583253519,3.532485157617015e-06,0.08793696296383051,0.46440920838112004
topology_0294,cold,225,0.028865230856588302,0.028846434433220314,0.001041518539416692,3.4678682630939936e-06,0.08668105286134237,0.46268454341753434
topology_0294,cold,230,0.028251361275679024,0.02823302566075557,0.001017675965007613,3.4056275814443277e-06,0.08546080159179165,0.46097851953814495
topology_0294,cold,235,0.02766158488379848,0.027643689653112667,0.0009948313690178474,3.3456237080026896e-06,0.084274675795609,0.459290599651558
topology_0294,cold,240,0.02709454878319255,0.027077074963556633,0.0009729205381602148,3.287728912951561e-06,0.08312122303943209,0.4576202705469703
topology_0294,cold,245,0.026548993593703402,0.026531923528240454,0.0009518845966864205,3.2318255783185153e-06,0.08199906726760468,0.4559670415655539
topology_0294,cold,250,0.02602376746650147,0.02600708469942525,0.0009316697317246955,3.1778057789522068e-06,0.08090690432738827,0.45433044299448844
topology_0294,cold,255,0.025517793086998617,0.025501482247852796,0.0009122266298110371,3.125569853716085e-06,0.07984349586269314,0.4527100261089263
topology_0294,cold,260,0.025030062806376135,0.02501410951534916,0.000893509814982329,3.075025645280957e-06,0.07880766702406648,0.45110536135886303
topology_0294,cold,265,0.02455964133901871,0.024544032122703945,0.0008754774147312781,3.026088164839037e-06,0.07779830317675616,0.44951603702283005
topology_0294,cold,270,0.024105660944013358,0.024090383151445998,0.0008580910742644215,2.97867841164644e-06,0.0768143456192149,0.44794165844033845
topology_0294,cold,275,0.023667306163670097,0.023652347897523473,0.0008413152670360187,2.9327232353945145e-06,0.07585478764117146,0.44638184687704396
topology_0294,cold,280,0.023243815117150988,0.023229165172476016,0.0008251171121040229,2.888154609023528e-06,0.07491867394320384,0.4448362392283996
topology_0294,cold,285,0.022834477928111722,0.022820125731037196,0.0008094663523378769,2.844909200105284e-06,0.07400509657268144,0.4433044867267785
topology_0294,cold,290,0.02243862901334275,0.022424564573093095,0.0007943348470266277,2.8029278380172404e-06,0.0731131919401963,0.4417862542640781
topology_0294,cold,295,0.022055644592657377,0.02204185845432174,0.0007796965100344709,2.762155324291005e-06,0.07224213839752168,0.440281219737096
topology_0294,cold,300,0.02168493900899526,0.02167142221217984,0.000765527081858356,2.7225399659371744e-06,0.0713911539404723,0.4387890733734345
topology_0294,cold,305,0.021325962594121037,0.021312706635408393,0.0007518039869769725,2.684033345970219e-06,0.07055949391669637,0.4373095171667802
topology_0294,cold,310,0.020978197414230407,0.020965194211677224,0.000738506203521939,2.6465899865297303e-06,0.06974644895069454,0.43584226428223566
topology_0294,cold,315,0.02064115541188113,0.020628397273658176,0.0007256141154833014,2.6101671796908626e-06,0.06895134333920383,0.43438703858608746
topology_0294,cold,320,0.020314377516318864,0.020301857113387427,0.0007131093842563231,2.5747247121940522e-06,0.06817353330331864,0.43294357398580463
topology_0294,cold,325,0.019997430698056852,0.019985141037893343,0.0007009748685626383,2.540224696051437e-06,0.06741240498911555,0.4315116139988899
topology_0294,cold,330,0.019689905205742503,0.0196778396092825,0.0006891944858152851,2.5066313159668543e-06,0.06666737287291088,0.43009091125451543
topology_0294,cold,335,0.019391410071767628,0.01937956214850167,0.000677753187803334,2.4739108415213513e-06,0.06593787887559098,0.42868122696552813
topology_0294,cold,340,0.019101588934370355,0.01908995257353516,0.0006666367784048716,2.4420311932754946e-06,0.0652233899273226,0.42728233054142567
topology_0294,cold,345,0.01882009284780484,0.018808662192017836,0.0006558319402224178,2.4109619916356145e-06,0.06452339636403369,0.4258939998871752
topology_0294,cold,350,0.01854659320454749,0.018535362635084318,0.0006453261293922013,2.3806744690422538e-06,0.06383741166615794,0.42451602051058407
topology_0294,cold,355,0.01828077859089805,0.018269742712668336,0.0006351075298511926,2.351141303546499e-06,0.06316497087748532,0.42314818509072283
topology_0294,cold,360,0.01802235227281903,0.01801150590113971,0.0006251649586692435,2.3223364988102995e-06,0.0625056296719636,0.42179029307770477
topology_0294,cold,365,0.017771035633047463,0.017760373782374626,0.0006154878697968881,2.294235281146542e-06,0.061858963224076184,0.42044215041634897
topology_0294,cold,370,0.017526561358351216,0.01751607923221407,0.0006060662013369488,2.266814040483393e-06,0.06122456538981684,0.4191035698891718
topology_0294,cold,375,0.01728867386797175,0.017278366844871985,0.0005968905002533986,2.240050275963058e-06,0.06060204765082097,0.4177743707515934
topology_0294,cold,380,0.01705713251207059,0.01704699613266648,0.0005879519416899466,2.2139224966886365e-06,0.05999103842394902,0.4164543770173664
topology_0294,cold,385,0.016831707857349464,0.016821737817195304,0.0005792421044447483,2.188410240890598e-06,0.05939118194594842,0.41514341781636327
topology_0294,cold,390,0.016612179342067473,0.016602371485417135,0.0005707528996994912,2.1634939228318993e-06,0.05880213744838087,0.4138413272005753
topology_0294,cold,395,0.016398338772398525,0.01638868909460143,0.0005624763807114759,2.1391546871944485e-06,0.05822357836893228,0.4125479452088007
topology_0294,cold,400,0.016189985447179873,0.016180490084724726,0.0005544050173044042,2.1153743767430613e-06,0.05765519081348953,0.41126311806192434
topology_0294,cold,405,0.015986929444629084,0.015977584643849664,0.0005465323770247634,2.092135600496973e-06,0.057096674737576736,0.4099866962485559
topology_0294,cold,410,0.015788986572277522,0.015779788702159403,0.0005388517535042883,2.069422121412426e-06,0.05654774257308378,0.4087185319162779
topology_0294,cold,415,0.015595984874629423,0.015586930430902935,0.0005313565288582806,2.047217989407611e-06,0.05600811841673056,0.4074584832810766
topology_0294,cold,420,0.015407759453062764,0.015398845041116363,0.0005240407049549067,2.025507669753093e-06,0.05547753638125576,0.4062064136070102
topology_0294,cold,425,0.015224148650427942,0.01521537097958948,0.0005168985071258767,2.004276482862955e-06,0.05495574143558114,0.404962189927086
topology_0294,cold,430,0.015044998834390984,0.015036354714832974,0.0005099243887414166,1.9835102895618692e-06,0.05444248881632597,0.40372568282730714
topology_0294,cold,435,0.014870163173141646,0.014861649511747947,0.0005031130406614805,1.9631954673078447e-06,0.053937543478070886,0.402496766478795
topology_0294,cold,440,0.014699501003752483,0.014691114799969974,0.0004964593809520149,1.943318900202191e-06,0.05344067954631274,0.4012753185073635
topology_0294,cold,445,0.014532877131908544,0.014524615473936723,0.0004899585331029152,1.923867942636099e-06,0.052951679887413346,0.40006121991124605
topology_0294,cold,450,0.01437016249507446,0.014362022556873369,0.000483605812957493,1.9048303804589888e-06,0.052470335714178855,0.39885435492160615
topology_0294,cold,455,0.014211232843860644,0.014203211881259179,0.00047739673307649463,1.8861944531890666e-06,0.05199644605511596,0.3976546109553431
topology_0294,cold,460,0.014055968682029999,0.01404806402947111,0.00047132698294850947,1.8679488129177746e-06,0.051529817504658806,0.3964618784610114
topology_0294,cold,465,0.013904255159981872,0.013896464227556922,0.0004653924186190523,1.8500824983062095e-06,0.05107026387647162,0.39527605078945
topology_0294,cold,470,0.01375597947322854,0.013748299742968883,0.0004595890414264439,1.8325848911052237e-06,0.050617606282627896,0.39409702414352965
topology_0294,cold,475,0.013611039092450566,0.013603468118455432,0.0004539130208978379,1.8154458114719598e-06,0.05017167226987394,0.3929246974024117
topology_0294,cold,480,0.013469331783409002,0.013461867186544156,0.00044836068988766216,1.7986553614117057e-06,0.04973229496460454,0.39175897191482667
topology_0294,cold,485,0.013330758781688153,0.013323398248169983,0.00044292848177306994,1.7822039702352849e-06,0.04929931372337937,0.39059975165814603
topology_0294,cold,490,0.013195223153103501,0.013187964430794582,0.0004376129719839718,1.7660823891592196e-06,0.04887257385561268,0.3894469430185096
topology_0294,cold,495,0.013062636655934837,0.013055477555279848,0.0004324108521655317,1.7502816858949673e-06,0.04845192636866814,0.3883004545148885
topology_0294,cold,500,0.012932911606184207,0.012925849995912298,0.0004273189523536956,1.7347931963582685e-06,0.048037226920538065,0.38716019723784206
topology_0294,cold,505,0.012805962742651285,0.012798996547757657,0.00042233420369045476,1.7196085398484276e-06,0.0476283362902455,0.38602608451957904
topology_0294,cold,510,0.012681708273740582,0.012674835473878019,0.00041745364331228964,1.7047196062229754e-06,0.04722512013316987,0.3848980317375216
topology_0294,cold,515,0.012560069449204424,0.012553288076966682,0.000412674410430128,1.6901185365911191e-06,0.046827448717211874,0.38377595627184247
topology_0294,cold,520,0.012440970343942748,0.012434278483156674,0.0004079937424420758,1.6757977148284089e-06,0.0464351967046017,0.38265977745981883
topology_0294,cold,525,0.012324337698885817,0.01231773348299428,0.00040340896951782763,1.6617497652175908e-06,0.046048242958609605,0.38154941653686303
topology_0294,cold,530,0.012210100833980607,0.012203582444406566,0.0003989175137153171,1.6479675391437381e-06,0.045666470362184755,0.3804447965777132
topology_0294,cold,535,0.012098191491156575,0.012091757155831382,0.0003945168813706617,1.6344441040563964e-06,0.04528976564552165,0.3793458424417768
topology_0294,cold,540,0.01198854444665506,0.011982192439488299,0.00039020464411938305,1.6211727452660591e-06,0.04491801922012084,0.3782524807339531
topology_0294,cold,545,0.011881096830548669,0.011874825469037655,0.0003859784846745905,1.6081469473532323e-06,0.0445511247693876,0.3771646406877499
topology_0294,cold,547,0.01183871888738721,0.011832479321500524,0.00038431163294850684,1.6030039555934738e-06,0.04440570243456626,0.37673103504663713
topology_0294,teacher_k20,0,0.4073229560378634,0.40706368220945127,0.01453094081128114,3.0010750829077916e-05,0.2110475115137848,0.5536266646469901
topology_0294,teacher_k20,5,0.23036207627842406,0.23012076003282433,0.010541421166832907,2.071243998476305e-05,0.1991648132835167,0.5566525795941689
topology_0294,teacher_k20,10,0.1689848881478953,0.16877338377813858,0.008452044738968061,1.703421160337231e-05,0.19248519738745368,0.5533052973065854
topology_0294,teacher_k20,15,0.14076792324185253,0.14058726774229402,0.007129385601683699,1.4950689812026874e-05,0.18694995587829816,0.5502909554130228
topology_0294,teacher_k20,20,0.12407594447585793,0.12392157019647845,0.006187427316941334,1.3446673281136116e-05,0.18180401043823832,0.5471286738270992
topology_0294,teacher_k20,25,0.11249741602883245,0.11236416001603637,0.005473938848852499,1.2269221930832399e-05,0.17689050900985478,0.5439987889070292
topology_0294,teacher_k20,30,0.10360617501181986,0.10348971418347891,0.004911051911262804,1.1310462943327887e-05,0.17217561042672858,0.5408950653808687
topology_0294,teacher_k20,35,0.09633276755763279,0.09622972717649785,0.004454391360272359,1.0509958993072811e-05,0.16765633166077645,0.53786115742697
topology_0294,teacher_k20,40,0.09016845341117322,0.09007629215770428,0.004075718963832378,9.829072829520184e-06,0.16333197643993574,0.5348981653325544
topology_0294,teacher_k20,45,0.0848312225780078,0.0847480257398323,0.0037561112706420968,9.241362301523858e-06,0.15919769805664222,0.5320026433902322
topology_0294,teacher_k20,50,0.08013790631629025,0.08006219974173374,0.0034825457782408998,8.727869247936347e-06,0.15524563895610646,0.5291725541971273
topology_0294,teacher_k20,55,0.07596110413738186,0.07589173313089284,0.003245630245358509,8.274655897401457e-06,0.15146701036331947,0.5264056114612626
topology_0294,teacher_k20,60,0.07220846491061382,0.07214451040459965,0.0030384142693337677,7.871205107170178e-06,0.147852937862859,0.5236996559964266
topology_0294,teacher_k20,65,0.06881113492239102,0.06875185582115152,0.002855617982851369,7.509401414037462e-06,0.14439478134057515,0.5210521855087988
topology_0294,teacher_k20,70,0.06571641504335562,0.06566120679603113,0.002693153661780604,7.182858197306441e-06,0.14108422331145143,0.5184606160956068
topology_0294,teacher_k20,75,0.06288260781041732,0.06283097175470821,0.0025478041475694214,6.886468272931457e-06,0.1379133141363608,0.5159223515267636
topology_0294,teacher_k20,80,0.06027611842903921,0.06022763917500284,0.0024169998975168768,6.616088545589239e-06,0.13487450363876843,0.5134348671868354
topology_0294,teacher_k20,85,0.05786943241756881,0.05782376072429436,0.0022986655858591117,6.368320193647615e-06,0.13196064791401846,0.5109957439476719
topology_0294,teacher_k20,90,0.05563965791176401,0.05559649767403121,0.0021911050216182706,6.140342451785351e-06,0.12916500303357017,0.50860269438654
topology_0294,teacher_k20,95,0.05356753383728489,0.053526632043140884,0.0020929186234582525,5.929793123664351e-06,0.12648121541762544,0.5062535687540581
topology_0294,teacher_k20,100,0.051636643769645385,0.05159778267209299,0.0020029403960693,5.734676223025701e-06,0.12390330799398028,0.5039463554030693
topology_0294,teacher_k20,105,0.04983292994219728,0.04979592090879328,0.0019201918211664679,5.5532938930608945e-06,0.12142566413919093,0.5016791717850964
topology_0294,teacher_k20,110,0.048144222111146745,0.04810890081120044,0.001843842844721618,5.384187929899019e-06,0.11904300095641457,0.499450260630918
topology_0294,teacher_k20,115,0.046559900707756674,0.046526123157404835,0.001773186551388298,5.2261012589546095e-06,0.11675035600615571,0.4972579805909595
topology_0294,teacher_k20,120,0.04507065717810525,0.045038296582640185,0.0017076163547254406,5.0779430893936866e-06,0.11454306729978145,0.4951007960917744
topology_0294,teacher_k20,125,0.04366825763026793,0.04363720181337055,0.0016466080199163085,4.938761945901622e-06,0.11241675687373195,0.49297726789015334
topology_0294,teacher_k20,130,0.042345469821105326,0.04231561918007445,0.0015897058416118482,4.807723415597246e-06,0.1103673102251139,0.4908860459107957
topology_0294,teacher_k20,135,0.041095823090180894,0.04106708882112917,0.001536512048831748,4.684092973006051e-06,0.10839085272346964,0.48882586625771307
topology_0294,teacher_k20,140,0.039913532116074645,0.03988583475124182,0.0014866779469815963,4.567221489722774e-06,0.1064837406513509,0.48679554168242034
topology_0294,teacher_k20,145,0.038793417298679245,0.03876668548051029,0.0014398967685049988,4.45653538258206e-06,0.1046425452899727,0.4847939517304553
topology_0294,teacher_k20,150,0.03773077981444898,0.03770494928770873,0.0013958960140452513,4.35151877259174e-06,0.10286403814852865,0.4828200529480977
topology_0294,teacher_k20,155,0.03672139223118585,0.03669640497956054,0.0013544337915082083,4.251717512179499e-06,0.10114518440934314,0.48087284983111606
topology_0294,teacher_k20,160,0.0357614992852907,0.035737302817902245,0.001315295082882988,4.156723132565452e-06,0.09948312042409758,0.4789513811083453
topology_0294,teacher_k20,165,0.03484758114023785,0.03482412776276738,0.001278288056037885,4.066165901741576e-06,0.0978751433934555,0.4770547798965959
topology_0294,teacher_k20,170,0.033976495855134174,0.033953742180032206,0.001243240414280971,3.979717279677437e-06,0.0963187093627864,0.47518220064287897
topology_0294,teacher_k20,175,0.033145374260397265,0.033123280718650575,0.0012099975653059685,3.897079680664297e-06,0.09481141643500982,0.4733328451529955
topology_0294,teacher_k20,180,0.03235159091396696,0.03233012133301552,0.0011784204174058385,3.817984527577534e-06,0.09335099697196474,0.4715059564072596
topology_0294,teacher_k20,185,0.03159274377108444,0.031571865012334686,0.001148383483133708,3.7421887151627436e-06,0.0919353099664055,0.4697008155376824
topology_0294,teacher_k20,190,0.030866628607659412,0.03084631026232553,0.0011197728959537437,3.6694708199073276e-06,0.09056233256128336,0.4679167390971329
topology_0294,teacher_k20,195,0.030171221163458547,0.030151435255613396,0.001092485955764273,3.5996305170077142e-06,0.08923015258703626,0.46615307667862904
topology_0294,teacher_k20,200,0.029504655955923484,0.02948537669437811,0.0010664294583253519,3.532485157617015e-06,0.08793696296383051,0.46440920838112004
topology_0294,teacher_k20,205,0.028865230856588302,0.028846434433220314,0.001041518539416692,3.4678682630939936e-06,0.08668105286134237,0.46268454341753434
topology_0294,teacher_k20,210,0.028251361275679024,0.02823302566075557,0.001017675965007613,3.4056275814443277e-06,0.08546080159179165,0.46097851953814495
topology_0294,teacher_k20,215,0.02766158488379848,0.027643689653112667,0.0009948313690178474,3.3456237080026896e-06,0.084274675795609,0.459290599651558
topology_0294,teacher_k20,220,0.02709454878319255,0.027077074963556633,0.0009729205381602148,3.287728912951561e-06,0.08312122303943209,0.4576202705469703
topology_0294,teacher_k20,225,0.026548993593703402,0.026531923528240454,0.0009518845966864205,3.2318255783185153e-06,0.08199906726760468,0.4559670415655539
topology_0294,teacher_k20,230,0.02602376746650147,0.02600708469942525,0.0009316697317246955,3.1778057789522068e-06,0.08090690432738827,0.45433044299448844
topology_0294,teacher_k20,235,0.025517793086998617,0.025501482247852796,0.0009122266298110371,3.125569853716085e-06,0.07984349586269314,0.4527100261089263
topology_0294,teacher_k20,240,0.025030062806376135,0.02501410951534916,0.000893509814982329,3.075025645280957e-06,0.07880766702406648,0.45110536135886303
topology_0294,teacher_k20,245,0.02455964133901871,0.024544032122703945,0.0008754774147312781,3.026088164839037e-06,0.07779830317675616,0.44951603702283005
topology_0294,teacher_k20,250,0.024105660944013358,0.024090383151445998,0.0008580910742644215,2.97867841164644e-06,0.0768143456192149,0.44794165844033845
topology_0294,teacher_k20,255,0.023667306163670097,0.023652347897523473,0.0008413152670360187,2.9327232353945145e-06,0.07585478764117146,0.44638184687704396
topology_0294,teacher_k20,260,0.023243815117150988,0.023229165172476016,0.0008251171121040229,2.888154609023528e-06,0.07491867394320384,0.4448362392283996
topology_0294,teacher_k20,265,0.022834477928111722,0.022820125731037196,0.0008094663523378769,2.844909200105284e-06,0.07400509657268144,0.4433044867267785
topology_0294,teacher_k20,270,0.02243862901334275,0.022424564573093095,0.0007943348470266277,2.8029278380172404e-06,0.0731131919401963,0.4417862542640781
topology_0294,teacher_k20,275,0.022055644592657377,0.02204185845432174,0.0007796965100344709,2.762155324291005e-06,0.07224213839752168,0.440281219737096
topology_0294,teacher_k20,280,0.02168493900899526,0.02167142221217984,0.000765527081858356,2.7225399659371744e-06,0.0713911539404723,0.4387890733734345
topology_0294,teacher_k20,285,0.021325962594121037,0.021312706635408393,0.0007518039869769725,2.684033345970219e-06,0.07055949391669637,0.4373095171667802
topology_0294,teacher_k20,290,0.020978197414230407,0.020965194211677224,0.000738506203521939,2.6465899865297303e-06,0.06974644895069454,0.43584226428223566
topology_0294,teacher_k20,295,0.02064115541188113,0.020628397273658176,0.0007256141154833014,2.6101671796908626e-06,0.06895134333920383,0.43438703858608746
topology_0294,teacher_k20,300,0.020314377516318864,0.020301857113387427,0.0007131093842563231,2.5747247121940522e-06,0.06817353330331864,0.43294357398580463
topology_0294,teacher_k20,305,0.019997430698056852,0.019985141037893343,0.0007009748685626383,2.540224696051437e-06,0.06741240498911555,0.4315116139988899
topology_0294,teacher_k20,310,0.019689905205742503,0.0196778396092825,0.0006891944858152851,2.5066313159668543e-06,0.06666737287291088,0.43009091125451543
topology_0294,teacher_k20,315,0.019391410071767628,0.01937956214850167,0.000677753187803334,2.4739108415213513e-06,0.06593787887559098,0.42868122696552813
topology_0294,teacher_k20,320,0.019101588934370355,0.01908995257353516,0.0006666367784048716,2.4420311932754946e-06,0.0652233899273226,0.42728233054142567
topology_0294,teacher_k20,325,0.01882009284780484,0.018808662192017836,0.0006558319402224178,2.4109619916356145e-06,0.06452339636403369,0.4258939998871752
topology_0294,teacher_k20,330,0.01854659320454749,0.018535362635084318,0.0006453261293922013,2.3806744690422538e-06,0.06383741166615794,0.42451602051058407
topology_0294,teacher_k20,335,0.01828077859089805,0.018269742712668336,0.0006351075298511926,2.351141303546499e-06,0.06316497087748532,0.42314818509072283
topology_0294,teacher_k20,340,0.01802235227281903,0.01801150590113971,0.0006251649586692435,2.3223364988102995e-06,0.0625056296719636,0.42179029307770477
topology_0294,teacher_k20,345,0.017771035633047463,0.017760373782374626,0.0006154878697968881,2.294235281146542e-06,0.061858963224076184,0.42044215041634897
topology_0294,teacher_k20,350,0.017526561358351216,0.01751607923221407,0.0006060662013369488,2.266814040483393e-06,0.06122456538981684,0.4191035698891718
topology_0294,teacher_k20,355,0.01728867386797175,0.017278366844871985,0.0005968905002533986,2.240050275963058e-06,0.06060204765082097,0.4177743707515934
topology_0294,teacher_k20,360,0.01705713251207059,0.01704699613266648,0.0005879519416899466,2.2139224966886365e-06,0.05999103842394902,0.4164543770173664
topology_0294,teacher_k20,365,0.016831707857349464,0.016821737817195304,0.0005792421044447483,2.188410240890598e-06,0.05939118194594842,0.41514341781636327
topology_0294,teacher_k20,370,0.016612179342067473,0.016602371485417135,0.0005707528996994912,2.1634939228318993e-06,0.05880213744838087,0.4138413272005753
topology_0294,teacher_k20,375,0.016398338772398525,0.01638868909460143,0.0005624763807114759,2.1391546871944485e-06,0.05822357836893228,0.4125479452088007
topology_0294,teacher_k20,380,0.016189985447179873,0.016180490084724726,0.0005544050173044042,2.1153743767430613e-06,0.05765519081348953,0.41126311806192434
topology_0294,teacher_k20,385,0.015986929444629084,0.015977584643849664,0.0005465323770247634,2.092135600496973e-06,0.057096674737576736,0.4099866962485559
topology_0294,teacher_k20,390,0.015788986572277522,0.015779788702159403,0.0005388517535042883,2.069422121412426e-06,0.05654774257308378,0.4087185319162779
topology_0294,teacher_k20,395,0.015595984874629423,0.015586930430902935,0.0005313565288582806,2.047217989407611e-06,0.05600811841673056,0.4074584832810766
topology_0294,teacher_k20,400,0.015407759453062764,0.015398845041116363,0.0005240407049549067,2.025507669753093e-06,0.05547753638125576,0.4062064136070102
topology_0294,teacher_k20,405,0.015224148650427942,0.01521537097958948,0.0005168985071258767,2.004276482862955e-06,0.05495574143558114,0.404962189927086
topology_0294,teacher_k20,410,0.015044998834390984,0.015036354714832974,0.0005099243887414166,1.9835102895618692e-06,0.05444248881632597,0.40372568282730714
topology_0294,teacher_k20,415,0.014870163173141646,0.014861649511747947,0.0005031130406614805,1.9631954673078447e-06,0.053937543478070886,0.402496766478795
topology_0294,teacher_k20,420,0.014699501003752483,0.014691114799969974,0.0004964593809520149,1.943318900202191e-06,0.05344067954631274,0.4012753185073635
topology_0294,teacher_k20,425,0.014532877131908544,0.014524615473936723,0.0004899585331029152,1.923867942636099e-06,0.052951679887413346,0.40006121991124605
topology_0294,teacher_k20,430,0.01437016249507446,0.014362022556873369,0.000483605812957493,1.9048303804589888e-06,0.052470335714178855,0.39885435492160615
topology_0294,teacher_k20,435,0.014211232843860644,0.014203211881259179,0.00047739673307649463,1.8861944531890666e-06,0.05199644605511596,0.3976546109553431
topology_0294,teacher_k20,440,0.014055968682029999,0.01404806402947111,0.00047132698294850947,1.8679488129177746e-06,0.051529817504658806,0.3964618784610114
topology_0294,teacher_k20,445,0.013904255159981872,0.013896464227556922,0.0004653924186190523,1.8500824983062095e-06,0.05107026387647162,0.39527605078945
topology_0294,teacher_k20,450,0.01375597947322854,0.013748299742968883,0.0004595890414264439,1.8325848911052237e-06,0.050617606282627896,0.39409702414352965
topology_0294,teacher_k20,455,0.013611039092450566,0.013603468118455432,0.0004539130208978379,1.8154458114719598e-06,0.05017167226987394,0.3929246974024117
topology_0294,teacher_k20,460,0.013469331783409002,0.013461867186544156,0.00044836068988766216,1.7986553614117057e-06,0.04973229496460454,0.39175897191482667
topology_0294,teacher_k20,465,0.013330758781688153,0.013323398248169983,0.00044292848177306994,1.7822039702352849e-06,0.04929931372337937,0.39059975165814603
topology_0294,teacher_k20,470,0.013195223153103501,0.013187964430794582,0.0004376129719839718,1.7660823891592196e-06,0.04887257385561268,0.3894469430185096
topology_0294,teacher_k20,475,0.013062636655934837,0.013055477555279848,0.0004324108521655317,1.7502816858949673e-06,0.04845192636866814,0.3883004545148885
topology_0294,teacher_k20,480,0.012932911606184207,0.012925849995912298,0.0004273189523536956,1.7347931963582685e-06,0.048037226920538065,0.38716019723784206
topology_0294,teacher_k20,485,0.012805962742651285,0.012798996547757657,0.00042233420369045476,1.7196085398484276e-06,0.0476283362902455,0.38602608451957904
topology_0294,teacher_k20,490,0.012681708273740582,0.012674835473878019,0.00041745364331228964,1.7047196062229754e-06,0.04722512013316987,0.3848980317375216
topology_0294,teacher_k20,495,0.012560069449204424,0.012553288076966682,0.000412674410430128,1.6901185365911191e-06,0.046827448717211874,0.38377595627184247
topology_0294,teacher_k20,500,0.012440970343942748,0.012434278483156674,0.0004079937424420758,1.6757977148284089e-06,0.0464351967046017,0.38265977745981883
topology_0294,teacher_k20,505,0.012324337698885817,0.01231773348299428,0.00040340896951782763,1.6617497652175908e-06,0.046048242958609605,0.38154941653686303
topology_0294,teacher_k20,510,0.012210100833980607,0.012203582444406566,0.0003989175137153171,1.6479675391437381e-06,0.045666470362184755,0.3804447965777132
topology_0294,teacher_k20,515,0.012098191491156575,0.012091757155831382,0.0003945168813706617,1.6344441040563964e-06,0.04528976564552165,0.3793458424417768
topology_0294,teacher_k20,520,0.01198854444665506,0.011982192439488299,0.00039020464411938305,1.6211727452660591e-06,0.04491801922012084,0.3782524807339531
topology_0294,teacher_k20,525,0.011881096830548669,0.011874825469037655,0.0003859784846745905,1.6081469473532323e-06,0.0445511247693876,0.3771646406877499
topology_0294,teacher_k20,527,0.01183871888738721,0.011832479321500524,0.00038431163294850684,1.6030039555934738e-06,0.04440570243456626,0.37673103504663713
topology_0294,neural,0,3.819068428371103,3.8171325412807926,0.1215845160572567,0.00016831901455944891,0.3768733093533616,0.9977384644809025
topology_0294,neural,5,1.260103510292624,1.2595144253954451,0.03852603605321676,0.00011583868935543618,0.38064204314225164,0.6517555320559464
topology_0294,neural,10,0.7505636257246722,0.7502414468592183,0.0219892123336312,4.7079709506110826e-05,0.3372651936885079,0.582156404125537
topology_0294,neural,15,0.4645160449325184,0.46427758991328605,0.014882022366922362,3.0237897906197042e-05,0.29843388289251316,0.5815650009853
topology_0294,neural,20,0.3052885681823655,0.30506996570600875,0.011550989314705459,2.3083003972423653e-05,0.2743053548676493,0.5855460673991226
topology_0294,neural,25,0.23115785262003943,0.23096545207056224,0.00942933730841111,1.9382283262204584e-05,0.258899744162163,0.5838373388933142
topology_0294,neural,30,0.19287089009788352,0.19270522155525432,0.007992342826754473,1.6989109303883364e-05,0.24725120548924368,0.5795802044245029
topology_0294,neural,35,0.16853443628425818,0.16839169247117647,0.0069349757862464225,1.5204920015285738e-05,0.23729174571397219,0.5749206842202277
topology_0294,neural,40,0.15077719172511775,0.1506529203603077,0.006120371001507684,1.37923017735378e-05,0.2283258973454654,0.5705330145195612
topology_0294,neural,45,0.1368269006429173,0.13671739769482993,0.005473001670458951,1.2641820682668619e-05,0.22010720011176776,0.5664215055709285
topology_0294,neural,50,0.12547732694368402,0.12537980549283576,0.0049460908768559604,1.1685407085738085e-05,0.21250832908872597,0.5625343965822399
topology_0294,neural,55,0.11615721068244174,0.11606966142388879,0.004509010102441724,1.0879570701550969e-05,0.20543323106630265,0.5587955022470694
topology_0294,neural,60,0.10804187199550394,0.1079624859095698,0.004140970518360498,1.018257656677361e-05,0.19881674841413002,0.5552608082759471
topology_0294,neural,65,0.1010335311426158,0.10096102901675912,0.003826871211326916,9.578880524533768e-06,0.19262060421730678,0.5518610753672383
topology_0294,neural,70,0.09492719640011098,0.09486057707735658,0.0035557630747017916,9.049459887698564e-06,0.18679857445132775,0.5485754961539928
topology_0294,neural,75,0.08953279420295553,0.08947123497167211,0.0033195296059243228,8.580676807230896e-06,0.18131224504726703,0.5453941816676637
topology_0294,neural,80,0.08471436699889312,0.08465719046795796,0.0031119144382703912,8.162347979103586e-06,0.17613079806404758,0.5423083321088977
topology_0294,neural,85,0.0803747362400411,0.08032138343259458,0.00292805882799008,7.786535180200454e-06,0.1712284843478476,0.5393097974812038
topology_0294,neural,90,0.07644042522255232,0.07639043188983655,0.0027641397273802416,7.446903769571515e-06,0.16658304454407843,0.5363914096254623
topology_0294,neural,95,0.07285357308858197,0.07280655060877853,0.0026171070419244657,7.138335845669232e-06,0.16217489304736823,0.5335470774186275
topology_0294,neural,100,0.06956790343607572,0.06952352416665207,0.0024844977211579897,6.856651111194038e-06,0.1579866191307136,0.5307715327396496
topology_0294,neural,105,0.0665458608663539,0.06650384658741221,0.0023643062371974293,6.598395569409803e-06,0.1540025977161345,0.5280601943626777
topology_0294,neural,110,0.06375621321094917,0.06371632590584823,0.002254882613646075,6.360693226310644e-06,0.15020872869846455,0.5254090393211471
topology_0294,neural,115,0.06117284588272475,0.06113488076780659,0.0021548524739083237,6.141120125199913e-06,0.14659223185986545,0.5228144979137673
topology_0294,neural,120,0.05877369388465352,0.05873747363092902,0.0020630678727278887,5.937625321350034e-06,0.14314147255874035,0.5202733710722608
topology_0294,neural,125,0.05653990820958487,0.05650527837762112,0.0019785607827581824,5.748456923666104e-06,0.13984581970488327,0.517782774225406
topology_0294,neural,130,0.05445522205977853,0.05442204741759042,0.0019005087237179532,5.5721091743231685e-06,0.1366955323997294,0.5153400919476919
topology_0294,neural,135,0.0525055812536028,0.052473742831516436,0.0018282086291987396,5.40728095266967e-06,0.13368165629954967,0.5129429362689669
topology_0294,neural,140,0.05067865399886592,0.05064804663862771,0.0017610551484374647,5.2528395612987356e-06,0.13079594058721103,0.5105891219139591
topology_0294,neural,145,0.0489636103244344,0.04893414064649858,0.0016985255671192532,5.1077976590248694e-06,0.12803076998326088,0.5082766368107151
topology_0294,neural,150,0.0473508699674225,0.047322454800839124,0.0016401626689510915,4.97128460033262e-06,0.12537910185945325,0.5060036202147081
topology_0294,neural,155,0.04583192438868532,0.045804489334069984,0.0015855682152116017,4.8425352628074435e-06,0.12283441068931308,0.5037683467348887
topology_0294,neural,160,0.044399186942056454,0.044372665239479296,0.0015343918580831332,4.720871880452754e-06,0.12039064055379507,0.501569212045893
topology_0294,neural,165,0.04304585851132534,0.04302019007011163,0.0014863243576350117,4.605693164791711e-06,0.11804216545022031,0.4994047189458055
topology_0294,neural,170,0.04176582994376001,0.04174096050980018,0.0014410920831800995,4.496462767690343e-06,0.11578374878743156,0.49727346805158495
topology_0294,neural,175,0.04055359685403505,0.040529477317970394,0.0013984515851095355,4.3927018425298335e-06,0.11361051152367746,0.49517414790175196
topology_0294,neural,180,0.03940419914555628,0.03938078494892183,0.0013581858014103565,4.2939815153552014e-06,0.11151789994927604,0.493105527643112
topology_0294,neural,185,0.03831313378307741,0.03829038437787765,0.0013201010700203794,4.199916945348841e-06,0.10950165968435602,0.49106645066710525
topology_0294,neural,190,0.037276294051809857,0.037254172500147044,0.0012840220686839057,4.11016003476429e-06,0.10755780947628417,0.4890558313564889
topology_0294,neural,195,0.03628994154387065,0.03626841408858137,0.0012497922071153607,4.024397524314771e-06,0.10568262417446055,0.4870726436570274
topology_0294,neural,200,0.03535062575820488,0.0353296614548658,0.0012172704872526312,3.942345938551452e-06,0.10387261678200084,0.4851159322269958
topology_0294,neural,205,0.03445529291871127,0.034434863421697326,0.0011863289234753127,3.86375106751746e-06,0.1021245163370686,0.48318475736447697
topology_0294,neural,210,0.0336010248852436,0.033581104093598685,0.0011568521261805392,3.7883770415002446e-06,0.10043525047705096,0.48127827017875224
topology_0294,neural,215,0.032785210811895824,0.03276577468772834,0.0011287352589129931,3.716013693484479e-06,0.09880193901285346,0.47939564360197273
topology_0294,neural,220,0.03200545971805401,0.03198648608873212,0.0011018830076724153,3.6464677786970013e-06,0.09722187103165539,0.4775360968351706
topology_0294,neural,225,0.03125954504818935,0.03124101340032237,0.001076208867916316,3.579563447230532e-06,0.09569249569360092,0.4756988908237974
topology_0294,neural,230,0.030545416305242212,0.030527307632627055,0.0010516337800298738,3.515139626292795e-06,0.09421141235410008,0.4738833227537864
topology_0294,neural,235,0.02986118178908479,0.029843478452412003,0.0010280854914086076,3.4530487502941507e-06,0.09277636005057385,0.4720887236354106
topology_0294,neural,240,0.029205093662369393,0.029187779254782147,0.0010054981294719562,3.3931557847160318e-06,0.09138520753041868,0.47031445643232545
topology_0294,neural,245,0.028575527567886085,0.028558586796604564,0.0009838113840324202,3.33533649593688e-06,0.09003594561928963,0.468559913648341
topology_0294,neural,250,0.027970995033273348,0.027954413631687578,0.0009629698359524732,3.279476764215314e-06,0.08872667737753247,0.4668245160286744
topology_0294,neural,255,0.02739010334322223,0.027373867971600862,0.0009429225960239381,3.225471398888854e-06,0.08745561070233854,0.4651077116624174
topology_0294,neural,260,0.026831559220131977,0.026815657376503453,0.0009236230725133153,3.1732233248639896e-06,0.08622105315184736,0.46340897322870883
topology_0294,neural,265,0.026294159086909453,0.026278579032884577,0.0009050283693034824,3.1226428233761436e-06,0.0850214050357381,0.46172779685603943
topology_0294,neural,270,0.025776783521793138,0.025761514224822642,0.0008870987128526892,3.0736464160260966e-06,0.08385515338272023,0.46006370035537986
topology_0294,neural,275,0.025278387676069457,0.025263418747876232,0.0008697973979545187,3.026157075088491e-06,0.08272086665752629,0.4584162222923167
topology_0294,neural,280,0.024797998762874987,0.02478332040193012,0.000853090626961183,2.980103109141128e-06,0.08161718950332703,0.45678492104065804
topology_0294,neural,285,0.0243347074322325,0.024320310375019794,0.0008369471060813083,2.935417878206289e-06,0.08054283812027031,0.45516937341618174
topology_0294,neural,290,0.023887664535240796,0.023873540011834955,0.0008213378644778832,2.8920393225276733e-06,0.07949659597007133,0.45356917363888916
topology_0294,neural,295,0.023456074370362904,0.023442214066180158,0.0008062359588833152,2.849909502126546e-06,0.07847730963438115,0.4519839327862187
topology_0294,neural,300,0.02303918667734094,0.023025582693751774,0.0007916163693528094,2.80897421487518e-06,0.07748388523909684,0.45041327750684756
topology_0294,neural,305,0.022636305277909444,0.022622950105634115,0.0007774557764443833,2.769182791790844e-06,0.07651528583290132,0.4488568486761285
topology_0294,neural,310,0.022246781361387878,0.022233667852456403,0.0007637324875102538,2.7304876751997306e-06,0.07557052561723004,0.4473143016497978
topology_0294,neural,315,0.02186999706247781,0.02185711839830109,0.000750426268214238,2.692844257388752e-06,0.0746486681236411,0.44578530571743313
topology_0294,neural,320,0.021505372070738413,0.02149272173833174,0.0007375182194925858,2.6562106165766368e-06,0.0737488229478582,0.44426954260978657
topology_0294,neural,325,0.02115235776277208,0.02113992953163029,0.0007249906583826898,2.6205472570423063e-06,0.07287014495667343,0.44276670619031266
topology_0294,neural,330,0.02081044081956336,0.020798228723920273,0.000712827023615885,2.585817009316613e-06,0.0720118309709001,0.44127650162248444
topology_0294,neural,335,0.020479136974875575,0.020467135296437625,0.000701011754828096,2.5519846985421765e-06,0.0711731168789336,0.4397986449104612
topology_0294,neural,340,0.020157989691067753,0.020146192941793813,0.0006895302689249353,2.5190171203629564e-06,0.07035327545888709,0.43833286237181224
topology_0294,neural,345,0.019846567945566107,0.019834970853160567,0.0006783688433709574,2.486882842965703e-06,0.0695516143424683,0.43687889017103876
topology_0294,neural,350,0.019544465256973367,0.019533062750790833,0.0006675145878335116,2.455552104221797e-06,0.06876747380237352,0.43543647390805545
topology_0294,neural,355,0.01925129482710965,0.019240082024731604,0.0006569553419295402,2.424996690768785e-06,0.06800022540567043,0.43400536811106216
topology_0294,neural,360,0.018966691860379633,0.018955664058564553,0.0006466795872001593,2.3951896778973112e-06,0.06724927054435821,0.43258533584957654
topology_0294,neural,365,0.018690310626675772,0.018679463289450964,0.0006366764808189372,2.3661055363372464e-06,0.06651403837941823,0.4311761482861698
topology_0294,neural,370,0.018421823377349177,0.018411152126586748,0.0006269357646476624,2.337719978356469e-06,0.06579398440393407,0.42977758439806657
topology_0294,neural,375,0.018160915836525144,0.018150416442634456,0.0006174476853545222,2.310009825551543e-06,0.06508858899047412,0.42838943070741786
topology_0294,neural,380,0.017907295271665048,0.017896963649409552,0.0006082029812783921,2.2829530133984923e-06,0.06439735654600494,0.4270114805813851
topology_0294,neural,385,0.01766068518225238,0.017650517377692743,0.000599193052759184,2.256528396796492e-06,0.06371981330846713,0.42564353411529215
topology_0294,neural,390,0.017420819055116353,0.017410811241278662,0.0005904095998340114,2.2307159107906565e-06,0.0630555067899076,0.42428539805696314
topology_0294,neural,395,0.01718744284801834,0.017177591318218936,0.0005818447335262896,2.2054962737527428e-06,0.062404004430446594,0.422936885529672
topology_0294,neural,400,0.016960314293268625,0.0169506154550506,0.0005734909461712751,2.180850992798533e-06,0.061764892786359396,0.421597815503153
topology_0294,neural,405,0.016739203551953397,0.016729653916630664,0.0005653412525809579,2.1567623910890802e-06,0.061137776615872455,0.42026801233194916
topology_0294,neural,410,0.016523890827380452,0.01651448701938086,0.0005573885640097176,2.1332135497807506e-06,0.06052227805380415,0.4189473057443573
topology_0294,neural,415,0.016314166742426025,0.016304905491769734,0.0005496261922825122,2.1101880230763943e-06,0.0599180349213607,0.4176355320780696
topology_0294,neural,420,0.016109832351514707,0.01610071047211368,0.0005420482715702678,2.0876701043993946e-06,0.0593247009354371,0.41633253230955736
topology_0294,neural,425,0.01591069987732214,0.015901714267110276,0.0005346491246706459,2.0656449913418e-06,0.05874194496295461,0.41503815005923644
topology_0294,neural,430,0.015716585937743353,0.0157077335950271,0.0005274226652231128,2.0440983220232507e-06,0.05816944929147775,0.4137522342049931
topology_0294,neural,435,0.015527318091258126,0.01551859609770598,0.000520363498703254,2.0230160613817028e-06,0.05760690906708162,0.4124746395316339
topology_0294,neural,440,0.01534273028107571,0.015334135797905178,0.0005134664543044436,2.0023847124427027e-06,0.057054032058370056,0.41120522486732547
topology_0294,neural,445,0.015162660797035245,0.015154191061202029,0.0005067265509634552,1.9821913941860904e-06,0.056510538081931995,0.4099438528239248
topology_0294,neural,450,0.014986959095843886,0.014978611419909844,0.0005001390014159596,1.962423709049881e-06,0.05597615905200107,0.4086903895136375
topology_0294,neural,455,0.014815482595391784,0.014807254365337823,0.0004936992191822477,1.9430696520665777e-06,0.05545063683843643,0.4074447050129764
topology_0294,neural,460,0.014648090466086774,0.014639979136079211,0.0004874028063101386,1.9241176592037374e-06,0.05493372355740684,0.40620667333599425
topology_0294,neural,465,0.014484648548688717,0.014476651639569632,0.0004812455240625318,1.9055565530797103e-06,0.05442518129050188,0.40497617188805435
topology_0294,neural,470,0.01432502848223839,0.014317143579282572,0.00047522330010462685,1.8873755563220523e-06,0.05392478150854355,0.4037530813679375
topology_0294,neural,475,0.014169107445004995,0.014161332195790216,0.0004693322206080074,1.8695642595938596e-06,0.05343230456275136,0.40253728568960645
topology_0294,neural,480,0.014016767208906142,0.014009099321315832,0.00046356851042078255,1.8521125750955851e-06,0.052947539271911925,0.40132867189969834
topology_0294,neural,485,0.01386789445478298,0.013860331694897674,0.00045792854153357143,1.8350107708626549e-06,0.05247028256535605,0.4001271300101898
topology_0294,neural,490,0.01372238031450766,0.013714920504792989,0.0004524088164097012,1.8182494275794496e-06,0.052000339060299744,0.39893255291476615
topology_0294,neural,495,0.013580120196103038,0.01357276121360065,0.0004470059648709317,1.8018194333967555e-06,0.05153752070421154,0.3977448363043385
topology_0294,neural,500,0.013441013534826924,0.013433753309453803,0.0004417167365769346,1.7857119695300603e-06,0.05108164643529813,0.39656387856493247
topology_0294,neural,505,0.0133049636181217,0.013297800131087188,0.00043653799443811174,1.7699184927934837e-06,0.050632541865015576,0.3953895806782276
topology_0294,neural,510,0.013171876760278148,0.01316480804210646,0.00043146671298884855,1.754430723644305e-06,0.050190038981343575,0.39422184613095335
topology_0294,neural,515,0.013041662040331818,0.01303468616961975,0.0004264999516969619,1.7392406415336409e-06,0.049753976434419166,0.39306058089903123
topology_0294,neural,520,0.012914233910499714,0.012907349012375677,0.00042163490661387707,1.7243405140929987e-06,0.04932419830154324,0.391905693129749
topology_0294,neural,525,0.012789512670557796,0.01278271691710794,0.0004168688574226981,1.7097228156054579e-06,0.048900553980624935,0.3907570929616342
topology_0294,neural,530,0.012667417663749257,0.012660709271032588,0.0004121991605305632,1.6953802292292379e-06,0.04848289775389986,0.3896146931714868
topology_0294,neural,535,0.012547871130814441,0.012541248357232663,0.0004076232708600919,1.6813056847336294e-06,0.0480710891642591,0.38847840868953615
topology_0294,neural,540,0.012430798381833344,0.01242425952713737,0.0004031387250017979,1.6674923219645271e-06,0.04766499270552053,0.3873481564005885
topology_0294,neural,545,0.012316127603196928,0.012309671007491979,0.00039874313792801587,1.6539334858199512e-06,0.04726447760587435,0.3862238551376033
topology_0294,neural,550,0.012203789616065703,0.01219741365872565,0.00039443420171584405,1.6406227219514958e-06,0.04686941755492835,0.3851054256152463
topology_0294,neural,555,0.01209371769703252,0.012087420795698705,0.00039020967991169864,1.6275537579065872e-06,0.046479690497497436,0.38399279037686085
topology_0294,neural,560,0.011985847475822342,0.011979628085283958,0.0003860674094381434,1.6147205109007698e-06,0.04609517844540701,0.3828858737454852
topology_0294,neural,565,0.011880116813793667,0.011873973425073492,0.00038200529217836206,1.6021170734005298e-06,0.045715767300889845,0.38178460176950135
topology_0294,neural,567,0.011838410107001573,0.011832296704385827,0.00038040243175508487,1.5971387548609693e-06,0.045565406253076986,0.38134565723726815
topology_0294,neural_t1,0,3.0285264370634772,3.0274423024934065,0.08102725085515776,0.0002639785536541699,0.38160807504229544,0.8984211004562052
topology_0294,neural_t1,5,1.1539582171114966,1.1534986954619895,0.032562525781940355,9.122134132332544e-05,0.37378165343022957,0.6231703056182925
topology_0294,neural_t1,10,0.6910412427107198,0.6907503925433588,0.020047259584684396,4.137047151086393e-05,0.32824824892038906,0.5804482730921257
topology_0294,neural_t1,15,0.42289759231441076,0.4226639499088343,0.014055540761539972,2.8402266144162654e-05,0.292580209932691,0.5826751989814173
topology_0294,neural_t1,20,0.2856273991244536,0.28541349533396015,0.011052027907880483,2.2157953452240948e-05,0.2707340815493522,0.5855647020743252
topology_0294,neural_t1,25,0.2217145901042978,0.221527766507933,0.009099877817118325,1.883711994737969e-05,0.25637011857144804,0.5830916531539221
topology_0294,neural_t1,30,0.18722715463081538,0.18706642531068646,0.007756266965835396,1.6594797911347818e-05,0.24515784263186055,0.5786388323707262
topology_0294,neural_t1,35,0.16458485480747054,0.16444614842757974,0.00675562561205434,1.4896990413261855e-05,0.23543010681345095,0.5740207782740482
topology_0294,neural_t1,40,0.1477330578439553,0.14761200473600494,0.0059793188833029845,1.3543813085999732e-05,0.22662730067095083,0.5696892860036413
topology_0294,neural_t1,45,0.134376216156134,0.13426930757021507,0.005359137839419397,1.243676559590996e-05,0.2185410688796383,0.5656280076738305
topology_0294,neural_t1,50,0.12345156068097703,0.12335616328622605,0.004852286195350959,1.1513005537355354e-05,0.2110547079565728,0.5617800631749905
topology_0294,neural_t1,55,0.11443965336922,0.11435386047183418,0.004430433758596338,1.0731551338857679e-05,0.20407408856434936,0.5580758897863437
topology_0294,neural_t1,60,0.10655748102016979,0.10647956248526504,0.004074240199817369,1.005507696308347e-05,0.19754544056617218,0.5545707982035293
topology_0294,neural_t1,65,0.0997469396847481,0.09967568786580412,0.0037695006720997585,9.467554824421692e-06,0.19142762800036295,0.5511952950200157
topology_0294,neural_t1,70,0.09379644792333482,0.09373090137922226,0.003505950591362729,8.951217742221346e-06,0.18567553069888645,0.5479311450322498
topology_0294,neural_t1,75,0.08852657047585655,0.08846593781268368,0.0032758899559948928,8.493255871504335e-06,0.18025244870363974,0.5447696551949835
topology_0294,neural_t1,80,0.08381075775970843,0.08375438734049917,0.0030733779661783647,8.084006974926761e-06,0.1751287604146805,0.5417018846885568
topology_0294,neural_t1,85,0.07955749240545137,0.07950484596869205,0.002893787449518753,7.715893681319087e-06,0.17027950808893383,0.5387199167162079
topology_0294,neural_t1,90,0.07569688505351756,0.0756475148443851,0.0027334685232318855,7.382850812742638e-06,0.1656830168901661,0.5358167983153611
topology_0294,neural_t1,95,0.07217364420464324,0.07212717483401616,0.002589501518777461,7.079968134137163e-06,0.16132017154269762,0.5329866211144905
topology_0294,neural_t1,100,0.06894348877257907,0.06889960335429428,0.002459523423710731,6.8032253346515565e-06,0.15717394650904815,0.530224264560733
topology_0294,neural_t1,105,0.06597024090137586,0.06592866990406575,0.002341607647117664,6.54929430424159e-06,0.15322903844601393,0.5275252687942302
topology_0294,neural_t1,110,0.06322379570000697,0.06318430826279903,0.0022341647619506084,6.315398717309964e-06,0.14947162740820563,0.524885709239643
topology_0294,neural_t1,115,0.06067892305223826,0.06064132030383083,0.002135869234636752,6.099194891933538e-06,0.14588917482613759,0.5223020958862167
topology_0294,neural_t1,120,0.058314263443853424,0.05827837296785098,0.0020456124815246076,5.89869709010597e-06,0.14247025739074418,0.5197712963292065
topology_0294,neural_t1,125,0.05611152014620602,0.05607719161032335,0.0019624580474156376,5.7122060257264945e-06,0.13920443017309214,0.5172904842039514
topology_0294,neural_t1,130,0.054054908359183,0.05402201000577446,0.0018856091809672092,5.5382604212539865e-06,0.1360821180149489,0.5148570913181655
topology_0294,neural_t1,135,0.05213074540309304,0.05209916120161483,0.001814384047889147,5.375595289128647e-06,0.13309451274125866,0.5124687728158657
topology_0294,neural_t1,140,0.050327017514370444,0.05029664481360963,0.0017481948130797448,5.2231086196392296e-06,0.13023349609518642,0.5101233801579064
topology_0294,neural_t1,145,0.04863316461607778,0.04860391219535888,0.0016865331528323876,5.07983858516077e-06,0.12749157209445164,0.5078189330841985
topology_0294,neural_t1,150,0.047039832666490686,0.047011619214199656,0.0016289541731249833,4.944936554799406e-06,0.12486180575752892,0.505553599054967
topology_0294,neural_t1,155,0.04553870877202705,0.04551146150137022,0.0015750699739951889,4.817655984556948e-06,0.12233776896014055,0.5033256780632459
topology_0294,neural_t1,160,0.044122371998963704,0.044096025557763686,0.0015245388676675153,4.69733536386753e-06,0.11991349484492729,0.5011335882502633
topology_0294,neural_t1,165,0.04278417386856945,0.04275866939568201,0.0014770592809059274,4.583387324376418e-06,0.1175834385481941,0.49897585254896104
topology_0294,neural_t1,170,0.04151812454960117,0.0414934088693024,0.001432363952665772,4.4752874070985395e-06,0.11534243711678112,0.4968510901053195
topology_0294,neural_t1,175,0.04031884358344798,0.04029486854613928,0.0013902149605559452,4.372567460105826e-06,0.11318567946688993,0.49475800586348234
topology_0294,neural_t1,180,0.039181456225730674,0.039158178106984895,0.0013504003245391819,4.2748079212708595e-06,0.11110867344770275,0.4926953845115902
topology_0294,neural_t1,185,0.03810155260544577,0.03807893161868745,0.0013127300708198168,4.181631442293515e-06,0.10910722117505685,0.4906620837811034
topology_0294,neural_t1,190,0.037075097738591425,0.03705309761104895,0.0012770328899493837,4.092697466000699e-06,0.10717739421282947,0.488657031336354
topology_0294,neural_t1,195,0.036098417195155295,0.03607700475883804,0.0012431554869008572,4.007698774870805e-06,0.10531551601548288,0.4866792140753188
topology_0294,neural_t1,200,0.03516813211397196,0.03514727695999948,0.0012109596469695822,3.926358095079946e-06,0.10351814537240937,0.4847276841304361
topology_0294,neural_t1,205,0.034281241834278074,0.03426091609781066,0.0011803198840383653,3.8484255323917275e-06,0.1017820511577477,0.4828015120691543
topology_0294,neural_t1,210,0.03343486363737764,0.033415041638486895,0.0011511231505100703,3.773669978047237e-06,0.10010420092135335,0.480899861613773
topology_0294,neural_t1,215,0.03262644953020848,0.032607107623234446,0.0011232665267401896,3.7018849783489454e-06,0.0984817498201841,0.4790219120891953
topology_0294,neural_t1,220,0.03185363781558914,0.03183475417372417,0.0010966565494534895,3.632880916587547e-06,0.09691201946649634,0.4771668913559179
topology_0294,neural_t1,225,0.031114239191803093,0.03109579361365234,0.0010712083373732193,3.5664851637982563e-06,0.09539248996088229,0.47533406806170275
topology_0294,neural_t1,230,0.030406235774368188,0.030388209538913254,0.0010468441707283463,3.502539301925666e-06,0.09392078941884324,0.4735227462443073
topology_0294,neural_t1,235,0.029727766029872482,0.029710141754219883,0.0010234931515248923,3.440898446651503e-06,0.0924946835922039,0.471732263489383
topology_0294,neural_t1,240,0.029077107399370358,0.02905986890800275,0.0010010905704009479,3.3814298189214358e-06,0.09111206607972114,0.4699619888778211
topology_0294,neural_t1,245,0.028452664552728102,0.02843579676578474,0.0009795771516351848,3.3240112751312683e-06,0.0897709513380021,0.468211320539736
topology_0294,neural_t1,250,0.02785296815384585,0.027836456997418,0.0009588983923010547,3.268530562295391e-06,0.08846946345930218,0.4664796849161442
topology_0294,neural_t1,255,0.027276646546731547,0.027260478855469537,0.0009390042972959717,3.2148841749801254e-06,0.0872058309511627,0.46476653515405425
topology_0294,neural_t1,260,0.02672242461190947,0.02670658804161537,0.0009198490692561757,3.162976580524492e-06,0.08597838039786929,0.46307134871864297
topology_0294,neural_t1,265,0.02618911665332909,0.02617359961196713,0.0009013904509652927,3.1127193633800174e-06,0.0847855299405666,0.46139362622999447
topology_0294,neural_t1,270,0.02567561806526967,0.025660409653523692,0.0008835893042970182,3.06403035610956e-06,0.08362578327943804,0.459732889675297
topology_0294,neural_t1,275,0.0251808993093245,0.025165989260860416,0.000866409514786161,3.016833653004308e-06,0.08249772454698519,0.4580886816967751
topology_0294,neural_t1,280,0.02470400067938757,0.024689379303910613,0.0008498178202547769,2.971058613597586e-06,0.08140001303273385,0.45646056445731964
topology_0294,neural_t1,285,0.024244025194627202,0.02422968333060814,0.0008337834076962058,2.9266395435464223e-06,0.08033137874744518,0.4548481183139175
topology_0294,neural_t1,290,0.023800134837097277,0.023786063808881534,0.0008182777212949696,2.8835152427902763e-06,0.07929061807733863,0.45325094091903434
topology_0294,neural_t1,295,0.023371544216523783,0.023357735795882763,0.0008032742245401438,2.841628553499492e-06,0.07827658979202538,0.4516686465693809
topology_0294,neural_t1,300,0.02295751066766794,0.022943957034725664,0.0007887482485329022,2.800925985837022e-06,0.0772882116174497,0.4501008648733251
topology_0294,neural_t1,305,0.022557352323422514,0.02254404604482387,0.0007746768014990497,2.7613575330206447e-06,0.07632445732046268,0.4485472394965413
topology_0294,neural_t1,310,0.022170424222049435,0.02215735821730265,0.0007610385021221396,2.7228762330696273e-06,0.07538435103020628,0.4470074287341339
topology_0294,neural_t1,315,0.02179611744887684,0.021783284962784075,0.0007478133883535603,2.6854380471238953e-06,0.07446696578450944,0.4454811044364451
topology_0294,neural_t1,320,0.021433857246157848,0.02142125182372856,0.0007349828133160264,2.649001543403952e-06,0.07357142025803268,0.4439679507857945
topology_0294,neural_t1,325,0.02108310247831538,0.021070717943401214,0.0007225293282980086,2.6135277107023313e-06,0.0726968780392083,0.44246766396839743
topology_0294,neural_t1,330,0.020743345992557796,0.020731176430229377,0.0007104365802299379,2.578979801832049e-06,0.07184254395006018,0.4409799513553623
topology_0294,neural_t1,335,0.020414109137680932,0.020402148877017693,0.0006986892059308336,2.5453230344883496e-06,0.07100766142624994,0.4395045310502131
topology_0294,neural_t1,340,0.020094940647411307,0.02008318424463348,0.0006872728034116926,2.51252457632327e-06,0.07019151037540476,0.43804113137753775
topology_0294,neural_t1,345,0.01978541459781737,0.019773856822032525,0.0006761738209496526,2.4805533459945146e-06,0.06939340515151982,0.43658949042463097
topology_0294,neural_t1,350,0.01948512852758301,0.01947376434704534,0.0006653795102896538,2.449379861093634e-06,0.06861269231982392,0.43514935561309537
topology_0294,neural_t1,355,0.019193700177498125,0.01918252474598843,0.000654877867840285,2.4189762531077326e-06,0.06784874960751609,0.433720483212741
topology_0294,neural_t1,360,0.01891076862112915,0.018899777269936864,0.0006446574903239028,2.3893158138767424e-06,0.06710098409048586,0.43230263794622076
topology_0294,neural_t1,365,0.018635991837441076,0.01862518006286722,0.0006347076646630581,2.360373294909226e-06,0.06636883030575408,0.430895592551691
topology_0294,neural_t1,370,0.018369045577727987,0.01835840903214019,0.0006250182449147058,2.332124640136903e-06,0.06565174884591947,0.4294991275443897
topology_0294,neural_t1,375,0.018109617230571362,0.018099151713325802,0.0006155795520374968,2.3045468814697474e-06,0.06494922492812906,0.4281130308997506
topology_0294,neural_t1,380,0.017857421066766833,0.017847122520212814,0.0006063824838962598,2.2776181667656776e-06,0.06426076753373285,0.42673709727434916
topology_0294,neural_t1,385,0.017612180798552417,0.017602045294404754,0.0005974185017149137,2.2513175560502546e-06,0.06358590719004552,0.42537112813827527
topology_0294,neural_t1,390,0.017373632610648376,0.01736365634648963,0.0005886793842051934,2.225625156530695e-06,0.0629241954931634,0.4240149315449429
topology_0294,neural_t1,395,0.01714152474257909,0.017131704034941193,0.0005801573211935775,2.200521842384289e-06,0.06227520374674111,0.4226683218169305
topology_0294,neural_t1,400,0.01691561804336794,0.0169059493213337,0.0005718449078923038,2.175989289888366e-06,0.0616385222488714,0.4213311190585406
topology_0294,neural_t1,405,0.016695683899366365,0.016686163695992552,0.000563735174487418,2.1520099754994227e-06,0.06101375930379235,0.4200031486241628
topology_0294,neural_t1,410,0.016481505393029065,0.016472130355183887,0.0005558210606640479,2.1285670964482527e-06,0.060400540296975995,0.4186842415057512
topology_0294,neural_t1,415,0.01627287499089013,0.016263641866813408,0.0005480960348640333,2.105644315252666e-06,0.0597985061967702,0.4173742352554768
topology_0294,neural_t1,420,0.016069595721318605,0.01606050134069621,0.0005405543379582512,2.083226116563713e-06,0.05920731385830786,0.41607297139690463
topology_0294,neural_t1,425,0.015871481240647002,0.015862522521121993,0.0005331902007338902,2.0612978417628855e-06,0.0586266349419067,0.4147802942923481
topology_0294,neural_t1,430,0.015678350084443817,0.015669524042622892,0.0005259976112819933,2.039845149141221e-06,0.0580561543424914,0.4134960541458392
topology_0294,neural_t1,435,0.015490031304661209,0.01548133503775285,0.0005189712828840119,2.0188541381407643e-06,0.057495569743638765,0.41222010665082853
topology_0294,neural_t1,440,0.015306360165694538,0.015297790850769299,0.000512106058186409,1.9983114109507234e-06,0.05694459137420104,0.41095231137785937
topology_0294,neural_t1,445,0.015127175442450902,0.015118730331063817,0.0005053970023345543,1.9782041961629255e-06,0.056402941480406844,0.4096925316859338
topology_0294,neural_t1,450,0.01495233039280274,0.014944006812953013,0.0004988393670764361,1.9585201840596548e-06,0.055870354145146586,0.4084406343916593
topology_0294,neural_t1,455,0.014781681801484802,0.014773477152936138,0.0004924286053229327,1.9392474529251194e-06,0.05534657322041265,0.40719649042191663
topology_0294,neural_t1,460,0.014615090255363191,0.014607002005774056,0.0004861603520305634,1.9203745172101875e-06,0.05483135286785948,0.4059599744930805
topology_0294,neural_t1,465,0.014452422797087075,0.014444448480354529,0.00048003040211963517,1.9018902834633573e-06,0.05432445708862498,0.4047309646700149
topology_0294,neural_t1,470,0.014293552204910655,0.014285689418942739,0.00047403471536518465,1.8837840488536375e-06,0.053825659171734944,0.40350934230458707
topology_0294,neural_t1,475,0.014138356625227727,0.014130603029816476,0.0004681694070916661,1.8660454697356817e-06,0.05333474118391965,0.40229499194114227
topology_0294,neural_t1,480,0.013986718805976826,0.013979072120809398,0.0004624307311530137,1.848664529733635e-06,0.052851493604550874,0.40108780123869725
topology_0294,neural_t1,485,0.013838526345020852,0.01383098434759872,0.00045681508670485457,1.831631561377249e-06,0.05237571492921691,0.39988766078495386
topology_0294,neural_t1,490,0.013693671242514556,0.013686231766364913,0.0004513190018347074,1.8149372069995273e-06,0.05190721126975595,0.39869446404372
topology_0294,neural_t1,495,0.013552049736963919,0.013544710669831352,0.0004459391313147999,1.7985724153931599e-06,0.05144579599799583,0.3975081072521225
topology_0294,neural_t1,500,0.013413562041834397,0.013406321324014507,0.00044067224782930154,1.7825284241881763e-06,0.05099128941183751,0.3963284893233431
topology_0294,neural_t1,505,0.0132781121924543,0.013270967815235752,0.0004355152360248107,1.7667967430483348e-06,0.0505435184202032,0.395155511746936
topology_0294,neural_t1,510,0.01314560664578178,0.013138556649143122,0.0004304650921796572,1.7513691416744212e-06,0.050102316299701806,0.3939890785044795
topology_0294,neural_t1,515,0.013015956445999023,0.013008998918501114,0.00042551889271699175,1.7362376647607648e-06,0.049667522943596776,0.392829096057389
topology_0294,neural_t1,520,0.012889075703044007,0.012882208778643461,0.00042067386303566213,1.721394617957218e-06,0.04923898347321454,0.3916754729148521
topology_0294,neural_t1,525,0.01276488611420436,0.012758107974234273,0.00041592729305726397,1.70683251908702e-06,0.04881654825592402,0.39052811972392976
topology_0294,neural_t1,530,0.012643306906560485,0.01263661577566529,0.0004112765577828581,1.6925440993372465e-06,0.04840007263190304,0.3893869497384667
topology_0294,neural_t1,535,0.012524261015117819,0.012517655160026413,0.0004067191316213119,1.6785223335325918e-06,0.04798941715275518,0.3882518782812321
topology_0294,neural_t1,540,0.012407674319194139,0.012401152047815337,0.00040225256584386436,1.6647604020361428e-06,0.04758444728167464,0.38712282262977177
topology_0294,neural_t1,545,0.012293475552031577,0.012287035212407649,0.0003978744912913028,1.6512516907528995e-06,0.04718503315758187,0.3859997019985626
topology_0294,neural_t1,550,0.012181596039888576,0.012175236019134922,0.00039358261442562915,1.637989782415637e-06,0.04679104933701095,0.3848824374717846
topology_0294,neural_t1,555,0.012071969536585602,0.01206568825985461,0.0003893747137848029,1.6249684427120318e-06,0.04640237459268439,0.3837709519529795
topology_0294,neural_t1,560,0.011964532130536252,0.011958328059936378,0.0003852486397677688,1.6121816246258197e-06,0.04601889172845382,0.38266517011457624
topology_0294,neural_t1,565,0.011859222107916836,0.011853093741586804,0.00038120230752698497,1.5996234554285222e-06,0.04564048740462199,0.3815650183435732
topology_0294,neural_t1,566,0.011838410107001573,0.011832296704385827,0.00038040243175508487,1.5971387548609693e-06,0.045565406253076986,0.38134565723726815
topology_0294,neural_t5,0,1.260103510292624,1.2595144253954451,0.03852603605321676,0.00011583868935543618,0.38064204314225164,0.6517555320559464
topology_0294,neural_t5,5,0.7505636257246722,0.7502414468592183,0.0219892123336312,4.7079709506110826e-05,0.3372651936885079,0.582156404125537
topology_0294,neural_t5,10,0.4645160449325184,0.46427758991328605,0.014882022366922362,3.0237897906197042e-05,0.29843388289251316,0.5815650009853
topology_0294,neural_t5,15,0.3052885681823655,0.30506996570600875,0.011550989314705459,2.3083003972423653e-05,0.2743053548676493,0.5855460673991226
topology_0294,neural_t5,20,0.23115785262003943,0.23096545207056224,0.00942933730841111,1.9382283262204584e-05,0.258899744162163,0.5838373388933142
topology_0294,neural_t5,25,0.19287089009788352,0.19270522155525432,0.007992342826754473,1.6989109303883364e-05,0.24725120548924368,0.5795802044245029
topology_0294,neural_t5,30,0.16853443628425818,0.16839169247117647,0.0069349757862464225,1.5204920015285738e-05,0.23729174571397219,0.5749206842202277
topology_0294,neural_t5,35,0.15077719172511775,0.1506529203603077,0.006120371001507684,1.37923017735378e-05,0.2283258973454654,0.5705330145195612
topology_0294,neural_t5,40,0.1368269006429173,0.13671739769482993,0.005473001670458951,1.2641820682668619e-05,0.22010720011176776,0.5664215055709285
topology_0294,neural_t5,45,0.12547732694368402,0.12537980549283576,0.0049460908768559604,1.1685407085738085e-05,0.21250832908872597,0.5625343965822399
topology_0294,neural_t5,50,0.11615721068244174,0.11606966142388879,0.004509010102441724,1.0879570701550969e-05,0.20543323106630265,0.5587955022470694
topology_0294,neural_t5,55,0.10804187199550394,0.1079624859095698,0.004140970518360498,1.018257656677361e-05,0.19881674841413002,0.5552608082759471
topology_0294,neural_t5,60,0.1010335311426158,0.10096102901675912,0.003826871211326916,9.578880524533768e-06,0.19262060421730678,0.5518610753672383
topology_0294,neural_t5,65,0.09492719640011098,0.09486057707735658,0.0035557630747017916,9.049459887698564e-06,0.18679857445132775,0.5485754961539928
topology_0294,neural_t5,70,0.08953279420295553,0.08947123497167211,0.0033195296059243228,8.580676807230896e-06,0.18131224504726703,0.5453941816676637
topology_0294,neural_t5,75,0.08471436699889312,0.08465719046795796,0.0031119144382703912,8.162347979103586e-06,0.17613079806404758,0.5423083321088977
topology_0294,neural_t5,80,0.0803747362400411,0.08032138343259458,0.00292805882799008,7.786535180200454e-06,0.1712284843478476,0.5393097974812038
topology_0294,neural_t5,85,0.07644042522255232,0.07639043188983655,0.0027641397273802416,7.446903769571515e-06,0.16658304454407843,0.5363914096254623
topology_0294,neural_t5,90,0.07285357308858197,0.07280655060877853,0.0026171070419244657,7.138335845669232e-06,0.16217489304736823,0.5335470774186275
topology_0294,neural_t5,95,0.06956790343607572,0.06952352416665207,0.0024844977211579897,6.856651111194038e-06,0.1579866191307136,0.5307715327396496
topology_0294,neural_t5,100,0.0665458608663539,0.06650384658741221,0.0023643062371974293,6.598395569409803e-06,0.1540025977161345,0.5280601943626777
topology_0294,neural_t5,105,0.06375621321094917,0.06371632590584823,0.002254882613646075,6.360693226310644e-06,0.15020872869846455,0.5254090393211471
topology_0294,neural_t5,110,0.06117284588272475,0.06113488076780659,0.0021548524739083237,6.141120125199913e-06,0.14659223185986545,0.5228144979137673
topology_0294,neural_t5,115,0.05877369388465352,0.05873747363092902,0.0020630678727278887,5.937625321350034e-06,0.14314147255874035,0.5202733710722608
topology_0294,neural_t5,120,0.05653990820958487,0.05650527837762112,0.0019785607827581824,5.748456923666104e-06,0.13984581970488327,0.517782774225406
topology_0294,neural_t5,125,0.05445522205977853,0.05442204741759042,0.0019005087237179532,5.5721091743231685e-06,0.1366955323997294,0.5153400919476919
topology_0294,neural_t5,130,0.0525055812536028,0.052473742831516436,0.0018282086291987396,5.40728095266967e-06,0.13368165629954967,0.5129429362689669
topology_0294,neural_t5,135,0.05067865399886592,0.05064804663862771,0.0017610551484374647,5.2528395612987356e-06,0.13079594058721103,0.5105891219139591
topology_0294,neural_t5,140,0.0489636103244344,0.04893414064649858,0.0016985255671192532,5.1077976590248694e-06,0.12803076998326088,0.5082766368107151
topology_0294,neural_t5,145,0.0473508699674225,0.047322454800839124,0.0016401626689510915,4.97128460033262e-06,0.12537910185945325,0.5060036202147081
topology_0294,neural_t5,150,0.04583192438868532,0.045804489334069984,0.0015855682152116017,4.8425352628074435e-06,0.12283441068931308,0.5037683467348887
topology_0294,neural_t5,155,0.044399186942056454,0.044372665239479296,0.0015343918580831332,4.720871880452754e-06,0.12039064055379507,0.501569212045893
topology_0294,neural_t5,160,0.04304585851132534,0.04302019007011163,0.0014863243576350117,4.605693164791711e-06,0.11804216545022031,0.4994047189458055
topology_0294,neural_t5,165,0.04176582994376001,0.04174096050980018,0.0014410920831800995,4.496462767690343e-06,0.11578374878743156,0.49727346805158495
topology_0294,neural_t5,170,0.04055359685403505,0.040529477317970394,0.0013984515851095355,4.3927018425298335e-06,0.11361051152367746,0.49517414790175196
topology_0294,neural_t5,175,0.03940419914555628,0.03938078494892183,0.0013581858014103565,4.2939815153552014e-06,0.11151789994927604,0.493105527643112
topology_0294,neural_t5,180,0.03831313378307741,0.03829038437787765,0.0013201010700203794,4.199916945348841e-06,0.10950165968435602,0.49106645066710525
topology_0294,neural_t5,185,0.037276294051809857,0.037254172500147044,0.0012840220686839057,4.11016003476429e-06,0.10755780947628417,0.4890558313564889
topology_0294,neural_t5,190,0.03628994154387065,0.03626841408858137,0.0012497922071153607,4.024397524314771e-06,0.10568262417446055,0.4870726436570274
topology_0294,neural_t5,195,0.03535062575820488,0.0353296614548658,0.0012172704872526312,3.942345938551452e-06,0.10387261678200084,0.4851159322269958
topology_0294,neural_t5,200,0.03445529291871127,0.034434863421697326,0.0011863289234753127,3.86375106751746e-06,0.1021245163370686,0.48318475736447697
topology_0294,neural_t5,205,0.0336010248852436,0.033581104093598685,0.0011568521261805392,3.7883770415002446e-06,0.10043525047705096,0.48127827017875224
topology_0294,neural_t5,210,0.032785210811895824,0.03276577468772834,0.0011287352589129931,3.716013693484479e-06,0.09880193901285346,0.47939564360197273
topology_0294,neural_t5,215,0.03200545971805401,0.03198648608873212,0.0011018830076724153,3.6464677786970013e-06,0.09722187103165539,0.4775360968351706
topology_0294,neural_t5,220,0.03125954504818935,0.03124101340032237,0.001076208867916316,3.579563447230532e-06,0.09569249569360092,0.4756988908237974
topology_0294,neural_t5,225,0.030545416305242212,0.030527307632627055,0.0010516337800298738,3.515139626292795e-06,0.09421141235410008,0.4738833227537864
topology_0294,neural_t5,230,0.02986118178908479,0.029843478452412003,0.0010280854914086076,3.4530487502941507e-06,0.09277636005057385,0.4720887236354106
topology_0294,neural_t5,235,0.029205093662369393,0.029187779254782147,0.0010054981294719562,3.3931557847160318e-06,0.09138520753041868,0.47031445643232545
topology_0294,neural_t5,240,0.028575527567886085,0.028558586796604564,0.0009838113840324202,3.33533649593688e-06,0.09003594561928963,0.468559913648341
topology_0294,neural_t5,245,0.027970995033273348,0.027954413631687578,0.0009629698359524732,3.279476764215314e-06,0.08872667737753247,0.4668245160286744
topology_0294,neural_t5,250,0.02739010334322223,0.027373867971600862,0.0009429225960239381,3.225471398888854e-06,0.08745561070233854,0.4651077116624174
topology_0294,neural_t5,255,0.026831559220131977,0.026815657376503453,0.0009236230725133153,3.1732233248639896e-06,0.08622105315184736,0.46340897322870883
topology_0294,neural_t5,260,0.026294159086909453,0.026278579032884577,0.0009050283693034824,3.1226428233761436e-06,0.0850214050357381,0.46172779685603943
topology_0294,neural_t5,265,0.025776783521793138,0.025761514224822642,0.0008870987128526892,3.0736464160260966e-06,0.08385515338272023,0.46006370035537986
topology_0294,neural_t5,270,0.025278387676069457,0.025263418747876232,0.0008697973979545187,3.026157075088491e-06,0.08272086665752629,0.4584162222923167
topology_0294,neural_t5,275,0.024797998762874987,0.02478332040193012,0.000853090626961183,2.980103109141128e-06,0.08161718950332703,0.45678492104065804
topology_0294,neural_t5,280,0.0243347074322325,0.024320310375019794,0.0008369471060813083,2.935417878206289e-06,0.08054283812027031,0.45516937341618174
topology_0294,neural_t5,285,0.023887664535240796,0.023873540011834955,0.0008213378644778832,2.8920393225276733e-06,0.07949659597007133,0.45356917363888916
topology_0294,neural_t5,290,0.023456074370362904,0.023442214066180158,0.0008062359588833152,2.849909502126546e-06,0.07847730963438115,0.4519839327862187
topology_0294,neural_t5,295,0.02303918667734094,0.023025582693751774,0.0007916163693528094,2.80897421487518e-06,0.07748388523909684,0.45041327750684756
topology_0294,neural_t5,300,0.022636305277909444,0.022622950105634115,0.0007774557764443833,2.769182791790844e-06,0.07651528583290132,0.4488568486761285
topology_0294,neural_t5,305,0.022246781361387878,0.022233667852456403,0.0007637324875102538,2.7304876751997306e-06,0.07557052561723004,0.4473143016497978
topology_0294,neural_t5,310,0.02186999706247781,0.02185711839830109,0.000750426268214238,2.692844257388752e-06,0.0746486681236411,0.44578530571743313
topology_0294,neural_t5,315,0.021505372070738413,0.02149272173833174,0.0007375182194925858,2.6562106165766368e-06,0.0737488229478582,0.44426954260978657
topology_0294,neural_t5,320,0.02115235776277208,0.02113992953163029,0.0007249906583826898,2.6205472570423063e-06,0.07287014495667343,0.44276670619031266
topology_0294,neural_t5,325,0.02081044081956336,0.020798228723920273,0.000712827023615885,2.585817009316613e-06,0.0720118309709001,0.44127650162248444
topology_0294,neural_t5,330,0.020479136974875575,0.020467135296437625,0.000701011754828096,2.5519846985421765e-06,0.0711731168789336,0.4397986449104612
topology_0294,neural_t5,335,0.020157989691067753,0.020146192941793813,0.0006895302689249353,2.5190171203629564e-06,0.07035327545888709,0.43833286237181224
topology_0294,neural_t5,340,0.019846567945566107,0.019834970853160567,0.0006783688433709574,2.486882842965703e-06,0.0695516143424683,0.43687889017103876
topology_0294,neural_t5,345,0.019544465256973367,0.019533062750790833,0.0006675145878335116,2.455552104221797e-06,0.06876747380237352,0.43543647390805545
topology_0294,neural_t5,350,0.01925129482710965,0.019240082024731604,0.0006569553419295402,2.424996690768785e-06,0.06800022540567043,0.43400536811106216
topology_0294,neural_t5,355,0.018966691860379633,0.018955664058564553,0.0006466795872001593,2.3951896778973112e-06,0.06724927054435821,0.43258533584957654
topology_0294,neural_t5,360,0.018690310626675772,0.018679463289450964,0.0006366764808189372,2.3661055363372464e-06,0.06651403837941823,0.4311761482861698
topology_0294,neural_t5,365,0.018421823377349177,0.018411152126586748,0.0006269357646476624,2.337719978356469e-06,0.06579398440393407,0.42977758439806657
topology_0294,neural_t5,370,0.018160915836525144,0.018150416442634456,0.0006174476853545222,2.310009825551543e-06,0.06508858899047412,0.42838943070741786
topology_0294,neural_t5,375,0.017907295271665048,0.017896963649409552,0.0006082029812783921,2.2829530133984923e-06,0.06439735654600494,0.4270114805813851
topology_0294,neural_t5,380,0.01766068518225238,0.017650517377692743,0.000599193052759184,2.256528396796492e-06,0.06371981330846713,0.42564353411529215
topology_0294,neural_t5,385,0.017420819055116353,0.017410811241278662,0.0005904095998340114,2.2307159107906565e-06,0.0630555067899076,0.42428539805696314
topology_0294,neural_t5,390,0.01718744284801834,0.017177591318218936,0.0005818447335262896,2.2054962737527428e-06,0.062404004430446594,0.422936885529672
topology_0294,neural_t5,395,0.016960314293268625,0.0169506154550506,0.0005734909461712751,2.180850992798533e-06,0.061764892786359396,0.421597815503153
topology_0294,neural_t5,400,0.016739203551953397,0.016729653916630664,0.0005653412525809579,2.1567623910890802e-06,0.061137776615872455,0.42026801233194916
topology_0294,neural_t5,405,0.016523890827380452,0.01651448701938086,0.0005573885640097176,2.1332135497807506e-06,0.06052227805380415,0.4189473057443573
topology_0294,neural_t5,410,0.016314166742426025,0.016304905491769734,0.0005496261922825122,2.1101880230763943e-06,0.0599180349213607,0.4176355320780696
topology_0294,neural_t5,415,0.016109832351514707,0.01610071047211368,0.0005420482715702678,2.0876701043993946e-06,0.0593247009354371,0.41633253230955736
topology_0294,neural_t5,420,0.01591069987732214,0.015901714267110276,0.0005346491246706459,2.0656449913418e-06,0.05874194496295461,0.41503815005923644
topology_0294,neural_t5,425,0.015716585937743353,0.0157077335950271,0.0005274226652231128,2.0440983220232507e-06,0.05816944929147775,0.4137522342049931
topology_0294,neural_t5,430,0.015527318091258126,0.01551859609770598,0.000520363498703254,2.0230160613817028e-06,0.05760690906708162,0.4124746395316339
topology_0294,neural_t5,435,0.01534273028107571,0.015334135797905178,0.0005134664543044436,2.0023847124427027e-06,0.057054032058370056,0.41120522486732547
topology_0294,neural_t5,440,0.015162660797035245,0.015154191061202029,0.0005067265509634552,1.9821913941860904e-06,0.056510538081931995,0.4099438528239248
topology_0294,neural_t5,445,0.014986959095843886,0.014978611419909844,0.0005001390014159596,1.962423709049881e-06,0.05597615905200107,0.4086903895136375
topology_0294,neural_t5,450,0.014815482595391784,0.014807254365337823,0.0004936992191822477,1.9430696520665777e-06,0.05545063683843643,0.4074447050129764
topology_0294,neural_t5,455,0.014648090466086774,0.014639979136079211,0.0004874028063101386,1.9241176592037374e-06,0.05493372355740684,0.40620667333599425
topology_0294,neural_t5,460,0.014484648548688717,0.014476651639569632,0.0004812455240625318,1.9055565530797103e-06,0.05442518129050188,0.40497617188805435
topology_0294,neural_t5,465,0.01432502848223839,0.014317143579282572,0.00047522330010462685,1.8873755563220523e-06,0.05392478150854355,0.4037530813679375
topology_0294,neural_t5,470,0.014169107445004995,0.014161332195790216,0.0004693322206080074,1.8695642595938596e-06,0.05343230456275136,0.40253728568960645
topology_0294,neural_t5,475,0.014016767208906142,0.014009099321315832,0.00046356851042078255,1.8521125750955851e-06,0.052947539271911925,0.40132867189969834
topology_0294,neural_t5,480,0.01386789445478298,0.013860331694897674,0.00045792854153357143,1.8350107708626549e-06,0.05247028256535605,0.4001271300101898
topology_0294,neural_t5,485,0.01372238031450766,0.013714920504792989,0.0004524088164097012,1.8182494275794496e-06,0.052000339060299744,0.39893255291476615
topology_0294,neural_t5,490,0.013580120196103038,0.01357276121360065,0.0004470059648709317,1.8018194333967555e-06,0.05153752070421154,0.3977448363043385
topology_0294,neural_t5,495,0.013441013534826924,0.013433753309453803,0.0004417167365769346,1.7857119695300603e-06,0.05108164643529813,0.39656387856493247
topology_0294,neural_t5,500,0.0133049636181217,0.013297800131087188,0.00043653799443811174,1.7699184927934837e-06,0.050632541865015576,0.3953895806782276
topology_0294,neural_t5,505,0.013171876760278148,0.01316480804210646,0.00043146671298884855,1.754430723644305e-06,0.050190038981343575,0.39422184613095335
topology_0294,neural_t5,510,0.013041662040331818,0.01303468616961975,0.0004264999516969619,1.7392406415336409e-06,0.049753976434419166,0.39306058089903123
topology_0294,neural_t5,515,0.012914233910499714,0.012907349012375677,0.00042163490661387707,1.7243405140929987e-06,0.04932419830154324,0.391905693129749
topology_0294,neural_t5,520,0.012789512670557796,0.01278271691710794,0.0004168688574226981,1.7097228156054579e-06,0.048900553980624935,0.3907570929616342
topology_0294,neural_t5,525,0.012667417663749257,0.012660709271032588,0.0004121991605305632,1.6953802292292379e-06,0.04848289775389986,0.3896146931714868
topology_0294,neural_t5,530,0.012547871130814441,0.012541248357232663,0.0004076232708600919,1.6813056847336294e-06,0.0480710891642591,0.38847840868953615
topology_0294,neural_t5,535,0.012430798381833344,0.01242425952713737,0.0004031387250017979,1.6674923219645271e-06,0.04766499270552053,0.3873481564005885
topology_0294,neural_t5,540,0.012316127603196928,0.012309671007491979,0.00039874313792801587,1.6539334858199512e-06,0.04726447760587435,0.3862238551376033
topology_0294,neural_t5,545,0.012203789616065703,0.01219741365872565,0.00039443420171584405,1.6406227219514958e-06,0.04686941755492835,0.3851054256152463
topology_0294,neural_t5,550,0.01209371769703252,0.012087420795698705,0.00039020967991169864,1.6275537579065872e-06,0.046479690497497436,0.38399279037686085
topology_0294,neural_t5,555,0.011985847475822342,0.011979628085283958,0.0003860674094381434,1.6147205109007698e-06,0.04609517844540701,0.3828858737454852
topology_0294,neural_t5,560,0.011880116813793667,0.011873973425073492,0.00038200529217836206,1.6021170734005298e-06,0.045715767300889845,0.38178460176950135
topology_0294,neural_t5,562,0.011838410107001573,0.011832296704385827,0.00038040243175508487,1.5971387548609693e-06,0.045565406253076986,0.38134565723726815
topology_0295,cold,0,1.0,0.9882133948233398,0.1530826119064255,1.4954478080823308e-05,1.0,1.0
topology_0295,cold,5,6.583432885548077,6.582876542683315,0.08558531427949823,0.0003691684470450042,0.8330484727371023,0.5715741165317844
topology_0295,cold,10,2.4299131084149748,2.429148549625492,0.06095084440154226,0.00018128992140078779,0.7464065692529778,0.6385372997919607
topology_0295,cold,15,1.005201028380937,1.0046459685956803,0.0334002998579802,7.21937489493095e-05,0.7065597477392466,0.6851587211197935
topology_0295,cold,20,0.6554886678324675,0.6551768099113442,0.020217312537884287,4.1047807553772844e-05,0.6809806113545269,0.6897088421542878
topology_0295,cold,25,0.46354776707663164,0.46329770243751905,0.015223999947967708,3.3217938468682896e-05,0.6613047311703413,0.6847242965430106
topology_0295,cold,30,0.3673189749000884,0.36709937779485063,0.012699422724327588,2.8403416721277235e-05,0.6452255898111438,0.6784637222883524
topology_0295,cold,35,0.31028338076327794,0.3100904994047083,0.010938826262764288,2.5235312189324557e-05,0.6318612041812064,0.6734408308923147
topology_0295,cold,40,0.270463445341029,0.27029153305152026,0.009641675165012341,2.2943650823337965e-05,0.6205687007655097,0.6686674359567897
topology_0295,cold,45,0.2409877598424703,0.24083307525240547,0.00863306495747834,2.116131566003213e-05,0.6108159015364674,0.6638870662083879
topology_0295,cold,50,0.21855847187464456,0.2184182285339604,0.00782832571892867,1.9715597574497006e-05,0.6021988931542538,0.6590676667489105
topology_0295,cold,55,0.20107719958473666,0.20094935950716739,0.007169014146137417,1.8511393414623195e-05,0.5944304263069007,0.654256818534903
topology_0295,cold,60,0.18711923422434493,0.18700215471149167,0.006618281057974597,1.7487202442805453e-05,0.5873069415751553,0.6494868961905398
topology_0295,cold,65,0.17572838266712873,0.17562072375327753,0.006150251016334208,1.6601683225157025e-05,0.5806833938993314,0.644775550749826
topology_0295,cold,70,0.16624741859691813,0.1661480595664172,0.005746846266210463,1.5825478245632134e-05,0.5744546766581021,0.6401320922689336
topology_0295,cold,75,0.15821524733252287,0.15812323870847164,0.005394964290657496,1.513729248983592e-05,0.5685438514605605,0.6355614450292827
topology_0295,cold,80,0.15130113719739088,0.15121566634879116,0.005084894988733541,1.452130519357911e-05,0.5628940548817618,0.6310660090237584
topology_0295,cold,85,0.14526422888089446,0.14518459560408437,0.004809282337760246,1.3965495642730735e-05,0.5574628220571731,0.6266464796223606
topology_0295,cold,90,0.1399268145056039,0.13985241241387628,0.0045624531250870945,1.3460540084960248e-05,0.5522180891728224,0.6223023730252596
topology_0295,cold,95,0.13515579675607126,0.13508609836526192,0.004339960396514253,1.299907359874111e-05,0.5471353170473353,0.6180324348883546
topology_0295,cold,100,0.13085008419609453,0.13078462891176257,0.004138262485924632,1.2575180491932768e-05,0.5421954635483653,0.6138349182557773
topology_0295,cold,105,0.1269319406325554,0.12687032481956742,0.003954501798364702,1.2184037203471585e-05,0.5373835329010753,0.6097077842303126
topology_0295,cold,110,0.12334079679142268,0.12328266541852032,0.0037863466160006016,1.1821662345233662e-05,0.5326875339008101,0.6056488418342246
topology_0295,cold,115,0.12002879962033072,0.11997383942940304,0.003631867146021251,1.1484727930493952e-05,0.5280977214379117,0.6016558395768709
topology_0295,cold,120,0.1169576648001578,0.11690559842149213,0.003489453888572901,1.1170425898308267e-05,0.5236060525550703,0.59772652641423
topology_0295,cold,125,0.11409639527017858,0.11404697631588348,0.003357750520486323,1.0876364668410112e-05,0.5192057863784642,0.5938586898757382
topology_0295,cold,130,0.11141959853709894,0.1113726075241219,0.0032356018104568456,1.0600489367046074e-05,0.5148911917277709,0.5900501843673156
topology_0295,cold,135,0.10890618365485338,0.10886142453287509,0.0031220153748904634,1.0341022275015106e-05,0.5106573263088076,0.5862989443523124
topology_0295,cold,140,0.10653851565184937,0.10649581273795156,0.003016137371683798,1.0096417174895882e-05,0.506499879962744,0.5826029923661905
topology_0295,cold,145,0.10430167752288388,0.10426087306200046,0.002917222156874156,9.865319807749638e-06,0.5024150458725232,0.5789604432000437
topology_0295,cold,150,0.10218293600549157,0.10214388798025441,0.0028246178367912172,9.646538837470747e-06,0.498399429261143,0.5753695030627517
topology_0295,cold,155,0.10017130466827835,0.10013388495309918,0.0027377498149833797,9.4390199302592e-06,0.4944499754613592,0.5718284686376605
topology_0295,cold,160,0.09825724784479291,0.09822134057581158,0.002656110711567329,9.24182858115366e-06,0.49056391551139705,0.5683357239261401
topology_0295,cold,165,0.0964323908032541,0.09639789097747288,0.002579249726076555,9.054132215174158e-06,0.4867387236821826,0.5648897355414084
topology_0295,cold,170,0.09468944609043582,0.09465625839067553,0.0025067647720262037,8.875187296199653e-06,0.48297208189790003,0.5614890481774706
topology_0295,cold,175,0.09302189748205511,0.09298993519451781,0.0024382961091792324,8.704327010876999e-06,0.47926185256756715,0.5581322817957285
topology_0295,cold,180,0.09142406676479092,0.09139325089158024,0.002373521083484839,8.540952591867554e-06,0.47560605298853487,0.5548181260905464
topology_0295,cold,185,0.08989082074360745,0.08986107917251304,0.0023121491323999555,8.38452460301034e-06,0.47200283494895007,0.551545337846876
topology_0295,cold,190,0.08841756143872735,0.08838882822100196,0.0022539185170341947,8.23455561466223e-06,0.4684504729424512,0.5483127357217097
topology_0295,cold,195,0.08700014035558067,0.0869723550704537,0.0021985927162124306,8.090604369034468e-06,0.46494735148740896,0.5451191957678848
topology_0295,cold,200,0.08563482027273414,0.08560792747995967,0.0021459572434772917,7.952271006482512e-06,0.4614919539640028,0.5419636486023395
topology_0295,cold,205,0.08431817799000803,0.08429212672981644,0.0020958172104161366,7.819191988470273e-06,0.45808285328115683,0.538845075417605
topology_0295,cold,210,0.08304718062815244,0.08302192398221404,0.0020479964415036165,7.691036538970728e-06,0.45471870530140474,0.5357625042710911
topology_0295,cold,215,0.08181905936507859,0.08179455407806474,0.002002333960582755,7.567502552034939e-06,0.45139823685520164,0.5327150087984854
topology_0295,cold,220,0.08063125654850427,0.08060746267118656,0.0019586829316139624,7.448313804210415e-06,0.44812024187437355,0.5297017044243034
topology_0295,cold,225,0.0794814362364115,0.07945831680737761,0.0019169096392593783,7.333217550392016e-06,0.44488357711929966,0.5267217450232979
topology_0295,cold,230,0.07836747882398556,0.07834499960139148,0.0018768917200446963,7.22198192396322e-06,0.44168715544630693,0.523774322318205
topology_0295,cold,235,0.07728741503782763,0.07726554424301914,0.0018385171864523599,7.114393605635931e-06,0.43852994219939057,0.5208586626589713
topology_0295,cold,240,0.07623943528491514,0.07621814337989652,0.0018016834185298873,7.010256216982492e-06,0.4354109520638157,0.5179740252836724
topology_0295,cold,245,0.07522187517782264,0.07520113466476468,0.0017662963115523138,6.909388797398206e-06,0.4323292451559768,0.5151196999659873
topology_0295,cold,250,0.07423319488036215,0.07421298012445529,0.0017322692616372477,6.811623867987646e-06,0.4292839237444705,0.512295005495376
topology_0295,cold,255,0.07327195182208873,0.07325223888445158,0.0016995226148077312,6.716806371376778e-06,0.4262741296753807,0.5094992878774556
topology_0295,cold,260,0.07233683536344954,0.07231760186437668,0.00166798294248764,6.62479282545839e-06,0.42329904276689206,0.5067319184884003
topology_0295,cold,265,0.07142662876712501,0.0714078537517716,0.0016375826361397883,6.5354497070085975e-06,0.420357875536541,0.5039922935065821
topology_0295,cold,270,0.07054018859693723,0.0705218524116518,0.0016082593495918627,6.4486528827627936e-06,0.4174498725213336,0.5012798324700337
topology_0295,cold,275,0.06967644501040175,0.06965852919813251,0.0015799552956708228,6.364286713572521e-06,0.41457430866310896,0.49859397664817795
topology_0295,cold,280,0.06883440482120123,0.06881689202690153,0.0015526169457443888,6.28224295711813e-06,0.4117304874088835,0.4959341877442453
topology_0295,cold,285,0.06801313509359204,0.06799600897425079,0.0015261947329175197,6.202420671572908e-06,0.40891773901763556,0.49329994727191306
topology_0295,cold,290,0.06721175318671635,0.06719499834216588,0.0015006421012835674,6.1247250370355306e-06,0.4061354190986136,0.49069075510535404
topology_0295,cold,295,0.066429448169243,0.06641305006116685,0.0014759163431146227,6.049067428500252e-06,0.4033829077885892,0.48810612841070583
topology_0295,cold,300,0.06566545856047319,0.06564940345118436,0.0014519775328384224,5.9753643948201115e-06,0.40065960670621564,0.48554560146531045
topology_0295,cold,305,0.06491905645595267,0.06490333135586368,0.001428788014500626,5.903537308735215e-06,0.3979649386946301,0.4830087245332499
topology_0295,cold,310,0.06418956470691844,0.06417415730281671,0.001406313516660509,5.8335124415624196e-06,0.39529834682748993,0.4804950626768412
topology_0295,cold,315,0.06347635087820919,0.06346124949751052,0.0013845215023556793,5.765220466179596e-06,0.3926592930994707,0.4780041956914763
topology_0295,cold,320,0.06277882018460036,0.0627640137351724,0.0013633822455503054,5.698595683634263e-06,0.3900472559007547,0.4755357178449619
topology_0295,cold,325,0.0620963539746765,0.06208183192827819,0.001342866203379683,5.63357424257882e-06,0.3874617333024697,0.47308923511251955
topology_0295,cold,330,0.06142841160364481,0.06141416395067673,0.001322946469142566,5.570097735906472e-06,0.3849022404275206,0.4706643666760234
topology_0295,cold,335,0.06077448764359574,0.06076050484848957,0.0013035983119687195,5.508110366851574e-06,0.3823683076023549,0.4682607430115939
topology_0295,cold,340,0.06013408856259685,0.06012036154521297,0.0012847977472036202,5.447559059913005e-06,0.3798594795320233,0.4658780057652927
topology_0295,cold,345,0.05950675825032026,0.05949327835420777,0.0012665224419757238,5.38839340640221e-06,0.3773753156012037,0.4635158074879486
topology_0295,cold,350,0.05889207504921986,0.058878834012631685,0.0012487515769701804,5.330565198991432e-06,0.3749153875460588,0.4611738127471633
topology_0295,cold,355,0.05828960161137726,0.05827659154617175,0.001231464964326005,5.274028435695388e-06,0.37247927989179336,0.4588516943292309
topology_0295,cold,360,0.05769894011996409,0.05768615349049964,0.0012146436524655454,5.218739585311023e-06,0.3700665897788791,0.4565491343755141
topology_0295,cold,365,0.05711970999604802,0.057107139594618016,0.0011982698693357573,5.164656968569274e-06,0.3676769260462477,0.4542658246671261
topology_0295,cold,370,0.05655154728878095,0.056539186217619886,0.0011823267207654205,5.111740830266359e-06,0.36530990885432457,0.45200146574141326
topology_0295,cold,375,0.0559941046551266,0.05598194631084833,0.0011667980868342667,5.059953147397983e-06,0.3629651691624773,0.44975576634455505
topology_0295,cold,380,0.05544704906280825,0.055435087116203756,0.0011516688324803026,5.009257555094894e-06,0.36064234825734254,0.4475284432316366
topology_0295,cold,385,0.054910066205741966,0.054898294591341414,0.001136924396534792,4.959619259035617e-06,0.35834109732604,0.445319220753766
topology_0295,cold,390,0.054382850301295846,0.05437126320254401,0.0011225509052453764,4.911004873515524e-06,0.3560610768587798,0.44312783085352686
topology_0295,cold,395,0.05386510882743631,0.053853700662437824,0.001108535204498972,4.863382422392113e-06,0.3538019566951785,0.4409540122613324
topology_0295,cold,400,0.053356563443331194,0.05334532885341723,0.001094864741506207,4.81672127409362e-06,0.35156341541807273,0.43879751055949967
topology_0295,cold,405,0.05285694780906799,0.05284588164752141,0.0010815275421047607,4.770992003422507e-06,0.34934513994638433,0.4366580777939044
topology_0295,cold,410,0.052366004679552686,0.052355102001061915,0.001068512152803897,4.7261663382773874e-06,0.34714682527587776,0.43453547236116374
topology_0295,cold,415,0.05188348757361843,0.05187274362411481,0.0010558076460784624,4.6822171589967016e-06,0.34496817419880565,0.4324294587975096
topology_0295,cold,420,0.051409153414385914,0.05139856361069622,0.001043404053883941,4.639118567880384e-06,0.3428088971207732,0.4303398073228472
topology_0295,cold,425,0.05094278597597619,0.05093234592292536,0.0010312907691810333,4.596845284423958e-06,0.34066871172376406,0.4282662936943791
topology_0295,cold,430,0.050484164534990314,0.05047387000562437,0.0010194580422373842,4.555373032440805e-06,0.3385473422512349,0.42620869906308134
topology_0295,cold,435,0.05003307444178348,0.05002292136334877,0.0010078968156273605,4.5146783624201845e-06,0.3364445197456623,0.4241668110273732
topology_0295,cold,440,0.0495893201687437,0.04957930461730328,0.0009965984344377985,4.474739760843838e-06,0.33435998169861003,0.4221404186399963
topology_0295,cold,445,0.04915270307223005,0.04914282126722073,0.000985554428147262,4.435534932738224e-06,0.33229347165609696,0.4201293192249971
topology_0295,cold,450,0.04872303534111119,0.04871328364287621,0.0009747565059387534,4.397043237309814e-06,0.33024473932251014,0.41813331369800627
topology_0295,cold,455,0.048300135951875676,0.0482905108498743,0.000964196984454872,4.3592447358606175e-06,0.3282135401928153,0.41615220746883097
topology_0295,cold,460,0.04788380948507042,0.04787430759120239,0.0009538683267316845,4.322120018496994e-06,0.32619963548145753,0.41418581020621287
topology_0295,cold,465,0.04747386403033062,0.04746448207367339,0.0009437632549836204,4.285650673919529e-06,0.3242027945079729,0.41223393468090563
topology_0295,cold,470,0.04707020693337584,0.047060941768570716,0.000933875015758781,4.249818797140639e-06,0.3222227896863289,0.4102963984596263
topology_0295,cold,475,0.04667267482481337,0.04666352341718514,0.0009241968587219691,4.214606925297802e-06,0.32025939647764295,0.40837302389255997
topology_0295,cold,480,0.04628111172773225,0.046272071145555635,0.0009147224623283517,4.179998319735959e-06,0.31831239555104496,0.40646363700481514
topology_0295,cold,485,0.04589536781809605,0.04588643523081321,0.0009054456237605733,4.145976802300282e-06,0.31638157258146693,0.4045680672025392
topology_0295,cold,490,0.04551530037771615,0.04550647305230109,0.0008963603633846271,4.1125267627690774e-06,0.31446671801108067,0.4026861474577634
topology_0295,cold,495,0.0451407694780836,0.04513204477412782,0.0008874609491119598,4.0796331229173e-06,0.3125676268312933,0.40081771406295313
topology_0295,cold,500,0.044771644253226724,0.04476301961899085,0.000878741911395615,4.047281341324738e-06,0.3106840985289422,0.39896260663091365
topology_0295,cold,505,0.04440779735257332,0.0443992703226451,0.0008701979085281595,4.015457340890941e-06,0.30881593663946966,0.39712066800739104
topology_0295,cold,510,0.04404910461087065,0.04404067280221181,0.0008618238071189829,3.98414749173619e-06,0.30696294880822816,0.3952917441746653
topology_0295,cold,515,0.04369544656981188,0.043687107678730235,0.0008536146516011023,3.953338632602423e-06,0.305124946629415,0.3934756841215146
topology_0295,cold,520,0.04334669175848997,0.043338443554449595,0.0008455656646633851,3.923017970664842e-06,0.3033017457726944,0.3916723397437839
topology_0295,cold,525,0.043002735183905565,0.04299457550904921,0.0008376723327034991,3.893173254011804e-06,0.30149316650410546,0.3898815657082008
topology_0295,cold,530,0.042663481916227416,0.04265540868644155,0.0008299301657465553,3.8637927109261045e-06,0.29969903152008925,0.3881032192884983
topology_0295,cold,535,0.04232883192844819,0.04232084312738795,0.0008223349120932713,3.834864764968983e-06,0.2979191666196104,0.38633716072786967
topology_0295,cold,540,0.041998680215911896,0.04199077389722732,0.0008148821398509819,3.8063781081008307e-06,0.29615340089783343,0.3845832527709871
topology_0295,cold,545,0.041672925947343245,0.04166510022443674,0.0008075679690771668,3.778321993702714e-06,0.2944015668802853,0.38284136070813385
topology_0295,cold,550,0.041351473875415476,0.04134372692138296,0.0008003885629104973,3.750685965924499e-06,0.29266350032989197,0.38111135226598514
topology_0295,cold,555,0.041034231521874694,0.04102656156689936,0.0007933402322318482,3.7234599428898125e-06,0.29093904011661426,0.3793930975628481
topology_0295,cold,560,0.040721109053220655,0.04071351438339084,0.0007864193617995877,3.6966341124015465e-06,0.2892280281156729,0.37768646907430486
topology_0295,cold,565,0.04041201927098519,0.04040449822598566,0.0007796224691738323,3.6701989638684427e-06,0.28753030915065236,0.3759913415055273
topology_0295,cold,570,0.04010687772296782,0.04009942869415914,0.0007729461865776987,3.64414529907663e-06,0.28584573090425414,0.3743075917211774
topology_0295,cold,575,0.039805602559886195,0.03979822398841818,0.0007663872585258061,3.618464214798801e-06,0.284174143828735,0.37263509874492895
topology_0295,cold,580,0.039508114350781325,0.03950080472578735,0.0007599425365930008,3.5931470705763727e-06,0.28251540107080614,0.37097374366176167
topology_0295,cold,585,0.039214339498634246,0.03920709735631516,0.000753608966654929,3.568185502838468e-06,0.28086935834701254,0.36932340948043374
topology_0295,cold,590,0.0389242018761154,0.038917025796925374,0.0007473836077499942,3.5435713704212913e-06,0.2792358737125513,0.3676839808745237
topology_0295,cold,595,0.03863761735537518,0.038630505961457666,0.0007412635676489371,3.519296737301898e-06,0.2776148081221791,0.36605534491320757
topology_0295,cold,600,0.03835452725090173,0.03834747920833946,0.0007352460735265083,3.4953540816022648e-06,0.27600602510053596,0.3644373906400786
topology_0295,cold,605,0.03807488112002747,0.038067895154091355,0.0007293276276011733,3.4717358880751626e-06,0.27440938951397803,0.36283000892779066
topology_0295,cold,610,0.03779859189915456,0.037791666740822814,0.0007235071649370565,3.448435065745041e-06,0.27282476822779556,0.36123309233687323
topology_0295,cold,615,0.037525589389083694,0.03751872381271356,0.0007177818120861858,3.425444534723127e-06,0.27125203157942,0.3596465349420275
topology_0295,cold,620,0.037255807835076434,0.03724900065549068,0.0007121488837576039,3.402757619545815e-06,0.2696910522794132,0.3580702325456522
topology_0295,cold,625,0.0369891940900486,0.03698244415638406,0.0007066061309768269,3.3803677746667573e-06,0.26814170504131646,0.356504082554895
topology_0295,cold,630,0.03672569494398925,0.036719001138155155,0.0007011513796238879,3.35826886679007e-06,0.26660386622893195,0.3549479840439509
topology_0295,cold,635,0.036465253872392,0.03645861510521458,0.0006957826211466383,3.336454675039353e-06,0.26507741352268566,0.35340183810293446
topology_0295,cold,640,0.036207794129959545,0.03620120934871389,0.0006904972551997426,3.314918513952562e-06,0.2635622278374773,0.3518655465589585
topology_0295,cold,645,0.03595326975500008,0.03594673793923368,0.0006852931895899164,3.2936549184761444e-06,0.26205819202099573,0.35033901329063455
topology_0295,cold,650,0.03570163161938933,0.03569515177640331,0.0006801685348642481,3.272658306870853e-06,0.2605651903799083,0.3488221431741494
topology_0295,cold,655,0.03545282882938922,0.03544639999450584,0.0006751213672101324,3.2519231452881383e-06,0.25908310892316655,0.3473148424863055
topology_0295,cold,660,0.035206821624795374,0.03520044286321718,0.000670149767823349,3.2314437717132858e-06,0.25761183512920244,0.3458170185301308
topology_0295,cold,665,0.03496354723873313,0.03495721764160912,0.0006652518022450979,3.2112154280228575e-06,0.25615125808744815,0.3443285807780804
topology_0295,cold,670,0.0347229567993467,0.034716675476329555,0.0006604260568351226,3.191233012890229e-06,0.25470126912715685,0.34284944020330044
topology_0295,cold,675,0.034485004083136844,0.034478770170568655,0.0006556707105789455,3.17149152961554e-06,0.2532617613668757,0.34137950866705075
topology_0295,cold,680,0.03424964431453947,0.0342434569725748,0.0006509841049271691,3.1519862252852857e-06,0.25183262946567936,0.3399186992598198
topology_0295,cold,685,0.03401683351410788,0.03401069192594553,0.0006463646270245677,3.132712441451906e-06,0.2504137696331076,0.3384669263231734
topology_0295,cold,690,0.03378652728837759,0.033780430659074746,0.0006418107203945364,3.1136656484049756e-06,0.2490050796215048,0.3370241053947099
topology_0295,cold,695,0.03355867510781708,0.033552622663226776,0.0006373208243100161,3.0948414358575527e-06,0.24760645902470527,0.33559015317544055
topology_0295,cold,700,0.033333250569983416,0.033327241558602165,0.000632893508147305,3.0762355799816437e-06,0.2462178088045152,0.3341649875302967
topology_0295,cold,705,0.03311021065090753,0.03310424434142972,0.0006285273104485873,3.0578438504636665e-06,0.2448390308669696,0.33274852752763046
topology_0295,cold,710,0.03288951434127297,0.03288359001965904,0.0006242209418416561,3.0396622695376827e-06,0.24347002878935392,0.33134069334672184
topology_0295,cold,715,0.03267112256876567,0.03266523953314772,0.0006199733984617189,3.0216870265860184e-06,0.2421107075095276,0.3299414061285335
topology_0295,cold,720,0.032455004414428,0.03244916198730353,0.0006157831101746996,3.003914261399877e-06,0.2407609733119306,0.32855058830173395
topology_0295,cold,725,0.03224111743851378,0.03223531496347137,0.0006116485687139265,2.9863399767895832e-06,0.2394207337210203,0.3271681632883994
topology_0295,cold,730,0.03202940105944257,0.032023637868931976,0.0006075697913803967,2.9689607893111214e-06,0.23808989831154043,0.3257940553637831
topology_0295,cold,735,0.031819840561209366,0.03181411604262145,0.0006035437469132384,2.951772816865023e-06,0.2367683788784438,0.32442818978041993
topology_0295,cold,740,0.0316124153985192,0.03160672895075224,0.0005995696367586421,2.9347729044623883e-06,0.2354560867493207,0.3230704926610269
topology_0295,cold,745,0.03140709240627023,0.03140144343638358,0.0005956467183848951,2.9179576556357906e-06,0.23415293403615836,0.3217208913433824
topology_0295,cold,750,0.031203836502110928,0.031198224430354835,0.0005917739652953662,2.9013237479677728e-06,0.2328588342322167,0.32037931414887766
topology_0295,cold,755,0.031002614116671132,0.030997038377638265,0.0005879503040001707,2.884867984028171e-06,0.23157370216435852,0.3190456903743565
topology_0295,cold,760,0.030803388001954656,0.030797848042770266,0.0005841747209554849,2.8685872096327535e-06,0.2302974540697363,0.3177199501401346
topology_0295,cold,765,0.03060613167673692,0.030600626965101213,0.0005804458802053285,2.852478328412245e-06,0.22903000747836352,0.3164020246962505
topology_0295,cold,770,0.03041081593561458,0.03040534594564369,0.0005767631659597197,2.836538524260429e-06,0.227771280882073,0.3150918458865949
topology_0295,cold,775,0.030217414515299523,0.030211978731977954,0.0005731257551622746,2.8207650081112106e-06,0.22652119366103293,0.31378934600476766
topology_0295,cold,780,0.03002589914147392,0.03002049706361126,0.0005695326494398906,2.805154868546061e-06,0.22527966624057566,0.31249445870276377
topology_0295,cold,785,0.029836241238825698,0.029830872377490866,0.000565982929778082,2.789705342245285e-06,0.22404662012480359,0.31120711840033416
topology_0295,cold,790,0.029648415356751584,0.02964307923494257,0.0005624757239275721,2.774413780948017e-06,0.2228219778621719,0.30992726030897666
topology_0295,cold,795,0.0294623956894389,0.02945709184132755,0.000559010195836466,2.759277566687459e-06,0.22160566277386912,0.3086548203663277
topology_0295,cold,800,0.02927815156908298,0.02927287953861673,0.0005555855367802064,2.744294080160853e-06,0.22039759942309517,0.3073897352008578
topology_0295,teacher_k20,0,0.6554886678324675,0.6551768099113442,0.020217312537884287,4.1047807553772844e-05,0.6809806113545269,0.6897088421542878
topology_0295,teacher_k20,5,0.46354776707663164,0.46329770243751905,0.015223999947967708,3.3217938468682896e-05,0.6613047311703413,0.6847242965430106
topology_0295,teacher_k20,10,0.3673189749000884,0.36709937779485063,0.012699422724327588,2.8403416721277235e-05,0.6452255898111438,0.6784637222883524
topology_0295,teacher_k20,15,0.31028338076327794,0.3100904994047083,0.010938826262764288,2.5235312189324557e-05,0.6318612041812064,0.6734408308923147
topology_0295,teacher_k20,20,0.270463445341029,0.27029153305152026,0.009641675165012341,2.2943650823337965e-05,0.6205687007655097,0.6686674359567897
topology_0295,teacher_k20,25,0.2409877598424703,0.24083307525240547,0.00863306495747834,2.116131566003213e-05,0.6108159015364674,0.6638870662083879
topology_0295,teacher_k20,30,0.21855847187464456,0.2184182285339604,0.00782832571892867,1.9715597574497006e-05,0.6021988931542538,0.6590676667489105
topology_0295,teacher_k20,35,0.20107719958473666,0.20094935950716739,0.007169014146137417,1.8511393414623195e-05,0.5944304263069007,0.654256818534903
topology_0295,teacher_k20,40,0.18711923422434493,0.18700215471149167,0.006618281057974597,1.7487202442805453e-05,0.5873069415751553,0.6494868961905398
topology_0295,teacher_k20,45,0.17572838266712873,0.17562072375327753,0.006150251016334208,1.6601683225157025e-05,0.5806833938993314,0.644775550749826
topology_0295,teacher_k20,50,0.16624741859691813,0.1661480595664172,0.005746846266210463,1.5825478245632134e-05,0.5744546766581021,0.6401320922689336
topology_0295,teacher_k20,55,0.15821524733252287,0.15812323870847164,0.005394964290657496,1.513729248983592e-05,0.5685438514605605,0.6355614450292827
topology_0295,teacher_k20,60,0.15130113719739088,0.15121566634879116,0.005084894988733541,1.452130519357911e-05,0.5628940548817618,0.6310660090237584
topology_0295,teacher_k20,65,0.14526422888089446,0.14518459560408437,0.004809282337760246,1.3965495642730735e-05,0.5574628220571731,0.6266464796223606
topology_0295,teacher_k20,70,0.1399268145056039,0.13985241241387628,0.0045624531250870945,1.3460540084960248e-05,0.5522180891728224,0.6223023730252596
topology_0295,teacher_k20,75,0.13515579675607126,0.13508609836526192,0.004339960396514253,1.299907359874111e-05,0.5471353170473353,0.6180324348883546
topology_0295,teacher_k20,80,0.13085008419609453,0.13078462891176257,0.004138262485924632,1.2575180491932768e-05,0.5421954635483653,0.6138349182557773
topology_0295,teacher_k20,85,0.1269319406325554,0.12687032481956742,0.003954501798364702,1.2184037203471585e-05,0.5373835329010753,0.6097077842303126
topology_0295,teacher_k20,90,0.12334079679142268,0.12328266541852032,0.0037863466160006016,1.1821662345233662e-05,0.5326875339008101,0.6056488418342246
topology_0295,teacher_k20,95,0.12002879962033072,0.11997383942940304,0.003631867146021251,1.1484727930493952e-05,0.5280977214379117,0.6016558395768709
topology_0295,teacher_k20,100,0.1169576648001578,0.11690559842149213,0.003489453888572901,1.1170425898308267e-05,0.5236060525550703,0.59772652641423
topology_0295,teacher_k20,105,0.11409639527017858,0.11404697631588348,0.003357750520486323,1.0876364668410112e-05,0.5192057863784642,0.5938586898757382
topology_0295,teacher_k20,110,0.11141959853709894,0.1113726075241219,0.0032356018104568456,1.0600489367046074e-05,0.5148911917277709,0.5900501843673156
topology_0295,teacher_k20,115,0.10890618365485338,0.10886142453287509,0.0031220153748904634,1.0341022275015106e-05,0.5106573263088076,0.5862989443523124
topology_0295,teacher_k20,120,0.10653851565184937,0.10649581273795156,0.003016137371683798,1.0096417174895882e-05,0.506499879962744,0.5826029923661905
topology_0295,teacher_k20,125,0.10430167752288388,0.10426087306200046,0.002917222156874156,9.865319807749638e-06,0.5024150458725232,0.5789604432000437
topology_0295,teacher_k20,130,0.10218293600549157,0.10214388798025441,0.0028246178367912172,9.646538837470747e-06,0.498399429261143,0.5753695030627517
topology_0295,teacher_k20,135,0.10017130466827835,0.10013388495309918,0.0027377498149833797,9.4390199302592e-06,0.4944499754613592,0.5718284686376605
topology_0295,teacher_k20,140,0.09825724784479291,0.09822134057581158,0.002656110711567329,9.24182858115366e-06,0.49056391551139705,0.5683357239261401
topology_0295,teacher_k20,145,0.0964323908032541,0.09639789097747288,0.002579249726076555,9.054132215174158e-06,0.4867387236821826,0.5648897355414084
topology_0295,teacher_k20,150,0.09468944609043582,0.09465625839067553,0.0025067647720262037,8.875187296199653e-06,0.48297208189790003,0.5614890481774706
topology_0295,teacher_k20,155,0.09302189748205511,0.09298993519451781,0.0024382961091792324,8.704327010876999e-06,0.47926185256756715,0.5581322817957285
topology_0295,teacher_k20,160,0.09142406676479092,0.09139325089158024,0.002373521083484839,8.540952591867554e-06,0.47560605298853487,0.5548181260905464
topology_0295,teacher_k20,165,0.08989082074360745,0.08986107917251304,0.0023121491323999555,8.38452460301034e-06,0.47200283494895007,0.551545337846876
topology_0295,teacher_k20,170,0.08841756143872735,0.08838882822100196,0.0022539185170341947,8.23455561466223e-06,0.4684504729424512,0.5483127357217097
topology_0295,teacher_k20,175,0.08700014035558067,0.0869723550704537,0.0021985927162124306,8.090604369034468e-06,0.46494735148740896,0.5451191957678848
topology_0295,teacher_k20,180,0.08563482027273414,0.08560792747995967,0.0021459572434772917,7.952271006482512e-06,0.4614919539640028,0.5419636486023395
topology_0295,teacher_k20,185,0.08431817799000803,0.08429212672981644,0.0020958172104161366,7.819191988470273e-06,0.45808285328115683,0.538845075417605
topology_0295,teacher_k20,190,0.08304718062815244,0.08302192398221404,0.0020479964415036165,7.691036538970728e-06,0.45471870530140474,0.5357625042710911
topology_0295,teacher_k20,195,0.08181905936507859,0.08179455407806474,0.002002333960582755,7.567502552034939e-06,0.45139823685520164,0.5327150087984854
topology_0295,teacher_k20,200,0.08063125654850427,0.08060746267118656,0.0019586829316139624,7.448313804210415e-06,0.44812024187437355,0.5297017044243034
topology_0295,teacher_k20,205,0.0794814362364115,0.07945831680737761,0.0019169096392593783,7.333217550392016e-06,0.44488357711929966,0.5267217450232979
topology_0295,teacher_k20,210,0.07836747882398556,0.07834499960139148,0.0018768917200446963,7.22198192396322e-06,0.44168715544630693,0.523774322318205
topology_0295,teacher_k20,215,0.07728741503782763,0.07726554424301914,0.0018385171864523599,7.114393605635931e-06,0.43852994219939057,0.5208586626589713
topology_0295,teacher_k20,220,0.07623943528491514,0.07621814337989652,0.0018016834185298873,7.010256216982492e-06,0.4354109520638157,0.5179740252836724
topology_0295,teacher_k20,225,0.07522187517782264,0.07520113466476468,0.0017662963115523138,6.909388797398206e-06,0.4323292451559768,0.5151196999659873
topology_0295,teacher_k20,230,0.07423319488036215,0.07421298012445529,0.0017322692616372477,6.811623867987646e-06,0.4292839237444705,0.512295005495376
topology_0295,teacher_k20,235,0.07327195182208873,0.07325223888445158,0.0016995226148077312,6.716806371376778e-06,0.4262741296753807,0.5094992878774556
topology_0295,teacher_k20,240,0.07233683536344954,0.07231760186437668,0.00166798294248764,6.62479282545839e-06,0.42329904276689206,0.5067319184884003
topology_0295,teacher_k20,245,0.07142662876712501,0.0714078537517716,0.0016375826361397883,6.5354497070085975e-06,0.420357875536541,0.5039922935065821
topology_0295,teacher_k20,250,0.07054018859693723,0.0705218524116518,0.0016082593495918627,6.4486528827627936e-06,0.4174498725213336,0.5012798324700337
topology_0295,teacher_k20,255,0.06967644501040175,0.06965852919813251,0.0015799552956708228,6.364286713572521e-06,0.41457430866310896,0.49859397664817795
topology_0295,teacher_k20,260,0.06883440482120123,0.06881689202690153,0.0015526169457443888,6.28224295711813e-06,0.4117304874088835,0.4959341877442453
topology_0295,teacher_k20,265,0.06801313509359204,0.06799600897425079,0.0015261947329175197,6.202420671572908e-06,0.40891773901763556,0.49329994727191306
topology_0295,teacher_k20,270,0.06721175318671635,0.06719499834216588,0.0015006421012835674,6.1247250370355306e-06,0.4061354190986136,0.49069075510535404
topology_0295,teacher_k20,275,0.066429448169243,0.06641305006116685,0.0014759163431146227,6.049067428500252e-06,0.4033829077885892,0.48810612841070583
topology_0295,teacher_k20,280,0.06566545856047319,0.06564940345118436,0.0014519775328384224,5.9753643948201115e-06,0.40065960670621564,0.48554560146531045
topology_0295,teacher_k20,285,0.06491905645595267,0.06490333135586368,0.001428788014500626,5.903537308735215e-06,0.3979649386946301,0.4830087245332499
topology_0295,teacher_k20,290,0.06418956470691844,0.06417415730281671,0.001406313516660509,5.8335124415624196e-06,0.39529834682748993,0.4804950626768412
topology_0295,teacher_k20,295,0.06347635087820919,0.06346124949751052,0.0013845215023556793,5.765220466179596e-06,0.3926592930994707,0.4780041956914763
topology_0295,teacher_k20,300,0.06277882018460036,0.0627640137351724,0.0013633822455503054,5.698595683634263e-06,0.3900472559007547,0.4755357178449619
topology_0295,teacher_k20,305,0.0620963539746765,0.06208183192827819,0.001342866203379683,5.63357424257882e-06,0.3874617333024697,0.47308923511251955
topology_0295,teacher_k20,310,0.06142841160364481,0.06141416395067673,0.001322946469142566,5.570097735906472e-06,0.3849022404275206,0.4706643666760234
topology_0295,teacher_k20,315,0.06077448764359574,0.06076050484848957,0.0013035983119687195,5.508110366851574e-06,0.3823683076023549,0.4682607430115939
topology_0295,teacher_k20,320,0.06013408856259685,0.06012036154521297,0.0012847977472036202,5.447559059913005e-06,0.3798594795320233,0.4658780057652927
topology_0295,teacher_k20,325,0.05950675825032026,0.05949327835420777,0.0012665224419757238,5.38839340640221e-06,0.3773753156012037,0.4635158074879486
topology_0295,teacher_k20,330,0.05889207504921986,0.058878834012631685,0.0012487515769701804,5.330565198991432e-06,0.3749153875460588,0.4611738127471633
topology_0295,teacher_k20,335,0.05828960161137726,0.05827659154617175,0.001231464964326005,5.274028435695388e-06,0.37247927989179336,0.4588516943292309
topology_0295,teacher_k20,340,0.05769894011996409,0.05768615349049964,0.0012146436524655454,5.218739585311023e-06,0.3700665897788791,0.4565491343755141
topology_0295,teacher_k20,345,0.05711970999604802,0.057107139594618016,0.0011982698693357573,5.164656968569274e-06,0.3676769260462477,0.4542658246671261
topology_0295,teacher_k20,350,0.05655154728878095,0.056539186217619886,0.0011823267207654205,5.111740830266359e-06,0.36530990885432457,0.45200146574141326
topology_0295,teacher_k20,355,0.0559941046551266,0.05598194631084833,0.0011667980868342667,5.059953147397983e-06,0.3629651691624773,0.44975576634455505
topology_0295,teacher_k20,360,0.05544704906280825,0.055435087116203756,0.0011516688324803026,5.009257555094894e-06,0.36064234825734254,0.4475284432316366
topology_0295,teacher_k20,365,0.054910066205741966,0.054898294591341414,0.001136924396534792,4.959619259035617e-06,0.35834109732604,0.445319220753766
topology_0295,teacher_k20,370,0.054382850301295846,0.05437126320254401,0.0011225509052453764,4.911004873515524e-06,0.3560610768587798,0.44312783085352686
topology_0295,teacher_k20,375,0.05386510882743631,0.053853700662437824,0.001108535204498972,4.863382422392113e-06,0.3538019566951785,0.4409540122613324
topology_0295,teacher_k20,380,0.053356563443331194,0.05334532885341723,0.001094864741506207,4.81672127409362e-06,0.35156341541807273,0.43879751055949967
topology_0295,teacher_k20,385,0.05285694780906799,0.05284588164752141,0.0010815275421047607,4.770992003422507e-06,0.34934513994638433,0.4366580777939044
topology_0295,teacher_k20,390,0.052366004679552686,0.052355102001061915,0.001068512152803897,4.7261663382773874e-06,0.34714682527587776,0.43453547236116374
topology_0295,teacher_k20,395,0.05188348757361843,0.05187274362411481,0.0010558076460784624,4.6822171589967016e-06,0.34496817419880565,0.4324294587975096
topology_0295,teacher_k20,400,0.051409153414385914,0.05139856361069622,0.001043404053883941,4.639118567880384e-06,0.3428088971207732,0.4303398073228472
topology_0295,teacher_k20,405,0.05094278597597619,0.05093234592292536,0.0010312907691810333,4.596845284423958e-06,0.34066871172376406,0.4282662936943791
topology_0295,teacher_k20,410,0.050484164534990314,0.05047387000562437,0.0010194580422373842,4.555373032440805e-06,0.3385473422512349,0.42620869906308134
topology_0295,teacher_k20,415,0.05003307444178348,0.05002292136334877,0.0010078968156273605,4.5146783624201845e-06,0.3364445197456623,0.4241668110273732
topology_0295,teacher_k20,420,0.0495893201687437,0.04957930461730328,0.0009965984344377985,4.474739760843838e-06,0.33435998169861003,0.4221404186399963
topology_0295,teacher_k20,425,0.04915270307223005,0.04914282126722073,0.000985554428147262,4.435534932738224e-06,0.33229347165609696,0.4201293192249971
topology_0295,teacher_k20,430,0.04872303534111119,0.04871328364287621,0.0009747565059387534,4.397043237309814e-06,0.33024473932251014,0.41813331369800627
topology_0295,teacher_k20,435,0.048300135951875676,0.0482905108498743,0.000964196984454872,4.3592447358606175e-06,0.3282135401928153,0.41615220746883097
topology_0295,teacher_k20,440,0.04788380948507042,0.04787430759120239,0.0009538683267316845,4.322120018496994e-06,0.32619963548145753,0.41418581020621287
topology_0295,teacher_k20,445,0.04747386403033062,0.04746448207367339,0.0009437632549836204,4.285650673919529e-06,0.3242027945079729,0.41223393468090563
topology_0295,teacher_k20,450,0.04707020693337584,0.047060941768570716,0.000933875015758781,4.249818797140639e-06,0.3222227896863289,0.4102963984596263
topology_0295,teacher_k20,455,0.04667267482481337,0.04666352341718514,0.0009241968587219691,4.214606925297802e-06,0.32025939647764295,0.40837302389255997
topology_0295,teacher_k20,460,0.04628111172773225,0.046272071145555635,0.0009147224623283517,4.179998319735959e-06,0.31831239555104496,0.40646363700481514
topology_0295,teacher_k20,465,0.04589536781809605,0.04588643523081321,0.0009054456237605733,4.145976802300282e-06,0.31638157258146693,0.4045680672025392
topology_0295,teacher_k20,470,0.04551530037771615,0.04550647305230109,0.0008963603633846271,4.1125267627690774e-06,0.31446671801108067,0.4026861474577634
topology_0295,teacher_k20,475,0.0451407694780836,0.04513204477412782,0.0008874609491119598,4.0796331229173e-06,0.3125676268312933,0.40081771406295313
topology_0295,teacher_k20,480,0.044771644253226724,0.04476301961899085,0.000878741911395615,4.047281341324738e-06,0.3106840985289422,0.39896260663091365
topology_0295,teacher_k20,485,0.04440779735257332,0.0443992703226451,0.0008701979085281595,4.015457340890941e-06,0.30881593663946966,0.39712066800739104
topology_0295,teacher_k20,490,0.04404910461087065,0.04404067280221181,0.0008618238071189829,3.98414749173619e-06,0.30696294880822816,0.3952917441746653
topology_0295,teacher_k20,495,0.04369544656981188,0.043687107678730235,0.0008536146516011023,3.953338632602423e-06,0.305124946629415,0.3934756841215146
topology_0295,teacher_k20,500,0.04334669175848997,0.043338443554449595,0.0008455656646633851,3.923017970664842e-06,0.3033017457726944,0.3916723397437839
topology_0295,teacher_k20,505,0.043002735183905565,0.04299457550904921,0.0008376723327034991,3.893173254011804e-06,0.30149316650410546,0.3898815657082008
topology_0295,teacher_k20,510,0.042663481916227416,0.04265540868644155,0.0008299301657465553,3.8637927109261045e-06,0.29969903152008925,0.3881032192884983
topology_0295,teacher_k20,515,0.04232883192844819,0.04232084312738795,0.0008223349120932713,3.834864764968983e-06,0.2979191666196104,0.38633716072786967
topology_0295,teacher_k20,520,0.041998680215911896,0.04199077389722732,0.0008148821398509819,3.8063781081008307e-06,0.29615340089783343,0.3845832527709871
topology_0295,teacher_k20,525,0.041672925947343245,0.04166510022443674,0.0008075679690771668,3.778321993702714e-06,0.2944015668802853,0.38284136070813385
topology_0295,teacher_k20,530,0.041351473875415476,0.04134372692138296,0.0008003885629104973,3.750685965924499e-06,0.29266350032989197,0.38111135226598514
topology_0295,teacher_k20,535,0.041034231521874694,0.04102656156689936,0.0007933402322318482,3.7234599428898125e-06,0.29093904011661426,0.3793930975628481
topology_0295,teacher_k20,540,0.040721109053220655,0.04071351438339084,0.0007864193617995877,3.6966341124015465e-06,0.2892280281156729,0.37768646907430486
topology_0295,teacher_k20,545,0.04041201927098519,0.04040449822598566,0.0007796224691738323,3.6701989638684427e-06,0.28753030915065236,0.3759913415055273
topology_0295,teacher_k20,550,0.04010687772296782,0.04009942869415914,0.0007729461865776987,3.64414529907663e-06,0.28584573090425414,0.3743075917211774
topology_0295,teacher_k20,555,0.039805602559886195,0.03979822398841818,0.0007663872585258061,3.618464214798801e-06,0.284174143828735,0.37263509874492895
topology_0295,teacher_k20,560,0.039508114350781325,0.03950080472578735,0.0007599425365930008,3.5931470705763727e-06,0.28251540107080614,0.37097374366176167
topology_0295,teacher_k20,565,0.039214339498634246,0.03920709735631516,0.000753608966654929,3.568185502838468e-06,0.28086935834701254,0.36932340948043374
topology_0295,teacher_k20,570,0.0389242018761154,0.038917025796925374,0.0007473836077499942,3.5435713704212913e-06,0.2792358737125513,0.3676839808745237
topology_0295,teacher_k20,575,0.03863761735537518,0.038630505961457666,0.0007412635676489371,3.519296737301898e-06,0.2776148081221791,0.36605534491320757
topology_0295,teacher_k20,580,0.03835452725090173,0.03834747920833946,0.0007352460735265083,3.4953540816022648e-06,0.27600602510053596,0.3644373906400786
topology_0295,teacher_k20,585,0.03807488112002747,0.038067895154091355,0.0007293276276011733,3.4717358880751626e-06,0.27440938951397803,0.36283000892779066
topology_0295,teacher_k20,590,0.03779859189915456,0.037791666740822814,0.0007235071649370565,3.448435065745041e-06,0.27282476822779556,0.36123309233687323
topology_0295,teacher_k20,595,0.037525589389083694,0.03751872381271356,0.0007177818120861858,3.425444534723127e-06,0.27125203157942,0.3596465349420275
topology_0295,teacher_k20,600,0.037255807835076434,0.03724900065549068,0.0007121488837576039,3.402757619545815e-06,0.2696910522794132,0.3580702325456522
topology_0295,teacher_k20,605,0.0369891940900486,0.03698244415638406,0.0007066061309768269,3.3803677746667573e-06,0.26814170504131646,0.356504082554895
topology_0295,teacher_k20,610,0.03672569494398925,0.036719001138155155,0.0007011513796238879,3.35826886679007e-06,0.26660386622893195,0.3549479840439509
topology_0295,teacher_k20,615,0.036465253872392,0.03645861510521458,0.0006957826211466383,3.336454675039353e-06,0.26507741352268566,0.35340183810293446
topology_0295,teacher_k20,620,0.036207794129959545,0.03620120934871389,0.0006904972551997426,3.314918513952562e-06,0.2635622278374773,0.3518655465589585
topology_0295,teacher_k20,625,0.03595326975500008,0.03594673793923368,0.0006852931895899164,3.2936549184761444e-06,0.26205819202099573,0.35033901329063455
topology_0295,teacher_k20,630,0.03570163161938933,0.03569515177640331,0.0006801685348642481,3.272658306870853e-06,0.2605651903799083,0.3488221431741494
topology_0295,teacher_k20,635,0.03545282882938922,0.03544639999450584,0.0006751213672101324,3.2519231452881383e-06,0.25908310892316655,0.3473148424863055
topology_0295,teacher_k20,640,0.035206821624795374,0.03520044286321718,0.000670149767823349,3.2314437717132858e-06,0.25761183512920244,0.3458170185301308
topology_0295,teacher_k20,645,0.03496354723873313,0.03495721764160912,0.0006652518022450979,3.2112154280228575e-06,0.25615125808744815,0.3443285807780804
topology_0295,teacher_k20,650,0.0347229567993467,0.034716675476329555,0.0006604260568351226,3.191233012890229e-06,0.25470126912715685,0.34284944020330044
topology_0295,teacher_k20,655,0.034485004083136844,0.034478770170568655,0.0006556707105789455,3.17149152961554e-06,0.2532617613668757,0.34137950866705075
topology_0295,teacher_k20,660,0.03424964431453947,0.0342434569725748,0.0006509841049271691,3.1519862252852857e-06,0.25183262946567936,0.3399186992598198
topology_0295,teacher_k20,665,0.03401683351410788,0.03401069192594553,0.0006463646270245677,3.132712441451906e-06,0.2504137696331076,0.3384669263231734
topology_0295,teacher_k20,670,0.03378652728837759,0.033780430659074746,0.0006418107203945364,3.1136656484049756e-06,0.2490050796215048,0.3370241053947099
topology_0295,teacher_k20,675,0.03355867510781708,0.033552622663226776,0.0006373208243100161,3.0948414358575527e-06,0.24760645902470527,0.33559015317544055
topology_0295,teacher_k20,680,0.033333250569983416,0.033327241558602165,0.000632893508147305,3.0762355799816437e-06,0.2462178088045152,0.3341649875302967
topology_0295,teacher_k20,685,0.03311021065090753,0.03310424434142972,0.0006285273104485873,3.0578438504636665e-06,0.2448390308669696,0.33274852752763046
topology_0295,teacher_k20,690,0.03288951434127297,0.03288359001965904,0.0006242209418416561,3.0396622695376827e-06,0.24347002878935392,0.33134069334672184
topology_0295,teacher_k20,695,0.03267112256876567,0.03266523953314772,0.0006199733984617189,3.0216870265860184e-06,0.2421107075095276,0.3299414061285335
topology_0295,teacher_k20,700,0.032455004414428,0.03244916198730353,0.0006157831101746996,3.003914261399877e-06,0.2407609733119306,0.32855058830173395
topology_0295,teacher_k20,705,0.03224111743851378,0.03223531496347137,0.0006116485687139265,2.9863399767895832e-06,0.2394207337210203,0.3271681632883994
topology_0295,teacher_k20,710,0.03202940105944257,0.032023637868931976,0.0006075697913803967,2.9689607893111214e-06,0.23808989831154043,0.3257940553637831
topology_0295,teacher_k20,715,0.031819840561209366,0.03181411604262145,0.0006035437469132384,2.951772816865023e-06,0.2367683788784438,0.32442818978041993
topology_0295,teacher_k20,720,0.0316124153985192,0.03160672895075224,0.0005995696367586421,2.9347729044623883e-06,0.2354560867493207,0.3230704926610269
topology_0295,teacher_k20,725,0.03140709240627023,0.03140144343638358,0.0005956467183848951,2.9179576556357906e-06,0.23415293403615836,0.3217208913433824
topology_0295,teacher_k20,730,0.031203836502110928,0.031198224430354835,0.0005917739652953662,2.9013237479677728e-06,0.2328588342322167,0.32037931414887766
topology_0295,teacher_k20,735,0.031002614116671132,0.030997038377638265,0.0005879503040001707,2.884867984028171e-06,0.23157370216435852,0.3190456903743565
topology_0295,teacher_k20,740,0.030803388001954656,0.030797848042770266,0.0005841747209554849,2.8685872096327535e-06,0.2302974540697363,0.3177199501401346
topology_0295,teacher_k20,745,0.03060613167673692,0.030600626965101213,0.0005804458802053285,2.852478328412245e-06,0.22903000747836352,0.3164020246962505
topology_0295,teacher_k20,750,0.03041081593561458,0.03040534594564369,0.0005767631659597197,2.836538524260429e-06,0.227771280882073,0.3150918458865949
topology_0295,teacher_k20,755,0.030217414515299523,0.030211978731977954,0.0005731257551622746,2.8207650081112106e-06,0.22652119366103293,0.31378934600476766
topology_0295,teacher_k20,760,0.03002589914147392,0.03002049706361126,0.0005695326494398906,2.805154868546061e-06,0.22527966624057566,0.31249445870276377
topology_0295,teacher_k20,765,0.029836241238825698,0.029830872377490866,0.000565982929778082,2.789705342245285e-06,0.22404662012480359,0.31120711840033416
topology_0295,teacher_k20,770,0.029648415356751584,0.02964307923494257,0.0005624757239275721,2.774413780948017e-06,0.2228219778621719,0.30992726030897666
topology_0295,teacher_k20,775,0.0294623956894389,0.02945709184132755,0.000559010195836466,2.759277566687459e-06,0.22160566277386912,0.3086548203663277
topology_0295,teacher_k20,780,0.02927815156908298,0.02927287953861673,0.0005555855367802064,2.744294080160853e-06,0.22039759942309517,0.3073897352008578
topology_0295,teacher_k20,785,0.02909565803296533,0.029090417374264682,0.000552200971008954,2.7294608900678174e-06,0.2191977134978657,0.30613194246043757
topology_0295,teacher_k20,790,0.02891489061298215,0.02890968088597049,0.000548855957486877,2.714775654114813e-06,0.21800593163243126,0.3048813804652823
topology_0295,teacher_k20,795,0.028735823807492077,0.028730644590957182,0.0005455492572240669,2.700235852951196e-06,0.2168221814125615,0.3036379882379498
topology_0295,teacher_k20,800,0.028558433873665603,0.02855328475373414,0.0005422802550089675,2.6858391780041765e-06,0.21564639136586497,0.30240170547862283
topology_0295,neural,0,4.889821619813264,4.886644785638812,0.17623328071651942,0.00020820695649301034,0.7412309397721711,0.9992824596342897
topology_0295,neural,5,1.669390057214001,1.6684268766685926,0.05670004940363475,0.00015726562080358914,0.7339750105015052,0.7644368393075982
topology_0295,neural,10,0.9350887872745137,0.9345349703668583,0.03217802161330976,6.459867824417711e-05,0.7093667108234196,0.7207648273398328
topology_0295,neural,15,0.6030903853757503,0.6026774904658992,0.022312629932641874,4.4315750570856916e-05,0.6881454393957009,0.7159385967811924
topology_0295,neural,20,0.4475517961742224,0.4472059282459512,0.017591666187214902,3.579395758306466e-05,0.6720188053339455,0.7123095500789197
topology_0295,neural,25,0.36870831689808337,0.36842159042435174,0.014538008609816928,3.1059132138165795e-05,0.6590499985056593,0.7063029174790701
topology_0295,neural,30,0.3183624101083111,0.31811929766031544,0.012439286872538414,2.7716110532319578e-05,0.6479543146459774,0.6999427006407744
topology_0295,neural,35,0.2819600168590692,0.28174954445095646,0.01089241371687531,2.5144891552532083e-05,0.6381425812099293,0.6937201065157433
topology_0295,neural,40,0.2541823149525702,0.2539972817515122,0.009696884208447058,2.311143556016563e-05,0.6292944135003794,0.6877720197288264
topology_0295,neural,45,0.23247631044221703,0.23231173310824169,0.008746034333651558,2.145939812513501e-05,0.6211868854986606,0.6820189733767719
topology_0295,neural,50,0.21513137672616464,0.21498369167122444,0.00797001656961556,2.0084494769441847e-05,0.61365595061183,0.6764313024179636
topology_0295,neural,55,0.2009791290482273,0.2008456023534241,0.007324887057881091,1.8917281294480824e-05,0.6065833248569883,0.6709904743265767
topology_0295,neural,60,0.1891941095285859,0.1890726053864724,0.0067794285825676995,1.791032397961975e-05,0.599883026191408,0.665688879020713
topology_0295,neural,65,0.17920274316774298,0.1790915518903392,0.006311807215946257,1.7030053456344645e-05,0.5934920023733434,0.660518549673416
topology_0295,neural,70,0.17059867914343393,0.170496416650098,0.005906011415088289,1.6251933853067643e-05,0.5873631383740731,0.655472070800362
topology_0295,neural,75,0.16308825690961126,0.16299378743918502,0.0055501852227618454,1.555757579018619e-05,0.5814605532753155,0.6505423666800068
topology_0295,neural,80,0.15645481088626326,0.1563671924519804,0.0052353367751851445,1.4932920739059544e-05,0.5757564108683586,0.6457228464338206
topology_0295,neural,85,0.15053556006797905,0.150454003575227,0.004954537996043827,1.4367026676529133e-05,0.5702287255139126,0.6410074447188923
topology_0295,neural,90,0.14520648088850482,0.1451303191904648,0.0047023772541817084,1.3851241166910628e-05,0.5648598336973539,0.6363905719785543
topology_0295,neural,95,0.14037143249781456,0.14030009692706202,0.004474559727849988,1.337861839790406e-05,0.5596353132992091,0.6318670776627214
topology_0295,neural,100,0.1359550963583842,0.1358880987887797,0.004267630004336881,1.2943510844881427e-05,0.5545431962030851,0.6274322115260798
topology_0295,neural,105,0.13189760428745714,0.13183452269197654,0.004078784876146855,1.2541270509079884e-05,0.549573405820991,0.6230815954787559
topology_0295,neural,110,0.12815082250963583,0.12809128992688748,0.0039057146210864486,1.21680263257622e-05,0.544717333702195,0.618811195862891
topology_0295,neural,115,0.12467540749369016,0.12461910282144936,0.0037465058347807612,1.1820519533629966e-05,0.5399675355777785,0.6146172948919876
topology_0295,neural,120,0.12143885041044455,0.12138549112811724,0.0035995555890177915,1.1495984782813897e-05,0.5353175072719181,0.6104964537503149
topology_0295,neural,125,0.11841399300379427,0.11836332931054563,0.003463508100737167,1.1192054953285124e-05,0.5307615107860785,0.6064454879175867
topology_0295,neural,130,0.11557793788258838,0.11552974792128105,0.0033372071378421036,1.0906688625336928e-05,0.5262944406080516,0.6024614432938742
topology_0295,neural,135,0.11291117694753038,0.11286526287067947,0.003219658932167648,1.0638112575694574e-05,0.5219117207413381,0.598541575886176
topology_0295,neural,140,0.11039697414440452,0.11035315895126271,0.0031100003013009797,1.0384776339900182e-05,0.5176092209228654,0.5946833314451404
topology_0295,neural,145,0.1080208352844295,0.1079789599681779,0.003007483467781404,1.0145319321434961e-05,0.5133831937635156,0.5908843293106902
topology_0295,neural,150,0.10577009440427985,0.10573001576894012,0.002911449366299375,9.918539308407754e-06,0.5092302224250914,0.5871423475835573
topology_0295,neural,155,0.10363371313562163,0.10359530188495962,0.002821317331495774,9.703370491492554e-06,0.5051471792602704,0.5834553062389365
topology_0295,neural,160,0.1016019650361379,0.10156510413440673,0.0027365728828737767,9.498864360090372e-06,0.5011311838064223,0.5798212556406225
topology_0295,neural,165,0.0996662230045149,0.09963080624663491,0.0026567589396714855,9.304174672176607e-06,0.497179576371314,0.5762383664738421
topology_0295,neural,170,0.09781880908429522,0.0977847399067652,0.002581466422068621,9.1185421892314e-06,0.4932898938202402,0.5727049190247407
topology_0295,neural,175,0.09605281545047542,0.0960200058575714,0.002510328888505802,8.941284975471838e-06,0.489459850436006,0.5692192935701363
topology_0295,neural,180,0.0943621915750458,0.09433056127450401,0.0024430168927766084,8.771789651363787e-06,0.48568731704099716,0.5657799622256151
topology_0295,neural,185,0.09274139969042286,0.09271087524593398,0.002379233815351246,8.60950169895162e-06,0.48197030354686365,0.5623854838391312
topology_0295,neural,190,0.09118548430177481,0.09115599845573998,0.0023187111544114907,8.453919783487388e-06,0.4783069485313626,0.5590344958460592
topology_0295,neural,195,0.08968996942212742,0.08966146047026598,0.0022612059426071794,8.304589414278082e-06,0.4746955049733736,0.55572570727317
topology_0295,neural,200,0.08825078181251118,0.08822319304675198,0.0022064978022815593,8.161097543319532e-06,0.4711343312670857,0.5524578943417287
topology_0295,neural,205,0.08686424802375797,0.08683752726103158,0.0021543861197353344,8.023068530046703e-06,0.4676218819917753,0.5492298957296312
topology_0295,neural,210,0.08552700979895775,0.0855011089230869,0.0021046890076295535,7.890159175587367e-06,0.4641566990918885,0.5460406082289592
topology_0295,neural,215,0.08423596592339595,0.08421084050795864,0.002057239835594492,7.762056438853771e-06,0.460737407376575,0.5428889818771362
topology_0295,neural,220,0.08298833811847203,0.08296394708740283,0.002011886924798075,7.63847393290901e-06,0.45736270533846735,0.5397740165197441
topology_0295,neural,225,0.08178161521663521,0.08175792054183688,0.001968491701495058,7.5191494896500495e-06,0.4540313593804028,0.536694759461995
topology_0295,neural,230,0.08061346633399986,0.08059043275927577,0.0019269268898206258,7.4038415429101245e-06,0.4507421960923951,0.5336503024496334
topology_0295,neural,235,0.07948172115666562,0.0794593159342494,0.0018870760739910493,7.292328397455645e-06,0.4474941006146398,0.5306397775853994
topology_0295,neural,240,0.0783844126463712,0.07836260532068788,0.0018488325113452091,7.184405839877305e-06,0.44428601226066383,0.5276623550606416
topology_0295,neural,245,0.07731970812306933,0.07729847031797431,0.0018120984005019806,7.079885230321314e-06,0.44111691960458554,0.5247172410173695
topology_0295,neural,250,0.0762859127697081,0.07626521801787778,0.0017767833554882483,6.978592172111386e-06,0.4379858585678678,0.5218036756968243
topology_0295,neural,255,0.07528146187644967,0.07526128545198578,0.001742804358106075,6.880365384358883e-06,0.4348919088122171,0.5189209310721037
topology_0295,neural,260,0.0743048910549348,0.0742852098268634,0.0017100846843461218,6.785055029809211e-06,0.431834191053791,0.5160683086813811
topology_0295,neural,265,0.07335487472069434,0.07333566702550588,0.0016785536699900612,6.692522315199048e-06,0.4288118647566928,0.5132451377693711
topology_0295,neural,270,0.07243018176877422,0.07241142729231204,0.0016481459137637376,6.602637711435768e-06,0.4258241229083235,0.5104507748919631
topology_0295,neural,275,0.071529643835014,0.07151132349587384,0.0016188009709513123,6.515280596526304e-06,0.4228701914509384,0.5076846018762384
topology_0295,neural,280,0.07065217819538681,0.07063427404198132,0.001590463129318626,6.43033855248643e-06,0.4199493277007402,0.5049460241127642
topology_0295,neural,285,0.06979677008259376,0.0697792652124502,0.0015630803177107764,6.3477062684354415e-06,0.4170608183671552,0.5022344693896631
topology_0295,neural,290,0.06896246995486977,0.06894534843325942,0.0015366041825732376,6.267285200774689e-06,0.414203977880129,0.499549386567374
topology_0295,neural,295,0.06814838012300947,0.0681316269029244,0.0015109899560871159,6.188982835445413e-06,0.41137814687503454,0.49689024444841545
topology_0295,neural,300,0.06735368150252398,0.06733728235206556,0.0014861964931960655,6.11271274909318e-06,0.4085826910744294,0.4942565308178307
topology_0295,neural,305,0.06657759704335278,0.06656153851966173,0.0014621838121304826,6.038392825646419e-06,0.4058169982148333,0.4916477520476055
topology_0295,neural,310,0.06581938812171116,0.06580365748490087,0.0014389158188683046,5.965946193856136e-06,0.4030804779431134,0.4890634315814043
topology_0295,neural,315,0.06507835988418131,0.06506294505669569,0.0014163583620858575,5.895300249071312e-06,0.40037256076006283,0.486503109142465
topology_0295,neural,320,0.06435385727490936,0.06433874679221693,0.0013944796232365105,5.8263864358953755e-06,0.397692696910775,0.48396633975346914
topology_0295,neural,325,0.06364526452339717,0.06363044748473629,0.0013732501511824063,5.759140080325773e-06,0.39504035525423864,0.4814526933088739
topology_0295,neural,330,0.06295202516775952,0.0629374912167392,0.0013526417297852126,5.6935004982518454e-06,0.39241502194721684,0.47896175425494253
topology_0295,neural,335,0.06227357641302872,0.06225931567138712,0.001332628871686462,5.6294088492554915e-06,0.38981619787251454,0.4764931208504018
topology_0295,neural,340,0.06160935026579143,0.061595353338840156,0.0013131855341297358,5.5668089266284936e-06,0.38724340344470215,0.47404640295290146
topology_0295,neural,345,0.06095886410917908,0.06094512203516281,0.001294288719067771,5.505648906850831e-06,0.38469617462616684,0.47162122322730404
topology_0295,neural,350,0.06032165867946149,0.060308162905879974,0.0012759165731724594,5.445879016578189e-06,0.38217406089076544,0.4692172153736633
topology_0295,neural,355,0.05969728282420505,0.059684025184572054,0.0012580482247755854,5.387451669707931e-06,0.37967662515768813,0.4668340246863578
topology_0295,neural,360,0.059085303914174936,0.059072276604616135,0.0012406639213777858,5.330321658136726e-06,0.3772034441486456,0.4644713069559516
topology_0295,neural,365,0.05848532848126767,0.05847252403688051,0.0012237452751433595,5.274445447674139e-06,0.37475410689437966,0.4621287288609621
topology_0295,neural,370,0.057896968238450794,0.057884379520650765,0.0012072743960365897,5.219781710249337e-06,0.3723282140068761,0.45980596567445525
topology_0295,neural,375,0.05731985460269161,0.05730747477714778,0.001191234506599796,5.166290970790788e-06,0.36992537752445503,0.4575027024906637
topology_0295,neural,380,0.05675363483810151,0.05674145735670112,0.001175609723462564,5.113935449625808e-06,0.36754522054613564,0.4552186336250471
topology_0295,neural,385,0.056197970210437376,0.05618598879210693,0.001160385106646405,5.0626789400251544e-06,0.3651873767950292,0.45295346188659874
topology_0295,neural,390,0.055652539536310296,0.05564074815881791,0.001145546176527142,5.012486832806959e-06,0.36285149015682416,0.45070689800676006
topology_0295,neural,395,0.05511703309079079,0.0551054259743708,0.001131079254457235,4.963325963144922e-06,0.3605372141962768,0.4484786609376539
topology_0295,neural,400,0.0545911582031107,0.054579729800345304,0.0011169712259136433,4.915164417119928e-06,0.3582442118013634,0.4462684770728494
topology_0295,neural,405,0.05407462823626555,0.05406337321815414,0.0011032096209490656,4.867971584946101e-06,0.3559721547019865,0.44407608016418065
topology_0295,neural,410,0.05356717018567703,0.053556083431374746,0.0010897825213996909,4.821718096132918e-06,0.3537207235199123,0.44190121073214456
topology_0295,neural,415,0.053068525483712235,0.053057602070891975,0.0010766785446592415,4.776375764529115e-06,0.35148960708488153,0.4397436160375918
topology_0295,neural,420,0.05257844342296579,0.052567678617874536,0.0010638867979383953,4.731917454189727e-06,0.34927850209952643,0.4376030497527702
topology_0295,neural,425,0.052096683758892454,0.052086073007651466,0.0010513968495927545,4.688317072085568e-06,0.34708711295830275,0.4354792719418792
topology_0295,neural,430,0.05162301618158077,0.051612555101312615,0.0010391987377731723,4.645549523259222e-06,0.3449151514027251,0.4333720485775778
topology_0295,neural,435,0.05115721810618113,0.05114690247692357,0.0010272829144926925,4.603590622185041e-06,0.3427623362515702,0.43128115128908506
topology_0295,neural,440,0.05069907064359789,0.05068889639496035,0.001015640472733893,4.562417232826405e-06,0.34062839326214667,0.4292063572985665
topology_0295,neural,445,0.05024837747481932,0.05023834069033536,0.0010042624583139538,4.522006958501695e-06,0.3385130549642559,0.42714744910568725
topology_0295,neural,450,0.049804940151068844,0.04979503706468465,0.0009931400137336793,4.482337905087101e-06,0.3364160597763926,0.42510421424321865
topology_0295,neural,455,0.049368563278038936,0.04935879025260213,0.0009822653377063797,4.4433888026384015e-06,0.3343371523389308,0.42307644621849133
topology_0295,neural,460,0.04893906768375793,0.04892942121886461,0.0009716303500271618,4.405141031103371e-06,0.33227608343118775,0.4210639409693569
topology_0295,neural,465,0.048516276238513095,0.048506752955157946,0.0009612277166648946,4.367573875504739e-06,0.3302326091742048,0.4190665007532053
topology_0295,neural,470,0.048100016523690996,0.048090613161355315,0.0009510502560495603,4.3306689849045906e-06,0.3282064913431907,0.4170839324847388
topology_0295,neural,475,0.04769011399474639,0.047680827404748834,0.0009410910628180247,4.294408324548812e-06,0.3261974971830147,0.41511604688983117
topology_0295,neural,480,0.047286401869784236,0.04727722901340388,0.0009313433672583182,4.258774587855144e-06,0.32420540018026117,0.41316265843349237
topology_0295,neural,485,0.04688875334427636,0.04687969129123534,0.0009218008346648935,4.223750913820285e-06,0.322229977962911,0.41122358623087685
topology_0295,neural,490,0.0464969768859815,0.04648802280137935,0.0009124571242102246,4.189320877579468e-06,0.3202710134155299,0.40929865271054316
topology_0295,neural,495,0.0461109858647637,0.0461021370178255,0.0009033064497489763,4.155469092426697e-06,0.31832829408037894,0.40738768357023747
topology_0295,neural,500,0.04573063499945937,0.045721888752025014,0.0008943430040304055,4.122180173558819e-06,0.3164016101082951,0.40549050945174386
topology_0295,neural,505,0.04535578486879537,0.04534713867101574,0.0008855612302947315,4.089439399208659e-06,0.31449075638050117,0.40360696451741057
topology_0295,neural,510,0.04498630168993821,0.04497775307481814,0.0008769558812672325,4.057232616758729e-06,0.3125955323990636,0.40173688604946844
topology_0295,neural,515,0.0446220612421049,0.044613607826365954,0.0008685217351093332,4.025546134170448e-06,0.31071574189502144,0.399880114476895
topology_0295,neural,520,0.04426294075420257,0.04425458023314226,0.0008602538250170031,3.994366659531895e-06,0.3088511926166146,0.39803649351468195
topology_0295,neural,525,0.04390882268549602,0.04390055282930198,0.0008521474034611736,3.9636813325497145e-06,0.30700169628242563,0.39620586993032014
topology_0295,neural,530,0.043559590570902085,0.04355140922246987,0.0008441978259523979,3.933477720810311e-06,0.30516706840292074,0.3943880934246265
topology_0295,neural,535,0.04321511038606166,0.04320701545700725,0.0008364004652169725,3.903743781290972e-06,0.30334712894283816,0.39258301662317074
topology_0295,neural,540,0.042875304110229225,0.04286729358309415,0.0008287511049470515,3.874467993331884e-06,0.30154170156646365,0.39079049484619605
topology_0295,neural,545,0.042540073360264434,0.04253214527980052,0.0008212457644837641,3.845639153718807e-06,0.2997506121810264,0.38901038617057415
topology_0295,neural,550,0.042209317255000815,0.04220146973314853,0.0008138801656820586,3.817246198857547e-06,0.29797368990871137,0.38724255143005604
topology_0295,neural,555,0.041882936119318745,0.04187516732916321,0.000806650339914751,3.789278553310955e-06,0.2962107672130167,0.3854868540355555
topology_0295,neural,560,0.04156083443300681,0.041553142603781554,0.0007995526042840397,3.761725993602718e-06,0.2944616798347571,0.3837431599270337
topology_0295,neural,565,0.04124292120824373,0.041235304624573706,0.0007925833463632564,3.7345786302164046e-06,0.292726266624964,0.38201133741414534
topology_0295,neural,570,0.04092910786645596,0.040921564866337,0.0007857390700360383,3.7078268734140575e-06,0.2910043694345024,0.3802912572249102
topology_0295,neural,575,0.04061930858343786,0.04061183755657021,0.0007790163811784818,3.6814614245903033e-06,0.2892958330155484,0.37858279238971054
topology_0295,neural,580,0.040313439806323334,0.04030603919185059,0.0007724120147779815,3.655473257060927e-06,0.28760050495749967,0.3768858181586776
topology_0295,neural,585,0.040011417552161546,0.04000408583696009,0.0007659227811684091,3.6298536318107895e-06,0.28591823572783864,0.375200211906196
topology_0295,neural,590,0.03971316815399881,0.039705903872222344,0.0007595456039805873,3.6045940830292197e-06,0.28424887843235924,0.37352585312036746
topology_0295,neural,595,0.039418615704086855,0.03941141743449275,0.0007532775162504935,3.5796864004681255e-06,0.282592288631523,0.37186262343209836
topology_0295,neural,600,0.03912768971647607,0.03912055608149839,0.0007471156431706899,3.5551226253422224e-06,0.28094832426303956,0.37021040612448536
topology_0295,neural,605,0.03884031320718135,0.03883324286950222,0.0007410572197757414,3.530894977374918e-06,0.2793168457735103,0.3685690867148106
topology_0295,neural,610,0.0385564103397957,0.03854940200158458,0.0007350995251739916,3.506995937424663e-06,0.27769771628847834,0.3669385529039325
topology_0295,neural,615,0.038275922555732166,0.03826897496597857,0.0007292396118623456,3.48341826674688e-06,0.2760908015731804,0.36531869385266785
topology_0295,neural,620,0.03799879932496586,0.03799191127639333,0.0007234747632167351,3.4601549518246604e-06,0.27449596831330614,0.36370940098488724
topology_0295,neural,625,0.03772495658102468,0.03771812687580364,0.0007178037382451318,3.437199115883133e-06,0.27291308574227496,0.3621105672153285
topology_0295,neural,630,0.03745432964598608,0.037447557129502575,0.0007122237034252238,3.4145440184317576e-06,0.2713420262058259,0.36052208704053856
topology_0295,neural,635,0.037186855483779334,0.037180139038263456,0.0007067321699064465,3.3921832450144216e-06,0.2697826641970566,0.358943856677769
topology_0295,neural,640,0.0369224799070975,0.03691581844732156,0.0007013269542568871,3.3701106159727633e-06,0.26823487624540626,0.3573757739090799
topology_0295,neural,645,0.03666114992885388,0.03665454239976789,0.0006960060044810683,3.3483200782938497e-06,0.26669854060931286,0.35581773811207223
topology_0295,neural,650,0.036402822505012714,0.03639626787842821,0.0006907675336288455,3.3268062095896608e-06,0.2651735368263695,0.35426965063472393
topology_0295,neural,655,0.03614741396721763,0.03614091124543197,0.0006856091747257254,3.3055622025678675e-06,0.263659746999407,0.35273141419499
topology_0295,neural,660,0.03589488274577934,0.035888430966294495,0.0006805287079014088,3.2845828580535275e-06,0.26215705576730386,0.3512029325989508
topology_0295,neural,665,0.03564518174123109,0.03563877996657802,0.0006755243936599897,3.263862873843545e-06,0.26066534887662873,0.3496841110266383
topology_0295,neural,670,0.03539826049416275,0.03539190781235852,0.0006705944336895056,3.2433969503557885e-06,0.2591845138134671,0.3481748561013963
topology_0295,neural,675,0.035154077355949644,0.03514777288039984,0.0006657371155595704,3.2231798298696296e-06,0.2577144397390645,0.34667507590077684
topology_0295,neural,680,0.034912579867496386,0.0349063227421967,0.0006609503471395027,3.2032065176205663e-06,0.2562550170677876,0.3451846793709196
topology_0295,neural,685,0.03467371763949575,0.03466750702301663,0.0006562328992623593,3.18347250310432e-06,0.2548061382639811,0.3437035782331672
topology_0295,neural,690,0.034437443820508375,0.03443127889449181,0.0006515831256785041,3.163972916160258e-06,0.2533676977746445,0.34223168462074316
topology_0295,neural,695,0.034203715563749924,0.034197595533135644,0.0006469994040281031,3.1447031824257396e-06,0.25193959158736545,0.3407689119319259
topology_0295,neural,700,0.03397249059749355,0.03396641468889003,0.0006424802015630586,3.1256588439100796e-06,0.2505217171698184,0.3393151747612944
topology_0295,neural,705,0.033743727106996114,0.033737694567705666,0.0006380240396730676,3.1068355567236807e-06,0.24911397348531344,0.3378703889154118
topology_0295,neural,710,0.033517375186548695,0.033511385283080335,0.0006336294403346201,3.0882290616029356e-06,0.24771626115484788,0.33643447135143095
topology_0295,neural,715,0.033293408519879414,0.03328746054049279,0.0006292950125541574,3.0698353304932373e-06,0.24632848239694005,0.33500734013275235
topology_0295,neural,720,0.03307178524479908,0.03306587849609661,0.0006250193972330256,3.051650277353465e-06,0.2449505402287534,0.3335889145523941
topology_0295,neural,725,0.03285246663718435,0.03284660044237109,0.0006208013558159185,3.0336700952102818e-06,0.24358233931419607,0.33217911507679515
topology_0295,neural,730,0.03263541494936405,0.03262958864643177,0.0006166397540105666,3.0158910263533263e-06,0.2422237856550265,0.33077786302173184
topology_0295,neural,735,0.032420598996522734,0.03241481193674171,0.0006125335983743733,2.998309604327322e-06,0.24087478657594275,0.32938508097882035
topology_0295,neural,740,0.03220798017692397,0.03220223173842684,0.0006084811056124538,2.9809218537968184e-06,0.23953525046357685,0.3280006926273514
topology_0295,neural,745,0.031997495969807145,0.03199178551849219,0.000604482334692539,2.9637244440087006e-06,0.2382050880002961,0.32662462243815954
topology_0295,neural,750,0.03178913713675222,0.03178346409465322,0.0006005342288386997,2.9467136969132407e-06,0.23688421175864494,0.3252567958366108
topology_0295,neural,755,0.031582882216007774,0.031577246012280416,0.0005966362090126535,2.9298865765945906e-06,0.23557253380976695,0.3238971391480542
topology_0295,neural,760,0.03137869802173617,0.031373098092893376,0.0005927875724350215,2.9132398086477654e-06,0.23426996709459338,0.3225455798979575
topology_0295,neural,765,0.031176550252721456,0.031170986048496288,0.0005889872949718058,2.896770189929052e-06,0.23297642594691786,0.32120204661845103
topology_0295,neural,770,0.030976406545939004,0.03097087752940359,0.0005852343640302758,2.88047464449222e-06,0.23169182599470317,0.319866468750794
topology_0295,neural,775,0.030778232529752033,0.030772738176201214,0.0005815278066890356,2.8643501473717727e-06,0.23041608413647774,0.31853877657657714
topology_0295,neural,780,0.030581997183388176,0.03057653698737224,0.0005778663091691117,2.84839363464472e-06,0.22914911876773603,0.31721890149777193
topology_0295,neural,785,0.030387676882924722,0.030382250343341265,0.0005742494161426163,2.8326025173153863e-06,0.2278908491489728,0.31590677548584084
topology_0295,neural,790,0.03019524575364011,0.0301898523813686,0.000570676246703141,2.816974037000618e-06,0.22664119526863094,0.314602331053152
topology_0295,neural,795,0.030004674350716635,0.02999931366924189,0.0005671458529844067,2.801505379828803e-06,0.22540007823906252,0.31330550198991086
topology_0295,neural,800,0.0298159354399313,0.02981060698429901,0.0005636573630654198,2.7861938930200966e-06,0.2241674202618758,0.3120162228238467
topology_0295,neural_t1,0,3.7997212877554856,3.7978923596472187,0.1178783361705521,0.00043245479477879814,0.7431483917959759,0.9242963577971172
topology_0295,neural_t1,5,1.5495663515148013,1.548817996934256,0.04815262660503511,0.00012112179033817921,0.7292957091398676,0.7468845302565517
topology_0295,neural_t1,10,0.8596340695836598,0.8591287349098149,0.029471122788648288,5.798966787528274e-05,0.7046514152132549,0.7192334135851353
topology_0295,neural_t1,15,0.5628019773348074,0.5624038905033618,0.021164306352516333,4.213393780449015e-05,0.6845778296805409,0.7153288886074058
topology_0295,neural_t1,20,0.427760883966069,0.4274280936799685,0.01687001427563848,3.468256793212794e-05,0.6692249443833188,0.7112490873300041
topology_0295,neural_t1,25,0.35705019306884084,0.35677310502677434,0.014063818163093107,3.0310496465473962e-05,0.6567075692997775,0.7050240738923629
topology_0295,neural_t1,30,0.31021687287191646,0.30998110315799715,0.012092276968970908,2.714935594917534e-05,0.6459012954887886,0.6986793376386041
topology_0295,neural_t1,35,0.27581098575752655,0.2756060627075428,0.010630026022847312,2.4700973643295844e-05,0.6363040159676997,0.6925110277631925
topology_0295,neural_t1,40,0.2494216341463746,0.24924104241018913,0.009489670213554431,2.2754522239248268e-05,0.6276196954610559,0.6866069257776577
topology_0295,neural_t1,45,0.22870104767260196,0.2285401004373989,0.008578534295447278,2.116485808429282e-05,0.6196388995693626,0.6808892076811719
topology_0295,neural_t1,50,0.21207657886131234,0.21193192232186145,0.007831679832800966,1.9836215168239242e-05,0.6122079195056807,0.6753315640767088
topology_0295,neural_t1,55,0.19845398547246787,0.19832301876620817,0.0072086217485583725,1.8704302395986407e-05,0.6052157712273697,0.6699193173692422
topology_0295,neural_t1,60,0.18706737780332802,0.18694806122152458,0.0066802641826165035,1.7725028203346407e-05,0.5985817822093746,0.6646445375343298
topology_0295,neural_t1,65,0.17738168460917317,0.17727238097084141,0.00622613003590784,1.686692061850812e-05,0.5922465428409177,0.6594995839688048
topology_0295,neural_t1,70,0.16901696177059383,0.16891634183608936,0.00583117204725867,1.6106863409971948e-05,0.5861655091605336,0.6544770056739275
topology_0295,neural_t1,75,0.16169728712187548,0.16160425782410517,0.00548418432293553,1.54274575814911e-05,0.5803046259844746,0.6495698493101947
topology_0295,neural_t1,80,0.15521827915932698,0.15513193193124647,0.005176645725504044,1.4815346566108197e-05,0.5746373766815382,0.6447716223191451
topology_0295,neural_t1,85,0.14942595952546356,0.14934553192292904,0.004901966076204092,1.4260105009783591e-05,0.5691427462384449,0.6400763585066858
topology_0295,neural_t1,90,0.14420261647503022,0.1441274626830962,0.004654987606823895,1.375346071589872e-05,0.5638037940142444,0.635478560560518
topology_0295,neural_t1,95,0.13945678376449192,0.13938635254464618,0.004431600799348675,1.3288757311744228e-05,0.5586066443924249,0.6309731593403588
topology_0295,neural_t1,100,0.13511658038590527,0.13505039786973852,0.004228494414320661,1.286056707164281e-05,0.553539746352875,0.6265554822646912
topology_0295,neural_t1,105,0.1311247646398654,0.13106242061843154,0.004042975158940337,1.2464414329983376e-05,0.5485933473648992,0.6222212214773196
topology_0295,neural_t1,110,0.12743515724057017,0.12737629459734945,0.003872819289780942,1.2096560867483353e-05,0.5437590925881919,0.617966409690002
topology_0295,neural_t1,115,0.12400992624792004,0.12395423213143138,0.003716181719005086,1.1753855838476849e-05,0.5390297420297011,0.6137873872618893
topology_0295,neural_t1,120,0.1208177307523021,0.1207649296148239,0.0035715134795671465,1.1433620026119458e-05,0.5343989571809019,0.6096807682898083
topology_0295,neural_t1,125,0.11783234589539533,0.11778219387667617,0.003437502124081953,1.1133556904096245e-05,0.5298611361417445,0.6056434159904878
topology_0295,neural_t1,130,0.11503160803091309,0.1149838883543246,0.0033130269148961295,1.0851682778988724e-05,0.52541128665563,0.6016724199778847
topology_0295,neural_t1,135,0.11239662538258614,0.11235114463353679,0.003197121339319828,1.0586272214566557e-05,0.5210449282317487,0.5977650757621408
topology_0295,neural_t1,140,0.10991112993089268,0.10986771489702034,0.003088947905607887,1.033581520324799e-05,0.5167580114929381,0.5939188649080456
topology_0295,neural_t1,145,0.10756103510244172,0.10751953010962394,0.002987777656532132,1.0098985132870858e-05,0.5125468590022046,0.5901314398409476
topology_0295,neural_t1,150,0.10533399762519015,0.10529426239666435,0.002892968119087933,9.874608584787664e-06,0.5084081150986617,0.5864006083083124
topology_0295,neural_t1,155,0.10321928400835191,0.10318119182441955,0.0028039528422880897,9.661644713789389e-06,0.5043387044828208,0.5827243170458011
topology_0295,neural_t1,160,0.10120739439155324,0.10117083049186194,0.0027202293356454717,9.459166512037264e-06,0.5003357927851886,0.5791006414479559
topology_0295,neural_t1,165,0.09928990475687137,0.09925476495130502,0.002641351022601533,9.26634646043517e-06,0.49639676148010675,0.5755277748497039
topology_0295,neural_t1,170,0.09745929582772589,0.0974254853463804,0.0025669175615265047,9.082441202777626e-06,0.4925191841413802,0.5720040183805174
topology_0295,neural_t1,175,0.09570884638958195,0.09567627884812725,0.0024965703813837514,8.906783525103559e-06,0.4887008086140591,0.5685277710816221
topology_0295,neural_t1,180,0.09403261306871755,0.09400120960694776,0.002429986953808336,8.738772247386496e-06,0.4849395340534427,0.5650975229873403
topology_0295,neural_t1,185,0.09242517595703623,0.09239486442683426,0.0023668765612680537,8.577864006985716e-06,0.4812333973529794,0.5617118493285155
topology_0295,neural_t1,190,0.09088168503986786,0.09085239934151408,0.002306976076881978,8.423567372338008e-06,0.4775805609026077,0.5583694022709605
topology_0295,neural_t1,195,0.08939774765821297,0.08936942712870054,0.0022500472365173333,8.275436477167048e-06,0.4739792994007614,0.5550689046743237
topology_0295,neural_t1,200,0.08796937371281613,0.08794196258629576,0.0021958738007679026,8.133066148685669e-06,0.4704279913303246,0.5518091455860205
topology_0295,neural_t1,205,0.08659295999932409,0.08656640694009661,0.002144259076866505,7.99608752235506e-06,0.46692510929823755,0.5485889756675733
topology_0295,neural_t1,210,0.08526519279609861,0.0852394504528103,0.0020950243945344295,7.86416356905377e-06,0.4634692120377195,0.5454073027995945
topology_0295,neural_t1,215,0.08398305837070781,0.08395808301814159,0.002048006190321259,7.736987083238428e-06,0.4600589402206067,0.5422630870608168
topology_0295,neural_t1,220,0.08274379741263144,0.08271954860230407,0.0020030554950985486,7.61427644684724e-06,0.4566930060781856,0.5391553381261566
topology_0295,neural_t1,225,0.08154497136253369,0.08152141164439464,0.0019600361820566216,7.4957739383525635e-06,0.4533701886082915,0.5360831123910038
topology_0295,neural_t1,230,0.08038427138946576,0.08036136602870489,0.001918823163572573,7.381242109539439e-06,0.4500893262419799,0.5330455099944769
topology_0295,neural_t1,235,0.07925956495768142,0.07923728168204681,0.001879302014381822,7.270462898277541e-06,0.4468493154394517,0.5300416708061951
topology_0295,neural_t1,240,0.07816891983690323,0.07814722862196238,0.0018413679325444945,7.163235333240682e-06,0.44364910558328546,0.5270707723617822
topology_0295,neural_t1,245,0.07711052813858515,0.07708940100353534,0.0018049246224978543,7.059373754147815e-06,0.4404876949283828,0.5241320277944436
topology_0295,neural_t1,250,0.07608272311342051,0.07606213395166951,0.0017698832300748024,6.958706486916824e-06,0.4373641284335039,0.5212246838783094
topology_0295,neural_t1,255,0.0750839623291438,0.07506388674600663,0.0017361620179680297,6.8610745906922756e-06,0.43427749414012057,0.51834801867069
topology_0295,neural_t1,260,0.07411280298924819,0.07409321815582447,0.001703685550003561,6.766330549355282e-06,0.4312269207748291,0.5155013393615847
topology_0295,neural_t1,265,0.07316794876006318,0.07314883329245413,0.0016723842743826317,6.674337530713657e-06,0.42821157487026207,0.5126839806778838
topology_0295,neural_t1,270,0.07224817750260926,0.07222951134283677,0.0016421937345357511,6.58496779559023e-06,0.4252306559884917,0.509895304464269
topology_0295,neural_t1,275,0.07135233831409869,0.07133410261362523,0.0016130545474500248,6.498102447734692e-06,0.4222833965223659,0.5071346973253398
topology_0295,neural_t1,280,0.07047936333933452,0.07046154036254944,0.0015849117704438667,6.413630564612103e-06,0.41936905980602157,0.5044015692590238
topology_0295,neural_t1,285,0.06962825076939483,0.06961082381396931,0.0015577140491823051,6.331448194051537e-06,0.41648693823235416,0.501695352349561
topology_0295,neural_t1,290,0.06879806417894642,0.0687810174946853,0.0015314137538553988,6.2514580996643524e-06,0.4136363515608298,0.49901549954968055
topology_0295,neural_t1,295,0.06798791429678794,0.06797123300333947,0.0015059669054010897,6.1735689307022016e-06,0.41081664561029924,0.4963614834974533
topology_0295,neural_t1,300,0.06719699976475375,0.06718066979183854,0.0014813326845721953,6.097695276400968e-06,0.4080271906695747,0.4937327957637079
topology_0295,neural_t1,305,0.06642454805058079,0.06640855610176132,0.0014574717553008632,6.023756016917605e-06,0.40526737886957975,0.4911289462482589
topology_0295,neural_t1,310,0.0656698295813109,0.06565416305179979,0.0014343485572428313,5.951675207650871e-06,0.40253662413083513,0.4885494617034576
topology_0295,neural_t1,315,0.0649321572502837,0.06491680419064597,0.0014119292681496253,5.881381028506036e-06,0.3998343609813272,0.4859938850022617
topology_0295,neural_t1,320,0.06421088529257292,0.06419583435320704,0.0013901827084411603,5.8128057828537004e-06,0.39716004347939365,0.48346177412740776
topology_0295,neural_t1,325,0.063505403589179,0.06349064397918659,0.0013690796607537133,5.745885440183026e-06,0.3945131441094358,0.48095270195669027
topology_0295,neural_t1,330,0.06281517241645775,0.06280069388222335,0.001348592359396148,5.680560246507236e-06,0.39189315199887836,0.4784662557983412
topology_0295,neural_t1,335,0.06213960946016878,0.062125402218814386,0.001328695399521847,5.616771214930029e-06,0.38929957166325424,0.47600203626382387
topology_0295,neural_t1,340,0.061478168684597045,0.061464223431701985,0.0013093631648712475,5.554463353728873e-06,0.3867319270421837,0.4735596558486312
topology_0295,neural_t1,345,0.06083037520120564,0.060816683058828445,0.0012905729975418918,5.4935852756454e-06,0.38418975685302265,0.4711387394092321
topology_0295,neural_t1,350,0.06019577164003947,0.06018232413475306,0.0012723032460822763,5.43408762750591e-06,0.38167261325669743,0.46873892303185205
topology_0295,neural_t1,355,0.05957390560951124,0.059560694648583795,0.001254533239321358,5.375923280593122e-06,0.3791800618870471,0.4663598541191946
topology_0295,neural_t1,360,0.05896436133382554,0.05895137918385378,0.0012372435229845574,5.319047463989148e-06,0.3767116821425707,0.4640011906925189
topology_0295,neural_t1,365,0.058366739203949775,0.0583539784659425,0.0012204158285805248,5.263416989232129e-06,0.37426706534495713,0.4616626012479184
topology_0295,neural_t1,370,0.05778065738750256,0.05776811098540894,0.0012040324646130037,5.2089909563811236e-06,0.37184581441551723,0.45934376294773777
topology_0295,neural_t1,375,0.05720575020336476,0.05719341136193569,0.0011880768210088123,5.155730231222194e-06,0.3694475436417018,0.4570443627933013
topology_0295,neural_t1,380,0.056641667986150716,0.05662953021134729,0.0011725332612461574,5.1035973562253e-06,0.36707187827472276,0.4547640968871575
topology_0295,neural_t1,385,0.05608807542125888,0.056076132484869375,0.001157386915372125,5.0525564493834506e-06,0.3647184541228092,0.45250266958602126
topology_0295,neural_t1,390,0.05554465396674472,0.05553289989624269,0.0011426234609700418,5.0025732070503875e-06,0.3623869170282929,0.45025979330989596
topology_0295,neural_t1,395,0.05501109644883354,0.054999525511695894,0.0011282293440962275,4.953614699887802e-06,0.3600769224648688,0.4480351885322304
topology_0295,neural_t1,400,0.05448711364507151,0.05447572033879797,0.0011141915789555376,4.905649311929732e-06,0.3577881351010329,0.4458285831344748
topology_0295,neural_t1,405,0.05397241931570747,0.05396119835352623,0.001100497812585486,4.858646657546217e-06,0.3555202284647098,0.44363971226305055
topology_0295,neural_t1,410,0.053466744199963986,0.0534556905015531,0.0010871362314105557,4.812577619605855e-06,0.35327288487158937,0.44146831778825457
topology_0295,neural_t1,415,0.05296983190192976,0.05295894058348773,0.0010740955567697687,4.767414230784726e-06,0.3510457947394422,0.43931414827496856
topology_0295,neural_t1,420,0.05248143320611568,0.05247069957050417,0.0010613649899644095,4.723129560099279e-06,0.3488386563319588,0.4371769586844354
topology_0295,neural_t1,425,0.05200131005729354,0.051990729585540726,0.0010489341916386332,4.679697722931667e-06,0.3466511755391537,0.43505651030129183
topology_0295,neural_t1,430,0.051529234000646386,0.05151880234299149,0.001036793294011537,4.637093809162639e-06,0.3444830655344463,0.4329525702431103
topology_0295,neural_t1,435,0.051064983864857263,0.051054696833416895,0.001024932802332625,4.595293818924467e-06,0.34233404653407584,0.4308649112597444
topology_0295,neural_t1,440,0.05060834185841496,0.05059819541036725,0.0010133440339137605,4.554274851227938e-06,0.3402038456875735,0.42879331166817636
topology_0295,neural_t1,445,0.0501591158529113,0.05014910610503479,0.0010020177819839852,4.514014527210188e-06,0.3380921967381218,0.4267375549749619
topology_0295,neural_t1,450,0.049717106302769924,0.0497072295144913,0.0009909455552846887,4.474491226741925e-06,0.33599883933139035,0.42469742973801994
topology_0295,neural_t1,455,0.049282119159548374,0.04927237172240061,0.0009801193958957077,4.4356839251443265e-06,0.3339235193600452,0.42267273063608096
topology_0295,neural_t1,460,0.04885397870084988,0.048844357138701715,0.0009695314700396256,4.397573738427002e-06,0.33186598871126854,0.4206632539448909
topology_0295,neural_t1,465,0.048432507163700546,0.04842300812176364,0.000959174431838884,4.360140499442988e-06,0.3298260046199673,0.4186688034595248
topology_0295,neural_t1,470,0.048017533759636445,0.04800815400018414,0.0009490411797907016,4.32336588822462e-06,0.32780332997223094,0.41668918673359673
topology_0295,neural_t1,475,0.0476088790219311,0.0475996154179939,0.0009391248072493953,4.28723196001206e-06,0.32579773316322,0.41472421529924935
topology_0295,neural_t1,480,0.04720639195138545,0.04719724148676819,0.0009294186518357156,4.251721579609131e-06,0.3238089888070749,0.4127737044067699
topology_0295,neural_t1,485,0.046809928399035285,0.04680088816244296,0.000919916380854463,4.216817860216045e-06,0.3218368752007503,0.4108374740858891
topology_0295,neural_t1,490,0.046419320663402736,0.04641038784183051,0.0009106117335800941,4.182504768483558e-06,0.31988117671738847,0.4089153472121314
topology_0295,neural_t1,495,0.046034468918626475,0.046025640799705746,0.0009014989651587776,4.1487667590978876e-06,0.31794168108702825,0.4070071504964274
topology_0295,neural_t1,500,0.04565522927224096,0.04564650323610396,0.000892572282321544,4.115588624545743e-06,0.31601817942389376,0.40511271538260357
topology_0295,neural_t1,505,0.04528146277553682,0.04527283628889465,0.0008838262163695336,4.082955766595376e-06,0.3141104675397449,0.40323187666168153
topology_0295,neural_t1,510,0.04491303817500395,0.04490450878786177,0.0008752555174279713,4.050854127706785e-06,0.3122183458308763,0.4013644722285503
topology_0295,neural_t1,515,0.04454983139668074,0.0445413967417809,0.0008668550106095645,4.019270096097631e-06,0.3103416188222832,0.39951034318295076
topology_0295,neural_t1,520,0.0441917205723291,0.0441833783603702,0.0008586197653923518,3.988190467431574e-06,0.3084800950714234,0.3976693338589133
topology_0295,neural_t1,525,0.04383858920477595,0.04383033722020661,0.0008505450990113601,3.957602460136614e-06,0.3066335870674719,0.39584129162134174
topology_0295,neural_t1,530,0.043490317488205234,0.04348215358859648,0.0008426263094574605,3.927493728272834e-06,0.3048019110898279,0.3940260667519832
topology_0295,neural_t1,535,0.043146778615274335,0.04313870072609444,0.0008348588783145622,3.89785233705563e-06,0.3029848881223799,0.39222351245331294
topology_0295,neural_t1,540,0.0428078950075959,0.04279990112390685,0.0008272386587729073,3.8686668298574885e-06,0.30118234216598655,0.39043348455194754
topology_0295,neural_t1,545,0.04247356742332232,0.04246565560339132,0.0008197616071970051,3.839926039997497e-06,0.29939409976649967,0.3886558417170516
topology_0295,neural_t1,550,0.0421436941392501,0.042135862508088144,0.0008124234571426102,3.8116189774338848e-06,0.29761999070667444,0.3868904452877058
topology_0295,neural_t1,555,0.041818176345186996,0.041810423087065895,0.0008052203431683978,3.783735155657556e-06,0.2958598481116699,0.38513715919920327
topology_0295,neural_t1,560,0.04149691959768132,0.04148924295305561,0.0007981485884418063,3.7562644177178675e-06,0.2941135083630431,0.3833958498684719
topology_0295,neural_t1,565,0.041179833321053655,0.041172231585376015,0.0007912046024997929,3.7291969319722293e-06,0.29238081091452683,0.38166638608581915
topology_0295,neural_t1,570,0.04086682958417108,0.040859301105896494,0.0007843849123285654,3.702523172154532e-06,0.290661598206501,0.37994863905265797
topology_0295,neural_t1,575,0.04055782303879591,0.040550366217701826,0.0007776861461128372,3.676233892788033e-06,0.2889557155630758,0.3782424822494764
topology_0295,neural_t1,580,0.04025272974487244,0.040245343029708905,0.0007711050576694776,3.6503201196749686e-06,0.2872630111352082,0.3765477913584179
topology_0295,neural_t1,585,0.039951468343775366,0.039944150231080666,0.0007646384776898618,3.6247731836808347e-06,0.28558333597372665,0.3748644441689938
topology_0295,neural_t1,590,0.039653964207757186,0.039646713240706226,0.0007582833522426169,3.5995846530095883e-06,0.28391654364900837,0.3731923206072595
topology_0295,neural_t1,595,0.03936014300728217,0.03935295777352831,0.0007520367343348553,3.574746386623924e-06,0.28226249023035743,0.3715313026931439
topology_0295,neural_t1,600,0.03906993279984442,0.03906281193006221,0.0007458957679664167,3.550250449097391e-06,0.28062103411222394,0.36988127402682247
topology_0295,neural_t1,605,0.03878325751343678,0.03877619967823376,0.0007398577119893193,3.5260891190254195e-06,0.2789920362887083,0.3682421206706063
topology_0295,neural_t1,610,0.03850004063838954,0.038493044547916945,0.0007339198348172251,3.502254925085185e-06,0.2773753604294756,0.36661373061665614
topology_0295,neural_t1,615,0.03822023195014543,0.038213296366189996,0.0007280790142640119,3.4787406677229715e-06,0.27577087265415734,0.3649959934308175
topology_0295,neural_t1,620,0.03794377055551923,0.03793689427008525,0.0007223331430223188,3.4555394127725127e-06,0.27417843986150486,0.3633888009048985
topology_0295,neural_t1,625,0.03767057584153608,0.03766375766513824,0.0007166805366513013,3.4326442437516706e-06,0.2725979320395377,0.3617920462374645
topology_0295,neural_t1,630,0.03740058458197918,0.03739382336792306,0.0007111183965548363,3.4100485200246675e-06,0.27102922197520607,0.3602056242757821
topology_0295,neural_t1,635,0.03713373440860945,0.037127029046091206,0.0007056442893014261,3.387745862801613e-06,0.2694721846044726,0.3586294315606759
topology_0295,neural_t1,640,0.03686997196026922,0.036863321370084134,0.0007002560880121267,3.3657301280651888e-06,0.26792669679746317,0.3570633661819968
topology_0295,neural_t1,645,0.036609246585539594,0.03660264971807102,0.0006949517930998815,3.343995403890372e-06,0.26639263715034917,0.35550732786241956
topology_0295,neural_t1,650,0.0363515088825406,0.03634496471526527,0.0006897295443178625,3.322535995546943e-06,0.26486988544476175,0.35396121835725725
topology_0295,neural_t1,655,0.03609667884613793,0.03609018638899477,0.0006845869046056476,3.301345324794416e-06,0.2633583245439793,0.3524249405458328
topology_0295,neural_t1,660,0.03584471776623651,0.03583827606192959,0.0006795218090186383,3.280418284706233e-06,0.2618578392679991,0.35089839849223775
topology_0295,neural_t1,665,0.03559557669343687,0.035589184809473,0.000674532511859477,3.259749530633254e-06,0.26036831568730495,0.3493814976691671
topology_0295,neural_t1,670,0.03534920548258879,0.03534286251216161,0.0006696172066518935,3.239333799095052e-06,0.25888964164185796,0.3478741450099554
topology_0295,neural_t1,675,0.035105564609544136,0.03509926967184833,0.0006647741682091452,3.2191657858899393e-06,0.25742170656397223,0.34637624874728434
topology_0295,neural_t1,680,0.03486459824648198,0.03485835048965107,0.0006600013591626631,3.1992407333775226e-06,0.2559644012007348,0.344887718337244
topology_0295,neural_t1,685,0.034626257174601396,0.03462005576091714,0.0006552975835901143,3.1795539791674542e-06,0.25451761845023085,0.3434084656971089
topology_0295,neural_t1,690,0.03439049588831661,0.034384340004278695,0.0006506611470226515,3.1601007248126664e-06,0.2530812530955751,0.34193840315994156
topology_0295,neural_t1,695,0.03415727164892784,0.034151160503907325,0.000646090450250963,3.1408764243621446e-06,0.25165520141705155,0.34047744436757355
topology_0295,neural_t1,700,0.033926542268604226,0.033920475093429124,0.0006415839721584524,3.1218766384835854e-06,0.25023936118074686,0.33902550415959926
topology_0295,neural_t1,705,0.033698265676936554,0.03369224172288772,0.0006371402441325111,3.103097047377844e-06,0.2488336316490039,0.3375824985788325
topology_0295,neural_t1,710,0.03347239197829738,0.03346641051589617,0.0006327577861661464,3.084533428238062e-06,0.24743791383925778,0.3361483447996699
topology_0295,neural_t1,715,0.03324889792832882,0.033242958250140675,0.0006284352204981176,3.0661817464812786e-06,0.24605211010796188,0.3347229611243278
topology_0295,neural_t1,720,0.033027738306104656,0.033021839721739735,0.0006241712246884011,3.048037974478467e-06,0.24467612377387826,0.3333062671030426
topology_0295,neural_t1,725,0.032808876165064865,0.03280301800134338,0.0006199645446375622,3.0300983067836423e-06,0.24330985978696293,0.3318981833671046
topology_0295,neural_t1,730,0.03259227329938621,0.03258645489512826,0.0006158141889790088,3.012359065955299e-06,0.24195322442109424,0.33049863146818076
topology_0295,neural_t1,735,0.032377901038490246,0.03237212175258659,0.000611718828426248,2.994816673722335e-06,0.24060612521887717,0.3291075342432487
topology_0295,neural_t1,740,0.03216571247786775,0.032159971685255584,0.0006076771734275346,2.977467282525869e-06,0.2392684708609748,0.32772481553370303
topology_0295,neural_t1,745,0.03195565470516317,0.03194995178140388,0.0006036886930892329,2.9603074537794983e-06,0.2379401726716479,0.3263504000036272
topology_0295,neural_t1,750,0.031747718756861255,0.031742053127976656,0.0005997506333924232,2.9433336860148462e-06,0.23662114310988427,0.324984213241666
topology_0295,neural_t1,755,0.031541880865967084,0.03153625196191143,0.0005958625622117464,2.9265428994888474e-06,0.23531129432932718,0.32362618180380076
topology_0295,neural_t1,760,0.03133810660415029,0.03133251386381663,0.0005920236812185885,2.9099318127265616e-06,0.23401053953745293,0.32227623343458583
topology_0295,neural_t1,765,0.031136362238804643,0.031130805114662454,0.0005882329526976771,2.89349725168396e-06,0.23271879333859802,0.32093429685517394
topology_0295,neural_t1,770,0.030936615598723786,0.030931093556442423,0.0005844893731436903,2.8772361606813885e-06,0.2314359716100764,0.3196003016764042
topology_0295,neural_t1,775,0.030738831393926604,0.030733343911481723,0.0005807919564550744,2.8611455033265304e-06,0.23016199153673453,0.31827417835183147
topology_0295,neural_t1,780,0.0305429805581461,0.030537527133362,0.0005771393758714135,2.845222261527811e-06,0.2288967717569863,0.3169558585643577
topology_0295,neural_t1,785,0.030349040508328845,0.030343620640874223,0.0005735313182649154,2.8294639029309213e-06,0.22764023165584024,0.3156452741981684
topology_0295,neural_t1,790,0.030156983578098824,0.03015159678173249,0.0005699667741981594,2.8138676062418714e-06,0.22639229141875514,0.3143423581193087
topology_0295,neural_t1,795,0.029966780827464796,0.029961426627998625,0.0005664448297524869,2.7984305921829453e-06,0.22515287239103948,0.31304704424510227
topology_0295,neural_t1,800,0.029778405212450357,0.029773083147151276,0.0005629646203643041,2.7831502281404895e-06,0.22392189697837675,0.31175926727354286
topology_0295,neural_t5,0,1.669390057214001,1.6684268766685926,0.05670004940363475,0.00015726562080358914,0.7339750105015052,0.7644368393075982
topology_0295,neural_t5,5,0.9350887872745137,0.9345349703668583,0.03217802161330976,6.459867824417711e-05,0.7093667108234196,0.7207648273398328
topology_0295,neural_t5,10,0.6030903853757503,0.6026774904658992,0.022312629932641874,4.4315750570856916e-05,0.6881454393957009,0.7159385967811924
topology_0295,neural_t5,15,0.4475517961742224,0.4472059282459512,0.017591666187214902,3.579395758306466e-05,0.6720188053339455,0.7123095500789197
topology_0295,neural_t5,20,0.36870831689808337,0.36842159042435174,0.014538008609816928,3.1059132138165795e-05,0.6590499985056593,0.7063029174790701
topology_0295,neural_t5,25,0.3183624101083111,0.31811929766031544,0.012439286872538414,2.7716110532319578e-05,0.6479543146459774,0.6999427006407744
topology_0295,neural_t5,30,0.2819600168590692,0.28174954445095646,0.01089241371687531,2.5144891552532083e-05,0.6381425812099293,0.6937201065157433
topology_0295,neural_t5,35,0.2541823149525702,0.2539972817515122,0.009696884208447058,2.311143556016563e-05,0.6292944135003794,0.6877720197288264
topology_0295,neural_t5,40,0.23247631044221703,0.23231173310824169,0.008746034333651558,2.145939812513501e-05,0.6211868854986606,0.6820189733767719
topology_0295,neural_t5,45,0.21513137672616464,0.21498369167122444,0.00797001656961556,2.0084494769441847e-05,0.61365595061183,0.6764313024179636
topology_0295,neural_t5,50,0.2009791290482273,0.2008456023534241,0.007324887057881091,1.8917281294480824e-05,0.6065833248569883,0.6709904743265767
topology_0295,neural_t5,55,0.1891941095285859,0.1890726053864724,0.0067794285825676995,1.791032397961975e-05,0.599883026191408,0.665688879020713
topology_0295,neural_t5,60,0.17920274316774298,0.1790915518903392,0.006311807215946257,1.7030053456344645e-05,0.5934920023733434,0.660518549673416
topology_0295,neural_t5,65,0.17059867914343393,0.170496416650098,0.005906011415088289,1.6251933853067643e-05,0.5873631383740731,0.655472070800362
topology_0295,neural_t5,70,0.16308825690961126,0.16299378743918502,0.0055501852227618454,1.555757579018619e-05,0.5814605532753155,0.6505423666800068
topology_0295,neural_t5,75,0.15645481088626326,0.1563671924519804,0.0052353367751851445,1.4932920739059544e-05,0.5757564108683586,0.6457228464338206
topology_0295,neural_t5,80,0.15053556006797905,0.150454003575227,0.004954537996043827,1.4367026676529133e-05,0.5702287255139126,0.6410074447188923
topology_0295,neural_t5,85,0.14520648088850482,0.1451303191904648,0.0047023772541817084,1.3851241166910628e-05,0.5648598336973539,0.6363905719785543
topology_0295,neural_t5,90,0.14037143249781456,0.14030009692706202,0.004474559727849988,1.337861839790406e-05,0.5596353132992091,0.6318670776627214
topology_0295,neural_t5,95,0.1359550963583842,0.1358880987887797,0.004267630004336881,1.2943510844881427e-05,0.5545431962030851,0.6274322115260798
topology_0295,neural_t5,100,0.13189760428745714,0.13183452269197654,0.004078784876146855,1.2541270509079884e-05,0.549573405820991,0.6230815954787559
topology_0295,neural_t5,105,0.12815082250963583,0.12809128992688748,0.0039057146210864486,1.21680263257622e-05,0.544717333702195,0.618811195862891
topology_0295,neural_t5,110,0.12467540749369016,0.12461910282144936,0.0037465058347807612,1.1820519533629966e-05,0.5399675355777785,0.6146172948919876
topology_0295,neural_t5,115,0.12143885041044455,0.12138549112811724,0.0035995555890177915,1.1495984782813897e-05,0.5353175072719181,0.6104964537503149
topology_0295,neural_t5,120,0.11841399300379427,0.11836332931054563,0.003463508100737167,1.1192054953285124e-05,0.5307615107860785,0.6064454879175867
topology_0295,neural_t5,125,0.11557793788258838,0.11552974792128105,0.0033372071378421036,1.0906688625336928e-05,0.5262944406080516,0.6024614432938742
topology_0295,neural_t5,130,0.11291117694753038,0.11286526287067947,0.003219658932167648,1.0638112575694574e-05,0.5219117207413381,0.598541575886176
topology_0295,neural_t5,135,0.11039697414440452,0.11035315895126271,0.0031100003013009797,1.0384776339900182e-05,0.5176092209228654,0.5946833314451404
topology_0295,neural_t5,140,0.1080208352844295,0.1079789599681779,0.003007483467781404,1.0145319321434961e-05,0.5133831937635156,0.5908843293106902
topology_0295,neural_t5,145,0.10577009440427985,0.10573001576894012,0.002911449366299375,9.918539308407754e-06,0.5092302224250914,0.5871423475835573
topology_0295,neural_t5,150,0.10363371313562163,0.10359530188495962,0.002821317331495774,9.703370491492554e-06,0.5051471792602704,0.5834553062389365
topology_0295,neural_t5,155,0.1016019650361379,0.10156510413440673,0.0027365728828737767,9.498864360090372e-06,0.5011311838064223,0.5798212556406225
topology_0295,neural_t5,160,0.0996662230045149,0.09963080624663491,0.0026567589396714855,9.304174672176607e-06,0.497179576371314,0.5762383664738421
topology_0295,neural_t5,165,0.09781880908429522,0.0977847399067652,0.002581466422068621,9.1185421892314e-06,0.4932898938202402,0.5727049190247407
topology_0295,neural_t5,170,0.09605281545047542,0.0960200058575714,0.002510328888505802,8.941284975471838e-06,0.489459850436006,0.5692192935701363
topology_0295,neural_t5,175,0.0943621915750458,0.09433056127450401,0.0024430168927766084,8.771789651363787e-06,0.48568731704099716,0.5657799622256151
topology_0295,neural_t5,180,0.09274139969042286,0.09271087524593398,0.002379233815351246,8.60950169895162e-06,0.48197030354686365,0.5623854838391312
topology_0295,neural_t5,185,0.09118548430177481,0.09115599845573998,0.0023187111544114907,8.453919783487388e-06,0.4783069485313626,0.5590344958460592
topology_0295,neural_t5,190,0.08968996942212742,0.08966146047026598,0.0022612059426071794,8.304589414278082e-06,0.4746955049733736,0.55572570727317
topology_0295,neural_t5,195,0.08825078181251118,0.08822319304675198,0.0022064978022815593,8.161097543319532e-06,0.4711343312670857,0.5524578943417287
topology_0295,neural_t5,200,0.08686424802375797,0.08683752726103158,0.0021543861197353344,8.023068530046703e-06,0.4676218819917753,0.5492298957296312
topology_0295,neural_t5,205,0.08552700979895775,0.0855011089230869,0.0021046890076295535,7.890159175587367e-06,0.4641566990918885,0.5460406082289592
topology_0295,neural_t5,210,0.08423596592339595,0.08421084050795864,0.002057239835594492,7.762056438853771e-06,0.460737407376575,0.5428889818771362
topology_0295,neural_t5,215,0.08298833811847203,0.08296394708740283,0.002011886924798075,7.63847393290901e-06,0.45736270533846735,0.5397740165197441
topology_0295,neural_t5,220,0.08178161521663521,0.08175792054183688,0.001968491701495058,7.5191494896500495e-06,0.4540313593804028,0.536694759461995
topology_0295,neural_t5,225,0.08061346633399986,0.08059043275927577,0.0019269268898206258,7.4038415429101245e-06,0.4507421960923951,0.5336503024496334
topology_0295,neural_t5,230,0.07948172115666562,0.0794593159342494,0.0018870760739910493,7.292328397455645e-06,0.4474941006146398,0.5306397775853994
topology_0295,neural_t5,235,0.0783844126463712,0.07836260532068788,0.0018488325113452091,7.184405839877305e-06,0.44428601226066383,0.5276623550606416
topology_0295,neural_t5,240,0.07731970812306933,0.07729847031797431,0.0018120984005019806,7.079885230321314e-06,0.44111691960458554,0.5247172410173695
topology_0295,neural_t5,245,0.0762859127697081,0.07626521801787778,0.0017767833554882483,6.978592172111386e-06,0.4379858585678678,0.5218036756968243
topology_0295,neural_t5,250,0.07528146187644967,0.07526128545198578,0.001742804358106075,6.880365384358883e-06,0.4348919088122171,0.5189209310721037
topology_0295,neural_t5,255,0.0743048910549348,0.0742852098268634,0.0017100846843461218,6.785055029809211e-06,0.431834191053791,0.5160683086813811
topology_0295,neural_t5,260,0.07335487472069434,0.07333566702550588,0.0016785536699900612,6.692522315199048e-06,0.4288118647566928,0.5132451377693711
topology_0295,neural_t5,265,0.07243018176877422,0.07241142729231204,0.0016481459137637376,6.602637711435768e-06,0.4258241229083235,0.5104507748919631
topology_0295,neural_t5,270,0.071529643835014,0.07151132349587384,0.0016188009709513123,6.515280596526304e-06,0.4228701914509384,0.5076846018762384
topology_0295,neural_t5,275,0.07065217819538681,0.07063427404198132,0.001590463129318626,6.43033855248643e-06,0.4199493277007402,0.5049460241127642
topology_0295,neural_t5,280,0.06979677008259376,0.0697792652124502,0.0015630803177107764,6.3477062684354415e-06,0.4170608183671552,0.5022344693896631
topology_0295,neural_t5,285,0.06896246995486977,0.06894534843325942,0.0015366041825732376,6.267285200774689e-06,0.414203977880129,0.499549386567374
topology_0295,neural_t5,290,0.06814838012300947,0.0681316269029244,0.0015109899560871159,6.188982835445413e-06,0.41137814687503454,0.49689024444841545
topology_0295,neural_t5,295,0.06735368150252398,0.06733728235206556,0.0014861964931960655,6.11271274909318e-06,0.4085826910744294,0.4942565308178307
topology_0295,neural_t5,300,0.06657759704335278,0.06656153851966173,0.0014621838121304826,6.038392825646419e-06,0.4058169982148333,0.4916477520476055
topology_0295,neural_t5,305,0.06581938812171116,0.06580365748490087,0.0014389158188683046,5.965946193856136e-06,0.4030804779431134,0.4890634315814043
topology_0295,neural_t5,310,0.06507835988418131,0.06506294505669569,0.0014163583620858575,5.895300249071312e-06,0.40037256076006283,0.486503109142465
topology_0295,neural_t5,315,0.06435385727490936,0.06433874679221693,0.0013944796232365105,5.8263864358953755e-06,0.397692696910775,0.48396633975346914
topology_0295,neural_t5,320,0.06364526452339717,0.06363044748473629,0.0013732501511824063,5.759140080325773e-06,0.39504035525423864,0.4814526933088739
topology_0295,neural_t5,325,0.06295202516775952,0.0629374912167392,0.0013526417297852126,5.6935004982518454e-06,0.39241502194721684,0.47896175425494253
topology_0295,neural_t5,330,0.06227357641302872,0.06225931567138712,0.001332628871686462,5.6294088492554915e-06,0.38981619787251454,0.4764931208504018
topology_0295,neural_t5,335,0.06160935026579143,0.061595353338840156,0.0013131855341297358,5.5668089266284936e-06,0.38724340344470215,0.47404640295290146
topology_0295,neural_t5,340,0.06095886410917908,0.06094512203516281,0.001294288719067771,5.505648906850831e-06,0.38469617462616684,0.47162122322730404
topology_0295,neural_t5,345,0.06032165867946149,0.060308162905879974,0.0012759165731724594,5.445879016578189e-06,0.38217406089076544,0.4692172153736633
topology_0295,neural_t5,350,0.05969728282420505,0.059684025184572054,0.0012580482247755854,5.387451669707931e-06,0.37967662515768813,0.4668340246863578
topology_0295,neural_t5,355,0.059085303914174936,0.059072276604616135,0.0012406639213777858,5.330321658136726e-06,0.3772034441486456,0.4644713069559516
topology_0295,neural_t5,360,0.05848532848126767,0.05847252403688051,0.0012237452751433595,5.274445447674139e-06,0.37475410689437966,0.4621287288609621
topology_0295,neural_t5,365,0.057896968238450794,0.057884379520650765,0.0012072743960365897,5.219781710249337e-06,0.3723282140068761,0.45980596567445525
topology_0295,neural_t5,370,0.05731985460269161,0.05730747477714778,0.001191234506599796,5.166290970790788e-06,0.36992537752445503,0.4575027024906637
topology_0295,neural_t5,375,0.05675363483810151,0.05674145735670112,0.001175609723462564,5.113935449625808e-06,0.36754522054613564,0.4552186336250471
topology_0295,neural_t5,380,0.056197970210437376,0.05618598879210693,0.001160385106646405,5.0626789400251544e-06,0.3651873767950292,0.45295346188659874
topology_0295,neural_t5,385,0.055652539536310296,0.05564074815881791,0.001145546176527142,5.012486832806959e-06,0.36285149015682416,0.45070689800676006
topology_0295,neural_t5,390,0.05511703309079079,0.0551054259743708,0.001131079254457235,4.963325963144922e-06,0.3605372141962768,0.4484786609376539
topology_0295,neural_t5,395,0.0545911582031107,0.054579729800345304,0.0011169712259136433,4.915164417119928e-06,0.3582442118013634,0.4462684770728494
topology_0295,neural_t5,400,0.05407462823626555,0.05406337321815414,0.0011032096209490656,4.867971584946101e-06,0.3559721547019865,0.44407608016418065
topology_0295,neural_t5,405,0.05356717018567703,0.053556083431374746,0.0010897825213996909,4.821718096132918e-06,0.3537207235199123,0.44190121073214456
topology_0295,neural_t5,410,0.053068525483712235,0.053057602070891975,0.0010766785446592415,4.776375764529115e-06,0.35148960708488153,0.4397436160375918
topology_0295,neural_t5,415,0.05257844342296579,0.052567678617874536,0.0010638867979383953,4.731917454189727e-06,0.34927850209952643,0.4376030497527702
topology_0295,neural_t5,420,0.052096683758892454,0.052086073007651466,0.0010513968495927545,4.688317072085568e-06,0.34708711295830275,0.4354792719418792
topology_0295,neural_t5,425,0.05162301618158077,0.051612555101312615,0.0010391987377731723,4.645549523259222e-06,0.3449151514027251,0.4333720485775778
topology_0295,neural_t5,430,0.05115721810618113,0.05114690247692357,0.0010272829144926925,4.603590622185041e-06,0.3427623362515702,0.43128115128908506
topology_0295,neural_t5,435,0.05069907064359789,0.05068889639496035,0.001015640472733893,4.562417232826405e-06,0.34062839326214667,0.4292063572985665
topology_0295,neural_t5,440,0.05024837747481932,0.05023834069033536,0.0010042624583139538,4.522006958501695e-06,0.3385130549642559,0.42714744910568725
topology_0295,neural_t5,445,0.049804940151068844,0.04979503706468465,0.0009931400137336793,4.482337905087101e-06,0.3364160597763926,0.42510421424321865
topology_0295,neural_t5,450,0.049368563278038936,0.04935879025260213,0.0009822653377063797,4.4433888026384015e-06,0.3343371523389308,0.42307644621849133
topology_0295,neural_t5,455,0.04893906768375793,0.04892942121886461,0.0009716303500271618,4.405141031103371e-06,0.33227608343118775,0.4210639409693569
topology_0295,neural_t5,460,0.048516276238513095,0.048506752955157946,0.0009612277166648946,4.367573875504739e-06,0.3302326091742048,0.4190665007532053
topology_0295,neural_t5,465,0.048100016523690996,0.048090613161355315,0.0009510502560495603,4.3306689849045906e-06,0.3282064913431907,0.4170839324847388
topology_0295,neural_t5,470,0.04769011399474639,0.047680827404748834,0.0009410910628180247,4.294408324548812e-06,0.3261974971830147,0.41511604688983117
topology_0295,neural_t5,475,0.047286401869784236,0.04727722901340388,0.0009313433672583182,4.258774587855144e-06,0.32420540018026117,0.41316265843349237
topology_0295,neural_t5,480,0.04688875334427636,0.04687969129123534,0.0009218008346648935,4.223750913820285e-06,0.322229977962911,0.41122358623087685
topology_0295,neural_t5,485,0.0464969768859815,0.04648802280137935,0.0009124571242102246,4.189320877579468e-06,0.3202710134155299,0.40929865271054316
topology_0295,neural_t5,490,0.0461109858647637,0.0461021370178255,0.0009033064497489763,4.155469092426697e-06,0.31832829408037894,0.40738768357023747
topology_0295,neural_t5,495,0.04573063499945937,0.045721888752025014,0.0008943430040304055,4.122180173558819e-06,0.3164016101082951,0.40549050945174386
topology_0295,neural_t5,500,0.04535578486879537,0.04534713867101574,0.0008855612302947315,4.089439399208659e-06,0.31449075638050117,0.40360696451741057
topology_0295,neural_t5,505,0.04498630168993821,0.04497775307481814,0.0008769558812672325,4.057232616758729e-06,0.3125955323990636,0.40173688604946844
topology_0295,neural_t5,510,0.0446220612421049,0.044613607826365954,0.0008685217351093332,4.025546134170448e-06,0.31071574189502144,0.399880114476895
topology_0295,neural_t5,515,0.04426294075420257,0.04425458023314226,0.0008602538250170031,3.994366659531895e-06,0.3088511926166146,0.39803649351468195
topology_0295,neural_t5,520,0.04390882268549602,0.04390055282930198,0.0008521474034611736,3.9636813325497145e-06,0.30700169628242563,0.39620586993032014
topology_0295,neural_t5,525,0.043559590570902085,0.04355140922246987,0.0008441978259523979,3.933477720810311e-06,0.30516706840292074,0.3943880934246265
topology_0295,neural_t5,530,0.04321511038606166,0.04320701545700725,0.0008364004652169725,3.903743781290972e-06,0.30334712894283816,0.39258301662317074
topology_0295,neural_t5,535,0.042875304110229225,0.04286729358309415,0.0008287511049470515,3.874467993331884e-06,0.30154170156646365,0.39079049484619605
topology_0295,neural_t5,540,0.042540073360264434,0.04253214527980052,0.0008212457644837641,3.845639153718807e-06,0.2997506121810264,0.38901038617057415
topology_0295,neural_t5,545,0.042209317255000815,0.04220146973314853,0.0008138801656820586,3.817246198857547e-06,0.29797368990871137,0.38724255143005604
topology_0295,neural_t5,550,0.041882936119318745,0.04187516732916321,0.000806650339914751,3.789278553310955e-06,0.2962107672130167,0.3854868540355555
topology_0295,neural_t5,555,0.04156083443300681,0.041553142603781554,0.0007995526042840397,3.761725993602718e-06,0.2944616798347571,0.3837431599270337
topology_0295,neural_t5,560,0.04124292120824373,0.041235304624573706,0.0007925833463632564,3.7345786302164046e-06,0.292726266624964,0.38201133741414534
topology_0295,neural_t5,565,0.04092910786645596,0.040921564866337,0.0007857390700360383,3.7078268734140575e-06,0.2910043694345024,0.3802912572249102
topology_0295,neural_t5,570,0.04061930858343786,0.04061183755657021,0.0007790163811784818,3.6814614245903033e-06,0.2892958330155484,0.37858279238971054
topology_0295,neural_t5,575,0.040313439806323334,0.04030603919185059,0.0007724120147779815,3.655473257060927e-06,0.28760050495749967,0.3768858181586776
topology_0295,neural_t5,580,0.040011417552161546,0.04000408583696009,0.0007659227811684091,3.6298536318107895e-06,0.28591823572783864,0.375200211906196
topology_0295,neural_t5,585,0.03971316815399881,0.039705903872222344,0.0007595456039805873,3.6045940830292197e-06,0.28424887843235924,0.37352585312036746
topology_0295,neural_t5,590,0.039418615704086855,0.03941141743449275,0.0007532775162504935,3.5796864004681255e-06,0.282592288631523,0.37186262343209836
topology_0295,neural_t5,595,0.03912768971647607,0.03912055608149839,0.0007471156431706899,3.5551226253422224e-06,0.28094832426303956,0.37021040612448536
topology_0295,neural_t5,600,0.03884031320718135,0.03883324286950222,0.0007410572197757414,3.530894977374918e-06,0.2793168457735103,0.3685690867148106
topology_0295,neural_t5,605,0.0385564103397957,0.03854940200158458,0.0007350995251739916,3.506995937424663e-06,0.27769771628847834,0.3669385529039325
topology_0295,neural_t5,610,0.038275922555732166,0.03826897496597857,0.0007292396118623456,3.48341826674688e-06,0.2760908015731804,0.36531869385266785
topology_0295,neural_t5,615,0.03799879932496586,0.03799191127639333,0.0007234747632167351,3.4601549518246604e-06,0.27449596831330614,0.36370940098488724
topology_0295,neural_t5,620,0.03772495658102468,0.03771812687580364,0.0007178037382451318,3.437199115883133e-06,0.27291308574227496,0.3621105672153285
topology_0295,neural_t5,625,0.03745432964598608,0.037447557129502575,0.0007122237034252238,3.4145440184317576e-06,0.2713420262058259,0.36052208704053856
topology_0295,neural_t5,630,0.037186855483779334,0.037180139038263456,0.0007067321699064465,3.3921832450144216e-06,0.2697826641970566,0.358943856677769
topology_0295,neural_t5,635,0.0369224799070975,0.03691581844732156,0.0007013269542568871,3.3701106159727633e-06,0.26823487624540626,0.3573757739090799
topology_0295,neural_t5,640,0.03666114992885388,0.03665454239976789,0.0006960060044810683,3.3483200782938497e-06,0.26669854060931286,0.35581773811207223
topology_0295,neural_t5,645,0.036402822505012714,0.03639626787842821,0.0006907675336288455,3.3268062095896608e-06,0.2651735368263695,0.35426965063472393
topology_0295,neural_t5,650,0.03614741396721763,0.03614091124543197,0.0006856091747257254,3.3055622025678675e-06,0.263659746999407,0.35273141419499
topology_0295,neural_t5,655,0.03589488274577934,0.035888430966294495,0.0006805287079014088,3.2845828580535275e-06,0.26215705576730386,0.3512029325989508
topology_0295,neural_t5,660,0.03564518174123109,0.03563877996657802,0.0006755243936599897,3.263862873843545e-06,0.26066534887662873,0.3496841110266383
topology_0295,neural_t5,665,0.03539826049416275,0.03539190781235852,0.0006705944336895056,3.2433969503557885e-06,0.2591845138134671,0.3481748561013963
topology_0295,neural_t5,670,0.035154077355949644,0.03514777288039984,0.0006657371155595704,3.2231798298696296e-06,0.2577144397390645,0.34667507590077684
topology_0295,neural_t5,675,0.034912579867496386,0.0349063227421967,0.0006609503471395027,3.2032065176205663e-06,0.2562550170677876,0.3451846793709196
topology_0295,neural_t5,680,0.03467371763949575,0.03466750702301663,0.0006562328992623593,3.18347250310432e-06,0.2548061382639811,0.3437035782331672
topology_0295,neural_t5,685,0.034437443820508375,0.03443127889449181,0.0006515831256785041,3.163972916160258e-06,0.2533676977746445,0.34223168462074316
topology_0295,neural_t5,690,0.034203715563749924,0.034197595533135644,0.0006469994040281031,3.1447031824257396e-06,0.25193959158736545,0.3407689119319259
topology_0295,neural_t5,695,0.03397249059749355,0.03396641468889003,0.0006424802015630586,3.1256588439100796e-06,0.2505217171698184,0.3393151747612944
topology_0295,neural_t5,700,0.033743727106996114,0.033737694567705666,0.0006380240396730676,3.1068355567236807e-06,0.24911397348531344,0.3378703889154118
topology_0295,neural_t5,705,0.033517375186548695,0.033511385283080335,0.0006336294403346201,3.0882290616029356e-06,0.24771626115484788,0.33643447135143095
topology_0295,neural_t5,710,0.033293408519879414,0.03328746054049279,0.0006292950125541574,3.0698353304932373e-06,0.24632848239694005,0.33500734013275235
topology_0295,neural_t5,715,0.03307178524479908,0.03306587849609661,0.0006250193972330256,3.051650277353465e-06,0.2449505402287534,0.3335889145523941
topology_0295,neural_t5,720,0.03285246663718435,0.03284660044237109,0.0006208013558159185,3.0336700952102818e-06,0.24358233931419607,0.33217911507679515
topology_0295,neural_t5,725,0.03263541494936405,0.03262958864643177,0.0006166397540105666,3.0158910263533263e-06,0.2422237856550265,0.33077786302173184
topology_0295,neural_t5,730,0.032420598996522734,0.03241481193674171,0.0006125335983743733,2.998309604327322e-06,0.24087478657594275,0.32938508097882035
topology_0295,neural_t5,735,0.03220798017692397,0.03220223173842684,0.0006084811056124538,2.9809218537968184e-06,0.23953525046357685,0.3280006926273514
topology_0295,neural_t5,740,0.031997495969807145,0.03199178551849219,0.000604482334692539,2.9637244440087006e-06,0.2382050880002961,0.32662462243815954
topology_0295,neural_t5,745,0.03178913713675222,0.03178346409465322,0.0006005342288386997,2.9467136969132407e-06,0.23688421175864494,0.3252567958366108
topology_0295,neural_t5,750,0.031582882216007774,0.031577246012280416,0.0005966362090126535,2.9298865765945906e-06,0.23557253380976695,0.3238971391480542
topology_0295,neural_t5,755,0.03137869802173617,0.031373098092893376,0.0005927875724350215,2.9132398086477654e-06,0.23426996709459338,0.3225455798979575
topology_0295,neural_t5,760,0.031176550252721456,0.031170986048496288,0.0005889872949718058,2.896770189929052e-06,0.23297642594691786,0.32120204661845103
topology_0295,neural_t5,765,0.030976406545939004,0.03097087752940359,0.0005852343640302758,2.88047464449222e-06,0.23169182599470317,0.319866468750794
topology_0295,neural_t5,770,0.030778232529752033,0.030772738176201214,0.0005815278066890356,2.8643501473717727e-06,0.23041608413647774,0.31853877657657714
topology_0295,neural_t5,775,0.030581997183388176,0.03057653698737224,0.0005778663091691117,2.84839363464472e-06,0.22914911876773603,0.31721890149777193
topology_0295,neural_t5,780,0.030387676882924722,0.030382250343341265,0.0005742494161426163,2.8326025173153863e-06,0.2278908491489728,0.31590677548584084
topology_0295,neural_t5,785,0.03019524575364011,0.0301898523813686,0.000570676246703141,2.816974037000618e-06,0.22664119526863094,0.314602331053152
topology_0295,neural_t5,790,0.030004674350716635,0.02999931366924189,0.0005671458529844067,2.801505379828803e-06,0.22540007823906252,0.31330550198991086
topology_0295,neural_t5,795,0.0298159354399313,0.02981060698429901,0.0005636573630654198,2.7861938930200966e-06,0.2241674202618758,0.3120162228238467
topology_0295,neural_t5,800,0.02962900256353852,0.02962370587964491,0.0005602099497668028,2.7710369969844045e-06,0.22294314455815503,0.3107344288814174
topology_0296,cold,0,1.0,0.9934555760790903,0.11421916708483627,1.509333807283186e-05,1.0,1.0
topology_0296,cold,5,5.0272846868578185,5.026833982858272,0.06731533533775834,0.00027771338688607566,0.748069583386294,0.6228085864686562
topology_0296,cold,10,2.3082476937362957,2.307795482092243,0.04568817137219709,0.0001395357440297664,0.5635306130993736,0.50898429693791
topology_0296,cold,15,1.3040904456149636,1.3038577332491474,0.024635286747323716,6.661461927486326e-05,0.44880122417924995,0.5139285549126925
topology_0296,cold,20,0.8212337928014276,0.8210730654646222,0.016246904762921476,4.11481596329173e-05,0.3729391640791239,0.5229879442615599
topology_0296,cold,25,0.5451184925436862,0.5449844866476189,0.012086330020960488,2.920884603077798e-05,0.3225841181562584,0.5332875841728725
topology_0296,cold,30,0.3873657920718762,0.387243923137807,0.009715984674087477,2.2408149131292042e-05,0.28792043408411616,0.540974155800098
topology_0296,cold,35,0.28834801107768665,0.2882354525819878,0.00805599368705542,1.8249068907058425e-05,0.2634606805543068,0.5461641900494746
topology_0296,cold,40,0.22266207194784168,0.22255650805230187,0.006855564683317943,1.5509493524566005e-05,0.24582709551173526,0.5488967065269325
topology_0296,cold,45,0.1780305075037808,0.17793079524086505,0.0059576439938950065,1.3603275680992618e-05,0.23275730073128842,0.5495223250331843
topology_0296,cold,50,0.14717779661657746,0.14708330165043595,0.005273143588968435,1.2215057178788194e-05,0.2227487721338154,0.548867087108811
topology_0296,cold,55,0.12541295575835126,0.1253235133640526,0.004735646269133811,1.1160194289892509e-05,0.21481037783016457,0.5473804208287084
topology_0296,cold,60,0.10978250045758804,0.10969816591666987,0.004302289464222419,1.0324976036138337e-05,0.20828773183010782,0.5453315495397583
topology_0296,cold,65,0.09831654059553738,0.0982373327460006,0.003945695965873203,9.642116183766768e-06,0.20273957932674874,0.5429248241938732
topology_0296,cold,70,0.08970646995449394,0.08963233185145979,0.0036463346449409203,9.067712775771109e-06,0.19786809086191343,0.540303373978191
topology_0296,cold,75,0.08297916096433211,0.08290982673909691,0.003391417246787573,8.572961062428792e-06,0.19348290201830937,0.5375995112002115
topology_0296,cold,80,0.07768504721247993,0.0776203308740442,0.0031702884904862365,8.142249456436992e-06,0.18944967811525457,0.5348012601170558
topology_0296,cold,85,0.07335421222232479,0.07329377720624976,0.002977014171190958,7.760348788494028e-06,0.1856760629960092,0.5319854219440513
topology_0296,cold,90,0.0697104453552404,0.06965394309126684,0.0028061269449200133,7.41845731963421e-06,0.18210371435718994,0.529180900241564
topology_0296,cold,95,0.0665747484289104,0.06652183532141613,0.0026537715225730327,7.109787784831742e-06,0.17869314562682637,0.5263993523412752
topology_0296,cold,100,0.06382430193035188,0.06377465331701883,0.002516955413515334,6.82914015878634e-06,0.17541690042610744,0.5236504089940291
topology_0296,cold,105,0.06137245832876773,0.06132577366150933,0.0023933413748086405,6.5724647335672385e-06,0.17225570638121324,0.5209396532773481
topology_0296,cold,110,0.05915748555968576,0.05911349117248075,0.002281056552081246,6.336535096726068e-06,0.16919582427265384,0.5182701944943013
topology_0296,cold,115,0.057147360109281446,0.05710582168998715,0.0021784992861203158,6.118141713783581e-06,0.16622675834400868,0.515637299324911
topology_0296,cold,120,0.0552993440339638,0.05526003925254706,0.002084580860269493,5.918669075578496e-06,0.16333964634287643,0.5130469911536869
topology_0296,cold,125,0.053577097888385807,0.05353982179914531,0.0019982159608569563,5.729853213547459e-06,0.1605288006123029,0.5105026878604327
topology_0296,cold,130,0.05195219453997358,0.05191675578667669,0.0019185815732571012,5.554510837490561e-06,0.1577921707878413,0.5080068107748809
topology_0296,cold,135,0.050430302022099284,0.05039654671580867,0.0018448338955596878,5.390664141876598e-06,0.15512683838486793,0.5055512958528833
topology_0296,cold,140,0.04900035277787563,0.04896814166712594,0.001776413971475048,5.237031304341644e-06,0.15252930459013636,0.5031347659445016
topology_0296,cold,145,0.047651415934914065,0.04762062396969919,0.0017127718482110202,5.092609186558351e-06,0.14999653813239044,0.5007566941256696
topology_0296,cold,150,0.04637471235777633,0.04634522716287961,0.0016534330710238569,4.9565334297688695e-06,0.14752594034829122,0.49841588677129167
topology_0296,cold,155,0.045163192298847715,0.045134912975813346,0.0015979818454611664,4.828046305049056e-06,0.14511520233515318,0.4961111274035286
topology_0296,cold,160,0.0440109182547601,0.04398375404133406,0.0015460543029461175,4.706479327906858e-06,0.14276222409357414,0.4938411899115312
topology_0296,cold,165,0.0429128382009414,0.04288670735964008,0.0014973286978055618,4.591241262239945e-06,0.1404650650482995,0.4916048689320406
topology_0296,cold,170,0.04186459212321764,0.041839420952909226,0.0014515191635144451,4.481806103492116e-06,0.13822190695637687,0.489400999868731
topology_0296,cold,175,0.040862359915976705,0.04083808186042728,0.0014083709381985353,4.377704550826425e-06,0.13603103141187672,0.4872284569741142
topology_0296,cold,180,0.03990277428448013,0.039879329144036635,0.0013676565044079935,4.278517172101902e-06,0.13389080449968693,0.4850861589460954
topology_0296,cold,185,0.03898283922076445,0.03896017245085606,0.0013291722261525964,4.1838680204103065e-06,0.13179966573632954,0.48297307033591363
topology_0296,cold,190,0.03809988311026533,0.038077945235213684,0.0012927346687806286,4.093419239666066e-06,0.12975611950665336,0.4808882015305614
topology_0296,cold,195,0.037251514045510914,0.037230260090918975,0.0012581797130949313,4.006866554868236e-06,0.12775872927388487,0.47883060823424556
topology_0296,cold,200,0.03643555953242427,0.036414948546584024,0.001225359291472863,3.923935701469474e-06,0.12580611226065372,0.47679939085592316
topology_0296,cold,205,0.03565004650336662,0.035630041143378956,0.0011941394533624113,3.84437883162041e-06,0.12389693750488072,0.4747936917814862
topology_0296,cold,210,0.03489318094796899,0.03487374709982236,0.0011643992819168594,3.7679715250191863e-06,0.12202992297607505,0.47281269360205236
topology_0296,cold,215,0.03416332391026848,0.03414443035386145,0.0011360293829037074,3.6945102309296466e-06,0.120203833256427,0.47085561718873253
topology_0296,cold,220,0.033458976919401216,0.03344059503173236,0.0011089306942725899,3.6238101635117316e-06,0.11841747735149329,0.4689217198457602
topology_0296,cold,225,0.03277876145183193,0.03276086494703023,0.0010830132019172458,3.5557027440429157e-06,0.11666970697769305,0.46701029309166725
topology_0296,cold,230,0.0321214116025158,0.03210397629623631,0.001058195222344198,3.4900346381808616e-06,0.11495941478592822,0.4651206609231596
topology_0296,cold,235,0.03148575916597627,0.031468762765929977,0.001034402483291458,3.4266656884834667e-06,0.11328553263133108,0.4632521779531316
topology_0296,cold,240,0.03087072516932092,0.030854147090120666,0.0010115673455432512,3.3654677846190115e-06,0.1116470301881169,0.46140422748455084
topology_0296,cold,245,0.030275312708904364,0.030259133904539236,0.0009896282318816456,3.306323190702042e-06,0.11004291324056263,0.4595762195798448
topology_0296,cold,250,0.029698584690821313,0.029682787500395623,0.000968528929582575,3.2491237639075774e-06,0.108472222782181,0.4577675962068085
topology_0296,cold,255,0.02913968461110592,0.029124252640268584,0.0009482178970893064,3.193770652596689e-06,0.10693403412568904,0.455977814963268
topology_0296,cold,260,0.028597819573310423,0.028582737573796622,0.000928648089648533,3.1401724668237996e-06,0.10542745391335391,0.4542063569803691
topology_0296,cold,265,0.028072235088703896,0.028057488839369083,0.0009097765477782092,3.088243871799507e-06,0.10395161912476546,0.45245273254578783
topology_0296,cold,270,0.0275622311404469,0.027547807363891272,0.0008915635997950601,3.0379070022474704e-06,0.10250569747663314,0.45071646782565306
topology_0296,cold,275,0.02706716265935992,0.02705304893543264,0.0008739729919624699,2.989089316344996e-06,0.10108888483189718,0.448997109281047
topology_0296,cold,280,0.026586412248964245,0.02657259693693816,0.0008569712043967337,2.941723225126319e-06,0.09970040391893491,0.4472942214795407
topology_0296,cold,285,0.026119403955944448,0.026105876126277232,0.0008405273986791419,2.895745952673647e-06,0.09833950443120341,0.4456073869016091
topology_0296,cold,290,0.025665599672885214,0.02565234904432528,0.0008246132112354662,2.8510990492841884e-06,0.09700546113286268,0.4439362045415823
topology_0296,cold,295,0.02522449130093409,0.025211508187707187,0.0008092023286782994,2.8077276686385606e-06,0.09569757285641461,0.4422802893592121
topology_0296,cold,300,0.024795599785057205,0.02478287504668409,0.0007942704027824614,2.7655805920891207e-06,0.09441516165874107,0.4406392711374977
topology_0296,cold,305,0.02437847256345576,0.024365997559448717,0.0007797948682867315,2.7246097222216554e-06,0.0931575718344944,0.43901279395707177
topology_0296,cold,310,0.023972677598040358,0.023960444145248182,0.000765754774088399,2.6847698400537984e-06,0.09192416909138412,0.43740051540506475
topology_0296,cold,315,0.023577809936626025,0.02356581027629335,0.0007521305923802136,2.6460184177849323e-06,0.09071434055927435,0.435802105862519
topology_0296,cold,320,0.02319349284871007,0.02318171961584747,0.0007389041697605091,2.60831527020066e-06,0.08952749213318333,0.43421724803359757
topology_0296,cold,325,0.022819361324439662,0.022807807514384593,0.0007260585574677351,2.5716224600377224e-06,0.08836304811770411,0.43264563614291873
topology_0296,cold,330,0.022455066982325605,0.02244372592435257,0.0007135778741417502,2.535904061834667e-06,0.08722045118808483,0.431086975822158
topology_0296,cold,335,0.022100279982653487,0.022089145315210466,0.000701447289223004,2.5011260355738413e-06,0.08609916157541667,0.4295409832574251
topology_0296,cold,340,0.021754684986283676,0.02174375063582441,0.0006896528490265119,2.467255973709996e-06,0.08499865632614707,0.4280073846842662
topology_0296,cold,345,0.021417981380493223,0.02140724154096124,0.0006781814627819404,2.4342631357060104e-06,0.08391842871484735,0.42648591597508884
topology_0296,cold,350,0.02108988211854416,0.02107933123339701,0.0006670208067595145,2.40211821942966e-06,0.08285798759205638,0.4249763221970126
topology_0296,cold,355,0.020770111014286715,0.020759743761941046,0.0006561591755689856,2.370793292409214e-06,0.0818168568340065,0.42347835714868826
topology_0296,cold,360,0.02045840857813143,0.02044821985439787,0.0006455856714225518,2.3402616073981246e-06,0.0807945747529401,0.42199178285482
topology_0296,cold,365,0.020154521545346884,0.020144506447707242,0.0006352899823972251,2.3104975364911687e-06,0.07979069333704976,0.42051636967707856
topology_0296,cold,370,0.019858208607352185,0.019848362426651237,0.0006252622396082888,2.2814767132551104e-06,0.07880477804593398,0.41905189535145104
topology_0296,cold,375,0.019569238239037192,0.01955955644670278,0.0006154931255849002,2.2531757265768613e-06,0.07783640719954223,0.4175981450772072
topology_0296,cold,380,0.019287387684325905,0.019277865921771633,0.0006059737902842613,2.2255720921406197e-06,0.07688517150689118,0.4161549109992388
topology_0296,cold,385,0.019012443169629956,0.019003077238662725,0.0005966958235074642,2.198644220122105e-06,0.07595067365527847,0.4147219920666237
topology_0296,cold,390,0.018744199236509506,0.018734985090501498,0.0005876512209236523,2.1723713592139035e-06,0.07503252777334592,0.4132991934055452
topology_0296,cold,395,0.018482457761734527,0.018473391497575497,0.0005788323445880654,2.146733544162409e-06,0.07413035908068381,0.41188632646187184
topology_0296,cold,400,0.018227027738848958,0.01821810558929919,0.0005702319074331861,2.1217115448149887e-06,0.07324380350092421,0.4104832085554382
topology_0296,cold,405,0.017977725071087518,0.017968943397743,0.0005618429511035552,2.097286847629452e-06,0.07237250731398398,0.409089662698646
topology_0296,cold,410,0.01773437224826562,0.0177257275354423,0.0005536588120462773,2.073441586199667e-06,0.07151612677007937,0.407705517305438
topology_0296,cold,415,0.017496797925080264,0.017488286773877846,0.000545673109610953,2.050158534556188e-06,0.07067432775141609,0.4063306059785193
topology_0296,cold,420,0.017264831817749356,0.017256450935321,0.0005378798207717241,2.027421066653237e-06,0.0698467856416722,0.40496476730582653
topology_0296,cold,425,0.0170383191138126,0.01703006531881233,0.0005302729865059604,2.00521308897918e-06,0.06903318517139459,0.4036078444829915
topology_0296,cold,430,0.01681710654677764,0.016808976761392796,0.0005228469243290496,1.983519109056222e-06,0.06823321903877388,0.40225968548815627
topology_0296,cold,435,0.016601044986679865,0.016593036229791806,0.0005155962333738898,1.962324122258334e-06,0.06744658825872904,0.40092014278303595
topology_0296,cold,440,0.016389989577781917,0.016382098959536524,0.0005085157518591162,1.9416136104068344e-06,0.06667300193965693,0.39958907319362846
topology_0296,cold,445,0.016183799312919096,0.01617602403097515,0.0005016004968885387,1.921373508811306e-06,0.06591217713498049,0.39826633760137814
topology_0296,cold,450,0.015982337629826565,0.015974674967455835,0.0004948456141716007,1.9015902193715422e-06,0.0651638386978701,0.39695180076576086
topology_0296,cold,455,0.01578547476892635,0.0157779220916361,0.00048824646215238365,1.8822506444936259e-06,0.06442771881720989,0.3956453310867635
topology_0296,cold,460,0.015593084049628293,0.015585638802190369,0.0004817985412876439,1.8633419866818218e-06,0.06370355664419956,0.3943468007315309
topology_0296,cold,465,0.01540504101145329,0.015397700713474604,0.0004754975282197125,1.8448518950306075e-06,0.0629910982358377,0.3930560853227989
topology_0296,cold,470,0.01522122654780227,0.01521398879224896,0.0004693392288747743,1.8267684283108442e-06,0.062290096577481,0.39177306360108893
topology_0296,cold,475,0.015041525301391138,0.015034387751511629,0.0004633196054738477,1.8090799856837573e-06,0.061600310780069674,0.39049761801286736
topology_0296,cold,480,0.01486582005568059,0.014858780440433591,0.0004574347389571031,1.7917753319613588e-06,0.06092150676420818,0.389229634086463
topology_0296,cold,485,0.014694011027371686,0.014687067144500921,0.00045168087780246135,1.7748436008419297e-06,0.060253456117264285,0.38796900017527997
topology_0296,cold,490,0.014525991303300163,0.014519141011880916,0.00044605440154912363,1.7582742344350775e-06,0.0595959357577657,0.38671560769410424
topology_0296,cold,495,0.014361657661030943,0.01435489888134126,0.00044055174991576546,1.7420569993919473e-06,0.05894872844435022,0.3854693509907854
topology_0296,cold,500,0.014200910465767312,0.014194241176714585,0.00043516950064951843,1.7261819527332172e-06,0.05831162251854904,0.3842301270317021
topology_0296,cold,505,0.014043652939980462,0.014037071176942226,0.0004299043449328246,1.7106394697738632e-06,0.05768441170792326,0.38299783544103977
topology_0296,cold,510,0.013889791209463473,0.013883295062400556,0.00042475307928662126,1.6954202156398526e-06,0.05706689496563101,0.3817723783689173
topology_0296,cold,515,0.013739234264303662,0.013732821876124188,0.0004197125968201981,1.6805151347429103e-06,0.05645887629538209,0.38055366038584726
topology_0296,cold,520,0.013591893785536562,0.013585563350336716,0.0004147798886410811,1.6659154428099127e-06,0.05586016458824692,0.37934158841176124
topology_0296,cold,525,0.013447684047406703,0.013441433808873565,0.0004099520371010078,1.6516126199159534e-06,0.05527057347204655,0.37813607164649415
topology_0296,cold,530,0.013306521790845183,0.013300350040912212,0.0004052262056132643,1.6375983935327579e-06,0.05468992116607709,0.3769370214927177
topology_0296,cold,535,0.013168326990429259,0.01316223206686243,0.00040059968545843005,1.623864740433562e-06,0.05411803033970066,0.3757443514845492
topology_0296,cold,540,0.013033020486770732,0.013027000769343353,0.0003960699063460412,1.610403844291252e-06,0.053554727848859354,0.37455797723189144
topology_0296,cold,545,0.01290052490043967,0.012894578818424323,0.0003916340782318936,1.5972082415407612e-06,0.05299984499284388,0.37337781624698246
topology_0296,cold,550,0.012770767034178414,0.012764893057799893,0.00038728975493413774,1.5842705782518869e-06,0.05245321706358492,0.37220378818582606
topology_0296,cold,555,0.012643674925426823,0.012637871565208268,0.00038303453015613897,1.5715837364112396e-06,0.051914683298803305,0.3710358144368673
topology_0296,cold,560,0.012519178678378757,0.0125134444844021,0.00037886605289966154,1.5591408234311618e-06,0.0513840867641697,0.36987381814054127
topology_0296,cold,565,0.01239721029215606,0.01239154385301747,0.0003747820348907598,1.546935137627249e-06,0.05086127425374996,0.36871772424956667
topology_0296,cold,570,0.012277703669597333,0.012272103611186979,0.000370780256530271,1.5349601884770067e-06,0.05034609619690574,0.3675674594265315
topology_0296,cold,575,0.012160594676706845,0.012155059661381078,0.000366858554826828,1.5232096947481964e-06,0.049838406545973664,0.3664229519588868
topology_0296,cold,580,0.012045820921010015,0.012040349646116763,0.00036301484147292855,1.5116775433295081e-06,0.04933806267491228,0.36528413173836205
topology_0296,cold,585,0.011933321758364835,0.011927912955405712,0.0003592470819013165,1.5003578063172715e-06,0.04884492529446845,0.3641509302011522
topology_0296,cold,590,0.011823038249111793,0.011817690682741005,0.0003555533000367349,1.489244731639491e-06,0.048358858355762466,0.3630232802814779
topology_0296,cold,595,0.011714913128237374,0.011709625595098139,0.0003519315832705856,1.4783327415413087e-06,0.047879728959847004,0.36190111636568034
topology_0296,cold,600,0.011608890717697155,0.011603662045652531,0.0003483800680580456,1.4676164239672795e-06,0.047407407269030165,0.36078437424485704
topology_0296,cold,605,0.011504916862775827,0.011499745910178886,0.00034489693764195586,1.457090526134175e-06,0.04694176642957027,0.35967299108326833
topology_0296,cold,610,0.011402938947862633,0.011397824602335275,0.00034148043867534227,1.4467499547037618e-06,0.046482682488422356,0.3585669053628507
topology_0296,cold,615,0.011302905854677829,0.011297847032289917,0.0003381288672948388,1.436589771912457e-06,0.04603003431441654,0.35746605685383104
topology_0296,cold,620,0.011204767853301281,0.01119976349785366,0.00033484056402423713,1.426605178673776e-06,0.045583703519067494,0.3563703865763489
topology_0296,cold,625,0.01110847659574284,0.011103525677936344,0.0003316139174951988,1.4167915213041814e-06,0.045143574393261776,0.35527983676776287
topology_0296,cold,630,0.011013985145505289,0.01100908666208778,0.0003284473656417415,1.4071442913748526e-06,0.04470953381910453,0.3541943508394581
topology_0296,cold,635,0.01092124781226229,0.010916400785449682,0.00032533938406911154,1.3976591053026239e-06,0.04428147120867123,0.35311387334600924
topology_0296,cold,640,0.010830220201957973,0.010825423678608299,0.0003222884950792622,1.3883317159396112e-06,0.04385927843590604,0.3520383499506813
topology_0296,cold,645,0.010740859075615427,0.010736112126446333,0.0003192932641404398,1.3791580025169084e-06,0.0434428497791875,0.350967727399537
topology_0296,cold,650,0.010653122481727515,0.010648424200662329,0.00031635229755756815,1.3701339685980762e-06,0.0430320818544494,0.34990195349416237
topology_0296,cold,655,0.010566969600553004,0.010562319104033366,0.00031346424128741757,1.3612557400995702e-06,0.04262687355443342,0.3488409770557933
topology_0296,cold,660,0.010482360766205423,0.010477757192640557,0.0003106277766760285,1.352519550327304e-06,0.042227125990895356,0.347784747896718
topology_0296,cold,665,0.010399257377588853,0.010394699886716763,0.00030784162210627556,1.343921744808898e-06,0.04183274243416185,0.3467332167922716
topology_0296,cold,670,0.010317621974163268,0.010313109746518218,0.0003051045305424728,1.3354587841059714e-06,0.04144362825757865,0.34568633545861327
topology_0296,cold,675,0.010237418370821962,0.010232950607183915,0.0003024152921244178,1.327127232473982e-06,0.041059690860998775,0.34464405652339514
topology_0296,cold,680,0.010158610757285537,0.010154186677343644,0.000299772747484454,1.318923757798118e-06,0.04068083963371929,0.3436063335035385
topology_0296,cold,685,0.010081164545219007,0.010076783387941504,0.0002971757425696566,1.3108451255134205e-06,0.04030698595301416,0.34257312078721774
topology_0296,cold,690,0.010005046213712626,0.010000707236383806,0.00029462317143824277,1.3028881922031748e-06,0.039938043096312256,0.34154437360540524
topology_0296,cold,695,0.009930223177029957,0.009925925654976388,0.00029211395096818125,1.29504991558372e-06,0.03957392619334702,0.3405200480147928
topology_0296,cold,700,0.009856663744148746,0.00985240697007985,0.00028964703334698953,1.287327341224658e-06,0.03921455217234418,0.3395001008686771
topology_0296,cold,705,0.009784337108683667,0.009780120392124038,0.00028722140283529197,1.279717611220989e-06,0.03885983971828267,0.33848448979410967
topology_0296,cold,710,0.009713213306175264,0.009709035973227531,0.0002848360638954588,1.272217933267196e-06,0.038509709229454035,0.3374731731742162
topology_0296,cold,715,0.009643263172494573,0.009639124565187852,0.0002824900546893025,1.2648256088771745e-06,0.03816408277160528,0.3364661101339408
topology_0296,cold,720,0.00957445817472673,0.00957035765059999,0.0002801824366228433,1.2575380184363353e-06,0.03782288405022348,0.3354632605212913
topology_0296,cold,725,0.00950677088989489,0.009502707821604147,0.00027791230054568817,1.2503526240527854e-06,0.03748603838957292,0.3344645848776094
topology_0296,cold,730,0.00944017461541306,0.009436148390308947,0.00027567876205150096,1.243266957991849e-06,0.0371534726161812,0.333470044433978
topology_0296,cold,735,0.009374643243845819,0.009370653263567771,0.0002734809590918516,1.2362786251470964e-06,0.036825115068456225,0.33247960108773184
topology_0296,cold,740,0.009310151383344732,0.00930619706338173,0.00027131805489654493,1.2293853017652847e-06,0.03650089556593784,0.3314932173909834
topology_0296,cold,745,0.009246674349034813,0.00924275511829541,0.00026918923754309693,1.22258473361111e-06,0.03618074537262643,0.33051085653237783
topology_0296,cold,750,0.009184188133910002,0.009180303434411537,0.000267093715451416,1.2158747321921455e-06,0.03586459716115717,0.32953248232069343
topology_0296,cold,755,0.009122669398370992,0.009118818684817422,0.0002650307210608054,1.2092531754823258e-06,0.03555238497809045,0.3285580591706681
topology_0296,teacher_k20,0,0.8212337928014276,0.8210730654646222,0.016246904762921476,4.11481596329173e-05,0.3729391640791239,0.5229879442615599
topology_0296,teacher_k20,5,0.5451184925436862,0.5449844866476189,0.012086330020960488,2.920884603077798e-05,0.3225841181562584,0.5332875841728725
topology_0296,teacher_k20,10,0.3873657920718762,0.387243923137807,0.009715984674087477,2.2408149131292042e-05,0.28792043408411616,0.540974155800098
topology_0296,teacher_k20,15,0.28834801107768665,0.2882354525819878,0.00805599368705542,1.8249068907058425e-05,0.2634606805543068,0.5461641900494746
topology_0296,teacher_k20,20,0.22266207194784168,0.22255650805230187,0.006855564683317943,1.5509493524566005e-05,0.24582709551173526,0.5488967065269325
topology_0296,teacher_k20,25,0.1780305075037808,0.17793079524086505,0.0059576439938950065,1.3603275680992618e-05,0.23275730073128842,0.5495223250331843
topology_0296,teacher_k20,30,0.14717779661657746,0.14708330165043595,0.005273143588968435,1.2215057178788194e-05,0.2227487721338154,0.548867087108811
topology_0296,teacher_k20,35,0.12541295575835126,0.1253235133640526,0.004735646269133811,1.1160194289892509e-05,0.21481037783016457,0.5473804208287084
topology_0296,teacher_k20,40,0.10978250045758804,0.10969816591666987,0.004302289464222419,1.0324976036138337e-05,0.20828773183010782,0.5453315495397583
topology_0296,teacher_k20,45,0.09831654059553738,0.0982373327460006,0.003945695965873203,9.642116183766768e-06,0.20273957932674874,0.5429248241938732
topology_0296,teacher_k20,50,0.08970646995449394,0.08963233185145979,0.0036463346449409203,9.067712775771109e-06,0.19786809086191343,0.540303373978191
topology_0296,teacher_k20,55,0.08297916096433211,0.08290982673909691,0.003391417246787573,8.572961062428792e-06,0.19348290201830937,0.5375995112002115
topology_0296,teacher_k20,60,0.07768504721247993,0.0776203308740442,0.0031702884904862365,8.142249456436992e-06,0.18944967811525457,0.5348012601170558
topology_0296,teacher_k20,65,0.07335421222232479,0.07329377720624976,0.002977014171190958,7.760348788494028e-06,0.1856760629960092,0.5319854219440513
topology_0296,teacher_k20,70,0.0697104453552404,0.06965394309126684,0.0028061269449200133,7.41845731963421e-06,0.18210371435718994,0.529180900241564
topology_0296,teacher_k20,75,0.0665747484289104,0.06652183532141613,0.0026537715225730327,7.109787784831742e-06,0.17869314562682637,0.5263993523412752
topology_0296,teacher_k20,80,0.06382430193035188,0.06377465331701883,0.002516955413515334,6.82914015878634e-06,0.17541690042610744,0.5236504089940291
topology_0296,teacher_k20,85,0.06137245832876773,0.06132577366150933,0.0023933413748086405,6.5724647335672385e-06,0.17225570638121324,0.5209396532773481
topology_0296,teacher_k20,90,0.05915748555968576,0.05911349117248075,0.002281056552081246,6.336535096726068e-06,0.16919582427265384,0.5182701944943013
topology_0296,teacher_k20,95,0.057147360109281446,0.05710582168998715,0.0021784992861203158,6.118141713783581e-06,0.16622675834400868,0.515637299324911
topology_0296,teacher_k20,100,0.0552993440339638,0.05526003925254706,0.002084580860269493,5.918669075578496e-06,0.16333964634287643,0.5130469911536869
topology_0296,teacher_k20,105,0.053577097888385807,0.05353982179914531,0.0019982159608569563,5.729853213547459e-06,0.1605288006123029,0.5105026878604327
topology_0296,teacher_k20,110,0.05195219453997358,0.05191675578667669,0.0019185815732571012,5.554510837490561e-06,0.1577921707878413,0.5080068107748809
topology_0296,teacher_k20,115,0.050430302022099284,0.05039654671580867,0.0018448338955596878,5.390664141876598e-06,0.15512683838486793,0.5055512958528833
topology_0296,teacher_k20,120,0.04900035277787563,0.04896814166712594,0.001776413971475048,5.237031304341644e-06,0.15252930459013636,0.5031347659445016
topology_0296,teacher_k20,125,0.047651415934914065,0.04762062396969919,0.0017127718482110202,5.092609186558351e-06,0.14999653813239044,0.5007566941256696
topology_0296,teacher_k20,130,0.04637471235777633,0.04634522716287961,0.0016534330710238569,4.9565334297688695e-06,0.14752594034829122,0.49841588677129167
topology_0296,teacher_k20,135,0.045163192298847715,0.045134912975813346,0.0015979818454611664,4.828046305049056e-06,0.14511520233515318,0.4961111274035286
topology_0296,teacher_k20,140,0.0440109182547601,0.04398375404133406,0.0015460543029461175,4.706479327906858e-06,0.14276222409357414,0.4938411899115312
topology_0296,teacher_k20,145,0.0429128382009414,0.04288670735964008,0.0014973286978055618,4.591241262239945e-06,0.1404650650482995,0.4916048689320406
topology_0296,teacher_k20,150,0.04186459212321764,0.041839420952909226,0.0014515191635144451,4.481806103492116e-06,0.13822190695637687,0.489400999868731
topology_0296,teacher_k20,155,0.040862359915976705,0.04083808186042728,0.0014083709381985353,4.377704550826425e-06,0.13603103141187672,0.4872284569741142
topology_0296,teacher_k20,160,0.03990277428448013,0.039879329144036635,0.0013676565044079935,4.278517172101902e-06,0.13389080449968693,0.4850861589460954
topology_0296,teacher_k20,165,0.03898283922076445,0.03896017245085606,0.0013291722261525964,4.1838680204103065e-06,0.13179966573632954,0.48297307033591363
topology_0296,teacher_k20,170,0.03809988311026533,0.038077945235213684,0.0012927346687806286,4.093419239666066e-06,0.12975611950665336,0.4808882015305614
topology_0296,teacher_k20,175,0.037251514045510914,0.037230260090918975,0.0012581797130949313,4.006866554868236e-06,0.12775872927388487,0.47883060823424556
topology_0296,teacher_k20,180,0.03643555953242427,0.036414948546584024,0.001225359291472863,3.923935701469474e-06,0.12580611226065372,0.47679939085592316
topology_0296,teacher_k20,185,0.03565004650336662,0.035630041143378956,0.0011941394533624113,3.84437883162041e-06,0.12389693750488072,0.4747936917814862
topology_0296,teacher_k20,190,0.03489318094796899,0.03487374709982236,0.0011643992819168594,3.7679715250191863e-06,0.12202992297607505,0.47281269360205236
topology_0296,teacher_k20,195,0.03416332391026848,0.03414443035386145,0.0011360293829037074,3.6945102309296466e-06,0.120203833256427,0.47085561718873253
topology_0296,teacher_k20,200,0.033458976919401216,0.03344059503173236,0.0011089306942725899,3.6238101635117316e-06,0.11841747735149329,0.4689217198457602
topology_0296,teacher_k20,205,0.03277876145183193,0.03276086494703023,0.0010830132019172458,3.5557027440429157e-06,0.11666970697769305,0.46701029309166725
topology_0296,teacher_k20,210,0.0321214116025158,0.03210397629623631,0.001058195222344198,3.4900346381808616e-06,0.11495941478592822,0.4651206609231596
topology_0296,teacher_k20,215,0.03148575916597627,0.031468762765929977,0.001034402483291458,3.4266656884834667e-06,0.11328553263133108,0.4632521779531316
topology_0296,teacher_k20,220,0.03087072516932092,0.030854147090120666,0.0010115673455432512,3.3654677846190115e-06,0.1116470301881169,0.46140422748455084
topology_0296,teacher_k20,225,0.030275312708904364,0.030259133904539236,0.0009896282318816456,3.306323190702042e-06,0.11004291324056263,0.4595762195798448
topology_0296,teacher_k20,230,0.029698584690821313,0.029682787500395623,0.000968528929582575,3.2491237639075774e-06,0.108472222782181,0.4577675962068085
topology_0296,teacher_k20,235,0.02913968461110592,0.029124252640268584,0.0009482178970893064,3.193770652596689e-06,0.10693403412568904,0.455977814963268
topology_0296,teacher_k20,240,0.028597819573310423,0.028582737573796622,0.000928648089648533,3.1401724668237996e-06,0.10542745391335391,0.4542063569803691
topology_0296,teacher_k20,245,0.028072235088703896,0.028057488839369083,0.0009097765477782092,3.088243871799507e-06,0.10395161912476546,0.45245273254578783
topology_0296,teacher_k20,250,0.0275622311404469,0.027547807363891272,0.0008915635997950601,3.0379070022474704e-06,0.10250569747663314,0.45071646782565306
topology_0296,teacher_k20,255,0.02706716265935992,0.02705304893543264,0.0008739729919624699,2.989089316344996e-06,0.10108888483189718,0.448997109281047
topology_0296,teacher_k20,260,0.026586412248964245,0.02657259693693816,0.0008569712043967337,2.941723225126319e-06,0.09970040391893491,0.4472942214795407
topology_0296,teacher_k20,265,0.026119403955944448,0.026105876126277232,0.0008405273986791419,2.895745952673647e-06,0.09833950443120341,0.4456073869016091
topology_0296,teacher_k20,270,0.025665599672885214,0.02565234904432528,0.0008246132112354662,2.8510990492841884e-06,0.09700546113286268,0.4439362045415823
topology_0296,teacher_k20,275,0.02522449130093409,0.025211508187707187,0.0008092023286782994,2.8077276686385606e-06,0.09569757285641461,0.4422802893592121
topology_0296,teacher_k20,280,0.024795599785057205,0.02478287504668409,0.0007942704027824614,2.7655805920891207e-06,0.09441516165874107,0.4406392711374977
topology_0296,teacher_k20,285,0.02437847256345576,0.024365997559448717,0.0007797948682867315,2.7246097222216554e-06,0.0931575718344944,0.43901279395707177
topology_0296,teacher_k20,290,0.023972677598040358,0.023960444145248182,0.000765754774088399,2.6847698400537984e-06,0.09192416909138412,0.43740051540506475
topology_0296,teacher_k20,295,0.023577809936626025,0.02356581027629335,0.0007521305923802136,2.6460184177849323e-06,0.09071434055927435,0.435802105862519
topology_0296,teacher_k20,300,0.02319349284871007,0.02318171961584747,0.0007389041697605091,2.60831527020066e-06,0.08952749213318333,0.43421724803359757
topology_0296,teacher_k20,305,0.022819361324439662,0.022807807514384593,0.0007260585574677351,2.5716224600377224e-06,0.08836304811770411,0.43264563614291873
topology_0296,teacher_k20,310,0.022455066982325605,0.02244372592435257,0.0007135778741417502,2.535904061834667e-06,0.08722045118808483,0.431086975822158
topology_0296,teacher_k20,315,0.022100279982653487,0.022089145315210466,0.000701447289223004,2.5011260355738413e-06,0.08609916157541667,0.4295409832574251
topology_0296,teacher_k20,320,0.021754684986283676,0.02174375063582441,0.0006896528490265119,2.467255973709996e-06,0.08499865632614707,0.4280073846842662
topology_0296,teacher_k20,325,0.021417981380493223,0.02140724154096124,0.0006781814627819404,2.4342631357060104e-06,0.08391842871484735,0.42648591597508884
topology_0296,teacher_k20,330,0.02108988211854416,0.02107933123339701,0.0006670208067595145,2.40211821942966e-06,0.08285798759205638,0.4249763221970126
topology_0296,teacher_k20,335,0.020770111014286715,0.020759743761941046,0.0006561591755689856,2.370793292409214e-06,0.0818168568340065,0.42347835714868826
topology_0296,teacher_k20,340,0.02045840857813143,0.02044821985439787,0.0006455856714225518,2.3402616073981246e-06,0.0807945747529401,0.42199178285482
topology_0296,teacher_k20,345,0.020154521545346884,0.020144506447707242,0.0006352899823972251,2.3104975364911687e-06,0.07979069333704976,0.42051636967707856
topology_0296,teacher_k20,350,0.019858208607352185,0.019848362426651237,0.0006252622396082888,2.2814767132551104e-06,0.07880477804593398,0.41905189535145104
topology_0296,teacher_k20,355,0.019569238239037192,0.01955955644670278,0.0006154931255849002,2.2531757265768613e-06,0.07783640719954223,0.4175981450772072
topology_0296,teacher_k20,360,0.019287387684325905,0.019277865921771633,0.0006059737902842613,2.2255720921406197e-06,0.07688517150689118,0.4161549109992388
topology_0296,teacher_k20,365,0.019012443169629956,0.019003077238662725,0.0005966958235074642,2.198644220122105e-06,0.07595067365527847,0.4147219920666237
topology_0296,teacher_k20,370,0.018744199236509506,0.018734985090501498,0.0005876512209236523,2.1723713592139035e-06,0.07503252777334592,0.4132991934055452
topology_0296,teacher_k20,375,0.018482457761734527,0.018473391497575497,0.0005788323445880654,2.146733544162409e-06,0.07413035908068381,0.41188632646187184
topology_0296,teacher_k20,380,0.018227027738848958,0.01821810558929919,0.0005702319074331861,2.1217115448149887e-06,0.07324380350092421,0.4104832085554382
topology_0296,teacher_k20,385,0.017977725071087518,0.017968943397743,0.0005618429511035552,2.097286847629452e-06,0.07237250731398398,0.409089662698646
topology_0296,teacher_k20,390,0.01773437224826562,0.0177257275354423,0.0005536588120462773,2.073441586199667e-06,0.07151612677007937,0.407705517305438
topology_0296,teacher_k20,395,0.017496797925080264,0.017488286773877846,0.000545673109610953,2.050158534556188e-06,0.07067432775141609,0.4063306059785193
topology_0296,teacher_k20,400,0.017264831817749356,0.017256450935321,0.0005378798207717241,2.027421066653237e-06,0.0698467856416722,0.40496476730582653
topology_0296,teacher_k20,405,0.0170383191138126,0.01703006531881233,0.0005302729865059604,2.00521308897918e-06,0.06903318517139459,0.4036078444829915
topology_0296,teacher_k20,410,0.01681710654677764,0.016808976761392796,0.0005228469243290496,1.983519109056222e-06,0.06823321903877388,0.40225968548815627
topology_0296,teacher_k20,415,0.016601044986679865,0.016593036229791806,0.0005155962333738898,1.962324122258334e-06,0.06744658825872904,0.40092014278303595
topology_0296,teacher_k20,420,0.016389989577781917,0.016382098959536524,0.0005085157518591162,1.9416136104068344e-06,0.06667300193965693,0.39958907319362846
topology_0296,teacher_k20,425,0.016183799312919096,0.01617602403097515,0.0005016004968885387,1.921373508811306e-06,0.06591217713498049,0.39826633760137814
topology_0296,teacher_k20,430,0.015982337629826565,0.015974674967455835,0.0004948456141716007,1.9015902193715422e-06,0.0651638386978701,0.39695180076576086
topology_0296,teacher_k20,435,0.01578547476892635,0.0157779220916361,0.00048824646215238365,1.8822506444936259e-06,0.06442771881720989,0.3956453310867635
topology_0296,teacher_k20,440,0.015593084049628293,0.015585638802190369,0.0004817985412876439,1.8633419866818218e-06,0.06370355664419956,0.3943468007315309
topology_0296,teacher_k20,445,0.01540504101145329,0.015397700713474604,0.0004754975282197125,1.8448518950306075e-06,0.0629910982358377,0.3930560853227989
topology_0296,teacher_k20,450,0.01522122654780227,0.01521398879224896,0.0004693392288747743,1.8267684283108442e-06,0.062290096577481,0.39177306360108893
topology_0296,teacher_k20,455,0.015041525301391138,0.015034387751511629,0.0004633196054738477,1.8090799856837573e-06,0.061600310780069674,0.39049761801286736
topology_0296,teacher_k20,460,0.01486582005568059,0.014858780440433591,0.0004574347389571031,1.7917753319613588e-06,0.06092150676420818,0.389229634086463
topology_0296,teacher_k20,465,0.014694011027371686,0.014687067144500921,0.00045168087780246135,1.7748436008419297e-06,0.060253456117264285,0.38796900017527997
topology_0296,teacher_k20,470,0.014525991303300163,0.014519141011880916,0.00044605440154912363,1.7582742344350775e-06,0.0595959357577657,0.38671560769410424
topology_0296,teacher_k20,475,0.014361657661030943,0.01435489888134126,0.00044055174991576546,1.7420569993919473e-06,0.05894872844435022,0.3854693509907854
topology_0296,teacher_k20,480,0.014200910465767312,0.014194241176714585,0.00043516950064951843,1.7261819527332172e-06,0.05831162251854904,0.3842301270317021
topology_0296,teacher_k20,485,0.014043652939980462,0.014037071176942226,0.0004299043449328246,1.7106394697738632e-06,0.05768441170792326,0.38299783544103977
topology_0296,teacher_k20,490,0.013889791209463473,0.013883295062400556,0.00042475307928662126,1.6954202156398526e-06,0.05706689496563101,0.3817723783689173
topology_0296,teacher_k20,495,0.013739234264303662,0.013732821876124188,0.0004197125968201981,1.6805151347429103e-06,0.05645887629538209,0.38055366038584726
topology_0296,teacher_k20,500,0.013591893785536562,0.013585563350336716,0.0004147798886410811,1.6659154428099127e-06,0.05586016458824692,0.37934158841176124
topology_0296,teacher_k20,505,0.013447684047406703,0.013441433808873565,0.0004099520371010078,1.6516126199159534e-06,0.05527057347204655,0.37813607164649415
topology_0296,teacher_k20,510,0.013306521790845183,0.013300350040912212,0.0004052262056132643,1.6375983935327579e-06,0.05468992116607709,0.3769370214927177
topology_0296,teacher_k20,515,0.013168326990429259,0.01316223206686243,0.00040059968545843005,1.623864740433562e-06,0.05411803033970066,0.3757443514845492
topology_0296,teacher_k20,520,0.013033020486770732,0.013027000769343353,0.0003960699063460412,1.610403844291252e-06,0.053554727848859354,0.37455797723189144
topology_0296,teacher_k20,525,0.01290052490043967,0.012894578818424323,0.0003916340782318936,1.5972082415407612e-06,0.05299984499284388,0.37337781624698246
topology_0296,teacher_k20,530,0.012770767034178414,0.012764893057799893,0.00038728975493413774,1.5842705782518869e-06,0.05245321706358492,0.37220378818582606
topology_0296,teacher_k20,535,0.012643674925426823,0.012637871565208268,0.00038303453015613897,1.5715837364112396e-06,0.051914683298803305,0.3710358144368673
topology_0296,teacher_k20,540,0.012519178678378757,0.0125134444844021,0.00037886605289966154,1.5591408234311618e-06,0.0513840867641697,0.36987381814054127
topology_0296,teacher_k20,545,0.01239721029215606,0.01239154385301747,0.0003747820348907598,1.546935137627249e-06,0.05086127425374996,0.36871772424956667
topology_0296,teacher_k20,550,0.012277703669597333,0.012272103611186979,0.000370780256530271,1.5349601884770067e-06,0.05034609619690574,0.3675674594265315
topology_0296,teacher_k20,555,0.012160594676706845,0.012155059661381078,0.000366858554826828,1.5232096947481964e-06,0.049838406545973664,0.3664229519588868
topology_0296,teacher_k20,560,0.012045820921010015,0.012040349646116763,0.00036301484147292855,1.5116775433295081e-06,0.04933806267491228,0.36528413173836205
topology_0296,teacher_k20,565,0.011933321758364835,0.011927912955405712,0.0003592470819013165,1.5003578063172715e-06,0.04884492529446845,0.3641509302011522
topology_0296,teacher_k20,570,0.011823038249111793,0.011817690682741005,0.0003555533000367349,1.489244731639491e-06,0.048358858355762466,0.3630232802814779
topology_0296,teacher_k20,575,0.011714913128237374,0.011709625595098139,0.0003519315832705856,1.4783327415413087e-06,0.047879728959847004,0.36190111636568034
topology_0296,teacher_k20,580,0.011608890717697155,0.011603662045652531,0.0003483800680580456,1.4676164239672795e-06,0.047407407269030165,0.36078437424485704
topology_0296,teacher_k20,585,0.011504916862775827,0.011499745910178886,0.00034489693764195586,1.457090526134175e-06,0.04694176642957027,0.35967299108326833
topology_0296,teacher_k20,590,0.011402938947862633,0.011397824602335275,0.00034148043867534227,1.4467499547037618e-06,0.046482682488422356,0.3585669053628507
topology_0296,teacher_k20,595,0.011302905854677829,0.011297847032289917,0.0003381288672948388,1.436589771912457e-06,0.04603003431441654,0.35746605685383104
topology_0296,teacher_k20,600,0.011204767853301281,0.01119976349785366,0.00033484056402423713,1.426605178673776e-06,0.045583703519067494,0.3563703865763489
topology_0296,teacher_k20,605,0.01110847659574284,0.011103525677936344,0.0003316139174951988,1.4167915213041814e-06,0.045143574393261776,0.35527983676776287
topology_0296,teacher_k20,610,0.011013985145505289,0.01100908666208778,0.0003284473656417415,1.4071442913748526e-06,0.04470953381910453,0.3541943508394581
topology_0296,teacher_k20,615,0.01092124781226229,0.010916400785449682,0.00032533938406911154,1.3976591053026239e-06,0.04428147120867123,0.35311387334600924
topology_0296,teacher_k20,620,0.010830220201957973,0.010825423678608299,0.0003222884950792622,1.3883317159396112e-06,0.04385927843590604,0.3520383499506813
topology_0296,teacher_k20,625,0.010740859075615427,0.010736112126446333,0.0003192932641404398,1.3791580025169084e-06,0.0434428497791875,0.350967727399537
topology_0296,teacher_k20,630,0.010653122481727515,0.010648424200662329,0.00031635229755756815,1.3701339685980762e-06,0.0430320818544494,0.34990195349416237
topology_0296,teacher_k20,635,0.010566969600553004,0.010562319104033366,0.00031346424128741757,1.3612557400995702e-06,0.04262687355443342,0.3488409770557933
topology_0296,teacher_k20,640,0.010482360766205423,0.010477757192640557,0.0003106277766760285,1.352519550327304e-06,0.042227125990895356,0.347784747896718
topology_0296,teacher_k20,645,0.010399257377588853,0.010394699886716763,0.00030784162210627556,1.343921744808898e-06,0.04183274243416185,0.3467332167922716
topology_0296,teacher_k20,650,0.010317621974163268,0.010313109746518218,0.0003051045305424728,1.3354587841059714e-06,0.04144362825757865,0.34568633545861327
topology_0296,teacher_k20,655,0.010237418370821962,0.010232950607183915,0.0003024152921244178,1.327127232473982e-06,0.041059690860998775,0.34464405652339514
topology_0296,teacher_k20,660,0.010158610757285537,0.010154186677343644,0.000299772747484454,1.318923757798118e-06,0.04068083963371929,0.3436063335035385
topology_0296,teacher_k20,665,0.010081164545219007,0.010076783387941504,0.0002971757425696566,1.3108451255134205e-06,0.04030698595301416,0.34257312078721774
topology_0296,teacher_k20,670,0.010005046213712626,0.010000707236383806,0.00029462317143824277,1.3028881922031748e-06,0.039938043096312256,0.34154437360540524
topology_0296,teacher_k20,675,0.009930223177029957,0.009925925654976388,0.00029211395096818125,1.29504991558372e-06,0.03957392619334702,0.3405200480147928
topology_0296,teacher_k20,680,0.009856663744148746,0.00985240697007985,0.00028964703334698953,1.287327341224658e-06,0.03921455217234418,0.3395001008686771
topology_0296,teacher_k20,685,0.009784337108683667,0.009780120392124038,0.00028722140283529197,1.279717611220989e-06,0.03885983971828267,0.33848448979410967
topology_0296,teacher_k20,690,0.009713213306175264,0.009709035973227531,0.0002848360638954588,1.272217933267196e-06,0.038509709229454035,0.3374731731742162
topology_0296,teacher_k20,695,0.009643263172494573,0.009639124565187852,0.0002824900546893025,1.2648256088771745e-06,0.03816408277160528,0.3364661101339408
topology_0296,teacher_k20,700,0.00957445817472673,0.00957035765059999,0.0002801824366228433,1.2575380184363353e-06,0.03782288405022348,0.3354632605212913
topology_0296,teacher_k20,705,0.00950677088989489,0.009502707821604147,0.00027791230054568817,1.2503526240527854e-06,0.03748603838957292,0.3344645848776094
topology_0296,teacher_k20,710,0.00944017461541306,0.009436148390308947,0.00027567876205150096,1.243266957991849e-06,0.0371534726161812,0.333470044433978
topology_0296,teacher_k20,715,0.009374643243845819,0.009370653263567771,0.0002734809590918516,1.2362786251470964e-06,0.036825115068456225,0.33247960108773184
topology_0296,teacher_k20,720,0.009310151383344732,0.00930619706338173,0.00027131805489654493,1.2293853017652847e-06,0.03650089556593784,0.3314932173909834
topology_0296,teacher_k20,725,0.009246674349034813,0.00924275511829541,0.00026918923754309693,1.22258473361111e-06,0.03618074537262643,0.33051085653237783
topology_0296,teacher_k20,730,0.009184188133910002,0.009180303434411537,0.000267093715451416,1.2158747321921455e-06,0.03586459716115717,0.32953248232069343
topology_0296,teacher_k20,735,0.009122669398370992,0.009118818684817422,0.0002650307210608054,1.2092531754823258e-06,0.03555238497809045,0.3285580591706681
topology_0296,neural,0,3.909993003535597,3.907386153864411,0.14275402577804816,0.00014286413615051166,0.6664982166211462,0.9981276477884863
topology_0296,neural,5,1.7959501886029403,1.795425635488384,0.04340332979716769,0.00013541266219795647,0.5884391706648694,0.580223899168212
topology_0296,neural,10,1.2101756327555864,1.209925998647362,0.024579196725713483,5.4780339237721235e-05,0.4996989224869666,0.542389957579246
topology_0296,neural,15,0.7903769822409192,0.7902035882780135,0.01655480693913135,3.8678446581315837e-05,0.42990117690311236,0.545726925138254
topology_0296,neural,20,0.5520161847890641,0.5518694217681203,0.012728265129733695,2.9209276831717524e-05,0.37992085084906907,0.5626940338386474
topology_0296,neural,25,0.40861794804010726,0.4084878733340856,0.010309425775327372,2.3231160799612847e-05,0.3441086648454202,0.5685514767109487
topology_0296,neural,30,0.31510554276856867,0.31498815021061677,0.0086004614086634,1.9337172625649497e-05,0.31773761679008894,0.5717633649120978
topology_0296,neural,35,0.25103783274359337,0.250929611451261,0.007370433408514666,1.6640017939419556e-05,0.29774113532831203,0.572843124128022
topology_0296,neural,40,0.206027332857412,0.20592683615078633,0.006434269289795602,1.4696000079738011e-05,0.28215398776663125,0.572294423270475
topology_0296,neural,45,0.17367866941123025,0.17358487149997287,0.00570722521213555,1.3235229198440356e-05,0.26965125084262076,0.570818752674363
topology_0296,neural,50,0.15012153507669312,0.1500339288595923,0.005127898044591574,1.2098838134960523e-05,0.25932959257964366,0.5685865747309167
topology_0296,neural,55,0.13265276062828257,0.1325709804478013,0.004657243849700474,1.1186489701487308e-05,0.25056239868615077,0.5658959051776805
topology_0296,neural,60,0.11927226695483135,0.1191958921803794,0.0042676507656547805,1.0431218938867733e-05,0.24292720741514182,0.5629797667338612
topology_0296,neural,65,0.10896809915856802,0.10889686955510856,0.003939332352301821,9.795268684058685e-06,0.2361275804515632,0.5598635906850111
topology_0296,neural,70,0.10074321442590996,0.1006767491229127,0.0036588732414525402,9.247159128899082e-06,0.22995612852463745,0.5566752880494995
topology_0296,neural,75,0.09401561002492595,0.09395352641950898,0.0034160978941332755,8.767855313964742e-06,0.22427360973873267,0.5534670680215363
topology_0296,neural,80,0.08839562721169619,0.0883375546251407,0.0032036359631183444,8.343575774198811e-06,0.21898139916976847,0.550265627456165
topology_0296,neural,85,0.08360913318083259,0.08355471997795118,0.0030159338898736038,7.964186950593254e-06,0.2140082499219267,0.5470911674687654
topology_0296,neural,90,0.07946076370021479,0.07940968082495085,0.0028487718414384523,7.62208866578545e-06,0.20930204639714428,0.5439561680041204
topology_0296,neural,95,0.07581026778404679,0.07576221350078906,0.002698824464896551,7.3114577947238475e-06,0.20482408045773567,0.5408682071485059
topology_0296,neural,100,0.07255607783215735,0.07251077797826885,0.0025634855145639014,7.027723380456015e-06,0.20054507947212233,0.5378316505248459
topology_0296,neural,105,0.0696231883779684,0.0695803954973338,0.0024406713324885087,6.767233702828081e-06,0.1964424842141083,0.5348486341037875
topology_0296,neural,110,0.0669553423194361,0.06691483399083224,0.002328693730433634,6.527026503611222e-06,0.19249856921619996,0.5319198623437902
topology_0296,neural,115,0.06450982121388263,0.06447139803035115,0.002226169200755239,6.3046606246715636e-06,0.18869912701974603,0.5290450877847886
topology_0296,neural,120,0.062286500572902276,0.062250006513138535,0.0021318549478126655,6.100315887449911e-06,0.185030593684045,0.5262108103624974
topology_0296,neural,125,0.06020368168374827,0.06016893986238215,0.0020449765840396612,5.9064249499673215e-06,0.18148266218425008,0.5234362274835553
topology_0296,neural,130,0.05823744314794247,0.058204294547079025,0.0019646495609610187,5.726195390595391e-06,0.1780501741093939,0.5207197040071914
topology_0296,neural,135,0.05640128437208811,0.056369605008756034,0.0018901002860870217,5.557563388833158e-06,0.17472697059967282,0.5180511990760579
topology_0296,neural,140,0.05468116920042356,0.05465084552948002,0.001820801715339883,5.399229464407178e-06,0.17150638801678503,0.5154288088885202
topology_0296,neural,145,0.05306325462992516,0.053034183595649736,0.0017562274051308954,5.250205246942994e-06,0.1683825626201007,0.512851706127251
topology_0296,neural,150,0.05153664106847863,0.0515087294116824,0.0016959188974855865,5.10964112130791e-06,0.1653503631258061,0.5103183693774902
topology_0296,neural,155,0.050092496623213766,0.05006566003169248,0.0016394751505377555,4.976790238908651e-06,0.16240520633919733,0.5078272793808735
topology_0296,neural,160,0.048723314975096285,0.04869747710008255,0.00158654426892462,4.850991705020326e-06,0.15954294781227518,0.505376932176745
topology_0296,neural,165,0.047422602469141734,0.04739769409687685,0.001536813865288403,4.731658218412185e-06,0.15675980636827677,0.5029658694272908
topology_0296,neural,170,0.04618468880032682,0.04616064709111262,0.00149000616925171,4.618266102718075e-06,0.15405230924264976,0.5005926874136986
topology_0296,neural,175,0.045004626091316675,0.04498139395808922,0.0014458723536918505,4.510346596214774e-06,0.15141724751951094,0.49825603422354836
topology_0296,neural,180,0.04387803350213616,0.043855558997007514,0.0014041900329736891,4.40747932389697e-06,0.14885163897639025,0.49595461693307147
topology_0296,neural,185,0.04280101248716184,0.042779248314036906,0.001364758235809651,4.309285758153173e-06,0.14635270089148597,0.49368719963936697
topology_0296,neural,190,0.04177005983291434,0.04174896284117359,0.0013273968365728388,4.215424915986586e-06,0.14391782843651582,0.49145260117153944
topology_0296,neural,195,0.0407820454756081,0.040761576251704935,0.0012919433542246132,4.125589217147336e-06,0.14154457683980753,0.4892496944070312
topology_0296,neural,200,0.03983413870997919,0.03981426121330646,0.0012582505660244786,4.0395003279148134e-06,0.13923064413705794,0.4870774049672621
topology_0296,neural,205,0.03892378000070895,0.03890446120283781,0.001226186121017375,3.956905717055002e-06,0.13697385876213589,0.4849347081301682
topology_0296,neural,210,0.03804863327733687,0.038029842879015924,0.001195629472298504,3.877576498284761e-06,0.1347721683259657,0.48282062736050846
topology_0296,neural,215,0.037206584623512694,0.037188294799289444,0.0011664710960137387,3.801304620340444e-06,0.1326236303930181,0.48073423130369036
topology_0296,neural,220,0.03639569992263573,0.03637788507809046,0.001138611525740628,3.7279003115630976e-06,0.1305264017043617,0.4786746313962623
topology_0296,neural,225,0.03561420194459812,0.035596838495162,0.0011119603971927513,3.657190720436261e-06,0.12847873209745336,0.4766409798793701
topology_0296,neural,230,0.03486046722044452,0.03484353340433098,0.0010864353859801291,3.5890177363198064e-06,0.12647895762836003,0.47463246777858975
topology_0296,neural,235,0.03413299959733149,0.03411647530036202,0.0010619614767136045,3.5232365962291946e-06,0.12452549385068303,0.47264832253117495
topology_0296,neural,240,0.033430417614165105,0.033414284214335455,0.0010384701880493212,3.4597147547234365e-06,0.12261683086259535,0.47068780625070217
topology_0296,neural,245,0.03275144908943051,0.03273568931977922,0.0010158989456637436,3.3983305397119723e-06,0.12075152829731094,0.4687502137638858
topology_0296,neural,250,0.03209491639519248,0.032079514217063475,0.0009941905566254149,3.3389720138339308e-06,0.11892821066331574,0.4668348707809398
topology_0296,neural,255,0.03145972703162061,0.03144466752176285,0.0009732926494095779,3.2815360442386237e-06,0.11714556336263662,0.4649411324137173
topology_0296,neural,260,0.030844870452006314,0.030830139703947237,0.0009531571903630728,3.2259274603930237e-06,0.11540232881462642,0.4630683815644844
topology_0296,neural,265,0.030249403300266233,0.030234988330921777,0.0009337401079681477,3.1720581626575103e-06,0.11369730300627696,0.46121602729982
topology_0296,neural,270,0.0296724478087008,0.02965833647591431,0.0009150009333767148,3.1198466734075893e-06,0.11202933244386615,0.459383503663166
topology_0296,neural,275,0.02911318485188005,0.029099365781151392,0.0008969024107441959,3.0692173202639947e-06,0.11039731121131566,0.45757026843551996
topology_0296,neural,280,0.028570853801015567,0.02855731632035796,0.0008794102438678546,3.020099782025684e-06,0.10880017808670478,0.45577580170243115
topology_0296,neural,285,0.02804473160394602,0.028031465680824486,0.0008624927169530597,2.9724284670928676e-06,0.10723691402006683,0.4539996049940854
topology_0296,neural,290,0.027534142891580887,0.027521139078640136,0.0008461205740509095,2.926142275299865e-06,0.1057065408481663,0.4522411999497668
topology_0296,neural,295,0.02703845982048522,0.02702570920781497,0.0008302668109691973,2.8811840073068188e-06,0.10420811837879888,0.45050012689874563
topology_0296,neural,300,0.026557092182354185,0.026544586355998906,0.0008149063256397646,2.8375001369954492e-06,0.1027407419144725,0.44877594324674336
topology_0296,neural,305,0.026089470491535205,0.026077201483625405,0.000800015936617023,2.795040275120544e-06,0.10130354134930324,0.4470682295310637
topology_0296,neural,310,0.02563507791442987,0.02562303818265771,0.0007855739212656104,2.7537579520332343e-06,0.09989567919402667,0.44537657364569283
topology_0296,neural,315,0.02519341761105111,0.02518159999642341,0.0007715602253115172,2.713607560789153e-06,0.09851634760424123,0.44370058357113124
topology_0296,neural,320,0.024764011230309958,0.02475240892520954,0.0007579561075148382,2.674547777378281e-06,0.09716476873373234,0.4420398846317138
topology_0296,neural,325,0.02434641515150323,0.02433502167865272,0.0007447440348944137,2.636538897284581e-06,0.09584019277595318,0.44039411325710615
topology_0296,neural,330,0.023940205605171728,0.023929014790483483,0.0007319076561238771,2.599543351589035e-06,0.0945418963242699,0.4387629198820383
topology_0296,neural,335,0.023544979336596886,0.023533985287608177,0.0007194316310483083,2.563525562673883e-06,0.09326918142645718,0.4371459681245733
topology_0296,neural,340,0.02316035448246268,0.023149551568797482,0.0007073015791347828,2.5284517658113215e-06,0.09202137451857659,0.43554293378196757
topology_0296,neural,345,0.02278596222546597,0.022775345058123425,0.0006955039915725368,2.4942898357174586e-06,0.0907978250195046,0.433953503935245
topology_0296,neural,350,0.022421461094795748,0.022411024514882957,0.0006840261414507374,2.461009275225839e-06,0.08959790520586973,0.43237737685963246
topology_0296,neural,355,0.02206652559533557,0.022056264657680867,0.0006728560781720715,2.4285808546912193e-06,0.08842100718917412,0.43081426149334395
topology_0296,neural,360,0.02172083891953763,0.02171074887760274,0.0006619824745978252,2.3969767319745115e-06,0.08726654316955956,0.42926387719400305
topology_0296,neural,365,0.02138409832762193,0.021374174620711967,0.0006513946345756756,2.3661702774717406e-06,0.08613394478257377,0.4277259530322334
topology_0296,neural,370,0.02105601498105162,0.021046253223207963,0.0006410824356877685,2.3361360238634305e-06,0.08502266226252239,0.4262002273818615
topology_0296,neural,375,0.020736312061638548,0.02072670803127361,0.0006310362766433974,2.306849541953435e-06,0.08393216360984422,0.4246864473806638
topology_0296,neural,380,0.02042472461962311,0.020415274250049197,0.0006212470459673905,2.2782874200878673e-06,0.08286193386715346,0.4231843686012718
topology_0296,neural,385,0.02012099851002979,0.020111697880897658,0.0006117060762288389,2.2504271769675213e-06,0.08181147439205064,0.42169375475256227
topology_0296,neural,390,0.019824889883439948,0.019815735212541374,0.0006024051245955812,2.2232472079978438e-06,0.08078030220316569,0.4202143772765701
topology_0296,neural,395,0.01953616454587387,0.01952715218188567,0.0005933363323853704,2.1967267316503554e-06,0.07976794934642602,0.41874601504347037
topology_0296,neural,400,0.019254597051241187,0.019245723466950568,0.0005844921956389879,2.1708457391781357e-06,0.0787739623207722,0.41728845402805576
topology_0296,neural,405,0.0189799711281072,0.01897123291406812,0.0005758655575969654,2.145584961318485e-06,0.07779790149884748,0.415841487016538
topology_0296,neural,410,0.018712077554614827,0.018703471414813422,0.0005674495103979114,2.120925868938736e-06,0.076839340588468,0.41440491330058227
topology_0296,neural,415,0.01845071746860755,0.018442240212787554,0.0005592375554623361,2.0968504589346715e-06,0.07589786611386738,0.41297853854444816
topology_0296,neural,420,0.018195696652824424,0.018187345191390095,0.0005512234320860142,2.073341444186208e-06,0.07497307681803878,0.41156217424446384
topology_0296,neural,425,0.017946828731108422,0.017938600072717366,0.0005434010772682979,2.0503821408182494e-06,0.07406458337407448,0.4101556377802268
topology_0296,neural,430,0.017703933735342323,0.017695824981626543,0.0005357646987500963,2.027956411790104e-06,0.0731720078945696,0.40875875208238177
topology_0296,neural,435,0.017466837918856785,0.017458846260211484,0.000528308737086091,2.0060486652324167e-06,0.07229498352010358,0.40737134540682085
topology_0296,neural,440,0.01723537358683445,0.017227496299136825,0.0005210278324299326,1.9846437984326075e-06,0.07143315401318283,0.4059932510964916
topology_0296,neural,445,0.017009375999946105,0.017001610437948837,0.0005139168877816232,1.9637272246131367e-06,0.07058617340059727,0.40462430739088584
topology_0296,neural,450,0.016788689000402892,0.01678103259742434,0.0005069709459869119,1.9432848249885943e-06,0.06975370614663512,0.40326435717794495
topology_0296,neural,455,0.01657316548604873,0.01656561575688902,0.000500185089715043,1.923302875766724e-06,0.06893542562514267,0.4019132478323238
topology_0296,neural,460,0.016362658200285346,0.01635521272953519,0.0004935547858973754,1.9037681710367252e-06,0.06813101420397846,0.4005708311995909
topology_0296,neural,465,0.016157025655509197,0.016149682097535707,0.0004870755889427315,1.8846679126224307e-06,0.06734016319024523,0.3992369634007105
topology_0296,neural,470,0.01595613078378866,0.015948886860771255,0.00048074318483872294,1.8659896263709389e-06,0.06656257245233521,0.39791150449036955
topology_0296,neural,475,0.015759839732499666,0.015752693230489917,0.00047455343859080485,1.8477212672456244e-06,0.0657979501716962,0.39659431855053573
topology_0296,neural,480,0.015568024436006106,0.01556097320402199,0.00046850233237143027,1.829851166404636e-06,0.06504601263572493,0.39528527338411046
topology_0296,neural,485,0.015380560821355969,0.015373602768381029,0.00046258600798078044,1.8123680075885669e-06,0.06430648374150008,0.3939842403581953
topology_0296,neural,490,0.015197328058535617,0.015190461151916686,0.0004568007091749364,1.79526083037042e-06,0.06357909486373142,0.3926910943703796
topology_0296,neural,495,0.015018207950896919,0.015011430213533754,0.00045114281270950643,1.778518994638044e-06,0.06286358470313386,0.3914057135468188
topology_0296,neural,500,0.014843089148824202,0.014836398659696597,0.000445608780642552,1.762132195206434e-06,0.06215969896531125,0.3901279792868648
topology_0296,neural,505,0.014671860531831026,0.014665255421698905,0.0004401952214643511,1.7460904181867855e-06,0.06146719000178373,0.3888577761150629
topology_0296,neural,510,0.014504412188476312,0.014497890637813968,0.00043489883073833844,1.7303839572059268e-06,0.06078581689960388,0.38759499156776184
topology_0296,neural,515,0.014340645412946277,0.014334205653423611,0.0004297164227474254,1.7150034274259902e-06,0.060115345479131756,0.38633951594724114
topology_0296,neural,520,0.014180461215747045,0.014174101526480135,0.0004246449323196667,1.6999396778072724e-06,0.059455546892415764,0.385091242224192
topology_0296,neural,525,0.014023762906383068,0.014017481614541449,0.00041968130836812117,1.6851838501991854e-06,0.058806198216696054,0.3838500662703531
topology_0296,neural,530,0.013870455456701462,0.013864250933197894,0.0004148226685352706,1.6707273564713517e-06,0.05816708225080102,0.38261588692816256
topology_0296,neural,535,0.013720447207593063,0.013714317866801195,0.0004100661903750202,1.6565618648983486e-06,0.057537987400963705,0.3813886054453353
topology_0296,neural,540,0.01357364998296245,0.01356759428025998,0.00040540918568538197,1.642679271365039e-06,0.056918707531070735,0.3801681254653416
topology_0296,neural,545,0.013429975783907946,0.013423992213702225,0.00040084903510079634,1.629071721201931e-06,0.056309041682153345,0.3789543529507384
topology_0296,neural,550,0.013289340806200046,0.01328342790762201,0.00039638299125176885,1.6157316723073253e-06,0.05570879421524877,0.3777471960593117
topology_0296,neural,555,0.013151664299551984,0.013145820648698544,0.00039200861198298247,1.6026517036061346e-06,0.05511777432237951,0.37654656535283104
topology_0296,neural,560,0.013016867415654033,0.013011091625194416,0.0003877234967976914,1.5898246441964801e-06,0.05453579596808608,0.37535237334352267
topology_0296,neural,565,0.012884873615370374,0.01287916433406421,0.0003835252958266322,1.5772435384198387e-06,0.05396267772789915,0.37416453459337407
topology_0296,neural,570,0.012755608509976117,0.012749964421780904,0.00037941172119376325,1.5649016476709053e-06,0.053398242660636655,0.37298296571152106
topology_0296,neural,575,0.012628999858699173,0.012623419681548224,0.0003753805580478254,1.5527924138695518e-06,0.052842318181678546,0.3718075852494689
topology_0296,neural,580,0.012504977514504429,0.012499459999766399,0.0003714296408459921,1.5409095032803478e-06,0.05229473593248072,0.3706383136171096
topology_0296,neural,585,0.012383473368638015,0.012378017299698002,0.0003675568820581604,1.529246752462664e-06,0.05175533164863796,0.3694750730441772
topology_0296,neural,590,0.01226442123928681,0.012259025430777623,0.0003637602486606207,1.5177981836874134e-06,0.05122394504605945,0.36831778752335037
topology_0296,neural,595,0.01214775683585433,0.012142420132721404,0.00036003776720026546,1.5065579997164697e-06,0.05070041970573816,0.3671663827531561
topology_0296,neural,600,0.012033417702616482,0.01202813897925165,0.0003563875206414635,1.495520575766018e-06,0.05018460296224208,0.36602078608532823
topology_0296,neural,605,0.011921343169363262,0.01191612132875105,0.00035280764721364836,1.4846804563451045e-06,0.049676345795213406,0.36488092647238574
topology_0296,neural,610,0.011811474280313431,0.011806308253203116,0.0003492963384896756,1.474032345737e-06,0.04917550272507086,0.36374673442095234
topology_0296,neural,615,0.01170375375120233,0.011698642495356086,0.0003458518361826361,1.4635711094344745e-06,0.048681931715496916,0.36261814194450315
topology_0296,neural,620,0.01159812594202733,0.011593068441163923,0.00034247244204385375,1.4532917644831454e-06,0.04819549407247928,0.36149508251838186
topology_0296,neural,625,0.011494536778944799,0.01148953204269754,0.00033915648238724833,1.4431894782531775e-06,0.04771605435100838,0.3603774910391765
topology_0296,neural,630,0.011392933651528075,0.011387980714289486,0.00033590234422918407,1.4332595515303957e-06,0.04724348026798925,0.35926530377054744
topology_0296,neural,635,0.011293265492623727,0.011288363412617124,0.0003327084688251884,1.4234974431553653e-06,0.04677764261425544,0.35815845832504417
topology_0296,neural,640,0.011195482660188282,0.0111906305191141,0.00032957333044251346,1.413898735797649e-06,0.04631841516955634,0.35705689361368237
topology_0296,neural,645,0.011099536867520547,0.011094733769681172,0.00032649545301359354,1.4044591481171155e-06,0.045865674621646355,0.3559605497971747
topology_0296,neural,650,0.011005381284030294,0.011000626355770711,0.0003234734009080964,1.3951745268720544e-06,0.04541930048833734,0.3548693682670087
topology_0296,neural,655,0.010912970355430658,0.010908262744618027,0.00032050577495200953,1.3860408430072849e-06,0.04497917502464835,0.35378329159692934
topology_0296,neural,660,0.01082225981442374,0.010817598689686887,0.00031759122074983946,1.3770541875660586e-06,0.044545183159340924,0.3527022635267761
topology_0296,neural,665,0.010733206591954165,0.010728591142186194,0.0003147284184365397,1.3682107679544393e-06,0.04411721242206529,0.3516262289159426
topology_0296,neural,670,0.010645768829966994,0.010641198263597048,0.00031191609073119336,1.3595069120387066e-06,0.04369515288580533,0.35055513371753
topology_0296,neural,675,0.010559905872890256,0.010555379417527972,0.0003091529901079792,1.350939045531913e-06,0.043278897089130214,0.34948892494907546
topology_0296,neural,680,0.010475578382649578,0.010471095284887199,0.00030643789506532655,1.3425037044461582e-06,0.04286833996598817,0.3484275506572279
topology_0296,neural,685,0.010392747991731233,0.010388307515798705,0.0003037696442217113,1.3341975296664562e-06,0.04246337874705407,0.3473709598914904
topology_0296,neural,690,0.010311376971933184,0.010306978399398068,0.00030114709584151293,1.3260172654311825e-06,0.04206391297175639,0.34631910268270083
topology_0296,neural,695,0.010231428996854463,0.010227071626500632,0.0002985691328356595,1.3179597488606825e-06,0.04166984442112651,0.3452719300218106
topology_0296,neural,700,0.010152868756874194,0.010148551904135576,0.0002960346723290682,1.3100219083237248e-06,0.04128107703391018,0.344229393825904
topology_0296,neural,705,0.010075661947188386,0.010071384943482968,0.00029354266892186873,1.3022007694967676e-06,0.04089751685105048,0.34319144690881714
topology_0296,neural,710,0.009999775213381095,0.009995537405891387,0.00029109209859374033,1.294493445865811e-06,0.04051907196458054,0.3421580429545
topology_0296,neural,715,0.009925176133533104,0.009920976884552532,0.0002886819733290723,1.2868971442052667e-06,0.040145652458028355,0.341129136504297
topology_0296,neural,720,0.009851833180005655,0.009847671866730275,0.00028631132527685735,1.2794091344704003e-06,0.03977717035997518,0.3401046829214659
topology_0296,neural,725,0.009779715719217309,0.009775591733315409,0.00028397921436171405,1.2720267811365706e-06,0.03941353958936741,0.3390846383901896
topology_0296,neural,730,0.009708793925812736,0.009704706672900701,0.00028168473027240037,1.2647475232820898e-06,0.03905467590710599,0.33806895989287206
topology_0296,neural,735,0.009639038835577683,0.009634987734811662,0.00027942698925493225,1.2575688793974729e-06,0.03870049687398028,0.33705760517396294
topology_0296,neural,740,0.009570422245395333,0.009566406729193982,0.00027720512814268715,1.25048843848844e-06,0.03835092180583893,0.33605053273380464
topology_0296,neural,745,0.00950291667059315,0.009498936184232679,0.0002750183081368943,1.243503859710396e-06,0.03800587173282361,0.33504770180014887
topology_0296,neural,750,0.00943649537358731,0.009432549374810471,0.00027286571474982113,1.236612872693794e-06,0.037665269364396035,0.3340490723117666
topology_0296,neural,755,0.009371132586152903,0.009367220544990581,0.0002707465536668877,1.2298132735854923e-06,0.03732903905240979,0.3330546049052396
topology_0296,neural,760,0.009306803218305472,0.009302924616561459,0.00026866005816854235,1.22310292435983e-06,0.036997106688407506,0.3320642608917711
topology_0296,neural,765,0.009243482736453246,0.009239637067347702,0.00026660548190268524,1.216479751834643e-06,0.036669399710207225,0.33107800225066
topology_0296,neural,770,0.009181147268327102,0.009177334036392442,0.00026458209165407216,1.2099417343793298e-06,0.036345847069865274,0.33009579160558483
topology_0296,neural,774,0.009131972485846343,0.009128184854201431,0.0002629853575929634,1.2047713163110286e-06,0.03608994927963147,0.32931291293300824
topology_0296,neural_t1,0,3.8046486054641506,3.8035540573413114,0.09125476952031558,0.0003331404418476605,0.6527528651885626,0.9063694322026578
topology_0296,neural_t1,5,1.8975679038642663,1.8972184622899795,0.03641493406092036,9.326956928254136e-05,0.5698033371429055,0.5486352044863386
topology_0296,neural_t1,10,1.118110295326102,1.1178836075124172,0.02251377177643706,5.147471118740583e-05,0.48391108988424797,0.5435793518446279
topology_0296,neural_t1,15,0.7237623611418574,0.723593101525621,0.015651755683183836,3.707024277042821e-05,0.4185068139240168,0.5497441593029085
topology_0296,neural_t1,20,0.5167099922153281,0.5165666516723518,0.012170031288520957,2.7813952367547806e-05,0.371798475846086,0.5639331479399308
topology_0296,neural_t1,25,0.38689267423013607,0.3867656860985229,0.009911858169840118,2.230035868947474e-05,0.33819992731623005,0.5696285332328231
topology_0296,neural_t1,30,0.3004223420160796,0.3003069426169268,0.008326070391996914,1.871704064885902e-05,0.313302760696977,0.5720437376057674
topology_0296,neural_t1,35,0.2407544655456871,0.24064791531358354,0.007161932205456106,1.620185899090082e-05,0.29432094809528275,0.5728555252144045
topology_0296,neural_t1,40,0.19871282520007008,0.19861372793125848,0.00627485216611445,1.4371327887677247e-05,0.2794401815284868,0.5720636787386428
topology_0296,neural_t1,45,0.16837042601575744,0.16827790637368542,0.005580897292261577,1.2985763555282908e-05,0.267436057641661,0.5704147373893075
topology_0296,neural_t1,50,0.14620800078261703,0.1461215841104496,0.005026132535975693,1.1900981243263317e-05,0.25746800392288044,0.5680808723990322
topology_0296,neural_t1,55,0.12966039815120375,0.12957970744244057,0.004573636017045848,1.102015356685457e-05,0.24895476108343714,0.5653486643741839
topology_0296,neural_t1,60,0.11700657556388089,0.11693125715399459,0.0041975849685722145,1.0295832720532486e-05,0.24150846682446325,0.5623642191671191
topology_0296,neural_t1,65,0.10717910278219729,0.1071088572885196,0.0038797770367602195,9.679327590387602e-06,0.23484821545038626,0.5592297434961612
topology_0296,neural_t1,70,0.09929251414826161,0.09922695548547789,0.0036075736043725717,9.14629740833432e-06,0.22878414835042718,0.5560343152618201
topology_0296,neural_t1,75,0.0928131325774,0.09275188027959626,0.0033713807416277876,8.678966193221737e-06,0.2231865547871164,0.5528254038154763
topology_0296,neural_t1,80,0.08737885507460857,0.08732154184782205,0.00316426534420259,8.264380843897765e-06,0.21796314526156782,0.5496281182567149
topology_0296,neural_t1,85,0.08273358346291995,0.08267986181492823,0.0029809764475744035,7.89299206257326e-06,0.21304705578306601,0.5464607020068134
topology_0296,neural_t1,90,0.07869454726540798,0.07864409335658125,0.002817497526430577,7.557606829802849e-06,0.20838924645187223,0.5433346348011431
topology_0296,neural_t1,95,0.07513045045783012,0.07508296811849163,0.002670661324945463,7.252687689528024e-06,0.20395316770464245,0.5402566898389768
topology_0296,neural_t1,100,0.07194582452111319,0.07190104503129127,0.002537979668197867,6.973869275331968e-06,0.1997110750957427,0.5372307238581262
topology_0296,neural_t1,105,0.06906995498623042,0.06902763604374594,0.0024174571113384285,6.717654471325685e-06,0.1956415050972661,0.5342585372407971
topology_0296,neural_t1,110,0.06644963123680112,0.06640955519320416,0.002307472327400063,6.481196445461805e-06,0.19172752740353344,0.5313406078656753
topology_0296,neural_t1,115,0.06406801128802576,0.06403000036560387,0.002206600174760243,6.265150680942766e-06,0.1879555221748618,0.528466115244732
topology_0296,neural_t1,120,0.061863736966596,0.061827609959872895,0.0021138972054467555,6.060264447844157e-06,0.18431163757080646,0.5256491065157175
topology_0296,neural_t1,125,0.05979977254840408,0.05976536006477892,0.0020284227169552744,5.869372334787889e-06,0.1807870843195223,0.5228890782205755
topology_0296,neural_t1,130,0.057860194608787406,0.057827349450820895,0.0019492930167634547,5.691589572194243e-06,0.17737701501220293,0.5201822298284746
topology_0296,neural_t1,135,0.05604845386135613,0.05601705436475279,0.0018758384840093958,5.525107004491152e-06,0.17407484373567364,0.5175230434242295
topology_0296,neural_t1,140,0.05434980231473374,0.05431973709753131,0.0018075244072174952,5.368708708138881e-06,0.17087405585144114,0.5149098174101224
topology_0296,neural_t1,145,0.052750932191596475,0.052722100190319046,0.0017438381062832217,5.2214408542375214e-06,0.16776894632296352,0.5123415831644663
topology_0296,neural_t1,150,0.05124147157606518,0.05121378141024507,0.0016843328390696141,5.08247618553148e-06,0.16475450674469236,0.5098168212794684
topology_0296,neural_t1,155,0.04981288406163374,0.049786253080765716,0.0016286184950617356,4.951086131566659e-06,0.1618262486038451,0.5073339978013408
topology_0296,neural_t1,160,0.04845788701591938,0.0484322403647225,0.0015763514852471276,4.826625413294353e-06,0.15898010542148114,0.5048916224779018
topology_0296,neural_t1,165,0.047170164289630875,0.04714543408491889,0.001527226861070401,4.708520217873852e-06,0.15621236159669655,0.5024882466824343
topology_0296,neural_t1,170,0.04594419605150771,0.04592032065203292,0.0014809729600038575,4.5962585005574885e-06,0.15351960060250375,0.50012247667662
topology_0296,neural_t1,175,0.044775160589580816,0.04475208398062823,0.0014373465340694876,4.489381659379199e-06,0.15089866130913818,0.4977929722501152
topology_0296,neural_t1,180,0.04365878102986281,0.04363645223591705,0.001396129659477899,4.387478128884436e-06,0.1483466035260212,0.495498452048833
topology_0296,neural_t1,185,0.0425912426311607,0.04256961522169574,0.001357125763350364,4.290177276302082e-06,0.14586068156192314,0.49323769129244693
topology_0296,neural_t1,190,0.041569116363038915,0.04154814796518711,0.00132015841881232,4.197145071691193e-06,0.1434383240888802,0.4910095195884299
topology_0296,neural_t1,195,0.040589340733586665,0.04056899263653481,0.0012850683902652727,4.108080126336231e-06,0.14107711606747436,0.4888128206362956
topology_0296,neural_t1,200,0.03964914099927674,0.03962937779337511,0.00125171143171414,4.0227095161213085e-06,0.13877478260765672,0.48664653011741493
topology_0296,neural_t1,205,0.038746005017387494,0.038726794241235894,0.0012199578167321021,3.940785582336323e-06,0.1365291767661657,0.4845096331271534
topology_0296,neural_t1,210,0.03787763947117848,0.037858951338419426,0.0011896892653446508,3.8620838624250335e-06,0.13433826891159656,0.48240116240714415
topology_0296,neural_t1,215,0.03704197371186018,0.03702378086390981,0.0011607982919096661,3.786400118061161e-06,0.13220013721649526,0.4803201953304261
topology_0296,neural_t1,220,0.03623710370193545,0.03621938096206811,0.0011331873803402742,3.7135480850107035e-06,0.13011295749981788,0.47826585165736035
topology_0296,neural_t1,225,0.035461283513715074,0.03544400767661199,0.0011067678104703853,3.6433580244707956e-06,0.12807499740709063,0.47623729153466954
topology_0296,neural_t1,230,0.03471291813566431,0.03469606778268503,0.0010814587958906869,3.575674566155621e-06,0.12608460937792948,0.4742337134854146
topology_0296,neural_t1,235,0.033990534505808676,0.033974089832688494,0.001057186695142918,3.5103555263415026e-06,0.12414022424701956,0.47225435197523363
topology_0296,neural_t1,240,0.03329277382878609,0.03327671649534364,0.0010338842389525733,3.447270617686229e-06,0.12224034644039665,0.4702984758673626
topology_0296,neural_t1,245,0.032618383779715376,0.03260269677418301,0.0010114899823759269,3.386300200480376e-06,0.12038354889562783,0.46836538625308777
topology_0296,neural_t1,250,0.031966204650646264,0.03195087216628655,0.0009899477306713428,3.3273341684273634e-06,0.1185684686115947,0.4664544148797076
topology_0296,neural_t1,255,0.03133516028585466,0.031320167610093555,0.0009692060261763572,3.270271058373167e-06,0.11679380271629276,0.4645649225122398
topology_0296,neural_t1,260,0.03072425483967271,0.03070958825790462,0.0009492176498482412,3.2150171554209684e-06,0.11505830457290483,0.4626962974547085
topology_0296,neural_t1,265,0.03013255829919597,0.030118205003073387,0.0009299392734460098,3.1614857381909584e-06,0.11336078053117257,0.4608479538025949
topology_0296,neural_t1,270,0.029559205059388652,0.029545153065503107,0.0009113311195112693,3.1095965612258045e-06,0.11170008683387686,0.4590193304984767
topology_0296,neural_t1,275,0.02900338710278782,0.02898962518238636,0.0008933565132387102,3.059275025081749e-06,0.11007512675192764,0.4572098898602386
topology_0296,neural_t1,280,0.02846435498632234,0.028450872600312843,0.0008759817380065018,3.0104518392625105e-06,0.10848484761539377,0.45541911635381366
topology_0296,neural_t1,285,0.027941391809909778,0.02792817904662409,0.000859175555322098,2.963062304107694e-06,0.1069282387303865,0.45364651560111324
topology_0296,neural_t1,290,0.027433833302118054,0.027420880825533556,0.000842909183203839,2.9170461514667855e-06,0.1054043297457265,0.4518916131786094
topology_0296,neural_t1,295,0.026941059695926396,0.026928358698855452,0.0008271560160381932,2.8723470750929498e-06,0.1039121877631399,0.45015395262789587
topology_0296,neural_t1,300,0.026462485152803757,0.026450027313307978,0.0008118913627325638,2.828911750696317e-06,0.10245091496658308,0.4484330964368232
topology_0296,neural_t1,305,0.025997549655460122,0.025985327093320562,0.0007970923256488353,2.7866910260926004e-06,0.10101964811427666,0.4467286266124553
topology_0296,neural_t1,310,0.025545743497330426,0.025533748750513785,0.0007827375284884252,2.745638638181514e-06,0.09961755575730423,0.44504013424956806
topology_0296,neural_t1,315,0.025106570485729448,0.025094796466530747,0.0007688072173386634,2.7057096592681594e-06,0.098243835993092,0.4433672323703724
topology_0296,neural_t1,320,0.02467956101855164,0.024668000988057458,0.0007552828671766747,2.66686316095683e-06,0.09689771683244457,0.4417095475310882
topology_0296,neural_t1,325,0.02426427550339379,0.024252923046793856,0.0007421472083995965,2.6290598868910527e-06,0.0955784538184959,0.4400667192849941
topology_0296,neural_t1,330,0.02386029431687458,0.023849143318081422,0.0007293840974851327,2.592262680056941e-06,0.09428532871970441,0.4384384007501907
topology_0296,neural_t1,335,0.02346721798887135,0.023456262609356328,0.0007169783837415045,2.5564363322173638e-06,0.09301764855196606,0.43682425803705915
topology_0296,neural_t1,340,0.023084669547133795,0.023073904206639413,0.000704915885047946,2.5215474339294123e-06,0.09177474443618136,0.4352239692635969
topology_0296,neural_t1,345,0.02271228101210181,0.022701700367821855,0.0006931832328771015,2.4875641647665154e-06,0.09055597042119996,0.4336372237668551
topology_0296,neural_t1,350,0.022349719111918406,0.022339318049579934,0.0006817678761917123,2.4544563260764e-06,0.08936070295542423,0.432063721974556
topology_0296,neural_t1,355,0.02199665823429859,0.021986431849396654,0.000670657991336954,2.422194953392658e-06,0.08818833812781086,0.4305031749553681
topology_0296,neural_t1,360,0.021652784576508682,0.021642728160707295,0.0006598423771797938,2.3907524585033927e-06,0.08703829209671012,0.42895530405338334
topology_0296,neural_t1,365,0.021317798089487583,0.021307907117832488,0.0006493104587949572,2.360102447265406e-06,0.08591000028443938,0.42741984023511653
topology_0296,neural_t1,370,0.020991412603678913,0.020981682723982143,0.0006390522186138874,2.3302196691065862e-06,0.08480291654137079,0.4258965236729967
topology_0296,neural_t1,375,0.020673353620908587,0.020663780643232793,0.000629058159888999,2.3010799010553842e-06,0.08371651233587012,0.42438510320171535
topology_0296,neural_t1,380,0.020363358438254747,0.020353938325860955,0.0006193192608875036,2.2726599249446503e-06,0.08265027602749817,0.42288533606063583
topology_0296,neural_t1,385,0.020061175015429047,0.02005190387622981,0.0006098269413287499,2.244937437759394e-06,0.0816037121584163,0.4213969875286029
topology_0296,neural_t1,390,0.019766561486371334,0.019757435564893264,0.0006005730384797073,2.2178910044726753e-06,0.08057634080216308,0.419919830559621
topology_0296,neural_t1,395,0.019479285438003403,0.01947030110826637,0.000591549766275402,2.1915000010340236e-06,0.07956769693769589,0.4184536454702257
topology_0296,neural_t1,400,0.019199123337840303,0.019190277096687892,0.0005827496919698213,2.1657445704452035e-06,0.07857732989083364,0.41699821961918937
topology_0296,neural_t1,405,0.01892586047655774,0.0189171489374214,0.0005741657211593602,2.1406055860270505e-06,0.07760480273475436,0.4155533471245688
topology_0296,neural_t1,410,0.01865928919897386,0.018650709088083833,0.0005657909904551268,2.1160646542345217e-06,0.07664969179614994,0.41411882852934173
topology_0296,neural_t1,415,0.018399212221145503,0.018390760368131278,0.0005576191028142071,2.0921038863558904e-06,0.07571158606678097,0.41269447077707155
topology_0296,neural_t1,420,0.018145436687485632,0.018137110022927925,0.0005496438084905846,2.0687061307085627e-06,0.07479008671552899,0.4112800864694601
topology_0296,neural_t1,425,0.017897777550990635,0.017889573102516865,0.0005418591043135511,2.0458548153572885e-06,0.07388480673693759,0.40987549415081154
topology_0296,neural_t1,430,0.01765605608690264,0.017647970974152404,0.000534259248526652,2.023533916008051e-06,0.07299537048120963,0.4084805178301678
topology_0296,neural_t1,435,0.01742009979733718,0.017412131228154697,0.000526838718957147,2.001727934942055e-06,0.07212141324653454,0.4070949868012462
topology_0296,neural_t1,440,0.01718974214697868,0.017181887413826046,0.0005195922017801125,1.980421877667733e-06,0.07126258087133934,0.4057187353992113
topology_0296,neural_t1,445,0.01696481826601837,0.016957074738158943,0.0005125146666051137,1.9596012600837294e-06,0.07041852945548914,0.4043516028201323
topology_0296,neural_t1,450,0.016745175998267213,0.016737541126567623,0.0005056011162006352,1.9392520277446914e-06,0.06958892540002352,0.4029934328404062
topology_0296,neural_t1,455,0.016530667332910205,0.016523138646463906,0.0004988467270921676,1.919360568927936e-06,0.06877344381718196,0.4016440737562307
topology_0296,neural_t1,460,0.01632114615440631,0.01631372125162897,0.0004922469989435773,1.8999137676647147e-06,0.06797176889371015,0.40030337826783496
topology_0296,neural_t1,465,0.01611647198531963,0.01610914853448569,0.000485797498644672,1.8808988886117624e-06,0.06718359367788374,0.3989712033138495
topology_0296,neural_t1,470,0.0159165085153947,0.015909284251673223,0.00047949395399713406,1.862303539310854e-06,0.06640861971143577,0.39764740974528384
topology_0296,neural_t1,475,0.015721122619977827,0.015713995342091686,0.0004733322515277354,1.8441157539864873e-06,0.06564655682820389,0.39633186242962937
topology_0296,neural_t1,480,0.015530187502868891,0.01552315507208954,0.0004673084063728496,1.8263239348621887e-06,0.06489712286851042,0.39502442985557484
topology_0296,neural_t1,485,0.01534357959328516,0.015336639930349808,0.0004614185844724685,1.8089168384650972e-06,0.06416004323112695,0.39372498414523976
topology_0296,neural_t1,490,0.015161178697919718,0.015154329781559608,0.00045565905142268086,1.7918835701716352e-06,0.06343505076451718,0.39243340083582784
topology_0296,neural_t1,495,0.014982867645315295,0.01497610750957913,0.0004500262072151993,1.7752135567885921e-06,0.06272188562535318,0.39114955870713813
topology_0296,neural_t1,500,0.014808535599347179,0.014801862333865436,0.000444516538175174,1.7588965512158321e-06,0.062020294832020706,0.38987333980862643
topology_0296,neural_t1,505,0.014638072375237388,0.014631484121194445,0.0004391266743702531,1.7429226102422556e-06,0.061330032099772884,0.3886046292624411
topology_0296,neural_t1,510,0.014471367333287978,0.014464862280732427,0.0004338533287820633,1.7272820737036235e-06,0.06065085789105972,0.387343315193653
topology_0296,neural_t1,515,0.014308325045965449,0.014301901436405641,0.00042869335604156375,1.7119656239315742e-06,0.05998253914706804,0.386089288433236
topology_0296,neural_t1,520,0.014148845776532389,0.014142501899204456,0.00042364367032866955,1.6969641570335397e-06,0.05932484819868042,0.3848424424860776
topology_0296,neural_t1,525,0.013992833096965328,0.01398656728770253,0.0004187012730685468,1.6822688747578138e-06,0.058677563256890074,0.38360267386649244
topology_0296,neural_t1,530,0.013840192768541102,0.013834003407068298,0.0004138632887872185,1.6678712403284053e-06,0.05804046826556296,0.3823698819206595
topology_0296,neural_t1,535,0.01369083354440116,0.01368471905360976,0.0004091269110411652,1.6537629705541223e-06,0.05741335273168262,0.38114396837112025
topology_0296,neural_t1,540,0.013544668142936537,0.013538626985519064,0.000404489505259239,1.639935998510992e-06,0.05679601157092063,0.3799248373375758
topology_0296,neural_t1,545,0.013401608245136148,0.013395638924944293,0.0003999483760415881,1.6263825521907838e-06,0.0561882448938904,0.3787123952167195
topology_0296,neural_t1,550,0.01326157138523365,0.013255672448934502,0.00039550085983600314,1.6130951049446525e-06,0.055589858051526726,0.37750655064988814
topology_0296,neural_t1,555,0.01312447703413095,0.01311864706516787,0.0003911445241609089,1.6000662847502624e-06,0.05500066119946887,0.376307214619857
topology_0296,neural_t1,560,0.012990246820992923,0.012984484439317946,0.0003868769777856715,1.587288964956694e-06,0.05442046923687997,0.3751143000298632
topology_0296,neural_t1,565,0.012858804640581223,0.012853108502077205,0.00038269588266224387,1.5747562352206158e-06,0.053849101645220096,0.37392772186142387
topology_0296,neural_t1,570,0.012730076540567811,0.012724445336048116,0.0003785989663913155,1.5624613937807927e-06,0.05328638236524878,0.3727473971181955
topology_0296,neural_t1,575,0.012603990692772207,0.012598423146956708,0.00037458402259058323,1.5503979258840402e-06,0.05273213966814593,0.3715732447313783
topology_0296,neural_t1,580,0.012480477375225889,0.012474972245965384,0.000370648902268989,1.5385595342691038e-06,0.05218620602416038,0.3704051854749774
topology_0296,neural_t1,585,0.012359468865473566,0.01235402494246483,0.0003667915293749918,1.526940092207707e-06,0.051648417973978684,0.3692431419377499
topology_0296,neural_t1,590,0.012240899365254526,0.012235515469270939,0.0003630098823420035,1.5155336585426536e-06,0.051118616015658695,0.36808703845746693
topology_0296,neural_t1,595,0.012124704954459262,0.012119379936401014,0.00035930199947580504,1.5043344711351987e-06,0.050596644489762324,0.36693680106766113
topology_0296,neural_t1,600,0.012010823538290671,0.012005556278339467,0.0003556659746529971,1.4933369390689112e-06,0.050082351468403764,0.3657923574442355
topology_0296,neural_t1,605,0.011899194798187561,0.011893984204930822,0.000352099957623111,1.4825356403423105e-06,0.04957558864753458,0.36465363685412805
topology_0296,neural_t1,610,0.011789760109090336,0.011784605118761815,0.00034860214885537583,1.4719253101351392e-06,0.049076211244046174,0.363520570109251
topology_0296,neural_t1,615,0.011682462523008048,0.011677362098606136,0.0003451708034286442,1.4615008459852862e-06,0.04858407789798601,0.36239308951870114
topology_0296,neural_t1,620,0.011577246724885037,0.011572199855368916,0.0003418042277577429,1.4512572956467352e-06,0.0480990505725515,0.3612711288459135
topology_0296,neural_t1,625,0.011474058925148058,0.011469064625186572,0.0003385007592837027,1.4411898512099435e-06,0.04762099446174295,0.36015462326414244
topology_0296,neural_t1,630,0.011372846829831118,0.011367904138626117,0.00033525879735630973,1.4312938473887193e-06,0.04714977790444266,0.3590435093087363
topology_0296,neural_t1,635,0.011273559664582477,0.011268667645095204,0.00033207678997348354,1.4215647683315314e-06,0.04668527229594397,0.35793772485684494
topology_0296,neural_t1,640,0.0111761480576838,0.011171305796196313,0.0003289532206880818,1.4119982234407697e-06,0.04622735200387854,0.35683720907175764
topology_0296,neural_t1,645,0.011080564009490191,0.011075770614756784,0.0003258866220650149,1.4025899571919256e-06,0.045775894288670856,0.3557419023627051
topology_0296,neural_t1,650,0.010986760961291187,0.010982015564022271,0.0003228755654115982,1.393335841958259e-06,0.04533077922239111,0.3546517463610285
topology_0296,neural_t1,655,0.010894693609067821,0.01088999536131998,0.00031991866121663096,1.3842318725174279e-06,0.04489188959971274,0.3535666838753354
topology_0296,neural_t1,660,0.010804317944874502,0.010799666019389795,0.0003170145614883264,1.3752741641974636e-06,0.0444591108754813,0.3524866588729246
topology_0296,neural_t1,665,0.010715591118481102,0.010710984708108216,0.0003141619549420324,1.3664589464782152e-06,0.04403233109256338,0.3514116164338747
topology_0296,neural_t1,670,0.010628471536607703,0.010623909853624302,0.0003113595718314689,1.3577825724291213e-06,0.043611440823434815,0.3503415027264816
topology_0296,neural_t1,675,0.010542918758218969,0.010538401034017849,0.0003086061700037142,1.3492414841558859e-06,0.0431963330916049,0.3492762649774079
topology_0296,neural_t1,680,0.010458893766923178,0.010454419251851945,0.0003059005336066532,1.3408322419428045e-06,0.042786903297980176,0.34821585143486994
topology_0296,neural_t1,685,0.010376358216056548,0.010371926177716123,0.0003032415147003601,1.3325515062157363e-06,0.042383049130946454,0.3471602113472568
topology_0296,neural_t1,690,0.010295274678613872,0.010290884402070143,0.0003006279716070576,1.3243960425053126e-06,0.04198467058839194,0.3461092949383587
topology_0296,neural_t1,695,0.010215607039132435,0.010211257826554253,0.00029805879419324716,1.3163627030974235e-06,0.041591669887242735,0.34506305338818055
topology_0296,neural_t1,700,0.010137320202274517,0.01013301137231558,0.0002955329083687658,1.3084484380247952e-06,0.0412039513911559,0.34402143879473585
topology_0296,neural_t1,705,0.01006038004466855,0.010056110931938507,0.00029304927234316053,1.3006502904265853e-06,0.04082142155574304,0.34298440414782805
topology_0296,neural_t1,710,0.009984753406501533,0.009980523361243738,0.0002906068694172726,1.2929653928304338e-06,0.040443988875658594,0.34195190330393144
topology_0296,neural_t1,715,0.0099104080461138,0.00990621643362393,0.00028820471621107945,1.285390964696813e-06,0.04007156382716125,0.3409238909724823
topology_0296,neural_t1,720,0.009837312614050716,0.00983315881446705,0.0002858418495249483,1.2779242944316985e-06,0.03970405882162216,0.3399003226787387
topology_0296,neural_t1,725,0.009765436646751795,0.00976132005455618,0.0002835173361764274,1.2705627624101545e-06,0.03934138814943789,0.3388811547711063
topology_0296,neural_t1,730,0.009694750488189229,0.0096906705117499,0.00028123027043626755,1.2633038234261538e-06,0.03898346793562682,0.3378663443855494
topology_0296,neural_t1,735,0.009625225323552183,0.009621181384684648,0.00027897977390408817,1.2561450110834766e-06,0.03863021609457403,0.33685584941878866
topology_0296,neural_t1,740,0.00955683312190985,0.009552824655651087,0.0002767649873217918,1.249083927343817e-06,0.03828155228866953,0.33584962851868394
topology_0296,neural_t1,745,0.009489546527997123,0.00948557298214814,0.0002745850769903381,1.2421182466008535e-06,0.03793739788706754,0.3348476410563284
topology_0296,neural_t1,750,0.009423338940397355,0.009419399775146555,0.00027243923312588326,1.2352457112898923e-06,0.037597675931233906,0.33384984711157334
topology_0296,neural_t1,755,0.009358184834451541,0.00935427952225713,0.00027032666556526863,1.228464131094042e-06,0.03726231108788888,0.3328562074573759
topology_0296,neural_t1,760,0.009294059184419095,0.009290187209367416,0.0002682466135213908,1.2217713818623631e-06,0.03693122955697522,0.33186668353864274
topology_0296,neural_t1,765,0.009230937593675216,0.009227098451292862,0.00026619833179094437,1.2151653992961936e-06,0.03660435908244569,0.3308812374669366
topology_0296,neural_t1,770,0.009168796322547646,0.00916498951954814,0.00026418109341003497,1.2086441764535608e-06,0.03628162891441075,0.3298998319914739
topology_0296,neural_t1,773,0.009131972485846343,0.009128184854201431,0.0002629853575929634,1.2047713163110286e-06,0.03608994927963147,0.32931291293300824
topology_0296,neural_t5,0,1.7959501886029403,1.795425635488384,0.04340332979716769,0.00013541266219795647,0.5884391706648694,0.580223899168212
topology_0296,neural_t5,5,1.2101756327555864,1.209925998647362,0.024579196725713483,5.4780339237721235e-05,0.4996989224869666,0.542389957579246
topology_0296,neural_t5,10,0.7903769822409192,0.7902035882780135,0.01655480693913135,3.8678446581315837e-05,0.42990117690311236,0.545726925138254
topology_0296,neural_t5,15,0.5520161847890641,0.5518694217681203,0.012728265129733695,2.9209276831717524e-05,0.37992085084906907,0.5626940338386474
topology_0296,neural_t5,20,0.40861794804010726,0.4084878733340856,0.010309425775327372,2.3231160799612847e-05,0.3441086648454202,0.5685514767109487
topology_0296,neural_t5,25,0.31510554276856867,0.31498815021061677,0.0086004614086634,1.9337172625649497e-05,0.31773761679008894,0.5717633649120978
topology_0296,neural_t5,30,0.25103783274359337,0.250929611451261,0.007370433408514666,1.6640017939419556e-05,0.29774113532831203,0.572843124128022
topology_0296,neural_t5,35,0.206027332857412,0.20592683615078633,0.006434269289795602,1.4696000079738011e-05,0.28215398776663125,0.572294423270475
topology_0296,neural_t5,40,0.17367866941123025,0.17358487149997287,0.00570722521213555,1.3235229198440356e-05,0.26965125084262076,0.570818752674363
topology_0296,neural_t5,45,0.15012153507669312,0.1500339288595923,0.005127898044591574,1.2098838134960523e-05,0.25932959257964366,0.5685865747309167
topology_0296,neural_t5,50,0.13265276062828257,0.1325709804478013,0.004657243849700474,1.1186489701487308e-05,0.25056239868615077,0.5658959051776805
topology_0296,neural_t5,55,0.11927226695483135,0.1191958921803794,0.0042676507656547805,1.0431218938867733e-05,0.24292720741514182,0.5629797667338612
topology_0296,neural_t5,60,0.10896809915856802,0.10889686955510856,0.003939332352301821,9.795268684058685e-06,0.2361275804515632,0.5598635906850111
topology_0296,neural_t5,65,0.10074321442590996,0.1006767491229127,0.0036588732414525402,9.247159128899082e-06,0.22995612852463745,0.5566752880494995
topology_0296,neural_t5,70,0.09401561002492595,0.09395352641950898,0.0034160978941332755,8.767855313964742e-06,0.22427360973873267,0.5534670680215363
topology_0296,neural_t5,75,0.08839562721169619,0.0883375546251407,0.0032036359631183444,8.343575774198811e-06,0.21898139916976847,0.550265627456165
topology_0296,neural_t5,80,0.08360913318083259,0.08355471997795118,0.0030159338898736038,7.964186950593254e-06,0.2140082499219267,0.5470911674687654
topology_0296,neural_t5,85,0.07946076370021479,0.07940968082495085,0.0028487718414384523,7.62208866578545e-06,0.20930204639714428,0.5439561680041204
topology_0296,neural_t5,90,0.07581026778404679,0.07576221350078906,0.002698824464896551,7.3114577947238475e-06,0.20482408045773567,0.5408682071485059
topology_0296,neural_t5,95,0.07255607783215735,0.07251077797826885,0.0025634855145639014,7.027723380456015e-06,0.20054507947212233,0.5378316505248459
topology_0296,neural_t5,100,0.0696231883779684,0.0695803954973338,0.0024406713324885087,6.767233702828081e-06,0.1964424842141083,0.5348486341037875
topology_0296,neural_t5,105,0.0669553423194361,0.06691483399083224,0.002328693730433634,6.527026503611222e-06,0.19249856921619996,0.5319198623437902
topology_0296,neural_t5,110,0.06450982121388263,0.06447139803035115,0.002226169200755239,6.3046606246715636e-06,0.18869912701974603,0.5290450877847886
topology_0296,neural_t5,115,0.062286500572902276,0.062250006513138535,0.0021318549478126655,6.100315887449911e-06,0.185030593684045,0.5262108103624974
topology_0296,neural_t5,120,0.06020368168374827,0.06016893986238215,0.0020449765840396612,5.9064249499673215e-06,0.18148266218425008,0.5234362274835553
topology_0296,neural_t5,125,0.05823744314794247,0.058204294547079025,0.0019646495609610187,5.726195390595391e-06,0.1780501741093939,0.5207197040071914
topology_0296,neural_t5,130,0.05640128437208811,0.056369605008756034,0.0018901002860870217,5.557563388833158e-06,0.17472697059967282,0.5180511990760579
topology_0296,neural_t5,135,0.05468116920042356,0.05465084552948002,0.001820801715339883,5.399229464407178e-06,0.17150638801678503,0.5154288088885202
topology_0296,neural_t5,140,0.05306325462992516,0.053034183595649736,0.0017562274051308954,5.250205246942994e-06,0.1683825626201007,0.512851706127251
topology_0296,neural_t5,145,0.05153664106847863,0.0515087294116824,0.0016959188974855865,5.10964112130791e-06,0.1653503631258061,0.5103183693774902
topology_0296,neural_t5,150,0.050092496623213766,0.05006566003169248,0.0016394751505377555,4.976790238908651e-06,0.16240520633919733,0.5078272793808735
topology_0296,neural_t5,155,0.048723314975096285,0.04869747710008255,0.00158654426892462,4.850991705020326e-06,0.15954294781227518,0.505376932176745
topology_0296,neural_t5,160,0.047422602469141734,0.04739769409687685,0.001536813865288403,4.731658218412185e-06,0.15675980636827677,0.5029658694272908
topology_0296,neural_t5,165,0.04618468880032682,0.04616064709111262,0.00149000616925171,4.618266102718075e-06,0.15405230924264976,0.5005926874136986
topology_0296,neural_t5,170,0.045004626091316675,0.04498139395808922,0.0014458723536918505,4.510346596214774e-06,0.15141724751951094,0.49825603422354836
topology_0296,neural_t5,175,0.04387803350213616,0.043855558997007514,0.0014041900329736891,4.40747932389697e-06,0.14885163897639025,0.49595461693307147
topology_0296,neural_t5,180,0.04280101248716184,0.042779248314036906,0.001364758235809651,4.309285758153173e-06,0.14635270089148597,0.49368719963936697
topology_0296,neural_t5,185,0.04177005983291434,0.04174896284117359,0.0013273968365728388,4.215424915986586e-06,0.14391782843651582,0.49145260117153944
topology_0296,neural_t5,190,0.0407820454756081,0.040761576251704935,0.0012919433542246132,4.125589217147336e-06,0.14154457683980753,0.4892496944070312
topology_0296,neural_t5,195,0.03983413870997919,0.03981426121330646,0.0012582505660244786,4.0395003279148134e-06,0.13923064413705794,0.4870774049672621
topology_0296,neural_t5,200,0.03892378000070895,0.03890446120283781,0.001226186121017375,3.956905717055002e-06,0.13697385876213589,0.4849347081301682
topology_0296,neural_t5,205,0.03804863327733687,0.038029842879015924,0.001195629472298504,3.877576498284761e-06,0.1347721683259657,0.48282062736050846
topology_0296,neural_t5,210,0.037206584623512694,0.037188294799289444,0.0011664710960137387,3.801304620340444e-06,0.1326236303930181,0.48073423130369036
topology_0296,neural_t5,215,0.03639569992263573,0.03637788507809046,0.001138611525740628,3.7279003115630976e-06,0.1305264017043617,0.4786746313962623
topology_0296,neural_t5,220,0.03561420194459812,0.035596838495162,0.0011119603971927513,3.657190720436261e-06,0.12847873209745336,0.4766409798793701
topology_0296,neural_t5,225,0.03486046722044452,0.03484353340433098,0.0010864353859801291,3.5890177363198064e-06,0.12647895762836003,0.47463246777858975
topology_0296,neural_t5,230,0.03413299959733149,0.03411647530036202,0.0010619614767136045,3.5232365962291946e-06,0.12452549385068303,0.47264832253117495
topology_0296,neural_t5,235,0.033430417614165105,0.033414284214335455,0.0010384701880493212,3.4597147547234365e-06,0.12261683086259535,0.47068780625070217
topology_0296,neural_t5,240,0.03275144908943051,0.03273568931977922,0.0010158989456637436,3.3983305397119723e-06,0.12075152829731094,0.4687502137638858
topology_0296,neural_t5,245,0.03209491639519248,0.032079514217063475,0.0009941905566254149,3.3389720138339308e-06,0.11892821066331574,0.4668348707809398
topology_0296,neural_t5,250,0.03145972703162061,0.03144466752176285,0.0009732926494095779,3.2815360442386237e-06,0.11714556336263662,0.4649411324137173
topology_0296,neural_t5,255,0.030844870452006314,0.030830139703947237,0.0009531571903630728,3.2259274603930237e-06,0.11540232881462642,0.4630683815644844
topology_0296,neural_t5,260,0.030249403300266233,0.030234988330921777,0.0009337401079681477,3.1720581626575103e-06,0.11369730300627696,0.46121602729982
topology_0296,neural_t5,265,0.0296724478087008,0.02965833647591431,0.0009150009333767148,3.1198466734075893e-06,0.11202933244386615,0.459383503663166
topology_0296,neural_t5,270,0.02911318485188005,0.029099365781151392,0.0008969024107441959,3.0692173202639947e-06,0.11039731121131566,0.45757026843551996
topology_0296,neural_t5,275,0.028570853801015567,0.02855731632035796,0.0008794102438678546,3.020099782025684e-06,0.10880017808670478,0.45577580170243115
topology_0296,neural_t5,280,0.02804473160394602,0.028031465680824486,0.0008624927169530597,2.9724284670928676e-06,0.10723691402006683,0.4539996049940854
topology_0296,neural_t5,285,0.027534142891580887,0.027521139078640136,0.0008461205740509095,2.926142275299865e-06,0.1057065408481663,0.4522411999497668
topology_0296,neural_t5,290,0.02703845982048522,0.02702570920781497,0.0008302668109691973,2.8811840073068188e-06,0.10420811837879888,0.45050012689874563
topology_0296,neural_t5,295,0.026557092182354185,0.026544586355998906,0.0008149063256397646,2.8375001369954492e-06,0.1027407419144725,0.44877594324674336
topology_0296,neural_t5,300,0.026089470491535205,0.026077201483625405,0.000800015936617023,2.795040275120544e-06,0.10130354134930324,0.4470682295310637
topology_0296,neural_t5,305,0.02563507791442987,0.02562303818265771,0.0007855739212656104,2.7537579520332343e-06,0.09989567919402667,0.44537657364569283
topology_0296,neural_t5,310,0.02519341761105111,0.02518159999642341,0.0007715602253115172,2.713607560789153e-06,0.09851634760424123,0.44370058357113124
topology_0296,neural_t5,315,0.024764011230309958,0.02475240892520954,0.0007579561075148382,2.674547777378281e-06,0.09716476873373234,0.4420398846317138
topology_0296,neural_t5,320,0.02434641515150323,0.02433502167865272,0.0007447440348944137,2.636538897284581e-06,0.09584019277595318,0.44039411325710615
topology_0296,neural_t5,325,0.023940205605171728,0.023929014790483483,0.0007319076561238771,2.599543351589035e-06,0.0945418963242699,0.4387629198820383
topology_0296,neural_t5,330,0.023544979336596886,0.023533985287608177,0.0007194316310483083,2.563525562673883e-06,0.09326918142645718,0.4371459681245733
topology_0296,neural_t5,335,0.02316035448246268,0.023149551568797482,0.0007073015791347828,2.5284517658113215e-06,0.09202137451857659,0.43554293378196757
topology_0296,neural_t5,340,0.02278596222546597,0.022775345058123425,0.0006955039915725368,2.4942898357174586e-06,0.0907978250195046,0.433953503935245
topology_0296,neural_t5,345,0.022421461094795748,0.022411024514882957,0.0006840261414507374,2.461009275225839e-06,0.08959790520586973,0.43237737685963246
topology_0296,neural_t5,350,0.02206652559533557,0.022056264657680867,0.0006728560781720715,2.4285808546912193e-06,0.08842100718917412,0.43081426149334395
topology_0296,neural_t5,355,0.02172083891953763,0.02171074887760274,0.0006619824745978252,2.3969767319745115e-06,0.08726654316955956,0.42926387719400305
topology_0296,neural_t5,360,0.02138409832762193,0.021374174620711967,0.0006513946345756756,2.3661702774717406e-06,0.08613394478257377,0.4277259530322334
topology_0296,neural_t5,365,0.02105601498105162,0.021046253223207963,0.0006410824356877685,2.3361360238634305e-06,0.08502266226252239,0.4262002273818615
topology_0296,neural_t5,370,0.020736312061638548,0.02072670803127361,0.0006310362766433974,2.306849541953435e-06,0.08393216360984422,0.4246864473806638
topology_0296,neural_t5,375,0.02042472461962311,0.020415274250049197,0.0006212470459673905,2.2782874200878673e-06,0.08286193386715346,0.4231843686012718
topology_0296,neural_t5,380,0.02012099851002979,0.020111697880897658,0.0006117060762288389,2.2504271769675213e-06,0.08181147439205064,0.42169375475256227
topology_0296,neural_t5,385,0.019824889883439948,0.019815735212541374,0.0006024051245955812,2.2232472079978438e-06,0.08078030220316569,0.4202143772765701
topology_0296,neural_t5,390,0.01953616454587387,0.01952715218188567,0.0005933363323853704,2.1967267316503554e-06,0.07976794934642602,0.41874601504347037
topology_0296,neural_t5,395,0.019254597051241187,0.019245723466950568,0.0005844921956389879,2.1708457391781357e-06,0.0787739623207722,0.41728845402805576
topology_0296,neural_t5,400,0.0189799711281072,0.01897123291406812,0.0005758655575969654,2.145584961318485e-06,0.07779790149884748,0.415841487016538
topology_0296,neural_t5,405,0.018712077554614827,0.018703471414813422,0.0005674495103979114,2.120925868938736e-06,0.076839340588468,0.41440491330058227
topology_0296,neural_t5,410,0.01845071746860755,0.018442240212787554,0.0005592375554623361,2.0968504589346715e-06,0.07589786611386738,0.41297853854444816
topology_0296,neural_t5,415,0.018195696652824424,0.018187345191390095,0.0005512234320860142,2.073341444186208e-06,0.07497307681803878,0.41156217424446384
topology_0296,neural_t5,420,0.017946828731108422,0.017938600072717366,0.0005434010772682979,2.0503821408182494e-06,0.07406458337407448,0.4101556377802268
topology_0296,neural_t5,425,0.017703933735342323,0.017695824981626543,0.0005357646987500963,2.027956411790104e-06,0.0731720078945696,0.40875875208238177
topology_0296,neural_t5,430,0.017466837918856785,0.017458846260211484,0.000528308737086091,2.0060486652324167e-06,0.07229498352010358,0.40737134540682085
topology_0296,neural_t5,435,0.01723537358683445,0.017227496299136825,0.0005210278324299326,1.9846437984326075e-06,0.07143315401318283,0.4059932510964916
topology_0296,neural_t5,440,0.017009375999946105,0.017001610437948837,0.0005139168877816232,1.9637272246131367e-06,0.07058617340059727,0.40462430739088584
topology_0296,neural_t5,445,0.016788689000402892,0.01678103259742434,0.0005069709459869119,1.9432848249885943e-06,0.06975370614663512,0.40326435717794495
topology_0296,neural_t5,450,0.01657316548604873,0.01656561575688902,0.000500185089715043,1.923302875766724e-06,0.06893542562514267,0.4019132478323238
topology_0296,neural_t5,455,0.016362658200285346,0.01635521272953519,0.0004935547858973754,1.9037681710367252e-06,0.06813101420397846,0.4005708311995909
topology_0296,neural_t5,460,0.016157025655509197,0.016149682097535707,0.0004870755889427315,1.8846679126224307e-06,0.06734016319024523,0.3992369634007105
topology_0296,neural_t5,465,0.01595613078378866,0.015948886860771255,0.00048074318483872294,1.8659896263709389e-06,0.06656257245233521,0.39791150449036955
topology_0296,neural_t5,470,0.015759839732499666,0.015752693230489917,0.00047455343859080485,1.8477212672456244e-06,0.0657979501716962,0.39659431855053573
topology_0296,neural_t5,475,0.015568024436006106,0.01556097320402199,0.00046850233237143027,1.829851166404636e-06,0.06504601263572493,0.39528527338411046
topology_0296,neural_t5,480,0.015380560821355969,0.015373602768381029,0.00046258600798078044,1.8123680075885669e-06,0.06430648374150008,0.3939842403581953
topology_0296,neural_t5,485,0.015197328058535617,0.015190461151916686,0.0004568007091749364,1.79526083037042e-06,0.06357909486373142,0.3926910943703796
topology_0296,neural_t5,490,0.015018207950896919,0.015011430213533754,0.00045114281270950643,1.778518994638044e-06,0.06286358470313386,0.3914057135468188
topology_0296,neural_t5,495,0.014843089148824202,0.014836398659696597,0.000445608780642552,1.762132195206434e-06,0.06215969896531125,0.3901279792868648
topology_0296,neural_t5,500,0.014671860531831026,0.014665255421698905,0.0004401952214643511,1.7460904181867855e-06,0.06146719000178373,0.3888577761150629
topology_0296,neural_t5,505,0.014504412188476312,0.014497890637813968,0.00043489883073833844,1.7303839572059268e-06,0.06078581689960388,0.38759499156776184
topology_0296,neural_t5,510,0.014340645412946277,0.014334205653423611,0.0004297164227474254,1.7150034274259902e-06,0.060115345479131756,0.38633951594724114
topology_0296,neural_t5,515,0.014180461215747045,0.014174101526480135,0.0004246449323196667,1.6999396778072724e-06,0.059455546892415764,0.385091242224192
topology_0296,neural_t5,520,0.014023762906383068,0.014017481614541449,0.00041968130836812117,1.6851838501991854e-06,0.058806198216696054,0.3838500662703531
topology_0296,neural_t5,525,0.013870455456701462,0.013864250933197894,0.0004148226685352706,1.6707273564713517e-06,0.05816708225080102,0.38261588692816256
topology_0296,neural_t5,530,0.013720447207593063,0.013714317866801195,0.0004100661903750202,1.6565618648983486e-06,0.057537987400963705,0.3813886054453353
topology_0296,neural_t5,535,0.01357364998296245,0.01356759428025998,0.00040540918568538197,1.642679271365039e-06,0.056918707531070735,0.3801681254653416
topology_0296,neural_t5,540,0.013429975783907946,0.013423992213702225,0.00040084903510079634,1.629071721201931e-06,0.056309041682153345,0.3789543529507384
topology_0296,neural_t5,545,0.013289340806200046,0.01328342790762201,0.00039638299125176885,1.6157316723073253e-06,0.05570879421524877,0.3777471960593117
topology_0296,neural_t5,550,0.013151664299551984,0.013145820648698544,0.00039200861198298247,1.6026517036061346e-06,0.05511777432237951,0.37654656535283104
topology_0296,neural_t5,555,0.013016867415654033,0.013011091625194416,0.0003877234967976914,1.5898246441964801e-06,0.05453579596808608,0.37535237334352267
topology_0296,neural_t5,560,0.012884873615370374,0.01287916433406421,0.0003835252958266322,1.5772435384198387e-06,0.05396267772789915,0.37416453459337407
topology_0296,neural_t5,565,0.012755608509976117,0.012749964421780904,0.00037941172119376325,1.5649016476709053e-06,0.053398242660636655,0.37298296571152106
topology_0296,neural_t5,570,0.012628999858699173,0.012623419681548224,0.0003753805580478254,1.5527924138695518e-06,0.052842318181678546,0.3718075852494689
topology_0296,neural_t5,575,0.012504977514504429,0.012499459999766399,0.0003714296408459921,1.5409095032803478e-06,0.05229473593248072,0.3706383136171096
topology_0296,neural_t5,580,0.012383473368638015,0.012378017299698002,0.0003675568820581604,1.529246752462664e-06,0.05175533164863796,0.3694750730441772
topology_0296,neural_t5,585,0.01226442123928681,0.012259025430777623,0.0003637602486606207,1.5177981836874134e-06,0.05122394504605945,0.36831778752335037
topology_0296,neural_t5,590,0.01214775683585433,0.012142420132721404,0.00036003776720026546,1.5065579997164697e-06,0.05070041970573816,0.3671663827531561
topology_0296,neural_t5,595,0.012033417702616482,0.01202813897925165,0.0003563875206414635,1.495520575766018e-06,0.05018460296224208,0.36602078608532823
topology_0296,neural_t5,600,0.011921343169363262,0.01191612132875105,0.00035280764721364836,1.4846804563451045e-06,0.049676345795213406,0.36488092647238574
topology_0296,neural_t5,605,0.011811474280313431,0.011806308253203116,0.0003492963384896756,1.474032345737e-06,0.04917550272507086,0.36374673442095234
topology_0296,neural_t5,610,0.01170375375120233,0.011698642495356086,0.0003458518361826361,1.4635711094344745e-06,0.048681931715496916,0.36261814194450315
topology_0296,neural_t5,615,0.01159812594202733,0.011593068441163923,0.00034247244204385375,1.4532917644831454e-06,0.04819549407247928,0.36149508251838186
topology_0296,neural_t5,620,0.011494536778944799,0.01148953204269754,0.00033915648238724833,1.4431894782531775e-06,0.04771605435100838,0.3603774910391765
topology_0296,neural_t5,625,0.011392933651528075,0.011387980714289486,0.00033590234422918407,1.4332595515303957e-06,0.04724348026798925,0.35926530377054744
topology_0296,neural_t5,630,0.011293265492623727,0.011288363412617124,0.0003327084688251884,1.4234974431553653e-06,0.04677764261425544,0.35815845832504417
topology_0296,neural_t5,635,0.011195482660188282,0.0111906305191141,0.00032957333044251346,1.413898735797649e-06,0.04631841516955634,0.35705689361368237
topology_0296,neural_t5,640,0.011099536867520547,0.011094733769681172,0.00032649545301359354,1.4044591481171155e-06,0.045865674621646355,0.3559605497971747
topology_0296,neural_t5,645,0.011005381284030294,0.011000626355770711,0.0003234734009080964,1.3951745268720544e-06,0.04541930048833734,0.3548693682670087
topology_0296,neural_t5,650,0.010912970355430658,0.010908262744618027,0.00032050577495200953,1.3860408430072849e-06,0.04497917502464835,0.35378329159692934
topology_0296,neural_t5,655,0.01082225981442374,0.010817598689686887,0.00031759122074983946,1.3770541875660586e-06,0.044545183159340924,0.3527022635267761
topology_0296,neural_t5,660,0.010733206591954165,0.010728591142186194,0.0003147284184365397,1.3682107679544393e-06,0.04411721242206529,0.3516262289159426
topology_0296,neural_t5,665,0.010645768829966994,0.010641198263597048,0.00031191609073119336,1.3595069120387066e-06,0.04369515288580533,0.35055513371753
topology_0296,neural_t5,670,0.010559905872890256,0.010555379417527972,0.0003091529901079792,1.350939045531913e-06,0.043278897089130214,0.34948892494907546
topology_0296,neural_t5,675,0.010475578382649578,0.010471095284887199,0.00030643789506532655,1.3425037044461582e-06,0.04286833996598817,0.3484275506572279
topology_0296,neural_t5,680,0.010392747991731233,0.010388307515798705,0.0003037696442217113,1.3341975296664562e-06,0.04246337874705407,0.3473709598914904
topology_0296,neural_t5,685,0.010311376971933184,0.010306978399398068,0.00030114709584151293,1.3260172654311825e-06,0.04206391297175639,0.34631910268270083
topology_0296,neural_t5,690,0.010231428996854463,0.010227071626500632,0.0002985691328356595,1.3179597488606825e-06,0.04166984442112651,0.3452719300218106
topology_0296,neural_t5,695,0.010152868756874194,0.010148551904135576,0.0002960346723290682,1.3100219083237248e-06,0.04128107703391018,0.344229393825904
topology_0296,neural_t5,700,0.010075661947188386,0.010071384943482968,0.00029354266892186873,1.3022007694967676e-06,0.04089751685105048,0.34319144690881714
topology_0296,neural_t5,705,0.009999775213381095,0.009995537405891387,0.00029109209859374033,1.294493445865811e-06,0.04051907196458054,0.3421580429545
topology_0296,neural_t5,710,0.009925176133533104,0.009920976884552532,0.0002886819733290723,1.2868971442052667e-06,0.040145652458028355,0.341129136504297
topology_0296,neural_t5,715,0.009851833180005655,0.009847671866730275,0.00028631132527685735,1.2794091344704003e-06,0.03977717035997518,0.3401046829214659
topology_0296,neural_t5,720,0.009779715719217309,0.009775591733315409,0.00028397921436171405,1.2720267811365706e-06,0.03941353958936741,0.3390846383901896
topology_0296,neural_t5,725,0.009708793925812736,0.009704706672900701,0.00028168473027240037,1.2647475232820898e-06,0.03905467590710599,0.33806895989287206
topology_0296,neural_t5,730,0.009639038835577683,0.009634987734811662,0.00027942698925493225,1.2575688793974729e-06,0.03870049687398028,0.33705760517396294
topology_0296,neural_t5,735,0.009570422245395333,0.009566406729193982,0.00027720512814268715,1.25048843848844e-06,0.03835092180583893,0.33605053273380464
topology_0296,neural_t5,740,0.00950291667059315,0.009498936184232679,0.0002750183081368943,1.243503859710396e-06,0.03800587173282361,0.33504770180014887
topology_0296,neural_t5,745,0.00943649537358731,0.009432549374810471,0.00027286571474982113,1.236612872693794e-06,0.037665269364396035,0.3340490723117666
topology_0296,neural_t5,750,0.009371132586152903,0.009367220544990581,0.0002707465536668877,1.2298132735854923e-06,0.03732903905240979,0.3330546049052396
topology_0296,neural_t5,755,0.009306803218305472,0.009302924616561459,0.00026866005816854235,1.22310292435983e-06,0.036997106688407506,0.3320642608917711
topology_0296,neural_t5,760,0.009243482736453246,0.009239637067347702,0.00026660548190268524,1.216479751834643e-06,0.036669399710207225,0.33107800225066
topology_0296,neural_t5,765,0.009181147268327102,0.009177334036392442,0.00026458209165407216,1.2099417343793298e-06,0.036345847069865274,0.33009579160558483
topology_0296,neural_t5,769,0.009131972485846343,0.009128184854201431,0.0002629853575929634,1.2047713163110286e-06,0.03608994927963147,0.32931291293300824
topology_0297,cold,0,1.0,0.9934555760790903,0.1142191670848362,1.509333807283185e-05,1.0,1.0
topology_0297,cold,5,5.003231855778674,5.002801228559058,0.06564139043639537,0.0002794066390469006,0.6683911366543825,0.5503139556264636
topology_0297,cold,10,2.226702193407114,2.2262624997911935,0.04424841020698496,0.0001354314312623741,0.4280378420583879,0.4669444551728654
topology_0297,cold,15,0.9122316856116034,0.9118838330195428,0.025189670574830177,6.17066080786457e-05,0.3223765220369698,0.5154728650897129
topology_0297,cold,20,0.48064661121372076,0.4803919615097557,0.015643758091424008,3.1950274629222084e-05,0.27562465641929307,0.5444585346624122
topology_0297,cold,25,0.28850849171481663,0.28829037147965336,0.011216550053101933,2.2551898073982366e-05,0.2529340146608661,0.5544310537118569
topology_0297,cold,30,0.19698459316116249,0.1967835528664078,0.008897355570412956,1.8110660460566294e-05,0.24008641812921655,0.5546471368634293
topology_0297,cold,35,0.15497731754316507,0.15479881501291137,0.0074360998507895515,1.5571851182236626e-05,0.23125953926793016,0.5534215435822986
topology_0297,cold,40,0.13204337575918917,0.1318872894782949,0.006418392570874588,1.3883695846979108e-05,0.22442900015093553,0.5514837680225304
topology_0297,cold,45,0.11727212475267988,0.11713537061593066,0.0056618049431563485,1.2627839594059832e-05,0.2186637892011843,0.549093391339287
topology_0297,cold,50,0.1067416172804663,0.10662107666497309,0.0050713642358484025,1.1629223277137976e-05,0.21349487771013928,0.5464799403938675
topology_0297,cold,55,0.09868656297964427,0.09857948963178421,0.00459584811901117,1.0804592818390103e-05,0.2086875658376596,0.5437645814037321
topology_0297,cold,60,0.09220796238206569,0.09211209196051923,0.004203657831551255,1.01066573809917e-05,0.20412659253093834,0.5410317989355596
topology_0297,cold,65,0.08678567880858198,0.08669917286886511,0.003873935952888293,9.505468213946402e-06,0.19975534064907544,0.5383225944832948
topology_0297,cold,70,0.0821157411897887,0.08203712156716603,0.0035924303015389555,8.98058818881412e-06,0.19554537230459343,0.5356581680709789
topology_0297,cold,75,0.07801248368974384,0.07794056686146872,0.0033489664391735015,8.517321481258997e-06,0.19148098130183078,0.5330461874865104
topology_0297,cold,80,0.07435529190295717,0.07428912489260814,0.003136126747793241,8.104703149954371e-06,0.1875520158366191,0.5304888369416859
topology_0297,cold,85,0.07106081648312013,0.07099962542434539,0.002948350221775078,7.734344266552892e-06,0.18375086357550577,0.527985727186873
topology_0297,cold,90,0.06806848235956167,0.06801163253862326,0.0027813801267926323,7.399697519613772e-06,0.1800711587658916,0.5255353075988833
topology_0297,cold,95,0.06533248751192441,0.0652794532863107,0.002631891485075629,7.095556783283676e-06,0.17650721475566902,0.5231355552247544
topology_0297,cold,100,0.06281704457005058,0.06276738635730406,0.0024972488677077053,6.817724924641046e-06,0.17305378594803714,0.5207842641224584
topology_0297,cold,105,0.06049354188063637,0.06044688877630139,0.002375332284078288,6.562771616624498e-06,0.1697059643632323,0.5184792093211292
topology_0297,cold,110,0.05833866646959356,0.058294702880465295,0.0022644163678424336,6.3278589529118456e-06,0.16645912823503758,0.5162182231155072
topology_0297,cold,115,0.05633308255973982,0.056291537863626395,0.00216308074069042,6.110616328851762e-06,0.1633089149131413,0.5139992309381738
topology_0297,cold,120,0.05446055394690713,0.05442119447311965,0.00207014332983905,5.909043806367408e-06,0.16025120296617243,0.5118202704800703
topology_0297,cold,125,0.05270731475724469,0.05266993745394308,0.0019846119978763894,5.721439578607959e-06,0.15728209826877984,0.5096794960391056
topology_0297,cold,130,0.05106154905150089,0.051025976437573076,0.0019056467062727026,5.546344892449694e-06,0.15439791979670267,0.5075751786075379
topology_0297,cold,135,0.04951303412570846,0.0494791102527348,0.001832530479958074,5.382500375924929e-06,0.15159518982008613,0.5055057024274711
topology_0297,cold,140,0.048052904859655104,0.048020492046402206,0.001764647764288905,5.228812560729808e-06,0.14887062139495902,0.5034695543358354
topology_0297,cold,145,0.046673381756825824,0.04664235792429743,0.0017014658473654073,5.084326726111516e-06,0.14622110401319074,0.5014653194702386
topology_0297,cold,150,0.04536760800261366,0.04533786445096033,0.0016425219695444155,4.948204408522788e-06,0.14364369511505634,0.4994916739421212
topology_0297,cold,155,0.04412951892340635,0.044100958528800964,0.001587411107016637,4.8197070872188985e-06,0.14113560952584092,0.4975473772452868
topology_0297,cold,160,0.042953717834726374,0.04292625356060641,0.0015357763518589942,4.698178995841788e-06,0.13869420857969986,0.4956312647011519
topology_0297,cold,165,0.04183538081476377,0.041808934377978973,0.001487303966882665,4.583039088016626e-06,0.13631699079746099,0.4937422423589996
topology_0297,cold,170,0.040770201341583726,0.04074470216046384,0.0014417153927728775,4.4737691349013425e-06,0.13400158429731143,0.4918792823703816
topology_0297,cold,175,0.039754309510586124,0.03972969378038472,0.0013987629120996872,4.369905484912606e-06,0.1317457355617939,0.49004141651359284
topology_0297,cold,180,0.03878415936327207,0.03876036924318308,0.0013582250940406097,4.271031471965828e-06,0.12954730612215057,0.4882277321269445
topology_0297,cold,185,0.03785665968652862,0.037833642665078555,0.0013199044917526553,4.176773812774999e-06,0.12740426287001222,0.48643736784612385
topology_0297,cold,190,0.03696893959775592,0.036946647871848974,0.0012836235095341198,4.086795159012111e-06,0.1253146647778407,0.48466950984796575
topology_0297,cold,195,0.036118379892054395,0.03609676984082061,0.0012492225899555962,4.000790869790135e-06,0.12327666488722251,0.4829233888097188
topology_0297,cold,200,0.03530261879166141,0.035281650562397224,0.0012165573507801235,3.918484924399549e-06,0.12128850356005015,0.4811982758120691
topology_0297,cold,205,0.03451948190587935,0.03449911899593119,0.0011854977065252825,3.839626902606262e-06,0.1193485025397239,0.4794934812853812
topology_0297,cold,210,0.03376698412288029,0.03374719304474782,0.0011559256843590346,3.7639889697010595e-06,0.11745506104081742,0.4778083503470108
topology_0297,cold,215,0.03304330985219487,0.03302405982923044,0.0011277343469980885,3.6913637795898673e-06,0.11560665037409071,0.47614226053779596
topology_0297,cold,220,0.03234679134380236,0.032328054042373815,0.001100826488204909,3.621562035663544e-06,0.11380180956066342,0.47449461979162905
topology_0297,cold,225,0.03167588678346745,0.0316576360674703,0.0010751137171552132,3.554410731904832e-06,0.11203914196159617,0.4728648647435626
topology_0297,cold,230,0.031029189733825003,0.031011401470817396,0.001050515195098242,3.489751200139745e-06,0.11031731149366282,0.4712524589032269
topology_0297,cold,235,0.030405393052613233,0.03038804491369168,0.0010269572824742014,3.427437974669707e-06,0.10863503804248584,0.46965689035070224
topology_0297,cold,240,0.029803288541468458,0.029786359834158654,0.0010043726286015683,3.367337431610433e-06,0.1069910952679622,0.4680776708389291
topology_0297,cold,245,0.029221757395450132,0.029205228914301315,0.0009826995421595263,3.309326495749401e-06,0.10538430765984702,0.4665143341366568
topology_0297,cold,250,0.02865976150226782,0.028643615393625695,0.0009618814713959738,3.253291749192717e-06,0.10381354767827576,0.46496643469712884
topology_0297,cold,255,0.02811633559169685,0.02810055522959346,0.0009418665824114108,3.1991285441590247e-06,0.10227773325223014,0.463433546487882
topology_0297,cold,260,0.027590576512066485,0.027575146397997564,0.0009226069017874843,3.146739747056443e-06,0.10077582604183044,0.4619152612365636
topology_0297,cold,265,0.027081656941720805,0.027066562606891536,0.0009040584996774435,3.096035629298876e-06,0.09930682814134764,0.46041118783955315
topology_0297,cold,270,0.026588795893014338,0.026574023804451213,0.000886180905367158,3.046932823019691e-06,0.09786977968440295,0.45892095264167165
topology_0297,cold,275,0.02611125999948206,0.02609679747992444,0.0008689367389153995,2.999354044392797e-06,0.09646375760370407,0.45744419688104104
topology_0297,cold,280,0.02564836547792793,0.025634200645379607,0.0008522911710407466,2.9532272240792116e-06,0.09508787437981747,0.45598057625858707
topology_0297,cold,285,0.025199472884230092,0.02518559457771193,0.0008362122642544542,2.9084851337726045e-06,0.09374127558693783,0.4545297602351787
topology_0297,cold,290,0.024763981154239972,0.02475037887624482,0.0008206703852878882,2.865065182426018e-06,0.0924231384300754,0.45309143133113616
topology_0297,cold,295,0.024341327103837414,0.02432799096869275,0.000805638029390913,2.822908605152623e-06,0.09113267007694195,0.45166528429451785
topology_0297,cold,300,0.023930975087384062,0.023917895777278406,0.000791089426638591,2.7819606889845995e-06,0.08986910649126371,0.45025102537103984
topology_0297,cold,305,0.023532429362205624,0.023519598081264834,0.0007770008130402111,2.742169956881456e-06,0.08863171109113725,0.44884837221200424
topology_0297,cold,310,0.023145215674269245,0.023132624105681978,0.0007633500408150444,2.7034881057146366e-06,0.08741977319488271,0.4474570530810988
topology_0297,cold,315,0.0227688880636472,0.02275652833639307,0.0007501164062821517,2.6658697676440244e-06,0.0862326071816871,0.44607680616787754
topology_0297,cold,320,0.02240302546149119,0.02239089011713642,0.0007372805961589771,2.6292722370970966e-06,0.08506955119142355,0.4447073791512832
topology_0297,cold,325,0.02204722897224038,0.02203531093508944,0.0007248245451664431,2.5936552782068662e-06,0.08392996611937573,0.4433485287909746
topology_0297,cold,330,0.02170112027388097,0.0216894128239142,0.0007127313286859256,2.558980904250039e-06,0.08281323463167335,0.4420000204975513
topology_0297,cold,335,0.021364342301288083,0.02135283904931223,0.0007009851097360874,2.5252132607543695e-06,0.08171876024081515,0.4406616279866931
topology_0297,cold,340,0.021036555581108386,0.02102525044557871,0.0006895710304990933,2.492318402507017e-06,0.08064596615192095,0.4393331327736158
topology_0297,cold,345,0.02071743725626971,0.02070632444320447,0.0006784751044251774,2.4602642232815e-06,0.07959429461623697,0.43801432368467985
topology_0297,cold,350,0.020406680407387853,0.02039575439122999,0.0006676841781490125,2.429020238713347e-06,0.0785632060825456,0.4367049969120405
topology_0297,cold,355,0.020103992493043663,0.020093247998904912,0.0006571858654760755,2.398557527060555e-06,0.07755217850137447,0.43540495543666285
topology_0297,cold,360,0.019809095135194334,0.019798527122230368,0.0006469685108596698,2.3688486431583986e-06,0.07656070658019731,0.4341140087664609
topology_0297,cold,365,0.019521722908777794,0.01951132655442905,0.0006370211445087913,2.3398675699835215e-06,0.07558830112113908,0.4328319726710859
topology_0297,cold,370,0.01924161852033331,0.019231389213161136,0.0006273331415589303,2.311589316553762e-06,0.07463448854419788,0.4315586691942752
topology_0297,cold,375,0.01896854697116259,0.018958480283717154,0.0006178950659280827,2.2839902294742695e-06,0.07369881019893962,0.43029392537150096
topology_0297,cold,380,0.018702274219764475,0.01869236591139322,0.0006086974056019046,2.257047857799616e-06,0.07278082119029353,0.42903757379342217
topology_0297,cold,385,0.018442579522467105,0.01843282552466643,0.0005997313094422489,2.230740562546907e-06,0.07188009033992852,0.427789452793631
topology_0297,cold,390,0.01818925094428801,0.018179647348356205,0.000590988444431713,2.205047754622647e-06,0.0709961996599933,0.4265494057884829
topology_0297,cold,395,0.017942085744685244,0.017932628793171035,0.0005824608860596245,2.1799498239115647e-06,0.07012874390876964,0.42531728085367076
topology_0297,cold,400,0.0177008899145701,0.01769157599402937,0.0005741410709431574,2.1554278912421818e-06,0.06927732999923997,0.4240929306249912
topology_0297,cold,405,0.017465476164938546,0.017456301796369592,0.0005660218361169755,2.1314639750724147e-06,0.06844157660376922,0.42287621216068044
topology_0297,cold,410,0.017235666690600428,0.017226628523805187,0.0005580963433481504,2.1080407989576173e-06,0.06762111378058493,0.42166698680101544
topology_0297,cold,415,0.017011290257904,0.017002385063913907,0.0005503580918277972,2.085141828281801e-06,0.06681558227293329,0.42046512004547587
topology_0297,cold,420,0.016792181731374,0.016783406395670993,0.0005428008864196732,2.062751209131283e-06,0.06602463329295158,0.41927048129943756
topology_0297,cold,425,0.016578183169272058,0.016569534686308698,0.000535418815567914,2.0408537526766122e-06,0.06524792838864198,0.41808294351466513
topology_0297,cold,430,0.016369142414950154,0.016360617883883544,0.0005282061911350333,2.019434754519907e-06,0.06448513841973556,0.4169023836474497
topology_0297,cold,435,0.01616491305027166,0.01615650966615081,0.0005211576887043053,1.9984801327767965e-06,0.06373594371410152,0.4157286822018515
topology_0297,cold,440,0.015965353784741954,0.015957068836430728,0.0005142681294759566,1.977976415876922e-06,0.06300003377872085,0.41456172281334674
topology_0297,cold,445,0.01577032909443791,0.01576215995946889,0.0005075325857286381,1.9579106447409586e-06,0.06227710685316458,0.4134013923663278
topology_0297,cold,450,0.015579708319629718,0.01557165246099186,0.0005009463064383784,1.9382702321488166e-06,0.06156686958444947,0.41224758089666447
topology_0297,cold,455,0.015393361127700832,0.015385416086954488,0.0004945047586897224,1.919043105353357e-06,0.06086903704162348,0.4111001813207138
topology_0297,cold,460,0.0152111726690655,0.015203336067792759,0.00048820361228665675,1.9002176935864788e-06,0.06018333213322547,0.40995908932417496
topology_0297,cold,465,0.01503302464282202,0.015025294175606484,0.00048203869873043685,1.8817827608441777e-06,0.05950948473149204,0.4088242039589529
topology_0297,cold,470,0.014858802841892714,0.014851176272891054,0.0004760060212605922,1.8637275166770816e-06,0.058847232248609736,0.4076954268598218
topology_0297,cold,475,0.014688398404789754,0.01468087356519589,0.00047010174717109204,1.8460415338539182e-06,0.05819631928049736,0.4065726621599145
topology_0297,cold,480,0.014521705798336804,0.014514280583363005,0.0004643221905775765,1.8287147586121189e-06,0.05755649724751574,0.40545581638250366
topology_0297,cold,485,0.014358622973794238,0.014351295339908017,0.00045866380706722836,1.8117374759076937e-06,0.056927524263016595,0.4043447985726776
topology_0297,cold,490,0.014199051425454417,0.014191819387956526,0.0004531231840627666,1.7951003082671671e-06,0.05630916488718232,0.4032395201121013
topology_0297,cold,495,0.014042895626532447,0.014035757256833505,0.00044769704133588957,1.7787941911269163e-06,0.05570118990434837,0.40213989464809147
topology_0297,cold,500,0.013890061652257708,0.013883015077208911,0.0004423821447683435,1.762810361356084e-06,0.055103376496573805,0.40104583772999775
topology_0297,cold,505,0.013740465128773903,0.01373350852733244,0.0004371755165143342,1.7471402871630777e-06,0.05451550716337759,0.3999572670191235
topology_0297,cold,510,0.013594018587059557,0.01358715018572995,0.00043207427219402465,1.7317758166401373e-06,0.0539373697399131,0.39887410272557855
topology_0297,cold,515,0.013450638364676956,0.013443856438260229,0.00042707556436621334,1.7167090535923142e-06,0.05336875784726472,0.39779626690745745
topology_0297,cold,520,0.01331024333392478,0.013303546203277892,0.0004221766561118356,1.7019323146347272e-06,0.05280947051813946,0.39672368364208155
topology_0297,cold,525,0.013172755311709708,0.01316614134205565,0.0004173749102927484,1.6874381672589566e-06,0.05225931193898154,0.3956562787582641
topology_0297,cold,529,0.013064805842935897,0.013058257253147307,0.00041360175909048685,1.6760414643274411e-06,0.05182562938464212,0.394806034522515
topology_0297,teacher_k20,0,0.48064661121372076,0.4803919615097557,0.015643758091424008,3.1950274629222084e-05,0.27562465641929307,0.5444585346624122
topology_0297,teacher_k20,5,0.28850849171481663,0.28829037147965336,0.011216550053101933,2.2551898073982366e-05,0.2529340146608661,0.5544310537118569
topology_0297,teacher_k20,10,0.19698459316116249,0.1967835528664078,0.008897355570412956,1.8110660460566294e-05,0.24008641812921655,0.5546471368634293
topology_0297,teacher_k20,15,0.15497731754316507,0.15479881501291137,0.0074360998507895515,1.5571851182236626e-05,0.23125953926793016,0.5534215435822986
topology_0297,teacher_k20,20,0.13204337575918917,0.1318872894782949,0.006418392570874588,1.3883695846979108e-05,0.22442900015093553,0.5514837680225304
topology_0297,teacher_k20,25,0.11727212475267988,0.11713537061593066,0.0056618049431563485,1.2627839594059832e-05,0.2186637892011843,0.549093391339287
topology_0297,teacher_k20,30,0.1067416172804663,0.10662107666497309,0.0050713642358484025,1.1629223277137976e-05,0.21349487771013928,0.5464799403938675
topology_0297,teacher_k20,35,0.09868656297964427,0.09857948963178421,0.00459584811901117,1.0804592818390103e-05,0.2086875658376596,0.5437645814037321
topology_0297,teacher_k20,40,0.09220796238206569,0.09211209196051923,0.004203657831551255,1.01066573809917e-05,0.20412659253093834,0.5410317989355596
topology_0297,teacher_k20,45,0.08678567880858198,0.08669917286886511,0.003873935952888293,9.505468213946402e-06,0.19975534064907544,0.5383225944832948
topology_0297,teacher_k20,50,0.0821157411897887,0.08203712156716603,0.0035924303015389555,8.98058818881412e-06,0.19554537230459343,0.5356581680709789
topology_0297,teacher_k20,55,0.07801248368974384,0.07794056686146872,0.0033489664391735015,8.517321481258997e-06,0.19148098130183078,0.5330461874865104
topology_0297,teacher_k20,60,0.07435529190295717,0.07428912489260814,0.003136126747793241,8.104703149954371e-06,0.1875520158366191,0.5304888369416859
topology_0297,teacher_k20,65,0.07106081648312013,0.07099962542434539,0.002948350221775078,7.734344266552892e-06,0.18375086357550577,0.527985727186873
topology_0297,teacher_k20,70,0.06806848235956167,0.06801163253862326,0.0027813801267926323,7.399697519613772e-06,0.1800711587658916,0.5255353075988833
topology_0297,teacher_k20,75,0.06533248751192441,0.0652794532863107,0.002631891485075629,7.095556783283676e-06,0.17650721475566902,0.5231355552247544
topology_0297,teacher_k20,80,0.06281704457005058,0.06276738635730406,0.0024972488677077053,6.817724924641046e-06,0.17305378594803714,0.5207842641224584
topology_0297,teacher_k20,85,0.06049354188063637,0.06044688877630139,0.002375332284078288,6.562771616624498e-06,0.1697059643632323,0.5184792093211292
topology_0297,teacher_k20,90,0.05833866646959356,0.058294702880465295,0.0022644163678424336,6.3278589529118456e-06,0.16645912823503758,0.5162182231155072
topology_0297,teacher_k20,95,0.05633308255973982,0.056291537863626395,0.00216308074069042,6.110616328851762e-06,0.1633089149131413,0.5139992309381738
topology_0297,teacher_k20,100,0.05446055394690713,0.05442119447311965,0.00207014332983905,5.909043806367408e-06,0.16025120296617243,0.5118202704800703
topology_0297,teacher_k20,105,0.05270731475724469,0.05266993745394308,0.0019846119978763894,5.721439578607959e-06,0.15728209826877984,0.5096794960391056
topology_0297,teacher_k20,110,0.05106154905150089,0.051025976437573076,0.0019056467062727026,5.546344892449694e-06,0.15439791979670267,0.5075751786075379
topology_0297,teacher_k20,115,0.04951303412570846,0.0494791102527348,0.001832530479958074,5.382500375924929e-06,0.15159518982008613,0.5055057024274711
topology_0297,teacher_k20,120,0.048052904859655104,0.048020492046402206,0.001764647764288905,5.228812560729808e-06,0.14887062139495902,0.5034695543358354
topology_0297,teacher_k20,125,0.046673381756825824,0.04664235792429743,0.0017014658473654073,5.084326726111516e-06,0.14622110401319074,0.5014653194702386
topology_0297,teacher_k20,130,0.04536760800261366,0.04533786445096033,0.0016425219695444155,4.948204408522788e-06,0.14364369511505634,0.4994916739421212
topology_0297,teacher_k20,135,0.04412951892340635,0.044100958528800964,0.001587411107016637,4.8197070872188985e-06,0.14113560952584092,0.4975473772452868
topology_0297,teacher_k20,140,0.042953717834726374,0.04292625356060641,0.0015357763518589942,4.698178995841788e-06,0.13869420857969986,0.4956312647011519
topology_0297,teacher_k20,145,0.04183538081476377,0.041808934377978973,0.001487303966882665,4.583039088016626e-06,0.13631699079746099,0.4937422423589996
topology_0297,teacher_k20,150,0.040770201341583726,0.04074470216046384,0.0014417153927728775,4.4737691349013425e-06,0.13400158429731143,0.4918792823703816
topology_0297,teacher_k20,155,0.039754309510586124,0.03972969378038472,0.0013987629120996872,4.369905484912606e-06,0.1317457355617939,0.49004141651359284
topology_0297,teacher_k20,160,0.03878415936327207,0.03876036924318308,0.0013582250940406097,4.271031471965828e-06,0.12954730612215057,0.4882277321269445
topology_0297,teacher_k20,165,0.03785665968652862,0.037833642665078555,0.0013199044917526553,4.176773812774999e-06,0.12740426287001222,0.48643736784612385
topology_0297,teacher_k20,170,0.03696893959775592,0.036946647871848974,0.0012836235095341198,4.086795159012111e-06,0.1253146647778407,0.48466950984796575
topology_0297,teacher_k20,175,0.036118379892054395,0.03609676984082061,0.0012492225899555962,4.000790869790135e-06,0.12327666488722251,0.4829233888097188
topology_0297,teacher_k20,180,0.03530261879166141,0.035281650562397224,0.0012165573507801235,3.918484924399549e-06,0.12128850356005015,0.4811982758120691
topology_0297,teacher_k20,185,0.03451948190587935,0.03449911899593119,0.0011854977065252825,3.839626902606262e-06,0.1193485025397239,0.4794934812853812
topology_0297,teacher_k20,190,0.03376698412288029,0.03374719304474782,0.0011559256843590346,3.7639889697010595e-06,0.11745506104081742,0.4778083503470108
topology_0297,teacher_k20,195,0.03304330985219487,0.03302405982923044,0.0011277343469980885,3.6913637795898673e-06,0.11560665037409071,0.47614226053779596
topology_0297,teacher_k20,200,0.03234679134380236,0.032328054042373815,0.001100826488204909,3.621562035663544e-06,0.11380180956066342,0.47449461979162905
topology_0297,teacher_k20,205,0.03167588678346745,0.0316576360674703,0.0010751137171552132,3.554410731904832e-06,0.11203914196159617,0.4728648647435626
topology_0297,teacher_k20,210,0.031029189733825003,0.031011401470817396,0.001050515195098242,3.489751200139745e-06,0.11031731149366282,0.4712524589032269
topology_0297,teacher_k20,215,0.030405393052613233,0.03038804491369168,0.0010269572824742014,3.427437974669707e-06,0.10863503804248584,0.46965689035070224
topology_0297,teacher_k20,220,0.029803288541468458,0.029786359834158654,0.0010043726286015683,3.367337431610433e-06,0.1069910952679622,0.4680776708389291
topology_0297,teacher_k20,225,0.029221757395450132,0.029205228914301315,0.0009826995421595263,3.309326495749401e-06,0.10538430765984702,0.4665143341366568
topology_0297,teacher_k20,230,0.02865976150226782,0.028643615393625695,0.0009618814713959738,3.253291749192717e-06,0.10381354767827576,0.46496643469712884
topology_0297,teacher_k20,235,0.02811633559169685,0.02810055522959346,0.0009418665824114108,3.1991285441590247e-06,0.10227773325223014,0.463433546487882
topology_0297,teacher_k20,240,0.027590576512066485,0.027575146397997564,0.0009226069017874843,3.146739747056443e-06,0.10077582604183044,0.4619152612365636
topology_0297,teacher_k20,245,0.027081656941720805,0.027066562606891536,0.0009040584996774435,3.096035629298876e-06,0.09930682814134764,0.46041118783955315
topology_0297,teacher_k20,250,0.026588795893014338,0.026574023804451213,0.000886180905367158,3.046932823019691e-06,0.09786977968440295,0.45892095264167165
topology_0297,teacher_k20,255,0.02611125999948206,0.02609679747992444,0.0008689367389153995,2.999354044392797e-06,0.09646375760370407,0.45744419688104104
topology_0297,teacher_k20,260,0.02564836547792793,0.025634200645379607,0.0008522911710407466,2.9532272240792116e-06,0.09508787437981747,0.45598057625858707
topology_0297,teacher_k20,265,0.025199472884230092,0.02518559457771193,0.0008362122642544542,2.9084851337726045e-06,0.09374127558693783,0.4545297602351787
topology_0297,teacher_k20,270,0.024763981154239972,0.02475037887624482,0.0008206703852878882,2.865065182426018e-06,0.0924231384300754,0.45309143133113616
topology_0297,teacher_k20,275,0.024341327103837414,0.02432799096869275,0.000805638029390913,2.822908605152623e-06,0.09113267007694195,0.45166528429451785
topology_0297,teacher_k20,280,0.023930975087384062,0.023917895777278406,0.000791089426638591,2.7819606889845995e-06,0.08986910649126371,0.45025102537103984
topology_0297,teacher_k20,285,0.023532429362205624,0.023519598081264834,0.0007770008130402111,2.742169956881456e-06,0.08863171109113725,0.44884837221200424
topology_0297,teacher_k20,290,0.023145215674269245,0.023132624105681978,0.0007633500408150444,2.7034881057146366e-06,0.08741977319488271,0.4474570530810988
topology_0297,teacher_k20,295,0.0227688880636472,0.02275652833639307,0.0007501164062821517,2.6658697676440244e-06,0.0862326071816871,0.44607680616787754
topology_0297,teacher_k20,300,0.02240302546149119,0.02239089011713642,0.0007372805961589771,2.6292722370970966e-06,0.08506955119142355,0.4447073791512832
topology_0297,teacher_k20,305,0.02204722897224038,0.02203531093508944,0.0007248245451664431,2.5936552782068662e-06,0.08392996611937573,0.4433485287909746
topology_0297,teacher_k20,310,0.02170112027388097,0.0216894128239142,0.0007127313286859256,2.558980904250039e-06,0.08281323463167335,0.4420000204975513
topology_0297,teacher_k20,315,0.021364342301288083,0.02135283904931223,0.0007009851097360874,2.5252132607543695e-06,0.08171876024081515,0.4406616279866931
topology_0297,teacher_k20,320,0.021036555581108386,0.02102525044557871,0.0006895710304990933,2.492318402507017e-06,0.08064596615192095,0.4393331327736158
topology_0297,teacher_k20,325,0.02071743725626971,0.02070632444320447,0.0006784751044251774,2.4602642232815e-06,0.07959429461623697,0.43801432368467985
topology_0297,teacher_k20,330,0.020406680407387853,0.02039575439122999,0.0006676841781490125,2.429020238713347e-06,0.0785632060825456,0.4367049969120405
topology_0297,teacher_k20,335,0.020103992493043663,0.020093247998904912,0.0006571858654760755,2.398557527060555e-06,0.07755217850137447,0.43540495543666285
topology_0297,teacher_k20,340,0.019809095135194334,0.019798527122230368,0.0006469685108596698,2.3688486431583986e-06,0.07656070658019731,0.4341140087664609
topology_0297,teacher_k20,345,0.019521722908777794,0.01951132655442905,0.0006370211445087913,2.3398675699835215e-06,0.07558830112113908,0.4328319726710859
topology_0297,teacher_k20,350,0.01924161852033331,0.019231389213161136,0.0006273331415589303,2.311589316553762e-06,0.07463448854419788,0.4315586691942752
topology_0297,teacher_k20,355,0.01896854697116259,0.018958480283717154,0.0006178950659280827,2.2839902294742695e-06,0.07369881019893962,0.43029392537150096
topology_0297,teacher_k20,360,0.018702274219764475,0.01869236591139322,0.0006086974056019046,2.257047857799616e-06,0.07278082119029353,0.42903757379342217
topology_0297,teacher_k20,365,0.018442579522467105,0.01843282552466643,0.0005997313094422489,2.230740562546907e-06,0.07188009033992852,0.427789452793631
topology_0297,teacher_k20,370,0.01818925094428801,0.018179647348356205,0.000590988444431713,2.205047754622647e-06,0.0709961996599933,0.4265494057884829
topology_0297,teacher_k20,375,0.017942085744685244,0.017932628793171035,0.0005824608860596245,2.1799498239115647e-06,0.07012874390876964,0.42531728085367076
topology_0297,teacher_k20,380,0.0177008899145701,0.01769157599402937,0.0005741410709431574,2.1554278912421818e-06,0.06927732999923997,0.4240929306249912
topology_0297,teacher_k20,385,0.017465476164938546,0.017456301796369592,0.0005660218361169755,2.1314639750724147e-06,0.06844157660376922,0.42287621216068044
topology_0297,teacher_k20,390,0.017235666690600428,0.017226628523805187,0.0005580963433481504,2.1080407989576173e-06,0.06762111378058493,0.42166698680101544
topology_0297,teacher_k20,395,0.017011290257904,0.017002385063913907,0.0005503580918277972,2.085141828281801e-06,0.06681558227293329,0.42046512004547587
topology_0297,teacher_k20,400,0.016792181731374,0.016783406395670993,0.0005428008864196732,2.062751209131283e-06,0.06602463329295158,0.41927048129943756
topology_0297,teacher_k20,405,0.016578183169272058,0.016569534686308698,0.000535418815567914,2.0408537526766122e-06,0.06524792838864198,0.41808294351466513
topology_0297,teacher_k20,410,0.016369142414950154,0.016360617883883544,0.0005282061911350333,2.019434754519907e-06,0.06448513841973556,0.4169023836474497
topology_0297,teacher_k20,415,0.01616491305027166,0.01615650966615081,0.0005211576887043053,1.9984801327767965e-06,0.06373594371410152,0.4157286822018515
topology_0297,teacher_k20,420,0.015965353784741954,0.015957068836430728,0.0005142681294759566,1.977976415876922e-06,0.06300003377872085,0.41456172281334674
topology_0297,teacher_k20,425,0.01577032909443791,0.01576215995946889,0.0005075325857286381,1.9579106447409586e-06,0.06227710685316458,0.4134013923663278
topology_0297,teacher_k20,430,0.015579708319629718,0.01557165246099186,0.0005009463064383784,1.9382702321488166e-06,0.06156686958444947,0.41224758089666447
topology_0297,teacher_k20,435,0.015393361127700832,0.015385416086954488,0.0004945047586897224,1.919043105353357e-06,0.06086903704162348,0.4111001813207138
topology_0297,teacher_k20,440,0.0152111726690655,0.015203336067792759,0.00048820361228665675,1.9002176935864788e-06,0.06018333213322547,0.40995908932417496
topology_0297,teacher_k20,445,0.01503302464282202,0.015025294175606484,0.00048203869873043685,1.8817827608441777e-06,0.05950948473149204,0.4088242039589529
topology_0297,teacher_k20,450,0.014858802841892714,0.014851176272891054,0.0004760060212605922,1.8637275166770816e-06,0.058847232248609736,0.4076954268598218
topology_0297,teacher_k20,455,0.014688398404789754,0.01468087356519589,0.00047010174717109204,1.8460415338539182e-06,0.05819631928049736,0.4065726621599145
topology_0297,teacher_k20,460,0.014521705798336804,0.014514280583363005,0.0004643221905775765,1.8287147586121189e-06,0.05755649724751574,0.40545581638250366
topology_0297,teacher_k20,465,0.014358622973794238,0.014351295339908017,0.00045866380706722836,1.8117374759076937e-06,0.056927524263016595,0.4043447985726776
topology_0297,teacher_k20,470,0.014199051425454417,0.014191819387956526,0.0004531231840627666,1.7951003082671671e-06,0.05630916488718232,0.4032395201121013
topology_0297,teacher_k20,475,0.014042895626532447,0.014035757256833505,0.00044769704133588957,1.7787941911269163e-06,0.05570118990434837,0.40213989464809147
topology_0297,teacher_k20,480,0.013890061652257708,0.013883015077208911,0.0004423821447683435,1.762810361356084e-06,0.055103376496573805,0.40104583772999775
topology_0297,teacher_k20,485,0.013740465128773903,0.01373350852733244,0.0004371755165143342,1.7471402871630777e-06,0.05451550716337759,0.3999572670191235
topology_0297,teacher_k20,490,0.013594018587059557,0.01358715018572995,0.00043207427219402465,1.7317758166401373e-06,0.0539373697399131,0.39887410272557855
topology_0297,teacher_k20,495,0.013450638364676956,0.013443856438260229,0.00042707556436621334,1.7167090535923142e-06,0.05336875784726472,0.39779626690745745
topology_0297,teacher_k20,500,0.01331024333392478,0.013303546203277892,0.0004221766561118356,1.7019323146347272e-06,0.05280947051813946,0.39672368364208155
topology_0297,teacher_k20,505,0.013172755311709708,0.01316614134205565,0.0004173749102927484,1.6874381672589566e-06,0.05225931193898154,0.3956562787582641
topology_0297,teacher_k20,509,0.013064805842935897,0.013058257253147307,0.00041360175909048685,1.6760414643274411e-06,0.05182562938464212,0.394806034522515
topology_0297,neural,0,3.742579369754647,3.7401752130373214,0.13412566690608022,0.00014202577323337405,0.44759315634817515,0.9979681664483628
topology_0297,neural,5,1.2487977205767737,1.2481499293125082,0.040217992460003196,0.00011814149693421153,0.4286378447945253,0.6340537704320444
topology_0297,neural,10,0.7816854236055658,0.7813543498781844,0.022748170342739363,4.636712563465494e-05,0.37619683276310045,0.5704360251734444
topology_0297,neural,15,0.4555495912072645,0.4552903989311271,0.015364952902366844,3.020842740124958e-05,0.33580997034020876,0.5772956611358995
topology_0297,neural,20,0.29966183339438957,0.2994289093943375,0.011812792682466777,2.3264684762343338e-05,0.3113516723698472,0.5826337438870414
topology_0297,neural,25,0.22762861621681937,0.22742615252363493,0.009598525284838847,1.9530403973602048e-05,0.2953416146185998,0.5821798704451556
topology_0297,neural,30,0.1889774063548811,0.18880327254363008,0.008110739624637351,1.7093125238688588e-05,0.2833381804073943,0.5795285068650409
topology_0297,neural,35,0.16467803312100343,0.16452815319546474,0.007024326639659309,1.529546917447926e-05,0.2733575600145745,0.5759284365943502
topology_0297,neural,40,0.1471701613625907,0.14703951200751514,0.006199847667553599,1.3891793564301985e-05,0.26458005143758245,0.5722172514808596
topology_0297,neural,45,0.13365435056233618,0.1335391352185068,0.005548389549328779,1.2757041413111543e-05,0.2566378243322507,0.5685710911088593
topology_0297,neural,50,0.12283938707606551,0.12273675598034049,0.005020319613793946,1.1816140112845066e-05,0.24932234440228296,0.5650219208879661
topology_0297,neural,55,0.11392877672233177,0.11383655132619672,0.004583189517933825,1.1020336147054234e-05,0.24250379914658718,0.5615884721029455
topology_0297,neural,60,0.10640162371370183,0.10631809159269441,0.004215308073746735,1.0336491255038443e-05,0.23609800000315295,0.5582729472033997
topology_0297,neural,65,0.09991652582789863,0.09984033014597227,0.003901347839897036,9.741279361702195e-06,0.23004730502940762,0.5550721102670989
topology_0297,neural,70,0.09424351153595387,0.09417356856919055,0.003630201730815457,9.217647344804199e-06,0.2243096141280126,0.551978622307617
topology_0297,neural,75,0.08922162977064092,0.08915706631534319,0.003393621717221176,8.752784156245276e-06,0.2188523202823132,0.5489843783698786
topology_0297,neural,80,0.08473379978065904,0.08467390557783176,0.0031853524078527804,8.336847831349415e-06,0.2136490050292904,0.5460814147816503
topology_0297,neural,85,0.08069168892909812,0.080635880350202,0.0030005664436205176,7.962138886059091e-06,0.20867758728156627,0.5432624331364261
topology_0297,neural,90,0.07702704134535177,0.07697483411618249,0.0028354811058499017,7.622538214595723e-06,0.20391921054231188,0.5405209071538333
topology_0297,neural,95,0.0736857323245244,0.07363672073378855,0.0026870903025031524,7.313117537091283e-06,0.19935753015552088,0.5378510531722515
topology_0297,neural,100,0.07062420354209537,0.07057804468813737,0.002552975623792926,7.0298590589592205e-06,0.19497821420992348,0.5352477461029047
topology_0297,neural,105,0.06780683441029288,0.06776323611588454,0.0024311680366321245,6.7694474444501104e-06,0.19076858250495896,0.5327064412769364
topology_0297,neural,110,0.06520406995838825,0.06516278125084779,0.0023200508966629662,6.529122716303247e-06,0.1867173394346464,0.5302230915134799
topology_0297,neural,115,0.06279112243062482,0.06275192621018569,0.002218281595380122,6.306562147372969e-06,0.18281436820206742,0.527794077149384
topology_0297,neural,120,0.060547129261589165,0.060509836556800756,0.0021247363321893306,6.099796864031596e-06,0.1790505571441399,0.525416141267315
topology_0297,neural,125,0.05845424449447561,0.05841868977115724,0.002038467548638762,5.9071455895580565e-06,0.17541765425165923,0.5230863487593393
topology_0297,neural,130,0.05649711862046949,0.05646315607848018,0.0019586692605473776,5.727161074198577e-06,0.17190816552468946,0.520802041089274
topology_0297,neural,135,0.05466250984446565,0.05463001044191311,0.0018846513510036643,5.558590584627401e-06,0.16851525339185774,0.518560799774464
topology_0297,neural,140,0.05293885845766066,0.052907707458888883,0.0018158185705525179,5.400342678796501e-06,0.1652326598948225,0.5163604175186031
topology_0297,neural,145,0.051316051530297266,0.051286146499401684,0.0017516547388630001,5.251461898345247e-06,0.16205464088105684,0.5141988717307593
topology_0297,neural,150,0.04978519476362454,0.0497564439081028,0.0016917095342959862,5.111107580548557e-06,0.1589759082667582,0.5120743031251717
topology_0297,neural,155,0.048338437022693664,0.048310757806949406,0.0016355883129215555,4.978537220811389e-06,0.15599158011848924,0.5099849974295504
topology_0297,neural,160,0.04696880552952721,0.046942123520851614,0.001582943041034866,4.853091241570712e-06,0.1530971376860753,0.5079293693253096
topology_0297,neural,165,0.045670075092858815,0.04564432297081329,0.0015334657188734973,4.734183042783735e-06,0.15028838957653662,0.5059059492860194
topology_0297,neural,170,0.04443672591385329,0.0444118426351772,0.0014868834301516487,4.621289481047851e-06,0.14756143878633735,0.5039133710004065
topology_0297,neural,175,0.04326377617222973,0.04323970626867249,0.0014429518717069306,4.513940113612533e-06,0.14491265196429298,0.5019503618160756
topology_0297,neural,180,0.04214676116832946,0.04212345411898656,0.0014014530326163625,4.411712661618687e-06,0.1423386366964313,0.5000157332793349
topology_0297,neural,185,0.041081637212991615,0.04105904691015848,0.0013621909986140357,4.314227451898908e-06,0.1398362194843118,0.4981083766621908
topology_0297,neural,190,0.040064744684644445,0.04004282893944634,0.001324990322209311,4.22114136653454e-06,0.13740242763285307,0.49622725227286
topology_0297,neural,195,0.03909279393636426,0.03907151411943129,0.0012896918591311774,4.132143554072384e-06,0.13503447105796132,0.4943713835159349
topology_0297,neural,200,0.038162775653845134,0.03814209631398933,0.0012561520617553308,4.046952403039259e-06,0.1327297254307586,0.49253985098047237
topology_0297,neural,205,0.03727196382644692,0.03725185237067364,0.0012242412792432336,3.965312179036297e-06,0.13048571918073332,0.49073178902539694
topology_0297,neural,210,0.036417855910040924,0.03639828231144684,0.0011938420130095412,3.886990077586766e-06,0.12830012185844938,0.48894638165453624
topology_0297,neural,215,0.03559816941446255,0.03557910597616025,0.0011648472296036142,3.8117738859975123e-06,0.12617073368854256,0.4871828580530321
topology_0297,neural,220,0.034810776735850604,0.034792197863959574,0.0011371590762482015,3.739469329853728e-06,0.12409547894397585,0.48544048932010303
topology_0297,neural,225,0.03405382881241121,0.03403571085358727,0.0011106889788998534,3.6698991514203115e-06,0.12207238982541298,0.48371858398600426
topology_0297,neural,230,0.033325554112924156,0.0333078751507966,0.001085355652074778,3.6029003631624825e-06,0.12009959668034478,0.48201648637659705
topology_0297,neural,235,0.03262432566633783,0.03260706535982184,0.001061084955996379,3.5383235361919537e-06,0.1181753264681595,0.48033357504974294
topology_0297,neural,240,0.03194864339080082,0.03193178283653506,0.0010378088986575283,3.4760312311934726e-06,0.11629789556067012,0.4786692591842022
topology_0297,neural,245,0.03129711603594173,0.031280637636786665,0.0010154651815277272,3.4158968874844525e-06,0.11446570371500392,0.4770229764999449
topology_0297,neural,250,0.030668469114435905,0.030652356478302476,0.0009939964161561992,3.3578036747189915e-06,0.1126772287430145,0.47539419185673176
topology_0297,neural,255,0.030061517793074692,0.030045755623733537,0.0009733499480559399,3.3016435983838324e-06,0.11093101956559627,0.4737823945476954
topology_0297,neural,260,0.02947516149285725,0.029459735496011295,0.0009534773148851312,3.2473168325895573e-06,0.10922569246843172,0.472187097345634
topology_0297,neural,265,0.028908378044845924,0.028893274840190185,0.0009343339802533262,3.1947310443696855e-06,0.10755992684151841,0.4706078351704492
topology_0297,neural,270,0.028360215170262413,0.0283454222237581,0.0009158785820094991,3.1437999924048934e-06,0.10593246114002082,0.46904416338844696
topology_0297,neural,275,0.02782978418450246,0.027815289739222697,0.0008980728831735144,3.0944440279188627e-06,0.10434208960685226,0.46749565658940034
topology_0297,neural,280,0.027316257570852116,0.027302050580103814,0.0008808816701950404,3.046588729609489e-06,0.10278765857783084,0.4659619078179409
topology_0297,neural,285,0.026818860785782907,0.026804930857016237,0.0008642722932005843,3.000164814452952e-06,0.10126806348243028,0.4644425271598377
topology_0297,neural,290,0.026336864642571553,0.02632320198398071,0.000848214465231854,2.9551075920159665e-06,0.09978224615441719,0.4629371407677376
topology_0297,neural,295,0.025869592499609143,0.025856187878826077,0.0008326800073756598,2.9113566863507093e-06,0.09832919296196845,0.4614453893391318
topology_0297,neural,300,0.025416414727346813,0.025403259426790985,0.0008176428666075308,2.868855560273826e-06,0.09690793019920531,0.4599669288446534
topology_0297,neural,305,0.024976729991799177,0.024963815766559202,0.0008030787392817337,2.8275508974662394e-06,0.09551752284004247,0.4585014290129736
topology_0297,neural,310,0.024549971478634514,0.024537290528947528,0.0007889647205233429,2.7873929721060347e-06,0.0941570732858743,0.4570485724604192
topology_0297,neural,315,0.024135609127506234,0.024123154060146416,0.00077527968686091,2.748334982135635e-06,0.09282571900079135,0.4556080539107949
topology_0297,neural,320,0.02373314249963539,0.023720906298903777,0.0007620038849785709,2.710332840321146e-06,0.09152263055383371,0.4541795794997421
topology_0297,neural,325,0.02334209982140564,0.023330075823908804,0.0007491187998956109,2.6733450371011257e-06,0.09024700994245502,0.45276286635501084
topology_0297,neural,330,0.022962035655057698,0.02295021752586871,0.0007366070756703884,2.637332365497904e-06,0.08899808885108734,0.4513576419129488
topology_0297,neural,335,0.022592525165350628,0.02258090687343894,0.0007244524472549338,2.602257861433672e-06,0.08777512739480536,0.44996364352629575
topology_0297,neural,340,0.02223317158291481,0.02222174738097057,0.0007126397242576839,2.5680864909544807e-06,0.0865774128103356,0.44858061814606925
topology_0297,neural,345,0.02188359258685598,0.021872356991699822,0.0007011545550037702,2.5347850522818805e-06,0.08540425793697053,0.44720832160970053
topology_0297,neural,350,0.02154343100973356,0.02153237878796026,0.0006899834355490744,2.5023221702489497e-06,0.08425500032478095,0.44584651810334935
topology_0297,neural,355,0.021212346354984625,0.021201472505108544,0.0006791136832336462,2.4706680382184394e-06,0.0831290003207411,0.4444949802597373
topology_0297,neural,360,0.020890013172750802,0.02087931290989962,0.000668533331708176,2.439794336879009e-06,0.0820256405621545,0.44315348850535785
topology_0297,neural,365,0.02057612111691878,0.020565589859202864,0.0006582310799664175,2.409674167819516e-06,0.08094432513049221,0.4418218305908698
topology_0297,neural,370,0.02027037805492072,0.020260011412132132,0.0006481962696169779,2.380281901962221e-06,0.07988447839262429,0.440499801328407
topology_0297,neural,375,0.01997250390362071,0.019962297666948077,0.0006384187546694816,2.3515931285157098e-06,0.07884554382431058,0.4391872023302715
topology_0297,neural,380,0.019682228045003337,0.01967217817988477,0.0006288887622916141,2.3235844401700304e-06,0.07782698342459816,0.4378838426473916
topology_0297,neural,385,0.01939929994851352,0.019389402559163698,0.0006195979489986238,2.296233808684845e-06,0.07682827738393193,0.43658953567178543
topology_0297,neural,390,0.019123473150322666,0.019113724504629132,0.0006105372564636471,2.2695201518940856e-06,0.07584892275716976,0.43530410039543366
topology_0297,neural,395,0.018854515839047663,0.01884491234904906,0.0006016984698425642,2.243422961576811e-06,0.0748884324994254,0.43402736295992506
topology_0297,neural,400,0.01859220475071416,0.018582742959261885,0.0005930739273474617,2.217922827563864e-06,0.07394633512875605,0.4327591551157915
topology_0297,neural,405,0.018336326169972154,0.018327002746026666,0.0005846562660934959,2.1930012166685938e-06,0.07302217425597216,0.4314993134431732
topology_0297,neural,410,0.018086675642156325,0.018077487374739448,0.000576438459600008,2.168640303950034e-06,0.07211550786178916,0.43024767944010267
topology_0297,neural,415,0.017843057265209475,0.017834001056284476,0.0005684138401928534,2.144823049912393e-06,0.07122590768853904,0.4290040994137163
topology_0297,neural,420,0.017605283306559957,0.017596356165555285,0.0005605760414615086,2.1215330927412247e-06,0.07035295868144825,0.427768424268049
topology_0297,neural,425,0.01737317375123791,0.01736437278964679,0.0005529189887358338,2.0987547161780783e-06,0.06949625846010309,0.4265405093183658
topology_0297,neural,430,0.017146555395934866,0.01713787782199869,0.0005454368821130384,2.0764728190290195e-06,0.0686554168138753,0.42532021411367144
topology_0297,neural,435,0.016925261496916796,0.016916704611585443,0.0005381241508211604,2.054672898045897e-06,0.06783005530374334,0.42410740233716676
topology_0297,neural,440,0.016709131232367603,0.01670069242615785,0.0005309754164563102,2.0333409905314186e-06,0.06701980689065709,0.4229019420717592
topology_0297,neural,445,0.016498013687556906,0.016489690426406852,0.0005239859025501896,2.012463720667254e-06,0.06622431534803161,0.4217037041654711
topology_0297,neural,450,0.01629175927052221,0.016283549105535335,0.0005171505468325704,1.9920282170575135e-06,0.06544323486568199,0.4205125633987909
topology_0297,neural,455,0.016090226046827857,0.016082126604919606,0.0005104647024858445,1.972021945206908e-06,0.06467622964521304,0.41932839846940384
topology_0297,neural,460,0.01589327678116799,0.015885285760887963,0.00050392392853409,1.9524329215681423e-06,0.06392297362140721,0.4181510914134973
topology_0297,neural,465,0.01570077942651633,0.01569289459499254,0.0004975239623556635,1.9332496331980396e-06,0.06318315012442662,0.41698052741949476
topology_0297,neural,470,0.01551260241934299,0.015504821608082484,0.000491260681292526,1.9144608946093626e-06,0.062456451754463495,0.4158165946758388
topology_0297,neural,475,0.0153286293964554,0.015320950503459125,0.0004851301365655225,1.896055946779819e-06,0.061742580004618054,0.41465918412319974
topology_0297,neural,480,0.015148741495055674,0.015141162478375216,0.0004791285427613723,1.8780243777212198e-06,0.06104124390562636,0.4135081902393065
topology_0297,neural,485,0.014972823488364687,0.014965342363396977,0.0004732522573808643,1.860356160860936e-06,0.06035216078287125,0.4123635102582823
topology_0297,neural,490,0.014800764292083136,0.01479337912932132,0.00046749777449856813,1.8430416115240367e-06,0.05967505592641908,0.4112250440372422
topology_0297,neural,495,0.014632457933800407,0.014625166857254821,0.0004618617188693568,1.8260713503389635e-06,0.0590096622433498,0.410092694029617
topology_0297,neural,500,0.014467801444393608,0.014460602628708505,0.00045634085388727,1.8094363211274805e-06,0.058355719808056976,0.40896636509387485
topology_0297,neural,505,0.01430669491182663,0.0142995865807635,0.0004509320392556987,1.793127778304514e-06,0.05771297588249066,0.4078459646620958
topology_0297,neural,510,0.014149042190925982,0.014142022615188479,0.0004456322630648312,1.7771372446558427e-06,0.05708118457444915,0.4067314024933551
topology_0297,neural,515,0.013994750336126434,0.013987817831691283,0.0004404386168370607,1.761456516984762e-06,0.05646010657496047,0.40562259060787514
topology_0297,neural,520,0.013843729413670167,0.013836882340069145,0.00043534829414167256,1.7460776531579278e-06,0.055849508950956674,0.40451944324803907
topology_0297,neural,525,0.01369589244711194,0.013689129205680342,0.00043035859084119573,1.730992965981727e-06,0.05524916493634071,0.40342187679679314
topology_0297,neural,530,0.013551152317258734,0.013544471349875358,0.00042546684080781145,1.7161950074516718e-06,0.05465885400339494,0.40232980952648745
topology_0297,neural,535,0.013409432619425538,0.013402832409159043,0.00042067052571662344,1.7016765119540612e-06,0.05407836117107458,0.4012431613252898
topology_0297,neural,540,0.013270653559452112,0.013264132623514068,0.00041596729848289123,1.6874304980092395e-06,0.05350747648574454,0.40016185483169975
topology_0297,neural,545,0.013134737232383398,0.013128294124064964,0.00041135478040780745,1.673450229377676e-06,0.052945995882351604,0.399085814727911
topology_0297,neural,548,0.013054530286452691,0.013048133194944238,0.0004086298496898305,1.6651868822885028e-06,0.05261353860928279,0.3984426877762111
topology_0297,neural_t1,0,3.0093107969575614,3.008016864311772,0.08823793867324826,0.0002878889184409515,0.4480455257398117,0.898716834475402
topology_0297,neural_t1,5,1.1663815405238982,1.1658899337518682,0.033860779771411165,8.968968210416956e-05,0.41895010281087025,0.6029726631791432
topology_0297,neural_t1,10,0.709372100404361,0.7090658456684504,0.020842304200756515,4.1160459881640526e-05,0.366550161487888,0.57149886151326
topology_0297,neural_t1,15,0.41445098846520606,0.4141991620824435,0.014445593274718683,2.8371278183836562e-05,0.32990436459740013,0.5786762158800663
topology_0297,neural_t1,20,0.28089197347832723,0.2806648540885286,0.011293358432524138,2.2345666265234655e-05,0.30766585659748175,0.5828854779464682
topology_0297,neural_t1,25,0.2180947904035416,0.21789826388567946,0.00925655642568536,1.897128491029338e-05,0.2927086980762682,0.5817811826224034
topology_0297,neural_t1,30,0.18332206252952718,0.1831531914193979,0.007866816657726221,1.669260333909748e-05,0.28121734397897097,0.578841915626874
topology_0297,neural_t1,35,0.1607635393750445,0.1606178715527587,0.006842127271855408,1.4988286477241317e-05,0.2715211352395516,0.5751858482112251
topology_0297,neural_t1,40,0.14419969807298372,0.14407240533331378,0.006057619961111041,1.3646235795952452e-05,0.26293298552295524,0.5714809888105438
topology_0297,neural_t1,45,0.1313055971222553,0.13119310046940633,0.005434157452932968,1.2555199328312019e-05,0.255129601695464,0.5678526857659626
topology_0297,neural_t1,50,0.12092494374365069,0.12082455144548164,0.0049264238306937205,1.1646613858571705e-05,0.24792208354474396,0.5643258187745778
topology_0297,neural_t1,55,0.11232562189190197,0.1122352592858102,0.004504640737469101,1.0875468793043467e-05,0.24119175697523063,0.5609159169333046
topology_0297,neural_t1,60,0.10502988304534333,0.10494791700806064,0.00414860746801052,1.0210978684779535e-05,0.23486097434959682,0.5576238312265835
topology_0297,neural_t1,65,0.09872290076941306,0.09864803479418799,0.0038439920408808808,9.631287775715055e-06,0.22887587997874875,0.5544450723833174
topology_0297,neural_t1,70,0.09319130554379214,0.09312250251573688,0.0035803450926806825,9.120324673795953e-06,0.2231966432769966,0.5513720984944841
topology_0297,neural_t1,75,0.08828450975248028,0.08822093245846925,0.0033498751163596337,8.665955833480349e-06,0.21779209951207978,0.5483967270545738
topology_0297,neural_t1,80,0.08389214136282486,0.0838331074394284,0.0031466508038362016,8.258823415191516e-06,0.21263681382395186,0.5455111200560868
topology_0297,neural_t1,85,0.07993047696370731,0.07987542462685894,0.0029660792382605267,7.891582935688943e-06,0.20770942443114176,0.5427081267925675
topology_0297,neural_t1,90,0.07633443540257112,0.07628289754405466,0.0028045522607822388,7.558379901036027e-06,0.20299162380145333,0.5399813753856976
topology_0297,neural_t1,95,0.07305228227407816,0.07300386687709311,0.0026591942042017156,7.2544882000840385e-06,0.19846750534377655,0.537325221347811
topology_0297,neural_t1,100,0.07004222138920364,0.0699965965801923,0.0025276858307207786,6.976044531181295e-06,0.19412309309070175,0.5347346611444957
topology_0297,neural_t1,105,0.06726996714384305,0.06722684967117755,0.0024081357241990593,6.719855325512027e-06,0.18994600237864345,0.5322052564842998
topology_0297,neural_t1,110,0.06470701003797592,0.06466615621723816,0.0022989880621355424,6.483257148737976e-06,0.18592518832900734,0.5297330509547336
topology_0297,neural_t1,115,0.06232941690491074,0.06229061569315701,0.0021989472562711026,6.2640030458158185e-06,0.1820507488852531,0.5273145019791382
topology_0297,neural_t1,120,0.06011698982215091,0.060080057277803356,0.002106928106651656,6.060186928587545e-06,0.17831375406923367,0.5249464200669026
topology_0297,neural_t1,125,0.05805240729330515,0.058017182093203876,0.002022013860690116,5.870177986900164e-06,0.1747061110316542,0.5226259291063067
topology_0297,neural_t1,130,0.05612078866296893,0.05608712858199153,0.0019434235707658006,5.692570943274805e-06,0.17122046514769534,0.5203504210114281
topology_0297,neural_t1,135,0.05430924582400039,0.054277024861279506,0.0018704875411086916,5.5261475778604224e-06,0.16785010002014145,0.5181175218376124
topology_0297,neural_t1,140,0.05260653051088841,0.05257563653811691,0.00180262757374292,5.369845590919678e-06,0.1645888655862565,0.5159250631622123
topology_0297,neural_t1,145,0.05100278940084119,0.050973122233583336,0.0017393415851354901,5.222734001238863e-06,0.1614311132171058,0.5137710566767664
topology_0297,neural_t1,150,0.049489350444000456,0.049460820244236585,0.0016801911466910147,5.083993053149625e-06,0.15837163986528627,0.5116536734418926
topology_0297,neural_t1,155,0.048058549642115804,0.04803107558124865,0.0016247915807546605,4.952897825303756e-06,0.1554056394107572,0.5095712262041467
topology_0297,neural_t1,160,0.0467035748171265,0.04667708396049179,0.0015728033337906058,4.828804174963364e-06,0.15252866120398983,0.5075221538182961
topology_0297,neural_t1,165,0.045418341607769634,0.04539276794904575,0.0015239258936419458,4.711138978256587e-06,0.14973657558036832,0.5055050082942998
topology_0297,neural_t1,170,0.04419745285210003,0.04417273651739266,0.0014778924264702438,4.599390260565004e-06,0.14702554013886854,0.5035184428654579
topology_0297,neural_t1,175,0.04303603396172015,0.043012120522868603,0.0014344640436869988,4.493097560738186e-06,0.14439197178128538,0.501561202217647
topology_0297,neural_t1,180,0.04192970708957347,0.04190654694453484,0.0013934276136922073,4.39184778990239e-06,0.1418325233175426,0.4996321144232623
topology_0297,neural_t1,185,0.040874509891309564,0.04085205775605806,0.0013545912671828462,4.295268650036686e-06,0.13934406283566736,0.49773008532317115
topology_0297,neural_t1,190,0.039866859704233176,0.03984507412902132,0.0013177832387744194,4.203024125784041e-06,0.13692365579189164,0.4958540882989902
topology_0297,neural_t1,195,0.03890352715367153,0.038882370172548655,0.0012828475473337356,4.114809328111074e-06,0.13456854625806633,0.4940031585573192
topology_0297,neural_t1,200,0.0379815600717619,0.03796099683020038,0.0012496435086329276,4.030348051802569e-06,0.13227614157838913,0.4921763877340538
topology_0297,neural_t1,205,0.03709828207733454,0.037078280517904905,0.0012180440580527388,3.9493893784512975e-06,0.1300439992032457,0.4903729204827965
topology_0297,neural_t1,210,0.03625123535770554,0.036231765936216194,0.0011879339682434305,3.871704841761428e-06,0.12786981574348438,0.488591950145519
topology_0297,neural_t1,215,0.03543816490373893,0.03541920035925719,0.0011592080216803928,3.7970858999982747e-06,0.1257514163013241,0.48683271454654775
topology_0297,neural_t1,220,0.03465701047186032,0.03463852561698546,0.0011317703167627192,3.725341963005689e-06,0.12368674915256629,0.48509449268616267
topology_0297,neural_t1,225,0.03390593397138317,0.03388790551263105,0.0011055338394937962,3.6562986459385287e-06,0.1216738655973353,0.4833766002005117
topology_0297,neural_t1,230,0.03318319449391695,0.033165600842293565,0.0010804187633239194,3.5897958042255894e-06,0.11971091592553632,0.4816783885367491
topology_0297,neural_t1,235,0.03248719138009938,0.032470012492528295,0.0010563522479714123,3.5256865154679864e-06,0.11779614551744742,0.47999924263665855
topology_0297,neural_t1,240,0.03181644856544096,0.03179966581077769,0.001033267459107416,3.4638355893301997e-06,0.11592788785769065,0.4783385774969552
topology_0297,neural_t1,245,0.031169595320935498,0.031153191349075456,0.0010111031850169542,3.404118537895729e-06,0.11410455880917328,0.4766958364022567
topology_0297,neural_t1,250,0.03054537961928316,0.03052933826689688,0.0009898029465379692,3.346420313561697e-06,0.11232465086484618,0.4750704893396231
topology_0297,neural_t1,255,0.029942632764846197,0.029926938942992976,0.0009693149975807359,3.290634642310379e-06,0.11058672672324267,0.47346203028737066
topology_0297,neural_t1,260,0.029360270325287756,0.02934490992950348,0.0009495916634596449,3.2366632355147068e-06,0.10888941561987743,0.47186997661883173
topology_0297,neural_t1,265,0.028797285334203705,0.028782245158036585,0.0009305891369043099,3.1844150858555926e-06,0.10723140907325493,0.4702938674720365
topology_0297,neural_t1,270,0.02825273769451725,0.028238005365184244,0.000912266633329395,3.1338052554094655e-06,0.10561145694607674,0.46873326210745175
topology_0297,neural_t1,275,0.027725752042782124,0.027711315950442194,0.0008945865619886296,3.084755202053267e-06,0.10402836419644118,0.4671877389090401
topology_0297,neural_t1,280,0.027215511721048514,0.027201360954090724,0.000877514250177963,3.037191568421599e-06,0.10248098719749935,0.4656568944257351
topology_0297,neural_t1,285,0.026721252436278965,0.026707376726692086,0.0008610175349748604,2.9910460341981165e-06,0.10096823086507806,0.4641403420324045
topology_0297,neural_t1,290,0.02624225252628845,0.02622864219650489,0.0008450665658980033,2.9462547618786715e-06,0.09948904610070565,0.46263771092398503
topology_0297,neural_t1,295,0.02577784914730407,0.025764495072409802,0.0008296335931789314,2.902758228451372e-06,0.09804242764364528,0.4611486447178453
topology_0297,neural_t1,300,0.025327417206000215,0.025314310765271155,0.0008146929627835136,2.860500552759185e-06,0.09662740954804752,0.45967280236722347
topology_0297,neural_t1,305,0.02489036159791084,0.024877494638290667,0.0008002206241987112,2.8194291111107613e-06,0.09524306439579908,0.4582098561763236
topology_0297,neural_t1,310,0.024466123736238354,0.02445348854199842,0.0007861940458222953,2.779494827439654e-06,0.09388850181563668,0.4567594912756819
topology_0297,neural_t1,315,0.024054179679854057,0.024041768935528764,0.0007725923958839244,2.7406514501452036e-06,0.09256286602051707,0.4553214047047869
topology_0297,neural_t1,320,0.023654034708258775,0.02364184147040854,0.0007593961826045094,2.70285541959732e-06,0.09126533400795182,0.45389530483498375
topology_0297,neural_t1,325,0.02326522260100659,0.023253240273946204,0.0007465871205745826,2.6660657072424123e-06,0.08999511384838489,0.4524809109221444
topology_0297,neural_t1,330,0.02288730244462052,0.022875524756020994,0.0007341480845321775,2.6302435548013296e-06,0.08875144296828558,0.45107795237880766
topology_0297,neural_t1,335,0.022519854428800678,0.022508275405970682,0.0007220630218303866,2.595352426188904e-06,0.08753358708565764,0.44968616854992616
topology_0297,neural_t1,340,0.022162485857711682,0.022151099807737204,0.0007103169295336459,2.561357638570179e-06,0.08634083860319981,0.4483053081944068
topology_0297,neural_t1,345,0.021814817929941607,0.02180361942040112,0.0006988956251692548,2.5282263678730214e-06,0.08517251542921156,0.44693512886132947
topology_0297,neural_t1,350,0.021476498560676256,0.02146548240623919,0.000687785769342968,2.4959275706962996e-06,0.08402795978569627,0.44557539641588506
topology_0297,neural_t1,355,0.02114718974070958,0.021136350984362364,0.0006769748311369895,2.4644317443390648e-06,0.08290653652261053,0.4442258851179559
topology_0297,neural_t1,360,0.02082656906756941,0.020815902966027727,0.0006664509825998148,2.4337108559616265e-06,0.08180763262895706,0.44288637687948496
topology_0297,neural_t1,365,0.020514329749909944,0.020503831760446987,0.0006562030549821963,2.40373828471136e-06,0.08073065636833858,0.441556660894045
topology_0297,neural_t1,370,0.020210182403357254,0.0201998481726492,0.0006462205047006282,2.374488632302636e-06,0.07967503598745121,0.4402365333307442
topology_0297,neural_t1,375,0.019913849106266163,0.01990367446201685,0.0006364932315209606,2.345937715401535e-06,0.0786402186913782,0.43892579725632863
topology_0297,neural_t1,380,0.019625062649078606,0.019615043585660723,0.000627011753859105,2.3180623406556887e-06,0.07762567020440182,0.4376242629251316
topology_0297,neural_t1,385,0.019343574063944817,0.01933370671684835,0.0006177676798439478,2.290840791621546e-06,0.07663087415318542,0.436331744546491
topology_0297,neural_t1,390,0.01906913939586112,0.019059420064112632,0.0006087519951884414,2.2642520327623226e-06,0.0756553308676645,0.43504806253327727
topology_0297,neural_t1,395,0.018801528898949933,0.01879195402111553,0.0005999566621438342,2.2382757740901953e-06,0.07469855641062159,0.43377304432358077
topology_0297,neural_t1,400,0.01854052110183913,0.01853108724649713,0.0005913740724440397,2.2128928000971743e-06,0.07376008238183848,0.4325065226306626
topology_0297,neural_t1,405,0.018285904211269494,0.018276608071797526,0.0005829969347382204,2.1880847345632745e-06,0.07283945531767345,0.4312483350149221
topology_0297,neural_t1,410,0.018037475516380626,0.018028313905005797,0.0005748182881814797,2.163833892177065e-06,0.07193623599781424,0.429998323952661
topology_0297,neural_t1,415,0.017795040800128753,0.01778601064068407,0.0005668315336957464,2.1401233870550964e-06,0.07104999884920896,0.4287563366865655
topology_0297,neural_t1,420,0.01755841387459076,0.01754951219737614,0.0005590303606650102,2.1169369838110807e-06,0.07018033139341256,0.4275222250164479
topology_0297,neural_t1,425,0.017327416229172478,0.01731864016545613,0.0005514087526674741,2.0942590904419916e-06,0.06932683372208596,0.42629584512034235
topology_0297,neural_t1,430,0.01710187586833814,0.01709322264512546,0.0005439609606607335,2.072074730342169e-06,0.06848911800975538,0.42507705737261176
topology_0297,neural_t1,435,0.01688162684686611,0.016873093783940817,0.0005366814242669343,2.050369519902125e-06,0.0676668081069053,0.42386572632926606
topology_0297,neural_t1,440,0.01666651166418654,0.0166580961669121,0.0005295649431446793,2.029129578411699e-06,0.06685953924798785,0.42266172077457487
topology_0297,neural_t1,445,0.01645637837056396,0.016448077921985563,0.0005226066532488169,2.008341689073967e-06,0.06606695725374308,0.42146491217319226
topology_0297,neural_t1,450,0.016251079392190806,0.016242891559350367,0.0005158015610262773,1.9879930144591475e-06,0.0652887183734014,0.4202751761669562
topology_0297,neural_t1,455,0.016050473779453255,0.016042396203730113,0.0005091450816399268,1.9680711363676536e-06,0.06452448877081572,0.41909239214740107
topology_0297,neural_t1,460,0.015854425287389475,0.01584645568139603,0.0005026328024155662,1.94856416248315e-06,0.06377394429248226,0.4179164427885597
topology_0297,neural_t1,465,0.015662802921393694,0.01565493906555476,0.0004962605015189914,1.9294606744997954e-06,0.06303677010017841,0.416747213904668
topology_0297,neural_t1,470,0.015475475294229882,0.015467715032791981,0.0004900240766500582,1.910749541913017e-06,0.062312660706903535,0.4155845942128187
topology_0297,neural_t1,475,0.015292328766367526,0.015284670010126185,0.0004839196203577558,1.8924200884897637e-06,0.06160131909580021,0.41442847533831473
topology_0297,neural_t1,480,0.015113243905102639,0.01510568462373474,0.00047794337507502224,1.8744619810029829e-06,0.06090245594645609,0.4132787523738529
topology_0297,neural_t1,485,0.014938106459715383,0.014930644679815542,0.0004720917272497353,1.8568652616860656e-06,0.060215790203209156,0.4121353230699742
topology_0297,neural_t1,490,0.014766806103017819,0.014759439905911158,0.0004663611944817442,1.8396203107044355e-06,0.059541048715974494,0.41099808782086583
topology_0297,neural_t1,495,0.014599237919691874,0.01459196543975163,0.00046074843305540786,1.8227178094465874e-06,0.05887796584605415,0.40986694955395675
topology_0297,neural_t1,500,0.014435299264512931,0.014428118686326458,0.0004552502247682828,1.8061487689691474e-06,0.05822628310728478,0.4087418136478262
topology_0297,neural_t1,505,0.014274891081802863,0.014267800638675377,0.00044986345549647723,1.7899044969635464e-06,0.057585749162788746,0.4076225880148622
topology_0297,neural_t1,510,0.014117917872652775,0.01411091584447877,0.00044458513471980985,1.7739765725394247e-06,0.056956119454284644,0.4065091828696691
topology_0297,neural_t1,515,0.013964287301504489,0.013957372013111837,0.0004394123743629377,1.7583568447148944e-06,0.05633715596411093,0.4054015106797413
topology_0297,neural_t1,520,0.013813910035487511,0.013807079854903623,0.00043434238876456795,1.743037423291868e-06,0.05572862700953506,0.40429948612413197
topology_0297,neural_t1,525,0.013666699203510197,0.013659952540014963,0.0004293724929988489,1.72801066890522e-06,0.05513030703304708,0.4032030260034799
topology_0297,neural_t1,530,0.013522569262145075,0.013515904566464171,0.00042450001702292226,1.713269180206777e-06,0.05454197679529935,0.40211204887701635
topology_0297,neural_t1,535,0.013381444108481582,0.013374859870564785,0.00041972250979835813,1.6988057285227722e-06,0.05396342219376112,0.40102647512272044
topology_0297,neural_t1,540,0.013243243696455064,0.013236738440621119,0.00041503761318422783,1.6846133973365958e-06,0.05339443447123352,0.3999462278831203
topology_0297,neural_t1,545,0.013107890910275791,0.01310146319702473,0.00041044295767788227,1.6706854833179646e-06,0.052834810676056304,0.3988712321536431
topology_0297,neural_t1,547,0.013054530286452691,0.013048133194944238,0.0004086298496898305,1.6651868822885028e-06,0.05261353860928279,0.3984426877762111
topology_0297,neural_t5,0,1.2487977205767737,1.2481499293125082,0.040217992460003196,0.00011814149693421153,0.4286378447945253,0.6340537704320444
topology_0297,neural_t5,5,0.7816854236055658,0.7813543498781844,0.022748170342739363,4.636712563465494e-05,0.37619683276310045,0.5704360251734444
topology_0297,neural_t5,10,0.4555495912072645,0.4552903989311271,0.015364952902366844,3.020842740124958e-05,0.33580997034020876,0.5772956611358995
topology_0297,neural_t5,15,0.29966183339438957,0.2994289093943375,0.011812792682466777,2.3264684762343338e-05,0.3113516723698472,0.5826337438870414
topology_0297,neural_t5,20,0.22762861621681937,0.22742615252363493,0.009598525284838847,1.9530403973602048e-05,0.2953416146185998,0.5821798704451556
topology_0297,neural_t5,25,0.1889774063548811,0.18880327254363008,0.008110739624637351,1.7093125238688588e-05,0.2833381804073943,0.5795285068650409
topology_0297,neural_t5,30,0.16467803312100343,0.16452815319546474,0.007024326639659309,1.529546917447926e-05,0.2733575600145745,0.5759284365943502
topology_0297,neural_t5,35,0.1471701613625907,0.14703951200751514,0.006199847667553599,1.3891793564301985e-05,0.26458005143758245,0.5722172514808596
topology_0297,neural_t5,40,0.13365435056233618,0.1335391352185068,0.005548389549328779,1.2757041413111543e-05,0.2566378243322507,0.5685710911088593
topology_0297,neural_t5,45,0.12283938707606551,0.12273675598034049,0.005020319613793946,1.1816140112845066e-05,0.24932234440228296,0.5650219208879661
topology_0297,neural_t5,50,0.11392877672233177,0.11383655132619672,0.004583189517933825,1.1020336147054234e-05,0.24250379914658718,0.5615884721029455
topology_0297,neural_t5,55,0.10640162371370183,0.10631809159269441,0.004215308073746735,1.0336491255038443e-05,0.23609800000315295,0.5582729472033997
topology_0297,neural_t5,60,0.09991652582789863,0.09984033014597227,0.003901347839897036,9.741279361702195e-06,0.23004730502940762,0.5550721102670989
topology_0297,neural_t5,65,0.09424351153595387,0.09417356856919055,0.003630201730815457,9.217647344804199e-06,0.2243096141280126,0.551978622307617
topology_0297,neural_t5,70,0.08922162977064092,0.08915706631534319,0.003393621717221176,8.752784156245276e-06,0.2188523202823132,0.5489843783698786
topology_0297,neural_t5,75,0.08473379978065904,0.08467390557783176,0.0031853524078527804,8.336847831349415e-06,0.2136490050292904,0.5460814147816503
topology_0297,neural_t5,80,0.08069168892909812,0.080635880350202,0.0030005664436205176,7.962138886059091e-06,0.20867758728156627,0.5432624331364261
topology_0297,neural_t5,85,0.07702704134535177,0.07697483411618249,0.0028354811058499017,7.622538214595723e-06,0.20391921054231188,0.5405209071538333
topology_0297,neural_t5,90,0.0736857323245244,0.07363672073378855,0.0026870903025031524,7.313117537091283e-06,0.19935753015552088,0.5378510531722515
topology_0297,neural_t5,95,0.07062420354209537,0.07057804468813737,0.002552975623792926,7.0298590589592205e-06,0.19497821420992348,0.5352477461029047
topology_0297,neural_t5,100,0.06780683441029288,0.06776323611588454,0.0024311680366321245,6.7694474444501104e-06,0.19076858250495896,0.5327064412769364
topology_0297,neural_t5,105,0.06520406995838825,0.06516278125084779,0.0023200508966629662,6.529122716303247e-06,0.1867173394346464,0.5302230915134799
topology_0297,neural_t5,110,0.06279112243062482,0.06275192621018569,0.002218281595380122,6.306562147372969e-06,0.18281436820206742,0.527794077149384
topology_0297,neural_t5,115,0.060547129261589165,0.060509836556800756,0.0021247363321893306,6.099796864031596e-06,0.1790505571441399,0.525416141267315
topology_0297,neural_t5,120,0.05845424449447561,0.05841868977115724,0.002038467548638762,5.9071455895580565e-06,0.17541765425165923,0.5230863487593393
topology_0297,neural_t5,125,0.05649711862046949,0.05646315607848018,0.0019586692605473776,5.727161074198577e-06,0.17190816552468946,0.520802041089274
topology_0297,neural_t5,130,0.05466250984446565,0.05463001044191311,0.0018846513510036643,5.558590584627401e-06,0.16851525339185774,0.518560799774464
topology_0297,neural_t5,135,0.05293885845766066,0.052907707458888883,0.0018158185705525179,5.400342678796501e-06,0.1652326598948225,0.5163604175186031
topology_0297,neural_t5,140,0.051316051530297266,0.051286146499401684,0.0017516547388630001,5.251461898345247e-06,0.16205464088105684,0.5141988717307593
topology_0297,neural_t5,145,0.04978519476362454,0.0497564439081028,0.0016917095342959862,5.111107580548557e-06,0.1589759082667582,0.5120743031251717
topology_0297,neural_t5,150,0.048338437022693664,0.048310757806949406,0.0016355883129215555,4.978537220811389e-06,0.15599158011848924,0.5099849974295504
topology_0297,neural_t5,155,0.04696880552952721,0.046942123520851614,0.001582943041034866,4.853091241570712e-06,0.1530971376860753,0.5079293693253096
topology_0297,neural_t5,160,0.045670075092858815,0.04564432297081329,0.0015334657188734973,4.734183042783735e-06,0.15028838957653662,0.5059059492860194
topology_0297,neural_t5,165,0.04443672591385329,0.0444118426351772,0.0014868834301516487,4.621289481047851e-06,0.14756143878633735,0.5039133710004065
topology_0297,neural_t5,170,0.04326377617222973,0.04323970626867249,0.0014429518717069306,4.513940113612533e-06,0.14491265196429298,0.5019503618160756
topology_0297,neural_t5,175,0.04214676116832946,0.04212345411898656,0.0014014530326163625,4.411712661618687e-06,0.1423386366964313,0.5000157332793349
topology_0297,neural_t5,180,0.041081637212991615,0.04105904691015848,0.0013621909986140357,4.314227451898908e-06,0.1398362194843118,0.4981083766621908
topology_0297,neural_t5,185,0.040064744684644445,0.04004282893944634,0.001324990322209311,4.22114136653454e-06,0.13740242763285307,0.49622725227286
topology_0297,neural_t5,190,0.03909279393636426,0.03907151411943129,0.0012896918591311774,4.132143554072384e-06,0.13503447105796132,0.4943713835159349
topology_0297,neural_t5,195,0.038162775653845134,0.03814209631398933,0.0012561520617553308,4.046952403039259e-06,0.1327297254307586,0.49253985098047237
topology_0297,neural_t5,200,0.03727196382644692,0.03725185237067364,0.0012242412792432336,3.965312179036297e-06,0.13048571918073332,0.49073178902539694
topology_0297,neural_t5,205,0.036417855910040924,0.03639828231144684,0.0011938420130095412,3.886990077586766e-06,0.12830012185844938,0.48894638165453624
topology_0297,neural_t5,210,0.03559816941446255,0.03557910597616025,0.0011648472296036142,3.8117738859975123e-06,0.12617073368854256,0.4871828580530321
topology_0297,neural_t5,215,0.034810776735850604,0.034792197863959574,0.0011371590762482015,3.739469329853728e-06,0.12409547894397585,0.48544048932010303
topology_0297,neural_t5,220,0.03405382881241121,0.03403571085358727,0.0011106889788998534,3.6698991514203115e-06,0.12207238982541298,0.48371858398600426
topology_0297,neural_t5,225,0.033325554112924156,0.0333078751507966,0.001085355652074778,3.6029003631624825e-06,0.12009959668034478,0.48201648637659705
topology_0297,neural_t5,230,0.03262432566633783,0.03260706535982184,0.001061084955996379,3.5383235361919537e-06,0.1181753264681595,0.48033357504974294
topology_0297,neural_t5,235,0.03194864339080082,0.03193178283653506,0.0010378088986575283,3.4760312311934726e-06,0.11629789556067012,0.4786692591842022
topology_0297,neural_t5,240,0.03129711603594173,0.031280637636786665,0.0010154651815277272,3.4158968874844525e-06,0.11446570371500392,0.4770229764999449
topology_0297,neural_t5,245,0.030668469114435905,0.030652356478302476,0.0009939964161561992,3.3578036747189915e-06,0.1126772287430145,0.47539419185673176
topology_0297,neural_t5,250,0.030061517793074692,0.030045755623733537,0.0009733499480559399,3.3016435983838324e-06,0.11093101956559627,0.4737823945476954
topology_0297,neural_t5,255,0.02947516149285725,0.029459735496011295,0.0009534773148851312,3.2473168325895573e-06,0.10922569246843172,0.472187097345634
topology_0297,neural_t5,260,0.028908378044845924,0.028893274840190185,0.0009343339802533262,3.1947310443696855e-06,0.10755992684151841,0.4706078351704492
topology_0297,neural_t5,265,0.028360215170262413,0.0283454222237581,0.0009158785820094991,3.1437999924048934e-06,0.10593246114002082,0.46904416338844696
topology_0297,neural_t5,270,0.02782978418450246,0.027815289739222697,0.0008980728831735144,3.0944440279188627e-06,0.10434208960685226,0.46749565658940034
topology_0297,neural_t5,275,0.027316257570852116,0.027302050580103814,0.0008808816701950404,3.046588729609489e-06,0.10278765857783084,0.4659619078179409
topology_0297,neural_t5,280,0.026818860785782907,0.026804930857016237,0.0008642722932005843,3.000164814452952e-06,0.10126806348243028,0.4644425271598377
topology_0297,neural_t5,285,0.026336864642571553,0.02632320198398071,0.000848214465231854,2.9551075920159665e-06,0.09978224615441719,0.4629371407677376
topology_0297,neural_t5,290,0.025869592499609143,0.025856187878826077,0.0008326800073756598,2.9113566863507093e-06,0.09832919296196845,0.4614453893391318
topology_0297,neural_t5,295,0.025416414727346813,0.025403259426790985,0.0008176428666075308,2.868855560273826e-06,0.09690793019920531,0.4599669288446534
topology_0297,neural_t5,300,0.024976729991799177,0.024963815766559202,0.0008030787392817337,2.8275508974662394e-06,0.09551752284004247,0.4585014290129736
topology_0297,neural_t5,305,0.024549971478634514,0.024537290528947528,0.0007889647205233429,2.7873929721060347e-06,0.0941570732858743,0.4570485724604192
topology_0297,neural_t5,310,0.024135609127506234,0.024123154060146416,0.00077527968686091,2.748334982135635e-06,0.09282571900079135,0.4556080539107949
topology_0297,neural_t5,315,0.02373314249963539,0.023720906298903777,0.0007620038849785709,2.710332840321146e-06,0.09152263055383371,0.4541795794997421
topology_0297,neural_t5,320,0.02334209982140564,0.023330075823908804,0.0007491187998956109,2.6733450371011257e-06,0.09024700994245502,0.45276286635501084
topology_0297,neural_t5,325,0.022962035655057698,0.02295021752586871,0.0007366070756703884,2.637332365497904e-06,0.08899808885108734,0.4513576419129488
topology_0297,neural_t5,330,0.022592525165350628,0.02258090687343894,0.0007244524472549338,2.602257861433672e-06,0.08777512739480536,0.44996364352629575
topology_0297,neural_t5,335,0.02223317158291481,0.02222174738097057,0.0007126397242576839,2.5680864909544807e-06,0.0865774128103356,0.44858061814606925
topology_0297,neural_t5,340,0.02188359258685598,0.021872356991699822,0.0007011545550037702,2.5347850522818805e-06,0.08540425793697053,0.44720832160970053
topology_0297,neural_t5,345,0.02154343100973356,0.02153237878796026,0.0006899834355490744,2.5023221702489497e-06,0.08425500032478095,0.44584651810334935
topology_0297,neural_t5,350,0.021212346354984625,0.021201472505108544,0.0006791136832336462,2.4706680382184394e-06,0.0831290003207411,0.4444949802597373
topology_0297,neural_t5,355,0.020890013172750802,0.02087931290989962,0.000668533331708176,2.439794336879009e-06,0.0820256405621545,0.44315348850535785
topology_0297,neural_t5,360,0.02057612111691878,0.020565589859202864,0.0006582310799664175,2.409674167819516e-06,0.08094432513049221,0.4418218305908698
topology_0297,neural_t5,365,0.02027037805492072,0.020260011412132132,0.0006481962696169779,2.380281901962221e-06,0.07988447839262429,0.440499801328407
topology_0297,neural_t5,370,0.01997250390362071,0.019962297666948077,0.0006384187546694816,2.3515931285157098e-06,0.07884554382431058,0.4391872023302715
topology_0297,neural_t5,375,0.019682228045003337,0.01967217817988477,0.0006288887622916141,2.3235844401700304e-06,0.07782698342459816,0.4378838426473916
topology_0297,neural_t5,380,0.01939929994851352,0.019389402559163698,0.0006195979489986238,2.296233808684845e-06,0.07682827738393193,0.43658953567178543
topology_0297,neural_t5,385,0.019123473150322666,0.019113724504629132,0.0006105372564636471,2.2695201518940856e-06,0.07584892275716976,0.43530410039543366
topology_0297,neural_t5,390,0.018854515839047663,0.01884491234904906,0.0006016984698425642,2.243422961576811e-06,0.0748884324994254,0.43402736295992506
topology_0297,neural_t5,395,0.01859220475071416,0.018582742959261885,0.0005930739273474617,2.217922827563864e-06,0.07394633512875605,0.4327591551157915
topology_0297,neural_t5,400,0.018336326169972154,0.018327002746026666,0.0005846562660934959,2.1930012166685938e-06,0.07302217425597216,0.4314993134431732
topology_0297,neural_t5,405,0.018086675642156325,0.018077487374739448,0.000576438459600008,2.168640303950034e-06,0.07211550786178916,0.43024767944010267
topology_0297,neural_t5,410,0.017843057265209475,0.017834001056284476,0.0005684138401928534,2.144823049912393e-06,0.07122590768853904,0.4290040994137163
topology_0297,neural_t5,415,0.017605283306559957,0.017596356165555285,0.0005605760414615086,2.1215330927412247e-06,0.07035295868144825,0.427768424268049
topology_0297,neural_t5,420,0.01737317375123791,0.01736437278964679,0.0005529189887358338,2.0987547161780783e-06,0.06949625846010309,0.4265405093183658
topology_0297,neural_t5,425,0.017146555395934866,0.01713787782199869,0.0005454368821130384,2.0764728190290195e-06,0.0686554168138753,0.42532021411367144
topology_0297,neural_t5,430,0.016925261496916796,0.016916704611585443,0.0005381241508211604,2.054672898045897e-06,0.06783005530374334,0.42410740233716676
topology_0297,neural_t5,435,0.016709131232367603,0.01670069242615785,0.0005309754164563102,2.0333409905314186e-06,0.06701980689065709,0.4229019420717592
topology_0297,neural_t5,440,0.016498013687556906,0.016489690426406852,0.0005239859025501896,2.012463720667254e-06,0.06622431534803161,0.4217037041654711
topology_0297,neural_t5,445,0.01629175927052221,0.016283549105535335,0.0005171505468325704,1.9920282170575135e-06,0.06544323486568199,0.4205125633987909
topology_0297,neural_t5,450,0.016090226046827857,0.016082126604919606,0.0005104647024858445,1.972021945206908e-06,0.06467622964521304,0.41932839846940384
topology_0297,neural_t5,455,0.01589327678116799,0.015885285760887963,0.00050392392853409,1.9524329215681423e-06,0.06392297362140721,0.4181510914134973
topology_0297,neural_t5,460,0.01570077942651633,0.01569289459499254,0.0004975239623556635,1.9332496331980396e-06,0.06318315012442662,0.41698052741949476
topology_0297,neural_t5,465,0.01551260241934299,0.015504821608082484,0.000491260681292526,1.9144608946093626e-06,0.062456451754463495,0.4158165946758388
topology_0297,neural_t5,470,0.0153286293964554,0.015320950503459125,0.0004851301365655225,1.896055946779819e-06,0.061742580004618054,0.41465918412319974
topology_0297,neural_t5,475,0.015148741495055674,0.015141162478375216,0.0004791285427613723,1.8780243777212198e-06,0.06104124390562636,0.4135081902393065
topology_0297,neural_t5,480,0.014972823488364687,0.014965342363396977,0.0004732522573808643,1.860356160860936e-06,0.06035216078287125,0.4123635102582823
topology_0297,neural_t5,485,0.014800764292083136,0.01479337912932132,0.00046749777449856813,1.8430416115240367e-06,0.05967505592641908,0.4112250440372422
topology_0297,neural_t5,490,0.014632457933800407,0.014625166857254821,0.0004618617188693568,1.8260713503389635e-06,0.0590096622433498,0.410092694029617
topology_0297,neural_t5,495,0.014467801444393608,0.014460602628708505,0.00045634085388727,1.8094363211274805e-06,0.058355719808056976,0.40896636509387485
topology_0297,neural_t5,500,0.01430669491182663,0.0142995865807635,0.0004509320392556987,1.793127778304514e-06,0.05771297588249066,0.4078459646620958
topology_0297,neural_t5,505,0.014149042190925982,0.014142022615188479,0.0004456322630648312,1.7771372446558427e-06,0.05708118457444915,0.4067314024933551
topology_0297,neural_t5,510,0.013994750336126434,0.013987817831691283,0.0004404386168370607,1.761456516984762e-06,0.05646010657496047,0.40562259060787514
topology_0297,neural_t5,515,0.013843729413670167,0.013836882340069145,0.00043534829414167256,1.7460776531579278e-06,0.055849508950956674,0.40451944324803907
topology_0297,neural_t5,520,0.01369589244711194,0.013689129205680342,0.00043035859084119573,1.730992965981727e-06,0.05524916493634071,0.40342187679679314
topology_0297,neural_t5,525,0.013551152317258734,0.013544471349875358,0.00042546684080781145,1.7161950074516718e-06,0.05465885400339494,0.40232980952648745
topology_0297,neural_t5,530,0.013409432619425538,0.013402832409159043,0.00042067052571662344,1.7016765119540612e-06,0.05407836117107458,0.4012431613252898
topology_0297,neural_t5,535,0.013270653559452112,0.013264132623514068,0.00041596729848289123,1.6874304980092395e-06,0.05350747648574454,0.40016185483169975
topology_0297,neural_t5,540,0.013134737232383398,0.013128294124064964,0.00041135478040780745,1.673450229377676e-06,0.052945995882351604,0.399085814727911
topology_0297,neural_t5,543,0.013054530286452691,0.013048133194944238,0.0004086298496898305,1.6651868822885028e-06,0.05261353860928279,0.3984426877762111
