/*--------------------------------*- C++ -*----------------------------------*\
| =========                 |                                                 |
| \\      /  F ield         | OpenFOAM: The Open Source CFD Toolbox           |
|  \\    /   O peration     | Version:  2506                                  |
|   \\  /    A nd           | Website:  www.openfoam.com                      |
|    \\/     M anipulation  |                                                 |
\*---------------------------------------------------------------------------*/
FoamFile
{
    version     2.0;
    format      ascii;
    arch        "LSB;label=32;scalar=64";
    class       volVectorField;
    location    "5000";
    object      U;
}
// * * * * * * * * * * * * * * * * * * * * * * * * * * * * * * * * * * * * * //

dimensions      [0 1 -1 0 0 0 0];

internalField   nonuniform List<vector> 
4096
(
(-3.286616351066887e-08 -2.553120979964301e-07 3.112900815827066e-23)
(-1.044797002332145e-07 -5.944758194177766e-07 -1.598774646278744e-20)
(-1.900441883251553e-07 -8.244494527095514e-07 -8.478646809029459e-20)
(-2.925680195932107e-07 -9.71544148581176e-07 -1.746264548227209e-20)
(-4.09402167345801e-07 -1.052827878223308e-06 -6.257755480489359e-21)
(-5.33787959778524e-07 -1.080724254384638e-06 2.484756996999705e-21)
(-6.564020061924154e-07 -1.064953010309884e-06 2.805586531667041e-20)
(-7.667798555519609e-07 -1.013794510486819e-06 9.767004974986518e-21)
(-8.54542874466303e-07 -9.34827660688752e-07 4.828039933427826e-20)
(-9.104240756071125e-07 -8.352886575197361e-07 -4.050413311339292e-20)
(-9.27097705824781e-07 -7.221679722441165e-07 -3.319227441021283e-19)
(-8.998109092052148e-07 -6.021281437333008e-07 -4.041525375005692e-20)
(-8.268134001693716e-07 -4.813070180821654e-07 -2.56798647742085e-21)
(-7.096211344459567e-07 -3.650577204405698e-07 9.669535205381914e-23)
(-5.532698365983031e-07 -2.576252513473141e-07 1.623880832191019e-21)
(-3.67082361623413e-07 -1.616787949767573e-07 3.494721643129422e-21)
(0.0005196344805306723 -0.0003109532670284361 -6.616061434949206e-18)
(8.416670480311495e-05 -4.153274324493938e-05 -1.064884788689612e-17)
(0.00140694622256548 8.097786446251978e-05 -1.338734065401267e-18)
(0.001938732338416413 -7.670956129184822e-05 -2.717675954484838e-19)
(0.003130828568048143 -0.0001415682065747508 -1.49335610801223e-18)
(0.004630065393259123 -0.0002057120296085599 -1.113607840085833e-17)
(0.006430227084572751 -0.0002535245422666667 -2.660979922264814e-18)
(0.00847813699957805 -0.0002951942596853688 -9.866856583527478e-18)
(0.01075630396543918 -0.0003358652488640465 -1.258650447884137e-18)
(0.01325929181448795 -0.0003781403755862734 -2.705070317489458e-20)
(0.01597692103669642 -0.0004193598758563463 5.077450520648063e-20)
(0.0188660368076061 -0.0004505620791757766 4.227962600053962e-20)
(0.02182362213438932 -0.0004574886293272953 3.137186841453095e-20)
(0.02466092815701379 -0.0004213730991199843 1.123200267261337e-20)
(0.02713144430154967 -0.0003367753765210921 2.446123477151493e-21)
(0.02895593352978296 -0.0002003047546726443 7.793812733179184e-22)
(0.03002237362228714 -7.898481021194234e-05 6.853988992626176e-22)
(0.03051251983841778 -1.25828061797645e-05 6.841503196770492e-21)
(0.03069837024255125 1.561035968109022e-06 6.508754936126346e-20)
(0.03078448215550567 -1.575600371550432e-05 6.199082676144999e-19)
(0.03086204967249186 -4.142640421282103e-05 9.282863903380123e-18)
(0.0308935281289926 -4.757643309633316e-05 1.388365109410244e-18)
(0.03069178391201215 -2.386468596082903e-06 1.481133749760205e-19)
(0.02990584358463623 0.0001264688479488526 7.160005622818477e-21)
(0.02808657554777971 0.0003407575085912362 9.997109672407496e-22)
(0.02497289030946654 0.0005649007776543315 1.235978196259393e-20)
(0.02077847274320921 0.0006974948846821562 4.804982974155515e-20)
(0.01606581331372699 0.0007051121434546272 4.253921778283254e-19)
(0.01124094431544679 0.0006312151937782519 4.375999940422612e-19)
(0.008071770961400406 0.0001181567626205787 5.206619999078859e-18)
(0.001253922966210157 0.0005038826130346857 8.539732798248609e-19)
(0.002878836075058486 0.001765424274406003 5.72732480203373e-19)
(-4.413853917466237e-07 1.882344483410906e-07 -3.073748093220558e-20)
(-6.507774516235215e-07 2.997611804020665e-07 -3.788036238985437e-20)
(-8.098020617850962e-07 4.226005977874903e-07 5.785284432613395e-18)
(-9.086152442537218e-07 5.520891893255392e-07 -3.264000363233937e-20)
(-9.447122868155855e-07 6.820177378150192e-07 -3.632944205077794e-21)
(-9.213450806286501e-07 8.055222522184574e-07 -6.944179920814424e-23)
(-8.465700550084991e-07 9.156776587854101e-07 1.588201619304806e-22)
(-7.322653496921218e-07 1.005890393965909e-06 1.264112916666578e-22)
(-5.929309781172939e-07 1.070100007798634e-06 1.844235733158671e-22)
(-4.442690787788417e-07 1.102764835439994e-06 4.817197595030309e-22)
(-3.016195128401934e-07 1.098586167759563e-06 1.170994173153075e-21)
(-1.783492790704937e-07 1.051908233388685e-06 1.866390441312816e-21)
(-8.429860194397384e-08 9.557224452837383e-07 6.819119047578098e-21)
(-2.437664176920375e-08 8.001881071189308e-07 2.726671193005347e-21)
(2.568166325650836e-09 5.705538993799924e-07 6.449487066545524e-21)
(3.752110117366574e-09 2.425985662976644e-07 1.06860505558892e-21)
(-8.688271612233649e-08 -7.423285499769659e-07 1.602700375449492e-20)
(-2.699713159651663e-07 -1.722678124846974e-06 -2.882420155221644e-22)
(-4.758667446143382e-07 -2.385740917531685e-06 -1.968281074357885e-20)
(-7.102189876840095e-07 -2.809335049534225e-06 -1.548938274119958e-20)
(-9.682807356991814e-07 -3.042851283945654e-06 -6.534539646279975e-20)
(-1.237148907603331e-06 -3.122216260515072e-06 -5.607244171840048e-20)
(-1.498414436964461e-06 -3.075547228376498e-06 9.252487394559426e-20)
(-1.730867518624454e-06 -2.926786578486907e-06 9.328106141455582e-20)
(-1.91303813298644e-06 -2.697832539399472e-06 8.048996465211538e-19)
(-2.025473701744397e-06 -2.409591627331635e-06 4.080377792212275e-20)
(-2.052685677174653e-06 -2.082278545926814e-06 -4.381090906830287e-20)
(-1.984724960134255e-06 -1.735193735251145e-06 7.668282867596711e-21)
(-1.818367938732327e-06 -1.386139051073729e-06 2.325616812278019e-21)
(-1.557968495788679e-06 -1.050612911542969e-06 1.387233039651443e-21)
(-1.21617229666875e-06 -7.408159569491932e-07 3.04687821723604e-21)
(-8.150034047109053e-07 -4.642801293242927e-07 3.788948910218116e-21)
(0.001124598738895678 -0.001167876987102425 -4.846760569368338e-18)
(0.0009072337477032794 -0.001087606695915705 -1.128997864852737e-17)
(0.004105011824651086 -0.001231990228673904 -1.243936677181516e-18)
(0.006258826772548234 -0.001945217684279364 -3.733839214284666e-20)
(0.009608866292715615 -0.002623879656656186 -9.530185793542424e-19)
(0.0135979362507845 -0.003228246801916679 -1.109067739934853e-17)
(0.01820995454273319 -0.003738607478105132 -2.662917286206741e-18)
(0.0233463652538259 -0.004192031997712017 -1.080176513362128e-17)
(0.02897267326372359 -0.004621205672897875 -1.519577108618237e-18)
(0.03507319445312348 -0.005033111139747299 9.748468321644063e-19)
(0.04161729929602101 -0.005391396344894228 5.102235515842594e-19)
(0.0485028872053665 -0.005608279939327551 3.545459858020252e-19)
(0.05550200262097676 -0.005552669590672081 2.691092113730527e-19)
(0.06220299657599204 -0.005080604168021179 8.906816331194491e-20)
(0.06806936149203853 -0.004136267766357501 2.06441784378512e-20)
(0.07246296391981596 -0.002788600008529372 4.104041455519019e-21)
(0.07511325603406382 -0.001522722868783443 8.646197614992725e-22)
(0.07642503359330387 -0.0006834960174247714 5.873355135365888e-21)
(0.07698565430930263 -0.0002826275696354993 3.919967389783095e-20)
(0.07721343150073438 -0.0001503824805628828 2.950922629569376e-19)
(0.07728321867896927 -6.608942579248578e-05 9.248217327551166e-18)
(0.07710896168745837 0.0002302428655125898 1.642671630208034e-18)
(0.07629889434318171 0.001023764178250585 1.54138212521753e-19)
(0.07410394662699905 0.00255740610571535 -6.807823773070098e-20)
(0.06952426608132661 0.00477115687597814 1.052207823920589e-20)
(0.06195618921768038 0.007037834991075712 6.248017405006672e-20)
(0.0518772267619499 0.008567941532532366 -6.348653881020002e-20)
(0.04048668543472537 0.009081778415521231 4.682892843832492e-18)
(0.0286767428450424 0.008558558846398457 -3.39114043330592e-18)
(0.01925027462644579 0.007071193890222905 1.185369505766231e-19)
(0.004867162169432409 0.006097620440030048 1.931438093591907e-19)
(0.005233046625750127 0.005830006401105703 6.485409472280282e-19)
(-9.616803746774483e-07 5.406119960183614e-07 6.907289191739509e-20)
(-1.405839590845094e-06 8.623812774689269e-07 -1.649665086311068e-20)
(-1.75061537060605e-06 1.216941618750918e-06 -1.916358637394811e-19)
(-1.971876302153371e-06 1.590938965657495e-06 3.341373121754508e-20)
(-2.061329454547661e-06 1.966455172936615e-06 5.015292863727028e-21)
(-2.023883741181232e-06 2.323607531234777e-06 3.49615183463137e-21)
(-1.875510002544677e-06 2.642308714783954e-06 3.100677225493177e-21)
(-1.640870942179722e-06 2.903434428312181e-06 -1.344681774316735e-21)
(-1.350482844119077e-06 3.089424214782616e-06 3.380466323127414e-22)
(-1.037457347362412e-06 3.184260585807749e-06 1.388699989653531e-21)
(-7.339938301357488e-07 3.172679116599832e-06 2.364202303706392e-20)
(-4.67844021534501e-07 3.038425989083764e-06 1.310445406617607e-20)
(-2.589995663683118e-07 2.761358801125959e-06 7.542310957285788e-20)
(-1.168666120211141e-07 2.313149225772408e-06 2.945694539229989e-20)
(-3.825768328302509e-08 1.651225832241066e-06 1.089273139558996e-19)
(-7.309446514728031e-09 7.041420286497989e-07 1.457461057331597e-20)
(-1.247874499693265e-07 -1.139274764031559e-06 8.468702854190527e-20)
(-3.835124114347482e-07 -2.646358190589847e-06 1.631753900192756e-20)
(-6.645067651969098e-07 -3.665064786838573e-06 -6.374322692724938e-21)
(-9.735695463766736e-07 -4.314725878264885e-06 -6.551440521174684e-20)
(-1.305439842581683e-06 -4.671627479278535e-06 -4.942541420985324e-19)
(-1.645454017638361e-06 -4.791427293234733e-06 -9.706289804499003e-19)
(-1.972097998232238e-06 -4.717682100848029e-06 -1.692693489350124e-18)
(-2.259990747353386e-06 -4.487378379505313e-06 3.435169125688515e-21)
(-2.482956137382425e-06 -4.134231875689912e-06 5.300452061040415e-20)
(-2.616961645304609e-06 -3.690383328237411e-06 -6.498538530080213e-20)
(-2.64274520499902e-06 -3.186940843905896e-06 1.005332500205523e-20)
(-2.54801098486428e-06 -2.653681889627476e-06 2.125149190097946e-19)
(-2.329156580875948e-06 -2.118135110673743e-06 3.051572283122094e-20)
(-1.992541537654269e-06 -1.604202988949753e-06 1.944563461847773e-20)
(-1.555365709922504e-06 -1.130455489633435e-06 2.898149094799009e-20)
(-1.04630286052983e-06 -7.080133660507595e-07 9.690870029748364e-20)
(0.001817827502700038 -0.002661659698328545 -1.82559996996231e-18)
(0.001795852001191158 -0.00335373181125957 -1.282323324826189e-18)
(0.006739928381097927 -0.004170562661015982 1.82892773096548e-18)
(0.01045234235702422 -0.005779448383010408 2.414374206322549e-18)
(0.01570488283668134 -0.007330026088451787 1.794051032819668e-18)
(0.021687706707211 -0.008695089184984718 -6.510220770587958e-19)
(0.02837184908363094 -0.009858052321401686 -4.72579287782151e-19)
(0.03563699473498581 -0.01089812175841099 -1.387688692988126e-18)
(0.04345734892644834 -0.01188592129207481 -1.231598126105168e-18)
(0.05183471954870029 -0.01283208112174273 9.201730689473716e-18)
(0.06075659697145328 -0.01364921972836977 3.295589929505589e-18)
(0.07012457683346511 -0.01413194715554275 2.439448035177976e-18)
(0.07968100136852678 -0.01396917363353224 2.02667280429124e-18)
(0.08890078779495969 -0.01280950676122579 5.309510589164931e-19)
(0.09706203380348701 -0.01048503089650047 9.442087800543057e-20)
(0.1031188323539462 -0.007125088950075818 1.52890250970443e-20)
(0.1065890306886775 -0.003956417171417944 4.322598983070018e-21)
(0.1081857582146983 -0.001840619605614409 1.279171414618882e-20)
(0.1088226672458303 -0.0007675412146061465 4.380540093148522e-20)
(0.1090472856701407 -0.0003053938417865709 -3.062721705691725e-19)
(0.1090630210558737 5.710401051453597e-05 -6.245899818082292e-18)
(0.108781772586011 0.0009103858930620977 -2.405567744493491e-18)
(0.1077533531637878 0.002930749216719306 -2.887700593040537e-19)
(0.1049668883035181 0.006755438633076714 -7.180616889716334e-19)
(0.09882166307722999 0.01229859349853917 9.374105084808032e-20)
(0.08823001753792387 0.01799975295810148 5.139304211636189e-19)
(0.07397103689464382 0.02189893211210107 5.073888878402355e-19)
(0.05785191175640635 0.02342435037172976 1.146103078816167e-18)
(0.04106577554468039 0.02254552906479012 -1.846463277931371e-19)
(0.02710507890146655 0.01963049258867587 6.375606421902255e-20)
(0.007734575666118298 0.01618706557003039 2.782024695975948e-19)
(0.00737050855294164 0.01203873251986053 7.086295440269182e-19)
(-1.219254121203467e-06 8.24538175698197e-07 -4.665637717962617e-18)
(-1.776360345910871e-06 1.316902363604261e-06 3.085489934958436e-20)
(-2.214473271051909e-06 1.859818953206787e-06 -2.429552089404016e-18)
(-2.501908575312014e-06 2.43311322557652e-06 -6.066757512564859e-18)
(-2.626000883287297e-06 3.009413999093685e-06 5.618287362296072e-20)
(-2.59101873123415e-06 3.558114577573851e-06 2.949862658911891e-20)
(-2.415761193409055e-06 4.048172822569175e-06 5.116488437634889e-20)
(-2.130453992969881e-06 4.449984455923151e-06 -5.906663061553941e-20)
(-1.772944578695788e-06 4.73639333321927e-06 -4.655218619758979e-21)
(-1.384375684420529e-06 4.882708216861348e-06 1.752642650078671e-20)
(-1.00461074797973e-06 4.865496261218481e-06 8.673927103659886e-19)
(-6.677222400878167e-07 4.659867163273003e-06 9.578471902715274e-20)
(-3.978642296744404e-07 4.234941590719986e-06 5.979923111921305e-19)
(-2.059098659761433e-07 3.547168843877585e-06 2.058859614673556e-19)
(-8.737947227520807e-08 2.531094310218984e-06 -1.678702436991272e-18)
(-2.288482739739264e-08 1.077678237222342e-06 1.277029329917831e-19)
(-1.449317196550864e-07 -1.410562525168673e-06 2.29640687802609e-20)
(-4.417957252945796e-07 -3.27445805500229e-06 -3.149248424835692e-21)
(-7.552832421322923e-07 -4.53201220368361e-06 -3.119798167265935e-21)
(-1.090065532451459e-06 -5.33160918786673e-06 -1.164820616107207e-20)
(-1.441346089254072e-06 -5.76846867661766e-06 -6.799952207536295e-20)
(-1.795557037869247e-06 -5.91220458119688e-06 -7.870035214784799e-20)
(-2.132113737672234e-06 -5.817213705618714e-06 -5.429870197463792e-21)
(-2.426027691619024e-06 -5.529467027635526e-06 -1.019419113185513e-19)
(-2.650980802190858e-06 -5.090670491759031e-06 -3.980491482868103e-20)
(-2.782481932561351e-06 -4.540511357048211e-06 -4.355905585063885e-19)
(-2.800785219623982e-06 -3.917468464056592e-06 1.808752416043978e-19)
(-2.693363485963994e-06 -3.258518129619411e-06 -3.391924413245134e-18)
(-2.456862655701069e-06 -2.597974425856209e-06 3.149841016567626e-19)
(-2.098548090689878e-06 -1.965624745912676e-06 2.509864465271542e-19)
(-1.637237445572181e-06 -1.384323325937962e-06 2.042606333348231e-19)
(-1.10354854239306e-06 -8.671848931117703e-07 -5.963324139036874e-18)
(0.002517802195712712 -0.004970588313872072 8.832848019305792e-19)
(0.002590482556934831 -0.006631782100271439 1.276414044010266e-19)
(0.009235202971684113 -0.008530102800187761 1.93750177486083e-17)
(0.01436816315599126 -0.01127790842257211 1.432046806634146e-17)
(0.0212473859132265 -0.01378949737355902 1.266416758882949e-17)
(0.02872539711967557 -0.01590637469136142 2.982629779345975e-18)
(0.03674912034308833 -0.01767943520830658 2.740399255192582e-19)
(0.0451988468916932 -0.01926971416542332 -8.788252424492783e-19)
(0.05408765609150479 -0.02080806626716442 -9.692013238874472e-18)
(0.06347097757692703 -0.022319970403783 -1.785526827571141e-18)
(0.0734036989635922 -0.02366914989391396 1.591520873303215e-17)
(0.08386512629108125 -0.02451865283588246 1.856741779041616e-17)
(0.09467359838781157 -0.02432861846444456 1.250785998023485e-17)
(0.1052965356457574 -0.02243392147483391 2.745944613476351e-18)
(0.1149255854671829 -0.0184058773354883 3.11816054155421e-19)
(0.1218620401023612 -0.01226369498379338 3.809120980395577e-20)
(0.1252627203714358 -0.006535403018445217 1.351676538972581e-20)
(0.1264226892333745 -0.002892213264243028 8.58860141081723e-20)
(0.1267345402882008 -0.001135834074220781 8.602205557862179e-19)
(0.1267960781042432 -0.000385043782623092 -4.580014036357665e-18)
(0.1267666564421123 0.0001955956027717487 -1.138167505202242e-17)
(0.1266157125360957 0.001531653750357782 -2.616736556190815e-18)
(0.1260218013585129 0.004804150649244987 3.563940625201673e-19)
(0.1238257125805082 0.01140183689808938 -9.074495423052961e-18)
(0.117514966594406 0.0214604837972829 2.089411564621179e-18)
(0.1051143948776343 0.03194224394215518 9.655184159549564e-18)
(0.08792667110744609 0.03895156096934389 7.411054616529637e-18)
(0.06863962070653486 0.04177734902791522 7.058623955811791e-18)
(0.04865306623363037 0.04046923594497134 1.609304614235332e-18)
(0.03188083363906032 0.03570352133808227 5.290462753334695e-19)
(0.009724372507928816 0.02875524164523858 4.635600791548305e-18)
(0.009002147351486163 0.02044597355068734 3.384840283310604e-18)
(-1.272003599391697e-06 1.010126212175604e-06 1.212960741677512e-18)
(-1.849426633570433e-06 1.61432952923337e-06 1.727336318006256e-18)
(-2.308844180671458e-06 2.281562090762634e-06 -2.521209609018807e-19)
(-2.616276857300964e-06 2.98737094470581e-06 3.477461853302253e-18)
(-2.7565260021312e-06 3.698151591510074e-06 -1.73980560232259e-19)
(-2.732193849256173e-06 4.375988269115887e-06 1.412484350519091e-19)
(-2.561524524701767e-06 4.9821990272432e-06 1.052463894760831e-18)
(-2.275102559859844e-06 5.47981805592429e-06 1.992231791906764e-18)
(-1.911666743377579e-06 5.834998717153816e-06 3.250581364760036e-18)
(-1.513387613327147e-06 6.017113735220115e-06 -3.661200798747337e-20)
(-1.120972996542457e-06 5.997268973958331e-06 3.142114845918202e-18)
(-7.689575779451095e-07 5.744895698796834e-06 8.021829226245643e-19)
(-4.815259015242442e-07 5.222033422736406e-06 3.406416804617448e-18)
(-2.692580212637044e-07 4.374882876502723e-06 2.215918451096597e-19)
(-1.273603460896989e-07 3.122263183269166e-06 1.66403123477884e-19)
(-3.652577133172942e-08 1.329260964293036e-06 2.179697584324775e-19)
(-1.477407699929101e-07 -1.525736937193177e-06 1.559509413884589e-19)
(-4.472196371259687e-07 -3.537446259420114e-06 -5.234892647920369e-21)
(-7.556405124567282e-07 -4.891367500479624e-06 1.539978166592781e-21)
(-1.076180387335739e-06 -5.749026595804757e-06 -3.616743947935281e-22)
(-1.405225893001249e-06 -6.214451346859239e-06 -4.059608448214255e-21)
(-1.731964183982046e-06 -6.363874146692212e-06 -1.888509957811196e-21)
(-2.039098953953333e-06 -6.256678570154117e-06 -1.06312753447375e-19)
(-2.30484548562415e-06 -5.942692382326052e-06 -2.836504221618116e-18)
(-2.505732547789115e-06 -5.466850598942821e-06 -4.069758451135419e-20)
(-2.619651802247521e-06 -4.871842176539052e-06 -2.335163262218277e-20)
(-2.628722354260354e-06 -4.199150169730253e-06 -4.81332332696586e-18)
(-2.521716070397976e-06 -3.488816622629169e-06 3.406126905527908e-19)
(-2.295934128017374e-06 -2.778180661907031e-06 2.401256386527933e-18)
(-1.958527737458155e-06 -2.099750668148933e-06 -3.225426524722662e-18)
(-1.527311826060064e-06 -1.478271784252183e-06 -1.848752686480994e-18)
(-1.030850115991012e-06 -9.271335384894702e-07 2.242325785717212e-19)
(0.003170031783574373 -0.008055865761444335 -4.263237511794942e-18)
(0.002999384867737154 -0.01082655141909848 -1.777656411005052e-17)
(0.0116721527171743 -0.01425934894185413 4.430828724778144e-19)
(0.01825691881702505 -0.01827030469450588 1.981599307146518e-18)
(0.02652108169092924 -0.02160913396283428 2.128289008534545e-18)
(0.03496532827811934 -0.02422131149985744 1.481930372253447e-17)
(0.04355782681977177 -0.02633409088083705 7.898075260598461e-19)
(0.05222821764684187 -0.02824302723307331 -1.870020169310447e-18)
(0.06106129736649989 -0.03016394788333316 -1.927654887538424e-18)
(0.07019102847839255 -0.03215588682290918 -1.680057741477781e-17)
(0.07977079146095417 -0.03405662913156184 -2.656972999782027e-18)
(0.0899155676746396 -0.03541872515550441 7.591811971955078e-19)
(0.1006273913557742 -0.03545767159614643 1.205974095204843e-18)
(0.1115072166523717 -0.0330788242476804 4.442649774031958e-19)
(0.1218887822044607 -0.02729973500606956 9.152378729572866e-20)
(0.1289588584309852 -0.01748956167753751 2.031634481120928e-20)
(0.1313398974955793 -0.008537290661689609 7.321528918988872e-21)
(0.1313536649893653 -0.003372572915910172 1.740914854256995e-21)
(0.131052201207437 -0.001187487376034366 -5.258612836446064e-20)
(0.1308878520702164 -0.0003409417398832396 -1.109680765236572e-18)
(0.1308186416406504 0.0002539384147116483 5.556108427700617e-18)
(0.1309287413062089 0.001709743409113848 2.472075215034287e-18)
(0.1313311135774134 0.005763860036825749 2.488882519596417e-19)
(0.1309876780285817 0.01521482095523185 -7.84619812257294e-19)
(0.1260446928051318 0.03106619512234142 5.937668418492783e-19)
(0.1129770322262433 0.04787587643942172 1.420828310980483e-18)
(0.09395956991554384 0.05843933910362657 1.798029775366237e-18)
(0.0730985892274356 0.06254874971786635 1.425970033821014e-18)
(0.05167623434520298 0.06060337687846085 -6.998701423409769e-20)
(0.03359885144369849 0.05356962376167922 -5.331010301684892e-18)
(0.01050524457003983 0.0423865152085833 -2.224273111595448e-19)
(0.009731189229040911 0.02979817523963552 3.312705343106099e-19)
(-1.175972110095506e-06 1.080136753793277e-06 -4.980293661017172e-18)
(-1.706561694563122e-06 1.725998823167568e-06 -2.102734102198907e-19)
(-2.133512176063362e-06 2.440168912358313e-06 -7.393583206346864e-20)
(-2.42463781653917e-06 3.197207399821198e-06 -2.069423859787354e-19)
(-2.564071846020491e-06 3.961318163483649e-06 -1.843858746634185e-20)
(-2.552568610944203e-06 4.691527814060063e-06 2.437890871656199e-20)
(-2.405796407128425e-06 5.345685343402171e-06 5.074679824000007e-20)
(-2.151170961737971e-06 5.883427860114455e-06 -5.937031594593871e-20)
(-1.82378434551467e-06 6.267890119223893e-06 -5.925131641858906e-21)
(-1.461869232736684e-06 6.465908004774871e-06 -7.747628984378171e-21)
(-1.10218194050314e-06 6.446408172702464e-06 -3.356101050755232e-20)
(-7.756857951925038e-07 6.176670905515703e-06 -3.236141809868887e-21)
(-5.039054251493032e-07 5.616069658789325e-06 -1.059822333422107e-21)
(-2.96265343832083e-07 4.706758680894088e-06 2.611676149533501e-20)
(-1.487217712562328e-07 3.360819828069359e-06 1.58324216739e-20)
(-4.450682265541941e-08 1.431668803640379e-06 3.091757542217771e-20)
(-1.35193310639263e-07 -1.469145464711059e-06 -3.213074432864565e-18)
(-4.066096880987226e-07 -3.403091110280691e-06 2.285574576016796e-19)
(-6.796588005991006e-07 -4.701999690972982e-06 -6.511347415998132e-18)
(-9.563239597161315e-07 -5.521872399908041e-06 1.401186311056839e-20)
(-1.234648074111217e-06 -5.963921401003127e-06 2.898696027072105e-21)
(-1.507154202825406e-06 -6.102614707244759e-06 2.310371880021639e-21)
(-1.760701861167394e-06 -5.9956789732361e-06 -1.276887791701407e-20)
(-1.978008193865942e-06 -5.69113374806118e-06 -2.185575565890888e-19)
(-2.140087983922858e-06 -5.232032826936461e-06 -4.46007800655285e-19)
(-2.228925138428274e-06 -4.659245200995098e-06 -5.588310243380131e-20)
(-2.229973105267232e-06 -4.012589291857785e-06 2.028051069495121e-18)
(-2.134269557710344e-06 -3.330642370953478e-06 1.703981446765659e-19)
(-1.940028001566965e-06 -2.649512275268613e-06 -4.497794813186353e-18)
(-1.653605251796496e-06 -2.000758304151942e-06 3.541107408738793e-19)
(-1.289822347777568e-06 -1.408415499211044e-06 3.658245339673094e-19)
(-8.718119729302434e-07 -8.849747285557229e-07 1.439950301160673e-18)
(0.004517123080054678 -0.01213839382613703 -6.428089938603795e-18)
(0.003008452826711412 -0.01612311642669182 -1.925843092820122e-17)
(0.01472825731794101 -0.02168213799304706 -1.567353188278925e-18)
(0.02298420742071182 -0.0267338268476655 -4.866710867504785e-20)
(0.03229490619061529 -0.03040214182438878 -4.724688673438468e-19)
(0.04103096121042357 -0.03296479137157537 -1.077971381974715e-17)
(0.04931106073744666 -0.03493616400996019 -2.630529993979209e-18)
(0.05718873791796568 -0.03676897388899385 -1.1983896298512e-17)
(0.06483849765617436 -0.03876230566906005 -4.364819597709557e-18)
(0.07246110296399136 -0.04101571949828985 -3.389918404945919e-18)
(0.08028638550932733 -0.04337216486715812 -1.715207416404433e-17)
(0.08856248908675617 -0.04532701487151643 -1.947588484657195e-18)
(0.0975375786231243 -0.04588311662999657 -5.622993243589414e-20)
(0.1071332830269166 -0.04342938965575684 7.01598689116597e-20)
(0.1174030907415904 -0.03590093810656052 7.538515904798768e-20)
(0.1236823417325018 -0.02081409979249119 6.018121659074792e-20)
(0.1243815767907013 -0.008133822435314752 2.753763615822576e-20)
(0.1230077504078048 -0.002235862499171616 -1.116760234652791e-21)
(0.1222057902480052 -0.0005454552621449699 -6.065124388643666e-20)
(0.1219620287023797 -0.0001297654243288702 -5.988004971850945e-19)
(0.121825563887898 6.246711128140448e-05 1.060777880615744e-17)
(0.1220168698320266 0.0008950757701575805 2.991154931827883e-18)
(0.123446857831496 0.004401409284521237 4.050272777993393e-19)
(0.1256818386688967 0.01578441590232755 -2.295613657217619e-20)
(0.1233773291359644 0.0385527797557545 1.378976745433162e-19)
(0.1109819961227996 0.0640920317036998 1.838805352540649e-19)
(0.09150388202443613 0.07855085299738204 2.102324793765138e-19)
(0.07130890592303764 0.08380250390479954 1.507292039273e-19)
(0.05068073927818968 0.08118617119075121 -1.42469446434598e-19)
(0.03279833638172966 0.07186204828114978 -1.537875974129192e-18)
(0.01004800010190128 0.05602223649447378 -2.042354365625923e-19)
(0.01022493722659544 0.03942538006785727 -1.209616503109608e-19)
(-9.847761731672858e-07 1.031115756052175e-06 2.812249849672453e-19)
(-1.425772173484652e-06 1.646262245443356e-06 2.224138374399153e-19)
(-1.78447566785353e-06 2.32655954325936e-06 3.363763549860762e-18)
(-2.033322662855011e-06 3.049110761720736e-06 -5.898052004799683e-21)
(-2.157641720203912e-06 3.780265455782458e-06 -4.810015571882346e-22)
(-2.156859900044085e-06 4.480587942576851e-06 2.809140073476888e-21)
(-2.043157373111796e-06 5.109098279034753e-06 2.900697985575019e-21)
(-1.838699777664897e-06 5.626467621668713e-06 -1.610844416275385e-21)
(-1.57211876127694e-06 5.996896828401339e-06 -4.702333043335948e-22)
(-1.274632011585321e-06 6.188385674460971e-06 -1.266617253350445e-21)
(-9.761364359883468e-07 6.171162414913244e-06 -3.388447078565612e-21)
(-7.016374031666847e-07 5.91403714490053e-06 -3.943445948573323e-21)
(-4.684322892943094e-07 5.378373518644727e-06 -1.709104710983755e-21)
(-2.843899124964138e-07 4.509103313231864e-06 1.161526815088913e-21)
(-1.472766972880309e-07 3.221840804987566e-06 8.255241579074374e-22)
(-4.486686824701331e-08 1.373921248883428e-06 2.685049107983813e-21)
(-1.104461979655697e-07 -1.243606278102972e-06 -8.443281272611147e-20)
(-3.300510542788519e-07 -2.88433954942751e-06 -4.334962230834741e-18)
(-5.460395068259023e-07 -3.986629009091434e-06 2.357571846692354e-18)
(-7.599871904402037e-07 -4.681162257635582e-06 1.094030163380471e-19)
(-9.716961061325899e-07 -5.054404326157187e-06 -7.991293137030518e-20)
(-1.176599510809354e-06 -5.170365872153408e-06 5.052197242357525e-21)
(-1.365435949200538e-06 -5.0783853058501e-06 -6.846776144942796e-22)
(-1.52564846100364e-06 -4.819233398018451e-06 1.081780544152833e-19)
(-1.643365012157175e-06 -4.429350886491976e-06 -3.895744634503666e-18)
(-1.705431798936299e-06 -3.943341225869784e-06 2.488086709287021e-19)
(-1.701300349283858e-06 -3.394988045413161e-06 3.027009228856233e-18)
(-1.624651076602771e-06 -2.817081445562978e-06 2.275473724477121e-19)
(-1.474625649297134e-06 -2.240312201836139e-06 -6.289161078259075e-18)
(-1.256456550333823e-06 -1.691444610283331e-06 9.006651549527171e-20)
(-9.81207350958177e-07 -1.190937785620731e-06 5.114018673717827e-20)
(-6.646951157320566e-07 -7.497163910877031e-07 3.9941458774555e-20)
(0.009055448503639825 -0.01740810974224655 -6.371672600146994e-18)
(0.005212767004436094 -0.02366955424596867 -1.920589664261989e-17)
(0.02064313144893664 -0.03156260271477793 -1.561234356126426e-18)
(0.03039169712077147 -0.03659044321023211 -4.281225973208285e-20)
(0.03983468879977856 -0.03955316635343324 -9.684477953452147e-19)
(0.04780055777560936 -0.04125777886656081 -1.906735741258744e-17)
(0.05469136989481495 -0.042484284500751 -3.309189180358966e-18)
(0.06072404822715129 -0.04376818558126104 -1.308687014693674e-17)
(0.06612851768320967 -0.0454347412085799 -1.227108236324731e-17)
(0.07110396439621622 -0.04760770625819497 -1.191136702203986e-17)
(0.07586333034515513 -0.05017924212388286 -3.138927558316546e-18)
(0.08068746842698253 -0.05272202981974396 -3.483165614062293e-19)
(0.08598349243187273 -0.05428421798504594 2.379134436777774e-19)
(0.09211373272142941 -0.05313932113566384 1.740084686048076e-19)
(0.1007149798324021 -0.0460771109651846 3.215421235596145e-19)
(0.1032001274889235 -0.02775124582547068 4.893810435128607e-19)
(0.1023888381474196 -0.009377252874527705 1.546934539210129e-19)
(0.1007871839192607 -0.002290243553803496 2.679846331257649e-20)
(0.1002982381271321 -0.000769044649892765 4.554466523376329e-20)
(0.1004510223806104 3.434429199868757e-05 2.574218126137327e-19)
(0.1003793519943592 0.00062825501168162 7.21808852330326e-18)
(0.100243604895519 0.000850260038773187 2.641692959584254e-18)
(0.101532715402438 0.002676861678231212 4.315590619011052e-19)
(0.1045916564928332 0.01575151742569148 1.000098054793541e-19)
(0.105181761656626 0.04976685134212014 1.804278573466489e-19)
(0.09749372899180439 0.08239318412711727 -6.386188276701442e-21)
(0.08010793309114149 0.0983310624446531 -9.731375629430046e-20)
(0.06411618822939025 0.103489504685947 -8.395192650254172e-20)
(0.04748726581534474 0.1003555057474407 -1.062263040433031e-19)
(0.03173583099954284 0.08966058567090006 -1.622457609713234e-19)
(0.01049691615876995 0.06965405850275075 -5.99724504773579e-20)
(0.01289124937066733 0.04870342132537985 -1.017638523370201e-19)
(-7.4514146148957e-07 8.737187782506539e-07 -8.033365091932634e-19)
(-1.07557695218103e-06 1.392092994260963e-06 3.962188283760364e-20)
(-1.34683611388315e-06 1.964495472827829e-06 2.623917254935476e-20)
(-1.53756833516823e-06 2.573404671779231e-06 1.684652531806549e-21)
(-1.636133962209553e-06 3.191039201151484e-06 -9.717594735839925e-22)
(-1.641529404022499e-06 3.783855559401361e-06 -3.066026087046573e-22)
(-1.562301465050849e-06 4.316637882534856e-06 -1.798592534294706e-22)
(-1.414478968392546e-06 4.755558624261382e-06 -2.091477145443116e-22)
(-1.218938742289836e-06 5.069920838512987e-06 -4.053348778940857e-22)
(-9.984920437348509e-07 5.232435050474792e-06 -1.013673169013526e-21)
(-7.749510298129961e-07 5.217895130207872e-06 -5.455480870018683e-22)
(-5.664535536147172e-07 5.000098019342005e-06 -4.565746441618081e-22)
(-3.854351334075948e-07 4.546864240433362e-06 -1.686442586493313e-22)
(-2.377897941015293e-07 3.81270868285476e-06 1.869815043111557e-22)
(-1.234960523229011e-07 2.727568519989444e-06 8.782652675085589e-22)
(-3.708821489606583e-08 1.167879545857856e-06 1.323937107901923e-21)
(-7.740248464524133e-08 -8.736773558729732e-07 -3.913922375416086e-20)
(-2.295248956122459e-07 -2.045101985200665e-06 1.850602697038338e-19)
(-3.757873913837249e-07 -2.837237731866636e-06 1.11985988498799e-19)
(-5.183476918053844e-07 -3.33797849343901e-06 -8.342322333187806e-20)
(-6.581538326300715e-07 -3.60852204679251e-06 4.030330281328031e-18)
(-7.92380523136413e-07 -3.694515527085263e-06 -1.537382212540214e-20)
(-9.14914934551812e-07 -3.63124890790387e-06 2.787892241670323e-20)
(-1.017668883771905e-06 -3.447972575778332e-06 3.318579569332569e-19)
(-1.091852800480238e-06 -3.170851534166136e-06 1.623537768626351e-18)
(-1.129205091119105e-06 -2.824715737557559e-06 -4.967987443473056e-20)
(-1.123167174101611e-06 -2.433789335505848e-06 -9.346064948613326e-19)
(-1.069927859949924e-06 -2.021556306336988e-06 3.035765732675458e-20)
(-9.692442152022841e-07 -1.609909350763598e-06 8.37689869542404e-20)
(-8.249245749152902e-07 -1.217724718031651e-06 1.326237933408707e-19)
(-6.446105742640568e-07 -8.590911493439046e-07 1.376178407733227e-19)
(-4.379216375135359e-07 -5.416776853398725e-07 -5.990865257782917e-20)
(0.02494274509277195 -0.02203280893253631 -4.213781942375103e-18)
(0.01992573279778431 -0.03420111570280735 -1.077410465911076e-17)
(0.03455713012828523 -0.04344152150172643 3.651696186320263e-19)
(0.04328124919059355 -0.04666540253844892 2.09486574447382e-18)
(0.05054798167912124 -0.04770724321236546 1.943852938153302e-18)
(0.05603993481301635 -0.04783146062396954 -1.701851472219902e-17)
(0.06026087860908975 -0.04784628125360599 -2.777207161179508e-18)
(0.06344646212349472 -0.04819600866920982 -1.079954114641662e-17)
(0.06574090124892734 -0.04912378869860414 -1.201836350911694e-18)
(0.06719765610292423 -0.05071475693603739 -1.004063502701305e-18)
(0.06781527775054456 -0.05287274884116204 -1.886421807092341e-18)
(0.06758377457771231 -0.0552457059736367 1.710638743787957e-18)
(0.06644322711300263 -0.0569722408980058 2.370320423511336e-18)
(0.06437776248105748 -0.05623319791180497 8.785605981618069e-19)
(0.06359732196994056 -0.04687081413691677 2.158305539470972e-18)
(0.05468885889107642 -0.01861707483003132 3.734135474994872e-18)
(0.06670975997168828 -0.01077026214147637 6.925458610170228e-19)
(0.07035282177992058 -0.003128871123383056 4.1785129875729e-20)
(0.06993962495194936 -0.0008780378072718699 3.363922255327519e-19)
(0.06980486001623207 -8.60365881683814e-05 1.370086637525805e-18)
(0.06980918183499464 0.0003552408233238708 3.41106961339722e-18)
(0.07008280501402364 0.001372173608905302 2.364914097795042e-18)
(0.07090221823811846 0.005175700427361863 9.12074288650263e-19)
(0.06733676154082865 0.01963135899754869 2.94074720094972e-19)
(0.05571851692288134 0.04098697983979282 1.735386332035397e-18)
(0.06184481273353591 0.08904950057018937 -5.098769149893977e-19)
(0.05663220276024794 0.1096052110784285 -1.009445631513506e-18)
(0.05229721030129474 0.115914571096348 -5.953738094325452e-19)
(0.04533834812891925 0.1142067459876979 -4.552000791146241e-19)
(0.03616969226381846 0.1048691579174384 3.981935802869095e-20)
(0.02182151874093253 0.08321360070012974 -5.041738709489166e-20)
(0.02569220812815722 0.05319736962554555 3.05886426907299e-21)
(-4.929809940415822e-07 6.299750656274528e-07 -4.368980476615644e-21)
(-7.089412700257702e-07 9.993893118447061e-07 -4.002139855947263e-21)
(-8.866796657536549e-07 1.406184067862318e-06 -6.873799877859089e-19)
(-1.012463435894691e-06 1.839216075060195e-06 4.354396405263137e-21)
(-1.079007249192099e-06 2.278983284397136e-06 -1.603635931180626e-20)
(-1.085524046182919e-06 2.701446894740316e-06 -4.783759176000364e-21)
(-1.037183685202801e-06 3.081240377197795e-06 -2.913795159673287e-21)
(-9.43935509735319e-07 3.393955874436e-06 -1.983151578645767e-21)
(-8.188685326609166e-07 3.61743172557806e-06 -1.110644885011036e-21)
(-6.763536789740386e-07 3.73198264009807e-06 -4.519815078221045e-21)
(-5.301807044948755e-07 3.719547362703024e-06 -1.761655028425682e-21)
(-3.918445603773388e-07 3.561669848477049e-06 -2.46983097160408e-25)
(-2.691817225978057e-07 3.236505421558115e-06 9.864814612068732e-22)
(-1.657817272162802e-07 2.71491493517538e-06 2.627423580647162e-21)
(-8.241316198432432e-08 1.953944364391225e-06 1.009418452658178e-20)
(-2.176025367794238e-08 8.677799152451149e-07 1.523984930026792e-20)
(0.06882857951910136 0.01182328561531432 2.98197319976284e-18)
(0.06984410113682532 0.00672173506096495 4.526670074589276e-18)
(0.06896150890683241 0.002821185906739032 -6.52672880888404e-19)
(0.06776444316379684 0.0005742835405824808 -3.921783589354817e-18)
(0.06686252945861651 -4.731777190018077e-07 -1.309800109799445e-18)
(0.06640933448500604 4.143169178623006e-06 3.479668746591487e-18)
(0.06616387232035556 3.134482996541691e-05 3.1216105779399e-18)
(0.0659953370654285 2.224090578784932e-05 3.547952333055338e-18)
(0.06584786240502677 1.345689104026329e-05 -3.108560005270952e-18)
(0.06569581468994469 1.06706753878979e-05 2.15712157412199e-18)
(0.06552293041242482 -1.276713185023441e-05 4.801556345451752e-18)
(0.06531903117158493 -0.0001002676933395449 3.626663391079394e-18)
(0.06511295998161208 -0.0003156399942918944 4.392359029125231e-18)
(0.06503042392365059 -0.0009197109406169114 1.345432840305773e-18)
(0.06528751154225286 -0.002832585436361703 4.754419282954314e-18)
(0.06188225858219951 -0.00957691160624285 7.990334959973613e-20)
(0.05043696513005357 -0.01629502791280789 -4.253811372663995e-18)
(0.05881456082235503 -0.04166634684209133 -2.746202891722772e-18)
(0.06012892498669402 -0.0509232950225183 9.505085428259381e-18)
(0.06265677998256577 -0.05258762930995409 1.230209104062831e-17)
(0.06450353994810594 -0.05206586788207498 1.214292211345761e-17)
(0.06562050650443257 -0.05090491409300024 -1.1205204081675e-18)
(0.06604598829926178 -0.04985298329690078 -1.009913396479323e-18)
(0.06572695659609963 -0.04923430109465676 -2.406352995587078e-18)
(0.06455362723895886 -0.04918009143910214 1.5478092332405e-17)
(0.06234095057486187 -0.04968093997459716 1.659662043489656e-18)
(0.05883804667862284 -0.05055867575330825 -8.513789763835414e-18)
(0.05374422558485523 -0.05136986574382353 8.895968469849817e-18)
(0.04650333922294391 -0.05120385565421351 1.182862048182779e-17)
(0.0373902911871711 -0.04854542884322086 3.155666637295162e-18)
(0.02181626463460311 -0.03894806961118238 1.074125731219303e-17)
(0.02706915177751158 -0.02492960671116036 4.114242858763856e-18)
(9.514311930317043e-09 -1.897020018015727e-07 -3.911325204314668e-18)
(8.725977509137228e-09 -2.720897836795688e-07 1.046494423167411e-19)
(5.322919357023115e-09 -3.329903361473131e-07 -1.16987441874567e-19)
(-4.057117181273384e-10 -3.695610409401963e-07 1.686076592311621e-18)
(-7.854982712451192e-09 -3.793438113726053e-07 -1.360190822581645e-19)
(-1.495497183858982e-08 -3.604490543141631e-07 -2.882425583740363e-18)
(-1.887328973139424e-08 -3.116919699980292e-07 -8.475409279338534e-20)
(-1.81120322359854e-08 -2.335240022917351e-07 -1.670328137708366e-19)
(0.02697912776742175 0.05310449511553007 1.813569227591257e-18)
(0.02121716140347283 0.0836243740257098 5.364871263661277e-18)
(0.03570360100396887 0.1054410937105367 5.487478009781778e-18)
(0.04401275621916113 0.1147546280297287 5.42449803111434e-18)
(0.04990496099828155 0.1163159033078004 5.665720547547891e-18)
(0.05289697219617786 0.1098989291825768 1.206510821051848e-18)
(0.05686056789513153 0.08959539623291568 -3.287474671143904e-19)
(0.04856897543711517 0.0424993832996878 1.634914379037047e-19)
(0.05807996185090837 0.02239362902262428 -3.860105224199579e-20)
(0.05812504800714757 0.008550047562634553 2.054098840696591e-19)
(0.0543687965258094 0.004801651711644721 2.214495230761448e-19)
(0.05113662566935748 0.003667045531027611 2.524091370560842e-19)
(0.04844524533258105 0.00304491732370788 1.908568945657587e-19)
(0.04626776375244521 0.002363074994332955 1.210083185277265e-18)
(0.04467052235399585 0.001613686356289009 4.184414034685899e-19)
(0.04373748867984768 0.000846987301448906 4.152990778480468e-19)
(0.04351429186300861 8.973464323138824e-05 4.531060164351085e-19)
(0.04400683643930319 -0.0006388045549619839 3.885187483147849e-19)
(0.04518329783374425 -0.001309170517337904 1.0099936344441e-19)
(0.04697519282180335 -0.00186721287708954 -1.454119588088181e-19)
(0.04928168770079352 -0.002240038980058425 -2.016371191187484e-20)
(0.0520148637380898 -0.002439622742152491 2.137954995762464e-19)
(0.05490260944888017 -0.002631137423121027 2.535382285443483e-19)
(0.05741458994074064 -0.002949051948900158 1.346793012771744e-19)
(0.101642062352593 0.02146255627287075 2.302764080272977e-18)
(0.1056782452897649 0.01053369425599316 2.816592241603587e-18)
(0.1006290300993701 0.0006673466841798134 -7.159413650078269e-19)
(0.09785289694386598 -0.00109506950386854 -1.214646547986626e-17)
(0.09649302785800809 -0.0005258390863978971 -8.143350214787747e-19)
(0.09584900436603999 -0.0001372616372950916 2.470890568927636e-18)
(0.09545700931792209 -8.176213650313001e-05 2.657818969954709e-18)
(0.09516911378781089 -0.0001084666813448807 1.454824407381111e-18)
(0.09492074737864049 -0.000116479761518779 -1.840821079656017e-17)
(0.0946687514252566 -0.0001093029677978776 -2.189704804625647e-18)
(0.09438156435978443 -0.0001312813309531648 5.135326865287876e-20)
(0.09403331512122368 -0.0002649149058926926 1.936083888762987e-18)
(0.0936039251871444 -0.000585497857619172 3.279760186625737e-18)
(0.09310384861344929 -0.001059368533216462 1.158345134239409e-17)
(0.09332009489580594 -0.00218064633070785 3.086696234673044e-18)
(0.09469853718623546 -0.008227699901825994 2.061443202356611e-18)
(0.09553486627855533 -0.02460653150592139 1.194747262066972e-18)
(0.09384133667140199 -0.04152331371022831 -1.730563628242605e-17)
(0.08680355673528561 -0.04882510280847891 -3.662814716485986e-19)
(0.08201922363018846 -0.05094637206031781 4.011941529908575e-18)
(0.07804740722460803 -0.05064664322035517 2.69306342670463e-18)
(0.07452119611006527 -0.0493801065848713 -1.127165634759731e-17)
(0.07105860430376455 -0.04795379543143247 -2.988464429118587e-18)
(0.06733616933683118 -0.04671215799405359 -1.056734262580768e-17)
(0.06302188945931271 -0.04575490461001125 -5.414031137469123e-19)
(0.05777458736535439 -0.04504000599407859 2.43076384025276e-18)
(0.05127794788303525 -0.04434796991978903 2.062917985025112e-18)
(0.04329209030790349 -0.04317364118212378 2.690626659433585e-18)
(0.03341021046906146 -0.04065013392679367 2.698760847715578e-18)
(0.02285360093857251 -0.03576181534527582 1.346919495659143e-18)
(0.006142678360663159 -0.0274100504099028 3.32011286152852e-18)
(0.01013028399911152 -0.01994521358716763 3.863622815271086e-18)
(1.562142157372336e-08 -3.14662606136799e-07 -8.640625661715653e-21)
(1.697536520899046e-08 -4.536825450596194e-07 -1.584665402001776e-19)
(1.379427511279119e-08 -5.59174902933085e-07 -1.352587607531783e-19)
(6.799984711598761e-09 -6.243865413261412e-07 -2.050341802552454e-19)
(-2.959588129257396e-09 -6.435222484309569e-07 -7.115618085971161e-19)
(-1.306973422370017e-08 -6.124937570045619e-07 -3.166604506743569e-20)
(-1.99942065438885e-08 -5.295703675214231e-07 -2.262416521781985e-20)
(-2.080281465469645e-08 -3.959869005303041e-07 -2.815940661425278e-20)
(0.01190296275271162 0.04943111365822425 2.078364709758708e-18)
(0.008225021272500226 0.07048994098613044 1.979544583637023e-18)
(0.02893903625123608 0.09077531558670721 2.18370859277315e-18)
(0.04362522276786314 0.1019006759599741 1.737291455903938e-18)
(0.05889465485493059 0.1053124430566726 1.464310823471054e-18)
(0.07313501959118984 0.1004419254249128 -5.938427978996814e-19)
(0.08840540189563299 0.08507749413761254 -2.93052234043959e-19)
(0.09346686330400024 0.05302226068635642 4.046754428661465e-19)
(0.08987062090575543 0.01944288604700178 4.449716054183482e-19)
(0.08293103623057327 0.006639900395850517 3.404799074018014e-20)
(0.07732280376199326 0.004675853766852141 6.163017744365616e-20)
(0.0731074093412698 0.004335436807054621 2.455251997181528e-19)
(0.06935710150689028 0.003652536834501788 1.525536465236667e-19)
(0.06622833206038828 0.002777040251845886 2.912386635129249e-19)
(0.06392170959168424 0.001900989379555817 3.367960010267559e-19)
(0.0625801200443529 0.001064298576571995 2.892203716496973e-19)
(0.06226919771396836 0.0002633911843652035 3.194100638580199e-19)
(0.06299814601314002 -0.0005026464583319792 4.383531850797936e-19)
(0.0647239227072192 -0.001220679931114723 -6.20188438818559e-20)
(0.06734444670145927 -0.001844671977782868 -3.82338329072614e-19)
(0.07068511044287126 -0.00223496760429407 -3.531650172402151e-20)
(0.07458850296004517 -0.002196102002845975 2.43203308502884e-19)
(0.07879225929489909 -0.001956135649135586 -9.129042865883486e-20)
(0.0841283526528819 -0.003228975828564919 -2.388421776181965e-19)
(0.1038660901195961 0.01456903045406356 1.862226911337929e-17)
(0.1131101534492733 0.01179095890723106 2.199325720143711e-17)
(0.114225552289444 0.005897647203721019 1.623852754146539e-18)
(0.1142136579274577 0.0028339074760608 -3.037796518261888e-18)
(0.1141172895882943 0.001606787787413751 1.135284769255305e-17)
(0.1142187658491652 0.001044941013873333 2.126046636211043e-17)
(0.1143119118463157 0.0007310567554931526 1.509649908281867e-17)
(0.11433960999098 0.0005748497035644731 2.087271629642369e-17)
(0.1143080282627359 0.0005405721541630167 -1.185813325774324e-18)
(0.1142340486439373 0.0005887701933049664 8.592324079044544e-18)
(0.1141317936307446 0.0006679616663117804 9.170364236547624e-19)
(0.114015945899744 0.0006978678033771279 1.661597050452999e-17)
(0.1139258690598197 0.000552602571107155 1.959820276271481e-17)
(0.1139772295516502 -1.238525245340097e-05 4.696872919791461e-18)
(0.114677807276375 -0.001736255222898206 1.116390012185476e-18)
(0.1161133406467863 -0.007182361613027893 1.106397117249484e-17)
(0.1159595340091274 -0.01884691821533157 1.915592657156221e-17)
(0.1110232224659768 -0.03306184571402423 -8.617862753826712e-19)
(0.1025339840974986 -0.04082992845920774 1.706773478052243e-17)
(0.09461320618245611 -0.04413935831876695 2.145910948125423e-17)
(0.08721889305837967 -0.04473912325035975 1.471034187443357e-17)
(0.08040901522182894 -0.04398419888055311 2.316142846913412e-18)
(0.07397049125491119 -0.04269608813499476 -1.755672624392399e-19)
(0.06761892901311396 -0.04121352692502391 -3.917451366375705e-19)
(0.06096945488318747 -0.03962724308362073 9.979460012500608e-18)
(0.05364610735713899 -0.03794817560447982 1.117491046115602e-17)
(0.04541723182647421 -0.03606496667726391 1.210860158037888e-17)
(0.03628328554711127 -0.03360887884519613 1.248298988304038e-17)
(0.02620170407340736 -0.03001185658420044 1.174502346831303e-17)
(0.01691767883209379 -0.02485266614508251 3.513044692379371e-18)
(0.003992320452479001 -0.01890872418277097 1.859129828344199e-17)
(0.005418560149629024 -0.01403576767542913 2.485672633820232e-18)
(7.90035404305868e-09 -4.707911092634125e-07 -2.324698568174465e-18)
(9.313756304391019e-09 -6.844572267851017e-07 -2.570427931790957e-18)
(9.097376704389482e-09 -8.529628891945098e-07 -7.689424380749172e-19)
(7.159916107918329e-09 -9.620381418761273e-07 -1.904147169533062e-19)
(2.944407643049041e-09 -9.992427849546924e-07 -1.478237040417172e-19)
(-3.263194960773097e-09 -9.557435922307247e-07 -4.230600597090271e-19)
(-9.202889059319042e-09 -8.277587868251585e-07 -2.713683096017499e-20)
(-1.110757865113027e-08 -6.172956847896524e-07 3.166369215873886e-20)
(0.008917705829417397 0.04083252438461899 1.534741621587327e-18)
(0.008218711354541013 0.05793477479297388 5.161787834726022e-18)
(0.02934540377277872 0.0741526109679886 5.652912268134747e-18)
(0.04589181021666934 0.0840991504160498 5.270356632991871e-18)
(0.06502228747954003 0.08725140091799093 5.615861661187089e-18)
(0.08356928936716082 0.08264797724259207 3.463980841004253e-18)
(0.1011629209335506 0.06928953599423249 3.271896386326625e-18)
(0.1112375905500292 0.04536803333912016 4.224169899594947e-18)
(0.1102449579992328 0.02459671272183827 1.640767765934911e-18)
(0.1031649818888804 0.01485976350585017 -6.688130965017617e-19)
(0.09587025739617386 0.01172875241469626 1.346386636735242e-18)
(0.08973723552021992 0.01027510645393226 1.969865540361719e-18)
(0.08450517721954118 0.008721621981486589 1.556722234817524e-18)
(0.08028774781770788 0.006766765898228646 1.854348531865705e-18)
(0.07722838967947201 0.004494900309455417 1.963382517004582e-18)
(0.07544824194521763 0.002038891322954598 2.572890106980699e-18)
(0.07499898787671692 -0.0004822400870768958 1.727352265414164e-18)
(0.07587758090863361 -0.002958470687406737 3.150778786656609e-18)
(0.07802948006721212 -0.005270774165304581 1.572010192079864e-18)
(0.08134762672081668 -0.007275618561757697 -1.282578010223523e-18)
(0.08566105266210251 -0.008794162105067119 -1.154544726618579e-18)
(0.09083868246434225 -0.009687512425285112 1.129093635255568e-18)
(0.09646980317859401 -0.01006291828873603 1.635040054192395e-18)
(0.1041809778699381 -0.01073793547276922 7.893402348887978e-19)
(0.1033156266205556 0.004351587948189677 4.037142020091692e-18)
(0.1142091494240482 0.004035760196449393 4.275854262911915e-18)
(0.1191668566446444 0.002187184882731998 -1.079296199091099e-17)
(0.1216195692092246 0.001039770281233093 -1.375001665679613e-17)
(0.1227199579354751 0.0005553658866146362 9.037053332784919e-19)
(0.1233803841320127 0.0003688250922196513 4.937197910005198e-18)
(0.1237733062499315 0.0003031024615141524 4.770422756969091e-18)
(0.1239963782212958 0.0003074714557966289 2.563812612480991e-18)
(0.1241175235452852 0.0003634945712702472 -1.137024658191825e-17)
(0.1241880383593905 0.0004482147979231631 -2.210572137155156e-18)
(0.1242439774399035 0.0005161404481341201 -1.041984746084846e-17)
(0.124313363969201 0.0004761189415231764 -1.49664889235165e-18)
(0.124431598474908 0.0001543872853680944 -1.513381333223885e-17)
(0.1246497697959758 -0.0007940567112308406 -1.738047326826159e-18)
(0.1250876629577463 -0.003063634519469929 1.791381001707045e-18)
(0.1254096028314065 -0.008042478301944968 1.972882336128003e-18)
(0.1238117354520363 -0.01655542616558986 4.220424170853474e-19)
(0.1181283812156757 -0.02610484908474787 -1.915152212644452e-17)
(0.1094353915653929 -0.0322584658425775 -3.570053385357083e-19)
(0.1001954407688731 -0.03542993891956701 1.78049132406372e-18)
(0.09099884395824527 -0.03642035281552644 1.897189288350952e-18)
(0.08221320619956081 -0.03613606423194955 2.107357472718288e-19)
(0.07389829442399726 -0.03518570630817868 -8.995622554557789e-20)
(0.065923146088194 -0.03373852497779559 -5.63426391971434e-20)
(0.05791194503620677 -0.03180253629759103 3.343118485011585e-19)
(0.04947911785281146 -0.02950222678371617 -7.237818085141079e-18)
(0.0405221770258834 -0.02696822758704296 6.825004659297405e-20)
(0.03127614828023548 -0.02406473787122336 1.37132038162738e-18)
(0.02192686473255625 -0.02052469269776955 2.433883887447231e-18)
(0.01409138324859876 -0.01630421746560941 1.293586596019253e-18)
(0.004243689518591534 -0.01263449463712749 3.530210057941456e-18)
(0.004168729172778693 -0.009259614081747292 4.067330957413984e-18)
(-2.356588246071878e-08 -6.596877218968678e-07 -3.966503870772095e-20)
(-2.696880390968409e-08 -9.677016418337646e-07 -2.537028902435777e-19)
(-2.132628008216786e-08 -1.22035410544865e-06 -2.809607588170294e-19)
(-7.842347868325383e-09 -1.393224331651486e-06 -6.910173370365753e-19)
(8.790682990561516e-09 -1.463467345696155e-06 7.446394293680137e-19)
(2.245450278146044e-08 -1.413245487185723e-06 -6.285765915101425e-20)
(2.876322716420174e-08 -1.232793377193252e-06 -1.912792409654523e-21)
(2.725670494429372e-08 -9.229002908786197e-07 1.032859588060802e-20)
(0.008599429802549147 0.03201312058912929 2.306898718476196e-18)
(0.009274239638288537 0.04570832416648517 1.972969396728519e-18)
(0.03037139086687567 0.05742551916659844 1.97366239763204e-18)
(0.04723758367654548 0.0650552509489874 6.702120241541786e-18)
(0.06734465314830057 0.06753896221366892 4.437291759851233e-18)
(0.08694919518252874 0.06415448770867264 3.404172415296433e-18)
(0.1046725182161584 0.05490718981669771 1.452778047080706e-18)
(0.1161539253707701 0.04038591183166301 5.060265906117527e-19)
(0.1181806383265 0.0279665025523955 2.919932271218493e-18)
(0.1132457194915504 0.02170236921916096 1.268466471745064e-18)
(0.1060765871967056 0.01862508387537889 1.313664153605259e-19)
(0.09923587320141067 0.01636600119296635 3.609683140067393e-19)
(0.09327850891741285 0.01375040499985374 4.405960953649508e-19)
(0.08855954373224625 0.01059915324216746 2.738892999108894e-19)
(0.08520671284217991 0.00704543604637677 4.786787459552295e-19)
(0.08328711022420617 0.003272549759593458 6.085115055465051e-19)
(0.08281441609391869 -0.0005602406899906637 5.309317611759422e-19)
(0.0837718507174653 -0.004310781983584674 1.923664920206271e-18)
(0.08611313978869578 -0.007825701710070123 -1.641851267386139e-19)
(0.08975801323292337 -0.01091935063797091 -3.699009631238028e-19)
(0.09455761586615036 -0.01337121233582038 -1.031021509193205e-19)
(0.100358607488421 -0.01500184470445949 6.643969591044032e-19)
(0.106507082848339 -0.0158188956928292 1.127627242931508e-18)
(0.1147877381045939 -0.01629116778835285 7.508491877317033e-19)
(0.103316836105461 -0.004357294089933211 1.796851417993867e-17)
(0.1142127569489933 -0.004046832077357954 1.973698230552019e-17)
(0.1191789297551538 -0.002170364723031133 4.928120736098935e-19)
(0.1216393914293672 -0.0009833565353827918 -2.941091325728852e-18)
(0.1227526238561717 -0.0004475553766707029 1.123802212020389e-17)
(0.1234335740055136 -0.0001891778447764552 1.679048246821021e-17)
(0.1238577365397025 -2.011784599507809e-05 1.435267188093855e-17)
(0.1241265583463296 0.0001182687502758123 4.259606785422194e-18)
(0.1243121941359235 0.0002431332207143418 -1.58727098054667e-18)
(0.1244687671787293 0.0003531391106790408 1.009888820139782e-18)
(0.1246301038951139 0.0004193760588019457 -1.765287107478111e-18)
(0.1248108146924104 0.0003639587286254816 -4.369833956086336e-19)
(0.125003990758171 2.800869304856717e-05 -1.01425549959468e-18)
(0.125156228255022 -0.0008842753039134537 1.574133636717684e-18)
(0.1251284617332306 -0.002859579188675989 1.143635244947125e-17)
(0.1244188458652089 -0.006597007887732873 2.191451425097286e-18)
(0.1217935815685346 -0.01230754989272759 -2.845394266106095e-18)
(0.1160235070979915 -0.01854685030543804 -1.427356724473715e-17)
(0.1077491214380234 -0.02301177614195216 6.698343173421309e-18)
(0.09842714452134575 -0.02559876212453184 2.48414883811178e-18)
(0.08875932389463077 -0.02665412358922797 1.107454952119678e-19)
(0.07924173569892726 -0.02675196681650397 -2.044867930425669e-18)
(0.07019025845893997 -0.0262939527428877 -8.148312132427596e-19)
(0.06166326819515259 -0.02514801109808002 -2.258185139719321e-19)
(0.05328227515203898 -0.02312546245251762 6.215393889829252e-19)
(0.04460121197639759 -0.02051613393544754 9.238362452356252e-18)
(0.03565996409424999 -0.017814833104044 1.635502389725692e-18)
(0.02690501367673363 -0.01509883096707539 1.116585885038695e-18)
(0.01860539680623652 -0.01222749340236883 9.873518727862152e-18)
(0.01196775606742549 -0.009277913034821405 2.860059599685997e-18)
(0.004108923128684543 -0.007341897375824947 1.10970935124838e-17)
(0.003684295504095832 -0.005416746296375533 -1.622670442041857e-18)
(-8.89044146694341e-08 -8.76877776568143e-07 -4.650684465980202e-18)
(-1.053188005764594e-07 -1.297823935057698e-06 6.084040296941188e-18)
(-9.175742300519818e-08 -1.656205190509168e-06 -2.286672857859753e-18)
(-4.985141661625891e-08 -1.916217242822716e-06 2.405265178949986e-18)
(9.77061391689571e-09 -2.04198571042034e-06 -7.498101465953701e-19)
(6.982023532074721e-08 -2.002308195801154e-06 3.643214935559702e-19)
(1.109498335705172e-07 -1.774986962819049e-06 1.107284501917353e-21)
(1.17457590666746e-07 -1.350871562619932e-06 4.088262190949818e-20)
(0.008261140556764062 0.02320099284189106 2.297573034959665e-18)
(0.008691547995336522 0.03304651779225425 7.455903287115204e-18)
(0.02950520381770507 0.04052228052269648 2.779004025880596e-18)
(0.0457320674529461 0.04579365670948177 5.614769632346279e-18)
(0.06498356571567533 0.04756541434660019 2.796724520978465e-18)
(0.08370399800632512 0.04542808162976371 6.583463578058391e-19)
(0.1005359749432887 0.03987819661101483 -1.418388172624348e-18)
(0.1126819526346015 0.0325433975872088 -7.408584649552209e-19)
(0.1172109734683375 0.02815169623744415 2.739292020035279e-18)
(0.1142150120195615 0.02719513485977724 -2.704348277574528e-18)
(0.1075852465851171 0.02554593414590533 -3.752906189728016e-18)
(0.1009465430824162 0.02295779573428774 1.976488575638381e-18)
(0.0951119412153293 0.01925208573116611 4.033083620072637e-19)
(0.09057828943155015 0.01473094082954486 1.433377461691637e-18)
(0.08742734534781531 0.009713330123671505 1.672819192251151e-18)
(0.08567060879800371 0.004456370434911249 2.476203831998702e-18)
(0.08528853355798101 -0.0008496962614371259 4.712309531283283e-19)
(0.08626150794844444 -0.006044521829624247 2.823610588354751e-18)
(0.08857072136041144 -0.01095241406422785 1.266954901006991e-18)
(0.09219042464309547 -0.01534571921795862 -9.997412754500651e-19)
(0.0970360402923328 -0.01892709702756809 2.527312860884287e-19)
(0.1029946513688558 -0.02137890775129211 3.955406166749883e-19)
(0.1093351020148699 -0.02250011952010138 9.77272504294815e-19)
(0.1177290825526851 -0.02250852272816467 8.022062884852463e-19)
(0.1038424022894993 -0.01451718156575448 1.839245174941633e-18)
(0.113108597058467 -0.01175060169501157 1.782471964253842e-18)
(0.1142520386010929 -0.00582856460804472 1.878317845680438e-19)
(0.1142628345185464 -0.002729383366179396 -1.758414858981574e-17)
(0.1142010531401058 -0.001459738504791871 -3.465406114775082e-18)
(0.1143566389552526 -0.0008388316861883361 8.592075762358856e-19)
(0.1145316194704432 -0.0004393861246191391 -1.389413103623993e-17)
(0.1146791560006012 -0.0001646694348796277 1.050143847937302e-17)
(0.1148174117881058 2.049748016954098e-05 -4.87297332473238e-18)
(0.114972306992352 0.0001370664472251184 1.047425461867922e-17)
(0.1151552310903597 0.0001784797840246911 -5.76775118317548e-18)
(0.1153548834394653 9.357693506808768e-05 3.888234563079016e-19)
(0.1155223053904522 -0.0002313225397236523 1.22142602372071e-19)
(0.1155350411729023 -0.0009969494663697462 2.010502294560194e-17)
(0.1151480716138311 -0.002491215714674836 6.771725835622716e-18)
(0.1138717460248922 -0.005032324109069374 -9.410194496159967e-19)
(0.1108918662176965 -0.008614179268977167 -1.314640317039995e-17)
(0.1055257356802694 -0.01244621958923386 -7.517285920721984e-18)
(0.09812721530877261 -0.01536608887918551 -3.814716112276854e-18)
(0.08956719782010239 -0.01718408574793127 -1.278992105851017e-18)
(0.0804486435128573 -0.01804611751186887 -1.264455868442612e-18)
(0.07124215875307828 -0.01833609074253653 -1.31055988752741e-17)
(0.06245879808925549 -0.01833435167611838 -1.195888389735054e-17)
(0.05431541312309297 -0.01744003352772347 -1.477218327488792e-18)
(0.04644187896763951 -0.01510437775726665 1.166163544693367e-18)
(0.03824692300005943 -0.01200608996683622 8.353277741582049e-19)
(0.02995112030426679 -0.009298171816557144 -1.910759012452636e-18)
(0.0221871091324129 -0.007117401309784369 -3.089303230950011e-19)
(0.01521025239537374 -0.005155736668446242 8.960766458853479e-19)
(0.009757408079632773 -0.003446899117863524 6.174701277511526e-19)
(0.003572445099593393 -0.002867678998749435 1.660031688935279e-18)
(0.00313664045380977 -0.002274686022910588 2.267110063514262e-18)
(-1.966180720151681e-07 -1.113043824034965e-06 1.004687400302017e-19)
(-2.379361851686038e-07 -1.661067966678316e-06 -8.592730356761989e-20)
(-2.166276932072386e-07 -2.144033038320491e-06 -1.072992407581047e-19)
(-1.331698491289363e-07 -2.515276503021026e-06 -9.857627709907224e-20)
(-4.466245666703839e-09 -2.725750966332818e-06 -5.541149902257998e-20)
(1.38091715395916e-07 -2.729201365701383e-06 -8.149738644205453e-21)
(2.527543428087684e-07 -2.485394433981991e-06 2.369572044057943e-21)
(2.932625791712482e-07 -1.960246370505013e-06 2.129110158514577e-20)
(0.007622628830361673 0.01537347725445403 -1.503039633679465e-18)
(0.006719316402473814 0.02200388576388629 -4.956777598099457e-19)
(0.02638780979468031 0.02602938208826198 1.7620665618543e-18)
(0.04106107559934748 0.0295982121019308 1.35658447811044e-18)
(0.05807124135397034 0.03079016976663464 -5.026460351669893e-19)
(0.07451464493835808 0.02943093068832969 -5.918482738147839e-19)
(0.0894826772624729 0.02619065765147529 -3.775153245750456e-18)
(0.1015256381910563 0.02349439259093927 -3.707752423507779e-18)
(0.1076115769158568 0.02605801731482191 -6.984927124294226e-18)
(0.1061065390504593 0.03151338622560181 -7.036784427690908e-19)
(0.1001009911308632 0.03166156020485529 2.205718406331987e-18)
(0.09467967876322243 0.02885044134612803 1.699289764691431e-18)
(0.09002316298650631 0.02409596701166502 9.627802005665416e-19)
(0.0865402833294215 0.01828546529572905 3.950835100626183e-19)
(0.0841964512612365 0.01195000353232211 -1.814012931199788e-19)
(0.08295472781221375 0.005399646684445043 5.267753889921859e-19)
(0.08278434809467454 -0.001177149545689601 1.920134290663752e-18)
(0.083682303542723 -0.007636137721757461 1.025517853372734e-18)
(0.08567147644763504 -0.01381397205660778 -2.228000222939445e-19)
(0.08880023814840156 -0.01947276072972819 -1.140382619728679e-18)
(0.09309302851637388 -0.02425082692945061 -2.894076816473911e-19)
(0.09857787684471196 -0.02765694762235813 -1.509102503094363e-19)
(0.1046514036501677 -0.02914342106304683 -1.43273619842382e-19)
(0.1126416948662123 -0.0285854771985374 -1.199413138245602e-19)
(0.1016201537469881 -0.02166783208690733 3.389062217926029e-19)
(0.1056608387277931 -0.01080112391276734 2.313210534267593e-19)
(0.1006605523783627 -0.0008887938081389483 -2.27080492892409e-19)
(0.09792040391397522 0.0009020271558877557 -1.681218814928398e-18)
(0.09661297496332599 0.0003413839717266572 -1.730525250626146e-18)
(0.09604352832274292 -4.047197179105909e-05 7.817424180812164e-18)
(0.09575811404831441 -8.120805548182432e-05 1.161858060462827e-18)
(0.09562146759738491 -2.832796917370563e-05 1.189928071323589e-17)
(0.09558408498967336 1.793681227753716e-05 9.583468098363244e-18)
(0.09561529039519057 5.3842181435872e-05 3.003498238686806e-18)
(0.09568526349317653 8.760753720162223e-05 -7.91030158443149e-18)
(0.09575229483461781 0.0001113430778537436 -5.438966816970029e-19)
(0.0957433181563753 9.268932357350509e-05 -1.534128911806297e-17)
(0.09552418234895815 -3.922539257354701e-05 1.996023360788625e-18)
(0.09486694239684478 -0.0003991838485332555 -5.945618255333788e-18)
(0.09340639166558894 -0.001120846087867519 -3.381066207777656e-18)
(0.09064897113000039 -0.002219547720714403 -1.217232524693104e-17)
(0.08623121199448459 -0.003428719057380033 -1.685755224121072e-18)
(0.08034660951127091 -0.004334647914628434 -1.15780334589382e-18)
(0.0734991669772516 -0.004874005501594375 -2.002335133865632e-18)
(0.06610705224527114 -0.005153609850007821 -7.233594999166167e-19)
(0.05848740261108473 -0.005565568278495467 -2.483643423096412e-18)
(0.05120826237685962 -0.006520012407631075 5.799567801117145e-18)
(0.04427823889821628 -0.006919440567639013 8.560721470778585e-18)
(0.03756135602782124 -0.005841319516808638 1.053665775377755e-17)
(0.03021914763005826 -0.003628514202777671 5.320163748807265e-20)
(0.0230214208008846 -0.00158177196209231 -1.904300277547499e-17)
(0.01669644433889421 -0.0003823464408812625 -2.753993514859806e-18)
(0.01138108802222223 0.0005377695784616186 -1.903493853373167e-19)
(0.007290501491687335 0.001145637208293242 9.414610960463303e-20)
(0.002841243969520905 0.0006811466255635061 3.312627434718124e-19)
(0.00244541223058074 0.0001857584276562408 9.404993829280793e-19)
(-3.522941557940282e-07 -1.354693615371371e-06 1.255583825397505e-20)
(-4.337971636382554e-07 -2.036614898656263e-06 -8.152286485613775e-21)
(-4.082499075030305e-07 -2.656618192952418e-06 -4.529700429726784e-21)
(-2.728000224310606e-07 -3.159448523662629e-06 -1.002294910469822e-20)
(-4.954172916175892e-08 -3.485720194266323e-06 -8.938007814643704e-21)
(2.165016815261142e-07 -3.577711419711603e-06 -3.575197383299925e-21)
(4.606895935149735e-07 -3.380773739516778e-06 3.763372190967969e-21)
(5.999132353185291e-07 -2.833331904553149e-06 3.489862017729305e-20)
(0.007102376350487134 0.008714672285225794 -2.595679754854811e-18)
(0.007605774268455147 0.005889080683947849 -7.291178967767989e-18)
(0.02247997242244437 0.005857837003047137 -6.507021506774575e-18)
(0.03352495788340817 0.00839758745468978 -1.189356462233809e-18)
(0.04625297172637231 0.009881370959319008 -1.724775783893638e-18)
(0.05845541831224831 0.01044569025462908 -3.224828499299079e-18)
(0.06969259302250719 0.01068439878996181 -1.150696690454736e-19)
(0.07982017306962187 0.01368975206403688 -1.362425720082339e-20)
(0.08595701290741113 0.02549421282332626 5.577021512409597e-19)
(0.08816517265237372 0.03647613827241431 1.431564552616591e-20)
(0.08366151566837547 0.0369503280654253 2.564748099185984e-18)
(0.08102070552690653 0.03324576557796002 1.909567894271576e-18)
(0.07881872547380435 0.02740721467599811 1.038897941529685e-18)
(0.077295951062023 0.02057097530810261 -2.555784099123671e-20)
(0.07633570767093409 0.01330155718367743 8.874498270841625e-20)
(0.07590973395147155 0.005873199264659138 -1.2993303958826e-21)
(0.07601838425946605 -0.001567057664345659 -1.033270134741291e-18)
(0.07669048042145445 -0.008912469667261497 -1.188479726587315e-18)
(0.07798175958226214 -0.01603344020141978 -1.268564072299222e-18)
(0.07999200868633448 -0.02271439464810438 -9.935515294392344e-19)
(0.08284904217889998 -0.02857048299044071 -1.340463931955047e-19)
(0.08682498501553683 -0.03294764175583254 -2.082756335936488e-20)
(0.09172206522048608 -0.03479292450138157 -1.796925137240469e-20)
(0.09834507580928017 -0.03371888289774345 -1.388813824737524e-20)
(0.06881890254353923 -0.01170375350884694 6.038825998573747e-19)
(0.06984334171921942 -0.006841615324326469 1.783582040075772e-19)
(0.06898183221755544 -0.002931775695343081 -7.085351153558189e-19)
(0.06781107883861061 -0.0006698191540798013 -6.616830192111655e-18)
(0.0669446266573266 -8.123329926555808e-05 -3.375710761382713e-19)
(0.06654128842885279 -7.16043101727079e-05 1.878866753692215e-18)
(0.06636727158140926 -7.835621140029291e-05 2.857738975007434e-18)
(0.06629956813905441 -3.955615422144063e-05 4.534197503499408e-18)
(0.06629054668535306 6.42810469852314e-06 9.710797578331009e-18)
(0.06632018277675628 4.183363540488624e-05 1.833356100096906e-18)
(0.06637005969179484 6.102003807834582e-05 -1.975754786910162e-18)
(0.06641074410910222 4.920427984374891e-05 -2.152971156577827e-18)
(0.06638803465521209 -2.997377596396814e-05 -2.404187937063261e-18)
(0.06620351513521568 -0.0002415384846235579 2.578710330272652e-19)
(0.06568942131548441 -0.0006732976321360312 -6.14223762064951e-19)
(0.06459219325451884 -0.001393081703284945 -3.436014896674854e-18)
(0.06262094656670211 -0.002360540173156794 -4.494714862763891e-18)
(0.05960394325603857 -0.003381567688232787 -9.165916132988193e-18)
(0.05562779110860661 -0.004222100500272457 2.566988207676085e-18)
(0.0509651925017164 -0.004788320789055743 -1.088754274304008e-18)
(0.04592051219866855 -0.005156492752559584 -1.218196863471883e-18)
(0.0407643389742721 -0.005472899144568158 -1.497297645472381e-18)
(0.03573862033663538 -0.005743526814865828 -7.440005092357025e-19)
(0.02834559297364257 -0.004821255304362984 9.728648690410877e-19)
(0.02202381068386949 -0.001552386115323085 1.450034184979491e-18)
(0.01699624099938023 0.002480019875226305 -8.39808948209808e-20)
(0.01363827265819191 0.004103634948542653 -1.978849146203349e-18)
(0.01001497184267685 0.004364990481471246 -3.453337871218664e-19)
(0.007021066377314578 0.004441814603817478 1.009344091216856e-19)
(0.004600453458237324 0.004269534048139596 1.199392928331017e-19)
(0.001981855031038121 0.003149327881518857 3.070113143355626e-19)
(0.001684783547589773 0.001900781307761804 8.655722456438688e-19)
(-5.577164170521894e-07 -1.58516441659505e-06 1.040163782207225e-20)
(-6.970626860603596e-07 -2.398235562404679e-06 -8.396493489336754e-21)
(-6.743771201363213e-07 -3.157788539108948e-06 -3.079567594075643e-21)
(-4.81224702158882e-07 -3.803154857769759e-06 -5.028665135488889e-21)
(-1.432459342930875e-07 -4.269125764082195e-06 3.837006206405517e-20)
(2.835944692665751e-07 -4.494259382474552e-06 -4.677749873805431e-21)
(7.196234873985824e-07 -4.426941964481325e-06 3.393051588270769e-21)
(1.07069532203144e-06 -4.029815424329633e-06 2.214798695262447e-20)
(0.007085295476492303 0.006237997325994214 -3.82626594054612e-18)
(0.009486285446155504 0.006313253078133512 -3.591538972335775e-18)
(0.01584478533364051 0.007157662953229661 -2.547240196347982e-18)
(0.02358143493364965 0.008185354871533582 -1.429337552054997e-18)
(0.03231361474395677 0.009040196604716361 -1.164218747223028e-18)
(0.04080792088969451 0.009415023821764672 -1.271513852411308e-18)
(0.04858574068306983 0.01000912439259738 -7.453920738599868e-19)
(0.05222279249699479 0.0131261028527604 -5.476451592000747e-19)
(0.04261084758950883 0.01573823055589157 8.101085716550954e-20)
(0.05607121554458308 0.03378168708366169 -4.501999696684221e-19)
(0.05768002120645206 0.03699335593010081 1.707638828528614e-18)
(0.06101620557948455 0.03351371066377447 1.183061934206315e-18)
(0.06301043134484914 0.02763803719880577 2.455130503495983e-19)
(0.06433661865188368 0.02070617768303368 1.816606797467622e-19)
(0.06520070797501203 0.01330707166793834 1.7803603952308e-21)
(0.06576969144744901 0.005702193309503452 3.920825821089569e-20)
(0.06615725465272912 -0.001970741218299975 -6.944677195234018e-20)
(0.06643986330038491 -0.009621344277953799 -2.16395035532194e-19)
(0.06667199070800002 -0.01716082629446589 -2.324903289320086e-19)
(0.0669195362086302 -0.02446474381342408 -9.026290502108973e-20)
(0.06727454642511778 -0.03132084890600305 5.78563462862794e-20)
(0.06810418705756034 -0.03732313689159371 9.448931176630145e-20)
(0.0690944731352976 -0.04158317871106657 4.399392334357277e-20)
(0.07132193483724122 -0.04286382984634639 4.878882912330929e-20)
(1.250178558289197e-08 -2.4689577334501e-07 3.007614307330803e-20)
(3.68274228196297e-08 -6.674866372471944e-07 1.890277916581521e-19)
(5.887391013115542e-08 -1.023782454992895e-06 -3.347158378715444e-20)
(8.041256989183704e-08 -1.319393178616894e-06 5.956929847547387e-18)
(1.027066484746327e-07 -1.558140616107762e-06 -7.59937654784131e-21)
(1.255839655255834e-07 -1.743041744586534e-06 -1.468205495185162e-19)
(1.470121356381268e-07 -1.876263956127077e-06 -4.156933353315752e-20)
(1.630902693943001e-07 -1.959771553511455e-06 -6.361776628651773e-18)
(1.6843625040596e-07 -1.996167855416401e-06 -5.181067354263037e-18)
(1.569706270241385e-07 -1.989468362685289e-06 3.555571828279985e-19)
(1.230044217652394e-07 -1.945593559188232e-06 1.147955638685824e-18)
(6.246114258256184e-08 -1.872421203243059e-06 2.888132334684811e-19)
(-2.597085468859436e-08 -1.77934403764444e-06 1.855264529536975e-19)
(-1.399617138436726e-07 -1.676365350666105e-06 -5.686705096494787e-20)
(-2.731297889498399e-07 -1.572863721175342e-06 4.860325953199337e-20)
(-4.152212263273253e-07 -1.476190933010543e-06 2.832172600860382e-20)
(-5.529177244593779e-07 -1.390348057251842e-06 -1.26762011601709e-19)
(-6.712229897974653e-07 -1.314981328061869e-06 3.4335578109625e-18)
(-7.55275250373345e-07 -1.24491914950571e-06 -3.632880876680731e-19)
(-7.92383567369383e-07 -1.170400427966817e-06 -1.841845210241837e-20)
(-7.741792046514874e-07 -1.078167012299666e-06 9.009570549134679e-20)
(-6.98710199135001e-07 -9.53437887569672e-07 8.449564193485338e-20)
(-5.715579088991923e-07 -7.825897088021422e-07 -1.098191707230433e-20)
(-4.034824315356407e-07 -5.561033401767744e-07 -1.742363051408055e-20)
(0.006018360093621493 0.001481389160617242 1.055915618788321e-18)
(0.001318528973610538 0.0040035746463913 4.199077301486563e-19)
(0.004028321925402502 0.005464353528854144 1.394058987716992e-18)
(0.003513145171434656 0.005928117537759421 1.606089470091051e-18)
(0.002913587707971604 0.006039344537237285 1.397837475520417e-18)
(0.002117006777423503 0.005725208795365682 6.106388808491554e-19)
(0.001141264131318373 0.004462587243088682 1.440383631825933e-18)
(0.0009822330145136146 0.002872778615532079 1.842633134726409e-18)
(-8.10362361479541e-07 -1.786198269965482e-06 -8.172173896519968e-20)
(-1.025951846689126e-06 -2.716747778759533e-06 -1.258761856703455e-19)
(-1.016056812315654e-06 -3.605792626178292e-06 -2.069327005024903e-20)
(-7.647928050641059e-07 -4.390077997132574e-06 4.003897179850347e-20)
(-3.002876106435876e-07 -5.001837885828565e-06 -2.039101590914316e-18)
(3.11442803686314e-07 -5.379391420100126e-06 4.779483993395306e-20)
(9.770243171802759e-07 -5.476546128651769e-06 7.997668596271036e-20)
(1.591348849510482e-06 -5.272515766596708e-06 8.034403019854397e-20)
(2.061913722309003e-06 -4.788681642688836e-06 2.448593586411299e-20)
(2.359499010130047e-06 -4.130487566455718e-06 9.409008585447125e-21)
(2.541815971826892e-06 -3.508534235979396e-06 -4.19818024363286e-20)
(2.600212121704054e-06 -2.914954098551595e-06 -6.772461599882874e-20)
(2.514510727753393e-06 -2.340100947455237e-06 3.016156578263391e-18)
(2.270122752598414e-06 -1.789247600263513e-06 -5.048504375304245e-20)
(1.867778767426428e-06 -1.274972710797869e-06 3.587359328351134e-20)
(1.327224202578997e-06 -8.078733852940126e-07 -4.399626746145965e-21)
(0.02430029627893597 0.01690742944907733 1.903673554927696e-19)
(0.02236144626437697 0.02539475282098215 3.779340408905276e-19)
(0.03374569685651721 0.02987045117694021 4.533920591820018e-19)
(0.04123219055437682 0.02832909801426635 1.03651845969049e-19)
(0.04668711128134246 0.02411469518686606 -9.338038218788091e-20)
(0.05039486019479713 0.0184019736137053 -6.347668410325004e-20)
(0.0527882428981525 0.0118807878336547 5.048573377984375e-20)
(0.05415096097852833 0.004929932614058915 6.07161282823634e-19)
(0.05465331081879253 -0.002212948653171561 6.575641675092265e-19)
(0.05435194409560277 -0.009373136576519808 -1.349489406375522e-19)
(0.05318528571039574 -0.01638107416282917 -3.59890162686834e-19)
(0.05094608831540384 -0.02301519310026388 3.367166576857471e-19)
(0.04716803037331446 -0.02890534045559255 6.851765878709301e-19)
(0.04111348830396434 -0.03325410410046702 7.57000885716644e-19)
(0.03033128528836741 -0.03400766190792974 6.330575021863708e-19)
(0.01766968583859825 -0.02363441066177982 3.219217008514149e-19)
(1.043955694452121e-08 -3.808699202646412e-07 8.902857576508871e-20)
(3.156510012852949e-08 -1.037979706286756e-06 -3.500747256040598e-18)
(5.109115765536149e-08 -1.610655209979134e-06 1.577809305261433e-19)
(7.268013321151852e-08 -2.105788026956264e-06 3.252054738846988e-20)
(9.898378917016191e-08 -2.527436644468627e-06 -4.866053370243784e-18)
(1.304839903636156e-07 -2.877099549331323e-06 -1.210840086235708e-18)
(1.64445708041147e-07 -3.154112725475659e-06 -6.102856528200249e-19)
(1.947214085005556e-07 -3.357014008056923e-06 -1.8426618828608e-21)
(2.123663838867482e-07 -3.485211746911195e-06 2.548121543800778e-19)
(2.069587592627275e-07 -3.540477186612934e-06 -4.846073761669845e-18)
(1.684287993649822e-07 -3.527929895354208e-06 2.889443352422017e-19)
(8.911163929784145e-08 -3.45631283510102e-06 7.854492498032038e-19)
(-3.431394974867837e-08 -3.337486309812473e-06 -5.489725004889285e-18)
(-1.993413569463878e-07 -3.185205225370719e-06 -8.651572226213846e-19)
(-3.969008300964451e-07 -3.013363106198815e-06 -1.1813898430068e-19)
(-6.115723100055641e-07 -2.833960139946978e-06 -1.707878364104139e-18)
(-8.228112120633839e-07 -2.655119464218311e-06 -2.807307970794102e-20)
(-1.007105689126639e-06 -2.479482349607414e-06 -1.572125729086668e-19)
(-1.140849045737531e-06 -2.303298816121527e-06 -3.170530815236677e-18)
(-1.203626361500178e-06 -2.116461064472549e-06 1.114463492203426e-19)
(-1.181551398105367e-06 -1.903671234457054e-06 -1.915998190992108e-18)
(-1.070049524578382e-06 -1.646680810364577e-06 1.168233601735641e-19)
(-8.750866293638464e-07 -1.3274345792127e-06 -1.567140221844121e-19)
(-6.122518744627881e-07 -9.325828873218891e-07 -1.196038443766869e-20)
(-0.0002357762480401822 0.002161748002813671 7.336465267590324e-19)
(-0.003243481795086792 0.002809199030625694 1.452643892798402e-18)
(-0.0002778997378203354 0.004176264649499512 1.81436466734228e-17)
(6.181778680463003e-05 0.005402610706142228 1.213257273081754e-17)
(0.0004572528492349601 0.006022191845269835 1.103024195790981e-17)
(0.0005086928576637281 0.005950608119571567 2.511800621473473e-18)
(0.0005641906599429964 0.00488356738089326 1.021146379423166e-17)
(0.0004634181935904499 0.003254135055881915 2.334162870212323e-18)
(-1.10327494247755e-06 -1.939839872878882e-06 -2.670866648285785e-18)
(-1.41213338991121e-06 -2.96316339050137e-06 -1.221940246856889e-18)
(-1.426038046991023e-06 -3.958301191154352e-06 -1.388982493730888e-19)
(-1.120182004524586e-06 -4.86139598673439e-06 -6.967997502186299e-20)
(-5.244180749626806e-07 -5.603644725242669e-06 3.031115395606507e-18)
(2.853927345862137e-07 -6.122807963462526e-06 1.541222675889097e-20)
(1.201352881776254e-06 -6.373021341758711e-06 1.464920096481652e-18)
(2.1030267469478e-06 -6.33339770207339e-06 7.397106138648397e-19)
(2.883129675306916e-06 -6.016665086623976e-06 9.257087566051381e-20)
(3.476350530032171e-06 -5.477453470795896e-06 1.435696861288294e-19)
(3.861812466791242e-06 -4.810748762245406e-06 -2.919222146095515e-19)
(4.017657969597899e-06 -4.069750488656021e-06 -5.634183681358615e-20)
(3.922288066049266e-06 -3.295991841574449e-06 -4.712117297987212e-22)
(3.562650916012419e-06 -2.528405643272783e-06 -3.671859420184772e-21)
(2.944282463357775e-06 -1.801439985036745e-06 9.40426800127003e-21)
(2.098914269910504e-06 -1.138859495794552e-06 4.192140063121871e-23)
(0.009677439004589179 0.01208237940143483 1.087397340598588e-19)
(0.007625651938703737 0.01638441958170438 -2.400670929273243e-20)
(0.01910752276837759 0.02026856119851046 6.038582306080023e-19)
(0.02681216839405965 0.02071933393033176 1.075567495539861e-18)
(0.03321789549392847 0.01859091233200103 6.119065014168844e-19)
(0.03784065290564452 0.01464809168583166 9.37925874550345e-19)
(0.04093295296724943 0.009569453051098636 1.457835307747657e-18)
(0.04266517677829133 0.003837225313745973 2.384119529934721e-18)
(0.04315547982943132 -0.002189894028417736 3.392061960722015e-18)
(0.04243028765720724 -0.00820605476071763 1.379408510010967e-18)
(0.0404132281119243 -0.01388119470423525 -3.086787922562472e-19)
(0.03691016277587362 -0.01876754760131376 8.596508389831305e-19)
(0.03156966860350523 -0.02216739700965167 2.034418377444382e-18)
(0.02399623461655297 -0.0229062039426534 2.373189158045567e-18)
(0.01365740531296711 -0.01923904244313932 3.005128124483739e-18)
(0.003192880014154043 -0.008399387168797907 1.67840017489686e-18)
(-1.090426848837124e-08 -5.132293418026561e-07 3.191288919125103e-18)
(-3.018997601976318e-08 -1.425877225730201e-06 -3.867482926680222e-20)
(-4.632201213816516e-08 -2.254873487060171e-06 -1.771929098987127e-19)
(-5.111028449750719e-08 -3.00950159510551e-06 1.651188399209997e-18)
(-3.879836745781205e-08 -3.691165930330568e-06 5.176205964903762e-20)
(-7.339066478454989e-09 -4.295266087250837e-06 -1.662935507334418e-19)
(4.005781856816337e-08 -4.812965374794841e-06 -2.601819838315824e-20)
(9.453445957150527e-08 -5.233746640231733e-06 3.94607477837677e-20)
(1.424493751725031e-07 -5.548216551148617e-06 1.205998767426925e-19)
(1.673449468522509e-07 -5.75057467315618e-06 -1.791378081263288e-18)
(1.526937415815503e-07 -5.84033289498004e-06 -1.373145558931462e-19)
(8.498369929001506e-08 -5.823035962585843e-06 -3.154599705253192e-19)
(-4.335744258933405e-08 -5.709904917269165e-06 1.100215485428378e-19)
(-2.316895897349833e-07 -5.516488981203733e-06 -1.8486467172521e-20)
(-4.699547592238416e-07 -5.260548947212109e-06 -1.027238268668867e-19)
(-7.388151485603241e-07 -4.959496681840531e-06 -3.502429934637363e-20)
(-1.011227966921796e-06 -4.62777222168427e-06 1.132922338178055e-20)
(-1.255352277445415e-06 -4.274589049978574e-06 2.47722600653593e-18)
(-1.438495289638169e-06 -3.90238164477304e-06 3.258620933602963e-20)
(-1.531650977659835e-06 -3.506296240391636e-06 1.791658372599906e-20)
(-1.514035402467402e-06 -3.074911226534486e-06 1.107310464494798e-19)
(-1.376911800164866e-06 -2.592277442014287e-06 -3.150091142053438e-18)
(-1.126151507725368e-06 -2.041526010699343e-06 -3.070726997129324e-18)
(-7.836623755752559e-07 -1.410773093875025e-06 -1.886537136061123e-19)
(-0.001140198941344738 0.001981303649847894 -8.218287305655732e-19)
(-0.002383307249801838 0.002529237597564495 -8.969995178039242e-19)
(-0.00109904050111903 0.003513681002543317 9.989636098337149e-19)
(-0.001021433816911919 0.00483769020905217 1.585167916470443e-19)
(-0.0005617457440431325 0.005617449323422765 1.193395070807109e-18)
(-0.0002714061909889443 0.005685330554066358 5.22377590368301e-19)
(0.0002451717940845073 0.004842881993507507 1.368133258452721e-18)
(0.0001569678068410062 0.003284218168145549 1.284704040321476e-18)
(-1.425365207584003e-06 -2.030337807775844e-06 -7.419733297624918e-20)
(-1.840860907372432e-06 -3.111952590274163e-06 1.206617869600424e-21)
(-1.888378802317008e-06 -4.177770184990827e-06 -2.076423267024517e-20)
(-1.532932661179676e-06 -5.164687333625555e-06 -5.211856748862982e-20)
(-8.05101885652899e-07 -6.003613839880486e-06 -2.159038303680303e-19)
(2.102220746043177e-07 -6.630828551411165e-06 -4.503446580655931e-20)
(1.390792428269906e-06 -6.997051459288993e-06 7.888410465132215e-20)
(2.598686911420896e-06 -7.074357554410701e-06 1.015032615666564e-19)
(3.704050636130695e-06 -6.861518560656588e-06 1.86899054303377e-19)
(4.604126654380355e-06 -6.387803289188698e-06 -3.745124212007578e-18)
(5.227430340009514e-06 -5.710490137037047e-06 -3.014243962670768e-18)
(5.521804856738199e-06 -4.890784733933016e-06 -1.393382868360269e-19)
(5.450572095859127e-06 -3.991234141077684e-06 6.183714893541108e-19)
(4.994672276529069e-06 -3.072649455442347e-06 7.949655752462815e-20)
(4.159580655633058e-06 -2.188650408035562e-06 2.469858423678813e-20)
(2.984814136154472e-06 -1.378176966908805e-06 9.552919580396362e-21)
(0.004699284721681032 0.007800315448210353 2.508352120854179e-19)
(0.003920087795629598 0.01013939261451247 -4.137526468609137e-20)
(0.01179545603316576 0.0127266495474229 2.439880602567114e-19)
(0.01768227775628693 0.01392573826140085 -6.49076036935623e-19)
(0.02326330222260663 0.01314350229072734 -9.340094906832353e-19)
(0.0276000885336452 0.01069473684796382 -1.261988119550832e-18)
(0.03063487805258869 0.007067062921729851 -2.613716556500775e-21)
(0.03233315502023222 0.002714110396390647 8.009733139744509e-19)
(0.03270520056525551 -0.001969940084246228 1.092982593094266e-18)
(0.03174202873637578 -0.006616492538291241 7.843547331434003e-22)
(0.02940405058689628 -0.01082486672445421 -6.613361744730729e-19)
(0.02563113421713525 -0.01409350565614617 -1.221766750201077e-18)
(0.02038042325636208 -0.01575698365085837 -6.691224843431262e-19)
(0.01381337356898569 -0.01495350135926576 6.934075896191159e-19)
(0.006525786209056603 -0.01089891465005464 4.335519899834298e-19)
(0.0007836158230729299 -0.003503375510617847 1.609838044012833e-19)
(-6.595774373376051e-08 -6.373014729876879e-07 -1.820915133758218e-19)
(-1.907696425280502e-07 -1.814744043811365e-06 -2.298641440955525e-19)
(-3.00487572527661e-07 -2.934340837981112e-06 4.943688114312482e-18)
(-3.785876091352749e-07 -4.006472671985186e-06 -7.248272409860127e-19)
(-4.133527434408996e-07 -5.026567340464853e-06 -2.39899758111807e-19)
(-3.995495906901174e-07 -5.978974523232093e-06 3.276230573907244e-20)
(-3.404116382041411e-07 -6.840758578550272e-06 2.064605137063079e-18)
(-2.481118547306661e-07 -7.586057278813818e-06 2.263551190447589e-19)
(-1.425227942627549e-07 -8.190393732705552e-06 -5.938137068890724e-18)
(-4.845032416651678e-08 -8.634410860277209e-06 1.384079004248597e-21)
(8.219157340404876e-09 -8.90657591003487e-06 1.251478165093163e-19)
(4.850270655812686e-09 -9.004588638069993e-06 -5.421897873992979e-20)
(-7.380923879680631e-08 -8.93541050832065e-06 1.757208175872196e-18)
(-2.323523770712821e-07 -8.714010566990152e-06 7.004119744945886e-19)
(-4.628399592524444e-07 -8.361075772349898e-06 5.979120319401454e-18)
(-7.446933215377732e-07 -7.900041879312764e-06 1.156051610824312e-20)
(-1.046478656315311e-06 -7.353900176682065e-06 1.137669605357603e-19)
(-1.329454355784333e-06 -6.742196419046186e-06 -2.485604462048243e-19)
(-1.552508427297592e-06 -6.078660674577511e-06 -5.693426909592194e-21)
(-1.677908034849763e-06 -5.369823991290424e-06 3.361892671216857e-18)
(-1.67715370414951e-06 -4.614897655571626e-06 3.355153273534344e-20)
(-1.5362529887002e-06 -3.807175341115961e-06 8.764044711305148e-19)
(-1.259940558617084e-06 -2.937259892094122e-06 6.00773393979086e-18)
(-8.745434955338346e-07 -1.998357742079467e-06 6.523482389109205e-18)
(-0.0008661158553371368 0.002006779523459151 -4.130079911823925e-18)
(-0.001190282537675847 0.002828131795269425 -1.046935314901527e-17)
(-0.0009101821689645789 0.003543903622746911 -4.214517128777335e-18)
(-0.001079844546530693 0.004604411287930407 -1.141214259146799e-17)
(-0.0007946461807076647 0.005262913285574552 -1.530338604374618e-18)
(-0.000525621253206267 0.005315835672992172 -3.953046223830733e-19)
(8.99429737816492e-05 0.004620114709607923 -8.745046833407353e-19)
(8.033390058508451e-06 0.003161889956627935 2.821086641401343e-19)
(-1.762186800446409e-06 -2.045781040789117e-06 1.924572566088291e-19)
(-2.292022272478008e-06 -3.143846669809288e-06 2.745920501640759e-18)
(-2.379680943141119e-06 -4.235961527305696e-06 1.086863124163373e-19)
(-1.978945981285954e-06 -5.260977418995987e-06 -6.636239449474497e-20)
(-1.119906512171427e-06 -6.150553979599512e-06 -4.429666261789921e-19)
(1.046783358684984e-07 -6.839948747358257e-06 -7.340534021436909e-20)
(1.558539694072555e-06 -7.276543633860221e-06 1.13886621987508e-20)
(3.084463428445236e-06 -7.426393981678058e-06 6.570735169753537e-20)
(4.526492540638734e-06 -7.279300968757521e-06 -7.268421580996262e-20)
(5.746874611939779e-06 -6.851984479309915e-06 -1.869346665454562e-18)
(6.634353103263796e-06 -6.186184202503983e-06 1.591019111786963e-18)
(7.104352536600571e-06 -5.339665701296209e-06 5.408342013667005e-20)
(7.097613584487218e-06 -4.379947365735441e-06 1.771689954485181e-19)
(6.579966034299042e-06 -3.377663457205127e-06 1.234276145530282e-19)
(5.545759073632105e-06 -2.399256842791761e-06 1.06895040354621e-19)
(4.027904052133265e-06 -1.498411610196832e-06 2.495674832088339e-20)
(0.002808013776038033 0.004859873270210928 3.463118902351992e-19)
(0.002949438602387021 0.006380822307279709 1.086131891659724e-18)
(0.007819534688014119 0.00781250312720559 7.000439195038504e-19)
(0.01187647880957656 0.008897004480353611 2.487446077273843e-19)
(0.01612674459423877 0.008708531663340244 -9.064980683657091e-19)
(0.0196555010417189 0.007267732120547183 9.131759495265175e-20)
(0.02222514899803033 0.004838370900706757 -7.20659139634542e-19)
(0.02365819242431506 0.001764474989091383 1.488935684465692e-19)
(0.02387791785818065 -0.001605211095523694 1.773389861523231e-18)
(0.02285380392972365 -0.004918218414796647 -5.016769150834142e-19)
(0.02059642616152306 -0.007791925193093394 -1.817957608185711e-18)
(0.01717664670085361 -0.009783920156809291 -2.362315456722048e-18)
(0.01277646837342578 -0.01039457206037082 -2.959509468919783e-18)
(0.007821292853373636 -0.009147722608663247 -1.457675701491032e-18)
(0.003104964978834784 -0.005919855500705973 -6.326106689705651e-19)
(0.0001647061341473479 -0.001486430076671339 -6.919097882965482e-20)
(-1.690509160445514e-07 -7.418065654412383e-07 -1.332428177869476e-20)
(-4.922251108812649e-07 -2.17388650758214e-06 -7.226049659495395e-21)
(-7.780767514245501e-07 -3.601013324870661e-06 -2.409643968695647e-19)
(-9.96850522400625e-07 -5.032831605230589e-06 -6.905313299365176e-18)
(-1.127085611598829e-06 -6.455248573638579e-06 -2.860368153416738e-18)
(-1.158084811710191e-06 -7.836705066348781e-06 -1.720966296958795e-19)
(-1.092339674393602e-06 -9.134504536338053e-06 6.473649387361737e-18)
(-9.459504299253526e-07 -1.030139545892363e-05 -3.068181031526335e-20)
(-7.468371702595302e-07 -1.129176310913748e-05 -2.057734784969161e-18)
(-5.309797524945172e-07 -1.206689300206176e-05 -1.293545075695462e-18)
(-3.372525770239596e-07 -1.259889800029831e-05 -9.440926483914306e-20)
(-2.016243609338515e-07 -1.287304240103597e-05 -6.007223927088829e-20)
(-1.515844983042414e-07 -1.288838151885109e-05 -6.812046545621357e-18)
(-2.01622316505206e-07 -1.265681697248526e-05 3.345096964083e-18)
(-3.504464384245128e-07 -1.220081501804483e-05 5.313717249832769e-18)
(-5.803998657108803e-07 -1.155018580665921e-05 9.880764879502495e-19)
(-8.592359002162174e-07 -1.073834106698145e-05 1.248991604437416e-18)
(-1.144110238015129e-06 -9.798522145933576e-06 -3.764397611407222e-18)
(-1.387349991569735e-06 -8.760449613894094e-06 2.890988609895706e-19)
(-1.543330825486155e-06 -7.647798640117529e-06 -1.891915186590591e-18)
(-1.57567556374901e-06 -6.476847242246897e-06 1.765533549992156e-19)
(-1.464008041336326e-06 -5.25657490629914e-06 -8.441152774652438e-20)
(-1.209575098891965e-06 -3.990372451097898e-06 6.74132945480216e-19)
(-8.390655247157361e-07 -2.679339506660421e-06 3.923369592893965e-20)
(-0.0005109962210293025 0.002153274590117695 -3.868093355180706e-18)
(-0.0006291108140424778 0.003132371694875502 -4.242000666681373e-18)
(-0.0006370920434839386 0.003780185764962002 -1.791836843142715e-17)
(-0.0008609491000676575 0.004571122027427938 -3.233060960456462e-18)
(-0.0007182830871449857 0.005034540768141238 -3.390312012920312e-19)
(-0.0005298927575461752 0.004997030088639305 -1.607476144050665e-18)
(9.357609022120202e-06 0.004365004364055794 -1.569047947180747e-17)
(-5.398250654852524e-05 0.003001957640033017 -2.265711656109516e-18)
(-2.097116391590868e-06 -1.979289967248525e-06 -7.758764306962234e-20)
(-2.742029490053759e-06 -3.047819642726358e-06 4.455987188367949e-20)
(-2.871799168118827e-06 -4.116984100801038e-06 -1.300542333014346e-19)
(-2.428354926526169e-06 -5.129023287899154e-06 -2.884598300468851e-20)
(-1.440241293662436e-06 -6.018177969227458e-06 -5.32590884549975e-20)
(-7.042802646628488e-09 -6.720794359173481e-06 -4.379769987383868e-20)
(1.721301940412196e-06 -7.183511220300049e-06 1.761720957333506e-19)
(3.567694207156334e-06 -7.369786010565896e-06 1.586913098408927e-18)
(5.350104781754557e-06 -7.264841698224889e-06 -1.015024338667845e-19)
(6.899532880268004e-06 -6.878266261517484e-06 -9.820860185786602e-20)
(8.071747768792319e-06 -6.242831213668695e-06 4.351242284473346e-20)
(8.752577791301674e-06 -5.409937894918903e-06 9.774780886341081e-20)
(8.858415066788708e-06 -4.444370829407695e-06 -2.504587358363772e-18)
(8.333703620641911e-06 -3.418373344446978e-06 -1.083630162533083e-19)
(7.148447930244335e-06 -2.40546163607995e-06 -1.775239996574779e-20)
(5.302056937619114e-06 -1.473293951297105e-06 -1.325253830608412e-21)
(0.001924571782733542 0.002925885521468801 3.710138921535107e-19)
(0.002166318022831711 0.003866747372884147 -2.834158522927756e-19)
(0.005267911863220451 0.00460108469371489 -5.969237489509312e-19)
(0.007995042319721545 0.005358630568136403 6.79452016126918e-19)
(0.0110240862298152 0.005378219655800912 8.413792693761543e-19)
(0.01366834173754516 0.00457350498961502 1.675175712144366e-18)
(0.01565194836216718 0.003060328011322871 1.05731273328687e-18)
(0.0167449476787675 0.001065497148519245 1.889510807351348e-18)
(0.01682842431572652 -0.001150708279067819 7.999048257996974e-19)
(0.01586599613415697 -0.003310354378765482 1.104449017035969e-18)
(0.0139068594989948 -0.00511282288693208 -2.83449373014332e-19)
(0.01110235087847169 -0.006231249567289101 -3.961606481996761e-19)
(0.007737807321481373 -0.006343260990006013 -1.478121319985581e-18)
(0.004286528824274506 -0.00523097291112128 -2.597688632284154e-19)
(0.001409011414395863 -0.00302652311857928 1.802663084222579e-18)
(-1.670556407014195e-05 -0.0005071998937700526 2.136562462866432e-19)
(-3.322489988491777e-07 -8.115063889460507e-07 2.093029739008596e-20)
(-9.700022876049869e-07 -2.460683453818198e-06 1.567761922875273e-18)
(-1.53540229703205e-06 -4.185391724373941e-06 -1.189098023100594e-19)
(-1.979679984036569e-06 -5.991866188652492e-06 6.444518147719539e-18)
(-2.267133691159079e-06 -7.852890679592287e-06 3.591813491321684e-18)
(-2.378808123853137e-06 -9.716631635266903e-06 -6.721852522447648e-18)
(-2.315374743711181e-06 -1.151581278582882e-05 4.839601828961571e-20)
(-2.097381923574089e-06 -1.317675584113122e-05 -6.150124433656937e-18)
(-1.762737304651348e-06 -1.462765806200427e-05 -3.929048521906542e-18)
(-1.361751024964186e-06 -1.580558369305751e-05 -6.555931160040215e-18)
(-9.504437282837133e-07 -1.666178852076074e-05 -4.588713084036809e-18)
(-5.830522455949668e-07 -1.716514349515714e-05 5.728842110045169e-20)
(-3.047737584405824e-07 -1.73035699556907e-05 -2.501273267030348e-20)
(-1.457414809955329e-07 -1.708358196490611e-05 -1.994524732770503e-19)
(-1.170621250355837e-07 -1.652819712285572e-05 -4.243416579498372e-21)
(-2.094679422250459e-07 -1.567355613149579e-05 4.482672434610122e-20)
(-3.948000585835346e-07 -1.456471228369503e-05 -3.670815928867684e-19)
(-6.30175065415451e-07 -1.325106842297945e-05 8.272610785718528e-20)
(-8.643498476661334e-07 -1.178193517272896e-05 7.539116841063025e-19)
(-1.045539412398511e-06 -1.020264146241482e-05 3.640437049756708e-18)
(-1.129795008479725e-06 -8.551564397875962e-06 1.004582380324021e-18)
(-1.089018575993733e-06 -6.858287167721888e-06 -3.125875935126051e-19)
(-9.177209190297866e-07 -5.143022924872275e-06 -1.028002311539753e-20)
(-6.377695453319183e-07 -3.417277924476047e-06 1.384787816458061e-20)
(-0.0003072399406117923 0.002294561698560512 -4.272243241634246e-18)
(-0.0004037288500137033 0.00334558045645478 -1.003090021106091e-17)
(-0.000445455930194857 0.003995839808502218 5.664032654056721e-18)
(-0.0006306552448780685 0.004604035595573552 8.490174830620551e-19)
(-0.0005659359184562769 0.00490025311006958 2.10232380774578e-18)
(-0.0004479008914714526 0.004762737789403238 -1.891045062291118e-18)
(-4.096634745731142e-05 0.004138955793893497 7.518828907033109e-18)
(-7.676838300776895e-05 0.002855298318647739 1.23254575675579e-19)
(-2.412827262786082e-06 -1.829638316371425e-06 -2.752376109597098e-19)
(-3.166244437291293e-06 -2.822056033329758e-06 -3.56653422327398e-19)
(-3.33534783997821e-06 -3.818573924156297e-06 -1.208189063480875e-18)
(-2.850256758335664e-06 -4.766606808188131e-06 -1.379010017444345e-19)
(-1.737303554233765e-06 -5.605479871130677e-06 -5.174519393938728e-20)
(-1.019420179051056e-07 -6.275611175933027e-06 -8.581570941992591e-20)
(1.893149448157507e-06 -6.726122138892573e-06 -3.469521159352251e-18)
(4.05219738610252e-06 -6.920948889555249e-06 -6.121814979836799e-19)
(6.16968484965473e-06 -6.843238037950545e-06 -9.054617476066265e-20)
(8.050222397582452e-06 -6.497446738841072e-06 -1.462358855786957e-20)
(9.522995237098118e-06 -5.908744995220244e-06 -9.226170914174968e-21)
(1.044974698015226e-05 -5.120311742336323e-06 -7.790643909190238e-19)
(1.072600070490225e-05 -4.189737206521018e-06 4.947172538659945e-19)
(1.027535704181681e-05 -3.185272813040338e-06 1.099557937266268e-20)
(9.036757047519318e-06 -2.182976941601754e-06 -4.019639450230714e-19)
(6.945433999872236e-06 -1.265542597253338e-06 -1.344632528933731e-20)
(0.001395856550242245 0.001700212867017775 -8.149613241005607e-20)
(0.001414886996744939 0.002259366774440458 -9.734505931184942e-20)
(0.003501573304580354 0.002618483897487543 1.128912838339549e-18)
(0.005333608618598209 0.003097322150099592 2.50826112094849e-19)
(0.007413617916014838 0.003152142730021943 -9.22145033586709e-20)
(0.009294747736200844 0.002698682040368342 3.69341390674931e-19)
(0.01073531690479842 0.001789278262496977 4.118702971238872e-19)
(0.01151354992837274 0.0005643229866504426 2.379766949489889e-18)
(0.01150497750150655 -0.0008040918640394848 2.218537540354078e-19)
(0.01067702389245045 -0.002126072514658512 1.026245117350311e-18)
(0.009097137710108729 -0.003197741796637135 2.109416825878633e-18)
(0.006942665315818291 -0.003808145528902977 9.304197742442221e-19)
(0.004509719757352479 -0.00377143592680952 -1.410277029452925e-18)
(0.002209534147391446 -0.003005503266440083 -4.626929320673312e-19)
(0.0005195182049246725 -0.001682751272444398 8.993459108524031e-19)
(-0.0001253023265695703 -0.0003054131314453785 1.127341461532411e-18)
(-5.635731499945614e-07 -8.293169426825363e-07 -2.003380916318955e-19)
(-1.647726949267837e-06 -2.626174235547795e-06 -3.309627966930021e-18)
(-2.61017356986042e-06 -4.605532396490799e-06 5.37341094967303e-18)
(-3.376824800181959e-06 -6.766486097501941e-06 -1.317186709903589e-19)
(-3.892804313920611e-06 -9.065216349265917e-06 -8.360501726365846e-20)
(-4.127761897944836e-06 -1.142611627180049e-05 -6.284644240246354e-18)
(-4.079209761117831e-06 -1.375384903580035e-05 -2.075359450051246e-20)
(-3.772505140487874e-06 -1.594485682423372e-05 1.306173505260656e-19)
(-3.257443680701553e-06 -1.789774263162466e-05 -3.547776948221576e-18)
(-2.601922709399526e-06 -1.952204684644483e-05 6.706685981045113e-18)
(-1.883519045000823e-06 -2.0745052071249e-05 4.219050159839325e-20)
(-1.180081073941328e-06 -2.151640640702252e-05 -1.767728480483218e-20)
(-5.605495753244118e-07 -2.181047263701076e-05 -6.080952655375548e-20)
(-7.716238460773323e-08 -2.16264986323095e-05 3.769540534077886e-20)
(2.399894551995997e-07 -2.098681646711057e-05 -4.805840433660086e-18)
(3.853921899282017e-07 -1.99334188953021e-05 4.844950228776357e-20)
(3.77251572188618e-07 -1.852333987179054e-05 6.523751409575208e-18)
(2.534814800856993e-07 -1.682331163995647e-05 6.006900523314671e-18)
(6.505605480746344e-08 -1.490417314589394e-05 1.046222788420043e-18)
(-1.324533186675613e-07 -1.283546870811452e-05 4.173333282249619e-18)
(-2.881456475525932e-07 -1.068057175147331e-05 -4.414052596892249e-18)
(-3.647849213988044e-07 -8.492561864778146e-06 6.683153161906867e-18)
(-3.465173826237497e-07 -6.310982426138419e-06 -8.49511476527848e-21)
(-2.445521245996677e-07 -4.159541143556504e-06 8.456851823355045e-20)
(-0.0001961799818473955 0.00239708201140876 -5.94073176037416e-19)
(-0.0002701029352065243 0.003486895707065863 -3.766876309646795e-18)
(-0.0003147822845762576 0.004148181366696022 -8.572992299983062e-18)
(-0.0004469496731960217 0.00464721252475099 1.522646135389685e-18)
(-0.000422030470901754 0.004824774350046327 1.821734406421902e-17)
(-0.0003532946741839827 0.004604743993151513 -1.771835164692124e-17)
(-7.230484279979255e-05 0.00395961713947283 7.262720543074672e-18)
(-8.253586988495818e-05 0.002738039798438606 1.458237977813159e-18)
(-2.692857028668431e-06 -1.601252510663448e-06 -2.485380284935191e-20)
(-3.541477908698156e-06 -2.473829808443925e-06 -3.38051377693956e-19)
(-3.743119228904047e-06 -3.35158438852641e-06 -8.675196164024319e-19)
(-3.216860483560956e-06 -4.189108722436419e-06 -3.443161074763419e-19)
(-1.986483385610176e-06 -4.933509313447524e-06 -1.722882058625407e-18)
(-1.621504190170344e-07 -5.532262739302578e-06 -1.614416449195841e-18)
(2.082619817588786e-06 -5.939770137928309e-06 -5.136538610520634e-18)
(4.536284711186781e-06 -6.1225517453572e-06 1.150472200685279e-19)
(6.974174238329797e-06 -6.062839226296567e-06 2.810246362281786e-21)
(9.180361428690921e-06 -5.760284722928014e-06 -2.113295967063514e-20)
(1.096440825199777e-05 -5.231798470917495e-06 -4.674152106841452e-20)
(1.217146194216947e-05 -4.510014362857796e-06 -5.934863498407908e-20)
(1.268461849629303e-05 -3.641232435153781e-06 -1.636504474310235e-18)
(1.241803494457169e-05 -2.6838221264153e-06 -1.230052693523248e-18)
(1.12959673420664e-05 -1.709051364503871e-06 8.042346386811277e-19)
(9.199365819549448e-06 -8.094695973950936e-07 -2.316197868989357e-21)
(0.001120996685013619 0.0008767961334311524 -4.767094214510748e-19)
(0.001255877654910366 0.0004901229180202409 -1.475437712669098e-18)
(0.002439412436749742 0.0006061960073051125 -3.121262836163252e-19)
(0.003571770520159096 0.0009213630165924772 -8.956634774544446e-19)
(0.004888511119947709 0.001033916217228895 -2.158599737631169e-19)
(0.006107116926506216 0.0009416446159404555 1.058781945619533e-19)
(0.00704757493905271 0.0006938175910837494 7.731916627695217e-19)
(0.007540982164984344 0.0003505143268642041 2.153477486195996e-18)
(0.007490978349643518 -3.592745469144253e-05 1.177355425799424e-18)
(0.006876138807555886 -0.0004126120465558604 1.275676464632464e-18)
(0.005757263571758451 -0.0007199965099934425 1.861735089919734e-18)
(0.004281329532989296 -0.000887030984656865 5.06250163290776e-19)
(0.002678246077634837 -0.0008365279768411807 1.478443821237959e-19)
(0.001235182909830513 -0.0005232246847909301 -7.070572779880499e-19)
(0.0002558481400029305 -3.592495930919781e-05 -2.830590377569352e-20)
(-6.776837175268742e-05 0.0003293922047776755 7.443697327861065e-20)
(-8.656771532145768e-07 -7.792405540734196e-07 -2.16050001475126e-20)
(-2.533312816996981e-06 -2.622686135392727e-06 -2.241851055239978e-19)
(-4.015294205132107e-06 -4.779035138687427e-06 -1.381462769783187e-19)
(-5.205872020486624e-06 -7.235503781178199e-06 -1.55259090159919e-20)
(-6.025973947228094e-06 -9.928542189005908e-06 1.159228897126743e-19)
(-6.430584235893392e-06 -1.275648426757043e-05 1.013444778528143e-18)
(-6.412535159550916e-06 -1.559419820393619e-05 5.583290550686638e-18)
(-6.002147087625297e-06 -1.830682336497136e-05 4.037771282471779e-18)
(-5.262812253534308e-06 -2.076208258006392e-05 -5.733468529604117e-18)
(-4.28312325232035e-06 -2.28407307075823e-05 4.667888278287562e-20)
(-3.166547007319625e-06 -2.444479457637153e-05 7.184544287964637e-20)
(-2.019902774729344e-06 -2.550339410842869e-05 -5.132625869718435e-20)
(-9.420260702742815e-07 -2.597603812468303e-05 -4.399140409390795e-19)
(-1.393283188019616e-08 -2.585346050877385e-05 -5.305709959679343e-20)
(7.084082989253573e-07 -2.515618171782517e-05 4.940917512158808e-20)
(1.197925242343769e-06 -2.393110518826591e-05 -3.317479860566353e-21)
(1.456567154335046e-06 -2.224654896310226e-05 5.11597716029584e-20)
(1.511813315455883e-06 -2.018616614276898e-05 4.433134779249611e-19)
(1.410104647602495e-06 -1.784221810670642e-05 2.022036355220091e-19)
(1.20808747431034e-06 -1.530863142539234e-05 -3.903631815986435e-20)
(9.627848312474853e-07 -1.267415923582771e-05 2.313016032795954e-19)
(7.21888041119341e-07 -1.001591764217746e-05 -1.430270653464637e-19)
(5.152544544011033e-07 -7.393427795230299e-06 -1.093967385170839e-19)
(3.48387286215634e-07 -4.843230886244566e-06 -7.736902947013534e-20)
(-0.0001216810885313213 0.002468618911742345 5.484751782750051e-18)
(-0.0001610002496350411 0.003585479483703041 -3.256678906813727e-21)
(-0.0002230243257057467 0.004253814385094251 8.499972804508068e-18)
(-0.0003118939090423747 0.004687808763548235 1.245247817625279e-18)
(-0.0003083584492881866 0.004785734281486401 9.535365898367717e-19)
(-0.0002720276804546743 0.004504301544994627 -1.150691925086412e-17)
(-8.435664075232268e-05 0.003825677461698205 1.650327159175261e-17)
(-7.88066794546157e-05 0.002650641245654295 1.703947142404396e-18)
(-2.923012735299115e-06 -1.303615358121105e-06 -7.556554733416566e-19)
(-3.848093242824494e-06 -2.018380319261347e-06 4.163019660058749e-18)
(-4.072710988601257e-06 -2.737980566388426e-06 -2.65960288948083e-19)
(-3.506283005204466e-06 -3.426118380795784e-06 -1.080630417536839e-19)
(-2.16984226944039e-06 -4.040109137405461e-06 -3.778987685578199e-19)
(-1.766815147000948e-07 -4.536955218702936e-06 -2.543152746785853e-19)
(2.291716679660031e-06 -4.878382490440406e-06 1.473184097930192e-19)
(5.012224478623609e-06 -5.034773670894175e-06 2.374685369988877e-20)
(7.746455014008991e-06 -4.987855948847741e-06 8.106159644969568e-19)
(1.026442645827522e-05 -4.732061873789642e-06 -4.521742494149417e-20)
(1.236331983284211e-05 -4.274681027432656e-06 3.115762418682027e-18)
(1.387981317095208e-05 -3.635164126584165e-06 -2.8748021700111e-19)
(1.469531426706496e-05 -2.844093867912577e-06 -4.227885159319797e-20)
(1.47341936208743e-05 -1.942428260327702e-06 8.031348877216106e-20)
(1.395651729409935e-05 -9.817222470150664e-07 6.095412831728939e-21)
(1.235209627032459e-05 -2.608626901317614e-08 2.134656992463738e-21)
(0.001040482563461391 0.0005989847963396076 -6.126075248190794e-19)
(0.001266615252887273 0.0006110300854259757 2.143587276233826e-19)
(0.001861981375676824 0.0007327085135927892 -3.643796569150345e-19)
(0.002657550226755177 0.0008520406883998785 1.165973939226319e-19)
(0.00357000500914239 0.0009030148990697923 -1.736355398226276e-19)
(0.004411323015000211 0.0008071788565991612 5.993738983371951e-19)
(0.005054998984565308 0.0005748859891800079 5.695932335368337e-19)
(0.005392123173868777 0.0002500365686414809 9.189031628052936e-19)
(0.005357487549978408 -0.0001161743686420749 8.859741610551356e-19)
(0.004937185095216744 -0.0004689325819212068 9.292672607406722e-19)
(0.004173880571531646 -0.0007488355156943789 8.70309656943633e-19)
(0.003168554272581626 -0.0008935118828245965 4.228416776935796e-19)
(0.002076898781830561 -0.0008511199084142316 6.626477885090793e-20)
(0.001091843251765805 -0.0006150894031355003 -6.772317899709324e-20)
(0.0004208050269549065 -0.0002949612845837156 -4.669888587476279e-20)
(7.677358157525003e-05 4.745646975997742e-06 6.022920996252273e-20)
(-1.235055881147732e-06 -6.495518395273348e-07 2.845560701081407e-20)
(-3.616619795675118e-06 -2.412219814125482e-06 7.406308402298398e-20)
(-5.735086075379949e-06 -4.636275831288068e-06 -2.918287510818154e-21)
(-7.447215318605398e-06 -7.291661843658852e-06 -3.56213526437268e-20)
(-8.645034188725486e-06 -1.029261703251825e-05 6.288045226057258e-21)
(-9.265702138847959e-06 -1.351064060174591e-05 9.714583581137481e-20)
(-9.295776810035823e-06 -1.679111569199369e-05 -1.690289850991135e-19)
(-8.770472636966632e-06 -1.996878729268274e-05 5.713845681091188e-20)
(-7.768157885943696e-06 -2.288163368698536e-05 -5.842174538065501e-18)
(-6.400839318155931e-06 -2.538271574338774e-05 2.332850051649301e-19)
(-4.801789748482563e-06 -2.734966045917929e-05 -4.092228483767552e-18)
(-3.11173758769435e-06 -2.869154924946347e-05 1.694298933077571e-19)
(-1.465160298655833e-06 -2.93530812954699e-05 -1.684098958120998e-18)
(2.184385792516549e-08 -2.931603736625911e-05 -1.617985760884602e-20)
(1.260858617693544e-06 -2.859819713890862e-05 5.444867861266639e-21)
(2.196741879227962e-06 -2.724998304226892e-05 3.628450429313147e-21)
(2.809081408799508e-06 -2.534920134277235e-05 7.590504532968979e-20)
(3.109585733379226e-06 -2.299431197893415e-05 5.47775111772916e-19)
(3.135957476312811e-06 -2.029667929131455e-05 1.063007336336507e-19)
(2.943190977931225e-06 -1.737221492036567e-05 1.38310372397926e-19)
(2.593492366877989e-06 -1.433276571538751e-05 1.177347284719481e-18)
(2.14610819797463e-06 -1.127750963067476e-05 5.284874141003681e-18)
(1.648227632741929e-06 -8.284500728590323e-06 -1.126292303965124e-18)
(1.127809816866944e-06 -5.40239390634946e-06 6.148313540430323e-18)
(-6.473819345313955e-05 0.002520676455740405 -1.417636860805275e-18)
(-7.137535880978067e-05 0.00365821263997742 -1.269655445069605e-18)
(-0.0001616456675654889 0.004330595521934445 8.02543979453946e-19)
(-0.0002180743087659022 0.004724230588571529 5.88959697536113e-20)
(-0.0002260713052259217 0.00476854202484767 -1.479087480541495e-18)
(-0.0002104916256790682 0.004442523192473658 -1.175823182222957e-17)
(-7.758368126944891e-05 0.003728743628982639 5.9535665009154e-20)
(-6.818792617422881e-05 0.002587646682098232 -1.268805053956144e-19)
(-3.092393737415614e-06 -9.502082737202368e-07 -1.138260815218038e-19)
(-4.071405535081775e-06 -1.477068622325121e-06 -1.196956189045916e-19)
(-4.308047413572322e-06 -2.007888672536895e-06 1.670625484510223e-19)
(-3.703862248415437e-06 -2.517081011027588e-06 6.777132838682058e-20)
(-2.27691818938721e-06 -2.974033611503543e-06 1.751017975913466e-18)
(-1.416183037276052e-07 -3.347031718714359e-06 1.852153657971547e-20)
(2.516213366548972e-06 -3.606464315216665e-06 8.660959325476526e-21)
(5.466837999669634e-06 -3.727319647245982e-06 -4.396913663942232e-21)
(8.464140110599466e-06 -3.690940694808711e-06 3.016805314120399e-21)
(1.127064270243497e-05 -3.486050786129452e-06 2.847846359571937e-21)
(1.367784258116339e-05 -3.109150971717387e-06 -5.645570581246412e-20)
(1.552053966468511e-05 -2.564470866322859e-06 -6.176178448890297e-20)
(1.668494048540385e-05 -1.863691125828531e-06 -3.747374355941934e-20)
(1.711190810023498e-05 -1.025592382923189e-06 -2.295355600622273e-19)
(1.679946924053408e-05 -7.56233161911847e-08 -1.556790995448104e-20)
(1.581416775493479e-05 9.549048122761607e-07 1.242919041878237e-21)
(1.433081901219867e-05 2.030793324941634e-06 3.54028276169184e-20)
(1.272406901528164e-05 3.112240872636934e-06 2.109750511408692e-20)
(1.163642330258337e-05 4.188483389176365e-06 2.860313067741441e-21)
(1.09172818000843e-05 5.251783934432297e-06 -3.303562145578427e-20)
(1.038194843625616e-05 6.297698491860323e-06 -2.448299764023497e-21)
(9.903890420642129e-06 7.312932271212445e-06 -4.496303309547238e-21)
(9.404617615239841e-06 8.271489926859135e-06 9.198942607646414e-23)
(8.83642306455715e-06 9.134265698037625e-06 1.019541078466374e-20)
(8.171495812860671e-06 9.849344742953728e-06 -5.468966955849611e-21)
(7.39614493196596e-06 1.035149779425246e-05 -5.258820399654057e-21)
(6.507441982226097e-06 1.056037430138563e-05 -1.450284325194665e-21)
(5.510624141977054e-06 1.037677926632279e-05 -4.054198312843437e-22)
(4.416220937996474e-06 9.676334583635232e-06 -5.727021117673955e-21)
(3.236284433632132e-06 8.299863037542279e-06 -2.185981298661748e-21)
(1.981869524218761e-06 6.040936846615601e-06 6.499348054932995e-22)
(6.680568681001551e-07 2.61101597239877e-06 1.26610417881873e-21)
(-1.661849825301269e-06 -4.357041849566753e-07 1.982402055679397e-19)
(-4.868852169065112e-06 -1.97429622214888e-06 -5.702919259859285e-18)
(-7.724245819197879e-06 -4.133021285090141e-06 8.27076083045762e-20)
(-1.004253271969923e-05 -6.859100602023575e-06 6.504833877610047e-18)
(-1.168287176900077e-05 -1.004307297822519e-05 -4.22216270735865e-20)
(-1.25618239494432e-05 -1.353055801562274e-05 -7.444645911305387e-20)
(-1.265814624753229e-05 -1.713996358563728e-05 -1.880926242322877e-18)
(-1.201167679340943e-05 -2.067900765569618e-05 -4.719801874745697e-18)
(-1.071671567543766e-05 -2.395960465090036e-05 -2.738275171219798e-18)
(-8.910798958805467e-06 -2.681069005699933e-05 7.156332898841685e-19)
(-6.76017315386036e-06 -2.908861441658622e-05 1.797126824947983e-19)
(-4.443553156763692e-06 -3.068483595368237e-05 -5.669485599433165e-18)
(-2.135861891244036e-06 -3.153075401459934e-05 1.04088613174998e-19)
(6.408647894697375e-09 -3.159966112582357e-05 2.735611144822412e-20)
(1.856826357437939e-06 -3.090593801845752e-05 3.222757041645543e-20)
(3.326632647071993e-06 -2.950173475130919e-05 5.007332049139772e-20)
(4.367828144662784e-06 -2.747148517690153e-05 1.231549630563001e-20)
(4.971755492077742e-06 -2.492466935344242e-05 -2.88414982929538e-20)
(5.163723755030657e-06 -2.198726226671768e-05 -3.391815630074613e-21)
(4.994652444854518e-06 -1.879227745052057e-05 -7.07175153238186e-21)
(4.531002440327699e-06 -1.546976583130912e-05 1.261318961046632e-19)
(3.844366412405109e-06 -1.213652035134496e-05 -4.452444502041719e-19)
(3.001978206969129e-06 -8.88561632018405e-06 6.195941538832342e-18)
(2.059097804797628e-06 -5.77575923362976e-06 -3.550015735542202e-18)
(-2.109553391273707e-05 0.002561648596223744 -3.104211905844399e-18)
(-9.253077963591777e-07 0.003715686798528053 -1.044309667910082e-17)
(-0.0001263782652015895 0.004390039250395239 -1.238806949059463e-18)
(-0.0001585590273521236 0.004756705878378729 -1.297389207817153e-19)
(-0.0001720600735505976 0.004762979731386622 -2.446033981897532e-19)
(-0.0001692849005213626 0.004403552241968674 -1.627329286645729e-18)
(-5.630294085031617e-05 0.003658407434692518 -1.854209738329174e-19)
(-5.310367158311697e-05 0.002541893216397946 -6.492665821216741e-18)
(-3.193921272301334e-06 -5.572129148722987e-07 7.068080397120721e-20)
(-4.202277048128333e-06 -8.752060322741214e-07 1.973840173261619e-19)
(-4.439817178675492e-06 -1.196367857472151e-06 1.59001985474375e-18)
(-3.802221897793666e-06 -1.506907621552753e-06 2.396356481966477e-19)
(-2.304296664845315e-06 -1.789465442804503e-06 2.567774945914874e-19)
(-5.921341657494708e-08 -2.024665430032033e-06 3.487753472370407e-20)
(2.74690899544584e-06 -2.192347956995935e-06 4.142191887078721e-21)
(5.883042550702908e-06 -2.27258010624537e-06 5.159833382827045e-21)
(9.101412218789559e-06 -2.246501714460577e-06 5.737209950468818e-20)
(1.216324898936942e-05 -2.097048595223715e-06 -2.375932971605314e-18)
(1.486007121044792e-05 -1.809596659675954e-06 -3.959840221377837e-22)
(1.702925465648947e-05 -1.372559142520993e-06 -2.524005212452502e-20)
(1.8563798683507e-05 -7.779680522212117e-07 -1.579797752262875e-20)
(1.941761404988243e-05 -2.204663811569956e-08 -1.664761911356101e-20)
(1.96091451533651e-05 8.941011273486642e-07 4.649818574662685e-19)
(1.922699721355284e-05 1.963197637567995e-06 3.387459103646495e-20)
(1.84391744835502e-05 3.169056243568962e-06 -4.383582574796358e-19)
(1.749599468297338e-05 4.48357051310909e-06 -2.534559664157632e-19)
(1.666855917104384e-05 5.874671241216912e-06 -2.240872097483854e-20)
(1.598433613173407e-05 7.307000063560014e-06 -3.201579146414716e-19)
(1.537641126296769e-05 8.747191701741777e-06 9.804827551977416e-21)
(1.476232753943034e-05 1.015955615942324e-05 3.786757996431403e-19)
(1.407198147282776e-05 1.14994594298918e-05 3.129721725857802e-20)
(1.325425178571931e-05 1.270886750973782e-05 -2.252027947818751e-19)
(1.227666041126916e-05 1.371408524635897e-05 1.309220515536106e-19)
(1.112334821259009e-05 1.442388301587955e-05 -1.287513622615482e-20)
(9.792560542306586e-06 1.472645035938093e-05 -1.715919655372252e-21)
(8.293529411693504e-06 1.448385746001622e-05 -5.649102684608807e-21)
(6.642645068854e-06 1.352282358934665e-05 1.120056725333707e-19)
(4.859887521342594e-06 1.162094214245037e-05 -5.556686192895368e-21)
(2.968380398335176e-06 8.487588226886635e-06 1.255389644527853e-21)
(9.98338713253957e-07 3.700757429026761e-06 9.273777693576349e-20)
(-2.130278664536956e-06 -1.424750868752895e-07 -4.349144319023195e-18)
(-6.243795278366532e-06 -1.31205165811556e-06 1.469240368814546e-19)
(-9.909695150184949e-06 -3.260618753097091e-06 1.777233283103823e-19)
(-1.289699458360317e-05 -5.907951399712792e-06 -2.222045763291631e-19)
(-1.502915529361126e-05 -9.120724904011215e-06 -3.745001322630133e-20)
(-1.620004083864493e-05 -1.272147247055144e-05 -8.718396168562892e-21)
(-1.637933335070355e-05 -1.650632044026428e-05 -1.048122123437139e-19)
(-1.561109993221681e-05 -2.026171591122217e-05 -1.159418782473775e-18)
(-1.40060690212554e-05 -2.377965301366401e-05 -2.393472497065386e-18)
(-1.172866064435283e-05 -2.687091737047236e-05 -7.316296027538779e-19)
(-8.980232113066952e-06 -2.937592484838244e-05 4.610813467857995e-18)
(-5.98029127027444e-06 -3.117282928051979e-05 4.020000095119927e-20)
(-2.947544909645723e-06 -3.218270486808183e-05 1.575124190324837e-19)
(-8.25850059040607e-08 -3.237174946931669e-05 6.071845882706719e-20)
(2.446244478924433e-06 -3.175060902170382e-05 2.43817100364264e-19)
(4.512674659397169e-06 -3.037105551854978e-05 1.819323387592087e-19)
(6.037429556613231e-06 -2.83203552102671e-05 -8.567491130359843e-20)
(6.988209054253707e-06 -2.571373354783761e-05 -2.106888833536883e-18)
(7.375273729749807e-06 -2.268536223925047e-05 -1.277760485072685e-19)
(7.243638561499669e-06 -1.937827638484623e-05 -9.05811140308989e-20)
(6.663210603457918e-06 -1.593355424760515e-05 -4.262596235021625e-18)
(5.718326737691307e-06 -1.247899101291465e-05 -2.233434684183821e-18)
(4.498057130313416e-06 -9.117362321507216e-06 -1.569859046863225e-19)
(3.088344959492064e-06 -5.914208899231719e-06 3.243995768128114e-19)
(1.101457137428914e-05 0.002597875082161058 -1.135440984384062e-18)
(5.390972182419781e-05 0.003766494211891696 -1.589956050143871e-18)
(-0.0001144550218941315 0.004440539506621863 -2.223582472639274e-19)
(-0.0001291664649374451 0.004786153302197622 2.210890692645451e-19)
(-0.000144605520667242 0.004761806916033674 1.125207412170298e-18)
(-0.0001487193000664283 0.004374816402615242 6.343214975306395e-20)
(-2.743745485187629e-05 0.003603942483209285 5.004184358625967e-20)
(-3.693738581778415e-05 0.002505993386372942 4.057701946256076e-19)
(-3.224388479074018e-06 -1.422113957737562e-07 7.074201405327905e-20)
(-4.237014202136463e-06 -2.399697764291051e-07 4.397469829799707e-20)
(-4.465068260178372e-06 -3.404729940264736e-07 2.239109903391291e-19)
(-3.800467207627821e-06 -4.422158662590247e-07 2.40061957186421e-19)
(-2.25439685219795e-06 -5.415823159522467e-07 -5.063906165392754e-18)
(6.367270559068383e-08 -6.319778785848166e-07 1.98316019850797e-19)
(2.971471156611605e-06 -7.030902525353815e-07 1.898374923667127e-20)
(6.241965043674459e-06 -7.404660103311773e-07 3.053596928678698e-20)
(9.631500312560007e-06 -7.255204571212249e-07 2.560313483474325e-19)
(1.290561318067042e-05 -6.360322894542443e-07 6.883090141818096e-19)
(1.586048804170636e-05 -4.471066894359225e-07 -3.437654520774056e-20)
(1.833880262467474e-05 -1.325680752916594e-07 -9.950951623722744e-20)
(2.023966820859785e-05 3.332679076104147e-07 -8.564607650248788e-20)
(2.152328396225461e-05 9.733875426043773e-07 2.639011212881286e-20)
(2.221140224790519e-05 1.805184057079596e-06 7.544067849372724e-19)
(2.238423223883327e-05 2.83654896287731e-06 4.367702590563916e-20)
(2.217241116085145e-05 4.061447547273412e-06 2.51470961984679e-20)
(2.173761542408439e-05 5.457764419468315e-06 8.152764319089287e-19)
(2.122514270874135e-05 6.99018695956362e-06 -1.940223833997926e-21)
(2.068491750881153e-05 8.613471108868612e-06 -1.146587088817081e-20)
(2.009824289218604e-05 1.027722182873469e-05 1.842159175670461e-21)
(1.941488023219479e-05 1.192692019165702e-05 2.244871007092896e-20)
(1.857869781089067e-05 1.35005462340099e-05 -1.168813090637187e-21)
(1.754209132666406e-05 1.492407149641484e-05 9.80239116342736e-21)
(1.627273791338156e-05 1.610773449655213e-05 -3.604076207965159e-21)
(1.47556886508336e-05 1.694276360662307e-05 -1.483251312045651e-21)
(1.299255240451631e-05 1.729720145897872e-05 -4.125109337942304e-22)
(1.099870003821416e-05 1.700930282281079e-05 -1.082606170986356e-21)
(8.799424515689564e-06 1.587703616227464e-05 -7.74982967621087e-21)
(6.426629567176111e-06 1.364208909192428e-05 -1.114647698625744e-20)
(3.917796081614864e-06 9.965487691914431e-06 -5.108032602112367e-20)
(1.315852015220213e-06 4.348181236114163e-06 -5.300773467731794e-21)
(-2.619691788397905e-06 2.150358562862803e-07 5.278022968939328e-20)
(-7.680857174823696e-06 -4.555720388684306e-07 1.929535431009767e-19)
(-1.219527788755948e-05 -2.052200691543462e-06 -3.663644761579202e-18)
(-1.588515511461881e-05 -4.463987566756793e-06 3.662286304173958e-18)
(-1.853689763943391e-05 -7.535169922535164e-06 -1.957479697241048e-19)
(-2.00205339546575e-05 -1.106978536727647e-05 5.648439546176747e-20)
(-2.029587338761281e-05 -1.484835016205823e-05 -5.804715974882839e-18)
(-1.941083750634919e-05 -1.864390621452599e-05 -8.142881856538733e-20)
(-1.749266420873307e-05 -2.223683959608701e-05 -2.035515296429155e-18)
(-1.473317540877069e-05 -2.542789372783584e-05 -3.224444769206192e-18)
(-1.136973682228364e-05 -2.804887462485878e-05 -2.504816769563978e-19)
(-7.663845320566567e-06 -2.997066723396148e-05 1.293768849044826e-19)
(-3.879401892447959e-06 -3.110833568343652e-05 -5.350146687531065e-18)
(-2.626474522560932e-07 -3.142324640664686e-05 4.027513488032138e-19)
(2.974544643928687e-06 -3.092231683564546e-05 3.49964936781213e-18)
(5.666767663352898e-06 -2.965463144506989e-05 -3.993656797190793e-18)
(7.701887901673124e-06 -2.770577285482077e-05 2.551776457827198e-19)
(9.022489148778363e-06 -2.519027314158619e-05 -3.916317421299407e-18)
(9.622490869769132e-06 -2.224259799282974e-05 -6.849857452002931e-20)
(9.539986953009259e-06 -1.900703659771003e-05 -3.038447267715309e-18)
(8.847705594767054e-06 -1.56267879492882e-05 -1.38482441272074e-19)
(7.642634854364803e-06 -1.223242514370067e-05 6.310014676529371e-18)
(6.036276705192133e-06 -8.929789222951174e-06 -2.763369138512395e-20)
(4.146700391152421e-06 -5.787216942743735e-06 2.903696906568662e-20)
(3.27008786145401e-05 0.002635221187805705 -1.163115682126737e-18)
(9.629331967918313e-05 0.003818936071685301 -9.767907737300794e-19)
(-0.0001255006468282351 0.00449013785205258 6.567333197424623e-19)
(-0.0001295933266154361 0.004814564396566209 1.245724683018662e-18)
(-0.000145246761479796 0.004759854543693758 1.58703773646504e-17)
(-0.0001507618074357711 0.004345934110108541 1.115983637062068e-18)
(1.400948698697475e-06 0.003554420807218539 1.659787477900912e-19)
(-2.375161775631493e-05 0.00247251423447524 2.114616768231487e-19)
(-3.18414827936306e-06 2.769199796456682e-07 1.04264445579127e-20)
(-4.176778425244777e-06 4.013025882318943e-07 5.74475789614782e-21)
(-4.386281111987524e-06 5.230238397853381e-07 2.536317035254018e-20)
(-3.702912767199239e-06 6.314182122728242e-07 4.331247791813908e-20)
(-2.133897494053117e-06 7.164989006940839e-07 1.997387628736907e-19)
(2.173829977821992e-07 7.721491742575942e-07 3.957820445636055e-20)
(3.176451658721841e-06 7.987123514717432e-07 -4.574848478169693e-21)
(6.525173984964303e-06 8.047199708926655e-07 -1.674904242404223e-20)
(1.002923344417582e-05 8.075966835519813e-07 -4.741976515278478e-20)
(1.346328949329654e-05 8.332946455498447e-07 9.627314775147983e-19)
(1.663182830251861e-05 9.148951325291602e-07 2.675683824947379e-18)
(1.938436985819388e-05 1.090280442025428e-06 2.777900748609527e-18)
(2.162445533379111e-05 1.398969610669752e-06 2.592580918192583e-18)
(2.331248748642725e-05 1.878152980969118e-06 -1.219480078886728e-19)
(2.446284483993743e-05 2.557973827217253e-06 9.303513979429691e-19)
(2.513566463684461e-05 3.456460401432895e-06 -4.155898676975626e-20)
(2.542322374448919e-05 4.57536009234379e-06 -1.005029786917997e-22)
(2.54295549104147e-05 5.89864328731887e-06 -7.17632142450818e-22)
(2.524129934557812e-05 7.393889935363834e-06 4.801025286762709e-22)
(2.489766587043785e-05 9.0148581895619e-06 -8.073129181045829e-22)
(2.439308446487622e-05 1.070497972772511e-05 1.21595783381659e-21)
(2.369344295038728e-05 1.239983274082244e-05 1.030091864735427e-19)
(2.275363665752892e-05 1.402677081072958e-05 -7.156025534763564e-20)
(2.153180962047524e-05 1.55023507555209e-05 -3.491809069678642e-21)
(1.99988911579877e-05 1.672895233184157e-05 -2.087316437645111e-22)
(1.814350425761763e-05 1.759107612059633e-05 -2.214678007645351e-22)
(1.597295510120749e-05 1.795071308366425e-05 -5.687139341638585e-22)
(1.351126717087908e-05 1.764053540952984e-05 -1.551746966236724e-21)
(1.079547328525091e-05 1.645325870349964e-05 -8.588188981739155e-21)
(7.871565073628412e-06 1.412488566137314e-05 -6.618712952889534e-20)
(4.791197870020799e-06 1.030830973039812e-05 8.502975740834133e-19)
(1.6075710829888e-06 4.491027229566388e-06 -4.677230238754484e-20)
(-3.106166952984349e-06 6.117995694694157e-07 8.252064172139936e-21)
(-9.109717649890527e-06 5.382179550008498e-07 5.53333892334175e-20)
(-1.44690023060254e-05 -5.837804049523216e-07 -6.299006566278698e-18)
(-1.88601577227101e-05 -2.611758628579138e-06 1.936420612193628e-18)
(-2.203289690614356e-05 -5.370655829722111e-06 5.67135476932102e-20)
(-2.383350243378591e-05 -8.652189724734673e-06 6.365413838558025e-21)
(-2.421184973225066e-05 -1.2229515698216e-05 6.165561106914083e-20)
(-2.321957796817446e-05 -1.587176194192035e-05 -3.489058202651151e-20)
(-2.100023631686161e-05 -1.935768675906087e-05 -1.48589641805318e-19)
(-1.777275321665679e-05 -2.248775592517951e-05 -2.101074169886674e-19)
(-1.381005093407776e-05 -2.509405262298607e-05 -2.211336338964689e-20)
(-9.414957718024692e-06 -2.704759626779392e-05 1.463987892694225e-19)
(-4.895691520925903e-06 -2.826283841133844e-05 -3.592527931636425e-18)
(-5.430823109704155e-07 -2.869930040885283e-05 3.356960842037428e-19)
(3.388619652901366e-06 -2.836049710166827e-05 1.297549531471046e-18)
(6.695991871342576e-06 -2.729043352987836e-05 2.778111022592413e-19)
(9.235000233966508e-06 -2.5568050994029e-05 9.809509540556111e-21)
(1.092378049526339e-05 -2.330002958519451e-05 6.691701573840497e-18)
(1.174020758146254e-05 -2.061232492354113e-05 -1.211382692768493e-19)
(1.171535689961905e-05 -1.764074097816161e-05 -7.430765708591961e-19)
(1.092433108944302e-05 -1.452074377698257e-05 2.979636410096799e-20)
(9.476072783548518e-06 -1.137662005444714e-05 1.316384678783739e-18)
(7.503696611334222e-06 -8.309986834179712e-06 1.63986897478509e-19)
(5.156575926234413e-06 -5.387555855366572e-06 7.227116940813579e-20)
(4.364350509245435e-05 0.002680064128795812 -1.34290453311608e-18)
(0.0001266959143560284 0.003882059415718251 -1.595022175275723e-18)
(-0.0001623483296741919 0.004548045342672119 1.651083205949124e-18)
(-0.0001639823017532115 0.004845206557046999 -2.944300370329587e-20)
(-0.0001793400599590316 0.004752971971239387 -1.467651090626576e-17)
(-0.000179653648871027 0.004306975607485967 -6.86571211308983e-19)
(2.307672558919924e-05 0.003498087355755584 1.840320221762284e-19)
(-1.783840789423223e-05 0.002433557435647168 7.305629518068693e-19)
(-3.076598152092279e-06 6.828214832897358e-07 8.549910898289389e-21)
(-4.026760047979704e-06 1.022298339005672e-06 -1.627123187202572e-21)
(-4.210244410058749e-06 1.359109727150582e-06 8.305537581306629e-21)
(-3.517709021729756e-06 1.671094303493906e-06 7.471171997392964e-21)
(-1.952181863587284e-06 1.935358711090671e-06 2.965326850055042e-20)
(3.911532453300306e-07 2.133573991836349e-06 1.101343138316182e-19)
(3.349086084154275e-06 2.256203398208771e-06 -5.036610007364089e-20)
(6.71664367429348e-06 2.305347126112223e-06 -1.125538797498524e-19)
(1.027326980380461e-05 2.296017087992174e-06 -8.224003584446522e-19)
(1.380666539367321e-05 2.255789913019134e-06 -2.241744951360093e-19)
(1.713234866503001e-05 2.222916965922647e-06 -3.45199125870129e-18)
(2.010755326156688e-05 2.243062757383571e-06 -1.200939522690196e-19)
(2.263874755806705e-05 2.364896021895928e-06 -1.322789921574411e-19)
(2.468270363249433e-05 2.634827212242338e-06 -8.372287134621737e-21)
(2.624160141585091e-05 3.091372185682001e-06 -1.139840748607694e-18)
(2.735308885716179e-05 3.759975078349541e-06 2.580141662672835e-20)
(2.807638406510451e-05 4.649394823258522e-06 -4.976004455912917e-21)
(2.847535361343023e-05 5.750401648355367e-06 -5.073495825691729e-20)
(2.860011438038791e-05 7.036483132165315e-06 -1.114302704561977e-20)
(2.847249544315708e-05 8.465729507386825e-06 -7.382391628558712e-21)
(2.80847771308441e-05 9.983485329323472e-06 -2.194423126580165e-21)
(2.740772256181606e-05 1.152489607477466e-05 6.925496477071827e-22)
(2.640246997824211e-05 1.301609718853871e-05 -4.210052320134021e-21)
(2.503257610706302e-05 1.437357765163294e-05 1.806997595806638e-22)
(2.327381379400254e-05 1.550211089856651e-05 1.947902976952686e-21)
(2.112039966440976e-05 1.629167954709512e-05 -3.730379163503066e-22)
(1.858729475753894e-05 1.661323666469908e-05 -2.886839639616882e-21)
(1.570896967265285e-05 1.631243109914303e-05 -3.170112165741445e-21)
(1.25355080932046e-05 1.519972499807246e-05 -2.98521750075043e-21)
(9.127131482989043e-06 1.303457511227842e-05 -1.086900452866001e-20)
(5.548253213254477e-06 9.500652860632702e-06 -5.131625766045339e-20)
(1.860093719073367e-06 4.131170820718781e-06 -2.06540932550156e-21)
(-3.564526720862959e-06 1.014703116027993e-06 2.876427542629089e-21)
(-1.045620870613462e-05 1.589373192233492e-06 1.589464610503815e-20)
(-1.66122517978467e-05 1.030298707513106e-06 4.673583702256636e-20)
(-2.166553760350425e-05 -4.903337298868961e-07 7.65284905477386e-20)
(-2.533126796882044e-05 -2.782966698747637e-06 2.178775701180725e-21)
(-2.743351915137829e-05 -5.634371348476512e-06 -3.193516444968553e-21)
(-2.791319185897344e-05 -8.819592457703961e-06 -1.510495114901331e-20)
(-2.682602851700245e-05 -1.211429676938264e-05 -2.258208802583213e-20)
(-2.433164330526506e-05 -1.53065782258939e-05 -5.27628244142008e-20)
(-2.067509573309054e-05 -1.820738883234274e-05 -2.464317384944639e-20)
(-1.616307184227201e-05 -2.065894250524551e-05 -4.094667280444105e-21)
(-1.113709556207804e-05 -2.254066198027977e-05 1.789187592225387e-20)
(-5.946299738767606e-06 -2.377247998079299e-05 1.410992161265715e-19)
(-9.221275193058674e-07 -2.431553757767119e-05 -2.042264950617795e-18)
(3.643050329623504e-06 -2.417051789004379e-05 4.911658547345445e-20)
(7.511974853450544e-06 -2.337398836172594e-05 2.485271977633803e-20)
(1.05124437336688e-05 -2.199317445177951e-05 -1.383456846780926e-20)
(1.254109541714492e-05 -2.011956142117461e-05 -1.643468602637884e-19)
(1.356168944840488e-05 -1.786162219807245e-05 -3.239702016501105e-20)
(1.359906996069239e-05 -1.533684156037685e-05 -9.660656823754618e-20)
(1.273035806967143e-05 -1.266310000108337e-05 4.582482945621672e-21)
(1.107503598658756e-05 -9.949416226763758e-06 1.688533737848401e-19)
(8.785472176306821e-06 -7.286018327706117e-06 1.846167474437669e-19)
(6.039128380233095e-06 -4.733689143691748e-06 1.129369460914579e-19)
(4.172280242386168e-05 0.00274001807983955 -1.149440164325095e-18)
(0.0001424103640924839 0.003966767814131483 -9.778793745143321e-19)
(-0.0002309677854743693 0.004625855330473497 7.982547458873473e-18)
(-0.0002408632342260403 0.00488272228698363 3.35833247079221e-19)
(-0.0002560145663026794 0.004736903077222097 -8.414845316155577e-19)
(-0.0002419004652838479 0.004246513963842085 2.465309641129346e-19)
(3.118249743146237e-05 0.003421442672795075 1.381100173417954e-18)
(-2.343467595092411e-05 0.002380138231806323 1.8592803744114e-18)
(-2.907621209541507e-06 1.059156956569057e-06 2.071422788582624e-20)
(-3.795343822255077e-06 1.598405558139108e-06 -2.413453158675363e-20)
(-3.947007582974201e-06 2.135264201064298e-06 4.65721863456907e-20)
(-3.255662130216726e-06 2.637238883704859e-06 1.979389805470688e-20)
(-1.720093736333342e-06 3.069703014659312e-06 1.171673674099764e-19)
(5.743746451819954e-07 3.402986646824902e-06 -5.454440650871122e-18)
(3.478602035445269e-06 3.617964929145839e-06 2.429222398885e-18)
(6.80419328963084e-06 3.709799283476164e-06 -5.817733548710493e-20)
(1.034782702368994e-05 3.689629170673702e-06 -1.108954590809214e-19)
(1.391322588126373e-05 3.584180271244762e-06 -5.421497874057854e-20)
(1.732892634183055e-05 3.43342759811171e-06 -2.012579548150271e-20)
(2.046051816771027e-05 3.286596922206239e-06 -2.065967537555894e-20)
(2.32166771661586e-05 3.196922682424837e-06 -3.678890695462748e-20)
(2.55490246855838e-05 3.215731847267022e-06 -1.025370245884275e-20)
(2.744653706655809e-05 3.386603793088631e-06 3.055766214159283e-20)
(2.892578503518959e-05 3.740480617955714e-06 3.599043822883158e-20)
(3.001855727280314e-05 4.292469284539104e-06 -1.138407910653633e-20)
(3.075848537192416e-05 5.040592533246961e-06 -3.858165744822772e-19)
(3.116866139543564e-05 5.966191215052625e-06 -5.750864166353467e-20)
(3.125331480456715e-05 7.035469672772316e-06 8.115913150049851e-19)
(3.099672256489782e-05 8.20176693141605e-06 -5.594842082554651e-21)
(3.036838487126227e-05 9.408009240246184e-06 -1.460143960131062e-21)
(2.9331909817072e-05 1.058858895189676e-05 -1.307197407744327e-21)
(2.785509356635456e-05 1.167005390384024e-05 3.818076872841027e-21)
(2.591903261424909e-05 1.257044306325833e-05 1.59917906371563e-20)
(2.352460707365093e-05 1.3197373244215e-05 -5.740317694599058e-22)
(2.069536703152306e-05 1.344481320205392e-05 4.826357099037281e-21)
(1.747658697802369e-05 1.318797631173155e-05 -1.813748651771588e-20)
(1.393086149285264e-05 1.227511873752151e-05 -4.071339706107979e-21)
(1.013108928711527e-05 1.051443242988236e-05 -7.646712752177412e-22)
(6.15220667215372e-06 7.653900766912275e-06 4.330391241952633e-21)
(2.061298068760571e-06 3.321999675364763e-06 3.157292983932652e-20)
(-3.970579661348439e-06 1.385706227315575e-06 1.577152590641287e-21)
(-1.164887143825213e-05 2.602234352309246e-06 1.246451835059201e-20)
(-1.851011623009392e-05 2.64741331629573e-06 9.439118403186687e-21)
(-2.414857138391066e-05 1.718379057033428e-06 3.223780072094576e-21)
(-2.824890642165153e-05 1.295765868569525e-08 -1.594610514833372e-21)
(-3.061613527277824e-05 -2.258711652345117e-06 -7.888618457591127e-21)
(-3.118444393225984e-05 -4.883099437328394e-06 -2.12027761283576e-20)
(-3.001492063805264e-05 -7.653017962642485e-06 -5.09600255256484e-18)
(-2.72832692067209e-05 -1.037701107874621e-05 -3.803345722836852e-20)
(-2.325927035932282e-05 -1.28874716733068e-05 -1.889646601489169e-20)
(-1.828037296650852e-05 -1.50468210414461e-05 -7.408054091842777e-21)
(-1.272219126578316e-05 -1.675137753258654e-05 -1.683303270855948e-20)
(-6.968751026511697e-06 -1.793283812033097e-05 -4.605414951973093e-20)
(-1.385064610593474e-06 -1.855756695684236e-05 6.450063651222997e-18)
(3.705881757152434e-06 -1.862409129418019e-05 -2.465422577013915e-20)
(8.040319619851593e-06 -1.815931096989069e-05 -6.334595845523575e-21)
(1.142437973416436e-05 -1.721389733065713e-05 -1.462468700683698e-19)
(1.37383369579868e-05 -1.585722577304846e-05 3.668939068269625e-18)
(1.493522912438374e-05 -1.417198097841232e-05 -1.467025673797392e-19)
(1.503515121294586e-05 -1.224838893794464e-05 -1.05015965357133e-20)
(1.411681668884871e-05 -1.017793849905158e-05 1.394069916256466e-20)
(1.230802158703895e-05 -8.046469838609367e-06 1.632791128484708e-19)
(9.776489723673258e-06 -5.926591140891294e-06 1.208796847837582e-18)
(6.722265404601312e-06 -3.869467897482084e-06 1.572076612391314e-19)
(2.356424546272914e-05 0.002824432537102991 -2.535015739238371e-18)
(0.00013787300250174 0.004086773247747088 -1.026847175355939e-17)
(-0.0003392446790019292 0.00473869906331783 -8.644324362979148e-18)
(-0.0003720314799691532 0.004933262855992411 -7.539861570192903e-19)
(-0.0003871521286940596 0.004706259108224402 3.089765145690235e-19)
(-0.000345327605682098 0.004149788461358488 2.167668461277301e-18)
(1.988072993965579e-05 0.003308443294193902 1.012813172281272e-17)
(-4.427601466952882e-05 0.002301691494900681 3.335126199944163e-18)
(-2.685106536833492e-06 1.39088530090264e-06 2.064654754897815e-20)
(-3.493433863298182e-06 2.107008250108928e-06 -1.335157815224609e-19)
(-3.609099461103753e-06 2.821659427377685e-06 2.486574332647371e-19)
(-2.929437943410959e-06 3.493580435494294e-06 6.266426013596955e-20)
(-1.449197453081167e-06 4.077990823877584e-06 2.552842055449689e-20)
(7.572656695064607e-07 4.535095981881814e-06 1.129024070199813e-19)
(3.556879066013603e-06 4.836722995473188e-06 -3.289110330227411e-20)
(6.780278805070677e-06 4.970727530023152e-06 -7.070490246537845e-21)
(1.024384624642824e-05 4.942971740289819e-06 -2.909310478873354e-20)
(1.376941399130506e-05 4.776884294136461e-06 -5.860590083204846e-21)
(1.719996132817925e-05 4.510821964773585e-06 9.066002731790541e-22)
(2.041011544809466e-05 4.193652621395827e-06 -2.133056526738359e-20)
(2.331092568388427e-05 3.879158396992823e-06 -6.146102577227855e-20)
(2.584909738557973e-05 3.620006237486408e-06 -1.365715271571384e-20)
(2.800155006358945e-05 3.462111369174599e-06 3.480117087589628e-20)
(2.976666865203118e-05 3.44014833731851e-06 2.205788824375851e-19)
(3.115385924737672e-05 3.574693046635492e-06 -1.034276115121031e-18)
(3.217308336982529e-05 3.871088040918432e-06 4.522069387695978e-19)
(3.282613266114304e-05 4.319801653321982e-06 2.464353705127888e-20)
(3.310150014901965e-05 4.897903662301635e-06 -4.816205707883534e-19)
(3.297416894022277e-05 5.571257551622395e-06 1.762245507300234e-20)
(3.240994448136959e-05 6.296987028682781e-06 -1.966678690629222e-21)
(3.137287546043678e-05 7.025704175908252e-06 -8.139500508557076e-21)
(2.983397338378498e-05 7.702998826567952e-06 1.74557109505696e-20)
(2.777943989393543e-05 8.269875573020755e-06 9.052244454318469e-20)
(2.521680251944955e-05 8.662042108611295e-06 2.942363254064847e-20)
(2.217775968415365e-05 8.807981504480988e-06 8.520681863734199e-19)
(1.8717096327264e-05 8.625510567794592e-06 -3.105152319480898e-20)
(1.490766606443688e-05 8.016138760185212e-06 -8.362752348347532e-21)
(1.083213772834751e-05 6.856183074699027e-06 3.2571416022605e-21)
(6.573071787720794e-06 4.983435364247328e-06 3.63050928926362e-20)
(2.201351679256695e-06 2.158836874492816e-06 2.087819894846847e-19)
(-4.30333666089693e-06 1.685961339105944e-06 9.649126458637093e-21)
(-1.262547479512438e-05 3.475510389494302e-06 1.156917243206271e-19)
(-2.006176234566081e-05 4.111349059609344e-06 2.003341213186084e-20)
(-2.617384553777065e-05 3.807872142221058e-06 1.384347824447677e-21)
(-3.062142678591476e-05 2.763888215257502e-06 -1.541374350830827e-21)
(-3.319524447560032e-05 1.178368278368096e-06 4.557542200995478e-20)
(-3.382656389066901e-05 -7.556106318116779e-07 -1.052860875493008e-19)
(-3.258427138765107e-05 -2.857873293802497e-06 -4.327576521240892e-19)
(-2.966084939459647e-05 -4.967747406113814e-06 -1.262543542152589e-19)
(-2.534931376407302e-05 -6.949295931957776e-06 -2.390364211716946e-20)
(-2.001392732026239e-05 -8.694591756757374e-06 -5.085500913852436e-21)
(-1.405795475237589e-05 -1.012481155100026e-05 -8.984061561468425e-21)
(-7.891710060105328e-06 -1.118927542681589e-05 -3.286096787802093e-20)
(-1.903671206701478e-06 -1.186287716660548e-05 -3.717960194880378e-20)
(3.563258062881007e-06 -1.214255843662911e-05 -9.546218168058012e-21)
(8.229107298616829e-06 -1.204351462582741e-05 -4.671001273872161e-22)
(1.188732495326127e-05 -1.159563406895499e-05 -6.546432221814691e-21)
(1.440876498331242e-05 -1.084036605560014e-05 -1.440794372352711e-19)
(1.574021109820509e-05 -9.827872798604887e-06 -7.625775096531662e-21)
(1.58988575951315e-05 -8.614109496892994e-06 -4.501981390744462e-21)
(1.496431202297442e-05 -7.25745886918656e-06 -1.005780651371298e-20)
(1.306961300243841e-05 -5.81468899792109e-06 2.426154138161848e-20)
(1.039255419617671e-05 -4.336233596104639e-06 1.405304735994413e-19)
(7.14831485423232e-06 -2.860999490381284e-06 -1.322467476133567e-19)
(-1.363802540212177e-05 0.002944389809714586 3.465204850063216e-18)
(0.0001064940616164504 0.004258736566733668 -1.383663463518277e-19)
(-0.0004934995062098079 0.004906165337336709 9.058577253061915e-18)
(-0.0005690331260323439 0.005004612765219419 1.489355000255081e-18)
(-0.0005840521952704105 0.004653763518205168 2.071468097252393e-18)
(-0.0004959298377858809 0.003997310571704669 8.642254482295694e-18)
(-1.525592540350668e-05 0.003140468647918079 8.406167263821842e-19)
(-8.226145557254164e-05 0.002186076261819991 -2.507554524476228e-20)
(-2.418612330979775e-06 1.664410667047761e-06 3.540964376324386e-20)
(-3.134017724710277e-06 2.527597568682021e-06 5.343147329256979e-20)
(-3.211092349172939e-06 3.391124743066925e-06 3.775449811400954e-19)
(-2.55322165382591e-06 4.206857304960671e-06 9.847259223096048e-20)
(-1.151590018918722e-06 4.921786573202258e-06 5.900427273327414e-21)
(9.309130579123782e-07 5.487549690529867e-06 1.72453937162051e-20)
(3.578432332382525e-06 5.867793120930751e-06 -4.777412215364676e-22)
(6.642103926692835e-06 6.043019027159252e-06 -1.919991475394554e-20)
(9.95950385555334e-06 6.012750217323712e-06 -8.774580979037996e-19)
(1.337186747394606e-05 5.795083623294224e-06 -1.701457054948684e-20)
(1.673761681556299e-05 5.423947057700659e-06 -6.525922441131343e-21)
(1.994120771570736e-05 4.944598985616748e-06 -8.564934372923786e-19)
(2.289692345739118e-05 4.408086504154116e-06 -2.289303562227993e-19)
(2.554790237271638e-05 3.865472900776296e-06 -3.780058758227507e-20)
(2.786127762430322e-05 3.362625437092768e-06 2.563251449275881e-21)
(2.982072404244043e-05 2.936189761250157e-06 3.966850363133806e-20)
(3.141790648253069e-05 2.611099931474682e-06 4.212981234525432e-20)
(3.264435514848665e-05 2.399673311256293e-06 -1.375324889176732e-20)
(3.348522185265754e-05 2.302105954034316e-06 2.87105918833092e-21)
(3.391614963283753e-05 2.308046487384111e-06 1.963053602320488e-20)
(3.390392010735582e-05 2.398866678719161e-06 7.449782729495934e-22)
(3.341060877681519e-05 2.550224698446191e-06 -1.028522623373365e-20)
(3.240023223978917e-05 2.734514330076472e-06 -3.981997861654411e-20)
(3.084649159357722e-05 2.922820304855113e-06 2.838765058512729e-20)
(2.8740102864007e-05 3.086102211296519e-06 -1.45541338142737e-18)
(2.609426970485995e-05 3.195489457975126e-06 7.115979849145516e-20)
(2.294709031527929e-05 3.221692245321262e-06 2.675820301800652e-19)
(1.936010928575618e-05 3.133538356456418e-06 -2.970442508259774e-18)
(1.541282421702907e-05 2.895540427776903e-06 5.897673335390409e-20)
(1.119375056770093e-05 2.464260754969898e-06 8.085434698508877e-21)
(6.78968183975121e-06 1.783151300456098e-06 8.547979539300545e-21)
(2.27334676951589e-06 7.687221554491044e-07 3.211270486770788e-20)
(-4.546911384773931e-06 1.880371111065166e-06 4.27534244951471e-20)
(-1.333866501608669e-05 4.113977018453154e-06 1.059333228366637e-18)
(-2.118959847557987e-05 5.270092948587123e-06 1.211466067859493e-19)
(-2.763553490996141e-05 5.57009924299131e-06 3.644409884871438e-21)
(-3.231793462888689e-05 5.205825141417746e-06 -4.021248943748979e-20)
(-3.501953299679802e-05 4.357556960306379e-06 7.897172157904084e-19)
(-3.567411460899186e-05 3.190205919162718e-06 -1.373927136950683e-19)
(-3.436235405343546e-05 1.848733226274008e-06 -3.062292458587108e-19)
(-3.129532412433846e-05 4.544498664587476e-07 -3.878051256325216e-20)
(-2.678819582244271e-05 -8.969072708728092e-07 1.294936342634133e-20)
(-2.122754188189967e-05 -2.134950956930379e-06 4.878148076289776e-21)
(-1.503624108678043e-05 -3.212319530545953e-06 -2.047055130523727e-20)
(-8.639836660059115e-06 -4.100690579307217e-06 -1.923559672231524e-19)
(-2.437248019885978e-06 -4.785973393438107e-06 -2.611138319699996e-20)
(3.222327910772527e-06 -5.263711994977008e-06 -2.128316190813164e-21)
(8.055554684389e-06 -5.535599874953185e-06 4.708410304895131e-22)
(1.185405688025566e-05 -5.607528038082364e-06 1.461205629818115e-21)
(1.448735605576743e-05 -5.489024823761984e-06 -3.541312449599119e-21)
(1.590093374525831e-05 -5.193493665656005e-06 -4.438990407847972e-21)
(1.611088402083544e-05 -4.738522922492099e-06 -2.648815680350638e-20)
(1.519655350624288e-05 -4.145693097119027e-06 -7.23896122129126e-20)
(1.329236945000643e-05 -3.439601198708281e-06 -2.283787347595444e-20)
(1.057984002111011e-05 -2.646199009154616e-06 4.548814845442534e-21)
(7.280464991730583e-06 -1.790844118640838e-06 -4.767338928794099e-20)
(-6.931555630575897e-05 0.003111752066455526 -6.463433392018929e-19)
(4.600995783745884e-05 0.004500759501823615 -1.365933303789923e-19)
(-0.0006906922951451805 0.005152711218722969 4.809382288319449e-20)
(-0.0008346524629658345 0.00510614662669396 1.007658029782566e-18)
(-0.0008491287483868578 0.004569995320075133 8.262162738988512e-18)
(-0.00069039260378686 0.003764224241667937 -9.416464820000163e-18)
(-7.314517450245358e-05 0.002897918955320182 -1.870377707404944e-17)
(-0.0001352673836419884 0.002020539855444735 2.270802231695975e-18)
(-2.119172183666493e-06 1.867738666107292e-06 4.864541998984554e-22)
(-2.7319586891816e-06 2.841914741008914e-06 5.387361503431306e-20)
(-2.769480116881487e-06 3.81919432768739e-06 2.995607252473126e-19)
(-2.142773146986219e-06 4.746690412463228e-06 4.252330180085255e-20)
(-8.401853981070215e-07 5.565381728806081e-06 -1.638204763614965e-18)
(1.086774241134498e-06 6.220242817998704e-06 -4.745815780801357e-21)
(3.539800827408613e-06 6.668020756705475e-06 8.575174705808518e-21)
(6.391075465419843e-06 6.882309602027493e-06 3.410738665163065e-21)
(9.499974354628717e-06 6.855818349517872e-06 2.135766621822018e-20)
(1.272773598389701e-05 6.599974855223817e-06 -3.79609766838012e-21)
(1.59488642944071e-05 6.142268118879092e-06 9.455553542463418e-22)
(1.905847838482716e-05 5.521946271718403e-06 -1.158451086130104e-20)
(2.19753623443889e-05 4.784828297050279e-06 -4.01903615605605e-20)
(2.464103628815732e-05 3.978025731134855e-06 -9.364564753531851e-20)
(2.701565802058726e-05 3.145292331405364e-06 -4.267450949854601e-20)
(2.907190504655732e-05 2.32353158871189e-06 1.716605359778146e-21)
(3.078815256792912e-05 1.540743809480116e-06 -2.516670993869297e-20)
(3.214226638281314e-05 8.154480172655777e-07 -7.322401064474253e-19)
(3.310719208877945e-05 1.574151304186257e-07 -2.982763937179051e-20)
(3.364921994105687e-05 -4.305857039224766e-07 1.402776448687466e-21)
(3.372930414233515e-05 -9.503926968982971e-07 -3.96627657644421e-23)
(3.330717287282478e-05 -1.405790317389661e-06 -2.506198027983828e-21)
(3.234741223965849e-05 -1.79992912654667e-06 -6.854943127650174e-21)
(3.08263587206572e-05 -2.133115081691221e-06 1.351476186227205e-20)
(2.873849820814005e-05 -2.401151176041486e-06 3.763764550926097e-20)
(2.610110010310912e-05 -2.594255931179321e-06 7.796624494069579e-20)
(2.295599575348733e-05 -2.696388953072389e-06 4.632121981302136e-20)
(1.936775297867394e-05 -2.684626998076482e-06 6.028476451328123e-20)
(1.541802957632198e-05 -2.528097691810709e-06 1.249857331768953e-20)
(1.119664720026061e-05 -2.185921287822974e-06 2.571407122054064e-21)
(6.790960651012956e-06 -1.603644623808954e-06 1.941084798802293e-21)
(2.273685952725838e-06 -7.01266546670673e-07 3.305856686971342e-21)
(-4.691807267399547e-06 1.94194429279336e-06 -3.953457539470311e-19)
(-1.375989583991257e-05 4.440298826546493e-06 5.16235226070871e-20)
(-2.184595288398693e-05 5.994632323794939e-06 4.731655765960248e-20)
(-2.846684053629985e-05 6.820848478106181e-06 -9.036625761861215e-20)
(-3.32529631228819e-05 7.095387511972312e-06 -2.195686221516887e-18)
(-3.598631961722202e-05 6.973321247151889e-06 -1.141642906474073e-19)
(-3.661016614483342e-05 6.58570681022426e-06 -4.205365965840262e-18)
(-3.522273674260454e-05 6.036654957474168e-06 -2.332410934963348e-18)
(-3.205716302165113e-05 5.402264133410727e-06 1.855549165625559e-19)
(-2.745075727047424e-05 4.732222950477004e-06 3.485417335273753e-19)
(-2.180789845269157e-05 4.053995147704215e-06 3.827752109287639e-20)
(-1.556173170741767e-05 3.379109638784565e-06 -1.941474625980598e-19)
(-9.139638893732103e-06 2.710688088256898e-06 -2.012394667664232e-18)
(-2.935245941725452e-06 2.050736175149455e-06 -1.899233422692113e-19)
(2.712033310609246e-06 1.405612563103002e-06 -1.328628364347804e-17)
(7.530073035324266e-06 7.886040176464937e-07 -4.937629750790732e-22)
(1.132044080582196e-05 2.195364657369379e-07 4.362171925517956e-22)
(1.395962568123688e-05 -2.777895695448614e-07 -4.626451541714627e-22)
(1.539652616939797e-05 -6.791537141108417e-07 -7.771983569364207e-21)
(1.564748228077449e-05 -9.634175871715448e-07 -6.401871127342597e-20)
(1.478988076326253e-05 -1.115356494005206e-06 6.408496588697104e-18)
(1.295509394141307e-05 -1.127576567614471e-06 -6.708766628922665e-20)
(1.032138617914182e-05 -1.001789183437444e-06 -1.085560707524127e-20)
(7.107139325447567e-06 -7.499910135722596e-07 -1.339815638104219e-19)
(-0.0001397773169914645 0.003336064476239418 6.154803561908361e-18)
(-3.496504398147959e-05 0.004828786512665413 -1.119881315829462e-18)
(-0.0009045256366545489 0.005506627127533193 -9.205987339809064e-18)
(-0.001144823914132723 0.005247891384302922 -1.273726226473227e-18)
(-0.001158026594919041 0.004444348551676031 -4.18190531462709e-19)
(-0.0009024191027814689 0.003421327504259795 -2.570929935031685e-18)
(-0.0001417662751019635 0.002563876153995863 -1.141677020479768e-17)
(-0.0001980289860777062 0.001794776853662748 -4.886714532500214e-18)
(-1.799182322194588e-06 1.990750874235035e-06 2.498189166647551e-20)
(-2.303914007727626e-06 3.034316630007544e-06 2.430228026017169e-19)
(-2.302728388476304e-06 4.084522114294301e-06 -3.379182121000305e-18)
(-1.71570383481574e-06 5.085995776921582e-06 2.310571850326844e-19)
(-5.292752661863447e-07 5.976154226132826e-06 -2.167131747846409e-20)
(1.215843278586223e-06 6.695573570602447e-06 2.155551527559434e-20)
(3.438515922885065e-06 7.195867272945125e-06 3.014171063599323e-20)
(6.031703890806194e-06 7.444780154467888e-06 5.039456681794673e-20)
(8.876417461951185e-06 7.428472965789171e-06 -2.196937290072927e-18)
(1.185389258022136e-05 7.151220592135704e-06 -2.754885796925703e-20)
(1.485500259914467e-05 6.632989986223655e-06 -2.184575892126745e-20)
(1.778628732356825e-05 5.90554071516476e-06 -8.597788719254487e-21)
(2.057243761147457e-05 5.007787991585192e-06 -9.131345059970788e-20)
(2.315553939633182e-05 3.981167572020728e-06 1.833340816484645e-18)
(2.549177987572985e-05 2.865640982359537e-06 -5.012870669108526e-19)
(2.754659878074876e-05 1.696798175345729e-06 -3.733649432049211e-20)
(2.92894026988357e-05 5.042966012959536e-07 -2.083361360746405e-20)
(3.068894739146136e-05 -6.883408295399289e-07 1.370381094136964e-18)
(3.171033666026857e-05 -1.86272629701693e-06 -2.288940047070959e-20)
(3.231428946315817e-05 -3.003692881932613e-06 -1.038550148083006e-21)
(3.245889859695809e-05 -4.096818927917106e-06 1.302982296816802e-22)
(3.21036194647073e-05 -5.125735262739205e-06 2.728966344963018e-21)
(3.121477445158782e-05 -6.069521019011666e-06 1.697501833588207e-20)
(2.97715703867947e-05 -6.900389985522613e-06 6.133705374020263e-20)
(2.77714981504109e-05 -7.581737066600456e-06 3.432514953250052e-18)
(2.523402557827372e-05 -8.066429688700135e-06 -2.744422631332989e-18)
(2.220168482127598e-05 -8.294976436264145e-06 6.216344770980998e-20)
(1.873797697617748e-05 -8.192889001036163e-06 3.322009546452026e-18)
(1.492197142102455e-05 -7.66621758074371e-06 -3.374138867183861e-22)
(1.084010558732558e-05 -6.593981825319447e-06 3.18714462376982e-21)
(6.576580102719658e-06 -4.816158752200123e-06 2.174479419935552e-21)
(2.202278881740106e-06 -2.096895975131369e-06 4.155525592453067e-22)
(-4.73533801353173e-06 1.855295984429933e-06 -6.039496877589435e-20)
(-1.388089307891613e-05 4.405295456563589e-06 -1.463380598270145e-20)
(-2.201611578110056e-05 6.19625148903357e-06 1.468577418912153e-19)
(-2.864516856872093e-05 7.424301543940658e-06 1.835353284417996e-20)
(-3.339404060396546e-05 8.241526382814918e-06 -4.034865836475262e-20)
(-3.60512439652183e-05 8.772245885985391e-06 2.469440004983497e-18)
(-3.657736680619771e-05 9.110442699777769e-06 7.441473896166077e-18)
(-3.509580438477294e-05 9.317116707322035e-06 8.956600913938999e-18)
(-3.186752839162742e-05 9.420958896301122e-06 6.446626146439957e-18)
(-2.725404285779153e-05 9.42340555947635e-06 -7.156573392338662e-18)
(-2.167386433702886e-05 9.307076728809569e-06 3.334572154443874e-19)
(-1.555995504989903e-05 9.046429868927314e-06 -1.746216261560318e-19)
(-9.325731413681814e-06 8.619243674399743e-06 -2.393137176098333e-19)
(-3.341258529702875e-06 8.01640789911684e-06 -4.294734239481712e-20)
(2.081646773651694e-06 7.247630075427319e-06 -1.961457789179642e-20)
(6.697194601773884e-06 6.342099963492671e-06 -6.431454380284125e-21)
(1.032824244008752e-05 5.344963483419575e-06 6.250114315043842e-22)
(1.286563618150757e-05 4.311407722287254e-06 1.096815175275068e-20)
(1.426546404187292e-05 3.300086906932469e-06 1.010037415475295e-19)
(1.454492894025893e-05 2.366992326049034e-06 1.671275142337294e-19)
(1.37772909749815e-05 1.560208262579008e-06 -1.341923732149841e-19)
(1.208618227327082e-05 9.155527013545058e-07 1.408150642100348e-20)
(9.6396084636346e-06 4.527765043854919e-07 1.327727378992794e-19)
(6.643616418400451e-06 1.716621251123158e-07 -1.171433743076657e-20)
(-0.0002285805319620263 0.003613421726015674 3.103443361645709e-18)
(-0.0001312186895653538 0.005249385579430284 3.652136923964652e-18)
(-0.001064376904024728 0.005990076945609265 1.179935383756545e-17)
(-0.001410326063802563 0.005435100177733987 7.343106763715089e-19)
(-0.001421504398803625 0.004270756968544693 -9.260743678599728e-18)
(-0.001061811929584291 0.002945087397396991 -4.293617247733755e-19)
(-0.0002131057953114644 0.002131157915986328 -1.22289215953238e-18)
(-0.0002734358129725973 0.001511879366676407 -1.200117607451905e-18)
(-1.472251705337646e-06 2.025673929971299e-06 1.842556737003868e-20)
(-1.868202602317332e-06 3.092505126803778e-06 2.328920262754635e-20)
(-1.831273557821567e-06 4.169858042609451e-06 5.910861997179158e-20)
(-1.291721745992668e-06 5.202181643496409e-06 -2.844036137322218e-22)
(-2.350818149568414e-07 6.125970577908733e-06 -1.727280327741452e-18)
(1.307772875377066e-06 6.880024759643163e-06 -1.319074929530088e-20)
(3.271917349271418e-06 7.413098014731007e-06 6.878265224679439e-20)
(5.570153735782015e-06 7.68879163944551e-06 1.103297333556156e-19)
(8.10430670451453e-06 7.687757607949069e-06 -1.750246918938213e-18)
(1.077506935379851e-05 7.407514516272488e-06 -5.442824244726261e-19)
(1.348961194935468e-05 6.860363315808562e-06 3.221448277897096e-18)
(1.616646760270045e-05 6.070020701320271e-06 -8.878274702255033e-21)
(1.873757699911147e-05 5.067651262344818e-06 7.504080329352009e-21)
(2.114775842860486e-05 3.88795980422736e-06 3.166074010072479e-18)
(2.335218951939836e-05 2.565903308795331e-06 -2.804835315031521e-20)
(2.531271181042982e-05 1.134417804384913e-06 7.047588529402413e-22)
(2.699387829526107e-05 -3.766390135444015e-07 4.03113338379996e-20)
(2.835964140827192e-05 -1.940321384056492e-06 -1.331026574470848e-18)
(2.937143659175519e-05 -3.531368746143839e-06 3.947941022867016e-20)
(2.998814080843164e-05 -5.124190655169183e-06 5.310954162127267e-21)
(3.016803937258648e-05 -6.690397676936254e-06 1.323008528389547e-21)
(2.987253250606638e-05 -8.196197207709717e-06 8.571045100276383e-21)
(2.90709717856311e-05 -9.599887590213297e-06 4.593104323975958e-20)
(2.774574475612225e-05 -1.084956900880285e-05 1.313366855119274e-19)
(2.589662978945851e-05 -1.188102053948249e-05 1.428139635596295e-18)
(2.354351619695324e-05 -1.261547301185961e-05 1.869686822431352e-18)
(2.072680600126182e-05 -1.295673486549067e-05 -8.650429111463957e-20)
(1.750516707098825e-05 -1.278675282145999e-05 -5.134852734154416e-21)
(1.395071836096965e-05 -1.195820860406226e-05 7.773124752551411e-21)
(1.014217073742689e-05 -1.028225248596098e-05 2.65983757653724e-20)
(6.157053822302425e-06 -7.509191575735038e-06 5.977984752215728e-20)
(2.062567991040426e-06 -3.270165990914316e-06 7.559177972554346e-20)
(-4.681077958886069e-06 1.618781234381111e-06 -5.480217057995975e-20)
(-1.371228826810181e-05 3.995079360908163e-06 -3.864074619053167e-19)
(-2.171701554277072e-05 5.839671281342683e-06 -8.502403139468263e-21)
(-2.819197515861478e-05 7.313231851867677e-06 -3.800043399708628e-22)
(-3.276364279911417e-05 8.533448281893181e-06 -1.310322696192811e-19)
(-3.523256978439984e-05 9.588620887395361e-06 -4.005248871472555e-20)
(-3.558397498019429e-05 1.053468951285543e-05 -2.285290823233692e-20)
(-3.397541621444431e-05 1.139123256519597e-05 -1.09408650601688e-17)
(-3.070464369328736e-05 1.214190409094102e-05 6.748480773396271e-19)
(-2.616321532936377e-05 1.274228464469653e-05 7.06320143221064e-19)
(-2.078246085546014e-05 1.31327637027329e-05 -2.640398033146488e-19)
(-1.498343234807844e-05 1.325356596306761e-05 -1.214581863487797e-18)
(-9.146666412898413e-06 1.306048604097837e-05 -5.119581109961349e-19)
(-3.59788045074241e-06 1.25368233356779e-05 -1.737763286355942e-19)
(1.3971676509697e-06 1.169797925093356e-05 -1.234423711186356e-19)
(5.633023669161796e-06 1.058881550255542e-05 -5.338907552319118e-20)
(8.963145482062881e-06 9.276493523966605e-06 -5.418873265029056e-21)
(1.129809665161713e-05 7.841688548932573e-06 3.829826619309312e-20)
(1.260345034439451e-05 6.369981475489944e-06 1.103757783784673e-18)
(1.289711020587871e-05 4.94414745868903e-06 -3.348660985060482e-18)
(1.224585273056685e-05 3.637423624088844e-06 5.950069868078711e-18)
(1.076111750279935e-05 2.507442158668953e-06 1.709198257738282e-19)
(8.594158269890255e-06 1.590471240722107e-06 1.186381256023348e-18)
(5.930426903046353e-06 8.953756093000621e-07 1.329660043148455e-19)
(-0.0003461838857501748 0.003889460434287015 5.581065301519303e-18)
(-0.0003196027702874191 0.005736809996427164 1.347931789315613e-17)
(-0.001012199306030365 0.006570495025434348 2.18599019370024e-17)
(-0.001385496945640568 0.005646969925667351 2.149981486161879e-18)
(-0.001394365967478262 0.004069377688812528 -7.905571041618837e-19)
(-0.001011948184719247 0.002366105235239405 9.35093627161836e-18)
(-0.0003639150139653265 0.001624016943232043 1.674998039341307e-18)
(-0.0003740804194025896 0.001225154700265504 1.6834339854921e-18)
(-1.152858935773152e-06 1.967787552231834e-06 1.617002075945425e-20)
(-1.444400276795266e-06 3.00868279524036e-06 -1.717390159215858e-19)
(-1.377214442458471e-06 4.063646540675278e-06 3.658254609977267e-18)
(-8.925387166617248e-07 5.079198386748608e-06 8.420905731545076e-21)
(2.404217523243463e-08 5.993730685848072e-06 -2.00070068545645e-20)
(1.350314456629795e-06 6.747215959926776e-06 -1.217328843766795e-19)
(3.036167171724695e-06 7.288278345345608e-06 5.544111982433054e-18)
(5.012760816921384e-06 7.578648328457649e-06 -8.138167630602424e-21)
(7.201375120426774e-06 7.595195555063676e-06 2.309623512298793e-19)
(9.521164121317847e-06 7.329875463430032e-06 -1.407350391119396e-18)
(1.189517780663405e-05 6.788042305348491e-06 -7.448491121530813e-20)
(1.425426153833852e-05 5.985682192965439e-06 6.51065506254618e-20)
(1.653875037556395e-05 4.946165008859146e-06 5.539619657476257e-19)
(1.869817218452178e-05 3.697090530475791e-06 5.762886179658908e-19)
(2.068943002493228e-05 2.267710409014408e-06 4.743211889253413e-19)
(2.247411466761414e-05 6.872611309296801e-07 4.232022631145065e-20)
(2.401567567960304e-05 -1.015629887897961e-06 2.454749974646483e-20)
(2.527715966852946e-05 -2.812476335806993e-06 1.324686421422368e-19)
(2.622009408282831e-05 -4.673563676892666e-06 2.699525346065571e-20)
(2.680487227831561e-05 -6.565940259760936e-06 3.513536546113749e-20)
(2.699270916212745e-05 -8.451077389915688e-06 4.794627859112497e-21)
(2.674891821088585e-05 -1.028246879463996e-05 3.796115698080469e-21)
(2.604697483560119e-05 -1.200335216750329e-05 2.513827514439379e-20)
(2.487264206499883e-05 -1.354456969647976e-05 1.260939711122001e-19)
(2.322732403786058e-05 -1.482238975016828e-05 4.411943019295514e-19)
(2.112987916836132e-05 -1.573588370378875e-05 8.461771334780807e-21)
(1.861640403849662e-05 -1.616316725020915e-05 1.235358606860117e-20)
(1.573789539752093e-05 -1.595548158558572e-05 4.003315059733786e-20)
(1.255617372362614e-05 -1.492758700789539e-05 1.019908730812449e-19)
(9.138698275188545e-06 -1.284219184660425e-05 1.62369426534549e-19)
(5.553239501080419e-06 -9.385408498333459e-06 8.906593131564996e-19)
(1.861376763968685e-06 -4.092364067031541e-06 -3.769581713937815e-18)
(-4.537476466537978e-06 1.245023648912234e-06 -7.028433499814834e-20)
(-1.327968427141443e-05 3.233902305145586e-06 -5.876589174674003e-20)
(-2.099158232428226e-05 4.949637504373695e-06 -4.691785516851653e-21)
(-2.716684690153535e-05 6.501193989706146e-06 -9.374303343382264e-20)
(-3.143470647223607e-05 7.960268224054511e-06 4.026445258500909e-18)
(-3.360926094633614e-05 9.372528446552689e-06 -8.104202641805063e-19)
(-3.370417899022701e-05 1.07555494920546e-05 5.495037005256879e-20)
(-3.191984004427464e-05 1.209287162811019e-05 9.877541559435471e-19)
(-2.860377673441755e-05 1.333101702877932e-05 -1.420655798313031e-18)
(-2.419073021544919e-05 1.438778722211365e-05 1.411455001905208e-18)
(-1.91294364129688e-05 1.517019906392908e-05 8.29780324709913e-18)
(-1.381448785496174e-05 1.559212307434112e-05 -2.928882686328298e-19)
(-8.569304400809076e-06 1.559483011944612e-05 -2.996961536781361e-18)
(-3.651767696062017e-06 1.516017441336468e-05 -8.148447823005621e-19)
(7.357928430368546e-07 1.431171186667409e-05 -6.316301041470389e-19)
(4.43890424089554e-06 1.310744239906185e-05 -4.976524733588198e-19)
(7.347252046578483e-06 1.162954577943551e-05 -1.157196227530122e-19)
(9.393647042524496e-06 9.974223456129735e-06 -7.448501216398713e-19)
(1.055378380778859e-05 8.242604077127506e-06 1.102432710815385e-19)
(1.084548917121547e-05 6.532702264462034e-06 -3.869405761607476e-18)
(1.032690811244262e-05 4.932175825385528e-06 -1.317726807820227e-19)
(9.093616012952402e-06 3.511469505728879e-06 8.64854711033229e-20)
(7.274773149689058e-06 2.316883268441931e-06 4.137623210418306e-19)
(5.028438477337792e-06 1.363080248660033e-06 1.646071463880318e-20)
(-0.0003541672589694627 0.003955310559521069 -4.733655200297375e-18)
(-0.0008365572292329452 0.006125939342222141 -6.441450681555275e-18)
(-0.0003518131579732938 0.006997520380758055 -6.159086587876251e-18)
(-0.0004425554143044308 0.005776545767447219 6.06365798324575e-18)
(-0.0004495348307551333 0.003948602480176161 -7.825674075701729e-18)
(-0.0003600710550561482 0.001934473353444551 7.219358756743282e-18)
(-0.0008422388781772624 0.00120453744824872 8.789472951933878e-18)
(-0.0003663457325381882 0.001144848271869513 9.981628019866468e-18)
(-8.556474202023193e-07 1.81639694797316e-06 1.195027118501108e-20)
(-1.05245744020353e-06 2.781086606840934e-06 6.41251788068158e-18)
(-9.634415623358331e-07 3.762116417436816e-06 -1.106267889159687e-19)
(-5.411142655884806e-07 4.710308124233967e-06 1.432270290134028e-18)
(2.281463207685561e-07 5.568935256075071e-06 1.706722832192881e-19)
(1.329484408126025e-06 6.282335003300144e-06 2.496040332711699e-20)
(2.725868029759479e-06 6.802008863155198e-06 1.610509197557521e-19)
(4.364909243253145e-06 7.090457102920349e-06 -1.749754145166501e-18)
(6.185580956865428e-06 7.122997129745137e-06 7.545277050460272e-20)
(8.124151080443707e-06 6.887844205873573e-06 -3.35039807774266e-19)
(1.011883163787167e-05 6.384840284532017e-06 -9.423145677657515e-20)
(1.211283210809857e-05 5.623295851856587e-06 7.145840670462954e-20)
(1.405575620671716e-05 4.619455338496811e-06 -2.003843578794166e-18)
(1.590351083895203e-05 3.394072073375251e-06 3.416820794800375e-20)
(1.761708817964603e-05 1.970494544744359e-06 4.23627778364777e-20)
(1.916072149379575e-05 3.735381415403537e-07 7.743125067502306e-20)
(2.04999683569389e-05 -1.370734075842968e-06 9.39753104124164e-20)
(2.160025730883926e-05 -3.234348122488481e-06 7.596729082205524e-19)
(2.242632738576854e-05 -5.186028564986003e-06 -1.537381891253996e-18)
(2.294281360701571e-05 -7.189322003483666e-06 5.741839747866879e-19)
(2.311600669242016e-05 -9.200496358510724e-06 5.104729181854388e-20)
(2.291657794728855e-05 -1.116646006408704e-05 7.607943570782454e-21)
(2.232282884552777e-05 -1.302280261044437e-05 4.82025218046193e-20)
(2.132386622204999e-05 -1.469191091990315e-05 -1.01717094511736e-18)
(1.992207104440334e-05 -1.608088401112073e-05 2.101831551527008e-19)
(1.813421503347665e-05 -1.707871598240034e-05 -3.157833665537128e-18)
(1.599079307630863e-05 -1.755194421474825e-05 3.433985165626431e-18)
(1.353363274946831e-05 -1.733771432407502e-05 4.669144249666538e-19)
(1.081241765137964e-05 -1.623286576542954e-05 1.993116637375334e-18)
(7.881077919100901e-06 -1.397686397369355e-05 1.429945667432884e-19)
(4.795149451837201e-06 -1.022506908813885e-05 -6.807782957773389e-18)
(1.608540102328057e-06 -4.466040626217513e-06 -2.427955503113893e-18)
(-4.316045047676178e-06 7.599346721616322e-07 -1.242879345385699e-18)
(-1.261821442858062e-05 2.182306734615884e-06 -8.500555041137053e-20)
(-1.989998628826491e-05 3.609437581465758e-06 -6.639835477620153e-20)
(-2.565647100574546e-05 5.083580189241613e-06 -8.630142211287811e-20)
(-2.951952359457437e-05 6.617776913998841e-06 1.012235667774831e-19)
(-3.131238388677429e-05 8.205349676824666e-06 -1.530789675952047e-19)
(-3.107274741464845e-05 9.822058403726776e-06 9.123018366946068e-20)
(-2.904708588930688e-05 1.142152783163188e-05 1.275225339328083e-17)
(-2.564937532422568e-05 1.292718043351604e-05 -5.220682641465719e-18)
(-2.138496371624325e-05 1.423460973531336e-05 -3.477142913590198e-18)
(-1.674153149323421e-05 1.523683902024766e-05 -1.303739821258679e-17)
(-1.206312450793552e-05 1.583468135907024e-05 -7.388663515855067e-18)
(-7.580739493323434e-06 1.596626058707174e-05 -2.957998107503511e-18)
(-3.458340420459203e-06 1.561948678693295e-05 1.157201034896068e-17)
(1.784332979634651e-07 1.482653223609364e-05 -5.374531156077596e-18)
(3.230757046234628e-06 1.36521870648448e-05 -6.562678620373662e-18)
(5.625300204068623e-06 1.218278334422316e-05 -2.977063773554468e-19)
(7.316644570022623e-06 1.051690141159697e-05 -4.41938883428711e-18)
(8.289793489360889e-06 8.757323494874847e-06 1.746759910159463e-18)
(8.561358442391899e-06 7.003694436300782e-06 2.264120267738344e-18)
(8.179206499614802e-06 5.345595696800695e-06 3.811034751659177e-18)
(7.220622606524986e-06 3.855802973957382e-06 -9.097024045766213e-20)
(5.789174247423316e-06 2.58327231899072e-06 -2.478844055987539e-19)
(4.010635478332754e-06 1.545177320155019e-06 3.376764224755666e-18)
(0.0006655351360093983 0.003338056360865211 7.21055171148068e-19)
(-0.001534357527442619 0.005850643408184568 8.941852671760259e-19)
(0.002060374622589544 0.006526737301620985 -1.79730990747905e-20)
(0.002909954294186105 0.005544074699162753 1.19682172552229e-18)
(0.00290749376946611 0.004191453108523759 8.789827505574193e-18)
(0.00203892424688605 0.002400791412391572 -5.558139743912843e-18)
(-0.001530323327772613 0.001437321135249295 9.51881276440689e-18)
(0.0006804683543063044 0.00175193066100625 3.443892799471098e-18)
(-5.942183250063227e-07 1.575985187784838e-06 -1.952868404355278e-19)
(-7.111982322258008e-07 2.415625426146822e-06 -3.292198107665404e-18)
(-6.119715483983434e-07 3.271540880194152e-06 -2.120739316864987e-18)
(-2.598967189099133e-07 4.101249246281119e-06 -4.640330330572087e-18)
(3.57357663900975e-07 4.855998697909751e-06 1.00284422977e-19)
(1.23087259348972e-06 5.487645335678867e-06 1.30244914692993e-20)
(2.334689204338018e-06 5.953544868153202e-06 6.456565469892063e-20)
(3.630698524745117e-06 6.219708543345092e-06 -3.013712629845055e-18)
(5.073563442263519e-06 6.262391542604561e-06 5.512695854628914e-20)
(6.615108964017568e-06 6.068295662936432e-06 -2.569555901446468e-18)
(8.207783372198257e-06 5.63368327961654e-06 3.102687443253327e-18)
(9.806972555297046e-06 4.962789654149643e-06 3.806104258963934e-19)
(1.137212715364661e-05 4.065951694778359e-06 -3.265854381222579e-18)
(1.28668266840984e-05 2.95784493683528e-06 -1.485558850347135e-18)
(1.42580426670709e-05 1.656148485306677e-06 -5.098761551441505e-21)
(1.551496206466589e-05 1.808492233367409e-07 1.517113408553812e-18)
(1.660777687064168e-05 -1.445724925888073e-06 8.069547678036772e-20)
(1.750681872979883e-05 -3.198178752836798e-06 8.392906487684334e-20)
(1.818234520395727e-05 -5.046769575498249e-06 -4.400321200777728e-20)
(1.860514939584952e-05 -6.955780327754131e-06 -5.464312134078851e-19)
(1.874799929028718e-05 -8.881767650071627e-06 2.050832581222874e-19)
(1.858773773056981e-05 -1.077185597307727e-05 1.726630435802932e-20)
(1.810771506532104e-05 -1.256216527610685e-05 -1.172226725838233e-20)
(1.730010805203221e-05 -1.41762537022869e-05 4.814224726648528e-19)
(1.616761983204429e-05 -1.552325572292713e-05 -2.17485193019632e-19)
(1.472419385147635e-05 -1.649519522695098e-05 1.669763648220162e-19)
(1.299420946231219e-05 -1.696254539190842e-05 -2.830453583107121e-18)
(1.101019756355372e-05 -1.676700804688954e-05 -3.04242670414742e-19)
(8.809667366862873e-06 -1.571033175098036e-05 -3.190414311838484e-18)
(6.432375511283102e-06 -1.353763904982097e-05 1.236308235173358e-18)
(3.919903885918168e-06 -9.912314506465951e-06 -1.632857893744321e-18)
(1.316276860526162e-06 -4.335608295052626e-06 -1.453209181177664e-18)
(-4.029666197265822e-06 2.005493213732244e-07 -7.537869988551722e-20)
(-1.176722376864683e-05 9.310875712814116e-07 -8.113998634331299e-20)
(-1.85101361728536e-05 1.951404665037192e-06 2.737313149152674e-18)
(-2.376076621088234e-05 3.226064541103635e-06 4.2411036583858e-18)
(-2.715308135232356e-05 4.698349597765696e-06 -1.678822056908523e-19)
(-2.850974607138644e-05 6.296911156708496e-06 4.098958685669365e-18)
(-2.787483823083435e-05 7.944497493810217e-06 -9.779179523142786e-20)
(-2.552693912052234e-05 9.562531511400282e-06 -4.135642810758888e-19)
(-2.195869390979148e-05 1.106716578221437e-05 -1.366017684383719e-17)
(-1.779950610315481e-05 1.235962569461069e-05 1.157278684165118e-17)
(-1.365596129861276e-05 1.336213307138491e-05 -2.786466110360204e-18)
(-9.758847515471767e-06 1.397768021986143e-05 -5.022299929924069e-18)
(-6.18754825464779e-06 1.41538211949838e-05 -7.777151884942046e-19)
(-2.986437873708607e-06 1.388911242559531e-05 -4.619194280532873e-18)
(-2.005970624078743e-07 1.321946495182538e-05 5.150897381636709e-18)
(2.123044355435699e-06 1.220568470792441e-05 -1.342156445432419e-17)
(3.943842339932356e-06 1.092495036314565e-05 5.097610334078017e-20)
(5.235163963586767e-06 9.464054376709125e-06 1.584671369322412e-19)
(5.989460556547407e-06 7.913172928366305e-06 -6.204540870927888e-18)
(6.220844511530509e-06 6.359843865514302e-06 -5.287904905237446e-18)
(5.965753457615013e-06 4.882978191893695e-06 -4.394704752436418e-18)
(5.282050249194245e-06 3.546971802299327e-06 -4.159778144828175e-18)
(4.246548186623983e-06 2.395702490663384e-06 5.670988452621747e-18)
(2.950812015824769e-06 1.445719353632309e-06 -1.922448571464963e-19)
(0.005378478526902443 0.001485929332749797 -2.56717227506739e-18)
(0.0007348168332330634 0.003254469243431445 3.286997523309878e-18)
(0.009144570895512233 0.003744704803274746 1.582391410415028e-18)
(0.0115704477475011 0.004487125715230499 2.780531175469303e-19)
(0.01159515335116914 0.005262457321951497 7.302362749382611e-19)
(0.009153579507845473 0.005212152936188734 4.408610588330645e-19)
(0.0007551304036461062 0.004041729517831502 1.477511893944209e-18)
(0.005512271222904762 0.003604726843303793 2.333907384684166e-18)
(-3.793632571418866e-07 1.257100247752541e-06 1.500514783433529e-20)
(-4.361167507561242e-07 1.927008745999459e-06 -7.560779011415137e-20)
(-3.412042501073353e-07 2.610166119184059e-06 -6.452003262659536e-20)
(-6.764871025811622e-08 3.273479553623842e-06 1.68006275459465e-19)
(3.951019241369216e-07 3.878928893374239e-06 1.060941072694847e-20)
(1.042446275640284e-06 4.388565576535284e-06 -3.365836852794198e-20)
(1.85735874928426e-06 4.768198378313877e-06 6.373434665964977e-20)
(2.813779068369876e-06 4.989912215585678e-06 5.138999673125216e-20)
(3.880040580496479e-06 5.033390631200344e-06 -4.091339333691353e-21)
(5.021926376218917e-06 4.886173351959883e-06 -1.336697474745675e-18)
(6.205096041549834e-06 4.543089913448079e-06 1.18198748908289e-18)
(7.39674535788382e-06 4.00517468185214e-06 9.423445380390645e-19)
(8.566471453090975e-06 3.278381595839405e-06 1.323290160388027e-19)
(9.686424097242094e-06 2.372391033905665e-06 -3.356796386296577e-18)
(1.073092051614673e-05 1.299743115085162e-06 4.968432567171122e-21)
(1.167576618964434e-05 7.545056493474256e-08 -1.741660509713624e-18)
(1.249755216180433e-05 -1.282851290141263e-06 7.216493261124914e-20)
(1.317319141450036e-05 -2.754249609899151e-06 -3.260316583740924e-20)
(1.367988711836114e-05 -4.313508003379526e-06 -2.217534842101079e-19)
(1.399564736381722e-05 -5.92978896537524e-06 -7.353783394740061e-20)
(1.410034323237304e-05 -7.56531225549811e-06 -4.712120099865644e-20)
(1.397718422494615e-05 -9.174075880887325e-06 -3.677884913716249e-20)
(1.36143842934108e-05 -1.070065719766672e-05 -3.955119903708484e-21)
(1.300671543993329e-05 -1.207902119622784e-05 -5.960809372580753e-21)
(1.215663548022501e-05 -1.32309968339352e-05 6.208448766930685e-19)
(1.107470699330832e-05 -1.406398168751852e-05 5.001372314219159e-20)
(9.779096758727891e-06 -1.44671442139678e-05 5.729678588921468e-20)
(8.293762235574501e-06 -1.430499026122516e-05 -1.777711413813395e-20)
(6.645586791452344e-06 -1.340733825443315e-05 1.325963424291955e-20)
(4.861483002131448e-06 -1.155479942442812e-05 3.166816737721291e-18)
(2.968468601824339e-06 -8.458833199744692e-06 6.383324984668283e-19)
(9.9816940843172e-07 -3.697314348580574e-06 9.003679113415935e-19)
(-3.691450487293413e-06 -3.879800495945607e-07 -4.988491494225099e-20)
(-1.076650715064629e-05 -4.077725131662949e-07 3.38611713786338e-18)
(-1.68902225692138e-05 1.412820456311512e-07 -1.803868892866728e-18)
(-2.158014824037808e-05 1.141972406999616e-06 -1.039675714998189e-18)
(-2.447432925277177e-05 2.462728786541482e-06 4.373792947830594e-20)
(-2.538482031069506e-05 3.958078507077661e-06 -9.5308034266039e-20)
(-2.433221639684506e-05 5.480256879549297e-06 1.152241443276352e-19)
(-2.157719086533574e-05 6.893980273306108e-06 -5.852850072463187e-18)
(-1.766135952049018e-05 8.09753989273413e-06 2.252467844787227e-19)
(-1.341616804053161e-05 9.045503664841664e-06 -1.35691717438849e-17)
(-9.881634649870196e-06 9.805051314521959e-06 -2.943257217595109e-19)
(-6.938495714681116e-06 1.027554273621764e-05 -2.607922313156374e-19)
(-4.414830416137007e-06 1.041752769121232e-05 3.08790842764483e-18)
(-2.225377375101884e-06 1.023413259830172e-05 -7.253869965001656e-19)
(-3.48944953538436e-07 9.753393768055854e-06 1.168626322465143e-17)
(1.205988376447309e-06 9.019701800337329e-06 -1.229460445252911e-19)
(2.423020050174723e-06 8.088879996212897e-06 4.039877831876954e-19)
(3.289542699627494e-06 7.023740905750912e-06 6.240687048571634e-20)
(3.802898237053546e-06 5.889696487742287e-06 7.585254586457479e-20)
(3.973382501760298e-06 4.750419149282537e-06 -5.603251334606855e-18)
(3.825316421733702e-06 3.66342078412e-06 6.062853001309964e-19)
(3.396828187462314e-06 2.675591815799652e-06 3.768040619029789e-19)
(2.738451046454052e-06 1.818656572591219e-06 6.570075041804317e-18)
(1.909561429893486e-06 1.104790015581635e-06 -8.258967346838796e-20)
(0.0220840080666655 -0.001453789680856031 -1.181365930181555e-19)
(0.01639714489728863 -0.002594788998474341 -5.867565805954085e-18)
(0.02636846719087732 -0.001709616927992086 -7.43258012103786e-18)
(0.02949561814015641 0.002525178037440866 -1.281574276181983e-19)
(0.02963340720259775 0.007163660352044775 2.639679203956447e-18)
(0.02666504781726102 0.01069671423290709 3.608931642293033e-18)
(0.01686563251787186 0.009967326339389146 1.346741254041128e-18)
(0.02277988890348697 0.006179129402568526 -2.672062328376279e-18)
(-2.166550497652298e-07 8.758156050765395e-07 2.235555848259568e-19)
(-2.362584135013474e-07 1.338627949672329e-06 -5.855849440507309e-18)
(-1.61586663381761e-07 1.80962139041457e-06 4.369515602804635e-19)
(2.562393116483166e-08 2.267238716067337e-06 -4.033336596656513e-18)
(3.331648435441273e-07 2.685913709922169e-06 1.008388437187688e-19)
(7.59052592520966e-07 3.039648998939912e-06 -4.259292956507791e-19)
(1.293226118817114e-06 3.30471221976394e-06 -2.853081755133062e-18)
(1.919678302018577e-06 3.461419789946578e-06 1.073233618931785e-19)
(2.618588952172534e-06 3.495076620937157e-06 -2.092477972582797e-18)
(3.368222276455826e-06 3.396201519513607e-06 2.779691747106335e-18)
(4.14644999555873e-06 3.160204835366188e-06 1.720287780919748e-18)
(4.931820167391261e-06 2.786730232542752e-06 2.082695331127563e-20)
(5.704151128139772e-06 2.278870254899211e-06 -1.476581860459435e-20)
(6.44469405148662e-06 1.642443761210716e-06 3.096766436642881e-18)
(7.135969925584529e-06 8.854866446727767e-07 2.556110409885651e-18)
(7.761427496718806e-06 1.805338064567348e-08 -5.864577074238782e-20)
(8.305085951190293e-06 -9.476347564605584e-07 -3.994717408276071e-20)
(8.75131326511262e-06 -1.996720216507187e-06 -1.050147519772979e-19)
(9.084868611130854e-06 -3.110992812214129e-06 3.28757384106088e-18)
(9.291259427663193e-06 -4.268028976835017e-06 -7.072739141453746e-21)
(9.357420620037266e-06 -5.440294606630543e-06 -1.803928388075477e-20)
(9.272627074545774e-06 -6.594291022100473e-06 1.016025754119235e-18)
(9.02949572544531e-06 -7.689734560307505e-06 -1.019260910516334e-20)
(8.624901599829995e-06 -8.67869461296418e-06 2.65701296165352e-20)
(8.060625128933699e-06 -9.504476916562254e-06 2.983548251446666e-20)
(7.343592631848476e-06 -1.009991474222073e-05 -2.934949745093467e-20)
(6.485723771810364e-06 -1.038472464718818e-05 4.594439483299698e-20)
(5.503009950100874e-06 -1.026104818857392e-05 5.394700187117762e-20)
(4.413619749434917e-06 -9.606514962722315e-06 -1.292089675118789e-18)
(3.234738704854627e-06 -8.264060739364074e-06 -2.411698485287136e-20)
(1.980511657837577e-06 -6.028856622130804e-06 4.805757623528417e-19)
(6.674832648506483e-07 -2.612246108672431e-06 -4.641765626142606e-20)
(-3.314193105735669e-06 -9.560229947029662e-07 2.573150554611515e-18)
(-9.654512500912747e-06 -1.711937901185804e-06 1.072443111656791e-18)
(-1.510491048065869e-05 -1.64064368287308e-06 1.020467087886539e-18)
(-1.920787187122694e-05 -9.366949137732186e-07 1.483110357699364e-19)
(-2.161163547506487e-05 1.981425987195896e-07 -1.93778450116513e-18)
(-2.211449596024352e-05 1.546388043610972e-06 -9.716668689108584e-19)
(-2.068666204371045e-05 2.881595461288501e-06 -2.165338273556731e-19)
(-1.748340375375482e-05 3.975035272169546e-06 1.225001567802884e-19)
(0.006796476281450834 -0.006950903648641129 -8.034954981961296e-18)
(0.009490876977086398 -0.006972258968088137 -5.321226744158746e-18)
(0.01668225278915082 -0.007617505171743573 -6.11625503105666e-18)
(0.02517146135294935 -0.008402789769167168 -3.674990567843967e-18)
(0.03466367046523749 -0.008800469322609661 -1.638798305584149e-18)
(0.04373388286292779 -0.00827801670201357 -1.164295023002105e-18)
(0.05174437595899943 -0.006858903358716662 5.937434521872188e-19)
(0.05798319500166626 -0.004919881034157833 -5.724591490702702e-18)
(0.06217429184352372 -0.002987655089160653 -1.675817422749349e-17)
(0.06457253504380524 -0.001492755788904282 -1.569040180526293e-17)
(0.06572192698243216 -0.0005790697778887467 -6.439754875894028e-18)
(0.06611562271402993 -0.0001698950728085746 -6.699315443276316e-18)
(0.06606748564737225 -8.953944812771356e-05 -5.1990282885987e-18)
(0.06577573569783653 -0.0001250015447060901 -8.431579579331066e-18)
(0.06543004462636677 -0.0002230930872440004 1.631785157891484e-20)
(0.06105413822775819 -0.001103810563795216 5.985274739451014e-19)
(0.04834507834564797 -0.0002244742640384861 8.194998550349828e-19)
(0.05529111550375029 -0.007793267782170528 8.837660539926699e-18)
(0.05605928904878783 -0.005762402005262311 -5.458061243883885e-18)
(0.05730121252527185 0.0009592506542485488 1.825887945974168e-17)
(0.05768370643856369 0.008297124279271753 1.194352130372374e-17)
(0.05709225938836988 0.014431622096827 1.167376182094041e-17)
(0.0571698324677456 0.01500127354732384 1.476273463622213e-17)
(0.05006174399023073 0.003983152848909634 -2.244421899049395e-18)
(0.06331130833261081 0.002702701214856263 -2.192859719742322e-18)
(0.06767113651460321 0.0006409096907545805 -2.265857634375248e-18)
(0.0678417854082979 0.0002519433563365977 -3.264289356702591e-18)
(0.06806884250793754 0.0001140209802343636 6.988596904027658e-19)
(0.06824440519869968 6.558369838341959e-06 9.060302358462258e-19)
(0.06834762502217477 -4.928867657563764e-05 1.836276208962845e-18)
(0.0684067304558494 -5.503723586637641e-05 3.118359201850493e-18)
(0.06844537554452332 -4.324729788288347e-05 2.475649409531649e-18)
(0.06847315211586588 -3.33926798539325e-05 8.038972386889243e-19)
(0.06849507567981823 -2.904410574292743e-05 -2.483842119866783e-18)
(0.06851492273507284 -2.84681421662053e-05 -1.020422603458095e-18)
(0.06853580659096797 -3.027044164863474e-05 -2.279641552185077e-18)
(0.06856033081088049 -3.426388227122133e-05 -2.123917131823948e-18)
(0.06859078039426164 -4.093982250124238e-05 -3.762469112973749e-18)
(0.06862908110206208 -5.089870369130382e-05 -2.425538836576069e-18)
(0.06867616747171126 -6.417223124059184e-05 -5.709778048527011e-19)
(0.06873015792692863 -7.887973244966178e-05 1.957916299802795e-18)
(0.06878222083477713 -8.824744795097891e-05 1.290599536093116e-18)
(0.06880816103373572 -7.423846545216158e-05 -1.52798828447878e-18)
(0.06875274898287648 4.60234800684202e-06 1.122449765592343e-18)
(0.06850272126973279 0.0002313168663251952 -1.009408593084125e-18)
(0.06784542294186506 0.000745171988687491 -2.843188324347258e-18)
(0.06641834136255831 0.001723146675766416 -4.373874257376937e-18)
(0.06369067145794106 0.003282711526394477 -6.866321166399131e-18)
(0.05908853556520891 0.005311542701999107 -4.307553417368656e-18)
(0.05231336533874091 0.007397330319100663 1.246054779882238e-18)
(0.04360609107782629 0.00901964184231922 5.592573384586914e-18)
(0.03366171092192757 0.009797621393556083 5.04474860548242e-18)
(0.02340587048045229 0.009503061626349316 6.804362136701198e-18)
(0.01391227322953949 0.008016968206669068 6.233019218379368e-18)
(0.006802325634491508 0.005792980790865978 5.005791549250875e-18)
(0.001718214365383645 0.002691485218891682 5.455283441667382e-18)
(-2.910194766619361e-06 -1.453573323151975e-06 1.697973702247084e-18)
(-8.467778037282562e-06 -2.860325144464666e-06 1.020790228768074e-18)
(-1.321420686004144e-05 -3.219106495096105e-06 1.506716809299809e-19)
(-1.672768869615253e-05 -2.78905365008389e-06 1.556076731141304e-18)
(-1.867700091447806e-05 -1.827226818011023e-06 1.036764319462729e-19)
(-1.885490325182881e-05 -6.049994980723838e-07 1.995258590740534e-18)
(-1.718052654885952e-05 5.922340263579684e-07 6.566331741738096e-19)
(-1.365466125119973e-05 1.448232808435972e-06 -8.270532325389432e-19)
(0.006790949074832813 -0.009630858012525983 -1.057509047355591e-17)
(0.006614170931994749 -0.006908902747212409 -3.37138327154739e-18)
(0.02401713077597912 -0.006079481142785703 -2.115751232890832e-17)
(0.03600412915721054 -0.008359339514743266 5.489787485728357e-19)
(0.04995618707528662 -0.009215907664650256 9.155895962404104e-18)
(0.06331721632490714 -0.008634970019130793 -1.978131622607396e-17)
(0.07518596457309025 -0.006996583019922975 -1.111209943759057e-17)
(0.08433175114983142 -0.004692351328408706 -5.093237638948852e-19)
(0.09022987257542091 -0.002482240808245429 -1.751704530160673e-17)
(0.09342829078881477 -0.0009502831096141396 -3.502559586890754e-17)
(0.09488429967116402 -0.0001522993304400792 -1.586730939487031e-17)
(0.09533260523432371 5.857057041016162e-05 -2.787763248249539e-18)
(0.09517304452431476 -0.0002192999443922793 -7.485493957796595e-18)
(0.09450233261859591 -0.0006869376757681207 -9.204618468281109e-19)
(0.09372821692179321 -0.0005735473323184893 3.181791578770417e-18)
(0.09345556468455467 -0.0007302090047271058 5.624920827131209e-19)
(0.09259243418474775 -0.004129206218865034 3.089702050459024e-18)
(0.09147210944633724 -0.007736135129189223 -1.286278444524517e-17)
(0.08748893966256494 -0.004904916712501949 -6.354065007115922e-18)
(0.08619467553044823 0.000905685333404266 -2.020886050042162e-18)
(0.08682313995843845 0.00732261913538818 6.335079761238425e-18)
(0.08931434845208808 0.01260037610162031 1.558055295394602e-17)
(0.09458126404848383 0.014254328445875 -8.196167394350229e-18)
(0.09633071496252994 0.00814438325405072 -5.665219807819764e-18)
(0.09705399297751766 0.00186078431351525 -4.673622706391672e-18)
(0.09688036157419432 0.0006611110493859206 -5.893488577090623e-18)
(0.0973873133543993 0.0007294123271891505 4.619166964540609e-18)
(0.09798952206561659 0.0003495902270747427 3.632671830272297e-18)
(0.09829844630108459 2.605460172260716e-05 2.314592592766993e-18)
(0.09846713960319847 -7.30988903276565e-05 8.362548610381949e-19)
(0.09857245048992132 -6.664618274987175e-05 9.091227512785353e-18)
(0.09864285707439917 -4.79818268331003e-05 5.256946291465341e-18)
(0.09869097971555313 -4.002281467827244e-05 2.437298905341515e-18)
(0.09872664319325536 -3.884250772876552e-05 -2.129847875465686e-18)
(0.09875735518146389 -3.956633272334929e-05 -2.560229173213882e-18)
(0.09878851204975546 -4.092658832958001e-05 -5.62911022315302e-19)
(0.09882415026932213 -4.365884267045915e-05 -2.543703318606867e-19)
(0.09886763989412486 -4.92571150337052e-05 -8.970962486448798e-18)
(0.09892178711743881 -5.959894993282139e-05 -8.742504579865169e-19)
(0.09898808675807089 -7.672206753623152e-05 -7.080877045804778e-19)
(0.09906441828397619 -0.0001021830511558194 5.07395950298105e-18)
(0.09913976596723727 -0.0001352329379647512 8.393329492867604e-18)
(0.09918316745867853 -0.0001679154185073927 -2.277361927208583e-18)
(0.09912279391078568 -0.000172830085112415 1.101782538437711e-18)
(0.09880973029772955 -7.822307862450587e-05 2.99269079251817e-19)
(0.09795722106221069 0.0002689138804269229 -5.368905689188816e-18)
(0.09607004806975285 0.001107664169627466 -4.94765623057672e-18)
(0.09236676647319157 0.002686281252669431 -5.802145021425697e-18)
(0.08586238539496875 0.004978983423482583 -1.568785124897846e-17)
(0.07593710519804771 0.007430083476658439 5.715405175720484e-18)
(0.06303786105995432 0.009271432173012342 1.642601103581986e-17)
(0.04831373080558028 0.01018784890232275 4.920939535879277e-18)
(0.03309249297225453 0.00990560124538656 1.38549596707302e-17)
(0.01877171789129853 0.00824440493872906 1.439165045186212e-17)
(0.00722174841265036 0.00534011231839693 1.040968141425686e-17)
(0.0005969360166059007 0.001191516678682326 9.379700126311554e-18)
(-2.491262063540465e-06 -1.834504190581249e-06 -3.591838947996376e-20)
(-7.240877146207059e-06 -3.74445453097793e-06 1.787380939929216e-19)
(-1.127309093021682e-05 -4.442082286776252e-06 1.609002814193269e-19)
(-1.421239210622433e-05 -4.231968264477217e-06 -2.049856636949495e-18)
(-1.576168545998206e-05 -3.404882787215653e-06 6.552524483296258e-20)
(-1.57311258500094e-05 -2.257158026114684e-06 -3.030217298789954e-20)
(-1.404488039355792e-05 -1.084317184734361e-06 3.674598658236527e-20)
(-1.073059100377242e-05 -1.735393181238106e-07 -1.653208931742272e-18)
(0.007419457369144643 -0.01668057141963728 -4.561795192413928e-18)
(0.005883132938853832 -0.02406038194814737 -4.811755321445453e-18)
(0.02768940447803086 -0.02840655327148707 -2.099227483720268e-17)
(0.0431058183253583 -0.03203000705819298 -1.169950892880719e-17)
(0.06113777305868289 -0.03287730130043936 -1.477629874789492e-17)
(0.07835393946537493 -0.03058892362035755 -4.321700990005219e-18)
(0.09357730927375267 -0.02539591407044166 -1.88945445193085e-18)
(0.1049389164283996 -0.01808875176917516 1.554940127695873e-18)
(0.111595317159314 -0.01086000238749346 -9.325815211475438e-18)
(0.1146436022973176 -0.005487963670696178 -3.559914277351368e-17)
(0.115749741443763 -0.002187993596544945 -1.110237414879871e-17)
(0.1159897597548535 -0.0003919493365553977 -6.249334339645698e-18)
(0.1158626153198864 0.0005184949838332938 -1.460051751446893e-17)
(0.1155328164304757 0.001112986236007674 -7.70211238996205e-18)
(0.1152877601575324 0.001871420517902659 2.493904006892537e-18)
(0.1155840092489692 0.002174360922600839 -6.513539480073253e-19)
(0.1153547275428729 0.0001576692312516586 1.420171605769997e-18)
(0.1127497695271166 -0.002791621767370919 1.858667423657545e-18)
(0.1088264997025503 -0.001692012986224199 -1.020003766153498e-17)
(0.10709281289638 0.001539214578396613 -5.116504909045447e-18)
(0.1078333608831012 0.005280065666385229 7.346214021763523e-20)
(0.1109957996567173 0.0080168633122809 1.830004070087679e-18)
(0.1162905076296885 0.008082633010859422 -4.539502938967526e-19)
(0.1197951498364812 0.003306954109985316 -2.742340418909705e-18)
(0.120049432775379 -0.000518888757967129 -4.188895688307783e-18)
(0.1192829733326646 -0.001151962918121896 -9.385790646574649e-19)
(0.1190937172486518 -0.0007702100540097879 2.650137503638379e-18)
(0.119103930556223 -0.0005393620181769788 -4.855256235137336e-19)
(0.1190483736778771 -0.0004082805787409284 8.301309182488729e-18)
(0.1189805431357426 -0.0002923605916522221 -4.423571526586074e-18)
(0.1189360425777637 -0.0001931159175514189 6.890163469682079e-18)
(0.1189168626634093 -0.000124281047892463 -5.98025134544798e-18)
(0.1189129593476989 -8.479384620542209e-05 -1.061090699499497e-18)
(0.1189179956298201 -6.65112956918456e-05 -1.477877304257645e-19)
(0.1189302822368063 -6.23950154187116e-05 -3.259545072543404e-19)
(0.1189507558051232 -6.854744850280463e-05 -4.827637098240663e-19)
(0.1189817352147495 -8.324456613772747e-05 -2.560330198914676e-18)
(0.1190267933793441 -0.000105583157325223 -7.169325483980364e-18)
(0.1190908707044774 -0.0001339284331135513 -1.271283797767441e-18)
(0.119180183012442 -0.0001633302959051599 1.09823445605557e-17)
(0.1193011316390075 -0.0001804348924781152 -8.418526611048251e-19)
(0.1194565732872863 -0.0001534498483266692 -4.427449010337343e-19)
(0.1196365816833694 -1.341401041703163e-05 4.105565649568264e-18)
(0.1197975053157927 0.0003791992542774042 2.54787516902752e-18)
(0.1198229553597025 0.001285211049439255 -3.875982442647248e-18)
(0.1194373016951598 0.003147509508259523 -8.715905556891323e-18)
(0.118076360210457 0.006577397470755668 -7.56043459087505e-18)
(0.1146432064958711 0.01216366332491931 -1.31163669511341e-17)
(0.1074811676733113 0.01971852139279572 -7.542907332931548e-18)
(0.09539882667896207 0.02754677380503836 -2.09114541120468e-18)
(0.07910754222118044 0.03337414458254415 1.427522590417313e-18)
(0.06038118169948255 0.03624380482670578 4.134558511904958e-18)
(0.04098788241371871 0.03554124730880995 2.203772534269873e-18)
(0.02283870876327369 0.03092416528910773 -3.170937776713889e-18)
(0.008316703102076342 0.02227033538430707 -5.193189760851317e-18)
(0.0001272596201712129 0.009250892886169445 -7.676903238376336e-19)
(-2.06885272459247e-06 -2.060558049125048e-06 1.243672019193114e-19)
(-6.006850443664841e-06 -4.278341455635389e-06 9.770071441141869e-19)
(-9.332066394496588e-06 -5.195283709806889e-06 -2.476280576467974e-18)
(-1.172321260438998e-05 -5.138768482132114e-06 1.752091202950216e-18)
(-1.292757889387384e-05 -4.411438270819114e-06 1.340813286949482e-19)
(-1.278757483664269e-05 -3.311872360037271e-06 -2.339547308253518e-18)
(-1.125493510213682e-05 -2.123351841860476e-06 -1.840930454522462e-18)
(-8.404532102039564e-06 -1.093839378101284e-06 2.022037564214832e-18)
(0.008160922612757131 -0.02487063108336373 -3.969593953282846e-18)
(0.008258679954523724 -0.03545137818095183 -1.209347840054221e-17)
(0.0307654185248947 -0.04351910205467892 1.390363399223977e-17)
(0.04754965193027454 -0.04877231564765702 -5.618132377819006e-18)
(0.06767444088550362 -0.04996437056040704 -2.25903126605897e-17)
(0.08711547587565868 -0.04643509288564186 -2.104020902142625e-17)
(0.1044477198615971 -0.0382595322801846 -3.327990098671587e-18)
(0.1169095714782081 -0.02630134352656063 -2.641548799458883e-19)
(0.1231203484293348 -0.01469045921808929 -6.085897478964584e-19)
(0.125099744145217 -0.006717239614997711 -3.762777987014025e-18)
(0.1254731249144674 -0.002372054872889211 -1.928850831069467e-18)
(0.1254676277194538 -0.0003219574134774491 -1.471723344676619e-18)
(0.1254263515078104 0.0005157297306152577 -1.894736617129047e-18)
(0.1254354447722199 0.0008458418247597433 -9.154503498214872e-19)
(0.1256570500161589 0.001081034812776843 3.71304610954241e-19)
(0.1262467393218754 0.001198980835273388 -1.647739385462018e-17)
(0.1261114368710178 0.0007968353653560791 -3.792236805520235e-18)
(0.1235273358544581 0.0002770872348647577 7.564817087366882e-18)
(0.1199281833183857 0.000865275026789772 1.644375289986327e-17)
(0.1181571142636901 0.002035803339730913 -7.488917708981671e-18)
(0.1189310592818952 0.003265897313487254 -1.898623284410294e-18)
(0.1222031752571699 0.004034938615702135 -1.557341896693779e-20)
(0.1271818928247114 0.003838218682919538 7.152722730984879e-19)
(0.1307526078745002 0.00213321750487536 -1.221868932511744e-18)
(0.1311750051739367 0.0005749028437657742 -1.007914062743418e-17)
(0.1304045858965061 8.036988943304727e-06 -4.099680622987167e-18)
(0.1299052593667698 -9.636644458158318e-05 -1.15541011608542e-18)
(0.1296248447521257 -0.0001234855041609626 -5.688065403377059e-19)
(0.1294014955345343 -0.0001255715253145551 1.092869897826495e-17)
(0.1292314285015959 -0.0001087296734740834 8.708655895916849e-19)
(0.1291184186668291 -8.605905227998854e-05 -8.80451235674607e-19)
(0.1290531227949035 -6.888786284321596e-05 -1.190944865524064e-17)
(0.1290191522469804 -6.114991128637699e-05 6.307786577771413e-18)
(0.1290041522678666 -6.259054246224348e-05 2.156224939524681e-18)
(0.1290013681697559 -7.240301261173736e-05 1.309025159216574e-19)
(0.1290080413379023 -9.072968080899549e-05 -1.151585098197105e-18)
(0.1290236912271175 -0.0001187117753300758 -4.555261305767314e-19)
(0.1290493498559893 -0.0001581175700898217 -6.777952679009758e-18)
(0.1290873507205243 -0.0002102905281555118 -3.608380402092026e-19)
(0.1291413977324601 -0.0002736695868626124 3.340710282454303e-18)
(0.1292166289482748 -0.0003380086145512384 -5.064533780910414e-18)
(0.1293189067632675 -0.0003719588331093743 -1.198983692343301e-18)
(0.129452617356692 -0.0002984376522508174 -1.762203412612753e-19)
(0.1296135146143072 5.252989590942888e-05 -2.24974591098578e-18)
(0.1297756566856092 0.001027425090130948 -1.31548327992483e-18)
(0.1298175652321671 0.003287787278360509 -9.388623054260802e-19)
(0.129361728756012 0.00790375348224873 -2.64494438870691e-18)
(0.1271791514745687 0.01621356243702466 -2.302468237400287e-18)
(0.1207250950580575 0.02827947056047923 -1.618305130495437e-18)
(0.1078764439567464 0.04103891913715228 -1.431935019570602e-19)
(0.08979971772673979 0.05023346868496167 2.471096789706587e-18)
(0.06909347906930982 0.0546951298892387 2.627869735387825e-18)
(0.04761900359346039 0.05370227503775365 -4.656576964022663e-19)
(0.02735174616261039 0.04673431034829738 -4.616717321368563e-18)
(0.01068283250308099 0.0332623089286686 -5.941802735343509e-18)
(0.0007993699317147824 0.01300137668918319 -1.734437088087178e-19)
(-1.654290230416097e-06 -2.104756150960591e-06 3.879925362265036e-20)
(-4.798152521428569e-06 -4.406150108254153e-06 2.633076609336268e-19)
(-7.439712859673995e-06 -5.411148860999353e-06 -4.549759105419175e-18)
(-9.316281540194685e-06 -5.445271793480706e-06 2.157453284413226e-19)
(-1.022465250389063e-05 -4.80268722042633e-06 1.328720941139709e-20)
(-1.004466031995362e-05 -3.767647565579291e-06 -2.658131730463743e-18)
(-8.756036555557147e-06 -2.602293417166418e-06 -4.99082403946079e-19)
(-6.457163734251495e-06 -1.524842352400649e-06 5.560279445950023e-18)
(0.008594123925960911 -0.03397586542287735 1.741790241027769e-18)
(0.009063743841182127 -0.04854842756729129 -1.318204177364992e-18)
(0.03140135086632692 -0.06112086761258571 -1.403016432574441e-18)
(0.04868713587556079 -0.06884843130037377 -4.233730113224214e-18)
(0.06956636931960798 -0.07080371605369834 -1.271398650151012e-18)
(0.08999122409668639 -0.06603590117628998 -1.426652563164972e-18)
(0.1086309914691836 -0.05426411886366258 -4.520298257758141e-19)
(0.1212972056834747 -0.03583350967116323 -6.356135287072309e-20)
(0.1257196791563028 -0.01827616967325678 -2.542542007714712e-19)
(0.1255187156906677 -0.007410674331748023 -1.984768824797228e-18)
(0.1247296606276771 -0.002352011588278169 -1.866784116185974e-18)
(0.1244466776335782 -0.0002856938087373913 -3.735274610462226e-18)
(0.1244983611238571 0.0004619837600869161 -1.816256014551282e-18)
(0.1247132396623927 0.000681464935761966 -2.447018642400115e-18)
(0.1251618759224107 0.0007284009865764408 -7.224071425824634e-19)
(0.1259735005755462 0.001057928317418828 -9.12458076295872e-19)
(0.1259999214624323 0.002234353074071384 -9.24937023956815e-18)
(0.123474971049331 0.003569809015875112 -1.030115688372014e-17)
(0.1198819560050777 0.003511919767443552 -1.01261185587911e-17)
(0.1181079607046282 0.002565732934230868 -3.889461419792467e-18)
(0.118863732836134 0.001203694752378789 -1.117554899247072e-18)
(0.1221115865208042 -5.439247807693879e-05 -6.364912869412627e-19)
(0.1270573509499174 -0.0006675551039981692 8.342249564514151e-18)
(0.1306214172975433 -3.443367812760833e-05 1.944593673246563e-18)
(0.1310950361970625 0.0005102092396476483 -3.026920847464268e-19)
(0.1303955793032378 0.0004200931107819923 -1.040358527914563e-17)
(0.1299338629357598 0.0002005059080514212 -2.852817901214637e-18)
(0.1296613231030636 9.646390573022745e-05 -1.703079238932501e-18)
(0.1294319268057529 5.503580826311289e-05 1.100331625557488e-17)
(0.1292522002626442 2.789498319297138e-05 -1.310966282321486e-18)
(0.1291297065993726 4.080279926951137e-06 -9.857624305321464e-18)
(0.1290556054514441 -1.537204522828407e-05 -1.343413818274758e-17)
(0.1290128960400068 -3.132045069145109e-05 -1.492788770139281e-18)
(0.1289882195779738 -4.683038113148233e-05 4.133123817759637e-19)
(0.1289735756608675 -6.516534505370351e-05 4.164358718439111e-19)
(0.1289645517001702 -8.911781715354339e-05 -7.063436156502602e-18)
(0.1289584639103133 -0.0001212061209300412 3.080720183234802e-18)
(0.128953319327761 -0.000163892022577153 2.530310687555573e-18)
(0.128947395263657 -0.0002190690259875322 9.779867461083599e-19)
(0.1289394202684528 -0.0002860568245144738 1.678848854366533e-19)
(0.1289296222974052 -0.0003562914961369359 4.239669411114414e-18)
(0.1289219816906049 -0.0004013350122433604 2.776994758326539e-18)
(0.1289292608570709 -0.0003495129873148012 -3.440469717061792e-18)
(0.1289839188872463 -3.77762079169526e-05 -6.344442577709865e-18)
(0.1291750861269081 0.000892848261714909 7.598267755655521e-19)
(0.1296471923742362 0.003251174936321715 2.334975290392992e-18)
(0.1305320451231979 0.008679900776428369 -1.424604082845615e-18)
(0.1307431482987186 0.019939226203512 -9.14829046133801e-19)
(0.1264758281753976 0.03795578882425201 -3.710178300933392e-18)
(0.1140107203335609 0.05742432647711639 2.157537648953707e-18)
(0.09527812313189589 0.07062356608002573 1.882731237911304e-18)
(0.07425926330723645 0.07685512344352437 -1.185868723268658e-18)
(0.05244663152099738 0.07566586434252121 5.378949011299569e-18)
(0.03141062169820862 0.06643231056606484 1.238428991414728e-17)
(0.01317777159482596 0.0480111849077513 -7.801031754727525e-19)
(0.001203184737810476 0.01931148136774743 -1.664257974143333e-18)
(-1.258737781459807e-06 -1.954333875006826e-06 -9.418444195781701e-20)
(-3.646785294055286e-06 -4.108010789566352e-06 -1.384090224341928e-19)
(-5.643928834181118e-06 -5.073785362625163e-06 -2.574175267626083e-19)
(-7.04719697203161e-06 -5.148744568328825e-06 -5.307926530586396e-21)
(-7.703746267937166e-06 -4.598580137663358e-06 -1.054396586494513e-19)
(-7.529369223903013e-06 -3.677437389732613e-06 5.158051997343483e-18)
(-6.523239746108306e-06 -2.615969852213379e-06 -3.148082427215951e-19)
(-4.780976848463465e-06 -1.60071227181622e-06 6.625760056868682e-20)
(0.008907958726086049 -0.04297585909684998 -3.377674980978326e-18)
(0.008204887763992053 -0.06104516827046474 1.121001341017321e-17)
(0.02999187563456986 -0.07827799335407226 -8.657951950704073e-18)
(0.04682288724067709 -0.0884867417406159 -2.204732123411651e-17)
(0.06663607617706077 -0.09128542664534244 3.641891196386225e-18)
(0.08612239919013683 -0.08549100320752739 3.86398408628159e-18)
(0.1049672763436741 -0.06988347405079796 5.517967372997582e-19)
(0.116698789917779 -0.04268851069547694 3.519847559760608e-19)
(0.1182202147141599 -0.0181938306075962 -1.212805484714939e-19)
(0.1152609172963927 -0.005530458995056539 -9.102287712407954e-18)
(0.1134161856045976 -0.001249942661848193 -4.146396579221695e-18)
(0.113140121739054 -5.444194512511604e-06 -2.730706579590972e-17)
(0.113368713361817 0.0002651735671063761 -9.108761633424951e-18)
(0.1136184114277381 0.000109395565642314 -1.313290283752359e-17)
(0.1139818666844391 -0.0003975514806314543 -3.700352265018723e-18)
(0.1148794892949049 -0.0002318098522990308 -6.613366930879949e-19)
(0.1150846555445243 0.002683481530748505 -1.317260340044816e-18)
(0.1126281939461232 0.006592372031361446 -1.523081312658692e-18)
(0.1087043889925861 0.006064556462785278 -1.607912653683045e-18)
(0.106962919331705 0.003086003124102084 -1.254999065547338e-17)
(0.1076561468085656 -0.0007679884298473284 -3.561480927704874e-18)
(0.1107555583622496 -0.00398342850959131 -8.333784983730441e-20)
(0.1159505781738421 -0.004868586771802063 -8.63164183186531e-18)
(0.1194341708571552 -0.001254980480381085 -2.280697449104699e-18)
(0.1198390481355241 0.001490187268933715 -4.228022534929906e-19)
(0.1192706907263292 0.001492885211703993 -1.191804199695067e-18)
(0.119179784004674 0.0008468016832679698 -9.79687555586511e-20)
(0.1192048536610077 0.0005212751840407227 -1.024032225566984e-17)
(0.1191296746562303 0.0003597484752046822 -5.83019583775562e-19)
(0.1190350860149666 0.0002349504388452155 1.237891281153559e-19)
(0.1189653898277418 0.0001328196660975973 -4.80276315376118e-19)
(0.1189231263395314 6.003599505782598e-05 -1.188327614390482e-17)
(0.1188963426535889 1.150326191350901e-05 6.103830645382201e-18)
(0.1188760196857312 -2.367529135913348e-05 2.680293743983666e-18)
(0.1188571748363347 -5.490055386654337e-05 -1.081856244070561e-19)
(0.1188364774026683 -8.862043234419503e-05 -5.891471529405123e-18)
(0.1188105361915532 -0.0001294032327025255 -2.947683334029006e-18)
(0.1187750514001216 -0.0001809353117651433 1.077067271784025e-17)
(0.118724347455775 -0.0002461294676544646 7.192597177259336e-18)
(0.1186514204119991 -0.0003259138643603005 5.876333465890472e-18)
(0.1185491088432845 -0.0004152743588589444 1.703886623595847e-18)
(0.1184129583979099 -0.00049409852998687 -1.938691038925843e-19)
(0.1182478547701897 -0.0005112440568335377 -5.278206041625405e-19)
(0.1180869100698974 -0.0003591252512518887 4.973922413460498e-20)
(0.1180802627424027 0.0001956171299745424 1.270196465113629e-18)
(0.11862793227811 0.00182363928274321 -4.637270181267473e-18)
(0.1207040797163783 0.006543416183514208 -5.907303640455809e-18)
(0.1238299628150836 0.01953419949702571 9.62178376836368e-19)
(0.1228856059282519 0.044197485150862 2.207215657130562e-18)
(0.1121193516478824 0.07255801505418007 -2.90977429082923e-18)
(0.09413283124682378 0.08991880746248195 -1.804382821378778e-18)
(0.07525450641867037 0.0977728262395873 1.060473188128193e-19)
(0.05568972286970667 0.09675579934858171 7.937771611084846e-18)
(0.0359953815288357 0.08626718264334432 1.275426543118308e-17)
(0.01709427155090852 0.06411973921575789 3.159179339040703e-18)
(0.002264657189474618 0.026798287598492 -2.643681541910149e-18)
(-8.923676430639728e-07 -1.613836280439998e-06 -9.369932890209719e-19)
(-2.581974847536334e-06 -3.405547773996029e-06 5.603144990549269e-18)
(-3.988518358468199e-06 -4.222430454165274e-06 6.409845614726953e-20)
(-4.967365136664497e-06 -4.305426248902081e-06 1.459108594397171e-19)
(-5.41330398213006e-06 -3.871569206738076e-06 4.724835138735018e-19)
(-5.272251160654516e-06 -3.127613615025449e-06 -4.220825739851319e-18)
(-4.551992677071827e-06 -2.258717780910871e-06 -6.594602203714614e-19)
(-3.329174452518452e-06 -1.411166083062007e-06 1.321976724157792e-19)
(0.01164183197178643 -0.05162320834347126 -4.294068985013709e-18)
(0.008180006678969705 -0.07364913527236258 -1.1071474615437e-17)
(0.02889700675310286 -0.09507206864478443 -2.687759748767125e-19)
(0.04372533895688208 -0.1067552076305083 -1.330916928755158e-17)
(0.05958117253067421 -0.11017417292537 2.726012087193161e-17)
(0.07485397968476147 -0.1045384907302565 1.698459065097163e-17)
(0.09162483479159299 -0.08742112198564952 1.174448427953138e-18)
(0.09864347831526792 -0.05291827042427746 2.779546409914929e-18)
(0.09725174596800808 -0.01691554846418992 2.238198284460138e-19)
(0.09356157651907268 -0.002934714090014005 -1.59890985935259e-17)
(0.09198510923001807 -0.0009370241722500498 -1.08135086073931e-17)
(0.09211024701738108 -0.0007688340618048299 -1.703569495350864e-17)
(0.09230945755646394 -0.0001714343911783873 3.522748003219181e-18)
(0.09219214859291557 0.000594690700772073 -7.110230301338696e-19)
(0.09203977395035409 0.0007839908146666855 -6.476881944461155e-19)
(0.09244985376916939 0.001629633644908099 -2.028357153954693e-19)
(0.09213554947875974 0.006546161582806326 -2.33268302448935e-19)
(0.09128714995188782 0.0114666211446401 -6.519858069052116e-20)
(0.08728853137888236 0.009270165535030277 9.539114891924245e-19)
(0.08601467033727903 0.003756177397438078 -2.047337910831524e-17)
(0.08659770876184412 -0.002738685184149594 -4.939732937840528e-18)
(0.0890290681793986 -0.008460981362494806 -6.863265720851706e-19)
(0.0941515468719341 -0.01091651428460345 -1.05514726081672e-18)
(0.09592505462955631 -0.006127739476961961 -3.876648507268344e-19)
(0.0968495786674341 -0.001248461117873605 -1.369703898734195e-19)
(0.09688822131872252 -0.0006236585762790497 -1.826937871393092e-19)
(0.09748851635484673 -0.0007861833431547383 -9.806000072053575e-20)
(0.09809630488586205 -0.0003939664780663069 -1.041471983311681e-17)
(0.0983843004730518 -6.198827566127673e-05 7.36863256898639e-18)
(0.09852563557382993 3.517910197939068e-05 2.306661579032599e-18)
(0.09860253318488776 2.47817102285542e-05 3.812459597372831e-19)
(0.09864342378977886 3.193360442688004e-06 -1.049835514107269e-17)
(0.09865908351245876 -6.540208313918046e-06 -2.295719432994962e-18)
(0.0986564808086349 -8.24011456813866e-06 5.181096279331566e-18)
(0.09863929276588451 -6.110445215433642e-06 1.196927528231954e-18)
(0.09860792563810586 -1.919183718800415e-07 -4.626105789636928e-18)
(0.09856009477816007 1.197991024174323e-05 1.370784695343871e-18)
(0.09849123841782595 3.424307715516986e-05 1.728869796795702e-17)
(0.09839475110769652 7.143718101429929e-05 1.834040435278261e-17)
(0.09826240324324607 0.0001293424462386773 2.919825653700714e-18)
(0.09808576853218463 0.000216208594905609 -3.686887863981056e-18)
(0.09785911131485471 0.0003488882448744263 -5.467769082376348e-18)
(0.09758322629381644 0.0005591422890827669 -1.43193420696826e-18)
(0.09726632365831443 0.0008659941239170015 5.003061904530598e-18)
(0.09697077596066701 0.001184769048630351 -5.25281215300294e-18)
(0.09694041407140956 0.001521313010461602 -1.205493301262839e-17)
(0.09869785273336608 0.004004504733551032 -1.444367084738242e-18)
(0.1025538121572448 0.01824981729937393 1.969466033353452e-17)
(0.104840148603397 0.05381968385351039 -2.013985727033128e-17)
(0.09972584605932858 0.08895309378107134 -1.045183383068675e-17)
(0.08491582258972527 0.1076262836736853 -1.27840820469239e-17)
(0.0718461050067703 0.1155328411730756 -2.12560054250732e-18)
(0.05823507025086869 0.1148820473834275 5.470670283213394e-18)
(0.04314073825742977 0.1050146126102161 2.303864585468532e-18)
(0.02509380889964949 0.08244924357880963 2.919405831774053e-18)
(0.006223875497890774 0.03843234352374658 -3.659610060744593e-20)
(-5.622404689194747e-07 -1.110355455352999e-06 -1.131526474471942e-17)
(-1.623938889158336e-06 -2.369907237839003e-06 2.993176558433128e-18)
(-2.5036171327344e-06 -2.956573901192333e-06 1.856443605502904e-19)
(-3.111605691776985e-06 -3.030497762606527e-06 8.333099444667081e-20)
(-3.384475591340988e-06 -2.741517669607382e-06 1.267381091635776e-19)
(-3.290410677413657e-06 -2.232519708347119e-06 -6.389903080968262e-18)
(-2.837130139519278e-06 -1.630333620572869e-06 1.394986369923373e-18)
(-2.075579128017931e-06 -1.033170620654e-06 -3.354154099252958e-18)
(0.02577540910535367 -0.05510610372172101 -5.568872668646008e-18)
(0.0202908519885624 -0.08656794490251871 -1.858254701561924e-17)
(0.0344178966426359 -0.10964899445232 -7.598514801138141e-18)
(0.04279221633093436 -0.1199133981164091 4.189164491128753e-18)
(0.04913067222716166 -0.1219394747646678 3.550221484669516e-17)
(0.05299755794405106 -0.1152641773895087 5.643944016675732e-17)
(0.05805646064662889 -0.0936699840398363 4.128525336502866e-17)
(0.05193048076940221 -0.04364900712778561 1.194026137013284e-17)
(0.06279764866771975 -0.02101824334269156 1.25152215098844e-18)
(0.0656500461271991 -0.005663345756233189 -1.094968684049638e-17)
(0.06461233538759231 -0.001545683313644703 -7.628246826013533e-18)
(0.06427985321049161 -0.0004360684530670782 -6.210762454702098e-18)
(0.06427725406150463 -4.900606794839624e-05 -2.916026385075302e-19)
(0.06430929908905339 0.0002460551879400701 -1.36423722888994e-18)
(0.06436190826533399 0.0006405062676690574 -1.187711585467457e-18)
(0.06045718588538567 0.002173861836485011 -3.994177047167937e-19)
(0.04781834189727593 0.002205621312937516 -5.207136042597079e-19)
(0.05516147810715144 0.01137737820527609 8.569593925400611e-19)
(0.0558044503005522 0.01006754273331205 1.078259927548974e-17)
(0.05712819107550407 0.003696385912000074 -3.095575119143579e-19)
(0.05751014568183061 -0.003687325935991605 -6.297411679616954e-19)
(0.05694625503372885 -0.01024731821993713 -1.736852416077969e-19)
(0.05691654089840265 -0.01166297768890251 -1.74223695944233e-19)
(0.04998083106331378 -0.002259483288509435 -8.613681164231561e-20)
(0.06318026963643512 -0.001895144550346717 -2.918856655734725e-19)
(0.06764618602045758 -0.0004393128108617118 -4.733796546683901e-19)
(0.06788348821112369 -0.0002270190427136303 -1.124613709459335e-18)
(0.06813036239861107 -0.0001327803926668545 -1.947905475102838e-18)
(0.06829931913853438 -3.112464614199055e-05 7.348839226944145e-19)
(0.06838637257382718 2.363691042365102e-05 5.907978839883366e-19)
(0.06842696657287295 2.785048065125437e-05 -8.410006456045258e-19)
(0.06844604711313519 1.430952342351325e-05 -4.471930490939763e-18)
(0.06845230866555545 2.559606010127653e-06 -5.974989639710419e-19)
(0.06844892094751157 -3.981365494036003e-06 -3.276169097692853e-19)
(0.06843712925138504 -7.026299779358154e-06 5.946981769996119e-19)
(0.06841675801471721 -7.681907020622926e-06 -3.584818516185648e-19)
(0.06838621173018161 -5.574614573434703e-06 2.18659409417598e-18)
(0.06834254848398542 7.235569407246039e-07 7.191362254837886e-18)
(0.06828164329099798 1.347769852603288e-05 4.867998870709357e-18)
(0.06819861911325573 3.630080394253186e-05 1.913505463058573e-18)
(0.06808887835515864 7.601428722945496e-05 -3.587357382168036e-19)
(0.06794988693828777 0.0001452503938033148 -1.814347315889e-18)
(0.06778555150569272 0.0002606992898507964 -8.114893909677585e-19)
(0.06762135824961074 0.0004396056784542 1.339935780200706e-19)
(0.06758129245516101 0.0007873441975518849 -3.830078167788825e-18)
(0.06796889926351472 0.002002265579638078 -2.941518647352473e-18)
(0.06913895188188776 0.00631181879981392 2.4673935228187e-18)
(0.06653505676590295 0.02154995939012667 -1.407143810605022e-18)
(0.05565673022542274 0.04155846399923634 4.061104397333102e-18)
(0.06454622825881727 0.0924063565942447 -6.891789183649109e-18)
(0.06288928089230481 0.1153612070049546 -1.374766717998948e-17)
(0.06290045168342695 0.1241019926738836 -8.137585625835102e-18)
(0.06100379070100312 0.1253749835972287 2.471232462613044e-18)
(0.05637760705920646 0.1195575564826731 -1.805013619425034e-18)
(0.04506665151138733 0.1031466435200119 -1.193199983747027e-18)
(0.02808791484812643 0.06074912484945339 1.592065865400572e-18)
(0.06873938129236661 0.01151664007954958 1.888105217018443e-17)
(0.06960214877120975 0.006609270070783444 -1.783132196520315e-17)
(0.06855098904225619 0.002621034161351151 -8.132735937475847e-18)
(0.06716225446986297 0.0002378757526210109 -1.019777468393902e-17)
(0.06618750998226354 -0.0005785278442943308 -5.792006988256299e-18)
(0.06607764375647883 -0.001565283265109631 -3.417126532534755e-18)
(0.06691202706674747 -0.005486267750364212 -2.83716640965131e-18)
(0.06382261743127765 -0.02043900028081337 -1.762044382340831e-18)
(0.05279391299147155 -0.04263302952111164 -8.075285266858073e-18)
(0.05876539098205508 -0.09178055876657903 -5.569318405391461e-18)
(0.05359662457157991 -0.1137501815993258 -2.161501644589111e-17)
(0.04943599558025342 -0.1212948512169852 -1.251358804250745e-17)
(0.04286011387684353 -0.1203256639643556 1.66088342098887e-17)
(0.03426443921626836 -0.1109804185021202 5.825494259288997e-17)
(0.02024714135745706 -0.08843437379567429 3.980803553930775e-17)
(0.02555813891716294 -0.05624324304130894 1.909775807238413e-17)
(-1.32507385489436e-08 -8.439370891358267e-09 2.810200336557036e-19)
(-1.133741639024882e-08 -9.662427592413425e-09 6.144999445914076e-20)
(-9.761193856244049e-09 -8.88475339740763e-09 -7.173441166313954e-21)
(-8.337374359911748e-09 -6.847556592061432e-09 8.108844415542186e-20)
(-7.35240508406565e-09 -3.996543486125062e-09 7.056247242950754e-19)
(-7.144120289272193e-09 -7.64535064055015e-10 1.846662527649438e-19)
(-8.054741327916115e-09 2.320040696016101e-09 1.786756953437081e-18)
(-1.064751956221521e-08 4.369160437958652e-09 2.235208910279014e-20)
(0.02206448303917551 0.003823581739280542 -7.399538415621613e-21)
(0.01653635985716178 0.006183134550547614 6.023680359441509e-20)
(0.02618647759084296 0.005989553618091672 1.616298712714221e-18)
(0.02938787266590676 0.002102908414133544 7.474478894719652e-20)
(0.02953100348878611 -0.002587294848028798 -6.949756692660056e-20)
(0.0266325434855456 -0.006549786393100348 -3.696489812175589e-20)
(0.01678851352478314 -0.006636924979358255 -4.184267790959701e-20)
(0.02268662455392257 -0.003996352428661589 -1.027717238006141e-19)
(5.804290890833001e-07 5.385540838478281e-07 -7.663500628175613e-21)
(8.889679717618768e-07 8.1319550563827e-07 -4.691576269206954e-20)
(1.212285311504892e-06 1.108738650221382e-06 -2.312949767554236e-19)
(1.545867913946807e-06 1.441095704780935e-06 -1.313436496613884e-19)
(1.876214081212007e-06 1.824669666615443e-06 7.705805355681727e-19)
(2.182266458536971e-06 2.268434425165369e-06 4.153867609050177e-20)
(2.437637607000066e-06 2.773325888446297e-06 -4.484554323573295e-21)
(2.613628966872451e-06 3.330803121784039e-06 5.228424853912175e-20)
(2.682723903611262e-06 3.922567523830862e-06 3.399953112606615e-18)
(2.622148701322282e-06 4.521420825387546e-06 1.018094159141304e-19)
(2.417139338331347e-06 5.093166318385456e-06 1.219812434676655e-20)
(2.063587561395544e-06 5.599386296694839e-06 6.108489574778484e-20)
(1.569805040161688e-06 6.000909032474982e-06 1.402080299326049e-18)
(9.572210304734357e-07 6.261647668595214e-06 2.128177622276382e-20)
(2.598997429156553e-07 6.35246790215815e-06 -5.051801599966866e-20)
(-4.77110374960503e-07 6.254712218247511e-06 -1.081317516646084e-18)
(-1.200469193593729e-06 5.963025220399659e-06 -9.238139270367898e-20)
(-1.852092006109866e-06 5.487184273483825e-06 -3.332295352009085e-19)
(-2.373410827531891e-06 4.852712031787332e-06 -4.579848437332716e-20)
(-2.710389631781652e-06 4.100066166447258e-06 4.805262800403572e-20)
(-2.819519658275437e-06 3.282079633615959e-06 1.1304415040042e-19)
(-2.674949067901127e-06 2.459109623821967e-06 -8.862240920440892e-22)
(-2.276310526331919e-06 1.690822771198766e-06 -4.098785046718089e-20)
(-1.655355365393074e-06 1.023418278787644e-06 5.723950369193875e-20)
(0.02872264125881109 0.05388853028773631 -2.085293751214326e-18)
(0.02390012170789211 0.08400316266091315 -1.144518511933327e-18)
(0.04216542323602245 0.1068048895217736 -1.181247361470928e-18)
(0.05501921855455062 0.117299688595664 -2.71716868189098e-18)
(0.0668657884138678 0.120698479545712 -2.546023165544337e-18)
(0.07787346246693436 0.1179790595954868 -3.525748138581201e-18)
(0.0871439817311736 0.1090598099946515 -4.590497690572716e-18)
(0.09221566210361445 0.09521157012666873 -5.741761189259786e-20)
(0.1015715134819264 0.02126721183948725 2.539708481384719e-17)
(0.1053090063453553 0.01023106294932079 -2.032023636814311e-17)
(0.09996439444549762 0.0001789082737996134 -1.089871935437641e-17)
(0.09682644324379155 -0.001843856226958646 -2.356360721630745e-17)
(0.09512822482007485 -0.001471651457320681 -5.126662195566961e-18)
(0.09438886069300373 -0.001098638050082923 -1.462566532996899e-18)
(0.09564768107000156 -0.002890494866147754 -3.066306671195957e-18)
(0.09906889378456654 -0.0164057299154525 -1.840800890820852e-18)
(0.1001142256381224 -0.05147895553728847 1.661009480979416e-17)
(0.09273675349457743 -0.08531149229836804 1.895926142936586e-18)
(0.07567222279395656 -0.1027221320229442 5.88120835252961e-19)
(0.060045779442747 -0.1092330397301305 1.422708072352275e-17)
(0.04396517634215522 -0.1069620496372149 2.512385201609604e-17)
(0.02893683118537452 -0.09630174437438176 1.139419620734966e-17)
(0.008464662065383115 -0.07551624416968195 -4.358485559629835e-18)
(0.01171930451632953 -0.05278441500705901 1.336406096694097e-17)
(-5.721934395643957e-09 -3.850006903560743e-09 3.209096528647243e-19)
(-8.945564072479484e-10 -6.126655245630719e-09 2.536868651025116e-21)
(3.698883460807878e-09 -7.321904364060439e-09 -5.557395111404212e-21)
(7.191652530436077e-09 -7.226621255400356e-09 5.751452534088822e-21)
(9.095431040273549e-09 -6.152627823885481e-09 1.054293553902286e-19)
(8.846996956204944e-09 -4.599553730293485e-09 -1.065780722343906e-19)
(5.927758310250719e-09 -3.061645461270969e-09 5.587301219364564e-18)
(6.229862669574621e-10 -1.554967640760019e-09 -1.583739898786523e-19)
(0.005493126477262077 0.00105296895896052 -2.274636273947292e-18)
(0.001029940229845938 0.000420329823384981 -1.470488330112866e-18)
(0.00901614275548656 0.000578833822777948 -1.823686289016594e-19)
(0.01150038156826316 0.0001435106152833402 -4.10111870000947e-20)
(0.01150977398575832 -0.0007163772200224624 -1.593247032623533e-20)
(0.00912333691849253 -0.001113405066684271 -8.670022889352249e-21)
(0.0006965623604323827 -0.0007417197766038961 -8.770459398845056e-21)
(0.005465204471235526 -0.001295078752348013 -1.653089597499111e-20)
(8.734066002266628e-07 8.150906015929986e-07 -6.134579366902607e-22)
(1.337320245351631e-06 1.227453276542731e-06 -2.880683700234685e-20)
(1.828608314506132e-06 1.669704121124837e-06 -3.623306358780607e-19)
(2.340647430212721e-06 2.164674989361308e-06 3.718649507760201e-18)
(2.852760060871248e-06 2.731639541127262e-06 -1.395355018108675e-19)
(3.331786135353509e-06 3.381653332143919e-06 -1.755965046199148e-20)
(3.735779965219517e-06 4.114150655516757e-06 -1.011302837218977e-21)
(4.018983136940728e-06 4.915169288107867e-06 5.739493994709235e-20)
(4.137402961451944e-06 5.757168167422702e-06 5.792054515201336e-19)
(4.054435318618797e-06 6.600381671743712e-06 2.066010732609645e-19)
(3.746013065087208e-06 7.395606824407136e-06 3.227334104899557e-20)
(3.204798468762603e-06 8.088231035457158e-06 -3.190414752385843e-21)
(2.442999325708191e-06 8.623216013159266e-06 1.944024574713328e-20)
(1.493490130452481e-06 8.95061303969808e-06 2.887041206890571e-18)
(4.09065068115869e-07 9.031103923102819e-06 -1.14800450896095e-19)
(-7.40162194769493e-07 8.841014770214015e-06 1.345174412574057e-18)
(-1.871007356497867e-06 8.376256126409187e-06 2.619659776807879e-20)
(-2.892786339810539e-06 7.654703790657864e-06 -2.405447768430104e-19)
(-3.713907991735425e-06 6.716636844240897e-06 -4.870504882175375e-22)
(-4.249419085520199e-06 5.622963219428963e-06 6.821168386735528e-19)
(-4.429808403336698e-06 4.451022444186201e-06 3.00864865033665e-20)
(-4.211578233455533e-06 3.287602801984799e-06 -1.480480059999888e-19)
(-3.589371819986281e-06 2.218273951895902e-06 -1.355286955008638e-20)
(-2.606899262368124e-06 1.31136047932124e-06 5.647647599019042e-21)
(0.01336419705251603 0.04845975692100912 -4.832126694181018e-19)
(0.01007018290275087 0.06852745968783944 -1.596968837229006e-19)
(0.03340907283823076 0.08870621188485953 -1.930436718781474e-19)
(0.0506911006729316 0.1000108385857845 -3.994731076517986e-19)
(0.06892294785798719 0.104171807284436 -7.18042954942787e-19)
(0.08629677270223622 0.1016016757693464 -3.740231689716087e-18)
(0.101925903356435 0.09265337637679573 1.287629926276383e-18)
(0.1151147308275498 0.08023415256858911 2.579472476064427e-18)
(0.1038732103849371 0.01490231185226578 3.113644699720734e-19)
(0.1129678396907923 0.0123829716105351 -2.897396950741721e-18)
(0.1139017954523514 0.006514534501107127 -4.902862521054324e-18)
(0.1136890025531696 0.003297135589564557 -2.420389899701024e-17)
(0.1135418759935467 0.001584460809089354 -5.293524254210164e-18)
(0.1141422631712599 -0.0003751232834708202 -1.780108738210474e-18)
(0.1162873689527647 -0.004924934723528699 -2.051764424190648e-17)
(0.1194519227829792 -0.01728702795366676 -2.318783257097206e-17)
(0.1179358784474153 -0.04093627289802463 -5.80641548289364e-18)
(0.1059245929255409 -0.06745177857054302 -1.320833647619404e-18)
(0.08666145568897868 -0.08333679673298362 -2.935044280948463e-18)
(0.06680686171254796 -0.0900814238237401 -2.059450143971488e-21)
(0.04682640437046325 -0.08855359997193109 4.514510018549002e-19)
(0.02984898457466277 -0.07945782337694714 1.933152618460515e-17)
(0.008503355702518922 -0.0629014080676243 1.769883710604081e-18)
(0.009060127322485758 -0.04414555781486983 2.715226528354538e-18)
(4.063423243716446e-10 -1.334951546874685e-09 4.156584649248659e-21)
(6.265344115914673e-09 -3.084211405365855e-09 7.733414599582734e-20)
(1.28232519741589e-08 -5.258625657318661e-09 -8.781163523030603e-21)
(1.821935217711373e-08 -6.874808429133128e-09 2.521550242862002e-21)
(2.127493713404566e-08 -7.627603817658701e-09 1.640578186887527e-18)
(2.115725786667327e-08 -7.563614417074871e-09 -2.886934487483671e-20)
(1.755875286401504e-08 -6.645926817986508e-09 -1.509962293047162e-19)
(1.138095124251278e-08 -4.307954450631646e-09 6.561899794656976e-18)
(0.0008302575707032824 -0.0007533189537731028 -5.489292731495122e-18)
(-0.001181985891562285 -0.002094408310938353 -1.828862536163407e-17)
(0.00193474347207297 -0.002140449214780436 -1.511861144856094e-18)
(0.002839244412980087 -0.0008885409640574416 -2.004046026860186e-19)
(0.002802710443465947 0.0003441804134052035 -2.976789594470199e-20)
(0.001973575334976375 0.001669759626457845 -5.670475057520811e-21)
(-0.001602331846933912 0.001849527120864534 -2.337160037857909e-21)
(0.0006371875961806777 0.00054259070264929 -3.910380753599143e-21)
(1.16946429558275e-06 1.097652833245179e-06 -8.599320663935882e-21)
(1.789096329370566e-06 1.652188934781872e-06 -1.945491302611919e-19)
(2.451414881951379e-06 2.242691087067845e-06 3.418945738722353e-18)
(3.147505987071905e-06 2.896506887158827e-06 -3.847948515913265e-19)
(3.848514854175658e-06 3.634713142773539e-06 -3.158078247968081e-19)
(4.507983130319073e-06 4.467110195222057e-06 -6.603696917431634e-20)
(5.067133666103452e-06 5.389037978397078e-06 -7.471154605815947e-21)
(5.461861478590077e-06 6.379873519008579e-06 1.030074507074767e-20)
(5.630502153903703e-06 7.403223893910692e-06 7.210866951897238e-20)
(5.521637445928592e-06 8.408825806479905e-06 4.170471774595444e-20)
(5.10125781357602e-06 9.336093690806991e-06 -1.167579047831273e-21)
(4.358622614491093e-06 1.011912989937099e-05 -3.810617788094701e-20)
(3.310218738274313e-06 1.069285704616903e-05 -6.278661581044098e-21)
(2.001342400323762e-06 1.099976510296789e-05 7.898332568456423e-19)
(5.050394852167822e-07 1.099664382956137e-05 -3.089185454658789e-20)
(-1.081596633502151e-06 1.066059831968938e-05 3.759421081364642e-20)
(-2.643495491453946e-06 9.993634743733076e-06 -2.605365907929887e-20)
(-4.055557721887541e-06 9.025160619952847e-06 -3.527681257823324e-20)
(-5.191918593210054e-06 7.811875395419277e-06 -2.04378253412508e-21)
(-5.936116230427849e-06 6.43473432005489e-06 3.294717534897916e-20)
(-6.192162485479415e-06 4.992913370950591e-06 5.78772589860738e-21)
(-5.897066743766263e-06 3.594834051124166e-06 2.815712440682273e-21)
(-5.035676414192908e-06 2.345755818785114e-06 2.405251529524153e-21)
(-3.657956582713007e-06 1.329631187771321e-06 5.880050702090848e-22)
(0.00954107648026644 0.03899007245921463 -1.217241898846774e-19)
(0.008825492303841422 0.05485819391543167 -1.490194589012122e-19)
(0.03135145777583726 0.07050995047062837 -5.174644543571632e-20)
(0.04887314428059991 0.08053348019372887 -5.656669972878875e-20)
(0.06909200367186502 0.08481175179918869 -1.012066478390642e-19)
(0.08883093230515766 0.08359495530907307 -1.55975125624152e-19)
(0.1064664200194695 0.07796568365784302 2.34240587270921e-18)
(0.1241043134836149 0.07030197840545609 6.35395355253975e-19)
(0.103313761085739 0.004617223669450478 -1.026378068164179e-19)
(0.1142229504678545 0.004528464969190774 -1.162637766123305e-18)
(0.1192080898784865 0.00266060461038377 -2.008063542472639e-17)
(0.1217225335706108 0.001222277157017649 -2.335313654968142e-17)
(0.1230216371730262 -0.0001058951865451852 -4.449640554288975e-18)
(0.1241898586306819 -0.002423931583505646 -1.006881531761503e-18)
(0.1256269809806371 -0.007447948125464998 -2.898914975741555e-18)
(0.1264145043704346 -0.01773766298767742 -3.844981721297259e-18)
(0.1222673587262024 -0.03402837503664043 -2.265311378355374e-17)
(0.1092272097108031 -0.05141585876099787 -6.071263682626879e-18)
(0.08992033105462334 -0.06339737786447844 -2.213778993103142e-17)
(0.06906433528071411 -0.06927666632535766 -5.291769065263485e-18)
(0.04813495603286551 -0.06879874597004632 -2.161139228278901e-17)
(0.03089457649292256 -0.06230632206193716 -1.92228808581188e-18)
(0.009433843378773545 -0.05041326894402281 -1.916647035050404e-20)
(0.008841222061311837 -0.03520702010929692 3.386879527595716e-19)
(5.437879706422788e-09 -9.208993684804712e-10 6.507731953758151e-20)
(1.166091450287808e-08 -1.882234277293671e-09 3.600281854215923e-18)
(1.917010917368289e-08 -4.031438897121598e-09 7.129644128191212e-20)
(2.604649722987018e-08 -6.356819974920325e-09 -1.412586994275357e-20)
(3.064621401094314e-08 -8.027275705691644e-09 -1.08578041337181e-20)
(3.181077074670968e-08 -8.478957327917591e-09 -1.864311816042827e-19)
(2.903409306032056e-08 -7.269058652746574e-09 -3.201527711033466e-20)
(2.258329534748221e-08 -4.094215848293725e-09 -3.280905317217421e-20)
(-0.0001468021061346758 -0.001327927390590112 -6.944401614194823e-18)
(-0.0004433985731218997 -0.002304307559597626 -1.987818573685132e-17)
(-0.0004918423368116754 -0.002542505137298967 -1.989281555040036e-18)
(-0.0005306998346403051 -0.001082996198733652 -2.708489238714338e-19)
(-0.0005859138044669625 0.0005843787275413289 -3.553511851635467e-20)
(-0.0004568038692790246 0.002104863779711618 -4.661675243343311e-21)
(-0.0009098280766876337 0.002060733589114574 -1.036306348317024e-21)
(-0.0004075845776998318 0.001130555173273027 -1.132771252137214e-21)
(1.479773124911724e-06 1.385198985385042e-06 2.39209620094986e-22)
(2.256068366682338e-06 2.083025264135348e-06 -1.768174306207401e-20)
(3.088537921407553e-06 2.820202565490914e-06 -1.941547502733442e-19)
(3.966974135785704e-06 3.624925989817252e-06 -3.09831032039997e-20)
(4.853895739982596e-06 4.516034246352697e-06 -5.011606564449951e-20)
(5.688926781451283e-06 5.498460143325183e-06 -1.38196150177303e-20)
(6.396080315868198e-06 6.560919535349196e-06 -1.969239402945826e-21)
(6.892793532727471e-06 7.675183488140328e-06 1.331980667912018e-21)
(7.099834506887849e-06 8.796897757696161e-06 6.858330692824135e-21)
(6.951261725662242e-06 9.868044771139786e-06 6.981567887975514e-22)
(6.403613885979688e-06 1.082109082946439e-05 -3.483108158671919e-20)
(5.443463067621949e-06 1.158465244257461e-05 -1.591449566085293e-19)
(4.092522424328868e-06 1.209031392528266e-05 -4.060470519052919e-20)
(2.409660623374239e-06 1.2280040618667e-05 -1.609639460628974e-21)
(4.89441807838796e-07 1.211348442641913e-05 -1.411843748878791e-20)
(-1.542846387790793e-06 1.157439232928612e-05 -2.673351265236932e-20)
(-3.539343927780672e-06 1.067531305634943e-05 1.531414486691423e-18)
(-5.340281631713122e-06 9.459863079179162e-06 -2.508977289908979e-20)
(-6.786261982634316e-06 8.001970446948163e-06 -2.87406078635415e-21)
(-7.731208974622733e-06 6.401784532136801e-06 1.424888818263322e-21)
(-8.055316469421717e-06 4.778213575889166e-06 1.814136896801324e-21)
(-7.678012489073256e-06 3.258339228113388e-06 3.914939048015955e-21)
(-6.572741087036184e-06 1.963511745366794e-06 1.653456060167693e-21)
(-4.78844071574204e-06 9.896637424283293e-07 2.515295223891846e-22)
(0.00842914995759983 0.0299547175903563 -3.347520790079324e-20)
(0.008788724568963523 0.04240427446735388 -1.642723744542066e-20)
(0.03009756814403879 0.05345229878187933 -1.005078258147109e-20)
(0.04665364563205815 0.06112488135515288 -9.560557609641672e-21)
(0.06656515162299083 0.06464560237540556 -1.025251166342733e-20)
(0.08640829484488689 0.06414716114218855 1.357757955025099e-20)
(0.104464388979852 0.06078332332119519 2.598431193765666e-19)
(0.1245259415066712 0.05669725155957227 1.047306804171277e-19)
(0.1033351820460199 -0.004119834322197027 -5.383294683841275e-20)
(0.114360145739155 -0.003619668042807051 -4.012777760899706e-19)
(0.1195056487435745 -0.001781921617779833 -2.309024964699952e-18)
(0.1221661155138699 -0.0009277304058597189 1.343499489983601e-17)
(0.1234739063095925 -0.001310682723074246 1.97423681836569e-18)
(0.1242595436249748 -0.00320922583021805 -2.704116570431981e-20)
(0.1245301321881409 -0.007454093238878793 -5.805525448627131e-19)
(0.1234074020807538 -0.01479213446917117 -2.199952175040148e-18)
(0.1176772336738458 -0.02457606994323484 -2.37910331635897e-17)
(0.1045447429959603 -0.03492251068379394 -6.273299692295429e-18)
(0.08611087492952119 -0.04343338329238097 -2.37395202437175e-17)
(0.06616139518955198 -0.04852021159418029 -6.523629087109078e-18)
(0.04620573154057005 -0.04923270987021348 -2.111549052830306e-17)
(0.02989846808043406 -0.04542317663986757 -3.10417523002136e-18)
(0.009180457346308296 -0.03778945404873957 -3.871221290195124e-19)
(0.008549665752897877 -0.02646463019295776 -3.894886424240265e-19)
(9.277566715738816e-09 -1.308355090392198e-09 7.611195980089281e-21)
(1.587722156179416e-08 -1.879614394819729e-09 3.446600648363699e-18)
(2.398522047815377e-08 -3.607716540440786e-09 1.131328397645981e-20)
(3.219869127660951e-08 -5.775891047127973e-09 -1.674449070313956e-20)
(3.886646188916432e-08 -7.403557657128385e-09 -1.619343261965738e-19)
(4.249889538031348e-08 -7.59529015939911e-09 3.618992870203941e-18)
(4.182007799780063e-08 -5.826778297704505e-09 -1.540530044598206e-19)
(3.552051567679362e-08 -2.322718038521784e-09 -2.157490452570842e-20)
(-6.180938865794471e-05 -0.001230522534774466 -6.306938349605606e-18)
(0.0001814596840958231 -0.001872843140218592 -1.196943847393966e-17)
(-0.001129253439253142 -0.002028392102208729 -1.663206801568786e-18)
(-0.001476741801004184 -0.0008969363185464158 -2.331289587996139e-19)
(-0.001553566825837579 0.0004619287483125493 -3.229957247888682e-20)
(-0.001122782515534997 0.00162108627477626 -4.727201599620252e-21)
(-0.0004057097268005447 0.001593913681743478 -9.59734357554297e-22)
(-0.0004027685676573629 0.001018766589492107 -9.63623386954096e-22)
(1.818405087295361e-06 1.676321289837768e-06 6.514679849367981e-22)
(2.749535091472547e-06 2.511683346448617e-06 5.761397123814663e-22)
(3.744533065021889e-06 3.386975434100433e-06 -4.910709365335695e-21)
(4.79330243375372e-06 4.327883792160049e-06 3.286300113070137e-20)
(5.850023255769441e-06 5.346727801297527e-06 1.92417018331814e-19)
(6.840743284565118e-06 6.440082352569425e-06 3.092584157809199e-20)
(7.673074566951496e-06 7.587980666022922e-06 2.788213918060734e-21)
(8.247243747190039e-06 8.754202713210805e-06 3.116021292793885e-22)
(8.467974282444068e-06 9.88780093636131e-06 5.343304345792302e-22)
(8.256464096345877e-06 1.092611021107697e-05 -9.285236212486866e-22)
(7.561471882152606e-06 1.179930548326097e-05 -9.488944645794604e-21)
(6.368447528435619e-06 1.243636862775972e-05 -3.609845866475719e-20)
(4.705679329806197e-06 1.277208657364884e-05 -1.032075410647318e-20)
(2.646628708825264e-06 1.275451100555777e-05 -3.925827116880577e-21)
(3.079476995769721e-07 1.235216287827877e-05 -2.535579105502955e-21)
(-2.156903734396032e-06 1.156018426104488e-05 -5.355892033243278e-21)
(-4.568053365976502e-06 1.04046401025854e-05 -1.73489909893479e-20)
(-6.73277882908517e-06 8.944265939785263e-06 -4.265960485576506e-21)
(-8.460989788388468e-06 7.269165542505337e-06 -6.960729502054838e-22)
(-9.581162459067726e-06 5.49623105349081e-06 6.552966783270574e-23)
(-9.955171636893793e-06 3.761442602832551e-06 4.410823608130825e-22)
(-9.491000243176499e-06 2.209452440872289e-06 9.800667588370485e-22)
(-8.154203702939299e-06 9.804717021863382e-07 4.415788908501765e-22)
(-5.98393245818292e-06 1.921688426518155e-07 5.552062823134668e-23)
(0.007535498840947228 0.0214422914979519 -1.068989072653764e-20)
(0.007562954760259668 0.03029040384304272 -3.776505525563281e-21)
(0.02773585218908577 0.03721341462365563 -2.025954273187605e-21)
(0.04288333044140963 0.04250151448052675 -1.557643742588157e-21)
(0.0612750954199182 0.04500619960450281 -6.359295505008056e-22)
(0.07988168831062487 0.04480826947207069 6.458179809199859e-21)
(0.09734723754007198 0.04296806321042715 3.641775760115305e-20)
(0.1181739921238357 0.0415959554597834 1.996331952424758e-20)
(0.103881453464408 -0.01443099165327787 -3.655244804662188e-20)
(0.1133119922519981 -0.01160384941570035 -2.575368082224884e-19)
(0.1146825855036167 -0.005788044933282247 -1.600246025937732e-18)
(0.1148953409375403 -0.003044266103014086 -1.958467722018017e-17)
(0.1148582798665995 -0.002616613088336403 -3.439115783854095e-18)
(0.1145641792828517 -0.003864674363109047 -5.075695133590333e-19)
(0.1135949019679646 -0.00709031021028497 -3.500314426156603e-19)
(0.1113717043545608 -0.01171309443856834 -1.755343541357267e-18)
(0.1052070860278948 -0.01563006338703276 -2.361253760632322e-17)
(0.09279144881666512 -0.01963645454697999 -6.966425535861072e-18)
(0.0759482530054575 -0.02509964139972626 -2.394819302854835e-17)
(0.05830240658089562 -0.02956144145272352 -5.111040283589921e-18)
(0.04081550738405643 -0.03137364697183351 -4.086079875252065e-18)
(0.02659151519900578 -0.02992282832320368 -1.050896367212368e-18)
(0.008036168907678682 -0.02597456261790329 -2.42008235715811e-19)
(0.00759250398468001 -0.01837281613356646 -4.663320322525964e-19)
(1.191781579239909e-08 -1.639891246667941e-09 1.897048822306664e-20)
(1.905107654596137e-08 -2.091854973094998e-09 3.440771864930841e-18)
(2.785357903524466e-08 -3.347763294228936e-09 2.114736123098798e-20)
(3.756220800458371e-08 -4.962166697507209e-09 4.717353098818849e-21)
(4.686033445566035e-08 -6.072477807921028e-09 1.337547829293155e-19)
(5.411860892149539e-08 -5.743589331572152e-09 -5.590724802517844e-18)
(5.720139124084506e-08 -3.451548683149064e-09 1.498965486374627e-19)
(5.279660838120731e-08 3.264932855323588e-10 8.465001910739034e-20)
(0.0001456438359209178 -0.0009534770880218842 -4.314580335788071e-18)
(0.0006281839882500566 -0.001369776986824935 -3.01868638048595e-18)
(-0.001080057810204089 -0.00131023398471404 -6.896614276976839e-19)
(-0.001467490819696145 -0.0005978075662513468 -1.319395867263952e-19)
(-0.001574875051980088 0.0002717485488664805 -2.351828712339376e-20)
(-0.001156503778541542 0.0009836768924483441 -4.321202297612769e-21)
(-0.0001939598230412605 0.001041753500138702 -1.061838651575604e-21)
(-0.0002931211675534712 0.0007210359892904771 -1.416083305007363e-21)
(2.205008449962054e-06 1.971851317786961e-06 2.942243046135273e-22)
(3.278738603840203e-06 2.927355488925197e-06 1.812512623922127e-21)
(4.417321693124987e-06 3.921712344861312e-06 1.887096843329308e-20)
(5.611771472478766e-06 4.975092999621295e-06 2.119156261458457e-19)
(6.808152974129749e-06 6.089324477952728e-06 -4.917468267653367e-18)
(7.919957149392408e-06 7.249755892344212e-06 2.109628588903709e-19)
(8.840239264238823e-06 8.426383195901531e-06 1.834443863706884e-20)
(9.454460982875239e-06 9.575181899395895e-06 1.300008730986842e-21)
(9.654103930382745e-06 1.06403266762396e-05 1.0921081026734e-22)
(9.350375995669045e-06 1.155764237384171e-05 -2.024879635645176e-22)
(8.486916742700672e-06 1.225936788284878e-05 -1.485535969898809e-21)
(7.05023445140944e-06 1.268006196706217e-05 -4.972679185503622e-21)
(5.076654315015923e-06 1.27632803818093e-05 -1.547224006588745e-21)
(2.654780814550974e-06 1.24684775164982e-05 -5.157947469900151e-22)
(-7.714719051652233e-08 1.177745942725962e-05 4.516789347081607e-22)
(-2.939131798877347e-06 1.069966025980633e-05 5.147508437096656e-21)
(-5.722079892057919e-06 9.275542519279929e-06 2.583526343976683e-20)
(-8.204233357035455e-06 7.577557115878968e-06 5.545612170933689e-21)
(-1.016985020572264e-05 5.708328105821043e-06 4.537764461367721e-23)
(-1.142815025272515e-05 3.796122343379706e-06 -6.686065884669583e-23)
(-1.183030339659691e-05 1.988143132532596e-06 6.653908703715173e-23)
(-1.128211204561242e-05 4.429109213383801e-07 1.68979357103434e-22)
(-9.75019181717867e-06 -6.760561546957124e-07 8.211467938879459e-23)
(-7.261271703462406e-06 -1.203091387947525e-06 4.283597008645534e-24)
(0.0066246786956257 0.01412279757490345 -1.543729414805421e-21)
(0.005237212207152418 0.02035452002289939 -7.823629576297874e-22)
(0.02395020132765237 0.02410884578889227 -4.012837761948572e-22)
(0.03728257381549245 0.02776361526107479 -2.402597675350722e-22)
(0.05323088103123835 0.02940816555600931 9.074610713809435e-23)
(0.0695174945886102 0.02901467522889316 1.540247964304144e-21)
(0.08548784656282742 0.02755058885872602 5.342658599039469e-21)
(0.1054714079897924 0.0276433746782392 3.744703404383796e-21)
(0.1016322515464691 -0.02153501567700941 -7.098771147353377e-20)
(0.1057305580718963 -0.0106046286981215 -4.18114093221183e-19)
(0.1008034342969371 -0.0006838731146502814 -2.269944858073264e-18)
(0.09802706387950261 0.001152493124760012 -2.173147114415092e-17)
(0.09638322241119142 0.0006663080203188683 -4.078885916409133e-18)
(0.09480939195856494 -8.437089629008697e-05 -7.53009286337146e-19)
(0.09283390565218952 -0.001947206830998232 -5.094350227897645e-19)
(0.09014594517294035 -0.004149831351651083 -2.200851290261021e-18)
(0.08425506906897666 -0.004106777196077303 -2.161319766486663e-17)
(0.07421601784304968 -0.004569770450787925 -6.110205067470601e-18)
(0.06000124317781489 -0.008782770983145548 -2.390170385425397e-17)
(0.04609903598202546 -0.01346139669803992 -5.470782528626959e-18)
(0.03245594588675106 -0.01641338317647153 -1.8232412547907e-17)
(0.02137214888423827 -0.01690509221788356 -2.197208332757292e-18)
(0.006321431883590457 -0.01590122762373293 -3.381835730099379e-19)
(0.00608173206763738 -0.01148728472692834 -3.522197656967504e-19)
(1.34938641120283e-08 -1.561877178805904e-09 8.483704187934158e-20)
(2.120472098463607e-08 -1.882620126632262e-09 8.104091681907966e-19)
(3.080555640482333e-08 -2.695515308355489e-09 8.513245903652357e-20)
(4.21317664549628e-08 -3.750983812401618e-09 6.936629700846687e-21)
(5.445376075833425e-08 -4.376650482513286e-09 5.646555791219981e-20)
(6.651325828825605e-08 -3.658133531985949e-09 1.850964448185737e-18)
(7.612362028404374e-08 -8.346161062613988e-10 1.396091912897649e-19)
(7.884618532117554e-08 4.025329297750041e-09 9.457859398532863e-19)
(0.0003501204204725617 -0.0007524722071519836 -4.986145190883736e-18)
(0.001057053202199286 -0.001034202885674436 -1.058296083370703e-17)
(-0.0007710402283818145 -0.0004353706470879407 -1.458992794364463e-18)
(-0.001089526746423281 -0.0001779703261628079 -2.530352539816312e-19)
(-0.001196986239074029 8.910323327497849e-05 -4.337299557438143e-20)
(-0.0009179101981836533 0.0002999496475827441 -8.314776185075657e-21)
(-0.0001014014564820519 0.0004470062158526193 -1.795060656006519e-21)
(-0.0002115589011004441 0.000461603118505772 -1.752282562929272e-21)
(2.668207283119213e-06 2.279931083484289e-06 1.16837281144682e-22)
(3.846532570972515e-06 3.316987930385021e-06 9.249998276609356e-22)
(5.093226699240719e-06 4.397350368631411e-06 1.216670619412918e-20)
(6.395381120064296e-06 5.529350995570818e-06 1.852620839202632e-19)
(7.688941672037491e-06 6.700053297349065e-06 -3.66163361897311e-18)
(8.875599234834698e-06 7.881434358605833e-06 1.850921974131351e-19)
(9.836262742594871e-06 9.032884082367499e-06 1.191961897541491e-20)
(1.044498428951607e-05 1.010330225397778e-05 7.866589358710228e-22)
(1.058379597382569e-05 1.103386350217241e-05 6.123948075521626e-23)
(1.015769407645517e-05 1.17617633861774e-05 -2.210502909401963e-23)
(9.108517579940138e-06 1.222494536545456e-05 -1.694799292418943e-22)
(7.426281350765215e-06 1.236760418032805e-05 -5.300909191149575e-22)
(5.156581047191782e-06 1.214609212585923e-05 -3.766528792960914e-22)
(2.402932762509032e-06 1.153473677686077e-05 -1.677694609179327e-21)
(-6.766661920353662e-07 1.053098966033103e-05 1.213532301441598e-21)
(-3.879106428752565e-06 9.159307155183136e-06 1.526446307496499e-21)
(-6.97096546655937e-06 7.473226882035756e-06 5.783839200194416e-21)
(-9.707608594664539e-06 5.555239163807326e-06 9.253014333395885e-23)
(-1.185481040895126e-05 3.514342468730384e-06 -9.52639194540639e-21)
(-1.321068570355605e-05 1.481524429576163e-06 -1.539248947675668e-21)
(-1.362525872271704e-05 -3.958632055099318e-07 -1.887317084573426e-22)
(-1.301442032808321e-05 -1.958574350630245e-06 3.016504564428284e-24)
(-1.136308603675923e-05 -3.032958603176039e-06 1.06819587584069e-23)
(-8.704781115947101e-06 -3.40381608221127e-06 1.882077702708301e-24)
(0.00604272044352212 0.007898540832493119 -4.543459551169252e-22)
(0.006125849837560788 0.005178073214949866 -1.897108006949277e-22)
(0.02054842337104887 0.004638842642944745 -9.376131965221995e-23)
(0.03071430758407188 0.006730720177316927 -3.701907167764356e-23)
(0.0427938800163608 0.007392117519101108 7.17052848910021e-23)
(0.05503453988314411 0.006393574704818257 3.837285855838102e-22)
(0.0669654961082423 0.004960971243510037 9.303243518493632e-22)
(0.08096703176312621 0.007774747082433736 7.931929050753468e-22)
(0.06885048773293879 -0.01160920914806399 -1.691192601464912e-19)
(0.06991437340139937 -0.006728199070769766 -1.34731311662577e-18)
(0.06908399633402472 -0.002820712719471824 -4.019209414029587e-18)
(0.06786213574420434 -0.0006065903303339557 -7.696132086458138e-18)
(0.06673400553111464 -0.0002336350470033633 -4.6480939966198e-18)
(0.06570230429976573 -0.0008574975018800783 -1.831323364378381e-18)
(0.06432944538073082 -0.002054232606847367 -1.511767738651457e-18)
(0.05761989572162744 -0.002726521176749083 -4.032398124326261e-18)
(0.04538840543319486 -0.0001225383357036577 -2.35079136891678e-18)
(0.0441291208728805 0.004487788682871228 -3.73083658832826e-18)
(0.03748769499814329 0.002216560881014954 -2.327370602887505e-17)
(0.03011989875720307 -0.002354008795930185 -3.880766173782e-18)
(0.02196068171132843 -0.005801129365246922 -1.924325594629877e-18)
(0.01493386906815163 -0.007415525678725478 -4.855230491650712e-19)
(0.004259516289043593 -0.008310924312339155 -1.085406753214209e-19)
(0.00429501402758774 -0.006259651233132263 -1.81486161148877e-19)
(1.41866740230312e-08 -9.996729542251226e-10 1.106965096567575e-20)
(2.23042436535122e-08 -1.039501136210208e-09 -1.317936819744338e-17)
(3.25000291405593e-08 -1.451337683280179e-09 1.097052473174304e-20)
(4.515675581205636e-08 -2.157353530844383e-09 -3.317339655049844e-21)
(6.034883072176395e-08 -2.641624378008772e-09 -2.379810750477168e-20)
(7.789506809973562e-08 -1.900968126021616e-09 -7.499755907247344e-20)
(9.727850088046136e-08 1.496632288152527e-09 9.927266819275979e-20)
(1.174833689273486e-07 9.309966100129463e-09 -4.341787008246561e-18)
(0.0003799498596179073 -0.0006515484648501129 -4.712273710114198e-18)
(0.00018650621393061 -0.0005997319410291735 -4.274347932277403e-18)
(-0.0003523355331063838 -0.00040189153915185 -1.834351386976282e-18)
(-0.0006564636441395601 -0.0001809614320057886 -6.858901058095266e-19)
(-0.0007296532555170876 6.550507343062119e-05 -1.100451924609128e-19)
(-0.0005694259530071193 0.0002427005740105896 -2.121146205367727e-20)
(-0.0003034224880186113 0.000331805093372513 -4.973005390358421e-21)
(-0.000196319675409277 0.0003641032393038314 -2.283208298342194e-21)
(3.23108288748607e-06 2.609152960445703e-06 8.58847944916088e-23)
(4.433875139132036e-06 3.658039427128254e-06 7.479491332919659e-22)
(5.738550330627347e-06 4.778536107509501e-06 6.228080272812321e-21)
(7.101305301861834e-06 5.947232640371989e-06 5.120169387763178e-21)
(8.44210012371986e-06 7.13134296126156e-06 -1.5049381997677e-18)
(9.651254922294706e-06 8.288411833704901e-06 5.181120564008673e-21)
(1.060044030589064e-05 9.367656097591871e-06 6.213299873210192e-21)
(1.115638073363799e-05 1.031221134216377e-05 7.248995610949432e-22)
(1.11961657299185e-05 1.106221152265968e-05 7.069979947457652e-23)
(1.062290099156007e-05 1.155864299943066e-05 4.087788652170328e-24)
(9.380197734346063e-06 1.174780820819015e-05 -2.371233286174028e-23)
(7.46390185301293e-06 1.158613097302264e-05 -2.661529049403498e-22)
(4.929546876119347e-06 1.104494284812584e-05 -3.41697538986846e-21)
(1.894303576220266e-06 1.011482795459039e-05 -3.418029121225767e-20)
(-1.467346579243391e-06 8.809075895484264e-06 2.884324874310506e-20)
(-4.934371179424277e-06 7.165813616354685e-06 2.354131043951982e-21)
(-8.255859981990982e-06 5.248458059460277e-06 9.84631928756929e-24)
(-1.11723562934091e-05 3.144288689965226e-06 -9.537477412986177e-21)
(-1.344000544768395e-05 9.611202949461571e-07 2.62942150329106e-19)
(-1.485520085092338e-05 -1.177600076434498e-06 -9.816857304646119e-21)
(-1.527726072472345e-05 -3.138596985943938e-06 -8.26418266917211e-22)
(-1.464687956593256e-05 -4.78428447893333e-06 -7.22579471612427e-23)
(-1.299913786253874e-05 -5.976446631961001e-06 -4.688987505989019e-24)
(-1.04741269968088e-05 -6.577853919167813e-06 5.796177680685634e-26)
(0.006024759622605093 0.00555262794070333 -2.09646584963796e-22)
(0.008308802703851401 0.005580761081217742 -1.650769387950094e-22)
(0.01435825317465885 0.006214394329244463 -1.166799628013694e-22)
(0.0216381460551933 0.006970771625986355 -3.079996724593749e-23)
(0.03001370819357322 0.007394583434113077 1.414699698294379e-22)
(0.0386242238010526 0.007233344461226249 5.305927420776792e-22)
(0.04668588581439279 0.007104515763930954 9.08209525237427e-22)
(0.05320965469309982 0.006945232795562842 8.54098755012526e-22)
(-3.017710640098106e-08 1.052246034853599e-07 -3.795005686450098e-21)
(-8.683367520682939e-08 2.212445926481205e-07 -2.627786047953768e-20)
(-1.324458618882267e-07 2.739165071803315e-07 -1.285378223378306e-19)
(-1.620204240947642e-07 2.796346771473737e-07 -3.985332078296263e-19)
(-1.726181634651835e-07 2.527387012920407e-07 -1.338520589420592e-19)
(-1.635987147115617e-07 2.063283902663596e-07 -2.968269064131336e-20)
(-1.368550314189039e-07 1.515780788498636e-07 -9.48265282533875e-21)
(-9.650261656489814e-08 9.689407044766174e-08 -6.982303028575194e-20)
(0.01714464017486354 0.001422940467822547 4.857063250707479e-19)
(0.01071863577499562 0.004505751431764214 -3.902856705595902e-18)
(0.01580315495512771 0.004327188935974453 -2.355605361441159e-17)
(0.01472049898241468 0.001791220547589466 -3.40796467056092e-18)
(0.01188728652470911 -0.0005216408060469419 -3.680041375054616e-19)
(0.008722565440196801 -0.001970417599959546 1.696114238825388e-19)
(0.002315062707559152 -0.003508472877623265 9.752350736556091e-20)
(0.002601304161989076 -0.002827439022384237 2.175016452718885e-19)
(1.415681683252651e-08 -4.789418818137992e-11 -2.417114574238292e-21)
(2.226993794408882e-08 3.302879510690138e-10 6.132392865747089e-21)
(3.243474828323357e-08 2.482647976087549e-10 3.118733660689084e-22)
(4.550737473961106e-08 -4.002751177387132e-10 -4.107148107120756e-21)
(6.243586618027985e-08 -1.2281347442928e-09 -7.420381554477261e-20)
(8.44180800497682e-08 -1.106621422373045e-09 5.764734042406469e-18)
(1.131121155463835e-07 2.060778356446046e-09 -1.285504705983547e-19)
(1.510523091373742e-07 1.159735527143241e-08 4.876199801046983e-18)
(2.027771602432053e-07 3.245856893159538e-08 -8.430668287749157e-20)
(2.787038378007992e-07 7.203657902696628e-08 -2.843990783133786e-20)
(3.995715008368829e-07 1.427097729058812e-07 -1.069974837767664e-20)
(5.820539007084702e-07 2.605164510669443e-07 -7.779190168190417e-21)
(8.503964239825555e-07 4.502643882545729e-07 -2.631861179903316e-21)
(1.244836018799182e-06 7.515791593880639e-07 -5.646351258659564e-22)
(1.83217155217964e-06 1.22713052552685e-06 -8.334424942133331e-23)
(2.697466602109779e-06 1.954672899924476e-06 3.406813658278666e-24)
(3.755082336822182e-06 2.861537677753881e-06 2.973616469402047e-23)
(4.966164063448068e-06 3.897574097507157e-06 1.948783720887579e-22)
(6.292019886078434e-06 5.018832557269299e-06 1.079513783343647e-21)
(7.669945499624853e-06 6.181163022022707e-06 1.619648420749407e-21)
(9.007617253880065e-06 7.335525423603846e-06 -5.756864102430075e-20)
(1.018731341235622e-05 8.427248840573451e-06 2.52108022086592e-21)
(1.107564473902143e-05 9.397413004144845e-06 1.434325575170643e-21)
(1.153681924146951e-05 1.018543753446299e-05 2.634407509045717e-22)
(1.144791351620142e-05 1.073243582579196e-05 3.897235761541166e-23)
(1.07146017544928e-05 1.098504974446108e-05 -2.049565069603557e-25)
(9.285667989980539e-06 1.089947791681482e-05 -1.118012461416712e-22)
(7.164597288005555e-06 1.044538443446645e-05 -1.915048865423124e-21)
(4.416665759031813e-06 9.609353457459315e-06 -3.547219414928076e-20)
(1.170259295774512e-06 8.397556466855608e-06 9.884073382787927e-19)
(-2.388363414779042e-06 6.837328103776992e-06 -1.012217104895971e-18)
(-6.027014563629411e-06 4.977407567640095e-06 3.047188918247359e-20)
(-9.485664047466803e-06 2.886693875541293e-06 1.086967338049523e-21)
(-1.249938887641459e-05 6.514716115442552e-07 2.283619967750469e-22)
(-1.48242797905181e-05 -1.628770126039809e-06 -4.515597899887749e-21)
(-1.626401869013082e-05 -3.846681583211803e-06 -1.126276126746417e-21)
(-1.66948219422573e-05 -5.89320388672248e-06 -2.29345485271153e-22)
(-1.608706346565951e-05 -7.664247579967053e-06 -3.512172480696875e-23)
(-1.45236182000812e-05 -9.068219674866936e-06 -4.276191712602205e-24)
(-1.221804779840113e-05 -1.003674759552514e-05 -4.008301573986713e-25)
(-9.535863556158625e-06 -1.054659703385308e-05 -7.477684288077308e-26)
(-6.971848301559787e-06 -1.06624303597546e-05 3.349025418104641e-26)
(-5.073947219776109e-06 -1.060106817369309e-05 1.332215636470546e-27)
(-3.674729996042949e-06 -1.022731773591551e-05 -4.891158877280704e-26)
(-2.592487402801325e-06 -9.404764916176589e-06 -1.377706395673381e-25)
(-1.71205715065354e-06 -7.996038941441783e-06 -1.454912723981386e-25)
(-9.66206433052866e-07 -5.835126514067493e-06 -1.45177592177245e-25)
(-3.197077728875342e-07 -2.63379020155885e-06 -1.462968836113897e-25)
(-4.759524814325095e-08 1.472607238589899e-07 -4.019495148594277e-22)
(-1.370656345469262e-07 3.08444264063984e-07 2.291370517588856e-21)
(-2.092288689936194e-07 3.816826240196289e-07 8.996628438693276e-20)
(-2.563085963269512e-07 3.900985764693221e-07 -3.789008969043593e-18)
(-2.73437772011745e-07 3.533414565303969e-07 1.064013253495246e-19)
(-2.59437158175611e-07 2.89261711752635e-07 -5.350976654147714e-21)
(-2.171731996220179e-07 2.131706992006439e-07 -5.133595293592372e-21)
(-1.533657462786647e-07 1.366199390239169e-07 -2.060304711854365e-20)
(0.002966585747795975 0.001020782488423962 -4.01752350768259e-18)
(-0.001629513250260721 0.001004370866939696 -3.354111176245033e-18)
(0.004340473228338306 0.001536201527301047 -2.186693689630317e-17)
(0.005306237204075285 0.001462979725448613 -2.468507115921865e-18)
(0.005105463228060168 0.000922232475384951 1.945917364643565e-18)
(0.004240551130763251 0.0003276095538450776 2.479002573906951e-18)
(0.0009914774669201451 -0.001000960349067848 6.688568244969812e-19)
(0.001320265609242533 -0.0009226397836781344 1.331772380306319e-18)
(1.353744381871191e-08 1.082420536882567e-09 -8.390159846252131e-21)
(2.10503389813611e-08 1.926388804550372e-09 -3.028254318122503e-21)
(3.021669965370261e-08 2.069524046924287e-09 3.217650445886988e-23)
(4.224314023495296e-08 1.208145738399585e-09 -5.107325282041276e-21)
(5.885663149560183e-08 -3.985864832634078e-10 -4.820894015844929e-20)
(8.254516085590136e-08 -1.533741114472485e-09 6.363075285547007e-18)
(1.169062986815933e-07 4.052699904724504e-10 -2.942636926100618e-20)
(1.672418701104475e-07 9.91385654992849e-09 1.630100197476497e-18)
(2.416778332142537e-07 3.406414279360885e-08 1.411797399987779e-20)
(3.529732034396153e-07 8.344510447465953e-08 1.089504147014439e-20)
(5.193110016769257e-07 1.724938657647959e-07 1.6267741801628e-19)
(7.612101213986893e-07 3.202661836063493e-07 9.740193539385616e-21)
(1.104417806586903e-06 5.526630889013504e-07 -1.016419109326518e-21)
(1.582801541649649e-06 9.040431728129742e-07 -3.325579731202325e-22)
(2.237680669278251e-06 1.415015116925723e-06 -4.454025049068826e-23)
(3.101987631579962e-06 2.11644538446247e-06 -4.323821942657292e-24)
(4.154845557561714e-06 2.987170329449198e-06 -3.76578820307735e-23)
(5.363552403583362e-06 3.988387845804372e-06 -5.09879140032148e-22)
(6.679749763289751e-06 5.07267035409131e-06 -5.933098211888833e-21)
(8.03118001136663e-06 6.186322077877319e-06 -5.796869990379635e-20)
(9.31923352244339e-06 7.270434084176891e-06 -3.960613592957153e-19)
(1.042325159281827e-05 8.262467812533594e-06 -5.11420912922598e-20)
(1.120991535101469e-05 9.098742019447866e-06 -3.221908754480799e-21)
(1.154613239094985e-05 9.717653998404492e-06 2.982269856995303e-23)
(1.131391684976689e-05 1.006332162996337e-05 3.796296263712551e-23)
(1.042566853138487e-05 1.008931648600149e-05 -5.155544753268865e-23)
(8.838144993241533e-06 9.762156196852618e-06 -5.514240642848334e-22)
(6.563409856346573e-06 9.064234444727663e-06 -2.539376825253353e-21)
(3.675187432135209e-06 7.99589839065723e-06 -3.933978644342058e-21)
(3.093783813223547e-07 6.576440254122112e-06 -3.424311257921689e-20)
(-3.342013975421009e-06 4.843850532927922e-06 2.881276048621901e-20)
(-7.04366297215285e-06 2.853281679999375e-06 2.36100289386246e-21)
(-1.053581510488321e-05 6.742653534880846e-07 2.406204836029271e-21)
(-1.355799366389615e-05 -1.61314532763396e-06 2.262890022555371e-20)
(-1.587560201808961e-05 -3.923061515884695e-06 -4.106372869405775e-21)
(-1.730711499720549e-05 -6.168940143494277e-06 -1.827903571780409e-21)
(-1.774943807496764e-05 -8.268864078966008e-06 -3.633492290876885e-22)
(-1.719912835458507e-05 -1.015041478466885e-05 -5.429962836193024e-23)
(-1.576688921979021e-05 -1.175430073890003e-05 -7.014507074716887e-24)
(-1.368014549382127e-05 -1.303513469667894e-05 -8.353968433758184e-25)
(-1.126134283235911e-05 -1.395705839463916e-05 -8.626845989879629e-26)
(-8.865814836301125e-06 -1.448518783596885e-05 -4.571979360269113e-27)
(-6.783202540336288e-06 -1.460069924221798e-05 -2.14078353561824e-27)
(-5.051980718169709e-06 -1.418913542244708e-05 -8.498668569483084e-27)
(-3.617957774495811e-06 -1.310155729849528e-05 -1.944905203407606e-26)
(-2.412410966117287e-06 -1.115471795218488e-05 -3.079975674868509e-26)
(-1.374438052943949e-06 -8.098638146531931e-06 -4.644306683077334e-26)
(-4.468573451891887e-07 -3.526069490032008e-06 -3.904753435043007e-26)
(-6.393119823165866e-08 1.713183212827263e-07 2.360959739462255e-21)
(-1.843605525330035e-07 3.601317245492675e-07 -2.144885775055311e-20)
(-2.81826632536706e-07 4.471882773388058e-07 -1.6868178057333e-18)
(-3.459423418166775e-07 4.588328188135336e-07 5.944402203161457e-18)
(-3.698689642211452e-07 4.173070210478601e-07 -7.888138382779019e-20)
(-3.516454736817169e-07 3.429121728508889e-07 -1.10958772674547e-20)
(-2.948280418285393e-07 2.533144997237616e-07 -2.792492055536913e-21)
(-2.084021079032036e-07 1.622405270177395e-07 -1.538219026242853e-21)
(-0.0002499637092150627 -7.898524038505838e-06 -3.35682142845312e-18)
(-0.002205387289529885 -0.0007170457389394029 -1.585585213024306e-18)
(0.0005917379294686029 -0.0003826014803376391 -4.809173223205619e-18)
(0.001170783869176414 0.0005235501868704081 6.995756540696661e-19)
(0.001568504799037154 0.0009527215488121397 1.86967336307062e-17)
(0.001626453269857029 0.0009889382110890796 2.065814797047553e-17)
(0.0003100211381536738 9.177590832810073e-05 2.503704104498791e-18)
(0.0005418299709270417 -4.595593565065605e-05 1.810809229215205e-18)
(1.245854575353169e-08 2.12849190464777e-09 -1.646926902618024e-20)
(1.872671079254759e-08 3.377535874246607e-09 -7.342663789749321e-20)
(2.581788642542961e-08 3.63016403872804e-09 -4.809030866406564e-21)
(3.51266116842535e-08 2.395695685667582e-09 -2.202306404623753e-22)
(4.895620587044847e-08 -1.987801984647264e-10 -7.968281960893033e-21)
(7.08116522558401e-08 -2.917050289687195e-09 -3.810766624929939e-20)
(1.058061903412913e-07 -2.857288409726429e-09 -1.329014165925638e-20)
(1.612466672272668e-07 5.18574942232411e-09 2.146488886597035e-20)
(2.474232729974754e-07 2.941946886385501e-08 1.456995048542267e-20)
(3.78391269306548e-07 8.166669641603876e-08 2.384438438811519e-19)
(5.721910443907095e-07 1.776656943766521e-07 3.093977996386981e-18)
(8.501626591271008e-07 3.375280751129282e-07 1.657831652779104e-19)
(1.237331732357853e-06 5.861950955082275e-07 5.335142876112309e-21)
(1.762069013957243e-06 9.524133443067129e-07 -2.563968590038891e-22)
(2.452264768825038e-06 1.463831738112028e-06 -6.705246210392482e-23)
(3.324421668055803e-06 2.135638248238392e-06 -4.410339652217417e-23)
(4.368333715339795e-06 2.95629111133109e-06 -3.511404662270595e-22)
(5.552901462120259e-06 3.894030742583447e-06 -2.667003123954453e-21)
(6.825708930387284e-06 4.903036005299061e-06 -1.381276363189238e-20)
(8.110567290865517e-06 5.927526298466314e-06 -5.039449984694079e-21)
(9.307780444647125e-06 6.905308189286566e-06 -5.8191124192054e-20)
(1.029896708334998e-05 7.771302064634323e-06 -7.521136728546606e-21)
(1.09561593209153e-05 8.461258773883587e-06 -1.593236313714803e-22)
(1.115407952208226e-05 8.915650129310703e-06 8.880592239918812e-23)
(1.078421182455856e-05 9.083536689952145e-06 -2.076701874396762e-23)
(9.769120570623114e-06 8.926120044708686e-06 -5.430690993038419e-22)
(8.075364452894696e-06 8.419659844475244e-06 -4.571822638607279e-21)
(5.723362046672169e-06 7.557459761646881e-06 -2.026000439688192e-20)
(2.792724042540058e-06 6.350690960841296e-06 -4.778242768245332e-21)
(-5.781044966446207e-07 4.827919369797035e-06 -2.188114007719118e-21)
(-4.198561354815892e-06 3.03332646514563e-06 1.062256950031374e-21)
(-7.839104479528698e-06 1.023741850793259e-06 1.421571084478057e-21)
(-1.125014168095514e-05 -1.135255682573836e-06 2.400126783567997e-20)
(-1.41854396450839e-05 -3.373799075734058e-06 -4.368583155615089e-19)
(-1.642808116632724e-05 -5.622289641145535e-06 8.246605361497423e-19)
(-1.781653087612922e-05 -7.815476193822647e-06 -5.398848906289692e-21)
(-1.826792386516382e-05 -9.895308677151764e-06 -9.278458876938176e-22)
(-1.779506641493532e-05 -1.181147853916101e-05 -1.165314485289631e-22)
(-1.651244790169554e-05 -1.351816554815994e-05 -1.273080900754088e-23)
(-1.462512127763192e-05 -1.496583229165793e-05 -1.29758424387251e-24)
(-1.239575845222475e-05 -1.609029128698397e-05 -1.27711684134481e-25)
(-1.00936216337966e-05 -1.680814342878544e-05 -1.317289445614049e-26)
(-7.933022216910501e-06 -1.702183931662823e-05 -2.541964053370159e-27)
(-6.012680678609949e-06 -1.659440434901086e-05 -1.760138829706035e-27)
(-4.350176457067461e-06 -1.535491863757267e-05 -2.418258825124116e-27)
(-2.919755078084141e-06 -1.3087180261908e-05 -4.288733825293288e-27)
(-1.673000883119853e-06 -9.495408372041034e-06 -7.090674661315884e-27)
(-5.442977808616011e-07 -4.116022288299867e-06 -5.503588563993819e-27)
(-7.659343318264364e-08 1.753941815032384e-07 6.091388035832993e-21)
(-2.212381458625238e-07 3.706878975461882e-07 1.039059017304751e-19)
(-3.388933663486804e-07 4.624057943001907e-07 2.125046336383673e-18)
(-4.171766842346863e-07 4.76662238422642e-07 1.373908770349111e-18)
(-4.474865047099895e-07 4.355152254072788e-07 1.530483840230234e-19)
(-4.268520689893526e-07 3.592839081845742e-07 1.007513098240957e-20)
(-3.588817491504727e-07 2.6600513639485e-07 1.814670563211523e-21)
(-2.538777176984072e-07 1.702490750657686e-07 3.146149346669381e-20)
(-0.0006093423282764299 -0.0004045468815551689 2.954767559498379e-18)
(-0.0009749840678333055 -0.0008350871906824076 -3.317482774063637e-18)
(-0.0002962530256291311 -0.00079734475582997 -1.543803379797913e-17)
(-0.0002763491514781763 6.370491335306124e-05 -4.797460493963343e-18)
(4.458899053975719e-05 0.000694885537692568 -1.867196973469374e-17)
(0.000336021373703631 0.000969939500703925 6.885640725892019e-20)
(5.355021270957427e-05 0.0004378443748027927 3.505982037994957e-19)
(0.0001590078342887556 0.0002592280634698875 1.011901400928756e-18)
(1.106143681869638e-08 2.849664271263944e-09 -8.512522390926826e-20)
(1.557534463978837e-08 4.348269724103668e-09 -9.591650813229994e-19)
(1.972397671503191e-08 4.613244341871922e-09 -7.629303654558139e-20)
(2.491609345342712e-08 3.0141079094409e-09 8.22206997692844e-22)
(3.377054048729622e-08 -4.428686391135667e-10 1.628813052212162e-20)
(5.043502736452876e-08 -4.586600163688712e-09 6.816238933021489e-20)
(8.100033821326416e-08 -6.482546814680378e-09 1.914632722459366e-20)
(1.340000002022536e-07 -7.819729787739843e-10 1.760687802709191e-20)
(2.209231022387396e-07 2.090927850371786e-08 7.071012168961549e-20)
(3.565822738107322e-07 7.052732257711511e-08 4.060560474548919e-19)
(5.591614423091935e-07 1.638390247392981e-07 2.323022840073525e-19)
(8.498226875648055e-07 3.204099600476228e-07 1.778133861587681e-20)
(1.251995548093147e-06 5.628857199050383e-07 -9.855711381404755e-23)
(1.789412791019661e-06 9.146495180879126e-07 -1.996464441064581e-22)
(2.48160327615606e-06 1.394858615102283e-06 -3.514252361620993e-23)
(3.336373673298735e-06 2.011060039153179e-06 -1.064866570378275e-22)
(4.34212406121297e-06 2.752780217423454e-06 -9.988787484810849e-22)
(5.466458326345387e-06 3.592231633773105e-06 -7.185388938181975e-21)
(6.6553847166014e-06 4.487308412156558e-06 1.848721961225353e-21)
(7.832945053158928e-06 5.385133296210119e-06 1.644572991242892e-18)
(8.903015001913766e-06 6.226036307544337e-06 5.333591072060897e-20)
(9.754441420964073e-06 6.947830511869224e-06 7.143684543575454e-21)
(1.026960521613592e-05 7.49017951490107e-06 1.171459154694742e-21)
(1.033568129412917e-05 7.798848875763568e-06 8.139646644832984e-23)
(9.857406139028059e-06 7.829602906668487e-06 -1.920509337379776e-22)
(8.769924568690322e-06 7.551469014768276e-06 -2.329172501107298e-21)
(7.050184283683997e-06 6.949082964817109e-06 -2.025546485946593e-20)
(4.725371468201813e-06 6.023865446909849e-06 -1.017951765840606e-19)
(1.87705003940877e-06 4.793862714744051e-06 -2.025680361183927e-20)
(-1.360010576646926e-06 3.2922046172588e-06 -2.376047544551529e-21)
(-4.804870231211924e-06 1.564282552753764e-06 -1.37495490135066e-23)
(-8.243294454754859e-06 -3.360918430775003e-07 1.071199970356237e-21)
(-1.144580529189904e-05 -2.351116398197333e-06 6.145834850352471e-21)
(-1.418958742726553e-05 -4.423449418113762e-06 2.156408453605532e-20)
(-1.628228746638691e-05 -6.499982280961519e-06 -3.917876520856597e-21)
(-1.758512255424331e-05 -8.534110794057234e-06 -1.575667233658766e-21)
(-1.803207385835505e-05 -1.048555590755888e-05 -2.852573524699564e-22)
(-1.764131058395926e-05 -1.23168010054452e-05 -3.808142777013569e-23)
(-1.651473661610711e-05 -1.398574591720061e-05 -4.31351985367633e-24)
(-1.482294179188954e-05 -1.543608896667926e-05 -4.441050833631282e-25)
(-1.277691719883591e-05 -1.65899935309988e-05 -4.402275454804893e-26)
(-1.059228966504653e-05 -1.734759901385937e-05 -4.796427162579533e-27)
(-8.451203617795833e-06 -1.758830504857301e-05 -8.844385394742966e-28)
(-6.471869921730218e-06 -1.716410782227722e-05 -3.618348196612959e-28)
(-4.709809369876986e-06 -1.589470273689105e-05 -2.676619289185607e-28)
(-3.170166269561309e-06 -1.355204485270316e-05 -4.594516634987536e-28)
(-1.819019588903542e-06 -9.82861580219388e-06 -8.318771821323557e-28)
(-5.917403650850298e-07 -4.253873938083429e-06 -6.261774565170979e-28)
(-8.266628101873726e-08 1.599990780084843e-07 8.021006088317449e-22)
(-2.392148150973192e-07 3.399920104727068e-07 3.499273997091327e-21)
(-3.672805396011305e-07 4.260437708554152e-07 -6.135885481283452e-20)
(-4.536131654711735e-07 4.411733037547067e-07 -2.853062842907377e-18)
(-4.884505624301247e-07 4.048756927620828e-07 -1.513768783959176e-19)
(-4.677773762103675e-07 3.353063037211999e-07 -7.784262240024908e-21)
(-3.945632376157505e-07 2.489093599388056e-07 1.467929804111832e-20)
(-2.792298751273445e-07 1.593959398179428e-07 2.440268911378435e-19)
(-0.0004159282382178394 -0.0003842644032759797 -1.430295993860298e-18)
(-0.0004644481721225409 -0.0006020536091253802 -3.590881874444743e-18)
(-0.0004596977432970981 -0.0006190135379011186 -2.400360663415666e-17)
(-0.0006680437231720425 -4.892142270212173e-05 -5.774551460691476e-18)
(-0.0004845432498866638 0.0004550112890581618 -2.144416189980931e-17)
(-0.0002016347113501049 0.0007292883076761195 -2.400777723973698e-18)
(3.692664349668823e-06 0.0004396889026841986 -2.556175539002781e-19)
(1.267805720616979e-05 0.0002918168191497385 -1.443933316539404e-19)
(9.482041341067182e-09 3.081695583071441e-09 -1.150484345738685e-19)
(1.204212034830541e-08 4.612333987289406e-09 -1.273549351973884e-18)
(1.291792293056301e-08 4.830010078525626e-09 -1.120982480092251e-19)
(1.337025002409557e-08 3.050026878195083e-09 5.416067957649434e-21)
(1.603164064174767e-08 -8.113355511518358e-10 7.13141903071689e-20)
(2.522249618257082e-08 -5.739258299728225e-09 -6.242291403862072e-18)
(4.734505312754475e-08 -9.060242888187771e-09 9.148005835715814e-20)
(9.13026243910646e-08 -5.847173637472686e-09 8.681390100339993e-20)
(1.688558115319275e-07 1.164247413558937e-08 -7.811877523869583e-20)
(2.94804034445869e-07 5.439704192644612e-08 4.487624643662366e-18)
(4.868614420642289e-07 1.36806105911812e-07 -9.468280356475544e-20)
(7.650440372207121e-07 2.762620137497897e-07 -6.795606859462121e-21)
(1.150308509808521e-06 4.918443342134728e-07 -8.650815188886206e-22)
(1.661923840017964e-06 8.01660398078597e-07 -9.864093681113943e-23)
(2.313212020360784e-06 1.218737788379165e-06 -9.644595710349211e-24)
(3.106105479260858e-06 1.74626380624335e-06 -4.510073499703649e-23)
(4.026243018665811e-06 2.374056666767661e-06 -3.488078548010609e-22)
(5.040641984129044e-06 3.07810463198038e-06 -2.131804463077377e-21)
(6.096900500929606e-06 3.822047687646588e-06 -6.532860944516547e-21)
(7.123746929503646e-06 4.559840968410152e-06 5.681205138574361e-20)
(8.033560764891291e-06 5.239272881579402e-06 2.42585177447879e-19)
(8.72744428364095e-06 5.806037447511907e-06 5.433609459496281e-20)
(9.102916712444e-06 6.207994360599546e-06 7.121165832598076e-21)
(9.063721940898248e-06 6.39925976079743e-06 6.197208864808563e-22)
(8.530792255079332e-06 6.3438088314182e-06 -1.72957303318079e-23)
(7.453141359223519e-06 6.018302680697884e-06 -5.5043150292854e-22)
(5.817348873528999e-06 5.413885599576972e-06 -4.568710724641382e-21)
(3.654328367852944e-06 4.536754747049769e-06 -2.025393690681128e-20)
(1.042239247275346e-06 3.407393739897162e-06 -4.563688600258988e-21)
(-1.895292658715426e-06 2.058486541448501e-06 -4.567557034005965e-22)
(-4.996054231718458e-06 5.31683067097092e-07 8.728704275549648e-22)
(-8.071109629626677e-06 -1.126435817712162e-06 7.349639495054285e-21)
(-1.092095257670699e-05 -2.868660538667004e-06 3.781958565956263e-20)
(-1.335464349663427e-05 -4.651022892151547e-06 -3.889614550894776e-20)
(-1.521001571577231e-05 -6.43539934242713e-06 -4.217998449777363e-21)
(-1.637244526773995e-05 -8.189962560196506e-06 -2.181120717597973e-22)
(-1.678921013281622e-05 -9.886749573026227e-06 2.202832905525459e-23)
(-1.647634151067962e-05 -1.149613129225457e-05 8.970966791055303e-24)
(-1.551569298733225e-05 -1.297914218525379e-05 1.74282383916901e-24)
(-1.404204069515701e-05 -1.428021219748461e-05 2.557618933764921e-25)
(-1.222264796780451e-05 -1.53233981035443e-05 2.9667160985034e-26)
(-1.023279096391393e-05 -1.601255108448028e-05 2.31497628663812e-27)
(-8.230342411248356e-06 -1.62313461492241e-05 -8.149514462535735e-29)
(-6.334884770289352e-06 -1.584013613044853e-05 -1.033070670544568e-28)
(-4.618919049862325e-06 -1.466960688160587e-05 -3.819392423616781e-29)
(-3.10713928948882e-06 -1.250619936453597e-05 -3.87648821827683e-29)
(-1.779653262044649e-06 -9.065647748391324e-06 -8.007877892458582e-29)
(-5.778930088585696e-07 -3.919153707477099e-06 -6.146437426910132e-29)
(-7.904780223574534e-08 1.27690872544009e-07 -6.458884032533292e-22)
(-2.292253209492095e-07 2.725761796505948e-07 -1.45993912682466e-20)
(-3.527579204962335e-07 3.428775868800828e-07 -2.261004096635762e-19)
(-4.371690926637493e-07 3.564214945904996e-07 3.317614749456127e-18)
(-4.72631163207695e-07 3.283486254755078e-07 -2.320708945973158e-19)
(-4.544469873238831e-07 2.729032611738648e-07 -1.580077282298566e-20)
(-3.844786064678002e-07 2.032015505351841e-07 1.058410214715314e-20)
(-2.719954637169213e-07 1.304037814690764e-07 2.227854741831349e-19)
(-0.0003084169579370269 -0.0002440398651187418 -8.212706285762262e-18)
(-0.0004234144425441031 -0.0003470662728866541 -3.622530718910908e-18)
(-0.000469214859384198 -0.0003474483170320442 -2.390501158432984e-17)
(-0.0006987992270566982 -3.617231687714063e-05 -4.220675193432622e-18)
(-0.000585657885832084 0.0002672957889136703 -4.948464553376306e-18)
(-0.0003647307054757844 0.0004483208065869252 -1.047226352153715e-18)
(3.175133312684565e-05 0.0003054713148263074 -2.067530752652855e-19)
(-1.842125183546884e-05 0.0002152510670362989 -3.37337612595955e-19)
(7.780848668820749e-09 2.758544782302443e-09 -1.477389913333227e-20)
(8.608514900161797e-09 4.08453448179965e-09 6.506681559599263e-18)
(6.681248538795148e-09 4.23452274362756e-09 -1.530388319140277e-20)
(2.977076214672955e-09 2.583475452013276e-09 -1.051738619708741e-21)
(-1.923700274596152e-10 -9.944579358123554e-10 -4.850191029920394e-20)
(1.100595388046563e-09 -5.721310978852676e-09 -7.498459585887479e-19)
(1.275645231503877e-08 -9.458759342633805e-09 3.282724145843373e-20)
(4.30075746621697e-08 -8.220911637307933e-09 4.21324420323654e-19)
(1.026881467050718e-07 4.28653608951484e-09 6.714537656726454e-20)
(2.053027146956248e-07 3.699602587616761e-08 -1.084824833859908e-20)
(3.667437933109214e-07 1.014965377507671e-07 -1.523717101481484e-20)
(6.044574146746827e-07 2.114821748427659e-07 -3.621873538056041e-21)
(9.358224096103328e-07 3.813864146756836e-07 -5.329283935873553e-22)
(1.375537453162561e-06 6.240988585493436e-07 -5.016865758479978e-23)
(1.932083172807462e-06 9.479914627648502e-07 -2.695221032947809e-24)
(2.603808390806229e-06 1.353915851304529e-06 -1.391020647886025e-23)
(3.375610457672382e-06 1.833097517710047e-06 -8.410201975677208e-23)
(4.217055043827939e-06 2.366588900254039e-06 -3.757032246390956e-22)
(5.081905061243928e-06 2.926072102686389e-06 -6.244522877910256e-22)
(5.909073794531806e-06 3.475720057171186e-06 7.495768505947211e-21)
(6.625243929582816e-06 3.974890385004021e-06 5.184891168427061e-20)
(7.149383742795267e-06 4.381393671151746e-06 1.432472220393673e-20)
(7.399140473123532e-06 4.654998972466258e-06 2.089734117510169e-21)
(7.298733725508069e-06 4.760816601304075e-06 1.650813369852747e-22)
(6.78762995160332e-06 4.672230140647261e-06 -7.561350800104194e-24)
(5.829040914913115e-06 4.373105447980866e-06 -6.191391904670413e-23)
(4.417180204413507e-06 3.85906353756859e-06 -5.463496020019895e-22)
(2.582233886911679e-06 3.137670530700741e-06 -2.323158427024705e-21)
(3.921493847191052e-07 2.22748184345098e-06 -5.221251772335815e-22)
(-2.049387088450113e-06 1.155988038706012e-06 2.518235415281359e-22)
(-4.60904519678949e-06 -4.335213196548582e-08 3.765851675750229e-21)
(-7.133827467891693e-06 -1.334639509226253e-06 3.986608908431039e-20)
(-9.464243828629423e-06 -2.683095363127837e-06 3.031969300972152e-19)
(-1.144948717118942e-05 -4.057963975117847e-06 9.039597223336467e-19)
(-1.296292585216191e-05 -5.433969537430375e-06 -4.397472972327881e-20)
(-1.391585109181094e-05 -6.790619661174377e-06 -1.853018738706597e-21)
(-1.426726456608528e-05 -8.109016962564667e-06 4.3119995350953e-23)
(-1.402783840414104e-05 -9.366596391561371e-06 2.609882444016731e-23)
(-1.32571971867548e-05 -1.053121202046437e-05 4.635255746939578e-24)
(-1.205507822518194e-05 -1.155658105061672e-05 6.251631834697082e-25)
(-1.054794198851981e-05 -1.238036817785169e-05 6.950360028595964e-26)
(-8.872694579937883e-06 -1.292414498289427e-05 5.894011756062183e-27)
(-7.159301047748867e-06 -1.309301960407102e-05 1.761242937871402e-28)
(-5.515102442407195e-06 -1.277334002623177e-05 -7.547828346626608e-29)
(-4.013854784964792e-06 -1.182719334124087e-05 -2.395960419273403e-29)
(-2.689407479709426e-06 -1.008097489863403e-05 -5.902657849232662e-30)
(-1.533315173919258e-06 -7.305359556867771e-06 -6.738523246800114e-30)
(-4.961839678393381e-07 -3.156599271475578e-06 -5.28659478961809e-30)
(-6.244935594313479e-08 8.244434991882925e-08 -1.220349922613522e-21)
(-1.816310141952455e-07 1.764035384737477e-07 -1.066734615880492e-20)
(-2.801155444195902e-07 2.224361906874367e-07 6.952287396200455e-21)
(-3.483415426564114e-07 2.318282525012026e-07 -4.528912709741015e-18)
(-3.781033520089058e-07 2.141545989598902e-07 6.355994567105254e-21)
(-3.64938836700749e-07 1.784849373616737e-07 -1.174447990415719e-20)
(-3.094714807892925e-07 1.33270431419195e-07 -8.174283207349914e-21)
(-2.184471911842196e-07 8.579723625791626e-08 -3.483952593025777e-20)
(-0.0002693642607081814 -0.0001231987328790452 -4.689884087634067e-18)
(-0.0004477492982472826 -0.0001320923057542507 -3.558026161630575e-18)
(-0.0003927779302019536 -0.0001358863142631688 -2.294077743154803e-17)
(-0.0005735445321975831 -7.742806459994748e-06 -5.18503131333364e-18)
(-0.000492584722725332 0.0001201725128518196 -1.970065956386705e-17)
(-0.0003412704046972257 0.0001988148945909106 -2.294711111022248e-18)
(8.054292794347552e-05 0.0001449302628542589 -3.096459669759104e-19)
(-6.18038520199698e-06 0.0001220894197750514 -3.101507018201297e-19)
(5.803785549157378e-09 1.91349194037752e-09 -1.502878457874808e-20)
(5.542067382704324e-09 2.821975965243157e-09 -8.065364552260587e-20)
(2.222153741831406e-09 2.909283397035164e-09 -1.672099086626805e-20)
(-3.550890271706783e-09 1.732683941474151e-09 -7.474415328344505e-21)
(-1.013520307762382e-08 -8.185640107904145e-10 -3.255994707125664e-20)
(-1.463751602977063e-08 -4.259837834742503e-09 6.494874955021159e-18)
(-1.262460774505494e-08 -7.210787847241283e-09 -7.579847028658985e-20)
(2.164465286473224e-09 -7.070640946002515e-09 5.792695242968395e-18)
(3.801925034518927e-08 2.885655281891462e-10 4.045004212992464e-20)
(1.052627193465216e-07 2.072388792344337e-08 2.540746443893897e-18)
(2.159218096366763e-07 6.177687310353818e-08 8.384655563948621e-20)
(3.829123749804139e-07 1.322143159876096e-07 -2.026184982726853e-21)
(6.186192308308639e-07 2.410353979467265e-07 -7.253319418090938e-22)
(9.328557950994288e-07 3.959694167716141e-07 -8.443370628271661e-23)
(1.330383477587916e-06 6.01688114272651e-07 -6.597069772644701e-24)
(1.808392106110879e-06 8.581210090431358e-07 -2.721840737670244e-24)
(2.354456143915809e-06 1.159293974367575e-06 -7.112432101870274e-24)
(2.945376835892426e-06 1.492963600159292e-06 1.233433630489643e-23)
(3.547040554466264e-06 1.841043026001475e-06 5.824052269436013e-23)
(4.115362193060764e-06 2.180719603690474e-06 -3.964023323446494e-21)
(4.598403509826002e-06 2.486144316952136e-06 -6.567604375645323e-20)
(4.939725700969615e-06 2.730532765802228e-06 -3.032545544223111e-21)
(5.082908127525656e-06 2.888456733094206e-06 4.12876430527027e-22)
(4.976969861046794e-06 2.938071067553716e-06 8.951782951436636e-23)
(4.582225940419522e-06 2.863034362290875e-06 5.960170901745065e-24)
(3.875944726879164e-06 2.65392390806006e-06 -3.392633916638075e-24)
(2.857087542419701e-06 2.308997669430975e-06 -3.902961811154548e-23)
(1.549421248333953e-06 1.834210503561993e-06 -1.830415684714421e-22)
(2.400672093408329e-09 1.242453445922587e-06 -3.206665261363427e-23)
(-1.710585047824459e-06 5.520614273586263e-07 8.400676030188616e-23)
(-3.496732560872174e-06 -2.152683197832457e-07 8.757634588853311e-22)
(-5.250905550858127e-06 -1.036883812584744e-06 6.844984935026902e-21)
(-6.864708938773552e-06 -1.891519770146045e-06 3.270978188526571e-20)
(-8.236630188601613e-06 -2.761062185670888e-06 -7.244100561596501e-20)
(-9.282031038644525e-06 -3.631181022190543e-06 -8.413726042745143e-21)
(-9.941646969138275e-06 -4.490411128287887e-06 -3.981017654190176e-22)
(-1.018733818575115e-05 -5.327624026656153e-06 4.683305403272756e-23)
(-1.002428744673912e-05 -6.12844270348736e-06 1.607498280350223e-23)
(-9.489479791954109e-06 -6.871683956186916e-06 2.831229735851825e-24)
(-8.6468739095482e-06 -7.52692056045349e-06 3.84446063636081e-25)
(-7.57988665805228e-06 -8.053510151335508e-06 4.158941914968821e-26)
(-6.381804126580175e-06 -8.40044549181183e-06 2.99920282745731e-27)
(-5.144984208293318e-06 -8.505975749846387e-06 -8.105255177818021e-29)
(-3.950191460990252e-06 -8.296076174292219e-06 -8.988725930429981e-29)
(-2.857426020627836e-06 -7.680805363646358e-06 -2.360879909898144e-29)
(-1.89877790235252e-06 -6.547014231564688e-06 -4.538957341994952e-30)
(-1.073509272669481e-06 -4.745592783525834e-06 -1.090628116467065e-30)
(-3.453011206951215e-07 -2.052672322190325e-06 -4.726522526860623e-31)
(-2.901687473031442e-08 2.815283966535595e-08 -1.122927037158877e-21)
(-8.488524259886443e-08 6.05976041598386e-08 -1.36377536537405e-20)
(-1.311803501796716e-07 7.664801060619747e-08 -1.132352434173803e-19)
(-1.638046544932825e-07 8.006564268780427e-08 5.402376601364727e-18)
(-1.786509718167996e-07 7.411471138678188e-08 -1.132902430174775e-19)
(-1.731708434804351e-07 6.190003446646285e-08 -1.418626088967239e-20)
(-1.470829705456193e-07 4.633002670367448e-08 -5.928149302154378e-21)
(-1.02997209833677e-07 2.992852133385882e-08 -3.300856303785416e-20)
(-0.0002243522294240396 -4.243322806944318e-05 -3.553508717315322e-18)
(-0.0003170393841772293 -2.295602195660099e-05 -2.097519596436659e-18)
(-0.000194530704691723 -2.884607091869875e-05 -1.762412613832088e-17)
(-0.0002907260948820927 3.215003273535657e-06 -2.104168107184509e-18)
(-0.000242689457715618 1.657445598221333e-05 -2.167142502898377e-18)
(-0.0001831546690694284 1.503825545497332e-05 -4.397504313846444e-19)
(9.889330825230747e-05 1.577743446541139e-05 -9.378668019155098e-20)
(2.007369148747531e-05 4.291737156563802e-05 -2.293236262838881e-19)
(2.903385022201901e-09 6.785497771610481e-10 -6.105523010212584e-20)
(2.48291606697558e-09 1.000440991659989e-09 -4.126555877968987e-19)
(1.50058239488729e-10 1.0274729243554e-09 -6.209006133836373e-20)
(-3.892646712778947e-09 6.027940142210638e-10 -9.439948436849283e-21)
(-9.003752017826966e-09 -3.148999565066261e-10 -1.958153968906654e-20)
(-1.399613580176269e-08 -1.559606283745366e-09 -6.421332802141894e-20)
(-1.698758847652748e-08 -2.653153939910735e-09 -1.210927945351103e-19)
(-1.52504945054744e-08 -2.691309052074437e-09 -2.455422635703035e-18)
(-5.107439051332471e-09 -2.368942605013996e-10 -1.037325287679361e-19)
(1.806548932409974e-08 6.746435518063419e-09 7.976388371366004e-20)
(5.965494897239645e-08 2.086762215073603e-08 -1.492346924634359e-21)
(1.253823722013013e-07 4.513237516416517e-08 -1.453208427738138e-21)
(2.206068506691028e-07 8.258549253019451e-08 -2.370849574112014e-22)
(3.493983918860695e-07 1.357929531013854e-07 -2.566957793001189e-23)
(5.13493888537218e-07 2.062483972256444e-07 -1.843693475945162e-24)
(7.113015956133114e-07 2.938281976445677e-07 9.812054436338685e-25)
(9.37132354732759e-07 3.964175447738631e-07 1.126906418821902e-23)
(1.180795350130956e-06 5.09785976725115e-07 8.106047830500226e-24)
(1.427625096605363e-06 6.277237460685617e-07 -2.446562941190288e-21)
(1.658972536843243e-06 7.424157713378099e-07 -6.787579857523995e-20)
(1.853177998859803e-06 8.450160443135654e-07 -1.344768124729739e-18)
(1.987021689046995e-06 9.263686524470813e-07 -6.779829905284717e-20)
(2.037605386102015e-06 9.777997445105797e-07 -2.412747292693702e-21)
(1.984556177289567e-06 9.918903921475358e-07 1.63209689342441e-23)
(1.812370316757851e-06 9.631424565135154e-07 1.268537057682599e-23)
(1.51264999896086e-06 8.884647121905993e-07 1.192268716775557e-24)
(1.08594577544305e-06 7.674263160120073e-07 -1.102234070480202e-24)
(5.429170473617365e-07 6.022456412354529e-07 -8.957524756244063e-24)
(-9.543336247381379e-08 3.975052232072334e-07 -7.506856923509166e-25)
(-7.986083440079689e-07 1.59611002655512e-07 4.758784361587481e-24)
(-1.528583345957791e-06 -1.039511341926349e-07 -2.124869533522995e-23)
(-2.242773943253028e-06 -3.854639503634151e-07 -1.355874029805818e-21)
(-2.897725678020465e-06 -6.777887076502768e-07 -2.598852710432134e-20)
(-3.453100293533944e-06 -9.749494803524086e-07 1.20697924091935e-18)
(-3.87544369571469e-06 -1.272295457867181e-06 -2.926877745962079e-20)
(-4.141241257277651e-06 -1.566107852050145e-06 -2.087940176865376e-21)
(-4.238897521800962e-06 -1.85266494697519e-06 -1.11413737751914e-22)
(-4.169515033735326e-06 -2.126998725467751e-06 -2.628499810876085e-24)
(-3.946532335552706e-06 -2.381726379926778e-06 4.040603014096361e-25)
(-3.594329613973261e-06 -2.606282708632703e-06 8.394558884237174e-26)
(-3.145848290649067e-06 -2.786607198922392e-06 9.12571700994797e-27)
(-2.639274776385266e-06 -2.905065023635226e-06 3.505746607970629e-28)
(-2.113997266154841e-06 -2.940288393423938e-06 -1.308094831675585e-28)
(-1.60622522951074e-06 -2.866630939139391e-06 -4.764205387110804e-29)
(-1.144678303071061e-06 -2.652895139256027e-06 -1.096448785514307e-29)
(-7.465771672218215e-07 -2.25982896601216e-06 -2.072605174613584e-30)
(-4.141212550932191e-07 -1.635828930409821e-06 -3.593297591678563e-31)
(-1.312668093641015e-07 -7.05192866663003e-07 -6.766790199137175e-32)
)
;

boundaryField
{
    inletLower
    {
        type            fixedValue;
        value           uniform (0.1 0 0);
    }
    inletUpper
    {
        type            fixedValue;
        value           uniform (0.1 0 0);
    }
    outletLower
    {
        type            zeroGradient;
    }
    outletUpper
    {
        type            zeroGradient;
    }
    sideWalls
    {
        type            fixedValue;
        value           uniform (0 0 0);
    }
    topBottomWalls
    {
        type            fixedValue;
        value           uniform (0 0 0);
    }
    frontAndBack
    {
        type            symmetry;
    }
}


// ************************************************************************* //
