/*--------------------------------*- C++ -*----------------------------------*\
| =========                 |                                                 |
| \\      /  F ield         | OpenFOAM: The Open Source CFD Toolbox           |
|  \\    /   O peration     | Version:  2506                                  |
|   \\  /    A nd           | Website:  www.openfoam.com                      |
|    \\/     M anipulation  |                                                 |
\*---------------------------------------------------------------------------*/
FoamFile
{
    version     2.0;
    format      ascii;
    arch        "LSB;label=32;scalar=64";
    class       surfaceScalarField;
    location    "5000";
    object      phi;
}
// * * * * * * * * * * * * * * * * * * * * * * * * * * * * * * * * * * * * * //

dimensions      [0 3 -1 0 0 0 0];

oriented        oriented;

internalField   nonuniform List<scalar> 
8064
(
-4.444397282545542e-11
4.444386594042252e-11
-1.400635222935386e-10
9.561943460655712e-11
-2.853030451771056e-10
1.452394090068033e-10
-4.27456817373125e-10
1.421536591462595e-10
-4.893562624672419e-10
6.18993325155278e-11
-4.307791126098322e-10
-5.857726204282609e-11
-2.93862234982196e-10
-1.369169896630459e-10
-1.574993580990405e-10
-1.36362988704189e-10
-8.194300399669427e-10
6.61930570002804e-10
-1.516400454260487e-09
6.969703024830733e-10
-2.216046331860457e-09
6.996457654692694e-10
-2.427449160661182e-09
2.11402716414532e-10
-2.059135373476487e-09
-3.683139003963887e-10
-1.314657769426658e-09
-7.444777181143891e-10
-4.561577440705242e-10
-8.585001411206558e-10
3.392364057427542e-10
-7.953942674609024e-10
2.322932438509122e-10
1.069430411524076e-10
1.331789012588591e-10
9.911421836365463e-11
8.992821444648416e-11
4.325055745032851e-11
1.053858570161076e-10
-1.545777771289958e-11
1.367355661238949e-10
-3.134985215884695e-11
1.431176715344217e-10
-6.382257259468424e-12
1.148867402398883e-10
2.82307680456053e-11
6.718509788401093e-11
4.770146663786555e-11
2.050278665631707e-11
4.668212003585892e-11
-1.198345051916756e-11
3.248602938419594e-11
-2.688768701844686e-11
1.490400884591874e-11
-2.782475289695988e-11
9.368173496021634e-13
-2.16751865004794e-11
-6.149839115946311e-12
-1.5251230558288e-11
-6.424253565000142e-12
-1.284570364311299e-11
-2.405852566373465e-12
-1.569722438739562e-11
2.851166827944627e-12
-2.314237275113406e-11
7.444763497088676e-12
-3.353410739913146e-11
1.039131920247969e-11
-4.408358267687303e-11
1.054902724349097e-11
-5.154667334727832e-11
7.462611101326117e-12
-5.50752415809089e-11
3.528056001878891e-12
-5.76005875076335e-11
2.524802775572479e-12
-6.323320767638186e-11
5.632046020879036e-12
-7.403128442088159e-11
1.079747396172416e-11
-9.016496734809332e-11
1.613305260161555e-11
-1.108299680419024e-10
2.066434566561572e-11
-1.333182955960267e-10
2.248765017254746e-11
-1.520482531286998e-10
1.872926093771387e-11
-1.60156779578325e-10
8.107814311520384e-12
-1.525620177851383e-10
-7.595486209933111e-12
-1.276193038097034e-10
-2.494344565948511e-11
-8.699277758485461e-11
-4.062726195143848e-11
-3.498110163086987e-11
-5.201240957528648e-11
2.229866360276783e-11
-5.728049409885607e-11
7.823126964141112e-11
-5.593332399166855e-11
1.274045076313814e-10
-4.91739440547578e-11
1.66839584060305e-10
-3.94357665949412e-11
1.959788580598639e-10
-2.91399516080798e-11
2.155040593294574e-10
-1.952586473902774e-11
2.258607882163789e-10
-1.035738817889044e-11
2.264807399381767e-10
-6.206046931387924e-13
2.161867263625787e-10
1.029336731909842e-11
1.944729925752535e-10
2.1713098016708e-11
1.626867530801375e-10
3.178563260690284e-11
1.240931510196315e-10
3.859309613896381e-11
8.272138013313539e-11
4.137126221849288e-11
4.162719698988554e-11
4.109331549805299e-11
4.162694952444833e-11
-5.001806589316498e-11
9.446181926903946e-11
-1.385163295680873e-10
1.841175722282286e-10
-2.57621147513671e-10
2.643441008078304e-10
-3.980387418245336e-10
2.825711274201199e-10
-5.255365117723769e-10
1.893969772147321e-10
-5.545310899525879e-10
-2.958280928121233e-11
-4.369462630999596e-10
-2.545019411701207e-10
-3.111416868157559e-10
-2.621676902188197e-10
-1.297834954787464e-09
1.648623713546582e-09
-2.883600614024887e-09
2.282735836198046e-09
-4.40975671104451e-09
2.225801737732994e-09
-4.916771705980639e-09
7.18417584708084e-10
-4.194403451502652e-09
-1.09068228100422e-09
-2.45918345164944e-09
-2.479697847191815e-09
-7.547423668396554e-10
-2.562941355267152e-09
2.551165016030905e-10
-1.805253270099769e-09
1.695633440836682e-10
1.924960632075702e-10
1.055682403680525e-10
1.631091793160938e-10
1.265615000869707e-10
2.225715186885557e-11
1.789139463063385e-10
-6.781038027452225e-11
1.987595831591273e-10
-5.119565105157419e-11
1.709446232035702e-10
2.143252628395846e-11
1.149947377015784e-10
8.418046807597638e-11
5.535331466213084e-11
1.073426853799568e-10
7.188147675151898e-12
9.484706966213923e-11
-2.410086315440741e-11
6.377479929103297e-11
-3.901355090583696e-11
2.981643821289828e-11
-4.084215431894625e-11
2.765134185066543e-12
-3.447631111517468e-11
-1.25159908028859e-11
-2.587728190941678e-11
-1.502362352288552e-11
-2.033940810242039e-11
-7.94409311333794e-12
-2.053920260989728e-11
3.050559259754744e-12
-2.686008260362004e-11
1.376521211638958e-11
-3.879750058946332e-11
2.232826882119878e-11
-5.265273278106247e-11
2.440375959968247e-11
-6.316704236454701e-11
1.797638391849027e-11
-6.801239139665326e-11
8.372836067970363e-12
-7.024347707552295e-11
4.755284522822954e-12
-7.638294410039299e-11
1.177087781437587e-11
-9.055414935804161e-11
2.496801292400881e-11
-1.120057138402385e-10
3.758392209516192e-11
-1.38695916896391e-10
4.735382839107927e-11
-1.654939386257699e-10
4.928492718401612e-11
-1.848036385417808e-10
3.803819813912223e-11
-1.903347734125767e-10
1.363816806357213e-11
-1.790787871449596e-10
-1.885226284386838e-11
-1.503219497428078e-10
-5.37010841902515e-11
-1.049396510953564e-10
-8.601036108326471e-11
-4.599504215324696e-11
-1.109578207314605e-10
2.088581396424785e-11
-1.241621416242334e-10
8.845551871037396e-11
-1.235038131210687e-10
1.497685557476541e-10
-1.1048774688138e-10
1.999987580004286e-10
-8.966672266103469e-11
2.370983062467495e-10
-6.624023324070542e-11
2.609541091348914e-10
-4.338239199258174e-11
2.717877462197896e-10
-2.119173502080688e-11
2.690967399888126e-10
2.069694068132815e-12
2.519768888860232e-10
2.741251666588111e-11
2.206621655436235e-10
5.302714356284583e-11
1.78070548791299e-10
7.437662772835357e-11
1.296645017370834e-10
8.699851724460372e-11
8.081132135048313e-11
9.022378250815018e-11
3.383110661813024e-11
8.80730388110755e-11
7.545750806133549e-11
-1.010785616339576e-10
1.955402586903889e-10
-1.657898768324285e-10
2.488287555024744e-10
-1.680282180558632e-10
2.665823108116601e-10
-2.13392389921558e-10
3.279351686796272e-10
-4.068884370797697e-10
3.82892893967635e-10
-6.6035447713996e-10
2.238831006335829e-10
-7.044194446075862e-10
-2.104371040097024e-10
-4.434254498207754e-10
-5.231618152737821e-10
-1.368319615179223e-09
2.573517748103978e-09
-3.351978274839805e-09
4.26639436479603e-09
-5.394903951929761e-09
4.268727282661107e-09
-6.041789635810884e-09
1.365303135640545e-09
-5.138333489792424e-09
-1.994138561959508e-09
-2.973621703611678e-09
-4.644409769950654e-09
-9.289695601422319e-10
-4.607593638626403e-09
1.242360288566638e-10
-2.858459001926742e-09
-2.722979315962791e-12
3.19454923392303e-10
6.514499277532759e-11
9.524105448576665e-11
2.167942792643673e-10
-1.293922949446547e-10
2.876201582338596e-10
-1.386364266944102e-10
2.493703854208028e-10
-1.294605626927199e-11
1.617502046165875e-10
1.090525190227574e-10
7.907771950239118e-11
1.668527510771572e-10
2.044267512611569e-11
1.659775142718446e-10
-1.687586956681467e-11
1.321653810667628e-10
-4.016438737746968e-11
8.706306686606012e-11
-5.374095084545878e-11
4.339272986066283e-11
-5.822307405882933e-11
7.246965074175328e-12
-5.283972355149168e-11
-1.789965870794703e-11
-3.953264009923473e-11
-2.833104811093534e-11
-2.490337018419876e-11
-2.257373209771321e-11
-1.610995399488556e-11
-5.7432523346563e-12
-1.660087472281425e-11
1.425570759588602e-11
-2.655765361353151e-11
3.228459446268138e-11
-3.990271479800087e-11
3.774833700766612e-11
-5.193586521620042e-11
3.000902207251556e-11
-6.026307842185522e-11
1.669950722106465e-11
-6.423208970271904e-11
8.723726113413534e-12
-7.006420699389041e-11
1.760239787118903e-11
-8.801421285535792e-11
4.291739615503879e-11
-1.181193406896577e-10
6.768840346629799e-11
-1.543253197026237e-10
8.35591391493146e-11
-1.848300535935084e-10
7.978897406756714e-11
-2.004387621506465e-10
5.364620283559142e-11
-2.002268757161623e-10
1.342556538238039e-11
-1.865200671513207e-10
-3.255979820071309e-11
-1.594171747002614e-10
-8.080470819714627e-11
-1.174644373756054e-10
-1.279638327973734e-10
-6.074622553400512e-11
-1.676767630607954e-10
7.55569192147765e-12
-1.924647839082487e-10
8.134450095842919e-11
-1.972933348037211e-10
1.527791154140447e-10
-1.819230615020679e-10
2.141766750345902e-10
-1.51064964899456e-10
2.599863118101946e-10
-1.120505382818997e-10
2.875223963234988e-10
-7.091912796282254e-11
2.96059253457345e-10
-2.972923457545541e-11
2.856875859496918e-10
1.244073087568458e-11
2.572633799859199e-10
5.583610014828503e-11
2.135453432100492e-10
9.674456759374494e-11
1.602196523852754e-10
1.277017316041348e-10
1.055378718797446e-10
1.41679821664107e-10
5.816125270691766e-11
1.375999034886144e-10
2.319202691166405e-11
1.23041173736183e-10
9.864936442178651e-11
-2.625000565569411e-10
4.580401940167969e-10
-3.007069637634604e-10
2.870355270167289e-10
-9.783067204019109e-11
6.370588268767921e-11
6.425226914838906e-11
1.658520910713087e-10
-6.830768587501902e-11
5.15452712634527e-10
-5.732660043025204e-10
7.288412825236419e-10
-1.110322939630332e-09
3.266196945601325e-10
-1.009195512456144e-09
-6.242893797772066e-10
-1.388675450539324e-09
2.952997548235501e-09
-3.287882979447486e-09
6.165601754613152e-09
-5.247010080008334e-09
6.227854242893738e-09
-5.722873028035928e-09
1.841165941342449e-09
-4.840221163332302e-09
-2.876790571128141e-09
-2.813499670762482e-09
-6.671131410192416e-09
-9.433984789435002e-10
-6.477694981507564e-09
-2.532151937067543e-10
-3.548642443056085e-09
-1.929627939519674e-10
2.592023627311368e-10
1.890613647551714e-10
-2.867832719917703e-10
4.265671967351053e-10
-3.668983016908464e-10
3.925965344803763e-10
-1.04665948480525e-10
2.379356616437454e-10
1.417146232409172e-10
1.018021182553265e-10
2.451858571240469e-10
2.388010703177528e-11
2.447745452321115e-10
-1.297882964149832e-11
2.028362190981835e-10
-3.372082213756177e-11
1.529071273677701e-10
-5.171469514896463e-11
1.050566761373562e-10
-6.917380127130619e-11
6.085155541845356e-11
-8.198932659276422e-11
2.006218977127263e-11
-8.22317065107702e-11
-1.765759844834046e-11
-6.338979356452125e-11
-4.717330283211522e-11
-3.190826754575067e-11
-5.405562068556155e-11
-5.731432695501306e-12
-3.192047326685207e-11
1.045756233313806e-12
7.478110660491845e-12
-2.230096762444377e-12
3.55600153870225e-11
-5.079798953449937e-12
4.059758486709766e-11
-1.409189300035845e-11
3.902063815741287e-11
-3.296507392784925e-11
3.557218849490863e-11
-5.007356132195678e-11
2.583169170756877e-11
-5.771955493107049e-11
2.524784949866137e-11
-7.657000315960151e-11
6.176728276463258e-11
-1.232167342378709e-10
1.143345551818764e-10
-1.751204511083669e-10
1.354622604894213e-10
-2.059273587596304e-10
1.105952717986089e-10
-2.106648408069521e-10
5.838306320267287e-11
-2.018362817660341e-10
4.596374647323943e-12
-1.869254419568519e-10
-4.747127602291929e-11
-1.642793801714232e-10
-1.034514123954497e-10
-1.29885555168974e-10
-1.623582999247217e-10
-8.104320931873404e-11
-2.165197485473744e-10
-1.67613722835801e-11
-2.567472528903576e-10
6.099712200435301e-11
-2.750524515576193e-10
1.453540929112468e-10
-2.662806408222456e-10
2.247004303825862e-10
-2.304118965238612e-10
2.862867963371934e-10
-1.736374813452333e-10
3.208658033987994e-10
-1.054986985665176e-10
3.247678116005927e-10
-3.363179121535076e-11
2.996125340947867e-10
3.759546932170098e-11
2.515580758768103e-10
1.038900207705616e-10
1.903268534862283e-10
1.579752673479015e-10
1.266403923216426e-10
1.913877342876764e-10
6.967735597415698e-11
1.986423343545743e-10
2.731727860993264e-11
1.799592938567116e-10
5.605568846247508e-12
1.447526483793021e-10
1.042543718315083e-10
-5.769870976937501e-10
1.035027160563578e-09
-4.860531453546031e-10
1.961014311996114e-10
-9.702290938603809e-11
-3.253244968993801e-10
2.273041381339786e-10
-1.584751000751061e-10
4.288337442115299e-10
3.139229627486778e-10
1.036064122022978e-10
1.054068470354449e-09
-1.180623217950608e-09
1.610849179912629e-09
-2.525179312999738e-09
7.202665696091756e-10
-2.025555975909364e-09
2.453374064264528e-09
-2.630581039694678e-09
6.77062666996739e-09
-2.774933301393156e-09
6.372206354084568e-09
-2.30495840671867e-09
1.371190893650581e-09
-1.875073149183308e-09
-3.306675984923716e-09
-1.324773133430829e-09
-7.221431585951607e-09
-7.37361516409674e-10
-7.065106763271831e-09
-9.687023290919929e-10
-3.317301800375386e-09
-1.753356092703928e-11
-6.919665819499303e-10
6.934683196280632e-10
-9.977853360255242e-10
6.758121982327206e-10
-3.492423722673793e-10
3.5562944630983e-10
2.155166027026832e-10
1.043698017608037e-10
3.929740565012434e-10
-2.969641570087744e-12
3.525250786189548e-10
-2.448822544920916e-11
2.662928947369513e-10
-2.295172037306964e-11
2.012994674658458e-10
-3.039208529359041e-11
1.603472314111044e-10
-5.252569442803467e-11
1.271900108241392e-10
-8.181589390470094e-11
9.014146466759548e-11
-1.085198639381018e-10
4.676585493657022e-11
-1.213892032708069e-10
-4.788580808868305e-12
-1.028883479222837e-10
-6.567449521214216e-11
-4.970066997149849e-11
-1.072436530511976e-10
4.890336603522202e-12
-8.651184987913083e-11
1.47842488500948e-11
-2.416189017265864e-12
3.271210847333362e-11
1.763175288635308e-11
5.849124202371434e-11
1.481803162682259e-11
6.021704061189453e-11
3.729440508854225e-11
2.429491400505331e-11
7.149386498349721e-11
-2.930980993561552e-11
7.943595185681144e-11
-5.743770745749877e-11
5.337526931568992e-11
-6.564796157138311e-11
6.997704706094301e-11
-1.390484527216461e-10
1.877345448174044e-10
-2.047413844950117e-10
2.011546806228286e-10
-2.213204931362327e-10
1.271738598156015e-10
-2.078785668309163e-10
4.494060869967588e-11
-1.922251819477129e-10
-1.105754405277344e-11
-1.773567848188916e-10
-6.234021111231134e-11
-1.587837345088945e-10
-1.220250019531528e-10
-1.34784054334643e-10
-1.863585187937215e-10
-1.017368804534034e-10
-2.495674569016948e-10
-5.154320658069099e-11
-3.069414548178599e-10
2.314347886740381e-11
-3.497396549189159e-10
1.207464157893725e-10
-3.638840835949805e-10
2.262389178566654e-10
-3.359048897032011e-10
3.147501547334604e-10
-2.621491937853628e-10
3.627887733018492e-10
-1.535377773276552e-10
3.59087185743077e-10
-2.993064904151886e-11
3.081031834297575e-10
8.857903649729458e-11
2.283271015038215e-10
1.836656776842448e-10
1.448702263806532e-10
2.414317341179484e-10
7.708572462631048e-11
2.591718041152676e-10
3.042401423650338e-11
2.453037412223712e-10
3.43269269704477e-13
2.100398348502642e-10
-1.205103045503124e-11
1.571458333637637e-10
9.220333094469268e-11
-8.466314933868652e-10
1.881658518032672e-09
-3.95325293584301e-10
-2.552049191041585e-10
-2.436063798067178e-10
-4.770435618616754e-10
-1.079057939612748e-10
-2.941758373541338e-10
6.051259277426331e-10
-3.991089108204893e-10
1.437150224328599e-09
2.220440212696634e-10
5.007348363221935e-10
2.547264414454261e-09
-3.579072752747581e-09
4.800074003963622e-09
-3.084549392241522e-09
1.958850547355422e-09
8.356687303699115e-10
2.850408388855112e-09
6.065266572682379e-09
1.142608350621591e-09
8.673581415491803e-09
-1.237124113537055e-09
7.655838447767896e-09
-2.288933185444224e-09
3.973632510365079e-09
-3.539225821420657e-09
7.153012406850759e-10
-3.806775671746498e-09
-8.074866466743421e-10
-1.79451409739368e-09
1.425999235516862e-09
-2.925452655302426e-09
1.455169619772962e-09
-1.02695591933546e-09
6.066955456848649e-10
4.992314945220185e-10
5.004738745172372e-11
7.721645441485367e-10
-1.11911418246909e-10
5.549326359094893e-10
-8.983603331598144e-11
3.304494565464873e-10
-3.215491738260795e-11
2.086115312283849e-10
8.703775583186056e-13
1.682739130987589e-10
-5.127092824557533e-12
1.663444314117307e-10
-4.273295336449293e-11
1.647955885666942e-10
-9.203806542374538e-11
1.394462828718544e-10
-1.328311938264014e-10
8.755867695315711e-11
-1.561574915654693e-10
1.853739976592259e-11
-1.520332702749968e-10
-6.97990458970845e-11
-9.053628437440814e-11
-1.687409785348565e-10
-1.344239175909677e-11
-1.636060936403683e-10
1.214145172467051e-11
-2.800039301740824e-11
9.382067492919758e-11
-6.404784142965378e-11
1.545543107597245e-10
-4.591598370837483e-11
1.654739751734681e-10
2.637435176362571e-11
1.258036576588751e-10
1.111637862281313e-10
2.481676319594213e-11
1.804224419623328e-10
-9.14541851143065e-11
1.696458069433198e-10
-1.038816691842871e-10
8.240411373822766e-11
-1.812566198898217e-10
2.651090728408475e-10
-2.255291260033973e-10
2.454267588076896e-10
-2.061147276935243e-10
1.077590294198557e-10
-1.895275929455758e-10
2.835303832174784e-11
-1.776109200488117e-10
-2.297465514728254e-11
-1.572450189211888e-10
-8.270655165317645e-11
-1.354981943043983e-10
-1.437722659863991e-10
-1.230331605815619e-10
-1.988239897160315e-10
-1.147239708752544e-10
-2.578770798297834e-10
-9.135035076719493e-11
-3.303155013392285e-10
-3.175212483264965e-11
-4.093382982502789e-10
7.335355737122094e-11
-4.689901717521751e-10
2.099630296078395e-10
-4.725147541443208e-10
3.385516482193985e-10
-3.90738190300979e-10
4.098067683352148e-10
-2.247932597275528e-10
3.956513418473769e-10
-1.577557168482302e-11
3.048228477759354e-10
1.794071944174592e-10
1.800325127506494e-10
3.084556822919704e-10
7.257758593494122e-11
3.488863296248587e-10
1.260739045652985e-11
3.191417348914013e-10
-2.039763852998082e-12
2.599506266253916e-10
4.916881569801216e-13
2.075077675125786e-10
-1.469270322630973e-11
1.723304488154493e-10
7.751051924488079e-11
2.196407322105187e-10
1.662017644562011e-09
2.263587320124142e-10
-2.619230764547435e-10
-9.202747053954646e-10
6.695897166947963e-10
-9.791553649367096e-10
-2.352953373024128e-10
9.453732032407243e-12
-1.387718167923427e-09
2.163344869743606e-09
-1.931847277519024e-09
5.031368952439078e-09
-3.207598305384721e-10
2.795591853943713e-09
7.035850938534351e-09
4.3145162271922e-09
4.399260081497355e-10
1.791143874640347e-08
-1.074651429884415e-08
3.130165663068408e-08
-1.224760970523757e-08
3.603146175513337e-08
-5.966929413239854e-09
3.185777894055087e-08
1.884749449485875e-09
2.069595295792546e-08
7.622599976584212e-09
9.451650159380821e-09
7.437526936331281e-09
4.925565018997714e-09
2.731570846218577e-09
4.515625931529789e-09
-2.515513771897739e-09
1.436318099253619e-09
2.052351701366463e-09
-8.397556470662504e-11
2.019524938329824e-09
-3.544164381648725e-10
1.042605189030457e-09
-2.384470138693948e-10
4.389629735052425e-10
-9.145354905557194e-11
1.834557447176904e-10
3.969706968328139e-12
1.13188018170633e-10
4.247541220053583e-11
1.297679419659022e-10
3.054997004442015e-11
1.782695976965931e-10
-2.470170054227919e-11
2.200469749755396e-10
-1.01732441013363e-10
2.164767297597795e-10
-1.562412286631886e-10
1.420671637113521e-10
-1.581810731675206e-10
2.047693496762209e-11
-1.682509937524074e-10
-5.972944062243123e-11
-1.538762938671737e-10
-1.831160008429215e-10
-1.88757685778427e-10
-1.28725028736998e-10
3.357345118156483e-11
-2.503318626526453e-10
2.284095235568311e-10
-2.588842496720026e-10
2.686120632426473e-10
-8.611886350789885e-11
2.626835965039374e-10
3.23024763749714e-11
2.627212987040339e-10
1.111257389047771e-10
1.878165717863118e-10
2.553268225792113e-10
-1.024515165121337e-10
4.599135469170915e-10
-3.979209139429929e-10
3.778731621783554e-10
-2.340171434717081e-10
1.012049520728025e-10
-1.592984859643092e-10
1.707077505526235e-10
-1.266446981126163e-10
7.510489011319424e-11
-1.778121459298418e-10
7.95201344940393e-11
-1.716425500794185e-10
-2.914460252005824e-11
-1.232127988193028e-10
-1.31136653797574e-10
-8.886610002753139e-11
-1.781193139167745e-10
-8.9976834887466e-11
-1.977136013207304e-10
-1.11155187392573e-10
-2.366990691592052e-10
-1.218385523707902e-10
-3.196324719858436e-10
-8.980560284767055e-11
-4.413715749772138e-10
7.377155414557148e-12
-5.661732466058659e-10
1.65615350606901e-10
-6.307532542061529e-10
3.385851234125125e-10
-5.637082534482692e-10
4.426450381405424e-10
-3.288534530750303e-10
4.169928069710786e-10
9.876397540175025e-12
2.767410398832907e-10
3.196587059637449e-10
1.048212992507804e-10
4.803751873348396e-10
-1.731659998219189e-11
4.710240009882731e-10
-5.581519638123665e-11
3.576401483793754e-10
-2.323491053303838e-11
2.273702463714332e-10
4.397155992110695e-11
1.403016622897228e-10
4.404544187481067e-11
1.722565270345058e-10
1.215562114340152e-10
6.857598988172279e-09
-5.195581496890449e-09
-3.419133945923501e-10
6.937589139449063e-09
-2.819471886345915e-09
3.147148041400485e-09
-1.372530749116243e-09
-1.682236641983639e-09
-3.801416825860395e-10
-2.38010740269333e-09
5.058032676672369e-10
-2.817792397116573e-09
8.297768854921426e-09
-8.112725588623742e-09
3.677359945482275e-08
-2.143997983406115e-08
5.973221606538569e-08
-2.251869077742316e-08
7.714830945172788e-08
-2.816260786301579e-08
9.030283453740808e-08
-2.540213497207756e-08
9.184506406382309e-08
-7.509159124820561e-09
8.274557394222082e-08
1.09842393814464e-08
6.521773714532962e-08
2.515043657856181e-08
4.684473705112401e-08
2.581052682997746e-08
2.85182567792609e-08
2.105805091098408e-08
5.601865962390844e-09
2.04008768312259e-08
-2.437352367903338e-10
7.897952679224272e-09
-6.328372050897962e-10
2.408626677987503e-09
-3.745918746431189e-10
7.843596216993953e-10
-1.650837693828009e-10
2.294546238417285e-10
-2.872375068515725e-11
4.709547321388935e-11
4.100906824417043e-11
4.345493928756213e-11
6.400904730842023e-11
1.067676949691331e-10
5.257536872289713e-11
1.897030021522694e-10
-1.121813682871224e-12
2.737438762616361e-10
-1.015291864039686e-10
3.168838166050368e-10
-1.810639739974375e-10
2.216016598873162e-10
-1.189919247020764e-10
-4.15954087308034e-11
-3.721819001439915e-11
-1.415034735144587e-10
-2.138532260401474e-10
-6.481264130642598e-12
-8.237605387487185e-10
4.81181982686671e-10
3.042453418221974e-10
-1.37833804386993e-09
4.357555361115767e-10
-3.90394744905621e-10
3.582732453153131e-10
-8.636871601459714e-12
3.230314924880063e-10
6.754393133260088e-11
3.696721844926688e-10
6.448475193759162e-11
4.622713430972224e-10
1.627273708487725e-10
2.548773573584367e-10
6.673072427134402e-10
-1.421231002918087e-09
2.053981234640915e-09
-2.140707248227452e-10
-1.105955610891367e-09
1.694185433974642e-10
-2.127818004576525e-10
-1.370610844936452e-11
2.582292615508982e-10
-2.097197787939411e-10
2.755335263482606e-10
-1.676501359086395e-10
-7.121452187443229e-11
-6.820320029075359e-11
-2.305838636926295e-10
-2.907382311462684e-11
-2.172489628753974e-10
-4.504123218793985e-11
-1.817464605272735e-10
-8.413885978851108e-11
-1.976017054374552e-10
-1.168302930007174e-10
-2.869412966004372e-10
-1.139168764759605e-10
-4.442852415992427e-10
-4.755427811340321e-11
-6.325360860261492e-10
9.261299316200588e-11
-7.709207548073135e-10
2.743775923686096e-10
-7.454730714471427e-10
4.050702434127367e-10
-4.5954630780587e-10
3.715191871115075e-10
4.342725862000333e-11
2.020850309991292e-10
4.890926878629278e-10
2.183359077886353e-11
6.606264580669707e-10
-8.341635366528463e-11
5.762738176276301e-10
-9.136104726195846e-11
3.65584798055433e-10
-2.2058091186506e-11
1.580674517946118e-10
6.279294579163722e-11
5.545090589390912e-11
2.885836654665943e-10
-5.353357104183057e-11
4.101400405369155e-10
3.012879390196126e-07
9.351647933416326e-08
2.705373311291672e-07
3.768819685952193e-08
2.687243713977563e-07
4.960107599619655e-09
2.677561275430406e-07
-7.139929616752846e-10
2.651386988907512e-07
2.373210741060917e-10
2.607689313659856e-07
1.551974950853622e-09
2.465650151594043e-07
6.091190439504413e-09
2.153306648035224e-07
9.794370341355679e-09
1.962577247747134e-07
-3.445750931571856e-09
1.96665364134973e-07
-2.857024740907901e-08
1.895120719837796e-07
-1.824884301016987e-08
1.783050633453575e-07
3.697849320499787e-09
1.634887875345659e-07
2.580051499459406e-08
1.459993611930009e-07
4.263986271772578e-08
1.243186699326307e-07
4.74912178823433e-08
1.230675586822836e-07
2.230916194774161e-08
1.315516905468543e-07
1.191674474662756e-08
1.28484089485436e-07
1.096555351454896e-08
1.202248365792876e-07
1.066787935112165e-08
1.115383349495965e-07
9.470861012266071e-09
1.028228936546015e-07
8.944895672809562e-09
9.366146119842005e-08
9.208527677771688e-09
8.386256476160391e-08
9.842351118168944e-09
7.342083132267951e-08
1.054850087144707e-08
6.245091726346953e-08
1.115961679375873e-08
5.119832780964794e-08
1.15263330595533e-08
4.004970181612194e-08
1.146550953606577e-08
2.956343300760544e-08
1.070787019334434e-08
2.051475491562036e-08
9.007082406577111e-09
1.400071869396029e-08
6.372532472542203e-09
8.684128696220044e-09
5.31010845839908e-09
2.436046869895508e-09
6.729263536799847e-09
8.9189241286911e-10
1.658161431758921e-10
4.797521014311386e-10
2.174530114495032e-11
4.378749939198819e-10
3.323997416768939e-11
4.510742339961892e-10
5.434443507471597e-11
4.411824161245252e-10
7.43763180936854e-11
5.005421891980108e-10
1.033673518636576e-10
1.071649740540155e-09
9.619945007119168e-11
3.309844763734248e-09
-1.84214024389588e-10
1.315137349341491e-08
-1.09474845721185e-08
2.175921493646798e-08
-8.820623470504631e-09
3.243503854699757e-08
-1.041759457232523e-08
4.760529652550409e-08
-1.489472467195667e-08
6.586439720487763e-08
-1.833031541794133e-08
8.636927914543101e-08
-2.073546601796217e-08
1.086546742209359e-07
-2.250264424883152e-08
1.324188121695096e-07
-2.394588461609285e-08
1.574113974964182e-07
-2.519018723475822e-08
1.833639442134867e-07
-2.623948821082797e-08
2.098756577956665e-07
-2.695599901413073e-08
2.362715862453244e-07
-2.702846471821187e-08
2.614902120220942e-07
-2.598954670533151e-08
2.84072541614788e-07
-2.332780282807637e-08
3.024861169292071e-07
-1.88731217779577e-08
3.155848738638819e-07
-1.30553298208445e-08
3.235889866872508e-07
-7.515020273250431e-09
3.277592713642574e-07
-3.509658338958255e-09
3.2954231473214e-07
-1.206769635572537e-09
3.300728551689008e-07
-1.649556197187796e-10
3.301201461316518e-07
1.107767601371882e-10
3.300617038509864e-07
1.13893743780757e-10
3.294539329985357e-07
5.542377502244789e-10
7.288135814787047e-10
4.216408320897033e-07
7.187564707416624e-08
4.099894934650486e-07
4.933953530249893e-08
3.958846477917757e-07
1.906495309192177e-08
3.869788349906947e-07
8.191819658033731e-09
3.808780089914132e-07
6.338146891090996e-09
3.748366667152988e-07
7.593317043332365e-09
3.686564809448224e-07
1.227137602471533e-08
3.621385679174416e-07
1.631228318139911e-08
3.494805773218237e-07
9.212239474371266e-09
3.216010232023143e-07
-6.906934821406004e-10
2.941641566760035e-07
9.188023320462897e-09
2.706858827258093e-07
2.717612307124377e-08
2.515001345242727e-07
4.498626299284007e-08
2.371195551641098e-07
5.702044186999417e-08
2.263392863519764e-07
5.827148648210626e-08
2.083784073870813e-07
4.027004069497503e-08
1.936336348353606e-07
2.666151707586346e-08
1.815861716147636e-07
2.30130165070679e-08
1.70374741911668e-07
2.187930882140969e-08
1.587296462981099e-07
2.111595638756343e-08
1.463963288721219e-07
2.127821285639359e-08
1.33267449791058e-07
2.233740651164498e-08
1.192231717950482e-07
2.388662886395945e-08
1.042342741456242e-07
2.553739826705641e-08
8.844899211562307e-08
2.694489856850449e-08
7.224553084392099e-08
2.772979407404112e-08
5.625481023884864e-08
2.745622988441161e-08
4.130685952824851e-08
2.565582064718804e-08
2.819125716318736e-08
2.212268451744611e-08
1.7434472844695e-08
1.712931653883204e-08
7.934855002517976e-09
1.480972605290074e-08
1.603364592923323e-09
1.306075370259294e-08
9.212600875086502e-10
8.479204109395304e-10
6.609612021218764e-10
2.820439542220692e-10
7.337401534882347e-10
-3.953920225360995e-11
8.27363082880994e-10
-3.927871317127288e-11
7.823071743194817e-10
1.194320153680605e-10
7.783895890705723e-10
1.072847321802097e-10
1.169515633090715e-09
-2.949267916644581e-10
2.095469169862272e-09
-1.110167752995917e-09
1.170014368304011e-08
-2.055215927084639e-08
2.67905054415812e-08
-2.391098540950572e-08
4.49218917556469e-08
-2.854898106189109e-08
6.71704422060115e-08
-3.714327529370602e-08
9.331996456700694e-08
-4.447983794653407e-08
1.228229515588854e-07
-5.023845317392914e-08
1.550235608940801e-07
-5.470325374483828e-08
1.894064846285e-07
-5.832880850753565e-08
2.256010979342372e-07
-6.138480069369676e-08
2.632497772588637e-07
-6.388816768361297e-08
3.018108068805254e-07
-6.551702877874555e-08
3.403385967891505e-07
-6.555625476319036e-08
3.773031372652879e-07
-6.295408731142021e-08
4.10547266597059e-07
-5.65719322829552e-08
4.376623741604466e-07
-4.598822945859114e-08
4.565450659681276e-07
-3.19380217401912e-08
4.676395878750596e-07
-1.860954228569893e-08
4.731892571620314e-07
-9.059327713962138e-09
4.75459922660573e-07
-3.477435185802375e-09
4.760308530663284e-07
-7.35885976734449e-10
4.758501127208416e-07
2.915173683792468e-10
4.754231022765071e-07
5.409046513900589e-10
4.751200414705632e-07
8.572989260696303e-10
1.020732563396004e-09
4.361378072833376e-07
3.573783963634578e-08
4.546430321280607e-07
3.083431027696146e-08
4.578307604034588e-07
1.587722463133162e-08
4.576502583799035e-07
8.37232149475037e-09
4.572255359419182e-07
6.762869140993893e-09
4.560886872445104e-07
8.730165551375482e-09
4.541892899388259e-07
1.417077313940622e-08
4.49281590092914e-07
2.121998283453898e-08
4.333852877193699e-07
2.510854165286857e-08
4.033424310724613e-07
2.935216296735057e-08
3.711183779835448e-07
4.141207620899339e-08
3.42435881620914e-07
5.585861923055899e-08
3.193694943954453e-07
6.805265001137656e-08
3.020768450128052e-07
7.431309104232476e-08
2.883425268911475e-07
7.200580438933926e-08
2.704338420258231e-07
5.817872534228183e-08
2.512790826718326e-07
4.581627620752357e-08
2.343009958112228e-07
3.999110314193768e-08
2.188453350783931e-07
3.733496932441742e-08
2.036134862485652e-07
3.6347804984786e-08
1.880104050928581e-07
3.688129377610623e-08
1.716648757255921e-07
3.868293564122303e-08
1.542416535295883e-07
4.130985082004467e-08
1.355306045098493e-07
4.424844704669081e-08
1.155618193220877e-07
4.691368351548579e-08
9.46900451669058e-08
4.860156799006913e-08
7.364237651456524e-08
4.850389829874312e-08
5.346414486285264e-08
4.583405206446244e-08
3.527069097538765e-08
4.031613817351104e-08
1.990415513172712e-08
3.249585215651642e-08
7.660513307104605e-09
2.705336765636538e-08
4.953047615392365e-10
2.022596203395632e-08
6.14538368724618e-10
7.286865958051997e-10
8.337748395782898e-10
6.280728351237473e-11
1.235537610625638e-09
-4.413021660234596e-10
1.462325742785692e-09
-2.66067029550665e-10
1.348426117207589e-09
2.33331464077741e-10
1.05938682518678e-09
3.963238555273231e-10
9.179187012010833e-10
-1.53458829490288e-10
6.689235543090589e-10
-8.611727605332814e-10
1.08273322217238e-08
-3.071056808663267e-08
2.874395249892897e-08
-4.182760582906527e-08
5.248283398052502e-08
-5.228786268088855e-08
8.111598456537577e-08
-6.577642601139027e-08
1.141329655419802e-07
-7.749681905205719e-08
1.507350843361785e-07
-8.684057209360793e-08
1.901304902713099e-07
-9.409865980199801e-08
2.317782249798811e-07
-9.997654333511836e-08
2.753983185553524e-07
-1.050048943843887e-07
3.207929525115933e-07
-1.092828017518418e-07
3.675682809631882e-07
-1.122923573377782e-07
4.147983380075769e-07
-1.127863119117371e-07
4.606789559946024e-07
-1.088347053980212e-07
5.022970376439648e-07
-9.819001403049539e-08
5.359605029599933e-07
-7.965169487099538e-08
5.579394867613738e-07
-5.391700563966096e-08
5.691296891026061e-07
-2.979974472222177e-08
5.73471682295637e-07
-1.34013209986271e-08
5.74412232736824e-07
-4.417985695041452e-09
5.739164248751985e-07
-2.40078075740288e-10
5.729809000687867e-07
1.227042340567598e-09
5.721041114447759e-07
1.417693533715052e-09
5.716800854601406e-07
1.28132512156377e-09
1.061620162873815e-09
4.359893962915772e-07
-2.515568416856824e-10
4.671858020640527e-07
-3.620956900374764e-10
4.831095050862324e-07
-4.647858322151238e-11
4.906835713006506e-07
7.982550879237607e-10
4.94837802393809e-07
2.608637854772492e-09
4.973134931767618e-07
6.254474574225073e-09
4.984253128304143e-07
1.305895329032472e-08
4.952005076979378e-07
2.444478776992e-08
4.801677983300305e-07
4.014125082201769e-08
4.510626969313525e-07
5.845726416507688e-08
4.182103257748999e-07
7.426444716242124e-08
3.880564395198402e-07
8.601250527990766e-08
3.634123384331696e-07
9.269675088996609e-08
3.442581993165281e-07
9.346722994785779e-08
3.283082785713634e-07
8.795572492094541e-08
3.104762807453963e-07
7.601072295157693e-08
2.915502208909355e-07
6.474233584310536e-08
2.738221910304428e-07
5.771913278072523e-08
2.571805790452116e-07
5.397658108638483e-08
2.407867245257918e-07
5.274165927881659e-08
2.240019516210868e-07
5.366606645491418e-08
2.06313370042383e-07
5.637151699301036e-08
1.872637604151595e-07
6.035946022125523e-08
1.665068286730998e-07
6.500537856316676e-08
1.439049628378654e-07
6.951554912771277e-08
1.19638591670647e-07
7.286793893638489e-08
9.432614132684798e-08
7.381634842600132e-08
6.911986812123042e-08
7.104032505737654e-08
4.571022542218439e-08
6.372578066592548e-08
2.600780511611533e-08
5.219827226140802e-08
1.087294893611826e-08
4.218822364267475e-08
-4.276470493439893e-10
3.152655783252473e-08
5.983231318790439e-11
2.412070548985381e-10
1.076337473984606e-09
-9.536980479929789e-10
1.780442327437284e-09
-1.145407181118108e-09
2.027285001360319e-09
-5.129098571716977e-10
1.921098654705695e-09
3.395176658952257e-10
1.321625636354019e-09
9.957967366135492e-10
3.12464847516785e-10
8.557018302305029e-10
-2.841537812461385e-10
-2.645542541732482e-10
1.469246671983348e-08
-4.5687188703172e-08
3.522044615391339e-08
-6.235558537290372e-08
6.291416038635717e-08
-7.998157701768321e-08
9.664661114090761e-08
-9.950887686581541e-08
1.347194177568354e-07
-1.155696257639134e-07
1.756595502106877e-07
-1.277807046398579e-07
2.185329788271141e-07
-1.36972088507941e-07
2.629203123401861e-07
-1.44363876934565e-07
3.087887549493418e-07
-1.50873337077686e-07
3.562683803793084e-07
-1.567624272628534e-07
4.053582195703348e-07
-1.613821966084564e-07
4.555397217670687e-07
-1.629678141856317e-07
5.052536475581682e-07
-1.585486312673618e-07
5.512976562179297e-07
-1.442340227691457e-07
5.886712428633403e-07
-1.170252816021453e-07
6.108608146411346e-07
-7.610657750722823e-08
6.196464816291905e-07
-3.858541180954402e-08
6.215972739227848e-07
-1.535211339042928e-08
6.212678564032307e-07
-4.088568251257212e-09
6.203715425334312e-07
6.562357477379213e-10
6.194871361630409e-07
2.111448733092411e-09
6.188478299541202e-07
2.05699983669444e-09
6.186602072592629e-07
1.468947744041637e-09
9.361462477869632e-10
4.359076393475563e-07
-3.615919634566928e-08
4.670043037436648e-07
-3.145876027430899e-08
4.828728660620114e-07
-1.591504109562452e-08
4.90578588281319e-07
-6.907467327163358e-09
4.952907190908133e-07
-2.103493151552028e-09
4.990714149673505e-07
2.473778500056927e-09
5.024309703779043e-07
9.699397681021496e-09
5.020780544768491e-07
2.479770347121622e-08
4.899681183638497e-07
5.225118673380569e-08
4.628431312144792e-07
8.558225111197138e-08
4.319028172944993e-07
1.052047608781095e-07
4.038105923632144e-07
1.141047300054423e-07
3.810863823810805e-07
1.154209606643063e-07
3.63382166568311e-07
1.111714455513908e-07
3.48593906616382e-07
1.027439846616009e-07
3.333727175024402e-07
9.123191185309876e-08
3.174594165076311e-07
8.065563662377904e-08
3.01843643168696e-07
7.333490590502552e-08
2.865477296301269e-07
6.927249440929392e-08
2.711216422259742e-07
6.816774646781504e-08
2.550620504474726e-07
6.972565801828253e-08
2.378531277535482e-07
7.358043947362602e-08
2.189670275886875e-07
7.924556017417182e-08
1.979082456344952e-07
8.606416030878314e-08
1.742922335725389e-07
9.313156098399342e-08
1.479609513090165e-07
9.919922099923993e-08
1.1916715905195e-07
1.026101404868841e-07
8.885022009662426e-08
1.013572638231038e-07
5.903227190001441e-08
9.354372867888529e-08
3.282082482632329e-08
7.840971915934144e-08
1.335647293411312e-08
6.16525753662632e-08
-1.588058707935039e-09
4.647108931476084e-08
4.037322908366563e-10
-1.75058409571923e-09
1.906670760449791e-09
-2.456636660052317e-09
2.013843464319553e-09
-1.252580019138634e-09
1.862323109463743e-09
-3.613896271436719e-10
2.124668511274402e-09
7.717214732142324e-11
2.120684541735189e-09
9.997805980772193e-10
6.695386318693934e-10
2.306847639272697e-09
-1.3109375232609e-09
1.715921807801025e-09
1.695638781934733e-08
-6.39545141326265e-08
4.098852962313032e-08
-8.638772725733108e-08
7.405438453811315e-08
-1.130474320082329e-07
1.129611431162728e-07
-1.384156355149197e-07
1.547140099500805e-07
-1.57322492664811e-07
1.973952987514721e-07
-1.704619935051552e-07
2.401990146096901e-07
-1.797758044271227e-07
2.830396249260128e-07
-1.872044873098708e-07
3.262871976852803e-07
-1.941209098936923e-07
3.705397281620127e-07
-2.010149577957627e-07
4.163873302476915e-07
-2.072297987492225e-07
4.640719993347659e-07
-2.106524833300956e-07
5.128447519528225e-07
-2.073213839446036e-07
5.598772592010261e-07
-1.912665300858297e-07
5.987790340396949e-07
-1.559270565150237e-07
6.180393901660079e-07
-9.536693372631715e-08
6.212957581719121e-07
-4.184177991262045e-08
6.193459058118707e-07
-1.340226115315274e-08
6.176820850912332e-07
-2.424747648138978e-09
6.168243201763262e-07
1.514000538876144e-09
6.164252525748222e-07
2.510516198217143e-09
6.163085323350337e-07
2.173719708513604e-09
6.165453080931645e-07
1.232171654308442e-09
5.345722120640039e-10
4.359200739823455e-07
-7.207927052810415e-08
4.541537204390569e-07
-4.969240693496673e-08
4.571603992866813e-07
-1.892172014325581e-08
4.5725678476711e-07
-7.003853006955694e-09
4.582165122387622e-07
-3.063220822632011e-09
4.60510634507592e-07
1.796560312334823e-10
4.647711034321502e-07
5.438928556000177e-09
4.679405020360066e-07
2.162830466605223e-08
4.60824971719391e-07
5.936671684852325e-08
4.367922195047268e-07
1.096150031236946e-07
4.108559444767548e-07
1.311410357024617e-07
3.892923481585955e-07
1.356683261187881e-07
3.73100564074188e-07
1.316127445433097e-07
3.611354692677792e-07
1.231365401512841e-07
3.513053939450996e-07
1.125740597775185e-07
3.41241282394732e-07
1.012960231959482e-07
3.3032793716753e-07
9.156898164385707e-08
3.188877307069335e-07
8.477511215841324e-08
3.069947326926646e-07
8.116549221770147e-08
2.944729113508649e-07
8.068956760465188e-08
2.810063783738466e-07
8.31921907929138e-08
2.6616511122235e-07
8.842170642487672e-08
2.494144475016765e-07
9.599622369859959e-08
2.301366338160303e-07
1.053419738017341e-07
2.076702893403366e-07
1.155979052725e-07
1.813840608156215e-07
1.254854493417713e-07
1.508421188415647e-07
1.331520822857224e-07
1.161549425722888e-07
1.360444399235164e-07
7.876594249625373e-08
1.30932728594258e-07
4.227112187248943e-08
1.149045396298867e-07
1.518345709411162e-08
8.874024000049133e-08
-1.125870877413089e-09
6.278041715034782e-08
3.38692718514413e-09
-6.263382284638835e-09
3.146125274407954e-09
-2.215834867101849e-09
1.3319147424475e-09
5.616304047201209e-10
5.518761510329864e-10
4.18648864643729e-10
1.35942923290818e-09
-7.303810249796646e-10
3.273247061634774e-09
-9.140373132156722e-10
3.682885384455939e-09
1.897209242232392e-09
-7.573338504094671e-10
6.156140975343597e-09
1.784300656836627e-08
-8.255485461165365e-08
4.818301008953591e-08
-1.16727730832929e-07
8.97808749543485e-08
-1.546452969219451e-07
1.341313537686871e-07
-1.827661143736649e-07
1.776253608329752e-07
-2.008164997696057e-07
2.18793235129309e-07
-2.116298678387315e-07
2.57514615471759e-07
-2.184971848044766e-07
2.942701066566804e-07
-2.239599785275827e-07
3.298681400300857e-07
-2.29718943299368e-07
3.653135428364095e-07
-2.364603606338269e-07
4.01734171080159e-07
-2.436504270273072e-07
4.402610432684731e-07
-2.491793555552814e-07
4.815334771830273e-07
-2.485938179053996e-07
5.244618472095418e-07
-2.341949001662072e-07
5.622071185962736e-07
-1.936723279758577e-07
5.753453617504004e-07
-1.085051769666989e-07
5.714628556569735e-07
-3.795927393957726e-08
5.659449078205499e-07
-7.88431344835778e-09
5.641642488600197e-07
-6.440888520946377e-10
5.6428329097348e-07
1.394958206551748e-09
5.64840973002742e-07
1.952833733551666e-09
5.654090565946661e-07
1.605635655864903e-09
5.661183336529781e-07
5.228941354591423e-10
-1.967714581624056e-10
4.212078275888248e-07
-9.328709827119555e-08
4.092844434121878e-07
-3.776902294938008e-08
3.950412304992152e-07
-4.678507428465024e-09
3.86491176572028e-07
1.546200720402027e-09
3.8186986852265e-07
1.558087026302784e-09
3.79497566702069e-07
2.551957651194647e-09
3.805132546658893e-07
4.423240391150097e-09
3.844377877495989e-07
1.770377138120195e-08
3.88367067451713e-07
5.543743694481925e-08
3.711074321981884e-07
1.26874638175598e-07
3.55911540308084e-07
1.463369273904602e-07
3.470134829982548e-07
1.445663832266082e-07
3.426834802906987e-07
1.359427470485087e-07
3.407837977464669e-07
1.25036222493631e-07
3.39297978976429e-07
1.140598783457029e-07
3.365890358334073e-07
1.040049661382202e-07
3.321874152197109e-07
9.597060205748288e-08
3.263360418766499e-07
9.06264853034055e-08
3.192898671745842e-07
8.821166672329343e-08
3.111523334148937e-07
8.882710117101033e-08
3.018447280961899e-07
9.24997959210261e-08
2.911016184433998e-07
9.916481589153366e-08
2.784712087509456e-07
1.086266332089585e-07
2.633118205314322e-07
1.205013618450084e-07
2.447803318696517e-07
1.341293937634243e-07
2.218187150578385e-07
1.484470659899481e-07
1.931810365362733e-07
1.617897606503075e-07
1.576058454913485e-07
1.716196308198842e-07
1.145794341801523e-07
1.739591397646272e-07
6.597522029578703e-08
1.635087533827357e-07
2.588751344988576e-08
1.288279467233008e-07
1.149498724458296e-08
7.717294324234725e-08
9.237314328386797e-09
-4.005709472910389e-09
2.57197008049611e-09
4.449509286327513e-09
-4.047910859412058e-10
3.538391485557022e-09
-9.670149961322386e-10
9.80872698959926e-10
-4.738613875416147e-10
-1.223534700975945e-09
2.497150321550238e-09
-3.885049080675187e-09
9.423162376545803e-09
-5.02880286349828e-09
1.22337022733564e-08
3.345601035800427e-09
2.6872815139458e-08
-9.719396751380965e-08
6.871462950730333e-08
-1.585695452302399e-07
1.202903839429388e-07
-2.062210513816566e-07
1.675057810165326e-07
-2.299815114663654e-07
2.083799240414811e-07
-2.416906428096527e-07
2.432836040448796e-07
-2.465335478539641e-07
2.732651395815332e-07
-2.484787203503697e-07
2.993631183580222e-07
-2.500579573119809e-07
3.225956055515641e-07
-2.529514305000356e-07
3.440192916272848e-07
-2.578840467182265e-07
3.648527141702668e-07
-2.644838495812951e-07
3.867025023915667e-07
-2.710291437946094e-07
4.116195185925459e-07
-2.735108341324369e-07
4.417048801655165e-07
-2.642802617808079e-07
4.721755258551265e-07
-2.241429737234576e-07
4.70726367509312e-07
-1.070560187055726e-07
4.638477888958325e-07
-3.108069543458682e-08
4.603905505118864e-07
-4.427075202869633e-09
4.616479857195214e-07
-1.90152425704565e-09
4.638102639707354e-07
-7.673203475720807e-10
4.655812380063024e-07
1.818593037880889e-10
4.66775852710923e-07
4.11020156759552e-10
4.675451581577605e-07
-2.464124080955231e-10
-2.046414650639997e-10
3.010925042553429e-07
5.620397264609947e-09
2.701594724608916e-07
-6.83599136292009e-09
2.683779884083703e-07
-2.89702357809769e-09
2.678551913315503e-07
2.068997596486818e-09
2.663712449036229e-07
3.042033254010615e-09
2.642828321045033e-07
4.64037025009062e-09
2.547968636896025e-07
1.390920860601979e-08
2.343898789212398e-07
3.811075594942736e-08
2.248473527523282e-07
6.497996291391963e-08
2.473313323741861e-07
1.043906583539469e-07
2.64378668794073e-07
1.292895907713638e-07
2.805194373502918e-07
1.28425614471386e-07
2.949915691724881e-07
1.214706150282897e-07
3.071651678160365e-07
1.128626236526741e-07
3.164500735674004e-07
1.047749723985454e-07
3.224218335836927e-07
9.803320592738847e-08
3.252812564647968e-07
9.311117898431632e-08
3.256665897465398e-07
9.024115183172178e-08
3.242110395180723e-07
8.966721676536457e-08
3.213588658317098e-07
9.167927467416056e-08
3.173162716353362e-07
9.65423899389559e-08
3.120547756413282e-07
1.044263117114817e-07
3.053202055044709e-07
1.153612031778284e-07
2.966290023238612e-07
1.291925648632652e-07
2.852387937851101e-07
1.455196021471835e-07
2.700873427849643e-07
1.635985168419399e-07
2.497070450867791e-07
1.821700582088729e-07
2.221585615060177e-07
1.991681142689282e-07
1.853294643735025e-07
2.107882367749056e-07
1.385318309158219e-07
2.103063867268331e-07
9.363280067749585e-08
1.737269768581138e-07
6.305380020009309e-08
1.077519436253488e-07
9.812859832216652e-09
4.923523081087262e-08
-1.465753185134385e-09
1.572812222882286e-08
-1.281536530085823e-09
3.354174765897856e-09
-7.227136471845003e-10
4.220497604977245e-10
-1.345322564242268e-09
-6.009258297000789e-10
-1.754359499807046e-09
-3.476012182405062e-09
9.462811221297994e-09
-1.624597361290906e-08
6.490724809610914e-08
-5.209883585970372e-08
9.33087117379794e-08
-1.255954311686087e-07
1.383891635966292e-07
-2.036499970952969e-07
1.855520990906943e-07
-2.533839868758201e-07
2.23207649305447e-07
-2.676370616760747e-07
2.519620092756608e-07
-2.704450027702044e-07
2.736714086090386e-07
-2.682429471740306e-07
2.897735117517665e-07
-2.645808234771041e-07
3.011018935651399e-07
-2.61386339107572e-07
3.08213336858146e-07
-2.60062873775261e-07
3.114575470041373e-07
-2.611282568475877e-07
3.109699583938138e-07
-2.639962609589403e-07
3.067876321083252e-07
-2.668468175036525e-07
2.990047823921296e-07
-2.657279844228408e-07
2.882195632238583e-07
-2.534950426348661e-07
2.68828014072033e-07
-2.047514246163489e-07
2.875909604255995e-07
-1.258189651304143e-07
3.089618793753844e-07
-5.245161448676826e-08
3.208411549978113e-07
-1.630635097799544e-08
3.225275441464504e-07
-3.58791360461099e-09
3.227483884870058e-07
-9.881649736018029e-10
3.235025458864302e-07
-5.722987570761184e-10
3.243258317643421e-07
-4.122668005718735e-10
3.24282637309127e-07
-2.032181844493381e-10
-8.981793715619773e-10
7.025051845142934e-09
-1.404654728266044e-09
-2.795462674768895e-10
4.686065614043575e-10
-2.770114297496648e-09
-4.064557445133037e-10
-1.413463689063041e-09
7.123467900302912e-10
-7.822154669486404e-10
2.410784833519918e-09
-2.719036572455552e-10
4.130058242194721e-09
9.565739514782567e-09
4.071565235824361e-09
5.14195947320076e-08
-3.743099465524213e-09
8.291647250399719e-08
3.348308494442426e-08
1.26258742086746e-07
6.104838857447435e-08
1.726053774111809e-07
8.294295525072432e-08
2.118064337599295e-07
8.922455792768081e-08
2.436619322095815e-07
8.961511638464831e-08
2.689742900413473e-07
8.755026562881669e-08
2.884082081872596e-07
8.534105406215794e-08
3.024835717109848e-07
8.395784221593593e-08
3.120726924383982e-07
8.352205807163469e-08
3.183612181809691e-07
8.39526259076504e-08
3.224333047076668e-07
8.559513006062878e-08
3.250799556313563e-07
8.903262357735434e-08
3.267934907432374e-07
9.48288546585422e-08
3.278129709588697e-07
1.034068313334707e-07
3.28174602345892e-07
1.149995716341877e-07
3.277453792290932e-07
1.296217878308366e-07
3.262442458993972e-07
1.470207353345645e-07
3.23263533871136e-07
1.66579228736436e-07
3.18309969160917e-07
1.871236227932949e-07
3.109128247103091e-07
2.06565258603294e-07
3.007837381429384e-07
2.209173232348737e-07
2.882061074736409e-07
2.228840172990553e-07
2.676661880019527e-07
1.942668962421308e-07
2.844384290357052e-07
9.097970251461858e-08
3.074973451959533e-07
2.617631458333411e-08
3.189862081218297e-07
4.239259246456167e-09
3.201937535763463e-07
2.146629264536136e-09
3.202669162531915e-07
3.488870473649246e-10
3.214179693665649e-07
-1.751978970027431e-09
3.211771750952455e-07
-3.235217928035866e-09
3.102420313063624e-07
-5.310829832303692e-09
2.888552416356899e-07
-3.071204618823685e-08
2.69208689010054e-07
-1.059488785343942e-07
2.871251976585664e-07
-2.215665057274187e-07
2.964512792437656e-07
-2.627100684380659e-07
3.033522270852053e-07
-2.745380094882304e-07
3.076219667977016e-07
-2.747147424482581e-07
3.090857648683313e-07
-2.697067452056739e-07
3.073230547445386e-07
-2.628181133109288e-07
3.01680004757925e-07
-2.557432890764112e-07
2.916297384245699e-07
-2.500126073965643e-07
2.765628242637238e-07
-2.460613426429467e-07
2.554439049727275e-07
-2.42877341627954e-07
2.266765303613234e-07
-2.380794428599227e-07
1.883753496623842e-07
-2.274268037034019e-07
1.400619925929334e-07
-2.051816855616761e-07
9.37417699815683e-08
-1.584312020235611e-07
6.500280062620025e-08
-9.707999582061616e-08
9.363555489464418e-09
3.187630569440365e-09
-1.771285900210785e-09
-5.171509698157947e-09
-1.221823264663732e-09
-4.137376404505699e-09
-2.95747851296367e-10
-1.914240685036788e-09
-5.094405139263412e-12
-8.629526152510489e-10
1.019308656311189e-10
-5.192923852252226e-10
4.178548048684315e-10
-5.191436041722351e-10
-4.803244767368399e-10
3.002313705995291e-10
-1.704886309978911e-09
2.773508684251995e-10
4.91486858100965e-10
-9.422152081431132e-10
8.131101339478091e-10
-1.109790898064842e-09
8.799222837227253e-10
-1.060178308310167e-10
1.407011570715508e-09
2.873594685526718e-09
1.150445530407565e-09
8.450167111910582e-09
-1.505007385659446e-09
9.696354671489217e-09
-4.989287220067854e-09
2.748482101714036e-08
1.56946184044411e-08
6.764603162867491e-08
2.088717776909095e-08
1.166181996189949e-07
3.397078706773684e-08
1.620068566985858e-07
4.383590065642953e-08
2.013768594723329e-07
5.024511342112773e-08
2.341049959752356e-07
5.482212893784123e-08
2.60225069372682e-07
5.922098047940522e-08
2.800374814848574e-07
6.414542992101239e-08
2.945864757826609e-07
6.89730635948746e-08
3.05511858241803e-07
7.302724327310689e-08
3.142910266930328e-07
7.681596143892294e-08
3.219669299538747e-07
8.135672015068014e-08
3.292300330286961e-07
8.756575142401097e-08
3.365354010727973e-07
9.61014631354401e-08
3.441979570870643e-07
1.073370154733189e-07
3.524596985728315e-07
1.213600462053716e-07
3.615573826606769e-07
1.379230511154995e-07
3.718187832045145e-07
1.563178280693323e-07
3.838159287863265e-07
1.751264770977296e-07
3.985933900993988e-07
1.917877971853487e-07
4.177392561409491e-07
2.017714570988368e-07
4.430087111811251e-07
1.976145621739887e-07
4.6973711449914e-07
1.675384928502334e-07
4.670860298183507e-07
9.363078713160717e-08
4.605222517839922e-07
3.274009256518773e-08
4.572740068217797e-07
7.487504166386078e-09
4.579518984088593e-07
1.46873764647581e-09
4.590691735059075e-07
-7.683880705172082e-10
4.597017601917768e-07
-2.38456566568637e-09
4.608717196424645e-07
-4.405177378694646e-09
4.661270569653438e-07
-1.056616714466479e-08
4.736958597311346e-07
-3.828084893434311e-08
4.736171813711999e-07
-1.058702001452855e-07
4.408202835892758e-07
-1.887696079080888e-07
4.08506264530085e-07
-2.303960493331491e-07
3.823270359706594e-07
-2.483587808760292e-07
3.607469549912422e-07
-2.53134661409261e-07
3.415083141131994e-07
-2.504681042625443e-07
3.222854588512506e-07
-2.435952579791212e-07
3.008479180989167e-07
-2.343057482509734e-07
2.759049723404788e-07
-2.250696615632883e-07
2.466217909453754e-07
-2.167781611735245e-07
2.120019217725246e-07
-2.082574723838831e-07
1.709829866486852e-07
-1.970605076718922e-07
1.231914398203819e-07
-1.796352568216146e-07
7.066243668859915e-08
-1.526526823925951e-07
2.773694818321181e-08
-1.155057135001264e-07
1.238812187786825e-08
-8.173116952325247e-08
9.467633434002066e-09
6.10811898180676e-09
2.571046794689277e-09
1.725076874861935e-09
-2.150326680240342e-10
-1.35129703104732e-09
-4.515431546841026e-10
-1.677730286681276e-09
-1.691598275531126e-10
-1.145336202869932e-09
4.972213192769302e-11
-7.381750561834151e-10
9.416505300050417e-11
-5.635861435307732e-10
-3.861598027769253e-10
-8.265091536686341e-10
-8.783772930194881e-10
-3.787230367812374e-10
4.370056113459213e-11
-2.409211932506944e-10
6.753081012318986e-10
-1.60123784061372e-11
6.550132777254729e-10
1.127704968544978e-09
2.632940321005617e-10
2.959703435103561e-09
-6.81553127888332e-10
3.254434447045639e-09
-1.799738589479263e-09
-4.848986463109488e-10
-1.24995431835174e-09
1.838001514014404e-08
-3.170295573490925e-09
4.850164094661648e-08
-9.234448228081585e-09
8.848793154193634e-08
-6.015503717566802e-09
1.302150555744284e-07
2.1087764355026e-09
1.697611282778553e-07
1.069904053074916e-08
2.047728680589472e-07
1.981038897230384e-08
2.33956680019e-07
3.003716833730877e-08
2.566645724155685e-07
4.143753734599821e-08
2.738040806993984e-07
5.183355513605309e-08
2.875261758496978e-07
5.930514795258834e-08
2.99669601628456e-07
6.467253549451469e-08
3.113671956935075e-07
6.96591259259677e-08
3.233432108229706e-07
7.558973614059961e-08
3.36139955556199e-07
8.330471825546048e-08
3.502396360413572e-07
9.323733484824476e-08
3.661192202858784e-07
1.054804618292855e-07
3.842882627406217e-07
1.197540085370826e-07
4.053258072323098e-07
1.352802834633807e-07
4.29903330257071e-07
1.505489539675504e-07
4.587216219877026e-07
1.629695053596399e-07
4.920700570535273e-07
1.684230219475994e-07
5.286652708426899e-07
1.610193483105551e-07
5.618245144742963e-07
1.343792491546962e-07
5.728482058769314e-07
8.260709567672973e-08
5.690767147707123e-07
3.651158362991698e-08
5.64229893316015e-07
1.233432559157953e-08
5.627956079163775e-07
2.90302302754007e-09
5.631593387792397e-07
-1.132118939902148e-09
5.645492201968078e-07
-3.774447078848886e-09
5.67928996043634e-07
-7.784953209222726e-09
5.748201304897511e-07
-1.745730156382212e-08
5.791519716400114e-07
-4.261269004630217e-08
5.641288452761084e-07
-9.084707373300632e-08
5.226051920850725e-07
-1.472459546582005e-07
4.76118534104607e-07
-1.83909391284635e-07
4.330497131697667e-07
-2.052899598637835e-07
3.951689521436689e-07
-2.152539002977562e-07
3.613849804523349e-07
-2.166841324780731e-07
3.293194314172139e-07
-2.115297088447299e-07
2.959932524340325e-07
-2.009795691632648e-07
2.602452894263852e-07
-1.893216984479422e-07
2.219116724741149e-07
-1.784445441121719e-07
1.807740662661005e-07
-1.671198660685866e-07
1.370183250765753e-07
-1.533047663798612e-07
9.211791605363848e-08
-1.347348477055691e-07
4.970726409488604e-08
-1.102420303529709e-07
1.851062878780746e-08
-8.430907813069341e-08
-6.427574502762163e-10
-6.257778324176352e-08
3.764056030893634e-09
1.701305520843199e-09
3.341384747381586e-09
2.147748168341051e-09
1.399924007130914e-09
5.901637016145903e-10
2.847934234358954e-10
-5.625997644737189e-10
-1.558235656224382e-11
-8.449603968036079e-10
-2.104505123814971e-11
-7.327120728282616e-10
-1.831793638129691e-11
-5.663139683915039e-10
-4.044774084333874e-10
-5.637978536490659e-10
-3.145796478656497e-10
-4.370591219656462e-10
-8.30383692200474e-11
4.85950742570333e-11
1.89653714666244e-10
6.237245087270749e-10
7.988365477739472e-11
1.303441653886934e-09
-4.164233012866227e-10
1.556161192279976e-09
-9.342728548090879e-10
5.62236276413262e-10
-8.058138623621631e-10
-9.01058933225347e-10
2.133407022126819e-10
1.679593988650333e-08
-2.086729458213539e-08
4.080124684053814e-08
-3.323975537086826e-08
7.272237324034884e-08
-3.793663030524584e-08
1.087776529814048e-07
-3.394650349250053e-08
1.454354211459846e-07
-2.595872781889659e-08
1.797501259213674e-07
-1.450431598624573e-08
2.093976251846308e-07
3.896688939307242e-10
2.324530763620447e-07
1.83820859915042e-08
2.496834091984256e-07
3.460322212691887e-08
2.641532486651641e-07
4.483530831733671e-08
2.781023228194859e-07
5.072346117731138e-08
2.925038687307993e-07
5.52575798572278e-08
3.078955100725337e-07
6.019809464834536e-08
3.247636102552609e-07
6.643661792884746e-08
3.436414657242973e-07
7.435947924343358e-08
3.651013239332708e-07
8.402060349227593e-08
3.897256969896861e-07
9.51296353618501e-08
4.180591683107581e-07
1.069468120322402e-07
4.505007876408031e-07
1.181073345376564e-07
4.870564252389511e-07
1.264138676712971e-07
5.267739302285627e-07
1.287055168789072e-07
5.667335629729561e-07
1.210597154975431e-07
6.006449162571267e-07
1.004678958138247e-07
6.172946791860919e-07
6.595733270224945e-08
6.200369014161605e-07
3.376936136688076e-08
6.185681255490658e-07
1.380310143737962e-08
6.176536447646629e-07
3.817503803610287e-09
6.177618732741417e-07
-1.240347445702914e-09
6.188325639740303e-07
-4.845137761836276e-09
6.211237030767687e-07
-1.007609228286183e-08
6.241535033016957e-07
-2.048710174642621e-08
6.215074234085463e-07
-3.996661009878191e-08
5.997510872577858e-07
-6.909073751508778e-08
5.550232914093339e-07
-1.025181587310298e-07
5.026549040622738e-07
-1.315410038467527e-07
4.514765517441964e-07
-1.541116074441266e-07
4.051060182362586e-07
-1.688833666772834e-07
3.634856786040445e-07
-1.750637927239522e-07
3.244173582059195e-07
-1.724613883156316e-07
2.840166869222355e-07
-1.605788977415612e-07
2.418984555709106e-07
-1.472034669525587e-07
1.992107133049912e-07
-1.357568016989532e-07
1.564660455331111e-07
-1.243751981480938e-07
1.145129121129032e-07
-1.113516328136793e-07
7.525736067069065e-08
-9.547929612229681e-08
4.169922543468899e-08
-7.668389498613421e-08
1.723629543775791e-08
-5.984614801400945e-08
-1.277559110195944e-09
-4.406392858864098e-08
6.45125178614273e-10
-2.213786745059187e-10
1.983259423145677e-09
8.096140040252727e-10
1.732268175686544e-09
8.411550340424143e-10
9.295178519248113e-10
2.401506855759447e-10
3.484588139028678e-10
-2.639013205598586e-10
8.148608274879956e-11
-4.657395485865332e-10
-4.400802636655524e-12
-4.804262971434875e-10
-4.088783870788067e-10
-2.138671291021572e-10
-1.007126435106157e-10
-1.607473995047371e-10
-1.36158269353809e-10
2.065415396170383e-10
-1.776354054026057e-10
6.274575017157205e-10
-3.410324909613259e-10
8.007797076817618e-10
-5.897456920757569e-10
5.0416214904954e-10
-6.376554818631385e-10
-3.77395738635839e-11
-2.639123260472533e-10
-4.101343312212273e-11
2.166143742623132e-10
1.467625087621421e-08
-3.558455907924697e-08
3.46453523355571e-08
-5.320885701799461e-08
6.079808707173397e-08
-6.40893652291058e-08
9.14772961809176e-08
-6.462571278842138e-08
1.24229049499256e-07
-5.871048132289126e-08
1.563827137066819e-07
-4.665798037715384e-08
1.850002971565712e-07
-2.822791473716448e-08
2.064284220568868e-07
-3.046039086459777e-09
2.214320097036379e-07
1.959963430615251e-08
2.347595782358698e-07
3.150773961611389e-08
2.490746658620431e-07
3.640837338712875e-08
2.64787823052461e-07
3.954442250923847e-08
2.820101255371249e-07
4.297579201239365e-08
3.010748170835374e-07
4.737192623889763e-08
3.224942957058279e-07
5.294000048509201e-08
3.468392842320112e-07
5.967561483898312e-08
3.746400391032933e-07
6.732888037203914e-08
4.062722667901214e-07
7.531458423690646e-08
4.417782891456789e-07
8.260131208317592e-08
4.805802418053895e-07
8.761191492368253e-08
5.210410289014402e-07
8.824472970547035e-08
5.599249593677487e-07
8.217578496583967e-08
5.922644764683402e-07
6.812837865929628e-08
6.116037403749015e-07
4.661806875468831e-08
6.194241659727431e-07
2.594893574035539e-08
6.215525550481308e-07
1.167471234707512e-08
6.219274920111403e-07
3.442566838735271e-09
6.219278434897378e-07
-1.2406989116886e-09
6.2188518340536e-07
-4.80247765116791e-09
6.217465566994105e-07
-9.937465535597608e-09
6.206839340497115e-07
-1.942447904133482e-08
6.131771285103367e-07
-3.24598044888057e-08
5.877571183772737e-07
-4.367072729731372e-08
5.415185013135133e-07
-5.627954156756507e-08
4.878400061004068e-07
-7.78625085202284e-08
4.350753035650572e-07
-1.013469047809973e-07
3.87078470916827e-07
-1.208865338884251e-07
3.441972258974138e-07
-1.32182547550867e-07
3.042731243106482e-07
-1.325372865640676e-07
2.616429126797273e-07
-1.179486859351114e-07
2.174300442072458e-07
-1.029905982963273e-07
1.745965124429233e-07
-9.292326974379778e-08
1.338836601156305e-07
-8.366234562631607e-08
9.603202105402763e-08
-7.349999355562642e-08
6.24552214877315e-08
-6.190249636208162e-08
3.484184469162146e-08
-4.907051799999166e-08
1.448470202908692e-08
-3.948900516897181e-08
-4.138920696924762e-10
-2.916533431486684e-08
5.108603517104554e-11
-6.863566110645811e-10
9.061424353596175e-10
-4.544222279544671e-11
1.247989719172822e-09
4.993079250242771e-10
1.007097379720944e-09
4.810431708320336e-10
5.826117597004484e-10
1.60584550371819e-10
2.528302420801513e-10
-1.359574927870827e-10
7.419701517840223e-11
-3.017934254670302e-10
-3.346809628306229e-10
-6.178984553641555e-12
-9.453386535499183e-11
6.183384915276808e-11
-2.041712959828956e-10
2.285640710180402e-10
-3.443658112591252e-10
3.599354896239611e-10
-4.724040920543473e-10
2.87380617669655e-10
-5.171910031659207e-10
4.795815654858598e-11
-3.982332049655491e-10
-5.090438780185294e-11
-1.65049967214878e-10
1.882354316739504e-10
-2.252563208322304e-11
1.175655616857362e-08
-4.715288000399226e-08
2.798621059295859e-08
-6.943851163108833e-08
4.908474114147642e-08
-8.518789596654736e-08
7.431107606665779e-08
-8.985204790252516e-08
1.022924734386769e-07
-8.669187888288153e-08
1.311800758685735e-07
-7.554558299383462e-08
1.579293321064575e-07
-5.497717115946116e-08
1.764098565803468e-07
-2.152656374217906e-08
1.875555750230016e-07
8.45391568560875e-09
1.985388112966551e-07
2.052450316866971e-08
2.122017190499022e-07
2.274546546563896e-08
2.27877549378797e-07
2.386859201765822e-08
2.451408773782729e-07
2.571246385727222e-08
2.642111516958284e-07
2.830165177261599e-08
2.855868699374064e-07
3.156428210318949e-08
3.098001195070244e-07
3.546236513720529e-08
3.372871469924099e-07
3.984185276414319e-08
3.682572196116986e-07
4.434451150442955e-08
4.02506006194536e-07
4.835252539798103e-08
4.391679146869177e-07
5.095000633938164e-08
4.764430430058626e-07
5.096960130661083e-08
5.114104668819576e-07
4.720836102141123e-08
5.403636117859211e-07
3.917523370025043e-08
5.595108659195108e-07
2.747081457882054e-08
5.694603076811486e-07
1.599949395096552e-08
5.736115382668232e-07
7.523481747635069e-09
5.748577065612361e-07
2.196398546279437e-09
5.745909597730495e-07
-9.739521064612821e-10
5.73055863722978e-07
-3.26738156725231e-09
5.70074770190578e-07
-6.956371953309e-09
5.65758672594065e-07
-1.510838137731298e-08
5.563820590943503e-07
-2.308319090490621e-08
5.306341146744954e-07
-1.792278277529829e-08
4.847249132848907e-07
-1.037034005897104e-08
4.336660401116817e-07
-2.680363521012807e-08
3.847101534987662e-07
-5.23910180147455e-08
3.406213944104202e-07
-7.679777462959987e-08
3.018326685239009e-07
-9.339382147851984e-08
2.664873092159743e-07
-9.719192705476632e-08
2.260302043318424e-07
-7.74915808363787e-08
1.842885304649249e-07
-6.124892420203173e-08
1.455709981696418e-07
-5.420573721143931e-08
1.100863809042696e-07
-4.817772811519379e-08
7.805985563950881e-08
-4.147346804031095e-08
5.027316113879893e-08
-3.411580160737976e-08
2.728089537444806e-08
-2.607825198166922e-08
1.020231209293505e-08
-2.241042163409371e-08
2.250619173880795e-10
-1.918808388705167e-08
3.754820479087657e-10
-8.367764876891704e-10
4.774990864704612e-10
-1.474590071452129e-10
6.769037505874442e-10
2.999035288244303e-10
7.229467117249118e-10
4.350005207418777e-10
5.718769761080061e-10
3.116545164642662e-10
3.456527617999643e-10
9.026673145177399e-11
1.444712474126183e-10
-1.00610993314979e-10
-1.902097641422245e-10
6.813105804553519e-11
-1.62665038334993e-10
1.260918211224578e-10
-2.621322232279919e-10
1.510006536142327e-10
-3.692748199545384e-10
1.07046709297753e-10
-4.284503277512885e-10
-1.610501777643098e-11
-3.940394582132784e-10
-1.274575461240247e-10
-2.868808607590692e-10
-1.034024716599438e-10
-1.891052278770898e-10
2.155928410678194e-11
-1.4748757601211e-10
8.543545323083809e-09
-5.567486623298749e-08
2.070705714290942e-08
-8.160202364242218e-08
3.636778223603278e-08
-1.008486212524267e-07
5.530059373327128e-08
-1.087848595930547e-07
7.702018492117218e-08
-1.084114702642759e-07
1.009433130257925e-07
-9.94687112911307e-08
1.24906104814862e-07
-7.893996314004462e-08
1.39127338419398e-07
-3.574779753584734e-08
1.474050544594145e-07
1.761994591951345e-10
1.569690278763448e-07
1.096052956951026e-08
1.694280584126468e-07
1.028643475148033e-08
1.833907709112368e-07
9.90587934709073e-09
1.985540326817014e-07
1.054920192077627e-08
2.152126142887189e-07
1.164307000706054e-08
2.337862230466574e-07
1.29906731941357e-08
2.546575139805437e-07
1.459107406121349e-08
2.780935792510608e-07
1.640578736034497e-08
3.041433528223375e-07
1.829473781034859e-08
3.324960245422045e-07
1.999985356551804e-08
3.623183622182021e-07
2.112766856274901e-08
3.921217461896291e-07
2.116621724619005e-08
4.197475559748952e-07
1.958255116069449e-08
4.427424167135121e-07
1.618037289938988e-08
4.588852328458817e-07
1.132799839945972e-08
4.683421424877479e-07
6.542584276967967e-09
4.72904391558078e-07
2.9612326621539e-09
4.743133680505598e-07
7.874220551298617e-10
4.734977683017409e-07
-1.58352337694302e-10
4.704596788028884e-07
-2.292920304671402e-10
4.648128107873596e-07
-1.309503879836262e-09
4.574776184397695e-07
-7.773188952565976e-09
4.480792669066079e-07
-1.368483927359325e-08
4.279621223858961e-07
2.194361863577755e-09
3.868664660466307e-07
3.072531641995764e-08
3.443410797612982e-07
1.572175123503692e-08
3.048031524219766e-07
-1.285309049422912e-08
2.686577774529263e-07
-4.065239945968034e-08
2.363806393144628e-07
-6.111668311879512e-08
2.071813060250133e-07
-6.799259352580413e-08
1.697698842631778e-07
-4.008015881659689e-08
1.375625167477873e-07
-2.904155641308464e-08
1.092603124821086e-07
-2.590353265709832e-08
8.347160905491184e-08
-2.238902438767149e-08
6.016603002813108e-08
-1.816788870263324e-08
4.004032322126513e-08
-1.399009448253868e-08
2.344573356661747e-08
-9.483662002695923e-09
9.745782826004226e-09
-8.710470564797735e-09
1.200111307503982e-09
-1.064241203466759e-08
5.148207454794827e-10
-1.51485585688763e-10
2.307790502111089e-10
1.365830430380626e-10
2.79919973737887e-10
2.507629683883638e-10
4.03214484272136e-10
3.117063430081049e-10
4.230808032209933e-10
2.917886081986567e-10
3.239597946100495e-10
1.893884121186313e-10
1.62025554913423e-10
6.132314494435773e-11
-2.818376621349678e-11
6.106334971037121e-11
-2.237285974931667e-10
8.535146830989263e-11
-2.864205342403632e-10
4.470656006376521e-11
-3.286300945779853e-10
-5.093629561572054e-11
-3.32807653927003e-10
-1.593858602665635e-10
-2.855900769301015e-10
-2.271150791090602e-10
-2.19151827552108e-10
-2.416405332782645e-10
-1.745799619824548e-10
-2.461027997952487e-10
-1.430255005024286e-10
5.277088328667754e-09
-6.119805755505194e-08
1.302566069940214e-08
-8.935059620920054e-08
2.246961202870712e-08
-1.102925727798103e-07
3.335091143764015e-08
-1.196661592017574e-07
4.502530298677519e-08
-1.200858620141249e-07
5.691610538753789e-08
-1.113595138931124e-07
6.736548514359221e-08
-8.938934309680593e-08
8.524597097060887e-08
-5.362828356257145e-08
9.776339556005754e-08
-1.234122532772554e-08
1.102068271408226e-07
-1.482902206017128e-09
1.195233585638184e-07
9.699031378717632e-10
1.287357985427296e-07
6.934391820303774e-10
1.390140340273731e-07
2.709662559959241e-10
1.505242288576042e-07
1.328750028945516e-10
1.633928717869795e-07
1.220300986778948e-10
1.778258917993654e-07
1.580538906725885e-10
1.939916479053411e-07
2.400311059095396e-10
2.119085933339502e-07
3.77792242961268e-10
2.313428002904224e-07
5.656464818656679e-10
2.517013147852249e-07
7.691539522886801e-10
2.719532249861134e-07
9.143069432583806e-10
2.906388907707833e-07
8.968852874867322e-10
3.061914077156443e-07
6.278558817819321e-10
3.173722185510169e-07
1.471875069882301e-10
3.24202379309467e-07
-2.875765205135941e-10
3.276211459980562e-07
-4.575340476419093e-10
3.287168183991296e-07
-3.08250346869337e-10
3.284047758223981e-07
1.536902579918623e-10
3.272607867267991e-07
9.146971063479789e-10
3.232164981416775e-07
2.734784768166318e-09
3.05724068336141e-07
9.719240939701293e-09
2.664238114469732e-07
2.561541772534698e-08
2.408173814043293e-07
2.780079204092415e-08
2.367085918157123e-07
3.483410616705251e-08
2.222920054781778e-07
3.013833775647534e-08
2.019889651225771e-07
7.449950069176993e-09
1.76484072467635e-07
-1.514750657185984e-08
1.469036878951811e-07
-3.153629829032371e-08
1.114787770847395e-07
-3.256768243547971e-08
9.852316757195283e-08
-2.712454900260984e-08
9.433883101735787e-08
-2.485721953595033e-08
7.874707939495925e-08
-1.031178069399561e-08
6.005954329180671e-08
-3.701487926359552e-09
4.318974120304637e-08
-1.298086241715222e-09
2.92914590181562e-08
-9.181191240574019e-11
1.966482460490018e-08
1.429728060949393e-10
1.144178494828936e-08
-4.874305019990767e-10
2.309212361032535e-09
-1.509839030754999e-09
5.157807535848203e-10
1.641946451199974e-09
9.54354472201537e-11
5.569287897234903e-10
1.107039250274438e-10
2.354949461624807e-10
2.082564676759437e-10
2.141542881438969e-10
2.648416305290413e-10
2.352038526023646e-10
2.363776649968294e-10
2.178525773790041e-10
1.316509996280578e-10
1.660507971421457e-10
1.034673210518196e-10
2.324861205627103e-11
-2.469773183233127e-10
1.349606631219026e-11
-2.76668151422126e-10
-4.490513962148904e-11
-2.702290658749752e-10
-1.35047877383808e-10
-2.42665098394507e-10
-2.247673184762774e-10
-1.958708212537035e-10
-2.979300969229887e-10
-1.459892377430172e-10
-3.690879680730466e-10
-1.034222828284964e-10
-4.517176918791699e-10
-6.039597221535879e-11
2.445931977856294e-09
-6.409570742376552e-08
6.231907672438161e-09
-9.313657210617917e-08
1.004555686902878e-08
-1.141062221819383e-07
1.34451869993006e-08
-1.230657895403294e-07
1.528024053049215e-08
-1.219209157559291e-07
1.449039768091334e-08
-1.105696712557555e-07
1.301684381086193e-08
-8.791578944001466e-08
1.466413035057359e-08
-5.527557031564106e-08
6.059405523230655e-10
1.716964257714675e-09
-9.631269987070659e-10
8.616513403453946e-11
-2.019706111842975e-10
2.08746541788965e-10
9.756319748236787e-11
3.939051687011512e-10
5.425899846742403e-11
3.142702547468815e-10
-1.866062798368577e-11
2.057944351564823e-10
-6.482987519625691e-11
1.681991581944036e-10
-1.038550273092109e-10
1.970788634598213e-10
-1.418914850599798e-10
2.780673930496869e-10
-1.66903152738793e-10
4.028037508345986e-10
-1.565102653847237e-10
5.552534457955596e-10
-8.665146789638586e-11
6.992950194806791e-10
5.145277305692701e-11
7.76202580617019e-10
2.274121381461122e-10
7.209258168581161e-10
3.53178779393259e-10
5.020891513294195e-10
3.15811207738313e-10
1.845550084526577e-10
1.244397374338315e-10
-9.620510129997607e-11
-1.321407619011936e-10
-2.009535775571066e-10
-3.799031384181815e-10
-6.0487977855077e-11
-5.707036680655332e-10
3.444908045707008e-10
-6.991473988952498e-10
1.043140878206342e-09
2.830516187737407e-10
1.752585818142342e-09
9.986229436191598e-09
1.60632159268567e-11
4.441570040493104e-08
-8.814053121501358e-09
7.224503334716812e-08
-2.854075211751518e-11
9.222297869931246e-08
1.485616099338969e-08
1.063504851444633e-07
1.601083151775391e-08
1.062340381354145e-07
7.566397314249414e-09
9.378421801881057e-08
-2.69768619137447e-09
7.246787982851969e-08
-1.021995980712721e-08
5.058081206257212e-08
-1.068061434986883e-08
3.071946258979498e-08
-7.263199182847592e-09
5.738824361784037e-09
1.234190634325009e-10
-4.818452966924018e-10
-4.091110640008841e-09
-9.574808044490002e-10
-3.225852002449092e-09
-6.263693050488025e-10
-1.629197305122696e-09
-5.646286676994428e-11
-6.617178982090256e-10
4.296795694698737e-10
-3.431691615286465e-10
7.668146490158991e-11
-1.344319140056254e-10
-1.342769084739691e-09
-9.038798218998159e-11
3.228152698570733e-11
2.668963548298886e-10
1.914188251408314e-10
3.977920288948427e-10
1.413547041171939e-10
2.855596169805641e-10
1.364113961849168e-10
2.19098112673345e-10
1.541258804125672e-10
2.174899275109388e-10
1.431080879244533e-10
2.288711607588514e-10
8.391815283905912e-11
2.252409143941961e-10
1.873859399857727e-10
-1.337489065602039e-11
-2.336026469138575e-10
-4.68504869698389e-11
-2.431927531627419e-10
-1.046348416683765e-10
-2.124448987188346e-10
-1.776261647818424e-10
-1.696739622016472e-10
-2.534880658451375e-10
-1.200091094928786e-10
-3.311783933216998e-10
-6.829910288225003e-11
-4.175746190063184e-10
-1.702625372197313e-11
-5.021051705252293e-10
2.413437855429681e-11
5.906359225913008e-10
-6.518844872198789e-08
1.813853274918118e-09
-9.435978966788431e-08
2.369443192182569e-09
-1.1466181231283e-07
2.208538150501933e-09
-1.229048847161779e-07
7.71834382953593e-10
-1.204842122094598e-07
-2.118037419057314e-09
-1.076797996778359e-07
-3.844453854495273e-09
-8.618937323102697e-08
7.308301030478037e-10
-5.985085450128569e-08
6.942049100107249e-10
1.75358922193408e-09
-1.342785498958042e-10
9.146483652335917e-10
-2.416851034453879e-10
3.161528680747236e-10
-7.625111195682209e-11
2.284709521454832e-10
-6.959787342691629e-12
2.449787089044104e-10
-3.178127297357465e-11
2.306157041375083e-10
-8.463126539014563e-11
2.210489404894502e-10
-1.369019195747126e-10
2.493493147635543e-10
-1.773706767813078e-10
3.18535956866219e-10
-1.910794901286331e-10
4.165123809579183e-10
-1.574808510716559e-10
5.216546362083444e-10
-6.068324753831426e-11
6.024972587338195e-10
9.281807072011364e-11
6.227011212238472e-10
2.5749317189842e-10
5.56250591170999e-10
3.509178399216219e-10
4.086643783557202e-10
3.077628365356998e-10
2.277099268751599e-10
1.286407792577632e-10
8.291689400091459e-11
-1.190012297278882e-10
4.668839267026024e-11
-3.391386675484342e-10
1.596494473694552e-10
-3.690890496033447e-10
3.744412001525306e-10
2.624077447741966e-10
4.116441262609137e-10
2.538524002694565e-09
-5.235303688008226e-10
5.900853040632862e-09
-3.34626571994849e-09
3.050822440110317e-09
-5.964022388536443e-09
4.634516024400547e-09
-1.612234171346912e-09
2.129130114610448e-08
-1.800623931748859e-09
3.767954096681443e-08
-3.774080729296731e-10
4.366853530488851e-08
1.577403238175738e-09
3.939538057424424e-08
1.575468834765888e-09
2.751516470331841e-08
1.660256390831187e-09
1.508488373075076e-08
1.74966698225872e-09
7.901056035963611e-09
-7.937109856914571e-11
5.683122719868914e-09
2.341352799111253e-09
1.527836728726088e-09
6.417579752438738e-11
-3.300770287994048e-10
-1.367937772374089e-09
-5.876798825273892e-10
-1.371593956297408e-09
-3.246268953971672e-10
-9.247703685745288e-10
-1.698806791450315e-10
-4.979148417867921e-10
-1.999217901038147e-10
-1.043902476664523e-10
-3.997939021371492e-10
1.094847050779412e-10
-1.742609737214961e-10
4.136402307572394e-11
5.489841977469738e-11
1.686332505692354e-10
1.140564539160757e-10
2.264022134070466e-10
1.069644737779316e-10
2.26190742199692e-10
9.515922761514233e-11
2.292957512656351e-10
7.857464371011087e-11
2.454561458288314e-10
4.478847751156305e-11
2.590281076798756e-10
2.321746541843877e-10
-3.673343098865776e-11
-1.968693205927223e-10
-8.302139239519346e-11
-1.969049575066628e-10
-1.364936744685283e-10
-1.589727992903349e-10
-1.949394310737841e-10
-1.112283944932024e-10
-2.560711472426475e-10
-5.887758630366891e-11
-3.191899587482932e-10
-5.180488608145874e-12
-3.798472681519632e-10
4.363085396475613e-11
-4.23518312339306e-10
6.780521610546101e-11
-3.192684901085334e-10
-6.52926987558468e-08
-3.85358554530283e-10
-9.4293699820395e-08
-1.121523291637449e-09
-1.139256477977872e-07
-2.1033938387784e-09
-1.219230143962472e-07
-3.190762321808109e-09
-1.193968439583781e-07
-3.910347806018938e-09
-1.069602144299942e-07
-3.20808511484512e-09
-8.689163616234539e-08
-1.801331353443393e-09
-6.125760850600501e-08
-3.121508474691159e-10
2.644084703236951e-10
2.294807408296029e-11
5.795491968517344e-10
-6.595097588141643e-11
4.050516709442294e-10
-9.049280158148768e-11
2.530125320052786e-10
-6.653938421517322e-11
2.21025047962756e-10
-6.839450478195283e-11
2.324705853407105e-10
-1.008117650580554e-10
2.534659666769508e-10
-1.408735186240034e-10
2.894108418760255e-10
-1.672097698466402e-10
3.448719903494257e-10
-1.624032736686246e-10
4.117056784787096e-10
-1.130658987549938e-10
4.723170674798378e-10
-1.644185152187105e-11
5.058730331788692e-10
1.100843946425045e-10
4.961747131912484e-10
2.259721812899861e-10
4.403626622929701e-10
2.812494056476826e-10
3.533870322157472e-10
2.464125400819053e-10
2.625466943459689e-10
1.32676009381308e-10
1.966533508780183e-10
5.791915560135886e-12
1.735724401030472e-10
-4.620826442989473e-12
1.700621707021241e-10
3.046724832034838e-10
6.514790253500563e-11
1.100758740123311e-09
-3.844420879993801e-10
1.888422797288662e-09
-1.311194349946863e-09
5.554165483872454e-10
-2.01325936210466e-09
-4.509745700524516e-09
-8.988599953347712e-10
-3.752202505275966e-09
-2.369777187784519e-09
1.564370180596536e-09
-7.11719640215561e-09
8.560446248858584e-09
-7.373483890281783e-09
1.236376643133316e-08
-2.225916656168948e-09
1.174354760739147e-08
2.19568798242474e-09
7.738914298951947e-09
5.664890059862386e-09
3.665997929139657e-09
5.822583747338912e-09
1.062307946015806e-09
2.524319315057541e-09
2.611195087748504e-09
7.924661201665891e-10
1.889311520817879e-09
7.860598591267661e-10
5.892839147641076e-10
-6.790964333415047e-11
-1.318541560734775e-10
-6.504553352634821e-10
-3.356193224607453e-10
-7.210046280314607e-10
-3.446266771897566e-10
-4.889068896334789e-10
-2.596818713794688e-10
-1.893344333965536e-10
-1.47242924654373e-10
-2.953598440928518e-12
-1.20522464979206e-10
1.464422930650076e-11
-2.522444845582731e-11
7.3335926579958e-11
4.796912264289376e-11
1.53209350971313e-10
6.826580265325473e-11
2.05894736511398e-10
6.03453627104249e-11
2.372168703922201e-10
4.37957472496138e-11
2.620066398236425e-10
2.277609657794791e-11
2.800482429443176e-10
2.549512193028111e-10
-4.668704070101822e-11
-1.501825137450418e-10
-9.716434757594085e-11
-1.464278579275551e-10
-1.456787070027492e-10
-1.104586350618498e-10
-1.919199290112055e-10
-6.49873671509392e-11
-2.350857080897628e-10
-1.571200479178859e-11
-2.717186412424514e-10
3.145224291036631e-11
-2.946018853060529e-10
6.651389150482328e-11
-2.985725778867385e-10
7.177569686302114e-11
-6.0465276062709e-10
-6.498661879065146e-08
-1.159138330006787e-09
-9.373921447438656e-08
-2.175437089714115e-09
-1.129093492675689e-07
-3.044335927117399e-09
-1.210541157942518e-07
-3.400207674754494e-09
-1.190409724520515e-07
-2.825565483573508e-09
-1.075348568679237e-07
-1.519682476954229e-09
-8.819751942079964e-08
-1.151865067860131e-09
-6.162542617123987e-08
-6.741556222505099e-10
-2.133012350026091e-10
-2.21024099512814e-10
1.264174118844549e-10
-8.133994401382216e-11
2.653672520354038e-10
-8.015569479984774e-11
2.51828019355339e-10
-8.872607832340817e-11
2.29595169881007e-10
-9.531238025149269e-11
2.390566288102683e-10
-1.102015617516131e-10
2.683548952328172e-10
-1.27685227138451e-10
3.068942612540351e-10
-1.328295804929757e-10
3.500161074455939e-10
-1.121269656503351e-10
3.910028385792623e-10
-5.939613556786721e-11
4.195860266935966e-10
2.024546648407428e-11
4.262312361658353e-10
1.089208334409558e-10
4.074991703592626e-10
1.807150446264687e-10
3.685682955506116e-10
2.137387048667888e-10
3.203632401174612e-10
2.041237264063823e-10
2.721615656306798e-10
1.770501521825632e-10
2.237268458820667e-10
1.946795269138778e-10
1.559430147638779e-10
3.439562360894159e-10
2.078544258545034e-11
6.554291057598085e-10
-2.463249541293699e-10
9.002597282250038e-10
-6.292726627374377e-10
4.247351207306074e-10
-8.35669660112837e-10
-1.266970753858742e-09
-3.215533680913501e-10
-2.998386391629707e-09
8.325557984499592e-10
-1.997743471222791e-09
-3.370419913428077e-09
-2.047643317326813e-09
-7.067296323411445e-09
-1.603942341210971e-09
-7.817184594018206e-09
-6.081962952251796e-10
-3.221662391287499e-09
1.107054722002816e-12
1.586384983253293e-09
2.769414862189346e-10
5.389056017292957e-09
4.025739213865223e-10
5.696951740070348e-09
-4.404751606885617e-11
2.970941216927498e-09
8.060583208067335e-10
-5.763921591112925e-11
1.185521044001751e-09
4.065976698402815e-10
8.222447739930752e-10
2.953671925783345e-10
2.703932880121377e-10
-9.860325492176089e-11
-1.028182021070235e-10
-3.477925164894206e-10
-2.404995085474752e-10
-3.512249367204032e-10
-2.042652915106076e-10
-2.255679787807868e-10
-1.074278674471781e-10
-9.979032604088171e-11
-7.12618988890222e-11
-2.152101612095569e-11
-3.732389716593078e-11
3.939867189021664e-11
4.562690746515223e-12
1.11323523111197e-10
3.035412029986306e-11
1.801040711307058e-10
3.452908613824337e-11
2.330426146320209e-10
2.628880816817378e-11
2.702475016163601e-10
1.351946052151953e-11
2.928186007837567e-10
2.684710526752327e-10
-4.710495836948757e-11
-1.030776551063531e-10
-9.538835246739737e-11
-9.81446325275343e-11
-1.374169517664322e-10
-6.843022430725734e-11
-1.718692002647734e-10
-3.053531432819048e-11
-1.968142197598406e-10
9.2328143193228e-12
-2.085668446230709e-10
4.320466266199262e-11
-2.038303691024787e-10
6.177720571372868e-11
-1.869798326779025e-10
5.492494451690321e-11
-5.90560310150773e-10
-6.458303853505988e-08
-1.227028541952507e-09
-9.310274647089352e-08
-2.133325803956716e-09
-1.120030522403488e-07
-2.747625151157241e-09
-1.204398166885206e-07
-2.75430679493067e-09
-1.190342910562011e-07
-1.964616524426156e-09
-1.083245473926719e-07
-8.679903655496268e-10
-8.929414583966644e-08
-4.637352527532322e-10
-6.202968154930979e-08
-5.273384496500264e-10
-1.496983077170194e-10
-3.540022909066895e-10
-4.691901967900187e-11
-1.90182709175682e-10
1.015473954510717e-10
-1.217720517485658e-10
1.834170867247261e-10
-1.072930410247153e-10
2.151158850477355e-10
-1.069955067243298e-10
2.387588237528992e-10
-1.080634710041485e-10
2.694225937669957e-10
-1.052843303464182e-10
3.041148626373072e-10
-9.161203811592766e-11
3.363435668222058e-10
-6.086784608948779e-11
3.602584108929273e-10
-1.246643542699642e-11
3.711843948850531e-10
4.669379923065456e-11
3.670707982622659e-10
1.044056266225424e-10
3.497871592729219e-10
1.490894202761644e-10
3.238843411718012e-10
1.771958604708981e-10
2.922566635684522e-10
1.986828447573819e-10
2.506744726413401e-10
2.383632404926733e-10
1.84046370154563e-10
3.264516993090188e-10
6.785450768754211e-11
4.630111910015811e-10
-1.157740649684169e-10
5.503178686963841e-10
-3.336316125828046e-10
3.623370189036728e-10
-4.412917583380947e-10
-2.612161389290296e-10
-2.121164099279644e-10
-9.638433626005507e-10
3.810739855552997e-10
-9.357681348360843e-10
8.044807403523042e-10
-9.280434909917209e-10
-3.378144348407451e-09
-2.514256895088404e-09
-5.481082669479652e-09
-4.454250225004454e-09
-5.877190974144237e-09
-4.879469604896045e-09
-2.796442679895361e-09
-4.019826813902358e-09
7.267425640254449e-10
-2.130326022296861e-09
3.499555638626589e-09
-4.245481558485458e-10
3.991174325840689e-09
2.247048127332086e-10
2.321688739955785e-09
2.574776248480857e-10
-9.041149977458808e-11
5.351535274362364e-10
1.289223312196372e-10
6.091046017070536e-10
2.214167145546122e-10
4.095686092850476e-10
1.00933364380713e-10
1.386507971667509e-10
-7.68740498660985e-11
-3.794518577231146e-11
-1.746282724192975e-10
-8.898384405138835e-11
-1.745286131624306e-10
-7.032937709345476e-11
-1.184440589074877e-10
-4.632534129891562e-11
-4.552429184804882e-11
-2.968302392712604e-11
2.275714187336981e-11
-1.016495198053883e-11
9.180625689687019e-11
8.369096243585653e-12
1.615707964466113e-10
1.79945866352574e-11
2.234178647448548e-10
1.768600113476993e-11
2.705569868224973e-10
1.056203377065263e-11
2.999433206117786e-10
2.790335225205823e-10
-4.184107155090507e-11
-6.123683226451139e-11
-8.359483245824794e-11
-5.639108690550218e-11
-1.173853086480905e-10
-3.463994902207583e-11
-1.407034923293668e-10
-7.217330669841553e-12
-1.512623063078424e-10
1.979142541223004e-11
-1.474539631876524e-10
3.939611239336059e-11
-1.308674299209496e-10
4.519046024487556e-11
-1.100623183846573e-10
3.41196150973659e-11
-4.782770296362042e-10
-6.421482404778593e-08
-1.031934512203357e-09
-9.254908921873148e-08
-1.730503187275541e-09
-1.113044838024337e-07
-2.147031916017681e-09
-1.200232882037022e-07
-2.069919684081166e-09
-1.191114035388421e-07
-1.45217609613049e-09
-1.089422912377998e-07
-6.71849477566288e-10
-9.007447272153313e-08
-2.269241699972724e-10
-6.247460712555309e-08
-3.303417427770391e-10
-4.628100820411336e-11
-3.276257666551331e-10
-4.963527248125229e-11
-2.486230127148976e-10
2.254436290951019e-11
-1.74887126144329e-10
1.096809210507414e-10
-1.340084061794982e-10
1.74236887572976e-10
-1.139201982506086e-10
2.186703416441624e-10
-9.890575960034288e-11
2.544078869111815e-10
-8.021163289169448e-11
2.85420475655085e-10
-5.363167187698204e-11
3.097633565343635e-10
-1.79625698704423e-11
3.245890726587684e-10
2.447022708805335e-11
3.287513780534832e-10
6.823861636787621e-11
3.233022074414733e-10
1.075746584417133e-10
3.104509373295747e-10
1.404251527978646e-10
2.91033690380217e-10
1.713671774825571e-10
2.613145090600158e-10
2.108818505299272e-10
2.111596978147466e-10
2.684245501163463e-10
1.265035997119855e-10
3.362953095456778e-10
-1.629063291970878e-14
3.683665339749892e-10
-1.478452938107006e-10
2.813886957267543e-10
-2.466537436273569e-10
3.05716954888493e-11
-1.904746901239518e-10
-2.503298718909576e-10
6.878526296088112e-11
-2.686185520689845e-10
3.993628105954266e-10
-1.708749212273754e-11
5.529498645375266e-10
-7.438206322389774e-10
-2.651410983374152e-09
-2.383344506078511e-09
-3.841558530350901e-09
-4.669356223865414e-09
-3.591178949477146e-09
-5.516652924075634e-09
-1.949145631987231e-09
-4.717576642111801e-09
-7.233332860836317e-11
-2.487778928875005e-09
1.269758355054752e-09
-3.54251990347965e-10
1.857647857506278e-09
3.694101884836779e-10
1.598027069780118e-09
1.362155962180207e-10
1.427836388547739e-10
2.30735224955042e-10
3.440328361147814e-11
3.772149044619376e-10
7.493764925127977e-11
3.865696581269003e-10
9.157925474234637e-11
2.721481271331867e-10
3.754815339490347e-11
1.341635967457364e-10
-3.664304350778867e-11
3.863073501259503e-11
-7.89950263802802e-11
-5.750581697966469e-12
-7.406199062807123e-11
-1.735546018583199e-11
-3.391863412015574e-11
-1.641944125820191e-11
2.182192845588287e-11
-8.792346963899221e-12
8.417997821970128e-11
2.671501090566644e-12
1.50107752996351e-10
1.227665963240677e-11
2.138134805950141e-10
1.535820476261656e-11
2.674761529644602e-10
1.058059771161876e-11
3.047218385006078e-10
2.896145885527708e-10
-3.383083358081219e-11
-2.740608865987204e-11
-6.685565987075656e-11
-2.336642780522112e-11
-9.183409058044039e-11
-9.661708020114369e-12
-1.060564630558967e-10
7.004844434088158e-12
-1.080127220211104e-10
2.174748228292894e-11
-9.83986763719299e-11
2.978186015764769e-11
-8.14304909483298e-11
2.822206322090938e-11
-6.522785525543032e-11
1.791676246637932e-11
-3.582502892508392e-10
-6.392180183656574e-08
-7.859703154424482e-10
-9.212136942146811e-08
-1.287673877726963e-09
-1.108027804754809e-07
-1.569209981075274e-09
-1.197417523421427e-07
-1.498080749046463e-09
-1.191825330190671e-07
-1.079015762056101e-09
-1.093613564790839e-07
-5.418428241135831e-10
-9.06116459194034e-08
-1.799656800158162e-10
-6.283648453457165e-08
-2.216006745325685e-10
-4.646282647404995e-12
-2.541417070507509e-10
-1.709451162133554e-11
-2.402197108482857e-10
8.622093629001326e-12
-1.973666773738635e-10
6.682761498057293e-11
-1.537555687254276e-10
1.306255084774765e-10
-1.190088679309046e-10
1.839233749819254e-10
-8.911790896035204e-11
2.245166686309415e-10
-5.818520213145367e-11
2.544875189220064e-10
-2.340959943792505e-11
2.749875155028835e-10
1.470181366887106e-11
2.864774358665597e-10
5.344160684962774e-11
2.900113780203271e-10
8.956657736010001e-11
2.871770500235884e-10
1.214193089310223e-10
2.785980408306835e-10
1.505366251170865e-10
2.619162341789316e-10
1.811417138243046e-10
2.307093070024169e-10
2.161147663144479e-10
1.761865612408156e-10
2.492057283483453e-10
9.341258425125165e-11
2.572040143663611e-10
-8.014597228373857e-12
2.041899302790694e-10
-9.483119644067899e-11
7.499410555641912e-11
-1.174578699805004e-10
-6.814025602750652e-11
-4.734024332082762e-11
-7.666250632676329e-11
7.730763619182946e-11
1.476624071051099e-10
1.75038058140069e-10
4.38934213195078e-10
2.616782585785592e-10
4.83805027069394e-11
-2.260857033564028e-09
-1.424934667449766e-09
-2.368243080838794e-09
-3.437060253940586e-09
-1.579053043859456e-09
-4.323223387604376e-09
-1.062982138882584e-09
-3.966707230895017e-09
-4.288490862322571e-10
-2.534453433420751e-09
-1.624950035984913e-10
-8.102873131506192e-10
1.334822144870253e-10
1.466064040061042e-10
6.411338676513124e-10
1.280795117342974e-10
1.61311081739239e-10
1.860154959583765e-10
-2.35321159881411e-11
2.821222900991772e-10
-2.116852918745356e-11
3.387215726574038e-10
3.498061701005733e-11
3.154743883599679e-10
6.0796008977641e-11
2.339784471010045e-10
4.485359459529645e-11
1.394367810228777e-10
1.554736235879055e-11
6.481027806891989e-11
5.65261258129829e-13
2.10092119717067e-11
9.883206238932592e-12
2.391115712348228e-12
4.044082489459007e-11
9.161465573860075e-14
8.648029815456749e-11
6.624213314966901e-12
1.435759466553853e-10
1.463623759380135e-11
2.058021834563962e-10
1.771878640680652e-11
2.643944381828108e-10
1.237289783543013e-11
3.100686611695326e-10
3.019878500745607e-10
-2.53519745961475e-11
-2.054372645197284e-12
-4.956787647985983e-11
8.492571688718493e-13
-6.676300245709308e-11
7.533218297451106e-12
-7.485065006146469e-11
1.509229413641701e-11
-7.341994866888558e-11
2.031658085141685e-11
-6.442146984660039e-11
2.078317758305384e-11
-5.223110910602612e-11
1.603149451184488e-11
-4.246031636866323e-11
8.145756768798074e-12
-2.616249684053616e-10
-6.370263740257363e-08
-5.737762723454854e-10
-9.180921834114596e-08
-9.221152417013886e-10
-1.104544417353147e-07
-1.112634541601418e-09
-1.195512332771713e-07
-1.061905918175543e-09
-1.192332618828333e-07
-7.85527168785913e-10
-1.096377354740434e-07
-4.169491967515724e-10
-9.098022414155606e-08
-1.620593016071598e-10
-6.309137468367826e-08
-1.721944596511205e-10
5.488618659765476e-12
-1.941518587696766e-10
4.86262916788319e-12
-2.025573264929636e-10
1.70273031632049e-11
-1.86797593431991e-10
5.106762535437573e-11
-1.55133765680221e-10
9.896142799578708e-11
-1.182865725473315e-10
1.470759348120903e-10
-8.060604945852982e-11
1.868359067806775e-10
-4.197996752759527e-11
2.15861208620857e-10
-1.991273375242642e-12
2.349986061598714e-10
3.829616245798582e-11
2.461898002417091e-10
7.678034705030364e-11
2.51527011827395e-10
1.116255471533342e-10
2.523316886666092e-10
1.422874805807286e-10
2.479359690915587e-10
1.693311133467406e-10
2.348724879883011e-10
1.924403465803989e-10
2.075999874726052e-10
2.069448871791691e-10
1.616819631126743e-10
2.011266714208043e-10
9.923077304687367e-11
1.593201277345878e-10
3.379195136138248e-11
7.62226377860074e-11
-1.173366837641851e-11
-2.101079904259051e-11
-2.022436084745485e-11
-6.57787725636526e-11
-2.572162367591327e-12
1.133352512704676e-11
1.954817526581846e-13
2.235720640902906e-10
-3.720030114528111e-11
5.412946521024798e-10
-5.604411288753082e-11
-4.160916993461444e-10
-1.30347042835841e-09
-1.607362689965387e-09
-1.17697179904347e-09
-2.307026199516403e-09
-8.793892055985296e-10
-2.663351145211644e-09
-7.066568270305261e-10
-2.415431380737166e-09
-6.767684472948355e-10
-1.907768448988253e-09
-6.701574952499262e-10
-1.188278143008285e-09
-5.860076154272412e-10
-1.832950808370571e-10
-3.63848683823922e-10
1.386113816653331e-10
-1.605948369383248e-10
2.280677629993234e-10
-1.129879225920034e-10
2.769508590473109e-10
-7.005102173802494e-11
3.164904038692516e-10
-4.558298104682002e-12
3.206125482215581e-10
5.667451866572422e-11
2.769336445659967e-10
8.853317591543001e-11
2.013311030813579e-10
9.115060542657719e-11
1.216843496887324e-10
8.02127400512098e-11
5.97135883034245e-11
7.18547189182482e-11
2.36296120397008e-11
7.652557855402305e-11
1.065922663389947e-11
9.945146765527077e-11
1.243746100966562e-11
1.417984733579675e-10
1.883072839175138e-11
1.994096725628663e-10
2.109039098695743e-11
2.621355355160529e-10
1.43512025529532e-11
3.168085773994477e-10
3.163395587888428e-10
-1.828383315668812e-11
1.622938742289732e-11
-3.539221561642085e-11
1.79574824265349e-11
-4.695112738354149e-11
1.909194797919237e-11
-5.177646708808167e-11
1.991744425312494e-11
-5.029048704238723e-11
1.883040704408951e-11
-4.46141428745049e-11
1.510663628309771e-11
-3.796765759585155e-11
9.38480814877666e-12
-3.335720846985929e-11
3.535102756664239e-12
-1.959258260634648e-10
-6.354006899426782e-08
-4.225207111289953e-10
-9.158262366960939e-08
-6.650611556534644e-10
-1.102119015089026e-07
-7.955410403894442e-10
-1.194207536146974e-07
-7.597257499518625e-10
-1.192690773997216e-07
-5.729887725693709e-10
-1.098244726812753e-07
-3.160848926537174e-10
-9.12371282543204e-08
-1.399464725262041e-10
-6.326751333861055e-08
-1.430518223395448e-10
8.593732638026406e-12
-1.534249974457593e-10
1.523556903621506e-11
-1.62647054343065e-10
2.624912665769923e-11
-1.593860897722747e-10
4.780643123687209e-11
-1.404437468725252e-10
8.001886103357105e-11
-1.097380540082987e-10
1.163700256702612e-10
-7.224934847507975e-11
1.49346994689268e-10
-3.112792306021316e-11
1.747395887978565e-10
1.171949674816657e-11
1.921510062008034e-10
5.447750654942504e-11
2.034316269267875e-10
9.519507897809016e-11
2.108092946479146e-10
1.321436054146484e-10
2.153830383894508e-10
1.638282901143022e-10
2.16251183464116e-10
1.880590879500104e-10
2.106416139068079e-10
2.003255113765654e-10
1.953335142583222e-10
1.929161808809876e-10
1.690912715825615e-10
1.573428493838037e-10
1.348041117854275e-10
9.206394746076046e-11
9.907089060986888e-11
1.282155939382787e-11
6.750878833676074e-11
-4.506064982072271e-11
3.765794870386776e-11
-4.401965557471913e-11
-3.613023586438582e-12
2.925786508420602e-11
-7.308187318509077e-11
1.792893709696232e-10
-1.872316078125195e-10
5.141564112431496e-10
-3.909109207134104e-10
-2.967388110338974e-11
-7.596398696989027e-10
-2.948299926544096e-10
-9.118153877725856e-10
-2.665177998050247e-10
-9.077010648732753e-10
-1.716903372890782e-10
-8.014839227659184e-10
-1.424597904184781e-10
-7.059985940525526e-10
-1.88745073174476e-10
-6.238717800246933e-10
-1.928733468570088e-10
-5.818788773803898e-10
-5.251726086920587e-11
-5.042042750978167e-10
1.198636369948885e-10
-3.329752110451896e-10
2.231280214568525e-10
-2.16251756439942e-10
2.774567358346021e-10
-1.243791606138093e-10
3.084127685601829e-10
-3.55137327888236e-11
3.159482585812596e-10
4.913964783139381e-11
2.907076928096963e-10
1.137743814046355e-10
2.342595645921541e-10
1.475993943243056e-10
1.617508677726182e-10
1.527221201175277e-10
9.290981677910952e-11
1.406964757035749e-10
4.276092273707812e-11
1.266751998964245e-10
1.687178071175028e-11
1.253413553861435e-10
1.124701358188567e-11
1.474239694523597e-10
1.550727439065414e-11
1.951500532342234e-10
1.839404533696702e-11
2.592494518580711e-10
1.300154161020559e-11
3.222020819840851e-10
3.29341358795866e-10
-1.411434611713778e-11
3.034347421380763e-11
-2.703547093919263e-11
3.087839871087583e-11
-3.548781891548542e-11
2.754410786213433e-11
-3.914220315860831e-11
2.357164349080327e-11
-3.898239707929458e-11
1.867041517818906e-11
-3.681086611074379e-11
1.293491712960921e-11
-3.449580055512909e-11
7.069551993970895e-12
-3.317657953942921e-11
2.215687950011057e-12
-1.616771563178312e-10
-6.341156861401289e-08
-3.380666205654781e-10
-9.140623440510799e-08
-5.174569324060392e-10
-1.100325113994519e-07
-6.106428446802e-10
-1.193275679076364e-07
-5.801740153683627e-10
-1.192995464361705e-07
-4.409263607822164e-10
-1.099637205447647e-07
-2.481832764635069e-10
-9.142987154812966e-08
-1.156867385049354e-10
-6.340001008596165e-08
-1.181012882685511e-10
1.100807452184753e-11
-1.230332834236644e-10
2.016735892591913e-11
-1.286877004150875e-10
3.190334286937834e-11
-1.289413273787599e-10
4.805986326516202e-11
-1.18421109964733e-10
6.94984565859915e-11
-9.58756650791797e-11
9.382440332928218e-11
-6.329680705182152e-11
1.167679708770981e-10
-2.374256211683066e-11
1.351851916323124e-10
1.98000060950463e-11
1.486083012754127e-10
6.458781791235484e-11
1.58643695873213e-10
1.080648774197759e-10
1.673321350565951e-10
1.477142517264622e-10
1.757335850633322e-10
1.805604462866967e-10
1.834049322133139e-10
2.023275455118819e-10
1.888744820882548e-10
2.069222027854031e-10
1.907388492703425e-10
1.875447999150852e-10
1.884686931924891e-10
1.406777843921632e-10
1.816711727835516e-10
7.243145251809575e-11
1.673172960684033e-10
2.927811318992503e-12
1.370125310453173e-10
-3.838328331601421e-11
7.896917396647911e-11
-2.837183871425848e-11
-1.362430901506174e-11
3.555423098501078e-11
-1.370077541145321e-10
1.335679582231184e-10
-2.852451175416165e-10
1.925887328024842e-10
-4.499314480961482e-10
1.063667556680427e-11
-5.776875366197422e-10
-1.732981138221346e-10
-7.278802930414803e-10
-2.585011593168349e-10
-8.22497685705982e-10
-2.369862179568543e-10
-8.229985014476071e-10
-1.77041787435635e-10
-7.659426342428322e-10
-1.081024543844649e-10
-6.928106948111118e-10
-5.705941258301277e-11
-6.3292147470568e-10
-6.241871709047818e-13
-5.606390302247858e-10
1.069738911843877e-10
-4.405727955614976e-10
1.982360696633565e-10
-3.075134186783269e-10
2.567730350191899e-10
-1.829155899255137e-10
2.893861671997617e-10
-6.812631042322505e-11
3.016457639818574e-10
3.68806224392012e-11
2.910095287806613e-10
1.244112047131653e-10
2.543527455618742e-10
1.842567834984337e-10
1.954145192729568e-10
2.116609713823148e-10
1.257340648012069e-10
2.103775760552789e-10
6.081441712977733e-11
1.915955176454047e-10
1.438984986803692e-11
1.717665981655201e-10
-7.32463095719777e-12
1.691390954089799e-10
-8.777274406933839e-12
1.966033617259107e-10
-1.9886279833314e-12
2.52461533903279e-10
2.076860542961281e-12
3.181370787637067e-10
3.314187064406475e-10
-1.378388476861837e-11
4.412731114787103e-11
-2.606619261976514e-11
4.316056937438132e-11
-3.384814012030063e-11
3.53258917579896e-11
-3.754214673361226e-11
2.726547955221144e-11
-3.873599132097191e-11
1.986408624903902e-11
-3.904132072624482e-11
1.324007141509351e-11
-3.936239443500904e-11
7.390448564215824e-12
-3.978553489162559e-11
2.638649972924918e-12
-1.58409522427768e-10
-6.329294480671363e-08
-3.210815626783089e-10
-9.124356254612503e-08
-4.745751617904285e-10
-1.098790179828954e-07
-5.477939815874341e-10
-1.192543492706419e-07
-5.115078609516608e-10
-1.193358327398391e-07
-3.830404519419716e-10
-1.10092188135702e-07
-2.112805351899538e-10
-9.160163164528389e-08
-9.165074739962779e-11
-6.351964005119944e-08
-9.379935113077764e-11
1.315650465340721e-11
-9.701275951509985e-11
2.338059932930315e-11
-1.007914656870416e-10
3.568188777255912e-11
-1.022029052281334e-10
4.947115012763747e-11
-9.678776654557798e-11
6.408317519449356e-11
-8.109263516568663e-11
7.812914101068475e-11
-5.429320990562795e-11
8.996842803615131e-11
-1.808051984492829e-11
9.897239891700144e-11
2.441415746126673e-11
1.061135379334483e-10
6.970331364447624e-11
1.133544714725255e-10
1.145002889995939e-10
1.225351110005604e-10
1.556027122087505e-10
1.346311334034978e-10
1.893126872695511e-10
1.496949505807363e-10
2.109479294588192e-10
1.672392554295557e-10
2.151493043482439e-10
1.865375135313977e-10
1.974287136234242e-10
2.061893464029227e-10
1.56708002463825e-10
2.223919711609265e-10
9.787888381580986e-11
2.261465259140617e-10
3.328598314542653e-11
2.016055681831354e-10
-1.791100450760236e-11
1.30166322211861e-10
-3.549009402643547e-11
3.95496643419621e-12
-1.480645170274669e-11
-1.576911866073425e-10
1.069061346596299e-11
-3.107419478025042e-10
-1.650848118477227e-11
-4.227320950866627e-10
-8.44557608713848e-11
-5.097399739638855e-10
-1.82497087717677e-10
-6.298386603526637e-10
-2.421587651182385e-10
-7.628356784880636e-10
-2.141619599880748e-10
-8.509949546288164e-10
-1.231751608386318e-10
-8.569290584222409e-10
-2.103074341351865e-11
-7.949547163048899e-10
4.82727371626159e-11
-7.022245379756012e-10
8.679400960255599e-11
-5.991598664125585e-10
1.296014384549224e-10
-4.833797694862324e-10
1.752449172156603e-10
-3.531564265700498e-10
2.137546001020235e-10
-2.214247867973195e-10
2.436945172069902e-10
-9.80657286353026e-11
2.670082873600079e-10
1.356736361298824e-11
2.800224729022931e-10
1.113975426587579e-10
2.732036634635537e-10
1.910761308593829e-10
2.378152706660323e-10
2.470499183486337e-10
1.72792353983778e-10
2.754010648300915e-10
8.836685745633426e-11
2.760216044102815e-10
5.200697073034801e-12
2.549333664675628e-10
-5.289118827416203e-11
2.272315851339683e-10
-7.201367943427908e-11
2.157263614717892e-10
-5.770674860047534e-11
2.381550924266958e-10
-2.816820697286927e-11
2.885994963864138e-10
3.032506364055725e-10
-1.738293705647398e-11
6.150999891406667e-11
-3.269015896284425e-11
5.846760206982568e-11
-4.219076677390354e-11
4.482633396203603e-11
-4.674133439042335e-11
3.181588629669657e-11
-4.871183670556157e-11
2.18344286941767e-11
-5.004921600087713e-11
1.457729033643932e-11
-5.13112165810835e-11
8.652288812390229e-12
-5.218112727489833e-11
3.5083997586614e-12
-1.866337462125967e-10
-6.315849234819554e-08
-3.739322110100661e-10
-9.105626424158148e-08
-5.36781663968508e-10
-1.09716168688843e-07
-6.045664929138412e-10
-1.191865645992964e-07
-5.494483017791172e-10
-1.193909510858268e-07
-3.956681724004643e-10
-1.102459684169442e-07
-2.030022359648134e-10
-9.179429772902051e-08
-6.791119943314284e-11
-6.365473122976604e-08
-7.01506618634225e-11
1.539583189352106e-11
-7.375821712283245e-11
2.698802721337246e-11
-7.834513171901983e-11
4.026868454815987e-11
-8.181259771606608e-11
5.293850896227008e-11
-8.004832840516629e-11
6.231881095289937e-11
-6.874530716930599e-11
6.682603836216585e-11
-4.588713963873178e-11
6.711019385615762e-11
-1.267774081767369e-11
6.576294959663788e-11
2.75029037383872e-11
6.59328598182216e-11
7.082736202495435e-11
7.00299979809543e-11
1.14041721413932e-10
7.932075501874541e-11
1.543541309114637e-10
9.431874731602862e-11
1.887216771558306e-10
1.15327447455359e-10
2.134415413980439e-10
1.425194553608582e-10
2.246612672195188e-10
1.75317872120987e-10
2.195692324513853e-10
2.112814871209531e-10
1.97041092143393e-10
2.449202376796594e-10
1.56586540456641e-10
2.666012253447944e-10
9.702040405899415e-11
2.611718722046089e-10
2.003343408689484e-11
2.07153480955489e-10
-5.951375638092324e-11
8.350236489292898e-11
-1.134584293681821e-10
-1.037462851152578e-10
-1.35939639992755e-10
-2.882604902635268e-10
-1.723988416463563e-10
-3.862726267678063e-10
-2.367325054540954e-10
-4.454060259430802e-10
-2.833895875029198e-10
-5.831812751842218e-10
-2.534700855932451e-10
-7.927548606452616e-10
-1.440613254860408e-10
-9.604033770743381e-10
-9.414585712095724e-12
-9.915754450162395e-10
9.905436857397145e-11
-9.034233009093899e-10
1.593998047755602e-10
-7.625695906074469e-10
1.755117435349665e-10
-6.152714072570521e-10
1.666000505255143e-10
-4.74467667069451e-10
1.530118226717552e-10
-3.395677779339625e-10
1.486093389124551e-10
-2.170218735540167e-10
1.638218506842051e-10
-1.132778024516975e-10
2.019925846321175e-10
-2.460292540257743e-11
2.531270483757819e-10
6.026353251559042e-11
2.946568989739041e-10
1.49546744106805e-10
3.001689396747803e-10
2.415383540126989e-10
2.504815155710019e-10
3.250889820420744e-10
1.435106471337711e-10
3.829929882440267e-10
1.914150779188137e-12
3.965303844283939e-10
-1.275870164627192e-10
3.567332435403007e-10
-1.934141103838519e-10
2.815539852251296e-10
-1.736528308374405e-10
2.183944502189083e-10
-9.227022663528179e-11
2.072171161045294e-10
2.109808392206503e-10
-2.363275821348906e-11
8.514274133492039e-11
-4.524754557175504e-11
8.008228161026652e-11
-5.949855167052558e-11
5.907720482317197e-11
-6.647423783903816e-11
3.879143130453619e-11
-6.876796757252643e-11
2.412801581063467e-11
-6.938518431563446e-11
1.519436503460875e-11
-6.968107597575325e-11
8.948038816160199e-12
-6.958510046253691e-11
3.412284287798254e-12
-2.485768890576749e-10
-6.297950069815086e-08
-5.037046690742838e-10
-9.080113659737599e-08
-7.143156378183677e-10
-1.09505557853213e-07
-7.911384652447466e-10
-1.191097419007582e-07
-7.013133551059712e-10
-1.194807763204511e-07
-4.821537683821413e-10
-1.104651281220609e-07
-2.246059951921062e-10
-9.205184561401515e-08
-4.472815259627281e-11
-6.383460917600846e-08
-4.810346801905013e-11
1.87710526772476e-11
-5.410320446148145e-11
3.298767963888067e-11
-6.22603838041208e-11
4.842579137629275e-11
-6.940272482058554e-11
6.008079038855048e-11
-7.007697357372343e-11
6.299301404837864e-11
-5.967802728188725e-11
5.64270613532279e-11
-3.729602185598435e-11
4.472817373369892e-11
-5.728684008884571e-12
3.419561354312293e-11
3.078718143241368e-11
2.941701376013663e-11
6.885761089189551e-11
3.19596053567553e-11
1.067043118595761e-10
4.147410943133791e-11
1.434812979464542e-10
5.754183440735424e-11
1.780918288277021e-10
8.071700863776156e-11
2.084605589405433e-10
1.121508348958521e-10
2.3171825892293e-10
1.520603004745102e-10
2.450287999658266e-10
1.979710913393729e-10
2.458781613846772e-10
2.440710395966262e-10
2.2998004373252e-10
2.824995222949718e-10
1.862653407442247e-10
3.04886771676744e-10
9.478760243808994e-11
2.986314305827068e-10
-5.639117861801522e-11
2.346813734292244e-10
-2.27857480251357e-10
6.77202576681863e-11
-3.222342247199615e-10
-1.938834895441004e-10
-3.328869373831977e-10
-3.756196453219225e-10
-4.256285610764131e-10
-3.526641194299407e-10
-4.177365961516642e-10
-5.910729458817087e-10
-2.54466558540256e-10
-9.560245911156377e-10
-4.035110053323341e-11
-1.174518517735169e-09
1.278242401029252e-10
-1.159750456742458e-09
2.325431410279179e-10
-1.008141864202691e-09
2.794838163673375e-10
-8.095099185813862e-10
2.678937078314982e-10
-6.036809446179655e-10
2.055095293642826e-10
-4.120831272335325e-10
1.22015509047016e-10
-2.560733919156521e-10
5.828057170871876e-11
-1.532865659564022e-10
4.795314763603589e-11
-1.029500057607182e-10
1.024816929317578e-10
-7.913109466795805e-11
2.049627825237868e-10
-4.221717703844746e-11
3.149335301604115e-10
3.957638330433093e-11
3.824337157227784e-10
1.74038566320541e-10
3.647946912568095e-10
3.427284195939545e-10
2.411922321371649e-10
5.065958756659001e-10
2.703835641798419e-11
6.106847075713397e-10
-2.141728378805682e-10
5.9794489465231e-10
-3.796500597909631e-10
4.470315681599876e-10
-3.794282055309135e-10
2.181728772576728e-10
-2.133211651658761e-10
4.111092197894735e-11
-2.34030957278577e-12
-2.933630114969718e-11
1.144788131078314e-10
-5.943844773051757e-11
1.101842676488974e-10
-8.324185630145445e-11
8.288047926491943e-11
-9.689461309545722e-11
5.244406040088499e-11
-1.001453186111544e-10
2.737859650508284e-11
-9.746696011354189e-11
1.251588334175893e-11
-9.393112644400553e-11
5.41208460363381e-12
-9.124333067313646e-11
7.243702984162636e-13
-3.485308749700328e-10
-6.272221326822127e-08
-7.229788121024913e-10
-9.042668877080031e-08
-1.028342983931746e-09
-1.092001937865423e-07
-1.130973125514729e-09
-1.190071118587523e-07
-9.861933145298718e-10
-1.196255562237118e-07
-6.528173838630175e-10
-1.107985041373257e-07
-2.811120515689976e-10
-9.242355102157326e-08
-2.353737616559994e-11
-6.409218391661819e-08
-2.936830571997048e-11
2.460192849671935e-11
-4.057049970091786e-11
4.418983215862629e-11
-5.543263146802247e-11
6.328789524371242e-11
-6.676806091968785e-11
7.141620629281914e-11
-6.642726039882911e-11
6.265221515955562e-11
-5.149053624067228e-11
4.149035483062025e-11
-2.554476284244116e-11
1.878243420656794e-11
5.027327884169837e-12
3.623573740097568e-12
3.54136968945782e-11
-9.69287706122064e-13
6.422208576991541e-11
3.151301446021245e-12
9.274239071601119e-11
1.295390577830537e-11
1.231441985416146e-10
2.714014500737359e-11
1.568677135378763e-10
4.699362751822231e-11
1.936144747537011e-10
7.540422385918855e-11
2.309032473233365e-10
1.147716922321662e-10
2.64261535945637e-10
1.646129821418266e-10
2.881588336670864e-10
2.201739339103549e-10
2.966703874140566e-10
2.739881742862859e-10
2.800604157007699e-10
3.214969601478555e-10
2.124676191133533e-10
3.662244562121125e-10
4.030235492571112e-11
4.068468761658717e-10
-2.740907777616236e-10
3.821136398493792e-10
-5.955886693232232e-10
1.276146596346424e-10
-6.151576205138408e-10
-3.56050426821412e-10
-6.438470048266914e-10
-3.239744609713881e-10
-4.712683767244785e-10
-7.636512913842451e-10
-1.500124642275259e-10
-1.277280215479301e-09
8.041968072060445e-11
-1.404950367456355e-09
2.225562222212416e-10
-1.301886698922271e-09
3.338550420695391e-10
-1.119440379284748e-09
3.9626426134368e-10
-8.719188307254552e-10
3.651546020229793e-10
-5.725709747997509e-10
2.40418153420052e-10
-2.873463678106428e-10
7.62583581110475e-11
-9.19132847858082e-11
-5.31205557206075e-11
-2.390734190228991e-11
-9.232672873361248e-11
-6.374352321541006e-11
-2.302069501396165e-11
-1.484368202175682e-10
1.340516474340962e-10
-1.992892103651159e-10
3.230551236369457e-10
-1.494267796527273e-10
4.674988726390842e-10
2.959513948583305e-11
4.970069626251245e-10
3.132206651432592e-10
3.723099448088861e-10
6.312932507250594e-10
9.822344309948434e-11
8.847715737337839e-10
-2.657686313761588e-10
9.619373037923887e-10
-5.915681460681542e-10
7.728314663984319e-10
-6.881797055794874e-10
3.147849511574076e-10
-4.341250284516718e-10
-2.129437789590749e-10
-4.364649781568838e-10
-2.9742733952699e-11
1.442215679539194e-10
-6.817482563066242e-11
1.486162872803531e-10
-1.08387232392647e-10
1.23092786259675e-10
-1.377425276392467e-10
8.179925091835581e-11
-1.45731927886744e-10
3.536789222249778e-11
-1.361341083062583e-10
2.917961868502194e-12
-1.233966060121401e-10
-7.32551673158486e-12
-1.163994283083801e-10
-6.272901922608261e-12
-4.927330775397158e-10
-6.234587970895679e-08
-1.048202698224757e-09
-8.987121923389744e-08
-1.508504515254819e-09
-1.087398920468752e-07
-1.65762757689121e-09
-1.188579888663578e-07
-1.431343064772057e-09
-1.198518407965851e-07
-9.21543955585726e-10
-1.113083032970973e-07
-3.797491536250605e-10
-9.296534586337979e-08
-6.53544685293455e-12
-6.446539765115603e-08
-1.676853026447456e-11
3.483499700535422e-11
-3.834202591154861e-11
6.576332688161386e-11
-6.298230062536833e-11
8.792818366050213e-11
-7.47960322426655e-11
8.32299669421011e-11
-6.490045836765898e-11
5.275668627544478e-11
-3.802432639770608e-11
1.461428388760857e-11
-6.178098213176851e-12
-1.306371632891514e-11
2.103776918583916e-11
-2.359220000568076e-11
4.093116819101082e-11
-2.08625765113156e-11
5.642289122648132e-11
-1.234029615583596e-11
7.265820884877895e-11
-3.281270645011541e-12
9.447255522144689e-11
5.325953664182611e-12
1.252770608319989e-10
1.618929134851684e-11
1.664719551220797e-10
3.420951099390023e-11
2.164775854529918e-10
6.476625601175846e-11
2.695075937387394e-10
1.115831778944864e-10
3.156366124508062e-10
1.740451300556753e-10
3.441957072584362e-10
2.454293022286771e-10
3.495016422935203e-10
3.161912568800002e-10
3.279048240910929e-10
3.878215122262002e-10
2.390793491011187e-10
4.956725963718599e-10
-7.749178680785648e-11
6.986850254109395e-10
-8.30949379798747e-10
8.81072508265726e-10
-1.484920762814543e-09
2.979212148617308e-10
-7.560726796348484e-10
-1.052822280815146e-09
-1.704065018071098e-10
-1.349317204208554e-09
1.472435294114161e-10
-1.594929978389774e-09
1.223240410476791e-10
-1.38003061054283e-09
1.854527425621186e-10
-1.365015130116527e-09
3.636894594922634e-10
-1.297676827235357e-09
4.888739472362198e-10
-9.971030495177532e-10
4.464993786610893e-10
-5.301961403798788e-10
2.54217567107388e-10
-9.506429248165864e-11
1.698187139955561e-11
1.453226698586462e-10
-1.592573727705221e-10
1.523321573150323e-10
-2.170627853871726e-10
-5.93786097390127e-12
-1.424419945268776e-10
-2.230573650529838e-10
4.841630011665251e-11
-3.901472613337544e-10
3.00756150464771e-10
-4.017663833261011e-10
5.164146663620363e-10
-1.860631224619318e-10
5.921691063241289e-10
2.37466492362187e-10
4.796975108069455e-10
7.437651261560295e-10
1.938426207939609e-10
1.17062676001463e-09
-2.226504825710499e-10
1.378430719270434e-09
-7.002181331072833e-10
1.250399333419253e-09
-1.018088020076522e-09
6.326549249606322e-10
-8.286285352685331e-10
-4.024025535458463e-10
-1.265093606709753e-09
-2.15990126306173e-11
1.65820377975797e-10
-6.443950199285396e-11
1.914566506230422e-10
-1.263010847954027e-10
1.849542716777651e-10
-1.840335512320981e-10
1.395316279347342e-10
-2.078167716276963e-10
5.915102772604284e-11
-1.905915909982644e-10
-1.430730004891646e-11
-1.587426322158139e-10
-3.917455187596132e-11
-1.427791433940458e-10
-2.223646217553368e-11
-6.857152212274416e-10
-6.180294369589882e-08
-1.491731232027729e-09
-8.906520328095715e-08
-2.182597292621417e-09
-1.080490260355634e-07
-2.402908365046718e-09
-1.186376778342301e-07
-2.06058948593296e-09
-1.201941597053961e-07
-1.295661475533612e-09
-1.120732313261012e-07
-5.24306302569811e-10
-9.373670104251023e-08
5.245563857706536e-12
-6.499494951059684e-08
-1.624790422047832e-11
5.632848611764521e-11
-5.800744362761832e-11
1.075229019950465e-10
-9.091501097134561e-11
1.208358019455616e-10
-8.906274656534266e-11
8.137776921367464e-11
-5.471157731235383e-11
1.84055993792272e-11
-1.02521020826256e-11
-2.984509287756541e-11
2.375072805237325e-11
-4.706643264485132e-11
4.037923953286065e-11
-4.022058195719902e-11
4.424030470336213e-11
-2.472349789339719e-11
4.410157074386703e-11
-1.220140382893132e-11
4.768881453973981e-11
-6.868343572337618e-12
6.032913742670257e-11
-7.314185502279498e-12
8.571757234664659e-11
-9.198949572390901e-12
1.265776796269264e-10
-6.650391541319553e-12
1.837481765304568e-10
7.595971698671731e-12
2.533969409819287e-10
4.193463454985075e-11
3.238842318299063e-10
1.035580657780456e-10
3.762435029207774e-10
1.930702641100689e-10
3.934521138897596e-10
2.989828822159413e-10
3.800450563410105e-10
4.012288106343215e-10
3.757077398144803e-10
5.00010155287299e-10
3.626869945101983e-10
7.117060160952264e-10
-2.832611697301234e-10
1.527020917891145e-09
-3.92928561190215e-09
3.943945904025018e-09
-3.64018621546988e-10
-4.618089025561248e-09
9.453465310377811e-10
-2.658682110922805e-09
4.825075094891189e-10
-1.132090713751494e-09
-6.566948305976425e-11
-8.318533760858578e-10
2.527135109940727e-12
-1.433211510629698e-09
3.091783913590168e-10
-1.604327848594354e-09
4.918012371361494e-10
-1.179725666203499e-09
4.367233276016774e-10
-4.75118006238375e-10
2.09727893228434e-10
1.319313591748371e-10
-3.581450923156548e-11
3.908652834570496e-10
-1.967873276959724e-10
3.133051786256246e-10
-2.472592757022052e-10
4.45342832055328e-11
-1.886678906164061e-10
-2.816485610584272e-10
-2.331140760807105e-11
-5.555035580552964e-10
2.236152686838393e-10
-6.486928731223784e-10
4.59098051080915e-10
-4.215457129277687e-10
5.512322882111301e-10
1.45332457206672e-10
4.515292316166398e-10
8.434684004840794e-10
2.236910289534738e-10
1.398465181781929e-09
-8.793242363107562e-11
1.690054357717513e-09
-5.070443404776011e-10
1.669511487423972e-09
-1.043882756601883e-09
1.169493718958075e-09
-1.389369218720706e-09
-5.691633223619783e-11
-2.654462508424638e-09
-1.007660482427469e-11
1.758970414337743e-10
-5.02717371566423e-11
2.316517494370671e-10
-1.262205288478301e-10
2.609030019473349e-10
-2.164968119132194e-10
2.298078455371242e-10
-2.780219008118832e-10
1.206760527233569e-10
-2.716141981038971e-10
-2.071506231648976e-11
-2.102801077528961e-10
-1.005086968993233e-10
-1.639386063658382e-10
-6.857801152940888e-11
-9.15169693465896e-10
-6.105171264975225e-08
-2.039511663244798e-09
-8.79408613434918e-08
-3.049928704898379e-09
-1.070386090171138e-07
-3.367402101306297e-09
-1.183202044504129e-07
-2.867263037987406e-09
-1.206942987701832e-07
-1.753520499298759e-09
-1.131869738538546e-07
-7.004498744286437e-10
-9.47897716434397e-08
1.229699999840119e-11
-6.570769634732312e-08
-4.484834403970511e-11
1.134738823042178e-10
-1.176932037445709e-10
1.80367828633695e-10
-1.381331153765323e-10
1.412757957372269e-10
-9.143587596198414e-11
3.468062700888496e-11
-1.769855881930085e-11
-5.533160516963e-11
3.853211909274645e-11
-8.607564365853919e-11
6.035809254558625e-11
-6.889226419294905e-11
5.557917963114444e-11
-3.544151387684681e-11
4.00641839732694e-11
-9.208333633300799e-12
2.623866444752798e-11
1.624295625728427e-12
2.050753868492362e-11
-1.137026373259756e-12
2.558429643887285e-11
-1.239074289395402e-11
4.355139289436753e-11
-2.716583646371282e-11
7.765954311371042e-11
-4.075832588764096e-11
1.321338041825465e-10
-4.687806672169095e-11
2.09276941460798e-10
-3.520827633955551e-11
3.034675357321589e-10
9.367702371215208e-12
3.944545535448017e-10
1.020834785966368e-10
4.474489100528978e-10
2.459887604774662e-10
4.280340911510872e-10
4.206438637975388e-10
3.346054490194472e-10
5.934390324740223e-10
3.016573701328928e-10
7.446543279060663e-10
1.045544189368736e-09
7.831343309320973e-10
4.622767072679824e-09
3.667232494509419e-10
2.506061984289887e-08
-2.505594156904973e-08
4.362910276648524e-08
-2.122716481270188e-08
6.416950075800266e-08
-2.167248848681527e-08
9.099492554143383e-08
-2.765727794737888e-08
1.192623229346387e-07
-2.970060869647238e-08
1.45478913900581e-07
-2.782091861487971e-08
1.672973591012407e-07
-2.299817067342538e-08
1.83245338695669e-07
-1.642309741627233e-08
1.93355790934721e-07
-9.978520703128963e-09
1.988985709286586e-07
-5.151914543911844e-09
2.013852100164876e-07
-2.173333751232137e-09
2.018690971638211e-07
-4.393527163364929e-10
2.007054076805914e-07
8.820410627487805e-10
1.975087194369226e-07
2.64118482040041e-09
1.91208382140988e-07
5.65164455599461e-09
1.802781631104604e-07
1.050867345392637e-08
1.634154764929561e-07
1.700801921666546e-08
1.405084622257399e-07
2.375048281236262e-08
1.130250151605137e-07
2.888191240082571e-08
8.333632922936485e-08
3.137874045820779e-08
5.452589326015287e-08
3.047994752531373e-08
2.989794020397596e-08
2.579744669893535e-08
1.119410102328045e-08
1.864692348024797e-08
8.539638341050535e-09
-1.713496609684812e-11
1.930318346594019e-10
-5.105574701518857e-11
2.655724406186054e-10
-1.040510108187814e-10
3.138982062570375e-10
-1.931024794476381e-10
3.188592638120026e-10
-3.145297286411515e-10
2.421032572971562e-10
-3.858571639812591e-10
5.061233354200096e-11
-3.183609546346988e-10
-1.680049392032629e-10
-1.835686244452011e-10
-2.033703678485043e-10
-1.123026212903686e-09
-6.011225507897047e-08
-2.612060503584451e-09
-8.645182706153365e-08
-4.026789422199919e-09
-1.056238800968681e-07
-4.456868425797902e-09
-1.178901254342801e-07
-3.761348960458055e-09
-1.213898182109271e-07
-2.212416720697236e-09
-1.14735906056421e-07
-8.579956884402508e-10
-9.614419262519643e-08
-3.4859839746126e-12
-6.656220598732627e-08
-1.476407512834379e-10
2.576287281547747e-10
-2.322250314240739e-10
2.649522018410024e-10
-1.752705410291084e-10
8.432141261502092e-11
-4.354989967129444e-11
-9.703989259348216e-11
6.257735119967492e-11
-1.614587207507128e-10
1.014838552906335e-10
-1.249819987555981e-10
8.832245233966704e-11
-5.573070011410418e-11
5.507628018444985e-11
-2.195168363547073e-12
2.422240945543674e-11
2.164572056668573e-11
4.248962619852413e-12
2.159793613251777e-11
-4.564090868878016e-12
7.676228446540102e-12
-3.922435605800522e-12
-1.303218900132824e-11
6.0069884658886e-12
-3.709504636644463e-11
2.808469078240137e-11
-6.283580868714806e-11
6.881987034708976e-11
-8.761302434993117e-11
1.377748571307778e-10
-1.041630381815953e-10
2.429577634570356e-10
-9.58149789325455e-11
3.788605308233402e-10
-3.381906279218429e-11
5.118282277825365e-10
1.130212875924501e-10
5.884101292159978e-10
3.440621856775017e-10
6.066477876861182e-10
5.752015937550436e-10
7.376224887083992e-10
6.136798444108939e-10
1.329306945184296e-09
1.9145008699674e-10
2.69753622421825e-09
-1.00150582060271e-09
2.118684572194241e-08
-4.354525086415276e-08
5.268468500255569e-08
-5.272500389554381e-08
9.042200633008981e-08
-5.940980962423512e-08
1.31220368217593e-07
-6.845563965090594e-08
1.725016091185967e-07
-7.098184942240952e-08
2.109129405027236e-07
-6.623224983130267e-08
2.429926895363909e-07
-5.50779195494565e-08
2.660495517533348e-07
-3.947995948410271e-08
2.801665290685589e-07
-2.409549788036992e-08
2.876386016099959e-07
-1.262398695691635e-08
2.908983029312621e-07
-5.433034955880643e-09
2.914760068668407e-07
-1.017056544963478e-09
2.898637664502496e-07
2.494281576182562e-09
2.855184095646947e-07
6.986541795610049e-09
2.768839988279239e-07
1.428605537785872e-08
2.6152682026164e-07
2.586585210232827e-08
2.371248491992041e-07
4.140999036107615e-08
2.033885162422192e-07
5.748681585518795e-08
1.628093327175828e-07
6.946109600374942e-08
1.189024629885974e-07
7.528561022364275e-08
7.578497465075694e-08
7.359743596959923e-08
3.79031731489057e-08
6.367924848219522e-08
1.082133716885962e-08
4.572875906326359e-08
1.936097587920531e-08
-8.410895370303956e-11
2.77140883404318e-10
-1.203610764862344e-10
3.018245674605834e-10
-7.73486972872818e-11
2.708858032531574e-10
-6.792675354708611e-11
3.094372927037102e-10
-2.233408608778453e-10
3.975173398601302e-10
-4.830710014326863e-10
3.103424547209056e-10
-5.599451572898232e-10
-9.113079644268591e-11
-3.016239039560815e-10
-4.616916263296324e-10
-1.211146853243889e-09
-5.920273212634259e-08
-3.039739514602956e-09
-8.462323438701793e-08
-4.846531176089788e-09
-1.038170884118033e-07
-5.346780633017124e-09
-1.173898759423425e-07
-4.469252296711075e-09
-1.22267346500243e-07
-2.512689507903397e-09
-1.16692468785643e-07
-9.391050398188196e-10
-9.771777702054216e-08
-1.573348553669225e-10
-6.734397608591632e-08
-4.009094477885216e-10
5.012034201059087e-10
-3.629663426023572e-10
2.270092092960482e-10
-1.18034670262457e-10
-1.606101337158979e-10
9.751051896582162e-11
-3.125849435047405e-10
1.750068031356593e-10
-2.389548541562798e-10
1.471567770793719e-10
-9.713181111716119e-11
8.43397241322574e-11
7.086525296246622e-12
3.082558603090823e-11
5.131915097481893e-11
-1.38823115847421e-12
5.38597278176559e-11
-1.67237195018085e-11
3.693362090726037e-11
-2.255604633895026e-11
1.350875820503094e-11
-2.352231285354614e-11
-1.206571573204944e-11
-2.068285223581424e-11
-3.993429612368236e-11
-1.189561393421659e-11
-7.162283474590678e-11
8.863755091042586e-12
-1.083721792538879e-10
5.40836939237399e-11
-1.493827637113374e-10
1.45391938492168e-10
-1.8712301026413e-10
3.090397807317333e-10
-1.97466694494304e-10
5.540274459514431e-10
-1.319661687952218e-10
8.415196791078605e-10
5.657015705821676e-11
1.100740941502218e-09
3.159805327765633e-10
1.328422849159782e-09
3.859981324646695e-10
1.554817191495923e-09
-3.494406405176057e-11
1.200463025597252e-09
-6.471514704210397e-10
2.128442471135146e-08
-6.362921237132841e-08
5.801481594312548e-08
-8.945539495703311e-08
1.064520509965395e-07
-1.078470445142364e-07
1.590674549336581e-07
-1.210710434340786e-07
2.122282932104883e-07
-1.241426875532542e-07
2.614924631677815e-07
-1.154964196531202e-07
3.020158109877899e-07
-9.560126724290082e-08
3.295223105277982e-07
-6.698645890900968e-08
3.444994480284882e-07
-3.907263527585161e-08
3.511970802372973e-07
-1.932161907298403e-08
3.536067769119697e-07
-7.842731548692463e-09
3.539089289204355e-07
-1.319208484281364e-09
3.527414921901332e-07
3.661718364633302e-09
3.493948245519862e-07
1.033320948100431e-08
3.416700661253135e-07
2.201081384180394e-08
3.256306542638171e-07
4.190526399403579e-08
2.970511596774472e-07
6.998948496775009e-08
2.550994453748e-07
9.943853016911404e-08
2.037224345224108e-07
1.20838106867154e-07
1.478764594900966e-07
1.311315852922472e-07
9.305746985671639e-08
1.284164255441141e-07
4.527502402869783e-08
1.114616941395102e-07
1.169289911327397e-08
7.931088474134034e-08
3.105387480540921e-08
-2.615456833396912e-10
5.386864232776946e-10
-2.989767878375539e-10
3.392556170706158e-10
-8.433099793522046e-11
5.623998975289423e-11
1.261541308074652e-10
9.895215030389728e-11
8.328797040295471e-11
4.403834930269236e-10
-3.527643219752376e-10
7.46394745934414e-10
-9.167219061822775e-10
4.728267939154473e-10
-8.78984793182552e-10
-4.994287253508534e-10
-1.222399509950128e-09
-5.885931738646204e-08
-3.101250425538378e-09
-8.274438343855098e-08
-4.843167564872944e-09
-1.020751712289027e-07
-5.16777553595976e-09
-1.170652679164395e-07
-4.297729701351686e-09
-1.231373922682712e-07
-2.417134256097914e-09
-1.185730641520754e-07
-1.030491590851223e-09
-9.910441959477223e-08
-7.683943387730211e-10
-6.760607323426723e-08
-8.080632147610215e-10
5.408724118421223e-10
-3.224579404964997e-10
-2.585959369686052e-10
1.515377620669776e-10
-6.346056971753342e-10
3.160172725012415e-10
-4.770643036461842e-10
2.517896855456106e-10
-1.747271073842464e-10
1.273594800298712e-10
2.729856375489591e-11
3.468976380823963e-11
9.97564183245025e-11
-1.116229929047394e-11
9.7171398343253e-11
-2.661099277830967e-11
6.930861066498306e-11
-2.951551007951209e-11
3.983833274864847e-11
-3.002158218578493e-11
1.401502752308035e-11
-3.157825267397162e-11
-1.050884511451811e-11
-3.395745002909873e-11
-3.75548982444734e-11
-3.51245815347595e-11
-7.04555018607068e-11
-3.118101736674154e-11
-1.123155436489959e-10
-1.316034859750089e-11
-1.674032336202335e-10
4.186931956122106e-11
-2.421524828662279e-10
1.842728798259974e-10
-3.398700616003983e-10
4.8989043748513e-10
-4.375835380486537e-10
9.945604752070186e-10
-4.480996959518364e-10
1.548805396509892e-09
-2.382642098815361e-10
1.764037671774199e-09
1.707660309314547e-10
1.368581273672506e-09
3.605125004905661e-10
7.54352735383901e-10
-3.292277179870679e-11
2.70679506819052e-08
-8.994281016606402e-08
6.59281499918493e-08
-1.2831559412241e-07
1.176049756009023e-07
-1.595238699883327e-07
1.756643668364328e-07
-1.79130434542842e-07
2.353336596440999e-07
-1.838119802446878e-07
2.91027505407282e-07
-1.711902653090423e-07
3.36425651130311e-07
-1.409994128700099e-07
3.647075834692331e-07
-9.526839116177324e-08
3.77072981474407e-07
-5.143803320718619e-08
3.807839165235747e-07
-2.303255405925777e-08
3.814714092656946e-07
-8.53022424147778e-09
3.813944093181273e-07
-1.242208499860588e-09
3.810539136574318e-07
4.002214047706126e-09
3.79849016640605e-07
1.153810650633876e-08
3.755185608995274e-07
2.634126957709285e-08
3.626306352384553e-07
5.479318963332304e-08
3.341776152892222e-07
9.84425048811177e-08
2.88469646213592e-07
1.451464992037412e-07
2.317616447209419e-07
1.775461083116551e-07
1.700671295340497e-07
1.928261003785667e-07
1.091874070887137e-07
1.892961480388258e-07
5.530660237894279e-08
1.653424991719617e-07
1.604970818880744e-08
1.185677784522368e-07
4.710358350080683e-08
-5.704756286768316e-10
1.109162180333545e-09
-4.92836687875725e-10
2.616167154455494e-10
-1.448263770060903e-10
-2.917703099362819e-10
1.644910910557523e-10
-2.103653098812321e-10
4.664380937066752e-10
1.384365013311052e-10
3.503722434245992e-10
8.624606129927584e-10
-8.318116612911295e-10
1.655010722274783e-09
-2.296865640097063e-09
9.65625285350302e-10
-1.640921044026983e-09
-5.951526194173512e-08
-2.373483952100975e-09
-8.201182047987543e-08
-2.313395733540258e-09
-1.021352593864623e-07
-1.725933482538778e-09
-1.176527300955997e-07
-1.459162650500648e-09
-1.234041630171714e-07
-1.303773622105089e-09
-1.187284530860929e-07
-1.41802111135383e-09
-9.899017199950024e-08
-2.118320272055892e-09
-6.69057739566113e-08
-9.571249483235353e-10
-6.203227837110653e-10
2.386623393372939e-10
-1.454383086496398e-09
6.237622959371989e-10
-1.019705505664539e-09
4.549466786947814e-10
-3.082485299990774e-10
1.875172355326695e-10
9.270250043758937e-11
2.007634528415717e-11
1.947396248506476e-10
-4.201415591162329e-11
1.618470965222276e-10
-4.840540623952513e-11
1.035628295260296e-10
-3.829571651606138e-11
5.919910570903824e-11
-2.967451623454919e-11
3.12173187653284e-11
-2.708070964755895e-11
1.142140899340104e-11
-2.966266368910635e-11
-7.926703597308369e-12
-3.51631047470587e-11
-3.205426984580889e-11
-4.095137511115816e-11
-6.466704652635163e-11
-4.395743481891711e-11
-1.093093006699275e-10
-4.001479163496775e-11
-1.713456973699351e-10
-1.934249302275803e-11
-2.628246050206264e-10
5.158700400550145e-11
-4.107993872413562e-10
2.671129966221993e-10
-6.531093633617481e-10
7.871476748049237e-10
-9.681342130328614e-10
1.649198789817082e-09
-1.10031516893743e-09
2.34416673147323e-09
-5.242017620727664e-10
1.936578800314017e-09
7.681005740878126e-10
8.738185940888716e-10
1.029837568485182e-09
2.880510283875619e-08
-1.178740942839452e-07
6.774524729470345e-08
-1.672557384609721e-07
1.202521908084909e-07
-2.120308133928342e-07
1.80162947710913e-07
-2.390411913461916e-07
2.424518478770991e-07
-2.461008803205596e-07
3.01351651705868e-07
-2.300900690583946e-07
3.492200440045055e-07
-1.888678050985735e-07
3.747843871868995e-07
-1.208327342858288e-07
3.806229939728618e-07
-5.727663994520118e-08
3.789608620950376e-07
-2.137042214691191e-08
3.771839744085194e-07
-6.753336532883294e-09
3.766896881762953e-07
-7.479222617298289e-10
3.774236515460947e-07
3.268250668242093e-09
3.792955181646706e-07
9.666239858313744e-09
3.809014613029371e-07
2.47353263897481e-08
3.752958006025425e-07
6.039885026190679e-08
3.510115457195237e-07
1.227267596711651e-07
3.047555600594722e-07
1.914024847535096e-07
2.469593014552021e-07
2.353423667823875e-07
1.844218703401012e-07
2.553635314492917e-07
1.220353064319994e-07
2.516827117934036e-07
6.481181479398808e-08
2.225659905010409e-07
2.016376672529674e-08
1.632158275867399e-07
6.726735000696167e-08
-8.026457586236021e-10
1.9118078241711e-09
-3.52949079806116e-10
-1.880799850374678e-10
-2.857131172061165e-10
-3.590062623190532e-10
-2.869283200991989e-10
-2.09150086491322e-10
3.820626477293771e-10
-5.305544394455784e-10
1.507311476799643e-09
-2.627881826795931e-10
1.151408095651287e-09
2.010914144123908e-09
-2.805444938433761e-09
4.922478368081636e-09
-2.203083281959951e-09
-6.011762354073689e-08
1.633927196258759e-09
-8.584883089113505e-08
7.325352999756923e-09
-1.078266851131047e-07
1.014695789295832e-08
-1.204743349015759e-07
8.630117831050131e-09
-1.218873228577408e-07
3.671661511856313e-09
-1.137699966587432e-07
-1.083896568894757e-09
-9.423461380060167e-08
-3.025917351626974e-09
-6.496375304546393e-08
3.740711472782413e-10
-4.020311145182639e-09
1.430808156458504e-09
-2.511119949253586e-09
9.102825370321881e-10
-4.99179732494268e-10
2.696187197444465e-10
3.32415448254951e-10
-4.663615323329616e-11
4.089575395835435e-10
-1.197624830980341e-10
2.678661259958426e-10
-9.565185692953471e-11
1.377366445149914e-10
-5.694729605401415e-11
6.485844569803903e-11
-3.098394915062308e-11
3.32359364537274e-11
-1.943349926621065e-11
1.966704731368705e-11
-1.752981204593056e-11
9.51789877268285e-12
-2.116613417421741e-11
-4.290205490238491e-12
-2.753474215677938e-11
-2.56854889895748e-11
-3.383022305475052e-11
-5.837139521491536e-11
-3.612329540270706e-11
-1.070160623299276e-10
-3.002927191866281e-11
-1.774395584510785e-10
-1.551448997254011e-11
-2.773392300485686e-10
-2.052412738074318e-12
-4.24261312090937e-10
1.865381634877534e-11
-6.738154465000365e-10
1.979871720967466e-10
-1.147467428262191e-09
9.833909983528371e-10
-1.88571886205115e-09
2.704964792631087e-09
-2.245775429545489e-09
3.99991304725632e-09
-5.268475620078291e-10
1.96787689149259e-09
3.061873835551237e-09
2.624625907493239e-08
-1.421524763652764e-07
6.399751448205878e-08
-2.050069937739424e-07
1.154305557511705e-07
-2.634638545776353e-07
1.728093166304573e-07
-2.964199521496392e-07
2.320956591119103e-07
-3.053872227365355e-07
2.893396924005735e-07
-2.873341022904355e-07
3.368454356138744e-07
-2.363735482662366e-07
3.561740271718566e-07
-1.401613258077697e-07
3.527085147229091e-07
-5.381112747266057e-08
3.450223548482572e-07
-1.368426226021877e-08
3.41431713904022e-07
-3.162695592283501e-09
3.409086806803122e-07
-2.248890570618566e-10
3.423516064113487e-07
1.825324897175988e-09
3.466752730939222e-07
5.342573114530251e-09
3.548173077909452e-07
1.659329160463883e-08
3.591657116122612e-07
5.605044632579964e-08
3.428398226250119e-07
1.390526485175287e-07
2.994551321151568e-07
2.347871751031923e-07
2.464933790159578e-07
2.8830411973455e-07
1.904614988125551e-07
3.113954114556696e-07
1.334137612037172e-07
3.087304492993409e-07
7.723604761551832e-08
2.787437045667396e-07
2.732653268691917e-08
2.131253417661366e-07
9.459388273240664e-08
3.322926364098051e-10
1.579515347625239e-09
3.371308581621648e-10
-1.929181339251246e-10
-8.742656061890451e-10
8.523902469924204e-10
-1.120149660484396e-09
3.673400931195614e-11
-4.764235841957745e-10
-1.174280471097207e-09
1.567659745168343e-09
-2.306871461831761e-09
5.595875065736588e-09
-2.017301119464628e-09
5.763321322418608e-09
4.755032176120236e-09
5.567183166621964e-09
-5.992148531175469e-08
1.990290343437993e-08
-1.001845510768119e-07
3.481670039983982e-08
-1.227404819870471e-07
4.045488277395293e-08
-1.261125171747875e-07
3.577663283964145e-08
-1.172090728128035e-07
2.23103700865161e-08
-1.00303733785826e-07
8.183194965284132e-09
-8.010743855020041e-08
1.600291380104111e-09
-5.83808493228729e-08
4.435551322627203e-09
-6.855570942022176e-09
2.262363977541662e-09
-3.379324518489342e-10
4.242188738035487e-10
1.338965530043175e-09
-2.279331282367687e-10
9.845676136410616e-10
-2.862454212114443e-10
4.672700003026548e-10
-1.822092630055136e-10
1.63830137789103e-10
-8.655337831250692e-11
4.208093201007611e-11
-3.404042032090413e-11
1.234565987472346e-11
-1.267138412146138e-11
1.186707251169315e-11
-6.4236454482418e-12
1.341947883839544e-11
-6.58374212503434e-12
9.678163929065087e-12
-9.871029670550842e-12
-1.002753198273102e-12
-1.477090992037483e-11
-2.078544714202738e-11
-1.934162267481945e-11
-5.380052588716498e-11
-1.998485382776139e-11
-1.063726788424768e-10
-1.053585489213409e-11
-1.868884110712859e-10
1.523642447096024e-11
-3.031113681957279e-10
4.472169348737083e-11
-4.537464467386995e-10
-1.295193185549738e-13
-6.289641051899747e-10
-2.475877756300143e-10
-9.000090510643021e-10
-4.407403873899116e-10
-1.692566136000118e-09
1.099763229246697e-09
-3.786278940229684e-09
6.682421641080938e-09
-6.109505875172226e-09
1.188306393315759e-08
-2.138768366838378e-09
2.463860413558562e-08
-1.549080164858927e-07
6.211061870388835e-08
-2.424790082699371e-07
1.095515500214939e-07
-3.109047858311261e-07
1.573769466239619e-07
-3.4424534869781e-07
2.043421870477848e-07
-3.523524631144328e-07
2.507721115547802e-07
-3.337640267616972e-07
2.914917955005558e-07
-2.770932321850421e-07
2.962002442484162e-07
-1.448697745398746e-07
2.868097114522477e-07
-4.442059467101996e-08
2.788476113844323e-07
-5.722162201074918e-09
2.767296443140387e-07
-1.044728544546183e-09
2.767997174509706e-07
-2.949622366928344e-10
2.777492529456489e-07
8.757893395327924e-10
2.808469406696032e-07
2.244885298579721e-09
2.896085690761349e-07
7.831663079691495e-09
3.002210663469519e-07
4.543794889894281e-08
3.004129386628767e-07
1.388607760232217e-07
2.664106741726869e-07
2.687894393744857e-07
2.279355586903102e-07
3.267792350017265e-07
1.89205517006104e-07
3.501254529161141e-07
1.476444996602464e-07
3.502914663951278e-07
9.975510934031515e-08
3.266330940408107e-07
4.412558231410439e-08
2.687548686476487e-07
1.387194646010981e-07
7.056496629057227e-09
-5.476981365467116e-09
-2.44738164352161e-10
7.108316672198562e-09
-2.702381797077233e-09
3.310033924319706e-09
-1.274650280751302e-09
-1.390997452202976e-09
-6.921020018058324e-10
-1.75682868906439e-09
-8.364447229108808e-10
-2.162528673711351e-09
6.930171289863868e-09
-9.783917058582423e-09
4.491591254478041e-08
-3.32307089977846e-08
6.24031245740024e-08
-7.74086972521625e-08
8.234063313521608e-08
-1.201220595407666e-07
9.878708326293006e-08
-1.391869320090535e-07
1.028224592905238e-07
-1.301478930878269e-07
9.463727353918283e-08
-1.090238869385193e-07
7.592678508172993e-08
-8.159324519684762e-08
5.517349331055062e-08
-5.935414663987377e-08
2.721931210304438e-08
-3.042666796854247e-08
8.325211443192524e-09
1.203852987086334e-08
1.050611461453292e-09
6.936667688938305e-09
-4.08714573045695e-10
2.798291727813539e-09
-4.998647009656079e-10
1.075717908851747e-09
-3.023102024836963e-10
2.697156711281678e-10
-1.205990955032227e-10
-1.788079801387916e-11
-3.039226062160397e-11
-4.812573191985097e-11
-2.637315494601517e-12
-1.540911452453962e-11
2.1723465346622e-12
7.057578915935293e-12
2.348723989782623e-12
1.324326773917408e-11
1.809674663434185e-12
1.021737556397183e-11
4.138450968778083e-13
3.932350871141881e-13
-1.718871688895604e-12
-1.865257707130309e-11
-3.541642827556902e-12
-5.197760622607155e-11
-3.511602746881334e-12
-1.064025769043691e-10
6.344788847222319e-13
-1.910343563560244e-10
1.702871483261923e-11
-3.195054751431863e-10
7.020920640427184e-11
-5.069268157293595e-10
1.700883819311396e-10
-7.288431661901422e-10
9.313306444404237e-11
-8.230536261125293e-10
-9.223515524450486e-10
-6.770814202961017e-10
-2.680356104767869e-09
-2.028274296677942e-09
3.459285437251503e-09
-1.224914733505396e-08
4.821092559813362e-08
-4.689040845357396e-08
5.665840814177937e-08
-1.633554989648354e-07
8.718165689187589e-08
-2.730022569634878e-07
1.174075181785173e-07
-3.411306470707642e-07
1.40334170374257e-07
-3.671720008546846e-07
1.559969992154259e-07
-3.680152919263673e-07
1.656993068144412e-07
-3.434663343396841e-07
1.648726610951191e-07
-2.762665864548795e-07
1.850712563622801e-07
-1.650683698053285e-07
1.878120112078604e-07
-4.716134952725628e-08
1.941245260465205e-07
-1.203467706253148e-08
1.945769139488793e-07
-1.497116487393148e-09
1.942447995203782e-07
3.715213304933991e-11
1.95147879254372e-07
-2.729048050526744e-11
1.955138518901232e-07
1.8789125506463e-09
1.904303916593785e-07
1.29151231589209e-08
1.880908891554393e-07
4.777745122240259e-08
1.725665663183029e-07
1.54385098630109e-07
1.822035554566212e-07
2.591524499941592e-07
1.834618850696487e-07
3.255209051002749e-07
1.806491470314573e-07
3.529381906034825e-07
1.711942318395247e-07
3.597463810394951e-07
1.495661886025229e-07
3.482611366685392e-07
1.038604799233969e-07
3.144605762411357e-07
2.425799442557467e-07
3.009096923161928e-07
9.361332651001192e-08
2.695996246545274e-07
3.841838444272481e-08
2.672735410469793e-07
5.636117613197463e-09
2.660198204216552e-07
-1.372767492964345e-10
2.635748245393223e-07
6.881672735325453e-10
2.599175448609243e-07
1.494751089765226e-09
2.474936006481043e-07
2.64002724534223e-09
2.237942038175704e-07
-9.531312069509016e-09
2.040660612107049e-07
-5.768055454020038e-08
2.093992144825776e-07
-1.254552127001068e-07
2.065817237540982e-07
-1.36369441160098e-07
1.995953518189885e-07
-1.231615210246083e-07
1.887662897757459e-07
-9.819482475929137e-08
1.752901598213537e-07
-6.811711509936092e-08
1.583564682135497e-07
-4.242045488181021e-08
1.616968391978651e-07
-3.376703879666896e-08
1.876633081412171e-07
-1.392793891052175e-08
1.960667660850769e-07
-1.466790088765918e-09
1.975749238561039e-07
1.290134126879293e-09
1.984062802103871e-07
2.44361726788705e-10
1.992048412355793e-07
-5.288451799371377e-10
1.997530587114189e-07
-5.660980997609956e-10
2.000712641644581e-07
-3.663310110151889e-10
2.002554173943268e-07
-1.995621725712131e-10
2.003623783008023e-07
-9.990315779455322e-11
2.004143932161432e-07
-3.877148182788996e-11
2.004194991985102e-07
5.111555264171288e-12
2.003794246269957e-07
4.046796310766301e-11
2.002907761253945e-07
6.999607597439672e-11
2.001450514499446e-07
9.374721383674047e-11
1.999288345989436e-07
1.09814412561928e-10
1.996239372064151e-07
1.138631668027461e-10
1.992106872837419e-07
9.374457114850132e-11
1.986925325114116e-07
1.122807160291644e-11
1.98182159018332e-07
-2.184695657925637e-10
1.980172440639171e-07
-6.581385735639273e-10
1.984174455191642e-07
-1.077282785547417e-09
1.976137944099988e-07
-1.224623107027379e-09
1.907609817374053e-07
-5.396334590348845e-09
1.871747498383656e-07
-4.330417649205473e-08
1.665922435202813e-07
-1.427729925926729e-07
1.673569327199293e-07
-2.737669461186275e-07
1.573251189157205e-07
-3.310988332302302e-07
1.412304020854433e-07
-3.510772839974278e-07
1.178670865049862e-07
-3.446519763268799e-07
8.725139773221353e-08
-3.128506455572958e-07
5.65090465814474e-08
-2.455242353027773e-07
4.821978013686969e-08
-1.567791033700511e-07
3.376337474742387e-09
-2.31790688478163e-09
-2.640447451734223e-09
-6.017892170318983e-09
-7.570729490594881e-10
-3.380491039977479e-09
1.496020611399468e-10
-8.695229498247244e-10
-7.897081191241225e-10
9.120196025599418e-10
-2.411283812713938e-09
3.500488112787527e-09
4.407480397357229e-09
6.0963587846615e-09
5.023395987724242e-08
1.950971535919092e-09
6.302332492020643e-08
1.415957333477251e-07
1.006887853027848e-07
2.214869893331109e-07
1.415667925438575e-07
2.846428975514246e-07
1.782029127177689e-07
3.16302070036846e-07
2.111220085626986e-07
3.268272845166951e-07
2.412626823546464e-07
3.181204618554165e-07
2.661994286961162e-07
2.895238291241692e-07
2.445338338070832e-07
4.210643285217358e-07
7.254899794205337e-08
4.086488431701481e-07
5.083386984707876e-08
3.935898912438772e-07
2.069506962340651e-08
3.838580432969101e-07
9.594571291236599e-09
3.77589652561168e-07
6.95655810818729e-09
3.731410838220802e-07
5.943319932969962e-09
3.720182541557638e-07
3.762857021276388e-09
3.734026895276518e-07
-1.091574732558058e-08
3.686048410116769e-07
-5.288270590206391e-08
3.433651190011807e-07
-1.002154905605006e-07
3.197109146436934e-07
-1.127152366667104e-07
3.011137039415105e-07
-1.045643101793915e-07
2.876406236352403e-07
-8.472174430342889e-08
2.800781061008014e-07
-6.055459740866507e-08
2.775102635097073e-07
-3.985261212877649e-08
2.736030827562157e-07
-2.985985787563055e-08
2.761596222445697e-07
-1.648447822705264e-08
2.807066021769035e-07
-6.013769845253961e-09
2.841086126036351e-07
-2.111876121568548e-09
2.8604063319648e-07
-1.687658685594941e-09
2.871390759651866e-07
-1.627287767740227e-09
2.878400054824582e-07
-1.267027435891318e-09
2.883068177945234e-07
-8.331431435234207e-10
2.886045156465992e-07
-4.972598467537307e-10
2.887766483051851e-07
-2.720356420020213e-10
2.888549891060537e-07
-1.171121117389156e-10
2.888576475020974e-07
2.453324919388559e-12
2.887899774562165e-07
1.081381697165956e-10
2.886467430813299e-07
2.132306048155892e-10
2.884136345829685e-07
3.268558598543457e-10
2.880683544697381e-07
4.550946654093903e-10
2.875830287787048e-07
5.991889900628807e-10
2.869296367675329e-07
7.471367055069495e-10
2.8608797586661e-07
8.528890874812803e-10
2.850563722634086e-07
8.131341426182258e-10
2.839089442309443e-07
4.89289555336078e-10
2.831077433838484e-07
-2.760818521313792e-10
2.844201065428383e-07
-2.536986188679798e-09
2.915422251051332e-07
-1.251845308546773e-08
3.000865271143172e-07
-5.184847844300315e-08
2.945645125091396e-07
-1.372509779392499e-07
2.53649556894351e-07
-2.328519904641984e-07
2.069812156776021e-07
-2.844304919833958e-07
1.596473318045246e-07
-3.037434001024001e-07
1.113541363962947e-07
-2.963587809059146e-07
6.336336385398841e-08
-2.648598730102165e-07
2.533142560512029e-08
-2.074922970587561e-07
1.216634235667932e-08
-1.436140201355021e-07
6.790110803497984e-09
3.058324642338053e-09
1.176971596088748e-09
-4.047530019027404e-10
-4.072868542369328e-10
-1.796232647242452e-09
-4.487069772344498e-10
-8.281029054024181e-10
-3.158288233677954e-10
7.791413406786922e-10
1.524019060628882e-09
1.660640089209935e-09
7.5205498056074e-09
9.982786019583463e-11
1.292623295221464e-08
-3.454711829126298e-09
2.857410051363042e-08
1.259478655275025e-07
6.960030132418887e-08
1.804607882303943e-07
1.221074247635749e-07
2.321357737899507e-07
1.753743893519341e-07
2.630351050235836e-07
2.270309484519993e-07
2.751707247765394e-07
2.754709064895054e-07
2.696805029205352e-07
3.16077609345801e-07
2.489171255102457e-07
2.201144206100085e-07
4.356808677231207e-07
3.686813044459235e-08
4.533579555602202e-07
3.315678215963695e-08
4.554761500267225e-07
1.857687528010224e-08
4.543324909810232e-07
1.073823045608383e-08
4.537296007067879e-07
7.559448503598713e-09
4.544119629194906e-07
5.260957845211336e-09
4.575547905602576e-07
6.200295103640065e-10
4.600089613143254e-07
-1.336991794456529e-08
4.504105124459495e-07
-4.328425689270724e-08
4.251725118774219e-07
-7.497748984514724e-08
3.988159992649288e-07
-8.635872390107679e-08
3.767006349725348e-07
-8.244894572791044e-08
3.606703624604918e-07
-6.869147162614588e-08
3.512390315857279e-07
-5.112326636324289e-08
3.468000081605799e-07
-3.54135885275533e-08
3.429064753792724e-07
-2.596632491388881e-08
3.425952428202608e-07
-1.617324548342724e-08
3.446693096579852e-07
-8.087836495498086e-09
3.465407706548136e-07
-3.983336928320539e-09
3.473870688534055e-07
-2.533956693007747e-09
3.476620482865703e-07
-1.902267008886635e-09
3.477938133234216e-07
-1.398792281506268e-09
3.479148465466447e-07
-9.541761764929433e-10
3.480236980159775e-07
-6.061111285328713e-10
3.481040674507469e-07
-3.524048920057182e-10
3.481515266852251e-07
-1.645711660185688e-10
3.481668892021754e-07
-1.290901633642164e-11
3.481489445006326e-07
1.260830406356713e-10
3.480913727540542e-07
2.708025146835669e-10
3.479815631063855e-07
4.3666566291922e-10
3.478001753040283e-07
6.364826156871922e-10
3.475222934160712e-07
8.770710167202795e-10
3.471215286341616e-07
1.147901617513823e-09
3.465798943349948e-07
1.394523506530493e-09
3.459233110886816e-07
1.469717499432822e-09
3.453671733681449e-07
1.04542737557867e-09
3.457271316661771e-07
-6.360400601965303e-10
3.488693316478367e-07
-5.67918609131054e-09
3.560634775822921e-07
-1.97125989506134e-08
3.591550834695927e-07
-5.494008427172062e-08
3.396728946237629e-07
-1.177687890442036e-07
2.922948802504181e-07
-1.854739760518331e-07
2.350876789446417e-07
-2.272232906473281e-07
1.756147338939513e-07
-2.442704550309206e-07
1.177805364861269e-07
-2.385245834854383e-07
6.563940070877521e-08
-2.127187372293978e-07
2.705284192014149e-08
-1.689057382749638e-07
2.219380792965571e-09
-1.187805590234753e-07
4.184823197723332e-09
1.092882211815238e-09
2.861758721303422e-09
9.183114341384324e-10
1.161340375888038e-09
-9.581435897886113e-11
5.874195120589006e-10
-2.541821221836261e-10
1.267463326817762e-09
9.909741828982216e-11
3.074093365876796e-09
-1.459900922412612e-10
4.409397832026528e-09
-1.235476784988716e-09
2.292353480336593e-09
-1.337667697582862e-09
2.689702472207377e-08
1.013431940282853e-07
6.480749999204363e-08
1.425503126781602e-07
1.163044916842679e-07
1.806387817839423e-07
1.73222017368628e-07
2.061175789642489e-07
2.311790067393488e-07
2.172137348042153e-07
2.863241239933877e-07
2.145353848955563e-07
3.338476559480887e-07
2.013935930000176e-07
1.845388954251799e-07
4.357417021425036e-07
1.126428303593502e-09
4.664785660591567e-07
2.419918343945523e-09
4.818217507374898e-07
3.233690732406337e-09
4.888686322676828e-07
3.691349065340353e-09
4.928775544476665e-07
3.550526467445082e-09
4.960670090694904e-07
2.071503371385186e-09
4.991209044671353e-07
-2.433865735094541e-09
4.991878549171783e-07
-1.3436868237604e-08
4.889660248225374e-07
-3.306242663625283e-08
4.670726201708599e-07
-5.308408502629781e-08
4.425028978724152e-07
-6.178900143030898e-08
4.203900645113595e-07
-6.033611218904653e-08
4.03351102295087e-07
-5.165250922709084e-08
3.920805603216618e-07
-3.985272420195637e-08
3.853669512799772e-07
-2.869997929372477e-08
3.802627763356967e-07
-2.086214977325529e-08
3.777399055269995e-07
-1.365037447519865e-08
3.774493402055721e-07
-7.797270971568964e-09
3.778110744529305e-07
-4.345070971436522e-09
3.779768705034173e-07
-2.699752537767211e-09
3.779418318180625e-07
-1.867228117706216e-09
3.778696519813132e-07
-1.32661223907999e-09
3.77832154719959e-07
-9.166787111447005e-10
3.778288384267143e-07
-6.027946331728834e-10
3.778426913224988e-07
-3.662575892221755e-10
3.77862098729713e-07
-1.839783783124799e-10
3.77881502448595e-07
-3.231254572624905e-11
3.778977657776762e-07
1.098198956468866e-10
3.779077682191211e-07
2.608002500792185e-10
3.779074178782511e-07
4.370161735744139e-10
3.778918248228352e-07
6.520758319805087e-10
3.778569939136284e-07
9.119020782968016e-10
3.778040686271319e-07
1.200827046109744e-09
3.777490441784512e-07
1.449548087681391e-09
3.777491670579044e-07
1.469594741243291e-09
3.779733446442675e-07
8.212499001712722e-10
3.788047730158212e-07
-1.467468332429909e-09
3.806371955907369e-07
-7.5116085774169e-09
3.822842124473283e-07
-2.135961572998176e-08
3.765381195011845e-07
-4.919399125866925e-08
3.512788318163833e-07
-9.250950130362058e-08
3.038490299972219e-07
-1.38044174186598e-07
2.45231202689111e-07
-1.686054633034379e-07
1.829365083423153e-07
-1.819757606572508e-07
1.226520827209985e-07
-1.782401578467409e-07
6.941133864694879e-08
-1.594779931464054e-07
2.952936119915094e-08
-1.290237608277365e-07
1.041204956730525e-09
-9.029240279102724e-08
2.188767029195283e-09
-5.467988250243078e-11
2.701590767958579e-09
4.054876600098628e-10
2.228075977092645e-09
3.777003782919987e-10
1.892884732534619e-09
8.100904679143053e-11
2.243224815777307e-09
-2.512427690708086e-10
2.686941075748542e-09
-5.897064889499089e-10
2.079200649722741e-09
-6.277365328466753e-10
8.14367607527325e-10
-7.283486665489838e-11
2.687033073271286e-08
7.528723065973089e-08
6.294633220733176e-08
1.064743109382374e-07
1.113232740267265e-07
1.322618396994124e-07
1.664431848436203e-07
1.509976678330596e-07
2.240149703158829e-07
1.596419488645638e-07
2.800056979361178e-07
1.585446566874494e-07
3.30464615128571e-07
1.509346753274584e-07
1.429558515542965e-07
4.359484438362136e-07
-3.482201527053841e-08
4.671655854601189e-07
-2.879722308246586e-08
4.831571903373695e-07
-1.275791397125551e-08
4.909249050014215e-07
-4.076365428966836e-09
4.955341843410927e-07
-1.058752701027048e-09
4.986859187214165e-07
-1.08023083502094e-09
5.002557370873043e-07
-4.003683923405156e-09
4.979958886229044e-07
-1.117701959186781e-08
4.878646400946794e-07
-2.29311779223529e-08
4.694941470535837e-07
-3.471359179529778e-08
4.481867319838859e-07
-4.04815861660445e-08
4.279658726609134e-07
-4.011525266715072e-08
4.113675963111513e-07
-3.505423267382025e-08
3.992857047727467e-07
-2.777083245600142e-08
3.911387291033134e-07
-2.05530034126549e-08
3.852480394602046e-07
-1.497145991517897e-08
3.816725069319574e-07
-1.007484172874964e-08
3.800390272278217e-07
-6.163791046946048e-09
3.793546914488589e-07
-3.660734969886951e-09
3.789452271631756e-07
-2.290288028531606e-09
3.786183155062939e-07
-1.540316236526063e-09
3.783676240574978e-07
-1.075920566562963e-09
3.781996102189615e-07
-7.486646496816606e-10
3.781015154549296e-07
-5.046996485352289e-10
3.780546794541127e-07
-3.194213702948068e-10
3.780447673378873e-07
-1.740660481950061e-10
3.780636898764777e-07
-5.123487473766771e-11
3.781084383442583e-07
6.507163124451126e-11
3.781799850055584e-07
1.892537859883589e-10
3.782829530966292e-07
3.340482715638641e-10
3.78425955242489e-07
5.090738672419698e-10
3.786221407736916e-07
7.157167183090498e-10
3.788889258476795e-07
9.340421338682725e-10
3.79244905726088e-07
1.093568359724093e-09
3.797008264876952e-07
1.013674119488586e-09
3.802339981423411e-07
2.880783732082127e-10
3.806863646661711e-07
-1.919834739800901e-09
3.803693189965407e-07
-7.19456280380005e-09
3.770363684374171e-07
-1.802666507821664e-08
3.651441770227365e-07
-3.73017997635721e-08
3.374758519977403e-07
-6.484117620916644e-08
2.927407613785058e-07
-9.330908350935174e-08
2.375439342857489e-07
-1.134086361628078e-07
1.780806027779869e-07
-1.2251242911197e-07
1.198445267383816e-07
-1.200040817788845e-07
6.75791795620269e-08
-1.072126459513535e-07
2.774397627978961e-08
-8.918855753597736e-08
9.608240525771164e-10
-6.350925056453322e-08
1.808228705439344e-09
-9.020845474160185e-10
2.391593632026275e-09
-1.77877292694961e-10
2.448478332887657e-09
3.208156340053536e-10
2.357241808511139e-09
1.722455057274636e-10
2.364958142671346e-09
-2.589591954535104e-10
2.1938157919959e-09
-4.185642622480281e-10
1.508761263022857e-09
5.731783924088545e-11
6.698523340376943e-10
7.660738702498649e-10
2.387974000475559e-08
5.207734277218642e-08
5.786082573659294e-08
7.249322497172651e-08
1.025839522589663e-07
8.753871295955257e-08
1.533012603155714e-07
1.002803594945373e-07
2.067785919622121e-07
1.06164616821848e-07
2.600425686402351e-07
1.05280679381057e-07
3.103014746946548e-07
1.006757687408903e-07
9.927957338325448e-08
4.361912071128624e-07
-7.101322231925148e-08
4.551578955554403e-07
-4.776391136358859e-08
4.590401973402354e-07
-1.664021556715456e-08
4.599359803680924e-07
-4.972148259960612e-09
4.612731767502803e-07
-2.395948882818461e-09
4.624865406385851e-07
-2.293594519830235e-09
4.622180301539383e-07
-3.735173232402996e-09
4.585225324278638e-07
-7.481521656115157e-09
4.491214821977638e-07
-1.353012747936308e-08
4.340047051352626e-07
-1.959681451624556e-08
4.162997638276068e-07
-2.277664463835518e-08
3.989253704688129e-07
-2.274085908452256e-08
3.839971471941921e-07
-2.012600917189395e-08
3.724459602020383e-07
-1.621964523292348e-08
3.641191206613941e-07
-1.222616363795979e-08
3.581148764823469e-07
-8.967215498949746e-09
3.541949720642411e-07
-6.154937070974473e-09
3.519535646624737e-07
-3.922383403131258e-09
3.507197145051239e-07
-2.426884568926278e-09
3.499763453321004e-07
-1.546918610519218e-09
3.494772929781991e-07
-1.041263637261675e-09
3.491296431273233e-07
-7.282704701802338e-10
3.488940149673596e-07
-5.130362452970875e-10
3.487446003877639e-07
-3.552848258509359e-10
3.486614406776224e-07
-2.362614198728489e-10
3.486305539758484e-07
-1.431791091721454e-10
3.486441629424917e-07
-6.484360888002945e-11
3.487004489242175e-07
8.785877119652025e-12
3.488033752147556e-07
8.632771624450231e-11
3.489629147986518e-07
1.745089016367679e-10
3.491951435999631e-07
2.768452710693065e-10
3.495209608786965e-07
3.898996360646723e-10
3.499603095418847e-07
4.946936565406476e-10
3.505154119554999e-07
5.384661217762432e-10
3.511311415436962e-07
3.979446949515489e-10
3.516105746600847e-07
-1.913545908175384e-10
3.514419873203083e-07
-1.751247260495161e-09
3.494552674041645e-07
-5.207842759999734e-09
3.432971982134118e-07
-1.18685957728567e-08
3.289631065465129e-07
-2.296770799396021e-08
3.021971089238523e-07
-3.80751784964312e-08
2.624306325811523e-07
-5.354260708791742e-08
2.137945520272344e-07
-6.477255554182902e-08
1.61038399553187e-07
-6.975627658130073e-08
1.085238319114926e-07
-6.748951409114657e-08
5.980250027667688e-08
-5.849131428029125e-08
2.20080452771372e-08
-5.139410251040934e-08
1.738046298186997e-09
-4.323925157011244e-08
2.304359426660428e-09
-1.468397672469058e-09
2.150431180536087e-09
-2.39490574201263e-11
2.055350388294733e-09
4.158963980256045e-10
2.009218977325572e-09
2.183768669557625e-10
1.938684847448808e-09
-1.884251412920443e-10
1.886615878213033e-09
-3.664953974257599e-10
1.891476571367477e-09
5.245700967933947e-11
1.334856365224307e-09
1.32269391338606e-09
1.823503925687822e-08
3.517715968911134e-08
4.924293548386859e-08
4.148532855323793e-08
8.926257207076271e-08
4.751907617041205e-08
1.334100657436674e-07
5.61328655825066e-08
1.798764146480815e-07
5.969826745210558e-08
2.273027163455461e-07
5.785437710446496e-08
2.743174785093666e-07
5.36610061617929e-08
5.650428295797549e-08
4.218468033637723e-07
-9.286002538050702e-08
4.111590587449274e-07
-3.707616648833959e-08
3.984369965953371e-07
-3.918153180103755e-09
3.915364301743681e-07
1.928418395722015e-09
3.884855009184936e-07
6.54980608919031e-10
3.866676533007549e-07
-4.757466644519586e-10
3.842893880958888e-07
-1.35690778758258e-09
3.797945892932599e-07
-2.986722611333598e-09
3.717954238033519e-07
-5.53096174473379e-09
3.602750152563423e-07
-8.076405722080337e-09
3.469647647787961e-07
-9.466393910909836e-09
3.336954166340266e-07
-9.471510687266337e-09
3.219302649535474e-07
-8.360857236157668e-09
3.124157231722186e-07
-6.705103193786938e-09
3.052102329424055e-07
-5.020673147751007e-09
2.998747279941499e-07
-3.631710288000824e-09
2.961879784229801e-07
-2.46818723490992e-09
2.938271708520068e-07
-1.561575565449294e-09
2.923538823019851e-07
-9.53595750596867e-10
2.914075443160692e-07
-6.005803552237948e-10
2.907730460250981e-07
-4.067650761494798e-10
2.903371545360501e-07
-2.923787109543258e-10
2.900387596335699e-07
-2.146410729854816e-10
2.898403758655354e-07
-1.569007893092784e-10
2.897167706592172e-07
-1.126559467911481e-10
2.896510087417691e-07
-7.741692797122385e-11
2.896328585322311e-07
-4.669313900108043e-11
2.89657833349923e-07
-1.618868519963182e-11
2.897262952546932e-07
1.786606157070508e-11
2.898423425683518e-07
5.846183099704313e-11
2.900117319861799e-07
1.074560890560481e-10
2.902372608523581e-07
1.643709965363002e-10
2.905084214204052e-07
2.235333061194126e-10
2.907793070551787e-07
2.675806936013663e-10
2.909244830886039e-07
2.527688575722127e-10
2.906572800330538e-07
7.584864830324369e-11
2.893918719825363e-07
-4.858390380479269e-10
2.860356104456147e-07
-1.851581064519209e-09
2.787834315284862e-07
-4.616416709359572e-09
2.650967989579963e-07
-9.281075290731196e-09
2.42622548856272e-07
-1.560092827410689e-08
2.111991426083313e-07
-2.211920073260752e-08
1.734146920414641e-07
-2.698810487915202e-08
1.326679018290151e-07
-2.900948628543121e-08
9.231141692003089e-08
-2.71330291095846e-08
5.50487816219156e-08
-2.122867892128379e-08
2.324485880346868e-08
-1.959017964187744e-08
3.898978782471329e-09
-2.389337151125421e-08
2.274584393652767e-09
1.559967414543306e-10
1.555610439392788e-09
6.950249066620302e-10
1.41250302764307e-09
5.590038018492944e-10
1.402243311710192e-09
2.286365536835948e-10
1.327529947139512e-09
-1.137118308047546e-10
1.362039335623023e-09
-4.010048665648332e-10
1.907861184425101e-09
-4.93364947712458e-10
3.24044010042074e-09
-9.885134400538688e-12
1.917790493795517e-08
1.923969469798328e-08
4.49460403802588e-08
1.571719296103509e-08
7.507166363839908e-08
1.739345275299048e-08
1.084481517951192e-07
2.275637719429233e-08
1.434620572283139e-07
2.468436167040924e-08
1.787352421368898e-07
2.258119164460123e-08
2.131780865182451e-07
1.921816101743031e-08
2.774219526268694e-08
3.016136616231555e-07
5.526313144172674e-09
2.714222828861777e-07
-6.884787511822828e-09
2.705198699481695e-07
-3.015739978624295e-09
2.707572980002827e-07
1.690990614003803e-09
2.694101890250604e-07
2.002089857227239e-09
2.678467091488049e-07
1.087733486823726e-09
2.659207346654425e-07
5.690669722257035e-10
2.626366329396697e-07
2.973793924412776e-10
2.571379135720429e-07
-3.224209774644665e-11
2.494334744231445e-07
-3.71966292288234e-10
2.405030400341439e-07
-5.359592395415585e-10
2.315226272205154e-07
-4.910975897073343e-10
2.234777545771692e-07
-3.159843072812814e-10
2.168879948614166e-07
-1.153431909768259e-10
2.118404483799863e-07
2.687362238145953e-11
2.081206795835675e-07
8.805879850690863e-11
2.055401444702369e-07
1.123481700787106e-10
2.038591957760953e-07
1.193734214626643e-10
2.028027597783201e-07
1.028405412608548e-10
2.021331283045114e-07
6.905141332890582e-11
2.016927535526553e-07
3.360997125733885e-11
2.013941695636748e-07
6.20557355979786e-12
2.011914045848326e-07
-1.187579862983805e-11
2.010578142944749e-07
-2.331020440973847e-11
2.009759633277326e-07
-3.080468672733992e-11
2.009342202660516e-07
-3.567357518868005e-11
2.009256070267426e-07
-3.807961139264149e-11
2.00947097142697e-07
-3.767851658915072e-11
2.009989643184369e-07
-3.400083431498008e-11
2.010838862421267e-07
-2.645981826866787e-11
2.012052745224449e-07
-1.393192366994405e-11
2.013635162317249e-07
6.129547673133183e-12
2.015478382435633e-07
3.921154569616634e-11
2.017198326433725e-07
9.558653639902965e-11
2.017819756669634e-07
1.906260655588849e-10
2.015190367969742e-07
3.387877397037098e-10
2.004980382072018e-07
5.351597604002088e-10
1.979216094215572e-07
7.248479186897268e-10
1.925252818998901e-07
7.799109959025666e-10
1.827060883815316e-07
5.38118399669759e-10
1.671429347175746e-07
-3.777445273884974e-11
1.457491717056805e-07
-7.254375747690875e-10
1.199317159767012e-07
-1.170649018970377e-09
9.198327512343745e-08
-1.061045312014482e-09
6.533027575563208e-08
-4.80029636228358e-10
4.468486605949363e-08
-5.832691304221651e-10
2.667209344659061e-08
-1.577406949141788e-09
6.104469118719552e-09
-3.325747115300581e-09
1.9117072728883e-09
4.348758638705178e-09
9.731766745282981e-10
1.633555541535742e-09
9.470783194448112e-10
5.851021728733772e-10
9.73517846134491e-10
2.021970225479937e-10
8.990433167708942e-10
-3.923733097391073e-11
8.735863958552748e-10
-3.75548000331947e-10
1.633250756451447e-09
-1.253029386713928e-09
5.122060066856812e-09
-3.498694547269214e-09
2.184472039153637e-08
2.517034261964883e-09
3.645353253551357e-08
1.108380689743589e-09
5.351206773292199e-08
3.349174286658245e-10
7.613435529734746e-08
1.340894528441407e-10
1.006102678477106e-07
2.084487247867516e-10
1.229167119816837e-07
2.747467784721873e-10
1.404942007356414e-07
1.640672184636099e-09
-1.825538655439916e-09
6.994287828002018e-09
-1.467974337401389e-09
-2.546435380165106e-10
3.641441803336011e-10
-2.630368924900461e-09
-6.400142773458001e-10
-1.035305762121892e-09
9.592776431309223e-11
1.228847313010667e-10
8.438996778222392e-10
3.248251382645402e-10
8.857933944420187e-10
2.846648986304276e-10
6.092275272444314e-10
2.853671147330869e-10
2.966774919255681e-10
2.54320193400163e-10
-1.194860387738649e-12
1.321089090691519e-10
-2.497546918822316e-10
-1.606248443215235e-11
-3.877875297155933e-10
-1.220000466826288e-10
-3.851597110181246e-10
-1.573931051649147e-10
-2.805909321976724e-10
-1.319175581743911e-10
-1.408184210659834e-10
-8.187817661852602e-11
-2.316544216422252e-11
-4.549590753988191e-11
5.167684697540313e-11
-2.065467507866259e-11
8.750725521219387e-11
1.171984288703833e-12
9.754708044050196e-11
1.599066757991701e-11
8.802217624371045e-11
2.018565434678921e-11
6.485674568623234e-11
1.671288753574323e-11
3.708305688657864e-11
1.072951327691023e-11
1.218926736513464e-11
5.70047980112692e-12
-6.846446331623439e-12
2.719397239900109e-12
-2.032880274449302e-11
1.471533814961936e-12
-2.955650557560629e-11
1.244661228290381e-12
-3.544638544575516e-11
1.388457459897391e-12
-3.822309275724156e-11
1.317295222681361e-12
-3.760704135012118e-11
3.237599139786489e-13
-3.300698944635468e-11
-2.668475248143308e-12
-2.346727712882218e-11
-9.327645472051877e-12
-7.272452246835927e-12
-2.198771315226556e-11
1.878991090314821e-11
-4.306559712300646e-11
6.028971901058404e-11
-7.281472321947278e-11
1.253359439003547e-10
-1.044457140592624e-10
2.222573301933625e-10
-1.178369679109806e-10
3.521792570567718e-10
-7.79330103145825e-11
4.952560574340394e-10
5.076230734441946e-11
5.961528431276618e-10
2.641115523814314e-10
5.665619830751902e-10
4.691872033939924e-10
3.330429663695139e-10
5.1397304437936e-10
-8.256008660446366e-11
3.240690859541727e-10
-5.355334252777023e-10
-1.194801350300088e-11
-8.346317394639902e-10
-1.826648414233544e-10
-8.903283212612487e-10
1.64894183393705e-10
-8.275885096047733e-10
4.581976793830791e-10
-8.765724932224853e-10
-5.679814550162139e-10
-5.512276938223944e-10
-3.490531047369508e-09
-4.031974218450331e-10
2.470222286376679e-10
6.112054493004482e-10
8.829684165052607e-10
9.976094177193383e-10
8.407636558433236e-10
6.273069790852592e-10
7.895294939948637e-10
2.534312039709732e-10
7.926392548864032e-10
-4.234709525632667e-11
8.01808547235419e-10
-3.847173224605649e-10
2.773737459677251e-10
-7.285946382350036e-10
-2.745970338471613e-09
-4.753505339414839e-10
-4.724403330325617e-10
2.435041680869016e-10
3.499296827407158e-10
2.860105879316269e-10
2.033890607442698e-10
4.81457959762742e-10
-1.499362238047501e-11
3.524719778628274e-10
-1.595761713885971e-10
3.530310035597518e-10
-2.476194083365563e-10
3.627899427928247e-10
1.465106890589688e-09
-7.205474015129216e-11
-3.604316417088121e-10
3.283243585918395e-10
-1.796298448762662e-09
3.85368428195208e-10
3.071004379063817e-10
-6.891126630590386e-10
4.34467158328592e-10
-7.404582510092158e-10
1.472737019090212e-10
-2.075981146809717e-10
3.110398918808316e-10
1.767724033718472e-10
5.014232276953717e-10
3.222597688404732e-10
4.637405120155694e-10
3.455607936936338e-10
2.733768174242779e-10
2.90460510291179e-10
5.39057715531609e-11
1.672569792271282e-10
-1.265508125129936e-10
1.667406285232058e-11
-2.372042672270459e-10
-1.031592528066233e-10
-2.65326049551491e-10
-1.596487817116926e-10
-2.241010597731389e-10
-1.554839701909663e-10
-1.449828892500593e-10
-1.181625584430237e-10
-6.048651273737436e-11
-7.453404407221259e-11
8.048673853819851e-12
-3.759327413583478e-11
5.05668246608762e-11
-8.766301627113194e-12
6.872044771426493e-11
1.061480218482364e-11
6.864141075155207e-11
1.915439558226672e-11
5.631749130236181e-11
1.877105784167619e-11
3.746673259565139e-11
1.376538145122442e-11
1.71952825766165e-11
7.99544659280539e-12
-1.07617336622511e-12
3.499290672749486e-12
-1.583230795931731e-11
7.122683638113854e-13
-2.67691449722145e-11
-7.875187936737812e-13
-3.394625968968356e-11
-1.747997154431797e-12
-3.726227650016652e-11
-3.087684853652893e-12
-3.626701634351188e-11
-5.984236719734094e-12
-3.011010143919339e-11
-1.201931000308637e-11
-1.743186966681213e-11
-2.316778048106722e-11
3.876350420805541e-12
-4.130430215124074e-11
3.692676094402798e-11
-6.669855264637137e-11
8.568429472735782e-11
-9.49839772373776e-11
1.536216876072167e-10
-1.129828197134455e-10
2.402564871976594e-10
-9.623224713221122e-11
3.354289902716749e-10
-1.457958838865113e-11
4.136036982847838e-10
1.472702359221177e-10
4.343033068492869e-10
3.573973299978608e-10
3.564351691589346e-10
5.241627366368443e-10
1.662778254399154e-10
5.43677736044676e-10
-1.020748297646887e-10
3.861791894519766e-10
-3.78034639674146e-10
1.457564559041466e-10
-5.942087777641135e-10
-1.704953292013557e-11
-7.27522124115951e-10
-7.890816856472873e-11
-7.657296777145763e-10
-3.472537503712539e-10
-6.08226737495944e-10
-7.136746565138541e-10
-1.848066271673171e-10
-1.195986844256358e-09
7.911490128412724e-11
-4.7861388826324e-10
-1.061673866744693e-10
2.835690854015677e-10
2.354265354894765e-10
5.69344804531395e-10
3.415313335158448e-10
6.138313716885123e-10
2.089446783705217e-10
5.619812059460301e-10
9.503093017826325e-12
3.196853819480069e-10
-1.424215080549517e-10
-3.004868568734994e-10
-1.084224228906442e-10
-8.810082079055164e-10
1.051707684609778e-10
-5.16853756253963e-10
-1.206503327620442e-10
-2.327431671065413e-10
1.899941638123158e-12
-1.222803598011111e-11
2.609427784053911e-10
1.780232152823942e-12
3.384636589608699e-10
5.722568467629024e-11
2.975854724579485e-10
2.862782800106607e-10
1.337370643345266e-10
3.639378545432507e-10
-1.497139718343541e-10
3.506233263535723e-12
-7.721673014768038e-10
-1.024130769472056e-09
-2.761983784241235e-10
-1.888680979597543e-10
-1.727765636166999e-10
3.310457268533725e-10
-2.987103976275602e-10
2.732079181194214e-10
-1.966002295077009e-10
2.089301065159048e-10
4.462239257723805e-11
2.602009864158265e-10
2.279917583832827e-10
2.803715268370883e-10
2.929713624021341e-10
2.083975907611125e-10
2.606554387555624e-10
8.622207194195213e-11
1.66598835456385e-10
-3.249383676871768e-11
4.79175310074993e-11
-1.185225909798702e-10
-5.649795750882417e-11
-1.609101942298685e-10
-1.202332918190081e-10
-1.603653589605176e-10
-1.381477791835184e-10
-1.270680407372946e-10
-1.220622570024298e-10
-7.65716734128017e-11
-8.892735610716174e-11
-2.508587091485263e-11
-5.343519226085982e-11
1.507501818056419e-11
-2.361448650643497e-11
3.890009425142558e-11
-2.557455273930967e-12
4.758473402283961e-11
9.069492043063454e-12
4.469089402228093e-11
1.252136779442379e-11
3.401520998504831e-11
1.054367124788122e-11
1.917332865486556e-11
6.146740804171735e-12
3.3211103235099e-12
1.52144726371265e-12
-1.120666374792597e-11
-2.297182265892887e-12
-2.295016093678928e-11
-5.212339276540089e-12
-3.10307496320963e-11
-7.726719698982153e-12
-3.474753976432395e-11
-1.073349219501191e-11
-3.325988789865154e-11
-1.544152165522051e-11
-2.540171418407331e-11
-2.32737209486985e-11
-9.599311981904663e-12
-3.548311622187882e-11
1.608610354469463e-11
-5.218481196680414e-11
5.362881586068406e-11
-7.060559207286212e-11
1.04105430079476e-10
-8.283998153493662e-11
1.65856434040083e-10
-7.448882991890422e-11
2.319056842954878e-10
-2.695320293925146e-11
2.878937137634068e-10
7.358092436453044e-11
3.130699080781913e-10
2.210667927281003e-10
2.868177769908423e-10
3.778783124072106e-10
1.996239689492125e-10
4.832738519279435e-10
6.088260610420115e-11
4.864666863450514e-10
-1.052673688928862e-10
3.815690754214759e-10
-2.731367336832684e-10
2.100353153459023e-10
-4.22674753178724e-10
9.268812273202941e-12
-5.267553578329001e-10
-2.309099069272463e-10
-5.255507309671556e-10
-4.793793793833147e-10
-3.597570400512282e-10
-5.452739601392455e-10
-1.189118615282062e-10
-4.442743789547355e-10
-2.188449931982563e-11
-3.930899064205374e-10
-1.573517225721515e-10
-7.130109679725209e-11
-8.636214415058275e-11
2.149319379522877e-10
5.529838205566193e-11
3.221410818410469e-10
1.01735609178042e-10
2.525874141908292e-10
7.905678912459104e-11
2.637861838987569e-11
8.378730936140332e-11
-2.312025455615455e-10
1.491587241236004e-10
-2.72143938374727e-10
1.461121455425771e-10
-3.598240191906842e-10
-3.297029122510245e-11
-3.250902523324635e-10
-3.283384904709969e-11
-1.571055362482835e-10
9.295803765317157e-11
-3.803439762000232e-12
1.851615280473469e-10
1.318419040108689e-10
1.619401132144096e-10
2.096587092730875e-10
5.592048469717201e-11
6.683481484732987e-11
-6.890063475288525e-12
7.034123026230961e-11
-5.484923215102809e-10
-4.756381127120281e-10
-4.76794056885145e-10
-2.605659701063201e-10
-2.162322888718487e-10
7.048435934698675e-11
-1.3463518119763e-10
1.916112117942202e-10
-9.89290544864286e-11
1.732243804351069e-10
3.70879540838888e-12
1.575635352555779e-10
1.254420879605221e-10
1.586386308770795e-10
1.957781132454983e-10
1.380619591374871e-10
1.957962735557167e-10
8.620430224015368e-11
1.430051176321534e-10
2.029770619162319e-11
6.466151093535678e-11
-4.017860086520665e-11
-1.325889246013407e-11
-8.298941120187275e-11
-7.142388509093567e-11
-1.021999904867955e-10
-1.009891709709282e-10
-9.750238256934704e-11
-1.033589426020358e-10
-7.420153305285936e-11
-8.67424793841102e-11
-4.170196831344104e-11
-6.176904052743533e-11
-9.898057814462862e-12
-3.711508624982761e-11
1.424650091938121e-11
-1.75571930612699e-11
2.802719972876488e-11
-4.739872698375103e-12
3.187393187192559e-11
1.5707835892093e-12
2.770491096393732e-11
2.720472182815425e-12
1.802399797166126e-11
5.45227995924661e-13
5.496712633355027e-12
-3.248366592480071e-12
-7.412709150354006e-12
-7.498342360108697e-12
-1.86998239099785e-11
-1.169611997020946e-11
-2.683260791680047e-11
-1.589111361852084e-11
-3.055218004014127e-11
-2.053319084510569e-11
-2.861744126658063e-11
-2.62904233299439e-11
-1.964411011461131e-11
-3.374547055295131e-11
-2.143890021179767e-12
-4.280354797425721e-11
2.514455739597357e-11
-5.171112445253668e-11
6.253677095246328e-11
-5.587156237794083e-11
1.082662469954767e-10
-4.717783452312977e-11
1.571630855190561e-10
-1.515024059945916e-11
1.998784678690437e-10
4.887520520378254e-11
2.238686431051464e-10
1.448312351720255e-10
2.171142483352548e-10
2.578501075201652e-10
1.737992690702753e-10
3.59130940165297e-10
9.834349199257132e-11
4.166635028085164e-10
3.350389381319643e-12
4.09379957732807e-10
-9.798349091713996e-11
3.330539766633153e-10
-1.968104336434877e-10
1.929878413321736e-10
-2.826083162612037e-10
-3.096649686632434e-12
-3.306705831278141e-10
-2.206757572223927e-10
-3.079713612055578e-10
-3.630567602618318e-10
-2.173757962307069e-10
-3.514357269810674e-10
-1.305326791256204e-10
-2.583605738190046e-10
-1.149594613568747e-10
-2.577300073089312e-10
-1.579821261823754e-10
-1.838881289767979e-10
-1.602038865866625e-10
-4.97537123830043e-11
-7.883592876327604e-11
2.967992980974943e-11
2.23020453725842e-11
3.713487515453239e-12
1.050232813260184e-10
-8.356786590859034e-11
1.710686899976368e-10
-1.329044719806245e-10
1.984953375129239e-10
-1.308947775128858e-10
1.441024468384296e-10
-2.126417553577968e-10
4.877667609199968e-11
-2.447277442591448e-10
-7.478671757479762e-13
-1.678577128898822e-10
1.608800269168198e-11
-3.626389423171311e-11
5.356771133897978e-11
6.737024971983188e-11
5.830597486209156e-11
7.949360086305173e-11
4.379713189635915e-11
1.32814430993167e-11
5.932244408884669e-11
8.362276624494113e-11
-2.760151972183713e-10
-1.99622533211475e-10
-3.641273233494947e-10
-1.724534252838082e-10
-2.485940946197244e-10
-4.504845140061973e-11
-1.265265423618958e-10
6.9544078135595e-11
-6.140430774767837e-11
1.081025607515303e-10
-7.09426605828381e-12
1.032539081967519e-10
5.654565068729944e-11
9.499912334492772e-11
1.076974506010101e-10
8.691056791828782e-11
1.252226983065888e-10
6.867945628871758e-11
1.075921235963119e-10
3.792868230057789e-11
6.640468057176281e-11
1.00923537156724e-12
1.662497781406459e-11
-3.320931497262578e-11
-2.849414874599879e-11
-5.708047947878258e-11
-5.99121098255796e-11
-6.608403573131361e-11
-7.404349516271454e-11
-6.006977132002929e-11
-7.265756412293693e-11
-4.308752026763989e-11
-6.106710914468349e-11
-2.148814284923694e-11
-4.538387779883974e-11
-1.436356265966368e-12
-3.028574974436562e-11
1.292943751216731e-11
-1.838669902670616e-11
1.997525263925468e-11
-1.069458228449483e-11
2.001315880761504e-11
-7.190503445882031e-12
1.452029040460063e-11
-7.231519161753035e-12
5.538094718691183e-12
-9.884213550521001e-12
-4.759641377320127e-12
-1.422171166110135e-11
-1.436195482507603e-11
-1.951519972593797e-11
-2.153874256397306e-11
-2.528276000170651e-11
-2.478424201624381e-11
-3.121424127623526e-11
-2.268557794217668e-11
-3.698697052828245e-11
-1.387099526690385e-11
-4.194581707990875e-11
2.815342887665826e-12
-4.462243912047985e-11
2.782157245213746e-11
-4.218731816905504e-11
6.010203860881582e-11
-3.017833463257973e-11
9.625766165993782e-11
-3.106804281539186e-12
1.300919421917898e-10
4.350821553122324e-11
1.532638472363287e-10
1.098605005598582e-10
1.575167379124737e-10
1.889054078619039e-10
1.380697350552361e-10
2.663105156541237e-10
9.639452676665111e-11
3.246638813237755e-10
3.999050740164949e-11
3.494867932156648e-10
-2.147217960550528e-11
3.32059358300027e-10
-8.055569672332072e-11
2.675016215978076e-10
-1.322523851958594e-10
1.543710151412666e-10
-1.694773814455585e-10
5.313057652581196e-12
-1.816123530872557e-10
-1.373421256164503e-10
-1.653158890412787e-10
-2.165154604041535e-10
-1.382022348934868e-10
-2.199723542977028e-10
-1.270755432753659e-10
-1.983495171832976e-10
-1.365821232245439e-10
-2.072873945383733e-10
-1.490440598722155e-10
-2.189761618604879e-10
-1.485149985217681e-10
-1.974648863923753e-10
-1.00347071561518e-10
-1.658890718167512e-10
-9.273701538349817e-12
-1.502865347572674e-10
8.942082398956051e-11
-1.381367372198783e-10
1.589189183400899e-10
-1.122375303227266e-10
1.725961725139525e-10
-1.011810806423741e-10
1.330460045285492e-10
-1.282037867087445e-10
7.579940994900984e-11
-1.504129013150954e-10
2.146126352224038e-11
-1.260287865930664e-10
-8.296075681347484e-12
-6.294627373636511e-11
-9.514788913512263e-12
-1.052517322628455e-11
5.884896043647961e-12
8.01710731541788e-13
3.247042813667191e-11
-4.98240042324439e-12
6.510670264737188e-11
7.864052354843556e-11
-1.245701419386048e-10
-7.505201195797593e-11
-2.108371443750341e-10
-8.618600044471014e-11
-1.998950146281347e-10
-5.599015598461118e-11
-1.324507357689247e-10
2.10022234988526e-12
-7.021346603853264e-11
4.586571264231937e-11
-2.628051773907e-11
5.932137754290642e-11
1.16465953134637e-11
5.707242610157507e-11
4.600477516698369e-11
5.255279878243093e-11
6.852038010451916e-11
4.616426017302729e-11
7.275802003626942e-11
3.369144510193578e-11
5.929414323957971e-11
1.447351329014312e-11
3.371694361584094e-11
-7.631721014955692e-12
3.541798853853296e-12
-2.690494129442874e-11
-2.400270287010368e-11
-3.853914766488163e-11
-4.367258557957563e-11
-4.039950211531365e-11
-5.328821116967435e-11
-3.347151510053813e-11
-5.368478075710927e-11
-2.109119223688922e-11
-4.765078839804267e-11
-7.469973891522525e-12
-3.850379799864002e-11
3.782824628181934e-12
-2.907556972401179e-11
1.054739665608859e-11
-2.135781561999369e-11
1.22957809127977e-11
-1.652438506521104e-11
9.687232284034021e-12
-1.503954710831848e-11
4.053633789009147e-12
-1.678558418716303e-11
-3.013229309081859e-12
-2.122005000191014e-11
-9.927109478324779e-12
-2.752812615378712e-11
-1.523028702054125e-11
-3.471120589929388e-11
-1.760077935203115e-11
-4.158032007347262e-11
-1.581607908229364e-11
-4.666117840988528e-11
-8.789750886048731e-12
-4.804803303876437e-11
4.202587074440151e-12
-4.328706134422257e-11
2.306098825147924e-11
-2.944672825114605e-11
4.62620979451767e-11
-3.607466522336509e-12
7.041878562140032e-11
3.60439837165909e-11
9.044088352496291e-11
8.864973500698581e-11
1.006584749864751e-10
1.4936178233078e-10
9.680507588363184e-11
2.094171972264562e-10
7.801468628770836e-11
2.582930284498238e-10
4.751906769169713e-11
2.86992496278098e-10
1.129138550820295e-11
2.900206769265707e-10
-2.450000906298832e-11
2.64601280542925e-10
-5.513598225142615e-11
2.093728198973517e-10
-7.702360233744586e-11
1.271761383730641e-10
-8.728041689734059e-11
3.182696219231771e-11
-8.626289107169801e-11
-5.214368917259903e-11
-8.134499575163014e-11
-1.066663538265914e-10
-8.367932694473642e-11
-1.374355989857704e-10
-9.630610173748507e-11
-1.639392463283077e-10
-1.100782797182014e-10
-1.979473366889584e-10
-1.150358211675158e-10
-2.392418533928714e-10
-1.072203350255532e-10
-2.651593277861769e-10
-7.442949581054192e-11
-2.6156252010399e-10
-1.287040901165125e-11
-2.301152833232164e-10
5.797365003299859e-11
-1.793684361878145e-10
1.081721371317174e-10
-1.272828936295323e-10
1.205106737516213e-10
-9.539916999003302e-11
1.011623349304567e-10
-8.526413363330292e-11
6.566442265593364e-11
-8.737038551305489e-11
2.35675798543754e-11
-8.473285937213217e-11
-1.093353716671174e-11
-7.036334202526502e-11
-2.388424512134937e-11
-5.293699767748064e-11
-1.154139300314366e-11
-3.802094856557962e-11
1.755446369196001e-11
-2.05096990102092e-11
4.759576072690715e-11
5.813097184955648e-11
-5.321402907485042e-11
-2.183762603161692e-11
-1.076383702548533e-10
-3.176126806248614e-11
-1.337735956870964e-10
-2.985453693843189e-11
-1.200826735838567e-10
-1.159030822299011e-11
-8.556128949388708e-11
1.134471933034272e-11
-5.039893816974501e-11
2.41594132931178e-11
-1.960865145525687e-11
2.628252538995446e-11
8.348091711643326e-12
2.459643716219722e-11
3.212915856016719e-11
2.23835737653502e-11
4.751849248000323e-11
1.83024865676444e-11
5.117225826914595e-11
1.08201219434353e-11
4.277556302635794e-11
7.653432709712834e-13
2.510732355467445e-11
-9.236333306686707e-12
2.989283439221054e-12
-1.642074445310648e-11
-1.827802734291759e-11
-1.913182813072608e-11
-3.44692688813367e-11
-1.727991546860485e-11
-4.342807019666882e-11
-1.213203197331585e-11
-4.522355164535888e-11
-5.674137989058665e-12
-4.158810211495304e-11
1.477311276964299e-13
-3.504249377713875e-11
4.002140718684715e-12
-2.812448368072129e-11
5.378125312821311e-12
-2.289805815100363e-11
4.461158663439499e-12
-2.071212538293993e-11
1.868055163329175e-12
-2.212997433152652e-11
-1.595027675480058e-12
-2.696795887569339e-11
-5.088770446609786e-12
-3.438373537681079e-11
-7.814156369881764e-12
-4.295501526304452e-11
-9.029144664969348e-12
-5.071989530699077e-11
-8.05084356829618e-12
-5.520612330338832e-11
-4.303168759770608e-12
-5.353579962462059e-11
2.532618995258145e-12
-4.272780155643301e-11
1.225334156274862e-11
-2.030299429182196e-11
2.383764404661825e-11
1.480810048400539e-11
3.530803624214072e-11
6.126664981153135e-11
4.398268176351787e-11
1.147025958060843e-10
4.722286408969147e-11
1.68042940552024e-10
4.346506824781207e-11
2.13067786605744e-10
3.299015983905939e-11
2.427091599690484e-10
1.78780154993895e-11
2.528678288759751e-10
1.133015023652263e-12
2.426948557983347e-10
-1.432673661158061e-11
2.136569796124407e-10
-2.60978344714619e-11
1.69029904943942e-10
-3.239625574083906e-11
1.146878962393998e-10
-3.293816839562117e-11
5.897891917068059e-11
-3.055367435494387e-11
8.45668645999116e-12
-3.082255881305903e-11
-3.763898484256542e-11
-3.758345191249788e-11
-8.546714913458838e-11
-4.847777113383261e-11
-1.383518654055306e-10
-5.71933978728018e-11
-1.940885927326162e-10
-5.929896605887911e-11
-2.483136769642134e-10
-5.299512342326701e-11
-2.869144860166296e-10
-3.582859481082888e-11
-2.92903180944535e-10
-6.881620224302493e-12
-2.611614282492568e-10
2.623196309315395e-11
-2.035176981026328e-10
5.052848061151972e-11
-1.414934770024313e-10
5.848651160714559e-11
-9.20985732909403e-11
5.176750505940611e-11
-6.149734512713715e-11
3.506326787665877e-11
-5.119581448523399e-11
1.326614162949087e-11
-5.566946098737918e-11
-6.459794946581103e-12
-6.398979395100669e-11
-1.556383258933691e-11
-6.536200977290452e-11
-1.016910949009334e-11
-5.309006222055325e-11
5.282713436721704e-12
-2.935091898018523e-11
2.385689194517473e-11
2.878017688183386e-11
-2.18374619471979e-11
-5.359855575192432e-11
-8.345291901085653e-11
-9.504305337328127e-11
-8.369816189993099e-11
-5.953857639757908e-11
-3.32558809521645e-11
-8.659273545190747e-12
1.372446792318449e-11
3.202712257747197e-11
4.284740974980863e-11
4.361291891406013e-11
3.43767484485711e-11
1.795616784414161e-11
-1.175499536981519e-12
-1.845525290274912e-11
-3.058712575948488e-11
-3.626110300948363e-11
-3.611321385186395e-11
-3.211091338028218e-11
-2.673263058471216e-11
-2.227131287639548e-11
-2.040310034816591e-11
-2.199796960661609e-11
-2.708658259490955e-11
-3.490058138006674e-11
-4.392956859412013e-11
-5.198025597053231e-11
-5.62832677807766e-11
-5.375049494345805e-11
-4.149699786438405e-11
-1.765920368660779e-11
1.764898525619827e-11
6.163181171221498e-11
1.088548238949495e-10
1.523200293865704e-10
1.853103306024791e-10
2.031884737477531e-10
2.043216211693813e-10
1.899950005182109e-10
1.638972872639028e-10
1.315011340087076e-10
9.856307374179446e-11
6.800948711076737e-11
3.718702188209714e-11
-3.963577732145259e-13
-4.887405081381638e-11
-1.060673919632367e-10
-1.653662956463709e-10
-2.183613768033593e-10
-2.541899235506951e-10
-2.610715122818812e-10
-2.348395106661154e-10
-1.843110015140384e-10
-1.258244524671936e-10
-7.405691242246391e-11
-3.89935994915511e-11
-2.572741023861546e-11
-3.218716066552536e-11
-4.77509626236586e-11
-5.792001887634155e-11
-5.263719283969122e-11
-2.878017688182807e-11
)
;

boundaryField
{
    inletLower
    {
        type            calculated;
        value           nonuniform List<scalar> 8(-3.999999999999997e-07 -4.000000000000004e-07 -3.999999999999997e-07 -4.000000000000004e-07 -3.999999999999997e-07 -4.000000000000004e-07 -3.999999999999997e-07 -4.000000000000004e-07);
    }
    inletUpper
    {
        type            calculated;
        value           nonuniform List<scalar> 8(-4.000000000000032e-07 -3.999999999999977e-07 -3.999999999999977e-07 -4.000000000000004e-07 -4.000000000000004e-07 -4.000000000000004e-07 -4.000000000000004e-07 -4.000000000000004e-07);
    }
    outletLower
    {
        type            calculated;
        value           nonuniform List<scalar> 8(3.291352596352408e-07 4.748281225899678e-07 5.716391979036671e-07 6.187856810789352e-07 6.169468820204515e-07 5.668496769350963e-07 4.675530280600679e-07 3.249761743643377e-07);
    }
    outletUpper
    {
        type            calculated;
        value           nonuniform List<scalar> 8(2.642455388399692e-07 3.404970223165213e-07 3.694231809647718e-07 3.720476588036931e-07 3.539777527231292e-07 3.170927686535919e-07 2.419401741549864e-07 1.7006193427882e-07);
    }
    sideWalls
    {
        type            calculated;
        value           uniform 0;
    }
    topBottomWalls
    {
        type            calculated;
        value           uniform 0;
    }
    frontAndBack
    {
        type            symmetry;
        value           uniform 0;
    }
}


// ************************************************************************* //
