/*--------------------------------*- C++ -*----------------------------------*\
| =========                 |                                                 |
| \\      /  F ield         | OpenFOAM: The Open Source CFD Toolbox           |
|  \\    /   O peration     | Version:  2506                                  |
|   \\  /    A nd           | Website:  www.openfoam.com                      |
|    \\/     M anipulation  |                                                 |
\*---------------------------------------------------------------------------*/
FoamFile
{
    version     2.0;
    format      ascii;
    arch        "LSB;label=32;scalar=64";
    class       surfaceScalarField;
    location    "5000";
    object      phi;
}
// * * * * * * * * * * * * * * * * * * * * * * * * * * * * * * * * * * * * * //

dimensions      [0 3 -1 0 0 0 0];

oriented        oriented;

internalField   nonuniform List<scalar> 
8064
(
-3.715932310813423e-11
3.715959875476497e-11
-8.432242961152604e-11
4.716344065205747e-11
-1.290976368630604e-10
4.477555354984824e-11
-1.535571537267998e-10
2.445986659122321e-11
-1.510493722748216e-10
-2.507430745844928e-12
-1.301585449122472e-10
-2.089047679449934e-11
-1.01085021736788e-10
-2.907317305392191e-11
-6.823468500232848e-11
-3.284998729710308e-11
-3.345477994958408e-11
-3.47795560738758e-11
-1.854889171404926e-13
-3.326894236303484e-11
2.67461542796792e-11
-2.693129418669856e-11
4.371473997071105e-11
-1.69682359087494e-11
5.008173772989116e-11
-6.366646134277795e-12
4.810511677306496e-11
1.976975061127621e-12
4.15413763028025e-11
6.564098537076305e-12
3.393738182503144e-11
7.604357265464757e-12
2.739337412669837e-11
6.544377076088471e-12
2.21884280192351e-11
5.205322860573921e-12
1.72459583076074e-11
4.942856040735419e-12
1.106697845041385e-11
6.179376469451907e-12
2.585532552599372e-12
8.481855240685102e-12
-8.455722728238271e-12
1.104167786767436e-11
-2.163053265822156e-11
1.317524833546997e-11
-3.61704260438089e-11
1.454034780429336e-11
-5.12079851528732e-11
1.503803208931264e-11
-6.577438930354679e-11
1.456689543622435e-11
-7.858898035296111e-11
1.281510297703786e-11
-8.778766893577458e-11
9.199220313046522e-12
-9.077562263612525e-11
2.988507151871865e-12
-8.438803109724026e-11
-6.387017908110507e-12
-6.549575601837684e-11
-1.889167997839824e-11
-3.205964133508609e-11
-3.343550044628716e-11
1.560574880697643e-11
-4.76647562956647e-11
7.388149303237462e-11
-5.827509392750005e-11
1.358520603278483e-10
-6.196990102989313e-11
1.926398045258441e-10
-5.678706590670475e-11
2.357331763557475e-10
-4.309268301341654e-11
2.592701326518009e-10
-2.35362615491029e-11
2.612173636301436e-10
-1.946532778948039e-12
2.43266581181985e-10
1.795147907527194e-11
2.101839814509105e-10
3.308329148579715e-11
1.690190369575604e-10
4.116562622003642e-11
1.271783093405291e-10
4.184139546452772e-11
8.843177125791641e-11
3.87471871066771e-11
4.938913563551402e-11
3.904326178512478e-11
1.727421307913415e-12
4.766231321201549e-11
-5.987628694258724e-11
6.160427600287335e-11
-1.326800187425751e-10
7.280426476535685e-11
-2.08277701700073e-10
7.559817781207273e-11
-2.759714681134955e-10
6.769422040063705e-11
-3.219509956298349e-10
4.597993806661134e-11
-3.312704609200505e-10
9.319830536985173e-12
-2.98751672972317e-10
-3.251846990102005e-11
-2.358054933541154e-10
-6.294591013055149e-11
-1.633489652912947e-10
-7.245630784309789e-11
-9.992427331379183e-11
-6.342452261103205e-11
-5.77198167569252e-11
-4.220433458705044e-11
-4.239526774418128e-11
-1.532447075046143e-11
-5.057131343911962e-11
8.176082750594097e-12
-6.863260971525698e-11
1.806130671249151e-11
-7.893189545289226e-11
1.029929128838943e-11
-6.981328757298773e-11
-9.118641655201027e-12
-3.779351699618552e-11
-3.20199189875509e-11
-3.779353956145508e-11
-6.630136542107159e-11
1.034613591017309e-10
-1.376836272002448e-10
1.185460987897506e-10
-1.80786633583977e-10
8.787894741698956e-11
-1.825769300106253e-10
2.625054868975021e-11
-1.598229165911545e-10
-2.526105919643182e-11
-1.308912763724723e-10
-4.98217321964195e-11
-9.989293440338616e-11
-6.007113100434124e-11
-6.523257152896009e-11
-6.750996597411607e-11
-2.885207497902621e-11
-7.115966919514579e-11
3.902319531682134e-12
-6.602295226404861e-11
2.813778731599097e-11
-5.116637748906176e-11
4.1730046446973e-11
-3.056010763152312e-11
4.559563687926899e-11
-1.023184802347808e-11
4.282960819567224e-11
4.743397625657124e-12
3.721547865767191e-11
1.217862493120184e-11
3.165543694352238e-11
1.316480412766109e-11
2.723452496944262e-11
1.096569951134599e-11
2.330413928499454e-11
9.136130622894927e-12
1.838873554232135e-11
9.858689893068358e-12
1.126697329961276e-11
1.330158391521505e-11
1.563947453176821e-12
1.818533725614238e-11
-1.032331002653232e-11
2.292940997441603e-11
-2.364661689804898e-11
2.64990437347846e-11
-3.766353936621019e-11
2.855778019987061e-11
-5.173471449138215e-11
2.91097337134017e-11
-6.518408177737989e-11
2.801681279610718e-11
-7.703595886668043e-11
2.466754880603636e-11
-8.574567332368572e-11
1.790952813685805e-11
-8.902806081389329e-11
6.271507856111764e-12
-8.389401854253085e-11
-1.152042274866233e-11
-6.701813079547663e-11
-3.576691051295761e-11
-3.553460703218002e-11
-6.49183449281668e-11
1.176568162897716e-11
-9.496434749095605e-11
7.312100803777249e-11
-1.196297048473977e-10
1.429683400578274e-10
-1.318165026928155e-10
2.123316248825345e-10
-1.261496082915322e-10
2.707827610381055e-10
-1.015430669353251e-10
3.093589969041094e-10
-6.211174073296164e-11
3.228764429026085e-10
-1.546321899452944e-11
3.102937335373234e-10
3.05349437524705e-11
2.735274250027892e-10
6.985035045589587e-11
2.16809215529416e-10
9.788457204837916e-11
1.476891676696417e-10
1.109621660554802e-10
7.686071922046373e-11
1.095763346270183e-10
1.269260543629156e-11
1.032120521354403e-10
-4.58246848877994e-11
1.061802476143853e-10
-1.066127437346945e-10
1.223929480237718e-10
-1.73961161972257e-10
1.40153256196941e-10
-2.450799531150908e-10
1.467175038985921e-10
-3.144197172174288e-10
1.370344737814956e-10
-3.639860551176958e-10
9.554672111169229e-11
-3.721415191929547e-10
1.747569034570593e-11
-3.324571581712162e-10
-7.220248371230806e-11
-2.601858940604015e-10
-1.352168785998413e-10
-1.829414792670971e-10
-1.497004785471115e-10
-1.224472052603522e-10
-1.239186038972206e-10
-8.630216619804376e-11
-7.834923201531051e-11
-7.576524018681453e-11
-2.586130169616378e-11
-8.277819806958239e-11
1.518910039268699e-11
-9.251956947237535e-11
2.78027109609557e-11
-9.133373490163305e-11
9.113450652583513e-12
-7.210213832725821e-11
-2.835027976556855e-11
-3.907054619424759e-11
-6.505153093912823e-11
-7.686418619945036e-11
-1.337312241864862e-10
2.371928460182546e-10
-2.332075297106876e-10
2.180227449992379e-10
-2.382747375287113e-10
9.294651317576696e-11
-1.872247248038849e-10
-2.479910168014018e-11
-1.395352013608451e-10
-7.295021907541431e-11
-1.065754571333509e-10
-8.278111237490934e-11
-7.432171256976993e-11
-9.232451096650262e-11
-3.860616388761032e-11
-1.032251494414545e-10
-6.454592308023011e-12
-1.033108743018682e-10
1.586017356754118e-11
-8.83373502778964e-11
2.752990399724565e-11
-6.283573754075586e-11
3.113200684578303e-11
-3.416183746904709e-11
3.011913731391427e-11
-9.218601210547046e-12
2.771811359117324e-11
7.144802944203929e-12
2.62041798289806e-11
1.36929467428805e-11
2.612776588916339e-11
1.324161248464691e-11
2.623441939507461e-11
1.085944938241598e-11
2.443185033468375e-11
1.093911174537501e-11
1.925792162099031e-11
1.503304230479448e-11
1.072739461721938e-11
2.183254573582532e-11
5.942739841382624e-15
2.890723823677174e-11
-1.152050026287979e-11
3.445631555912418e-11
-2.29237239116732e-11
3.790274663846981e-11
-3.384621111883758e-11
3.948076219806459e-11
-4.42469821085077e-11
3.951101802252052e-11
-5.407406981184757e-11
3.784443085717277e-11
-6.301367038642878e-11
3.36076993077633e-11
-7.032060228219752e-11
2.521702768357845e-11
-7.467604706537161e-11
1.062753981810949e-11
-7.403994019467119e-11
-1.215592508905231e-11
-6.554886883827382e-11
-4.425735915887192e-11
-4.56401336794034e-11
-8.482644164392889e-11
-1.069666863655719e-11
-1.299071587030898e-10
4.154542491930431e-11
-1.718711318100635e-10
1.099915191681484e-10
-2.002619192192935e-10
1.884936629008916e-10
-2.046510658510979e-10
2.659292761145042e-10
-1.789779884506966e-10
3.289305650337357e-10
-1.251123350150836e-10
3.660630262677507e-10
-5.259498674552139e-11
3.70343085458487e-10
2.625557454114772e-11
3.382452365646569e-10
1.019488808204842e-10
2.680468630231964e-10
1.680836165601166e-10
1.633937331420675e-10
2.156159508548474e-10
4.194713073600761e-11
2.310235743464837e-10
-6.495993567470555e-11
2.101197325733137e-10
-1.342785869463372e-10
1.754994885151153e-10
-1.733399988713321e-10
1.614549197780142e-10
-2.070813928126666e-10
1.738951794617441e-10
-2.505456683192497e-10
1.901822735259726e-10
-3.034412226033831e-10
1.899304866457891e-10
-3.367915103215792e-10
1.288974282406255e-10
-3.325403854673162e-10
1.322494555128412e-11
-2.928535862128325e-10
-1.118889445482944e-10
-2.287380140772086e-10
-1.993321543700752e-10
-1.63306794109721e-10
-2.15131445063757e-10
-1.243508088539007e-10
-1.628743793953686e-10
-1.141224788925126e-10
-8.857739288003721e-11
-1.204612837941291e-10
-1.952236675646761e-11
-1.208371334562108e-10
1.55650425548346e-11
-1.044172352182579e-10
1.138287961462733e-11
-8.038618447276979e-11
-1.491753650838625e-11
-5.639758877674892e-11
-5.233885742667476e-11
-2.917442120287907e-11
-9.227486811855176e-11
-1.060385845901349e-10
-2.796556846075487e-10
5.168488985712246e-10
-3.77079795725098e-10
3.154472074016321e-10
-2.746171825078874e-10
-9.515762483093543e-12
-1.675887796704349e-10
-1.31827169951925e-10
-1.195033541826091e-10
-1.210353100472612e-10
-8.307814691287253e-11
-1.192059842497156e-10
-3.452610023200956e-11
-1.408762207334058e-10
9.168641557740348e-12
-1.469195522768862e-10
3.107725342861878e-11
-1.252191446987316e-10
3.183714021986362e-11
-8.909689235329662e-11
2.201959541642676e-11
-5.301784434677599e-11
1.186163783956893e-11
-2.400352680678766e-11
7.186029750946205e-12
-4.542634983670544e-12
9.352805661835851e-12
4.978391565082671e-12
1.651846071696668e-11
6.527662845935262e-12
2.479470059657437e-11
4.965752035775988e-12
2.971659818674227e-11
5.937939547370098e-12
2.828436476794785e-11
1.237174314346291e-11
2.054985128458321e-11
2.276796380314518e-11
9.134363897123247e-12
3.324845324111593e-11
-2.825537189189887e-12
4.086757105633551e-11
-1.334372768902503e-11
4.497495151994461e-11
-2.191642525971482e-11
4.64759025631928e-11
-2.896885234815917e-11
4.653366253808957e-11
-3.517980907752204e-11
4.572246168920385e-11
-4.108030714071658e-11
4.374543126544043e-11
-4.694171569181885e-11
3.9469624023013e-11
-5.279496628733237e-11
3.107080952080173e-11
-5.83931192413121e-11
1.622623716413251e-11
-6.296208566601857e-11
-7.586400498092815e-12
-6.467377122169943e-11
-4.254510384582035e-11
-5.997509916163645e-11
-8.952453250778108e-11
-4.323682960099919e-11
-1.466448379430134e-10
-7.508381242302783e-12
-2.075989817439019e-10
5.290603533083977e-11
-2.606757315530417e-10
1.382748541271648e-10
-2.900192765065477e-10
2.39669686858995e-10
-2.80372211236717e-10
3.388806622401685e-10
-2.243227013980009e-10
4.137550978172219e-10
-1.274688160185236e-10
4.458479075797428e-10
-5.836635072478863e-12
4.240236521081751e-10
1.237737290002465e-10
3.420173379114489e-10
2.500905120511444e-10
1.979380203265321e-10
3.596958375407321e-10
7.899662182168712e-12
4.210624851437892e-10
-1.740326710683441e-10
3.920526017064981e-10
-2.749328299138942e-10
2.764001621626681e-10
-2.79191704388478e-10
1.657142879928774e-10
-2.515369906218225e-10
1.462409342799155e-10
-2.630665146737838e-10
2.01712241316856e-10
-2.781782936532647e-10
2.050426810024733e-10
-2.508708118880067e-10
1.015903339832331e-10
-2.106882232129884e-10
-2.695728613454922e-11
-1.908820099388367e-10
-1.316948308819736e-10
-1.754328994460907e-10
-2.147809696709185e-10
-1.424579467357155e-10
-2.481061345007511e-10
-1.288856051116856e-10
-1.764464893081176e-10
-1.651521873069738e-10
-5.231061095657547e-11
-1.973514444903274e-10
1.267705793356731e-11
-1.72368683656304e-10
-9.417576477419648e-12
-9.852625564244888e-11
-6.245942069194786e-11
-3.434740170578083e-11
-7.909631947562623e-11
-1.475948313843431e-11
-7.192677470593397e-11
-1.260409494633281e-11
-9.443015723440056e-11
-1.186427880250597e-10
-5.487920823655363e-10
1.065641174340536e-09
-4.826798180828752e-10
2.493352154845965e-10
-2.273034842318432e-10
-2.648918050134156e-10
-1.548191743990089e-10
-2.043111832013031e-10
-1.377357894629609e-10
-1.381183959786505e-10
-6.210287519802302e-11
-1.948385970252609e-10
3.153811655243733e-11
-2.345169081505877e-10
8.215177721019963e-11
-1.975329050184729e-10
7.898456293642967e-11
-1.220516183662569e-10
4.421865738631917e-11
-5.433066992815155e-11
4.425336729919799e-12
-1.322420132197501e-11
-2.121827864490279e-11
1.640416976210475e-12
-2.47277531507969e-11
-1.032825198365166e-12
-9.732291073203765e-12
-1.00167279885953e-11
1.295821488966107e-11
-1.616249235080129e-11
3.17981475431748e-11
-1.387382146174388e-11
3.900503953507123e-11
-1.268583753599687e-12
3.335075098365788e-11
1.802640978593659e-11
1.966218081949993e-11
3.645692270617217e-11
4.549914304498356e-12
4.836111866936796e-11
-7.604603758079294e-12
5.302249948608567e-11
-1.560950152384283e-11
5.298027024881636e-11
-2.030114959347048e-11
5.116798341038164e-11
-2.311571248297941e-11
4.934866875536337e-11
-2.527081499992542e-11
4.787801913467717e-11
-2.757095593173537e-11
4.60460370714359e-11
-3.056077987984303e-11
4.245992356278987e-11
-3.476387795152517e-11
3.527439191905482e-11
-4.080224873083362e-11
2.226510139625829e-11
-4.920609371143847e-11
8.179448694599906e-13
-5.973158772394059e-11
-3.201910258502553e-11
-7.011116430720687e-11
-7.914444405167056e-11
-7.451466160326179e-11
-1.422408247392929e-10
-6.266110123727671e-11
-2.194520242521459e-10
-2.123193961513219e-11
-3.021043744920166e-10
6.081942285732141e-11
-3.720701211988449e-10
1.834635022779921e-10
-4.03015775422188e-10
3.27840908243128e-10
-3.686995958607171e-10
4.573221034500385e-10
-2.569495055618788e-10
5.311294466866443e-10
-7.964347900912586e-11
5.223590614002354e-10
1.32544604726519e-10
4.255133269941777e-10
3.469367281972448e-10
2.471970073062982e-10
5.38012627458537e-10
-2.886035126042054e-12
6.711459870406144e-10
-2.806795341416612e-10
6.698465463477679e-10
-4.625482561709341e-10
4.582693170980694e-10
-4.476855930549626e-10
1.50852041825314e-10
-3.287880978401978e-10
2.734384141573345e-11
-3.281426368981718e-10
2.010671649535266e-10
-2.339176344139172e-10
1.108180468771045e-10
-6.258762519862753e-11
-6.973932588760119e-11
3.890169214815147e-11
-1.284462714985717e-10
5.828759811100928e-12
-9.862158615094401e-11
-1.053527707949822e-10
-1.03599144906049e-10
-1.677310059854248e-10
-1.8572762494673e-10
-1.644323865417809e-10
-1.797448537170266e-10
-2.689652614080055e-10
5.222249961121769e-11
-3.123173209707424e-10
5.602933244275325e-11
-2.205060543518928e-10
-1.012286452080729e-10
-6.379057635929972e-11
-2.191747397141568e-10
5.586493968377375e-11
-1.987516659272221e-10
6.932257935355446e-11
-8.538427012602693e-11
1.383890239938221e-12
-2.649166018918275e-11
-1.172588227403433e-10
-7.811634878008161e-10
1.846804974002998e-09
-2.817362527517693e-10
-2.500917384280088e-10
-1.656075562632448e-10
-3.810202363639417e-10
-2.908468328083851e-10
-7.907164414183321e-11
-2.087454863556768e-10
-2.202194784416435e-10
-4.58842753478807e-12
-3.989953889500029e-10
1.358498549512633e-10
-3.749549196201043e-10
1.668259911337054e-10
-2.285087654049043e-10
1.225626664811316e-10
-7.778801226877198e-11
4.571082460060028e-11
2.252145961940089e-11
-2.803577386996534e-11
6.052269169889984e-11
-6.88003011713805e-11
4.240524629524849e-11
-6.39631057369767e-11
-5.869710722124799e-12
-2.498050914213931e-11
-4.899900616081011e-11
2.087712162097087e-11
-6.201979603924426e-11
4.979294642998133e-11
-4.27893098819989e-11
5.235295041392184e-11
-3.828242226389308e-12
3.553634054829739e-11
3.484337496997722e-11
1.346989372074864e-11
5.8523734084642e-11
-3.812209125314748e-12
6.564359597349178e-11
-1.35116014243322e-11
6.272227516030292e-11
-1.718274100811597e-11
5.665180273933212e-11
-1.746656313433119e-11
5.145220656199499e-11
-1.647316941942416e-11
4.835568468348041e-11
-1.546088069220548e-11
4.686614686580261e-11
-1.508882754843163e-11
4.567440752914876e-11
-1.581609081129813e-11
4.318761546378358e-11
-1.827100753502528e-11
3.772974243065794e-11
-2.349917587758106e-11
2.749370640745488e-11
-3.296150093371933e-11
1.028070934424652e-11
-4.805912473076353e-11
-1.692103885719152e-11
-6.886884266477164e-11
-5.833428605916001e-11
-9.187153432710918e-11
-1.192376948720511e-10
-1.070528336336228e-10
-2.042702892255133e-10
-9.612760660039073e-11
-3.130291697839602e-10
-3.541923704660518e-11
-4.327780638499441e-10
9.272692317763405e-11
-5.311615143881418e-10
2.80737252560052e-10
-5.567095106982624e-10
4.808171917579566e-10
-4.570290369111561e-10
6.156285972647464e-10
-2.144544846386493e-10
6.20361576422432e-10
1.278120183339876e-10
4.873065130842004e-10
4.799921756863585e-10
2.690624981911221e-10
7.562570194773865e-10
1.306095391053796e-11
9.271478996211362e-10
-2.938359141514554e-10
9.76743775942435e-10
-6.116687196527056e-10
7.761024751950184e-10
-6.960934020299542e-10
2.352770701434608e-10
-5.670924320614286e-10
-1.016567917368955e-10
-5.017431865700488e-10
1.357182496008215e-10
-9.045060691982327e-11
-3.004742118101489e-10
2.75371817000547e-10
-4.355614354487529e-10
4.124344811496376e-10
-2.655086301426677e-10
3.237794787898543e-10
-9.966284613782767e-12
3.522034083231748e-11
1.849602839767011e-10
-2.929754649533784e-10
1.424684651290211e-10
-3.437457379346316e-10
-1.289743044019218e-10
-4.543874653637985e-10
1.628644945524145e-10
-4.098614673629228e-10
1.150359149458579e-11
-1.982453448948224e-10
-3.128445301188134e-10
-1.279357306676622e-11
-4.046262792570905e-10
1.37265784571415e-10
-3.488108395178105e-10
2.101471783439348e-10
-1.582656455649388e-10
4.071400831306857e-11
1.429417659501371e-10
-7.654479668026127e-11
2.783708610306731e-10
1.568434234191756e-09
3.790835359249914e-10
-3.508042156996678e-10
-6.58451142496757e-10
6.565146599936443e-10
-7.040685308873802e-10
-3.345403130212423e-11
-1.92561330126719e-10
-7.317264507694261e-10
1.49014021384531e-10
-7.405705076212222e-10
2.401047540525945e-10
-4.660454144156209e-10
2.167421864625657e-10
-2.051459539815787e-10
1.427253307058043e-10
-3.770906060609407e-12
3.642420345703848e-11
1.288228446358818e-10
-6.694233284661698e-11
1.63889493669783e-10
-1.199518331320092e-10
9.541502054628891e-11
-1.016697812992174e-10
-2.415147977027679e-11
-3.109021330586749e-11
-1.195782825023918e-10
4.18739478980195e-11
-1.349836562428601e-10
7.488734259241638e-11
-7.580239457016359e-11
6.196642624790953e-11
9.092993561939359e-12
2.897170490107933e-11
6.783842442976281e-11
1.087787878828415e-12
8.640798825874956e-11
-1.353571809683391e-11
8.026744692908682e-11
-1.768304590554822e-11
6.686995606178284e-11
-1.631036441830073e-11
5.527948081983165e-11
-1.299936463091348e-11
4.814157299182383e-11
-9.618607685023413e-12
4.497529859465223e-11
-6.928037550319972e-12
4.417595227251588e-11
-5.175873386356435e-12
4.392262131286899e-11
-4.534953249444733e-12
4.254707558758663e-11
-5.43648151847982e-12
3.863165088436538e-11
-8.844293651196343e-12
3.090189842636235e-11
-1.64398232169017e-11
1.78766162039524e-11
-3.056309454485977e-11
-2.797393154609246e-12
-5.353692183279415e-11
-3.536008927752635e-11
-8.571435404232396e-11
-8.70598984467013e-11
-1.215911480718235e-10
-1.683931376467191e-10
-1.444601117452903e-10
-2.901598556573158e-10
-1.2321553053251e-10
-4.540223023157856e-10
-1.941811931517781e-11
-6.34958591008036e-10
1.865766660317746e-10
-7.627039692875712e-10
4.54356259598065e-10
-7.24808312036406e-10
6.673344443738055e-10
-4.274323580289252e-10
6.930172048003083e-10
1.021295616793806e-10
4.930851203571453e-10
6.799245584129083e-10
1.871194347350728e-10
1.062222997125251e-09
-2.03189074002769e-11
1.134586530260211e-09
-9.959464445010188e-11
1.056019796812545e-09
-4.433800967625472e-10
1.119888209660398e-09
-9.122147346580429e-10
7.041119869009864e-10
-1.528876104647208e-09
5.150048570331403e-10
-6.115395987815775e-10
-7.816179795373026e-10
3.629432131981603e-10
-1.274956745766938e-09
7.282111407913858e-10
-8.008290856305676e-10
7.851017971085675e-10
-3.223990061198984e-10
7.19164332756127e-10
5.597146119045234e-11
4.101497781120096e-10
4.939751247221865e-10
-3.815824868394611e-10
9.342010181851074e-10
-1.122042827659413e-09
6.114863296988603e-10
-6.551904218259043e-10
-3.039876187539215e-10
-2.902367808805993e-10
-3.534497539697326e-10
-6.904530320408579e-12
-5.961764994699286e-10
9.010528553035946e-12
-4.205410705998225e-10
6.289210979929503e-11
-4.026921727052548e-10
2.98996471158578e-10
-3.943696669982701e-10
3.403739420915948e-10
1.015644094438515e-10
2.638292893826357e-10
6.86709541689075e-09
-5.298660930310008e-09
-2.40085051701756e-10
6.75637646515098e-09
-2.581538974067685e-09
2.997968777853531e-09
-9.889087654540926e-10
-1.626084046308445e-09
1.512620905913983e-10
-1.87189711058938e-09
3.182232039645347e-10
-9.075314203661571e-10
2.260471402333772e-10
-3.738691444144416e-10
1.770476950802627e-10
-1.561462960535868e-10
1.273769681962801e-10
4.590004086404204e-11
2.232563546702406e-11
2.338744053282023e-10
-8.657314359953141e-11
2.727885090443761e-10
-1.396204052219504e-10
1.48462527346453e-10
-1.13139845442804e-10
-5.063178546390279e-11
-2.617096262724625e-11
-2.065469019335789e-10
6.318497336015716e-11
-2.243393199424402e-10
8.683434268421856e-11
-9.945148241986966e-11
5.293933314966114e-11
4.298829291515725e-11
1.191249041477022e-11
1.088655654830484e-10
-1.110426642520859e-11
1.094250506150392e-10
-1.782598688224528e-11
8.698948013245838e-11
-1.614788731438412e-11
6.519217474175807e-11
-1.175434072459283e-11
5.088625788634431e-11
-7.328655560280986e-12
4.37162148085119e-11
-3.726965335033347e-12
4.137393846454554e-11
-1.0580613058953e-12
4.150737913002677e-11
7.764444738000708e-13
4.20884469038494e-11
1.840936744713951e-12
4.148291277078248e-11
1.988647148818748e-12
3.848426764979919e-11
6.799994665405128e-13
3.22108687192141e-11
-3.256168942648468e-12
2.181310228718087e-11
-1.184272216773676e-11
5.789470891413415e-12
-2.801298294856618e-11
-1.91895248582556e-11
-5.485004072275883e-11
-6.022254554039729e-11
-9.271752679325323e-11
-1.305253651771855e-10
-1.33039797207184e-10
-2.498373081042433e-10
-1.502754447447502e-10
-4.367863869919742e-10
-9.978801759440078e-11
-6.854457593136118e-10
6.375580782291475e-11
-9.262475447775719e-10
3.353855609188063e-10
-9.964378227321657e-10
5.970251558022643e-10
-6.89071717966004e-10
6.54932620274167e-10
4.422232698819022e-11
4.137080979414196e-10
9.211493053515691e-10
-1.438145752907833e-11
1.490312775040436e-09
-2.319929944978244e-10
1.352198287218789e-09
2.117881918712734e-10
6.122388313522057e-10
5.856875299106862e-10
7.459890926717559e-10
-7.269957248829618e-10
2.016795466445501e-09
-4.463228673755214e-09
4.251238033062653e-09
3.157811378327885e-10
-5.560627557759181e-09
1.129058058059443e-09
-2.088233427884441e-09
1.075133716648463e-09
-7.469044973095067e-10
1.009696684641577e-09
-2.569617197287519e-10
1.014078835730517e-09
5.158957650385043e-11
1.026765847113857e-09
4.81288389749752e-10
3.575296942450472e-10
1.603437462169206e-09
-3.506702825453174e-09
4.475719150151439e-09
-6.019312243020525e-10
-3.208758904618331e-09
4.515958840331112e-10
-1.406976547586431e-09
2.682109613775994e-10
-4.127912600859147e-10
-1.130505751704446e-11
-1.410247406405422e-10
-1.909628918742233e-10
-2.230340152751728e-10
-3.044487252063634e-10
-2.80883546734211e-10
1.615444882404145e-09
-1.818328829389816e-09
1.87927425822489e-09
3.015996042637006e-07
9.310173486636656e-08
2.714250804029683e-07
3.693090045833901e-08
2.705168030445489e-07
3.906246289659052e-09
2.707946997037062e-07
-1.903980545078983e-09
2.696649144960776e-07
-7.421117377719567e-10
2.686948757805096e-07
6.250746548716989e-11
2.680570626104237e-07
2.639442018965526e-10
2.671671539387743e-07
7.337625584786461e-10
2.655220024326899e-07
1.691051737285393e-09
2.631803063369797e-07
2.575570699259039e-09
2.608470913224137e-07
2.606003730351874e-09
2.592150373419916e-07
1.780516723076231e-09
2.586469394841994e-07
5.174662966363773e-10
2.589777149009735e-07
-5.373220857997825e-10
2.596653138124586e-07
-9.119379896403615e-10
2.600529993327654e-07
-4.871367529154885e-10
2.599494424490344e-07
1.465454345787728e-10
2.595118237076551e-07
5.464845716080278e-10
2.589418192441167e-07
6.79429785638335e-10
2.583723237869403e-07
6.564852138102274e-10
2.578702468819e-07
5.672693610698736e-10
2.574625368978083e-07
4.585965260004442e-10
2.571542190973755e-07
3.520343016367899e-10
2.569371810648724e-07
2.584122574789482e-10
2.56797416557129e-07
1.812721730453475e-10
2.567206452694511e-07
1.188600181097747e-10
2.566956589445409e-07
6.646951806959009e-11
2.567156254212598e-07
1.851806601797391e-11
2.567781325286406e-07
-3.029596934584261e-11
2.568842370828258e-07
-8.429119016241791e-11
2.570363402280321e-07
-1.463134205305077e-10
2.572333341144509e-07
-2.161831666866194e-10
2.574602287182941e-07
-2.871169141921653e-10
2.576672406823772e-07
-3.375371039562953e-10
2.577298437887572e-07
-3.124401990569853e-10
2.573742786409185e-07
-8.122103320833032e-11
2.560503092048179e-07
6.385238734773077e-10
2.527441100789013e-07
2.379951769889294e-09
2.45846501960984e-07
5.901170476360195e-09
2.333149756801288e-07
1.184245473863166e-08
2.134623075183859e-07
1.989689065945885e-08
1.861708195723675e-07
2.821263741997826e-08
1.532260537603418e-07
3.443507875384659e-08
1.175469992995591e-07
3.703125291627324e-08
8.350518428065863e-08
3.465405401993252e-08
5.712609021143059e-08
2.712508333645783e-08
3.409879301131135e-08
2.504409284543081e-08
7.80367344034719e-09
3.054635779099686e-08
2.443350370712461e-09
-2.003042940125006e-10
1.243964156418179e-09
-8.888470082515532e-10
1.211209002195344e-09
-7.141491272135459e-10
1.245383744582412e-09
-2.911362309604715e-10
1.15054994153858e-09
1.464236252917349e-10
1.119209971379318e-09
5.126286253225133e-10
2.093714773963771e-09
6.289329425145245e-10
6.561548393163568e-09
7.885834564783281e-12
2.794629832411011e-08
-2.45935085167623e-08
4.662829239690745e-08
-2.008897029046022e-08
6.846883940190283e-08
-2.225333793943862e-08
9.743905990962413e-08
-2.911124492839461e-08
1.28795013234571e-07
-3.157898698332159e-08
1.575417183821698e-07
-2.902758829474619e-08
1.80988741938052e-07
-2.526535212439521e-08
-3.766711039813951e-08
4.220042320364543e-07
7.109750302978079e-08
4.11197973394317e-07
4.773715925419821e-08
3.984174146055051e-07
1.668680521499991e-08
3.915620295053561e-07
4.951404689919316e-09
3.887823717827936e-07
2.037546122306945e-09
3.87727606525512e-07
1.117272864904273e-09
3.870641243932884e-07
9.27426481823244e-10
3.858904488916025e-07
1.907438214441143e-09
3.834326459290988e-07
4.148854861081031e-09
3.797446153176161e-07
6.263601479809434e-09
3.761003591815126e-07
6.250260043386798e-09
3.736139637676052e-07
4.266912322332975e-09
3.728364206100592e-07
1.295009647620756e-09
3.735070932870179e-07
-1.207994560911183e-09
3.747310772627594e-07
-2.1359217559212e-09
3.753119486095819e-07
-1.068007882522258e-09
3.750328575484739e-07
4.256367194310405e-10
3.742899831708687e-07
1.289359179398764e-09
3.734014560372454e-07
1.56795715425332e-09
3.725326634999775e-07
1.525277990606799e-09
3.717729387285871e-07
1.326994374570635e-09
3.71161480390776e-07
1.070055108083274e-09
3.707032159540945e-07
8.102989826022117e-10
3.703824270226887e-07
5.792014326597272e-10
3.701756679930331e-07
3.880314437809781e-10
3.700604612502872e-07
2.34066998681023e-10
3.700196784027478e-07
1.07252598138092e-10
3.700430348935185e-07
-4.838198045104902e-12
3.70126931391718e-07
-1.141922483618214e-10
3.70273166458534e-07
-2.305260457313877e-10
3.704862378407714e-07
-3.593846006293459e-10
3.707673540452983e-07
-4.97299178409555e-10
3.711012315066536e-07
-6.209941925535072e-10
3.714280526889659e-07
-6.643581130678596e-10
3.715874896894341e-07
-4.718770357853088e-10
3.712149642285778e-07
2.91304582200953e-10
3.695661933384511e-07
2.2872949101466e-09
3.652525587403382e-07
6.693586507000246e-09
3.559780651644244e-07
1.517566418566792e-08
3.385095530124452e-07
2.931096701897298e-08
3.098433260406414e-07
4.856311775715479e-08
2.697616889742814e-07
6.829427461030564e-08
2.215512512580444e-07
8.264551659520409e-08
1.695386526369312e-07
8.904385166401167e-08
1.179975241473174e-07
8.619518264090273e-08
7.03826661268354e-08
7.473994149297976e-08
2.971831478528914e-08
6.570844433117545e-08
4.98197944547276e-09
5.528269328264404e-08
2.905333184237158e-09
1.876342130681611e-09
1.98764852375213e-09
2.883782686278738e-11
1.806607064795547e-09
-5.331074778402533e-10
1.794829692574443e-09
-2.793586524875469e-10
1.699934969055469e-09
2.413185764565655e-10
1.74519643843856e-09
4.67367404497983e-10
2.446223334426208e-09
-7.209367939697309e-11
4.154679882249603e-09
-1.700570416044629e-09
2.453866186138431e-08
-4.497749017734538e-08
5.749370563344303e-08
-5.304401373546986e-08
9.605002682590323e-08
-6.080965881126747e-08
1.388177531451118e-07
-7.187897092442111e-08
1.837617129177981e-07
-7.652294642448848e-08
2.291092961177423e-07
-7.437517112682435e-08
2.733468076145131e-07
-6.950286330618506e-08
-7.376536354621311e-08
4.361697730740024e-07
3.492772996844076e-08
4.549656588117077e-07
2.894127359572742e-08
4.586943197028062e-07
1.295814442348859e-08
4.594725781171068e-07
4.173146381746145e-09
4.608172895172109e-07
6.928348328319621e-10
4.624388979289747e-07
-5.04335431723362e-10
4.635889628603271e-07
-2.226383289440276e-10
4.633594159893861e-07
2.136985211789011e-09
4.60552737037117e-07
6.955533946458899e-09
4.552928957159015e-07
1.152344294095491e-08
4.499884759776553e-07
1.155467992909445e-08
4.46568556507089e-07
7.686831947653598e-09
4.459301928438042e-07
1.933373473379729e-09
4.476328811621043e-07
-2.910682709692373e-09
4.501377086882883e-07
-4.640749105287413e-09
4.512949582773034e-07
-2.225257288515845e-09
4.509306915508033e-07
7.899036351565979e-10
4.499513947672151e-07
2.268656156934315e-09
4.488885363180692e-07
2.630815801847825e-09
4.479083745703946e-07
2.505439939428595e-09
4.470824659861061e-07
2.152903162308353e-09
4.464415376207013e-07
1.71098367724072e-09
4.459825950922222e-07
1.269241714617537e-09
4.456798188718376e-07
8.819778543237826e-10
4.455008055882024e-07
5.67044925864568e-10
4.454174950924099e-07
3.173776881873582e-10
4.454106168259374e-07
1.141310530383628e-10
4.454705256427959e-07
-6.474683334318795e-11
4.455968618752931e-07
-2.405283066131464e-10
4.457982826420292e-07
-4.319466466207131e-10
4.46092096074006e-07
-6.531978754264764e-10
4.465023125049341e-07
-9.075154612699318e-10
4.470521924366705e-07
-1.170873985367419e-09
4.477430157516282e-07
-1.355181297964352e-09
4.485039064217255e-07
-1.232767584460152e-09
4.490847133840238e-07
-2.895022662767998e-10
4.488358703492009e-07
2.536138051634043e-09
4.462709065570185e-07
9.258550400418574e-09
4.38396629779994e-07
2.30499410590415e-08
4.201116729731935e-07
4.759592391938013e-08
3.859830759655109e-07
8.269171485627236e-08
3.352658670433122e-07
1.190114836244255e-07
2.732065295500103e-07
1.447048541814328e-07
2.05852619296169e-07
1.56397762014603e-07
1.387652935738981e-07
1.532825084639969e-07
7.648392534263301e-08
1.370213098320641e-07
2.814107429948462e-08
1.140512954890314e-07
2.214928473071296e-09
8.120883923416956e-08
2.940294758590746e-09
1.150975980338814e-09
2.746279872553769e-09
2.228528622501999e-10
2.628431400147216e-09
-4.152588415037803e-10
2.572843560292408e-09
-2.237706287500871e-10
2.484288842986601e-09
3.298734982082351e-10
2.417729333686166e-09
5.339271448676859e-10
2.424537670902867e-09
-7.890175960230913e-11
1.713170136570224e-09
-9.892025958949349e-10
2.329930095055965e-08
-6.656362068448409e-08
6.290820041358e-08
-9.265291288170214e-08
1.140632806940904e-07
-1.119647387759454e-07
1.705511864515608e-07
-1.28366876396487e-07
2.300732287575774e-07
-1.360449883733336e-07
2.908478359425418e-07
-1.351497779020165e-07
3.509668126373738e-07
-1.296218397289301e-07
-1.281931520772835e-07
4.359199527574679e-07
-9.922226360348157e-10
4.670406046982577e-07
-2.17937824179309e-09
4.829300311745733e-07
-2.931281967039524e-09
4.905754451322448e-07
-3.472267492227743e-09
4.950421238917036e-07
-3.773843841097407e-09
4.981801960028478e-07
-3.642407453550619e-09
5.00473517785981e-07
-2.515960018414475e-09
5.011330236419993e-07
1.477479454828828e-09
4.979119176852994e-07
1.017664000773057e-08
4.905907868553765e-07
1.884457388178178e-08
4.833295223315932e-07
1.88159445699502e-08
4.789788787711445e-07
1.203747563194133e-08
4.787362252067209e-07
2.176027167904076e-09
4.819470213067881e-07
-6.12147867303987e-09
4.862757048832917e-07
-8.96943253937465e-09
4.880129769286105e-07
-3.962529185550468e-09
4.873700622251159e-07
1.432818491537043e-09
4.862453051741318e-07
3.393413365297319e-09
4.853292231967942e-07
3.546897939481343e-09
4.845881422611824e-07
3.246521037937936e-09
4.839911463580437e-07
2.749899229156881e-09
4.835468910966427e-07
2.155239102698642e-09
4.83249445231586e-07
1.566687742217044e-09
4.83070960614858e-07
1.060462631534404e-09
4.829793557090057e-07
6.586499883763858e-10
4.829497649413425e-07
3.469686081423138e-10
4.829667401856357e-07
9.715595518641003e-11
4.830226714063475e-07
-1.206779139208914e-10
4.831160719593835e-07
-3.339287268555762e-10
4.832507547328046e-07
-5.666292948808632e-10
4.834359054754655e-07
-8.383485010091511e-10
4.836866395648067e-07
-1.158249441691664e-09
4.840237004945198e-07
-1.507934814111337e-09
4.844697030610377e-07
-1.801183771302961e-09
4.850378408279067e-07
-1.800905265069352e-09
4.856995596140952e-07
-9.512209727450517e-10
4.862547838141083e-07
1.980913926280294e-09
4.858291881420659e-07
9.684146142534717e-09
4.815652373182515e-07
2.731389195021633e-08
4.66401116889762e-07
6.276004441301938e-08
4.311271986448932e-07
1.179656331662071e-07
3.74071895517703e-07
1.760667868170367e-07
3.036318946741056e-07
2.151448550932388e-07
2.276996816938829e-07
2.323299750661767e-07
1.532834300301818e-07
2.276987602046132e-07
8.64495129709166e-08
2.038552269739185e-07
3.548060529293909e-08
1.650202032580946e-07
1.217610285719777e-09
1.154718343407607e-07
2.302824119876072e-09
6.576225749957314e-11
3.051525823092971e-09
-5.258487174171661e-10
3.129129240113339e-09
-4.928621180771502e-10
3.018919810141651e-09
-1.135610401671375e-10
3.033691263955011e-09
3.151022273333768e-10
2.814293329741564e-09
7.533252874350075e-10
1.933236874398708e-09
8.021549348011228e-10
8.587394039684959e-10
8.529514034781783e-11
3.050453761201276e-08
-9.620941860228756e-08
7.388658106500607e-08
-1.360349560370714e-07
1.310172857490632e-07
-1.69095443182007e-07
1.958536927986915e-07
-1.932032831628306e-07
2.642546105760101e-07
-2.044459058049168e-07
3.32370611249093e-07
-2.032657781952723e-07
3.965350675218356e-07
-1.937862955993264e-07
-1.837739579935804e-07
4.357510106410926e-07
-3.674323330390197e-08
4.664941590803987e-07
-3.292252664853554e-08
4.818495027019613e-07
-1.82866255372467e-08
4.888521079373202e-07
-1.047487267088751e-08
4.926159559364531e-07
-7.537691780071315e-09
4.952251871072379e-07
-6.251638561076577e-09
4.977518850755349e-07
-5.042657919416258e-09
4.993200568803672e-07
-9.06922786373785e-11
4.956479005310417e-07
1.384879643337608e-08
4.854231526957642e-07
2.906932179820539e-08
4.757193898207656e-07
2.851970753168369e-08
4.704008103350055e-07
1.735605520965623e-08
4.708192013394157e-07
1.757636261166024e-09
4.761572375719043e-07
-1.145951480284061e-08
4.831364544772079e-07
-1.594864933661585e-08
4.853909955568764e-07
-6.217070152811106e-09
4.841973214220168e-07
2.626492743232911e-09
4.831226603325675e-07
4.46807457469875e-09
4.828012422995325e-07
3.868316095412217e-09
4.826831831024631e-07
3.364580359303463e-09
4.825849933551469e-07
2.848089101812039e-09
4.825280904054748e-07
2.212142177093284e-09
4.825261734758302e-07
1.568604795492096e-09
4.825599015402657e-07
1.026734688014826e-09
4.826065419348205e-07
6.12009711515414e-10
4.826532233309412e-07
3.002873250870532e-10
4.826948437467477e-07
5.553564736922518e-11
4.827290860835002e-07
-1.549201487730498e-10
4.827532610537949e-07
-3.581036016468998e-10
4.82762963471637e-07
-5.763316240990644e-10
4.82752257600187e-07
-8.27642547928232e-10
4.82715947724471e-07
-1.12193949121761e-09
4.8265520898304e-07
-1.447196004698623e-09
4.825902649197423e-07
-1.736239646085854e-09
4.825941107874035e-07
-1.804751076588114e-09
4.82881961939607e-07
-1.239072073344214e-09
4.839415973734043e-07
9.212785399481404e-10
4.862746519239279e-07
7.35109163701741e-09
4.883723392907802e-07
2.521620462629511e-08
4.810515798869603e-07
7.008080385935454e-08
4.48851707429742e-07
1.501655056658352e-07
3.883546004971869e-07
2.365638937939107e-07
3.13538153286634e-07
2.899613023502909e-07
2.339752840736382e-07
3.118928443298254e-07
1.56923121968957e-07
3.047509223642365e-07
8.88217459233753e-08
2.719566030808491e-07
3.777477275083834e-08
2.160671764983923e-07
1.319502629001215e-09
1.519271045396773e-07
2.787196783625941e-09
-1.401931810618557e-09
3.443924663987565e-09
-1.18257649811027e-09
2.842313667694761e-09
1.087489924362081e-10
2.422358966834516e-09
3.063937948259333e-10
2.881839499168491e-09
-1.443781490740066e-10
3.455182531965065e-09
1.79982439569288e-10
2.669531389516386e-09
1.587806288034312e-09
1.036795464999167e-09
1.718031308990567e-09
3.430701115173849e-08
-1.294796340307324e-07
8.035439552615019e-08
-1.820823401308317e-07
1.421378044429648e-07
-2.308788518478202e-07
2.125590703073519e-07
-2.636245487268194e-07
2.861152820276123e-07
-2.780021171344449e-07
3.576169365516065e-07
-2.747674320179791e-07
4.219677701322226e-07
-2.581371285612051e-07
-2.366752866197819e-07
4.357338410765085e-07
-7.247707427393708e-08
4.535239517615441e-07
-5.071263727814923e-08
4.558027574021601e-07
-2.056543113979713e-08
4.54794363438861e-07
-9.466478672296822e-09
4.540269890606652e-07
-6.770317366083918e-09
4.536888043955228e-07
-5.913453857825743e-09
4.547574669590534e-07
-6.111320442379339e-09
4.565175803790406e-07
-1.850805654592467e-09
4.525257248420715e-07
1.784065201767211e-08
4.390397741216236e-07
4.255527257012835e-08
4.272810531911e-07
4.027842851748362e-08
4.214441519824655e-07
2.319295647805593e-08
4.22471078492654e-07
7.307098147271192e-10
4.297971354444689e-07
-1.87855716864008e-08
4.397629728703546e-07
-2.591448669055215e-08
4.422586826241759e-07
-8.712779830639156e-09
4.409441852236698e-07
3.940990222735701e-09
4.408364283504234e-07
4.575831530002428e-09
4.418850353778481e-07
2.819709151859169e-09
4.427779864800944e-07
2.471629342567981e-09
4.433398253046692e-07
2.286250363007476e-09
4.437467212661941e-07
1.80524630125848e-09
4.440797289996862e-07
1.235597146210312e-09
4.443411670396958e-07
7.652967303063523e-10
4.445265357543922e-07
4.266410759470198e-10
4.446425857669413e-07
1.842373880710535e-10
4.4469929335862e-07
-1.171873332918169e-12
4.447018066660664e-07
-1.57433390123009e-10
4.446469694568938e-07
-3.032663317791241e-10
4.445221107343298e-07
-4.514728464035052e-10
4.443047902031828e-07
-6.10321967217303e-10
4.439646136196827e-07
-7.817628636992792e-10
4.434688608526041e-07
-9.514431986356617e-10
4.427955159552625e-07
-1.062894714611963e-09
4.419787316420025e-07
-9.879667330933089e-10
4.412935247021379e-07
-5.538651068473271e-10
4.417777623223265e-07
4.370409441314979e-10
4.458058223039182e-07
3.323031677818608e-09
4.549940130893306e-07
1.60280138627019e-08
4.589466674973819e-07
6.61281494728498e-08
4.341019749445198e-07
1.750101982413686e-07
3.736581354411093e-07
2.970077333212481e-07
3.006318279315165e-07
3.62987609886661e-07
2.246591767929178e-07
3.878654954981478e-07
1.50724070919029e-07
3.786860282723943e-07
8.401549518427825e-08
3.386651788545091e-07
3.461320983435425e-08
2.654694618939185e-07
2.826860365562444e-09
1.837134540608646e-07
5.339014424666172e-09
-3.914085807512539e-09
3.645700832318118e-09
5.107371673405331e-10
1.471730690420229e-09
2.282719222593331e-09
7.441601129815174e-10
1.033964477893646e-09
1.630587718465516e-09
-1.030805624682458e-09
3.964886512781192e-09
-2.154316200891243e-09
5.679879088910351e-09
-1.271861015946452e-10
2.939244084644475e-09
4.458666522066335e-09
3.434047716441042e-08
-1.608808668665275e-07
8.276176859585985e-08
-2.305036313217926e-07
1.485546218922459e-07
-2.96671704879923e-07
2.212445461129344e-07
-3.363144726266258e-07
2.952143107003236e-07
-3.519718811014073e-07
3.65531169931644e-07
-3.450842905039482e-07
4.260410278550168e-07
-3.186469858852263e-07
-2.818562106270146e-07
4.211101042052268e-07
-9.358717854034951e-08
4.087872032427992e-07
-3.83897363266161e-08
3.938469976611515e-07
-5.625225552694374e-09
3.842208677373098e-07
1.596512606638801e-10
3.778753900895539e-07
-4.24839707282407e-10
3.726480899942972e-07
-6.861537503695236e-10
3.692498673842201e-07
-2.713097818082666e-09
3.685659693610902e-07
-1.16690761555238e-09
3.673542390388603e-07
1.905238235840043e-08
3.528236615838847e-07
5.708585004578948e-08
3.417812526226477e-07
5.132083750243315e-08
3.36860644765135e-07
2.811356436185039e-08
3.377131226287025e-07
-1.217680192964758e-10
3.447876467961741e-07
-2.586009582166432e-08
3.55741170049961e-07
-3.686800990887237e-08
3.554259329751321e-07
-8.39754271786816e-09
3.55905974379591e-07
3.460948859048506e-09
3.587140267136507e-07
1.767779238618467e-09
3.62083999773924e-07
-5.502638637457827e-10
3.645072194178308e-07
4.840974428204967e-11
3.660933184019207e-07
7.001514253702015e-10
3.671729408980587e-07
7.256238513057646e-10
3.679166930802181e-07
4.918450096903131e-10
3.684087995320819e-07
2.731903224853687e-10
3.687097668564811e-07
1.25673793647898e-10
3.68865877474711e-07
2.812680913387099e-11
3.689065260583562e-07
-4.182042081081712e-11
3.688444582645429e-07
-9.536556381967278e-11
3.686778521422779e-07
-1.366601809153458e-10
3.683922938843391e-07
-1.65914563912491e-10
3.679625011418207e-07
-1.805292042670146e-10
3.673556930522842e-07
-1.7495475758945e-10
3.665387417769618e-07
-1.344919105423408e-10
3.654883780179626e-07
-1.253094601477393e-11
3.6420462183988e-07
2.957894515652345e-10
3.627829200081633e-07
8.678367293516036e-10
3.61810360761242e-07
1.409600193612612e-09
3.635328527888056e-07
1.60053965207761e-09
3.726511283710838e-07
6.90973828176048e-09
3.835557395751794e-07
5.522353827043346e-08
3.76495008755711e-07
1.820709290630744e-07
3.242941210161781e-07
3.492086210647418e-07
2.647156614138268e-07
4.22566069494728e-07
2.042398750305206e-07
4.483412818901145e-07
1.424939551456329e-07
4.404319481689271e-07
8.109173516985044e-08
4.000673988463041e-07
3.240172837351041e-08
3.141594687108991e-07
1.554779592431825e-08
2.005673865373973e-07
8.670446754844496e-09
2.963263396825386e-09
1.491450119616978e-09
7.689733847952199e-09
-5.36922561311461e-10
4.311091961817655e-09
-5.915608886270014e-10
1.088602881063235e-09
-4.111265784544168e-10
-1.21123983842441e-09
1.982914064386155e-09
-4.54835672205179e-09
9.718804966798929e-09
-7.863076855746918e-09
1.663958505059288e-08
-2.462113386262395e-09
3.664169634476156e-08
-1.808829779612537e-07
8.913438758148819e-08
-2.82996322351111e-07
1.562506247062053e-07
-3.637879417622398e-07
2.242313189511624e-07
-4.042951665118748e-07
2.900493333170487e-07
-4.177898949418196e-07
3.51668666203322e-07
-4.067036224858224e-07
4.032126005748145e-07
-3.701909189651168e-07
-3.12695031823545e-07
3.009584833562105e-07
5.454338162807897e-09
2.697030407005656e-07
-7.134293662034368e-09
2.673992835481413e-07
-3.321468408193877e-09
2.660586484416331e-07
1.500286355593665e-09
2.63422907909826e-07
2.210900811727205e-09
2.598001443358647e-07
2.936609811152588e-09
2.475573924402311e-07
9.529654065125338e-09
2.197728871161632e-07
2.661759769705629e-08
2.057153774292657e-07
3.310989203427843e-08
2.173395173267995e-07
4.546171013858981e-08
2.222609615286071e-07
4.639939329173222e-08
2.233289984250979e-07
2.704552745807983e-08
2.201119022708056e-07
3.095328128811211e-09
2.13152586339475e-07
-1.890077989462784e-08
1.999090697578561e-07
-2.362449333026243e-08
2.116266339589703e-07
-2.011510692005318e-08
2.393012459592684e-07
-2.42136631410186e-08
2.502843633347294e-07
-9.215338134904405e-09
2.522891876090843e-07
-2.55508813513638e-09
2.531267410474293e-07
-7.89143689899094e-10
2.5405534272397e-07
-2.284502465162743e-10
2.548079585220426e-07
-2.699194166097049e-11
2.553074976584143e-07
-7.694121822479637e-12
2.556229188017722e-07
-4.223081645319026e-11
2.558169597850906e-07
-6.836718629865683e-11
2.55922447595163e-07
-7.736099887706544e-11
2.559552637086687e-07
-7.463653399767375e-11
2.559219208089123e-07
-6.202266574154391e-11
2.558213038438606e-07
-3.604321973310091e-11
2.556451087981748e-07
1.02804755212326e-11
2.55378278670543e-07
8.630091479877926e-11
2.549993502336041e-07
2.039736683575205e-10
2.544847008283773e-07
3.801574815806545e-10
2.53839817853155e-07
6.323520139475696e-10
2.532089069724689e-07
9.267003153497749e-10
2.530225213040704e-07
1.05422237920466e-09
2.535604737865922e-07
8.716476916514692e-10
2.525631118667104e-07
2.597901551688056e-09
2.438295918788094e-07
1.564325824911319e-08
2.392089133509939e-07
5.984421677782302e-08
2.129334861453882e-07
2.083463562488979e-07
2.13977666193613e-07
3.481644409974715e-07
2.011911726709522e-07
4.353525629998986e-07
1.806289798282052e-07
4.689034747169179e-07
1.507563036137026e-07
4.703046243699804e-07
1.11587609016633e-07
4.392360934326875e-07
7.22559107626547e-08
3.534911669581943e-07
6.165817956671626e-08
2.111651177313335e-07
4.304323841345095e-09
6.031711912701727e-08
-3.38621369942169e-09
1.538027140237053e-08
-9.785985222454297e-10
1.903476810331655e-09
1.727734736530202e-10
-6.27690735800327e-11
-1.033403822130592e-09
-5.062482144285687e-12
-3.081806829769271e-09
-2.499953629979456e-09
5.773224578575258e-09
-1.671810815580152e-08
6.471224377037648e-08
-6.140113244053539e-08
8.139774043739488e-08
-1.975684744732104e-07
1.296143466247779e-07
-3.312129283474908e-07
1.817709139627195e-07
-4.159445088853411e-07
2.28357629215874e-07
-4.508818814502021e-07
2.700818533745922e-07
-4.595141183980213e-07
3.081703436762611e-07
-4.447921115155338e-07
3.395724469546914e-07
-4.015930220493613e-07
-3.098001182545487e-07
7.045282420981863e-09
-1.590944348487545e-09
-2.856218256253517e-10
1.966105339080407e-10
-2.807082973983288e-09
-8.0000729740992e-10
-1.414388496721333e-09
1.075918422632174e-10
-5.770066102027315e-10
1.373518889064087e-09
1.072184139443137e-10
2.252384749542134e-09
8.491240733470507e-09
1.145631707559398e-09
4.147079558295622e-08
-6.361957191835208e-09
6.618757041419892e-08
8.393117163175969e-09
8.89015252834014e-08
2.274775522831747e-08
1.084843265905351e-07
2.681659194325449e-08
1.151606212906032e-07
2.036923271575695e-08
1.081481195026569e-07
1.010782987453606e-08
8.83479312034866e-08
8.994083618387116e-10
6.546836883684591e-08
-7.449310059030563e-10
3.932062457469897e-08
6.032637299812629e-09
8.530382716229704e-09
6.576578675902321e-09
6.999900862313254e-11
-7.549544684527554e-10
-6.835588788917319e-10
-1.80153028787043e-09
-4.597900516035646e-10
-1.012912556808403e-09
-2.569698962709132e-10
-4.312704405563056e-10
-1.129202813703881e-10
-1.710415945970237e-10
-3.837363148936225e-11
-8.224080900462256e-11
-1.404289258161946e-11
-6.65615921344652e-11
-1.034878155505862e-11
-7.206133368402524e-11
-1.124326214152439e-11
-7.64665543963421e-11
-1.271260238172973e-11
-7.316722983650789e-11
-1.474822355183053e-11
-5.998708073127071e-11
-1.710239855502116e-11
-3.368908125116227e-11
-1.838143077513115e-11
1.155947081166066e-11
-1.65201163138284e-11
8.443956270647983e-11
-8.618465113510691e-12
1.960719788428048e-10
1.533003009000068e-11
3.562089471011253e-10
8.558406723488758e-11
5.620979366580492e-10
2.132844515507971e-10
7.989998897796684e-10
1.126963298199941e-10
1.154810458788449e-09
-1.185343338146162e-09
2.169687316386104e-09
-3.42384871682688e-09
4.836406886387648e-09
4.433458614940422e-09
7.785950872845467e-09
6.158337066267101e-08
2.694304685027489e-09
7.242904794523272e-08
1.975006789211117e-07
1.114487620591204e-07
3.091447268386209e-07
1.500827124230393e-07
3.967186125912925e-07
1.793895090819848e-07
4.395966780141918e-07
1.994247238180301e-07
4.502694095912187e-07
2.118753953372789e-07
4.267854218725938e-07
2.109162193926495e-07
3.544503428644461e-07
2.368178130785034e-07
1.852635240109226e-07
2.404143209297366e-07
5.672061124649606e-08
2.486505538857762e-07
7.144038424555395e-09
2.494392065262381e-07
1.114824158694757e-09
2.492835411381578e-07
9.289631673986511e-11
2.50791559534305e-07
-1.513080857793055e-09
2.516915623491504e-07
-3.399956404707786e-09
2.455586162094391e-07
-1.058516195091591e-08
2.425923796360616e-07
-5.843489578074053e-08
2.22724453550834e-07
-1.777005482719065e-07
2.349843453893014e-07
-3.434728200592527e-07
2.36237068261974e-07
-4.171972315937405e-07
2.322233090384364e-07
-4.468681219278021e-07
2.197114064325701e-07
-4.470022153005642e-07
1.916208960741563e-07
-4.167016009200536e-07
1.328152863640258e-07
-3.427874109108973e-07
-1.769848320423309e-07
3.109225954530656e-10
-1.901866930455621e-09
2.900346171910505e-10
2.17498477815866e-10
-9.253176289981303e-10
4.153448984221942e-10
-1.078240455360609e-09
2.605146135245955e-10
-1.720022742476537e-10
4.672806495043561e-10
2.123434905394013e-09
-4.305249066211786e-11
5.719566444131563e-09
-2.450499894805886e-09
4.393013159131126e-09
-5.035403972679688e-09
7.534215287040251e-09
5.251914966203831e-09
2.350814519710738e-08
6.773825246919351e-09
3.954281716125626e-08
1.078191990461771e-08
4.545901902428364e-08
1.445303077609964e-08
3.97990972817234e-08
1.576775153767391e-08
2.398493952476877e-08
1.671356603766282e-08
7.967689987721588e-09
1.527231844788191e-08
3.881533195923672e-09
1.011879400725756e-08
5.4882481020507e-09
4.969863684147807e-09
2.129908083438979e-09
2.60338546414236e-09
1.174849176943787e-10
2.108927914621345e-10
-3.651339308624114e-10
-5.302937943476331e-10
-3.167285621047129e-10
-4.796758949593492e-10
-1.895573091934101e-10
-2.982129322294544e-10
-9.797039295693671e-11
-1.738278088330367e-10
-5.0951160613198e-11
-1.135809067186995e-10
-3.283618525576872e-11
-9.017638972436981e-11
-2.880354425489402e-11
-8.049927453886176e-11
-3.087466067019083e-11
-7.109619087728509e-11
-3.582659819360011e-11
-5.503521920059472e-11
-4.180953591522859e-11
-2.770621802072095e-11
-4.613283489717363e-11
1.588269642075328e-11
-4.390834477899727e-11
8.221500025570821e-11
-2.713782718177872e-11
1.793013894673046e-10
1.168887888743956e-11
3.173821696498978e-10
5.505094759616519e-11
5.187357964492359e-10
1.019923415573214e-12
8.530308421875589e-10
-3.160277000799667e-10
1.471858009764559e-09
-5.673081196531579e-10
2.420967662685602e-09
1.395140481644409e-09
2.873958210822275e-09
8.519612405056148e-09
6.614788739611126e-10
1.514633128696106e-08
-3.932414273096182e-09
3.145465486898053e-08
1.811923552621438e-07
7.932468640407121e-08
2.61274695225958e-07
1.399521802365149e-07
3.360911186810526e-07
2.011011449888336e-07
3.784477131839279e-07
2.61189043541851e-07
3.901815109606945e-07
3.206505301631977e-07
3.673239351746365e-07
3.728488347829883e-07
3.02252038169696e-07
3.789730758842852e-07
1.791392828373419e-07
3.671188847448866e-07
6.857480231778649e-08
3.571608286977531e-07
1.710209441023998e-08
3.547639615343049e-07
3.511691269287791e-09
3.552593129818952e-07
-4.024551708993347e-10
3.569900179984666e-07
-3.243785900102487e-09
3.61589719082838e-07
-7.99965749526594e-09
3.735255968399353e-07
-2.252103969674249e-08
3.87728107917113e-07
-7.263740682255769e-08
3.87916070883083e-07
-1.778885111891023e-07
3.437426783763126e-07
-2.992994274822347e-07
2.937917194263874e-07
-3.672462725578812e-07
2.436939719184952e-07
-3.967703743226219e-07
1.901309890114187e-07
-3.934392321777346e-07
1.284576920380565e-07
-3.550283032540153e-07
5.680190997498843e-08
-2.711316293605839e-07
-1.201829218517433e-07
-8.160692133402641e-10
-1.085797830013553e-09
-3.645642192991605e-10
-2.340066014395948e-10
-2.547345099811713e-10
3.05515113008749e-10
-1.615167063506505e-10
1.67296732745954e-10
5.864708040980067e-10
-2.807069405674e-10
1.603739372470966e-09
-1.060321142922058e-09
8.959567796946e-10
-1.742717389629989e-09
-3.242996847080856e-09
-8.964504385956566e-10
-1.86975304740563e-09
3.878671069588595e-09
2.9308956300427e-09
1.973176467058023e-09
9.006494269948429e-09
4.706321157833334e-09
1.157993102177489e-08
1.187959391195961e-08
9.25575307377487e-09
1.809192936908797e-08
3.290189882244667e-09
2.267912910770023e-08
-1.699217235374888e-09
2.026172544035724e-08
-3.275759164579453e-09
1.169533580741842e-08
8.066839817179514e-10
8.87420406136484e-10
1.67635436268585e-09
1.733714948892147e-09
8.63078117664873e-10
1.024168900779376e-09
1.489234201970099e-10
1.838607663829875e-10
-1.28928235367013e-10
-2.018243762028759e-10
-1.634927269422605e-10
-2.636485769527153e-10
-1.244250570690696e-10
-2.128956138034423e-10
-8.394345680595469e-11
-1.54062640246939e-10
-6.008284618925765e-11
-1.140371314073146e-10
-5.124643654584851e-11
-8.933581251087798e-11
-5.205877028509155e-11
-7.02839827106707e-11
-5.821412812913618e-11
-4.887998384710056e-11
-6.640626095063057e-11
-1.951420492076446e-11
-7.283251718635601e-11
2.230883575600087e-11
-7.203260433864277e-11
8.141497274771247e-11
-5.803033466966501e-11
1.652990071764862e-10
-3.084598074315357e-11
2.901977044030557e-10
-3.583188341650984e-12
4.914728936795918e-10
3.181663325608614e-11
8.176309104238663e-10
2.642469710663348e-10
1.239427561660727e-09
1.25973466867865e-09
1.425479854009546e-09
3.43754750751828e-09
6.961452598914349e-10
5.064698503979564e-09
-9.656722356271834e-10
2.45438321020009e-09
-1.32209909384314e-09
3.348162700600276e-08
1.501651113507789e-07
8.170885192946738e-08
2.130474701860244e-07
1.474457950592068e-07
2.703541754339661e-07
2.208220710957493e-07
3.050714370295693e-07
2.966870557411008e-07
3.143165261973407e-07
3.699919768098578e-07
2.940190139882184e-07
4.308707083998236e-07
2.413733064631478e-07
4.557149721821909e-07
1.54295018940396e-07
4.514362472293097e-07
7.285352715979442e-08
4.418066201837313e-07
2.673172135021993e-08
4.374968875326761e-07
7.821423823111412e-09
4.372139302885581e-07
-1.194980139290736e-10
4.395827161845998e-07
-5.612571869015798e-09
4.458417257063204e-07
-1.425866707573195e-08
4.572394076010728e-07
-3.391872163104253e-08
4.637067829184312e-07
-7.910478216501472e-08
4.427126550420391e-07
-1.568943833187134e-07
3.861273394939465e-07
-2.427141119372909e-07
3.173666619578672e-07
-2.984855950172721e-07
2.45191367529477e-07
-3.245950798379688e-07
1.72085135401092e-07
-3.203330000409613e-07
1.000125299152134e-07
-2.829556981484008e-07
3.556920266387399e-08
-2.066883016878848e-07
-8.461371955356439e-08
-5.657920544197379e-10
-5.200058058167995e-10
-4.677232059897198e-10
-3.320755232847126e-10
-8.120340816225136e-11
-8.100477293939745e-11
2.569797308768693e-10
-1.708865003512822e-10
5.182363233150862e-10
-5.419636327724884e-10
2.675975453006375e-10
-8.096824696056335e-10
-1.036694654998097e-09
-4.384253005850006e-10
-2.507006281099124e-09
5.738610703324107e-10
-1.707247916802168e-09
3.078912580603309e-09
-2.051121765219849e-09
2.31705018414746e-09
-2.009965777838614e-09
4.665165031112645e-09
-1.716485160077627e-09
1.158611314795545e-08
-1.828311310773115e-09
1.820375536561832e-08
-1.809631557718826e-09
2.266044919387959e-08
-1.626830089201856e-09
2.007892380390502e-08
-2.441687742234902e-09
1.251019328679855e-08
-9.707345404909523e-10
-5.835329750454164e-10
3.864647873389084e-10
3.765154373450772e-10
6.934959236280958e-10
7.171375768562615e-10
4.212006965505431e-10
4.561558033518728e-10
1.182549391982181e-10
1.011211892786339e-10
-4.207945100220061e-11
-1.033143791467518e-10
-9.076604392359126e-11
-1.64209212901969e-10
-9.025670086104067e-11
-1.545721740452815e-10
-7.90113695006528e-11
-1.252826513341354e-10
-7.203645307662032e-11
-9.63109148461201e-11
-7.206758118793405e-11
-7.025303716873834e-11
-7.734271790748387e-11
-4.36050263369901e-11
-8.483635997288027e-11
-1.202073834206723e-11
-9.08899632404843e-11
2.836226683937067e-11
-9.105090704411488e-11
8.1575747680875e-11
-7.937443306977643e-11
1.536223668978007e-10
-4.289700385087586e-11
2.537201111899805e-10
6.107816611906737e-11
3.874975611284506e-10
3.513597044835355e-10
5.27349210532882e-10
1.0271911211713e-09
5.635959836320556e-10
2.126573040179186e-09
3.260977735626794e-10
2.98743410172509e-09
-1.647159637841706e-10
2.41550592341115e-09
-3.937442204836055e-10
1.013725459718834e-09
7.968120582908578e-11
3.673420311671346e-08
1.144446335289383e-07
8.650904163014856e-08
1.632726315068929e-07
1.536366657217027e-07
2.032265511761483e-07
2.302550212777993e-07
2.284530813067701e-07
3.099619789530573e-07
2.346095683553688e-07
3.853836447433108e-07
2.185973480317496e-07
4.467251911093697e-07
1.800317599319253e-07
4.795384902714496e-07
1.214817196153477e-07
4.871179710927658e-07
6.527404617880249e-08
4.851152579906334e-07
2.873443429829622e-08
4.829981782657884e-07
9.938503400888823e-09
4.825626028556834e-07
3.160772593760756e-10
4.837836315143753e-07
-6.833600653716652e-09
4.867340617296584e-07
-1.720909740241142e-08
4.899227448680291e-07
-3.710740486861714e-08
4.840506616534218e-07
-7.323269903469354e-08
4.527674250791691e-07
-1.256111468206809e-07
3.918486868088627e-07
-1.817953737356751e-07
3.165804992522709e-07
-2.232174075290144e-07
2.363897005184881e-07
-2.444042811929657e-07
1.571507780323442e-07
-2.410940776110572e-07
8.43591564010561e-08
-2.101640763913138e-07
2.674230907024982e-08
-1.490714551599098e-07
-5.787141044731387e-08
-2.455236023356827e-10
-2.744823319625171e-10
-2.633336390801423e-10
-3.142656002328385e-10
-3.68952207594932e-11
-3.074433003759368e-10
1.552899081521166e-10
-3.630717421564867e-10
5.200855868614634e-11
-4.386824012622879e-10
-4.536192962987188e-10
-3.040547399449168e-10
-1.037891286227177e-09
1.458465569078382e-10
-9.866252808992748e-10
5.225949234318408e-10
-1.291897730240091e-09
3.384184879868174e-09
-3.099002673557937e-09
4.124154967048048e-09
-5.034230564090259e-09
6.600392751830186e-09
-5.607800698980141e-09
1.215968310210767e-08
-4.885792487844497e-09
1.748174696407202e-08
-2.879149155146211e-09
2.065380566001558e-08
-1.164585478035016e-09
1.836435991639355e-08
-8.731573198330038e-10
1.221876490845035e-08
-9.050624832679636e-10
-5.516280397940056e-10
-3.147243082307274e-10
-2.138229738451571e-10
1.94014705266626e-10
2.083983210550806e-10
3.20768536610467e-10
3.29401724121303e-10
2.133245163549299e-10
2.085649578155584e-10
6.992912464149756e-11
4.008075796193017e-11
-2.418088352692608e-11
-7.009946071906735e-11
-6.674813243883631e-11
-1.120051813859506e-10
-8.032464409954432e-11
-1.117063950996748e-10
-8.358286675354109e-11
-9.305294573639877e-11
-8.573116125930976e-11
-6.81049937616302e-11
-8.917946563814243e-11
-4.015696979992976e-11
-9.275191107779126e-11
-8.448537488379721e-12
-9.329373194364455e-11
2.890384684620596e-11
-8.520236205991572e-11
7.348414016950531e-11
-5.625966113910681e-11
1.246794317292097e-10
2.363825540401602e-11
1.738219629558048e-10
2.194631120077117e-10
1.916724753297468e-10
6.280467811982566e-10
1.187653137095117e-10
1.293087183083576e-09
-1.014446444438293e-10
2.016237756554995e-09
-3.970530255357725e-10
2.283011074549533e-09
-4.314895069680156e-10
1.71817268055388e-09
1.710939484229877e-10
8.196603408513727e-10
9.78193320454621e-10
3.449162908334774e-08
8.077266456146017e-08
8.422103257365229e-08
1.135432277918709e-07
1.503108737101577e-07
1.371367098151528e-07
2.245533387594915e-07
1.542106160335378e-07
3.008936477550595e-07
1.582692591367755e-07
3.721929187712846e-07
1.472980767938247e-07
4.303433317529075e-07
1.218813467306686e-07
4.665876381378014e-07
8.523741301364714e-08
4.82446034265659e-07
4.941564983857186e-08
4.872100307589876e-07
2.397043759816306e-08
4.880784108256987e-07
9.070123135477848e-09
4.879001548235312e-07
4.943330717549548e-10
4.873135524561567e-07
-6.24699846417671e-09
4.858781140377133e-07
-1.577365915071688e-08
4.815383578523678e-07
-3.276764883707087e-08
4.669554585958459e-07
-5.864979992252192e-08
4.300502207322471e-07
-8.870590909265487e-08
3.685673811512106e-07
-1.20312534292501e-07
2.941574938592022e-07
-1.488075203769386e-07
2.155966549466216e-07
-1.658434423897934e-07
1.394763731995243e-07
-1.649737960279116e-07
7.211309697393416e-08
-1.42800800670756e-07
2.17240235997459e-08
-9.868238166316777e-08
-3.614738721355606e-08
-6.958921966321404e-11
-2.048931826894857e-10
-9.725138125835119e-11
-2.866035456473786e-10
-6.218760777889109e-11
-3.425071937714531e-10
-8.216540199721779e-11
-3.430940748886937e-10
-2.767219101321937e-10
-2.441260280951809e-10
-5.579473772154959e-10
-2.282941561234071e-11
-6.242695651733803e-10
2.121685920188619e-10
-3.422188925681744e-10
2.405440881846071e-10
-1.266105958182123e-09
4.308071770779538e-09
-3.144732937965012e-09
6.002781760719801e-09
-5.168252240483791e-09
8.623911854801991e-09
-5.859636790243579e-09
1.2851067439909e-08
-5.040371999528163e-09
1.666248194733505e-08
-2.935945895403116e-09
1.854937931719564e-08
-1.100561099516886e-09
1.652897486801774e-08
-1.921222442701867e-10
1.131032578862852e-08
-4.708253641833929e-10
-2.729251970266374e-10
-4.09355898349247e-10
-2.752927274062058e-10
-1.278479372595995e-10
-7.310993822146336e-11
9.220019952178602e-11
1.093532807902542e-10
1.490932628457561e-10
1.516715802429195e-10
9.934772099787786e-11
8.982597987645951e-11
2.422723875244676e-11
5.020696944660616e-12
-3.365887426081209e-11
-5.411939587886256e-11
-6.693518099182534e-11
-7.843041761207052e-11
-8.27415112298885e-11
-7.724694522676108e-11
-8.910371512914827e-11
-6.174311894809435e-11
-9.029898738726467e-11
-3.896202531386051e-11
-8.659005406154472e-11
-1.215779635017955e-11
-7.453542244149916e-11
1.684889201523264e-11
-4.57801279640287e-11
4.472852547355103e-11
1.642640625450307e-11
6.247257990119246e-11
1.406470811557166e-10
4.960097350925822e-11
3.614161229553086e-10
-2.909687862042072e-11
6.913251268459834e-10
-2.111439996055007e-10
1.082062129334982e-09
-4.92181954401996e-10
1.443721085498109e-09
-7.587122869333394e-10
1.765163710888041e-09
-7.529324360309619e-10
2.048845429119402e-09
-1.125880717053311e-10
1.451478852695029e-09
1.575559596623664e-09
2.700936239937265e-08
5.521478071660499e-08
7.415164089150005e-08
6.640094900342371e-08
1.361171835660598e-07
7.517116684662485e-08
2.033751515321902e-07
8.695264777580821e-08
2.713648405468767e-07
9.027956983340796e-08
3.344090252122892e-07
8.425389184300618e-08
3.862820999064483e-07
7.000827175503455e-08
4.214795460972061e-07
5.003996654629141e-08
4.406042201578035e-07
3.029097550724184e-08
4.490856708697303e-07
1.548898662315584e-08
4.520006988905828e-07
6.155094860136503e-09
4.520038023991523e-07
4.912293195324942e-10
4.497115336360508e-07
-3.954729933803087e-09
4.445228617843142e-07
-1.058498751948181e-08
4.35239213890482e-07
-2.348400115355457e-08
4.169315463266234e-07
-4.034213255946403e-08
3.792217472386046e-07
-5.099611020130605e-08
3.208032141178818e-07
-6.189400136580432e-08
2.528976610951633e-07
-8.09019675489549e-08
1.829896743204561e-07
-9.593545582568303e-08
1.165520072449638e-07
-9.853612912722519e-08
5.909830826096141e-08
-8.534710170998906e-08
1.737588454166298e-08
-5.695995871076183e-08
-1.877150268784407e-08
-1.172990368464449e-11
-1.931634154512975e-10
-4.777395864713411e-11
-2.505596256695588e-10
-1.147511602034943e-10
-2.755301273589824e-10
-2.253140301133063e-10
-2.325313465388603e-10
-3.630621048432546e-10
-1.063781024498832e-10
-4.339305540236192e-10
4.803887418092227e-11
-3.506202433143506e-10
1.288581114972184e-10
-1.96493161595131e-10
8.641682356498703e-11
-1.183315507342014e-09
5.294893920817811e-09
-2.754139126070353e-09
7.573605168410315e-09
-4.348793831594213e-09
1.021856633464256e-08
-4.916241543679966e-09
1.341851490941952e-08
-4.244499937836219e-09
1.599074008313463e-08
-2.575564829576464e-09
1.688044393297268e-08
-1.018044035377956e-09
1.497145378178313e-08
-3.503952793629965e-11
1.032732097184102e-08
-1.942681102167947e-10
-1.136969394820372e-10
-2.829634126789863e-10
-1.865977656437094e-10
-2.12650277816783e-10
-1.434234275158719e-10
-7.028617373271711e-11
-3.301119140130041e-11
3.149893947907223e-11
4.988608760084388e-11
5.608844853666361e-11
6.523608068742006e-11
2.828272328727195e-11
3.282602362076944e-11
-1.49942899955097e-11
-1.084278858882797e-11
-5.111013942845423e-11
-4.231497964423984e-11
-7.30658994366573e-11
-5.529160092130282e-11
-8.173585467757535e-11
-5.307358218484407e-11
-7.917960076897316e-11
-4.151869919029593e-11
-6.517795174412577e-11
-2.615986593555105e-11
-3.568569227017769e-11
-1.264378737808773e-11
1.804788170511167e-11
-9.005467421775572e-12
1.089058013124785e-10
-2.838575647982633e-11
2.480944771426293e-10
-8.958811701755915e-11
4.298016262316583e-10
-2.108044392666966e-10
6.12505328471884e-10
-3.938481106138643e-10
7.301218564226014e-10
-6.097988873521327e-10
7.843867271634762e-10
-8.129775594299126e-10
1.001119887982417e-09
-9.696659944873086e-10
1.828331778118035e-09
-9.398003557340976e-10
3.634344969628428e-09
-2.304539841659451e-10
2.748755666074963e-08
3.136156864061398e-08
6.77273566847506e-08
2.616114859978335e-08
1.157165149685065e-07
2.718200818821056e-08
1.677222931315781e-07
3.494686924390223e-08
2.204324946565004e-07
3.756936794544855e-08
2.695242376265933e-07
3.516214851649494e-08
3.105361674630225e-07
2.899634156916383e-08
3.399930827622112e-07
2.058305090560459e-08
3.579719736013297e-07
1.231208433558139e-08
3.673844913955262e-07
6.076468506443072e-09
3.713061389927531e-07
2.233446951934565e-09
3.715761096272567e-07
2.212583861889053e-10
3.685775477314129e-07
-9.561683235154622e-10
3.617040029829449e-07
-3.711443044472412e-09
3.507242665461634e-07
-1.250426497861155e-08
3.339377946327213e-07
-2.355566089993653e-08
3.011305299262197e-07
-1.818884574323547e-08
2.505270702206717e-07
-1.129054191073366e-08
1.951415171410178e-07
-2.551641471993867e-08
1.40014362701279e-07
-4.080830160437404e-08
8.834415567014144e-08
-4.686592234240964e-08
4.420547602672352e-08
-4.120842256899308e-08
1.273651635469395e-08
-2.549099902746122e-08
-6.034986664563663e-09
-1.391323394801242e-11
-1.792502864839282e-10
-6.241122554982279e-11
-2.020617673224183e-10
-1.504937099466648e-10
-1.874477867604018e-10
-2.515444766563203e-10
-1.314807314891759e-10
-3.157990968079322e-10
-4.212364395330081e-11
-3.020321662198483e-10
3.427177154588264e-11
-2.280513926508414e-10
5.487715257382029e-11
-1.712903874801744e-10
2.965561957593658e-11
-9.779647231274023e-10
6.101568041284229e-09
-2.18349274223597e-09
8.779132956226619e-09
-3.330046362826856e-09
1.136511970508897e-08
-3.743985467149828e-09
1.383245374544803e-08
-3.252673606503926e-09
1.549942793359732e-08
-2.046687079504284e-09
1.567445709765815e-08
-8.338240600840711e-10
1.375859043263342e-08
-1.850429992137608e-11
9.512000862172254e-09
-7.989803197765672e-11
-5.230357810032303e-11
-1.596405720688951e-10
-1.068556152928946e-10
-1.806501818539345e-10
-1.224142272798497e-10
-1.305607526198971e-10
-8.310104758622956e-11
-5.81328976192228e-11
-2.25422118291895e-11
-1.113811000110189e-11
1.824083370285771e-11
-2.809026884289325e-12
2.449646672089543e-11
-2.009823481740118e-11
6.445933608025532e-12
-4.40891905673573e-11
-1.832452058535815e-11
-6.172457815894184e-11
-3.765671878989424e-11
-6.706938661407909e-11
-4.772928661363563e-11
-5.789314798626795e-11
-5.069545635880417e-11
-3.216007758057939e-11
-5.18934589562019e-11
1.386834300168099e-11
-5.867273336025841e-11
8.535874817991957e-11
-8.049639904892797e-11
1.854622533440801e-10
-1.28489788312384e-10
3.078913139162602e-10
-2.120177026604084e-10
4.283514747842594e-10
-3.31265123176297e-10
5.043994897866396e-10
-4.698966448096811e-10
4.943179873046964e-10
-5.997179001154279e-10
3.996294076653305e-10
-7.18289489360639e-10
4.030667174373752e-10
-9.731038083016655e-10
1.457919139028775e-09
-1.994653274233697e-09
6.293894096750912e-09
-5.066429431768634e-09
3.2397827045116e-08
5.257635210908265e-09
5.582128915420288e-08
2.73768601758995e-09
8.205021595660923e-08
9.530809222528356e-10
1.163341518371955e-07
6.629329090872978e-10
1.524528404506972e-07
1.450678888200615e-09
1.85959642320024e-07
1.655346213847406e-09
2.138499232002937e-07
1.106060267067473e-09
2.342227849154921e-07
2.101887804269088e-10
2.470928754198222e-07
-5.58006565779531e-10
2.540413424809494e-07
-8.719989379228371e-10
2.569746540256358e-07
-6.998649613248161e-10
2.573730834475894e-07
-1.771713888800687e-10
2.559476144253399e-07
4.693003607594639e-10
2.508279849924215e-07
1.408186065324521e-09
2.334720541442759e-07
4.851665558450961e-09
1.977875389029544e-07
1.212885403993185e-08
1.694378511630408e-07
1.016084170003593e-08
1.492861252323481e-07
8.861183725858083e-09
1.208294653609013e-07
2.940244860186381e-09
8.879866972654341e-08
-8.77750626586468e-09
5.649959738891776e-08
-1.456685025577949e-08
2.802053451025779e-08
-1.272935979935895e-08
7.80150545747125e-09
-5.271970673016963e-09
1.766518737261598e-09
-3.080782531676339e-11
-1.484425970002704e-10
-8.394387482062218e-11
-1.489258649262464e-10
-1.54382270317582e-10
-1.170095431894159e-10
-2.159233585488467e-10
-6.993980386102247e-11
-2.36971573136288e-10
-2.107559965954563e-11
-2.120725771749582e-10
9.37259251420482e-12
-1.718353746836215e-10
1.463975362884392e-11
-1.508562463942812e-10
8.676278274796469e-12
-7.422267599237611e-10
6.692938325031177e-09
-1.61744279016942e-09
9.654348736780571e-09
-2.409699715656176e-09
1.215737636119683e-08
-2.699025574087299e-09
1.412177931183123e-08
-2.359780132793972e-09
1.516018217829064e-08
-1.524487521326373e-09
1.48391641475187e-08
-6.251518229184438e-10
1.285925437210783e-08
-1.586111749785434e-11
8.902709768948259e-09
-4.023046870715754e-11
-2.793463865241684e-11
-8.796646577329685e-11
-5.912005559840019e-11
-1.263277899486166e-10
-8.405336387794101e-11
-1.283786623301079e-10
-8.105066038776845e-11
-9.974757306130376e-11
-5.117380813555274e-11
-6.558819997249813e-11
-1.591906857839688e-11
-4.538951459465751e-11
4.297232730779594e-12
-4.252029309435138e-11
3.576144472264553e-12
-4.908276471802634e-11
-1.176263289246935e-11
-5.45520758536134e-11
-3.218800683447564e-11
-5.068473621156046e-11
-5.159723813304366e-11
-3.220612997964367e-11
-6.917468553889469e-11
4.236171555204683e-12
-8.833639225556103e-11
6.072003150138999e-11
-1.151572317677186e-10
1.370098298966595e-10
-1.567868407174388e-10
2.274915505680643e-10
-2.189721545725762e-10
3.177373970717465e-10
-3.022641955925516e-10
3.854262261021425e-10
-3.989545967520716e-10
4.120469741257813e-10
-4.96518034446487e-10
4.076282413480018e-10
-5.952998032484732e-10
4.286094731548465e-10
-7.392713507696755e-10
4.626956891069606e-10
-1.007190644895785e-09
-2.645683300079875e-10
-1.267389866499494e-09
-4.722787381368584e-09
-6.08210980070624e-10
-3.81716360540317e-10
9.165636021358439e-10
1.136052401940191e-09
1.219916680996589e-09
5.471079361814544e-10
1.542024827499219e-09
-1.00390553003234e-10
1.310430853101e-09
2.941393238414684e-11
1.320873872686649e-09
4.386991434825206e-10
1.246060489057927e-09
6.747012508915577e-10
8.700576622394142e-10
5.961389024691577e-10
2.887506488667204e-10
2.783204677272362e-10
-2.401885933951528e-10
-9.408603207707154e-11
-4.995928819277336e-10
-3.685442891090921e-10
-4.254071291644441e-10
-4.50094024536403e-10
-9.562205926362934e-11
-3.189908231770133e-10
3.38196772464675e-10
6.224633158806975e-10
4.667315564330264e-10
6.949144607262654e-09
-1.475016087978885e-09
2.690282826301602e-08
-7.8248299599337e-09
4.391019237661694e-08
-6.846522750948129e-09
5.003045198205227e-08
2.740923783814316e-09
5.006579499504815e-08
2.904901514499326e-09
4.109914153911314e-08
1.891468909708637e-10
2.732022835338704e-08
-7.879373775423886e-10
1.337785839347502e-08
1.213009662482142e-09
3.378992660427323e-09
4.726894973622225e-09
5.145511093076274e-09
-4.015495662025983e-11
-1.082877711393607e-10
-8.831871342462886e-11
-1.007622574099955e-10
-1.345398008830581e-10
-7.078861276284832e-11
-1.649926092866569e-10
-3.948716084271672e-11
-1.696026834796265e-10
-1.646570236031802e-11
-1.542641383345286e-10
-5.966142100341961e-12
-1.361374600837303e-10
-3.487130036531491e-12
-1.260501352358366e-10
-1.411268629989601e-12
-5.370111550656571e-10
7.103899102771715e-09
-1.143489045553383e-09
1.026082636485656e-08
-1.678973851046206e-09
1.269286088060832e-08
-1.879593150422163e-09
1.432239830162635e-08
-1.655833788352312e-09
1.493642247994105e-08
-1.092516264724878e-09
1.427584626158322e-08
-4.463271998067258e-10
1.221306491593995e-08
-1.024142068979902e-11
8.466623570836124e-09
-2.47901323319505e-11
-1.338637622983329e-11
-5.173664736070524e-11
-3.217401824646141e-11
-8.293839106780113e-11
-5.285212821802996e-11
-1.043601908089757e-10
-5.962939681844723e-11
-1.076851828023385e-10
-4.784938165234298e-11
-9.664145195533817e-11
-2.696339163048451e-11
-8.150825948542435e-11
-1.083657905177826e-11
-6.979193274384757e-11
-8.140825778099219e-12
-6.202641116297538e-11
-1.952882172759209e-11
-5.353315281953124e-11
-4.068195314590364e-11
-3.782848095255009e-11
-6.730261735044956e-11
-9.451887077621091e-12
-9.755200313609581e-11
3.449012133630952e-11
-1.322791385948118e-10
9.361520140505442e-11
-1.742830611061716e-10
1.634380076059805e-10
-2.26610404640413e-10
2.345412598936412e-10
-2.900761704530365e-10
2.936334444424322e-10
-3.613571461780215e-10
3.288220721350334e-10
-4.34143990736049e-10
3.374321772195936e-10
-5.051289023595591e-10
3.220569886677605e-10
-5.799253723622268e-10
2.402859744933996e-10
-6.575010853597566e-10
-1.041458195841568e-10
-6.627595895218387e-10
-9.787588636427776e-10
-3.927775475404876e-10
-1.738300844924777e-09
1.513302903984219e-10
-8.700256027644e-10
4.828766658120401e-11
-1.971679603648376e-10
5.470583627825141e-10
1.83666457168294e-10
1.161189754286294e-09
1.760025384006359e-10
1.318094136095509e-09
2.951181786487445e-10
1.201757618497213e-09
5.48856527394964e-10
9.923215477630313e-10
7.141444036118729e-10
7.047692162454827e-10
6.446325713973638e-10
3.582619336913854e-10
3.64052830277437e-10
4.039062370705538e-11
1.512755856050268e-11
-1.506681110467995e-10
-2.332135244950478e-10
-1.770665233425557e-10
-2.159592546380657e-10
-1.128767831310154e-10
3.288401144609926e-10
-2.066030282866745e-10
1.780095776373267e-09
-9.84524516653113e-10
3.182092862453398e-09
-2.877013567993686e-09
-3.770395312868179e-10
-4.265697947120876e-09
-2.976158194075361e-09
-4.247404461195939e-09
4.526013799118102e-09
-4.76124857739931e-09
1.113168033824695e-08
-3.700765387081793e-09
1.169895226547671e-08
-3.781253949070003e-10
8.181993625237732e-09
2.729020951406424e-09
3.552245496519884e-09
5.842757601166434e-09
4.595161783703973e-10
7.819623645746033e-09
5.605027171453545e-09
-3.812622474337816e-11
-7.016167182154837e-11
-7.609911724489546e-11
-6.278951278554481e-11
-1.044959479121181e-10
-4.239193890487476e-11
-1.191686040657173e-10
-2.481467198271011e-11
-1.206696105886419e-10
-1.496487453233113e-11
-1.148480858686132e-10
-1.178786020687291e-11
-1.080726891682711e-10
-1.026273592804371e-11
-1.030152370916968e-10
-6.468949224712585e-12
-3.751929892734999e-10
7.376076606328066e-09
-7.743606334267063e-10
1.065999373671145e-08
-1.130981673049888e-09
1.304948162388244e-08
-1.272824057184664e-09
1.446424036183456e-08
-1.134249684326974e-09
1.479784775566353e-08
-7.622958590167678e-10
1.390389205396299e-08
-3.058079226765415e-10
1.175657656699127e-08
-3.592589910793476e-12
8.164407792027485e-09
-1.531683792293024e-11
-1.66260655352877e-12
-2.889760300467643e-11
-1.859376650483739e-11
-5.109577245823709e-11
-3.065450539275544e-11
-7.949214897259863e-11
-3.123360236387797e-11
-1.018183358415648e-10
-2.552381001278748e-11
-1.096523683060323e-10
-1.913000892947352e-11
-1.043340496518002e-10
-1.615557924532377e-11
-9.193075748902437e-11
-2.054483166000345e-11
-7.644308992981301e-11
-3.501723201357125e-11
-5.756069851482965e-11
-5.956511560496504e-11
-3.170510737529307e-11
-9.315900437952989e-11
4.433697063090784e-12
-1.336916264722784e-10
5.152700504177916e-11
-1.793732848552653e-10
1.068242713908939e-10
-2.295811821969721e-10
1.640554870626158e-10
-2.83842487917231e-10
2.142317077905513e-10
-3.402532678185397e-10
2.479698867787821e-10
-3.950962074668523e-10
2.580213973129285e-10
-4.441963847734051e-10
2.363923099672283e-10
-4.835006967727259e-10
1.586691648419623e-10
-5.022031024997038e-10
-3.377683383780206e-11
-4.650559530906727e-10
-3.856604451557419e-10
-3.108768310738825e-10
-7.379426041408277e-10
-4.049622620168876e-11
-7.247480529407708e-10
1.381349210818553e-10
-7.487101395827538e-10
7.224895557493729e-11
-5.325246658195748e-10
3.308721154506192e-10
-1.19911811077063e-10
7.485761502630156e-10
1.976629803911728e-10
1.000518622372124e-09
4.11605575261252e-10
9.878143280095555e-10
5.756324430812504e-10
8.282940128206542e-10
6.561104835366837e-10
6.242905364410257e-10
5.980380603149021e-10
4.163337464850382e-10
4.132088020640593e-10
2.25219299701305e-10
1.95818788858935e-10
6.672134864286211e-11
9.176179589670632e-11
-7.30100559327916e-11
2.53078112230996e-10
-2.741935973695542e-10
7.19273539435188e-10
-6.72798927333216e-10
1.00680438248378e-09
-1.272055807757406e-09
-3.584749754380893e-10
-1.511734638129054e-09
-4.167266344293692e-09
-4.569069909906008e-10
-5.909948320195482e-09
-2.50472288791096e-09
-4.708428335008362e-09
-5.962768961240005e-09
-2.448020607232616e-09
-5.961173506718477e-09
-1.284001162397111e-09
-1.542145198839736e-09
-1.26226877026559e-09
2.707288203723036e-09
-1.465876672335094e-09
6.046365007127141e-09
-9.735530192941561e-10
7.327299803845158e-09
4.631473869542256e-09
-2.930730811969893e-11
-4.085450800451771e-11
-5.621317586398408e-11
-3.588379737796201e-11
-7.404364804388805e-11
-2.456162382363943e-11
-8.291593150977484e-11
-1.59425541498351e-11
-8.589981066706953e-11
-1.198117354087424e-11
-8.641294271251319e-11
-1.127492060079276e-11
-8.593568800860077e-11
-1.074020098099254e-11
-8.46511637496425e-11
-7.753703014727322e-12
-2.476992569548225e-10
7.53912444716163e-09
-4.85593725793751e-10
1.089788792944121e-08
-7.156659518761108e-10
1.32795535464288e-08
-8.194748957505951e-10
1.45680489742647e-08
-7.469660603602238e-10
1.472533855726407e-08
-5.12184194234791e-10
1.366910979324121e-08
-1.93159539402201e-10
1.143755148244518e-08
-4.238289759345667e-13
7.971671617251136e-09
-2.439864130195248e-12
3.529263384365305e-13
-3.279014417579204e-12
-1.775515532567946e-11
-2.565166781795783e-11
-8.282430789186672e-12
-6.263538442402113e-11
5.749497407304011e-12
-9.535732339302852e-11
7.197471904633235e-12
-1.126223534383424e-10
-1.865673871638115e-12
-1.138843034043647e-10
-1.489436345639789e-11
-1.040572045175986e-10
-3.037270099767743e-11
-8.756784052075924e-11
-5.150740282171176e-11
-6.442181480553396e-11
-8.27119809847078e-11
-3.286927232327196e-11
-1.247124181348534e-10
6.884611885208249e-12
-1.73446409573815e-10
5.24882640276733e-11
-2.249778609019261e-10
9.968618566640437e-11
-2.767800484649612e-10
1.423109231913208e-10
-3.264681869464508e-10
1.729726390892905e-10
-3.709159577589055e-10
1.841348327327811e-10
-4.062593828605402e-10
1.67481137970615e-10
-4.275436753558153e-10
1.100391748093242e-10
-4.260597171058279e-10
-7.321594488540686e-12
-3.84843311222655e-10
-1.904523933261718e-10
-2.819261211733488e-10
-3.826569685569879e-10
-1.186732087630564e-10
-4.629734193448283e-10
3.98192910315417e-11
-4.328583269962213e-10
1.080189165620264e-10
-5.036862091242323e-10
1.430759515908505e-10
-4.42946554120102e-10
2.701316014204791e-10
-1.802933293084213e-10
4.859220971672943e-10
1.440024814352599e-10
6.762220141618091e-10
3.93148343039395e-10
7.38667702256284e-10
5.375485459251747e-10
6.838930784296215e-10
5.876322022027094e-10
5.742061827515226e-10
5.540207803256311e-10
4.499445039785092e-10
4.631536475808234e-10
3.160858017588054e-10
3.734342010315791e-10
1.564401970290166e-10
3.573721489280366e-10
-5.694856949908582e-11
4.301783518367158e-10
-3.470003349952707e-10
4.213063149764931e-10
-6.639273956241123e-10
-7.967289358127334e-11
-7.710770778211628e-10
-1.280822294936763e-09
-3.105856929186885e-10
-2.316867294302998e-09
5.791375695269762e-10
-2.701492502868087e-09
-2.120098106873891e-09
-4.231709213950059e-09
-4.432552670857457e-09
-5.411215674093461e-09
-4.781667459760063e-09
-5.420478243426025e-09
-1.532883033061768e-09
-4.676478381999724e-09
1.963287984101518e-09
-3.282009451273477e-09
4.651895810760658e-09
-1.410642727776587e-09
5.455932480691148e-09
3.220830994352322e-09
-1.917494859402749e-11
-2.167966442803597e-11
-3.657924929429092e-11
-1.847963248707808e-11
-4.829303737779335e-11
-1.284798383318857e-11
-5.541982157569017e-11
-8.815929752253039e-12
-6.051638206889712e-11
-6.884785536781484e-12
-6.525579085960661e-11
-6.535700313677677e-12
-6.936064008992416e-11
-6.6355579168445e-12
-7.16610805820585e-11
-5.453489998210785e-12
-1.376837969880228e-10
7.605146913416805e-09
-2.356610584365929e-10
1.099586491435173e-08
-3.611522744832079e-10
1.340504445853841e-08
-4.35070318863818e-10
1.464196668358823e-08
-4.239632196186949e-10
1.471423109123242e-08
-3.124126270243242e-10
1.355755879845157e-08
-1.059748152070682e-10
1.123111323286333e-08
-2.25389948785254e-12
7.867950224650232e-09
3.339847020571001e-11
-3.529995900556732e-11
3.207762996769751e-11
-1.643487276262003e-11
-1.130901690836388e-11
3.510361732535425e-11
-5.876318677665319e-11
5.320302464806713e-11
-9.166712258451915e-11
4.010072282792462e-11
-1.087200343758304e-10
1.518650877823683e-11
-1.121468407473342e-10
-1.146832811597494e-11
-1.055348966663658e-10
-3.698545890578267e-11
-9.386463030673519e-11
-6.31785226322192e-11
-7.160968244918971e-11
-1.049678214588369e-10
-3.92063978585998e-11
-1.571166305625064e-10
-1.192909600376235e-12
-2.114608589180566e-10
3.811311888345944e-11
-2.642848791391598e-10
7.436765666470431e-11
-3.130356012016922e-10
1.02186429551573e-10
-3.542879950153122e-10
1.152076385842116e-10
-3.839382174337749e-10
1.064553779957275e-10
-3.975081833206144e-10
6.828959683568752e-11
-3.893789599253222e-10
-6.085959306172608e-12
-3.516852265874851e-10
-1.144246515916443e-10
-2.765056782274344e-10
-2.302691214426283e-10
-1.660827001051987e-10
-3.028387638571548e-10
-4.610459842561338e-11
-3.064901108667183e-10
4.34696259336176e-11
-2.936066074892167e-10
9.513442668274389e-11
-3.004709276776938e-10
1.4993931300948e-10
-2.536526504899952e-10
2.233123977980912e-10
-9.69207523763333e-11
3.291893058518131e-10
1.321975468445128e-10
4.471028582559271e-10
3.413851676777388e-10
5.294792610254216e-10
4.744459646186576e-10
5.508314993251632e-10
5.288541866998332e-10
5.19797215703065e-10
5.277521219940561e-10
4.510458617807583e-10
4.994699695938607e-10
3.443672839084495e-10
4.672147990915596e-10
1.886947340194202e-10
4.27109431463088e-10
-1.684380025255074e-11
3.115449376107165e-10
-2.314364052534115e-10
-5.451522639608159e-12
-3.469314676760169e-10
-5.450410499387563e-10
-2.314880539280038e-10
-9.427924635653784e-10
8.716524160522216e-11
-6.36098766099625e-10
2.724434118419829e-10
-1.132197175019729e-09
-1.624000146213064e-09
-3.165089150251523e-09
-2.399661137863646e-09
-5.301016975783309e-09
-2.645740068268548e-09
-5.899696115573033e-09
-9.342042975173376e-10
-5.163989723733027e-09
1.227581200465842e-09
-3.447360947207739e-09
2.935266543634714e-09
-1.35765471349339e-09
3.366225953151327e-09
1.863176020313054e-09
-1.112564676434841e-11
-1.055416103616309e-11
-2.160348062034746e-11
-8.001939683962962e-12
-2.94216842496883e-11
-5.029923208386463e-12
-3.553402552691335e-11
-2.703739997364927e-12
-4.169240610383081e-11
-7.265696285951596e-13
-4.897928579803345e-11
7.509992025317954e-13
-5.68365099491972e-11
1.2214668327052e-12
-6.302752070041974e-11
7.373003128384743e-13
-2.227974691067104e-11
7.564398894479376e-09
3.010900296053658e-11
1.094347589315112e-08
2.700270209822399e-11
1.340815045820861e-08
1.300106449011018e-12
1.466766894706684e-08
-4.930440997326565e-11
1.476483524084728e-08
-1.006825597175657e-10
1.360893654602677e-08
-4.41100289772442e-11
1.117454026101125e-08
5.959625602600355e-11
7.764243459308535e-09
1.231467188884376e-10
-9.885094483831591e-11
5.442639158433236e-11
5.22848891995865e-11
-2.477963543084893e-11
1.143090335791046e-10
-6.518599690775033e-11
9.360873081980255e-11
-8.341399437284219e-11
5.832801801077995e-11
-9.556038856889385e-11
2.733215536118074e-11
-1.015205977818518e-10
-5.508913342346948e-12
-1.001305302469984e-10
-3.837636516497752e-11
-9.558307443859846e-11
-6.772686168261793e-11
-7.470868203605871e-11
-1.258431381234018e-10
-4.648839038906603e-11
-1.853378862205274e-10
-1.699245143117333e-11
-2.40957797233617e-10
1.108260076981556e-11
-2.923609631798743e-10
3.432057725462192e-11
-3.362746368838829e-10
4.790419702428093e-11
-3.678726969744673e-10
4.628025373451124e-11
-3.823153737775848e-10
2.405383502072569e-11
-3.752828760894718e-10
-2.216260915527644e-11
-3.431636334875015e-10
-8.959269442744296e-11
-2.842562589155289e-10
-1.636224472948947e-10
-2.024770376013747e-10
-2.180330575875157e-10
-1.116731900576096e-10
-2.315937346346656e-10
-3.254500519314402e-11
-2.113818579515734e-10
2.325668814257474e-11
-1.820455328628468e-10
6.579706649253655e-11
-1.426532753845773e-10
1.10546051783572e-10
-7.933342672018415e-11
1.599915786798125e-10
2.728236516370692e-11
2.225725808076661e-10
1.72262972391819e-10
3.021213557129425e-10
3.179720796730251e-10
3.837692987673251e-10
4.260022954110756e-10
4.428004683300605e-10
4.841100065294576e-10
4.616887301935245e-10
5.024314525477853e-10
4.327236808933298e-10
4.936312271505385e-10
3.531668141381017e-10
4.537038573980033e-10
2.286214466588033e-10
3.502506483554205e-10
8.660878913636943e-11
1.3331330169767e-10
-1.449964286835708e-11
-2.036758684658226e-10
-9.942848371730272e-12
-5.283134793343777e-10
9.314903587793577e-11
-5.824451707509332e-10
1.412964371675266e-10
-2.505596565234043e-10
-5.944257957985539e-11
-9.032493940722967e-10
-9.713108734747806e-10
-2.82694092144871e-09
-4.759700684094129e-10
-4.642628251739104e-09
-8.300531889963834e-10
-5.176782940288403e-09
-4.000500461682718e-10
-4.493576959072894e-09
5.443748227425299e-10
-2.891674762836473e-09
1.333364010265889e-09
-1.00152260913107e-09
1.476073247251841e-09
8.616532110116616e-10
-6.395690268396332e-12
-4.158546557847157e-12
-1.281430878653462e-11
-1.583432759039748e-12
-1.817378423724425e-11
3.294260560973263e-13
-2.300966124947755e-11
2.131998363525303e-12
-2.856024776310958e-11
4.823864688244045e-12
-3.6082708659924e-11
8.27329106738289e-12
-4.573354768106274e-11
1.087211787891433e-11
-5.515416634863073e-11
1.01577084926333e-11
1.259604714872946e-10
7.3832840217728e-09
3.758896444309236e-10
1.069354645740042e-08
5.684632708698859e-10
1.321557653946869e-08
6.735084850432493e-10
1.456262340759934e-08
6.188826056133398e-10
1.481946076077426e-08
3.794046145355749e-10
1.384841413998014e-08
1.657667099833333e-10
1.138817772998364e-08
4.68418493977971e-10
7.461591198014864e-09
2.230329388771388e-10
1.465340908617095e-10
-2.166319715931443e-12
2.774835833138949e-10
-6.351302559820125e-11
1.75655130082071e-10
-6.198965793983839e-11
9.208470636263533e-11
-5.97341219218169e-11
5.607177865919737e-11
-6.928663954811e-11
3.688392134372582e-11
-8.292822591059823e-11
8.131874830446824e-12
-1.02158051372526e-10
-1.914738515857374e-11
-8.712844640299684e-11
-8.275735659270415e-11
-6.533083862425124e-11
-1.476416797086258e-10
-5.080913197012357e-11
-1.99860566705479e-10
-3.774535805487508e-11
-2.540225828671067e-10
-2.491159584042361e-11
-3.051957701847608e-10
-1.602456048432827e-11
-3.451627464241302e-10
-1.567107453842178e-11
-3.682272809359949e-10
-2.775128897390724e-11
-3.702362761308119e-10
-5.472791944217474e-11
-3.483073752254406e-10
-9.546571044744598e-11
-3.024269788152846e-10
-1.422631111521686e-10
-2.374599953637008e-10
-1.802230907628896e-10
-1.645181893675333e-10
-1.934574129101915e-10
-9.843998813595684e-11
-1.763594396919707e-10
-4.964408100058892e-11
-1.367155827638727e-10
-1.638824935140318e-11
-8.301984180489228e-11
1.210027274662815e-11
-1.669527880471018e-11
4.422046682664142e-11
5.905105599272216e-11
8.424425727206718e-11
1.441933492723167e-10
1.374293378150367e-10
2.381358987431029e-10
2.081778964154059e-10
3.309605240612915e-10
2.909438036418457e-10
4.063019486770073e-10
3.674582154118171e-10
4.526176341044396e-10
4.153722570424713e-10
4.664465470973487e-10
4.188940210664287e-10
4.442560129955627e-10
3.753566408190864e-10
3.732422697130124e-10
2.996345214450647e-10
2.345066196118253e-10
2.253438078832901e-10
2.691223312238065e-11
1.93094148005674e-10
-2.015181057475282e-10
2.184869279085713e-10
-3.665809332026241e-10
2.582113304380687e-10
-4.475622167822333e-10
2.222772120744953e-10
-5.64844281859716e-10
5.783899520862782e-11
-1.501408988307035e-09
-3.474664622310478e-11
-2.475467268315431e-09
4.980877366987531e-10
-3.195017575353794e-09
-1.105033499991078e-10
-3.388063750395459e-09
-2.070043136945379e-10
-2.907801069312577e-09
6.411171910422027e-11
-1.864161779488028e-09
2.897242364687113e-10
-6.744226460926844e-10
2.863337046433268e-10
1.872303259307309e-10
-4.873202286086249e-12
7.145271800213581e-13
-1.00194984645929e-11
3.562746441527511e-12
-1.451178796036482e-11
4.821598941342492e-12
-1.827570437474928e-11
5.895789753497088e-12
-2.189632646705379e-11
8.444348338513612e-12
-2.674316717694456e-11
1.311997702823264e-11
-3.414432687006458e-11
1.827310292643073e-11
-4.310838465213231e-11
1.912156946936374e-11
3.287276783631281e-10
7.011447736388497e-09
8.57492140277984e-10
1.016478174561768e-08
1.388335273426446e-09
1.268473312565773e-08
1.835590178304424e-09
1.411536818964952e-08
2.063992720108922e-09
1.459105787032511e-08
1.96795891395193e-09
1.394444756064504e-08
1.670531761702898e-09
1.168560445690529e-08
1.819358171588008e-09
7.312764322082962e-09
7.601613248720517e-11
1.889875620468511e-09
-1.312332206449215e-10
4.847323831173603e-10
-5.921706865453506e-11
1.036383786053293e-10
-2.997354590897346e-11
6.284053819042029e-11
-2.603565867374594e-11
5.213319833557725e-11
-2.691176658944408e-11
3.775928951640708e-11
-5.178148576665605e-11
3.300080674696426e-11
-1.434145590988949e-10
7.248485536294944e-11
-4.099410141263075e-11
-1.85178692384534e-10
-3.821956265143316e-11
-1.504171388279195e-10
-5.180523724342158e-11
-1.862758531387255e-10
-6.009102136792935e-11
-2.4573779630641e-10
-6.487366227263492e-11
-3.004141603720201e-10
-7.1571875379421e-11
-3.384655928435475e-10
-8.387991500983834e-11
-3.559203248911578e-10
-1.02864363288776e-10
-3.512529297083874e-10
-1.277301075740011e-10
-3.234427455849122e-10
-1.550677466021762e-10
-2.75090461142332e-10
-1.77514566073288e-10
-2.150142978130323e-10
-1.845887192468961e-10
-1.574451528106983e-10
-1.679938029010199e-10
-1.150360095628792e-10
-1.270365680022523e-10
-9.060240429514982e-11
-6.714874333912247e-11
-7.627714001698052e-11
5.694187605281996e-12
-6.074369781257286e-11
8.547188257603628e-11
-3.555823672077052e-11
1.648908348508729e-10
4.824330017341061e-12
2.384657372899966e-10
6.385349722429063e-11
3.046133390382589e-10
1.420293944091689e-10
3.623424161753284e-10
2.332138658597215e-10
4.071651924255614e-10
3.226346179190035e-10
4.311877112639278e-10
3.913489567904228e-10
4.249754984150915e-10
4.251054913053964e-10
3.784727833640416e-10
4.21858651608748e-10
2.838458461572488e-10
3.942607913227071e-10
1.443137959638568e-10
3.648752265526799e-10
-1.508190499712888e-11
3.524892512856869e-10
-1.527434712777008e-10
3.561479280183668e-10
-2.541308308793792e-10
3.595981514411551e-10
-4.07380916981635e-10
3.75526782116586e-10
-8.250330097744621e-10
4.754905881151452e-10
-1.518813834653991e-09
6.590336876275753e-10
-1.667520006842746e-09
6.467934209085081e-10
-2.065552592929384e-09
2.875287522991374e-10
-2.26337220825743e-09
-9.185166306910953e-12
-1.998622577940162e-09
-2.006383463593103e-10
-1.389556966704256e-09
-3.193417880513868e-10
-6.832520669449306e-10
-4.199717010888847e-10
-4.960220044203361e-10
-5.836884213554356e-12
6.551370053508913e-12
-1.212406106314223e-11
9.849844602195975e-12
-1.77038662301203e-11
1.040130944591899e-11
-2.174236409734645e-11
9.934180242107695e-12
-2.357431641971774e-11
1.027617924422372e-11
-2.364743826980843e-11
1.319296036036391e-11
-2.397753276331503e-11
1.860303930220265e-11
-2.637536564394832e-11
2.151922140218517e-11
5.770205139254769e-10
6.408051650787544e-09
1.46095627946463e-09
9.280845745903421e-09
2.483408346552837e-09
1.166228079430107e-08
3.546208025457196e-09
1.305256821353194e-08
4.525966918208904e-09
1.361129864578015e-08
5.286739108730849e-09
1.318367500114111e-08
5.496412289450583e-09
1.147593086872779e-08
6.274310519861551e-09
6.534865643435795e-09
5.90048093509501e-09
2.263704715357174e-09
5.340459440905856e-09
1.044753343898082e-09
4.34122907693035e-09
1.102868165305031e-09
3.229874003561091e-09
1.174194989063988e-09
2.226436142861467e-09
1.055570391656197e-09
1.474528278619665e-09
7.896664408541132e-10
9.139967454827358e-10
5.93531582632836e-10
2.289143906543313e-10
7.575664088446291e-10
5.644560146199013e-11
-1.271074647145666e-11
-8.293761985320043e-12
-8.567865927307221e-11
-4.475501611763741e-11
-1.498155202829501e-10
-7.591579037932119e-11
-2.145779782148625e-10
-1.031024034793402e-10
-2.732285340588571e-10
-1.280532060677701e-10
-3.135158039967641e-10
-1.536204622377971e-10
-3.303541042536934e-10
-1.787381236997581e-10
-3.261363209036361e-10
-1.994519556539796e-10
-3.027299776794537e-10
-2.116972555944532e-10
-2.628462313179706e-10
-2.098329777915311e-10
-2.168796459460226e-10
-1.868632716495111e-10
-1.804159239971986e-10
-1.3973772768411e-10
-1.621626078192281e-10
-7.281720199499058e-11
-1.575239683815531e-10
5.631601949729434e-12
-1.54726961853419e-10
8.817996065758938e-11
-1.432930496146951e-10
1.688398657336791e-10
-1.162191066949392e-10
2.422728082815444e-10
-6.860954615346218e-11
3.042149867567884e-10
1.91041841352203e-12
3.530855033468446e-10
9.315801247682209e-11
3.894392482409669e-10
1.968592913053175e-10
4.124884699949688e-10
2.995846026251761e-10
4.168637591084316e-10
3.869729099513617e-10
3.926294642191263e-10
4.493390638028975e-10
3.296652633825584e-10
4.848221645337084e-10
2.259250742835825e-10
4.980003259297504e-10
9.51070412596527e-11
4.956926372633165e-10
-3.612341986887493e-11
4.83719120527636e-10
-1.474705892046924e-10
4.674945334533154e-10
-2.439113085720463e-10
4.56038331110936e-10
-3.288232744713393e-10
4.604382277202463e-10
-3.278812246291529e-10
4.745480307935726e-10
-1.867358508636936e-10
5.178878116930126e-10
1.281545271401574e-11
4.47241614740949e-10
4.072496268219022e-11
2.596187416761059e-10
-4.749538726608828e-12
3.628885304759449e-11
-3.676035557634617e-11
-1.68627983163217e-10
-2.357988506786028e-11
-3.325227403912529e-10
1.351116146755126e-11
-4.57063293485065e-10
-4.825110621034214e-10
-8.479886619853768e-12
1.50311528584455e-11
-1.772327223499389e-11
1.909314535734123e-11
-2.635424885816487e-11
1.903220326344379e-11
-3.302333608333407e-11
1.660317641394935e-11
-3.549735035316054e-11
1.275008915161479e-11
-3.179223691959305e-11
9.48772599554561e-12
-2.266114429116602e-11
9.471805944411178e-12
-1.354882470369962e-11
1.240673872202944e-11
8.151755354024123e-10
5.579327102370842e-09
2.046938324879011e-09
8.049082740671855e-09
3.573662618297288e-09
1.013555625512288e-08
5.299764556002963e-09
1.132646599814818e-08
7.141966484272785e-09
1.176909640567362e-08
8.988992773945878e-09
1.133664836388856e-08
1.058406522797994e-08
9.880858029504333e-09
1.053366859618631e-08
6.585261851223608e-09
9.268979345060158e-09
3.52839350224437e-09
7.711861649450844e-09
2.601870534303315e-09
6.155678786705403e-09
2.659050481007255e-09
4.595464263549306e-09
2.734408923180432e-09
3.106993889876419e-09
2.544040134059524e-09
1.780393902380524e-09
2.11626575540695e-09
8.226361817861668e-10
1.551288589122232e-09
2.082406916041451e-10
1.371961145165498e-09
1.402424685739783e-10
5.528668429073428e-11
7.076694091551789e-11
-1.620395993307764e-11
-1.761497663179888e-12
-7.728794381192121e-11
-7.372607118020143e-11
-1.426142972550159e-10
-1.358375334301362e-10
-2.111179916509246e-10
-1.840238359494509e-10
-2.653304443415247e-10
-2.238307724804627e-10
-2.905481296685301e-10
-2.578289732316667e-10
-2.921390962051277e-10
-2.784944292932544e-10
-2.820655073325209e-10
-2.793335570709276e-10
-2.620080935878748e-10
-2.516269740207788e-10
-2.445872188126074e-10
-1.896610647523245e-10
-2.423828176033855e-10
-1.006865585904346e-10
-2.511380885847879e-10
-2.321887448005526e-12
-2.558895996665522e-10
9.006439622744445e-11
-2.47114187654956e-10
1.699215575123599e-10
-2.231511311724885e-10
2.367561986658726e-10
-1.830546437129463e-10
2.91568331547656e-10
-1.234225477838222e-10
3.35161560214159e-10
-4.168365048443226e-11
3.686391560944035e-10
5.967960640036523e-11
3.931769619515571e-10
1.723207055722372e-10
4.079043501428983e-10
2.848564653765269e-10
4.075037488939826e-10
3.873727923910883e-10
3.819886243076215e-10
4.748534996653101e-10
3.203541166571123e-10
5.464560124753529e-10
2.182577916145924e-10
6.000960197376374e-10
8.595508006912995e-11
6.279947446137687e-10
-5.241611666309736e-11
6.220897388845672e-10
-1.729448816179024e-10
5.880227432242144e-10
-2.642626088353131e-10
5.473555233300211e-10
-3.176788647167683e-10
5.138539634730924e-10
-3.197182151133211e-10
4.765868694253686e-10
-2.272861190862823e-10
4.254552055768567e-10
-1.193556368099229e-10
3.393106181730361e-10
-6.838315876275095e-11
2.086457474784954e-10
-5.707176743524991e-11
2.497696249889459e-11
-4.814701929882551e-11
-1.775532101555725e-10
-2.565860695373483e-11
-3.550116532137986e-10
-2.964758323095276e-12
-4.797576026092193e-10
-4.854761563429163e-10
-1.22979527718045e-11
2.732909916928636e-11
-2.573828706374229e-11
3.253343677143684e-11
-3.887634247808898e-11
3.21701993513394e-11
-5.059053483398954e-11
2.831729689978717e-11
-5.797702656954887e-11
2.013649500818009e-11
-5.636655054204817e-11
7.877147396540941e-12
-4.195254480338321e-11
-4.942321767970947e-12
-1.906020557211959e-11
-1.048574454408834e-11
9.735426250316293e-10
4.586724103216737e-09
2.436471843406768e-09
6.586153326939888e-09
4.296680767483147e-09
8.275347106745144e-09
6.426089149808676e-09
9.197057360691108e-09
8.707966756977402e-09
9.48721851072785e-09
1.094962722866079e-08
9.094987570346247e-09
1.278072460289523e-08
8.049760297871834e-09
1.314555250137078e-08
6.220433558892944e-09
1.186673951991505e-08
4.807206052356033e-09
9.883184537626533e-09
4.585425047428343e-09
7.770849457124513e-09
4.771385054001752e-09
5.689026260592452e-09
4.816231574177953e-09
3.7433271356165e-09
4.489738675554873e-09
2.024834177289082e-09
3.834758093311736e-09
8.733888883751996e-10
2.702733221459145e-09
2.445895114438925e-10
2.00075983106438e-09
2.522795536420892e-10
4.759591818537102e-11
1.884446250167541e-10
4.763021429596383e-11
8.315881813324781e-11
2.799708060646621e-11
-4.18548811764192e-11
-1.76014054915413e-11
-1.584357901877301e-10
-9.453791201646529e-11
-2.42179381594797e-10
-1.815877007068702e-10
-2.965485130379622e-10
-2.361798604340296e-10
-3.429029014613624e-10
-2.457855807934647e-10
-3.752177290955602e-10
-2.497515590988599e-10
-3.734700869263521e-10
-2.637566180233338e-10
-3.114848538653771e-10
-3.065733324597091e-10
-1.882627102648311e-10
-3.656058370018764e-10
-3.894905206665437e-11
-4.004526134610027e-10
9.503911394844499e-11
-3.89878620799714e-10
1.932586192609884e-10
-3.453345327211324e-10
2.559170057637308e-10
-2.858103404618994e-10
2.916943521001863e-10
-2.188327928332458e-10
3.106900005044767e-10
-1.424189782750625e-10
3.231249714089512e-10
-5.411938064416229e-11
3.379384758581826e-10
4.486536535735154e-11
3.592921398695684e-10
1.509663288924891e-10
3.838323048525093e-10
2.603156108128868e-10
4.013625190717768e-10
3.69841912286812e-10
3.97764321798592e-10
4.784510535527226e-10
3.575180294983931e-10
5.867016841138704e-10
2.668596339025648e-10
6.907538160574851e-10
1.225116874970992e-10
7.723421129692954e-10
-5.465412700264075e-11
7.992549947045895e-10
-2.177369503187003e-10
7.511050259044827e-10
-3.209146829470795e-10
6.50532729793064e-10
-3.539510002051941e-10
5.46889764158156e-10
-3.376811738782918e-10
4.603165300968959e-10
-2.887063039250076e-10
3.764798196061238e-10
-2.366208529242669e-10
2.872246418945511e-10
-1.769788802507457e-10
1.490032441257293e-10
-1.120506524016263e-10
-3.99517861754514e-11
-5.498984156427189e-11
-2.346145049003069e-10
-1.710459864053165e-11
-3.928973747404015e-10
-1.312540943064079e-12
-4.955503584777722e-10
-4.867888923572616e-10
-1.729820750382401e-11
4.462723125118962e-11
-3.600992675343817e-11
5.124510476415531e-11
-5.452512942654239e-11
5.068535398370982e-11
-7.261694153291965e-11
4.640905307773863e-11
-8.854739240070254e-11
3.606687729740285e-11
-9.785024917497099e-11
1.717991951386781e-11
-9.264000944734124e-11
-1.015266486622049e-11
-6.63358773965502e-11
-3.679000136575774e-11
1.005200192160452e-09
3.515187885407213e-09
2.544818509770348e-09
5.046534835272852e-09
4.547021784348414e-09
6.273143630710447e-09
6.839231177006823e-09
6.904847737188219e-09
9.272362063352926e-09
7.054087363073171e-09
1.161991454214856e-08
6.747434798143971e-09
1.349848600700511e-08
6.171188507011542e-09
1.411045000478907e-08
5.608469201274955e-09
1.309129720960247e-08
5.826358454011677e-09
1.105057831597469e-08
6.626143513063923e-09
8.68730231183458e-09
7.134660596490243e-09
6.335265444349643e-09
7.168267946124273e-09
4.196180500766851e-09
6.628823091187467e-09
2.38808608223596e-09
5.642851951859193e-09
1.184902013928353e-09
3.905916699846754e-09
3.744614255872086e-10
2.811199800595313e-09
3.822986088220009e-10
3.975808986985455e-11
3.294000483385351e-10
1.005281051668221e-10
2.102763716608995e-10
1.471200661406949e-10
3.641573180662033e-11
1.562585240881971e-10
-1.568422596069992e-10
9.871935314508839e-11
-3.084089552911409e-10
-3.002174426476846e-11
-3.841231336358006e-10
-1.604664312901143e-10
-4.359054073918392e-10
-1.94004062799148e-10
-5.024028660194911e-10
-1.832548601362018e-10
-5.067636010091272e-10
-2.593966430196014e-10
-3.851604455692142e-10
-4.281772461569313e-10
-1.676556909984424e-10
-5.831113445557865e-10
5.511014514396577e-11
-6.232191959842431e-10
2.211033684435864e-10
-5.558725805846947e-10
3.163955835724591e-10
-4.406274738677829e-10
3.498497697773499e-10
-3.192652393572928e-10
3.365370713983787e-10
-2.055207939545585e-10
2.974831898876718e-10
-1.0336578077265e-10
2.600936522849719e-10
-1.673051230141933e-11
2.499353489238718e-10
5.502301590344746e-11
2.782029259671361e-10
1.226981143055628e-10
3.3558503534293e-10
2.029328803456613e-10
3.979256376146594e-10
3.075007040250905e-10
4.38206954903215e-10
4.38169146230292e-10
4.337327689016188e-10
5.911752947406332e-10
3.640612500335848e-10
7.604247748377328e-10
2.108708472530477e-10
9.255319696080617e-10
-2.074868938429588e-11
1.030873999125355e-09
-2.674733955452655e-10
9.978292115920167e-10
-4.241357327500653e-10
8.071945556394943e-10
-4.471207740851389e-10
5.698742983018676e-10
-4.025289222021769e-10
4.157241699526341e-10
-3.804561341244086e-10
3.544065144536217e-10
-3.476233135337848e-10
2.543912901683173e-10
-2.511068747021759e-10
5.248626543666234e-11
-1.259791913464721e-10
-1.650799927199909e-10
-3.000749583704483e-11
-3.305867177876592e-10
1.409002083206386e-11
-4.369954775896583e-10
1.635476123957105e-11
-4.97815497635661e-10
-4.704345350515251e-10
-2.391940418676316e-11
6.854665943190781e-11
-4.943392882899911e-11
7.675961933885978e-11
-7.427767282476269e-11
7.552907153977297e-11
-9.89694210538062e-11
7.110076304483939e-11
-1.238157648366936e-10
6.091316945606485e-11
-1.485607592665901e-10
4.192484690736783e-11
-1.712969527210593e-10
1.258344338240976e-11
-1.830434173219148e-10
-2.504364203579543e-11
8.488694888600276e-10
2.483274851416999e-09
2.306897895513453e-09
3.588506276908327e-09
4.296021838425889e-09
4.28401951006075e-09
6.549604717800413e-09
4.651264653265138e-09
8.919047417057711e-09
4.684644430691261e-09
1.122664804775215e-08
4.439833905588248e-09
1.317976850045983e-08
4.218067762332051e-09
1.410218574459286e-08
4.686051635577784e-09
1.332417957999485e-08
6.604364266523385e-09
1.124281561991741e-08
8.707507091738161e-09
8.769901507393322e-09
9.607574297855398e-09
6.347314540066211e-09
9.590854474425464e-09
4.225047650779555e-09
8.751089513680003e-09
2.507728461326813e-09
7.360170649246544e-09
1.363673985549806e-09
5.049970658954201e-09
5.619848128166183e-10
3.612888435003332e-09
5.415054380515476e-10
6.023690588325928e-11
4.868359536021436e-10
1.551970136319137e-10
3.734516183112293e-10
2.605038099459407e-10
1.814649389736378e-10
3.482445995627683e-10
-8.929639981720816e-11
3.694800778378204e-10
-3.708916743470934e-10
2.515729086507532e-10
-5.264863949777584e-10
-4.872337365177341e-12
-5.529779908695188e-10
-1.675130966318435e-10
-6.791707035705024e-10
-5.706277764488009e-11
-6.668572844208269e-10
-2.717106916464133e-10
-4.323832106495243e-10
-6.62651946128285e-10
-1.066137288914228e-10
-9.08881448899439e-10
1.701675119316085e-10
-9.000010533240345e-10
3.571390500314659e-10
-7.428447295835692e-10
4.523171043219623e-10
-5.358061311585471e-10
4.541535622968707e-10
-3.211022934966162e-10
3.742382737047278e-10
-1.256060926431606e-10
2.512818793898874e-10
1.959003367695085e-11
1.430459795847042e-10
9.15048168169204e-11
1.013099147518728e-10
9.675851756551606e-11
1.473784195331417e-10
7.662905535697765e-11
2.625966829948335e-10
8.771407009135676e-11
3.982679600578081e-10
1.718288888474268e-10
4.99986854934868e-10
3.364497205277062e-10
5.312525522088404e-10
5.599090751447707e-10
4.782050333336236e-10
8.134717787762677e-10
3.312656838996392e-10
1.07247081242547e-09
7.26497117110475e-11
1.289489471705542e-09
-2.720125512060051e-10
1.342490981348273e-09
-5.529778036569816e-10
1.088159317889367e-09
-6.108259803268215e-10
6.277219843452299e-10
-5.219798578766957e-10
3.268775494988601e-10
-5.459866231256069e-10
3.784127679549066e-10
-4.543168714142845e-10
1.627210089553782e-10
-2.460836963415154e-10
-1.557474535781728e-10
-5.718255191248582e-11
-3.539816795392774e-10
4.554638348867613e-11
-4.333161457668357e-10
6.92071331075437e-11
-4.606566763377456e-10
4.341300052149114e-11
-4.720221970638162e-10
-4.270216842081772e-10
-3.272628229575079e-11
1.012728919019925e-10
-6.746885956799444e-11
1.115021742739002e-10
-1.005500827429702e-10
1.086102764993647e-10
-1.321559516158775e-10
1.027066065290881e-10
-1.637189440794833e-10
9.247612519676898e-11
-1.994518508660125e-10
7.765770227955592e-11
-2.46914830798294e-10
6.004635532383708e-11
-3.220659237715932e-10
5.01073637550848e-11
4.02092823958412e-10
1.759115996105616e-09
1.67064549901501e-09
2.319953471636563e-09
3.592698655035438e-09
2.361966200615388e-09
5.665095083609402e-09
2.578868046190329e-09
7.786072591736424e-09
2.563666719069299e-09
9.894665258125329e-09
2.331241009234485e-09
1.187990300631742e-08
2.232829758484352e-09
1.312633473342891e-08
3.439619626069413e-09
1.250775237430942e-08
7.22294631798959e-09
1.031839110485096e-08
1.089686802770517e-08
7.856097720868507e-09
1.206986732465968e-08
5.580403810078415e-09
1.186654800426585e-08
3.715763011208931e-09
1.061572991057452e-08
2.308550002996653e-09
8.767383234880676e-09
1.375107007899451e-09
5.983413214031243e-09
7.292819853805513e-10
4.258713000973198e-09
6.953079204488687e-10
9.421050104386841e-11
6.37069297151395e-10
2.134351552456036e-10
5.427792764520964e-10
3.547933401739976e-10
3.879207386505099e-10
5.031026396649755e-10
1.128015709491476e-10
6.445987431601598e-10
-3.318672217556011e-10
6.962411959883089e-10
-7.769975274599083e-10
4.402574616597488e-10
-8.259316658534053e-10
-1.185794645574077e-10
-9.117866644755424e-10
2.879171571759092e-11
-7.476424261182076e-10
-4.35855432584929e-10
-3.523896143901622e-10
-1.057905258126374e-09
-1.253207184942414e-11
-1.248739487823436e-09
2.468441361511383e-10
-1.159377755035413e-09
4.617153469616884e-10
-9.577164299057522e-10
5.877736497835234e-10
-6.618649211021131e-10
5.654368173153543e-10
-2.987659442585449e-10
4.015092993783903e-10
3.832094385028833e-11
1.734018674748398e-10
2.476969874150022e-10
-1.652121941062587e-11
2.814274266900048e-10
-9.060434770794148e-11
1.708411714694035e-10
-2.072208636086347e-11
6.746320318141882e-12
1.673040247325399e-10
-1.003125125315474e-10
3.992767348499692e-10
-6.014429215699426e-11
5.776439435680339e-10
1.580820430713906e-10
6.303222314649511e-10
5.072303196272818e-10
5.543183959395905e-10
8.894751492751803e-10
4.057803047449362e-10
1.221008440415749e-09
2.07126884192463e-10
1.488142431654108e-09
-1.195883834237752e-10
1.669205788987334e-09
-5.767240895660419e-10
1.545294563270474e-09
-8.346840140389779e-10
8.856814419901626e-10
-8.271275161888881e-10
3.193205730285013e-10
-8.483959195768348e-10
3.996806747058486e-10
-4.706930557296653e-10
-2.149823751183178e-10
-9.461331903585384e-11
-5.318277238414073e-10
1.008575454173785e-10
-5.494530562730269e-10
1.575729469315677e-10
-4.900320661866351e-10
1.381262928169793e-10
-4.412106544202784e-10
7.574684542715625e-11
-4.096430322317332e-10
-3.512752854654533e-10
-4.415876024376582e-11
1.454316992234471e-10
-9.148496946818758e-11
1.58828398523049e-10
-1.358934802570015e-10
1.530187863399154e-10
-1.751558770817427e-10
1.419689916677292e-10
-2.097381210868405e-10
1.270583455157005e-10
-2.4845104751639e-10
1.163705917287951e-10
-3.106761692091757e-10
1.222714241741721e-10
-4.188213146357297e-10
1.58252439411209e-10
4.265902224570408e-11
1.297635570216577e-09
1.207435948639463e-09
1.155176436556817e-09
2.79518390174634e-09
7.742181171994604e-10
4.401179842125046e-09
9.728719541110132e-10
5.997588423422038e-09
9.67257963124663e-10
7.552504678034663e-09
7.76324557950406e-10
9.120336218056753e-09
6.649979986256815e-10
1.037642976967144e-08
2.183525833082379e-09
1.008791403315207e-08
7.511461790914147e-09
7.975739187794015e-09
1.300904258951178e-08
5.798987213454986e-09
1.424661899527127e-08
3.958518288516051e-09
1.370701660812388e-08
2.622998635367706e-09
1.195124922554079e-08
1.772135443190987e-09
9.61824607498289e-09
1.219347395530916e-09
6.536200896418037e-09
8.465491317274474e-10
4.631510889616167e-09
8.141171458732075e-10
1.266421028731404e-10
7.518497231540815e-10
2.757021881611062e-10
6.687777811111284e-10
4.378648878131831e-10
5.824099695672939e-10
5.894700546682844e-10
4.491848590384491e-10
7.77823456194368e-10
4.008566953120651e-11
1.105339988528876e-09
-9.57232650131494e-10
1.437575385935656e-09
-1.853718377351961e-09
7.779058693684466e-10
-1.052135799404138e-09
-7.727912525741995e-10
-4.285682427023568e-10
-1.05942337732178e-09
-3.498951701365427e-11
-1.451484368737522e-09
7.804367239051793e-12
-1.291533755468946e-09
1.8701848618452e-10
-1.338592255071742e-09
4.930520549259274e-10
-1.263750379648363e-09
6.964457927229e-10
-8.652590389875051e-10
6.532408173718516e-10
-2.555613505836892e-10
3.960591053315758e-10
2.955022736088455e-10
7.118474279324477e-11
5.725709646062586e-10
-1.765926506318921e-10
5.292044328567157e-10
-2.684697078673035e-10
2.627178373696905e-10
-1.835523094534185e-10
-7.817147219026568e-11
5.789883943245461e-11
-3.417640599525121e-10
3.799807857344576e-10
-3.822266399423539e-10
6.431193277909404e-10
-1.050569044957728e-10
7.069379145925837e-10
4.434113249226936e-10
5.456481062149412e-10
1.050764546771429e-09
3.130651160259545e-10
1.453591018228036e-09
2.401165737568885e-10
1.561090559090839e-09
2.918549928303148e-10
1.617466952714962e-09
-1.288232867278364e-10
1.965972420249911e-09
-9.252024497710952e-10
1.682060172343998e-09
-1.937167819729611e-09
1.331285494597542e-09
-1.123185339996814e-09
-4.14302274764091e-10
-1.74005234959042e-10
-1.164162972858701e-09
2.015314858485729e-10
-9.07364953881114e-10
2.807109869063892e-10
-6.286330677221212e-10
2.694848030677644e-10
-4.788063235503548e-10
2.133309432070286e-10
-3.850571465484771e-10
1.145555764837704e-10
-3.10868568094105e-10
-2.367197751688668e-10
-5.873650812286633e-11
2.041681747648689e-10
-1.226768705672529e-10
2.227687580767384e-10
-1.815329367202377e-10
2.118748547173394e-10
-2.280817929681956e-10
1.88517844134039e-10
-2.598943064200678e-10
1.58870845831818e-10
-2.849292458675814e-10
1.414055056112178e-10
-3.12799746204461e-10
1.501418854845528e-10
-3.148194528808006e-10
1.602720912132425e-10
4.688617594346865e-10
5.139542868422661e-10
1.321167721378578e-09
3.028703853487896e-10
2.048888020921775e-09
4.649771050764418e-11
3.109956431965258e-09
-8.81965836066686e-11
4.252273774462973e-09
-1.750595245834896e-10
5.239320219625593e-09
-2.107220521953792e-10
5.726862332203857e-09
1.774557029529337e-10
6.103980817929837e-09
1.806407145339961e-09
4.883034824114524e-09
8.732407566073486e-09
3.910035009021653e-09
1.39820421689536e-08
2.590738603226428e-09
1.556591515119953e-08
1.54727528738907e-09
1.475047965996602e-08
1.004289170922683e-09
1.24942350670096e-08
9.33800270256726e-10
9.688734690139294e-09
9.079293637596418e-10
6.562071510101062e-09
8.989182528335087e-10
4.64052170121918e-09
8.760739348133001e-10
1.494861180109923e-10
8.157634186516816e-10
3.360123987919626e-10
7.373441702805114e-10
5.16283830358386e-10
6.813965984006334e-10
6.454173212702869e-10
7.013937545887445e-10
7.578259966773776e-10
7.488892926940592e-10
1.057844149704284e-09
-5.913073649897995e-11
2.245595117410167e-09
-4.955393992493743e-09
5.674168830991568e-09
-6.465899070685717e-10
-5.081595629577817e-09
8.786350989979189e-10
-2.584648671940087e-09
3.688016198279543e-10
-9.416511767388845e-10
-2.132532323244937e-10
-7.094791888926093e-10
-2.702774057465056e-11
-1.524818033103421e-09
4.246845193622641e-10
-1.715462926318177e-09
6.856053128968197e-10
-1.126180122329872e-09
6.16452697084874e-10
-1.864090272274577e-10
3.10570232584789e-10
6.013844404039249e-10
-2.340349074907096e-11
9.065443857035726e-10
-2.45714225871231e-10
7.515148589429862e-10
-3.210960470964621e-10
3.380993437508578e-10
-2.502836261391009e-10
-1.489842155696957e-10
-3.415824340754968e-11
-5.578897714400148e-10
2.938664781227814e-10
-7.102516977025259e-10
5.991932642364968e-10
-4.103840328302344e-10
6.778820334096892e-10
3.64722207060196e-10
4.390887222807219e-10
1.289557504329923e-09
3.202684048193065e-11
1.860652541309965e-09
-4.668680575530121e-11
1.639803842353057e-09
7.322876002605303e-10
8.384921782902928e-10
1.420502569382219e-09
1.27775707466365e-09
-3.282747343278544e-10
3.430837087266175e-09
-5.193382463288874e-09
6.196392817917094e-09
-3.776036542454436e-10
-5.230081511511395e-09
4.368703662950677e-10
-1.978637444587666e-09
4.197979449376835e-10
-8.902929918055162e-10
3.943130686610389e-10
-6.031486180809157e-10
3.741821560421225e-10
-4.586758528331972e-10
2.99448793873478e-10
-3.10324380937794e-10
1.602975210028004e-10
-1.717173806002186e-10
-7.642272154620917e-11
-7.826486996860279e-11
2.824331059429846e-10
-1.633508038630192e-10
3.078547215285502e-10
-2.359174012088828e-10
2.844414658523692e-10
-2.826230656548726e-10
2.352235131302153e-10
-3.015297478397316e-10
1.777775225558796e-10
-2.949703109646173e-10
1.348460529487369e-10
-2.572313526650026e-10
1.124028988201333e-10
-2.068026899255189e-10
1.098433873359573e-10
1.556040349503671e-10
1.515475059969314e-10
2.906501571649076e-10
1.678241927005116e-10
1.979265559595068e-10
1.392212250943741e-10
6.603017695560976e-11
4.369969357167513e-11
-5.888342669303581e-11
-5.014603930436139e-11
-1.85295418970702e-10
-8.431019324501539e-11
-1.088638256583687e-11
3.046517327995599e-12
1.778587025891814e-09
1.693357393748817e-11
9.40471188432163e-10
9.570523226366288e-09
2.255317806774956e-10
1.469698138792736e-08
-5.818068291930328e-10
1.637325356060482e-08
-1.00467584055142e-09
1.51733484620733e-08
-8.030869775234723e-10
1.229264598624854e-08
-4.561890985289461e-11
8.931266399213235e-09
4.964038009798393e-10
6.020048571085708e-09
8.742759925365532e-10
4.262649279257897e-09
8.445932409783436e-10
1.791686376461151e-10
8.050835073945064e-10
3.755219010940532e-10
7.957144699789116e-10
5.256526377611649e-10
7.871567029457235e-10
6.539748608948238e-10
7.347257876782563e-10
8.102566875805211e-10
7.973784694420261e-10
9.9519124695072e-10
2.01737377810246e-09
1.025599591237223e-09
7.380266951984164e-09
3.112754427980076e-10
3.503371438169381e-08
-3.273504327052344e-08
5.961123476900387e-08
-2.716216926874436e-08
8.745040399153293e-08
-2.878082060714819e-08
1.236915477556626e-07
-3.695062316131716e-08
1.61888781017961e-07
-3.972205150424587e-08
1.973501276716248e-07
-3.71768097917582e-08
2.268949047337271e-07
-3.067095739919362e-08
2.485177829899726e-07
-2.180928750364366e-08
2.622579162711738e-07
-1.31387490661338e-08
2.6984186224648e-07
-6.677401822233381e-09
2.733383962537846e-07
-2.745019387739102e-09
2.742105969130851e-07
-5.341015633482813e-10
2.729888432263059e-07
1.07276921580558e-09
2.692060882619804e-07
3.224864928773732e-09
2.614617089108968e-07
7.034127381649367e-09
2.47730047278679e-07
1.332127731963348e-08
2.262769784406785e-07
2.181779075856786e-08
1.969878268338512e-07
3.057870881805665e-08
1.617446578869695e-07
3.710382118954507e-08
1.236240108430767e-07
3.976045058208075e-08
8.730219700523598e-08
3.71603057056966e-08
5.946482674102635e-08
2.911512701965391e-08
3.418271508250116e-08
2.871294841482924e-08
6.308316787878291e-09
3.407079076450237e-08
1.399160730463793e-09
-3.209258197752939e-10
3.769637996426901e-10
-9.564408947857896e-10
4.091313956481658e-10
-9.224609797193955e-10
5.14249637177113e-10
-7.082672506780437e-10
5.079273720648153e-10
-4.523538868881426e-10
3.894267720634983e-10
-1.918239610444232e-10
1.990747928327591e-10
1.86336685207351e-11
1.226521115739314e-10
-1.088353417799547e-10
3.912684204998223e-10
-2.193441653317379e-10
4.183635496861959e-10
-2.926216948195712e-10
3.577190066091751e-10
-3.200225608996666e-10
2.626243862285465e-10
-3.203016397551728e-10
1.780566017614884e-10
-3.029914034499222e-10
1.175358076781395e-10
-2.540962205240064e-10
6.350769746768304e-11
-1.516299364094579e-10
7.377073262121582e-12
3.4680075314524e-11
-3.476254679435623e-11
1.962460149377312e-10
6.258199112644254e-12
2.476869887444465e-10
8.778018537679088e-11
1.477546552764011e-10
1.436319477248187e-10
-2.890617731002209e-11
1.265147020391632e-10
-9.9187055370873e-11
-1.402941943773525e-11
1.508945895394251e-10
-2.470352428655821e-10
5.473937820599552e-10
-3.795657455833169e-10
-6.042468441221948e-10
1.072216371621596e-08
-1.680264463176632e-09
1.577299886104778e-08
-2.778009320819043e-09
1.747099826533116e-08
-3.098511725723542e-09
1.549385070716772e-08
-2.438237976365344e-09
1.163237207284849e-08
-9.611391225119145e-10
7.454167377444198e-09
8.624322703068342e-11
4.972666052181045e-09
7.538792923778591e-10
3.595013043587788e-09
6.506369715983637e-10
2.824107890753522e-10
6.750625468948735e-10
3.510961578573297e-10
8.785327695237983e-10
3.221822498433642e-10
1.104313763642281e-09
4.281937044165074e-10
1.249622295307902e-09
6.649479968513945e-10
1.53907711638988e-09
7.057362701343712e-10
2.502544953238409e-09
6.213160177214157e-11
4.579886039269323e-09
-1.766065793085078e-09
3.017901383540947e-08
-5.833417121448627e-08
7.286125802187135e-08
-6.984441360132668e-08
1.234616899645183e-07
-7.938125269586357e-08
1.784110131633087e-07
-9.189994650640397e-08
2.341511587058804e-07
-9.546219719534757e-08
2.860978036622283e-07
-8.912345489911851e-08
3.295317981573877e-07
-7.410495204993017e-08
3.607868193987217e-07
-5.306430890521658e-08
3.799678472510636e-07
-3.231977708528339e-08
3.901941142129982e-07
-1.690366895730502e-08
3.947927408008115e-07
-7.343646156485269e-09
3.958899886892964e-07
-1.631349640095169e-09
3.942266554872626e-07
2.736102221239735e-09
3.891543066701114e-07
8.297213541673086e-09
3.786452339734047e-07
1.754319986606286e-08
3.594527750978811e-07
3.251373597572501e-08
3.284596399452271e-07
5.281092568499688e-08
2.854431313075325e-07
7.359521722369097e-08
2.338668897795093e-07
8.868006248040475e-08
1.782624390023929e-07
9.53649011171449e-08
1.230690818993898e-07
9.235366256125883e-08
7.175126743915086e-08
8.043294122584099e-08
2.877250422111999e-08
7.169171136868764e-08
3.587684213332875e-09
5.925561049791537e-08
1.792816420574099e-09
1.473941685589427e-09
1.008268698609649e-09
-1.718934727682652e-10
8.28036080566849e-10
-7.422286590622577e-10
7.870265858678311e-10
-6.672580058491378e-10
6.57056320042953e-10
-3.223839130974557e-10
4.41103996075763e-10
2.412784923197535e-11
2.043400601710018e-10
2.553977591496233e-10
3.269916437020222e-10
-1.670893502261846e-10
5.583578383005756e-10
-2.992695574115025e-10
5.50543790857877e-10
-3.337388513655447e-10
3.921883189514388e-10
-3.171984474980897e-10
2.460839933941885e-10
-3.098830615044849e-10
1.707412194919153e-10
-3.092250060173686e-10
1.168777492727087e-10
-2.786754780059387e-10
3.295815807381102e-11
-1.940656746489998e-10
-7.723274937848482e-11
-5.969074637906904e-11
-1.691375040458096e-10
1.232480904102985e-10
-1.766806754271495e-10
2.872934029297082e-10
-7.626517522314593e-11
3.195827310318927e-10
1.113425625486551e-10
1.709329189305685e-10
2.751644468306565e-10
-3.749553838775045e-11
1.943989620711017e-10
-5.46579640406527e-11
-2.298729024061452e-10
1.437210681177538e-10
-5.779448702396983e-10
-6.391240877991494e-10
1.150500877184052e-08
-2.194476382666101e-09
1.732835105010311e-08
-3.893710306492223e-09
1.91702320776901e-08
-4.397066697890656e-09
1.599720698375365e-08
-3.573492987648789e-09
1.080879824456643e-08
-1.603362648563553e-09
5.484036919192736e-09
-2.064134611935058e-10
3.575716744782553e-09
4.325626008118968e-10
2.956036862373925e-09
2.115994293344419e-10
5.033738424321309e-10
4.504491740285984e-10
1.122462972396441e-10
1.036069192052454e-09
-2.63437881745125e-10
1.634242151160995e-09
-1.699793654725797e-10
2.063797250006366e-09
2.353927900256835e-10
2.38491572242086e-09
3.846176923104264e-10
2.67291008312378e-09
-2.258628621055632e-10
2.024563279505e-09
-1.117719090666081e-09
2.91285101574204e-08
-8.543811819206684e-08
7.929808930689486e-08
-1.200139928500345e-07
1.448239372182832e-07
-1.449071007063346e-07
2.159473108097981e-07
-1.630233201983704e-07
2.878688693084972e-07
-1.673837557961159e-07
3.545957388568402e-07
-1.558503245527403e-07
4.095402556775352e-07
-1.290494689793823e-07
4.46874059027057e-07
-9.039811236847405e-08
4.67236055203657e-07
-5.268177338055085e-08
4.763862386286081e-07
-2.605385250696724e-08
4.797641104383595e-07
-1.072151809677316e-08
4.803838834891779e-07
-2.251122828012266e-09
4.791995510455071e-07
3.920434521567907e-09
4.753607235173923e-07
1.213604091994126e-08
4.659803671723776e-07
2.692355605522672e-08
4.4574062449227e-07
5.275347849452544e-08
4.088903362591853e-07
8.966121375198361e-08
3.546100904065554e-07
1.278754629065673e-07
2.884250857109662e-07
1.548650670032174e-07
2.166947616565886e-07
1.670952249966971e-07
1.453245064227248e-07
1.637239176184178e-07
7.92346585605817e-08
1.465227889086186e-07
2.896443278434485e-08
1.219619369631279e-07
1.533330368282902e-09
8.668671272652163e-08
2.111008156096457e-09
8.962637098290792e-10
1.841552849056175e-09
9.756164481461183e-11
1.538137678751132e-09
-4.388136791511426e-10
1.175674077247332e-09
-3.047946051826364e-10
7.670375215849984e-10
8.625253748817046e-11
4.118471042047012e-10
3.793182735573223e-10
1.597858983627464e-10
5.074579014551972e-10
4.867776561482804e-10
-2.883929692658961e-10
8.46750776109499e-10
-3.936644270851265e-10
6.558152521169984e-10
-3.138895868670254e-10
3.124134911929353e-10
-2.602444608839975e-10
1.924388780562469e-10
-2.874609110115516e-10
1.97957676862559e-10
-3.21949058530759e-10
1.513658984673534e-10
-3.147073813593981e-10
2.571647761537294e-11
-2.650857020516762e-10
-1.268544386796669e-10
-1.706599190928136e-10
-2.635633027604106e-10
4.935247479744787e-12
-3.522758651224472e-10
2.691399578853841e-10
-3.404699148961879e-10
5.309476699178298e-10
-1.504651862734224e-10
5.715663809035214e-10
2.345456930347241e-10
1.926988434580994e-10
5.732664496112161e-10
-3.718162116472755e-10
3.346420974515817e-10
-3.993532037447706e-10
-5.504079394707685e-10
-4.747988655606429e-10
1.158045436815601e-08
-1.920060667809442e-09
1.877361278230111e-08
-3.613194443470193e-09
2.0863365780676e-08
-4.119249655335617e-09
1.650326212017819e-08
-3.512504730552679e-09
1.020205324334319e-08
-1.722047769704588e-09
3.693579880938942e-09
-4.244629309476388e-10
2.278131829059098e-09
-4.312336482982627e-10
2.962807503280161e-09
-4.13418676885157e-10
4.855587960471472e-10
3.642382339109266e-10
-6.65410686994843e-10
1.264814546266131e-09
-1.164014265579313e-09
2.051127333525384e-09
-9.562922222654465e-10
2.689992444439425e-09
-4.034723886126466e-10
2.836256799917971e-09
2.383532707505332e-10
2.149081093524944e-09
4.613127796810233e-10
1.12486580455873e-09
-9.350386535975107e-11
3.679552901845879e-08
-1.211087814690263e-07
8.961352051941726e-08
-1.728319844137343e-07
1.595931035698472e-07
-2.14886683820201e-07
2.381687276073491e-07
-2.415989443001817e-07
3.189597434403502e-07
-2.481747716953951e-07
3.944330275062793e-07
-2.313236086871119e-07
4.560115150628821e-07
-1.906279566075979e-07
4.944140251813062e-07
-1.288006225617643e-07
5.112366475440358e-07
-6.950439582221032e-08
5.163104018756373e-07
-3.112760692138909e-08
5.172803993273003e-07
-1.169151563554711e-08
5.17248123779344e-07
-2.218847371314673e-09
5.169689102417544e-07
4.199647963654609e-09
5.157389646123071e-07
1.336598644984807e-08
5.10565426147044e-07
3.209709441745277e-08
4.939647648157944e-07
6.935413971961845e-08
4.561702221785852e-07
1.274557562813185e-07
3.953932011516955e-07
1.886524838245243e-07
3.2053563422903e-07
2.297226338177403e-07
2.399410418645638e-07
2.476898172545737e-07
1.610768336838278e-07
2.42588125695713e-07
9.044928765287018e-08
2.171503348399404e-07
3.7095717138378e-08
1.753155073815571e-07
9.910856215207377e-10
1.227913441540296e-07
1.87839583983796e-09
8.953406916371744e-12
2.446875865873373e-09
-4.709184669080442e-10
2.16427248183755e-09
-1.562103766107261e-10
1.412185905790662e-09
4.472919497951903e-10
7.213187169122082e-10
7.771195713238743e-10
2.93856192962175e-10
8.067802971964265e-10
8.571987852460703e-11
7.155945970156988e-10
5.724968938273381e-10
-5.050212550682013e-10
1.3517721026336e-09
-4.022582347352467e-10
5.530522669856404e-10
-1.741096940436236e-10
8.426497045383253e-11
-1.980349390930528e-10
2.163641379470913e-10
-3.042211747657586e-10
3.041439231291529e-10
-3.371335992312295e-10
1.842783307556939e-10
-3.175684209664143e-10
6.151303009878251e-12
-2.987838893838619e-10
-1.456389697045481e-10
-2.750079853697947e-10
-2.873392108608237e-10
-1.798992094481326e-10
-4.473846486142276e-10
8.190246052440614e-11
-6.022715973692843e-10
5.608393514997149e-10
-6.294020933756177e-10
1.073969740156663e-09
-2.785847166125093e-10
1.011041070678009e-09
6.361950946774212e-10
-2.023953717321235e-10
1.54807851106037e-09
-1.667455364755102e-09
9.146520218909165e-10
-6.022740316137404e-10
1.051527299986099e-08
-3.806143410171283e-10
1.855195305457753e-08
-7.252001379507282e-11
2.055527141395307e-08
1.491047999528794e-10
1.628163726598136e-08
-3.005672138923703e-10
1.0651725215595e-08
-7.141713027594732e-10
4.107183928185749e-09
-9.743576011696551e-10
2.538318085715758e-09
-2.15606953145785e-09
4.144519392456453e-09
-5.88232882621448e-10
-1.082277893308286e-09
8.706517131105528e-10
-2.124295322270016e-09
1.408250819830268e-09
-1.701613410908486e-09
1.787788051894739e-09
-1.335829492017333e-09
2.625630884670632e-09
-1.241315258201006e-09
3.372393217027945e-09
-5.084090977741298e-10
2.702515798021613e-09
1.131190162844049e-09
1.180028210930021e-09
1.428983686334586e-09
3.90213548036401e-08
-1.589501080970018e-07
9.179699574877298e-08
-2.256076253944594e-07
1.628846805914193e-07
-2.859743686988309e-07
2.439912063394088e-07
-3.227054700851821e-07
3.28355844884289e-07
-3.325394102783241e-07
4.081887756739196e-07
-3.111565395163667e-07
4.731258983644775e-07
-2.55565079339439e-07
5.078501285445698e-07
-1.635248527852473e-07
5.158209769042742e-07
-7.747524422716628e-08
5.135792204508072e-07
-2.888585051511505e-08
5.11122373148044e-07
-9.234668381771809e-09
5.103456323961318e-07
-1.442106670014825e-09
5.112171371838489e-07
3.328143123746142e-09
5.137216905725649e-07
1.08614330079292e-08
5.160154894395572e-07
2.980329549638503e-08
5.083049206639338e-07
7.706470844187653e-08
4.742102339830643e-07
1.615504429099781e-07
4.101162886369916e-07
2.527464291220156e-07
3.308980197135053e-07
3.089409026970016e-07
2.466854864910168e-07
3.31902350440722e-07
1.652040489017399e-07
3.240695632573031e-07
9.331189529379924e-08
2.890424884327437e-07
3.965423332123233e-08
2.289731693520724e-07
1.259561005359212e-09
1.611860164836775e-07
2.689883245827181e-09
-1.421368804173866e-09
3.232524861470819e-09
-1.013560042500398e-09
2.293349748662089e-09
7.829648002188354e-10
1.141892452395082e-09
1.59874922658655e-09
4.533910790023227e-10
1.465621041210194e-09
1.5776669351866e-10
1.102404963392307e-09
3.888539293711611e-11
8.344745821451528e-10
6.113825005216987e-10
-6.256266277281672e-10
1.977398695380615e-09
-4.395036133426382e-11
-2.862399528606549e-11
-1.186485460178886e-11
5.217947956403516e-11
-3.077747456764166e-10
5.122740456755829e-10
-3.868018678541204e-10
3.831710617057951e-10
-3.02463254777315e-10
9.993973211774553e-11
-2.44464862120147e-10
-5.184707610997203e-11
-2.631946576805941e-10
-1.269091629267188e-10
-3.205274168497699e-10
-2.300064416252229e-10
-3.539474490476111e-10
-4.139646089312832e-10
-2.579481517373359e-10
-6.98270888576511e-10
1.677116123609695e-10
-1.055061854099191e-09
1.146928506277009e-09
-1.257801608657096e-09
2.348344880337524e-09
-5.652212801732258e-10
1.888901983887215e-09
2.007521405278934e-09
-1.9870128678827e-09
4.790566869078302e-09
3.956709244339574e-11
8.488693033763187e-09
5.661760921588101e-09
1.292975921781716e-08
1.198261244438459e-08
1.423441988276298e-08
1.428332172191496e-08
1.398092797878852e-08
1.128873665602625e-08
1.364631027141802e-08
4.482132221663798e-09
1.091378835177376e-08
-1.113467866032569e-09
8.133918162492321e-09
-2.970612204846363e-09
6.001663719975712e-09
1.265589256179135e-09
-5.318479365691454e-09
2.024152092760984e-09
-2.882858170381996e-09
1.105800378376314e-09
-7.832617081712526e-10
5.888243484219302e-10
-8.188534738589852e-10
1.363486948842618e-09
-2.015977870716156e-09
3.634884392808573e-09
-2.77980655414299e-09
5.387711253864806e-09
-6.216367107778777e-10
2.651992630860696e-09
4.16470229632892e-09
3.551849552108707e-08
-1.918166110005581e-07
8.657705347697267e-08
-2.76666183363931e-07
1.561696603405747e-07
-3.55566975576511e-07
2.338355119633766e-07
-4.003713217224049e-07
3.141281162708144e-07
-4.128320146006933e-07
3.917084990653593e-07
-3.887369223262164e-07
4.561365396956096e-07
-3.199931199853886e-07
4.823878106235697e-07
-1.897761237290006e-07
4.777458736930277e-07
-7.28333073124277e-08
4.673276600198717e-07
-1.846763685742419e-08
4.623600006020085e-07
-4.267008978590141e-09
4.613971747334548e-07
-4.792808153001549e-10
4.629339001551934e-07
1.791417689674814e-09
4.683263570651235e-07
5.468976087190728e-09
4.789658745514811e-07
1.916377800217952e-08
4.838174133082649e-07
7.22131696803933e-08
4.579679474610402e-07
1.873999087582966e-07
3.942386236914575e-07
3.164757528992273e-07
3.171742421798705e-07
3.860052842268387e-07
2.369474263502903e-07
4.121291663003584e-07
1.588633928063392e-07
4.021535968487179e-07
8.843119033421959e-08
3.594746909707708e-07
3.632452004573529e-08
2.810798397300425e-07
2.838103750856742e-09
1.946724328920706e-07
5.503654302523919e-09
-4.086919219758899e-09
3.692937431879751e-09
7.971569809289581e-10
1.363206119978336e-09
3.112696248270047e-09
3.386804571503896e-10
2.623275080819696e-09
1.430554747513883e-10
1.661246133303342e-09
1.366509447686784e-10
1.10880891280063e-09
7.004827467544829e-11
9.010780632170179e-10
6.814307199859786e-10
6.777417073429184e-10
1.29965706909368e-09
8.008703721593551e-10
-1.517526166086328e-10
-4.719057263983928e-10
1.324955607148504e-09
-7.524183454460689e-10
7.927866906393751e-10
-3.855579585015802e-10
1.631069912880649e-11
-1.332115875446186e-10
-1.524066141301383e-10
-1.116583866090592e-10
-7.340025299260158e-11
-1.869066093508023e-10
-5.166091550625547e-11
-2.839752099683401e-10
-1.329378169991818e-10
-3.949262245148632e-10
-3.030135698616424e-10
-5.005223345213782e-10
-5.926747548857411e-10
-4.626635582818978e-10
-1.092920606381299e-09
2.234146170666861e-10
-1.943879761056316e-09
2.662080150993834e-09
-3.003886791142778e-09
6.782832084331209e-09
-2.113230506229412e-09
5.967977277301446e-09
5.605421697696161e-09
1.116441169637427e-08
3.29225863513608e-09
2.803305570048276e-08
-3.938884766273508e-09
4.413764123338457e-08
-1.870165631331017e-09
4.961076791875866e-08
8.507801311636466e-09
4.299777282204683e-08
2.025930538521607e-08
2.582293486220751e-08
2.808862632791376e-08
8.748563691283061e-09
2.520828934850047e-08
4.967119949774046e-09
9.783107475550027e-09
6.07400435879146e-09
-6.425363761889405e-09
2.303606035989142e-09
8.875401640513444e-10
1.435806403971253e-10
1.376763697805062e-09
-6.356297663851709e-10
-3.964305796599437e-11
-8.277525939286926e-10
-1.823855035213622e-09
1.375480265296111e-09
-4.983039406494263e-09
9.005618256920343e-09
-8.251774696565731e-09
1.608432353394837e-08
-2.914002975490129e-09
3.338360675888813e-08
-2.091158942207776e-07
8.399291501237943e-08
-3.272754916131007e-07
1.481374917927474e-07
-4.197115523525929e-07
2.128400752916532e-07
-4.650739052169464e-07
2.764170369514896e-07
-4.764089762556686e-07
3.393215871054128e-07
-4.516414724745019e-07
3.945309186895213e-07
-3.752024515626551e-07
4.009132890174404e-07
-1.961584940486251e-07
3.882055644625666e-07
-6.012558274713728e-08
3.774178207149119e-07
-7.679893096693171e-09
3.744887139691651e-07
-1.337902216871241e-09
3.743960596328636e-07
-3.866264593332522e-10
3.752995494225712e-07
8.879279233594826e-10
3.789227590092954e-07
1.845766528825936e-09
3.901157851482399e-07
7.970751896599197e-09
4.029153356668778e-07
5.941361920267827e-08
3.964649358931296e-07
1.938503085810566e-07
3.417982887078633e-07
3.711424001455987e-07
2.792249511996732e-07
4.485786218096383e-07
2.155582379658442e-07
4.75795879628551e-07
1.504411112439602e-07
4.672707236861997e-07
8.558424967711743e-08
4.243315526829837e-07
3.404215850576759e-08
3.326219310740377e-07
1.631539912804498e-08
2.123991924802965e-07
9.07324404524056e-09
3.15523609451052e-09
1.458933021587649e-09
8.411468274986611e-09
-5.940195396805288e-10
5.16564906875271e-09
-2.782335809734654e-10
2.307489398507706e-09
1.161751175191465e-10
1.26683773172956e-09
2.485559182276157e-10
9.764290900843555e-10
1.968451721296972e-10
9.5278897321804e-10
8.782764013692371e-10
7.709358441351154e-09
-6.409701398766095e-09
2.033720806872912e-10
7.354233761075216e-09
-2.52225711430638e-09
4.050584832955571e-09
-1.09657201936011e-09
-6.328983706351913e-10
-1.470510144684222e-11
-1.065556183140337e-09
1.160033475722285e-10
-2.831150268576117e-10
-2.392099876526622e-11
6.652413152105764e-11
-1.228642186560614e-10
4.728234333424795e-11
-1.850397330227019e-10
-7.076226169037182e-11
-2.752193370913651e-10
-2.128339240962957e-10
-4.195384405667539e-10
-4.48355607878797e-10
-5.892325212418939e-10
-9.232264816349679e-10
-7.118380165921145e-10
-1.821274220186244e-09
2.824017938814057e-10
-3.998126555899363e-09
9.467072924378055e-09
-1.129790159010883e-08
4.236050437841197e-08
-2.728800970995296e-08
7.052983387457792e-08
-2.48770708144201e-08
9.452375141500324e-08
-2.793280226085605e-08
1.146324474064133e-07
-2.197886157732602e-08
1.214059110926197e-07
1.734337669571938e-09
1.139248526196067e-07
2.774036390127064e-08
9.301165803611434e-08
4.90018209527331e-08
6.897687491490116e-08
4.924307250935086e-08
4.317397792538077e-08
3.558600450261188e-08
8.686295627084333e-09
2.806231857181168e-08
-8.971397812543465e-11
9.663549802395661e-09
-5.0438134377546e-10
1.791431094288839e-09
-2.904318685543336e-10
-2.535925045497987e-10
-1.459084840881485e-09
-6.552020363792278e-10
-3.699104301607429e-09
-2.743019921039011e-09
4.677608293064365e-09
-1.66284872679227e-08
6.517438274405896e-08
-6.341077740433018e-08
7.66667853713239e-08
-2.206082968267219e-07
1.179007784649684e-07
-3.685094846856561e-07
1.587761327482952e-07
-4.605869066147438e-07
1.897928527422148e-07
-4.960906251889616e-07
2.109967578011262e-07
-4.976128812914694e-07
2.241650496138473e-07
-4.648097642622287e-07
2.231492022130599e-07
-3.741866041344555e-07
2.505250670945674e-07
-2.235343588994048e-07
2.542315596843748e-07
-6.38320753024299e-08
2.627688293794577e-07
-1.621716275286422e-08
2.633331817417651e-07
-1.902254535004744e-09
2.627831091850007e-07
1.634461470677021e-10
2.637886084346055e-07
-1.175712700077624e-10
2.636659617076627e-07
1.968413318708471e-09
2.554291432853756e-07
1.620757039064838e-08
2.514359134999901e-07
6.3406849068892e-08
2.241249815474305e-07
2.211612406271693e-07
2.255728598220958e-07
3.696945219784773e-07
2.124708556724354e-07
4.616806260868448e-07
1.910673119825813e-07
4.971994234679861e-07
1.597263711574218e-07
4.986116646922349e-07
1.184319613339533e-07
4.656259627180327e-07
7.672739588252291e-08
3.743264967804062e-07
6.539392577394729e-08
2.237326628757721e-07
4.533699107644755e-09
6.401546309925108e-08
-3.705290804498321e-09
1.665045853232821e-08
-1.245578904678717e-09
2.705937558937588e-09
1.737209985969321e-10
8.88189946000851e-10
3.083107880003696e-10
1.132248619560594e-09
2.131946442909756e-10
1.07154596646719e-09
4.76516338057505e-10
6.89468533522736e-10
1.354793052415914e-09
2.935294955529301e-07
1.000608031486139e-07
2.522492174485684e-07
4.863451192997838e-08
2.387543211814303e-07
1.754548115128768e-08
2.262733426329434e-07
1.184808022737177e-08
2.138265006256964e-07
1.138128587387575e-08
2.041098558638852e-07
9.433529786975816e-09
1.980348019296146e-07
6.141578119400671e-09
1.955794953163068e-07
2.502589013166445e-09
1.965397418824472e-07
-1.031008769408275e-09
2.006173451132046e-07
-4.290437093418751e-09
2.073407912729592e-07
-7.171801704374824e-09
2.16126243628982e-07
-9.708678771685511e-09
2.262867262554917e-07
-1.198175677926532e-08
2.353210257406292e-07
-1.303242597152671e-08
2.33801759136611e-07
-9.778634915767797e-09
2.118992795156539e-07
-5.385530017531318e-09
2.037568426079084e-07
-1.673463383523057e-08
2.203661681145173e-07
-4.454212769597e-08
2.285788316145048e-07
-3.019152500683055e-08
2.319201561984919e-07
-1.606986844926117e-09
2.302944575986858e-07
2.936606256871742e-08
2.243766988083014e-07
5.491957980874135e-08
2.113810842823275e-07
6.223868709833212e-08
2.247049856155775e-07
2.226210322957107e-08
2.518457932017498e-07
9.215110427788139e-10
2.625633385718403e-07
-1.053995513774889e-09
2.638654670291325e-07
4.8930268772331e-10
2.644070167499655e-07
-7.951421778296396e-10
2.658884935048233e-07
-2.13667874648206e-09
2.656333220747445e-07
-2.487848448747883e-09
2.569715936973369e-07
-7.96675885034226e-09
2.524457056196352e-07
-5.888488928807219e-08
2.248590234695273e-07
-1.930216146390103e-07
2.261130133745435e-07
-3.697634745536166e-07
2.127158163450987e-07
-4.471897095479002e-07
1.910457430331687e-07
-4.744205518386663e-07
1.594927667423276e-07
-4.660599049603689e-07
1.180770262314277e-07
-4.233940237084348e-07
7.647972318888043e-08
-3.325893010453443e-07
6.52733449662698e-08
-2.123279806260332e-07
4.569222189351235e-09
-3.127952469439924e-09
-3.551620841273443e-09
-8.096319660154458e-09
-9.541431918925091e-10
-4.499732115780462e-09
3.383797211635034e-10
-1.129076689814264e-09
-9.436005434206096e-10
1.164409078643258e-09
-3.472091556025251e-09
4.496904424852284e-09
4.746359852530469e-09
7.989119085383761e-09
6.527214524297392e-08
2.881063794522015e-09
7.664533211508867e-08
2.09788053884872e-07
1.179730184294166e-07
3.283668358127025e-07
1.591103484781497e-07
4.205432962079475e-07
1.904530602598067e-07
4.658567118851569e-07
2.120212290180714e-07
4.770434961648001e-07
2.25583286635279e-07
4.520639053730799e-07
2.247861511754171e-07
3.751236325526772e-07
2.526252475118558e-07
1.958935668985016e-07
2.570463234748101e-07
5.959438753087658e-08
2.66372491893735e-07
7.324290542153581e-09
2.675719836557477e-07
1.506446243568627e-09
2.671021493969305e-07
1.358024736824401e-09
2.673703540299482e-07
8.640448243273749e-10
2.679737224770531e-07
4.681787245548727e-10
2.678741524993558e-07
7.890394224897935e-10
3.132116232156863e-10
4.138525228407467e-07
8.62082803053203e-08
3.860658776905487e-07
7.642115712443997e-08
3.532066970491128e-07
5.040466185170098e-08
3.269368181563797e-07
3.811795918310644e-08
3.072907544202973e-07
3.102734967615619e-08
2.932069587720228e-07
2.351732550363249e-08
2.84331436493307e-07
1.501710046996125e-08
2.806051257872473e-07
6.228899793717926e-09
2.818815763118178e-07
-2.307459215638465e-09
2.878004875033075e-07
-1.02093482037288e-08
2.977010364309533e-07
-1.70723505470328e-08
3.104609934242803e-07
-2.246863567740094e-08
3.243195228459226e-07
-2.584028611000754e-08
3.372269213006908e-07
-2.593982433339379e-08
3.485690937185568e-07
-2.112080723840031e-08
3.585425859714309e-07
-1.535902217416108e-08
3.645798810275891e-07
-2.277192879416002e-08
3.557201298547695e-07
-3.568237642614404e-08
3.49291939888111e-07
-2.376333494352218e-08
3.482297030002016e-07
-5.447498618196546e-10
3.526391863839588e-07
2.495657927835517e-08
3.631594016204667e-07
4.439936466301154e-08
3.771792744202498e-07
4.821881438634631e-08
3.765490497462304e-07
2.28923279879432e-08
3.750718091991524e-07
2.39875167041161e-09
3.75874723900049e-07
-1.856910138044083e-09
3.775981011985872e-07
-1.234074538289029e-09
3.784952546051296e-07
-1.692295515693981e-09
3.791203642925199e-07
-2.761788368951112e-09
3.821243142970186e-07
-5.491798391444769e-09
3.926290182072126e-07
-1.84714627015413e-08
4.047866010109841e-07
-7.104247203497203e-08
3.977156134026353e-07
-1.859506269755316e-07
3.427356879920796e-07
-3.147835490886007e-07
2.798942029928133e-07
-3.843482244941755e-07
2.160298997407936e-07
-4.105562485310459e-07
1.507737854132111e-07
-4.00803790575221e-07
8.584631689840807e-08
-3.58466555132916e-07
3.433730304635009e-08
-2.810802871286399e-07
1.650842517537178e-08
-1.944991026850986e-07
9.232828935175049e-09
4.147643846649821e-09
1.662924351348352e-09
-5.264149936195299e-10
-4.365423297797897e-10
-2.400265344155452e-09
-4.750729860423357e-10
-1.090545934697694e-09
-4.065571311860038e-10
1.095893332259535e-09
1.717183770753223e-09
2.373163641494963e-09
9.245187418536838e-09
4.611155685774967e-10
1.633436571729984e-08
-4.208114360103723e-09
3.375432770366263e-08
1.923680920596599e-07
8.452692084887751e-08
2.775942428480017e-07
1.489397844989557e-07
3.561304327642216e-07
2.140018272431226e-07
4.007946693770815e-07
2.780254791483833e-07
4.130198445342303e-07
3.414908910000357e-07
3.885984938376357e-07
3.9730060596295e-07
3.193139179539964e-07
4.045387110610475e-07
1.886554622112616e-07
3.92795271934369e-07
7.133782710974056e-08
3.831816057324928e-07
1.6937957222264e-08
3.815952320119513e-07
3.092820459387393e-09
3.82838035347606e-07
1.152219916134986e-10
3.843749491872062e-07
-6.728682056152239e-10
3.85509927606598e-07
-6.6679860896281e-10
3.862114078918362e-07
8.756003000565046e-11
5.843842496304599e-10
4.251598820259571e-07
6.104839840569147e-08
4.221909156215854e-07
7.939012362424917e-08
4.012308928921982e-07
7.136468466472631e-08
3.784958318017608e-07
6.085302035655758e-08
3.595783816264945e-07
4.994479993583498e-08
3.455812905954151e-07
3.751441662251372e-08
3.368900214377809e-07
2.370836971836565e-08
3.338657787648721e-07
9.253142561723825e-09
3.367044401758668e-07
-5.146120527992644e-09
3.453182213155554e-07
-1.88231292401408e-08
3.592364631733316e-07
-3.099059229792831e-08
3.773926943316346e-07
-4.062486672441849e-08
3.979011476852033e-07
-4.634873934909888e-08
4.183380248379038e-07
-4.63767013679879e-08
4.368351425178553e-07
-3.961792479799315e-08
4.503019996043159e-07
-2.882587913797079e-08
4.531075447524734e-07
-2.557747381871281e-08
4.441525145152062e-07
-2.672734606456528e-08
4.365010760933745e-07
-1.611189639792481e-08
4.347749385105319e-07
1.18138784380049e-09
4.400737623697e-07
1.965775553988421e-08
4.516611536342798e-07
3.281197351645666e-08
4.653179720066557e-07
3.456199612859509e-08
4.690184442622826e-07
1.919185584297178e-08
4.666545133108263e-07
4.762682728215662e-09
4.650031477676235e-07
-2.055444932786062e-10
4.647911530379683e-07
-1.022079711789382e-09
4.648611262345046e-07
-1.762268620316403e-09
4.659447674270687e-07
-3.845429473992917e-09
4.706382275030976e-07
-1.01852583842746e-08
4.807043071679119e-07
-2.853754228669044e-08
4.851552627582543e-07
-7.549342754894053e-08
4.590366986278268e-07
-1.598320627709471e-07
3.951896534169091e-07
-2.509365038052118e-07
3.180252302639246e-07
-3.071838012690332e-07
2.3771557246238e-07
-3.302465906568334e-07
1.595361707732789e-07
-3.226243888115382e-07
8.897957341657135e-08
-2.879099576987804e-07
3.669929906871212e-08
-2.28800012699e-07
3.066979557680477e-09
-1.608667830872216e-07
5.736240123761932e-09
1.478383373896016e-09
3.967090488250094e-09
1.24273474244632e-09
1.685434230070796e-09
-1.186089773286639e-10
8.873864525431452e-10
-2.924980393802518e-10
1.701051699647735e-09
2.82228212822056e-10
3.969868000677474e-09
1.04347479560743e-10
5.67631281429747e-09
-1.245329093695542e-09
2.917000208405726e-09
-1.448801587754986e-09
3.597824682731952e-08
1.593068456240753e-07
8.732028369650266e-08
2.262522061840528e-07
1.571988255302999e-07
2.862518911613101e-07
2.35185238543177e-07
3.228082566284682e-07
3.158225321600284e-07
3.32382551219799e-07
3.937698101234892e-07
3.106512162224632e-07
4.585202956124239e-07
2.545634328612593e-07
4.851386787743045e-07
1.620370794936602e-07
4.809247339420855e-07
7.555177242658375e-08
4.710937586523453e-07
2.676893301350991e-08
4.668577306435639e-07
7.328848987393956e-09
4.664478482553526e-07
5.251049374914629e-10
4.672495579588082e-07
-1.474577111541232e-09
4.681978996783175e-07
-1.615139375165965e-09
4.692466761488672e-07
-9.612157599786085e-10
-4.222449898552254e-10
4.193055511109495e-07
4.174284732698811e-08
4.253385827958221e-07
7.335709201977052e-08
4.159957689453494e-07
8.07074986102048e-08
4.006587408939582e-07
7.619004850761603e-08
3.855272542571329e-07
6.50762866763114e-08
3.735054447613719e-07
4.953622622517399e-08
3.660183710444111e-07
3.119544354680005e-08
3.638826583552119e-07
1.138885536640415e-08
3.675545206022921e-07
-8.817982654365358e-09
3.771862196365236e-07
-2.845482814924168e-08
3.925806776303928e-07
-4.638505016127668e-08
4.130027452286585e-07
-6.104693418782037e-08
4.368859989972722e-07
-7.023199297789583e-08
4.616273128614843e-07
-7.111801508869781e-08
4.83657139035742e-07
-6.164775082485739e-08
4.970928720521756e-07
-4.226161200451174e-08
4.988011424794236e-07
-2.728574409378228e-08
4.916738734796977e-07
-1.96000769117006e-08
4.853049001951225e-07
-9.74292295971981e-09
4.839786976287415e-07
2.507590563014683e-09
4.888928759850175e-07
1.4743577334869e-08
4.987736469225359e-07
2.293120272762663e-08
5.096708972102961e-07
2.366474598613989e-08
5.140216085211642e-07
1.484114467341265e-08
5.131628220932066e-07
5.621469292678266e-09
5.117883851458044e-07
1.168892585608285e-09
5.112534764486897e-07
-4.871708888299952e-10
5.113287118351956e-07
-1.837503886345053e-09
5.122969611104985e-07
-4.813678634495265e-09
5.14664969001512e-07
-1.255326616544783e-08
5.16832266852494e-07
-3.070484003283771e-08
5.09069100414111e-07
-6.773026100978287e-08
4.749876044986678e-07
-1.257505667585146e-07
4.109718254771146e-07
-1.869207246890735e-07
3.318266572853456e-07
-2.280386329843505e-07
2.476619097813902e-07
-2.460818430601134e-07
1.661480841038329e-07
-2.411105630403977e-07
9.409576194028948e-08
-2.158576354392963e-07
4.005994449934512e-08
-1.747641951587683e-07
1.479528361398921e-09
-1.222863668450417e-07
3.040896370490467e-09
-8.298452517970649e-11
3.74349993282538e-09
5.401312969624243e-10
3.104467549705999e-09
5.204235304954419e-10
2.63952168638246e-09
1.724479573603792e-10
3.098613291797423e-09
-1.768632492480398e-10
3.71737714786949e-09
-5.144162223513805e-10
2.985015540999612e-09
-5.129673198256247e-10
1.407763818680474e-09
1.284503158385405e-10
3.946702961554983e-08
1.212475800262446e-07
9.261783967500086e-08
1.731013963446803e-07
1.639868173267583e-07
2.148829137566888e-07
2.453429759398904e-07
2.414520982947651e-07
3.299167026468448e-07
2.478088248321063e-07
4.099134626116246e-07
2.30654456621719e-07
4.749259209164573e-07
1.895509749679525e-07
5.096650316738817e-07
1.27297969194029e-07
5.175991323121184e-07
6.761767228010377e-08
5.153073720778628e-07
2.906069375250292e-08
5.127448398905285e-07
9.891381656892958e-09
5.115848940503071e-07
1.685051305889648e-09
5.113096689763691e-07
-1.199351372136e-09
5.114809345547436e-07
-1.786404170720043e-09
5.120555778011114e-07
-1.535858366211906e-09
-1.112358115459973e-09
4.121147287207784e-07
2.962811875974481e-08
4.163271952187097e-07
6.914462565216549e-08
4.099807859001663e-07
8.705390804951417e-08
3.984154831984496e-07
8.775535133058399e-08
3.863910486198536e-07
7.710072137862386e-08
3.766671876804402e-07
5.926008729270877e-08
3.707122892367132e-07
3.715034212289528e-08
3.693580492278318e-07
1.274309551327799e-08
3.731198297980467e-07
-1.257976308147543e-08
3.82325857669192e-07
-3.766085587106958e-08
3.971191590714205e-07
-6.117835140875805e-08
4.173027046829607e-07
-8.123047963838517e-08
4.419352981465933e-07
-9.486458627535732e-08
4.686135627453108e-07
-9.779627951565775e-08
4.923279620406178e-07
-8.536214994409745e-08
5.03545402794026e-07
-5.347905257760497e-08
5.025707594441751e-07
-2.631110056067535e-08
4.961060224151534e-07
-1.313533969696066e-08
4.913113146835142e-07
-4.948215041229285e-09
4.908134858448592e-07
3.005419588784322e-09
4.951670401918961e-07
1.039002317398652e-08
5.030684268560794e-07
1.502981624753332e-08
5.115297891607654e-07
1.520338386257685e-08
5.160856495825267e-07
1.028528442863015e-08
5.169440942489187e-07
4.763024798589482e-09
5.166521234937312e-07
1.460863507314082e-09
5.164049065256127e-07
-2.399537600656484e-10
5.163383225070626e-07
-1.770919713857761e-09
5.162695255833587e-07
-4.744881563160638e-09
5.152968019699885e-07
-1.158054241121763e-08
5.103974108700238e-07
-2.580544879803065e-08
4.940815661923622e-07
-5.141441620334871e-08
4.565729672837079e-07
-8.824196772602279e-08
3.960827130453185e-07
-1.264304703312596e-07
3.214831241569848e-07
-1.534390439795528e-07
2.411020507678455e-07
-1.657007695564869e-07
1.623386384483987e-07
-1.623471506069501e-07
9.160422138695239e-08
-1.451232182631012e-07
3.763681006543256e-08
-1.207967837202628e-07
1.368552538346103e-09
-8.601810919757125e-08
2.517955476414356e-09
-1.232387338215359e-09
3.304813366588487e-09
-2.467264624400016e-10
3.381106473602872e-09
4.441305608545642e-10
3.279453787455483e-09
2.741007886946024e-10
3.366335903723734e-09
-2.637452116907051e-10
3.277229861247173e-09
-4.253100159207387e-10
2.489953698459321e-09
2.743090182101253e-10
1.361282574242961e-09
1.257121629032967e-09
3.722464833551556e-08
8.538421447008114e-08
9.049075852769125e-08
1.198352863781048e-07
1.606942723127168e-07
1.446794002223123e-07
2.39406741338574e-07
1.627396295512243e-07
3.202466503861492e-07
1.669689161040444e-07
3.956750410176393e-07
1.552260663534461e-07
4.570780095068115e-07
1.281480068852245e-07
4.951705572998424e-07
8.920542185282151e-08
5.115465800177299e-07
5.124165003911732e-08
5.160624567252931e-07
2.454481753895511e-08
5.163872398717189e-07
9.566598982317655e-09
5.156732653165221e-07
2.399026377904345e-09
5.149282894428273e-07
-4.543748522883048e-10
5.144918132130473e-07
-1.34992701177661e-09
5.146062975302221e-07
-1.650341941344644e-09
-1.525572048764134e-09
4.030409454086846e-07
2.658717342405294e-08
3.980163022005467e-07
7.416926898063953e-08
3.877289555304386e-07
9.734125485377089e-08
3.762751004685065e-07
9.920920653184424e-08
3.66149111528236e-07
8.7226710463062e-08
3.585668694882885e-07
6.684232948123789e-08
3.541083906383681e-07
4.160882112725105e-08
3.531220977902501e-07
1.372938852137546e-08
3.559051158841088e-07
-1.536278100849712e-08
3.627854325947662e-07
-4.454117240860231e-08
3.741561969858122e-07
-7.254911561930502e-08
3.904313326615263e-07
-9.750561512706458e-08
4.117110896236841e-07
-1.161443430432348e-07
4.368908148821052e-07
-1.229760045736724e-07
4.606098791781784e-07
-1.090812140333585e-07
4.679294920442059e-07
-6.07986652316828e-08
4.635417627860472e-07
-2.192337108567439e-08
4.573244321044733e-07
-6.918008795025333e-09
4.543803610145937e-07
-2.004143728186242e-09
4.550609827987893e-07
2.324798029149466e-09
4.591503411062457e-07
6.300665091321882e-09
4.655651121358027e-07
8.615045441784742e-09
4.72244258105687e-07
8.524238114128707e-09
4.76564251236865e-07
5.965291515623522e-09
4.783368777349255e-07
2.990398513940456e-09
4.788351647776984e-07
9.625766726917477e-10
4.788798156884301e-07
-2.84604469293265e-10
4.785942548900364e-07
-1.485358720611729e-09
4.774786796207107e-07
-3.629306106706745e-09
4.740473107924052e-07
-8.149173403023525e-09
4.651581891629321e-07
-1.691632699657207e-08
4.454040460451686e-07
-3.166027292060752e-08
4.090082712498327e-07
-5.184619277282944e-08
3.551549801152726e-07
-7.257717904459868e-08
2.893714526220399e-07
-8.765551633949485e-08
2.180306792939242e-07
-9.435999608524416e-08
1.46997489683045e-07
-9.131396085579012e-08
8.106846993016558e-08
-7.919419837119834e-08
2.987101837183141e-08
-6.959933202317654e-08
2.418639018545069e-09
-5.856572970426932e-08
3.179755971004621e-09
-1.993504148497351e-09
2.964831570985104e-09
-3.180191693990913e-11
2.841383928686862e-09
5.675783528650816e-10
2.819322336951689e-09
2.961625354357817e-10
2.830573754939581e-09
-2.749964684113369e-10
2.949647122472553e-09
-5.443832146793501e-10
3.172204507445907e-09
5.175181097583608e-11
2.431556142865469e-09
1.997770182376926e-09
2.962107244603364e-08
5.819469836938088e-08
8.031929129591275e-08
6.913706774831696e-08
1.459243484250583e-07
7.907434333574598e-08
2.17038403517971e-07
9.16255747288766e-08
2.888667976703955e-07
9.514052225704113e-08
3.554014332895671e-07
8.869143107705971e-08
4.100145218313978e-07
7.353491872900872e-08
4.468576975048472e-07
5.236224659730131e-08
4.66565799745894e-07
3.153354825376233e-08
4.749381166917432e-07
1.617250104709529e-08
4.775219577692267e-07
6.982758360520844e-09
4.776070711152138e-07
2.313913544577912e-09
4.76848778389724e-07
3.039186654162909e-10
4.760828463473251e-07
-5.839940993523856e-10
4.758940737565643e-07
-1.461568677305106e-09
-1.732435807029898e-09
3.868125560700796e-07
3.977461753278872e-08
3.637241929997262e-07
9.725763221671505e-08
3.460733415906862e-07
1.149921064219438e-07
3.343774983917333e-07
1.109050498919074e-07
3.269060428066591e-07
9.469816621285803e-08
3.222925446853408e-07
7.145582777305095e-08
3.197709107434104e-07
4.413045524531564e-08
3.190054387749738e-07
1.449486067334899e-08
3.199266069362969e-07
-1.628394897940214e-08
3.226669157048989e-07
-4.728148097835744e-08
3.276043658100721e-07
-7.748656551801614e-08
3.355044972580323e-07
-1.054057463596628e-07
3.475639049437311e-07
-1.282037505057859e-07
3.651320923624232e-07
-1.405441917605544e-07
3.845393792087586e-07
-1.284885006405774e-07
3.821334191145215e-07
-5.839270489063624e-08
3.770673876099086e-07
-1.685733932810303e-08
3.742254594382534e-07
-4.076080364520055e-09
3.74784001776552e-07
-2.562685803373252e-09
3.772426566282154e-07
-1.33856555989379e-10
3.813076091873726e-07
2.235712800535896e-09
3.864204654593717e-07
3.502189438657123e-09
3.91427586160437e-07
3.517117681141536e-09
3.949000636091639e-07
2.492814332477515e-09
3.966219273283181e-07
1.268535056967732e-09
3.971638524685672e-07
4.206517893298304e-10
3.969309949118455e-07
-5.174666136210184e-11
3.958893192746651e-07
-4.436828397598952e-10
3.934589391442502e-07
-1.198925739935601e-09
3.882787030168217e-07
-2.968937048192948e-09
3.779630129255417e-07
-6.600636686028722e-09
3.590975053234192e-07
-1.279476510863319e-08
3.284902231611554e-07
-2.123891040870954e-08
2.858909041363323e-07
-2.997785982669132e-08
2.34756066396612e-07
-3.652067841356291e-08
1.796411701341659e-07
-3.924509964383719e-08
1.250497878036462e-07
-3.672257835144277e-08
7.46321870596289e-08
-2.877659745863485e-08
3.156394965024116e-08
-2.653109444833062e-08
5.344700853613807e-09
-3.234648074538419e-08
3.131893234077066e-09
2.193036321721189e-10
2.156356327165299e-09
9.437351498528173e-10
1.977132040331137e-09
7.468028002372122e-10
2.001966965168615e-09
2.713277717579635e-10
1.97501060521359e-09
-2.480399447272326e-10
2.155559995179739e-09
-7.249324381274542e-10
3.134586208588114e-09
-9.272742307234371e-10
5.348211602625287e-09
-2.15855033705615e-10
3.140880295279792e-08
3.213410720708911e-08
7.418818355878571e-08
2.635768734286606e-08
1.244969900056037e-07
2.876553710765576e-08
1.792539446661926e-07
3.68686203097514e-08
2.348008031978016e-07
3.959366399567066e-08
2.86509684505271e-07
3.698255007152235e-08
3.296340889831368e-07
3.041051458647511e-08
3.60507240353012e-07
2.14890955933055e-08
3.792647389663855e-07
1.277605002976243e-08
3.891174738027259e-07
6.319766598484679e-09
3.935881793133412e-07
2.512053266381373e-09
3.951954350578726e-07
7.066583062776854e-10
3.954475008388769e-07
5.185351454620533e-11
3.951793099951784e-07
-3.158022791077449e-10
3.949882624401866e-07
-1.270519940045172e-09
-1.486127838802199e-09
3.301686478249484e-07
1.096059698241327e-07
2.938418256052292e-07
1.335844545971261e-07
2.781903102904551e-07
1.306436219101004e-07
2.728942079403301e-07
1.162011524208091e-07
2.719814693987517e-07
9.561090493936812e-08
2.724184779652586e-07
7.101881939685914e-08
2.72791565117388e-07
4.375736829131373e-08
2.724438269903319e-07
1.484259900543659e-08
2.710050041203094e-07
-1.484512589497163e-08
2.681656441300136e-07
-4.444212076560462e-08
2.635942882410937e-07
-7.291520939617574e-08
2.569696893312306e-07
-9.878114720811321e-08
2.480854710610869e-07
-1.193195319830563e-07
2.371294223800006e-07
-1.295881428180083e-07
2.195430110017272e-07
-1.109020889902407e-07
2.314405171458662e-07
-7.029021075437111e-08
2.519693091203446e-07
-3.738613101281589e-08
2.607980053575113e-07
-1.290477630497451e-08
2.616016336041139e-07
-3.366313746000047e-09
2.623900403141214e-07
-9.222629571195057e-10
2.647751051739444e-07
-1.493517459824638e-10
2.680511616853866e-07
2.261332428824882e-10
2.712724588705663e-07
2.958208127703962e-10
2.736191563797745e-07
1.461171396882766e-10
2.748996445663104e-07
-1.195281546586603e-11
2.753511651813321e-07
-3.086851470411524e-11
2.752007336026077e-07
9.868522272175096e-11
2.744182929730861e-07
3.387580896193279e-10
2.725722057927635e-07
6.47161731800159e-10
2.686657902593452e-07
9.374787693577849e-10
2.610291722472779e-07
1.035981599655761e-09
2.475086811925675e-07
7.257262113961977e-10
2.263122314475247e-07
-4.24604100165906e-11
1.973027607427719e-07
-9.68388876730032e-10
1.623559064554803e-07
-1.573823892918672e-09
1.245481192524443e-07
-1.437312215316525e-09
8.849562427099588e-08
-6.700831558452234e-10
6.054105287625899e-08
-8.22025856634837e-10
3.616410870870214e-08
-2.154150083861267e-09
8.316797417868053e-09
-4.499169263306396e-09
2.630911565782959e-09
5.905189666448179e-09
1.36935119452772e-09
2.205295698822203e-09
1.358065193211735e-09
7.58088971715513e-10
1.427623634331447e-09
2.017694976883214e-10
1.36208741520359e-09
-1.825035642046305e-10
1.377838499812224e-09
-7.406833626096279e-10
2.637900853661921e-09
-2.18733642722972e-09
8.296836032583755e-09
-5.87479005324832e-09
3.597286788607868e-08
4.458075515232103e-09
6.020020276453138e-08
2.13035263425616e-09
8.813366154176163e-08
8.320785108448778e-10
1.242834056415002e-07
7.188764079362636e-10
1.623545062341867e-07
1.522563621081783e-09
1.976553400754419e-07
1.681716474395549e-09
2.269900820376188e-07
1.075772891666325e-09
2.483547178156878e-07
1.24460108433296e-10
2.618122881475802e-07
-6.815199985410965e-10
2.691557036117764e-07
-1.023648536282943e-09
2.726046191353262e-07
-9.368619269866693e-10
2.739537789309855e-07
-6.425010900869378e-10
2.743686412805971e-07
-3.6300808553575e-10
2.74268817594368e-07
-2.159774456513402e-10
2.72991236950919e-07
7.060963322838608e-12
-4.666759428206695e-10
7.856715354799995e-08
3.103881647527001e-08
1.318773588843026e-07
8.027424945824372e-08
1.667199260077437e-07
9.580105498043061e-08
1.895976978846197e-07
9.332338074158013e-08
2.04629665980661e-07
8.057893704526685e-08
2.140707563518918e-07
6.157772923525094e-08
2.190493880659902e-07
3.877873679335036e-08
2.200156213226634e-07
1.387636597480765e-08
2.169502254922285e-07
-1.177972983038862e-08
2.094202950847493e-07
-3.691219011240444e-08
1.965597516906365e-07
-6.005466574707139e-08
1.770401077084334e-07
-7.92615029582057e-08
1.493203248394093e-07
-9.159974883636226e-08
1.128941014656846e-07
-9.316191915344565e-08
7.730577780689145e-08
-7.531376503051908e-08
5.003437843189258e-08
-4.30188110656731e-08
8.687529434768122e-09
3.960718307473437e-09
-8.456092061873748e-10
-3.371637329482547e-09
-1.079774919801814e-09
-3.132147689818307e-09
-5.665892405981038e-10
-1.435448284678896e-09
-2.91797679502913e-10
-4.241429493910572e-10
-8.420896794487331e-11
1.854489504369148e-11
6.231113439122997e-11
1.493010777618384e-10
8.641539431300919e-11
1.220132495064216e-10
1.281622150452953e-11
6.164672798777625e-11
-8.484992534797767e-11
6.679800123780961e-11
-1.60429602427804e-10
1.742652670338737e-10
-1.879119165246613e-10
3.662407653664395e-10
-1.313283094525801e-10
5.905784819336622e-10
4.848787119704153e-11
7.576629365519327e-10
3.419831648985463e-10
7.424866471190041e-10
6.230583424842994e-10
4.446513623259264e-10
6.868064789434369e-10
-1.062082263891572e-10
4.328253542397318e-10
-7.144074471638696e-10
-1.980396184904783e-11
-1.121194281623059e-09
-2.531070953230138e-10
-1.204008803658082e-09
2.040154204209817e-10
-1.127205403863731e-09
5.779220484571471e-10
-1.195932235003062e-09
-8.172912040666897e-10
-7.589365925383511e-10
-4.749151939499071e-09
-5.673083073669947e-10
3.543882136070027e-10
8.016497229233043e-10
1.245639782275863e-09
1.3140443220126e-09
1.217901274801784e-09
7.858276604998866e-10
1.181773097429022e-09
2.378978400905689e-10
1.222972515813718e-09
-2.237028270636287e-10
1.254756468876038e-09
-7.724671738348101e-10
3.696175824341686e-10
-1.302197406132367e-09
-4.709437654396108e-09
-7.957346909741054e-10
-8.154116986819025e-10
5.640496824891442e-10
5.553740614701578e-10
7.595669950986827e-10
1.77740475118949e-10
1.209712223500102e-09
-2.745850554955602e-10
1.171202072179955e-09
-2.887496511629768e-11
1.276853678785623e-09
4.409584571506286e-10
1.21188321380317e-09
7.111651355038197e-10
8.055663930211713e-10
6.546386328116432e-10
1.809868004589753e-10
3.692936089864496e-10
-3.961747719688626e-10
6.612511824772896e-11
-7.204798546842385e-10
-1.129758741742397e-10
-7.577607323079417e-10
-1.409790094826854e-10
-6.144976539844864e-10
-7.887634354402129e-11
-4.251103369631191e-10
-1.870703121284327e-11
-2.761465160830603e-10
2.635247049008526e-10
-2.751696848484172e-10
-2.031513715912301e-10
2.261329950608996e-08
8.425517123640154e-09
6.284660021868126e-08
4.004094894000176e-08
9.877986216789791e-08
5.986779323540564e-08
1.265304218538006e-07
6.557282126615599e-08
1.46565755355923e-07
6.054360375940702e-08
1.599091375352104e-07
4.823434727995144e-08
1.673277328274867e-07
3.136014173283133e-08
1.692013564220992e-07
1.200274262200589e-08
1.655437537344906e-07
-8.122126891343468e-09
1.560369363481492e-07
-2.740537246273455e-08
1.400881116726284e-07
-4.410584079708146e-08
1.16988764926301e-07
-5.61621559241641e-08
8.65369253439371e-08
-6.114790895406168e-08
5.034059776864876e-08
-5.696559126426759e-08
1.981450263972386e-08
-4.478766957495722e-08
8.695524028134736e-09
-3.189983211358106e-08
7.509264375018404e-09
5.146978313625188e-09
2.257502654563976e-09
1.880124756832727e-09
-2.24697999169299e-10
-6.49946658648608e-10
-6.352196260392992e-10
-1.024926269388672e-09
-4.493963258818446e-10
-6.099658512126567e-10
-2.090862282475808e-10
-2.217647959214732e-10
-4.396511175068944e-11
-1.581962448886766e-11
1.328247241447178e-11
6.476608455929203e-11
-2.224933934803564e-11
9.717896360182334e-11
-9.817353119938427e-11
1.427226179694457e-10
-1.573180071141021e-10
2.334101690253249e-10
-1.529913135706709e-10
3.619144945883175e-10
-4.737348159603073e-11
4.84961070169038e-10
1.735336883950008e-10
5.36756178954383e-10
4.618859912078587e-10
4.541347502677065e-10
6.917469769097157e-10
2.147907703318787e-10
7.219894653338297e-10
-1.364503313262215e-10
5.117073448846688e-10
-5.041249595895462e-10
1.866861684276488e-10
-7.961727517444716e-10
-3.793871203697177e-11
-9.793835896806455e-10
-1.302188405176792e-10
-1.034924958569953e-09
-4.988707555831426e-10
-8.272800257867282e-10
-9.916388274097683e-10
-2.661682455471465e-10
-1.632728162614105e-09
7.378127866338826e-11
-6.379409505719713e-10
-1.931372586579096e-10
4.231385575529467e-10
2.529650195798228e-10
8.376127143564716e-10
3.713536886925824e-10
9.182659710023907e-10
1.572447447022089e-10
8.429186316633483e-10
-1.48355346244379e-10
4.337160327560673e-10
-3.632644544062956e-10
-6.217262752967516e-10
-2.467549947072982e-10
-1.61512364591686e-09
1.976627672177251e-10
-9.870046482647106e-10
-6.406923971374391e-11
-5.084682710395985e-10
2.810306855759446e-10
-1.501548555955818e-10
8.513988708885251e-10
-5.547302636617331e-11
1.076520307927125e-09
1.818117307138208e-10
1.03956898834926e-09
5.250238553748756e-10
8.686711646031619e-10
7.522148305639776e-10
5.783754934566929e-10
7.315911356846211e-10
2.016105762838607e-10
5.026802240085056e-10
-1.672637930794915e-10
2.122691223352665e-10
-4.300686920686663e-10
-4.153114678351803e-12
-5.413384558246726e-10
-9.454104291052809e-11
-5.241097080873371e-10
-7.982627812905404e-11
-4.398249877142468e-10
-2.907382855087354e-12
-3.530649822512873e-10
2.217662778521533e-11
-3.002541676315865e-10
-1.809747331125977e-10
8.261958418394678e-09
1.63558911756898e-10
3.034228468861545e-08
1.796062288301229e-08
5.642616118989389e-08
3.378391695027262e-08
8.038088990526714e-08
4.161809276847609e-08
9.968197044518883e-08
4.124252344653495e-08
1.135042839131876e-07
3.441203404296016e-08
1.216609320415497e-07
2.320349384828619e-08
1.241274052619417e-07
9.536269651162319e-09
1.208736225388721e-07
-4.868343903153251e-09
1.118505874706071e-07
-1.838233712203483e-08
9.710139853124777e-08
-2.935665156761341e-08
7.703847942636292e-08
-3.609923652036473e-08
5.307171185034402e-08
-3.718114106009586e-08
2.826655006423011e-08
-3.216042915007814e-08
9.567024870351655e-09
-2.60881440335349e-08
-1.290384055093131e-09
-2.104242282943431e-08
2.500378485358081e-09
1.356216150674128e-09
2.427851214805842e-09
1.952652416719356e-09
9.18734133324241e-10
8.591708290920707e-10
-3.370279846122575e-11
-7.248891921341304e-11
-2.958824213549467e-10
-3.477857960574144e-10
-2.456803559146979e-10
-2.7196641718407e-10
-1.372010718015877e-10
-1.242984548343727e-10
-6.928306825071175e-11
-3.151454138136018e-12
-5.871020204743844e-11
8.66065663857527e-11
-8.016000962463961e-11
1.641729040566252e-10
-8.968177952677753e-11
2.42932415079534e-10
-4.468759808635181e-11
3.169207964620046e-10
7.98307426762582e-11
3.604432031032643e-10
2.751290499481091e-10
3.414583493845008e-10
4.876213649109943e-10
2.416428957335779e-10
6.326938719697043e-10
6.971872383836716e-11
6.398649213858872e-10
-1.43620945012533e-10
4.997286453764457e-10
-3.639882520930577e-10
2.671960040084788e-10
-5.63639710619924e-10
-7.153411026007548e-12
-7.050337837263063e-10
-3.347454683204914e-10
-7.073325477099375e-10
-6.700190195999187e-10
-4.920061342107234e-10
-7.546990035206817e-10
-1.814879624417288e-10
-6.107379062163968e-10
-7.017953657489518e-11
-5.290288877430778e-10
-2.748460376359152e-10
-7.641099378588222e-11
-1.996526549315229e-10
3.238760193308076e-10
-2.893314647112094e-11
4.641948182287952e-10
1.692610200797583e-11
3.28744002790241e-10
-1.290441238591793e-11
-6.731608517302712e-11
3.279573017301468e-11
-5.179748722000862e-10
2.039038576504145e-10
-6.023347965564258e-10
2.820227373120936e-10
-7.506089268656722e-10
8.420491444146186e-11
-6.722497794690492e-10
2.026715471052771e-10
-3.421168810937944e-10
5.212659708783957e-10
-1.214967759865376e-11
7.465530933141653e-10
2.727623564852016e-10
7.546569422403161e-10
5.205989285045625e-10
6.208345720365403e-10
6.757529201084972e-10
4.232214811012815e-10
6.794185162253645e-10
1.979449427204576e-10
5.401100100006092e-10
-2.795533364428363e-11
3.307001082248919e-10
-2.206588735834656e-10
1.388904770325481e-10
-3.49528932434652e-10
1.872546742086479e-11
-4.039447916213375e-10
-2.356024161107538e-11
-3.975394302601016e-10
-2.110476631076104e-11
-3.555208994142133e-10
-2.715916300210823e-11
-2.941997950049706e-10
-2.081342411562654e-10
2.640274414095092e-09
-2.47671532234865e-09
1.425709304115085e-08
6.343804466431024e-09
3.106290061992814e-08
1.697810958857201e-08
4.87738761343209e-08
2.390711747723077e-08
6.449207374030075e-08
2.552432606991843e-08
7.656415973774266e-08
2.233994828309131e-08
8.412618929410545e-08
1.564146453836016e-08
8.677146958348698e-08
6.890989618916725e-09
8.438710806333372e-08
-2.483982114585486e-09
7.712370867689036e-08
-1.111893745435439e-08
6.548125163710516e-08
-1.771419423323504e-08
5.050352857024677e-08
-2.112151314431236e-08
3.407393820438423e-08
-2.075155036997715e-08
1.889060013702118e-08
-1.697709074254634e-08
7.433126945224658e-09
-1.463067048530062e-08
-1.584294317877379e-09
-1.202500119327904e-08
-4.439265850728925e-11
-1.836851187836247e-10
1.083313852578574e-09
8.24946312082294e-10
9.849435873411344e-10
9.575415174496307e-10
4.20875329546803e-10
4.915797773352487e-10
1.279250542441873e-11
6.029748243454829e-11
-1.376238254980593e-10
-1.21549618165192e-10
-1.408079067171245e-10
-1.211138920194514e-10
-1.006388580945846e-10
-4.332001046350161e-11
-6.526651098019878e-11
5.123472176215834e-11
-3.888565157815671e-11
1.377925536341322e-10
-1.5592325273199e-12
2.056065106391422e-10
7.045202679671955e-11
2.449100528814689e-10
1.864033343758928e-10
2.444924111487653e-10
3.3032097142628e-10
1.975412227701933e-10
4.634675314961102e-10
1.084968392673915e-10
5.409313111601266e-10
-7.744564358958376e-12
5.322174338803857e-10
-1.349065903692263e-10
4.299803050652569e-10
-2.617506651262516e-10
2.406196218281878e-10
-3.742785905896559e-10
-2.496684127745033e-11
-4.394469096200907e-10
-3.187706970084533e-10
-4.13528308911511e-10
-5.09339250276579e-10
-3.014372291103429e-10
-4.908356259928055e-10
-1.999912680561747e-10
-3.620281019270802e-10
-1.989867769374863e-10
-3.581105416366154e-10
-2.787633507415759e-10
-2.563907868661268e-10
-3.013721991393219e-10
-8.099190990232959e-11
-2.043318505475857e-10
3.013202626875155e-12
-6.707887363189682e-11
-7.753890328990842e-11
6.764779398543327e-11
-2.504997312670279e-10
2.05756625684655e-10
-3.517622968557185e-10
3.051664581828009e-10
-3.569174715964174e-10
2.871779197857731e-10
-4.865661758414428e-10
2.138536002363164e-10
-5.057596236655488e-10
2.218649570717451e-10
-3.145246471577128e-10
3.300309379846352e-10
-1.62738146722538e-11
4.483021923422966e-10
2.585449035784509e-10
4.798381419776406e-10
4.604628685342306e-10
4.189165144089934e-10
5.758505564596279e-10
3.078336834438991e-10
5.958765071478525e-10
1.779188638699128e-10
5.265328028415527e-10
4.138821464856281e-11
3.977876995288295e-10
-9.191395474793065e-11
2.540599728808268e-10
-2.058014232490542e-10
1.33542628908334e-10
-2.83427696251898e-10
5.274683262071373e-11
-3.167438634247069e-10
6.642763664711808e-12
-3.094170098691153e-10
-1.156629972373186e-11
-2.759914698012034e-10
-2.197007788882814e-10
3.624935234918198e-10
-2.839208646180485e-09
5.801210886390322e-09
9.050873277921587e-10
1.560279770167631e-08
7.176522995683094e-09
2.742489124159709e-08
1.208502417144044e-08
3.894972973792322e-08
1.399948780682044e-08
4.84323717612976e-08
1.285730650925568e-08
5.473846779788791e-08
9.33536875170787e-09
5.725155985284502e-08
4.377897834136137e-09
5.579354200038054e-08
-1.025963990087917e-09
5.059718120172935e-08
-5.922576360392418e-09
4.233079651802084e-08
-9.447809250667569e-09
3.214268484964063e-08
-1.093340115173733e-08
2.164113916762639e-08
-1.025000435823111e-08
1.257038299512357e-08
-7.906334214098684e-09
5.333491280634823e-09
-7.393778407093177e-09
-6.203658027151632e-10
-6.071143720520475e-09
-5.51792274825757e-10
-2.522582471135871e-10
7.536490539176377e-11
1.977895549782718e-10
4.681219623994337e-10
5.647848960647301e-10
4.228393049948374e-10
5.368628900458794e-10
1.968633012648099e-10
2.862739561449148e-10
1.612683822431951e-11
5.918732882024976e-11
-6.033258017155463e-11
-4.465397332897922e-11
-6.235244861681655e-11
-4.129963531864856e-11
-2.937251764278747e-11
1.825531472387534e-11
1.879085059649189e-11
8.962970649191873e-11
8.042964785382054e-11
1.439682515329064e-10
1.594609157581791e-10
1.658793097192531e-10
2.531323651840556e-10
1.508215020700577e-10
3.470177604766805e-10
1.036563430862153e-10
4.19416856395959e-10
3.609827177447266e-11
4.502945389738325e-10
-3.862175456560908e-11
4.264291657327936e-10
-1.110407159652838e-10
3.398627359282153e-10
-1.751837805993909e-10
1.879099164090539e-10
-2.223253125471071e-10
-1.244800814400432e-11
-2.390885814746729e-10
-2.040339368433174e-10
-2.219419783746136e-10
-3.102637652185348e-10
-1.952070595679072e-10
-3.155705121341487e-10
-1.946841873934528e-10
-2.893671096592954e-10
-2.251899087147015e-10
-3.079663575746287e-10
-2.601638448922512e-10
-3.355038990578375e-10
-2.738344615626489e-10
-3.260890901828544e-10
-2.137464807179862e-10
-3.123334593059053e-10
-8.083438298164085e-11
-3.243488750558761e-10
7.966331042222253e-11
-3.326008612647339e-10
2.140086631652393e-10
-3.045553118054032e-10
2.771209374441339e-10
-2.853435826411972e-10
2.679661802354774e-10
-3.098965087091688e-10
2.384064936281143e-10
-3.01567778195014e-10
2.135361662795775e-10
-1.906564048639444e-10
2.191194830754845e-10
7.727474987971506e-12
2.499182127098428e-10
2.173370706649275e-10
2.702284238434068e-10
3.805441021928629e-10
2.557093439129681e-10
4.791470642599835e-10
2.092305522262312e-10
5.142176875582759e-10
1.428480474792287e-10
4.91891572595401e-10
6.37141008285666e-11
4.233691988687595e-10
-2.339184643896226e-11
3.268769659008068e-10
-1.093094938168139e-10
2.238122406432602e-10
-1.803632589083264e-10
1.318477162708414e-10
-2.247796480402987e-10
6.217255392346694e-11
-2.397423971083666e-10
2.013133848908284e-11
-2.339507186003718e-10
-1.995698161273984e-10
-7.148800116676801e-10
-2.124328429370003e-09
1.088281273561911e-09
-8.980737295491856e-10
6.08364981570922e-09
2.18115469083106e-09
1.324051438584109e-08
4.928159838833762e-09
2.096885242165495e-08
6.271150020378275e-09
2.778706632532907e-08
6.039092856928005e-09
3.259293660299892e-08
4.529498740802828e-09
3.473608022415006e-08
2.234754483695394e-09
3.401570957276302e-08
-3.055930496721251e-10
3.066217820694478e-08
-2.569044699662865e-09
2.531233477048567e-08
-4.097965498856008e-09
1.894642535313937e-08
-4.567491411173724e-09
1.270760670568938e-08
-4.011185365883478e-09
7.535258419850901e-09
-2.733985573509469e-09
3.115808579378888e-09
-2.974328190025587e-09
-3.002130468645292e-10
-2.655121705942263e-09
-4.845998991516846e-10
-6.787098574884313e-11
-3.187290152530991e-10
3.191909350899436e-11
1.211951238797721e-12
2.448443701988782e-10
1.865681003544849e-10
3.515071960939762e-10
1.887067575981577e-10
2.841357681870318e-10
1.100757512402572e-10
1.3781881953701e-10
4.294958590975211e-11
2.247268484954339e-11
2.003711029525841e-11
-1.838665211124011e-11
3.735113332438382e-11
9.418006886797695e-13
8.215540465814875e-11
4.482595752461604e-11
1.440799867797383e-10
8.204418489675978e-11
2.145207235133302e-10
9.543909933406124e-11
2.834790110753003e-10
8.186372493247757e-11
3.392070882150441e-10
4.792878360634845e-11
3.70952290391897e-10
4.3535621211066e-12
3.713926282573631e-10
-3.906159725179598e-11
3.360783404414167e-10
-7.572596678049988e-11
2.622500158255165e-10
-1.013549971932672e-10
1.52907413009766e-10
-1.12982292143963e-10
2.590032998219298e-11
-1.120810889332654e-10
-8.665505630271784e-11
-1.093862292262632e-10
-1.61633238495408e-10
-1.202285279271507e-10
-2.080456965981145e-10
-1.482714295261768e-10
-2.533927939688195e-10
-1.798425298069017e-10
-3.145029262859588e-10
-1.990534811532724e-10
-3.914008972818386e-10
-1.969362813600279e-10
-4.522516631902829e-10
-1.528955536622156e-10
-4.740018833351103e-10
-5.908402681131028e-11
-4.518889294628919e-10
5.755044876431295e-11
-3.905800231190117e-10
1.526998223810656e-10
-3.127467121630866e-10
1.992876543019568e-10
-2.496142240849931e-10
2.048336933226994e-10
-2.006841944952419e-10
1.894764345725164e-10
-1.488760381945093e-10
1.617279547325677e-10
-6.676436925421966e-11
1.370077342821463e-10
5.443818548575535e-11
1.287155518894809e-10
1.914515541525284e-10
1.332149254754218e-10
3.119184403797582e-10
1.352422968757888e-10
3.973708336297881e-10
1.237779677428789e-10
4.436099647764842e-10
9.66086870432399e-11
4.515526710559025e-10
5.577112732760937e-11
4.233770764107902e-10
4.783440279811708e-12
3.644174512033268e-10
-5.035020285374127e-11
2.848612368479724e-10
-1.008073864244551e-10
1.981653128197089e-10
-1.38084058437792e-10
1.172777054583394e-10
-1.588551656821385e-10
5.010871253692922e-11
-1.667824561921583e-10
-1.494614356837222e-10
-1.185824253297527e-09
-9.385039701816465e-10
-1.379661194065622e-09
-7.042365635381489e-10
5.456450361832316e-10
2.558486926519663e-10
4.281197384954859e-09
1.192607723804324e-09
8.846479211323109e-09
1.705868436763928e-09
1.316497863766661e-08
1.720593676625529e-09
1.636947805881487e-08
1.324999577578937e-09
1.792667565595169e-08
6.775571495840907e-10
1.766764929705269e-08
-4.656641352079468e-11
1.57763985036232e-08
-6.777936221960964e-10
1.274908757524952e-08
-1.07065427053271e-09
9.300365725795371e-09
-1.118769253422356e-09
6.161733999397868e-09
-8.725533143312398e-10
3.752047248128258e-09
-3.242984873508708e-10
1.455738610485254e-09
-6.780192005648997e-10
-3.3185394676946e-10
-8.675287860283407e-10
-4.300861331718067e-10
3.036157928624993e-11
-4.109583734632133e-10
1.279172396284915e-11
-2.43724416149635e-10
7.761081692675171e-11
-4.203964502046606e-11
1.498228406914978e-10
8.769982246650911e-11
1.543967270168825e-10
1.276962152716239e-10
9.782286423656484e-11
1.174480237790314e-10
3.27213199684641e-11
1.01433683648386e-10
-2.371858406790456e-12
1.052234117931554e-10
-2.847473300266721e-12
1.348980887382468e-10
1.515174265937956e-11
1.838659108553547e-10
3.307681906627062e-11
2.394759874077196e-10
3.982948421580707e-11
2.881493850848784e-10
3.319077603629994e-11
3.191667737849007e-10
1.691184541562966e-11
3.266877784128855e-10
-3.167011533287852e-12
3.095090737978975e-10
-2.188246380880124e-11
2.694048126034472e-10
-3.562130267682959e-11
2.102811463393413e-10
-4.223093425179063e-11
1.391808000054447e-10
-4.188158041183986e-11
6.607795963034565e-11
-3.897789343063121e-11
-1.83779484697972e-12
-4.147015479778891e-11
-6.740641927500106e-11
-5.465959758588928e-11
-1.405880546313078e-10
-7.508952558304844e-11
-2.269773340989991e-10
-9.345299912650022e-11
-3.236842503627513e-10
-1.023463513287484e-10
-4.232422984193896e-10
-9.737803993465137e-11
-5.02812187111895e-10
-7.332550788599421e-11
-5.3378273738125e-10
-2.811334186852894e-11
-5.033547395318352e-10
2.712255211643961e-11
-4.2373832909967e-10
7.308348927845734e-11
-3.229541926293221e-10
9.85035656423538e-11
-2.233576299075187e-10
1.052371538890784e-10
-1.32146679885346e-10
9.826548276737621e-11
-5.217103590849536e-11
8.175228388489415e-11
2.1929856378901e-11
6.290679319999257e-11
9.972106458339486e-11
5.092426724873965e-11
1.836787841107509e-10
4.925710655709484e-11
2.662936119017971e-10
5.26273355026006e-11
3.370874376912288e-10
5.298397737350541e-11
3.880537242324666e-10
4.56421955907325e-11
4.137553719253091e-10
3.006924032106892e-11
4.104769376450094e-10
8.061592207608902e-12
3.774007575629539e-10
-1.727433616170513e-11
3.184411657951568e-10
-4.184808830388868e-11
2.419415026012508e-10
-6.158466989010826e-11
1.570049030033299e-10
-7.391904805677841e-11
6.909254581153726e-11
-7.887071779626063e-11
-8.036916947175918e-11
-9.385038730620556e-10
-1.642740330739337e-09
-1.386891532867415e-09
-1.942836989431347e-10
1.511584847647888e-09
3.232178640391223e-09
4.557178334451439e-09
5.234735607932972e-09
5.188169319360116e-09
4.510375830260458e-09
3.439721694599041e-09
2.320952584491672e-09
1.448399416014037e-09
1.124101082759066e-09
4.460820396039444e-10
-4.214465815349301e-10
-3.910848333089682e-10
-3.782929342933544e-10
-3.006819376201391e-10
-1.508589130416899e-10
3.538003048150997e-12
1.01361057959713e-10
1.340825740671297e-10
1.317109103878562e-10
1.288636372840348e-10
1.440155753892819e-10
1.770925950592257e-10
2.169222716643702e-10
2.50113244597481e-10
2.670252753493343e-10
2.638584526749303e-10
2.419761631939159e-10
2.06355037077874e-10
1.641242625048812e-10
1.222428424623446e-10
8.326509098238297e-11
4.179507709140136e-11
-1.286439861880158e-11
-8.795380523262282e-11
-1.81406704106428e-10
-2.837529600125855e-10
-3.811309221091404e-10
-4.544563588828752e-10
-4.825696454526352e-10
-4.554470464851417e-10
-3.823635239511253e-10
-2.838599348988438e-10
-1.786227687960176e-10
-8.03572848222477e-11
1.394990943179284e-12
6.430176346196961e-11
1.152260007600373e-10
1.644830620578564e-10
2.171103395629237e-10
2.700942405849008e-10
3.157363449761372e-10
3.458054740794264e-10
3.538669370672305e-10
3.365924730828372e-10
2.94744279079861e-10
2.331594688286903e-10
1.59240166867554e-10
8.036916947174388e-11
)
;

boundaryField
{
    inletLower
    {
        type            calculated;
        value           nonuniform List<scalar> 8(-3.999999999999997e-07 -4.000000000000004e-07 -3.999999999999997e-07 -4.000000000000004e-07 -3.999999999999997e-07 -4.000000000000004e-07 -3.999999999999997e-07 -4.000000000000004e-07);
    }
    inletUpper
    {
        type            calculated;
        value           nonuniform List<scalar> 8(-4.000000000000032e-07 -3.999999999999977e-07 -3.999999999999977e-07 -4.000000000000004e-07 -4.000000000000004e-07 -4.000000000000004e-07 -4.000000000000004e-07 -4.000000000000004e-07);
    }
    outletLower
    {
        type            calculated;
        value           nonuniform List<scalar> 8(2.205351266994235e-07 3.094450608617334e-07 4.053946012650805e-07 4.521158736464917e-07 4.748690989346232e-07 4.712219523247085e-07 4.340514218794744e-07 3.366775342127596e-07);
    }
    outletUpper
    {
        type            calculated;
        value           nonuniform List<scalar> 8(2.689157342808684e-07 3.859402355358879e-07 4.702533055950284e-07 5.127456911908386e-07 5.150195116753133e-07 4.761009379444307e-07 3.947419546099348e-07 2.719717857125151e-07);
    }
    sideWalls
    {
        type            calculated;
        value           uniform 0;
    }
    topBottomWalls
    {
        type            calculated;
        value           uniform 0;
    }
    frontAndBack
    {
        type            symmetry;
        value           uniform 0;
    }
}


// ************************************************************************* //
