$MeshFormat
2.2 0 8
$EndMeshFormat
$PhysicalNames
4
1 1 "inlet"
1 2 "outlet"
1 3 "walls"
2 10 "fluid"
$EndPhysicalNames
$Nodes
1446
1 0 0.016 0
2 0.002 0.016 0
3 0.004 0.016 0
4 0.006 0.016 0
5 0.008 0.016 0
6 0.01 0.016 0
7 0.012 0.016 0
8 0.014 0.016 0
9 0.016 0.016 0
10 0.018 0.016 0
11 0.02 0.016 0
12 0.022 0.016 0
13 0.024 0.016 0
14 0.026 0.016 0
15 0.028 0.016 0
16 0.03 0.016 0
17 0.032 0.016 0
18 0.034 0.016 0
19 0.036 0.016 0
20 0.038 0.016 0
21 0.04 0.016 0
22 0.042 0.016 0
23 0.044 0.016 0
24 0.046 0.016 0
25 0.048 0.016 0
26 0.082 0.016 0
27 0.08400000000000001 0.016 0
28 0.08600000000000001 0.016 0
29 0.08799999999999999 0.016 0
30 0.09 0.016 0
31 0.092 0.016 0
32 0.094 0.016 0
33 0.096 0.016 0
34 0.098 0.016 0
35 0.1 0.016 0
36 0.102 0.016 0
37 0.104 0.016 0
38 0.106 0.016 0
39 0.108 0.016 0
40 0.11 0.016 0
41 0.112 0.016 0
42 0.114 0.016 0
43 0.116 0.016 0
44 0.118 0.016 0
45 0.12 0.016 0
46 0.122 0.016 0
47 0.124 0.016 0
48 0.126 0.016 0
49 0.128 0.016 0
50 0 0.018 0
51 0.002 0.018 0
52 0.004 0.018 0
53 0.006 0.018 0
54 0.008 0.018 0
55 0.01 0.018 0
56 0.012 0.018 0
57 0.014 0.018 0
58 0.016 0.018 0
59 0.018 0.018 0
60 0.02 0.018 0
61 0.022 0.018 0
62 0.024 0.018 0
63 0.026 0.018 0
64 0.028 0.018 0
65 0.03 0.018 0
66 0.032 0.018 0
67 0.034 0.018 0
68 0.036 0.018 0
69 0.038 0.018 0
70 0.04 0.018 0
71 0.042 0.018 0
72 0.044 0.018 0
73 0.046 0.018 0
74 0.048 0.018 0
75 0.05 0.018 0
76 0.052 0.018 0
77 0.078 0.018 0
78 0.08 0.018 0
79 0.082 0.018 0
80 0.08400000000000001 0.018 0
81 0.08600000000000001 0.018 0
82 0.08799999999999999 0.018 0
83 0.09 0.018 0
84 0.092 0.018 0
85 0.094 0.018 0
86 0.096 0.018 0
87 0.098 0.018 0
88 0.1 0.018 0
89 0.102 0.018 0
90 0.104 0.018 0
91 0.106 0.018 0
92 0.108 0.018 0
93 0.11 0.018 0
94 0.112 0.018 0
95 0.114 0.018 0
96 0.116 0.018 0
97 0.118 0.018 0
98 0.12 0.018 0
99 0.122 0.018 0
100 0.124 0.018 0
101 0.126 0.018 0
102 0.128 0.018 0
103 0 0.02 0
104 0.002 0.02 0
105 0.004 0.02 0
106 0.006 0.02 0
107 0.008 0.02 0
108 0.01 0.02 0
109 0.012 0.02 0
110 0.014 0.02 0
111 0.016 0.02 0
112 0.018 0.02 0
113 0.02 0.02 0
114 0.022 0.02 0
115 0.024 0.02 0
116 0.026 0.02 0
117 0.028 0.02 0
118 0.03 0.02 0
119 0.032 0.02 0
120 0.034 0.02 0
121 0.036 0.02 0
122 0.038 0.02 0
123 0.04 0.02 0
124 0.042 0.02 0
125 0.044 0.02 0
126 0.046 0.02 0
127 0.048 0.02 0
128 0.05 0.02 0
129 0.052 0.02 0
130 0.054 0.02 0
131 0.076 0.02 0
132 0.078 0.02 0
133 0.08 0.02 0
134 0.082 0.02 0
135 0.08400000000000001 0.02 0
136 0.08600000000000001 0.02 0
137 0.08799999999999999 0.02 0
138 0.09 0.02 0
139 0.092 0.02 0
140 0.094 0.02 0
141 0.096 0.02 0
142 0.098 0.02 0
143 0.1 0.02 0
144 0.102 0.02 0
145 0.104 0.02 0
146 0.106 0.02 0
147 0.108 0.02 0
148 0.11 0.02 0
149 0.112 0.02 0
150 0.114 0.02 0
151 0.116 0.02 0
152 0.118 0.02 0
153 0.12 0.02 0
154 0.122 0.02 0
155 0.124 0.02 0
156 0.126 0.02 0
157 0.128 0.02 0
158 0 0.022 0
159 0.002 0.022 0
160 0.004 0.022 0
161 0.006 0.022 0
162 0.008 0.022 0
163 0.01 0.022 0
164 0.012 0.022 0
165 0.014 0.022 0
166 0.016 0.022 0
167 0.018 0.022 0
168 0.02 0.022 0
169 0.022 0.022 0
170 0.024 0.022 0
171 0.026 0.022 0
172 0.028 0.022 0
173 0.03 0.022 0
174 0.032 0.022 0
175 0.034 0.022 0
176 0.036 0.022 0
177 0.038 0.022 0
178 0.04 0.022 0
179 0.042 0.022 0
180 0.044 0.022 0
181 0.046 0.022 0
182 0.048 0.022 0
183 0.05 0.022 0
184 0.052 0.022 0
185 0.054 0.022 0
186 0.056 0.022 0
187 0.074 0.022 0
188 0.076 0.022 0
189 0.078 0.022 0
190 0.08 0.022 0
191 0.082 0.022 0
192 0.08400000000000001 0.022 0
193 0.08600000000000001 0.022 0
194 0.08799999999999999 0.022 0
195 0.09 0.022 0
196 0.092 0.022 0
197 0.094 0.022 0
198 0.096 0.022 0
199 0.098 0.022 0
200 0.1 0.022 0
201 0.102 0.022 0
202 0.104 0.022 0
203 0.106 0.022 0
204 0.108 0.022 0
205 0.11 0.022 0
206 0.112 0.022 0
207 0.114 0.022 0
208 0.116 0.022 0
209 0.118 0.022 0
210 0.12 0.022 0
211 0.122 0.022 0
212 0.124 0.022 0
213 0.126 0.022 0
214 0.128 0.022 0
215 0 0.024 0
216 0.002 0.024 0
217 0.004 0.024 0
218 0.006 0.024 0
219 0.008 0.024 0
220 0.01 0.024 0
221 0.012 0.024 0
222 0.014 0.024 0
223 0.016 0.024 0
224 0.018 0.024 0
225 0.02 0.024 0
226 0.022 0.024 0
227 0.024 0.024 0
228 0.026 0.024 0
229 0.028 0.024 0
230 0.03 0.024 0
231 0.032 0.024 0
232 0.034 0.024 0
233 0.036 0.024 0
234 0.038 0.024 0
235 0.04 0.024 0
236 0.042 0.024 0
237 0.044 0.024 0
238 0.046 0.024 0
239 0.048 0.024 0
240 0.05 0.024 0
241 0.052 0.024 0
242 0.054 0.024 0
243 0.056 0.024 0
244 0.074 0.024 0
245 0.076 0.024 0
246 0.078 0.024 0
247 0.08 0.024 0
248 0.082 0.024 0
249 0.08400000000000001 0.024 0
250 0.08600000000000001 0.024 0
251 0.08799999999999999 0.024 0
252 0.09 0.024 0
253 0.092 0.024 0
254 0.094 0.024 0
255 0.096 0.024 0
256 0.098 0.024 0
257 0.1 0.024 0
258 0.102 0.024 0
259 0.104 0.024 0
260 0.106 0.024 0
261 0.108 0.024 0
262 0.11 0.024 0
263 0.112 0.024 0
264 0.114 0.024 0
265 0.116 0.024 0
266 0.118 0.024 0
267 0.12 0.024 0
268 0.122 0.024 0
269 0.124 0.024 0
270 0.126 0.024 0
271 0.128 0.024 0
272 0 0.026 0
273 0.002 0.026 0
274 0.004 0.026 0
275 0.006 0.026 0
276 0.008 0.026 0
277 0.01 0.026 0
278 0.012 0.026 0
279 0.014 0.026 0
280 0.016 0.026 0
281 0.018 0.026 0
282 0.02 0.026 0
283 0.022 0.026 0
284 0.024 0.026 0
285 0.026 0.026 0
286 0.028 0.026 0
287 0.03 0.026 0
288 0.032 0.026 0
289 0.034 0.026 0
290 0.036 0.026 0
291 0.038 0.026 0
292 0.04 0.026 0
293 0.042 0.026 0
294 0.044 0.026 0
295 0.046 0.026 0
296 0.048 0.026 0
297 0.05 0.026 0
298 0.052 0.026 0
299 0.054 0.026 0
300 0.056 0.026 0
301 0.07200000000000001 0.026 0
302 0.074 0.026 0
303 0.076 0.026 0
304 0.078 0.026 0
305 0.08 0.026 0
306 0.082 0.026 0
307 0.08400000000000001 0.026 0
308 0.08600000000000001 0.026 0
309 0.08799999999999999 0.026 0
310 0.09 0.026 0
311 0.092 0.026 0
312 0.094 0.026 0
313 0.096 0.026 0
314 0.098 0.026 0
315 0.1 0.026 0
316 0.102 0.026 0
317 0.104 0.026 0
318 0.106 0.026 0
319 0.108 0.026 0
320 0.11 0.026 0
321 0.112 0.026 0
322 0.114 0.026 0
323 0.116 0.026 0
324 0.118 0.026 0
325 0.12 0.026 0
326 0.122 0.026 0
327 0.124 0.026 0
328 0.126 0.026 0
329 0.128 0.026 0
330 0 0.028 0
331 0.002 0.028 0
332 0.004 0.028 0
333 0.006 0.028 0
334 0.008 0.028 0
335 0.01 0.028 0
336 0.012 0.028 0
337 0.014 0.028 0
338 0.016 0.028 0
339 0.018 0.028 0
340 0.02 0.028 0
341 0.022 0.028 0
342 0.024 0.028 0
343 0.026 0.028 0
344 0.028 0.028 0
345 0.03 0.028 0
346 0.032 0.028 0
347 0.034 0.028 0
348 0.036 0.028 0
349 0.038 0.028 0
350 0.04 0.028 0
351 0.042 0.028 0
352 0.044 0.028 0
353 0.046 0.028 0
354 0.048 0.028 0
355 0.05 0.028 0
356 0.052 0.028 0
357 0.054 0.028 0
358 0.056 0.028 0
359 0.058 0.028 0
360 0.07200000000000001 0.028 0
361 0.074 0.028 0
362 0.076 0.028 0
363 0.078 0.028 0
364 0.08 0.028 0
365 0.082 0.028 0
366 0.08400000000000001 0.028 0
367 0.08600000000000001 0.028 0
368 0.08799999999999999 0.028 0
369 0.09 0.028 0
370 0.092 0.028 0
371 0.094 0.028 0
372 0.096 0.028 0
373 0.098 0.028 0
374 0.1 0.028 0
375 0.102 0.028 0
376 0.104 0.028 0
377 0.106 0.028 0
378 0.108 0.028 0
379 0.11 0.028 0
380 0.112 0.028 0
381 0.114 0.028 0
382 0.116 0.028 0
383 0.118 0.028 0
384 0.12 0.028 0
385 0.122 0.028 0
386 0.124 0.028 0
387 0.126 0.028 0
388 0.128 0.028 0
389 0 0.03 0
390 0.002 0.03 0
391 0.004 0.03 0
392 0.006 0.03 0
393 0.008 0.03 0
394 0.01 0.03 0
395 0.012 0.03 0
396 0.014 0.03 0
397 0.016 0.03 0
398 0.018 0.03 0
399 0.02 0.03 0
400 0.022 0.03 0
401 0.024 0.03 0
402 0.026 0.03 0
403 0.028 0.03 0
404 0.03 0.03 0
405 0.032 0.03 0
406 0.034 0.03 0
407 0.036 0.03 0
408 0.038 0.03 0
409 0.04 0.03 0
410 0.042 0.03 0
411 0.044 0.03 0
412 0.046 0.03 0
413 0.048 0.03 0
414 0.05 0.03 0
415 0.052 0.03 0
416 0.054 0.03 0
417 0.056 0.03 0
418 0.058 0.03 0
419 0.07200000000000001 0.03 0
420 0.074 0.03 0
421 0.076 0.03 0
422 0.078 0.03 0
423 0.08 0.03 0
424 0.082 0.03 0
425 0.08400000000000001 0.03 0
426 0.08600000000000001 0.03 0
427 0.08799999999999999 0.03 0
428 0.09 0.03 0
429 0.092 0.03 0
430 0.094 0.03 0
431 0.096 0.03 0
432 0.098 0.03 0
433 0.1 0.03 0
434 0.102 0.03 0
435 0.104 0.03 0
436 0.106 0.03 0
437 0.108 0.03 0
438 0.11 0.03 0
439 0.112 0.03 0
440 0.114 0.03 0
441 0.116 0.03 0
442 0.118 0.03 0
443 0.12 0.03 0
444 0.122 0.03 0
445 0.124 0.03 0
446 0.126 0.03 0
447 0.128 0.03 0
448 0 0.032 0
449 0.002 0.032 0
450 0.004 0.032 0
451 0.006 0.032 0
452 0.008 0.032 0
453 0.01 0.032 0
454 0.012 0.032 0
455 0.014 0.032 0
456 0.016 0.032 0
457 0.018 0.032 0
458 0.02 0.032 0
459 0.022 0.032 0
460 0.024 0.032 0
461 0.026 0.032 0
462 0.028 0.032 0
463 0.03 0.032 0
464 0.032 0.032 0
465 0.034 0.032 0
466 0.036 0.032 0
467 0.038 0.032 0
468 0.04 0.032 0
469 0.042 0.032 0
470 0.044 0.032 0
471 0.046 0.032 0
472 0.048 0.032 0
473 0.05 0.032 0
474 0.052 0.032 0
475 0.054 0.032 0
476 0.056 0.032 0
477 0.058 0.032 0
478 0.07000000000000001 0.032 0
479 0.07200000000000001 0.032 0
480 0.074 0.032 0
481 0.076 0.032 0
482 0.078 0.032 0
483 0.08 0.032 0
484 0.082 0.032 0
485 0.08400000000000001 0.032 0
486 0.08600000000000001 0.032 0
487 0.08799999999999999 0.032 0
488 0.09 0.032 0
489 0.092 0.032 0
490 0.094 0.032 0
491 0.096 0.032 0
492 0.098 0.032 0
493 0.1 0.032 0
494 0.102 0.032 0
495 0.104 0.032 0
496 0.106 0.032 0
497 0.108 0.032 0
498 0.11 0.032 0
499 0.112 0.032 0
500 0.114 0.032 0
501 0.116 0.032 0
502 0.118 0.032 0
503 0.12 0.032 0
504 0.122 0.032 0
505 0.124 0.032 0
506 0.126 0.032 0
507 0.128 0.032 0
508 0.044 0.034 0
509 0.046 0.034 0
510 0.048 0.034 0
511 0.05 0.034 0
512 0.052 0.034 0
513 0.054 0.034 0
514 0.056 0.034 0
515 0.058 0.034 0
516 0.06 0.034 0
517 0.07000000000000001 0.034 0
518 0.07200000000000001 0.034 0
519 0.074 0.034 0
520 0.076 0.034 0
521 0.078 0.034 0
522 0.08 0.034 0
523 0.082 0.034 0
524 0.08400000000000001 0.034 0
525 0.08600000000000001 0.034 0
526 0.044 0.036 0
527 0.046 0.036 0
528 0.048 0.036 0
529 0.05 0.036 0
530 0.052 0.036 0
531 0.054 0.036 0
532 0.056 0.036 0
533 0.058 0.036 0
534 0.06 0.036 0
535 0.068 0.036 0
536 0.07000000000000001 0.036 0
537 0.07200000000000001 0.036 0
538 0.074 0.036 0
539 0.076 0.036 0
540 0.078 0.036 0
541 0.08 0.036 0
542 0.082 0.036 0
543 0.08400000000000001 0.036 0
544 0.046 0.038 0
545 0.048 0.038 0
546 0.05 0.038 0
547 0.052 0.038 0
548 0.054 0.038 0
549 0.056 0.038 0
550 0.058 0.038 0
551 0.06 0.038 0
552 0.062 0.038 0
553 0.068 0.038 0
554 0.07000000000000001 0.038 0
555 0.07200000000000001 0.038 0
556 0.074 0.038 0
557 0.076 0.038 0
558 0.078 0.038 0
559 0.08 0.038 0
560 0.082 0.038 0
561 0.08400000000000001 0.038 0
562 0.046 0.04 0
563 0.048 0.04 0
564 0.05 0.04 0
565 0.052 0.04 0
566 0.054 0.04 0
567 0.056 0.04 0
568 0.058 0.04 0
569 0.06 0.04 0
570 0.062 0.04 0
571 0.066 0.04 0
572 0.068 0.04 0
573 0.07000000000000001 0.04 0
574 0.07200000000000001 0.04 0
575 0.074 0.04 0
576 0.076 0.04 0
577 0.078 0.04 0
578 0.08 0.04 0
579 0.082 0.04 0
580 0.048 0.042 0
581 0.05 0.042 0
582 0.052 0.042 0
583 0.054 0.042 0
584 0.056 0.042 0
585 0.058 0.042 0
586 0.06 0.042 0
587 0.062 0.042 0
588 0.066 0.042 0
589 0.068 0.042 0
590 0.07000000000000001 0.042 0
591 0.07200000000000001 0.042 0
592 0.074 0.042 0
593 0.076 0.042 0
594 0.078 0.042 0
595 0.08 0.042 0
596 0.082 0.042 0
597 0.048 0.044 0
598 0.05 0.044 0
599 0.052 0.044 0
600 0.054 0.044 0
601 0.056 0.044 0
602 0.058 0.044 0
603 0.06 0.044 0
604 0.062 0.044 0
605 0.064 0.044 0
606 0.066 0.044 0
607 0.068 0.044 0
608 0.07000000000000001 0.044 0
609 0.07200000000000001 0.044 0
610 0.074 0.044 0
611 0.076 0.044 0
612 0.078 0.044 0
613 0.08 0.044 0
614 0.048 0.046 0
615 0.05 0.046 0
616 0.052 0.046 0
617 0.054 0.046 0
618 0.056 0.046 0
619 0.058 0.046 0
620 0.06 0.046 0
621 0.062 0.046 0
622 0.064 0.046 0
623 0.066 0.046 0
624 0.068 0.046 0
625 0.07000000000000001 0.046 0
626 0.07200000000000001 0.046 0
627 0.074 0.046 0
628 0.076 0.046 0
629 0.078 0.046 0
630 0.08 0.046 0
631 0.05 0.048 0
632 0.052 0.048 0
633 0.054 0.048 0
634 0.056 0.048 0
635 0.058 0.048 0
636 0.06 0.048 0
637 0.062 0.048 0
638 0.064 0.048 0
639 0.066 0.048 0
640 0.068 0.048 0
641 0.07000000000000001 0.048 0
642 0.07200000000000001 0.048 0
643 0.074 0.048 0
644 0.076 0.048 0
645 0.078 0.048 0
646 0.08 0.048 0
647 0.05 0.05 0
648 0.052 0.05 0
649 0.054 0.05 0
650 0.056 0.05 0
651 0.058 0.05 0
652 0.06 0.05 0
653 0.062 0.05 0
654 0.064 0.05 0
655 0.066 0.05 0
656 0.068 0.05 0
657 0.07000000000000001 0.05 0
658 0.07200000000000001 0.05 0
659 0.074 0.05 0
660 0.076 0.05 0
661 0.078 0.05 0
662 0.05 0.052 0
663 0.052 0.052 0
664 0.054 0.052 0
665 0.056 0.052 0
666 0.058 0.052 0
667 0.06 0.052 0
668 0.062 0.052 0
669 0.064 0.052 0
670 0.066 0.052 0
671 0.068 0.052 0
672 0.07000000000000001 0.052 0
673 0.07200000000000001 0.052 0
674 0.074 0.052 0
675 0.076 0.052 0
676 0.078 0.052 0
677 0.052 0.054 0
678 0.054 0.054 0
679 0.056 0.054 0
680 0.058 0.054 0
681 0.06 0.054 0
682 0.062 0.054 0
683 0.064 0.054 0
684 0.066 0.054 0
685 0.068 0.054 0
686 0.07000000000000001 0.054 0
687 0.07200000000000001 0.054 0
688 0.074 0.054 0
689 0.076 0.054 0
690 0.052 0.056 0
691 0.054 0.056 0
692 0.056 0.056 0
693 0.058 0.056 0
694 0.06 0.056 0
695 0.062 0.056 0
696 0.064 0.056 0
697 0.066 0.056 0
698 0.068 0.056 0
699 0.07000000000000001 0.056 0
700 0.07200000000000001 0.056 0
701 0.074 0.056 0
702 0.076 0.056 0
703 0.052 0.058 0
704 0.054 0.058 0
705 0.056 0.058 0
706 0.058 0.058 0
707 0.06 0.058 0
708 0.062 0.058 0
709 0.064 0.058 0
710 0.066 0.058 0
711 0.068 0.058 0
712 0.07000000000000001 0.058 0
713 0.07200000000000001 0.058 0
714 0.074 0.058 0
715 0.076 0.058 0
716 0.052 0.06 0
717 0.054 0.06 0
718 0.056 0.06 0
719 0.058 0.06 0
720 0.06 0.06 0
721 0.062 0.06 0
722 0.064 0.06 0
723 0.066 0.06 0
724 0.068 0.06 0
725 0.07000000000000001 0.06 0
726 0.07200000000000001 0.06 0
727 0.074 0.06 0
728 0.076 0.06 0
729 0.052 0.062 0
730 0.054 0.062 0
731 0.056 0.062 0
732 0.058 0.062 0
733 0.06 0.062 0
734 0.062 0.062 0
735 0.064 0.062 0
736 0.066 0.062 0
737 0.068 0.062 0
738 0.07000000000000001 0.062 0
739 0.07200000000000001 0.062 0
740 0.074 0.062 0
741 0.076 0.062 0
742 0.052 0.064 0
743 0.054 0.064 0
744 0.056 0.064 0
745 0.058 0.064 0
746 0.06 0.064 0
747 0.062 0.064 0
748 0.064 0.064 0
749 0.066 0.064 0
750 0.068 0.064 0
751 0.07000000000000001 0.064 0
752 0.07200000000000001 0.064 0
753 0.074 0.064 0
754 0.076 0.064 0
755 0.052 0.066 0
756 0.054 0.066 0
757 0.056 0.066 0
758 0.058 0.066 0
759 0.06 0.066 0
760 0.062 0.066 0
761 0.064 0.066 0
762 0.066 0.066 0
763 0.068 0.066 0
764 0.07000000000000001 0.066 0
765 0.07200000000000001 0.066 0
766 0.074 0.066 0
767 0.076 0.066 0
768 0.052 0.068 0
769 0.054 0.068 0
770 0.056 0.068 0
771 0.058 0.068 0
772 0.06 0.068 0
773 0.062 0.068 0
774 0.064 0.068 0
775 0.066 0.068 0
776 0.068 0.068 0
777 0.07000000000000001 0.068 0
778 0.07200000000000001 0.068 0
779 0.074 0.068 0
780 0.076 0.068 0
781 0.052 0.07000000000000001 0
782 0.054 0.07000000000000001 0
783 0.056 0.07000000000000001 0
784 0.058 0.07000000000000001 0
785 0.06 0.07000000000000001 0
786 0.062 0.07000000000000001 0
787 0.064 0.07000000000000001 0
788 0.066 0.07000000000000001 0
789 0.068 0.07000000000000001 0
790 0.07000000000000001 0.07000000000000001 0
791 0.07200000000000001 0.07000000000000001 0
792 0.074 0.07000000000000001 0
793 0.076 0.07000000000000001 0
794 0.052 0.07200000000000001 0
795 0.054 0.07200000000000001 0
796 0.056 0.07200000000000001 0
797 0.058 0.07200000000000001 0
798 0.06 0.07200000000000001 0
799 0.062 0.07200000000000001 0
800 0.064 0.07200000000000001 0
801 0.066 0.07200000000000001 0
802 0.068 0.07200000000000001 0
803 0.07000000000000001 0.07200000000000001 0
804 0.07200000000000001 0.07200000000000001 0
805 0.074 0.07200000000000001 0
806 0.076 0.07200000000000001 0
807 0.052 0.074 0
808 0.054 0.074 0
809 0.056 0.074 0
810 0.058 0.074 0
811 0.06 0.074 0
812 0.062 0.074 0
813 0.064 0.074 0
814 0.066 0.074 0
815 0.068 0.074 0
816 0.07000000000000001 0.074 0
817 0.07200000000000001 0.074 0
818 0.074 0.074 0
819 0.076 0.074 0
820 0.05 0.076 0
821 0.052 0.076 0
822 0.054 0.076 0
823 0.056 0.076 0
824 0.058 0.076 0
825 0.06 0.076 0
826 0.062 0.076 0
827 0.064 0.076 0
828 0.066 0.076 0
829 0.068 0.076 0
830 0.07000000000000001 0.076 0
831 0.07200000000000001 0.076 0
832 0.074 0.076 0
833 0.076 0.076 0
834 0.078 0.076 0
835 0.05 0.078 0
836 0.052 0.078 0
837 0.054 0.078 0
838 0.056 0.078 0
839 0.058 0.078 0
840 0.06 0.078 0
841 0.062 0.078 0
842 0.064 0.078 0
843 0.066 0.078 0
844 0.068 0.078 0
845 0.07000000000000001 0.078 0
846 0.07200000000000001 0.078 0
847 0.074 0.078 0
848 0.076 0.078 0
849 0.078 0.078 0
850 0.05 0.08 0
851 0.052 0.08 0
852 0.054 0.08 0
853 0.056 0.08 0
854 0.058 0.08 0
855 0.06 0.08 0
856 0.062 0.08 0
857 0.064 0.08 0
858 0.066 0.08 0
859 0.068 0.08 0
860 0.07000000000000001 0.08 0
861 0.07200000000000001 0.08 0
862 0.074 0.08 0
863 0.076 0.08 0
864 0.078 0.08 0
865 0.08 0.08 0
866 0.048 0.082 0
867 0.05 0.082 0
868 0.052 0.082 0
869 0.054 0.082 0
870 0.056 0.082 0
871 0.058 0.082 0
872 0.06 0.082 0
873 0.062 0.082 0
874 0.064 0.082 0
875 0.066 0.082 0
876 0.068 0.082 0
877 0.07000000000000001 0.082 0
878 0.07200000000000001 0.082 0
879 0.074 0.082 0
880 0.076 0.082 0
881 0.078 0.082 0
882 0.08 0.082 0
883 0.048 0.08400000000000001 0
884 0.05 0.08400000000000001 0
885 0.052 0.08400000000000001 0
886 0.054 0.08400000000000001 0
887 0.056 0.08400000000000001 0
888 0.058 0.08400000000000001 0
889 0.06 0.08400000000000001 0
890 0.062 0.08400000000000001 0
891 0.064 0.08400000000000001 0
892 0.066 0.08400000000000001 0
893 0.068 0.08400000000000001 0
894 0.07000000000000001 0.08400000000000001 0
895 0.07200000000000001 0.08400000000000001 0
896 0.074 0.08400000000000001 0
897 0.076 0.08400000000000001 0
898 0.078 0.08400000000000001 0
899 0.08 0.08400000000000001 0
900 0.048 0.08600000000000001 0
901 0.05 0.08600000000000001 0
902 0.052 0.08600000000000001 0
903 0.054 0.08600000000000001 0
904 0.056 0.08600000000000001 0
905 0.058 0.08600000000000001 0
906 0.06 0.08600000000000001 0
907 0.062 0.08600000000000001 0
908 0.066 0.08600000000000001 0
909 0.068 0.08600000000000001 0
910 0.07000000000000001 0.08600000000000001 0
911 0.07200000000000001 0.08600000000000001 0
912 0.074 0.08600000000000001 0
913 0.076 0.08600000000000001 0
914 0.078 0.08600000000000001 0
915 0.08 0.08600000000000001 0
916 0.082 0.08600000000000001 0
917 0.046 0.08799999999999999 0
918 0.048 0.08799999999999999 0
919 0.05 0.08799999999999999 0
920 0.052 0.08799999999999999 0
921 0.054 0.08799999999999999 0
922 0.056 0.08799999999999999 0
923 0.058 0.08799999999999999 0
924 0.06 0.08799999999999999 0
925 0.062 0.08799999999999999 0
926 0.066 0.08799999999999999 0
927 0.068 0.08799999999999999 0
928 0.07000000000000001 0.08799999999999999 0
929 0.07200000000000001 0.08799999999999999 0
930 0.074 0.08799999999999999 0
931 0.076 0.08799999999999999 0
932 0.078 0.08799999999999999 0
933 0.08 0.08799999999999999 0
934 0.082 0.08799999999999999 0
935 0.046 0.09 0
936 0.048 0.09 0
937 0.05 0.09 0
938 0.052 0.09 0
939 0.054 0.09 0
940 0.056 0.09 0
941 0.058 0.09 0
942 0.06 0.09 0
943 0.062 0.09 0
944 0.068 0.09 0
945 0.07000000000000001 0.09 0
946 0.07200000000000001 0.09 0
947 0.074 0.09 0
948 0.076 0.09 0
949 0.078 0.09 0
950 0.08 0.09 0
951 0.082 0.09 0
952 0.08400000000000001 0.09 0
953 0.044 0.092 0
954 0.046 0.092 0
955 0.048 0.092 0
956 0.05 0.092 0
957 0.052 0.092 0
958 0.054 0.092 0
959 0.056 0.092 0
960 0.058 0.092 0
961 0.06 0.092 0
962 0.068 0.092 0
963 0.07000000000000001 0.092 0
964 0.07200000000000001 0.092 0
965 0.074 0.092 0
966 0.076 0.092 0
967 0.078 0.092 0
968 0.08 0.092 0
969 0.082 0.092 0
970 0.08400000000000001 0.092 0
971 0.044 0.094 0
972 0.046 0.094 0
973 0.048 0.094 0
974 0.05 0.094 0
975 0.052 0.094 0
976 0.054 0.094 0
977 0.056 0.094 0
978 0.058 0.094 0
979 0.06 0.094 0
980 0.07000000000000001 0.094 0
981 0.07200000000000001 0.094 0
982 0.074 0.094 0
983 0.076 0.094 0
984 0.078 0.094 0
985 0.08 0.094 0
986 0.082 0.094 0
987 0.08400000000000001 0.094 0
988 0.08600000000000001 0.094 0
989 0 0.096 0
990 0.002 0.096 0
991 0.004 0.096 0
992 0.006 0.096 0
993 0.008 0.096 0
994 0.01 0.096 0
995 0.012 0.096 0
996 0.014 0.096 0
997 0.016 0.096 0
998 0.018 0.096 0
999 0.02 0.096 0
1000 0.022 0.096 0
1001 0.024 0.096 0
1002 0.026 0.096 0
1003 0.028 0.096 0
1004 0.03 0.096 0
1005 0.032 0.096 0
1006 0.034 0.096 0
1007 0.036 0.096 0
1008 0.038 0.096 0
1009 0.04 0.096 0
1010 0.042 0.096 0
1011 0.044 0.096 0
1012 0.046 0.096 0
1013 0.048 0.096 0
1014 0.05 0.096 0
1015 0.052 0.096 0
1016 0.054 0.096 0
1017 0.056 0.096 0
1018 0.058 0.096 0
1019 0.07000000000000001 0.096 0
1020 0.07200000000000001 0.096 0
1021 0.074 0.096 0
1022 0.076 0.096 0
1023 0.078 0.096 0
1024 0.08 0.096 0
1025 0.082 0.096 0
1026 0.08400000000000001 0.096 0
1027 0.08600000000000001 0.096 0
1028 0.08799999999999999 0.096 0
1029 0.09 0.096 0
1030 0.092 0.096 0
1031 0.094 0.096 0
1032 0.096 0.096 0
1033 0.098 0.096 0
1034 0.1 0.096 0
1035 0.102 0.096 0
1036 0.104 0.096 0
1037 0.106 0.096 0
1038 0.108 0.096 0
1039 0.11 0.096 0
1040 0.112 0.096 0
1041 0.114 0.096 0
1042 0.116 0.096 0
1043 0.118 0.096 0
1044 0.12 0.096 0
1045 0.122 0.096 0
1046 0.124 0.096 0
1047 0.126 0.096 0
1048 0.128 0.096 0
1049 0 0.098 0
1050 0.002 0.098 0
1051 0.004 0.098 0
1052 0.006 0.098 0
1053 0.008 0.098 0
1054 0.01 0.098 0
1055 0.012 0.098 0
1056 0.014 0.098 0
1057 0.016 0.098 0
1058 0.018 0.098 0
1059 0.02 0.098 0
1060 0.022 0.098 0
1061 0.024 0.098 0
1062 0.026 0.098 0
1063 0.028 0.098 0
1064 0.03 0.098 0
1065 0.032 0.098 0
1066 0.034 0.098 0
1067 0.036 0.098 0
1068 0.038 0.098 0
1069 0.04 0.098 0
1070 0.042 0.098 0
1071 0.044 0.098 0
1072 0.046 0.098 0
1073 0.048 0.098 0
1074 0.05 0.098 0
1075 0.052 0.098 0
1076 0.054 0.098 0
1077 0.056 0.098 0
1078 0.058 0.098 0
1079 0.07200000000000001 0.098 0
1080 0.074 0.098 0
1081 0.076 0.098 0
1082 0.078 0.098 0
1083 0.08 0.098 0
1084 0.082 0.098 0
1085 0.08400000000000001 0.098 0
1086 0.08600000000000001 0.098 0
1087 0.08799999999999999 0.098 0
1088 0.09 0.098 0
1089 0.092 0.098 0
1090 0.094 0.098 0
1091 0.096 0.098 0
1092 0.098 0.098 0
1093 0.1 0.098 0
1094 0.102 0.098 0
1095 0.104 0.098 0
1096 0.106 0.098 0
1097 0.108 0.098 0
1098 0.11 0.098 0
1099 0.112 0.098 0
1100 0.114 0.098 0
1101 0.116 0.098 0
1102 0.118 0.098 0
1103 0.12 0.098 0
1104 0.122 0.098 0
1105 0.124 0.098 0
1106 0.126 0.098 0
1107 0.128 0.098 0
1108 0 0.1 0
1109 0.002 0.1 0
1110 0.004 0.1 0
1111 0.006 0.1 0
1112 0.008 0.1 0
1113 0.01 0.1 0
1114 0.012 0.1 0
1115 0.014 0.1 0
1116 0.016 0.1 0
1117 0.018 0.1 0
1118 0.02 0.1 0
1119 0.022 0.1 0
1120 0.024 0.1 0
1121 0.026 0.1 0
1122 0.028 0.1 0
1123 0.03 0.1 0
1124 0.032 0.1 0
1125 0.034 0.1 0
1126 0.036 0.1 0
1127 0.038 0.1 0
1128 0.04 0.1 0
1129 0.042 0.1 0
1130 0.044 0.1 0
1131 0.046 0.1 0
1132 0.048 0.1 0
1133 0.05 0.1 0
1134 0.052 0.1 0
1135 0.054 0.1 0
1136 0.056 0.1 0
1137 0.058 0.1 0
1138 0.07200000000000001 0.1 0
1139 0.074 0.1 0
1140 0.076 0.1 0
1141 0.078 0.1 0
1142 0.08 0.1 0
1143 0.082 0.1 0
1144 0.08400000000000001 0.1 0
1145 0.08600000000000001 0.1 0
1146 0.08799999999999999 0.1 0
1147 0.09 0.1 0
1148 0.092 0.1 0
1149 0.094 0.1 0
1150 0.096 0.1 0
1151 0.098 0.1 0
1152 0.1 0.1 0
1153 0.102 0.1 0
1154 0.104 0.1 0
1155 0.106 0.1 0
1156 0.108 0.1 0
1157 0.11 0.1 0
1158 0.112 0.1 0
1159 0.114 0.1 0
1160 0.116 0.1 0
1161 0.118 0.1 0
1162 0.12 0.1 0
1163 0.122 0.1 0
1164 0.124 0.1 0
1165 0.126 0.1 0
1166 0.128 0.1 0
1167 0 0.102 0
1168 0.002 0.102 0
1169 0.004 0.102 0
1170 0.006 0.102 0
1171 0.008 0.102 0
1172 0.01 0.102 0
1173 0.012 0.102 0
1174 0.014 0.102 0
1175 0.016 0.102 0
1176 0.018 0.102 0
1177 0.02 0.102 0
1178 0.022 0.102 0
1179 0.024 0.102 0
1180 0.026 0.102 0
1181 0.028 0.102 0
1182 0.03 0.102 0
1183 0.032 0.102 0
1184 0.034 0.102 0
1185 0.036 0.102 0
1186 0.038 0.102 0
1187 0.04 0.102 0
1188 0.042 0.102 0
1189 0.044 0.102 0
1190 0.046 0.102 0
1191 0.048 0.102 0
1192 0.05 0.102 0
1193 0.052 0.102 0
1194 0.054 0.102 0
1195 0.056 0.102 0
1196 0.07200000000000001 0.102 0
1197 0.074 0.102 0
1198 0.076 0.102 0
1199 0.078 0.102 0
1200 0.08 0.102 0
1201 0.082 0.102 0
1202 0.08400000000000001 0.102 0
1203 0.08600000000000001 0.102 0
1204 0.08799999999999999 0.102 0
1205 0.09 0.102 0
1206 0.092 0.102 0
1207 0.094 0.102 0
1208 0.096 0.102 0
1209 0.098 0.102 0
1210 0.1 0.102 0
1211 0.102 0.102 0
1212 0.104 0.102 0
1213 0.106 0.102 0
1214 0.108 0.102 0
1215 0.11 0.102 0
1216 0.112 0.102 0
1217 0.114 0.102 0
1218 0.116 0.102 0
1219 0.118 0.102 0
1220 0.12 0.102 0
1221 0.122 0.102 0
1222 0.124 0.102 0
1223 0.126 0.102 0
1224 0.128 0.102 0
1225 0 0.104 0
1226 0.002 0.104 0
1227 0.004 0.104 0
1228 0.006 0.104 0
1229 0.008 0.104 0
1230 0.01 0.104 0
1231 0.012 0.104 0
1232 0.014 0.104 0
1233 0.016 0.104 0
1234 0.018 0.104 0
1235 0.02 0.104 0
1236 0.022 0.104 0
1237 0.024 0.104 0
1238 0.026 0.104 0
1239 0.028 0.104 0
1240 0.03 0.104 0
1241 0.032 0.104 0
1242 0.034 0.104 0
1243 0.036 0.104 0
1244 0.038 0.104 0
1245 0.04 0.104 0
1246 0.042 0.104 0
1247 0.044 0.104 0
1248 0.046 0.104 0
1249 0.048 0.104 0
1250 0.05 0.104 0
1251 0.052 0.104 0
1252 0.054 0.104 0
1253 0.056 0.104 0
1254 0.074 0.104 0
1255 0.076 0.104 0
1256 0.078 0.104 0
1257 0.08 0.104 0
1258 0.082 0.104 0
1259 0.08400000000000001 0.104 0
1260 0.08600000000000001 0.104 0
1261 0.08799999999999999 0.104 0
1262 0.09 0.104 0
1263 0.092 0.104 0
1264 0.094 0.104 0
1265 0.096 0.104 0
1266 0.098 0.104 0
1267 0.1 0.104 0
1268 0.102 0.104 0
1269 0.104 0.104 0
1270 0.106 0.104 0
1271 0.108 0.104 0
1272 0.11 0.104 0
1273 0.112 0.104 0
1274 0.114 0.104 0
1275 0.116 0.104 0
1276 0.118 0.104 0
1277 0.12 0.104 0
1278 0.122 0.104 0
1279 0.124 0.104 0
1280 0.126 0.104 0
1281 0.128 0.104 0
1282 0 0.106 0
1283 0.002 0.106 0
1284 0.004 0.106 0
1285 0.006 0.106 0
1286 0.008 0.106 0
1287 0.01 0.106 0
1288 0.012 0.106 0
1289 0.014 0.106 0
1290 0.016 0.106 0
1291 0.018 0.106 0
1292 0.02 0.106 0
1293 0.022 0.106 0
1294 0.024 0.106 0
1295 0.026 0.106 0
1296 0.028 0.106 0
1297 0.03 0.106 0
1298 0.032 0.106 0
1299 0.034 0.106 0
1300 0.036 0.106 0
1301 0.038 0.106 0
1302 0.04 0.106 0
1303 0.042 0.106 0
1304 0.044 0.106 0
1305 0.046 0.106 0
1306 0.048 0.106 0
1307 0.05 0.106 0
1308 0.052 0.106 0
1309 0.054 0.106 0
1310 0.056 0.106 0
1311 0.074 0.106 0
1312 0.076 0.106 0
1313 0.078 0.106 0
1314 0.08 0.106 0
1315 0.082 0.106 0
1316 0.08400000000000001 0.106 0
1317 0.08600000000000001 0.106 0
1318 0.08799999999999999 0.106 0
1319 0.09 0.106 0
1320 0.092 0.106 0
1321 0.094 0.106 0
1322 0.096 0.106 0
1323 0.098 0.106 0
1324 0.1 0.106 0
1325 0.102 0.106 0
1326 0.104 0.106 0
1327 0.106 0.106 0
1328 0.108 0.106 0
1329 0.11 0.106 0
1330 0.112 0.106 0
1331 0.114 0.106 0
1332 0.116 0.106 0
1333 0.118 0.106 0
1334 0.12 0.106 0
1335 0.122 0.106 0
1336 0.124 0.106 0
1337 0.126 0.106 0
1338 0.128 0.106 0
1339 0 0.108 0
1340 0.002 0.108 0
1341 0.004 0.108 0
1342 0.006 0.108 0
1343 0.008 0.108 0
1344 0.01 0.108 0
1345 0.012 0.108 0
1346 0.014 0.108 0
1347 0.016 0.108 0
1348 0.018 0.108 0
1349 0.02 0.108 0
1350 0.022 0.108 0
1351 0.024 0.108 0
1352 0.026 0.108 0
1353 0.028 0.108 0
1354 0.03 0.108 0
1355 0.032 0.108 0
1356 0.034 0.108 0
1357 0.036 0.108 0
1358 0.038 0.108 0
1359 0.04 0.108 0
1360 0.042 0.108 0
1361 0.044 0.108 0
1362 0.046 0.108 0
1363 0.048 0.108 0
1364 0.05 0.108 0
1365 0.052 0.108 0
1366 0.054 0.108 0
1367 0.076 0.108 0
1368 0.078 0.108 0
1369 0.08 0.108 0
1370 0.082 0.108 0
1371 0.08400000000000001 0.108 0
1372 0.08600000000000001 0.108 0
1373 0.08799999999999999 0.108 0
1374 0.09 0.108 0
1375 0.092 0.108 0
1376 0.094 0.108 0
1377 0.096 0.108 0
1378 0.098 0.108 0
1379 0.1 0.108 0
1380 0.102 0.108 0
1381 0.104 0.108 0
1382 0.106 0.108 0
1383 0.108 0.108 0
1384 0.11 0.108 0
1385 0.112 0.108 0
1386 0.114 0.108 0
1387 0.116 0.108 0
1388 0.118 0.108 0
1389 0.12 0.108 0
1390 0.122 0.108 0
1391 0.124 0.108 0
1392 0.126 0.108 0
1393 0.128 0.108 0
1394 0 0.11 0
1395 0.002 0.11 0
1396 0.004 0.11 0
1397 0.006 0.11 0
1398 0.008 0.11 0
1399 0.01 0.11 0
1400 0.012 0.11 0
1401 0.014 0.11 0
1402 0.016 0.11 0
1403 0.018 0.11 0
1404 0.02 0.11 0
1405 0.022 0.11 0
1406 0.024 0.11 0
1407 0.026 0.11 0
1408 0.028 0.11 0
1409 0.03 0.11 0
1410 0.032 0.11 0
1411 0.034 0.11 0
1412 0.036 0.11 0
1413 0.038 0.11 0
1414 0.04 0.11 0
1415 0.042 0.11 0
1416 0.044 0.11 0
1417 0.046 0.11 0
1418 0.048 0.11 0
1419 0.05 0.11 0
1420 0.052 0.11 0
1421 0.078 0.11 0
1422 0.08 0.11 0
1423 0.082 0.11 0
1424 0.08400000000000001 0.11 0
1425 0.08600000000000001 0.11 0
1426 0.08799999999999999 0.11 0
1427 0.09 0.11 0
1428 0.092 0.11 0
1429 0.094 0.11 0
1430 0.096 0.11 0
1431 0.098 0.11 0
1432 0.1 0.11 0
1433 0.102 0.11 0
1434 0.104 0.11 0
1435 0.106 0.11 0
1436 0.108 0.11 0
1437 0.11 0.11 0
1438 0.112 0.11 0
1439 0.114 0.11 0
1440 0.116 0.11 0
1441 0.118 0.11 0
1442 0.12 0.11 0
1443 0.122 0.11 0
1444 0.124 0.11 0
1445 0.126 0.11 0
1446 0.128 0.11 0
$EndNodes
$Elements
2890
1 1 2 3 3 1 2
2 1 2 1 1 1 50
3 1 2 3 3 2 3
4 1 2 3 3 3 4
5 1 2 3 3 4 5
6 1 2 3 3 5 6
7 1 2 3 3 6 7
8 1 2 3 3 7 8
9 1 2 3 3 8 9
10 1 2 3 3 9 10
11 1 2 3 3 10 11
12 1 2 3 3 11 12
13 1 2 3 3 12 13
14 1 2 3 3 13 14
15 1 2 3 3 14 15
16 1 2 3 3 15 16
17 1 2 3 3 16 17
18 1 2 3 3 17 18
19 1 2 3 3 18 19
20 1 2 3 3 19 20
21 1 2 3 3 20 21
22 1 2 3 3 21 22
23 1 2 3 3 22 23
24 1 2 3 3 23 24
25 1 2 3 3 24 25
26 1 2 3 3 25 74
27 1 2 3 3 26 27
28 1 2 3 3 26 79
29 1 2 3 3 27 28
30 1 2 3 3 28 29
31 1 2 3 3 29 30
32 1 2 3 3 30 31
33 1 2 3 3 31 32
34 1 2 3 3 32 33
35 1 2 3 3 33 34
36 1 2 3 3 34 35
37 1 2 3 3 35 36
38 1 2 3 3 36 37
39 1 2 3 3 37 38
40 1 2 3 3 38 39
41 1 2 3 3 39 40
42 1 2 3 3 40 41
43 1 2 3 3 41 42
44 1 2 3 3 42 43
45 1 2 3 3 43 44
46 1 2 3 3 44 45
47 1 2 3 3 45 46
48 1 2 3 3 46 47
49 1 2 3 3 47 48
50 1 2 3 3 48 49
51 1 2 2 2 49 102
52 1 2 1 1 50 103
53 1 2 3 3 74 75
54 1 2 3 3 75 76
55 1 2 3 3 76 129
56 1 2 3 3 77 78
57 1 2 3 3 77 132
58 1 2 3 3 78 79
59 1 2 2 2 102 157
60 1 2 1 1 103 158
61 1 2 3 3 129 130
62 1 2 3 3 130 185
63 1 2 3 3 131 132
64 1 2 3 3 131 188
65 1 2 2 2 157 214
66 1 2 1 1 158 215
67 1 2 3 3 185 186
68 1 2 3 3 186 243
69 1 2 3 3 187 188
70 1 2 3 3 187 244
71 1 2 2 2 214 271
72 1 2 1 1 215 272
73 1 2 3 3 243 300
74 1 2 3 3 244 302
75 1 2 2 2 271 329
76 1 2 1 1 272 330
77 1 2 3 3 300 358
78 1 2 3 3 301 302
79 1 2 3 3 301 360
80 1 2 2 2 329 388
81 1 2 1 1 330 389
82 1 2 3 3 358 359
83 1 2 3 3 359 418
84 1 2 3 3 360 419
85 1 2 2 2 388 447
86 1 2 3 3 448 449
87 1 2 1 1 389 448
88 1 2 3 3 449 450
89 1 2 3 3 450 451
90 1 2 3 3 451 452
91 1 2 3 3 452 453
92 1 2 3 3 453 454
93 1 2 3 3 454 455
94 1 2 3 3 455 456
95 1 2 3 3 456 457
96 1 2 3 3 457 458
97 1 2 3 3 458 459
98 1 2 3 3 459 460
99 1 2 3 3 460 461
100 1 2 3 3 461 462
101 1 2 3 3 462 463
102 1 2 3 3 463 464
103 1 2 3 3 464 465
104 1 2 3 3 465 466
105 1 2 3 3 466 467
106 1 2 3 3 467 468
107 1 2 3 3 468 469
108 1 2 3 3 469 470
109 1 2 3 3 418 477
110 1 2 3 3 419 479
111 1 2 3 3 486 487
112 1 2 3 3 487 488
113 1 2 3 3 488 489
114 1 2 3 3 489 490
115 1 2 3 3 490 491
116 1 2 3 3 491 492
117 1 2 3 3 492 493
118 1 2 3 3 493 494
119 1 2 3 3 494 495
120 1 2 3 3 495 496
121 1 2 3 3 496 497
122 1 2 3 3 497 498
123 1 2 3 3 498 499
124 1 2 3 3 499 500
125 1 2 3 3 500 501
126 1 2 3 3 501 502
127 1 2 3 3 502 503
128 1 2 3 3 503 504
129 1 2 3 3 504 505
130 1 2 3 3 505 506
131 1 2 2 2 447 507
132 1 2 3 3 506 507
133 1 2 3 3 470 508
134 1 2 3 3 477 515
135 1 2 3 3 478 479
136 1 2 3 3 478 517
137 1 2 3 3 486 525
138 1 2 3 3 524 525
139 1 2 3 3 526 527
140 1 2 3 3 508 526
141 1 2 3 3 515 516
142 1 2 3 3 516 534
143 1 2 3 3 517 536
144 1 2 3 3 524 543
145 1 2 3 3 527 544
146 1 2 3 3 534 551
147 1 2 3 3 535 536
148 1 2 3 3 535 553
149 1 2 3 3 543 561
150 1 2 3 3 560 561
151 1 2 3 3 562 563
152 1 2 3 3 544 562
153 1 2 3 3 551 552
154 1 2 3 3 552 570
155 1 2 3 3 553 572
156 1 2 3 3 560 579
157 1 2 3 3 563 580
158 1 2 3 3 570 587
159 1 2 3 3 571 572
160 1 2 3 3 571 588
161 1 2 3 3 579 596
162 1 2 3 3 595 596
163 1 2 3 3 580 597
164 1 2 3 3 587 604
165 1 2 3 3 588 606
166 1 2 3 3 595 613
167 1 2 3 3 614 615
168 1 2 3 3 597 614
169 1 2 3 3 604 605
170 1 2 3 3 605 606
171 1 2 3 3 613 630
172 1 2 3 3 615 631
173 1 2 3 3 630 646
174 1 2 3 3 645 646
175 1 2 3 3 631 647
176 1 2 3 3 645 661
177 1 2 3 3 662 663
178 1 2 3 3 647 662
179 1 2 3 3 661 676
180 1 2 3 3 675 676
181 1 2 3 3 663 677
182 1 2 3 3 675 689
183 1 2 3 3 677 690
184 1 2 3 3 689 702
185 1 2 3 3 690 703
186 1 2 3 3 702 715
187 1 2 3 3 703 716
188 1 2 3 3 715 728
189 1 2 3 3 716 729
190 1 2 3 3 728 741
191 1 2 3 3 729 742
192 1 2 3 3 741 754
193 1 2 3 3 742 755
194 1 2 3 3 754 767
195 1 2 3 3 755 768
196 1 2 3 3 767 780
197 1 2 3 3 768 781
198 1 2 3 3 780 793
199 1 2 3 3 781 794
200 1 2 3 3 793 806
201 1 2 3 3 794 807
202 1 2 3 3 806 819
203 1 2 3 3 807 821
204 1 2 3 3 819 833
205 1 2 3 3 820 821
206 1 2 3 3 820 835
207 1 2 3 3 833 834
208 1 2 3 3 834 849
209 1 2 3 3 835 850
210 1 2 3 3 849 864
211 1 2 3 3 850 867
212 1 2 3 3 864 865
213 1 2 3 3 865 882
214 1 2 3 3 866 867
215 1 2 3 3 866 883
216 1 2 3 3 890 891
217 1 2 3 3 891 892
218 1 2 3 3 882 899
219 1 2 3 3 883 900
220 1 2 3 3 890 907
221 1 2 3 3 892 908
222 1 2 3 3 899 915
223 1 2 3 3 900 918
224 1 2 3 3 907 925
225 1 2 3 3 926 927
226 1 2 3 3 908 926
227 1 2 3 3 915 916
228 1 2 3 3 916 934
229 1 2 3 3 917 918
230 1 2 3 3 917 935
231 1 2 3 3 925 943
232 1 2 3 3 942 943
233 1 2 3 3 927 944
234 1 2 3 3 934 951
235 1 2 3 3 935 954
236 1 2 3 3 942 961
237 1 2 3 3 962 963
238 1 2 3 3 944 962
239 1 2 3 3 951 952
240 1 2 3 3 952 970
241 1 2 3 3 953 954
242 1 2 3 3 953 971
243 1 2 3 3 961 979
244 1 2 3 3 978 979
245 1 2 3 3 963 980
246 1 2 3 3 970 987
247 1 2 3 3 971 1011
248 1 2 3 3 978 1018
249 1 2 3 3 1019 1020
250 1 2 3 3 980 1019
251 1 2 3 3 987 988
252 1 2 3 3 988 1027
253 1 2 3 3 989 990
254 1 2 1 1 989 1049
255 1 2 3 3 990 991
256 1 2 3 3 991 992
257 1 2 3 3 992 993
258 1 2 3 3 993 994
259 1 2 3 3 994 995
260 1 2 3 3 995 996
261 1 2 3 3 996 997
262 1 2 3 3 997 998
263 1 2 3 3 998 999
264 1 2 3 3 999 1000
265 1 2 3 3 1000 1001
266 1 2 3 3 1001 1002
267 1 2 3 3 1002 1003
268 1 2 3 3 1003 1004
269 1 2 3 3 1004 1005
270 1 2 3 3 1005 1006
271 1 2 3 3 1006 1007
272 1 2 3 3 1007 1008
273 1 2 3 3 1008 1009
274 1 2 3 3 1009 1010
275 1 2 3 3 1010 1011
276 1 2 3 3 1018 1078
277 1 2 3 3 1020 1079
278 1 2 3 3 1027 1028
279 1 2 3 3 1028 1029
280 1 2 3 3 1029 1030
281 1 2 3 3 1030 1031
282 1 2 3 3 1031 1032
283 1 2 3 3 1032 1033
284 1 2 3 3 1033 1034
285 1 2 3 3 1034 1035
286 1 2 3 3 1035 1036
287 1 2 3 3 1036 1037
288 1 2 3 3 1037 1038
289 1 2 3 3 1038 1039
290 1 2 3 3 1039 1040
291 1 2 3 3 1040 1041
292 1 2 3 3 1041 1042
293 1 2 3 3 1042 1043
294 1 2 3 3 1043 1044
295 1 2 3 3 1044 1045
296 1 2 3 3 1045 1046
297 1 2 3 3 1046 1047
298 1 2 3 3 1047 1048
299 1 2 2 2 1048 1107
300 1 2 1 1 1049 1108
301 1 2 3 3 1078 1137
302 1 2 3 3 1136 1137
303 1 2 3 3 1079 1138
304 1 2 2 2 1107 1166
305 1 2 1 1 1108 1167
306 1 2 3 3 1136 1195
307 1 2 3 3 1196 1197
308 1 2 3 3 1138 1196
309 1 2 2 2 1166 1224
310 1 2 1 1 1167 1225
311 1 2 3 3 1195 1253
312 1 2 3 3 1197 1254
313 1 2 2 2 1224 1281
314 1 2 1 1 1225 1282
315 1 2 3 3 1253 1310
316 1 2 3 3 1309 1310
317 1 2 3 3 1311 1312
318 1 2 3 3 1254 1311
319 1 2 2 2 1281 1338
320 1 2 1 1 1282 1339
321 1 2 3 3 1309 1366
322 1 2 3 3 1365 1366
323 1 2 3 3 1367 1368
324 1 2 3 3 1312 1367
325 1 2 2 2 1338 1393
326 1 2 3 3 1394 1395
327 1 2 1 1 1339 1394
328 1 2 3 3 1395 1396
329 1 2 3 3 1396 1397
330 1 2 3 3 1397 1398
331 1 2 3 3 1398 1399
332 1 2 3 3 1399 1400
333 1 2 3 3 1400 1401
334 1 2 3 3 1401 1402
335 1 2 3 3 1402 1403
336 1 2 3 3 1403 1404
337 1 2 3 3 1404 1405
338 1 2 3 3 1405 1406
339 1 2 3 3 1406 1407
340 1 2 3 3 1407 1408
341 1 2 3 3 1408 1409
342 1 2 3 3 1409 1410
343 1 2 3 3 1410 1411
344 1 2 3 3 1411 1412
345 1 2 3 3 1412 1413
346 1 2 3 3 1413 1414
347 1 2 3 3 1414 1415
348 1 2 3 3 1415 1416
349 1 2 3 3 1416 1417
350 1 2 3 3 1417 1418
351 1 2 3 3 1418 1419
352 1 2 3 3 1365 1420
353 1 2 3 3 1419 1420
354 1 2 3 3 1421 1422
355 1 2 3 3 1368 1421
356 1 2 3 3 1422 1423
357 1 2 3 3 1423 1424
358 1 2 3 3 1424 1425
359 1 2 3 3 1425 1426
360 1 2 3 3 1426 1427
361 1 2 3 3 1427 1428
362 1 2 3 3 1428 1429
363 1 2 3 3 1429 1430
364 1 2 3 3 1430 1431
365 1 2 3 3 1431 1432
366 1 2 3 3 1432 1433
367 1 2 3 3 1433 1434
368 1 2 3 3 1434 1435
369 1 2 3 3 1435 1436
370 1 2 3 3 1436 1437
371 1 2 3 3 1437 1438
372 1 2 3 3 1438 1439
373 1 2 3 3 1439 1440
374 1 2 3 3 1440 1441
375 1 2 3 3 1441 1442
376 1 2 3 3 1442 1443
377 1 2 3 3 1443 1444
378 1 2 3 3 1444 1445
379 1 2 2 2 1393 1446
380 1 2 3 3 1445 1446
381 2 2 10 10 1 2 51
382 2 2 10 10 1 51 50
383 2 2 10 10 2 3 52
384 2 2 10 10 2 52 51
385 2 2 10 10 3 4 53
386 2 2 10 10 3 53 52
387 2 2 10 10 4 5 54
388 2 2 10 10 4 54 53
389 2 2 10 10 5 6 55
390 2 2 10 10 5 55 54
391 2 2 10 10 6 7 56
392 2 2 10 10 6 56 55
393 2 2 10 10 7 8 57
394 2 2 10 10 7 57 56
395 2 2 10 10 8 9 58
396 2 2 10 10 8 58 57
397 2 2 10 10 9 10 59
398 2 2 10 10 9 59 58
399 2 2 10 10 10 11 60
400 2 2 10 10 10 60 59
401 2 2 10 10 11 12 61
402 2 2 10 10 11 61 60
403 2 2 10 10 12 13 62
404 2 2 10 10 12 62 61
405 2 2 10 10 13 14 63
406 2 2 10 10 13 63 62
407 2 2 10 10 14 15 64
408 2 2 10 10 14 64 63
409 2 2 10 10 15 16 65
410 2 2 10 10 15 65 64
411 2 2 10 10 16 17 66
412 2 2 10 10 16 66 65
413 2 2 10 10 17 18 67
414 2 2 10 10 17 67 66
415 2 2 10 10 18 19 68
416 2 2 10 10 18 68 67
417 2 2 10 10 19 20 69
418 2 2 10 10 19 69 68
419 2 2 10 10 20 21 70
420 2 2 10 10 20 70 69
421 2 2 10 10 21 22 71
422 2 2 10 10 21 71 70
423 2 2 10 10 22 23 72
424 2 2 10 10 22 72 71
425 2 2 10 10 23 24 73
426 2 2 10 10 23 73 72
427 2 2 10 10 24 25 74
428 2 2 10 10 24 74 73
429 2 2 10 10 26 27 80
430 2 2 10 10 26 80 79
431 2 2 10 10 27 28 81
432 2 2 10 10 27 81 80
433 2 2 10 10 28 29 82
434 2 2 10 10 28 82 81
435 2 2 10 10 29 30 83
436 2 2 10 10 29 83 82
437 2 2 10 10 30 31 84
438 2 2 10 10 30 84 83
439 2 2 10 10 31 32 85
440 2 2 10 10 31 85 84
441 2 2 10 10 32 33 86
442 2 2 10 10 32 86 85
443 2 2 10 10 33 34 87
444 2 2 10 10 33 87 86
445 2 2 10 10 34 35 88
446 2 2 10 10 34 88 87
447 2 2 10 10 35 36 89
448 2 2 10 10 35 89 88
449 2 2 10 10 36 37 90
450 2 2 10 10 36 90 89
451 2 2 10 10 37 38 91
452 2 2 10 10 37 91 90
453 2 2 10 10 38 39 92
454 2 2 10 10 38 92 91
455 2 2 10 10 39 40 93
456 2 2 10 10 39 93 92
457 2 2 10 10 40 41 94
458 2 2 10 10 40 94 93
459 2 2 10 10 41 42 95
460 2 2 10 10 41 95 94
461 2 2 10 10 42 43 96
462 2 2 10 10 42 96 95
463 2 2 10 10 43 44 97
464 2 2 10 10 43 97 96
465 2 2 10 10 44 45 98
466 2 2 10 10 44 98 97
467 2 2 10 10 45 46 99
468 2 2 10 10 45 99 98
469 2 2 10 10 46 47 100
470 2 2 10 10 46 100 99
471 2 2 10 10 47 48 101
472 2 2 10 10 47 101 100
473 2 2 10 10 48 49 102
474 2 2 10 10 48 102 101
475 2 2 10 10 50 51 104
476 2 2 10 10 50 104 103
477 2 2 10 10 51 52 105
478 2 2 10 10 51 105 104
479 2 2 10 10 52 53 106
480 2 2 10 10 52 106 105
481 2 2 10 10 53 54 107
482 2 2 10 10 53 107 106
483 2 2 10 10 54 55 108
484 2 2 10 10 54 108 107
485 2 2 10 10 55 56 109
486 2 2 10 10 55 109 108
487 2 2 10 10 56 57 110
488 2 2 10 10 56 110 109
489 2 2 10 10 57 58 111
490 2 2 10 10 57 111 110
491 2 2 10 10 58 59 112
492 2 2 10 10 58 112 111
493 2 2 10 10 59 60 113
494 2 2 10 10 59 113 112
495 2 2 10 10 60 61 114
496 2 2 10 10 60 114 113
497 2 2 10 10 61 62 115
498 2 2 10 10 61 115 114
499 2 2 10 10 62 63 116
500 2 2 10 10 62 116 115
501 2 2 10 10 63 64 117
502 2 2 10 10 63 117 116
503 2 2 10 10 64 65 118
504 2 2 10 10 64 118 117
505 2 2 10 10 65 66 119
506 2 2 10 10 65 119 118
507 2 2 10 10 66 67 120
508 2 2 10 10 66 120 119
509 2 2 10 10 67 68 121
510 2 2 10 10 67 121 120
511 2 2 10 10 68 69 122
512 2 2 10 10 68 122 121
513 2 2 10 10 69 70 123
514 2 2 10 10 69 123 122
515 2 2 10 10 70 71 124
516 2 2 10 10 70 124 123
517 2 2 10 10 71 72 125
518 2 2 10 10 71 125 124
519 2 2 10 10 72 73 126
520 2 2 10 10 72 126 125
521 2 2 10 10 73 74 127
522 2 2 10 10 73 127 126
523 2 2 10 10 74 75 128
524 2 2 10 10 74 128 127
525 2 2 10 10 75 76 129
526 2 2 10 10 75 129 128
527 2 2 10 10 77 78 133
528 2 2 10 10 77 133 132
529 2 2 10 10 78 79 134
530 2 2 10 10 78 134 133
531 2 2 10 10 79 80 135
532 2 2 10 10 79 135 134
533 2 2 10 10 80 81 136
534 2 2 10 10 80 136 135
535 2 2 10 10 81 82 137
536 2 2 10 10 81 137 136
537 2 2 10 10 82 83 138
538 2 2 10 10 82 138 137
539 2 2 10 10 83 84 139
540 2 2 10 10 83 139 138
541 2 2 10 10 84 85 140
542 2 2 10 10 84 140 139
543 2 2 10 10 85 86 141
544 2 2 10 10 85 141 140
545 2 2 10 10 86 87 142
546 2 2 10 10 86 142 141
547 2 2 10 10 87 88 143
548 2 2 10 10 87 143 142
549 2 2 10 10 88 89 144
550 2 2 10 10 88 144 143
551 2 2 10 10 89 90 145
552 2 2 10 10 89 145 144
553 2 2 10 10 90 91 146
554 2 2 10 10 90 146 145
555 2 2 10 10 91 92 147
556 2 2 10 10 91 147 146
557 2 2 10 10 92 93 148
558 2 2 10 10 92 148 147
559 2 2 10 10 93 94 149
560 2 2 10 10 93 149 148
561 2 2 10 10 94 95 150
562 2 2 10 10 94 150 149
563 2 2 10 10 95 96 151
564 2 2 10 10 95 151 150
565 2 2 10 10 96 97 152
566 2 2 10 10 96 152 151
567 2 2 10 10 97 98 153
568 2 2 10 10 97 153 152
569 2 2 10 10 98 99 154
570 2 2 10 10 98 154 153
571 2 2 10 10 99 100 155
572 2 2 10 10 99 155 154
573 2 2 10 10 100 101 156
574 2 2 10 10 100 156 155
575 2 2 10 10 101 102 157
576 2 2 10 10 101 157 156
577 2 2 10 10 103 104 159
578 2 2 10 10 103 159 158
579 2 2 10 10 104 105 160
580 2 2 10 10 104 160 159
581 2 2 10 10 105 106 161
582 2 2 10 10 105 161 160
583 2 2 10 10 106 107 162
584 2 2 10 10 106 162 161
585 2 2 10 10 107 108 163
586 2 2 10 10 107 163 162
587 2 2 10 10 108 109 164
588 2 2 10 10 108 164 163
589 2 2 10 10 109 110 165
590 2 2 10 10 109 165 164
591 2 2 10 10 110 111 166
592 2 2 10 10 110 166 165
593 2 2 10 10 111 112 167
594 2 2 10 10 111 167 166
595 2 2 10 10 112 113 168
596 2 2 10 10 112 168 167
597 2 2 10 10 113 114 169
598 2 2 10 10 113 169 168
599 2 2 10 10 114 115 170
600 2 2 10 10 114 170 169
601 2 2 10 10 115 116 171
602 2 2 10 10 115 171 170
603 2 2 10 10 116 117 172
604 2 2 10 10 116 172 171
605 2 2 10 10 117 118 173
606 2 2 10 10 117 173 172
607 2 2 10 10 118 119 174
608 2 2 10 10 118 174 173
609 2 2 10 10 119 120 175
610 2 2 10 10 119 175 174
611 2 2 10 10 120 121 176
612 2 2 10 10 120 176 175
613 2 2 10 10 121 122 177
614 2 2 10 10 121 177 176
615 2 2 10 10 122 123 178
616 2 2 10 10 122 178 177
617 2 2 10 10 123 124 179
618 2 2 10 10 123 179 178
619 2 2 10 10 124 125 180
620 2 2 10 10 124 180 179
621 2 2 10 10 125 126 181
622 2 2 10 10 125 181 180
623 2 2 10 10 126 127 182
624 2 2 10 10 126 182 181
625 2 2 10 10 127 128 183
626 2 2 10 10 127 183 182
627 2 2 10 10 128 129 184
628 2 2 10 10 128 184 183
629 2 2 10 10 129 130 185
630 2 2 10 10 129 185 184
631 2 2 10 10 131 132 189
632 2 2 10 10 131 189 188
633 2 2 10 10 132 133 190
634 2 2 10 10 132 190 189
635 2 2 10 10 133 134 191
636 2 2 10 10 133 191 190
637 2 2 10 10 134 135 192
638 2 2 10 10 134 192 191
639 2 2 10 10 135 136 193
640 2 2 10 10 135 193 192
641 2 2 10 10 136 137 194
642 2 2 10 10 136 194 193
643 2 2 10 10 137 138 195
644 2 2 10 10 137 195 194
645 2 2 10 10 138 139 196
646 2 2 10 10 138 196 195
647 2 2 10 10 139 140 197
648 2 2 10 10 139 197 196
649 2 2 10 10 140 141 198
650 2 2 10 10 140 198 197
651 2 2 10 10 141 142 199
652 2 2 10 10 141 199 198
653 2 2 10 10 142 143 200
654 2 2 10 10 142 200 199
655 2 2 10 10 143 144 201
656 2 2 10 10 143 201 200
657 2 2 10 10 144 145 202
658 2 2 10 10 144 202 201
659 2 2 10 10 145 146 203
660 2 2 10 10 145 203 202
661 2 2 10 10 146 147 204
662 2 2 10 10 146 204 203
663 2 2 10 10 147 148 205
664 2 2 10 10 147 205 204
665 2 2 10 10 148 149 206
666 2 2 10 10 148 206 205
667 2 2 10 10 149 150 207
668 2 2 10 10 149 207 206
669 2 2 10 10 150 151 208
670 2 2 10 10 150 208 207
671 2 2 10 10 151 152 209
672 2 2 10 10 151 209 208
673 2 2 10 10 152 153 210
674 2 2 10 10 152 210 209
675 2 2 10 10 153 154 211
676 2 2 10 10 153 211 210
677 2 2 10 10 154 155 212
678 2 2 10 10 154 212 211
679 2 2 10 10 155 156 213
680 2 2 10 10 155 213 212
681 2 2 10 10 156 157 214
682 2 2 10 10 156 214 213
683 2 2 10 10 158 159 216
684 2 2 10 10 158 216 215
685 2 2 10 10 159 160 217
686 2 2 10 10 159 217 216
687 2 2 10 10 160 161 218
688 2 2 10 10 160 218 217
689 2 2 10 10 161 162 219
690 2 2 10 10 161 219 218
691 2 2 10 10 162 163 220
692 2 2 10 10 162 220 219
693 2 2 10 10 163 164 221
694 2 2 10 10 163 221 220
695 2 2 10 10 164 165 222
696 2 2 10 10 164 222 221
697 2 2 10 10 165 166 223
698 2 2 10 10 165 223 222
699 2 2 10 10 166 167 224
700 2 2 10 10 166 224 223
701 2 2 10 10 167 168 225
702 2 2 10 10 167 225 224
703 2 2 10 10 168 169 226
704 2 2 10 10 168 226 225
705 2 2 10 10 169 170 227
706 2 2 10 10 169 227 226
707 2 2 10 10 170 171 228
708 2 2 10 10 170 228 227
709 2 2 10 10 171 172 229
710 2 2 10 10 171 229 228
711 2 2 10 10 172 173 230
712 2 2 10 10 172 230 229
713 2 2 10 10 173 174 231
714 2 2 10 10 173 231 230
715 2 2 10 10 174 175 232
716 2 2 10 10 174 232 231
717 2 2 10 10 175 176 233
718 2 2 10 10 175 233 232
719 2 2 10 10 176 177 234
720 2 2 10 10 176 234 233
721 2 2 10 10 177 178 235
722 2 2 10 10 177 235 234
723 2 2 10 10 178 179 236
724 2 2 10 10 178 236 235
725 2 2 10 10 179 180 237
726 2 2 10 10 179 237 236
727 2 2 10 10 180 181 238
728 2 2 10 10 180 238 237
729 2 2 10 10 181 182 239
730 2 2 10 10 181 239 238
731 2 2 10 10 182 183 240
732 2 2 10 10 182 240 239
733 2 2 10 10 183 184 241
734 2 2 10 10 183 241 240
735 2 2 10 10 184 185 242
736 2 2 10 10 184 242 241
737 2 2 10 10 185 186 243
738 2 2 10 10 185 243 242
739 2 2 10 10 187 188 245
740 2 2 10 10 187 245 244
741 2 2 10 10 188 189 246
742 2 2 10 10 188 246 245
743 2 2 10 10 189 190 247
744 2 2 10 10 189 247 246
745 2 2 10 10 190 191 248
746 2 2 10 10 190 248 247
747 2 2 10 10 191 192 249
748 2 2 10 10 191 249 248
749 2 2 10 10 192 193 250
750 2 2 10 10 192 250 249
751 2 2 10 10 193 194 251
752 2 2 10 10 193 251 250
753 2 2 10 10 194 195 252
754 2 2 10 10 194 252 251
755 2 2 10 10 195 196 253
756 2 2 10 10 195 253 252
757 2 2 10 10 196 197 254
758 2 2 10 10 196 254 253
759 2 2 10 10 197 198 255
760 2 2 10 10 197 255 254
761 2 2 10 10 198 199 256
762 2 2 10 10 198 256 255
763 2 2 10 10 199 200 257
764 2 2 10 10 199 257 256
765 2 2 10 10 200 201 258
766 2 2 10 10 200 258 257
767 2 2 10 10 201 202 259
768 2 2 10 10 201 259 258
769 2 2 10 10 202 203 260
770 2 2 10 10 202 260 259
771 2 2 10 10 203 204 261
772 2 2 10 10 203 261 260
773 2 2 10 10 204 205 262
774 2 2 10 10 204 262 261
775 2 2 10 10 205 206 263
776 2 2 10 10 205 263 262
777 2 2 10 10 206 207 264
778 2 2 10 10 206 264 263
779 2 2 10 10 207 208 265
780 2 2 10 10 207 265 264
781 2 2 10 10 208 209 266
782 2 2 10 10 208 266 265
783 2 2 10 10 209 210 267
784 2 2 10 10 209 267 266
785 2 2 10 10 210 211 268
786 2 2 10 10 210 268 267
787 2 2 10 10 211 212 269
788 2 2 10 10 211 269 268
789 2 2 10 10 212 213 270
790 2 2 10 10 212 270 269
791 2 2 10 10 213 214 271
792 2 2 10 10 213 271 270
793 2 2 10 10 215 216 273
794 2 2 10 10 215 273 272
795 2 2 10 10 216 217 274
796 2 2 10 10 216 274 273
797 2 2 10 10 217 218 275
798 2 2 10 10 217 275 274
799 2 2 10 10 218 219 276
800 2 2 10 10 218 276 275
801 2 2 10 10 219 220 277
802 2 2 10 10 219 277 276
803 2 2 10 10 220 221 278
804 2 2 10 10 220 278 277
805 2 2 10 10 221 222 279
806 2 2 10 10 221 279 278
807 2 2 10 10 222 223 280
808 2 2 10 10 222 280 279
809 2 2 10 10 223 224 281
810 2 2 10 10 223 281 280
811 2 2 10 10 224 225 282
812 2 2 10 10 224 282 281
813 2 2 10 10 225 226 283
814 2 2 10 10 225 283 282
815 2 2 10 10 226 227 284
816 2 2 10 10 226 284 283
817 2 2 10 10 227 228 285
818 2 2 10 10 227 285 284
819 2 2 10 10 228 229 286
820 2 2 10 10 228 286 285
821 2 2 10 10 229 230 287
822 2 2 10 10 229 287 286
823 2 2 10 10 230 231 288
824 2 2 10 10 230 288 287
825 2 2 10 10 231 232 289
826 2 2 10 10 231 289 288
827 2 2 10 10 232 233 290
828 2 2 10 10 232 290 289
829 2 2 10 10 233 234 291
830 2 2 10 10 233 291 290
831 2 2 10 10 234 235 292
832 2 2 10 10 234 292 291
833 2 2 10 10 235 236 293
834 2 2 10 10 235 293 292
835 2 2 10 10 236 237 294
836 2 2 10 10 236 294 293
837 2 2 10 10 237 238 295
838 2 2 10 10 237 295 294
839 2 2 10 10 238 239 296
840 2 2 10 10 238 296 295
841 2 2 10 10 239 240 297
842 2 2 10 10 239 297 296
843 2 2 10 10 240 241 298
844 2 2 10 10 240 298 297
845 2 2 10 10 241 242 299
846 2 2 10 10 241 299 298
847 2 2 10 10 242 243 300
848 2 2 10 10 242 300 299
849 2 2 10 10 244 245 303
850 2 2 10 10 244 303 302
851 2 2 10 10 245 246 304
852 2 2 10 10 245 304 303
853 2 2 10 10 246 247 305
854 2 2 10 10 246 305 304
855 2 2 10 10 247 248 306
856 2 2 10 10 247 306 305
857 2 2 10 10 248 249 307
858 2 2 10 10 248 307 306
859 2 2 10 10 249 250 308
860 2 2 10 10 249 308 307
861 2 2 10 10 250 251 309
862 2 2 10 10 250 309 308
863 2 2 10 10 251 252 310
864 2 2 10 10 251 310 309
865 2 2 10 10 252 253 311
866 2 2 10 10 252 311 310
867 2 2 10 10 253 254 312
868 2 2 10 10 253 312 311
869 2 2 10 10 254 255 313
870 2 2 10 10 254 313 312
871 2 2 10 10 255 256 314
872 2 2 10 10 255 314 313
873 2 2 10 10 256 257 315
874 2 2 10 10 256 315 314
875 2 2 10 10 257 258 316
876 2 2 10 10 257 316 315
877 2 2 10 10 258 259 317
878 2 2 10 10 258 317 316
879 2 2 10 10 259 260 318
880 2 2 10 10 259 318 317
881 2 2 10 10 260 261 319
882 2 2 10 10 260 319 318
883 2 2 10 10 261 262 320
884 2 2 10 10 261 320 319
885 2 2 10 10 262 263 321
886 2 2 10 10 262 321 320
887 2 2 10 10 263 264 322
888 2 2 10 10 263 322 321
889 2 2 10 10 264 265 323
890 2 2 10 10 264 323 322
891 2 2 10 10 265 266 324
892 2 2 10 10 265 324 323
893 2 2 10 10 266 267 325
894 2 2 10 10 266 325 324
895 2 2 10 10 267 268 326
896 2 2 10 10 267 326 325
897 2 2 10 10 268 269 327
898 2 2 10 10 268 327 326
899 2 2 10 10 269 270 328
900 2 2 10 10 269 328 327
901 2 2 10 10 270 271 329
902 2 2 10 10 270 329 328
903 2 2 10 10 272 273 331
904 2 2 10 10 272 331 330
905 2 2 10 10 273 274 332
906 2 2 10 10 273 332 331
907 2 2 10 10 274 275 333
908 2 2 10 10 274 333 332
909 2 2 10 10 275 276 334
910 2 2 10 10 275 334 333
911 2 2 10 10 276 277 335
912 2 2 10 10 276 335 334
913 2 2 10 10 277 278 336
914 2 2 10 10 277 336 335
915 2 2 10 10 278 279 337
916 2 2 10 10 278 337 336
917 2 2 10 10 279 280 338
918 2 2 10 10 279 338 337
919 2 2 10 10 280 281 339
920 2 2 10 10 280 339 338
921 2 2 10 10 281 282 340
922 2 2 10 10 281 340 339
923 2 2 10 10 282 283 341
924 2 2 10 10 282 341 340
925 2 2 10 10 283 284 342
926 2 2 10 10 283 342 341
927 2 2 10 10 284 285 343
928 2 2 10 10 284 343 342
929 2 2 10 10 285 286 344
930 2 2 10 10 285 344 343
931 2 2 10 10 286 287 345
932 2 2 10 10 286 345 344
933 2 2 10 10 287 288 346
934 2 2 10 10 287 346 345
935 2 2 10 10 288 289 347
936 2 2 10 10 288 347 346
937 2 2 10 10 289 290 348
938 2 2 10 10 289 348 347
939 2 2 10 10 290 291 349
940 2 2 10 10 290 349 348
941 2 2 10 10 291 292 350
942 2 2 10 10 291 350 349
943 2 2 10 10 292 293 351
944 2 2 10 10 292 351 350
945 2 2 10 10 293 294 352
946 2 2 10 10 293 352 351
947 2 2 10 10 294 295 353
948 2 2 10 10 294 353 352
949 2 2 10 10 295 296 354
950 2 2 10 10 295 354 353
951 2 2 10 10 296 297 355
952 2 2 10 10 296 355 354
953 2 2 10 10 297 298 356
954 2 2 10 10 297 356 355
955 2 2 10 10 298 299 357
956 2 2 10 10 298 357 356
957 2 2 10 10 299 300 358
958 2 2 10 10 299 358 357
959 2 2 10 10 301 302 361
960 2 2 10 10 301 361 360
961 2 2 10 10 302 303 362
962 2 2 10 10 302 362 361
963 2 2 10 10 303 304 363
964 2 2 10 10 303 363 362
965 2 2 10 10 304 305 364
966 2 2 10 10 304 364 363
967 2 2 10 10 305 306 365
968 2 2 10 10 305 365 364
969 2 2 10 10 306 307 366
970 2 2 10 10 306 366 365
971 2 2 10 10 307 308 367
972 2 2 10 10 307 367 366
973 2 2 10 10 308 309 368
974 2 2 10 10 308 368 367
975 2 2 10 10 309 310 369
976 2 2 10 10 309 369 368
977 2 2 10 10 310 311 370
978 2 2 10 10 310 370 369
979 2 2 10 10 311 312 371
980 2 2 10 10 311 371 370
981 2 2 10 10 312 313 372
982 2 2 10 10 312 372 371
983 2 2 10 10 313 314 373
984 2 2 10 10 313 373 372
985 2 2 10 10 314 315 374
986 2 2 10 10 314 374 373
987 2 2 10 10 315 316 375
988 2 2 10 10 315 375 374
989 2 2 10 10 316 317 376
990 2 2 10 10 316 376 375
991 2 2 10 10 317 318 377
992 2 2 10 10 317 377 376
993 2 2 10 10 318 319 378
994 2 2 10 10 318 378 377
995 2 2 10 10 319 320 379
996 2 2 10 10 319 379 378
997 2 2 10 10 320 321 380
998 2 2 10 10 320 380 379
999 2 2 10 10 321 322 381
1000 2 2 10 10 321 381 380
1001 2 2 10 10 322 323 382
1002 2 2 10 10 322 382 381
1003 2 2 10 10 323 324 383
1004 2 2 10 10 323 383 382
1005 2 2 10 10 324 325 384
1006 2 2 10 10 324 384 383
1007 2 2 10 10 325 326 385
1008 2 2 10 10 325 385 384
1009 2 2 10 10 326 327 386
1010 2 2 10 10 326 386 385
1011 2 2 10 10 327 328 387
1012 2 2 10 10 327 387 386
1013 2 2 10 10 328 329 388
1014 2 2 10 10 328 388 387
1015 2 2 10 10 330 331 390
1016 2 2 10 10 330 390 389
1017 2 2 10 10 331 332 391
1018 2 2 10 10 331 391 390
1019 2 2 10 10 332 333 392
1020 2 2 10 10 332 392 391
1021 2 2 10 10 333 334 393
1022 2 2 10 10 333 393 392
1023 2 2 10 10 334 335 394
1024 2 2 10 10 334 394 393
1025 2 2 10 10 335 336 395
1026 2 2 10 10 335 395 394
1027 2 2 10 10 336 337 396
1028 2 2 10 10 336 396 395
1029 2 2 10 10 337 338 397
1030 2 2 10 10 337 397 396
1031 2 2 10 10 338 339 398
1032 2 2 10 10 338 398 397
1033 2 2 10 10 339 340 399
1034 2 2 10 10 339 399 398
1035 2 2 10 10 340 341 400
1036 2 2 10 10 340 400 399
1037 2 2 10 10 341 342 401
1038 2 2 10 10 341 401 400
1039 2 2 10 10 342 343 402
1040 2 2 10 10 342 402 401
1041 2 2 10 10 343 344 403
1042 2 2 10 10 343 403 402
1043 2 2 10 10 344 345 404
1044 2 2 10 10 344 404 403
1045 2 2 10 10 345 346 405
1046 2 2 10 10 345 405 404
1047 2 2 10 10 346 347 406
1048 2 2 10 10 346 406 405
1049 2 2 10 10 347 348 407
1050 2 2 10 10 347 407 406
1051 2 2 10 10 348 349 408
1052 2 2 10 10 348 408 407
1053 2 2 10 10 349 350 409
1054 2 2 10 10 349 409 408
1055 2 2 10 10 350 351 410
1056 2 2 10 10 350 410 409
1057 2 2 10 10 351 352 411
1058 2 2 10 10 351 411 410
1059 2 2 10 10 352 353 412
1060 2 2 10 10 352 412 411
1061 2 2 10 10 353 354 413
1062 2 2 10 10 353 413 412
1063 2 2 10 10 354 355 414
1064 2 2 10 10 354 414 413
1065 2 2 10 10 355 356 415
1066 2 2 10 10 355 415 414
1067 2 2 10 10 356 357 416
1068 2 2 10 10 356 416 415
1069 2 2 10 10 357 358 417
1070 2 2 10 10 357 417 416
1071 2 2 10 10 358 359 418
1072 2 2 10 10 358 418 417
1073 2 2 10 10 360 361 420
1074 2 2 10 10 360 420 419
1075 2 2 10 10 361 362 421
1076 2 2 10 10 361 421 420
1077 2 2 10 10 362 363 422
1078 2 2 10 10 362 422 421
1079 2 2 10 10 363 364 423
1080 2 2 10 10 363 423 422
1081 2 2 10 10 364 365 424
1082 2 2 10 10 364 424 423
1083 2 2 10 10 365 366 425
1084 2 2 10 10 365 425 424
1085 2 2 10 10 366 367 426
1086 2 2 10 10 366 426 425
1087 2 2 10 10 367 368 427
1088 2 2 10 10 367 427 426
1089 2 2 10 10 368 369 428
1090 2 2 10 10 368 428 427
1091 2 2 10 10 369 370 429
1092 2 2 10 10 369 429 428
1093 2 2 10 10 370 371 430
1094 2 2 10 10 370 430 429
1095 2 2 10 10 371 372 431
1096 2 2 10 10 371 431 430
1097 2 2 10 10 372 373 432
1098 2 2 10 10 372 432 431
1099 2 2 10 10 373 374 433
1100 2 2 10 10 373 433 432
1101 2 2 10 10 374 375 434
1102 2 2 10 10 374 434 433
1103 2 2 10 10 375 376 435
1104 2 2 10 10 375 435 434
1105 2 2 10 10 376 377 436
1106 2 2 10 10 376 436 435
1107 2 2 10 10 377 378 437
1108 2 2 10 10 377 437 436
1109 2 2 10 10 378 379 438
1110 2 2 10 10 378 438 437
1111 2 2 10 10 379 380 439
1112 2 2 10 10 379 439 438
1113 2 2 10 10 380 381 440
1114 2 2 10 10 380 440 439
1115 2 2 10 10 381 382 441
1116 2 2 10 10 381 441 440
1117 2 2 10 10 382 383 442
1118 2 2 10 10 382 442 441
1119 2 2 10 10 383 384 443
1120 2 2 10 10 383 443 442
1121 2 2 10 10 384 385 444
1122 2 2 10 10 384 444 443
1123 2 2 10 10 385 386 445
1124 2 2 10 10 385 445 444
1125 2 2 10 10 386 387 446
1126 2 2 10 10 386 446 445
1127 2 2 10 10 387 388 447
1128 2 2 10 10 387 447 446
1129 2 2 10 10 389 390 449
1130 2 2 10 10 389 449 448
1131 2 2 10 10 390 391 450
1132 2 2 10 10 390 450 449
1133 2 2 10 10 391 392 451
1134 2 2 10 10 391 451 450
1135 2 2 10 10 392 393 452
1136 2 2 10 10 392 452 451
1137 2 2 10 10 393 394 453
1138 2 2 10 10 393 453 452
1139 2 2 10 10 394 395 454
1140 2 2 10 10 394 454 453
1141 2 2 10 10 395 396 455
1142 2 2 10 10 395 455 454
1143 2 2 10 10 396 397 456
1144 2 2 10 10 396 456 455
1145 2 2 10 10 397 398 457
1146 2 2 10 10 397 457 456
1147 2 2 10 10 398 399 458
1148 2 2 10 10 398 458 457
1149 2 2 10 10 399 400 459
1150 2 2 10 10 399 459 458
1151 2 2 10 10 400 401 460
1152 2 2 10 10 400 460 459
1153 2 2 10 10 401 402 461
1154 2 2 10 10 401 461 460
1155 2 2 10 10 402 403 462
1156 2 2 10 10 402 462 461
1157 2 2 10 10 403 404 463
1158 2 2 10 10 403 463 462
1159 2 2 10 10 404 405 464
1160 2 2 10 10 404 464 463
1161 2 2 10 10 405 406 465
1162 2 2 10 10 405 465 464
1163 2 2 10 10 406 407 466
1164 2 2 10 10 406 466 465
1165 2 2 10 10 407 408 467
1166 2 2 10 10 407 467 466
1167 2 2 10 10 408 409 468
1168 2 2 10 10 408 468 467
1169 2 2 10 10 409 410 469
1170 2 2 10 10 409 469 468
1171 2 2 10 10 410 411 470
1172 2 2 10 10 410 470 469
1173 2 2 10 10 411 412 471
1174 2 2 10 10 411 471 470
1175 2 2 10 10 412 413 472
1176 2 2 10 10 412 472 471
1177 2 2 10 10 413 414 473
1178 2 2 10 10 413 473 472
1179 2 2 10 10 414 415 474
1180 2 2 10 10 414 474 473
1181 2 2 10 10 415 416 475
1182 2 2 10 10 415 475 474
1183 2 2 10 10 416 417 476
1184 2 2 10 10 416 476 475
1185 2 2 10 10 417 418 477
1186 2 2 10 10 417 477 476
1187 2 2 10 10 419 420 480
1188 2 2 10 10 419 480 479
1189 2 2 10 10 420 421 481
1190 2 2 10 10 420 481 480
1191 2 2 10 10 421 422 482
1192 2 2 10 10 421 482 481
1193 2 2 10 10 422 423 483
1194 2 2 10 10 422 483 482
1195 2 2 10 10 423 424 484
1196 2 2 10 10 423 484 483
1197 2 2 10 10 424 425 485
1198 2 2 10 10 424 485 484
1199 2 2 10 10 425 426 486
1200 2 2 10 10 425 486 485
1201 2 2 10 10 426 427 487
1202 2 2 10 10 426 487 486
1203 2 2 10 10 427 428 488
1204 2 2 10 10 427 488 487
1205 2 2 10 10 428 429 489
1206 2 2 10 10 428 489 488
1207 2 2 10 10 429 430 490
1208 2 2 10 10 429 490 489
1209 2 2 10 10 430 431 491
1210 2 2 10 10 430 491 490
1211 2 2 10 10 431 432 492
1212 2 2 10 10 431 492 491
1213 2 2 10 10 432 433 493
1214 2 2 10 10 432 493 492
1215 2 2 10 10 433 434 494
1216 2 2 10 10 433 494 493
1217 2 2 10 10 434 435 495
1218 2 2 10 10 434 495 494
1219 2 2 10 10 435 436 496
1220 2 2 10 10 435 496 495
1221 2 2 10 10 436 437 497
1222 2 2 10 10 436 497 496
1223 2 2 10 10 437 438 498
1224 2 2 10 10 437 498 497
1225 2 2 10 10 438 439 499
1226 2 2 10 10 438 499 498
1227 2 2 10 10 439 440 500
1228 2 2 10 10 439 500 499
1229 2 2 10 10 440 441 501
1230 2 2 10 10 440 501 500
1231 2 2 10 10 441 442 502
1232 2 2 10 10 441 502 501
1233 2 2 10 10 442 443 503
1234 2 2 10 10 442 503 502
1235 2 2 10 10 443 444 504
1236 2 2 10 10 443 504 503
1237 2 2 10 10 444 445 505
1238 2 2 10 10 444 505 504
1239 2 2 10 10 445 446 506
1240 2 2 10 10 445 506 505
1241 2 2 10 10 446 447 507
1242 2 2 10 10 446 507 506
1243 2 2 10 10 470 471 509
1244 2 2 10 10 470 509 508
1245 2 2 10 10 471 472 510
1246 2 2 10 10 471 510 509
1247 2 2 10 10 472 473 511
1248 2 2 10 10 472 511 510
1249 2 2 10 10 473 474 512
1250 2 2 10 10 473 512 511
1251 2 2 10 10 474 475 513
1252 2 2 10 10 474 513 512
1253 2 2 10 10 475 476 514
1254 2 2 10 10 475 514 513
1255 2 2 10 10 476 477 515
1256 2 2 10 10 476 515 514
1257 2 2 10 10 478 479 518
1258 2 2 10 10 478 518 517
1259 2 2 10 10 479 480 519
1260 2 2 10 10 479 519 518
1261 2 2 10 10 480 481 520
1262 2 2 10 10 480 520 519
1263 2 2 10 10 481 482 521
1264 2 2 10 10 481 521 520
1265 2 2 10 10 482 483 522
1266 2 2 10 10 482 522 521
1267 2 2 10 10 483 484 523
1268 2 2 10 10 483 523 522
1269 2 2 10 10 484 485 524
1270 2 2 10 10 484 524 523
1271 2 2 10 10 485 486 525
1272 2 2 10 10 485 525 524
1273 2 2 10 10 508 509 527
1274 2 2 10 10 508 527 526
1275 2 2 10 10 509 510 528
1276 2 2 10 10 509 528 527
1277 2 2 10 10 510 511 529
1278 2 2 10 10 510 529 528
1279 2 2 10 10 511 512 530
1280 2 2 10 10 511 530 529
1281 2 2 10 10 512 513 531
1282 2 2 10 10 512 531 530
1283 2 2 10 10 513 514 532
1284 2 2 10 10 513 532 531
1285 2 2 10 10 514 515 533
1286 2 2 10 10 514 533 532
1287 2 2 10 10 515 516 534
1288 2 2 10 10 515 534 533
1289 2 2 10 10 517 518 537
1290 2 2 10 10 517 537 536
1291 2 2 10 10 518 519 538
1292 2 2 10 10 518 538 537
1293 2 2 10 10 519 520 539
1294 2 2 10 10 519 539 538
1295 2 2 10 10 520 521 540
1296 2 2 10 10 520 540 539
1297 2 2 10 10 521 522 541
1298 2 2 10 10 521 541 540
1299 2 2 10 10 522 523 542
1300 2 2 10 10 522 542 541
1301 2 2 10 10 523 524 543
1302 2 2 10 10 523 543 542
1303 2 2 10 10 527 528 545
1304 2 2 10 10 527 545 544
1305 2 2 10 10 528 529 546
1306 2 2 10 10 528 546 545
1307 2 2 10 10 529 530 547
1308 2 2 10 10 529 547 546
1309 2 2 10 10 530 531 548
1310 2 2 10 10 530 548 547
1311 2 2 10 10 531 532 549
1312 2 2 10 10 531 549 548
1313 2 2 10 10 532 533 550
1314 2 2 10 10 532 550 549
1315 2 2 10 10 533 534 551
1316 2 2 10 10 533 551 550
1317 2 2 10 10 535 536 554
1318 2 2 10 10 535 554 553
1319 2 2 10 10 536 537 555
1320 2 2 10 10 536 555 554
1321 2 2 10 10 537 538 556
1322 2 2 10 10 537 556 555
1323 2 2 10 10 538 539 557
1324 2 2 10 10 538 557 556
1325 2 2 10 10 539 540 558
1326 2 2 10 10 539 558 557
1327 2 2 10 10 540 541 559
1328 2 2 10 10 540 559 558
1329 2 2 10 10 541 542 560
1330 2 2 10 10 541 560 559
1331 2 2 10 10 542 543 561
1332 2 2 10 10 542 561 560
1333 2 2 10 10 544 545 563
1334 2 2 10 10 544 563 562
1335 2 2 10 10 545 546 564
1336 2 2 10 10 545 564 563
1337 2 2 10 10 546 547 565
1338 2 2 10 10 546 565 564
1339 2 2 10 10 547 548 566
1340 2 2 10 10 547 566 565
1341 2 2 10 10 548 549 567
1342 2 2 10 10 548 567 566
1343 2 2 10 10 549 550 568
1344 2 2 10 10 549 568 567
1345 2 2 10 10 550 551 569
1346 2 2 10 10 550 569 568
1347 2 2 10 10 551 552 570
1348 2 2 10 10 551 570 569
1349 2 2 10 10 553 554 573
1350 2 2 10 10 553 573 572
1351 2 2 10 10 554 555 574
1352 2 2 10 10 554 574 573
1353 2 2 10 10 555 556 575
1354 2 2 10 10 555 575 574
1355 2 2 10 10 556 557 576
1356 2 2 10 10 556 576 575
1357 2 2 10 10 557 558 577
1358 2 2 10 10 557 577 576
1359 2 2 10 10 558 559 578
1360 2 2 10 10 558 578 577
1361 2 2 10 10 559 560 579
1362 2 2 10 10 559 579 578
1363 2 2 10 10 563 564 581
1364 2 2 10 10 563 581 580
1365 2 2 10 10 564 565 582
1366 2 2 10 10 564 582 581
1367 2 2 10 10 565 566 583
1368 2 2 10 10 565 583 582
1369 2 2 10 10 566 567 584
1370 2 2 10 10 566 584 583
1371 2 2 10 10 567 568 585
1372 2 2 10 10 567 585 584
1373 2 2 10 10 568 569 586
1374 2 2 10 10 568 586 585
1375 2 2 10 10 569 570 587
1376 2 2 10 10 569 587 586
1377 2 2 10 10 571 572 589
1378 2 2 10 10 571 589 588
1379 2 2 10 10 572 573 590
1380 2 2 10 10 572 590 589
1381 2 2 10 10 573 574 591
1382 2 2 10 10 573 591 590
1383 2 2 10 10 574 575 592
1384 2 2 10 10 574 592 591
1385 2 2 10 10 575 576 593
1386 2 2 10 10 575 593 592
1387 2 2 10 10 576 577 594
1388 2 2 10 10 576 594 593
1389 2 2 10 10 577 578 595
1390 2 2 10 10 577 595 594
1391 2 2 10 10 578 579 596
1392 2 2 10 10 578 596 595
1393 2 2 10 10 580 581 598
1394 2 2 10 10 580 598 597
1395 2 2 10 10 581 582 599
1396 2 2 10 10 581 599 598
1397 2 2 10 10 582 583 600
1398 2 2 10 10 582 600 599
1399 2 2 10 10 583 584 601
1400 2 2 10 10 583 601 600
1401 2 2 10 10 584 585 602
1402 2 2 10 10 584 602 601
1403 2 2 10 10 585 586 603
1404 2 2 10 10 585 603 602
1405 2 2 10 10 586 587 604
1406 2 2 10 10 586 604 603
1407 2 2 10 10 588 589 607
1408 2 2 10 10 588 607 606
1409 2 2 10 10 589 590 608
1410 2 2 10 10 589 608 607
1411 2 2 10 10 590 591 609
1412 2 2 10 10 590 609 608
1413 2 2 10 10 591 592 610
1414 2 2 10 10 591 610 609
1415 2 2 10 10 592 593 611
1416 2 2 10 10 592 611 610
1417 2 2 10 10 593 594 612
1418 2 2 10 10 593 612 611
1419 2 2 10 10 594 595 613
1420 2 2 10 10 594 613 612
1421 2 2 10 10 597 598 615
1422 2 2 10 10 597 615 614
1423 2 2 10 10 598 599 616
1424 2 2 10 10 598 616 615
1425 2 2 10 10 599 600 617
1426 2 2 10 10 599 617 616
1427 2 2 10 10 600 601 618
1428 2 2 10 10 600 618 617
1429 2 2 10 10 601 602 619
1430 2 2 10 10 601 619 618
1431 2 2 10 10 602 603 620
1432 2 2 10 10 602 620 619
1433 2 2 10 10 603 604 621
1434 2 2 10 10 603 621 620
1435 2 2 10 10 604 605 622
1436 2 2 10 10 604 622 621
1437 2 2 10 10 605 606 623
1438 2 2 10 10 605 623 622
1439 2 2 10 10 606 607 624
1440 2 2 10 10 606 624 623
1441 2 2 10 10 607 608 625
1442 2 2 10 10 607 625 624
1443 2 2 10 10 608 609 626
1444 2 2 10 10 608 626 625
1445 2 2 10 10 609 610 627
1446 2 2 10 10 609 627 626
1447 2 2 10 10 610 611 628
1448 2 2 10 10 610 628 627
1449 2 2 10 10 611 612 629
1450 2 2 10 10 611 629 628
1451 2 2 10 10 612 613 630
1452 2 2 10 10 612 630 629
1453 2 2 10 10 615 616 632
1454 2 2 10 10 615 632 631
1455 2 2 10 10 616 617 633
1456 2 2 10 10 616 633 632
1457 2 2 10 10 617 618 634
1458 2 2 10 10 617 634 633
1459 2 2 10 10 618 619 635
1460 2 2 10 10 618 635 634
1461 2 2 10 10 619 620 636
1462 2 2 10 10 619 636 635
1463 2 2 10 10 620 621 637
1464 2 2 10 10 620 637 636
1465 2 2 10 10 621 622 638
1466 2 2 10 10 621 638 637
1467 2 2 10 10 622 623 639
1468 2 2 10 10 622 639 638
1469 2 2 10 10 623 624 640
1470 2 2 10 10 623 640 639
1471 2 2 10 10 624 625 641
1472 2 2 10 10 624 641 640
1473 2 2 10 10 625 626 642
1474 2 2 10 10 625 642 641
1475 2 2 10 10 626 627 643
1476 2 2 10 10 626 643 642
1477 2 2 10 10 627 628 644
1478 2 2 10 10 627 644 643
1479 2 2 10 10 628 629 645
1480 2 2 10 10 628 645 644
1481 2 2 10 10 629 630 646
1482 2 2 10 10 629 646 645
1483 2 2 10 10 631 632 648
1484 2 2 10 10 631 648 647
1485 2 2 10 10 632 633 649
1486 2 2 10 10 632 649 648
1487 2 2 10 10 633 634 650
1488 2 2 10 10 633 650 649
1489 2 2 10 10 634 635 651
1490 2 2 10 10 634 651 650
1491 2 2 10 10 635 636 652
1492 2 2 10 10 635 652 651
1493 2 2 10 10 636 637 653
1494 2 2 10 10 636 653 652
1495 2 2 10 10 637 638 654
1496 2 2 10 10 637 654 653
1497 2 2 10 10 638 639 655
1498 2 2 10 10 638 655 654
1499 2 2 10 10 639 640 656
1500 2 2 10 10 639 656 655
1501 2 2 10 10 640 641 657
1502 2 2 10 10 640 657 656
1503 2 2 10 10 641 642 658
1504 2 2 10 10 641 658 657
1505 2 2 10 10 642 643 659
1506 2 2 10 10 642 659 658
1507 2 2 10 10 643 644 660
1508 2 2 10 10 643 660 659
1509 2 2 10 10 644 645 661
1510 2 2 10 10 644 661 660
1511 2 2 10 10 647 648 663
1512 2 2 10 10 647 663 662
1513 2 2 10 10 648 649 664
1514 2 2 10 10 648 664 663
1515 2 2 10 10 649 650 665
1516 2 2 10 10 649 665 664
1517 2 2 10 10 650 651 666
1518 2 2 10 10 650 666 665
1519 2 2 10 10 651 652 667
1520 2 2 10 10 651 667 666
1521 2 2 10 10 652 653 668
1522 2 2 10 10 652 668 667
1523 2 2 10 10 653 654 669
1524 2 2 10 10 653 669 668
1525 2 2 10 10 654 655 670
1526 2 2 10 10 654 670 669
1527 2 2 10 10 655 656 671
1528 2 2 10 10 655 671 670
1529 2 2 10 10 656 657 672
1530 2 2 10 10 656 672 671
1531 2 2 10 10 657 658 673
1532 2 2 10 10 657 673 672
1533 2 2 10 10 658 659 674
1534 2 2 10 10 658 674 673
1535 2 2 10 10 659 660 675
1536 2 2 10 10 659 675 674
1537 2 2 10 10 660 661 676
1538 2 2 10 10 660 676 675
1539 2 2 10 10 663 664 678
1540 2 2 10 10 663 678 677
1541 2 2 10 10 664 665 679
1542 2 2 10 10 664 679 678
1543 2 2 10 10 665 666 680
1544 2 2 10 10 665 680 679
1545 2 2 10 10 666 667 681
1546 2 2 10 10 666 681 680
1547 2 2 10 10 667 668 682
1548 2 2 10 10 667 682 681
1549 2 2 10 10 668 669 683
1550 2 2 10 10 668 683 682
1551 2 2 10 10 669 670 684
1552 2 2 10 10 669 684 683
1553 2 2 10 10 670 671 685
1554 2 2 10 10 670 685 684
1555 2 2 10 10 671 672 686
1556 2 2 10 10 671 686 685
1557 2 2 10 10 672 673 687
1558 2 2 10 10 672 687 686
1559 2 2 10 10 673 674 688
1560 2 2 10 10 673 688 687
1561 2 2 10 10 674 675 689
1562 2 2 10 10 674 689 688
1563 2 2 10 10 677 678 691
1564 2 2 10 10 677 691 690
1565 2 2 10 10 678 679 692
1566 2 2 10 10 678 692 691
1567 2 2 10 10 679 680 693
1568 2 2 10 10 679 693 692
1569 2 2 10 10 680 681 694
1570 2 2 10 10 680 694 693
1571 2 2 10 10 681 682 695
1572 2 2 10 10 681 695 694
1573 2 2 10 10 682 683 696
1574 2 2 10 10 682 696 695
1575 2 2 10 10 683 684 697
1576 2 2 10 10 683 697 696
1577 2 2 10 10 684 685 698
1578 2 2 10 10 684 698 697
1579 2 2 10 10 685 686 699
1580 2 2 10 10 685 699 698
1581 2 2 10 10 686 687 700
1582 2 2 10 10 686 700 699
1583 2 2 10 10 687 688 701
1584 2 2 10 10 687 701 700
1585 2 2 10 10 688 689 702
1586 2 2 10 10 688 702 701
1587 2 2 10 10 690 691 704
1588 2 2 10 10 690 704 703
1589 2 2 10 10 691 692 705
1590 2 2 10 10 691 705 704
1591 2 2 10 10 692 693 706
1592 2 2 10 10 692 706 705
1593 2 2 10 10 693 694 707
1594 2 2 10 10 693 707 706
1595 2 2 10 10 694 695 708
1596 2 2 10 10 694 708 707
1597 2 2 10 10 695 696 709
1598 2 2 10 10 695 709 708
1599 2 2 10 10 696 697 710
1600 2 2 10 10 696 710 709
1601 2 2 10 10 697 698 711
1602 2 2 10 10 697 711 710
1603 2 2 10 10 698 699 712
1604 2 2 10 10 698 712 711
1605 2 2 10 10 699 700 713
1606 2 2 10 10 699 713 712
1607 2 2 10 10 700 701 714
1608 2 2 10 10 700 714 713
1609 2 2 10 10 701 702 715
1610 2 2 10 10 701 715 714
1611 2 2 10 10 703 704 717
1612 2 2 10 10 703 717 716
1613 2 2 10 10 704 705 718
1614 2 2 10 10 704 718 717
1615 2 2 10 10 705 706 719
1616 2 2 10 10 705 719 718
1617 2 2 10 10 706 707 720
1618 2 2 10 10 706 720 719
1619 2 2 10 10 707 708 721
1620 2 2 10 10 707 721 720
1621 2 2 10 10 708 709 722
1622 2 2 10 10 708 722 721
1623 2 2 10 10 709 710 723
1624 2 2 10 10 709 723 722
1625 2 2 10 10 710 711 724
1626 2 2 10 10 710 724 723
1627 2 2 10 10 711 712 725
1628 2 2 10 10 711 725 724
1629 2 2 10 10 712 713 726
1630 2 2 10 10 712 726 725
1631 2 2 10 10 713 714 727
1632 2 2 10 10 713 727 726
1633 2 2 10 10 714 715 728
1634 2 2 10 10 714 728 727
1635 2 2 10 10 716 717 730
1636 2 2 10 10 716 730 729
1637 2 2 10 10 717 718 731
1638 2 2 10 10 717 731 730
1639 2 2 10 10 718 719 732
1640 2 2 10 10 718 732 731
1641 2 2 10 10 719 720 733
1642 2 2 10 10 719 733 732
1643 2 2 10 10 720 721 734
1644 2 2 10 10 720 734 733
1645 2 2 10 10 721 722 735
1646 2 2 10 10 721 735 734
1647 2 2 10 10 722 723 736
1648 2 2 10 10 722 736 735
1649 2 2 10 10 723 724 737
1650 2 2 10 10 723 737 736
1651 2 2 10 10 724 725 738
1652 2 2 10 10 724 738 737
1653 2 2 10 10 725 726 739
1654 2 2 10 10 725 739 738
1655 2 2 10 10 726 727 740
1656 2 2 10 10 726 740 739
1657 2 2 10 10 727 728 741
1658 2 2 10 10 727 741 740
1659 2 2 10 10 729 730 743
1660 2 2 10 10 729 743 742
1661 2 2 10 10 730 731 744
1662 2 2 10 10 730 744 743
1663 2 2 10 10 731 732 745
1664 2 2 10 10 731 745 744
1665 2 2 10 10 732 733 746
1666 2 2 10 10 732 746 745
1667 2 2 10 10 733 734 747
1668 2 2 10 10 733 747 746
1669 2 2 10 10 734 735 748
1670 2 2 10 10 734 748 747
1671 2 2 10 10 735 736 749
1672 2 2 10 10 735 749 748
1673 2 2 10 10 736 737 750
1674 2 2 10 10 736 750 749
1675 2 2 10 10 737 738 751
1676 2 2 10 10 737 751 750
1677 2 2 10 10 738 739 752
1678 2 2 10 10 738 752 751
1679 2 2 10 10 739 740 753
1680 2 2 10 10 739 753 752
1681 2 2 10 10 740 741 754
1682 2 2 10 10 740 754 753
1683 2 2 10 10 742 743 756
1684 2 2 10 10 742 756 755
1685 2 2 10 10 743 744 757
1686 2 2 10 10 743 757 756
1687 2 2 10 10 744 745 758
1688 2 2 10 10 744 758 757
1689 2 2 10 10 745 746 759
1690 2 2 10 10 745 759 758
1691 2 2 10 10 746 747 760
1692 2 2 10 10 746 760 759
1693 2 2 10 10 747 748 761
1694 2 2 10 10 747 761 760
1695 2 2 10 10 748 749 762
1696 2 2 10 10 748 762 761
1697 2 2 10 10 749 750 763
1698 2 2 10 10 749 763 762
1699 2 2 10 10 750 751 764
1700 2 2 10 10 750 764 763
1701 2 2 10 10 751 752 765
1702 2 2 10 10 751 765 764
1703 2 2 10 10 752 753 766
1704 2 2 10 10 752 766 765
1705 2 2 10 10 753 754 767
1706 2 2 10 10 753 767 766
1707 2 2 10 10 755 756 769
1708 2 2 10 10 755 769 768
1709 2 2 10 10 756 757 770
1710 2 2 10 10 756 770 769
1711 2 2 10 10 757 758 771
1712 2 2 10 10 757 771 770
1713 2 2 10 10 758 759 772
1714 2 2 10 10 758 772 771
1715 2 2 10 10 759 760 773
1716 2 2 10 10 759 773 772
1717 2 2 10 10 760 761 774
1718 2 2 10 10 760 774 773
1719 2 2 10 10 761 762 775
1720 2 2 10 10 761 775 774
1721 2 2 10 10 762 763 776
1722 2 2 10 10 762 776 775
1723 2 2 10 10 763 764 777
1724 2 2 10 10 763 777 776
1725 2 2 10 10 764 765 778
1726 2 2 10 10 764 778 777
1727 2 2 10 10 765 766 779
1728 2 2 10 10 765 779 778
1729 2 2 10 10 766 767 780
1730 2 2 10 10 766 780 779
1731 2 2 10 10 768 769 782
1732 2 2 10 10 768 782 781
1733 2 2 10 10 769 770 783
1734 2 2 10 10 769 783 782
1735 2 2 10 10 770 771 784
1736 2 2 10 10 770 784 783
1737 2 2 10 10 771 772 785
1738 2 2 10 10 771 785 784
1739 2 2 10 10 772 773 786
1740 2 2 10 10 772 786 785
1741 2 2 10 10 773 774 787
1742 2 2 10 10 773 787 786
1743 2 2 10 10 774 775 788
1744 2 2 10 10 774 788 787
1745 2 2 10 10 775 776 789
1746 2 2 10 10 775 789 788
1747 2 2 10 10 776 777 790
1748 2 2 10 10 776 790 789
1749 2 2 10 10 777 778 791
1750 2 2 10 10 777 791 790
1751 2 2 10 10 778 779 792
1752 2 2 10 10 778 792 791
1753 2 2 10 10 779 780 793
1754 2 2 10 10 779 793 792
1755 2 2 10 10 781 782 795
1756 2 2 10 10 781 795 794
1757 2 2 10 10 782 783 796
1758 2 2 10 10 782 796 795
1759 2 2 10 10 783 784 797
1760 2 2 10 10 783 797 796
1761 2 2 10 10 784 785 798
1762 2 2 10 10 784 798 797
1763 2 2 10 10 785 786 799
1764 2 2 10 10 785 799 798
1765 2 2 10 10 786 787 800
1766 2 2 10 10 786 800 799
1767 2 2 10 10 787 788 801
1768 2 2 10 10 787 801 800
1769 2 2 10 10 788 789 802
1770 2 2 10 10 788 802 801
1771 2 2 10 10 789 790 803
1772 2 2 10 10 789 803 802
1773 2 2 10 10 790 791 804
1774 2 2 10 10 790 804 803
1775 2 2 10 10 791 792 805
1776 2 2 10 10 791 805 804
1777 2 2 10 10 792 793 806
1778 2 2 10 10 792 806 805
1779 2 2 10 10 794 795 808
1780 2 2 10 10 794 808 807
1781 2 2 10 10 795 796 809
1782 2 2 10 10 795 809 808
1783 2 2 10 10 796 797 810
1784 2 2 10 10 796 810 809
1785 2 2 10 10 797 798 811
1786 2 2 10 10 797 811 810
1787 2 2 10 10 798 799 812
1788 2 2 10 10 798 812 811
1789 2 2 10 10 799 800 813
1790 2 2 10 10 799 813 812
1791 2 2 10 10 800 801 814
1792 2 2 10 10 800 814 813
1793 2 2 10 10 801 802 815
1794 2 2 10 10 801 815 814
1795 2 2 10 10 802 803 816
1796 2 2 10 10 802 816 815
1797 2 2 10 10 803 804 817
1798 2 2 10 10 803 817 816
1799 2 2 10 10 804 805 818
1800 2 2 10 10 804 818 817
1801 2 2 10 10 805 806 819
1802 2 2 10 10 805 819 818
1803 2 2 10 10 807 808 822
1804 2 2 10 10 807 822 821
1805 2 2 10 10 808 809 823
1806 2 2 10 10 808 823 822
1807 2 2 10 10 809 810 824
1808 2 2 10 10 809 824 823
1809 2 2 10 10 810 811 825
1810 2 2 10 10 810 825 824
1811 2 2 10 10 811 812 826
1812 2 2 10 10 811 826 825
1813 2 2 10 10 812 813 827
1814 2 2 10 10 812 827 826
1815 2 2 10 10 813 814 828
1816 2 2 10 10 813 828 827
1817 2 2 10 10 814 815 829
1818 2 2 10 10 814 829 828
1819 2 2 10 10 815 816 830
1820 2 2 10 10 815 830 829
1821 2 2 10 10 816 817 831
1822 2 2 10 10 816 831 830
1823 2 2 10 10 817 818 832
1824 2 2 10 10 817 832 831
1825 2 2 10 10 818 819 833
1826 2 2 10 10 818 833 832
1827 2 2 10 10 820 821 836
1828 2 2 10 10 820 836 835
1829 2 2 10 10 821 822 837
1830 2 2 10 10 821 837 836
1831 2 2 10 10 822 823 838
1832 2 2 10 10 822 838 837
1833 2 2 10 10 823 824 839
1834 2 2 10 10 823 839 838
1835 2 2 10 10 824 825 840
1836 2 2 10 10 824 840 839
1837 2 2 10 10 825 826 841
1838 2 2 10 10 825 841 840
1839 2 2 10 10 826 827 842
1840 2 2 10 10 826 842 841
1841 2 2 10 10 827 828 843
1842 2 2 10 10 827 843 842
1843 2 2 10 10 828 829 844
1844 2 2 10 10 828 844 843
1845 2 2 10 10 829 830 845
1846 2 2 10 10 829 845 844
1847 2 2 10 10 830 831 846
1848 2 2 10 10 830 846 845
1849 2 2 10 10 831 832 847
1850 2 2 10 10 831 847 846
1851 2 2 10 10 832 833 848
1852 2 2 10 10 832 848 847
1853 2 2 10 10 833 834 849
1854 2 2 10 10 833 849 848
1855 2 2 10 10 835 836 851
1856 2 2 10 10 835 851 850
1857 2 2 10 10 836 837 852
1858 2 2 10 10 836 852 851
1859 2 2 10 10 837 838 853
1860 2 2 10 10 837 853 852
1861 2 2 10 10 838 839 854
1862 2 2 10 10 838 854 853
1863 2 2 10 10 839 840 855
1864 2 2 10 10 839 855 854
1865 2 2 10 10 840 841 856
1866 2 2 10 10 840 856 855
1867 2 2 10 10 841 842 857
1868 2 2 10 10 841 857 856
1869 2 2 10 10 842 843 858
1870 2 2 10 10 842 858 857
1871 2 2 10 10 843 844 859
1872 2 2 10 10 843 859 858
1873 2 2 10 10 844 845 860
1874 2 2 10 10 844 860 859
1875 2 2 10 10 845 846 861
1876 2 2 10 10 845 861 860
1877 2 2 10 10 846 847 862
1878 2 2 10 10 846 862 861
1879 2 2 10 10 847 848 863
1880 2 2 10 10 847 863 862
1881 2 2 10 10 848 849 864
1882 2 2 10 10 848 864 863
1883 2 2 10 10 850 851 868
1884 2 2 10 10 850 868 867
1885 2 2 10 10 851 852 869
1886 2 2 10 10 851 869 868
1887 2 2 10 10 852 853 870
1888 2 2 10 10 852 870 869
1889 2 2 10 10 853 854 871
1890 2 2 10 10 853 871 870
1891 2 2 10 10 854 855 872
1892 2 2 10 10 854 872 871
1893 2 2 10 10 855 856 873
1894 2 2 10 10 855 873 872
1895 2 2 10 10 856 857 874
1896 2 2 10 10 856 874 873
1897 2 2 10 10 857 858 875
1898 2 2 10 10 857 875 874
1899 2 2 10 10 858 859 876
1900 2 2 10 10 858 876 875
1901 2 2 10 10 859 860 877
1902 2 2 10 10 859 877 876
1903 2 2 10 10 860 861 878
1904 2 2 10 10 860 878 877
1905 2 2 10 10 861 862 879
1906 2 2 10 10 861 879 878
1907 2 2 10 10 862 863 880
1908 2 2 10 10 862 880 879
1909 2 2 10 10 863 864 881
1910 2 2 10 10 863 881 880
1911 2 2 10 10 864 865 882
1912 2 2 10 10 864 882 881
1913 2 2 10 10 866 867 884
1914 2 2 10 10 866 884 883
1915 2 2 10 10 867 868 885
1916 2 2 10 10 867 885 884
1917 2 2 10 10 868 869 886
1918 2 2 10 10 868 886 885
1919 2 2 10 10 869 870 887
1920 2 2 10 10 869 887 886
1921 2 2 10 10 870 871 888
1922 2 2 10 10 870 888 887
1923 2 2 10 10 871 872 889
1924 2 2 10 10 871 889 888
1925 2 2 10 10 872 873 890
1926 2 2 10 10 872 890 889
1927 2 2 10 10 873 874 891
1928 2 2 10 10 873 891 890
1929 2 2 10 10 874 875 892
1930 2 2 10 10 874 892 891
1931 2 2 10 10 875 876 893
1932 2 2 10 10 875 893 892
1933 2 2 10 10 876 877 894
1934 2 2 10 10 876 894 893
1935 2 2 10 10 877 878 895
1936 2 2 10 10 877 895 894
1937 2 2 10 10 878 879 896
1938 2 2 10 10 878 896 895
1939 2 2 10 10 879 880 897
1940 2 2 10 10 879 897 896
1941 2 2 10 10 880 881 898
1942 2 2 10 10 880 898 897
1943 2 2 10 10 881 882 899
1944 2 2 10 10 881 899 898
1945 2 2 10 10 883 884 901
1946 2 2 10 10 883 901 900
1947 2 2 10 10 884 885 902
1948 2 2 10 10 884 902 901
1949 2 2 10 10 885 886 903
1950 2 2 10 10 885 903 902
1951 2 2 10 10 886 887 904
1952 2 2 10 10 886 904 903
1953 2 2 10 10 887 888 905
1954 2 2 10 10 887 905 904
1955 2 2 10 10 888 889 906
1956 2 2 10 10 888 906 905
1957 2 2 10 10 889 890 907
1958 2 2 10 10 889 907 906
1959 2 2 10 10 892 893 909
1960 2 2 10 10 892 909 908
1961 2 2 10 10 893 894 910
1962 2 2 10 10 893 910 909
1963 2 2 10 10 894 895 911
1964 2 2 10 10 894 911 910
1965 2 2 10 10 895 896 912
1966 2 2 10 10 895 912 911
1967 2 2 10 10 896 897 913
1968 2 2 10 10 896 913 912
1969 2 2 10 10 897 898 914
1970 2 2 10 10 897 914 913
1971 2 2 10 10 898 899 915
1972 2 2 10 10 898 915 914
1973 2 2 10 10 900 901 919
1974 2 2 10 10 900 919 918
1975 2 2 10 10 901 902 920
1976 2 2 10 10 901 920 919
1977 2 2 10 10 902 903 921
1978 2 2 10 10 902 921 920
1979 2 2 10 10 903 904 922
1980 2 2 10 10 903 922 921
1981 2 2 10 10 904 905 923
1982 2 2 10 10 904 923 922
1983 2 2 10 10 905 906 924
1984 2 2 10 10 905 924 923
1985 2 2 10 10 906 907 925
1986 2 2 10 10 906 925 924
1987 2 2 10 10 908 909 927
1988 2 2 10 10 908 927 926
1989 2 2 10 10 909 910 928
1990 2 2 10 10 909 928 927
1991 2 2 10 10 910 911 929
1992 2 2 10 10 910 929 928
1993 2 2 10 10 911 912 930
1994 2 2 10 10 911 930 929
1995 2 2 10 10 912 913 931
1996 2 2 10 10 912 931 930
1997 2 2 10 10 913 914 932
1998 2 2 10 10 913 932 931
1999 2 2 10 10 914 915 933
2000 2 2 10 10 914 933 932
2001 2 2 10 10 915 916 934
2002 2 2 10 10 915 934 933
2003 2 2 10 10 917 918 936
2004 2 2 10 10 917 936 935
2005 2 2 10 10 918 919 937
2006 2 2 10 10 918 937 936
2007 2 2 10 10 919 920 938
2008 2 2 10 10 919 938 937
2009 2 2 10 10 920 921 939
2010 2 2 10 10 920 939 938
2011 2 2 10 10 921 922 940
2012 2 2 10 10 921 940 939
2013 2 2 10 10 922 923 941
2014 2 2 10 10 922 941 940
2015 2 2 10 10 923 924 942
2016 2 2 10 10 923 942 941
2017 2 2 10 10 924 925 943
2018 2 2 10 10 924 943 942
2019 2 2 10 10 927 928 945
2020 2 2 10 10 927 945 944
2021 2 2 10 10 928 929 946
2022 2 2 10 10 928 946 945
2023 2 2 10 10 929 930 947
2024 2 2 10 10 929 947 946
2025 2 2 10 10 930 931 948
2026 2 2 10 10 930 948 947
2027 2 2 10 10 931 932 949
2028 2 2 10 10 931 949 948
2029 2 2 10 10 932 933 950
2030 2 2 10 10 932 950 949
2031 2 2 10 10 933 934 951
2032 2 2 10 10 933 951 950
2033 2 2 10 10 935 936 955
2034 2 2 10 10 935 955 954
2035 2 2 10 10 936 937 956
2036 2 2 10 10 936 956 955
2037 2 2 10 10 937 938 957
2038 2 2 10 10 937 957 956
2039 2 2 10 10 938 939 958
2040 2 2 10 10 938 958 957
2041 2 2 10 10 939 940 959
2042 2 2 10 10 939 959 958
2043 2 2 10 10 940 941 960
2044 2 2 10 10 940 960 959
2045 2 2 10 10 941 942 961
2046 2 2 10 10 941 961 960
2047 2 2 10 10 944 945 963
2048 2 2 10 10 944 963 962
2049 2 2 10 10 945 946 964
2050 2 2 10 10 945 964 963
2051 2 2 10 10 946 947 965
2052 2 2 10 10 946 965 964
2053 2 2 10 10 947 948 966
2054 2 2 10 10 947 966 965
2055 2 2 10 10 948 949 967
2056 2 2 10 10 948 967 966
2057 2 2 10 10 949 950 968
2058 2 2 10 10 949 968 967
2059 2 2 10 10 950 951 969
2060 2 2 10 10 950 969 968
2061 2 2 10 10 951 952 970
2062 2 2 10 10 951 970 969
2063 2 2 10 10 953 954 972
2064 2 2 10 10 953 972 971
2065 2 2 10 10 954 955 973
2066 2 2 10 10 954 973 972
2067 2 2 10 10 955 956 974
2068 2 2 10 10 955 974 973
2069 2 2 10 10 956 957 975
2070 2 2 10 10 956 975 974
2071 2 2 10 10 957 958 976
2072 2 2 10 10 957 976 975
2073 2 2 10 10 958 959 977
2074 2 2 10 10 958 977 976
2075 2 2 10 10 959 960 978
2076 2 2 10 10 959 978 977
2077 2 2 10 10 960 961 979
2078 2 2 10 10 960 979 978
2079 2 2 10 10 963 964 981
2080 2 2 10 10 963 981 980
2081 2 2 10 10 964 965 982
2082 2 2 10 10 964 982 981
2083 2 2 10 10 965 966 983
2084 2 2 10 10 965 983 982
2085 2 2 10 10 966 967 984
2086 2 2 10 10 966 984 983
2087 2 2 10 10 967 968 985
2088 2 2 10 10 967 985 984
2089 2 2 10 10 968 969 986
2090 2 2 10 10 968 986 985
2091 2 2 10 10 969 970 987
2092 2 2 10 10 969 987 986
2093 2 2 10 10 971 972 1012
2094 2 2 10 10 971 1012 1011
2095 2 2 10 10 972 973 1013
2096 2 2 10 10 972 1013 1012
2097 2 2 10 10 973 974 1014
2098 2 2 10 10 973 1014 1013
2099 2 2 10 10 974 975 1015
2100 2 2 10 10 974 1015 1014
2101 2 2 10 10 975 976 1016
2102 2 2 10 10 975 1016 1015
2103 2 2 10 10 976 977 1017
2104 2 2 10 10 976 1017 1016
2105 2 2 10 10 977 978 1018
2106 2 2 10 10 977 1018 1017
2107 2 2 10 10 980 981 1020
2108 2 2 10 10 980 1020 1019
2109 2 2 10 10 981 982 1021
2110 2 2 10 10 981 1021 1020
2111 2 2 10 10 982 983 1022
2112 2 2 10 10 982 1022 1021
2113 2 2 10 10 983 984 1023
2114 2 2 10 10 983 1023 1022
2115 2 2 10 10 984 985 1024
2116 2 2 10 10 984 1024 1023
2117 2 2 10 10 985 986 1025
2118 2 2 10 10 985 1025 1024
2119 2 2 10 10 986 987 1026
2120 2 2 10 10 986 1026 1025
2121 2 2 10 10 987 988 1027
2122 2 2 10 10 987 1027 1026
2123 2 2 10 10 989 990 1050
2124 2 2 10 10 989 1050 1049
2125 2 2 10 10 990 991 1051
2126 2 2 10 10 990 1051 1050
2127 2 2 10 10 991 992 1052
2128 2 2 10 10 991 1052 1051
2129 2 2 10 10 992 993 1053
2130 2 2 10 10 992 1053 1052
2131 2 2 10 10 993 994 1054
2132 2 2 10 10 993 1054 1053
2133 2 2 10 10 994 995 1055
2134 2 2 10 10 994 1055 1054
2135 2 2 10 10 995 996 1056
2136 2 2 10 10 995 1056 1055
2137 2 2 10 10 996 997 1057
2138 2 2 10 10 996 1057 1056
2139 2 2 10 10 997 998 1058
2140 2 2 10 10 997 1058 1057
2141 2 2 10 10 998 999 1059
2142 2 2 10 10 998 1059 1058
2143 2 2 10 10 999 1000 1060
2144 2 2 10 10 999 1060 1059
2145 2 2 10 10 1000 1001 1061
2146 2 2 10 10 1000 1061 1060
2147 2 2 10 10 1001 1002 1062
2148 2 2 10 10 1001 1062 1061
2149 2 2 10 10 1002 1003 1063
2150 2 2 10 10 1002 1063 1062
2151 2 2 10 10 1003 1004 1064
2152 2 2 10 10 1003 1064 1063
2153 2 2 10 10 1004 1005 1065
2154 2 2 10 10 1004 1065 1064
2155 2 2 10 10 1005 1006 1066
2156 2 2 10 10 1005 1066 1065
2157 2 2 10 10 1006 1007 1067
2158 2 2 10 10 1006 1067 1066
2159 2 2 10 10 1007 1008 1068
2160 2 2 10 10 1007 1068 1067
2161 2 2 10 10 1008 1009 1069
2162 2 2 10 10 1008 1069 1068
2163 2 2 10 10 1009 1010 1070
2164 2 2 10 10 1009 1070 1069
2165 2 2 10 10 1010 1011 1071
2166 2 2 10 10 1010 1071 1070
2167 2 2 10 10 1011 1012 1072
2168 2 2 10 10 1011 1072 1071
2169 2 2 10 10 1012 1013 1073
2170 2 2 10 10 1012 1073 1072
2171 2 2 10 10 1013 1014 1074
2172 2 2 10 10 1013 1074 1073
2173 2 2 10 10 1014 1015 1075
2174 2 2 10 10 1014 1075 1074
2175 2 2 10 10 1015 1016 1076
2176 2 2 10 10 1015 1076 1075
2177 2 2 10 10 1016 1017 1077
2178 2 2 10 10 1016 1077 1076
2179 2 2 10 10 1017 1018 1078
2180 2 2 10 10 1017 1078 1077
2181 2 2 10 10 1020 1021 1080
2182 2 2 10 10 1020 1080 1079
2183 2 2 10 10 1021 1022 1081
2184 2 2 10 10 1021 1081 1080
2185 2 2 10 10 1022 1023 1082
2186 2 2 10 10 1022 1082 1081
2187 2 2 10 10 1023 1024 1083
2188 2 2 10 10 1023 1083 1082
2189 2 2 10 10 1024 1025 1084
2190 2 2 10 10 1024 1084 1083
2191 2 2 10 10 1025 1026 1085
2192 2 2 10 10 1025 1085 1084
2193 2 2 10 10 1026 1027 1086
2194 2 2 10 10 1026 1086 1085
2195 2 2 10 10 1027 1028 1087
2196 2 2 10 10 1027 1087 1086
2197 2 2 10 10 1028 1029 1088
2198 2 2 10 10 1028 1088 1087
2199 2 2 10 10 1029 1030 1089
2200 2 2 10 10 1029 1089 1088
2201 2 2 10 10 1030 1031 1090
2202 2 2 10 10 1030 1090 1089
2203 2 2 10 10 1031 1032 1091
2204 2 2 10 10 1031 1091 1090
2205 2 2 10 10 1032 1033 1092
2206 2 2 10 10 1032 1092 1091
2207 2 2 10 10 1033 1034 1093
2208 2 2 10 10 1033 1093 1092
2209 2 2 10 10 1034 1035 1094
2210 2 2 10 10 1034 1094 1093
2211 2 2 10 10 1035 1036 1095
2212 2 2 10 10 1035 1095 1094
2213 2 2 10 10 1036 1037 1096
2214 2 2 10 10 1036 1096 1095
2215 2 2 10 10 1037 1038 1097
2216 2 2 10 10 1037 1097 1096
2217 2 2 10 10 1038 1039 1098
2218 2 2 10 10 1038 1098 1097
2219 2 2 10 10 1039 1040 1099
2220 2 2 10 10 1039 1099 1098
2221 2 2 10 10 1040 1041 1100
2222 2 2 10 10 1040 1100 1099
2223 2 2 10 10 1041 1042 1101
2224 2 2 10 10 1041 1101 1100
2225 2 2 10 10 1042 1043 1102
2226 2 2 10 10 1042 1102 1101
2227 2 2 10 10 1043 1044 1103
2228 2 2 10 10 1043 1103 1102
2229 2 2 10 10 1044 1045 1104
2230 2 2 10 10 1044 1104 1103
2231 2 2 10 10 1045 1046 1105
2232 2 2 10 10 1045 1105 1104
2233 2 2 10 10 1046 1047 1106
2234 2 2 10 10 1046 1106 1105
2235 2 2 10 10 1047 1048 1107
2236 2 2 10 10 1047 1107 1106
2237 2 2 10 10 1049 1050 1109
2238 2 2 10 10 1049 1109 1108
2239 2 2 10 10 1050 1051 1110
2240 2 2 10 10 1050 1110 1109
2241 2 2 10 10 1051 1052 1111
2242 2 2 10 10 1051 1111 1110
2243 2 2 10 10 1052 1053 1112
2244 2 2 10 10 1052 1112 1111
2245 2 2 10 10 1053 1054 1113
2246 2 2 10 10 1053 1113 1112
2247 2 2 10 10 1054 1055 1114
2248 2 2 10 10 1054 1114 1113
2249 2 2 10 10 1055 1056 1115
2250 2 2 10 10 1055 1115 1114
2251 2 2 10 10 1056 1057 1116
2252 2 2 10 10 1056 1116 1115
2253 2 2 10 10 1057 1058 1117
2254 2 2 10 10 1057 1117 1116
2255 2 2 10 10 1058 1059 1118
2256 2 2 10 10 1058 1118 1117
2257 2 2 10 10 1059 1060 1119
2258 2 2 10 10 1059 1119 1118
2259 2 2 10 10 1060 1061 1120
2260 2 2 10 10 1060 1120 1119
2261 2 2 10 10 1061 1062 1121
2262 2 2 10 10 1061 1121 1120
2263 2 2 10 10 1062 1063 1122
2264 2 2 10 10 1062 1122 1121
2265 2 2 10 10 1063 1064 1123
2266 2 2 10 10 1063 1123 1122
2267 2 2 10 10 1064 1065 1124
2268 2 2 10 10 1064 1124 1123
2269 2 2 10 10 1065 1066 1125
2270 2 2 10 10 1065 1125 1124
2271 2 2 10 10 1066 1067 1126
2272 2 2 10 10 1066 1126 1125
2273 2 2 10 10 1067 1068 1127
2274 2 2 10 10 1067 1127 1126
2275 2 2 10 10 1068 1069 1128
2276 2 2 10 10 1068 1128 1127
2277 2 2 10 10 1069 1070 1129
2278 2 2 10 10 1069 1129 1128
2279 2 2 10 10 1070 1071 1130
2280 2 2 10 10 1070 1130 1129
2281 2 2 10 10 1071 1072 1131
2282 2 2 10 10 1071 1131 1130
2283 2 2 10 10 1072 1073 1132
2284 2 2 10 10 1072 1132 1131
2285 2 2 10 10 1073 1074 1133
2286 2 2 10 10 1073 1133 1132
2287 2 2 10 10 1074 1075 1134
2288 2 2 10 10 1074 1134 1133
2289 2 2 10 10 1075 1076 1135
2290 2 2 10 10 1075 1135 1134
2291 2 2 10 10 1076 1077 1136
2292 2 2 10 10 1076 1136 1135
2293 2 2 10 10 1077 1078 1137
2294 2 2 10 10 1077 1137 1136
2295 2 2 10 10 1079 1080 1139
2296 2 2 10 10 1079 1139 1138
2297 2 2 10 10 1080 1081 1140
2298 2 2 10 10 1080 1140 1139
2299 2 2 10 10 1081 1082 1141
2300 2 2 10 10 1081 1141 1140
2301 2 2 10 10 1082 1083 1142
2302 2 2 10 10 1082 1142 1141
2303 2 2 10 10 1083 1084 1143
2304 2 2 10 10 1083 1143 1142
2305 2 2 10 10 1084 1085 1144
2306 2 2 10 10 1084 1144 1143
2307 2 2 10 10 1085 1086 1145
2308 2 2 10 10 1085 1145 1144
2309 2 2 10 10 1086 1087 1146
2310 2 2 10 10 1086 1146 1145
2311 2 2 10 10 1087 1088 1147
2312 2 2 10 10 1087 1147 1146
2313 2 2 10 10 1088 1089 1148
2314 2 2 10 10 1088 1148 1147
2315 2 2 10 10 1089 1090 1149
2316 2 2 10 10 1089 1149 1148
2317 2 2 10 10 1090 1091 1150
2318 2 2 10 10 1090 1150 1149
2319 2 2 10 10 1091 1092 1151
2320 2 2 10 10 1091 1151 1150
2321 2 2 10 10 1092 1093 1152
2322 2 2 10 10 1092 1152 1151
2323 2 2 10 10 1093 1094 1153
2324 2 2 10 10 1093 1153 1152
2325 2 2 10 10 1094 1095 1154
2326 2 2 10 10 1094 1154 1153
2327 2 2 10 10 1095 1096 1155
2328 2 2 10 10 1095 1155 1154
2329 2 2 10 10 1096 1097 1156
2330 2 2 10 10 1096 1156 1155
2331 2 2 10 10 1097 1098 1157
2332 2 2 10 10 1097 1157 1156
2333 2 2 10 10 1098 1099 1158
2334 2 2 10 10 1098 1158 1157
2335 2 2 10 10 1099 1100 1159
2336 2 2 10 10 1099 1159 1158
2337 2 2 10 10 1100 1101 1160
2338 2 2 10 10 1100 1160 1159
2339 2 2 10 10 1101 1102 1161
2340 2 2 10 10 1101 1161 1160
2341 2 2 10 10 1102 1103 1162
2342 2 2 10 10 1102 1162 1161
2343 2 2 10 10 1103 1104 1163
2344 2 2 10 10 1103 1163 1162
2345 2 2 10 10 1104 1105 1164
2346 2 2 10 10 1104 1164 1163
2347 2 2 10 10 1105 1106 1165
2348 2 2 10 10 1105 1165 1164
2349 2 2 10 10 1106 1107 1166
2350 2 2 10 10 1106 1166 1165
2351 2 2 10 10 1108 1109 1168
2352 2 2 10 10 1108 1168 1167
2353 2 2 10 10 1109 1110 1169
2354 2 2 10 10 1109 1169 1168
2355 2 2 10 10 1110 1111 1170
2356 2 2 10 10 1110 1170 1169
2357 2 2 10 10 1111 1112 1171
2358 2 2 10 10 1111 1171 1170
2359 2 2 10 10 1112 1113 1172
2360 2 2 10 10 1112 1172 1171
2361 2 2 10 10 1113 1114 1173
2362 2 2 10 10 1113 1173 1172
2363 2 2 10 10 1114 1115 1174
2364 2 2 10 10 1114 1174 1173
2365 2 2 10 10 1115 1116 1175
2366 2 2 10 10 1115 1175 1174
2367 2 2 10 10 1116 1117 1176
2368 2 2 10 10 1116 1176 1175
2369 2 2 10 10 1117 1118 1177
2370 2 2 10 10 1117 1177 1176
2371 2 2 10 10 1118 1119 1178
2372 2 2 10 10 1118 1178 1177
2373 2 2 10 10 1119 1120 1179
2374 2 2 10 10 1119 1179 1178
2375 2 2 10 10 1120 1121 1180
2376 2 2 10 10 1120 1180 1179
2377 2 2 10 10 1121 1122 1181
2378 2 2 10 10 1121 1181 1180
2379 2 2 10 10 1122 1123 1182
2380 2 2 10 10 1122 1182 1181
2381 2 2 10 10 1123 1124 1183
2382 2 2 10 10 1123 1183 1182
2383 2 2 10 10 1124 1125 1184
2384 2 2 10 10 1124 1184 1183
2385 2 2 10 10 1125 1126 1185
2386 2 2 10 10 1125 1185 1184
2387 2 2 10 10 1126 1127 1186
2388 2 2 10 10 1126 1186 1185
2389 2 2 10 10 1127 1128 1187
2390 2 2 10 10 1127 1187 1186
2391 2 2 10 10 1128 1129 1188
2392 2 2 10 10 1128 1188 1187
2393 2 2 10 10 1129 1130 1189
2394 2 2 10 10 1129 1189 1188
2395 2 2 10 10 1130 1131 1190
2396 2 2 10 10 1130 1190 1189
2397 2 2 10 10 1131 1132 1191
2398 2 2 10 10 1131 1191 1190
2399 2 2 10 10 1132 1133 1192
2400 2 2 10 10 1132 1192 1191
2401 2 2 10 10 1133 1134 1193
2402 2 2 10 10 1133 1193 1192
2403 2 2 10 10 1134 1135 1194
2404 2 2 10 10 1134 1194 1193
2405 2 2 10 10 1135 1136 1195
2406 2 2 10 10 1135 1195 1194
2407 2 2 10 10 1138 1139 1197
2408 2 2 10 10 1138 1197 1196
2409 2 2 10 10 1139 1140 1198
2410 2 2 10 10 1139 1198 1197
2411 2 2 10 10 1140 1141 1199
2412 2 2 10 10 1140 1199 1198
2413 2 2 10 10 1141 1142 1200
2414 2 2 10 10 1141 1200 1199
2415 2 2 10 10 1142 1143 1201
2416 2 2 10 10 1142 1201 1200
2417 2 2 10 10 1143 1144 1202
2418 2 2 10 10 1143 1202 1201
2419 2 2 10 10 1144 1145 1203
2420 2 2 10 10 1144 1203 1202
2421 2 2 10 10 1145 1146 1204
2422 2 2 10 10 1145 1204 1203
2423 2 2 10 10 1146 1147 1205
2424 2 2 10 10 1146 1205 1204
2425 2 2 10 10 1147 1148 1206
2426 2 2 10 10 1147 1206 1205
2427 2 2 10 10 1148 1149 1207
2428 2 2 10 10 1148 1207 1206
2429 2 2 10 10 1149 1150 1208
2430 2 2 10 10 1149 1208 1207
2431 2 2 10 10 1150 1151 1209
2432 2 2 10 10 1150 1209 1208
2433 2 2 10 10 1151 1152 1210
2434 2 2 10 10 1151 1210 1209
2435 2 2 10 10 1152 1153 1211
2436 2 2 10 10 1152 1211 1210
2437 2 2 10 10 1153 1154 1212
2438 2 2 10 10 1153 1212 1211
2439 2 2 10 10 1154 1155 1213
2440 2 2 10 10 1154 1213 1212
2441 2 2 10 10 1155 1156 1214
2442 2 2 10 10 1155 1214 1213
2443 2 2 10 10 1156 1157 1215
2444 2 2 10 10 1156 1215 1214
2445 2 2 10 10 1157 1158 1216
2446 2 2 10 10 1157 1216 1215
2447 2 2 10 10 1158 1159 1217
2448 2 2 10 10 1158 1217 1216
2449 2 2 10 10 1159 1160 1218
2450 2 2 10 10 1159 1218 1217
2451 2 2 10 10 1160 1161 1219
2452 2 2 10 10 1160 1219 1218
2453 2 2 10 10 1161 1162 1220
2454 2 2 10 10 1161 1220 1219
2455 2 2 10 10 1162 1163 1221
2456 2 2 10 10 1162 1221 1220
2457 2 2 10 10 1163 1164 1222
2458 2 2 10 10 1163 1222 1221
2459 2 2 10 10 1164 1165 1223
2460 2 2 10 10 1164 1223 1222
2461 2 2 10 10 1165 1166 1224
2462 2 2 10 10 1165 1224 1223
2463 2 2 10 10 1167 1168 1226
2464 2 2 10 10 1167 1226 1225
2465 2 2 10 10 1168 1169 1227
2466 2 2 10 10 1168 1227 1226
2467 2 2 10 10 1169 1170 1228
2468 2 2 10 10 1169 1228 1227
2469 2 2 10 10 1170 1171 1229
2470 2 2 10 10 1170 1229 1228
2471 2 2 10 10 1171 1172 1230
2472 2 2 10 10 1171 1230 1229
2473 2 2 10 10 1172 1173 1231
2474 2 2 10 10 1172 1231 1230
2475 2 2 10 10 1173 1174 1232
2476 2 2 10 10 1173 1232 1231
2477 2 2 10 10 1174 1175 1233
2478 2 2 10 10 1174 1233 1232
2479 2 2 10 10 1175 1176 1234
2480 2 2 10 10 1175 1234 1233
2481 2 2 10 10 1176 1177 1235
2482 2 2 10 10 1176 1235 1234
2483 2 2 10 10 1177 1178 1236
2484 2 2 10 10 1177 1236 1235
2485 2 2 10 10 1178 1179 1237
2486 2 2 10 10 1178 1237 1236
2487 2 2 10 10 1179 1180 1238
2488 2 2 10 10 1179 1238 1237
2489 2 2 10 10 1180 1181 1239
2490 2 2 10 10 1180 1239 1238
2491 2 2 10 10 1181 1182 1240
2492 2 2 10 10 1181 1240 1239
2493 2 2 10 10 1182 1183 1241
2494 2 2 10 10 1182 1241 1240
2495 2 2 10 10 1183 1184 1242
2496 2 2 10 10 1183 1242 1241
2497 2 2 10 10 1184 1185 1243
2498 2 2 10 10 1184 1243 1242
2499 2 2 10 10 1185 1186 1244
2500 2 2 10 10 1185 1244 1243
2501 2 2 10 10 1186 1187 1245
2502 2 2 10 10 1186 1245 1244
2503 2 2 10 10 1187 1188 1246
2504 2 2 10 10 1187 1246 1245
2505 2 2 10 10 1188 1189 1247
2506 2 2 10 10 1188 1247 1246
2507 2 2 10 10 1189 1190 1248
2508 2 2 10 10 1189 1248 1247
2509 2 2 10 10 1190 1191 1249
2510 2 2 10 10 1190 1249 1248
2511 2 2 10 10 1191 1192 1250
2512 2 2 10 10 1191 1250 1249
2513 2 2 10 10 1192 1193 1251
2514 2 2 10 10 1192 1251 1250
2515 2 2 10 10 1193 1194 1252
2516 2 2 10 10 1193 1252 1251
2517 2 2 10 10 1194 1195 1253
2518 2 2 10 10 1194 1253 1252
2519 2 2 10 10 1197 1198 1255
2520 2 2 10 10 1197 1255 1254
2521 2 2 10 10 1198 1199 1256
2522 2 2 10 10 1198 1256 1255
2523 2 2 10 10 1199 1200 1257
2524 2 2 10 10 1199 1257 1256
2525 2 2 10 10 1200 1201 1258
2526 2 2 10 10 1200 1258 1257
2527 2 2 10 10 1201 1202 1259
2528 2 2 10 10 1201 1259 1258
2529 2 2 10 10 1202 1203 1260
2530 2 2 10 10 1202 1260 1259
2531 2 2 10 10 1203 1204 1261
2532 2 2 10 10 1203 1261 1260
2533 2 2 10 10 1204 1205 1262
2534 2 2 10 10 1204 1262 1261
2535 2 2 10 10 1205 1206 1263
2536 2 2 10 10 1205 1263 1262
2537 2 2 10 10 1206 1207 1264
2538 2 2 10 10 1206 1264 1263
2539 2 2 10 10 1207 1208 1265
2540 2 2 10 10 1207 1265 1264
2541 2 2 10 10 1208 1209 1266
2542 2 2 10 10 1208 1266 1265
2543 2 2 10 10 1209 1210 1267
2544 2 2 10 10 1209 1267 1266
2545 2 2 10 10 1210 1211 1268
2546 2 2 10 10 1210 1268 1267
2547 2 2 10 10 1211 1212 1269
2548 2 2 10 10 1211 1269 1268
2549 2 2 10 10 1212 1213 1270
2550 2 2 10 10 1212 1270 1269
2551 2 2 10 10 1213 1214 1271
2552 2 2 10 10 1213 1271 1270
2553 2 2 10 10 1214 1215 1272
2554 2 2 10 10 1214 1272 1271
2555 2 2 10 10 1215 1216 1273
2556 2 2 10 10 1215 1273 1272
2557 2 2 10 10 1216 1217 1274
2558 2 2 10 10 1216 1274 1273
2559 2 2 10 10 1217 1218 1275
2560 2 2 10 10 1217 1275 1274
2561 2 2 10 10 1218 1219 1276
2562 2 2 10 10 1218 1276 1275
2563 2 2 10 10 1219 1220 1277
2564 2 2 10 10 1219 1277 1276
2565 2 2 10 10 1220 1221 1278
2566 2 2 10 10 1220 1278 1277
2567 2 2 10 10 1221 1222 1279
2568 2 2 10 10 1221 1279 1278
2569 2 2 10 10 1222 1223 1280
2570 2 2 10 10 1222 1280 1279
2571 2 2 10 10 1223 1224 1281
2572 2 2 10 10 1223 1281 1280
2573 2 2 10 10 1225 1226 1283
2574 2 2 10 10 1225 1283 1282
2575 2 2 10 10 1226 1227 1284
2576 2 2 10 10 1226 1284 1283
2577 2 2 10 10 1227 1228 1285
2578 2 2 10 10 1227 1285 1284
2579 2 2 10 10 1228 1229 1286
2580 2 2 10 10 1228 1286 1285
2581 2 2 10 10 1229 1230 1287
2582 2 2 10 10 1229 1287 1286
2583 2 2 10 10 1230 1231 1288
2584 2 2 10 10 1230 1288 1287
2585 2 2 10 10 1231 1232 1289
2586 2 2 10 10 1231 1289 1288
2587 2 2 10 10 1232 1233 1290
2588 2 2 10 10 1232 1290 1289
2589 2 2 10 10 1233 1234 1291
2590 2 2 10 10 1233 1291 1290
2591 2 2 10 10 1234 1235 1292
2592 2 2 10 10 1234 1292 1291
2593 2 2 10 10 1235 1236 1293
2594 2 2 10 10 1235 1293 1292
2595 2 2 10 10 1236 1237 1294
2596 2 2 10 10 1236 1294 1293
2597 2 2 10 10 1237 1238 1295
2598 2 2 10 10 1237 1295 1294
2599 2 2 10 10 1238 1239 1296
2600 2 2 10 10 1238 1296 1295
2601 2 2 10 10 1239 1240 1297
2602 2 2 10 10 1239 1297 1296
2603 2 2 10 10 1240 1241 1298
2604 2 2 10 10 1240 1298 1297
2605 2 2 10 10 1241 1242 1299
2606 2 2 10 10 1241 1299 1298
2607 2 2 10 10 1242 1243 1300
2608 2 2 10 10 1242 1300 1299
2609 2 2 10 10 1243 1244 1301
2610 2 2 10 10 1243 1301 1300
2611 2 2 10 10 1244 1245 1302
2612 2 2 10 10 1244 1302 1301
2613 2 2 10 10 1245 1246 1303
2614 2 2 10 10 1245 1303 1302
2615 2 2 10 10 1246 1247 1304
2616 2 2 10 10 1246 1304 1303
2617 2 2 10 10 1247 1248 1305
2618 2 2 10 10 1247 1305 1304
2619 2 2 10 10 1248 1249 1306
2620 2 2 10 10 1248 1306 1305
2621 2 2 10 10 1249 1250 1307
2622 2 2 10 10 1249 1307 1306
2623 2 2 10 10 1250 1251 1308
2624 2 2 10 10 1250 1308 1307
2625 2 2 10 10 1251 1252 1309
2626 2 2 10 10 1251 1309 1308
2627 2 2 10 10 1252 1253 1310
2628 2 2 10 10 1252 1310 1309
2629 2 2 10 10 1254 1255 1312
2630 2 2 10 10 1254 1312 1311
2631 2 2 10 10 1255 1256 1313
2632 2 2 10 10 1255 1313 1312
2633 2 2 10 10 1256 1257 1314
2634 2 2 10 10 1256 1314 1313
2635 2 2 10 10 1257 1258 1315
2636 2 2 10 10 1257 1315 1314
2637 2 2 10 10 1258 1259 1316
2638 2 2 10 10 1258 1316 1315
2639 2 2 10 10 1259 1260 1317
2640 2 2 10 10 1259 1317 1316
2641 2 2 10 10 1260 1261 1318
2642 2 2 10 10 1260 1318 1317
2643 2 2 10 10 1261 1262 1319
2644 2 2 10 10 1261 1319 1318
2645 2 2 10 10 1262 1263 1320
2646 2 2 10 10 1262 1320 1319
2647 2 2 10 10 1263 1264 1321
2648 2 2 10 10 1263 1321 1320
2649 2 2 10 10 1264 1265 1322
2650 2 2 10 10 1264 1322 1321
2651 2 2 10 10 1265 1266 1323
2652 2 2 10 10 1265 1323 1322
2653 2 2 10 10 1266 1267 1324
2654 2 2 10 10 1266 1324 1323
2655 2 2 10 10 1267 1268 1325
2656 2 2 10 10 1267 1325 1324
2657 2 2 10 10 1268 1269 1326
2658 2 2 10 10 1268 1326 1325
2659 2 2 10 10 1269 1270 1327
2660 2 2 10 10 1269 1327 1326
2661 2 2 10 10 1270 1271 1328
2662 2 2 10 10 1270 1328 1327
2663 2 2 10 10 1271 1272 1329
2664 2 2 10 10 1271 1329 1328
2665 2 2 10 10 1272 1273 1330
2666 2 2 10 10 1272 1330 1329
2667 2 2 10 10 1273 1274 1331
2668 2 2 10 10 1273 1331 1330
2669 2 2 10 10 1274 1275 1332
2670 2 2 10 10 1274 1332 1331
2671 2 2 10 10 1275 1276 1333
2672 2 2 10 10 1275 1333 1332
2673 2 2 10 10 1276 1277 1334
2674 2 2 10 10 1276 1334 1333
2675 2 2 10 10 1277 1278 1335
2676 2 2 10 10 1277 1335 1334
2677 2 2 10 10 1278 1279 1336
2678 2 2 10 10 1278 1336 1335
2679 2 2 10 10 1279 1280 1337
2680 2 2 10 10 1279 1337 1336
2681 2 2 10 10 1280 1281 1338
2682 2 2 10 10 1280 1338 1337
2683 2 2 10 10 1282 1283 1340
2684 2 2 10 10 1282 1340 1339
2685 2 2 10 10 1283 1284 1341
2686 2 2 10 10 1283 1341 1340
2687 2 2 10 10 1284 1285 1342
2688 2 2 10 10 1284 1342 1341
2689 2 2 10 10 1285 1286 1343
2690 2 2 10 10 1285 1343 1342
2691 2 2 10 10 1286 1287 1344
2692 2 2 10 10 1286 1344 1343
2693 2 2 10 10 1287 1288 1345
2694 2 2 10 10 1287 1345 1344
2695 2 2 10 10 1288 1289 1346
2696 2 2 10 10 1288 1346 1345
2697 2 2 10 10 1289 1290 1347
2698 2 2 10 10 1289 1347 1346
2699 2 2 10 10 1290 1291 1348
2700 2 2 10 10 1290 1348 1347
2701 2 2 10 10 1291 1292 1349
2702 2 2 10 10 1291 1349 1348
2703 2 2 10 10 1292 1293 1350
2704 2 2 10 10 1292 1350 1349
2705 2 2 10 10 1293 1294 1351
2706 2 2 10 10 1293 1351 1350
2707 2 2 10 10 1294 1295 1352
2708 2 2 10 10 1294 1352 1351
2709 2 2 10 10 1295 1296 1353
2710 2 2 10 10 1295 1353 1352
2711 2 2 10 10 1296 1297 1354
2712 2 2 10 10 1296 1354 1353
2713 2 2 10 10 1297 1298 1355
2714 2 2 10 10 1297 1355 1354
2715 2 2 10 10 1298 1299 1356
2716 2 2 10 10 1298 1356 1355
2717 2 2 10 10 1299 1300 1357
2718 2 2 10 10 1299 1357 1356
2719 2 2 10 10 1300 1301 1358
2720 2 2 10 10 1300 1358 1357
2721 2 2 10 10 1301 1302 1359
2722 2 2 10 10 1301 1359 1358
2723 2 2 10 10 1302 1303 1360
2724 2 2 10 10 1302 1360 1359
2725 2 2 10 10 1303 1304 1361
2726 2 2 10 10 1303 1361 1360
2727 2 2 10 10 1304 1305 1362
2728 2 2 10 10 1304 1362 1361
2729 2 2 10 10 1305 1306 1363
2730 2 2 10 10 1305 1363 1362
2731 2 2 10 10 1306 1307 1364
2732 2 2 10 10 1306 1364 1363
2733 2 2 10 10 1307 1308 1365
2734 2 2 10 10 1307 1365 1364
2735 2 2 10 10 1308 1309 1366
2736 2 2 10 10 1308 1366 1365
2737 2 2 10 10 1312 1313 1368
2738 2 2 10 10 1312 1368 1367
2739 2 2 10 10 1313 1314 1369
2740 2 2 10 10 1313 1369 1368
2741 2 2 10 10 1314 1315 1370
2742 2 2 10 10 1314 1370 1369
2743 2 2 10 10 1315 1316 1371
2744 2 2 10 10 1315 1371 1370
2745 2 2 10 10 1316 1317 1372
2746 2 2 10 10 1316 1372 1371
2747 2 2 10 10 1317 1318 1373
2748 2 2 10 10 1317 1373 1372
2749 2 2 10 10 1318 1319 1374
2750 2 2 10 10 1318 1374 1373
2751 2 2 10 10 1319 1320 1375
2752 2 2 10 10 1319 1375 1374
2753 2 2 10 10 1320 1321 1376
2754 2 2 10 10 1320 1376 1375
2755 2 2 10 10 1321 1322 1377
2756 2 2 10 10 1321 1377 1376
2757 2 2 10 10 1322 1323 1378
2758 2 2 10 10 1322 1378 1377
2759 2 2 10 10 1323 1324 1379
2760 2 2 10 10 1323 1379 1378
2761 2 2 10 10 1324 1325 1380
2762 2 2 10 10 1324 1380 1379
2763 2 2 10 10 1325 1326 1381
2764 2 2 10 10 1325 1381 1380
2765 2 2 10 10 1326 1327 1382
2766 2 2 10 10 1326 1382 1381
2767 2 2 10 10 1327 1328 1383
2768 2 2 10 10 1327 1383 1382
2769 2 2 10 10 1328 1329 1384
2770 2 2 10 10 1328 1384 1383
2771 2 2 10 10 1329 1330 1385
2772 2 2 10 10 1329 1385 1384
2773 2 2 10 10 1330 1331 1386
2774 2 2 10 10 1330 1386 1385
2775 2 2 10 10 1331 1332 1387
2776 2 2 10 10 1331 1387 1386
2777 2 2 10 10 1332 1333 1388
2778 2 2 10 10 1332 1388 1387
2779 2 2 10 10 1333 1334 1389
2780 2 2 10 10 1333 1389 1388
2781 2 2 10 10 1334 1335 1390
2782 2 2 10 10 1334 1390 1389
2783 2 2 10 10 1335 1336 1391
2784 2 2 10 10 1335 1391 1390
2785 2 2 10 10 1336 1337 1392
2786 2 2 10 10 1336 1392 1391
2787 2 2 10 10 1337 1338 1393
2788 2 2 10 10 1337 1393 1392
2789 2 2 10 10 1339 1340 1395
2790 2 2 10 10 1339 1395 1394
2791 2 2 10 10 1340 1341 1396
2792 2 2 10 10 1340 1396 1395
2793 2 2 10 10 1341 1342 1397
2794 2 2 10 10 1341 1397 1396
2795 2 2 10 10 1342 1343 1398
2796 2 2 10 10 1342 1398 1397
2797 2 2 10 10 1343 1344 1399
2798 2 2 10 10 1343 1399 1398
2799 2 2 10 10 1344 1345 1400
2800 2 2 10 10 1344 1400 1399
2801 2 2 10 10 1345 1346 1401
2802 2 2 10 10 1345 1401 1400
2803 2 2 10 10 1346 1347 1402
2804 2 2 10 10 1346 1402 1401
2805 2 2 10 10 1347 1348 1403
2806 2 2 10 10 1347 1403 1402
2807 2 2 10 10 1348 1349 1404
2808 2 2 10 10 1348 1404 1403
2809 2 2 10 10 1349 1350 1405
2810 2 2 10 10 1349 1405 1404
2811 2 2 10 10 1350 1351 1406
2812 2 2 10 10 1350 1406 1405
2813 2 2 10 10 1351 1352 1407
2814 2 2 10 10 1351 1407 1406
2815 2 2 10 10 1352 1353 1408
2816 2 2 10 10 1352 1408 1407
2817 2 2 10 10 1353 1354 1409
2818 2 2 10 10 1353 1409 1408
2819 2 2 10 10 1354 1355 1410
2820 2 2 10 10 1354 1410 1409
2821 2 2 10 10 1355 1356 1411
2822 2 2 10 10 1355 1411 1410
2823 2 2 10 10 1356 1357 1412
2824 2 2 10 10 1356 1412 1411
2825 2 2 10 10 1357 1358 1413
2826 2 2 10 10 1357 1413 1412
2827 2 2 10 10 1358 1359 1414
2828 2 2 10 10 1358 1414 1413
2829 2 2 10 10 1359 1360 1415
2830 2 2 10 10 1359 1415 1414
2831 2 2 10 10 1360 1361 1416
2832 2 2 10 10 1360 1416 1415
2833 2 2 10 10 1361 1362 1417
2834 2 2 10 10 1361 1417 1416
2835 2 2 10 10 1362 1363 1418
2836 2 2 10 10 1362 1418 1417
2837 2 2 10 10 1363 1364 1419
2838 2 2 10 10 1363 1419 1418
2839 2 2 10 10 1364 1365 1420
2840 2 2 10 10 1364 1420 1419
2841 2 2 10 10 1368 1369 1422
2842 2 2 10 10 1368 1422 1421
2843 2 2 10 10 1369 1370 1423
2844 2 2 10 10 1369 1423 1422
2845 2 2 10 10 1370 1371 1424
2846 2 2 10 10 1370 1424 1423
2847 2 2 10 10 1371 1372 1425
2848 2 2 10 10 1371 1425 1424
2849 2 2 10 10 1372 1373 1426
2850 2 2 10 10 1372 1426 1425
2851 2 2 10 10 1373 1374 1427
2852 2 2 10 10 1373 1427 1426
2853 2 2 10 10 1374 1375 1428
2854 2 2 10 10 1374 1428 1427
2855 2 2 10 10 1375 1376 1429
2856 2 2 10 10 1375 1429 1428
2857 2 2 10 10 1376 1377 1430
2858 2 2 10 10 1376 1430 1429
2859 2 2 10 10 1377 1378 1431
2860 2 2 10 10 1377 1431 1430
2861 2 2 10 10 1378 1379 1432
2862 2 2 10 10 1378 1432 1431
2863 2 2 10 10 1379 1380 1433
2864 2 2 10 10 1379 1433 1432
2865 2 2 10 10 1380 1381 1434
2866 2 2 10 10 1380 1434 1433
2867 2 2 10 10 1381 1382 1435
2868 2 2 10 10 1381 1435 1434
2869 2 2 10 10 1382 1383 1436
2870 2 2 10 10 1382 1436 1435
2871 2 2 10 10 1383 1384 1437
2872 2 2 10 10 1383 1437 1436
2873 2 2 10 10 1384 1385 1438
2874 2 2 10 10 1384 1438 1437
2875 2 2 10 10 1385 1386 1439
2876 2 2 10 10 1385 1439 1438
2877 2 2 10 10 1386 1387 1440
2878 2 2 10 10 1386 1440 1439
2879 2 2 10 10 1387 1388 1441
2880 2 2 10 10 1387 1441 1440
2881 2 2 10 10 1388 1389 1442
2882 2 2 10 10 1388 1442 1441
2883 2 2 10 10 1389 1390 1443
2884 2 2 10 10 1389 1443 1442
2885 2 2 10 10 1390 1391 1444
2886 2 2 10 10 1390 1444 1443
2887 2 2 10 10 1391 1392 1445
2888 2 2 10 10 1391 1445 1444
2889 2 2 10 10 1392 1393 1446
2890 2 2 10 10 1392 1446 1445
$EndElements
