/*--------------------------------*- C++ -*----------------------------------*\
| =========                 |                                                 |
| \\      /  F ield         | OpenFOAM: The Open Source CFD Toolbox           |
|  \\    /   O peration     | Version:  2506                                  |
|   \\  /    A nd           | Website:  www.openfoam.com                      |
|    \\/     M anipulation  |                                                 |
\*---------------------------------------------------------------------------*/
FoamFile
{
    version     2.0;
    format      ascii;
    arch        "LSB;label=32;scalar=64";
    class       volVectorField;
    location    "5000";
    object      U;
}
// * * * * * * * * * * * * * * * * * * * * * * * * * * * * * * * * * * * * * //

dimensions      [0 1 -1 0 0 0 0];

internalField   nonuniform List<vector> 
4096
(
(-0.0002530155728619159 0.0002448356314502674 -4.142493998193355e-21)
(0.0008059210493502342 -0.0001860531091135026 -1.777684307108211e-18)
(0.004041775679195444 -0.0005922780800943028 -1.901743062515728e-17)
(0.00884715976049028 -0.0008474596071141379 -4.079883389959133e-18)
(0.01448464594232415 -0.0009432223325008164 -2.059966360277591e-17)
(0.02017336049192237 -0.0008858220409216506 -1.619712653445946e-17)
(0.02518183949213661 -0.0007012005175711217 -2.095590775531376e-17)
(0.02887975390988941 -0.0004146597594172067 -3.354068473525783e-18)
(0.03100262953080226 -0.0001428003004426962 -1.629254305173387e-17)
(0.03184276733171114 2.986448526593485e-05 -3.215825156344789e-18)
(0.03191666166517947 0.0001046258754044213 -1.259297746256915e-17)
(0.03164529300963197 0.0001173190850800956 -2.331903731910417e-18)
(0.03128192244178823 0.0001000245819672296 -6.258447637020562e-20)
(0.03094906749167995 7.445496292306796e-05 3.748909785274146e-20)
(0.03068784638860495 5.080766016533775e-05 -4.672306573433137e-21)
(0.0305000587939464 3.26225747438963e-05 -1.180842707350496e-19)
(0.03037233340347324 2.003022424118941e-05 -1.128279294834806e-18)
(0.03028853527621722 1.19094246376166e-05 -1.701559933037201e-17)
(0.03023475336841011 6.935750888653048e-06 -1.992553515771524e-18)
(0.0302006114770034 4.003507501324199e-06 -2.784750969411591e-19)
(0.030178990779401 2.319017057153044e-06 -7.770769052069064e-19)
(0.03016527561698426 1.362245199726023e-06 -1.57549905440405e-17)
(0.03015660277053053 8.123901910996565e-07 -2.202990014630003e-18)
(0.03015128008464844 4.776269986540166e-07 -9.602261626728631e-18)
(0.03014839968748986 2.397590698535687e-07 -1.506367188985982e-18)
(0.0301476254204705 1.263397131795299e-08 -6.933297200111377e-20)
(0.03014912994327454 -2.92460505252225e-07 4.362445495032917e-20)
(0.03015366969725098 -7.988682395409578e-07 3.203308544908489e-20)
(0.0301627900413915 -1.703963132288232e-06 2.179899096072924e-20)
(0.03017917928348341 -3.32013218641759e-06 9.697696172757356e-21)
(0.03020712607227362 -6.117616405636559e-06 2.885263494691233e-21)
(0.03025298620086901 -1.074279707988772e-05 6.935123593767674e-22)
(0.03032537425997773 -1.796181119628779e-05 4.981590737423736e-22)
(0.03043445638077474 -2.842710570521156e-05 3.507773649010191e-21)
(0.03058928064261525 -4.213815002582841e-05 3.401838325271792e-20)
(0.03079119431988825 -5.732928220053998e-05 3.779953482304715e-19)
(0.03102163665233497 -6.89439512307368e-05 7.803131162021963e-18)
(0.03122053314442899 -6.605747025666614e-05 7.685453064525732e-19)
(0.03126008995459027 -3.216646963778767e-05 9.965086261227812e-20)
(0.03092103666320478 5.300649391995e-05 5.345900601497645e-21)
(0.02991557714515379 0.000194097135209234 1.292872835729261e-21)
(0.02805449501802134 0.0003476771576080684 8.106370548803967e-21)
(0.02546379885388819 0.0004442924529263505 4.173059803276925e-20)
(0.02244892612201208 0.0004869259502349964 4.191441006111126e-19)
(0.01928646537404855 0.0004813570451397058 -6.720432555971225e-20)
(0.01619376748796694 0.0004472798246392905 3.899699312434735e-18)
(0.01329728274354366 0.0004001861555982932 6.601845100803785e-19)
(0.01065627549168676 0.000350338244688843 4.067837272296972e-18)
(0.008289179961688334 0.0003017502300437973 5.766601124180435e-19)
(0.006201755090497352 0.0002531266490847417 4.312948503230269e-19)
(0.004404683526625651 0.0002005286992953282 2.820924244873426e-18)
(0.002937748688112557 0.0001350296476524056 4.7107769576087e-19)
(0.001793726590650198 7.193826328841013e-05 5.79142449477684e-20)
(0.001284133305074796 -7.365895665393489e-05 1.69195862405266e-20)
(6.587551004190768e-05 3.971272591559548e-05 1.306109340137063e-20)
(0.0003809268559580616 0.0002300646277620698 3.073983419597152e-20)
(-5.686736853031255e-08 1.638693968139451e-08 3.085112431465797e-22)
(-8.06247999933854e-08 2.569348887728612e-08 9.157003511943346e-22)
(-9.43989872707017e-08 3.466548303065423e-08 6.376760619823314e-21)
(-9.695260346788935e-08 4.181975917745209e-08 2.779983976596985e-21)
(-8.857490954865439e-08 4.544279540716952e-08 8.477726689386986e-21)
(-7.073333533675523e-08 4.370549070125806e-08 1.15853699618735e-21)
(-4.567961656045714e-08 3.469004338679024e-08 -1.753683306262958e-21)
(-1.559792452070249e-08 1.618789031467005e-08 -4.002908687780452e-22)
(0.0001338268297263801 -0.0007856856631918859 1.790699833882682e-18)
(0.004268557030375751 -0.004432155041102819 2.18153926509584e-19)
(0.01274318015569703 -0.007790066877343837 -1.397514984672014e-17)
(0.0243162843677462 -0.009989730904611827 -4.523562361434923e-18)
(0.03752488979415478 -0.01080096707006196 -1.376573122913385e-17)
(0.05077508924859531 -0.01019653498068548 -2.166034911985696e-17)
(0.06251717627769443 -0.00834618061313361 -2.105669121914421e-17)
(0.07134495506047372 -0.005608089725469841 -3.555429439886082e-18)
(0.07663580057293606 -0.00290574639022043 -1.815952029081811e-17)
(0.07904161299674663 -0.0009733635634870837 -3.678718524793578e-18)
(0.07970230636938977 9.073066332955487e-05 -1.341430086440924e-17)
(0.07951849747401951 0.0005289548334896812 -2.480674933051802e-18)
(0.07902922108953399 0.0006111560628424098 1.681989152938791e-18)
(0.07850804391417222 0.000534137348651245 4.594844494646284e-19)
(0.07806447737248182 0.0004102659602962179 2.884942814413811e-20)
(0.07772585425986334 0.0002921800020868075 -2.171053240356676e-19)
(0.07748309578032783 0.0001982672459168237 -5.115855560952839e-19)
(0.07731572039033723 0.0001304370132288879 -1.137417997264907e-17)
(0.07720300895596076 8.425683787380838e-05 -2.355159210892655e-18)
(0.07712807669840513 5.395955965637031e-05 -1.176198822870449e-19)
(0.07707854897101676 3.447447029298911e-05 -1.97110634466177e-19)
(0.0770459360361965 2.197126846888304e-05 -1.059146414075689e-17)
(0.07702469721270765 1.377039347887961e-05 -2.291692207682739e-18)
(0.07701140822160821 8.048874630997429e-06 -1.07701576779876e-17)
(0.07700416352465449 3.522262001668391e-06 -2.62343081628002e-18)
(0.07700223109015707 -8.424813455302115e-07 7.370077443006559e-19)
(0.07700594804599854 -6.092459084167545e-06 4.893290178054013e-19)
(0.07701684255249588 -1.351815580810472e-05 2.646295030663326e-19)
(0.07703796286306627 -2.491368715467011e-05 1.789362963999362e-19)
(0.07707441883212889 -4.277738469176855e-05 7.236809906375769e-20)
(0.0771340114478017 -7.038556362675182e-05 1.860406008326576e-20)
(0.07722771482565328 -0.0001114876381912736 3.932370224785333e-21)
(0.07736941832926815 -0.0001691605834309916 1.326148344210629e-21)
(0.07757371608873855 -0.0002430641636811724 2.38752660163393e-21)
(0.07784980468913533 -0.0003241139130580684 -1.888487072415434e-21)
(0.07818794630957016 -0.0003853944535360576 -1.486264918641781e-19)
(0.07853591646794197 -0.0003697137243484743 8.020390027873655e-18)
(0.07875667278700611 -0.000174914415644952 1.171112949336883e-18)
(0.07857685644077109 0.0003428226420318579 1.162868434079124e-19)
(0.07752464753014 0.00133058644755513 -6.618311724204948e-20)
(0.07495735729426782 0.002772741458246901 -4.864373128027596e-21)
(0.07043730642499157 0.004290724352728569 4.41735609135181e-20)
(0.06425769447687614 0.005368121858957733 -2.284577543936048e-20)
(0.05711211551276876 0.005920876929716414 5.040210451084844e-18)
(0.04960435721112923 0.006001717489010168 -3.424092413412254e-18)
(0.04221192843440283 0.005760557201318127 -7.103005840009827e-19)
(0.03521819043687952 0.005340183722548597 5.012409513853542e-20)
(0.0287641369142469 0.004842643087437644 4.960539631748917e-19)
(0.02290158477284673 0.004319262798993985 4.471334443391689e-19)
(0.01764939388805223 0.003777330010272201 5.813115536899225e-19)
(0.01302907047142735 0.003196505298726955 4.800742781835814e-18)
(0.009112229362921701 0.002548758705660194 6.646138296192852e-19)
(0.00588649478455347 0.00185705159036351 1.323393293733751e-19)
(0.003845556770304028 0.001159686558734046 8.076887912246379e-20)
(0.0008689101372611862 0.001028279494032727 9.358314154901691e-20)
(0.001057682545830679 0.001094881190071265 2.592407441322645e-19)
(-1.20249503779337e-07 4.699243008805289e-08 2.300131886675846e-21)
(-1.689988591881131e-07 7.392489489793045e-08 1.316273105152708e-20)
(-1.9810972385053e-07 9.99558381588805e-08 1.132031500049146e-19)
(-2.043120805782445e-07 1.208099327821568e-07 3.36130947170527e-20)
(-1.875611713280918e-07 1.315138280366538e-07 1.023421317762703e-19)
(-1.50429709423267e-07 1.267411056092051e-07 1.395208351622053e-20)
(-9.73710989105351e-08 1.00887384702885e-07 -1.181563876261445e-20)
(-3.344915394901007e-08 4.734845614911588e-08 -2.377524426733959e-21)
(0.0004716157899707479 -0.003822250764986899 1.866889676646893e-17)
(0.007352983214809964 -0.0127947474858457 2.064345135853961e-17)
(0.01991467496036238 -0.02038007515268679 2.608028296083802e-19)
(0.03632077055340099 -0.02529506036681152 6.226178014974195e-19)
(0.05470241481722694 -0.02705525305310488 1.734642831651995e-17)
(0.07305690827504353 -0.02553267434112791 1.981567427174812e-17)
(0.08938104631171474 -0.02102760823337676 1.938464033467214e-17)
(0.1015708669843929 -0.01430961590742456 2.664471845490692e-18)
(0.108624235176557 -0.007674665592737512 -1.133798933883984e-18)
(0.1117107887972713 -0.002961300656152649 9.736779517591169e-19)
(0.1126408052085436 -0.0003544009986959096 -1.439267990425307e-18)
(0.1126165704195038 0.0007824690786171724 2.211444502708399e-18)
(0.1122483073669101 0.001090890464349798 1.878446807657265e-17)
(0.1118183699010385 0.001019158947434891 2.598570259320644e-18)
(0.1114358066079771 0.0008157009216582925 5.114777171437796e-20)
(0.1111329405882203 0.0006007464975006124 -1.327214999457029e-18)
(0.1109076305010482 0.0004206613958153662 2.96003183697861e-19)
(0.1107460306055633 0.0002855066671072368 -1.125878238449191e-18)
(0.1106325519862342 0.0001903021292935499 1.091595317653182e-18)
(0.1105537830643295 0.0001257285914120387 1.823400097519173e-18)
(0.1104994515516182 8.276523403517783e-05 1.758498821626345e-18)
(0.1104622059375329 5.421094733500499e-05 -5.56910649886817e-19)
(0.1104370438898642 3.480003247958134e-05 -4.005015311959455e-19)
(0.1104207470292261 2.079640585356713e-05 -1.324914553549379e-18)
(0.1104114532238128 9.459506308290372e-06 -1.408856319143005e-18)
(0.1104084032347995 -1.482508644462186e-06 9.034440916237059e-18)
(0.1104118715131851 -1.432161234725076e-05 3.596521470081035e-18)
(0.1104232652170401 -3.182253516291595e-05 1.785315791759714e-18)
(0.1104454075777392 -5.768590522926094e-05 1.332194955977863e-18)
(0.110482971657916 -9.687223401524671e-05 4.473266772145557e-19)
(0.1105429762478004 -0.0001556026720764913 8.828681514382698e-20)
(0.1106351277443079 -0.0002405122426813259 1.494536791306933e-20)
(0.1107714801220917 -0.0003559936693646465 4.66979074312335e-21)
(0.1109642488747255 -0.0004981881946566827 1.396361984593589e-20)
(0.1112199939747896 -0.0006436220219357699 5.676022178441791e-20)
(0.1115263005989363 -0.0007300553971563027 -3.320430721029759e-20)
(0.1118294125179388 -0.0006291752039816233 -5.43633781101299e-18)
(0.1119857239603965 -0.0001099902866165331 -1.995593279411826e-18)
(0.1116919945703369 0.001168431050319223 -2.373557212563163e-19)
(0.1103316426515953 0.003592519932481051 -8.662576647564451e-19)
(0.1068877280065486 0.007165054264638858 -5.256974145565033e-20)
(0.1005748718450783 0.01093257656558172 3.655362580903525e-19)
(0.09190440581926707 0.01358153735215958 5.03475183384535e-19)
(0.08200244256019688 0.01494002622893798 1.060051157328878e-18)
(0.07168401466521539 0.01516506229404457 -1.197605133549922e-19)
(0.06156505933889789 0.01462087259948879 -9.92156447620022e-20)
(0.05197934747784858 0.01364643801424926 1.103017423343842e-19)
(0.04307931611546314 0.01248200294721639 6.034048660933808e-19)
(0.0349078152898671 0.0112516577388952 7.970454972849356e-19)
(0.02746905653882532 0.009979875261704491 3.801713202574516e-19)
(0.02077240807064007 0.008626292068108006 5.158598167030576e-19)
(0.01490191065467844 0.007133369666058919 1.952944981537428e-19)
(0.009845114021257808 0.005525966232906764 4.800597897961233e-19)
(0.006323046191584196 0.003923318563085808 6.003350972162629e-19)
(0.001695497878557416 0.003125011901807207 5.003339534297443e-19)
(0.00170449543872584 0.002488729386114355 7.857643021180834e-19)
(-1.494815809531362e-07 7.143908389026579e-08 -3.007936980947845e-20)
(-2.092415320210927e-07 1.127639361392027e-07 1.091856661835218e-19)
(-2.456082308814134e-07 1.528420077884251e-07 -1.584043929403715e-18)
(-2.541450240242646e-07 1.851349589867884e-07 2.425801444407903e-19)
(-2.34221585704319e-07 2.019610572858571e-07 8.001887945529853e-19)
(-1.885251583830672e-07 1.950259349357657e-07 8.617141268386711e-20)
(-1.223156903435189e-07 1.555391842028749e-07 3.27656139259466e-18)
(-4.215049076772607e-08 7.313068251533009e-08 -1.367656640406736e-20)
(0.0006452648245330592 -0.008249595049946164 4.152556186943767e-18)
(0.009411278110788871 -0.02413767974653214 5.426414062338954e-18)
(0.02483118558791954 -0.03675336421123351 6.059673291647602e-19)
(0.04444190014048696 -0.04475802429094704 2.756287047559294e-19)
(0.0661465757619593 -0.04754348545664661 1.7843557736237e-18)
(0.08779127575800535 -0.04484005941850178 2.188515319489162e-18)
(0.1071875154351178 -0.03692982337330535 2.474783159580626e-18)
(0.1212837542640079 -0.0247941006600613 2.717438526045945e-18)
(0.1284817342145655 -0.01294794283585323 -1.48544945718172e-18)
(0.1309312696430545 -0.004949587643455718 1.066286329030109e-17)
(0.1314612115656418 -0.0008038937625674742 1.595887372273088e-18)
(0.1314316840356639 0.0009305425405616024 1.082512064427401e-17)
(0.1312598792020195 0.001413178233238795 2.801418866122042e-18)
(0.1310774526994044 0.001350272330725959 -1.945308880543766e-18)
(0.1309138833650281 0.001098683650391876 -6.547202662137098e-19)
(0.130778677666011 0.0008227390237090561 -1.162837656591182e-17)
(0.1306709798076825 0.0005869288949876433 6.034791795858041e-18)
(0.1305870519626821 0.0004066721396608738 1.477750949276641e-19)
(0.1305225429795338 0.0002771147155766234 9.810859250557826e-18)
(0.130473497160502 0.0001872103079932034 1.27368065701826e-17)
(0.1304366045687457 0.0001258411818286687 1.342114587290589e-17)
(0.1304092214025946 8.390385632933863e-05 4.125476902573494e-18)
(0.1303893279482176 5.457071566863923e-05 6.85489969874376e-19)
(0.1303754722639925 3.285860734595135e-05 2.568824147589918e-19)
(0.1303667167354346 1.500207649860332e-05 -9.636255229363641e-18)
(0.1303626065921269 -2.192410783862284e-06 -2.628748102387782e-18)
(0.1303631748194213 -2.195140854167167e-05 1.015602514995608e-17)
(0.1303689944244059 -4.813255572612615e-05 1.186730125357839e-17)
(0.1303813042714168 -8.580619749549242e-05 1.170688019659396e-17)
(0.1304021921667564 -0.0001416707804507988 2.663588389592192e-18)
(0.1304348483258226 -0.0002240403052966866 3.128767751771566e-19)
(0.1304838596238408 -0.0003417033442896258 3.83961575966849e-20)
(0.1305553910905235 -0.0005003049461891619 1.241046506756689e-20)
(0.1306566049693764 -0.0006940357910832107 7.314270734283656e-20)
(0.1307933845829153 -0.0008897151443637524 7.389871237302233e-19)
(0.1309631580873415 -0.0009994926572820448 -4.912629842816817e-18)
(0.1311467678939325 -0.0008383961899712978 -1.142299197605591e-17)
(0.1312718496225654 -4.878395093106046e-05 -2.572835854291898e-18)
(0.1311503547375619 0.001970120427561625 2.60347341722525e-19)
(0.130130050960977 0.006072477071838106 -6.640088306472792e-18)
(0.1266467203425769 0.01247906992451345 1.409437234803492e-18)
(0.119274778896947 0.01932692422985652 5.556281211033162e-18)
(0.1089104450325191 0.02391160115785231 6.621600436804663e-18)
(0.09736835329845843 0.02614031351714643 7.103105433615723e-18)
(0.08556883868431928 0.0264241238382311 1.696407774753267e-18)
(0.07415121647741113 0.02545214127613516 -2.909230163929993e-19)
(0.06338413832475914 0.0238127378757324 2.152436841513072e-18)
(0.05335099100522166 0.02190257528609324 5.730873697105429e-18)
(0.04403293001817495 0.01992104809557907 1.404618995063342e-18)
(0.03538285535104252 0.01790373299946468 4.269073543630686e-19)
(0.02736919135004518 0.01577342146156419 3.834874003837676e-20)
(0.02006817122556009 0.01340913918968626 5.327572708248803e-20)
(0.0134786499704759 0.01077924722104865 4.89466530787565e-18)
(0.008632147293611378 0.008032043857135896 4.007826567184062e-18)
(0.0024218928751987 0.006190817413748757 4.993997820649738e-18)
(0.002337554616959611 0.004645550615192257 2.424775119688533e-18)
(-1.533869390872404e-07 8.722991750903693e-08 -1.256258719514251e-18)
(-2.14003566959128e-07 1.381834244420892e-07 3.472124964714491e-20)
(-2.51559084705501e-07 1.87814177459281e-07 1.736860091350051e-18)
(-2.611843778583482e-07 2.280912338606476e-07 -2.998303499841677e-18)
(-2.41653957767712e-07 2.494981443112998e-07 9.971214436545361e-20)
(-1.952065277822154e-07 2.416311207079948e-07 5.157121365141297e-21)
(-1.269741623635473e-07 1.933104434655337e-07 -1.59300261063506e-20)
(-4.385874041875314e-08 9.124172760778884e-08 -3.718849109733867e-19)
(0.0007116097480166579 -0.01345186307406737 1.448970540576476e-17)
(0.01061881548910619 -0.03735382857866019 1.697510270685735e-17)
(0.0277126887704864 -0.05543098346612694 -1.433219708868965e-19)
(0.0488384133198502 -0.06662874924169285 -2.676278575411739e-19)
(0.07193233448548406 -0.07049265703555083 1.138223866010093e-19)
(0.09502806789434878 -0.06660095619023429 3.114008358227392e-19)
(0.1161948734266153 -0.0548503119348553 8.034919025094408e-19)
(0.1308540847789574 -0.0356578089075001 1.8275922715841e-17)
(0.1364432522607147 -0.01727547283877331 -1.039897497474651e-17)
(0.1368446765765568 -0.00600213480815971 -1.253456676259396e-18)
(0.1363877099472136 -0.0009428450949490395 -1.204694952558219e-17)
(0.136286511792149 0.000922163926632994 -3.041120114981164e-18)
(0.1363955793143214 0.001389886035507796 -1.82836745087117e-17)
(0.1365597029545004 0.00132186879770384 -1.632108926446273e-17)
(0.1366989008661984 0.001080771872784398 -4.970231659222687e-18)
(0.1367963884593184 0.0008192712760614661 -1.24287972309912e-17)
(0.1368560712498313 0.000595711940838953 -3.31613936119212e-18)
(0.1368874491107473 0.000423684218529231 -1.23556066639574e-17)
(0.1368999951485155 0.0002984497484297482 -2.050535128867949e-18)
(0.1369013675682919 0.0002098267164785904 1.478947696024107e-18)
(0.1368969364025962 0.000147707647682463 1.44043935851839e-18)
(0.1368900857666628 0.0001038359000192244 1.521281357931966e-17)
(0.1368827608253757 7.197421247547379e-05 2.142804188505482e-18)
(0.1368759710719784 4.750270733740885e-05 -1.071041296774726e-18)
(0.1368701446813763 2.685931781250823e-05 -1.313396342025956e-18)
(0.1368653358606749 6.955475923455022e-06 -1.004941057778445e-17)
(0.1368613015449493 -1.537987299385355e-05 -2.106650000761558e-18)
(0.1368574950625437 -4.398797244639495e-05 8.322277280348985e-19)
(0.136852971863497 -8.394639522172629e-05 1.187779055956323e-18)
(0.1368462456705265 -0.0001420269512811727 4.274369544737351e-19)
(0.1368351895625002 -0.0002268005231259129 8.545830329550202e-20)
(0.1368171979230224 -0.0003476994288821439 1.397975165179388e-20)
(0.1367899608120367 -0.0005115200606971671 2.037735822864635e-21)
(0.1367528835545436 -0.000713714621702954 -1.070326401456117e-20)
(0.1367088772561346 -0.0009213509346430724 -1.626144933302878e-19)
(0.1366654229242759 -0.001044443774137369 -1.99156446281489e-18)
(0.1366496974641903 -0.00088951737983749 4.499110198220051e-18)
(0.1367170944772209 -3.742974633839951e-05 2.388305838356808e-18)
(0.1369934994739423 0.002388670364856376 2.737342168464319e-19)
(0.1370049416163384 0.008111122588208591 -8.749693055877741e-19)
(0.1344120777887233 0.01806272118773266 3.69146543652662e-19)
(0.1266772280317159 0.02892819755149166 1.081018280276104e-18)
(0.1152985311582814 0.03550587325871044 1.335728495185688e-18)
(0.1032649505047012 0.03834030365260082 1.355610389848403e-18)
(0.09135913437767389 0.03839995597260108 6.543883393220153e-19)
(0.08009217050874555 0.03681942542346171 -4.400805160030119e-18)
(0.06955117815962711 0.03445466606980247 -5.844775760247126e-19)
(0.0596869726708078 0.03183900937653181 8.935560493385312e-19)
(0.05038577704341497 0.02922576589661244 2.938937863727072e-19)
(0.04152441252159886 0.02664566090521464 2.537094166297713e-19)
(0.03299922951519554 0.02396405930702243 -4.010051530736301e-19)
(0.02483216519619124 0.02094967392177196 -1.550914470549152e-19)
(0.01698820606288472 0.01741245294019268 6.65508143345413e-19)
(0.01082399528278411 0.01339954339459517 8.317977627170202e-19)
(0.002733901705453172 0.01009767176977355 6.63479092889895e-19)
(0.002892907969297231 0.007521844856115667 8.4404358001464e-19)
(-1.397118987657604e-07 9.297655596905013e-08 -3.688660916785845e-20)
(-1.941328240650251e-07 1.478030797677629e-07 3.972231110365989e-21)
(-2.284955051090696e-07 2.013127550122302e-07 1.10179578058981e-19)
(-2.380601576571287e-07 2.450146945878404e-07 3.572713216247397e-20)
(-2.211266967996547e-07 2.687253210726173e-07 6.624622706329298e-22)
(-1.792589859603896e-07 2.610838677678633e-07 -3.300664739652355e-21)
(-1.169102117743164e-07 2.096405623294544e-07 -6.484260477470369e-22)
(-4.047679532173665e-08 9.94129888839089e-08 -2.733719170239095e-21)
(0.0009272514715904991 -0.0189691318915657 2.199824135910485e-17)
(0.0118249896582812 -0.05165347895818038 2.383491612374034e-17)
(0.02950969623215071 -0.07500720992264136 -1.812160107185623e-17)
(0.0500578139439549 -0.08894794539983071 -2.652852004106263e-18)
(0.07193009903470662 -0.09371887933819281 -6.434564220795318e-19)
(0.0938968327681748 -0.08876781180019926 -5.545254948157768e-20)
(0.1152604341012467 -0.07285761776951691 1.063416719535707e-19)
(0.1289231795968021 -0.04402111935787228 4.969496961120351e-19)
(0.1314363996829676 -0.01793492776934339 -2.233338034676335e-17)
(0.1289717566271159 -0.004467284415353287 -5.353831711737119e-18)
(0.1275100857456009 2.074497348427762e-06 -1.52052094444783e-17)
(0.1275856988869215 0.001218175978277759 -5.066947565714113e-18)
(0.1281108492829796 0.001408246691657039 1.126740969225322e-18)
(0.1286557315172591 0.001272414342229649 -1.356587205587427e-17)
(0.1290849451871265 0.001033301998367011 -1.031279902381357e-17)
(0.1293943118238609 0.0007873109235794115 -8.70441813057596e-18)
(0.1296048629021572 0.0005758988711367059 -6.61907244069025e-19)
(0.1297414961114282 0.0004098156877106697 -1.323627654848529e-17)
(0.129826361894753 0.0002854753745235309 -3.477003368634909e-18)
(0.1298769262565218 0.0001948128251242748 -2.51744853835185e-19)
(0.1299056641421615 0.0001296011451343328 -2.400354266002744e-20)
(0.1299208668042896 8.279736953009797e-05 -1.11087210865439e-17)
(0.1299277547248666 4.872367161243143e-05 -2.95717349075833e-18)
(0.1299294330314314 2.28587950518402e-05 -1.123139911738315e-17)
(0.1299275454898234 1.489431237412142e-06 -4.609150866479757e-18)
(0.1299226456086785 -1.870201459179569e-05 -2.711139498686837e-18)
(0.1299143229215102 -4.105380643433811e-05 -1.033892878161333e-17)
(0.1299011149985548 -6.941031166153865e-05 -2.594595670189831e-18)
(0.1298802250126585 -0.0001085885192790969 -1.713954979756428e-19)
(0.1298470460643866 -0.0001648139475161418 3.055107554320764e-20)
(0.1297946184497498 -0.0002460109563822476 1.392396600180241e-20)
(0.1297133921926724 -0.000361498467784936 3.328783674059103e-21)
(0.1295920735075879 -0.0005197206973211484 -1.074570274849577e-21)
(0.1294200355952369 -0.0007210847013170746 -1.514458633050617e-20)
(0.1291906708879857 -0.0009430625058971308 -1.154367798313082e-19)
(0.1289033167308976 -0.001120581663688889 -7.646032334330952e-19)
(0.1285954276946012 -0.001126849251356162 6.804252942575972e-18)
(0.1284139024506355 -0.0006653863193503407 3.020938088889893e-18)
(0.1289751860969909 0.00123053825290896 4.004168655911679e-19)
(0.1303017902525208 0.007777965414743793 -2.697311820193561e-20)
(0.1292679786548343 0.02189562469718134 6.6553289067742e-20)
(0.1220595745002196 0.03847831488669445 1.401073915582175e-19)
(0.1105278477515409 0.04703839324274738 1.726822081813407e-19)
(0.09958934700208644 0.05003700844601189 1.631525592708365e-19)
(0.0892738948748303 0.04954481251605328 3.822644287894932e-21)
(0.07976512968337354 0.0472367551745535 -8.108152684091503e-19)
(0.07090176782308195 0.04420321883208737 -1.46255171131457e-19)
(0.0625036154237829 0.04105862118167117 -2.05151281562362e-20)
(0.05438445278331784 0.03807863723757281 2.50650668250305e-18)
(0.04635854412074084 0.03528339178769063 -2.34009036226352e-18)
(0.03823534143845986 0.03248588525723037 -3.604008582284634e-18)
(0.02991180393071492 0.02932823949366206 -7.584475857335439e-19)
(0.02119183582021975 0.02536144639350701 3.890654179948622e-21)
(0.01354015577859878 0.02031288826904302 1.12906414621741e-19)
(0.002565387239064506 0.01501058369674326 1.291228452567095e-19)
(0.004092722650995828 0.0113209715027942 2.84624440942003e-19)
(-1.154861478526274e-07 8.85202318004312e-08 8.880732019773861e-22)
(-1.59569749139804e-07 1.411203656414423e-07 1.260076167959985e-22)
(-1.880289779744582e-07 1.922534971386322e-07 5.88074841411577e-21)
(-1.965579117520037e-07 2.34200839431889e-07 1.409409744577561e-21)
(-1.832382959011947e-07 2.573956495413761e-07 -2.116594161014109e-21)
(-1.490230242227886e-07 2.50820063548568e-07 -1.198809864622931e-21)
(-9.745526966778613e-08 2.021565923310438e-07 -9.644268778819193e-23)
(-3.386055537368295e-08 9.634911467704815e-08 9.804277437598558e-22)
(0.002217969126724599 -0.02481567043749716 1.984608725512073e-17)
(0.0153515748133873 -0.06613693984176923 2.112012566424733e-17)
(0.0325956687070508 -0.09340933925071553 -1.035861424773647e-17)
(0.04970099715721822 -0.1089739712389529 -2.99006629392062e-18)
(0.06662604102285233 -0.1146061228648046 -3.47084658488169e-18)
(0.08350729420764783 -0.1101148196449619 -2.327003363349755e-19)
(0.1023101365945559 -0.09280881037735939 -1.294047903624534e-19)
(0.1105873986679861 -0.05621263598891925 -1.209755069293519e-18)
(0.1097411061684304 -0.01780432819603429 -2.137764786294651e-17)
(0.1064472326132331 -0.002830663790887623 -4.890891250781158e-18)
(0.1053416781540606 -0.0007861073605406757 -1.981397593718759e-17)
(0.1060428662812719 -0.0008468428362932296 -4.648441586442211e-18)
(0.1068717229748463 -0.0006991121046362985 -1.362879317816392e-17)
(0.1075819209668652 -0.0004446755969042581 -5.75010487961233e-18)
(0.1081407184350599 -0.0002461236661627042 -1.637615948381747e-18)
(0.1085669780688361 -0.0001115733579093348 -7.762284952916773e-19)
(0.1088811265449784 -1.740631304629176e-05 -1.307628296604322e-18)
(0.1091058163584458 4.897095802180799e-05 -1.380341636242424e-17)
(0.1092627586179329 9.303875353474126e-05 -4.154252685972281e-18)
(0.1093702815427727 0.0001191506256361693 -6.821151068181191e-19)
(0.1094424594489739 0.0001316781649000196 -2.620787519466457e-19)
(0.109489482880904 0.0001345265960112143 -1.17740148887892e-17)
(0.1095184212603812 0.0001308670548710288 -3.846195297492946e-18)
(0.1095339463724146 0.0001232103397476582 -1.156582005724238e-17)
(0.109538875042867 0.0001135623943495808 -1.972704224730968e-17)
(0.1095344925246006 0.0001035091165722065 -2.005460441775215e-17)
(0.1095206576016766 9.429089126377057e-05 -4.347979644249579e-18)
(0.1094957199519854 8.674565131017919e-05 -9.533369453607805e-19)
(0.1094561682921278 8.128858225083169e-05 -1.644401776665686e-19)
(0.1093960726235637 7.782758008010949e-05 -1.985180541724921e-20)
(0.1093063040043728 7.548519793909381e-05 2.336592600019097e-21)
(0.1091737393705232 7.205147020716974e-05 1.993695272665373e-21)
(0.1089811037904562 6.445695932927596e-05 1.942218379108871e-21)
(0.1087082618740542 5.550244912960164e-05 -1.546113879617889e-20)
(0.1083345701408056 7.34795788568148e-05 -9.40949704480942e-20)
(0.1078338328701026 0.0001866406015523402 -7.958016907142927e-19)
(0.1071815655563023 0.0004364210301767615 9.210357625999027e-18)
(0.1064011071327308 0.0007486503126534619 2.621388552208026e-18)
(0.1064554889921468 0.001851616079129742 4.115240414489218e-19)
(0.1078345829658146 0.009303242856863299 7.423598337417106e-20)
(0.1080770932686736 0.02973548896086631 1.3381953280801e-19)
(0.1044865871044453 0.04998340900785646 1.928220923445665e-20)
(0.0944361749828925 0.05816659414898499 -7.946664641403309e-21)
(0.08688953977680085 0.05986078127877268 -9.275680721287755e-21)
(0.08020110342784131 0.05827839862634743 -3.206610933138611e-20)
(0.07410704449557735 0.05521352771543561 -8.156423105377208e-20)
(0.06828411954232708 0.0517205430811435 -2.267826399775933e-20)
(0.06252889626825321 0.04835477877839019 9.834977869320203e-20)
(0.05668160337738294 0.0453681715887963 -4.231661154414723e-18)
(0.05056515282047569 0.04278667584764892 -2.302813263400182e-18)
(0.04394002740955653 0.04042987301700042 1.436577667128672e-18)
(0.03654527041696966 0.03789383634601075 5.66897950874608e-19)
(0.02789609431602423 0.03450463626992893 5.543015550038811e-20)
(0.01899588954701161 0.02949484286686683 1.279802326575937e-20)
(0.00448320053259238 0.02205234001515772 4.015348665575571e-20)
(0.008414228697842894 0.01620279535563939 2.105403018122708e-19)
(-8.672618403624249e-08 7.501376884477655e-08 -2.060839627664179e-21)
(-1.19029607963464e-07 1.194262806277976e-07 1.470003739986721e-21)
(-1.403935980968593e-07 1.621679973935058e-07 5.602526177480976e-22)
(-1.471190068931365e-07 1.973772094428922e-07 -1.189057535848641e-23)
(-1.375334627530186e-07 2.171539470055897e-07 -8.507219452692255e-23)
(-1.122106692355573e-07 2.120896253677597e-07 -3.228928444385753e-22)
(-7.37098988498391e-08 1.715779952646962e-07 -1.686288361289237e-22)
(-2.593539302948606e-08 8.236866557613867e-08 9.806590191023844e-23)
(0.0153926204985965 -0.04392978659196153 4.326643001512824e-18)
(0.02812044769536524 -0.08658269492833742 5.332270063433616e-18)
(0.04081254796327921 -0.1104053762676664 -3.216482570061287e-19)
(0.04954794977354753 -0.123220957119826 -1.623498724413161e-18)
(0.05573931692561957 -0.1273327701270408 -1.485125096724895e-17)
(0.05976912098703183 -0.1219660988219467 1.691953195462033e-18)
(0.06526007739990861 -0.09991802356945154 1.033763088927581e-19)
(0.05854778263837832 -0.04612701887857158 -3.971993726799032e-18)
(0.07063795813814214 -0.02210674975947947 -4.187163321022936e-18)
(0.07435568790390688 -0.005724470928518375 -6.578463736089522e-18)
(0.07363517514043778 -0.001402386983262784 -7.905296334194075e-18)
(0.07365337706691738 -0.0003719631446586643 -5.986534175905113e-18)
(0.07404079722405452 -0.0001780332387218602 -7.268842412906902e-18)
(0.07447297097349211 -8.471619842060881e-05 -4.868730753419315e-18)
(0.07483160873625404 -1.346024012314367e-05 -2.95500303870728e-18)
(0.0751069855138278 3.165062977622611e-05 -1.926524081740712e-18)
(0.07531002266152731 5.766170830916629e-05 -3.197340189788551e-18)
(0.07545517280394407 7.270921721570258e-05 -6.555730619820183e-18)
(0.07555625788761181 8.088737233642089e-05 -3.851662832337383e-18)
(0.07562509735102256 8.401578798086426e-05 -1.912675087367244e-18)
(0.07567092476076057 8.331201120910356e-05 -2.103350097105272e-18)
(0.07570048152525448 7.984014742179409e-05 -3.177455507254557e-18)
(0.07571843947754528 7.450727724157786e-05 -5.163368054192345e-18)
(0.07572786484648938 6.804043991118352e-05 -6.531134318521486e-18)
(0.07573058235201439 6.099403031803219e-05 -7.553067935118462e-18)
(0.07572739707278059 5.37449766763931e-05 -6.701694736961469e-18)
(0.07571816934169937 4.646274558588176e-05 -3.92634905216357e-18)
(0.07570174705399349 3.904034858286755e-05 -1.769905690494832e-18)
(0.07567574638172789 3.100577275425158e-05 -3.781475041287339e-19)
(0.07563620163432869 2.139388324772531e-05 -4.812260464830506e-20)
(0.07557715105335844 8.606942791103574e-06 3.119136802959149e-20)
(0.07549036519827772 -9.360302976172449e-06 1.560973906256973e-20)
(0.0753655478555933 -3.302121866228299e-05 2.958906163903706e-20)
(0.07519096492119604 -5.603618362290559e-05 -4.454814739032908e-20)
(0.07495426400592238 -5.868924999174975e-05 1.71682784380437e-20)
(0.07464549444878359 -9.787224927997051e-06 8.631203461971604e-19)
(0.07430120977862725 0.0001499392321231336 1.97280329449562e-18)
(0.07407567898829422 0.000750970909894995 1.792742915227547e-18)
(0.07421126025352244 0.0029855013850632 7.665117967169332e-19)
(0.06999995240296762 0.01139160891384458 2.293985230732444e-19)
(0.0569126560952337 0.02141801864208478 1.061875882494135e-18)
(0.06536126052617852 0.05193381308365039 -4.835381149942766e-20)
(0.06484163615020146 0.06260027496581076 -1.747124113099826e-19)
(0.06569054323593412 0.06392514668401862 -2.06865641727331e-19)
(0.06553563315188127 0.06211787674709551 -1.976729853149549e-19)
(0.06454117414761494 0.05906884531301053 9.347852778274587e-20)
(0.06287919300656257 0.05574497809040803 -5.633816106898785e-20)
(0.06066134567956352 0.05264308042705503 -3.353073914805347e-19)
(0.05796178493556396 0.05003247153779132 -1.092361868393903e-18)
(0.05476049521759772 0.04801123884512767 4.189964149944614e-18)
(0.05091223551047128 0.04651435357433763 5.73297746026337e-18)
(0.04615061169023251 0.0452677629064939 4.565407603032245e-19)
(0.03989565546649615 0.04362008624884516 -9.149037078879903e-20)
(0.03232453491394793 0.04041266343262226 -8.074779321819603e-20)
(0.01881821951875075 0.03184966827173131 -2.96671718342596e-20)
(0.0240799722947452 0.02028835717937779 6.202631490126451e-19)
(-5.822738015663284e-08 5.420521116857036e-08 -5.850837650781827e-21)
(-7.943483461194528e-08 8.537757588411576e-08 2.580577075049108e-20)
(-9.345740708535319e-08 1.152068108915133e-07 3.932583062022881e-21)
(-9.782331602896897e-08 1.39868136353298e-07 1.957841644728335e-21)
(-9.165613206124981e-08 1.537907335425782e-07 1.040338223408823e-20)
(-7.533733365036772e-08 1.503981543072436e-07 1.443694747703287e-22)
(-5.040784879025047e-08 1.225112843019748e-07 -2.762545448938692e-21)
(-1.922564777219688e-08 6.088464900278444e-08 -1.429387085968459e-21)
(0.08499796412141124 -0.04445181637608221 3.165951090450503e-17)
(0.0744759509667154 -0.08754579840649966 2.298293338496654e-17)
(0.06420944441402346 -0.1109313162692256 2.929673658738579e-18)
(0.0564135593224797 -0.1224459128239593 -1.828475890220981e-18)
(0.04811311659320447 -0.1244901997997507 1.994795786726265e-17)
(0.03838876100900511 -0.1167778925355344 2.203924979954364e-17)
(0.02265240423830284 -0.09385391479245021 3.178490081633734e-18)
(0.02849890809865651 -0.05958865208778449 1.902326128640376e-18)
(-2.158457173509487e-06 -1.543393303124127e-06 2.438074946006312e-19)
(-2.927298499979733e-06 -2.504571185312984e-06 1.237320307896184e-18)
(-3.338276300577986e-06 -3.575960588654212e-06 -5.522104863863859e-18)
(-3.332486679358477e-06 -4.683409463900404e-06 1.102636368770293e-18)
(-2.9002636237614e-06 -5.732310482354716e-06 1.335673214911727e-19)
(-2.076513961210991e-06 -6.627156050362237e-06 -5.027873502383844e-18)
(-9.307917660851019e-07 -7.286099303884571e-06 6.230460247836741e-18)
(4.447058582044035e-07 -7.649802742290372e-06 6.03935594345788e-18)
(1.946893087101517e-06 -7.685512056439464e-06 -1.259780056746132e-19)
(3.472065537931225e-06 -7.387440247139554e-06 -3.562728081848722e-19)
(4.924207962406744e-06 -6.774487174971669e-06 5.169537556254378e-18)
(6.221197575410073e-06 -5.886144144434294e-06 -2.027233836108665e-18)
(7.298914921011548e-06 -4.777312441017095e-06 -5.889601104094977e-18)
(8.113359973606392e-06 -3.512665267241201e-06 2.222320740707453e-19)
(8.640968323062005e-06 -2.161112123703532e-06 5.564384912747513e-21)
(8.877416437970496e-06 -7.908032716066448e-07 1.62940624031502e-21)
(8.835283997338673e-06 5.350131548873026e-07 6.513542532547691e-18)
(8.540972671926533e-06 1.761114029530473e-06 -3.799228950539009e-20)
(8.0312730127484e-06 2.842374680177913e-06 -4.112170228941232e-21)
(7.349912386620493e-06 3.744868589860596e-06 4.126929218889743e-20)
(6.544322081443368e-06 4.446154031517539e-06 2.598018623097468e-19)
(5.662769654017196e-06 4.934929409551982e-06 7.846232740971179e-20)
(4.751911907028075e-06 5.210238711980154e-06 2.359451124331124e-19)
(3.854756881322341e-06 5.280373154100369e-06 6.901467266699145e-20)
(3.008984456151021e-06 5.161567554398932e-06 -3.165380375898907e-18)
(2.245563168218985e-06 4.876537225182321e-06 -2.090689503583919e-20)
(1.587616905833001e-06 4.452856310858868e-06 2.771463860705355e-18)
(1.049530304795881e-06 3.92114512296881e-06 1.533966660728581e-18)
(6.363455244506704e-07 3.313021214746987e-06 6.661230078189627e-20)
(3.435643574113689e-07 2.658781376142609e-06 1.585122242450613e-20)
(1.573603850757097e-07 1.984785495302496e-06 -1.195073123507221e-18)
(5.488751752841942e-08 1.310503745367494e-06 7.205955078973496e-19)
(0.02732731895391198 0.0286595606438195 1.060333619764347e-18)
(0.02139908097403785 0.04477588271638864 2.770964597096886e-18)
(0.03601505084398321 0.05592595257861084 3.059454408586002e-18)
(0.04408889949973215 0.05932558976978536 4.991039477870404e-18)
(0.0501198088818152 0.05944883524340792 3.798828219172725e-18)
(0.05401964983793914 0.05786669945395456 1.247621474137299e-18)
(0.05648197221427866 0.05560198837497917 -2.979558794884082e-19)
(0.05794058473892399 0.05326720521824134 3.839035411963393e-18)
(0.05873472886787114 0.05125586620127646 3.943439109099856e-18)
(0.0590884353675547 0.0497994788532591 2.196551458992965e-18)
(0.05911762368960684 0.04897510434930175 6.205574634798123e-19)
(0.05885902350809686 0.04866550175905898 2.143623213121956e-18)
(0.05821394323781746 0.04833514941144528 3.016420289064062e-18)
(0.05711058914575472 0.04662421735866962 3.526903499898976e-18)
(0.05711394428275287 0.03828251405704268 3.545010632260034e-18)
(0.05025014910872374 0.01488711964253409 1.888171025833162e-19)
(0.06186525607237824 0.008232927843038848 8.19122486241197e-19)
(0.06575330418344215 0.002280657327603149 2.522702623953941e-19)
(0.06564406135316224 0.0007526674785957711 3.778348359741517e-19)
(0.06574447151410837 0.0003160931292083475 -2.387588902390777e-20)
(0.06589686206833648 0.0001674183260793882 1.791894415180327e-19)
(0.06600674261584827 0.0001242668835204092 2.777152136756616e-19)
(0.06622846672230207 0.0001530692675694184 2.994579279243007e-19)
(0.06595418128771616 0.0002088237118728162 2.004630110944031e-19)
(0.09826606724887502 -0.02708094830074509 4.092487203428562e-18)
(0.08846398411468592 -0.06998033195400938 5.134815548713554e-18)
(0.07499671081098257 -0.09632583509882549 -3.264384042566529e-19)
(0.06096426643256279 -0.1088971309058618 -1.825123224443734e-17)
(0.04564307162735446 -0.1101163885432422 2.368722967552067e-18)
(0.03057888703134417 -0.1009083453329753 5.425489333906681e-18)
(0.00866840245648294 -0.07970929168131718 4.873948559416701e-18)
(0.01255647399627009 -0.05580971040038657 6.362879088522121e-18)
(-3.474130658016078e-06 -2.059071989812117e-06 2.096416047123194e-19)
(-4.719283112655966e-06 -3.381989558362553e-06 -1.319595471235447e-19)
(-5.383618683713932e-06 -4.872698871068171e-06 8.216844946166216e-20)
(-5.378006487302342e-06 -6.418108645139114e-06 -5.445231388295855e-20)
(-4.695031548417831e-06 -7.880107636438864e-06 -1.721538619391571e-19)
(-3.397033217676475e-06 -9.12287805503436e-06 -2.42548379793995e-18)
(-1.598591150966076e-06 -1.003157434311536e-05 -2.492197036451759e-19)
(5.526199972536415e-07 -1.052345963344905e-05 4.537741142502032e-21)
(2.893863704791187e-06 -1.055301356140737e-05 -3.064640858532384e-20)
(5.262936610538494e-06 -1.011240301439969e-05 3.877365550985684e-18)
(7.510747106670001e-06 -9.228409263174291e-06 -3.260990850413041e-19)
(9.510680818707734e-06 -7.956812933582636e-06 -5.472770526438978e-20)
(1.116474920040932e-05 -6.375186710833296e-06 2.143448313644493e-19)
(1.240663561570435e-05 -4.574979511516846e-06 8.525217854226076e-19)
(1.320194308149507e-05 -2.653706327894207e-06 6.378864059102859e-20)
(1.354610233196768e-05 -7.078856735021673e-07 -9.733511399068441e-21)
(1.346053279282599e-05 1.172819720347503e-06 -6.595092298219221e-20)
(1.298770461638163e-05 2.910020690555237e-06 -1.526389630321863e-20)
(1.218572146661242e-05 4.439539830896526e-06 7.529445550045036e-22)
(1.112294291358697e-05 5.712986093999481e-06 1.155220910778572e-20)
(9.873015051726445e-06 6.698189123348027e-06 4.579186324360113e-20)
(8.510518061538097e-06 7.37875656375603e-06 2.63019545977411e-20)
(7.107295896571905e-06 7.753004299525679e-06 1.035643050183449e-19)
(5.729426790507339e-06 7.832456935439073e-06 -4.372872315207343e-20)
(4.434734590444021e-06 7.64004528084109e-06 -1.147013744607738e-20)
(3.2707270330363e-06 7.208056765671024e-06 8.094533151803621e-20)
(2.272879040311673e-06 6.575837539218952e-06 -7.098994203301008e-20)
(1.463235326170601e-06 5.787209619291262e-06 9.972115151206891e-20)
(8.493805271005302e-07 4.887554775882645e-06 2.087426157443748e-19)
(4.238903702612901e-07 3.920523032378831e-06 3.42660500538694e-20)
(1.645264448525349e-07 2.924451395854358e-06 2.132662114632092e-20)
(3.594452786927709e-08 1.928689477802108e-06 -1.653202213425916e-20)
(0.009341921581772748 0.02462764247416866 1.457408977738963e-18)
(0.004846761631208293 0.03399739646707276 1.209343580312342e-18)
(0.02047370569341261 0.04409907351100748 1.216112590913831e-18)
(0.02987147372818554 0.04990297095055769 1.361394142328046e-18)
(0.0384683783245538 0.05245624257957326 1.206138650742479e-18)
(0.04518633804385103 0.05278558309404641 2.50273305233497e-19)
(0.05057727732719648 0.05186880702743742 6.778315418984125e-20)
(0.05503325122463529 0.05040859083377845 7.008326958804029e-19)
(0.05896774395588723 0.04889338170173183 1.251704661719057e-18)
(0.06274775188801733 0.04763179255472964 3.557379124632958e-19)
(0.06670963316733593 0.04675452297379102 -2.747046364383849e-20)
(0.07118199925751315 0.04615662294084975 7.944894394601645e-19)
(0.07650785462166491 0.04530655936790342 1.035272604652748e-18)
(0.08290861401132785 0.04299354581103555 1.122295271587401e-18)
(0.09152846344839308 0.03654602564190493 1.477034658810886e-18)
(0.09484126448879801 0.02147637592906505 5.115513966142366e-19)
(0.09501276041270201 0.006802713536617409 5.128281678601855e-19)
(0.09409313379914346 0.001687457556003468 6.84160608713803e-19)
(0.09405443026242535 0.000975287584871634 3.825613694275607e-19)
(0.09455344071615256 0.000634241713612555 -1.729144134295448e-19)
(0.09488463070893161 0.0003326786104973382 -4.729012438421024e-20)
(0.09506218616248456 0.000217343574346992 2.961246527566426e-19)
(0.09519254743842405 0.000338441955135264 2.998529258722904e-19)
(0.09516177402657996 0.0004195531744314532 1.325100591153431e-19)
(0.09992613270717386 -0.0238054663339614 1.974766994584751e-17)
(0.09382914836416519 -0.05984835536405797 3.590754688803939e-17)
(0.08112038223982192 -0.08229779674748106 3.26057942660446e-19)
(0.06514109998385303 -0.09269515685575529 -1.753091950401737e-18)
(0.04707223751982843 -0.09286476421986628 2.077818490366888e-17)
(0.03071778061605632 -0.08405142724322 2.459007300741601e-17)
(0.008365179186691676 -0.06662381349206264 2.317102763018328e-17)
(0.009283725852244996 -0.04678430346252924 2.244475582741199e-17)
(-4.986613849808016e-06 -2.252548524532549e-06 -1.543631708546677e-19)
(-6.767908995106587e-06 -3.771329469296966e-06 -6.141682776539096e-18)
(-7.705987956966448e-06 -5.506047732662181e-06 -4.307627181701276e-19)
(-7.689382603164388e-06 -7.311085319653549e-06 -1.005311314924627e-18)
(-6.723105393474475e-06 -9.016114952871586e-06 1.314395156847378e-17)
(-4.905831607056148e-06 -1.045804363471962e-05 -1.571243475026045e-19)
(-2.403704043723275e-06 -1.150072954202814e-05 9.146174568896674e-20)
(5.754427619291715e-07 -1.204641795553817e-05 -4.173708280310519e-18)
(3.805673636546238e-06 -1.204117124392287e-05 2.817438156944051e-18)
(7.063448427433068e-06 -1.147548250823155e-05 5.251088833301118e-20)
(1.014436933339212e-05 -1.038092633312153e-05 -4.033703973111659e-19)
(1.287578072512742e-05 -8.823767664016319e-06 6.567893125007268e-18)
(1.512502494071849e-05 -6.896558266330133e-06 6.636142183798297e-18)
(1.680341844761393e-05 -4.70878032269792e-06 5.717591844794441e-20)
(1.786634175059165e-05 -2.377532211594912e-06 -7.170447454013226e-22)
(1.83100971806972e-05 -1.906351067173899e-08 -4.0424682525433e-20)
(1.816638885555541e-05 2.258278231027618e-06 -2.046213541128335e-19)
(1.749535317880973e-05 4.359390749524537e-06 -3.758880962576976e-20)
(1.637801708914395e-05 6.206004588755944e-06 -7.630074977234521e-22)
(1.49089026174208e-05 7.738658895961202e-06 7.894686610560837e-21)
(1.318927570604874e-05 8.917332721464525e-06 1.697693969235306e-20)
(1.132130148911417e-05 9.721043560530912e-06 7.028415114972276e-20)
(9.403162102826663e-06 1.014670034444123e-05 -2.730971495359759e-18)
(7.525047319024546e-06 1.020742746994869e-05 -1.424008935752482e-18)
(5.76585368383415e-06 9.930488636937778e-06 2.748317252700233e-18)
(4.190422703085478e-06 9.354858956610746e-06 -1.874853980555919e-18)
(2.84720202994599e-06 8.52844197077058e-06 -1.253957000483344e-19)
(1.766293808718507e-06 7.504907395654032e-06 -5.310030736750824e-20)
(9.579720260154481e-07 6.340133819037093e-06 2.861481076993095e-20)
(4.119235685919043e-07 5.088303761727891e-06 3.085527445343019e-19)
(9.7689221421806e-08 3.797702963548311e-06 6.136296005798811e-20)
(-3.293150552426127e-08 2.506538935075813e-06 -2.065627435591385e-21)
(0.004380531347422801 0.01939256326848278 1.971566651304331e-18)
(0.00259624003768507 0.02649504024874843 5.110947465147575e-18)
(0.01423877748805714 0.03440010715592154 3.49650198021893e-18)
(0.02214451994920519 0.04058503150186728 3.23477243480196e-18)
(0.03079359464315588 0.04423835277583123 3.214136900017728e-18)
(0.03852038408463426 0.04574974716894525 4.815722125019193e-18)
(0.04552176264049664 0.04577044628272615 5.245452813373877e-18)
(0.05197914953628732 0.04488865208374905 5.683179515210888e-18)
(0.05822828297364777 0.04355994755506364 1.449692668570585e-18)
(0.06463769217143117 0.04208981779943034 -9.923541868823986e-20)
(0.07158469365842193 0.04061293648854697 1.783349874957028e-18)
(0.07941200396635653 0.03903548700383325 2.700219642575141e-18)
(0.08836646223323083 0.03689948504367079 3.200176400810189e-18)
(0.09826133412759176 0.03322743274588223 3.70551303471921e-18)
(0.1088332979906007 0.02645677967318893 5.026182133447235e-18)
(0.1155693827776171 0.01446989426007857 2.926324530211312e-18)
(0.1167708398760181 0.004838872508075882 2.890457484279478e-18)
(0.1157456501095567 0.0007492233284644768 5.108122301237863e-18)
(0.1151664356629845 -0.0002383487384495296 1.753650000306216e-18)
(0.1150846004242535 -0.0004481866770572345 -1.886173187922519e-18)
(0.1150705055635188 -0.0004381765116719081 -4.343401579697327e-19)
(0.1150548550612899 -0.0003221748386959273 2.171339413440135e-18)
(0.11508433092735 -0.0001257737574089098 2.062551119400855e-18)
(0.1151885176362638 4.413651098458142e-06 4.955451298685076e-19)
(0.1007703343441985 -0.022194275398705 4.10653296443139e-18)
(0.09709478183371267 -0.05113317790305356 4.139175515065124e-18)
(0.08501124565451441 -0.06800731622001331 -1.88009010361065e-17)
(0.06830290734744211 -0.07522985332710365 -2.142570126284883e-17)
(0.04910392771718508 -0.07453759023448388 1.189655381924804e-18)
(0.03223709819398673 -0.0671103468799522 6.73266808175814e-18)
(0.009368197961732539 -0.05385235982139248 5.464375814392286e-18)
(0.008966762168627499 -0.03752111712386544 6.622814682326218e-18)
(-6.698037725280659e-06 -2.026780740282128e-06 -1.16962410500126e-17)
(-9.043324380742564e-06 -3.537970045230411e-06 -1.618035977599253e-19)
(-1.024336671871361e-05 -5.305330613513716e-06 -9.945256506251244e-18)
(-1.01846121832996e-05 -7.157786331249937e-06 -6.330044260907232e-20)
(-8.898870226219449e-06 -8.906879473202095e-06 -1.310320602388514e-17)
(-6.528403367765841e-06 -1.037702392936088e-05 3.126919887118285e-20)
(-3.293612316542655e-06 -1.142313211281503e-05 -3.084579067605302e-21)
(5.370215905063994e-07 -1.194105444451456e-05 1.359935028807202e-19)
(4.674641476935457e-06 -1.187286546933922e-05 2.461912442102031e-19)
(8.834752932109554e-06 -1.120764789571278e-05 7.112902303485866e-19)
(1.27579661738284e-05 -9.978257776699405e-06 3.413967777588039e-20)
(1.622586899065496e-05 -8.254827898207203e-06 -1.478853651314832e-20)
(1.9071471951409e-05 -6.136020303513655e-06 -1.297082362192956e-20)
(2.11841648314053e-05 -3.739158439504896e-06 -1.602961348002676e-20)
(2.250964450040268e-05 -1.19031048894107e-06 -6.429122284116788e-21)
(2.304567927376351e-05 1.384779406742379e-06 -2.004480032137213e-20)
(2.283485218198406e-05 3.868297831327496e-06 -3.810692416965197e-20)
(2.195551179203946e-05 6.156171290650067e-06 4.821423816100572e-21)
(2.05120836812918e-05 8.162029059899161e-06 5.599844537720583e-21)
(1.862566701546454e-05 9.819475062398378e-06 1.300825653923917e-20)
(1.642553749566693e-05 1.10829547353016e-05 3.546501205606371e-20)
(1.404185812127522e-05 1.192754367843963e-05 6.878719063082521e-21)
(1.159962543793901e-05 1.234794846844941e-05 2.225567173429087e-20)
(9.213694674160312e-06 1.235692298276535e-05 -3.755166708095158e-20)
(6.984645702490851e-06 1.198320187969192e-05 -5.273984535121549e-20)
(4.995269837606512e-06 1.126896943451231e-05 9.217678112649967e-20)
(3.307547388646265e-06 1.02668459340035e-05 -7.430830564782584e-20)
(1.960113422303303e-06 9.03639200602142e-06 -6.100507068548899e-19)
(9.663438298047194e-07 7.640162190135618e-06 -6.623808019331741e-19)
(3.134027355433146e-07 6.139392866004543e-06 1.912234254301573e-20)
(-3.732323340760956e-08 4.589427066159556e-06 5.830950174549732e-21)
(-1.481132266942416e-07 3.034744694843184e-06 -1.157980814159734e-20)
(0.003103884383867225 0.01534905546114072 1.68636470979852e-18)
(0.00284310948012476 0.02136519018260853 1.462918293809176e-18)
(0.01150603305324278 0.02723265099688219 1.369110290545448e-18)
(0.0178739455095722 0.03257076289769138 3.86279023903408e-18)
(0.0257240363930075 0.0361828460340685 2.400592437813733e-18)
(0.0334477049365595 0.03803690004554489 1.726046251001014e-18)
(0.04104236260314422 0.0384195507781115 1.364668596781489e-18)
(0.04852291762603132 0.03770677417315687 1.09237383872714e-18)
(0.05611214481765697 0.03623944056803681 3.275292936940972e-18)
(0.06411259075700576 0.03427541291939991 8.873186752547944e-19)
(0.07285814299130905 0.03196582422175449 7.546018113997293e-19)
(0.08262789653443284 0.0293332535525636 1.35645319968994e-18)
(0.09352570964509557 0.02623795395063021 1.149481097878852e-18)
(0.1051035484034622 0.02235825753322308 1.443481262698178e-18)
(0.1164596132033979 0.01730144557003765 1.19081605865735e-18)
(0.124208279888449 0.01068770950017656 1.105954421939418e-18)
(0.1266014167162279 0.005090617539582632 8.068945386531328e-19)
(0.1263359194387753 0.001931841858258591 2.146273744337231e-18)
(0.1258291168678928 0.0005712060257789684 -1.946981688704224e-18)
(0.1255320285540255 3.77883075774966e-05 -2.032140578927938e-18)
(0.1253299150920365 -0.000124994873185112 -1.963054956535967e-19)
(0.1251936137236018 -0.0001231604008939512 3.354264346213567e-19)
(0.1251445029061915 -4.976678943981948e-05 5.598994986881412e-19)
(0.1252072034069923 5.159855434892084e-06 1.550726237578809e-19)
(0.101631653239717 -0.02206705722863044 3.120826363929843e-17)
(0.09998379133957597 -0.04316353475824214 2.231589838088704e-17)
(0.08739056079323838 -0.053073062576944 1.819631341952867e-18)
(0.06978884755318859 -0.056532854640296 -2.475062918486813e-18)
(0.04992186445870195 -0.05503015994745513 1.964078574601598e-17)
(0.03265162092182374 -0.04920182252947654 1.135872563677956e-17)
(0.008957219052535471 -0.04014306463589682 5.178110567865926e-18)
(0.00883164222148101 -0.02795913522376597 3.592336257079789e-18)
(-8.625411162243093e-06 -1.291853918050688e-06 -2.594110783798425e-19)
(-1.150318845453599e-05 -2.578512978684312e-06 2.4278853718805e-19)
(-1.290445002913483e-05 -4.161132260752185e-06 3.162978259649371e-19)
(-1.274812524647891e-05 -5.847592114195145e-06 3.489932591096314e-20)
(-1.110620884794532e-05 -7.443816207124664e-06 5.417524135078337e-20)
(-8.166276809145473e-06 -8.77513695226196e-06 -2.751383434984475e-20)
(-4.199790695373629e-06 -9.698830588077741e-06 -1.345308021144536e-19)
(4.687308561785244e-07 -1.011241470905535e-05 -7.761199424147214e-20)
(5.492075263124896e-06 -9.958301107177293e-06 4.500662576426594e-20)
(1.052878393967586e-05 -9.224605770788191e-06 1.791154872388333e-18)
(1.526774734253011e-05 -7.942227222843974e-06 6.518874431243483e-18)
(1.944731968678195e-05 -6.178770262245934e-06 -4.989970390118723e-20)
(2.286798146129698e-05 -4.03023184843154e-06 -3.861259044019245e-20)
(2.539833185789602e-05 -1.611521948798522e-06 -2.184838404845783e-19)
(2.69749159551207e-05 9.53134898679835e-07 -5.07791180047102e-20)
(2.759697334603741e-05 3.539043181893494e-06 -1.545943103437022e-19)
(2.731753458256204e-05 6.028511586695252e-06 -1.066668343644204e-20)
(2.623240153038701e-05 8.316628583412283e-06 4.856886739147071e-20)
(2.446843743634922e-05 1.031528813059176e-05 1.990304535994935e-20)
(2.217229267931502e-05 1.195561876047332e-05 3.618833179543203e-20)
(1.950029944070269e-05 1.31890940890016e-05 -3.180371537674303e-18)
(1.66098601231679e-05 1.398763607781848e-05 -1.057625896787238e-20)
(1.365231043676295e-05 1.434297536429723e-05 -1.468691945966411e-19)
(1.076701581508108e-05 1.426543301174914e-05 -2.347266540522431e-18)
(8.076382549839552e-06 1.378217383088301e-05 -7.93281901614644e-19)
(5.681521117970392e-06 1.293489488187827e-05 8.647104348982908e-20)
(3.658444926873256e-06 1.177688897654496e-05 1.536332557264032e-18)
(2.054864443830785e-06 1.036947106913821e-05 -1.726109760058944e-18)
(8.877910058031555e-07 8.777836263386841e-06 -1.056848824271948e-19)
(1.422643744770219e-07 7.066504501440993e-06 -7.102929126004559e-21)
(-2.285238845252911e-07 5.294401126511327e-06 -8.62332815968672e-21)
(-3.015712685839472e-07 3.509407752596725e-06 -1.087715972036347e-19)
(0.002706194709754271 0.01218748256692838 1.781110411685588e-18)
(0.002727752897489317 0.01712435431812698 5.376203357564699e-18)
(0.009810594628016013 0.02151994093809059 1.177712713655177e-18)
(0.01509674021235309 0.02573274119783898 3.770873674137059e-18)
(0.02200560066990022 0.02876339699313735 3.544883256623363e-18)
(0.02922159912446639 0.03040780229627033 2.64254323964923e-18)
(0.0366934078676916 0.03070190427351093 -5.316882720295261e-19)
(0.04435046642425529 0.0298235656637996 -5.247034764236254e-19)
(0.0523159408333667 0.02797919829683532 5.083675892685553e-19)
(0.06080349251189111 0.02535683884843037 -6.849718346794992e-18)
(0.07007191630721894 0.02211539427573014 -3.367156473174997e-18)
(0.08033764395062162 0.01840620411496223 2.879286813640129e-18)
(0.09165216419687637 0.0144300451280219 1.106938449612172e-18)
(0.1035430375267924 0.01051268859446514 5.116852934614454e-18)
(0.1150948508098675 0.007166006569026961 4.378731126951667e-18)
(0.123141887551159 0.00508149470424207 4.090922918049289e-18)
(0.1260337945038151 0.003443045082172937 1.277545767292003e-18)
(0.1262446420176146 0.001853220258173058 3.765500595338514e-18)
(0.1260136492824791 0.0007529212162944756 -1.477183182555378e-18)
(0.1257969228144842 0.0002180940501865494 -2.460650594422389e-18)
(0.1255836653552895 1.730547653210155e-05 6.982620818549914e-19)
(0.1254102088771532 -3.968335128394101e-05 6.871336270936035e-19)
(0.1253266335949102 -5.718232138651218e-05 4.403550225935788e-19)
(0.1253618683141957 -5.260740672430593e-05 1.772530601196741e-19)
(0.1032735380485047 -0.02676011950140104 1.88835766256248e-18)
(0.1020632504913938 -0.03804615486145814 1.79297035514701e-18)
(0.08688763047087845 -0.0400496651339684 -9.740456296883493e-19)
(0.0679150167675692 -0.04011008876447459 -1.896764579228552e-17)
(0.04798742521671893 -0.03802595562038968 -1.799878628412654e-18)
(0.03084281536327305 -0.03334684654477869 6.175063824668427e-19)
(0.006958897572828806 -0.02791628066837095 -1.623297713812867e-17)
(0.008492966396236316 -0.01901279733934212 -1.406960405548912e-17)
(-1.083911327268497e-05 6.995070379206027e-08 7.089948563316563e-18)
(-1.411267547896328e-05 -8.074706346664594e-07 -7.958915408523774e-18)
(-1.558885063773123e-05 -2.024119304792384e-06 2.649521321525096e-18)
(-1.525357489989745e-05 -3.365305624928867e-06 2.726702957822212e-19)
(-1.322089095360211e-05 -4.641916951581415e-06 5.193395459111244e-20)
(-9.715656921110809e-06 -5.692321844261161e-06 -1.245625121051437e-19)
(-5.050505892101147e-06 -6.386700935542833e-06 -4.602633164132497e-19)
(4.034971171924112e-07 -6.632101356766743e-06 -3.341643841246951e-19)
(6.249338232893788e-06 -6.375860330257643e-06 -3.758938416292402e-20)
(1.209604377533369e-05 -5.606166938809171e-06 6.377655731929364e-18)
(1.758697483536043e-05 -4.349565435022082e-06 5.838250211981507e-18)
(2.242207341487468e-05 -2.665731508155755e-06 -1.646681697117921e-19)
(2.637266471575269e-05 -6.402709878796991e-07 -2.343364689146417e-19)
(2.928850165635939e-05 1.623555522629709e-06 3.37475030909069e-18)
(3.109760198881438e-05 4.01326994695268e-06 6.22764754612463e-18)
(3.180015934866362e-05 6.415013057418277e-06 5.198857536998459e-18)
(3.145822549419888e-05 8.72023343891277e-06 -8.28305416138837e-20)
(3.018298438803779e-05 1.083093617907402e-05 1.26555666461817e-20)
(2.8121295606365e-05 1.266344827250267e-05 8.113700792292153e-20)
(2.544281581740807e-05 1.415083848934013e-05 1.355552965201047e-20)
(2.232852756980041e-05 1.524423868674483e-05 3.223828844810892e-20)
(1.896100908621644e-05 1.591333670161992e-05 -3.558227111967849e-21)
(1.551636506821451e-05 1.614625786228847e-05 -4.471159300252137e-20)
(1.215747856971473e-05 1.594894622429423e-05 2.184375045976163e-20)
(9.028171701103323e-06 1.534403318681878e-05 -6.390087748616138e-21)
(6.247966627037551e-06 1.436908310606735e-05 1.593780528945854e-20)
(3.907359448720397e-06 1.307407531908849e-05 -2.047318810551823e-20)
(2.063762764831396e-06 1.151804197878402e-05 -7.893878823689499e-21)
(7.38436177652067e-07 9.764930687676567e-06 -8.368534918808683e-21)
(-8.527112900264151e-08 7.878878480730984e-06 3.249189288245808e-23)
(-4.621478071435963e-07 5.919094968965481e-06 -4.786153551328175e-22)
(-4.837120056934603e-07 3.934436698633885e-06 -2.372392956231686e-20)
(0.002356912721524375 0.009550806087638744 2.000709200316043e-18)
(0.002337540134833683 0.01344011652828111 3.076238241193336e-18)
(0.008410224274664091 0.01669545236568821 6.174928082411263e-19)
(0.01288618499880941 0.01985496601244145 9.604585940486073e-19)
(0.01886302001229213 0.02214754806338114 -1.665693034847832e-18)
(0.02529933153935339 0.02332784182889656 1.378922366719568e-18)
(0.03215059914117972 0.02329595113086967 -3.009629896006764e-18)
(0.03930578081346355 0.02208744107470173 -3.236541520066837e-18)
(0.04680262695769436 0.01979350066008476 -6.338519448625216e-18)
(0.05475648984974268 0.01652991793153218 -4.905994227265868e-18)
(0.06333617149606013 0.0124452861777155 -5.559462812611751e-19)
(0.07271109938647312 0.007782947186485945 1.652735603147332e-18)
(0.08297842046125314 0.003027501721763027 1.779286223266545e-18)
(0.09386731143695301 -0.0009078200501360506 3.45565269865432e-18)
(0.1050146119687042 -0.002499756422461059 4.767422961399212e-18)
(0.1126343553545048 0.0003869134914832056 1.627100496214534e-18)
(0.1152730793667955 0.00270920911245396 4.232797287829047e-21)
(0.1155602541989722 0.002317163069273431 5.371736343335995e-20)
(0.1157110505357073 0.001236103633276778 -2.894992977982594e-18)
(0.1158109827285701 0.0006240143745613481 -3.091011721739749e-18)
(0.1157463863768514 0.0003443234890380026 -3.503973374147583e-19)
(0.1156251484467395 0.0001872542290458556 3.550713020810951e-20)
(0.1155617618523148 3.662205114551748e-05 5.590704131385786e-20)
(0.1155961767391799 -4.612598326447584e-05 3.223385244694968e-20)
(0.1007012931637432 -0.02353082421299879 3.128278002080277e-19)
(0.09656581378513127 -0.01699388206684208 2.198652758607211e-19)
(0.07819593905575203 -0.009901368837683626 -3.863221877931648e-19)
(0.06005581320484906 -0.009264898101563312 -2.024923376270589e-18)
(0.04283201749865175 -0.008986249209503474 -9.64303323909629e-19)
(0.02842209489439395 -0.006706816994300046 -1.876350496582503e-18)
(0.008940936888026538 -0.00723115350066965 -5.521619271700032e-19)
(0.008275493641999834 -0.01084788409641934 -1.388515223976716e-17)
(-1.350557384566676e-05 2.254207185440824e-06 9.089894694529728e-18)
(-1.685206802395792e-05 1.841556706023983e-06 2.660852568467876e-19)
(-1.819725308180265e-05 1.083893568660718e-06 -8.097191359355424e-18)
(-1.757844746458001e-05 2.025910650830902e-07 2.070773448768976e-19)
(-1.512528091326872e-05 -6.371970182311032e-07 1.81330130556207e-19)
(-1.107926279773647e-05 -1.30190613862333e-06 9.127563363783485e-20)
(-5.778286222805559e-06 -1.686251767364752e-06 -1.236892105386359e-17)
(3.73360163665945e-07 -1.7152429596353e-06 1.256136137050272e-19)
(6.940615336563372e-06 -1.346258725183337e-06 4.606026689483494e-19)
(1.349336110123816e-05 -5.69407457714935e-07 -6.269606428558497e-18)
(1.96382119716852e-05 5.943659269022519e-07 6.282045288743236e-18)
(2.50435992335046e-05 2.097246664089711e-06 -8.978676979278916e-20)
(2.945654653169205e-05 3.870059325195908e-06 -4.007022405361393e-20)
(3.271072828718493e-05 5.82865534226075e-06 -2.601826769027257e-19)
(3.472644307146505e-05 7.880484593177474e-06 -1.897121380251622e-18)
(3.550394408455672e-05 9.930758623909143e-06 -1.685285194645403e-18)
(3.51120551651987e-05 1.188778495504641e-05 5.892556855457284e-19)
(3.367413585616793e-05 1.366724943541859e-05 1.444714198101936e-19)
(3.135328088933569e-05 1.519541578041137e-05 1.52977037431649e-18)
(2.833821593206925e-05 1.641135638247066e-05 7.8553145415834e-20)
(2.483079423363241e-05 1.726841090256975e-05 6.522515306069806e-21)
(2.103542570659604e-05 1.773508112812554e-05 -6.937213638008494e-22)
(1.715029161400991e-05 1.779551785699505e-05 -7.139219907795345e-21)
(1.335989892858186e-05 1.744965457324598e-05 -2.023075621698401e-21)
(9.828453293284339e-06 1.671291883447216e-05 1.776628327733308e-21)
(6.693673446387521e-06 1.56153394924518e-05 1.328337164527905e-21)
(4.060971203867069e-06 1.419980689035949e-05 -2.482158792959747e-21)
(1.998264346245865e-06 1.251928734962194e-05 -1.04183427801816e-21)
(5.319148765397727e-07 1.063295156446405e-05 -1.0720413024224e-20)
(-3.557096466696942e-07 8.601425085851509e-06 2.947560519715799e-22)
(-7.267651920984247e-07 6.481610735653044e-06 3.011321379719838e-21)
(-6.865252426060953e-07 4.321532319111697e-06 2.248158488245034e-20)
(0.001988690073813882 0.007301588662022866 -1.709315314661386e-18)
(0.001935697947304806 0.0102572194499087 -7.207435032384301e-19)
(0.007120359357206236 0.01257564818861897 -4.782038275150341e-19)
(0.0108794284557002 0.01484274114228182 -6.690190244564644e-20)
(0.01592583196901053 0.01643046289749009 -5.766096796750607e-19)
(0.02141864917495344 0.01710243732304012 -3.572440395174012e-19)
(0.02731720313183538 0.01669944065241448 1.85864846678727e-18)
(0.03347928554932258 0.0151723519322321 -8.756533723566147e-20)
(0.03985819783899686 0.01253053099121945 5.837315081361654e-19)
(0.04645514022069409 0.008822721357058048 -5.756902252012284e-18)
(0.05331637725205048 0.004149720920208559 -1.930158841346347e-19)
(0.06053139317728819 -0.001267938081511453 1.682199600952712e-18)
(0.06823275932897693 -0.006901750085863621 1.987441899696805e-18)
(0.07649215304008226 -0.0116588507279435 1.320835966069898e-18)
(0.08612962560634058 -0.0131465138971733 -6.002695418312109e-19)
(0.09121640135967646 -0.007473542009579083 -2.266855052264229e-18)
(0.09347105626450027 -0.001403538137777114 -3.427723817533251e-18)
(0.09399392347179851 -0.0002988633340516733 -2.248164294617126e-18)
(0.09469768647089569 -0.0006413705251003614 -3.520727803912867e-18)
(0.09535278048230289 -0.0004465000471536527 -3.128157802226339e-18)
(0.09564187151417655 -0.0001529740670128668 -4.599599600164021e-19)
(0.09573875633569405 -4.038787643774343e-05 -6.588550066858308e-20)
(0.09580872681372635 -0.0001600073968419789 -2.393142329815613e-21)
(0.09578039138857833 -0.0002629339687044653 5.078246518915217e-21)
(0.06614014944516976 -0.01567240746809338 6.301613272185753e-19)
(0.06154853354642643 -0.01352121305755877 1.435702790708747e-19)
(0.05267163916894113 -0.01165884016744534 -1.030428609982647e-18)
(0.04131457737723483 -0.01040548611621121 -1.971473779103123e-18)
(0.02969204237797792 -0.00949336987142441 -1.464415991366958e-18)
(0.01969115761098192 -0.008584256306663202 -1.303418432518354e-18)
(0.01152412979095234 -0.00775388558136561 -1.952768957689898e-19)
(0.008467094423771367 -0.007717603432432921 -1.438922870337177e-18)
(-1.684822377161135e-05 5.482128215834881e-06 -1.168191175216184e-17)
(-1.966485658477161e-05 5.347059756258266e-06 1.87304099130089e-19)
(-2.061681755086793e-05 5.03315890479708e-06 3.626597977948724e-19)
(-1.960587111528474e-05 4.656973992479135e-06 9.804910515533465e-21)
(-1.671416461475513e-05 4.319882734378673e-06 3.596349275550154e-20)
(-1.21714720207897e-05 4.10741764821131e-06 2.185338976589444e-21)
(-6.3227199183424e-06 4.087685460868462e-06 1.534503098223323e-19)
(4.097164626815433e-07 4.309202446849299e-06 2.001078083745244e-20)
(7.5665073037013e-06 4.799228011283132e-06 1.997769595948708e-19)
(1.469085594963358e-05 5.563290222397371e-06 -3.774093363389926e-18)
(2.136337082286627e-05 6.586162151187382e-06 -6.392724511880356e-18)
(2.722953946498888e-05 7.834185392243732e-06 4.699137219451489e-20)
(3.201816501161503e-05 9.25864324566951e-06 2.920108924857446e-21)
(3.555034875687198e-05 1.079975428906505e-05 -1.59116432778532e-20)
(3.773972244011355e-05 1.239085171422035e-05 -6.177712972404922e-20)
(3.858550370213886e-05 1.396237423648193e-05 3.186472283485303e-18)
(3.816047556643104e-05 1.544541126623504e-05 5.020731831509767e-20)
(3.659613204582898e-05 1.677466712535257e-05 9.717576380639154e-21)
(3.406702990524282e-05 1.789083507524616e-05 8.060163156600081e-20)
(3.077591817820082e-05 1.874246434851383e-05 7.67606171570913e-21)
(2.694060130702309e-05 1.928745185168443e-05 -2.19266905924644e-22)
(2.278285828199045e-05 1.949428962630514e-05 -1.541958214148529e-22)
(1.851920880441846e-05 1.934315263841147e-05 -2.713433470418669e-21)
(1.435298022298874e-05 1.882682794863771e-05 -3.119649345119887e-22)
(1.046703741425974e-05 1.79513783629576e-05 1.87754883056022e-21)
(7.016696346940493e-06 1.67363178621869e-05 -3.368121565880783e-21)
(4.122703381384454e-06 1.521398013577669e-05 -4.15160481519453e-21)
(1.864620310098285e-06 1.342773931882057e-05 -9.759348853667671e-21)
(2.753393828174152e-07 1.142884142044044e-05 -2.617278804591867e-19)
(-6.624203635009811e-07 9.271945014034839e-06 -8.109565659440451e-21)
(-1.017064809524576e-06 7.00994149579917e-06 1.5609859999454e-21)
(-9.065312382649203e-07 4.688967874737584e-06 5.518122995265044e-21)
(0.001634912517634969 0.005410834719008624 2.059479134816725e-21)
(0.001579142673588897 0.007577353139627076 -6.988226459247337e-19)
(0.005889948957799746 0.009131024826425254 -3.089314143296763e-19)
(0.008960952159640033 0.01067783384520996 2.624141450503424e-19)
(0.01307816068635425 0.01167783400699896 2.406368737953834e-19)
(0.01754618972609647 0.01192196764911583 1.61007482060438e-19)
(0.02231088352042103 0.01123973840972721 1.005225924076903e-18)
(0.02719458415020511 0.009549887106730213 1.071619723877117e-18)
(0.03205866591899578 0.006827803527634676 6.396602448720041e-19)
(0.03675969589805796 0.003093997001641198 3.373732031064331e-18)
(0.04113728803542274 -0.001577166261778435 6.151749904108156e-18)
(0.04501395717461658 -0.007006334131607837 1.282929638392232e-18)
(0.04813877911640208 -0.01270959243653768 3.629461668654663e-19)
(0.05034761589643483 -0.01753044802857781 -6.010147577824764e-19)
(0.05269226622202236 -0.01713970955116715 -9.436653655735715e-19)
(0.04838993903295135 -0.005199350202988926 -1.952766668901897e-19)
(0.06054965893228812 -0.002364178446518698 -1.217952135748058e-18)
(0.06548176724264509 -0.0003034000523022902 -1.631412016921622e-18)
(0.06589974820351496 -0.0001145193448757586 -1.991626264476099e-18)
(0.06619968937513063 -0.0001115696860831633 -1.611644144986415e-18)
(0.06637515704461203 -6.842529364231781e-05 -7.277869004041344e-19)
(0.06644871799421201 -4.406194724750534e-05 -1.871934269557956e-19)
(0.06663320923643326 -7.411492378984669e-05 -1.780750705044187e-20)
(0.06634393849910376 -0.0001285087005986238 9.425376340348237e-21)
(-8.220838318465616e-07 2.180672453000465e-06 6.139982692270217e-20)
(-2.475483594934109e-06 4.987479348714935e-06 3.461607597993963e-20)
(-4.166011171140727e-06 6.832721383815549e-06 -1.809380598789035e-19)
(-5.955025439707828e-06 7.984194901763941e-06 5.117627206156816e-18)
(-7.942074285511268e-06 8.62981421003578e-06 -1.38508069674275e-19)
(-1.028675374974749e-05 8.926398892406331e-06 7.18712398693381e-20)
(-1.321530659297888e-05 9.040589211450553e-06 1.9673120834791e-18)
(-1.685832290470451e-05 9.183485013679674e-06 -1.843022673485728e-18)
(-2.015765830160748e-05 9.303589837415457e-06 1.266737122780146e-19)
(-2.226653475553104e-05 9.419019733655776e-06 3.134795269355227e-19)
(-2.268683374402549e-05 9.53798025825868e-06 2.406920266477809e-18)
(-2.12197207993467e-05 9.682778308069476e-06 2.039315381862671e-19)
(-1.789497534166818e-05 9.880673499422336e-06 -1.612584056770666e-20)
(-1.291902101260931e-05 1.015809378190902e-05 -2.152071805129581e-19)
(-6.630327109117228e-06 1.053717944897318e-05 -2.96017061005315e-20)
(5.449162007583816e-07 1.103352190074585e-05 -1.421500754934511e-19)
(8.137412753488581e-06 1.165467465192313e-05 5.483644901293478e-20)
(1.567720197777258e-05 1.239935234358038e-05 6.271614529265185e-19)
(2.273079586205193e-05 1.325729968181715e-05 3.280645379204482e-19)
(2.893037798798242e-05 1.420976656134272e-05 2.454343047555288e-19)
(3.399346819441462e-05 1.523047288547647e-05 2.243892293673789e-20)
(3.773267098988861e-05 1.628690687029643e-05 -2.894010978948656e-21)
(4.005627060410261e-05 1.73417989614894e-05 -7.622492661521445e-21)
(4.096133314708387e-05 1.83546399109472e-05 -1.982203870589031e-19)
(4.052151776010862e-05 1.92831601737196e-05 -3.695486011177505e-20)
(3.887194364054743e-05 2.008473940499477e-05 1.230297641513069e-22)
(3.619324091432485e-05 2.071776313251504e-05 5.079493525231524e-20)
(3.26964163671205e-05 2.114297538686539e-05 4.632094842238124e-20)
(2.860951341067115e-05 2.132488520228005e-05 -4.54832906311333e-20)
(2.416637495755757e-05 2.123326972785795e-05 -5.170140987248231e-21)
(1.959725226797398e-05 2.084477908942482e-05 -1.88126320300098e-20)
(1.512063574025122e-05 2.014459146091149e-05 1.281318918201282e-22)
(1.093556656196759e-05 1.912799309001701e-05 1.783495507084027e-20)
(7.213829219060008e-06 1.780166548440422e-05 -3.38459596907944e-20)
(4.091796673432639e-06 1.618436119703022e-05 -5.710586635770648e-20)
(1.662229465518783e-06 1.43065344471229e-05 1.156925616809487e-20)
(-3.308803785064159e-08 1.220848582159746e-05 1.575717768851178e-19)
(-1.008599180484201e-06 9.936784448703146e-06 2.713650696670295e-20)
(-1.336945263104988e-06 7.539321761501757e-06 7.885442768771445e-21)
(-1.147299880431421e-06 5.060201619683821e-06 -8.404354659001226e-21)
(0.001307146557833119 0.00386700581947622 8.234011674255019e-19)
(0.001256625074393471 0.005391600827700324 6.155852611069523e-19)
(0.004717133788149391 0.006348766460962134 7.820599386421731e-19)
(0.007130207511639535 0.007343294115467279 2.867918086440029e-18)
(0.01035059701682366 0.007903585850562472 4.64181954467442e-18)
(0.01380078048594226 0.007856814734734189 6.678115038769957e-19)
(0.01740762352506567 0.007052879113604364 2.736499992838405e-18)
(0.02096798701067226 0.005423332991652079 4.869017678601885e-18)
(0.02427416611107763 0.002965767922609705 7.281355457859417e-19)
(0.02706833446577233 -0.0002554570466227974 6.758770820776195e-19)
(0.02901374917889243 -0.004092880170472413 1.136824588983486e-18)
(0.02968955526161041 -0.008269720697098141 8.996712509513773e-19)
(0.02843671317042066 -0.01222685758035007 6.692621227682589e-19)
(0.02523753428899227 -0.01494790469650742 6.108840120463029e-19)
(0.01571461279780262 -0.01325124026716356 5.327145146780327e-19)
(0.02135287232053713 -0.007765822136028064 4.016024718359643e-19)
(-7.98286648928323e-08 -6.259381988508311e-08 1.436121678557924e-18)
(-1.086927587049674e-07 -9.206149960677007e-08 -5.322980582407013e-19)
(-1.274099499667079e-07 -1.185272993213006e-07 -5.170402463630695e-21)
(-1.331656416590603e-07 -1.382879639220264e-07 7.050775190072172e-21)
(-1.246921332857982e-07 -1.465884771126563e-07 1.73135799350623e-20)
(-1.024724861531552e-07 -1.382767118669661e-07 4.7956650827797e-21)
(-6.864364022638944e-08 -1.08344284566967e-07 1.025832128291764e-20)
(-2.620675326449546e-08 -5.109372647410862e-08 8.206145222336587e-21)
(-1.197274135195645e-06 3.015803527982308e-06 -1.661167943476781e-18)
(-3.60451590509939e-06 6.85825107421198e-06 -2.004042030318893e-18)
(-6.052101349404769e-06 9.3845998428016e-06 1.68250186381808e-20)
(-8.591438109028073e-06 1.097765203694409e-05 -1.451636777168991e-19)
(-1.128434545351114e-05 1.190170300013026e-05 -3.107652876499928e-18)
(-1.418627513128257e-05 1.237947520293763e-05 7.045728141859209e-20)
(-1.729402187122808e-05 1.262769203340397e-05 1.279742430992654e-19)
(-2.042191409246195e-05 1.285387319607985e-05 -4.210916517674993e-18)
(-2.29919796625221e-05 1.316479121152812e-05 2.938213156449445e-19)
(-2.441385472704526e-05 1.361366182239462e-05 9.219514358581589e-19)
(-2.425930392269387e-05 1.419499543079024e-05 4.458925972624879e-19)
(-2.231720745248921e-05 1.487869521106782e-05 2.761661974762189e-20)
(-1.858967358096494e-05 1.56303413936399e-05 -2.125554170064133e-19)
(-1.326050978252107e-05 1.641880936752247e-05 3.382917619691632e-18)
(-6.653382865570538e-06 1.721844545106042e-05 -3.570172136966231e-19)
(8.13901378484555e-07 1.800938501760312e-05 4.201307468540579e-18)
(8.675725003117092e-06 1.8777159753841e-05 -1.512707919789828e-19)
(1.646248761007565e-05 1.951188383506508e-05 3.576241486790359e-19)
(2.373882862254095e-05 2.020711899580741e-05 -3.270752224996331e-18)
(3.013368618259155e-05 2.085851191267052e-05 -3.21868316014043e-18)
(3.536064731745172e-05 2.146231939756187e-05 2.097566868016729e-19)
(3.922824192680464e-05 2.201394909816338e-05 9.734669442488403e-20)
(4.164097301059106e-05 2.250664392175949e-05 -2.883132401165599e-18)
(4.259277260728104e-05 2.293042831331185e-05 -1.069357046042772e-18)
(4.215511254344537e-05 2.327141665564971e-05 -5.08432806945984e-20)
(4.046214027983463e-05 2.351155908400813e-05 3.548839108237836e-20)
(3.769498325128682e-05 2.362887093478326e-05 4.873870269327324e-19)
(3.406685754875132e-05 2.359816021408495e-05 -2.883351030382776e-18)
(2.98099534283391e-05 2.339223465373254e-05 2.058755275581795e-18)
(2.516438805923345e-05 2.298353792562442e-05 -6.791225126051557e-20)
(2.036893947287145e-05 2.234613475426018e-05 -9.863039269304539e-20)
(1.56528958040825e-05 2.145793684494888e-05 3.163978258528495e-21)
(1.122821633152893e-05 2.030303194046698e-05 1.196862924310813e-19)
(7.281307439655589e-06 1.887393818407739e-05 1.448799097335488e-18)
(3.964038392237921e-06 1.717353482599392e-05 8.219547617142269e-19)
(1.384128510633449e-06 1.521629624368624e-05 -4.209919904343922e-20)
(-4.043078682346678e-07 1.302830376820547e-05 2.1389127609373e-19)
(-1.408576504116341e-06 1.064543435383598e-05 4.546381801553356e-20)
(-1.701682326118135e-06 8.10945694723164e-06 -7.989409001431884e-19)
(-1.421645123937925e-06 5.462876988421143e-06 -1.759851943235115e-20)
(0.001008808672010512 0.002651704308010113 1.799344221474373e-18)
(0.0009637849383190052 0.003674695516822135 5.575874062219127e-18)
(0.00362837097849454 0.004194824539321062 3.705057923648459e-18)
(0.005436842489497961 0.00479053840734822 1.171255484662416e-18)
(0.007836025966421531 0.00505458858993202 9.281039471586018e-19)
(0.01035605323269434 0.004853055333958551 3.296185960929231e-19)
(0.01291491208919931 0.004071180362615782 5.388030550080334e-19)
(0.01531339015991733 0.002675762056217896 5.043156320029593e-19)
(0.01733278404602255 0.0007135721189368957 -1.560601420117961e-19)
(0.01870101840755208 -0.001679621179912221 1.960655293060809e-19)
(0.01907806788743086 -0.004259452156364826 2.937034695281145e-18)
(0.01809548358987635 -0.006642647258690836 3.550263976770813e-18)
(0.01522909759387827 -0.008252690782123945 5.040847820567647e-18)
(0.01107857275758496 -0.008405900098849376 3.72194678350346e-18)
(0.001411519016039781 -0.006711319323466034 5.180990544611959e-18)
(0.005720707629981779 -0.00524417094679999 1.312592850925572e-18)
(-1.224751754420406e-07 -9.02731411078295e-08 1.021744486452373e-18)
(-1.685916830211978e-07 -1.346243728825476e-07 2.595579035471907e-19)
(-1.982253124447816e-07 -1.747813497721303e-07 4.847300755173532e-20)
(-2.071744350557077e-07 -2.047508243668318e-07 2.26049979086616e-20)
(-1.934221736587735e-07 -2.173327824784958e-07 1.387329721174243e-19)
(-1.577305337406836e-07 -2.047332302965339e-07 2.237318825273967e-20)
(-1.035804335436721e-07 -1.591403896109705e-07 -3.629291744240827e-19)
(-3.646944786119726e-08 -7.218980914869971e-08 -3.280075138111978e-19)
(-1.5230573634825e-06 3.412996711062155e-06 -1.581528460457203e-19)
(-4.581529699731698e-06 7.798362350394314e-06 1.522704487312818e-18)
(-7.66899833503005e-06 1.072710611901839e-05 -3.72876820994601e-20)
(-1.081075966832519e-05 1.264253033479018e-05 -3.035338019210422e-20)
(-1.401164111920067e-05 1.385673391592415e-05 3.961500455894558e-20)
(-1.723179353835605e-05 1.463281236147983e-05 2.048209349085694e-20)
(-2.034757752131418e-05 1.520939457220864e-05 -9.60643957706974e-22)
(-2.310488054266171e-05 1.579047049817331e-05 1.981920167972902e-19)
(-2.509817494824023e-05 1.650974039587444e-05 -3.832028351531993e-18)
(-2.590603940976106e-05 1.743029335682725e-05 -7.131876336946634e-19)
(-2.520048152142513e-05 1.854643924845828e-05 -4.092849563104916e-18)
(-2.280830296949002e-05 1.980461954583998e-05 1.667257285874109e-19)
(-1.873300961399525e-05 2.112973670220005e-05 -7.87882451172703e-21)
(-1.314453683462697e-05 2.244458021892926e-05 -1.813875065629468e-19)
(-6.348490369916752e-06 2.368108520717964e-05 -5.219152682107358e-20)
(1.255052301828586e-06 2.47860276088854e-05 -2.991763409030661e-19)
(9.216167042475163e-06 2.572327195579649e-05 1.35831476204573e-20)
(1.707819148080323e-05 2.647372770816538e-05 -5.899776133401129e-18)
(2.441558625110134e-05 2.703363835100908e-05 3.239227741495204e-19)
(3.086385028813277e-05 2.741165724143844e-05 2.381812286950283e-19)
(3.613993322527974e-05 2.762514402244792e-05 7.823116860176812e-20)
(4.005279986535456e-05 2.76961200843203e-05 1.869927124944056e-18)
(4.250492464582135e-05 2.764730202280854e-05 1.385835747499702e-18)
(4.348637060196765e-05 2.749857735650905e-05 7.223435310261433e-20)
(4.306363153907286e-05 2.726420284575263e-05 -5.706850419638572e-21)
(4.136554996082972e-05 2.695090507664168e-05 -5.777098780639298e-20)
(3.856839690218267e-05 2.65569598128555e-05 3.575227835308563e-20)
(3.488169944400256e-05 2.607223347689158e-05 8.329097805146397e-20)
(3.053575005951921e-05 2.547909611795995e-05 -4.692829391409306e-20)
(2.577106366650692e-05 2.475406521188698e-05 -4.444819415139678e-21)
(2.082948482954325e-05 2.387001415587236e-05 -1.616715509834895e-20)
(1.594627618503965e-05 2.279877513519744e-05 3.058079399688352e-21)
(1.134237929283945e-05 2.151397638240399e-05 1.853942377707701e-20)
(7.216120251323432e-06 1.99939695882691e-05 -3.378761042045673e-20)
(3.733887144826472e-06 1.822469724310706e-05 -5.186216680435379e-20)
(1.019689909232931e-06 1.620229773335044e-05 2.348475300717479e-21)
(-8.559767538402624e-07 1.393507906705224e-05 -2.468089856004122e-19)
(-1.886831030089174e-06 1.144420393220142e-05 -3.557179392318739e-19)
(-2.138997207020083e-06 8.762231602750699e-06 -4.213631552403337e-20)
(-1.753971169426299e-06 5.9292702871554e-06 -5.372886222301386e-20)
(0.0007453464867597189 0.001735024231294452 1.213266692848879e-18)
(0.0007066682177305796 0.002384537187861847 1.377659594519116e-18)
(0.002659421584986416 0.002608865782476142 2.646803437657223e-18)
(0.003940047888750122 0.002935728138326955 4.636122807572956e-19)
(0.005628471534002025 0.003021865453000413 2.80704462282725e-18)
(0.007357247498613294 0.0027684854224926 8.479540268737547e-19)
(0.009049663810493838 0.002095210025250199 5.261055447585595e-19)
(0.01053897840611508 0.001001381029496967 -6.101500366020941e-20)
(0.01164487363615537 -0.0004264371045085582 -4.193046984711873e-18)
(0.01215537980741987 -0.002011710641763145 -2.220288260458536e-19)
(0.01183396233261026 -0.00348546349469439 6.182931592827511e-19)
(0.01050333218777372 -0.004503409707501809 2.46524732220224e-19)
(0.007977672797372699 -0.004685969430289301 -3.123769921316823e-19)
(0.005197365525714064 -0.003791044179406132 4.037791486210703e-19)
(-0.0003627678755313101 -0.002883013397358452 -1.322821915457206e-18)
(0.001496969160954496 -0.002670552975370684 1.888341473642777e-18)
(-1.718400613930429e-07 -1.164628590875211e-07 5.190024733867218e-20)
(-2.381659887995893e-07 -1.739573400282284e-07 1.324099583055804e-19)
(-2.804892823824769e-07 -2.260263079940667e-07 9.56958759828437e-21)
(-2.930181844974789e-07 -2.647107319130298e-07 9.400715865750898e-21)
(-2.731633962586161e-07 -2.806039182650776e-07 2.715213080562242e-20)
(-2.222034824566049e-07 -2.636992355391742e-07 -5.366095763039684e-21)
(-1.452554664800078e-07 -2.041292041399679e-07 -5.554607223728686e-21)
(-5.052086907126425e-08 -9.182405448504571e-08 6.760683036574569e-21)
(-1.77973953055337e-06 3.341195998946694e-06 -2.078240922031772e-20)
(-5.346959860521401e-06 7.714307739198518e-06 -3.639163889375044e-20)
(-8.918740583431506e-06 1.072446986589114e-05 -5.326719949211641e-20)
(-1.248775813787089e-05 1.281479864329201e-05 4.505203375670077e-19)
(-1.600469650038083e-05 1.430393122385087e-05 -3.742998465365389e-23)
(-1.936266786270544e-05 1.545630864582728e-05 1.049240764143573e-20)
(-2.238166879523981e-05 1.649731178071743e-05 4.972691666952542e-21)
(-2.480278855225299e-05 1.760566707681953e-05 -5.591404050690243e-21)
(-2.630727638497799e-05 1.889729784023634e-05 1.123980653214744e-19)
(-2.658317393952267e-05 2.042036632998474e-05 2.362872859745854e-19)
(-2.539136172802258e-05 2.215740357744238e-05 -3.191262197786262e-18)
(-2.261213159395273e-05 2.403816071658293e-05 6.866215333712024e-18)
(-1.826877226498069e-05 2.596144399574611e-05 -1.32834813439705e-20)
(-1.252726118902085e-05 2.781757163254107e-05 -6.530264042009707e-18)
(-5.675674152743953e-06 2.95058127767877e-05 -1.776189079129383e-19)
(1.909622112534256e-06 3.094552852951149e-05 3.640002585912782e-18)
(9.803893446394193e-06 3.208190021252366e-05 -3.357614885254663e-19)
(1.757415173994897e-05 3.288743506676137e-05 6.406469070635106e-19)
(2.481505035048515e-05 3.336028126565158e-05 9.910196355051533e-20)
(3.117756267312106e-05 3.352022669432313e-05 2.034487344911723e-20)
(3.638877956051211e-05 3.3403188525227e-05 -1.378555132806429e-20)
(4.026242341430264e-05 3.305496306874639e-05 -1.351726564229984e-19)
(4.27007852846625e-05 3.252494290035857e-05 8.906945984255124e-19)
(4.368963709414932e-05 3.186039980809377e-05 2.885390715764282e-19)
(4.328817126533963e-05 3.110178266787747e-05 -2.191418381023127e-20)
(4.161614578156452e-05 3.027930779462456e-05 2.975347414904356e-18)
(3.884019560724075e-05 2.941094885168012e-05 2.801255714113565e-20)
(3.516079482744779e-05 2.850178508871384e-05 1.251595675027742e-18)
(3.080073520718473e-05 2.75445554624839e-05 3.8748143072572e-20)
(2.599535459603766e-05 2.65211989897021e-05 2.44444138959181e-21)
(2.098421871309054e-05 2.540513740346165e-05 7.06614624833896e-21)
(1.60036155470414e-05 2.416406741993229e-05 8.145660955716002e-21)
(1.127909932452462e-05 2.276306613844669e-05 3.954564384033363e-21)
(7.017404156840594e-06 2.116786118575693e-05 -4.307308146429622e-21)
(3.397270707323563e-06 1.934816747226043e-05 -2.751026127628334e-21)
(5.589976398597245e-07 1.728102511724624e-05 4.817347099335759e-20)
(-1.407227686282082e-06 1.495403797545521e-05 -1.311611638357955e-18)
(-2.473876912858423e-06 1.236821972192123e-05 -4.126439830135868e-21)
(-2.688503530526694e-06 9.539751153242394e-06 -4.48514236942676e-20)
(-2.183667271078455e-06 6.499808676972588e-06 1.309050459521047e-18)
(0.0005232935552605792 0.001076985408196453 -2.421822011023503e-19)
(0.00049047847378695 0.001464884906266832 -2.062733863717485e-18)
(0.001841175563835224 0.00151018569982583 -2.804706545438974e-19)
(0.002687525737288701 0.001670965915393989 5.076659669881518e-20)
(0.003795725266131784 0.001666291629328482 1.115761741455268e-18)
(0.004893100069934431 0.001424737430925764 4.919246879194176e-18)
(0.005917745495685577 0.0008898727655623301 2.987671803729869e-18)
(0.006751961661231227 7.789157555124768e-05 9.565374239920155e-20)
(0.007277553064406984 -0.0009044745489621548 -3.839408919082422e-19)
(0.007365145258470773 -0.001874348544679709 3.344983944520351e-19)
(0.006884792748648007 -0.002593190832951286 5.768199083800052e-19)
(0.00580152630748084 -0.002839762462105739 2.234850700107272e-18)
(0.004138490914084299 -0.002472386067338273 -4.806211952542112e-19)
(0.002702290997313298 -0.001549540205275192 -2.209209354534721e-18)
(0.0001775449525679882 -0.00129596397477394 -8.709274444775503e-19)
(0.0005060848670226099 -0.001201459941073042 -6.335001893055775e-19)
(-2.277767166673252e-07 -1.401511377525227e-07 1.074646412185004e-19)
(-3.167389057521719e-07 -2.089147763143992e-07 7.728355682876586e-19)
(-3.733577847622304e-07 -2.707133765726807e-07 -5.137252341789021e-19)
(-3.898809053520802e-07 -3.161540389568169e-07 2.025807013083073e-20)
(-3.631153908893042e-07 -3.341065506312201e-07 2.081286604405605e-19)
(-2.950178586700377e-07 -3.128601043654762e-07 -1.098779390707468e-20)
(-1.925715335997311e-07 -2.411096854343462e-07 -2.775295593478751e-19)
(-6.68153118695133e-08 -1.077432855980595e-07 -9.167650269795517e-21)
(-1.949562739919771e-06 2.83385361294795e-06 -1.960355608806823e-21)
(-5.848481211804049e-06 6.657031075683884e-06 -4.490054163439052e-21)
(-9.719615204054413e-06 9.423168396589365e-06 -2.166293160386467e-21)
(-1.352417543986533e-05 1.151852800205817e-05 -2.641450574925175e-21)
(-1.717120598235602e-05 1.3225456936159e-05 9.301935534857716e-20)
(-2.051356168588942e-05 1.477289358186055e-05 1.471658075224105e-20)
(-2.334935144530838e-05 1.634469210961284e-05 7.785100818112028e-22)
(-2.543394250922263e-05 1.8075112733175e-05 -7.565361615830571e-20)
(-2.650613537470703e-05 2.004090137925404e-05 2.134794419189862e-20)
(-2.633021659916458e-05 2.22581514224959e-05 2.83836015680689e-18)
(-2.473822667995503e-05 2.468492735665812e-05 -4.393248894392524e-18)
(-2.166199622126355e-05 2.72310151180127e-05 3.848268266214943e-20)
(-1.715077752487571e-05 2.97750206448644e-05 -3.842848406062075e-19)
(-1.137254463761598e-05 3.218501210340736e-05 -5.057946588212825e-18)
(-4.599430238356214e-06 3.43376661414486e-05 -1.969376640784336e-19)
(2.819133670064209e-06 3.613264690791084e-05 3.009220481697232e-20)
(1.049021223051955e-05 3.750122137094122e-05 -9.002074961029788e-20)
(1.801273632887112e-05 3.840950825524593e-05 -5.47061862719132e-20)
(2.500994798913065e-05 3.885728571685794e-05 -2.090441099076615e-19)
(3.115576190567976e-05 3.887345338185846e-05 2.429494803828306e-20)
(3.619325591251786e-05 3.850926399463631e-05 2.681776915629641e-19)
(3.994478062893073e-05 3.783039662266826e-05 6.655254527777161e-19)
(4.231426344370685e-05 3.690884207464036e-05 1.791672977056328e-18)
(4.32830902522708e-05 3.581540955576645e-05 -2.412356538356294e-18)
(4.290142042106919e-05 3.461345340240705e-05 9.653283780135921e-20)
(4.127690997182665e-05 3.335418480471628e-05 9.505117764188551e-21)
(3.856261917551253e-05 3.207370566731649e-05 -2.833105482655573e-18)
(3.494544291653308e-05 3.07917074364633e-05 8.844005501026381e-20)
(3.063583467504262e-05 2.951163588202271e-05 -5.527829975408684e-20)
(2.585901691536975e-05 2.822204143580683e-05 -5.551953926366664e-20)
(2.084738983967253e-05 2.689881044197533e-05 5.029165932046997e-20)
(1.583354502123673e-05 2.550799307538096e-05 1.507594257854742e-20)
(1.104319631327995e-05 2.400899090481833e-05 8.054832016244779e-21)
(6.68744524398102e-06 2.235792285625764e-05 1.324927880244053e-20)
(2.954040213725686e-06 2.051103782938803e-05 -3.961775689035104e-20)
(-2.444248461508196e-09 1.842808586467693e-05 -1.381589068394567e-21)
(-2.071445793629958e-06 1.607558833997456e-05 1.693327937470098e-18)
(-3.198357936507249e-06 1.342994809465196e-05 -3.368433846099725e-20)
(-3.39807502653149e-06 1.048026626194738e-05 -4.696213742579615e-20)
(-2.770815315470982e-06 7.230880729318953e-06 1.564339965594724e-18)
(0.0003510567025190068 0.0006266415941547949 -1.59926629440211e-18)
(0.0003178227041551553 0.0008416270758254073 -6.72542155770397e-19)
(0.001194569172993276 0.0007978749834000873 -2.910461738419032e-19)
(0.001708280779455146 0.0008706074314029375 6.385587898304799e-20)
(0.002373008677503271 0.0008354895225451431 2.901872379481656e-18)
(0.002998451762518197 0.0006401082197642158 3.506480877428757e-18)
(0.003538373912420605 0.0002373431762238983 4.227764349588464e-19)
(0.003927376028192074 -0.0003604573422557818 -5.239211602150632e-20)
(0.004111910225625267 -0.001039594546602676 2.172371858041546e-18)
(0.004038920955827027 -0.001623587772153875 4.242026808701879e-19)
(0.003643698633994298 -0.001907348941813995 -1.978822160657019e-18)
(0.002941210796545906 -0.001796291975922852 1.829715810803346e-18)
(0.002017687585635663 -0.001304332857211066 3.7036008918578e-19)
(0.00138995652192067 -0.0005997886356774153 1.836130192400713e-18)
(0.0003268649454137129 -0.0005688196077570597 -5.747846420667383e-19)
(0.0003114317274208893 -0.0005192875512328636 -2.181766300460377e-18)
(-2.895923795789802e-07 -1.604763696142451e-07 -2.971266722216486e-19)
(-4.031317663060396e-07 -2.38587839007133e-07 -7.745121325358523e-19)
(-4.75261555213575e-07 -3.080196656312902e-07 1.139364688244067e-19)
(-4.960661340611214e-07 -3.583314366302151e-07 8.328282551024147e-20)
(-4.61665868514401e-07 -3.771870724288097e-07 -1.57895477446053e-18)
(-3.747786132346845e-07 -3.51713508297798e-07 -3.301459018972736e-20)
(-2.444500680069987e-07 -2.697308107118667e-07 1.636679635380441e-18)
(-8.474721233732744e-08 -1.196756876918094e-07 3.772435926200884e-20)
(-2.020508620250772e-06 1.970173261081707e-06 -7.802862099152548e-22)
(-6.05173983670858e-06 4.784122539254758e-06 -2.246350891272575e-21)
(-1.002146468792511e-05 7.010843794839721e-06 -1.904115763367572e-19)
(-1.38649533714761e-05 8.934530343016647e-06 4.047172194776457e-20)
(-1.746406301570379e-05 1.076635695431401e-05 -4.97216555149573e-19)
(-2.065206833988271e-05 1.267222696609851e-05 4.124440589723783e-20)
(-2.322466908717159e-05 1.477519110964056e-05 6.993229417012299e-19)
(-2.49588452569758e-05 1.715181551701413e-05 -7.252415686354774e-19)
(-2.56385801414025e-05 1.982775405741074e-05 1.62442298158454e-18)
(-2.508532693917126e-05 2.277655687751194e-05 -1.929839809411447e-19)
(-2.318662319502306e-05 2.592313336568543e-05 5.03263814357411e-20)
(-1.991730184578745e-05 2.915257587936823e-05 -3.996002034088579e-21)
(-1.535044246657132e-05 3.23243792728356e-05 -6.605449613213571e-20)
(-9.656840403010993e-06 3.529025321036359e-05 3.881370371815398e-20)
(-3.093052313122908e-06 3.791217023626538e-05 -6.504453978167809e-18)
(4.020243653047478e-06 4.007741027595461e-05 2.307213463685156e-20)
(1.13260193822331e-05 4.170856276979051e-05 5.545327932405539e-18)
(1.846071690814817e-05 4.276799263965773e-05 5.36526780232179e-18)
(2.50822234175844e-05 4.325723239947976e-05 -1.809382751751616e-18)
(3.089303144340251e-05 4.321231859327778e-05 -6.497120506561833e-18)
(3.565679758442994e-05 4.269631787312295e-05 -3.599344973743451e-18)
(3.920769218134727e-05 4.179031644554082e-05 6.279328161789317e-18)
(4.14529475410738e-05 4.05840445324122e-05 -8.805590688659598e-19)
(4.236976565964831e-05 3.916711212500062e-05 7.48051085949718e-20)
(4.199818532129381e-05 3.762157558740214e-05 8.707528093722212e-20)
(4.043162416120542e-05 3.601627202707199e-05 9.049559023005353e-20)
(3.78066390926701e-05 3.440308658281873e-05 2.565313042749938e-18)
(3.429306200333077e-05 3.281508897203555e-05 -6.350985854780242e-20)
(3.008516583684708e-05 3.12663116103107e-05 1.869592308733877e-18)
(2.539400620898903e-05 2.975285071253223e-05 1.92332136657869e-18)
(2.044066252010132e-05 2.825494851008999e-05 9.541442116158096e-19)
(1.544984123454216e-05 2.673974191590546e-05 -3.263633275271846e-18)
(1.064323748538646e-05 2.516441569120709e-05 2.350273735273864e-20)
(6.232174573046886e-06 2.347954803284878e-05 -1.569730776058852e-18)
(2.409312642129074e-06 2.163245500136346e-05 -3.170960776154206e-19)
(-6.604352350562037e-07 1.957030082120595e-05 -4.271351090893605e-20)
(-2.849327848221416e-06 1.72426093237515e-05 -1.143954626169331e-20)
(-4.076009877424717e-06 1.460252482414807e-05 1.071049502760536e-18)
(-4.314392084042831e-06 1.16055728459993e-05 -5.728891480170832e-19)
(-3.603605169244306e-06 8.203767145105608e-06 2.631211228723744e-19)
(0.0002420158508912812 0.0003491503699634381 -9.916953320343449e-19)
(0.0002053390848316805 0.0004572748083331715 -2.615269144857882e-18)
(0.0007344423086868486 0.0003941397325801079 -6.400275630740892e-19)
(0.001016104797302403 0.0004322136035727743 -4.401370549394874e-18)
(0.001371416619509586 0.0003991741504794592 -2.390775839223361e-18)
(0.001675178774591794 0.0002595545123843789 -1.153597576378734e-19)
(0.001888580094575266 -3.515099502417536e-05 -2.924393094954634e-18)
(0.001990035752469743 -0.0004957920937291769 -2.246744063144619e-18)
(0.001977200565233785 -0.001006299750431572 -1.756287918531619e-18)
(0.001866848458274377 -0.001407805553983448 3.701060850044854e-18)
(0.001622589432044722 -0.001479959345368275 1.990391609736692e-18)
(0.001239209060044933 -0.001237158898912189 -6.625573640281208e-19)
(0.0008026273139714639 -0.0007684792871823625 -2.986492725626052e-19)
(0.0005901748439177104 -0.0002523202396186849 -2.362210833828351e-19)
(0.0001766458610107481 -0.0002421770548981956 -2.760541857330656e-18)
(0.000178054634782046 -0.0002327525579318823 -1.183706053844091e-18)
(-3.562960718886529e-07 -1.772278414714605e-07 7.731031426162736e-20)
(-4.959625756645086e-07 -2.628077015850907e-07 1.680028800979775e-19)
(-5.844834342587498e-07 -3.380510374595327e-07 -7.827717451196273e-19)
(-6.097281620268168e-07 -3.917211706362059e-07 -1.38055340530027e-18)
(-5.670867960525872e-07 -4.106676300575252e-07 -8.297985972455219e-19)
(-4.60080641266538e-07 -3.812981266283462e-07 1.752157290297961e-20)
(-2.999448231292851e-07 -2.909885489317445e-07 2.931786486681671e-20)
(-1.03945041246209e-07 -1.281666650548678e-07 -7.942171212996535e-19)
(-1.988777715744962e-06 8.60159035172281e-07 -3.290125044920784e-21)
(-5.947051171252852e-06 2.328595484952373e-06 -2.511982663407671e-20)
(-9.814001670546864e-06 3.781177633659528e-06 2.502404363590924e-20)
(-1.350620716573632e-05 5.370849073539109e-06 6.276834369799266e-21)
(-1.689130072355565e-05 7.215171173297627e-06 4.12159255471349e-20)
(-1.979813504927354e-05 9.400561037390927e-06 5.043138085599527e-19)
(-2.203212859589604e-05 1.197870421829988e-05 -1.352064526807607e-18)
(-2.339583369319505e-05 1.496173484975442e-05 -1.519794522216722e-19)
(-2.371219950838936e-05 1.83188568560512e-05 -3.506361258026084e-18)
(-2.284794354067907e-05 2.197637007982588e-05 3.04420031970898e-18)
(-2.073351791990335e-05 2.582193953764092e-05 -3.970217568926153e-20)
(-1.737667489562023e-05 2.971326398764924e-05 -2.113520137608779e-20)
(-1.28680114742962e-05 3.349073551605231e-05 -1.922027594053427e-19)
(-7.378047472766437e-06 3.699285107365557e-05 -4.270321623628847e-20)
(-1.146190033822221e-06 4.007216556779465e-05 -1.627233396422541e-18)
(5.537204227621479e-06 4.260924755395811e-05 4.668520997659899e-20)
(1.235341036036211e-05 4.452256004657006e-05 3.482226635994364e-18)
(1.897964281908282e-05 4.577324030616845e-05 -4.424903129658884e-19)
(2.511216038401649e-05 4.636480682152508e-05 -3.288216372113592e-18)
(3.048570368029222e-05 4.633855155885202e-05 3.321312319806444e-18)
(3.488767253674845e-05 4.576580477406154e-05 -5.154356498336082e-20)
(3.816641485146727e-05 4.473840403281448e-05 -9.737867138177468e-20)
(4.023387393862219e-05 4.335864087569118e-05 -3.998620195576045e-20)
(4.106350627089785e-05 4.172976254756596e-05 6.130555327708636e-20)
(4.068477508628512e-05 3.994782744726074e-05 5.668683582227662e-19)
(3.917563648757664e-05 3.80954014668901e-05 -6.647595102754848e-19)
(3.6654294802711e-05 3.623728335189693e-05 9.441406523728342e-19)
(3.327117804486994e-05 3.441819736264304e-05 -6.286518515872809e-21)
(2.920165867261815e-05 3.266221485995183e-05 -1.077474841962375e-18)
(2.463961236960177e-05 3.097357152594013e-05 -2.002497863582e-18)
(1.979155222668074e-05 2.933852678238519e-05 -1.116763524253015e-18)
(1.487085946865851e-05 2.772794651244542e-05 -8.910016426925222e-21)
(1.009158610424266e-05 2.610035040891969e-05 -3.652767695077173e-20)
(5.661428337295441e-06 2.440521733139216e-05 4.96623187442157e-20)
(1.773734502134514e-06 2.258634833238833e-05 -9.888118902005522e-19)
(-1.401218774776882e-06 2.058499709859155e-05 6.462773804144033e-20)
(-3.724980135276848e-06 1.834218660693029e-05 -9.648929400093953e-19)
(-5.098327185944608e-06 1.579882676808382e-05 4.672581994204528e-19)
(-5.464518452674239e-06 1.288976255310538e-05 -7.995078403445367e-19)
(-4.800731841552103e-06 9.5186231374052e-06 -2.215338529986916e-20)
(0.0001911711398931604 0.0001819895115702455 -6.593855678485962e-19)
(0.0002167110670066368 0.0001161773545198555 -4.456861588534916e-19)
(0.0004628317447533356 8.975525138836126e-05 -1.629161819009258e-19)
(0.0005945557856465582 0.0001406104428744746 -1.471217002286319e-19)
(0.0007630812724744545 0.0001493253961771319 2.048569229059743e-18)
(0.0008897281230693093 0.0001076883154854947 2.568660523714306e-18)
(0.0009376204507103408 -5.739054868879396e-05 2.672902815777479e-19)
(0.0008988765995181627 -0.0004366467535297429 4.161690573796394e-18)
(0.0007464588881961869 -0.0009614045022565797 -2.001494111282989e-19)
(0.0005965241161224837 -0.001304393891946008 -4.039240146261212e-18)
(0.0004760257327179271 -0.001274640996302451 -2.259213336767126e-18)
(0.0002954167531904647 -0.0009957674904152946 -2.899347095115376e-18)
(0.0001360515697315859 -0.0005808233885185023 -8.707903076507332e-20)
(0.0001235910710046233 -0.0001824024580180392 -4.581430237927723e-19)
(2.924959239821923e-05 -0.0001352234872731827 -5.147581748379501e-19)
(5.74141978572877e-05 -0.0001338456914732842 -2.288290288475501e-18)
(-4.268683223765521e-07 -1.907384806359731e-07 1.724247153725806e-19)
(-5.939091930406645e-07 -2.82145893612236e-07 -1.572857857326514e-18)
(-6.995050720948664e-07 -3.617861292241008e-07 -1.09336636279397e-18)
(-7.292984431050943e-07 -4.177996781264581e-07 6.437098113007395e-20)
(-6.779415852520764e-07 -4.364569404905253e-07 3.507803678949943e-20)
(-5.49781101529727e-07 -4.037096410493225e-07 -5.343816944301992e-19)
(-3.583165328009457e-07 -3.067345843126967e-07 -2.103329574748511e-20)
(-1.24146192772705e-07 -1.341879549463616e-07 3.988009682202285e-20)
(-1.859405624335224e-06 -3.688768421784491e-07 -2.107559472903171e-22)
(-5.550653164930995e-06 -4.301277704921516e-07 -5.436580389343846e-22)
(-9.127521205058546e-06 9.868943080890841e-08 -3.301364095326866e-21)
(-1.249514674597427e-05 1.227511496586751e-06 3.691790037452044e-21)
(-1.551756755526759e-05 2.971235177809568e-06 1.971356721353869e-20)
(-1.803031878543125e-05 5.331088762139044e-06 -1.531449007544367e-18)
(-1.98568181214347e-05 8.284968122472709e-06 -6.624338007077122e-20)
(-2.082797356679029e-05 1.178022158722705e-05 -1.768156539353163e-19)
(-2.080218599102976e-05 1.572999817316275e-05 -1.688715609566525e-18)
(-1.968340276695558e-05 2.001381145123296e-05 -1.506396249783964e-19)
(-1.743505046817098e-05 2.448238314181833e-05 -3.433731270241324e-20)
(-1.408822034604804e-05 2.896634789025703e-05 -1.89356598549388e-19)
(-9.743360077758183e-06 3.328800497377944e-05 3.405106218000258e-18)
(-4.565544952862561e-06 3.727490963723024e-05 -3.892067012241966e-19)
(1.225995213170977e-06 4.077366591215574e-05 6.344147558612138e-20)
(7.373010947356586e-06 4.366202771618664e-05 -3.347183058347659e-18)
(1.35964599853198e-05 4.585762919525195e-05 5.912397297345696e-20)
(1.961580954603281e-05 4.732224942188227e-05 -6.643162065225177e-18)
(2.516739729093755e-05 4.806141063104703e-05 -1.604315377474156e-19)
(3.002003479471308e-05 4.81198131103848e-05 -2.136776759491056e-19)
(3.398660484871642e-05 4.757362873959638e-05 3.248222902091081e-20)
(3.693110293305946e-05 4.652091377538298e-05 -9.756261493575167e-20)
(3.877125323972904e-05 4.507140591456893e-05 -1.483458539836934e-20)
(3.947736877356789e-05 4.333680341916612e-05 -1.153342670258094e-19)
(3.906845444878629e-05 4.142235143070631e-05 3.003893928584571e-18)
(3.760665260863546e-05 3.94202442152495e-05 -9.536094656285129e-20)
(3.519102400202949e-05 3.740504519666008e-05 6.678839002703064e-19)
(3.195139654107678e-05 3.543107053623333e-05 6.409533815477782e-20)
(2.804267036020662e-05 3.353150276012771e-05 -2.437405190458905e-20)
(2.363961757236325e-05 3.171890754775873e-05 1.012185972182683e-18)
(1.893192810903822e-05 2.998681182103696e-05 -1.716993928896659e-18)
(1.411908031243242e-05 2.831204387270301e-05 9.770897863056079e-19)
(9.404582117781678e-06 2.665760725376444e-05 -4.70433324990892e-19)
(4.989233046348227e-06 2.497592795344498e-05 -3.996737704238218e-20)
(1.063269731001572e-06 2.321235093340391e-05 3.267116460284071e-20)
(-2.202472503856439e-06 2.130874815473569e-05 -9.562053790948586e-21)
(-4.665991489458511e-06 1.920703671870016e-05 -4.101151869181768e-19)
(-6.223613355238857e-06 1.685237038405018e-05 -4.696343844331048e-20)
(-6.819378858224337e-06 1.419624301931313e-05 -8.190445879502362e-19)
(-6.457428147401778e-06 1.120344115050458e-05 -2.58366599272616e-20)
(0.0001730251958887679 0.0001306258919592516 -1.599882041343566e-18)
(0.0002229334737843629 0.0001193243482356356 -4.452218072913368e-19)
(0.0003326820801133231 0.0001207803173574162 -3.497841431345736e-19)
(0.0004536430304568942 0.0001251973855280138 1.489913363348562e-20)
(0.0005763963354429255 0.0001147862268455521 5.020305678770707e-19)
(0.0006733322287430633 5.49204226781056e-05 7.705350368980501e-19)
(0.000722918585317044 -8.943550762392643e-05 4.317169308333625e-19)
(0.0006401576530674719 -0.0003701594309229875 5.59754455709416e-19)
(0.0003584622541507823 -0.0005579377260172266 1.048801439528132e-19)
(0.0001003278259501373 -0.001122049016345333 1.603415785224701e-18)
(-7.115831412061395e-06 -0.001137874753838008 -2.745914025001133e-18)
(-0.0001262885430375093 -0.000899627367121129 -4.68672797641034e-18)
(-0.0001676748240583724 -0.0005564749084318384 3.379929319699246e-18)
(-0.000103526263004814 -0.0002385444100441779 -4.136015001415853e-18)
(-3.933775768310965e-05 -0.000151719378336392 -4.717417350420278e-19)
(-1.669738102071579e-05 -0.0001296407625550508 -4.462755235337463e-19)
(-5.004771080168704e-07 -2.016232239912606e-07 3.408729511811158e-20)
(-6.959405038784643e-07 -2.976267472506837e-07 2.125308827492544e-20)
(-8.192161896061409e-07 -3.807494280780462e-07 3.011677349998794e-20)
(-8.536882358735245e-07 -4.386182358221942e-07 8.20055476370016e-21)
(-7.932619105780921e-07 -4.570210258951355e-07 3.648709852874256e-21)
(-6.431208093414536e-07 -4.215365151012413e-07 -2.119018674859034e-20)
(-4.19079749914528e-07 -3.191920353998786e-07 -2.21999998921192e-21)
(-1.451823294422271e-07 -1.388799058270242e-07 3.643536599203154e-21)
(-1.645256534669581e-06 -1.585020953560196e-06 1.760391720155881e-21)
(-4.901564376879296e-06 -3.194939439270066e-06 3.671142769158116e-20)
(-8.027729752213813e-06 -3.639094328398984e-06 -2.979765581895171e-20)
(-1.092384585666371e-05 -3.04577614000049e-06 6.219627729393704e-20)
(-1.345870733957324e-05 -1.499441921655811e-06 7.081771856482435e-21)
(-1.548272488101354e-05 9.198452725106727e-07 2.583021463878564e-20)
(-1.684325128576249e-05 4.121079771337698e-06 8.00166704650947e-20)
(-1.74016534349097e-05 7.992327133910741e-06 -1.406484940326266e-19)
(-1.704956254823618e-05 1.239618223141401e-05 -1.608779280683448e-18)
(-1.572239578913684e-05 1.717038942149586e-05 -1.974444890024999e-19)
(-1.340873744901778e-05 2.213297278725207e-05 -6.373137628188875e-20)
(-1.01547289372908e-05 2.709092489844376e-05 5.232324387117944e-21)
(-6.063261061509378e-06 3.185129028673709e-05 -2.036287749657543e-18)
(-1.288346515077162e-06 3.623333922720458e-05 3.326382543739672e-18)
(3.97453649910736e-06 4.008042730382021e-05 5.666640315312639e-18)
(9.501087351980944e-06 4.327011375396912e-05 4.139796191562958e-19)
(1.505265850016465e-05 4.572127873583723e-05 8.593564033888897e-20)
(2.039117176550278e-05 4.739736265254495e-05 1.449510160253083e-20)
(2.529317081214212e-05 4.830550314128667e-05 -5.645393079347627e-21)
(2.95618109686554e-05 4.84919241669486e-05 4.35439044106086e-20)
(3.303593175117583e-05 4.803442193084483e-05 2.356757054801708e-18)
(3.559581058786964e-05 4.703306282968658e-05 -1.415411390122303e-18)
(3.716566569314495e-05 4.560026069637564e-05 -1.002890093378761e-19)
(3.771336668121988e-05 4.385127380469866e-05 -1.434277821373854e-18)
(3.724805949947103e-05 4.189591741391899e-05 -1.369948505536993e-19)
(3.581649264665279e-05 3.983198910608061e-05 -9.226701746343949e-20)
(3.349875499127726e-05 3.774060907109971e-05 5.498893494503956e-20)
(3.040393944231195e-05 3.568343007630479e-05 9.266080325788197e-21)
(2.666598532491621e-05 3.370149979033337e-05 1.636975409566068e-20)
(2.243968494217347e-05 3.181547116050461e-05 1.242406190680107e-19)
(1.789662047047588e-05 3.002684764612626e-05 1.205934881985278e-19)
(1.322066574192858e-05 2.831999916983422e-05 3.312863215716954e-20)
(8.602662623383812e-06 2.666476429377818e-05 -4.538764695399708e-20)
(4.233958413442113e-06 2.501953723548845e-05 -3.900929468602897e-21)
(2.986377623398224e-07 2.333480741347076e-05 3.690700396992605e-21)
(-3.035561886370413e-06 2.155718052182208e-05 3.899784930825641e-20)
(-5.627615783126766e-06 1.963402419770594e-05 -9.188766259478316e-19)
(-7.37515179093616e-06 1.751924896044256e-05 4.261528630703169e-20)
(-8.229606746397704e-06 1.518196540437088e-05 -5.064365827665237e-20)
(-8.219677985154465e-06 1.26236764652701e-05 -3.383133646171139e-20)
(-7.492780556206911e-06 9.921117922221089e-06 -2.006992324366078e-20)
(-6.387643588035341e-06 7.349613513300167e-06 -1.757502201637832e-20)
(-5.390861338646594e-06 5.427747230246334e-06 3.416199477102087e-20)
(-4.520370544510434e-06 4.009643595359713e-06 3.241077145686885e-20)
(-3.724786237207447e-06 2.934757752924856e-06 1.521051424254223e-20)
(-2.962113294254115e-06 2.097250448422326e-06 2.002223113214024e-21)
(-2.211903052336086e-06 1.430078149756894e-06 -4.296081072085391e-20)
(-1.468902904730359e-06 8.857668337855463e-07 -5.852901920386415e-21)
(1.498144601653014e-05 -0.0006511513685183914 -3.43721139262843e-19)
(-0.0001389542440017172 -0.0009760849906124373 1.279366606855741e-18)
(-0.0002043087398042405 -0.001024613608528555 -2.379178398721242e-18)
(-0.0002813836667353513 -0.0008546395341969498 -2.139593394044736e-19)
(-0.0002725243539098527 -0.0005919031673498819 3.536806158630506e-19)
(-0.0001879935217810342 -0.0003390333613139533 1.060967455144655e-19)
(-5.82668547072096e-05 -0.0002238802603637072 1.430890882609297e-20)
(-4.750487270970741e-05 -0.0001693678483932191 1.073945198883331e-20)
(-5.765815334698953e-07 -2.105334884308944e-07 4.884708140712053e-20)
(-8.014309438544078e-07 -3.103563967784921e-07 3.670979817527637e-20)
(-9.429913620994594e-07 -3.965478931743256e-07 9.699340805757575e-21)
(-9.823225003134401e-07 -4.562591537429772e-07 3.565714608253226e-21)
(-9.125566345004766e-07 -4.747832022033573e-07 -2.974842445747024e-21)
(-7.397207160884201e-07 -4.372664433483105e-07 -3.523988690180383e-22)
(-4.819931016840563e-07 -3.304698774790399e-07 -3.585650523223116e-20)
(-1.6696966510095e-07 -1.433149984650037e-07 1.158208774350926e-20)
(-1.365039405671026e-06 -2.663771912440188e-06 -4.240183513465407e-20)
(-4.055835310716634e-06 -5.679528608804052e-06 3.091527820694231e-19)
(-6.607051011140461e-06 -7.041267113335956e-06 3.134399620942041e-18)
(-8.918920854769077e-06 -6.996480329697456e-06 -1.90505194459334e-18)
(-1.087129340728542e-05 -5.715316598095717e-06 6.900920108377751e-20)
(-1.233537332661423e-05 -3.347282020273352e-06 9.533666684125802e-20)
(-1.318660758765845e-05 -4.128334446257959e-08 1.547400244273694e-18)
(-1.331822538450707e-05 4.041889184066422e-06 -2.398131431799174e-19)
(-1.265340639313188e-05 8.724008206944991e-06 -1.330874842083643e-18)
(-1.115468176982395e-05 1.380981875891206e-05 1.5920660626313e-18)
(-8.829687966282595e-06 1.909218937233765e-05 -1.313934771102068e-19)
(-5.732885363489816e-06 2.43606249530365e-05 7.918220209692648e-19)
(-1.963330853137972e-06 2.941170555173514e-05 2.058181537522473e-20)
(2.341002581790139e-06 3.406005142092257e-05 -1.916526987719842e-19)
(7.011596417091188e-06 3.814851427026808e-05 -6.862169954031632e-20)
(1.185955816408806e-05 4.155646682617471e-05 7.614735318057932e-20)
(1.668670380508926e-05 4.42052696751744e-05 2.272112698736232e-20)
(2.129664707614773e-05 4.60603252087073e-05 4.013567621285121e-21)
(2.550508971275198e-05 4.712959573219819e-05 -7.961043271874099e-22)
(2.914861359793125e-05 4.745889921518301e-05 -1.222330154487148e-20)
(3.209147588806641e-05 4.712469167988194e-05 -1.94603810268889e-20)
(3.423017025565691e-05 4.622528776543843e-05 -1.453833003633252e-18)
(3.549579819208293e-05 4.48715378214582e-05 1.64137298466727e-19)
(3.585453760699157e-05 4.317788706346005e-05 -5.246341477851864e-20)
(3.530665557421831e-05 4.12545351930302e-05 -1.379083636176465e-19)
(3.388456437285398e-05 3.920115040604384e-05 2.093016661387244e-18)
(3.165036649063356e-05 3.710232476885451e-05 -7.264824379026475e-20)
(2.869319766661831e-05 3.502473240748886e-05 -5.71197359764443e-21)
(2.512649373532518e-05 3.301579572901893e-05 1.051222225101481e-22)
(2.108511855844855e-05 3.110358825392511e-05 2.003843229983927e-20)
(1.672213519932455e-05 2.929769947941521e-05 1.231414346948225e-20)
(1.220490911724745e-05 2.759083885069775e-05 3.481709927208458e-21)
(7.710213551389211e-06 2.596103705137945e-05 -9.682719718985177e-22)
(3.418057354225034e-06 2.437438886555908e-05 5.177914305005992e-22)
(-4.959541891602897e-07 2.278835793431939e-05 -1.894966695557244e-21)
(-3.869841339849338e-06 2.115573679586273e-05 -1.079562180880601e-20)
(-6.566206303949894e-06 1.942947705220811e-05 4.910695008023452e-20)
(-8.485329064984596e-06 1.75689218458751e-05 4.297888736244947e-19)
(-9.581220883871024e-06 1.554882351029927e-05 -1.922717585465199e-20)
(-9.881253067894273e-06 1.337435412891131e-05 -1.292928137583392e-19)
(-9.50695665846474e-06 1.110693551774446e-05 1.325715684009611e-18)
(-8.683472546614033e-06 8.895508344742096e-06 -3.176986127202082e-20)
(-7.674847751134328e-06 6.952261128168205e-06 7.017616601165003e-19)
(-6.603562572638869e-06 5.319244574400281e-06 3.971406878912227e-20)
(-5.511547352080925e-06 3.971989028348694e-06 -2.333121514411387e-21)
(-4.408648097715981e-06 2.868760771072875e-06 -4.901002684084783e-20)
(-3.29946994644465e-06 1.965706886619293e-06 1.30390272048197e-18)
(-2.191725141040035e-06 1.219014509154975e-06 1.591727632572135e-18)
(-9.952414576454599e-05 -0.000599275254952486 -6.02448150804112e-19)
(-0.0001750239931956124 -0.0008731041970012806 -4.969087383593759e-18)
(-0.0002448028753298637 -0.0009512554234403709 -3.683512094849782e-19)
(-0.0002947760323504638 -0.000840816618087669 2.579068750545683e-18)
(-0.0002725672301780321 -0.0006466076480288643 8.274991585972462e-19)
(-0.0001955133459425315 -0.0004445333242101161 4.50799452267214e-18)
(-5.659176258654645e-05 -0.0003113400706964929 4.983824280198825e-19)
(-5.333855694035895e-05 -0.0002234004760715032 2.071808218487151e-18)
(-6.549188979134731e-07 -2.179472810835996e-07 -8.867288880466684e-19)
(-9.10125745502596e-07 -3.211714217214552e-07 2.109375877449601e-19)
(-1.070614579117674e-06 -4.103976984647884e-07 3.325042943261456e-20)
(-1.11502824505299e-06 -4.722794069430083e-07 6.358293721304742e-23)
(-1.035688016335452e-06 -4.915307888209559e-07 -4.155541799060546e-19)
(-8.394739480043877e-07 -4.527178356087799e-07 -3.807371339424795e-20)
(-5.469859476590509e-07 -3.421064926819055e-07 -7.488670434063923e-19)
(-1.894823549727104e-07 -1.482799097424106e-07 -1.435775721843993e-18)
(-1.040958103506014e-06 -3.499035033131467e-06 1.577851520665576e-18)
(-3.07979247617297e-06 -7.63530013239179e-06 3.003090994152352e-18)
(-4.974394810011761e-06 -9.762213496898077e-06 -6.426756765506136e-19)
(-6.62902955792541e-06 -1.021632380582022e-05 -2.139145589348568e-20)
(-7.939008085063861e-06 -9.231977746957352e-06 -6.082608049158833e-21)
(-8.800241549367961e-06 -7.010341181954219e-06 1.310154625292247e-20)
(-9.118786746982032e-06 -3.742668935751564e-06 1.605856539345886e-19)
(-8.820250365472806e-06 3.75469310193513e-07 -2.166750278382919e-18)
(-7.857711271630572e-06 5.137858755117908e-06 -6.669263682504552e-20)
(-6.217298663840714e-06 1.032776290504954e-05 -4.92036393839063e-19)
(-3.920962928093737e-06 1.57228868243155e-05 2.255879901783324e-18)
(-1.026335199171588e-06 2.110351470498606e-05 3.730494688583409e-21)
(2.376108254660992e-06 2.626221766936483e-05 1.587318277277643e-20)
(6.168108941420039e-06 3.101368716012872e-05 1.991585252328007e-21)
(1.021029261461167e-05 3.520347428669952e-05 4.743703210312145e-21)
(1.434978737594432e-05 3.871469707907168e-05 1.310183928983087e-20)
(1.842815032694053e-05 4.147205490584991e-05 3.473957177351135e-21)
(2.228908929486121e-05 4.344280312278679e-05 -1.941328184013805e-22)
(2.578553113526279e-05 4.463470135414782e-05 1.023911982564239e-21)
(2.878570309253247e-05 4.509126962690189e-05 -4.150606454901449e-21)
(3.117800121045424e-05 4.488497292238125e-05 -7.012469989092357e-21)
(3.287454592267893e-05 4.410913642739008e-05 -1.99326992024391e-18)
(3.381345738148625e-05 4.286944597168521e-05 6.684827959834622e-21)
(3.396000003424841e-05 4.127581395509984e-05 3.159348807882821e-18)
(3.330682347071391e-05 3.943522014445875e-05 2.950150015196144e-18)
(3.187354849230905e-05 3.74459136133422e-05 -1.278443000753102e-19)
(2.970591066821975e-05 3.539313376409864e-05 -1.54608822010585e-20)
(2.687458857586239e-05 3.334631431688238e-05 -9.400534361284373e-21)
(2.3473730518028e-05 3.135760035356046e-05 -3.092540160549636e-20)
(1.961907643854724e-05 2.94614450165677e-05 -5.150558981961893e-21)
(1.544547481847566e-05 2.767505422598471e-05 1.956720704155539e-21)
(1.110353549326024e-05 2.599949805962259e-05 3.698300345574742e-21)
(6.755146767036674e-06 2.442138324585958e-05 2.089713311425864e-21)
(2.567614540603278e-06 2.291506014287531e-05 -4.560805056498796e-22)
(-1.293765359055622e-06 2.14454061442101e-05 -1.485034148825156e-20)
(-4.674838798092592e-06 1.997129252235576e-05 -1.033205467579553e-19)
(-7.44352444851824e-06 1.844994729946649e-05 -5.508823681373907e-21)
(-9.502525147688456e-06 1.684266603995259e-05 8.380259784363739e-21)
(-1.080331907906177e-05 1.512276023004392e-05 -1.001846892510779e-20)
(-1.135952091204252e-05 1.328690559128462e-05 -5.454107879443108e-20)
(-1.125478553567897e-05 1.136927021021539e-05 9.834840859047236e-19)
(-1.063520878324817e-05 9.450060926403868e-06 -1.592536458544325e-18)
(-9.670076028611596e-06 7.636988564206758e-06 6.035204919365177e-20)
(-8.487984971715225e-06 5.997001869986147e-06 -3.063377119601457e-20)
(-7.172996434405481e-06 4.56077779442071e-06 -6.780195698700979e-21)
(-5.777826422905921e-06 3.332765799543687e-06 -1.365519992162794e-20)
(-4.338888961144698e-06 2.298427946009356e-06 3.72919640509577e-19)
(-2.885044543387781e-06 1.428809070357681e-06 -2.102531347555222e-20)
(-8.899727499213989e-05 -0.0005469766989175255 -1.245786353427947e-18)
(-0.0001160835559220078 -0.0007981724419192346 -4.845487480208626e-18)
(-0.0002027827389670433 -0.000890121009671805 -4.42832387812944e-19)
(-0.000243764421859273 -0.0008308961028376871 3.163711448175461e-19)
(-0.0002274145363011159 -0.0006941483891673279 8.697751768508615e-20)
(-0.0001690324798095313 -0.0005331199960688589 2.499780263832032e-20)
(-4.915257782229324e-05 -0.0003917253962047574 4.540206430324241e-19)
(-4.872593529313087e-05 -0.0002756340744823156 4.450684109768388e-19)
(-7.353898891437913e-07 -2.239972292947885e-07 4.722127754084675e-20)
(-1.021967563278754e-06 -3.303515331815451e-07 3.461566589565715e-20)
(-1.202062759345389e-06 -4.227289178392504e-07 7.416346586748781e-21)
(-1.251795851337054e-06 -4.872398088533948e-07 3.145913887004984e-21)
(-1.16264130384545e-06 -5.079144756235864e-07 2.612818102809738e-21)
(-9.423553397586268e-07 -4.685649540214373e-07 3.726458299230382e-20)
(-6.140328832971776e-07 -3.546923574982988e-07 -5.995255792481604e-20)
(-2.127087062447016e-07 -1.54096487929985e-07 8.678028793326112e-21)
(-6.964150786845124e-07 -4.012456353315666e-06 -8.346004562569356e-20)
(-2.043385525503469e-06 -8.874704256842808e-06 -6.545077420967237e-20)
(-3.244857164033232e-06 -1.153582545933719e-05 -1.767390152144747e-19)
(-4.211802281209678e-06 -1.238379259550695e-05 -1.220044305692409e-19)
(-4.857637894316292e-06 -1.169061438909685e-05 -2.579435983026195e-20)
(-5.104972052852189e-06 -9.687637487340237e-06 -2.313950369457032e-21)
(-4.891301361154325e-06 -6.590157916110638e-06 1.41994816539447e-20)
(-4.174011314053933e-06 -2.612300969257256e-06 6.846910843267358e-20)
(-2.934079466719672e-06 2.026354978486734e-06 3.360774619264761e-21)
(-1.1781373314975e-06 7.100692765278638e-06 1.307832996929394e-19)
(1.061234961203565e-06 1.238469063172308e-05 -3.488843661401268e-18)
(3.726913929867825e-06 1.765898582144947e-05 2.052648418650346e-19)
(6.740104734123006e-06 2.271971481884033e-05 2.893591867142668e-20)
(1.000433189969534e-05 2.738721773315559e-05 -2.162405788627826e-20)
(1.341013970025418e-05 3.151347924048349e-05 3.215806820399489e-21)
(1.684010856065852e-05 3.498750936163257e-05 2.580127402818091e-21)
(2.017385283180188e-05 3.773819533314955e-05 -1.509360062609729e-21)
(2.329276359641782e-05 3.973445818118671e-05 -4.860185563851026e-21)
(2.608434858788458e-05 4.098283024835635e-05 -6.004695663819851e-21)
(2.844608012109878e-05 4.152282715891862e-05 -6.630111983868263e-20)
(3.028871115446415e-05 4.14206716810655e-05 -5.768352824728228e-19)
(3.15390479802667e-05 4.076204475221079e-05 -1.259059347713316e-19)
(3.214219284689663e-05 3.964456160103253e-05 -3.630968394040651e-19)
(3.206329054440183e-05 3.817060195404794e-05 -7.290131765242721e-20)
(3.128882462373407e-05 3.644098194740576e-05 -1.201409869884418e-20)
(2.982750476178408e-05 3.454977366475903e-05 3.463321748488478e-20)
(2.771076295926035e-05 3.258039251562671e-05 8.111149913567254e-21)
(2.499283412723304e-05 3.060291510332798e-05 -2.766593420548192e-20)
(2.175034273891685e-05 2.867248273588012e-05 3.186036939823061e-18)
(1.808126158772845e-05 2.682859714810246e-05 -2.965295604174098e-20)
(1.410306216698934e-05 2.50951212916635e-05 -3.068890170393667e-21)
(9.949847890891161e-06 2.34808451291175e-05 1.585460451680145e-21)
(5.768256674004604e-06 2.198054499780351e-05 1.214659887633677e-21)
(1.711939533305265e-06 2.057653743264343e-05 1.86576891484881e-22)
(-2.065532192499367e-06 1.924079593436411e-05 -2.71427628861811e-21)
(-5.419393381983126e-06 1.793777151418662e-05 -1.4597982802229e-20)
(-8.223932032290016e-06 1.662816400167778e-05 -2.31746945001789e-22)
(-1.038376957347503e-05 1.527404232565981e-05 -5.650589881824368e-21)
(-1.1844952364891e-05 1.384579326898025e-05 -3.835590960821401e-20)
(-1.260352249090094e-05 1.233090235433376e-05 -7.725087758612359e-21)
(-1.270794719134758e-05 1.074269011505833e-05 -4.637818891154451e-20)
(-1.225100171798406e-05 9.123543509122434e-06 -6.480914199712107e-19)
(-1.134876435329242e-05 7.534649733899549e-06 -6.722423603181324e-21)
(-1.011345907496059e-05 6.032593237520061e-06 -7.148730887493531e-19)
(-8.641539490199795e-06 4.660851509175029e-06 -1.629912744042682e-20)
(-7.011700697333344e-06 3.445611405461173e-06 1.607628629558393e-18)
(-5.287888104286122e-06 2.393831666546512e-06 -7.629397791741858e-20)
(-3.522235586189931e-06 1.493343501321419e-06 -1.349350869942443e-20)
(-6.366375392209402e-05 -0.0005046660512249154 -2.915824033183122e-20)
(-6.603901672507328e-05 -0.0007321954469152356 3.557187893499474e-18)
(-0.0001492971346612953 -0.0008325759858426439 1.978818178933242e-19)
(-0.0001838203206720779 -0.0008166121112185331 3.167753186637329e-20)
(-0.0001756770524681591 -0.0007269106896061453 -4.294537978921006e-19)
(-0.0001351295361882969 -0.0005991697314826819 -4.225042765840184e-18)
(-4.225539430036744e-05 -0.0004571528424698577 2.352303530888598e-18)
(-4.178251732111861e-05 -0.0003194354629894116 6.561595453110357e-19)
(-8.178724807084384e-07 -2.283526010779081e-07 3.476859497264672e-21)
(-1.136825504368039e-06 -3.374279148675826e-07 4.788413236182188e-21)
(-1.337185753499487e-06 -4.329247060778755e-07 1.627224484752167e-21)
(-1.392447745131867e-06 -5.003941758387643e-07 3.465841643541942e-21)
(-1.293219144036308e-06 -5.231179254497366e-07 3.99506077801333e-20)
(-1.048175692093273e-06 -4.84025843845558e-07 3.315743652101422e-19)
(-6.829946504821404e-07 -3.67623656115193e-07 1.389990760699089e-18)
(-2.365963209551488e-07 -1.605050559146641e-07 -2.341672035565165e-20)
(-3.540076452959262e-07 -4.160323595730521e-06 -1.315512276794488e-20)
(-1.014304392854076e-06 -9.288838761771501e-06 -9.405565821514896e-20)
(-1.530346735880317e-06 -1.220185287371164e-05 -5.735181101117795e-19)
(-1.821472569950668e-06 -1.329758044846599e-05 -6.127036840604057e-19)
(-1.820217790701251e-06 -1.285699358512683e-05 -1.025934408366137e-19)
(-1.476003589840269e-06 -1.111874906545469e-05 -1.26795714584886e-20)
(-7.568491651901272e-07 -8.303002957244128e-06 -1.759743223906576e-21)
(3.499757930966268e-07 -4.625655517864237e-06 2.234720890264731e-21)
(1.83822940004279e-06 -3.046320120039456e-07 4.309077127595809e-22)
(3.683777284397584e-06 4.440007426294475e-06 1.53071074131964e-20)
(5.846330736854568e-06 9.390296752963094e-06 1.967148355311052e-19)
(8.271680756022099e-06 1.433718106440621e-05 -8.775318876323783e-22)
(1.089424594126703e-05 1.908834744814188e-05 -1.9305068071661e-19)
(1.363975209439899e-05 2.34757624845653e-05 6.169904976433784e-18)
(1.642788152695035e-05 2.736191773701946e-05 -6.054633678670653e-20)
(1.917477917742045e-05 3.064411924388733e-05 -6.736870644558102e-21)
(2.179537012694072e-05 3.325647918011026e-05 -6.345131277800196e-21)
(2.42055064256459e-05 3.516956440874266e-05 -1.849761199615351e-20)
(2.632402180691867e-05 3.638788116010032e-05 -3.222221204230953e-20)
(2.80747779575313e-05 3.694558168385736e-05 -1.285191212418497e-19)
(2.938877388787694e-05 3.690089274144249e-05 -1.437055615643554e-19)
(3.02063468300578e-05 3.632982929714559e-05 -1.157023259545263e-18)
(3.047944250187014e-05 3.531974988834979e-05 -1.139405265250183e-19)
(3.017388660261845e-05 3.396324055278854e-05 -1.195163269860148e-21)
(2.927155520307772e-05 3.235269618985666e-05 5.656637230200451e-20)
(2.777232013280472e-05 3.057582428297903e-05 1.60485157080045e-19)
(2.569563341468881e-05 2.871215192815644e-05 3.939261795910817e-20)
(2.308160789141341e-05 2.683049676413421e-05 6.346556747664535e-21)
(1.999144595035164e-05 2.49872822982351e-05 -4.608104829530812e-21)
(1.650706314526638e-05 2.322554515517359e-05 -5.966480815267767e-22)
(1.272974917020261e-05 2.157449295356871e-05 -2.203162667120984e-21)
(8.777707739345063e-06 2.004951619591811e-05 7.231511302500309e-23)
(4.782324450459821e-06 1.865262165819375e-05 3.827858737864829e-22)
(8.830367737006463e-07 1.737332625865312e-05 -1.580651529837808e-21)
(-2.77925913221835e-06 1.619012452832766e-05 -3.066247423792344e-21)
(-6.070199663183503e-06 1.507272283654537e-05 -2.541674954723552e-21)
(-8.871032111032397e-06 1.398531368846561e-05 -3.791641357709169e-21)
(-1.108805187669573e-05 1.289119393841579e-05 1.619275292388035e-18)
(-1.266112912683327e-05 1.175884181553813e-05 1.31439658226219e-18)
(-1.356954489993372e-05 1.056889497679517e-05 -2.527051073748878e-20)
(-1.383317689956128e-05 9.320189109846054e-06 3.778666401204514e-20)
(-1.350761037205407e-05 8.031687483277857e-06 2.836301346930616e-20)
(-1.267346087828127e-05 6.73760004121611e-06 -8.935046593381405e-19)
(-1.142320541806938e-05 5.477906333441445e-06 -8.562731050522558e-20)
(-9.851451904394667e-06 4.291213277861263e-06 -9.437012791853386e-19)
(-8.048697730964559e-06 3.208399877265679e-06 1.157911169363482e-19)
(-6.097729181858306e-06 2.247151637621565e-06 -9.765803118463528e-20)
(-4.07097231805405e-06 1.408332900795014e-06 -4.633032603182894e-21)
(-4.628904764800456e-05 -0.0004708707059361547 6.939784764459531e-20)
(-4.549596839558059e-05 -0.0006814314290720973 5.220501411082331e-20)
(-0.000110647563755337 -0.0007862316848011295 4.281428722749513e-20)
(-0.0001385034909724251 -0.0008020115669194193 1.363222917757056e-19)
(-0.0001353023619462466 -0.0007481029027469264 -4.698903281655619e-20)
(-0.0001070965359764993 -0.0006463708294025371 -3.534629501282471e-19)
(-3.813615087632877e-05 -0.0005081305519312682 3.507328542640456e-19)
(-3.633279573464939e-05 -0.0003541386051541245 2.649414828447651e-19)
(-9.019963288624593e-07 -2.301771846683346e-07 2.06475734070612e-21)
(-1.254177324547243e-06 -3.411149219873069e-07 1.979207413050985e-21)
(-1.475338330941844e-06 -4.392327221394791e-07 3.602514891285595e-21)
(-1.53626555975193e-06 -5.095880538836755e-07 1.914916448475338e-21)
(-1.426705100251904e-06 -5.34753820453062e-07 6.153128252084983e-21)
(-1.156315524977443e-06 -4.967669429589224e-07 3.732791245394666e-20)
(-7.534476199071209e-07 -3.790281372969841e-07 -2.404042269792572e-20)
(-2.609938155713422e-07 -1.666288666520897e-07 -2.94899671498478e-21)
(-3.393316441577992e-08 -3.937336963769252e-06 -2.344195157608152e-21)
(-5.322145098593392e-08 -8.857523424546029e-06 -2.011999668262124e-20)
(6.824209949787916e-08 -1.172162137259847e-05 -1.008933728383066e-19)
(4.018744054107336e-07 -1.289737323243324e-05 -1.109256319138045e-19)
(9.964479418657444e-07 -1.264667260680863e-05 -2.468584015167626e-20)
(1.877376955864915e-06 -1.119344005545524e-05 -5.339810785579507e-21)
(3.048763410518898e-06 -8.744443973101972e-06 -4.486818769852756e-21)
(4.496718630922665e-06 -5.501561805370224e-06 3.686983688430973e-22)
(6.193168411716687e-06 -1.667020583414648e-06 1.02272082998177e-20)
(8.099607500168353e-06 2.556718143167675e-06 -1.499126789860491e-21)
(1.017045432988133e-05 6.970765817862056e-06 -1.544453697928232e-20)
(1.235579686647485e-05 1.138574740411932e-05 -1.417446423989714e-19)
(1.460343149107895e-05 1.562850019463696e-05 -1.357065971865921e-18)
(1.686019165068561e-05 1.95484055053296e-05 -1.818360570898028e-18)
(1.907264666212898e-05 2.302251561608044e-05 -3.836905104920072e-20)
(2.118732535483854e-05 2.595894178737459e-05 -1.678758997848303e-21)
(2.315067902344402e-05 2.829825957670096e-05 -1.381268493492605e-20)
(2.490902913431523e-05 3.001294555272265e-05 -5.668572383883424e-20)
(2.640874939707077e-05 3.110505386719783e-05 -2.139782563138616e-20)
(2.75968892266673e-05 3.160248943837279e-05 -3.038071177929471e-20)
(2.842236903377073e-05 3.155431011477743e-05 -1.636929273131057e-20)
(2.883777919607971e-05 3.102551414059952e-05 -5.807887859768993e-20)
(2.880171144277444e-05 3.009174188723621e-05 -3.800938340714256e-20)
(2.828146262088779e-05 2.883425215664814e-05 1.139358590258736e-20)
(2.725588933014588e-05 2.733543596529172e-05 3.680054732446233e-20)
(2.571816268449618e-05 2.567502049723538e-05 -5.786542232135025e-20)
(2.367817282133175e-05 2.392701022074285e-05 -2.121830228198248e-21)
(2.116435472550608e-05 2.215732676463561e-05 1.75720850078518e-21)
(1.822474018498628e-05 2.042205524472067e-05 3.410158282623689e-21)
(1.492707565346361e-05 1.876618705111736e-05 -6.335845602915485e-21)
(1.135787602800332e-05 1.722276572410251e-05 -2.553365965195779e-20)
(7.620308568093669e-06 1.581238644584844e-05 -5.615172251373084e-21)
(3.830825073656554e-06 1.454306165125474e-05 -3.317087679586482e-21)
(1.144984697206385e-07 1.341053692962006e-05 -4.052424223541768e-20)
(-3.400903296451501e-06 1.239921591665106e-05 -2.484642586679962e-20)
(-6.591932218596877e-06 1.148391732457336e-05 -6.028700524374e-21)
(-9.347155604320597e-06 1.063271220698686e-05 -1.184005389610938e-21)
(-1.157483031094682e-05 9.810998761262783e-06 5.881535949874186e-22)
(-1.320958486167596e-05 8.986663911871766e-06 -1.645184385612513e-18)
(-1.421702739848042e-05 8.13560471734948e-06 9.699770285612688e-21)
(-1.459536873478188e-05 7.246202413939483e-06 1.265640105200355e-20)
(-1.437362796385096e-05 6.321075500255674e-06 4.491581827454284e-21)
(-1.36067458863921e-05 5.375303880712377e-06 2.122301180338638e-20)
(-1.236891326488237e-05 4.432328176147377e-06 1.523784568020791e-18)
(-1.074687196589853e-05 3.519507928164756e-06 3.496777234161192e-20)
(-8.833508133205843e-06 2.663115547869908e-06 1.651552438926265e-20)
(-6.721785537861788e-06 1.882947484210772e-06 -2.718736480083307e-20)
(-4.49882791657513e-06 1.187432454042371e-06 3.408121886885346e-20)
(-3.998780858140762e-05 -0.0004439188547419822 -8.080404272533877e-20)
(-4.268002508502189e-05 -0.0006426538017677068 -2.010931293318683e-18)
(-9.000336798087776e-05 -0.0007508580574972187 -5.298049025263913e-20)
(-0.0001135271011916705 -0.000789308005343745 2.027767363318379e-19)
(-0.0001122551994223377 -0.0007624970772180911 1.994893688058339e-19)
(-9.036124435597457e-05 -0.0006812351256708624 4.602404590906654e-19)
(-3.744523854663177e-05 -0.0005487757185655177 1.132554388240277e-19)
(-3.392619860629914e-05 -0.0003820876266622766 2.325283777698367e-19)
(-9.869144267886337e-07 -2.281767811841756e-07 -1.461783590975565e-20)
(-1.372798443028233e-06 -3.393828022779113e-07 8.458415196947909e-21)
(-1.615026156350906e-06 -4.388687849040014e-07 2.861303156870547e-20)
(-1.681635923352835e-06 -5.113908450343925e-07 2.175372646219614e-20)
(-1.561547994529549e-06 -5.390137938238062e-07 2.142037245223254e-21)
(-1.265478494491204e-06 -5.03051862752867e-07 2.926537071947315e-21)
(-8.245273491527534e-07 -3.858853021220069e-07 -1.985393539809287e-21)
(-2.855974565799926e-07 -1.710300968004746e-07 5.728523333261132e-21)
(2.471555930464895e-07 -3.376794498468998e-06 2.021809234578962e-21)
(7.896916265004916e-07 -7.650695751718062e-06 4.024704056081451e-21)
(1.466976370294608e-06 -1.018135849489062e-05 -8.874084295975023e-21)
(2.340841500098534e-06 -1.12696621704985e-05 -1.284745111158823e-20)
(3.442986561618842e-06 -1.113363856972832e-05 -3.922769384922019e-21)
(4.77685608686715e-06 -9.96324102849229e-06 -9.890159553242175e-22)
(6.322882554995676e-06 -7.936139646108099e-06 1.410225318279093e-20)
(8.045115203107831e-06 -5.226742860313729e-06 1.122756350638278e-19)
(9.897896788570518e-06 -2.009727607710926e-06 1.236884213183873e-19)
(1.183173438364408e-05 1.540569048598568e-06 -3.685671428621219e-21)
(1.379786538212259e-05 5.2535679391859e-06 -1.298717990333059e-19)
(1.575129164318231e-05 8.967442420410119e-06 -3.536774317789806e-22)
(1.765226874048749e-05 1.253460945372731e-05 4.827757647147602e-22)
(1.946640821375392e-05 1.582683643152911e-05 -5.383133140774976e-18)
(2.116368365890861e-05 1.873931495348087e-05 1.36641645680728e-19)
(2.271672501079651e-05 2.119329858536018e-05 3.191352428673636e-21)
(2.40988348327992e-05 2.313713900910772e-05 -5.169341889200673e-20)
(2.528215884676707e-05 2.454575661386548e-05 3.031088158002385e-18)
(2.623639257457724e-05 2.541874798015246e-05 -5.3490630987374e-20)
(2.692831457712852e-05 2.577742414371391e-05 -1.040367447493221e-20)
(2.732230341399703e-05 2.566112756657662e-05 -3.269436619925023e-21)
(2.738185238324183e-05 2.512317514666339e-05 -3.276011963358844e-20)
(2.707195674259881e-05 2.422673868788974e-05 -4.083307839193148e-19)
(2.63621340263363e-05 2.304091258448584e-05 -2.719778779464009e-20)
(2.522976365368075e-05 2.163714238469987e-05 -7.863470115531141e-20)
(2.366340316810084e-05 2.008610873798335e-05 1.707040937960104e-18)
(2.166575195631918e-05 1.845508986980746e-05 -9.114501245843928e-20)
(1.925597866847561e-05 1.680577153413383e-05 -8.41606626199492e-21)
(1.647119131238791e-05 1.519244293547934e-05 -7.586727351508554e-21)
(1.336689463241243e-05 1.366051321584133e-05 -6.094459366529003e-20)
(1.001633722755681e-05 1.224530472484315e-05 -1.478166604307158e-19)
(6.508697221312165e-06 1.097112226398954e-05 -2.750911567983937e-20)
(2.946095453688555e-06 9.850655581845153e-06 -4.101670782572112e-20)
(-5.605259650740468e-07 8.884837629044703e-06 -7.547310406683346e-19)
(-3.896549331483925e-06 8.063339617344224e-06 1.512818992128811e-18)
(-6.94961887031558e-06 7.365916079559711e-06 -2.483730239455068e-20)
(-9.615986333522786e-06 6.76477513021005e-06 -8.39841454938714e-21)
(-1.180673480861879e-05 6.227994701489829e-06 -5.133737321977583e-20)
(-1.345326448936512e-05 5.723711346831604e-06 1.992021120219319e-21)
(-1.451145801908829e-05 5.224431595148905e-06 2.850589662188844e-21)
(-1.496408642649435e-05 4.710544671328114e-06 2.462469431032927e-21)
(-1.48212248453049e-05 4.172206327589766e-06 5.741007562463381e-23)
(-1.411871157449773e-05 3.609334989845988e-06 -2.252989697963176e-21)
(-1.291500622045824e-05 3.030189996423979e-06 -1.759146879064188e-21)
(-1.128688663896735e-05 2.449150306910815e-06 -1.428773982302559e-18)
(-9.324060862290042e-06 1.883629654117524e-06 5.228919665925699e-21)
(-7.122795815096849e-06 1.350125665200717e-06 1.141793318517326e-18)
(-4.778800755929244e-06 8.598479159812937e-07 2.230242340709231e-19)
(-4.173364672419506e-05 -0.000420691982720839 4.440591046417911e-19)
(-4.819830860776233e-05 -0.0006097581529384648 2.043673549613082e-18)
(-8.525428241005532e-05 -0.0007214537326704242 -4.221939683497557e-20)
(-0.0001087452005248427 -0.000778150981531625 -4.731827087408193e-19)
(-0.0001077424994676554 -0.0007741289290071763 2.142212232526708e-19)
(-8.673087384571537e-05 -0.0007105825943375987 2.564636904166821e-18)
(-4.034636195184954e-05 -0.0005845323545879437 1.211504961268794e-20)
(-3.516305333623232e-05 -0.0004068381504078878 -2.33567794731737e-19)
(-1.071112601142559e-06 -2.207368924679822e-07 1.216717632994738e-18)
(-1.490511466682322e-06 -3.296722452277218e-07 5.955870509708858e-20)
(-1.753626855222415e-06 -4.283111096837811e-07 1.825223381436189e-19)
(-1.825775880344785e-06 -5.014575426627479e-07 4.73674973684383e-19)
(-1.695120589389701e-06 -5.310679875971725e-07 1.658385256364538e-20)
(-1.373505272985034e-06 -4.981307512844546e-07 2.957590247615117e-22)
(-8.9481185953924e-07 -3.843386291876264e-07 5.941402643753977e-21)
(-3.099116941623301e-07 -1.71856709167375e-07 -1.112412406534025e-18)
(4.768518285373541e-07 -2.547075915296931e-06 1.34233144544985e-20)
(1.47696114423607e-06 -5.820812120503789e-06 3.072012388185328e-20)
(2.602836298870419e-06 -7.782597591818492e-06 1.363939721239781e-20)
(3.906731144043231e-06 -8.637806963505273e-06 3.088192232392691e-21)
(5.405787932328317e-06 -8.541319609624287e-06 2.331607547833387e-21)
(7.085885230909399e-06 -7.634359388387392e-06 1.550950228549628e-20)
(8.909238848889105e-06 -6.053624293104846e-06 1.3918458281005e-19)
(1.082343261718348e-05 -3.936055943279046e-06 -5.808207853474964e-18)
(1.277015243313475e-05 -1.420108755393387e-06 -5.920556607755227e-18)
(1.469254639359461e-05 1.35559783570648e-06 -6.936646955896427e-21)
(1.654060970226068e-05 4.255381814976221e-06 5.934615517317332e-18)
(1.827435610957844e-05 7.150547303506373e-06 7.620663879513466e-20)
(1.986482487314643e-05 9.923658457697986e-06 4.662834458098317e-20)
(2.129320141742779e-05 1.247244123846121e-05 1.425075403340405e-19)
(2.254850280617414e-05 1.471287114749388e-05 1.909872314513081e-20)
(2.362438915940878e-05 1.658117745578075e-05 -4.14554127765275e-23)
(2.4515703733083e-05 1.803466374138021e-05 -1.165215849387816e-20)
(2.52153122781431e-05 1.905138573667889e-05 -5.170468663406587e-20)
(2.571172204090784e-05 1.962885228631243e-05 -1.223682006541223e-20)
(2.598782092792296e-05 1.978196015937407e-05 -2.667118862670059e-21)
(2.602090243495128e-05 1.954041081375581e-05 -1.399492835351322e-21)
(2.578396485822948e-05 1.894584401733045e-05 -2.501241665309119e-21)
(2.524811063780866e-05 1.804888945568933e-05 -2.784078828059816e-20)
(2.438574465717493e-05 1.690628977198691e-05 1.318608409234787e-20)
(2.317419265857848e-05 1.557819619237575e-05 4.377726539291231e-20)
(2.159933746248392e-05 1.412568851888018e-05 -7.765663625799505e-20)
(1.965889687119502e-05 1.260853073826096e-05 4.916332446879313e-19)
(1.736503069342033e-05 1.10831463623084e-05 8.774706109026902e-21)
(1.474604847330919e-05 9.600786939143423e-06 -3.689602040642204e-20)
(1.184707723904149e-05 8.205874293374087e-06 -3.372468824888061e-19)
(8.729626916537743e-06 6.934521425212142e-06 -4.917199613566897e-20)
(5.470054299636497e-06 5.813276060771377e-06 -8.474298941208416e-21)
(2.15697812668529e-06 4.858179635684745e-06 -4.552721871339625e-21)
(-1.112256955506567e-06 4.074282381740131e-06 -2.603931273823776e-20)
(-4.235909315152949e-06 3.455790054554628e-06 4.849832387918934e-19)
(-7.112734573867305e-06 2.987011404333292e-06 7.998308180080316e-21)
(-9.647156792340563e-06 2.644201164450329e-06 -5.394870178723032e-20)
(-1.175437803779687e-05 2.398240358346317e-06 8.520727391553592e-19)
(-1.336508587073246e-05 2.217881091880333e-06 -5.119291345244255e-20)
(-1.442945082199228e-05 2.073085925418695e-06 -2.57362225083082e-21)
(-1.492014566218083e-05 1.937921649142345e-06 -1.65881981328352e-18)
(-1.483415235090788e-05 1.792596396283405e-06 -2.184562994259618e-22)
(-1.419318249987656e-05 1.624510453115632e-06 -2.57884527444158e-21)
(-1.304263274453239e-05 1.428444675379947e-06 -1.058274816028307e-20)
(-1.144902532900947e-05 1.206034325682828e-06 -1.540786407612048e-20)
(-9.495831565927489e-06 9.644396695454539e-07 -2.326581166057538e-20)
(-7.277704094941671e-06 7.141110992610913e-07 -2.271550223452496e-19)
(-4.893404931282958e-06 4.657889299868974e-07 9.557106115169801e-21)
(-4.95797336632359e-05 -0.0003969714069946831 5.614220227074214e-19)
(-6.002873298918872e-05 -0.0005761399680355784 5.728487643232085e-19)
(-9.572619784788693e-05 -0.0006913743134155585 1.120935557198454e-19)
(-0.0001243201394352066 -0.0007667563246031373 -2.388104177961034e-19)
(-0.0001225672071936187 -0.0007862702522088531 -3.845658853867299e-19)
(-9.711391094000663e-05 -0.0007410765223862896 -2.695123026387346e-18)
(-4.715264663721528e-05 -0.0006213384737674922 -4.806995751784701e-18)
(-4.044498438407278e-05 -0.000432419830025027 -9.123925554237131e-19)
(-1.152294300494854e-06 -2.061389381541465e-07 -1.457944867185079e-18)
(-1.604044363006209e-06 -3.09232441636739e-07 -1.234124783861493e-18)
(-1.887239832553506e-06 -4.037591557457291e-07 2.199505039221318e-19)
(-1.964591172071742e-06 -4.750873330263067e-07 -6.989882373115541e-19)
(-1.823599962368224e-06 -5.056779631171877e-07 -3.680822438503407e-20)
(-1.477284761040675e-06 -4.768353463999761e-07 -1.684878011116653e-21)
(-9.622675896714313e-07 -3.701723240493154e-07 -6.572293371640385e-22)
(-3.332311664145407e-07 -1.670675680983335e-07 5.865077627611601e-21)
(6.472902890846495e-07 -1.544677119868013e-06 1.250606816719034e-19)
(1.984805421385199e-06 -3.586835177679486e-06 2.294480165177807e-20)
(3.435716689935463e-06 -4.820434137354536e-06 4.060230398675012e-20)
(5.042935679320723e-06 -5.337197521879285e-06 1.208951637687165e-20)
(6.812143200083873e-06 -5.216787726480994e-06 7.320093073838371e-21)
(8.716826450114266e-06 -4.542631493440613e-06 1.19167099459556e-20)
(1.070721045642225e-05 -3.403339653624583e-06 4.576004182355157e-20)
(1.272063336819158e-05 -1.89259607633269e-06 2.260467295057439e-19)
(1.469143372369135e-05 -1.078175299374685e-07 1.472338438108501e-19)
(1.655914852648774e-05 1.852120009607824e-06 -7.649363841886265e-21)
(1.827435025118871e-05 3.889775467926177e-06 -1.324651791236108e-19)
(1.980185910409934e-05 5.91232016396593e-06 3.180359796367165e-20)
(2.112140167560015e-05 7.834659858087787e-06 1.955342578045483e-19)
(2.222606263988045e-05 9.582199633217156e-06 3.103599229756431e-20)
(2.311908356960593e-05 1.109302311210023e-05 3.388129468615204e-21)
(2.380968782732078e-05 1.231935321681599e-05 7.692718034914352e-22)
(2.430864577566624e-05 1.322824589707484e-05 -1.004204980140598e-21)
(2.462424011179633e-05 1.380157369541065e-05 -5.788350701927e-21)
(2.47591728996196e-05 1.403539078151839e-05 -1.907812640376704e-21)
(2.470877774499755e-05 1.393881028236336e-05 -2.007595821990773e-21)
(2.44607008240247e-05 1.353253061907723e-05 -4.582055968422054e-21)
(2.399601556542013e-05 1.284713345999075e-05 -2.067500743526357e-21)
(2.32915615202803e-05 1.192125159477412e-05 -4.519412191120353e-22)
(2.232316703650733e-05 1.07996765763617e-05 3.914812614589841e-21)
(2.106934035686907e-05 9.531449701807165e-06 -4.079011970173597e-21)
(1.951499763603367e-05 8.167959496029834e-06 -1.38742573328053e-20)
(1.765483302054488e-05 6.761056048124135e-06 -3.918691757611877e-20)
(1.549601196085683e-05 5.361188350067048e-06 -1.136855455742307e-20)
(1.305996661324772e-05 4.015575728477921e-06 1.654713978782065e-18)
(1.038317359482546e-05 2.766438766327491e-06 -2.208446697829726e-20)
(7.516885242678044e-06 1.649338409982163e-06 1.676436081980224e-19)
(4.525858943486719e-06 6.917026941582159e-07 9.372351027716684e-21)
(1.48618047081164e-06 -8.834718761684818e-08 9.132267643247394e-22)
(-1.517685115756742e-06 -6.827324614288623e-07 1.707893812554593e-20)
(-4.396442344276473e-06 -1.093566192970083e-06 3.334075528096499e-20)
(-7.059938498134825e-06 -1.332603277291776e-06 2.294463964099775e-21)
(-9.421370150007179e-06 -1.419951188292743e-06 -3.959364229422919e-19)
(-1.140154091890734e-05 -1.382119797245008e-06 -2.924282389055144e-20)
(-1.29329989661093e-05 -1.249614078777887e-06 -6.32333779119691e-22)
(-1.396387777491913e-05 -1.054357336556077e-06 2.886357874448605e-22)
(-1.446123072756461e-05 -8.272343757685869e-07 3.061041848662113e-22)
(-1.441360464475003e-05 -5.959646213340259e-07 -2.382357263929518e-22)
(-1.383257544204793e-05 -3.834031335124251e-07 -1.211635311725866e-21)
(-1.275298090634247e-05 -2.062919151342001e-07 -3.43445572868605e-21)
(-1.123160444429865e-05 -7.450008370141811e-08 -7.023677727725765e-21)
(-9.344104095232811e-06 9.113689965786591e-09 6.472796895203751e-21)
(-7.180136279117733e-06 4.807809597662249e-08 2.217228601764454e-20)
(-4.836892225570884e-06 5.093095184518552e-08 2.680913310417704e-21)
(-6.332929502511172e-05 -0.0003680489919896044 7.082707315098645e-19)
(-7.887048261551096e-05 -0.0005352926614368394 2.436628854020999e-18)
(-0.0001225435758480264 -0.0006535135158597874 6.593977820064797e-19)
(-0.0001623066286206558 -0.0007529655452264021 8.425492421746322e-20)
(-0.0001586086498238541 -0.0008022538882078574 -6.085995680490437e-20)
(-0.0001225089494558701 -0.0007798046428136556 -4.170756537227725e-19)
(-5.860133715296207e-05 -0.0006655447975313174 -4.882390079368213e-19)
(-5.028136386969669e-05 -0.0004631516774225801 -4.744917500783619e-19)
(-1.227370253070018e-06 -1.828314278707693e-07 4.075817903178853e-21)
(-1.709033876903663e-06 -2.755461307069621e-07 1.09207579884933e-20)
(-2.010704623399466e-06 -3.617078179207495e-07 3.424152502678865e-20)
(-2.092706785447205e-06 -4.279192831391145e-07 -5.945438431699882e-20)
(-1.942004434545886e-06 -4.579575627695681e-07 -1.928308752756756e-21)
(-1.572789499108265e-06 -4.34316562226793e-07 2.80588391000872e-21)
(-1.024275114972466e-06 -3.394024415771042e-07 8.012089587583886e-22)
(-3.54650166954485e-07 -1.547123110958348e-07 -4.180580431346723e-22)
(7.550930357000905e-07 -4.844038480095354e-07 1.370895997686334e-18)
(2.303069154547806e-06 -1.21122527950478e-06 -3.242099436110323e-18)
(3.948635464574987e-06 -1.651612171350153e-06 -1.181694152343565e-20)
(5.725783702836395e-06 -1.777860221925491e-06 2.145769297056702e-20)
(7.63209466414505e-06 -1.590705869846179e-06 2.214609927036719e-20)
(9.634106636145778e-06 -1.113137309879681e-06 2.037487971650718e-20)
(1.167647253405048e-05 -3.838178308096518e-07 -8.69663546553162e-20)
(1.369258307351009e-05 5.480340889976384e-07 1.82586690183015e-18)
(1.561470861316831e-05 1.626675597286679e-06 5.329088721693584e-20)
(1.738242051967012e-05 2.793139372055196e-06 -1.868360759604169e-19)
(1.894855651550292e-05 3.988049619659093e-06 -1.192694761599799e-19)
(2.028241047923257e-05 5.154070519493997e-06 1.711122709702783e-19)
(2.137019750143593e-05 6.238010557122752e-06 3.146221477603233e-18)
(2.221316157094422e-05 7.19256558377935e-06 1.897915226885823e-19)
(2.282392968617174e-05 7.977683885152767e-06 1.14034198948956e-20)
(2.322184806250686e-05 8.561544882049123e-06 1.460844647516342e-21)
(2.34280697252098e-05 8.921180205948421e-06 6.914704199007688e-22)
(2.34610933728418e-05 9.042772908308331e-06 9.851148969798463e-22)
(2.333331170742978e-05 8.921673394573885e-06 -2.474485597228304e-21)
(2.304893774210436e-05 8.562174369817891e-06 1.501719683791464e-22)
(2.260346243140301e-05 7.977073211150407e-06 -1.036261018092617e-20)
(2.198459230763226e-05 7.187038494941254e-06 -4.286505030049015e-21)
(2.117444113108901e-05 6.219786899990497e-06 2.556650212797468e-21)
(2.015262147572771e-05 5.109069050222891e-06 -1.588310477204819e-20)
(1.889981331756451e-05 3.893463161780452e-06 1.174380500519761e-18)
(1.74013775845925e-05 2.614982347587998e-06 -6.824618818993545e-20)
(1.565062586354553e-05 1.317512983621105e-06 1.255584603425094e-18)
(1.365143950898037e-05 4.51160953505135e-08 -5.268068876994934e-20)
(1.142003460092656e-05 -1.159760101908207e-06 8.990026837559023e-21)
(8.985775714987127e-06 -2.258091122607931e-06 -2.639807927225148e-20)
(6.39103660413483e-06 -3.216027066790545e-06 4.376650034988223e-19)
(3.690182009793671e-06 -4.006481453512015e-06 -2.52420505408754e-20)
(9.477818752202515e-07 -4.610444626379712e-06 1.712858698749695e-20)
(-1.763781322722399e-06 -5.017894857516168e-06 3.679277404555097e-19)
(-4.367174400786151e-06 -5.228202883537578e-06 -6.324840131757162e-19)
(-6.783311923162761e-06 -5.249957218577761e-06 4.002715888605184e-20)
(-8.934785619237246e-06 -5.100198652842509e-06 1.663207042763286e-19)
(-1.074944190169281e-05 -4.803123186782336e-06 -6.275950075884041e-19)
(-1.216402601491125e-05 -4.388371686959232e-06 3.309575802459234e-20)
(-1.312777792548907e-05 -3.889051694290751e-06 2.990301099512484e-21)
(-1.360579985586096e-05 -3.339627591406784e-06 3.561994459162902e-22)
(-1.358194177541203e-05 -2.77378475908494e-06 -9.678080245646251e-22)
(-1.306089705419385e-05 -2.222346419283199e-06 -1.854827132982076e-21)
(-1.206917985374379e-05 -1.711319611406837e-06 -5.576382733338511e-22)
(-1.065466731803755e-05 -1.260179683798329e-06 4.110014863560668e-21)
(-8.884445543450459e-06 -8.805528547808136e-07 -1.608893861853349e-18)
(-6.840837671498012e-06 -5.754493697108219e-07 3.441199770935611e-19)
(-4.615717274044083e-06 -3.390842889352858e-07 -1.705611161722913e-21)
(-8.483144842526223e-05 -0.0003282549164826336 -6.826750873875441e-19)
(-0.0001043637759335055 -0.0004798895106919407 -2.139816866049853e-18)
(-0.0001678328700644318 -0.0005990873493402332 3.994186066668007e-18)
(-0.0002263902089104437 -0.0007344053855332474 3.252830825909801e-19)
(-0.0002183377072633731 -0.0008262078835627393 3.877327717808717e-20)
(-0.0001634377471746936 -0.000834955150465433 8.66019475763325e-21)
(-7.592401774864569e-05 -0.0007238574079343664 1.585705874690927e-19)
(-6.513860206645752e-05 -0.0005034964143266494 -8.865721424373419e-19)
(-1.292570544987341e-06 -1.497230265325947e-07 -6.2382451837673e-19)
(-1.800194378258135e-06 -2.267905548791358e-07 1.279724035448208e-18)
(-2.11780881454837e-06 -2.995691270877882e-07 -6.453961175839367e-20)
(-2.203689632855859e-06 -3.566839339246529e-07 -6.65846223255624e-19)
(-2.044404228264179e-06 -3.841936692931965e-07 8.218841513063154e-21)
(-1.655248643612952e-06 -3.668397887830722e-07 3.449245150614553e-20)
(-1.077742770265965e-06 -2.889147279444126e-07 -1.653247489881306e-18)
(-3.731020835297309e-07 -1.332341619603638e-07 -1.940420313200709e-21)
(8.010317730831147e-07 5.12389863483332e-07 1.114390032901656e-19)
(2.434275095575169e-06 1.027980785904548e-06 -2.476444552300626e-19)
(4.146373998608352e-06 1.344609161809882e-06 3.082145186026955e-20)
(5.963034177497526e-06 1.601917663168924e-06 2.887152919535074e-20)
(7.877074349594074e-06 1.872991826587858e-06 4.022606870607666e-20)
(9.853271609519803e-06 2.19130761777795e-06 -1.633355808447691e-19)
(1.183668197571883e-05 2.564711331292518e-06 -5.151322395614846e-18)
(1.376251406074846e-05 2.985098822994329e-06 5.116232675877879e-18)
(1.556574692090831e-05 3.434922481442004e-06 -3.602778027294058e-19)
(1.718926299117997e-05 3.891519218708508e-06 3.391052455659046e-18)
(1.858967052054995e-05 4.329981461900424e-06 5.445011338952955e-18)
(1.974041178170755e-05 4.725058886165766e-06 -1.326863820742273e-19)
(2.063216392870441e-05 5.052425236090554e-06 1.719442628278274e-19)
(2.127089196126948e-05 5.289553058115482e-06 2.658580741917088e-20)
(2.167415438646255e-05 5.416367876529319e-06 5.116878922984283e-21)
(2.186641255680225e-05 5.415813969962546e-06 1.931014133730993e-21)
(2.187410050846403e-05 5.274406759410216e-06 3.114003046897624e-21)
(2.172114265628603e-05 4.982801454894584e-06 3.420857738187894e-20)
(2.142546474778913e-05 4.536369592432477e-06 -6.663107472465438e-20)
(2.0996846728305e-05 3.935742217758007e-06 4.884933101408886e-20)
(2.043625751695696e-05 3.187254596289562e-06 -3.919188067239815e-21)
(1.973661299392365e-05 2.303216122429464e-06 3.628298569008609e-21)
(1.888473574800965e-05 1.301936674451536e-06 4.909475628866698e-20)
(1.786417384512214e-05 2.07449289454497e-07 1.418494008444288e-20)
(1.665847563737423e-05 -9.511052703253461e-07 3.520782560291591e-20)
(1.525451403340213e-05 -2.140435303864003e-06 1.351776698350037e-21)
(1.364549847335684e-05 -3.324368051924737e-06 -8.94122259902154e-19)
(1.183339402030829e-05 -4.465375570588889e-06 -6.554286114635444e-21)
(9.830567575148507e-06 -5.526276368468096e-06 3.40170610930067e-19)
(7.660584441707965e-06 -6.472016187482766e-06 1.197657853493709e-20)
(5.358172218915437e-06 -7.271420634321311e-06 -2.59094827427968e-20)
(2.968428282131361e-06 -7.89881181354618e-06 -3.759916104362004e-21)
(5.454021078600459e-07 -8.335376792296956e-06 1.482949820908195e-21)
(-1.849809853356416e-06 -8.570191747126268e-06 2.06446174755842e-20)
(-4.151342755510262e-06 -8.600828840885566e-06 2.10709234314524e-20)
(-6.291126424449317e-06 -8.433502121928745e-06 8.078798737968702e-21)
(-8.201681741638726e-06 -8.082746785347396e-06 2.460437600856642e-19)
(-9.819120573844903e-06 -7.570658400504076e-06 3.987140048705736e-20)
(-1.10863108695759e-05 -6.925737314811818e-06 1.34110270614655e-19)
(-1.19561241389195e-05 -6.18138651611546e-06 1.224009790676582e-20)
(-1.2394611265355e-05 -5.374106645972211e-06 7.342492870024966e-21)
(-1.238387555605965e-05 -4.541430556260942e-06 -2.269846463748746e-21)
(-1.192434643615121e-05 -3.719653596675598e-06 -4.510100278421306e-21)
(-1.103612443765774e-05 -2.941447046316209e-06 -5.859230966414646e-21)
(-9.759071461422309e-06 -2.233479092437628e-06 -3.271990952717537e-20)
(-8.151364160083785e-06 -1.614203046910599e-06 9.579980403588928e-21)
(-6.286328375038628e-06 -1.091967272754562e-06 6.638983886493694e-20)
(-4.247531154225124e-06 -6.635067539793318e-07 7.507002874876029e-21)
(-0.0001236217487399544 -0.0002705762535719395 -9.112639380869149e-19)
(-0.0001394522877126211 -0.0003996649571760662 -2.989654269401518e-18)
(-0.0002359237481165153 -0.00051596176379529 -1.262118081912382e-19)
(-0.0003207168604788526 -0.0007092201062925557 2.164505399226918e-20)
(-0.0003019775461820314 -0.0008640841783777575 4.718979374453692e-20)
(-0.0002172239029552854 -0.0009160876727001753 1.698208690043006e-19)
(-0.0001004391388877532 -0.0008026485966305359 2.194092484512343e-18)
(-8.447574709143823e-05 -0.0005574032523053189 5.402304820648862e-19)
(-1.343681380800663e-06 -1.064591034833544e-07 -8.45932126633609e-19)
(-1.871652782423896e-06 -1.62274804980044e-07 1.558145330013263e-18)
(-2.201684235620164e-06 -2.16262796511724e-07 -8.333136056542116e-21)
(-2.290460639501701e-06 -2.599171728369311e-07 5.629264482958873e-21)
(-2.124302425720475e-06 -2.82625682311024e-07 -9.655901736567447e-19)
(-1.719455013323096e-06 -2.725404965823325e-07 3.369310333215224e-19)
(-1.119305949273241e-06 -2.170714847387571e-07 4.938668599271883e-20)
(-3.874282587909599e-07 -1.01759002278743e-07 -2.095778515150591e-20)
(7.894720780783247e-07 1.330472374226556e-06 -2.206634246326633e-19)
(2.391973767190822e-06 2.867535516728331e-06 -5.726759412476781e-18)
(4.052797793869319e-06 3.809269273534314e-06 -2.282091658259241e-19)
(5.790278432168039e-06 4.386591260915223e-06 1.423474328995646e-20)
(7.595541425405809e-06 4.732756286802411e-06 -3.013101492431558e-21)
(9.4360390575309e-06 4.927498636253438e-06 -1.265158868672002e-19)
(1.126213200135402e-05 5.016849526738934e-06 -2.667429372610318e-19)
(1.301548407857921e-05 5.026339140021719e-06 -3.105648244197369e-19)
(1.4637618149114e-05 4.96949208339538e-06 -1.610702483158591e-19)
(1.607739388975477e-05 4.853078626224539e-06 -2.160591274125933e-18)
(1.729645410771929e-05 4.680132705173418e-06 -1.027509574284453e-19)
(1.827216334732411e-05 4.451479761519725e-06 -2.177936910458878e-19)
(1.899801557252168e-05 4.166360807577067e-06 -1.708775641313582e-20)
(1.948183996649351e-05 3.822610682864417e-06 8.064469900586086e-20)
(1.97423965141246e-05 3.416739640888693e-06 1.599505831663079e-20)
(1.980503900651299e-05 2.94414794696214e-06 4.046748021691838e-21)
(1.969715010634201e-05 2.399597311261476e-06 3.680464506625227e-20)
(1.944398449194636e-05 1.777963897934187e-06 9.660151865644729e-19)
(1.906541208321951e-05 1.075223678899092e-06 -1.417293622507756e-18)
(1.857387714656331e-05 2.895668906015693e-07 4.577264942387563e-19)
(1.797369324792663e-05 -5.774978467331629e-07 3.209031713065839e-20)
(1.726162146907994e-05 -1.520193902470929e-06 4.646861436206838e-20)
(1.642852944329755e-05 -2.527808088962063e-06 -1.239304053744081e-18)
(1.546182476785344e-05 -3.584402484036603e-06 1.403599358071616e-19)
(1.434830129609351e-05 -4.668967244121592e-06 -8.212335957364862e-19)
(1.307703979672257e-05 -5.756019833196057e-06 7.105445709164268e-20)
(1.164204462405691e-05 -6.816612359508136e-06 -8.972738662779965e-20)
(1.004437182972355e-05 -7.819670259608504e-06 -1.240096380278711e-19)
(8.293594536292847e-06 -8.733559205172754e-06 1.852713681708427e-21)
(6.408544500134769e-06 -9.527764019433066e-06 -3.265070772470074e-21)
(4.417352347626873e-06 -1.017456228450233e-05 -2.784977687137753e-21)
(2.356853643103811e-06 -1.065058742448889e-05 -5.662875244804638e-21)
(2.714966987955219e-07 -1.093817849098864e-05 1.095953211696794e-22)
(-1.788148808026628e-06 -1.102645159364553e-05 5.856443966095574e-21)
(-3.767186732913318e-06 -1.091204081247695e-05 7.852133676229411e-21)
(-5.608436501497644e-06 -1.059948162784728e-05 -1.021017387664381e-20)
(-7.254699637398521e-06 -1.010122678369045e-05 3.258864072179867e-19)
(-8.651243791776299e-06 -9.437291585702603e-06 4.224140249932322e-20)
(-9.748484174095797e-06 -8.634523045796384e-06 -4.137508501251174e-19)
(-1.050479934278369e-05 -7.72548085471714e-06 4.615893678588121e-20)
(-1.088935439811872e-05 -6.746918099042096e-06 1.017742068274126e-19)
(-1.088473626007874e-05 -5.737859909458001e-06 -1.312246754088694e-20)
(-1.048913976839654e-05 -4.737312683814976e-06 -5.228351695335285e-21)
(-9.717805863563504e-06 -3.781677860076891e-06 -3.945135925757442e-20)
(-8.603402516695904e-06 -2.901988168219375e-06 1.025657172678235e-18)
(-7.195075787585288e-06 -2.121111917046813e-06 -1.124398202927197e-20)
(-5.555954117435094e-06 -1.451052041510394e-06 2.663029984288061e-19)
(-3.758978061224757e-06 -8.904311550519549e-07 2.183673219381521e-20)
(-0.0002070742325634063 -0.0001901811343471935 -3.636533560473576e-19)
(-0.0002190871029608543 -0.0002789679222207416 -2.905305113037829e-19)
(-0.0003373709544841263 -0.0003926607495556989 -1.435473845688295e-19)
(-0.000444659901148675 -0.0006809435539314272 -1.091861652357582e-19)
(-0.0003991975561073237 -0.0009257090592870803 1.740476888991275e-19)
(-0.0002711135880744026 -0.001033074925820074 2.213826476958942e-19)
(-0.0001314291448768629 -0.0009055470973847821 2.223830107151196e-18)
(-0.0001041612111935287 -0.0006262899920660226 4.215735738811657e-19)
(-1.376392178813711e-06 -5.364310199175209e-08 -1.546729707008907e-19)
(-1.917429097220418e-06 -8.279320229393058e-08 -4.83532484279921e-20)
(-2.255366547356972e-06 -1.126956410486455e-07 1.809564767406319e-20)
(-2.345869551080831e-06 -1.385412038604856e-07 -6.23814434538282e-21)
(-2.175160954163936e-06 -1.540809514422037e-07 6.16135142610886e-20)
(-1.760185678955349e-06 -1.520413856009005e-07 3.527214897664464e-19)
(-1.14559829524389e-06 -1.242086961863098e-07 -1.43059888419288e-18)
(-3.964712042208254e-07 -6.033350922996731e-08 1.287854756487279e-18)
(7.276567121325449e-07 1.873278895930981e-06 -5.820629327711343e-20)
(2.198550967005169e-06 4.08933160753449e-06 -4.681077768167521e-19)
(3.707090216715531e-06 5.446579677441128e-06 -6.506056568298704e-20)
(5.265531279596228e-06 6.234431725785474e-06 -3.961420775528165e-20)
(6.865925999577143e-06 6.625170061897953e-06 -1.352228711894604e-17)
(8.481623208529774e-06 6.729322640812744e-06 -5.985919648614493e-19)
(1.007157074787643e-05 6.618747634842283e-06 -1.427896385339161e-19)
(1.15869350491675e-05 6.341846909816784e-06 1.131994972160214e-18)
(1.2978382843188e-05 5.933352206138887e-06 1.964907837860247e-18)
(1.420265647676926e-05 5.420247580036021e-06 -6.282467605820822e-18)
(1.522741167425158e-05 4.824911043987707e-06 1.295909842899816e-18)
(1.603384789692665e-05 4.16637807914926e-06 1.543202329404765e-19)
(1.661711126558314e-05 3.460501370912937e-06 2.541758445116498e-19)
(1.698481445451105e-05 2.719633668045972e-06 -5.768683013566518e-18)
(1.715414552510381e-05 1.952291852124009e-06 -3.257852987724525e-18)
(1.71481630945108e-05 1.163103595225377e-06 -2.725301380810245e-20)
(1.699188748620437e-05 3.531837827910975e-07 -7.658115603723362e-21)
(1.670872675150993e-05 -4.790372652951316e-07 -3.365465649016298e-20)
(1.631765841188302e-05 -1.33660680127164e-06 -1.932893493831946e-19)
(1.583142939478406e-05 -2.222610319370908e-06 7.700051344634117e-20)
(1.525588333156896e-05 -3.138675954184925e-06 1.872160740354454e-20)
(1.459037049280796e-05 -4.083608588091815e-06 4.086138518128366e-20)
(1.382906276831564e-05 -5.052322405809561e-06 -1.040093262463854e-18)
(1.296292393312796e-05 -6.03518530781932e-06 7.87142154822724e-19)
(1.198204684603379e-05 -7.017843061513671e-06 -1.035685767764613e-18)
(1.087804128944991e-05 -7.981543332469406e-06 -2.399144333652204e-19)
(9.646220218324352e-06 -8.903906757088244e-06 -4.281875884415502e-20)
(8.287379538922043e-06 -9.76006021898056e-06 7.525078425507654e-20)
(6.809042583239e-06 -1.052401886139284e-05 -9.127876306858524e-21)
(5.226120184085605e-06 -1.117019392460176e-05 -4.856681806111739e-20)
(3.560994622087057e-06 -1.167491472102493e-05 -3.940485181983579e-21)
(1.843101411746367e-06 -1.201785998752652e-05 -4.651343325845078e-20)
(1.081071715901445e-07 -1.218332193467953e-05 8.710680195915759e-23)
(-1.603234570239837e-06 -1.216125289523766e-05 4.118821388648353e-20)
(-3.246477993938744e-06 -1.194805946233001e-05 8.70238753023734e-20)
(-4.775092265670304e-06 -1.154712458039447e-05 -3.891311310346542e-19)
(-6.142270341403231e-06 -1.096904158217926e-05 -2.868706057309669e-19)
(-7.302938313055447e-06 -1.023153780248097e-05 -7.459132877661297e-21)
(-8.215951247940282e-06 -9.359053403838768e-06 4.146583117116008e-20)
(-8.846425890175898e-06 -8.381930924074901e-06 3.191214476936963e-19)
(-9.168109615937154e-06 -7.335171672124348e-06 -3.375965034017502e-21)
(-9.165630329307316e-06 -6.256727442240548e-06 -3.871189576555983e-19)
(-8.836415524946599e-06 -5.185334388701087e-06 -2.621360921121929e-20)
(-8.192029956282591e-06 -4.1579408510535e-06 -5.073392454938101e-20)
(-7.258654309411344e-06 -3.206831926962333e-06 8.129993043071482e-19)
(-6.076435949367359e-06 -2.356581277987782e-06 -9.123824819438778e-20)
(-4.69750932553803e-06 -1.620942889720323e-06 -7.18086236500231e-19)
(-3.182523701957029e-06 -9.997262378011332e-07 -8.733643009998434e-20)
(-0.0003618088342921371 -0.0001024012373219446 2.795405178856857e-19)
(-0.0004622294970954578 -0.0001088620885173005 2.199831971762218e-18)
(-0.0004794795607183119 -0.0002469840413097719 -1.850457406307415e-18)
(-0.0005690928650720426 -0.0006741394888641781 -2.163457340502165e-18)
(-0.0004680052948810271 -0.001027557425916506 1.693057343555784e-18)
(-0.0002882594880445429 -0.001191397285285455 7.937503438384263e-20)
(-0.0001602976117864459 -0.00102744545829602 -1.624899967041678e-19)
(-0.0001116384103253621 -0.0007041440658583496 1.467813883145328e-18)
(-1.386722972720458e-06 7.031412258755136e-09 -5.950129969169148e-20)
(-1.93202197257096e-06 9.15904200822059e-09 1.383522609494814e-18)
(-2.272470796029001e-06 7.941792067782481e-09 -1.177557837618927e-18)
(-2.363383232933361e-06 3.772840045479335e-09 -1.924078276238506e-19)
(-2.191025973879643e-06 -2.373933427656308e-09 -1.821350871070803e-20)
(-1.772698933103379e-06 -8.842487425110047e-09 1.414701758876257e-20)
(-1.153570926549629e-06 -1.295276192856895e-08 -7.438804193562078e-20)
(-3.991842290845371e-07 -1.00789350612274e-08 -2.963381352162964e-18)
(6.248670324107784e-07 2.074574437661847e-06 -1.539131887796857e-20)
(1.88259893964737e-06 4.548804706059652e-06 -6.332738140181835e-20)
(3.159085181614341e-06 6.063737268449144e-06 -4.507171777431271e-20)
(4.462306289939536e-06 6.924545057117662e-06 -2.034162843945819e-19)
(5.78724249291002e-06 7.315897577112387e-06 -1.35427151121122e-18)
(7.114726225223526e-06 7.359931020836132e-06 -3.082594929847176e-19)
(8.413591600015154e-06 7.139242627766593e-06 -4.39224840063593e-19)
(9.645806998436791e-06 6.71238392017633e-06 1.895969035431604e-18)
(1.077250651989378e-05 6.124034098602994e-06 -3.409625075966234e-18)
(1.175942985996974e-05 5.411095803735909e-06 3.68207157535457e-19)
(1.258090073110243e-05 4.605758854342619e-06 7.918034334942073e-19)
(1.322195288884498e-05 3.736516112255641e-06 3.527416699764057e-19)
(1.367873823391718e-05 2.828036825442077e-06 -3.597203704747005e-18)
(1.395740777906766e-05 1.900568753655926e-06 4.990533293493699e-20)
(1.407186271598399e-05 9.693706701336628e-07 -2.503978558401778e-19)
(1.404084808673484e-05 4.449465210610171e-08 2.866543109824274e-18)
(1.388487130230898e-05 -8.689398570852847e-07 -8.470573466372105e-20)
(1.362336817810404e-05 -1.769953460849921e-06 -4.248435031329031e-19)
(1.327245048896139e-05 -2.66047940654802e-06 1.23356263867227e-18)
(1.284343935612419e-05 -3.543858386791446e-06 -4.856436646248415e-19)
(1.234228132199872e-05 -4.423242903540091e-06 -2.949987636175032e-20)
(1.176980722182629e-05 -5.300105721069831e-06 8.786730205050279e-20)
(1.112270228188252e-05 -6.173022111921936e-06 1.127232031435833e-21)
(1.039499160672462e-05 -7.036848706951267e-06 -3.018983196777973e-19)
(9.579813878737419e-06 -7.882368456268605e-06 7.300154328860539e-21)
(8.671278930147668e-06 -8.696414768825933e-06 -4.765326017311372e-19)
(7.666164839258485e-06 -9.462430460090219e-06 1.317159524617173e-20)
(6.565322850834651e-06 -1.016137613912068e-05 -1.879142163450204e-21)
(5.374678925729377e-06 -1.077287960786575e-05 1.171321775117595e-20)
(4.105789026433832e-06 -1.127651028934393e-05 1.897446900172318e-21)
(2.775940947441599e-06 -1.165308105634971e-05 8.969089438425676e-20)
(1.407877427147251e-06 -1.188588045987374e-05 -1.516072670614e-22)
(2.919624578093336e-08 -1.196178400415934e-05 8.864942787593817e-21)
(-1.32850391795585e-06 -1.187220265923381e-05 -3.355907781855909e-19)
(-2.6306809239741e-06 -1.161384474926137e-05 3.361560179945733e-20)
(-3.841082694590846e-06 -1.118927514544624e-05 7.494034246349409e-20)
(-4.923148383078279e-06 -1.060725266901661e-05 5.078518087827416e-21)
(-5.841574786440477e-06 -9.882815196484112e-06 7.384983615394347e-21)
(-6.564034835588163e-06 -9.037067399360115e-06 1.045547541329331e-20)
(-7.063008136696147e-06 -8.096614927395759e-06 8.133345472647327e-19)
(-7.317646162807435e-06 -7.092588202212298e-06 -1.322032979643224e-20)
(-7.315554603726327e-06 -6.059209015101224e-06 -4.676350622155059e-20)
(-7.054334415401048e-06 -5.03188326251105e-06 -2.269171133979178e-21)
(-6.542691337607347e-06 -4.04484464943544e-06 -5.437550709977624e-19)
(-5.800888187921735e-06 -3.128429587966052e-06 -4.530688610652808e-20)
(-4.860281175546148e-06 -2.306113675760036e-06 3.516336216199133e-21)
(-3.76169271520412e-06 -1.591434452421852e-06 -7.653715162703623e-20)
(-2.552524444069835e-06 -9.848271940593326e-07 1.2553069745585e-18)
(-0.0004733086468796454 -6.437421079303967e-05 5.858847581927562e-19)
(-0.001000580839268676 6.336279338104746e-05 2.361602229673406e-18)
(-0.0005733722795123109 -0.0001835904081209579 -1.834000774995369e-18)
(-0.0005609579696795441 -0.0007495713550334503 -4.940711098889679e-18)
(-0.0003915603746109639 -0.001184131391369939 -4.992552266418899e-18)
(-0.0001861480575272854 -0.001376340193901014 -7.882923538197104e-19)
(-0.0001606170318684974 -0.001141577391743337 -4.196151334087728e-18)
(-8.048315754438021e-05 -0.0007677379027588134 -7.767496211918357e-19)
(-1.371489239978022e-06 7.276400022467912e-08 -6.681602223152603e-19)
(-1.911041625595388e-06 1.093490466556012e-07 8.226824534223322e-21)
(-2.247916581839e-06 1.401164712252784e-07 -1.047418006667284e-18)
(-2.337819402140474e-06 1.605262950535704e-07 -4.714871787858327e-19)
(-2.167190219730668e-06 1.65601608307221e-07 1.612641525680707e-18)
(-1.753257877182778e-06 1.505835237686692e-07 -1.519631809668098e-19)
(-1.140827235162972e-06 1.116970966156877e-07 1.592841814030023e-18)
(-3.947459988358081e-07 4.676497861904379e-08 -2.323659202613374e-19)
(4.914536077442813e-07 1.909267804340795e-06 1.168553238988405e-20)
(1.475850036687654e-06 4.200729596570002e-06 6.249826291251351e-20)
(2.463820747990696e-06 5.605766426771547e-06 1.3415089310721e-19)
(3.461491483050506e-06 6.3968439214801e-06 3.225195741017266e-18)
(4.467790645860275e-06 6.741950035312784e-06 -6.949042093834015e-20)
(5.470641040609958e-06 6.754012637961299e-06 1.673443696795662e-18)
(6.448165736752491e-06 6.510458362064819e-06 8.451695028772602e-20)
(7.373002821821524e-06 6.067191410594197e-06 -4.614597872682764e-18)
(8.217018497611896e-06 5.467883738730951e-06 2.749487605038945e-19)
(8.955331636254643e-06 4.74944648394017e-06 -6.439460327601431e-18)
(9.569163891233121e-06 3.944652635208545e-06 6.76846804449584e-18)
(1.004742461413553e-05 3.082908775732356e-06 1.20806737012751e-19)
(1.038705681472062e-05 2.190017785406399e-06 3.07589365432038e-19)
(1.059228539665013e-05 1.287521823351229e-06 1.548849712658752e-18)
(1.067303857721163e-05 3.921064533911247e-07 -7.529070349675967e-19)
(1.064288500654152e-05 -4.846679145746992e-07 -4.149635893991452e-20)
(1.05168282367096e-05 -1.3361868492713e-06 -3.054324445515244e-20)
(1.030926745186514e-05 -2.160122194296124e-06 -5.268212545770094e-20)
(1.003235876703484e-05 -2.957369838394067e-06 -3.224178815246555e-18)
(9.694929139465866e-06 -3.730726241623174e-06 -2.257713749945328e-18)
(9.302016649514327e-06 -4.483471487436879e-06 1.407216828962675e-19)
(8.855012893627893e-06 -5.218028541883785e-06 7.246061719769788e-19)
(8.35231731058806e-06 -5.934837934394371e-06 1.183027187927926e-20)
(7.790359645091626e-06 -6.631569063669449e-06 -1.031505784066472e-19)
(7.164838849052328e-06 -7.302711488900611e-06 -5.397460196636409e-20)
(6.472037555898917e-06 -7.939578469400629e-06 1.502242896430671e-18)
(5.71005577915942e-06 -8.53067791438053e-06 1.03915046721434e-20)
(4.879833636333743e-06 -9.0623753373981e-06 2.774266861325667e-21)
(3.985901453580805e-06 -9.519770633611112e-06 1.576007823201632e-20)
(3.036806623543546e-06 -9.887688180341796e-06 6.986349427361704e-22)
(2.045213694774439e-06 -1.015169777275615e-05 3.273005749107158e-21)
(1.027729302260309e-06 -1.029909238497041e-05 7.192286963010239e-22)
(4.485816670809356e-09 -1.031978392363082e-05 1.64481529538789e-21)
(-1.001466372718262e-06 -1.020708418800632e-05 9.682669993394795e-21)
(-1.964922763576619e-06 -9.958353610927013e-06 4.558262820948541e-21)
(-2.859424681864783e-06 -9.575504356625856e-06 9.755940623149528e-21)
(-3.65828677634922e-06 -9.065339659106338e-06 4.806271749658162e-21)
(-4.33574672581503e-06 -8.439700117302516e-06 3.599018855979778e-20)
(-4.868224044018657e-06 -7.71537451060237e-06 4.810058965303078e-21)
(-5.235655978106768e-06 -6.913722360104776e-06 -3.315628327265357e-21)
(-5.42285287778307e-06 -6.059954004878016e-06 3.327031329594613e-21)
(-5.420788396560099e-06 -5.182021678696441e-06 -7.25159891297102e-21)
(-5.227712393001153e-06 -4.309091742839971e-06 1.642510079540217e-18)
(-4.849958341189114e-06 -3.469599014922602e-06 -1.800378643943005e-19)
(-4.30229696129117e-06 -2.688927084559009e-06 5.315456644852217e-21)
(-3.607634566063969e-06 -1.986826298167033e-06 -1.535327827526495e-18)
(-2.795750915256506e-06 -1.374750832452179e-06 1.142339657555372e-20)
(-1.900779053626289e-06 -8.532396007442881e-07 -8.682990202103827e-20)
(-2.172935410415622e-05 -0.0001150605418749785 1.540681338728338e-18)
(-0.001351761272857364 -3.092603840716771e-05 -1.62588211030364e-18)
(-0.0001611781206219346 -0.000427536746621567 2.205056792944172e-18)
(-5.148644289493432e-05 -0.0009660476092495151 -3.362915749412792e-19)
(6.94860178027292e-05 -0.00135803261207043 -1.007780155024445e-18)
(0.0001764197851838192 -0.00151449598157214 -5.368289721265094e-20)
(-8.224092716218231e-05 -0.001176742155056474 -3.324259305298995e-19)
(2.934856415698817e-05 -0.0007614401542975628 9.911086507660949e-19)
(-1.328752540350983e-06 1.397613682663592e-07 -7.687159396765234e-20)
(-1.851820717725639e-06 2.119728487928046e-07 3.322424013547431e-21)
(-2.178623561223956e-06 2.761645873521111e-07 4.620621027001052e-19)
(-2.266045458448863e-06 3.226367413804079e-07 1.263169373189464e-19)
(-2.100819274558998e-06 3.401280786572043e-07 3.472723103228835e-20)
(-1.699622005349216e-06 3.170292560191607e-07 -2.386650723191458e-19)
(-1.105935688367442e-06 2.425509911230771e-07 2.283120846378117e-18)
(-3.826674398289749e-07 1.069201523904958e-07 -1.466640976258529e-18)
(3.376216867298672e-07 1.405527705326814e-06 5.298331778814704e-20)
(1.009518106223021e-06 3.124231187158141e-06 2.35410749440029e-19)
(1.675460023672828e-06 4.185578897031306e-06 6.293569388892461e-19)
(2.342378912989322e-06 4.783720494361612e-06 -4.447695698350976e-19)
(3.0122328561643e-06 5.042703490602818e-06 -1.252081716775516e-20)
(3.677837229468586e-06 5.046779504505952e-06 -4.55615234015194e-18)
(4.325048626801272e-06 4.85428624758151e-06 1.070135989792836e-19)
(4.936365409593732e-06 4.507891554997312e-06 -5.288924401340052e-18)
(5.493908808284348e-06 4.041311786683044e-06 2.969953872656465e-19)
(5.981829712069838e-06 3.483276241889044e-06 2.76023897433724e-18)
(6.388052944750113e-06 2.859423960571098e-06 1.413657641127047e-19)
(6.705328163397577e-06 2.192870584334042e-06 -1.332269382964441e-20)
(6.931481096957145e-06 1.504004011845805e-06 3.456917289816775e-20)
(7.068963478222817e-06 8.099855000971625e-07 2.196075579650646e-18)
(7.123897949991211e-06 1.242904261713942e-07 -3.936080763598104e-20)
(7.10478946414387e-06 -5.434963817324144e-07 -7.048454069012395e-20)
(7.021139970349722e-06 -1.187577156368962e-06 -1.176135869342117e-19)
(6.882171059184009e-06 -1.805483580429471e-06 -1.174750683490427e-19)
(6.695778680424532e-06 -2.397326723689069e-06 4.177110401533426e-20)
(6.46782910080539e-06 -2.964856893113832e-06 2.75338540696211e-19)
(6.201842214666881e-06 -3.510448123171138e-06 1.028438343810727e-19)
(5.899062432721284e-06 -4.036133198382134e-06 1.042006292662065e-19)
(5.558851811768165e-06 -4.542777848009051e-06 -6.654533080143942e-19)
(5.179313355848768e-06 -5.029485428333091e-06 2.110199335963601e-18)
(4.758060891640794e-06 -5.493257729596423e-06 -1.929693887441323e-19)
(4.29303601635813e-06 -5.928927455179592e-06 3.428096096891153e-19)
(3.78331008127385e-06 -6.329370985626998e-06 -1.290049265159338e-18)
(3.229745463857086e-06 -6.685915427599373e-06 8.59988251308446e-19)
(2.635488107992573e-06 -6.988917097152866e-06 1.134776745548035e-19)
(2.006247859117773e-06 -7.22842966065923e-06 -6.794499137626237e-21)
(1.350373480782277e-06 -7.394902700726645e-06 1.796359631315931e-20)
(6.787474590697865e-07 -7.479860478553334e-06 -1.019983917711083e-20)
(4.523304512850032e-09 -7.476530123396753e-06 -1.739262503186372e-21)
(-6.572652546727635e-07 -7.380395850045424e-06 4.712871164283771e-21)
(-1.290201510709089e-06 -7.189666698888264e-06 7.722072526685318e-21)
(-1.877075751173627e-06 -6.905647826523087e-06 -1.841450605071229e-20)
(-2.400560393075318e-06 -6.533001753391676e-06 2.443428113065023e-20)
(-2.843963775739025e-06 -6.079877895419535e-06 3.241035182177984e-19)
(-3.192051362017537e-06 -5.557879602373578e-06 1.487078287053954e-20)
(-3.431910914168268e-06 -4.981828786167772e-06 1.851076392119044e-20)
(-3.553823414981962e-06 -4.369289773287341e-06 4.703175523453037e-20)
(-3.552082048934849e-06 -3.739815263626572e-06 6.364226215926469e-22)
(-3.425686418802347e-06 -3.113890912639786e-06 1.292291067218185e-20)
(-3.178829867671383e-06 -2.511570244962541e-06 7.057451351460591e-20)
(-2.821105554491545e-06 -1.950814151107337e-06 1.780701155772031e-20)
(-2.367350888237167e-06 -1.445583639639314e-06 2.499252062200665e-20)
(-1.836920373786787e-06 -1.003818943932054e-06 -2.117545811784261e-20)
(-1.25180428964017e-06 -6.255488158690269e-07 -9.785471332046316e-20)
(0.00296614422248802 0.0001648182436549847 -8.937895188587456e-19)
(0.0008602281852609051 -0.0004906124699674005 -4.431219662326596e-19)
(0.001939071008912896 -0.0009166609102621574 4.456745955332189e-19)
(0.001621142545784139 -0.001134235532018938 2.178787952869819e-18)
(0.001251700708781986 -0.001333824276713864 2.004684228308142e-19)
(0.0009649845563769404 -0.001416306387289204 2.141297971749462e-18)
(0.0001333007740536554 -0.0009933592099181277 2.142100009498601e-19)
(0.0002554169606756676 -0.0005854251714660641 -1.416175490184839e-19)
(-1.258201932881732e-06 2.034857384599232e-07 1.544080816520114e-18)
(-1.753928498839184e-06 3.100308024258248e-07 -4.820640348886235e-19)
(-2.064092940740146e-06 4.067802268267187e-07 -1.570611046672531e-19)
(-2.147557615568389e-06 4.790109045796007e-07 -8.242083510465677e-19)
(-1.991465421434155e-06 5.092729306401022e-07 6.417993694013062e-19)
(-1.611446821353025e-06 4.791278198095937e-07 -8.828435705985189e-20)
(-1.048682240159461e-06 3.706772905156484e-07 -6.379088131188636e-19)
(-3.628775065769648e-07 1.662750351769365e-07 -2.278048926776424e-19)
(0.001800423273447014 -0.002765477462170349 2.782769813388789e-19)
(0.006062704268962407 -0.005218203131262599 -2.086351569970114e-18)
(0.01264440888247463 -0.007447423938534911 6.884284897305973e-19)
(0.0216202915760761 -0.009086248742414852 2.320402931945455e-18)
(0.03154206465910279 -0.009597402095751339 -3.228873893946739e-18)
(0.04135184585954637 -0.009000599399802753 3.985611084202186e-19)
(0.05006763192582293 -0.007475545342636827 -3.433526249862507e-18)
(0.05690533389475507 -0.005399006487747421 -2.313793931952007e-18)
(0.06154859269577412 -0.003325389857028306 -6.346862765307195e-18)
(0.06426759718890221 -0.001714966087279109 -6.574625990561678e-18)
(0.06564988573210757 -0.0007077291869424947 -7.940551484959045e-18)
(0.06625118595371356 -0.0001885763125028289 -6.929697890073319e-18)
(0.0664521638783976 2.841158516059402e-05 -3.710684494066716e-18)
(0.06647473570869339 9.105374256757943e-05 -2.163269660882221e-18)
(0.06643589032812713 8.678565021724427e-05 -8.364403181415932e-19)
(0.06639199615122481 5.820480037767677e-05 -2.051984547126727e-18)
(0.06636708761947752 2.357875031491436e-05 -4.493934470263925e-18)
(0.06636751886381832 -8.442986397144356e-06 -5.229172646984931e-18)
(0.06638695136035046 -2.926116175444031e-05 -7.647086067978365e-18)
(0.06640370319170748 -2.245269850385249e-05 -3.035883529352897e-18)
(0.06637156932323858 4.467767396100671e-05 -2.843307644493884e-18)
(0.06620436198107776 0.0002284894357311555 1.87857331743785e-18)
(0.06575499468257344 0.0006046259856987532 1.045053524336091e-18)
(0.06480135491892675 0.001229085465642368 9.409954203040607e-19)
(0.06309140613960175 0.002056018533866557 2.611576445321249e-18)
(0.06049110035287283 0.002894774792728306 -1.646140859554858e-18)
(0.0571184970931546 0.003517460791388546 -2.547478502853991e-18)
(0.05327588573980504 0.003819497559398258 -1.498794477563271e-18)
(0.04928619139636334 0.003821333514210167 -1.149491546042154e-18)
(0.04540865436235453 0.003604802907264053 -2.5839663718331e-18)
(0.04181564998946874 0.003260657523191887 -3.272703962431599e-18)
(0.0385998094231891 0.002862899891382947 -3.135039871693907e-18)
(0.03579275694979468 0.002462300086682808 -1.532766862811839e-18)
(0.03338491680386537 0.002089730819620862 2.318096769607834e-19)
(0.03134158022747596 0.001761834516248542 1.297854246837498e-18)
(0.02961441413296867 0.001486153515233792 -5.460922581423465e-19)
(0.02814893539300604 0.001264930943535307 -1.367075854768709e-18)
(0.02688896549519505 0.001097696611182913 -1.14333437752404e-18)
(0.02577902119504086 0.0009829555822447058 -1.787721802264341e-19)
(0.02476542012718187 0.0009191948103030607 3.882158543584729e-19)
(0.02379668276696031 0.0009051022533203301 4.069691665507315e-21)
(0.0228234728055272 0.0009387463461461136 -4.349107926553457e-19)
(0.02179790543578979 0.001017087307299591 -3.414630566816381e-19)
(0.02067203050770834 0.001141998217424565 -7.265791232071399e-19)
(0.01940349312709365 0.001337945804431025 -9.936121095228704e-19)
(0.01796951955209426 0.001650131249108779 -1.682535693404204e-18)
(0.01638560090855924 0.002077416190046734 5.618145543629875e-19)
(0.01345932373620773 0.002198469909088484 -3.87395510535389e-19)
(0.01027770302367979 0.001162265122324407 -3.824506644253099e-19)
(0.008187838393027174 0.0002132690378986177 2.687377966242635e-19)
(0.006568268451963451 -0.0002081568780442705 -2.513567857504763e-18)
(0.004823853497565135 -0.0003274049213143174 2.39698533320081e-19)
(0.003307255779659569 -0.0005369879272890071 5.854181445781109e-20)
(0.002241354344120088 -0.0007221116339017575 -4.207484784786792e-18)
(0.0005111724515968921 -0.0003715059697311585 -4.238878285257002e-19)
(0.0006036179667472481 -0.0001118304109289556 -1.238093480913118e-18)
(-1.161410434717203e-06 2.590282158209138e-07 -2.945760292655456e-21)
(-1.619514423828851e-06 3.958968226975244e-07 -5.261671903701706e-19)
(-1.90679323295868e-06 5.217607686926889e-07 -4.600524727723841e-19)
(-1.984860272724435e-06 6.174208276447154e-07 -1.214920889448422e-19)
(-1.841399056523325e-06 6.598210961563668e-07 2.98264095203995e-18)
(-1.49053723198721e-06 6.242343580053187e-07 1.860175399009458e-18)
(-9.70227399617324e-07 4.860913923914389e-07 1.748895237767929e-18)
(-3.357758055237277e-07 2.20200237053712e-07 -5.563562062215013e-19)
(0.0004971149852512173 -0.0009130577602083204 4.990218612225084e-19)
(0.006326815269805481 -0.004586728267173209 7.233047557883201e-18)
(0.01701607142393366 -0.007560777139615203 2.78279681350231e-19)
(0.03052115753218533 -0.009480293782626475 7.917931992389458e-18)
(0.04525845379607463 -0.01004257750638857 5.331027042508825e-18)
(0.05981330042836345 -0.009338136583914717 1.378294962972947e-17)
(0.07275693899857391 -0.007595108540281016 1.034102267992419e-17)
(0.0827990178006251 -0.005125997446984903 -4.909946081418704e-18)
(0.08936145739512617 -0.002747162918796861 -1.529189682088239e-17)
(0.09302999856163988 -0.001097797254064009 -5.751789136566385e-18)
(0.09483247272992687 -0.0002273528580055843 -1.271871545209231e-17)
(0.09559022546952989 0.0001204055714268197 -1.181263292356343e-17)
(0.09582400053240908 0.0002015213428010362 -6.002047252500026e-18)
(0.09583184865594306 0.0001799740967075258 -4.882354780130879e-18)
(0.09576667841985172 0.0001308665102117462 1.373550320898606e-18)
(0.09570092100685614 8.05911054525713e-05 4.423957109460895e-18)
(0.09566532335463629 3.495120524253619e-05 -5.768881336587166e-18)
(0.09566792121833521 -6.416840801253831e-06 -1.653022640704485e-17)
(0.09570092439515727 -4.251012640329195e-05 -8.34515300322473e-18)
(0.09573628001834644 -6.438226778003067e-05 -4.409689221280053e-19)
(0.09571300974040126 -4.568174719258908e-05 -5.900664500400755e-18)
(0.09551381475305665 7.331952398426507e-05 -1.458991681921182e-18)
(0.09493933257332449 0.000391533474253469 4.211214456707383e-18)
(0.09367086593210176 0.00102417313638611 1.024503283156737e-18)
(0.0912759180273688 0.001976639050310507 3.098867047547587e-18)
(0.0874484942074321 0.002986608153468983 -1.323526657729849e-18)
(0.08242216546584248 0.003656261675649506 -2.95803497501462e-18)
(0.076738372519096 0.003933374203549104 -2.236831215896832e-18)
(0.07086643905368864 0.00386888838556115 1.696774081687299e-18)
(0.06519199358315783 0.00358525865983556 -3.688935170919892e-18)
(0.05995725201303735 0.003190902180564313 -1.233493502343769e-17)
(0.05528867886845332 0.002763373308406874 -4.330204292839007e-18)
(0.05122486456459521 0.00234991853094571 -2.885447138913551e-18)
(0.04774665019457523 0.001976074541811202 -9.069925611906671e-19)
(0.04480027763395264 0.001653631728946923 7.155652736041317e-18)
(0.0423136542625071 0.001386447668253601 -4.433434824550266e-18)
(0.0402067433616194 0.001174255711696426 -3.469824911089667e-18)
(0.03839768287352932 0.001015048327649691 -2.722508046030758e-18)
(0.03680600004282935 0.0009066037856678633 9.604306953109115e-19)
(0.03535400840669757 0.0008475597252529031 1.776546742860587e-18)
(0.03396728874966245 0.0008379765000849271 2.240918756527433e-19)
(0.03257485533874561 0.0008780781822208475 -1.148789613310841e-18)
(0.03110919154485632 0.0009632687436937082 -7.67588818920888e-19)
(0.02950312912660025 0.00108182245191521 -2.259575372126217e-19)
(0.02768562973244005 0.001246197111648343 -5.45872200160114e-19)
(0.02558020463773202 0.001585767848414018 -6.069494364013144e-18)
(0.0232851329789054 0.002328187922867777 1.100711225884184e-19)
(0.02082511631415895 0.003108582470726209 -1.627336562182353e-18)
(0.01805178097260126 0.003345943813005825 6.206075925874389e-19)
(0.01484842805360589 0.002971010704253404 1.789268987700972e-18)
(0.0115277099067764 0.002439488279163806 -2.811858922445521e-18)
(0.008455432874437851 0.001972673423524019 1.702041287987531e-18)
(0.005726858503173884 0.001393460216720977 -2.110137768858863e-18)
(0.003775584016325334 0.0008171183537753614 -1.398305311829546e-18)
(0.0009770085175412242 0.0008539799694775969 -4.10571971963302e-19)
(0.001040038031777973 0.0007632708455085312 9.536531763145034e-19)
(-1.041908763155458e-06 3.01581984188783e-07 -7.281075126114424e-22)
(-1.453413353016096e-06 4.620445570645369e-07 1.00166690786992e-19)
(-1.712278733464112e-06 6.109616533661599e-07 1.805491547881065e-19)
(-1.783578057297111e-06 7.256279677883689e-07 1.779252607909771e-20)
(-1.655699277521505e-06 7.784692327958328e-07 8.269150685122724e-19)
(-1.340910469219614e-06 7.395504106426625e-07 -2.058018383055966e-18)
(-8.731431485219294e-07 5.786306560740147e-07 2.132282938033164e-18)
(-3.022449394775935e-07 2.639481577167493e-07 -1.217976801726768e-18)
(-2.002331048961203e-05 -0.008238728708034914 -1.990492412314998e-19)
(0.006983014351033949 -0.02014792552579971 -1.902185166341794e-18)
(0.02014503156546226 -0.02876296542967749 -5.404891956871334e-18)
(0.03717597288417706 -0.03397089891079503 -1.225373822988107e-17)
(0.05598777458772108 -0.03545684786376332 -1.878619569180216e-18)
(0.07461482383082561 -0.03323709592851869 -1.989303831789577e-18)
(0.09111592280289954 -0.02775976849925021 3.827880877453864e-18)
(0.1034915844759327 -0.01995081859739669 -5.473124028508629e-18)
(0.1108123259075189 -0.01220444355382249 -1.526430676872957e-17)
(0.1142308814955075 -0.006445188543081178 -8.076574679181912e-18)
(0.1155017581704843 -0.002936327818539703 -1.480032388725098e-17)
(0.1157875929206365 -0.0010776019132383 -1.168019570049697e-17)
(0.1156841449609639 -0.0002211570012183511 -5.2699564376103e-18)
(0.1154764576241868 0.0001032186978037275 2.125354167652839e-19)
(0.1152830636595458 0.0001696339621952694 -2.019406504490184e-19)
(0.1151489602411376 0.0001220860686818659 2.292628837592216e-18)
(0.1150873572253645 3.311655660354044e-05 -3.293716828288314e-18)
(0.1150988383176059 -5.521812428729907e-05 -1.483016110180571e-17)
(0.1151766018459128 -0.0001029787549787445 -6.56247504874426e-18)
(0.1152996507554607 -4.840774188508445e-05 -4.867716098712696e-18)
(0.1154173015279188 0.0002152193741012797 -1.291799751161171e-17)
(0.1154164304678068 0.0008659129492688623 -2.17574726019837e-18)
(0.1150794258220252 0.002155081574729581 3.385406668897454e-18)
(0.1139756478367896 0.004359192098762669 3.698932051962547e-19)
(0.1113774590133643 0.007457230703152641 2.913479763326799e-18)
(0.1066824653679872 0.01068187538248971 7.944827463296093e-18)
(0.1002922692849906 0.01290621817738407 -6.430440002863728e-19)
(0.09311784604890035 0.01394646670545365 -2.334759702534002e-18)
(0.08581157389934368 0.01391723529662293 -3.234580164772899e-19)
(0.07887316686167983 0.01313031078159545 -5.599909363984914e-19)
(0.07257670993766342 0.01189930052882096 -1.596692180788947e-18)
(0.0670435417585737 0.01047594738026036 -2.504733872612688e-18)
(0.06228878652762068 0.009035513090458388 -3.101154543608019e-18)
(0.05826435560841002 0.007687937063502421 3.330812957449477e-19)
(0.05488798743312107 0.006495249988480602 1.881554319385068e-18)
(0.05206190432385618 0.005487636259299671 -5.283557828040362e-19)
(0.04968370724966312 0.004675786175511411 1.875221457192418e-18)
(0.04765215657838756 0.004059523744845287 -5.051678839468622e-19)
(0.04586974388751798 0.003633487202282253 1.281083161745008e-18)
(0.044243419565495 0.003390586280788432 -1.746341316988558e-18)
(0.04268446563295708 0.003323706691798367 -6.45216540988288e-19)
(0.04110787906543129 0.003425636708237818 -8.738153815189337e-20)
(0.03943105361573056 0.003687470185667941 -1.082329407618837e-19)
(0.03756976151697377 0.004099452730787012 -2.704578902836579e-19)
(0.03543863749002982 0.004662994380909026 -1.674692685157268e-18)
(0.03296651228971976 0.005406585826981419 -3.379823386761843e-18)
(0.0302144757331811 0.006335776810701781 2.219742527904384e-18)
(0.02727992993678547 0.00709129759127955 2.598849581740685e-18)
(0.0240248438578176 0.007171950408617705 -1.430166903328786e-18)
(0.02027252356730901 0.006750123826048521 -1.038418942288168e-18)
(0.01618637792621428 0.006160012005938676 -1.605786628324139e-18)
(0.01213581113612894 0.005392586913102488 -3.424573834663834e-18)
(0.008301632005016999 0.00436596536456375 6.538347196854724e-19)
(0.005453442818603143 0.003219665004797139 -4.715275770422284e-18)
(0.001495480188696746 0.002730173500020296 -8.181756226069763e-19)
(0.001520987169027588 0.002096788335630747 -8.215741147812863e-19)
(-9.050393246540396e-07 3.269739979161034e-07 2.860804644122442e-20)
(-1.262959932417764e-06 5.018703884821819e-07 7.780558860104979e-19)
(-1.488983753436022e-06 6.65389224232117e-07 1.222217480409693e-19)
(-1.552249950599431e-06 7.926760989730329e-07 8.002048744935255e-21)
(-1.442066992889254e-06 8.531948478145189e-07 5.38034576246242e-21)
(-1.168647157943296e-06 8.134035597289358e-07 8.113273331408575e-20)
(-7.613175001520934e-07 6.389423763677668e-07 4.252801809336589e-20)
(-2.636181718530827e-07 2.931000024331519e-07 9.922281466449623e-19)
(0.0004734474887091931 -0.01110837421681094 7.348578997112337e-19)
(0.008432631916528252 -0.02967382346072084 -1.752550800945857e-19)
(0.02322676945443961 -0.04322989473207717 -4.419196871746016e-18)
(0.04220660240405105 -0.05130896006955178 -1.349071719234861e-17)
(0.06319252554219723 -0.05366468778196431 -1.33667702364944e-18)
(0.084034209475051 -0.05028253596806435 -2.207108200737301e-18)
(0.1026030306307359 -0.04163338650717306 1.897760016642741e-17)
(0.115990316448063 -0.02883329235230924 4.408582807552595e-18)
(0.1227069987663283 -0.01636324926838801 -4.071886797407243e-18)
(0.1248725591578122 -0.007740327604523193 -1.342666058444526e-17)
(0.1252415645195145 -0.003003787151495738 1.377336520116262e-18)
(0.1251292213610343 -0.0007573874267096227 9.27026158020583e-19)
(0.1249295035070662 0.0001426655297327264 -9.70568184352648e-18)
(0.1247559255309349 0.0003992831428902671 -8.495449712901023e-18)
(0.1246280375668954 0.0003735218578112687 -2.76079595145235e-18)
(0.1245486572886244 0.0002361984615270896 -1.072667817428376e-19)
(0.1245173852600221 6.412659335651366e-05 -5.791904198041488e-19)
(0.1245345938580944 -0.0001030356757775969 -1.986339288375309e-18)
(0.1246021084500704 -0.0002252988088760702 -1.103818114669774e-18)
(0.1247169994437576 -0.0002302756474303984 -9.881920210720655e-19)
(0.1248642032803027 2.080225996158636e-05 -1.344889909614779e-18)
(0.1249913476043048 0.0007840509214814741 -2.304635121561782e-19)
(0.1249780092180987 0.002481812556220412 1.262409432964949e-18)
(0.1243887293852343 0.005732322689459055 -4.495258900496729e-18)
(0.1221050455341587 0.01071736150010146 -1.755382833739885e-18)
(0.1170014626262506 0.01604046913647519 5.057168793604862e-19)
(0.1097563727822717 0.01946547726960994 6.185187777138761e-18)
(0.1018419411446293 0.02089118492851275 -2.050899690948174e-18)
(0.09399060238349245 0.02064151610967958 -1.45897596434314e-18)
(0.08671261851258989 0.01928282425335149 -2.749644376803642e-19)
(0.08022401474028738 0.0173220553352497 -2.080643097896692e-19)
(0.07458991786492167 0.01513622703616063 -1.35213321764293e-18)
(0.06978374073063551 0.01297334137889686 -5.100775821104591e-18)
(0.06573153142112276 0.01098087444087412 -1.830464439275179e-18)
(0.06233678184645276 0.009237051261947831 2.856010161429045e-19)
(0.05949460596792205 0.007776325592994909 -4.792269832899884e-19)
(0.05709930947509374 0.006607652654306935 3.749638757132385e-18)
(0.05504808400848674 0.005726624266363231 -1.741772913342545e-18)
(0.05324239450407686 0.005123159564072746 1.122439129265146e-18)
(0.05158805682177047 0.004785972300906986 -3.073627349455346e-18)
(0.04999469455296836 0.004704737156039516 1.553008649182258e-18)
(0.0483747879261292 0.004870393627228973 8.322068883201488e-19)
(0.04664258346963597 0.005273948671320382 4.277685605791768e-20)
(0.04471262655072857 0.005905990476336266 -5.332263015596169e-19)
(0.04250404136262706 0.006758628730348731 -1.437490566107134e-18)
(0.03995374016768676 0.007818824870010515 -3.559720505773068e-18)
(0.03706809360242072 0.009026638048087164 3.740352123507365e-18)
(0.03386394681416459 0.0101264829498549 2.53116462763278e-18)
(0.03020298749182521 0.01078573223973721 -2.280514153392051e-18)
(0.02593626627787249 0.01094538622672974 -1.985072421000684e-18)
(0.02115184784951528 0.01064592737138085 -2.771703870887633e-18)
(0.01616042164084258 0.009811985660989555 -1.425485034703105e-18)
(0.01117235098088738 0.008387701012803069 2.77659455191143e-19)
(0.007311218557298671 0.006535811845050375 -1.380034077890027e-18)
(0.002008567407760358 0.005289417589812978 -1.085668653048466e-18)
(0.002005833808519539 0.003941851613308551 -2.023305525160952e-18)
(-7.575582598009015e-07 3.321970949053069e-07 1.944616022100399e-18)
(-1.057471356491436e-06 5.105340594318847e-07 1.386224966391729e-19)
(-1.247650191445182e-06 6.783405228536171e-07 5.147781817642142e-20)
(-1.301773790965974e-06 8.102525179705779e-07 1.246174461274901e-20)
(-1.21034647656529e-06 8.746959437578011e-07 3.81285073351397e-20)
(-9.815275571355055e-07 8.365822137387444e-07 -1.208556416250442e-18)
(-6.397280834277274e-07 6.595060841312755e-07 5.28495848711501e-19)
(-2.216036763351675e-07 3.040239619955983e-07 -9.610828968128282e-21)
(0.0005144255391801335 -0.01577111079416377 4.87838051136991e-19)
(0.009354536410865186 -0.04209959304921559 -1.691131071645136e-18)
(0.02519570154847761 -0.06114291972219886 5.431081549966447e-18)
(0.04497598617463098 -0.07239587718506293 -9.648768306884245e-18)
(0.06664935918760617 -0.07577141348951004 -1.691573506645896e-19)
(0.08826036139773387 -0.07114970823339883 -5.89524036256063e-18)
(0.1079301685688515 -0.05868753943263352 5.472519266764733e-18)
(0.1212858741218984 -0.03900674694881735 8.94372717361059e-19)
(0.1259246618054249 -0.02020803159336112 4.351604243491479e-19)
(0.1256497940141751 -0.008454697662434372 6.914883417188115e-18)
(0.1246799462820913 -0.00289602020229092 2.304941486558226e-18)
(0.1241930549270663 -0.0005924197002135076 -8.129828362437585e-19)
(0.1240303682266645 0.0002327167108737649 -1.349758515110115e-18)
(0.1240110465550558 0.0004369457903602918 -1.486786862910929e-18)
(0.1240304927087188 0.0003852109110495084 -5.38576558128403e-19)
(0.1240538721671167 0.0002334782723376208 -8.067885782341448e-20)
(0.1240716043366303 4.833952847005276e-05 -6.466053452114029e-20)
(0.1240867320407495 -0.0001364337056455637 -7.63039649195528e-19)
(0.1241106407628971 -0.000282752824957343 -4.216373915772046e-19)
(0.1241589083200589 -0.0003150366946231803 -1.746385770391921e-18)
(0.124257882899281 -8.587339159451327e-05 -1.199987790796721e-18)
(0.1244488885250771 0.0006989981056474501 -1.12382756934332e-18)
(0.1248490774330244 0.002636692209892257 -1.726155386540495e-19)
(0.1251897769937967 0.006969856744665846 3.68923495393149e-19)
(0.1238201425142057 0.01447116327303909 -4.361817093954437e-18)
(0.1187125601478098 0.02274317092079243 5.494611565153305e-19)
(0.1109555495331974 0.02748788665557913 -1.634753783495748e-18)
(0.1029872417638837 0.02911332037793195 -1.084345716223653e-18)
(0.09542547724522814 0.0283954763485894 -4.683883900794167e-19)
(0.08867338983975796 0.02625547905625037 -3.03166886072826e-19)
(0.0828023476507149 0.02341365346840747 4.50804594997977e-18)
(0.07778080362367545 0.02035953642619621 1.023092423073372e-18)
(0.07352977872939037 0.0173972261298276 6.601783411645884e-19)
(0.0699545720845863 0.01469976468059256 -2.233865327729076e-18)
(0.0669568529830076 0.01235520052435534 -1.132908036360356e-18)
(0.06443951165416192 0.01039973575761938 -9.68314933451848e-19)
(0.06230856698379045 0.008840146938797604 1.878734105751788e-18)
(0.06047377402937702 0.007668202522076681 -1.420481331317462e-18)
(0.05884850937273087 0.006869716380783104 -1.013765886237255e-18)
(0.05734919564339531 0.006429709101000327 -3.371474170985899e-18)
(0.05589451043419474 0.00633493736876016 -5.970826461480371e-19)
(0.05440436470429032 0.006574448928631821 1.693645921915652e-19)
(0.05279890030252212 0.007137941699044022 2.305242250738584e-19)
(0.05099774803218379 0.008012926231485964 -4.586301278420563e-18)
(0.0489232118999945 0.009180099651660729 3.967034954097414e-18)
(0.04650615391856938 0.0105996422352881 1.329344512408224e-18)
(0.04370253628837664 0.01218204512200159 7.958406313442466e-19)
(0.04045762294603743 0.01372448135065633 6.604628337871824e-19)
(0.03662708407213532 0.01496984040537799 4.215413446213626e-18)
(0.03206400667414677 0.01575715294287489 -6.948376795135284e-19)
(0.02676056003442027 0.01594006075757879 -4.743367086032456e-18)
(0.02091306217652108 0.01529235488861339 -1.234851654192573e-18)
(0.01467730924688719 0.01361829259610344 -1.932589834109539e-19)
(0.009514811927524744 0.01098034727254412 -3.247474543800447e-18)
(0.002294944545995122 0.00862250853898062 -3.113624575867683e-18)
(0.002563185242289484 0.006444067955454173 -1.331306490236432e-18)
(-6.069829167794361e-07 3.158720285015727e-07 -6.997949138634805e-22)
(-8.473752095145275e-07 4.857263964327431e-07 1.661606246612397e-18)
(-1.000359781553207e-06 6.464775669905989e-07 9.912970042683243e-19)
(-1.044484923986774e-06 7.739898837978969e-07 6.081530071031549e-20)
(-9.717586565288761e-07 8.377818962916964e-07 -1.346342478665356e-18)
(-7.884666390492803e-07 8.036333018863681e-07 1.660439048695426e-20)
(-5.140959910751846e-07 6.356316080429088e-07 -1.266324801554267e-19)
(-1.781734542906821e-07 2.943275955106898e-07 -1.708504751988121e-20)
(0.0007752341701049404 -0.02054236018151594 3.729636959569528e-18)
(0.01058707780350823 -0.05504862015076418 9.301568854741729e-18)
(0.02682090663642659 -0.07914136063236978 1.115348701810136e-17)
(0.04575062279946841 -0.09302244499633336 5.9840115655494e-18)
(0.06591374743014795 -0.0972297049797661 6.407056902739501e-18)
(0.0860972909387154 -0.09152398889286469 -5.611759687824344e-18)
(0.1056220160281311 -0.07501934102443251 1.294417311632416e-17)
(0.1176978368585277 -0.04609590738380077 -6.833223650068948e-18)
(0.1190744034715324 -0.0199980117487631 -7.862084569385355e-18)
(0.1157748798595678 -0.006285033503097137 9.57684495262784e-18)
(0.1136278883468078 -0.001458548390263302 -4.38758728069099e-18)
(0.1131517858753974 6.93845691902806e-05 -1.132559312271992e-17)
(0.1132675131090543 0.0005090821676815512 -1.252732643345829e-18)
(0.1135115030701952 0.0005641306406015457 -4.971961065666733e-19)
(0.1137184489083651 0.0004546405341708814 -7.581660920462352e-19)
(0.11385555247119 0.0002742178960612968 -8.965537162429249e-20)
(0.1139208040269471 6.558436629124698e-05 5.472089505902359e-19)
(0.11392260826376 -0.0001513226693614211 -1.645838279342332e-18)
(0.1138767715637751 -0.0003515304015311465 -1.441501295039999e-18)
(0.1138027532110321 -0.0004784369916030378 -1.141745284270443e-17)
(0.113736971179362 -0.0004309765373085479 -6.824223395894572e-18)
(0.1137745470686802 -1.511462537550634e-05 -6.5669039313549e-18)
(0.1143838385031716 0.001381361555827768 -2.238025923749018e-18)
(0.1157062630114431 0.006074307740195308 -2.76735123497291e-19)
(0.1156057415100891 0.01646110448585337 -8.255070176701064e-19)
(0.1110817803221764 0.02902751966498412 -1.762841725312734e-18)
(0.1033328863670997 0.03506041847428821 -1.745296908745008e-18)
(0.09639345789208933 0.03650139849177281 -5.065783726512671e-18)
(0.09026321584875142 0.03503422744899262 -1.586552777012039e-18)
(0.08506872607849056 0.03200679889316072 5.383168223240291e-19)
(0.08068065207395404 0.02831700225531861 -3.883414419954565e-18)
(0.07697283033964789 0.02450688167581117 -1.547125181101606e-18)
(0.07383840043969124 0.02088955102866471 -1.371759453323557e-19)
(0.071189208903533 0.01763419388429317 -4.958300378256078e-19)
(0.06894937737610511 0.01482277157934899 3.406896991423091e-20)
(0.06704940800850273 0.0124862669138048 -4.95134790922578e-18)
(0.0654233831385635 0.01062730863729525 -7.362231072179065e-19)
(0.06400736109795628 0.009234404465342325 2.607075086534789e-19)
(0.06273842828989303 0.00829092018457521 3.260505643496013e-19)
(0.06155402839153844 0.007780269425520042 -5.833826293444732e-18)
(0.06039134356754456 0.007688469876176879 3.040063456000296e-18)
(0.05918655579620934 0.008004941728315633 1.201371167627721e-18)
(0.05787387104981515 0.008720595194293175 3.383771311350673e-19)
(0.0563842927314096 0.009823818390934195 7.662301814072726e-19)
(0.05464629259881106 0.01129386767611064 4.305920038389448e-18)
(0.05258539677260773 0.01308749069736766 1.499686811227955e-18)
(0.05012450853398692 0.01511879496668859 -1.87500065939959e-18)
(0.04716068284151385 0.0172281153471474 2.756570074232019e-18)
(0.0435275914261247 0.01920233927738018 2.015429532445569e-18)
(0.03904101971163031 0.0208265134750483 1.231231067016548e-19)
(0.0335692193738013 0.02182815972181809 2.628237549794561e-19)
(0.02712269718227078 0.02181511679818537 1.649497619079586e-19)
(0.01965503002110688 0.0203266731153609 -2.25916120608134e-18)
(0.0127368940743903 0.01710448063257509 5.574809042821527e-19)
(0.002338097796672831 0.0130651841369311 1.433642839221648e-18)
(0.003937206266841525 0.00993362153908707 6.150354861914527e-20)
(-4.607025119204682e-07 2.785813328631814e-07 2.405095031018205e-18)
(-6.429818797911487e-07 4.282779928975987e-07 1.666995708911207e-19)
(-7.591689898918744e-07 5.706924748319006e-07 2.41785113321974e-20)
(-7.928673230388032e-07 6.845324915117496e-07 7.687047664870564e-21)
(-7.378398126779533e-07 7.425736487003468e-07 4.492376458294202e-20)
(-5.987487993581141e-07 7.140594060176149e-07 1.949457926442267e-20)
(-3.904372392735025e-07 5.664470823217062e-07 6.393088107887956e-21)
(-1.35443800173109e-07 2.633727412128077e-07 2.019473918557437e-19)
(0.002103158633514587 -0.02575702712702334 -2.711540185820645e-19)
(0.0143059835462631 -0.06827466607444538 -3.683848824949788e-19)
(0.03022366680230803 -0.09600107168218826 1.882795537052018e-17)
(0.04582368481729697 -0.1113608283641312 9.537196004443261e-18)
(0.06116682989350802 -0.1163209095030688 2.421696224203397e-17)
(0.07639246547304077 -0.1109604041530442 5.086606845539489e-18)
(0.09339790567496417 -0.09300789580559229 2.020569822351048e-17)
(0.100255640048329 -0.05646847111504229 -8.279016686295742e-18)
(0.09842043899417768 -0.01832776464814346 1.293525242522885e-17)
(0.09436580771000848 -0.003352439089050924 6.584825120810069e-18)
(0.09259919756146659 -0.001158230489957792 -9.507456130354412e-18)
(0.09273015315805878 -0.001140941820053599 -6.946699200286714e-18)
(0.09311849679512983 -0.0009474800946455782 1.613426898421549e-17)
(0.09348759144438616 -0.0006508637760389908 -3.138394890785596e-18)
(0.09377259788571658 -0.0004140921698724187 -5.934597467044902e-18)
(0.09396364810911118 -0.0002495724961894616 -7.154069865253111e-19)
(0.09405334509588445 -0.0001349571930171858 5.517415789914346e-19)
(0.09403850730691742 -5.271689445539777e-05 -1.647254016618031e-18)
(0.09391947392109894 3.131379258327115e-05 -3.116441543287414e-18)
(0.09369266990199079 0.0001988055920333562 -1.167502727233224e-17)
(0.0933466010683283 0.0005390628224273818 -1.440004041519259e-18)
(0.09287972587040712 0.00101581073508981 -3.409119581641494e-19)
(0.09301754404599417 0.001978840908813241 -3.828307276938722e-19)
(0.09424039066327207 0.007255233502125609 -7.952151156688714e-20)
(0.09492151310973353 0.02192651346695943 -1.31492358939767e-19)
(0.09337600312122651 0.03694516306068467 -2.129945437120854e-19)
(0.08678263179358316 0.04232622712591025 1.308347514275977e-19)
(0.08253883057137974 0.04238283114040198 -1.018734555249458e-17)
(0.07927455033238177 0.03974570898734205 -2.917559191283597e-18)
(0.07672128698269412 0.03583483899399297 -3.708245203980628e-19)
(0.07461127013054818 0.03149296366953702 -8.299525710465027e-19)
(0.07279965338379604 0.02718205136575938 -2.502992778623798e-19)
(0.07121751470088297 0.02316172647393425 -4.466308568619284e-20)
(0.06982891890604692 0.01957141317253627 -2.996428295260465e-20)
(0.06861069830159697 0.01647970441154586 3.370304032992008e-19)
(0.06754160783772074 0.01391232556677322 -3.537081046715631e-18)
(0.06659815023833324 0.01187047253959258 3.160014780050791e-18)
(0.06575315935016884 0.01034274116074283 1.111320780408081e-18)
(0.0649758238336345 0.009313606869192715 3.114345291594073e-19)
(0.06423217545722518 0.00876800983341151 -4.001444526987383e-18)
(0.06348495012233499 0.008693863817485417 -1.554522447251729e-18)
(0.06269338274311073 0.009083394799029287 2.02684052538889e-18)
(0.06181275417160081 0.009931453724093901 9.685064762020454e-19)
(0.06079224755380548 0.01123150895185568 8.671839155597252e-19)
(0.05957391865402679 0.01296948906127119 2.876689045430693e-18)
(0.05808871157827311 0.01511309134278927 1.692370948060115e-18)
(0.05625028726349687 0.01759781635918489 -4.180878647179427e-19)
(0.05393757752940895 0.0203088528681622 4.23180692454612e-18)
(0.05097154323688432 0.02308153275375188 2.65521209959951e-18)
(0.04712920206197754 0.02570684499237717 -4.208648881340344e-18)
(0.04215986846023951 0.02787700464513563 -1.25012420690064e-18)
(0.03584457805030609 0.02911238963055121 -3.358966177144496e-18)
(0.02779645217200851 0.02869845106439755 -4.050170919527516e-18)
(0.01912458669450598 0.02586543370191745 5.385809272629634e-18)
(0.004718270229542456 0.01988813149134512 -5.919468458043161e-18)
(0.008575087454425668 0.01468692879441011 -1.107650311960015e-18)
(-3.248558341997386e-07 2.230319798414513e-07 -1.729572490268539e-18)
(-4.529423907120855e-07 3.425116795211999e-07 9.195131312591631e-20)
(-5.344148662099132e-07 4.565655734702426e-07 -2.123571162168543e-19)
(-5.579036338227046e-07 5.481348147049273e-07 9.633854069139821e-22)
(-5.190059293477649e-07 5.953190132428413e-07 6.978181118216927e-20)
(-4.209901497400845e-07 5.733643992783533e-07 -7.415993639319403e-19)
(-2.745116171474962e-07 4.560468997859453e-07 1.443363387244759e-20)
(-9.56722835851161e-08 2.132646621131815e-07 -4.316960685616941e-20)
(0.01531982073774176 -0.04438281933953118 3.00901043371284e-18)
(0.02737273976477368 -0.08769650643642217 2.224071597692152e-18)
(0.03907476914261864 -0.1117209414894131 1.755902358021739e-18)
(0.04672519405067793 -0.1242390216248367 1.305985935748451e-17)
(0.05188657987345045 -0.1276507138901031 1.229824995976673e-17)
(0.05499962288283118 -0.1214107212420665 2.11645309120922e-17)
(0.0596898362057489 -0.09892308995059125 1.652640718581649e-17)
(0.05273459040340375 -0.04605476457463676 -1.390427030011513e-18)
(0.06355803826114903 -0.02248497508310488 2.233246648911392e-18)
(0.06618942438846878 -0.006205037570606061 2.651345080407873e-18)
(0.06501939990982956 -0.001803915403982465 -1.96355144570731e-18)
(0.06466561744025229 -0.0006910368671922316 -2.836833207182604e-18)
(0.06475679622301925 -0.0004326727945629179 9.005973739354699e-19)
(0.06495750502293711 -0.000290636197571215 -2.549890116025398e-19)
(0.06513159680797265 -0.0001826437089526726 -1.862559973293865e-18)
(0.06525019034934833 -0.0001129817092096179 -1.009259055145621e-18)
(0.06530654333547894 -7.348126952919597e-05 -6.918593828166031e-19)
(0.0652995832712851 -4.751392693613557e-05 -1.108788270876277e-18)
(0.06522990859448981 -7.641478933255376e-06 -3.196095687192579e-18)
(0.06509837889806047 8.684089889189487e-05 -4.726623914674002e-18)
(0.06493516305818145 0.0002928489134106322 -3.923879438510435e-18)
(0.06485680598016237 0.000831415872611947 -1.578937505595575e-18)
(0.0650687743811937 0.002509020315069348 -1.116144999488592e-18)
(0.06159193075256497 0.008466847054856258 -2.577462374076207e-19)
(0.04997339406261677 0.01416552874094297 -1.261150263704901e-19)
(0.05827794977004176 0.03705561486734999 -2.989221632591713e-19)
(0.05946729003439841 0.04421909542405828 4.457208378304474e-18)
(0.06188042227199178 0.04371628553662237 -8.879050269027391e-19)
(0.06368952037104222 0.04068552885282752 -4.299434489714366e-19)
(0.06492501319531865 0.03660462729663592 -1.002096990120179e-19)
(0.06572047457712801 0.03221499535379473 -1.028902638976065e-19)
(0.06616999279136797 0.02789291909606177 -3.910805116759097e-20)
(0.06637417833849939 0.02385934571573897 -1.396775596806796e-20)
(0.06641258919233367 0.02024236004989549 -1.139309237535809e-20)
(0.06634540682743299 0.01711213540230242 2.497741179772606e-19)
(0.06621443593570062 0.01450103233159683 -2.453698472705338e-19)
(0.06604632546694829 0.01241787355992899 8.076677040522684e-19)
(0.06585575429332957 0.0108586715150637 3.648902843438257e-19)
(0.06564818281103374 0.009813633115902673 3.693967936591953e-19)
(0.06542185377990323 0.009272769707522284 -3.64169531924227e-18)
(0.06516917184439631 0.009228799338747817 -1.28231454052381e-18)
(0.06487668384521042 0.009678574985768006 -4.239252761695075e-18)
(0.06452615991555161 0.01062315145055159 -9.066244013166896e-19)
(0.06409191015090884 0.01206398698199205 2.048632643848277e-19)
(0.06353934854245366 0.01399840552271525 -4.41958832176896e-18)
(0.06282033226319675 0.01641204467707991 -2.654404771329158e-18)
(0.0618660701975432 0.01926949747243062 -4.214219157022916e-19)
(0.06057427021487254 0.02250300428860463 -1.25977325543607e-19)
(0.05879297368517562 0.02600677964483766 8.796369154556226e-19)
(0.05631839745911439 0.02962827166061842 -6.907976392221515e-19)
(0.05288421765957289 0.03312247902386929 -4.36089031103402e-19)
(0.04817831718639203 0.03607753817410921 -3.220946807100867e-18)
(0.04165839181337722 0.03774053040023037 -3.21518582360447e-18)
(0.03359502736608448 0.03690254928206742 1.800886513807688e-18)
(0.01956614086313886 0.02982692300356701 -7.353145120387133e-18)
(0.02450184530863599 0.01913062412873932 -2.671867923041641e-18)
(-2.030460373950854e-07 1.540778258798947e-07 3.40604488142765e-18)
(-2.825438411048486e-07 2.361107591924289e-07 5.466374294357081e-20)
(-3.328337935138564e-07 3.14136815138602e-07 -8.654138439431178e-19)
(-3.470639832665358e-07 3.765679923669642e-07 1.687050405970316e-19)
(-3.22571450135558e-07 4.085961841922107e-07 -1.774347022986564e-19)
(-2.615264151693657e-07 3.937155890012568e-07 1.765754765582687e-20)
(-1.710224178305946e-07 3.150168466430851e-07 1.634277661727328e-20)
(-6.196457790315834e-08 1.523259514450963e-07 -2.001072000166322e-21)
(0.08496221959769859 -0.04459701391095423 -6.130514038880288e-18)
(0.07403627931607178 -0.08799056227302449 -7.633515767030179e-18)
(0.06317188754767357 -0.1114454305040497 -3.928172639482085e-18)
(0.05478653301224279 -0.1227178557040542 1.224392675613508e-17)
(0.046095163274411 -0.12427393082223 4.92329526190053e-19)
(0.03625796204643744 -0.1160014745856784 1.463519567381035e-18)
(0.02127457662322902 -0.09291657177518872 2.867678036464015e-18)
(0.02633885779688168 -0.05920441261207568 -1.614293874614761e-18)
(-1.765901103780061e-06 -4.089830484624302e-07 3.082464507282543e-20)
(-2.436500380846758e-06 -8.081784638597211e-07 -2.27530067481469e-21)
(-2.877645386604056e-06 -1.345382486700117e-06 -2.978718825746865e-21)
(-3.063849396810789e-06 -1.972240759137711e-06 -1.535937348547951e-19)
(-3.002228697748018e-06 -2.625920260656764e-06 5.60968758058808e-18)
(-2.724890030103176e-06 -3.242073253595552e-06 -1.092418206991557e-18)
(-2.280361160480983e-06 -3.762770466350044e-06 2.671546931945654e-18)
(-1.726691067287234e-06 -4.141296946981801e-06 2.693124861171376e-18)
(-1.126249966359408e-06 -4.345289627598597e-06 -6.208325678685563e-20)
(-5.410865810842689e-07 -4.358736262851889e-06 8.001667880117014e-20)
(-2.787778997123506e-08 -4.182733142184367e-06 7.375344806457997e-21)
(3.677307119074637e-07 -3.834561328929387e-06 2.896143826858698e-21)
(6.166562487727126e-07 -3.344621044174163e-06 9.130429284079353e-19)
(7.102684652449467e-07 -2.751020047501475e-06 1.009641352632388e-21)
(6.610130587518873e-07 -2.092396271077997e-06 -1.528104652221e-18)
(4.991424858357893e-07 -1.400858697667151e-06 7.587525974921495e-21)
(0.02447702383002398 0.01920939000798882 -9.038500669516998e-21)
(0.01944151429871879 0.02992141215293141 5.555541693716974e-20)
(0.03325912024222112 0.03719428538927452 1.113774913533406e-18)
(0.04121653306484209 0.03825510026610258 1.703814968116614e-20)
(0.04764897754341042 0.03672391904754217 -4.822753905632213e-20)
(0.05231625449674302 0.03379911287694669 -1.766150806811454e-20)
(0.05576034556171539 0.03025068464899893 -1.40936091617823e-20)
(0.05829366801401612 0.02652881871601026 -9.394012377392282e-21)
(0.0601687896725633 0.022919373323208 -3.244277407969703e-20)
(0.06156377547149158 0.01960005463047755 -2.519791791874513e-19)
(0.06260873254874656 0.01667756378247975 4.596936231565498e-18)
(0.06339847096415667 0.01421095588800132 1.513695573757382e-18)
(0.06400279632314189 0.01222852317416217 5.262429437965223e-18)
(0.06447357673021951 0.01074024147204803 1.025112529085782e-18)
(0.064849744980725 0.009746883876782554 9.972192193428801e-20)
(0.06516063144853568 0.009246522057757584 -5.582883581302804e-18)
(0.06542829428177169 0.009238461236972263 -1.893706157492378e-18)
(0.06566922332419373 0.009725589830643694 1.73305064683723e-18)
(0.06589358693619077 0.01071533210904388 7.170363259617202e-19)
(0.06610600757705695 0.01221721342358001 -2.617131905242877e-19)
(0.06630357973661928 0.01423949765294781 2.332949438422381e-18)
(0.06647299392598362 0.01678408960030095 6.903568429770328e-19)
(0.0665862831148115 0.01983965997356656 2.306378311204143e-19)
(0.06659504226527548 0.02337317659552937 2.522013239841709e-18)
(0.06642542875892486 0.02732165627468203 1.669012419422901e-19)
(0.0659831842417322 0.03157845645349593 4.047522300697227e-18)
(0.06515998086408838 0.03595375484995479 1.126393535222155e-18)
(0.06386335545994508 0.0401013824915457 -3.904320140808308e-19)
(0.06196871471023011 0.04329518668120985 1.342116207219057e-18)
(0.05945552913478307 0.04404556358667506 -6.848207989726164e-19)
(0.0581490568764638 0.03709204142534286 -3.042181592504567e-18)
(0.04977328405014095 0.01413142434759258 -3.662787434805403e-18)
(0.06123636427118696 0.008544301679764325 -7.274221026914058e-19)
(0.06466905100882803 0.002548207917713679 -2.743954553225278e-19)
(0.06447118081325094 0.0008287396461175919 -6.985247038009438e-20)
(0.0645770065566998 0.0002691385309249179 -1.263541817817412e-19)
(0.06477582033710526 6.849506647078083e-05 -2.847542239396738e-19)
(0.06494944387303711 1.519221565817841e-05 -4.1465605513614e-19)
(0.06523005147938639 4.70769601508609e-05 2.287116427784638e-19)
(0.06502208945899665 0.0001054385476233768 1.170089626876914e-18)
(0.09825408333175156 -0.02707082356168347 -8.73370199294531e-18)
(0.08825179336839092 -0.07006911152403376 -1.137320588514459e-17)
(0.07448186055142168 -0.09644426878965261 -5.587388821631205e-18)
(0.0601907669870762 -0.1089077556457073 -1.354106465760031e-17)
(0.04480537433556862 -0.1099283068970771 -2.569914881634545e-18)
(0.02988280976213215 -0.100552026393094 -5.310877512462788e-19)
(0.008824497516348444 -0.07932443155065486 -1.728725250172306e-18)
(0.01213918900070781 -0.05551300106339663 -9.739792695286614e-19)
(-2.781747212149879e-06 -3.4802366075809e-07 5.428725724553907e-18)
(-3.839532642405281e-06 -8.414688446468227e-07 -1.496264279564176e-19)
(-4.523754435177725e-06 -1.5618393294798e-06 -7.096901134763011e-20)
(-4.801099433835755e-06 -2.439649143204381e-06 -1.966762699195975e-18)
(-4.6891098317587e-06 -3.385059658588679e-06 -9.696037917368455e-19)
(-4.240930412847434e-06 -4.304232005029017e-06 -8.906325172354637e-20)
(-3.532623886623454e-06 -5.10968497346824e-06 -2.404043553406694e-18)
(-2.654084718767095e-06 -5.727712864183557e-06 9.050843618846987e-19)
(-1.702159758892874e-06 -6.103872807240902e-06 1.648646532977532e-20)
(-7.740320318414158e-07 -6.2066475764192e-06 -4.433338318275122e-20)
(4.037729942583945e-08 -6.029073963644514e-06 -1.102980415331015e-20)
(6.672353479600726e-07 -5.58811109731619e-06 -1.990295776718014e-20)
(1.057962580923444e-06 -4.921383241796983e-06 -8.441867382935341e-19)
(1.196655358176764e-06 -4.080884628566636e-06 -4.925742771762881e-19)
(1.102817276656294e-06 -3.123649745258306e-06 4.808872456083889e-19)
(8.267024697568379e-07 -2.100723509777585e-06 -1.176157156735443e-20)
(0.008413428073521242 0.01490904597628028 -7.164548570873877e-19)
(0.004485451329901411 0.02017087377999978 -2.647473781629007e-19)
(0.01859506386658921 0.02631950174490823 2.435539504571494e-20)
(0.02711969527885396 0.02932614107628844 -4.11636295045838e-21)
(0.03505400511358447 0.0298207657168459 -6.839992262455224e-21)
(0.04132832692395883 0.0285584610016457 -3.052352187579605e-21)
(0.04632783909953778 0.02627548640208248 -2.069912414378177e-21)
(0.05027228348741315 0.023500482692811 -2.190756708863604e-21)
(0.0533899843976197 0.02059767109500483 -9.477365032605474e-21)
(0.05586037534626622 0.01780687887202683 -5.737049066932524e-20)
(0.05782784402357603 0.01528008703866892 -2.693736723837763e-19)
(0.05940730700937304 0.01310870551301186 7.262728469800204e-18)
(0.06069158105219696 0.01134409678329553 3.504124350892751e-18)
(0.06175694522241654 0.01001277775971267 -4.463094170781589e-18)
(0.0626674742299024 0.009127454090654212 -1.434947340306274e-18)
(0.06347822057272734 0.008694849078391468 -1.30203470767435e-18)
(0.06423765792855667 0.008720823275511474 2.766249080910868e-18)
(0.06498915516278413 0.009214115996109593 -7.853644326461941e-19)
(0.06577165658017119 0.01018713330249245 -6.453695710146181e-19)
(0.06662110723452329 0.01165472936972261 5.763609484123642e-20)
(0.06756915144853028 0.0136320593485136 9.658270286039641e-19)
(0.06864279630019669 0.01612983777649667 -4.626603836616103e-18)
(0.06986342398122954 0.01914760878035424 2.194343708739216e-18)
(0.07124722265691982 0.02266325940272259 -6.307694074161796e-19)
(0.07280927028096498 0.02661814246213592 -3.235600558928748e-18)
(0.07457796212387109 0.03089133819905322 -3.619251612808665e-18)
(0.07661975519632315 0.03524771386358258 -2.55868384874927e-18)
(0.07908422809163083 0.03924815812264902 6.947209323051976e-18)
(0.08224994969628735 0.04205907229822985 3.687524077516447e-18)
(0.08640097961832938 0.0422380452001723 -2.340666505928969e-18)
(0.09293386207686238 0.03706523458186905 -1.840381008667487e-18)
(0.09440121156330382 0.0221202664213582 -7.564391475559306e-19)
(0.09363870330613029 0.007417124833355504 -3.175115997316676e-19)
(0.09241927749315619 0.002032576299756293 -2.270628370468595e-19)
(0.09231101423565667 0.001007688448671033 -5.733135537272588e-20)
(0.09283083208119668 0.0005113566269269942 -5.277177299224296e-20)
(0.09324187031190372 0.0001727073886649613 -2.716849689794157e-19)
(0.09352095584506764 6.555293848792246e-05 -2.153713033967977e-18)
(0.09375102110401162 0.0001994767689022962 8.524748704369537e-19)
(0.09384211960738384 0.0002784804783288237 2.638534222686819e-18)
(0.09992576533570179 -0.02373325652107656 -4.198233509749394e-18)
(0.09375009267686396 -0.05977771453604378 -5.514541881305615e-18)
(0.0809121836002393 -0.08224814220844008 -5.09542687894651e-18)
(0.06483510963542201 -0.09263496416532446 -1.924698117025223e-17)
(0.04678218126243638 -0.09278052128356837 -2.954331379838125e-18)
(0.03052036534770656 -0.0839821328096851 -1.490012324997454e-18)
(0.008577973372494441 -0.06652050953511665 -1.014482892756747e-17)
(0.009263850542227768 -0.04666047527917595 4.122091338732234e-19)
(-3.895087596563103e-06 4.378554451824057e-08 -3.329666362314416e-19)
(-5.370505833955869e-06 -4.010597983387237e-07 -3.491344046580114e-20)
(-6.314632650102764e-06 -1.183437396627685e-06 -3.966759709579797e-21)
(-6.692398039458147e-06 -2.221362151720238e-06 -6.788789109565748e-20)
(-6.533981802318671e-06 -3.403569078368543e-06 1.085622236230932e-20)
(-5.912403754399116e-06 -4.608716389790067e-06 -5.282621206533237e-18)
(-4.929178543246898e-06 -5.718815806848333e-06 7.070344967529133e-21)
(-3.704892270400568e-06 -6.629883856627394e-06 5.961476505401232e-21)
(-2.371230258368072e-06 -7.260098616654808e-06 -6.638371526178276e-20)
(-1.062328034957729e-06 -7.555157437623557e-06 2.969679626939764e-18)
(9.545746505919273e-08 -7.490798638525834e-06 -5.733669598495494e-20)
(9.953920000805618e-07 -7.072713901627378e-06 -5.926082437139807e-21)
(1.563075166664991e-06 -6.334010881876764e-06 -1.785974390981328e-21)
(1.768121733719975e-06 -5.330001933348885e-06 -1.207531257555122e-18)
(1.63123757579626e-06 -4.129515563051087e-06 -7.333367896041655e-21)
(1.221677419831202e-06 -2.80272596664367e-06 -1.695656619814247e-20)
(0.003746919017579451 0.01029771956653591 -2.018291230214901e-18)
(0.002118521991753888 0.01357346266347088 -5.261908912858066e-18)
(0.01214904049438752 0.01777541622377935 -6.367338620336509e-19)
(0.01887594923862911 0.02111335024567567 -7.392963066774594e-20)
(0.02619315331390247 0.0226088403280178 -9.800383742454617e-21)
(0.03257895694112952 0.022513523757832 -1.507936013979342e-21)
(0.03808276037840159 0.02131419616032416 -3.554101098337217e-22)
(0.04270319989292767 0.01946793785067483 -1.657204023873512e-22)
(0.04654315709550876 0.01733188825164378 -1.877058153214596e-21)
(0.04971426845196712 0.01516160648090141 -5.378826429007566e-20)
(0.05232896204106111 0.01312947794889337 -4.678949053857696e-18)
(0.05449139101458962 0.01134572763604455 -3.287896880672799e-19)
(0.05629642874347968 0.00987722429021058 5.173217262834165e-18)
(0.05783017247170015 0.008762624426214645 -4.206664033244641e-18)
(0.059171329348116 0.008023870035818084 -1.309327600370921e-18)
(0.06039274630750407 0.007674544484963643 -2.224293220056426e-19)
(0.06156296664155251 0.007725658540279035 5.395760727487491e-19)
(0.06274748359182419 0.008189554620051607 1.135811716525962e-19)
(0.06401007925139161 0.009081116187746723 -2.749549872573246e-20)
(0.06541392468766738 0.01041734889007978 4.66536229372834e-19)
(0.06702182554780935 0.01221534046194599 6.513707065413633e-19)
(0.06889672637598943 0.0144875550728843 -4.720504359260685e-18)
(0.0711024129045697 0.01723373814741365 -5.879479651515033e-19)
(0.07370495232970649 0.02042815715889133 -5.458577343243402e-19)
(0.0767764021311846 0.02399855324621734 -6.390518668451651e-19)
(0.08040268542089092 0.02779156948644712 -2.660792714002673e-19)
(0.08469308067624201 0.03151305400165805 -2.692468832092025e-18)
(0.08978224234937814 0.0346375194285397 7.197128866535761e-19)
(0.09581615174544975 0.03627004970072318 1.472729245933573e-18)
(0.1026840714461378 0.03503505809064854 -3.215547938053884e-18)
(0.1104063615425273 0.02918653074443323 -1.996771545242967e-18)
(0.114928037274462 0.01666606402600552 6.105655333395886e-19)
(0.115030710277723 0.00620819891319677 -2.393042616348035e-18)
(0.1137171284573817 0.001389063008808391 -1.493093443668474e-18)
(0.1131149574576302 -0.0001006640298702964 -1.688230243055013e-19)
(0.113095551082159 -0.0005744926416718693 -3.030428357600717e-20)
(0.1131852691579012 -0.0006623857041394012 -6.033811346673495e-20)
(0.1132827059882249 -0.000558143816559519 -2.310129300306546e-19)
(0.1134144090521507 -0.0003436656025727585 8.546864375995601e-20)
(0.1136268073154685 -0.0001929143884374459 3.307108455798645e-19)
(0.1007740693986361 -0.02210900466731406 -6.02923747744955e-19)
(0.09707797088396766 -0.05101040105259391 -2.036318469952206e-18)
(0.08495092842317219 -0.06790133845499909 -1.321077993743537e-17)
(0.06820964707941923 -0.07515637754295583 -1.85207470127059e-17)
(0.04902160228891389 -0.07450439060520958 -2.607700523448956e-18)
(0.03217909242974579 -0.06713110263935311 -5.550587826319932e-19)
(0.009406186737971519 -0.05381818586833347 -7.210891502416658e-19)
(0.008982131958004675 -0.03748271234338163 -1.817507935266021e-18)
(-5.084903716883263e-06 8.940910675211272e-07 -4.908660028828944e-20)
(-6.988161784829438e-06 6.625373605764068e-07 -4.84784185993743e-21)
(-8.203422452147512e-06 -5.826707643718371e-08 -2.052111559260943e-20)
(-8.700907976182462e-06 -1.172642290738629e-06 -6.546125953677327e-20)
(-8.520028612515711e-06 -2.546080936158789e-06 6.271324875369568e-18)
(-7.746655250795778e-06 -4.027696928343358e-06 9.613072281666955e-20)
(-6.501707657187092e-06 -5.467197710779925e-06 6.914240257588158e-21)
(-4.93271046699429e-06 -6.72838555875778e-06 -1.435751906951793e-20)
(-3.204498010000133e-06 -7.699146215541311e-06 -8.505322561173946e-20)
(-1.488041038843341e-06 -8.297736022374008e-06 1.912213646902079e-18)
(5.254401833597322e-08 -8.475663782747493e-06 -8.04048623469021e-20)
(1.274353512104899e-06 -8.217782987964429e-06 -5.510802715338038e-21)
(2.070879037059138e-06 -7.540366348716444e-06 6.691242644411234e-22)
(2.387114799546567e-06 -6.487595603218391e-06 1.447117711634633e-20)
(2.232341097069984e-06 -5.126064024345766e-06 -6.609531336035111e-22)
(1.685471127035355e-06 -3.53583493409174e-06 9.680171939552665e-23)
(0.002364827935917297 0.006961283788024292 -2.520129203219573e-18)
(0.002082742798773571 0.009385486066671545 -4.245216503723634e-18)
(0.008940397265132776 0.01191671992672274 -7.799645826394536e-19)
(0.01390583019034994 0.01461712836590659 -1.03413669303794e-19)
(0.01997387063131864 0.01621838848406395 -1.338767975509515e-20)
(0.02573940077409003 0.01666292657766908 -1.040718014979237e-21)
(0.03106123228018088 0.0161708415735881 -3.120355220980109e-22)
(0.03577724239288983 0.01505549911644663 -9.093325602939125e-22)
(0.03986701724695755 0.01360218763173263 -8.309833518525226e-21)
(0.04336024642619407 0.01203526364561295 -8.165752506402964e-20)
(0.04631905627409926 0.01051599438244692 -7.960759302445197e-19)
(0.04882007736322342 0.00915316080259755 -4.622009252584313e-18)
(0.05094602333990322 0.008016327313992627 2.947625682681688e-18)
(0.0527809873731309 0.007148215816671921 5.906042653956195e-19)
(0.05440833569828295 0.006574814274412573 -5.3534792788515e-20)
(0.05591003713163051 0.006313044548969735 -2.094421585942397e-20)
(0.0573669668451724 0.006376252031538503 5.62819543604263e-20)
(0.05885961558035109 0.006777813128231562 -5.299251237385915e-21)
(0.06046931524761157 0.007532464111184913 -2.304679697404421e-19)
(0.06227924890347588 0.008656148985023216 4.686734827808127e-18)
(0.06437518901829996 0.01016407962070589 1.238417349280943e-18)
(0.06684615248312016 0.0120660461474806 -4.435418141705433e-19)
(0.06978455022054493 0.01435828182383093 -1.778988213249299e-19)
(0.07328590709460267 0.01701001502631824 -4.906207059072337e-19)
(0.07744768429448853 0.01994207247755769 4.280033269428643e-18)
(0.08236627728133805 0.02299357958215757 1.095262056901853e-18)
(0.08812705046121955 0.02587380178935719 -5.732134029435021e-19)
(0.09477348989776077 0.02810263396172182 5.557500446599619e-21)
(0.1022528666907829 0.02895757296532847 6.574085585241558e-20)
(0.1101780876401699 0.02749226059673909 -7.863645463509867e-19)
(0.1179463302647001 0.02288548424214874 -3.065588296428405e-19)
(0.1231060728223194 0.0146512690712962 -1.456813899720424e-20)
(0.1245220843121603 0.007089226788184547 -3.520167808038455e-19)
(0.124201267009662 0.002649892987496927 -1.886854375892395e-19)
(0.1238010438469937 0.0006270262816374829 -3.930673600915477e-20)
(0.1236053674844622 -0.0002118953625898979 -8.645292780043149e-21)
(0.1235010302733718 -0.0004767537090452969 -9.788179069508071e-21)
(0.1234521221018075 -0.0004757846433852907 -2.530594158179799e-20)
(0.1234798786099637 -0.0003686174944163011 1.135969014436689e-20)
(0.1236264714864448 -0.0002702428606158602 4.176249099883013e-20)
(0.1016305456569401 -0.02197007632923788 -8.716454032127304e-20)
(0.09998582034261567 -0.04301199286074923 -3.35317710077997e-19)
(0.08738713774808403 -0.05293012383605407 -1.231759017357974e-18)
(0.06977699477351787 -0.05643191769456253 1.309489444602523e-17)
(0.04990646343384642 -0.05498337863622259 9.229785477799318e-19)
(0.03263279267857706 -0.04920888875862944 -1.747800168083712e-20)
(0.008898437129225372 -0.04011287025647717 -1.90283764730864e-19)
(0.008808270425603974 -0.02794096804737376 -6.614392597198969e-19)
(-6.336325296516301e-06 2.362804859756752e-06 8.19137801032466e-22)
(-8.650924297667287e-06 2.489580200603757e-06 -3.268624081287719e-20)
(-1.014112603138495e-05 1.909579718105577e-06 -3.658956458699375e-19)
(-1.078521926071475e-05 7.586646855635426e-07 9.279448540991766e-20)
(-1.062137919281402e-05 -7.916371606198243e-07 -5.420103064385065e-18)
(-9.737422871943305e-06 -2.556273999914684e-06 1.423906233723964e-19)
(-8.265716145591101e-06 -4.353012552442068e-06 1.285425274471501e-20)
(-6.375430473544268e-06 -6.015451074536287e-06 3.947490122074251e-21)
(-4.261059865486028e-06 -7.40269524057962e-06 6.20707107805444e-20)
(-2.128105889034199e-06 -8.405442719741142e-06 -2.776663154911249e-18)
(-1.771758223780007e-07 -8.948621255315797e-06 6.304224718879195e-20)
(1.412435355589367e-06 -8.991140463407828e-06 5.219247770505443e-21)
(2.499005668658676e-06 -8.523604265691601e-06 2.556684511989508e-21)
(2.99435053687804e-06 -7.56494318530595e-06 1.577323725223937e-20)
(2.879859320584861e-06 -6.158598273359921e-06 4.876092265173057e-21)
(2.221641090624765e-06 -4.368061314914337e-06 1.173451231754706e-20)
(0.001827264718161132 0.004556636767344557 -2.229554538655669e-18)
(0.001741211503959325 0.006218271703643734 -5.256061703540632e-18)
(0.006818920720512113 0.007627264204143447 -5.838527417735762e-19)
(0.01053910886322996 0.009501809712909612 -8.366338182268798e-20)
(0.01537776036283406 0.01078675516747546 -1.035032206955469e-20)
(0.02026977229779527 0.01133445275720883 -1.805494846414887e-21)
(0.02503447019167427 0.01120703216982335 -3.738355313412621e-22)
(0.02944569589228068 0.01059102921673602 -5.301148872967888e-22)
(0.03340571962964832 0.009681918149928439 -3.334650866711646e-21)
(0.03688146571675927 0.008646442143577848 -2.134752140509286e-20)
(0.03988944460257007 0.007610991115131008 -1.344572971633938e-19)
(0.04247616962095783 0.006664456873586557 -5.627052666244005e-19)
(0.04470621101742903 0.005865848505786059 4.918972705778617e-18)
(0.04665416786339586 0.005252781753102208 9.185280533414888e-19)
(0.04839995949315838 0.004849010436315899 1.134987129688845e-19)
(0.05002632345260963 0.004670400323291822 1.431853561825198e-20)
(0.0516179565174533 0.0047293135955524 8.259949023023341e-21)
(0.05326155235792419 0.005037455721979752 4.034209464341548e-21)
(0.05504663735881211 0.005607025288300919 3.759023322986745e-20)
(0.05706632940323095 0.006450636574025084 5.973761544235264e-19)
(0.05941796179263501 0.007579636311872993 1.905645803044761e-19)
(0.06220317388968866 0.009000113970315592 -3.143757046876092e-20)
(0.06552674787843807 0.01070586547327798 -2.376945709172676e-20)
(0.0694934358345511 0.01266689950187074 2.440663654606686e-20)
(0.07420127572039514 0.01481158414871683 9.519569798223667e-19)
(0.07972871070869933 0.01700091790007442 2.030381111321002e-19)
(0.08611106664737668 0.01899543600703932 -1.401124091113901e-19)
(0.09329625214307459 0.02042314520165433 -2.815898507731547e-20)
(0.1010850490134964 0.02077333191000795 -3.541911833363129e-21)
(0.1089798937554421 0.01945948253012317 -8.811263817797748e-20)
(0.1162570696298582 0.0161254874367786 -4.521216607883043e-20)
(0.1214274853761599 0.0108266725249256 -1.007707367941331e-20)
(0.1237706850806233 0.005797491393552615 -4.187732737551782e-20)
(0.1243877334000405 0.002471639556982014 -2.643572223089695e-20)
(0.124398998264097 0.0007095032515715505 -7.141459382484587e-21)
(0.1242509770310803 -9.728511068841181e-05 -1.972961628615613e-21)
(0.1240704963682355 -0.0003845996837215634 -1.550751792409091e-21)
(0.1239163478095627 -0.0004365873868630859 -2.730420029185483e-21)
(0.123858780710411 -0.0004225993932724363 1.502347101355673e-21)
(0.1239363325985625 -0.0003687228942540795 5.291643081936514e-21)
(0.1033009416278431 -0.02675783356783877 -2.902863990246581e-20)
(0.102076261560148 -0.03801808893838619 -1.193447460826794e-19)
(0.08690633742587285 -0.04002795853220262 -8.514141237025845e-19)
(0.06792911910236046 -0.04011750646744447 -1.143620491349684e-17)
(0.04798539716930993 -0.03806782644448719 -2.399090703099268e-18)
(0.03082323029081134 -0.03341407085368674 -3.457276307910502e-19)
(0.006821457224038831 -0.02795143756289459 -1.0113985811322e-19)
(0.008443220871288641 -0.01897941626130571 -1.31271207756526e-19)
(-7.671131716714685e-06 4.688965615022491e-06 1.903797129842694e-19)
(-1.034479579238579e-05 5.204605897236002e-06 -3.625218813311912e-19)
(-1.209956217256133e-05 4.736629068939711e-06 6.896545483769295e-18)
(-1.29130715890366e-05 3.513973057112064e-06 -3.789572869781288e-19)
(-1.28076527714828e-05 1.759099792035036e-06 1.926932255820227e-20)
(-1.18620130197776e-05 -3.108095313825773e-07 1.183615404664782e-20)
(-1.021195901816478e-05 -2.488949806146203e-06 3.475584641159004e-21)
(-8.042004002698985e-06 -4.586773160100829e-06 8.673223733945544e-21)
(-5.571016363338857e-06 -6.441390589277977e-06 9.73600297067471e-20)
(-3.034511043361991e-06 -7.920772779244911e-06 7.743622023304893e-19)
(-6.657020749055442e-07 -8.926084557847516e-06 9.752609387298595e-20)
(1.322970274232269e-06 -9.391111766408064e-06 9.730791742210465e-21)
(2.75660212479276e-06 -9.279056877685562e-06 1.788788995679146e-20)
(3.512424281220403e-06 -8.576998631565618e-06 1.286323613733778e-19)
(3.533214871720353e-06 -7.287868899778869e-06 3.359852241170318e-20)
(2.842628304511362e-06 -5.418813978780301e-06 1.206851507377626e-19)
(0.001483958626867404 0.002825101831652687 -1.600259859861526e-18)
(0.00113361183634964 0.004004218366402702 -1.215480853122011e-18)
(0.005146133896335034 0.004742747192298559 -2.706923787497399e-19)
(0.007993871338103408 0.005997584376644603 -5.525475385058709e-20)
(0.01175590177968215 0.006907748202131816 -1.074228169018362e-20)
(0.01571991403916138 0.007363810914731399 -2.094664495007116e-21)
(0.01973345203330384 0.007378694187446386 -4.089226287978855e-22)
(0.02357195481290036 0.00706001127471443 -1.574894238615418e-22)
(0.02710763133823836 0.006527534321596438 -4.815359533866484e-22)
(0.03027463340667861 0.005889968887902454 -2.158526372050618e-21)
(0.03305998818137867 0.005234093200937799 -8.157891343125654e-21)
(0.0354865843545358 0.004623828905464922 -1.945326936888355e-20)
(0.03760108258392371 0.004103480410747787 4.883736227349999e-18)
(0.03946496885421458 0.003702546155433513 9.572512347910306e-19)
(0.0411487196906952 0.003440451788930437 1.418788765954638e-19)
(0.04272834790441703 0.003330520761907672 1.720899452406183e-20)
(0.04428381783097778 0.003382976643633304 4.222095896229345e-21)
(0.04589856425988052 0.003606876527336437 2.244350601808607e-21)
(0.04765991491070067 0.004010900825167816 1.038789804049174e-20)
(0.04965952254746882 0.004603225659994577 6.603573553790783e-20)
(0.05199365920857505 0.005390154327821937 2.249202993451246e-20)
(0.05476266806130857 0.006373072179980426 -5.528087027770772e-21)
(0.0580686695252193 0.007543212152749799 -2.709412587029297e-20)
(0.06201030652333359 0.008873384933774486 -2.159371168762786e-19)
(0.06667261413306588 0.01030576161149794 5.053252419978825e-18)
(0.07210924952874438 0.01173543068347076 -1.175845955552148e-18)
(0.07831411612266699 0.01299172384564027 -8.956007083098493e-19)
(0.08517789784301016 0.01382474298920099 -1.197076409722233e-19)
(0.09243989330697734 0.01391698020555543 -1.879460340409334e-20)
(0.09961005750277245 0.01294279456455532 -1.492646481932485e-20)
(0.1060371557200886 0.01076837250498159 -7.917208044798008e-21)
(0.1107941578863461 0.007553676965259294 -2.975016622793044e-21)
(0.1134467759153217 0.004424880655595652 -6.053102848064765e-21)
(0.1145762435101382 0.002170351415073573 -4.308863107250797e-21)
(0.114908839241996 0.000836431420186097 -1.55878905073721e-21)
(0.1148804582093499 0.0001556201904757995 -5.015146305997963e-22)
(0.1147101480866982 -0.000136529088580283 -3.055637991405346e-22)
(0.1145049809859234 -0.0002611432917191889 -3.141962776754535e-22)
(0.1143993790241086 -0.0003841479198300581 1.855060122501281e-22)
(0.1144189401021832 -0.0004059561766156284 7.930782641817422e-22)
(0.1007145169743998 -0.02315686085681689 -5.348002192681005e-20)
(0.09657137460941462 -0.01649330719529177 -3.171909673345841e-19)
(0.07823649242547949 -0.009423544011078564 -1.410490201751079e-18)
(0.06011140355571199 -0.008834715092384628 -1.857663542888536e-17)
(0.04288327985417426 -0.008609014921416197 -3.079439810179138e-18)
(0.02846457580192921 -0.006383065519781326 -5.1786826454306e-19)
(0.008851748791857791 -0.006995941759691509 -1.061838979437894e-19)
(0.008226774938584761 -0.01074651622727881 8.086602682945639e-20)
(-9.197765169844004e-06 8.219926806347227e-06 -3.446791425795352e-18)
(-1.210883896121196e-05 8.8609438941116e-06 1.692831838676971e-19)
(-1.407842550160514e-05 8.312669686250801e-06 -3.739717152719386e-19)
(-1.505767343450756e-05 6.902050739112601e-06 -1.36282671135399e-19)
(-1.503582842620876e-05 4.88175077628032e-06 -1.007085591031294e-18)
(-1.407156302926389e-05 2.480492555404575e-06 -9.5083209444316e-20)
(-1.229556137619103e-05 -8.764441471913794e-08 -4.916423335367039e-21)
(-9.899983722827868e-06 -2.625993642276121e-06 9.833477415170121e-22)
(-7.120914068638705e-06 -4.960831313758534e-06 -1.472917675009729e-20)
(-4.217261914484828e-06 -6.946171916248894e-06 2.454971543103505e-18)
(-1.448763181976197e-06 -8.466375858295384e-06 -1.463711861956003e-20)
(9.448486341340039e-07 -9.436066484869512e-06 3.09563226573813e-21)
(2.761858571310397e-06 -9.797043977017098e-06 2.962471753311011e-20)
(3.852578339030898e-06 -9.511371619445961e-06 -1.381910592435501e-18)
(4.128474459493881e-06 -8.547471462832558e-06 4.82395242120875e-20)
(3.564823330265464e-06 -6.846947145235094e-06 4.978469055269678e-19)
(0.001321761773243289 0.001468521204984319 -2.028644244882703e-18)
(0.00140780356055265 0.0007775761388881325 -4.999359166286701e-18)
(0.004153237311829585 0.0007536048527390464 -6.301472535147884e-19)
(0.006188919997072779 0.001395641217574992 -1.042024972661001e-19)
(0.008917871635112489 0.001771890855088772 -1.629436514339543e-20)
(0.01188124657502785 0.001920989244738088 -3.648526147281835e-21)
(0.01495519725932921 0.001907396109878174 -6.778708139391596e-22)
(0.01796102749864296 0.001796545773169901 3.986448711435473e-23)
(0.02078611916385323 0.001630144791324833 1.000112525689565e-21)
(0.02336414111626394 0.001439917345189333 5.739500667514059e-21)
(0.02567077968771519 0.001249458819809931 2.8242140007285e-20)
(0.02771274071433331 0.00107516543832631 6.810293723950248e-20)
(0.02951895689619557 0.0009274872907958543 2.958927988434109e-18)
(0.03113342071889684 0.0008126988928660466 9.214792616588397e-19)
(0.03261008080216406 0.0007345331602021096 1.570500593599382e-19)
(0.03400951485068252 0.0006954438711616689 2.81003037214794e-20)
(0.03539710888088175 0.000697520240488126 3.527491823546997e-21)
(0.03684217212193476 0.0007430438188912209 1.449288577739149e-21)
(0.03841775586640794 0.0008347274526866548 2.906093955854731e-21)
(0.04020047135863048 0.000975776604048582 8.064293238126498e-21)
(0.04227009529624617 0.00116963502624991 4.104824917659356e-21)
(0.04470825888714022 0.001419314284749249 4.443325077897342e-22)
(0.04759544023016983 0.001726136050958594 4.263619648960618e-21)
(0.05100521602010763 0.002087528331931216 5.843017099444754e-20)
(0.05499434833801031 0.002493332989567474 6.052239922639526e-19)
(0.05958696363266342 0.002919957648355502 -2.254817768138574e-19)
(0.06475159484131794 0.003322087484697135 -1.526605939137887e-19)
(0.07037029899467907 0.003623295672387964 -3.779830724807651e-20)
(0.07620957032483668 0.003714311827064687 -1.06205907962631e-20)
(0.0818887629016357 0.003468091162361215 -4.267630740333602e-21)
(0.08693697065419116 0.002827295042999809 -1.93718184361236e-21)
(0.09080093114584879 0.001835659751797401 -8.983813681377445e-22)
(0.09322672711822755 0.0008905246361666829 -1.086203885728272e-21)
(0.0945065921072725 0.0002618283084694196 -8.339851706190917e-22)
(0.09507161709499515 -4.362658630421414e-05 -3.856810638165317e-22)
(0.09524375467806002 -0.000130555474080579 -1.488754472470083e-22)
(0.09522214626057407 -0.0001080945856881305 -7.606422035533061e-23)
(0.09509899190195908 -0.00012236189652238 -4.983005206187164e-23)
(0.09504951952692051 -0.0003538144333207139 2.948387745402647e-23)
(0.09493415968927781 -0.0004729180713194118 8.841146572218384e-23)
(0.06614973515764755 -0.01544929246345616 -1.332522707479844e-19)
(0.0615614344257446 -0.01327253694463192 -1.056936872685888e-18)
(0.05269374366770945 -0.01140918501883253 -2.988447627029333e-18)
(0.04134280456608087 -0.01017547065498041 -4.892207887408952e-18)
(0.02971492846910811 -0.009294819464986599 -3.482560109544853e-18)
(0.01969601447378836 -0.008416174276050584 -1.405706023079431e-18)
(0.01149422046775911 -0.007608228172419795 -3.458858739138071e-19)
(0.008424367023089206 -0.007580332601278786 -1.698547866539958e-19)
(-1.114671399753391e-05 1.321732306409744e-05 -1.588943321050828e-18)
(-1.400304909692212e-05 1.327823641000467e-05 -7.522292281247684e-21)
(-1.607016570429711e-05 1.233257973525925e-05 6.817448164661589e-18)
(-1.717075956452494e-05 1.05843821179858e-05 6.351080603766031e-21)
(-1.723123411545091e-05 8.238478869906224e-06 -9.680018632393424e-20)
(-1.627726298599266e-05 5.498169100170112e-06 -1.165683248117398e-20)
(-1.442500800269246e-05 2.562045308007787e-06 -4.314873252974976e-22)
(-1.186541729748629e-05 -3.81672130184607e-07 -2.823300161743022e-21)
(-8.84306097340571e-06 -3.161483146560959e-06 -3.026990215125324e-20)
(-5.631894190140201e-06 -5.628077779071304e-06 -2.285678588650987e-19)
(-2.510395719016421e-06 -7.658015092083196e-06 -3.031375420814218e-20)
(2.617741616949172e-07 -9.155167250297219e-06 -2.178885168206851e-21)
(2.464072455257704e-06 -1.004980680542047e-05 9.851005419790389e-21)
(3.931553523499592e-06 -1.029531568463166e-05 6.24991732366851e-20)
(4.567927339791571e-06 -9.862867608676981e-06 -1.8816580142876e-20)
(4.359059730437383e-06 -8.737387909584643e-06 -6.976049616909222e-19)
(0.001297679863914643 0.0009724885529745942 -2.026485867384962e-18)
(0.001762463387382062 0.000991724971130883 -1.780005686662134e-18)
(0.00297093583334841 0.001194016828728474 -7.500188260058225e-19)
(0.004508947034861715 0.001492312116002209 -2.784556993579059e-19)
(0.006402332424823553 0.001784351208452482 -4.284736105237197e-20)
(0.008458358563291685 0.001940577198637941 -7.83304784465153e-21)
(0.01058234492844427 0.001955420886120672 -1.397562663222625e-21)
(0.01266210599597676 0.001869974267240272 1.266813990033898e-22)
(0.01461997825431011 0.00172305760076041 2.435693763789268e-21)
(0.01640952823851686 0.001546470237272239 1.345988736444539e-20)
(0.01801291846248132 0.001364565233398939 1.658062732031506e-19)
(0.01943403392578928 0.001195030761668637 5.74860442648973e-19)
(0.0206923581653068 0.001049941415204007 2.176999594849528e-18)
(0.02181800356777392 0.0009371573862254538 8.288718026490535e-19)
(0.02284813768569761 0.0008617317517006409 3.369277009183313e-19)
(0.02382464754082395 0.0008270979369555712 7.140254139998363e-20)
(0.02479280578178242 0.0008359527744302628 1.169406091032192e-20)
(0.02580063710345441 0.0008908191807767581 3.017718407833887e-21)
(0.02689869929040894 0.0009943088530712377 4.957805446827778e-21)
(0.02813994686072355 0.001149101892574302 6.969692517197637e-21)
(0.02957936841188275 0.001357582419079271 5.08588445762118e-21)
(0.03127297301559428 0.001621008309376775 1.341832155091494e-21)
(0.03327556244459517 0.001938020653290724 9.368932358131603e-21)
(0.0356365295135825 0.002302198423215561 2.07685904391831e-19)
(0.0383926997248372 0.002698305458079953 3.290516748918303e-19)
(0.04155709286174455 0.003097041437829972 -1.495458798809093e-18)
(0.04510289611865229 0.003448993085376543 -5.384059210415865e-20)
(0.04894316785114116 0.003680584614193142 -6.592047990628708e-20)
(0.05291090462366433 0.003699641245346125 -1.817610032859421e-20)
(0.05674982387742782 0.003420495290038891 -5.845234071074128e-21)
(0.06013525787150747 0.00281716368374889 -2.578550156915333e-21)
(0.06275722589925704 0.001989436792428951 -1.38158035250187e-21)
(0.06448656749797033 0.001165058611802319 -1.102329549253197e-21)
(0.06544880960717021 0.0005399703805699459 -9.132747920890862e-22)
(0.06589306597674914 0.0001670970234243895 -5.172038076040511e-22)
(0.06604092818330302 -8.692337299103501e-06 -2.216753203275504e-22)
(0.066041426433521 -8.083447861987276e-05 -1.017316186454134e-22)
(0.06598318664320858 -0.0001366289418848283 -4.217859853292658e-23)
(0.06608892378762414 -0.0002143464423387771 3.639074965218393e-23)
(0.06529737694170756 -0.0002854793097536706 7.020254354012675e-23)
(-3.902828988456945e-07 3.696278756685351e-06 5.664088866958372e-22)
(-1.180649718489878e-06 8.717991809785441e-06 -5.12315612116527e-21)
(-2.012957815581643e-06 1.221953552771327e-05 -1.447737053850597e-20)
(-2.951394007936906e-06 1.459767196232767e-05 1.340760972503727e-20)
(-4.081703864787165e-06 1.615021827834975e-05 -1.672122431299453e-20)
(-5.531928341057264e-06 1.713898629209648e-05 -6.030971638949829e-21)
(-7.510313444335226e-06 1.782601792621984e-05 5.454695062077029e-21)
(-1.023876907154872e-05 1.84451509932862e-05 9.289608936941372e-20)
(-1.32016836399771e-05 1.848342978191635e-05 9.484311243922858e-19)
(-1.591757026653956e-05 1.774741717393107e-05 2.988446917717336e-19)
(-1.798601868762675e-05 1.624928837920536e-05 -3.366838142101336e-18)
(-1.91457932020532e-05 1.408953641010742e-05 2.063751335391431e-19)
(-1.926647406282956e-05 1.140835723330465e-05 1.393057748431734e-21)
(-1.833746555455042e-05 8.36533174323334e-06 -7.840435330588393e-21)
(-1.645376829103196e-05 5.127858353142205e-06 -8.382747681456237e-22)
(-1.379668740074565e-05 1.862261675743238e-06 -1.199486550623079e-21)
(-1.060993388456166e-05 -1.273847242092225e-06 -7.864758414037888e-21)
(-7.172992627244891e-06 -4.137967628590295e-06 -3.467857239343478e-20)
(-3.774024496082471e-06 -6.607616670283034e-06 -7.847742553185749e-21)
(-6.843694396242196e-07 -8.583571470015348e-06 1.539100416447196e-21)
(1.863991858427807e-06 -9.991573040356045e-06 3.715944317435505e-20)
(3.697785104439131e-06 -1.078310566175224e-05 2.637808258999799e-19)
(4.72037907927941e-06 -1.093715051024438e-05 3.541363055277471e-20)
(4.933662557141267e-06 -1.046875780850521e-05 -3.308591341236036e-20)
(4.472434116758973e-06 -9.462674592572353e-06 -4.206321631504644e-21)
(3.664954311829061e-06 -8.198234464421028e-06 2.346333228833423e-22)
(2.938813477360686e-06 -7.191739147572717e-06 5.262410553175602e-21)
(2.353953755854807e-06 -6.427877790790397e-06 2.112906345246872e-21)
(1.882682888745477e-06 -5.841662523679934e-06 5.705987684872488e-22)
(1.486384818214897e-06 -5.387311177817815e-06 1.703241215820191e-22)
(1.138397985575607e-06 -5.039403845194784e-06 4.083992955622105e-23)
(8.246181845520143e-07 -4.785296562005194e-06 9.430376776505344e-24)
(5.385189533909079e-07 -4.618310203937694e-06 2.744580564646045e-23)
(2.774042306600373e-07 -4.53380714524141e-06 3.011893524134952e-22)
(4.050831041657816e-08 -4.527243728465625e-06 2.238906847153344e-21)
(-1.718389875249977e-07 -4.593334245805731e-06 9.688389316417181e-21)
(-3.58585727395621e-07 -4.725740236339801e-06 4.692884142576448e-20)
(-5.181499350039986e-07 -4.916971541895753e-06 9.969230290045795e-21)
(-6.485472532790271e-07 -5.158357379609312e-06 2.709053483452303e-21)
(-7.475141723831352e-07 -5.440029866801959e-06 4.935872501879303e-22)
(-8.126649959384473e-07 -5.750916026100571e-06 1.054861854055276e-22)
(-8.417038735621519e-07 -6.078761211630694e-06 5.414256310558164e-23)
(-8.326956666006953e-07 -6.410218942412473e-06 6.741090389422707e-23)
(-7.843826026772806e-07 -6.731041480814715e-06 -7.760222352178372e-23)
(-6.965202483323781e-07 -7.026395155279846e-06 -1.830401547904149e-22)
(-5.701979529603145e-07 -7.281308886988511e-06 -2.071876426888207e-21)
(-4.081061374914012e-07 -7.481245696558739e-06 -1.462981304470045e-20)
(-2.147154658408779e-07 -7.612769136290838e-06 -4.560658009558019e-20)
(3.660144688526733e-09 -7.664261204349057e-06 -3.005720502762708e-18)
(2.389350915058615e-07 -7.626635071201517e-06 2.123796810007523e-20)
(4.814650346858193e-07 -7.49399173773091e-06 -6.347570096591493e-19)
(7.203973323421107e-07 -7.264140749878648e-06 -5.042290243874392e-20)
(9.441437123446604e-07 -6.93893704374008e-06 -7.733509015514073e-22)
(1.140950953840147e-06 -6.524377634321323e-06 3.89167823984301e-22)
(1.299541547769914e-06 -6.030417111791905e-06 8.136174055339992e-23)
(1.409793375104721e-06 -5.470472629562698e-06 1.38945089775914e-23)
(1.463424222703132e-06 -4.860611632841356e-06 2.960956588245074e-24)
(1.454656246923248e-06 -4.218412975553337e-06 7.145648305785097e-25)
(1.380794122840664e-06 -3.561413382689206e-06 -6.89384229308606e-26)
(1.242675665942723e-06 -2.905206240300432e-06 -1.329975816676122e-25)
(1.044964235626198e-06 -2.261238436679293e-06 -6.354756567574776e-26)
(7.96183459022019e-07 -1.634316864982418e-06 1.050174013640591e-25)
(5.07687268823517e-07 -1.018917766866257e-06 2.784572238525748e-25)
(1.873649811171777e-07 -3.864433979415246e-07 4.775317020527211e-25)
(-5.402193489424841e-07 5.233776100291992e-06 1.862815949944642e-21)
(-1.640709282600987e-06 1.222984677123895e-05 6.588128490634592e-21)
(-2.807044037465151e-06 1.70597923775731e-05 -3.30554958995507e-20)
(-4.108743850535484e-06 2.029132903020453e-05 -4.656288392488409e-20)
(-5.628060397436761e-06 2.230808210435323e-05 -4.203606686509824e-21)
(-7.457496747757288e-06 2.340122769134943e-05 4.224311586501016e-22)
(-9.684371196824401e-06 2.379513695958957e-05 -1.602226404164251e-23)
(-1.231356981482891e-05 2.362821512423563e-05 -8.93040429086917e-21)
(-1.508641383171985e-05 2.283951455482949e-05 2.549749155166364e-18)
(-1.764970635166618e-05 2.142390254837589e-05 6.897528707433737e-20)
(-1.964714014568176e-05 1.941752620351032e-05 6.082249333157909e-19)
(-2.080095906954607e-05 1.689135318457512e-05 7.146106407122843e-20)
(-2.09488138489696e-05 1.394398687443524e-05 -8.273706842401441e-20)
(-2.00501783237056e-05 1.069431517982311e-05 -9.652509405023912e-20)
(-1.817674091105512e-05 7.274048925403048e-06 -1.533714587611836e-20)
(-1.549356493013403e-05 3.820384975509344e-06 -1.289161162838242e-21)
(-1.223449132239582e-05 4.690223936345932e-07 -1.956532763796345e-21)
(-8.67446790030332e-06 -2.652210316595209e-06 -5.343897257035055e-21)
(-5.101264890635879e-06 -5.428854106931044e-06 -2.064781225663395e-21)
(-1.788608033370144e-06 -7.764282179691454e-06 2.670394749507906e-21)
(1.027963834650779e-06 -9.58315871482868e-06 5.359762748101614e-20)
(3.172310402823741e-06 -1.083443625773776e-05 -2.781908407224152e-18)
(4.546907420457155e-06 -1.14955082627338e-05 5.78660292732591e-20)
(5.151310312433334e-06 -1.158147222557688e-05 -3.305091965673719e-18)
(5.098321729898864e-06 -1.116636995479418e-05 5.386601596008215e-21)
(4.616540083364788e-06 -1.041552519264128e-05 8.247147698491832e-21)
(3.973799515842363e-06 -9.578352273820027e-06 3.913572452470232e-20)
(3.318551352112387e-06 -8.779424948335626e-06 1.265677428059315e-20)
(2.709766537929421e-06 -8.073910287907052e-06 2.563943110015281e-21)
(2.157809579735173e-06 -7.482665313879571e-06 4.14364402098449e-22)
(1.656128859014941e-06 -7.011238522670275e-06 5.669266018996655e-23)
(1.196851113215245e-06 -6.65971490812229e-06 1.447656498820482e-24)
(7.750703957833918e-07 -6.426093732769724e-06 -1.688408267012537e-23)
(3.886641665757241e-07 -6.306809788656463e-06 7.276923379101823e-23)
(3.734000345132372e-08 -6.296553965202088e-06 3.146184448947485e-21)
(-2.780267572957467e-07 -6.388169329568996e-06 7.208220264160635e-20)
(-5.557266848636071e-07 -6.572704196399805e-06 -1.882302662660905e-18)
(-7.933739278505607e-07 -6.839514311067062e-06 7.043209101592817e-20)
(-9.880096891812587e-07 -7.176335941385618e-06 2.891436167327051e-21)
(-1.136230643796448e-06 -7.569304507437733e-06 1.974081279202033e-22)
(-1.234393580222445e-06 -8.002944689797752e-06 6.656284430139963e-23)
(-1.278923222497051e-06 -8.460185599080006e-06 7.638878056127664e-23)
(-1.26672435964701e-06 -8.922463584665197e-06 -2.651305909527996e-22)
(-1.195674039051195e-06 -9.36996786174123e-06 -4.162601846052713e-21)
(-1.065149454849827e-06 -9.782065509001282e-06 -3.886321733906248e-22)
(-8.76534842161685e-07 -1.013791795909233e-05 -6.135947574983618e-22)
(-6.336473034095416e-07 -1.041727357894333e-05 -3.728565339395571e-21)
(-3.430265250863604e-07 -1.060139572176249e-05 -9.140485505605655e-21)
(-1.404469947567828e-08 -1.06740635774814e-05 5.347460882616594e-20)
(3.411911370641862e-07 -1.062257439699531e-05 -5.034587118453676e-20)
(7.081552258999479e-07 -1.043865617219013e-05 -1.477400749961964e-18)
(1.070430481911011e-06 -1.011920202183096e-05 -6.277690676474565e-20)
(1.410424150993924e-06 -9.666749244999565e-06 7.658379492140002e-22)
(1.710234906092661e-06 -9.089630080948673e-06 6.09848898331171e-22)
(1.952631529266759e-06 -8.401728710000222e-06 9.807674597712536e-23)
(2.122089154253225e-06 -7.621801649758918e-06 1.23759774798718e-23)
(2.205831938383116e-06 -6.772331005265239e-06 1.465773032513032e-24)
(2.194828904779518e-06 -5.877879876810786e-06 1.799025505915111e-25)
(2.084654571180965e-06 -4.962867268255107e-06 2.231846646464042e-27)
(1.876137735079249e-06 -4.048767913751453e-06 -1.741615988857622e-26)
(1.575678068934305e-06 -3.150676097441103e-06 -1.415535516659958e-26)
(1.195015805005367e-06 -2.27307197275177e-06 -3.211016363341929e-27)
(7.50070648423409e-07 -1.404266736723084e-06 9.365994060328825e-27)
(2.580648624497177e-07 -5.067546601854149e-07 2.115329853325169e-26)
(-6.398872319422441e-07 6.153979294584722e-06 2.771606283001277e-21)
(-1.95082597363597e-06 1.435354404312472e-05 -3.147234005828358e-20)
(-3.354744754129144e-06 1.998969260121573e-05 2.034738133588033e-18)
(-4.923586654308459e-06 2.372352892508409e-05 -6.451288414684273e-19)
(-6.72550695303073e-06 2.598419695064302e-05 -6.401863050312218e-20)
(-8.813562788152762e-06 2.708395026089494e-05 -3.875564386809812e-21)
(-1.120223381085965e-05 2.725549295020009e-05 -6.363892338872689e-22)
(-1.38236135939912e-05 2.666422657024783e-05 -7.922744288585101e-22)
(-1.648016622255409e-05 2.540502089265831e-05 -1.400473891306222e-20)
(-1.889609961448855e-05 2.35684629528235e-05 1.015981689734287e-20)
(-2.077732350542604e-05 2.124057822914908e-05 9.875442147844842e-20)
(-2.187199003199792e-05 1.850275457705285e-05 -7.068929888898131e-20)
(-2.201568958662328e-05 1.543848833612891e-05 -2.044956640165353e-18)
(-2.11520541939007e-05 1.213884397173546e-05 -6.736480341334687e-19)
(-1.933249712112763e-05 8.703860662686615e-06 -9.402308289791393e-20)
(-1.670203070830044e-05 5.240596980278251e-06 -7.573601931448145e-21)
(-1.347674457772858e-05 1.859180177519765e-06 -6.027454126045651e-22)
(-9.916997550670111e-06 -1.332061561347322e-06 -6.597463544313131e-22)
(-6.299364343145906e-06 -4.231647602622509e-06 -4.843978885144479e-22)
(-2.88957017456886e-06 -6.749707587414781e-06 -1.263826034468151e-24)
(8.213293727814611e-08 -8.812259015972702e-06 5.065928775935296e-21)
(2.442439311666758e-06 -1.036530257491263e-05 4.472405410534179e-20)
(4.092878130328137e-06 -1.137985367502883e-05 6.912986610144598e-21)
(5.022802412375565e-06 -1.185992779572731e-05 4.371246938443682e-21)
(5.313384286675642e-06 -1.185470778402795e-05 -1.749308828887645e-21)
(5.123116613575836e-06 -1.146938114974768e-05 -1.79567485710203e-20)
(4.640618261923031e-06 -1.085502144132543e-05 -3.173287509657386e-18)
(4.018308116165558e-06 -1.014349192024347e-05 3.894437004082857e-20)
(3.355027591826906e-06 -9.434239737868885e-06 6.642104388910631e-21)
(2.702576156288385e-06 -8.793060781979922e-06 9.17547502440114e-22)
(2.082675302839288e-06 -8.258090094111345e-06 1.063003626082656e-22)
(1.502557135124588e-06 -7.848608738611354e-06 -9.160718156211955e-24)
(9.643094502906954e-07 -7.572213824772953e-06 -4.647926311628074e-23)
(4.689304284713524e-07 -7.429215991727528e-06 1.498124899155506e-22)
(1.763380507759094e-08 -7.41505124683922e-06 -5.261487465625882e-22)
(-3.878354714896472e-07 -7.521647642665108e-06 -6.14447372303125e-20)
(-7.451157503221085e-07 -7.738269732169949e-06 2.805140498736575e-18)
(-1.051171467422469e-06 -8.052038918190431e-06 -5.426444755245146e-20)
(-1.302270983132914e-06 -8.448207525921453e-06 -4.012752866403264e-21)
(-1.494057044806626e-06 -8.910252052251461e-06 -1.384318424920024e-22)
(-1.621761735742452e-06 -9.419869055030724e-06 7.035478614347936e-23)
(-1.680591582490783e-06 -9.956971149105778e-06 -2.569737059030465e-22)
(-1.66627501219064e-06 -1.049977821471551e-05 -8.367875742678743e-21)
(-1.575731050294923e-06 -1.102507902666933e-05 -9.025704324870733e-20)
(-1.407793131842465e-06 -1.150871074951428e-05 -8.425531523860017e-21)
(-1.163907239813211e-06 -1.192627033799395e-05 -7.009046955123507e-22)
(-8.487211600330738e-07 -1.225403797443757e-05 -1.812240398567783e-21)
(-4.704900486421013e-07 -1.247006267029874e-05 -6.599770307108142e-22)
(-4.123991146297822e-08 -1.255533638529899e-05 6.092779107480517e-20)
(4.233473072695788e-07 -1.249496973621022e-05 -3.297237447130646e-18)
(9.043408585330257e-07 -1.227925819536702e-05 3.550140937379141e-20)
(1.380249440182204e-06 -1.190454632732721e-05 1.960934972518114e-20)
(1.827959803333635e-06 -1.137379108201875e-05 3.589576697393026e-21)
(2.223876835072414e-06 -1.069674246712959e-05 4.673100221272265e-22)
(2.545213583182455e-06 -9.889659227779041e-06 5.21391029680395e-23)
(2.771354723848322e-06 -8.974512794245569e-06 5.490674281025905e-24)
(2.885228546291481e-06 -7.977629204449985e-06 5.693460854211431e-25)
(2.874609413975812e-06 -6.92772680014643e-06 5.461306442551253e-26)
(2.73325129683229e-06 -5.853286006741619e-06 1.014788071797217e-27)
(2.46174621046976e-06 -4.779206277218508e-06 -2.962406703845235e-27)
(2.067972427109883e-06 -3.722674196256605e-06 -2.384181906639051e-27)
(1.566982788464913e-06 -2.688104359587309e-06 -1.451420321587128e-27)
(9.802620055740638e-07 -1.660975895848298e-06 -3.931786025024678e-28)
(3.336097538083021e-07 -5.985198236829964e-07 6.199431866051081e-28)
(-6.781271643822645e-07 6.363890801708988e-06 7.952327066617889e-22)
(-2.076946671980551e-06 1.484651746120821e-05 -5.601018574339846e-21)
(-3.596903913243108e-06 2.066698316502413e-05 -1.61096592896328e-19)
(-5.310613343793846e-06 2.449993076565973e-05 2.27098488095361e-18)
(-7.268762749845434e-06 2.677897123413292e-05 -1.321642179476774e-19)
(-9.488881292502721e-06 2.781875951934909e-05 -1.155259773856979e-20)
(-1.193873763192903e-05 2.785861588058217e-05 -9.372852613454979e-22)
(-1.451709319113051e-05 2.708603788557484e-05 -1.073018460683842e-21)
(-1.704534929966757e-05 2.564925260348846e-05 -5.384540551547794e-21)
(-1.929441450869776e-05 2.367749971119229e-05 3.439098312123033e-20)
(-2.102339501509551e-05 2.128331956198493e-05 1.037723799031984e-18)
(-2.202062087437728e-05 1.856056705685713e-05 1.955294658321121e-20)
(-2.214013215505115e-05 1.558917854520107e-05 -1.236167020308264e-19)
(-2.132462387349223e-05 1.244349722775116e-05 -1.061775002906281e-19)
(-1.961154980719863e-05 9.199079939359485e-06 -1.658715039761954e-20)
(-1.712477544188842e-05 5.936024520348214e-06 -6.81532756561521e-22)
(-1.405628916624209e-05 2.738984380448275e-06 1.030212114879728e-21)
(-1.064228189113776e-05 -3.051657195273253e-07 2.86249532956597e-21)
(-7.137046893632799e-06 -3.111021801611817e-06 7.758678099151409e-22)
(-3.787245395304008e-06 -5.598940930914668e-06 -1.080830251513472e-21)
(-8.083216171178489e-07 -7.699526559547167e-06 -1.31174186453215e-20)
(1.635598606851635e-06 -9.358385563539538e-06 -1.033798071476199e-19)
(3.446953656739671e-06 -1.054178285110445e-05 -1.366328974510528e-20)
(4.603080451709039e-06 -1.124390333488061e-05 -7.205007166943752e-21)
(5.15452575069279e-06 -1.149502526989884e-05 -5.318308520871994e-20)
(5.20988221061562e-06 -1.136608280267104e-05 -4.542588608103651e-19)
(4.906984142625544e-06 -1.096054261567393e-05 -1.533218831236507e-20)
(4.378942595238602e-06 -1.038987115858383e-05 7.493717934359661e-21)
(3.733424299061041e-06 -9.756939685878893e-06 2.079056918409327e-21)
(3.045169837730301e-06 -9.144442519204432e-06 3.581682781128857e-22)
(2.359434084189636e-06 -8.610342063769712e-06 4.264874354272463e-23)
(1.700787021859454e-06 -8.189919363025839e-06 -1.551210043263541e-23)
(1.081781677289572e-06 -7.900966830306057e-06 1.114755542560267e-22)
(5.089514004915675e-07 -7.749068738764284e-06 1.929891320156537e-21)
(-1.382078925252477e-08 -7.731691057161118e-06 -7.645616294118991e-21)
(-4.835910396183045e-07 -7.840984458285785e-06 2.429404024032591e-18)
(-8.974640122742165e-07 -8.065579308783261e-06 -1.382362231728486e-18)
(-1.252081344279275e-06 -8.391649232692517e-06 -5.790239319781193e-20)
(-1.543339695590513e-06 -8.803451487785895e-06 -7.171660616644367e-22)
(-1.766327919883707e-06 -9.283521504225775e-06 2.715022676828182e-22)
(-1.915508334971458e-06 -9.812682273676243e-06 -1.643758029614911e-23)
(-1.985150884438762e-06 -1.037001681243035e-05 -4.133084773163998e-21)
(-1.969993762327739e-06 -1.093293015406397e-05 -9.024250468022986e-20)
(-1.866066935413699e-06 -1.147739107649603e-05 -1.564903274297731e-18)
(-1.671589040052159e-06 -1.197840786482324e-05 -9.034316250231155e-20)
(-1.387833997557476e-06 -1.241075192878012e-05 -4.720158439816296e-21)
(-1.01986414662112e-06 -1.274990656125125e-05 -5.46904125315271e-22)
(-5.770391311870921e-07 -1.297318676667754e-05 5.158240635851075e-20)
(-7.323114841134917e-08 -1.306095458974326e-05 7.995936991251572e-19)
(4.732964796403923e-07 -1.299782935650778e-05 5.74260954513113e-20)
(1.04036153002028e-06 -1.277379077830633e-05 1.98158212532973e-20)
(1.60267197396027e-06 -1.23850707828394e-05 5.228134224678991e-21)
(2.132933707763626e-06 -1.183473436542661e-05 8.402936117739827e-22)
(2.603200235169485e-06 -1.113286204120433e-05 1.016789112283615e-22)
(2.98639716245306e-06 -1.029625181137809e-05 1.083704723757559e-23)
(3.257933568107801e-06 -9.347589475836677e-06 1.199456419672269e-24)
(3.397320808029916e-06 -8.314033442562022e-06 1.512456008862534e-25)
(3.389705164520435e-06 -7.225169050512764e-06 1.955707825721254e-26)
(3.227212179120371e-06 -6.110280910641679e-06 1.780913420003829e-27)
(2.909985734218367e-06 -4.994874756053102e-06 -2.276711648997376e-28)
(2.446799925699163e-06 -3.896354167465515e-06 -3.064646692999229e-28)
(1.855123168002749e-06 -2.818703472009837e-06 -2.28758189052904e-28)
(1.160567599362092e-06 -1.746024723866678e-06 -1.262317996657136e-28)
(3.942408894289789e-07 -6.323884890644619e-07 -1.298208855251311e-29)
(-6.471102547116062e-07 5.86159274154098e-06 -3.35628680137678e-23)
(-1.993282073164352e-06 1.368282485840304e-05 -9.752447216457378e-21)
(-3.483186058220351e-06 1.904588028111935e-05 -2.013790077847037e-19)
(-5.187288266151648e-06 2.256579905508815e-05 -3.212247224001782e-18)
(-7.138910868824226e-06 2.463809913286295e-05 -2.043271978338346e-19)
(-9.327452527302035e-06 2.555167840729775e-05 -1.136113890796527e-20)
(-1.169175588280891e-05 2.553020566737393e-05 -4.058468352473413e-22)
(-1.411635585264748e-05 2.475584843300918e-05 -4.625832600534287e-21)
(-1.643688509638842e-05 2.338166968500911e-05 -9.418661991328215e-20)
(-1.846009413660529e-05 2.154018107039697e-05 -4.632337977845267e-21)
(-1.99906726879983e-05 1.934513263774241e-05 2.179785650733452e-20)
(-2.085920161465967e-05 1.688980450158858e-05 -3.43731870534494e-20)
(-2.094774789095522e-05 1.424870087557168e-05 -1.60164790883768e-19)
(-2.020831790043543e-05 1.148371774997237e-05 -4.235889360669466e-20)
(-1.867033699408187e-05 8.65169897257918e-06 -5.084266956800863e-21)
(-1.643656775381091e-05 5.810340767497743e-06 6.711059391180603e-22)
(-1.366966940431264e-05 3.021198640095119e-06 4.820036967731291e-21)
(-1.057267631890825e-05 3.498322230570351e-07 1.184427818952438e-20)
(-7.366582125317104e-06 -2.136195824852232e-06 4.255605861383382e-21)
(-4.267657115159017e-06 -4.370693949011604e-06 -6.424851223050002e-21)
(-1.466559214608311e-06 -6.293076961268835e-06 -1.083728365765556e-19)
(8.890414941744272e-07 -7.853326580949289e-06 1.689793839560018e-18)
(2.706663827656687e-06 -9.017793424228281e-06 -1.12981625618855e-19)
(3.954348697604126e-06 -9.775661625981494e-06 -2.23257345956967e-20)
(4.65771411198426e-06 -1.01447059977001e-05 6.41865208838803e-20)
(4.888483151505523e-06 -1.01732000487647e-05 -1.879743588946249e-18)
(4.746464083061942e-06 -9.93447136948605e-06 7.529032698959002e-20)
(4.33937771262878e-06 -9.51525059534903e-06 4.52590094118733e-21)
(3.766453249038566e-06 -9.003949510166722e-06 5.167800743469689e-22)
(3.107936804215344e-06 -8.479669708296887e-06 8.428229138968988e-23)
(2.421540148593818e-06 -8.004405751969716e-06 7.872584756311151e-24)
(1.744716358514638e-06 -7.620343261990946e-06 -1.769532186615116e-23)
(1.099840595605557e-06 -7.351553195359046e-06 -1.175749364220419e-24)
(4.995511581100875e-07 -7.20790795586681e-06 8.017622409336913e-22)
(-4.910951320694643e-08 -7.189293137023879e-06 7.031940475264125e-21)
(-5.419144862334364e-07 -7.289088138221281e-06 1.195159343993506e-20)
(-9.756859822537042e-07 -7.496619813701947e-06 1.987147309708928e-20)
(-1.347189615034326e-06 -7.798669170545848e-06 1.909685832641466e-20)
(-1.652489574138388e-06 -8.180247001811792e-06 3.543411911629366e-21)
(-1.886691274717524e-06 -8.624882088347722e-06 5.120160510243285e-22)
(-2.044049022691813e-06 -9.114647763604211e-06 1.135456785376194e-22)
(-2.118411952425686e-06 -9.630115474283402e-06 -2.643245051911234e-22)
(-2.103952760171583e-06 -1.015038192749961e-05 -8.345987049706799e-21)
(-1.996090744194262e-06 -1.065326541637704e-05 -9.024872141345988e-20)
(-1.792499624104701e-06 -1.111572600460487e-05 -8.417956217480354e-21)
(-1.494080560766929e-06 -1.151452130538776e-05 -5.906738335882546e-22)
(-1.105785549870321e-06 -1.182707473000198e-05 -1.405677484689105e-21)
(-6.371924879977099e-07 -1.203250504255328e-05 -2.941808465332104e-22)
(-1.027577692643087e-07 -1.211274309144547e-05 5.151106531079561e-20)
(4.782989233125261e-07 -1.205364446147132e-05 9.278408064254911e-23)
(1.082490633541621e-06 -1.184600429711869e-05 8.757496379336558e-22)
(1.682923968637524e-06 -1.148637589698954e-05 3.071029747324686e-22)
(2.250481640067321e-06 -1.097760238773769e-05 4.171123877743262e-23)
(2.75526678797898e-06 -1.032897795565915e-05 4.139334061938232e-24)
(3.16822936246219e-06 -9.555968121085535e-06 9.422242619512682e-25)
(3.462885160825362e-06 -8.679437987016815e-06 3.320960901115627e-25)
(3.617038010645009e-06 -7.724341377874071e-06 9.142494123974452e-26)
(3.614407861677899e-06 -6.717830269402543e-06 1.961001422530565e-26)
(3.446065366237861e-06 -5.686736615795893e-06 3.478496272492424e-27)
(3.111567346978511e-06 -4.654357654501054e-06 5.224950742222708e-28)
(2.619682991069662e-06 -3.636429332731696e-06 5.31008967416725e-29)
(1.988590758797209e-06 -2.636114786264349e-06 -1.307465384488278e-29)
(1.24541632494932e-06 -1.637769028554133e-06 -1.456743651585242e-29)
(4.229504781254898e-07 -5.96639276660314e-07 -3.88905990097313e-30)
(-5.430017728561519e-07 4.719783035769289e-06 1.494309755908594e-21)
(-1.684782969372123e-06 1.101889647306658e-05 1.373642509949874e-20)
(-2.977994730508395e-06 1.533620443775353e-05 1.218262238376119e-19)
(-4.486221222991908e-06 1.816444215568293e-05 1.008082467925717e-18)
(-6.227557663188339e-06 1.982100588421819e-05 1.212306556764161e-19)
(-8.173640422519043e-06 2.053899072761156e-05 1.363322141588874e-20)
(-1.025140735549067e-05 2.050052242622089e-05 2.121672026108943e-21)
(-1.234802741499619e-05 1.985607522187946e-05 2.982940228357911e-21)
(-1.432098348209086e-05 1.873423381306902e-05 1.288911708037785e-20)
(-1.601411017091575e-05 1.724644515767575e-05 -1.095970355710984e-20)
(-1.727646326886e-05 1.548802372490325e-05 -1.004496316370813e-19)
(-1.798097686075799e-05 1.353714401819894e-05 -1.522118576001056e-20)
(-1.804095764656143e-05 1.145519886078727e-05 -1.736348714085141e-20)
(-1.74223334591171e-05 9.29036004538317e-06 -1.570976799411137e-21)
(-1.614939163523945e-05 7.083370335335057e-06 8.973119222202214e-22)
(-1.43028295383357e-05 4.87332455540888e-06 1.181031882045691e-21)
(-1.201066216148966e-05 2.701683772517936e-06 -3.469880278832241e-21)
(-9.433847745088256e-06 6.138800538748289e-07 -1.211452640557887e-19)
(-6.748959909973554e-06 -1.341312018766157e-06 -3.880278271153383e-21)
(-4.130182459955107e-06 -3.114092325124784e-06 -2.385821354316678e-21)
(-1.732629362506287e-06 -4.657156785569262e-06 -2.314846411094254e-20)
(3.21296079731654e-07 -5.930130271181123e-06 -1.351961288597543e-19)
(1.951054975421061e-06 -6.904646787320168e-06 -4.399443353030428e-20)
(3.121603168716714e-06 -7.569459832620137e-06 3.224697860037097e-18)
(3.841154739124379e-06 -7.93427595211795e-06 -9.628074677128559e-21)
(4.153697122149516e-06 -8.03053784739511e-06 7.009261554175393e-20)
(4.127817621547001e-06 -7.908102637786988e-06 1.241660259281707e-20)
(3.84409908012499e-06 -7.628852584945218e-06 1.672740265089705e-21)
(3.383484812981195e-06 -7.259238012080659e-06 2.281460294375808e-22)
(2.818056493186688e-06 -6.862424397705512e-06 3.099726343138678e-23)
(2.205432343555864e-06 -6.491429316011414e-06 1.785814098949674e-24)
(1.587247791790122e-06 -6.185045355892134e-06 -1.029561734927228e-23)
(9.908830342316485e-07 -5.967222797509668e-06 -4.482371286458882e-23)
(4.328328759612039e-07 -5.849107023467824e-06 -1.538384256221604e-22)
(-7.769937007239946e-08 -5.832274642058222e-06 -1.088593811425135e-21)
(-5.357555376519401e-07 -5.911927493743203e-06 -3.012684468581833e-20)
(-9.383367488917621e-07 -6.079375241777301e-06 2.409708712040439e-18)
(-1.282827767421752e-06 -6.323638404404563e-06 -3.186598972593415e-20)
(-1.566028177826505e-06 -6.632295472924787e-06 -1.414146486919639e-21)
(-1.783708873635782e-06 -6.991806490648164e-06 -6.198675808496587e-23)
(-1.930630603845648e-06 -7.387551235598809e-06 2.530912148152794e-23)
(-2.000956727252049e-06 -7.803776852553877e-06 7.115266819471343e-23)
(-1.988974183504124e-06 -8.223597440055672e-06 -2.740912668987297e-22)
(-1.890015811115706e-06 -8.629132866554146e-06 -4.144887840773199e-21)
(-1.701466107637516e-06 -9.001833741174425e-06 -2.816620723357741e-22)
(-1.423729372076587e-06 -9.32300118870028e-06 -3.459122064879535e-23)
(-1.061048007090391e-06 -9.574481116786425e-06 -4.887907425369237e-22)
(-6.220766553117997e-07 -9.739490465182936e-06 -1.669293485872432e-21)
(-1.201421363433231e-07 -9.803512423232821e-06 -1.459078795404969e-21)
(4.268521086009e-07 -9.755191107220507e-06 -4.16737855326591e-21)
(9.968882496712598e-07 -9.587145967641648e-06 -3.005508222984459e-21)
(1.564646137438598e-06 -9.296627774310726e-06 -1.047392633301806e-21)
(2.102622390016181e-06 -8.885943109482688e-06 -2.295762991915075e-22)
(2.582498951483967e-06 -8.362578814599913e-06 -3.419462482190463e-23)
(2.976680063531117e-06 -7.738972862372665e-06 -2.962487786479545e-24)
(3.259915222383804e-06 -7.031888595151786e-06 1.200884354682462e-25)
(3.410920176151119e-06 -6.261356394477867e-06 1.140526477368366e-25)
(3.413906821322747e-06 -5.449150435100935e-06 2.965107918184455e-26)
(3.259934999420584e-06 -4.616759934261065e-06 5.728409721396394e-27)
(2.948001292928885e-06 -3.782793961563296e-06 9.52280634034705e-28)
(2.485773897829922e-06 -2.959709992838254e-06 1.441139412519107e-28)
(1.88986279521736e-06 -2.149687316249172e-06 1.943374750523573e-29)
(1.185454658066522e-06 -1.33934892369565e-06 1.691979377002506e-30)
(4.025527865833675e-07 -4.906540405771398e-07 4.652986592507508e-32)
(-3.679115944351698e-07 3.068417478873688e-06 1.167878562381202e-21)
(-1.153486773724458e-06 7.154486534012832e-06 1.215601688652813e-20)
(-2.071881529246491e-06 9.95249406550696e-06 1.431468535900732e-19)
(-3.172053303523992e-06 1.178315852675554e-05 -4.262222945538754e-18)
(-4.46016717295817e-06 1.285248062989812e-05 1.431335629159113e-19)
(-5.903483369778043e-06 1.331200337072657e-05 1.21057387892585e-20)
(-7.436477546715267e-06 1.328054506393155e-05 1.229788732160906e-21)
(-8.968636300900681e-06 1.285679224502902e-05 7.365499655142148e-21)
(-1.039416255614427e-05 1.212557926664982e-05 2.545608427993126e-19)
(-1.16034258226469e-05 1.116054634027388e-05 4.316369304846177e-21)
(-1.249488292932605e-05 1.00246144263314e-05 -1.919526880402701e-20)
(-1.298606984089304e-05 8.7694592557086e-06 1.511930728666385e-20)
(-1.302273083275945e-05 7.435517792169031e-06 4.938434292036349e-20)
(-1.258536258947132e-05 6.053731375218856e-06 1.872909636613942e-20)
(-1.169230440697076e-05 4.648968443185346e-06 3.241409651128139e-21)
(-1.039864114665097e-05 3.243989392920344e-06 -1.462323016473774e-20)
(-8.79081381378996e-06 1.862645485323412e-06 -2.260278942440486e-19)
(-6.977659094236082e-06 5.315698121503842e-07 3.284134748562406e-18)
(-5.079172242866302e-06 -7.197650295530985e-07 -2.261935472047915e-19)
(-3.214535335598631e-06 -1.860362367277365e-06 -1.615494480908845e-20)
(-1.490933505180858e-06 -2.860050490941326e-06 -5.785310990786668e-21)
(5.522119471326054e-09 -3.692568844142164e-06 -1.979719807904171e-20)
(1.215790655589659e-06 -4.339036359867062e-06 -4.755234160321898e-20)
(2.110315383148354e-06 -4.791214092628691e-06 -2.620094317795537e-19)
(2.687904170098733e-06 -5.053707670801605e-06 -4.375945148218457e-20)
(2.971618426861203e-06 -5.144297780550655e-06 -8.173029108114966e-19)
(3.002551450111102e-06 -5.092157861368994e-06 -2.569677007926831e-22)
(2.832597177161483e-06 -4.934486467492432e-06 3.612503861297617e-21)
(2.51727955234536e-06 -4.712340235263443e-06 4.926859259980155e-22)
(2.109398404988284e-06 -4.466047203543545e-06 5.081480841037859e-23)
(1.654221084506545e-06 -4.230814496120321e-06 3.967489804037035e-24)
(1.18684634452048e-06 -4.033558493649894e-06 -3.566282469732402e-24)
(7.318520281163719e-07 -3.891717943499255e-06 -2.33784284127473e-23)
(3.04700015877203e-07 -3.813984077595859e-06 -9.636734265853945e-23)
(-8.594618432445017e-08 -3.802200755468146e-06 1.302884106947265e-21)
(-4.35753517912744e-07 -3.853540468204322e-06 5.625219605345643e-20)
(-7.42579596453379e-07 -3.962331533517911e-06 -2.004155226524633e-18)
(-1.004868808411186e-06 -4.12128894347781e-06 5.612988237311762e-20)
(-1.220622544386557e-06 -4.32218015046081e-06 1.370043271575793e-21)
(-1.386900815616196e-06 -4.5560847207511e-06 -4.527377145103526e-23)
(-1.499780292375818e-06 -4.813428515370211e-06 -1.60391240981643e-24)
(-1.554680035686148e-06 -5.083941976396209e-06 1.853593018491127e-23)
(-1.546958204076904e-06 -5.356648306942941e-06 4.392149688337926e-23)
(-1.472676803731957e-06 -5.619943661771989e-06 -7.330464348481665e-23)
(-1.329431421089608e-06 -5.861801174272233e-06 3.895075776425794e-23)
(-1.11714605855644e-06 -6.070103916403749e-06 -1.694657394948144e-23)
(-8.387434667464673e-07 -6.233092808919532e-06 -2.257630629385013e-22)
(-5.006170837116696e-07 -6.339900310332533e-06 -1.201228418310411e-21)
(-1.128506037631808e-07 -6.381129545606737e-06 -4.680936048875213e-21)
(3.108458473478811e-07 -6.349433863098554e-06 -1.218371951857123e-20)
(7.534906527191217e-07 -6.240043627562847e-06 -1.194010355484745e-20)
(1.195462111600347e-06 -6.051190037791791e-06 -4.12985714270371e-21)
(1.615371348981029e-06 -5.784378573769065e-06 -8.776678601432944e-22)
(1.991130278289691e-06 -5.444467254188911e-06 -1.337409796542563e-22)
(2.301148595405204e-06 -5.039516305093707e-06 -1.486754835366494e-23)
(2.525595533047105e-06 -4.580380692206126e-06 -9.77929595847786e-25)
(2.647656263590065e-06 -4.080023095704658e-06 4.827456178793395e-26)
(2.654715421266871e-06 -3.552526276633908e-06 3.065623027022315e-26)
(2.539404852521052e-06 -3.011777653852475e-06 6.795747872196116e-27)
(2.300457413388201e-06 -2.469781838591867e-06 1.158766730122219e-27)
(1.943305549001809e-06 -1.934524086830668e-06 1.733931919214081e-28)
(1.480336481509857e-06 -1.407244704432426e-06 2.403978126682504e-29)
(9.306231017074985e-07 -8.788797853072155e-07 3.180497781502557e-30)
(3.158438654489535e-07 -3.236708096818262e-07 3.786414914942355e-31)
(-1.333890408926341e-07 1.054261299341655e-06 6.742162097997286e-22)
(-4.279999072918407e-07 2.465951905975807e-06 6.979161461279946e-21)
(-7.942241446118672e-07 3.434345937030833e-06 5.482558075273299e-20)
(-1.253922929825117e-06 4.067832400621915e-06 3.075024054512754e-19)
(-1.806217433531279e-06 4.437693941968055e-06 5.484444685783409e-20)
(-2.431376005686443e-06 4.596499166310006e-06 7.112536311890805e-21)
(-3.095579340103502e-06 4.585493441194789e-06 3.062441887815705e-21)
(-3.755910725792774e-06 4.438964933360157e-06 4.104782878716247e-20)
(-4.365363221382756e-06 4.186427153505048e-06 7.037643408679187e-19)
(-4.877745428357415e-06 3.853504845822758e-06 3.240105551565295e-20)
(-5.252190115876028e-06 3.462082476092553e-06 -5.842395235257199e-20)
(-5.456923079931106e-06 3.03014651848539e-06 -2.340236183846218e-21)
(-5.472090238252923e-06 2.571774759270343e-06 1.53704563650183e-20)
(-5.291595255291388e-06 2.097659621627993e-06 6.317489397666336e-21)
(-4.923874450311633e-06 1.616219145635686e-06 6.890446345379818e-22)
(-4.39141999938452e-06 1.134972540643741e-06 -1.012934580468116e-20)
(-3.728879297985052e-06 6.617251126543274e-07 -1.40451677568905e-19)
(-2.979791820798992e-06 2.05255238234806e-07 3.677462641596335e-18)
(-2.192328162823232e-06 -2.24585943399652e-07 -1.404860773731045e-19)
(-1.414622609681514e-06 -6.17295266263138e-07 -1.020693622667572e-20)
(-6.903652634508012e-07 -9.625388558390951e-07 -4.748547925719137e-22)
(-5.523777448293576e-08 -1.251251165179385e-06 -5.061376182095988e-22)
(4.654330673349799e-07 -1.47685578226112e-06 -6.590815430995505e-21)
(8.576765386113152e-07 -1.636377300213597e-06 -3.618503669123212e-20)
(1.118622556561246e-06 -1.731158019905579e-06 -1.452539900036154e-21)
(1.255202863452085e-06 -1.766953853459051e-06 -2.797815682081672e-21)
(1.282088047003572e-06 -1.753372780916523e-06 5.590420809789933e-21)
(1.219191126895455e-06 -1.702811262346138e-06 1.095267492170488e-21)
(1.08904572630839e-06 -1.629107768990327e-06 1.406380589210087e-22)
(9.14268546621191e-07 -1.546040796316061e-06 1.491040360168388e-23)
(7.153256681381368e-07 -1.465845882067231e-06 1.293792684944857e-24)
(5.089073806743437e-07 -1.39806769803998e-06 -1.409604066685575e-25)
(3.071764297799743e-07 -1.349034823086909e-06 5.027366204107577e-24)
(1.17927880977618e-07 -1.322005656697047e-06 1.558177159389266e-22)
(-5.456970976778835e-08 -1.317774802161504e-06 3.034367202866286e-21)
(-2.084192949249476e-07 -1.335429997767875e-06 4.61150231394319e-20)
(-3.42962126258212e-07 -1.373015588451417e-06 4.970588216461824e-19)
(-4.578750100861374e-07 -1.427990796496441e-06 4.614388870754528e-20)
(-5.525773386345727e-07 -1.497481679225006e-06 3.049918137076452e-21)
(-6.259412225264336e-07 -1.578381471980487e-06 1.673550772480356e-22)
(-6.76257162339944e-07 -1.667365229141861e-06 9.23692323367174e-24)
(-7.013956044879489e-07 -1.760874769924042e-06 3.355982255803835e-24)
(-6.991047544905107e-07 -1.855112981539965e-06 8.939436267524418e-24)
(-6.673880879363384e-07 -1.946070009103344e-06 1.144842303683471e-23)
(-6.049095620920628e-07 -2.029592626969108e-06 5.728189473906505e-24)
(-5.113788441942109e-07 -2.101498508302088e-06 -2.649975089645177e-23)
(-3.878750979858505e-07 -2.157730514560789e-06 -2.395182937723429e-22)
(-2.370756680736318e-07 -2.194540055805102e-06 -1.61611969033468e-21)
(-6.336579203171768e-08 -2.20868683962233e-06 -8.202590532136823e-21)
(1.271842934774182e-07 -2.197638838457807e-06 -2.606069024202969e-20)
(3.269776576382598e-07 -2.159753699880235e-06 5.942993521316328e-18)
(5.271767835920548e-07 -2.094424598758887e-06 -8.121251717699863e-21)
(7.181008182799691e-07 -2.002174050288896e-06 -1.571558158804526e-21)
(8.897113212289268e-07 -1.884680333456615e-06 -2.25622439235108e-22)
(1.032156050928459e-06 -1.744725022736159e-06 -2.543664944139413e-23)
(1.136340470560271e-06 -1.586051765583066e-06 -2.188323094575756e-24)
(1.194494820862604e-06 -1.413128639971012e-06 -1.080420786183959e-25)
(1.200706953970437e-06 -1.230806723141184e-06 7.513472314353872e-27)
(1.151395148772227e-06 -1.043865270938826e-06 3.173582305226417e-27)
(1.045699177593291e-06 -8.564267712948782e-07 5.999494569666317e-28)
(8.857686752345231e-07 -6.712148487125725e-07 9.04775682984407e-29)
(6.769011538867737e-07 -4.886027776440551e-07 1.221189850178043e-29)
(4.273652120098323e-07 -3.053693515494584e-07 1.557914336094886e-30)
(1.447759085464965e-07 -1.125628933626601e-07 1.743191987270122e-31)
)
;

boundaryField
{
    inletLower
    {
        type            fixedValue;
        value           uniform (0.1 0 0);
    }
    inletUpper
    {
        type            fixedValue;
        value           uniform (0.1 0 0);
    }
    outletLower
    {
        type            zeroGradient;
    }
    outletUpper
    {
        type            zeroGradient;
    }
    sideWalls
    {
        type            fixedValue;
        value           uniform (0 0 0);
    }
    topBottomWalls
    {
        type            fixedValue;
        value           uniform (0 0 0);
    }
    frontAndBack
    {
        type            symmetry;
    }
}


// ************************************************************************* //
