cell_id,cx,cy,cz,lambda,chi,sigma,is_interface,surface_x,surface_y,surface_z,normal_x,normal_y,normal_z,interpolation_coefficient
0,0.001,0.001,0.001,1,1,-0.016,0,0,0,0,0,0,0,0
1,0.003,0.001,0.001,1,1,-0.016,0,0,0,0,0,0,0,0
2,0.005,0.001,0.001,1,1,-0.016,0,0,0,0,0,0,0,0
3,0.007,0.001,0.001,1,1,-0.016,0,0,0,0,0,0,0,0
4,0.009,0.001,0.001,1,1,-0.016,0,0,0,0,0,0,0,0
5,0.011,0.001,0.001,1,1,-0.016,0,0,0,0,0,0,0,0
6,0.013,0.001,0.001,1,1,-0.016,0,0,0,0,0,0,0,0
7,0.015,0.001,0.001,1,1,-0.016,0,0,0,0,0,0,0,0
8,0.017,0.001,0.001,1,1,-0.016,0,0,0,0,0,0,0,0
9,0.019,0.001,0.001,1,1,-0.014,0,0,0,0,0,0,0,0
10,0.021,0.001,0.001,1,1,-0.012,0,0,0,0,0,0,0,0
11,0.023,0.001,0.001,1,1,-0.01,0,0,0,0,0,0,0,0
12,0.025,0.001,0.001,1,1,-0.008,0,0,0,0,0,0,0,0
13,0.027,0.001,0.001,1,1,-0.006,0,0,0,0,0,0,0,0
14,0.029,0.001,0.001,1,1,-0.004,0,0,0,0,0,0,0,0
15,0.031,0.001,0.001,1,1,-0.002,1,0,0,0,0,0,0,0.666667
16,0.033,0.001,0.001,0.208609,1,0.002,1,0,0,0,0,0,0,0.666667
17,0.035,0.001,0.001,0,0,0.004,0,0,0,0,0,0,0,0
18,0.037,0.001,0.001,0,0,0.006,0,0,0,0,0,0,0,0
19,0.039,0.001,0.001,0,0,0.008,0,0,0,0,0,0,0,0
20,0.041,0.001,0.001,0,0,0.01,0,0,0,0,0,0,0,0
21,0.043,0.001,0.001,0,0,0.012,0,0,0,0,0,0,0,0
22,0.045,0.001,0.001,0,0,0.014,0,0,0,0,0,0,0,0
23,0.047,0.001,0.001,0,0,0.016,0,0,0,0,0,0,0,0
24,0.049,0.001,0.001,0,0,0.016,0,0,0,0,0,0,0,0
25,0.051,0.001,0.001,0,0,0.016,0,0,0,0,0,0,0,0
26,0.053,0.001,0.001,0,0,0.016,0,0,0,0,0,0,0,0
27,0.055,0.001,0.001,0,0,0.016,0,0,0,0,0,0,0,0
28,0.057,0.001,0.001,0,0,0.016,0,0,0,0,0,0,0,0
29,0.059,0.001,0.001,0,0,0.016,0,0,0,0,0,0,0,0
30,0.061,0.001,0.001,0,0,0.016,0,0,0,0,0,0,0,0
31,0.063,0.001,0.001,0,0,0.016,0,0,0,0,0,0,0,0
32,0.065,0.001,0.001,0,0,0.016,0,0,0,0,0,0,0,0
33,0.067,0.001,0.001,0,0,0.014,0,0,0,0,0,0,0,0
34,0.069,0.001,0.001,0,0,0.012,0,0,0,0,0,0,0,0
35,0.071,0.001,0.001,0,0,0.01,0,0,0,0,0,0,0,0
36,0.073,0.001,0.001,0,0,0.008,0,0,0,0,0,0,0,0
37,0.075,0.001,0.001,0,0,0.006,0,0,0,0,0,0,0,0
38,0.077,0.001,0.001,0,0,0.004,0,0,0,0,0,0,0,0
39,0.079,0.001,0.001,0.208609,1,0.002,1,0,0,0,0,0,0,0.666667
40,0.081,0.001,0.001,1,1,-0.002,1,0,0,0,0,0,0,0.666667
41,0.083,0.001,0.001,1,1,-0.004,0,0,0,0,0,0,0,0
42,0.085,0.001,0.001,1,1,-0.006,0,0,0,0,0,0,0,0
43,0.087,0.001,0.001,1,1,-0.008,0,0,0,0,0,0,0,0
44,0.089,0.001,0.001,1,1,-0.01,0,0,0,0,0,0,0,0
45,0.091,0.001,0.001,1,1,-0.012,0,0,0,0,0,0,0,0
46,0.093,0.001,0.001,1,1,-0.014,0,0,0,0,0,0,0,0
47,0.095,0.001,0.001,1,1,-0.016,0,0,0,0,0,0,0,0
48,0.097,0.001,0.001,1,1,-0.016,0,0,0,0,0,0,0,0
49,0.099,0.001,0.001,1,1,-0.016,0,0,0,0,0,0,0,0
50,0.101,0.001,0.001,1,1,-0.016,0,0,0,0,0,0,0,0
51,0.103,0.001,0.001,1,1,-0.016,0,0,0,0,0,0,0,0
52,0.105,0.001,0.001,1,1,-0.016,0,0,0,0,0,0,0,0
53,0.107,0.001,0.001,1,1,-0.016,0,0,0,0,0,0,0,0
54,0.109,0.001,0.001,1,1,-0.016,0,0,0,0,0,0,0,0
55,0.111,0.001,0.001,1,1,-0.016,0,0,0,0,0,0,0,0
56,0.113,0.001,0.001,1,1,-0.016,0,0,0,0,0,0,0,0
57,0.115,0.001,0.001,1,1,-0.016,0,0,0,0,0,0,0,0
58,0.117,0.001,0.001,1,1,-0.016,0,0,0,0,0,0,0,0
59,0.119,0.001,0.001,1,1,-0.016,0,0,0,0,0,0,0,0
60,0.121,0.001,0.001,1,1,-0.016,0,0,0,0,0,0,0,0
61,0.123,0.001,0.001,1,1,-0.016,0,0,0,0,0,0,0,0
62,0.125,0.001,0.001,1,1,-0.016,0,0,0,0,0,0,0,0
63,0.127,0.001,0.001,1,1,-0.016,0,0,0,0,0,0,0,0
64,0.001,0.003,0.001,1,1,-0.014,0,0,0,0,0,0,0,0
65,0.003,0.003,0.001,1,1,-0.014,0,0,0,0,0,0,0,0
66,0.005,0.003,0.001,1,1,-0.014,0,0,0,0,0,0,0,0
67,0.007,0.003,0.001,1,1,-0.014,0,0,0,0,0,0,0,0
68,0.009,0.003,0.001,1,1,-0.014,0,0,0,0,0,0,0,0
69,0.011,0.003,0.001,1,1,-0.014,0,0,0,0,0,0,0,0
70,0.013,0.003,0.001,1,1,-0.014,0,0,0,0,0,0,0,0
71,0.015,0.003,0.001,1,1,-0.014,0,0,0,0,0,0,0,0
72,0.017,0.003,0.001,1,1,-0.014,0,0,0,0,0,0,0,0
73,0.019,0.003,0.001,1,1,-0.014,0,0,0,0,0,0,0,0
74,0.021,0.003,0.001,1,1,-0.012,0,0,0,0,0,0,0,0
75,0.023,0.003,0.001,1,1,-0.01,0,0,0,0,0,0,0,0
76,0.025,0.003,0.001,1,1,-0.008,0,0,0,0,0,0,0,0
77,0.027,0.003,0.001,1,1,-0.006,0,0,0,0,0,0,0,0
78,0.029,0.003,0.001,1,1,-0.004,0,0,0,0,0,0,0,0
79,0.031,0.003,0.001,1,1,-0.002,1,0,0,0,0,0,0,0.666667
80,0.033,0.003,0.001,0.208609,1,0.002,1,0,0,0,0,0,0,0.666667
81,0.035,0.003,0.001,0,0,0.004,0,0,0,0,0,0,0,0
82,0.037,0.003,0.001,0,0,0.006,0,0,0,0,0,0,0,0
83,0.039,0.003,0.001,0,0,0.008,0,0,0,0,0,0,0,0
84,0.041,0.003,0.001,0,0,0.01,0,0,0,0,0,0,0,0
85,0.043,0.003,0.001,0,0,0.012,0,0,0,0,0,0,0,0
86,0.045,0.003,0.001,0,0,0.014,0,0,0,0,0,0,0,0
87,0.047,0.003,0.001,0,0,0.0141421,0,0,0,0,0,0,0,0
88,0.049,0.003,0.001,0,0,0.014,0,0,0,0,0,0,0,0
89,0.051,0.003,0.001,0,0,0.014,0,0,0,0,0,0,0,0
90,0.053,0.003,0.001,0,0,0.014,0,0,0,0,0,0,0,0
91,0.055,0.003,0.001,0,0,0.014,0,0,0,0,0,0,0,0
92,0.057,0.003,0.001,0,0,0.014,0,0,0,0,0,0,0,0
93,0.059,0.003,0.001,0,0,0.014,0,0,0,0,0,0,0,0
94,0.061,0.003,0.001,0,0,0.014,0,0,0,0,0,0,0,0
95,0.063,0.003,0.001,0,0,0.014,0,0,0,0,0,0,0,0
96,0.065,0.003,0.001,0,0,0.0141421,0,0,0,0,0,0,0,0
97,0.067,0.003,0.001,0,0,0.014,0,0,0,0,0,0,0,0
98,0.069,0.003,0.001,0,0,0.012,0,0,0,0,0,0,0,0
99,0.071,0.003,0.001,0,0,0.01,0,0,0,0,0,0,0,0
100,0.073,0.003,0.001,0,0,0.008,0,0,0,0,0,0,0,0
101,0.075,0.003,0.001,0,0,0.006,0,0,0,0,0,0,0,0
102,0.077,0.003,0.001,0,0,0.004,0,0,0,0,0,0,0,0
103,0.079,0.003,0.001,0.208609,1,0.002,1,0,0,0,0,0,0,0.666667
104,0.081,0.003,0.001,1,1,-0.002,1,0,0,0,0,0,0,0.666667
105,0.083,0.003,0.001,1,1,-0.004,0,0,0,0,0,0,0,0
106,0.085,0.003,0.001,1,1,-0.006,0,0,0,0,0,0,0,0
107,0.087,0.003,0.001,1,1,-0.008,0,0,0,0,0,0,0,0
108,0.089,0.003,0.001,1,1,-0.01,0,0,0,0,0,0,0,0
109,0.091,0.003,0.001,1,1,-0.012,0,0,0,0,0,0,0,0
110,0.093,0.003,0.001,1,1,-0.014,0,0,0,0,0,0,0,0
111,0.095,0.003,0.001,1,1,-0.014,0,0,0,0,0,0,0,0
112,0.097,0.003,0.001,1,1,-0.014,0,0,0,0,0,0,0,0
113,0.099,0.003,0.001,1,1,-0.014,0,0,0,0,0,0,0,0
114,0.101,0.003,0.001,1,1,-0.014,0,0,0,0,0,0,0,0
115,0.103,0.003,0.001,1,1,-0.014,0,0,0,0,0,0,0,0
116,0.105,0.003,0.001,1,1,-0.014,0,0,0,0,0,0,0,0
117,0.107,0.003,0.001,1,1,-0.014,0,0,0,0,0,0,0,0
118,0.109,0.003,0.001,1,1,-0.014,0,0,0,0,0,0,0,0
119,0.111,0.003,0.001,1,1,-0.014,0,0,0,0,0,0,0,0
120,0.113,0.003,0.001,1,1,-0.014,0,0,0,0,0,0,0,0
121,0.115,0.003,0.001,1,1,-0.014,0,0,0,0,0,0,0,0
122,0.117,0.003,0.001,1,1,-0.014,0,0,0,0,0,0,0,0
123,0.119,0.003,0.001,1,1,-0.014,0,0,0,0,0,0,0,0
124,0.121,0.003,0.001,1,1,-0.014,0,0,0,0,0,0,0,0
125,0.123,0.003,0.001,1,1,-0.014,0,0,0,0,0,0,0,0
126,0.125,0.003,0.001,1,1,-0.014,0,0,0,0,0,0,0,0
127,0.127,0.003,0.001,1,1,-0.014,0,0,0,0,0,0,0,0
128,0.001,0.005,0.001,1,1,-0.012,0,0,0,0,0,0,0,0
129,0.003,0.005,0.001,1,1,-0.012,0,0,0,0,0,0,0,0
130,0.005,0.005,0.001,1,1,-0.012,0,0,0,0,0,0,0,0
131,0.007,0.005,0.001,1,1,-0.012,0,0,0,0,0,0,0,0
132,0.009,0.005,0.001,1,1,-0.012,0,0,0,0,0,0,0,0
133,0.011,0.005,0.001,1,1,-0.012,0,0,0,0,0,0,0,0
134,0.013,0.005,0.001,1,1,-0.012,0,0,0,0,0,0,0,0
135,0.015,0.005,0.001,1,1,-0.012,0,0,0,0,0,0,0,0
136,0.017,0.005,0.001,1,1,-0.012,0,0,0,0,0,0,0,0
137,0.019,0.005,0.001,1,1,-0.012,0,0,0,0,0,0,0,0
138,0.021,0.005,0.001,1,1,-0.012,0,0,0,0,0,0,0,0
139,0.023,0.005,0.001,1,1,-0.01,0,0,0,0,0,0,0,0
140,0.025,0.005,0.001,1,1,-0.008,0,0,0,0,0,0,0,0
141,0.027,0.005,0.001,1,1,-0.006,0,0,0,0,0,0,0,0
142,0.029,0.005,0.001,1,1,-0.004,0,0,0,0,0,0,0,0
143,0.031,0.005,0.001,1,1,-0.002,1,0,0,0,0,0,0,0.666667
144,0.033,0.005,0.001,0.208609,1,0.002,1,0,0,0,0,0,0,0.666667
145,0.035,0.005,0.001,0,0,0.004,0,0,0,0,0,0,0,0
146,0.037,0.005,0.001,0,0,0.006,0,0,0,0,0,0,0,0
147,0.039,0.005,0.001,0,0,0.008,0,0,0,0,0,0,0,0
148,0.041,0.005,0.001,0,0,0.01,0,0,0,0,0,0,0,0
149,0.043,0.005,0.001,0,0,0.012,0,0,0,0,0,0,0,0
150,0.045,0.005,0.001,0,0,0.0126491,0,0,0,0,0,0,0,0
151,0.047,0.005,0.001,0,0,0.0121655,0,0,0,0,0,0,0,0
152,0.049,0.005,0.001,0,0,0.012,0,0,0,0,0,0,0,0
153,0.051,0.005,0.001,0,0,0.012,0,0,0,0,0,0,0,0
154,0.053,0.005,0.001,0,0,0.012,0,0,0,0,0,0,0,0
155,0.055,0.005,0.001,0,0,0.012,0,0,0,0,0,0,0,0
156,0.057,0.005,0.001,0,0,0.012,0,0,0,0,0,0,0,0
157,0.059,0.005,0.001,0,0,0.012,0,0,0,0,0,0,0,0
158,0.061,0.005,0.001,0,0,0.012,0,0,0,0,0,0,0,0
159,0.063,0.005,0.001,0,0,0.012,0,0,0,0,0,0,0,0
160,0.065,0.005,0.001,0,0,0.0121655,0,0,0,0,0,0,0,0
161,0.067,0.005,0.001,0,0,0.0126491,0,0,0,0,0,0,0,0
162,0.069,0.005,0.001,0,0,0.012,0,0,0,0,0,0,0,0
163,0.071,0.005,0.001,0,0,0.01,0,0,0,0,0,0,0,0
164,0.073,0.005,0.001,0,0,0.008,0,0,0,0,0,0,0,0
165,0.075,0.005,0.001,0,0,0.006,0,0,0,0,0,0,0,0
166,0.077,0.005,0.001,0,0,0.004,0,0,0,0,0,0,0,0
167,0.079,0.005,0.001,0.208609,1,0.002,1,0,0,0,0,0,0,0.666667
168,0.081,0.005,0.001,1,1,-0.002,1,0,0,0,0,0,0,0.666667
169,0.083,0.005,0.001,1,1,-0.004,0,0,0,0,0,0,0,0
170,0.085,0.005,0.001,1,1,-0.006,0,0,0,0,0,0,0,0
171,0.087,0.005,0.001,1,1,-0.008,0,0,0,0,0,0,0,0
172,0.089,0.005,0.001,1,1,-0.01,0,0,0,0,0,0,0,0
173,0.091,0.005,0.001,1,1,-0.012,0,0,0,0,0,0,0,0
174,0.093,0.005,0.001,1,1,-0.012,0,0,0,0,0,0,0,0
175,0.095,0.005,0.001,1,1,-0.012,0,0,0,0,0,0,0,0
176,0.097,0.005,0.001,1,1,-0.012,0,0,0,0,0,0,0,0
177,0.099,0.005,0.001,1,1,-0.012,0,0,0,0,0,0,0,0
178,0.101,0.005,0.001,1,1,-0.012,0,0,0,0,0,0,0,0
179,0.103,0.005,0.001,1,1,-0.012,0,0,0,0,0,0,0,0
180,0.105,0.005,0.001,1,1,-0.012,0,0,0,0,0,0,0,0
181,0.107,0.005,0.001,1,1,-0.012,0,0,0,0,0,0,0,0
182,0.109,0.005,0.001,1,1,-0.012,0,0,0,0,0,0,0,0
183,0.111,0.005,0.001,1,1,-0.012,0,0,0,0,0,0,0,0
184,0.113,0.005,0.001,1,1,-0.012,0,0,0,0,0,0,0,0
185,0.115,0.005,0.001,1,1,-0.012,0,0,0,0,0,0,0,0
186,0.117,0.005,0.001,1,1,-0.012,0,0,0,0,0,0,0,0
187,0.119,0.005,0.001,1,1,-0.012,0,0,0,0,0,0,0,0
188,0.121,0.005,0.001,1,1,-0.012,0,0,0,0,0,0,0,0
189,0.123,0.005,0.001,1,1,-0.012,0,0,0,0,0,0,0,0
190,0.125,0.005,0.001,1,1,-0.012,0,0,0,0,0,0,0,0
191,0.127,0.005,0.001,1,1,-0.012,0,0,0,0,0,0,0,0
192,0.001,0.007,0.001,1,1,-0.01,0,0,0,0,0,0,0,0
193,0.003,0.007,0.001,1,1,-0.01,0,0,0,0,0,0,0,0
194,0.005,0.007,0.001,1,1,-0.01,0,0,0,0,0,0,0,0
195,0.007,0.007,0.001,1,1,-0.01,0,0,0,0,0,0,0,0
196,0.009,0.007,0.001,1,1,-0.01,0,0,0,0,0,0,0,0
197,0.011,0.007,0.001,1,1,-0.01,0,0,0,0,0,0,0,0
198,0.013,0.007,0.001,1,1,-0.01,0,0,0,0,0,0,0,0
199,0.015,0.007,0.001,1,1,-0.01,0,0,0,0,0,0,0,0
200,0.017,0.007,0.001,1,1,-0.01,0,0,0,0,0,0,0,0
201,0.019,0.007,0.001,1,1,-0.01,0,0,0,0,0,0,0,0
202,0.021,0.007,0.001,1,1,-0.01,0,0,0,0,0,0,0,0
203,0.023,0.007,0.001,1,1,-0.01,0,0,0,0,0,0,0,0
204,0.025,0.007,0.001,1,1,-0.008,0,0,0,0,0,0,0,0
205,0.027,0.007,0.001,1,1,-0.006,0,0,0,0,0,0,0,0
206,0.029,0.007,0.001,1,1,-0.004,0,0,0,0,0,0,0,0
207,0.031,0.007,0.001,1,1,-0.002,1,0,0,0,0,0,0,0.666667
208,0.033,0.007,0.001,0.208609,1,0.002,1,0,0,0,0,0,0,0.666667
209,0.035,0.007,0.001,0,0,0.004,0,0,0,0,0,0,0,0
210,0.037,0.007,0.001,0,0,0.006,0,0,0,0,0,0,0,0
211,0.039,0.007,0.001,0,0,0.008,0,0,0,0,0,0,0,0
212,0.041,0.007,0.001,0,0,0.01,0,0,0,0,0,0,0,0
213,0.043,0.007,0.001,0,0,0.0116619,0,0,0,0,0,0,0,0
214,0.045,0.007,0.001,0,0,0.0107703,0,0,0,0,0,0,0,0
215,0.047,0.007,0.001,0,0,0.010198,0,0,0,0,0,0,0,0
216,0.049,0.007,0.001,0,0,0.01,0,0,0,0,0,0,0,0
217,0.051,0.007,0.001,0,0,0.01,0,0,0,0,0,0,0,0
218,0.053,0.007,0.001,0,0,0.01,0,0,0,0,0,0,0,0
219,0.055,0.007,0.001,0,0,0.01,0,0,0,0,0,0,0,0
220,0.057,0.007,0.001,0,0,0.01,0,0,0,0,0,0,0,0
221,0.059,0.007,0.001,0,0,0.01,0,0,0,0,0,0,0,0
222,0.061,0.007,0.001,0,0,0.01,0,0,0,0,0,0,0,0
223,0.063,0.007,0.001,0,0,0.01,0,0,0,0,0,0,0,0
224,0.065,0.007,0.001,0,0,0.010198,0,0,0,0,0,0,0,0
225,0.067,0.007,0.001,0,0,0.0107703,0,0,0,0,0,0,0,0
226,0.069,0.007,0.001,0,0,0.0116619,0,0,0,0,0,0,0,0
227,0.071,0.007,0.001,0,0,0.01,0,0,0,0,0,0,0,0
228,0.073,0.007,0.001,0,0,0.008,0,0,0,0,0,0,0,0
229,0.075,0.007,0.001,0,0,0.006,0,0,0,0,0,0,0,0
230,0.077,0.007,0.001,0,0,0.004,0,0,0,0,0,0,0,0
231,0.079,0.007,0.001,0.208609,1,0.002,1,0,0,0,0,0,0,0.666667
232,0.081,0.007,0.001,1,1,-0.002,1,0,0,0,0,0,0,0.666667
233,0.083,0.007,0.001,1,1,-0.004,0,0,0,0,0,0,0,0
234,0.085,0.007,0.001,1,1,-0.006,0,0,0,0,0,0,0,0
235,0.087,0.007,0.001,1,1,-0.008,0,0,0,0,0,0,0,0
236,0.089,0.007,0.001,1,1,-0.01,0,0,0,0,0,0,0,0
237,0.091,0.007,0.001,1,1,-0.01,0,0,0,0,0,0,0,0
238,0.093,0.007,0.001,1,1,-0.01,0,0,0,0,0,0,0,0
239,0.095,0.007,0.001,1,1,-0.01,0,0,0,0,0,0,0,0
240,0.097,0.007,0.001,1,1,-0.01,0,0,0,0,0,0,0,0
241,0.099,0.007,0.001,1,1,-0.01,0,0,0,0,0,0,0,0
242,0.101,0.007,0.001,1,1,-0.01,0,0,0,0,0,0,0,0
243,0.103,0.007,0.001,1,1,-0.01,0,0,0,0,0,0,0,0
244,0.105,0.007,0.001,1,1,-0.01,0,0,0,0,0,0,0,0
245,0.107,0.007,0.001,1,1,-0.01,0,0,0,0,0,0,0,0
246,0.109,0.007,0.001,1,1,-0.01,0,0,0,0,0,0,0,0
247,0.111,0.007,0.001,1,1,-0.01,0,0,0,0,0,0,0,0
248,0.113,0.007,0.001,1,1,-0.01,0,0,0,0,0,0,0,0
249,0.115,0.007,0.001,1,1,-0.01,0,0,0,0,0,0,0,0
250,0.117,0.007,0.001,1,1,-0.01,0,0,0,0,0,0,0,0
251,0.119,0.007,0.001,1,1,-0.01,0,0,0,0,0,0,0,0
252,0.121,0.007,0.001,1,1,-0.01,0,0,0,0,0,0,0,0
253,0.123,0.007,0.001,1,1,-0.01,0,0,0,0,0,0,0,0
254,0.125,0.007,0.001,1,1,-0.01,0,0,0,0,0,0,0,0
255,0.127,0.007,0.001,1,1,-0.01,0,0,0,0,0,0,0,0
256,0.001,0.009,0.001,1,1,-0.008,0,0,0,0,0,0,0,0
257,0.003,0.009,0.001,1,1,-0.008,0,0,0,0,0,0,0,0
258,0.005,0.009,0.001,1,1,-0.008,0,0,0,0,0,0,0,0
259,0.007,0.009,0.001,1,1,-0.008,0,0,0,0,0,0,0,0
260,0.009,0.009,0.001,1,1,-0.008,0,0,0,0,0,0,0,0
261,0.011,0.009,0.001,1,1,-0.008,0,0,0,0,0,0,0,0
262,0.013,0.009,0.001,1,1,-0.008,0,0,0,0,0,0,0,0
263,0.015,0.009,0.001,1,1,-0.008,0,0,0,0,0,0,0,0
264,0.017,0.009,0.001,1,1,-0.008,0,0,0,0,0,0,0,0
265,0.019,0.009,0.001,1,1,-0.008,0,0,0,0,0,0,0,0
266,0.021,0.009,0.001,1,1,-0.008,0,0,0,0,0,0,0,0
267,0.023,0.009,0.001,1,1,-0.008,0,0,0,0,0,0,0,0
268,0.025,0.009,0.001,1,1,-0.008,0,0,0,0,0,0,0,0
269,0.027,0.009,0.001,1,1,-0.006,0,0,0,0,0,0,0,0
270,0.029,0.009,0.001,1,1,-0.004,0,0,0,0,0,0,0,0
271,0.031,0.009,0.001,1,1,-0.002,1,0,0,0,0,0,0,0.666667
272,0.033,0.009,0.001,0.208609,1,0.002,1,0,0,0,0,0,0,0.666667
273,0.035,0.009,0.001,0,0,0.004,0,0,0,0,0,0,0,0
274,0.037,0.009,0.001,0,0,0.006,0,0,0,0,0,0,0,0
275,0.039,0.009,0.001,0,0,0.008,0,0,0,0,0,0,0,0
276,0.041,0.009,0.001,0,0,0.01,0,0,0,0,0,0,0,0
277,0.043,0.009,0.001,0,0,0.01,0,0,0,0,0,0,0,0
278,0.045,0.009,0.001,0,0,0.00894427,0,0,0,0,0,0,0,0
279,0.047,0.009,0.001,0,0,0.00824621,0,0,0,0,0,0,0,0
280,0.049,0.009,0.001,0,0,0.008,0,0,0,0,0,0,0,0
281,0.051,0.009,0.001,0,0,0.008,0,0,0,0,0,0,0,0
282,0.053,0.009,0.001,0,0,0.008,0,0,0,0,0,0,0,0
283,0.055,0.009,0.001,0,0,0.008,0,0,0,0,0,0,0,0
284,0.057,0.009,0.001,0,0,0.008,0,0,0,0,0,0,0,0
285,0.059,0.009,0.001,0,0,0.008,0,0,0,0,0,0,0,0
286,0.061,0.009,0.001,0,0,0.008,0,0,0,0,0,0,0,0
287,0.063,0.009,0.001,0,0,0.008,0,0,0,0,0,0,0,0
288,0.065,0.009,0.001,0,0,0.00824621,0,0,0,0,0,0,0,0
289,0.067,0.009,0.001,0,0,0.00894427,0,0,0,0,0,0,0,0
290,0.069,0.009,0.001,0,0,0.01,0,0,0,0,0,0,0,0
291,0.071,0.009,0.001,0,0,0.01,0,0,0,0,0,0,0,0
292,0.073,0.009,0.001,0,0,0.008,0,0,0,0,0,0,0,0
293,0.075,0.009,0.001,0,0,0.006,0,0,0,0,0,0,0,0
294,0.077,0.009,0.001,0,0,0.004,0,0,0,0,0,0,0,0
295,0.079,0.009,0.001,0.208609,1,0.002,1,0,0,0,0,0,0,0.666667
296,0.081,0.009,0.001,1,1,-0.002,1,0,0,0,0,0,0,0.666667
297,0.083,0.009,0.001,1,1,-0.004,0,0,0,0,0,0,0,0
298,0.085,0.009,0.001,1,1,-0.006,0,0,0,0,0,0,0,0
299,0.087,0.009,0.001,1,1,-0.008,0,0,0,0,0,0,0,0
300,0.089,0.009,0.001,1,1,-0.008,0,0,0,0,0,0,0,0
301,0.091,0.009,0.001,1,1,-0.008,0,0,0,0,0,0,0,0
302,0.093,0.009,0.001,1,1,-0.008,0,0,0,0,0,0,0,0
303,0.095,0.009,0.001,1,1,-0.008,0,0,0,0,0,0,0,0
304,0.097,0.009,0.001,1,1,-0.008,0,0,0,0,0,0,0,0
305,0.099,0.009,0.001,1,1,-0.008,0,0,0,0,0,0,0,0
306,0.101,0.009,0.001,1,1,-0.008,0,0,0,0,0,0,0,0
307,0.103,0.009,0.001,1,1,-0.008,0,0,0,0,0,0,0,0
308,0.105,0.009,0.001,1,1,-0.008,0,0,0,0,0,0,0,0
309,0.107,0.009,0.001,1,1,-0.008,0,0,0,0,0,0,0,0
310,0.109,0.009,0.001,1,1,-0.008,0,0,0,0,0,0,0,0
311,0.111,0.009,0.001,1,1,-0.008,0,0,0,0,0,0,0,0
312,0.113,0.009,0.001,1,1,-0.008,0,0,0,0,0,0,0,0
313,0.115,0.009,0.001,1,1,-0.008,0,0,0,0,0,0,0,0
314,0.117,0.009,0.001,1,1,-0.008,0,0,0,0,0,0,0,0
315,0.119,0.009,0.001,1,1,-0.008,0,0,0,0,0,0,0,0
316,0.121,0.009,0.001,1,1,-0.008,0,0,0,0,0,0,0,0
317,0.123,0.009,0.001,1,1,-0.008,0,0,0,0,0,0,0,0
318,0.125,0.009,0.001,1,1,-0.008,0,0,0,0,0,0,0,0
319,0.127,0.009,0.001,1,1,-0.008,0,0,0,0,0,0,0,0
320,0.001,0.011,0.001,1,1,-0.006,0,0,0,0,0,0,0,0
321,0.003,0.011,0.001,1,1,-0.006,0,0,0,0,0,0,0,0
322,0.005,0.011,0.001,1,1,-0.006,0,0,0,0,0,0,0,0
323,0.007,0.011,0.001,1,1,-0.006,0,0,0,0,0,0,0,0
324,0.009,0.011,0.001,1,1,-0.006,0,0,0,0,0,0,0,0
325,0.011,0.011,0.001,1,1,-0.006,0,0,0,0,0,0,0,0
326,0.013,0.011,0.001,1,1,-0.006,0,0,0,0,0,0,0,0
327,0.015,0.011,0.001,1,1,-0.006,0,0,0,0,0,0,0,0
328,0.017,0.011,0.001,1,1,-0.006,0,0,0,0,0,0,0,0
329,0.019,0.011,0.001,1,1,-0.006,0,0,0,0,0,0,0,0
330,0.021,0.011,0.001,1,1,-0.006,0,0,0,0,0,0,0,0
331,0.023,0.011,0.001,1,1,-0.006,0,0,0,0,0,0,0,0
332,0.025,0.011,0.001,1,1,-0.006,0,0,0,0,0,0,0,0
333,0.027,0.011,0.001,1,1,-0.006,0,0,0,0,0,0,0,0
334,0.029,0.011,0.001,1,1,-0.004,0,0,0,0,0,0,0,0
335,0.031,0.011,0.001,1,1,-0.002,1,0,0,0,0,0,0,0.666667
336,0.033,0.011,0.001,0.208609,1,0.002,1,0,0,0,0,0,0,0.666667
337,0.035,0.011,0.001,0,0,0.004,0,0,0,0,0,0,0,0
338,0.037,0.011,0.001,0,0,0.006,0,0,0,0,0,0,0,0
339,0.039,0.011,0.001,0,0,0.008,0,0,0,0,0,0,0,0
340,0.041,0.011,0.001,0,0,0.01,0,0,0,0,0,0,0,0
341,0.043,0.011,0.001,0,0,0.00848528,0,0,0,0,0,0,0,0
342,0.045,0.011,0.001,0,0,0.0072111,0,0,0,0,0,0,0,0
343,0.047,0.011,0.001,0,0,0.00632456,0,0,0,0,0,0,0,0
344,0.049,0.011,0.001,0,0,0.006,0,0,0,0,0,0,0,0
345,0.051,0.011,0.001,0,0,0.006,0,0,0,0,0,0,0,0
346,0.053,0.011,0.001,0,0,0.006,0,0,0,0,0,0,0,0
347,0.055,0.011,0.001,0,0,0.006,0,0,0,0,0,0,0,0
348,0.057,0.011,0.001,0,0,0.006,0,0,0,0,0,0,0,0
349,0.059,0.011,0.001,0,0,0.006,0,0,0,0,0,0,0,0
350,0.061,0.011,0.001,0,0,0.006,0,0,0,0,0,0,0,0
351,0.063,0.011,0.001,0,0,0.006,0,0,0,0,0,0,0,0
352,0.065,0.011,0.001,0,0,0.00632456,0,0,0,0,0,0,0,0
353,0.067,0.011,0.001,0,0,0.0072111,0,0,0,0,0,0,0,0
354,0.069,0.011,0.001,0,0,0.00848528,0,0,0,0,0,0,0,0
355,0.071,0.011,0.001,0,0,0.01,0,0,0,0,0,0,0,0
356,0.073,0.011,0.001,0,0,0.008,0,0,0,0,0,0,0,0
357,0.075,0.011,0.001,0,0,0.006,0,0,0,0,0,0,0,0
358,0.077,0.011,0.001,0,0,0.004,0,0,0,0,0,0,0,0
359,0.079,0.011,0.001,0.208609,1,0.002,1,0,0,0,0,0,0,0.666667
360,0.081,0.011,0.001,1,1,-0.002,1,0,0,0,0,0,0,0.666667
361,0.083,0.011,0.001,1,1,-0.004,0,0,0,0,0,0,0,0
362,0.085,0.011,0.001,1,1,-0.006,0,0,0,0,0,0,0,0
363,0.087,0.011,0.001,1,1,-0.006,0,0,0,0,0,0,0,0
364,0.089,0.011,0.001,1,1,-0.006,0,0,0,0,0,0,0,0
365,0.091,0.011,0.001,1,1,-0.006,0,0,0,0,0,0,0,0
366,0.093,0.011,0.001,1,1,-0.006,0,0,0,0,0,0,0,0
367,0.095,0.011,0.001,1,1,-0.006,0,0,0,0,0,0,0,0
368,0.097,0.011,0.001,1,1,-0.006,0,0,0,0,0,0,0,0
369,0.099,0.011,0.001,1,1,-0.006,0,0,0,0,0,0,0,0
370,0.101,0.011,0.001,1,1,-0.006,0,0,0,0,0,0,0,0
371,0.103,0.011,0.001,1,1,-0.006,0,0,0,0,0,0,0,0
372,0.105,0.011,0.001,1,1,-0.006,0,0,0,0,0,0,0,0
373,0.107,0.011,0.001,1,1,-0.006,0,0,0,0,0,0,0,0
374,0.109,0.011,0.001,1,1,-0.006,0,0,0,0,0,0,0,0
375,0.111,0.011,0.001,1,1,-0.006,0,0,0,0,0,0,0,0
376,0.113,0.011,0.001,1,1,-0.006,0,0,0,0,0,0,0,0
377,0.115,0.011,0.001,1,1,-0.006,0,0,0,0,0,0,0,0
378,0.117,0.011,0.001,1,1,-0.006,0,0,0,0,0,0,0,0
379,0.119,0.011,0.001,1,1,-0.006,0,0,0,0,0,0,0,0
380,0.121,0.011,0.001,1,1,-0.006,0,0,0,0,0,0,0,0
381,0.123,0.011,0.001,1,1,-0.006,0,0,0,0,0,0,0,0
382,0.125,0.011,0.001,1,1,-0.006,0,0,0,0,0,0,0,0
383,0.127,0.011,0.001,1,1,-0.006,0,0,0,0,0,0,0,0
384,0.001,0.013,0.001,1,1,-0.004,0,0,0,0,0,0,0,0
385,0.003,0.013,0.001,1,1,-0.004,0,0,0,0,0,0,0,0
386,0.005,0.013,0.001,1,1,-0.004,0,0,0,0,0,0,0,0
387,0.007,0.013,0.001,1,1,-0.004,0,0,0,0,0,0,0,0
388,0.009,0.013,0.001,1,1,-0.004,0,0,0,0,0,0,0,0
389,0.011,0.013,0.001,1,1,-0.004,0,0,0,0,0,0,0,0
390,0.013,0.013,0.001,1,1,-0.004,0,0,0,0,0,0,0,0
391,0.015,0.013,0.001,1,1,-0.004,0,0,0,0,0,0,0,0
392,0.017,0.013,0.001,1,1,-0.004,0,0,0,0,0,0,0,0
393,0.019,0.013,0.001,1,1,-0.004,0,0,0,0,0,0,0,0
394,0.021,0.013,0.001,1,1,-0.004,0,0,0,0,0,0,0,0
395,0.023,0.013,0.001,1,1,-0.004,0,0,0,0,0,0,0,0
396,0.025,0.013,0.001,1,1,-0.004,0,0,0,0,0,0,0,0
397,0.027,0.013,0.001,1,1,-0.004,0,0,0,0,0,0,0,0
398,0.029,0.013,0.001,1,1,-0.004,0,0,0,0,0,0,0,0
399,0.031,0.013,0.001,1,1,-0.002,1,0,0,0,0,0,0,0.666667
400,0.033,0.013,0.001,0.208609,1,0.002,1,0,0,0,0,0,0,0.666667
401,0.035,0.013,0.001,0,0,0.004,0,0,0,0,0,0,0,0
402,0.037,0.013,0.001,0,0,0.006,0,0,0,0,0,0,0,0
403,0.039,0.013,0.001,0,0,0.008,0,0,0,0,0,0,0,0
404,0.041,0.013,0.001,0,0,0.00894427,0,0,0,0,0,0,0,0
405,0.043,0.013,0.001,0,0,0.0072111,0,0,0,0,0,0,0,0
406,0.045,0.013,0.001,0,0,0.00565685,0,0,0,0,0,0,0,0
407,0.047,0.013,0.001,0,0,0.00447214,0,0,0,0,0,0,0,0
408,0.049,0.013,0.001,0,0,0.004,0,0,0,0,0,0,0,0
409,0.051,0.013,0.001,0,0,0.004,0,0,0,0,0,0,0,0
410,0.053,0.013,0.001,0,0,0.004,0,0,0,0,0,0,0,0
411,0.055,0.013,0.001,0,0,0.004,0,0,0,0,0,0,0,0
412,0.057,0.013,0.001,0,0,0.004,0,0,0,0,0,0,0,0
413,0.059,0.013,0.001,0,0,0.004,0,0,0,0,0,0,0,0
414,0.061,0.013,0.001,0,0,0.004,0,0,0,0,0,0,0,0
415,0.063,0.013,0.001,0,0,0.004,0,0,0,0,0,0,0,0
416,0.065,0.013,0.001,0,0,0.00447214,0,0,0,0,0,0,0,0
417,0.067,0.013,0.001,0,0,0.00565685,0,0,0,0,0,0,0,0
418,0.069,0.013,0.001,0,0,0.0072111,0,0,0,0,0,0,0,0
419,0.071,0.013,0.001,0,0,0.00894427,0,0,0,0,0,0,0,0
420,0.073,0.013,0.001,0,0,0.008,0,0,0,0,0,0,0,0
421,0.075,0.013,0.001,0,0,0.006,0,0,0,0,0,0,0,0
422,0.077,0.013,0.001,0,0,0.004,0,0,0,0,0,0,0,0
423,0.079,0.013,0.001,0.208609,1,0.002,1,0,0,0,0,0,0,0.666667
424,0.081,0.013,0.001,1,1,-0.002,1,0,0,0,0,0,0,0.666667
425,0.083,0.013,0.001,1,1,-0.004,0,0,0,0,0,0,0,0
426,0.085,0.013,0.001,1,1,-0.004,0,0,0,0,0,0,0,0
427,0.087,0.013,0.001,1,1,-0.004,0,0,0,0,0,0,0,0
428,0.089,0.013,0.001,1,1,-0.004,0,0,0,0,0,0,0,0
429,0.091,0.013,0.001,1,1,-0.004,0,0,0,0,0,0,0,0
430,0.093,0.013,0.001,1,1,-0.004,0,0,0,0,0,0,0,0
431,0.095,0.013,0.001,1,1,-0.004,0,0,0,0,0,0,0,0
432,0.097,0.013,0.001,1,1,-0.004,0,0,0,0,0,0,0,0
433,0.099,0.013,0.001,1,1,-0.004,0,0,0,0,0,0,0,0
434,0.101,0.013,0.001,1,1,-0.004,0,0,0,0,0,0,0,0
435,0.103,0.013,0.001,1,1,-0.004,0,0,0,0,0,0,0,0
436,0.105,0.013,0.001,1,1,-0.004,0,0,0,0,0,0,0,0
437,0.107,0.013,0.001,1,1,-0.004,0,0,0,0,0,0,0,0
438,0.109,0.013,0.001,1,1,-0.004,0,0,0,0,0,0,0,0
439,0.111,0.013,0.001,1,1,-0.004,0,0,0,0,0,0,0,0
440,0.113,0.013,0.001,1,1,-0.004,0,0,0,0,0,0,0,0
441,0.115,0.013,0.001,1,1,-0.004,0,0,0,0,0,0,0,0
442,0.117,0.013,0.001,1,1,-0.004,0,0,0,0,0,0,0,0
443,0.119,0.013,0.001,1,1,-0.004,0,0,0,0,0,0,0,0
444,0.121,0.013,0.001,1,1,-0.004,0,0,0,0,0,0,0,0
445,0.123,0.013,0.001,1,1,-0.004,0,0,0,0,0,0,0,0
446,0.125,0.013,0.001,1,1,-0.004,0,0,0,0,0,0,0,0
447,0.127,0.013,0.001,1,1,-0.004,0,0,0,0,0,0,0,0
448,0.001,0.015,0.001,1,1,-0.002,1,0,0,0,0,0,0,0.666667
449,0.003,0.015,0.001,1,1,-0.002,1,0,0,0,0,0,0,0.666667
450,0.005,0.015,0.001,1,1,-0.002,1,0,0,0,0,0,0,0.666667
451,0.007,0.015,0.001,1,1,-0.002,1,0,0,0,0,0,0,0.666667
452,0.009,0.015,0.001,1,1,-0.002,1,0,0,0,0,0,0,0.666667
453,0.011,0.015,0.001,1,1,-0.002,1,0,0,0,0,0,0,0.666667
454,0.013,0.015,0.001,1,1,-0.002,1,0,0,0,0,0,0,0.666667
455,0.015,0.015,0.001,1,1,-0.002,1,0,0,0,0,0,0,0.666667
456,0.017,0.015,0.001,1,1,-0.002,1,0,0,0,0,0,0,0.666667
457,0.019,0.015,0.001,1,1,-0.002,1,0,0,0,0,0,0,0.666667
458,0.021,0.015,0.001,1,1,-0.002,1,0,0,0,0,0,0,0.666667
459,0.023,0.015,0.001,1,1,-0.002,1,0,0,0,0,0,0,0.666667
460,0.025,0.015,0.001,1,1,-0.002,1,0,0,0,0,0,0,0.666667
461,0.027,0.015,0.001,1,1,-0.002,1,0,0,0,0,0,0,0.666667
462,0.029,0.015,0.001,1,1,-0.002,1,0,0,0,0,0,0,0.666667
463,0.031,0.015,0.001,1,1,-0.002,1,0,0,0,0,0,0,0.666667
464,0.033,0.015,0.001,0.208609,1,0.002,1,0,0,0,0,0,0,0.666667
465,0.035,0.015,0.001,0,0,0.004,0,0,0,0,0,0,0,0
466,0.037,0.015,0.001,0,0,0.006,0,0,0,0,0,0,0,0
467,0.039,0.015,0.001,0,0,0.008,0,0,0,0,0,0,0,0
468,0.041,0.015,0.001,0,0,0.00824621,0,0,0,0,0,0,0,0
469,0.043,0.015,0.001,0,0,0.00632456,0,0,0,0,0,0,0,0
470,0.045,0.015,0.001,0,0,0.00447214,0,0,0,0,0,0,0,0
471,0.047,0.015,0.001,0.131745,1,0.00282843,1,0,0,0,0,0,0,0.942809
472,0.049,0.015,0.001,0.208609,1,0.002,1,0,0,0,0,0,0,0.666667
473,0.051,0.015,0.001,0.208609,1,0.002,1,0,0,0,0,0,0,0.666667
474,0.053,0.015,0.001,0.208609,1,0.002,1,0,0,0,0,0,0,0.666667
475,0.055,0.015,0.001,0.208609,1,0.002,1,0,0,0,0,0,0,0.666667
476,0.057,0.015,0.001,0.208609,1,0.002,1,0,0,0,0,0,0,0.666667
477,0.059,0.015,0.001,0.208609,1,0.002,1,0,0,0,0,0,0,0.666667
478,0.061,0.015,0.001,0.208609,1,0.002,1,0,0,0,0,0,0,0.666667
479,0.063,0.015,0.001,0.208609,1,0.002,1,0,0,0,0,0,0,0.666667
480,0.065,0.015,0.001,0.131745,1,0.00282843,1,0,0,0,0,0,0,0.942809
481,0.067,0.015,0.001,0,0,0.00447214,0,0,0,0,0,0,0,0
482,0.069,0.015,0.001,0,0,0.00632456,0,0,0,0,0,0,0,0
483,0.071,0.015,0.001,0,0,0.00824621,0,0,0,0,0,0,0,0
484,0.073,0.015,0.001,0,0,0.008,0,0,0,0,0,0,0,0
485,0.075,0.015,0.001,0,0,0.006,0,0,0,0,0,0,0,0
486,0.077,0.015,0.001,0,0,0.004,0,0,0,0,0,0,0,0
487,0.079,0.015,0.001,0.208609,1,0.002,1,0,0,0,0,0,0,0.666667
488,0.081,0.015,0.001,1,1,-0.002,1,0,0,0,0,0,0,0.666667
489,0.083,0.015,0.001,1,1,-0.002,1,0,0,0,0,0,0,0.666667
490,0.085,0.015,0.001,1,1,-0.002,1,0,0,0,0,0,0,0.666667
491,0.087,0.015,0.001,1,1,-0.002,1,0,0,0,0,0,0,0.666667
492,0.089,0.015,0.001,1,1,-0.002,1,0,0,0,0,0,0,0.666667
493,0.091,0.015,0.001,1,1,-0.002,1,0,0,0,0,0,0,0.666667
494,0.093,0.015,0.001,1,1,-0.002,1,0,0,0,0,0,0,0.666667
495,0.095,0.015,0.001,1,1,-0.002,1,0,0,0,0,0,0,0.666667
496,0.097,0.015,0.001,1,1,-0.002,1,0,0,0,0,0,0,0.666667
497,0.099,0.015,0.001,1,1,-0.002,1,0,0,0,0,0,0,0.666667
498,0.101,0.015,0.001,1,1,-0.002,1,0,0,0,0,0,0,0.666667
499,0.103,0.015,0.001,1,1,-0.002,1,0,0,0,0,0,0,0.666667
500,0.105,0.015,0.001,1,1,-0.002,1,0,0,0,0,0,0,0.666667
501,0.107,0.015,0.001,1,1,-0.002,1,0,0,0,0,0,0,0.666667
502,0.109,0.015,0.001,1,1,-0.002,1,0,0,0,0,0,0,0.666667
503,0.111,0.015,0.001,1,1,-0.002,1,0,0,0,0,0,0,0.666667
504,0.113,0.015,0.001,1,1,-0.002,1,0,0,0,0,0,0,0.666667
505,0.115,0.015,0.001,1,1,-0.002,1,0,0,0,0,0,0,0.666667
506,0.117,0.015,0.001,1,1,-0.002,1,0,0,0,0,0,0,0.666667
507,0.119,0.015,0.001,1,1,-0.002,1,0,0,0,0,0,0,0.666667
508,0.121,0.015,0.001,1,1,-0.002,1,0,0,0,0,0,0,0.666667
509,0.123,0.015,0.001,1,1,-0.002,1,0,0,0,0,0,0,0.666667
510,0.125,0.015,0.001,1,1,-0.002,1,0,0,0,0,0,0,0.666667
511,0.127,0.015,0.001,1,1,-0.002,1,0,0,0,0,0,0,0.666667
512,0.001,0.017,0.001,0.208609,1,0.002,1,0,0,0,0,0,0,0.666667
513,0.003,0.017,0.001,0.208609,1,0.002,1,0,0,0,0,0,0,0.666667
514,0.005,0.017,0.001,0.208609,1,0.002,1,0,0,0,0,0,0,0.666667
515,0.007,0.017,0.001,0.208609,1,0.002,1,0,0,0,0,0,0,0.666667
516,0.009,0.017,0.001,0.208609,1,0.002,1,0,0,0,0,0,0,0.666667
517,0.011,0.017,0.001,0.208609,1,0.002,1,0,0,0,0,0,0,0.666667
518,0.013,0.017,0.001,0.208609,1,0.002,1,0,0,0,0,0,0,0.666667
519,0.015,0.017,0.001,0.208609,1,0.002,1,0,0,0,0,0,0,0.666667
520,0.017,0.017,0.001,0.208609,1,0.002,1,0,0,0,0,0,0,0.666667
521,0.019,0.017,0.001,0.208609,1,0.002,1,0,0,0,0,0,0,0.666667
522,0.021,0.017,0.001,0.208609,1,0.002,1,0,0,0,0,0,0,0.666667
523,0.023,0.017,0.001,0.208609,1,0.002,1,0,0,0,0,0,0,0.666667
524,0.025,0.017,0.001,0.208609,1,0.002,1,0,0,0,0,0,0,0.666667
525,0.027,0.017,0.001,0.208609,1,0.002,1,0,0,0,0,0,0,0.666667
526,0.029,0.017,0.001,0.208609,1,0.002,1,0,0,0,0,0,0,0.666667
527,0.031,0.017,0.001,0.208609,1,0.002,1,0,0,0,0,0,0,0.666667
528,0.033,0.017,0.001,0.131745,1,0.00282843,1,0,0,0,0,0,0,0.942809
529,0.035,0.017,0.001,0,0,0.00447214,0,0,0,0,0,0,0,0
530,0.037,0.017,0.001,0,0,0.00632456,0,0,0,0,0,0,0,0
531,0.039,0.017,0.001,0,0,0.00824621,0,0,0,0,0,0,0,0
532,0.041,0.017,0.001,0,0,0.008,0,0,0,0,0,0,0,0
533,0.043,0.017,0.001,0,0,0.006,0,0,0,0,0,0,0,0
534,0.045,0.017,0.001,0,0,0.004,0,0,0,0,0,0,0,0
535,0.047,0.017,0.001,0.208609,1,0.002,1,0,0,0,0,0,0,0.666667
536,0.049,0.017,0.001,1,1,-0.002,1,0,0,0,0,0,0,0.666667
537,0.051,0.017,0.001,1,1,-0.002,1,0,0,0,0,0,0,0.666667
538,0.053,0.017,0.001,1,1,-0.002,1,0,0,0,0,0,0,0.666667
539,0.055,0.017,0.001,1,1,-0.002,1,0,0,0,0,0,0,0.666667
540,0.057,0.017,0.001,1,1,-0.002,1,0,0,0,0,0,0,0.666667
541,0.059,0.017,0.001,1,1,-0.002,1,0,0,0,0,0,0,0.666667
542,0.061,0.017,0.001,1,1,-0.002,1,0,0,0,0,0,0,0.666667
543,0.063,0.017,0.001,1,1,-0.002,1,0,0,0,0,0,0,0.666667
544,0.065,0.017,0.001,0.208609,1,0.002,1,0,0,0,0,0,0,0.666667
545,0.067,0.017,0.001,0,0,0.004,0,0,0,0,0,0,0,0
546,0.069,0.017,0.001,0,0,0.006,0,0,0,0,0,0,0,0
547,0.071,0.017,0.001,0,0,0.008,0,0,0,0,0,0,0,0
548,0.073,0.017,0.001,0,0,0.00824621,0,0,0,0,0,0,0,0
549,0.075,0.017,0.001,0,0,0.00632456,0,0,0,0,0,0,0,0
550,0.077,0.017,0.001,0,0,0.00447214,0,0,0,0,0,0,0,0
551,0.079,0.017,0.001,0.131745,1,0.00282843,1,0,0,0,0,0,0,0.942809
552,0.081,0.017,0.001,0.208609,1,0.002,1,0,0,0,0,0,0,0.666667
553,0.083,0.017,0.001,0.208609,1,0.002,1,0,0,0,0,0,0,0.666667
554,0.085,0.017,0.001,0.208609,1,0.002,1,0,0,0,0,0,0,0.666667
555,0.087,0.017,0.001,0.208609,1,0.002,1,0,0,0,0,0,0,0.666667
556,0.089,0.017,0.001,0.208609,1,0.002,1,0,0,0,0,0,0,0.666667
557,0.091,0.017,0.001,0.208609,1,0.002,1,0,0,0,0,0,0,0.666667
558,0.093,0.017,0.001,0.208609,1,0.002,1,0,0,0,0,0,0,0.666667
559,0.095,0.017,0.001,0.208609,1,0.002,1,0,0,0,0,0,0,0.666667
560,0.097,0.017,0.001,0.208609,1,0.002,1,0,0,0,0,0,0,0.666667
561,0.099,0.017,0.001,0.208609,1,0.002,1,0,0,0,0,0,0,0.666667
562,0.101,0.017,0.001,0.208609,1,0.002,1,0,0,0,0,0,0,0.666667
563,0.103,0.017,0.001,0.208609,1,0.002,1,0,0,0,0,0,0,0.666667
564,0.105,0.017,0.001,0.208609,1,0.002,1,0,0,0,0,0,0,0.666667
565,0.107,0.017,0.001,0.208609,1,0.002,1,0,0,0,0,0,0,0.666667
566,0.109,0.017,0.001,0.208609,1,0.002,1,0,0,0,0,0,0,0.666667
567,0.111,0.017,0.001,0.208609,1,0.002,1,0,0,0,0,0,0,0.666667
568,0.113,0.017,0.001,0.208609,1,0.002,1,0,0,0,0,0,0,0.666667
569,0.115,0.017,0.001,0.208609,1,0.002,1,0,0,0,0,0,0,0.666667
570,0.117,0.017,0.001,0.208609,1,0.002,1,0,0,0,0,0,0,0.666667
571,0.119,0.017,0.001,0.208609,1,0.002,1,0,0,0,0,0,0,0.666667
572,0.121,0.017,0.001,0.208609,1,0.002,1,0,0,0,0,0,0,0.666667
573,0.123,0.017,0.001,0.208609,1,0.002,1,0,0,0,0,0,0,0.666667
574,0.125,0.017,0.001,0.208609,1,0.002,1,0,0,0,0,0,0,0.666667
575,0.127,0.017,0.001,0.208609,1,0.002,1,0,0,0,0,0,0,0.666667
576,0.001,0.019,0.001,0,0,0.004,0,0,0,0,0,0,0,0
577,0.003,0.019,0.001,0,0,0.004,0,0,0,0,0,0,0,0
578,0.005,0.019,0.001,0,0,0.004,0,0,0,0,0,0,0,0
579,0.007,0.019,0.001,0,0,0.004,0,0,0,0,0,0,0,0
580,0.009,0.019,0.001,0,0,0.004,0,0,0,0,0,0,0,0
581,0.011,0.019,0.001,0,0,0.004,0,0,0,0,0,0,0,0
582,0.013,0.019,0.001,0,0,0.004,0,0,0,0,0,0,0,0
583,0.015,0.019,0.001,0,0,0.004,0,0,0,0,0,0,0,0
584,0.017,0.019,0.001,0,0,0.004,0,0,0,0,0,0,0,0
585,0.019,0.019,0.001,0,0,0.004,0,0,0,0,0,0,0,0
586,0.021,0.019,0.001,0,0,0.004,0,0,0,0,0,0,0,0
587,0.023,0.019,0.001,0,0,0.004,0,0,0,0,0,0,0,0
588,0.025,0.019,0.001,0,0,0.004,0,0,0,0,0,0,0,0
589,0.027,0.019,0.001,0,0,0.004,0,0,0,0,0,0,0,0
590,0.029,0.019,0.001,0,0,0.004,0,0,0,0,0,0,0,0
591,0.031,0.019,0.001,0,0,0.004,0,0,0,0,0,0,0,0
592,0.033,0.019,0.001,0,0,0.00447214,0,0,0,0,0,0,0,0
593,0.035,0.019,0.001,0,0,0.00565685,0,0,0,0,0,0,0,0
594,0.037,0.019,0.001,0,0,0.0072111,0,0,0,0,0,0,0,0
595,0.039,0.019,0.001,0,0,0.00894427,0,0,0,0,0,0,0,0
596,0.041,0.019,0.001,0,0,0.008,0,0,0,0,0,0,0,0
597,0.043,0.019,0.001,0,0,0.006,0,0,0,0,0,0,0,0
598,0.045,0.019,0.001,0,0,0.004,0,0,0,0,0,0,0,0
599,0.047,0.019,0.001,0.208609,1,0.002,1,0,0,0,0,0,0,0.666667
600,0.049,0.019,0.001,1,1,-0.002,1,0,0,0,0,0,0,0.666667
601,0.051,0.019,0.001,1,1,-0.004,0,0,0,0,0,0,0,0
602,0.053,0.019,0.001,1,1,-0.004,0,0,0,0,0,0,0,0
603,0.055,0.019,0.001,1,1,-0.004,0,0,0,0,0,0,0,0
604,0.057,0.019,0.001,1,1,-0.004,0,0,0,0,0,0,0,0
605,0.059,0.019,0.001,1,1,-0.004,0,0,0,0,0,0,0,0
606,0.061,0.019,0.001,1,1,-0.004,0,0,0,0,0,0,0,0
607,0.063,0.019,0.001,1,1,-0.002,1,0,0,0,0,0,0,0.666667
608,0.065,0.019,0.001,0.208609,1,0.002,1,0,0,0,0,0,0,0.666667
609,0.067,0.019,0.001,0,0,0.004,0,0,0,0,0,0,0,0
610,0.069,0.019,0.001,0,0,0.006,0,0,0,0,0,0,0,0
611,0.071,0.019,0.001,0,0,0.008,0,0,0,0,0,0,0,0
612,0.073,0.019,0.001,0,0,0.00894427,0,0,0,0,0,0,0,0
613,0.075,0.019,0.001,0,0,0.0072111,0,0,0,0,0,0,0,0
614,0.077,0.019,0.001,0,0,0.00565685,0,0,0,0,0,0,0,0
615,0.079,0.019,0.001,0,0,0.00447214,0,0,0,0,0,0,0,0
616,0.081,0.019,0.001,0,0,0.004,0,0,0,0,0,0,0,0
617,0.083,0.019,0.001,0,0,0.004,0,0,0,0,0,0,0,0
618,0.085,0.019,0.001,0,0,0.004,0,0,0,0,0,0,0,0
619,0.087,0.019,0.001,0,0,0.004,0,0,0,0,0,0,0,0
620,0.089,0.019,0.001,0,0,0.004,0,0,0,0,0,0,0,0
621,0.091,0.019,0.001,0,0,0.004,0,0,0,0,0,0,0,0
622,0.093,0.019,0.001,0,0,0.004,0,0,0,0,0,0,0,0
623,0.095,0.019,0.001,0,0,0.004,0,0,0,0,0,0,0,0
624,0.097,0.019,0.001,0,0,0.004,0,0,0,0,0,0,0,0
625,0.099,0.019,0.001,0,0,0.004,0,0,0,0,0,0,0,0
626,0.101,0.019,0.001,0,0,0.004,0,0,0,0,0,0,0,0
627,0.103,0.019,0.001,0,0,0.004,0,0,0,0,0,0,0,0
628,0.105,0.019,0.001,0,0,0.004,0,0,0,0,0,0,0,0
629,0.107,0.019,0.001,0,0,0.004,0,0,0,0,0,0,0,0
630,0.109,0.019,0.001,0,0,0.004,0,0,0,0,0,0,0,0
631,0.111,0.019,0.001,0,0,0.004,0,0,0,0,0,0,0,0
632,0.113,0.019,0.001,0,0,0.004,0,0,0,0,0,0,0,0
633,0.115,0.019,0.001,0,0,0.004,0,0,0,0,0,0,0,0
634,0.117,0.019,0.001,0,0,0.004,0,0,0,0,0,0,0,0
635,0.119,0.019,0.001,0,0,0.004,0,0,0,0,0,0,0,0
636,0.121,0.019,0.001,0,0,0.004,0,0,0,0,0,0,0,0
637,0.123,0.019,0.001,0,0,0.004,0,0,0,0,0,0,0,0
638,0.125,0.019,0.001,0,0,0.004,0,0,0,0,0,0,0,0
639,0.127,0.019,0.001,0,0,0.004,0,0,0,0,0,0,0,0
640,0.001,0.021,0.001,0,0,0.006,0,0,0,0,0,0,0,0
641,0.003,0.021,0.001,0,0,0.006,0,0,0,0,0,0,0,0
642,0.005,0.021,0.001,0,0,0.006,0,0,0,0,0,0,0,0
643,0.007,0.021,0.001,0,0,0.006,0,0,0,0,0,0,0,0
644,0.009,0.021,0.001,0,0,0.006,0,0,0,0,0,0,0,0
645,0.011,0.021,0.001,0,0,0.006,0,0,0,0,0,0,0,0
646,0.013,0.021,0.001,0,0,0.006,0,0,0,0,0,0,0,0
647,0.015,0.021,0.001,0,0,0.006,0,0,0,0,0,0,0,0
648,0.017,0.021,0.001,0,0,0.006,0,0,0,0,0,0,0,0
649,0.019,0.021,0.001,0,0,0.006,0,0,0,0,0,0,0,0
650,0.021,0.021,0.001,0,0,0.006,0,0,0,0,0,0,0,0
651,0.023,0.021,0.001,0,0,0.006,0,0,0,0,0,0,0,0
652,0.025,0.021,0.001,0,0,0.006,0,0,0,0,0,0,0,0
653,0.027,0.021,0.001,0,0,0.006,0,0,0,0,0,0,0,0
654,0.029,0.021,0.001,0,0,0.006,0,0,0,0,0,0,0,0
655,0.031,0.021,0.001,0,0,0.006,0,0,0,0,0,0,0,0
656,0.033,0.021,0.001,0,0,0.00632456,0,0,0,0,0,0,0,0
657,0.035,0.021,0.001,0,0,0.0072111,0,0,0,0,0,0,0,0
658,0.037,0.021,0.001,0,0,0.00848528,0,0,0,0,0,0,0,0
659,0.039,0.021,0.001,0,0,0.01,0,0,0,0,0,0,0,0
660,0.041,0.021,0.001,0,0,0.008,0,0,0,0,0,0,0,0
661,0.043,0.021,0.001,0,0,0.006,0,0,0,0,0,0,0,0
662,0.045,0.021,0.001,0,0,0.004,0,0,0,0,0,0,0,0
663,0.047,0.021,0.001,0.208609,1,0.002,1,0,0,0,0,0,0,0.666667
664,0.049,0.021,0.001,1,1,-0.002,1,0,0,0,0,0,0,0.666667
665,0.051,0.021,0.001,1,1,-0.004,0,0,0,0,0,0,0,0
666,0.053,0.021,0.001,1,1,-0.006,0,0,0,0,0,0,0,0
667,0.055,0.021,0.001,1,1,-0.006,0,0,0,0,0,0,0,0
668,0.057,0.021,0.001,1,1,-0.006,0,0,0,0,0,0,0,0
669,0.059,0.021,0.001,1,1,-0.006,0,0,0,0,0,0,0,0
670,0.061,0.021,0.001,1,1,-0.004,0,0,0,0,0,0,0,0
671,0.063,0.021,0.001,1,1,-0.002,1,0,0,0,0,0,0,0.666667
672,0.065,0.021,0.001,0.208609,1,0.002,1,0,0,0,0,0,0,0.666667
673,0.067,0.021,0.001,0,0,0.004,0,0,0,0,0,0,0,0
674,0.069,0.021,0.001,0,0,0.006,0,0,0,0,0,0,0,0
675,0.071,0.021,0.001,0,0,0.008,0,0,0,0,0,0,0,0
676,0.073,0.021,0.001,0,0,0.01,0,0,0,0,0,0,0,0
677,0.075,0.021,0.001,0,0,0.00848528,0,0,0,0,0,0,0,0
678,0.077,0.021,0.001,0,0,0.0072111,0,0,0,0,0,0,0,0
679,0.079,0.021,0.001,0,0,0.00632456,0,0,0,0,0,0,0,0
680,0.081,0.021,0.001,0,0,0.006,0,0,0,0,0,0,0,0
681,0.083,0.021,0.001,0,0,0.006,0,0,0,0,0,0,0,0
682,0.085,0.021,0.001,0,0,0.006,0,0,0,0,0,0,0,0
683,0.087,0.021,0.001,0,0,0.006,0,0,0,0,0,0,0,0
684,0.089,0.021,0.001,0,0,0.006,0,0,0,0,0,0,0,0
685,0.091,0.021,0.001,0,0,0.006,0,0,0,0,0,0,0,0
686,0.093,0.021,0.001,0,0,0.006,0,0,0,0,0,0,0,0
687,0.095,0.021,0.001,0,0,0.006,0,0,0,0,0,0,0,0
688,0.097,0.021,0.001,0,0,0.006,0,0,0,0,0,0,0,0
689,0.099,0.021,0.001,0,0,0.006,0,0,0,0,0,0,0,0
690,0.101,0.021,0.001,0,0,0.006,0,0,0,0,0,0,0,0
691,0.103,0.021,0.001,0,0,0.006,0,0,0,0,0,0,0,0
692,0.105,0.021,0.001,0,0,0.006,0,0,0,0,0,0,0,0
693,0.107,0.021,0.001,0,0,0.006,0,0,0,0,0,0,0,0
694,0.109,0.021,0.001,0,0,0.006,0,0,0,0,0,0,0,0
695,0.111,0.021,0.001,0,0,0.006,0,0,0,0,0,0,0,0
696,0.113,0.021,0.001,0,0,0.006,0,0,0,0,0,0,0,0
697,0.115,0.021,0.001,0,0,0.006,0,0,0,0,0,0,0,0
698,0.117,0.021,0.001,0,0,0.006,0,0,0,0,0,0,0,0
699,0.119,0.021,0.001,0,0,0.006,0,0,0,0,0,0,0,0
700,0.121,0.021,0.001,0,0,0.006,0,0,0,0,0,0,0,0
701,0.123,0.021,0.001,0,0,0.006,0,0,0,0,0,0,0,0
702,0.125,0.021,0.001,0,0,0.006,0,0,0,0,0,0,0,0
703,0.127,0.021,0.001,0,0,0.006,0,0,0,0,0,0,0,0
704,0.001,0.023,0.001,0,0,0.008,0,0,0,0,0,0,0,0
705,0.003,0.023,0.001,0,0,0.008,0,0,0,0,0,0,0,0
706,0.005,0.023,0.001,0,0,0.008,0,0,0,0,0,0,0,0
707,0.007,0.023,0.001,0,0,0.008,0,0,0,0,0,0,0,0
708,0.009,0.023,0.001,0,0,0.008,0,0,0,0,0,0,0,0
709,0.011,0.023,0.001,0,0,0.008,0,0,0,0,0,0,0,0
710,0.013,0.023,0.001,0,0,0.008,0,0,0,0,0,0,0,0
711,0.015,0.023,0.001,0,0,0.008,0,0,0,0,0,0,0,0
712,0.017,0.023,0.001,0,0,0.008,0,0,0,0,0,0,0,0
713,0.019,0.023,0.001,0,0,0.008,0,0,0,0,0,0,0,0
714,0.021,0.023,0.001,0,0,0.008,0,0,0,0,0,0,0,0
715,0.023,0.023,0.001,0,0,0.008,0,0,0,0,0,0,0,0
716,0.025,0.023,0.001,0,0,0.008,0,0,0,0,0,0,0,0
717,0.027,0.023,0.001,0,0,0.008,0,0,0,0,0,0,0,0
718,0.029,0.023,0.001,0,0,0.008,0,0,0,0,0,0,0,0
719,0.031,0.023,0.001,0,0,0.008,0,0,0,0,0,0,0,0
720,0.033,0.023,0.001,0,0,0.00824621,0,0,0,0,0,0,0,0
721,0.035,0.023,0.001,0,0,0.00894427,0,0,0,0,0,0,0,0
722,0.037,0.023,0.001,0,0,0.01,0,0,0,0,0,0,0,0
723,0.039,0.023,0.001,0,0,0.01,0,0,0,0,0,0,0,0
724,0.041,0.023,0.001,0,0,0.008,0,0,0,0,0,0,0,0
725,0.043,0.023,0.001,0,0,0.006,0,0,0,0,0,0,0,0
726,0.045,0.023,0.001,0,0,0.004,0,0,0,0,0,0,0,0
727,0.047,0.023,0.001,0.208609,1,0.002,1,0,0,0,0,0,0,0.666667
728,0.049,0.023,0.001,1,1,-0.002,1,0,0,0,0,0,0,0.666667
729,0.051,0.023,0.001,1,1,-0.004,0,0,0,0,0,0,0,0
730,0.053,0.023,0.001,1,1,-0.006,0,0,0,0,0,0,0,0
731,0.055,0.023,0.001,1,1,-0.008,0,0,0,0,0,0,0,0
732,0.057,0.023,0.001,1,1,-0.008,0,0,0,0,0,0,0,0
733,0.059,0.023,0.001,1,1,-0.006,0,0,0,0,0,0,0,0
734,0.061,0.023,0.001,1,1,-0.004,0,0,0,0,0,0,0,0
735,0.063,0.023,0.001,1,1,-0.002,1,0,0,0,0,0,0,0.666667
736,0.065,0.023,0.001,0.208609,1,0.002,1,0,0,0,0,0,0,0.666667
737,0.067,0.023,0.001,0,0,0.004,0,0,0,0,0,0,0,0
738,0.069,0.023,0.001,0,0,0.006,0,0,0,0,0,0,0,0
739,0.071,0.023,0.001,0,0,0.008,0,0,0,0,0,0,0,0
740,0.073,0.023,0.001,0,0,0.01,0,0,0,0,0,0,0,0
741,0.075,0.023,0.001,0,0,0.01,0,0,0,0,0,0,0,0
742,0.077,0.023,0.001,0,0,0.00894427,0,0,0,0,0,0,0,0
743,0.079,0.023,0.001,0,0,0.00824621,0,0,0,0,0,0,0,0
744,0.081,0.023,0.001,0,0,0.008,0,0,0,0,0,0,0,0
745,0.083,0.023,0.001,0,0,0.008,0,0,0,0,0,0,0,0
746,0.085,0.023,0.001,0,0,0.008,0,0,0,0,0,0,0,0
747,0.087,0.023,0.001,0,0,0.008,0,0,0,0,0,0,0,0
748,0.089,0.023,0.001,0,0,0.008,0,0,0,0,0,0,0,0
749,0.091,0.023,0.001,0,0,0.008,0,0,0,0,0,0,0,0
750,0.093,0.023,0.001,0,0,0.008,0,0,0,0,0,0,0,0
751,0.095,0.023,0.001,0,0,0.008,0,0,0,0,0,0,0,0
752,0.097,0.023,0.001,0,0,0.008,0,0,0,0,0,0,0,0
753,0.099,0.023,0.001,0,0,0.008,0,0,0,0,0,0,0,0
754,0.101,0.023,0.001,0,0,0.008,0,0,0,0,0,0,0,0
755,0.103,0.023,0.001,0,0,0.008,0,0,0,0,0,0,0,0
756,0.105,0.023,0.001,0,0,0.008,0,0,0,0,0,0,0,0
757,0.107,0.023,0.001,0,0,0.008,0,0,0,0,0,0,0,0
758,0.109,0.023,0.001,0,0,0.008,0,0,0,0,0,0,0,0
759,0.111,0.023,0.001,0,0,0.008,0,0,0,0,0,0,0,0
760,0.113,0.023,0.001,0,0,0.008,0,0,0,0,0,0,0,0
761,0.115,0.023,0.001,0,0,0.008,0,0,0,0,0,0,0,0
762,0.117,0.023,0.001,0,0,0.008,0,0,0,0,0,0,0,0
763,0.119,0.023,0.001,0,0,0.008,0,0,0,0,0,0,0,0
764,0.121,0.023,0.001,0,0,0.008,0,0,0,0,0,0,0,0
765,0.123,0.023,0.001,0,0,0.008,0,0,0,0,0,0,0,0
766,0.125,0.023,0.001,0,0,0.008,0,0,0,0,0,0,0,0
767,0.127,0.023,0.001,0,0,0.008,0,0,0,0,0,0,0,0
768,0.001,0.025,0.001,0,0,0.008,0,0,0,0,0,0,0,0
769,0.003,0.025,0.001,0,0,0.008,0,0,0,0,0,0,0,0
770,0.005,0.025,0.001,0,0,0.008,0,0,0,0,0,0,0,0
771,0.007,0.025,0.001,0,0,0.008,0,0,0,0,0,0,0,0
772,0.009,0.025,0.001,0,0,0.008,0,0,0,0,0,0,0,0
773,0.011,0.025,0.001,0,0,0.008,0,0,0,0,0,0,0,0
774,0.013,0.025,0.001,0,0,0.008,0,0,0,0,0,0,0,0
775,0.015,0.025,0.001,0,0,0.008,0,0,0,0,0,0,0,0
776,0.017,0.025,0.001,0,0,0.00824621,0,0,0,0,0,0,0,0
777,0.019,0.025,0.001,0,0,0.00894427,0,0,0,0,0,0,0,0
778,0.021,0.025,0.001,0,0,0.01,0,0,0,0,0,0,0,0
779,0.023,0.025,0.001,0,0,0.01,0,0,0,0,0,0,0,0
780,0.025,0.025,0.001,0,0,0.01,0,0,0,0,0,0,0,0
781,0.027,0.025,0.001,0,0,0.01,0,0,0,0,0,0,0,0
782,0.029,0.025,0.001,0,0,0.01,0,0,0,0,0,0,0,0
783,0.031,0.025,0.001,0,0,0.01,0,0,0,0,0,0,0,0
784,0.033,0.025,0.001,0,0,0.010198,0,0,0,0,0,0,0,0
785,0.035,0.025,0.001,0,0,0.0107703,0,0,0,0,0,0,0,0
786,0.037,0.025,0.001,0,0,0.0116619,0,0,0,0,0,0,0,0
787,0.039,0.025,0.001,0,0,0.01,0,0,0,0,0,0,0,0
788,0.041,0.025,0.001,0,0,0.008,0,0,0,0,0,0,0,0
789,0.043,0.025,0.001,0,0,0.006,0,0,0,0,0,0,0,0
790,0.045,0.025,0.001,0,0,0.004,0,0,0,0,0,0,0,0
791,0.047,0.025,0.001,0.208609,1,0.002,1,0,0,0,0,0,0,0.666667
792,0.049,0.025,0.001,1,1,-0.002,1,0,0,0,0,0,0,0.666667
793,0.051,0.025,0.001,1,1,-0.004,0,0,0,0,0,0,0,0
794,0.053,0.025,0.001,1,1,-0.006,0,0,0,0,0,0,0,0
795,0.055,0.025,0.001,1,1,-0.008,0,0,0,0,0,0,0,0
796,0.057,0.025,0.001,1,1,-0.008,0,0,0,0,0,0,0,0
797,0.059,0.025,0.001,1,1,-0.006,0,0,0,0,0,0,0,0
798,0.061,0.025,0.001,1,1,-0.004,0,0,0,0,0,0,0,0
799,0.063,0.025,0.001,1,1,-0.002,1,0,0,0,0,0,0,0.666667
800,0.065,0.025,0.001,0.208609,1,0.002,1,0,0,0,0,0,0,0.666667
801,0.067,0.025,0.001,0,0,0.004,0,0,0,0,0,0,0,0
802,0.069,0.025,0.001,0,0,0.006,0,0,0,0,0,0,0,0
803,0.071,0.025,0.001,0,0,0.008,0,0,0,0,0,0,0,0
804,0.073,0.025,0.001,0,0,0.008,0,0,0,0,0,0,0,0
805,0.075,0.025,0.001,0,0,0.008,0,0,0,0,0,0,0,0
806,0.077,0.025,0.001,0,0,0.008,0,0,0,0,0,0,0,0
807,0.079,0.025,0.001,0,0,0.008,0,0,0,0,0,0,0,0
808,0.081,0.025,0.001,0,0,0.008,0,0,0,0,0,0,0,0
809,0.083,0.025,0.001,0,0,0.008,0,0,0,0,0,0,0,0
810,0.085,0.025,0.001,0,0,0.008,0,0,0,0,0,0,0,0
811,0.087,0.025,0.001,0,0,0.008,0,0,0,0,0,0,0,0
812,0.089,0.025,0.001,0,0,0.008,0,0,0,0,0,0,0,0
813,0.091,0.025,0.001,0,0,0.008,0,0,0,0,0,0,0,0
814,0.093,0.025,0.001,0,0,0.008,0,0,0,0,0,0,0,0
815,0.095,0.025,0.001,0,0,0.008,0,0,0,0,0,0,0,0
816,0.097,0.025,0.001,0,0,0.008,0,0,0,0,0,0,0,0
817,0.099,0.025,0.001,0,0,0.008,0,0,0,0,0,0,0,0
818,0.101,0.025,0.001,0,0,0.008,0,0,0,0,0,0,0,0
819,0.103,0.025,0.001,0,0,0.008,0,0,0,0,0,0,0,0
820,0.105,0.025,0.001,0,0,0.008,0,0,0,0,0,0,0,0
821,0.107,0.025,0.001,0,0,0.008,0,0,0,0,0,0,0,0
822,0.109,0.025,0.001,0,0,0.008,0,0,0,0,0,0,0,0
823,0.111,0.025,0.001,0,0,0.008,0,0,0,0,0,0,0,0
824,0.113,0.025,0.001,0,0,0.008,0,0,0,0,0,0,0,0
825,0.115,0.025,0.001,0,0,0.008,0,0,0,0,0,0,0,0
826,0.117,0.025,0.001,0,0,0.008,0,0,0,0,0,0,0,0
827,0.119,0.025,0.001,0,0,0.008,0,0,0,0,0,0,0,0
828,0.121,0.025,0.001,0,0,0.008,0,0,0,0,0,0,0,0
829,0.123,0.025,0.001,0,0,0.008,0,0,0,0,0,0,0,0
830,0.125,0.025,0.001,0,0,0.008,0,0,0,0,0,0,0,0
831,0.127,0.025,0.001,0,0,0.008,0,0,0,0,0,0,0,0
832,0.001,0.027,0.001,0,0,0.006,0,0,0,0,0,0,0,0
833,0.003,0.027,0.001,0,0,0.006,0,0,0,0,0,0,0,0
834,0.005,0.027,0.001,0,0,0.006,0,0,0,0,0,0,0,0
835,0.007,0.027,0.001,0,0,0.006,0,0,0,0,0,0,0,0
836,0.009,0.027,0.001,0,0,0.006,0,0,0,0,0,0,0,0
837,0.011,0.027,0.001,0,0,0.006,0,0,0,0,0,0,0,0
838,0.013,0.027,0.001,0,0,0.006,0,0,0,0,0,0,0,0
839,0.015,0.027,0.001,0,0,0.006,0,0,0,0,0,0,0,0
840,0.017,0.027,0.001,0,0,0.00632456,0,0,0,0,0,0,0,0
841,0.019,0.027,0.001,0,0,0.0072111,0,0,0,0,0,0,0,0
842,0.021,0.027,0.001,0,0,0.00848528,0,0,0,0,0,0,0,0
843,0.023,0.027,0.001,0,0,0.01,0,0,0,0,0,0,0,0
844,0.025,0.027,0.001,0,0,0.0116619,0,0,0,0,0,0,0,0
845,0.027,0.027,0.001,0,0,0.012,0,0,0,0,0,0,0,0
846,0.029,0.027,0.001,0,0,0.012,0,0,0,0,0,0,0,0
847,0.031,0.027,0.001,0,0,0.012,0,0,0,0,0,0,0,0
848,0.033,0.027,0.001,0,0,0.0121655,0,0,0,0,0,0,0,0
849,0.035,0.027,0.001,0,0,0.0126491,0,0,0,0,0,0,0,0
850,0.037,0.027,0.001,0,0,0.012,0,0,0,0,0,0,0,0
851,0.039,0.027,0.001,0,0,0.01,0,0,0,0,0,0,0,0
852,0.041,0.027,0.001,0,0,0.008,0,0,0,0,0,0,0,0
853,0.043,0.027,0.001,0,0,0.006,0,0,0,0,0,0,0,0
854,0.045,0.027,0.001,0,0,0.004,0,0,0,0,0,0,0,0
855,0.047,0.027,0.001,0.208609,1,0.002,1,0,0,0,0,0,0,0.666667
856,0.049,0.027,0.001,1,1,-0.002,1,0,0,0,0,0,0,0.666667
857,0.051,0.027,0.001,1,1,-0.004,0,0,0,0,0,0,0,0
858,0.053,0.027,0.001,1,1,-0.006,0,0,0,0,0,0,0,0
859,0.055,0.027,0.001,1,1,-0.008,0,0,0,0,0,0,0,0
860,0.057,0.027,0.001,1,1,-0.008,0,0,0,0,0,0,0,0
861,0.059,0.027,0.001,1,1,-0.006,0,0,0,0,0,0,0,0
862,0.061,0.027,0.001,1,1,-0.004,0,0,0,0,0,0,0,0
863,0.063,0.027,0.001,1,1,-0.002,1,0,0,0,0,0,0,0.666667
864,0.065,0.027,0.001,0.208609,1,0.002,1,0,0,0,0,0,0,0.666667
865,0.067,0.027,0.001,0,0,0.004,0,0,0,0,0,0,0,0
866,0.069,0.027,0.001,0,0,0.006,0,0,0,0,0,0,0,0
867,0.071,0.027,0.001,0,0,0.006,0,0,0,0,0,0,0,0
868,0.073,0.027,0.001,0,0,0.006,0,0,0,0,0,0,0,0
869,0.075,0.027,0.001,0,0,0.006,0,0,0,0,0,0,0,0
870,0.077,0.027,0.001,0,0,0.006,0,0,0,0,0,0,0,0
871,0.079,0.027,0.001,0,0,0.006,0,0,0,0,0,0,0,0
872,0.081,0.027,0.001,0,0,0.006,0,0,0,0,0,0,0,0
873,0.083,0.027,0.001,0,0,0.006,0,0,0,0,0,0,0,0
874,0.085,0.027,0.001,0,0,0.006,0,0,0,0,0,0,0,0
875,0.087,0.027,0.001,0,0,0.006,0,0,0,0,0,0,0,0
876,0.089,0.027,0.001,0,0,0.006,0,0,0,0,0,0,0,0
877,0.091,0.027,0.001,0,0,0.006,0,0,0,0,0,0,0,0
878,0.093,0.027,0.001,0,0,0.006,0,0,0,0,0,0,0,0
879,0.095,0.027,0.001,0,0,0.006,0,0,0,0,0,0,0,0
880,0.097,0.027,0.001,0,0,0.006,0,0,0,0,0,0,0,0
881,0.099,0.027,0.001,0,0,0.006,0,0,0,0,0,0,0,0
882,0.101,0.027,0.001,0,0,0.006,0,0,0,0,0,0,0,0
883,0.103,0.027,0.001,0,0,0.006,0,0,0,0,0,0,0,0
884,0.105,0.027,0.001,0,0,0.006,0,0,0,0,0,0,0,0
885,0.107,0.027,0.001,0,0,0.006,0,0,0,0,0,0,0,0
886,0.109,0.027,0.001,0,0,0.006,0,0,0,0,0,0,0,0
887,0.111,0.027,0.001,0,0,0.006,0,0,0,0,0,0,0,0
888,0.113,0.027,0.001,0,0,0.006,0,0,0,0,0,0,0,0
889,0.115,0.027,0.001,0,0,0.006,0,0,0,0,0,0,0,0
890,0.117,0.027,0.001,0,0,0.006,0,0,0,0,0,0,0,0
891,0.119,0.027,0.001,0,0,0.006,0,0,0,0,0,0,0,0
892,0.121,0.027,0.001,0,0,0.006,0,0,0,0,0,0,0,0
893,0.123,0.027,0.001,0,0,0.006,0,0,0,0,0,0,0,0
894,0.125,0.027,0.001,0,0,0.006,0,0,0,0,0,0,0,0
895,0.127,0.027,0.001,0,0,0.006,0,0,0,0,0,0,0,0
896,0.001,0.029,0.001,0,0,0.004,0,0,0,0,0,0,0,0
897,0.003,0.029,0.001,0,0,0.004,0,0,0,0,0,0,0,0
898,0.005,0.029,0.001,0,0,0.004,0,0,0,0,0,0,0,0
899,0.007,0.029,0.001,0,0,0.004,0,0,0,0,0,0,0,0
900,0.009,0.029,0.001,0,0,0.004,0,0,0,0,0,0,0,0
901,0.011,0.029,0.001,0,0,0.004,0,0,0,0,0,0,0,0
902,0.013,0.029,0.001,0,0,0.004,0,0,0,0,0,0,0,0
903,0.015,0.029,0.001,0,0,0.004,0,0,0,0,0,0,0,0
904,0.017,0.029,0.001,0,0,0.00447214,0,0,0,0,0,0,0,0
905,0.019,0.029,0.001,0,0,0.00565685,0,0,0,0,0,0,0,0
906,0.021,0.029,0.001,0,0,0.0072111,0,0,0,0,0,0,0,0
907,0.023,0.029,0.001,0,0,0.00894427,0,0,0,0,0,0,0,0
908,0.025,0.029,0.001,0,0,0.0107703,0,0,0,0,0,0,0,0
909,0.027,0.029,0.001,0,0,0.0126491,0,0,0,0,0,0,0,0
910,0.029,0.029,0.001,0,0,0.014,0,0,0,0,0,0,0,0
911,0.031,0.029,0.001,0,0,0.014,0,0,0,0,0,0,0,0
912,0.033,0.029,0.001,0,0,0.0141421,0,0,0,0,0,0,0,0
913,0.035,0.029,0.001,0,0,0.014,0,0,0,0,0,0,0,0
914,0.037,0.029,0.001,0,0,0.012,0,0,0,0,0,0,0,0
915,0.039,0.029,0.001,0,0,0.01,0,0,0,0,0,0,0,0
916,0.041,0.029,0.001,0,0,0.008,0,0,0,0,0,0,0,0
917,0.043,0.029,0.001,0,0,0.006,0,0,0,0,0,0,0,0
918,0.045,0.029,0.001,0,0,0.004,0,0,0,0,0,0,0,0
919,0.047,0.029,0.001,0.208609,1,0.002,1,0,0,0,0,0,0,0.666667
920,0.049,0.029,0.001,1,1,-0.002,1,0,0,0,0,0,0,0.666667
921,0.051,0.029,0.001,1,1,-0.004,0,0,0,0,0,0,0,0
922,0.053,0.029,0.001,1,1,-0.006,0,0,0,0,0,0,0,0
923,0.055,0.029,0.001,1,1,-0.008,0,0,0,0,0,0,0,0
924,0.057,0.029,0.001,1,1,-0.008,0,0,0,0,0,0,0,0
925,0.059,0.029,0.001,1,1,-0.006,0,0,0,0,0,0,0,0
926,0.061,0.029,0.001,1,1,-0.004,0,0,0,0,0,0,0,0
927,0.063,0.029,0.001,1,1,-0.002,1,0,0,0,0,0,0,0.666667
928,0.065,0.029,0.001,0.208609,1,0.002,1,0,0,0,0,0,0,0.666667
929,0.067,0.029,0.001,0,0,0.004,0,0,0,0,0,0,0,0
930,0.069,0.029,0.001,0,0,0.004,0,0,0,0,0,0,0,0
931,0.071,0.029,0.001,0,0,0.004,0,0,0,0,0,0,0,0
932,0.073,0.029,0.001,0,0,0.004,0,0,0,0,0,0,0,0
933,0.075,0.029,0.001,0,0,0.004,0,0,0,0,0,0,0,0
934,0.077,0.029,0.001,0,0,0.004,0,0,0,0,0,0,0,0
935,0.079,0.029,0.001,0,0,0.004,0,0,0,0,0,0,0,0
936,0.081,0.029,0.001,0,0,0.004,0,0,0,0,0,0,0,0
937,0.083,0.029,0.001,0,0,0.004,0,0,0,0,0,0,0,0
938,0.085,0.029,0.001,0,0,0.004,0,0,0,0,0,0,0,0
939,0.087,0.029,0.001,0,0,0.004,0,0,0,0,0,0,0,0
940,0.089,0.029,0.001,0,0,0.004,0,0,0,0,0,0,0,0
941,0.091,0.029,0.001,0,0,0.004,0,0,0,0,0,0,0,0
942,0.093,0.029,0.001,0,0,0.004,0,0,0,0,0,0,0,0
943,0.095,0.029,0.001,0,0,0.004,0,0,0,0,0,0,0,0
944,0.097,0.029,0.001,0,0,0.004,0,0,0,0,0,0,0,0
945,0.099,0.029,0.001,0,0,0.004,0,0,0,0,0,0,0,0
946,0.101,0.029,0.001,0,0,0.004,0,0,0,0,0,0,0,0
947,0.103,0.029,0.001,0,0,0.004,0,0,0,0,0,0,0,0
948,0.105,0.029,0.001,0,0,0.004,0,0,0,0,0,0,0,0
949,0.107,0.029,0.001,0,0,0.004,0,0,0,0,0,0,0,0
950,0.109,0.029,0.001,0,0,0.004,0,0,0,0,0,0,0,0
951,0.111,0.029,0.001,0,0,0.004,0,0,0,0,0,0,0,0
952,0.113,0.029,0.001,0,0,0.004,0,0,0,0,0,0,0,0
953,0.115,0.029,0.001,0,0,0.004,0,0,0,0,0,0,0,0
954,0.117,0.029,0.001,0,0,0.004,0,0,0,0,0,0,0,0
955,0.119,0.029,0.001,0,0,0.004,0,0,0,0,0,0,0,0
956,0.121,0.029,0.001,0,0,0.004,0,0,0,0,0,0,0,0
957,0.123,0.029,0.001,0,0,0.004,0,0,0,0,0,0,0,0
958,0.125,0.029,0.001,0,0,0.004,0,0,0,0,0,0,0,0
959,0.127,0.029,0.001,0,0,0.004,0,0,0,0,0,0,0,0
960,0.001,0.031,0.001,0.208609,1,0.002,1,0,0,0,0,0,0,0.666667
961,0.003,0.031,0.001,0.208609,1,0.002,1,0,0,0,0,0,0,0.666667
962,0.005,0.031,0.001,0.208609,1,0.002,1,0,0,0,0,0,0,0.666667
963,0.007,0.031,0.001,0.208609,1,0.002,1,0,0,0,0,0,0,0.666667
964,0.009,0.031,0.001,0.208609,1,0.002,1,0,0,0,0,0,0,0.666667
965,0.011,0.031,0.001,0.208609,1,0.002,1,0,0,0,0,0,0,0.666667
966,0.013,0.031,0.001,0.208609,1,0.002,1,0,0,0,0,0,0,0.666667
967,0.015,0.031,0.001,0.208609,1,0.002,1,0,0,0,0,0,0,0.666667
968,0.017,0.031,0.001,0.131745,1,0.00282843,1,0,0,0,0,0,0,0.942809
969,0.019,0.031,0.001,0,0,0.00447214,0,0,0,0,0,0,0,0
970,0.021,0.031,0.001,0,0,0.00632456,0,0,0,0,0,0,0,0
971,0.023,0.031,0.001,0,0,0.00824621,0,0,0,0,0,0,0,0
972,0.025,0.031,0.001,0,0,0.010198,0,0,0,0,0,0,0,0
973,0.027,0.031,0.001,0,0,0.0121655,0,0,0,0,0,0,0,0
974,0.029,0.031,0.001,0,0,0.0141421,0,0,0,0,0,0,0,0
975,0.031,0.031,0.001,0,0,0.016,0,0,0,0,0,0,0,0
976,0.033,0.031,0.001,0,0,0.016,0,0,0,0,0,0,0,0
977,0.035,0.031,0.001,0,0,0.014,0,0,0,0,0,0,0,0
978,0.037,0.031,0.001,0,0,0.012,0,0,0,0,0,0,0,0
979,0.039,0.031,0.001,0,0,0.01,0,0,0,0,0,0,0,0
980,0.041,0.031,0.001,0,0,0.008,0,0,0,0,0,0,0,0
981,0.043,0.031,0.001,0,0,0.006,0,0,0,0,0,0,0,0
982,0.045,0.031,0.001,0,0,0.004,0,0,0,0,0,0,0,0
983,0.047,0.031,0.001,0.208609,1,0.002,1,0,0,0,0,0,0,0.666667
984,0.049,0.031,0.001,1,1,-0.002,1,0,0,0,0,0,0,0.666667
985,0.051,0.031,0.001,1,1,-0.004,0,0,0,0,0,0,0,0
986,0.053,0.031,0.001,1,1,-0.006,0,0,0,0,0,0,0,0
987,0.055,0.031,0.001,1,1,-0.008,0,0,0,0,0,0,0,0
988,0.057,0.031,0.001,1,1,-0.008,0,0,0,0,0,0,0,0
989,0.059,0.031,0.001,1,1,-0.006,0,0,0,0,0,0,0,0
990,0.061,0.031,0.001,1,1,-0.004,0,0,0,0,0,0,0,0
991,0.063,0.031,0.001,1,1,-0.002,1,0,0,0,0,0,0,0.666667
992,0.065,0.031,0.001,0.208609,1,0.002,1,0,0,0,0,0,0,0.666667
993,0.067,0.031,0.001,0.208609,1,0.002,1,0,0,0,0,0,0,0.666667
994,0.069,0.031,0.001,0.208609,1,0.002,1,0,0,0,0,0,0,0.666667
995,0.071,0.031,0.001,0.208609,1,0.002,1,0,0,0,0,0,0,0.666667
996,0.073,0.031,0.001,0.208609,1,0.002,1,0,0,0,0,0,0,0.666667
997,0.075,0.031,0.001,0.208609,1,0.002,1,0,0,0,0,0,0,0.666667
998,0.077,0.031,0.001,0.208609,1,0.002,1,0,0,0,0,0,0,0.666667
999,0.079,0.031,0.001,0.208609,1,0.002,1,0,0,0,0,0,0,0.666667
1000,0.081,0.031,0.001,0.208609,1,0.002,1,0,0,0,0,0,0,0.666667
1001,0.083,0.031,0.001,0.208609,1,0.002,1,0,0,0,0,0,0,0.666667
1002,0.085,0.031,0.001,0.208609,1,0.002,1,0,0,0,0,0,0,0.666667
1003,0.087,0.031,0.001,0.208609,1,0.002,1,0,0,0,0,0,0,0.666667
1004,0.089,0.031,0.001,0.208609,1,0.002,1,0,0,0,0,0,0,0.666667
1005,0.091,0.031,0.001,0.208609,1,0.002,1,0,0,0,0,0,0,0.666667
1006,0.093,0.031,0.001,0.208609,1,0.002,1,0,0,0,0,0,0,0.666667
1007,0.095,0.031,0.001,0.208609,1,0.002,1,0,0,0,0,0,0,0.666667
1008,0.097,0.031,0.001,0.208609,1,0.002,1,0,0,0,0,0,0,0.666667
1009,0.099,0.031,0.001,0.208609,1,0.002,1,0,0,0,0,0,0,0.666667
1010,0.101,0.031,0.001,0.208609,1,0.002,1,0,0,0,0,0,0,0.666667
1011,0.103,0.031,0.001,0.208609,1,0.002,1,0,0,0,0,0,0,0.666667
1012,0.105,0.031,0.001,0.208609,1,0.002,1,0,0,0,0,0,0,0.666667
1013,0.107,0.031,0.001,0.208609,1,0.002,1,0,0,0,0,0,0,0.666667
1014,0.109,0.031,0.001,0.208609,1,0.002,1,0,0,0,0,0,0,0.666667
1015,0.111,0.031,0.001,0.208609,1,0.002,1,0,0,0,0,0,0,0.666667
1016,0.113,0.031,0.001,0.208609,1,0.002,1,0,0,0,0,0,0,0.666667
1017,0.115,0.031,0.001,0.208609,1,0.002,1,0,0,0,0,0,0,0.666667
1018,0.117,0.031,0.001,0.208609,1,0.002,1,0,0,0,0,0,0,0.666667
1019,0.119,0.031,0.001,0.208609,1,0.002,1,0,0,0,0,0,0,0.666667
1020,0.121,0.031,0.001,0.208609,1,0.002,1,0,0,0,0,0,0,0.666667
1021,0.123,0.031,0.001,0.208609,1,0.002,1,0,0,0,0,0,0,0.666667
1022,0.125,0.031,0.001,0.208609,1,0.002,1,0,0,0,0,0,0,0.666667
1023,0.127,0.031,0.001,0.208609,1,0.002,1,0,0,0,0,0,0,0.666667
1024,0.001,0.033,0.001,1,1,-0.002,1,0,0,0,0,0,0,0.666667
1025,0.003,0.033,0.001,1,1,-0.002,1,0,0,0,0,0,0,0.666667
1026,0.005,0.033,0.001,1,1,-0.002,1,0,0,0,0,0,0,0.666667
1027,0.007,0.033,0.001,1,1,-0.002,1,0,0,0,0,0,0,0.666667
1028,0.009,0.033,0.001,1,1,-0.002,1,0,0,0,0,0,0,0.666667
1029,0.011,0.033,0.001,1,1,-0.002,1,0,0,0,0,0,0,0.666667
1030,0.013,0.033,0.001,1,1,-0.002,1,0,0,0,0,0,0,0.666667
1031,0.015,0.033,0.001,1,1,-0.002,1,0,0,0,0,0,0,0.666667
1032,0.017,0.033,0.001,0.208609,1,0.002,1,0,0,0,0,0,0,0.666667
1033,0.019,0.033,0.001,0,0,0.004,0,0,0,0,0,0,0,0
1034,0.021,0.033,0.001,0,0,0.006,0,0,0,0,0,0,0,0
1035,0.023,0.033,0.001,0,0,0.008,0,0,0,0,0,0,0,0
1036,0.025,0.033,0.001,0,0,0.01,0,0,0,0,0,0,0,0
1037,0.027,0.033,0.001,0,0,0.012,0,0,0,0,0,0,0,0
1038,0.029,0.033,0.001,0,0,0.014,0,0,0,0,0,0,0,0
1039,0.031,0.033,0.001,0,0,0.016,0,0,0,0,0,0,0,0
1040,0.033,0.033,0.001,0,0,0.016,0,0,0,0,0,0,0,0
1041,0.035,0.033,0.001,0,0,0.014,0,0,0,0,0,0,0,0
1042,0.037,0.033,0.001,0,0,0.012,0,0,0,0,0,0,0,0
1043,0.039,0.033,0.001,0,0,0.01,0,0,0,0,0,0,0,0
1044,0.041,0.033,0.001,0,0,0.008,0,0,0,0,0,0,0,0
1045,0.043,0.033,0.001,0,0,0.006,0,0,0,0,0,0,0,0
1046,0.045,0.033,0.001,0,0,0.004,0,0,0,0,0,0,0,0
1047,0.047,0.033,0.001,0.208609,1,0.002,1,0,0,0,0,0,0,0.666667
1048,0.049,0.033,0.001,1,1,-0.002,1,0,0,0,0,0,0,0.666667
1049,0.051,0.033,0.001,1,1,-0.004,0,0,0,0,0,0,0,0
1050,0.053,0.033,0.001,1,1,-0.006,0,0,0,0,0,0,0,0
1051,0.055,0.033,0.001,1,1,-0.008,0,0,0,0,0,0,0,0
1052,0.057,0.033,0.001,1,1,-0.00824621,0,0,0,0,0,0,0,0
1053,0.059,0.033,0.001,1,1,-0.00632456,0,0,0,0,0,0,0,0
1054,0.061,0.033,0.001,1,1,-0.00447214,0,0,0,0,0,0,0,0
1055,0.063,0.033,0.001,1,1,-0.00282843,1,0,0,0,0,0,0,0.942809
1056,0.065,0.033,0.001,1,1,-0.002,1,0,0,0,0,0,0,0.666667
1057,0.067,0.033,0.001,1,1,-0.002,1,0,0,0,0,0,0,0.666667
1058,0.069,0.033,0.001,1,1,-0.002,1,0,0,0,0,0,0,0.666667
1059,0.071,0.033,0.001,1,1,-0.002,1,0,0,0,0,0,0,0.666667
1060,0.073,0.033,0.001,1,1,-0.002,1,0,0,0,0,0,0,0.666667
1061,0.075,0.033,0.001,1,1,-0.002,1,0,0,0,0,0,0,0.666667
1062,0.077,0.033,0.001,1,1,-0.002,1,0,0,0,0,0,0,0.666667
1063,0.079,0.033,0.001,1,1,-0.002,1,0,0,0,0,0,0,0.666667
1064,0.081,0.033,0.001,1,1,-0.002,1,0,0,0,0,0,0,0.666667
1065,0.083,0.033,0.001,1,1,-0.002,1,0,0,0,0,0,0,0.666667
1066,0.085,0.033,0.001,1,1,-0.002,1,0,0,0,0,0,0,0.666667
1067,0.087,0.033,0.001,1,1,-0.002,1,0,0,0,0,0,0,0.666667
1068,0.089,0.033,0.001,1,1,-0.002,1,0,0,0,0,0,0,0.666667
1069,0.091,0.033,0.001,1,1,-0.002,1,0,0,0,0,0,0,0.666667
1070,0.093,0.033,0.001,1,1,-0.002,1,0,0,0,0,0,0,0.666667
1071,0.095,0.033,0.001,1,1,-0.002,1,0,0,0,0,0,0,0.666667
1072,0.097,0.033,0.001,1,1,-0.002,1,0,0,0,0,0,0,0.666667
1073,0.099,0.033,0.001,1,1,-0.002,1,0,0,0,0,0,0,0.666667
1074,0.101,0.033,0.001,1,1,-0.002,1,0,0,0,0,0,0,0.666667
1075,0.103,0.033,0.001,1,1,-0.002,1,0,0,0,0,0,0,0.666667
1076,0.105,0.033,0.001,1,1,-0.002,1,0,0,0,0,0,0,0.666667
1077,0.107,0.033,0.001,1,1,-0.002,1,0,0,0,0,0,0,0.666667
1078,0.109,0.033,0.001,1,1,-0.002,1,0,0,0,0,0,0,0.666667
1079,0.111,0.033,0.001,1,1,-0.002,1,0,0,0,0,0,0,0.666667
1080,0.113,0.033,0.001,1,1,-0.002,1,0,0,0,0,0,0,0.666667
1081,0.115,0.033,0.001,1,1,-0.002,1,0,0,0,0,0,0,0.666667
1082,0.117,0.033,0.001,1,1,-0.002,1,0,0,0,0,0,0,0.666667
1083,0.119,0.033,0.001,1,1,-0.002,1,0,0,0,0,0,0,0.666667
1084,0.121,0.033,0.001,1,1,-0.002,1,0,0,0,0,0,0,0.666667
1085,0.123,0.033,0.001,1,1,-0.002,1,0,0,0,0,0,0,0.666667
1086,0.125,0.033,0.001,1,1,-0.002,1,0,0,0,0,0,0,0.666667
1087,0.127,0.033,0.001,1,1,-0.002,1,0,0,0,0,0,0,0.666667
1088,0.001,0.035,0.001,1,1,-0.004,0,0,0,0,0,0,0,0
1089,0.003,0.035,0.001,1,1,-0.004,0,0,0,0,0,0,0,0
1090,0.005,0.035,0.001,1,1,-0.004,0,0,0,0,0,0,0,0
1091,0.007,0.035,0.001,1,1,-0.004,0,0,0,0,0,0,0,0
1092,0.009,0.035,0.001,1,1,-0.004,0,0,0,0,0,0,0,0
1093,0.011,0.035,0.001,1,1,-0.004,0,0,0,0,0,0,0,0
1094,0.013,0.035,0.001,1,1,-0.004,0,0,0,0,0,0,0,0
1095,0.015,0.035,0.001,1,1,-0.002,1,0,0,0,0,0,0,0.666667
1096,0.017,0.035,0.001,0.208609,1,0.002,1,0,0,0,0,0,0,0.666667
1097,0.019,0.035,0.001,0,0,0.004,0,0,0,0,0,0,0,0
1098,0.021,0.035,0.001,0,0,0.006,0,0,0,0,0,0,0,0
1099,0.023,0.035,0.001,0,0,0.008,0,0,0,0,0,0,0,0
1100,0.025,0.035,0.001,0,0,0.01,0,0,0,0,0,0,0,0
1101,0.027,0.035,0.001,0,0,0.012,0,0,0,0,0,0,0,0
1102,0.029,0.035,0.001,0,0,0.014,0,0,0,0,0,0,0,0
1103,0.031,0.035,0.001,0,0,0.016,0,0,0,0,0,0,0,0
1104,0.033,0.035,0.001,0,0,0.016,0,0,0,0,0,0,0,0
1105,0.035,0.035,0.001,0,0,0.014,0,0,0,0,0,0,0,0
1106,0.037,0.035,0.001,0,0,0.012,0,0,0,0,0,0,0,0
1107,0.039,0.035,0.001,0,0,0.01,0,0,0,0,0,0,0,0
1108,0.041,0.035,0.001,0,0,0.008,0,0,0,0,0,0,0,0
1109,0.043,0.035,0.001,0,0,0.006,0,0,0,0,0,0,0,0
1110,0.045,0.035,0.001,0,0,0.004,0,0,0,0,0,0,0,0
1111,0.047,0.035,0.001,0.208609,1,0.002,1,0,0,0,0,0,0,0.666667
1112,0.049,0.035,0.001,1,1,-0.002,1,0,0,0,0,0,0,0.666667
1113,0.051,0.035,0.001,1,1,-0.004,0,0,0,0,0,0,0,0
1114,0.053,0.035,0.001,1,1,-0.006,0,0,0,0,0,0,0,0
1115,0.055,0.035,0.001,1,1,-0.008,0,0,0,0,0,0,0,0
1116,0.057,0.035,0.001,1,1,-0.00894427,0,0,0,0,0,0,0,0
1117,0.059,0.035,0.001,1,1,-0.0072111,0,0,0,0,0,0,0,0
1118,0.061,0.035,0.001,1,1,-0.00565685,0,0,0,0,0,0,0,0
1119,0.063,0.035,0.001,1,1,-0.00447214,0,0,0,0,0,0,0,0
1120,0.065,0.035,0.001,1,1,-0.004,0,0,0,0,0,0,0,0
1121,0.067,0.035,0.001,1,1,-0.004,0,0,0,0,0,0,0,0
1122,0.069,0.035,0.001,1,1,-0.004,0,0,0,0,0,0,0,0
1123,0.071,0.035,0.001,1,1,-0.004,0,0,0,0,0,0,0,0
1124,0.073,0.035,0.001,1,1,-0.004,0,0,0,0,0,0,0,0
1125,0.075,0.035,0.001,1,1,-0.004,0,0,0,0,0,0,0,0
1126,0.077,0.035,0.001,1,1,-0.004,0,0,0,0,0,0,0,0
1127,0.079,0.035,0.001,1,1,-0.004,0,0,0,0,0,0,0,0
1128,0.081,0.035,0.001,1,1,-0.004,0,0,0,0,0,0,0,0
1129,0.083,0.035,0.001,1,1,-0.004,0,0,0,0,0,0,0,0
1130,0.085,0.035,0.001,1,1,-0.004,0,0,0,0,0,0,0,0
1131,0.087,0.035,0.001,1,1,-0.004,0,0,0,0,0,0,0,0
1132,0.089,0.035,0.001,1,1,-0.004,0,0,0,0,0,0,0,0
1133,0.091,0.035,0.001,1,1,-0.004,0,0,0,0,0,0,0,0
1134,0.093,0.035,0.001,1,1,-0.004,0,0,0,0,0,0,0,0
1135,0.095,0.035,0.001,1,1,-0.004,0,0,0,0,0,0,0,0
1136,0.097,0.035,0.001,1,1,-0.004,0,0,0,0,0,0,0,0
1137,0.099,0.035,0.001,1,1,-0.004,0,0,0,0,0,0,0,0
1138,0.101,0.035,0.001,1,1,-0.004,0,0,0,0,0,0,0,0
1139,0.103,0.035,0.001,1,1,-0.004,0,0,0,0,0,0,0,0
1140,0.105,0.035,0.001,1,1,-0.004,0,0,0,0,0,0,0,0
1141,0.107,0.035,0.001,1,1,-0.004,0,0,0,0,0,0,0,0
1142,0.109,0.035,0.001,1,1,-0.004,0,0,0,0,0,0,0,0
1143,0.111,0.035,0.001,1,1,-0.004,0,0,0,0,0,0,0,0
1144,0.113,0.035,0.001,1,1,-0.004,0,0,0,0,0,0,0,0
1145,0.115,0.035,0.001,1,1,-0.004,0,0,0,0,0,0,0,0
1146,0.117,0.035,0.001,1,1,-0.004,0,0,0,0,0,0,0,0
1147,0.119,0.035,0.001,1,1,-0.004,0,0,0,0,0,0,0,0
1148,0.121,0.035,0.001,1,1,-0.004,0,0,0,0,0,0,0,0
1149,0.123,0.035,0.001,1,1,-0.004,0,0,0,0,0,0,0,0
1150,0.125,0.035,0.001,1,1,-0.004,0,0,0,0,0,0,0,0
1151,0.127,0.035,0.001,1,1,-0.004,0,0,0,0,0,0,0,0
1152,0.001,0.037,0.001,1,1,-0.006,0,0,0,0,0,0,0,0
1153,0.003,0.037,0.001,1,1,-0.006,0,0,0,0,0,0,0,0
1154,0.005,0.037,0.001,1,1,-0.006,0,0,0,0,0,0,0,0
1155,0.007,0.037,0.001,1,1,-0.006,0,0,0,0,0,0,0,0
1156,0.009,0.037,0.001,1,1,-0.006,0,0,0,0,0,0,0,0
1157,0.011,0.037,0.001,1,1,-0.006,0,0,0,0,0,0,0,0
1158,0.013,0.037,0.001,1,1,-0.004,0,0,0,0,0,0,0,0
1159,0.015,0.037,0.001,1,1,-0.002,1,0,0,0,0,0,0,0.666667
1160,0.017,0.037,0.001,0.208609,1,0.002,1,0,0,0,0,0,0,0.666667
1161,0.019,0.037,0.001,0,0,0.004,0,0,0,0,0,0,0,0
1162,0.021,0.037,0.001,0,0,0.006,0,0,0,0,0,0,0,0
1163,0.023,0.037,0.001,0,0,0.008,0,0,0,0,0,0,0,0
1164,0.025,0.037,0.001,0,0,0.01,0,0,0,0,0,0,0,0
1165,0.027,0.037,0.001,0,0,0.012,0,0,0,0,0,0,0,0
1166,0.029,0.037,0.001,0,0,0.014,0,0,0,0,0,0,0,0
1167,0.031,0.037,0.001,0,0,0.016,0,0,0,0,0,0,0,0
1168,0.033,0.037,0.001,0,0,0.016,0,0,0,0,0,0,0,0
1169,0.035,0.037,0.001,0,0,0.014,0,0,0,0,0,0,0,0
1170,0.037,0.037,0.001,0,0,0.012,0,0,0,0,0,0,0,0
1171,0.039,0.037,0.001,0,0,0.01,0,0,0,0,0,0,0,0
1172,0.041,0.037,0.001,0,0,0.008,0,0,0,0,0,0,0,0
1173,0.043,0.037,0.001,0,0,0.006,0,0,0,0,0,0,0,0
1174,0.045,0.037,0.001,0,0,0.004,0,0,0,0,0,0,0,0
1175,0.047,0.037,0.001,0.208609,1,0.002,1,0,0,0,0,0,0,0.666667
1176,0.049,0.037,0.001,1,1,-0.002,1,0,0,0,0,0,0,0.666667
1177,0.051,0.037,0.001,1,1,-0.004,0,0,0,0,0,0,0,0
1178,0.053,0.037,0.001,1,1,-0.006,0,0,0,0,0,0,0,0
1179,0.055,0.037,0.001,1,1,-0.008,0,0,0,0,0,0,0,0
1180,0.057,0.037,0.001,1,1,-0.01,0,0,0,0,0,0,0,0
1181,0.059,0.037,0.001,1,1,-0.00848528,0,0,0,0,0,0,0,0
1182,0.061,0.037,0.001,1,1,-0.0072111,0,0,0,0,0,0,0,0
1183,0.063,0.037,0.001,1,1,-0.00632456,0,0,0,0,0,0,0,0
1184,0.065,0.037,0.001,1,1,-0.006,0,0,0,0,0,0,0,0
1185,0.067,0.037,0.001,1,1,-0.006,0,0,0,0,0,0,0,0
1186,0.069,0.037,0.001,1,1,-0.006,0,0,0,0,0,0,0,0
1187,0.071,0.037,0.001,1,1,-0.006,0,0,0,0,0,0,0,0
1188,0.073,0.037,0.001,1,1,-0.006,0,0,0,0,0,0,0,0
1189,0.075,0.037,0.001,1,1,-0.006,0,0,0,0,0,0,0,0
1190,0.077,0.037,0.001,1,1,-0.006,0,0,0,0,0,0,0,0
1191,0.079,0.037,0.001,1,1,-0.006,0,0,0,0,0,0,0,0
1192,0.081,0.037,0.001,1,1,-0.006,0,0,0,0,0,0,0,0
1193,0.083,0.037,0.001,1,1,-0.006,0,0,0,0,0,0,0,0
1194,0.085,0.037,0.001,1,1,-0.006,0,0,0,0,0,0,0,0
1195,0.087,0.037,0.001,1,1,-0.006,0,0,0,0,0,0,0,0
1196,0.089,0.037,0.001,1,1,-0.006,0,0,0,0,0,0,0,0
1197,0.091,0.037,0.001,1,1,-0.006,0,0,0,0,0,0,0,0
1198,0.093,0.037,0.001,1,1,-0.006,0,0,0,0,0,0,0,0
1199,0.095,0.037,0.001,1,1,-0.006,0,0,0,0,0,0,0,0
1200,0.097,0.037,0.001,1,1,-0.006,0,0,0,0,0,0,0,0
1201,0.099,0.037,0.001,1,1,-0.006,0,0,0,0,0,0,0,0
1202,0.101,0.037,0.001,1,1,-0.006,0,0,0,0,0,0,0,0
1203,0.103,0.037,0.001,1,1,-0.006,0,0,0,0,0,0,0,0
1204,0.105,0.037,0.001,1,1,-0.006,0,0,0,0,0,0,0,0
1205,0.107,0.037,0.001,1,1,-0.006,0,0,0,0,0,0,0,0
1206,0.109,0.037,0.001,1,1,-0.006,0,0,0,0,0,0,0,0
1207,0.111,0.037,0.001,1,1,-0.006,0,0,0,0,0,0,0,0
1208,0.113,0.037,0.001,1,1,-0.006,0,0,0,0,0,0,0,0
1209,0.115,0.037,0.001,1,1,-0.006,0,0,0,0,0,0,0,0
1210,0.117,0.037,0.001,1,1,-0.006,0,0,0,0,0,0,0,0
1211,0.119,0.037,0.001,1,1,-0.006,0,0,0,0,0,0,0,0
1212,0.121,0.037,0.001,1,1,-0.006,0,0,0,0,0,0,0,0
1213,0.123,0.037,0.001,1,1,-0.006,0,0,0,0,0,0,0,0
1214,0.125,0.037,0.001,1,1,-0.006,0,0,0,0,0,0,0,0
1215,0.127,0.037,0.001,1,1,-0.006,0,0,0,0,0,0,0,0
1216,0.001,0.039,0.001,1,1,-0.008,0,0,0,0,0,0,0,0
1217,0.003,0.039,0.001,1,1,-0.008,0,0,0,0,0,0,0,0
1218,0.005,0.039,0.001,1,1,-0.008,0,0,0,0,0,0,0,0
1219,0.007,0.039,0.001,1,1,-0.008,0,0,0,0,0,0,0,0
1220,0.009,0.039,0.001,1,1,-0.008,0,0,0,0,0,0,0,0
1221,0.011,0.039,0.001,1,1,-0.006,0,0,0,0,0,0,0,0
1222,0.013,0.039,0.001,1,1,-0.004,0,0,0,0,0,0,0,0
1223,0.015,0.039,0.001,1,1,-0.002,1,0,0,0,0,0,0,0.666667
1224,0.017,0.039,0.001,0.208609,1,0.002,1,0,0,0,0,0,0,0.666667
1225,0.019,0.039,0.001,0,0,0.004,0,0,0,0,0,0,0,0
1226,0.021,0.039,0.001,0,0,0.006,0,0,0,0,0,0,0,0
1227,0.023,0.039,0.001,0,0,0.008,0,0,0,0,0,0,0,0
1228,0.025,0.039,0.001,0,0,0.01,0,0,0,0,0,0,0,0
1229,0.027,0.039,0.001,0,0,0.012,0,0,0,0,0,0,0,0
1230,0.029,0.039,0.001,0,0,0.014,0,0,0,0,0,0,0,0
1231,0.031,0.039,0.001,0,0,0.016,0,0,0,0,0,0,0,0
1232,0.033,0.039,0.001,0,0,0.016,0,0,0,0,0,0,0,0
1233,0.035,0.039,0.001,0,0,0.014,0,0,0,0,0,0,0,0
1234,0.037,0.039,0.001,0,0,0.012,0,0,0,0,0,0,0,0
1235,0.039,0.039,0.001,0,0,0.01,0,0,0,0,0,0,0,0
1236,0.041,0.039,0.001,0,0,0.008,0,0,0,0,0,0,0,0
1237,0.043,0.039,0.001,0,0,0.006,0,0,0,0,0,0,0,0
1238,0.045,0.039,0.001,0,0,0.004,0,0,0,0,0,0,0,0
1239,0.047,0.039,0.001,0.208609,1,0.002,1,0,0,0,0,0,0,0.666667
1240,0.049,0.039,0.001,1,1,-0.002,1,0,0,0,0,0,0,0.666667
1241,0.051,0.039,0.001,1,1,-0.004,0,0,0,0,0,0,0,0
1242,0.053,0.039,0.001,1,1,-0.006,0,0,0,0,0,0,0,0
1243,0.055,0.039,0.001,1,1,-0.008,0,0,0,0,0,0,0,0
1244,0.057,0.039,0.001,1,1,-0.01,0,0,0,0,0,0,0,0
1245,0.059,0.039,0.001,1,1,-0.01,0,0,0,0,0,0,0,0
1246,0.061,0.039,0.001,1,1,-0.00894427,0,0,0,0,0,0,0,0
1247,0.063,0.039,0.001,1,1,-0.00824621,0,0,0,0,0,0,0,0
1248,0.065,0.039,0.001,1,1,-0.008,0,0,0,0,0,0,0,0
1249,0.067,0.039,0.001,1,1,-0.008,0,0,0,0,0,0,0,0
1250,0.069,0.039,0.001,1,1,-0.008,0,0,0,0,0,0,0,0
1251,0.071,0.039,0.001,1,1,-0.008,0,0,0,0,0,0,0,0
1252,0.073,0.039,0.001,1,1,-0.008,0,0,0,0,0,0,0,0
1253,0.075,0.039,0.001,1,1,-0.008,0,0,0,0,0,0,0,0
1254,0.077,0.039,0.001,1,1,-0.008,0,0,0,0,0,0,0,0
1255,0.079,0.039,0.001,1,1,-0.008,0,0,0,0,0,0,0,0
1256,0.081,0.039,0.001,1,1,-0.008,0,0,0,0,0,0,0,0
1257,0.083,0.039,0.001,1,1,-0.008,0,0,0,0,0,0,0,0
1258,0.085,0.039,0.001,1,1,-0.008,0,0,0,0,0,0,0,0
1259,0.087,0.039,0.001,1,1,-0.008,0,0,0,0,0,0,0,0
1260,0.089,0.039,0.001,1,1,-0.008,0,0,0,0,0,0,0,0
1261,0.091,0.039,0.001,1,1,-0.008,0,0,0,0,0,0,0,0
1262,0.093,0.039,0.001,1,1,-0.008,0,0,0,0,0,0,0,0
1263,0.095,0.039,0.001,1,1,-0.008,0,0,0,0,0,0,0,0
1264,0.097,0.039,0.001,1,1,-0.008,0,0,0,0,0,0,0,0
1265,0.099,0.039,0.001,1,1,-0.008,0,0,0,0,0,0,0,0
1266,0.101,0.039,0.001,1,1,-0.008,0,0,0,0,0,0,0,0
1267,0.103,0.039,0.001,1,1,-0.008,0,0,0,0,0,0,0,0
1268,0.105,0.039,0.001,1,1,-0.008,0,0,0,0,0,0,0,0
1269,0.107,0.039,0.001,1,1,-0.008,0,0,0,0,0,0,0,0
1270,0.109,0.039,0.001,1,1,-0.008,0,0,0,0,0,0,0,0
1271,0.111,0.039,0.001,1,1,-0.008,0,0,0,0,0,0,0,0
1272,0.113,0.039,0.001,1,1,-0.008,0,0,0,0,0,0,0,0
1273,0.115,0.039,0.001,1,1,-0.008,0,0,0,0,0,0,0,0
1274,0.117,0.039,0.001,1,1,-0.008,0,0,0,0,0,0,0,0
1275,0.119,0.039,0.001,1,1,-0.008,0,0,0,0,0,0,0,0
1276,0.121,0.039,0.001,1,1,-0.008,0,0,0,0,0,0,0,0
1277,0.123,0.039,0.001,1,1,-0.008,0,0,0,0,0,0,0,0
1278,0.125,0.039,0.001,1,1,-0.008,0,0,0,0,0,0,0,0
1279,0.127,0.039,0.001,1,1,-0.008,0,0,0,0,0,0,0,0
1280,0.001,0.041,0.001,1,1,-0.01,0,0,0,0,0,0,0,0
1281,0.003,0.041,0.001,1,1,-0.01,0,0,0,0,0,0,0,0
1282,0.005,0.041,0.001,1,1,-0.01,0,0,0,0,0,0,0,0
1283,0.007,0.041,0.001,1,1,-0.01,0,0,0,0,0,0,0,0
1284,0.009,0.041,0.001,1,1,-0.008,0,0,0,0,0,0,0,0
1285,0.011,0.041,0.001,1,1,-0.006,0,0,0,0,0,0,0,0
1286,0.013,0.041,0.001,1,1,-0.004,0,0,0,0,0,0,0,0
1287,0.015,0.041,0.001,1,1,-0.002,1,0,0,0,0,0,0,0.666667
1288,0.017,0.041,0.001,0.208609,1,0.002,1,0,0,0,0,0,0,0.666667
1289,0.019,0.041,0.001,0,0,0.004,0,0,0,0,0,0,0,0
1290,0.021,0.041,0.001,0,0,0.006,0,0,0,0,0,0,0,0
1291,0.023,0.041,0.001,0,0,0.008,0,0,0,0,0,0,0,0
1292,0.025,0.041,0.001,0,0,0.01,0,0,0,0,0,0,0,0
1293,0.027,0.041,0.001,0,0,0.012,0,0,0,0,0,0,0,0
1294,0.029,0.041,0.001,0,0,0.014,0,0,0,0,0,0,0,0
1295,0.031,0.041,0.001,0,0,0.016,0,0,0,0,0,0,0,0
1296,0.033,0.041,0.001,0,0,0.016,0,0,0,0,0,0,0,0
1297,0.035,0.041,0.001,0,0,0.014,0,0,0,0,0,0,0,0
1298,0.037,0.041,0.001,0,0,0.012,0,0,0,0,0,0,0,0
1299,0.039,0.041,0.001,0,0,0.01,0,0,0,0,0,0,0,0
1300,0.041,0.041,0.001,0,0,0.008,0,0,0,0,0,0,0,0
1301,0.043,0.041,0.001,0,0,0.006,0,0,0,0,0,0,0,0
1302,0.045,0.041,0.001,0,0,0.004,0,0,0,0,0,0,0,0
1303,0.047,0.041,0.001,0.208609,1,0.002,1,0,0,0,0,0,0,0.666667
1304,0.049,0.041,0.001,1,1,-0.002,1,0,0,0,0,0,0,0.666667
1305,0.051,0.041,0.001,1,1,-0.004,0,0,0,0,0,0,0,0
1306,0.053,0.041,0.001,1,1,-0.006,0,0,0,0,0,0,0,0
1307,0.055,0.041,0.001,1,1,-0.008,0,0,0,0,0,0,0,0
1308,0.057,0.041,0.001,1,1,-0.01,0,0,0,0,0,0,0,0
1309,0.059,0.041,0.001,1,1,-0.0116619,0,0,0,0,0,0,0,0
1310,0.061,0.041,0.001,1,1,-0.0107703,0,0,0,0,0,0,0,0
1311,0.063,0.041,0.001,1,1,-0.010198,0,0,0,0,0,0,0,0
1312,0.065,0.041,0.001,1,1,-0.01,0,0,0,0,0,0,0,0
1313,0.067,0.041,0.001,1,1,-0.01,0,0,0,0,0,0,0,0
1314,0.069,0.041,0.001,1,1,-0.01,0,0,0,0,0,0,0,0
1315,0.071,0.041,0.001,1,1,-0.01,0,0,0,0,0,0,0,0
1316,0.073,0.041,0.001,1,1,-0.01,0,0,0,0,0,0,0,0
1317,0.075,0.041,0.001,1,1,-0.01,0,0,0,0,0,0,0,0
1318,0.077,0.041,0.001,1,1,-0.01,0,0,0,0,0,0,0,0
1319,0.079,0.041,0.001,1,1,-0.01,0,0,0,0,0,0,0,0
1320,0.081,0.041,0.001,1,1,-0.01,0,0,0,0,0,0,0,0
1321,0.083,0.041,0.001,1,1,-0.01,0,0,0,0,0,0,0,0
1322,0.085,0.041,0.001,1,1,-0.01,0,0,0,0,0,0,0,0
1323,0.087,0.041,0.001,1,1,-0.01,0,0,0,0,0,0,0,0
1324,0.089,0.041,0.001,1,1,-0.01,0,0,0,0,0,0,0,0
1325,0.091,0.041,0.001,1,1,-0.01,0,0,0,0,0,0,0,0
1326,0.093,0.041,0.001,1,1,-0.01,0,0,0,0,0,0,0,0
1327,0.095,0.041,0.001,1,1,-0.01,0,0,0,0,0,0,0,0
1328,0.097,0.041,0.001,1,1,-0.01,0,0,0,0,0,0,0,0
1329,0.099,0.041,0.001,1,1,-0.01,0,0,0,0,0,0,0,0
1330,0.101,0.041,0.001,1,1,-0.01,0,0,0,0,0,0,0,0
1331,0.103,0.041,0.001,1,1,-0.01,0,0,0,0,0,0,0,0
1332,0.105,0.041,0.001,1,1,-0.01,0,0,0,0,0,0,0,0
1333,0.107,0.041,0.001,1,1,-0.01,0,0,0,0,0,0,0,0
1334,0.109,0.041,0.001,1,1,-0.01,0,0,0,0,0,0,0,0
1335,0.111,0.041,0.001,1,1,-0.01,0,0,0,0,0,0,0,0
1336,0.113,0.041,0.001,1,1,-0.01,0,0,0,0,0,0,0,0
1337,0.115,0.041,0.001,1,1,-0.01,0,0,0,0,0,0,0,0
1338,0.117,0.041,0.001,1,1,-0.01,0,0,0,0,0,0,0,0
1339,0.119,0.041,0.001,1,1,-0.01,0,0,0,0,0,0,0,0
1340,0.121,0.041,0.001,1,1,-0.01,0,0,0,0,0,0,0,0
1341,0.123,0.041,0.001,1,1,-0.01,0,0,0,0,0,0,0,0
1342,0.125,0.041,0.001,1,1,-0.01,0,0,0,0,0,0,0,0
1343,0.127,0.041,0.001,1,1,-0.01,0,0,0,0,0,0,0,0
1344,0.001,0.043,0.001,1,1,-0.012,0,0,0,0,0,0,0,0
1345,0.003,0.043,0.001,1,1,-0.012,0,0,0,0,0,0,0,0
1346,0.005,0.043,0.001,1,1,-0.012,0,0,0,0,0,0,0,0
1347,0.007,0.043,0.001,1,1,-0.01,0,0,0,0,0,0,0,0
1348,0.009,0.043,0.001,1,1,-0.008,0,0,0,0,0,0,0,0
1349,0.011,0.043,0.001,1,1,-0.006,0,0,0,0,0,0,0,0
1350,0.013,0.043,0.001,1,1,-0.004,0,0,0,0,0,0,0,0
1351,0.015,0.043,0.001,1,1,-0.002,1,0,0,0,0,0,0,0.666667
1352,0.017,0.043,0.001,0.208609,1,0.002,1,0,0,0,0,0,0,0.666667
1353,0.019,0.043,0.001,0,0,0.004,0,0,0,0,0,0,0,0
1354,0.021,0.043,0.001,0,0,0.006,0,0,0,0,0,0,0,0
1355,0.023,0.043,0.001,0,0,0.008,0,0,0,0,0,0,0,0
1356,0.025,0.043,0.001,0,0,0.01,0,0,0,0,0,0,0,0
1357,0.027,0.043,0.001,0,0,0.012,0,0,0,0,0,0,0,0
1358,0.029,0.043,0.001,0,0,0.014,0,0,0,0,0,0,0,0
1359,0.031,0.043,0.001,0,0,0.016,0,0,0,0,0,0,0,0
1360,0.033,0.043,0.001,0,0,0.016,0,0,0,0,0,0,0,0
1361,0.035,0.043,0.001,0,0,0.014,0,0,0,0,0,0,0,0
1362,0.037,0.043,0.001,0,0,0.012,0,0,0,0,0,0,0,0
1363,0.039,0.043,0.001,0,0,0.01,0,0,0,0,0,0,0,0
1364,0.041,0.043,0.001,0,0,0.008,0,0,0,0,0,0,0,0
1365,0.043,0.043,0.001,0,0,0.006,0,0,0,0,0,0,0,0
1366,0.045,0.043,0.001,0,0,0.004,0,0,0,0,0,0,0,0
1367,0.047,0.043,0.001,0.208609,1,0.002,1,0,0,0,0,0,0,0.666667
1368,0.049,0.043,0.001,1,1,-0.002,1,0,0,0,0,0,0,0.666667
1369,0.051,0.043,0.001,1,1,-0.004,0,0,0,0,0,0,0,0
1370,0.053,0.043,0.001,1,1,-0.006,0,0,0,0,0,0,0,0
1371,0.055,0.043,0.001,1,1,-0.008,0,0,0,0,0,0,0,0
1372,0.057,0.043,0.001,1,1,-0.01,0,0,0,0,0,0,0,0
1373,0.059,0.043,0.001,1,1,-0.012,0,0,0,0,0,0,0,0
1374,0.061,0.043,0.001,1,1,-0.0126491,0,0,0,0,0,0,0,0
1375,0.063,0.043,0.001,1,1,-0.0121655,0,0,0,0,0,0,0,0
1376,0.065,0.043,0.001,1,1,-0.012,0,0,0,0,0,0,0,0
1377,0.067,0.043,0.001,1,1,-0.012,0,0,0,0,0,0,0,0
1378,0.069,0.043,0.001,1,1,-0.012,0,0,0,0,0,0,0,0
1379,0.071,0.043,0.001,1,1,-0.012,0,0,0,0,0,0,0,0
1380,0.073,0.043,0.001,1,1,-0.012,0,0,0,0,0,0,0,0
1381,0.075,0.043,0.001,1,1,-0.012,0,0,0,0,0,0,0,0
1382,0.077,0.043,0.001,1,1,-0.012,0,0,0,0,0,0,0,0
1383,0.079,0.043,0.001,1,1,-0.012,0,0,0,0,0,0,0,0
1384,0.081,0.043,0.001,1,1,-0.012,0,0,0,0,0,0,0,0
1385,0.083,0.043,0.001,1,1,-0.012,0,0,0,0,0,0,0,0
1386,0.085,0.043,0.001,1,1,-0.012,0,0,0,0,0,0,0,0
1387,0.087,0.043,0.001,1,1,-0.012,0,0,0,0,0,0,0,0
1388,0.089,0.043,0.001,1,1,-0.012,0,0,0,0,0,0,0,0
1389,0.091,0.043,0.001,1,1,-0.012,0,0,0,0,0,0,0,0
1390,0.093,0.043,0.001,1,1,-0.012,0,0,0,0,0,0,0,0
1391,0.095,0.043,0.001,1,1,-0.012,0,0,0,0,0,0,0,0
1392,0.097,0.043,0.001,1,1,-0.012,0,0,0,0,0,0,0,0
1393,0.099,0.043,0.001,1,1,-0.012,0,0,0,0,0,0,0,0
1394,0.101,0.043,0.001,1,1,-0.012,0,0,0,0,0,0,0,0
1395,0.103,0.043,0.001,1,1,-0.012,0,0,0,0,0,0,0,0
1396,0.105,0.043,0.001,1,1,-0.012,0,0,0,0,0,0,0,0
1397,0.107,0.043,0.001,1,1,-0.012,0,0,0,0,0,0,0,0
1398,0.109,0.043,0.001,1,1,-0.012,0,0,0,0,0,0,0,0
1399,0.111,0.043,0.001,1,1,-0.012,0,0,0,0,0,0,0,0
1400,0.113,0.043,0.001,1,1,-0.012,0,0,0,0,0,0,0,0
1401,0.115,0.043,0.001,1,1,-0.012,0,0,0,0,0,0,0,0
1402,0.117,0.043,0.001,1,1,-0.012,0,0,0,0,0,0,0,0
1403,0.119,0.043,0.001,1,1,-0.012,0,0,0,0,0,0,0,0
1404,0.121,0.043,0.001,1,1,-0.012,0,0,0,0,0,0,0,0
1405,0.123,0.043,0.001,1,1,-0.012,0,0,0,0,0,0,0,0
1406,0.125,0.043,0.001,1,1,-0.012,0,0,0,0,0,0,0,0
1407,0.127,0.043,0.001,1,1,-0.012,0,0,0,0,0,0,0,0
1408,0.001,0.045,0.001,1,1,-0.014,0,0,0,0,0,0,0,0
1409,0.003,0.045,0.001,1,1,-0.014,0,0,0,0,0,0,0,0
1410,0.005,0.045,0.001,1,1,-0.012,0,0,0,0,0,0,0,0
1411,0.007,0.045,0.001,1,1,-0.01,0,0,0,0,0,0,0,0
1412,0.009,0.045,0.001,1,1,-0.008,0,0,0,0,0,0,0,0
1413,0.011,0.045,0.001,1,1,-0.006,0,0,0,0,0,0,0,0
1414,0.013,0.045,0.001,1,1,-0.004,0,0,0,0,0,0,0,0
1415,0.015,0.045,0.001,1,1,-0.002,1,0,0,0,0,0,0,0.666667
1416,0.017,0.045,0.001,0.208609,1,0.002,1,0,0,0,0,0,0,0.666667
1417,0.019,0.045,0.001,0,0,0.004,0,0,0,0,0,0,0,0
1418,0.021,0.045,0.001,0,0,0.006,0,0,0,0,0,0,0,0
1419,0.023,0.045,0.001,0,0,0.008,0,0,0,0,0,0,0,0
1420,0.025,0.045,0.001,0,0,0.01,0,0,0,0,0,0,0,0
1421,0.027,0.045,0.001,0,0,0.012,0,0,0,0,0,0,0,0
1422,0.029,0.045,0.001,0,0,0.014,0,0,0,0,0,0,0,0
1423,0.031,0.045,0.001,0,0,0.016,0,0,0,0,0,0,0,0
1424,0.033,0.045,0.001,0,0,0.016,0,0,0,0,0,0,0,0
1425,0.035,0.045,0.001,0,0,0.014,0,0,0,0,0,0,0,0
1426,0.037,0.045,0.001,0,0,0.012,0,0,0,0,0,0,0,0
1427,0.039,0.045,0.001,0,0,0.01,0,0,0,0,0,0,0,0
1428,0.041,0.045,0.001,0,0,0.008,0,0,0,0,0,0,0,0
1429,0.043,0.045,0.001,0,0,0.006,0,0,0,0,0,0,0,0
1430,0.045,0.045,0.001,0,0,0.004,0,0,0,0,0,0,0,0
1431,0.047,0.045,0.001,0.208609,1,0.002,1,0,0,0,0,0,0,0.666667
1432,0.049,0.045,0.001,1,1,-0.002,1,0,0,0,0,0,0,0.666667
1433,0.051,0.045,0.001,1,1,-0.004,0,0,0,0,0,0,0,0
1434,0.053,0.045,0.001,1,1,-0.006,0,0,0,0,0,0,0,0
1435,0.055,0.045,0.001,1,1,-0.008,0,0,0,0,0,0,0,0
1436,0.057,0.045,0.001,1,1,-0.01,0,0,0,0,0,0,0,0
1437,0.059,0.045,0.001,1,1,-0.012,0,0,0,0,0,0,0,0
1438,0.061,0.045,0.001,1,1,-0.014,0,0,0,0,0,0,0,0
1439,0.063,0.045,0.001,1,1,-0.0141421,0,0,0,0,0,0,0,0
1440,0.065,0.045,0.001,1,1,-0.014,0,0,0,0,0,0,0,0
1441,0.067,0.045,0.001,1,1,-0.014,0,0,0,0,0,0,0,0
1442,0.069,0.045,0.001,1,1,-0.014,0,0,0,0,0,0,0,0
1443,0.071,0.045,0.001,1,1,-0.014,0,0,0,0,0,0,0,0
1444,0.073,0.045,0.001,1,1,-0.014,0,0,0,0,0,0,0,0
1445,0.075,0.045,0.001,1,1,-0.014,0,0,0,0,0,0,0,0
1446,0.077,0.045,0.001,1,1,-0.014,0,0,0,0,0,0,0,0
1447,0.079,0.045,0.001,1,1,-0.014,0,0,0,0,0,0,0,0
1448,0.081,0.045,0.001,1,1,-0.014,0,0,0,0,0,0,0,0
1449,0.083,0.045,0.001,1,1,-0.014,0,0,0,0,0,0,0,0
1450,0.085,0.045,0.001,1,1,-0.014,0,0,0,0,0,0,0,0
1451,0.087,0.045,0.001,1,1,-0.014,0,0,0,0,0,0,0,0
1452,0.089,0.045,0.001,1,1,-0.014,0,0,0,0,0,0,0,0
1453,0.091,0.045,0.001,1,1,-0.014,0,0,0,0,0,0,0,0
1454,0.093,0.045,0.001,1,1,-0.014,0,0,0,0,0,0,0,0
1455,0.095,0.045,0.001,1,1,-0.014,0,0,0,0,0,0,0,0
1456,0.097,0.045,0.001,1,1,-0.014,0,0,0,0,0,0,0,0
1457,0.099,0.045,0.001,1,1,-0.014,0,0,0,0,0,0,0,0
1458,0.101,0.045,0.001,1,1,-0.014,0,0,0,0,0,0,0,0
1459,0.103,0.045,0.001,1,1,-0.014,0,0,0,0,0,0,0,0
1460,0.105,0.045,0.001,1,1,-0.014,0,0,0,0,0,0,0,0
1461,0.107,0.045,0.001,1,1,-0.014,0,0,0,0,0,0,0,0
1462,0.109,0.045,0.001,1,1,-0.014,0,0,0,0,0,0,0,0
1463,0.111,0.045,0.001,1,1,-0.014,0,0,0,0,0,0,0,0
1464,0.113,0.045,0.001,1,1,-0.014,0,0,0,0,0,0,0,0
1465,0.115,0.045,0.001,1,1,-0.014,0,0,0,0,0,0,0,0
1466,0.117,0.045,0.001,1,1,-0.014,0,0,0,0,0,0,0,0
1467,0.119,0.045,0.001,1,1,-0.014,0,0,0,0,0,0,0,0
1468,0.121,0.045,0.001,1,1,-0.014,0,0,0,0,0,0,0,0
1469,0.123,0.045,0.001,1,1,-0.014,0,0,0,0,0,0,0,0
1470,0.125,0.045,0.001,1,1,-0.014,0,0,0,0,0,0,0,0
1471,0.127,0.045,0.001,1,1,-0.014,0,0,0,0,0,0,0,0
1472,0.001,0.047,0.001,1,1,-0.016,0,0,0,0,0,0,0,0
1473,0.003,0.047,0.001,1,1,-0.014,0,0,0,0,0,0,0,0
1474,0.005,0.047,0.001,1,1,-0.012,0,0,0,0,0,0,0,0
1475,0.007,0.047,0.001,1,1,-0.01,0,0,0,0,0,0,0,0
1476,0.009,0.047,0.001,1,1,-0.008,0,0,0,0,0,0,0,0
1477,0.011,0.047,0.001,1,1,-0.006,0,0,0,0,0,0,0,0
1478,0.013,0.047,0.001,1,1,-0.004,0,0,0,0,0,0,0,0
1479,0.015,0.047,0.001,1,1,-0.002,1,0,0,0,0,0,0,0.666667
1480,0.017,0.047,0.001,0.208609,1,0.002,1,0,0,0,0,0,0,0.666667
1481,0.019,0.047,0.001,0,0,0.004,0,0,0,0,0,0,0,0
1482,0.021,0.047,0.001,0,0,0.006,0,0,0,0,0,0,0,0
1483,0.023,0.047,0.001,0,0,0.008,0,0,0,0,0,0,0,0
1484,0.025,0.047,0.001,0,0,0.01,0,0,0,0,0,0,0,0
1485,0.027,0.047,0.001,0,0,0.012,0,0,0,0,0,0,0,0
1486,0.029,0.047,0.001,0,0,0.014,0,0,0,0,0,0,0,0
1487,0.031,0.047,0.001,0,0,0.016,0,0,0,0,0,0,0,0
1488,0.033,0.047,0.001,0,0,0.016,0,0,0,0,0,0,0,0
1489,0.035,0.047,0.001,0,0,0.014,0,0,0,0,0,0,0,0
1490,0.037,0.047,0.001,0,0,0.012,0,0,0,0,0,0,0,0
1491,0.039,0.047,0.001,0,0,0.01,0,0,0,0,0,0,0,0
1492,0.041,0.047,0.001,0,0,0.008,0,0,0,0,0,0,0,0
1493,0.043,0.047,0.001,0,0,0.006,0,0,0,0,0,0,0,0
1494,0.045,0.047,0.001,0,0,0.004,0,0,0,0,0,0,0,0
1495,0.047,0.047,0.001,0.208609,1,0.002,1,0,0,0,0,0,0,0.666667
1496,0.049,0.047,0.001,1,1,-0.002,1,0,0,0,0,0,0,0.666667
1497,0.051,0.047,0.001,1,1,-0.004,0,0,0,0,0,0,0,0
1498,0.053,0.047,0.001,1,1,-0.006,0,0,0,0,0,0,0,0
1499,0.055,0.047,0.001,1,1,-0.008,0,0,0,0,0,0,0,0
1500,0.057,0.047,0.001,1,1,-0.01,0,0,0,0,0,0,0,0
1501,0.059,0.047,0.001,1,1,-0.012,0,0,0,0,0,0,0,0
1502,0.061,0.047,0.001,1,1,-0.014,0,0,0,0,0,0,0,0
1503,0.063,0.047,0.001,1,1,-0.016,0,0,0,0,0,0,0,0
1504,0.065,0.047,0.001,1,1,-0.016,0,0,0,0,0,0,0,0
1505,0.067,0.047,0.001,1,1,-0.016,0,0,0,0,0,0,0,0
1506,0.069,0.047,0.001,1,1,-0.016,0,0,0,0,0,0,0,0
1507,0.071,0.047,0.001,1,1,-0.016,0,0,0,0,0,0,0,0
1508,0.073,0.047,0.001,1,1,-0.016,0,0,0,0,0,0,0,0
1509,0.075,0.047,0.001,1,1,-0.016,0,0,0,0,0,0,0,0
1510,0.077,0.047,0.001,1,1,-0.016,0,0,0,0,0,0,0,0
1511,0.079,0.047,0.001,1,1,-0.016,0,0,0,0,0,0,0,0
1512,0.081,0.047,0.001,1,1,-0.016,0,0,0,0,0,0,0,0
1513,0.083,0.047,0.001,1,1,-0.016,0,0,0,0,0,0,0,0
1514,0.085,0.047,0.001,1,1,-0.016,0,0,0,0,0,0,0,0
1515,0.087,0.047,0.001,1,1,-0.016,0,0,0,0,0,0,0,0
1516,0.089,0.047,0.001,1,1,-0.016,0,0,0,0,0,0,0,0
1517,0.091,0.047,0.001,1,1,-0.016,0,0,0,0,0,0,0,0
1518,0.093,0.047,0.001,1,1,-0.016,0,0,0,0,0,0,0,0
1519,0.095,0.047,0.001,1,1,-0.016,0,0,0,0,0,0,0,0
1520,0.097,0.047,0.001,1,1,-0.016,0,0,0,0,0,0,0,0
1521,0.099,0.047,0.001,1,1,-0.016,0,0,0,0,0,0,0,0
1522,0.101,0.047,0.001,1,1,-0.016,0,0,0,0,0,0,0,0
1523,0.103,0.047,0.001,1,1,-0.016,0,0,0,0,0,0,0,0
1524,0.105,0.047,0.001,1,1,-0.016,0,0,0,0,0,0,0,0
1525,0.107,0.047,0.001,1,1,-0.016,0,0,0,0,0,0,0,0
1526,0.109,0.047,0.001,1,1,-0.016,0,0,0,0,0,0,0,0
1527,0.111,0.047,0.001,1,1,-0.016,0,0,0,0,0,0,0,0
1528,0.113,0.047,0.001,1,1,-0.016,0,0,0,0,0,0,0,0
1529,0.115,0.047,0.001,1,1,-0.016,0,0,0,0,0,0,0,0
1530,0.117,0.047,0.001,1,1,-0.016,0,0,0,0,0,0,0,0
1531,0.119,0.047,0.001,1,1,-0.016,0,0,0,0,0,0,0,0
1532,0.121,0.047,0.001,1,1,-0.016,0,0,0,0,0,0,0,0
1533,0.123,0.047,0.001,1,1,-0.016,0,0,0,0,0,0,0,0
1534,0.125,0.047,0.001,1,1,-0.016,0,0,0,0,0,0,0,0
1535,0.127,0.047,0.001,1,1,-0.016,0,0,0,0,0,0,0,0
1536,0.001,0.049,0.001,1,1,-0.016,0,0,0,0,0,0,0,0
1537,0.003,0.049,0.001,1,1,-0.014,0,0,0,0,0,0,0,0
1538,0.005,0.049,0.001,1,1,-0.012,0,0,0,0,0,0,0,0
1539,0.007,0.049,0.001,1,1,-0.01,0,0,0,0,0,0,0,0
1540,0.009,0.049,0.001,1,1,-0.008,0,0,0,0,0,0,0,0
1541,0.011,0.049,0.001,1,1,-0.006,0,0,0,0,0,0,0,0
1542,0.013,0.049,0.001,1,1,-0.004,0,0,0,0,0,0,0,0
1543,0.015,0.049,0.001,1,1,-0.002,1,0,0,0,0,0,0,0.666667
1544,0.017,0.049,0.001,0.208609,1,0.002,1,0,0,0,0,0,0,0.666667
1545,0.019,0.049,0.001,0,0,0.004,0,0,0,0,0,0,0,0
1546,0.021,0.049,0.001,0,0,0.006,0,0,0,0,0,0,0,0
1547,0.023,0.049,0.001,0,0,0.008,0,0,0,0,0,0,0,0
1548,0.025,0.049,0.001,0,0,0.01,0,0,0,0,0,0,0,0
1549,0.027,0.049,0.001,0,0,0.012,0,0,0,0,0,0,0,0
1550,0.029,0.049,0.001,0,0,0.014,0,0,0,0,0,0,0,0
1551,0.031,0.049,0.001,0,0,0.016,0,0,0,0,0,0,0,0
1552,0.033,0.049,0.001,0,0,0.016,0,0,0,0,0,0,0,0
1553,0.035,0.049,0.001,0,0,0.014,0,0,0,0,0,0,0,0
1554,0.037,0.049,0.001,0,0,0.012,0,0,0,0,0,0,0,0
1555,0.039,0.049,0.001,0,0,0.01,0,0,0,0,0,0,0,0
1556,0.041,0.049,0.001,0,0,0.008,0,0,0,0,0,0,0,0
1557,0.043,0.049,0.001,0,0,0.006,0,0,0,0,0,0,0,0
1558,0.045,0.049,0.001,0,0,0.004,0,0,0,0,0,0,0,0
1559,0.047,0.049,0.001,0.208609,1,0.002,1,0,0,0,0,0,0,0.666667
1560,0.049,0.049,0.001,1,1,-0.002,1,0,0,0,0,0,0,0.666667
1561,0.051,0.049,0.001,1,1,-0.004,0,0,0,0,0,0,0,0
1562,0.053,0.049,0.001,1,1,-0.006,0,0,0,0,0,0,0,0
1563,0.055,0.049,0.001,1,1,-0.008,0,0,0,0,0,0,0,0
1564,0.057,0.049,0.001,1,1,-0.01,0,0,0,0,0,0,0,0
1565,0.059,0.049,0.001,1,1,-0.012,0,0,0,0,0,0,0,0
1566,0.061,0.049,0.001,1,1,-0.014,0,0,0,0,0,0,0,0
1567,0.063,0.049,0.001,1,1,-0.016,0,0,0,0,0,0,0,0
1568,0.065,0.049,0.001,1,1,-0.018,0,0,0,0,0,0,0,0
1569,0.067,0.049,0.001,1,1,-0.018,0,0,0,0,0,0,0,0
1570,0.069,0.049,0.001,1,1,-0.018,0,0,0,0,0,0,0,0
1571,0.071,0.049,0.001,1,1,-0.018,0,0,0,0,0,0,0,0
1572,0.073,0.049,0.001,1,1,-0.018,0,0,0,0,0,0,0,0
1573,0.075,0.049,0.001,1,1,-0.018,0,0,0,0,0,0,0,0
1574,0.077,0.049,0.001,1,1,-0.018,0,0,0,0,0,0,0,0
1575,0.079,0.049,0.001,1,1,-0.018,0,0,0,0,0,0,0,0
1576,0.081,0.049,0.001,1,1,-0.018,0,0,0,0,0,0,0,0
1577,0.083,0.049,0.001,1,1,-0.018,0,0,0,0,0,0,0,0
1578,0.085,0.049,0.001,1,1,-0.018,0,0,0,0,0,0,0,0
1579,0.087,0.049,0.001,1,1,-0.018,0,0,0,0,0,0,0,0
1580,0.089,0.049,0.001,1,1,-0.018,0,0,0,0,0,0,0,0
1581,0.091,0.049,0.001,1,1,-0.018,0,0,0,0,0,0,0,0
1582,0.093,0.049,0.001,1,1,-0.018,0,0,0,0,0,0,0,0
1583,0.095,0.049,0.001,1,1,-0.018,0,0,0,0,0,0,0,0
1584,0.097,0.049,0.001,1,1,-0.018,0,0,0,0,0,0,0,0
1585,0.099,0.049,0.001,1,1,-0.018,0,0,0,0,0,0,0,0
1586,0.101,0.049,0.001,1,1,-0.018,0,0,0,0,0,0,0,0
1587,0.103,0.049,0.001,1,1,-0.018,0,0,0,0,0,0,0,0
1588,0.105,0.049,0.001,1,1,-0.018,0,0,0,0,0,0,0,0
1589,0.107,0.049,0.001,1,1,-0.018,0,0,0,0,0,0,0,0
1590,0.109,0.049,0.001,1,1,-0.018,0,0,0,0,0,0,0,0
1591,0.111,0.049,0.001,1,1,-0.018,0,0,0,0,0,0,0,0
1592,0.113,0.049,0.001,1,1,-0.018,0,0,0,0,0,0,0,0
1593,0.115,0.049,0.001,1,1,-0.018,0,0,0,0,0,0,0,0
1594,0.117,0.049,0.001,1,1,-0.018,0,0,0,0,0,0,0,0
1595,0.119,0.049,0.001,1,1,-0.018,0,0,0,0,0,0,0,0
1596,0.121,0.049,0.001,1,1,-0.018,0,0,0,0,0,0,0,0
1597,0.123,0.049,0.001,1,1,-0.018,0,0,0,0,0,0,0,0
1598,0.125,0.049,0.001,1,1,-0.018,0,0,0,0,0,0,0,0
1599,0.127,0.049,0.001,1,1,-0.018,0,0,0,0,0,0,0,0
1600,0.001,0.051,0.001,1,1,-0.016,0,0,0,0,0,0,0,0
1601,0.003,0.051,0.001,1,1,-0.014,0,0,0,0,0,0,0,0
1602,0.005,0.051,0.001,1,1,-0.012,0,0,0,0,0,0,0,0
1603,0.007,0.051,0.001,1,1,-0.01,0,0,0,0,0,0,0,0
1604,0.009,0.051,0.001,1,1,-0.008,0,0,0,0,0,0,0,0
1605,0.011,0.051,0.001,1,1,-0.006,0,0,0,0,0,0,0,0
1606,0.013,0.051,0.001,1,1,-0.004,0,0,0,0,0,0,0,0
1607,0.015,0.051,0.001,1,1,-0.002,1,0,0,0,0,0,0,0.666667
1608,0.017,0.051,0.001,0.208609,1,0.002,1,0,0,0,0,0,0,0.666667
1609,0.019,0.051,0.001,0,0,0.004,0,0,0,0,0,0,0,0
1610,0.021,0.051,0.001,0,0,0.006,0,0,0,0,0,0,0,0
1611,0.023,0.051,0.001,0,0,0.008,0,0,0,0,0,0,0,0
1612,0.025,0.051,0.001,0,0,0.01,0,0,0,0,0,0,0,0
1613,0.027,0.051,0.001,0,0,0.012,0,0,0,0,0,0,0,0
1614,0.029,0.051,0.001,0,0,0.014,0,0,0,0,0,0,0,0
1615,0.031,0.051,0.001,0,0,0.014,0,0,0,0,0,0,0,0
1616,0.033,0.051,0.001,0,0,0.0141421,0,0,0,0,0,0,0,0
1617,0.035,0.051,0.001,0,0,0.014,0,0,0,0,0,0,0,0
1618,0.037,0.051,0.001,0,0,0.012,0,0,0,0,0,0,0,0
1619,0.039,0.051,0.001,0,0,0.01,0,0,0,0,0,0,0,0
1620,0.041,0.051,0.001,0,0,0.008,0,0,0,0,0,0,0,0
1621,0.043,0.051,0.001,0,0,0.006,0,0,0,0,0,0,0,0
1622,0.045,0.051,0.001,0,0,0.004,0,0,0,0,0,0,0,0
1623,0.047,0.051,0.001,0.208609,1,0.002,1,0,0,0,0,0,0,0.666667
1624,0.049,0.051,0.001,1,1,-0.002,1,0,0,0,0,0,0,0.666667
1625,0.051,0.051,0.001,1,1,-0.004,0,0,0,0,0,0,0,0
1626,0.053,0.051,0.001,1,1,-0.006,0,0,0,0,0,0,0,0
1627,0.055,0.051,0.001,1,1,-0.008,0,0,0,0,0,0,0,0
1628,0.057,0.051,0.001,1,1,-0.01,0,0,0,0,0,0,0,0
1629,0.059,0.051,0.001,1,1,-0.012,0,0,0,0,0,0,0,0
1630,0.061,0.051,0.001,1,1,-0.014,0,0,0,0,0,0,0,0
1631,0.063,0.051,0.001,1,1,-0.016,0,0,0,0,0,0,0,0
1632,0.065,0.051,0.001,1,1,-0.018,0,0,0,0,0,0,0,0
1633,0.067,0.051,0.001,1,1,-0.02,0,0,0,0,0,0,0,0
1634,0.069,0.051,0.001,1,1,-0.02,0,0,0,0,0,0,0,0
1635,0.071,0.051,0.001,1,1,-0.02,0,0,0,0,0,0,0,0
1636,0.073,0.051,0.001,1,1,-0.02,0,0,0,0,0,0,0,0
1637,0.075,0.051,0.001,1,1,-0.02,0,0,0,0,0,0,0,0
1638,0.077,0.051,0.001,1,1,-0.02,0,0,0,0,0,0,0,0
1639,0.079,0.051,0.001,1,1,-0.02,0,0,0,0,0,0,0,0
1640,0.081,0.051,0.001,1,1,-0.02,0,0,0,0,0,0,0,0
1641,0.083,0.051,0.001,1,1,-0.02,0,0,0,0,0,0,0,0
1642,0.085,0.051,0.001,1,1,-0.02,0,0,0,0,0,0,0,0
1643,0.087,0.051,0.001,1,1,-0.02,0,0,0,0,0,0,0,0
1644,0.089,0.051,0.001,1,1,-0.02,0,0,0,0,0,0,0,0
1645,0.091,0.051,0.001,1,1,-0.02,0,0,0,0,0,0,0,0
1646,0.093,0.051,0.001,1,1,-0.02,0,0,0,0,0,0,0,0
1647,0.095,0.051,0.001,1,1,-0.02,0,0,0,0,0,0,0,0
1648,0.097,0.051,0.001,1,1,-0.02,0,0,0,0,0,0,0,0
1649,0.099,0.051,0.001,1,1,-0.02,0,0,0,0,0,0,0,0
1650,0.101,0.051,0.001,1,1,-0.02,0,0,0,0,0,0,0,0
1651,0.103,0.051,0.001,1,1,-0.02,0,0,0,0,0,0,0,0
1652,0.105,0.051,0.001,1,1,-0.02,0,0,0,0,0,0,0,0
1653,0.107,0.051,0.001,1,1,-0.02,0,0,0,0,0,0,0,0
1654,0.109,0.051,0.001,1,1,-0.02,0,0,0,0,0,0,0,0
1655,0.111,0.051,0.001,1,1,-0.02,0,0,0,0,0,0,0,0
1656,0.113,0.051,0.001,1,1,-0.02,0,0,0,0,0,0,0,0
1657,0.115,0.051,0.001,1,1,-0.02,0,0,0,0,0,0,0,0
1658,0.117,0.051,0.001,1,1,-0.02,0,0,0,0,0,0,0,0
1659,0.119,0.051,0.001,1,1,-0.02,0,0,0,0,0,0,0,0
1660,0.121,0.051,0.001,1,1,-0.02,0,0,0,0,0,0,0,0
1661,0.123,0.051,0.001,1,1,-0.02,0,0,0,0,0,0,0,0
1662,0.125,0.051,0.001,1,1,-0.02,0,0,0,0,0,0,0,0
1663,0.127,0.051,0.001,1,1,-0.02,0,0,0,0,0,0,0,0
1664,0.001,0.053,0.001,1,1,-0.016,0,0,0,0,0,0,0,0
1665,0.003,0.053,0.001,1,1,-0.014,0,0,0,0,0,0,0,0
1666,0.005,0.053,0.001,1,1,-0.012,0,0,0,0,0,0,0,0
1667,0.007,0.053,0.001,1,1,-0.01,0,0,0,0,0,0,0,0
1668,0.009,0.053,0.001,1,1,-0.008,0,0,0,0,0,0,0,0
1669,0.011,0.053,0.001,1,1,-0.006,0,0,0,0,0,0,0,0
1670,0.013,0.053,0.001,1,1,-0.004,0,0,0,0,0,0,0,0
1671,0.015,0.053,0.001,1,1,-0.002,1,0,0,0,0,0,0,0.666667
1672,0.017,0.053,0.001,0.208609,1,0.002,1,0,0,0,0,0,0,0.666667
1673,0.019,0.053,0.001,0,0,0.004,0,0,0,0,0,0,0,0
1674,0.021,0.053,0.001,0,0,0.006,0,0,0,0,0,0,0,0
1675,0.023,0.053,0.001,0,0,0.008,0,0,0,0,0,0,0,0
1676,0.025,0.053,0.001,0,0,0.01,0,0,0,0,0,0,0,0
1677,0.027,0.053,0.001,0,0,0.012,0,0,0,0,0,0,0,0
1678,0.029,0.053,0.001,0,0,0.012,0,0,0,0,0,0,0,0
1679,0.031,0.053,0.001,0,0,0.012,0,0,0,0,0,0,0,0
1680,0.033,0.053,0.001,0,0,0.0121655,0,0,0,0,0,0,0,0
1681,0.035,0.053,0.001,0,0,0.0126491,0,0,0,0,0,0,0,0
1682,0.037,0.053,0.001,0,0,0.012,0,0,0,0,0,0,0,0
1683,0.039,0.053,0.001,0,0,0.01,0,0,0,0,0,0,0,0
1684,0.041,0.053,0.001,0,0,0.008,0,0,0,0,0,0,0,0
1685,0.043,0.053,0.001,0,0,0.006,0,0,0,0,0,0,0,0
1686,0.045,0.053,0.001,0,0,0.004,0,0,0,0,0,0,0,0
1687,0.047,0.053,0.001,0.208609,1,0.002,1,0,0,0,0,0,0,0.666667
1688,0.049,0.053,0.001,1,1,-0.002,1,0,0,0,0,0,0,0.666667
1689,0.051,0.053,0.001,1,1,-0.004,0,0,0,0,0,0,0,0
1690,0.053,0.053,0.001,1,1,-0.006,0,0,0,0,0,0,0,0
1691,0.055,0.053,0.001,1,1,-0.008,0,0,0,0,0,0,0,0
1692,0.057,0.053,0.001,1,1,-0.01,0,0,0,0,0,0,0,0
1693,0.059,0.053,0.001,1,1,-0.012,0,0,0,0,0,0,0,0
1694,0.061,0.053,0.001,1,1,-0.014,0,0,0,0,0,0,0,0
1695,0.063,0.053,0.001,1,1,-0.016,0,0,0,0,0,0,0,0
1696,0.065,0.053,0.001,1,1,-0.018,0,0,0,0,0,0,0,0
1697,0.067,0.053,0.001,1,1,-0.02,0,0,0,0,0,0,0,0
1698,0.069,0.053,0.001,1,1,-0.022,0,0,0,0,0,0,0,0
1699,0.071,0.053,0.001,1,1,-0.022,0,0,0,0,0,0,0,0
1700,0.073,0.053,0.001,1,1,-0.022,0,0,0,0,0,0,0,0
1701,0.075,0.053,0.001,1,1,-0.022,0,0,0,0,0,0,0,0
1702,0.077,0.053,0.001,1,1,-0.022,0,0,0,0,0,0,0,0
1703,0.079,0.053,0.001,1,1,-0.022,0,0,0,0,0,0,0,0
1704,0.081,0.053,0.001,1,1,-0.022,0,0,0,0,0,0,0,0
1705,0.083,0.053,0.001,1,1,-0.022,0,0,0,0,0,0,0,0
1706,0.085,0.053,0.001,1,1,-0.022,0,0,0,0,0,0,0,0
1707,0.087,0.053,0.001,1,1,-0.022,0,0,0,0,0,0,0,0
1708,0.089,0.053,0.001,1,1,-0.022,0,0,0,0,0,0,0,0
1709,0.091,0.053,0.001,1,1,-0.022,0,0,0,0,0,0,0,0
1710,0.093,0.053,0.001,1,1,-0.022,0,0,0,0,0,0,0,0
1711,0.095,0.053,0.001,1,1,-0.022,0,0,0,0,0,0,0,0
1712,0.097,0.053,0.001,1,1,-0.022,0,0,0,0,0,0,0,0
1713,0.099,0.053,0.001,1,1,-0.022,0,0,0,0,0,0,0,0
1714,0.101,0.053,0.001,1,1,-0.022,0,0,0,0,0,0,0,0
1715,0.103,0.053,0.001,1,1,-0.022,0,0,0,0,0,0,0,0
1716,0.105,0.053,0.001,1,1,-0.022,0,0,0,0,0,0,0,0
1717,0.107,0.053,0.001,1,1,-0.022,0,0,0,0,0,0,0,0
1718,0.109,0.053,0.001,1,1,-0.022,0,0,0,0,0,0,0,0
1719,0.111,0.053,0.001,1,1,-0.022,0,0,0,0,0,0,0,0
1720,0.113,0.053,0.001,1,1,-0.022,0,0,0,0,0,0,0,0
1721,0.115,0.053,0.001,1,1,-0.022,0,0,0,0,0,0,0,0
1722,0.117,0.053,0.001,1,1,-0.022,0,0,0,0,0,0,0,0
1723,0.119,0.053,0.001,1,1,-0.022,0,0,0,0,0,0,0,0
1724,0.121,0.053,0.001,1,1,-0.022,0,0,0,0,0,0,0,0
1725,0.123,0.053,0.001,1,1,-0.022,0,0,0,0,0,0,0,0
1726,0.125,0.053,0.001,1,1,-0.022,0,0,0,0,0,0,0,0
1727,0.127,0.053,0.001,1,1,-0.022,0,0,0,0,0,0,0,0
1728,0.001,0.055,0.001,1,1,-0.016,0,0,0,0,0,0,0,0
1729,0.003,0.055,0.001,1,1,-0.014,0,0,0,0,0,0,0,0
1730,0.005,0.055,0.001,1,1,-0.012,0,0,0,0,0,0,0,0
1731,0.007,0.055,0.001,1,1,-0.01,0,0,0,0,0,0,0,0
1732,0.009,0.055,0.001,1,1,-0.008,0,0,0,0,0,0,0,0
1733,0.011,0.055,0.001,1,1,-0.006,0,0,0,0,0,0,0,0
1734,0.013,0.055,0.001,1,1,-0.004,0,0,0,0,0,0,0,0
1735,0.015,0.055,0.001,1,1,-0.002,1,0,0,0,0,0,0,0.666667
1736,0.017,0.055,0.001,0.208609,1,0.002,1,0,0,0,0,0,0,0.666667
1737,0.019,0.055,0.001,0,0,0.004,0,0,0,0,0,0,0,0
1738,0.021,0.055,0.001,0,0,0.006,0,0,0,0,0,0,0,0
1739,0.023,0.055,0.001,0,0,0.008,0,0,0,0,0,0,0,0
1740,0.025,0.055,0.001,0,0,0.01,0,0,0,0,0,0,0,0
1741,0.027,0.055,0.001,0,0,0.01,0,0,0,0,0,0,0,0
1742,0.029,0.055,0.001,0,0,0.01,0,0,0,0,0,0,0,0
1743,0.031,0.055,0.001,0,0,0.01,0,0,0,0,0,0,0,0
1744,0.033,0.055,0.001,0,0,0.010198,0,0,0,0,0,0,0,0
1745,0.035,0.055,0.001,0,0,0.0107703,0,0,0,0,0,0,0,0
1746,0.037,0.055,0.001,0,0,0.0116619,0,0,0,0,0,0,0,0
1747,0.039,0.055,0.001,0,0,0.01,0,0,0,0,0,0,0,0
1748,0.041,0.055,0.001,0,0,0.008,0,0,0,0,0,0,0,0
1749,0.043,0.055,0.001,0,0,0.006,0,0,0,0,0,0,0,0
1750,0.045,0.055,0.001,0,0,0.004,0,0,0,0,0,0,0,0
1751,0.047,0.055,0.001,0.208609,1,0.002,1,0,0,0,0,0,0,0.666667
1752,0.049,0.055,0.001,1,1,-0.002,1,0,0,0,0,0,0,0.666667
1753,0.051,0.055,0.001,1,1,-0.004,0,0,0,0,0,0,0,0
1754,0.053,0.055,0.001,1,1,-0.006,0,0,0,0,0,0,0,0
1755,0.055,0.055,0.001,1,1,-0.008,0,0,0,0,0,0,0,0
1756,0.057,0.055,0.001,1,1,-0.01,0,0,0,0,0,0,0,0
1757,0.059,0.055,0.001,1,1,-0.012,0,0,0,0,0,0,0,0
1758,0.061,0.055,0.001,1,1,-0.014,0,0,0,0,0,0,0,0
1759,0.063,0.055,0.001,1,1,-0.016,0,0,0,0,0,0,0,0
1760,0.065,0.055,0.001,1,1,-0.018,0,0,0,0,0,0,0,0
1761,0.067,0.055,0.001,1,1,-0.02,0,0,0,0,0,0,0,0
1762,0.069,0.055,0.001,1,1,-0.022,0,0,0,0,0,0,0,0
1763,0.071,0.055,0.001,1,1,-0.024,0,0,0,0,0,0,0,0
1764,0.073,0.055,0.001,1,1,-0.024,0,0,0,0,0,0,0,0
1765,0.075,0.055,0.001,1,1,-0.024,0,0,0,0,0,0,0,0
1766,0.077,0.055,0.001,1,1,-0.024,0,0,0,0,0,0,0,0
1767,0.079,0.055,0.001,1,1,-0.024,0,0,0,0,0,0,0,0
1768,0.081,0.055,0.001,1,1,-0.024,0,0,0,0,0,0,0,0
1769,0.083,0.055,0.001,1,1,-0.024,0,0,0,0,0,0,0,0
1770,0.085,0.055,0.001,1,1,-0.024,0,0,0,0,0,0,0,0
1771,0.087,0.055,0.001,1,1,-0.024,0,0,0,0,0,0,0,0
1772,0.089,0.055,0.001,1,1,-0.024,0,0,0,0,0,0,0,0
1773,0.091,0.055,0.001,1,1,-0.024,0,0,0,0,0,0,0,0
1774,0.093,0.055,0.001,1,1,-0.024,0,0,0,0,0,0,0,0
1775,0.095,0.055,0.001,1,1,-0.024,0,0,0,0,0,0,0,0
1776,0.097,0.055,0.001,1,1,-0.024,0,0,0,0,0,0,0,0
1777,0.099,0.055,0.001,1,1,-0.024,0,0,0,0,0,0,0,0
1778,0.101,0.055,0.001,1,1,-0.024,0,0,0,0,0,0,0,0
1779,0.103,0.055,0.001,1,1,-0.024,0,0,0,0,0,0,0,0
1780,0.105,0.055,0.001,1,1,-0.024,0,0,0,0,0,0,0,0
1781,0.107,0.055,0.001,1,1,-0.024,0,0,0,0,0,0,0,0
1782,0.109,0.055,0.001,1,1,-0.024,0,0,0,0,0,0,0,0
1783,0.111,0.055,0.001,1,1,-0.024,0,0,0,0,0,0,0,0
1784,0.113,0.055,0.001,1,1,-0.024,0,0,0,0,0,0,0,0
1785,0.115,0.055,0.001,1,1,-0.024,0,0,0,0,0,0,0,0
1786,0.117,0.055,0.001,1,1,-0.024,0,0,0,0,0,0,0,0
1787,0.119,0.055,0.001,1,1,-0.024,0,0,0,0,0,0,0,0
1788,0.121,0.055,0.001,1,1,-0.024,0,0,0,0,0,0,0,0
1789,0.123,0.055,0.001,1,1,-0.024,0,0,0,0,0,0,0,0
1790,0.125,0.055,0.001,1,1,-0.024,0,0,0,0,0,0,0,0
1791,0.127,0.055,0.001,1,1,-0.024,0,0,0,0,0,0,0,0
1792,0.001,0.057,0.001,1,1,-0.016,0,0,0,0,0,0,0,0
1793,0.003,0.057,0.001,1,1,-0.014,0,0,0,0,0,0,0,0
1794,0.005,0.057,0.001,1,1,-0.012,0,0,0,0,0,0,0,0
1795,0.007,0.057,0.001,1,1,-0.01,0,0,0,0,0,0,0,0
1796,0.009,0.057,0.001,1,1,-0.008,0,0,0,0,0,0,0,0
1797,0.011,0.057,0.001,1,1,-0.006,0,0,0,0,0,0,0,0
1798,0.013,0.057,0.001,1,1,-0.004,0,0,0,0,0,0,0,0
1799,0.015,0.057,0.001,1,1,-0.002,1,0,0,0,0,0,0,0.666667
1800,0.017,0.057,0.001,0.208609,1,0.002,1,0,0,0,0,0,0,0.666667
1801,0.019,0.057,0.001,0,0,0.004,0,0,0,0,0,0,0,0
1802,0.021,0.057,0.001,0,0,0.006,0,0,0,0,0,0,0,0
1803,0.023,0.057,0.001,0,0,0.008,0,0,0,0,0,0,0,0
1804,0.025,0.057,0.001,0,0,0.008,0,0,0,0,0,0,0,0
1805,0.027,0.057,0.001,0,0,0.008,0,0,0,0,0,0,0,0
1806,0.029,0.057,0.001,0,0,0.008,0,0,0,0,0,0,0,0
1807,0.031,0.057,0.001,0,0,0.008,0,0,0,0,0,0,0,0
1808,0.033,0.057,0.001,0,0,0.00824621,0,0,0,0,0,0,0,0
1809,0.035,0.057,0.001,0,0,0.00894427,0,0,0,0,0,0,0,0
1810,0.037,0.057,0.001,0,0,0.01,0,0,0,0,0,0,0,0
1811,0.039,0.057,0.001,0,0,0.01,0,0,0,0,0,0,0,0
1812,0.041,0.057,0.001,0,0,0.008,0,0,0,0,0,0,0,0
1813,0.043,0.057,0.001,0,0,0.006,0,0,0,0,0,0,0,0
1814,0.045,0.057,0.001,0,0,0.004,0,0,0,0,0,0,0,0
1815,0.047,0.057,0.001,0.208609,1,0.002,1,0,0,0,0,0,0,0.666667
1816,0.049,0.057,0.001,1,1,-0.002,1,0,0,0,0,0,0,0.666667
1817,0.051,0.057,0.001,1,1,-0.004,0,0,0,0,0,0,0,0
1818,0.053,0.057,0.001,1,1,-0.006,0,0,0,0,0,0,0,0
1819,0.055,0.057,0.001,1,1,-0.008,0,0,0,0,0,0,0,0
1820,0.057,0.057,0.001,1,1,-0.01,0,0,0,0,0,0,0,0
1821,0.059,0.057,0.001,1,1,-0.012,0,0,0,0,0,0,0,0
1822,0.061,0.057,0.001,1,1,-0.014,0,0,0,0,0,0,0,0
1823,0.063,0.057,0.001,1,1,-0.016,0,0,0,0,0,0,0,0
1824,0.065,0.057,0.001,1,1,-0.018,0,0,0,0,0,0,0,0
1825,0.067,0.057,0.001,1,1,-0.02,0,0,0,0,0,0,0,0
1826,0.069,0.057,0.001,1,1,-0.022,0,0,0,0,0,0,0,0
1827,0.071,0.057,0.001,1,1,-0.024,0,0,0,0,0,0,0,0
1828,0.073,0.057,0.001,1,1,-0.026,0,0,0,0,0,0,0,0
1829,0.075,0.057,0.001,1,1,-0.026,0,0,0,0,0,0,0,0
1830,0.077,0.057,0.001,1,1,-0.026,0,0,0,0,0,0,0,0
1831,0.079,0.057,0.001,1,1,-0.026,0,0,0,0,0,0,0,0
1832,0.081,0.057,0.001,1,1,-0.026,0,0,0,0,0,0,0,0
1833,0.083,0.057,0.001,1,1,-0.026,0,0,0,0,0,0,0,0
1834,0.085,0.057,0.001,1,1,-0.026,0,0,0,0,0,0,0,0
1835,0.087,0.057,0.001,1,1,-0.026,0,0,0,0,0,0,0,0
1836,0.089,0.057,0.001,1,1,-0.026,0,0,0,0,0,0,0,0
1837,0.091,0.057,0.001,1,1,-0.026,0,0,0,0,0,0,0,0
1838,0.093,0.057,0.001,1,1,-0.026,0,0,0,0,0,0,0,0
1839,0.095,0.057,0.001,1,1,-0.026,0,0,0,0,0,0,0,0
1840,0.097,0.057,0.001,1,1,-0.026,0,0,0,0,0,0,0,0
1841,0.099,0.057,0.001,1,1,-0.026,0,0,0,0,0,0,0,0
1842,0.101,0.057,0.001,1,1,-0.026,0,0,0,0,0,0,0,0
1843,0.103,0.057,0.001,1,1,-0.026,0,0,0,0,0,0,0,0
1844,0.105,0.057,0.001,1,1,-0.026,0,0,0,0,0,0,0,0
1845,0.107,0.057,0.001,1,1,-0.026,0,0,0,0,0,0,0,0
1846,0.109,0.057,0.001,1,1,-0.026,0,0,0,0,0,0,0,0
1847,0.111,0.057,0.001,1,1,-0.026,0,0,0,0,0,0,0,0
1848,0.113,0.057,0.001,1,1,-0.026,0,0,0,0,0,0,0,0
1849,0.115,0.057,0.001,1,1,-0.026,0,0,0,0,0,0,0,0
1850,0.117,0.057,0.001,1,1,-0.026,0,0,0,0,0,0,0,0
1851,0.119,0.057,0.001,1,1,-0.026,0,0,0,0,0,0,0,0
1852,0.121,0.057,0.001,1,1,-0.026,0,0,0,0,0,0,0,0
1853,0.123,0.057,0.001,1,1,-0.026,0,0,0,0,0,0,0,0
1854,0.125,0.057,0.001,1,1,-0.026,0,0,0,0,0,0,0,0
1855,0.127,0.057,0.001,1,1,-0.026,0,0,0,0,0,0,0,0
1856,0.001,0.059,0.001,1,1,-0.016,0,0,0,0,0,0,0,0
1857,0.003,0.059,0.001,1,1,-0.014,0,0,0,0,0,0,0,0
1858,0.005,0.059,0.001,1,1,-0.012,0,0,0,0,0,0,0,0
1859,0.007,0.059,0.001,1,1,-0.01,0,0,0,0,0,0,0,0
1860,0.009,0.059,0.001,1,1,-0.008,0,0,0,0,0,0,0,0
1861,0.011,0.059,0.001,1,1,-0.006,0,0,0,0,0,0,0,0
1862,0.013,0.059,0.001,1,1,-0.004,0,0,0,0,0,0,0,0
1863,0.015,0.059,0.001,1,1,-0.002,1,0,0,0,0,0,0,0.666667
1864,0.017,0.059,0.001,0.208609,1,0.002,1,0,0,0,0,0,0,0.666667
1865,0.019,0.059,0.001,0,0,0.004,0,0,0,0,0,0,0,0
1866,0.021,0.059,0.001,0,0,0.006,0,0,0,0,0,0,0,0
1867,0.023,0.059,0.001,0,0,0.006,0,0,0,0,0,0,0,0
1868,0.025,0.059,0.001,0,0,0.006,0,0,0,0,0,0,0,0
1869,0.027,0.059,0.001,0,0,0.006,0,0,0,0,0,0,0,0
1870,0.029,0.059,0.001,0,0,0.006,0,0,0,0,0,0,0,0
1871,0.031,0.059,0.001,0,0,0.006,0,0,0,0,0,0,0,0
1872,0.033,0.059,0.001,0,0,0.00632456,0,0,0,0,0,0,0,0
1873,0.035,0.059,0.001,0,0,0.0072111,0,0,0,0,0,0,0,0
1874,0.037,0.059,0.001,0,0,0.00848528,0,0,0,0,0,0,0,0
1875,0.039,0.059,0.001,0,0,0.01,0,0,0,0,0,0,0,0
1876,0.041,0.059,0.001,0,0,0.008,0,0,0,0,0,0,0,0
1877,0.043,0.059,0.001,0,0,0.006,0,0,0,0,0,0,0,0
1878,0.045,0.059,0.001,0,0,0.004,0,0,0,0,0,0,0,0
1879,0.047,0.059,0.001,0.208609,1,0.002,1,0,0,0,0,0,0,0.666667
1880,0.049,0.059,0.001,1,1,-0.002,1,0,0,0,0,0,0,0.666667
1881,0.051,0.059,0.001,1,1,-0.004,0,0,0,0,0,0,0,0
1882,0.053,0.059,0.001,1,1,-0.006,0,0,0,0,0,0,0,0
1883,0.055,0.059,0.001,1,1,-0.008,0,0,0,0,0,0,0,0
1884,0.057,0.059,0.001,1,1,-0.01,0,0,0,0,0,0,0,0
1885,0.059,0.059,0.001,1,1,-0.012,0,0,0,0,0,0,0,0
1886,0.061,0.059,0.001,1,1,-0.014,0,0,0,0,0,0,0,0
1887,0.063,0.059,0.001,1,1,-0.016,0,0,0,0,0,0,0,0
1888,0.065,0.059,0.001,1,1,-0.018,0,0,0,0,0,0,0,0
1889,0.067,0.059,0.001,1,1,-0.02,0,0,0,0,0,0,0,0
1890,0.069,0.059,0.001,1,1,-0.022,0,0,0,0,0,0,0,0
1891,0.071,0.059,0.001,1,1,-0.024,0,0,0,0,0,0,0,0
1892,0.073,0.059,0.001,1,1,-0.026,0,0,0,0,0,0,0,0
1893,0.075,0.059,0.001,1,1,-0.028,0,0,0,0,0,0,0,0
1894,0.077,0.059,0.001,1,1,-0.028,0,0,0,0,0,0,0,0
1895,0.079,0.059,0.001,1,1,-0.028,0,0,0,0,0,0,0,0
1896,0.081,0.059,0.001,1,1,-0.028,0,0,0,0,0,0,0,0
1897,0.083,0.059,0.001,1,1,-0.028,0,0,0,0,0,0,0,0
1898,0.085,0.059,0.001,1,1,-0.028,0,0,0,0,0,0,0,0
1899,0.087,0.059,0.001,1,1,-0.028,0,0,0,0,0,0,0,0
1900,0.089,0.059,0.001,1,1,-0.028,0,0,0,0,0,0,0,0
1901,0.091,0.059,0.001,1,1,-0.028,0,0,0,0,0,0,0,0
1902,0.093,0.059,0.001,1,1,-0.028,0,0,0,0,0,0,0,0
1903,0.095,0.059,0.001,1,1,-0.028,0,0,0,0,0,0,0,0
1904,0.097,0.059,0.001,1,1,-0.028,0,0,0,0,0,0,0,0
1905,0.099,0.059,0.001,1,1,-0.028,0,0,0,0,0,0,0,0
1906,0.101,0.059,0.001,1,1,-0.028,0,0,0,0,0,0,0,0
1907,0.103,0.059,0.001,1,1,-0.028,0,0,0,0,0,0,0,0
1908,0.105,0.059,0.001,1,1,-0.028,0,0,0,0,0,0,0,0
1909,0.107,0.059,0.001,1,1,-0.028,0,0,0,0,0,0,0,0
1910,0.109,0.059,0.001,1,1,-0.028,0,0,0,0,0,0,0,0
1911,0.111,0.059,0.001,1,1,-0.028,0,0,0,0,0,0,0,0
1912,0.113,0.059,0.001,1,1,-0.028,0,0,0,0,0,0,0,0
1913,0.115,0.059,0.001,1,1,-0.028,0,0,0,0,0,0,0,0
1914,0.117,0.059,0.001,1,1,-0.028,0,0,0,0,0,0,0,0
1915,0.119,0.059,0.001,1,1,-0.028,0,0,0,0,0,0,0,0
1916,0.121,0.059,0.001,1,1,-0.028,0,0,0,0,0,0,0,0
1917,0.123,0.059,0.001,1,1,-0.028,0,0,0,0,0,0,0,0
1918,0.125,0.059,0.001,1,1,-0.028,0,0,0,0,0,0,0,0
1919,0.127,0.059,0.001,1,1,-0.028,0,0,0,0,0,0,0,0
1920,0.001,0.061,0.001,1,1,-0.016,0,0,0,0,0,0,0,0
1921,0.003,0.061,0.001,1,1,-0.014,0,0,0,0,0,0,0,0
1922,0.005,0.061,0.001,1,1,-0.012,0,0,0,0,0,0,0,0
1923,0.007,0.061,0.001,1,1,-0.01,0,0,0,0,0,0,0,0
1924,0.009,0.061,0.001,1,1,-0.008,0,0,0,0,0,0,0,0
1925,0.011,0.061,0.001,1,1,-0.006,0,0,0,0,0,0,0,0
1926,0.013,0.061,0.001,1,1,-0.004,0,0,0,0,0,0,0,0
1927,0.015,0.061,0.001,1,1,-0.002,1,0,0,0,0,0,0,0.666667
1928,0.017,0.061,0.001,0.208609,1,0.002,1,0,0,0,0,0,0,0.666667
1929,0.019,0.061,0.001,0,0,0.004,0,0,0,0,0,0,0,0
1930,0.021,0.061,0.001,0,0,0.004,0,0,0,0,0,0,0,0
1931,0.023,0.061,0.001,0,0,0.004,0,0,0,0,0,0,0,0
1932,0.025,0.061,0.001,0,0,0.004,0,0,0,0,0,0,0,0
1933,0.027,0.061,0.001,0,0,0.004,0,0,0,0,0,0,0,0
1934,0.029,0.061,0.001,0,0,0.004,0,0,0,0,0,0,0,0
1935,0.031,0.061,0.001,0,0,0.004,0,0,0,0,0,0,0,0
1936,0.033,0.061,0.001,0,0,0.00447214,0,0,0,0,0,0,0,0
1937,0.035,0.061,0.001,0,0,0.00565685,0,0,0,0,0,0,0,0
1938,0.037,0.061,0.001,0,0,0.0072111,0,0,0,0,0,0,0,0
1939,0.039,0.061,0.001,0,0,0.00894427,0,0,0,0,0,0,0,0
1940,0.041,0.061,0.001,0,0,0.008,0,0,0,0,0,0,0,0
1941,0.043,0.061,0.001,0,0,0.006,0,0,0,0,0,0,0,0
1942,0.045,0.061,0.001,0,0,0.004,0,0,0,0,0,0,0,0
1943,0.047,0.061,0.001,0.208609,1,0.002,1,0,0,0,0,0,0,0.666667
1944,0.049,0.061,0.001,1,1,-0.002,1,0,0,0,0,0,0,0.666667
1945,0.051,0.061,0.001,1,1,-0.004,0,0,0,0,0,0,0,0
1946,0.053,0.061,0.001,1,1,-0.006,0,0,0,0,0,0,0,0
1947,0.055,0.061,0.001,1,1,-0.008,0,0,0,0,0,0,0,0
1948,0.057,0.061,0.001,1,1,-0.01,0,0,0,0,0,0,0,0
1949,0.059,0.061,0.001,1,1,-0.012,0,0,0,0,0,0,0,0
1950,0.061,0.061,0.001,1,1,-0.014,0,0,0,0,0,0,0,0
1951,0.063,0.061,0.001,1,1,-0.016,0,0,0,0,0,0,0,0
1952,0.065,0.061,0.001,1,1,-0.018,0,0,0,0,0,0,0,0
1953,0.067,0.061,0.001,1,1,-0.02,0,0,0,0,0,0,0,0
1954,0.069,0.061,0.001,1,1,-0.022,0,0,0,0,0,0,0,0
1955,0.071,0.061,0.001,1,1,-0.024,0,0,0,0,0,0,0,0
1956,0.073,0.061,0.001,1,1,-0.026,0,0,0,0,0,0,0,0
1957,0.075,0.061,0.001,1,1,-0.028,0,0,0,0,0,0,0,0
1958,0.077,0.061,0.001,1,1,-0.03,0,0,0,0,0,0,0,0
1959,0.079,0.061,0.001,1,1,-0.03,0,0,0,0,0,0,0,0
1960,0.081,0.061,0.001,1,1,-0.03,0,0,0,0,0,0,0,0
1961,0.083,0.061,0.001,1,1,-0.03,0,0,0,0,0,0,0,0
1962,0.085,0.061,0.001,1,1,-0.03,0,0,0,0,0,0,0,0
1963,0.087,0.061,0.001,1,1,-0.03,0,0,0,0,0,0,0,0
1964,0.089,0.061,0.001,1,1,-0.03,0,0,0,0,0,0,0,0
1965,0.091,0.061,0.001,1,1,-0.03,0,0,0,0,0,0,0,0
1966,0.093,0.061,0.001,1,1,-0.03,0,0,0,0,0,0,0,0
1967,0.095,0.061,0.001,1,1,-0.03,0,0,0,0,0,0,0,0
1968,0.097,0.061,0.001,1,1,-0.03,0,0,0,0,0,0,0,0
1969,0.099,0.061,0.001,1,1,-0.03,0,0,0,0,0,0,0,0
1970,0.101,0.061,0.001,1,1,-0.03,0,0,0,0,0,0,0,0
1971,0.103,0.061,0.001,1,1,-0.03,0,0,0,0,0,0,0,0
1972,0.105,0.061,0.001,1,1,-0.03,0,0,0,0,0,0,0,0
1973,0.107,0.061,0.001,1,1,-0.03,0,0,0,0,0,0,0,0
1974,0.109,0.061,0.001,1,1,-0.03,0,0,0,0,0,0,0,0
1975,0.111,0.061,0.001,1,1,-0.03,0,0,0,0,0,0,0,0
1976,0.113,0.061,0.001,1,1,-0.03,0,0,0,0,0,0,0,0
1977,0.115,0.061,0.001,1,1,-0.03,0,0,0,0,0,0,0,0
1978,0.117,0.061,0.001,1,1,-0.03,0,0,0,0,0,0,0,0
1979,0.119,0.061,0.001,1,1,-0.03,0,0,0,0,0,0,0,0
1980,0.121,0.061,0.001,1,1,-0.03,0,0,0,0,0,0,0,0
1981,0.123,0.061,0.001,1,1,-0.03,0,0,0,0,0,0,0,0
1982,0.125,0.061,0.001,1,1,-0.03,0,0,0,0,0,0,0,0
1983,0.127,0.061,0.001,1,1,-0.03,0,0,0,0,0,0,0,0
1984,0.001,0.063,0.001,1,1,-0.016,0,0,0,0,0,0,0,0
1985,0.003,0.063,0.001,1,1,-0.014,0,0,0,0,0,0,0,0
1986,0.005,0.063,0.001,1,1,-0.012,0,0,0,0,0,0,0,0
1987,0.007,0.063,0.001,1,1,-0.01,0,0,0,0,0,0,0,0
1988,0.009,0.063,0.001,1,1,-0.008,0,0,0,0,0,0,0,0
1989,0.011,0.063,0.001,1,1,-0.006,0,0,0,0,0,0,0,0
1990,0.013,0.063,0.001,1,1,-0.004,0,0,0,0,0,0,0,0
1991,0.015,0.063,0.001,1,1,-0.002,1,0,0,0,0,0,0,0.666667
1992,0.017,0.063,0.001,0.208609,1,0.002,1,0,0,0,0,0,0,0.666667
1993,0.019,0.063,0.001,0.208609,1,0.002,1,0,0,0,0,0,0,0.666667
1994,0.021,0.063,0.001,0.208609,1,0.002,1,0,0,0,0,0,0,0.666667
1995,0.023,0.063,0.001,0.208609,1,0.002,1,0,0,0,0,0,0,0.666667
1996,0.025,0.063,0.001,0.208609,1,0.002,1,0,0,0,0,0,0,0.666667
1997,0.027,0.063,0.001,0.208609,1,0.002,1,0,0,0,0,0,0,0.666667
1998,0.029,0.063,0.001,0.208609,1,0.002,1,0,0,0,0,0,0,0.666667
1999,0.031,0.063,0.001,0.208609,1,0.002,1,0,0,0,0,0,0,0.666667
2000,0.033,0.063,0.001,0.131745,1,0.00282843,1,0,0,0,0,0,0,0.942809
2001,0.035,0.063,0.001,0,0,0.00447214,0,0,0,0,0,0,0,0
2002,0.037,0.063,0.001,0,0,0.00632456,0,0,0,0,0,0,0,0
2003,0.039,0.063,0.001,0,0,0.00824621,0,0,0,0,0,0,0,0
2004,0.041,0.063,0.001,0,0,0.008,0,0,0,0,0,0,0,0
2005,0.043,0.063,0.001,0,0,0.006,0,0,0,0,0,0,0,0
2006,0.045,0.063,0.001,0,0,0.004,0,0,0,0,0,0,0,0
2007,0.047,0.063,0.001,0.208609,1,0.002,1,0,0,0,0,0,0,0.666667
2008,0.049,0.063,0.001,1,1,-0.002,1,0,0,0,0,0,0,0.666667
2009,0.051,0.063,0.001,1,1,-0.004,0,0,0,0,0,0,0,0
2010,0.053,0.063,0.001,1,1,-0.006,0,0,0,0,0,0,0,0
2011,0.055,0.063,0.001,1,1,-0.008,0,0,0,0,0,0,0,0
2012,0.057,0.063,0.001,1,1,-0.01,0,0,0,0,0,0,0,0
2013,0.059,0.063,0.001,1,1,-0.012,0,0,0,0,0,0,0,0
2014,0.061,0.063,0.001,1,1,-0.014,0,0,0,0,0,0,0,0
2015,0.063,0.063,0.001,1,1,-0.016,0,0,0,0,0,0,0,0
2016,0.065,0.063,0.001,1,1,-0.018,0,0,0,0,0,0,0,0
2017,0.067,0.063,0.001,1,1,-0.02,0,0,0,0,0,0,0,0
2018,0.069,0.063,0.001,1,1,-0.022,0,0,0,0,0,0,0,0
2019,0.071,0.063,0.001,1,1,-0.024,0,0,0,0,0,0,0,0
2020,0.073,0.063,0.001,1,1,-0.026,0,0,0,0,0,0,0,0
2021,0.075,0.063,0.001,1,1,-0.028,0,0,0,0,0,0,0,0
2022,0.077,0.063,0.001,1,1,-0.03,0,0,0,0,0,0,0,0
2023,0.079,0.063,0.001,1,1,-0.032,0,0,0,0,0,0,0,0
2024,0.081,0.063,0.001,1,1,-0.032,0,0,0,0,0,0,0,0
2025,0.083,0.063,0.001,1,1,-0.032,0,0,0,0,0,0,0,0
2026,0.085,0.063,0.001,1,1,-0.032,0,0,0,0,0,0,0,0
2027,0.087,0.063,0.001,1,1,-0.032,0,0,0,0,0,0,0,0
2028,0.089,0.063,0.001,1,1,-0.032,0,0,0,0,0,0,0,0
2029,0.091,0.063,0.001,1,1,-0.032,0,0,0,0,0,0,0,0
2030,0.093,0.063,0.001,1,1,-0.032,0,0,0,0,0,0,0,0
2031,0.095,0.063,0.001,1,1,-0.032,0,0,0,0,0,0,0,0
2032,0.097,0.063,0.001,1,1,-0.032,0,0,0,0,0,0,0,0
2033,0.099,0.063,0.001,1,1,-0.032,0,0,0,0,0,0,0,0
2034,0.101,0.063,0.001,1,1,-0.032,0,0,0,0,0,0,0,0
2035,0.103,0.063,0.001,1,1,-0.032,0,0,0,0,0,0,0,0
2036,0.105,0.063,0.001,1,1,-0.032,0,0,0,0,0,0,0,0
2037,0.107,0.063,0.001,1,1,-0.032,0,0,0,0,0,0,0,0
2038,0.109,0.063,0.001,1,1,-0.032,0,0,0,0,0,0,0,0
2039,0.111,0.063,0.001,1,1,-0.032,0,0,0,0,0,0,0,0
2040,0.113,0.063,0.001,1,1,-0.032,0,0,0,0,0,0,0,0
2041,0.115,0.063,0.001,1,1,-0.032,0,0,0,0,0,0,0,0
2042,0.117,0.063,0.001,1,1,-0.032,0,0,0,0,0,0,0,0
2043,0.119,0.063,0.001,1,1,-0.032,0,0,0,0,0,0,0,0
2044,0.121,0.063,0.001,1,1,-0.032,0,0,0,0,0,0,0,0
2045,0.123,0.063,0.001,1,1,-0.032,0,0,0,0,0,0,0,0
2046,0.125,0.063,0.001,1,1,-0.032,0,0,0,0,0,0,0,0
2047,0.127,0.063,0.001,1,1,-0.032,0,0,0,0,0,0,0,0
2048,0.001,0.065,0.001,1,1,-0.0161245,0,0,0,0,0,0,0,0
2049,0.003,0.065,0.001,1,1,-0.0141421,0,0,0,0,0,0,0,0
2050,0.005,0.065,0.001,1,1,-0.0121655,0,0,0,0,0,0,0,0
2051,0.007,0.065,0.001,1,1,-0.010198,0,0,0,0,0,0,0,0
2052,0.009,0.065,0.001,1,1,-0.00824621,0,0,0,0,0,0,0,0
2053,0.011,0.065,0.001,1,1,-0.00632456,0,0,0,0,0,0,0,0
2054,0.013,0.065,0.001,1,1,-0.00447214,0,0,0,0,0,0,0,0
2055,0.015,0.065,0.001,1,1,-0.00282843,1,0,0,0,0,0,0,0.942809
2056,0.017,0.065,0.001,1,1,-0.002,1,0,0,0,0,0,0,0.666667
2057,0.019,0.065,0.001,1,1,-0.002,1,0,0,0,0,0,0,0.666667
2058,0.021,0.065,0.001,1,1,-0.002,1,0,0,0,0,0,0,0.666667
2059,0.023,0.065,0.001,1,1,-0.002,1,0,0,0,0,0,0,0.666667
2060,0.025,0.065,0.001,1,1,-0.002,1,0,0,0,0,0,0,0.666667
2061,0.027,0.065,0.001,1,1,-0.002,1,0,0,0,0,0,0,0.666667
2062,0.029,0.065,0.001,1,1,-0.002,1,0,0,0,0,0,0,0.666667
2063,0.031,0.065,0.001,1,1,-0.002,1,0,0,0,0,0,0,0.666667
2064,0.033,0.065,0.001,0.208609,1,0.002,1,0,0,0,0,0,0,0.666667
2065,0.035,0.065,0.001,0,0,0.004,0,0,0,0,0,0,0,0
2066,0.037,0.065,0.001,0,0,0.006,0,0,0,0,0,0,0,0
2067,0.039,0.065,0.001,0,0,0.008,0,0,0,0,0,0,0,0
2068,0.041,0.065,0.001,0,0,0.008,0,0,0,0,0,0,0,0
2069,0.043,0.065,0.001,0,0,0.006,0,0,0,0,0,0,0,0
2070,0.045,0.065,0.001,0,0,0.004,0,0,0,0,0,0,0,0
2071,0.047,0.065,0.001,0.208609,1,0.002,1,0,0,0,0,0,0,0.666667
2072,0.049,0.065,0.001,1,1,-0.002,1,0,0,0,0,0,0,0.666667
2073,0.051,0.065,0.001,1,1,-0.004,0,0,0,0,0,0,0,0
2074,0.053,0.065,0.001,1,1,-0.006,0,0,0,0,0,0,0,0
2075,0.055,0.065,0.001,1,1,-0.008,0,0,0,0,0,0,0,0
2076,0.057,0.065,0.001,1,1,-0.01,0,0,0,0,0,0,0,0
2077,0.059,0.065,0.001,1,1,-0.012,0,0,0,0,0,0,0,0
2078,0.061,0.065,0.001,1,1,-0.014,0,0,0,0,0,0,0,0
2079,0.063,0.065,0.001,1,1,-0.016,0,0,0,0,0,0,0,0
2080,0.065,0.065,0.001,1,1,-0.018,0,0,0,0,0,0,0,0
2081,0.067,0.065,0.001,1,1,-0.02,0,0,0,0,0,0,0,0
2082,0.069,0.065,0.001,1,1,-0.022,0,0,0,0,0,0,0,0
2083,0.071,0.065,0.001,1,1,-0.024,0,0,0,0,0,0,0,0
2084,0.073,0.065,0.001,1,1,-0.026,0,0,0,0,0,0,0,0
2085,0.075,0.065,0.001,1,1,-0.028,0,0,0,0,0,0,0,0
2086,0.077,0.065,0.001,1,1,-0.03,0,0,0,0,0,0,0,0
2087,0.079,0.065,0.001,1,1,-0.032,0,0,0,0,0,0,0,0
2088,0.081,0.065,0.001,1,1,-0.032,0,0,0,0,0,0,0,0
2089,0.083,0.065,0.001,1,1,-0.032,0,0,0,0,0,0,0,0
2090,0.085,0.065,0.001,1,1,-0.032,0,0,0,0,0,0,0,0
2091,0.087,0.065,0.001,1,1,-0.032,0,0,0,0,0,0,0,0
2092,0.089,0.065,0.001,1,1,-0.032,0,0,0,0,0,0,0,0
2093,0.091,0.065,0.001,1,1,-0.032,0,0,0,0,0,0,0,0
2094,0.093,0.065,0.001,1,1,-0.032,0,0,0,0,0,0,0,0
2095,0.095,0.065,0.001,1,1,-0.032,0,0,0,0,0,0,0,0
2096,0.097,0.065,0.001,1,1,-0.032,0,0,0,0,0,0,0,0
2097,0.099,0.065,0.001,1,1,-0.032,0,0,0,0,0,0,0,0
2098,0.101,0.065,0.001,1,1,-0.032,0,0,0,0,0,0,0,0
2099,0.103,0.065,0.001,1,1,-0.032,0,0,0,0,0,0,0,0
2100,0.105,0.065,0.001,1,1,-0.032,0,0,0,0,0,0,0,0
2101,0.107,0.065,0.001,1,1,-0.032,0,0,0,0,0,0,0,0
2102,0.109,0.065,0.001,1,1,-0.032,0,0,0,0,0,0,0,0
2103,0.111,0.065,0.001,1,1,-0.032,0,0,0,0,0,0,0,0
2104,0.113,0.065,0.001,1,1,-0.032,0,0,0,0,0,0,0,0
2105,0.115,0.065,0.001,1,1,-0.032,0,0,0,0,0,0,0,0
2106,0.117,0.065,0.001,1,1,-0.032,0,0,0,0,0,0,0,0
2107,0.119,0.065,0.001,1,1,-0.032,0,0,0,0,0,0,0,0
2108,0.121,0.065,0.001,1,1,-0.032,0,0,0,0,0,0,0,0
2109,0.123,0.065,0.001,1,1,-0.032,0,0,0,0,0,0,0,0
2110,0.125,0.065,0.001,1,1,-0.032,0,0,0,0,0,0,0,0
2111,0.127,0.065,0.001,1,1,-0.032,0,0,0,0,0,0,0,0
2112,0.001,0.067,0.001,1,1,-0.0164924,0,0,0,0,0,0,0,0
2113,0.003,0.067,0.001,1,1,-0.0145602,0,0,0,0,0,0,0,0
2114,0.005,0.067,0.001,1,1,-0.0126491,0,0,0,0,0,0,0,0
2115,0.007,0.067,0.001,1,1,-0.0107703,0,0,0,0,0,0,0,0
2116,0.009,0.067,0.001,1,1,-0.00894427,0,0,0,0,0,0,0,0
2117,0.011,0.067,0.001,1,1,-0.0072111,0,0,0,0,0,0,0,0
2118,0.013,0.067,0.001,1,1,-0.00565685,0,0,0,0,0,0,0,0
2119,0.015,0.067,0.001,1,1,-0.00447214,0,0,0,0,0,0,0,0
2120,0.017,0.067,0.001,1,1,-0.004,0,0,0,0,0,0,0,0
2121,0.019,0.067,0.001,1,1,-0.004,0,0,0,0,0,0,0,0
2122,0.021,0.067,0.001,1,1,-0.004,0,0,0,0,0,0,0,0
2123,0.023,0.067,0.001,1,1,-0.004,0,0,0,0,0,0,0,0
2124,0.025,0.067,0.001,1,1,-0.004,0,0,0,0,0,0,0,0
2125,0.027,0.067,0.001,1,1,-0.004,0,0,0,0,0,0,0,0
2126,0.029,0.067,0.001,1,1,-0.004,0,0,0,0,0,0,0,0
2127,0.031,0.067,0.001,1,1,-0.002,1,0,0,0,0,0,0,0.666667
2128,0.033,0.067,0.001,0.208609,1,0.002,1,0,0,0,0,0,0,0.666667
2129,0.035,0.067,0.001,0,0,0.004,0,0,0,0,0,0,0,0
2130,0.037,0.067,0.001,0,0,0.006,0,0,0,0,0,0,0,0
2131,0.039,0.067,0.001,0,0,0.008,0,0,0,0,0,0,0,0
2132,0.041,0.067,0.001,0,0,0.008,0,0,0,0,0,0,0,0
2133,0.043,0.067,0.001,0,0,0.006,0,0,0,0,0,0,0,0
2134,0.045,0.067,0.001,0,0,0.004,0,0,0,0,0,0,0,0
2135,0.047,0.067,0.001,0.208609,1,0.002,1,0,0,0,0,0,0,0.666667
2136,0.049,0.067,0.001,1,1,-0.002,1,0,0,0,0,0,0,0.666667
2137,0.051,0.067,0.001,1,1,-0.004,0,0,0,0,0,0,0,0
2138,0.053,0.067,0.001,1,1,-0.006,0,0,0,0,0,0,0,0
2139,0.055,0.067,0.001,1,1,-0.008,0,0,0,0,0,0,0,0
2140,0.057,0.067,0.001,1,1,-0.01,0,0,0,0,0,0,0,0
2141,0.059,0.067,0.001,1,1,-0.012,0,0,0,0,0,0,0,0
2142,0.061,0.067,0.001,1,1,-0.014,0,0,0,0,0,0,0,0
2143,0.063,0.067,0.001,1,1,-0.016,0,0,0,0,0,0,0,0
2144,0.065,0.067,0.001,1,1,-0.018,0,0,0,0,0,0,0,0
2145,0.067,0.067,0.001,1,1,-0.02,0,0,0,0,0,0,0,0
2146,0.069,0.067,0.001,1,1,-0.022,0,0,0,0,0,0,0,0
2147,0.071,0.067,0.001,1,1,-0.024,0,0,0,0,0,0,0,0
2148,0.073,0.067,0.001,1,1,-0.026,0,0,0,0,0,0,0,0
2149,0.075,0.067,0.001,1,1,-0.028,0,0,0,0,0,0,0,0
2150,0.077,0.067,0.001,1,1,-0.03,0,0,0,0,0,0,0,0
2151,0.079,0.067,0.001,1,1,-0.03,0,0,0,0,0,0,0,0
2152,0.081,0.067,0.001,1,1,-0.03,0,0,0,0,0,0,0,0
2153,0.083,0.067,0.001,1,1,-0.03,0,0,0,0,0,0,0,0
2154,0.085,0.067,0.001,1,1,-0.03,0,0,0,0,0,0,0,0
2155,0.087,0.067,0.001,1,1,-0.03,0,0,0,0,0,0,0,0
2156,0.089,0.067,0.001,1,1,-0.03,0,0,0,0,0,0,0,0
2157,0.091,0.067,0.001,1,1,-0.03,0,0,0,0,0,0,0,0
2158,0.093,0.067,0.001,1,1,-0.03,0,0,0,0,0,0,0,0
2159,0.095,0.067,0.001,1,1,-0.03,0,0,0,0,0,0,0,0
2160,0.097,0.067,0.001,1,1,-0.03,0,0,0,0,0,0,0,0
2161,0.099,0.067,0.001,1,1,-0.03,0,0,0,0,0,0,0,0
2162,0.101,0.067,0.001,1,1,-0.03,0,0,0,0,0,0,0,0
2163,0.103,0.067,0.001,1,1,-0.03,0,0,0,0,0,0,0,0
2164,0.105,0.067,0.001,1,1,-0.03,0,0,0,0,0,0,0,0
2165,0.107,0.067,0.001,1,1,-0.03,0,0,0,0,0,0,0,0
2166,0.109,0.067,0.001,1,1,-0.03,0,0,0,0,0,0,0,0
2167,0.111,0.067,0.001,1,1,-0.03,0,0,0,0,0,0,0,0
2168,0.113,0.067,0.001,1,1,-0.03,0,0,0,0,0,0,0,0
2169,0.115,0.067,0.001,1,1,-0.03,0,0,0,0,0,0,0,0
2170,0.117,0.067,0.001,1,1,-0.03,0,0,0,0,0,0,0,0
2171,0.119,0.067,0.001,1,1,-0.03,0,0,0,0,0,0,0,0
2172,0.121,0.067,0.001,1,1,-0.03,0,0,0,0,0,0,0,0
2173,0.123,0.067,0.001,1,1,-0.03,0,0,0,0,0,0,0,0
2174,0.125,0.067,0.001,1,1,-0.03,0,0,0,0,0,0,0,0
2175,0.127,0.067,0.001,1,1,-0.03,0,0,0,0,0,0,0,0
2176,0.001,0.069,0.001,1,1,-0.017088,0,0,0,0,0,0,0,0
2177,0.003,0.069,0.001,1,1,-0.0152315,0,0,0,0,0,0,0,0
2178,0.005,0.069,0.001,1,1,-0.0134164,0,0,0,0,0,0,0,0
2179,0.007,0.069,0.001,1,1,-0.0116619,0,0,0,0,0,0,0,0
2180,0.009,0.069,0.001,1,1,-0.01,0,0,0,0,0,0,0,0
2181,0.011,0.069,0.001,1,1,-0.00848528,0,0,0,0,0,0,0,0
2182,0.013,0.069,0.001,1,1,-0.0072111,0,0,0,0,0,0,0,0
2183,0.015,0.069,0.001,1,1,-0.00632456,0,0,0,0,0,0,0,0
2184,0.017,0.069,0.001,1,1,-0.006,0,0,0,0,0,0,0,0
2185,0.019,0.069,0.001,1,1,-0.006,0,0,0,0,0,0,0,0
2186,0.021,0.069,0.001,1,1,-0.006,0,0,0,0,0,0,0,0
2187,0.023,0.069,0.001,1,1,-0.006,0,0,0,0,0,0,0,0
2188,0.025,0.069,0.001,1,1,-0.006,0,0,0,0,0,0,0,0
2189,0.027,0.069,0.001,1,1,-0.006,0,0,0,0,0,0,0,0
2190,0.029,0.069,0.001,1,1,-0.004,0,0,0,0,0,0,0,0
2191,0.031,0.069,0.001,1,1,-0.002,1,0,0,0,0,0,0,0.666667
2192,0.033,0.069,0.001,0.208609,1,0.002,1,0,0,0,0,0,0,0.666667
2193,0.035,0.069,0.001,0,0,0.004,0,0,0,0,0,0,0,0
2194,0.037,0.069,0.001,0,0,0.006,0,0,0,0,0,0,0,0
2195,0.039,0.069,0.001,0,0,0.008,0,0,0,0,0,0,0,0
2196,0.041,0.069,0.001,0,0,0.008,0,0,0,0,0,0,0,0
2197,0.043,0.069,0.001,0,0,0.006,0,0,0,0,0,0,0,0
2198,0.045,0.069,0.001,0,0,0.004,0,0,0,0,0,0,0,0
2199,0.047,0.069,0.001,0.208609,1,0.002,1,0,0,0,0,0,0,0.666667
2200,0.049,0.069,0.001,1,1,-0.002,1,0,0,0,0,0,0,0.666667
2201,0.051,0.069,0.001,1,1,-0.004,0,0,0,0,0,0,0,0
2202,0.053,0.069,0.001,1,1,-0.006,0,0,0,0,0,0,0,0
2203,0.055,0.069,0.001,1,1,-0.008,0,0,0,0,0,0,0,0
2204,0.057,0.069,0.001,1,1,-0.01,0,0,0,0,0,0,0,0
2205,0.059,0.069,0.001,1,1,-0.012,0,0,0,0,0,0,0,0
2206,0.061,0.069,0.001,1,1,-0.014,0,0,0,0,0,0,0,0
2207,0.063,0.069,0.001,1,1,-0.016,0,0,0,0,0,0,0,0
2208,0.065,0.069,0.001,1,1,-0.018,0,0,0,0,0,0,0,0
2209,0.067,0.069,0.001,1,1,-0.02,0,0,0,0,0,0,0,0
2210,0.069,0.069,0.001,1,1,-0.022,0,0,0,0,0,0,0,0
2211,0.071,0.069,0.001,1,1,-0.024,0,0,0,0,0,0,0,0
2212,0.073,0.069,0.001,1,1,-0.026,0,0,0,0,0,0,0,0
2213,0.075,0.069,0.001,1,1,-0.028,0,0,0,0,0,0,0,0
2214,0.077,0.069,0.001,1,1,-0.028,0,0,0,0,0,0,0,0
2215,0.079,0.069,0.001,1,1,-0.028,0,0,0,0,0,0,0,0
2216,0.081,0.069,0.001,1,1,-0.028,0,0,0,0,0,0,0,0
2217,0.083,0.069,0.001,1,1,-0.028,0,0,0,0,0,0,0,0
2218,0.085,0.069,0.001,1,1,-0.028,0,0,0,0,0,0,0,0
2219,0.087,0.069,0.001,1,1,-0.028,0,0,0,0,0,0,0,0
2220,0.089,0.069,0.001,1,1,-0.028,0,0,0,0,0,0,0,0
2221,0.091,0.069,0.001,1,1,-0.028,0,0,0,0,0,0,0,0
2222,0.093,0.069,0.001,1,1,-0.028,0,0,0,0,0,0,0,0
2223,0.095,0.069,0.001,1,1,-0.028,0,0,0,0,0,0,0,0
2224,0.097,0.069,0.001,1,1,-0.028,0,0,0,0,0,0,0,0
2225,0.099,0.069,0.001,1,1,-0.028,0,0,0,0,0,0,0,0
2226,0.101,0.069,0.001,1,1,-0.028,0,0,0,0,0,0,0,0
2227,0.103,0.069,0.001,1,1,-0.028,0,0,0,0,0,0,0,0
2228,0.105,0.069,0.001,1,1,-0.028,0,0,0,0,0,0,0,0
2229,0.107,0.069,0.001,1,1,-0.028,0,0,0,0,0,0,0,0
2230,0.109,0.069,0.001,1,1,-0.028,0,0,0,0,0,0,0,0
2231,0.111,0.069,0.001,1,1,-0.028,0,0,0,0,0,0,0,0
2232,0.113,0.069,0.001,1,1,-0.028,0,0,0,0,0,0,0,0
2233,0.115,0.069,0.001,1,1,-0.028,0,0,0,0,0,0,0,0
2234,0.117,0.069,0.001,1,1,-0.028,0,0,0,0,0,0,0,0
2235,0.119,0.069,0.001,1,1,-0.028,0,0,0,0,0,0,0,0
2236,0.121,0.069,0.001,1,1,-0.028,0,0,0,0,0,0,0,0
2237,0.123,0.069,0.001,1,1,-0.028,0,0,0,0,0,0,0,0
2238,0.125,0.069,0.001,1,1,-0.028,0,0,0,0,0,0,0,0
2239,0.127,0.069,0.001,1,1,-0.028,0,0,0,0,0,0,0,0
2240,0.001,0.071,0.001,1,1,-0.0178885,0,0,0,0,0,0,0,0
2241,0.003,0.071,0.001,1,1,-0.0161245,0,0,0,0,0,0,0,0
2242,0.005,0.071,0.001,1,1,-0.0144222,0,0,0,0,0,0,0,0
2243,0.007,0.071,0.001,1,1,-0.0128062,0,0,0,0,0,0,0,0
2244,0.009,0.071,0.001,1,1,-0.0113137,0,0,0,0,0,0,0,0
2245,0.011,0.071,0.001,1,1,-0.01,0,0,0,0,0,0,0,0
2246,0.013,0.071,0.001,1,1,-0.00894427,0,0,0,0,0,0,0,0
2247,0.015,0.071,0.001,1,1,-0.00824621,0,0,0,0,0,0,0,0
2248,0.017,0.071,0.001,1,1,-0.008,0,0,0,0,0,0,0,0
2249,0.019,0.071,0.001,1,1,-0.008,0,0,0,0,0,0,0,0
2250,0.021,0.071,0.001,1,1,-0.008,0,0,0,0,0,0,0,0
2251,0.023,0.071,0.001,1,1,-0.008,0,0,0,0,0,0,0,0
2252,0.025,0.071,0.001,1,1,-0.008,0,0,0,0,0,0,0,0
2253,0.027,0.071,0.001,1,1,-0.006,0,0,0,0,0,0,0,0
2254,0.029,0.071,0.001,1,1,-0.004,0,0,0,0,0,0,0,0
2255,0.031,0.071,0.001,1,1,-0.002,1,0,0,0,0,0,0,0.666667
2256,0.033,0.071,0.001,0.208609,1,0.002,1,0,0,0,0,0,0,0.666667
2257,0.035,0.071,0.001,0,0,0.004,0,0,0,0,0,0,0,0
2258,0.037,0.071,0.001,0,0,0.006,0,0,0,0,0,0,0,0
2259,0.039,0.071,0.001,0,0,0.008,0,0,0,0,0,0,0,0
2260,0.041,0.071,0.001,0,0,0.008,0,0,0,0,0,0,0,0
2261,0.043,0.071,0.001,0,0,0.006,0,0,0,0,0,0,0,0
2262,0.045,0.071,0.001,0,0,0.004,0,0,0,0,0,0,0,0
2263,0.047,0.071,0.001,0.208609,1,0.002,1,0,0,0,0,0,0,0.666667
2264,0.049,0.071,0.001,1,1,-0.002,1,0,0,0,0,0,0,0.666667
2265,0.051,0.071,0.001,1,1,-0.004,0,0,0,0,0,0,0,0
2266,0.053,0.071,0.001,1,1,-0.006,0,0,0,0,0,0,0,0
2267,0.055,0.071,0.001,1,1,-0.008,0,0,0,0,0,0,0,0
2268,0.057,0.071,0.001,1,1,-0.01,0,0,0,0,0,0,0,0
2269,0.059,0.071,0.001,1,1,-0.012,0,0,0,0,0,0,0,0
2270,0.061,0.071,0.001,1,1,-0.014,0,0,0,0,0,0,0,0
2271,0.063,0.071,0.001,1,1,-0.016,0,0,0,0,0,0,0,0
2272,0.065,0.071,0.001,1,1,-0.018,0,0,0,0,0,0,0,0
2273,0.067,0.071,0.001,1,1,-0.02,0,0,0,0,0,0,0,0
2274,0.069,0.071,0.001,1,1,-0.022,0,0,0,0,0,0,0,0
2275,0.071,0.071,0.001,1,1,-0.024,0,0,0,0,0,0,0,0
2276,0.073,0.071,0.001,1,1,-0.026,0,0,0,0,0,0,0,0
2277,0.075,0.071,0.001,1,1,-0.026,0,0,0,0,0,0,0,0
2278,0.077,0.071,0.001,1,1,-0.026,0,0,0,0,0,0,0,0
2279,0.079,0.071,0.001,1,1,-0.026,0,0,0,0,0,0,0,0
2280,0.081,0.071,0.001,1,1,-0.026,0,0,0,0,0,0,0,0
2281,0.083,0.071,0.001,1,1,-0.026,0,0,0,0,0,0,0,0
2282,0.085,0.071,0.001,1,1,-0.026,0,0,0,0,0,0,0,0
2283,0.087,0.071,0.001,1,1,-0.026,0,0,0,0,0,0,0,0
2284,0.089,0.071,0.001,1,1,-0.026,0,0,0,0,0,0,0,0
2285,0.091,0.071,0.001,1,1,-0.026,0,0,0,0,0,0,0,0
2286,0.093,0.071,0.001,1,1,-0.026,0,0,0,0,0,0,0,0
2287,0.095,0.071,0.001,1,1,-0.026,0,0,0,0,0,0,0,0
2288,0.097,0.071,0.001,1,1,-0.026,0,0,0,0,0,0,0,0
2289,0.099,0.071,0.001,1,1,-0.026,0,0,0,0,0,0,0,0
2290,0.101,0.071,0.001,1,1,-0.026,0,0,0,0,0,0,0,0
2291,0.103,0.071,0.001,1,1,-0.026,0,0,0,0,0,0,0,0
2292,0.105,0.071,0.001,1,1,-0.026,0,0,0,0,0,0,0,0
2293,0.107,0.071,0.001,1,1,-0.026,0,0,0,0,0,0,0,0
2294,0.109,0.071,0.001,1,1,-0.026,0,0,0,0,0,0,0,0
2295,0.111,0.071,0.001,1,1,-0.026,0,0,0,0,0,0,0,0
2296,0.113,0.071,0.001,1,1,-0.026,0,0,0,0,0,0,0,0
2297,0.115,0.071,0.001,1,1,-0.026,0,0,0,0,0,0,0,0
2298,0.117,0.071,0.001,1,1,-0.026,0,0,0,0,0,0,0,0
2299,0.119,0.071,0.001,1,1,-0.026,0,0,0,0,0,0,0,0
2300,0.121,0.071,0.001,1,1,-0.026,0,0,0,0,0,0,0,0
2301,0.123,0.071,0.001,1,1,-0.026,0,0,0,0,0,0,0,0
2302,0.125,0.071,0.001,1,1,-0.026,0,0,0,0,0,0,0,0
2303,0.127,0.071,0.001,1,1,-0.026,0,0,0,0,0,0,0,0
2304,0.001,0.073,0.001,1,1,-0.018868,0,0,0,0,0,0,0,0
2305,0.003,0.073,0.001,1,1,-0.0172047,0,0,0,0,0,0,0,0
2306,0.005,0.073,0.001,1,1,-0.0156205,0,0,0,0,0,0,0,0
2307,0.007,0.073,0.001,1,1,-0.0141421,0,0,0,0,0,0,0,0
2308,0.009,0.073,0.001,1,1,-0.0128062,0,0,0,0,0,0,0,0
2309,0.011,0.073,0.001,1,1,-0.0116619,0,0,0,0,0,0,0,0
2310,0.013,0.073,0.001,1,1,-0.0107703,0,0,0,0,0,0,0,0
2311,0.015,0.073,0.001,1,1,-0.010198,0,0,0,0,0,0,0,0
2312,0.017,0.073,0.001,1,1,-0.01,0,0,0,0,0,0,0,0
2313,0.019,0.073,0.001,1,1,-0.01,0,0,0,0,0,0,0,0
2314,0.021,0.073,0.001,1,1,-0.01,0,0,0,0,0,0,0,0
2315,0.023,0.073,0.001,1,1,-0.01,0,0,0,0,0,0,0,0
2316,0.025,0.073,0.001,1,1,-0.008,0,0,0,0,0,0,0,0
2317,0.027,0.073,0.001,1,1,-0.006,0,0,0,0,0,0,0,0
2318,0.029,0.073,0.001,1,1,-0.004,0,0,0,0,0,0,0,0
2319,0.031,0.073,0.001,1,1,-0.002,1,0,0,0,0,0,0,0.666667
2320,0.033,0.073,0.001,0.208609,1,0.002,1,0,0,0,0,0,0,0.666667
2321,0.035,0.073,0.001,0,0,0.004,0,0,0,0,0,0,0,0
2322,0.037,0.073,0.001,0,0,0.006,0,0,0,0,0,0,0,0
2323,0.039,0.073,0.001,0,0,0.008,0,0,0,0,0,0,0,0
2324,0.041,0.073,0.001,0,0,0.008,0,0,0,0,0,0,0,0
2325,0.043,0.073,0.001,0,0,0.006,0,0,0,0,0,0,0,0
2326,0.045,0.073,0.001,0,0,0.004,0,0,0,0,0,0,0,0
2327,0.047,0.073,0.001,0.208609,1,0.002,1,0,0,0,0,0,0,0.666667
2328,0.049,0.073,0.001,1,1,-0.002,1,0,0,0,0,0,0,0.666667
2329,0.051,0.073,0.001,1,1,-0.004,0,0,0,0,0,0,0,0
2330,0.053,0.073,0.001,1,1,-0.006,0,0,0,0,0,0,0,0
2331,0.055,0.073,0.001,1,1,-0.008,0,0,0,0,0,0,0,0
2332,0.057,0.073,0.001,1,1,-0.01,0,0,0,0,0,0,0,0
2333,0.059,0.073,0.001,1,1,-0.012,0,0,0,0,0,0,0,0
2334,0.061,0.073,0.001,1,1,-0.014,0,0,0,0,0,0,0,0
2335,0.063,0.073,0.001,1,1,-0.016,0,0,0,0,0,0,0,0
2336,0.065,0.073,0.001,1,1,-0.018,0,0,0,0,0,0,0,0
2337,0.067,0.073,0.001,1,1,-0.02,0,0,0,0,0,0,0,0
2338,0.069,0.073,0.001,1,1,-0.022,0,0,0,0,0,0,0,0
2339,0.071,0.073,0.001,1,1,-0.024,0,0,0,0,0,0,0,0
2340,0.073,0.073,0.001,1,1,-0.024,0,0,0,0,0,0,0,0
2341,0.075,0.073,0.001,1,1,-0.024,0,0,0,0,0,0,0,0
2342,0.077,0.073,0.001,1,1,-0.024,0,0,0,0,0,0,0,0
2343,0.079,0.073,0.001,1,1,-0.024,0,0,0,0,0,0,0,0
2344,0.081,0.073,0.001,1,1,-0.024,0,0,0,0,0,0,0,0
2345,0.083,0.073,0.001,1,1,-0.024,0,0,0,0,0,0,0,0
2346,0.085,0.073,0.001,1,1,-0.024,0,0,0,0,0,0,0,0
2347,0.087,0.073,0.001,1,1,-0.024,0,0,0,0,0,0,0,0
2348,0.089,0.073,0.001,1,1,-0.024,0,0,0,0,0,0,0,0
2349,0.091,0.073,0.001,1,1,-0.024,0,0,0,0,0,0,0,0
2350,0.093,0.073,0.001,1,1,-0.024,0,0,0,0,0,0,0,0
2351,0.095,0.073,0.001,1,1,-0.024,0,0,0,0,0,0,0,0
2352,0.097,0.073,0.001,1,1,-0.024,0,0,0,0,0,0,0,0
2353,0.099,0.073,0.001,1,1,-0.024,0,0,0,0,0,0,0,0
2354,0.101,0.073,0.001,1,1,-0.024,0,0,0,0,0,0,0,0
2355,0.103,0.073,0.001,1,1,-0.024,0,0,0,0,0,0,0,0
2356,0.105,0.073,0.001,1,1,-0.024,0,0,0,0,0,0,0,0
2357,0.107,0.073,0.001,1,1,-0.024,0,0,0,0,0,0,0,0
2358,0.109,0.073,0.001,1,1,-0.024,0,0,0,0,0,0,0,0
2359,0.111,0.073,0.001,1,1,-0.024,0,0,0,0,0,0,0,0
2360,0.113,0.073,0.001,1,1,-0.024,0,0,0,0,0,0,0,0
2361,0.115,0.073,0.001,1,1,-0.024,0,0,0,0,0,0,0,0
2362,0.117,0.073,0.001,1,1,-0.024,0,0,0,0,0,0,0,0
2363,0.119,0.073,0.001,1,1,-0.024,0,0,0,0,0,0,0,0
2364,0.121,0.073,0.001,1,1,-0.024,0,0,0,0,0,0,0,0
2365,0.123,0.073,0.001,1,1,-0.024,0,0,0,0,0,0,0,0
2366,0.125,0.073,0.001,1,1,-0.024,0,0,0,0,0,0,0,0
2367,0.127,0.073,0.001,1,1,-0.024,0,0,0,0,0,0,0,0
2368,0.001,0.075,0.001,1,1,-0.02,0,0,0,0,0,0,0,0
2369,0.003,0.075,0.001,1,1,-0.0184391,0,0,0,0,0,0,0,0
2370,0.005,0.075,0.001,1,1,-0.0169706,0,0,0,0,0,0,0,0
2371,0.007,0.075,0.001,1,1,-0.0156205,0,0,0,0,0,0,0,0
2372,0.009,0.075,0.001,1,1,-0.0144222,0,0,0,0,0,0,0,0
2373,0.011,0.075,0.001,1,1,-0.0134164,0,0,0,0,0,0,0,0
2374,0.013,0.075,0.001,1,1,-0.0126491,0,0,0,0,0,0,0,0
2375,0.015,0.075,0.001,1,1,-0.0121655,0,0,0,0,0,0,0,0
2376,0.017,0.075,0.001,1,1,-0.012,0,0,0,0,0,0,0,0
2377,0.019,0.075,0.001,1,1,-0.012,0,0,0,0,0,0,0,0
2378,0.021,0.075,0.001,1,1,-0.012,0,0,0,0,0,0,0,0
2379,0.023,0.075,0.001,1,1,-0.01,0,0,0,0,0,0,0,0
2380,0.025,0.075,0.001,1,1,-0.008,0,0,0,0,0,0,0,0
2381,0.027,0.075,0.001,1,1,-0.006,0,0,0,0,0,0,0,0
2382,0.029,0.075,0.001,1,1,-0.004,0,0,0,0,0,0,0,0
2383,0.031,0.075,0.001,1,1,-0.002,1,0,0,0,0,0,0,0.666667
2384,0.033,0.075,0.001,0.208609,1,0.002,1,0,0,0,0,0,0,0.666667
2385,0.035,0.075,0.001,0,0,0.004,0,0,0,0,0,0,0,0
2386,0.037,0.075,0.001,0,0,0.006,0,0,0,0,0,0,0,0
2387,0.039,0.075,0.001,0,0,0.008,0,0,0,0,0,0,0,0
2388,0.041,0.075,0.001,0,0,0.008,0,0,0,0,0,0,0,0
2389,0.043,0.075,0.001,0,0,0.006,0,0,0,0,0,0,0,0
2390,0.045,0.075,0.001,0,0,0.004,0,0,0,0,0,0,0,0
2391,0.047,0.075,0.001,0.208609,1,0.002,1,0,0,0,0,0,0,0.666667
2392,0.049,0.075,0.001,1,1,-0.002,1,0,0,0,0,0,0,0.666667
2393,0.051,0.075,0.001,1,1,-0.004,0,0,0,0,0,0,0,0
2394,0.053,0.075,0.001,1,1,-0.006,0,0,0,0,0,0,0,0
2395,0.055,0.075,0.001,1,1,-0.008,0,0,0,0,0,0,0,0
2396,0.057,0.075,0.001,1,1,-0.01,0,0,0,0,0,0,0,0
2397,0.059,0.075,0.001,1,1,-0.012,0,0,0,0,0,0,0,0
2398,0.061,0.075,0.001,1,1,-0.014,0,0,0,0,0,0,0,0
2399,0.063,0.075,0.001,1,1,-0.016,0,0,0,0,0,0,0,0
2400,0.065,0.075,0.001,1,1,-0.018,0,0,0,0,0,0,0,0
2401,0.067,0.075,0.001,1,1,-0.02,0,0,0,0,0,0,0,0
2402,0.069,0.075,0.001,1,1,-0.022,0,0,0,0,0,0,0,0
2403,0.071,0.075,0.001,1,1,-0.022,0,0,0,0,0,0,0,0
2404,0.073,0.075,0.001,1,1,-0.022,0,0,0,0,0,0,0,0
2405,0.075,0.075,0.001,1,1,-0.022,0,0,0,0,0,0,0,0
2406,0.077,0.075,0.001,1,1,-0.022,0,0,0,0,0,0,0,0
2407,0.079,0.075,0.001,1,1,-0.022,0,0,0,0,0,0,0,0
2408,0.081,0.075,0.001,1,1,-0.022,0,0,0,0,0,0,0,0
2409,0.083,0.075,0.001,1,1,-0.022,0,0,0,0,0,0,0,0
2410,0.085,0.075,0.001,1,1,-0.022,0,0,0,0,0,0,0,0
2411,0.087,0.075,0.001,1,1,-0.022,0,0,0,0,0,0,0,0
2412,0.089,0.075,0.001,1,1,-0.022,0,0,0,0,0,0,0,0
2413,0.091,0.075,0.001,1,1,-0.022,0,0,0,0,0,0,0,0
2414,0.093,0.075,0.001,1,1,-0.022,0,0,0,0,0,0,0,0
2415,0.095,0.075,0.001,1,1,-0.022,0,0,0,0,0,0,0,0
2416,0.097,0.075,0.001,1,1,-0.022,0,0,0,0,0,0,0,0
2417,0.099,0.075,0.001,1,1,-0.022,0,0,0,0,0,0,0,0
2418,0.101,0.075,0.001,1,1,-0.022,0,0,0,0,0,0,0,0
2419,0.103,0.075,0.001,1,1,-0.022,0,0,0,0,0,0,0,0
2420,0.105,0.075,0.001,1,1,-0.022,0,0,0,0,0,0,0,0
2421,0.107,0.075,0.001,1,1,-0.022,0,0,0,0,0,0,0,0
2422,0.109,0.075,0.001,1,1,-0.022,0,0,0,0,0,0,0,0
2423,0.111,0.075,0.001,1,1,-0.022,0,0,0,0,0,0,0,0
2424,0.113,0.075,0.001,1,1,-0.022,0,0,0,0,0,0,0,0
2425,0.115,0.075,0.001,1,1,-0.022,0,0,0,0,0,0,0,0
2426,0.117,0.075,0.001,1,1,-0.022,0,0,0,0,0,0,0,0
2427,0.119,0.075,0.001,1,1,-0.022,0,0,0,0,0,0,0,0
2428,0.121,0.075,0.001,1,1,-0.022,0,0,0,0,0,0,0,0
2429,0.123,0.075,0.001,1,1,-0.022,0,0,0,0,0,0,0,0
2430,0.125,0.075,0.001,1,1,-0.022,0,0,0,0,0,0,0,0
2431,0.127,0.075,0.001,1,1,-0.022,0,0,0,0,0,0,0,0
2432,0.001,0.077,0.001,1,1,-0.02,0,0,0,0,0,0,0,0
2433,0.003,0.077,0.001,1,1,-0.019799,0,0,0,0,0,0,0,0
2434,0.005,0.077,0.001,1,1,-0.0184391,0,0,0,0,0,0,0,0
2435,0.007,0.077,0.001,1,1,-0.0172047,0,0,0,0,0,0,0,0
2436,0.009,0.077,0.001,1,1,-0.0161245,0,0,0,0,0,0,0,0
2437,0.011,0.077,0.001,1,1,-0.0152315,0,0,0,0,0,0,0,0
2438,0.013,0.077,0.001,1,1,-0.0145602,0,0,0,0,0,0,0,0
2439,0.015,0.077,0.001,1,1,-0.0141421,0,0,0,0,0,0,0,0
2440,0.017,0.077,0.001,1,1,-0.014,0,0,0,0,0,0,0,0
2441,0.019,0.077,0.001,1,1,-0.014,0,0,0,0,0,0,0,0
2442,0.021,0.077,0.001,1,1,-0.012,0,0,0,0,0,0,0,0
2443,0.023,0.077,0.001,1,1,-0.01,0,0,0,0,0,0,0,0
2444,0.025,0.077,0.001,1,1,-0.008,0,0,0,0,0,0,0,0
2445,0.027,0.077,0.001,1,1,-0.006,0,0,0,0,0,0,0,0
2446,0.029,0.077,0.001,1,1,-0.004,0,0,0,0,0,0,0,0
2447,0.031,0.077,0.001,1,1,-0.002,1,0,0,0,0,0,0,0.666667
2448,0.033,0.077,0.001,0.208609,1,0.002,1,0,0,0,0,0,0,0.666667
2449,0.035,0.077,0.001,0,0,0.004,0,0,0,0,0,0,0,0
2450,0.037,0.077,0.001,0,0,0.006,0,0,0,0,0,0,0,0
2451,0.039,0.077,0.001,0,0,0.008,0,0,0,0,0,0,0,0
2452,0.041,0.077,0.001,0,0,0.008,0,0,0,0,0,0,0,0
2453,0.043,0.077,0.001,0,0,0.006,0,0,0,0,0,0,0,0
2454,0.045,0.077,0.001,0,0,0.004,0,0,0,0,0,0,0,0
2455,0.047,0.077,0.001,0.208609,1,0.002,1,0,0,0,0,0,0,0.666667
2456,0.049,0.077,0.001,1,1,-0.002,1,0,0,0,0,0,0,0.666667
2457,0.051,0.077,0.001,1,1,-0.004,0,0,0,0,0,0,0,0
2458,0.053,0.077,0.001,1,1,-0.006,0,0,0,0,0,0,0,0
2459,0.055,0.077,0.001,1,1,-0.008,0,0,0,0,0,0,0,0
2460,0.057,0.077,0.001,1,1,-0.01,0,0,0,0,0,0,0,0
2461,0.059,0.077,0.001,1,1,-0.012,0,0,0,0,0,0,0,0
2462,0.061,0.077,0.001,1,1,-0.014,0,0,0,0,0,0,0,0
2463,0.063,0.077,0.001,1,1,-0.016,0,0,0,0,0,0,0,0
2464,0.065,0.077,0.001,1,1,-0.018,0,0,0,0,0,0,0,0
2465,0.067,0.077,0.001,1,1,-0.02,0,0,0,0,0,0,0,0
2466,0.069,0.077,0.001,1,1,-0.02,0,0,0,0,0,0,0,0
2467,0.071,0.077,0.001,1,1,-0.02,0,0,0,0,0,0,0,0
2468,0.073,0.077,0.001,1,1,-0.02,0,0,0,0,0,0,0,0
2469,0.075,0.077,0.001,1,1,-0.02,0,0,0,0,0,0,0,0
2470,0.077,0.077,0.001,1,1,-0.02,0,0,0,0,0,0,0,0
2471,0.079,0.077,0.001,1,1,-0.02,0,0,0,0,0,0,0,0
2472,0.081,0.077,0.001,1,1,-0.02,0,0,0,0,0,0,0,0
2473,0.083,0.077,0.001,1,1,-0.02,0,0,0,0,0,0,0,0
2474,0.085,0.077,0.001,1,1,-0.02,0,0,0,0,0,0,0,0
2475,0.087,0.077,0.001,1,1,-0.02,0,0,0,0,0,0,0,0
2476,0.089,0.077,0.001,1,1,-0.02,0,0,0,0,0,0,0,0
2477,0.091,0.077,0.001,1,1,-0.02,0,0,0,0,0,0,0,0
2478,0.093,0.077,0.001,1,1,-0.02,0,0,0,0,0,0,0,0
2479,0.095,0.077,0.001,1,1,-0.02,0,0,0,0,0,0,0,0
2480,0.097,0.077,0.001,1,1,-0.02,0,0,0,0,0,0,0,0
2481,0.099,0.077,0.001,1,1,-0.02,0,0,0,0,0,0,0,0
2482,0.101,0.077,0.001,1,1,-0.02,0,0,0,0,0,0,0,0
2483,0.103,0.077,0.001,1,1,-0.02,0,0,0,0,0,0,0,0
2484,0.105,0.077,0.001,1,1,-0.02,0,0,0,0,0,0,0,0
2485,0.107,0.077,0.001,1,1,-0.02,0,0,0,0,0,0,0,0
2486,0.109,0.077,0.001,1,1,-0.02,0,0,0,0,0,0,0,0
2487,0.111,0.077,0.001,1,1,-0.02,0,0,0,0,0,0,0,0
2488,0.113,0.077,0.001,1,1,-0.02,0,0,0,0,0,0,0,0
2489,0.115,0.077,0.001,1,1,-0.02,0,0,0,0,0,0,0,0
2490,0.117,0.077,0.001,1,1,-0.02,0,0,0,0,0,0,0,0
2491,0.119,0.077,0.001,1,1,-0.02,0,0,0,0,0,0,0,0
2492,0.121,0.077,0.001,1,1,-0.02,0,0,0,0,0,0,0,0
2493,0.123,0.077,0.001,1,1,-0.02,0,0,0,0,0,0,0,0
2494,0.125,0.077,0.001,1,1,-0.02,0,0,0,0,0,0,0,0
2495,0.127,0.077,0.001,1,1,-0.02,0,0,0,0,0,0,0,0
2496,0.001,0.079,0.001,1,1,-0.018,0,0,0,0,0,0,0,0
2497,0.003,0.079,0.001,1,1,-0.018,0,0,0,0,0,0,0,0
2498,0.005,0.079,0.001,1,1,-0.018,0,0,0,0,0,0,0,0
2499,0.007,0.079,0.001,1,1,-0.018,0,0,0,0,0,0,0,0
2500,0.009,0.079,0.001,1,1,-0.0178885,0,0,0,0,0,0,0,0
2501,0.011,0.079,0.001,1,1,-0.017088,0,0,0,0,0,0,0,0
2502,0.013,0.079,0.001,1,1,-0.0164924,0,0,0,0,0,0,0,0
2503,0.015,0.079,0.001,1,1,-0.0161245,0,0,0,0,0,0,0,0
2504,0.017,0.079,0.001,1,1,-0.016,0,0,0,0,0,0,0,0
2505,0.019,0.079,0.001,1,1,-0.014,0,0,0,0,0,0,0,0
2506,0.021,0.079,0.001,1,1,-0.012,0,0,0,0,0,0,0,0
2507,0.023,0.079,0.001,1,1,-0.01,0,0,0,0,0,0,0,0
2508,0.025,0.079,0.001,1,1,-0.008,0,0,0,0,0,0,0,0
2509,0.027,0.079,0.001,1,1,-0.006,0,0,0,0,0,0,0,0
2510,0.029,0.079,0.001,1,1,-0.004,0,0,0,0,0,0,0,0
2511,0.031,0.079,0.001,1,1,-0.002,1,0,0,0,0,0,0,0.666667
2512,0.033,0.079,0.001,0.208609,1,0.002,1,0,0,0,0,0,0,0.666667
2513,0.035,0.079,0.001,0,0,0.004,0,0,0,0,0,0,0,0
2514,0.037,0.079,0.001,0,0,0.006,0,0,0,0,0,0,0,0
2515,0.039,0.079,0.001,0,0,0.008,0,0,0,0,0,0,0,0
2516,0.041,0.079,0.001,0,0,0.008,0,0,0,0,0,0,0,0
2517,0.043,0.079,0.001,0,0,0.006,0,0,0,0,0,0,0,0
2518,0.045,0.079,0.001,0,0,0.004,0,0,0,0,0,0,0,0
2519,0.047,0.079,0.001,0.208609,1,0.002,1,0,0,0,0,0,0,0.666667
2520,0.049,0.079,0.001,1,1,-0.002,1,0,0,0,0,0,0,0.666667
2521,0.051,0.079,0.001,1,1,-0.004,0,0,0,0,0,0,0,0
2522,0.053,0.079,0.001,1,1,-0.006,0,0,0,0,0,0,0,0
2523,0.055,0.079,0.001,1,1,-0.008,0,0,0,0,0,0,0,0
2524,0.057,0.079,0.001,1,1,-0.01,0,0,0,0,0,0,0,0
2525,0.059,0.079,0.001,1,1,-0.012,0,0,0,0,0,0,0,0
2526,0.061,0.079,0.001,1,1,-0.014,0,0,0,0,0,0,0,0
2527,0.063,0.079,0.001,1,1,-0.016,0,0,0,0,0,0,0,0
2528,0.065,0.079,0.001,1,1,-0.018,0,0,0,0,0,0,0,0
2529,0.067,0.079,0.001,1,1,-0.018,0,0,0,0,0,0,0,0
2530,0.069,0.079,0.001,1,1,-0.018,0,0,0,0,0,0,0,0
2531,0.071,0.079,0.001,1,1,-0.018,0,0,0,0,0,0,0,0
2532,0.073,0.079,0.001,1,1,-0.018,0,0,0,0,0,0,0,0
2533,0.075,0.079,0.001,1,1,-0.018,0,0,0,0,0,0,0,0
2534,0.077,0.079,0.001,1,1,-0.018,0,0,0,0,0,0,0,0
2535,0.079,0.079,0.001,1,1,-0.018,0,0,0,0,0,0,0,0
2536,0.081,0.079,0.001,1,1,-0.018,0,0,0,0,0,0,0,0
2537,0.083,0.079,0.001,1,1,-0.018,0,0,0,0,0,0,0,0
2538,0.085,0.079,0.001,1,1,-0.018,0,0,0,0,0,0,0,0
2539,0.087,0.079,0.001,1,1,-0.018,0,0,0,0,0,0,0,0
2540,0.089,0.079,0.001,1,1,-0.018,0,0,0,0,0,0,0,0
2541,0.091,0.079,0.001,1,1,-0.018,0,0,0,0,0,0,0,0
2542,0.093,0.079,0.001,1,1,-0.018,0,0,0,0,0,0,0,0
2543,0.095,0.079,0.001,1,1,-0.018,0,0,0,0,0,0,0,0
2544,0.097,0.079,0.001,1,1,-0.018,0,0,0,0,0,0,0,0
2545,0.099,0.079,0.001,1,1,-0.018,0,0,0,0,0,0,0,0
2546,0.101,0.079,0.001,1,1,-0.018,0,0,0,0,0,0,0,0
2547,0.103,0.079,0.001,1,1,-0.018,0,0,0,0,0,0,0,0
2548,0.105,0.079,0.001,1,1,-0.018,0,0,0,0,0,0,0,0
2549,0.107,0.079,0.001,1,1,-0.018,0,0,0,0,0,0,0,0
2550,0.109,0.079,0.001,1,1,-0.018,0,0,0,0,0,0,0,0
2551,0.111,0.079,0.001,1,1,-0.018,0,0,0,0,0,0,0,0
2552,0.113,0.079,0.001,1,1,-0.018,0,0,0,0,0,0,0,0
2553,0.115,0.079,0.001,1,1,-0.018,0,0,0,0,0,0,0,0
2554,0.117,0.079,0.001,1,1,-0.018,0,0,0,0,0,0,0,0
2555,0.119,0.079,0.001,1,1,-0.018,0,0,0,0,0,0,0,0
2556,0.121,0.079,0.001,1,1,-0.018,0,0,0,0,0,0,0,0
2557,0.123,0.079,0.001,1,1,-0.018,0,0,0,0,0,0,0,0
2558,0.125,0.079,0.001,1,1,-0.018,0,0,0,0,0,0,0,0
2559,0.127,0.079,0.001,1,1,-0.018,0,0,0,0,0,0,0,0
2560,0.001,0.081,0.001,1,1,-0.016,0,0,0,0,0,0,0,0
2561,0.003,0.081,0.001,1,1,-0.016,0,0,0,0,0,0,0,0
2562,0.005,0.081,0.001,1,1,-0.016,0,0,0,0,0,0,0,0
2563,0.007,0.081,0.001,1,1,-0.016,0,0,0,0,0,0,0,0
2564,0.009,0.081,0.001,1,1,-0.016,0,0,0,0,0,0,0,0
2565,0.011,0.081,0.001,1,1,-0.016,0,0,0,0,0,0,0,0
2566,0.013,0.081,0.001,1,1,-0.016,0,0,0,0,0,0,0,0
2567,0.015,0.081,0.001,1,1,-0.016,0,0,0,0,0,0,0,0
2568,0.017,0.081,0.001,1,1,-0.016,0,0,0,0,0,0,0,0
2569,0.019,0.081,0.001,1,1,-0.014,0,0,0,0,0,0,0,0
2570,0.021,0.081,0.001,1,1,-0.012,0,0,0,0,0,0,0,0
2571,0.023,0.081,0.001,1,1,-0.01,0,0,0,0,0,0,0,0
2572,0.025,0.081,0.001,1,1,-0.008,0,0,0,0,0,0,0,0
2573,0.027,0.081,0.001,1,1,-0.006,0,0,0,0,0,0,0,0
2574,0.029,0.081,0.001,1,1,-0.004,0,0,0,0,0,0,0,0
2575,0.031,0.081,0.001,1,1,-0.002,1,0,0,0,0,0,0,0.666667
2576,0.033,0.081,0.001,0.208609,1,0.002,1,0,0,0,0,0,0,0.666667
2577,0.035,0.081,0.001,0,0,0.004,0,0,0,0,0,0,0,0
2578,0.037,0.081,0.001,0,0,0.006,0,0,0,0,0,0,0,0
2579,0.039,0.081,0.001,0,0,0.008,0,0,0,0,0,0,0,0
2580,0.041,0.081,0.001,0,0,0.008,0,0,0,0,0,0,0,0
2581,0.043,0.081,0.001,0,0,0.006,0,0,0,0,0,0,0,0
2582,0.045,0.081,0.001,0,0,0.004,0,0,0,0,0,0,0,0
2583,0.047,0.081,0.001,0.208609,1,0.002,1,0,0,0,0,0,0,0.666667
2584,0.049,0.081,0.001,1,1,-0.002,1,0,0,0,0,0,0,0.666667
2585,0.051,0.081,0.001,1,1,-0.004,0,0,0,0,0,0,0,0
2586,0.053,0.081,0.001,1,1,-0.006,0,0,0,0,0,0,0,0
2587,0.055,0.081,0.001,1,1,-0.008,0,0,0,0,0,0,0,0
2588,0.057,0.081,0.001,1,1,-0.01,0,0,0,0,0,0,0,0
2589,0.059,0.081,0.001,1,1,-0.012,0,0,0,0,0,0,0,0
2590,0.061,0.081,0.001,1,1,-0.014,0,0,0,0,0,0,0,0
2591,0.063,0.081,0.001,1,1,-0.016,0,0,0,0,0,0,0,0
2592,0.065,0.081,0.001,1,1,-0.016,0,0,0,0,0,0,0,0
2593,0.067,0.081,0.001,1,1,-0.016,0,0,0,0,0,0,0,0
2594,0.069,0.081,0.001,1,1,-0.016,0,0,0,0,0,0,0,0
2595,0.071,0.081,0.001,1,1,-0.016,0,0,0,0,0,0,0,0
2596,0.073,0.081,0.001,1,1,-0.016,0,0,0,0,0,0,0,0
2597,0.075,0.081,0.001,1,1,-0.016,0,0,0,0,0,0,0,0
2598,0.077,0.081,0.001,1,1,-0.016,0,0,0,0,0,0,0,0
2599,0.079,0.081,0.001,1,1,-0.016,0,0,0,0,0,0,0,0
2600,0.081,0.081,0.001,1,1,-0.016,0,0,0,0,0,0,0,0
2601,0.083,0.081,0.001,1,1,-0.016,0,0,0,0,0,0,0,0
2602,0.085,0.081,0.001,1,1,-0.016,0,0,0,0,0,0,0,0
2603,0.087,0.081,0.001,1,1,-0.016,0,0,0,0,0,0,0,0
2604,0.089,0.081,0.001,1,1,-0.016,0,0,0,0,0,0,0,0
2605,0.091,0.081,0.001,1,1,-0.016,0,0,0,0,0,0,0,0
2606,0.093,0.081,0.001,1,1,-0.016,0,0,0,0,0,0,0,0
2607,0.095,0.081,0.001,1,1,-0.016,0,0,0,0,0,0,0,0
2608,0.097,0.081,0.001,1,1,-0.016,0,0,0,0,0,0,0,0
2609,0.099,0.081,0.001,1,1,-0.016,0,0,0,0,0,0,0,0
2610,0.101,0.081,0.001,1,1,-0.016,0,0,0,0,0,0,0,0
2611,0.103,0.081,0.001,1,1,-0.016,0,0,0,0,0,0,0,0
2612,0.105,0.081,0.001,1,1,-0.016,0,0,0,0,0,0,0,0
2613,0.107,0.081,0.001,1,1,-0.016,0,0,0,0,0,0,0,0
2614,0.109,0.081,0.001,1,1,-0.016,0,0,0,0,0,0,0,0
2615,0.111,0.081,0.001,1,1,-0.016,0,0,0,0,0,0,0,0
2616,0.113,0.081,0.001,1,1,-0.016,0,0,0,0,0,0,0,0
2617,0.115,0.081,0.001,1,1,-0.016,0,0,0,0,0,0,0,0
2618,0.117,0.081,0.001,1,1,-0.016,0,0,0,0,0,0,0,0
2619,0.119,0.081,0.001,1,1,-0.016,0,0,0,0,0,0,0,0
2620,0.121,0.081,0.001,1,1,-0.016,0,0,0,0,0,0,0,0
2621,0.123,0.081,0.001,1,1,-0.016,0,0,0,0,0,0,0,0
2622,0.125,0.081,0.001,1,1,-0.016,0,0,0,0,0,0,0,0
2623,0.127,0.081,0.001,1,1,-0.016,0,0,0,0,0,0,0,0
2624,0.001,0.083,0.001,1,1,-0.014,0,0,0,0,0,0,0,0
2625,0.003,0.083,0.001,1,1,-0.014,0,0,0,0,0,0,0,0
2626,0.005,0.083,0.001,1,1,-0.014,0,0,0,0,0,0,0,0
2627,0.007,0.083,0.001,1,1,-0.014,0,0,0,0,0,0,0,0
2628,0.009,0.083,0.001,1,1,-0.014,0,0,0,0,0,0,0,0
2629,0.011,0.083,0.001,1,1,-0.014,0,0,0,0,0,0,0,0
2630,0.013,0.083,0.001,1,1,-0.014,0,0,0,0,0,0,0,0
2631,0.015,0.083,0.001,1,1,-0.014,0,0,0,0,0,0,0,0
2632,0.017,0.083,0.001,1,1,-0.014,0,0,0,0,0,0,0,0
2633,0.019,0.083,0.001,1,1,-0.014,0,0,0,0,0,0,0,0
2634,0.021,0.083,0.001,1,1,-0.012,0,0,0,0,0,0,0,0
2635,0.023,0.083,0.001,1,1,-0.01,0,0,0,0,0,0,0,0
2636,0.025,0.083,0.001,1,1,-0.008,0,0,0,0,0,0,0,0
2637,0.027,0.083,0.001,1,1,-0.006,0,0,0,0,0,0,0,0
2638,0.029,0.083,0.001,1,1,-0.004,0,0,0,0,0,0,0,0
2639,0.031,0.083,0.001,1,1,-0.002,1,0,0,0,0,0,0,0.666667
2640,0.033,0.083,0.001,0.208609,1,0.002,1,0,0,0,0,0,0,0.666667
2641,0.035,0.083,0.001,0,0,0.004,0,0,0,0,0,0,0,0
2642,0.037,0.083,0.001,0,0,0.006,0,0,0,0,0,0,0,0
2643,0.039,0.083,0.001,0,0,0.008,0,0,0,0,0,0,0,0
2644,0.041,0.083,0.001,0,0,0.008,0,0,0,0,0,0,0,0
2645,0.043,0.083,0.001,0,0,0.006,0,0,0,0,0,0,0,0
2646,0.045,0.083,0.001,0,0,0.004,0,0,0,0,0,0,0,0
2647,0.047,0.083,0.001,0.208609,1,0.002,1,0,0,0,0,0,0,0.666667
2648,0.049,0.083,0.001,1,1,-0.002,1,0,0,0,0,0,0,0.666667
2649,0.051,0.083,0.001,1,1,-0.004,0,0,0,0,0,0,0,0
2650,0.053,0.083,0.001,1,1,-0.006,0,0,0,0,0,0,0,0
2651,0.055,0.083,0.001,1,1,-0.008,0,0,0,0,0,0,0,0
2652,0.057,0.083,0.001,1,1,-0.01,0,0,0,0,0,0,0,0
2653,0.059,0.083,0.001,1,1,-0.012,0,0,0,0,0,0,0,0
2654,0.061,0.083,0.001,1,1,-0.014,0,0,0,0,0,0,0,0
2655,0.063,0.083,0.001,1,1,-0.0141421,0,0,0,0,0,0,0,0
2656,0.065,0.083,0.001,1,1,-0.014,0,0,0,0,0,0,0,0
2657,0.067,0.083,0.001,1,1,-0.014,0,0,0,0,0,0,0,0
2658,0.069,0.083,0.001,1,1,-0.014,0,0,0,0,0,0,0,0
2659,0.071,0.083,0.001,1,1,-0.014,0,0,0,0,0,0,0,0
2660,0.073,0.083,0.001,1,1,-0.014,0,0,0,0,0,0,0,0
2661,0.075,0.083,0.001,1,1,-0.014,0,0,0,0,0,0,0,0
2662,0.077,0.083,0.001,1,1,-0.014,0,0,0,0,0,0,0,0
2663,0.079,0.083,0.001,1,1,-0.014,0,0,0,0,0,0,0,0
2664,0.081,0.083,0.001,1,1,-0.014,0,0,0,0,0,0,0,0
2665,0.083,0.083,0.001,1,1,-0.014,0,0,0,0,0,0,0,0
2666,0.085,0.083,0.001,1,1,-0.014,0,0,0,0,0,0,0,0
2667,0.087,0.083,0.001,1,1,-0.014,0,0,0,0,0,0,0,0
2668,0.089,0.083,0.001,1,1,-0.014,0,0,0,0,0,0,0,0
2669,0.091,0.083,0.001,1,1,-0.014,0,0,0,0,0,0,0,0
2670,0.093,0.083,0.001,1,1,-0.014,0,0,0,0,0,0,0,0
2671,0.095,0.083,0.001,1,1,-0.014,0,0,0,0,0,0,0,0
2672,0.097,0.083,0.001,1,1,-0.014,0,0,0,0,0,0,0,0
2673,0.099,0.083,0.001,1,1,-0.014,0,0,0,0,0,0,0,0
2674,0.101,0.083,0.001,1,1,-0.014,0,0,0,0,0,0,0,0
2675,0.103,0.083,0.001,1,1,-0.014,0,0,0,0,0,0,0,0
2676,0.105,0.083,0.001,1,1,-0.014,0,0,0,0,0,0,0,0
2677,0.107,0.083,0.001,1,1,-0.014,0,0,0,0,0,0,0,0
2678,0.109,0.083,0.001,1,1,-0.014,0,0,0,0,0,0,0,0
2679,0.111,0.083,0.001,1,1,-0.014,0,0,0,0,0,0,0,0
2680,0.113,0.083,0.001,1,1,-0.014,0,0,0,0,0,0,0,0
2681,0.115,0.083,0.001,1,1,-0.014,0,0,0,0,0,0,0,0
2682,0.117,0.083,0.001,1,1,-0.014,0,0,0,0,0,0,0,0
2683,0.119,0.083,0.001,1,1,-0.014,0,0,0,0,0,0,0,0
2684,0.121,0.083,0.001,1,1,-0.014,0,0,0,0,0,0,0,0
2685,0.123,0.083,0.001,1,1,-0.014,0,0,0,0,0,0,0,0
2686,0.125,0.083,0.001,1,1,-0.014,0,0,0,0,0,0,0,0
2687,0.127,0.083,0.001,1,1,-0.014,0,0,0,0,0,0,0,0
2688,0.001,0.085,0.001,1,1,-0.012,0,0,0,0,0,0,0,0
2689,0.003,0.085,0.001,1,1,-0.012,0,0,0,0,0,0,0,0
2690,0.005,0.085,0.001,1,1,-0.012,0,0,0,0,0,0,0,0
2691,0.007,0.085,0.001,1,1,-0.012,0,0,0,0,0,0,0,0
2692,0.009,0.085,0.001,1,1,-0.012,0,0,0,0,0,0,0,0
2693,0.011,0.085,0.001,1,1,-0.012,0,0,0,0,0,0,0,0
2694,0.013,0.085,0.001,1,1,-0.012,0,0,0,0,0,0,0,0
2695,0.015,0.085,0.001,1,1,-0.012,0,0,0,0,0,0,0,0
2696,0.017,0.085,0.001,1,1,-0.012,0,0,0,0,0,0,0,0
2697,0.019,0.085,0.001,1,1,-0.012,0,0,0,0,0,0,0,0
2698,0.021,0.085,0.001,1,1,-0.012,0,0,0,0,0,0,0,0
2699,0.023,0.085,0.001,1,1,-0.01,0,0,0,0,0,0,0,0
2700,0.025,0.085,0.001,1,1,-0.008,0,0,0,0,0,0,0,0
2701,0.027,0.085,0.001,1,1,-0.006,0,0,0,0,0,0,0,0
2702,0.029,0.085,0.001,1,1,-0.004,0,0,0,0,0,0,0,0
2703,0.031,0.085,0.001,1,1,-0.002,1,0,0,0,0,0,0,0.666667
2704,0.033,0.085,0.001,0.208609,1,0.002,1,0,0,0,0,0,0,0.666667
2705,0.035,0.085,0.001,0,0,0.004,0,0,0,0,0,0,0,0
2706,0.037,0.085,0.001,0,0,0.006,0,0,0,0,0,0,0,0
2707,0.039,0.085,0.001,0,0,0.008,0,0,0,0,0,0,0,0
2708,0.041,0.085,0.001,0,0,0.008,0,0,0,0,0,0,0,0
2709,0.043,0.085,0.001,0,0,0.006,0,0,0,0,0,0,0,0
2710,0.045,0.085,0.001,0,0,0.004,0,0,0,0,0,0,0,0
2711,0.047,0.085,0.001,0.208609,1,0.002,1,0,0,0,0,0,0,0.666667
2712,0.049,0.085,0.001,1,1,-0.002,1,0,0,0,0,0,0,0.666667
2713,0.051,0.085,0.001,1,1,-0.004,0,0,0,0,0,0,0,0
2714,0.053,0.085,0.001,1,1,-0.006,0,0,0,0,0,0,0,0
2715,0.055,0.085,0.001,1,1,-0.008,0,0,0,0,0,0,0,0
2716,0.057,0.085,0.001,1,1,-0.01,0,0,0,0,0,0,0,0
2717,0.059,0.085,0.001,1,1,-0.012,0,0,0,0,0,0,0,0
2718,0.061,0.085,0.001,1,1,-0.0126491,0,0,0,0,0,0,0,0
2719,0.063,0.085,0.001,1,1,-0.0121655,0,0,0,0,0,0,0,0
2720,0.065,0.085,0.001,1,1,-0.012,0,0,0,0,0,0,0,0
2721,0.067,0.085,0.001,1,1,-0.012,0,0,0,0,0,0,0,0
2722,0.069,0.085,0.001,1,1,-0.012,0,0,0,0,0,0,0,0
2723,0.071,0.085,0.001,1,1,-0.012,0,0,0,0,0,0,0,0
2724,0.073,0.085,0.001,1,1,-0.012,0,0,0,0,0,0,0,0
2725,0.075,0.085,0.001,1,1,-0.012,0,0,0,0,0,0,0,0
2726,0.077,0.085,0.001,1,1,-0.012,0,0,0,0,0,0,0,0
2727,0.079,0.085,0.001,1,1,-0.012,0,0,0,0,0,0,0,0
2728,0.081,0.085,0.001,1,1,-0.012,0,0,0,0,0,0,0,0
2729,0.083,0.085,0.001,1,1,-0.012,0,0,0,0,0,0,0,0
2730,0.085,0.085,0.001,1,1,-0.012,0,0,0,0,0,0,0,0
2731,0.087,0.085,0.001,1,1,-0.012,0,0,0,0,0,0,0,0
2732,0.089,0.085,0.001,1,1,-0.012,0,0,0,0,0,0,0,0
2733,0.091,0.085,0.001,1,1,-0.012,0,0,0,0,0,0,0,0
2734,0.093,0.085,0.001,1,1,-0.012,0,0,0,0,0,0,0,0
2735,0.095,0.085,0.001,1,1,-0.012,0,0,0,0,0,0,0,0
2736,0.097,0.085,0.001,1,1,-0.012,0,0,0,0,0,0,0,0
2737,0.099,0.085,0.001,1,1,-0.012,0,0,0,0,0,0,0,0
2738,0.101,0.085,0.001,1,1,-0.012,0,0,0,0,0,0,0,0
2739,0.103,0.085,0.001,1,1,-0.012,0,0,0,0,0,0,0,0
2740,0.105,0.085,0.001,1,1,-0.012,0,0,0,0,0,0,0,0
2741,0.107,0.085,0.001,1,1,-0.012,0,0,0,0,0,0,0,0
2742,0.109,0.085,0.001,1,1,-0.012,0,0,0,0,0,0,0,0
2743,0.111,0.085,0.001,1,1,-0.012,0,0,0,0,0,0,0,0
2744,0.113,0.085,0.001,1,1,-0.012,0,0,0,0,0,0,0,0
2745,0.115,0.085,0.001,1,1,-0.012,0,0,0,0,0,0,0,0
2746,0.117,0.085,0.001,1,1,-0.012,0,0,0,0,0,0,0,0
2747,0.119,0.085,0.001,1,1,-0.012,0,0,0,0,0,0,0,0
2748,0.121,0.085,0.001,1,1,-0.012,0,0,0,0,0,0,0,0
2749,0.123,0.085,0.001,1,1,-0.012,0,0,0,0,0,0,0,0
2750,0.125,0.085,0.001,1,1,-0.012,0,0,0,0,0,0,0,0
2751,0.127,0.085,0.001,1,1,-0.012,0,0,0,0,0,0,0,0
2752,0.001,0.087,0.001,1,1,-0.01,0,0,0,0,0,0,0,0
2753,0.003,0.087,0.001,1,1,-0.01,0,0,0,0,0,0,0,0
2754,0.005,0.087,0.001,1,1,-0.01,0,0,0,0,0,0,0,0
2755,0.007,0.087,0.001,1,1,-0.01,0,0,0,0,0,0,0,0
2756,0.009,0.087,0.001,1,1,-0.01,0,0,0,0,0,0,0,0
2757,0.011,0.087,0.001,1,1,-0.01,0,0,0,0,0,0,0,0
2758,0.013,0.087,0.001,1,1,-0.01,0,0,0,0,0,0,0,0
2759,0.015,0.087,0.001,1,1,-0.01,0,0,0,0,0,0,0,0
2760,0.017,0.087,0.001,1,1,-0.01,0,0,0,0,0,0,0,0
2761,0.019,0.087,0.001,1,1,-0.01,0,0,0,0,0,0,0,0
2762,0.021,0.087,0.001,1,1,-0.01,0,0,0,0,0,0,0,0
2763,0.023,0.087,0.001,1,1,-0.01,0,0,0,0,0,0,0,0
2764,0.025,0.087,0.001,1,1,-0.008,0,0,0,0,0,0,0,0
2765,0.027,0.087,0.001,1,1,-0.006,0,0,0,0,0,0,0,0
2766,0.029,0.087,0.001,1,1,-0.004,0,0,0,0,0,0,0,0
2767,0.031,0.087,0.001,1,1,-0.002,1,0,0,0,0,0,0,0.666667
2768,0.033,0.087,0.001,0.208609,1,0.002,1,0,0,0,0,0,0,0.666667
2769,0.035,0.087,0.001,0,0,0.004,0,0,0,0,0,0,0,0
2770,0.037,0.087,0.001,0,0,0.006,0,0,0,0,0,0,0,0
2771,0.039,0.087,0.001,0,0,0.008,0,0,0,0,0,0,0,0
2772,0.041,0.087,0.001,0,0,0.008,0,0,0,0,0,0,0,0
2773,0.043,0.087,0.001,0,0,0.006,0,0,0,0,0,0,0,0
2774,0.045,0.087,0.001,0,0,0.004,0,0,0,0,0,0,0,0
2775,0.047,0.087,0.001,0.208609,1,0.002,1,0,0,0,0,0,0,0.666667
2776,0.049,0.087,0.001,1,1,-0.002,1,0,0,0,0,0,0,0.666667
2777,0.051,0.087,0.001,1,1,-0.004,0,0,0,0,0,0,0,0
2778,0.053,0.087,0.001,1,1,-0.006,0,0,0,0,0,0,0,0
2779,0.055,0.087,0.001,1,1,-0.008,0,0,0,0,0,0,0,0
2780,0.057,0.087,0.001,1,1,-0.01,0,0,0,0,0,0,0,0
2781,0.059,0.087,0.001,1,1,-0.0116619,0,0,0,0,0,0,0,0
2782,0.061,0.087,0.001,1,1,-0.0107703,0,0,0,0,0,0,0,0
2783,0.063,0.087,0.001,1,1,-0.010198,0,0,0,0,0,0,0,0
2784,0.065,0.087,0.001,1,1,-0.01,0,0,0,0,0,0,0,0
2785,0.067,0.087,0.001,1,1,-0.01,0,0,0,0,0,0,0,0
2786,0.069,0.087,0.001,1,1,-0.01,0,0,0,0,0,0,0,0
2787,0.071,0.087,0.001,1,1,-0.01,0,0,0,0,0,0,0,0
2788,0.073,0.087,0.001,1,1,-0.01,0,0,0,0,0,0,0,0
2789,0.075,0.087,0.001,1,1,-0.01,0,0,0,0,0,0,0,0
2790,0.077,0.087,0.001,1,1,-0.01,0,0,0,0,0,0,0,0
2791,0.079,0.087,0.001,1,1,-0.01,0,0,0,0,0,0,0,0
2792,0.081,0.087,0.001,1,1,-0.01,0,0,0,0,0,0,0,0
2793,0.083,0.087,0.001,1,1,-0.01,0,0,0,0,0,0,0,0
2794,0.085,0.087,0.001,1,1,-0.01,0,0,0,0,0,0,0,0
2795,0.087,0.087,0.001,1,1,-0.01,0,0,0,0,0,0,0,0
2796,0.089,0.087,0.001,1,1,-0.01,0,0,0,0,0,0,0,0
2797,0.091,0.087,0.001,1,1,-0.01,0,0,0,0,0,0,0,0
2798,0.093,0.087,0.001,1,1,-0.01,0,0,0,0,0,0,0,0
2799,0.095,0.087,0.001,1,1,-0.01,0,0,0,0,0,0,0,0
2800,0.097,0.087,0.001,1,1,-0.01,0,0,0,0,0,0,0,0
2801,0.099,0.087,0.001,1,1,-0.01,0,0,0,0,0,0,0,0
2802,0.101,0.087,0.001,1,1,-0.01,0,0,0,0,0,0,0,0
2803,0.103,0.087,0.001,1,1,-0.01,0,0,0,0,0,0,0,0
2804,0.105,0.087,0.001,1,1,-0.01,0,0,0,0,0,0,0,0
2805,0.107,0.087,0.001,1,1,-0.01,0,0,0,0,0,0,0,0
2806,0.109,0.087,0.001,1,1,-0.01,0,0,0,0,0,0,0,0
2807,0.111,0.087,0.001,1,1,-0.01,0,0,0,0,0,0,0,0
2808,0.113,0.087,0.001,1,1,-0.01,0,0,0,0,0,0,0,0
2809,0.115,0.087,0.001,1,1,-0.01,0,0,0,0,0,0,0,0
2810,0.117,0.087,0.001,1,1,-0.01,0,0,0,0,0,0,0,0
2811,0.119,0.087,0.001,1,1,-0.01,0,0,0,0,0,0,0,0
2812,0.121,0.087,0.001,1,1,-0.01,0,0,0,0,0,0,0,0
2813,0.123,0.087,0.001,1,1,-0.01,0,0,0,0,0,0,0,0
2814,0.125,0.087,0.001,1,1,-0.01,0,0,0,0,0,0,0,0
2815,0.127,0.087,0.001,1,1,-0.01,0,0,0,0,0,0,0,0
2816,0.001,0.089,0.001,1,1,-0.008,0,0,0,0,0,0,0,0
2817,0.003,0.089,0.001,1,1,-0.008,0,0,0,0,0,0,0,0
2818,0.005,0.089,0.001,1,1,-0.008,0,0,0,0,0,0,0,0
2819,0.007,0.089,0.001,1,1,-0.008,0,0,0,0,0,0,0,0
2820,0.009,0.089,0.001,1,1,-0.008,0,0,0,0,0,0,0,0
2821,0.011,0.089,0.001,1,1,-0.008,0,0,0,0,0,0,0,0
2822,0.013,0.089,0.001,1,1,-0.008,0,0,0,0,0,0,0,0
2823,0.015,0.089,0.001,1,1,-0.008,0,0,0,0,0,0,0,0
2824,0.017,0.089,0.001,1,1,-0.008,0,0,0,0,0,0,0,0
2825,0.019,0.089,0.001,1,1,-0.008,0,0,0,0,0,0,0,0
2826,0.021,0.089,0.001,1,1,-0.008,0,0,0,0,0,0,0,0
2827,0.023,0.089,0.001,1,1,-0.008,0,0,0,0,0,0,0,0
2828,0.025,0.089,0.001,1,1,-0.008,0,0,0,0,0,0,0,0
2829,0.027,0.089,0.001,1,1,-0.006,0,0,0,0,0,0,0,0
2830,0.029,0.089,0.001,1,1,-0.004,0,0,0,0,0,0,0,0
2831,0.031,0.089,0.001,1,1,-0.002,1,0,0,0,0,0,0,0.666667
2832,0.033,0.089,0.001,0.208609,1,0.002,1,0,0,0,0,0,0,0.666667
2833,0.035,0.089,0.001,0,0,0.004,0,0,0,0,0,0,0,0
2834,0.037,0.089,0.001,0,0,0.006,0,0,0,0,0,0,0,0
2835,0.039,0.089,0.001,0,0,0.008,0,0,0,0,0,0,0,0
2836,0.041,0.089,0.001,0,0,0.008,0,0,0,0,0,0,0,0
2837,0.043,0.089,0.001,0,0,0.006,0,0,0,0,0,0,0,0
2838,0.045,0.089,0.001,0,0,0.004,0,0,0,0,0,0,0,0
2839,0.047,0.089,0.001,0.208609,1,0.002,1,0,0,0,0,0,0,0.666667
2840,0.049,0.089,0.001,1,1,-0.002,1,0,0,0,0,0,0,0.666667
2841,0.051,0.089,0.001,1,1,-0.004,0,0,0,0,0,0,0,0
2842,0.053,0.089,0.001,1,1,-0.006,0,0,0,0,0,0,0,0
2843,0.055,0.089,0.001,1,1,-0.008,0,0,0,0,0,0,0,0
2844,0.057,0.089,0.001,1,1,-0.01,0,0,0,0,0,0,0,0
2845,0.059,0.089,0.001,1,1,-0.01,0,0,0,0,0,0,0,0
2846,0.061,0.089,0.001,1,1,-0.00894427,0,0,0,0,0,0,0,0
2847,0.063,0.089,0.001,1,1,-0.00824621,0,0,0,0,0,0,0,0
2848,0.065,0.089,0.001,1,1,-0.008,0,0,0,0,0,0,0,0
2849,0.067,0.089,0.001,1,1,-0.008,0,0,0,0,0,0,0,0
2850,0.069,0.089,0.001,1,1,-0.008,0,0,0,0,0,0,0,0
2851,0.071,0.089,0.001,1,1,-0.008,0,0,0,0,0,0,0,0
2852,0.073,0.089,0.001,1,1,-0.008,0,0,0,0,0,0,0,0
2853,0.075,0.089,0.001,1,1,-0.008,0,0,0,0,0,0,0,0
2854,0.077,0.089,0.001,1,1,-0.008,0,0,0,0,0,0,0,0
2855,0.079,0.089,0.001,1,1,-0.008,0,0,0,0,0,0,0,0
2856,0.081,0.089,0.001,1,1,-0.008,0,0,0,0,0,0,0,0
2857,0.083,0.089,0.001,1,1,-0.008,0,0,0,0,0,0,0,0
2858,0.085,0.089,0.001,1,1,-0.008,0,0,0,0,0,0,0,0
2859,0.087,0.089,0.001,1,1,-0.008,0,0,0,0,0,0,0,0
2860,0.089,0.089,0.001,1,1,-0.008,0,0,0,0,0,0,0,0
2861,0.091,0.089,0.001,1,1,-0.008,0,0,0,0,0,0,0,0
2862,0.093,0.089,0.001,1,1,-0.008,0,0,0,0,0,0,0,0
2863,0.095,0.089,0.001,1,1,-0.008,0,0,0,0,0,0,0,0
2864,0.097,0.089,0.001,1,1,-0.008,0,0,0,0,0,0,0,0
2865,0.099,0.089,0.001,1,1,-0.008,0,0,0,0,0,0,0,0
2866,0.101,0.089,0.001,1,1,-0.008,0,0,0,0,0,0,0,0
2867,0.103,0.089,0.001,1,1,-0.008,0,0,0,0,0,0,0,0
2868,0.105,0.089,0.001,1,1,-0.008,0,0,0,0,0,0,0,0
2869,0.107,0.089,0.001,1,1,-0.008,0,0,0,0,0,0,0,0
2870,0.109,0.089,0.001,1,1,-0.008,0,0,0,0,0,0,0,0
2871,0.111,0.089,0.001,1,1,-0.008,0,0,0,0,0,0,0,0
2872,0.113,0.089,0.001,1,1,-0.008,0,0,0,0,0,0,0,0
2873,0.115,0.089,0.001,1,1,-0.008,0,0,0,0,0,0,0,0
2874,0.117,0.089,0.001,1,1,-0.008,0,0,0,0,0,0,0,0
2875,0.119,0.089,0.001,1,1,-0.008,0,0,0,0,0,0,0,0
2876,0.121,0.089,0.001,1,1,-0.008,0,0,0,0,0,0,0,0
2877,0.123,0.089,0.001,1,1,-0.008,0,0,0,0,0,0,0,0
2878,0.125,0.089,0.001,1,1,-0.008,0,0,0,0,0,0,0,0
2879,0.127,0.089,0.001,1,1,-0.008,0,0,0,0,0,0,0,0
2880,0.001,0.091,0.001,1,1,-0.006,0,0,0,0,0,0,0,0
2881,0.003,0.091,0.001,1,1,-0.006,0,0,0,0,0,0,0,0
2882,0.005,0.091,0.001,1,1,-0.006,0,0,0,0,0,0,0,0
2883,0.007,0.091,0.001,1,1,-0.006,0,0,0,0,0,0,0,0
2884,0.009,0.091,0.001,1,1,-0.006,0,0,0,0,0,0,0,0
2885,0.011,0.091,0.001,1,1,-0.006,0,0,0,0,0,0,0,0
2886,0.013,0.091,0.001,1,1,-0.006,0,0,0,0,0,0,0,0
2887,0.015,0.091,0.001,1,1,-0.006,0,0,0,0,0,0,0,0
2888,0.017,0.091,0.001,1,1,-0.006,0,0,0,0,0,0,0,0
2889,0.019,0.091,0.001,1,1,-0.006,0,0,0,0,0,0,0,0
2890,0.021,0.091,0.001,1,1,-0.006,0,0,0,0,0,0,0,0
2891,0.023,0.091,0.001,1,1,-0.006,0,0,0,0,0,0,0,0
2892,0.025,0.091,0.001,1,1,-0.006,0,0,0,0,0,0,0,0
2893,0.027,0.091,0.001,1,1,-0.006,0,0,0,0,0,0,0,0
2894,0.029,0.091,0.001,1,1,-0.004,0,0,0,0,0,0,0,0
2895,0.031,0.091,0.001,1,1,-0.002,1,0,0,0,0,0,0,0.666667
2896,0.033,0.091,0.001,0.208609,1,0.002,1,0,0,0,0,0,0,0.666667
2897,0.035,0.091,0.001,0,0,0.004,0,0,0,0,0,0,0,0
2898,0.037,0.091,0.001,0,0,0.006,0,0,0,0,0,0,0,0
2899,0.039,0.091,0.001,0,0,0.008,0,0,0,0,0,0,0,0
2900,0.041,0.091,0.001,0,0,0.008,0,0,0,0,0,0,0,0
2901,0.043,0.091,0.001,0,0,0.006,0,0,0,0,0,0,0,0
2902,0.045,0.091,0.001,0,0,0.004,0,0,0,0,0,0,0,0
2903,0.047,0.091,0.001,0.208609,1,0.002,1,0,0,0,0,0,0,0.666667
2904,0.049,0.091,0.001,1,1,-0.002,1,0,0,0,0,0,0,0.666667
2905,0.051,0.091,0.001,1,1,-0.004,0,0,0,0,0,0,0,0
2906,0.053,0.091,0.001,1,1,-0.006,0,0,0,0,0,0,0,0
2907,0.055,0.091,0.001,1,1,-0.008,0,0,0,0,0,0,0,0
2908,0.057,0.091,0.001,1,1,-0.01,0,0,0,0,0,0,0,0
2909,0.059,0.091,0.001,1,1,-0.00848528,0,0,0,0,0,0,0,0
2910,0.061,0.091,0.001,1,1,-0.0072111,0,0,0,0,0,0,0,0
2911,0.063,0.091,0.001,1,1,-0.00632456,0,0,0,0,0,0,0,0
2912,0.065,0.091,0.001,1,1,-0.006,0,0,0,0,0,0,0,0
2913,0.067,0.091,0.001,1,1,-0.006,0,0,0,0,0,0,0,0
2914,0.069,0.091,0.001,1,1,-0.006,0,0,0,0,0,0,0,0
2915,0.071,0.091,0.001,1,1,-0.006,0,0,0,0,0,0,0,0
2916,0.073,0.091,0.001,1,1,-0.006,0,0,0,0,0,0,0,0
2917,0.075,0.091,0.001,1,1,-0.006,0,0,0,0,0,0,0,0
2918,0.077,0.091,0.001,1,1,-0.006,0,0,0,0,0,0,0,0
2919,0.079,0.091,0.001,1,1,-0.006,0,0,0,0,0,0,0,0
2920,0.081,0.091,0.001,1,1,-0.006,0,0,0,0,0,0,0,0
2921,0.083,0.091,0.001,1,1,-0.006,0,0,0,0,0,0,0,0
2922,0.085,0.091,0.001,1,1,-0.006,0,0,0,0,0,0,0,0
2923,0.087,0.091,0.001,1,1,-0.006,0,0,0,0,0,0,0,0
2924,0.089,0.091,0.001,1,1,-0.006,0,0,0,0,0,0,0,0
2925,0.091,0.091,0.001,1,1,-0.006,0,0,0,0,0,0,0,0
2926,0.093,0.091,0.001,1,1,-0.006,0,0,0,0,0,0,0,0
2927,0.095,0.091,0.001,1,1,-0.006,0,0,0,0,0,0,0,0
2928,0.097,0.091,0.001,1,1,-0.006,0,0,0,0,0,0,0,0
2929,0.099,0.091,0.001,1,1,-0.006,0,0,0,0,0,0,0,0
2930,0.101,0.091,0.001,1,1,-0.006,0,0,0,0,0,0,0,0
2931,0.103,0.091,0.001,1,1,-0.006,0,0,0,0,0,0,0,0
2932,0.105,0.091,0.001,1,1,-0.006,0,0,0,0,0,0,0,0
2933,0.107,0.091,0.001,1,1,-0.006,0,0,0,0,0,0,0,0
2934,0.109,0.091,0.001,1,1,-0.006,0,0,0,0,0,0,0,0
2935,0.111,0.091,0.001,1,1,-0.006,0,0,0,0,0,0,0,0
2936,0.113,0.091,0.001,1,1,-0.006,0,0,0,0,0,0,0,0
2937,0.115,0.091,0.001,1,1,-0.006,0,0,0,0,0,0,0,0
2938,0.117,0.091,0.001,1,1,-0.006,0,0,0,0,0,0,0,0
2939,0.119,0.091,0.001,1,1,-0.006,0,0,0,0,0,0,0,0
2940,0.121,0.091,0.001,1,1,-0.006,0,0,0,0,0,0,0,0
2941,0.123,0.091,0.001,1,1,-0.006,0,0,0,0,0,0,0,0
2942,0.125,0.091,0.001,1,1,-0.006,0,0,0,0,0,0,0,0
2943,0.127,0.091,0.001,1,1,-0.006,0,0,0,0,0,0,0,0
2944,0.001,0.093,0.001,1,1,-0.004,0,0,0,0,0,0,0,0
2945,0.003,0.093,0.001,1,1,-0.004,0,0,0,0,0,0,0,0
2946,0.005,0.093,0.001,1,1,-0.004,0,0,0,0,0,0,0,0
2947,0.007,0.093,0.001,1,1,-0.004,0,0,0,0,0,0,0,0
2948,0.009,0.093,0.001,1,1,-0.004,0,0,0,0,0,0,0,0
2949,0.011,0.093,0.001,1,1,-0.004,0,0,0,0,0,0,0,0
2950,0.013,0.093,0.001,1,1,-0.004,0,0,0,0,0,0,0,0
2951,0.015,0.093,0.001,1,1,-0.004,0,0,0,0,0,0,0,0
2952,0.017,0.093,0.001,1,1,-0.004,0,0,0,0,0,0,0,0
2953,0.019,0.093,0.001,1,1,-0.004,0,0,0,0,0,0,0,0
2954,0.021,0.093,0.001,1,1,-0.004,0,0,0,0,0,0,0,0
2955,0.023,0.093,0.001,1,1,-0.004,0,0,0,0,0,0,0,0
2956,0.025,0.093,0.001,1,1,-0.004,0,0,0,0,0,0,0,0
2957,0.027,0.093,0.001,1,1,-0.004,0,0,0,0,0,0,0,0
2958,0.029,0.093,0.001,1,1,-0.004,0,0,0,0,0,0,0,0
2959,0.031,0.093,0.001,1,1,-0.002,1,0,0,0,0,0,0,0.666667
2960,0.033,0.093,0.001,0.208609,1,0.002,1,0,0,0,0,0,0,0.666667
2961,0.035,0.093,0.001,0,0,0.004,0,0,0,0,0,0,0,0
2962,0.037,0.093,0.001,0,0,0.006,0,0,0,0,0,0,0,0
2963,0.039,0.093,0.001,0,0,0.008,0,0,0,0,0,0,0,0
2964,0.041,0.093,0.001,0,0,0.008,0,0,0,0,0,0,0,0
2965,0.043,0.093,0.001,0,0,0.006,0,0,0,0,0,0,0,0
2966,0.045,0.093,0.001,0,0,0.004,0,0,0,0,0,0,0,0
2967,0.047,0.093,0.001,0.208609,1,0.002,1,0,0,0,0,0,0,0.666667
2968,0.049,0.093,0.001,1,1,-0.002,1,0,0,0,0,0,0,0.666667
2969,0.051,0.093,0.001,1,1,-0.004,0,0,0,0,0,0,0,0
2970,0.053,0.093,0.001,1,1,-0.006,0,0,0,0,0,0,0,0
2971,0.055,0.093,0.001,1,1,-0.008,0,0,0,0,0,0,0,0
2972,0.057,0.093,0.001,1,1,-0.00894427,0,0,0,0,0,0,0,0
2973,0.059,0.093,0.001,1,1,-0.0072111,0,0,0,0,0,0,0,0
2974,0.061,0.093,0.001,1,1,-0.00565685,0,0,0,0,0,0,0,0
2975,0.063,0.093,0.001,1,1,-0.00447214,0,0,0,0,0,0,0,0
2976,0.065,0.093,0.001,1,1,-0.004,0,0,0,0,0,0,0,0
2977,0.067,0.093,0.001,1,1,-0.004,0,0,0,0,0,0,0,0
2978,0.069,0.093,0.001,1,1,-0.004,0,0,0,0,0,0,0,0
2979,0.071,0.093,0.001,1,1,-0.004,0,0,0,0,0,0,0,0
2980,0.073,0.093,0.001,1,1,-0.004,0,0,0,0,0,0,0,0
2981,0.075,0.093,0.001,1,1,-0.004,0,0,0,0,0,0,0,0
2982,0.077,0.093,0.001,1,1,-0.004,0,0,0,0,0,0,0,0
2983,0.079,0.093,0.001,1,1,-0.004,0,0,0,0,0,0,0,0
2984,0.081,0.093,0.001,1,1,-0.004,0,0,0,0,0,0,0,0
2985,0.083,0.093,0.001,1,1,-0.004,0,0,0,0,0,0,0,0
2986,0.085,0.093,0.001,1,1,-0.004,0,0,0,0,0,0,0,0
2987,0.087,0.093,0.001,1,1,-0.004,0,0,0,0,0,0,0,0
2988,0.089,0.093,0.001,1,1,-0.004,0,0,0,0,0,0,0,0
2989,0.091,0.093,0.001,1,1,-0.004,0,0,0,0,0,0,0,0
2990,0.093,0.093,0.001,1,1,-0.004,0,0,0,0,0,0,0,0
2991,0.095,0.093,0.001,1,1,-0.004,0,0,0,0,0,0,0,0
2992,0.097,0.093,0.001,1,1,-0.004,0,0,0,0,0,0,0,0
2993,0.099,0.093,0.001,1,1,-0.004,0,0,0,0,0,0,0,0
2994,0.101,0.093,0.001,1,1,-0.004,0,0,0,0,0,0,0,0
2995,0.103,0.093,0.001,1,1,-0.004,0,0,0,0,0,0,0,0
2996,0.105,0.093,0.001,1,1,-0.004,0,0,0,0,0,0,0,0
2997,0.107,0.093,0.001,1,1,-0.004,0,0,0,0,0,0,0,0
2998,0.109,0.093,0.001,1,1,-0.004,0,0,0,0,0,0,0,0
2999,0.111,0.093,0.001,1,1,-0.004,0,0,0,0,0,0,0,0
3000,0.113,0.093,0.001,1,1,-0.004,0,0,0,0,0,0,0,0
3001,0.115,0.093,0.001,1,1,-0.004,0,0,0,0,0,0,0,0
3002,0.117,0.093,0.001,1,1,-0.004,0,0,0,0,0,0,0,0
3003,0.119,0.093,0.001,1,1,-0.004,0,0,0,0,0,0,0,0
3004,0.121,0.093,0.001,1,1,-0.004,0,0,0,0,0,0,0,0
3005,0.123,0.093,0.001,1,1,-0.004,0,0,0,0,0,0,0,0
3006,0.125,0.093,0.001,1,1,-0.004,0,0,0,0,0,0,0,0
3007,0.127,0.093,0.001,1,1,-0.004,0,0,0,0,0,0,0,0
3008,0.001,0.095,0.001,1,1,-0.002,1,0,0,0,0,0,0,0.666667
3009,0.003,0.095,0.001,1,1,-0.002,1,0,0,0,0,0,0,0.666667
3010,0.005,0.095,0.001,1,1,-0.002,1,0,0,0,0,0,0,0.666667
3011,0.007,0.095,0.001,1,1,-0.002,1,0,0,0,0,0,0,0.666667
3012,0.009,0.095,0.001,1,1,-0.002,1,0,0,0,0,0,0,0.666667
3013,0.011,0.095,0.001,1,1,-0.002,1,0,0,0,0,0,0,0.666667
3014,0.013,0.095,0.001,1,1,-0.002,1,0,0,0,0,0,0,0.666667
3015,0.015,0.095,0.001,1,1,-0.002,1,0,0,0,0,0,0,0.666667
3016,0.017,0.095,0.001,1,1,-0.002,1,0,0,0,0,0,0,0.666667
3017,0.019,0.095,0.001,1,1,-0.002,1,0,0,0,0,0,0,0.666667
3018,0.021,0.095,0.001,1,1,-0.002,1,0,0,0,0,0,0,0.666667
3019,0.023,0.095,0.001,1,1,-0.002,1,0,0,0,0,0,0,0.666667
3020,0.025,0.095,0.001,1,1,-0.002,1,0,0,0,0,0,0,0.666667
3021,0.027,0.095,0.001,1,1,-0.002,1,0,0,0,0,0,0,0.666667
3022,0.029,0.095,0.001,1,1,-0.002,1,0,0,0,0,0,0,0.666667
3023,0.031,0.095,0.001,1,1,-0.002,1,0,0,0,0,0,0,0.666667
3024,0.033,0.095,0.001,0.208609,1,0.002,1,0,0,0,0,0,0,0.666667
3025,0.035,0.095,0.001,0,0,0.004,0,0,0,0,0,0,0,0
3026,0.037,0.095,0.001,0,0,0.006,0,0,0,0,0,0,0,0
3027,0.039,0.095,0.001,0,0,0.008,0,0,0,0,0,0,0,0
3028,0.041,0.095,0.001,0,0,0.008,0,0,0,0,0,0,0,0
3029,0.043,0.095,0.001,0,0,0.006,0,0,0,0,0,0,0,0
3030,0.045,0.095,0.001,0,0,0.004,0,0,0,0,0,0,0,0
3031,0.047,0.095,0.001,0.208609,1,0.002,1,0,0,0,0,0,0,0.666667
3032,0.049,0.095,0.001,1,1,-0.002,1,0,0,0,0,0,0,0.666667
3033,0.051,0.095,0.001,1,1,-0.004,0,0,0,0,0,0,0,0
3034,0.053,0.095,0.001,1,1,-0.006,0,0,0,0,0,0,0,0
3035,0.055,0.095,0.001,1,1,-0.008,0,0,0,0,0,0,0,0
3036,0.057,0.095,0.001,1,1,-0.00824621,0,0,0,0,0,0,0,0
3037,0.059,0.095,0.001,1,1,-0.00632456,0,0,0,0,0,0,0,0
3038,0.061,0.095,0.001,1,1,-0.00447214,0,0,0,0,0,0,0,0
3039,0.063,0.095,0.001,1,1,-0.00282843,1,0,0,0,0,0,0,0.942809
3040,0.065,0.095,0.001,1,1,-0.002,1,0,0,0,0,0,0,0.666667
3041,0.067,0.095,0.001,1,1,-0.002,1,0,0,0,0,0,0,0.666667
3042,0.069,0.095,0.001,1,1,-0.002,1,0,0,0,0,0,0,0.666667
3043,0.071,0.095,0.001,1,1,-0.002,1,0,0,0,0,0,0,0.666667
3044,0.073,0.095,0.001,1,1,-0.002,1,0,0,0,0,0,0,0.666667
3045,0.075,0.095,0.001,1,1,-0.002,1,0,0,0,0,0,0,0.666667
3046,0.077,0.095,0.001,1,1,-0.002,1,0,0,0,0,0,0,0.666667
3047,0.079,0.095,0.001,1,1,-0.002,1,0,0,0,0,0,0,0.666667
3048,0.081,0.095,0.001,1,1,-0.002,1,0,0,0,0,0,0,0.666667
3049,0.083,0.095,0.001,1,1,-0.002,1,0,0,0,0,0,0,0.666667
3050,0.085,0.095,0.001,1,1,-0.002,1,0,0,0,0,0,0,0.666667
3051,0.087,0.095,0.001,1,1,-0.002,1,0,0,0,0,0,0,0.666667
3052,0.089,0.095,0.001,1,1,-0.002,1,0,0,0,0,0,0,0.666667
3053,0.091,0.095,0.001,1,1,-0.002,1,0,0,0,0,0,0,0.666667
3054,0.093,0.095,0.001,1,1,-0.002,1,0,0,0,0,0,0,0.666667
3055,0.095,0.095,0.001,1,1,-0.002,1,0,0,0,0,0,0,0.666667
3056,0.097,0.095,0.001,1,1,-0.002,1,0,0,0,0,0,0,0.666667
3057,0.099,0.095,0.001,1,1,-0.002,1,0,0,0,0,0,0,0.666667
3058,0.101,0.095,0.001,1,1,-0.002,1,0,0,0,0,0,0,0.666667
3059,0.103,0.095,0.001,1,1,-0.002,1,0,0,0,0,0,0,0.666667
3060,0.105,0.095,0.001,1,1,-0.002,1,0,0,0,0,0,0,0.666667
3061,0.107,0.095,0.001,1,1,-0.002,1,0,0,0,0,0,0,0.666667
3062,0.109,0.095,0.001,1,1,-0.002,1,0,0,0,0,0,0,0.666667
3063,0.111,0.095,0.001,1,1,-0.002,1,0,0,0,0,0,0,0.666667
3064,0.113,0.095,0.001,1,1,-0.002,1,0,0,0,0,0,0,0.666667
3065,0.115,0.095,0.001,1,1,-0.002,1,0,0,0,0,0,0,0.666667
3066,0.117,0.095,0.001,1,1,-0.002,1,0,0,0,0,0,0,0.666667
3067,0.119,0.095,0.001,1,1,-0.002,1,0,0,0,0,0,0,0.666667
3068,0.121,0.095,0.001,1,1,-0.002,1,0,0,0,0,0,0,0.666667
3069,0.123,0.095,0.001,1,1,-0.002,1,0,0,0,0,0,0,0.666667
3070,0.125,0.095,0.001,1,1,-0.002,1,0,0,0,0,0,0,0.666667
3071,0.127,0.095,0.001,1,1,-0.002,1,0,0,0,0,0,0,0.666667
3072,0.001,0.097,0.001,0.208609,1,0.002,1,0,0,0,0,0,0,0.666667
3073,0.003,0.097,0.001,0.208609,1,0.002,1,0,0,0,0,0,0,0.666667
3074,0.005,0.097,0.001,0.208609,1,0.002,1,0,0,0,0,0,0,0.666667
3075,0.007,0.097,0.001,0.208609,1,0.002,1,0,0,0,0,0,0,0.666667
3076,0.009,0.097,0.001,0.208609,1,0.002,1,0,0,0,0,0,0,0.666667
3077,0.011,0.097,0.001,0.208609,1,0.002,1,0,0,0,0,0,0,0.666667
3078,0.013,0.097,0.001,0.208609,1,0.002,1,0,0,0,0,0,0,0.666667
3079,0.015,0.097,0.001,0.208609,1,0.002,1,0,0,0,0,0,0,0.666667
3080,0.017,0.097,0.001,0.208609,1,0.002,1,0,0,0,0,0,0,0.666667
3081,0.019,0.097,0.001,0.208609,1,0.002,1,0,0,0,0,0,0,0.666667
3082,0.021,0.097,0.001,0.208609,1,0.002,1,0,0,0,0,0,0,0.666667
3083,0.023,0.097,0.001,0.208609,1,0.002,1,0,0,0,0,0,0,0.666667
3084,0.025,0.097,0.001,0.208609,1,0.002,1,0,0,0,0,0,0,0.666667
3085,0.027,0.097,0.001,0.208609,1,0.002,1,0,0,0,0,0,0,0.666667
3086,0.029,0.097,0.001,0.208609,1,0.002,1,0,0,0,0,0,0,0.666667
3087,0.031,0.097,0.001,0.208609,1,0.002,1,0,0,0,0,0,0,0.666667
3088,0.033,0.097,0.001,0.131745,1,0.00282843,1,0,0,0,0,0,0,0.942809
3089,0.035,0.097,0.001,0,0,0.00447214,0,0,0,0,0,0,0,0
3090,0.037,0.097,0.001,0,0,0.00632456,0,0,0,0,0,0,0,0
3091,0.039,0.097,0.001,0,0,0.00824621,0,0,0,0,0,0,0,0
3092,0.041,0.097,0.001,0,0,0.008,0,0,0,0,0,0,0,0
3093,0.043,0.097,0.001,0,0,0.006,0,0,0,0,0,0,0,0
3094,0.045,0.097,0.001,0,0,0.004,0,0,0,0,0,0,0,0
3095,0.047,0.097,0.001,0.208609,1,0.002,1,0,0,0,0,0,0,0.666667
3096,0.049,0.097,0.001,1,1,-0.002,1,0,0,0,0,0,0,0.666667
3097,0.051,0.097,0.001,1,1,-0.004,0,0,0,0,0,0,0,0
3098,0.053,0.097,0.001,1,1,-0.006,0,0,0,0,0,0,0,0
3099,0.055,0.097,0.001,1,1,-0.008,0,0,0,0,0,0,0,0
3100,0.057,0.097,0.001,1,1,-0.008,0,0,0,0,0,0,0,0
3101,0.059,0.097,0.001,1,1,-0.006,0,0,0,0,0,0,0,0
3102,0.061,0.097,0.001,1,1,-0.004,0,0,0,0,0,0,0,0
3103,0.063,0.097,0.001,1,1,-0.002,1,0,0,0,0,0,0,0.666667
3104,0.065,0.097,0.001,0.208609,1,0.002,1,0,0,0,0,0,0,0.666667
3105,0.067,0.097,0.001,0.208609,1,0.002,1,0,0,0,0,0,0,0.666667
3106,0.069,0.097,0.001,0.208609,1,0.002,1,0,0,0,0,0,0,0.666667
3107,0.071,0.097,0.001,0.208609,1,0.002,1,0,0,0,0,0,0,0.666667
3108,0.073,0.097,0.001,0.208609,1,0.002,1,0,0,0,0,0,0,0.666667
3109,0.075,0.097,0.001,0.208609,1,0.002,1,0,0,0,0,0,0,0.666667
3110,0.077,0.097,0.001,0.208609,1,0.002,1,0,0,0,0,0,0,0.666667
3111,0.079,0.097,0.001,0.208609,1,0.002,1,0,0,0,0,0,0,0.666667
3112,0.081,0.097,0.001,0.208609,1,0.002,1,0,0,0,0,0,0,0.666667
3113,0.083,0.097,0.001,0.208609,1,0.002,1,0,0,0,0,0,0,0.666667
3114,0.085,0.097,0.001,0.208609,1,0.002,1,0,0,0,0,0,0,0.666667
3115,0.087,0.097,0.001,0.208609,1,0.002,1,0,0,0,0,0,0,0.666667
3116,0.089,0.097,0.001,0.208609,1,0.002,1,0,0,0,0,0,0,0.666667
3117,0.091,0.097,0.001,0.208609,1,0.002,1,0,0,0,0,0,0,0.666667
3118,0.093,0.097,0.001,0.208609,1,0.002,1,0,0,0,0,0,0,0.666667
3119,0.095,0.097,0.001,0.208609,1,0.002,1,0,0,0,0,0,0,0.666667
3120,0.097,0.097,0.001,0.208609,1,0.002,1,0,0,0,0,0,0,0.666667
3121,0.099,0.097,0.001,0.208609,1,0.002,1,0,0,0,0,0,0,0.666667
3122,0.101,0.097,0.001,0.208609,1,0.002,1,0,0,0,0,0,0,0.666667
3123,0.103,0.097,0.001,0.208609,1,0.002,1,0,0,0,0,0,0,0.666667
3124,0.105,0.097,0.001,0.208609,1,0.002,1,0,0,0,0,0,0,0.666667
3125,0.107,0.097,0.001,0.208609,1,0.002,1,0,0,0,0,0,0,0.666667
3126,0.109,0.097,0.001,0.208609,1,0.002,1,0,0,0,0,0,0,0.666667
3127,0.111,0.097,0.001,0.208609,1,0.002,1,0,0,0,0,0,0,0.666667
3128,0.113,0.097,0.001,0.208609,1,0.002,1,0,0,0,0,0,0,0.666667
3129,0.115,0.097,0.001,0.208609,1,0.002,1,0,0,0,0,0,0,0.666667
3130,0.117,0.097,0.001,0.208609,1,0.002,1,0,0,0,0,0,0,0.666667
3131,0.119,0.097,0.001,0.208609,1,0.002,1,0,0,0,0,0,0,0.666667
3132,0.121,0.097,0.001,0.208609,1,0.002,1,0,0,0,0,0,0,0.666667
3133,0.123,0.097,0.001,0.208609,1,0.002,1,0,0,0,0,0,0,0.666667
3134,0.125,0.097,0.001,0.208609,1,0.002,1,0,0,0,0,0,0,0.666667
3135,0.127,0.097,0.001,0.208609,1,0.002,1,0,0,0,0,0,0,0.666667
3136,0.001,0.099,0.001,0,0,0.004,0,0,0,0,0,0,0,0
3137,0.003,0.099,0.001,0,0,0.004,0,0,0,0,0,0,0,0
3138,0.005,0.099,0.001,0,0,0.004,0,0,0,0,0,0,0,0
3139,0.007,0.099,0.001,0,0,0.004,0,0,0,0,0,0,0,0
3140,0.009,0.099,0.001,0,0,0.004,0,0,0,0,0,0,0,0
3141,0.011,0.099,0.001,0,0,0.004,0,0,0,0,0,0,0,0
3142,0.013,0.099,0.001,0,0,0.004,0,0,0,0,0,0,0,0
3143,0.015,0.099,0.001,0,0,0.004,0,0,0,0,0,0,0,0
3144,0.017,0.099,0.001,0,0,0.004,0,0,0,0,0,0,0,0
3145,0.019,0.099,0.001,0,0,0.004,0,0,0,0,0,0,0,0
3146,0.021,0.099,0.001,0,0,0.004,0,0,0,0,0,0,0,0
3147,0.023,0.099,0.001,0,0,0.004,0,0,0,0,0,0,0,0
3148,0.025,0.099,0.001,0,0,0.004,0,0,0,0,0,0,0,0
3149,0.027,0.099,0.001,0,0,0.004,0,0,0,0,0,0,0,0
3150,0.029,0.099,0.001,0,0,0.004,0,0,0,0,0,0,0,0
3151,0.031,0.099,0.001,0,0,0.004,0,0,0,0,0,0,0,0
3152,0.033,0.099,0.001,0,0,0.00447214,0,0,0,0,0,0,0,0
3153,0.035,0.099,0.001,0,0,0.00565685,0,0,0,0,0,0,0,0
3154,0.037,0.099,0.001,0,0,0.0072111,0,0,0,0,0,0,0,0
3155,0.039,0.099,0.001,0,0,0.00894427,0,0,0,0,0,0,0,0
3156,0.041,0.099,0.001,0,0,0.008,0,0,0,0,0,0,0,0
3157,0.043,0.099,0.001,0,0,0.006,0,0,0,0,0,0,0,0
3158,0.045,0.099,0.001,0,0,0.004,0,0,0,0,0,0,0,0
3159,0.047,0.099,0.001,0.208609,1,0.002,1,0,0,0,0,0,0,0.666667
3160,0.049,0.099,0.001,1,1,-0.002,1,0,0,0,0,0,0,0.666667
3161,0.051,0.099,0.001,1,1,-0.004,0,0,0,0,0,0,0,0
3162,0.053,0.099,0.001,1,1,-0.006,0,0,0,0,0,0,0,0
3163,0.055,0.099,0.001,1,1,-0.008,0,0,0,0,0,0,0,0
3164,0.057,0.099,0.001,1,1,-0.008,0,0,0,0,0,0,0,0
3165,0.059,0.099,0.001,1,1,-0.006,0,0,0,0,0,0,0,0
3166,0.061,0.099,0.001,1,1,-0.004,0,0,0,0,0,0,0,0
3167,0.063,0.099,0.001,1,1,-0.002,1,0,0,0,0,0,0,0.666667
3168,0.065,0.099,0.001,0.208609,1,0.002,1,0,0,0,0,0,0,0.666667
3169,0.067,0.099,0.001,0,0,0.004,0,0,0,0,0,0,0,0
3170,0.069,0.099,0.001,0,0,0.004,0,0,0,0,0,0,0,0
3171,0.071,0.099,0.001,0,0,0.004,0,0,0,0,0,0,0,0
3172,0.073,0.099,0.001,0,0,0.004,0,0,0,0,0,0,0,0
3173,0.075,0.099,0.001,0,0,0.004,0,0,0,0,0,0,0,0
3174,0.077,0.099,0.001,0,0,0.004,0,0,0,0,0,0,0,0
3175,0.079,0.099,0.001,0,0,0.004,0,0,0,0,0,0,0,0
3176,0.081,0.099,0.001,0,0,0.004,0,0,0,0,0,0,0,0
3177,0.083,0.099,0.001,0,0,0.004,0,0,0,0,0,0,0,0
3178,0.085,0.099,0.001,0,0,0.004,0,0,0,0,0,0,0,0
3179,0.087,0.099,0.001,0,0,0.004,0,0,0,0,0,0,0,0
3180,0.089,0.099,0.001,0,0,0.004,0,0,0,0,0,0,0,0
3181,0.091,0.099,0.001,0,0,0.004,0,0,0,0,0,0,0,0
3182,0.093,0.099,0.001,0,0,0.004,0,0,0,0,0,0,0,0
3183,0.095,0.099,0.001,0,0,0.004,0,0,0,0,0,0,0,0
3184,0.097,0.099,0.001,0,0,0.004,0,0,0,0,0,0,0,0
3185,0.099,0.099,0.001,0,0,0.004,0,0,0,0,0,0,0,0
3186,0.101,0.099,0.001,0,0,0.004,0,0,0,0,0,0,0,0
3187,0.103,0.099,0.001,0,0,0.004,0,0,0,0,0,0,0,0
3188,0.105,0.099,0.001,0,0,0.004,0,0,0,0,0,0,0,0
3189,0.107,0.099,0.001,0,0,0.004,0,0,0,0,0,0,0,0
3190,0.109,0.099,0.001,0,0,0.004,0,0,0,0,0,0,0,0
3191,0.111,0.099,0.001,0,0,0.004,0,0,0,0,0,0,0,0
3192,0.113,0.099,0.001,0,0,0.004,0,0,0,0,0,0,0,0
3193,0.115,0.099,0.001,0,0,0.004,0,0,0,0,0,0,0,0
3194,0.117,0.099,0.001,0,0,0.004,0,0,0,0,0,0,0,0
3195,0.119,0.099,0.001,0,0,0.004,0,0,0,0,0,0,0,0
3196,0.121,0.099,0.001,0,0,0.004,0,0,0,0,0,0,0,0
3197,0.123,0.099,0.001,0,0,0.004,0,0,0,0,0,0,0,0
3198,0.125,0.099,0.001,0,0,0.004,0,0,0,0,0,0,0,0
3199,0.127,0.099,0.001,0,0,0.004,0,0,0,0,0,0,0,0
3200,0.001,0.101,0.001,0,0,0.006,0,0,0,0,0,0,0,0
3201,0.003,0.101,0.001,0,0,0.006,0,0,0,0,0,0,0,0
3202,0.005,0.101,0.001,0,0,0.006,0,0,0,0,0,0,0,0
3203,0.007,0.101,0.001,0,0,0.006,0,0,0,0,0,0,0,0
3204,0.009,0.101,0.001,0,0,0.006,0,0,0,0,0,0,0,0
3205,0.011,0.101,0.001,0,0,0.006,0,0,0,0,0,0,0,0
3206,0.013,0.101,0.001,0,0,0.006,0,0,0,0,0,0,0,0
3207,0.015,0.101,0.001,0,0,0.006,0,0,0,0,0,0,0,0
3208,0.017,0.101,0.001,0,0,0.006,0,0,0,0,0,0,0,0
3209,0.019,0.101,0.001,0,0,0.006,0,0,0,0,0,0,0,0
3210,0.021,0.101,0.001,0,0,0.006,0,0,0,0,0,0,0,0
3211,0.023,0.101,0.001,0,0,0.006,0,0,0,0,0,0,0,0
3212,0.025,0.101,0.001,0,0,0.006,0,0,0,0,0,0,0,0
3213,0.027,0.101,0.001,0,0,0.006,0,0,0,0,0,0,0,0
3214,0.029,0.101,0.001,0,0,0.006,0,0,0,0,0,0,0,0
3215,0.031,0.101,0.001,0,0,0.006,0,0,0,0,0,0,0,0
3216,0.033,0.101,0.001,0,0,0.00632456,0,0,0,0,0,0,0,0
3217,0.035,0.101,0.001,0,0,0.0072111,0,0,0,0,0,0,0,0
3218,0.037,0.101,0.001,0,0,0.00848528,0,0,0,0,0,0,0,0
3219,0.039,0.101,0.001,0,0,0.01,0,0,0,0,0,0,0,0
3220,0.041,0.101,0.001,0,0,0.008,0,0,0,0,0,0,0,0
3221,0.043,0.101,0.001,0,0,0.006,0,0,0,0,0,0,0,0
3222,0.045,0.101,0.001,0,0,0.004,0,0,0,0,0,0,0,0
3223,0.047,0.101,0.001,0.208609,1,0.002,1,0,0,0,0,0,0,0.666667
3224,0.049,0.101,0.001,1,1,-0.002,1,0,0,0,0,0,0,0.666667
3225,0.051,0.101,0.001,1,1,-0.004,0,0,0,0,0,0,0,0
3226,0.053,0.101,0.001,1,1,-0.006,0,0,0,0,0,0,0,0
3227,0.055,0.101,0.001,1,1,-0.008,0,0,0,0,0,0,0,0
3228,0.057,0.101,0.001,1,1,-0.008,0,0,0,0,0,0,0,0
3229,0.059,0.101,0.001,1,1,-0.006,0,0,0,0,0,0,0,0
3230,0.061,0.101,0.001,1,1,-0.004,0,0,0,0,0,0,0,0
3231,0.063,0.101,0.001,1,1,-0.002,1,0,0,0,0,0,0,0.666667
3232,0.065,0.101,0.001,0.208609,1,0.002,1,0,0,0,0,0,0,0.666667
3233,0.067,0.101,0.001,0,0,0.004,0,0,0,0,0,0,0,0
3234,0.069,0.101,0.001,0,0,0.006,0,0,0,0,0,0,0,0
3235,0.071,0.101,0.001,0,0,0.006,0,0,0,0,0,0,0,0
3236,0.073,0.101,0.001,0,0,0.006,0,0,0,0,0,0,0,0
3237,0.075,0.101,0.001,0,0,0.006,0,0,0,0,0,0,0,0
3238,0.077,0.101,0.001,0,0,0.006,0,0,0,0,0,0,0,0
3239,0.079,0.101,0.001,0,0,0.006,0,0,0,0,0,0,0,0
3240,0.081,0.101,0.001,0,0,0.006,0,0,0,0,0,0,0,0
3241,0.083,0.101,0.001,0,0,0.006,0,0,0,0,0,0,0,0
3242,0.085,0.101,0.001,0,0,0.006,0,0,0,0,0,0,0,0
3243,0.087,0.101,0.001,0,0,0.006,0,0,0,0,0,0,0,0
3244,0.089,0.101,0.001,0,0,0.006,0,0,0,0,0,0,0,0
3245,0.091,0.101,0.001,0,0,0.006,0,0,0,0,0,0,0,0
3246,0.093,0.101,0.001,0,0,0.006,0,0,0,0,0,0,0,0
3247,0.095,0.101,0.001,0,0,0.006,0,0,0,0,0,0,0,0
3248,0.097,0.101,0.001,0,0,0.006,0,0,0,0,0,0,0,0
3249,0.099,0.101,0.001,0,0,0.006,0,0,0,0,0,0,0,0
3250,0.101,0.101,0.001,0,0,0.006,0,0,0,0,0,0,0,0
3251,0.103,0.101,0.001,0,0,0.006,0,0,0,0,0,0,0,0
3252,0.105,0.101,0.001,0,0,0.006,0,0,0,0,0,0,0,0
3253,0.107,0.101,0.001,0,0,0.006,0,0,0,0,0,0,0,0
3254,0.109,0.101,0.001,0,0,0.006,0,0,0,0,0,0,0,0
3255,0.111,0.101,0.001,0,0,0.006,0,0,0,0,0,0,0,0
3256,0.113,0.101,0.001,0,0,0.006,0,0,0,0,0,0,0,0
3257,0.115,0.101,0.001,0,0,0.006,0,0,0,0,0,0,0,0
3258,0.117,0.101,0.001,0,0,0.006,0,0,0,0,0,0,0,0
3259,0.119,0.101,0.001,0,0,0.006,0,0,0,0,0,0,0,0
3260,0.121,0.101,0.001,0,0,0.006,0,0,0,0,0,0,0,0
3261,0.123,0.101,0.001,0,0,0.006,0,0,0,0,0,0,0,0
3262,0.125,0.101,0.001,0,0,0.006,0,0,0,0,0,0,0,0
3263,0.127,0.101,0.001,0,0,0.006,0,0,0,0,0,0,0,0
3264,0.001,0.103,0.001,0,0,0.008,0,0,0,0,0,0,0,0
3265,0.003,0.103,0.001,0,0,0.008,0,0,0,0,0,0,0,0
3266,0.005,0.103,0.001,0,0,0.008,0,0,0,0,0,0,0,0
3267,0.007,0.103,0.001,0,0,0.008,0,0,0,0,0,0,0,0
3268,0.009,0.103,0.001,0,0,0.008,0,0,0,0,0,0,0,0
3269,0.011,0.103,0.001,0,0,0.008,0,0,0,0,0,0,0,0
3270,0.013,0.103,0.001,0,0,0.008,0,0,0,0,0,0,0,0
3271,0.015,0.103,0.001,0,0,0.008,0,0,0,0,0,0,0,0
3272,0.017,0.103,0.001,0,0,0.008,0,0,0,0,0,0,0,0
3273,0.019,0.103,0.001,0,0,0.008,0,0,0,0,0,0,0,0
3274,0.021,0.103,0.001,0,0,0.008,0,0,0,0,0,0,0,0
3275,0.023,0.103,0.001,0,0,0.008,0,0,0,0,0,0,0,0
3276,0.025,0.103,0.001,0,0,0.008,0,0,0,0,0,0,0,0
3277,0.027,0.103,0.001,0,0,0.008,0,0,0,0,0,0,0,0
3278,0.029,0.103,0.001,0,0,0.008,0,0,0,0,0,0,0,0
3279,0.031,0.103,0.001,0,0,0.008,0,0,0,0,0,0,0,0
3280,0.033,0.103,0.001,0,0,0.00824621,0,0,0,0,0,0,0,0
3281,0.035,0.103,0.001,0,0,0.00894427,0,0,0,0,0,0,0,0
3282,0.037,0.103,0.001,0,0,0.01,0,0,0,0,0,0,0,0
3283,0.039,0.103,0.001,0,0,0.01,0,0,0,0,0,0,0,0
3284,0.041,0.103,0.001,0,0,0.008,0,0,0,0,0,0,0,0
3285,0.043,0.103,0.001,0,0,0.006,0,0,0,0,0,0,0,0
3286,0.045,0.103,0.001,0,0,0.004,0,0,0,0,0,0,0,0
3287,0.047,0.103,0.001,0.208609,1,0.002,1,0,0,0,0,0,0,0.666667
3288,0.049,0.103,0.001,1,1,-0.002,1,0,0,0,0,0,0,0.666667
3289,0.051,0.103,0.001,1,1,-0.004,0,0,0,0,0,0,0,0
3290,0.053,0.103,0.001,1,1,-0.006,0,0,0,0,0,0,0,0
3291,0.055,0.103,0.001,1,1,-0.008,0,0,0,0,0,0,0,0
3292,0.057,0.103,0.001,1,1,-0.008,0,0,0,0,0,0,0,0
3293,0.059,0.103,0.001,1,1,-0.006,0,0,0,0,0,0,0,0
3294,0.061,0.103,0.001,1,1,-0.004,0,0,0,0,0,0,0,0
3295,0.063,0.103,0.001,1,1,-0.002,1,0,0,0,0,0,0,0.666667
3296,0.065,0.103,0.001,0.208609,1,0.002,1,0,0,0,0,0,0,0.666667
3297,0.067,0.103,0.001,0,0,0.004,0,0,0,0,0,0,0,0
3298,0.069,0.103,0.001,0,0,0.006,0,0,0,0,0,0,0,0
3299,0.071,0.103,0.001,0,0,0.008,0,0,0,0,0,0,0,0
3300,0.073,0.103,0.001,0,0,0.008,0,0,0,0,0,0,0,0
3301,0.075,0.103,0.001,0,0,0.008,0,0,0,0,0,0,0,0
3302,0.077,0.103,0.001,0,0,0.008,0,0,0,0,0,0,0,0
3303,0.079,0.103,0.001,0,0,0.008,0,0,0,0,0,0,0,0
3304,0.081,0.103,0.001,0,0,0.008,0,0,0,0,0,0,0,0
3305,0.083,0.103,0.001,0,0,0.008,0,0,0,0,0,0,0,0
3306,0.085,0.103,0.001,0,0,0.008,0,0,0,0,0,0,0,0
3307,0.087,0.103,0.001,0,0,0.008,0,0,0,0,0,0,0,0
3308,0.089,0.103,0.001,0,0,0.008,0,0,0,0,0,0,0,0
3309,0.091,0.103,0.001,0,0,0.008,0,0,0,0,0,0,0,0
3310,0.093,0.103,0.001,0,0,0.008,0,0,0,0,0,0,0,0
3311,0.095,0.103,0.001,0,0,0.008,0,0,0,0,0,0,0,0
3312,0.097,0.103,0.001,0,0,0.008,0,0,0,0,0,0,0,0
3313,0.099,0.103,0.001,0,0,0.008,0,0,0,0,0,0,0,0
3314,0.101,0.103,0.001,0,0,0.008,0,0,0,0,0,0,0,0
3315,0.103,0.103,0.001,0,0,0.008,0,0,0,0,0,0,0,0
3316,0.105,0.103,0.001,0,0,0.008,0,0,0,0,0,0,0,0
3317,0.107,0.103,0.001,0,0,0.008,0,0,0,0,0,0,0,0
3318,0.109,0.103,0.001,0,0,0.008,0,0,0,0,0,0,0,0
3319,0.111,0.103,0.001,0,0,0.008,0,0,0,0,0,0,0,0
3320,0.113,0.103,0.001,0,0,0.008,0,0,0,0,0,0,0,0
3321,0.115,0.103,0.001,0,0,0.008,0,0,0,0,0,0,0,0
3322,0.117,0.103,0.001,0,0,0.008,0,0,0,0,0,0,0,0
3323,0.119,0.103,0.001,0,0,0.008,0,0,0,0,0,0,0,0
3324,0.121,0.103,0.001,0,0,0.008,0,0,0,0,0,0,0,0
3325,0.123,0.103,0.001,0,0,0.008,0,0,0,0,0,0,0,0
3326,0.125,0.103,0.001,0,0,0.008,0,0,0,0,0,0,0,0
3327,0.127,0.103,0.001,0,0,0.008,0,0,0,0,0,0,0,0
3328,0.001,0.105,0.001,0,0,0.008,0,0,0,0,0,0,0,0
3329,0.003,0.105,0.001,0,0,0.008,0,0,0,0,0,0,0,0
3330,0.005,0.105,0.001,0,0,0.008,0,0,0,0,0,0,0,0
3331,0.007,0.105,0.001,0,0,0.008,0,0,0,0,0,0,0,0
3332,0.009,0.105,0.001,0,0,0.008,0,0,0,0,0,0,0,0
3333,0.011,0.105,0.001,0,0,0.008,0,0,0,0,0,0,0,0
3334,0.013,0.105,0.001,0,0,0.008,0,0,0,0,0,0,0,0
3335,0.015,0.105,0.001,0,0,0.008,0,0,0,0,0,0,0,0
3336,0.017,0.105,0.001,0,0,0.008,0,0,0,0,0,0,0,0
3337,0.019,0.105,0.001,0,0,0.008,0,0,0,0,0,0,0,0
3338,0.021,0.105,0.001,0,0,0.008,0,0,0,0,0,0,0,0
3339,0.023,0.105,0.001,0,0,0.008,0,0,0,0,0,0,0,0
3340,0.025,0.105,0.001,0,0,0.008,0,0,0,0,0,0,0,0
3341,0.027,0.105,0.001,0,0,0.008,0,0,0,0,0,0,0,0
3342,0.029,0.105,0.001,0,0,0.008,0,0,0,0,0,0,0,0
3343,0.031,0.105,0.001,0,0,0.008,0,0,0,0,0,0,0,0
3344,0.033,0.105,0.001,0,0,0.00824621,0,0,0,0,0,0,0,0
3345,0.035,0.105,0.001,0,0,0.00894427,0,0,0,0,0,0,0,0
3346,0.037,0.105,0.001,0,0,0.01,0,0,0,0,0,0,0,0
3347,0.039,0.105,0.001,0,0,0.01,0,0,0,0,0,0,0,0
3348,0.041,0.105,0.001,0,0,0.008,0,0,0,0,0,0,0,0
3349,0.043,0.105,0.001,0,0,0.006,0,0,0,0,0,0,0,0
3350,0.045,0.105,0.001,0,0,0.004,0,0,0,0,0,0,0,0
3351,0.047,0.105,0.001,0.208609,1,0.002,1,0,0,0,0,0,0,0.666667
3352,0.049,0.105,0.001,1,1,-0.002,1,0,0,0,0,0,0,0.666667
3353,0.051,0.105,0.001,1,1,-0.004,0,0,0,0,0,0,0,0
3354,0.053,0.105,0.001,1,1,-0.006,0,0,0,0,0,0,0,0
3355,0.055,0.105,0.001,1,1,-0.008,0,0,0,0,0,0,0,0
3356,0.057,0.105,0.001,1,1,-0.008,0,0,0,0,0,0,0,0
3357,0.059,0.105,0.001,1,1,-0.006,0,0,0,0,0,0,0,0
3358,0.061,0.105,0.001,1,1,-0.004,0,0,0,0,0,0,0,0
3359,0.063,0.105,0.001,1,1,-0.002,1,0,0,0,0,0,0,0.666667
3360,0.065,0.105,0.001,0.208609,1,0.002,1,0,0,0,0,0,0,0.666667
3361,0.067,0.105,0.001,0,0,0.004,0,0,0,0,0,0,0,0
3362,0.069,0.105,0.001,0,0,0.006,0,0,0,0,0,0,0,0
3363,0.071,0.105,0.001,0,0,0.008,0,0,0,0,0,0,0,0
3364,0.073,0.105,0.001,0,0,0.01,0,0,0,0,0,0,0,0
3365,0.075,0.105,0.001,0,0,0.01,0,0,0,0,0,0,0,0
3366,0.077,0.105,0.001,0,0,0.01,0,0,0,0,0,0,0,0
3367,0.079,0.105,0.001,0,0,0.01,0,0,0,0,0,0,0,0
3368,0.081,0.105,0.001,0,0,0.01,0,0,0,0,0,0,0,0
3369,0.083,0.105,0.001,0,0,0.01,0,0,0,0,0,0,0,0
3370,0.085,0.105,0.001,0,0,0.01,0,0,0,0,0,0,0,0
3371,0.087,0.105,0.001,0,0,0.01,0,0,0,0,0,0,0,0
3372,0.089,0.105,0.001,0,0,0.01,0,0,0,0,0,0,0,0
3373,0.091,0.105,0.001,0,0,0.01,0,0,0,0,0,0,0,0
3374,0.093,0.105,0.001,0,0,0.00894427,0,0,0,0,0,0,0,0
3375,0.095,0.105,0.001,0,0,0.00824621,0,0,0,0,0,0,0,0
3376,0.097,0.105,0.001,0,0,0.008,0,0,0,0,0,0,0,0
3377,0.099,0.105,0.001,0,0,0.008,0,0,0,0,0,0,0,0
3378,0.101,0.105,0.001,0,0,0.008,0,0,0,0,0,0,0,0
3379,0.103,0.105,0.001,0,0,0.008,0,0,0,0,0,0,0,0
3380,0.105,0.105,0.001,0,0,0.008,0,0,0,0,0,0,0,0
3381,0.107,0.105,0.001,0,0,0.008,0,0,0,0,0,0,0,0
3382,0.109,0.105,0.001,0,0,0.008,0,0,0,0,0,0,0,0
3383,0.111,0.105,0.001,0,0,0.008,0,0,0,0,0,0,0,0
3384,0.113,0.105,0.001,0,0,0.008,0,0,0,0,0,0,0,0
3385,0.115,0.105,0.001,0,0,0.008,0,0,0,0,0,0,0,0
3386,0.117,0.105,0.001,0,0,0.008,0,0,0,0,0,0,0,0
3387,0.119,0.105,0.001,0,0,0.008,0,0,0,0,0,0,0,0
3388,0.121,0.105,0.001,0,0,0.008,0,0,0,0,0,0,0,0
3389,0.123,0.105,0.001,0,0,0.008,0,0,0,0,0,0,0,0
3390,0.125,0.105,0.001,0,0,0.008,0,0,0,0,0,0,0,0
3391,0.127,0.105,0.001,0,0,0.008,0,0,0,0,0,0,0,0
3392,0.001,0.107,0.001,0,0,0.006,0,0,0,0,0,0,0,0
3393,0.003,0.107,0.001,0,0,0.006,0,0,0,0,0,0,0,0
3394,0.005,0.107,0.001,0,0,0.006,0,0,0,0,0,0,0,0
3395,0.007,0.107,0.001,0,0,0.006,0,0,0,0,0,0,0,0
3396,0.009,0.107,0.001,0,0,0.006,0,0,0,0,0,0,0,0
3397,0.011,0.107,0.001,0,0,0.006,0,0,0,0,0,0,0,0
3398,0.013,0.107,0.001,0,0,0.006,0,0,0,0,0,0,0,0
3399,0.015,0.107,0.001,0,0,0.006,0,0,0,0,0,0,0,0
3400,0.017,0.107,0.001,0,0,0.006,0,0,0,0,0,0,0,0
3401,0.019,0.107,0.001,0,0,0.006,0,0,0,0,0,0,0,0
3402,0.021,0.107,0.001,0,0,0.006,0,0,0,0,0,0,0,0
3403,0.023,0.107,0.001,0,0,0.006,0,0,0,0,0,0,0,0
3404,0.025,0.107,0.001,0,0,0.006,0,0,0,0,0,0,0,0
3405,0.027,0.107,0.001,0,0,0.006,0,0,0,0,0,0,0,0
3406,0.029,0.107,0.001,0,0,0.006,0,0,0,0,0,0,0,0
3407,0.031,0.107,0.001,0,0,0.006,0,0,0,0,0,0,0,0
3408,0.033,0.107,0.001,0,0,0.00632456,0,0,0,0,0,0,0,0
3409,0.035,0.107,0.001,0,0,0.0072111,0,0,0,0,0,0,0,0
3410,0.037,0.107,0.001,0,0,0.00848528,0,0,0,0,0,0,0,0
3411,0.039,0.107,0.001,0,0,0.01,0,0,0,0,0,0,0,0
3412,0.041,0.107,0.001,0,0,0.008,0,0,0,0,0,0,0,0
3413,0.043,0.107,0.001,0,0,0.006,0,0,0,0,0,0,0,0
3414,0.045,0.107,0.001,0,0,0.004,0,0,0,0,0,0,0,0
3415,0.047,0.107,0.001,0.208609,1,0.002,1,0,0,0,0,0,0,0.666667
3416,0.049,0.107,0.001,1,1,-0.002,1,0,0,0,0,0,0,0.666667
3417,0.051,0.107,0.001,1,1,-0.004,0,0,0,0,0,0,0,0
3418,0.053,0.107,0.001,1,1,-0.006,0,0,0,0,0,0,0,0
3419,0.055,0.107,0.001,1,1,-0.006,0,0,0,0,0,0,0,0
3420,0.057,0.107,0.001,1,1,-0.006,0,0,0,0,0,0,0,0
3421,0.059,0.107,0.001,1,1,-0.006,0,0,0,0,0,0,0,0
3422,0.061,0.107,0.001,1,1,-0.004,0,0,0,0,0,0,0,0
3423,0.063,0.107,0.001,1,1,-0.002,1,0,0,0,0,0,0,0.666667
3424,0.065,0.107,0.001,0.208609,1,0.002,1,0,0,0,0,0,0,0.666667
3425,0.067,0.107,0.001,0,0,0.004,0,0,0,0,0,0,0,0
3426,0.069,0.107,0.001,0,0,0.006,0,0,0,0,0,0,0,0
3427,0.071,0.107,0.001,0,0,0.008,0,0,0,0,0,0,0,0
3428,0.073,0.107,0.001,0,0,0.01,0,0,0,0,0,0,0,0
3429,0.075,0.107,0.001,0,0,0.012,0,0,0,0,0,0,0,0
3430,0.077,0.107,0.001,0,0,0.012,0,0,0,0,0,0,0,0
3431,0.079,0.107,0.001,0,0,0.012,0,0,0,0,0,0,0,0
3432,0.081,0.107,0.001,0,0,0.012,0,0,0,0,0,0,0,0
3433,0.083,0.107,0.001,0,0,0.012,0,0,0,0,0,0,0,0
3434,0.085,0.107,0.001,0,0,0.012,0,0,0,0,0,0,0,0
3435,0.087,0.107,0.001,0,0,0.0116619,0,0,0,0,0,0,0,0
3436,0.089,0.107,0.001,0,0,0.01,0,0,0,0,0,0,0,0
3437,0.091,0.107,0.001,0,0,0.00848528,0,0,0,0,0,0,0,0
3438,0.093,0.107,0.001,0,0,0.0072111,0,0,0,0,0,0,0,0
3439,0.095,0.107,0.001,0,0,0.00632456,0,0,0,0,0,0,0,0
3440,0.097,0.107,0.001,0,0,0.006,0,0,0,0,0,0,0,0
3441,0.099,0.107,0.001,0,0,0.006,0,0,0,0,0,0,0,0
3442,0.101,0.107,0.001,0,0,0.006,0,0,0,0,0,0,0,0
3443,0.103,0.107,0.001,0,0,0.006,0,0,0,0,0,0,0,0
3444,0.105,0.107,0.001,0,0,0.006,0,0,0,0,0,0,0,0
3445,0.107,0.107,0.001,0,0,0.006,0,0,0,0,0,0,0,0
3446,0.109,0.107,0.001,0,0,0.006,0,0,0,0,0,0,0,0
3447,0.111,0.107,0.001,0,0,0.006,0,0,0,0,0,0,0,0
3448,0.113,0.107,0.001,0,0,0.006,0,0,0,0,0,0,0,0
3449,0.115,0.107,0.001,0,0,0.006,0,0,0,0,0,0,0,0
3450,0.117,0.107,0.001,0,0,0.006,0,0,0,0,0,0,0,0
3451,0.119,0.107,0.001,0,0,0.006,0,0,0,0,0,0,0,0
3452,0.121,0.107,0.001,0,0,0.006,0,0,0,0,0,0,0,0
3453,0.123,0.107,0.001,0,0,0.006,0,0,0,0,0,0,0,0
3454,0.125,0.107,0.001,0,0,0.006,0,0,0,0,0,0,0,0
3455,0.127,0.107,0.001,0,0,0.006,0,0,0,0,0,0,0,0
3456,0.001,0.109,0.001,0,0,0.004,0,0,0,0,0,0,0,0
3457,0.003,0.109,0.001,0,0,0.004,0,0,0,0,0,0,0,0
3458,0.005,0.109,0.001,0,0,0.004,0,0,0,0,0,0,0,0
3459,0.007,0.109,0.001,0,0,0.004,0,0,0,0,0,0,0,0
3460,0.009,0.109,0.001,0,0,0.004,0,0,0,0,0,0,0,0
3461,0.011,0.109,0.001,0,0,0.004,0,0,0,0,0,0,0,0
3462,0.013,0.109,0.001,0,0,0.004,0,0,0,0,0,0,0,0
3463,0.015,0.109,0.001,0,0,0.004,0,0,0,0,0,0,0,0
3464,0.017,0.109,0.001,0,0,0.004,0,0,0,0,0,0,0,0
3465,0.019,0.109,0.001,0,0,0.004,0,0,0,0,0,0,0,0
3466,0.021,0.109,0.001,0,0,0.004,0,0,0,0,0,0,0,0
3467,0.023,0.109,0.001,0,0,0.004,0,0,0,0,0,0,0,0
3468,0.025,0.109,0.001,0,0,0.004,0,0,0,0,0,0,0,0
3469,0.027,0.109,0.001,0,0,0.004,0,0,0,0,0,0,0,0
3470,0.029,0.109,0.001,0,0,0.004,0,0,0,0,0,0,0,0
3471,0.031,0.109,0.001,0,0,0.004,0,0,0,0,0,0,0,0
3472,0.033,0.109,0.001,0,0,0.00447214,0,0,0,0,0,0,0,0
3473,0.035,0.109,0.001,0,0,0.00565685,0,0,0,0,0,0,0,0
3474,0.037,0.109,0.001,0,0,0.0072111,0,0,0,0,0,0,0,0
3475,0.039,0.109,0.001,0,0,0.00894427,0,0,0,0,0,0,0,0
3476,0.041,0.109,0.001,0,0,0.008,0,0,0,0,0,0,0,0
3477,0.043,0.109,0.001,0,0,0.006,0,0,0,0,0,0,0,0
3478,0.045,0.109,0.001,0,0,0.004,0,0,0,0,0,0,0,0
3479,0.047,0.109,0.001,0.208609,1,0.002,1,0,0,0,0,0,0,0.666667
3480,0.049,0.109,0.001,1,1,-0.002,1,0,0,0,0,0,0,0.666667
3481,0.051,0.109,0.001,1,1,-0.004,0,0,0,0,0,0,0,0
3482,0.053,0.109,0.001,1,1,-0.004,0,0,0,0,0,0,0,0
3483,0.055,0.109,0.001,1,1,-0.004,0,0,0,0,0,0,0,0
3484,0.057,0.109,0.001,1,1,-0.004,0,0,0,0,0,0,0,0
3485,0.059,0.109,0.001,1,1,-0.004,0,0,0,0,0,0,0,0
3486,0.061,0.109,0.001,1,1,-0.004,0,0,0,0,0,0,0,0
3487,0.063,0.109,0.001,1,1,-0.002,1,0,0,0,0,0,0,0.666667
3488,0.065,0.109,0.001,0.208609,1,0.002,1,0,0,0,0,0,0,0.666667
3489,0.067,0.109,0.001,0,0,0.004,0,0,0,0,0,0,0,0
3490,0.069,0.109,0.001,0,0,0.006,0,0,0,0,0,0,0,0
3491,0.071,0.109,0.001,0,0,0.008,0,0,0,0,0,0,0,0
3492,0.073,0.109,0.001,0,0,0.01,0,0,0,0,0,0,0,0
3493,0.075,0.109,0.001,0,0,0.012,0,0,0,0,0,0,0,0
3494,0.077,0.109,0.001,0,0,0.014,0,0,0,0,0,0,0,0
3495,0.079,0.109,0.001,0,0,0.014,0,0,0,0,0,0,0,0
3496,0.081,0.109,0.001,0,0,0.014,0,0,0,0,0,0,0,0
3497,0.083,0.109,0.001,0,0,0.014,0,0,0,0,0,0,0,0
3498,0.085,0.109,0.001,0,0,0.0126491,0,0,0,0,0,0,0,0
3499,0.087,0.109,0.001,0,0,0.0107703,0,0,0,0,0,0,0,0
3500,0.089,0.109,0.001,0,0,0.00894427,0,0,0,0,0,0,0,0
3501,0.091,0.109,0.001,0,0,0.0072111,0,0,0,0,0,0,0,0
3502,0.093,0.109,0.001,0,0,0.00565685,0,0,0,0,0,0,0,0
3503,0.095,0.109,0.001,0,0,0.00447214,0,0,0,0,0,0,0,0
3504,0.097,0.109,0.001,0,0,0.004,0,0,0,0,0,0,0,0
3505,0.099,0.109,0.001,0,0,0.004,0,0,0,0,0,0,0,0
3506,0.101,0.109,0.001,0,0,0.004,0,0,0,0,0,0,0,0
3507,0.103,0.109,0.001,0,0,0.004,0,0,0,0,0,0,0,0
3508,0.105,0.109,0.001,0,0,0.004,0,0,0,0,0,0,0,0
3509,0.107,0.109,0.001,0,0,0.004,0,0,0,0,0,0,0,0
3510,0.109,0.109,0.001,0,0,0.004,0,0,0,0,0,0,0,0
3511,0.111,0.109,0.001,0,0,0.004,0,0,0,0,0,0,0,0
3512,0.113,0.109,0.001,0,0,0.004,0,0,0,0,0,0,0,0
3513,0.115,0.109,0.001,0,0,0.004,0,0,0,0,0,0,0,0
3514,0.117,0.109,0.001,0,0,0.004,0,0,0,0,0,0,0,0
3515,0.119,0.109,0.001,0,0,0.004,0,0,0,0,0,0,0,0
3516,0.121,0.109,0.001,0,0,0.004,0,0,0,0,0,0,0,0
3517,0.123,0.109,0.001,0,0,0.004,0,0,0,0,0,0,0,0
3518,0.125,0.109,0.001,0,0,0.004,0,0,0,0,0,0,0,0
3519,0.127,0.109,0.001,0,0,0.004,0,0,0,0,0,0,0,0
3520,0.001,0.111,0.001,0.208609,1,0.002,1,0,0,0,0,0,0,0.666667
3521,0.003,0.111,0.001,0.208609,1,0.002,1,0,0,0,0,0,0,0.666667
3522,0.005,0.111,0.001,0.208609,1,0.002,1,0,0,0,0,0,0,0.666667
3523,0.007,0.111,0.001,0.208609,1,0.002,1,0,0,0,0,0,0,0.666667
3524,0.009,0.111,0.001,0.208609,1,0.002,1,0,0,0,0,0,0,0.666667
3525,0.011,0.111,0.001,0.208609,1,0.002,1,0,0,0,0,0,0,0.666667
3526,0.013,0.111,0.001,0.208609,1,0.002,1,0,0,0,0,0,0,0.666667
3527,0.015,0.111,0.001,0.208609,1,0.002,1,0,0,0,0,0,0,0.666667
3528,0.017,0.111,0.001,0.208609,1,0.002,1,0,0,0,0,0,0,0.666667
3529,0.019,0.111,0.001,0.208609,1,0.002,1,0,0,0,0,0,0,0.666667
3530,0.021,0.111,0.001,0.208609,1,0.002,1,0,0,0,0,0,0,0.666667
3531,0.023,0.111,0.001,0.208609,1,0.002,1,0,0,0,0,0,0,0.666667
3532,0.025,0.111,0.001,0.208609,1,0.002,1,0,0,0,0,0,0,0.666667
3533,0.027,0.111,0.001,0.208609,1,0.002,1,0,0,0,0,0,0,0.666667
3534,0.029,0.111,0.001,0.208609,1,0.002,1,0,0,0,0,0,0,0.666667
3535,0.031,0.111,0.001,0.208609,1,0.002,1,0,0,0,0,0,0,0.666667
3536,0.033,0.111,0.001,0.131745,1,0.00282843,1,0,0,0,0,0,0,0.942809
3537,0.035,0.111,0.001,0,0,0.00447214,0,0,0,0,0,0,0,0
3538,0.037,0.111,0.001,0,0,0.00632456,0,0,0,0,0,0,0,0
3539,0.039,0.111,0.001,0,0,0.00824621,0,0,0,0,0,0,0,0
3540,0.041,0.111,0.001,0,0,0.008,0,0,0,0,0,0,0,0
3541,0.043,0.111,0.001,0,0,0.006,0,0,0,0,0,0,0,0
3542,0.045,0.111,0.001,0,0,0.004,0,0,0,0,0,0,0,0
3543,0.047,0.111,0.001,0.208609,1,0.002,1,0,0,0,0,0,0,0.666667
3544,0.049,0.111,0.001,1,1,-0.002,1,0,0,0,0,0,0,0.666667
3545,0.051,0.111,0.001,1,1,-0.002,1,0,0,0,0,0,0,0.666667
3546,0.053,0.111,0.001,1,1,-0.002,1,0,0,0,0,0,0,0.666667
3547,0.055,0.111,0.001,1,1,-0.002,1,0,0,0,0,0,0,0.666667
3548,0.057,0.111,0.001,1,1,-0.002,1,0,0,0,0,0,0,0.666667
3549,0.059,0.111,0.001,1,1,-0.002,1,0,0,0,0,0,0,0.666667
3550,0.061,0.111,0.001,1,1,-0.002,1,0,0,0,0,0,0,0.666667
3551,0.063,0.111,0.001,1,1,-0.002,1,0,0,0,0,0,0,0.666667
3552,0.065,0.111,0.001,0.208609,1,0.002,1,0,0,0,0,0,0,0.666667
3553,0.067,0.111,0.001,0,0,0.004,0,0,0,0,0,0,0,0
3554,0.069,0.111,0.001,0,0,0.006,0,0,0,0,0,0,0,0
3555,0.071,0.111,0.001,0,0,0.008,0,0,0,0,0,0,0,0
3556,0.073,0.111,0.001,0,0,0.01,0,0,0,0,0,0,0,0
3557,0.075,0.111,0.001,0,0,0.012,0,0,0,0,0,0,0,0
3558,0.077,0.111,0.001,0,0,0.014,0,0,0,0,0,0,0,0
3559,0.079,0.111,0.001,0,0,0.016,0,0,0,0,0,0,0,0
3560,0.081,0.111,0.001,0,0,0.016,0,0,0,0,0,0,0,0
3561,0.083,0.111,0.001,0,0,0.0141421,0,0,0,0,0,0,0,0
3562,0.085,0.111,0.001,0,0,0.0121655,0,0,0,0,0,0,0,0
3563,0.087,0.111,0.001,0,0,0.010198,0,0,0,0,0,0,0,0
3564,0.089,0.111,0.001,0,0,0.00824621,0,0,0,0,0,0,0,0
3565,0.091,0.111,0.001,0,0,0.00632456,0,0,0,0,0,0,0,0
3566,0.093,0.111,0.001,0,0,0.00447214,0,0,0,0,0,0,0,0
3567,0.095,0.111,0.001,0.131745,1,0.00282843,1,0,0,0,0,0,0,0.942809
3568,0.097,0.111,0.001,0.208609,1,0.002,1,0,0,0,0,0,0,0.666667
3569,0.099,0.111,0.001,0.208609,1,0.002,1,0,0,0,0,0,0,0.666667
3570,0.101,0.111,0.001,0.208609,1,0.002,1,0,0,0,0,0,0,0.666667
3571,0.103,0.111,0.001,0.208609,1,0.002,1,0,0,0,0,0,0,0.666667
3572,0.105,0.111,0.001,0.208609,1,0.002,1,0,0,0,0,0,0,0.666667
3573,0.107,0.111,0.001,0.208609,1,0.002,1,0,0,0,0,0,0,0.666667
3574,0.109,0.111,0.001,0.208609,1,0.002,1,0,0,0,0,0,0,0.666667
3575,0.111,0.111,0.001,0.208609,1,0.002,1,0,0,0,0,0,0,0.666667
3576,0.113,0.111,0.001,0.208609,1,0.002,1,0,0,0,0,0,0,0.666667
3577,0.115,0.111,0.001,0.208609,1,0.002,1,0,0,0,0,0,0,0.666667
3578,0.117,0.111,0.001,0.208609,1,0.002,1,0,0,0,0,0,0,0.666667
3579,0.119,0.111,0.001,0.208609,1,0.002,1,0,0,0,0,0,0,0.666667
3580,0.121,0.111,0.001,0.208609,1,0.002,1,0,0,0,0,0,0,0.666667
3581,0.123,0.111,0.001,0.208609,1,0.002,1,0,0,0,0,0,0,0.666667
3582,0.125,0.111,0.001,0.208609,1,0.002,1,0,0,0,0,0,0,0.666667
3583,0.127,0.111,0.001,0.208609,1,0.002,1,0,0,0,0,0,0,0.666667
3584,0.001,0.113,0.001,1,1,-0.002,1,0,0,0,0,0,0,0.666667
3585,0.003,0.113,0.001,1,1,-0.002,1,0,0,0,0,0,0,0.666667
3586,0.005,0.113,0.001,1,1,-0.002,1,0,0,0,0,0,0,0.666667
3587,0.007,0.113,0.001,1,1,-0.002,1,0,0,0,0,0,0,0.666667
3588,0.009,0.113,0.001,1,1,-0.002,1,0,0,0,0,0,0,0.666667
3589,0.011,0.113,0.001,1,1,-0.002,1,0,0,0,0,0,0,0.666667
3590,0.013,0.113,0.001,1,1,-0.002,1,0,0,0,0,0,0,0.666667
3591,0.015,0.113,0.001,1,1,-0.002,1,0,0,0,0,0,0,0.666667
3592,0.017,0.113,0.001,1,1,-0.002,1,0,0,0,0,0,0,0.666667
3593,0.019,0.113,0.001,1,1,-0.002,1,0,0,0,0,0,0,0.666667
3594,0.021,0.113,0.001,1,1,-0.002,1,0,0,0,0,0,0,0.666667
3595,0.023,0.113,0.001,1,1,-0.002,1,0,0,0,0,0,0,0.666667
3596,0.025,0.113,0.001,1,1,-0.002,1,0,0,0,0,0,0,0.666667
3597,0.027,0.113,0.001,1,1,-0.002,1,0,0,0,0,0,0,0.666667
3598,0.029,0.113,0.001,1,1,-0.002,1,0,0,0,0,0,0,0.666667
3599,0.031,0.113,0.001,1,1,-0.002,1,0,0,0,0,0,0,0.666667
3600,0.033,0.113,0.001,0.208609,1,0.002,1,0,0,0,0,0,0,0.666667
3601,0.035,0.113,0.001,0,0,0.004,0,0,0,0,0,0,0,0
3602,0.037,0.113,0.001,0,0,0.006,0,0,0,0,0,0,0,0
3603,0.039,0.113,0.001,0,0,0.008,0,0,0,0,0,0,0,0
3604,0.041,0.113,0.001,0,0,0.00824621,0,0,0,0,0,0,0,0
3605,0.043,0.113,0.001,0,0,0.00632456,0,0,0,0,0,0,0,0
3606,0.045,0.113,0.001,0,0,0.00447214,0,0,0,0,0,0,0,0
3607,0.047,0.113,0.001,0.131745,1,0.00282843,1,0,0,0,0,0,0,0.942809
3608,0.049,0.113,0.001,0.208609,1,0.002,1,0,0,0,0,0,0,0.666667
3609,0.051,0.113,0.001,0.208609,1,0.002,1,0,0,0,0,0,0,0.666667
3610,0.053,0.113,0.001,0.208609,1,0.002,1,0,0,0,0,0,0,0.666667
3611,0.055,0.113,0.001,0.208609,1,0.002,1,0,0,0,0,0,0,0.666667
3612,0.057,0.113,0.001,0.208609,1,0.002,1,0,0,0,0,0,0,0.666667
3613,0.059,0.113,0.001,0.208609,1,0.002,1,0,0,0,0,0,0,0.666667
3614,0.061,0.113,0.001,0.208609,1,0.002,1,0,0,0,0,0,0,0.666667
3615,0.063,0.113,0.001,0.208609,1,0.002,1,0,0,0,0,0,0,0.666667
3616,0.065,0.113,0.001,0.131745,1,0.00282843,1,0,0,0,0,0,0,0.942809
3617,0.067,0.113,0.001,0,0,0.00447214,0,0,0,0,0,0,0,0
3618,0.069,0.113,0.001,0,0,0.00632456,0,0,0,0,0,0,0,0
3619,0.071,0.113,0.001,0,0,0.00824621,0,0,0,0,0,0,0,0
3620,0.073,0.113,0.001,0,0,0.010198,0,0,0,0,0,0,0,0
3621,0.075,0.113,0.001,0,0,0.0121655,0,0,0,0,0,0,0,0
3622,0.077,0.113,0.001,0,0,0.0141421,0,0,0,0,0,0,0,0
3623,0.079,0.113,0.001,0,0,0.0161245,0,0,0,0,0,0,0,0
3624,0.081,0.113,0.001,0,0,0.016,0,0,0,0,0,0,0,0
3625,0.083,0.113,0.001,0,0,0.014,0,0,0,0,0,0,0,0
3626,0.085,0.113,0.001,0,0,0.012,0,0,0,0,0,0,0,0
3627,0.087,0.113,0.001,0,0,0.01,0,0,0,0,0,0,0,0
3628,0.089,0.113,0.001,0,0,0.008,0,0,0,0,0,0,0,0
3629,0.091,0.113,0.001,0,0,0.006,0,0,0,0,0,0,0,0
3630,0.093,0.113,0.001,0,0,0.004,0,0,0,0,0,0,0,0
3631,0.095,0.113,0.001,0.208609,1,0.002,1,0,0,0,0,0,0,0.666667
3632,0.097,0.113,0.001,1,1,-0.002,1,0,0,0,0,0,0,0.666667
3633,0.099,0.113,0.001,1,1,-0.002,1,0,0,0,0,0,0,0.666667
3634,0.101,0.113,0.001,1,1,-0.002,1,0,0,0,0,0,0,0.666667
3635,0.103,0.113,0.001,1,1,-0.002,1,0,0,0,0,0,0,0.666667
3636,0.105,0.113,0.001,1,1,-0.002,1,0,0,0,0,0,0,0.666667
3637,0.107,0.113,0.001,1,1,-0.002,1,0,0,0,0,0,0,0.666667
3638,0.109,0.113,0.001,1,1,-0.002,1,0,0,0,0,0,0,0.666667
3639,0.111,0.113,0.001,1,1,-0.002,1,0,0,0,0,0,0,0.666667
3640,0.113,0.113,0.001,1,1,-0.002,1,0,0,0,0,0,0,0.666667
3641,0.115,0.113,0.001,1,1,-0.002,1,0,0,0,0,0,0,0.666667
3642,0.117,0.113,0.001,1,1,-0.002,1,0,0,0,0,0,0,0.666667
3643,0.119,0.113,0.001,1,1,-0.002,1,0,0,0,0,0,0,0.666667
3644,0.121,0.113,0.001,1,1,-0.002,1,0,0,0,0,0,0,0.666667
3645,0.123,0.113,0.001,1,1,-0.002,1,0,0,0,0,0,0,0.666667
3646,0.125,0.113,0.001,1,1,-0.002,1,0,0,0,0,0,0,0.666667
3647,0.127,0.113,0.001,1,1,-0.002,1,0,0,0,0,0,0,0.666667
3648,0.001,0.115,0.001,1,1,-0.004,0,0,0,0,0,0,0,0
3649,0.003,0.115,0.001,1,1,-0.004,0,0,0,0,0,0,0,0
3650,0.005,0.115,0.001,1,1,-0.004,0,0,0,0,0,0,0,0
3651,0.007,0.115,0.001,1,1,-0.004,0,0,0,0,0,0,0,0
3652,0.009,0.115,0.001,1,1,-0.004,0,0,0,0,0,0,0,0
3653,0.011,0.115,0.001,1,1,-0.004,0,0,0,0,0,0,0,0
3654,0.013,0.115,0.001,1,1,-0.004,0,0,0,0,0,0,0,0
3655,0.015,0.115,0.001,1,1,-0.004,0,0,0,0,0,0,0,0
3656,0.017,0.115,0.001,1,1,-0.004,0,0,0,0,0,0,0,0
3657,0.019,0.115,0.001,1,1,-0.004,0,0,0,0,0,0,0,0
3658,0.021,0.115,0.001,1,1,-0.004,0,0,0,0,0,0,0,0
3659,0.023,0.115,0.001,1,1,-0.004,0,0,0,0,0,0,0,0
3660,0.025,0.115,0.001,1,1,-0.004,0,0,0,0,0,0,0,0
3661,0.027,0.115,0.001,1,1,-0.004,0,0,0,0,0,0,0,0
3662,0.029,0.115,0.001,1,1,-0.004,0,0,0,0,0,0,0,0
3663,0.031,0.115,0.001,1,1,-0.002,1,0,0,0,0,0,0,0.666667
3664,0.033,0.115,0.001,0.208609,1,0.002,1,0,0,0,0,0,0,0.666667
3665,0.035,0.115,0.001,0,0,0.004,0,0,0,0,0,0,0,0
3666,0.037,0.115,0.001,0,0,0.006,0,0,0,0,0,0,0,0
3667,0.039,0.115,0.001,0,0,0.008,0,0,0,0,0,0,0,0
3668,0.041,0.115,0.001,0,0,0.00894427,0,0,0,0,0,0,0,0
3669,0.043,0.115,0.001,0,0,0.0072111,0,0,0,0,0,0,0,0
3670,0.045,0.115,0.001,0,0,0.00565685,0,0,0,0,0,0,0,0
3671,0.047,0.115,0.001,0,0,0.00447214,0,0,0,0,0,0,0,0
3672,0.049,0.115,0.001,0,0,0.004,0,0,0,0,0,0,0,0
3673,0.051,0.115,0.001,0,0,0.004,0,0,0,0,0,0,0,0
3674,0.053,0.115,0.001,0,0,0.004,0,0,0,0,0,0,0,0
3675,0.055,0.115,0.001,0,0,0.004,0,0,0,0,0,0,0,0
3676,0.057,0.115,0.001,0,0,0.004,0,0,0,0,0,0,0,0
3677,0.059,0.115,0.001,0,0,0.004,0,0,0,0,0,0,0,0
3678,0.061,0.115,0.001,0,0,0.004,0,0,0,0,0,0,0,0
3679,0.063,0.115,0.001,0,0,0.004,0,0,0,0,0,0,0,0
3680,0.065,0.115,0.001,0,0,0.00447214,0,0,0,0,0,0,0,0
3681,0.067,0.115,0.001,0,0,0.00565685,0,0,0,0,0,0,0,0
3682,0.069,0.115,0.001,0,0,0.0072111,0,0,0,0,0,0,0,0
3683,0.071,0.115,0.001,0,0,0.00894427,0,0,0,0,0,0,0,0
3684,0.073,0.115,0.001,0,0,0.0107703,0,0,0,0,0,0,0,0
3685,0.075,0.115,0.001,0,0,0.0126491,0,0,0,0,0,0,0,0
3686,0.077,0.115,0.001,0,0,0.0145602,0,0,0,0,0,0,0,0
3687,0.079,0.115,0.001,0,0,0.0164924,0,0,0,0,0,0,0,0
3688,0.081,0.115,0.001,0,0,0.016,0,0,0,0,0,0,0,0
3689,0.083,0.115,0.001,0,0,0.014,0,0,0,0,0,0,0,0
3690,0.085,0.115,0.001,0,0,0.012,0,0,0,0,0,0,0,0
3691,0.087,0.115,0.001,0,0,0.01,0,0,0,0,0,0,0,0
3692,0.089,0.115,0.001,0,0,0.008,0,0,0,0,0,0,0,0
3693,0.091,0.115,0.001,0,0,0.006,0,0,0,0,0,0,0,0
3694,0.093,0.115,0.001,0,0,0.004,0,0,0,0,0,0,0,0
3695,0.095,0.115,0.001,0.208609,1,0.002,1,0,0,0,0,0,0,0.666667
3696,0.097,0.115,0.001,1,1,-0.002,1,0,0,0,0,0,0,0.666667
3697,0.099,0.115,0.001,1,1,-0.004,0,0,0,0,0,0,0,0
3698,0.101,0.115,0.001,1,1,-0.004,0,0,0,0,0,0,0,0
3699,0.103,0.115,0.001,1,1,-0.004,0,0,0,0,0,0,0,0
3700,0.105,0.115,0.001,1,1,-0.004,0,0,0,0,0,0,0,0
3701,0.107,0.115,0.001,1,1,-0.004,0,0,0,0,0,0,0,0
3702,0.109,0.115,0.001,1,1,-0.004,0,0,0,0,0,0,0,0
3703,0.111,0.115,0.001,1,1,-0.004,0,0,0,0,0,0,0,0
3704,0.113,0.115,0.001,1,1,-0.004,0,0,0,0,0,0,0,0
3705,0.115,0.115,0.001,1,1,-0.004,0,0,0,0,0,0,0,0
3706,0.117,0.115,0.001,1,1,-0.004,0,0,0,0,0,0,0,0
3707,0.119,0.115,0.001,1,1,-0.004,0,0,0,0,0,0,0,0
3708,0.121,0.115,0.001,1,1,-0.004,0,0,0,0,0,0,0,0
3709,0.123,0.115,0.001,1,1,-0.004,0,0,0,0,0,0,0,0
3710,0.125,0.115,0.001,1,1,-0.004,0,0,0,0,0,0,0,0
3711,0.127,0.115,0.001,1,1,-0.004,0,0,0,0,0,0,0,0
3712,0.001,0.117,0.001,1,1,-0.006,0,0,0,0,0,0,0,0
3713,0.003,0.117,0.001,1,1,-0.006,0,0,0,0,0,0,0,0
3714,0.005,0.117,0.001,1,1,-0.006,0,0,0,0,0,0,0,0
3715,0.007,0.117,0.001,1,1,-0.006,0,0,0,0,0,0,0,0
3716,0.009,0.117,0.001,1,1,-0.006,0,0,0,0,0,0,0,0
3717,0.011,0.117,0.001,1,1,-0.006,0,0,0,0,0,0,0,0
3718,0.013,0.117,0.001,1,1,-0.006,0,0,0,0,0,0,0,0
3719,0.015,0.117,0.001,1,1,-0.006,0,0,0,0,0,0,0,0
3720,0.017,0.117,0.001,1,1,-0.006,0,0,0,0,0,0,0,0
3721,0.019,0.117,0.001,1,1,-0.006,0,0,0,0,0,0,0,0
3722,0.021,0.117,0.001,1,1,-0.006,0,0,0,0,0,0,0,0
3723,0.023,0.117,0.001,1,1,-0.006,0,0,0,0,0,0,0,0
3724,0.025,0.117,0.001,1,1,-0.006,0,0,0,0,0,0,0,0
3725,0.027,0.117,0.001,1,1,-0.006,0,0,0,0,0,0,0,0
3726,0.029,0.117,0.001,1,1,-0.004,0,0,0,0,0,0,0,0
3727,0.031,0.117,0.001,1,1,-0.002,1,0,0,0,0,0,0,0.666667
3728,0.033,0.117,0.001,0.208609,1,0.002,1,0,0,0,0,0,0,0.666667
3729,0.035,0.117,0.001,0,0,0.004,0,0,0,0,0,0,0,0
3730,0.037,0.117,0.001,0,0,0.006,0,0,0,0,0,0,0,0
3731,0.039,0.117,0.001,0,0,0.008,0,0,0,0,0,0,0,0
3732,0.041,0.117,0.001,0,0,0.01,0,0,0,0,0,0,0,0
3733,0.043,0.117,0.001,0,0,0.00848528,0,0,0,0,0,0,0,0
3734,0.045,0.117,0.001,0,0,0.0072111,0,0,0,0,0,0,0,0
3735,0.047,0.117,0.001,0,0,0.00632456,0,0,0,0,0,0,0,0
3736,0.049,0.117,0.001,0,0,0.006,0,0,0,0,0,0,0,0
3737,0.051,0.117,0.001,0,0,0.006,0,0,0,0,0,0,0,0
3738,0.053,0.117,0.001,0,0,0.006,0,0,0,0,0,0,0,0
3739,0.055,0.117,0.001,0,0,0.006,0,0,0,0,0,0,0,0
3740,0.057,0.117,0.001,0,0,0.006,0,0,0,0,0,0,0,0
3741,0.059,0.117,0.001,0,0,0.006,0,0,0,0,0,0,0,0
3742,0.061,0.117,0.001,0,0,0.006,0,0,0,0,0,0,0,0
3743,0.063,0.117,0.001,0,0,0.006,0,0,0,0,0,0,0,0
3744,0.065,0.117,0.001,0,0,0.00632456,0,0,0,0,0,0,0,0
3745,0.067,0.117,0.001,0,0,0.0072111,0,0,0,0,0,0,0,0
3746,0.069,0.117,0.001,0,0,0.00848528,0,0,0,0,0,0,0,0
3747,0.071,0.117,0.001,0,0,0.01,0,0,0,0,0,0,0,0
3748,0.073,0.117,0.001,0,0,0.0116619,0,0,0,0,0,0,0,0
3749,0.075,0.117,0.001,0,0,0.0134164,0,0,0,0,0,0,0,0
3750,0.077,0.117,0.001,0,0,0.0152315,0,0,0,0,0,0,0,0
3751,0.079,0.117,0.001,0,0,0.017088,0,0,0,0,0,0,0,0
3752,0.081,0.117,0.001,0,0,0.016,0,0,0,0,0,0,0,0
3753,0.083,0.117,0.001,0,0,0.014,0,0,0,0,0,0,0,0
3754,0.085,0.117,0.001,0,0,0.012,0,0,0,0,0,0,0,0
3755,0.087,0.117,0.001,0,0,0.01,0,0,0,0,0,0,0,0
3756,0.089,0.117,0.001,0,0,0.008,0,0,0,0,0,0,0,0
3757,0.091,0.117,0.001,0,0,0.006,0,0,0,0,0,0,0,0
3758,0.093,0.117,0.001,0,0,0.004,0,0,0,0,0,0,0,0
3759,0.095,0.117,0.001,0.208609,1,0.002,1,0,0,0,0,0,0,0.666667
3760,0.097,0.117,0.001,1,1,-0.002,1,0,0,0,0,0,0,0.666667
3761,0.099,0.117,0.001,1,1,-0.004,0,0,0,0,0,0,0,0
3762,0.101,0.117,0.001,1,1,-0.006,0,0,0,0,0,0,0,0
3763,0.103,0.117,0.001,1,1,-0.006,0,0,0,0,0,0,0,0
3764,0.105,0.117,0.001,1,1,-0.006,0,0,0,0,0,0,0,0
3765,0.107,0.117,0.001,1,1,-0.006,0,0,0,0,0,0,0,0
3766,0.109,0.117,0.001,1,1,-0.006,0,0,0,0,0,0,0,0
3767,0.111,0.117,0.001,1,1,-0.006,0,0,0,0,0,0,0,0
3768,0.113,0.117,0.001,1,1,-0.006,0,0,0,0,0,0,0,0
3769,0.115,0.117,0.001,1,1,-0.006,0,0,0,0,0,0,0,0
3770,0.117,0.117,0.001,1,1,-0.006,0,0,0,0,0,0,0,0
3771,0.119,0.117,0.001,1,1,-0.006,0,0,0,0,0,0,0,0
3772,0.121,0.117,0.001,1,1,-0.006,0,0,0,0,0,0,0,0
3773,0.123,0.117,0.001,1,1,-0.006,0,0,0,0,0,0,0,0
3774,0.125,0.117,0.001,1,1,-0.006,0,0,0,0,0,0,0,0
3775,0.127,0.117,0.001,1,1,-0.006,0,0,0,0,0,0,0,0
3776,0.001,0.119,0.001,1,1,-0.008,0,0,0,0,0,0,0,0
3777,0.003,0.119,0.001,1,1,-0.008,0,0,0,0,0,0,0,0
3778,0.005,0.119,0.001,1,1,-0.008,0,0,0,0,0,0,0,0
3779,0.007,0.119,0.001,1,1,-0.008,0,0,0,0,0,0,0,0
3780,0.009,0.119,0.001,1,1,-0.008,0,0,0,0,0,0,0,0
3781,0.011,0.119,0.001,1,1,-0.008,0,0,0,0,0,0,0,0
3782,0.013,0.119,0.001,1,1,-0.008,0,0,0,0,0,0,0,0
3783,0.015,0.119,0.001,1,1,-0.008,0,0,0,0,0,0,0,0
3784,0.017,0.119,0.001,1,1,-0.008,0,0,0,0,0,0,0,0
3785,0.019,0.119,0.001,1,1,-0.008,0,0,0,0,0,0,0,0
3786,0.021,0.119,0.001,1,1,-0.008,0,0,0,0,0,0,0,0
3787,0.023,0.119,0.001,1,1,-0.008,0,0,0,0,0,0,0,0
3788,0.025,0.119,0.001,1,1,-0.008,0,0,0,0,0,0,0,0
3789,0.027,0.119,0.001,1,1,-0.006,0,0,0,0,0,0,0,0
3790,0.029,0.119,0.001,1,1,-0.004,0,0,0,0,0,0,0,0
3791,0.031,0.119,0.001,1,1,-0.002,1,0,0,0,0,0,0,0.666667
3792,0.033,0.119,0.001,0.208609,1,0.002,1,0,0,0,0,0,0,0.666667
3793,0.035,0.119,0.001,0,0,0.004,0,0,0,0,0,0,0,0
3794,0.037,0.119,0.001,0,0,0.006,0,0,0,0,0,0,0,0
3795,0.039,0.119,0.001,0,0,0.008,0,0,0,0,0,0,0,0
3796,0.041,0.119,0.001,0,0,0.01,0,0,0,0,0,0,0,0
3797,0.043,0.119,0.001,0,0,0.01,0,0,0,0,0,0,0,0
3798,0.045,0.119,0.001,0,0,0.00894427,0,0,0,0,0,0,0,0
3799,0.047,0.119,0.001,0,0,0.00824621,0,0,0,0,0,0,0,0
3800,0.049,0.119,0.001,0,0,0.008,0,0,0,0,0,0,0,0
3801,0.051,0.119,0.001,0,0,0.008,0,0,0,0,0,0,0,0
3802,0.053,0.119,0.001,0,0,0.008,0,0,0,0,0,0,0,0
3803,0.055,0.119,0.001,0,0,0.008,0,0,0,0,0,0,0,0
3804,0.057,0.119,0.001,0,0,0.008,0,0,0,0,0,0,0,0
3805,0.059,0.119,0.001,0,0,0.008,0,0,0,0,0,0,0,0
3806,0.061,0.119,0.001,0,0,0.008,0,0,0,0,0,0,0,0
3807,0.063,0.119,0.001,0,0,0.008,0,0,0,0,0,0,0,0
3808,0.065,0.119,0.001,0,0,0.00824621,0,0,0,0,0,0,0,0
3809,0.067,0.119,0.001,0,0,0.00894427,0,0,0,0,0,0,0,0
3810,0.069,0.119,0.001,0,0,0.01,0,0,0,0,0,0,0,0
3811,0.071,0.119,0.001,0,0,0.0113137,0,0,0,0,0,0,0,0
3812,0.073,0.119,0.001,0,0,0.0128062,0,0,0,0,0,0,0,0
3813,0.075,0.119,0.001,0,0,0.0144222,0,0,0,0,0,0,0,0
3814,0.077,0.119,0.001,0,0,0.0161245,0,0,0,0,0,0,0,0
3815,0.079,0.119,0.001,0,0,0.0178885,0,0,0,0,0,0,0,0
3816,0.081,0.119,0.001,0,0,0.016,0,0,0,0,0,0,0,0
3817,0.083,0.119,0.001,0,0,0.014,0,0,0,0,0,0,0,0
3818,0.085,0.119,0.001,0,0,0.012,0,0,0,0,0,0,0,0
3819,0.087,0.119,0.001,0,0,0.01,0,0,0,0,0,0,0,0
3820,0.089,0.119,0.001,0,0,0.008,0,0,0,0,0,0,0,0
3821,0.091,0.119,0.001,0,0,0.006,0,0,0,0,0,0,0,0
3822,0.093,0.119,0.001,0,0,0.004,0,0,0,0,0,0,0,0
3823,0.095,0.119,0.001,0.208609,1,0.002,1,0,0,0,0,0,0,0.666667
3824,0.097,0.119,0.001,1,1,-0.002,1,0,0,0,0,0,0,0.666667
3825,0.099,0.119,0.001,1,1,-0.004,0,0,0,0,0,0,0,0
3826,0.101,0.119,0.001,1,1,-0.006,0,0,0,0,0,0,0,0
3827,0.103,0.119,0.001,1,1,-0.008,0,0,0,0,0,0,0,0
3828,0.105,0.119,0.001,1,1,-0.008,0,0,0,0,0,0,0,0
3829,0.107,0.119,0.001,1,1,-0.008,0,0,0,0,0,0,0,0
3830,0.109,0.119,0.001,1,1,-0.008,0,0,0,0,0,0,0,0
3831,0.111,0.119,0.001,1,1,-0.008,0,0,0,0,0,0,0,0
3832,0.113,0.119,0.001,1,1,-0.008,0,0,0,0,0,0,0,0
3833,0.115,0.119,0.001,1,1,-0.008,0,0,0,0,0,0,0,0
3834,0.117,0.119,0.001,1,1,-0.008,0,0,0,0,0,0,0,0
3835,0.119,0.119,0.001,1,1,-0.008,0,0,0,0,0,0,0,0
3836,0.121,0.119,0.001,1,1,-0.008,0,0,0,0,0,0,0,0
3837,0.123,0.119,0.001,1,1,-0.008,0,0,0,0,0,0,0,0
3838,0.125,0.119,0.001,1,1,-0.008,0,0,0,0,0,0,0,0
3839,0.127,0.119,0.001,1,1,-0.008,0,0,0,0,0,0,0,0
3840,0.001,0.121,0.001,1,1,-0.01,0,0,0,0,0,0,0,0
3841,0.003,0.121,0.001,1,1,-0.01,0,0,0,0,0,0,0,0
3842,0.005,0.121,0.001,1,1,-0.01,0,0,0,0,0,0,0,0
3843,0.007,0.121,0.001,1,1,-0.01,0,0,0,0,0,0,0,0
3844,0.009,0.121,0.001,1,1,-0.01,0,0,0,0,0,0,0,0
3845,0.011,0.121,0.001,1,1,-0.01,0,0,0,0,0,0,0,0
3846,0.013,0.121,0.001,1,1,-0.01,0,0,0,0,0,0,0,0
3847,0.015,0.121,0.001,1,1,-0.01,0,0,0,0,0,0,0,0
3848,0.017,0.121,0.001,1,1,-0.01,0,0,0,0,0,0,0,0
3849,0.019,0.121,0.001,1,1,-0.01,0,0,0,0,0,0,0,0
3850,0.021,0.121,0.001,1,1,-0.01,0,0,0,0,0,0,0,0
3851,0.023,0.121,0.001,1,1,-0.01,0,0,0,0,0,0,0,0
3852,0.025,0.121,0.001,1,1,-0.008,0,0,0,0,0,0,0,0
3853,0.027,0.121,0.001,1,1,-0.006,0,0,0,0,0,0,0,0
3854,0.029,0.121,0.001,1,1,-0.004,0,0,0,0,0,0,0,0
3855,0.031,0.121,0.001,1,1,-0.002,1,0,0,0,0,0,0,0.666667
3856,0.033,0.121,0.001,0.208609,1,0.002,1,0,0,0,0,0,0,0.666667
3857,0.035,0.121,0.001,0,0,0.004,0,0,0,0,0,0,0,0
3858,0.037,0.121,0.001,0,0,0.006,0,0,0,0,0,0,0,0
3859,0.039,0.121,0.001,0,0,0.008,0,0,0,0,0,0,0,0
3860,0.041,0.121,0.001,0,0,0.01,0,0,0,0,0,0,0,0
3861,0.043,0.121,0.001,0,0,0.0116619,0,0,0,0,0,0,0,0
3862,0.045,0.121,0.001,0,0,0.0107703,0,0,0,0,0,0,0,0
3863,0.047,0.121,0.001,0,0,0.010198,0,0,0,0,0,0,0,0
3864,0.049,0.121,0.001,0,0,0.01,0,0,0,0,0,0,0,0
3865,0.051,0.121,0.001,0,0,0.01,0,0,0,0,0,0,0,0
3866,0.053,0.121,0.001,0,0,0.01,0,0,0,0,0,0,0,0
3867,0.055,0.121,0.001,0,0,0.01,0,0,0,0,0,0,0,0
3868,0.057,0.121,0.001,0,0,0.01,0,0,0,0,0,0,0,0
3869,0.059,0.121,0.001,0,0,0.01,0,0,0,0,0,0,0,0
3870,0.061,0.121,0.001,0,0,0.01,0,0,0,0,0,0,0,0
3871,0.063,0.121,0.001,0,0,0.01,0,0,0,0,0,0,0,0
3872,0.065,0.121,0.001,0,0,0.010198,0,0,0,0,0,0,0,0
3873,0.067,0.121,0.001,0,0,0.0107703,0,0,0,0,0,0,0,0
3874,0.069,0.121,0.001,0,0,0.0116619,0,0,0,0,0,0,0,0
3875,0.071,0.121,0.001,0,0,0.0128062,0,0,0,0,0,0,0,0
3876,0.073,0.121,0.001,0,0,0.0141421,0,0,0,0,0,0,0,0
3877,0.075,0.121,0.001,0,0,0.0156205,0,0,0,0,0,0,0,0
3878,0.077,0.121,0.001,0,0,0.0172047,0,0,0,0,0,0,0,0
3879,0.079,0.121,0.001,0,0,0.018,0,0,0,0,0,0,0,0
3880,0.081,0.121,0.001,0,0,0.016,0,0,0,0,0,0,0,0
3881,0.083,0.121,0.001,0,0,0.014,0,0,0,0,0,0,0,0
3882,0.085,0.121,0.001,0,0,0.012,0,0,0,0,0,0,0,0
3883,0.087,0.121,0.001,0,0,0.01,0,0,0,0,0,0,0,0
3884,0.089,0.121,0.001,0,0,0.008,0,0,0,0,0,0,0,0
3885,0.091,0.121,0.001,0,0,0.006,0,0,0,0,0,0,0,0
3886,0.093,0.121,0.001,0,0,0.004,0,0,0,0,0,0,0,0
3887,0.095,0.121,0.001,0.208609,1,0.002,1,0,0,0,0,0,0,0.666667
3888,0.097,0.121,0.001,1,1,-0.002,1,0,0,0,0,0,0,0.666667
3889,0.099,0.121,0.001,1,1,-0.004,0,0,0,0,0,0,0,0
3890,0.101,0.121,0.001,1,1,-0.006,0,0,0,0,0,0,0,0
3891,0.103,0.121,0.001,1,1,-0.008,0,0,0,0,0,0,0,0
3892,0.105,0.121,0.001,1,1,-0.01,0,0,0,0,0,0,0,0
3893,0.107,0.121,0.001,1,1,-0.01,0,0,0,0,0,0,0,0
3894,0.109,0.121,0.001,1,1,-0.01,0,0,0,0,0,0,0,0
3895,0.111,0.121,0.001,1,1,-0.01,0,0,0,0,0,0,0,0
3896,0.113,0.121,0.001,1,1,-0.01,0,0,0,0,0,0,0,0
3897,0.115,0.121,0.001,1,1,-0.01,0,0,0,0,0,0,0,0
3898,0.117,0.121,0.001,1,1,-0.01,0,0,0,0,0,0,0,0
3899,0.119,0.121,0.001,1,1,-0.01,0,0,0,0,0,0,0,0
3900,0.121,0.121,0.001,1,1,-0.01,0,0,0,0,0,0,0,0
3901,0.123,0.121,0.001,1,1,-0.01,0,0,0,0,0,0,0,0
3902,0.125,0.121,0.001,1,1,-0.01,0,0,0,0,0,0,0,0
3903,0.127,0.121,0.001,1,1,-0.01,0,0,0,0,0,0,0,0
3904,0.001,0.123,0.001,1,1,-0.012,0,0,0,0,0,0,0,0
3905,0.003,0.123,0.001,1,1,-0.012,0,0,0,0,0,0,0,0
3906,0.005,0.123,0.001,1,1,-0.012,0,0,0,0,0,0,0,0
3907,0.007,0.123,0.001,1,1,-0.012,0,0,0,0,0,0,0,0
3908,0.009,0.123,0.001,1,1,-0.012,0,0,0,0,0,0,0,0
3909,0.011,0.123,0.001,1,1,-0.012,0,0,0,0,0,0,0,0
3910,0.013,0.123,0.001,1,1,-0.012,0,0,0,0,0,0,0,0
3911,0.015,0.123,0.001,1,1,-0.012,0,0,0,0,0,0,0,0
3912,0.017,0.123,0.001,1,1,-0.012,0,0,0,0,0,0,0,0
3913,0.019,0.123,0.001,1,1,-0.012,0,0,0,0,0,0,0,0
3914,0.021,0.123,0.001,1,1,-0.012,0,0,0,0,0,0,0,0
3915,0.023,0.123,0.001,1,1,-0.01,0,0,0,0,0,0,0,0
3916,0.025,0.123,0.001,1,1,-0.008,0,0,0,0,0,0,0,0
3917,0.027,0.123,0.001,1,1,-0.006,0,0,0,0,0,0,0,0
3918,0.029,0.123,0.001,1,1,-0.004,0,0,0,0,0,0,0,0
3919,0.031,0.123,0.001,1,1,-0.002,1,0,0,0,0,0,0,0.666667
3920,0.033,0.123,0.001,0.208609,1,0.002,1,0,0,0,0,0,0,0.666667
3921,0.035,0.123,0.001,0,0,0.004,0,0,0,0,0,0,0,0
3922,0.037,0.123,0.001,0,0,0.006,0,0,0,0,0,0,0,0
3923,0.039,0.123,0.001,0,0,0.008,0,0,0,0,0,0,0,0
3924,0.041,0.123,0.001,0,0,0.01,0,0,0,0,0,0,0,0
3925,0.043,0.123,0.001,0,0,0.012,0,0,0,0,0,0,0,0
3926,0.045,0.123,0.001,0,0,0.0126491,0,0,0,0,0,0,0,0
3927,0.047,0.123,0.001,0,0,0.0121655,0,0,0,0,0,0,0,0
3928,0.049,0.123,0.001,0,0,0.012,0,0,0,0,0,0,0,0
3929,0.051,0.123,0.001,0,0,0.012,0,0,0,0,0,0,0,0
3930,0.053,0.123,0.001,0,0,0.012,0,0,0,0,0,0,0,0
3931,0.055,0.123,0.001,0,0,0.012,0,0,0,0,0,0,0,0
3932,0.057,0.123,0.001,0,0,0.012,0,0,0,0,0,0,0,0
3933,0.059,0.123,0.001,0,0,0.012,0,0,0,0,0,0,0,0
3934,0.061,0.123,0.001,0,0,0.012,0,0,0,0,0,0,0,0
3935,0.063,0.123,0.001,0,0,0.012,0,0,0,0,0,0,0,0
3936,0.065,0.123,0.001,0,0,0.0121655,0,0,0,0,0,0,0,0
3937,0.067,0.123,0.001,0,0,0.0126491,0,0,0,0,0,0,0,0
3938,0.069,0.123,0.001,0,0,0.0134164,0,0,0,0,0,0,0,0
3939,0.071,0.123,0.001,0,0,0.0144222,0,0,0,0,0,0,0,0
3940,0.073,0.123,0.001,0,0,0.0156205,0,0,0,0,0,0,0,0
3941,0.075,0.123,0.001,0,0,0.0169706,0,0,0,0,0,0,0,0
3942,0.077,0.123,0.001,0,0,0.0184391,0,0,0,0,0,0,0,0
3943,0.079,0.123,0.001,0,0,0.018,0,0,0,0,0,0,0,0
3944,0.081,0.123,0.001,0,0,0.016,0,0,0,0,0,0,0,0
3945,0.083,0.123,0.001,0,0,0.014,0,0,0,0,0,0,0,0
3946,0.085,0.123,0.001,0,0,0.012,0,0,0,0,0,0,0,0
3947,0.087,0.123,0.001,0,0,0.01,0,0,0,0,0,0,0,0
3948,0.089,0.123,0.001,0,0,0.008,0,0,0,0,0,0,0,0
3949,0.091,0.123,0.001,0,0,0.006,0,0,0,0,0,0,0,0
3950,0.093,0.123,0.001,0,0,0.004,0,0,0,0,0,0,0,0
3951,0.095,0.123,0.001,0.208609,1,0.002,1,0,0,0,0,0,0,0.666667
3952,0.097,0.123,0.001,1,1,-0.002,1,0,0,0,0,0,0,0.666667
3953,0.099,0.123,0.001,1,1,-0.004,0,0,0,0,0,0,0,0
3954,0.101,0.123,0.001,1,1,-0.006,0,0,0,0,0,0,0,0
3955,0.103,0.123,0.001,1,1,-0.008,0,0,0,0,0,0,0,0
3956,0.105,0.123,0.001,1,1,-0.01,0,0,0,0,0,0,0,0
3957,0.107,0.123,0.001,1,1,-0.012,0,0,0,0,0,0,0,0
3958,0.109,0.123,0.001,1,1,-0.012,0,0,0,0,0,0,0,0
3959,0.111,0.123,0.001,1,1,-0.012,0,0,0,0,0,0,0,0
3960,0.113,0.123,0.001,1,1,-0.012,0,0,0,0,0,0,0,0
3961,0.115,0.123,0.001,1,1,-0.012,0,0,0,0,0,0,0,0
3962,0.117,0.123,0.001,1,1,-0.012,0,0,0,0,0,0,0,0
3963,0.119,0.123,0.001,1,1,-0.012,0,0,0,0,0,0,0,0
3964,0.121,0.123,0.001,1,1,-0.012,0,0,0,0,0,0,0,0
3965,0.123,0.123,0.001,1,1,-0.012,0,0,0,0,0,0,0,0
3966,0.125,0.123,0.001,1,1,-0.012,0,0,0,0,0,0,0,0
3967,0.127,0.123,0.001,1,1,-0.012,0,0,0,0,0,0,0,0
3968,0.001,0.125,0.001,1,1,-0.014,0,0,0,0,0,0,0,0
3969,0.003,0.125,0.001,1,1,-0.014,0,0,0,0,0,0,0,0
3970,0.005,0.125,0.001,1,1,-0.014,0,0,0,0,0,0,0,0
3971,0.007,0.125,0.001,1,1,-0.014,0,0,0,0,0,0,0,0
3972,0.009,0.125,0.001,1,1,-0.014,0,0,0,0,0,0,0,0
3973,0.011,0.125,0.001,1,1,-0.014,0,0,0,0,0,0,0,0
3974,0.013,0.125,0.001,1,1,-0.014,0,0,0,0,0,0,0,0
3975,0.015,0.125,0.001,1,1,-0.014,0,0,0,0,0,0,0,0
3976,0.017,0.125,0.001,1,1,-0.014,0,0,0,0,0,0,0,0
3977,0.019,0.125,0.001,1,1,-0.014,0,0,0,0,0,0,0,0
3978,0.021,0.125,0.001,1,1,-0.012,0,0,0,0,0,0,0,0
3979,0.023,0.125,0.001,1,1,-0.01,0,0,0,0,0,0,0,0
3980,0.025,0.125,0.001,1,1,-0.008,0,0,0,0,0,0,0,0
3981,0.027,0.125,0.001,1,1,-0.006,0,0,0,0,0,0,0,0
3982,0.029,0.125,0.001,1,1,-0.004,0,0,0,0,0,0,0,0
3983,0.031,0.125,0.001,1,1,-0.002,1,0,0,0,0,0,0,0.666667
3984,0.033,0.125,0.001,0.208609,1,0.002,1,0,0,0,0,0,0,0.666667
3985,0.035,0.125,0.001,0,0,0.004,0,0,0,0,0,0,0,0
3986,0.037,0.125,0.001,0,0,0.006,0,0,0,0,0,0,0,0
3987,0.039,0.125,0.001,0,0,0.008,0,0,0,0,0,0,0,0
3988,0.041,0.125,0.001,0,0,0.01,0,0,0,0,0,0,0,0
3989,0.043,0.125,0.001,0,0,0.012,0,0,0,0,0,0,0,0
3990,0.045,0.125,0.001,0,0,0.014,0,0,0,0,0,0,0,0
3991,0.047,0.125,0.001,0,0,0.0141421,0,0,0,0,0,0,0,0
3992,0.049,0.125,0.001,0,0,0.014,0,0,0,0,0,0,0,0
3993,0.051,0.125,0.001,0,0,0.014,0,0,0,0,0,0,0,0
3994,0.053,0.125,0.001,0,0,0.014,0,0,0,0,0,0,0,0
3995,0.055,0.125,0.001,0,0,0.014,0,0,0,0,0,0,0,0
3996,0.057,0.125,0.001,0,0,0.014,0,0,0,0,0,0,0,0
3997,0.059,0.125,0.001,0,0,0.014,0,0,0,0,0,0,0,0
3998,0.061,0.125,0.001,0,0,0.014,0,0,0,0,0,0,0,0
3999,0.063,0.125,0.001,0,0,0.014,0,0,0,0,0,0,0,0
4000,0.065,0.125,0.001,0,0,0.0141421,0,0,0,0,0,0,0,0
4001,0.067,0.125,0.001,0,0,0.0145602,0,0,0,0,0,0,0,0
4002,0.069,0.125,0.001,0,0,0.0152315,0,0,0,0,0,0,0,0
4003,0.071,0.125,0.001,0,0,0.0161245,0,0,0,0,0,0,0,0
4004,0.073,0.125,0.001,0,0,0.0172047,0,0,0,0,0,0,0,0
4005,0.075,0.125,0.001,0,0,0.0184391,0,0,0,0,0,0,0,0
4006,0.077,0.125,0.001,0,0,0.019799,0,0,0,0,0,0,0,0
4007,0.079,0.125,0.001,0,0,0.018,0,0,0,0,0,0,0,0
4008,0.081,0.125,0.001,0,0,0.016,0,0,0,0,0,0,0,0
4009,0.083,0.125,0.001,0,0,0.014,0,0,0,0,0,0,0,0
4010,0.085,0.125,0.001,0,0,0.012,0,0,0,0,0,0,0,0
4011,0.087,0.125,0.001,0,0,0.01,0,0,0,0,0,0,0,0
4012,0.089,0.125,0.001,0,0,0.008,0,0,0,0,0,0,0,0
4013,0.091,0.125,0.001,0,0,0.006,0,0,0,0,0,0,0,0
4014,0.093,0.125,0.001,0,0,0.004,0,0,0,0,0,0,0,0
4015,0.095,0.125,0.001,0.208609,1,0.002,1,0,0,0,0,0,0,0.666667
4016,0.097,0.125,0.001,1,1,-0.002,1,0,0,0,0,0,0,0.666667
4017,0.099,0.125,0.001,1,1,-0.004,0,0,0,0,0,0,0,0
4018,0.101,0.125,0.001,1,1,-0.006,0,0,0,0,0,0,0,0
4019,0.103,0.125,0.001,1,1,-0.008,0,0,0,0,0,0,0,0
4020,0.105,0.125,0.001,1,1,-0.01,0,0,0,0,0,0,0,0
4021,0.107,0.125,0.001,1,1,-0.012,0,0,0,0,0,0,0,0
4022,0.109,0.125,0.001,1,1,-0.014,0,0,0,0,0,0,0,0
4023,0.111,0.125,0.001,1,1,-0.014,0,0,0,0,0,0,0,0
4024,0.113,0.125,0.001,1,1,-0.014,0,0,0,0,0,0,0,0
4025,0.115,0.125,0.001,1,1,-0.014,0,0,0,0,0,0,0,0
4026,0.117,0.125,0.001,1,1,-0.014,0,0,0,0,0,0,0,0
4027,0.119,0.125,0.001,1,1,-0.014,0,0,0,0,0,0,0,0
4028,0.121,0.125,0.001,1,1,-0.014,0,0,0,0,0,0,0,0
4029,0.123,0.125,0.001,1,1,-0.014,0,0,0,0,0,0,0,0
4030,0.125,0.125,0.001,1,1,-0.014,0,0,0,0,0,0,0,0
4031,0.127,0.125,0.001,1,1,-0.014,0,0,0,0,0,0,0,0
4032,0.001,0.127,0.001,1,1,-0.016,0,0,0,0,0,0,0,0
4033,0.003,0.127,0.001,1,1,-0.016,0,0,0,0,0,0,0,0
4034,0.005,0.127,0.001,1,1,-0.016,0,0,0,0,0,0,0,0
4035,0.007,0.127,0.001,1,1,-0.016,0,0,0,0,0,0,0,0
4036,0.009,0.127,0.001,1,1,-0.016,0,0,0,0,0,0,0,0
4037,0.011,0.127,0.001,1,1,-0.016,0,0,0,0,0,0,0,0
4038,0.013,0.127,0.001,1,1,-0.016,0,0,0,0,0,0,0,0
4039,0.015,0.127,0.001,1,1,-0.016,0,0,0,0,0,0,0,0
4040,0.017,0.127,0.001,1,1,-0.016,0,0,0,0,0,0,0,0
4041,0.019,0.127,0.001,1,1,-0.014,0,0,0,0,0,0,0,0
4042,0.021,0.127,0.001,1,1,-0.012,0,0,0,0,0,0,0,0
4043,0.023,0.127,0.001,1,1,-0.01,0,0,0,0,0,0,0,0
4044,0.025,0.127,0.001,1,1,-0.008,0,0,0,0,0,0,0,0
4045,0.027,0.127,0.001,1,1,-0.006,0,0,0,0,0,0,0,0
4046,0.029,0.127,0.001,1,1,-0.004,0,0,0,0,0,0,0,0
4047,0.031,0.127,0.001,1,1,-0.002,1,0,0,0,0,0,0,0.666667
4048,0.033,0.127,0.001,0.208609,1,0.002,1,0,0,0,0,0,0,0.666667
4049,0.035,0.127,0.001,0,0,0.004,0,0,0,0,0,0,0,0
4050,0.037,0.127,0.001,0,0,0.006,0,0,0,0,0,0,0,0
4051,0.039,0.127,0.001,0,0,0.008,0,0,0,0,0,0,0,0
4052,0.041,0.127,0.001,0,0,0.01,0,0,0,0,0,0,0,0
4053,0.043,0.127,0.001,0,0,0.012,0,0,0,0,0,0,0,0
4054,0.045,0.127,0.001,0,0,0.014,0,0,0,0,0,0,0,0
4055,0.047,0.127,0.001,0,0,0.016,0,0,0,0,0,0,0,0
4056,0.049,0.127,0.001,0,0,0.016,0,0,0,0,0,0,0,0
4057,0.051,0.127,0.001,0,0,0.016,0,0,0,0,0,0,0,0
4058,0.053,0.127,0.001,0,0,0.016,0,0,0,0,0,0,0,0
4059,0.055,0.127,0.001,0,0,0.016,0,0,0,0,0,0,0,0
4060,0.057,0.127,0.001,0,0,0.016,0,0,0,0,0,0,0,0
4061,0.059,0.127,0.001,0,0,0.016,0,0,0,0,0,0,0,0
4062,0.061,0.127,0.001,0,0,0.016,0,0,0,0,0,0,0,0
4063,0.063,0.127,0.001,0,0,0.016,0,0,0,0,0,0,0,0
4064,0.065,0.127,0.001,0,0,0.0161245,0,0,0,0,0,0,0,0
4065,0.067,0.127,0.001,0,0,0.0164924,0,0,0,0,0,0,0,0
4066,0.069,0.127,0.001,0,0,0.017088,0,0,0,0,0,0,0,0
4067,0.071,0.127,0.001,0,0,0.0178885,0,0,0,0,0,0,0,0
4068,0.073,0.127,0.001,0,0,0.018868,0,0,0,0,0,0,0,0
4069,0.075,0.127,0.001,0,0,0.02,0,0,0,0,0,0,0,0
4070,0.077,0.127,0.001,0,0,0.02,0,0,0,0,0,0,0,0
4071,0.079,0.127,0.001,0,0,0.018,0,0,0,0,0,0,0,0
4072,0.081,0.127,0.001,0,0,0.016,0,0,0,0,0,0,0,0
4073,0.083,0.127,0.001,0,0,0.014,0,0,0,0,0,0,0,0
4074,0.085,0.127,0.001,0,0,0.012,0,0,0,0,0,0,0,0
4075,0.087,0.127,0.001,0,0,0.01,0,0,0,0,0,0,0,0
4076,0.089,0.127,0.001,0,0,0.008,0,0,0,0,0,0,0,0
4077,0.091,0.127,0.001,0,0,0.006,0,0,0,0,0,0,0,0
4078,0.093,0.127,0.001,0,0,0.004,0,0,0,0,0,0,0,0
4079,0.095,0.127,0.001,0.208609,1,0.002,1,0,0,0,0,0,0,0.666667
4080,0.097,0.127,0.001,1,1,-0.002,1,0,0,0,0,0,0,0.666667
4081,0.099,0.127,0.001,1,1,-0.004,0,0,0,0,0,0,0,0
4082,0.101,0.127,0.001,1,1,-0.006,0,0,0,0,0,0,0,0
4083,0.103,0.127,0.001,1,1,-0.008,0,0,0,0,0,0,0,0
4084,0.105,0.127,0.001,1,1,-0.01,0,0,0,0,0,0,0,0
4085,0.107,0.127,0.001,1,1,-0.012,0,0,0,0,0,0,0,0
4086,0.109,0.127,0.001,1,1,-0.014,0,0,0,0,0,0,0,0
4087,0.111,0.127,0.001,1,1,-0.016,0,0,0,0,0,0,0,0
4088,0.113,0.127,0.001,1,1,-0.016,0,0,0,0,0,0,0,0
4089,0.115,0.127,0.001,1,1,-0.016,0,0,0,0,0,0,0,0
4090,0.117,0.127,0.001,1,1,-0.016,0,0,0,0,0,0,0,0
4091,0.119,0.127,0.001,1,1,-0.016,0,0,0,0,0,0,0,0
4092,0.121,0.127,0.001,1,1,-0.016,0,0,0,0,0,0,0,0
4093,0.123,0.127,0.001,1,1,-0.016,0,0,0,0,0,0,0,0
4094,0.125,0.127,0.001,1,1,-0.016,0,0,0,0,0,0,0,0
4095,0.127,0.127,0.001,1,1,-0.016,0,0,0,0,0,0,0,0
